-------------------------------------------------------------------------------
      name:  steplogsmcl
       log:  /Users/brycewang/Documents/GitHub/top5-Econ-Paper-Replications/QJE
> 2019-Minimum-Wages-Low-Wage-Jobs/Results/logs/Appendix_Table_D1.log
  log type:  text
 opened on:  17 Sep 2026, 14:39:37

. 
. *This do file is created by DC on 11/2/2018.
. *****************************************************************************
> ***
. ************      Creating stacked analysis table                      ******
> ***
. *****************************************************************************
> ***
. 
. *The missing estimate is the third column. The following code reproduces it.
. clear

. do "${dofiles}stacked_analysis_event_by_event_FP_confidence_intervals_wage_bi
> ns_clean_controls_QJE.do"

. 
. set more off

. set matsize 11000
set matsize ignored.
    Matrix sizes are no longer limited by c(matsize) in modern Statas.
    Matrix sizes are now limited by edition of Stata.  See limits for more
    details.

. clear *

. use "${data}omega2_sum_of_squared_weights.dta"

. keep statenum quarterdate omega2

. set seed 9856840

. duplicates drop 

Duplicates in terms of all variables

(189,720 observations deleted)

. tempfile omega2

. save `omega2'
file /var/folders/bm/2cq1vtmd5wg6k0vdjfpvbmww0000gn/T//St20660.000001 saved
    as .dta format

. 
. foreach num of numlist 1(1)138{
  2. di "Event no `num'."
  3. *Set seed again so that within event each wage bin will get the errors fro
> m the same states.
. clear 
  4. set obs 1
  5. gen seed = floor(runiform()*10000000)
  6. local seed = seed[1]
  7. di "`seed'"
  8. qui{
  9. use if event==`num' using "${data}stackedevents_regready_pre12.dta",clear
 10. 
. sum quarterdate if F4treat==1
 11. local F4qmin=r(min)
 12. local F4qmax=r(max)
 13. sum treatdate , meanonly
 14. local treatquarterdate  = r(mean)
 15. sum treatedstate, meanonly
 16. local treatstatenum  = r(mean)
 17. 
. gen T=quarterdate>=treatdate
 18. gen D=statenum==treatedstate
 19. gen P_jt = overallpop
 20. 
. tsset eventstate time
 21. rename overallexcessepop above_epop
 22. rename overallmissingepop below_epop
 23. rename overallupperepop upper_epop
 24. rename overalltotalepop all_epop
 25. rename overallm4epop m4_epop
 26. rename overallm3epop m3_epop
 27. rename overallm2epop m2_epop
 28. rename overallm1epop m1_epop
 29. rename overallp0epop p0_epop
 30. rename overallp1epop p1_epop
 31. rename overallp2epop p2_epop
 32. rename overallp3epop p3_epop
 33. rename overallp4epop p4_epop
 34. 
. gen bunching_epop = above_epop + below_epop
 35. rename aveoverallpop avetotalpopulation
 36. 
.                 sum all_epop if cleansample==1  [aw=avetotalpopulation]
 37.                 local epop = r(mean)
 38.                 sum avetotalpopulation if treatedstate==statenum, meanonly
 39.                 local population = r(mean)
 40. 
. bys statenum event: egen states_to_drop = max(control_origeventpost)
 41. drop if states_to_drop!=0 & treatedstatenum!=statenum
 42. assert control_origeventpost==0 if treatedstatenum!=statenum
 43. sum control_origeventpost,meanonly
 44.                 
. 
. gen DD = L0treat + L4treat + L8treat + L12treat + L16treat
 45. gen window = F4treat + L0treat + L4treat + L8treat + L12treat + L16treat
 46. 
. tempfile event`num'data
 47. save    `event`num'data'
 48. * Run DID regression and store eta_jt residuals and subtract F4eta_jt from
>  eta_jt
. local cat_num=0 
 49. 
. 
. 
. foreach cat in m4 m3 m2 m1 p0 p1 p2 p3 p4{
 50. 
. use `event`num'data',clear
 51. local cat_num = `cat_num'-5
 52. reghdfe `cat'_epop DD [aw=avetotalpopulation] if  cleansample==1 , a(i.eve
> nt#i.window i.event#i.statenum i.event#i.time i.event#i.control_origeventpost
>  i.event#control_fedeventpost i.event#control_othereventpost) 
 53. local alpha_hat = _b[DD]
 54. 
. reghdfe `cat'_epop [aw=avetotalpopulation] if  cleansample==1 , a(i.event#i.s
> tatenum i.event#i.time i.event#i.control_origeventpost i.event#control_fedeve
> ntpost i.event#control_othereventpost) residuals(eta_jt)  
 55. gen eta_jt_ref = eta_jt if quarterdate>=`F4qmin' & quarterdate<=`F4qmax' 
 56. levelsof statenum, local(control_states)
 57. foreach ll of local control_states{
 58. sum eta_jt_ref [aw=avetotalpopulation], meanonly, if statenum == `ll'
 59. qui replace eta_jt = eta_jt - r(mean)  if statenum == `ll'
 60. }
 61. 
. * Define parameters to estimate linear combination Wj
. 
. egen P_post=sum(overallpop  ) if DD==1  
 62. egen P_pre=sum(overallpop  ) if DD==0 & treatedstate==statenum
 63. 
. gen temp=(overallpop/P_post) if DD==1   
 64. replace temp=(overallpop/P_pre) if DD==0 & treatedstate==statenum
 65. 
. egen a_1t=mean(temp), by(quarterdate) // this command sets the coefficients o
> f the linear combination Wj derived for j=1 for all other j  
 66. drop temp P_post P_pre
 67. 
. * This variable will generate the linear combination Wj when we summ it for e
> ach j
. gen W=a_1t*eta_jt  if T==1
 68. replace W=-a_1t*eta_jt  if T==0
 69. 
. * Generates the variable to estimate the var(W|M) function.
. merge 1:1 statenum quarterdate using `omega2', nogenerate keep(3) assert(2 3)
 70. gen q=(a_1t^2)*omega2/(P_jt)^2
 71. 
. 
. 
. collapse (mean) D (sum) W q P_jt, by(statenum)
 72.         
.         
. gen W2 = (W)^2
 73.         
. reg W2 q [pw=P_jt] 
 74. predict var_M
 75. local A=_b[_cons]
 76. local B=_b[q]
 77. 
. 
. * Correction for finite N_0 (when the var(W|M) estimate gets negative values)
>    
. summ var_M 
 78. local min=r(min)
 79. 
. replace var_M=1 if `min'<0 & `B'<0
 80. replace var_M=q if `min'<0 & `A'<0
 81.         
. 
. * Generate normalized W_j (var=1)
. gen W_normalized = W/sqrt(var_M)
 82. 
. 
. * Bootstrap: runs the boostrap with 1000 repetitions. To have more repetition
> s, change the number in the definition of matrix B and in the forvalues loop.
. mat B=J(1000,1,.)
 83. 
.         set seed `seed'
 84.         summ state
 85.         local N=r(N)
 86.                 
.         forvalues Round=1(1)1000 {    
 87.         
.         
.                 gen h1=uniform()  
 88.                 gen h2=1 + int((`N'-1+1)*h1)
 89.                         
.                 gen W_tilde_corrected = W_normalized[h2] * sqrt(var_M)  
 90.                                         
.                 
.                 
.                 summ W_tilde_corrected if D==1
 91.                 local treated=r(mean)
 92.         
.                 summ W_tilde_corrected if D==0 [aw=P_jt]
 93.                 local control=r(mean)
 94.                 
.                 mat B[`Round',1]=`treated' - `control'
 95. 
. 
.                 drop h1 h2 *tilde* 
 96.         
.         }
 97. 
. 
.         set more off
 98.         clear 
 99.         svmat B
100.         
.         ** p-value without correction
.                 
.         ** Correction, unknown variance
.                 
.         gen p_FP=B1^2>(`alpha_hat')^2  if B1!=.
101. 
.         summ p_FP
102.         local p_FP = r(mean)
103. 
. 
.         di "DID estimate: `alpha_hat'"
104. 
.         di "p-value with FP correction = `p_FP'"
105.         
.         keep B1
106.         gen event_no=`num'
107.         gen statenum=`treatstatenum'
108.         gen quarterdate = `treatquarterdate'
109.         gen population=`population'
110.         gen epop = `epop'
111.         gen cat = "`cat_num'"
112.         
.         if `num'==1{
113.         save "${data}FP_errors_post_wagebin_`cat'_clean_controls.dta", rep
> lace
114.         }
115.         else{
116.         append using "${data}FP_errors_post_wagebin_`cat'_clean_controls.d
> ta"
117.         compress
118.         save "${data}FP_errors_post_wagebin_`cat'_clean_controls.dta", rep
> lace
119.         
.         }
120.         
.         
.         }
121. }
122. }
Event no 1.
Number of observations (_N) was 0, now 1.
5791047
Event no 2.
Number of observations (_N) was 0, now 1.
4537909
Event no 3.
Number of observations (_N) was 0, now 1.
4168906
Event no 4.
Number of observations (_N) was 0, now 1.
7622746
Event no 5.
Number of observations (_N) was 0, now 1.
2639367
Event no 6.
Number of observations (_N) was 0, now 1.
673438
Event no 7.
Number of observations (_N) was 0, now 1.
6069896
Event no 8.
Number of observations (_N) was 0, now 1.
2682680
Event no 9.
Number of observations (_N) was 0, now 1.
5218217
Event no 10.
Number of observations (_N) was 0, now 1.
7916118
Event no 11.
Number of observations (_N) was 0, now 1.
7021508
Event no 12.
Number of observations (_N) was 0, now 1.
4420733
Event no 13.
Number of observations (_N) was 0, now 1.
5220452
Event no 14.
Number of observations (_N) was 0, now 1.
793937
Event no 15.
Number of observations (_N) was 0, now 1.
1118277
Event no 16.
Number of observations (_N) was 0, now 1.
5586424
Event no 17.
Number of observations (_N) was 0, now 1.
583977
Event no 18.
Number of observations (_N) was 0, now 1.
4656149
Event no 19.
Number of observations (_N) was 0, now 1.
9728745
Event no 20.
Number of observations (_N) was 0, now 1.
3619738
Event no 21.
Number of observations (_N) was 0, now 1.
5716779
Event no 22.
Number of observations (_N) was 0, now 1.
2487362
Event no 23.
Number of observations (_N) was 0, now 1.
7345965
Event no 24.
Number of observations (_N) was 0, now 1.
9750603
Event no 25.
Number of observations (_N) was 0, now 1.
468200
Event no 26.
Number of observations (_N) was 0, now 1.
998957
Event no 27.
Number of observations (_N) was 0, now 1.
8089745
Event no 28.
Number of observations (_N) was 0, now 1.
323587
Event no 29.
Number of observations (_N) was 0, now 1.
194612
Event no 30.
Number of observations (_N) was 0, now 1.
5054141
Event no 31.
Number of observations (_N) was 0, now 1.
924702
Event no 32.
Number of observations (_N) was 0, now 1.
3077887
Event no 33.
Number of observations (_N) was 0, now 1.
6644859
Event no 34.
Number of observations (_N) was 0, now 1.
5640319
Event no 35.
Number of observations (_N) was 0, now 1.
3997572
Event no 36.
Number of observations (_N) was 0, now 1.
2063537
Event no 37.
Number of observations (_N) was 0, now 1.
9270643
Event no 38.
Number of observations (_N) was 0, now 1.
2248178
Event no 39.
Number of observations (_N) was 0, now 1.
4963641
Event no 40.
Number of observations (_N) was 0, now 1.
7986225
Event no 41.
Number of observations (_N) was 0, now 1.
8018903
Event no 42.
Number of observations (_N) was 0, now 1.
2397918
Event no 43.
Number of observations (_N) was 0, now 1.
679624
Event no 44.
Number of observations (_N) was 0, now 1.
785793
Event no 45.
Number of observations (_N) was 0, now 1.
1859956
Event no 46.
Number of observations (_N) was 0, now 1.
4706767
Event no 47.
Number of observations (_N) was 0, now 1.
8572361
Event no 48.
Number of observations (_N) was 0, now 1.
5544113
Event no 49.
Number of observations (_N) was 0, now 1.
4810854
Event no 50.
Number of observations (_N) was 0, now 1.
9495193
Event no 51.
Number of observations (_N) was 0, now 1.
4629101
Event no 52.
Number of observations (_N) was 0, now 1.
4087564
Event no 53.
Number of observations (_N) was 0, now 1.
1589771
Event no 54.
Number of observations (_N) was 0, now 1.
3717192
Event no 55.
Number of observations (_N) was 0, now 1.
8934329
Event no 56.
Number of observations (_N) was 0, now 1.
1275008
Event no 57.
Number of observations (_N) was 0, now 1.
6443117
Event no 58.
Number of observations (_N) was 0, now 1.
4315548
Event no 59.
Number of observations (_N) was 0, now 1.
5629258
Event no 60.
Number of observations (_N) was 0, now 1.
7041943
Event no 61.
Number of observations (_N) was 0, now 1.
5328374
Event no 62.
Number of observations (_N) was 0, now 1.
1785623
Event no 63.
Number of observations (_N) was 0, now 1.
1596516
Event no 64.
Number of observations (_N) was 0, now 1.
7894465
Event no 65.
Number of observations (_N) was 0, now 1.
4180674
Event no 66.
Number of observations (_N) was 0, now 1.
7328964
Event no 67.
Number of observations (_N) was 0, now 1.
6242128
Event no 68.
Number of observations (_N) was 0, now 1.
1475586
Event no 69.
Number of observations (_N) was 0, now 1.
2063961
Event no 70.
Number of observations (_N) was 0, now 1.
5528010
Event no 71.
Number of observations (_N) was 0, now 1.
1005236
Event no 72.
Number of observations (_N) was 0, now 1.
7934327
Event no 73.
Number of observations (_N) was 0, now 1.
845064
Event no 74.
Number of observations (_N) was 0, now 1.
9890268
Event no 75.
Number of observations (_N) was 0, now 1.
3269620
Event no 76.
Number of observations (_N) was 0, now 1.
8613533
Event no 77.
Number of observations (_N) was 0, now 1.
150355
Event no 78.
Number of observations (_N) was 0, now 1.
7404936
Event no 79.
Number of observations (_N) was 0, now 1.
9592263
Event no 80.
Number of observations (_N) was 0, now 1.
3331934
Event no 81.
Number of observations (_N) was 0, now 1.
291606
Event no 82.
Number of observations (_N) was 0, now 1.
9778758
Event no 83.
Number of observations (_N) was 0, now 1.
4985044
Event no 84.
Number of observations (_N) was 0, now 1.
2201338
Event no 85.
Number of observations (_N) was 0, now 1.
1046235
Event no 86.
Number of observations (_N) was 0, now 1.
47650
Event no 87.
Number of observations (_N) was 0, now 1.
3350372
Event no 88.
Number of observations (_N) was 0, now 1.
1029189
Event no 89.
Number of observations (_N) was 0, now 1.
2966685
Event no 90.
Number of observations (_N) was 0, now 1.
7578888
Event no 91.
Number of observations (_N) was 0, now 1.
3099433
Event no 92.
Number of observations (_N) was 0, now 1.
5102676
Event no 93.
Number of observations (_N) was 0, now 1.
1775530
Event no 94.
Number of observations (_N) was 0, now 1.
9785364
Event no 95.
Number of observations (_N) was 0, now 1.
5516077
Event no 96.
Number of observations (_N) was 0, now 1.
5980735
Event no 97.
Number of observations (_N) was 0, now 1.
4966870
Event no 98.
Number of observations (_N) was 0, now 1.
7461094
Event no 99.
Number of observations (_N) was 0, now 1.
1609758
Event no 100.
Number of observations (_N) was 0, now 1.
439307
Event no 101.
Number of observations (_N) was 0, now 1.
6457965
Event no 102.
Number of observations (_N) was 0, now 1.
9190612
Event no 103.
Number of observations (_N) was 0, now 1.
1014491
Event no 104.
Number of observations (_N) was 0, now 1.
125484
Event no 105.
Number of observations (_N) was 0, now 1.
8931121
Event no 106.
Number of observations (_N) was 0, now 1.
6022489
Event no 107.
Number of observations (_N) was 0, now 1.
5541867
Event no 108.
Number of observations (_N) was 0, now 1.
5041918
Event no 109.
Number of observations (_N) was 0, now 1.
5957152
Event no 110.
Number of observations (_N) was 0, now 1.
2981129
Event no 111.
Number of observations (_N) was 0, now 1.
1041145
Event no 112.
Number of observations (_N) was 0, now 1.
8504061
Event no 113.
Number of observations (_N) was 0, now 1.
7791741
Event no 114.
Number of observations (_N) was 0, now 1.
550576
Event no 115.
Number of observations (_N) was 0, now 1.
3849395
Event no 116.
Number of observations (_N) was 0, now 1.
3084184
Event no 117.
Number of observations (_N) was 0, now 1.
2892070
Event no 118.
Number of observations (_N) was 0, now 1.
1096466
Event no 119.
Number of observations (_N) was 0, now 1.
5029393
Event no 120.
Number of observations (_N) was 0, now 1.
9950538
Event no 121.
Number of observations (_N) was 0, now 1.
7318511
Event no 122.
Number of observations (_N) was 0, now 1.
9689840
Event no 123.
Number of observations (_N) was 0, now 1.
984636
Event no 124.
Number of observations (_N) was 0, now 1.
8927180
Event no 125.
Number of observations (_N) was 0, now 1.
7589434
Event no 126.
Number of observations (_N) was 0, now 1.
5621125
Event no 127.
Number of observations (_N) was 0, now 1.
8698418
Event no 128.
Number of observations (_N) was 0, now 1.
3205154
Event no 129.
Number of observations (_N) was 0, now 1.
2415359
Event no 130.
Number of observations (_N) was 0, now 1.
9798352
Event no 131.
Number of observations (_N) was 0, now 1.
8336883
Event no 132.
Number of observations (_N) was 0, now 1.
2255732
Event no 133.
Number of observations (_N) was 0, now 1.
1803971
Event no 134.
Number of observations (_N) was 0, now 1.
361771
Event no 135.
Number of observations (_N) was 0, now 1.
2218345
Event no 136.
Number of observations (_N) was 0, now 1.
485817
Event no 137.
Number of observations (_N) was 0, now 1.
6766944
Event no 138.
Number of observations (_N) was 0, now 1.
5501029

. *
. *
. 
end of do-file

. do "${dofiles}stacked_events_event_specific_regressions_DC_fulltable_clean_co
> ntrols_QJE.do"

. set more off

. set trace off

. set matsize 11000
set matsize ignored.
    Matrix sizes are no longer limited by c(matsize) in modern Statas.
    Matrix sizes are now limited by edition of Stata.  See limits for more
    details.

. clear all

. 
. do "${dofiles}create_programs.do"

. 
. *This do file is created by DC on 06/28/2016.
. *****************************************************************************
> ***
. ************      Program do file              ******************************
> ***
. *****************************************************************************
> ***
. *This do file creates necessary programs to run do files. 
. *INCOMPLETE! 
. *Requires a readme file to explain what options can/need be specified and wha
> t is the default.
. *The order of the programs is as follows:
. *1) nlcomestadd
. *2) lincomestadd
. *3) treatmentcontrolwindows
. *4) quantperswindows
. *5) treatmentdefinition
. *6) abovebelowbunch
. *7) abovebelowfull
. *8) abovebelowWBbunch (all three methods)
. *9) abovebelowWBfull
. *10) makefigure_massbywagebin
. *11) makefigure_massovertime
. *12) makefigure_chovertime                                                   
>                                                            // This is employm
> ent related change (Figure 7).
. *13) makefigure_chovertimeWB                                                 
>                                                    // This is wage related ch
> ange (Figure 6).
. *14) abovebelowqpersbunch
. *15) abovebelowqpersfull
. *16) abovebelowWBqpersbunch
. *17) abovebelowWBqpersfull
. *18) correctaggcont
. *19) placebowindows1
. *20) placebowindows2
. *NEW!!
. *21) finertreatmentwindow
. *22) finertreatmentdefinition
. *23) finerabovebelowbunch
. *24) finerabovebelowWBbunch
. *25) data_reweight
. *****************************************************************************
> ***
. *********************      Do files for Tables              *****************
> ***
. *****************************************************************************
> ***
. 
. 
. capture program drop nlcomestadd

. program define nlcomestadd
  1. syntax anything, statname(name) dof(real)
  2. 
. nlcom `anything' 
  3. mat temp1 = r(b)
  4. scalar temp1 = temp1[1,1]
  5. mat temp2 = r(V)
  6. scalar temp2 = sqrt(temp2[1,1])
  7. local pvalue = 2*ttail(`dof', abs((temp1)/temp2))
  8. assert `pvalue' ~= .
  9. local b : di  %04.3f `=temp1'
 10. local se : di %04.3f `=temp2'
 11. scalar drop temp1 temp2
 12. 
. local stars ""
 13. if `pvalue' < 0.10 local stars *
 14. if `pvalue' < 0.05 local stars **
 15. if `pvalue' < 0.01 local stars ***
 16. local bstring `b'`stars'
 17. local sestring (`se')
 18. 
. estadd local `statname'b "`bstring'"
 19. estadd local `statname'se "`sestring'"
 20. 
. end

. 
. 
. *****************************************************************************
> ***
. *****************************************************************************
> ***
. *****************************************************************************
> ***
. 
. capture program drop lincomestadd

. program define lincomestadd
  1. syntax anything, statname(name)
  2. 
. lincom `anything'
  3. local pvalue = 2*ttail(r(df), abs(r(estimate)/r(se)))
  4. assert `pvalue' ~= .
  5. 
. local b : di  %04.3f `r(estimate)'
  6. local se : di %04.3f `r(se)'
  7. 
. local stars ""
  8. if `pvalue' < 0.10 local stars *
  9. if `pvalue' < 0.05 local stars **
 10. if `pvalue' < 0.01 local stars ***
 11. local bstring `b'`stars'
 12. local sestring (`se')
 13. 
. estadd local `statname'b "`bstring'"
 14. estadd local `statname'se "`sestring'"
 15. 
. end

. 
. 
. *****************************************************************************
> ***
. ************     Do file to define treatment globals         ****************
> ***
. *****************************************************************************
> ***
. 
. cap program drop treatmentcontrolwindows

. program define treatmentcontrolwindows
  1. syntax  [, Tmax(real 16) Tmin(real 12) Wmax(real 4) Wmin(real 4)  CONTROLM
> ethod(string) CONTLead(string) CONTROLFmethod(string) Disagg(string)]  
  2. 
.                         *****************************************************
> ***************
.                         ********                Defining defaults for strings
>                     ***********
.                         *****************************************************
> ***************
. 
.                         if "`disagg'" == "" local disagg "N"
  3.                         if "`controlmethod'" == "" local controlmethod "Ab
> sorb"
  4.                         if "`contlead'" == "" local contlead "Y"
  5.                         
. 
. 
.                         *****************************************************
> ***************
.                         ***********************         Treatment Vector     
>       *********
.                         *****************************************************
> ***************
. 
.  global treatafter ""
  6.  global treatbefore ""
  7. 
. forval k = 0(4)`tmax'   {
  8.         if `k' < 0 {
  9.                 local nk = -`k'
 10.                 local K  "F`nk'"
 11.         }       
 12.         
.         
.         if `k' == 0 {
 13.                 local K  ""
 14.         }       
 15.         
.         if `k' > 0 {
 16.                 local K  "L`k'"
 17.         }       
 18.         
.         
.         foreach j of numlist `wmin'(1)1       {
 19.                 global treatafter = "$treatafter `K'treat_m`j'"
 20.         }
 21.         foreach j of numlist  0(1)`wmax' {
 22.                 global treatafter = "$treatafter `K'treat_p`j'"
 23.         }
 24.         }
 25. * 
. forval k = -`tmin'(4)-8   {
 26. if `k'!=-4{
 27.         if `k' < 0 {
 28.                 local nk = -`k'
 29.                 local K  "F`nk'"
 30.         }       
 31.         
.         
.         if `k' == 0 {
 32.                 local K  ""
 33.         }       
 34.         
.         if `k' > 0 {
 35.                 local K  "L`k'"
 36.         }       
 37.         
.         
.         foreach j of numlist `wmin'(1)1       {
 38.                 global treatbefore = "$treatbefore `K'treat_m`j'"
 39.         }
 40.         foreach j of numlist  0(1)`wmax' {
 41.                 global treatbefore = "$treatbefore `K'treat_p`j'"
 42.         }
 43.         }
 44.         
. }
 45. * 
.  
. global controlbefore " "
 46. global controlafter " " 
 47. 
. forval k = 0(4)`tmax'   {
 48.         if `k' < 0 {
 49.                 local nk = -`k'
 50.                 local K  "F`nk'"
 51.         }       
 52.         
.         
.         if `k' == 0 {
 53.                 local K  ""
 54.         }       
 55.         
.         if `k' > 0 {
 56.                 local K  "L`k'"
 57.         }       
 58.         
.         
.         foreach j of numlist `wmin'(1)1       {
 59.                 global controlafter = "$controlafter i.one#c.`K'treat_m`j'
> "
 60.         }
 61.         foreach j of numlist  0(1)`wmax' {
 62.                 global controlafter = "$controlafter i.one#c.`K'treat_p`j'
> "
 63.         }
 64.         }
 65. * 
. forval k = -`tmin'(4)-8   {
 66. if `k'!=-4{
 67.         if `k' < 0 {
 68.                 local nk = -`k'
 69.                 local K  "F`nk'"
 70.         }       
 71.         
.         
.         if `k' == 0 {
 72.                 local K  ""
 73.         }       
 74.         
.         if `k' > 0 {
 75.                 local K  "L`k'"
 76.         }       
 77.         
.         
.         foreach j of numlist `wmin'(1)1       {
 78.                 global controlbefore = "$controlbefore i.one#c.`K'treat_m`
> j'"
 79.         }
 80.         foreach j of numlist  0(1)`wmax' {
 81.                 global controlbefore = "$controlbefore i.one#c.`K'treat_p`
> j'"
 82.         }
 83.         }
 84.         
. }
 85. *
. *****************************************************************************
> ***
. *****************         Control Vector         ****************************
> ***
. *****************************************************************************
> ***
. *Depends on what is specified in the master do file.
. 
. 
. cap drop one
 86. g one =1  
 87. 
. global control = " "
 88. 
. if "`contlead'"=="Nolead"{
 89. if "`disagg'" != "Y" {
 90.         if "`controlmethod'" == "Linear"{
 91. 
.                 global control = "${control} i.one#c.postcont_m   "
 92.                 global control = "${control} i.one#c.postcont_p  "
 93. 
.                 }
 94.         else{
 95. 
.                 global control = "${control} postcont_m  "
 96.                 global control = "${control} postcont_p  "
 97.                 }
 98.         }
 99. else{
100.         if "`controlmethod'" == "Linear"{
101. 
.          forval k = 0(4)`tmax'   {
102.  
.         if `k' < 0 {
103.                 local nk = -`k'
104.                 local K  "F`nk'"
105.         }       
106.         
.         
.         if `k' == 0 {
107.                 local K  ""
108.         }       
109.         
.         if `k' > 0 {
110.                 local K  "L`k'"
111.         }       
112.         
.         
.         foreach j of numlist `wmin'(1)1       {
113.                 global control = "$control i.one#c.`K'cont_m`j' "
114.         }
115.         foreach j of numlist  0(1)`wmax' {
116.                 global control = "$control i.one#c.`K'cont_p`j' "
117.         }
118.         
. }
119. 
.                 } 
120.         else{
121.          forval k = 0(4)`tmax'   {
122.  
.         if `k' < 0 {
123.                 local nk = -`k'
124.                 local K  "F`nk'"
125.         }       
126.         
.         
.         if `k' == 0 {
127.                 local K  ""
128.         }       
129.         
.         if `k' > 0 {
130.                 local K  "L`k'"
131.         }       
132.         
.         
.         foreach j of numlist `wmin'(1)1       {
133.                 global control = "$control `K'cont_m`j' "
134.         }
135.         foreach j of numlist  0(1)`wmax' {
136.                 global control = "$control `K'cont_p`j' "
137.         }
138.         
. }
139. 
.                 }
140.         }
141. 
. }
142. else{
143. if "`disagg'" != "Y" {
144.         if "`controlmethod'" == "Linear"{
145. 
.                 global control = "${control} i.one#c.postcont_m  i.one#c.prec
> ont_m i.one#c.earlycont_m "
146.                 global control = "${control} i.one#c.postcont_p  i.one#c.p
> recont_p  i.one#c.earlycont_p "
147. 
.                 }
148.         else{
149. 
.                 global control = "${control} postcont_m  precont_m  earlycont
> _m "
150.                 global control = "${control} postcont_p  precont_p  earlyc
> ont_p "
151.                 }
152.         }
153. else{
154.         if "`controlmethod'" == "Linear"{
155. 
.          forval k = -`tmin'(4)`tmax'   {
156.  
.         if `k' < 0 {
157.                 local nk = -`k'
158.                 local K  "F`nk'"
159.         }       
160.         
.         
.         if `k' == 0 {
161.                 local K  ""
162.         }       
163.         
.         if `k' > 0 {
164.                 local K  "L`k'"
165.         }       
166.         
.         
.         foreach j of numlist `wmin'(1)1       {
167.                 global control = "$control i.one#c.`K'cont_m`j' "
168.         }
169.         foreach j of numlist  0(1)`wmax' {
170.                 global control = "$control i.one#c.`K'cont_p`j' "
171.         }
172.         
. }
173. 
.                 } 
174.         else{
175.          forval k = -`tmin'(4)`tmax'   {
176.  
.         if `k' < 0 {
177.                 local nk = -`k'
178.                 local K  "F`nk'"
179.         }       
180.         
.         
.         if `k' == 0 {
181.                 local K  ""
182.         }       
183.         
.         if `k' > 0 {
184.                 local K  "L`k'"
185.         }       
186.         
.         
.         foreach j of numlist `wmin'(1)1       {
187.                 global control = "$control `K'cont_m`j' "
188.         }
189.         foreach j of numlist  0(1)`wmax' {
190.                 global control = "$control `K'cont_p`j' "
191.         }
192.         
. }
193. 
.                 }
194.         }
195. }
196. *
. 
. if "`controlmethod'" == "None"{
197. global control = " "
198. }
199. *
. 
.         
.         *********************************************************************
> *******
.         ***************      Define Federal Controls         ****************
> *******
.         *********************************************************************
> *******
. 
. global controlf " "     
200.                 if "`contlead'"=="Nolead"{
201.                         global controlf = "${controlf} postcontf_m  "
202.                         global controlf = "${controlf} postcontf_p  "
203.                 }
204.                 else{
205.                         global controlf = "${controlf} postcontf_m  precon
> tf_m  earlycontf_m "
206.                         global controlf = "${controlf} postcontf_p  precon
> tf_p  earlycontf_p "
207.                 }
208.                 
.                 if "`controlfmethod'" == "None"{
209.                         global controlf = " "
210.                 }
211. *
. 
. *****************************************************************************
> ***
. *****************        Window         *************************************
> ***
. *****************************************************************************
> ***
. 
. global window " "
212.         
.         foreach j of numlist `wmin'(1)1       {
213.                 global window = "$window i.one#c.window_m`j' "
214.         }
215.         foreach j of numlist  0(1)`wmax' {
216.                 global window = "$window i.one#c.window_p`j' "
217.         }
218. 
. 
. 
. end

. 
. 
. 
. 
. 
. *****************************************************************************
> ***
. **********       Program for Quantile and persistent Events            ******
> ***
. *****************************************************************************
> ***
. 
. cap program drop quantperswindows

. program define quantperswindows
  1. syntax  [, Tmax(real 16) Tmin(real 12) Wmax(real 4) Wmin(real 4)  Controlp
> ersmethod(string) Controlqmethod(string) Disaggpers(string) Disaggq(string)] 
  2. 
. 
.                         *****************************************************
> ***************
.                         ********                Defining defaults for strings
>                     ***********
.                         *****************************************************
> ***************
. 
.                         if "`disaggpers'" == "" local disaggpers "Y"
  3.                         if "`disaggq'" == "" local disaggq "Y"            
>       
  4.                         if "`contlead'" == "" local contlead "Y"
  5.                         if "`controlpersmethod'" == "" local controlpersme
> thod "Linear"
  6.                         if "`controlqmethod'" == "" local controlqmethod "
> Absorb"
  7. 
.                         
.                         
.                         
. 
. 
.  global treatpersafter ""
  8.  global treatpersbefore ""
  9.  global treatqafter ""
 10.  global treatqbefore ""
 11.  
. forval k = 0(4)`tmax'   {
 12.         if `k' < 0 {
 13.                 local nk = -`k'
 14.                 local K  "F`nk'"
 15.         }       
 16.         
.         
.         if `k' == 0 {
 17.                 local K  ""
 18.         }       
 19.         
.         if `k' > 0 {
 20.                 local K  "L`k'"
 21.         }       
 22.         
.         
.         
.         foreach j of numlist `wmin'(1)1       {
 23.                 global treatqafter = "$treatqafter `K'treatq_m`j'"
 24.         }
 25.         foreach j of numlist  0(1)`wmax' {
 26.                 global treatqafter = "$treatqafter `K'treatq_p`j'"
 27.         }
 28.         foreach j of numlist `wmin'(1)1       {
 29.                 global treatpersafter = "$treatpersafter `K'treatpers_m`j'
> "
 30.         }
 31.         foreach j of numlist  0(1)`wmax' {
 32.                 global treatpersafter = "$treatpersafter `K'treatpers_p`j'
> "
 33.         }
 34.         }
 35. * 
. forval k = -`tmin'(4)-8   {
 36. if `k'!=-4{
 37.         if `k' < 0 {
 38.                 local nk = -`k'
 39.                 local K  "F`nk'"
 40.         }       
 41.         
.         
.         if `k' == 0 {
 42.                 local K  ""
 43.         }       
 44.         
.         if `k' > 0 {
 45.                 local K  "L`k'"
 46.         }       
 47.         
.         
.         foreach j of numlist `wmin'(1)1       {
 48.                 global treatqbefore = "$treatqbefore `K'treatq_m`j'"
 49.         }
 50.         foreach j of numlist  0(1)`wmax' {
 51.                 global treatqbefore = "$treatqbefore `K'treatq_p`j'"
 52.         }
 53.         foreach j of numlist `wmin'(1)1       {
 54.                 global treatpersbefore = "$treatpersbefore `K'treatpers_m`
> j'"
 55.         }
 56.         foreach j of numlist  0(1)`wmax' {
 57.                 global treatpersbefore = "$treatpersbefore `K'treatpers_p`
> j'"
 58.         }
 59. 
.         }
 60.         
. }
 61. *
. 
.         *********************************************************************
> *******
.         *************      Control Treatments            ********************
> *******
.         *********************************************************************
> *******
. 
.         
.         
. global controlqbefore " "
 62. global controlqafter " " 
 63. global controlpersbefore " "
 64. global controlpersafter " " 
 65. 
. forval k = 0(4)`tmax'   {
 66.         if `k' < 0 {
 67.                 local nk = -`k'
 68.                 local K  "F`nk'"
 69.         }       
 70.         
.         
.         if `k' == 0 {
 71.                 local K  ""
 72.         }       
 73.         
.         if `k' > 0 {
 74.                 local K  "L`k'"
 75.         }       
 76.         
.         
.         foreach j of numlist `wmin'(1)1       {
 77.                 global controlqafter = "$controlqafter i.one#c.`K'treatq_m
> `j'"
 78.         }
 79.         foreach j of numlist  0(1)`wmax' {
 80.                 global controlqafter = "$controlqafter i.one#c.`K'treatq_p
> `j'"
 81.         }
 82.         foreach j of numlist `wmin'(1)1       {
 83.                 global controlpersafter = "$controlpersafter i.one#c.`K'tr
> eatpers_m`j'"
 84.         }
 85.         foreach j of numlist  0(1)`wmax' {
 86.                 global controlpersafter = "$controlpersafter i.one#c.`K'tr
> eatpers_p`j'"
 87.         }
 88.         }
 89. * 
. forval k = -`tmin'(4)-8   {
 90. if `k'!=-4{
 91.         if `k' < 0 {
 92.                 local nk = -`k'
 93.                 local K  "F`nk'"
 94.         }       
 95.         
.         
.         if `k' == 0 {
 96.                 local K  ""
 97.         }       
 98.         
.         if `k' > 0 {
 99.                 local K  "L`k'"
100.         }       
101.         
.         
.         foreach j of numlist `wmin'(1)1       {
102.                 global controlqbefore = "$controlqbefore i.one#c.`K'treatq
> _m`j'"
103.         }
104.         foreach j of numlist  0(1)`wmax' {
105.                 global controlqbefore = "$controlqbefore i.one#c.`K'treatq
> _p`j'"
106.         }
107.         foreach j of numlist `wmin'(1)1       {
108.                 global controlpersbefore = "$controlpersbefore i.one#c.`K'
> treatpers_m`j'"
109.         }
110.         foreach j of numlist  0(1)`wmax' {
111.                 global controlpersbefore = "$controlpersbefore i.one#c.`K'
> treatpers_p`j'"
112.         }
113.         }
114.         
. }
115. *       
. 
. *****************************************************************************
> ***
. ***************    Event specific controls           ************************
> ***
. *****************************************************************************
> ***
. 
. 
. 
. 
. global controlpers ""
116.         
.         if "`controlpersmethod'" != "Absorb"{
117. 
.          forval k = -`tmin'(4)`tmax'   {
118.  
.         if `k' < 0 {
119.                 local nk = -`k'
120.                 local K  "F`nk'"
121.         }       
122.         
.         
.         if `k' == 0 {
123.                 local K  ""
124.         }       
125.         
.         if `k' > 0 {
126.                 local K  "L`k'"
127.         }       
128.         
.         
.         foreach j of numlist `wmin'(1)1       {
129.                 global controlpers = "$controlpers i.one#c.`K'contpers_m`j
> ' "
130.         }
131.         foreach j of numlist  0(1)`wmax' {
132.                 global controlpers = "$controlpers i.one#c.`K'contpers_p`j
> ' "
133.         }
134.         
. }
135. 
.                 } 
136. if "`controlpersmethod'" == "Absorb"{
137.                 if "`disaggpers'"!="Y"{
138. 
.                 global controlpers = "$controlpers earlycontpers_m precontper
> s_m  postcontpers_m"
139.                 global controlpers = "$controlpers earlycontpers_p precont
> pers_p  postcontpers_p"
140.                 }
141.                 else{
142. 
.                 forval k = -`tmin'(4)`tmax'   {
143.  
.         if `k' < 0 {
144.                 local nk = -`k'
145.                 local K  "F`nk'"
146.         }       
147.         
.         
.         if `k' == 0 {
148.                 local K  ""
149.         }       
150.         
.         if `k' > 0 {
151.                 local K  "L`k'"
152.         }       
153.         
.         
.         foreach j of numlist `wmin'(1)1       {
154.                 global controlpers = "$controlpers `K'contpers_m`j' "
155.         }
156.         foreach j of numlist  0(1)`wmax' {
157.                 global controlpers = "$controlpers `K'contpers_p`j' "
158.         }
159.         
. }
160.                 
.                 
.                 }
161. }
162. *
. 
. global controlq " "
163. 
. if "`disaggq'"=="Y"{
164. if "`controlqmethod'" == "Absorb"{
165.          forval k = -`tmin'(4)`tmax'   {
166.  
.         if `k' < 0 {
167.                 local nk = -`k'
168.                 local K  "F`nk'"
169.         }       
170.         
.         
.         if `k' == 0 {
171.                 local K  ""
172.         }       
173.         
.         if `k' > 0 {
174.                 local K  "L`k'"
175.         }       
176.         
.         
.         foreach j of numlist `wmin'(1)1       {
177.                 global controlq = "$controlq `K'contq_m`j' "
178.         }
179.         foreach j of numlist  0(1)`wmax' {
180.                 global controlq = "$controlq `K'contq_p`j' "
181.         }
182.         
.         }
183. }
184. else{
185.          forval k = -`tmin'(4)`tmax'   {
186.  
.         if `k' < 0 {
187.                 local nk = -`k'
188.                 local K  "F`nk'"
189.         }       
190.         
.         
.         if `k' == 0 {
191.                 local K  ""
192.         }       
193.         
.         if `k' > 0 {
194.                 local K  "L`k'"
195.         }       
196.         
.         
.         foreach j of numlist `wmin'(1)1       {
197.                 global controlq = "$controlq i.one#c.`K'contq_m`j' "
198.         }
199.         foreach j of numlist  0(1)`wmax' {
200.                 global controlq = "$controlq i.one#c.`K'contq_p`j' "
201.         }
202.         
. }
203. 
. 
. }
204. }
205. else{
206. 
. 
.                 global controlq = "$controlq earlycontq_m precontq_m  postcon
> tq_m"
207.                 global controlq = "$controlq earlycontq_p precontq_p  post
> contq_p"
208. 
. 
. }
209. *
. 
. end

. 
. 
. *****************************************************************************
> ***
. ***********     Define Table 1 treatments other than WD                 *****
> ***********
. *****************************************************************************
> ***
. *Also calls the data
. cap program drop treatmentdefinition

. program define treatmentdefinition
  1. syntax  [, Federal(string) Small(string) Restriction(string)]
  2. 
. 
. 
. if "`federal'"=="" & "`small'"=="" & "`restriction'" == ""{
  3. di "You are using the primary working data."
  4. use "${data}state_panels_with3quant1979.dta",clear
  5. }
  6. **************************************************************************
> ******
. if  "`restriction'" == "hourly"{
  7. di "You are using the primary treatments and limiting the sample to the ho
> urly earners."
  8. use "${data}state_panels_hourly_with3quant1979.dta",clear
  9. }
 10. **************************************************************************
> ******
. if  "`restriction'" == "nontip"{
 11. di "You are using the primary treatments and limiting the sample to the no
> n-tipped workers."
 12. use "${data}state_panels_notip_with3quant1979.dta",clear
 13. }
 14. **************************************************************************
> ******
. 
. if  "`restriction'" == "hourlynontip"{
 15. di "You are using the primary treatments and limiting the sample to the no
> n-tipped workers."
 16. use "${data}state_panels_hourly_notip_with3quant1979.dta",clear
 17. }
 18. **************************************************************************
> ******
. 
. if "`federal'"=="Y" & "`small'"==""  & "`restriction'" == ""{
 19. di "You are using the working data with federal MW changes counted as even
> ts."
 20. use "${data}state_panels_with3quant1979_statefed.dta",clear
 21. global controlf " "
 22. }
 23. **************************************************************************
> ******
. if "`federal'"=="Y" & "`small'"=="Y"  & "`restriction'" == ""{
 24. di "You are counting all MW increases as events."
 25. 
. use "${data}state_panels_with3quant1979.dta",clear
 26. local treatdef1 "D.MW_real> 0  & D.MW_real<.& D.MW>0"                     
>                               // Every real increase in MW is considered as t
> reatment.
 27. global controlf " "
 28. global control " "
 29. 
. 
. forval k = 0/5  {
 30.         cap drop treat_p`k' 
 31.         cap drop _treat_p`k'
 32.         g _treat_p`k'=0
 33.         * replace _treat_p`k' = 1 if (  D.MW_real<. & D.MW>0) &  (wageM25>
> =(MW_realM25+`k') &  wageM25 < (MW_realM25 +1 +`k'))  
.         *       replace _treat_p`k' = 1 if (D.MW_real > 0  & D.MW_real<. & D.
> MW>0) &  (wageM25>=(MW_realM25+`k') &  wageM25 < (MW_realM25 +1 +`k'))
.                 replace _treat_p`k' = 1 if `treatdef1' &  (wageM25>=(MW_realM
> 25+`k' - 0.25) &  wageM25 < (MW_realM25 +1 +`k' - 0.25)) 
 34.         *       replace _treat_p`k' = 1 if (D.MW_real>=0.75  & D.MW_real<.
>  & D.MW>0) &  (wageM25>=(MW_realM25+`k') &  wageM25 < (MW_realM25 +1 +`k'))
.          g treat_p`k' = ( _treat_p`k' +  L._treat_p`k' + L2._treat_p`k' + L3.
> _treat_p`k')
 35.         cap drop _treat_p`k'
 36. 
. }
 37. 
. forval k = 1/5  {
 38.         cap drop treat_m`k'
 39.         cap drop _treat_m`k'
 40.         g _treat_m`k'=0
 41.         *       replace _treat_m`k' = 1 if ( D.MW_real<.& D.MW>0) & (wageM
> 25<(MW_realM25 - `k' + 1)  &  wageM25 >= (MW_realM25 -`k' ))
.         *       replace _treat_m`k' = 1 if(D.MW_real> 0  & D.MW_real<.& D.MW>
> 0) & (wageM25<(MW_realM25 - `k' + 1)  &  wageM25 >= (MW_realM25 -`k' ))
.                 replace _treat_m`k' = 1 if `treatdef1' & (wageM25<(MW_realM25
>  - `k' + 1 -0.25)  &  wageM25 >= (MW_realM25 -`k' -0.25 )) 
 42.         *       replace _treat_m`k' = 1 if(D.MW_real>=0.75  & D.MW_real<.&
>  D.MW>0) & (wageM25<(MW_realM25 - `k' + 1)  &  wageM25 >= (MW_realM25 -`k' ))
.         g treat_m`k' = ( _treat_m`k' + L._treat_m`k' + L2._treat_m`k' + L3._t
> reat_m`k' )
 43. cap drop _treat_m`k'
 44. }  
 45. *
. 
.  cap drop  Dtreat_p0
 46.  g Dtreat_p0 = D.treat_p0 
 47. 
. *Leads and Lags
.  
. foreach j in  4 8 12 16 {
 48.         foreach k in m5 m4 m3 m2 m1 p0 p1 p2 p3 p4 p5 {
 49.                 cap drop F`j'treat_`k'
 50.                 cap drop L`j'treat_`k'
 51.                 
.                 g F`j'treat_`k' = F`j'.treat_`k'
 52.                 g L`j'treat_`k' = L`j'.treat_`k'
 53. 
.         }
 54. } 
 55. 
. cap drop window_*
 56. foreach pm in p m{
 57.         foreach num of numlist 1(1)5{
 58.                 gen window_`pm'`num' =  F12treat_`pm'`num' +  F8treat_`pm'
> `num' +  F4treat_`pm'`num' + treat_`pm'`num' + L4treat_`pm'`num'  + L8treat_`
> pm'`num'  + L12treat_`pm'`num'  + L16treat_`pm'`num'  
 59.         }
 60. }
 61. 
. local pm p
 62. local num 0
 63. gen window_`pm'`num' =  F12treat_`pm'`num' +  F8treat_`pm'`num' +  F4treat
> _`pm'`num' + treat_`pm'`num' + L4treat_`pm'`num'  + L8treat_`pm'`num'  + L12t
> reat_`pm'`num'  + L16treat_`pm'`num'  
 64. 
. 
. }
 65. *
. 
. xtset wagebinstate quarterdate
 66. 
. 
. 
. end

. 
. *****************************************************************************
> ***
. *****************    Program defining above and below masses          *******
> ***
. *****************************************************************************
> ***
. 
. 
. cap program drop abovebelowbunch

. program define abovebelowbunch
  1. syntax [,Tmin(real 12) Tmax(real 16) Wmax(real 4) Wmin(real 4)]
  2. 
. foreach t of numlist -`tmin'(4)`tmax' {
  3. 
.         if `t' < -4  {  
  4.                 local nt = -`t' 
  5.                 global aboveF`nt' "(_b[F`nt'treat_p0] )"
  6.                 forval j = 1/`wmax' {
  7.                         global aboveF`nt' "${aboveF`nt'} + (_b[F`nt'treat_
> p`j'] )"
  8.                 }
  9.                 global belowF`nt' "(_b[F`nt'treat_m1] )"
 10.                 forval j = 2/`wmin' {
 11.                         global belowF`nt' "${belowF`nt'} + (_b[F`nt'treat_
> m`j'] )"
 12.                 }
 13. 
.     }
 14.  
.         if `t' == -4 {
 15.                 global aboveF4 "0"
 16.                 global belowF4 "0"
 17.         }
 18.  
.         if `t' == 0 {   
 19.                  
.                 global aboveL`t' "(_b[treat_p0])"
 20.                 forval j = 1/`wmax' {
 21.                         global aboveL`t' "${aboveL`t'} + (_b[treat_p`j'] )
> "
 22.                 }
 23.                 global belowL`t' "(_b[treat_m1] )"
 24.                 forval j = 2/`wmin' {
 25.                         global belowL`t' "${belowL`t'} + (_b[treat_m`j'] )
> "
 26.                 }
 27. 
.     }
 28.         
.    if `t' > 0 { 
 29.                  
.                 global aboveL`t' "(_b[L`t'treat_p0])"
 30.                 forval j = 1/`wmax' {
 31.                         global aboveL`t' "${aboveL`t'} + (_b[L`t'treat_p`j
> '])"
 32.                 }
 33.                 global belowL`t' "(_b[L`t'treat_m1])"
 34.                 forval j = 2/`wmin' {
 35.                         global belowL`t' "${belowL`t'} + (_b[L`t'treat_m`j
> '])"
 36.                 }
 37. 
.     }
 38.         
.  
.  } 
 39.  *
. end

. 
. 
. cap program drop abovebelowfull

. program define abovebelowfull
  1. syntax [, Tmax(real 16)]
  2. di "Make sure that belowL`tmax' and aboveL`tmax' exists. Otherwise the pro
> gram does not work. Assertion will be false."
  3. assert  "${belowL`tmax'}"!=""
  4. assert  "${aboveL`tmax'}"!=""
  5.  
. global above_full "${aboveL0}"
  6. global below_full "${belowL0}"
  7. 
. forval t = 4(4)`tmax' {
  8.                         
.                                 global below_full "${below_full} + ${belowL`t
> '}"
  9.                                 global above_full "${above_full} + ${above
> L`t'}"
 10.  }
 11. 
.  end

. 
. 
. 
. *****************************************************************************
> ***
. **********     Wagebill related globals          ****************************
> ***
. *****************************************************************************
> ***
. 
. cap program drop abovebelowWBbunch

. program define abovebelowWBbunch
  1. syntax , Wagemult(real) [Tmin(real 12) Tmax(real 16)  Wmax(real 4) Wmin(re
> al 4)]
  2. 
. 
. 
. 
.                                 foreach t of numlist -`tmin'(4)`tmax' {
  3.                                 
.                                                 if `t' < -4  {  
  4.                                                         local nt = -`t' 
  5.                                                         global aboveWBF`nt
> ' "((_b[F`nt'treat_p0])*(`wagemult'+0) )"
  6.                                                 forval j = 1/`wmax' {
  7.                                                         global aboveWBF`nt
> ' "${aboveWBF`nt'} + ((_b[F`nt'treat_p`j'])*(`wagemult'+`j') )"
  8.                                                 }
  9.                                                 global belowWBF`nt' "((_b[
> F`nt'treat_m1])*(`wagemult'-1) )"
 10.                                                 forval j = 2/`wmin' {
 11.                                                         global belowWBF`nt
> ' "${belowWBF`nt'} + ((_b[F`nt'treat_m`j'])*(`wagemult'-`j') )"
 12.                                                 }
 13. 
.                                         }
 14. 
.                                 
. 
.                                         if `t' == 0 {   
 15.                  
.                                                 global aboveWBL`t' "((_b[trea
> t_p0])*(`wagemult'+0))"
 16.                                                 forval j = 1/`wmax' {
 17.                                                         global aboveWBL`t'
>  "${aboveWBL`t'} + ((_b[treat_p`j'])*(`wagemult'+`j') )"
 18.                                                 }
 19.                                                 global belowWBL`t' "((_b[t
> reat_m1])*(`wagemult'-1) )"
 20.                                                 forval j = 2/`wmin'{
 21.                                                         global belowWBL`t'
>  "${belowWBL`t'} + ((_b[treat_m`j'])*(`wagemult'-`j') )"
 22.                                                 }
 23. 
.                                         }
 24.         
.                                         if `t' > 0 {    
 25.                  
.                                                 global aboveWBL`t' "((_b[L`t'
> treat_p0])*(`wagemult'+0))"
 26.                                                 forval j = 1/`wmax' {
 27.                                                         global aboveWBL`t'
>  "${aboveWBL`t'} + ((_b[L`t'treat_p`j'])*(`wagemult'+`j'))"
 28.                                                 }
 29.                                                 global belowWBL`t' "((_b[L
> `t'treat_m1])*(`wagemult'-1) )"
 30.                                                 forval j = 2/`wmin' {
 31.                                                         global belowWBL`t'
>  "${belowWBL`t'} + ((_b[L`t'treat_m`j'])*(`wagemult'-`j'))"
 32.                                                 }
 33. 
.                                         }
 34.         
.  
.                         } 
 35.                         global aboveWBF4 = 0
 36.                         global belowWBF4 = 0
 37.                         
.                         
. *
. end

. 
. 
. *****************************************************************************
> ***
. *****************************************************************************
> ***
. *****************************************************************************
> ***
. 
. 
. cap program drop abovebelowWBfull

. program define abovebelowWBfull
  1. syntax [, Tmax(real 16)]
  2. di "Make sure that belowL`tmax' and aboveL`tmax' exists. Otherwise the pro
> gram does not work. Assertion will be false."
  3. assert  "${belowWBL`tmax'}"!=""
  4. assert  "${aboveWBL`tmax'}"!=""
  5.  
.                         global aboveWB_full "${aboveWBL0}"
  6.                         global belowWB_full "${belowWBL0}"
  7. 
. forval t = 4(4)`tmax' {
  8.                         
.                                 global belowWB_full "${belowWB_full} + ${belo
> wWBL`t'}"
  9.                                 global aboveWB_full "${aboveWB_full} + ${a
> boveWBL`t'}"
 10.                         }
 11. 
.  end

.  
. 
.  
.  
. *****************************************************************************
> ***
. *****************           Alternative Wage bill                      ******
> ***
. *****************************************************************************
> ***
. 
. cap program drop abovebelowWBbunch_alt

. program define abovebelowWBbunch_alt
  1. syntax ,  [Tmax(real 16) SECONDmethod(string) ]
  2. 
. 
. 
. 
. 
. 
. 
.                         foreach t of numlist -12(4)`tmax' {
  3. 
.                         if `t'>=-12 & `t'<-4{
  4.                         local nt = -`t'
  5.                                 foreach nn2 of numlist 0(1)4{
  6.                                 
.                                 if "`secondmethod'" != "Y"{
  7.                                 global coefficient`nn2'  "-(_b[F`nt'treat_
> p`nn2'])/(_b[F`nt'treat_p0] + _b[F`nt'treat_p1] + _b[F`nt'treat_p2] + _b[F`nt
> 'treat_p3] + _b[F`nt'treat_p4])"
  8.                                 }
  9.                                 
.                                 if "`secondmethod'" == "Y"{
 10.                                 if `nn2'==0{
 11.                                 global coefficient`nn2'  "-1"
 12.                                 }
 13.                                 else{
 14.                                 global coefficient`nn2'  "0"              
>               
 15.                                 }
 16.                                 }
 17.                                 global aboveWBF`nt'_`nn2'`secondmethod' "0
> "
 18.                                 foreach nn of numlist 1(1)4{
 19.                                                 local nn3 = `nn'+`nn2'
 20.                                                 global aboveWBF`nt'_`nn2'`
> secondmethod' "  ${aboveWBF`nt'_`nn2'`secondmethod'} + (`nn3'*_b[F`nt'treat_m
> `nn'])"
 21.                                         }
 22.                                         global aboveWBF`nt'_`nn2'`secondme
> thod' " ( ${aboveWBF`nt'_`nn2'`secondmethod'})* (${coefficient`nn2'})"
 23.                                 }
 24. 
.                         }
 25.                         
.                         
.                         
.                         if `t'==0{
 26.                                 foreach nn2 of numlist 0(1)4{
 27.                                 
.                                 if "`secondmethod'" != "Y"{
 28.                                 global coefficient`nn2'  "-(_b[treat_p`nn2
> '])/(_b[treat_p0] + _b[treat_p1] + _b[treat_p2] + _b[treat_p3] + _b[treat_p4]
> )"
 29.                                 }
 30.                                 
.                                 if "`secondmethod'" == "Y"{
 31.                                 if `nn2'==0{
 32.                                 global coefficient`nn2'  "-1"
 33.                                 }
 34.                                 else{
 35.                                 global coefficient`nn2'  "0"              
>               
 36.                                 }
 37.                                 }
 38.                                 global aboveWBL`t'_`nn2'`secondmethod' "0"
 39.                                 foreach nn of numlist 1(1)4{
 40.                                                 local nn3 = `nn'+`nn2'
 41.                                                 global aboveWBL`t'_`nn2'`s
> econdmethod' "  ${aboveWBL`t'_`nn2'`secondmethod'} + (`nn3'*_b[treat_m`nn'])"
 42.                                         }
 43.                                         global aboveWBL`t'_`nn2'`secondmet
> hod' " ( ${aboveWBL`t'_`nn2'`secondmethod'})* (${coefficient`nn2'})"
 44.                                 }
 45. 
. 
.                         }
 46.                         
.                         if `t'>0{
 47.                                 global aboveWBL`t'`secondmethod' " 0 "
 48.                                 foreach nn2 of numlist 0(1)4{
 49.                                 /*
>                                 if "`secondmethod'" != "Y" & `emploss' >= 0 {
>                                 global coefficient`nn2'  "-(_b[L`t'treat_p`nn
> 2'])/(_b[L`t'treat_p0] + _b[L`t'treat_p1] + _b[L`t'treat_p2] + _b[L`t'treat_p
> 3] + _b[L`t'treat_p4])"
>                                 }
>                                 *if "`secondmethod'" != "Y" & `emploss' < 0 {
>                                 if "`secondmethod'" != "Y" {
>                                 global coefficient`nn2'  "-((_b[L`t'treat_p`n
> n2'])/(_b[L`t'treat_p0] + _b[L`t'treat_p1] + _b[L`t'treat_p2] + _b[L`t'treat_
> p3] + _b[L`t'treat_p4]))*(1+`emploss')"
>                                 if `nn2'==0{                            
>                                 global coefficient`nn2'  " (${coefficient`nn2
> '}) +  (`emploss')"
>                                 }
>                                 }*/                     
.                                 
.                                 
.                                 if "`secondmethod'" != "Y"{
 50.                                 global coefficient`nn2'  "-(_b[L`t'treat_p
> `nn2'])/(_b[L`t'treat_p0] + _b[L`t'treat_p1] + _b[L`t'treat_p2] + _b[L`t'trea
> t_p3] + _b[L`t'treat_p4])"
 51.                                 }
 52.                                 
.                                 if "`secondmethod'" == "Y"{
 53.                                 if `nn2'==0{
 54.                                 global coefficient`nn2'  "-1"
 55.                                 }
 56.                                 else{
 57.                                 global coefficient`nn2'  "0"              
>               
 58.                                 }
 59.                                 }
 60.                                 global aboveWBL`t'_`nn2'`secondmethod' "0"
 61.                                         foreach nn of numlist 1(1)4{
 62.                                                 local nn3 = `nn'+`nn2'
 63.                                                 global aboveWBL`t'_`nn2'`s
> econdmethod' "  ${aboveWBL`t'_`nn2'`secondmethod'} + (`nn3'*_b[L`t'treat_m`nn
> '])"
 64.                                         }
 65.                                         global aboveWBL`t'_`nn2'`secondmet
> hod' " ( ${aboveWBL`t'_`nn2'`secondmethod'})* (${coefficient`nn2'})"
 66. 
.                                 }
 67.                         
.                         }
 68.                         }
 69.                         
.                         
.                         global aboveWBF4 = 0
 70.                         global belowWBF4 = 0
 71.                         global aboveWBF4Y = 0
 72.                         global belowWBF4Y = 0
 73.                         
.                         
. *
. end

. 
. 
. cap program drop abovebelowWBbunch_altq

. program define abovebelowWBbunch_altq
  1. syntax ,  [Tmax(real 16) SECONDmethod(string) ]
  2. 
. 
. 
.                         foreach t of numlist 0(4)`tmax' {
  3. 
.                         if `t'==0{
  4.                                 foreach nn2 of numlist 0(1)4{
  5.                                 /*
>                                 if "`secondmethod'" != "Y" & `emploss' >= 0 {
>                                 global coefficient`nn2'  "-(_b[treat_p`nn2'])
> /(_b[treat_p0] + _b[treat_p1] + _b[treat_p2] + _b[treat_p3] + _b[treat_p4])"
>                                 }
>                                 *if "`secondmethod'" != "Y" & `emploss' < 0 {
>                                 if "`secondmethod'" != "Y" {
>                                 global coefficient`nn2'  "-((_b[treat_p`nn2']
> )/(_b[treat_p0] + _b[treat_p1] + _b[treat_p2] + _b[treat_p3] + _b[treat_p4]))
> *(1+`emploss')"
>                                 if `nn2'==0{                            
>                                 global coefficient`nn2'  " (${coefficient`nn2
> '}) +  (`emploss')"
>                                 }
>                                 }*/                     
.                                 
.                                 if "`secondmethod'" != "Y"{
  6.                                 global coefficientq`nn2'  "-(_b[treatq_p`n
> n2'])/(_b[treatq_p0] + _b[treatq_p1] + _b[treatq_p2] + _b[treatq_p3] + _b[tre
> atq_p4])"
  7.                                 }
  8.                                 
.                                 if "`secondmethod'" == "Y"{
  9.                                 if `nn2'==0{
 10.                                 global coefficientq`nn2'  "-1"
 11.                                 }
 12.                                 else{
 13.                                 global coefficientq`nn2'  "0"             
>               
 14.                                 }
 15.                                 }
 16.                                 global aboveWBL`t'_`nn2'`secondmethod'q "0
> "
 17.                                 foreach nn of numlist 1(1)4{
 18.                                                 local nn3 = `nn'+`nn2'
 19.                                                 global aboveWBL`t'_`nn2'`s
> econdmethod'q "  ${aboveWBL`t'_`nn2'`secondmethod'q} + (`nn3'*_b[treatq_m`nn'
> ])"
 20.                                         }
 21.                                         global aboveWBL`t'_`nn2'`secondmet
> hod'q " ( ${aboveWBL`t'_`nn2'`secondmethod'q})* (${coefficientq`nn2'})"
 22.                                 }
 23. 
. 
.                         }
 24.                         
.                         if `t'>0{
 25.                                 global aboveWBL`t'`secondmethod'q " 0 "
 26.                                 foreach nn2 of numlist 0(1)4{
 27.                                 /*
>                                 if "`secondmethod'" != "Y" & `emploss' >= 0 {
>                                 global coefficient`nn2'  "-(_b[L`t'treat_p`nn
> 2'])/(_b[L`t'treat_p0] + _b[L`t'treat_p1] + _b[L`t'treat_p2] + _b[L`t'treat_p
> 3] + _b[L`t'treat_p4])"
>                                 }
>                                 *if "`secondmethod'" != "Y" & `emploss' < 0 {
>                                 if "`secondmethod'" != "Y" {
>                                 global coefficient`nn2'  "-((_b[L`t'treat_p`n
> n2'])/(_b[L`t'treat_p0] + _b[L`t'treat_p1] + _b[L`t'treat_p2] + _b[L`t'treat_
> p3] + _b[L`t'treat_p4]))*(1+`emploss')"
>                                 if `nn2'==0{                            
>                                 global coefficient`nn2'  " (${coefficient`nn2
> '}) +  (`emploss')"
>                                 }
>                                 }*/                     
.                                 
.                                 
.                                 if "`secondmethod'" != "Y"{
 28.                                 global coefficientq`nn2'  "-(_b[L`t'treatq
> _p`nn2'])/(_b[L`t'treatq_p0] + _b[L`t'treatq_p1] + _b[L`t'treatq_p2] + _b[L`t
> 'treatq_p3] + _b[L`t'treatq_p4])"
 29.                                 }
 30.                                 
.                                 if "`secondmethod'" == "Y"{
 31.                                 if `nn2'==0{
 32.                                 global coefficientq`nn2'  "-1"
 33.                                 }
 34.                                 else{
 35.                                 global coefficientq`nn2'  "0"             
>               
 36.                                 }
 37.                                 }
 38.                                 global aboveWBL`t'_`nn2'`secondmethod'q "0
> "
 39.                                         foreach nn of numlist 1(1)4{
 40.                                                 local nn3 = `nn'+`nn2'
 41.                                                 global aboveWBL`t'_`nn2'`s
> econdmethod'q "  ${aboveWBL`t'_`nn2'`secondmethod'q} + (`nn3'*_b[L`t'treatq_m
> `nn'])"
 42.                                         }
 43.                                         global aboveWBL`t'_`nn2'`secondmet
> hod'q " ( ${aboveWBL`t'_`nn2'`secondmethod'q})* (${coefficientq`nn2'})"
 44. 
.                                 }
 45.                         
.                         }
 46.                         }
 47.                         
.                         
.                         global aboveWBF4 = 0
 48.                         global belowWBF4 = 0
 49.                         
.                         
. *
. end

.  
. 
.  
. 
. cap program drop abovebelowWBbunch_alt4a

. program define abovebelowWBbunch_alt4a
  1. syntax ,  [Tmax(real 16) SECONDmethod(string) ]
  2. 
. local denom = (1/(1+(`tmax'/4)))
  3. lincom ((${below_full} + ${above_full})*(4*`denom')*(1/${E}))/${B}
  4. local emploss = r(estimate)
  5. 
. 
. 
.                         foreach t of numlist 0(4)`tmax' {
  6. 
.                         if `t'==0{
  7.                                 foreach nn2 of numlist 0(1)4{
  8.                                 
.                                 if "`secondmethod'" != "Y" & `emploss' >= 0 {
  9.                                 global coefficient`nn2'  "-(_b[treat_p`nn2
> '])/(_b[treat_p0] + _b[treat_p1] + _b[treat_p2] + _b[treat_p3] + _b[treat_p4]
> )"
 10.                                 }
 11.                                 if "`secondmethod'" != "Y" & `emploss' < 0
>  {
 12.                                 *if "`secondmethod'" != "Y" {
.                                 global coefficient`nn2'  "-((_b[treat_p`nn2']
> )/(_b[treat_p0] + _b[treat_p1] + _b[treat_p2] + _b[treat_p3] + _b[treat_p4]))
> *(1+`emploss')"
 13.                                 if `nn2'==0{                            
 14.                                 global coefficient`nn2'  " (${coefficient`
> nn2'}) +  (`emploss')"
 15.                                 }
 16.                                 }                       
 17.                                                                 
.                                 if "`secondmethod'" == "Y"{
 18.                                 if `nn2'==0{
 19.                                 global coefficient`nn2'  "-1"
 20.                                 }
 21.                                 else{
 22.                                 global coefficient`nn2'  "0"              
>               
 23.                                 }
 24.                                 }
 25.                                 global aboveWBL`t'_`nn2'`secondmethod' "0"
 26.                                 foreach nn of numlist 1(1)4{
 27.                                                 local nn3 = `nn'+`nn2'
 28.                                                 global aboveWBL`t'_`nn2'`s
> econdmethod' "  ${aboveWBL`t'_`nn2'`secondmethod'} + (`nn3'*_b[treat_m`nn'])"
 29.                                         }
 30.                                         global aboveWBL`t'_`nn2'`secondmet
> hod' " ( ${aboveWBL`t'_`nn2'`secondmethod'})* (${coefficient`nn2'})"
 31.                                 }
 32. 
. 
.                         }
 33.                         
.                         if `t'>0{
 34.                                 global aboveWBL`t'`secondmethod' " 0 "
 35.                                 foreach nn2 of numlist 0(1)4{
 36.                                 
.                                 if "`secondmethod'" != "Y" & `emploss' >= 0 {
 37.                                 global coefficient`nn2'  "-(_b[L`t'treat_p
> `nn2'])/(_b[L`t'treat_p0] + _b[L`t'treat_p1] + _b[L`t'treat_p2] + _b[L`t'trea
> t_p3] + _b[L`t'treat_p4])"
 38.                                 }
 39.                                 if "`secondmethod'" != "Y" & `emploss' < 0
>  {
 40.                                 *if "`secondmethod'" != "Y" {
.                                 global coefficient`nn2'  "-((_b[L`t'treat_p`n
> n2'])/(_b[L`t'treat_p0] + _b[L`t'treat_p1] + _b[L`t'treat_p2] + _b[L`t'treat_
> p3] + _b[L`t'treat_p4]))*(1+`emploss')"
 41.                                 if `nn2'==0{                            
 42.                                 global coefficient`nn2'  " (${coefficient`
> nn2'}) +  (`emploss')"
 43.                                 }
 44.                                 }               
 45.                                                                 
.                                 if "`secondmethod'" == "Y"{
 46.                                 if `nn2'==0{
 47.                                 global coefficient`nn2'  "-1"
 48.                                 }
 49.                                 else{
 50.                                 global coefficient`nn2'  "0"              
>               
 51.                                 }
 52.                                 }
 53.                                 global aboveWBL`t'_`nn2'`secondmethod' "0"
 54.                                         foreach nn of numlist 1(1)4{
 55.                                                 local nn3 = `nn'+`nn2'
 56.                                                 global aboveWBL`t'_`nn2'`s
> econdmethod' "  ${aboveWBL`t'_`nn2'`secondmethod'} + (`nn3'*_b[L`t'treat_m`nn
> '])"
 57.                                         }
 58.                                         global aboveWBL`t'_`nn2'`secondmet
> hod' " ( ${aboveWBL`t'_`nn2'`secondmethod'})* (${coefficient`nn2'})"
 59. 
.                                 }
 60.                         
.                         }
 61.                         }
 62.                         
.                         
.                         global aboveWBF4 = 0
 63.                         global belowWBF4 = 0
 64.                         
.                         
. *
. end

.  
. 
. cap program drop abovebelowWBbunch_alt4b

. program define abovebelowWBbunch_alt4b
  1. syntax ,  [Tmax(real 16) SECONDmethod(string) ]
  2. 
. local denom = (1/(1+(`tmax'/4)))
  3. lincom ((${below_full} + ${above_full})*(4*`denom')*(1/${E}))/${B}
  4. local emploss = r(estimate)
  5. 
. 
. 
.                         foreach t of numlist 0(4)`tmax' {
  6. 
.                         if `t'==0{
  7.                                 foreach nn2 of numlist 0(1)4{
  8.                                 
.                                 if "`secondmethod'" != "Y" {
  9.                                 global coefficient`nn2'  "-((_b[treat_p`nn
> 2'])/(_b[treat_p0] + _b[treat_p1] + _b[treat_p2] + _b[treat_p3] + _b[treat_p4
> ]))*(1+`emploss')"
 10.                                 if `nn2'==0{                            
 11.                                 global coefficient`nn2'  " (${coefficient`
> nn2'}) +  (`emploss')"
 12.                                 }
 13.                                 }               
 14.                                 
.                                 if "`secondmethod'" == "Y"{
 15.                                 if `nn2'==0{
 16.                                 global coefficient`nn2'  "-1"
 17.                                 }
 18.                                 else{
 19.                                 global coefficient`nn2'  "0"              
>               
 20.                                 }
 21.                                 }
 22.                                 global aboveWBL`t'_`nn2'`secondmethod' "0"
 23.                                 foreach nn of numlist 1(1)4{
 24.                                                 local nn3 = `nn'+`nn2'
 25.                                                 global aboveWBL`t'_`nn2'`s
> econdmethod' "  ${aboveWBL`t'_`nn2'`secondmethod'} + (`nn3'*_b[treat_m`nn'])"
 26.                                         }
 27.                                         global aboveWBL`t'_`nn2'`secondmet
> hod' " ( ${aboveWBL`t'_`nn2'`secondmethod'})* (${coefficient`nn2'})"
 28.                                 }
 29. 
. 
.                         }
 30.                         
.                         if `t'>0{
 31.                                 global aboveWBL`t'`secondmethod' " 0 "
 32.                                 foreach nn2 of numlist 0(1)4{
 33.                                 
.                                 if "`secondmethod'" != "Y" {
 34.                                 global coefficient`nn2'  "-((_b[L`t'treat_
> p`nn2'])/(_b[L`t'treat_p0] + _b[L`t'treat_p1] + _b[L`t'treat_p2] + _b[L`t'tre
> at_p3] + _b[L`t'treat_p4]))*(1+`emploss')"
 35.                                 if `nn2'==0{                            
 36.                                 global coefficient`nn2'  " (${coefficient`
> nn2'}) +  (`emploss')"
 37.                                 }
 38.                                 }                       
 39.                                 
.                                 if "`secondmethod'" == "Y"{
 40.                                 if `nn2'==0{
 41.                                 global coefficient`nn2'  "-1"
 42.                                 }
 43.                                 else{
 44.                                 global coefficient`nn2'  "0"              
>               
 45.                                 }
 46.                                 }
 47.                                 global aboveWBL`t'_`nn2'`secondmethod' "0"
 48.                                         foreach nn of numlist 1(1)4{
 49.                                                 local nn3 = `nn'+`nn2'
 50.                                                 global aboveWBL`t'_`nn2'`s
> econdmethod' "  ${aboveWBL`t'_`nn2'`secondmethod'} + (`nn3'*_b[L`t'treat_m`nn
> '])"
 51.                                         }
 52.                                         global aboveWBL`t'_`nn2'`secondmet
> hod' " ( ${aboveWBL`t'_`nn2'`secondmethod'})* (${coefficient`nn2'})"
 53. 
.                                 }
 54.                         
.                         }
 55.                         }
 56.                         
.                         
.                         global aboveWBF4 = 0
 57.                         global belowWBF4 = 0
 58.                         
.                         
. *
. end

.  
. *****************************************************************************
> *** 
. 
. cap program drop abovebelowWBfull_alt

. program define abovebelowWBfull_alt
  1. syntax [, Tmax(real 16) SECONDmethod(string)]
  2.  
.  
. foreach t of numlist -12(4)`tmax' {
  3. if `t'<-4{
  4. local nt = -`t'
  5. global aboveWBF`nt'`secondmethod' "${aboveWBF`nt'_0`secondmethod'} + ${abo
> veWBF`nt'_1`secondmethod'} + ${aboveWBF`nt'_2`secondmethod'} + ${aboveWBF`nt'
> _3`secondmethod'} + ${aboveWBF`nt'_4`secondmethod'}"
  6. }
  7. if `t'>=0{
  8. global aboveWBL`t'`secondmethod' "${aboveWBL`t'_0`secondmethod'} + ${above
> WBL`t'_1`secondmethod'} + ${aboveWBL`t'_2`secondmethod'} + ${aboveWBL`t'_3`se
> condmethod'} + ${aboveWBL`t'_4`secondmethod'}"
  9. }
 10. }
 11.                         global aboveWB_full`secondmethod' "${aboveWBL0`sec
> ondmethod'}"
 12. 
. forval t = 4(4)`tmax' {
 13.                         
.                                 global aboveWB_full`secondmethod' "${aboveWB_
> full`secondmethod'} + ${aboveWBL`t'`secondmethod'}"
 14.                         }
 15. 
.  end

.  
.  
.  
. cap program drop abovebelowWBfull_altq

. program define abovebelowWBfull_altq
  1. syntax [, Tmax(real 16) SECONDmethod(string)]
  2.  
.  
. foreach t of numlist 0(4)`tmax' {
  3. global aboveWBL`t'`secondmethod'q "${aboveWBL`t'_0`secondmethod'q} + ${abo
> veWBL`t'_1`secondmethod'q} + ${aboveWBL`t'_2`secondmethod'q} + ${aboveWBL`t'_
> 3`secondmethod'q} + ${aboveWBL`t'_4`secondmethod'q}"
  4. }
  5.                         global aboveWB_full`secondmethod'q "${aboveWBL0`se
> condmethod'q}"
  6. 
. forval t = 4(4)`tmax' {
  7.                         
.                                 global aboveWB_full`secondmethod'q "${aboveWB
> _full`secondmethod'q} + ${aboveWBL`t'`secondmethod'q}"
  8.                         }
  9. 
.  end

.  
.  
.  
.  
.  
. *****************************************************************************
> ***
. *************       Mass by wagebin figure         **************************
> ***
. *****************************************************************************
> ***
. 
. cap program drop makefigure_massbywagebin

. program define makefigure_massbywagebin
  1. syntax , [Tmin(real 12) Tmax(real 16)  Wmax(real 4) Wmin(real 4)]
  2. 
.                                 local denominator = (1/(1+(`tmax'/4)))
  3. 
. 
.                                 global PA_p0 "[treat_p0  ]*(4)*(1/${E})"     
>            // Multiplying by 4 to get $ bin estimates. Dividing by E to get s
> hare of workforce.
  4.                                 forval t = 4(4)`tmax' {
  5.                                         global PA_p0  "${PA_p0} + [ L`t'tr
> eat_p0 ]*(4)*(1/${E})"
  6.                                 }
  7.                                 global PA_p0 "`denominator'*(${PA_p0})"
  8. 
.                                 forval j = 1/`wmax' {
  9.                                         global PA_p`j' "[treat_p`j' ]*(4)*
> (1/${E})"
 10.                                 forval t = 4(4)`tmax' {
 11.                                                         global PA_p`j'    
> " ${PA_p`j'} + [L`t'treat_p`j' ]*(4)*(1/${E})"
 12.                                                 }
 13.                                         global PA_p`j' "`denominator'*(${P
> A_p`j'})" 
 14.                                 }
 15.                                 
.                                 forval j = 1/`wmin' {                        
>    
 16.                                         global PA_m`j' "[treat_m`j' ]*(4)*
> (1/${E})"
 17.                                 forval t = 4(4)`tmax' {
 18.                                                         global PA_m`j'    
> " ${PA_m`j'} + [L`t'treat_m`j' ]*(4)*(1/${E})"
 19.                                                 }
 20.                                         global PA_m`j' "`denominator'*(${P
> A_m`j'})"
 21.                                 }
 22. 
.                                 
.                                 global cumul "0"
 23.                                 forval k = -`wmin'/`wmax' {     
 24.                                          di `k'
 25.                                         if `k' < 0 {
 26.                                                 local j = -`k'
 27.                                                 local lincomline "${PA_m`j
> '}"
 28.                                         }
 29.                                         else if `k'==0 {
 30.                                                 local lincomline "${PA_p0}
> "
 31.                                         }
 32.                                         else if `k'>0 {
 33.                                                 local lincomline "${PA_p`k
> '}"
 34.                                         }
 35.                                         
.                                         qui lincom   "`lincomline'"
 36.                                         local basic_b = r(estimate)
 37.                                         local basic_se = r(se)
 38.                                         global cumul "${cumul} + `lincomli
> ne'"
 39.                                         qui lincom "${cumul}"
 40.                                         local cumul_b = r(estimate)
 41.                                         local cumul_se = r(se)
 42.                                         if `k' == -`wmin' {
 43.                                                 mat countmat = [ `k', `bas
> ic_b',  `basic_b'-1.96*`basic_se', `basic_b'+1.96*`basic_se', `cumul_b', `cum
> ul_b'-1.96*`cumul_se', `cumul_b'+1.96*`cumul_se' ]
 44.                                         }
 45.                                         else {
 46.                                                 mat countmat = [countmat \
>  [ `k', `basic_b',  `basic_b'-1.96*`basic_se', `basic_b'+1.96*`basic_se', `cu
> mul_b', `cumul_b'-1.96*`cumul_se', `cumul_b'+1.96*`cumul_se' ]]
 47.                                         }
 48.                                 }
 49.                                 
.                 /*                                                           
>                    
>                         nlcom "-(${above_full})/(${below_full})"
>                         mat b = r(b)
>                         mat V = r(V)
>  
>                         local bunchestb: di %3.2f  b[1,1]
>                         local bunchestse: di %3.2f sqrt(V[1,1])
>                         global bunchest "Bunching estimate=`bunchestb'(`bunch
> estse')"
>                         
>                 */      
.                          
.                         cap drop bin* 
 50.                         cap drop est* 
 51.                         cap drop low *
 52.                         cap drop high* 
 53.                         cap drop _est*
 54.                         cap drop totest*
 55.                         cap drop totlow
 56.                         cap drop tothigh
 57.                         cap drop countmat*
 58.                         
.                         svmat countmat
 59.                         rename countmat1 bin
 60.                         rename countmat2 est                    
 61.                         rename countmat3 low
 62.                         rename countmat4 high
 63.                         rename countmat5 totest                 
 64.                         rename countmat6 totlow
 65.                         rename countmat7 tothigh                        
 66.                         
.                         qui sum totest if bin==`wmax' 
 67.                         local elastb: di %3.2f  r(mean)
 68.                         qui sum tothi if bin==`wmax' 
 69.                         local elasthi: di %3.2f  r(mean)
 70.                         qui sum totlow if bin==`wmax' 
 71.                         local elastlow: di %3.2f  r(mean)
 72. 
.                         global elastest "MW elasticty=`elastb', CI=[`elastlow
> ', `elasthi']"
 73.                         
.                          
.                                 twoway ( bar est bin  , fcolor(ltblue) lcolor
> (none) ) ///
>                                 (rcap low  high bin  , lcolor(ltblue*1.25) lw
> idth(thick) ) ///
>                                 (line totest bin, lcolor(red*.33) lpat(line) 
> lwidth(thick) ) /* ///
>                                 (line totlow  bin , color(red) lpat(dot)) ///
>                                 (line tothigh  bin , color(red) lpat(dot))   
>    */                      , ///
>                                 /* xlabel(-4 "[-`=char(36)'4.25, -`=char(36)'
> 3.25)" -2 "[-`=char(36)'2.25, -`=char(36)'1.25)" 0 "[-`=char(36)'0.25, `=char
> (36)'0.75)" ///
>                                  2 "[`=char(36)'1.75, `=char(36)'2.75)" 4 "[`
> =char(36)'3.75, `=char(36)'4.75)" , labsize(medsmall) ) ///
>                                  ylabel( -0.004  -0.002   0  0.002 0.004 0.00
> 6) */ ///
>                                  xlabel(-4 "-4" -3 "-3" -2 "-2" -1 "-1" 0 "0"
>  1 "1" 2 "2" 3 "3" 4 "4"  ///
>                                 , labsize(medsmall) ) ///
>                                 ylabel(, labsize(medsmall)) scheme(s1color) /
> *xtitle("Wage Bin")*/ xtitle("Wage bins in `=char(36)' relative to new MW", s
> ize(medsmall)) xsc(titlegap(*10)) ytitle("", height(10))   ///
>                                 /*title("${label`s'}", size(medium) )*/ legen
> d(off) /*  ///
>                                 note("${bunchest}" , size(small) color(blue))
>  */
 74.  
. 
. 
. end

. 
. 
. cap program drop makefigure_massbywagebin_lab

. program define makefigure_massbywagebin_lab
  1. syntax , [Tmin(real 12) Tmax(real 16)  Wmax(real 4) Wmin(real 4)]
  2. 
.                                 local denominator = (1/(1+(`tmax'/4)))
  3. 
. 
.                                 global PA_p0 "[treat_p0  ]*(4)*(1/${E})"     
>            // Multiplying by 4 to get $ bin estimates. Dividing by E to get s
> hare of workforce.
  4.                                 foreach t of numlist 4(4)`tmax' {
  5.                                         global PA_p0  "${PA_p0} + [ L`t'tr
> eat_p0 ]*(4)*(1/${E})"
  6.                                 }
  7.                                 global PA_p0 "`denominator'*(${PA_p0})"
  8. 
.                                 forval j = 1/`wmax' {
  9.                                         global PA_p`j' "[treat_p`j' ]*(4)*
> (1/${E})"
 10.                                                 foreach t of numlist 4(4)`
> tmax' {
 11.                                                         global PA_p`j'    
> " ${PA_p`j'} + [L`t'treat_p`j' ]*(4)*(1/${E})"
 12.                                                 }
 13.                                         global PA_p`j' "`denominator'*(${P
> A_p`j'})" 
 14.                                 }
 15.                                 
.                                 forval j = 1/`wmin' {                        
>    
 16.                                         global PA_m`j' "[treat_m`j' ]*(4)*
> (1/${E})"
 17.                                                 foreach t of numlist 4(4)`
> tmax' {
 18.                                                         global PA_m`j'    
> " ${PA_m`j'} + [L`t'treat_m`j' ]*(4)*(1/${E})"
 19.                                                 }
 20.                                         global PA_m`j' "`denominator'*(${P
> A_m`j'})"
 21.                                 }
 22. 
.                                 
.                                 global cumul "0"
 23.                                 forval k = -`wmin'/`wmax' {     
 24.                                          di `k'
 25.                                         if `k' < 0 {
 26.                                                 local j = -`k'
 27.                                                 local lincomline "${PA_m`j
> '}"
 28.                                         }
 29.                                         else if `k'==0 {
 30.                                                 local lincomline "${PA_p0}
> "
 31.                                         }
 32.                                         else if `k'>0 {
 33.                                                 local lincomline "${PA_p`k
> '}"
 34.                                         }
 35.                                         
.                                         qui lincom   "`lincomline'"
 36.                                         local basic_b = r(estimate)
 37.                                         local basic_se = r(se)
 38.                                         global cumul "${cumul} + `lincomli
> ne'"
 39.                                         qui lincom "${cumul}"
 40.                                         local cumul_b = r(estimate)
 41.                                         local cumul_se = r(se)
 42.                                         if `k' == -`wmin' {
 43.                                                 mat countmat = [ `k', `bas
> ic_b',  `basic_b'-1.96*`basic_se', `basic_b'+1.96*`basic_se', `cumul_b', `cum
> ul_b'-1.96*`cumul_se', `cumul_b'+1.96*`cumul_se' ]
 44.                                         }
 45.                                         else {
 46.                                                 mat countmat = [countmat \
>  [ `k', `basic_b',  `basic_b'-1.96*`basic_se', `basic_b'+1.96*`basic_se', `cu
> mul_b', `cumul_b'-1.96*`cumul_se', `cumul_b'+1.96*`cumul_se' ]]
 47.                                         }
 48.                                 }
 49.                                 
.                 /*                                                           
>                    
>                         nlcom "-(${above_full})/(${below_full})"
>                         mat b = r(b)
>                         mat V = r(V)
>  
>                         local bunchestb: di %3.2f  b[1,1]
>                         local bunchestse: di %3.2f sqrt(V[1,1])
>                         global bunchest "Bunching estimate=`bunchestb'(`bunch
> estse')"
>                         
>                 */      
.                          
.                         cap drop bin* 
 50.                         cap drop est* 
 51.                         cap drop low *
 52.                         cap drop high* 
 53.                         cap drop _est*
 54.                         cap drop totest*
 55.                         cap drop totlow
 56.                         cap drop tothigh
 57.                         cap drop countmat*
 58.                         
.                         svmat countmat
 59.                         rename countmat1 bin
 60.                         rename countmat2 est                    
 61.                         rename countmat3 low
 62.                         rename countmat4 high
 63.                         rename countmat5 totest                 
 64.                         rename countmat6 totlow
 65.                         rename countmat7 tothigh                        
 66.                         
.                         qui sum totest if bin==`wmax' 
 67.                         local elastb: di %3.2f  r(mean)
 68.                         qui sum tothi if bin==`wmax' 
 69.                         local elasthi: di %3.2f  r(mean)
 70.                         qui sum totlow if bin==`wmax' 
 71.                         local elastlow: di %3.2f  r(mean)
 72. 
.                         global elastest "MW elasticty=`elastb', CI=[`elastlow
> ', `elasthi']"
 73.                         
.                          
.                                 twoway ( bar est bin  , fcolor(ltblue) lcolor
> (none) ) ///
>                                 (rcap low  high bin  , lcolor(ltblue*1.25) lw
> idth(thick) ) ///
>                                 (line totest bin, lcolor(red*.33) lpat(line) 
> lwidth(thick) ) /* ///
>                                 (line totlow  bin , color(red) lpat(dot)) ///
>                                 (line tothigh  bin , color(red) lpat(dot))   
>    */                      , ///
>                                 /* xlabel(-4 "[-`=char(36)'4.25, -`=char(36)'
> 3.25)" -2 "[-`=char(36)'2.25, -`=char(36)'1.25)" 0 "[-`=char(36)'0.25, `=char
> (36)'0.75)" ///
>                                  2 "[`=char(36)'1.75, `=char(36)'2.75)" 4 "[`
> =char(36)'3.75, `=char(36)'4.75)" , labsize(medsmall) ) */ ///
>                                  ylabel(-0.03(0.01)0.02) ysc(range(-0.03 0.02
> 3))  ///
>                                  xlabel(-4 "-4" -3 "-3" -2 "-2" -1 "-1" 0 "0"
>  1 "1" 2 "2" 3 "3" 4 "4"  ///
>                                 , labsize(medsmall) ) ///
>                                 ylabel(, labsize(medsmall)) scheme(s1color) /
> *xtitle("Wage Bin")*/ xtitle("Wage bins in `=char(36)' relative to new MW", s
> ize(medsmall)) xsc(titlegap(*10)) ytitle("", height(10))   ///
>                                 /*title("${label`s'}", size(medium) )*/ legen
> d(off) /*  ///
>                                 note("${bunchest}" , size(small) color(blue))
>  */
 74.  
. 
. 
. end

. 
. *****************************************************************************
> ***
. *************      Make Figure, mass over time         **********************
> ***
. *****************************************************************************
> ***
. *The following two program requires stored estimation results to be called.
.  
.  
.                         *****************************************************
> ***************
.                         ****************      Before               **********
> ***************
.                         *****************************************************
> ***************
.  
. cap program drop makefigure_massovertime_before

. program define makefigure_massovertime_before
  1. syntax , [Tmin(real 12) Tmax(real 16)]
  2. 
.                                 
.                                 foreach t of numlist -`tmin'(4)-4 {
  3.                         
.                         
.                                         local nt = -`t'
  4.                                         nlcom ("${aboveF`nt'}") 
  5.                                         mat b = r(b)
  6.                                         mat V = r(V)
  7.                                         local ab = b[1,1]*(4)*(1/${E})
  8.                                         local ase = sqrt(V[1,1])*(4)*(1/${
> E})
  9.                                         nlcom ("${belowF`nt'}") 
 10.                                         mat b = r(b)
 11.                                         mat V = r(V)
 12.                                         local bb =  (b[1,1]*(4))*(1/${E})
 13.                                         local bse = sqrt(V[1,1])*(4)*(1/${
> E})
 14. 
.                                         if `nt' == `tmin' {
 15.                                                 mat eventmat = [`t', `ab',
>  `ab'-1.96*`ase', `ab'+1.96*`ase',  `bb', `bb'-1.96*`bse', `bb'+1.96*`bse'] 
 16.                                         }
 17.                                         else {
 18.                                                 mat eventmat = [eventmat \
>  [`t', `ab', `ab'-1.96*`ase', `ab'+1.96*`ase',  `bb', `bb'-1.96*`bse', `bb'+1
> .96*`bse']] 
 19.                                         }
 20. }
 21. *
. 
. end

.                                         
.                                         
. 
.                                         *************************************
> ***********************
.                                         *******************     After        
>      ******************
.                                         *************************************
> ***********************
.                                         
.                                         
. cap program drop makefigure_massovertime_after

. program define makefigure_massovertime_after
  1. syntax , [Tmin(real 12) Tmax(real 16)]
  2.                                         
. 
.                                 foreach t of numlist 0(4)`tmax' {
  3.                                         nlcom ("${aboveL`t'}") 
  4.                                         mat b = r(b)
  5.                                         mat V = r(V)
  6.                                         local ab =  b[1,1]*(4)*(1/${E})
  7.                                         local ase = sqrt(V[1,1])*(4)*(1/${
> E})
  8.                                         nlcom ("${belowL`t'}") 
  9.                                         mat b = r(b)
 10.                                         mat V = r(V)
 11.                                         local bb =  (b[1,1]*(4))*(1/${E})
 12.                                         local bse = sqrt(V[1,1])*(4)*(1/${
> E})
 13.                                         mat eventmat = [eventmat \ [`t', `
> ab', `ab'-1.96*`ase', `ab'+1.96*`ase',  `bb', `bb'-1.96*`bse', `bb'+1.96*`bse
> '] ]
 14. 
.                                         }
 15.                         
.                         cap drop time* 
 16.                         cap drop est* 
 17.                         cap drop low* high* 
 18.                         cap drop _est*
 19.                         
.                         cap drop eventmat*
 20.                         cap drop bunchest
 21.                         
.                         svmat eventmat
 22.                         rename eventmat1 time
 23.                         rename eventmat2 estA                   
 24.                         rename eventmat3 lowA
 25.                         rename eventmat4 highA
 26.                         rename eventmat5 estB                   
 27.                         rename eventmat6 lowB
 28.                         rename eventmat7 highB
 29.  
.                                 twoway ( line estA time  , fcolor(ltblue) lco
> lor(ltblue)  lwidth(thick)  ) ///
>                                 (rcap lowA  highA time  , lwidth(thick) lcolo
> r(ltblue*1.25) )  ///
>                                 ( line estB time  , fcolor(red) lcolor(red) l
> width(thick) yline(0, lcolor(gs10) lwidth(vvthin)) xline(0, lpattern(dash) lc
> olor(black) ) ) ///
>                                 (rcap lowB  highB time  , lwidth(thick)  lcol
> or(red*1.25) ) , ///
>                                 scheme(s1color) xtitle("Annualized event time
> ", size(medsmall)) ///
>                                 /*ytitle("Excess mass", height(5) axis(1) siz
> e(medsmall))*/   ///
>                                  ylabel(, axis(1) labsize(medsmall)) yscale(t
> itlegap(0) axis(1))  ///
>                                 /*xlabel(-12 "[-12,-9]" -8 "[-8,-5]" -4 "[-4,
> -1]" 0 "[0,3]" 4 "[4,7]" 8 "[8,11]" 12 "[12,15]" 16 "[16,19]", labsize(medsma
> ll)) */ ///
>                                 xlabel(-12 "-3" -8 "-2" -4 "-1" 0 "0" 4 "1" 8
>  "2" 12 "3" 16 "4", labsize(medsmall)) legend(off) /* ///
>                                 title("${label`s'}", size(medium) )  note("$b
> unchch" "$bunchelas" "$belowmasssh" "$abovemasssh"  /*"$elastest"*/, size(sma
> ll) color(blue)) ///
>                                 */
 30.  
. end 

.  
. *****************************************************************************
> ***
. ****************      Make Figure: Change over time          ****************
> ***
. *****************************************************************************
> ***
. 
. *The following two program requires stored estimation results to be called.
.  
.  
.                         *****************************************************
> ***************
.                         ****************      Before               **********
> ***************
.                         *****************************************************
> ***************
.  
.  
. cap program drop makefigure_chovertime_before

. program define makefigure_chovertime_before
  1. syntax , [Tmin(real 12) Tmax(real 16)]
  2. 
.                                 foreach t of numlist -`tmin'(4)-4 {
  3.                                 
.                                                 local nt = -`t' 
  4.                                                 lincom ((${aboveF`nt'}) + 
> (${belowF`nt'}))*(1/${E})*(1/${B})*4                                         
>          // Multiplying by 4 because of the number of bins (treatments at 1$ 
> increments, bins at 25 cents).
  5.                                                 replace be_timeb          
>       = r(estimate)   if counter==`t'
  6.                                                 replace be_timese         
>       = r(se)                 if counter==`t'
  7.                                                 replace be_timeupper      
>       = r(estimate) + invttail(r(df), 0.025)*r(se)    if counter==`t'
  8.                                                 replace be_timelower      
>       = r(estimate) - invttail(r(df), 0.025)*r(se)    if counter==`t'
  9.                                                 
.                                                 
.                                                 
.                                         }  //end of t<-4
 10.  
.  end

. 
.  
.                         *****************************************************
> ***************
.                         ****************      After               ***********
> ***************
.                         *****************************************************
> ***************
.  
.  
. cap program drop makefigure_chovertime_after

. program define makefigure_chovertime_after
  1. syntax , [Tmin(real 12) Tmax(real 16)]
  2.  
.  
.                                 foreach t of numlist 0(4)`tmax' {
  3.  
.                                                 lincom ((${aboveL`t'}) + (${b
> elowL`t'}))*(1/${E})*(1/${B})*4
  4.                                                 replace be_timeb          
>       = r(estimate)   if counter==`t'
  5.                                                 replace be_timese         
>       = r(se)                 if counter==`t'
  6.                                                 replace be_timeupper      
>       = r(estimate) + invttail(r(df), 0.025)*r(se)    if counter==`t'
  7.                                                 replace be_timelower      
>       = r(estimate) - invttail(r(df), 0.025)*r(se)    if counter==`t'
  8. 
.                                                 }  
  9. *
.                                                 twoway (scatter be_timeb coun
> ter  , msymbol(D) mcolor(blue) yline(0, lcolor(gs10) lwidth(vvthin)) xline(0,
>  lpattern(dash) lcolor(black) )) ///
>                                                 (line be_timeb counter ,  lwi
> dth(thick) lpattern(dash)  lcolor(blue)) ///
>                                                 (rcap be_timeupper be_timelow
> er counter,  lwidth(thick) lcolor(blue) ), graphregion(color(white)) ///
>                                                 xlabel(-12 "-3" -8 "-2" -4 "-
> 1" 0 "0" 4 "1" 8 "2" 12 "3" 16 "4", labsize(medsmall))     ylabel(-0.2(0.1)0.
> 2, format(%02.1fc)) ///
>                                                 ylabel(, labsize(medsmall)) l
> egend(off) xtitle("Annualized event time", size(medsmall))  
 10. 
. end

.  
.  
. *****************************************************************************
> ***
. ****************      Make Figure: Change over time (wages)         *********
> ***
. *****************************************************************************
> ***
. 
. *The following two program requires stored estimation results to be called.
.  
.  
.                         *****************************************************
> ***************
.                         ****************      Before               **********
> ***************
.                         *****************************************************
> ***************
. 
.  
.  cap program drop makefigure_chovertimeWB_before

.  program define makefigure_chovertimeWB_before
  1.  syntax , [Tmin(real 12) Tmax(real 16)]
  2. 
.                                 foreach t of numlist -`tmin'(4)-4 {
  3.                                 
.                                                 local nt = -`t' 
  4.                                                 nlcom ((((${belowWBF`nt'}+
> ${aboveWBF`nt'})*4/$EWB ) - ///
>                                                 (((${belowF`nt'} + ${aboveF`n
> t'})*(4)*(1/${E}))/${B}))) /(1+(((${belowF`nt'} + ${aboveF`nt'})*(4)*(1/${E})
> )/${B}))                                                              // Mult
> iplying by 4 because of the number of bins (treatments at 1$ increments, bins
>  at 25 cents).
  5.                                                 mat temp1 = r(b)
  6.                                                 local temp1 = temp1[1,1]
  7.                                                 mat temp2 = r(V)
  8.                                                 local temp2 = sqrt(temp2[1
> ,1])
  9.                                                 
.                                                 replace be_timeb             
>    = `temp1'       if counter==`t'
 10.                                                 replace be_timese         
>       = `temp2'               if counter==`t'
 11.                                                 replace be_timeupper      
>       = `temp1' + invttail(e(df_r), 0.025)*`temp2'    if counter==`t'
 12.                                                 replace be_timelower      
>       = `temp1' - invttail(e(df_r), 0.025)*`temp2'    if counter==`t'
 13.                                                 
.                 /*                              
>                                                 lincom ((((${belowWBF`nt'}+${
> aboveWBF`nt'})*4/$EWB ) - ///
>                                                 (((${belowF`nt'} + ${aboveF`n
> t'})*(4)*(1/${E}))/${B})*(${MW_real}/(${EWB}/(${B}*${E})))   ))    
>                                         
>                                         
>                                                 replace be_timeb             
>    = r(estimate)   if counter==`t'
>                                                 replace be_timese            
>    = r(se)                 if counter==`t'
>                                                 replace be_timeupper         
>    = r(estimate) + invttail(r(df), 0.025)*r(se)    if counter==`t'
>                                                 replace be_timelower         
>    = r(estimate) - invttail(r(df), 0.025)*r(se)    if counter==`t'
>                                                 
>                 */                              
.                                                 
.                                         }  //end of t<-4
 14. 
.                                         
.                                         
.                                         
. end

. 
.  cap program drop makefigure_chovertimeWB_after

.  program define makefigure_chovertimeWB_after
  1.  syntax , [Tmin(real 12) Tmax(real 16)]
  2.  
.  
.  
.         foreach t of numlist 0(4)`tmax' {
  3.                                                 nlcom ((((${belowWBL`t'}+$
> {aboveWBL`t'})*4/$EWB ) - ///
>                                                 (((${belowL`t'} + ${aboveL`t'
> })*(4)*(1/${E}))/${B}))) /(1+(((${belowL`t'} + ${aboveL`t'})*(4)*(1/${E}))/${
> B}))                                                          // Multiplying 
> by 4 because of the number of bins (treatments at 1$ increments, bins at 25 c
> ents).
  4.                                                 mat temp1 = r(b)
  5.                                                 local temp1 = temp1[1,1]
  6.                                                 mat temp2 = r(V)
  7.                                                 local temp2 = sqrt(temp2[1
> ,1])
  8. 
.                                                 replace be_timeb             
>    = `temp1'       if counter==`t'
  9.                                                 replace be_timese         
>       = `temp2'               if counter==`t'
 10.                                                 replace be_timeupper      
>       = `temp1' + invttail(e(df_r), 0.025)*`temp2'    if counter==`t'
 11.                                                 replace be_timelower      
>       = `temp1' - invttail(e(df_r), 0.025)*`temp2'    if counter==`t'
 12. 
. /*
>                                                 lincom ((((${belowWBL`t'}+${a
> boveWBL`t'})*4/$EWB ) - ///
>                                                 (((${belowL`t'} + ${aboveL`t'
> })*(4)*(1/${E}))/${B})*(${MW_real}/(${EWB}/(${B}*${E}))) ))                  
>                                               // Multiplying by 4 because of 
> the number of bins (treatments at 1$ increments, bins at 25 cents).
> 
>                                                 replace be_timeb             
>    = r(estimate)   if counter==`t'
>                                                 replace be_timese            
>    = r(se)                 if counter==`t'
>                                                 replace be_timeupper         
>    = r(estimate) + invttail(r(df), 0.025)*r(se)    if counter==`t'
>                                                 replace be_timelower         
>    = r(estimate) - invttail(r(df), 0.025)*r(se)    if counter==`t'
> 
> */
.                                                 }   //end of t==0       
 13. *
.                                                 twoway (scatter be_timeb coun
> ter  , msymbol(D) mcolor(blue) yline(0, lcolor(gs10) lwidth(vvthin)) xline(0,
>  lpattern(dash) lcolor(black) )) ///
>                                                 (line be_timeb counter, lcolo
> r(blue) lpattern(dash)  lwidth(thick) ) ///
>                                                 (rcap be_timeupper be_timelow
> er counter, lcolor(blue) lwidth(thick) ), graphregion(color(white)) ///
>                                                 xlabel(-12 "-3" -8 "-2" -4 "-
> 1" 0 "0" 4 "1" 8 "2" 12 "3" 16 "4", labsize(medsmall))     ///
>                                                 ylabel(, labsize(medsmall)) l
> egend(off) xtitle("Annualized event time", size(medsmall)) 
 14. 
. end

. 
. 
. *Alternative
. 
.                         *****************************************************
> ***************
.                         ****************      Before               **********
> ***************
.                         *****************************************************
> ***************
. 
.  
.  cap program drop makefigure_chovertimeWB_b_alt

.  program define makefigure_chovertimeWB_b_alt
  1.  syntax , [Tmin(real 12) Tmax(real 16) SECONDmethod(string)]
  2. 
.                                 foreach t of numlist -`tmin'(4)-4 {
  3.                                 
.                                                 local nt = -`t' 
  4.                                                 nlcom ((${aboveWBF`nt'`sec
> ondmethod'})*4/$EWB ) // Multiplying by 4 because of the number of bins (trea
> tments at 1$ increments, bins at 25 cents).
  5.                                                 mat temp1 = r(b)
  6.                                                 local temp1 = temp1[1,1]
  7.                                                 mat temp2 = r(V)
  8.                                                 local temp2 = sqrt(temp2[1
> ,1])
  9. 
.                                                 replace be_timeb             
>    = `temp1'       if counter==`t'
 10.                                                 replace be_timese         
>       = `temp2'               if counter==`t'
 11.                                                 replace be_timeupper      
>       = `temp1' + invttail(e(df_r), 0.025)*`temp2'    if counter==`t'
 12.                                                 replace be_timelower      
>       = `temp1' - invttail(e(df_r), 0.025)*`temp2'    if counter==`t'
 13.                                                 
.                                                 
.                                                 
.                                         }  //end of t<-4
 14. 
. end

. 
.  cap program drop makefigure_chovertimeWB_a_alt

.  program define makefigure_chovertimeWB_a_alt
  1.  syntax , [Tmin(real 12) Tmax(real 16) SECONDmethod(string)]
  2.  
.  
.  
.         foreach t of numlist 0(4)`tmax' {
  3.                                                 nlcom ((${aboveWBL`t'`seco
> ndmethod'})*4/$EWB )                                                         
>  // Multiplying by 4 because of the number of bins (treatments at 1$ incremen
> ts, bins at 25 cents).
  4.                                                 mat temp1 = r(b)
  5.                                                 local temp1 = temp1[1,1]
  6.                                                 mat temp2 = r(V)
  7.                                                 local temp2 = sqrt(temp2[1
> ,1])
  8. 
.                                                 replace be_timeb             
>    = `temp1'       if counter==`t'
  9.                                                 replace be_timese         
>       = `temp2'               if counter==`t'
 10.                                                 replace be_timeupper      
>       = `temp1' + invttail(e(df_r), 0.025)*`temp2'    if counter==`t'
 11.                                                 replace be_timelower      
>       = `temp1' - invttail(e(df_r), 0.025)*`temp2'    if counter==`t'
 12.                                                 
. 
.                                                 }   //end of t==0       
 13. *
.                                                 twoway (scatter be_timeb coun
> ter  , msymbol(D) mcolor(blue) yline(0, lcolor(gs10) lwidth(vvthin)) xline(0,
>  lpattern(dash) lcolor(black) )) ///
>                                                 (line be_timeb counter, lcolo
> r(blue) lpattern(dash)  lwidth(thick) ) ///
>                                                 (rcap be_timeupper be_timelow
> er counter, lcolor(blue) lwidth(thick) ), graphregion(color(white)) ///
>                                                 xlabel(-12 "-3" -8 "-2" -4 "-
> 1" 0 "0" 4 "1" 8 "2" 12 "3" 16 "4", labsize(medsmall))     ///
>                                                 ylabel(, labsize(medsmall)) l
> egend(off) xtitle("Annualized event time", size(medsmall)) 
 14. 
. end

. 
. 
. 
. 
. 
. 
. 
. *****************************************************************************
> ***
. ******************      Program for creating tables          ****************
> ***
. *****************************************************************************
> *** 
.  
.  
. cap program drop Table_create

. program define Table_create
  1. syntax namelist , Tablename(string) [Group(string) Startyear(real 1979) Mg
> roup(string) MPattern(string) Footnotes(string)]
  2. 
.         tokenize `namelist'
  3.         local i: word count `namelist'
  4.         di "`i'"
  5.         forval num=1(1)`i'{
  6.         local temp "ta_`group'_`startyear'_``num'' "
  7.         local full_list: list full_list | temp 
  8.         }       
  9. 
.         if "`mgroup'" == ""{
 10.         esttab  `full_list' using "${tables}`tablename'.tex",   /// 
>         replace stats(below_Eb below_Ese above_Eb above_Ese  blankspace WB_Eb
>  WB_Ese  bunching_Eb bunching_Ese blankspace bunchelas_Eb bunchelas_Ese labor
> dem_Eb labordem_Ese blankspace  belsh  minwpc  numevent numobs blankspace bla
> nkspace wagebinstate /*periodfe*/ wagebinperiod trend qtrend divtime stp, lab
> el("Missing jobs below new MW (`=char(36)' \Delta `=char(36)' b)" " " "Excess
>  jobs above new MW (`=char(36)' \Delta `=char(36)' a)"  " " " "   "\%`=char(3
> 6)'\Delta`=char(36)' affected wages" " " "\%`=char(36)'\Delta`=char(36)' affe
> cted employment " " " " "  "Employment elasticity w.r.t. MW" " " "Emp. elasti
> city w.r.t. affected wage" " " " " "Jobs below new MW (`=char(36)'\overline{b
> }\ _{-1}`=char(36)')" "\%`=char(36)'\Delta`=char(36)' MW" "\# Event " "N " " 
> " "\underline{\textit{Controls}}" "Bin-state FE" /*"Period FE"*/ "Bin-period 
> FE " "Bin-state linear trends" "Bin-state quadratic trends" "Bin-division-per
> iod FE" "State-period FE" )) ///
>         nodep addnotes("`footnotes'") nogaps cells(none) nomtitles fragment b
> ooktabs
 11.         }
 12.         else{
 13.         local numberword : word count `mgroup'
 14.                 forval ii = 1/`numberword' {
 15.                         local mgroup`ii' : word `ii' of `mgroup'
 16.                 }
 17.         
.         esttab  `full_list' using "${tables}`tablename'.tex",   /// 
>         replace stats(below_Eb below_Ese above_Eb above_Ese  blankspace WB_Eb
>  WB_Ese  bunching_Eb bunching_Ese blankspace bunchelas_Eb bunchelas_Ese labor
> dem_Eb labordem_Ese blankspace  belsh  minwpc  numevent numobs blankspace bla
> nkspace wagebinstate /*periodfe*/ wagebinperiod trend qtrend divtime stp, lab
> el("Missing jobs below new MW (`=char(36)' \Delta `=char(36)' b)" " " "Excess
>  jobs above new MW (`=char(36)' \Delta `=char(36)' a)" " " " "   "\%`=char(36
> )'\Delta`=char(36)' affected wages" " " "\%`=char(36)'\Delta`=char(36)' affec
> ted employment " " " " "  "Employment elasticity w.r.t. MW" " " "Emp. elastic
> ity w.r.t. affected wage" " " " " "Jobs below new MW (`=char(36)'\overline{b}
> \ _{-1}`=char(36)')" "\%`=char(36)'\Delta`=char(36)' MW" "\# Event " "N " " "
>  "\underline{\textit{Controls}}" "Bin-state FE" /*"Period FE"*/ "Bin-period F
> E " "Bin-state linear trends" "Bin-state quadratic trends" "Bin-division-peri
> od FE" "State-period FE" )) ///
>         nodep  addnotes("`footnotes'") nogaps cells(none) nomtitles mgroups("
> `mgroup1'" "`mgroup2'", pattern("`mpattern'") prefix(\multicolumn{@span}{c}{)
>  suffix(}) span erepeat(\cmidrule(lr){@span})) fragment booktabs      
 18.         }
 19. end

. 
. 
. *****************************************************************************
> ***
. ******    Above and Below Bunches for Quantiles and Persistent Events     ***
> ***
. *****************************************************************************
> ***
. 
. 
. cap program drop abovebelowqpersbunch

. program define abovebelowqpersbunch
  1. syntax ,  [Tmin(real 12) Tmax(real 16) Wmax(real 4) Wmin(real 4)]
  2. 
. foreach y in pers q{
  3. foreach t of numlist -`tmin'(4)`tmax' {
  4. 
.         if `t' < -4  {  
  5.                 local nt = -`t' 
  6.                 global aboveF`nt'`y' "(_b[F`nt'treat`y'_p0] )"
  7.                 forval j = 1/`wmax' {
  8.                         global aboveF`nt'`y' "${aboveF`nt'`y'} + (_b[F`nt'
> treat`y'_p`j'] )"
  9.                 }
 10.                 global belowF`nt'`y' "(_b[F`nt'treat`y'_m1] )"
 11.                 forval j = 2/`wmin' {
 12.                         global belowF`nt'`y' "${belowF`nt'`y'} + (_b[F`nt'
> treat`y'_m`j'] )"
 13.                 }
 14. 
.     }
 15.  
.         if `t' == -4 {
 16.                 global aboveF4`y' "0"
 17.                 global belowF4`y' "0"
 18.         }
 19.  
.         if `t' == 0 {   
 20.                  
.                 global aboveL`t'`y' "(_b[treat`y'_p0])"
 21.                 forval j = 1/`wmax' {
 22.                         global aboveL`t'`y' "${aboveL`t'`y'} + (_b[treat`y
> '_p`j'] )"
 23.                 }
 24.                 global belowL`t'`y' "(_b[treat`y'_m1] )"
 25.                 forval j = 2/`wmin' {
 26.                         global belowL`t'`y' "${belowL`t'`y'} + (_b[treat`y
> '_m`j'])"
 27.                 }
 28. 
.     }
 29.         
.    if `t' > 0 { 
 30.                  
.                 global aboveL`t'`y' "(_b[L`t'treat`y'_p0])"
 31.                 forval j = 1/`wmax' {
 32.                         global aboveL`t'`y' "${aboveL`t'`y'} + (_b[L`t'tre
> at`y'_p`j'])"
 33.                 }
 34.                 global belowL`t'`y' "(_b[L`t'treat`y'_m1] )"
 35.                 forval j = 2/`wmin' {
 36.                         global belowL`t'`y' "${belowL`t'`y'} + (_b[L`t'tre
> at`y'_m`j'] )"
 37.                 }
 38. 
.     }
 39.         
.  
.  } 
 40.  }
 41.  *
. end 

. 
.  
. cap program drop abovebelowqpersfull

. program define abovebelowqpersfull
  1. syntax ,  [Tmin(real 12) Tmax(real 16) Wmax(real 4) Wmin(real 4)]
  2. 
.  
.  foreach y in pers q{
  3. global above_full`y' "${aboveL0`y'}"
  4. global below_full`y' "${belowL0`y'}"
  5. 
. foreach t of numlist 4(4)`tmax' {
  6.                         
.                                 global below_full`y' "${below_full`y'} + ${be
> lowL`t'`y'}"
  7.                                 global above_full`y' "${above_full`y'} + $
> {aboveL`t'`y'}"
  8.  }
  9.  }
 10. *
. 
. end

. 
. *****************************************************************************
> ***
. *************     Above and below bunches of wages           ****************
> ***
. *****************************************************************************
> ***
. 
. 
. 
. cap program drop abovebelowWBqpersbunch

. program define abovebelowWBqpersbunch
  1. syntax , Y(string) [Tmin(real 12) Tmax(real 16) Wmax(real 4) Wmin(real 4)]
  2. 
. 
. 
. 
.                                 foreach t of numlist -`tmin'(4)`tmax' {
  3.                                 
.                                                 if `t' < -4  {  
  4.                                                         local nt = -`t' 
  5.                                                         global aboveWBF`nt
> '`y' "((_b[F`nt'treat`y'_p0])*(${wagemult`y'}+0) )"
  6.                                                 forval j = 1/`wmax' {
  7.                                                         global aboveWBF`nt
> '`y' "${aboveWBF`nt'`y'} + ((_b[F`nt'treat`y'_p`j'])*(${wagemult`y'}+`j') )"
  8.                                                 }
  9.                                                 global belowWBF`nt'`y' "((
> _b[F`nt'treat`y'_m1])*(${wagemult`y'}-1) )"
 10.                                                 forval j = 2/`wmin' {
 11.                                                         global belowWBF`nt
> '`y' "${belowWBF`nt'`y'} + ((_b[F`nt'treat`y'_m`j'])*(${wagemult`y'}-`j') )"
 12.                                                 }
 13. 
.                                         }
 14. 
.                                 
. 
.                                         if `t' == 0 {   
 15.                  
.                                                 global aboveWBL`t'`y' "((_b[t
> reat`y'_p0])*(${wagemult`y'}+0))"
 16.                                                 forval j = 1/`wmax' {
 17.                                                         global aboveWBL`t'
> `y' "${aboveWBL`t'`y'} + ((_b[treat`y'_p`j'])*(${wagemult`y'}+`j') )"
 18.                                                 }
 19.                                                 global belowWBL`t'`y' "((_
> b[treat`y'_m1])*(${wagemult`y'}-1) )"
 20.                                                 forval j = 2/`wmin' {
 21.                                                         global belowWBL`t'
> `y' "${belowWBL`t'`y'} + ((_b[treat`y'_m`j'])*(${wagemult`y'}-`j') )"
 22.                                                 }
 23. 
.                                         }
 24.         
.                                         if `t' > 0 {    
 25.                  
.                                                 global aboveWBL`t'`y' "((_b[L
> `t'treat`y'_p0])*(${wagemult`y'}+0))"
 26.                                                 forval j = 1/`wmax' {
 27.                                                         global aboveWBL`t'
> `y' "${aboveWBL`t'`y'} + ((_b[L`t'treat`y'_p`j'])*(${wagemult`y'}+`j'))"
 28.                                                 }
 29.                                                 global belowWBL`t'`y' "((_
> b[L`t'treat`y'_m1])*(${wagemult`y'}-1) )"
 30.                                                 forval j = 2/`wmin' {
 31.                                                         global belowWBL`t'
> `y' "${belowWBL`t'`y'} + ((_b[L`t'treat`y'_m`j'])*(${wagemult`y'}-`j'))"
 32.                                                 }
 33. 
.                                         }
 34.         
.  
.                         } 
 35.                         global aboveWBF4`y' = 0
 36.                         global belowWBF4`y' = 0
 37. 
.                         
. end                     

.  
. cap program drop abovebelowWBqpersfull

. program define abovebelowWBqpersfull
  1. syntax , Y(string) [Tmin(real 12) Tmax(real 16) Wmax(real 4) Wmin(real 4)]
  2. 
.  
.                         global aboveWB_full`y' "${aboveWBL0`y'}"
  3.                         global belowWB_full`y' "${belowWBL0`y'}"
  4. 
.                         foreach t of numlist 4(4)`tmax' {
  5.                         
.                                 global belowWB_full`y' "${belowWB_full`y'} + 
> ${belowWBL`t'`y'}"
  6.                                 global aboveWB_full`y' "${aboveWB_full`y'}
>  + ${aboveWBL`t'`y'}"
  7.                         }
  8. *
.                         
. end             

. 
. 
. *****************************************************************************
> ***
. *****************************************************************************
> ***
. *****************************************************************************
> ***
. 
. cap program drop correctaggcont

. program define correctaggcont
  1. syntax , [TMIn(real 12) TMAx(real 16) WMAx(real 4) WMIn(real 4)]
  2. 
. 
. if `tmin'!=12 | `tmax'!=16 | `wmax'!=4 | `wmin'!=4{
  3. *
. cap drop _contf_p
  4. cap drop postcontf_p
  5. cap drop postcontf_m
  6. cap drop tempcontf_p
  7. cap drop tempcontf_m
  8. g _contf_p = 0
  9. replace _contf_p = 1 if (fedincrease==1 &  overallcountgroup>0 & $ifclause
>  ) &  (wageM25>=(MW_realM25 - 0) &  wageM25 < (MW_realM25 +1 + `wmax' - 0))
 10. g tempcontf_p = _contf_p + L._contf_p + L2._contf_p + L3._contf_p
 11. 
. local Tmax3 = `tmax' + 3
 12. forval i = 0(1)`Tmax3'{
 13.         if `i' == 0{
 14.         g postcontf_p = _contf_p
 15. 
.         }
 16.         else {
 17.         replace postcontf_p = postcontf_p + L`i'._contf_p
 18.         sum postcontf_p, meanonly
 19.         assert r(mean)!=0
 20.         }
 21. }
 22. cap drop _contf_p
 23. 
. cap drop _contf_m
 24. g _contf_m = 0
 25. replace _contf_m = 1 if (fedincrease==1 &  overallcountgroup>0 & $ifclause
>  ) &  (wageM25<(MW_realM25 - 0)  &  wageM25 >= (MW_realM25 -  `wmin' - 0 ))  
>  
 26. g tempcontf_m = _contf_m + L._contf_m + L2._contf_m + L3._contf_m
 27. forval i = 0(1)`Tmax3'{
 28.         if `i' == 0{
 29.         g postcontf_m = _contf_m
 30.         }
 31.         else {
 32.         replace postcontf_m = postcontf_m + L`i'._contf_m
 33.         sum postcontf_m, meanonly
 34.         assert r(mean)!=0
 35. 
.         }
 36. }
 37. cap drop _contf_m
 38. 
. 
. 
. *Leads
. cap drop precontf_*
 39. cap drop earlycontf_*
 40. if `tmin' == 12{
 41.         foreach k in m p {
 42.                 g precontf_`k' = F4.tempcontf_`k'
 43.                 replace precontf_`k' = 0 if precontf_`k' == .
 44.                 
.         }
 45. *
. 
. foreach k in m p {
 46.                 g earlycontf_`k' = F12.tempcontf_`k' + F8.tempcontf_`k'
 47.                 replace earlycontf_`k' = 0 if earlycontf_`k' == .
 48.                 
.         }
 49. }
 50. if `tmin'==8{
 51.         foreach k in m p {
 52.                 g precontf_`k' = F4.tempcontf_`k'
 53.                 replace precontf_`k' = 0 if precontf_`k' == .
 54. 
.         }
 55. *
. 
. foreach k in m p {
 56.                 g earlycontf_`k' = F8.tempcontf_`k'
 57.                 replace earlycontf_`k' = 0 if earlycontf_`k' == .
 58.                 
.         }
 59. 
. 
. 
. }
 60. *
. 
. *************   Other    
. 
. cap drop tempcont_*
 61. cap drop postcont_*
 62. cap drop _cont_p
 63. g _cont_p = 0
 64. replace _cont_p = 1 if ($missedevents | toosmall==1) &  (wageM25>=(MW_real
> M25 - 0) &  wageM25 < (MW_realM25 +1 + `wmax' - 0))
 65. g tempcont_p = _cont_p + L._cont_p + L2._cont_p + L3._cont_p
 66. 
. local Tmax3 = `tmax' + 3
 67. forval i = 0(1)`Tmax3'{
 68.         if `i' == 0{
 69.         g postcont_p = _cont_p
 70.         }
 71.         else {
 72.         replace postcont_p = postcont_p + L`i'._cont_p
 73.         }
 74. }
 75. cap drop _cont_p
 76. 
. cap drop _cont_m
 77. g _cont_m = 0
 78. replace _cont_m = 1 if ($missedevents | toosmall==1) &  (wageM25<(MW_realM
> 25 - 0)  &  wageM25 >= (MW_realM25 -  `wmin' - 0 ))   
 79. g tempcont_m = _cont_m + L._cont_m + L2._cont_m + L3._cont_m
 80. forval i = 0(1)`Tmax3'{
 81.         if `i' == 0{
 82.         g postcont_m = _cont_m
 83.         }
 84.         else {
 85.         replace postcont_m = postcont_m + L`i'._cont_m
 86.         }
 87. }
 88. cap drop _cont_m
 89. 
. cap drop precont_*
 90. cap drop earlycont_*
 91. if `tmin'==12{
 92.         foreach k in m p {
 93.                 g precont_`k' = F4.tempcont_`k'
 94.                 replace precont_`k' =  0 if precont_`k' == .
 95.                 
.         }
 96. *
. 
. foreach k in m p {
 97.                 g earlycont_`k' = F12.tempcont_`k' + F8.tempcont_`k'
 98.                 replace earlycont_`k' = 0 if earlycont_`k' == .
 99.                 
.         }
100. }
101. if `tmin'==8{
102.         foreach k in m p {
103.                 g precont_`k' = F4.tempcont_`k'
104.                 replace precont_`k' =  0 if precont_`k' == .            
105.                 
.         }
106. *
. 
. foreach k in m p {
107.                 g earlycont_`k' =  F8.tempcont_`k'
108.                 replace earlycont_`k' = 0 if earlycont_`k' == .
109.                 
.         }
110. 
. }
111. 
. replace postcont_p = 0 if postcont_p==.
112. replace postcont_m = 0 if postcont_m==.
113. 
. replace postcontf_p = 0 if postcontf_p==.
114. replace postcontf_m = 0 if postcontf_m==.
115. 
. }
116. 
. else{
117. di "No need to correct anything. You are using the default settings."
118. }
119. end

. 
.                         
. *****************************************************************************
> ***
. ************     Do file to define placebo treatment globals         ********
> ***
. *****************************************************************************
> ***
. 
. cap program drop placebowindows1

. program define placebowindows1
  1. syntax  , Wmax(real) TRUEwmax(real) [Tmax(real 16) Tmin(real 12)]  
  2. 
. 
.                         *****************************************************
> ***************
.                         ***************         Placebo Treatment Vector     
>       *********
.                         *****************************************************
> ***************
. 
. global placeboafter1 " "
  3. global placebobefore1 " "
  4. global placebocontafter1 " "
  5. 
.  local wmin = `truewmax'  + 1
  6. di "Placebo wmin and wmax should not be too far apart." 
  7. di "`wmax' - `wmin'"
  8. assert `wmax' - `wmin' < 9
  9.  
. forval k = 0(4)`tmax'   {
 10.         if `k' < 0 {
 11.                 local nk = -`k'
 12.                 local K  "F`nk'"
 13.         }       
 14.         
.         
.         if `k' == 0 {
 15.                 local K  ""
 16.         }       
 17.         
.         if `k' > 0 {
 18.                 local K  "L`k'"
 19.         }       
 20.         
.         
.         foreach j of numlist `wmin'(1)`wmax'       {
 21.                 global placeboafter1 = "$placeboafter1 `K'treat_p`j'"
 22.                 global placebocontafter1 = "$placebocontafter1  i.one#c.`K
> 'treat_p`j'"
 23.                 }
 24.         }
 25. * 
.  
. global placebobefore1 " " 
 26. 
. 
. forval k = -`tmin'(4)-8   {
 27. if `k'!=-4{
 28.         if `k' < 0 {
 29.                 local nk = -`k'
 30.                 local K  "F`nk'"
 31.         }       
 32.         
.         
.         if `k' == 0 {
 33.                 local K  ""
 34.         }       
 35.         
.         if `k' > 0 {
 36.                 local K  "L`k'"
 37.         }       
 38.         
.         
.         foreach j of numlist `wmin'(1)`wmax'  {
 39.                 global placebobefore1 = "$placebobefore1 i.one#c.`K'treat_
> p`j'"
 40.         }
 41.         }
 42.         
. }
 43. *
. 
. 
. 
. global windowpl1 " "
 44.         
.         foreach j of numlist  `wmin'(1)`wmax' {
 45.                 global windowpl1 = "$windowpl1 i.one#c.windowpl1_p`j' "
 46.         }
 47. 
. 
. *
. 
. 
. 
. 
. end

. 
. 
. 
. 
. *****************************************************************************
> ***
. ************     Do file to define treatment globals         ****************
> ***
. *****************************************************************************
> ***
. 
. cap program drop placebowindows2

. program define placebowindows2
  1. syntax  , Wmax(real) PREVwmax(real) [Tmax(real 16) Tmin(real 12)]  
  2. 
. 
.                         *****************************************************
> ***************
.                         ***********************         Treatment Vector     
>       *********
.                         *****************************************************
> ***************
. 
. global placeboafter2 " "
  3. global placebobefore2 " "
  4. global placebocontafter2 " "
  5. 
.  local wmin = `prevwmax'  + 1
  6. di "Placebo wmin and wmax should not be too far apart." 
  7. di "`wmax' - `wmin'"
  8. assert `wmax' - `wmin' < 9
  9. local winf = `wmax' + 1
 10.  
. forval k = 0(4)`tmax'   {
 11.         if `k' < 0 {
 12.                 local nk = -`k'
 13.                 local K  "F`nk'"
 14.         }       
 15.         
.         
.         if `k' == 0 {
 16.                 local K  ""
 17.         }       
 18.         
.         if `k' > 0 {
 19.                 local K  "L`k'"
 20.         }       
 21.         
.         
.         foreach j of numlist `wmin'(1)`winf'       {
 22.                 global placeboafter2 = "$placeboafter2 `K'treat_p`j'"
 23.                 global placebocontafter2 = "$placebocontafter2  i.one#c.`K
> 'treat_p`j'"
 24.                 }
 25.         }
 26. * 
. 
. 
. forval k = -`tmin'(4)-8   {
 27. if `k'!=-4{
 28.         if `k' < 0 {
 29.                 local nk = -`k'
 30.                 local K  "F`nk'"
 31.         }       
 32.         
.         
.         if `k' == 0 {
 33.                 local K  ""
 34.         }       
 35.         
.         if `k' > 0 {
 36.                 local K  "L`k'"
 37.         }       
 38.         
.         
.         foreach j of numlist `wmin'(1)`winf'  {
 39.                 global placebobefore2 = "$placebobefore2 i.one#c.`K'treat_
> p`j'"
 40.         }
 41.         }
 42.         
. }
 43. *
. 
. 
. global windowpl2 " "
 44.         
.         foreach j of numlist  `wmin'(1)`winf' {
 45.                 global windowpl2 = "$windowpl2 i.one#c.windowpl2_p`j' "
 46.         }
 47. 
. 
. 
. 
. end

. 
. *****************************************************************************
> ***
. *********       Sample correction for placebo estimates        **************
> ***
. *****************************************************************************
> ***                        
. *We need to create multiple for window variables.                       
.                         
. cap program drop placebosamplecorr1

. program define placebosamplecorr1
  1. syntax  , WMAx(real) TRuewmax(real)  
  2.                         
. local wmin = `truewmax' + 1
  3. xtset wagebinstate quarterdate
  4. foreach k of numlist 8(1)`wmax'  {
  5.         cap drop treat_p`k' 
  6.         cap drop _treat_p`k'
  7.         g _treat_p`k'=0
  8.         * replace _treat_p`k' = 1 if (  D.MW_real<. & D.MW>0) &  (wageM25>
> =(MW_realM25+`k') &  wageM25 < (MW_realM25 +1 +`k'))  
.         *       replace _treat_p`k' = 1 if (D.MW_real > 0  & D.MW_real<. & D.
> MW>0) &  (wageM25>=(MW_realM25+`k') &  wageM25 < (MW_realM25 +1 +`k'))
.                 replace _treat_p`k' = 1 if $ifclause &  (wageM25>=(MW_realM25
> +`k' - 0) &  wageM25 < (MW_realM25 +1 +`k' - 0)) & overallcountgroup>0 & fedi
> ncrease!=1
  9.         *       replace _treat_p`k' = 1 if (D.MW_real>=0.75  & D.MW_real<.
>  & D.MW>0) &  (wageM25>=(MW_realM25+`k') &  wageM25 < (MW_realM25 +1 +`k'))
.          g byte treat_p`k' = ( _treat_p`k' +  L._treat_p`k' + L2._treat_p`k' 
> + L3._treat_p`k')
 10.         cap drop _treat_p`k'
 11. 
. }
 12. *
. 
. 
. foreach j in  4 8 12 16 {
 13.         foreach k of numlist 8(1)`wmax' {
 14.                 cap drop F`j'treat_p`k'
 15.                 cap drop L`j'treat_p`k'
 16.                 
.                 g byte F`j'treat_p`k' = F`j'.treat_p`k'
 17.                 g byte L`j'treat_p`k' = L`j'.treat_p`k'
 18.                 
.                 replace F`j'treat_p`k' = 0 if  F`j'treat_p`k'==. 
 19.                 replace L`j'treat_p`k' = 0 if  L`j'treat_p`k'==.          
>       
 20. 
.         }
 21. } 
 22. *
. foreach pm in p{
 23.         foreach num of numlist `wmin'(1)`wmax'{
 24.                 gen windowpl1_`pm'`num' =  F12treat_`pm'`num' +  F8treat_`
> pm'`num' +  F4treat_`pm'`num' + treat_`pm'`num' + L4treat_`pm'`num'  + L8trea
> t_`pm'`num'  + L12treat_`pm'`num'  + L16treat_`pm'`num'  
 25.         }
 26. }
 27. *
. 
. compress
 28. 
. end

. 
. 
. 
. cap program drop placebosamplecorr2

. program define placebosamplecorr2
  1. syntax  , Wmax(real)  PREVwmax(real)   
  2. 
. local wmin = `prevwmax'  + 1
  3. 
. xtset wagebinstate quarterdate
  4. foreach k of numlist `wmin'(1)`wmax'  {
  5.         cap drop treat_p`k' 
  6.         cap drop _treat_p`k'
  7.         g _treat_p`k'=0
  8.         * replace _treat_p`k' = 1 if (  D.MW_real<. & D.MW>0) &  (wageM25>
> =(MW_realM25+`k') &  wageM25 < (MW_realM25 +1 +`k'))  
.         *       replace _treat_p`k' = 1 if (D.MW_real > 0  & D.MW_real<. & D.
> MW>0) &  (wageM25>=(MW_realM25+`k') &  wageM25 < (MW_realM25 +1 +`k'))
.                 replace _treat_p`k' = 1 if $ifclause &  (wageM25>=(MW_realM25
> +`k' - 0) &  wageM25 < (MW_realM25 +1 +`k' - 0)) & overallcountgroup>0 & fedi
> ncrease!=1
  9.         *       replace _treat_p`k' = 1 if (D.MW_real>=0.75  & D.MW_real<.
>  & D.MW>0) &  (wageM25>=(MW_realM25+`k') &  wageM25 < (MW_realM25 +1 +`k'))
.          g byte treat_p`k' = ( _treat_p`k' +  L._treat_p`k' + L2._treat_p`k' 
> + L3._treat_p`k')
 10.         cap drop _treat_p`k'
 11. 
. }
 12. *
. foreach j in  4 8 12 16 {
 13.         foreach k of numlist `wmin'(1)`wmax' {
 14.                 cap drop F`j'treat_p`k'
 15.                 cap drop L`j'treat_p`k'
 16.                 
.                 g byte F`j'treat_p`k' = F`j'.treat_p`k'
 17.                 g byte L`j'treat_p`k' = L`j'.treat_p`k'
 18.                 
.                 replace F`j'treat_p`k' = 0 if  F`j'treat_p`k'==. 
 19.                 replace L`j'treat_p`k' = 0 if  L`j'treat_p`k'==.          
>       
 20.                 
. 
.         }
 21. } 
 22. 
. foreach pm in p {
 23.         foreach num of numlist `wmin'(1)`wmax'{
 24.                 gen windowpl2_`pm'`num' =  F12treat_`pm'`num' +  F8treat_`
> pm'`num' +  F4treat_`pm'`num' + treat_`pm'`num' + L4treat_`pm'`num'  + L8trea
> t_`pm'`num'  + L12treat_`pm'`num'  + L16treat_`pm'`num'  
 25.         }
 26. }
 27. *Final bin
. local winf = `wmax' + 1
 28. foreach k of numlist `winf'  {
 29.         cap drop treat_p`k' 
 30.         cap drop _treat_p`k'
 31.         g byte _treat_p`k'=0
 32.         * replace _treat_p`k' = 1 if (  D.MW_real<. & D.MW>0) &  (wageM25>
> =(MW_realM25+`k') &  wageM25 < (MW_realM25 +1 +`k'))  
.         *       replace _treat_p`k' = 1 if (D.MW_real > 0  & D.MW_real<. & D.
> MW>0) &  (wageM25>=(MW_realM25+`k') &  wageM25 < (MW_realM25 +1 +`k'))
.                 replace _treat_p`k' = 1 if $ifclause &  (wageM25>=(MW_realM25
> +`k' - 0)) & overallcountgroup>0 & fedincrease!=1
 33.         *       replace _treat_p`k' = 1 if (D.MW_real>=0.75  & D.MW_real<.
>  & D.MW>0) &  (wageM25>=(MW_realM25+`k') &  wageM25 < (MW_realM25 +1 +`k'))
.          g byte treat_p`k' = ( _treat_p`k' +  L._treat_p`k' + L2._treat_p`k' 
> + L3._treat_p`k')
 34. 
. }
 35. *
. foreach j in  4 8 12 16 {
 36.         foreach k of numlist `winf' {
 37.                 cap drop F`j'treat_p`k'
 38.                 cap drop L`j'treat_p`k'
 39.                 
.                 g byte F`j'treat_p`k' = F`j'.treat_p`k'
 40.                 g byte L`j'treat_p`k' = L`j'.treat_p`k'
 41.                 
.                 replace F`j'treat_p`k' = 0 if  F`j'treat_p`k'==. 
 42.                 replace L`j'treat_p`k' = 0 if  L`j'treat_p`k'==.          
>       
 43.                 
. 
.         }
 44. } 
 45. 
. foreach pm in p {
 46.         foreach num of numlist `winf'{
 47.                 gen windowpl2_`pm'`num' =  F12treat_`pm'`num' +  F8treat_`
> pm'`num' +  F4treat_`pm'`num' + treat_`pm'`num' + L4treat_`pm'`num'  + L8trea
> t_`pm'`num'  + L12treat_`pm'`num'  + L16treat_`pm'`num'  
 48.         }
 49. }
 50. 
. 
. *Check here!
. bys statenum quarterdate: egen sum_inf = total(_treat_p`winf')
 51. compress
 52. 
. 
. end

. 
. 
. 
. *****************************************************************************
> ***
. *******************          Finer treatment window            **************
> ***
. *****************************************************************************
> ***
. 
. cap program drop finertreatmentwindow

. program define finertreatmentwindow
  1. syntax  [, Tmax(real 16) Tmin(real 12) WMAXcent(real 500) WMINcent(real 40
> 0) WINCrement(real 25) ]  
  2. 
. local wmaxcent2 = `wmaxcent' - `wincrement'
  3. local wincrement2 = `wincrement' * 2
  4.                         
. 
. 
.                         *****************************************************
> ***************
.                         ***********************         Treatment Vector     
>       *********
.                         *****************************************************
> ***************
. 
.  global treatafterm400 ""
  5.  global treatafterm200 ""
  6.  global treatafterp0 ""
  7.  global treatafterp250 ""
  8. 
. foreach vv in 400 200{
  9. forval k = 0(4)`tmax'   {
 10.         local temp = `vv' -200 + 25
 11.         if `k' == 0 {
 12.                 local K  ""
 13.         }       
 14.         
.         if `k' > 0 {
 15.                 local K  "L`k'"
 16.         }       
 17.         
.         
.         foreach j of numlist `vv'(`wincrement')`temp'      {
 18.                 global treatafterm`vv' = "${treatafterm`vv'} `K'treat_m`j'
> "
 19.         }
 20.         }
 21. }
 22. * 
. 
. foreach vv in 0 250{
 23. forval k = 0(4)`tmax'   {
 24.         local temp = `vv' +250 - 25
 25.         if `k' == 0 {
 26.                 local K  ""
 27.         }       
 28.         
.         if `k' > 0 {
 29.                 local K  "L`k'"
 30.         }       
 31.         
.         
.         foreach j of numlist `vv'(`wincrement')`temp'      {
 32.                 global treatafterp`vv' = "${treatafterp`vv'} `K'treat_p`j'
> "
 33.         }
 34.         }
 35. }
 36. * 
. 
.  
. global controlafterm400 " " 
 37. global controlafterm200 " " 
 38. global controlafterp0 " " 
 39. global controlafterp250 " " 
 40. 
. foreach vv in 400 200{
 41. forval k = 0(4)`tmax'   {
 42.         if `k' < 0 {
 43.                 local nk = -`k'
 44.                 local K  "F`nk'"
 45.         }       
 46.         local temp = `vv' -200 + 25
 47.         
.         if `k' == 0 {
 48.                 local K  ""
 49.         }       
 50.         
.         if `k' > 0 {
 51.                 local K  "L`k'"
 52.         }       
 53.         
.         
.         foreach j of numlist `vv'(`wincrement')`temp'       {
 54.                 global controlafterm`vv' = "${controlafterm`vv'} i.one#c.`
> K'treat_m`j'"
 55.         }
 56.         }
 57. }
 58. *
. foreach vv in 0 250{
 59. forval k = 0(4)`tmax'   {
 60.         if `k' < 0 {
 61.                 local nk = -`k'
 62.                 local K  "F`nk'"
 63.         }       
 64.         local temp = `vv' + 250 - 25
 65.         
.         if `k' == 0 {
 66.                 local K  ""
 67.         }       
 68.         
.         if `k' > 0 {
 69.                 local K  "L`k'"
 70.         }       
 71.         
.         
.         foreach j of numlist `vv'(`wincrement')`temp'       {
 72.                 global controlafterp`vv' = "${controlafterp`vv'} i.one#c.`
> K'treat_p`j'"
 73.         }
 74.         }
 75. }
 76. * 
. global controlbefore " "
 77. forval k = -`tmin'(4)-8   {
 78. if `k'!=-4{
 79.         if `k' < 0 {
 80.                 local nk = -`k'
 81.                 local K  "F`nk'"
 82.         }       
 83.         
.         
.         if `k' == 0 {
 84.                 local K  ""
 85.         }       
 86.         
.         if `k' > 0 {
 87.                 local K  "L`k'"
 88.         }       
 89.         
.         
.         foreach j of numlist `wmincent'(`wincrement')`wincrement'       {
 90.                 global controlbefore = "$controlbefore i.one#c.`K'treat_m`
> j'"
 91.         }
 92.         foreach j of numlist  0(`wincrement')`wmaxcent2' {
 93.                 global controlbefore = "$controlbefore i.one#c.`K'treat_p`
> j'"
 94.         }
 95.         }
 96.         
. }
 97. 
. 
. global window " "
 98.         
.         foreach j of numlist `wmincent'(`wincrement')`wincrement'       {
 99.                 global window = "$window i.one##c.window_m`j' "
100.         }
101.         foreach j of numlist  0(`wincrement')`wmaxcent2' {
102.                 global window = "$window i.one##c.window_p`j' "
103.         }
104. 
. 
. 
. end

. 
. 
. *****************************************************************************
> ***
. *****************************************************************************
> ***
. *****************************************************************************
> ***
. 
. 
. cap program drop finertreatmentdefinition

. program define finertreatmentdefinition
  1. syntax  [, WMAXcent(real 500) WMINcent(real 400) WINCrement(real 25) ]  
  2. 
. cap drop *treat_*
  3. cap drop window_*
  4. local wmaxcent2 = `wmaxcent' - `wincrement'
  5. 
. xtset wagebinstate quarterdate
  6. forval k = 0(`wincrement')`wmaxcent2'  {
  7.         cap drop treat_p`k' 
  8.         cap drop _treat_p`k'
  9.         g _treat_p`k'=0
 10.         local num = `k'/100
 11.         * replace _treat_p`k' = 1 if (  D.MW_real<. & D.MW>0) &  (wageM25>
> =(MW_realM25+`k') &  wageM25 < (MW_realM25 +1 +`k'))  
.         *       replace _treat_p`k' = 1 if (D.MW_real > 0  & D.MW_real<. & D.
> MW>0) &  (wageM25>=(MW_realM25+`k') &  wageM25 < (MW_realM25 +1 +`k'))
.                 replace _treat_p`k' = 1 if $ifclause &  (wageM25>=(MW_realM25
> +`num' - 0.25) &  wageM25 < (MW_realM25 + (`wincrement'/100) +`num' - 0.25)) 
> & overallcountgroup>0 & fedincrease!=1
 12.         *       replace _treat_p`k' = 1 if (D.MW_real>=0.75  & D.MW_real<.
>  & D.MW>0) &  (wageM25>=(MW_realM25+`k') &  wageM25 < (MW_realM25 +1 +`k'))
.          g byte treat_p`k' = ( _treat_p`k' +  L._treat_p`k' + L2._treat_p`k' 
> + L3._treat_p`k')
 13.         cap drop _treat_p`k'
 14. 
. }
 15. 
. forval k = `wincrement'(`wincrement')`wmincent'  {
 16.         cap drop treat_m`k'
 17.         cap drop _treat_m`k'
 18.         g _treat_m`k'=0
 19.                 local num = `k'/100
 20.         *       replace _treat_m`k' = 1 if ( D.MW_real<.& D.MW>0) & (wageM
> 25<(MW_realM25 - `k' + 1)  &  wageM25 >= (MW_realM25 -`k' ))
.         *       replace _treat_m`k' = 1 if(D.MW_real> 0  & D.MW_real<.& D.MW>
> 0) & (wageM25<(MW_realM25 - `k' + 1)  &  wageM25 >= (MW_realM25 -`k' ))
.                 replace _treat_m`k' = 1 if $ifclause & (wageM25<(MW_realM25 -
>  `num' + (`wincrement'/100) -0.25)  &  wageM25 >= (MW_realM25 -`num' -0.25 ))
>   & overallcountgroup>0 & fedincrease!=1
 21.         *       replace _treat_m`k' = 1 if(D.MW_real>=0.75  & D.MW_real<.&
>  D.MW>0) & (wageM25<(MW_realM25 - `k' + 1)  &  wageM25 >= (MW_realM25 -`k' ))
.         g byte treat_m`k' = ( _treat_m`k' + L._treat_m`k' + L2._treat_m`k' + 
> L3._treat_m`k' )
 22. cap drop _treat_m`k'
 23. }  
 24. *
. 
.  cap drop  Dtreat_p0
 25.  g byte Dtreat_p0 = D.treat_p0 
 26. 
.  
.  foreach j in  4 8 12 16 {
 27.         foreach k in  p {
 28.                 forval l =0(`wincrement')`wmaxcent2'{ 
 29. 
.                 cap drop F`j'treat_`k'`l'
 30.                 cap drop L`j'treat_`k'`l'
 31.                 
.                 g byte F`j'treat_`k'`l' = F`j'.treat_`k'`l'
 32.                 g byte L`j'treat_`k'`l' = L`j'.treat_`k'`l'
 33.                 }
 34.         }
 35. } 
 36. *
.  foreach j in  4 8 12 16 {
 37.         foreach k in  m {
 38.                 forval l = `wincrement'(`wincrement')`wmincent'{ 
 39. 
.                 cap drop F`j'treat_`k'`l'
 40.                 cap drop L`j'treat_`k'`l'
 41.                 
.                 g byte F`j'treat_`k'`l' = F`j'.treat_`k'`l'
 42.                 g byte L`j'treat_`k'`l' = L`j'.treat_`k'`l'
 43.                 }
 44.         }
 45. } 
 46. * 
. 
. 
. foreach pm in p {
 47.                 forval num =0(`wincrement')`wmaxcent2'{ 
 48.                 cap drop  window_`pm'`num' 
 49.                 gen window_`pm'`num' =  F12treat_`pm'`num' +  F8treat_`pm'
> `num' +  F4treat_`pm'`num' + treat_`pm'`num' + L4treat_`pm'`num'  + L8treat_`
> pm'`num'  + L12treat_`pm'`num'  + L16treat_`pm'`num'  
 50.         }
 51. }
 52. foreach pm in m {
 53.                 forval num = `wincrement'(`wincrement')`wmincent'{ 
 54.                 cap drop  window_`pm'`num' 
 55.                 gen window_`pm'`num' =  F12treat_`pm'`num' +  F8treat_`pm'
> `num' +  F4treat_`pm'`num' + treat_`pm'`num' + L4treat_`pm'`num'  + L8treat_`
> pm'`num'  + L12treat_`pm'`num'  + L16treat_`pm'`num'  
 56.         }
 57. }
 58. *
. compress
 59. 
. end

. 
. 
. 
. *****************************************************************************
> ***
. *****************************************************************************
> ***
. *****************************************************************************
> ***
. 
. 
. cap program drop finertreatmentdefinitionexact

. program define finertreatmentdefinitionexact
  1. syntax  [, WMAXcent(real 500) WMINcent(real 400) WINCrement(real 25) ]  
  2. 
. cap drop *treat_*
  3. cap drop window_*
  4. local wmaxcent2 = `wmaxcent' - `wincrement'
  5. 
. xtset wagebinstate quarterdate
  6. forval k = 0(`wincrement')`wmaxcent2'  {
  7.         cap drop treat_p`k' 
  8.         cap drop _treat_p`k'
  9.         g _treat_p`k'=0
 10.         local num = `k'/100
 11.         * replace _treat_p`k' = 1 if (  D.MW_real<. & D.MW>0) &  (wageM25>
> =(MW_realM25+`k') &  wageM25 < (MW_realM25 +1 +`k'))  
.         *       replace _treat_p`k' = 1 if (D.MW_real > 0  & D.MW_real<. & D.
> MW>0) &  (wageM25>=(MW_realM25+`k') &  wageM25 < (MW_realM25 +1 +`k'))
.                 replace _treat_p`k' = 1 if $ifclause &  (wageM25>=(MW_realM25
> +`num' ) &  wageM25 < (MW_realM25 + (`wincrement'/100) +`num' )) & overallcou
> ntgroup>0 & fedincrease!=1
 12.         *       replace _treat_p`k' = 1 if (D.MW_real>=0.75  & D.MW_real<.
>  & D.MW>0) &  (wageM25>=(MW_realM25+`k') &  wageM25 < (MW_realM25 +1 +`k'))
.          g byte treat_p`k' = ( _treat_p`k' +  L._treat_p`k' + L2._treat_p`k' 
> + L3._treat_p`k')
 13.         cap drop _treat_p`k'
 14. 
. }
 15. 
. forval k = `wincrement'(`wincrement')`wmincent'  {
 16.         cap drop treat_m`k'
 17.         cap drop _treat_m`k'
 18.         g _treat_m`k'=0
 19.                 local num = `k'/100
 20.         *       replace _treat_m`k' = 1 if ( D.MW_real<.& D.MW>0) & (wageM
> 25<(MW_realM25 - `k' + 1)  &  wageM25 >= (MW_realM25 -`k' ))
.         *       replace _treat_m`k' = 1 if(D.MW_real> 0  & D.MW_real<.& D.MW>
> 0) & (wageM25<(MW_realM25 - `k' + 1)  &  wageM25 >= (MW_realM25 -`k' ))
.                 replace _treat_m`k' = 1 if $ifclause & (wageM25<(MW_realM25 -
>  `num' + (`wincrement'/100))  &  wageM25 >= (MW_realM25 -`num' ))  & overallc
> ountgroup>0 & fedincrease!=1
 21.         *       replace _treat_m`k' = 1 if(D.MW_real>=0.75  & D.MW_real<.&
>  D.MW>0) & (wageM25<(MW_realM25 - `k' + 1)  &  wageM25 >= (MW_realM25 -`k' ))
.         g byte treat_m`k' = ( _treat_m`k' + L._treat_m`k' + L2._treat_m`k' + 
> L3._treat_m`k' )
 22. cap drop _treat_m`k'
 23. }  
 24. *
. 
.  cap drop  Dtreat_p0
 25.  g byte Dtreat_p0 = D.treat_p0 
 26. 
.  
.  foreach j in  4 8 12 16 {
 27.         foreach k in  p {
 28.                 forval l =0(`wincrement')`wmaxcent2'{ 
 29. 
.                 cap drop F`j'treat_`k'`l'
 30.                 cap drop L`j'treat_`k'`l'
 31.                 
.                 g byte F`j'treat_`k'`l' = F`j'.treat_`k'`l'
 32.                 g byte L`j'treat_`k'`l' = L`j'.treat_`k'`l'
 33.                 replace F`j'treat_`k'`l' = 0 if F`j'treat_`k'`l'  == .
 34.                 replace L`j'treat_`k'`l' = 0 if  L`j'treat_`k'`l' == .
 35.                 
.                 }
 36.         }
 37. } 
 38. *
.  foreach j in  4 8 12 16 {
 39.         foreach k in  m {
 40.                 forval l = `wincrement'(`wincrement')`wmincent'{ 
 41. 
.                 cap drop F`j'treat_`k'`l'
 42.                 cap drop L`j'treat_`k'`l'
 43.                 
.                 g byte F`j'treat_`k'`l' = F`j'.treat_`k'`l'
 44.                 g byte L`j'treat_`k'`l' = L`j'.treat_`k'`l'
 45.                 replace F`j'treat_`k'`l' = 0 if F`j'treat_`k'`l'  == .
 46.                 replace L`j'treat_`k'`l' = 0 if  L`j'treat_`k'`l' == .
 47.                 
.                 }
 48.         }
 49. } 
 50. * 
. 
. 
. foreach pm in p {
 51.                 forval num =0(`wincrement')`wmaxcent2'{ 
 52.                 cap drop  window_`pm'`num' 
 53.                 gen window_`pm'`num' =  F12treat_`pm'`num' +  F8treat_`pm'
> `num' +  F4treat_`pm'`num' + treat_`pm'`num' + L4treat_`pm'`num'  + L8treat_`
> pm'`num'  + L12treat_`pm'`num'  + L16treat_`pm'`num'  
 54.         }
 55. }
 56. foreach pm in m {
 57.                 forval num = `wincrement'(`wincrement')`wmincent'{ 
 58.                 cap drop  window_`pm'`num' 
 59.                 gen window_`pm'`num' =  F12treat_`pm'`num' +  F8treat_`pm'
> `num' +  F4treat_`pm'`num' + treat_`pm'`num' + L4treat_`pm'`num'  + L8treat_`
> pm'`num'  + L12treat_`pm'`num'  + L16treat_`pm'`num'  
 60.         }
 61. }
 62. *
. compress
 63. 
. end

. 
. 
. 
. *****************************************************************************
> ***
. *****************************************************************************
> ***
. *****************************************************************************
> ***
. 
. 
. cap program drop finertreatmentdefexact_long

. program define finertreatmentdefexact_long
  1. syntax  [, WMINcent(real 400) WINCrement(real 25) ]  
  2. 
. cap drop *treat_*
  3. cap drop window_*
  4. local wmaxcent2 = 1675
  5. 
. xtset wagebinstate quarterdate
  6. forval k = 0(`wincrement')`wmaxcent2'  {
  7.         cap drop treat_p`k' 
  8.         cap drop _treat_p`k'
  9.         g _treat_p`k'=0
 10.         local num = `k'/100
 11.         * replace _treat_p`k' = 1 if (  D.MW_real<. & D.MW>0) &  (wageM25>
> =(MW_realM25+`k') &  wageM25 < (MW_realM25 +1 +`k'))  
.         *       replace _treat_p`k' = 1 if (D.MW_real > 0  & D.MW_real<. & D.
> MW>0) &  (wageM25>=(MW_realM25+`k') &  wageM25 < (MW_realM25 +1 +`k'))
.                 replace _treat_p`k' = 1 if $ifclause &  (wageM25>=(MW_realM25
> +`num' ) &  wageM25 < (MW_realM25 + (`wincrement'/100) +`num' )) & overallcou
> ntgroup>0 & fedincrease!=1
 12.         *       replace _treat_p`k' = 1 if (D.MW_real>=0.75  & D.MW_real<.
>  & D.MW>0) &  (wageM25>=(MW_realM25+`k') &  wageM25 < (MW_realM25 +1 +`k'))
.          g byte treat_p`k' = ( _treat_p`k' +  L._treat_p`k' + L2._treat_p`k' 
> + L3._treat_p`k')
 13.         cap drop _treat_p`k'
 14. 
. }
 15. 
. forval k = `wincrement'(`wincrement')`wmincent'  {
 16.         cap drop treat_m`k'
 17.         cap drop _treat_m`k'
 18.         g _treat_m`k'=0
 19.                 local num = `k'/100
 20.         *       replace _treat_m`k' = 1 if ( D.MW_real<.& D.MW>0) & (wageM
> 25<(MW_realM25 - `k' + 1)  &  wageM25 >= (MW_realM25 -`k' ))
.         *       replace _treat_m`k' = 1 if(D.MW_real> 0  & D.MW_real<.& D.MW>
> 0) & (wageM25<(MW_realM25 - `k' + 1)  &  wageM25 >= (MW_realM25 -`k' ))
.                 replace _treat_m`k' = 1 if $ifclause & (wageM25<(MW_realM25 -
>  `num' + (`wincrement'/100))  &  wageM25 >= (MW_realM25 -`num' ))  & overallc
> ountgroup>0 & fedincrease!=1
 21.         *       replace _treat_m`k' = 1 if(D.MW_real>=0.75  & D.MW_real<.&
>  D.MW>0) & (wageM25<(MW_realM25 - `k' + 1)  &  wageM25 >= (MW_realM25 -`k' ))
.         g byte treat_m`k' = ( _treat_m`k' + L._treat_m`k' + L2._treat_m`k' + 
> L3._treat_m`k' )
 22. cap drop _treat_m`k'
 23. }  
 24. *
. 
.  cap drop  Dtreat_p0
 25.  g byte Dtreat_p0 = D.treat_p0 
 26. 
.  
.  
.  
.  
.  foreach j in  4 8 12 16 {
 27.         foreach k in  p {
 28.                 forval l =0(`wincrement')`wmaxcent2'{ 
 29. 
.                 cap drop F`j'treat_`k'`l'
 30.                 cap drop L`j'treat_`k'`l'
 31.                 
.                 g byte F`j'treat_`k'`l' = F`j'.treat_`k'`l'
 32.                 g byte L`j'treat_`k'`l' = L`j'.treat_`k'`l'
 33.                 replace F`j'treat_`k'`l' = 0 if F`j'treat_`k'`l'  == .
 34.                 replace L`j'treat_`k'`l' = 0 if  L`j'treat_`k'`l' == .
 35.                 }
 36.         }
 37. } 
 38. *
. 
.  foreach j in  4 8 12 16 {
 39.         foreach k in  m {
 40.                 forval l = `wincrement'(`wincrement')`wmincent'{ 
 41. 
.                 cap drop F`j'treat_`k'`l'
 42.                 cap drop L`j'treat_`k'`l'
 43.                 
.                 g byte F`j'treat_`k'`l' = F`j'.treat_`k'`l'
 44.                 g byte L`j'treat_`k'`l' = L`j'.treat_`k'`l'
 45.                 replace F`j'treat_`k'`l' = 0 if F`j'treat_`k'`l' == .
 46.                 replace L`j'treat_`k'`l' = 0 if L`j'treat_`k'`l' == .
 47. 
.                 }
 48.         }
 49. } 
 50. * 
. 
. 
. foreach pm in p {
 51.                 forval num =0(`wincrement')`wmaxcent2'{ 
 52.                 cap drop  window_`pm'`num' 
 53.                 gen byte window_`pm'`num' =  F12treat_`pm'`num' +  F8treat
> _`pm'`num' +  F4treat_`pm'`num' + treat_`pm'`num' + L4treat_`pm'`num'  + L8tr
> eat_`pm'`num'  + L12treat_`pm'`num'  + L16treat_`pm'`num'  
 54.         }
 55. }
 56. foreach pm in m {
 57.                 forval num = `wincrement'(`wincrement')`wmincent'{ 
 58.                 cap drop  window_`pm'`num' 
 59.                 gen byte window_`pm'`num' =  F12treat_`pm'`num' +  F8treat
> _`pm'`num' +  F4treat_`pm'`num' + treat_`pm'`num' + L4treat_`pm'`num'  + L8tr
> eat_`pm'`num'  + L12treat_`pm'`num'  + L16treat_`pm'`num'  
 60.         }
 61. }
 62. *
. 
. 
. 
. *Final bin
. local winf = 1700
 63. foreach k of numlist `winf'  {
 64.         cap drop treat_p`k' 
 65.         cap drop _treat_p`k'
 66.         g byte _treat_p`k'=0
 67.         * replace _treat_p`k' = 1 if (  D.MW_real<. & D.MW>0) &  (wageM25>
> =(MW_realM25+`k') &  wageM25 < (MW_realM25 +1 +`k'))  
.         *       replace _treat_p`k' = 1 if (D.MW_real > 0  & D.MW_real<. & D.
> MW>0) &  (wageM25>=(MW_realM25+`k') &  wageM25 < (MW_realM25 +1 +`k'))
.                 replace _treat_p`k' = 1 if $ifclause &  (wageM25>=(MW_realM25
> +(`k'/100) - 0)) & overallcountgroup>0 & fedincrease!=1
 68.         *       replace _treat_p`k' = 1 if (D.MW_real>=0.75  & D.MW_real<.
>  & D.MW>0) &  (wageM25>=(MW_realM25+`k') &  wageM25 < (MW_realM25 +1 +`k'))
.          g byte treat_p`k' = ( _treat_p`k' +  L._treat_p`k' + L2._treat_p`k' 
> + L3._treat_p`k')
 69. 
. }
 70. *
. foreach j in  4 8 12 16 {
 71.         foreach k of numlist `winf' {
 72.                 cap drop F`j'treat_p`k'
 73.                 cap drop L`j'treat_p`k'
 74.                 
.                 g byte F`j'treat_p`k' = F`j'.treat_p`k'
 75.                 g byte L`j'treat_p`k' = L`j'.treat_p`k'
 76.                 
.                 replace F`j'treat_p`k' = 0 if  F`j'treat_p`k'==. 
 77.                 replace L`j'treat_p`k' = 0 if  L`j'treat_p`k'==.          
>       
 78.                 
. 
.         }
 79. } 
 80. 
. foreach pm in p {
 81.         foreach num of numlist `winf'{
 82.                 gen window_`pm'`num' =  F12treat_`pm'`num' +  F8treat_`pm'
> `num' +  F4treat_`pm'`num' + treat_`pm'`num' + L4treat_`pm'`num'  + L8treat_`
> pm'`num'  + L12treat_`pm'`num'  + L16treat_`pm'`num'  
 83.         }
 84. }
 85. 
. 
. 
. bys statenum quarterdate: egen sum_inf = total(_treat_p`winf')
 86. compress
 87. 
. 
. end

. 
. 
. 
. *****************************************************************************
> ***
. *****************************************************************************
> ***
. *****************************************************************************
> ***
. 
. cap program drop finerabovebelowbunch

. program define finerabovebelowbunch
  1. syntax [,Tmin(real 12) Tmax(real 16) WMAXcent(real 500) WMINcent(real 400)
>  WINCrement(real 25) ]
  2. 
. local wmaxcent2 = `wmaxcent' - `wincrement'
  3. local wincrement2 = `wincrement' * 2
  4. 
. foreach t of numlist -`tmin'(4)`tmax' {
  5. 
.         if `t' < -4  {  
  6.                 local nt = -`t' 
  7.                 global aboveF`nt' "(_b[F`nt'treat_p0] )"
  8.                 forval j = `wincrement'(`wincrement')`wmaxcent2' {
  9.                         global aboveF`nt' "${aboveF`nt'} + (_b[F`nt'treat_
> p`j'] )"
 10.                 }
 11.                 global belowF`nt' "(_b[F`nt'treat_m`wincrement'] )"
 12.                 forval j = `wincrement2'(`wincrement')`wmincent' {
 13.                         global belowF`nt' "${belowF`nt'} + (_b[F`nt'treat_
> m`j'] )"
 14.                 }
 15. 
.     }
 16.  
.         if `t' == -4 {
 17.                 global aboveF4 "0"
 18.                 global belowF4 "0"
 19.         }
 20.  
.         if `t' == 0 {   
 21.                  
.                 global aboveL`t' "(_b[treat_p0])"
 22.                 forval j = `wincrement'(`wincrement')`wmaxcent2'  {
 23.                         global aboveL`t' "${aboveL`t'} + (_b[treat_p`j'] )
> "
 24.                 }
 25.                 global belowL`t' "(_b[treat_m`wincrement'] )"
 26.                 forval j = `wincrement2'(`wincrement')`wmincent'  {
 27.                         global belowL`t' "${belowL`t'} + (_b[treat_m`j'] )
> "
 28.                 }
 29. 
.     }
 30.         
.    if `t' > 0 { 
 31.                  
.                 global aboveL`t' "(_b[L`t'treat_p0])"
 32.                 forval j = `wincrement'(`wincrement')`wmaxcent2'  {
 33.                         global aboveL`t' "${aboveL`t'} + (_b[L`t'treat_p`j
> '])"
 34.                 }
 35.                 global belowL`t' "(_b[L`t'treat_m`wincrement'])"
 36.                 forval j = `wincrement2'(`wincrement')`wmincent' {
 37.                         global belowL`t' "${belowL`t'} + (_b[L`t'treat_m`j
> '])"
 38.                 }
 39. 
.     }
 40.         
.  
.  } 
 41.  *
. end

. 
. 
. 
. cap program drop finerabovebelowWBbunch

. program define finerabovebelowWBbunch
  1. syntax , Wagemult(real) [Tmin(real 12) Tmax(real 16)  Wmaxcent(real 500) W
> mincent(real 400) WINCrement(real 25)]
  2. 
. local wmaxcent2 = `wmaxcent' - `wincrement'
  3. local wincrement2 = `wincrement' * 2
  4. 
. 
. 
.                                 foreach t of numlist -`tmin'(4)`tmax' {
  5.                                 
.                                                 if `t' < -4  {  
  6.                                                         local nt = -`t' 
  7.                                                         global aboveWBF`nt
> ' "((_b[F`nt'treat_p0])*(`wagemult'+0) )"
  8.                                                 forval j = `wincrement'(`w
> increment')`wmaxcent2' {
  9.                                                 local k = `j'/100
 10.                                                         global aboveWBF`nt
> ' "${aboveWBF`nt'} + ((_b[F`nt'treat_p`j'])*(`wagemult'+`k') )"
 11.                                                 }
 12.                                                 global belowWBF`nt' "((_b[
> F`nt'treat_m`wincrement'])*(`wagemult'-(`wincrement'/100)) )"
 13.                                                 forval j = `wincrement2'(`
> wincrement')`wmincent' {
 14.                                                         local k = `j'/100
 15.                                                         global belowWBF`nt
> ' "${belowWBF`nt'} + ((_b[F`nt'treat_m`j'])*(`wagemult'-`k') )"
 16.                                                 }
 17. 
.                                         }
 18. 
.                                 
. 
.                                         if `t' == 0 {   
 19.                  
.                                                 global aboveWBL`t' "((_b[trea
> t_p0])*(`wagemult'+0))"
 20.                                                 forval j = `wincrement'(`w
> increment')`wmaxcent2' {
 21.                                                 local k = `j'/100
 22.                                                         global aboveWBL`t'
>  "${aboveWBL`t'} + ((_b[treat_p`j'])*(`wagemult'+`k') )"
 23.                                                 }
 24.                                                 global belowWBL`t' "((_b[t
> reat_m`wincrement'])*(`wagemult'-(`wincrement'/100)) )"
 25.                                                 forval j = `wincrement2'(`
> wincrement')`wmincent'  {
 26.                                                         local k = `j'/100
 27.                                                         global belowWBL`t'
>  "${belowWBL`t'} + ((_b[treat_m`j'])*(`wagemult'-`k') )"
 28.                                                 }
 29. 
.                                         }
 30.         
.                                         if `t' > 0 {    
 31.                  
.                                                 global aboveWBL`t' "((_b[L`t'
> treat_p0])*(`wagemult'+0))"
 32.                                                 forval j = `wincrement'(`w
> increment')`wmaxcent2' {
 33.                                                 local k = `j'/100
 34.                                                         global aboveWBL`t'
>  "${aboveWBL`t'} + ((_b[L`t'treat_p`j'])*(`wagemult'+`k'))"
 35.                                                 }
 36.                                                 global belowWBL`t' "((_b[L
> `t'treat_m`wincrement'])*(`wagemult'-(`wincrement'/100)) )"
 37.                                                 forval j = `wincrement2'(`
> wincrement')`wmincent'  {
 38.                                                         local k = `j'/100
 39.                                                         global belowWBL`t'
>  "${belowWBL`t'} + ((_b[L`t'treat_m`j'])*(`wagemult'-`k'))"
 40.                                                 }
 41. 
.                                         }
 42.         
.  
.                         } 
 43.                         global aboveWBF4 = 0
 44.                         global belowWBF4 = 0
 45.                         
.                         
. *
. end

. 
. 
. *****************************************************************************
> ***
. *****************************************************************************
> ***
. *****************************************************************************
> ***
. 
. cap program drop create_data_reweight

. program define create_data_reweight
  1. syntax  [,  WMAXcent(real 825) WMINcent(real 400) BELOWerror(string)]  
  2. 
. local QQtipnotipQQ1 "real"
  3. local QQtipnotipQQ2 "real_notip"
  4. 
. foreach num of numlist 1 2 {
  5. 
. use "${data}cps77_`QQtipnotipQQ`num''.dta", clear
  6. 
. local realmw_bin = 850
  7. gen wagebins_relMW = wagebins - `realmw_bin'
  8. 
. collapse (sum) w_count er_count, by(wagebins_relMW wagebins)
  9. 
. foreach vv of varlist *count{
 10. egen `vv'all = total(`vv') if wagebins_relMW>=-`wmincent' & wagebins_relMW
> <`wmaxcent'
 11. gen `vv'_sh = `vv' / `vv'all
 12. }
 13. *
. 
. 
. lowess  er_count_sh wagebins_relMW if wagebins_relMW<0 & wagebins_relMW>=-`wm
> incent' , nograph gen(er_1) 
 14. lowess  er_count_sh wagebins_relMW if wagebins_relMW>0 & wagebins_relMW< `
> wmaxcent' , nograph gen(er_2)
 15. sum er_count_sh   if wagebins_relMW==0  
 16. assert r(N)==1
 17. 
. gen lowess_er_count_sh = er_1
 18. replace lowess_er_count_sh = er_2               if lowess_er_count_sh== . 
 19. replace lowess_er_count_sh = r(mean)    if wagebins_relMW == 0
 20. 
. 
. 
. lowess  w_count_sh wagebins_relMW if wagebins_relMW<0  & wagebins_relMW>=-`wm
> incent'  , nograph gen(w_1) 
 21. lowess  w_count_sh wagebins_relMW if wagebins_relMW>0  & wagebins_relMW< `
> wmaxcent'   , nograph gen(w_2)
 22. sum w_count_sh   if wagebins_relMW==0  
 23. assert r(N)==1
 24. 
. gen lowess_w_count_sh = w_1
 25. replace lowess_w_count_sh = w_2                 if lowess_w_count_sh== . 
 26. replace lowess_w_count_sh = r(mean)     if wagebins_relMW == 0
 27. 
. *They both should sum up to 1 (now, they are very close to 1, but not exactly
>  1).
. foreach vv of varlist lowess_er_count_sh lowess_w_count_sh{
 28. sum `vv', meanonly
 29. replace `vv'=`vv'/r(sum)
 30. }
 31. *
. 
. gen cum_lowess_er_count_sh= sum(lowess_er_count_sh) if lowess_er_count_sh!=.
 32. gen cum_lowess_w_count_sh = sum(lowess_w_count_sh)      if lowess_w_count_
> sh!=.
 33. gen rho = lowess_er_count_sh / lowess_w_count_sh
 34. gen cum_rho = cum_lowess_er_count_sh/cum_lowess_w_count_sh
 35. 
. keep wagebins_relMW rho cum_rho
 36. 
. if `num' == 2{
 37. rename rho rho_notip 
 38. rename cum_rho cum_rho_notip
 39. }
 40. tempfile reweight_`QQtipnotipQQ`num''
 41. save `reweight_`QQtipnotipQQ`num'''
 42. }
 43. 
. use `reweight_real', clear
 44. merge 1:1 wagebins_relMW using `reweight_real_notip', assert(3) nogenerate
 45. 
. save "${data}data_reweight.dta", replace
 46. 
. end

. 
. 
. 
. *****************************************************************************
> ***
. *****************************************************************************
> ***
. *****************************************************************************
> ***
. 
. 
. cap program drop reweight_data

. program define reweight_data
  1. syntax  [,  WMAXcent(real 825) WMINcent(real 400) BELOWerror(string)]  
  2. cap drop wagebins_relMW
  3. qui gen wagebins_relMW = wagebins - (MW_realM25*100)
  4. qui merge m:1 wagebins_relMW using "${data}data_reweight.dta", keep(1 3) n
> ogenerate
  5. qui levelsof statenum, local(temploc1)
  6. qui levelsof quarterdate, local(temploc2)
  7. cap drop temp
  8. qui gen temp=.
  9. *if "`belowerror'" == ""{
. foreach ll1 of local temploc1{
 10.         foreach ll2 of local temploc2{
 11.         sum wagebins_relMW, meanonly, if statenum==`ll1' & quarterdate==`l
> l2' 
 12.         if `ll1' == 2 |  `ll1' == 30 |  `ll1' == 6 |  `ll1' == 27 |  `ll1'
>  == 32 |  `ll1' == 41 |  `ll1' == 53 {
 13.                 if r(min)>-`wmincent'{
 14.                         qui replace rho_notip = cum_rho_notip if  statenum
> ==`ll1' & quarterdate==`ll2'  & wagebins_relMW==r(min)
 15.                 }
 16.                 sum count if statenum==`ll1' & quarterdate==`ll2' & wagebi
> ns_relMW>=-`wmincent' & wagebins_relMW<`wmaxcent', meanonly
 17.                 scalar countall_window = r(sum)
 18.                 qui replace temp =count*rho_notip if statenum==`ll1' & qua
> rterdate==`ll2' & wagebins_relMW>=-`wmincent' & wagebins_relMW<`wmaxcent'
 19.                 sum temp if statenum==`ll1' & quarterdate==`ll2' & wagebin
> s_relMW>=-`wmincent' & wagebins_relMW<`wmaxcent', meanonly
 20.                 qui replace temp=temp*(`=countall_window' / r(sum) ) if st
> atenum==`ll1' & quarterdate==`ll2' & wagebins_relMW>=-`wmincent' & wagebins_r
> elMW<`wmaxcent'  
 21. 
.         *Sanity check
.         assert `ll1'!=1
 22.         
.         }
 23.         else{
 24.                 if r(min)>-`wmincent'{
 25.                         qui replace rho = cum_rho if  statenum==`ll1' & qu
> arterdate==`ll2'  & wagebins_relMW==r(min)
 26.                 }
 27.                 sum count if statenum==`ll1' & quarterdate==`ll2' & wagebi
> ns_relMW>=-`wmincent' & wagebins_relMW<`wmaxcent', meanonly
 28.                 scalar countall_window = r(sum)
 29.                 qui replace temp =count*rho if statenum==`ll1' & quarterda
> te==`ll2' & wagebins_relMW>=-`wmincent' & wagebins_relMW<`wmaxcent'
 30.                 sum temp if statenum==`ll1' & quarterdate==`ll2' & wagebin
> s_relMW>=-`wmincent' & wagebins_relMW<`wmaxcent', meanonly
 31.                 qui replace temp=temp*(`=countall_window' / r(sum) ) if st
> atenum==`ll1' & quarterdate==`ll2' & wagebins_relMW>=-`wmincent' & wagebins_r
> elMW<`wmaxcent'  
 32. 
.         *Sanity check
.         assert `ll1'!=2
 33.                 
.                 
.                 }
 34.         
.         
.         }
 35. }
 36. *}
. /*
> else{
> foreach ll1 of local temploc1{
>         foreach ll2 of local temploc2{
> 
> sum count if statenum==`ll1' & quarterdate==`ll2' & wagebins_relMW<0, meanonl
> y
> qui replace count = r(sum) if statenum==`ll1' & quarterdate==`ll2' & wagebins
> _relMW==0
> qui replace count = 0 if statenum==`ll1' & quarterdate==`ll2' & wagebins_relM
> W<0
> 
> sum count if statenum==`ll1' & quarterdate==`ll2' & wagebins_relMW>=-`wmincen
> t' & wagebins_relMW<`wmaxcent', meanonly
> qui replace temp=r(sum)*shares_relMW if statenum==`ll1' & quarterdate==`ll2' 
> & wagebins_relMW>=-`wmincent' & wagebins_relMW<`wmaxcent'
> }
> }
> }
> *
> */
. cap drop temp1_count_all
 37. cap drop temp2_count_all
 38. 
. qui bys statenum quarterdate:egen temp1_count_all=total(count) if wagebins_re
> lMW>=-`wmincent' & wagebins_relMW<`wmaxcent'
 39. qui bys statenum quarterdate:egen temp2_count_all=total(temp) if wagebins_
> relMW>=-`wmincent' & wagebins_relMW<`wmaxcent'
 40. qui gen sanitycheck = abs(temp1_count_all - temp2_count_all)
 41. qui assert sanitycheck<1  if sanitycheck!=.
 42. qui replace count = temp if temp!=.
 43. cap drop temp1_count_all
 44. cap drop temp2_count_all
 45. cap drop temp
 46. cap drop wagebins_relMW
 47. cap drop shares_relMW
 48. cap drop cum_shares_relMW
 49. cap drop sanitycheck
 50. cap drop rho
 51. cap drop cum_rho
 52. cap drop rho_notip
 53. cap drop cum_rho_notip
 54. 
. end 

. 
end of do-file

. 
. * prepare the data and treatment vector for regressions
. *foreach pre of numlist 12 20{
. local pre 12

. use "${data}stackedevents_regready_pre`pre'.dta", clear

. 
. * remove data where we can't determine when there are wage imputations
. keep if cleansample == 1
(6,120 observations deleted)

. 
. 
. 
. * define treatment vector
. local treat F*treat L*treat

. global treat F*treat L*treat

. * ensure events are numbered properly: N events indexed 1...N
. sum event

    Variable |        Obs        Mean    Std. dev.       Min        Max
-------------+---------------------------------------------------------
       event |    191,352    70.59968     39.9622          1        138

. local numevents = r(max)

. tab event, nofreq

. assert `r(r)' == `numevents'

. 
. tsset eventstate time

Panel variable: eventstate (unbalanced)
 Time variable: time, -12 to 19, but with gaps
         Delta: 1 unit

. 
. rename overallexcessepop above_epop

. rename overallmissingepop below_epop

. rename overallupperepop upper_epop

. rename overalltotalepop all_epop

. gen affected_epop = above_epop + below_epop

. gen totalbelow_epop = all_epop - (above_epop + upper_epop)

. 
. gen byte yearbeforeevent = F1.origevent == 1 | F2.origevent == 1 | F3.origeve
> nt == 1 | F4.origevent == 1

. *
. 
. * save the regression-ready sample
. compress
  (0 bytes saved)

. egen eventtime = group(event time)

. egen eventorigcontrol = group(event control_origeventpost)

. egen eventfedcontrol = group(event control_fedeventpost)

. egen eventothercontrol = group(event control_othereventpost)

. 
. bys statenum event: egen states_to_drop = max(control_origeventpost)

. drop if states_to_drop!=0 & treatedstatenum!=statenum
(82,026 observations deleted)

. assert control_origeventpost==0 if treatedstatenum!=statenum

. sum control_origeventpost,meanonly

. assert r(mean)!=0

. 
. tempfile regready

. save `regready'
file /var/folders/bm/2cq1vtmd5wg6k0vdjfpvbmww0000gn/T//St20660.000001 saved
    as .dta format

. 
.         tab event, nofreq

.         global numevents = `r(r)'

. 
.         * pre-treatment epop of treated states
. sum all_epop [aw=aveoverallpop] if origevent_treated == 1 & yearbeforeevent =
> = 1

    Variable |     Obs      Weight        Mean   Std. dev.       Min        Max
-------------+-----------------------------------------------------------------
    all_epop |     548  2.7111e+09    .5726437   .0667771   .4235719   1.447222

. global epop = r(mean)

. 
. 
. *The following are from baseline regressions.
. global EWB = .350835006841847

. global wagemult = 8.774882267779565

. global mwpc = .1012900314042275

. local mwpc2 : di  %04.3f ${mwpc}

. global B = .0864819457562104

. * scaling factor policy elasticity
. global C = 1/(${epop}*${mwpc})

. 
. 
. 
. 
. 
. 
. keep overallp0epop overallp1epop overallp2epop overallp3epop overallp4epop ov
> erallm1epop overallm2epop overallm3epop overallm4epop eventstate eventtime 

. reshape long overall, i(eventstate eventtime) j(wage_bin) string
(j = m1epop m2epop m3epop m4epop p0epop p1epop p2epop p3epop p4epop)

Data                               Wide   ->   Long
-----------------------------------------------------------------------------
Number of observations          109,326   ->   983,934     
Number of variables                  11   ->   4           
j variable (9 values)                     ->   wage_bin
xij variables:
overallm1epop overallm2epop ... overallp4epop->overall
-----------------------------------------------------------------------------

. rename overall countpc

. merge m:1 eventstate eventtime using `regready', assert(3) nogenerate keepusi
> ng(aveoverallpop eventorigcontrol eventfedcontrol eventothercontrol statenum 
> quarterdate treatedstate treatdate event ${treat})

    Result                      Number of obs
    -----------------------------------------
    Not matched                             0
    Matched                           983,934  
    -----------------------------------------

. foreach vv of varlist $treat {
  2.         foreach num of numlist 0(1)4{
  3.         gen `vv'_p`num' = `vv' * (wage_bin=="p`num'epop")
  4.         }
  5. }

. foreach vv of varlist $treat {
  2.         foreach num of numlist 1(1)4{
  3.         gen `vv'_m`num' = `vv' * (wage_bin=="m`num'epop")
  4.         }
  5. }

. 
. global treatvector F*treat_* L*treat_*

. egen wage_bin_num = group(wage_bin)

. *We define regready again here.
. tempfile regready

. save `regready'
file /var/folders/bm/2cq1vtmd5wg6k0vdjfpvbmww0000gn/T//St20660.000002 saved
    as .dta format

. 
. 
. * define cumulative effects
. * everything normalized to F4
. local maxlag = 16

. foreach i of numlist 0(4)`maxlag' {
  2.         foreach num of numlist 0(1)4{
  3.         global lincomaggL`i'_p`num' (_b[L`i'treat_p`num'] - _b[F4treat_p`n
> um'])
  4.         }
  5. }

. foreach i of numlist 4(4)12 {
  2.         foreach num of numlist 0(1)4{
  3.         global lincomaggF`i'_p`num' (_b[F`i'treat_p`num'] - _b[F4treat_p`n
> um'])
  4.         }
  5. }

. *
. foreach i of numlist 0(4)`maxlag' {
  2.         foreach num of numlist 1(1)4{
  3.         global lincomaggL`i'_m`num' (_b[L`i'treat_m`num'] - _b[F4treat_m`n
> um'])
  4.         }
  5. }

. foreach i of numlist 0(4)12 {
  2.         foreach num of numlist 1(1)4{
  3.         global lincomaggF`i'_m`num' (_b[F`i'treat_m`num'] - _b[F4treat_m`n
> um'])
  4.         }
  5. }

. *
. *For wage bins
. foreach num of numlist 0(1)4{
  2.         global lincomagg_p`num' "0 "
  3.         foreach i of numlist 0(4)`maxlag' {
  4.         global lincomagg_p`num' " ${lincomagg_p`num'} +  ${lincomaggL`i'_p
> `num'}"
  5.         }
  6.         global lincomagg_p`num' "(${lincomagg_p`num'})" 
  7. }

. 
. *
. foreach num of numlist 1(1)4{
  2.         global lincomagg_m`num' " 0"
  3.         foreach i of numlist 0(4)`maxlag' {
  4.         global lincomagg_m`num' " ${lincomagg_m`num'} +  ${lincomaggL`i'_m
> `num'}"
  5.         }
  6.         global lincomagg_m`num' "(${lincomagg_m`num'})" 
  7. 
. }

. *
. *wage effect globals
. 
. 
. foreach t of numlist -`pre'(4)`maxlag' {
  2.                                 
.         if `t' < -4  {  
  3.                 local nt = -`t' 
  4.                 global aboveWBF`nt' "((${lincomaggF`nt'_p0})*(${wagemult}+
> 0) )"
  5.                 forval j = 1/4 {
  6.                 global aboveWBF`nt' "${aboveWBF`nt'} + ((${lincomaggF`nt'_
> p`j'})*(${wagemult}+`j') )"
  7.         }
  8.         global belowWBF`nt' "((${lincomaggF`nt'_m1})*(`wagemult'-1) )"
  9.         forval j = 2/4 {
 10.                 global belowWBF`nt' "${belowWBF`nt'} + ((${lincomaggF`nt'_
> m`j'})*(${wagemult}-`j') )"
 11.         }
 12. 
.         }
 13. 
.                                         
.         if `t' >= 0 {   
 14.                  
.                 global aboveWBL`t' "((${lincomaggL`t'_p0})*(${wagemult}+0))"
 15.                 forval j = 1/4 {
 16.                         global aboveWBL`t' "${aboveWBL`t'} + ((${lincomagg
> L`t'_p`j'})*(${wagemult}+`j'))"
 17.                 }
 18.                 global belowWBL`t' "((${lincomaggL`t'_m1})*(${wagemult}-1)
>  )"
 19.                 forval j = 2/4 {
 20.                         global belowWBL`t' "${belowWBL`t'} + ((${lincomagg
> L`t'_m`j'})*(${wagemult}-`j'))"
 21.                 }
 22. 
.         }
 23.         
.  
. } 

.                         global aboveWBF4 = 0

.                         global belowWBF4 = 0

.                         
.                         
. 
. global aboveWB_full "${aboveWBL0}"

. global belowWB_full "${belowWBL0}"

. 
. forval t = 4(4)`maxlag' {
  2.                         
.                                 global belowWB_full "${belowWB_full} + ${belo
> wWBL`t'}"
  3.                                 global aboveWB_full "${aboveWB_full} + ${a
> boveWBL`t'}"
  4.                         }

. *
. 
. 
. 
. *For time paths
. foreach i of numlist 0(4)`maxlag'{
  2. global lincomaboveL`i' "0"
  3.         foreach num of numlist 0(1)4{
  4.         global lincomaboveL`i' " ${lincomaboveL`i'} +  ${lincomaggL`i'_p`n
> um'}"
  5.         }
  6.         global lincomaboveL`i' "(${lincomaboveL`i'})" 
  7. }

. foreach i of numlist 4(4)12{
  2. global lincomaboveF`i' "0"
  3.         foreach num of numlist 0(1)4{
  4.         global lincomaboveF`i' " ${lincomaboveF`i'} +  ${lincomaggF`i'_p`n
> um'}"
  5.         }
  6.         global lincomaboveF`i' "(${lincomaboveF`i'})" 
  7. }

. *
. foreach i of numlist 0(4)`maxlag'{
  2. global lincombelowL`i' "0"
  3.         foreach num of numlist 1(1)4{
  4.         global lincombelowL`i' " ${lincombelowL`i'} +  ${lincomaggL`i'_m`n
> um'}"
  5.         }
  6.         global lincombelowL`i' "(${lincombelowL`i'})" 
  7. }

. foreach i of numlist 4(4)12{
  2. global lincombelowF`i' "0"
  3.         foreach num of numlist 1(1)4{
  4.         global lincombelowF`i' " ${lincombelowF`i'} +  ${lincomaggF`i'_m`n
> um'}"
  5.         }
  6.         global lincombelowF`i' "(${lincombelowF`i'})" 
  7. }

. *
. 
. 
. global lincomabove "(${lincomagg_p0} + ${lincomagg_p1} + ${lincomagg_p2} + ${
> lincomagg_p3} + ${lincomagg_p4}) "

. global lincombelow "(${lincomagg_m1} + ${lincomagg_m2} + ${lincomagg_m3} + ${
> lincomagg_m4}) "

. 
. local group overall

. cap drop panel_var

. egen panel_var = group(eventstate wage_bin_num)

. xtset panel_var quarterdate

Panel variable: panel_var (unbalanced)
 Time variable: quarterdate, 1979q1 to 2016q4, but with gaps
         Delta: 1 quarter

. use `regready', clear

. 
. 
. 
. 
. local group overall 

.         foreach eventno of numlist 1(1)138 {
  2.         qui{
  3.                 use if event==`eventno' using `regready', clear
  4.                 * model 2 - controls for other events
. 
.                 reghdfe countpc ${treatvector} [aw=aveoverallpop], a(i.events
> tate#i.wage_bin_num i.eventtime#i.wage_bin_num i.eventorigcontrol#i.wage_bin_
> num i.eventfedcontrol#i.wage_bin_num i.eventothercontrol#i.wage_bin_num) 
  5.                         global E = ${epop}
  6.                         local denominator = 1/5
  7.                         *Wage bins
.                         foreach num of numlist 0(1)4{
  8.                                 lincom ${lincomagg_p`num'}*(`denominator')
> *(1/${E})     
  9.                                 local p`num' = r(estimate)
 10.                         }
 11.                         foreach num of numlist 1(1)4{
 12.                                 lincom ${lincomagg_m`num'}*(`denominator')
> *(1/${E})     
 13.                                 local m`num' = r(estimate)
 14.                         }
 15.                         
.                         lincom (${lincombelow})*(`denominator')*(1/${E})     
>                                                                              
>       // Not Multiplying by 4 because bins are in $1 precision. To average by
>  time, dividing by 5.
 16.                         local below = r(estimate)
 17.                         lincom (${lincomabove})*(`denominator')*(1/${E})  
>                                                       
 18.                         local above  = r(estimate)
 19.                         lincom ((${lincomabove} + ${lincombelow})*(`denomi
> nator')*(1/${E}))/${B}                                
 20.                         local aff = r(estimate)
 21.                         lincom (${lincombelow} + ${lincomabove})*(`denomin
> ator')*${C}                           
 22.                         local mwelast = r(estimate)
 23.                         
.                         nlcom ((((${belowWB_full}+${aboveWB_full})*(`denomina
> tor')/$EWB ) - ///
>                         (((${lincombelow} + ${lincomabove})*(`denominator')*(
> 1/${E}))/${B}))) / ///
>                         (1+(((${lincombelow} + ${lincomabove})*(`denominator'
> )*(1/${E}))/${B})) 
 24.                         mat temp1 = r(b)
 25.                         local wage_eff = temp1[1,1]
 26.                         *Sometimes nlcom cannot reach the answer. In those
>  cases, it is convenient to multiply the estimate by some large number, then 
> divide it
.                         nlcom (a1: 1000* (((${lincombelow} + ${lincomabove})*
> (`denominator')*(1/${E}))/${B}) /  ///
>                         (((((${belowWB_full}+${aboveWB_full})*(`denominator')
> /$EWB ) - ///
>                         (((${lincombelow} + ${lincomabove})*(`denominator')*(
> 1/${E}))/${B}))) / ///
>                         (1+(((${lincombelow} + ${lincomabove})*(`denominator'
> )*(1/${E}))/${B})))), post
 27.                         
.                         nlcom _b[a1]/1000
 28.                         
.                         mat temp1 = r(b)
 29.                         local emp_elas_wage = temp1[1,1]
 30.                 
.                         sum treatedstate, meanonly
 31.                         local state = r(mean)
 32.                         sum treatdate ,meanonly
 33.                         local quarter = r(mean)
 34.                         sum aveoverallpop if statenum == treatedstate,mean
> only
 35.                         local pop = r(mean)
 36.                         clear
 37.                         set obs 1
 38.                         gen event_no = `eventno'
 39.                         gen below_estimate = `below'
 40.                         gen above_estimate = `above'
 41.                         gen perc_aff_emp_estimate = `aff'
 42.                         gen mwelas_estimate = `mwelast'
 43.                         gen wage_estimate = `wage_eff'
 44.                         gen emp_elas_wage_estimate = `emp_elas_wage'
 45.                         gen statenum = `state'
 46.                         gen quarterdate= `quarter'
 47.                         gen epop = ${epop}
 48.                         gen C = $C
 49.                         gen mwpc = $mwpc
 50.                         gen belowshare = $B
 51.                         gen population = `pop'
 52.                         gen denominator = `denominator'
 53.                         foreach num of numlist 0(1)4{
 54.                                 gen p`num' = `p`num''
 55.                         }
 56.                         foreach num of numlist 1(1)4{
 57.                                 gen m`num' = `m`num''
 58.                         }
 59.                         if `eventno'==1{
 60.                                 save "${data}stacked_events_event_specific
> _fulltable_clean_controls.dta", replace
 61.                         }
 62.                         else{
 63.                                 append using "${data}stacked_events_event_
> specific_fulltable_clean_controls.dta"
 64.                                 compress
 65.                                 save "${data}stacked_events_event_specific
> _fulltable_clean_controls.dta", replace
 66.                         }
 67.         
.         
.                 }
 68.         di "Event `eventno' denominator is `denominator'."
 69. 
. }
Event 1 denominator is .2.
Event 2 denominator is .2.
Event 3 denominator is .2.
Event 4 denominator is .2.
Event 5 denominator is .2.
Event 6 denominator is .2.
Event 7 denominator is .2.
Event 8 denominator is .2.
Event 9 denominator is .2.
Event 10 denominator is .2.
Event 11 denominator is .2.
Event 12 denominator is .2.
Event 13 denominator is .2.
Event 14 denominator is .2.
Event 15 denominator is .2.
Event 16 denominator is .2.
Event 17 denominator is .2.
Event 18 denominator is .2.
Event 19 denominator is .2.
Event 20 denominator is .2.
Event 21 denominator is .2.
Event 22 denominator is .2.
Event 23 denominator is .2.
Event 24 denominator is .2.
Event 25 denominator is .2.
Event 26 denominator is .2.
Event 27 denominator is .2.
Event 28 denominator is .2.
Event 29 denominator is .2.
Event 30 denominator is .2.
Event 31 denominator is .2.
Event 32 denominator is .2.
Event 33 denominator is .2.
Event 34 denominator is .2.
Event 35 denominator is .2.
Event 36 denominator is .2.
Event 37 denominator is .2.
Event 38 denominator is .2.
Event 39 denominator is .2.
Event 40 denominator is .2.
Event 41 denominator is .2.
Event 42 denominator is .2.
Event 43 denominator is .2.
Event 44 denominator is .2.
Event 45 denominator is .2.
Event 46 denominator is .2.
Event 47 denominator is .2.
Event 48 denominator is .2.
Event 49 denominator is .2.
Event 50 denominator is .2.
Event 51 denominator is .2.
Event 52 denominator is .2.
Event 53 denominator is .2.
Event 54 denominator is .2.
Event 55 denominator is .2.
Event 56 denominator is .2.
Event 57 denominator is .2.
Event 58 denominator is .2.
Event 59 denominator is .2.
Event 60 denominator is .2.
Event 61 denominator is .2.
Event 62 denominator is .2.
Event 63 denominator is .2.
Event 64 denominator is .2.
Event 65 denominator is .2.
Event 66 denominator is .2.
Event 67 denominator is .2.
Event 68 denominator is .2.
Event 69 denominator is .2.
Event 70 denominator is .2.
Event 71 denominator is .2.
Event 72 denominator is .2.
Event 73 denominator is .2.
Event 74 denominator is .2.
Event 75 denominator is .2.
Event 76 denominator is .2.
Event 77 denominator is .2.
Event 78 denominator is .2.
Event 79 denominator is .2.
Event 80 denominator is .2.
Event 81 denominator is .2.
Event 82 denominator is .2.
Event 83 denominator is .2.
Event 84 denominator is .2.
Event 85 denominator is .2.
Event 86 denominator is .2.
Event 87 denominator is .2.
Event 88 denominator is .2.
Event 89 denominator is .2.
Event 90 denominator is .2.
Event 91 denominator is .2.
Event 92 denominator is .2.
Event 93 denominator is .2.
Event 94 denominator is .2.
Event 95 denominator is .2.
Event 96 denominator is .2.
Event 97 denominator is .2.
Event 98 denominator is .2.
Event 99 denominator is .2.
Event 100 denominator is .2.
Event 101 denominator is .2.
Event 102 denominator is .2.
Event 103 denominator is .2.
Event 104 denominator is .2.
Event 105 denominator is .2.
Event 106 denominator is .2.
Event 107 denominator is .2.
Event 108 denominator is .2.
Event 109 denominator is .2.
Event 110 denominator is .2.
Event 111 denominator is .2.
Event 112 denominator is .2.
Event 113 denominator is .2.
Event 114 denominator is .2.
Event 115 denominator is .2.
Event 116 denominator is .2.
Event 117 denominator is .2.
Event 118 denominator is .2.
Event 119 denominator is .2.
Event 120 denominator is .2.
Event 121 denominator is .2.
Event 122 denominator is .2.
Event 123 denominator is .2.
Event 124 denominator is .2.
Event 125 denominator is .2.
Event 126 denominator is .2.
Event 127 denominator is .2.
Event 128 denominator is .2.
Event 129 denominator is .2.
Event 130 denominator is .2.
Event 131 denominator is .2.
Event 132 denominator is .2.
Event 133 denominator is .2.
Event 134 denominator is .2.
Event 135 denominator is .2.
Event 136 denominator is .2.
Event 137 denominator is .2.
Event 138 denominator is .2.

. *
. 
. 
. 
. use "${data}stacked_events_event_specific_fulltable_clean_controls.dta", clea
> r

. 
. 
. foreach num of numlist 0(1)4{
  2. cap drop _p`num' 
  3.         sum p`num' [aw=pop], meanonly
  4.         gen _p`num' = r(mean)
  5. }

. *
. foreach num of numlist 1(1)4{
  2.         cap drop _m`num' 
  3.         sum m`num' [aw=pop], meanonly
  4.         gen _m`num' = r(mean)
  5. }

. *
. 
. cap drop perc_aff_emp_estimate2 

. gen perc_aff_emp_estimate2 = (_p0 + _p1 + _p2 + _p3 + _p4 + _m1 + _m2 + _m3 +
>  _m4)/${B}

. 
. cap drop wage_estimate2 

. gen wage_estimate2 = _p0*epop*${wagemult}

. foreach num of numlist 1(1)4{
  2. replace wage_estimate2 = wage_estimate2 + _p`num'*epop*(${wagemult}+ `num'
> )
  3. }
(138 real changes made)
(138 real changes made)
(138 real changes made)
(138 real changes made)

. 
. foreach num of numlist 1(1)4{
  2. replace wage_estimate2= wage_estimate2+ _m`num'*epop*(${wagemult} - `num')
  3. }
(138 real changes made)
(138 real changes made)
(138 real changes made)
(138 real changes made)

. 
. 
. 
. replace wage_estimate2 = wage_estimate2/${EWB}
(138 real changes made)

. replace wage_estimate2= (wage_estimate2-perc_aff_emp_estimate2)/(1+perc_aff_e
> mp_estimate2)
(138 real changes made)

. compress
  (0 bytes saved)

. 
. *Estimates
. cap drop below_estimate2 

. cap drop above_estimate2 

. cap drop mw_elast2

. sum below_estimate [aw=pop], meanonly

. gen below_estimate2 = r(mean) 

. sum above_estimate [aw=pop], meanonly

. gen above_estimate2 = r(mean) 

. 
. gen mw_elast2 = (below_estimate2 +above_estimate2 )*epop*C

. 
. save "${data}stacked_events_event_specific_fulltable_clean_controls.dta" , re
> place
file
    /Users/brycewang/Documents/GitHub/top5-Econ-Paper-Replications/QJE2019-Mi
    > nimum-Wages-Low-Wage-Jobs/Data/data/stacked_events_event_specific_fullt
    > able_clean_controls.dta saved

. 
. 
. *****************************************************************************
> ***
. ****************          FP confidence intervals by wage bin         *******
> ***
. *****************************************************************************
> ***
. 
. use "${data}stacked_events_event_specific_fulltable_clean_controls.dta" , cle
> ar

. sum epop ,meanonly

. local epop = r(mean)

. 
. sum wage_estimate2 [aw=pop], meanonly

. global new_wage_null = r(mean)

. sum perc_aff_emp_estimate2 [aw=pop], meanonly

. global new_emp_null = r(mean)

. 
. sum below_estimate2  [aw=pop], meanonly

. global new_below_null = r(mean)

. sum above_estimate2  [aw=pop], meanonly

. global new_above_null = r(mean)

. sum mw_elast2 [aw=pop], meanonly

. global new_mwelast_null = r(mean)

. 
. gen emp_elas_wrt_wage = perc_aff_emp_estimate2/wage_estimate2

. sum emp_elas_wrt_wage [aw=pop],meanonly

. global new_emp_elas_wage_null = r(mean)

. 
. 
. 
. 
. set more off

. 
. *Required, takes some time.
. global num_iter = 1000

. 
. foreach vv in  m4 m3 m2 m1 p0 p1 p2 p3 p4{ 
  2. set seed 9856840
  3.         forval num =1(1)$num_iter {
  4.         di "`num' for `vv'."
  5.                 use "${data}FP_errors_post_wagebin_`vv'_clean_controls.dta
> ", clear
  6.                 qui sample 0.1, by(event_no)
  7.                 sum B1 [aw=population], meanonly
  8.                 if `num' == 1{
  9.                         mat `vv' = r(mean)
 10.                 }
 11.                 else{
 12.                         mat `vv' = (`vv' \ r(mean))
 13.                 }
 14.         }
 15. 
.         }
1 for m4.
2 for m4.
3 for m4.
4 for m4.
5 for m4.
6 for m4.
7 for m4.
8 for m4.
9 for m4.
10 for m4.
11 for m4.
12 for m4.
13 for m4.
14 for m4.
15 for m4.
16 for m4.
17 for m4.
18 for m4.
19 for m4.
20 for m4.
21 for m4.
22 for m4.
23 for m4.
24 for m4.
25 for m4.
26 for m4.
27 for m4.
28 for m4.
29 for m4.
30 for m4.
31 for m4.
32 for m4.
33 for m4.
34 for m4.
35 for m4.
36 for m4.
37 for m4.
38 for m4.
39 for m4.
40 for m4.
41 for m4.
42 for m4.
43 for m4.
44 for m4.
45 for m4.
46 for m4.
47 for m4.
48 for m4.
49 for m4.
50 for m4.
51 for m4.
52 for m4.
53 for m4.
54 for m4.
55 for m4.
56 for m4.
57 for m4.
58 for m4.
59 for m4.
60 for m4.
61 for m4.
62 for m4.
63 for m4.
64 for m4.
65 for m4.
66 for m4.
67 for m4.
68 for m4.
69 for m4.
70 for m4.
71 for m4.
72 for m4.
73 for m4.
74 for m4.
75 for m4.
76 for m4.
77 for m4.
78 for m4.
79 for m4.
80 for m4.
81 for m4.
82 for m4.
83 for m4.
84 for m4.
85 for m4.
86 for m4.
87 for m4.
88 for m4.
89 for m4.
90 for m4.
91 for m4.
92 for m4.
93 for m4.
94 for m4.
95 for m4.
96 for m4.
97 for m4.
98 for m4.
99 for m4.
100 for m4.
101 for m4.
102 for m4.
103 for m4.
104 for m4.
105 for m4.
106 for m4.
107 for m4.
108 for m4.
109 for m4.
110 for m4.
111 for m4.
112 for m4.
113 for m4.
114 for m4.
115 for m4.
116 for m4.
117 for m4.
118 for m4.
119 for m4.
120 for m4.
121 for m4.
122 for m4.
123 for m4.
124 for m4.
125 for m4.
126 for m4.
127 for m4.
128 for m4.
129 for m4.
130 for m4.
131 for m4.
132 for m4.
133 for m4.
134 for m4.
135 for m4.
136 for m4.
137 for m4.
138 for m4.
139 for m4.
140 for m4.
141 for m4.
142 for m4.
143 for m4.
144 for m4.
145 for m4.
146 for m4.
147 for m4.
148 for m4.
149 for m4.
150 for m4.
151 for m4.
152 for m4.
153 for m4.
154 for m4.
155 for m4.
156 for m4.
157 for m4.
158 for m4.
159 for m4.
160 for m4.
161 for m4.
162 for m4.
163 for m4.
164 for m4.
165 for m4.
166 for m4.
167 for m4.
168 for m4.
169 for m4.
170 for m4.
171 for m4.
172 for m4.
173 for m4.
174 for m4.
175 for m4.
176 for m4.
177 for m4.
178 for m4.
179 for m4.
180 for m4.
181 for m4.
182 for m4.
183 for m4.
184 for m4.
185 for m4.
186 for m4.
187 for m4.
188 for m4.
189 for m4.
190 for m4.
191 for m4.
192 for m4.
193 for m4.
194 for m4.
195 for m4.
196 for m4.
197 for m4.
198 for m4.
199 for m4.
200 for m4.
201 for m4.
202 for m4.
203 for m4.
204 for m4.
205 for m4.
206 for m4.
207 for m4.
208 for m4.
209 for m4.
210 for m4.
211 for m4.
212 for m4.
213 for m4.
214 for m4.
215 for m4.
216 for m4.
217 for m4.
218 for m4.
219 for m4.
220 for m4.
221 for m4.
222 for m4.
223 for m4.
224 for m4.
225 for m4.
226 for m4.
227 for m4.
228 for m4.
229 for m4.
230 for m4.
231 for m4.
232 for m4.
233 for m4.
234 for m4.
235 for m4.
236 for m4.
237 for m4.
238 for m4.
239 for m4.
240 for m4.
241 for m4.
242 for m4.
243 for m4.
244 for m4.
245 for m4.
246 for m4.
247 for m4.
248 for m4.
249 for m4.
250 for m4.
251 for m4.
252 for m4.
253 for m4.
254 for m4.
255 for m4.
256 for m4.
257 for m4.
258 for m4.
259 for m4.
260 for m4.
261 for m4.
262 for m4.
263 for m4.
264 for m4.
265 for m4.
266 for m4.
267 for m4.
268 for m4.
269 for m4.
270 for m4.
271 for m4.
272 for m4.
273 for m4.
274 for m4.
275 for m4.
276 for m4.
277 for m4.
278 for m4.
279 for m4.
280 for m4.
281 for m4.
282 for m4.
283 for m4.
284 for m4.
285 for m4.
286 for m4.
287 for m4.
288 for m4.
289 for m4.
290 for m4.
291 for m4.
292 for m4.
293 for m4.
294 for m4.
295 for m4.
296 for m4.
297 for m4.
298 for m4.
299 for m4.
300 for m4.
301 for m4.
302 for m4.
303 for m4.
304 for m4.
305 for m4.
306 for m4.
307 for m4.
308 for m4.
309 for m4.
310 for m4.
311 for m4.
312 for m4.
313 for m4.
314 for m4.
315 for m4.
316 for m4.
317 for m4.
318 for m4.
319 for m4.
320 for m4.
321 for m4.
322 for m4.
323 for m4.
324 for m4.
325 for m4.
326 for m4.
327 for m4.
328 for m4.
329 for m4.
330 for m4.
331 for m4.
332 for m4.
333 for m4.
334 for m4.
335 for m4.
336 for m4.
337 for m4.
338 for m4.
339 for m4.
340 for m4.
341 for m4.
342 for m4.
343 for m4.
344 for m4.
345 for m4.
346 for m4.
347 for m4.
348 for m4.
349 for m4.
350 for m4.
351 for m4.
352 for m4.
353 for m4.
354 for m4.
355 for m4.
356 for m4.
357 for m4.
358 for m4.
359 for m4.
360 for m4.
361 for m4.
362 for m4.
363 for m4.
364 for m4.
365 for m4.
366 for m4.
367 for m4.
368 for m4.
369 for m4.
370 for m4.
371 for m4.
372 for m4.
373 for m4.
374 for m4.
375 for m4.
376 for m4.
377 for m4.
378 for m4.
379 for m4.
380 for m4.
381 for m4.
382 for m4.
383 for m4.
384 for m4.
385 for m4.
386 for m4.
387 for m4.
388 for m4.
389 for m4.
390 for m4.
391 for m4.
392 for m4.
393 for m4.
394 for m4.
395 for m4.
396 for m4.
397 for m4.
398 for m4.
399 for m4.
400 for m4.
401 for m4.
402 for m4.
403 for m4.
404 for m4.
405 for m4.
406 for m4.
407 for m4.
408 for m4.
409 for m4.
410 for m4.
411 for m4.
412 for m4.
413 for m4.
414 for m4.
415 for m4.
416 for m4.
417 for m4.
418 for m4.
419 for m4.
420 for m4.
421 for m4.
422 for m4.
423 for m4.
424 for m4.
425 for m4.
426 for m4.
427 for m4.
428 for m4.
429 for m4.
430 for m4.
431 for m4.
432 for m4.
433 for m4.
434 for m4.
435 for m4.
436 for m4.
437 for m4.
438 for m4.
439 for m4.
440 for m4.
441 for m4.
442 for m4.
443 for m4.
444 for m4.
445 for m4.
446 for m4.
447 for m4.
448 for m4.
449 for m4.
450 for m4.
451 for m4.
452 for m4.
453 for m4.
454 for m4.
455 for m4.
456 for m4.
457 for m4.
458 for m4.
459 for m4.
460 for m4.
461 for m4.
462 for m4.
463 for m4.
464 for m4.
465 for m4.
466 for m4.
467 for m4.
468 for m4.
469 for m4.
470 for m4.
471 for m4.
472 for m4.
473 for m4.
474 for m4.
475 for m4.
476 for m4.
477 for m4.
478 for m4.
479 for m4.
480 for m4.
481 for m4.
482 for m4.
483 for m4.
484 for m4.
485 for m4.
486 for m4.
487 for m4.
488 for m4.
489 for m4.
490 for m4.
491 for m4.
492 for m4.
493 for m4.
494 for m4.
495 for m4.
496 for m4.
497 for m4.
498 for m4.
499 for m4.
500 for m4.
501 for m4.
502 for m4.
503 for m4.
504 for m4.
505 for m4.
506 for m4.
507 for m4.
508 for m4.
509 for m4.
510 for m4.
511 for m4.
512 for m4.
513 for m4.
514 for m4.
515 for m4.
516 for m4.
517 for m4.
518 for m4.
519 for m4.
520 for m4.
521 for m4.
522 for m4.
523 for m4.
524 for m4.
525 for m4.
526 for m4.
527 for m4.
528 for m4.
529 for m4.
530 for m4.
531 for m4.
532 for m4.
533 for m4.
534 for m4.
535 for m4.
536 for m4.
537 for m4.
538 for m4.
539 for m4.
540 for m4.
541 for m4.
542 for m4.
543 for m4.
544 for m4.
545 for m4.
546 for m4.
547 for m4.
548 for m4.
549 for m4.
550 for m4.
551 for m4.
552 for m4.
553 for m4.
554 for m4.
555 for m4.
556 for m4.
557 for m4.
558 for m4.
559 for m4.
560 for m4.
561 for m4.
562 for m4.
563 for m4.
564 for m4.
565 for m4.
566 for m4.
567 for m4.
568 for m4.
569 for m4.
570 for m4.
571 for m4.
572 for m4.
573 for m4.
574 for m4.
575 for m4.
576 for m4.
577 for m4.
578 for m4.
579 for m4.
580 for m4.
581 for m4.
582 for m4.
583 for m4.
584 for m4.
585 for m4.
586 for m4.
587 for m4.
588 for m4.
589 for m4.
590 for m4.
591 for m4.
592 for m4.
593 for m4.
594 for m4.
595 for m4.
596 for m4.
597 for m4.
598 for m4.
599 for m4.
600 for m4.
601 for m4.
602 for m4.
603 for m4.
604 for m4.
605 for m4.
606 for m4.
607 for m4.
608 for m4.
609 for m4.
610 for m4.
611 for m4.
612 for m4.
613 for m4.
614 for m4.
615 for m4.
616 for m4.
617 for m4.
618 for m4.
619 for m4.
620 for m4.
621 for m4.
622 for m4.
623 for m4.
624 for m4.
625 for m4.
626 for m4.
627 for m4.
628 for m4.
629 for m4.
630 for m4.
631 for m4.
632 for m4.
633 for m4.
634 for m4.
635 for m4.
636 for m4.
637 for m4.
638 for m4.
639 for m4.
640 for m4.
641 for m4.
642 for m4.
643 for m4.
644 for m4.
645 for m4.
646 for m4.
647 for m4.
648 for m4.
649 for m4.
650 for m4.
651 for m4.
652 for m4.
653 for m4.
654 for m4.
655 for m4.
656 for m4.
657 for m4.
658 for m4.
659 for m4.
660 for m4.
661 for m4.
662 for m4.
663 for m4.
664 for m4.
665 for m4.
666 for m4.
667 for m4.
668 for m4.
669 for m4.
670 for m4.
671 for m4.
672 for m4.
673 for m4.
674 for m4.
675 for m4.
676 for m4.
677 for m4.
678 for m4.
679 for m4.
680 for m4.
681 for m4.
682 for m4.
683 for m4.
684 for m4.
685 for m4.
686 for m4.
687 for m4.
688 for m4.
689 for m4.
690 for m4.
691 for m4.
692 for m4.
693 for m4.
694 for m4.
695 for m4.
696 for m4.
697 for m4.
698 for m4.
699 for m4.
700 for m4.
701 for m4.
702 for m4.
703 for m4.
704 for m4.
705 for m4.
706 for m4.
707 for m4.
708 for m4.
709 for m4.
710 for m4.
711 for m4.
712 for m4.
713 for m4.
714 for m4.
715 for m4.
716 for m4.
717 for m4.
718 for m4.
719 for m4.
720 for m4.
721 for m4.
722 for m4.
723 for m4.
724 for m4.
725 for m4.
726 for m4.
727 for m4.
728 for m4.
729 for m4.
730 for m4.
731 for m4.
732 for m4.
733 for m4.
734 for m4.
735 for m4.
736 for m4.
737 for m4.
738 for m4.
739 for m4.
740 for m4.
741 for m4.
742 for m4.
743 for m4.
744 for m4.
745 for m4.
746 for m4.
747 for m4.
748 for m4.
749 for m4.
750 for m4.
751 for m4.
752 for m4.
753 for m4.
754 for m4.
755 for m4.
756 for m4.
757 for m4.
758 for m4.
759 for m4.
760 for m4.
761 for m4.
762 for m4.
763 for m4.
764 for m4.
765 for m4.
766 for m4.
767 for m4.
768 for m4.
769 for m4.
770 for m4.
771 for m4.
772 for m4.
773 for m4.
774 for m4.
775 for m4.
776 for m4.
777 for m4.
778 for m4.
779 for m4.
780 for m4.
781 for m4.
782 for m4.
783 for m4.
784 for m4.
785 for m4.
786 for m4.
787 for m4.
788 for m4.
789 for m4.
790 for m4.
791 for m4.
792 for m4.
793 for m4.
794 for m4.
795 for m4.
796 for m4.
797 for m4.
798 for m4.
799 for m4.
800 for m4.
801 for m4.
802 for m4.
803 for m4.
804 for m4.
805 for m4.
806 for m4.
807 for m4.
808 for m4.
809 for m4.
810 for m4.
811 for m4.
812 for m4.
813 for m4.
814 for m4.
815 for m4.
816 for m4.
817 for m4.
818 for m4.
819 for m4.
820 for m4.
821 for m4.
822 for m4.
823 for m4.
824 for m4.
825 for m4.
826 for m4.
827 for m4.
828 for m4.
829 for m4.
830 for m4.
831 for m4.
832 for m4.
833 for m4.
834 for m4.
835 for m4.
836 for m4.
837 for m4.
838 for m4.
839 for m4.
840 for m4.
841 for m4.
842 for m4.
843 for m4.
844 for m4.
845 for m4.
846 for m4.
847 for m4.
848 for m4.
849 for m4.
850 for m4.
851 for m4.
852 for m4.
853 for m4.
854 for m4.
855 for m4.
856 for m4.
857 for m4.
858 for m4.
859 for m4.
860 for m4.
861 for m4.
862 for m4.
863 for m4.
864 for m4.
865 for m4.
866 for m4.
867 for m4.
868 for m4.
869 for m4.
870 for m4.
871 for m4.
872 for m4.
873 for m4.
874 for m4.
875 for m4.
876 for m4.
877 for m4.
878 for m4.
879 for m4.
880 for m4.
881 for m4.
882 for m4.
883 for m4.
884 for m4.
885 for m4.
886 for m4.
887 for m4.
888 for m4.
889 for m4.
890 for m4.
891 for m4.
892 for m4.
893 for m4.
894 for m4.
895 for m4.
896 for m4.
897 for m4.
898 for m4.
899 for m4.
900 for m4.
901 for m4.
902 for m4.
903 for m4.
904 for m4.
905 for m4.
906 for m4.
907 for m4.
908 for m4.
909 for m4.
910 for m4.
911 for m4.
912 for m4.
913 for m4.
914 for m4.
915 for m4.
916 for m4.
917 for m4.
918 for m4.
919 for m4.
920 for m4.
921 for m4.
922 for m4.
923 for m4.
924 for m4.
925 for m4.
926 for m4.
927 for m4.
928 for m4.
929 for m4.
930 for m4.
931 for m4.
932 for m4.
933 for m4.
934 for m4.
935 for m4.
936 for m4.
937 for m4.
938 for m4.
939 for m4.
940 for m4.
941 for m4.
942 for m4.
943 for m4.
944 for m4.
945 for m4.
946 for m4.
947 for m4.
948 for m4.
949 for m4.
950 for m4.
951 for m4.
952 for m4.
953 for m4.
954 for m4.
955 for m4.
956 for m4.
957 for m4.
958 for m4.
959 for m4.
960 for m4.
961 for m4.
962 for m4.
963 for m4.
964 for m4.
965 for m4.
966 for m4.
967 for m4.
968 for m4.
969 for m4.
970 for m4.
971 for m4.
972 for m4.
973 for m4.
974 for m4.
975 for m4.
976 for m4.
977 for m4.
978 for m4.
979 for m4.
980 for m4.
981 for m4.
982 for m4.
983 for m4.
984 for m4.
985 for m4.
986 for m4.
987 for m4.
988 for m4.
989 for m4.
990 for m4.
991 for m4.
992 for m4.
993 for m4.
994 for m4.
995 for m4.
996 for m4.
997 for m4.
998 for m4.
999 for m4.
1000 for m4.
1 for m3.
2 for m3.
3 for m3.
4 for m3.
5 for m3.
6 for m3.
7 for m3.
8 for m3.
9 for m3.
10 for m3.
11 for m3.
12 for m3.
13 for m3.
14 for m3.
15 for m3.
16 for m3.
17 for m3.
18 for m3.
19 for m3.
20 for m3.
21 for m3.
22 for m3.
23 for m3.
24 for m3.
25 for m3.
26 for m3.
27 for m3.
28 for m3.
29 for m3.
30 for m3.
31 for m3.
32 for m3.
33 for m3.
34 for m3.
35 for m3.
36 for m3.
37 for m3.
38 for m3.
39 for m3.
40 for m3.
41 for m3.
42 for m3.
43 for m3.
44 for m3.
45 for m3.
46 for m3.
47 for m3.
48 for m3.
49 for m3.
50 for m3.
51 for m3.
52 for m3.
53 for m3.
54 for m3.
55 for m3.
56 for m3.
57 for m3.
58 for m3.
59 for m3.
60 for m3.
61 for m3.
62 for m3.
63 for m3.
64 for m3.
65 for m3.
66 for m3.
67 for m3.
68 for m3.
69 for m3.
70 for m3.
71 for m3.
72 for m3.
73 for m3.
74 for m3.
75 for m3.
76 for m3.
77 for m3.
78 for m3.
79 for m3.
80 for m3.
81 for m3.
82 for m3.
83 for m3.
84 for m3.
85 for m3.
86 for m3.
87 for m3.
88 for m3.
89 for m3.
90 for m3.
91 for m3.
92 for m3.
93 for m3.
94 for m3.
95 for m3.
96 for m3.
97 for m3.
98 for m3.
99 for m3.
100 for m3.
101 for m3.
102 for m3.
103 for m3.
104 for m3.
105 for m3.
106 for m3.
107 for m3.
108 for m3.
109 for m3.
110 for m3.
111 for m3.
112 for m3.
113 for m3.
114 for m3.
115 for m3.
116 for m3.
117 for m3.
118 for m3.
119 for m3.
120 for m3.
121 for m3.
122 for m3.
123 for m3.
124 for m3.
125 for m3.
126 for m3.
127 for m3.
128 for m3.
129 for m3.
130 for m3.
131 for m3.
132 for m3.
133 for m3.
134 for m3.
135 for m3.
136 for m3.
137 for m3.
138 for m3.
139 for m3.
140 for m3.
141 for m3.
142 for m3.
143 for m3.
144 for m3.
145 for m3.
146 for m3.
147 for m3.
148 for m3.
149 for m3.
150 for m3.
151 for m3.
152 for m3.
153 for m3.
154 for m3.
155 for m3.
156 for m3.
157 for m3.
158 for m3.
159 for m3.
160 for m3.
161 for m3.
162 for m3.
163 for m3.
164 for m3.
165 for m3.
166 for m3.
167 for m3.
168 for m3.
169 for m3.
170 for m3.
171 for m3.
172 for m3.
173 for m3.
174 for m3.
175 for m3.
176 for m3.
177 for m3.
178 for m3.
179 for m3.
180 for m3.
181 for m3.
182 for m3.
183 for m3.
184 for m3.
185 for m3.
186 for m3.
187 for m3.
188 for m3.
189 for m3.
190 for m3.
191 for m3.
192 for m3.
193 for m3.
194 for m3.
195 for m3.
196 for m3.
197 for m3.
198 for m3.
199 for m3.
200 for m3.
201 for m3.
202 for m3.
203 for m3.
204 for m3.
205 for m3.
206 for m3.
207 for m3.
208 for m3.
209 for m3.
210 for m3.
211 for m3.
212 for m3.
213 for m3.
214 for m3.
215 for m3.
216 for m3.
217 for m3.
218 for m3.
219 for m3.
220 for m3.
221 for m3.
222 for m3.
223 for m3.
224 for m3.
225 for m3.
226 for m3.
227 for m3.
228 for m3.
229 for m3.
230 for m3.
231 for m3.
232 for m3.
233 for m3.
234 for m3.
235 for m3.
236 for m3.
237 for m3.
238 for m3.
239 for m3.
240 for m3.
241 for m3.
242 for m3.
243 for m3.
244 for m3.
245 for m3.
246 for m3.
247 for m3.
248 for m3.
249 for m3.
250 for m3.
251 for m3.
252 for m3.
253 for m3.
254 for m3.
255 for m3.
256 for m3.
257 for m3.
258 for m3.
259 for m3.
260 for m3.
261 for m3.
262 for m3.
263 for m3.
264 for m3.
265 for m3.
266 for m3.
267 for m3.
268 for m3.
269 for m3.
270 for m3.
271 for m3.
272 for m3.
273 for m3.
274 for m3.
275 for m3.
276 for m3.
277 for m3.
278 for m3.
279 for m3.
280 for m3.
281 for m3.
282 for m3.
283 for m3.
284 for m3.
285 for m3.
286 for m3.
287 for m3.
288 for m3.
289 for m3.
290 for m3.
291 for m3.
292 for m3.
293 for m3.
294 for m3.
295 for m3.
296 for m3.
297 for m3.
298 for m3.
299 for m3.
300 for m3.
301 for m3.
302 for m3.
303 for m3.
304 for m3.
305 for m3.
306 for m3.
307 for m3.
308 for m3.
309 for m3.
310 for m3.
311 for m3.
312 for m3.
313 for m3.
314 for m3.
315 for m3.
316 for m3.
317 for m3.
318 for m3.
319 for m3.
320 for m3.
321 for m3.
322 for m3.
323 for m3.
324 for m3.
325 for m3.
326 for m3.
327 for m3.
328 for m3.
329 for m3.
330 for m3.
331 for m3.
332 for m3.
333 for m3.
334 for m3.
335 for m3.
336 for m3.
337 for m3.
338 for m3.
339 for m3.
340 for m3.
341 for m3.
342 for m3.
343 for m3.
344 for m3.
345 for m3.
346 for m3.
347 for m3.
348 for m3.
349 for m3.
350 for m3.
351 for m3.
352 for m3.
353 for m3.
354 for m3.
355 for m3.
356 for m3.
357 for m3.
358 for m3.
359 for m3.
360 for m3.
361 for m3.
362 for m3.
363 for m3.
364 for m3.
365 for m3.
366 for m3.
367 for m3.
368 for m3.
369 for m3.
370 for m3.
371 for m3.
372 for m3.
373 for m3.
374 for m3.
375 for m3.
376 for m3.
377 for m3.
378 for m3.
379 for m3.
380 for m3.
381 for m3.
382 for m3.
383 for m3.
384 for m3.
385 for m3.
386 for m3.
387 for m3.
388 for m3.
389 for m3.
390 for m3.
391 for m3.
392 for m3.
393 for m3.
394 for m3.
395 for m3.
396 for m3.
397 for m3.
398 for m3.
399 for m3.
400 for m3.
401 for m3.
402 for m3.
403 for m3.
404 for m3.
405 for m3.
406 for m3.
407 for m3.
408 for m3.
409 for m3.
410 for m3.
411 for m3.
412 for m3.
413 for m3.
414 for m3.
415 for m3.
416 for m3.
417 for m3.
418 for m3.
419 for m3.
420 for m3.
421 for m3.
422 for m3.
423 for m3.
424 for m3.
425 for m3.
426 for m3.
427 for m3.
428 for m3.
429 for m3.
430 for m3.
431 for m3.
432 for m3.
433 for m3.
434 for m3.
435 for m3.
436 for m3.
437 for m3.
438 for m3.
439 for m3.
440 for m3.
441 for m3.
442 for m3.
443 for m3.
444 for m3.
445 for m3.
446 for m3.
447 for m3.
448 for m3.
449 for m3.
450 for m3.
451 for m3.
452 for m3.
453 for m3.
454 for m3.
455 for m3.
456 for m3.
457 for m3.
458 for m3.
459 for m3.
460 for m3.
461 for m3.
462 for m3.
463 for m3.
464 for m3.
465 for m3.
466 for m3.
467 for m3.
468 for m3.
469 for m3.
470 for m3.
471 for m3.
472 for m3.
473 for m3.
474 for m3.
475 for m3.
476 for m3.
477 for m3.
478 for m3.
479 for m3.
480 for m3.
481 for m3.
482 for m3.
483 for m3.
484 for m3.
485 for m3.
486 for m3.
487 for m3.
488 for m3.
489 for m3.
490 for m3.
491 for m3.
492 for m3.
493 for m3.
494 for m3.
495 for m3.
496 for m3.
497 for m3.
498 for m3.
499 for m3.
500 for m3.
501 for m3.
502 for m3.
503 for m3.
504 for m3.
505 for m3.
506 for m3.
507 for m3.
508 for m3.
509 for m3.
510 for m3.
511 for m3.
512 for m3.
513 for m3.
514 for m3.
515 for m3.
516 for m3.
517 for m3.
518 for m3.
519 for m3.
520 for m3.
521 for m3.
522 for m3.
523 for m3.
524 for m3.
525 for m3.
526 for m3.
527 for m3.
528 for m3.
529 for m3.
530 for m3.
531 for m3.
532 for m3.
533 for m3.
534 for m3.
535 for m3.
536 for m3.
537 for m3.
538 for m3.
539 for m3.
540 for m3.
541 for m3.
542 for m3.
543 for m3.
544 for m3.
545 for m3.
546 for m3.
547 for m3.
548 for m3.
549 for m3.
550 for m3.
551 for m3.
552 for m3.
553 for m3.
554 for m3.
555 for m3.
556 for m3.
557 for m3.
558 for m3.
559 for m3.
560 for m3.
561 for m3.
562 for m3.
563 for m3.
564 for m3.
565 for m3.
566 for m3.
567 for m3.
568 for m3.
569 for m3.
570 for m3.
571 for m3.
572 for m3.
573 for m3.
574 for m3.
575 for m3.
576 for m3.
577 for m3.
578 for m3.
579 for m3.
580 for m3.
581 for m3.
582 for m3.
583 for m3.
584 for m3.
585 for m3.
586 for m3.
587 for m3.
588 for m3.
589 for m3.
590 for m3.
591 for m3.
592 for m3.
593 for m3.
594 for m3.
595 for m3.
596 for m3.
597 for m3.
598 for m3.
599 for m3.
600 for m3.
601 for m3.
602 for m3.
603 for m3.
604 for m3.
605 for m3.
606 for m3.
607 for m3.
608 for m3.
609 for m3.
610 for m3.
611 for m3.
612 for m3.
613 for m3.
614 for m3.
615 for m3.
616 for m3.
617 for m3.
618 for m3.
619 for m3.
620 for m3.
621 for m3.
622 for m3.
623 for m3.
624 for m3.
625 for m3.
626 for m3.
627 for m3.
628 for m3.
629 for m3.
630 for m3.
631 for m3.
632 for m3.
633 for m3.
634 for m3.
635 for m3.
636 for m3.
637 for m3.
638 for m3.
639 for m3.
640 for m3.
641 for m3.
642 for m3.
643 for m3.
644 for m3.
645 for m3.
646 for m3.
647 for m3.
648 for m3.
649 for m3.
650 for m3.
651 for m3.
652 for m3.
653 for m3.
654 for m3.
655 for m3.
656 for m3.
657 for m3.
658 for m3.
659 for m3.
660 for m3.
661 for m3.
662 for m3.
663 for m3.
664 for m3.
665 for m3.
666 for m3.
667 for m3.
668 for m3.
669 for m3.
670 for m3.
671 for m3.
672 for m3.
673 for m3.
674 for m3.
675 for m3.
676 for m3.
677 for m3.
678 for m3.
679 for m3.
680 for m3.
681 for m3.
682 for m3.
683 for m3.
684 for m3.
685 for m3.
686 for m3.
687 for m3.
688 for m3.
689 for m3.
690 for m3.
691 for m3.
692 for m3.
693 for m3.
694 for m3.
695 for m3.
696 for m3.
697 for m3.
698 for m3.
699 for m3.
700 for m3.
701 for m3.
702 for m3.
703 for m3.
704 for m3.
705 for m3.
706 for m3.
707 for m3.
708 for m3.
709 for m3.
710 for m3.
711 for m3.
712 for m3.
713 for m3.
714 for m3.
715 for m3.
716 for m3.
717 for m3.
718 for m3.
719 for m3.
720 for m3.
721 for m3.
722 for m3.
723 for m3.
724 for m3.
725 for m3.
726 for m3.
727 for m3.
728 for m3.
729 for m3.
730 for m3.
731 for m3.
732 for m3.
733 for m3.
734 for m3.
735 for m3.
736 for m3.
737 for m3.
738 for m3.
739 for m3.
740 for m3.
741 for m3.
742 for m3.
743 for m3.
744 for m3.
745 for m3.
746 for m3.
747 for m3.
748 for m3.
749 for m3.
750 for m3.
751 for m3.
752 for m3.
753 for m3.
754 for m3.
755 for m3.
756 for m3.
757 for m3.
758 for m3.
759 for m3.
760 for m3.
761 for m3.
762 for m3.
763 for m3.
764 for m3.
765 for m3.
766 for m3.
767 for m3.
768 for m3.
769 for m3.
770 for m3.
771 for m3.
772 for m3.
773 for m3.
774 for m3.
775 for m3.
776 for m3.
777 for m3.
778 for m3.
779 for m3.
780 for m3.
781 for m3.
782 for m3.
783 for m3.
784 for m3.
785 for m3.
786 for m3.
787 for m3.
788 for m3.
789 for m3.
790 for m3.
791 for m3.
792 for m3.
793 for m3.
794 for m3.
795 for m3.
796 for m3.
797 for m3.
798 for m3.
799 for m3.
800 for m3.
801 for m3.
802 for m3.
803 for m3.
804 for m3.
805 for m3.
806 for m3.
807 for m3.
808 for m3.
809 for m3.
810 for m3.
811 for m3.
812 for m3.
813 for m3.
814 for m3.
815 for m3.
816 for m3.
817 for m3.
818 for m3.
819 for m3.
820 for m3.
821 for m3.
822 for m3.
823 for m3.
824 for m3.
825 for m3.
826 for m3.
827 for m3.
828 for m3.
829 for m3.
830 for m3.
831 for m3.
832 for m3.
833 for m3.
834 for m3.
835 for m3.
836 for m3.
837 for m3.
838 for m3.
839 for m3.
840 for m3.
841 for m3.
842 for m3.
843 for m3.
844 for m3.
845 for m3.
846 for m3.
847 for m3.
848 for m3.
849 for m3.
850 for m3.
851 for m3.
852 for m3.
853 for m3.
854 for m3.
855 for m3.
856 for m3.
857 for m3.
858 for m3.
859 for m3.
860 for m3.
861 for m3.
862 for m3.
863 for m3.
864 for m3.
865 for m3.
866 for m3.
867 for m3.
868 for m3.
869 for m3.
870 for m3.
871 for m3.
872 for m3.
873 for m3.
874 for m3.
875 for m3.
876 for m3.
877 for m3.
878 for m3.
879 for m3.
880 for m3.
881 for m3.
882 for m3.
883 for m3.
884 for m3.
885 for m3.
886 for m3.
887 for m3.
888 for m3.
889 for m3.
890 for m3.
891 for m3.
892 for m3.
893 for m3.
894 for m3.
895 for m3.
896 for m3.
897 for m3.
898 for m3.
899 for m3.
900 for m3.
901 for m3.
902 for m3.
903 for m3.
904 for m3.
905 for m3.
906 for m3.
907 for m3.
908 for m3.
909 for m3.
910 for m3.
911 for m3.
912 for m3.
913 for m3.
914 for m3.
915 for m3.
916 for m3.
917 for m3.
918 for m3.
919 for m3.
920 for m3.
921 for m3.
922 for m3.
923 for m3.
924 for m3.
925 for m3.
926 for m3.
927 for m3.
928 for m3.
929 for m3.
930 for m3.
931 for m3.
932 for m3.
933 for m3.
934 for m3.
935 for m3.
936 for m3.
937 for m3.
938 for m3.
939 for m3.
940 for m3.
941 for m3.
942 for m3.
943 for m3.
944 for m3.
945 for m3.
946 for m3.
947 for m3.
948 for m3.
949 for m3.
950 for m3.
951 for m3.
952 for m3.
953 for m3.
954 for m3.
955 for m3.
956 for m3.
957 for m3.
958 for m3.
959 for m3.
960 for m3.
961 for m3.
962 for m3.
963 for m3.
964 for m3.
965 for m3.
966 for m3.
967 for m3.
968 for m3.
969 for m3.
970 for m3.
971 for m3.
972 for m3.
973 for m3.
974 for m3.
975 for m3.
976 for m3.
977 for m3.
978 for m3.
979 for m3.
980 for m3.
981 for m3.
982 for m3.
983 for m3.
984 for m3.
985 for m3.
986 for m3.
987 for m3.
988 for m3.
989 for m3.
990 for m3.
991 for m3.
992 for m3.
993 for m3.
994 for m3.
995 for m3.
996 for m3.
997 for m3.
998 for m3.
999 for m3.
1000 for m3.
1 for m2.
2 for m2.
3 for m2.
4 for m2.
5 for m2.
6 for m2.
7 for m2.
8 for m2.
9 for m2.
10 for m2.
11 for m2.
12 for m2.
13 for m2.
14 for m2.
15 for m2.
16 for m2.
17 for m2.
18 for m2.
19 for m2.
20 for m2.
21 for m2.
22 for m2.
23 for m2.
24 for m2.
25 for m2.
26 for m2.
27 for m2.
28 for m2.
29 for m2.
30 for m2.
31 for m2.
32 for m2.
33 for m2.
34 for m2.
35 for m2.
36 for m2.
37 for m2.
38 for m2.
39 for m2.
40 for m2.
41 for m2.
42 for m2.
43 for m2.
44 for m2.
45 for m2.
46 for m2.
47 for m2.
48 for m2.
49 for m2.
50 for m2.
51 for m2.
52 for m2.
53 for m2.
54 for m2.
55 for m2.
56 for m2.
57 for m2.
58 for m2.
59 for m2.
60 for m2.
61 for m2.
62 for m2.
63 for m2.
64 for m2.
65 for m2.
66 for m2.
67 for m2.
68 for m2.
69 for m2.
70 for m2.
71 for m2.
72 for m2.
73 for m2.
74 for m2.
75 for m2.
76 for m2.
77 for m2.
78 for m2.
79 for m2.
80 for m2.
81 for m2.
82 for m2.
83 for m2.
84 for m2.
85 for m2.
86 for m2.
87 for m2.
88 for m2.
89 for m2.
90 for m2.
91 for m2.
92 for m2.
93 for m2.
94 for m2.
95 for m2.
96 for m2.
97 for m2.
98 for m2.
99 for m2.
100 for m2.
101 for m2.
102 for m2.
103 for m2.
104 for m2.
105 for m2.
106 for m2.
107 for m2.
108 for m2.
109 for m2.
110 for m2.
111 for m2.
112 for m2.
113 for m2.
114 for m2.
115 for m2.
116 for m2.
117 for m2.
118 for m2.
119 for m2.
120 for m2.
121 for m2.
122 for m2.
123 for m2.
124 for m2.
125 for m2.
126 for m2.
127 for m2.
128 for m2.
129 for m2.
130 for m2.
131 for m2.
132 for m2.
133 for m2.
134 for m2.
135 for m2.
136 for m2.
137 for m2.
138 for m2.
139 for m2.
140 for m2.
141 for m2.
142 for m2.
143 for m2.
144 for m2.
145 for m2.
146 for m2.
147 for m2.
148 for m2.
149 for m2.
150 for m2.
151 for m2.
152 for m2.
153 for m2.
154 for m2.
155 for m2.
156 for m2.
157 for m2.
158 for m2.
159 for m2.
160 for m2.
161 for m2.
162 for m2.
163 for m2.
164 for m2.
165 for m2.
166 for m2.
167 for m2.
168 for m2.
169 for m2.
170 for m2.
171 for m2.
172 for m2.
173 for m2.
174 for m2.
175 for m2.
176 for m2.
177 for m2.
178 for m2.
179 for m2.
180 for m2.
181 for m2.
182 for m2.
183 for m2.
184 for m2.
185 for m2.
186 for m2.
187 for m2.
188 for m2.
189 for m2.
190 for m2.
191 for m2.
192 for m2.
193 for m2.
194 for m2.
195 for m2.
196 for m2.
197 for m2.
198 for m2.
199 for m2.
200 for m2.
201 for m2.
202 for m2.
203 for m2.
204 for m2.
205 for m2.
206 for m2.
207 for m2.
208 for m2.
209 for m2.
210 for m2.
211 for m2.
212 for m2.
213 for m2.
214 for m2.
215 for m2.
216 for m2.
217 for m2.
218 for m2.
219 for m2.
220 for m2.
221 for m2.
222 for m2.
223 for m2.
224 for m2.
225 for m2.
226 for m2.
227 for m2.
228 for m2.
229 for m2.
230 for m2.
231 for m2.
232 for m2.
233 for m2.
234 for m2.
235 for m2.
236 for m2.
237 for m2.
238 for m2.
239 for m2.
240 for m2.
241 for m2.
242 for m2.
243 for m2.
244 for m2.
245 for m2.
246 for m2.
247 for m2.
248 for m2.
249 for m2.
250 for m2.
251 for m2.
252 for m2.
253 for m2.
254 for m2.
255 for m2.
256 for m2.
257 for m2.
258 for m2.
259 for m2.
260 for m2.
261 for m2.
262 for m2.
263 for m2.
264 for m2.
265 for m2.
266 for m2.
267 for m2.
268 for m2.
269 for m2.
270 for m2.
271 for m2.
272 for m2.
273 for m2.
274 for m2.
275 for m2.
276 for m2.
277 for m2.
278 for m2.
279 for m2.
280 for m2.
281 for m2.
282 for m2.
283 for m2.
284 for m2.
285 for m2.
286 for m2.
287 for m2.
288 for m2.
289 for m2.
290 for m2.
291 for m2.
292 for m2.
293 for m2.
294 for m2.
295 for m2.
296 for m2.
297 for m2.
298 for m2.
299 for m2.
300 for m2.
301 for m2.
302 for m2.
303 for m2.
304 for m2.
305 for m2.
306 for m2.
307 for m2.
308 for m2.
309 for m2.
310 for m2.
311 for m2.
312 for m2.
313 for m2.
314 for m2.
315 for m2.
316 for m2.
317 for m2.
318 for m2.
319 for m2.
320 for m2.
321 for m2.
322 for m2.
323 for m2.
324 for m2.
325 for m2.
326 for m2.
327 for m2.
328 for m2.
329 for m2.
330 for m2.
331 for m2.
332 for m2.
333 for m2.
334 for m2.
335 for m2.
336 for m2.
337 for m2.
338 for m2.
339 for m2.
340 for m2.
341 for m2.
342 for m2.
343 for m2.
344 for m2.
345 for m2.
346 for m2.
347 for m2.
348 for m2.
349 for m2.
350 for m2.
351 for m2.
352 for m2.
353 for m2.
354 for m2.
355 for m2.
356 for m2.
357 for m2.
358 for m2.
359 for m2.
360 for m2.
361 for m2.
362 for m2.
363 for m2.
364 for m2.
365 for m2.
366 for m2.
367 for m2.
368 for m2.
369 for m2.
370 for m2.
371 for m2.
372 for m2.
373 for m2.
374 for m2.
375 for m2.
376 for m2.
377 for m2.
378 for m2.
379 for m2.
380 for m2.
381 for m2.
382 for m2.
383 for m2.
384 for m2.
385 for m2.
386 for m2.
387 for m2.
388 for m2.
389 for m2.
390 for m2.
391 for m2.
392 for m2.
393 for m2.
394 for m2.
395 for m2.
396 for m2.
397 for m2.
398 for m2.
399 for m2.
400 for m2.
401 for m2.
402 for m2.
403 for m2.
404 for m2.
405 for m2.
406 for m2.
407 for m2.
408 for m2.
409 for m2.
410 for m2.
411 for m2.
412 for m2.
413 for m2.
414 for m2.
415 for m2.
416 for m2.
417 for m2.
418 for m2.
419 for m2.
420 for m2.
421 for m2.
422 for m2.
423 for m2.
424 for m2.
425 for m2.
426 for m2.
427 for m2.
428 for m2.
429 for m2.
430 for m2.
431 for m2.
432 for m2.
433 for m2.
434 for m2.
435 for m2.
436 for m2.
437 for m2.
438 for m2.
439 for m2.
440 for m2.
441 for m2.
442 for m2.
443 for m2.
444 for m2.
445 for m2.
446 for m2.
447 for m2.
448 for m2.
449 for m2.
450 for m2.
451 for m2.
452 for m2.
453 for m2.
454 for m2.
455 for m2.
456 for m2.
457 for m2.
458 for m2.
459 for m2.
460 for m2.
461 for m2.
462 for m2.
463 for m2.
464 for m2.
465 for m2.
466 for m2.
467 for m2.
468 for m2.
469 for m2.
470 for m2.
471 for m2.
472 for m2.
473 for m2.
474 for m2.
475 for m2.
476 for m2.
477 for m2.
478 for m2.
479 for m2.
480 for m2.
481 for m2.
482 for m2.
483 for m2.
484 for m2.
485 for m2.
486 for m2.
487 for m2.
488 for m2.
489 for m2.
490 for m2.
491 for m2.
492 for m2.
493 for m2.
494 for m2.
495 for m2.
496 for m2.
497 for m2.
498 for m2.
499 for m2.
500 for m2.
501 for m2.
502 for m2.
503 for m2.
504 for m2.
505 for m2.
506 for m2.
507 for m2.
508 for m2.
509 for m2.
510 for m2.
511 for m2.
512 for m2.
513 for m2.
514 for m2.
515 for m2.
516 for m2.
517 for m2.
518 for m2.
519 for m2.
520 for m2.
521 for m2.
522 for m2.
523 for m2.
524 for m2.
525 for m2.
526 for m2.
527 for m2.
528 for m2.
529 for m2.
530 for m2.
531 for m2.
532 for m2.
533 for m2.
534 for m2.
535 for m2.
536 for m2.
537 for m2.
538 for m2.
539 for m2.
540 for m2.
541 for m2.
542 for m2.
543 for m2.
544 for m2.
545 for m2.
546 for m2.
547 for m2.
548 for m2.
549 for m2.
550 for m2.
551 for m2.
552 for m2.
553 for m2.
554 for m2.
555 for m2.
556 for m2.
557 for m2.
558 for m2.
559 for m2.
560 for m2.
561 for m2.
562 for m2.
563 for m2.
564 for m2.
565 for m2.
566 for m2.
567 for m2.
568 for m2.
569 for m2.
570 for m2.
571 for m2.
572 for m2.
573 for m2.
574 for m2.
575 for m2.
576 for m2.
577 for m2.
578 for m2.
579 for m2.
580 for m2.
581 for m2.
582 for m2.
583 for m2.
584 for m2.
585 for m2.
586 for m2.
587 for m2.
588 for m2.
589 for m2.
590 for m2.
591 for m2.
592 for m2.
593 for m2.
594 for m2.
595 for m2.
596 for m2.
597 for m2.
598 for m2.
599 for m2.
600 for m2.
601 for m2.
602 for m2.
603 for m2.
604 for m2.
605 for m2.
606 for m2.
607 for m2.
608 for m2.
609 for m2.
610 for m2.
611 for m2.
612 for m2.
613 for m2.
614 for m2.
615 for m2.
616 for m2.
617 for m2.
618 for m2.
619 for m2.
620 for m2.
621 for m2.
622 for m2.
623 for m2.
624 for m2.
625 for m2.
626 for m2.
627 for m2.
628 for m2.
629 for m2.
630 for m2.
631 for m2.
632 for m2.
633 for m2.
634 for m2.
635 for m2.
636 for m2.
637 for m2.
638 for m2.
639 for m2.
640 for m2.
641 for m2.
642 for m2.
643 for m2.
644 for m2.
645 for m2.
646 for m2.
647 for m2.
648 for m2.
649 for m2.
650 for m2.
651 for m2.
652 for m2.
653 for m2.
654 for m2.
655 for m2.
656 for m2.
657 for m2.
658 for m2.
659 for m2.
660 for m2.
661 for m2.
662 for m2.
663 for m2.
664 for m2.
665 for m2.
666 for m2.
667 for m2.
668 for m2.
669 for m2.
670 for m2.
671 for m2.
672 for m2.
673 for m2.
674 for m2.
675 for m2.
676 for m2.
677 for m2.
678 for m2.
679 for m2.
680 for m2.
681 for m2.
682 for m2.
683 for m2.
684 for m2.
685 for m2.
686 for m2.
687 for m2.
688 for m2.
689 for m2.
690 for m2.
691 for m2.
692 for m2.
693 for m2.
694 for m2.
695 for m2.
696 for m2.
697 for m2.
698 for m2.
699 for m2.
700 for m2.
701 for m2.
702 for m2.
703 for m2.
704 for m2.
705 for m2.
706 for m2.
707 for m2.
708 for m2.
709 for m2.
710 for m2.
711 for m2.
712 for m2.
713 for m2.
714 for m2.
715 for m2.
716 for m2.
717 for m2.
718 for m2.
719 for m2.
720 for m2.
721 for m2.
722 for m2.
723 for m2.
724 for m2.
725 for m2.
726 for m2.
727 for m2.
728 for m2.
729 for m2.
730 for m2.
731 for m2.
732 for m2.
733 for m2.
734 for m2.
735 for m2.
736 for m2.
737 for m2.
738 for m2.
739 for m2.
740 for m2.
741 for m2.
742 for m2.
743 for m2.
744 for m2.
745 for m2.
746 for m2.
747 for m2.
748 for m2.
749 for m2.
750 for m2.
751 for m2.
752 for m2.
753 for m2.
754 for m2.
755 for m2.
756 for m2.
757 for m2.
758 for m2.
759 for m2.
760 for m2.
761 for m2.
762 for m2.
763 for m2.
764 for m2.
765 for m2.
766 for m2.
767 for m2.
768 for m2.
769 for m2.
770 for m2.
771 for m2.
772 for m2.
773 for m2.
774 for m2.
775 for m2.
776 for m2.
777 for m2.
778 for m2.
779 for m2.
780 for m2.
781 for m2.
782 for m2.
783 for m2.
784 for m2.
785 for m2.
786 for m2.
787 for m2.
788 for m2.
789 for m2.
790 for m2.
791 for m2.
792 for m2.
793 for m2.
794 for m2.
795 for m2.
796 for m2.
797 for m2.
798 for m2.
799 for m2.
800 for m2.
801 for m2.
802 for m2.
803 for m2.
804 for m2.
805 for m2.
806 for m2.
807 for m2.
808 for m2.
809 for m2.
810 for m2.
811 for m2.
812 for m2.
813 for m2.
814 for m2.
815 for m2.
816 for m2.
817 for m2.
818 for m2.
819 for m2.
820 for m2.
821 for m2.
822 for m2.
823 for m2.
824 for m2.
825 for m2.
826 for m2.
827 for m2.
828 for m2.
829 for m2.
830 for m2.
831 for m2.
832 for m2.
833 for m2.
834 for m2.
835 for m2.
836 for m2.
837 for m2.
838 for m2.
839 for m2.
840 for m2.
841 for m2.
842 for m2.
843 for m2.
844 for m2.
845 for m2.
846 for m2.
847 for m2.
848 for m2.
849 for m2.
850 for m2.
851 for m2.
852 for m2.
853 for m2.
854 for m2.
855 for m2.
856 for m2.
857 for m2.
858 for m2.
859 for m2.
860 for m2.
861 for m2.
862 for m2.
863 for m2.
864 for m2.
865 for m2.
866 for m2.
867 for m2.
868 for m2.
869 for m2.
870 for m2.
871 for m2.
872 for m2.
873 for m2.
874 for m2.
875 for m2.
876 for m2.
877 for m2.
878 for m2.
879 for m2.
880 for m2.
881 for m2.
882 for m2.
883 for m2.
884 for m2.
885 for m2.
886 for m2.
887 for m2.
888 for m2.
889 for m2.
890 for m2.
891 for m2.
892 for m2.
893 for m2.
894 for m2.
895 for m2.
896 for m2.
897 for m2.
898 for m2.
899 for m2.
900 for m2.
901 for m2.
902 for m2.
903 for m2.
904 for m2.
905 for m2.
906 for m2.
907 for m2.
908 for m2.
909 for m2.
910 for m2.
911 for m2.
912 for m2.
913 for m2.
914 for m2.
915 for m2.
916 for m2.
917 for m2.
918 for m2.
919 for m2.
920 for m2.
921 for m2.
922 for m2.
923 for m2.
924 for m2.
925 for m2.
926 for m2.
927 for m2.
928 for m2.
929 for m2.
930 for m2.
931 for m2.
932 for m2.
933 for m2.
934 for m2.
935 for m2.
936 for m2.
937 for m2.
938 for m2.
939 for m2.
940 for m2.
941 for m2.
942 for m2.
943 for m2.
944 for m2.
945 for m2.
946 for m2.
947 for m2.
948 for m2.
949 for m2.
950 for m2.
951 for m2.
952 for m2.
953 for m2.
954 for m2.
955 for m2.
956 for m2.
957 for m2.
958 for m2.
959 for m2.
960 for m2.
961 for m2.
962 for m2.
963 for m2.
964 for m2.
965 for m2.
966 for m2.
967 for m2.
968 for m2.
969 for m2.
970 for m2.
971 for m2.
972 for m2.
973 for m2.
974 for m2.
975 for m2.
976 for m2.
977 for m2.
978 for m2.
979 for m2.
980 for m2.
981 for m2.
982 for m2.
983 for m2.
984 for m2.
985 for m2.
986 for m2.
987 for m2.
988 for m2.
989 for m2.
990 for m2.
991 for m2.
992 for m2.
993 for m2.
994 for m2.
995 for m2.
996 for m2.
997 for m2.
998 for m2.
999 for m2.
1000 for m2.
1 for m1.
2 for m1.
3 for m1.
4 for m1.
5 for m1.
6 for m1.
7 for m1.
8 for m1.
9 for m1.
10 for m1.
11 for m1.
12 for m1.
13 for m1.
14 for m1.
15 for m1.
16 for m1.
17 for m1.
18 for m1.
19 for m1.
20 for m1.
21 for m1.
22 for m1.
23 for m1.
24 for m1.
25 for m1.
26 for m1.
27 for m1.
28 for m1.
29 for m1.
30 for m1.
31 for m1.
32 for m1.
33 for m1.
34 for m1.
35 for m1.
36 for m1.
37 for m1.
38 for m1.
39 for m1.
40 for m1.
41 for m1.
42 for m1.
43 for m1.
44 for m1.
45 for m1.
46 for m1.
47 for m1.
48 for m1.
49 for m1.
50 for m1.
51 for m1.
52 for m1.
53 for m1.
54 for m1.
55 for m1.
56 for m1.
57 for m1.
58 for m1.
59 for m1.
60 for m1.
61 for m1.
62 for m1.
63 for m1.
64 for m1.
65 for m1.
66 for m1.
67 for m1.
68 for m1.
69 for m1.
70 for m1.
71 for m1.
72 for m1.
73 for m1.
74 for m1.
75 for m1.
76 for m1.
77 for m1.
78 for m1.
79 for m1.
80 for m1.
81 for m1.
82 for m1.
83 for m1.
84 for m1.
85 for m1.
86 for m1.
87 for m1.
88 for m1.
89 for m1.
90 for m1.
91 for m1.
92 for m1.
93 for m1.
94 for m1.
95 for m1.
96 for m1.
97 for m1.
98 for m1.
99 for m1.
100 for m1.
101 for m1.
102 for m1.
103 for m1.
104 for m1.
105 for m1.
106 for m1.
107 for m1.
108 for m1.
109 for m1.
110 for m1.
111 for m1.
112 for m1.
113 for m1.
114 for m1.
115 for m1.
116 for m1.
117 for m1.
118 for m1.
119 for m1.
120 for m1.
121 for m1.
122 for m1.
123 for m1.
124 for m1.
125 for m1.
126 for m1.
127 for m1.
128 for m1.
129 for m1.
130 for m1.
131 for m1.
132 for m1.
133 for m1.
134 for m1.
135 for m1.
136 for m1.
137 for m1.
138 for m1.
139 for m1.
140 for m1.
141 for m1.
142 for m1.
143 for m1.
144 for m1.
145 for m1.
146 for m1.
147 for m1.
148 for m1.
149 for m1.
150 for m1.
151 for m1.
152 for m1.
153 for m1.
154 for m1.
155 for m1.
156 for m1.
157 for m1.
158 for m1.
159 for m1.
160 for m1.
161 for m1.
162 for m1.
163 for m1.
164 for m1.
165 for m1.
166 for m1.
167 for m1.
168 for m1.
169 for m1.
170 for m1.
171 for m1.
172 for m1.
173 for m1.
174 for m1.
175 for m1.
176 for m1.
177 for m1.
178 for m1.
179 for m1.
180 for m1.
181 for m1.
182 for m1.
183 for m1.
184 for m1.
185 for m1.
186 for m1.
187 for m1.
188 for m1.
189 for m1.
190 for m1.
191 for m1.
192 for m1.
193 for m1.
194 for m1.
195 for m1.
196 for m1.
197 for m1.
198 for m1.
199 for m1.
200 for m1.
201 for m1.
202 for m1.
203 for m1.
204 for m1.
205 for m1.
206 for m1.
207 for m1.
208 for m1.
209 for m1.
210 for m1.
211 for m1.
212 for m1.
213 for m1.
214 for m1.
215 for m1.
216 for m1.
217 for m1.
218 for m1.
219 for m1.
220 for m1.
221 for m1.
222 for m1.
223 for m1.
224 for m1.
225 for m1.
226 for m1.
227 for m1.
228 for m1.
229 for m1.
230 for m1.
231 for m1.
232 for m1.
233 for m1.
234 for m1.
235 for m1.
236 for m1.
237 for m1.
238 for m1.
239 for m1.
240 for m1.
241 for m1.
242 for m1.
243 for m1.
244 for m1.
245 for m1.
246 for m1.
247 for m1.
248 for m1.
249 for m1.
250 for m1.
251 for m1.
252 for m1.
253 for m1.
254 for m1.
255 for m1.
256 for m1.
257 for m1.
258 for m1.
259 for m1.
260 for m1.
261 for m1.
262 for m1.
263 for m1.
264 for m1.
265 for m1.
266 for m1.
267 for m1.
268 for m1.
269 for m1.
270 for m1.
271 for m1.
272 for m1.
273 for m1.
274 for m1.
275 for m1.
276 for m1.
277 for m1.
278 for m1.
279 for m1.
280 for m1.
281 for m1.
282 for m1.
283 for m1.
284 for m1.
285 for m1.
286 for m1.
287 for m1.
288 for m1.
289 for m1.
290 for m1.
291 for m1.
292 for m1.
293 for m1.
294 for m1.
295 for m1.
296 for m1.
297 for m1.
298 for m1.
299 for m1.
300 for m1.
301 for m1.
302 for m1.
303 for m1.
304 for m1.
305 for m1.
306 for m1.
307 for m1.
308 for m1.
309 for m1.
310 for m1.
311 for m1.
312 for m1.
313 for m1.
314 for m1.
315 for m1.
316 for m1.
317 for m1.
318 for m1.
319 for m1.
320 for m1.
321 for m1.
322 for m1.
323 for m1.
324 for m1.
325 for m1.
326 for m1.
327 for m1.
328 for m1.
329 for m1.
330 for m1.
331 for m1.
332 for m1.
333 for m1.
334 for m1.
335 for m1.
336 for m1.
337 for m1.
338 for m1.
339 for m1.
340 for m1.
341 for m1.
342 for m1.
343 for m1.
344 for m1.
345 for m1.
346 for m1.
347 for m1.
348 for m1.
349 for m1.
350 for m1.
351 for m1.
352 for m1.
353 for m1.
354 for m1.
355 for m1.
356 for m1.
357 for m1.
358 for m1.
359 for m1.
360 for m1.
361 for m1.
362 for m1.
363 for m1.
364 for m1.
365 for m1.
366 for m1.
367 for m1.
368 for m1.
369 for m1.
370 for m1.
371 for m1.
372 for m1.
373 for m1.
374 for m1.
375 for m1.
376 for m1.
377 for m1.
378 for m1.
379 for m1.
380 for m1.
381 for m1.
382 for m1.
383 for m1.
384 for m1.
385 for m1.
386 for m1.
387 for m1.
388 for m1.
389 for m1.
390 for m1.
391 for m1.
392 for m1.
393 for m1.
394 for m1.
395 for m1.
396 for m1.
397 for m1.
398 for m1.
399 for m1.
400 for m1.
401 for m1.
402 for m1.
403 for m1.
404 for m1.
405 for m1.
406 for m1.
407 for m1.
408 for m1.
409 for m1.
410 for m1.
411 for m1.
412 for m1.
413 for m1.
414 for m1.
415 for m1.
416 for m1.
417 for m1.
418 for m1.
419 for m1.
420 for m1.
421 for m1.
422 for m1.
423 for m1.
424 for m1.
425 for m1.
426 for m1.
427 for m1.
428 for m1.
429 for m1.
430 for m1.
431 for m1.
432 for m1.
433 for m1.
434 for m1.
435 for m1.
436 for m1.
437 for m1.
438 for m1.
439 for m1.
440 for m1.
441 for m1.
442 for m1.
443 for m1.
444 for m1.
445 for m1.
446 for m1.
447 for m1.
448 for m1.
449 for m1.
450 for m1.
451 for m1.
452 for m1.
453 for m1.
454 for m1.
455 for m1.
456 for m1.
457 for m1.
458 for m1.
459 for m1.
460 for m1.
461 for m1.
462 for m1.
463 for m1.
464 for m1.
465 for m1.
466 for m1.
467 for m1.
468 for m1.
469 for m1.
470 for m1.
471 for m1.
472 for m1.
473 for m1.
474 for m1.
475 for m1.
476 for m1.
477 for m1.
478 for m1.
479 for m1.
480 for m1.
481 for m1.
482 for m1.
483 for m1.
484 for m1.
485 for m1.
486 for m1.
487 for m1.
488 for m1.
489 for m1.
490 for m1.
491 for m1.
492 for m1.
493 for m1.
494 for m1.
495 for m1.
496 for m1.
497 for m1.
498 for m1.
499 for m1.
500 for m1.
501 for m1.
502 for m1.
503 for m1.
504 for m1.
505 for m1.
506 for m1.
507 for m1.
508 for m1.
509 for m1.
510 for m1.
511 for m1.
512 for m1.
513 for m1.
514 for m1.
515 for m1.
516 for m1.
517 for m1.
518 for m1.
519 for m1.
520 for m1.
521 for m1.
522 for m1.
523 for m1.
524 for m1.
525 for m1.
526 for m1.
527 for m1.
528 for m1.
529 for m1.
530 for m1.
531 for m1.
532 for m1.
533 for m1.
534 for m1.
535 for m1.
536 for m1.
537 for m1.
538 for m1.
539 for m1.
540 for m1.
541 for m1.
542 for m1.
543 for m1.
544 for m1.
545 for m1.
546 for m1.
547 for m1.
548 for m1.
549 for m1.
550 for m1.
551 for m1.
552 for m1.
553 for m1.
554 for m1.
555 for m1.
556 for m1.
557 for m1.
558 for m1.
559 for m1.
560 for m1.
561 for m1.
562 for m1.
563 for m1.
564 for m1.
565 for m1.
566 for m1.
567 for m1.
568 for m1.
569 for m1.
570 for m1.
571 for m1.
572 for m1.
573 for m1.
574 for m1.
575 for m1.
576 for m1.
577 for m1.
578 for m1.
579 for m1.
580 for m1.
581 for m1.
582 for m1.
583 for m1.
584 for m1.
585 for m1.
586 for m1.
587 for m1.
588 for m1.
589 for m1.
590 for m1.
591 for m1.
592 for m1.
593 for m1.
594 for m1.
595 for m1.
596 for m1.
597 for m1.
598 for m1.
599 for m1.
600 for m1.
601 for m1.
602 for m1.
603 for m1.
604 for m1.
605 for m1.
606 for m1.
607 for m1.
608 for m1.
609 for m1.
610 for m1.
611 for m1.
612 for m1.
613 for m1.
614 for m1.
615 for m1.
616 for m1.
617 for m1.
618 for m1.
619 for m1.
620 for m1.
621 for m1.
622 for m1.
623 for m1.
624 for m1.
625 for m1.
626 for m1.
627 for m1.
628 for m1.
629 for m1.
630 for m1.
631 for m1.
632 for m1.
633 for m1.
634 for m1.
635 for m1.
636 for m1.
637 for m1.
638 for m1.
639 for m1.
640 for m1.
641 for m1.
642 for m1.
643 for m1.
644 for m1.
645 for m1.
646 for m1.
647 for m1.
648 for m1.
649 for m1.
650 for m1.
651 for m1.
652 for m1.
653 for m1.
654 for m1.
655 for m1.
656 for m1.
657 for m1.
658 for m1.
659 for m1.
660 for m1.
661 for m1.
662 for m1.
663 for m1.
664 for m1.
665 for m1.
666 for m1.
667 for m1.
668 for m1.
669 for m1.
670 for m1.
671 for m1.
672 for m1.
673 for m1.
674 for m1.
675 for m1.
676 for m1.
677 for m1.
678 for m1.
679 for m1.
680 for m1.
681 for m1.
682 for m1.
683 for m1.
684 for m1.
685 for m1.
686 for m1.
687 for m1.
688 for m1.
689 for m1.
690 for m1.
691 for m1.
692 for m1.
693 for m1.
694 for m1.
695 for m1.
696 for m1.
697 for m1.
698 for m1.
699 for m1.
700 for m1.
701 for m1.
702 for m1.
703 for m1.
704 for m1.
705 for m1.
706 for m1.
707 for m1.
708 for m1.
709 for m1.
710 for m1.
711 for m1.
712 for m1.
713 for m1.
714 for m1.
715 for m1.
716 for m1.
717 for m1.
718 for m1.
719 for m1.
720 for m1.
721 for m1.
722 for m1.
723 for m1.
724 for m1.
725 for m1.
726 for m1.
727 for m1.
728 for m1.
729 for m1.
730 for m1.
731 for m1.
732 for m1.
733 for m1.
734 for m1.
735 for m1.
736 for m1.
737 for m1.
738 for m1.
739 for m1.
740 for m1.
741 for m1.
742 for m1.
743 for m1.
744 for m1.
745 for m1.
746 for m1.
747 for m1.
748 for m1.
749 for m1.
750 for m1.
751 for m1.
752 for m1.
753 for m1.
754 for m1.
755 for m1.
756 for m1.
757 for m1.
758 for m1.
759 for m1.
760 for m1.
761 for m1.
762 for m1.
763 for m1.
764 for m1.
765 for m1.
766 for m1.
767 for m1.
768 for m1.
769 for m1.
770 for m1.
771 for m1.
772 for m1.
773 for m1.
774 for m1.
775 for m1.
776 for m1.
777 for m1.
778 for m1.
779 for m1.
780 for m1.
781 for m1.
782 for m1.
783 for m1.
784 for m1.
785 for m1.
786 for m1.
787 for m1.
788 for m1.
789 for m1.
790 for m1.
791 for m1.
792 for m1.
793 for m1.
794 for m1.
795 for m1.
796 for m1.
797 for m1.
798 for m1.
799 for m1.
800 for m1.
801 for m1.
802 for m1.
803 for m1.
804 for m1.
805 for m1.
806 for m1.
807 for m1.
808 for m1.
809 for m1.
810 for m1.
811 for m1.
812 for m1.
813 for m1.
814 for m1.
815 for m1.
816 for m1.
817 for m1.
818 for m1.
819 for m1.
820 for m1.
821 for m1.
822 for m1.
823 for m1.
824 for m1.
825 for m1.
826 for m1.
827 for m1.
828 for m1.
829 for m1.
830 for m1.
831 for m1.
832 for m1.
833 for m1.
834 for m1.
835 for m1.
836 for m1.
837 for m1.
838 for m1.
839 for m1.
840 for m1.
841 for m1.
842 for m1.
843 for m1.
844 for m1.
845 for m1.
846 for m1.
847 for m1.
848 for m1.
849 for m1.
850 for m1.
851 for m1.
852 for m1.
853 for m1.
854 for m1.
855 for m1.
856 for m1.
857 for m1.
858 for m1.
859 for m1.
860 for m1.
861 for m1.
862 for m1.
863 for m1.
864 for m1.
865 for m1.
866 for m1.
867 for m1.
868 for m1.
869 for m1.
870 for m1.
871 for m1.
872 for m1.
873 for m1.
874 for m1.
875 for m1.
876 for m1.
877 for m1.
878 for m1.
879 for m1.
880 for m1.
881 for m1.
882 for m1.
883 for m1.
884 for m1.
885 for m1.
886 for m1.
887 for m1.
888 for m1.
889 for m1.
890 for m1.
891 for m1.
892 for m1.
893 for m1.
894 for m1.
895 for m1.
896 for m1.
897 for m1.
898 for m1.
899 for m1.
900 for m1.
901 for m1.
902 for m1.
903 for m1.
904 for m1.
905 for m1.
906 for m1.
907 for m1.
908 for m1.
909 for m1.
910 for m1.
911 for m1.
912 for m1.
913 for m1.
914 for m1.
915 for m1.
916 for m1.
917 for m1.
918 for m1.
919 for m1.
920 for m1.
921 for m1.
922 for m1.
923 for m1.
924 for m1.
925 for m1.
926 for m1.
927 for m1.
928 for m1.
929 for m1.
930 for m1.
931 for m1.
932 for m1.
933 for m1.
934 for m1.
935 for m1.
936 for m1.
937 for m1.
938 for m1.
939 for m1.
940 for m1.
941 for m1.
942 for m1.
943 for m1.
944 for m1.
945 for m1.
946 for m1.
947 for m1.
948 for m1.
949 for m1.
950 for m1.
951 for m1.
952 for m1.
953 for m1.
954 for m1.
955 for m1.
956 for m1.
957 for m1.
958 for m1.
959 for m1.
960 for m1.
961 for m1.
962 for m1.
963 for m1.
964 for m1.
965 for m1.
966 for m1.
967 for m1.
968 for m1.
969 for m1.
970 for m1.
971 for m1.
972 for m1.
973 for m1.
974 for m1.
975 for m1.
976 for m1.
977 for m1.
978 for m1.
979 for m1.
980 for m1.
981 for m1.
982 for m1.
983 for m1.
984 for m1.
985 for m1.
986 for m1.
987 for m1.
988 for m1.
989 for m1.
990 for m1.
991 for m1.
992 for m1.
993 for m1.
994 for m1.
995 for m1.
996 for m1.
997 for m1.
998 for m1.
999 for m1.
1000 for m1.
1 for p0.
2 for p0.
3 for p0.
4 for p0.
5 for p0.
6 for p0.
7 for p0.
8 for p0.
9 for p0.
10 for p0.
11 for p0.
12 for p0.
13 for p0.
14 for p0.
15 for p0.
16 for p0.
17 for p0.
18 for p0.
19 for p0.
20 for p0.
21 for p0.
22 for p0.
23 for p0.
24 for p0.
25 for p0.
26 for p0.
27 for p0.
28 for p0.
29 for p0.
30 for p0.
31 for p0.
32 for p0.
33 for p0.
34 for p0.
35 for p0.
36 for p0.
37 for p0.
38 for p0.
39 for p0.
40 for p0.
41 for p0.
42 for p0.
43 for p0.
44 for p0.
45 for p0.
46 for p0.
47 for p0.
48 for p0.
49 for p0.
50 for p0.
51 for p0.
52 for p0.
53 for p0.
54 for p0.
55 for p0.
56 for p0.
57 for p0.
58 for p0.
59 for p0.
60 for p0.
61 for p0.
62 for p0.
63 for p0.
64 for p0.
65 for p0.
66 for p0.
67 for p0.
68 for p0.
69 for p0.
70 for p0.
71 for p0.
72 for p0.
73 for p0.
74 for p0.
75 for p0.
76 for p0.
77 for p0.
78 for p0.
79 for p0.
80 for p0.
81 for p0.
82 for p0.
83 for p0.
84 for p0.
85 for p0.
86 for p0.
87 for p0.
88 for p0.
89 for p0.
90 for p0.
91 for p0.
92 for p0.
93 for p0.
94 for p0.
95 for p0.
96 for p0.
97 for p0.
98 for p0.
99 for p0.
100 for p0.
101 for p0.
102 for p0.
103 for p0.
104 for p0.
105 for p0.
106 for p0.
107 for p0.
108 for p0.
109 for p0.
110 for p0.
111 for p0.
112 for p0.
113 for p0.
114 for p0.
115 for p0.
116 for p0.
117 for p0.
118 for p0.
119 for p0.
120 for p0.
121 for p0.
122 for p0.
123 for p0.
124 for p0.
125 for p0.
126 for p0.
127 for p0.
128 for p0.
129 for p0.
130 for p0.
131 for p0.
132 for p0.
133 for p0.
134 for p0.
135 for p0.
136 for p0.
137 for p0.
138 for p0.
139 for p0.
140 for p0.
141 for p0.
142 for p0.
143 for p0.
144 for p0.
145 for p0.
146 for p0.
147 for p0.
148 for p0.
149 for p0.
150 for p0.
151 for p0.
152 for p0.
153 for p0.
154 for p0.
155 for p0.
156 for p0.
157 for p0.
158 for p0.
159 for p0.
160 for p0.
161 for p0.
162 for p0.
163 for p0.
164 for p0.
165 for p0.
166 for p0.
167 for p0.
168 for p0.
169 for p0.
170 for p0.
171 for p0.
172 for p0.
173 for p0.
174 for p0.
175 for p0.
176 for p0.
177 for p0.
178 for p0.
179 for p0.
180 for p0.
181 for p0.
182 for p0.
183 for p0.
184 for p0.
185 for p0.
186 for p0.
187 for p0.
188 for p0.
189 for p0.
190 for p0.
191 for p0.
192 for p0.
193 for p0.
194 for p0.
195 for p0.
196 for p0.
197 for p0.
198 for p0.
199 for p0.
200 for p0.
201 for p0.
202 for p0.
203 for p0.
204 for p0.
205 for p0.
206 for p0.
207 for p0.
208 for p0.
209 for p0.
210 for p0.
211 for p0.
212 for p0.
213 for p0.
214 for p0.
215 for p0.
216 for p0.
217 for p0.
218 for p0.
219 for p0.
220 for p0.
221 for p0.
222 for p0.
223 for p0.
224 for p0.
225 for p0.
226 for p0.
227 for p0.
228 for p0.
229 for p0.
230 for p0.
231 for p0.
232 for p0.
233 for p0.
234 for p0.
235 for p0.
236 for p0.
237 for p0.
238 for p0.
239 for p0.
240 for p0.
241 for p0.
242 for p0.
243 for p0.
244 for p0.
245 for p0.
246 for p0.
247 for p0.
248 for p0.
249 for p0.
250 for p0.
251 for p0.
252 for p0.
253 for p0.
254 for p0.
255 for p0.
256 for p0.
257 for p0.
258 for p0.
259 for p0.
260 for p0.
261 for p0.
262 for p0.
263 for p0.
264 for p0.
265 for p0.
266 for p0.
267 for p0.
268 for p0.
269 for p0.
270 for p0.
271 for p0.
272 for p0.
273 for p0.
274 for p0.
275 for p0.
276 for p0.
277 for p0.
278 for p0.
279 for p0.
280 for p0.
281 for p0.
282 for p0.
283 for p0.
284 for p0.
285 for p0.
286 for p0.
287 for p0.
288 for p0.
289 for p0.
290 for p0.
291 for p0.
292 for p0.
293 for p0.
294 for p0.
295 for p0.
296 for p0.
297 for p0.
298 for p0.
299 for p0.
300 for p0.
301 for p0.
302 for p0.
303 for p0.
304 for p0.
305 for p0.
306 for p0.
307 for p0.
308 for p0.
309 for p0.
310 for p0.
311 for p0.
312 for p0.
313 for p0.
314 for p0.
315 for p0.
316 for p0.
317 for p0.
318 for p0.
319 for p0.
320 for p0.
321 for p0.
322 for p0.
323 for p0.
324 for p0.
325 for p0.
326 for p0.
327 for p0.
328 for p0.
329 for p0.
330 for p0.
331 for p0.
332 for p0.
333 for p0.
334 for p0.
335 for p0.
336 for p0.
337 for p0.
338 for p0.
339 for p0.
340 for p0.
341 for p0.
342 for p0.
343 for p0.
344 for p0.
345 for p0.
346 for p0.
347 for p0.
348 for p0.
349 for p0.
350 for p0.
351 for p0.
352 for p0.
353 for p0.
354 for p0.
355 for p0.
356 for p0.
357 for p0.
358 for p0.
359 for p0.
360 for p0.
361 for p0.
362 for p0.
363 for p0.
364 for p0.
365 for p0.
366 for p0.
367 for p0.
368 for p0.
369 for p0.
370 for p0.
371 for p0.
372 for p0.
373 for p0.
374 for p0.
375 for p0.
376 for p0.
377 for p0.
378 for p0.
379 for p0.
380 for p0.
381 for p0.
382 for p0.
383 for p0.
384 for p0.
385 for p0.
386 for p0.
387 for p0.
388 for p0.
389 for p0.
390 for p0.
391 for p0.
392 for p0.
393 for p0.
394 for p0.
395 for p0.
396 for p0.
397 for p0.
398 for p0.
399 for p0.
400 for p0.
401 for p0.
402 for p0.
403 for p0.
404 for p0.
405 for p0.
406 for p0.
407 for p0.
408 for p0.
409 for p0.
410 for p0.
411 for p0.
412 for p0.
413 for p0.
414 for p0.
415 for p0.
416 for p0.
417 for p0.
418 for p0.
419 for p0.
420 for p0.
421 for p0.
422 for p0.
423 for p0.
424 for p0.
425 for p0.
426 for p0.
427 for p0.
428 for p0.
429 for p0.
430 for p0.
431 for p0.
432 for p0.
433 for p0.
434 for p0.
435 for p0.
436 for p0.
437 for p0.
438 for p0.
439 for p0.
440 for p0.
441 for p0.
442 for p0.
443 for p0.
444 for p0.
445 for p0.
446 for p0.
447 for p0.
448 for p0.
449 for p0.
450 for p0.
451 for p0.
452 for p0.
453 for p0.
454 for p0.
455 for p0.
456 for p0.
457 for p0.
458 for p0.
459 for p0.
460 for p0.
461 for p0.
462 for p0.
463 for p0.
464 for p0.
465 for p0.
466 for p0.
467 for p0.
468 for p0.
469 for p0.
470 for p0.
471 for p0.
472 for p0.
473 for p0.
474 for p0.
475 for p0.
476 for p0.
477 for p0.
478 for p0.
479 for p0.
480 for p0.
481 for p0.
482 for p0.
483 for p0.
484 for p0.
485 for p0.
486 for p0.
487 for p0.
488 for p0.
489 for p0.
490 for p0.
491 for p0.
492 for p0.
493 for p0.
494 for p0.
495 for p0.
496 for p0.
497 for p0.
498 for p0.
499 for p0.
500 for p0.
501 for p0.
502 for p0.
503 for p0.
504 for p0.
505 for p0.
506 for p0.
507 for p0.
508 for p0.
509 for p0.
510 for p0.
511 for p0.
512 for p0.
513 for p0.
514 for p0.
515 for p0.
516 for p0.
517 for p0.
518 for p0.
519 for p0.
520 for p0.
521 for p0.
522 for p0.
523 for p0.
524 for p0.
525 for p0.
526 for p0.
527 for p0.
528 for p0.
529 for p0.
530 for p0.
531 for p0.
532 for p0.
533 for p0.
534 for p0.
535 for p0.
536 for p0.
537 for p0.
538 for p0.
539 for p0.
540 for p0.
541 for p0.
542 for p0.
543 for p0.
544 for p0.
545 for p0.
546 for p0.
547 for p0.
548 for p0.
549 for p0.
550 for p0.
551 for p0.
552 for p0.
553 for p0.
554 for p0.
555 for p0.
556 for p0.
557 for p0.
558 for p0.
559 for p0.
560 for p0.
561 for p0.
562 for p0.
563 for p0.
564 for p0.
565 for p0.
566 for p0.
567 for p0.
568 for p0.
569 for p0.
570 for p0.
571 for p0.
572 for p0.
573 for p0.
574 for p0.
575 for p0.
576 for p0.
577 for p0.
578 for p0.
579 for p0.
580 for p0.
581 for p0.
582 for p0.
583 for p0.
584 for p0.
585 for p0.
586 for p0.
587 for p0.
588 for p0.
589 for p0.
590 for p0.
591 for p0.
592 for p0.
593 for p0.
594 for p0.
595 for p0.
596 for p0.
597 for p0.
598 for p0.
599 for p0.
600 for p0.
601 for p0.
602 for p0.
603 for p0.
604 for p0.
605 for p0.
606 for p0.
607 for p0.
608 for p0.
609 for p0.
610 for p0.
611 for p0.
612 for p0.
613 for p0.
614 for p0.
615 for p0.
616 for p0.
617 for p0.
618 for p0.
619 for p0.
620 for p0.
621 for p0.
622 for p0.
623 for p0.
624 for p0.
625 for p0.
626 for p0.
627 for p0.
628 for p0.
629 for p0.
630 for p0.
631 for p0.
632 for p0.
633 for p0.
634 for p0.
635 for p0.
636 for p0.
637 for p0.
638 for p0.
639 for p0.
640 for p0.
641 for p0.
642 for p0.
643 for p0.
644 for p0.
645 for p0.
646 for p0.
647 for p0.
648 for p0.
649 for p0.
650 for p0.
651 for p0.
652 for p0.
653 for p0.
654 for p0.
655 for p0.
656 for p0.
657 for p0.
658 for p0.
659 for p0.
660 for p0.
661 for p0.
662 for p0.
663 for p0.
664 for p0.
665 for p0.
666 for p0.
667 for p0.
668 for p0.
669 for p0.
670 for p0.
671 for p0.
672 for p0.
673 for p0.
674 for p0.
675 for p0.
676 for p0.
677 for p0.
678 for p0.
679 for p0.
680 for p0.
681 for p0.
682 for p0.
683 for p0.
684 for p0.
685 for p0.
686 for p0.
687 for p0.
688 for p0.
689 for p0.
690 for p0.
691 for p0.
692 for p0.
693 for p0.
694 for p0.
695 for p0.
696 for p0.
697 for p0.
698 for p0.
699 for p0.
700 for p0.
701 for p0.
702 for p0.
703 for p0.
704 for p0.
705 for p0.
706 for p0.
707 for p0.
708 for p0.
709 for p0.
710 for p0.
711 for p0.
712 for p0.
713 for p0.
714 for p0.
715 for p0.
716 for p0.
717 for p0.
718 for p0.
719 for p0.
720 for p0.
721 for p0.
722 for p0.
723 for p0.
724 for p0.
725 for p0.
726 for p0.
727 for p0.
728 for p0.
729 for p0.
730 for p0.
731 for p0.
732 for p0.
733 for p0.
734 for p0.
735 for p0.
736 for p0.
737 for p0.
738 for p0.
739 for p0.
740 for p0.
741 for p0.
742 for p0.
743 for p0.
744 for p0.
745 for p0.
746 for p0.
747 for p0.
748 for p0.
749 for p0.
750 for p0.
751 for p0.
752 for p0.
753 for p0.
754 for p0.
755 for p0.
756 for p0.
757 for p0.
758 for p0.
759 for p0.
760 for p0.
761 for p0.
762 for p0.
763 for p0.
764 for p0.
765 for p0.
766 for p0.
767 for p0.
768 for p0.
769 for p0.
770 for p0.
771 for p0.
772 for p0.
773 for p0.
774 for p0.
775 for p0.
776 for p0.
777 for p0.
778 for p0.
779 for p0.
780 for p0.
781 for p0.
782 for p0.
783 for p0.
784 for p0.
785 for p0.
786 for p0.
787 for p0.
788 for p0.
789 for p0.
790 for p0.
791 for p0.
792 for p0.
793 for p0.
794 for p0.
795 for p0.
796 for p0.
797 for p0.
798 for p0.
799 for p0.
800 for p0.
801 for p0.
802 for p0.
803 for p0.
804 for p0.
805 for p0.
806 for p0.
807 for p0.
808 for p0.
809 for p0.
810 for p0.
811 for p0.
812 for p0.
813 for p0.
814 for p0.
815 for p0.
816 for p0.
817 for p0.
818 for p0.
819 for p0.
820 for p0.
821 for p0.
822 for p0.
823 for p0.
824 for p0.
825 for p0.
826 for p0.
827 for p0.
828 for p0.
829 for p0.
830 for p0.
831 for p0.
832 for p0.
833 for p0.
834 for p0.
835 for p0.
836 for p0.
837 for p0.
838 for p0.
839 for p0.
840 for p0.
841 for p0.
842 for p0.
843 for p0.
844 for p0.
845 for p0.
846 for p0.
847 for p0.
848 for p0.
849 for p0.
850 for p0.
851 for p0.
852 for p0.
853 for p0.
854 for p0.
855 for p0.
856 for p0.
857 for p0.
858 for p0.
859 for p0.
860 for p0.
861 for p0.
862 for p0.
863 for p0.
864 for p0.
865 for p0.
866 for p0.
867 for p0.
868 for p0.
869 for p0.
870 for p0.
871 for p0.
872 for p0.
873 for p0.
874 for p0.
875 for p0.
876 for p0.
877 for p0.
878 for p0.
879 for p0.
880 for p0.
881 for p0.
882 for p0.
883 for p0.
884 for p0.
885 for p0.
886 for p0.
887 for p0.
888 for p0.
889 for p0.
890 for p0.
891 for p0.
892 for p0.
893 for p0.
894 for p0.
895 for p0.
896 for p0.
897 for p0.
898 for p0.
899 for p0.
900 for p0.
901 for p0.
902 for p0.
903 for p0.
904 for p0.
905 for p0.
906 for p0.
907 for p0.
908 for p0.
909 for p0.
910 for p0.
911 for p0.
912 for p0.
913 for p0.
914 for p0.
915 for p0.
916 for p0.
917 for p0.
918 for p0.
919 for p0.
920 for p0.
921 for p0.
922 for p0.
923 for p0.
924 for p0.
925 for p0.
926 for p0.
927 for p0.
928 for p0.
929 for p0.
930 for p0.
931 for p0.
932 for p0.
933 for p0.
934 for p0.
935 for p0.
936 for p0.
937 for p0.
938 for p0.
939 for p0.
940 for p0.
941 for p0.
942 for p0.
943 for p0.
944 for p0.
945 for p0.
946 for p0.
947 for p0.
948 for p0.
949 for p0.
950 for p0.
951 for p0.
952 for p0.
953 for p0.
954 for p0.
955 for p0.
956 for p0.
957 for p0.
958 for p0.
959 for p0.
960 for p0.
961 for p0.
962 for p0.
963 for p0.
964 for p0.
965 for p0.
966 for p0.
967 for p0.
968 for p0.
969 for p0.
970 for p0.
971 for p0.
972 for p0.
973 for p0.
974 for p0.
975 for p0.
976 for p0.
977 for p0.
978 for p0.
979 for p0.
980 for p0.
981 for p0.
982 for p0.
983 for p0.
984 for p0.
985 for p0.
986 for p0.
987 for p0.
988 for p0.
989 for p0.
990 for p0.
991 for p0.
992 for p0.
993 for p0.
994 for p0.
995 for p0.
996 for p0.
997 for p0.
998 for p0.
999 for p0.
1000 for p0.
1 for p1.
2 for p1.
3 for p1.
4 for p1.
5 for p1.
6 for p1.
7 for p1.
8 for p1.
9 for p1.
10 for p1.
11 for p1.
12 for p1.
13 for p1.
14 for p1.
15 for p1.
16 for p1.
17 for p1.
18 for p1.
19 for p1.
20 for p1.
21 for p1.
22 for p1.
23 for p1.
24 for p1.
25 for p1.
26 for p1.
27 for p1.
28 for p1.
29 for p1.
30 for p1.
31 for p1.
32 for p1.
33 for p1.
34 for p1.
35 for p1.
36 for p1.
37 for p1.
38 for p1.
39 for p1.
40 for p1.
41 for p1.
42 for p1.
43 for p1.
44 for p1.
45 for p1.
46 for p1.
47 for p1.
48 for p1.
49 for p1.
50 for p1.
51 for p1.
52 for p1.
53 for p1.
54 for p1.
55 for p1.
56 for p1.
57 for p1.
58 for p1.
59 for p1.
60 for p1.
61 for p1.
62 for p1.
63 for p1.
64 for p1.
65 for p1.
66 for p1.
67 for p1.
68 for p1.
69 for p1.
70 for p1.
71 for p1.
72 for p1.
73 for p1.
74 for p1.
75 for p1.
76 for p1.
77 for p1.
78 for p1.
79 for p1.
80 for p1.
81 for p1.
82 for p1.
83 for p1.
84 for p1.
85 for p1.
86 for p1.
87 for p1.
88 for p1.
89 for p1.
90 for p1.
91 for p1.
92 for p1.
93 for p1.
94 for p1.
95 for p1.
96 for p1.
97 for p1.
98 for p1.
99 for p1.
100 for p1.
101 for p1.
102 for p1.
103 for p1.
104 for p1.
105 for p1.
106 for p1.
107 for p1.
108 for p1.
109 for p1.
110 for p1.
111 for p1.
112 for p1.
113 for p1.
114 for p1.
115 for p1.
116 for p1.
117 for p1.
118 for p1.
119 for p1.
120 for p1.
121 for p1.
122 for p1.
123 for p1.
124 for p1.
125 for p1.
126 for p1.
127 for p1.
128 for p1.
129 for p1.
130 for p1.
131 for p1.
132 for p1.
133 for p1.
134 for p1.
135 for p1.
136 for p1.
137 for p1.
138 for p1.
139 for p1.
140 for p1.
141 for p1.
142 for p1.
143 for p1.
144 for p1.
145 for p1.
146 for p1.
147 for p1.
148 for p1.
149 for p1.
150 for p1.
151 for p1.
152 for p1.
153 for p1.
154 for p1.
155 for p1.
156 for p1.
157 for p1.
158 for p1.
159 for p1.
160 for p1.
161 for p1.
162 for p1.
163 for p1.
164 for p1.
165 for p1.
166 for p1.
167 for p1.
168 for p1.
169 for p1.
170 for p1.
171 for p1.
172 for p1.
173 for p1.
174 for p1.
175 for p1.
176 for p1.
177 for p1.
178 for p1.
179 for p1.
180 for p1.
181 for p1.
182 for p1.
183 for p1.
184 for p1.
185 for p1.
186 for p1.
187 for p1.
188 for p1.
189 for p1.
190 for p1.
191 for p1.
192 for p1.
193 for p1.
194 for p1.
195 for p1.
196 for p1.
197 for p1.
198 for p1.
199 for p1.
200 for p1.
201 for p1.
202 for p1.
203 for p1.
204 for p1.
205 for p1.
206 for p1.
207 for p1.
208 for p1.
209 for p1.
210 for p1.
211 for p1.
212 for p1.
213 for p1.
214 for p1.
215 for p1.
216 for p1.
217 for p1.
218 for p1.
219 for p1.
220 for p1.
221 for p1.
222 for p1.
223 for p1.
224 for p1.
225 for p1.
226 for p1.
227 for p1.
228 for p1.
229 for p1.
230 for p1.
231 for p1.
232 for p1.
233 for p1.
234 for p1.
235 for p1.
236 for p1.
237 for p1.
238 for p1.
239 for p1.
240 for p1.
241 for p1.
242 for p1.
243 for p1.
244 for p1.
245 for p1.
246 for p1.
247 for p1.
248 for p1.
249 for p1.
250 for p1.
251 for p1.
252 for p1.
253 for p1.
254 for p1.
255 for p1.
256 for p1.
257 for p1.
258 for p1.
259 for p1.
260 for p1.
261 for p1.
262 for p1.
263 for p1.
264 for p1.
265 for p1.
266 for p1.
267 for p1.
268 for p1.
269 for p1.
270 for p1.
271 for p1.
272 for p1.
273 for p1.
274 for p1.
275 for p1.
276 for p1.
277 for p1.
278 for p1.
279 for p1.
280 for p1.
281 for p1.
282 for p1.
283 for p1.
284 for p1.
285 for p1.
286 for p1.
287 for p1.
288 for p1.
289 for p1.
290 for p1.
291 for p1.
292 for p1.
293 for p1.
294 for p1.
295 for p1.
296 for p1.
297 for p1.
298 for p1.
299 for p1.
300 for p1.
301 for p1.
302 for p1.
303 for p1.
304 for p1.
305 for p1.
306 for p1.
307 for p1.
308 for p1.
309 for p1.
310 for p1.
311 for p1.
312 for p1.
313 for p1.
314 for p1.
315 for p1.
316 for p1.
317 for p1.
318 for p1.
319 for p1.
320 for p1.
321 for p1.
322 for p1.
323 for p1.
324 for p1.
325 for p1.
326 for p1.
327 for p1.
328 for p1.
329 for p1.
330 for p1.
331 for p1.
332 for p1.
333 for p1.
334 for p1.
335 for p1.
336 for p1.
337 for p1.
338 for p1.
339 for p1.
340 for p1.
341 for p1.
342 for p1.
343 for p1.
344 for p1.
345 for p1.
346 for p1.
347 for p1.
348 for p1.
349 for p1.
350 for p1.
351 for p1.
352 for p1.
353 for p1.
354 for p1.
355 for p1.
356 for p1.
357 for p1.
358 for p1.
359 for p1.
360 for p1.
361 for p1.
362 for p1.
363 for p1.
364 for p1.
365 for p1.
366 for p1.
367 for p1.
368 for p1.
369 for p1.
370 for p1.
371 for p1.
372 for p1.
373 for p1.
374 for p1.
375 for p1.
376 for p1.
377 for p1.
378 for p1.
379 for p1.
380 for p1.
381 for p1.
382 for p1.
383 for p1.
384 for p1.
385 for p1.
386 for p1.
387 for p1.
388 for p1.
389 for p1.
390 for p1.
391 for p1.
392 for p1.
393 for p1.
394 for p1.
395 for p1.
396 for p1.
397 for p1.
398 for p1.
399 for p1.
400 for p1.
401 for p1.
402 for p1.
403 for p1.
404 for p1.
405 for p1.
406 for p1.
407 for p1.
408 for p1.
409 for p1.
410 for p1.
411 for p1.
412 for p1.
413 for p1.
414 for p1.
415 for p1.
416 for p1.
417 for p1.
418 for p1.
419 for p1.
420 for p1.
421 for p1.
422 for p1.
423 for p1.
424 for p1.
425 for p1.
426 for p1.
427 for p1.
428 for p1.
429 for p1.
430 for p1.
431 for p1.
432 for p1.
433 for p1.
434 for p1.
435 for p1.
436 for p1.
437 for p1.
438 for p1.
439 for p1.
440 for p1.
441 for p1.
442 for p1.
443 for p1.
444 for p1.
445 for p1.
446 for p1.
447 for p1.
448 for p1.
449 for p1.
450 for p1.
451 for p1.
452 for p1.
453 for p1.
454 for p1.
455 for p1.
456 for p1.
457 for p1.
458 for p1.
459 for p1.
460 for p1.
461 for p1.
462 for p1.
463 for p1.
464 for p1.
465 for p1.
466 for p1.
467 for p1.
468 for p1.
469 for p1.
470 for p1.
471 for p1.
472 for p1.
473 for p1.
474 for p1.
475 for p1.
476 for p1.
477 for p1.
478 for p1.
479 for p1.
480 for p1.
481 for p1.
482 for p1.
483 for p1.
484 for p1.
485 for p1.
486 for p1.
487 for p1.
488 for p1.
489 for p1.
490 for p1.
491 for p1.
492 for p1.
493 for p1.
494 for p1.
495 for p1.
496 for p1.
497 for p1.
498 for p1.
499 for p1.
500 for p1.
501 for p1.
502 for p1.
503 for p1.
504 for p1.
505 for p1.
506 for p1.
507 for p1.
508 for p1.
509 for p1.
510 for p1.
511 for p1.
512 for p1.
513 for p1.
514 for p1.
515 for p1.
516 for p1.
517 for p1.
518 for p1.
519 for p1.
520 for p1.
521 for p1.
522 for p1.
523 for p1.
524 for p1.
525 for p1.
526 for p1.
527 for p1.
528 for p1.
529 for p1.
530 for p1.
531 for p1.
532 for p1.
533 for p1.
534 for p1.
535 for p1.
536 for p1.
537 for p1.
538 for p1.
539 for p1.
540 for p1.
541 for p1.
542 for p1.
543 for p1.
544 for p1.
545 for p1.
546 for p1.
547 for p1.
548 for p1.
549 for p1.
550 for p1.
551 for p1.
552 for p1.
553 for p1.
554 for p1.
555 for p1.
556 for p1.
557 for p1.
558 for p1.
559 for p1.
560 for p1.
561 for p1.
562 for p1.
563 for p1.
564 for p1.
565 for p1.
566 for p1.
567 for p1.
568 for p1.
569 for p1.
570 for p1.
571 for p1.
572 for p1.
573 for p1.
574 for p1.
575 for p1.
576 for p1.
577 for p1.
578 for p1.
579 for p1.
580 for p1.
581 for p1.
582 for p1.
583 for p1.
584 for p1.
585 for p1.
586 for p1.
587 for p1.
588 for p1.
589 for p1.
590 for p1.
591 for p1.
592 for p1.
593 for p1.
594 for p1.
595 for p1.
596 for p1.
597 for p1.
598 for p1.
599 for p1.
600 for p1.
601 for p1.
602 for p1.
603 for p1.
604 for p1.
605 for p1.
606 for p1.
607 for p1.
608 for p1.
609 for p1.
610 for p1.
611 for p1.
612 for p1.
613 for p1.
614 for p1.
615 for p1.
616 for p1.
617 for p1.
618 for p1.
619 for p1.
620 for p1.
621 for p1.
622 for p1.
623 for p1.
624 for p1.
625 for p1.
626 for p1.
627 for p1.
628 for p1.
629 for p1.
630 for p1.
631 for p1.
632 for p1.
633 for p1.
634 for p1.
635 for p1.
636 for p1.
637 for p1.
638 for p1.
639 for p1.
640 for p1.
641 for p1.
642 for p1.
643 for p1.
644 for p1.
645 for p1.
646 for p1.
647 for p1.
648 for p1.
649 for p1.
650 for p1.
651 for p1.
652 for p1.
653 for p1.
654 for p1.
655 for p1.
656 for p1.
657 for p1.
658 for p1.
659 for p1.
660 for p1.
661 for p1.
662 for p1.
663 for p1.
664 for p1.
665 for p1.
666 for p1.
667 for p1.
668 for p1.
669 for p1.
670 for p1.
671 for p1.
672 for p1.
673 for p1.
674 for p1.
675 for p1.
676 for p1.
677 for p1.
678 for p1.
679 for p1.
680 for p1.
681 for p1.
682 for p1.
683 for p1.
684 for p1.
685 for p1.
686 for p1.
687 for p1.
688 for p1.
689 for p1.
690 for p1.
691 for p1.
692 for p1.
693 for p1.
694 for p1.
695 for p1.
696 for p1.
697 for p1.
698 for p1.
699 for p1.
700 for p1.
701 for p1.
702 for p1.
703 for p1.
704 for p1.
705 for p1.
706 for p1.
707 for p1.
708 for p1.
709 for p1.
710 for p1.
711 for p1.
712 for p1.
713 for p1.
714 for p1.
715 for p1.
716 for p1.
717 for p1.
718 for p1.
719 for p1.
720 for p1.
721 for p1.
722 for p1.
723 for p1.
724 for p1.
725 for p1.
726 for p1.
727 for p1.
728 for p1.
729 for p1.
730 for p1.
731 for p1.
732 for p1.
733 for p1.
734 for p1.
735 for p1.
736 for p1.
737 for p1.
738 for p1.
739 for p1.
740 for p1.
741 for p1.
742 for p1.
743 for p1.
744 for p1.
745 for p1.
746 for p1.
747 for p1.
748 for p1.
749 for p1.
750 for p1.
751 for p1.
752 for p1.
753 for p1.
754 for p1.
755 for p1.
756 for p1.
757 for p1.
758 for p1.
759 for p1.
760 for p1.
761 for p1.
762 for p1.
763 for p1.
764 for p1.
765 for p1.
766 for p1.
767 for p1.
768 for p1.
769 for p1.
770 for p1.
771 for p1.
772 for p1.
773 for p1.
774 for p1.
775 for p1.
776 for p1.
777 for p1.
778 for p1.
779 for p1.
780 for p1.
781 for p1.
782 for p1.
783 for p1.
784 for p1.
785 for p1.
786 for p1.
787 for p1.
788 for p1.
789 for p1.
790 for p1.
791 for p1.
792 for p1.
793 for p1.
794 for p1.
795 for p1.
796 for p1.
797 for p1.
798 for p1.
799 for p1.
800 for p1.
801 for p1.
802 for p1.
803 for p1.
804 for p1.
805 for p1.
806 for p1.
807 for p1.
808 for p1.
809 for p1.
810 for p1.
811 for p1.
812 for p1.
813 for p1.
814 for p1.
815 for p1.
816 for p1.
817 for p1.
818 for p1.
819 for p1.
820 for p1.
821 for p1.
822 for p1.
823 for p1.
824 for p1.
825 for p1.
826 for p1.
827 for p1.
828 for p1.
829 for p1.
830 for p1.
831 for p1.
832 for p1.
833 for p1.
834 for p1.
835 for p1.
836 for p1.
837 for p1.
838 for p1.
839 for p1.
840 for p1.
841 for p1.
842 for p1.
843 for p1.
844 for p1.
845 for p1.
846 for p1.
847 for p1.
848 for p1.
849 for p1.
850 for p1.
851 for p1.
852 for p1.
853 for p1.
854 for p1.
855 for p1.
856 for p1.
857 for p1.
858 for p1.
859 for p1.
860 for p1.
861 for p1.
862 for p1.
863 for p1.
864 for p1.
865 for p1.
866 for p1.
867 for p1.
868 for p1.
869 for p1.
870 for p1.
871 for p1.
872 for p1.
873 for p1.
874 for p1.
875 for p1.
876 for p1.
877 for p1.
878 for p1.
879 for p1.
880 for p1.
881 for p1.
882 for p1.
883 for p1.
884 for p1.
885 for p1.
886 for p1.
887 for p1.
888 for p1.
889 for p1.
890 for p1.
891 for p1.
892 for p1.
893 for p1.
894 for p1.
895 for p1.
896 for p1.
897 for p1.
898 for p1.
899 for p1.
900 for p1.
901 for p1.
902 for p1.
903 for p1.
904 for p1.
905 for p1.
906 for p1.
907 for p1.
908 for p1.
909 for p1.
910 for p1.
911 for p1.
912 for p1.
913 for p1.
914 for p1.
915 for p1.
916 for p1.
917 for p1.
918 for p1.
919 for p1.
920 for p1.
921 for p1.
922 for p1.
923 for p1.
924 for p1.
925 for p1.
926 for p1.
927 for p1.
928 for p1.
929 for p1.
930 for p1.
931 for p1.
932 for p1.
933 for p1.
934 for p1.
935 for p1.
936 for p1.
937 for p1.
938 for p1.
939 for p1.
940 for p1.
941 for p1.
942 for p1.
943 for p1.
944 for p1.
945 for p1.
946 for p1.
947 for p1.
948 for p1.
949 for p1.
950 for p1.
951 for p1.
952 for p1.
953 for p1.
954 for p1.
955 for p1.
956 for p1.
957 for p1.
958 for p1.
959 for p1.
960 for p1.
961 for p1.
962 for p1.
963 for p1.
964 for p1.
965 for p1.
966 for p1.
967 for p1.
968 for p1.
969 for p1.
970 for p1.
971 for p1.
972 for p1.
973 for p1.
974 for p1.
975 for p1.
976 for p1.
977 for p1.
978 for p1.
979 for p1.
980 for p1.
981 for p1.
982 for p1.
983 for p1.
984 for p1.
985 for p1.
986 for p1.
987 for p1.
988 for p1.
989 for p1.
990 for p1.
991 for p1.
992 for p1.
993 for p1.
994 for p1.
995 for p1.
996 for p1.
997 for p1.
998 for p1.
999 for p1.
1000 for p1.
1 for p2.
2 for p2.
3 for p2.
4 for p2.
5 for p2.
6 for p2.
7 for p2.
8 for p2.
9 for p2.
10 for p2.
11 for p2.
12 for p2.
13 for p2.
14 for p2.
15 for p2.
16 for p2.
17 for p2.
18 for p2.
19 for p2.
20 for p2.
21 for p2.
22 for p2.
23 for p2.
24 for p2.
25 for p2.
26 for p2.
27 for p2.
28 for p2.
29 for p2.
30 for p2.
31 for p2.
32 for p2.
33 for p2.
34 for p2.
35 for p2.
36 for p2.
37 for p2.
38 for p2.
39 for p2.
40 for p2.
41 for p2.
42 for p2.
43 for p2.
44 for p2.
45 for p2.
46 for p2.
47 for p2.
48 for p2.
49 for p2.
50 for p2.
51 for p2.
52 for p2.
53 for p2.
54 for p2.
55 for p2.
56 for p2.
57 for p2.
58 for p2.
59 for p2.
60 for p2.
61 for p2.
62 for p2.
63 for p2.
64 for p2.
65 for p2.
66 for p2.
67 for p2.
68 for p2.
69 for p2.
70 for p2.
71 for p2.
72 for p2.
73 for p2.
74 for p2.
75 for p2.
76 for p2.
77 for p2.
78 for p2.
79 for p2.
80 for p2.
81 for p2.
82 for p2.
83 for p2.
84 for p2.
85 for p2.
86 for p2.
87 for p2.
88 for p2.
89 for p2.
90 for p2.
91 for p2.
92 for p2.
93 for p2.
94 for p2.
95 for p2.
96 for p2.
97 for p2.
98 for p2.
99 for p2.
100 for p2.
101 for p2.
102 for p2.
103 for p2.
104 for p2.
105 for p2.
106 for p2.
107 for p2.
108 for p2.
109 for p2.
110 for p2.
111 for p2.
112 for p2.
113 for p2.
114 for p2.
115 for p2.
116 for p2.
117 for p2.
118 for p2.
119 for p2.
120 for p2.
121 for p2.
122 for p2.
123 for p2.
124 for p2.
125 for p2.
126 for p2.
127 for p2.
128 for p2.
129 for p2.
130 for p2.
131 for p2.
132 for p2.
133 for p2.
134 for p2.
135 for p2.
136 for p2.
137 for p2.
138 for p2.
139 for p2.
140 for p2.
141 for p2.
142 for p2.
143 for p2.
144 for p2.
145 for p2.
146 for p2.
147 for p2.
148 for p2.
149 for p2.
150 for p2.
151 for p2.
152 for p2.
153 for p2.
154 for p2.
155 for p2.
156 for p2.
157 for p2.
158 for p2.
159 for p2.
160 for p2.
161 for p2.
162 for p2.
163 for p2.
164 for p2.
165 for p2.
166 for p2.
167 for p2.
168 for p2.
169 for p2.
170 for p2.
171 for p2.
172 for p2.
173 for p2.
174 for p2.
175 for p2.
176 for p2.
177 for p2.
178 for p2.
179 for p2.
180 for p2.
181 for p2.
182 for p2.
183 for p2.
184 for p2.
185 for p2.
186 for p2.
187 for p2.
188 for p2.
189 for p2.
190 for p2.
191 for p2.
192 for p2.
193 for p2.
194 for p2.
195 for p2.
196 for p2.
197 for p2.
198 for p2.
199 for p2.
200 for p2.
201 for p2.
202 for p2.
203 for p2.
204 for p2.
205 for p2.
206 for p2.
207 for p2.
208 for p2.
209 for p2.
210 for p2.
211 for p2.
212 for p2.
213 for p2.
214 for p2.
215 for p2.
216 for p2.
217 for p2.
218 for p2.
219 for p2.
220 for p2.
221 for p2.
222 for p2.
223 for p2.
224 for p2.
225 for p2.
226 for p2.
227 for p2.
228 for p2.
229 for p2.
230 for p2.
231 for p2.
232 for p2.
233 for p2.
234 for p2.
235 for p2.
236 for p2.
237 for p2.
238 for p2.
239 for p2.
240 for p2.
241 for p2.
242 for p2.
243 for p2.
244 for p2.
245 for p2.
246 for p2.
247 for p2.
248 for p2.
249 for p2.
250 for p2.
251 for p2.
252 for p2.
253 for p2.
254 for p2.
255 for p2.
256 for p2.
257 for p2.
258 for p2.
259 for p2.
260 for p2.
261 for p2.
262 for p2.
263 for p2.
264 for p2.
265 for p2.
266 for p2.
267 for p2.
268 for p2.
269 for p2.
270 for p2.
271 for p2.
272 for p2.
273 for p2.
274 for p2.
275 for p2.
276 for p2.
277 for p2.
278 for p2.
279 for p2.
280 for p2.
281 for p2.
282 for p2.
283 for p2.
284 for p2.
285 for p2.
286 for p2.
287 for p2.
288 for p2.
289 for p2.
290 for p2.
291 for p2.
292 for p2.
293 for p2.
294 for p2.
295 for p2.
296 for p2.
297 for p2.
298 for p2.
299 for p2.
300 for p2.
301 for p2.
302 for p2.
303 for p2.
304 for p2.
305 for p2.
306 for p2.
307 for p2.
308 for p2.
309 for p2.
310 for p2.
311 for p2.
312 for p2.
313 for p2.
314 for p2.
315 for p2.
316 for p2.
317 for p2.
318 for p2.
319 for p2.
320 for p2.
321 for p2.
322 for p2.
323 for p2.
324 for p2.
325 for p2.
326 for p2.
327 for p2.
328 for p2.
329 for p2.
330 for p2.
331 for p2.
332 for p2.
333 for p2.
334 for p2.
335 for p2.
336 for p2.
337 for p2.
338 for p2.
339 for p2.
340 for p2.
341 for p2.
342 for p2.
343 for p2.
344 for p2.
345 for p2.
346 for p2.
347 for p2.
348 for p2.
349 for p2.
350 for p2.
351 for p2.
352 for p2.
353 for p2.
354 for p2.
355 for p2.
356 for p2.
357 for p2.
358 for p2.
359 for p2.
360 for p2.
361 for p2.
362 for p2.
363 for p2.
364 for p2.
365 for p2.
366 for p2.
367 for p2.
368 for p2.
369 for p2.
370 for p2.
371 for p2.
372 for p2.
373 for p2.
374 for p2.
375 for p2.
376 for p2.
377 for p2.
378 for p2.
379 for p2.
380 for p2.
381 for p2.
382 for p2.
383 for p2.
384 for p2.
385 for p2.
386 for p2.
387 for p2.
388 for p2.
389 for p2.
390 for p2.
391 for p2.
392 for p2.
393 for p2.
394 for p2.
395 for p2.
396 for p2.
397 for p2.
398 for p2.
399 for p2.
400 for p2.
401 for p2.
402 for p2.
403 for p2.
404 for p2.
405 for p2.
406 for p2.
407 for p2.
408 for p2.
409 for p2.
410 for p2.
411 for p2.
412 for p2.
413 for p2.
414 for p2.
415 for p2.
416 for p2.
417 for p2.
418 for p2.
419 for p2.
420 for p2.
421 for p2.
422 for p2.
423 for p2.
424 for p2.
425 for p2.
426 for p2.
427 for p2.
428 for p2.
429 for p2.
430 for p2.
431 for p2.
432 for p2.
433 for p2.
434 for p2.
435 for p2.
436 for p2.
437 for p2.
438 for p2.
439 for p2.
440 for p2.
441 for p2.
442 for p2.
443 for p2.
444 for p2.
445 for p2.
446 for p2.
447 for p2.
448 for p2.
449 for p2.
450 for p2.
451 for p2.
452 for p2.
453 for p2.
454 for p2.
455 for p2.
456 for p2.
457 for p2.
458 for p2.
459 for p2.
460 for p2.
461 for p2.
462 for p2.
463 for p2.
464 for p2.
465 for p2.
466 for p2.
467 for p2.
468 for p2.
469 for p2.
470 for p2.
471 for p2.
472 for p2.
473 for p2.
474 for p2.
475 for p2.
476 for p2.
477 for p2.
478 for p2.
479 for p2.
480 for p2.
481 for p2.
482 for p2.
483 for p2.
484 for p2.
485 for p2.
486 for p2.
487 for p2.
488 for p2.
489 for p2.
490 for p2.
491 for p2.
492 for p2.
493 for p2.
494 for p2.
495 for p2.
496 for p2.
497 for p2.
498 for p2.
499 for p2.
500 for p2.
501 for p2.
502 for p2.
503 for p2.
504 for p2.
505 for p2.
506 for p2.
507 for p2.
508 for p2.
509 for p2.
510 for p2.
511 for p2.
512 for p2.
513 for p2.
514 for p2.
515 for p2.
516 for p2.
517 for p2.
518 for p2.
519 for p2.
520 for p2.
521 for p2.
522 for p2.
523 for p2.
524 for p2.
525 for p2.
526 for p2.
527 for p2.
528 for p2.
529 for p2.
530 for p2.
531 for p2.
532 for p2.
533 for p2.
534 for p2.
535 for p2.
536 for p2.
537 for p2.
538 for p2.
539 for p2.
540 for p2.
541 for p2.
542 for p2.
543 for p2.
544 for p2.
545 for p2.
546 for p2.
547 for p2.
548 for p2.
549 for p2.
550 for p2.
551 for p2.
552 for p2.
553 for p2.
554 for p2.
555 for p2.
556 for p2.
557 for p2.
558 for p2.
559 for p2.
560 for p2.
561 for p2.
562 for p2.
563 for p2.
564 for p2.
565 for p2.
566 for p2.
567 for p2.
568 for p2.
569 for p2.
570 for p2.
571 for p2.
572 for p2.
573 for p2.
574 for p2.
575 for p2.
576 for p2.
577 for p2.
578 for p2.
579 for p2.
580 for p2.
581 for p2.
582 for p2.
583 for p2.
584 for p2.
585 for p2.
586 for p2.
587 for p2.
588 for p2.
589 for p2.
590 for p2.
591 for p2.
592 for p2.
593 for p2.
594 for p2.
595 for p2.
596 for p2.
597 for p2.
598 for p2.
599 for p2.
600 for p2.
601 for p2.
602 for p2.
603 for p2.
604 for p2.
605 for p2.
606 for p2.
607 for p2.
608 for p2.
609 for p2.
610 for p2.
611 for p2.
612 for p2.
613 for p2.
614 for p2.
615 for p2.
616 for p2.
617 for p2.
618 for p2.
619 for p2.
620 for p2.
621 for p2.
622 for p2.
623 for p2.
624 for p2.
625 for p2.
626 for p2.
627 for p2.
628 for p2.
629 for p2.
630 for p2.
631 for p2.
632 for p2.
633 for p2.
634 for p2.
635 for p2.
636 for p2.
637 for p2.
638 for p2.
639 for p2.
640 for p2.
641 for p2.
642 for p2.
643 for p2.
644 for p2.
645 for p2.
646 for p2.
647 for p2.
648 for p2.
649 for p2.
650 for p2.
651 for p2.
652 for p2.
653 for p2.
654 for p2.
655 for p2.
656 for p2.
657 for p2.
658 for p2.
659 for p2.
660 for p2.
661 for p2.
662 for p2.
663 for p2.
664 for p2.
665 for p2.
666 for p2.
667 for p2.
668 for p2.
669 for p2.
670 for p2.
671 for p2.
672 for p2.
673 for p2.
674 for p2.
675 for p2.
676 for p2.
677 for p2.
678 for p2.
679 for p2.
680 for p2.
681 for p2.
682 for p2.
683 for p2.
684 for p2.
685 for p2.
686 for p2.
687 for p2.
688 for p2.
689 for p2.
690 for p2.
691 for p2.
692 for p2.
693 for p2.
694 for p2.
695 for p2.
696 for p2.
697 for p2.
698 for p2.
699 for p2.
700 for p2.
701 for p2.
702 for p2.
703 for p2.
704 for p2.
705 for p2.
706 for p2.
707 for p2.
708 for p2.
709 for p2.
710 for p2.
711 for p2.
712 for p2.
713 for p2.
714 for p2.
715 for p2.
716 for p2.
717 for p2.
718 for p2.
719 for p2.
720 for p2.
721 for p2.
722 for p2.
723 for p2.
724 for p2.
725 for p2.
726 for p2.
727 for p2.
728 for p2.
729 for p2.
730 for p2.
731 for p2.
732 for p2.
733 for p2.
734 for p2.
735 for p2.
736 for p2.
737 for p2.
738 for p2.
739 for p2.
740 for p2.
741 for p2.
742 for p2.
743 for p2.
744 for p2.
745 for p2.
746 for p2.
747 for p2.
748 for p2.
749 for p2.
750 for p2.
751 for p2.
752 for p2.
753 for p2.
754 for p2.
755 for p2.
756 for p2.
757 for p2.
758 for p2.
759 for p2.
760 for p2.
761 for p2.
762 for p2.
763 for p2.
764 for p2.
765 for p2.
766 for p2.
767 for p2.
768 for p2.
769 for p2.
770 for p2.
771 for p2.
772 for p2.
773 for p2.
774 for p2.
775 for p2.
776 for p2.
777 for p2.
778 for p2.
779 for p2.
780 for p2.
781 for p2.
782 for p2.
783 for p2.
784 for p2.
785 for p2.
786 for p2.
787 for p2.
788 for p2.
789 for p2.
790 for p2.
791 for p2.
792 for p2.
793 for p2.
794 for p2.
795 for p2.
796 for p2.
797 for p2.
798 for p2.
799 for p2.
800 for p2.
801 for p2.
802 for p2.
803 for p2.
804 for p2.
805 for p2.
806 for p2.
807 for p2.
808 for p2.
809 for p2.
810 for p2.
811 for p2.
812 for p2.
813 for p2.
814 for p2.
815 for p2.
816 for p2.
817 for p2.
818 for p2.
819 for p2.
820 for p2.
821 for p2.
822 for p2.
823 for p2.
824 for p2.
825 for p2.
826 for p2.
827 for p2.
828 for p2.
829 for p2.
830 for p2.
831 for p2.
832 for p2.
833 for p2.
834 for p2.
835 for p2.
836 for p2.
837 for p2.
838 for p2.
839 for p2.
840 for p2.
841 for p2.
842 for p2.
843 for p2.
844 for p2.
845 for p2.
846 for p2.
847 for p2.
848 for p2.
849 for p2.
850 for p2.
851 for p2.
852 for p2.
853 for p2.
854 for p2.
855 for p2.
856 for p2.
857 for p2.
858 for p2.
859 for p2.
860 for p2.
861 for p2.
862 for p2.
863 for p2.
864 for p2.
865 for p2.
866 for p2.
867 for p2.
868 for p2.
869 for p2.
870 for p2.
871 for p2.
872 for p2.
873 for p2.
874 for p2.
875 for p2.
876 for p2.
877 for p2.
878 for p2.
879 for p2.
880 for p2.
881 for p2.
882 for p2.
883 for p2.
884 for p2.
885 for p2.
886 for p2.
887 for p2.
888 for p2.
889 for p2.
890 for p2.
891 for p2.
892 for p2.
893 for p2.
894 for p2.
895 for p2.
896 for p2.
897 for p2.
898 for p2.
899 for p2.
900 for p2.
901 for p2.
902 for p2.
903 for p2.
904 for p2.
905 for p2.
906 for p2.
907 for p2.
908 for p2.
909 for p2.
910 for p2.
911 for p2.
912 for p2.
913 for p2.
914 for p2.
915 for p2.
916 for p2.
917 for p2.
918 for p2.
919 for p2.
920 for p2.
921 for p2.
922 for p2.
923 for p2.
924 for p2.
925 for p2.
926 for p2.
927 for p2.
928 for p2.
929 for p2.
930 for p2.
931 for p2.
932 for p2.
933 for p2.
934 for p2.
935 for p2.
936 for p2.
937 for p2.
938 for p2.
939 for p2.
940 for p2.
941 for p2.
942 for p2.
943 for p2.
944 for p2.
945 for p2.
946 for p2.
947 for p2.
948 for p2.
949 for p2.
950 for p2.
951 for p2.
952 for p2.
953 for p2.
954 for p2.
955 for p2.
956 for p2.
957 for p2.
958 for p2.
959 for p2.
960 for p2.
961 for p2.
962 for p2.
963 for p2.
964 for p2.
965 for p2.
966 for p2.
967 for p2.
968 for p2.
969 for p2.
970 for p2.
971 for p2.
972 for p2.
973 for p2.
974 for p2.
975 for p2.
976 for p2.
977 for p2.
978 for p2.
979 for p2.
980 for p2.
981 for p2.
982 for p2.
983 for p2.
984 for p2.
985 for p2.
986 for p2.
987 for p2.
988 for p2.
989 for p2.
990 for p2.
991 for p2.
992 for p2.
993 for p2.
994 for p2.
995 for p2.
996 for p2.
997 for p2.
998 for p2.
999 for p2.
1000 for p2.
1 for p3.
2 for p3.
3 for p3.
4 for p3.
5 for p3.
6 for p3.
7 for p3.
8 for p3.
9 for p3.
10 for p3.
11 for p3.
12 for p3.
13 for p3.
14 for p3.
15 for p3.
16 for p3.
17 for p3.
18 for p3.
19 for p3.
20 for p3.
21 for p3.
22 for p3.
23 for p3.
24 for p3.
25 for p3.
26 for p3.
27 for p3.
28 for p3.
29 for p3.
30 for p3.
31 for p3.
32 for p3.
33 for p3.
34 for p3.
35 for p3.
36 for p3.
37 for p3.
38 for p3.
39 for p3.
40 for p3.
41 for p3.
42 for p3.
43 for p3.
44 for p3.
45 for p3.
46 for p3.
47 for p3.
48 for p3.
49 for p3.
50 for p3.
51 for p3.
52 for p3.
53 for p3.
54 for p3.
55 for p3.
56 for p3.
57 for p3.
58 for p3.
59 for p3.
60 for p3.
61 for p3.
62 for p3.
63 for p3.
64 for p3.
65 for p3.
66 for p3.
67 for p3.
68 for p3.
69 for p3.
70 for p3.
71 for p3.
72 for p3.
73 for p3.
74 for p3.
75 for p3.
76 for p3.
77 for p3.
78 for p3.
79 for p3.
80 for p3.
81 for p3.
82 for p3.
83 for p3.
84 for p3.
85 for p3.
86 for p3.
87 for p3.
88 for p3.
89 for p3.
90 for p3.
91 for p3.
92 for p3.
93 for p3.
94 for p3.
95 for p3.
96 for p3.
97 for p3.
98 for p3.
99 for p3.
100 for p3.
101 for p3.
102 for p3.
103 for p3.
104 for p3.
105 for p3.
106 for p3.
107 for p3.
108 for p3.
109 for p3.
110 for p3.
111 for p3.
112 for p3.
113 for p3.
114 for p3.
115 for p3.
116 for p3.
117 for p3.
118 for p3.
119 for p3.
120 for p3.
121 for p3.
122 for p3.
123 for p3.
124 for p3.
125 for p3.
126 for p3.
127 for p3.
128 for p3.
129 for p3.
130 for p3.
131 for p3.
132 for p3.
133 for p3.
134 for p3.
135 for p3.
136 for p3.
137 for p3.
138 for p3.
139 for p3.
140 for p3.
141 for p3.
142 for p3.
143 for p3.
144 for p3.
145 for p3.
146 for p3.
147 for p3.
148 for p3.
149 for p3.
150 for p3.
151 for p3.
152 for p3.
153 for p3.
154 for p3.
155 for p3.
156 for p3.
157 for p3.
158 for p3.
159 for p3.
160 for p3.
161 for p3.
162 for p3.
163 for p3.
164 for p3.
165 for p3.
166 for p3.
167 for p3.
168 for p3.
169 for p3.
170 for p3.
171 for p3.
172 for p3.
173 for p3.
174 for p3.
175 for p3.
176 for p3.
177 for p3.
178 for p3.
179 for p3.
180 for p3.
181 for p3.
182 for p3.
183 for p3.
184 for p3.
185 for p3.
186 for p3.
187 for p3.
188 for p3.
189 for p3.
190 for p3.
191 for p3.
192 for p3.
193 for p3.
194 for p3.
195 for p3.
196 for p3.
197 for p3.
198 for p3.
199 for p3.
200 for p3.
201 for p3.
202 for p3.
203 for p3.
204 for p3.
205 for p3.
206 for p3.
207 for p3.
208 for p3.
209 for p3.
210 for p3.
211 for p3.
212 for p3.
213 for p3.
214 for p3.
215 for p3.
216 for p3.
217 for p3.
218 for p3.
219 for p3.
220 for p3.
221 for p3.
222 for p3.
223 for p3.
224 for p3.
225 for p3.
226 for p3.
227 for p3.
228 for p3.
229 for p3.
230 for p3.
231 for p3.
232 for p3.
233 for p3.
234 for p3.
235 for p3.
236 for p3.
237 for p3.
238 for p3.
239 for p3.
240 for p3.
241 for p3.
242 for p3.
243 for p3.
244 for p3.
245 for p3.
246 for p3.
247 for p3.
248 for p3.
249 for p3.
250 for p3.
251 for p3.
252 for p3.
253 for p3.
254 for p3.
255 for p3.
256 for p3.
257 for p3.
258 for p3.
259 for p3.
260 for p3.
261 for p3.
262 for p3.
263 for p3.
264 for p3.
265 for p3.
266 for p3.
267 for p3.
268 for p3.
269 for p3.
270 for p3.
271 for p3.
272 for p3.
273 for p3.
274 for p3.
275 for p3.
276 for p3.
277 for p3.
278 for p3.
279 for p3.
280 for p3.
281 for p3.
282 for p3.
283 for p3.
284 for p3.
285 for p3.
286 for p3.
287 for p3.
288 for p3.
289 for p3.
290 for p3.
291 for p3.
292 for p3.
293 for p3.
294 for p3.
295 for p3.
296 for p3.
297 for p3.
298 for p3.
299 for p3.
300 for p3.
301 for p3.
302 for p3.
303 for p3.
304 for p3.
305 for p3.
306 for p3.
307 for p3.
308 for p3.
309 for p3.
310 for p3.
311 for p3.
312 for p3.
313 for p3.
314 for p3.
315 for p3.
316 for p3.
317 for p3.
318 for p3.
319 for p3.
320 for p3.
321 for p3.
322 for p3.
323 for p3.
324 for p3.
325 for p3.
326 for p3.
327 for p3.
328 for p3.
329 for p3.
330 for p3.
331 for p3.
332 for p3.
333 for p3.
334 for p3.
335 for p3.
336 for p3.
337 for p3.
338 for p3.
339 for p3.
340 for p3.
341 for p3.
342 for p3.
343 for p3.
344 for p3.
345 for p3.
346 for p3.
347 for p3.
348 for p3.
349 for p3.
350 for p3.
351 for p3.
352 for p3.
353 for p3.
354 for p3.
355 for p3.
356 for p3.
357 for p3.
358 for p3.
359 for p3.
360 for p3.
361 for p3.
362 for p3.
363 for p3.
364 for p3.
365 for p3.
366 for p3.
367 for p3.
368 for p3.
369 for p3.
370 for p3.
371 for p3.
372 for p3.
373 for p3.
374 for p3.
375 for p3.
376 for p3.
377 for p3.
378 for p3.
379 for p3.
380 for p3.
381 for p3.
382 for p3.
383 for p3.
384 for p3.
385 for p3.
386 for p3.
387 for p3.
388 for p3.
389 for p3.
390 for p3.
391 for p3.
392 for p3.
393 for p3.
394 for p3.
395 for p3.
396 for p3.
397 for p3.
398 for p3.
399 for p3.
400 for p3.
401 for p3.
402 for p3.
403 for p3.
404 for p3.
405 for p3.
406 for p3.
407 for p3.
408 for p3.
409 for p3.
410 for p3.
411 for p3.
412 for p3.
413 for p3.
414 for p3.
415 for p3.
416 for p3.
417 for p3.
418 for p3.
419 for p3.
420 for p3.
421 for p3.
422 for p3.
423 for p3.
424 for p3.
425 for p3.
426 for p3.
427 for p3.
428 for p3.
429 for p3.
430 for p3.
431 for p3.
432 for p3.
433 for p3.
434 for p3.
435 for p3.
436 for p3.
437 for p3.
438 for p3.
439 for p3.
440 for p3.
441 for p3.
442 for p3.
443 for p3.
444 for p3.
445 for p3.
446 for p3.
447 for p3.
448 for p3.
449 for p3.
450 for p3.
451 for p3.
452 for p3.
453 for p3.
454 for p3.
455 for p3.
456 for p3.
457 for p3.
458 for p3.
459 for p3.
460 for p3.
461 for p3.
462 for p3.
463 for p3.
464 for p3.
465 for p3.
466 for p3.
467 for p3.
468 for p3.
469 for p3.
470 for p3.
471 for p3.
472 for p3.
473 for p3.
474 for p3.
475 for p3.
476 for p3.
477 for p3.
478 for p3.
479 for p3.
480 for p3.
481 for p3.
482 for p3.
483 for p3.
484 for p3.
485 for p3.
486 for p3.
487 for p3.
488 for p3.
489 for p3.
490 for p3.
491 for p3.
492 for p3.
493 for p3.
494 for p3.
495 for p3.
496 for p3.
497 for p3.
498 for p3.
499 for p3.
500 for p3.
501 for p3.
502 for p3.
503 for p3.
504 for p3.
505 for p3.
506 for p3.
507 for p3.
508 for p3.
509 for p3.
510 for p3.
511 for p3.
512 for p3.
513 for p3.
514 for p3.
515 for p3.
516 for p3.
517 for p3.
518 for p3.
519 for p3.
520 for p3.
521 for p3.
522 for p3.
523 for p3.
524 for p3.
525 for p3.
526 for p3.
527 for p3.
528 for p3.
529 for p3.
530 for p3.
531 for p3.
532 for p3.
533 for p3.
534 for p3.
535 for p3.
536 for p3.
537 for p3.
538 for p3.
539 for p3.
540 for p3.
541 for p3.
542 for p3.
543 for p3.
544 for p3.
545 for p3.
546 for p3.
547 for p3.
548 for p3.
549 for p3.
550 for p3.
551 for p3.
552 for p3.
553 for p3.
554 for p3.
555 for p3.
556 for p3.
557 for p3.
558 for p3.
559 for p3.
560 for p3.
561 for p3.
562 for p3.
563 for p3.
564 for p3.
565 for p3.
566 for p3.
567 for p3.
568 for p3.
569 for p3.
570 for p3.
571 for p3.
572 for p3.
573 for p3.
574 for p3.
575 for p3.
576 for p3.
577 for p3.
578 for p3.
579 for p3.
580 for p3.
581 for p3.
582 for p3.
583 for p3.
584 for p3.
585 for p3.
586 for p3.
587 for p3.
588 for p3.
589 for p3.
590 for p3.
591 for p3.
592 for p3.
593 for p3.
594 for p3.
595 for p3.
596 for p3.
597 for p3.
598 for p3.
599 for p3.
600 for p3.
601 for p3.
602 for p3.
603 for p3.
604 for p3.
605 for p3.
606 for p3.
607 for p3.
608 for p3.
609 for p3.
610 for p3.
611 for p3.
612 for p3.
613 for p3.
614 for p3.
615 for p3.
616 for p3.
617 for p3.
618 for p3.
619 for p3.
620 for p3.
621 for p3.
622 for p3.
623 for p3.
624 for p3.
625 for p3.
626 for p3.
627 for p3.
628 for p3.
629 for p3.
630 for p3.
631 for p3.
632 for p3.
633 for p3.
634 for p3.
635 for p3.
636 for p3.
637 for p3.
638 for p3.
639 for p3.
640 for p3.
641 for p3.
642 for p3.
643 for p3.
644 for p3.
645 for p3.
646 for p3.
647 for p3.
648 for p3.
649 for p3.
650 for p3.
651 for p3.
652 for p3.
653 for p3.
654 for p3.
655 for p3.
656 for p3.
657 for p3.
658 for p3.
659 for p3.
660 for p3.
661 for p3.
662 for p3.
663 for p3.
664 for p3.
665 for p3.
666 for p3.
667 for p3.
668 for p3.
669 for p3.
670 for p3.
671 for p3.
672 for p3.
673 for p3.
674 for p3.
675 for p3.
676 for p3.
677 for p3.
678 for p3.
679 for p3.
680 for p3.
681 for p3.
682 for p3.
683 for p3.
684 for p3.
685 for p3.
686 for p3.
687 for p3.
688 for p3.
689 for p3.
690 for p3.
691 for p3.
692 for p3.
693 for p3.
694 for p3.
695 for p3.
696 for p3.
697 for p3.
698 for p3.
699 for p3.
700 for p3.
701 for p3.
702 for p3.
703 for p3.
704 for p3.
705 for p3.
706 for p3.
707 for p3.
708 for p3.
709 for p3.
710 for p3.
711 for p3.
712 for p3.
713 for p3.
714 for p3.
715 for p3.
716 for p3.
717 for p3.
718 for p3.
719 for p3.
720 for p3.
721 for p3.
722 for p3.
723 for p3.
724 for p3.
725 for p3.
726 for p3.
727 for p3.
728 for p3.
729 for p3.
730 for p3.
731 for p3.
732 for p3.
733 for p3.
734 for p3.
735 for p3.
736 for p3.
737 for p3.
738 for p3.
739 for p3.
740 for p3.
741 for p3.
742 for p3.
743 for p3.
744 for p3.
745 for p3.
746 for p3.
747 for p3.
748 for p3.
749 for p3.
750 for p3.
751 for p3.
752 for p3.
753 for p3.
754 for p3.
755 for p3.
756 for p3.
757 for p3.
758 for p3.
759 for p3.
760 for p3.
761 for p3.
762 for p3.
763 for p3.
764 for p3.
765 for p3.
766 for p3.
767 for p3.
768 for p3.
769 for p3.
770 for p3.
771 for p3.
772 for p3.
773 for p3.
774 for p3.
775 for p3.
776 for p3.
777 for p3.
778 for p3.
779 for p3.
780 for p3.
781 for p3.
782 for p3.
783 for p3.
784 for p3.
785 for p3.
786 for p3.
787 for p3.
788 for p3.
789 for p3.
790 for p3.
791 for p3.
792 for p3.
793 for p3.
794 for p3.
795 for p3.
796 for p3.
797 for p3.
798 for p3.
799 for p3.
800 for p3.
801 for p3.
802 for p3.
803 for p3.
804 for p3.
805 for p3.
806 for p3.
807 for p3.
808 for p3.
809 for p3.
810 for p3.
811 for p3.
812 for p3.
813 for p3.
814 for p3.
815 for p3.
816 for p3.
817 for p3.
818 for p3.
819 for p3.
820 for p3.
821 for p3.
822 for p3.
823 for p3.
824 for p3.
825 for p3.
826 for p3.
827 for p3.
828 for p3.
829 for p3.
830 for p3.
831 for p3.
832 for p3.
833 for p3.
834 for p3.
835 for p3.
836 for p3.
837 for p3.
838 for p3.
839 for p3.
840 for p3.
841 for p3.
842 for p3.
843 for p3.
844 for p3.
845 for p3.
846 for p3.
847 for p3.
848 for p3.
849 for p3.
850 for p3.
851 for p3.
852 for p3.
853 for p3.
854 for p3.
855 for p3.
856 for p3.
857 for p3.
858 for p3.
859 for p3.
860 for p3.
861 for p3.
862 for p3.
863 for p3.
864 for p3.
865 for p3.
866 for p3.
867 for p3.
868 for p3.
869 for p3.
870 for p3.
871 for p3.
872 for p3.
873 for p3.
874 for p3.
875 for p3.
876 for p3.
877 for p3.
878 for p3.
879 for p3.
880 for p3.
881 for p3.
882 for p3.
883 for p3.
884 for p3.
885 for p3.
886 for p3.
887 for p3.
888 for p3.
889 for p3.
890 for p3.
891 for p3.
892 for p3.
893 for p3.
894 for p3.
895 for p3.
896 for p3.
897 for p3.
898 for p3.
899 for p3.
900 for p3.
901 for p3.
902 for p3.
903 for p3.
904 for p3.
905 for p3.
906 for p3.
907 for p3.
908 for p3.
909 for p3.
910 for p3.
911 for p3.
912 for p3.
913 for p3.
914 for p3.
915 for p3.
916 for p3.
917 for p3.
918 for p3.
919 for p3.
920 for p3.
921 for p3.
922 for p3.
923 for p3.
924 for p3.
925 for p3.
926 for p3.
927 for p3.
928 for p3.
929 for p3.
930 for p3.
931 for p3.
932 for p3.
933 for p3.
934 for p3.
935 for p3.
936 for p3.
937 for p3.
938 for p3.
939 for p3.
940 for p3.
941 for p3.
942 for p3.
943 for p3.
944 for p3.
945 for p3.
946 for p3.
947 for p3.
948 for p3.
949 for p3.
950 for p3.
951 for p3.
952 for p3.
953 for p3.
954 for p3.
955 for p3.
956 for p3.
957 for p3.
958 for p3.
959 for p3.
960 for p3.
961 for p3.
962 for p3.
963 for p3.
964 for p3.
965 for p3.
966 for p3.
967 for p3.
968 for p3.
969 for p3.
970 for p3.
971 for p3.
972 for p3.
973 for p3.
974 for p3.
975 for p3.
976 for p3.
977 for p3.
978 for p3.
979 for p3.
980 for p3.
981 for p3.
982 for p3.
983 for p3.
984 for p3.
985 for p3.
986 for p3.
987 for p3.
988 for p3.
989 for p3.
990 for p3.
991 for p3.
992 for p3.
993 for p3.
994 for p3.
995 for p3.
996 for p3.
997 for p3.
998 for p3.
999 for p3.
1000 for p3.
1 for p4.
2 for p4.
3 for p4.
4 for p4.
5 for p4.
6 for p4.
7 for p4.
8 for p4.
9 for p4.
10 for p4.
11 for p4.
12 for p4.
13 for p4.
14 for p4.
15 for p4.
16 for p4.
17 for p4.
18 for p4.
19 for p4.
20 for p4.
21 for p4.
22 for p4.
23 for p4.
24 for p4.
25 for p4.
26 for p4.
27 for p4.
28 for p4.
29 for p4.
30 for p4.
31 for p4.
32 for p4.
33 for p4.
34 for p4.
35 for p4.
36 for p4.
37 for p4.
38 for p4.
39 for p4.
40 for p4.
41 for p4.
42 for p4.
43 for p4.
44 for p4.
45 for p4.
46 for p4.
47 for p4.
48 for p4.
49 for p4.
50 for p4.
51 for p4.
52 for p4.
53 for p4.
54 for p4.
55 for p4.
56 for p4.
57 for p4.
58 for p4.
59 for p4.
60 for p4.
61 for p4.
62 for p4.
63 for p4.
64 for p4.
65 for p4.
66 for p4.
67 for p4.
68 for p4.
69 for p4.
70 for p4.
71 for p4.
72 for p4.
73 for p4.
74 for p4.
75 for p4.
76 for p4.
77 for p4.
78 for p4.
79 for p4.
80 for p4.
81 for p4.
82 for p4.
83 for p4.
84 for p4.
85 for p4.
86 for p4.
87 for p4.
88 for p4.
89 for p4.
90 for p4.
91 for p4.
92 for p4.
93 for p4.
94 for p4.
95 for p4.
96 for p4.
97 for p4.
98 for p4.
99 for p4.
100 for p4.
101 for p4.
102 for p4.
103 for p4.
104 for p4.
105 for p4.
106 for p4.
107 for p4.
108 for p4.
109 for p4.
110 for p4.
111 for p4.
112 for p4.
113 for p4.
114 for p4.
115 for p4.
116 for p4.
117 for p4.
118 for p4.
119 for p4.
120 for p4.
121 for p4.
122 for p4.
123 for p4.
124 for p4.
125 for p4.
126 for p4.
127 for p4.
128 for p4.
129 for p4.
130 for p4.
131 for p4.
132 for p4.
133 for p4.
134 for p4.
135 for p4.
136 for p4.
137 for p4.
138 for p4.
139 for p4.
140 for p4.
141 for p4.
142 for p4.
143 for p4.
144 for p4.
145 for p4.
146 for p4.
147 for p4.
148 for p4.
149 for p4.
150 for p4.
151 for p4.
152 for p4.
153 for p4.
154 for p4.
155 for p4.
156 for p4.
157 for p4.
158 for p4.
159 for p4.
160 for p4.
161 for p4.
162 for p4.
163 for p4.
164 for p4.
165 for p4.
166 for p4.
167 for p4.
168 for p4.
169 for p4.
170 for p4.
171 for p4.
172 for p4.
173 for p4.
174 for p4.
175 for p4.
176 for p4.
177 for p4.
178 for p4.
179 for p4.
180 for p4.
181 for p4.
182 for p4.
183 for p4.
184 for p4.
185 for p4.
186 for p4.
187 for p4.
188 for p4.
189 for p4.
190 for p4.
191 for p4.
192 for p4.
193 for p4.
194 for p4.
195 for p4.
196 for p4.
197 for p4.
198 for p4.
199 for p4.
200 for p4.
201 for p4.
202 for p4.
203 for p4.
204 for p4.
205 for p4.
206 for p4.
207 for p4.
208 for p4.
209 for p4.
210 for p4.
211 for p4.
212 for p4.
213 for p4.
214 for p4.
215 for p4.
216 for p4.
217 for p4.
218 for p4.
219 for p4.
220 for p4.
221 for p4.
222 for p4.
223 for p4.
224 for p4.
225 for p4.
226 for p4.
227 for p4.
228 for p4.
229 for p4.
230 for p4.
231 for p4.
232 for p4.
233 for p4.
234 for p4.
235 for p4.
236 for p4.
237 for p4.
238 for p4.
239 for p4.
240 for p4.
241 for p4.
242 for p4.
243 for p4.
244 for p4.
245 for p4.
246 for p4.
247 for p4.
248 for p4.
249 for p4.
250 for p4.
251 for p4.
252 for p4.
253 for p4.
254 for p4.
255 for p4.
256 for p4.
257 for p4.
258 for p4.
259 for p4.
260 for p4.
261 for p4.
262 for p4.
263 for p4.
264 for p4.
265 for p4.
266 for p4.
267 for p4.
268 for p4.
269 for p4.
270 for p4.
271 for p4.
272 for p4.
273 for p4.
274 for p4.
275 for p4.
276 for p4.
277 for p4.
278 for p4.
279 for p4.
280 for p4.
281 for p4.
282 for p4.
283 for p4.
284 for p4.
285 for p4.
286 for p4.
287 for p4.
288 for p4.
289 for p4.
290 for p4.
291 for p4.
292 for p4.
293 for p4.
294 for p4.
295 for p4.
296 for p4.
297 for p4.
298 for p4.
299 for p4.
300 for p4.
301 for p4.
302 for p4.
303 for p4.
304 for p4.
305 for p4.
306 for p4.
307 for p4.
308 for p4.
309 for p4.
310 for p4.
311 for p4.
312 for p4.
313 for p4.
314 for p4.
315 for p4.
316 for p4.
317 for p4.
318 for p4.
319 for p4.
320 for p4.
321 for p4.
322 for p4.
323 for p4.
324 for p4.
325 for p4.
326 for p4.
327 for p4.
328 for p4.
329 for p4.
330 for p4.
331 for p4.
332 for p4.
333 for p4.
334 for p4.
335 for p4.
336 for p4.
337 for p4.
338 for p4.
339 for p4.
340 for p4.
341 for p4.
342 for p4.
343 for p4.
344 for p4.
345 for p4.
346 for p4.
347 for p4.
348 for p4.
349 for p4.
350 for p4.
351 for p4.
352 for p4.
353 for p4.
354 for p4.
355 for p4.
356 for p4.
357 for p4.
358 for p4.
359 for p4.
360 for p4.
361 for p4.
362 for p4.
363 for p4.
364 for p4.
365 for p4.
366 for p4.
367 for p4.
368 for p4.
369 for p4.
370 for p4.
371 for p4.
372 for p4.
373 for p4.
374 for p4.
375 for p4.
376 for p4.
377 for p4.
378 for p4.
379 for p4.
380 for p4.
381 for p4.
382 for p4.
383 for p4.
384 for p4.
385 for p4.
386 for p4.
387 for p4.
388 for p4.
389 for p4.
390 for p4.
391 for p4.
392 for p4.
393 for p4.
394 for p4.
395 for p4.
396 for p4.
397 for p4.
398 for p4.
399 for p4.
400 for p4.
401 for p4.
402 for p4.
403 for p4.
404 for p4.
405 for p4.
406 for p4.
407 for p4.
408 for p4.
409 for p4.
410 for p4.
411 for p4.
412 for p4.
413 for p4.
414 for p4.
415 for p4.
416 for p4.
417 for p4.
418 for p4.
419 for p4.
420 for p4.
421 for p4.
422 for p4.
423 for p4.
424 for p4.
425 for p4.
426 for p4.
427 for p4.
428 for p4.
429 for p4.
430 for p4.
431 for p4.
432 for p4.
433 for p4.
434 for p4.
435 for p4.
436 for p4.
437 for p4.
438 for p4.
439 for p4.
440 for p4.
441 for p4.
442 for p4.
443 for p4.
444 for p4.
445 for p4.
446 for p4.
447 for p4.
448 for p4.
449 for p4.
450 for p4.
451 for p4.
452 for p4.
453 for p4.
454 for p4.
455 for p4.
456 for p4.
457 for p4.
458 for p4.
459 for p4.
460 for p4.
461 for p4.
462 for p4.
463 for p4.
464 for p4.
465 for p4.
466 for p4.
467 for p4.
468 for p4.
469 for p4.
470 for p4.
471 for p4.
472 for p4.
473 for p4.
474 for p4.
475 for p4.
476 for p4.
477 for p4.
478 for p4.
479 for p4.
480 for p4.
481 for p4.
482 for p4.
483 for p4.
484 for p4.
485 for p4.
486 for p4.
487 for p4.
488 for p4.
489 for p4.
490 for p4.
491 for p4.
492 for p4.
493 for p4.
494 for p4.
495 for p4.
496 for p4.
497 for p4.
498 for p4.
499 for p4.
500 for p4.
501 for p4.
502 for p4.
503 for p4.
504 for p4.
505 for p4.
506 for p4.
507 for p4.
508 for p4.
509 for p4.
510 for p4.
511 for p4.
512 for p4.
513 for p4.
514 for p4.
515 for p4.
516 for p4.
517 for p4.
518 for p4.
519 for p4.
520 for p4.
521 for p4.
522 for p4.
523 for p4.
524 for p4.
525 for p4.
526 for p4.
527 for p4.
528 for p4.
529 for p4.
530 for p4.
531 for p4.
532 for p4.
533 for p4.
534 for p4.
535 for p4.
536 for p4.
537 for p4.
538 for p4.
539 for p4.
540 for p4.
541 for p4.
542 for p4.
543 for p4.
544 for p4.
545 for p4.
546 for p4.
547 for p4.
548 for p4.
549 for p4.
550 for p4.
551 for p4.
552 for p4.
553 for p4.
554 for p4.
555 for p4.
556 for p4.
557 for p4.
558 for p4.
559 for p4.
560 for p4.
561 for p4.
562 for p4.
563 for p4.
564 for p4.
565 for p4.
566 for p4.
567 for p4.
568 for p4.
569 for p4.
570 for p4.
571 for p4.
572 for p4.
573 for p4.
574 for p4.
575 for p4.
576 for p4.
577 for p4.
578 for p4.
579 for p4.
580 for p4.
581 for p4.
582 for p4.
583 for p4.
584 for p4.
585 for p4.
586 for p4.
587 for p4.
588 for p4.
589 for p4.
590 for p4.
591 for p4.
592 for p4.
593 for p4.
594 for p4.
595 for p4.
596 for p4.
597 for p4.
598 for p4.
599 for p4.
600 for p4.
601 for p4.
602 for p4.
603 for p4.
604 for p4.
605 for p4.
606 for p4.
607 for p4.
608 for p4.
609 for p4.
610 for p4.
611 for p4.
612 for p4.
613 for p4.
614 for p4.
615 for p4.
616 for p4.
617 for p4.
618 for p4.
619 for p4.
620 for p4.
621 for p4.
622 for p4.
623 for p4.
624 for p4.
625 for p4.
626 for p4.
627 for p4.
628 for p4.
629 for p4.
630 for p4.
631 for p4.
632 for p4.
633 for p4.
634 for p4.
635 for p4.
636 for p4.
637 for p4.
638 for p4.
639 for p4.
640 for p4.
641 for p4.
642 for p4.
643 for p4.
644 for p4.
645 for p4.
646 for p4.
647 for p4.
648 for p4.
649 for p4.
650 for p4.
651 for p4.
652 for p4.
653 for p4.
654 for p4.
655 for p4.
656 for p4.
657 for p4.
658 for p4.
659 for p4.
660 for p4.
661 for p4.
662 for p4.
663 for p4.
664 for p4.
665 for p4.
666 for p4.
667 for p4.
668 for p4.
669 for p4.
670 for p4.
671 for p4.
672 for p4.
673 for p4.
674 for p4.
675 for p4.
676 for p4.
677 for p4.
678 for p4.
679 for p4.
680 for p4.
681 for p4.
682 for p4.
683 for p4.
684 for p4.
685 for p4.
686 for p4.
687 for p4.
688 for p4.
689 for p4.
690 for p4.
691 for p4.
692 for p4.
693 for p4.
694 for p4.
695 for p4.
696 for p4.
697 for p4.
698 for p4.
699 for p4.
700 for p4.
701 for p4.
702 for p4.
703 for p4.
704 for p4.
705 for p4.
706 for p4.
707 for p4.
708 for p4.
709 for p4.
710 for p4.
711 for p4.
712 for p4.
713 for p4.
714 for p4.
715 for p4.
716 for p4.
717 for p4.
718 for p4.
719 for p4.
720 for p4.
721 for p4.
722 for p4.
723 for p4.
724 for p4.
725 for p4.
726 for p4.
727 for p4.
728 for p4.
729 for p4.
730 for p4.
731 for p4.
732 for p4.
733 for p4.
734 for p4.
735 for p4.
736 for p4.
737 for p4.
738 for p4.
739 for p4.
740 for p4.
741 for p4.
742 for p4.
743 for p4.
744 for p4.
745 for p4.
746 for p4.
747 for p4.
748 for p4.
749 for p4.
750 for p4.
751 for p4.
752 for p4.
753 for p4.
754 for p4.
755 for p4.
756 for p4.
757 for p4.
758 for p4.
759 for p4.
760 for p4.
761 for p4.
762 for p4.
763 for p4.
764 for p4.
765 for p4.
766 for p4.
767 for p4.
768 for p4.
769 for p4.
770 for p4.
771 for p4.
772 for p4.
773 for p4.
774 for p4.
775 for p4.
776 for p4.
777 for p4.
778 for p4.
779 for p4.
780 for p4.
781 for p4.
782 for p4.
783 for p4.
784 for p4.
785 for p4.
786 for p4.
787 for p4.
788 for p4.
789 for p4.
790 for p4.
791 for p4.
792 for p4.
793 for p4.
794 for p4.
795 for p4.
796 for p4.
797 for p4.
798 for p4.
799 for p4.
800 for p4.
801 for p4.
802 for p4.
803 for p4.
804 for p4.
805 for p4.
806 for p4.
807 for p4.
808 for p4.
809 for p4.
810 for p4.
811 for p4.
812 for p4.
813 for p4.
814 for p4.
815 for p4.
816 for p4.
817 for p4.
818 for p4.
819 for p4.
820 for p4.
821 for p4.
822 for p4.
823 for p4.
824 for p4.
825 for p4.
826 for p4.
827 for p4.
828 for p4.
829 for p4.
830 for p4.
831 for p4.
832 for p4.
833 for p4.
834 for p4.
835 for p4.
836 for p4.
837 for p4.
838 for p4.
839 for p4.
840 for p4.
841 for p4.
842 for p4.
843 for p4.
844 for p4.
845 for p4.
846 for p4.
847 for p4.
848 for p4.
849 for p4.
850 for p4.
851 for p4.
852 for p4.
853 for p4.
854 for p4.
855 for p4.
856 for p4.
857 for p4.
858 for p4.
859 for p4.
860 for p4.
861 for p4.
862 for p4.
863 for p4.
864 for p4.
865 for p4.
866 for p4.
867 for p4.
868 for p4.
869 for p4.
870 for p4.
871 for p4.
872 for p4.
873 for p4.
874 for p4.
875 for p4.
876 for p4.
877 for p4.
878 for p4.
879 for p4.
880 for p4.
881 for p4.
882 for p4.
883 for p4.
884 for p4.
885 for p4.
886 for p4.
887 for p4.
888 for p4.
889 for p4.
890 for p4.
891 for p4.
892 for p4.
893 for p4.
894 for p4.
895 for p4.
896 for p4.
897 for p4.
898 for p4.
899 for p4.
900 for p4.
901 for p4.
902 for p4.
903 for p4.
904 for p4.
905 for p4.
906 for p4.
907 for p4.
908 for p4.
909 for p4.
910 for p4.
911 for p4.
912 for p4.
913 for p4.
914 for p4.
915 for p4.
916 for p4.
917 for p4.
918 for p4.
919 for p4.
920 for p4.
921 for p4.
922 for p4.
923 for p4.
924 for p4.
925 for p4.
926 for p4.
927 for p4.
928 for p4.
929 for p4.
930 for p4.
931 for p4.
932 for p4.
933 for p4.
934 for p4.
935 for p4.
936 for p4.
937 for p4.
938 for p4.
939 for p4.
940 for p4.
941 for p4.
942 for p4.
943 for p4.
944 for p4.
945 for p4.
946 for p4.
947 for p4.
948 for p4.
949 for p4.
950 for p4.
951 for p4.
952 for p4.
953 for p4.
954 for p4.
955 for p4.
956 for p4.
957 for p4.
958 for p4.
959 for p4.
960 for p4.
961 for p4.
962 for p4.
963 for p4.
964 for p4.
965 for p4.
966 for p4.
967 for p4.
968 for p4.
969 for p4.
970 for p4.
971 for p4.
972 for p4.
973 for p4.
974 for p4.
975 for p4.
976 for p4.
977 for p4.
978 for p4.
979 for p4.
980 for p4.
981 for p4.
982 for p4.
983 for p4.
984 for p4.
985 for p4.
986 for p4.
987 for p4.
988 for p4.
989 for p4.
990 for p4.
991 for p4.
992 for p4.
993 for p4.
994 for p4.
995 for p4.
996 for p4.
997 for p4.
998 for p4.
999 for p4.
1000 for p4.

. *
. 
. foreach vv in m4 m3 m2 m1 p0 p1 p2 p3 p4{ 
  2.         clear
  3.         svmat `vv'
  4.         replace `vv'= `vv' / `epop'     
  5.         rename `vv'1 `vv'
  6.         tempfile `vv'
  7.         save ``vv''
  8. }
number of observations will be reset to 1000
Press any key to continue, or Break to abort
Number of observations (_N) was 0, now 1,000.
(1,000 real changes made)
file /var/folders/bm/2cq1vtmd5wg6k0vdjfpvbmww0000gn/T//St20660.000003 saved
    as .dta format
number of observations will be reset to 1000
Press any key to continue, or Break to abort
Number of observations (_N) was 0, now 1,000.
(1,000 real changes made)
file /var/folders/bm/2cq1vtmd5wg6k0vdjfpvbmww0000gn/T//St20660.000004 saved
    as .dta format
number of observations will be reset to 1000
Press any key to continue, or Break to abort
Number of observations (_N) was 0, now 1,000.
(1,000 real changes made)
file /var/folders/bm/2cq1vtmd5wg6k0vdjfpvbmww0000gn/T//St20660.000005 saved
    as .dta format
number of observations will be reset to 1000
Press any key to continue, or Break to abort
Number of observations (_N) was 0, now 1,000.
(1,000 real changes made)
file /var/folders/bm/2cq1vtmd5wg6k0vdjfpvbmww0000gn/T//St20660.000006 saved
    as .dta format
number of observations will be reset to 1000
Press any key to continue, or Break to abort
Number of observations (_N) was 0, now 1,000.
(1,000 real changes made)
file /var/folders/bm/2cq1vtmd5wg6k0vdjfpvbmww0000gn/T//St20660.000007 saved
    as .dta format
number of observations will be reset to 1000
Press any key to continue, or Break to abort
Number of observations (_N) was 0, now 1,000.
(1,000 real changes made)
file /var/folders/bm/2cq1vtmd5wg6k0vdjfpvbmww0000gn/T//St20660.000008 saved
    as .dta format
number of observations will be reset to 1000
Press any key to continue, or Break to abort
Number of observations (_N) was 0, now 1,000.
(1,000 real changes made)
file /var/folders/bm/2cq1vtmd5wg6k0vdjfpvbmww0000gn/T//St20660.000009 saved
    as .dta format
number of observations will be reset to 1000
Press any key to continue, or Break to abort
Number of observations (_N) was 0, now 1,000.
(1,000 real changes made)
file /var/folders/bm/2cq1vtmd5wg6k0vdjfpvbmww0000gn/T//St20660.00000a saved
    as .dta format
number of observations will be reset to 1000
Press any key to continue, or Break to abort
Number of observations (_N) was 0, now 1,000.
(1,000 real changes made)
file /var/folders/bm/2cq1vtmd5wg6k0vdjfpvbmww0000gn/T//St20660.00000b saved
    as .dta format

. *
. 
. use `m4', clear

. foreach vv in m4 m3 m2 m1 p0 p1 p2 p3 p4{ 
  2. merge 1:1 _n using ``vv'', nogenerate assert(3) 
  3. }

    Result                      Number of obs
    -----------------------------------------
    Not matched                             0
    Matched                             1,000  
    -----------------------------------------

    Result                      Number of obs
    -----------------------------------------
    Not matched                             0
    Matched                             1,000  
    -----------------------------------------

    Result                      Number of obs
    -----------------------------------------
    Not matched                             0
    Matched                             1,000  
    -----------------------------------------

    Result                      Number of obs
    -----------------------------------------
    Not matched                             0
    Matched                             1,000  
    -----------------------------------------

    Result                      Number of obs
    -----------------------------------------
    Not matched                             0
    Matched                             1,000  
    -----------------------------------------

    Result                      Number of obs
    -----------------------------------------
    Not matched                             0
    Matched                             1,000  
    -----------------------------------------

    Result                      Number of obs
    -----------------------------------------
    Not matched                             0
    Matched                             1,000  
    -----------------------------------------

    Result                      Number of obs
    -----------------------------------------
    Not matched                             0
    Matched                             1,000  
    -----------------------------------------

    Result                      Number of obs
    -----------------------------------------
    Not matched                             0
    Matched                             1,000  
    -----------------------------------------

. *
. save "${data}FP_bin_estimates_for_confidence_intervals_clean_controls.dta", r
> eplace
file
    /Users/brycewang/Documents/GitHub/top5-Econ-Paper-Replications/QJE2019-Mi
    > nimum-Wages-Low-Wage-Jobs/Data/data/FP_bin_estimates_for_confidence_int
    > ervals_clean_controls.dta saved

. 
. 
. use "${data}FP_bin_estimates_for_confidence_intervals_clean_controls.dta", cl
> ear

. *Get confidence intervals and standard errors of estimates
. gen below_estimate = m1 + m2 + m3 + m4

. gen above_estimate = p0 + p1 + p2 + p3 + p4

. gen perc_aff_emp_estimate = (p0 + p1 + p2 + p3 + p4 + m1 + m2 + m3 + m4)/${B}

. gen mw_elast = (below_estimate + above_estimate)*${epop}*${C}

. 
. gen wage_estimate = p0*${epop}*${wagemult}

. foreach num of numlist 1(1)4{
  2. replace wage_estimate = wage_estimate + p`num'*${epop}*(${wagemult}+ `num'
> )
  3. }
(1,000 real changes made)
(1,000 real changes made)
(1,000 real changes made)
(1,000 real changes made)

. 
. foreach num of numlist 1(1)4{
  2. replace wage_estimate= wage_estimate+ m`num'*${epop}*(${wagemult} - `num')
  3. }
(1,000 real changes made)
(1,000 real changes made)
(1,000 real changes made)
(1,000 real changes made)

. *
. replace wage_estimate = wage_estimate/${EWB}
(1,000 real changes made)

. replace wage_estimate= (wage_estimate-perc_aff_emp_estimate)/(1+perc_aff_emp_
> estimate)
(1,000 real changes made)

. 
. 
. foreach vv of varlist below_estimate above_estimate perc_aff_emp_estimate mw_
> elast wage_estimate{
  2. _pctile `vv' , nq(200)
  3. gen `vv'_5 = r(r5)
  4. gen `vv'_195 = r(r195)
  5. local `vv'_se = (r(r195) - r(r5))/(2*2)
  6. }

. 
. *Impose null
. replace perc_aff_emp_estimate = perc_aff_emp_estimate  + ${new_emp_null}
(1,000 real changes made)

. replace wage_estimate = wage_estimate  + ${new_wage_null}
(1,000 real changes made)

. 
. 
. *For delta method
. corr perc_aff_emp_estimate wage_estimate, cov
(obs=1,000)

             | perc_a~e wage_e~e
-------------+------------------
perc_aff_e~e |  .001665
wage_estim~e |  .000476  .000198


. mat delta_method_mid_mat = r(C)

. 
. mat A = (1/${new_wage_null} , - (${new_emp_null}/(${new_wage_null})^2) )

. mat delta_method_var = A*delta_method_mid_mat*A'

. scalar delta_method_var = delta_method_var[1,1]

. scalar delta_method_se = delta_method_var^0.5  

. local emp_elas_wrt_wage_se : di %04.3f `=delta_method_se'

. reg m4

      Source |       SS           df       MS      Number of obs   =     1,000
-------------+----------------------------------   F(0, 999)       =      0.00
       Model |           0         0           .   Prob > F        =         .
    Residual |  .000039317       999  3.9356e-08   R-squared       =    0.0000
-------------+----------------------------------   Adj R-squared   =    0.0000
       Total |  .000039317       999  3.9356e-08   Root MSE        =     .0002

------------------------------------------------------------------------------
          m4 | Coefficient  Std. err.      t    P>|t|     [95% conf. interval]
-------------+----------------------------------------------------------------
       _cons |  -.0000239   6.27e-06    -3.81   0.000    -.0000362   -.0000116
------------------------------------------------------------------------------

. 
. 
. local new_below_null: di %04.3f ${new_below_null}

. estadd local below_Eb "`new_below_null'"

added macro:
           e(below_Eb) : "-0.019"

. local new_above_null: di %04.3f ${new_above_null}

. estadd local above_Eb "`new_above_null'"

added macro:
           e(above_Eb) : "0.019"

. local new_emp_null: di %04.3f ${new_emp_null}

. estadd local bunching_Eb "`new_emp_null'"

added macro:
        e(bunching_Eb) : "0.004"

. local new_wage_null: di %04.3f ${new_wage_null}

. estadd local WB_Eb "`new_wage_null'"

added macro:
              e(WB_Eb) : "0.057"

. local new_mwelast_null: di %04.3f ${new_mwelast_null}

. estadd local bunchelas_Eb "`new_mwelast_null'"

added macro:
       e(bunchelas_Eb) : "0.004"

. local new_emp_elas_wage_null: di %04.3f ${new_emp_elas_wage_null}

. estadd local labordem_Eb "`new_emp_elas_wage_null'"

added macro:
        e(labordem_Eb) : "0.075"

. *Standard errors
. foreach vv of varlist below_estimate above_estimate perc_aff_emp_estimate mw_
> elast wage_estimate{
  2. local `vv'_se: di %04.3f ``vv'_se'
  3. }

. *
. estadd local below_Ese "(`below_estimate_se')"

added macro:
          e(below_Ese) : "(0.002)"

. estadd local above_Ese "(`above_estimate_se')"

added macro:
          e(above_Ese) : "(0.003)"

. estadd local bunching_Ese "(`perc_aff_emp_estimate_se')"

added macro:
       e(bunching_Ese) : "(0.041)"

. estadd local WB_Ese "(`wage_estimate_se')"

added macro:
             e(WB_Ese) : "(0.014)"

. estadd local bunchelas_Ese "(`mw_elast_se')"

added macro:
      e(bunchelas_Ese) : "(0.035)"

. estadd local labordem_Ese "(`emp_elas_wrt_wage_se')"

added macro:
       e(labordem_Ese) : "(0.699)"

. 
. eststo overall_m2AS

. 
. est save "${estimates}stackedevents_wagebins_clean_controls_overall_manually_
> averaged_model_pre12_estadd", replace
file /Users/brycewang/Documents/GitHub/top5-Econ-Paper-Replications/QJE2019-Min
> imum-Wages-Low-Wage-Jobs/Results/estimates/stackedevents_wagebins_clean_contr
> ols_overall_manually_averaged_model_pre12_estadd.ster saved

. 
. 
. 
end of do-file

. 
. clear

. eststo clear

. *First column is the baseline estimates.
. est use "${estimates}Table1_TWFE_estimates_full"

. eststo col1

. 
. *The second column is baseline specification for stacked analysis.
. est use "${estimates}stackedevents_wagebins_clean_controls_overall_model2_pre
> 12_estadd"

. local belsh  = `e(belsh)'

. local minwpc = `e(minwpc)'  

. local numevent = `e(numevent)'

. local numobs = `e(numobs)'

. eststo col2

. 
. *The third column is for manually averaged estimates
. est use "${estimates}stackedevents_wagebins_clean_controls_overall_manually_a
> veraged_model_pre12_estadd"

. estadd local belsh "`belsh'"

added macro:
              e(belsh) : ".086"

. estadd local minwpc "`minwpc'"

added macro:
             e(minwpc) : ".101"

. estadd local numevent = "`numevent'"

added macro:
           e(numevent) : "138"

. estadd local numobs = "`numobs'"

added macro:
             e(numobs) : "983934"

. 
. eststo col3

. 
. 
. *Fourth column is for the specification that includes events occurred before 
> or in 2012q1.
. est use "${estimates}stackedevents_wagebins_clean_controls_overall_model22_pr
> e12_estadd"

. eststo col4

. 
. 
.         esttab  col1 col2 col3 col4 using "${tables}TableD1.tex",       /// 
>         replace stats(below_Eb below_Ese above_Eb above_Ese  blankspace WB_Eb
>  WB_Ese  bunching_Eb bunching_Ese blankspace bunchelas_Eb bunchelas_Ese labor
> dem_Eb labordem_Ese blankspace  belsh  minwpc  numevent numobs blankspace bla
> nkspace wagebinstate /*periodfe*/ wagebinperiod trend qtrend divtime stp, lab
> el("Missing jobs below new MW (`=char(36)' \Delta `=char(36)' b)" " " "Excess
>  jobs above new MW (`=char(36)' \Delta `=char(36)' a)"  " " " "   "\%`=char(3
> 6)'\Delta`=char(36)' affected wages" " " "\%`=char(36)'\Delta`=char(36)' affe
> cted employment " " " " "  "Employment elasticity w.r.t. MW" " " "Emp. elasti
> city w.r.t. affected wage" " " " " "Jobs below new MW (`=char(36)'\overline{b
> }\ _{-1}`=char(36)')" "\%`=char(36)'\Delta`=char(36)' MW" "\# Event " "N " " 
> " "\underline{\textit{Controls}}" "Bin-state FE" /*"Period FE"*/ "Bin-period 
> FE " "Bin-state linear trends" "Bin-state quadratic trends" "Bin-division-per
> iod FE" "State-period FE" )) ///
>         nodep nogaps cells(none) nomtitles fragment booktabs
(file
    /Users/brycewang/Documents/GitHub/top5-Econ-Paper-Replications/QJE2019-Mi
    > nimum-Wages-Low-Wage-Jobs/Results/Tables/TableD1.tex not found)
(output written to /Users/brycewang/Documents/GitHub/top5-Econ-Paper-Replicatio
> ns/QJE2019-Minimum-Wages-Low-Wage-Jobs/Results/Tables/TableD1.tex)

. 
. 
. 
end of do-file
