-------------------------------------------------------------------------------
      name:  steplogsmcl
       log:  /Users/brycewang/Documents/GitHub/top5-Econ-Paper-Replications/QJE
> 2019-Minimum-Wages-Low-Wage-Jobs/Results/logs/Appendix_Figures_G2_A_C.log
  log type:  text
 opened on:  17 Sep 2026, 06:02:22

. 
. *This do file is created by DC on 03/25/2016
. *****************************************************************************
> ***
. ***********          Alternate Specifications of Jobs Dist.      ************
> ***
. *****************************************************************************
> ***
. *This specification puts  leads and lags. Starts from 1995 and only clean sam
> ple
. *Overall sample is used.
. 
. 
. clear all

. set more off

. 
. *****************************************************************************
> ***
. **************    Reshaping the original data    ****************************
> ***
. *****************************************************************************
> ***
. 
. use "${data}qcew_multiplier.dta", clear

. keep statenum quarterdate multiplier 

. assert multiplier!=0

. tempfile qcew

. save `qcew'
file /var/folders/bm/2cq1vtmd5wg6k0vdjfpvbmww0000gn/T//St48305.000001 saved
    as .dta format

. 
. 
. 
. 
. use "${data}VZmw_quarterly_lagsleads_1979_2016",clear

. gen mw = exp(logmw)

. gen year = year(dofq(quarterdate))

. gen quarter = quarter(dofq(quarterdate))

. collapse  mw, by(statenum year)

. 
. 
. xtset statenum year

Panel variable: statenum (strongly balanced)
 Time variable: year, 1979 to 2016
         Delta: 1 unit

. forvalues index = 1/4 {
  2.         foreach lagorlead in L F {
  3.                 gen `lagorlead'`index'logmw = log(`lagorlead'`index'.mw)
  4.         }
  5. }
(51 missing values generated)
(51 missing values generated)
(102 missing values generated)
(102 missing values generated)
(153 missing values generated)
(153 missing values generated)
(204 missing values generated)
(204 missing values generated)

. gen logmw = log(mw)

. gen L0logmw = logmw

. *
. keep if year>=1979 
(0 observations deleted)

. xtset statenum year

Panel variable: statenum (strongly balanced)
 Time variable: year, 1979 to 2016
         Delta: 1 unit

. assert "`r(balanced)'" == "strongly balanced"

. keep year statenum logmw L*mw F*mw

. 
. compress
  variable year was float now int
  (3,876 bytes saved)

. 
. tempfile mwdata

. save `mwdata'
file /var/folders/bm/2cq1vtmd5wg6k0vdjfpvbmww0000gn/T//St48305.000002 saved
    as .dta format

. 
. 
. *****************************************************************************
> ***
. ****************               Reshaping the data                  **********
> ***
. *****************************************************************************
> ***
. 
. 
. *Groups are as follows:
. *First: Top 10%.
. *Second: Top 15%.
. *Third: Top 20%.
. *Fourth: Top 10%-50%.
. *Alt_fourth: Top 20%-50%.
. *Fifth: Bottom 50%.
. 
. use "${data}CK_groups.dta", clear

. gen sixth_count = first_count + fourth_count

. foreach vv in fifth_ sixth_ {
  2.         cap drop `vv'countall
  3.         bys statenum quarterdate: egen `vv'countall = total(`vv'count)
  4. }       

. gen countall = sixth_countall + fifth_countall

. 
. merge m:1 statenum quarterdate using `qcew', assert(3) nogenerate
(variable quarterdate was int, now float to accommodate using data's values)

    Result                      Number of obs
    -----------------------------------------
    Not matched                             0
    Matched                           711,398  
    -----------------------------------------

. 
. foreach vv in fifth_ sixth_ {
  2.                 replace `vv'count = `vv'count * multiplier              
  3.                 replace `vv'countall = `vv'countall * multiplier
  4. }       
(574,442 real changes made)
(710,139 real changes made)
(539,607 real changes made)
(710,139 real changes made)

. *
. replace countall = countall * multiplier
(710,139 real changes made)

. 
. gen wagebindollar = floor(wagebin/100)

. drop wagebins

. rename wagebindollar wagebins

. 
. collapse (sum) fifth_count sixth_count , by(statenum quarterdate wagebins) fa
> st

. 
. foreach ss in statenum quarterdate wagebins{
  2. preserve
  3. keep `ss'
  4. duplicates drop
  5. tempfile `ss'
  6. save ``ss''
  7. restore
  8. }

Duplicates in terms of all variables

(221,495 observations deleted)
file /var/folders/bm/2cq1vtmd5wg6k0vdjfpvbmww0000gn/T//St48305.000004 saved
    as .dta format

Duplicates in terms of all variables

(221,394 observations deleted)
file /var/folders/bm/2cq1vtmd5wg6k0vdjfpvbmww0000gn/T//St48305.000006 saved
    as .dta format

Duplicates in terms of all variables

(221,516 observations deleted)
file /var/folders/bm/2cq1vtmd5wg6k0vdjfpvbmww0000gn/T//St48305.000008 saved
    as .dta format

. *
. 
. preserve

. use `statenum', clear

. cross using `quarterdate'

. cross using `wagebins'

. tempfile for_merge

. save `for_merge'
file /var/folders/bm/2cq1vtmd5wg6k0vdjfpvbmww0000gn/T//St48305.00000a saved
    as .dta format

. restore

. 
. merge 1:1 statenum quarterdate wagebins using `for_merge', assert(2 3) nogene
> rate

    Result                      Number of obs
    -----------------------------------------
    Not matched                        11,014
        from master                         0  
        from using                     11,014  

    Matched                           221,546  
    -----------------------------------------

. 
. 
. foreach vv of varlist fifth_count sixth_count {
  2. replace `vv' = 0 if `vv' ==.
  3. }
(11,014 real changes made)
(11,014 real changes made)

. *
. 
. reshape wide fifth_count sixth_count , i(statenum quarterdate) j(wagebin)
(j = 1 2 3 4 5 6 7 8 9 10 11 12 13 14 15 16 17 18 19 20 21 22 23 24 25 26 27 28
>  29 30)

Data                               Long   ->   Wide
-----------------------------------------------------------------------------
Number of observations          232,560   ->   7,752       
Number of variables                   5   ->   62          
j variable (30 values)         wagebins   ->   (dropped)
xij variables:
                            fifth_count   ->   fifth_count1 fifth_count2 ... fi
> fth_count30
                            sixth_count   ->   sixth_count1 sixth_count2 ... si
> xth_count30
-----------------------------------------------------------------------------

. 
. tempfile CK_groups

. save `CK_groups'
file /var/folders/bm/2cq1vtmd5wg6k0vdjfpvbmww0000gn/T//St48305.00000b saved
    as .dta format

. 
. 
. 
. use statenum quarterdate  population using "${data}state_panels_cents_balance
> d_add_QJE.dta", clear

. egen tagger = tag(statenum quarterdate)

. keep if tagger
(899,232 observations deleted)

. cap drop tagger

. tempfile pop

. save `pop'
file /var/folders/bm/2cq1vtmd5wg6k0vdjfpvbmww0000gn/T//St48305.00000c saved
    as .dta format

. 
. use `CK_groups', clear

. merge m:1 statenum quarterdate using `pop', assert(3) nogenerate

    Result                      Number of obs
    -----------------------------------------
    Not matched                             0
    Matched                             7,752  
    -----------------------------------------

.         
. ds *count*
fifth_count1  fifth_count7  fifth_cou~13  fifth_cou~19  fifth_cou~25
sixth_count1  sixth_count7  sixth_cou~13  sixth_cou~19  sixth_cou~25
fifth_count2  fifth_count8  fifth_cou~14  fifth_cou~20  fifth_cou~26
sixth_count2  sixth_count8  sixth_cou~14  sixth_cou~20  sixth_cou~26
fifth_count3  fifth_count9  fifth_cou~15  fifth_cou~21  fifth_cou~27
sixth_count3  sixth_count9  sixth_cou~15  sixth_cou~21  sixth_cou~27
fifth_count4  fifth_cou~10  fifth_cou~16  fifth_cou~22  fifth_cou~28
sixth_count4  sixth_cou~10  sixth_cou~16  sixth_cou~22  sixth_cou~28
fifth_count5  fifth_cou~11  fifth_cou~17  fifth_cou~23  fifth_cou~29
sixth_count5  sixth_cou~11  sixth_cou~17  sixth_cou~23  sixth_cou~29
fifth_count6  fifth_cou~12  fifth_cou~18  fifth_cou~24  fifth_cou~30
sixth_count6  sixth_cou~12  sixth_cou~18  sixth_cou~24  sixth_cou~30

. gen year = year(dofq(quarterdate))

. collapse (mean) population `r(varlist)'  ,by(statenum year)

. 
. merge 1:1 statenum year using `mwdata',assert(3) nogenerate

    Result                      Number of obs
    -----------------------------------------
    Not matched                             0
    Matched                             1,938  
    -----------------------------------------

.         
.         
.         
.         
. *****************************************************************************
> ***
. *************            Preparing the data for regressions       ***********
> ***
. *****************************************************************************
> ***        
.         
.         
. rename population totalpopulation       

. 
. forval j = 1/30 { 
  2. gen count`j' = sixth_count`j' + fifth_count`j'
  3. }

. *
. 
. foreach vv in fifth_ sixth_ {
  2.         cap drop `vv'countall
  3.         gen `vv'countall = `vv'count1
  4.         forval j = 2/30 { 
  5.         replace `vv'countall = `vv'count`j' + `vv'countall 
  6.         }
  7. }       
(1,278 real changes made)
(1,491 real changes made)
(1,536 real changes made)
(1,719 real changes made)
(1,823 real changes made)
(1,914 real changes made)
(1,936 real changes made)
(1,938 real changes made)
(1,938 real changes made)
(1,938 real changes made)
(1,938 real changes made)
(1,938 real changes made)
(1,938 real changes made)
(1,938 real changes made)
(1,938 real changes made)
(1,938 real changes made)
(1,938 real changes made)
(1,938 real changes made)
(1,938 real changes made)
(1,938 real changes made)
(1,938 real changes made)
(1,938 real changes made)
(1,938 real changes made)
(1,938 real changes made)
(1,938 real changes made)
(1,938 real changes made)
(1,938 real changes made)
(1,938 real changes made)
(1,938 real changes made)
(1,752 real changes made)
(1,845 real changes made)
(1,871 real changes made)
(1,880 real changes made)
(1,922 real changes made)
(1,937 real changes made)
(1,938 real changes made)
(1,938 real changes made)
(1,938 real changes made)
(1,938 real changes made)
(1,938 real changes made)
(1,938 real changes made)
(1,938 real changes made)
(1,938 real changes made)
(1,938 real changes made)
(1,938 real changes made)
(1,938 real changes made)
(1,938 real changes made)
(1,937 real changes made)
(1,938 real changes made)
(1,934 real changes made)
(1,937 real changes made)
(1,929 real changes made)
(1,923 real changes made)
(1,909 real changes made)
(1,884 real changes made)
(1,857 real changes made)
(1,833 real changes made)
(1,938 real changes made)

. *
. gen countall = sixth_countall + fifth_countall

. g epop    = countall/totalpopulation

. 
. foreach vv in fifth_ sixth_ {
  2. g `vv'epop    = `vv'countall/totalpopulation
  3. 
. }

. 
. foreach vv in fifth_ sixth_ {
  2.         forval j = 1/30 { 
  3.         g `vv'percap`j' = `vv'count`j'/totalpopulation
  4.         }
  5. }

. *
. 
. forval j = 1/30 { 
  2.         g percap`j' = count`j'/totalpopulation
  3. }

. *
. 
. 
. 
. g cleansample = 1

. replace cleansample = 0 if year >=1994 & year <=1995
(102 real changes made)

. 
. egen avetotalpopulation = mean(totalpopulation) , by(statenum)

. 
. 
. *Note that we do not use most of these either, yet I keep this global in case
>  it is needed.
. 
. global a1  i.statenum i.year  // TWFE

. 
. 
. *****************************************************************************
> ***
. **************       Define Treatments         ******************************
> ***
. *****************************************************************************
> ***
. *To keep all as flexible as possible, I am adding lincom too.
. 
. global treat            F2logmw F1logmw logmw L1logmw L2logmw L3logmw L4logmw
>  

. global lincom12         ((logmw) + (L1logmw+ logmw) + (L2logmw+L1logmw+logmw)
>  + (L3logmw+L2logmw+L1logmw + logmw)+ (L4logmw+L3logmw+L2logmw+L1logmw + logm
> w))/5

.         
. global label1 TWFE

. global grlabel1 TWFE

. 
. 
. *****************************************************************************
> ***
. ***************       The Regressions ***************************************
> ***
. *****************************************************************************
> ***                
.                 
. 
. 
. gen all=1

. xtset statenum year

Panel variable: statenum (strongly balanced)
 Time variable: year, 1979 to 2016
         Delta: 1 unit

. 
. tempfile temptemp

. save `temptemp', replace        
(file /var/folders/bm/2cq1vtmd5wg6k0vdjfpvbmww0000gn/T//St48305.00000d not
    found)
file /var/folders/bm/2cq1vtmd5wg6k0vdjfpvbmww0000gn/T//St48305.00000d saved
    as .dta format

. 
. local regsample ""

. local graphname "o"

. global weight2 [aw=altweight]

. global weight1 [aw=avetotalpopulation]

. global weight0 [aw=all]

. local ylabel `"ylabel(-0.2 "-0.2" -0.1 "-0.1" 0 "0" 0.1 "0.1" , labsize(mediu
> m))"' 

. 
. local first_title               "Top 10%"

. local third_title               "Top 20%"

. local fourth_title              "10%-50%"

. local alt_fourth_title  "20%-50%"

. local fifth_title               "Bottom 50%"

. local sixth_title               "Top 50%"

. 
. 
. *To get semi elasticity, get rid of denominator.
. 
. foreach regsample in fifth_ sixth_ {
  2. foreach b in   1979  {
  3.         foreach w in 1   {
  4.                 
.                 sum epop if  year>=`b' & cleansample==1  ${weight`w'}
  5.                 local denominator = r(mean)
  6.                 foreach s in      1  {
  7.                 use `temptemp', clear
  8.                         forval k=1(1)30{
  9. 
.                          reghdfe `regsample'percap`k' $treat  if  year>=`b' &
>  cleansample==1  ${weight`w'} , absorb(${a`s'}) cluster(statenum)
 10.                                 
.                                 local dof = e(df_r)
 11.                                 
.                                 foreach q in 12 /*F1*/ {
 12.                                 lincom (${lincom`q'})/`denominator'
 13.                                 local lowb      = r(estimate) - invttail(`
> dof', 0.025)*r(se) 
 14.                                 local highb     = r(estimate) + invttail(`
> dof', 0.025)*r(se) 
 15.                                 
.                                 
.                                 if `k' == 1 {
 16.                                                         mat countmat`q' = 
> [`k', r(estimate), `lowb' , `highb']
 17.                                 } // end of if
 18.                                 else {
 19.                                         mat countmat`q' = [countmat`q' \ [
> `k', r(estimate), `lowb' , `highb' ]]
 20.                                 } // end of else
 21.                         } // end of q 
 22.                         } // end of k
 23.                         foreach q in 12 /*F1*/ {
 24.                                 forval j = 31/34 {   // 32 to 31: couner c
> hanged here; but 34 kept same
 25.                                         mat countmat`q' = [countmat`q' \ [
> `j', .,.,.] ]
 26.                                 } // end of j
 27.                         } // end of q
 28. 
.                         qui reghdfe `regsample'epop $treat  if  year>=`b' & c
> leansample==1 ${weight`w'} , absorb(${a`s'}) cluster(statenum)
 29.                         local dof = e(df_r)
 30. 
.                         foreach q in 12 /*F1*/ {        
 31.                                 qui     lincom (${lincom`q'})/`denominator
> '
 32.                                 scalar ba_`w' = r(estimate)
 33.                                 scalar sea_`w'= r(se)
 34.                                 scalar ta_`w'= r(estimate)/r(se)          
>                       
 35.                                 scalar pa_`w' = ttail(r(df), r(estimate)/r
> (se))
 36.                                 local lowb      = r(estimate) - invttail(`
> dof', 0.025)*r(se) 
 37.                                 local highb     = r(estimate) + invttail(`
> dof', 0.025)*r(se) 
 38.                                 mat countmat`q' = [countmat`q' \ [35, r(es
> timate), `lowb' , `highb' ]]
 39.                                 svmat countmat`q'
 40.                                 cap drop wagebin est low high totest
 41.                                 rename countmat`q'1 wagebin
 42.                                 rename countmat`q'2 est
 43.                                 rename countmat`q'3 low
 44.                                 rename countmat`q'4 high
 45. 
.                                 g totest = est if _n==1
 46.                                 replace totest = totest[_n-1] + est if _n>
> 1
 47.                                 
.                                 local ba: di %04.3f `=ba_`w''
 48.                                 local se: di %04.3f `=sea_`w''
 49. 
.                                 local titlesixth_       "FigureG2_a"         
>    
 50.                                 local titlefifth_       "FigureG2_c"      
>       
 51.                                 
.                                 
.                                 twoway ( bar est wagebin if wagebin<32, fcolo
> r(ltblue) ) ( bar est wagebin if wagebin==35, fcolor(purple) lcolor(purple) )
>  ///
>                                 (rcap low  high wagebin if wagebin<32, lcolor
> (green) lwidth(thick) ) (line totest wagebin, lpat(dot) lwidth(thick) lcolor(
> purple)) , ///
>                                 xlabel( 5 "$5"  10 "$10" 15 "$15" 20 "$20" 25
>  "$25" 31 ">$30" 35 "Total", labsize(medium)) ///
>                                 ytitle("Employment elasticity") ///
>                                 `ylabel' ///
>                                 scheme(s1color) xtitle("Wage") legend(off)  /
> //
>                                 text(-0.18 8  "Employment elas. = `ba' (`se')
> " , box  fcolor(white) margin(0.2 0.2 1 1) justification(left) ) ///
>                                 name(jd_`graphname'_${label`s'}_w`w'_b`b'_`q'
> , replace)
 52.                                 graph export "${figures}`title`regsample''
> .pdf", replace 
 53.                                 
. 
.                                 
.                         }
 54.                 }
 55.         }
 56. }
 57. }

    Variable |     Obs      Weight        Mean   Std. dev.       Min        Max
-------------+-----------------------------------------------------------------
        epop |   1,836  7.4707e+09    .5627277    .059521   .3797893   1.540421
(MWFE estimator converged in 2 iterations)

HDFE Linear regression                            Number of obs   =      1,530
Absorbing 2 HDFE groups                           F(   7,     50) =       3.28
Statistics robust to heteroskedasticity           Prob > F        =     0.0061
                                                  R-squared       =     0.1949
                                                  Adj R-squared   =     0.1469
                                                  Within R-sq.    =     0.0052
Number of clusters (statenum) =         51        Root MSE        =     0.0005

                              (Std. err. adjusted for 51 clusters in statenum)
------------------------------------------------------------------------------
             |               Robust
fifth_per~p1 | Coefficient  std. err.      t    P>|t|     [95% conf. interval]
-------------+----------------------------------------------------------------
     F2logmw |  -.0000529   .0004335    -0.12   0.903    -.0009236    .0008177
     F1logmw |  -.0004024   .0006104    -0.66   0.513    -.0016283    .0008236
       logmw |    .001267   .0004637     2.73   0.009     .0003355    .0021984
     L1logmw |  -.0011503   .0007315    -1.57   0.122    -.0026195    .0003188
     L2logmw |    .000624   .0009931     0.63   0.533    -.0013707    .0026186
     L3logmw |   .0004657   .0009527     0.49   0.627    -.0014479    .0023793
     L4logmw |  -.0007131   .0005918    -1.20   0.234    -.0019017    .0004755
       _cons |    .000288   .0008877     0.32   0.747     -.001495     .002071
------------------------------------------------------------------------------

Absorbed degrees of freedom:
-----------------------------------------------------+
 Absorbed FE | Categories  - Redundant  = Num. Coefs |
-------------+---------------------------------------|
    statenum |        51          51           0    *|
        year |        30           1          29     |
-----------------------------------------------------+
* = FE nested within cluster; treated as redundant for DoF computation

 ( 1)  1.777059*logmw + 1.421647*L1logmw + 1.066235*L2logmw + .7108234*L3logmw
       + .3554117*L4logmw = 0

------------------------------------------------------------------------------
fifth_per~p1 | Coefficient  Std. err.      t    P>|t|     [95% conf. interval]
-------------+----------------------------------------------------------------
         (1) |    .001359   .0004772     2.85   0.006     .0004005    .0023176
------------------------------------------------------------------------------
(MWFE estimator converged in 2 iterations)

HDFE Linear regression                            Number of obs   =      1,530
Absorbing 2 HDFE groups                           F(   7,     50) =       4.25
Statistics robust to heteroskedasticity           Prob > F        =     0.0009
                                                  R-squared       =     0.2924
                                                  Adj R-squared   =     0.2503
                                                  Within R-sq.    =     0.0673
Number of clusters (statenum) =         51        Root MSE        =     0.0004

                              (Std. err. adjusted for 51 clusters in statenum)
------------------------------------------------------------------------------
             |               Robust
fifth_per~p2 | Coefficient  std. err.      t    P>|t|     [95% conf. interval]
-------------+----------------------------------------------------------------
     F2logmw |  -.0006187   .0003952    -1.57   0.124    -.0014126    .0001752
     F1logmw |   .0003997   .0004435     0.90   0.372    -.0004912    .0012906
       logmw |  -.0007517   .0005813    -1.29   0.202    -.0019192    .0004158
     L1logmw |  -.0005638   .0006138    -0.92   0.363    -.0017967    .0006691
     L2logmw |  -.0002127   .0006054    -0.35   0.727    -.0014288    .0010033
     L3logmw |   .0002074   .0005953     0.35   0.729    -.0009883    .0014031
     L4logmw |  -.0009924    .000368    -2.70   0.010    -.0017316   -.0002532
       _cons |   .0043634   .0009001     4.85   0.000     .0025556    .0061712
------------------------------------------------------------------------------

Absorbed degrees of freedom:
-----------------------------------------------------+
 Absorbed FE | Categories  - Redundant  = Num. Coefs |
-------------+---------------------------------------|
    statenum |        51          51           0    *|
        year |        30           1          29     |
-----------------------------------------------------+
* = FE nested within cluster; treated as redundant for DoF computation

 ( 1)  1.777059*logmw + 1.421647*L1logmw + 1.066235*L2logmw + .7108234*L3logmw
       + .3554117*L4logmw = 0

------------------------------------------------------------------------------
fifth_per~p2 | Coefficient  Std. err.      t    P>|t|     [95% conf. interval]
-------------+----------------------------------------------------------------
         (1) |  -.0025695   .0008944    -2.87   0.006    -.0043659    -.000773
------------------------------------------------------------------------------
(MWFE estimator converged in 2 iterations)

HDFE Linear regression                            Number of obs   =      1,530
Absorbing 2 HDFE groups                           F(   7,     50) =       0.75
Statistics robust to heteroskedasticity           Prob > F        =     0.6285
                                                  R-squared       =     0.3126
                                                  Adj R-squared   =     0.2717
                                                  Within R-sq.    =     0.0034
Number of clusters (statenum) =         51        Root MSE        =     0.0004

                              (Std. err. adjusted for 51 clusters in statenum)
------------------------------------------------------------------------------
             |               Robust
fifth_per~p3 | Coefficient  std. err.      t    P>|t|     [95% conf. interval]
-------------+----------------------------------------------------------------
     F2logmw |  -.0001449   .0003802    -0.38   0.705    -.0009085    .0006188
     F1logmw |   .0005273   .0004791     1.10   0.276     -.000435    .0014895
       logmw |  -.0002329   .0004112    -0.57   0.574    -.0010589     .000593
     L1logmw |  -.0003605   .0005775    -0.62   0.535    -.0015205    .0007995
     L2logmw |   .0006469    .000554     1.17   0.249     -.000466    .0017597
     L3logmw |  -.0004655   .0005718    -0.81   0.420    -.0016141    .0006831
     L4logmw |  -.0001205   .0004287    -0.28   0.780    -.0009817    .0007406
       _cons |   .0007065   .0006495     1.09   0.282     -.000598     .002011
------------------------------------------------------------------------------

Absorbed degrees of freedom:
-----------------------------------------------------+
 Absorbed FE | Categories  - Redundant  = Num. Coefs |
-------------+---------------------------------------|
    statenum |        51          51           0    *|
        year |        30           1          29     |
-----------------------------------------------------+
* = FE nested within cluster; treated as redundant for DoF computation

 ( 1)  1.777059*logmw + 1.421647*L1logmw + 1.066235*L2logmw + .7108234*L3logmw
       + .3554117*L4logmw = 0

------------------------------------------------------------------------------
fifth_per~p3 | Coefficient  Std. err.      t    P>|t|     [95% conf. interval]
-------------+----------------------------------------------------------------
         (1) |  -.0006104   .0005902    -1.03   0.306    -.0017958     .000575
------------------------------------------------------------------------------
(MWFE estimator converged in 2 iterations)

HDFE Linear regression                            Number of obs   =      1,530
Absorbing 2 HDFE groups                           F(   7,     50) =       3.77
Statistics robust to heteroskedasticity           Prob > F        =     0.0023
                                                  R-squared       =     0.2497
                                                  Adj R-squared   =     0.2050
                                                  Within R-sq.    =     0.0175
Number of clusters (statenum) =         51        Root MSE        =     0.0004

                              (Std. err. adjusted for 51 clusters in statenum)
------------------------------------------------------------------------------
             |               Robust
fifth_per~p4 | Coefficient  std. err.      t    P>|t|     [95% conf. interval]
-------------+----------------------------------------------------------------
     F2logmw |  -.0000814   .0003774    -0.22   0.830    -.0008395    .0006766
     F1logmw |  -.0005446   .0004081    -1.33   0.188    -.0013643    .0002752
       logmw |   .0011045   .0004374     2.53   0.015      .000226     .001983
     L1logmw |  -.0003789   .0004167    -0.91   0.367    -.0012159     .000458
     L2logmw |  -.0005056   .0004446    -1.14   0.261    -.0013985    .0003873
     L3logmw |   .0014412   .0005928     2.43   0.019     .0002505    .0026319
     L4logmw |  -.0004041   .0004011    -1.01   0.319    -.0012098    .0004016
       _cons |  -.0004399   .0006147    -0.72   0.478    -.0016746    .0007949
------------------------------------------------------------------------------

Absorbed degrees of freedom:
-----------------------------------------------------+
 Absorbed FE | Categories  - Redundant  = Num. Coefs |
-------------+---------------------------------------|
    statenum |        51          51           0    *|
        year |        30           1          29     |
-----------------------------------------------------+
* = FE nested within cluster; treated as redundant for DoF computation

 ( 1)  1.777059*logmw + 1.421647*L1logmw + 1.066235*L2logmw + .7108234*L3logmw
       + .3554117*L4logmw = 0

------------------------------------------------------------------------------
fifth_per~p4 | Coefficient  Std. err.      t    P>|t|     [95% conf. interval]
-------------+----------------------------------------------------------------
         (1) |   .0017657    .000594     2.97   0.005     .0005727    .0029588
------------------------------------------------------------------------------
(MWFE estimator converged in 2 iterations)

HDFE Linear regression                            Number of obs   =      1,530
Absorbing 2 HDFE groups                           F(   7,     50) =       2.71
Statistics robust to heteroskedasticity           Prob > F        =     0.0185
                                                  R-squared       =     0.2328
                                                  Adj R-squared   =     0.1871
                                                  Within R-sq.    =     0.0173
Number of clusters (statenum) =         51        Root MSE        =     0.0004

                              (Std. err. adjusted for 51 clusters in statenum)
------------------------------------------------------------------------------
             |               Robust
fifth_per~p5 | Coefficient  std. err.      t    P>|t|     [95% conf. interval]
-------------+----------------------------------------------------------------
     F2logmw |   .0007597   .0006669     1.14   0.260    -.0005798    .0020993
     F1logmw |   .0002279   .0008104     0.28   0.780    -.0013998    .0018557
       logmw |  -.0012281   .0005801    -2.12   0.039    -.0023933   -.0000629
     L1logmw |   .0016334   .0006224     2.62   0.011     .0003832    .0028835
     L2logmw |  -.0006823   .0006034    -1.13   0.264    -.0018943    .0005296
     L3logmw |   .0007023   .0005687     1.23   0.223      -.00044    .0018445
     L4logmw |  -.0004982   .0004592    -1.08   0.283    -.0014205    .0004241
       _cons |  -.0008499   .0009788    -0.87   0.389    -.0028158     .001116
------------------------------------------------------------------------------

Absorbed degrees of freedom:
-----------------------------------------------------+
 Absorbed FE | Categories  - Redundant  = Num. Coefs |
-------------+---------------------------------------|
    statenum |        51          51           0    *|
        year |        30           1          29     |
-----------------------------------------------------+
* = FE nested within cluster; treated as redundant for DoF computation

 ( 1)  1.777059*logmw + 1.421647*L1logmw + 1.066235*L2logmw + .7108234*L3logmw
       + .3554117*L4logmw = 0

------------------------------------------------------------------------------
fifth_per~p5 | Coefficient  Std. err.      t    P>|t|     [95% conf. interval]
-------------+----------------------------------------------------------------
         (1) |  -.0002657   .0009749    -0.27   0.786    -.0022238    .0016923
------------------------------------------------------------------------------
(MWFE estimator converged in 2 iterations)

HDFE Linear regression                            Number of obs   =      1,530
Absorbing 2 HDFE groups                           F(   7,     50) =       8.29
Statistics robust to heteroskedasticity           Prob > F        =     0.0000
                                                  R-squared       =     0.5448
                                                  Adj R-squared   =     0.5176
                                                  Within R-sq.    =     0.0439
Number of clusters (statenum) =         51        Root MSE        =     0.0007

                              (Std. err. adjusted for 51 clusters in statenum)
------------------------------------------------------------------------------
             |               Robust
fifth_per~p6 | Coefficient  std. err.      t    P>|t|     [95% conf. interval]
-------------+----------------------------------------------------------------
     F2logmw |   .0020769   .0011945     1.74   0.088    -.0003222    .0044761
     F1logmw |   .0004397   .0013089     0.34   0.738    -.0021893    .0030687
       logmw |  -.0025635   .0008319    -3.08   0.003    -.0042343   -.0008927
     L1logmw |  -.0013834   .0007803    -1.77   0.082    -.0029506    .0001838
     L2logmw |    .000573   .0006733     0.85   0.399    -.0007794    .0019254
     L3logmw |  -.0007076   .0006896    -1.03   0.310    -.0020927    .0006776
     L4logmw |   .0011111   .0005421     2.05   0.046     .0000223    .0021998
       _cons |   .0020477   .0012029     1.70   0.095    -.0003685    .0044638
------------------------------------------------------------------------------

Absorbed degrees of freedom:
-----------------------------------------------------+
 Absorbed FE | Categories  - Redundant  = Num. Coefs |
-------------+---------------------------------------|
    statenum |        51          51           0    *|
        year |        30           1          29     |
-----------------------------------------------------+
* = FE nested within cluster; treated as redundant for DoF computation

 ( 1)  1.777059*logmw + 1.421647*L1logmw + 1.066235*L2logmw + .7108234*L3logmw
       + .3554117*L4logmw = 0

------------------------------------------------------------------------------
fifth_per~p6 | Coefficient  Std. err.      t    P>|t|     [95% conf. interval]
-------------+----------------------------------------------------------------
         (1) |  -.0060193    .001056    -5.70   0.000    -.0081404   -.0038982
------------------------------------------------------------------------------
(MWFE estimator converged in 2 iterations)

HDFE Linear regression                            Number of obs   =      1,530
Absorbing 2 HDFE groups                           F(   7,     50) =       4.74
Statistics robust to heteroskedasticity           Prob > F        =     0.0004
                                                  R-squared       =     0.6633
                                                  Adj R-squared   =     0.6432
                                                  Within R-sq.    =     0.0261
Number of clusters (statenum) =         51        Root MSE        =     0.0012

                              (Std. err. adjusted for 51 clusters in statenum)
------------------------------------------------------------------------------
             |               Robust
fifth_per~p7 | Coefficient  std. err.      t    P>|t|     [95% conf. interval]
-------------+----------------------------------------------------------------
     F2logmw |  -.0001711   .0011641    -0.15   0.884    -.0025092     .002167
     F1logmw |      .0015   .0015415     0.97   0.335    -.0015961    .0045962
       logmw |  -.0038424   .0015618    -2.46   0.017    -.0069794   -.0007054
     L1logmw |    .001998   .0013156     1.52   0.135    -.0006445    .0046405
     L2logmw |  -.0005337   .0012168    -0.44   0.663    -.0029778    .0019105
     L3logmw |  -.0016409   .0014948    -1.10   0.278    -.0046434    .0013616
     L4logmw |  -.0013333   .0009478    -1.41   0.166    -.0032371    .0005704
       _cons |   .0096651   .0023896     4.04   0.000     .0048653    .0144648
------------------------------------------------------------------------------

Absorbed degrees of freedom:
-----------------------------------------------------+
 Absorbed FE | Categories  - Redundant  = Num. Coefs |
-------------+---------------------------------------|
    statenum |        51          51           0    *|
        year |        30           1          29     |
-----------------------------------------------------+
* = FE nested within cluster; treated as redundant for DoF computation

 ( 1)  1.777059*logmw + 1.421647*L1logmw + 1.066235*L2logmw + .7108234*L3logmw
       + .3554117*L4logmw = 0

------------------------------------------------------------------------------
fifth_per~p7 | Coefficient  Std. err.      t    P>|t|     [95% conf. interval]
-------------+----------------------------------------------------------------
         (1) |   -.006197   .0017344    -3.57   0.001    -.0096806   -.0027133
------------------------------------------------------------------------------
(MWFE estimator converged in 2 iterations)

HDFE Linear regression                            Number of obs   =      1,530
Absorbing 2 HDFE groups                           F(   7,     50) =       3.89
Statistics robust to heteroskedasticity           Prob > F        =     0.0019
                                                  R-squared       =     0.6276
                                                  Adj R-squared   =     0.6054
                                                  Within R-sq.    =     0.0310
Number of clusters (statenum) =         51        Root MSE        =     0.0015

                              (Std. err. adjusted for 51 clusters in statenum)
------------------------------------------------------------------------------
             |               Robust
fifth_per~p8 | Coefficient  std. err.      t    P>|t|     [95% conf. interval]
-------------+----------------------------------------------------------------
     F2logmw |   .0018379   .0021323     0.86   0.393     -.002445    .0061207
     F1logmw |  -.0003408   .0017041    -0.20   0.842    -.0037635    .0030819
       logmw |   .0014318   .0014584     0.98   0.331    -.0014974     .004361
     L1logmw |   .0009027   .0018398     0.49   0.626    -.0027927    .0045981
     L2logmw |   .0020449   .0016946     1.21   0.233    -.0013588    .0054486
     L3logmw |  -.0015119   .0016875    -0.90   0.375    -.0049014    .0018776
     L4logmw |  -.0039584   .0015905    -2.49   0.016     -.007153   -.0007638
       _cons |   .0042631   .0043471     0.98   0.331    -.0044683    .0129946
------------------------------------------------------------------------------

Absorbed degrees of freedom:
-----------------------------------------------------+
 Absorbed FE | Categories  - Redundant  = Num. Coefs |
-------------+---------------------------------------|
    statenum |        51          51           0    *|
        year |        30           1          29     |
-----------------------------------------------------+
* = FE nested within cluster; treated as redundant for DoF computation

 ( 1)  1.777059*logmw + 1.421647*L1logmw + 1.066235*L2logmw + .7108234*L3logmw
       + .3554117*L4logmw = 0

------------------------------------------------------------------------------
fifth_per~p8 | Coefficient  Std. err.      t    P>|t|     [95% conf. interval]
-------------+----------------------------------------------------------------
         (1) |   .0035265   .0026377     1.34   0.187    -.0017715    .0088245
------------------------------------------------------------------------------
(MWFE estimator converged in 2 iterations)

HDFE Linear regression                            Number of obs   =      1,530
Absorbing 2 HDFE groups                           F(   7,     50) =       2.69
Statistics robust to heteroskedasticity           Prob > F        =     0.0189
                                                  R-squared       =     0.6889
                                                  Adj R-squared   =     0.6704
                                                  Within R-sq.    =     0.0207
Number of clusters (statenum) =         51        Root MSE        =     0.0014

                              (Std. err. adjusted for 51 clusters in statenum)
------------------------------------------------------------------------------
             |               Robust
fifth_per~p9 | Coefficient  std. err.      t    P>|t|     [95% conf. interval]
-------------+----------------------------------------------------------------
     F2logmw |   .0030356    .000918     3.31   0.002     .0011918    .0048795
     F1logmw |  -.0027853     .00122    -2.28   0.027    -.0052357   -.0003348
       logmw |   .0036362   .0019036     1.91   0.062    -.0001872    .0074597
     L1logmw |   .0006408   .0017552     0.37   0.717    -.0028846    .0041663
     L2logmw |   .0002629    .002121     0.12   0.902    -.0039973    .0045231
     L3logmw |   .0000599   .0022081     0.03   0.978    -.0043752     .004495
     L4logmw |  -.0001726   .0014288    -0.12   0.904    -.0030424    .0026973
       _cons |  -.0011958   .0028794    -0.42   0.680    -.0069793    .0045876
------------------------------------------------------------------------------

Absorbed degrees of freedom:
-----------------------------------------------------+
 Absorbed FE | Categories  - Redundant  = Num. Coefs |
-------------+---------------------------------------|
    statenum |        51          51           0    *|
        year |        30           1          29     |
-----------------------------------------------------+
* = FE nested within cluster; treated as redundant for DoF computation

 ( 1)  1.777059*logmw + 1.421647*L1logmw + 1.066235*L2logmw + .7108234*L3logmw
       + .3554117*L4logmw = 0

------------------------------------------------------------------------------
fifth_per~p9 | Coefficient  Std. err.      t    P>|t|     [95% conf. interval]
-------------+----------------------------------------------------------------
         (1) |   .0076344   .0028275     2.70   0.009     .0019553    .0133136
------------------------------------------------------------------------------
(MWFE estimator converged in 2 iterations)

HDFE Linear regression                            Number of obs   =      1,530
Absorbing 2 HDFE groups                           F(   7,     50) =       1.70
Statistics robust to heteroskedasticity           Prob > F        =     0.1306
                                                  R-squared       =     0.7274
                                                  Adj R-squared   =     0.7112
                                                  Within R-sq.    =     0.0053
Number of clusters (statenum) =         51        Root MSE        =     0.0017

                              (Std. err. adjusted for 51 clusters in statenum)
------------------------------------------------------------------------------
             |               Robust
fifth_per~10 | Coefficient  std. err.      t    P>|t|     [95% conf. interval]
-------------+----------------------------------------------------------------
     F2logmw |  -.0022792   .0017909    -1.27   0.209    -.0058765     .001318
     F1logmw |   .0019417   .0027401     0.71   0.482    -.0035619    .0074452
       logmw |   .0017739   .0025789     0.69   0.495    -.0034061    .0069538
     L1logmw |   -.003092   .0021599    -1.43   0.158    -.0074304    .0012463
     L2logmw |   .0011129   .0016464     0.68   0.502    -.0021939    .0044198
     L3logmw |   .0008296   .0025019     0.33   0.742    -.0041956    .0058548
     L4logmw |  -.0019559   .0014669    -1.33   0.188    -.0049022    .0009903
       _cons |   .0108048   .0031073     3.48   0.001     .0045637     .017046
------------------------------------------------------------------------------

Absorbed degrees of freedom:
-----------------------------------------------------+
 Absorbed FE | Categories  - Redundant  = Num. Coefs |
-------------+---------------------------------------|
    statenum |        51          51           0    *|
        year |        30           1          29     |
-----------------------------------------------------+
* = FE nested within cluster; treated as redundant for DoF computation

 ( 1)  1.777059*logmw + 1.421647*L1logmw + 1.066235*L2logmw + .7108234*L3logmw
       + .3554117*L4logmw = 0

------------------------------------------------------------------------------
fifth_per~10 | Coefficient  Std. err.      t    P>|t|     [95% conf. interval]
-------------+----------------------------------------------------------------
         (1) |  -.0001623   .0033218    -0.05   0.961    -.0068344    .0065098
------------------------------------------------------------------------------
(MWFE estimator converged in 2 iterations)

HDFE Linear regression                            Number of obs   =      1,530
Absorbing 2 HDFE groups                           F(   7,     50) =       5.29
Statistics robust to heteroskedasticity           Prob > F        =     0.0001
                                                  R-squared       =     0.7743
                                                  Adj R-squared   =     0.7608
                                                  Within R-sq.    =     0.0295
Number of clusters (statenum) =         51        Root MSE        =     0.0016

                              (Std. err. adjusted for 51 clusters in statenum)
------------------------------------------------------------------------------
             |               Robust
fifth_per~11 | Coefficient  std. err.      t    P>|t|     [95% conf. interval]
-------------+----------------------------------------------------------------
     F2logmw |   .0000714   .0015483     0.05   0.963    -.0030385    .0031812
     F1logmw |  -.0018519   .0025746    -0.72   0.475    -.0070231    .0033194
       logmw |   -.000352   .0017445    -0.20   0.841    -.0038558    .0031519
     L1logmw |   .0021457   .0018781     1.14   0.259    -.0016265    .0059179
     L2logmw |  -.0033161   .0016672    -1.99   0.052    -.0066648    .0000326
     L3logmw |   .0017466    .002165     0.81   0.424     -.002602    .0060953
     L4logmw |  -.0049076   .0019876    -2.47   0.017    -.0088997   -.0009154
       _cons |   .0185318   .0034139     5.43   0.000     .0116747    .0253889
------------------------------------------------------------------------------

Absorbed degrees of freedom:
-----------------------------------------------------+
 Absorbed FE | Categories  - Redundant  = Num. Coefs |
-------------+---------------------------------------|
    statenum |        51          51           0    *|
        year |        30           1          29     |
-----------------------------------------------------+
* = FE nested within cluster; treated as redundant for DoF computation

 ( 1)  1.777059*logmw + 1.421647*L1logmw + 1.066235*L2logmw + .7108234*L3logmw
       + .3554117*L4logmw = 0

------------------------------------------------------------------------------
fifth_per~11 | Coefficient  Std. err.      t    P>|t|     [95% conf. interval]
-------------+----------------------------------------------------------------
         (1) |  -.0016134   .0030258    -0.53   0.596    -.0076909     .004464
------------------------------------------------------------------------------
(MWFE estimator converged in 2 iterations)

HDFE Linear regression                            Number of obs   =      1,530
Absorbing 2 HDFE groups                           F(   7,     50) =       3.16
Statistics robust to heteroskedasticity           Prob > F        =     0.0076
                                                  R-squared       =     0.7663
                                                  Adj R-squared   =     0.7524
                                                  Within R-sq.    =     0.0178
Number of clusters (statenum) =         51        Root MSE        =     0.0017

                              (Std. err. adjusted for 51 clusters in statenum)
------------------------------------------------------------------------------
             |               Robust
fifth_per~12 | Coefficient  std. err.      t    P>|t|     [95% conf. interval]
-------------+----------------------------------------------------------------
     F2logmw |  -.0017724   .0014016    -1.26   0.212    -.0045875    .0010428
     F1logmw |   .0004425    .002162     0.20   0.839       -.0039     .004785
       logmw |  -.0016257   .0022036    -0.74   0.464    -.0060519    .0028004
     L1logmw |   .0005821   .0020235     0.29   0.775    -.0034823    .0046465
     L2logmw |   .0003764   .0021784     0.17   0.864    -.0039991    .0047519
     L3logmw |   .0016359   .0025865     0.63   0.530    -.0035592     .006831
     L4logmw |  -.0048689   .0018544    -2.63   0.011    -.0085937   -.0011441
       _cons |   .0170438   .0031301     5.45   0.000     .0107568    .0233309
------------------------------------------------------------------------------

Absorbed degrees of freedom:
-----------------------------------------------------+
 Absorbed FE | Categories  - Redundant  = Num. Coefs |
-------------+---------------------------------------|
    statenum |        51          51           0    *|
        year |        30           1          29     |
-----------------------------------------------------+
* = FE nested within cluster; treated as redundant for DoF computation

 ( 1)  1.777059*logmw + 1.421647*L1logmw + 1.066235*L2logmw + .7108234*L3logmw
       + .3554117*L4logmw = 0

------------------------------------------------------------------------------
fifth_per~12 | Coefficient  Std. err.      t    P>|t|     [95% conf. interval]
-------------+----------------------------------------------------------------
         (1) |  -.0022277   .0036942    -0.60   0.549    -.0096477    .0051923
------------------------------------------------------------------------------
(MWFE estimator converged in 2 iterations)

HDFE Linear regression                            Number of obs   =      1,530
Absorbing 2 HDFE groups                           F(   7,     50) =       2.11
Statistics robust to heteroskedasticity           Prob > F        =     0.0596
                                                  R-squared       =     0.7281
                                                  Adj R-squared   =     0.7119
                                                  Within R-sq.    =     0.0250
Number of clusters (statenum) =         51        Root MSE        =     0.0019

                              (Std. err. adjusted for 51 clusters in statenum)
------------------------------------------------------------------------------
             |               Robust
fifth_per~13 | Coefficient  std. err.      t    P>|t|     [95% conf. interval]
-------------+----------------------------------------------------------------
     F2logmw |   -.002668   .0015978    -1.67   0.101    -.0058772    .0005412
     F1logmw |  -.0008157   .0020276    -0.40   0.689    -.0048882    .0032567
       logmw |   .0004295    .002254     0.19   0.850    -.0040978    .0049568
     L1logmw |  -.0017773   .0023068    -0.77   0.445    -.0064106    .0028561
     L2logmw |  -.0013966   .0023108    -0.60   0.548     -.006038    .0032449
     L3logmw |  -.0006716   .0032223    -0.21   0.836    -.0071439    .0058006
     L4logmw |  -.0012192   .0022235    -0.55   0.586    -.0056852    .0032468
       _cons |   .0230701   .0041121     5.61   0.000     .0148107    .0313294
------------------------------------------------------------------------------

Absorbed degrees of freedom:
-----------------------------------------------------+
 Absorbed FE | Categories  - Redundant  = Num. Coefs |
-------------+---------------------------------------|
    statenum |        51          51           0    *|
        year |        30           1          29     |
-----------------------------------------------------+
* = FE nested within cluster; treated as redundant for DoF computation

 ( 1)  1.777059*logmw + 1.421647*L1logmw + 1.066235*L2logmw + .7108234*L3logmw
       + .3554117*L4logmw = 0

------------------------------------------------------------------------------
fifth_per~13 | Coefficient  Std. err.      t    P>|t|     [95% conf. interval]
-------------+----------------------------------------------------------------
         (1) |  -.0041633   .0034399    -1.21   0.232    -.0110725     .002746
------------------------------------------------------------------------------
(MWFE estimator converged in 2 iterations)

HDFE Linear regression                            Number of obs   =      1,530
Absorbing 2 HDFE groups                           F(   7,     50) =       7.21
Statistics robust to heteroskedasticity           Prob > F        =     0.0000
                                                  R-squared       =     0.7591
                                                  Adj R-squared   =     0.7448
                                                  Within R-sq.    =     0.0469
Number of clusters (statenum) =         51        Root MSE        =     0.0018

                              (Std. err. adjusted for 51 clusters in statenum)
------------------------------------------------------------------------------
             |               Robust
fifth_per~14 | Coefficient  std. err.      t    P>|t|     [95% conf. interval]
-------------+----------------------------------------------------------------
     F2logmw |  -.0002056   .0020938    -0.10   0.922    -.0044112    .0039999
     F1logmw |  -.0019934   .0026206    -0.76   0.450     -.007257    .0032702
       logmw |  -.0046814    .002182    -2.15   0.037    -.0090642   -.0002987
     L1logmw |   .0055265   .0025471     2.17   0.035     .0004105    .0106425
     L2logmw |  -.0040389   .0024002    -1.68   0.099    -.0088597     .000782
     L3logmw |  -.0004754   .0023761    -0.20   0.842     -.005248    .0042972
     L4logmw |   -.004041   .0016088    -2.51   0.015    -.0072724   -.0008097
       _cons |   .0256192   .0037852     6.77   0.000     .0180165    .0332219
------------------------------------------------------------------------------

Absorbed degrees of freedom:
-----------------------------------------------------+
 Absorbed FE | Categories  - Redundant  = Num. Coefs |
-------------+---------------------------------------|
    statenum |        51          51           0    *|
        year |        30           1          29     |
-----------------------------------------------------+
* = FE nested within cluster; treated as redundant for DoF computation

 ( 1)  1.777059*logmw + 1.421647*L1logmw + 1.066235*L2logmw + .7108234*L3logmw
       + .3554117*L4logmw = 0

------------------------------------------------------------------------------
fifth_per~14 | Coefficient  Std. err.      t    P>|t|     [95% conf. interval]
-------------+----------------------------------------------------------------
         (1) |   -.006543   .0028528    -2.29   0.026    -.0122729    -.000813
------------------------------------------------------------------------------
(MWFE estimator converged in 2 iterations)

HDFE Linear regression                            Number of obs   =      1,530
Absorbing 2 HDFE groups                           F(   7,     50) =       3.10
Statistics robust to heteroskedasticity           Prob > F        =     0.0085
                                                  R-squared       =     0.7372
                                                  Adj R-squared   =     0.7215
                                                  Within R-sq.    =     0.0371
Number of clusters (statenum) =         51        Root MSE        =     0.0019

                              (Std. err. adjusted for 51 clusters in statenum)
------------------------------------------------------------------------------
             |               Robust
fifth_per~15 | Coefficient  std. err.      t    P>|t|     [95% conf. interval]
-------------+----------------------------------------------------------------
     F2logmw |  -.0051937      .0032    -1.62   0.111    -.0116211    .0012336
     F1logmw |   .0049754   .0026787     1.86   0.069     -.000405    .0103558
       logmw |  -.0046117    .002171    -2.12   0.039    -.0089723   -.0002511
     L1logmw |  -.0001384   .0025751    -0.05   0.957    -.0053107    .0050339
     L2logmw |  -.0021826   .0027038    -0.81   0.423    -.0076135    .0032482
     L3logmw |   -.000068   .0022876    -0.03   0.976    -.0046627    .0045267
     L4logmw |  -.0024836   .0018648    -1.33   0.189    -.0062291    .0012618
       _cons |   .0257483   .0059946     4.30   0.000     .0137078    .0377887
------------------------------------------------------------------------------

Absorbed degrees of freedom:
-----------------------------------------------------+
 Absorbed FE | Categories  - Redundant  = Num. Coefs |
-------------+---------------------------------------|
    statenum |        51          51           0    *|
        year |        30           1          29     |
-----------------------------------------------------+
* = FE nested within cluster; treated as redundant for DoF computation

 ( 1)  1.777059*logmw + 1.421647*L1logmw + 1.066235*L2logmw + .7108234*L3logmw
       + .3554117*L4logmw = 0

------------------------------------------------------------------------------
fifth_per~15 | Coefficient  Std. err.      t    P>|t|     [95% conf. interval]
-------------+----------------------------------------------------------------
         (1) |  -.0116503   .0030581    -3.81   0.000    -.0177927   -.0055079
------------------------------------------------------------------------------
(MWFE estimator converged in 2 iterations)

HDFE Linear regression                            Number of obs   =      1,530
Absorbing 2 HDFE groups                           F(   7,     50) =       4.76
Statistics robust to heteroskedasticity           Prob > F        =     0.0004
                                                  R-squared       =     0.7313
                                                  Adj R-squared   =     0.7153
                                                  Within R-sq.    =     0.0458
Number of clusters (statenum) =         51        Root MSE        =     0.0020

                              (Std. err. adjusted for 51 clusters in statenum)
------------------------------------------------------------------------------
             |               Robust
fifth_per~16 | Coefficient  std. err.      t    P>|t|     [95% conf. interval]
-------------+----------------------------------------------------------------
     F2logmw |  -.0004831   .0018821    -0.26   0.798    -.0042635    .0032973
     F1logmw |  -.0021287   .0026345    -0.81   0.423    -.0074203    .0031629
       logmw |  -.0015826   .0022805    -0.69   0.491     -.006163    .0029978
     L1logmw |  -.0002485     .00279    -0.09   0.929    -.0058523    .0053553
     L2logmw |  -.0020724   .0029887    -0.69   0.491    -.0080755    .0039306
     L3logmw |  -.0015541   .0039781    -0.39   0.698    -.0095443    .0064361
     L4logmw |  -.0030036   .0019549    -1.54   0.131    -.0069301     .000923
       _cons |   .0281312    .005999     4.69   0.000     .0160819    .0401805
------------------------------------------------------------------------------

Absorbed degrees of freedom:
-----------------------------------------------------+
 Absorbed FE | Categories  - Redundant  = Num. Coefs |
-------------+---------------------------------------|
    statenum |        51          51           0    *|
        year |        30           1          29     |
-----------------------------------------------------+
* = FE nested within cluster; treated as redundant for DoF computation

 ( 1)  1.777059*logmw + 1.421647*L1logmw + 1.066235*L2logmw + .7108234*L3logmw
       + .3554117*L4logmw = 0

------------------------------------------------------------------------------
fifth_per~16 | Coefficient  Std. err.      t    P>|t|     [95% conf. interval]
-------------+----------------------------------------------------------------
         (1) |  -.0075475   .0026354    -2.86   0.006    -.0128408   -.0022541
------------------------------------------------------------------------------
(MWFE estimator converged in 2 iterations)

HDFE Linear regression                            Number of obs   =      1,530
Absorbing 2 HDFE groups                           F(   7,     50) =      11.59
Statistics robust to heteroskedasticity           Prob > F        =     0.0000
                                                  R-squared       =     0.7562
                                                  Adj R-squared   =     0.7417
                                                  Within R-sq.    =     0.0596
Number of clusters (statenum) =         51        Root MSE        =     0.0018

                              (Std. err. adjusted for 51 clusters in statenum)
------------------------------------------------------------------------------
             |               Robust
fifth_per~17 | Coefficient  std. err.      t    P>|t|     [95% conf. interval]
-------------+----------------------------------------------------------------
     F2logmw |  -.0101831   .0018025    -5.65   0.000    -.0138034   -.0065627
     F1logmw |   .0066777   .0022796     2.93   0.005      .002099    .0112564
       logmw |  -.0050922   .0028197    -1.81   0.077    -.0107557    .0005712
     L1logmw |   .0022743   .0026672     0.85   0.398     -.003083    .0076315
     L2logmw |  -.0020246   .0022802    -0.89   0.379    -.0066045    .0025552
     L3logmw |  -.0009927   .0021675    -0.46   0.649    -.0053463    .0033608
     L4logmw |  -.0020893   .0017451    -1.20   0.237    -.0055944    .0014159
       _cons |   .0288652   .0037296     7.74   0.000     .0213741    .0363564
------------------------------------------------------------------------------

Absorbed degrees of freedom:
-----------------------------------------------------+
 Absorbed FE | Categories  - Redundant  = Num. Coefs |
-------------+---------------------------------------|
    statenum |        51          51           0    *|
        year |        30           1          29     |
-----------------------------------------------------+
* = FE nested within cluster; treated as redundant for DoF computation

 ( 1)  1.777059*logmw + 1.421647*L1logmw + 1.066235*L2logmw + .7108234*L3logmw
       + .3554117*L4logmw = 0

------------------------------------------------------------------------------
fifth_per~17 | Coefficient  Std. err.      t    P>|t|     [95% conf. interval]
-------------+----------------------------------------------------------------
         (1) |  -.0094229   .0037206    -2.53   0.015     -.016896   -.0019498
------------------------------------------------------------------------------
(MWFE estimator converged in 2 iterations)

HDFE Linear regression                            Number of obs   =      1,530
Absorbing 2 HDFE groups                           F(   7,     50) =       5.99
Statistics robust to heteroskedasticity           Prob > F        =     0.0000
                                                  R-squared       =     0.6988
                                                  Adj R-squared   =     0.6809
                                                  Within R-sq.    =     0.0444
Number of clusters (statenum) =         51        Root MSE        =     0.0018

                              (Std. err. adjusted for 51 clusters in statenum)
------------------------------------------------------------------------------
             |               Robust
fifth_per~18 | Coefficient  std. err.      t    P>|t|     [95% conf. interval]
-------------+----------------------------------------------------------------
     F2logmw |  -.0075387    .001839    -4.10   0.000    -.0112324   -.0038451
     F1logmw |   .0055832   .0025095     2.22   0.031     .0005426    .0106237
       logmw |   -.004716    .002579    -1.83   0.073    -.0098961     .000464
     L1logmw |   .0017719   .0027269     0.65   0.519    -.0037052     .007249
     L2logmw |  -.0014238   .0029903    -0.48   0.636      -.00743    .0045823
     L3logmw |   .0016342   .0021546     0.76   0.452    -.0026935    .0059619
     L4logmw |  -.0053445   .0013141    -4.07   0.000    -.0079839   -.0027051
       _cons |   .0263392   .0039805     6.62   0.000     .0183441    .0343343
------------------------------------------------------------------------------

Absorbed degrees of freedom:
-----------------------------------------------------+
 Absorbed FE | Categories  - Redundant  = Num. Coefs |
-------------+---------------------------------------|
    statenum |        51          51           0    *|
        year |        30           1          29     |
-----------------------------------------------------+
* = FE nested within cluster; treated as redundant for DoF computation

 ( 1)  1.777059*logmw + 1.421647*L1logmw + 1.066235*L2logmw + .7108234*L3logmw
       + .3554117*L4logmw = 0

------------------------------------------------------------------------------
fifth_per~18 | Coefficient  Std. err.      t    P>|t|     [95% conf. interval]
-------------+----------------------------------------------------------------
         (1) |  -.0081177   .0039755    -2.04   0.046    -.0161028   -.0001326
------------------------------------------------------------------------------
(MWFE estimator converged in 2 iterations)

HDFE Linear regression                            Number of obs   =      1,530
Absorbing 2 HDFE groups                           F(   7,     50) =      10.90
Statistics robust to heteroskedasticity           Prob > F        =     0.0000
                                                  R-squared       =     0.6900
                                                  Adj R-squared   =     0.6715
                                                  Within R-sq.    =     0.0632
Number of clusters (statenum) =         51        Root MSE        =     0.0018

                              (Std. err. adjusted for 51 clusters in statenum)
------------------------------------------------------------------------------
             |               Robust
fifth_per~19 | Coefficient  std. err.      t    P>|t|     [95% conf. interval]
-------------+----------------------------------------------------------------
     F2logmw |  -.0041021   .0021245    -1.93   0.059    -.0083693     .000165
     F1logmw |    .000366   .0018748     0.20   0.846    -.0033997    .0041317
       logmw |  -.0012521   .0025225    -0.50   0.622    -.0063187    .0038145
     L1logmw |  -.0001451   .0019256    -0.08   0.940    -.0040129    .0037227
     L2logmw |    -.00179     .00198    -0.90   0.370     -.005767     .002187
     L3logmw |  -.0042737   .0018086    -2.36   0.022    -.0079064   -.0006409
     L4logmw |  -.0011597   .0014256    -0.81   0.420    -.0040232    .0017038
       _cons |   .0297545   .0045509     6.54   0.000     .0206137    .0388952
------------------------------------------------------------------------------

Absorbed degrees of freedom:
-----------------------------------------------------+
 Absorbed FE | Categories  - Redundant  = Num. Coefs |
-------------+---------------------------------------|
    statenum |        51          51           0    *|
        year |        30           1          29     |
-----------------------------------------------------+
* = FE nested within cluster; treated as redundant for DoF computation

 ( 1)  1.777059*logmw + 1.421647*L1logmw + 1.066235*L2logmw + .7108234*L3logmw
       + .3554117*L4logmw = 0

------------------------------------------------------------------------------
fifth_per~19 | Coefficient  Std. err.      t    P>|t|     [95% conf. interval]
-------------+----------------------------------------------------------------
         (1) |  -.0077899   .0038539    -2.02   0.049    -.0155307   -.0000492
------------------------------------------------------------------------------
(MWFE estimator converged in 2 iterations)

HDFE Linear regression                            Number of obs   =      1,530
Absorbing 2 HDFE groups                           F(   7,     50) =       4.08
Statistics robust to heteroskedasticity           Prob > F        =     0.0013
                                                  R-squared       =     0.6962
                                                  Adj R-squared   =     0.6781
                                                  Within R-sq.    =     0.0552
Number of clusters (statenum) =         51        Root MSE        =     0.0018

                              (Std. err. adjusted for 51 clusters in statenum)
------------------------------------------------------------------------------
             |               Robust
fifth_per~20 | Coefficient  std. err.      t    P>|t|     [95% conf. interval]
-------------+----------------------------------------------------------------
     F2logmw |  -.0030366   .0026934    -1.13   0.265    -.0084465    .0023734
     F1logmw |   .0011107   .0028464     0.39   0.698    -.0046065     .006828
       logmw |  -.0020507   .0024159    -0.85   0.400    -.0069032    .0028017
     L1logmw |  -.0018729   .0023638    -0.79   0.432    -.0066208     .002875
     L2logmw |  -.0025773   .0025694    -1.00   0.321    -.0077381    .0025835
     L3logmw |   .0022544   .0021039     1.07   0.289    -.0019715    .0064802
     L4logmw |  -.0056029   .0019011    -2.95   0.005    -.0094215   -.0017844
       _cons |   .0289316   .0048113     6.01   0.000     .0192678    .0385954
------------------------------------------------------------------------------

Absorbed degrees of freedom:
-----------------------------------------------------+
 Absorbed FE | Categories  - Redundant  = Num. Coefs |
-------------+---------------------------------------|
    statenum |        51          51           0    *|
        year |        30           1          29     |
-----------------------------------------------------+
* = FE nested within cluster; treated as redundant for DoF computation

 ( 1)  1.777059*logmw + 1.421647*L1logmw + 1.066235*L2logmw + .7108234*L3logmw
       + .3554117*L4logmw = 0

------------------------------------------------------------------------------
fifth_per~20 | Coefficient  Std. err.      t    P>|t|     [95% conf. interval]
-------------+----------------------------------------------------------------
         (1) |  -.0094438   .0034564    -2.73   0.009    -.0163862   -.0025013
------------------------------------------------------------------------------
(MWFE estimator converged in 2 iterations)

HDFE Linear regression                            Number of obs   =      1,530
Absorbing 2 HDFE groups                           F(   7,     50) =       3.04
Statistics robust to heteroskedasticity           Prob > F        =     0.0097
                                                  R-squared       =     0.7046
                                                  Adj R-squared   =     0.6870
                                                  Within R-sq.    =     0.0382
Number of clusters (statenum) =         51        Root MSE        =     0.0017

                              (Std. err. adjusted for 51 clusters in statenum)
------------------------------------------------------------------------------
             |               Robust
fifth_per~21 | Coefficient  std. err.      t    P>|t|     [95% conf. interval]
-------------+----------------------------------------------------------------
     F2logmw |  -.0023317   .0016921    -1.38   0.174    -.0057304    .0010669
     F1logmw |   -.002195   .0021763    -1.01   0.318    -.0065663    .0021763
       logmw |   .0014586   .0024883     0.59   0.560    -.0035393    .0064565
     L1logmw |   -.001675   .0027341    -0.61   0.543    -.0071666    .0038165
     L2logmw |  -.0036765   .0025278    -1.45   0.152    -.0087536    .0014007
     L3logmw |   .0020604   .0024644     0.84   0.407    -.0028894    .0070102
     L4logmw |  -.0028706   .0027676    -1.04   0.305    -.0084296    .0026883
       _cons |   .0247381   .0046312     5.34   0.000     .0154361    .0340401
------------------------------------------------------------------------------

Absorbed degrees of freedom:
-----------------------------------------------------+
 Absorbed FE | Categories  - Redundant  = Num. Coefs |
-------------+---------------------------------------|
    statenum |        51          51           0    *|
        year |        30           1          29     |
-----------------------------------------------------+
* = FE nested within cluster; treated as redundant for DoF computation

 ( 1)  1.777059*logmw + 1.421647*L1logmw + 1.066235*L2logmw + .7108234*L3logmw
       + .3554117*L4logmw = 0

------------------------------------------------------------------------------
fifth_per~21 | Coefficient  Std. err.      t    P>|t|     [95% conf. interval]
-------------+----------------------------------------------------------------
         (1) |   -.003265   .0029744    -1.10   0.278    -.0092393    .0027093
------------------------------------------------------------------------------
(MWFE estimator converged in 2 iterations)

HDFE Linear regression                            Number of obs   =      1,530
Absorbing 2 HDFE groups                           F(   7,     50) =       2.73
Statistics robust to heteroskedasticity           Prob > F        =     0.0176
                                                  R-squared       =     0.6482
                                                  Adj R-squared   =     0.6272
                                                  Within R-sq.    =     0.0183
Number of clusters (statenum) =         51        Root MSE        =     0.0017

                              (Std. err. adjusted for 51 clusters in statenum)
------------------------------------------------------------------------------
             |               Robust
fifth_per~22 | Coefficient  std. err.      t    P>|t|     [95% conf. interval]
-------------+----------------------------------------------------------------
     F2logmw |  -.0030677   .0013813    -2.22   0.031    -.0058421   -.0002934
     F1logmw |   .0010659   .0015643     0.68   0.499    -.0020761    .0042078
       logmw |  -.0017418   .0025232    -0.69   0.493    -.0068098    .0033262
     L1logmw |   .0007192   .0031325     0.23   0.819    -.0055726     .007011
     L2logmw |  -.0010124   .0031919    -0.32   0.752    -.0074236    .0053988
     L3logmw |   .0011575   .0024513     0.47   0.639    -.0037662    .0060812
     L4logmw |  -.0033787   .0017725    -1.91   0.062    -.0069388    .0001815
       _cons |   .0194473   .0034043     5.71   0.000     .0126097     .026285
------------------------------------------------------------------------------

Absorbed degrees of freedom:
-----------------------------------------------------+
 Absorbed FE | Categories  - Redundant  = Num. Coefs |
-------------+---------------------------------------|
    statenum |        51          51           0    *|
        year |        30           1          29     |
-----------------------------------------------------+
* = FE nested within cluster; treated as redundant for DoF computation

 ( 1)  1.777059*logmw + 1.421647*L1logmw + 1.066235*L2logmw + .7108234*L3logmw
       + .3554117*L4logmw = 0

------------------------------------------------------------------------------
fifth_per~22 | Coefficient  Std. err.      t    P>|t|     [95% conf. interval]
-------------+----------------------------------------------------------------
         (1) |  -.0035303   .0025799    -1.37   0.177    -.0087122    .0016516
------------------------------------------------------------------------------
(MWFE estimator converged in 2 iterations)

HDFE Linear regression                            Number of obs   =      1,530
Absorbing 2 HDFE groups                           F(   7,     50) =       7.29
Statistics robust to heteroskedasticity           Prob > F        =     0.0000
                                                  R-squared       =     0.5797
                                                  Adj R-squared   =     0.5546
                                                  Within R-sq.    =     0.0435
Number of clusters (statenum) =         51        Root MSE        =     0.0017

                              (Std. err. adjusted for 51 clusters in statenum)
------------------------------------------------------------------------------
             |               Robust
fifth_per~23 | Coefficient  std. err.      t    P>|t|     [95% conf. interval]
-------------+----------------------------------------------------------------
     F2logmw |  -.0053909   .0016271    -3.31   0.002    -.0086591   -.0021227
     F1logmw |   .0024815   .0024207     1.03   0.310    -.0023807    .0073437
       logmw |   .0018807   .0025945     0.72   0.472    -.0033306    .0070919
     L1logmw |  -.0046228   .0027463    -1.68   0.099    -.0101389    .0008934
     L2logmw |  -.0008624   .0018692    -0.46   0.647    -.0046168    .0028919
     L3logmw |   .0003167   .0030251     0.10   0.917    -.0057594    .0063928
     L4logmw |  -.0027866   .0022192    -1.26   0.215     -.007244    .0016707
       _cons |    .023106   .0024365     9.48   0.000      .018212    .0279999
------------------------------------------------------------------------------

Absorbed degrees of freedom:
-----------------------------------------------------+
 Absorbed FE | Categories  - Redundant  = Num. Coefs |
-------------+---------------------------------------|
    statenum |        51          51           0    *|
        year |        30           1          29     |
-----------------------------------------------------+
* = FE nested within cluster; treated as redundant for DoF computation

 ( 1)  1.777059*logmw + 1.421647*L1logmw + 1.066235*L2logmw + .7108234*L3logmw
       + .3554117*L4logmw = 0

------------------------------------------------------------------------------
fifth_per~23 | Coefficient  Std. err.      t    P>|t|     [95% conf. interval]
-------------+----------------------------------------------------------------
         (1) |  -.0049147   .0029586    -1.66   0.103    -.0108572    .0010277
------------------------------------------------------------------------------
(MWFE estimator converged in 2 iterations)

HDFE Linear regression                            Number of obs   =      1,530
Absorbing 2 HDFE groups                           F(   7,     50) =      14.10
Statistics robust to heteroskedasticity           Prob > F        =     0.0000
                                                  R-squared       =     0.6701
                                                  Adj R-squared   =     0.6504
                                                  Within R-sq.    =     0.0735
Number of clusters (statenum) =         51        Root MSE        =     0.0016

                              (Std. err. adjusted for 51 clusters in statenum)
------------------------------------------------------------------------------
             |               Robust
fifth_per~24 | Coefficient  std. err.      t    P>|t|     [95% conf. interval]
-------------+----------------------------------------------------------------
     F2logmw |  -.0057965   .0023213    -2.50   0.016     -.010459    -.001134
     F1logmw |   .0061668   .0032408     1.90   0.063    -.0003425     .012676
       logmw |  -.0049322   .0027059    -1.82   0.074    -.0103672    .0005027
     L1logmw |  -.0007425   .0020738    -0.36   0.722    -.0049078    .0034228
     L2logmw |  -.0017319   .0022058    -0.79   0.436    -.0061624    .0026985
     L3logmw |   .0020874   .0024901     0.84   0.406    -.0029142     .007089
     L4logmw |  -.0065701   .0012817    -5.13   0.000    -.0091444   -.0039958
       _cons |    .026767   .0029795     8.98   0.000     .0207824    .0327516
------------------------------------------------------------------------------

Absorbed degrees of freedom:
-----------------------------------------------------+
 Absorbed FE | Categories  - Redundant  = Num. Coefs |
-------------+---------------------------------------|
    statenum |        51          51           0    *|
        year |        30           1          29     |
-----------------------------------------------------+
* = FE nested within cluster; treated as redundant for DoF computation

 ( 1)  1.777059*logmw + 1.421647*L1logmw + 1.066235*L2logmw + .7108234*L3logmw
       + .3554117*L4logmw = 0

------------------------------------------------------------------------------
fifth_per~24 | Coefficient  Std. err.      t    P>|t|     [95% conf. interval]
-------------+----------------------------------------------------------------
         (1) |  -.0125184   .0040027    -3.13   0.003    -.0205581   -.0044787
------------------------------------------------------------------------------
(MWFE estimator converged in 2 iterations)

HDFE Linear regression                            Number of obs   =      1,530
Absorbing 2 HDFE groups                           F(   7,     50) =       7.11
Statistics robust to heteroskedasticity           Prob > F        =     0.0000
                                                  R-squared       =     0.6388
                                                  Adj R-squared   =     0.6173
                                                  Within R-sq.    =     0.0641
Number of clusters (statenum) =         51        Root MSE        =     0.0016

                              (Std. err. adjusted for 51 clusters in statenum)
------------------------------------------------------------------------------
             |               Robust
fifth_per~25 | Coefficient  std. err.      t    P>|t|     [95% conf. interval]
-------------+----------------------------------------------------------------
     F2logmw |  -.0032933   .0020614    -1.60   0.116    -.0074338    .0008472
     F1logmw |   .0008936   .0024886     0.36   0.721    -.0041048    .0058921
       logmw |  -.0020608   .0025634    -0.80   0.425    -.0072095    .0030879
     L1logmw |  -.0016307   .0021519    -0.76   0.452    -.0059529    .0026915
     L2logmw |  -.0021106   .0022069    -0.96   0.343    -.0065431     .002322
     L3logmw |   .0008194    .002314     0.35   0.725    -.0038283    .0054671
     L4logmw |  -.0036794   .0026039    -1.41   0.164    -.0089094    .0015507
       _cons |   .0261829    .004089     6.40   0.000       .01797    .0343958
------------------------------------------------------------------------------

Absorbed degrees of freedom:
-----------------------------------------------------+
 Absorbed FE | Categories  - Redundant  = Num. Coefs |
-------------+---------------------------------------|
    statenum |        51          51           0    *|
        year |        30           1          29     |
-----------------------------------------------------+
* = FE nested within cluster; treated as redundant for DoF computation

 ( 1)  1.777059*logmw + 1.421647*L1logmw + 1.066235*L2logmw + .7108234*L3logmw
       + .3554117*L4logmw = 0

------------------------------------------------------------------------------
fifth_per~25 | Coefficient  Std. err.      t    P>|t|     [95% conf. interval]
-------------+----------------------------------------------------------------
         (1) |   -.008956   .0035213    -2.54   0.014    -.0160288   -.0018833
------------------------------------------------------------------------------
(MWFE estimator converged in 2 iterations)

HDFE Linear regression                            Number of obs   =      1,530
Absorbing 2 HDFE groups                           F(   7,     50) =       5.30
Statistics robust to heteroskedasticity           Prob > F        =     0.0001
                                                  R-squared       =     0.6411
                                                  Adj R-squared   =     0.6197
                                                  Within R-sq.    =     0.0598
Number of clusters (statenum) =         51        Root MSE        =     0.0016

                              (Std. err. adjusted for 51 clusters in statenum)
------------------------------------------------------------------------------
             |               Robust
fifth_per~26 | Coefficient  std. err.      t    P>|t|     [95% conf. interval]
-------------+----------------------------------------------------------------
     F2logmw |  -.0031288    .001966    -1.59   0.118    -.0070776      .00082
     F1logmw |   .0015748   .0023657     0.67   0.509    -.0031769    .0063266
       logmw |  -.0025792   .0021563    -1.20   0.237    -.0069103    .0017519
     L1logmw |   -.002321   .0022508    -1.03   0.307    -.0068418    .0021999
     L2logmw |  -.0012007   .0022166    -0.54   0.590    -.0056528    .0032515
     L3logmw |   .0022084   .0025823     0.86   0.397    -.0029783    .0073952
     L4logmw |  -.0050117   .0017692    -2.83   0.007    -.0085653   -.0014581
       _cons |   .0246521   .0039341     6.27   0.000     .0167503    .0325539
------------------------------------------------------------------------------

Absorbed degrees of freedom:
-----------------------------------------------------+
 Absorbed FE | Categories  - Redundant  = Num. Coefs |
-------------+---------------------------------------|
    statenum |        51          51           0    *|
        year |        30           1          29     |
-----------------------------------------------------+
* = FE nested within cluster; treated as redundant for DoF computation

 ( 1)  1.777059*logmw + 1.421647*L1logmw + 1.066235*L2logmw + .7108234*L3logmw
       + .3554117*L4logmw = 0

------------------------------------------------------------------------------
fifth_per~26 | Coefficient  Std. err.      t    P>|t|     [95% conf. interval]
-------------+----------------------------------------------------------------
         (1) |  -.0093746   .0029637    -3.16   0.003    -.0153273   -.0034219
------------------------------------------------------------------------------
(MWFE estimator converged in 2 iterations)

HDFE Linear regression                            Number of obs   =      1,530
Absorbing 2 HDFE groups                           F(   7,     50) =       4.18
Statistics robust to heteroskedasticity           Prob > F        =     0.0011
                                                  R-squared       =     0.6431
                                                  Adj R-squared   =     0.6219
                                                  Within R-sq.    =     0.0352
Number of clusters (statenum) =         51        Root MSE        =     0.0015

                              (Std. err. adjusted for 51 clusters in statenum)
------------------------------------------------------------------------------
             |               Robust
fifth_per~27 | Coefficient  std. err.      t    P>|t|     [95% conf. interval]
-------------+----------------------------------------------------------------
     F2logmw |  -.0031469   .0014566    -2.16   0.036    -.0060726   -.0002213
     F1logmw |  -.0000401   .0022728    -0.02   0.986    -.0046051    .0045249
       logmw |  -.0007548   .0026602    -0.28   0.778    -.0060978    .0045883
     L1logmw |  -.0025048   .0027055    -0.93   0.359    -.0079389    .0029293
     L2logmw |   .0001928   .0023209     0.08   0.934    -.0044689    .0048545
     L3logmw |   .0018738   .0020169     0.93   0.357    -.0021772    .0059249
     L4logmw |  -.0029478   .0021987    -1.34   0.186     -.007364    .0014684
       _cons |   .0194629   .0037285     5.22   0.000      .011974    .0269518
------------------------------------------------------------------------------

Absorbed degrees of freedom:
-----------------------------------------------------+
 Absorbed FE | Categories  - Redundant  = Num. Coefs |
-------------+---------------------------------------|
    statenum |        51          51           0    *|
        year |        30           1          29     |
-----------------------------------------------------+
* = FE nested within cluster; treated as redundant for DoF computation

 ( 1)  1.777059*logmw + 1.421647*L1logmw + 1.066235*L2logmw + .7108234*L3logmw
       + .3554117*L4logmw = 0

------------------------------------------------------------------------------
fifth_per~27 | Coefficient  Std. err.      t    P>|t|     [95% conf. interval]
-------------+----------------------------------------------------------------
         (1) |  -.0044123   .0031803    -1.39   0.171    -.0108001    .0019755
------------------------------------------------------------------------------
(MWFE estimator converged in 2 iterations)

HDFE Linear regression                            Number of obs   =      1,530
Absorbing 2 HDFE groups                           F(   7,     50) =       7.03
Statistics robust to heteroskedasticity           Prob > F        =     0.0000
                                                  R-squared       =     0.6385
                                                  Adj R-squared   =     0.6170
                                                  Within R-sq.    =     0.0510
Number of clusters (statenum) =         51        Root MSE        =     0.0015

                              (Std. err. adjusted for 51 clusters in statenum)
------------------------------------------------------------------------------
             |               Robust
fifth_per~28 | Coefficient  std. err.      t    P>|t|     [95% conf. interval]
-------------+----------------------------------------------------------------
     F2logmw |  -.0031367   .0012843    -2.44   0.018    -.0057162   -.0005572
     F1logmw |  -.0034302   .0022957    -1.49   0.141    -.0080412    .0011808
       logmw |   .0030573   .0018845     1.62   0.111    -.0007277    .0068424
     L1logmw |  -.0026041   .0017382    -1.50   0.140    -.0060953    .0008872
     L2logmw |  -.0000228   .0020594    -0.01   0.991    -.0041591    .0041136
     L3logmw |   7.35e-06   .0016909     0.00   0.997    -.0033889    .0034036
     L4logmw |  -.0025958   .0018416    -1.41   0.165    -.0062948    .0011032
       _cons |   .0209365   .0040727     5.14   0.000     .0127563    .0291167
------------------------------------------------------------------------------

Absorbed degrees of freedom:
-----------------------------------------------------+
 Absorbed FE | Categories  - Redundant  = Num. Coefs |
-------------+---------------------------------------|
    statenum |        51          51           0    *|
        year |        30           1          29     |
-----------------------------------------------------+
* = FE nested within cluster; treated as redundant for DoF computation

 ( 1)  1.777059*logmw + 1.421647*L1logmw + 1.066235*L2logmw + .7108234*L3logmw
       + .3554117*L4logmw = 0

------------------------------------------------------------------------------
fifth_per~28 | Coefficient  Std. err.      t    P>|t|     [95% conf. interval]
-------------+----------------------------------------------------------------
         (1) |   .0007894    .003358     0.24   0.815    -.0059553    .0075341
------------------------------------------------------------------------------
(MWFE estimator converged in 2 iterations)

HDFE Linear regression                            Number of obs   =      1,530
Absorbing 2 HDFE groups                           F(   7,     50) =       8.62
Statistics robust to heteroskedasticity           Prob > F        =     0.0000
                                                  R-squared       =     0.6249
                                                  Adj R-squared   =     0.6025
                                                  Within R-sq.    =     0.0455
Number of clusters (statenum) =         51        Root MSE        =     0.0014

                              (Std. err. adjusted for 51 clusters in statenum)
------------------------------------------------------------------------------
             |               Robust
fifth_per~29 | Coefficient  std. err.      t    P>|t|     [95% conf. interval]
-------------+----------------------------------------------------------------
     F2logmw |   -.002745   .0016996    -1.62   0.113    -.0061587    .0006687
     F1logmw |   .0016554   .0030866     0.54   0.594    -.0045442     .007855
       logmw |  -.0003657   .0033867    -0.11   0.914    -.0071681    .0064368
     L1logmw |  -.0020857   .0021337    -0.98   0.333    -.0063713    .0021999
     L2logmw |  -.0027888   .0023443    -1.19   0.240    -.0074976    .0019199
     L3logmw |   .0006472   .0019792     0.33   0.745    -.0033282    .0046225
     L4logmw |  -.0023128   .0021624    -1.07   0.290    -.0066561    .0020306
       _cons |   .0193354   .0037377     5.17   0.000      .011828    .0268429
------------------------------------------------------------------------------

Absorbed degrees of freedom:
-----------------------------------------------------+
 Absorbed FE | Categories  - Redundant  = Num. Coefs |
-------------+---------------------------------------|
    statenum |        51          51           0    *|
        year |        30           1          29     |
-----------------------------------------------------+
* = FE nested within cluster; treated as redundant for DoF computation

 ( 1)  1.777059*logmw + 1.421647*L1logmw + 1.066235*L2logmw + .7108234*L3logmw
       + .3554117*L4logmw = 0

------------------------------------------------------------------------------
fifth_per~29 | Coefficient  Std. err.      t    P>|t|     [95% conf. interval]
-------------+----------------------------------------------------------------
         (1) |  -.0069505   .0042529    -1.63   0.108    -.0154927    .0015918
------------------------------------------------------------------------------
(MWFE estimator converged in 2 iterations)

HDFE Linear regression                            Number of obs   =      1,530
Absorbing 2 HDFE groups                           F(   7,     50) =       1.89
Statistics robust to heteroskedasticity           Prob > F        =     0.0908
                                                  R-squared       =     0.9261
                                                  Adj R-squared   =     0.9217
                                                  Within R-sq.    =     0.0082
Number of clusters (statenum) =         51        Root MSE        =     0.0109

                              (Std. err. adjusted for 51 clusters in statenum)
------------------------------------------------------------------------------
             |               Robust
fifth_per~30 | Coefficient  std. err.      t    P>|t|     [95% conf. interval]
-------------+----------------------------------------------------------------
     F2logmw |    .001762   .0143514     0.12   0.903    -.0270636    .0305876
     F1logmw |   .0029816   .0096024     0.31   0.757    -.0163055    .0222687
       logmw |   .0060574   .0058887     1.03   0.309    -.0057705    .0178853
     L1logmw |   .0040733   .0074114     0.55   0.585    -.0108128    .0189595
     L2logmw |   .0077678   .0088368     0.88   0.384    -.0099815    .0255171
     L3logmw |  -.0141186    .010357    -1.36   0.179    -.0349212     .006684
     L4logmw |   .0160499   .0215574     0.74   0.460    -.0272494    .0593491
       _cons |   .0489973   .0493969     0.99   0.326    -.0502193     .148214
------------------------------------------------------------------------------

Absorbed degrees of freedom:
-----------------------------------------------------+
 Absorbed FE | Categories  - Redundant  = Num. Coefs |
-------------+---------------------------------------|
    statenum |        51          51           0    *|
        year |        30           1          29     |
-----------------------------------------------------+
* = FE nested within cluster; treated as redundant for DoF computation

 ( 1)  1.777059*logmw + 1.421647*L1logmw + 1.066235*L2logmw + .7108234*L3logmw
       + .3554117*L4logmw = 0

------------------------------------------------------------------------------
fifth_per~30 | Coefficient  Std. err.      t    P>|t|     [95% conf. interval]
-------------+----------------------------------------------------------------
         (1) |    .020506   .0172082     1.19   0.239    -.0140576    .0550696
------------------------------------------------------------------------------
(1,937 missing values generated)
(29 real changes made)
file
    /Users/brycewang/Documents/GitHub/top5-Econ-Paper-Replications/QJE2019-Mi
    > nimum-Wages-Low-Wage-Jobs/Results/Figures/FigureG2_c.pdf saved as PDF
    format

    Variable |     Obs      Weight        Mean   Std. dev.       Min        Max
-------------+-----------------------------------------------------------------
        epop |   1,836  7.4707e+09    .5627277    .059521   .3797893   1.540421
(MWFE estimator converged in 2 iterations)

HDFE Linear regression                            Number of obs   =      1,530
Absorbing 2 HDFE groups                           F(   7,     50) =       1.11
Statistics robust to heteroskedasticity           Prob > F        =     0.3696
                                                  R-squared       =     0.1424
                                                  Adj R-squared   =     0.0912
                                                  Within R-sq.    =     0.0104
Number of clusters (statenum) =         51        Root MSE        =     0.0006

                              (Std. err. adjusted for 51 clusters in statenum)
------------------------------------------------------------------------------
             |               Robust
sixth_per~p1 | Coefficient  std. err.      t    P>|t|     [95% conf. interval]
-------------+----------------------------------------------------------------
     F2logmw |   .0005474   .0006328     0.87   0.391    -.0007236    .0018183
     F1logmw |   .0004078   .0009207     0.44   0.660    -.0014416    .0022571
       logmw |  -.0002594   .0010192    -0.25   0.800    -.0023065    .0017876
     L1logmw |   .0009754   .0008089     1.21   0.234    -.0006493       .0026
     L2logmw |  -.0011933   .0007937    -1.50   0.139    -.0027875    .0004009
     L3logmw |   .0015155   .0008721     1.74   0.088    -.0002362    .0032672
     L4logmw |  -.0004408   .0006491    -0.68   0.500    -.0017445     .000863
       _cons |  -.0018215   .0012408    -1.47   0.148    -.0043139    .0006708
------------------------------------------------------------------------------

Absorbed degrees of freedom:
-----------------------------------------------------+
 Absorbed FE | Categories  - Redundant  = Num. Coefs |
-------------+---------------------------------------|
    statenum |        51          51           0    *|
        year |        30           1          29     |
-----------------------------------------------------+
* = FE nested within cluster; treated as redundant for DoF computation

 ( 1)  1.777059*logmw + 1.421647*L1logmw + 1.066235*L2logmw + .7108234*L3logmw
       + .3554117*L4logmw = 0

------------------------------------------------------------------------------
sixth_per~p1 | Coefficient  Std. err.      t    P>|t|     [95% conf. interval]
-------------+----------------------------------------------------------------
         (1) |   .0005739   .0010593     0.54   0.590    -.0015539    .0027016
------------------------------------------------------------------------------
(MWFE estimator converged in 2 iterations)

HDFE Linear regression                            Number of obs   =      1,530
Absorbing 2 HDFE groups                           F(   7,     50) =       9.62
Statistics robust to heteroskedasticity           Prob > F        =     0.0000
                                                  R-squared       =     0.5172
                                                  Adj R-squared   =     0.4885
                                                  Within R-sq.    =     0.1525
Number of clusters (statenum) =         51        Root MSE        =     0.0010

                              (Std. err. adjusted for 51 clusters in statenum)
------------------------------------------------------------------------------
             |               Robust
sixth_per~p2 | Coefficient  std. err.      t    P>|t|     [95% conf. interval]
-------------+----------------------------------------------------------------
     F2logmw |  -.0034343   .0010635    -3.23   0.002    -.0055703   -.0012982
     F1logmw |  -.0001006   .0013706    -0.07   0.942    -.0028535    .0026523
       logmw |  -.0037442   .0016624    -2.25   0.029    -.0070833   -.0004051
     L1logmw |  -.0002668   .0009292    -0.29   0.775    -.0021331    .0015995
     L2logmw |  -.0007944   .0012102    -0.66   0.515    -.0032252    .0016364
     L3logmw |  -.0001576   .0009385    -0.17   0.867    -.0020427    .0017275
     L4logmw |  -.0027168   .0009895    -2.75   0.008    -.0047043   -.0007293
       _cons |   .0193878   .0029537     6.56   0.000     .0134551    .0253205
------------------------------------------------------------------------------

Absorbed degrees of freedom:
-----------------------------------------------------+
 Absorbed FE | Categories  - Redundant  = Num. Coefs |
-------------+---------------------------------------|
    statenum |        51          51           0    *|
        year |        30           1          29     |
-----------------------------------------------------+
* = FE nested within cluster; treated as redundant for DoF computation

 ( 1)  1.777059*logmw + 1.421647*L1logmw + 1.066235*L2logmw + .7108234*L3logmw
       + .3554117*L4logmw = 0

------------------------------------------------------------------------------
sixth_per~p2 | Coefficient  Std. err.      t    P>|t|     [95% conf. interval]
-------------+----------------------------------------------------------------
         (1) |  -.0089576   .0029657    -3.02   0.004    -.0149143   -.0030009
------------------------------------------------------------------------------
(MWFE estimator converged in 2 iterations)

HDFE Linear regression                            Number of obs   =      1,530
Absorbing 2 HDFE groups                           F(   7,     50) =       2.08
Statistics robust to heteroskedasticity           Prob > F        =     0.0634
                                                  R-squared       =     0.5781
                                                  Adj R-squared   =     0.5530
                                                  Within R-sq.    =     0.0184
Number of clusters (statenum) =         51        Root MSE        =     0.0011

                              (Std. err. adjusted for 51 clusters in statenum)
------------------------------------------------------------------------------
             |               Robust
sixth_per~p3 | Coefficient  std. err.      t    P>|t|     [95% conf. interval]
-------------+----------------------------------------------------------------
     F2logmw |    .002584   .0012335     2.09   0.041     .0001065    .0050616
     F1logmw |  -.0003322   .0015312    -0.22   0.829    -.0034077    .0027434
       logmw |  -.0001897   .0020237    -0.09   0.926    -.0042545    .0038751
     L1logmw |  -.0005572   .0016257    -0.34   0.733    -.0038225    .0027081
     L2logmw |   .0008108   .0014714     0.55   0.584    -.0021445    .0037662
     L3logmw |  -.0008517   .0011123    -0.77   0.447    -.0030859    .0013824
     L4logmw |    .001946   .0011089     1.75   0.085    -.0002814    .0041734
       _cons |  -.0034086   .0024868    -1.37   0.177    -.0084035    .0015863
------------------------------------------------------------------------------

Absorbed degrees of freedom:
-----------------------------------------------------+
 Absorbed FE | Categories  - Redundant  = Num. Coefs |
-------------+---------------------------------------|
    statenum |        51          51           0    *|
        year |        30           1          29     |
-----------------------------------------------------+
* = FE nested within cluster; treated as redundant for DoF computation

 ( 1)  1.777059*logmw + 1.421647*L1logmw + 1.066235*L2logmw + .7108234*L3logmw
       + .3554117*L4logmw = 0

------------------------------------------------------------------------------
sixth_per~p3 | Coefficient  Std. err.      t    P>|t|     [95% conf. interval]
-------------+----------------------------------------------------------------
         (1) |  -.0001785   .0023745    -0.08   0.940    -.0049478    .0045908
------------------------------------------------------------------------------
(MWFE estimator converged in 2 iterations)

HDFE Linear regression                            Number of obs   =      1,530
Absorbing 2 HDFE groups                           F(   7,     50) =       4.11
Statistics robust to heteroskedasticity           Prob > F        =     0.0012
                                                  R-squared       =     0.6024
                                                  Adj R-squared   =     0.5787
                                                  Within R-sq.    =     0.0410
Number of clusters (statenum) =         51        Root MSE        =     0.0010

                              (Std. err. adjusted for 51 clusters in statenum)
------------------------------------------------------------------------------
             |               Robust
sixth_per~p4 | Coefficient  std. err.      t    P>|t|     [95% conf. interval]
-------------+----------------------------------------------------------------
     F2logmw |   .0012721   .0006876     1.85   0.070     -.000109    .0026533
     F1logmw |  -.0005987    .001115    -0.54   0.594    -.0028382    .0016409
       logmw |   .0030611   .0011603     2.64   0.011     .0007306    .0053916
     L1logmw |  -.0009795   .0012742    -0.77   0.446    -.0035387    .0015798
     L2logmw |   .0014805   .0016315     0.91   0.369    -.0017965    .0047575
     L3logmw |  -.0014269   .0012355    -1.15   0.254    -.0039085    .0010548
     L4logmw |   .0027158   .0010264     2.65   0.011     .0006543    .0047774
       _cons |   -.006664   .0030935    -2.15   0.036    -.0128774   -.0004506
------------------------------------------------------------------------------

Absorbed degrees of freedom:
-----------------------------------------------------+
 Absorbed FE | Categories  - Redundant  = Num. Coefs |
-------------+---------------------------------------|
    statenum |        51          51           0    *|
        year |        30           1          29     |
-----------------------------------------------------+
* = FE nested within cluster; treated as redundant for DoF computation

 ( 1)  1.777059*logmw + 1.421647*L1logmw + 1.066235*L2logmw + .7108234*L3logmw
       + .3554117*L4logmw = 0

------------------------------------------------------------------------------
sixth_per~p4 | Coefficient  Std. err.      t    P>|t|     [95% conf. interval]
-------------+----------------------------------------------------------------
         (1) |   .0055768   .0016116     3.46   0.001     .0023398    .0088137
------------------------------------------------------------------------------
(MWFE estimator converged in 2 iterations)

HDFE Linear regression                            Number of obs   =      1,530
Absorbing 2 HDFE groups                           F(   7,     50) =       7.23
Statistics robust to heteroskedasticity           Prob > F        =     0.0000
                                                  R-squared       =     0.5620
                                                  Adj R-squared   =     0.5359
                                                  Within R-sq.    =     0.0277
Number of clusters (statenum) =         51        Root MSE        =     0.0009

                              (Std. err. adjusted for 51 clusters in statenum)
------------------------------------------------------------------------------
             |               Robust
sixth_per~p5 | Coefficient  std. err.      t    P>|t|     [95% conf. interval]
-------------+----------------------------------------------------------------
     F2logmw |   .0020297   .0007461     2.72   0.009     .0005312    .0035283
     F1logmw |   .0005779   .0014941     0.39   0.701     -.002423    .0035789
       logmw |  -.0008084   .0014664    -0.55   0.584    -.0037539     .002137
     L1logmw |  -.0001886   .0013284    -0.14   0.888    -.0028567    .0024795
     L2logmw |  -.0000535   .0012978    -0.04   0.967    -.0026602    .0025532
     L3logmw |   .0014094   .0011327     1.24   0.219    -.0008658    .0036846
     L4logmw |   .0005937   .0005762     1.03   0.308    -.0005636     .001751
       _cons |  -.0035041   .0016497    -2.12   0.039    -.0068177   -.0001905
------------------------------------------------------------------------------

Absorbed degrees of freedom:
-----------------------------------------------------+
 Absorbed FE | Categories  - Redundant  = Num. Coefs |
-------------+---------------------------------------|
    statenum |        51          51           0    *|
        year |        30           1          29     |
-----------------------------------------------------+
* = FE nested within cluster; treated as redundant for DoF computation

 ( 1)  1.777059*logmw + 1.421647*L1logmw + 1.066235*L2logmw + .7108234*L3logmw
       + .3554117*L4logmw = 0

------------------------------------------------------------------------------
sixth_per~p5 | Coefficient  Std. err.      t    P>|t|     [95% conf. interval]
-------------+----------------------------------------------------------------
         (1) |   -.000549   .0024654    -0.22   0.825    -.0055008    .0044029
------------------------------------------------------------------------------
(MWFE estimator converged in 2 iterations)

HDFE Linear regression                            Number of obs   =      1,530
Absorbing 2 HDFE groups                           F(   7,     50) =      23.49
Statistics robust to heteroskedasticity           Prob > F        =     0.0000
                                                  R-squared       =     0.8137
                                                  Adj R-squared   =     0.8026
                                                  Within R-sq.    =     0.1839
Number of clusters (statenum) =         51        Root MSE        =     0.0042

                              (Std. err. adjusted for 51 clusters in statenum)
------------------------------------------------------------------------------
             |               Robust
sixth_per~p6 | Coefficient  std. err.      t    P>|t|     [95% conf. interval]
-------------+----------------------------------------------------------------
     F2logmw |    .026598   .0089078     2.99   0.004      .008706    .0444899
     F1logmw |  -.0079959   .0079995    -1.00   0.322    -.0240634    .0080716
       logmw |  -.0314457   .0042088    -7.47   0.000    -.0398992   -.0229921
     L1logmw |  -.0097917   .0047644    -2.06   0.045    -.0193612   -.0002222
     L2logmw |   .0076405   .0033879     2.26   0.029     .0008357    .0144452
     L3logmw |  -.0027815   .0028214    -0.99   0.329    -.0084485    .0028855
     L4logmw |   .0233346   .0025376     9.20   0.000     .0182377    .0284314
       _cons |   .0009211   .0062017     0.15   0.883    -.0115354    .0133776
------------------------------------------------------------------------------

Absorbed degrees of freedom:
-----------------------------------------------------+
 Absorbed FE | Categories  - Redundant  = Num. Coefs |
-------------+---------------------------------------|
    statenum |        51          51           0    *|
        year |        30           1          29     |
-----------------------------------------------------+
* = FE nested within cluster; treated as redundant for DoF computation

 ( 1)  1.777059*logmw + 1.421647*L1logmw + 1.066235*L2logmw + .7108234*L3logmw
       + .3554117*L4logmw = 0

------------------------------------------------------------------------------
sixth_per~p6 | Coefficient  Std. err.      t    P>|t|     [95% conf. interval]
-------------+----------------------------------------------------------------
         (1) |  -.0553384   .0079197    -6.99   0.000    -.0712456   -.0394313
------------------------------------------------------------------------------
(MWFE estimator converged in 2 iterations)

HDFE Linear regression                            Number of obs   =      1,530
Absorbing 2 HDFE groups                           F(   7,     50) =       1.30
Statistics robust to heteroskedasticity           Prob > F        =     0.2678
                                                  R-squared       =     0.8419
                                                  Adj R-squared   =     0.8325
                                                  Within R-sq.    =     0.0204
Number of clusters (statenum) =         51        Root MSE        =     0.0059

                              (Std. err. adjusted for 51 clusters in statenum)
------------------------------------------------------------------------------
             |               Robust
sixth_per~p7 | Coefficient  std. err.      t    P>|t|     [95% conf. interval]
-------------+----------------------------------------------------------------
     F2logmw |  -.0070288   .0080767    -0.87   0.388    -.0232512    .0091937
     F1logmw |   .0073993   .0084714     0.87   0.387     -.009616    .0244147
       logmw |  -.0138847   .0115766    -1.20   0.236    -.0371371    .0093677
     L1logmw |   .0058981   .0078385     0.75   0.455     -.009846    .0216422
     L2logmw |  -.0019883    .005091    -0.39   0.698     -.012214    .0082373
     L3logmw |  -.0050223   .0050882    -0.99   0.328    -.0152422    .0051976
     L4logmw |  -.0070186   .0063854    -1.10   0.277     -.019844    .0058068
       _cons |   .0588289   .0165814     3.55   0.001     .0255242    .0921336
------------------------------------------------------------------------------

Absorbed degrees of freedom:
-----------------------------------------------------+
 Absorbed FE | Categories  - Redundant  = Num. Coefs |
-------------+---------------------------------------|
    statenum |        51          51           0    *|
        year |        30           1          29     |
-----------------------------------------------------+
* = FE nested within cluster; treated as redundant for DoF computation

 ( 1)  1.777059*logmw + 1.421647*L1logmw + 1.066235*L2logmw + .7108234*L3logmw
       + .3554117*L4logmw = 0

------------------------------------------------------------------------------
sixth_per~p7 | Coefficient  Std. err.      t    P>|t|     [95% conf. interval]
-------------+----------------------------------------------------------------
         (1) |  -.0244734   .0123066    -1.99   0.052    -.0491919    .0002451
------------------------------------------------------------------------------
(MWFE estimator converged in 2 iterations)

HDFE Linear regression                            Number of obs   =      1,530
Absorbing 2 HDFE groups                           F(   7,     50) =       7.96
Statistics robust to heteroskedasticity           Prob > F        =     0.0000
                                                  R-squared       =     0.6754
                                                  Adj R-squared   =     0.6560
                                                  Within R-sq.    =     0.1203
Number of clusters (statenum) =         51        Root MSE        =     0.0053

                              (Std. err. adjusted for 51 clusters in statenum)
------------------------------------------------------------------------------
             |               Robust
sixth_per~p8 | Coefficient  std. err.      t    P>|t|     [95% conf. interval]
-------------+----------------------------------------------------------------
     F2logmw |   .0022999   .0058027     0.40   0.694    -.0093551     .013955
     F1logmw |   .0029981   .0043394     0.69   0.493    -.0057179    .0117141
       logmw |   .0336977   .0071069     4.74   0.000      .019423    .0479723
     L1logmw |  -.0036927   .0064563    -0.57   0.570    -.0166606    .0092752
     L2logmw |   .0062884   .0073639     0.85   0.397    -.0085024    .0210792
     L3logmw |   .0049117   .0094016     0.52   0.604    -.0139719    .0237954
     L4logmw |  -.0255469   .0071706    -3.56   0.001    -.0399495   -.0111442
       _cons |  -.0081749   .0269593    -0.30   0.763    -.0623243    .0459745
------------------------------------------------------------------------------

Absorbed degrees of freedom:
-----------------------------------------------------+
 Absorbed FE | Categories  - Redundant  = Num. Coefs |
-------------+---------------------------------------|
    statenum |        51          51           0    *|
        year |        30           1          29     |
-----------------------------------------------------+
* = FE nested within cluster; treated as redundant for DoF computation

 ( 1)  1.777059*logmw + 1.421647*L1logmw + 1.066235*L2logmw + .7108234*L3logmw
       + .3554117*L4logmw = 0

------------------------------------------------------------------------------
sixth_per~p8 | Coefficient  Std. err.      t    P>|t|     [95% conf. interval]
-------------+----------------------------------------------------------------
         (1) |   .0557497    .015733     3.54   0.001      .024149    .0873504
------------------------------------------------------------------------------
(MWFE estimator converged in 2 iterations)

HDFE Linear regression                            Number of obs   =      1,530
Absorbing 2 HDFE groups                           F(   7,     50) =       4.30
Statistics robust to heteroskedasticity           Prob > F        =     0.0009
                                                  R-squared       =     0.6801
                                                  Adj R-squared   =     0.6611
                                                  Within R-sq.    =     0.1735
Number of clusters (statenum) =         51        Root MSE        =     0.0041

                              (Std. err. adjusted for 51 clusters in statenum)
------------------------------------------------------------------------------
             |               Robust
sixth_per~p9 | Coefficient  std. err.      t    P>|t|     [95% conf. interval]
-------------+----------------------------------------------------------------
     F2logmw |     .01462   .0060766     2.41   0.020     .0024149    .0268252
     F1logmw |  -.0083221   .0076804    -1.08   0.284    -.0237486    .0071045
       logmw |   .0253979   .0110446     2.30   0.026     .0032141    .0475817
     L1logmw |  -.0026896   .0066804    -0.40   0.689    -.0161076    .0107285
     L2logmw |    .007421   .0055148     1.35   0.184    -.0036557    .0184978
     L3logmw |   -.010875   .0038678    -2.81   0.007    -.0186438   -.0031063
     L4logmw |   .0240919   .0063178     3.81   0.000     .0114022    .0367816
       _cons |  -.0539186   .0169401    -3.18   0.003    -.0879438   -.0198934
------------------------------------------------------------------------------

Absorbed degrees of freedom:
-----------------------------------------------------+
 Absorbed FE | Categories  - Redundant  = Num. Coefs |
-------------+---------------------------------------|
    statenum |        51          51           0    *|
        year |        30           1          29     |
-----------------------------------------------------+
* = FE nested within cluster; treated as redundant for DoF computation

 ( 1)  1.777059*logmw + 1.421647*L1logmw + 1.066235*L2logmw + .7108234*L3logmw
       + .3554117*L4logmw = 0

------------------------------------------------------------------------------
sixth_per~p9 | Coefficient  Std. err.      t    P>|t|     [95% conf. interval]
-------------+----------------------------------------------------------------
         (1) |   .0500549   .0145616     3.44   0.001     .0208071    .0793026
------------------------------------------------------------------------------
(MWFE estimator converged in 2 iterations)

HDFE Linear regression                            Number of obs   =      1,530
Absorbing 2 HDFE groups                           F(   7,     50) =       3.07
Statistics robust to heteroskedasticity           Prob > F        =     0.0090
                                                  R-squared       =     0.7228
                                                  Adj R-squared   =     0.7063
                                                  Within R-sq.    =     0.0233
Number of clusters (statenum) =         51        Root MSE        =     0.0034

                              (Std. err. adjusted for 51 clusters in statenum)
------------------------------------------------------------------------------
             |               Robust
sixth_per~10 | Coefficient  std. err.      t    P>|t|     [95% conf. interval]
-------------+----------------------------------------------------------------
     F2logmw |   .0026326   .0034914     0.75   0.454      -.00438    .0096453
     F1logmw |  -.0019934   .0035159    -0.57   0.573    -.0090553    .0050684
       logmw |   .0045514   .0036094     1.26   0.213    -.0026982     .011801
     L1logmw |    .005837   .0048305     1.21   0.233    -.0038654    .0155395
     L2logmw |  -.0040723   .0051205    -0.80   0.430    -.0143571    .0062125
     L3logmw |  -.0012505   .0050211    -0.25   0.804    -.0113358    .0088347
     L4logmw |   .0068125   .0047428     1.44   0.157    -.0027138    .0163388
       _cons |   .0042106   .0091671     0.46   0.648    -.0142021    .0226232
------------------------------------------------------------------------------

Absorbed degrees of freedom:
-----------------------------------------------------+
 Absorbed FE | Categories  - Redundant  = Num. Coefs |
-------------+---------------------------------------|
    statenum |        51          51           0    *|
        year |        30           1          29     |
-----------------------------------------------------+
* = FE nested within cluster; treated as redundant for DoF computation

 ( 1)  1.777059*logmw + 1.421647*L1logmw + 1.066235*L2logmw + .7108234*L3logmw
       + .3554117*L4logmw = 0

------------------------------------------------------------------------------
sixth_per~10 | Coefficient  Std. err.      t    P>|t|     [95% conf. interval]
-------------+----------------------------------------------------------------
         (1) |   .0135766   .0046264     2.93   0.005     .0042841    .0228691
------------------------------------------------------------------------------
(MWFE estimator converged in 2 iterations)

HDFE Linear regression                            Number of obs   =      1,530
Absorbing 2 HDFE groups                           F(   7,     50) =       1.03
Statistics robust to heteroskedasticity           Prob > F        =     0.4222
                                                  R-squared       =     0.7824
                                                  Adj R-squared   =     0.7694
                                                  Within R-sq.    =     0.0054
Number of clusters (statenum) =         51        Root MSE        =     0.0029

                              (Std. err. adjusted for 51 clusters in statenum)
------------------------------------------------------------------------------
             |               Robust
sixth_per~11 | Coefficient  std. err.      t    P>|t|     [95% conf. interval]
-------------+----------------------------------------------------------------
     F2logmw |  -.0023097   .0034627    -0.67   0.508    -.0092647    .0046453
     F1logmw |  -.0011719   .0050616    -0.23   0.818    -.0113385    .0089948
       logmw |   .0048101    .004817     1.00   0.323    -.0048652    .0144854
     L1logmw |   .0012972   .0050317     0.26   0.798    -.0088093    .0114037
     L2logmw |  -.0019214   .0047367    -0.41   0.687    -.0114353    .0075925
     L3logmw |  -.0004641   .0046795    -0.10   0.921    -.0098631    .0089349
     L4logmw |   .0012287   .0033298     0.37   0.714    -.0054595    .0079169
       _cons |    .017995    .006904     2.61   0.012     .0041279     .031862
------------------------------------------------------------------------------

Absorbed degrees of freedom:
-----------------------------------------------------+
 Absorbed FE | Categories  - Redundant  = Num. Coefs |
-------------+---------------------------------------|
    statenum |        51          51           0    *|
        year |        30           1          29     |
-----------------------------------------------------+
* = FE nested within cluster; treated as redundant for DoF computation

 ( 1)  1.777059*logmw + 1.421647*L1logmw + 1.066235*L2logmw + .7108234*L3logmw
       + .3554117*L4logmw = 0

------------------------------------------------------------------------------
sixth_per~11 | Coefficient  Std. err.      t    P>|t|     [95% conf. interval]
-------------+----------------------------------------------------------------
         (1) |   .0084501   .0058314     1.45   0.154    -.0032625    .0201628
------------------------------------------------------------------------------
(MWFE estimator converged in 2 iterations)

HDFE Linear regression                            Number of obs   =      1,530
Absorbing 2 HDFE groups                           F(   7,     50) =       0.81
Statistics robust to heteroskedasticity           Prob > F        =     0.5851
                                                  R-squared       =     0.7087
                                                  Adj R-squared   =     0.6913
                                                  Within R-sq.    =     0.0019
Number of clusters (statenum) =         51        Root MSE        =     0.0028

                              (Std. err. adjusted for 51 clusters in statenum)
------------------------------------------------------------------------------
             |               Robust
sixth_per~12 | Coefficient  std. err.      t    P>|t|     [95% conf. interval]
-------------+----------------------------------------------------------------
     F2logmw |  -.0012388   .0037099    -0.33   0.740    -.0086904    .0062127
     F1logmw |   .0028748   .0051028     0.56   0.576    -.0073744     .013124
       logmw |   -.002335   .0037193    -0.63   0.533    -.0098055    .0051354
     L1logmw |    .000503   .0033094     0.15   0.880    -.0061442    .0071502
     L2logmw |  -.0003577   .0037188    -0.10   0.924    -.0078271    .0071116
     L3logmw |   .0037747   .0042685     0.88   0.381    -.0047989    .0123482
     L4logmw |  -.0020283   .0032391    -0.63   0.534    -.0085342    .0044775
       _cons |   .0155881   .0067706     2.30   0.026     .0019889    .0291874
------------------------------------------------------------------------------

Absorbed degrees of freedom:
-----------------------------------------------------+
 Absorbed FE | Categories  - Redundant  = Num. Coefs |
-------------+---------------------------------------|
    statenum |        51          51           0    *|
        year |        30           1          29     |
-----------------------------------------------------+
* = FE nested within cluster; treated as redundant for DoF computation

 ( 1)  1.777059*logmw + 1.421647*L1logmw + 1.066235*L2logmw + .7108234*L3logmw
       + .3554117*L4logmw = 0

------------------------------------------------------------------------------
sixth_per~12 | Coefficient  Std. err.      t    P>|t|     [95% conf. interval]
-------------+----------------------------------------------------------------
         (1) |  -.0018535    .005617    -0.33   0.743    -.0131357    .0094286
------------------------------------------------------------------------------
(MWFE estimator converged in 2 iterations)

HDFE Linear regression                            Number of obs   =      1,530
Absorbing 2 HDFE groups                           F(   7,     50) =       0.81
Statistics robust to heteroskedasticity           Prob > F        =     0.5866
                                                  R-squared       =     0.6910
                                                  Adj R-squared   =     0.6726
                                                  Within R-sq.    =     0.0069
Number of clusters (statenum) =         51        Root MSE        =     0.0028

                              (Std. err. adjusted for 51 clusters in statenum)
------------------------------------------------------------------------------
             |               Robust
sixth_per~13 | Coefficient  std. err.      t    P>|t|     [95% conf. interval]
-------------+----------------------------------------------------------------
     F2logmw |  -.0051308   .0036076    -1.42   0.161     -.012377    .0021153
     F1logmw |   .0030783   .0046279     0.67   0.509    -.0062171    .0123737
       logmw |  -.0018367   .0025208    -0.73   0.470    -.0068999    .0032264
     L1logmw |  -.0012404   .0024849    -0.50   0.620    -.0062315    .0037507
     L2logmw |  -.0000425   .0031444    -0.01   0.989    -.0063583    .0062732
     L3logmw |   -.000143    .004302    -0.03   0.974    -.0087839    .0084978
     L4logmw |  -2.40e-06   .0034739    -0.00   0.999      -.00698    .0069752
       _cons |   .0254272    .007028     3.62   0.001      .011311    .0395434
------------------------------------------------------------------------------

Absorbed degrees of freedom:
-----------------------------------------------------+
 Absorbed FE | Categories  - Redundant  = Num. Coefs |
-------------+---------------------------------------|
    statenum |        51          51           0    *|
        year |        30           1          29     |
-----------------------------------------------------+
* = FE nested within cluster; treated as redundant for DoF computation

 ( 1)  1.777059*logmw + 1.421647*L1logmw + 1.066235*L2logmw + .7108234*L3logmw
       + .3554117*L4logmw = 0

------------------------------------------------------------------------------
sixth_per~13 | Coefficient  Std. err.      t    P>|t|     [95% conf. interval]
-------------+----------------------------------------------------------------
         (1) |  -.0051752   .0042865    -1.21   0.233    -.0137849    .0034345
------------------------------------------------------------------------------
(MWFE estimator converged in 2 iterations)

HDFE Linear regression                            Number of obs   =      1,530
Absorbing 2 HDFE groups                           F(   7,     50) =       2.90
Statistics robust to heteroskedasticity           Prob > F        =     0.0128
                                                  R-squared       =     0.7005
                                                  Adj R-squared   =     0.6827
                                                  Within R-sq.    =     0.0141
Number of clusters (statenum) =         51        Root MSE        =     0.0024

                              (Std. err. adjusted for 51 clusters in statenum)
------------------------------------------------------------------------------
             |               Robust
sixth_per~14 | Coefficient  std. err.      t    P>|t|     [95% conf. interval]
-------------+----------------------------------------------------------------
     F2logmw |   -.004608   .0022452    -2.05   0.045    -.0091176   -.0000983
     F1logmw |   .0004958   .0024951     0.20   0.843    -.0045156    .0055073
       logmw |  -.0002812   .0034051    -0.08   0.935    -.0071205    .0065581
     L1logmw |    .001136   .0028149     0.40   0.688    -.0045179    .0067898
     L2logmw |  -.0002942   .0032211    -0.09   0.928    -.0067641    .0061756
     L3logmw |  -.0042207   .0026147    -1.61   0.113    -.0094724     .001031
     L4logmw |   .0009821   .0028516     0.34   0.732    -.0047455    .0067098
       _cons |   .0248125    .005076     4.89   0.000      .014617    .0350081
------------------------------------------------------------------------------

Absorbed degrees of freedom:
-----------------------------------------------------+
 Absorbed FE | Categories  - Redundant  = Num. Coefs |
-------------+---------------------------------------|
    statenum |        51          51           0    *|
        year |        30           1          29     |
-----------------------------------------------------+
* = FE nested within cluster; treated as redundant for DoF computation

 ( 1)  1.777059*logmw + 1.421647*L1logmw + 1.066235*L2logmw + .7108234*L3logmw
       + .3554117*L4logmw = 0

------------------------------------------------------------------------------
sixth_per~14 | Coefficient  Std. err.      t    P>|t|     [95% conf. interval]
-------------+----------------------------------------------------------------
         (1) |  -.0018496   .0045461    -0.41   0.686    -.0109806    .0072815
------------------------------------------------------------------------------
(MWFE estimator converged in 2 iterations)

HDFE Linear regression                            Number of obs   =      1,530
Absorbing 2 HDFE groups                           F(   7,     50) =       1.64
Statistics robust to heteroskedasticity           Prob > F        =     0.1453
                                                  R-squared       =     0.6413
                                                  Adj R-squared   =     0.6199
                                                  Within R-sq.    =     0.0183
Number of clusters (statenum) =         51        Root MSE        =     0.0022

                              (Std. err. adjusted for 51 clusters in statenum)
------------------------------------------------------------------------------
             |               Robust
sixth_per~15 | Coefficient  std. err.      t    P>|t|     [95% conf. interval]
-------------+----------------------------------------------------------------
     F2logmw |  -.0078528   .0025468    -3.08   0.003    -.0129682   -.0027375
     F1logmw |   .0084572   .0027213     3.11   0.003     .0029913    .0139231
       logmw |  -.0022017   .0018116    -1.22   0.230    -.0058404    .0014371
     L1logmw |  -.0022928    .001994    -1.15   0.256    -.0062979    .0017123
     L2logmw |   .0009282   .0029524     0.31   0.755    -.0050018    .0068583
     L3logmw |  -.0022753   .0026946    -0.84   0.402    -.0076877     .003137
     L4logmw |  -.0006103   .0029206    -0.21   0.835    -.0064764    .0052558
       _cons |   .0213503   .0046264     4.61   0.000     .0120578    .0306428
------------------------------------------------------------------------------

Absorbed degrees of freedom:
-----------------------------------------------------+
 Absorbed FE | Categories  - Redundant  = Num. Coefs |
-------------+---------------------------------------|
    statenum |        51          51           0    *|
        year |        30           1          29     |
-----------------------------------------------------+
* = FE nested within cluster; treated as redundant for DoF computation

 ( 1)  1.777059*logmw + 1.421647*L1logmw + 1.066235*L2logmw + .7108234*L3logmw
       + .3554117*L4logmw = 0

------------------------------------------------------------------------------
sixth_per~15 | Coefficient  Std. err.      t    P>|t|     [95% conf. interval]
-------------+----------------------------------------------------------------
         (1) |  -.0080165   .0032234    -2.49   0.016    -.0144908   -.0015422
------------------------------------------------------------------------------
(MWFE estimator converged in 2 iterations)

HDFE Linear regression                            Number of obs   =      1,530
Absorbing 2 HDFE groups                           F(   7,     50) =       1.77
Statistics robust to heteroskedasticity           Prob > F        =     0.1149
                                                  R-squared       =     0.6665
                                                  Adj R-squared   =     0.6467
                                                  Within R-sq.    =     0.0141
Number of clusters (statenum) =         51        Root MSE        =     0.0020

                              (Std. err. adjusted for 51 clusters in statenum)
------------------------------------------------------------------------------
             |               Robust
sixth_per~16 | Coefficient  std. err.      t    P>|t|     [95% conf. interval]
-------------+----------------------------------------------------------------
     F2logmw |  -.0041493   .0027102    -1.53   0.132    -.0095929    .0012943
     F1logmw |   .0033188   .0025151     1.32   0.193    -.0017328    .0083705
       logmw |  -.0051896   .0021658    -2.40   0.020    -.0095399   -.0008394
     L1logmw |   .0013424   .0023968     0.56   0.578    -.0034717    .0061565
     L2logmw |   .0003629   .0029727     0.12   0.903    -.0056079    .0063337
     L3logmw |  -.0004428   .0027117    -0.16   0.871    -.0058893    .0050037
     L4logmw |  -.0010969    .001862    -0.59   0.558    -.0048369     .002643
       _cons |   .0201637   .0043576     4.63   0.000     .0114113    .0289162
------------------------------------------------------------------------------

Absorbed degrees of freedom:
-----------------------------------------------------+
 Absorbed FE | Categories  - Redundant  = Num. Coefs |
-------------+---------------------------------------|
    statenum |        51          51           0    *|
        year |        30           1          29     |
-----------------------------------------------------+
* = FE nested within cluster; treated as redundant for DoF computation

 ( 1)  1.777059*logmw + 1.421647*L1logmw + 1.066235*L2logmw + .7108234*L3logmw
       + .3554117*L4logmw = 0

------------------------------------------------------------------------------
sixth_per~16 | Coefficient  Std. err.      t    P>|t|     [95% conf. interval]
-------------+----------------------------------------------------------------
         (1) |  -.0076316    .002949    -2.59   0.013    -.0135549   -.0017083
------------------------------------------------------------------------------
(MWFE estimator converged in 2 iterations)

HDFE Linear regression                            Number of obs   =      1,530
Absorbing 2 HDFE groups                           F(   7,     50) =       3.52
Statistics robust to heteroskedasticity           Prob > F        =     0.0038
                                                  R-squared       =     0.6938
                                                  Adj R-squared   =     0.6755
                                                  Within R-sq.    =     0.0204
Number of clusters (statenum) =         51        Root MSE        =     0.0019

                              (Std. err. adjusted for 51 clusters in statenum)
------------------------------------------------------------------------------
             |               Robust
sixth_per~17 | Coefficient  std. err.      t    P>|t|     [95% conf. interval]
-------------+----------------------------------------------------------------
     F2logmw |  -.0042146   .0023475    -1.80   0.079    -.0089297    .0005004
     F1logmw |  -.0001004   .0024395    -0.04   0.967    -.0050003    .0047995
       logmw |   .0024477   .0023925     1.02   0.311    -.0023578    .0072531
     L1logmw |   -.002431   .0024627    -0.99   0.328    -.0073775    .0025156
     L2logmw |  -.0001907    .003343    -0.06   0.955    -.0069054     .006524
     L3logmw |  -.0015379   .0023439    -0.66   0.515    -.0062457    .0031699
     L4logmw |  -.0007736   .0022846    -0.34   0.736    -.0053623     .003815
       _cons |   .0199793   .0036651     5.45   0.000     .0126177     .027341
------------------------------------------------------------------------------

Absorbed degrees of freedom:
-----------------------------------------------------+
 Absorbed FE | Categories  - Redundant  = Num. Coefs |
-------------+---------------------------------------|
    statenum |        51          51           0    *|
        year |        30           1          29     |
-----------------------------------------------------+
* = FE nested within cluster; treated as redundant for DoF computation

 ( 1)  1.777059*logmw + 1.421647*L1logmw + 1.066235*L2logmw + .7108234*L3logmw
       + .3554117*L4logmw = 0

------------------------------------------------------------------------------
sixth_per~17 | Coefficient  Std. err.      t    P>|t|     [95% conf. interval]
-------------+----------------------------------------------------------------
         (1) |  -.0006778    .003477    -0.19   0.846    -.0076615    .0063058
------------------------------------------------------------------------------
(MWFE estimator converged in 2 iterations)

HDFE Linear regression                            Number of obs   =      1,530
Absorbing 2 HDFE groups                           F(   7,     50) =       2.18
Statistics robust to heteroskedasticity           Prob > F        =     0.0521
                                                  R-squared       =     0.6509
                                                  Adj R-squared   =     0.6301
                                                  Within R-sq.    =     0.0216
Number of clusters (statenum) =         51        Root MSE        =     0.0017

                              (Std. err. adjusted for 51 clusters in statenum)
------------------------------------------------------------------------------
             |               Robust
sixth_per~18 | Coefficient  std. err.      t    P>|t|     [95% conf. interval]
-------------+----------------------------------------------------------------
     F2logmw |  -.0009041   .0020042    -0.45   0.654    -.0049297    .0031214
     F1logmw |  -.0051255    .003678    -1.39   0.170     -.012513     .002262
       logmw |   .0045046   .0037356     1.21   0.234    -.0029987    .0120078
     L1logmw |   .0014105   .0027898     0.51   0.615    -.0041929    .0070139
     L2logmw |  -.0051162   .0031246    -1.64   0.108    -.0113922    .0011598
     L3logmw |   .0032785   .0027162     1.21   0.233    -.0021771     .008734
     L4logmw |  -.0030279   .0013619    -2.22   0.031    -.0057634   -.0002925
       _cons |    .015736   .0038722     4.06   0.000     .0079585    .0235135
------------------------------------------------------------------------------

Absorbed degrees of freedom:
-----------------------------------------------------+
 Absorbed FE | Categories  - Redundant  = Num. Coefs |
-------------+---------------------------------------|
    statenum |        51          51           0    *|
        year |        30           1          29     |
-----------------------------------------------------+
* = FE nested within cluster; treated as redundant for DoF computation

 ( 1)  1.777059*logmw + 1.421647*L1logmw + 1.066235*L2logmw + .7108234*L3logmw
       + .3554117*L4logmw = 0

------------------------------------------------------------------------------
sixth_per~18 | Coefficient  Std. err.      t    P>|t|     [95% conf. interval]
-------------+----------------------------------------------------------------
         (1) |   .0058094   .0067848     0.86   0.396    -.0078182     .019437
------------------------------------------------------------------------------
(MWFE estimator converged in 2 iterations)

HDFE Linear regression                            Number of obs   =      1,530
Absorbing 2 HDFE groups                           F(   7,     50) =       3.03
Statistics robust to heteroskedasticity           Prob > F        =     0.0098
                                                  R-squared       =     0.6674
                                                  Adj R-squared   =     0.6475
                                                  Within R-sq.    =     0.0136
Number of clusters (statenum) =         51        Root MSE        =     0.0016

                              (Std. err. adjusted for 51 clusters in statenum)
------------------------------------------------------------------------------
             |               Robust
sixth_per~19 | Coefficient  std. err.      t    P>|t|     [95% conf. interval]
-------------+----------------------------------------------------------------
     F2logmw |  -.0026533   .0020379    -1.30   0.199    -.0067466      .00144
     F1logmw |  -.0008957    .002555    -0.35   0.727    -.0060275    .0042361
       logmw |   .0012919   .0022921     0.56   0.576    -.0033119    .0058957
     L1logmw |   .0008591   .0021962     0.39   0.697    -.0035521    .0052702
     L2logmw |     -.0031   .0023776    -1.30   0.198    -.0078754    .0016755
     L3logmw |    .000753   .0025474     0.30   0.769    -.0043636    .0058696
     L4logmw |   -.000279    .002092    -0.13   0.894    -.0044808    .0039229
       _cons |   .0132069   .0031236     4.23   0.000     .0069329    .0194809
------------------------------------------------------------------------------

Absorbed degrees of freedom:
-----------------------------------------------------+
 Absorbed FE | Categories  - Redundant  = Num. Coefs |
-------------+---------------------------------------|
    statenum |        51          51           0    *|
        year |        30           1          29     |
-----------------------------------------------------+
* = FE nested within cluster; treated as redundant for DoF computation

 ( 1)  1.777059*logmw + 1.421647*L1logmw + 1.066235*L2logmw + .7108234*L3logmw
       + .3554117*L4logmw = 0

------------------------------------------------------------------------------
sixth_per~19 | Coefficient  Std. err.      t    P>|t|     [95% conf. interval]
-------------+----------------------------------------------------------------
         (1) |   .0006479    .003025     0.21   0.831    -.0054281    .0067239
------------------------------------------------------------------------------
(MWFE estimator converged in 2 iterations)

HDFE Linear regression                            Number of obs   =      1,530
Absorbing 2 HDFE groups                           F(   7,     50) =       1.46
Statistics robust to heteroskedasticity           Prob > F        =     0.2026
                                                  R-squared       =     0.6694
                                                  Adj R-squared   =     0.6497
                                                  Within R-sq.    =     0.0112
Number of clusters (statenum) =         51        Root MSE        =     0.0014

                              (Std. err. adjusted for 51 clusters in statenum)
------------------------------------------------------------------------------
             |               Robust
sixth_per~20 | Coefficient  std. err.      t    P>|t|     [95% conf. interval]
-------------+----------------------------------------------------------------
     F2logmw |   .0009109   .0009033     1.01   0.318    -.0009035    .0027253
     F1logmw |  -.0012876   .0020415    -0.63   0.531    -.0053881    .0028129
       logmw |  -.0010759   .0022716    -0.47   0.638    -.0056386    .0034867
     L1logmw |  -.0009946   .0021055    -0.47   0.639    -.0052235    .0032344
     L2logmw |   .0002797   .0021461     0.13   0.897    -.0040307    .0045902
     L3logmw |  -.0010182   .0018994    -0.54   0.594    -.0048334    .0027969
     L4logmw |  -.0001356   .0016175    -0.08   0.934    -.0033845    .0031133
       _cons |   .0112592   .0027563     4.08   0.000      .005723    .0167954
------------------------------------------------------------------------------

Absorbed degrees of freedom:
-----------------------------------------------------+
 Absorbed FE | Categories  - Redundant  = Num. Coefs |
-------------+---------------------------------------|
    statenum |        51          51           0    *|
        year |        30           1          29     |
-----------------------------------------------------+
* = FE nested within cluster; treated as redundant for DoF computation

 ( 1)  1.777059*logmw + 1.421647*L1logmw + 1.066235*L2logmw + .7108234*L3logmw
       + .3554117*L4logmw = 0

------------------------------------------------------------------------------
sixth_per~20 | Coefficient  Std. err.      t    P>|t|     [95% conf. interval]
-------------+----------------------------------------------------------------
         (1) |  -.0037997    .002869    -1.32   0.191    -.0095623     .001963
------------------------------------------------------------------------------
(MWFE estimator converged in 2 iterations)

HDFE Linear regression                            Number of obs   =      1,530
Absorbing 2 HDFE groups                           F(   7,     50) =       1.62
Statistics robust to heteroskedasticity           Prob > F        =     0.1513
                                                  R-squared       =     0.6972
                                                  Adj R-squared   =     0.6791
                                                  Within R-sq.    =     0.0111
Number of clusters (statenum) =         51        Root MSE        =     0.0013

                              (Std. err. adjusted for 51 clusters in statenum)
------------------------------------------------------------------------------
             |               Robust
sixth_per~21 | Coefficient  std. err.      t    P>|t|     [95% conf. interval]
-------------+----------------------------------------------------------------
     F2logmw |  -.0023192   .0012698    -1.83   0.074    -.0048696    .0002313
     F1logmw |   .0015193    .001585     0.96   0.342    -.0016644    .0047029
       logmw |  -.0001482   .0019567    -0.08   0.940    -.0040782    .0037819
     L1logmw |  -.0015609   .0018965    -0.82   0.414    -.0053701    .0022483
     L2logmw |  -.0013646   .0017989    -0.76   0.452    -.0049779    .0022486
     L3logmw |   .0038684   .0018956     2.04   0.047     .0000609    .0076759
     L4logmw |  -.0020735   .0018286    -1.13   0.262    -.0057464    .0015995
       _cons |   .0085448   .0019997     4.27   0.000     .0045284    .0125613
------------------------------------------------------------------------------

Absorbed degrees of freedom:
-----------------------------------------------------+
 Absorbed FE | Categories  - Redundant  = Num. Coefs |
-------------+---------------------------------------|
    statenum |        51          51           0    *|
        year |        30           1          29     |
-----------------------------------------------------+
* = FE nested within cluster; treated as redundant for DoF computation

 ( 1)  1.777059*logmw + 1.421647*L1logmw + 1.066235*L2logmw + .7108234*L3logmw
       + .3554117*L4logmw = 0

------------------------------------------------------------------------------
sixth_per~21 | Coefficient  Std. err.      t    P>|t|     [95% conf. interval]
-------------+----------------------------------------------------------------
         (1) |  -.0019245   .0024433    -0.79   0.435     -.006832    .0029831
------------------------------------------------------------------------------
(MWFE estimator converged in 2 iterations)

HDFE Linear regression                            Number of obs   =      1,530
Absorbing 2 HDFE groups                           F(   7,     50) =       4.38
Statistics robust to heteroskedasticity           Prob > F        =     0.0007
                                                  R-squared       =     0.6554
                                                  Adj R-squared   =     0.6349
                                                  Within R-sq.    =     0.0189
Number of clusters (statenum) =         51        Root MSE        =     0.0012

                              (Std. err. adjusted for 51 clusters in statenum)
------------------------------------------------------------------------------
             |               Robust
sixth_per~22 | Coefficient  std. err.      t    P>|t|     [95% conf. interval]
-------------+----------------------------------------------------------------
     F2logmw |  -.0021573   .0011278    -1.91   0.061    -.0044225    .0001079
     F1logmw |   -.001174   .0017297    -0.68   0.500    -.0046483    .0023003
       logmw |   .0020223   .0016352     1.24   0.222    -.0012621    .0053066
     L1logmw |   -.000083   .0018969    -0.04   0.965     -.003893     .003727
     L2logmw |   .0013027   .0015878     0.82   0.416    -.0018864    .0044919
     L3logmw |  -.0037429   .0017742    -2.11   0.040    -.0073066   -.0001793
     L4logmw |   .0012261   .0013684     0.90   0.375    -.0015225    .0039747
       _cons |   .0086885    .001956     4.44   0.000     .0047598    .0126171
------------------------------------------------------------------------------

Absorbed degrees of freedom:
-----------------------------------------------------+
 Absorbed FE | Categories  - Redundant  = Num. Coefs |
-------------+---------------------------------------|
    statenum |        51          51           0    *|
        year |        30           1          29     |
-----------------------------------------------------+
* = FE nested within cluster; treated as redundant for DoF computation

 ( 1)  1.777059*logmw + 1.421647*L1logmw + 1.066235*L2logmw + .7108234*L3logmw
       + .3554117*L4logmw = 0

------------------------------------------------------------------------------
sixth_per~22 | Coefficient  Std. err.      t    P>|t|     [95% conf. interval]
-------------+----------------------------------------------------------------
         (1) |   .0026399    .002712     0.97   0.335    -.0028074    .0080872
------------------------------------------------------------------------------
(MWFE estimator converged in 2 iterations)

HDFE Linear regression                            Number of obs   =      1,530
Absorbing 2 HDFE groups                           F(   7,     50) =       3.49
Statistics robust to heteroskedasticity           Prob > F        =     0.0040
                                                  R-squared       =     0.6639
                                                  Adj R-squared   =     0.6439
                                                  Within R-sq.    =     0.0286
Number of clusters (statenum) =         51        Root MSE        =     0.0010

                              (Std. err. adjusted for 51 clusters in statenum)
------------------------------------------------------------------------------
             |               Robust
sixth_per~23 | Coefficient  std. err.      t    P>|t|     [95% conf. interval]
-------------+----------------------------------------------------------------
     F2logmw |  -.0033019    .001098    -3.01   0.004    -.0055073   -.0010966
     F1logmw |   .0016422   .0013641     1.20   0.234    -.0010976     .004382
       logmw |  -.0013939   .0017934    -0.78   0.441    -.0049961    .0022084
     L1logmw |  -.0006177   .0015316    -0.40   0.688     -.003694    .0024587
     L2logmw |  -.0004508   .0009591    -0.47   0.640    -.0023773    .0014756
     L3logmw |   .0016083   .0013373     1.20   0.235    -.0010778    .0042943
     L4logmw |  -.0018078   .0009152    -1.98   0.054     -.003646    .0000304
       _cons |   .0106548    .002463     4.33   0.000     .0057076    .0156019
------------------------------------------------------------------------------

Absorbed degrees of freedom:
-----------------------------------------------------+
 Absorbed FE | Categories  - Redundant  = Num. Coefs |
-------------+---------------------------------------|
    statenum |        51          51           0    *|
        year |        30           1          29     |
-----------------------------------------------------+
* = FE nested within cluster; treated as redundant for DoF computation

 ( 1)  1.777059*logmw + 1.421647*L1logmw + 1.066235*L2logmw + .7108234*L3logmw
       + .3554117*L4logmw = 0

------------------------------------------------------------------------------
sixth_per~23 | Coefficient  Std. err.      t    P>|t|     [95% conf. interval]
-------------+----------------------------------------------------------------
         (1) |  -.0033351    .002317    -1.44   0.156    -.0079889    .0013187
------------------------------------------------------------------------------
(MWFE estimator converged in 2 iterations)

HDFE Linear regression                            Number of obs   =      1,530
Absorbing 2 HDFE groups                           F(   7,     50) =       6.77
Statistics robust to heteroskedasticity           Prob > F        =     0.0000
                                                  R-squared       =     0.6297
                                                  Adj R-squared   =     0.6077
                                                  Within R-sq.    =     0.0243
Number of clusters (statenum) =         51        Root MSE        =     0.0010

                              (Std. err. adjusted for 51 clusters in statenum)
------------------------------------------------------------------------------
             |               Robust
sixth_per~24 | Coefficient  std. err.      t    P>|t|     [95% conf. interval]
-------------+----------------------------------------------------------------
     F2logmw |  -.0004809   .0011833    -0.41   0.686    -.0028577    .0018959
     F1logmw |   .0004971   .0017093     0.29   0.772     -.002936    .0039303
       logmw |  -.0000442   .0016057    -0.03   0.978    -.0032693    .0031809
     L1logmw |  -.0006309   .0015978    -0.39   0.695    -.0038401    .0025783
     L2logmw |  -.0028482   .0010584    -2.69   0.010    -.0049741   -.0007222
     L3logmw |   .0019211   .0010373     1.85   0.070    -.0001624    .0040046
     L4logmw |  -.0018911   .0008181    -2.31   0.025    -.0035342   -.0002479
       _cons |   .0086129   .0014003     6.15   0.000     .0058003    .0114255
------------------------------------------------------------------------------

Absorbed degrees of freedom:
-----------------------------------------------------+
 Absorbed FE | Categories  - Redundant  = Num. Coefs |
-------------+---------------------------------------|
    statenum |        51          51           0    *|
        year |        30           1          29     |
-----------------------------------------------------+
* = FE nested within cluster; treated as redundant for DoF computation

 ( 1)  1.777059*logmw + 1.421647*L1logmw + 1.066235*L2logmw + .7108234*L3logmw
       + .3554117*L4logmw = 0

------------------------------------------------------------------------------
sixth_per~24 | Coefficient  Std. err.      t    P>|t|     [95% conf. interval]
-------------+----------------------------------------------------------------
         (1) |  -.0033188   .0016077    -2.06   0.044    -.0065478   -.0000897
------------------------------------------------------------------------------
(MWFE estimator converged in 2 iterations)

HDFE Linear regression                            Number of obs   =      1,530
Absorbing 2 HDFE groups                           F(   7,     50) =      10.88
Statistics robust to heteroskedasticity           Prob > F        =     0.0000
                                                  R-squared       =     0.6471
                                                  Adj R-squared   =     0.6261
                                                  Within R-sq.    =     0.0357
Number of clusters (statenum) =         51        Root MSE        =     0.0009

                              (Std. err. adjusted for 51 clusters in statenum)
------------------------------------------------------------------------------
             |               Robust
sixth_per~25 | Coefficient  std. err.      t    P>|t|     [95% conf. interval]
-------------+----------------------------------------------------------------
     F2logmw |  -.0008795   .0012355    -0.71   0.480     -.003361     .001602
     F1logmw |   .0002492   .0018317     0.14   0.892    -.0034299    .0039282
       logmw |  -.0022384   .0018166    -1.23   0.224    -.0058871    .0014103
     L1logmw |   .0000639   .0015647     0.04   0.968    -.0030788    .0032067
     L2logmw |  -.0002472   .0011963    -0.21   0.837      -.00265    .0021555
     L3logmw |  -.0002621   .0012498    -0.21   0.835    -.0027724    .0022481
     L4logmw |   -.001284   .0010044    -1.28   0.207    -.0033015    .0007335
       _cons |   .0102397   .0013287     7.71   0.000      .007571    .0129084
------------------------------------------------------------------------------

Absorbed degrees of freedom:
-----------------------------------------------------+
 Absorbed FE | Categories  - Redundant  = Num. Coefs |
-------------+---------------------------------------|
    statenum |        51          51           0    *|
        year |        30           1          29     |
-----------------------------------------------------+
* = FE nested within cluster; treated as redundant for DoF computation

 ( 1)  1.777059*logmw + 1.421647*L1logmw + 1.066235*L2logmw + .7108234*L3logmw
       + .3554117*L4logmw = 0

------------------------------------------------------------------------------
sixth_per~25 | Coefficient  Std. err.      t    P>|t|     [95% conf. interval]
-------------+----------------------------------------------------------------
         (1) |  -.0047932   .0021963    -2.18   0.034    -.0092047   -.0003817
------------------------------------------------------------------------------
(MWFE estimator converged in 2 iterations)

HDFE Linear regression                            Number of obs   =      1,530
Absorbing 2 HDFE groups                           F(   7,     50) =       2.74
Statistics robust to heteroskedasticity           Prob > F        =     0.0171
                                                  R-squared       =     0.6410
                                                  Adj R-squared   =     0.6196
                                                  Within R-sq.    =     0.0149
Number of clusters (statenum) =         51        Root MSE        =     0.0008

                              (Std. err. adjusted for 51 clusters in statenum)
------------------------------------------------------------------------------
             |               Robust
sixth_per~26 | Coefficient  std. err.      t    P>|t|     [95% conf. interval]
-------------+----------------------------------------------------------------
     F2logmw |  -.0018159   .0008409    -2.16   0.036    -.0035049   -.0001269
     F1logmw |    .000868    .001077     0.81   0.424    -.0012952    .0030313
       logmw |  -.0000985   .0008218    -0.12   0.905    -.0017491     .001552
     L1logmw |   .0005733   .0013375     0.43   0.670    -.0021133    .0032598
     L2logmw |  -.0011215   .0016883    -0.66   0.510    -.0045126    .0022695
     L3logmw |  -.0012444   .0009123    -1.36   0.179    -.0030768    .0005879
     L4logmw |   .0006148   .0008216     0.75   0.458    -.0010354     .002265
       _cons |   .0061144   .0011148     5.48   0.000     .0038752    .0083536
------------------------------------------------------------------------------

Absorbed degrees of freedom:
-----------------------------------------------------+
 Absorbed FE | Categories  - Redundant  = Num. Coefs |
-------------+---------------------------------------|
    statenum |        51          51           0    *|
        year |        30           1          29     |
-----------------------------------------------------+
* = FE nested within cluster; treated as redundant for DoF computation

 ( 1)  1.777059*logmw + 1.421647*L1logmw + 1.066235*L2logmw + .7108234*L3logmw
       + .3554117*L4logmw = 0

------------------------------------------------------------------------------
sixth_per~26 | Coefficient  Std. err.      t    P>|t|     [95% conf. interval]
-------------+----------------------------------------------------------------
         (1) |   -.001222   .0012181    -1.00   0.321    -.0036686    .0012247
------------------------------------------------------------------------------
(MWFE estimator converged in 2 iterations)

HDFE Linear regression                            Number of obs   =      1,530
Absorbing 2 HDFE groups                           F(   7,     50) =       5.86
Statistics robust to heteroskedasticity           Prob > F        =     0.0001
                                                  R-squared       =     0.6227
                                                  Adj R-squared   =     0.6003
                                                  Within R-sq.    =     0.0151
Number of clusters (statenum) =         51        Root MSE        =     0.0008

                              (Std. err. adjusted for 51 clusters in statenum)
------------------------------------------------------------------------------
             |               Robust
sixth_per~27 | Coefficient  std. err.      t    P>|t|     [95% conf. interval]
-------------+----------------------------------------------------------------
     F2logmw |  -.0002095   .0006201    -0.34   0.737     -.001455     .001036
     F1logmw |  -.0003174   .0011144    -0.28   0.777    -.0025558    .0019209
       logmw |  -.0017903   .0013342    -1.34   0.186    -.0044702    .0008896
     L1logmw |   .0013896   .0011155     1.25   0.219     -.000851    .0036301
     L2logmw |   -.000661    .001017    -0.65   0.519    -.0027037    .0013816
     L3logmw |   .0018904   .0010785     1.75   0.086    -.0002759    .0040566
     L4logmw |  -.0019447   .0006612    -2.94   0.005    -.0032727   -.0006167
       _cons |   .0048227   .0012593     3.83   0.000     .0022934    .0073521
------------------------------------------------------------------------------

Absorbed degrees of freedom:
-----------------------------------------------------+
 Absorbed FE | Categories  - Redundant  = Num. Coefs |
-------------+---------------------------------------|
    statenum |        51          51           0    *|
        year |        30           1          29     |
-----------------------------------------------------+
* = FE nested within cluster; treated as redundant for DoF computation

 ( 1)  1.777059*logmw + 1.421647*L1logmw + 1.066235*L2logmw + .7108234*L3logmw
       + .3554117*L4logmw = 0

------------------------------------------------------------------------------
sixth_per~27 | Coefficient  Std. err.      t    P>|t|     [95% conf. interval]
-------------+----------------------------------------------------------------
         (1) |  -.0012582   .0017129    -0.73   0.466    -.0046987    .0021823
------------------------------------------------------------------------------
(MWFE estimator converged in 2 iterations)

HDFE Linear regression                            Number of obs   =      1,530
Absorbing 2 HDFE groups                           F(   7,     50) =       1.24
Statistics robust to heteroskedasticity           Prob > F        =     0.3003
                                                  R-squared       =     0.5571
                                                  Adj R-squared   =     0.5307
                                                  Within R-sq.    =     0.0080
Number of clusters (statenum) =         51        Root MSE        =     0.0007

                              (Std. err. adjusted for 51 clusters in statenum)
------------------------------------------------------------------------------
             |               Robust
sixth_per~28 | Coefficient  std. err.      t    P>|t|     [95% conf. interval]
-------------+----------------------------------------------------------------
     F2logmw |  -.0010235    .000836    -1.22   0.227    -.0027026    .0006556
     F1logmw |   .0006321   .0012549     0.50   0.617    -.0018885    .0031526
       logmw |  -.0014076   .0011198    -1.26   0.215    -.0036569    .0008416
     L1logmw |   .0015592   .0010756     1.45   0.153    -.0006012    .0037195
     L2logmw |  -.0012043   .0011993    -1.00   0.320    -.0036131    .0012046
     L3logmw |    .001027   .0013735     0.75   0.458    -.0017316    .0037857
     L4logmw |  -.0008365    .000775    -1.08   0.286     -.002393    .0007201
       _cons |   .0037696    .001082     3.48   0.001     .0015963    .0059428
------------------------------------------------------------------------------

Absorbed degrees of freedom:
-----------------------------------------------------+
 Absorbed FE | Categories  - Redundant  = Num. Coefs |
-------------+---------------------------------------|
    statenum |        51          51           0    *|
        year |        30           1          29     |
-----------------------------------------------------+
* = FE nested within cluster; treated as redundant for DoF computation

 ( 1)  1.777059*logmw + 1.421647*L1logmw + 1.066235*L2logmw + .7108234*L3logmw
       + .3554117*L4logmw = 0

------------------------------------------------------------------------------
sixth_per~28 | Coefficient  Std. err.      t    P>|t|     [95% conf. interval]
-------------+----------------------------------------------------------------
         (1) |  -.0011361   .0015865    -0.72   0.477    -.0043227    .0020504
------------------------------------------------------------------------------
(MWFE estimator converged in 2 iterations)

HDFE Linear regression                            Number of obs   =      1,530
Absorbing 2 HDFE groups                           F(   7,     50) =       1.63
Statistics robust to heteroskedasticity           Prob > F        =     0.1489
                                                  R-squared       =     0.5433
                                                  Adj R-squared   =     0.5160
                                                  Within R-sq.    =     0.0098
Number of clusters (statenum) =         51        Root MSE        =     0.0007

                              (Std. err. adjusted for 51 clusters in statenum)
------------------------------------------------------------------------------
             |               Robust
sixth_per~29 | Coefficient  std. err.      t    P>|t|     [95% conf. interval]
-------------+----------------------------------------------------------------
     F2logmw |  -.0012778   .0011531    -1.11   0.273    -.0035937    .0010382
     F1logmw |   .0010021    .001128     0.89   0.379    -.0012636    .0032678
       logmw |  -.0001062   .0008104    -0.13   0.896     -.001734    .0015215
     L1logmw |   .0000904   .0013254     0.07   0.946    -.0025718    .0027526
     L2logmw |  -.0009949   .0009319    -1.07   0.291    -.0028667    .0008769
     L3logmw |  -.0003259   .0011039    -0.30   0.769     -.002543    .0018913
     L4logmw |   .0003011    .000647     0.47   0.644    -.0009984    .0016007
       _cons |   .0036967    .001293     2.86   0.006     .0010997    .0062937
------------------------------------------------------------------------------

Absorbed degrees of freedom:
-----------------------------------------------------+
 Absorbed FE | Categories  - Redundant  = Num. Coefs |
-------------+---------------------------------------|
    statenum |        51          51           0    *|
        year |        30           1          29     |
-----------------------------------------------------+
* = FE nested within cluster; treated as redundant for DoF computation

 ( 1)  1.777059*logmw + 1.421647*L1logmw + 1.066235*L2logmw + .7108234*L3logmw
       + .3554117*L4logmw = 0

------------------------------------------------------------------------------
sixth_per~29 | Coefficient  Std. err.      t    P>|t|     [95% conf. interval]
-------------+----------------------------------------------------------------
         (1) |  -.0012457   .0011343    -1.10   0.277     -.003524    .0010327
------------------------------------------------------------------------------
(MWFE estimator converged in 2 iterations)

HDFE Linear regression                            Number of obs   =      1,530
Absorbing 2 HDFE groups                           F(   7,     50) =       1.08
Statistics robust to heteroskedasticity           Prob > F        =     0.3910
                                                  R-squared       =     0.8554
                                                  Adj R-squared   =     0.8468
                                                  Within R-sq.    =     0.0064
Number of clusters (statenum) =         51        Root MSE        =     0.0023

                              (Std. err. adjusted for 51 clusters in statenum)
------------------------------------------------------------------------------
             |               Robust
sixth_per~30 | Coefficient  std. err.      t    P>|t|     [95% conf. interval]
-------------+----------------------------------------------------------------
     F2logmw |   .0017349   .0018535     0.94   0.354    -.0019879    .0054577
     F1logmw |  -.0028593   .0016201    -1.76   0.084    -.0061133    .0003948
       logmw |   .0035149   .0039255     0.90   0.375    -.0043696    .0113994
     L1logmw |   .0013667   .0030691     0.45   0.658    -.0047979    .0075312
     L2logmw |  -.0033669    .003058    -1.10   0.276    -.0095091    .0027752
     L3logmw |   .0030562   .0022881     1.34   0.188    -.0015396    .0076519
     L4logmw |   .0005129   .0023839     0.22   0.831    -.0042754    .0053012
       _cons |   .0043984   .0060399     0.73   0.470    -.0077331      .01653
------------------------------------------------------------------------------

Absorbed degrees of freedom:
-----------------------------------------------------+
 Absorbed FE | Categories  - Redundant  = Num. Coefs |
-------------+---------------------------------------|
    statenum |        51          51           0    *|
        year |        30           1          29     |
-----------------------------------------------------+
* = FE nested within cluster; treated as redundant for DoF computation

 ( 1)  1.777059*logmw + 1.421647*L1logmw + 1.066235*L2logmw + .7108234*L3logmw
       + .3554117*L4logmw = 0

------------------------------------------------------------------------------
sixth_per~30 | Coefficient  Std. err.      t    P>|t|     [95% conf. interval]
-------------+----------------------------------------------------------------
         (1) |   .0069538   .0062896     1.11   0.274    -.0056793    .0195869
------------------------------------------------------------------------------
(1,937 missing values generated)
(29 real changes made)
file
    /Users/brycewang/Documents/GitHub/top5-Econ-Paper-Replications/QJE2019-Mi
    > nimum-Wages-Low-Wage-Jobs/Results/Figures/FigureG2_a.pdf saved as PDF
    format

. *
. *               
. 
. 
end of do-file
