-------------------------------------------------------------------------------
      name:  steplogsmcl
       log:  /Users/brycewang/Documents/GitHub/top5-Econ-Paper-Replications/QJE
> 2019-Minimum-Wages-Low-Wage-Jobs/Results/logs/Appendix_Table_A7.log
  log type:  text
 opened on:  17 Sep 2026, 05:53:28

. 
. *This do file is created by DC on 04/19/2018.
. *****************************************************************************
> ***
. ***************         CK predicted probabilities                ***********
> ***
. *****************************************************************************
> ***
. 
. 
. 
. use "${data}qcew_multiplier.dta", clear

. keep statenum quarterdate multiplier

. assert multiplier!=0

. tempfile qcew

. save `qcew'
file /var/folders/bm/2cq1vtmd5wg6k0vdjfpvbmww0000gn/T//St44731.000001 saved
    as .dta format

. 
. 
. use statenum quarterdate first_pop fourth_pop fifth_pop using "${data}CK_grou
> ps.dta", clear

. egen tagger = tag(statenum quarterdate)

. rename first_pop        totalpopulation1

. rename fourth_pop       totalpopulation2

. rename fifth_pop        totalpopulation3

. gen totalpopulation4 = totalpopulation1 + totalpopulation2

. keep if tagger
(703,646 observations deleted)

. drop tagger

. tempfile grouppop

. save `grouppop'
file /var/folders/bm/2cq1vtmd5wg6k0vdjfpvbmww0000gn/T//St44731.000002 saved
    as .dta format

. 
. 
. use statenum quarterdate population using "${data}state_panels_cents_balanced
> _add_QJE.dta", clear

. egen tagger = tag(statenum quarterdate)

. keep if tagger
(899,232 observations deleted)

. drop tagger

. tempfile pop

. save `pop'
file /var/folders/bm/2cq1vtmd5wg6k0vdjfpvbmww0000gn/T//St44731.000003 saved
    as .dta format

. 
. 
. use "${data}CK_predicted_groups_collapsed.dta", clear

.                 merge m:1 statenum quarterdate using `qcew', nogenerate asser
> t(3)

    Result                      Number of obs
    -----------------------------------------
    Not matched                             0
    Matched                            23,256  
    -----------------------------------------

.                 replace preds_group_countall = preds_group_countall* multipli
> er         
(23,208 real changes made)

.                 keep preds_group_countall logwage wage min_preds statenum qua
> rterdate preds_group

.                 reshape wide preds_group_countall logwage wage min_preds , i(
> statenum quarterdate) j(preds_group)
(j = 1 2 3)

Data                               Long   ->   Wide
-----------------------------------------------------------------------------
Number of observations           23,256   ->   7,752       
Number of variables                   7   ->   14          
j variable (3 values)       preds_group   ->   (dropped)
xij variables:
                   preds_group_countall   ->   preds_group_countall1 preds_grou
> p_countall2 preds_group_countall3
                                logwage   ->   logwage1 logwage2 logwage3
                                   wage   ->   wage1 wage2 wage3
                              min_preds   ->   min_preds1 min_preds2 min_preds3
-----------------------------------------------------------------------------

.                 gen preds_group_countall4 = preds_group_countall1 +  preds_gr
> oup_countall2 

. 
. merge 1:1 statenum quarterdate using "${data}VZmw_quarterly_lagsleads_1979_20
> 16.dta", assert(3) nogenerate

    Result                      Number of obs
    -----------------------------------------
    Not matched                             0
    Matched                             7,752  
    -----------------------------------------

. merge 1:1 statenum quarterdate using `pop', assert(3) nogenerate

    Result                      Number of obs
    -----------------------------------------
    Not matched                             0
    Matched                             7,752  
    -----------------------------------------

. merge 1:1 statenum quarterdate using `grouppop', assert(3) nogenerate

    Result                      Number of obs
    -----------------------------------------
    Not matched                             0
    Matched                             7,752  
    -----------------------------------------

. merge 1:1 statenum quarterdate using "${data}eventclassification.dta", nogene
> rate assert(1 3)

    Result                      Number of obs
    -----------------------------------------
    Not matched                         7,236
        from master                     7,236  
        from using                          0  

    Matched                               516  
    -----------------------------------------

. replace overallcountgroup = 0 if overallcountgroup==.
(7,383 real changes made)

. assert overallcountgroup!=0 if alltreat==1 & toosmall==0

. 
. 
. 
. preserve

. use "${data}cpiursai1977-2016.dta", clear

. *Dropping an empty column and column that calculates yearly average (simple)
. drop v14 avg

. reshape long month, i(year) j(m)
(j = 1 2 3 4 5 6 7 8 9 10 11 12)

Data                               Wide   ->   Long
-----------------------------------------------------------------------------
Number of observations               40   ->   480         
Number of variables                  13   ->   3           
j variable (12 values)                    ->   m
xij variables:
              month1 month2 ... month12   ->   month
-----------------------------------------------------------------------------

. rename month cpi

. rename m month

. keep if year >= 1979
(24 observations deleted)

. *If base year needs to be changed, use here.
. local baseyear=2016

. sum cpi if year == `baseyear', meanonly

. local cpibase = r(mean)

. replace cpi = 100 * cpi / `cpibase'
(456 real changes made)

. gen monthdate = ym(year,month)

. gen quarterdate = qofd(dofm(monthdate))

. collapse cpi, by(quarterdate)

. tempfile cpiquarter

. save `cpiquarter'
file /var/folders/bm/2cq1vtmd5wg6k0vdjfpvbmww0000gn/T//St44731.000005 saved
    as .dta format

. restore

. 
. 
. cap drop _merge

. merge m:1 quarterdate using `cpiquarter', nogenerate assert(3)

    Result                      Number of obs
    -----------------------------------------
    Not matched                             0
    Matched                             7,752  
    -----------------------------------------

. 
. xtset statenum quarterdate      

Panel variable: statenum (strongly balanced)
 Time variable: quarterdate, 76 to 227
         Delta: 1 unit

. 
. 
. g MW = exp(logmw) 

. g DMW = D.MW
(51 missing values generated)

. g MW_real = exp(logmw)/(cpi/100) 

. g DMW_real = D.MW_real 
(51 missing values generated)

. 
. g MW_realM25 = MW_real - mod(MW_real,0.25)

. g DMW_realM25 = D.MW_realM25
(51 missing values generated)

.         
.         
.         
. compress
  variable quarterdate was float now int
  variable alltreat was float now byte
  variable fedincrease was float now byte
  variable toosmall was float now byte
  (85,272 bytes saved)

. rename population totalpopulation

. forval j = 1/4 { 
  2.         g percap`j' = preds_group_countall`j'/totalpopulation`j'
  3.         
. }

. *
. gen countall  = preds_group_countall1

. forval j = 2/3 { 
  2.         replace countall= countall +  preds_group_countall`j'
  3. }
(7,752 real changes made)
(7,752 real changes made)

. 
. g epop    = countall/totalpopulation

. 
. 
. xtset statenum quarterdate

Panel variable: statenum (strongly balanced)
 Time variable: quarterdate, 76 to 227
         Delta: 1 unit

. 
.         cap drop treat 

.         cap drop _treat

.         g _treat_p=0

.                 replace _treat = 1 if overallcountgroup>0 & fedincrease!=1
(138 real changes made)

.          g treat = ( _treat +  L._treat + L2._treat + L3._treat)
(153 missing values generated)

.         cap drop _treat

. 
. 
. 
. cap drop  Dtreat

. g Dtreat = D.treat
(204 missing values generated)

. 
. cap drop _cont

. g _cont = 0

. replace _cont = 1 if ($missedevents | toosmall==1) 
(255 real changes made)

. g tempcont = _cont + L._cont + L2._cont + L3._cont
(153 missing values generated)

. 
. local Tmax3 = 16 + 3

. forval i = 0(1)`Tmax3'{
  2.         if `i' == 0{
  3.         g postcont = _cont
  4.         }
  5.         else {
  6.         replace postcont = postcont + L`i'._cont
  7.         sum postcont, meanonly
  8.         assert r(mean)!=0
  9.         }
 10. }
(306 real changes made, 51 to missing)
(305 real changes made, 51 to missing)
(305 real changes made, 51 to missing)
(303 real changes made, 51 to missing)
(303 real changes made, 51 to missing)
(302 real changes made, 51 to missing)
(302 real changes made, 51 to missing)
(294 real changes made, 51 to missing)
(294 real changes made, 51 to missing)
(294 real changes made, 51 to missing)
(294 real changes made, 51 to missing)
(284 real changes made, 51 to missing)
(284 real changes made, 51 to missing)
(284 real changes made, 51 to missing)
(284 real changes made, 51 to missing)
(274 real changes made, 51 to missing)
(274 real changes made, 51 to missing)
(274 real changes made, 51 to missing)
(274 real changes made, 51 to missing)

. cap drop _cont

. 
. 
. cap drop _contf

. cap drop postcontf

. 
. g _contf = 0

. replace _contf = 1 if (fedincrease==1 &  overallcountgroup>0 )
(231 real changes made)

. g tempcontf = _contf + L._contf + L2._contf + L3._contf
(153 missing values generated)

. 
. local Tmax3 = 16 + 3

. forval i = 0(1)`Tmax3'{
  2.         if `i' == 0{
  3.         g postcontf = _contf
  4. 
.         }
  5.         else {
  6.         replace postcontf = postcontf + L`i'._contf
  7.         sum postcontf, meanonly
  8.         assert r(mean)!=0
  9.         }
 10. }
(282 real changes made, 51 to missing)
(282 real changes made, 51 to missing)
(282 real changes made, 51 to missing)
(282 real changes made, 51 to missing)
(282 real changes made, 51 to missing)
(282 real changes made, 51 to missing)
(282 real changes made, 51 to missing)
(282 real changes made, 51 to missing)
(282 real changes made, 51 to missing)
(282 real changes made, 51 to missing)
(282 real changes made, 51 to missing)
(282 real changes made, 51 to missing)
(282 real changes made, 51 to missing)
(282 real changes made, 51 to missing)
(282 real changes made, 51 to missing)
(282 real changes made, 51 to missing)
(282 real changes made, 51 to missing)
(282 real changes made, 51 to missing)
(282 real changes made, 51 to missing)

. cap drop _contf

. 
. g precontf = F4.tempcontf
(204 missing values generated)

. g precont = F4.tempcont
(204 missing values generated)

. 
. replace precontf = 0 if precontf == .
(204 real changes made)

. replace precont = 0 if precont  == .
(204 real changes made)

. 
. 
. g earlycontf = F12.tempcontf + F8.tempcontf
(612 missing values generated)

. g earlycont = F12.tempcont + F8.tempcont
(612 missing values generated)

. 
. replace earlycontf = 0 if earlycontf == .
(612 real changes made)

. replace earlycont = 0 if earlycont  == .
(612 real changes made)

. 
. 
. 
. foreach j of numlist 4(4)16{
  2.                 cap drop F`j'treat
  3.                 cap drop L`j'treat
  4.                 
.                 g F`j'treat = F`j'.treat
  5.                 g L`j'treat = L`j'.treat
  6.                 
.                 replace F`j'treat = 0 if F`j'treat ==.
  7.                 replace L`j'treat = 0 if L`j'treat ==.
  8.                 
. 
.         }
(204 missing values generated)
(357 missing values generated)
(204 real changes made)
(357 real changes made)
(408 missing values generated)
(561 missing values generated)
(408 real changes made)
(561 real changes made)
(612 missing values generated)
(765 missing values generated)
(612 real changes made)
(765 real changes made)
(816 missing values generated)
(969 missing values generated)
(816 real changes made)
(969 real changes made)

. *
. 
. replace postcont = 0 if postcont == .
(969 real changes made)

. replace postcontf = 1 if postcontf == .
(969 real changes made)

. 
. 
. g cleansample = 1

. replace cleansample = 0 if quarterdate >=136 & quarterdate <=142
(357 real changes made)

. 
. egen avetotalpopulation = mean(totalpopulation) , by(statenum)

. egen avetotalpopulation1 = mean(totalpopulation1) , by(statenum)

. egen avetotalpopulation2 = mean(totalpopulation2) , by(statenum)

. egen avetotalpopulation3 = mean(totalpopulation3) , by(statenum)

. 
. 
. *Note that we do not use most of these either, yet I keep this global in case
>  it is needed.
. 
. global a1  i.statenum i.quarterdate  // TWFE

. 
. 
. *****************************************************************************
> ***
. **************       Define Treatments         ******************************
> ***
. *****************************************************************************
> ***
. *To keep all as flexible as possible, I am adding lincom too.
. 
. global treat            F12treat F8treat F4treat treat  L4treat L8treat L12tr
> eat L16treat 

. 
. 
. *global minus 0
. global minus (F4treat)

. global lincomagg        (treat-$minus)

. forval i = 4(4)16{
  2. global lincomagg "$lincomagg + (L`i'treat - $minus ) "
  3. }

. *
. 
. 
. 
. *global minus 0
. global minus_emp ([emp_ests_mean]F4treat)

. global lincomagg_emp    ([emp_ests_mean]treat-$minus_emp)

. forval i = 4(4)16{
  2. global lincomagg_emp "$lincomagg_emp + ([emp_ests_mean]L`i'treat - $minus_
> emp ) "
  3. }

. *
. global minus_wage ([wage_ests_mean]F4treat)

. global lincomagg_wage   ([wage_ests_mean]treat-$minus_wage)

. forval i = 4(4)16{
  2. global lincomagg_wage "$lincomagg_wage + ([wage_ests_mean]L`i'treat - $min
> us_wage ) "
  3. }

. *
. 
. global label1 TWFE

. global grlabel1 TWFE

. 
. 
. 
. *****************************************************************************
> ***
. ***************       The Regressions ***************************************
> ***
. *****************************************************************************
> ***                
.                 
. 
. 
. gen all=1

. gen year = year(dofq(quarterdate))

. tempfile temptemp

. save `temptemp', replace        
(file /var/folders/bm/2cq1vtmd5wg6k0vdjfpvbmww0000gn/T//St44731.000006 not
    found)
file /var/folders/bm/2cq1vtmd5wg6k0vdjfpvbmww0000gn/T//St44731.000006 saved
    as .dta format

. 
. local regsample ""

. local graphname "o"

. global weight1 [aw=avetotalpopulation]

. global weight11 [aw=avetotalpopulation1]

. global weight12 [aw=avetotalpopulation2]

. global weight13 [aw=avetotalpopulation3]

. global weight0 [aw=all] 

. local ylabel "ylabel( , labsize(medium))" 

. 
. 
. foreach b in   1979   {
  2.         foreach w in 1 /*0*/   {
  3.                 foreach s in      1   {
  4.                 use `temptemp', clear
  5.                         
.                                 
.                         forval k = 1(1)3{       
  6.                                 sum percap`k'  if ((F.fedincrease != 1 & F
> .fedincrease != . & F.overallcountgr>0 & F.overallcountgr!=. ) | ///
>                                 (F2.fedincrease != 1 & F2.overallcountgr>0 & 
> F2.fedincrease != . & F2.overallcountgr!=. ) ///
>                                 | (F3.fedincrease != 1 & F3.overallcountgr>0 
> & F3.fedincrease != . & F3.overallcountgr!=. ) ///
>                                 | (F4.fedincrease != 1 & F4.overallcountgr>0 
> & F4.fedincrease != . & F4.overallcountgr!=. ) ) & year>=`b' & cleansample ==
> 1 ${weight`w'`k'}
  7. 
.                                 local epop = r(mean)
  8. 
.                                 
.                                 
.                                 sum wage`k'  if ((F.fedincrease != 1 & F.fedi
> ncrease != . & F.overallcountgr>0 & F.overallcountgr!=. ) | ///
>                                 (F2.fedincrease != 1 & F2.overallcountgr>0 & 
> F2.fedincrease != . & F2.overallcountgr!=. ) ///
>                                 | (F3.fedincrease != 1 & F3.overallcountgr>0 
> & F3.fedincrease != . & F3.overallcountgr!=. ) ///
>                                 | (F4.fedincrease != 1 & F4.overallcountgr>0 
> & F4.fedincrease != . & F4.overallcountgr!=. ) ) & year>=`b' & cleansample ==
> 1 ${weight`w'`k'}
  9. 
.                                 global ave_wage`k' = r(mean)/100
 10.                                 
.                                 sum DMW_real if fedincrease!=1 & overallcount
> gr>0 & year>=`b' & cleansample ==1   ${weight`w'`k'}
 11.                                 local mwc = r(mean)
 12.                                 sum MW_real if  (F.fedincrease != 1 & F.fe
> dincrease != . & F.overallcountgr>0 & F.overallcountgr!=. )  & year>=`b' & cl
> eansample ==1   ${weight`w'`k'}
 13.                                 local mw = r(mean)
 14.                                 local mwpc = `mwc'/`mw'
 15.                                 local mwpc2 : di  %04.3f `mwpc'
 16. 
.                                 global E = `epop'
 17.                                         
.                                 global C = 1/(`epop'*`mwpc')
 18.                         
.                                 reghdfe percap`k' $treat if  year>=`b' & clea
> nsample==1 ${weight`w'`k'}, a(i.statenum i.quarterdate i.postcont i.postcont 
> i.postcontf  i.precont i.precontf i.earlycont i.earlycontf ) cluster(statenum
> )
 19.                                 lincomestadd `mwpc'*(($lincomagg ) * (1/5)
> )*${C}, statname(main_est)
 20.                                 
.                                 eststo emp_`k'
 21.                                 local dof =  e(df_r)
 22.                                 
.                                 reghdfe logwage`k' $treat if  year>=`b' & cle
> ansample==1 ${weight`w'`k'}, a(i.statenum i.quarterdate i.postcont i.postcont
>  i.postcontf  i.precont i.precontf i.earlycont i.earlycontf ) cluster(statenu
> m)
 23.                                 lincomestadd `mwpc'*(($lincomagg ) * (1/5)
> )*1/(`mwpc'), statname(main_est)
 24.                                 
.                                 eststo wage_`k'
 25.                                 
.                         reg percap`k' $treat i.statenum i.quarterdate i.postc
> ont i.postcont i.postcontf  i.precont i.precontf i.earlycont i.earlycontf if 
>  year>=`b' & cleansample==1 ${weight`w'`k'}
 26.                         est sto emp_ests
 27.                         reg logwage`k' $treat i.statenum i.quarterdate i.p
> ostcont i.postcont i.postcontf  i.precont i.precontf i.earlycont i.earlycontf
>  if  year>=`b' & cleansample==1 ${weight`w'`k'}
 28.                         est sto wage_ests
 29.                         suest emp_ests wage_ests, vce(cluster statenum)
 30.                         
.                         
.                         
.                         nlcomestadd ((${lincomagg_emp})/${E})/(${lincomagg_wa
> ge}), statname(main_est) dof(`dof')
 31.                         if `k'==1{
 32.                         estadd local group "High prob."
 33.                         }
 34.                         if `k'==2{
 35.                         estadd local group "Middle"
 36.                         }
 37.                         if `k'==3{
 38.                         estadd local group "Low prob."
 39.                         }
 40.                         
.                         eststo emp_elas_wrt_wage_`k'
 41. 
.                         local dof = e(df_r)
 42. 
.                         
.                                 }
 43.                         }
 44.                 }
 45.         }

    Variable |     Obs      Weight        Mean   Std. dev.       Min        Max
-------------+-----------------------------------------------------------------
     percap1 |     547   345813019    .4467457   .1065009   .1416201   1.451085

    Variable |     Obs      Weight        Mean   Std. dev.       Min        Max
-------------+-----------------------------------------------------------------
       wage1 |     547   345813019    1010.064   104.8833   572.1134   1904.746

    Variable |     Obs      Weight        Mean   Std. dev.       Min        Max
-------------+-----------------------------------------------------------------
    DMW_real |     137  86631924.1    .8059118   .4012432   .2514448   2.193727

    Variable |     Obs      Weight        Mean   Std. dev.       Min        Max
-------------+-----------------------------------------------------------------
     MW_real |     138  87078155.7    7.723835   .8529749   6.075942   10.49291
(MWFE estimator converged in 16 iterations)

HDFE Linear regression                            Number of obs   =      7,242
Absorbing 9 HDFE groups                           F(   8,     50) =       0.88
Statistics robust to heteroskedasticity           Prob > F        =     0.5399
                                                  R-squared       =     0.6585
                                                  Adj R-squared   =     0.6478
                                                  Within R-sq.    =     0.0148
Number of clusters (statenum) =         51        Root MSE        =     0.0595

                              (Std. err. adjusted for 51 clusters in statenum)
------------------------------------------------------------------------------
             |               Robust
     percap1 | Coefficient  std. err.      t    P>|t|     [95% conf. interval]
-------------+----------------------------------------------------------------
    F12treat |  -.0099115   .0060699    -1.63   0.109    -.0221032    .0022803
     F8treat |  -.0094084     .00709    -1.33   0.191     -.023649    .0048322
     F4treat |  -.0142029   .0078084    -1.82   0.075    -.0298865    .0014806
       treat |  -.0138767   .0069995    -1.98   0.053    -.0279355    .0001822
     L4treat |  -.0115235   .0062847    -1.83   0.073    -.0241466    .0010996
     L8treat |  -.0143995   .0085536    -1.68   0.099    -.0315798    .0027808
    L12treat |  -.0061718   .0047084    -1.31   0.196    -.0156288    .0032852
    L16treat |  -.0060622   .0060874    -1.00   0.324     -.018289    .0061647
       _cons |   .4728597   .0039575   119.48   0.000     .4649109    .4808085
------------------------------------------------------------------------------

Absorbed degrees of freedom:
-----------------------------------------------------+
 Absorbed FE | Categories  - Redundant  = Num. Coefs |
-------------+---------------------------------------|
    statenum |        51          51           0    *|
 quarterdate |       142           1         141     |
    postcont |         8           1           7     |
    postcont |         8           8           0    ?|
   postcontf |         4           1           3    ?|
     precont |         4           1           3    ?|
    precontf |         3           1           2    ?|
   earlycont |         5           1           4    ?|
  earlycontf |         3           1           2    ?|
-----------------------------------------------------+
? = number of redundant parameters may be higher
* = FE nested within cluster; treated as redundant for DoF computation

 ( 1)  - 2.23841*F4treat + .447682*treat + .447682*L4treat + .447682*L8treat +
       .447682*L12treat + .447682*L16treat = 0

------------------------------------------------------------------------------
     percap1 | Coefficient  Std. err.      t    P>|t|     [95% conf. interval]
-------------+----------------------------------------------------------------
         (1) |   .0084975   .0087267     0.97   0.335    -.0090307    .0260257
------------------------------------------------------------------------------

added macro:
          e(main_estb) : "0.008"

added macro:
         e(main_estse) : "(0.009)"
(MWFE estimator converged in 16 iterations)

HDFE Linear regression                            Number of obs   =      7,242
Absorbing 9 HDFE groups                           F(   8,     50) =      10.28
Statistics robust to heteroskedasticity           Prob > F        =     0.0000
                                                  R-squared       =     0.9671
                                                  Adj R-squared   =     0.9661
                                                  Within R-sq.    =     0.0129
Number of clusters (statenum) =         51        Root MSE        =     0.0602

                              (Std. err. adjusted for 51 clusters in statenum)
------------------------------------------------------------------------------
             |               Robust
    logwage1 | Coefficient  std. err.      t    P>|t|     [95% conf. interval]
-------------+----------------------------------------------------------------
    F12treat |  -.0118252   .0049293    -2.40   0.020    -.0217261   -.0019244
     F8treat |  -.0128577    .005189    -2.48   0.017    -.0232801   -.0024352
     F4treat |  -.0150496   .0080925    -1.86   0.069    -.0313039    .0012048
       treat |   .0060195   .0061003     0.99   0.329    -.0062333    .0182724
     L4treat |   .0084265    .006515     1.29   0.202    -.0046593    .0215122
     L8treat |   .0046499   .0050734     0.92   0.364    -.0055402    .0148401
    L12treat |   .0001279    .003906     0.03   0.974    -.0077175    .0079734
    L16treat |   .0032124   .0041977     0.77   0.448    -.0052189    .0116436
       _cons |   1.799411   .0027558   652.95   0.000     1.793875    1.804946
------------------------------------------------------------------------------

Absorbed degrees of freedom:
-----------------------------------------------------+
 Absorbed FE | Categories  - Redundant  = Num. Coefs |
-------------+---------------------------------------|
    statenum |        51          51           0    *|
 quarterdate |       142           1         141     |
    postcont |         8           1           7     |
    postcont |         8           8           0    ?|
   postcontf |         4           1           3    ?|
     precont |         4           1           3    ?|
    precontf |         3           1           2    ?|
   earlycont |         5           1           4    ?|
  earlycontf |         3           1           2    ?|
-----------------------------------------------------+
? = number of redundant parameters may be higher
* = FE nested within cluster; treated as redundant for DoF computation

 ( 1)  - F4treat + .2*treat + .2*L4treat + .2*L8treat + .2*L12treat +
       .2*L16treat = 0

------------------------------------------------------------------------------
    logwage1 | Coefficient  Std. err.      t    P>|t|     [95% conf. interval]
-------------+----------------------------------------------------------------
         (1) |   .0195368   .0065062     3.00   0.004     .0064686     .032605
------------------------------------------------------------------------------

added macro:
          e(main_estb) : "0.020***"

added macro:
         e(main_estse) : "(0.007)"
(sum of wgt is 3,590,524,053.188)

      Source |       SS           df       MS      Number of obs   =     7,242
-------------+----------------------------------   F(220, 7021)    =     61.55
       Model |  47.9151029       220  .217795922   Prob > F        =    0.0000
    Residual |  24.8455381     7,021  .003538746   R-squared       =    0.6585
-------------+----------------------------------   Adj R-squared   =    0.6478
       Total |   72.760641     7,241  .010048424   Root MSE        =    .05949

------------------------------------------------------------------------------
     percap1 | Coefficient  Std. err.      t    P>|t|     [95% conf. interval]
-------------+----------------------------------------------------------------
    F12treat |  -.0099115   .0029315    -3.38   0.001    -.0156582   -.0041647
     F8treat |  -.0094084   .0029347    -3.21   0.001    -.0151613   -.0036555
     F4treat |  -.0142029   .0029864    -4.76   0.000    -.0200571   -.0083488
       treat |  -.0138767   .0029098    -4.77   0.000    -.0195807   -.0081727
     L4treat |  -.0115235   .0030486    -3.78   0.000    -.0174996   -.0055473
     L8treat |  -.0143995   .0031678    -4.55   0.000    -.0206093   -.0081896
    L12treat |  -.0061718   .0032762    -1.88   0.060    -.0125942    .0002506
    L16treat |  -.0060622   .0033187    -1.83   0.068    -.0125679    .0004436
             |
    statenum |
          2  |   .0666827   .0170637     3.91   0.000     .0332328    .1001326
          4  |    .069106   .0076643     9.02   0.000     .0540816    .0841303
          5  |   .0313593   .0094455     3.32   0.001     .0128433    .0498753
          6  |   .0694189   .0064022    10.84   0.000     .0568688    .0819691
          8  |   .1132308   .0084669    13.37   0.000     .0966331    .1298285
          9  |   .1220704   .0093301    13.08   0.000     .1037806    .1403601
         10  |   .1440508   .0153362     9.39   0.000     .1139872    .1741143
         11  |   .3540044   .0170197    20.80   0.000     .3206406    .3873683
         12  |    .059338   .0066592     8.91   0.000     .0462839    .0723921
         13  |   .0353251   .0072446     4.88   0.000     .0211235    .0495268
         15  |   .0544331   .0135128     4.03   0.000      .027944    .0809222
         16  |   .1058036   .0117592     9.00   0.000      .082752    .1288552
         17  |   .0777695   .0068235    11.40   0.000     .0643935    .0911455
         18  |   .0743442   .0076202     9.76   0.000     .0594064    .0892821
         19  |   .1810154   .0094571    19.14   0.000     .1624767    .1995541
         20  |   .1490659   .0095299    15.64   0.000     .1303845    .1677473
         21  |   .0190922   .0084222     2.27   0.023     .0025821    .0356023
         22  |  -.0244444   .0078876    -3.10   0.002    -.0399065   -.0089824
         23  |   .1078083   .0130452     8.26   0.000     .0822358    .1333809
         24  |     .02772   .0081222     3.41   0.001      .011798     .043642
         25  |    .148769   .0078777    18.88   0.000     .1333264    .1642116
         26  |   .0621185   .0070037     8.87   0.000     .0483892    .0758479
         27  |   .2041141   .0082521    24.73   0.000     .1879375    .2202906
         28  |  -.0804773     .00903    -8.91   0.000    -.0981788   -.0627757
         29  |   .1277445   .0079829    16.00   0.000     .1120956    .1433935
         30  |   .0854221   .0146847     5.82   0.000     .0566356    .1142087
         31  |   .2107078   .0109659    19.21   0.000     .1892113    .2322043
         32  |   .1669765   .0103989    16.06   0.000     .1465916    .1873614
         33  |   .1473776   .0140803    10.47   0.000      .119776    .1749791
         34  |   .0293822   .0074362     3.95   0.000     .0148051    .0439594
         35  |  -.0261886     .00975    -2.69   0.007    -.0453016   -.0070756
         36  |  -.0145362    .006429    -2.26   0.024     -.027139   -.0019334
         37  |   .0735964   .0072533    10.15   0.000     .0593777    .0878151
         38  |   .1817298   .0165416    10.99   0.000     .1493034    .2141563
         39  |   .0941153   .0069291    13.58   0.000     .0805323    .1076984
         40  |   .0551041   .0086857     6.34   0.000     .0380776    .0721306
         41  |   .1173074   .0092535    12.68   0.000     .0991676    .1354471
         42  |   .0580834   .0069098     8.41   0.000     .0445381    .0716288
         44  |   .1449155   .0132787    10.91   0.000     .1188853    .1709457
         45  |   .0063292   .0084122     0.75   0.452    -.0101613    .0228197
         46  |   .1661965   .0153114    10.85   0.000     .1361816    .1962114
         47  |    .048958   .0077844     6.29   0.000     .0336983    .0642177
         48  |   .0388672   .0061899     6.28   0.000     .0267331    .0510013
         49  |   .1767196   .0097364    18.15   0.000     .1576333    .1958059
         50  |   .1440353   .0181951     7.92   0.000     .1083674    .1797033
         51  |   .0528938   .0075227     7.03   0.000      .038147    .0676405
         53  |    .097827   .0082562    11.85   0.000     .0816423    .1140118
         54  |  -.0708194    .010783    -6.57   0.000    -.0919574   -.0496814
         55  |   .1697534   .0080385    21.12   0.000     .1539955    .1855113
         56  |   .1467005   .0179855     8.16   0.000     .1114435    .1819575
             |
 quarterdate |
         80  |  -.0261592   .0131296    -1.99   0.046    -.0518971   -.0004213
         81  |  -.0091353   .0131296    -0.70   0.487    -.0348732    .0166027
         82  |   .0245299   .0131296     1.87   0.062     -.001208    .0502679
         83  |  -.0215673   .0131294    -1.64   0.100    -.0473049    .0041703
         84  |  -.0536438   .0126926    -4.23   0.000    -.0785251   -.0287625
         85  |  -.0247206   .0126926    -1.95   0.051    -.0496019    .0001606
         86  |   .0080313   .0126926     0.63   0.527      -.01685    .0329125
         87  |  -.0447895   .0126939    -3.53   0.000    -.0696735   -.0199055
         88  |  -.0848442    .012693    -6.68   0.000    -.1097263   -.0599621
         89  |  -.0557105    .012693    -4.39   0.000    -.0805926   -.0308284
         90  |   -.038019    .012693    -3.00   0.003    -.0629011   -.0131369
         91  |  -.0837564    .012693    -6.60   0.000    -.1086385   -.0588743
         92  |   -.117163   .0126942    -9.23   0.000    -.1420475   -.0922784
         93  |  -.0670253   .0126942    -5.28   0.000    -.0919098   -.0421407
         94  |  -.0224667   .0126913    -1.77   0.077    -.0473455     .002412
         95  |   -.075115   .0130085    -5.77   0.000    -.1006156   -.0496144
         96  |  -.0893608   .0130058    -6.87   0.000     -.114856   -.0638655
         97  |  -.0349163   .0130058    -2.68   0.007    -.0604116   -.0094211
         98  |  -.0005266   .0130105    -0.04   0.968     -.026031    .0249779
         99  |  -.0520036   .0130091    -4.00   0.000    -.0775053   -.0265019
        100  |  -.0579181   .0127069    -4.56   0.000    -.0828273   -.0330088
        101  |  -.0280002   .0127069    -2.20   0.028    -.0529095    -.003091
        102  |  -.0008483   .0126878    -0.07   0.947    -.0257202    .0240235
        103  |  -.0426504   .0126879    -3.36   0.001    -.0675226   -.0177782
        104  |   -.062593   .0131273    -4.77   0.000    -.0883265   -.0368594
        105  |  -.0327587   .0131273    -2.50   0.013    -.0584923   -.0070252
        106  |   .0044797   .0131184     0.34   0.733    -.0212363    .0301958
        107  |  -.0385536   .0131132    -2.94   0.003    -.0642594   -.0128479
        108  |   -.053688   .0131146    -4.09   0.000    -.0793965   -.0279794
        109  |   .0005912   .0126317     0.05   0.963    -.0241707     .025353
        110  |   .0361561   .0125845     2.87   0.004     .0114867    .0608254
        111  |  -.0097787   .0125924    -0.78   0.437    -.0344636    .0149061
        112  |  -.0323376   .0125843    -2.57   0.010    -.0570067   -.0076685
        113  |   .0293388   .0134662     2.18   0.029      .002941    .0557367
        114  |   .0642617   .0135173     4.75   0.000     .0377637    .0907597
        115  |   .0152961   .0135205     1.13   0.258    -.0112081    .0418003
        116  |  -.0050497   .0135169    -0.37   0.709    -.0315469    .0214475
        117  |   .0332816   .0127176     2.62   0.009     .0083512    .0582121
        118  |   .0735966   .0127082     5.79   0.000     .0486848    .0985085
        119  |    .016335    .012708     1.29   0.199    -.0085765    .0412465
        120  |  -.0051406   .0127216    -0.40   0.686    -.0300788    .0197976
        121  |   .0092968   .0130771     0.71   0.477    -.0163383    .0349318
        122  |   .0451285   .0130769     3.45   0.001     .0194937    .0707632
        123  |  -.0170839   .0130775    -1.31   0.191    -.0427198     .008552
        124  |  -.0535247   .0130863    -4.09   0.000    -.0791778   -.0278715
        125  |  -.0314771   .0130102    -2.42   0.016     -.056981   -.0059731
        126  |  -.0036678   .0130102    -0.28   0.778    -.0291718    .0218361
        127  |  -.0568233   .0130113    -4.37   0.000    -.0823294   -.0313173
        128  |  -.0803251   .0130215    -6.17   0.000    -.1058512    -.054799
        129  |  -.0458401   .0130333    -3.52   0.000    -.0713893   -.0202909
        130  |  -.0129677   .0130199    -1.00   0.319    -.0384906    .0125552
        131  |  -.0568032   .0130189    -4.36   0.000    -.0823243   -.0312822
        132  |  -.0793663   .0130188    -6.10   0.000    -.1048872   -.0538454
        133  |  -.0309772   .0130162    -2.38   0.017     -.056493   -.0054614
        134  |  -.0029474   .0129933    -0.23   0.821    -.0284182    .0225235
        135  |  -.0340652   .0125988    -2.70   0.007    -.0587627   -.0093677
        143  |   .0036504   .0123818     0.29   0.768    -.0206217    .0279225
        144  |  -.0339885   .0123884    -2.74   0.006    -.0582735   -.0097036
        145  |   .0076681   .0128069     0.60   0.549    -.0174372    .0327734
        146  |   .0379243   .0174752     2.17   0.030     .0036675     .072181
        147  |   .0024475   .0129675     0.19   0.850    -.0229726    .0278677
        148  |  -.0247929   .0129898    -1.91   0.056    -.0502568     .000671
        149  |   .0206515     .01299     1.59   0.112    -.0048128    .0461159
        150  |   .0528924   .0129526     4.08   0.000     .0275014    .0782835
        151  |   .0038669   .0129538     0.30   0.765    -.0215264    .0292603
        152  |  -.0027212   .0129752    -0.21   0.834    -.0281565     .022714
        153  |   .0388057   .0129727     2.99   0.003     .0133753     .064236
        154  |   .0653033   .0129715     5.03   0.000     .0398752    .0907314
        155  |   .0242231   .0129708     1.87   0.062    -.0012036    .0496498
        156  |  -.0156796   .0129697    -1.21   0.227    -.0411042     .009745
        157  |    .033259   .0129719     2.56   0.010     .0078301    .0586879
        158  |   .0603685   .0129721     4.65   0.000     .0349393    .0857977
        159  |   .0109089   .0129707     0.84   0.400    -.0145177    .0363355
        160  |   .0121591   .0129647     0.94   0.348    -.0132556    .0375738
        161  |   .0637401   .0129647     4.92   0.000     .0383254    .0891548
        162  |   .0780657   .0129654     6.02   0.000     .0526495    .1034819
        163  |    .042841   .0129673     3.30   0.001     .0174212    .0682608
        164  |  -.0037624   .0129925    -0.29   0.772    -.0292316    .0217069
        165  |    .022122   .0129921     1.70   0.089    -.0033464    .0475904
        166  |   .0268635   .0129919     2.07   0.039     .0013954    .0523317
        167  |  -.0100971   .0127422    -0.79   0.428    -.0350757    .0148814
        168  |  -.0402301   .0127511    -3.16   0.002    -.0652261   -.0152341
        169  |   .0041071   .0127503     0.32   0.747    -.0208873    .0291016
        170  |   .0192029   .0131091     1.46   0.143    -.0064948    .0449006
        171  |  -.0137593   .0131062    -1.05   0.294    -.0394514    .0119329
        172  |  -.0487703   .0130638    -3.73   0.000    -.0743793   -.0231612
        173  |    -.03457   .0130652    -2.65   0.008    -.0601819   -.0089582
        174  |  -.0124291   .0130646    -0.95   0.341    -.0380397    .0131815
        175  |  -.0403788   .0130621    -3.09   0.002    -.0659845   -.0147731
        176  |  -.0673885   .0131183    -5.14   0.000    -.0931043   -.0416727
        177  |  -.0151901   .0130977    -1.16   0.246    -.0408655    .0104853
        178  |  -.0060398   .0130586    -0.46   0.644    -.0316386    .0195589
        179  |  -.0462386   .0130181    -3.55   0.000    -.0717581   -.0207192
        180  |  -.0606992   .0130175    -4.66   0.000    -.0862175   -.0351809
        181  |  -.0307974   .0130411    -2.36   0.018    -.0563618   -.0052329
        182  |  -.0031224     .01304    -0.24   0.811    -.0286848    .0224401
        183  |  -.0454113   .0130288    -3.49   0.000    -.0709516    -.019871
        184  |  -.0454145   .0128647    -3.53   0.000    -.0706332   -.0201959
        185  |  -.0175167   .0128451    -1.36   0.173    -.0426971    .0076636
        186  |   .0086926   .0127549     0.68   0.496     -.016311    .0336961
        187  |  -.0391346   .0127496    -3.07   0.002    -.0641277   -.0141416
        188  |  -.0501654   .0127713    -3.93   0.000    -.0752011   -.0251297
        189  |  -.0301727   .0127855    -2.36   0.018    -.0552362   -.0051092
        190  |  -.0143817   .0126899    -1.13   0.257    -.0392577    .0104942
        191  |  -.0419785   .0126632    -3.32   0.001    -.0668021   -.0171548
        192  |  -.1016499   .0127738    -7.96   0.000    -.1266905   -.0766093
        193  |  -.0739536   .0127747    -5.79   0.000     -.098996   -.0489112
        194  |  -.0523539   .0131657    -3.98   0.000    -.0781626   -.0265451
        195  |  -.0967655   .0131495    -7.36   0.000    -.1225425   -.0709885
        196  |  -.1357429   .0131844   -10.30   0.000    -.1615883   -.1098976
        197  |   -.115042   .0131818    -8.73   0.000    -.1408823   -.0892017
        198  |  -.1127975   .0132668    -8.50   0.000    -.1388044   -.0867905
        199  |  -.1430524   .0132542   -10.79   0.000    -.1690345   -.1170702
        200  |  -.1672504   .0132047   -12.67   0.000    -.1931355   -.1413652
        201  |  -.1337266   .0131893   -10.14   0.000    -.1595816   -.1078715
        202  |  -.1281907   .0132246    -9.69   0.000    -.1541149   -.1022666
        203  |  -.1507512   .0131899   -11.43   0.000    -.1766074    -.124895
        204  |  -.1710501   .0132998   -12.86   0.000    -.1971218   -.1449785
        205  |  -.1338689   .0132941   -10.07   0.000    -.1599294   -.1078084
        206  |  -.1185498   .0133321    -8.89   0.000    -.1446847   -.0924149
        207  |  -.1404204   .0133005   -10.56   0.000    -.1664934   -.1143475
        208  |  -.1592155   .0131404   -12.12   0.000    -.1849747   -.1334564
        209  |  -.1296058   .0131302    -9.87   0.000     -.155345   -.1038666
        210  |   -.116998   .0130175    -8.99   0.000    -.1425163   -.0914798
        211  |  -.1623783   .0129988   -12.49   0.000    -.1878598   -.1368968
        212  |  -.1626546   .0129372   -12.57   0.000    -.1880154   -.1372938
        213  |  -.1199585   .0129364    -9.27   0.000    -.1453177   -.0945993
        214  |  -.1041534   .0127783    -8.15   0.000    -.1292027   -.0791041
        215  |  -.1311432   .0127781   -10.26   0.000    -.1561921   -.1060943
        216  |  -.1597849   .0127936   -12.49   0.000    -.1848642   -.1347056
        217  |  -.1270135   .0127935    -9.93   0.000    -.1520927   -.1019344
        218  |  -.0942578     .01306    -7.22   0.000    -.1198594   -.0686563
        219  |  -.1221982   .0130543    -9.36   0.000    -.1477884   -.0966079
        220  |  -.1435851   .0131665   -10.91   0.000    -.1693953   -.1177748
        221  |  -.1099041   .0131666    -8.35   0.000    -.1357146   -.0840936
        222  |  -.0887024   .0131668    -6.74   0.000    -.1145134   -.0628914
        223  |  -.1213802   .0131643    -9.22   0.000    -.1471862   -.0955742
        224  |  -.1229489   .0132366    -9.29   0.000    -.1488966   -.0970012
        225  |  -.0827006   .0132362    -6.25   0.000    -.1086474   -.0567537
        226  |   -.088107   .0132504    -6.65   0.000    -.1140818   -.0621322
        227  |  -.1160245   .0132481    -8.76   0.000    -.1419948   -.0900541
             |
    postcont |
          1  |   .0081022   .0026781     3.03   0.002     .0028524    .0133521
          2  |  -.0019409   .0041563    -0.47   0.641    -.0100884    .0062067
          3  |  -.0248966   .0058664    -4.24   0.000    -.0363966   -.0133966
          4  |  -.0145922   .0077802    -1.88   0.061    -.0298437    .0006593
          5  |  -.0400366   .0136946    -2.92   0.003     -.066882   -.0131911
          6  |   -.043942   .0569782    -0.77   0.441    -.1556366    .0677525
          7  |  -.0301563   .0831319    -0.36   0.717    -.1931199    .1328074
             |
   postcontf |
          1  |    .002364   .0031251     0.76   0.449    -.0037622    .0084902
          2  |   .0089049   .0042319     2.10   0.035     .0006091    .0172006
          3  |   .0245702   .0113769     2.16   0.031     .0022681    .0468724
             |
     precont |
          1  |   -.000987   .0033454    -0.30   0.768    -.0075449     .005571
          2  |  -.0228515   .0334084    -0.68   0.494    -.0883419     .042639
          3  |  -.0206853   .1024216    -0.20   0.840    -.2214626    .1800919
             |
    precontf |
          1  |  -.0042654   .0044869    -0.95   0.342     -.013061    .0045302
          2  |    .002811   .0183773     0.15   0.878    -.0332141    .0388362
             |
   earlycont |
          1  |  -.0010836   .0030228    -0.36   0.720    -.0070091    .0048419
          2  |  -.0101607   .0049805    -2.04   0.041    -.0199241   -.0003973
          3  |   .0436655   .0592824     0.74   0.461     -.072546     .159877
          4  |   .0612899   .0833454     0.74   0.462    -.1020923    .2246721
             |
  earlycontf |
          1  |  -.0128492   .0042691    -3.01   0.003    -.0212179   -.0044806
          2  |  -.0241637   .0069629    -3.47   0.001     -.037813   -.0105144
             |
       _cons |   .4507074   .0118475    38.04   0.000     .4274827    .4739321
------------------------------------------------------------------------------
(sum of wgt is 3,590,524,053.188)

      Source |       SS           df       MS      Number of obs   =     7,242
-------------+----------------------------------   F(220, 7021)    =    938.68
       Model |  749.075564       220  3.40488893   Prob > F        =    0.0000
    Residual |   25.467261     7,021  .003627298   R-squared       =    0.9671
-------------+----------------------------------   Adj R-squared   =    0.9661
       Total |  774.542824     7,241  .106966279   Root MSE        =    .06023

------------------------------------------------------------------------------
    logwage1 | Coefficient  Std. err.      t    P>|t|     [95% conf. interval]
-------------+----------------------------------------------------------------
    F12treat |  -.0118252    .002968    -3.98   0.000    -.0176434   -.0060071
     F8treat |  -.0128577   .0029712    -4.33   0.000    -.0186821   -.0070332
     F4treat |  -.0150496   .0030235    -4.98   0.000    -.0209765   -.0091226
       treat |   .0060195   .0029459     2.04   0.041     .0002446    .0117945
     L4treat |   .0084265   .0030865     2.73   0.006      .002376    .0144769
     L8treat |   .0046499   .0032072     1.45   0.147    -.0016372     .010937
    L12treat |   .0001279    .003317     0.04   0.969    -.0063743    .0066302
    L16treat |   .0032124     .00336     0.96   0.339    -.0033743     .009799
             |
    statenum |
          2  |   .3243746   .0172758    18.78   0.000     .2905088    .3582405
          4  |   .1016222   .0077596    13.10   0.000      .086411    .1168334
          5  |   .0158414   .0095629     1.66   0.098    -.0029049    .0345876
          6  |   .1949797   .0064818    30.08   0.000     .1822734    .2076859
          8  |   .1178639   .0085722    13.75   0.000     .1010598     .134668
          9  |   .1518083   .0094461    16.07   0.000     .1332911    .1703255
         10  |   .0870115   .0155269     5.60   0.000     .0565741    .1174488
         11  |   .1962823   .0172314    11.39   0.000     .1625036     .230061
         12  |    .074365    .006742    11.03   0.000     .0611486    .0875815
         13  |     .07173   .0073347     9.78   0.000     .0573518    .0861083
         15  |   .1426281   .0136808    10.43   0.000     .1158097    .1694466
         16  |   .0315213   .0119054     2.65   0.008      .008183    .0548595
         17  |   .1015125   .0069083    14.69   0.000     .0879702    .1150549
         18  |   .0289639   .0077149     3.75   0.000     .0138403    .0440875
         19  |   .0112651   .0095747     1.18   0.239    -.0075041    .0300343
         20  |   .0271581   .0096484     2.81   0.005     .0082444    .0460718
         21  |   .0068636    .008527     0.80   0.421    -.0098518     .023579
         22  |   .0034233   .0079857     0.43   0.668     -.012231    .0190776
         23  |   .0266262   .0132074     2.02   0.044     .0007357    .0525167
         24  |   .1223826   .0082232    14.88   0.000     .1062626    .1385026
         25  |   .1504617   .0079756    18.87   0.000      .134827    .1660964
         26  |   .0183855   .0070908     2.59   0.010     .0044854    .0322856
         27  |   .0820394   .0083547     9.82   0.000     .0656617    .0984171
         28  |  -.0149233   .0091423    -1.63   0.103    -.0328449    .0029983
         29  |   .0006559   .0080822     0.08   0.935    -.0151876    .0164995
         30  |  -.0001187   .0148673    -0.01   0.994    -.0292632    .0290258
         31  |   .0359965   .0111023     3.24   0.001     .0142327    .0577603
         32  |   .2157605   .0105282    20.49   0.000     .1951221    .2363988
         33  |   .0981914   .0142553     6.89   0.000     .0702467    .1261362
         34  |   .1301478   .0075286    17.29   0.000     .1153895    .1449062
         35  |   .0451371   .0098713     4.57   0.000     .0257865    .0644878
         36  |   .1001214    .006509    15.38   0.000     .0873618    .1128809
         37  |   .0473777   .0073435     6.45   0.000     .0329822    .0617732
         38  |   .0111072   .0167472     0.66   0.507    -.0217224    .0439369
         39  |  -.0084995   .0070152    -1.21   0.226    -.0222515    .0052524
         40  |   .0268546   .0087937     3.05   0.002     .0096164    .0440928
         41  |   .1257581   .0093686    13.42   0.000     .1073928    .1441234
         42  |   .0308408   .0069958     4.41   0.000     .0171269    .0445546
         44  |    .105447   .0134438     7.84   0.000     .0790932    .1318009
         45  |   .0169638   .0085168     1.99   0.046     .0002683    .0336594
         46  |  -.0423062   .0155018    -2.73   0.006    -.0726943   -.0119181
         47  |   .0082108   .0078812     1.04   0.298    -.0072386    .0236603
         48  |   .0759807   .0062669    12.12   0.000     .0636957    .0882657
         49  |   .0763649   .0098575     7.75   0.000     .0570412    .0956885
         50  |    .058108   .0184214     3.15   0.002     .0219965    .0942195
         51  |   .0638153   .0076163     8.38   0.000     .0488852    .0787455
         53  |   .1496431   .0083589    17.90   0.000     .1332571    .1660291
         54  |  -.0502736   .0109171    -4.61   0.000    -.0716744   -.0288728
         55  |   .0214867   .0081385     2.64   0.008     .0055328    .0374405
         56  |    .043561   .0182091     2.39   0.017     .0078656    .0792564
             |
 quarterdate |
         80  |   .0476437   .0132928     3.58   0.000     .0215858    .0737017
         81  |   .0490718   .0132928     3.69   0.000     .0230139    .0751298
         82  |   .0640481   .0132928     4.82   0.000     .0379901    .0901061
         83  |   .0686389   .0132927     5.16   0.000     .0425813    .0946966
         84  |   .0998256   .0128504     7.77   0.000      .074635    .1250162
         85  |   .0996752   .0128504     7.76   0.000     .0744845    .1248658
         86  |   .1106667   .0128504     8.61   0.000     .0854761    .1358573
         87  |   .1081089   .0128518     8.41   0.000     .0829155    .1333023
         88  |   .1252544   .0128508     9.75   0.000     .1000629    .1504459
         89  |    .126252   .0128508     9.82   0.000     .1010605    .1514435
         90  |   .1173897   .0128508     9.13   0.000     .0921982    .1425812
         91  |   .1243324   .0128508     9.68   0.000     .0991409    .1495239
         92  |   .1050102   .0128521     8.17   0.000     .0798162    .1302042
         93  |   .1250486   .0128521     9.73   0.000     .0998547    .1502426
         94  |   .1392809   .0128491    10.84   0.000     .1140928    .1644689
         95  |   .1279087   .0131703     9.71   0.000      .102091    .1537264
         96  |   .1364737   .0131675    10.36   0.000     .1106615     .162286
         97  |    .149583   .0131675    11.36   0.000     .1237707    .1753952
         98  |   .1488044   .0131722    11.30   0.000     .1229829     .174626
         99  |   .1526548   .0131708    11.59   0.000     .1268359    .1784736
        100  |   .1779683   .0128649    13.83   0.000     .1527493    .2031873
        101  |   .1785142   .0128649    13.88   0.000     .1532952    .2037332
        102  |   .1854653   .0128455    14.44   0.000     .1602842    .2106464
        103  |   .1939228   .0128457    15.10   0.000     .1687413    .2191042
        104  |   .1847107   .0132906    13.90   0.000     .1586572    .2107643
        105  |   .1964133   .0132906    14.78   0.000     .1703597    .2224668
        106  |   .1900726   .0132815    14.31   0.000     .1640368    .2161084
        107  |   .2057807   .0132762    15.50   0.000     .1797553    .2318061
        108  |   .2040786   .0132777    15.37   0.000     .1780504    .2301068
        109  |   .2389429   .0127887    18.68   0.000     .2138732    .2640127
        110  |   .2290548   .0127409    17.98   0.000     .2040787    .2540309
        111  |   .2427455    .012749    19.04   0.000     .2177537    .2677373
        112  |   .2560016   .0127408    20.09   0.000     .2310258    .2809775
        113  |   .2779953   .0136337    20.39   0.000     .2512692    .3047214
        114  |   .2957769   .0136854    21.61   0.000     .2689494    .3226044
        115  |   .2990935   .0136886    21.85   0.000     .2722597    .3259273
        116  |   .3023769    .013685    22.10   0.000     .2755503    .3292036
        117  |   .3125037   .0128758    24.27   0.000     .2872633    .3377441
        118  |   .3216284   .0128662    25.00   0.000     .2964068      .34685
        119  |   .3327063    .012866    25.86   0.000     .3074851    .3579276
        120  |   .3345332   .0128798    25.97   0.000     .3092849    .3597816
        121  |   .3524442   .0132397    26.62   0.000     .3264904     .378398
        122  |   .3748282   .0132395    28.31   0.000     .3488748    .4007817
        123  |   .3675707   .0132401    27.76   0.000      .341616    .3935253
        124  |   .3765911   .0132491    28.42   0.000     .3506189    .4025632
        125  |   .3845486    .013172    29.19   0.000     .3587275    .4103696
        126  |   .3764751    .013172    28.58   0.000      .350654    .4022962
        127  |   .3841113   .0131731    29.16   0.000     .3582881    .4099345
        128  |   .3909633   .0131834    29.66   0.000     .3651199    .4168068
        129  |   .4052512   .0131954    30.71   0.000     .3793843    .4311181
        130  |   .4073765   .0131818    30.90   0.000     .3815362    .4332168
        131  |   .3985263   .0131808    30.24   0.000     .3726879    .4243646
        132  |   .4023686   .0131807    30.53   0.000     .3765304    .4282068
        133  |   .4017889   .0131781    30.49   0.000     .3759558    .4276219
        134  |   .4140141   .0131549    31.47   0.000     .3882265    .4398016
        135  |   .4406358   .0127555    34.54   0.000     .4156312    .4656404
        143  |   .5004501   .0125358    39.92   0.000     .4758762    .5250241
        144  |   .5167176   .0125424    41.20   0.000     .4921307    .5413045
        145  |   .4966426   .0129661    38.30   0.000     .4712251      .52206
        146  |   .4907283   .0176925    27.74   0.000     .4560456     .525411
        147  |   .5156602   .0131287    39.28   0.000      .489924    .5413965
        148  |   .5263455   .0131513    40.02   0.000     .5005649     .552126
        149  |   .5413594   .0131515    41.16   0.000     .5155784    .5671404
        150  |   .5449886   .0131137    41.56   0.000     .5192819    .5706954
        151  |   .5567071   .0131149    42.45   0.000      .530998    .5824162
        152  |   .5547938   .0131365    42.23   0.000     .5290423    .5805453
        153  |    .591762    .013134    45.06   0.000     .5660154    .6175085
        154  |   .6066121   .0131328    46.19   0.000     .5808678    .6323564
        155  |   .6021819   .0131321    45.86   0.000      .576439    .6279247
        156  |   .6232173    .013131    47.46   0.000     .5974765     .648958
        157  |    .634692   .0131332    48.33   0.000     .6089469    .6604371
        158  |    .631542   .0131334    48.09   0.000     .6057966    .6572873
        159  |    .661576    .013132    50.38   0.000     .6358332    .6873187
        160  |   .6610357   .0131259    50.36   0.000     .6353049    .6867664
        161  |   .6932488   .0131259    52.82   0.000      .667518    .7189795
        162  |   .7003314   .0131267    53.35   0.000     .6745992    .7260636
        163  |   .7021364   .0131285    53.48   0.000     .6764005    .7278723
        164  |   .6949916    .013154    52.83   0.000     .6692057    .7207775
        165  |    .720673   .0131536    54.79   0.000     .6948879    .7464581
        166  |   .7369529   .0131535    56.03   0.000     .7111681    .7627377
        167  |   .7400953   .0129006    57.37   0.000     .7148062    .7653844
        168  |   .7488187   .0129097    58.00   0.000     .7235118    .7741255
        169  |   .7443704   .0129088    57.66   0.000     .7190652    .7696756
        170  |   .7362139   .0132721    55.47   0.000     .7101966    .7622311
        171  |   .7519894   .0132692    56.67   0.000     .7259778     .778001
        172  |   .7478088   .0132263    56.54   0.000     .7218813    .7737363
        173  |   .7359884   .0132277    55.64   0.000     .7100581    .7619187
        174  |   .7491596   .0132271    56.64   0.000     .7232305    .7750886
        175  |   .7481635   .0132245    56.57   0.000     .7222394    .7740876
        176  |    .772577   .0132814    58.17   0.000     .7465414    .7986125
        177  |   .7767876   .0132605    58.58   0.000     .7507929    .8027823
        178  |   .7593175    .013221    57.43   0.000     .7334004    .7852345
        179  |   .7796696     .01318    59.16   0.000     .7538328    .8055064
        180  |   .7666072   .0131794    58.17   0.000     .7407716    .7924428
        181  |   .7697729   .0132032    58.30   0.000     .7438905    .7956552
        182  |   .7999389   .0132022    60.59   0.000     .7740587    .8258192
        183  |   .8115456   .0131908    61.52   0.000     .7856878    .8374035
        184  |   .8011243   .0130246    61.51   0.000     .7755921    .8266565
        185  |   .8256074   .0130049    63.48   0.000     .8001139    .8511008
        186  |   .8333057   .0129135    64.53   0.000     .8079913    .8586202
        187  |   .8451555   .0129081    65.47   0.000     .8198517    .8704593
        188  |   .8630274   .0129301    66.75   0.000     .8376804    .8883744
        189  |   .8603101   .0129445    66.46   0.000      .834935    .8856852
        190  |   .8514545   .0128477    66.27   0.000     .8262692    .8766397
        191  |   .8773284   .0128206    68.43   0.000     .8521961    .9024607
        192  |    .873121   .0129327    67.51   0.000      .847769    .8984729
        193  |   .8743518   .0129336    67.60   0.000      .848998    .8997055
        194  |    .871374   .0133294    65.37   0.000     .8452443    .8975036
        195  |   .8956187    .013313    67.27   0.000     .8695212    .9217162
        196  |   .8906515   .0133483    66.72   0.000     .8644848    .9168182
        197  |   .8915258   .0133457    66.80   0.000     .8653642    .9176874
        198  |   .8933929   .0134318    66.51   0.000     .8670626    .9197232
        199  |   .8855766    .013419    65.99   0.000     .8592714    .9118818
        200  |   .8844036   .0133689    66.15   0.000     .8581966    .9106106
        201  |   .9143342   .0133533    68.47   0.000     .8881576    .9405107
        202  |   .8986392    .013389    67.12   0.000     .8723927    .9248857
        203  |   .8883665   .0133539    66.52   0.000     .8621888    .9145443
        204  |   .8908837   .0134652    66.16   0.000     .8644879    .9172796
        205  |   .9180184   .0134594    68.21   0.000     .8916338    .9444029
        206  |   .9061705   .0134979    67.13   0.000     .8797106    .9326304
        207  |   .9093739   .0134659    67.53   0.000     .8829767    .9357711
        208  |   .9066924   .0133038    68.15   0.000      .880613    .9327718
        209  |   .9363027   .0132935    70.43   0.000     .9102435     .962362
        210  |   .9085647   .0131794    68.94   0.000     .8827291    .9344003
        211  |   .9088378   .0131604    69.06   0.000     .8830394    .9346362
        212  |   .9264995   .0130981    70.74   0.000     .9008234    .9521757
        213  |   .9282971   .0130972    70.88   0.000     .9026226    .9539716
        214  |   .9490636   .0129372    73.36   0.000     .9237028    .9744244
        215  |    .950348    .012937    73.46   0.000     .9249876    .9757083
        216  |   .9578497   .0129527    73.95   0.000     .9324586    .9832409
        217  |   .9646067   .0129526    74.47   0.000     .9392157    .9899977
        218  |   .9728193   .0132224    73.57   0.000     .9468994    .9987392
        219  |   .9690805   .0132166    73.32   0.000      .943172    .9949889
        220  |   .9797462   .0133302    73.50   0.000      .953615    1.005877
        221  |   .9982523   .0133303    74.89   0.000     .9721209    1.024384
        222  |   1.010511   .0133306    75.80   0.000     .9843792    1.036643
        223  |    .993743    .013328    74.56   0.000     .9676161     1.01987
        224  |    1.01337   .0134012    75.62   0.000        .9871    1.039641
        225  |   1.029792   .0134007    76.85   0.000     1.003523    1.056062
        226  |   1.023672   .0134152    76.31   0.000     .9973743     1.04997
        227  |   1.040027   .0134129    77.54   0.000     1.013734     1.06632
             |
    postcont |
          1  |   .0021815   .0027114     0.80   0.421    -.0031337    .0074967
          2  |   .0112316   .0042079     2.67   0.008     .0029827    .0194804
          3  |    .029208   .0059394     4.92   0.000      .017565     .040851
          4  |   .0517511   .0078769     6.57   0.000     .0363099    .0671923
          5  |   .0426647   .0138648     3.08   0.002     .0154855     .069844
          6  |   .0471477   .0576867     0.82   0.414    -.0659357    .1602311
          7  |   .0912198   .0841656     1.08   0.278    -.0737702    .2562099
             |
   postcontf |
          1  |  -.0072239    .003164    -2.28   0.022    -.0134263   -.0010215
          2  |  -.0006763   .0042845    -0.16   0.875    -.0090752    .0077226
          3  |   .0035895   .0115184     0.31   0.755      -.01899    .0261689
             |
     precont |
          1  |   .0066413    .003387     1.96   0.050     1.80e-06    .0132808
          2  |   .0189147   .0338238     0.56   0.576    -.0473901    .0852195
          3  |  -.0193867   .1036952    -0.19   0.852    -.2226605    .1838871
             |
    precontf |
          1  |  -.0158598   .0045427    -3.49   0.000    -.0247648   -.0069548
          2  |  -.0031118   .0186058    -0.17   0.867    -.0395849    .0333612
             |
   earlycont |
          1  |  -.0033097   .0030603    -1.08   0.280    -.0093089    .0026895
          2  |   .0039311   .0050425     0.78   0.436    -.0059537    .0138158
          3  |   .1089003   .0600196     1.81   0.070    -.0087562    .2265568
          4  |   .1886298   .0843818     2.24   0.025      .023216    .3540436
             |
  earlycontf |
          1  |  -.0194666   .0043222    -4.50   0.000    -.0279393   -.0109939
          2  |  -.0443008   .0070494    -6.28   0.000    -.0581198   -.0304818
             |
       _cons |   1.146919   .0119948    95.62   0.000     1.123405    1.170432
------------------------------------------------------------------------------

Simultaneous results for emp_ests, wage_ests             Number of obs = 7,242

                              (Std. err. adjusted for 51 clusters in statenum)
------------------------------------------------------------------------------
             |               Robust
             | Coefficient  std. err.      z    P>|z|     [95% conf. interval]
-------------+----------------------------------------------------------------
emp_ests_m~n |
    F12treat |  -.0099115   .0059982    -1.65   0.098    -.0216677    .0018448
     F8treat |  -.0094084   .0070062    -1.34   0.179    -.0231404    .0043236
     F4treat |  -.0142029   .0077162    -1.84   0.066    -.0293263    .0009204
       treat |  -.0138767   .0069168    -2.01   0.045    -.0274334     -.00032
     L4treat |  -.0115235   .0062104    -1.86   0.064    -.0236957    .0006488
     L8treat |  -.0143995   .0084525    -1.70   0.088    -.0309662    .0021672
    L12treat |  -.0061718   .0046528    -1.33   0.185    -.0152911    .0029475
    L16treat |  -.0060622   .0060155    -1.01   0.314    -.0178523    .0057279
             |
    statenum |
          2  |   .0666827   .0061415    10.86   0.000     .0546456    .0787199
          4  |    .069106   .0037038    18.66   0.000     .0618467    .0763653
          5  |   .0313593   .0027795    11.28   0.000     .0259116     .036807
          6  |   .0694189   .0103715     6.69   0.000     .0490912    .0897466
          8  |   .1132308   .0046493    24.35   0.000     .1041183    .1223432
          9  |   .1220704   .0078333    15.58   0.000     .1067174    .1374233
         10  |   .1440508   .0057491    25.06   0.000     .1327828    .1553187
         11  |   .3540044   .0072685    48.70   0.000     .3397584    .3682505
         12  |    .059338   .0042716    13.89   0.000     .0509657    .0677103
         13  |   .0353251   .0031049    11.38   0.000     .0292397    .0414106
         15  |   .0544331   .0097246     5.60   0.000     .0353732    .0734931
         16  |   .1058036   .0003516   300.93   0.000     .1051145    .1064927
         17  |   .0777695   .0045038    17.27   0.000     .0689423    .0865968
         18  |   .0743442   .0021353    34.82   0.000     .0701591    .0785293
         19  |   .1810154   .0056354    32.12   0.000     .1699702    .1920606
         20  |   .1490659   .0021353    69.81   0.000     .1448808     .153251
         21  |   .0190922   .0021353     8.94   0.000     .0149071    .0232773
         22  |  -.0244444   1.43e-15 -1.7e+13   0.000    -.0244444   -.0244444
         23  |   .1078083     .00892    12.09   0.000     .0903255    .1252912
         24  |     .02772   .0054344     5.10   0.000     .0170688    .0383712
         25  |    .148769   .0062884    23.66   0.000     .1364439    .1610941
         26  |   .0621185   .0031007    20.03   0.000     .0560412    .0681958
         27  |   .2041141   .0046323    44.06   0.000     .1950349    .2131932
         28  |  -.0804773   1.44e-15 -5.6e+13   0.000    -.0804773   -.0804773
         29  |   .1277445   .0034853    36.65   0.000     .1209135    .1345755
         30  |   .0854221   .0041017    20.83   0.000      .077383    .0934613
         31  |   .2107078   .0025388    82.99   0.000     .2057318    .2156838
         32  |   .1669765   .0034396    48.55   0.000      .160235     .173718
         33  |   .1473776   .0066866    22.04   0.000     .1342721     .160483
         34  |   .0293822   .0062976     4.67   0.000     .0170391    .0417254
         35  |  -.0261886   .0031617    -8.28   0.000    -.0323853   -.0199919
         36  |  -.0145362   .0045542    -3.19   0.001    -.0234623   -.0056101
         37  |   .0735964   .0031431    23.42   0.000     .0674361    .0797567
         38  |   .1817298   .0040632    44.73   0.000      .173766    .1896937
         39  |   .0941153   .0037038    25.41   0.000      .086856    .1013747
         40  |   .0551041   .0003516   156.73   0.000      .054415    .0557932
         41  |   .1173074   .0109818    10.68   0.000     .0957833    .1388314
         42  |   .0580834   .0040805    14.23   0.000     .0500858    .0660811
         44  |   .1449155   .0073954    19.60   0.000     .1304207    .1594103
         45  |   .0063292   .0021353     2.96   0.003     .0021441    .0105143
         46  |   .1661965   .0028769    57.77   0.000     .1605579    .1718351
         47  |    .048958   .0031049    15.77   0.000     .0428725    .0550435
         48  |   .0388672   .0021353    18.20   0.000     .0346821    .0430523
         49  |   .1767196   .0031049    56.92   0.000     .1706341    .1828051
         50  |   .1440353   .0093531    15.40   0.000     .1257035    .1623671
         51  |   .0528938   .0031049    17.04   0.000     .0468083    .0589792
         53  |    .097827    .009483    10.32   0.000     .0792408    .1164133
         54  |  -.0708194   .0059056   -11.99   0.000    -.0823941   -.0592447
         55  |   .1697534   .0041791    40.62   0.000     .1615625    .1779442
         56  |   .1467005   .0026211    55.97   0.000     .1415634    .1518377
             |
 quarterdate |
         80  |  -.0261592   .0130272    -2.01   0.045    -.0516921   -.0006263
         81  |  -.0091353   .0122886    -0.74   0.457    -.0332206      .01495
         82  |   .0245299   .0128679     1.91   0.057    -.0006906    .0497505
         83  |  -.0215673   .0111954    -1.93   0.054    -.0435099    .0003753
         84  |  -.0536438   .0094507    -5.68   0.000    -.0721668   -.0351208
         85  |  -.0247206   .0089987    -2.75   0.006    -.0423577   -.0070836
         86  |   .0080313   .0097055     0.83   0.408    -.0109911    .0270536
         87  |  -.0447895   .0085952    -5.21   0.000    -.0616358   -.0279432
         88  |  -.0848442   .0088101    -9.63   0.000    -.1021117   -.0675768
         89  |  -.0557105   .0091984    -6.06   0.000     -.073739    -.037682
         90  |   -.038019   .0100051    -3.80   0.000    -.0576287   -.0184093
         91  |  -.0837564   .0108511    -7.72   0.000    -.1050242   -.0624885
         92  |   -.117163   .0093893   -12.48   0.000    -.1355657   -.0987603
         93  |  -.0670253   .0129734    -5.17   0.000    -.0924526   -.0415979
         94  |  -.0224667   .0109246    -2.06   0.040    -.0438785    -.001055
         95  |   -.075115   .0148724    -5.05   0.000    -.1042644   -.0459656
         96  |  -.0893608   .0132124    -6.76   0.000    -.1152566   -.0634649
         97  |  -.0349163   .0179293    -1.95   0.051    -.0700571    .0002245
         98  |  -.0005266   .0177139    -0.03   0.976    -.0352453    .0341921
         99  |  -.0520036   .0143827    -3.62   0.000    -.0801933    -.023814
        100  |  -.0579181    .011815    -4.90   0.000     -.081075   -.0347612
        101  |  -.0280002   .0138062    -2.03   0.043    -.0550598   -.0009406
        102  |  -.0008483   .0142212    -0.06   0.952    -.0287214    .0270247
        103  |  -.0426504   .0140453    -3.04   0.002    -.0701787   -.0151221
        104  |   -.062593    .015632    -4.00   0.000    -.0932312   -.0319548
        105  |  -.0327587    .018515    -1.77   0.077    -.0690475    .0035301
        106  |   .0044797   .0170934     0.26   0.793    -.0290228    .0379822
        107  |  -.0385536   .0160816    -2.40   0.017     -.070073   -.0070342
        108  |   -.053688   .0171365    -3.13   0.002    -.0872749    -.020101
        109  |   .0005912   .0169431     0.03   0.972    -.0326166    .0337989
        110  |   .0361561   .0171955     2.10   0.035     .0024535    .0698586
        111  |  -.0097787   .0178441    -0.55   0.584    -.0447524     .025195
        112  |  -.0323376   .0166189    -1.95   0.052      -.06491    .0002347
        113  |   .0293388   .0218538     1.34   0.179    -.0134939    .0721715
        114  |   .0642617   .0223629     2.87   0.004     .0204312    .1080922
        115  |   .0152961   .0245517     0.62   0.533    -.0328244    .0634165
        116  |  -.0050497   .0188308    -0.27   0.789    -.0419575    .0318581
        117  |   .0332816   .0164623     2.02   0.043     .0010161    .0655471
        118  |   .0735966   .0149389     4.93   0.000     .0443168    .1028764
        119  |    .016335   .0163659     1.00   0.318    -.0157416    .0484116
        120  |  -.0051406   .0167159    -0.31   0.758    -.0379032     .027622
        121  |   .0092968   .0146924     0.63   0.527    -.0194998    .0380933
        122  |   .0451285    .017543     2.57   0.010     .0107447    .0795122
        123  |  -.0170839   .0144856    -1.18   0.238    -.0454752    .0113074
        124  |  -.0535247   .0139649    -3.83   0.000    -.0808953    -.026154
        125  |  -.0314771   .0181363    -1.74   0.083    -.0670235    .0040693
        126  |  -.0036678    .017834    -0.21   0.837    -.0386219    .0312862
        127  |  -.0568233   .0168084    -3.38   0.001    -.0897672   -.0238794
        128  |  -.0803251   .0156467    -5.13   0.000    -.1109921   -.0496582
        129  |  -.0458401   .0149487    -3.07   0.002    -.0751391   -.0165412
        130  |  -.0129677   .0217742    -0.60   0.551    -.0556444     .029709
        131  |  -.0568032   .0180292    -3.15   0.002    -.0921399   -.0214666
        132  |  -.0793663   .0140755    -5.64   0.000    -.1069538   -.0517788
        133  |  -.0309772   .0162857    -1.90   0.057    -.0628966    .0009422
        134  |  -.0029474   .0201195    -0.15   0.884    -.0423808     .036486
        135  |  -.0340652   .0180987    -1.88   0.060    -.0695381    .0014076
        143  |   .0036504   .0165225     0.22   0.825     -.028733    .0360338
        144  |  -.0339885   .0161418    -2.11   0.035    -.0656259   -.0023512
        145  |   .0076681   .0220885     0.35   0.728    -.0356246    .0509607
        146  |   .0379243   .0294792     1.29   0.198    -.0198539    .0957024
        147  |   .0024475   .0205389     0.12   0.905    -.0378079     .042703
        148  |  -.0247929   .0181575    -1.37   0.172    -.0603809    .0107951
        149  |   .0206515   .0221404     0.93   0.351    -.0227428    .0640458
        150  |   .0528924   .0269176     1.96   0.049     .0001349      .10565
        151  |   .0038669      .0195     0.20   0.843    -.0343523    .0420862
        152  |  -.0027212   .0215637    -0.13   0.900    -.0449853    .0395428
        153  |   .0388057   .0221664     1.75   0.080    -.0046396     .082251
        154  |   .0653033   .0221214     2.95   0.003     .0219462    .1086603
        155  |   .0242231   .0195149     1.24   0.215    -.0140253    .0624716
        156  |  -.0156796   .0161996    -0.97   0.333    -.0474303    .0160711
        157  |    .033259   .0217379     1.53   0.126    -.0093466    .0758646
        158  |   .0603685   .0215082     2.81   0.005     .0182132    .1025239
        159  |   .0109089   .0207712     0.53   0.599    -.0298019    .0516197
        160  |   .0121591   .0185115     0.66   0.511    -.0241227    .0484409
        161  |   .0637401   .0193844     3.29   0.001     .0257475    .1017327
        162  |   .0780657   .0216184     3.61   0.000     .0356944     .120437
        163  |    .042841   .0153063     2.80   0.005     .0128413    .0728407
        164  |  -.0037624   .0165422    -0.23   0.820    -.0361844    .0286597
        165  |    .022122   .0176206     1.26   0.209    -.0124137    .0566577
        166  |   .0268635   .0191094     1.41   0.160    -.0105902    .0643173
        167  |  -.0100971   .0160539    -0.63   0.529    -.0415623     .021368
        168  |  -.0402301   .0126682    -3.18   0.001    -.0650593   -.0154009
        169  |   .0041071   .0148846     0.28   0.783    -.0250661    .0332803
        170  |   .0192029   .0198967     0.97   0.334    -.0197938    .0581997
        171  |  -.0137593   .0187564    -0.73   0.463    -.0505212    .0230027
        172  |  -.0487703   .0141086    -3.46   0.001    -.0764225    -.021118
        173  |    -.03457   .0190268    -1.82   0.069    -.0718618    .0027217
        174  |  -.0124291   .0177647    -0.70   0.484    -.0472474    .0223891
        175  |  -.0403788    .016027    -2.52   0.012    -.0717912   -.0089664
        176  |  -.0673885   .0172111    -3.92   0.000    -.1011217   -.0336554
        177  |  -.0151901   .0192116    -0.79   0.429    -.0528441    .0224639
        178  |  -.0060398   .0201557    -0.30   0.764    -.0455443    .0334646
        179  |  -.0462386   .0183319    -2.52   0.012    -.0821684   -.0103088
        180  |  -.0606992   .0172205    -3.52   0.000    -.0944507   -.0269477
        181  |  -.0307974   .0167814    -1.84   0.066    -.0636882    .0020935
        182  |  -.0031224   .0156792    -0.20   0.842     -.033853    .0276083
        183  |  -.0454113   .0208722    -2.18   0.030      -.08632   -.0045026
        184  |  -.0454145   .0186936    -2.43   0.015    -.0820533   -.0087758
        185  |  -.0175167   .0180964    -0.97   0.333     -.052985    .0179515
        186  |   .0086926      .0183     0.48   0.635    -.0271747    .0445599
        187  |  -.0391346   .0189325    -2.07   0.039    -.0762416   -.0020276
        188  |  -.0501654   .0183192    -2.74   0.006    -.0860704   -.0142604
        189  |  -.0301727   .0201268    -1.50   0.134    -.0696204     .009275
        190  |  -.0143817   .0180257    -0.80   0.425    -.0497115     .020948
        191  |  -.0419785   .0169359    -2.48   0.013    -.0751722   -.0087848
        192  |  -.1016499   .0157676    -6.45   0.000    -.1325539   -.0707458
        193  |  -.0739536   .0230648    -3.21   0.001    -.1191597   -.0287475
        194  |  -.0523539    .023673    -2.21   0.027    -.0987521   -.0059556
        195  |  -.0967655   .0183738    -5.27   0.000    -.1327775   -.0607536
        196  |  -.1357429   .0177565    -7.64   0.000    -.1705451   -.1009407
        197  |   -.115042   .0178101    -6.46   0.000    -.1499491   -.0801348
        198  |  -.1127975   .0220968    -5.10   0.000    -.1561065   -.0694884
        199  |  -.1430524   .0168369    -8.50   0.000    -.1760521   -.1100526
        200  |  -.1672504   .0174373    -9.59   0.000    -.2014269   -.1330738
        201  |  -.1337266    .019396    -6.89   0.000     -.171742   -.0957111
        202  |  -.1281907   .0221913    -5.78   0.000    -.1716849   -.0846966
        203  |  -.1507512   .0228627    -6.59   0.000    -.1955613   -.1059411
        204  |  -.1710501   .0175824    -9.73   0.000     -.205511   -.1365892
        205  |  -.1338689   .0237995    -5.62   0.000    -.1805151   -.0872227
        206  |  -.1185498   .0218381    -5.43   0.000    -.1613517   -.0757478
        207  |  -.1404204   .0181217    -7.75   0.000    -.1759383   -.1049026
        208  |  -.1592155   .0231364    -6.88   0.000    -.2045621   -.1138689
        209  |  -.1296058   .0239634    -5.41   0.000    -.1765732   -.0826384
        210  |   -.116998   .0162041    -7.22   0.000    -.1487575   -.0852386
        211  |  -.1623783   .0203112    -7.99   0.000    -.2021875   -.1225691
        212  |  -.1626546   .0189119    -8.60   0.000    -.1997213   -.1255879
        213  |  -.1199585   .0182439    -6.58   0.000    -.1557159   -.0842011
        214  |  -.1041534   .0203988    -5.11   0.000    -.1441343   -.0641725
        215  |  -.1311432   .0160535    -8.17   0.000    -.1626075   -.0996789
        216  |  -.1597849   .0174689    -9.15   0.000    -.1940233   -.1255464
        217  |  -.1270135   .0197323    -6.44   0.000    -.1656881    -.088339
        218  |  -.0942578   .0246891    -3.82   0.000    -.1426476    -.045868
        219  |  -.1221982   .0178514    -6.85   0.000    -.1571863     -.08721
        220  |  -.1435851    .015636    -9.18   0.000     -.174231   -.1129391
        221  |  -.1099041   .0208951    -5.26   0.000    -.1508577   -.0689506
        222  |  -.0887024   .0246291    -3.60   0.000    -.1369745   -.0404303
        223  |  -.1213802   .0243309    -4.99   0.000    -.1690679   -.0736925
        224  |  -.1229489    .017855    -6.89   0.000    -.1579441   -.0879537
        225  |  -.0827006   .0165393    -5.00   0.000     -.115117   -.0502842
        226  |   -.088107   .0205109    -4.30   0.000    -.1283077   -.0479063
        227  |  -.1160245   .0200984    -5.77   0.000    -.1554165   -.0766324
             |
    postcont |
          1  |   .0081022   .0091589     0.88   0.376    -.0098489    .0260534
          2  |  -.0019409   .0134474    -0.14   0.885    -.0282974    .0244156
          3  |  -.0248966   .0151197    -1.65   0.100    -.0545307    .0047374
          4  |  -.0145922   .0105114    -1.39   0.165    -.0351941    .0060097
          5  |  -.0400366    .019338    -2.07   0.038    -.0779383   -.0021348
          6  |   -.043942   .0266409    -1.65   0.099    -.0961572    .0082732
          7  |  -.0301563   .0100204    -3.01   0.003    -.0497959   -.0105166
             |
   postcontf |
          1  |    .002364   .0052649     0.45   0.653     -.007955     .012683
          2  |   .0089049   .0101039     0.88   0.378    -.0108983    .0287081
          3  |   .0245702   .0168968     1.45   0.146    -.0085469    .0576873
             |
     precont |
          1  |   -.000987   .0044931    -0.22   0.826    -.0097933    .0078193
          2  |  -.0228515   .0236567    -0.97   0.334    -.0692179    .0235149
          3  |  -.0206853   .0373218    -0.55   0.579    -.0938346     .052464
             |
    precontf |
          1  |  -.0042654   .0078552    -0.54   0.587    -.0196614    .0111306
          2  |    .002811   .0276214     0.10   0.919    -.0513259     .056948
             |
   earlycont |
          1  |  -.0010836   .0052114    -0.21   0.835    -.0112977    .0091304
          2  |  -.0101607   .0097531    -1.04   0.298    -.0292765    .0089551
          3  |   .0436655   .0281235     1.55   0.121    -.0114556    .0987866
          4  |   .0612899   .0281477     2.18   0.029     .0061214    .1164584
             |
  earlycontf |
          1  |  -.0128492   .0064828    -1.98   0.047    -.0255554   -.0001431
          2  |  -.0241637    .016914    -1.43   0.153    -.0573145    .0089871
             |
       _cons |   .4507074   .0167665    26.88   0.000     .4178457    .4835691
-------------+----------------------------------------------------------------
emp_ests_l~r |
       _cons |  -5.643983   .1432603   -39.40   0.000    -5.924768   -5.363198
-------------+----------------------------------------------------------------
wage_ests_~n |
    F12treat |  -.0118252   .0048711    -2.43   0.015    -.0213725    -.002278
     F8treat |  -.0128577   .0051277    -2.51   0.012    -.0229078   -.0028075
     F4treat |  -.0150496    .007997    -1.88   0.060    -.0307233    .0006242
       treat |   .0060195   .0060283     1.00   0.318    -.0057957    .0178348
     L4treat |   .0084265    .006438     1.31   0.191    -.0041919    .0210448
     L8treat |   .0046499   .0050135     0.93   0.354    -.0051763    .0144761
    L12treat |   .0001279   .0038599     0.03   0.974    -.0074373    .0076932
    L16treat |   .0032124   .0041481     0.77   0.439    -.0049178    .0113425
             |
    statenum |
          2  |   .3243746   .0066877    48.50   0.000      .311267    .3374822
          4  |   .1016222   .0043016    23.62   0.000     .0931912    .1100532
          5  |   .0158414   .0026913     5.89   0.000     .0105665    .0211162
          6  |   .1949797    .007856    24.82   0.000     .1795822    .2103772
          8  |   .1178639   .0056342    20.92   0.000      .106821    .1289068
          9  |   .1518083   .0097553    15.56   0.000     .1326882    .1709284
         10  |   .0870115    .006409    13.58   0.000     .0744501    .0995728
         11  |   .1962823   .0071684    27.38   0.000     .1822325    .2103321
         12  |    .074365   .0050626    14.69   0.000     .0644425    .0842875
         13  |     .07173   .0025703    27.91   0.000     .0666923    .0767677
         15  |   .1426281   .0067878    21.01   0.000     .1293242    .1559321
         16  |   .0315213   .0004658    67.67   0.000     .0306083    .0324342
         17  |   .1015125   .0056419    17.99   0.000     .0904545    .1125705
         18  |   .0289639   .0014579    19.87   0.000     .0261065    .0318213
         19  |   .0112651   .0055925     2.01   0.044      .000304    .0222263
         20  |   .0271581   .0014579    18.63   0.000     .0243007    .0300155
         21  |   .0068636   .0014579     4.71   0.000     .0040062     .009721
         22  |   .0034233   1.30e-14  2.6e+11   0.000     .0034233    .0034233
         23  |   .0266262   .0087213     3.05   0.002     .0095328    .0437196
         24  |   .1223826    .005764    21.23   0.000     .1110854    .1336798
         25  |   .1504617   .0076631    19.63   0.000     .1354424     .165481
         26  |   .0183855   .0033757     5.45   0.000     .0117693    .0250017
         27  |   .0820394   .0057627    14.24   0.000     .0707447    .0933341
         28  |  -.0149233   1.30e-14 -1.2e+12   0.000    -.0149233   -.0149233
         29  |   .0006559    .004014     0.16   0.870    -.0072113    .0085232
         30  |  -.0001187    .004902    -0.02   0.981    -.0097265    .0094891
         31  |   .0359965   .0029491    12.21   0.000     .0302163    .0417767
         32  |   .2157605   .0036251    59.52   0.000     .2086554    .2228656
         33  |   .0981914   .0061323    16.01   0.000     .0861723    .1102106
         34  |   .1301478   .0064953    20.04   0.000     .1174172    .1428785
         35  |   .0451371   .0027569    16.37   0.000     .0397337    .0505406
         36  |   .1001214   .0046382    21.59   0.000     .0910307     .109212
         37  |   .0473777   .0025632    18.48   0.000     .0423539    .0524015
         38  |   .0111072    .003164     3.51   0.000      .004906    .0173085
         39  |  -.0084995   .0043016    -1.98   0.048    -.0169305   -.0000685
         40  |   .0268546   .0004658    57.65   0.000     .0259417    .0277675
         41  |   .1257581   .0106461    11.81   0.000     .1048921    .1466241
         42  |   .0308408   .0041105     7.50   0.000     .0227842    .0388973
         44  |    .105447   .0097107    10.86   0.000     .0864144    .1244796
         45  |   .0169638   .0014579    11.64   0.000     .0141064    .0198212
         46  |  -.0423062   .0029174   -14.50   0.000    -.0480241   -.0365883
         47  |   .0082108   .0025703     3.19   0.001     .0031731    .0132485
         48  |   .0759807   .0014579    52.12   0.000     .0731233    .0788381
         49  |   .0763649   .0025703    29.71   0.000     .0713272    .0814026
         50  |    .058108   .0112328     5.17   0.000     .0360922    .0801239
         51  |   .0638153   .0025703    24.83   0.000     .0587776     .068853
         53  |   .1496431   .0104678    14.30   0.000     .1291266    .1701596
         54  |  -.0502736   .0039149   -12.84   0.000    -.0579468   -.0426004
         55  |   .0214867   .0052718     4.08   0.000     .0111541    .0318193
         56  |    .043561   .0016358    26.63   0.000     .0403548    .0467671
             |
 quarterdate |
         80  |   .0476437   .0109916     4.33   0.000     .0261006    .0691869
         81  |   .0490718   .0095355     5.15   0.000     .0303826    .0677611
         82  |   .0640481   .0090867     7.05   0.000     .0462386    .0818576
         83  |   .0686389    .010673     6.43   0.000     .0477203    .0895576
         84  |   .0998256   .0118908     8.40   0.000     .0765201    .1231311
         85  |   .0996752   .0128974     7.73   0.000     .0743967    .1249536
         86  |   .1106667   .0124644     8.88   0.000     .0862369    .1350965
         87  |   .1081089   .0155245     6.96   0.000     .0776815    .1385362
         88  |   .1252544   .0126723     9.88   0.000      .100417    .1500917
         89  |    .126252   .0173001     7.30   0.000     .0923444    .1601597
         90  |   .1173897   .0124338     9.44   0.000     .0930198    .1417595
         91  |   .1243324   .0150101     8.28   0.000     .0949132    .1537517
         92  |   .1050102   .0150186     6.99   0.000     .0755744     .134446
         93  |   .1250486   .0144678     8.64   0.000     .0966924    .1534049
         94  |   .1392809   .0170247     8.18   0.000      .105913    .1726487
         95  |   .1279087   .0161403     7.92   0.000     .0962743    .1595432
         96  |   .1364737   .0143537     9.51   0.000     .1083409    .1646065
         97  |    .149583   .0156787     9.54   0.000     .1188533    .1803126
         98  |   .1488044   .0164052     9.07   0.000     .1166508    .1809581
         99  |   .1526548   .0157764     9.68   0.000     .1217337    .1835759
        100  |   .1779683   .0143935    12.36   0.000     .1497576    .2061791
        101  |   .1785142   .0134222    13.30   0.000     .1522071    .2048212
        102  |   .1854653   .0170781    10.86   0.000     .1519928    .2189378
        103  |   .1939228   .0164169    11.81   0.000     .1617462    .2260993
        104  |   .1847107   .0170458    10.84   0.000     .1513016    .2181199
        105  |   .1964133   .0152545    12.88   0.000      .166515    .2263116
        106  |   .1900726   .0152727    12.45   0.000     .1601387    .2200066
        107  |   .2057807   .0180347    11.41   0.000     .1704334     .241128
        108  |   .2040786   .0176967    11.53   0.000     .1693937    .2387634
        109  |   .2389429   .0182045    13.13   0.000     .2032628    .2746231
        110  |   .2290548   .0149649    15.31   0.000     .1997242    .2583854
        111  |   .2427455    .020356    11.93   0.000     .2028485    .2826425
        112  |   .2560016   .0206177    12.42   0.000     .2155918    .2964115
        113  |   .2779953   .0174029    15.97   0.000     .2438861    .3121044
        114  |   .2957769   .0181439    16.30   0.000     .2602154    .3313384
        115  |   .2990935   .0181611    16.47   0.000     .2634984    .3346887
        116  |   .3023769   .0218333    13.85   0.000     .2595845    .3451693
        117  |   .3125037    .020556    15.20   0.000     .2722148    .3527926
        118  |   .3216284   .0207693    15.49   0.000     .2809212    .3623355
        119  |   .3327063   .0205538    16.19   0.000     .2924216     .372991
        120  |   .3345332   .0223072    15.00   0.000      .290812    .3782545
        121  |   .3524442   .0205113    17.18   0.000     .3122427    .3926457
        122  |   .3748282   .0213798    17.53   0.000     .3329246    .4167319
        123  |   .3675707   .0219852    16.72   0.000     .3244805    .4106608
        124  |   .3765911   .0156338    24.09   0.000     .3459495    .4072327
        125  |   .3845486   .0196729    19.55   0.000     .3459903    .4231068
        126  |   .3764751   .0211593    17.79   0.000     .3350036    .4179466
        127  |   .3841113   .0181285    21.19   0.000       .34858    .4196425
        128  |   .3909633   .0205886    18.99   0.000     .3506104    .4313163
        129  |   .4052512   .0190713    21.25   0.000     .3678721    .4426304
        130  |   .4073765   .0180396    22.58   0.000     .3720196    .4427334
        131  |   .3985263   .0206651    19.28   0.000     .3580234    .4390291
        132  |   .4023686   .0175111    22.98   0.000     .3680474    .4366898
        133  |   .4017889   .0187966    21.38   0.000     .3649482    .4386296
        134  |   .4140141    .018889    21.92   0.000     .3769924    .4510357
        135  |   .4406358    .015212    28.97   0.000     .4108209    .4704508
        143  |   .5004501   .0120759    41.44   0.000     .4767818    .5241185
        144  |   .5167176   .0135424    38.16   0.000     .4901749    .5432603
        145  |   .4966426   .0126386    39.30   0.000     .4718714    .5214137
        146  |   .4907283   .0240115    20.44   0.000     .4436667    .5377899
        147  |   .5156602    .014331    35.98   0.000      .487572    .5437485
        148  |   .5263455   .0127269    41.36   0.000     .5014012    .5512898
        149  |   .5413594   .0192679    28.10   0.000     .5035951    .5791238
        150  |   .5449886   .0153129    35.59   0.000     .5149759    .5750013
        151  |   .5567071   .0125586    44.33   0.000     .5320928    .5813215
        152  |   .5547938   .0161277    34.40   0.000     .5231842    .5864034
        153  |    .591762   .0152756    38.74   0.000     .5618224    .6217016
        154  |   .6066121   .0131877    46.00   0.000     .5807646    .6324596
        155  |   .6021819    .016863    35.71   0.000      .569131    .6352327
        156  |   .6232173   .0139659    44.62   0.000     .5958446      .65059
        157  |    .634692    .015011    42.28   0.000     .6052711    .6641129
        158  |    .631542    .014207    44.45   0.000     .6036967    .6593873
        159  |    .661576   .0170226    38.86   0.000     .6282123    .6949396
        160  |   .6610357   .0150266    43.99   0.000     .6315841    .6904873
        161  |   .6932488   .0122542    56.57   0.000     .6692309    .7172666
        162  |   .7003314   .0163468    42.84   0.000     .6682923    .7323705
        163  |   .7021364   .0166234    42.24   0.000     .6695551    .7347177
        164  |   .6949916   .0197869    35.12   0.000     .6562101    .7337732
        165  |    .720673   .0149534    48.19   0.000     .6913649    .7499811
        166  |   .7369529   .0177846    41.44   0.000     .7020957    .7718101
        167  |   .7400953   .0145209    50.97   0.000     .7116348    .7685557
        168  |   .7488187   .0173129    43.25   0.000     .7148861    .7827513
        169  |   .7443704   .0165368    45.01   0.000     .7119588     .776782
        170  |   .7362139   .0205783    35.78   0.000     .6958811    .7765466
        171  |   .7519894   .0182364    41.24   0.000     .7162468     .787732
        172  |   .7478088   .0185636    40.28   0.000     .7114248    .7841927
        173  |   .7359884   .0215826    34.10   0.000     .6936873    .7782895
        174  |   .7491596   .0214521    34.92   0.000     .7071141     .791205
        175  |   .7481635   .0248073    30.16   0.000     .6995422    .7967849
        176  |    .772577   .0160727    48.07   0.000      .741075    .8040789
        177  |   .7767876   .0205561    37.79   0.000     .7364983    .8170769
        178  |   .7593175   .0218346    34.78   0.000     .7165225    .8021124
        179  |   .7796696   .0211755    36.82   0.000     .7381664    .8211728
        180  |   .7666072   .0204714    37.45   0.000     .7264839    .8067305
        181  |   .7697729   .0186951    41.18   0.000     .7331311    .8064146
        182  |   .7999389   .0183586    43.57   0.000     .7639567    .8359211
        183  |   .8115456   .0158589    51.17   0.000     .7804627    .8426286
        184  |   .8011243    .026523    30.20   0.000     .7491401    .8531085
        185  |   .8256074   .0180745    45.68   0.000      .790182    .8610327
        186  |   .8333057   .0171805    48.50   0.000     .7996326    .8669788
        187  |   .8451555    .014393    58.72   0.000     .8169457    .8733654
        188  |   .8630274   .0186379    46.31   0.000     .8264978    .8995569
        189  |   .8603101    .014865    57.87   0.000     .8311752     .889445
        190  |   .8514545   .0166109    51.26   0.000     .8188977    .8840112
        191  |   .8773284   .0134813    65.08   0.000     .8509055    .9037512
        192  |    .873121   .0196349    44.47   0.000     .8346374    .9116046
        193  |   .8743518   .0183534    47.64   0.000     .8383797    .9103239
        194  |    .871374   .0182451    47.76   0.000     .8356142    .9071338
        195  |   .8956187   .0206594    43.35   0.000     .8551271    .9361103
        196  |   .8906515   .0193059    46.13   0.000     .8528127    .9284903
        197  |   .8915258   .0164573    54.17   0.000     .8592702    .9237814
        198  |   .8933929   .0224053    39.87   0.000     .8494794    .9373064
        199  |   .8855766   .0184859    47.91   0.000      .849345    .9218082
        200  |   .8844036   .0213834    41.36   0.000      .842493    .9263143
        201  |   .9143342   .0124784    73.27   0.000      .889877    .9387914
        202  |   .8986392   .0189932    47.31   0.000     .8614132    .9358652
        203  |   .8883665   .0193417    45.93   0.000     .8504574    .9262757
        204  |   .8908837   .0183359    48.59   0.000     .8549461    .9268214
        205  |   .9180184   .0147059    62.43   0.000     .8891953    .9468415
        206  |   .9061705    .020107    45.07   0.000     .8667615    .9455795
        207  |   .9093739   .0246235    36.93   0.000     .8611128     .957635
        208  |   .9066924   .0167785    54.04   0.000     .8738072    .9395776
        209  |   .9363027   .0250491    37.38   0.000     .8872073    .9853982
        210  |   .9085647   .0178907    50.78   0.000     .8734996    .9436298
        211  |   .9088378   .0239166    38.00   0.000     .8619621    .9557134
        212  |   .9264995   .0215776    42.94   0.000     .8842082    .9687909
        213  |   .9282971   .0227584    40.79   0.000     .8836915    .9729027
        214  |   .9490636    .019056    49.80   0.000     .9117146    .9864126
        215  |    .950348   .0178145    53.35   0.000     .9154321    .9852638
        216  |   .9578497   .0210347    45.54   0.000     .9166225    .9990769
        217  |   .9646067   .0205866    46.86   0.000     .9242578    1.004956
        218  |   .9728193   .0208454    46.67   0.000     .9319631    1.013675
        219  |   .9690805   .0157377    61.58   0.000     .9382352    .9999257
        220  |   .9797462   .0198021    49.48   0.000     .9409347    1.018558
        221  |   .9982523   .0279029    35.78   0.000     .9435635    1.052941
        222  |   1.010511   .0178665    56.56   0.000     .9754933    1.045529
        223  |    .993743   .0183511    54.15   0.000     .9577755    1.029711
        224  |    1.01337   .0195058    51.95   0.000     .9751397    1.051601
        225  |   1.029792   .0206624    49.84   0.000     .9892946     1.07029
        226  |   1.023672   .0239102    42.81   0.000      .976809    1.070535
        227  |   1.040027   .0255981    40.63   0.000     .9898555    1.090198
             |
    postcont |
          1  |   .0021815   .0062469     0.35   0.727    -.0100621    .0144252
          2  |   .0112316   .0097946     1.15   0.252    -.0079655    .0304287
          3  |    .029208   .0110384     2.65   0.008      .007573    .0508429
          4  |   .0517511   .0088101     5.87   0.000     .0344835    .0690186
          5  |   .0426647   .0109284     3.90   0.000     .0212454     .064084
          6  |   .0471477    .006645     7.10   0.000     .0341238    .0601717
          7  |   .0912198   .0080768    11.29   0.000     .0753896      .10705
             |
   postcontf |
          1  |  -.0072239   .0061315    -1.18   0.239    -.0192413    .0047935
          2  |  -.0006763   .0058757    -0.12   0.908    -.0121924    .0108398
          3  |   .0035895   .0121873     0.29   0.768    -.0202973    .0274762
             |
     precont |
          1  |   .0066413   .0057225     1.16   0.246    -.0045746    .0178572
          2  |   .0189147     .02396     0.79   0.430     -.028046    .0658755
          3  |  -.0193867   .0250076    -0.78   0.438    -.0684007    .0296273
             |
    precontf |
          1  |  -.0158598   .0066319    -2.39   0.017    -.0288582   -.0028614
          2  |  -.0031118   .0209986    -0.15   0.882    -.0442684    .0380447
             |
   earlycont |
          1  |  -.0033097   .0062838    -0.53   0.598    -.0156258    .0090064
          2  |   .0039311   .0072707     0.54   0.589    -.0103193    .0181815
          3  |   .1089003   .0441728     2.47   0.014     .0223231    .1954775
          4  |   .1886298   .0174977    10.78   0.000     .1543349    .2229247
             |
  earlycontf |
          1  |  -.0194666   .0091044    -2.14   0.033     -.037311   -.0016223
          2  |  -.0443008   .0154244    -2.87   0.004    -.0745321   -.0140695
             |
       _cons |   1.146919   .0165592    69.26   0.000     1.114463    1.179374
-------------+----------------------------------------------------------------
wage_ests_~r |
       _cons |  -5.619267   .1541992   -36.44   0.000    -5.921492   -5.317042
------------------------------------------------------------------------------

       _nl_1: ((([emp_ests_mean]treat-([emp_ests_mean]F4treat)) + ([emp_ests_me
> an]L4treat - ([emp_ests_mean]F4treat) )  + ([emp_ests_mean]L8treat - ([emp_es
> ts_mean]F4treat) )  + ([emp_ests_mean]L12treat - ([emp_ests_mean]F4treat) )  
> + ([emp_ests_mean]L16treat - ([emp_ests_mean]F4treat) ) )/.4467457150866644)/
> (([wage_ests_mean]treat-([wage_ests_mean]F4treat)) + ([wage_ests_mean]L4treat
>  - ([wage_ests_mean]F4treat) )  + ([wage_ests_mean]L8treat - ([wage_ests_mean
> ]F4treat) )  + ([wage_ests_mean]L12treat - ([wage_ests_mean]F4treat) )  + ([w
> age_ests_mean]L16treat - ([wage_ests_mean]F4treat) ) )

------------------------------------------------------------------------------
             | Coefficient  Std. err.      z    P>|z|     [95% conf. interval]
-------------+----------------------------------------------------------------
       _nl_1 |   .4349483   .3705851     1.17   0.241    -.2913853    1.161282
------------------------------------------------------------------------------

added macro:
          e(main_estb) : "0.435"

added macro:
         e(main_estse) : "(0.371)"

added macro:
              e(group) : "High prob."

    Variable |     Obs      Weight        Mean   Std. dev.       Min        Max
-------------+-----------------------------------------------------------------
     percap2 |     547  1.2692e+09    .4593638   .0607531   .2764713    1.26675

    Variable |     Obs      Weight        Mean   Std. dev.       Min        Max
-------------+-----------------------------------------------------------------
       wage2 |     547  1.2692e+09    1632.031   152.9479   1180.628   2483.622

    Variable |     Obs      Weight        Mean   Std. dev.       Min        Max
-------------+-----------------------------------------------------------------
    DMW_real |     137   318470048    .8037334   .4055256   .2514448   2.193727

    Variable |     Obs      Weight        Mean   Std. dev.       Min        Max
-------------+-----------------------------------------------------------------
     MW_real |     138   320297078    7.675077   .8678303   6.075942   10.49291
(MWFE estimator converged in 16 iterations)

HDFE Linear regression                            Number of obs   =      7,242
Absorbing 9 HDFE groups                           F(   8,     50) =       1.06
Statistics robust to heteroskedasticity           Prob > F        =     0.4024
                                                  R-squared       =     0.7516
                                                  Adj R-squared   =     0.7438
                                                  Within R-sq.    =     0.0020
Number of clusters (statenum) =         51        Root MSE        =     0.0289

                              (Std. err. adjusted for 51 clusters in statenum)
------------------------------------------------------------------------------
             |               Robust
     percap2 | Coefficient  std. err.      t    P>|t|     [95% conf. interval]
-------------+----------------------------------------------------------------
    F12treat |    -.00259   .0030563    -0.85   0.401    -.0087288    .0035487
     F8treat |  -.0013555   .0023626    -0.57   0.569    -.0061008    .0033899
     F4treat |  -.0008089    .003102    -0.26   0.795    -.0070396    .0054217
       treat |   .0025452   .0025767     0.99   0.328    -.0026303    .0077206
     L4treat |     .00082   .0022635     0.36   0.719    -.0037264    .0053663
     L8treat |   .0016282   .0028262     0.58   0.567    -.0040483    .0073047
    L12treat |    .001507   .0026817     0.56   0.577    -.0038794    .0068934
    L16treat |    .003201   .0024449     1.31   0.196    -.0017098    .0081117
       _cons |    .459876   .0013124   350.41   0.000       .45724     .462512
------------------------------------------------------------------------------

Absorbed degrees of freedom:
-----------------------------------------------------+
 Absorbed FE | Categories  - Redundant  = Num. Coefs |
-------------+---------------------------------------|
    statenum |        51          51           0    *|
 quarterdate |       142           1         141     |
    postcont |         8           1           7     |
    postcont |         8           8           0    ?|
   postcontf |         4           1           3    ?|
     precont |         4           1           3    ?|
    precontf |         3           1           2    ?|
   earlycont |         5           1           4    ?|
  earlycontf |         3           1           2    ?|
-----------------------------------------------------+
? = number of redundant parameters may be higher
* = FE nested within cluster; treated as redundant for DoF computation

 ( 1)  - 2.176924*F4treat + .4353848*treat + .4353848*L4treat +
       .4353848*L8treat + .4353848*L12treat + .4353848*L16treat = 0

------------------------------------------------------------------------------
     percap2 | Coefficient  Std. err.      t    P>|t|     [95% conf. interval]
-------------+----------------------------------------------------------------
         (1) |   .0059848   .0048851     1.23   0.226    -.0038271    .0157967
------------------------------------------------------------------------------

added macro:
          e(main_estb) : "0.006"

added macro:
         e(main_estse) : "(0.005)"
(MWFE estimator converged in 16 iterations)

HDFE Linear regression                            Number of obs   =      7,242
Absorbing 9 HDFE groups                           F(   8,     50) =       5.00
Statistics robust to heteroskedasticity           Prob > F        =     0.0001
                                                  R-squared       =     0.9789
                                                  Adj R-squared   =     0.9783
                                                  Within R-sq.    =     0.0279
Number of clusters (statenum) =         51        Root MSE        =     0.0480

                              (Std. err. adjusted for 51 clusters in statenum)
------------------------------------------------------------------------------
             |               Robust
    logwage2 | Coefficient  std. err.      t    P>|t|     [95% conf. interval]
-------------+----------------------------------------------------------------
    F12treat |   -.013104   .0042445    -3.09   0.003    -.0216294   -.0045787
     F8treat |  -.0124668   .0044654    -2.79   0.007    -.0214358   -.0034979
     F4treat |  -.0177853   .0071721    -2.48   0.017    -.0321909   -.0033797
       treat |  -.0147591   .0045543    -3.24   0.002    -.0239067   -.0056114
     L4treat |  -.0086739   .0046829    -1.85   0.070    -.0180797     .000732
     L8treat |  -.0120806   .0037936    -3.18   0.002    -.0197003   -.0044609
    L12treat |  -.0085103   .0034592    -2.46   0.017    -.0154582   -.0015623
    L16treat |  -.0111074   .0034387    -3.23   0.002    -.0180142   -.0042006
       _cons |   2.208866   .0020747  1064.65   0.000     2.204698    2.213033
------------------------------------------------------------------------------

Absorbed degrees of freedom:
-----------------------------------------------------+
 Absorbed FE | Categories  - Redundant  = Num. Coefs |
-------------+---------------------------------------|
    statenum |        51          51           0    *|
 quarterdate |       142           1         141     |
    postcont |         8           1           7     |
    postcont |         8           8           0    ?|
   postcontf |         4           1           3    ?|
     precont |         4           1           3    ?|
    precontf |         3           1           2    ?|
   earlycont |         5           1           4    ?|
  earlycontf |         3           1           2    ?|
-----------------------------------------------------+
? = number of redundant parameters may be higher
* = FE nested within cluster; treated as redundant for DoF computation

 ( 1)  - F4treat + .2*treat + .2*L4treat + .2*L8treat + .2*L12treat +
       .2*L16treat = 0

------------------------------------------------------------------------------
    logwage2 | Coefficient  Std. err.      t    P>|t|     [95% conf. interval]
-------------+----------------------------------------------------------------
         (1) |   .0067591   .0059276     1.14   0.260    -.0051468    .0186649
------------------------------------------------------------------------------

added macro:
          e(main_estb) : "0.007"

added macro:
         e(main_estse) : "(0.006)"
(sum of wgt is 14,148,440,774.03)

      Source |       SS           df       MS      Number of obs   =     7,242
-------------+----------------------------------   F(220, 7021)    =     96.54
       Model |  17.7152177       220  .080523717   Prob > F        =    0.0000
    Residual |  5.85591176     7,021  .000834057   R-squared       =    0.7516
-------------+----------------------------------   Adj R-squared   =    0.7438
       Total |  23.5711294     7,241  .003255231   Root MSE        =    .02888

------------------------------------------------------------------------------
     percap2 | Coefficient  Std. err.      t    P>|t|     [95% conf. interval]
-------------+----------------------------------------------------------------
    F12treat |    -.00259   .0014368    -1.80   0.071    -.0054066    .0002265
     F8treat |  -.0013555   .0014407    -0.94   0.347    -.0041797    .0014688
     F4treat |  -.0008089   .0014703    -0.55   0.582    -.0036912    .0020733
       treat |   .0025452   .0014275     1.78   0.075    -.0002532    .0053436
     L4treat |     .00082   .0014969     0.55   0.584    -.0021144    .0037544
     L8treat |   .0016282   .0015589     1.04   0.296    -.0014277    .0046841
    L12treat |    .001507    .001615     0.93   0.351    -.0016588    .0046728
    L16treat |    .003201    .001641     1.95   0.051    -.0000159    .0064178
             |
    statenum |
          2  |   .1307096   .0086419    15.13   0.000     .1137689    .1476503
          4  |   .0470535   .0037202    12.65   0.000     .0397607    .0543462
          5  |   .0073166    .004219     1.73   0.083     -.000954    .0155871
          6  |   .0703074   .0029911    23.51   0.000      .064444    .0761708
          8  |   .0991357   .0040694    24.36   0.000     .0911584     .107113
          9  |   .0610499   .0043164    14.14   0.000     .0525885    .0695113
         10  |    .090656   .0070041    12.94   0.000     .0769258    .1043861
         11  |   .6507711   .0074323    87.56   0.000     .6362015    .6653407
         12  |   .0134007   .0030122     4.45   0.000     .0074958    .0193055
         13  |   .0791837   .0033133    23.90   0.000     .0726887    .0856788
         15  |    .107598   .0056668    18.99   0.000     .0964894    .1187065
         16  |   .0129383   .0058633     2.21   0.027     .0014444    .0244322
         17  |    .054832   .0031572    17.37   0.000     .0486429    .0610211
         18  |   .0383863   .0034678    11.07   0.000     .0315883    .0451843
         19  |   .0450398   .0042946    10.49   0.000     .0366211    .0534586
         20  |   .0640311   .0044136    14.51   0.000      .055379    .0726832
         21  |  -.0142579   .0037734    -3.78   0.000    -.0216549   -.0068609
         22  |   .0338776   .0036476     9.29   0.000     .0267273     .041028
         23  |   .0023989   .0058282     0.41   0.681    -.0090262     .013824
         24  |   .0382386   .0037046    10.32   0.000     .0309764    .0455008
         25  |   .0688738   .0036356    18.94   0.000     .0617469    .0760007
         26  |  -.0072069   .0032036    -2.25   0.025    -.0134869   -.0009269
         27  |   .0835453   .0038256    21.84   0.000     .0760459    .0910447
         28  |   .0040053   .0041332     0.97   0.333    -.0040969    .0121076
         29  |   .0396184   .0035622    11.12   0.000     .0326354    .0466014
         30  |  -.0138048   .0066471    -2.08   0.038    -.0268351   -.0007745
         31  |   .0889244   .0051515    17.26   0.000     .0788259    .0990228
         32  |   .1418569   .0049747    28.52   0.000     .1321049    .1516089
         33  |   .0563646   .0064199     8.78   0.000     .0437797    .0689495
         34  |   .0383337   .0034336    11.16   0.000     .0316027    .0450646
         35  |   .0316165   .0049795     6.35   0.000     .0218552    .0413779
         36  |   .0261382    .002952     8.85   0.000     .0203514    .0319249
         37  |   .0735617   .0032941    22.33   0.000     .0671042    .0800192
         38  |   .0704396   .0075423     9.34   0.000     .0556544    .0852249
         39  |     .03107    .003132     9.92   0.000     .0249303    .0372096
         40  |   .0067323   .0039462     1.71   0.088    -.0010034    .0144679
         41  |   .0155714   .0043301     3.60   0.000     .0070831    .0240596
         42  |  -.0060391   .0030954    -1.95   0.051     -.012107    .0000288
         44  |   .0365656   .0061531     5.94   0.000     .0245036    .0486276
         45  |   .0365006   .0037916     9.63   0.000      .029068    .0439332
         46  |   .0493852   .0071011     6.95   0.000     .0354649    .0633055
         47  |   .0394586   .0034899    11.31   0.000     .0326175    .0462998
         48  |   .0989553   .0029091    34.02   0.000     .0932526     .104658
         49  |   .1038481   .0049354    21.04   0.000     .0941733     .113523
         50  |   .0427066   .0081745     5.22   0.000     .0266822     .058731
         51  |   .0624346   .0034161    18.28   0.000      .055738    .0691312
         53  |   .0194784    .003843     5.07   0.000      .011945    .0270117
         54  |  -.0843272     .00467   -18.06   0.000    -.0934818   -.0751726
         55  |   .0621672   .0036973    16.81   0.000     .0549193     .069415
         56  |   .0716877   .0087147     8.23   0.000     .0546043    .0887711
             |
 quarterdate |
         80  |  -.0195585   .0063734    -3.07   0.002    -.0320522   -.0070648
         81  |  -.0175622   .0063734    -2.76   0.006    -.0300559   -.0050685
         82  |  -.0263358   .0063734    -4.13   0.000    -.0388295   -.0138421
         83  |  -.0142978   .0063733    -2.24   0.025    -.0267914   -.0018043
         84  |  -.0200862     .00616    -3.26   0.001    -.0321616   -.0080108
         85  |  -.0122807     .00616    -1.99   0.046    -.0243561   -.0002053
         86  |  -.0170616     .00616    -2.77   0.006    -.0291369   -.0049862
         87  |  -.0128003   .0061608    -2.08   0.038    -.0248773   -.0007234
         88  |  -.0308767   .0061603    -5.01   0.000    -.0429528   -.0188006
         89  |   -.026722   .0061603    -4.34   0.000    -.0387981   -.0146459
         90  |  -.0377224   .0061603    -6.12   0.000    -.0497985   -.0256463
         91  |  -.0345444   .0061603    -5.61   0.000    -.0466205   -.0224683
         92  |  -.0419929   .0061609    -6.82   0.000    -.0540701   -.0299156
         93  |    -.03354   .0061609    -5.44   0.000    -.0456173   -.0214628
         94  |  -.0377834   .0061592    -6.13   0.000    -.0498573   -.0257094
         95  |  -.0239822   .0063099    -3.80   0.000    -.0363515   -.0116129
         96  |  -.0314353   .0063083    -4.98   0.000    -.0438015    -.019069
         97  |  -.0247607   .0063083    -3.93   0.000     -.037127   -.0123944
         98  |  -.0246144   .0063108    -3.90   0.000    -.0369855   -.0122433
         99  |  -.0156026   .0063101    -2.47   0.013    -.0279723    -.003233
        100  |  -.0212852   .0061667    -3.45   0.001    -.0333738   -.0091966
        101  |  -.0172757   .0061667    -2.80   0.005    -.0293643   -.0051871
        102  |  -.0168221   .0061565    -2.73   0.006    -.0288906   -.0047536
        103  |  -.0096944   .0061564    -1.57   0.115    -.0217627     .002374
        104  |  -.0166793   .0063781    -2.62   0.009    -.0291823   -.0041762
        105  |  -.0067201   .0063781    -1.05   0.292    -.0192232     .005783
        106  |  -.0148959   .0063733    -2.34   0.019    -.0273895   -.0024022
        107  |  -.0034053   .0063705    -0.53   0.593    -.0158934    .0090828
        108  |  -.0153811   .0063705    -2.41   0.016    -.0278691   -.0028931
        109  |  -.0019144   .0061249    -0.31   0.755     -.013921    .0100923
        110  |  -.0066284   .0061067    -1.09   0.278    -.0185993    .0053425
        111  |    .002454   .0061104     0.40   0.688    -.0095242    .0144323
        112  |  -.0029857   .0061043    -0.49   0.625    -.0149519    .0089805
        113  |   .0037674   .0065421     0.58   0.565    -.0090571    .0165919
        114  |   .0034024     .00656     0.52   0.604    -.0094572     .016262
        115  |   .0139245   .0065614     2.12   0.034     .0010623    .0267868
        116  |   .0033504   .0065591     0.51   0.610    -.0095074    .0162082
        117  |   .0047697   .0061645     0.77   0.439    -.0073147     .016854
        118  |   .0015151   .0061616     0.25   0.806    -.0105636    .0135937
        119  |   .0100908   .0061613     1.64   0.102    -.0019872    .0221688
        120  |  -.0012167   .0061672    -0.20   0.844    -.0133063    .0108729
        121  |    .003302   .0063587     0.52   0.604    -.0091629    .0157669
        122  |  -.0040866   .0063577    -0.64   0.520    -.0165497    .0083764
        123  |   .0000828   .0063577     0.01   0.990    -.0123802    .0125458
        124  |  -.0216804   .0063612    -3.41   0.001    -.0341503   -.0092105
        125  |  -.0145288   .0063174    -2.30   0.021    -.0269127   -.0021449
        126  |  -.0222353   .0063164    -3.52   0.000    -.0346173   -.0098532
        127  |  -.0161645   .0063168    -2.56   0.011    -.0285473   -.0037817
        128  |  -.0265609   .0063218    -4.20   0.000    -.0389535   -.0141683
        129  |  -.0189518   .0063285    -2.99   0.003    -.0313575   -.0065461
        130  |  -.0236843   .0063249    -3.74   0.000    -.0360831   -.0112856
        131  |  -.0188349   .0063242    -2.98   0.003    -.0312322   -.0064377
        132  |   -.033809   .0063237    -5.35   0.000    -.0462054   -.0214127
        133  |  -.0197531   .0063226    -3.12   0.002    -.0321472   -.0073589
        134  |   -.025578   .0063152    -4.05   0.000    -.0379577   -.0131983
        135  |  -.0148831   .0061212    -2.43   0.015    -.0268824   -.0028837
        143  |  -.0026938   .0059866    -0.45   0.653    -.0144294    .0090418
        144  |  -.0114068   .0059901    -1.90   0.057    -.0231492    .0003355
        145  |  -.0031671   .0061995    -0.51   0.609    -.0153201    .0089859
        146  |  -.0160738   .0087033    -1.85   0.065    -.0331349    .0009873
        147  |   .0027399   .0063232     0.43   0.665    -.0096554    .0151352
        148  |   -.008717   .0063301    -1.38   0.169    -.0211258    .0036918
        149  |   .0044203     .00633     0.70   0.485    -.0079884    .0168291
        150  |  -.0055595   .0062965    -0.88   0.377    -.0179025    .0067836
        151  |      .0034   .0062973     0.54   0.589    -.0089446    .0157446
        152  |  -.0071082   .0063023    -1.13   0.259    -.0194625    .0052462
        153  |    .009367   .0063009     1.49   0.137    -.0029848    .0217187
        154  |   .0022084   .0063004     0.35   0.726    -.0101423    .0145591
        155  |   .0096606      .0063     1.53   0.125    -.0026892    .0220104
        156  |   .0035125   .0062974     0.56   0.577    -.0088322    .0158573
        157  |    .005725   .0062985     0.91   0.363     -.006622    .0180721
        158  |   .0058793   .0062986     0.93   0.351     -.006468    .0182265
        159  |   .0094097    .006298     1.49   0.135    -.0029363    .0217557
        160  |  -.0049791   .0062959    -0.79   0.429    -.0173211    .0073628
        161  |   .0058222   .0062959     0.92   0.355    -.0065197    .0181642
        162  |   .0077694   .0062964     1.23   0.217    -.0045735    .0201122
        163  |    .008691   .0062975     1.38   0.168     -.003654    .0210361
        164  |  -.0043101    .006308    -0.68   0.494    -.0166756    .0080555
        165  |    .004945   .0063077     0.78   0.433      -.00742    .0173101
        166  |  -.0014396   .0063077    -0.23   0.819    -.0138046    .0109253
        167  |   .0030303    .006172     0.49   0.623    -.0090687    .0151293
        168  |  -.0087692   .0061752    -1.42   0.156    -.0208746    .0033361
        169  |  -.0026635   .0061747    -0.43   0.666    -.0147678    .0094407
        170  |  -.0067538   .0063653    -1.06   0.289    -.0192317     .005724
        171  |  -.0023363   .0063638    -0.37   0.714    -.0148113    .0101388
        172  |  -.0135143    .006344    -2.13   0.033    -.0259505   -.0010782
        173  |  -.0079694   .0063447    -1.26   0.209     -.020407    .0044681
        174  |  -.0149882   .0063444    -2.36   0.018    -.0274251   -.0025513
        175  |  -.0106753   .0063426    -1.68   0.092    -.0231087    .0017581
        176  |  -.0178891   .0063649    -2.81   0.005    -.0303663   -.0054119
        177  |  -.0040867   .0063537    -0.64   0.520    -.0165419    .0083685
        178  |  -.0109654   .0063312    -1.73   0.083    -.0233765    .0014456
        179  |  -.0072286   .0063111    -1.15   0.252    -.0196002    .0051431
        180  |  -.0233714   .0063069    -3.71   0.000    -.0357349    -.011008
        181  |  -.0120827   .0063193    -1.91   0.056    -.0244705     .000305
        182  |  -.0101251   .0063308    -1.60   0.110    -.0225355    .0022852
        183  |  -.0053547   .0063237    -0.85   0.397    -.0177511    .0070417
        184  |   -.012741   .0062461    -2.04   0.041    -.0249853   -.0004968
        185  |  -.0079835   .0062358    -1.28   0.200    -.0202076    .0042406
        186  |  -.0092961   .0061832    -1.50   0.133    -.0214171     .002825
        187  |   .0001538   .0061797     0.02   0.980    -.0119602    .0122679
        188  |  -.0100192    .006185    -1.62   0.105    -.0221436    .0021052
        189  |   .0042364   .0061928     0.68   0.494    -.0079035    .0163762
        190  |  -.0045216   .0061471    -0.74   0.462    -.0165718    .0075286
        191  |  -.0038278   .0061332    -0.62   0.533    -.0158508    .0081951
        192  |  -.0143172   .0061851    -2.31   0.021    -.0264419   -.0021925
        193  |  -.0027541   .0061856    -0.45   0.656    -.0148796    .0093715
        194  |  -.0129641   .0063945    -2.03   0.043    -.0254992   -.0004289
        195  |  -.0220447   .0063855    -3.45   0.001    -.0345622   -.0095272
        196  |  -.0373115   .0064012    -5.83   0.000    -.0498597   -.0247633
        197  |  -.0431439   .0064003    -6.74   0.000    -.0556905   -.0305974
        198  |  -.0443246   .0064434    -6.88   0.000    -.0569556   -.0316937
        199  |  -.0455717   .0064372    -7.08   0.000    -.0581906   -.0329528
        200  |  -.0462533   .0064094    -7.22   0.000    -.0588176   -.0336891
        201  |  -.0412326   .0064007    -6.44   0.000    -.0537798   -.0286853
        202  |  -.0458169   .0064201    -7.14   0.000    -.0584022   -.0332315
        203  |  -.0452419   .0064028    -7.07   0.000    -.0577933   -.0326905
        204  |   -.050706   .0064603    -7.85   0.000    -.0633701   -.0380418
        205  |  -.0436918   .0064572    -6.77   0.000    -.0563497   -.0310338
        206  |  -.0518534   .0064758    -8.01   0.000    -.0645479   -.0391589
        207  |  -.0423583   .0064588    -6.56   0.000    -.0550195   -.0296971
        208  |  -.0542312    .006376    -8.51   0.000    -.0667301   -.0417323
        209  |  -.0533429   .0063701    -8.37   0.000    -.0658302   -.0408555
        210  |  -.0500509   .0063172    -7.92   0.000    -.0624344   -.0376674
        211  |  -.0433391    .006308    -6.87   0.000    -.0557047   -.0309734
        212  |  -.0562571   .0062771    -8.96   0.000     -.068562   -.0439521
        213  |  -.0471473   .0062766    -7.51   0.000    -.0594514   -.0348432
        214  |  -.0458504   .0061991    -7.40   0.000    -.0580026   -.0336983
        215  |  -.0403351   .0061988    -6.51   0.000    -.0524867   -.0281835
        216  |  -.0575794   .0062045    -9.28   0.000    -.0697422   -.0454166
        217  |  -.0378699   .0062045    -6.10   0.000    -.0500326   -.0257072
        218  |  -.0379148   .0063292    -5.99   0.000    -.0503219   -.0255076
        219  |  -.0301792   .0063263    -4.77   0.000    -.0425807   -.0177777
        220  |  -.0454925   .0063909    -7.12   0.000    -.0580205   -.0329645
        221  |  -.0389849    .006391    -6.10   0.000    -.0515131   -.0264567
        222  |  -.0343826   .0063914    -5.38   0.000    -.0469117   -.0218535
        223  |  -.0356382   .0063897    -5.58   0.000     -.048164   -.0231124
        224  |  -.0453708   .0064248    -7.06   0.000    -.0579654   -.0327763
        225  |  -.0376434   .0064246    -5.86   0.000    -.0502376   -.0250493
        226  |  -.0332958   .0064276    -5.18   0.000    -.0458959   -.0206957
        227  |  -.0320416   .0064262    -4.99   0.000    -.0446389   -.0194443
             |
    postcont |
          1  |   .0012915   .0013135     0.98   0.326    -.0012833    .0038663
          2  |  -.0039955   .0019974    -2.00   0.046     -.007911     -.00008
          3  |   .0049332   .0027198     1.81   0.070    -.0003985    .0102648
          4  |   -.006366   .0037052    -1.72   0.086    -.0136292    .0008972
          5  |  -.0248821   .0063814    -3.90   0.000    -.0373916   -.0123725
          6  |  -.0058573   .0259996    -0.23   0.822    -.0568244    .0451098
          7  |    .003369   .0379102     0.09   0.929    -.0709464    .0776843
             |
   postcontf |
          1  |    .004048   .0015308     2.64   0.008     .0010472    .0070488
          2  |   .0147758   .0021081     7.01   0.000     .0106433    .0189083
          3  |   .0227921   .0053428     4.27   0.000     .0123186    .0332656
             |
     precont |
          1  |   .0016843   .0015962     1.06   0.291    -.0014446    .0048133
          2  |   .0184575    .015411     1.20   0.231    -.0117527    .0486678
          3  |   .0102383   .0465722     0.22   0.826    -.0810573    .1015339
             |
    precontf |
          1  |   .0056718   .0021995     2.58   0.010     .0013602    .0099834
          2  |   .0232864   .0090501     2.57   0.010     .0055455    .0410272
             |
   earlycont |
          1  |  -.0000562   .0014437    -0.04   0.969    -.0028864     .002774
          2  |   .0061469   .0023413     2.63   0.009     .0015572    .0107365
          3  |   .0317822   .0269612     1.18   0.239      -.02107    .0846343
          4  |    .059579   .0380211     1.57   0.117     -.014954    .1341119
             |
  earlycontf |
          1  |    -.00256   .0020883    -1.23   0.220    -.0066538    .0015338
          2  |  -.0056499   .0034435    -1.64   0.101    -.0124001    .0011004
             |
       _cons |   .4273248    .005669    75.38   0.000     .4162119    .4384377
------------------------------------------------------------------------------
(sum of wgt is 14,148,440,774.03)

      Source |       SS           df       MS      Number of obs   =     7,242
-------------+----------------------------------   F(220, 7021)    =   1484.01
       Model |  750.734509       220  3.41242959   Prob > F        =    0.0000
    Residual |  16.1445483     7,021  .002299466   R-squared       =    0.9789
-------------+----------------------------------   Adj R-squared   =    0.9783
       Total |  766.879058     7,241  .105907894   Root MSE        =    .04795

------------------------------------------------------------------------------
    logwage2 | Coefficient  Std. err.      t    P>|t|     [95% conf. interval]
-------------+----------------------------------------------------------------
    F12treat |   -.013104   .0023857    -5.49   0.000    -.0177807   -.0084274
     F8treat |  -.0124668   .0023922    -5.21   0.000    -.0171563   -.0077774
     F4treat |  -.0177853   .0024413    -7.29   0.000     -.022571   -.0129997
       treat |  -.0147591   .0023703    -6.23   0.000    -.0194055   -.0101126
     L4treat |  -.0086739   .0024855    -3.49   0.000    -.0135462   -.0038015
     L8treat |  -.0120806   .0025884    -4.67   0.000    -.0171547   -.0070065
    L12treat |  -.0085103   .0026815    -3.17   0.002    -.0137668   -.0032537
    L16treat |  -.0111074   .0027247    -4.08   0.000    -.0164487   -.0057661
             |
    statenum |
          2  |    .413118   .0143491    28.79   0.000     .3849895    .4412465
          4  |   .1403663   .0061771    22.72   0.000     .1282573    .1524753
          5  |  -.0219328   .0070053    -3.13   0.002    -.0356653   -.0082004
          6  |   .2719324   .0049664    54.75   0.000     .2621967     .281668
          8  |   .1824682   .0067569    27.00   0.000     .1692226    .1957138
          9  |   .2815253    .007167    39.28   0.000     .2674758    .2955747
         10  |   .1627159   .0116297    13.99   0.000     .1399181    .1855137
         11  |   .3100562   .0123408    25.12   0.000     .2858646    .3342478
         12  |    .070486   .0050015    14.09   0.000     .0606815    .0802905
         13  |   .0729955   .0055014    13.27   0.000      .062211    .0837799
         15  |   .2157614   .0094092    22.93   0.000     .1973166    .2342062
         16  |   .0425146   .0097355     4.37   0.000       .02343    .0615991
         17  |   .1858903   .0052422    35.46   0.000     .1756139    .1961667
         18  |   .0919135    .005758    15.96   0.000      .080626     .103201
         19  |   .0736894   .0071308    10.33   0.000     .0597108     .087668
         20  |   .0751323   .0073285    10.25   0.000     .0607663    .0894984
         21  |   .0341918   .0062654     5.46   0.000     .0219098    .0464738
         22  |   .0247808   .0060565     4.09   0.000     .0129082    .0366533
         23  |   .0508406   .0096773     5.25   0.000     .0318703     .069811
         24  |   .2632831   .0061512    42.80   0.000     .2512249    .2753414
         25  |   .2425528   .0060366    40.18   0.000     .2307192    .2543864
         26  |     .14287   .0053193    26.86   0.000     .1324426    .1532974
         27  |   .1926281   .0063521    30.32   0.000      .180176    .2050802
         28  |  -.0557641   .0068628    -8.13   0.000    -.0692172    -.042311
         29  |   .0806985   .0059147    13.64   0.000      .069104    .0922931
         30  |   .0195506   .0110369     1.77   0.077    -.0020851    .0411862
         31  |   .0419974   .0085536     4.91   0.000     .0252298    .0587649
         32  |   .2003646   .0082601    24.26   0.000     .1841723    .2165569
         33  |   .1635534   .0106597    15.34   0.000     .1426572    .1844495
         34  |   .2563209   .0057013    44.96   0.000     .2451447    .2674971
         35  |   .0742522    .008268     8.98   0.000     .0580443      .09046
         36  |   .2194258   .0049015    44.77   0.000     .2098175    .2290342
         37  |   .0391832   .0054696     7.16   0.000     .0284611    .0499052
         38  |   .0317653   .0125234     2.54   0.011     .0072158    .0563149
         39  |   .1089538   .0052004    20.95   0.000     .0987594    .1191482
         40  |   .0345536   .0065522     5.27   0.000     .0217093     .047398
         41  |   .1661085   .0071897    23.10   0.000     .1520145    .1802025
         42  |   .1259015   .0051396    24.50   0.000     .1158263    .1359768
         44  |   .1635298   .0102168    16.01   0.000     .1435019    .1835577
         45  |   .0166088   .0062955     2.64   0.008     .0042676      .02895
         46  |  -.0024519   .0117907    -0.21   0.835    -.0255653    .0206615
         47  |   .0281089   .0057946     4.85   0.000     .0167497    .0394681
         48  |   .0952956   .0048303    19.73   0.000     .0858267    .1047644
         49  |   .1177639   .0081948    14.37   0.000     .1016996    .1338281
         50  |   .1053306    .013573     7.76   0.000     .0787235    .1319377
         51  |   .1488409   .0056721    26.24   0.000     .1377218      .15996
         53  |   .2460086   .0063809    38.55   0.000     .2335001    .2585171
         54  |   .0012402   .0077541     0.16   0.873    -.0139602    .0164406
         55  |   .1185286    .006139    19.31   0.000     .1064942     .130563
         56  |   .0991332   .0144699     6.85   0.000     .0707678    .1274986
             |
 quarterdate |
         80  |   .0235978   .0105824     2.23   0.026     .0028531    .0443425
         81  |   .0411537   .0105824     3.89   0.000      .020409    .0618984
         82  |   .0664027   .0105824     6.27   0.000      .045658    .0871474
         83  |   .0801686   .0105823     7.58   0.000     .0594242    .1009131
         84  |   .0992431   .0102281     9.70   0.000      .079193    .1192932
         85  |   .1051789   .0102281    10.28   0.000     .0851288     .125229
         86  |   .1256276   .0102281    12.28   0.000     .1055775    .1456777
         87  |   .1302848   .0102294    12.74   0.000     .1102321    .1503376
         88  |   .1529522   .0102287    14.95   0.000      .132901    .1730035
         89  |     .16561   .0102287    16.19   0.000     .1455588    .1856613
         90  |   .1601092   .0102287    15.65   0.000      .140058    .1801605
         91  |   .1608198   .0102287    15.72   0.000     .1407686    .1808711
         92  |   .1798066   .0102296    17.58   0.000     .1597534    .1998598
         93  |   .1835709   .0102296    17.94   0.000     .1635177    .2036241
         94  |   .1922337   .0102269    18.80   0.000      .172186    .2122815
         95  |   .1828715    .010477    17.45   0.000     .1623334    .2034096
         96  |   .1994153   .0104744    19.04   0.000     .1788822    .2199484
         97  |   .2083153   .0104744    19.89   0.000     .1877822    .2288484
         98  |   .2187644   .0104786    20.88   0.000     .1982232    .2393056
         99  |   .2169591   .0104773    20.71   0.000     .1964204    .2374978
        100  |   .2340808   .0102393    22.86   0.000     .2140087    .2541528
        101  |   .2471393   .0102393    24.14   0.000     .2270672    .2672113
        102  |   .2534772   .0102223    24.80   0.000     .2334384    .2735159
        103  |   .2605629   .0102221    25.49   0.000     .2405244    .2806014
        104  |   .2606759   .0105903    24.61   0.000     .2399157    .2814362
        105  |   .2738409   .0105903    25.86   0.000     .2530806    .2946011
        106  |   .2716884   .0105824    25.67   0.000     .2509438     .292433
        107  |   .2827401   .0105777    26.73   0.000     .2620047    .3034755
        108  |   .2829096   .0105776    26.75   0.000     .2621744    .3036449
        109  |   .3032882   .0101698    29.82   0.000     .2833522    .3232242
        110  |   .3125368   .0101396    30.82   0.000     .2926602    .3324134
        111  |     .32204   .0101458    31.74   0.000     .3021512    .3419288
        112  |   .3322095   .0101356    32.78   0.000     .3123407    .3520783
        113  |   .3434053   .0108626    31.61   0.000     .3221113    .3646993
        114  |   .3581473   .0108923    32.88   0.000     .3367951    .3794995
        115  |   .3633396   .0108945    33.35   0.000      .341983    .3846962
        116  |   .3668343   .0108908    33.68   0.000      .345485    .3881835
        117  |   .3889294   .0102356    38.00   0.000     .3688644    .4089943
        118  |   .3988976   .0102308    38.99   0.000     .3788421    .4189532
        119  |   .3972821   .0102303    38.83   0.000     .3772277    .4173366
        120  |   .4162124   .0102401    40.65   0.000     .3961387    .4362861
        121  |   .4248001    .010558    40.23   0.000     .4041032     .445497
        122  |   .4237038   .0105564    40.14   0.000     .4030101    .4443976
        123  |   .4222439   .0105564    40.00   0.000     .4015502    .4429376
        124  |   .4487657   .0105622    42.49   0.000     .4280605    .4694709
        125  |   .4487457   .0104894    42.78   0.000     .4281833    .4693081
        126  |   .4465618   .0104879    42.58   0.000     .4260024    .4671211
        127  |   .4414463   .0104884    42.09   0.000     .4208858    .4620068
        128  |    .461549   .0104968    43.97   0.000     .4409722    .4821258
        129  |   .4714319   .0105079    44.86   0.000     .4508333    .4920305
        130  |   .4684435    .010502    44.61   0.000     .4478565    .4890305
        131  |   .4684455   .0105007    44.61   0.000     .4478609    .4890301
        132  |   .4739343   .0104999    45.14   0.000     .4533512    .4945173
        133  |   .4877297   .0104981    46.46   0.000     .4671503    .5083091
        134  |   .4966417   .0104858    47.36   0.000     .4760863    .5171971
        135  |   .5078228   .0101637    49.96   0.000     .4878989    .5277466
        143  |   .5632597   .0099403    56.66   0.000     .5437737    .5827457
        144  |   .5735296    .009946    57.66   0.000     .5540325    .5930267
        145  |   .5603876   .0102938    54.44   0.000     .5402087    .5805666
        146  |   .5650156    .014451    39.10   0.000     .5366872     .593344
        147  |   .5843676   .0104991    55.66   0.000     .5637863     .604949
        148  |   .5909115   .0105105    56.22   0.000     .5703078    .6115153
        149  |   .6044343   .0105104    57.51   0.000     .5838307    .6250379
        150  |   .6014883   .0104548    57.53   0.000     .5809937    .6219829
        151  |    .602535   .0104561    57.63   0.000     .5820379    .6230322
        152  |   .6246513   .0104644    59.69   0.000      .604138    .6451646
        153  |   .6360636   .0104622    60.80   0.000     .6155546    .6565726
        154  |   .6467298   .0104613    61.82   0.000     .6262226     .667237
        155  |   .6531068   .0104605    62.44   0.000      .632601    .6736127
        156  |   .6638233   .0104562    63.49   0.000     .6433259    .6843207
        157  |   .6742151   .0104582    64.47   0.000     .6537139    .6947162
        158  |   .6847642   .0104583    65.48   0.000     .6642627    .7052657
        159  |   .6988548   .0104573    66.83   0.000     .6783553    .7193542
        160  |   .7182039   .0104539    68.70   0.000     .6977112    .7386967
        161  |   .7246835   .0104539    69.32   0.000     .7041908    .7451762
        162  |   .7325329   .0104546    70.07   0.000     .7120387    .7530271
        163  |   .7481412   .0104565    71.55   0.000     .7276433    .7686391
        164  |    .762888   .0104739    72.84   0.000     .7423561    .7834199
        165  |   .7705241   .0104734    73.57   0.000      .749993    .7910552
        166  |   .7683575   .0104733    73.36   0.000     .7478266    .7888884
        167  |   .7819231   .0102481    76.30   0.000     .7618338    .8020124
        168  |   .7768838   .0102535    75.77   0.000     .7567839    .7969837
        169  |   .7931159   .0102526    77.36   0.000     .7730178     .813214
        170  |   .7774449    .010569    73.56   0.000     .7567265    .7981632
        171  |   .7878721   .0105666    74.56   0.000     .7671584    .8085858
        172  |   .7904839   .0105336    75.04   0.000     .7698347     .811133
        173  |   .7878859   .0105348    74.79   0.000     .7672345    .8085373
        174  |   .7800761   .0105343    74.05   0.000     .7594257    .8007265
        175  |   .8032285   .0105313    76.27   0.000      .782584    .8238731
        176  |   .8151824   .0105684    77.13   0.000     .7944651    .8358998
        177  |   .8289869   .0105498    78.58   0.000     .8083061    .8496677
        178  |   .8295828   .0105124    78.91   0.000     .8089754    .8501903
        179  |   .8146658    .010479    77.74   0.000     .7941237    .8352078
        180  |   .8465823   .0104721    80.84   0.000     .8260539    .8671107
        181  |   .8516456   .0104926    81.17   0.000     .8310768    .8722143
        182  |   .8490107   .0105118    80.77   0.000     .8284045     .869617
        183  |   .8496105      .0105    80.92   0.000     .8290274    .8701936
        184  |   .8819888   .0103711    85.04   0.000     .8616582    .9023193
        185  |   .8857027   .0103541    85.54   0.000     .8654056    .9059997
        186  |   .8883436   .0102667    86.53   0.000     .8682177    .9084695
        187  |   .9023691   .0102608    87.94   0.000     .8822548    .9224834
        188  |   .8993423   .0102696    87.57   0.000     .8792109    .9194738
        189  |   .9051441   .0102827    88.03   0.000      .884987    .9253013
        190  |   .9107052   .0102067    89.23   0.000     .8906968    .9307135
        191  |    .927646   .0101837    91.09   0.000      .907683    .9476091
        192  |   .9403235   .0102698    91.56   0.000     .9201915    .9604554
        193  |   .9468998   .0102706    92.20   0.000     .9267664    .9670332
        194  |   .9473848   .0106175    89.23   0.000     .9265713    .9681982
        195  |   .9398579   .0106025    88.64   0.000     .9190737    .9606421
        196  |   .9524345   .0106286    89.61   0.000     .9315993    .9732697
        197  |   .9651591   .0106271    90.82   0.000     .9443267    .9859916
        198  |   .9529265   .0106987    89.07   0.000     .9319539    .9738992
        199  |   .9528914   .0106884    89.15   0.000     .9319389    .9738439
        200  |   .9513306   .0106422    89.39   0.000     .9304687    .9721924
        201  |   .9480446   .0106278    89.20   0.000     .9272109    .9688782
        202  |   .9390101     .01066    88.09   0.000     .9181133    .9599069
        203  |   .9370613   .0106313    88.14   0.000     .9162208    .9579018
        204  |    .959834   .0107268    89.48   0.000     .9388063    .9808618
        205  |   .9706346   .0107215    90.53   0.000     .9496172     .991652
        206  |   .9634427   .0107525    89.60   0.000     .9423646    .9845208
        207  |   .9578433   .0107243    89.32   0.000     .9368205    .9788661
        208  |   .9636062   .0105868    91.02   0.000     .9428529    .9843596
        209  |   .9776116    .010577    92.43   0.000     .9568774    .9983457
        210  |   .9658064   .0104891    92.08   0.000     .9452447    .9863682
        211  |    .976494   .0104739    93.23   0.000     .9559619     .997026
        212  |   .9887849   .0104225    94.87   0.000     .9683537    1.009216
        213  |   .9838184   .0104218    94.40   0.000     .9633885    1.004248
        214  |   .9770966   .0102931    94.93   0.000      .956919    .9972743
        215  |   .9833038   .0102926    95.54   0.000     .9631272     1.00348
        216  |   .9889212   .0103021    95.99   0.000      .968726    1.009116
        217  |   .9931392    .010302    96.40   0.000     .9729441    1.013334
        218  |   1.012987   .0105091    96.39   0.000     .9923864    1.033588
        219  |   1.016338   .0105043    96.75   0.000     .9957467     1.03693
        220  |   1.016376   .0106114    95.78   0.000     .9955739    1.037177
        221  |   1.027834   .0106116    96.86   0.000     1.007032    1.048636
        222  |   1.038801   .0106124    97.89   0.000     1.017997    1.059604
        223  |   1.045765   .0106096    98.57   0.000     1.024967    1.066563
        224  |   1.062102   .0106678    99.56   0.000      1.04119    1.083014
        225  |   1.058455   .0106675    99.22   0.000     1.037544    1.079367
        226  |   1.069014   .0106725   100.17   0.000     1.048092    1.089935
        227  |   1.087961   .0106702   101.96   0.000     1.067044    1.108877
             |
    postcont |
          1  |   .0071061   .0021809     3.26   0.001     .0028308    .0113814
          2  |   .0052022   .0033165     1.57   0.117    -.0012992    .0117036
          3  |   .0230632    .004516     5.11   0.000     .0142105    .0319159
          4  |   .0108097   .0061521     1.76   0.079    -.0012502    .0228697
          5  |   .0117754   .0105958     1.11   0.266    -.0089956    .0325464
          6  |   .0113083     .04317     0.26   0.793    -.0733181    .0959346
          7  |   .0578179   .0629464     0.92   0.358    -.0655762    .1812119
             |
   postcontf |
          1  |  -.0101333   .0025417    -3.99   0.000    -.0151159   -.0051508
          2  |  -.0157081   .0035003    -4.49   0.000    -.0225697   -.0088465
          3  |   .0201838   .0088713     2.28   0.023     .0027934    .0375741
             |
     precont |
          1  |   .0008018   .0026503     0.30   0.762    -.0043936    .0059972
          2  |   .0153599   .0255886     0.60   0.548    -.0348015    .0655213
          3  |   .0092807    .077329     0.12   0.904    -.1423075     .160869
             |
    precontf |
          1  |  -.0162352    .003652    -4.45   0.000    -.0233943   -.0090761
          2  |  -.0057276   .0150269    -0.38   0.703    -.0351848    .0237296
             |
   earlycont |
          1  |  -.0000566   .0023972    -0.02   0.981    -.0047558    .0046427
          2  |   -.000726   .0038875    -0.19   0.852    -.0083467    .0068947
          3  |    .033242   .0447667     0.74   0.458    -.0545143    .1209983
          4  |   .0303707   .0631307     0.48   0.630    -.0933846    .1541261
             |
  earlycontf |
          1  |  -.0164037   .0034675    -4.73   0.000     -.023201   -.0096063
          2  |  -.0266462   .0057176    -4.66   0.000    -.0378544   -.0154379
             |
       _cons |    1.45208   .0094128   154.27   0.000     1.433628    1.470532
------------------------------------------------------------------------------

Simultaneous results for emp_ests, wage_ests             Number of obs = 7,242

                              (Std. err. adjusted for 51 clusters in statenum)
------------------------------------------------------------------------------
             |               Robust
             | Coefficient  std. err.      z    P>|z|     [95% conf. interval]
-------------+----------------------------------------------------------------
emp_ests_m~n |
    F12treat |    -.00259   .0030202    -0.86   0.391    -.0085096    .0033295
     F8treat |  -.0013555   .0023347    -0.58   0.562    -.0059313    .0032204
     F4treat |  -.0008089   .0030654    -0.26   0.792     -.006817    .0051992
       treat |   .0025452   .0025463     1.00   0.318    -.0024454    .0075357
     L4treat |     .00082   .0022368     0.37   0.714     -.003564     .005204
     L8treat |   .0016282   .0027928     0.58   0.560    -.0038456     .007102
    L12treat |    .001507     .00265     0.57   0.570     -.003687     .006701
    L16treat |    .003201   .0024161     1.32   0.185    -.0015344    .0079363
             |
    statenum |
          2  |   .1307096   .0024087    54.27   0.000     .1259887    .1354305
          4  |   .0470535   .0016415    28.67   0.000     .0438362    .0502707
          5  |   .0073166   .0013233     5.53   0.000      .004723    .0099101
          6  |   .0703074    .003532    19.91   0.000     .0633847      .07723
          8  |   .0991357   .0025553    38.80   0.000     .0941274     .104144
          9  |   .0610499   .0038067    16.04   0.000     .0535888     .068511
         10  |    .090656   .0024888    36.43   0.000      .085778    .0955339
         11  |   .6507711   .0027136   239.82   0.000     .6454526    .6560896
         12  |   .0134007   .0017696     7.57   0.000     .0099323     .016869
         13  |   .0791837   .0016107    49.16   0.000     .0760268    .0823406
         15  |    .107598   .0033751    31.88   0.000     .1009829     .114213
         16  |   .0129383   .0002508    51.59   0.000     .0124467    .0134299
         17  |    .054832   .0019886    27.57   0.000     .0509345    .0587295
         18  |   .0383863   .0011524    33.31   0.000     .0361276     .040645
         19  |   .0450398   .0025748    17.49   0.000     .0399933    .0500864
         20  |   .0640311   .0011524    55.56   0.000     .0617724    .0662898
         21  |  -.0142579   .0011524   -12.37   0.000    -.0165166   -.0119992
         22  |   .0338776   1.37e-15  2.5e+13   0.000     .0338776    .0338776
         23  |   .0023989   .0040554     0.59   0.554    -.0055495    .0103473
         24  |   .0382386   .0027872    13.72   0.000     .0327757    .0437014
         25  |   .0688738   .0025416    27.10   0.000     .0638924    .0738552
         26  |  -.0072069   .0013619    -5.29   0.000    -.0098762   -.0045376
         27  |   .0835453   .0020266    41.22   0.000     .0795733    .0875173
         28  |   .0040053   1.36e-15  2.9e+12   0.000     .0040053    .0040053
         29  |   .0396184   .0014403    27.51   0.000     .0367955    .0424413
         30  |  -.0138048   .0020614    -6.70   0.000    -.0178451   -.0097645
         31  |   .0889244   .0014861    59.84   0.000     .0860118     .091837
         32  |   .1418569   .0014142   100.31   0.000      .139085    .1446287
         33  |   .0563646   .0030982    18.19   0.000     .0502922    .0624371
         34  |   .0383337   .0025296    15.15   0.000     .0333758    .0432915
         35  |   .0316165   .0014234    22.21   0.000     .0288266    .0344064
         36  |   .0261382   .0017679    14.78   0.000     .0226731    .0296032
         37  |   .0735617   .0016185    45.45   0.000     .0703895    .0767339
         38  |   .0704396   .0017248    40.84   0.000     .0670591    .0738201
         39  |     .03107   .0016415    18.93   0.000     .0278527    .0342872
         40  |   .0067323   .0002508    26.84   0.000     .0062407    .0072239
         41  |   .0155714   .0041594     3.74   0.000      .007419    .0237237
         42  |  -.0060391    .001837    -3.29   0.001    -.0096396   -.0024386
         44  |   .0365656   .0029409    12.43   0.000     .0308017    .0423296
         45  |   .0365006   .0011524    31.67   0.000     .0342419    .0387593
         46  |   .0493852   .0015394    32.08   0.000     .0463681    .0524024
         47  |   .0394586   .0016107    24.50   0.000     .0363017    .0426156
         48  |   .0989553   .0011524    85.87   0.000     .0966966     .101214
         49  |   .1038481   .0016107    64.47   0.000     .1006912     .107005
         50  |   .0427066   .0051379     8.31   0.000     .0326365    .0527767
         51  |   .0624346   .0016107    38.76   0.000     .0592777    .0655915
         53  |   .0194784   .0044245     4.40   0.000     .0108065    .0281502
         54  |  -.0843272    .001936   -43.56   0.000    -.0881216   -.0805328
         55  |   .0621672   .0025831    24.07   0.000     .0571044      .06723
         56  |   .0716877   .0011804    60.73   0.000     .0693741    .0740013
             |
 quarterdate |
         80  |  -.0195585   .0056839    -3.44   0.001    -.0306987   -.0084183
         81  |  -.0175622   .0051662    -3.40   0.001    -.0276877   -.0074367
         82  |  -.0263358   .0058348    -4.51   0.000    -.0377717   -.0148998
         83  |  -.0142978   .0058501    -2.44   0.015    -.0257638   -.0028319
         84  |  -.0200862   .0079411    -2.53   0.011    -.0356505   -.0045219
         85  |  -.0122807   .0077098    -1.59   0.111    -.0273917    .0028303
         86  |  -.0170616    .007836    -2.18   0.029    -.0324199   -.0017032
         87  |  -.0128003   .0085638    -1.49   0.135     -.029585    .0039844
         88  |  -.0308767   .0070799    -4.36   0.000    -.0447531   -.0170003
         89  |   -.026722   .0081876    -3.26   0.001    -.0427694   -.0106746
         90  |  -.0377224   .0075008    -5.03   0.000    -.0524236   -.0230212
         91  |  -.0345444   .0080647    -4.28   0.000    -.0503509   -.0187379
         92  |  -.0419929   .0080033    -5.25   0.000    -.0576789   -.0263068
         93  |    -.03354   .0079219    -4.23   0.000    -.0490666   -.0180135
         94  |  -.0377834   .0085919    -4.40   0.000    -.0546233   -.0209435
         95  |  -.0239822   .0085666    -2.80   0.005    -.0407725   -.0071919
         96  |  -.0314353   .0073456    -4.28   0.000    -.0458324   -.0170381
         97  |  -.0247607   .0079262    -3.12   0.002    -.0402958   -.0092256
         98  |  -.0246144   .0079096    -3.11   0.002    -.0401169   -.0091119
         99  |  -.0156026   .0082386    -1.89   0.058      -.03175    .0005447
        100  |  -.0212852   .0085662    -2.48   0.013    -.0380745   -.0044958
        101  |  -.0172757   .0077204    -2.24   0.025    -.0324074    -.002144
        102  |  -.0168221   .0079068    -2.13   0.033    -.0323191    -.001325
        103  |  -.0096944   .0076775    -1.26   0.207    -.0247419    .0053532
        104  |  -.0166793   .0085506    -1.95   0.051    -.0334381    .0000795
        105  |  -.0067201   .0090086    -0.75   0.456    -.0243767    .0109365
        106  |  -.0148959   .0093021    -1.60   0.109    -.0331277     .003336
        107  |  -.0034053   .0097523    -0.35   0.727    -.0225195    .0157089
        108  |  -.0153811   .0098872    -1.56   0.120    -.0347596    .0039974
        109  |  -.0019144   .0086653    -0.22   0.825    -.0188981    .0150694
        110  |  -.0066284   .0085141    -0.78   0.436    -.0233157    .0100588
        111  |    .002454   .0092814     0.26   0.791    -.0157372    .0206453
        112  |  -.0029857   .0078326    -0.38   0.703    -.0183374     .012366
        113  |   .0037674   .0079951     0.47   0.637    -.0119028    .0194376
        114  |   .0034024   .0082702     0.41   0.681     -.012807    .0196117
        115  |   .0139245   .0081767     1.70   0.089    -.0021015    .0299506
        116  |   .0033504   .0084581     0.40   0.692    -.0132272    .0199281
        117  |   .0047697   .0065637     0.73   0.467    -.0080949    .0176343
        118  |   .0015151   .0075107     0.20   0.840    -.0132057    .0162358
        119  |   .0100908   .0081676     1.24   0.217    -.0059175    .0260991
        120  |  -.0012167   .0066126    -0.18   0.854    -.0141771    .0117437
        121  |    .003302    .007541     0.44   0.661    -.0114782    .0180822
        122  |  -.0040866   .0068979    -0.59   0.554    -.0176062    .0094329
        123  |   .0000828   .0068709     0.01   0.990     -.013384    .0135496
        124  |  -.0216804   .0067587    -3.21   0.001    -.0349272   -.0084335
        125  |  -.0145288   .0091572    -1.59   0.113    -.0324766    .0034191
        126  |  -.0222353   .0105015    -2.12   0.034    -.0428178   -.0016527
        127  |  -.0161645   .0098289    -1.64   0.100    -.0354287    .0030997
        128  |  -.0265609   .0106916    -2.48   0.013    -.0475161   -.0056057
        129  |  -.0189518   .0106726    -1.78   0.076    -.0398698    .0019661
        130  |  -.0236843   .0103725    -2.28   0.022     -.044014   -.0033546
        131  |  -.0188349   .0115389    -1.63   0.103    -.0414507    .0037808
        132  |   -.033809    .011191    -3.02   0.003    -.0557431    -.011875
        133  |  -.0197531   .0118382    -1.67   0.095    -.0429555    .0034493
        134  |   -.025578   .0104916    -2.44   0.015     -.046141   -.0050149
        135  |  -.0148831   .0102266    -1.46   0.146    -.0349269    .0051608
        143  |  -.0026938   .0071879    -0.37   0.708    -.0167819    .0113943
        144  |  -.0114068    .006776    -1.68   0.092    -.0246875    .0018738
        145  |  -.0031671   .0082828    -0.38   0.702    -.0194011    .0130669
        146  |  -.0160738   .0110879    -1.45   0.147    -.0378056     .005658
        147  |   .0027399   .0067765     0.40   0.686    -.0105417    .0160216
        148  |   -.008717   .0068646    -1.27   0.204    -.0221714    .0047374
        149  |   .0044203   .0073853     0.60   0.549    -.0100546    .0188953
        150  |  -.0055595   .0126015    -0.44   0.659    -.0302579     .019139
        151  |      .0034   .0118543     0.29   0.774    -.0198339     .026634
        152  |  -.0071082   .0110999    -0.64   0.522    -.0288636    .0146472
        153  |    .009367   .0098635     0.95   0.342    -.0099652    .0286991
        154  |   .0022084   .0107967     0.20   0.838    -.0189526    .0233695
        155  |   .0096606   .0111225     0.87   0.385    -.0121392    .0314604
        156  |   .0035125   .0099236     0.35   0.723    -.0159374    .0229624
        157  |    .005725    .011366     0.50   0.614    -.0165519    .0280019
        158  |   .0058793   .0109493     0.54   0.591     -.015581    .0273395
        159  |   .0094097   .0101725     0.93   0.355     -.010528    .0293474
        160  |  -.0049791   .0086898    -0.57   0.567    -.0220109    .0120526
        161  |   .0058222   .0084517     0.69   0.491    -.0107428    .0223873
        162  |   .0077694   .0085888     0.90   0.366    -.0090643     .024603
        163  |    .008691   .0092364     0.94   0.347    -.0094121    .0267941
        164  |  -.0043101   .0077403    -0.56   0.578    -.0194808    .0108607
        165  |    .004945   .0098842     0.50   0.617    -.0144276    .0243177
        166  |  -.0014396   .0100959    -0.14   0.887    -.0212272     .018348
        167  |   .0030303   .0074717     0.41   0.685    -.0116139    .0176746
        168  |  -.0087692   .0068715    -1.28   0.202    -.0222371    .0046986
        169  |  -.0026635   .0074415    -0.36   0.720    -.0172486    .0119215
        170  |  -.0067538   .0073734    -0.92   0.360    -.0212054    .0076977
        171  |  -.0023363    .007239    -0.32   0.747    -.0165245    .0118519
        172  |  -.0135143   .0069709    -1.94   0.053     -.027177    .0001484
        173  |  -.0079694   .0089766    -0.89   0.375    -.0255632    .0096244
        174  |  -.0149882   .0073697    -2.03   0.042    -.0294326   -.0005438
        175  |  -.0106753   .0083832    -1.27   0.203     -.027106    .0057555
        176  |  -.0178891   .0079893    -2.24   0.025    -.0335479   -.0022302
        177  |  -.0040867   .0094916    -0.43   0.667    -.0226899    .0145166
        178  |  -.0109654    .007632    -1.44   0.151     -.025924    .0039931
        179  |  -.0072286   .0091062    -0.79   0.427    -.0250764    .0106193
        180  |  -.0233714   .0078906    -2.96   0.003    -.0388367   -.0079062
        181  |  -.0120827   .0088672    -1.36   0.173    -.0294621    .0052967
        182  |  -.0101251   .0076459    -1.32   0.185    -.0251109    .0048606
        183  |  -.0053547   .0086411    -0.62   0.535    -.0222909    .0115815
        184  |   -.012741   .0075608    -1.69   0.092    -.0275599    .0020778
        185  |  -.0079835   .0088187    -0.91   0.365    -.0252678    .0093008
        186  |  -.0092961   .0078428    -1.19   0.236    -.0246677    .0060756
        187  |   .0001538    .007339     0.02   0.983    -.0142303    .0145379
        188  |  -.0100192   .0076676    -1.31   0.191    -.0250475     .005009
        189  |   .0042364   .0074779     0.57   0.571      -.01042    .0188927
        190  |  -.0045216    .008363    -0.54   0.589    -.0209128    .0118696
        191  |  -.0038278   .0076079    -0.50   0.615     -.018739    .0110833
        192  |  -.0143172     .00788    -1.82   0.069    -.0297618    .0011274
        193  |  -.0027541   .0078199    -0.35   0.725    -.0180808    .0125727
        194  |  -.0129641   .0086504    -1.50   0.134    -.0299185    .0039904
        195  |  -.0220447   .0082407    -2.68   0.007    -.0381962   -.0058932
        196  |  -.0373115   .0082659    -4.51   0.000    -.0535123   -.0211107
        197  |  -.0431439   .0089522    -4.82   0.000      -.06069   -.0255979
        198  |  -.0443246   .0094953    -4.67   0.000     -.062935   -.0257142
        199  |  -.0455717   .0101141    -4.51   0.000    -.0653951   -.0257484
        200  |  -.0462533   .0084224    -5.49   0.000     -.062761   -.0297457
        201  |  -.0412326   .0096827    -4.26   0.000    -.0602104   -.0222548
        202  |  -.0458169   .0104749    -4.37   0.000    -.0663474   -.0252863
        203  |  -.0452419   .0105993    -4.27   0.000    -.0660162   -.0244677
        204  |   -.050706   .0093423    -5.43   0.000    -.0690166   -.0323953
        205  |  -.0436918   .0094106    -4.64   0.000    -.0621363   -.0252473
        206  |  -.0518534   .0094396    -5.49   0.000    -.0703546   -.0333521
        207  |  -.0423583   .0093581    -4.53   0.000    -.0606998   -.0240168
        208  |  -.0542312      .0082    -6.61   0.000    -.0703028   -.0381596
        209  |  -.0533429    .009016    -5.92   0.000    -.0710139   -.0356719
        210  |  -.0500509   .0095552    -5.24   0.000    -.0687788    -.031323
        211  |  -.0433391   .0093061    -4.66   0.000    -.0615787   -.0250994
        212  |  -.0562571   .0097722    -5.76   0.000    -.0754102   -.0371039
        213  |  -.0471473   .0089163    -5.29   0.000    -.0646229   -.0296716
        214  |  -.0458504   .0102496    -4.47   0.000    -.0659393   -.0257616
        215  |  -.0403351   .0083783    -4.81   0.000    -.0567563   -.0239139
        216  |  -.0575794   .0075634    -7.61   0.000    -.0724034   -.0427553
        217  |  -.0378699   .0097171    -3.90   0.000     -.056915   -.0188248
        218  |  -.0379148    .008927    -4.25   0.000    -.0554114   -.0204181
        219  |  -.0301792   .0090286    -3.34   0.001     -.047875   -.0124834
        220  |  -.0454925   .0098962    -4.60   0.000    -.0648886   -.0260964
        221  |  -.0389849   .0092625    -4.21   0.000    -.0571391   -.0208308
        222  |  -.0343826   .0089727    -3.83   0.000    -.0519687   -.0167964
        223  |  -.0356382   .0094738    -3.76   0.000    -.0542065   -.0170698
        224  |  -.0453708   .0102856    -4.41   0.000    -.0655302   -.0252115
        225  |  -.0376434   .0103836    -3.63   0.000     -.057995   -.0172919
        226  |  -.0332958   .0115415    -2.88   0.004    -.0559167   -.0106749
        227  |  -.0320416    .010596    -3.02   0.002    -.0528094   -.0112738
             |
    postcont |
          1  |   .0012915   .0022489     0.57   0.566    -.0031162    .0056992
          2  |  -.0039955   .0040834    -0.98   0.328    -.0119988    .0040078
          3  |   .0049332   .0043348     1.14   0.255    -.0035629    .0134292
          4  |   -.006366   .0093806    -0.68   0.497    -.0247516    .0120196
          5  |  -.0248821   .0082799    -3.01   0.003    -.0411103   -.0086538
          6  |  -.0058573    .013331    -0.44   0.660    -.0319855    .0202709
          7  |    .003369    .005167     0.65   0.514    -.0067582    .0134962
             |
   postcontf |
          1  |    .004048   .0036393     1.11   0.266    -.0030849    .0111809
          2  |   .0147758   .0061814     2.39   0.017     .0026606     .026891
          3  |   .0227921   .0116423     1.96   0.050    -.0000264    .0456106
             |
     precont |
          1  |   .0016843   .0028786     0.59   0.558    -.0039577    .0073264
          2  |   .0184575   .0128449     1.44   0.151    -.0067179     .043633
          3  |   .0102383    .007494     1.37   0.172    -.0044496    .0249262
             |
    precontf |
          1  |   .0056718   .0039434     1.44   0.150    -.0020571    .0134007
          2  |   .0232864   .0113615     2.05   0.040     .0010182    .0455545
             |
   earlycont |
          1  |  -.0000562   .0027784    -0.02   0.984    -.0055017    .0053893
          2  |   .0061469   .0055441     1.11   0.268    -.0047194    .0170131
          3  |   .0317822      .0122     2.61   0.009     .0078705    .0556938
          4  |    .059579   .0074482     8.00   0.000     .0449808    .0741771
             |
  earlycontf |
          1  |    -.00256   .0041146    -0.62   0.534    -.0106245    .0055045
          2  |  -.0056499     .00692    -0.82   0.414    -.0192128     .007913
             |
       _cons |   .4273248   .0075586    56.53   0.000     .4125102    .4421394
-------------+----------------------------------------------------------------
emp_ests_l~r |
       _cons |  -7.089209   .1378115   -51.44   0.000    -7.359315   -6.819104
-------------+----------------------------------------------------------------
wage_ests_~n |
    F12treat |   -.013104   .0041944    -3.12   0.002    -.0213249   -.0048832
     F8treat |  -.0124668   .0044126    -2.83   0.005    -.0211154   -.0038182
     F4treat |  -.0177853   .0070874    -2.51   0.012    -.0316764   -.0038942
       treat |  -.0147591   .0045006    -3.28   0.001      -.02358   -.0059381
     L4treat |  -.0086739   .0046276    -1.87   0.061    -.0177437     .000396
     L8treat |  -.0120806   .0037488    -3.22   0.001    -.0194282    -.004733
    L12treat |  -.0085103   .0034183    -2.49   0.013      -.01521   -.0018105
    L16treat |  -.0111074   .0033981    -3.27   0.001    -.0177675   -.0044473
             |
    statenum |
          2  |    .413118   .0084104    49.12   0.000     .3966339    .4296021
          4  |   .1403663    .004564    30.75   0.000     .1314209    .1493117
          5  |  -.0219328   .0024536    -8.94   0.000    -.0267419   -.0171238
          6  |   .2719324   .0069358    39.21   0.000     .2583385    .2855263
          8  |   .1824682   .0058622    31.13   0.000     .1709785    .1939579
          9  |   .2815253   .0101644    27.70   0.000     .2616034    .3014471
         10  |   .1627159   .0070936    22.94   0.000     .1488127    .1766191
         11  |   .3100562   .0081553    38.02   0.000     .2940721    .3260403
         12  |    .070486   .0053313    13.22   0.000     .0600368    .0809351
         13  |   .0729955   .0026443    27.61   0.000     .0678128    .0781781
         15  |   .2157614    .006499    33.20   0.000     .2030236    .2284992
         16  |   .0425146   .0003054   139.23   0.000     .0419161    .0431131
         17  |   .1858903   .0059188    31.41   0.000     .1742896     .197491
         18  |   .0919135   .0014388    63.88   0.000     .0890935    .0947334
         19  |   .0736894   .0060813    12.12   0.000     .0617703    .0856085
         20  |   .0751323   .0014388    52.22   0.000     .0723124    .0779523
         21  |   .0341918   .0014388    23.76   0.000     .0313718    .0370118
         22  |   .0247808   1.16e-14  2.1e+12   0.000     .0247808    .0247808
         23  |   .0508406   .0082214     6.18   0.000      .034727    .0669543
         24  |   .2632831   .0049476    53.21   0.000      .253586    .2729803
         25  |   .2425528   .0082648    29.35   0.000     .2263542    .2587515
         26  |     .14287   .0038626    36.99   0.000     .1352994    .1504405
         27  |   .1926281    .005252    36.68   0.000     .1823344    .2029218
         28  |  -.0557641   1.16e-14 -4.8e+12   0.000    -.0557641   -.0557641
         29  |   .0806985   .0045201    17.85   0.000     .0718393    .0895578
         30  |   .0195506   .0046697     4.19   0.000     .0103981     .028703
         31  |   .0419974   .0028197    14.89   0.000     .0364708    .0475239
         32  |   .2003646   .0039129    51.21   0.000     .1926955    .2080337
         33  |   .1635534   .0071892    22.75   0.000     .1494627     .177644
         34  |   .2563209   .0078054    32.84   0.000     .2410227    .2716192
         35  |   .0742522   .0032837    22.61   0.000     .0678161    .0806882
         36  |   .2194258   .0044925    48.84   0.000     .2106208    .2282309
         37  |   .0391832   .0026054    15.04   0.000     .0340767    .0442896
         38  |   .0317653    .002962    10.72   0.000     .0259599    .0375708
         39  |   .1089538    .004564    23.87   0.000     .1000084    .1178992
         40  |   .0345536   .0003054   113.16   0.000     .0339551    .0351521
         41  |   .1661085   .0102857    16.15   0.000      .145949     .186268
         42  |   .1259015   .0043842    28.72   0.000     .1173086    .1344945
         44  |   .1635298   .0097018    16.86   0.000     .1445147    .1825449
         45  |   .0166088   .0014388    11.54   0.000     .0137888    .0194288
         46  |  -.0024519   .0028058    -0.87   0.382    -.0079512    .0030474
         47  |   .0281089   .0026443    10.63   0.000     .0229262    .0332915
         48  |   .0952956   .0014388    66.23   0.000     .0924756    .0981156
         49  |   .1177639   .0026443    44.54   0.000     .1125812    .1229465
         50  |   .1053306   .0107934     9.76   0.000     .0841759    .1264853
         51  |   .1488409   .0026443    56.29   0.000     .1436582    .1540236
         53  |   .2460086   .0096813    25.41   0.000     .2270336    .2649836
         54  |   .0012402   .0036576     0.34   0.735    -.0059286    .0084089
         55  |   .1185286   .0045134    26.26   0.000     .1096825    .1273746
         56  |   .0991332   .0020102    49.31   0.000     .0951933    .1030732
             |
 quarterdate |
         80  |   .0235978   .0101295     2.33   0.020     .0037444    .0434512
         81  |   .0411537   .0121585     3.38   0.001     .0173235    .0649839
         82  |   .0664027   .0102571     6.47   0.000     .0462992    .0865063
         83  |   .0801686   .0099882     8.03   0.000     .0605921    .0997452
         84  |   .0992431    .012337     8.04   0.000     .0750631    .1234232
         85  |   .1051789   .0133205     7.90   0.000     .0790711    .1312866
         86  |   .1256276   .0109663    11.46   0.000     .1041341    .1471211
         87  |   .1302848   .0110171    11.83   0.000     .1086916     .151878
         88  |   .1529522   .0126527    12.09   0.000     .1281535     .177751
         89  |     .16561   .0132512    12.50   0.000     .1396381    .1915819
         90  |   .1601092   .0097177    16.48   0.000     .1410629    .1791556
         91  |   .1608198   .0127082    12.65   0.000     .1359122    .1857275
         92  |   .1798066   .0126076    14.26   0.000     .1550961    .2045171
         93  |   .1835709   .0135055    13.59   0.000     .1571006    .2100412
         94  |   .1922337   .0144322    13.32   0.000     .1639472    .2205203
         95  |   .1828715   .0123026    14.86   0.000      .158759    .2069841
         96  |   .1994153   .0122209    16.32   0.000     .1754627    .2233679
         97  |   .2083153   .0113253    18.39   0.000     .1861181    .2305124
         98  |   .2187644   .0151533    14.44   0.000     .1890644    .2484644
         99  |   .2169591   .0116243    18.66   0.000     .1941759    .2397423
        100  |   .2340808   .0136673    17.13   0.000     .2072934    .2608682
        101  |   .2471393   .0126577    19.52   0.000     .2223306     .271948
        102  |   .2534772    .013092    19.36   0.000     .2278173    .2791371
        103  |   .2605629   .0120394    21.64   0.000     .2369661    .2841597
        104  |   .2606759   .0151932    17.16   0.000     .2308978     .290454
        105  |   .2738409   .0153032    17.89   0.000     .2438471    .3038346
        106  |   .2716884   .0144802    18.76   0.000     .2433078     .300069
        107  |   .2827401   .0147712    19.14   0.000      .253789    .3116912
        108  |   .2829096   .0163865    17.26   0.000     .2507926    .3150267
        109  |   .3032882   .0144538    20.98   0.000     .2749593    .3316171
        110  |   .3125368   .0131963    23.68   0.000     .2866725    .3384011
        111  |     .32204   .0137658    23.39   0.000     .2950596    .3490205
        112  |   .3322095   .0150814    22.03   0.000     .3026505    .3617685
        113  |   .3434053    .016068    21.37   0.000     .3119126    .3748981
        114  |   .3581473   .0143309    24.99   0.000     .3300593    .3862353
        115  |   .3633396   .0139839    25.98   0.000     .3359317    .3907475
        116  |   .3668343   .0163677    22.41   0.000     .3347541    .3989144
        117  |   .3889294   .0147217    26.42   0.000     .3600754    .4177834
        118  |   .3988976    .015547    25.66   0.000      .368426    .4293693
        119  |   .3972821   .0152306    26.08   0.000     .3674307    .4271336
        120  |   .4162124    .015201    27.38   0.000     .3864191    .4460058
        121  |   .4248001   .0181302    23.43   0.000     .3892656    .4603347
        122  |   .4237038   .0190794    22.21   0.000     .3863089    .4610987
        123  |   .4222439   .0196825    21.45   0.000      .383667    .4608208
        124  |   .4487657     .01839    24.40   0.000      .412722    .4848095
        125  |   .4487457   .0186771    24.03   0.000     .4121392    .4853522
        126  |   .4465618   .0194603    22.95   0.000     .4084203    .4847032
        127  |   .4414463    .019388    22.77   0.000     .4034464    .4794461
        128  |    .461549    .019083    24.19   0.000      .424147    .4989511
        129  |   .4714319    .019646    24.00   0.000     .4329265    .5099374
        130  |   .4684435   .0173927    26.93   0.000     .4343545    .5025325
        131  |   .4684455   .0184199    25.43   0.000     .4323432    .5045477
        132  |   .4739343   .0188876    25.09   0.000     .4369152    .5109534
        133  |   .4877297   .0176161    27.69   0.000     .4532027    .5222567
        134  |   .4966417   .0202689    24.50   0.000     .4569154     .536368
        135  |   .5078228   .0162487    31.25   0.000      .475976    .5396695
        143  |   .5632597   .0160512    35.09   0.000     .5317999    .5947195
        144  |   .5735296   .0154767    37.06   0.000     .5431958    .6038634
        145  |   .5603876    .013727    40.82   0.000     .5334832    .5872921
        146  |   .5650156   .0206027    27.42   0.000     .5246351    .6053961
        147  |   .5843676   .0219553    26.62   0.000     .5413361    .6273992
        148  |   .5909115   .0165996    35.60   0.000     .5583769    .6234462
        149  |   .6044343   .0195522    30.91   0.000     .5661127    .6427559
        150  |   .6014883    .017956    33.50   0.000     .5662951    .6366815
        151  |    .602535   .0183934    32.76   0.000     .5664847    .6385854
        152  |   .6246513   .0168065    37.17   0.000     .5917111    .6575915
        153  |   .6360636   .0173266    36.71   0.000     .6021042    .6700231
        154  |   .6467298   .0162469    39.81   0.000     .6148864    .6785731
        155  |   .6531068   .0171281    38.13   0.000     .6195364    .6866773
        156  |   .6638233   .0171271    38.76   0.000     .6302549    .6973917
        157  |   .6742151   .0170247    39.60   0.000     .6408472     .707583
        158  |   .6847642   .0169867    40.31   0.000     .6514709    .7180575
        159  |   .6988548   .0153348    45.57   0.000      .668799    .7289105
        160  |   .7182039   .0179999    39.90   0.000     .6829248    .7534831
        161  |   .7246835   .0182115    39.79   0.000     .6889896    .7603774
        162  |   .7325329   .0156243    46.88   0.000     .7019099    .7631559
        163  |   .7481412   .0157626    47.46   0.000      .717247    .7790354
        164  |    .762888   .0179989    42.39   0.000     .7276108    .7981652
        165  |   .7705241   .0163656    47.08   0.000     .7384482       .8026
        166  |   .7683575   .0171514    44.80   0.000     .7347413    .8019737
        167  |   .7819231   .0144341    54.17   0.000     .7536328    .8102134
        168  |   .7768838   .0195318    39.78   0.000     .7386022    .8151654
        169  |   .7931159   .0199422    39.77   0.000     .7540299    .8322019
        170  |   .7774449   .0196463    39.57   0.000     .7389388    .8159509
        171  |   .7878721   .0175973    44.77   0.000      .753382    .8223622
        172  |   .7904839   .0221872    35.63   0.000     .7469978      .83397
        173  |   .7878859   .0195774    40.24   0.000      .749515    .8262568
        174  |   .7800761   .0180521    43.21   0.000     .7446947    .8154575
        175  |   .8032285   .0235065    34.17   0.000     .7571566    .8493005
        176  |   .8151824   .0208136    39.17   0.000     .7743886    .8559763
        177  |   .8289869   .0203285    40.78   0.000     .7891437    .8688301
        178  |   .8295828   .0202981    40.87   0.000     .7897993    .8693663
        179  |   .8146658   .0159604    51.04   0.000      .783384    .8459476
        180  |   .8465823   .0160594    52.72   0.000     .8151065    .8780582
        181  |   .8516456   .0177391    48.01   0.000     .8168776    .8864136
        182  |   .8490107   .0141634    59.94   0.000      .821251    .8767705
        183  |   .8496105   .0151954    55.91   0.000     .8198281    .8793929
        184  |   .8819888   .0164432    53.64   0.000     .8497608    .9142167
        185  |   .8857027   .0142776    62.03   0.000     .8577191    .9136862
        186  |   .8883436   .0135555    65.53   0.000     .8617752     .914912
        187  |   .9023691    .012458    72.43   0.000     .8779519    .9267863
        188  |   .8993423   .0177199    50.75   0.000     .8646119    .9340727
        189  |   .9051441   .0153172    59.09   0.000      .875123    .9351653
        190  |   .9107052   .0164468    55.37   0.000       .87847    .9429404
        191  |    .927646   .0147707    62.80   0.000      .898696    .9565961
        192  |   .9403235   .0124446    75.56   0.000     .9159325    .9647145
        193  |   .9468998   .0164119    57.70   0.000      .914733    .9790666
        194  |   .9473848   .0139318    68.00   0.000      .920079    .9746905
        195  |   .9398579   .0131956    71.23   0.000      .913995    .9657208
        196  |   .9524345   .0161856    58.84   0.000     .9207113    .9841577
        197  |   .9651591   .0188172    51.29   0.000      .928278     1.00204
        198  |   .9529265   .0149625    63.69   0.000     .9236006    .9822525
        199  |   .9528914   .0183839    51.83   0.000     .9168596    .9889231
        200  |   .9513306   .0142973    66.54   0.000     .9233085    .9793527
        201  |   .9480446   .0194021    48.86   0.000     .9100171     .986072
        202  |   .9390101   .0196399    47.81   0.000     .9005165    .9775036
        203  |   .9370613   .0198775    47.14   0.000     .8981021    .9760205
        204  |    .959834   .0154284    62.21   0.000      .929595    .9900731
        205  |   .9706346   .0196198    49.47   0.000     .9321806    1.009089
        206  |   .9634427   .0227897    42.28   0.000     .9187758     1.00811
        207  |   .9578433   .0210767    45.45   0.000     .9165337    .9991528
        208  |   .9636062   .0174196    55.32   0.000     .9294645     .997748
        209  |   .9776116   .0169175    57.79   0.000     .9444538    1.010769
        210  |   .9658064   .0193659    49.87   0.000     .9278499    1.003763
        211  |    .976494   .0174959    55.81   0.000     .9422027    1.010785
        212  |   .9887849   .0220151    44.91   0.000     .9456361    1.031934
        213  |   .9838184   .0150668    65.30   0.000     .9542881    1.013349
        214  |   .9770966   .0203701    47.97   0.000      .937172    1.017021
        215  |   .9833038   .0213498    46.06   0.000      .941459    1.025149
        216  |   .9889212   .0191657    51.60   0.000     .9513571    1.026485
        217  |   .9931392   .0204486    48.57   0.000     .9530606    1.033218
        218  |   1.012987   .0192668    52.58   0.000      .975225     1.05075
        219  |   1.016338   .0198028    51.32   0.000     .9775254    1.055151
        220  |   1.016376   .0199441    50.96   0.000     .9772858    1.055465
        221  |   1.027834   .0195873    52.47   0.000     .9894434    1.066224
        222  |   1.038801   .0183838    56.51   0.000     1.002769    1.074833
        223  |   1.045765   .0221698    47.17   0.000     1.002313    1.089217
        224  |   1.062102   .0222625    47.71   0.000     1.018468    1.105735
        225  |   1.058455   .0175345    60.36   0.000     1.024088    1.092822
        226  |   1.069014   .0171157    62.46   0.000     1.035468     1.10256
        227  |   1.087961   .0195426    55.67   0.000     1.049658    1.126263
             |
    postcont |
          1  |   .0071061   .0042588     1.67   0.095     -.001241    .0154532
          2  |   .0052022   .0078428     0.66   0.507    -.0101694    .0205738
          3  |   .0230632   .0128858     1.79   0.073    -.0021925    .0483189
          4  |   .0108097   .0097479     1.11   0.267    -.0082959    .0299154
          5  |   .0117754   .0164196     0.72   0.473    -.0204064    .0439573
          6  |   .0113083   .0180635     0.63   0.531    -.0240955    .0467121
          7  |   .0578179   .0067621     8.55   0.000     .0445644    .0710713
             |
   postcontf |
          1  |  -.0101333   .0058854    -1.72   0.085    -.0216686    .0014019
          2  |  -.0157081    .007779    -2.02   0.043    -.0309547   -.0004615
          3  |   .0201838   .0117478     1.72   0.086    -.0028414    .0432089
             |
     precont |
          1  |   .0008018   .0053049     0.15   0.880    -.0095956    .0111992
          2  |   .0153599   .0200171     0.77   0.443    -.0238729    .0545927
          3  |   .0092807   .0094101     0.99   0.324    -.0091628    .0277243
             |
    precontf |
          1  |  -.0162352   .0074076    -2.19   0.028    -.0307539   -.0017165
          2  |  -.0057276   .0187845    -0.30   0.760    -.0425446    .0310894
             |
   earlycont |
          1  |  -.0000566   .0046499    -0.01   0.990    -.0091701     .009057
          2  |   -.000726   .0052889    -0.14   0.891    -.0110921    .0096401
          3  |    .033242   .0141296     2.35   0.019     .0055486    .0609355
          4  |   .0303707   .0167113     1.82   0.069    -.0023828    .0631243
             |
  earlycontf |
          1  |  -.0164037   .0098604    -1.66   0.096    -.0357297    .0029224
          2  |  -.0266462   .0167782    -1.59   0.112    -.0595308    .0062384
             |
       _cons |    1.45208   .0188363    77.09   0.000     1.415162    1.488999
-------------+----------------------------------------------------------------
wage_ests_~r |
       _cons |  -6.075079   .1167155   -52.05   0.000    -6.303837    -5.84632
------------------------------------------------------------------------------

       _nl_1: ((([emp_ests_mean]treat-([emp_ests_mean]F4treat)) + ([emp_ests_me
> an]L4treat - ([emp_ests_mean]F4treat) )  + ([emp_ests_mean]L8treat - ([emp_es
> ts_mean]F4treat) )  + ([emp_ests_mean]L12treat - ([emp_ests_mean]F4treat) )  
> + ([emp_ests_mean]L16treat - ([emp_ests_mean]F4treat) ) )/.4593637999578358)/
> (([wage_ests_mean]treat-([wage_ests_mean]F4treat)) + ([wage_ests_mean]L4treat
>  - ([wage_ests_mean]F4treat) )  + ([wage_ests_mean]L8treat - ([wage_ests_mean
> ]F4treat) )  + ([wage_ests_mean]L12treat - ([wage_ests_mean]F4treat) )  + ([w
> age_ests_mean]L16treat - ([wage_ests_mean]F4treat) ) )

------------------------------------------------------------------------------
             | Coefficient  Std. err.      z    P>|z|     [95% conf. interval]
-------------+----------------------------------------------------------------
       _nl_1 |   .8854455   .4902436     1.81   0.071    -.0754144    1.846305
------------------------------------------------------------------------------

added macro:
          e(main_estb) : "0.885*"

added macro:
         e(main_estse) : "(0.490)"

added macro:
              e(group) : "Middle"

    Variable |     Obs      Weight        Mean   Std. dev.       Min        Max
-------------+-----------------------------------------------------------------
     percap3 |     547  1.0885e+09    .7280559   .0914478   .5678149   2.156194

    Variable |     Obs      Weight        Mean   Std. dev.       Min        Max
-------------+-----------------------------------------------------------------
       wage3 |     547  1.0885e+09    2848.164   368.3831   1873.351   4088.943

    Variable |     Obs      Weight        Mean   Std. dev.       Min        Max
-------------+-----------------------------------------------------------------
    DMW_real |     137   272660693    .8007735    .405656   .2514448   2.193727

    Variable |     Obs      Weight        Mean   Std. dev.       Min        Max
-------------+-----------------------------------------------------------------
     MW_real |     138   274659322    7.687916    .874084   6.075942   10.49291
(MWFE estimator converged in 16 iterations)

HDFE Linear regression                            Number of obs   =      7,242
Absorbing 9 HDFE groups                           F(   8,     50) =       2.40
Statistics robust to heteroskedasticity           Prob > F        =     0.0283
                                                  R-squared       =     0.7990
                                                  Adj R-squared   =     0.7927
                                                  Within R-sq.    =     0.0151
Number of clusters (statenum) =         51        Root MSE        =     0.0349

                              (Std. err. adjusted for 51 clusters in statenum)
------------------------------------------------------------------------------
             |               Robust
     percap3 | Coefficient  std. err.      t    P>|t|     [95% conf. interval]
-------------+----------------------------------------------------------------
    F12treat |  -.0085533   .0028118    -3.04   0.004    -.0142008   -.0029057
     F8treat |  -.0051052   .0024517    -2.08   0.042    -.0100296   -.0001807
     F4treat |  -.0068451   .0030607    -2.24   0.030    -.0129926   -.0006976
       treat |  -.0076708   .0029546    -2.60   0.012    -.0136052   -.0017363
     L4treat |  -.0053609   .0038056    -1.41   0.165    -.0130047    .0022829
     L8treat |  -.0079022   .0040604    -1.95   0.057    -.0160578    .0002533
    L12treat |  -.0059984   .0029626    -2.02   0.048     -.011949   -.0000478
    L16treat |  -.0067271   .0026653    -2.52   0.015    -.0120804   -.0013737
       _cons |   .7210609   .0016052   449.19   0.000     .7178367    .7242851
------------------------------------------------------------------------------

Absorbed degrees of freedom:
-----------------------------------------------------+
 Absorbed FE | Categories  - Redundant  = Num. Coefs |
-------------+---------------------------------------|
    statenum |        51          51           0    *|
 quarterdate |       142           1         141     |
    postcont |         8           1           7     |
    postcont |         8           8           0    ?|
   postcontf |         4           1           3    ?|
     precont |         4           1           3    ?|
    precontf |         3           1           2    ?|
   earlycont |         5           1           4    ?|
  earlycontf |         3           1           2    ?|
-----------------------------------------------------+
? = number of redundant parameters may be higher
* = FE nested within cluster; treated as redundant for DoF computation

 ( 1)  - 1.373521*F4treat + .2747042*treat + .2747042*L4treat +
       .2747042*L8treat + .2747042*L12treat + .2747042*L16treat = 0

------------------------------------------------------------------------------
     percap3 | Coefficient  Std. err.      t    P>|t|     [95% conf. interval]
-------------+----------------------------------------------------------------
         (1) |   .0001555   .0023951     0.06   0.949    -.0046553    .0049663
------------------------------------------------------------------------------

added macro:
          e(main_estb) : "0.000"

added macro:
         e(main_estse) : "(0.002)"
(MWFE estimator converged in 16 iterations)

HDFE Linear regression                            Number of obs   =      7,242
Absorbing 9 HDFE groups                           F(   8,     50) =       2.04
Statistics robust to heteroskedasticity           Prob > F        =     0.0599
                                                  R-squared       =     0.9850
                                                  Adj R-squared   =     0.9846
                                                  Within R-sq.    =     0.0075
Number of clusters (statenum) =         51        Root MSE        =     0.0452

                              (Std. err. adjusted for 51 clusters in statenum)
------------------------------------------------------------------------------
             |               Robust
    logwage3 | Coefficient  std. err.      t    P>|t|     [95% conf. interval]
-------------+----------------------------------------------------------------
    F12treat |   -.007569    .003667    -2.06   0.044    -.0149344   -.0002036
     F8treat |  -.0060041   .0027163    -2.21   0.032    -.0114598   -.0005483
     F4treat |  -.0054188   .0035916    -1.51   0.138    -.0126327     .001795
       treat |  -.0017182   .0025978    -0.66   0.511    -.0069361    .0034997
     L4treat |  -.0063448    .004951    -1.28   0.206    -.0162891    .0035995
     L8treat |  -.0068514   .0049612    -1.38   0.173    -.0168163    .0031135
    L12treat |  -.0079551   .0057994    -1.37   0.176    -.0196036    .0036934
    L16treat |  -.0068813   .0051786    -1.33   0.190    -.0172827    .0035202
       _cons |   2.703188    .002009  1345.54   0.000     2.699153    2.707223
------------------------------------------------------------------------------

Absorbed degrees of freedom:
-----------------------------------------------------+
 Absorbed FE | Categories  - Redundant  = Num. Coefs |
-------------+---------------------------------------|
    statenum |        51          51           0    *|
 quarterdate |       142           1         141     |
    postcont |         8           1           7     |
    postcont |         8           8           0    ?|
   postcontf |         4           1           3    ?|
     precont |         4           1           3    ?|
    precontf |         3           1           2    ?|
   earlycont |         5           1           4    ?|
  earlycontf |         3           1           2    ?|
-----------------------------------------------------+
? = number of redundant parameters may be higher
* = FE nested within cluster; treated as redundant for DoF computation

 ( 1)  - F4treat + .2*treat + .2*L4treat + .2*L8treat + .2*L12treat +
       .2*L16treat = 0

------------------------------------------------------------------------------
    logwage3 | Coefficient  Std. err.      t    P>|t|     [95% conf. interval]
-------------+----------------------------------------------------------------
         (1) |  -.0005313    .003909    -0.14   0.892    -.0083828    .0073202
------------------------------------------------------------------------------

added macro:
          e(main_estb) : "-0.001"

added macro:
         e(main_estse) : "(0.004)"
(sum of wgt is 11,728,840,560.28)

      Source |       SS           df       MS      Number of obs   =     7,242
-------------+----------------------------------   F(220, 7021)    =    126.85
       Model |  34.0278254       220  .154671934   Prob > F        =    0.0000
    Residual |  8.56078853     7,021  .001219312   R-squared       =    0.7990
-------------+----------------------------------   Adj R-squared   =    0.7927
       Total |  42.5886139     7,241  .005881593   Root MSE        =    .03492

------------------------------------------------------------------------------
     percap3 | Coefficient  Std. err.      t    P>|t|     [95% conf. interval]
-------------+----------------------------------------------------------------
    F12treat |  -.0085533   .0017114    -5.00   0.000    -.0119081   -.0051984
     F8treat |  -.0051052   .0017161    -2.97   0.003    -.0084692   -.0017411
     F4treat |  -.0068451   .0017492    -3.91   0.000     -.010274   -.0034162
       treat |  -.0076708   .0016991    -4.51   0.000    -.0110014   -.0043401
     L4treat |  -.0053609    .001778    -3.02   0.003    -.0088464   -.0018755
     L8treat |  -.0079022   .0018554    -4.26   0.000    -.0115393   -.0042652
    L12treat |  -.0059984   .0019226    -3.12   0.002    -.0097673   -.0022296
    L16treat |  -.0067271   .0019559    -3.44   0.001    -.0105612   -.0028929
             |
    statenum |
          2  |   .0689296   .0090622     7.61   0.000     .0511649    .0866942
          4  |  -.0048174   .0047467    -1.01   0.310    -.0141224    .0044876
          5  |  -.0119791   .0056714    -2.11   0.035    -.0230968   -.0008614
          6  |    .038926   .0038821    10.03   0.000     .0313159    .0465361
          8  |   .0503785   .0047534    10.60   0.000     .0410604    .0596966
          9  |   .1138671   .0051615    22.06   0.000     .1037489    .1239852
         10  |   .1315095   .0085347    15.41   0.000     .1147788    .1482402
         11  |   1.184408   .0093865   126.18   0.000     1.166008    1.202809
         12  |    .004468   .0039568     1.13   0.259    -.0032884    .0122245
         13  |    .052615     .00427    12.32   0.000     .0442446    .0609854
         15  |    .119692   .0074543    16.06   0.000     .1050793    .1343048
         16  |  -.0273295   .0068776    -3.97   0.000    -.0408117   -.0138472
         17  |   .0746398   .0040501    18.43   0.000     .0667005    .0825791
         18  |   .0647486   .0044418    14.58   0.000     .0560413    .0734559
         19  |   .0550814   .0052593    10.47   0.000     .0447716    .0653913
         20  |   .0516652   .0053288     9.70   0.000     .0412192    .0621113
         21  |    .002918    .004914     0.59   0.553    -.0067149     .012551
         22  |   .0212625   .0048917     4.35   0.000     .0116733    .0308517
         23  |   .0200519   .0068387     2.93   0.003      .006646    .0334578
         24  |   .0507475    .004599    11.03   0.000      .041732    .0597629
         25  |   .1202447   .0044752    26.87   0.000      .111472    .1290173
         26  |   .0272565   .0040985     6.65   0.000     .0192222    .0352907
         27  |   .1000054   .0045628    21.92   0.000     .0910609    .1089499
         28  |  -.0228316   .0056343    -4.05   0.000    -.0338765   -.0117868
         29  |   .0672474   .0045187    14.88   0.000     .0583893    .0761055
         30  |  -.0302859    .007646    -3.96   0.000    -.0452744   -.0152974
         31  |   .0818514   .0061413    13.33   0.000     .0698125    .0938903
         32  |   .0779615   .0061185    12.74   0.000     .0659674    .0899556
         33  |   .0499503   .0070333     7.10   0.000      .036163    .0637377
         34  |   .0743393   .0043493    17.09   0.000     .0658133    .0828653
         35  |  -.0034362   .0066377    -0.52   0.605    -.0164481    .0095757
         36  |   .0983039   .0038524    25.52   0.000      .090752    .1058558
         37  |   .0530457    .004275    12.41   0.000     .0446654     .061426
         38  |   .0630504    .008762     7.20   0.000     .0458743    .0802266
         39  |   .0765331   .0040441    18.92   0.000     .0686054    .0844608
         40  |  -.0112311   .0050588    -2.22   0.026    -.0211478   -.0013144
         41  |   .0353592   .0051397     6.88   0.000     .0252839    .0454346
         42  |   .0709008     .00402    17.64   0.000     .0630204    .0787811
         44  |   .0526347   .0076118     6.91   0.000     .0377133    .0675561
         45  |   .0365461   .0049701     7.35   0.000     .0268032    .0462891
         46  |   .0314005   .0084563     3.71   0.000     .0148236    .0479774
         47  |   .0543516     .00458    11.87   0.000     .0453733    .0633298
         48  |   .0301339   .0038339     7.86   0.000     .0226184    .0376495
         49  |   .0366261   .0058348     6.28   0.000     .0251882     .048064
         50  |   .0443315   .0090066     4.92   0.000     .0266759    .0619872
         51  |   .0822171   .0042993    19.12   0.000     .0737892    .0906451
         53  |   .0373673   .0046106     8.10   0.000      .028329    .0464055
         54  |  -.0068109   .0062539    -1.09   0.276    -.0190704    .0054485
         55  |   .0708844   .0045422    15.61   0.000     .0619803    .0797886
         56  |   .0561898     .00966     5.82   0.000     .0372533    .0751264
             |
 quarterdate |
         80  |  -.0184959   .0076721    -2.41   0.016    -.0335356   -.0034562
         81  |  -.0165711   .0076721    -2.16   0.031    -.0316108   -.0015315
         82  |  -.0508539   .0076721    -6.63   0.000    -.0658935   -.0358142
         83  |  -.0228164   .0076721    -2.97   0.003    -.0378559   -.0077768
         84  |  -.0143302   .0074254    -1.93   0.054    -.0288861    .0002258
         85  |  -.0107844   .0074254    -1.45   0.146    -.0253404    .0037715
         86  |  -.0384852   .0074254    -5.18   0.000    -.0530412   -.0239293
         87  |  -.0170244   .0074262    -2.29   0.022    -.0315821   -.0024667
         88  |  -.0180691   .0074256    -2.43   0.015    -.0326255   -.0035126
         89  |  -.0249676   .0074256    -3.36   0.001    -.0395241   -.0104112
         90  |  -.0426352   .0074256    -5.74   0.000    -.0571916   -.0280788
         91  |  -.0283928   .0074256    -3.82   0.000    -.0429493   -.0138364
         92  |  -.0381307   .0074264    -5.13   0.000    -.0526888   -.0235726
         93  |  -.0364969   .0074264    -4.91   0.000    -.0510549   -.0219388
         94  |  -.0461714   .0074241    -6.22   0.000    -.0607249   -.0316178
         95  |  -.0223739   .0076005    -2.94   0.003    -.0372731   -.0074747
         96  |  -.0178832   .0075984    -2.35   0.019    -.0327783   -.0029881
         97  |  -.0104482   .0075984    -1.38   0.169    -.0253433    .0044469
         98  |  -.0262391   .0076021    -3.45   0.001    -.0411414   -.0113367
         99  |   .0015966    .007601     0.21   0.834    -.0133038    .0164969
        100  |  -.0068109   .0074348    -0.92   0.360    -.0213852    .0077635
        101  |   .0080228   .0074348     1.08   0.281    -.0065516    .0225972
        102  |  -.0088404   .0074212    -1.19   0.234    -.0233882    .0057075
        103  |   .0158005   .0074212     2.13   0.033     .0012528    .0303482
        104  |   .0128779   .0076767     1.68   0.093    -.0021709    .0279266
        105  |   .0165875   .0076767     2.16   0.031     .0015388    .0316363
        106  |   .0042858   .0076702     0.56   0.576    -.0107501    .0193216
        107  |   .0215685   .0076664     2.81   0.005     .0065401    .0365969
        108  |   .0171319   .0076657     2.23   0.025     .0021047     .032159
        109  |   .0266109   .0073873     3.60   0.000     .0121295    .0410922
        110  |   .0118011   .0073649     1.60   0.109    -.0026363    .0262384
        111  |   .0403651   .0073697     5.48   0.000     .0259182     .054812
        112  |   .0300856   .0073619     4.09   0.000      .015654    .0445171
        113  |   .0426106   .0078684     5.42   0.000     .0271861    .0580351
        114  |   .0262019     .00789     3.32   0.001      .010735    .0416688
        115  |   .0516897   .0078919     6.55   0.000     .0362191    .0671603
        116  |    .045113   .0078859     5.72   0.000     .0296544    .0605717
        117  |    .045658   .0074266     6.15   0.000     .0310996    .0602163
        118  |   .0297888   .0074231     4.01   0.000     .0152372    .0443404
        119  |   .0528293   .0074226     7.12   0.000     .0382787      .06738
        120  |   .0362868   .0074308     4.88   0.000     .0217202    .0508534
        121  |   .0371704   .0076576     4.85   0.000     .0221593    .0521816
        122  |   .0223949   .0076563     2.93   0.003     .0073863    .0374035
        123  |    .040916   .0076563     5.34   0.000     .0259074    .0559246
        124  |   .0225844   .0076606     2.95   0.003     .0075672    .0376015
        125  |   .0250673   .0076129     3.29   0.001     .0101437    .0399909
        126  |   .0128831   .0076111     1.69   0.091     -.002037    .0278031
        127  |   .0299117   .0076115     3.93   0.000      .014991    .0448325
        128  |   .0151992   .0076175     2.00   0.046     .0002667    .0301317
        129  |   .0247082   .0076252     3.24   0.001     .0097606    .0396558
        130  |   .0075483   .0076211     0.99   0.322    -.0073912    .0224879
        131  |   .0270938   .0076202     3.56   0.000     .0121559    .0420316
        132  |   .0217347   .0076185     2.85   0.004     .0068001    .0366693
        133  |   .0243048   .0076172     3.19   0.001     .0093729    .0392368
        134  |   .0135777   .0076085     1.78   0.074    -.0013373    .0284927
        135  |   .0392257   .0073792     5.32   0.000     .0247601    .0536912
        143  |   .0510237   .0072185     7.07   0.000     .0368734    .0651741
        144  |   .0404868   .0072227     5.61   0.000      .026328    .0546455
        145  |   .0628413   .0074593     8.42   0.000     .0482188    .0774637
        146  |   .0302935   .0101946     2.97   0.003      .010309     .050278
        147  |   .0482961   .0076243     6.33   0.000     .0333502     .063242
        148  |   .0396077   .0076313     5.19   0.000      .024648    .0545675
        149  |   .0530436   .0076313     6.95   0.000      .038084    .0680033
        150  |   .0367505   .0075823     4.85   0.000     .0218869    .0516141
        151  |   .0579053   .0075834     7.64   0.000     .0430394    .0727711
        152  |   .0539047   .0075872     7.10   0.000     .0390315    .0687779
        153  |   .0585703   .0075856     7.72   0.000     .0437002    .0734404
        154  |   .0522302    .007585     6.89   0.000     .0373613    .0670992
        155  |   .0703673   .0075844     9.28   0.000     .0554995     .085235
        156  |   .0603592   .0075818     7.96   0.000     .0454966    .0752218
        157  |   .0742815   .0075831     9.80   0.000     .0594163    .0891466
        158  |   .0629373   .0075832     8.30   0.000     .0480719    .0778027
        159  |   .0880799   .0075826    11.62   0.000     .0732158     .102944
        160  |   .0605656   .0075794     7.99   0.000     .0457076    .0754236
        161  |   .0689432   .0075794     9.10   0.000     .0540852    .0838012
        162  |   .0491183     .00758     6.48   0.000     .0342593    .0639773
        163  |   .0716978   .0075812     9.46   0.000     .0568365    .0865592
        164  |   .0608573   .0075953     8.01   0.000     .0459682    .0757464
        165  |   .0643884   .0075951     8.48   0.000     .0494998    .0792771
        166  |   .0470705   .0075951     6.20   0.000     .0321819    .0619591
        167  |   .0645067   .0074395     8.67   0.000     .0499231    .0790904
        168  |   .0494771   .0074424     6.65   0.000     .0348876    .0640665
        169  |   .0550873   .0074416     7.40   0.000     .0404996     .069675
        170  |   .0499066   .0076599     6.52   0.000     .0348909    .0649223
        171  |   .0622886   .0076584     8.13   0.000     .0472757    .0773015
        172  |   .0441992   .0076351     5.79   0.000     .0292321    .0591663
        173  |   .0540278   .0076358     7.08   0.000     .0390594    .0689962
        174  |   .0380194   .0076355     4.98   0.000     .0230516    .0529872
        175  |   .0551015   .0076334     7.22   0.000     .0401378    .0700651
        176  |    .048538   .0076627     6.33   0.000     .0335167    .0635593
        177  |   .0498062   .0076489     6.51   0.000     .0348121    .0648003
        178  |   .0466418   .0076263     6.12   0.000     .0316918    .0615917
        179  |     .06725   .0076023     8.85   0.000     .0523472    .0821528
        180  |   .0611745   .0076025     8.05   0.000     .0462713    .0760777
        181  |   .0703236   .0076158     9.23   0.000     .0553943    .0852528
        182  |   .0515943   .0076337     6.76   0.000     .0366299    .0665588
        183  |   .0707738   .0076252     9.28   0.000     .0558261    .0857215
        184  |    .058431   .0075381     7.75   0.000      .043654    .0732081
        185  |   .0704215   .0075268     9.36   0.000     .0556667    .0851764
        186  |   .0576172   .0074548     7.73   0.000     .0430036    .0722308
        187  |   .0737371   .0074504     9.90   0.000     .0591321    .0883422
        188  |   .0573977   .0074546     7.70   0.000     .0427844    .0720109
        189  |   .0634253   .0074622     8.50   0.000     .0487972    .0780535
        190  |   .0451393    .007417     6.09   0.000     .0305998    .0596788
        191  |   .0642095   .0073999     8.68   0.000     .0497034    .0787156
        192  |   .0628509    .007462     8.42   0.000     .0482232    .0774786
        193  |   .0616983   .0074616     8.27   0.000     .0470714    .0763252
        194  |   .0391921   .0077033     5.09   0.000     .0240914    .0542928
        195  |   .0564549   .0076922     7.34   0.000     .0413759    .0715339
        196  |   .0297477   .0077131     3.86   0.000     .0146276    .0448677
        197  |   .0331231   .0077116     4.30   0.000      .018006    .0482402
        198  |   .0113082   .0077554     1.46   0.145    -.0038947    .0265112
        199  |   .0248159   .0077474     3.20   0.001     .0096287    .0400031
        200  |    .001067   .0077135     0.14   0.890    -.0140538    .0161878
        201  |   .0165803   .0077026     2.15   0.031     .0014808    .0316798
        202  |   .0036308    .007725     0.47   0.638    -.0115126    .0187742
        203  |   .0253668   .0077044     3.29   0.001     .0102638    .0404698
        204  |   .0116671   .0077715     1.50   0.133    -.0035673    .0269016
        205  |    .022025   .0077669     2.84   0.005     .0067995    .0372506
        206  |   .0185216    .007791     2.38   0.017      .003249    .0337943
        207  |    .029091   .0077702     3.74   0.000     .0138591    .0443229
        208  |   .0152068   .0076731     1.98   0.048     .0001651    .0302484
        209  |   .0321568   .0076666     4.19   0.000     .0171279    .0471857
        210  |   .0178162   .0076097     2.34   0.019     .0028989    .0327335
        211  |   .0373309   .0075996     4.91   0.000     .0224334    .0522283
        212  |   .0297584   .0075633     3.93   0.000     .0149321    .0445848
        213  |   .0345528   .0075628     4.57   0.000     .0197274    .0493782
        214  |   .0282129   .0074745     3.77   0.000     .0135606    .0428651
        215  |   .0444858   .0074741     5.95   0.000     .0298343    .0591374
        216  |   .0415351   .0074837     5.55   0.000     .0268648    .0562054
        217  |   .0437321   .0074837     5.84   0.000     .0290619    .0584024
        218  |    .033367    .007624     4.38   0.000     .0184218    .0483123
        219  |   .0516144   .0076207     6.77   0.000     .0366754    .0665533
        220  |   .0455464   .0076946     5.92   0.000     .0304627    .0606301
        221  |   .0596397   .0076947     7.75   0.000     .0445557    .0747236
        222  |    .043072   .0076948     5.60   0.000      .027988    .0581561
        223  |   .0673381   .0076929     8.75   0.000     .0522577    .0824185
        224  |   .0507766   .0077376     6.56   0.000     .0356084    .0659447
        225  |   .0576826   .0077374     7.46   0.000      .042515    .0728502
        226  |   .0488724   .0077408     6.31   0.000      .033698    .0640468
        227  |   .0670542   .0077393     8.66   0.000     .0518828    .0822255
             |
    postcont |
          1  |   .0015925   .0015597     1.02   0.307     -.001465      .00465
          2  |  -.0036784   .0023537    -1.56   0.118    -.0082924    .0009355
          3  |  -.0052621   .0032284    -1.63   0.103    -.0115908    .0010666
          4  |  -.0072366    .004096    -1.77   0.077     -.015266    .0007929
          5  |   .0008591   .0069591     0.12   0.902    -.0127828    .0145009
          6  |  -.0200919   .0278161    -0.72   0.470    -.0746198    .0344359
          7  |  -.0417573   .0393559    -1.06   0.289    -.1189067    .0353922
             |
   postcontf |
          1  |   .0070503   .0018161     3.88   0.000     .0034902    .0106103
          2  |   .0142418   .0025269     5.64   0.000     .0092883    .0191952
          3  |     .03038   .0068979     4.40   0.000     .0168581     .043902
             |
     precont |
          1  |  -.0020598   .0018732    -1.10   0.272    -.0057318    .0016123
          2  |  -.0021721   .0168368    -0.13   0.897    -.0351773    .0308331
          3  |   .0137609   .0541167     0.25   0.799    -.0923242    .1198461
             |
    precontf |
          1  |   .0095242   .0026206     3.63   0.000     .0043871    .0146614
          2  |   .0165265   .0107035     1.54   0.123    -.0044557    .0375086
             |
   earlycont |
          1  |  -.0030139   .0017001    -1.77   0.076    -.0063467    .0003188
          2  |   .0024609   .0027179     0.91   0.365    -.0028669    .0077887
          3  |   .0136293   .0281584     0.48   0.628    -.0415696    .0688283
          4  |  -.0126787   .0395052    -0.32   0.748    -.0901208    .0647634
             |
  earlycontf |
          1  |  -.0047326    .002499    -1.89   0.058    -.0096313    .0001662
          2  |  -.0062875   .0041997    -1.50   0.134    -.0145202    .0019452
             |
       _cons |   .6309014   .0069643    90.59   0.000     .6172493    .6445535
------------------------------------------------------------------------------
(sum of wgt is 11,728,840,560.28)

      Source |       SS           df       MS      Number of obs   =     7,242
-------------+----------------------------------   F(220, 7021)    =   2098.71
       Model |  942.314143       220  4.28324611   Prob > F        =    0.0000
    Residual |  14.3291522     7,021  .002040899   R-squared       =    0.9850
-------------+----------------------------------   Adj R-squared   =    0.9846
       Total |  956.643296     7,241  .132114804   Root MSE        =    .04518

------------------------------------------------------------------------------
    logwage3 | Coefficient  Std. err.      t    P>|t|     [95% conf. interval]
-------------+----------------------------------------------------------------
    F12treat |   -.007569   .0022141    -3.42   0.001    -.0119094   -.0032286
     F8treat |  -.0060041   .0022202    -2.70   0.007    -.0103564   -.0016517
     F4treat |  -.0054188    .002263    -2.39   0.017     -.009855   -.0009827
       treat |  -.0017182   .0021982    -0.78   0.434    -.0060273    .0025908
     L4treat |  -.0063448   .0023003    -2.76   0.006    -.0108541   -.0018355
     L8treat |  -.0068514   .0024004    -2.85   0.004    -.0115569   -.0021459
    L12treat |  -.0079551   .0024874    -3.20   0.001    -.0128311   -.0030791
    L16treat |  -.0068813   .0025305    -2.72   0.007    -.0118418   -.0019208
             |
    statenum |
          2  |   .3369799   .0117243    28.74   0.000     .3139967    .3599631
          4  |   .1015958   .0061411    16.54   0.000     .0895573    .1136343
          5  |  -.1093586   .0073374   -14.90   0.000    -.1237422    -.094975
          6  |   .2984657   .0050225    59.43   0.000     .2886201    .3083114
          8  |   .1583131   .0061498    25.74   0.000     .1462577    .1703684
          9  |   .2937564   .0066778    43.99   0.000      .280666    .3068469
         10  |   .1613462   .0110419    14.61   0.000     .1397007    .1829917
         11  |   .3956555   .0121438    32.58   0.000     .3718499     .419461
         12  |   .0204943   .0051191     4.00   0.000     .0104594    .0305293
         13  |   .0844375   .0055243    15.28   0.000     .0736082    .0952668
         15  |   .1346639   .0096441    13.96   0.000     .1157586    .1535693
         16  |  -.0288356    .008898    -3.24   0.001    -.0462784   -.0113929
         17  |   .1786749   .0052398    34.10   0.000     .1684033    .1889465
         18  |   .0291886   .0057466     5.08   0.000     .0179235    .0404537
         19  |  -.0221953   .0068043    -3.26   0.001    -.0355338   -.0088568
         20  |   .0260872   .0068942     3.78   0.000     .0125725    .0396019
         21  |  -.0173216   .0063576    -2.72   0.006    -.0297844   -.0048589
         22  |   .0294203   .0063287     4.65   0.000     .0170142    .0418263
         23  |  -.0426122   .0088476    -4.82   0.000    -.0599562   -.0252682
         24  |   .2940449     .00595    49.42   0.000     .2823811    .3057088
         25  |   .2452032   .0057898    42.35   0.000     .2338535    .2565529
         26  |   .1437954   .0053025    27.12   0.000      .133401    .1541899
         27  |   .1517797   .0059032    25.71   0.000     .1402076    .1633518
         28  |  -.0941673   .0072894   -12.92   0.000    -.1084567   -.0798779
         29  |   .0364765   .0058462     6.24   0.000     .0250163    .0479367
         30  |  -.0861196   .0098921    -8.71   0.000    -.1055112   -.0667281
         31  |  -.0364702   .0079454    -4.59   0.000    -.0520456   -.0208948
         32  |   .0822382   .0079158    10.39   0.000     .0667208    .0977556
         33  |   .1195847   .0090994    13.14   0.000     .1017472    .1374222
         34  |   .3150622    .005627    55.99   0.000     .3040316    .3260928
         35  |   .0632561   .0085876     7.37   0.000     .0464218    .0800904
         36  |   .2240092   .0049841    44.94   0.000     .2142389    .2337795
         37  |   .0068058   .0055308     1.23   0.219    -.0040362    .0176479
         38  |  -.0713869   .0113359    -6.30   0.000    -.0936087   -.0491651
         39  |   .0760577   .0052321    14.54   0.000     .0658011    .0863142
         40  |  -.0077398   .0065448    -1.18   0.237    -.0205696    .0050901
         41  |   .1084173   .0066495    16.30   0.000     .0953822    .1214524
         42  |   .0907917   .0052009    17.46   0.000     .0805964    .1009869
         44  |   .1453405   .0098478    14.76   0.000     .1260358    .1646451
         45  |   -.012397   .0064302    -1.93   0.054     -.025002    .0002081
         46  |  -.1272741   .0109404   -11.63   0.000    -.1487206   -.1058276
         47  |  -.0101967   .0059255    -1.72   0.085    -.0218124     .001419
         48  |   .1204739   .0049601    24.29   0.000     .1107506    .1301972
         49  |   .0775475   .0075488    10.27   0.000     .0627496    .0923454
         50  |  -.0061498   .0116523    -0.53   0.598    -.0289919    .0166924
         51  |   .2113795   .0055623    38.00   0.000     .2004758    .2222832
         53  |    .199373   .0059651    33.42   0.000     .1876796    .2110663
         54  |   -.057964    .008091    -7.16   0.000    -.0738248   -.0421032
         55  |   .0665654   .0058765    11.33   0.000     .0550456    .0780852
         56  |   .0180581   .0124977     1.44   0.149    -.0064413    .0425574
             |
 quarterdate |
         80  |   .0256294   .0099259     2.58   0.010     .0061717    .0450871
         81  |   .0349502   .0099259     3.52   0.000     .0154925    .0544079
         82  |   .0684658   .0099259     6.90   0.000     .0490081    .0879235
         83  |   .0788506   .0099258     7.94   0.000      .059393    .0983081
         84  |   .1048433   .0096066    10.91   0.000     .0860114    .1236752
         85  |   .1055152   .0096066    10.98   0.000     .0866833    .1243471
         86  |   .1318586   .0096066    13.73   0.000     .1130266    .1506905
         87  |   .1530594   .0096078    15.93   0.000     .1342253    .1718935
         88  |   .1598005    .009607    16.63   0.000      .140968    .1786331
         89  |    .182984    .009607    19.05   0.000     .1641515    .2018166
         90  |   .1867023    .009607    19.43   0.000     .1678698    .2055349
         91  |    .196089    .009607    20.41   0.000     .1772565    .2149216
         92  |    .204037    .009608    21.24   0.000     .1852024    .2228717
         93  |   .2150668    .009608    22.38   0.000     .1962321    .2339014
         94  |   .2261717    .009605    23.55   0.000      .207343    .2450005
         95  |   .2378251   .0098332    24.19   0.000     .2185491    .2571011
         96  |   .2500199   .0098305    25.43   0.000     .2307492    .2692905
         97  |   .2604526   .0098305    26.49   0.000     .2411819    .2797233
         98  |   .2659631   .0098352    27.04   0.000      .246683    .2852431
         99  |   .2806422   .0098339    28.54   0.000     .2613648    .2999197
        100  |   .2871899   .0096188    29.86   0.000     .2683342    .3060457
        101  |   .3077612   .0096188    32.00   0.000     .2889055    .3266169
        102  |   .3097434   .0096013    32.26   0.000      .290922    .3285649
        103  |   .3125088   .0096012    32.55   0.000     .2936876    .3313301
        104  |   .3149794   .0099318    31.71   0.000       .29551    .3344489
        105  |   .3228504   .0099318    32.51   0.000     .3033809    .3423198
        106  |   .3337903   .0099233    33.64   0.000     .3143376     .353243
        107  |   .3390704   .0099184    34.19   0.000     .3196273    .3585135
        108  |    .351979   .0099176    35.49   0.000     .3325375    .3714205
        109  |   .3541545   .0095574    37.06   0.000     .3354191      .37289
        110  |   .3600461   .0095284    37.79   0.000     .3413676    .3787245
        111  |   .3692001   .0095347    38.72   0.000     .3505093    .3878909
        112  |   .3812415   .0095245    40.03   0.000     .3625705    .3999125
        113  |   .3855893   .0101799    37.88   0.000     .3656338    .4055449
        114  |   .3908588   .0102078    38.29   0.000     .3708485    .4108692
        115  |   .4126413   .0102103    40.41   0.000     .3926261    .4326565
        116  |   .4365638   .0102024    42.79   0.000      .416564    .4565635
        117  |   .4478739   .0096082    46.61   0.000     .4290389    .4667089
        118  |   .4491235   .0096037    46.77   0.000     .4302973    .4679497
        119  |   .4722413   .0096031    49.18   0.000     .4534163    .4910663
        120  |   .4861503   .0096137    50.57   0.000     .4673046     .504996
        121  |   .4965032   .0099071    50.12   0.000     .4770824    .5159241
        122  |   .4915376   .0099054    49.62   0.000       .47212    .5109551
        123  |   .5042988   .0099054    50.91   0.000     .4848813    .5237162
        124  |   .5233304    .009911    52.80   0.000     .5039018     .542759
        125  |   .5158932   .0098493    52.38   0.000     .4965856    .5352007
        126  |   .5323669   .0098469    54.06   0.000      .513064    .5516698
        127  |   .5361217   .0098474    54.44   0.000     .5168178    .5554256
        128  |   .5539494   .0098552    56.21   0.000     .5346303    .5732685
        129  |   .5418892   .0098651    54.93   0.000     .5225506    .5612278
        130  |   .5526965   .0098598    56.06   0.000     .5333683    .5720247
        131  |   .5516568   .0098587    55.96   0.000     .5323308    .5709828
        132  |   .5696813   .0098565    57.80   0.000     .5503595    .5890031
        133  |   .5778261   .0098548    58.63   0.000     .5585077    .5971444
        134  |   .5738712   .0098436    58.30   0.000     .5545748    .5931676
        135  |   .5787979    .009547    60.63   0.000     .5600829    .5975128
        143  |   .6275573   .0093389    67.20   0.000     .6092501    .6458644
        144  |   .6460828   .0093445    69.14   0.000     .6277648    .6644008
        145  |   .6443552   .0096505    66.77   0.000     .6254373    .6632731
        146  |   .6454688   .0131894    48.94   0.000     .6196136    .6713239
        147  |   .6665325    .009864    67.57   0.000      .647196    .6858689
        148  |    .680284   .0098731    68.90   0.000     .6609297    .6996383
        149  |    .674158   .0098731    68.28   0.000     .6548039    .6935122
        150  |   .6923285   .0098097    70.58   0.000     .6730986    .7115584
        151  |   .7014535   .0098111    71.50   0.000     .6822207    .7206863
        152  |   .7177994    .009816    73.13   0.000     .6985572    .7370417
        153  |   .7169732    .009814    73.06   0.000     .6977348    .7362115
        154  |    .738393   .0098132    75.24   0.000     .7191562    .7576298
        155  |   .7527813   .0098124    76.72   0.000      .733546    .7720166
        156  |   .7593792    .009809    77.42   0.000     .7401506    .7786078
        157  |   .7654311   .0098107    78.02   0.000     .7461992    .7846631
        158  |   .7890768   .0098109    80.43   0.000     .7698446    .8083091
        159  |   .8041069     .00981    81.97   0.000     .7848763    .8233375
        160  |   .8021206    .009806    81.80   0.000     .7828979    .8213432
        161  |   .8153067    .009806    83.14   0.000     .7960841    .8345293
        162  |   .8365816   .0098066    85.31   0.000     .8173576    .8558056
        163  |   .8282502   .0098082    84.44   0.000     .8090232    .8474773
        164  |   .8479798   .0098265    86.30   0.000     .8287169    .8672428
        165  |   .8656234   .0098262    88.09   0.000     .8463611    .8848857
        166  |   .8757221   .0098262    89.12   0.000     .8564599    .8949844
        167  |   .8665757   .0096249    90.03   0.000      .847708    .8854434
        168  |   .8723726   .0096287    90.60   0.000     .8534974    .8912478
        169  |   .8840129   .0096276    91.82   0.000     .8651399    .9028859
        170  |   .8875916     .00991    89.56   0.000     .8681649    .9070183
        171  |   .8820626   .0099082    89.02   0.000     .8626396    .9014857
        172  |   .8969848    .009878    90.81   0.000      .877621    .9163486
        173  |   .8990799   .0098788    91.01   0.000     .8797144    .9184454
        174  |    .902096   .0098784    91.32   0.000     .8827313    .9214607
        175  |   .9041944   .0098757    91.56   0.000      .884835    .9235538
        176  |   .9263233   .0099137    93.44   0.000     .9068894    .9457572
        177  |   .9196772   .0098958    92.94   0.000     .9002784     .939076
        178  |   .9365011   .0098666    94.92   0.000     .9171595    .9558426
        179  |   .9373969   .0098356    95.31   0.000     .9181162    .9566775
        180  |   .9593007   .0098358    97.53   0.000     .9400195    .9785819
        181  |   .9437496    .009853    95.78   0.000     .9244348    .9630645
        182  |   .9595662   .0098762    97.16   0.000     .9402058    .9789266
        183  |   .9594968   .0098652    97.26   0.000     .9401581    .9788355
        184  |   .9824564   .0097525   100.74   0.000     .9633385    1.001574
        185  |    .986516   .0097379   101.31   0.000     .9674268    1.005605
        186  |   1.000939   .0096447   103.78   0.000      .982033    1.019846
        187  |   .9955367    .009639   103.28   0.000     .9766413    1.014432
        188  |   1.001541   .0096445   103.85   0.000     .9826354    1.020447
        189  |   1.012719   .0096543   104.90   0.000     .9937937    1.031644
        190  |   1.027898   .0095958   107.12   0.000     1.009088    1.046709
        191  |   1.024349   .0095737   107.00   0.000     1.005581    1.043116
        192  |   1.042263    .009654   107.96   0.000     1.023338    1.061187
        193  |   1.056363   .0096535   109.43   0.000      1.03744    1.075287
        194  |   1.061828   .0099662   106.54   0.000     1.042292    1.081365
        195  |   1.049872   .0099518   105.50   0.000     1.030364    1.069381
        196  |   1.057888   .0099789   106.01   0.000     1.038327     1.07745
        197  |   1.059563    .009977   106.20   0.000     1.040005    1.079121
        198  |   1.062252   .0100336   105.87   0.000     1.042583    1.081921
        199  |   1.061999   .0100232   105.95   0.000     1.042351    1.081648
        200  |   1.075514   .0099794   107.77   0.000     1.055952    1.095077
        201  |   1.068687   .0099654   107.24   0.000     1.049152    1.088222
        202  |   1.072879   .0099944   107.35   0.000     1.053287    1.092471
        203  |    1.06042   .0099677   106.39   0.000     1.040881     1.07996
        204  |    1.07892   .0100544   107.31   0.000      1.05921    1.098629
        205  |    1.08759   .0100485   108.23   0.000     1.067892    1.107289
        206  |   1.100617   .0100797   109.19   0.000     1.080858    1.120377
        207  |   1.085103   .0100527   107.94   0.000     1.065397    1.104809
        208  |   1.098179   .0099272   110.62   0.000     1.078719    1.117639
        209  |   1.108753   .0099188   111.78   0.000     1.089309    1.128196
        210  |   1.105279   .0098451   112.27   0.000      1.08598    1.124579
        211  |   1.112694    .009832   113.17   0.000      1.09342    1.131967
        212  |   1.116756   .0097851   114.13   0.000     1.097575    1.135938
        213  |   1.127662   .0097845   115.25   0.000     1.108481    1.146842
        214  |   1.116031   .0096702   115.41   0.000     1.097074    1.134987
        215  |    1.12781   .0096697   116.63   0.000     1.108854    1.146765
        216  |   1.128727   .0096821   116.58   0.000     1.109747    1.147707
        217  |   1.136959    .009682   117.43   0.000      1.11798    1.155939
        218  |   1.132659   .0098636   114.83   0.000     1.113323    1.151994
        219  |   1.129187   .0098594   114.53   0.000     1.109859    1.148514
        220  |   1.144944   .0099549   115.01   0.000      1.12543    1.164459
        221  |   1.147565   .0099551   115.27   0.000      1.12805     1.16708
        222  |   1.163284   .0099552   116.85   0.000     1.143769    1.182799
        223  |    1.16058   .0099527   116.61   0.000     1.141069     1.18009
        224  |   1.174213   .0100106   117.30   0.000     1.154589    1.193837
        225  |   1.185168   .0100103   118.39   0.000     1.165544    1.204791
        226  |   1.192605   .0100148   119.08   0.000     1.172973    1.212237
        227  |   1.188383   .0100128   118.69   0.000     1.168755    1.208012
             |
    postcont |
          1  |  -.0020846   .0020179    -1.03   0.302    -.0060402    .0018711
          2  |  -.0021498   .0030451    -0.71   0.480    -.0081191    .0038195
          3  |   .0054436   .0041768     1.30   0.193    -.0027443    .0136314
          4  |   .0065031   .0052993     1.23   0.220    -.0038851    .0168913
          5  |    .009193   .0090034     1.02   0.307    -.0084563    .0268423
          6  |   .0037705   .0359873     0.10   0.917    -.0667754    .0743164
          7  |   .0480158    .050917     0.94   0.346     -.051797    .1478286
             |
   postcontf |
          1  |  -.0080701   .0023496    -3.43   0.001    -.0126759   -.0034642
          2  |  -.0161968   .0032692    -4.95   0.000    -.0226054   -.0097882
          3  |  -.0147058   .0089242    -1.65   0.099    -.0321999    .0027883
             |
     precont |
          1  |  -.0026303   .0024235    -1.09   0.278    -.0073811    .0021204
          2  |   .0210949   .0217828     0.97   0.333    -.0216059    .0637957
          3  |  -.0104376    .070014    -0.15   0.881    -.1476861     .126811
             |
    precontf |
          1  |  -.0087428   .0033904    -2.58   0.010     -.015389   -.0020966
          2  |  -.0044045   .0138478    -0.32   0.750    -.0315503    .0227413
             |
   earlycont |
          1  |  -.0056472   .0021996    -2.57   0.010     -.009959   -.0013354
          2  |  -.0049337   .0035163    -1.40   0.161    -.0118266    .0019592
          3  |   .0267216   .0364302     0.73   0.463    -.0446925    .0981357
          4  |   .0185122   .0511102     0.36   0.717    -.0816793    .1187036
             |
  earlycontf |
          1  |  -.0022857   .0032331    -0.71   0.480    -.0086234    .0040521
          2  |  -.0089671   .0054334    -1.65   0.099    -.0196182     .001684
             |
       _cons |   1.870952   .0090101   207.65   0.000      1.85329    1.888615
------------------------------------------------------------------------------

Simultaneous results for emp_ests, wage_ests             Number of obs = 7,242

                              (Std. err. adjusted for 51 clusters in statenum)
------------------------------------------------------------------------------
             |               Robust
             | Coefficient  std. err.      z    P>|z|     [95% conf. interval]
-------------+----------------------------------------------------------------
emp_ests_m~n |
    F12treat |  -.0085533   .0027786    -3.08   0.002    -.0139991   -.0031074
     F8treat |  -.0051052   .0024228    -2.11   0.035    -.0098537   -.0003566
     F4treat |  -.0068451   .0030245    -2.26   0.024     -.012773   -.0009171
       treat |  -.0076708   .0029197    -2.63   0.009    -.0133933   -.0019483
     L4treat |  -.0053609   .0037607    -1.43   0.154    -.0127317    .0020098
     L8treat |  -.0079022   .0040124    -1.97   0.049    -.0157665    -.000038
    L12treat |  -.0059984   .0029276    -2.05   0.040    -.0117365   -.0002603
    L16treat |  -.0067271   .0026338    -2.55   0.011    -.0118892   -.0015649
             |
    statenum |
          2  |   .0689296    .003398    20.29   0.000     .0622695    .0755896
          4  |  -.0048174   .0017859    -2.70   0.007    -.0083177   -.0013171
          5  |  -.0119791    .001436    -8.34   0.000    -.0147936   -.0091646
          6  |    .038926   .0057513     6.77   0.000     .0276536    .0501983
          8  |   .0503785     .00237    21.26   0.000     .0457334    .0550235
          9  |   .1138671   .0037413    30.43   0.000     .1065342    .1211999
         10  |   .1315095   .0029388    44.75   0.000     .1257496    .1372695
         11  |   1.184408   .0042715   277.28   0.000     1.176036     1.19278
         12  |    .004468   .0018778     2.38   0.017     .0007877    .0081484
         13  |    .052615   .0016617    31.66   0.000     .0493581     .055872
         15  |    .119692   .0055164    21.70   0.000       .10888     .130504
         16  |  -.0273295   .0002476  -110.39   0.000    -.0278147   -.0268442
         17  |   .0746398   .0025385    29.40   0.000     .0696645    .0796151
         18  |   .0647486   .0011943    54.22   0.000     .0624079    .0670894
         19  |   .0550814    .003615    15.24   0.000     .0479963    .0621666
         20  |   .0516652   .0011943    43.26   0.000     .0493245     .054006
         21  |    .002918   .0011943     2.44   0.015     .0005773    .0052588
         22  |   .0212625   3.66e-15  5.8e+12   0.000     .0212625    .0212625
         23  |   .0200519   .0040155     4.99   0.000     .0121816    .0279221
         24  |   .0507475   .0030703    16.53   0.000     .0447298    .0567652
         25  |   .1202447   .0033956    35.41   0.000     .1135894       .1269
         26  |   .0272565   .0016646    16.37   0.000     .0239939     .030519
         27  |   .1000054   .0023411    42.72   0.000     .0954169    .1045939
         28  |  -.0228316   3.66e-15 -6.2e+12   0.000    -.0228316   -.0228316
         29  |   .0672474   .0016441    40.90   0.000     .0640251    .0704698
         30  |  -.0302859   .0016583   -18.26   0.000    -.0335361   -.0270357
         31  |   .0818514   .0014109    58.02   0.000     .0790862    .0846167
         32  |   .0779615   .0018739    41.60   0.000     .0742886    .0816344
         33  |   .0499503   .0034433    14.51   0.000     .0432016    .0566991
         34  |   .0743393   .0034531    21.53   0.000     .0675713    .0811072
         35  |  -.0034362   .0019395    -1.77   0.076    -.0072375    .0003651
         36  |   .0983039   .0021907    44.87   0.000     .0940102    .1025976
         37  |   .0530457   .0016777    31.62   0.000     .0497574     .056334
         38  |   .0630504   .0021622    29.16   0.000     .0588126    .0672883
         39  |   .0765331   .0017859    42.85   0.000     .0730328    .0800334
         40  |  -.0112311   .0002476   -45.37   0.000    -.0117163   -.0107459
         41  |   .0353592   .0055638     6.36   0.000     .0244543    .0462642
         42  |   .0709008   .0024568    28.86   0.000     .0660855     .075716
         44  |   .0526347   .0035803    14.70   0.000     .0456174     .059652
         45  |   .0365461   .0011943    30.60   0.000     .0342054    .0388869
         46  |   .0314005   .0015571    20.17   0.000     .0283486    .0344524
         47  |   .0543516   .0016617    32.71   0.000     .0510946    .0576085
         48  |   .0301339   .0011943    25.23   0.000     .0277932    .0324747
         49  |   .0366261   .0016617    22.04   0.000     .0333692    .0398831
         50  |   .0443315   .0035485    12.49   0.000     .0373766    .0512865
         51  |   .0822171   .0016617    49.48   0.000     .0789602    .0854741
         53  |   .0373673   .0043593     8.57   0.000     .0288232    .0459113
         54  |  -.0068109   .0032489    -2.10   0.036    -.0131788   -.0004431
         55  |   .0708844   .0027306    25.96   0.000     .0655325    .0762364
         56  |   .0561898   .0013519    41.56   0.000     .0535401    .0588396
             |
 quarterdate |
         80  |  -.0184959   .0076831    -2.41   0.016    -.0335546   -.0034372
         81  |  -.0165711   .0072998    -2.27   0.023    -.0308786   -.0022637
         82  |  -.0508539   .0072407    -7.02   0.000    -.0650453   -.0366624
         83  |  -.0228164   .0055173    -4.14   0.000      -.03363   -.0120028
         84  |  -.0143302   .0086316    -1.66   0.097    -.0312478    .0025875
         85  |  -.0107844    .008473    -1.27   0.203    -.0273913    .0058224
         86  |  -.0384852   .0085551    -4.50   0.000    -.0552529   -.0217175
         87  |  -.0170244   .0089087    -1.91   0.056    -.0344851    .0004363
         88  |  -.0180691   .0082802    -2.18   0.029    -.0342979   -.0018403
         89  |  -.0249676   .0084255    -2.96   0.003    -.0414812    -.008454
         90  |  -.0426352    .008294    -5.14   0.000    -.0588912   -.0263792
         91  |  -.0283928   .0082429    -3.44   0.001    -.0445486   -.0122371
         92  |  -.0381307   .0097666    -3.90   0.000    -.0572729   -.0189885
         93  |  -.0364969   .0088162    -4.14   0.000    -.0537763   -.0192174
         94  |  -.0461714   .0082745    -5.58   0.000    -.0623891   -.0299536
         95  |  -.0223739   .0127056    -1.76   0.078    -.0472765    .0025286
         96  |  -.0178832   .0135293    -1.32   0.186       -.0444    .0086337
         97  |  -.0104482   .0117289    -0.89   0.373    -.0334365    .0125401
         98  |  -.0262391   .0126175    -2.08   0.038    -.0509689   -.0015092
         99  |   .0015966   .0124568     0.13   0.898    -.0228183    .0260115
        100  |  -.0068109   .0085698    -0.79   0.427    -.0236073    .0099856
        101  |   .0080228   .0083494     0.96   0.337    -.0083417    .0243873
        102  |  -.0088404   .0078497    -1.13   0.260    -.0242256    .0065448
        103  |   .0158005   .0080728     1.96   0.050    -.0000218    .0316228
        104  |   .0128779   .0080836     1.59   0.111    -.0029658    .0287215
        105  |   .0165875   .0081449     2.04   0.042     .0006237    .0325513
        106  |   .0042858   .0094256     0.45   0.649     -.014188    .0227595
        107  |   .0215685   .0099581     2.17   0.030     .0020511    .0410859
        108  |   .0171319   .0105317     1.63   0.104    -.0035099    .0377736
        109  |   .0266109   .0092704     2.87   0.004     .0084411    .0447806
        110  |   .0118011   .0085112     1.39   0.166    -.0048805    .0284826
        111  |   .0403651   .0092312     4.37   0.000     .0222724    .0584579
        112  |   .0300856   .0094676     3.18   0.001     .0115294    .0486418
        113  |   .0426106   .0090219     4.72   0.000     .0249279    .0602933
        114  |   .0262019   .0089657     2.92   0.003     .0086294    .0437744
        115  |   .0516897     .00926     5.58   0.000     .0335405    .0698389
        116  |    .045113   .0106901     4.22   0.000     .0241608    .0660653
        117  |    .045658   .0108579     4.21   0.000     .0243769     .066939
        118  |   .0297888   .0102765     2.90   0.004     .0096473    .0499304
        119  |   .0528293   .0090119     5.86   0.000     .0351662    .0704924
        120  |   .0362868   .0108437     3.35   0.001     .0150335    .0575401
        121  |   .0371704   .0117986     3.15   0.002     .0140456    .0602953
        122  |   .0223949   .0107376     2.09   0.037     .0013496    .0434401
        123  |    .040916    .009013     4.54   0.000     .0232508    .0585812
        124  |   .0225844   .0106415     2.12   0.034     .0017274    .0434413
        125  |   .0250673   .0135283     1.85   0.064    -.0014477    .0515824
        126  |   .0128831    .012603     1.02   0.307    -.0118184    .0375845
        127  |   .0299117   .0127643     2.34   0.019     .0048942    .0549293
        128  |   .0151992   .0146783     1.04   0.300    -.0135697     .043968
        129  |   .0247082   .0157002     1.57   0.116    -.0060635      .05548
        130  |   .0075483   .0143524     0.53   0.599    -.0205819    .0356786
        131  |   .0270938   .0152035     1.78   0.075    -.0027046    .0568921
        132  |   .0217347   .0178079     1.22   0.222    -.0131681    .0566375
        133  |   .0243048   .0182711     1.33   0.183     -.011506    .0601156
        134  |   .0135777   .0184433     0.74   0.462    -.0225706    .0497259
        135  |   .0392257   .0181237     2.16   0.030     .0037038    .0747475
        143  |   .0510237   .0124347     4.10   0.000     .0266521    .0753953
        144  |   .0404868   .0124201     3.26   0.001     .0161438    .0648298
        145  |   .0628413   .0098764     6.36   0.000     .0434838    .0821987
        146  |   .0302935   .0127537     2.38   0.018     .0052967    .0552903
        147  |   .0482961   .0146407     3.30   0.001     .0196008    .0769914
        148  |   .0396077   .0125759     3.15   0.002     .0149594    .0642561
        149  |   .0530436    .014149     3.75   0.000     .0253122    .0807751
        150  |   .0367505   .0154104     2.38   0.017     .0065467    .0669544
        151  |   .0579053    .018482     3.13   0.002     .0216812    .0941293
        152  |   .0539047   .0141217     3.82   0.000     .0262266    .0815828
        153  |   .0585703   .0187125     3.13   0.002     .0218944    .0952461
        154  |   .0522302   .0165476     3.16   0.002     .0197976    .0846629
        155  |   .0703673   .0166076     4.24   0.000     .0378171    .1029175
        156  |   .0603592   .0164933     3.66   0.000      .028033    .0926854
        157  |   .0742815   .0151376     4.91   0.000     .0446124    .1039506
        158  |   .0629373   .0148081     4.25   0.000      .033914    .0919605
        159  |   .0880799   .0171678     5.13   0.000     .0544317    .1217281
        160  |   .0605656   .0146646     4.13   0.000     .0318235    .0893076
        161  |   .0689432   .0155799     4.43   0.000     .0384072    .0994792
        162  |   .0491183   .0140318     3.50   0.000     .0216165    .0766201
        163  |   .0716978   .0157469     4.55   0.000     .0408344    .1025613
        164  |   .0608573   .0142593     4.27   0.000     .0329096    .0888051
        165  |   .0643884   .0137135     4.70   0.000     .0375104    .0912665
        166  |   .0470705    .012832     3.67   0.000     .0219202    .0722208
        167  |   .0645067   .0121132     5.33   0.000     .0407654    .0882481
        168  |   .0494771   .0102221     4.84   0.000      .029442    .0695121
        169  |   .0550873   .0114866     4.80   0.000      .032574    .0776005
        170  |   .0499066   .0106554     4.68   0.000     .0290224    .0707908
        171  |   .0622886   .0104809     5.94   0.000     .0417464    .0828308
        172  |   .0441992   .0133264     3.32   0.001       .01808    .0703184
        173  |   .0540278   .0098239     5.50   0.000     .0347733    .0732823
        174  |   .0380194   .0140156     2.71   0.007     .0105494    .0654895
        175  |   .0551015   .0126653     4.35   0.000      .030278    .0799249
        176  |    .048538   .0130274     3.73   0.000     .0230047    .0740714
        177  |   .0498062   .0108695     4.58   0.000     .0285023      .07111
        178  |   .0466418   .0118129     3.95   0.000     .0234889    .0697946
        179  |     .06725   .0142613     4.72   0.000     .0392983    .0952017
        180  |   .0611745   .0122987     4.97   0.000     .0370694    .0852795
        181  |   .0703236   .0113019     6.22   0.000     .0481722    .0924749
        182  |   .0515943   .0127251     4.05   0.000     .0266537     .076535
        183  |   .0707738   .0100907     7.01   0.000     .0509964    .0905513
        184  |    .058431   .0119172     4.90   0.000     .0350738    .0817883
        185  |   .0704215   .0103097     6.83   0.000     .0502149    .0906281
        186  |   .0576172   .0111048     5.19   0.000     .0358522    .0793822
        187  |   .0737371   .0101187     7.29   0.000     .0539049    .0935693
        188  |   .0573977   .0122043     4.70   0.000     .0334776    .0813177
        189  |   .0634253   .0124347     5.10   0.000     .0390537     .087797
        190  |   .0451393   .0108385     4.16   0.000     .0238961    .0663824
        191  |   .0642095   .0123453     5.20   0.000     .0400131    .0884059
        192  |   .0628509   .0117392     5.35   0.000     .0398425    .0858593
        193  |   .0616983   .0116857     5.28   0.000     .0387948    .0846018
        194  |   .0391921   .0123745     3.17   0.002     .0149385    .0634457
        195  |   .0564549   .0136937     4.12   0.000     .0296156    .0832941
        196  |   .0297477   .0136163     2.18   0.029     .0030603    .0564351
        197  |   .0331231   .0132359     2.50   0.012     .0071811     .059065
        198  |   .0113082   .0146798     0.77   0.441    -.0174636      .04008
        199  |   .0248159   .0157655     1.57   0.115    -.0060839    .0557156
        200  |    .001067   .0161697     0.07   0.947    -.0306251    .0327591
        201  |   .0165803   .0157223     1.05   0.292    -.0142348    .0473954
        202  |   .0036308   .0139428     0.26   0.795    -.0236967    .0309582
        203  |   .0253668   .0156706     1.62   0.106     -.005347    .0560806
        204  |   .0116671   .0157327     0.74   0.458    -.0191684    .0425026
        205  |    .022025   .0160686     1.37   0.170    -.0094688    .0535188
        206  |   .0185216   .0164807     1.12   0.261    -.0137799    .0508231
        207  |    .029091   .0149905     1.94   0.052    -.0002899    .0584718
        208  |   .0152068   .0159017     0.96   0.339    -.0159599    .0463734
        209  |   .0321568   .0157032     2.05   0.041      .001379    .0629345
        210  |   .0178162   .0165479     1.08   0.282    -.0146172    .0502496
        211  |   .0373309   .0148562     2.51   0.012     .0082132    .0664486
        212  |   .0297584   .0136445     2.18   0.029     .0030157    .0565012
        213  |   .0345528   .0146708     2.36   0.019     .0057985    .0633071
        214  |   .0282129   .0123804     2.28   0.023     .0039476    .0524781
        215  |   .0444858   .0128784     3.45   0.001     .0192447     .069727
        216  |   .0415351   .0119586     3.47   0.001     .0180966    .0649735
        217  |   .0437321   .0128315     3.41   0.001     .0185829    .0688814
        218  |    .033367   .0124644     2.68   0.007     .0089373    .0577968
        219  |   .0516144   .0113867     4.53   0.000     .0292969    .0739319
        220  |   .0455464   .0113053     4.03   0.000     .0233885    .0677042
        221  |   .0596397   .0126964     4.70   0.000     .0347553    .0845241
        222  |    .043072   .0127632     3.37   0.001     .0180565    .0680875
        223  |   .0673381   .0106137     6.34   0.000     .0465357    .0881406
        224  |   .0507766    .010792     4.70   0.000     .0296245    .0719286
        225  |   .0576826   .0121278     4.76   0.000     .0339125    .0814526
        226  |   .0488724   .0130824     3.74   0.000     .0232313    .0745135
        227  |   .0670542    .012386     5.41   0.000     .0427781    .0913303
             |
    postcont |
          1  |   .0015925   .0063482     0.25   0.802    -.0108497    .0140347
          2  |  -.0036784    .009102    -0.40   0.686     -.021518    .0141611
          3  |  -.0052621   .0068299    -0.77   0.441    -.0186484    .0081242
          4  |  -.0072366   .0069741    -1.04   0.299    -.0209056    .0064324
          5  |   .0008591   .0058173     0.15   0.883    -.0105426    .0122607
          6  |  -.0200919   .0078394    -2.56   0.010    -.0354568    -.004727
          7  |  -.0417573   .0073349    -5.69   0.000    -.0561333   -.0273812
             |
   postcontf |
          1  |   .0070503   .0044772     1.57   0.115    -.0017248    .0158254
          2  |   .0142418   .0093489     1.52   0.128    -.0040817    .0325653
          3  |     .03038   .0126497     2.40   0.016      .005587    .0551731
             |
     precont |
          1  |  -.0020598   .0029451    -0.70   0.484    -.0078321    .0037126
          2  |  -.0021721   .0174434    -0.12   0.901    -.0363605    .0320163
          3  |   .0137609   .0186341     0.74   0.460    -.0227612    .0502831
             |
    precontf |
          1  |   .0095242   .0043121     2.21   0.027     .0010727    .0179758
          2  |   .0165265   .0130717     1.26   0.206    -.0090936    .0421465
             |
   earlycont |
          1  |  -.0030139   .0026733    -1.13   0.260    -.0082535    .0022257
          2  |   .0024609   .0035747     0.69   0.491    -.0045454    .0094672
          3  |   .0136293    .009071     1.50   0.133    -.0041495    .0314082
          4  |  -.0126787     .01037    -1.22   0.221    -.0330036    .0076462
             |
  earlycontf |
          1  |  -.0047326   .0035997    -1.31   0.189    -.0117879    .0023228
          2  |  -.0062875   .0049598    -1.27   0.205    -.0160085    .0034334
             |
       _cons |   .6309014   .0102895    61.32   0.000     .6107344    .6510684
-------------+----------------------------------------------------------------
emp_ests_l~r |
       _cons |  -6.709469   .1560851   -42.99   0.000     -7.01539   -6.403547
-------------+----------------------------------------------------------------
wage_ests_~n |
    F12treat |   -.007569   .0036237    -2.09   0.037    -.0146713   -.0004667
     F8treat |  -.0060041   .0026842    -2.24   0.025     -.011265   -.0007431
     F4treat |  -.0054188   .0035491    -1.53   0.127     -.012375    .0015373
       treat |  -.0017182   .0025672    -0.67   0.503    -.0067498    .0033133
     L4treat |  -.0063448   .0048925    -1.30   0.195     -.015934    .0032443
     L8treat |  -.0068514   .0049027    -1.40   0.162    -.0164604    .0027576
    L12treat |  -.0079551    .005731    -1.39   0.165    -.0191876    .0032774
    L16treat |  -.0068813   .0051174    -1.34   0.179    -.0169112    .0031487
             |
    statenum |
          2  |   .3369799   .0079219    42.54   0.000     .3214533    .3525065
          4  |   .1015958   .0039413    25.78   0.000      .093871    .1093206
          5  |  -.1093586   .0022766   -48.04   0.000    -.1138206   -.1048966
          6  |   .2984657   .0079096    37.73   0.000     .2829631    .3139683
          8  |   .1583131   .0055056    28.75   0.000     .1475223    .1691038
          9  |   .2937564   .0090729    32.38   0.000      .275974    .3115389
         10  |   .1613462    .006727    23.98   0.000     .1481615    .1745309
         11  |   .3956555   .0079203    49.95   0.000      .380132     .411179
         12  |   .0204943   .0041362     4.95   0.000     .0123875    .0286012
         13  |   .0844375   .0026383    32.00   0.000     .0792665    .0896085
         15  |   .1346639   .0073299    18.37   0.000     .1202976    .1490302
         16  |  -.0288356    .000318   -90.68   0.000    -.0294589   -.0282124
         17  |   .1786749    .005431    32.90   0.000     .1680304    .1893194
         18  |   .0291886   .0017289    16.88   0.000        .0258    .0325772
         19  |  -.0221953   .0062603    -3.55   0.000    -.0344653   -.0099253
         20  |   .0260872   .0017289    15.09   0.000     .0226987    .0294758
         21  |  -.0173216   .0017289   -10.02   0.000    -.0207102   -.0139331
         22  |   .0294203   1.76e-14  1.7e+12   0.000     .0294203    .0294203
         23  |  -.0426122    .008001    -5.33   0.000    -.0582938   -.0269305
         24  |   .2940449   .0052283    56.24   0.000     .2837976    .3042923
         25  |   .2452032   .0078227    31.35   0.000      .229871    .2605355
         26  |   .1437954   .0036216    39.70   0.000     .1366972    .1508937
         27  |   .1517797    .004816    31.52   0.000     .1423405    .1612189
         28  |  -.0941673   1.76e-14 -5.3e+12   0.000    -.0941673   -.0941673
         29  |   .0364765   .0037903     9.62   0.000     .0290476    .0439054
         30  |  -.0861196   .0034461   -24.99   0.000    -.0928738   -.0793655
         31  |  -.0364702   .0026339   -13.85   0.000    -.0416326   -.0313078
         32  |   .0822382   .0037066    22.19   0.000     .0749735    .0895029
         33  |   .1195847   .0068545    17.45   0.000     .1061501    .1330193
         34  |   .3150622    .007829    40.24   0.000     .2997176    .3304067
         35  |   .0632561   .0034352    18.41   0.000     .0565233     .069989
         36  |   .2240092   .0041647    53.79   0.000     .2158466    .2321719
         37  |   .0068058   .0026873     2.53   0.011     .0015387     .012073
         38  |  -.0713869   .0032497   -21.97   0.000    -.0777562   -.0650176
         39  |   .0760577   .0039413    19.30   0.000     .0683329    .0837824
         40  |  -.0077398    .000318   -24.34   0.000     -.008363   -.0071165
         41  |   .1084173   .0095027    11.41   0.000     .0897923    .1270423
         42  |   .0907917   .0044805    20.26   0.000       .08201    .0995733
         44  |   .1453405   .0084828    17.13   0.000     .1287144    .1619665
         45  |   -.012397   .0017289    -7.17   0.000    -.0157855   -.0090084
         46  |  -.1272741    .002754   -46.21   0.000    -.1326719   -.1218763
         47  |  -.0101967   .0026383    -3.86   0.000    -.0153677   -.0050257
         48  |   .1204739   .0017289    69.68   0.000     .1170853    .1238624
         49  |   .0775475   .0026383    29.39   0.000     .0723765    .0827185
         50  |  -.0061498    .008648    -0.71   0.477    -.0230995       .0108
         51  |   .2113795   .0026383    80.12   0.000     .2062085    .2165505
         53  |    .199373   .0081671    24.41   0.000     .1833657    .2153802
         54  |   -.057964   .0042966   -13.49   0.000    -.0663852   -.0495429
         55  |   .0665654   .0044088    15.10   0.000     .0579243    .0752065
         56  |   .0180581   .0022345     8.08   0.000     .0136786    .0224375
             |
 quarterdate |
         80  |   .0256294   .0103251     2.48   0.013     .0053925    .0458663
         81  |   .0349502   .0087006     4.02   0.000     .0178973    .0520031
         82  |   .0684658   .0095919     7.14   0.000     .0496661    .0872656
         83  |   .0788506   .0074009    10.65   0.000     .0643452     .093356
         84  |   .1048433   .0098677    10.62   0.000      .085503    .1241837
         85  |   .1055152   .0077052    13.69   0.000     .0904132    .1206172
         86  |   .1318586   .0094938    13.89   0.000     .1132509    .1504662
         87  |   .1530594    .008702    17.59   0.000     .1360038     .170115
         88  |   .1598005   .0091985    17.37   0.000     .1417717    .1778294
         89  |    .182984   .0088575    20.66   0.000     .1656237    .2003444
         90  |   .1867023   .0091846    20.33   0.000     .1687008    .2047039
         91  |    .196089   .0071043    27.60   0.000      .182165    .2100131
         92  |    .204037   .0076124    26.80   0.000     .1891171     .218957
         93  |   .2150668   .0071864    29.93   0.000     .2009816    .2291519
         94  |   .2261717   .0088563    25.54   0.000     .2088138    .2435297
         95  |   .2378251   .0101835    23.35   0.000     .2178658    .2577845
         96  |   .2500199   .0091062    27.46   0.000     .2321721    .2678677
         97  |   .2604526   .0101097    25.76   0.000     .2406379    .2802674
         98  |   .2659631   .0102127    26.04   0.000     .2459466    .2859795
         99  |   .2806422   .0099494    28.21   0.000     .2611418    .3001427
        100  |   .2871899   .0083853    34.25   0.000     .2707551    .3036248
        101  |   .3077612   .0086641    35.52   0.000     .2907799    .3247425
        102  |   .3097434   .0086772    35.70   0.000     .2927365    .3267504
        103  |   .3125088   .0090108    34.68   0.000     .2948479    .3301697
        104  |   .3149794    .011304    27.86   0.000     .2928241    .3371348
        105  |   .3228504   .0124769    25.88   0.000     .2983961    .3473046
        106  |   .3337903   .0121925    27.38   0.000     .3098935    .3576871
        107  |   .3390704   .0119491    28.38   0.000     .3156506    .3624901
        108  |    .351979   .0125594    28.03   0.000     .3273631    .3765949
        109  |   .3541545   .0101431    34.92   0.000     .3342743    .3740347
        110  |   .3600461   .0118634    30.35   0.000     .3367942     .383298
        111  |   .3692001   .0092798    39.79   0.000     .3510121    .3873881
        112  |   .3812415   .0099801    38.20   0.000     .3616808    .4008022
        113  |   .3855893   .0104155    37.02   0.000     .3651754    .4060033
        114  |   .3908588   .0113837    34.34   0.000     .3685473    .4131704
        115  |   .4126413   .0121816    33.87   0.000     .3887658    .4365167
        116  |   .4365638   .0123416    35.37   0.000     .4123746    .4607529
        117  |   .4478739   .0128531    34.85   0.000     .4226824    .4730654
        118  |   .4491235   .0163463    27.48   0.000     .4170853    .4811617
        119  |   .4722413   .0141015    33.49   0.000     .4446029    .4998797
        120  |   .4861503   .0142718    34.06   0.000     .4581781    .5141225
        121  |   .4965032   .0123855    40.09   0.000     .4722281    .5207783
        122  |   .4915376   .0144425    34.03   0.000     .4632308    .5198443
        123  |   .5042988   .0141397    35.67   0.000     .4765854    .5320121
        124  |   .5233304   .0129187    40.51   0.000     .4980102    .5486507
        125  |   .5158932   .0115162    44.80   0.000     .4933218    .5384645
        126  |   .5323669     .01318    40.39   0.000     .5065346    .5581991
        127  |   .5361217   .0116417    46.05   0.000     .5133044     .558939
        128  |   .5539494   .0119463    46.37   0.000     .5305352    .5773636
        129  |   .5418892   .0124615    43.49   0.000     .5174652    .5663132
        130  |   .5526965   .0136182    40.59   0.000     .5260053    .5793877
        131  |   .5516568   .0127298    43.34   0.000     .5267069    .5766067
        132  |   .5696813   .0128118    44.47   0.000     .5445706     .594792
        133  |   .5778261   .0120041    48.14   0.000     .5542985    .6013536
        134  |   .5738712   .0131448    43.66   0.000      .548108    .5996345
        135  |   .5787979   .0109042    53.08   0.000     .5574261    .6001696
        143  |   .6275573   .0131566    47.70   0.000     .6017708    .6533438
        144  |   .6460828   .0127526    50.66   0.000     .6210882    .6710773
        145  |   .6443552   .0129663    49.69   0.000     .6189418    .6697686
        146  |   .6454688   .0127479    50.63   0.000     .6204833    .6704542
        147  |   .6665325    .011158    59.74   0.000     .6446632    .6884017
        148  |    .680284   .0118771    57.28   0.000     .6570053    .7035627
        149  |    .674158   .0118449    56.92   0.000     .6509424    .6973736
        150  |   .6923285   .0120419    57.49   0.000     .6687268    .7159302
        151  |   .7014535   .0113528    61.79   0.000     .6792025    .7237045
        152  |   .7177994   .0110161    65.16   0.000     .6962082    .7393906
        153  |   .7169732   .0104405    68.67   0.000     .6965102    .7374362
        154  |    .738393   .0103783    71.15   0.000     .7180519    .7587341
        155  |   .7527813   .0117396    64.12   0.000     .7297721    .7757906
        156  |   .7593792   .0097476    77.90   0.000     .7402743    .7784841
        157  |   .7654311   .0089015    85.99   0.000     .7479845    .7828778
        158  |   .7890768   .0110962    71.11   0.000     .7673286    .8108251
        159  |   .8041069   .0111674    72.00   0.000     .7822192    .8259946
        160  |   .8021206   .0105917    75.73   0.000     .7813613    .8228799
        161  |   .8153067   .0101964    79.96   0.000     .7953222    .8352913
        162  |   .8365816   .0113113    73.96   0.000     .8144118    .8587514
        163  |   .8282502   .0100205    82.66   0.000     .8086104    .8478901
        164  |   .8479798   .0119371    71.04   0.000     .8245836    .8713761
        165  |   .8656234   .0134426    64.39   0.000     .8392764    .8919703
        166  |   .8757221   .0116721    75.03   0.000     .8528452    .8985991
        167  |   .8665757   .0118489    73.14   0.000     .8433524    .8897991
        168  |   .8723726   .0137524    63.43   0.000     .8454184    .8993268
        169  |   .8840129   .0120596    73.30   0.000     .8603765    .9076493
        170  |   .8875916   .0148055    59.95   0.000     .8585733    .9166098
        171  |   .8820626   .0137374    64.21   0.000     .8551379    .9089874
        172  |   .8969848   .0147161    60.95   0.000     .8681418    .9258278
        173  |   .8990799   .0141805    63.40   0.000     .8712865    .9268733
        174  |    .902096    .014921    60.46   0.000     .8728514    .9313406
        175  |   .9041944   .0145791    62.02   0.000     .8756199     .932769
        176  |   .9263233    .014371    64.46   0.000     .8981567      .95449
        177  |   .9196772   .0148962    61.74   0.000     .8904812    .9488733
        178  |   .9365011   .0143053    65.47   0.000     .9084632    .9645389
        179  |   .9373969   .0144912    64.69   0.000     .9089947    .9657991
        180  |   .9593007   .0148279    64.70   0.000     .9302386    .9883627
        181  |   .9437496   .0132103    71.44   0.000     .9178579    .9696414
        182  |   .9595662    .014693    65.31   0.000     .9307684    .9883639
        183  |   .9594968   .0142709    67.23   0.000     .9315264    .9874672
        184  |   .9824564   .0151818    64.71   0.000     .9527007    1.012212
        185  |    .986516   .0134813    73.18   0.000     .9600931    1.012939
        186  |   1.000939   .0134697    74.31   0.000     .9745393     1.02734
        187  |   .9955367   .0128152    77.68   0.000     .9704193    1.020654
        188  |   1.001541   .0143605    69.74   0.000     .9733954    1.029688
        189  |   1.012719   .0152168    66.55   0.000     .9828946    1.042543
        190  |   1.027898   .0121077    84.90   0.000     1.004168    1.051629
        191  |   1.024349   .0143192    71.54   0.000     .9962835    1.052414
        192  |   1.042263   .0156018    66.80   0.000     1.011684    1.072842
        193  |   1.056363   .0151771    69.60   0.000     1.026617     1.08611
        194  |   1.061828   .0137116    77.44   0.000     1.034954    1.088703
        195  |   1.049872   .0141265    74.32   0.000     1.022185     1.07756
        196  |   1.057888   .0125666    84.18   0.000     1.033258    1.082519
        197  |   1.059563   .0139922    75.73   0.000     1.032139    1.086988
        198  |   1.062252    .015906    66.78   0.000     1.031077    1.093428
        199  |   1.061999    .012756    83.25   0.000     1.036998    1.087001
        200  |   1.075514   .0156015    68.94   0.000     1.044936    1.106093
        201  |   1.068687   .0137514    77.71   0.000     1.041735    1.095639
        202  |   1.072879   .0150509    71.28   0.000      1.04338    1.102378
        203  |    1.06042   .0157693    67.25   0.000     1.029513    1.091328
        204  |    1.07892   .0125773    85.78   0.000     1.054268    1.103571
        205  |    1.08759   .0142045    76.57   0.000      1.05975    1.115431
        206  |   1.100617   .0147678    74.53   0.000     1.071673    1.129562
        207  |   1.085103   .0128813    84.24   0.000     1.059856     1.11035
        208  |   1.098179   .0127191    86.34   0.000      1.07325    1.123108
        209  |   1.108753   .0138642    79.97   0.000     1.081579    1.135926
        210  |   1.105279   .0132862    83.19   0.000     1.079239     1.13132
        211  |   1.112694   .0135042    82.40   0.000     1.086226    1.139161
        212  |   1.116756   .0133877    83.42   0.000     1.090517    1.142996
        213  |   1.127662   .0146413    77.02   0.000     1.098965    1.156358
        214  |   1.116031   .0133592    83.54   0.000     1.089847    1.142214
        215  |    1.12781   .0158668    71.08   0.000     1.096712    1.158908
        216  |   1.128727   .0153085    73.73   0.000     1.098723    1.158731
        217  |   1.136959     .01608    70.71   0.000     1.105443    1.168476
        218  |   1.132659   .0151264    74.88   0.000     1.103011    1.162306
        219  |   1.129187   .0170609    66.19   0.000     1.095748    1.162625
        220  |   1.144944   .0179525    63.78   0.000     1.109758     1.18013
        221  |   1.147565   .0168028    68.30   0.000     1.114632    1.180498
        222  |   1.163284    .016698    69.67   0.000     1.130556    1.196011
        223  |    1.16058     .01587    73.13   0.000     1.129475    1.191685
        224  |   1.174213   .0162057    72.46   0.000      1.14245    1.205975
        225  |   1.185168   .0162341    73.01   0.000     1.153349    1.216986
        226  |   1.192605   .0138425    86.16   0.000     1.165475    1.219736
        227  |   1.188383   .0158386    75.03   0.000      1.15734    1.219427
             |
    postcont |
          1  |  -.0020846    .006061    -0.34   0.731    -.0139639    .0097948
          2  |  -.0021498   .0072283    -0.30   0.766    -.0163169    .0120174
          3  |   .0054436   .0093569     0.58   0.561    -.0128957    .0237828
          4  |   .0065031   .0093418     0.70   0.486    -.0118064    .0248127
          5  |    .009193   .0133358     0.69   0.491    -.0169447    .0353306
          6  |   .0037705   .0093073     0.41   0.685    -.0144715    .0220126
          7  |   .0480158   .0056726     8.46   0.000     .0368977     .059134
             |
   postcontf |
          1  |  -.0080701   .0067329    -1.20   0.231    -.0212663    .0051262
          2  |  -.0161968   .0091087    -1.78   0.075    -.0340496     .001656
          3  |  -.0147058   .0128946    -1.14   0.254    -.0399787    .0105672
             |
     precont |
          1  |  -.0026303   .0048811    -0.54   0.590    -.0121972    .0069365
          2  |   .0210949   .0210913     1.00   0.317    -.0202433    .0624331
          3  |  -.0104376   .0077981    -1.34   0.181    -.0257216    .0048465
             |
    precontf |
          1  |  -.0087428   .0065428    -1.34   0.181    -.0215665    .0040809
          2  |  -.0044045   .0124532    -0.35   0.724    -.0288123    .0200033
             |
   earlycont |
          1  |  -.0056472   .0056863    -0.99   0.321    -.0167921    .0054977
          2  |  -.0049337   .0077236    -0.64   0.523    -.0200716    .0102042
          3  |   .0267216   .0163741     1.63   0.103    -.0053711    .0588143
          4  |   .0185122    .009341     1.98   0.047     .0002042    .0368201
             |
  earlycontf |
          1  |  -.0022857   .0063812    -0.36   0.720    -.0147926    .0102213
          2  |  -.0089671   .0103023    -0.87   0.384    -.0291593     .011225
             |
       _cons |   1.870952   .0139965   133.67   0.000     1.843519    1.898385
-------------+----------------------------------------------------------------
wage_ests_~r |
       _cons |  -6.194365   .1223883   -50.61   0.000    -6.434242   -5.954488
------------------------------------------------------------------------------

       _nl_1: ((([emp_ests_mean]treat-([emp_ests_mean]F4treat)) + ([emp_ests_me
> an]L4treat - ([emp_ests_mean]F4treat) )  + ([emp_ests_mean]L8treat - ([emp_es
> ts_mean]F4treat) )  + ([emp_ests_mean]L12treat - ([emp_ests_mean]F4treat) )  
> + ([emp_ests_mean]L16treat - ([emp_ests_mean]F4treat) ) )/.7280558562005439)/
> (([wage_ests_mean]treat-([wage_ests_mean]F4treat)) + ([wage_ests_mean]L4treat
>  - ([wage_ests_mean]F4treat) )  + ([wage_ests_mean]L8treat - ([wage_ests_mean
> ]F4treat) )  + ([wage_ests_mean]L12treat - ([wage_ests_mean]F4treat) )  + ([w
> age_ests_mean]L16treat - ([wage_ests_mean]F4treat) ) )

------------------------------------------------------------------------------
             | Coefficient  Std. err.      z    P>|z|     [95% conf. interval]
-------------+----------------------------------------------------------------
       _nl_1 |  -.2926329   5.382109    -0.05   0.957    -10.84137    10.25611
------------------------------------------------------------------------------

added macro:
          e(main_estb) : "-0.293"

added macro:
         e(main_estse) : "(5.382)"

added macro:
              e(group) : "Low prob."

. 
. *       
. 
. 
. 
. esttab emp_1 emp_2 emp_3   ///
> using "${tables}TableA7.tex", replace   ///
> stats(main_estb main_estse blankspace , label("\% $\delta$ overall employment
> " " " " ")) ///
> nodep addnotes("`footnotes'") nogaps cells(none) nomtitles fragment booktabs
(file
    /Users/brycewang/Documents/GitHub/top5-Econ-Paper-Replications/QJE2019-Mi
    > nimum-Wages-Low-Wage-Jobs/Results/Tables/TableA7.tex not found)
(output written to /Users/brycewang/Documents/GitHub/top5-Econ-Paper-Replicatio
> ns/QJE2019-Minimum-Wages-Low-Wage-Jobs/Results/Tables/TableA7.tex)

. 
. 
. 
. esttab wage_1 wage_2 wage_3 ///
> using "${tables}TableA7.tex", append    ///
> stats(main_estb main_estse blankspace , label("\% $\delta$ average wage" " " 
> " ")) ///
> nodep addnotes("`footnotes'") nogaps cells(none) nomtitles fragment booktabs 
> nolines nodepvar nonumber
(output written to /Users/brycewang/Documents/GitHub/top5-Econ-Paper-Replicatio
> ns/QJE2019-Minimum-Wages-Low-Wage-Jobs/Results/Tables/TableA7.tex)

. 
. 
. esttab emp_elas_wrt_wage_1   ///
> using "${tables}TableA7.tex", append    ///
> stats(main_estb main_estse blankspace group , label("Employment elasticity wr
> t wage" " " " " "\underline{Group:}")) ///
> nodep addnotes("`footnotes'") nogaps cells(none) nomtitles fragment booktabs 
> nolines nodepvar nonumber
(output written to /Users/brycewang/Documents/GitHub/top5-Econ-Paper-Replicatio
> ns/QJE2019-Minimum-Wages-Low-Wage-Jobs/Results/Tables/TableA7.tex)

. 
. 
end of do-file
