-------------------------------------------------------------------------------
      name:  steplogsmcl
       log:  /Users/brycewang/Documents/GitHub/top5-Econ-Paper-Replications/QJE
> 2019-Minimum-Wages-Low-Wage-Jobs/Results/logs/Appendix_Tables_G3_G4_G7.log
  log type:  text
 opened on:  17 Sep 2026, 06:03:34

. 
. 
. clear

. 
. 
. use "${data}qcew_multiplier.dta", clear

. keep statenum quarterdate multiplier

. assert multiplier!=0

. tempfile qcew

. save `qcew'
file /var/folders/bm/2cq1vtmd5wg6k0vdjfpvbmww0000gn/T//St48748.000001 saved
    as .dta format

. 
. use "${data}eventclassification.dta", clear

. gen year = year(dofq(quarterdate))

. cap drop treat

. gen treat = overallcountgr>0 & overallcountgr!=. & fedincrease!=1

. gen statetreat = alltreat if fedincrease!=1
(315 missing values generated)

. bys statenum: egen _temp =  max(treat) if year<1992
(314 missing values generated)

. bys statenum: egen temp =  max(_temp)

. bys statenum: egen _temp2 =  max(treat) if year<1996
(307 missing values generated)

. bys statenum: egen temp2 =  max(_temp2)

. levelsof statenum if temp==1, local(temploc)
6 9 11 15 19 27 41 42 44 53 55

. levelsof statenum if temp2==1, local(temploc2)
6 9 11 15 19 27 34 41 42 44 53 55

. 
. 
. use "${data}VZmw_quarterly_lagsleads_1979_2016",clear

. gen mw = exp(logmw)

. gen year = year(dofq(quarterdate))

. gen quarter = quarter(dofq(quarterdate))

. collapse  mw, by(statenum year)

. 
. 
. xtset statenum year

Panel variable: statenum (strongly balanced)
 Time variable: year, 1979 to 2016
         Delta: 1 unit

. forvalues index = 1/5 {
  2.         foreach lagorlead in L F {
  3.                 gen `lagorlead'`index'logmw = log(`lagorlead'`index'.mw)
  4.         }
  5. }
(51 missing values generated)
(51 missing values generated)
(102 missing values generated)
(102 missing values generated)
(153 missing values generated)
(153 missing values generated)
(204 missing values generated)
(204 missing values generated)
(255 missing values generated)
(255 missing values generated)

. gen logmw = log(mw)

. *
. keep if year>=1979 & year<=2015
(51 observations deleted)

. bys year: egen fedmw = min(mw)

. xtset statenum year

Panel variable: statenum (strongly balanced)
 Time variable: year, 1979 to 2015
         Delta: 1 unit

. assert "`r(balanced)'" == "strongly balanced"

. keep year statenum logmw L*mw F*mw

. egen state_order = group(statenum)

. compress
  variable year was float now int
  variable state_order was float now byte
  (9,435 bytes saved)

. 
. tempfile mwdata

. save `mwdata'
file /var/folders/bm/2cq1vtmd5wg6k0vdjfpvbmww0000gn/T//St48748.000002 saved
    as .dta format

. 
. 
. 
. use "${data}state_panels_cents_balanced_add_QJE.dta", clear

. 
.                 merge m:1 statenum quarterdate using `qcew', assert(3) nogene
> rate

    Result                      Number of obs
    -----------------------------------------
    Not matched                             0
    Matched                           906,984  
    -----------------------------------------

.                 replace count = count * multiplier
(710,139 real changes made)

.                 replace countall = countall * multiplier
(905,112 real changes made)

.                 replace teencount = teencount * multiplier              
(120,498 real changes made)

.                 replace teencountall = teencountall * multiplier
(904,878 real changes made)

. 
. 
. 
. gen wagebindollar = floor(wagebin/100)

. drop wagebins

. rename wagebindollar wagebins

. 
.                 *************************************************************
> ***********
.                 **************          Ones that should be summed       ****
> ***********
.                 *************************************************************
> ***********
. 
.                 preserve

.                         collapse (sum) teencount count, by(statenum quarterda
> te wagebins)

.                         tempfile tempsum

.                         save `tempsum'
file /var/folders/bm/2cq1vtmd5wg6k0vdjfpvbmww0000gn/T//St48748.000004 saved
    as .dta format

.                 restore

. 
.                 *************************************************************
> ***********
.                 ******        Ones that are already at statenumXquarterdate  
>  **********
.                 *************************************************************
> ***********
. 
.                 preserve

.                         egen tagger=tag(statenum quarterdate)

.                         keep if tagger==1
(899,232 observations deleted)

.                         keep statenum quarterdate countall population year te
> encountall teenpop

.                         tempfile temptag

.                         save `temptag'
file /var/folders/bm/2cq1vtmd5wg6k0vdjfpvbmww0000gn/T//St48748.000006 saved
    as .dta format

.                 restore

. 
. 
.                 *************************************************************
> ***********
.                 *********    Merge ave's and sum's      *********************
> ***********
.                 *************************************************************
> ***********
. 
.                 use `tempsum', clear

. 
.                 reshape wide teencount count , i(statenum quarterdate) j(wage
> bin)
(j = 1 2 3 4 5 6 7 8 9 10 11 12 13 14 15 16 17 18 19 20 21 22 23 24 25 26 27 28
>  29 30)

Data                               Long   ->   Wide
-----------------------------------------------------------------------------
Number of observations          232,560   ->   7,752       
Number of variables                   5   ->   62          
j variable (30 values)         wagebins   ->   (dropped)
xij variables:
                              teencount   ->   teencount1 teencount2 ... teenco
> unt30
                                  count   ->   count1 count2 ... count30
-----------------------------------------------------------------------------

.                 merge 1:1 statenum quarterdate using `temptag', nogenerate as
> sert(3)

    Result                      Number of obs
    -----------------------------------------
    Not matched                             0
    Matched                             7,752  
    -----------------------------------------

. 
. 
. 
. 
. *****************************************************************************
> ***
. ******************       Replicating previous results     *******************
> ***
. *****************************************************************************
> ***
. 
. 
. ds count* teen*
count1        count14       count27       teencount9    teencount22
count2        count15       count28       teencount10   teencount23
count3        count16       count29       teencount11   teencount24
count4        count17       count30       teencount12   teencount25
count5        count18       countall      teencount13   teencount26
count6        count19       teencount1    teencount14   teencount27
count7        count20       teencount2    teencount15   teencount28
count8        count21       teencount3    teencount16   teencount29
count9        count22       teencount4    teencount17   teencount30
count10       count23       teencount5    teencount18   teenpop
count11       count24       teencount6    teencount19   teencountall
count12       count25       teencount7    teencount20
count13       count26       teencount8    teencount21

. collapse (mean) population `r(varlist)'  ,by(statenum year)

. merge 1:1 statenum year using `mwdata'

    Result                      Number of obs
    -----------------------------------------
    Not matched                            51
        from master                        51  (_merge==1)
        from using                          0  (_merge==2)

    Matched                             1,887  (_merge==3)
    -----------------------------------------

. 
. gen MW_increasers= 0

. foreach ll of local temploc{
  2. replace MW_increasers = 1 if statenum == `ll'
  3. }
(38 real changes made)
(38 real changes made)
(38 real changes made)
(38 real changes made)
(38 real changes made)
(38 real changes made)
(38 real changes made)
(38 real changes made)
(38 real changes made)
(38 real changes made)
(38 real changes made)

. 
. gen MW_increasers2= 0

. foreach ll of local temploc2{
  2. replace MW_increasers2 = 1 if statenum == `ll'
  3. }
(38 real changes made)
(38 real changes made)
(38 real changes made)
(38 real changes made)
(38 real changes made)
(38 real changes made)
(38 real changes made)
(38 real changes made)
(38 real changes made)
(38 real changes made)
(38 real changes made)
(38 real changes made)

. 
. rename population totalpopulation

.         forval j = 1/30 {
  2.         g lncount`j' = ln(count`j')
  3.         g percap`j' = count`j'/totalpopulation
  4. 
. }
(137 missing values generated)
(111 missing values generated)
(50 missing values generated)
(28 missing values generated)
(9 missing values generated)
(4 missing values generated)

. *
. 
. g epop    = countall/totalpopulation

. g teenepop = teencountall/teenpop

. xtset statenum year

Panel variable: statenum (strongly balanced)
 Time variable: year, 1979 to 2016
         Delta: 1 unit

. gen Depop = D.epop
(51 missing values generated)

. sum Depop

    Variable |        Obs        Mean    Std. dev.       Min        Max
-------------+---------------------------------------------------------
       Depop |      1,887    .0014463    .0235448  -.0995552   .7784336

. gen error_term = rnormal(r(mean), r(sd))

. gen base_epop = epop if year==1992
(1,887 missing values generated)

. bys statenum (year): egen sim_epop = max(base_epop) if year>=1992
(663 missing values generated)

. replace sim_epop = epop if year<1992
(663 real changes made)

. gen sim_epop4 = sim_epop

. replace sim_epop4 = L.sim_epop4 * 0 if year>=1993
(1,224 real changes made)

. gen sim_epop5 = epop - sim_epop4

. 
. 
. g cleansample = 1

. replace cleansample = 0 if year >=1994 & year <=1995
(102 real changes made)

. 
. egen avetotalpopulation = mean(totalpopulation) , by(statenum)

. egen aveteenpop = mean(teenpop) , by(statenum)

. 
. 
. 
. *****************************************************************************
> ***
. * ADDITIONAL CONTROLS
. *****************************************************************************
> ***
. * Industry/occ shares
. * incorporate base period routine occupation data
. merge m:1 statenum using "${data}state_rocc_scores.dta", assert(3) nogenerate

    Result                      Number of obs
    -----------------------------------------
    Not matched                             0
    Matched                             1,938  
    -----------------------------------------

. * incorporate base period industry shares
. merge m:1 statenum using "${data}state_majind_shares.dta", assert(3) nogenera
> te
(label stfips already defined)

    Result                      Number of obs
    -----------------------------------------
    Not matched                             0
    Matched                             1,938  
    -----------------------------------------

. 
. * PVI: this code is copied directly from cautionary_cont_bunch_motivation_ann
> ual_newestimates_pvi.do
. merge m:1 statenum using "${data}pvi_7616.dta",assert(3) nogenerate

    Result                      Number of obs
    -----------------------------------------
    Not matched                             0
    Matched                             1,938  
    -----------------------------------------

. gen _pvi_cont= .
(1,938 missing values generated)

. forval num = 1976(4)2016{
  2.         replace _pvi_cont = pvi`num' if year==`num'
  3. }
(0 real changes made)
(51 real changes made)
(51 real changes made)
(51 real changes made)
(51 real changes made)
(51 real changes made)
(51 real changes made)
(51 real changes made)
(51 real changes made)
(51 real changes made)
(51 real changes made)

. bys statenum: ipolate _pvi_cont year, gen(pvi_cont)
(51 missing values generated)

. 
. 
. xtset statenum year

Panel variable: statenum (strongly balanced)
 Time variable: year, 1979 to 2016
         Delta: 1 unit

. gen Dpvi_cont = D.pvi_cont
(102 missing values generated)

. 
. 
. 
. 
. *Note that we do not use most of these either, yet I keep this global in case
>  it is needed.
. gen byte one = 1

. 
. global a1  i.statenum i.year  // TWFE

. global a2  i.statenum##c.year i.year  // State trends

. global a321 i.statenum i.year i.year#(c.indmajor_* c.occmajor_*)

. global a611 i.statenum i.year i.one#c.pvi_cont

. 
. global fda1 i.year

. global fda2 i.statenum i.year

. global fda321 i.year i.year#(c.indmajor_* c.occmajor_*)

. global fda611 i.year i.one#c.Dpvi_cont

. 
. 
. *****************************************************************************
> ***
. **************       Define Treatments         ******************************
> ***
. *****************************************************************************
> ***
. *To keep all as flexible as possible, I am adding lincom too.
. 
. global treat            F2logmw F1logmw logmw L1logmw L2logmw L3logmw L4logmw

. global lincom0          logmw

. global lincom1          logmw + L1logmw

. global lincom2          logmw + L1logmw + L2logmw

. global lincom3          logmw + L1logmw + L2logmw + L3logmw

. global lincom4          logmw + L1logmw + L2logmw + L3logmw + L4logmw

. global lincomagg ((${lincom0} + ${lincom1} + ${lincom2} + ${lincom3} + ${linc
> om4}) * 1/5)

. global lincomm2         -F1logmw

. global lincomm3         -F1logmw-F2logmw

. global lincomm1         0

. 
. 
. 
. global treat_FD                         D.F2logmw D.F1logmw D.logmw D.L1logmw
>  D.L2logmw D.L3logmw D.L4logmw

. 
. global lincom0_FD D.logmw

. global lincom1_FD D.logmw + D.L1logmw

. global lincom2_FD D.logmw + D.L1logmw + D.L2logmw

. global lincom3_FD D.logmw + D.L1logmw + D.L2logmw + D.L3logmw

. global lincom4_FD D.logmw + D.L1logmw + D.L2logmw + D.L3logmw + D.L4logmw

. global lincomagg_FD ((${lincom0_FD} + ${lincom1_FD} + ${lincom2_FD} + ${linco
> m3_FD} + ${lincom4_FD}) * 1/5)

. 
. global lincomm2_FD      -D.F1logmw

. global lincomm3_FD      -D.F1logmw -D.F2logmw

. global lincomm1_FD      0

. 
. 
. 
. 
. 
. global label1 TWFE

. global grlabel1 TWFE

. global label2 ST

. global grlabel2 ST

. 
. 
. 
. *****************************************************************************
> ***
. ***************       The Regressions ***************************************
> ***
. *****************************************************************************
> ***
. 
. 
. 
. gen all=1

. xtset statenum year

Panel variable: statenum (strongly balanced)
 Time variable: year, 1979 to 2016
         Delta: 1 unit

. 
. gen teenaltweight = ((teenpop * L.teenpop)/(teenpop + L.teenpop))
(51 missing values generated)

. gen altweight = ((totalpopulation * L.totalpopulation)/(totalpopulation + L.t
> otalpopulation))
(51 missing values generated)

. 
. 
. tempfile temptemp

. save `temptemp', replace
(file /var/folders/bm/2cq1vtmd5wg6k0vdjfpvbmww0000gn/T//St48748.000007 not
    found)
file /var/folders/bm/2cq1vtmd5wg6k0vdjfpvbmww0000gn/T//St48748.000007 saved
    as .dta format

. 
. local regsample ""

. local graphname "o"

. global fdweight1 [aw=altweight]

. global weight1 [aw=avetotalpopulation]

. global weight0 [aw=all]

. global teenfdweight1 [aw=teenaltweight]

. global teenweight1 [aw=aveteenpop]

. local ylabel `"ylabel(-0.3 "-0.3" -0.2 "-0.2" -0.1 "-0.1" 0 "0" 0.1 "0.1" , l
> absize(medium))"'

. 
. local lags 4

. local leads 3

. 
. local b 1979

. foreach w in 1  {
  2.         foreach s in 1 2 321 611 {
  3.                 sum epop if  year>=`b' & cleansample==1  ${weight`w'}
  4.                 local denominator = r(mean)
  5.                 sum teenepop if  year>=`b' & cleansample==1  ${teenweight`
> w'}
  6.                 local teendenominator = r(mean)
  7.                 
.                 sum teenepop if  year>=`b' & cleansample==1  ${teenfdweight`w
> '}
  8.                 local FDteendenominator = r(mean)
  9.                 di "`FDteendenominator'"
 10.                 use `temptemp', clear
 11. 
.                 *TWFE
.                 qui reghdfe epop $treat  if  year>=`b' & cleansample==1 ${wei
> ght`w'} , absorb(${a`s'}) cluster(statenum)
 12.                 local dof = e(df_r)
 13.                 lincomestadd (${lincomagg})/`denominator', statname(ests)
 14.                 eststo actual_TWFE`s'
 15. 
.                 
.                 qui reghdfe teenepop $treat  if  year>=`b' & cleansample==1 $
> {teenweight`w'} , absorb(${a`s'}) cluster(statenum)
 16.                 local dof = e(df_r)
 17.                 lincomestadd (${lincomagg})/`teendenominator', statname(es
> ts)
 18.                 eststo teenactual_TWFE`s'
 19.                 
.                 
.                 *FD
.                 reghdfe D.epop ${treat_FD} if  year>=`b' & cleansample==1   $
> {fdweight`w'}, a(${fda`s'}) cluster(statenum)
 20.                 lincomestadd (${lincomagg_FD})/`denominator', statname(est
> s)
 21.                 
.                 local dof = e(df_r)
 22.                 estadd local period "1979-2016"
 23.                 tab     statenum if e(sample), nofreq
 24.                 local temp = r(r)
 25.                 estadd local states "`temp'"
 26.                 estadd local outcome "Actual epop"
 27.                 
.                 eststo actual_FD`s'
 28. 
.                 reghdfe D.teenepop ${treat_FD} if  year>=`b' & cleansample==1
>    ${teenfdweight`w'}, a(${fda`s'}) cluster(statenum)
 29.                 lincomestadd (${lincomagg_FD})/`FDteendenominator', statna
> me(ests)
 30.                 local dof = e(df_r)
 31.                 estadd local period "1979-2016"
 32.                 tab     statenum if e(sample), nofreq
 33.                 local temp = r(r)
 34.                 estadd local states "`temp'"
 35.                 estadd local outcome "Actual epop"
 36.                 
.                 eststo teenactual_FD`s'
 37. 
.                 *post-1992
.                 *TWFE
.                 reghdfe epop $treat  if  year>=1993 & cleansample==1  ${weigh
> t`w'} , absorb(${a`s'}) cluster(statenum)
 38.                 local dof = e(df_r)
 39.                 lincomestadd (${lincomagg})/`denominator', statname(ests)
 40.                 eststo post1992_TWFE`s'
 41. 
.                 reghdfe teenepop $treat  if  year>=1993 & cleansample==1  ${t
> eenweight`w'} , absorb(${a`s'}) cluster(statenum)
 42.                 local dof = e(df_r)
 43.                 lincomestadd (${lincomagg})/`teendenominator', statname(es
> ts)
 44.                 eststo teenpost1992_TWFE`s'
 45.                 
.                 
.                 *FD
.                 reghdfe D.epop ${treat_FD} if  year>=1993 & cleansample==1  $
> {fdweight`w'}, a(${fda`s'}) cluster(statenum)
 46.                 lincomestadd (${lincomagg_FD})/`denominator', statname(est
> s)
 47.                 local dof = e(df_r)
 48.                 estadd local period "1993-2016"
 49.                 tab     statenum if e(sample), nofreq
 50.                 local temp = r(r)
 51.                 estadd local states "`temp'"
 52.                 estadd local outcome "Actual epop"
 53.                 
.                 eststo post1992_FD`s'
 54. 
.                 reghdfe D.teenepop ${treat_FD} if  year>=1993 & cleansample==
> 1  ${teenfdweight`w'}, a(${fda`s'}) cluster(statenum)
 55.                 lincomestadd (${lincomagg_FD})/`teendenominator', statname
> (ests)
 56.                 local dof = e(df_r)
 57.                 estadd local period "1993-2016"
 58.                 tab     statenum if e(sample), nofreq
 59.                 local temp = r(r)
 60.                 estadd local states "`temp'"
 61.                 estadd local outcome "Actual epop"
 62.                 
.                 eststo teenpost1992_FD`s'
 63.                 
.                 
.                 }
 64. }

    Variable |     Obs      Weight        Mean   Std. dev.       Min        Max
-------------+-----------------------------------------------------------------
        epop |   1,836  7.4707e+09    .5627277    .059521   .3797893   1.540421

    Variable |     Obs      Weight        Mean   Std. dev.       Min        Max
-------------+-----------------------------------------------------------------
    teenepop |   1,836   565105922    .4248079   .1067791   .1568405   .9726293

    Variable |     Obs      Weight        Mean   Std. dev.       Min        Max
-------------+-----------------------------------------------------------------
    teenepop |   1,785   275439286    .4178277   .1080113   .1568405   .9726293
.4178277211921075

 ( 1)  1.777059*logmw + 1.421647*L1logmw + 1.066235*L2logmw + .7108234*L3logmw
       + .3554117*L4logmw = 0

------------------------------------------------------------------------------
        epop | Coefficient  Std. err.      t    P>|t|     [95% conf. interval]
-------------+----------------------------------------------------------------
         (1) |  -.0893859   .0253407    -3.53   0.001    -.1402841   -.0384876
------------------------------------------------------------------------------

added macro:
              e(estsb) : "-0.089***"

added macro:
             e(estsse) : "(0.025)"

 ( 1)  2.354005*logmw + 1.883204*L1logmw + 1.412403*L2logmw + .941602*L3logmw +
       .470801*L4logmw = 0

------------------------------------------------------------------------------
    teenepop | Coefficient  Std. err.      t    P>|t|     [95% conf. interval]
-------------+----------------------------------------------------------------
         (1) |  -.2378416   .0884955    -2.69   0.010      -.41559   -.0600932
------------------------------------------------------------------------------

added macro:
              e(estsb) : "-0.238***"

added macro:
             e(estsse) : "(0.088)"
(MWFE estimator converged in 1 iterations)

HDFE Linear regression                            Number of obs   =      1,479
Absorbing 1 HDFE group                            F(   7,     50) =       1.15
Statistics robust to heteroskedasticity           Prob > F        =     0.3469
                                                  R-squared       =     0.6113
                                                  Adj R-squared   =     0.6019
                                                  Within R-sq.    =     0.0200
Number of clusters (statenum) =         51        Root MSE        =     0.0081

                              (Std. err. adjusted for 51 clusters in statenum)
------------------------------------------------------------------------------
             |               Robust
      D.epop | Coefficient  std. err.      t    P>|t|     [95% conf. interval]
-------------+----------------------------------------------------------------
     F2logmw |
         D1. |   .0165084   .0097117     1.70   0.095    -.0029982    .0360149
             |
     F1logmw |
         D1. |   .0111306    .009571     1.16   0.250    -.0080933    .0303545
             |
       logmw |
         D1. |   .0214095   .0155743     1.37   0.175    -.0098724    .0526913
             |
     L1logmw |
         D1. |  -.0015093    .005608    -0.27   0.789    -.0127734    .0097548
             |
     L2logmw |
         D1. |   -.007428   .0056715    -1.31   0.196    -.0188195    .0039636
             |
     L3logmw |
         D1. |   .0017113   .0077506     0.22   0.826    -.0138563    .0172789
             |
     L4logmw |
         D1. |  -.0072259   .0074067    -0.98   0.334    -.0221026    .0076508
             |
       _cons |  -.0006667   .0011148    -0.60   0.553    -.0029059    .0015725
------------------------------------------------------------------------------

Absorbed degrees of freedom:
-----------------------------------------------------+
 Absorbed FE | Categories  - Redundant  = Num. Coefs |
-------------+---------------------------------------|
        year |        29           0          29     |
-----------------------------------------------------+

 ( 1)  1.777059*D.logmw + 1.421647*D.L1logmw + 1.066235*D.L2logmw +
       .7108234*D.L3logmw + .3554117*D.L4logmw = 0

------------------------------------------------------------------------------
      D.epop | Coefficient  Std. err.      t    P>|t|     [95% conf. interval]
-------------+----------------------------------------------------------------
         (1) |   .0266285   .0308483     0.86   0.392    -.0353322    .0885891
------------------------------------------------------------------------------

added macro:
              e(estsb) : "0.027"

added macro:
             e(estsse) : "(0.031)"

added macro:
             e(period) : "1979-2016"

added macro:
             e(states) : "51"

added macro:
            e(outcome) : "Actual epop"
(MWFE estimator converged in 1 iterations)

HDFE Linear regression                            Number of obs   =      1,479
Absorbing 1 HDFE group                            F(   7,     50) =       1.61
Statistics robust to heteroskedasticity           Prob > F        =     0.1540
                                                  R-squared       =     0.2287
                                                  Adj R-squared   =     0.2100
                                                  Within R-sq.    =     0.0091
Number of clusters (statenum) =         51        Root MSE        =     0.0424

                              (Std. err. adjusted for 51 clusters in statenum)
------------------------------------------------------------------------------
             |               Robust
  D.teenepop | Coefficient  std. err.      t    P>|t|     [95% conf. interval]
-------------+----------------------------------------------------------------
     F2logmw |
         D1. |  -.0446169   .0389803    -1.14   0.258    -.1229111    .0336774
             |
     F1logmw |
         D1. |   .0847828   .0478201     1.77   0.082    -.0112667    .1808322
             |
       logmw |
         D1. |   .0253836   .0539304     0.47   0.640    -.0829388     .133706
             |
     L1logmw |
         D1. |  -.0228482    .048185    -0.47   0.637    -.1196306    .0739342
             |
     L2logmw |
         D1. |   .0016243   .0516886     0.03   0.975    -.1021954    .1054439
             |
     L3logmw |
         D1. |   .0629794   .0495332     1.27   0.209    -.0365109    .1624697
             |
     L4logmw |
         D1. |   .0302173   .0449547     0.67   0.505    -.0600769    .1205114
             |
       _cons |  -.0088398   .0025972    -3.40   0.001    -.0140564   -.0036232
------------------------------------------------------------------------------

Absorbed degrees of freedom:
-----------------------------------------------------+
 Absorbed FE | Categories  - Redundant  = Num. Coefs |
-------------+---------------------------------------|
        year |        29           0          29     |
-----------------------------------------------------+

 ( 1)  2.393331*D.logmw + 1.914665*D.L1logmw + 1.435999*D.L2logmw +
       .9573324*D.L3logmw + .4786662*D.L4logmw = 0

------------------------------------------------------------------------------
  D.teenepop | Coefficient  Std. err.      t    P>|t|     [95% conf. interval]
-------------+----------------------------------------------------------------
         (1) |   .0940933    .121589     0.77   0.443    -.1501255     .338312
------------------------------------------------------------------------------

added macro:
              e(estsb) : "0.094"

added macro:
             e(estsse) : "(0.122)"

added macro:
             e(period) : "1979-2016"

added macro:
             e(states) : "51"

added macro:
            e(outcome) : "Actual epop"
(MWFE estimator converged in 2 iterations)

HDFE Linear regression                            Number of obs   =      1,020
Absorbing 2 HDFE groups                           F(   7,     50) =       1.05
Statistics robust to heteroskedasticity           Prob > F        =     0.4113
                                                  R-squared       =     0.9414
                                                  Adj R-squared   =     0.9367
                                                  Within R-sq.    =     0.0028
Number of clusters (statenum) =         51        Root MSE        =     0.0148

                              (Std. err. adjusted for 51 clusters in statenum)
------------------------------------------------------------------------------
             |               Robust
        epop | Coefficient  std. err.      t    P>|t|     [95% conf. interval]
-------------+----------------------------------------------------------------
     F2logmw |    .006972   .0205752     0.34   0.736    -.0343546    .0482986
     F1logmw |   .0072614   .0109446     0.66   0.510    -.0147215    .0292442
       logmw |   .0013217   .0098641     0.13   0.894    -.0184909    .0211344
     L1logmw |  -.0133491   .0069104    -1.93   0.059     -.027229    .0005308
     L2logmw |   -.001306   .0112535    -0.12   0.908    -.0239092    .0212972
     L3logmw |   .0059493   .0100108     0.59   0.555    -.0141579    .0260565
     L4logmw |   .0049849   .0189104     0.26   0.793    -.0329977    .0429675
       _cons |   .5546366     .08314     6.67   0.000     .3876449    .7216282
------------------------------------------------------------------------------

Absorbed degrees of freedom:
-----------------------------------------------------+
 Absorbed FE | Categories  - Redundant  = Num. Coefs |
-------------+---------------------------------------|
    statenum |        51          51           0    *|
        year |        20           1          19     |
-----------------------------------------------------+
* = FE nested within cluster; treated as redundant for DoF computation

 ( 1)  1.777059*logmw + 1.421647*L1logmw + 1.066235*L2logmw + .7108234*L3logmw
       + .3554117*L4logmw = 0

------------------------------------------------------------------------------
        epop | Coefficient  Std. err.      t    P>|t|     [95% conf. interval]
-------------+----------------------------------------------------------------
         (1) |  -.0120208    .027002    -0.45   0.658     -.066256    .0422143
------------------------------------------------------------------------------

added macro:
              e(estsb) : "-0.012"

added macro:
             e(estsse) : "(0.027)"
(MWFE estimator converged in 2 iterations)

HDFE Linear regression                            Number of obs   =      1,020
Absorbing 2 HDFE groups                           F(   7,     50) =       1.58
Statistics robust to heteroskedasticity           Prob > F        =     0.1630
                                                  R-squared       =     0.8874
                                                  Adj R-squared   =     0.8783
                                                  Within R-sq.    =     0.0156
Number of clusters (statenum) =         51        Root MSE        =     0.0400

                              (Std. err. adjusted for 51 clusters in statenum)
------------------------------------------------------------------------------
             |               Robust
    teenepop | Coefficient  std. err.      t    P>|t|     [95% conf. interval]
-------------+----------------------------------------------------------------
     F2logmw |  -.0733806   .0575805    -1.27   0.208    -.1890345    .0422733
     F1logmw |   .0548864   .0482167     1.14   0.260    -.0419597    .1517325
       logmw |  -.0193773   .0614508    -0.32   0.754     -.142805    .1040504
     L1logmw |   -.023548   .0588551    -0.40   0.691     -.141762     .094666
     L2logmw |  -.0161714    .059524    -0.27   0.787    -.1357289    .1033861
     L3logmw |   .0994917   .0646784     1.54   0.130    -.0304187    .2294021
     L4logmw |  -.0096425   .0457006    -0.21   0.834    -.1014348    .0821498
       _cons |   .3910215   .1978704     1.98   0.054    -.0064129    .7884559
------------------------------------------------------------------------------

Absorbed degrees of freedom:
-----------------------------------------------------+
 Absorbed FE | Categories  - Redundant  = Num. Coefs |
-------------+---------------------------------------|
    statenum |        51          51           0    *|
        year |        20           1          19     |
-----------------------------------------------------+
* = FE nested within cluster; treated as redundant for DoF computation

 ( 1)  2.354005*logmw + 1.883204*L1logmw + 1.412403*L2logmw + .941602*L3logmw +
       .470801*L4logmw = 0

------------------------------------------------------------------------------
    teenepop | Coefficient  Std. err.      t    P>|t|     [95% conf. interval]
-------------+----------------------------------------------------------------
         (1) |  -.0236586   .1529139    -0.15   0.878    -.3307951    .2834779
------------------------------------------------------------------------------

added macro:
              e(estsb) : "-0.024"

added macro:
             e(estsse) : "(0.153)"
(MWFE estimator converged in 1 iterations)

HDFE Linear regression                            Number of obs   =      1,020
Absorbing 1 HDFE group                            F(   7,     50) =       0.77
Statistics robust to heteroskedasticity           Prob > F        =     0.6171
                                                  R-squared       =     0.6624
                                                  Adj R-squared   =     0.6536
                                                  Within R-sq.    =     0.0175
Number of clusters (statenum) =         51        Root MSE        =     0.0070

                              (Std. err. adjusted for 51 clusters in statenum)
------------------------------------------------------------------------------
             |               Robust
      D.epop | Coefficient  std. err.      t    P>|t|     [95% conf. interval]
-------------+----------------------------------------------------------------
     F2logmw |
         D1. |   .0201037   .0136208     1.48   0.146    -.0072545    .0474619
             |
     F1logmw |
         D1. |   .0057489   .0086734     0.66   0.510    -.0116722      .02317
             |
       logmw |
         D1. |   .0095375   .0086867     1.10   0.277    -.0079103    .0269853
             |
     L1logmw |
         D1. |  -.0080046   .0048251    -1.66   0.103    -.0176961    .0016869
             |
     L2logmw |
         D1. |   .0038309   .0105223     0.36   0.717    -.0173037    .0249656
             |
     L3logmw |
         D1. |    .009844   .0120739     0.82   0.419    -.0144071     .034095
             |
     L4logmw |
         D1. |    .001804   .0046088     0.39   0.697     -.007453    .0110611
             |
       _cons |   -.002558   .0013911    -1.84   0.072    -.0053521     .000236
------------------------------------------------------------------------------

Absorbed degrees of freedom:
-----------------------------------------------------+
 Absorbed FE | Categories  - Redundant  = Num. Coefs |
-------------+---------------------------------------|
        year |        20           0          20     |
-----------------------------------------------------+

 ( 1)  1.777059*D.logmw + 1.421647*D.L1logmw + 1.066235*D.L2logmw +
       .7108234*D.L3logmw + .3554117*D.L4logmw = 0

------------------------------------------------------------------------------
      D.epop | Coefficient  Std. err.      t    P>|t|     [95% conf. interval]
-------------+----------------------------------------------------------------
         (1) |   .0172922   .0296713     0.58   0.563    -.0423044    .0768888
------------------------------------------------------------------------------

added macro:
              e(estsb) : "0.017"

added macro:
             e(estsse) : "(0.030)"

added macro:
             e(period) : "1993-2016"

added macro:
             e(states) : "51"

added macro:
            e(outcome) : "Actual epop"
(MWFE estimator converged in 1 iterations)

HDFE Linear regression                            Number of obs   =      1,020
Absorbing 1 HDFE group                            F(   7,     50) =       1.47
Statistics robust to heteroskedasticity           Prob > F        =     0.2010
                                                  R-squared       =     0.2142
                                                  Adj R-squared   =     0.1936
                                                  Within R-sq.    =     0.0101
Number of clusters (statenum) =         51        Root MSE        =     0.0443

                              (Std. err. adjusted for 51 clusters in statenum)
------------------------------------------------------------------------------
             |               Robust
  D.teenepop | Coefficient  std. err.      t    P>|t|     [95% conf. interval]
-------------+----------------------------------------------------------------
     F2logmw |
         D1. |  -.0586484    .037807    -1.55   0.127     -.134586    .0172892
             |
     F1logmw |
         D1. |   .0535929   .0489375     1.10   0.279     -.044701    .1518869
             |
       logmw |
         D1. |   .0029761   .0552301     0.05   0.957    -.1079568    .1139089
             |
     L1logmw |
         D1. |  -.0272607   .0556663    -0.49   0.626    -.1390698    .0845484
             |
     L2logmw |
         D1. |   .0058517   .0544315     0.11   0.915     -.103477    .1151805
             |
     L3logmw |
         D1. |   .0792081   .0551458     1.44   0.157    -.0315556    .1899718
             |
     L4logmw |
         D1. |   .0431651   .0425039     1.02   0.315    -.0422065    .1285368
             |
       _cons |  -.0109035   .0028184    -3.87   0.000    -.0165645   -.0052425
------------------------------------------------------------------------------

Absorbed degrees of freedom:
-----------------------------------------------------+
 Absorbed FE | Categories  - Redundant  = Num. Coefs |
-------------+---------------------------------------|
        year |        20           0          20     |
-----------------------------------------------------+

 ( 1)  2.354005*D.logmw + 1.883204*D.L1logmw + 1.412403*D.L2logmw +
       .941602*D.L3logmw + .470801*D.L4logmw = 0

------------------------------------------------------------------------------
  D.teenepop | Coefficient  Std. err.      t    P>|t|     [95% conf. interval]
-------------+----------------------------------------------------------------
         (1) |    .058838   .1367923     0.43   0.669    -.2159175    .3335934
------------------------------------------------------------------------------

added macro:
              e(estsb) : "0.059"

added macro:
             e(estsse) : "(0.137)"

added macro:
             e(period) : "1993-2016"

added macro:
             e(states) : "51"

added macro:
            e(outcome) : "Actual epop"

    Variable |     Obs      Weight        Mean   Std. dev.       Min        Max
-------------+-----------------------------------------------------------------
        epop |   1,836  7.4707e+09    .5627277    .059521   .3797893   1.540421

    Variable |     Obs      Weight        Mean   Std. dev.       Min        Max
-------------+-----------------------------------------------------------------
    teenepop |   1,836   565105922    .4248079   .1067791   .1568405   .9726293

    Variable |     Obs      Weight        Mean   Std. dev.       Min        Max
-------------+-----------------------------------------------------------------
    teenepop |   1,785   275439286    .4178277   .1080113   .1568405   .9726293
.4178277211921075

 ( 1)  1.777059*logmw + 1.421647*L1logmw + 1.066235*L2logmw + .7108234*L3logmw
       + .3554117*L4logmw = 0

------------------------------------------------------------------------------
        epop | Coefficient  Std. err.      t    P>|t|     [95% conf. interval]
-------------+----------------------------------------------------------------
         (1) |   .0104372   .0359047     0.29   0.772    -.0616794    .0825538
------------------------------------------------------------------------------

added macro:
              e(estsb) : "0.010"

added macro:
             e(estsse) : "(0.036)"

 ( 1)  2.354005*logmw + 1.883204*L1logmw + 1.412403*L2logmw + .941602*L3logmw +
       .470801*L4logmw = 0

------------------------------------------------------------------------------
    teenepop | Coefficient  Std. err.      t    P>|t|     [95% conf. interval]
-------------+----------------------------------------------------------------
         (1) |   .0652227   .1275821     0.51   0.611    -.1910335     .321479
------------------------------------------------------------------------------

added macro:
              e(estsb) : "0.065"

added macro:
             e(estsse) : "(0.128)"
(MWFE estimator converged in 4 iterations)

HDFE Linear regression                            Number of obs   =      1,479
Absorbing 2 HDFE groups                           F(   7,     50) =       1.17
Statistics robust to heteroskedasticity           Prob > F        =     0.3350
                                                  R-squared       =     0.6240
                                                  Adj R-squared   =     0.6011
                                                  Within R-sq.    =     0.0227
Number of clusters (statenum) =         51        Root MSE        =     0.0081

                              (Std. err. adjusted for 51 clusters in statenum)
------------------------------------------------------------------------------
             |               Robust
      D.epop | Coefficient  std. err.      t    P>|t|     [95% conf. interval]
-------------+----------------------------------------------------------------
     F2logmw |
         D1. |   .0190602   .0107934     1.77   0.084    -.0026189    .0407394
             |
     F1logmw |
         D1. |   .0123805   .0100826     1.23   0.225     -.007871    .0326321
             |
       logmw |
         D1. |   .0235638   .0163189     1.44   0.155    -.0092138    .0563413
             |
     L1logmw |
         D1. |   .0001003   .0057686     0.02   0.986    -.0114863    .0116869
             |
     L2logmw |
         D1. |  -.0057011   .0059323    -0.96   0.341    -.0176165    .0062144
             |
     L3logmw |
         D1. |   .0033853   .0084053     0.40   0.689    -.0134972    .0202679
             |
     L4logmw |
         D1. |  -.0045047   .0060358    -0.75   0.459    -.0166281    .0076186
             |
       _cons |  -.0010446   .0011092    -0.94   0.351    -.0032725    .0011833
------------------------------------------------------------------------------

Absorbed degrees of freedom:
-----------------------------------------------------+
 Absorbed FE | Categories  - Redundant  = Num. Coefs |
-------------+---------------------------------------|
    statenum |        51          51           0    *|
        year |        29           1          28     |
-----------------------------------------------------+
* = FE nested within cluster; treated as redundant for DoF computation

 ( 1)  1.777059*D.logmw + 1.421647*D.L1logmw + 1.066235*D.L2logmw +
       .7108234*D.L3logmw + .3554117*D.L4logmw = 0

------------------------------------------------------------------------------
      D.epop | Coefficient  Std. err.      t    P>|t|     [95% conf. interval]
-------------+----------------------------------------------------------------
         (1) |   .0367435   .0352062     1.04   0.302    -.0339703    .1074572
------------------------------------------------------------------------------

added macro:
              e(estsb) : "0.037"

added macro:
             e(estsse) : "(0.035)"

added macro:
             e(period) : "1979-2016"

added macro:
             e(states) : "51"

added macro:
            e(outcome) : "Actual epop"
(MWFE estimator converged in 4 iterations)

HDFE Linear regression                            Number of obs   =      1,479
Absorbing 2 HDFE groups                           F(   7,     50) =       1.80
Statistics robust to heteroskedasticity           Prob > F        =     0.1080
                                                  R-squared       =     0.2331
                                                  Adj R-squared   =     0.1863
                                                  Within R-sq.    =     0.0101
Number of clusters (statenum) =         51        Root MSE        =     0.0430

                              (Std. err. adjusted for 51 clusters in statenum)
------------------------------------------------------------------------------
             |               Robust
  D.teenepop | Coefficient  std. err.      t    P>|t|     [95% conf. interval]
-------------+----------------------------------------------------------------
     F2logmw |
         D1. |  -.0354424   .0391436    -0.91   0.370    -.1140646    .0431797
             |
     F1logmw |
         D1. |   .0899386   .0480216     1.87   0.067    -.0065156    .1863928
             |
       logmw |
         D1. |   .0322402   .0543639     0.59   0.556    -.0769528    .1414332
             |
     L1logmw |
         D1. |  -.0169734   .0489421    -0.35   0.730    -.1152766    .0813298
             |
     L2logmw |
         D1. |   .0086752   .0509503     0.17   0.865    -.0936614    .1110118
             |
     L3logmw |
         D1. |   .0692448   .0504287     1.37   0.176    -.0320442    .1705338
             |
     L4logmw |
         D1. |    .040871   .0443032     0.92   0.361    -.0481146    .1298567
             |
       _cons |  -.0102353   .0026476    -3.87   0.000    -.0155531   -.0049175
------------------------------------------------------------------------------

Absorbed degrees of freedom:
-----------------------------------------------------+
 Absorbed FE | Categories  - Redundant  = Num. Coefs |
-------------+---------------------------------------|
    statenum |        51          51           0    *|
        year |        29           1          28     |
-----------------------------------------------------+
* = FE nested within cluster; treated as redundant for DoF computation

 ( 1)  2.393331*D.logmw + 1.914665*D.L1logmw + 1.435999*D.L2logmw +
       .9573324*D.L3logmw + .4786662*D.L4logmw = 0

------------------------------------------------------------------------------
  D.teenepop | Coefficient  Std. err.      t    P>|t|     [95% conf. interval]
-------------+----------------------------------------------------------------
         (1) |   .1429746   .1293881     1.11   0.274     -.116909    .4028582
------------------------------------------------------------------------------

added macro:
              e(estsb) : "0.143"

added macro:
             e(estsse) : "(0.129)"

added macro:
             e(period) : "1979-2016"

added macro:
             e(states) : "51"

added macro:
            e(outcome) : "Actual epop"
(MWFE estimator converged in 2 iterations)

HDFE Linear regression                            Number of obs   =      1,020
Absorbing 2 HDFE groups                           F(   7,     50) =       1.39
Statistics robust to heteroskedasticity           Prob > F        =     0.2297
                                                  R-squared       =     0.9793
                                                  Adj R-squared   =     0.9763
                                                  Within R-sq.    =     0.0226
Number of clusters (statenum) =         51        Root MSE        =     0.0090

                              (Std. err. adjusted for 51 clusters in statenum)
------------------------------------------------------------------------------
             |               Robust
        epop | Coefficient  std. err.      t    P>|t|     [95% conf. interval]
-------------+----------------------------------------------------------------
     F2logmw |   .0170803   .0180393     0.95   0.348    -.0191527    .0533133
     F1logmw |   .0078553   .0093308     0.84   0.404    -.0108861    .0265967
       logmw |   .0100012   .0108642     0.92   0.362    -.0118203    .0318227
     L1logmw |  -.0066265   .0082951    -0.80   0.428    -.0232876    .0100347
     L2logmw |  -.0003609   .0115286    -0.03   0.975    -.0235168     .022795
     L3logmw |   .0023016   .0100868     0.23   0.820    -.0179583    .0225615
     L4logmw |   .0178774   .0088195     2.03   0.048      .000163    .0355918
       _cons |   .4908021   .0740717     6.63   0.000     .3420248    .6395795
------------------------------------------------------------------------------

Absorbed degrees of freedom:
---------------------------------------------------------+
     Absorbed FE | Categories  - Redundant  = Num. Coefs |
-----------------+---------------------------------------|
        statenum |        51          51           0    *|
 statenum#c.year |        51           0          51    ?|
            year |        20           1          19     |
---------------------------------------------------------+
? = number of redundant parameters may be higher
* = FE nested within cluster; treated as redundant for DoF computation

 ( 1)  1.777059*logmw + 1.421647*L1logmw + 1.066235*L2logmw + .7108234*L3logmw
       + .3554117*L4logmw = 0

------------------------------------------------------------------------------
        epop | Coefficient  Std. err.      t    P>|t|     [95% conf. interval]
-------------+----------------------------------------------------------------
         (1) |   .0159573   .0258347     0.62   0.540    -.0359332    .0678477
------------------------------------------------------------------------------

added macro:
              e(estsb) : "0.016"

added macro:
             e(estsse) : "(0.026)"
(MWFE estimator converged in 2 iterations)

HDFE Linear regression                            Number of obs   =      1,020
Absorbing 2 HDFE groups                           F(   7,     50) =       1.46
Statistics robust to heteroskedasticity           Prob > F        =     0.2044
                                                  R-squared       =     0.9140
                                                  Adj R-squared   =     0.9018
                                                  Within R-sq.    =     0.0372
Number of clusters (statenum) =         51        Root MSE        =     0.0359

                              (Std. err. adjusted for 51 clusters in statenum)
------------------------------------------------------------------------------
             |               Robust
    teenepop | Coefficient  std. err.      t    P>|t|     [95% conf. interval]
-------------+----------------------------------------------------------------
     F2logmw |  -.0103401   .0498698    -0.21   0.837    -.1105065    .0898263
     F1logmw |   .0436219   .0492987     0.88   0.380    -.0553975    .1426413
       logmw |   .0091676   .0593475     0.15   0.878    -.1100353    .1283705
     L1logmw |  -.0064532   .0559504    -0.12   0.909    -.1188328    .1059264
     L2logmw |   .0024225   .0589893     0.04   0.967     -.116061    .1209059
     L3logmw |   .0837809   .0590016     1.42   0.162    -.0347274    .2022891
     L4logmw |   .0688245   .0373512     1.84   0.071    -.0061976    .1438467
       _cons |   .0788896   .1529255     0.52   0.608    -.2282703    .3860495
------------------------------------------------------------------------------

Absorbed degrees of freedom:
---------------------------------------------------------+
     Absorbed FE | Categories  - Redundant  = Num. Coefs |
-----------------+---------------------------------------|
        statenum |        51          51           0    *|
 statenum#c.year |        51           0          51    ?|
            year |        20           1          19     |
---------------------------------------------------------+
? = number of redundant parameters may be higher
* = FE nested within cluster; treated as redundant for DoF computation

 ( 1)  2.354005*logmw + 1.883204*L1logmw + 1.412403*L2logmw + .941602*L3logmw +
       .470801*L4logmw = 0

------------------------------------------------------------------------------
    teenepop | Coefficient  Std. err.      t    P>|t|     [95% conf. interval]
-------------+----------------------------------------------------------------
         (1) |   .1241404   .1281446     0.97   0.337    -.1332456    .3815264
------------------------------------------------------------------------------

added macro:
              e(estsb) : "0.124"

added macro:
             e(estsse) : "(0.128)"
(MWFE estimator converged in 4 iterations)

HDFE Linear regression                            Number of obs   =      1,020
Absorbing 2 HDFE groups                           F(   7,     50) =       0.60
Statistics robust to heteroskedasticity           Prob > F        =     0.7531
                                                  R-squared       =     0.6784
                                                  Adj R-squared   =     0.6525
                                                  Within R-sq.    =     0.0187
Number of clusters (statenum) =         51        Root MSE        =     0.0070

                              (Std. err. adjusted for 51 clusters in statenum)
------------------------------------------------------------------------------
             |               Robust
      D.epop | Coefficient  std. err.      t    P>|t|     [95% conf. interval]
-------------+----------------------------------------------------------------
     F2logmw |
         D1. |   .0204997   .0145915     1.40   0.166    -.0088081    .0498075
             |
     F1logmw |
         D1. |    .006304    .008948     0.70   0.484    -.0116686    .0242765
             |
       logmw |
         D1. |     .01047   .0091563     1.14   0.258     -.007921     .028861
             |
     L1logmw |
         D1. |  -.0071565   .0048454    -1.48   0.146    -.0168888    .0025758
             |
     L2logmw |
         D1. |   .0047179   .0106215     0.44   0.659    -.0166161    .0260518
             |
     L3logmw |
         D1. |   .0106447   .0120291     0.88   0.380    -.0135164    .0348057
             |
     L4logmw |
         D1. |   .0024077   .0046474     0.52   0.607     -.006927    .0117423
             |
       _cons |  -.0027099   .0014195    -1.91   0.062     -.005561    .0001412
------------------------------------------------------------------------------

Absorbed degrees of freedom:
-----------------------------------------------------+
 Absorbed FE | Categories  - Redundant  = Num. Coefs |
-------------+---------------------------------------|
    statenum |        51          51           0    *|
        year |        20           1          19     |
-----------------------------------------------------+
* = FE nested within cluster; treated as redundant for DoF computation

 ( 1)  1.777059*D.logmw + 1.421647*D.L1logmw + 1.066235*D.L2logmw +
       .7108234*D.L3logmw + .3554117*D.L4logmw = 0

------------------------------------------------------------------------------
      D.epop | Coefficient  Std. err.      t    P>|t|     [95% conf. interval]
-------------+----------------------------------------------------------------
         (1) |   .0218844   .0309405     0.71   0.483    -.0402614    .0840302
------------------------------------------------------------------------------

added macro:
              e(estsb) : "0.022"

added macro:
             e(estsse) : "(0.031)"

added macro:
             e(period) : "1993-2016"

added macro:
             e(states) : "51"

added macro:
            e(outcome) : "Actual epop"
(MWFE estimator converged in 4 iterations)

HDFE Linear regression                            Number of obs   =      1,020
Absorbing 2 HDFE groups                           F(   7,     50) =       1.59
Statistics robust to heteroskedasticity           Prob > F        =     0.1611
                                                  R-squared       =     0.2175
                                                  Adj R-squared   =     0.1545
                                                  Within R-sq.    =     0.0105
Number of clusters (statenum) =         51        Root MSE        =     0.0454

                              (Std. err. adjusted for 51 clusters in statenum)
------------------------------------------------------------------------------
             |               Robust
  D.teenepop | Coefficient  std. err.      t    P>|t|     [95% conf. interval]
-------------+----------------------------------------------------------------
     F2logmw |
         D1. |  -.0545293   .0386443    -1.41   0.164    -.1321486    .0230901
             |
     F1logmw |
         D1. |   .0569888   .0487628     1.17   0.248    -.0409542    .1549318
             |
       logmw |
         D1. |   .0064552   .0555272     0.12   0.908    -.1050744    .1179848
             |
     L1logmw |
         D1. |  -.0243546   .0559664    -0.44   0.665    -.1367665    .0880572
             |
     L2logmw |
         D1. |   .0089558   .0544077     0.16   0.870    -.1003252    .1182368
             |
     L3logmw |
         D1. |   .0815725   .0551185     1.48   0.145    -.0291362    .1922812
             |
     L4logmw |
         D1. |   .0482087   .0422916     1.14   0.260    -.0367364    .1331539
             |
       _cons |  -.0116273   .0028473    -4.08   0.000    -.0173463   -.0059084
------------------------------------------------------------------------------

Absorbed degrees of freedom:
-----------------------------------------------------+
 Absorbed FE | Categories  - Redundant  = Num. Coefs |
-------------+---------------------------------------|
    statenum |        51          51           0    *|
        year |        20           1          19     |
-----------------------------------------------------+
* = FE nested within cluster; treated as redundant for DoF computation

 ( 1)  2.354005*D.logmw + 1.883204*D.L1logmw + 1.412403*D.L2logmw +
       .941602*D.L3logmw + .470801*D.L4logmw = 0

------------------------------------------------------------------------------
  D.teenepop | Coefficient  Std. err.      t    P>|t|     [95% conf. interval]
-------------+----------------------------------------------------------------
         (1) |   .0814856   .1391112     0.59   0.561    -.1979274    .3608986
------------------------------------------------------------------------------

added macro:
              e(estsb) : "0.081"

added macro:
             e(estsse) : "(0.139)"

added macro:
             e(period) : "1993-2016"

added macro:
             e(states) : "51"

added macro:
            e(outcome) : "Actual epop"

    Variable |     Obs      Weight        Mean   Std. dev.       Min        Max
-------------+-----------------------------------------------------------------
        epop |   1,836  7.4707e+09    .5627277    .059521   .3797893   1.540421

    Variable |     Obs      Weight        Mean   Std. dev.       Min        Max
-------------+-----------------------------------------------------------------
    teenepop |   1,836   565105922    .4248079   .1067791   .1568405   .9726293

    Variable |     Obs      Weight        Mean   Std. dev.       Min        Max
-------------+-----------------------------------------------------------------
    teenepop |   1,785   275439286    .4178277   .1080113   .1568405   .9726293
.4178277211921075

 ( 1)  1.777059*logmw + 1.421647*L1logmw + 1.066235*L2logmw + .7108234*L3logmw
       + .3554117*L4logmw = 0

------------------------------------------------------------------------------
        epop | Coefficient  Std. err.      t    P>|t|     [95% conf. interval]
-------------+----------------------------------------------------------------
         (1) |  -.0252178   .0288656    -0.87   0.386    -.0831961    .0327605
------------------------------------------------------------------------------

added macro:
              e(estsb) : "-0.025"

added macro:
             e(estsse) : "(0.029)"

 ( 1)  2.354005*logmw + 1.883204*L1logmw + 1.412403*L2logmw + .941602*L3logmw +
       .470801*L4logmw = 0

------------------------------------------------------------------------------
    teenepop | Coefficient  Std. err.      t    P>|t|     [95% conf. interval]
-------------+----------------------------------------------------------------
         (1) |   .0376529   .1153411     0.33   0.745    -.1940165    .2693222
------------------------------------------------------------------------------

added macro:
              e(estsb) : "0.038"

added macro:
             e(estsse) : "(0.115)"
(MWFE estimator converged in 2 iterations)

HDFE Linear regression                            Number of obs   =      1,479
Absorbing 2 HDFE groups                           F(   7,     50) =       2.20
Statistics robust to heteroskedasticity           Prob > F        =     0.0495
                                                  R-squared       =     0.8595
                                                  Adj R-squared   =     0.7510
                                                  Within R-sq.    =     0.0159
Number of clusters (statenum) =         51        Root MSE        =     0.0064

                              (Std. err. adjusted for 51 clusters in statenum)
------------------------------------------------------------------------------
             |               Robust
      D.epop | Coefficient  std. err.      t    P>|t|     [95% conf. interval]
-------------+----------------------------------------------------------------
     F2logmw |
         D1. |   .0184691   .0073526     2.51   0.015     .0037009    .0332372
             |
     F1logmw |
         D1. |   .0151747   .0057878     2.62   0.012     .0035496    .0267998
             |
       logmw |
         D1. |   .0112892   .0082477     1.37   0.177    -.0052768    .0278551
             |
     L1logmw |
         D1. |   .0071266   .0065605     1.09   0.283    -.0060505    .0203037
             |
     L2logmw |
         D1. |   .0055458   .0071641     0.77   0.443    -.0088437    .0199354
             |
     L3logmw |
         D1. |  -.0018334    .006169    -0.30   0.768    -.0142242    .0105575
             |
     L4logmw |
         D1. |  -.0015863    .005505    -0.29   0.774    -.0126434    .0094708
             |
       _cons |  -.0012035    .000698    -1.72   0.091    -.0026056    .0001985
------------------------------------------------------------------------------

Absorbed degrees of freedom:
------------------------------------------------------------+
        Absorbed FE | Categories  - Redundant  = Num. Coefs |
--------------------+---------------------------------------|
               year |        29           0          29     |
  year#c.indmajor_1 |        29           0          29    ?|
  year#c.indmajor_2 |        29           0          29    ?|
  year#c.indmajor_3 |        29           0          29    ?|
  year#c.indmajor_4 |        29           0          29    ?|
  year#c.indmajor_5 |        29           0          29    ?|
  year#c.indmajor_6 |        29           0          29    ?|
  year#c.indmajor_7 |        29           0          29    ?|
  year#c.indmajor_8 |        29           0          29    ?|
  year#c.indmajor_9 |        29           0          29    ?|
 year#c.indmajor_10 |        29           0          29    ?|
 year#c.occmajor_11 |        29           0          29    ?|
 year#c.occmajor_12 |        29           0          29    ?|
 year#c.occmajor_13 |        29           0          29    ?|
 year#c.occmajor_21 |        29           0          29    ?|
 year#c.occmajor_22 |        29           0          29    ?|
 year#c.occmajor_23 |        29           0          29    ?|
 year#c.occmajor_31 |        29           0          29    ?|
 year#c.occmajor_32 |        29           0          29    ?|
 year#c.occmajor_33 |        29           0          29    ?|
 year#c.occmajor_34 |        29           0          29    ?|
 year#c.occmajor_40 |        29           0          29    ?|
------------------------------------------------------------+
? = number of redundant parameters may be higher

 ( 1)  1.777059*D.logmw + 1.421647*D.L1logmw + 1.066235*D.L2logmw +
       .7108234*D.L3logmw + .3554117*D.L4logmw = 0

------------------------------------------------------------------------------
      D.epop | Coefficient  Std. err.      t    P>|t|     [95% conf. interval]
-------------+----------------------------------------------------------------
         (1) |   .0342392   .0225112     1.52   0.135     -.010976    .0794544
------------------------------------------------------------------------------

added macro:
              e(estsb) : "0.034"

added macro:
             e(estsse) : "(0.023)"

added macro:
             e(period) : "1979-2016"

added macro:
             e(states) : "51"

added macro:
            e(outcome) : "Actual epop"
(MWFE estimator converged in 2 iterations)

HDFE Linear regression                            Number of obs   =      1,479
Absorbing 2 HDFE groups                           F(   7,     50) =       2.35
Statistics robust to heteroskedasticity           Prob > F        =     0.0373
                                                  R-squared       =     0.5922
                                                  Adj R-squared   =     0.2773
                                                  Within R-sq.    =     0.0081
Number of clusters (statenum) =         51        Root MSE        =     0.0405

                              (Std. err. adjusted for 51 clusters in statenum)
------------------------------------------------------------------------------
             |               Robust
  D.teenepop | Coefficient  std. err.      t    P>|t|     [95% conf. interval]
-------------+----------------------------------------------------------------
     F2logmw |
         D1. |  -.0276026   .0448745    -0.62   0.541    -.1177357    .0625305
             |
     F1logmw |
         D1. |   .0847095   .0554416     1.53   0.133    -.0266482    .1960671
             |
       logmw |
         D1. |   .0594485   .0590159     1.01   0.319    -.0590884    .1779853
             |
     L1logmw |
         D1. |   .0108234   .0606968     0.18   0.859    -.1110896    .1327364
             |
     L2logmw |
         D1. |   .0294443   .0487092     0.60   0.548     -.068391    .1272796
             |
     L3logmw |
         D1. |   .0754127   .0519265     1.45   0.153    -.0288846    .1797101
             |
     L4logmw |
         D1. |   .0268641   .0617728     0.43   0.666    -.0972102    .1509385
             |
       _cons |  -.0121939   .0032272    -3.78   0.000    -.0186759    -.005712
------------------------------------------------------------------------------

Absorbed degrees of freedom:
------------------------------------------------------------+
        Absorbed FE | Categories  - Redundant  = Num. Coefs |
--------------------+---------------------------------------|
               year |        29           0          29     |
  year#c.indmajor_1 |        29           0          29    ?|
  year#c.indmajor_2 |        29           0          29    ?|
  year#c.indmajor_3 |        29           0          29    ?|
  year#c.indmajor_4 |        29           0          29    ?|
  year#c.indmajor_5 |        29           0          29    ?|
  year#c.indmajor_6 |        29           0          29    ?|
  year#c.indmajor_7 |        29           0          29    ?|
  year#c.indmajor_8 |        29           0          29    ?|
  year#c.indmajor_9 |        29           0          29    ?|
 year#c.indmajor_10 |        29           0          29    ?|
 year#c.occmajor_11 |        29           0          29    ?|
 year#c.occmajor_12 |        29           0          29    ?|
 year#c.occmajor_13 |        29           0          29    ?|
 year#c.occmajor_21 |        29           0          29    ?|
 year#c.occmajor_22 |        29           0          29    ?|
 year#c.occmajor_23 |        29           0          29    ?|
 year#c.occmajor_31 |        29           0          29    ?|
 year#c.occmajor_32 |        29           0          29    ?|
 year#c.occmajor_33 |        29           0          29    ?|
 year#c.occmajor_34 |        29           0          29    ?|
 year#c.occmajor_40 |        29           0          29    ?|
------------------------------------------------------------+
? = number of redundant parameters may be higher

 ( 1)  2.393331*D.logmw + 1.914665*D.L1logmw + 1.435999*D.L2logmw +
       .9573324*D.L3logmw + .4786662*D.L4logmw = 0

------------------------------------------------------------------------------
  D.teenepop | Coefficient  Std. err.      t    P>|t|     [95% conf. interval]
-------------+----------------------------------------------------------------
         (1) |    .290339   .1115544     2.60   0.012     .0662754    .5144026
------------------------------------------------------------------------------

added macro:
              e(estsb) : "0.290**"

added macro:
             e(estsse) : "(0.112)"

added macro:
             e(period) : "1979-2016"

added macro:
             e(states) : "51"

added macro:
            e(outcome) : "Actual epop"
(MWFE estimator converged in 2 iterations)

HDFE Linear regression                            Number of obs   =      1,020
Absorbing 3 HDFE groups                           F(   7,     50) =       0.79
Statistics robust to heteroskedasticity           Prob > F        =     0.5982
                                                  R-squared       =     0.9744
                                                  Adj R-squared   =     0.9501
                                                  Within R-sq.    =     0.0008
Number of clusters (statenum) =         51        Root MSE        =     0.0131

                              (Std. err. adjusted for 51 clusters in statenum)
------------------------------------------------------------------------------
             |               Robust
        epop | Coefficient  std. err.      t    P>|t|     [95% conf. interval]
-------------+----------------------------------------------------------------
     F2logmw |  -.0094711   .0195077    -0.49   0.629    -.0486534    .0297112
     F1logmw |   .0148231   .0081153     1.83   0.074    -.0014769    .0311231
       logmw |  -.0068406   .0085628    -0.80   0.428    -.0240396    .0103583
     L1logmw |  -.0040876   .0083062    -0.49   0.625     -.020771    .0125959
     L2logmw |   .0071656    .011826     0.61   0.547    -.0165877    .0309188
     L3logmw |  -.0006499   .0083346    -0.08   0.938    -.0173905    .0160908
     L4logmw |   -.000518   .0293884    -0.02   0.986    -.0595463    .0585104
       _cons |   .5751648   .0722965     7.96   0.000      .429953    .7203767
------------------------------------------------------------------------------

Absorbed degrees of freedom:
------------------------------------------------------------+
        Absorbed FE | Categories  - Redundant  = Num. Coefs |
--------------------+---------------------------------------|
           statenum |        51          51           0    *|
               year |        20           1          19     |
  year#c.indmajor_1 |        20           0          20    ?|
  year#c.indmajor_2 |        20           0          20    ?|
  year#c.indmajor_3 |        20           0          20    ?|
  year#c.indmajor_4 |        20           0          20    ?|
  year#c.indmajor_5 |        20           0          20    ?|
  year#c.indmajor_6 |        20           0          20    ?|
  year#c.indmajor_7 |        20           0          20    ?|
  year#c.indmajor_8 |        20           0          20    ?|
  year#c.indmajor_9 |        20           0          20    ?|
 year#c.indmajor_10 |        20           0          20    ?|
 year#c.occmajor_11 |        20           0          20    ?|
 year#c.occmajor_12 |        20           0          20    ?|
 year#c.occmajor_13 |        20           0          20    ?|
 year#c.occmajor_21 |        20           0          20    ?|
 year#c.occmajor_22 |        20           0          20    ?|
 year#c.occmajor_23 |        20           0          20    ?|
 year#c.occmajor_31 |        20           0          20    ?|
 year#c.occmajor_32 |        20           0          20    ?|
 year#c.occmajor_33 |        20           0          20    ?|
 year#c.occmajor_34 |        20           0          20    ?|
 year#c.occmajor_40 |        20           0          20    ?|
------------------------------------------------------------+
? = number of redundant parameters may be higher
* = FE nested within cluster; treated as redundant for DoF computation

 ( 1)  1.777059*logmw + 1.421647*L1logmw + 1.066235*L2logmw + .7108234*L3logmw
       + .3554117*L4logmw = 0

------------------------------------------------------------------------------
        epop | Coefficient  Std. err.      t    P>|t|     [95% conf. interval]
-------------+----------------------------------------------------------------
         (1) |  -.0109731   .0270703    -0.41   0.687    -.0653454    .0433992
------------------------------------------------------------------------------

added macro:
              e(estsb) : "-0.011"

added macro:
             e(estsse) : "(0.027)"
(MWFE estimator converged in 2 iterations)

HDFE Linear regression                            Number of obs   =      1,020
Absorbing 3 HDFE groups                           F(   7,     50) =       1.03
Statistics robust to heteroskedasticity           Prob > F        =     0.4229
                                                  R-squared       =     0.9385
                                                  Adj R-squared   =     0.8802
                                                  Within R-sq.    =     0.0123
Number of clusters (statenum) =         51        Root MSE        =     0.0396

                              (Std. err. adjusted for 51 clusters in statenum)
------------------------------------------------------------------------------
             |               Robust
    teenepop | Coefficient  std. err.      t    P>|t|     [95% conf. interval]
-------------+----------------------------------------------------------------
     F2logmw |  -.0829668   .0571217    -1.45   0.153    -.1976991    .0317655
     F1logmw |   .0528064   .0693353     0.76   0.450    -.0864577    .1920704
       logmw |   .0023886    .073261     0.03   0.974    -.1447604    .1495376
     L1logmw |   .0025362   .0686497     0.04   0.971    -.1353509    .1404232
     L2logmw |    .024853    .056808     0.44   0.664    -.0892493    .1389553
     L3logmw |    .064507   .0537723     1.20   0.236    -.0434979    .1725118
     L4logmw |  -.0210025   .0609789    -0.34   0.732    -.1434822    .1014773
       _cons |   .3351197    .193212     1.73   0.089    -.0529579    .7231974
------------------------------------------------------------------------------

Absorbed degrees of freedom:
------------------------------------------------------------+
        Absorbed FE | Categories  - Redundant  = Num. Coefs |
--------------------+---------------------------------------|
           statenum |        51          51           0    *|
               year |        20           1          19     |
  year#c.indmajor_1 |        20           0          20    ?|
  year#c.indmajor_2 |        20           0          20    ?|
  year#c.indmajor_3 |        20           0          20    ?|
  year#c.indmajor_4 |        20           0          20    ?|
  year#c.indmajor_5 |        20           0          20    ?|
  year#c.indmajor_6 |        20           0          20    ?|
  year#c.indmajor_7 |        20           0          20    ?|
  year#c.indmajor_8 |        20           0          20    ?|
  year#c.indmajor_9 |        20           0          20    ?|
 year#c.indmajor_10 |        20           0          20    ?|
 year#c.occmajor_11 |        20           0          20    ?|
 year#c.occmajor_12 |        20           0          20    ?|
 year#c.occmajor_13 |        20           0          20    ?|
 year#c.occmajor_21 |        20           0          20    ?|
 year#c.occmajor_22 |        20           0          20    ?|
 year#c.occmajor_23 |        20           0          20    ?|
 year#c.occmajor_31 |        20           0          20    ?|
 year#c.occmajor_32 |        20           0          20    ?|
 year#c.occmajor_33 |        20           0          20    ?|
 year#c.occmajor_34 |        20           0          20    ?|
 year#c.occmajor_40 |        20           0          20    ?|
------------------------------------------------------------+
? = number of redundant parameters may be higher
* = FE nested within cluster; treated as redundant for DoF computation

 ( 1)  2.354005*logmw + 1.883204*L1logmw + 1.412403*L2logmw + .941602*L3logmw +
       .470801*L4logmw = 0

------------------------------------------------------------------------------
    teenepop | Coefficient  Std. err.      t    P>|t|     [95% conf. interval]
-------------+----------------------------------------------------------------
         (1) |   .0963533   .1470204     0.66   0.515     -.198946    .3916525
------------------------------------------------------------------------------

added macro:
              e(estsb) : "0.096"

added macro:
             e(estsse) : "(0.147)"
(MWFE estimator converged in 2 iterations)

HDFE Linear regression                            Number of obs   =      1,020
Absorbing 2 HDFE groups                           F(   7,     50) =       0.93
Statistics robust to heteroskedasticity           Prob > F        =     0.4948
                                                  R-squared       =     0.8602
                                                  Adj R-squared   =     0.7514
                                                  Within R-sq.    =     0.0133
Number of clusters (statenum) =         51        Root MSE        =     0.0059

                              (Std. err. adjusted for 51 clusters in statenum)
------------------------------------------------------------------------------
             |               Robust
      D.epop | Coefficient  std. err.      t    P>|t|     [95% conf. interval]
-------------+----------------------------------------------------------------
     F2logmw |
         D1. |   .0164957   .0088527     1.86   0.068    -.0012854    .0342767
             |
     F1logmw |
         D1. |   .0100114   .0058001     1.73   0.091    -.0016386    .0216613
             |
       logmw |
         D1. |   .0003174   .0070791     0.04   0.964    -.0139014    .0145362
             |
     L1logmw |
         D1. |    .001813   .0066047     0.27   0.785    -.0114528    .0150789
             |
     L2logmw |
         D1. |   .0115272   .0085115     1.35   0.182    -.0055685     .028623
             |
     L3logmw |
         D1. |   .0026171   .0066402     0.39   0.695    -.0107201    .0159542
             |
     L4logmw |
         D1. |   .0009127    .005059     0.18   0.858    -.0092486    .0110741
             |
       _cons |  -.0026046   .0007535    -3.46   0.001     -.004118   -.0010912
------------------------------------------------------------------------------

Absorbed degrees of freedom:
------------------------------------------------------------+
        Absorbed FE | Categories  - Redundant  = Num. Coefs |
--------------------+---------------------------------------|
               year |        20           0          20     |
  year#c.indmajor_1 |        20           0          20    ?|
  year#c.indmajor_2 |        20           0          20    ?|
  year#c.indmajor_3 |        20           0          20    ?|
  year#c.indmajor_4 |        20           0          20    ?|
  year#c.indmajor_5 |        20           0          20    ?|
  year#c.indmajor_6 |        20           0          20    ?|
  year#c.indmajor_7 |        20           0          20    ?|
  year#c.indmajor_8 |        20           0          20    ?|
  year#c.indmajor_9 |        20           0          20    ?|
 year#c.indmajor_10 |        20           0          20    ?|
 year#c.occmajor_11 |        20           0          20    ?|
 year#c.occmajor_12 |        20           0          20    ?|
 year#c.occmajor_13 |        20           0          20    ?|
 year#c.occmajor_21 |        20           0          20    ?|
 year#c.occmajor_22 |        20           0          20    ?|
 year#c.occmajor_23 |        20           0          20    ?|
 year#c.occmajor_31 |        20           0          20    ?|
 year#c.occmajor_32 |        20           0          20    ?|
 year#c.occmajor_33 |        20           0          20    ?|
 year#c.occmajor_34 |        20           0          20    ?|
 year#c.occmajor_40 |        20           0          20    ?|
------------------------------------------------------------+
? = number of redundant parameters may be higher

 ( 1)  1.777059*D.logmw + 1.421647*D.L1logmw + 1.066235*D.L2logmw +
       .7108234*D.L3logmw + .3554117*D.L4logmw = 0

------------------------------------------------------------------------------
      D.epop | Coefficient  Std. err.      t    P>|t|     [95% conf. interval]
-------------+----------------------------------------------------------------
         (1) |    .017617   .0232448     0.76   0.452    -.0290715    .0643055
------------------------------------------------------------------------------

added macro:
              e(estsb) : "0.018"

added macro:
             e(estsse) : "(0.023)"

added macro:
             e(period) : "1993-2016"

added macro:
             e(states) : "51"

added macro:
            e(outcome) : "Actual epop"
(MWFE estimator converged in 2 iterations)

HDFE Linear regression                            Number of obs   =      1,020
Absorbing 2 HDFE groups                           F(   7,     50) =       1.10
Statistics robust to heteroskedasticity           Prob > F        =     0.3762
                                                  R-squared       =     0.5611
                                                  Adj R-squared   =     0.2195
                                                  Within R-sq.    =     0.0051
Number of clusters (statenum) =         51        Root MSE        =     0.0436

                              (Std. err. adjusted for 51 clusters in statenum)
------------------------------------------------------------------------------
             |               Robust
  D.teenepop | Coefficient  std. err.      t    P>|t|     [95% conf. interval]
-------------+----------------------------------------------------------------
     F2logmw |
         D1. |  -.0220432   .0502593    -0.44   0.663     -.122992    .0789057
             |
     F1logmw |
         D1. |   .0455499   .0679187     0.67   0.506    -.0908689    .1819687
             |
       logmw |
         D1. |   .0430707   .0619916     0.69   0.490     -.081443    .1675845
             |
     L1logmw |
         D1. |   .0146609     .06297     0.23   0.817    -.1118181      .14114
             |
     L2logmw |
         D1. |   .0340331    .055091     0.62   0.540    -.0766205    .1446866
             |
     L3logmw |
         D1. |   .0737952   .0539086     1.37   0.177    -.0344834    .1820737
             |
     L4logmw |
         D1. |   .0256278   .0641437     0.40   0.691    -.1032086    .1544642
             |
       _cons |  -.0142287    .003859    -3.69   0.001    -.0219798   -.0064776
------------------------------------------------------------------------------

Absorbed degrees of freedom:
------------------------------------------------------------+
        Absorbed FE | Categories  - Redundant  = Num. Coefs |
--------------------+---------------------------------------|
               year |        20           0          20     |
  year#c.indmajor_1 |        20           0          20    ?|
  year#c.indmajor_2 |        20           0          20    ?|
  year#c.indmajor_3 |        20           0          20    ?|
  year#c.indmajor_4 |        20           0          20    ?|
  year#c.indmajor_5 |        20           0          20    ?|
  year#c.indmajor_6 |        20           0          20    ?|
  year#c.indmajor_7 |        20           0          20    ?|
  year#c.indmajor_8 |        20           0          20    ?|
  year#c.indmajor_9 |        20           0          20    ?|
 year#c.indmajor_10 |        20           0          20    ?|
 year#c.occmajor_11 |        20           0          20    ?|
 year#c.occmajor_12 |        20           0          20    ?|
 year#c.occmajor_13 |        20           0          20    ?|
 year#c.occmajor_21 |        20           0          20    ?|
 year#c.occmajor_22 |        20           0          20    ?|
 year#c.occmajor_23 |        20           0          20    ?|
 year#c.occmajor_31 |        20           0          20    ?|
 year#c.occmajor_32 |        20           0          20    ?|
 year#c.occmajor_33 |        20           0          20    ?|
 year#c.occmajor_34 |        20           0          20    ?|
 year#c.occmajor_40 |        20           0          20    ?|
------------------------------------------------------------+
? = number of redundant parameters may be higher

 ( 1)  2.354005*D.logmw + 1.883204*D.L1logmw + 1.412403*D.L2logmw +
       .941602*D.L3logmw + .470801*D.L4logmw = 0

------------------------------------------------------------------------------
  D.teenepop | Coefficient  Std. err.      t    P>|t|     [95% conf. interval]
-------------+----------------------------------------------------------------
         (1) |   .2586179   .1250669     2.07   0.044     .0074136    .5098221
------------------------------------------------------------------------------

added macro:
              e(estsb) : "0.259**"

added macro:
             e(estsse) : "(0.125)"

added macro:
             e(period) : "1993-2016"

added macro:
             e(states) : "51"

added macro:
            e(outcome) : "Actual epop"

    Variable |     Obs      Weight        Mean   Std. dev.       Min        Max
-------------+-----------------------------------------------------------------
        epop |   1,836  7.4707e+09    .5627277    .059521   .3797893   1.540421

    Variable |     Obs      Weight        Mean   Std. dev.       Min        Max
-------------+-----------------------------------------------------------------
    teenepop |   1,836   565105922    .4248079   .1067791   .1568405   .9726293

    Variable |     Obs      Weight        Mean   Std. dev.       Min        Max
-------------+-----------------------------------------------------------------
    teenepop |   1,785   275439286    .4178277   .1080113   .1568405   .9726293
.4178277211921075

 ( 1)  1.777059*logmw + 1.421647*L1logmw + 1.066235*L2logmw + .7108234*L3logmw
       + .3554117*L4logmw = 0

------------------------------------------------------------------------------
        epop | Coefficient  Std. err.      t    P>|t|     [95% conf. interval]
-------------+----------------------------------------------------------------
         (1) |  -.0269135   .0216268    -1.24   0.219    -.0703522    .0165253
------------------------------------------------------------------------------

added macro:
              e(estsb) : "-0.027"

added macro:
             e(estsse) : "(0.022)"

 ( 1)  2.354005*logmw + 1.883204*L1logmw + 1.412403*L2logmw + .941602*L3logmw +
       .470801*L4logmw = 0

------------------------------------------------------------------------------
    teenepop | Coefficient  Std. err.      t    P>|t|     [95% conf. interval]
-------------+----------------------------------------------------------------
         (1) |  -.1289893   .0968336    -1.33   0.189    -.3234853    .0655066
------------------------------------------------------------------------------

added macro:
              e(estsb) : "-0.129"

added macro:
             e(estsse) : "(0.097)"
(MWFE estimator converged in 3 iterations)

HDFE Linear regression                            Number of obs   =      1,479
Absorbing 2 HDFE groups                           F(   7,     50) =       1.41
Statistics robust to heteroskedasticity           Prob > F        =     0.2207
                                                  R-squared       =     0.6164
                                                  Adj R-squared   =     0.6068
                                                  Within R-sq.    =     0.0202
Number of clusters (statenum) =         51        Root MSE        =     0.0080

                              (Std. err. adjusted for 51 clusters in statenum)
------------------------------------------------------------------------------
             |               Robust
      D.epop | Coefficient  std. err.      t    P>|t|     [95% conf. interval]
-------------+----------------------------------------------------------------
     F2logmw |
         D1. |   .0174736   .0101617     1.72   0.092    -.0029369     .037884
             |
     F1logmw |
         D1. |   .0106725   .0097738     1.09   0.280    -.0089588    .0303038
             |
       logmw |
         D1. |    .021866    .016005     1.37   0.178     -.010281     .054013
             |
     L1logmw |
         D1. |  -.0015086   .0054847    -0.28   0.784     -.012525    .0095078
             |
     L2logmw |
         D1. |  -.0071884   .0057047    -1.26   0.213    -.0186466    .0042697
             |
     L3logmw |
         D1. |   .0025073   .0083172     0.30   0.764    -.0141983    .0192129
             |
     L4logmw |
         D1. |  -.0059018   .0077029    -0.77   0.447    -.0213735    .0095699
             |
       _cons |  -.0007561   .0011104    -0.68   0.499    -.0029864    .0014742
------------------------------------------------------------------------------

Absorbed degrees of freedom:
---------------------------------------------------------+
     Absorbed FE | Categories  - Redundant  = Num. Coefs |
-----------------+---------------------------------------|
            year |        29           0          29     |
 one#c.Dpvi_cont |         1           0           1    ?|
---------------------------------------------------------+
? = number of redundant parameters may be higher

 ( 1)  1.777059*D.logmw + 1.421647*D.L1logmw + 1.066235*D.L2logmw +
       .7108234*D.L3logmw + .3554117*D.L4logmw = 0

------------------------------------------------------------------------------
      D.epop | Coefficient  Std. err.      t    P>|t|     [95% conf. interval]
-------------+----------------------------------------------------------------
         (1) |   .0287326   .0329532     0.87   0.387    -.0374559     .094921
------------------------------------------------------------------------------

added macro:
              e(estsb) : "0.029"

added macro:
             e(estsse) : "(0.033)"

added macro:
             e(period) : "1979-2016"

added macro:
             e(states) : "51"

added macro:
            e(outcome) : "Actual epop"
(MWFE estimator converged in 3 iterations)

HDFE Linear regression                            Number of obs   =      1,479
Absorbing 2 HDFE groups                           F(   7,     50) =       1.65
Statistics robust to heteroskedasticity           Prob > F        =     0.1445
                                                  R-squared       =     0.2294
                                                  Adj R-squared   =     0.2101
                                                  Within R-sq.    =     0.0092
Number of clusters (statenum) =         51        Root MSE        =     0.0424

                              (Std. err. adjusted for 51 clusters in statenum)
------------------------------------------------------------------------------
             |               Robust
  D.teenepop | Coefficient  std. err.      t    P>|t|     [95% conf. interval]
-------------+----------------------------------------------------------------
     F2logmw |
         D1. |  -.0431185   .0391805    -1.10   0.276    -.1218147    .0355778
             |
     F1logmw |
         D1. |   .0842423   .0481058     1.75   0.086     -.012381    .1808656
             |
       logmw |
         D1. |     .02601   .0544179     0.48   0.635    -.0832915    .1353115
             |
     L1logmw |
         D1. |    -.02284   .0486231    -0.47   0.641    -.1205023    .0748224
             |
     L2logmw |
         D1. |   .0020902   .0510071     0.04   0.967    -.1003606     .104541
             |
     L3logmw |
         D1. |   .0641611   .0501292     1.28   0.206    -.0365263    .1648484
             |
     L4logmw |
         D1. |   .0320693   .0449945     0.71   0.479    -.0583048    .1224435
             |
       _cons |  -.0089758    .002657    -3.38   0.001    -.0143125   -.0036392
------------------------------------------------------------------------------

Absorbed degrees of freedom:
---------------------------------------------------------+
     Absorbed FE | Categories  - Redundant  = Num. Coefs |
-----------------+---------------------------------------|
            year |        29           0          29     |
 one#c.Dpvi_cont |         1           0           1    ?|
---------------------------------------------------------+
? = number of redundant parameters may be higher

 ( 1)  2.393331*D.logmw + 1.914665*D.L1logmw + 1.435999*D.L2logmw +
       .9573324*D.L3logmw + .4786662*D.L4logmw = 0

------------------------------------------------------------------------------
  D.teenepop | Coefficient  Std. err.      t    P>|t|     [95% conf. interval]
-------------+----------------------------------------------------------------
         (1) |   .0982952    .126609     0.78   0.441    -.1560064    .3525968
------------------------------------------------------------------------------

added macro:
              e(estsb) : "0.098"

added macro:
             e(estsse) : "(0.127)"

added macro:
             e(period) : "1979-2016"

added macro:
             e(states) : "51"

added macro:
            e(outcome) : "Actual epop"
(MWFE estimator converged in 3 iterations)

HDFE Linear regression                            Number of obs   =      1,020
Absorbing 3 HDFE groups                           F(   7,     50) =       1.07
Statistics robust to heteroskedasticity           Prob > F        =     0.3944
                                                  R-squared       =     0.9428
                                                  Adj R-squared   =     0.9381
                                                  Within R-sq.    =     0.0057
Number of clusters (statenum) =         51        Root MSE        =     0.0146

                              (Std. err. adjusted for 51 clusters in statenum)
------------------------------------------------------------------------------
             |               Robust
        epop | Coefficient  std. err.      t    P>|t|     [95% conf. interval]
-------------+----------------------------------------------------------------
     F2logmw |   .0137442   .0215227     0.64   0.526    -.0294855    .0569739
     F1logmw |   .0039711   .0098005     0.41   0.687    -.0157137    .0236559
       logmw |   .0040773   .0104588     0.39   0.698    -.0169298    .0250844
     L1logmw |  -.0164576   .0079407    -2.07   0.043     -.032407   -.0005083
     L2logmw |   .0044977   .0127594     0.35   0.726    -.0211303    .0301258
     L3logmw |   .0033795   .0088108     0.38   0.703    -.0143176    .0210766
     L4logmw |   .0134801   .0194698     0.69   0.492    -.0256261    .0525863
       _cons |   .5289117   .0860962     6.14   0.000     .3559824     .701841
------------------------------------------------------------------------------

Absorbed degrees of freedom:
--------------------------------------------------------+
    Absorbed FE | Categories  - Redundant  = Num. Coefs |
----------------+---------------------------------------|
       statenum |        51          51           0    *|
           year |        20           1          19     |
 one#c.pvi_cont |         1           0           1    ?|
--------------------------------------------------------+
? = number of redundant parameters may be higher
* = FE nested within cluster; treated as redundant for DoF computation

 ( 1)  1.777059*logmw + 1.421647*L1logmw + 1.066235*L2logmw + .7108234*L3logmw
       + .3554117*L4logmw = 0

------------------------------------------------------------------------------
        epop | Coefficient  Std. err.      t    P>|t|     [95% conf. interval]
-------------+----------------------------------------------------------------
         (1) |  -.0041625   .0279067    -0.15   0.882    -.0602147    .0518897
------------------------------------------------------------------------------

added macro:
              e(estsb) : "-0.004"

added macro:
             e(estsse) : "(0.028)"
(MWFE estimator converged in 3 iterations)

HDFE Linear regression                            Number of obs   =      1,020
Absorbing 3 HDFE groups                           F(   7,     50) =       1.59
Statistics robust to heteroskedasticity           Prob > F        =     0.1608
                                                  R-squared       =     0.8877
                                                  Adj R-squared   =     0.8785
                                                  Within R-sq.    =     0.0167
Number of clusters (statenum) =         51        Root MSE        =     0.0399

                              (Std. err. adjusted for 51 clusters in statenum)
------------------------------------------------------------------------------
             |               Robust
    teenepop | Coefficient  std. err.      t    P>|t|     [95% conf. interval]
-------------+----------------------------------------------------------------
     F2logmw |  -.0664956   .0573686    -1.16   0.252    -.1817238    .0487326
     F1logmw |    .051607   .0482313     1.07   0.290    -.0452685    .1484824
       logmw |  -.0165893   .0615138    -0.27   0.789    -.1401434    .1069647
     L1logmw |  -.0265922   .0588922    -0.45   0.654    -.1448807    .0916963
     L2logmw |  -.0103657   .0602806    -0.17   0.864    -.1314428    .1107114
     L3logmw |   .0969225   .0642757     1.51   0.138    -.0321789     .226024
     L4logmw |  -.0011135   .0484268    -0.02   0.982    -.0983815    .0961545
       _cons |   .3648525   .1985114     1.84   0.072    -.0338694    .7635745
------------------------------------------------------------------------------

Absorbed degrees of freedom:
--------------------------------------------------------+
    Absorbed FE | Categories  - Redundant  = Num. Coefs |
----------------+---------------------------------------|
       statenum |        51          51           0    *|
           year |        20           1          19     |
 one#c.pvi_cont |         1           0           1    ?|
--------------------------------------------------------+
? = number of redundant parameters may be higher
* = FE nested within cluster; treated as redundant for DoF computation

 ( 1)  2.354005*logmw + 1.883204*L1logmw + 1.412403*L2logmw + .941602*L3logmw +
       .470801*L4logmw = 0

------------------------------------------------------------------------------
    teenepop | Coefficient  Std. err.      t    P>|t|     [95% conf. interval]
-------------+----------------------------------------------------------------
         (1) |  -.0130322   .1532857    -0.09   0.933    -.3209156    .2948512
------------------------------------------------------------------------------

added macro:
              e(estsb) : "-0.013"

added macro:
             e(estsse) : "(0.153)"
(MWFE estimator converged in 3 iterations)

HDFE Linear regression                            Number of obs   =      1,020
Absorbing 2 HDFE groups                           F(   7,     50) =       0.80
Statistics robust to heteroskedasticity           Prob > F        =     0.5937
                                                  R-squared       =     0.6625
                                                  Adj R-squared   =     0.6533
                                                  Within R-sq.    =     0.0176
Number of clusters (statenum) =         51        Root MSE        =     0.0070

                              (Std. err. adjusted for 51 clusters in statenum)
------------------------------------------------------------------------------
             |               Robust
      D.epop | Coefficient  std. err.      t    P>|t|     [95% conf. interval]
-------------+----------------------------------------------------------------
     F2logmw |
         D1. |   .0202438   .0135521     1.49   0.142    -.0069764     .047464
             |
     F1logmw |
         D1. |   .0057107   .0087722     0.65   0.518    -.0119087    .0233301
             |
       logmw |
         D1. |   .0096095   .0086564     1.11   0.272    -.0077775    .0269965
             |
     L1logmw |
         D1. |  -.0080204   .0047909    -1.67   0.100    -.0176431    .0016024
             |
     L2logmw |
         D1. |   .0038317   .0105611     0.36   0.718    -.0173809    .0250442
             |
     L3logmw |
         D1. |   .0098993   .0120415     0.82   0.415    -.0142868    .0340854
             |
     L4logmw |
         D1. |   .0019232   .0045936     0.42   0.677    -.0073033    .0111496
             |
       _cons |  -.0025676   .0013775    -1.86   0.068    -.0053343    .0001992
------------------------------------------------------------------------------

Absorbed degrees of freedom:
---------------------------------------------------------+
     Absorbed FE | Categories  - Redundant  = Num. Coefs |
-----------------+---------------------------------------|
            year |        20           0          20     |
 one#c.Dpvi_cont |         1           0           1    ?|
---------------------------------------------------------+
? = number of redundant parameters may be higher

 ( 1)  1.777059*D.logmw + 1.421647*D.L1logmw + 1.066235*D.L2logmw +
       .7108234*D.L3logmw + .3554117*D.L4logmw = 0

------------------------------------------------------------------------------
      D.epop | Coefficient  Std. err.      t    P>|t|     [95% conf. interval]
-------------+----------------------------------------------------------------
         (1) |   .0174802    .029566     0.59   0.557    -.0419049    .0768653
------------------------------------------------------------------------------

added macro:
              e(estsb) : "0.017"

added macro:
             e(estsse) : "(0.030)"

added macro:
             e(period) : "1993-2016"

added macro:
             e(states) : "51"

added macro:
            e(outcome) : "Actual epop"
(MWFE estimator converged in 3 iterations)

HDFE Linear regression                            Number of obs   =      1,020
Absorbing 2 HDFE groups                           F(   7,     50) =       1.48
Statistics robust to heteroskedasticity           Prob > F        =     0.1967
                                                  R-squared       =     0.2142
                                                  Adj R-squared   =     0.1928
                                                  Within R-sq.    =     0.0101
Number of clusters (statenum) =         51        Root MSE        =     0.0444

                              (Std. err. adjusted for 51 clusters in statenum)
------------------------------------------------------------------------------
             |               Robust
  D.teenepop | Coefficient  std. err.      t    P>|t|     [95% conf. interval]
-------------+----------------------------------------------------------------
     F2logmw |
         D1. |  -.0584851   .0378689    -1.54   0.129     -.134547    .0175767
             |
     F1logmw |
         D1. |   .0535613   .0489763     1.09   0.279    -.0448104     .151933
             |
       logmw |
         D1. |   .0030526   .0554586     0.06   0.956    -.1083393    .1144445
             |
     L1logmw |
         D1. |  -.0272764   .0557355    -0.49   0.627    -.1392245    .0846718
             |
     L2logmw |
         D1. |   .0058629   .0544176     0.11   0.915    -.1034382    .1151639
             |
     L3logmw |
         D1. |    .079267   .0551034     1.44   0.157    -.0314114    .1899453
             |
     L4logmw |
         D1. |   .0432902   .0423972     1.02   0.312    -.0418671    .1284475
             |
       _cons |  -.0109145   .0028271    -3.86   0.000     -.016593   -.0052361
------------------------------------------------------------------------------

Absorbed degrees of freedom:
---------------------------------------------------------+
     Absorbed FE | Categories  - Redundant  = Num. Coefs |
-----------------+---------------------------------------|
            year |        20           0          20     |
 one#c.Dpvi_cont |         1           0           1    ?|
---------------------------------------------------------+
? = number of redundant parameters may be higher

 ( 1)  2.354005*D.logmw + 1.883204*D.L1logmw + 1.412403*D.L2logmw +
       .941602*D.L3logmw + .470801*D.L4logmw = 0

------------------------------------------------------------------------------
  D.teenepop | Coefficient  Std. err.      t    P>|t|     [95% conf. interval]
-------------+----------------------------------------------------------------
         (1) |   .0591186   .1376283     0.43   0.669     -.217316    .3355532
------------------------------------------------------------------------------

added macro:
              e(estsb) : "0.059"

added macro:
             e(estsse) : "(0.138)"

added macro:
             e(period) : "1993-2016"

added macro:
             e(states) : "51"

added macro:
            e(outcome) : "Actual epop"

. 
. do "${dofiles}Appendix_Tables_G3_G4_G7_add.do"

. 
. *This do file is created by DC on 03/25/2016
. *****************************************************************************
> ***
. ***********          Alternate Specifications of Jobs Dist.      ************
> ***
. *****************************************************************************
> ***
. 
. *The globals
. 
. *****************************************************************************
> ***
. **************    Reshaping the original data    ****************************
> ***
. *****************************************************************************
> ***
. 
. 
. 
. 
. use "${data}qcew_multiplier.dta", clear

. keep statenum quarterdate multiplier

. tempfile qcew

. save `qcew'
file /var/folders/bm/2cq1vtmd5wg6k0vdjfpvbmww0000gn/T//St48748.000008 saved
    as .dta format

. 
. use "${data}eventclassification.dta", clear

. gen year = year(dofq(quarterdate))

. cap drop treat

. gen treat = overallcountgr>0 & overallcountgr!=. & fedincrease!=1

. gen statetreat = alltreat if fedincrease!=1
(315 missing values generated)

. bys statenum: egen _temp =  max(treat) if year<1992
(314 missing values generated)

. bys statenum: egen temp =  max(_temp) 

. bys statenum: egen _temp2 =  max(treat) if year<1996
(307 missing values generated)

. bys statenum: egen temp2 =  max(_temp2) 

. levelsof statenum if temp==1, local(temploc)
6 9 11 15 19 27 41 42 44 53 55

. levelsof statenum if temp2==1, local(temploc2)
6 9 11 15 19 27 34 41 42 44 53 55

. 
. 
. 
. use "${data}state_panels_cents_balanced_add_QJE.dta", clear

.                 merge m:1 statenum quarterdate using `qcew', nogenerate asser
> t(3)

    Result                      Number of obs
    -----------------------------------------
    Not matched                             0
    Matched                           906,984  
    -----------------------------------------

.                 replace count = count * multiplier              
(710,139 real changes made)

.                 replace countall = countall * multiplier
(905,112 real changes made)

. 
. 
. 
. gen wagebindollar = floor(wagebin/100)

. drop wagebins

. rename wagebindollar wagebins

. 
.                 *************************************************************
> ***********
.                 **************          Ones that should be summed       ****
> ***********
.                 *************************************************************
> ***********
. 
.                 preserve 

.                         collapse (sum) teencount count, by(statenum quarterda
> te wagebins)

.                         tempfile tempsum

.                         save `tempsum'
file /var/folders/bm/2cq1vtmd5wg6k0vdjfpvbmww0000gn/T//St48748.00000a saved
    as .dta format

.                 restore

. 
.                 *************************************************************
> ***********
.                 ******        Ones that are already at statenumXquarterdate  
>  **********
.                 *************************************************************
> ***********
.                 
.                 preserve

.                         egen tagger=tag(statenum quarterdate)

.                         keep if tagger==1
(899,232 observations deleted)

.                         keep statenum quarterdate countall population year te
> encountall teenpop

.                         tempfile temptag

.                         save `temptag'
file /var/folders/bm/2cq1vtmd5wg6k0vdjfpvbmww0000gn/T//St48748.00000c saved
    as .dta format

.                 restore

.                 
.                 
.                 *************************************************************
> ***********
.                 *********    Merge ave's and sum's      *********************
> ***********
.                 *************************************************************
> ***********
.                 
.                 use `tempsum', clear

. 
.                 reshape wide teencount count , i(statenum quarterdate) j(wage
> bin)
(j = 1 2 3 4 5 6 7 8 9 10 11 12 13 14 15 16 17 18 19 20 21 22 23 24 25 26 27 28
>  29 30)

Data                               Long   ->   Wide
-----------------------------------------------------------------------------
Number of observations          232,560   ->   7,752       
Number of variables                   5   ->   62          
j variable (30 values)         wagebins   ->   (dropped)
xij variables:
                              teencount   ->   teencount1 teencount2 ... teenco
> unt30
                                  count   ->   count1 count2 ... count30
-----------------------------------------------------------------------------

.                 merge 1:1 statenum quarterdate using `temptag', nogenerate as
> sert(3)

    Result                      Number of obs
    -----------------------------------------
    Not matched                             0
    Matched                             7,752  
    -----------------------------------------

. 
. 
. 
. *****************************************************************************
> ***
. ******************       Replicating previous results     *******************
> ***
. *****************************************************************************
> ***
. 
. 
. merge 1:1 statenum quarterdate using "${data}VZmw_quarterly_lagsleads_1979_20
> 16.dta"

    Result                      Number of obs
    -----------------------------------------
    Not matched                             0
    Matched                             7,752  (_merge==3)
    -----------------------------------------

. assert _merge==3 if quarterdate!=227

. drop _merge

. merge 1:1 statenum quarterdate using "${data}eventclassification.dta", nogene
> rate assert(1 3)

    Result                      Number of obs
    -----------------------------------------
    Not matched                         7,236
        from master                     7,236  
        from using                          0  

    Matched                               516  
    -----------------------------------------

. replace overallcountgroup = 0 if overallcountgroup==.
(7,383 real changes made)

. assert overallcountgroup!=0 if alltreat==1 & toosmall==0

. 
. gen MW_increasers= 0

. foreach ll of local temploc{
  2. replace MW_increasers = 1 if statenum == `ll'
  3. }
(152 real changes made)
(152 real changes made)
(152 real changes made)
(152 real changes made)
(152 real changes made)
(152 real changes made)
(152 real changes made)
(152 real changes made)
(152 real changes made)
(152 real changes made)
(152 real changes made)

.         
. gen MW_increasers2= 0

. foreach ll of local temploc2{
  2. replace MW_increasers2 = 1 if statenum == `ll'
  3. }
(152 real changes made)
(152 real changes made)
(152 real changes made)
(152 real changes made)
(152 real changes made)
(152 real changes made)
(152 real changes made)
(152 real changes made)
(152 real changes made)
(152 real changes made)
(152 real changes made)
(152 real changes made)

. *       
. 
. 
. preserve

. use "${data}cpiursai1977-2016.dta", clear

. *Dropping an empty column and column that calculates yearly average (simple)
. drop v14 avg

. reshape long month, i(year) j(m)
(j = 1 2 3 4 5 6 7 8 9 10 11 12)

Data                               Wide   ->   Long
-----------------------------------------------------------------------------
Number of observations               40   ->   480         
Number of variables                  13   ->   3           
j variable (12 values)                    ->   m
xij variables:
              month1 month2 ... month12   ->   month
-----------------------------------------------------------------------------

. rename month cpi

. rename m month

. keep if year >= 1979
(24 observations deleted)

. *If base year needs to be changed, use here.
. local baseyear=2016

. sum cpi if year == `baseyear', meanonly

. local cpibase = r(mean)

. replace cpi = 100 * cpi / `cpibase'
(456 real changes made)

. gen monthdate = ym(year,month)

. gen quarterdate = qofd(dofm(monthdate))

. collapse cpi, by(quarterdate)

. tempfile cpiquarter

. save `cpiquarter'
file /var/folders/bm/2cq1vtmd5wg6k0vdjfpvbmww0000gn/T//St48748.00000e saved
    as .dta format

. restore

. 
. 
. cap drop _merge

. merge m:1 quarterdate using `cpiquarter', nogenerate assert(3)

    Result                      Number of obs
    -----------------------------------------
    Not matched                             0
    Matched                             7,752  
    -----------------------------------------

. 
. 
. xtset statenum quarterdate      

Panel variable: statenum (strongly balanced)
 Time variable: quarterdate, 76 to 227
         Delta: 1 unit

. 
. 
. g MW = exp(logmw) 

. g DMW = D.MW
(51 missing values generated)

. g MW_real = exp(logmw)/(cpi/100) 

. g DMW_real = D.MW_real 
(51 missing values generated)

. 
. g MW_realM25 = MW_real - mod(MW_real,0.25)

. g DMW_realM25 = D.MW_realM25
(51 missing values generated)

.         
.         
.         
. compress
  variable quarterdate was float now int
  variable alltreat was float now byte
  variable fedincrease was float now byte
  variable toosmall was float now byte
  variable MW_increasers was float now byte
  variable MW_increasers2 was float now byte
  (131,784 bytes saved)

. rename population totalpopulation

. forval j = 1/30 { 
  2.         g lncount`j' = ln(count`j')
  3.         g percap`j' = count`j'/totalpopulation
  4.         
. }
(3,314 missing values generated)
(2,314 missing values generated)
(1,622 missing values generated)
(1,574 missing values generated)
(1,199 missing values generated)
(574 missing values generated)
(80 missing values generated)
(11 missing values generated)
(1 missing value generated)
(1 missing value generated)
(1 missing value generated)
(3 missing values generated)
(7 missing values generated)
(12 missing values generated)
(10 missing values generated)
(21 missing values generated)
(23 missing values generated)
(55 missing values generated)
(88 missing values generated)
(104 missing values generated)

. *
. 
. g epop    = countall/totalpopulation

. g teenepop    = teencountall/teenpop

. 
. g below_epop = percap1

. forval j = 2/14 { 
  2.         replace below_epop = below_epop  + percap`j'
  3. }
(5,438 real changes made)
(6,130 real changes made)
(6,178 real changes made)
(6,553 real changes made)
(7,178 real changes made)
(7,672 real changes made)
(7,741 real changes made)
(7,751 real changes made)
(7,752 real changes made)
(7,751 real changes made)
(7,752 real changes made)
(7,752 real changes made)
(7,752 real changes made)

. *
. 
. gen upper_epop  = epop - below_epop

. 
. 
. xtset statenum quarterdate

Panel variable: statenum (strongly balanced)
 Time variable: quarterdate, 76 to 227
         Delta: 1 unit

. 
.         cap drop treat 

.         cap drop _treat

.         g _treat_p=0

.                 replace _treat = 1 if overallcountgroup>0 & fedincrease!=1
(138 real changes made)

.          g treat = ( _treat +  L._treat + L2._treat + L3._treat)
(153 missing values generated)

.         cap drop _treat

. 
. 
. 
. cap drop  Dtreat

. g Dtreat = D.treat
(204 missing values generated)

. 
. cap drop _cont

. g _cont = 0

. replace _cont = 1 if ($missedevents | toosmall==1) 
(255 real changes made)

. g tempcont = _cont + L._cont + L2._cont + L3._cont
(153 missing values generated)

. 
. local Tmax3 = 16 + 3

. forval i = 0(1)`Tmax3'{
  2.         if `i' == 0{
  3.         g postcont = _cont
  4.         }
  5.         else {
  6.         replace postcont = postcont + L`i'._cont
  7.         sum postcont, meanonly
  8.         assert r(mean)!=0
  9.         }
 10. }
(306 real changes made, 51 to missing)
(305 real changes made, 51 to missing)
(305 real changes made, 51 to missing)
(303 real changes made, 51 to missing)
(303 real changes made, 51 to missing)
(302 real changes made, 51 to missing)
(302 real changes made, 51 to missing)
(294 real changes made, 51 to missing)
(294 real changes made, 51 to missing)
(294 real changes made, 51 to missing)
(294 real changes made, 51 to missing)
(284 real changes made, 51 to missing)
(284 real changes made, 51 to missing)
(284 real changes made, 51 to missing)
(284 real changes made, 51 to missing)
(274 real changes made, 51 to missing)
(274 real changes made, 51 to missing)
(274 real changes made, 51 to missing)
(274 real changes made, 51 to missing)

. cap drop _cont

. 
. 
. cap drop _contf

. cap drop postcontf

. 
. g _contf = 0

. replace _contf = 1 if (fedincrease==1 &  overallcountgroup>0 )
(231 real changes made)

. g tempcontf = _contf + L._contf + L2._contf + L3._contf
(153 missing values generated)

. 
. local Tmax3 = 16 + 3

. forval i = 0(1)`Tmax3'{
  2.         if `i' == 0{
  3.         g postcontf = _contf
  4. 
.         }
  5.         else {
  6.         replace postcontf = postcontf + L`i'._contf
  7.         sum postcontf, meanonly
  8.         assert r(mean)!=0
  9.         }
 10. }
(282 real changes made, 51 to missing)
(282 real changes made, 51 to missing)
(282 real changes made, 51 to missing)
(282 real changes made, 51 to missing)
(282 real changes made, 51 to missing)
(282 real changes made, 51 to missing)
(282 real changes made, 51 to missing)
(282 real changes made, 51 to missing)
(282 real changes made, 51 to missing)
(282 real changes made, 51 to missing)
(282 real changes made, 51 to missing)
(282 real changes made, 51 to missing)
(282 real changes made, 51 to missing)
(282 real changes made, 51 to missing)
(282 real changes made, 51 to missing)
(282 real changes made, 51 to missing)
(282 real changes made, 51 to missing)
(282 real changes made, 51 to missing)
(282 real changes made, 51 to missing)

. cap drop _contf

. 
. g precontf = F4.tempcontf
(204 missing values generated)

. g precont = F4.tempcont
(204 missing values generated)

. 
. replace precontf = 0 if precontf == .
(204 real changes made)

. replace precont = 0 if precont  == .
(204 real changes made)

. 
. 
. g earlycontf = F12.tempcontf + F8.tempcontf
(612 missing values generated)

. g earlycont = F12.tempcont + F8.tempcont
(612 missing values generated)

. 
. replace earlycontf = 0 if earlycontf == .
(612 real changes made)

. replace earlycont = 0 if earlycont  == .
(612 real changes made)

. 
. 
. 
. foreach j of numlist 4(4)16{
  2.                 cap drop F`j'treat
  3.                 cap drop L`j'treat
  4.                 
.                 g F`j'treat = F`j'.treat
  5.                 g L`j'treat = L`j'.treat
  6.                 
.                 replace F`j'treat = 0 if F`j'treat ==.
  7.                 replace L`j'treat = 0 if L`j'treat ==.
  8.                 
. 
.         }
(204 missing values generated)
(357 missing values generated)
(204 real changes made)
(357 real changes made)
(408 missing values generated)
(561 missing values generated)
(408 real changes made)
(561 real changes made)
(612 missing values generated)
(765 missing values generated)
(612 real changes made)
(765 real changes made)
(816 missing values generated)
(969 missing values generated)
(816 real changes made)
(969 real changes made)

. *
. 
. replace postcont = 0 if postcont == .
(969 real changes made)

. replace postcontf = 0 if postcontf == .
(969 real changes made)

. 
. 
. g cleansample = 1

. replace cleansample = 0 if quarterdate >=136 & quarterdate <=142
(357 real changes made)

. 
. egen avetotalpopulation = mean(totalpopulation) , by(statenum)

. egen aveteenpop = mean(teenpop) , by(statenum)

. 
. 
. *Note that we do not use most of these either, yet I keep this global in case
>  it is needed.
. 
. global a1  i.statenum i.quarterdate  // TWFE

. global a2  i.statenum##c.quarterdate i.quarterdate  // TWFE

. 
. 
. *****************************************************************************
> ***
. **************       Define Treatments         ******************************
> ***
. *****************************************************************************
> ***
. *To keep all as flexible as possible, I am adding lincom too.
. /*
> global treat            F12treat F11treat F10treat F9treat F8treat F7treat F6
> treat F5treat F4treat F3treat F2treat F1treat treat ///
> L1treat L2treat L3treat L4treat L5treat L6treat L7treat L8treat L9treat L10tr
> eat L11treat L12treat L13treat L14treat L15treat L16treat ///
> L17treat L18treat L19treat
> 
> global minus (F4treat + F3treat + F2treat + F1treat)/4
> global lincomagg        (treat-$minus)
> forval i = 1(1)19{
> global lincomagg "$lincomagg + (L`i'treat - $minus ) "
> }
> */
. 
. global treat            F12treat F8treat F4treat treat  L4treat L8treat L12tr
> eat L16treat 

. 
. *global minus 0
. global minus (F4treat)

. global lincomagg        (treat-$minus)

. forval i = 4(4)16{
  2. global lincomagg "$lincomagg + (L`i'treat - $minus ) "
  3. }

. *
. 
. global label1 TWFE

. global grlabel1 TWFE

. 
. global label2 ST

. global grlabel2 ST

. 
. 
. 
. *****************************************************************************
> ***
. ***************       The Regressions ***************************************
> ***
. *****************************************************************************
> ***                
.                 
. 
. 
. gen all=1

. 
. gen alt_statenum = statenum

. replace alt_statenum = statenum + 1000 if year>=1993
(4,896 real changes made)

. gen base_epop = epop if year==1992
(7,548 missing values generated)

. bys statenum (year): egen sim_epop = max(base_epop) if year>=1992
(2,652 missing values generated)

. xtset statenum quarterdate

Panel variable: statenum (strongly balanced)
 Time variable: quarterdate, 76 to 227
         Delta: 1 unit

. 
. replace sim_epop = epop if year<1992
(2,652 real changes made)

. gen sim_epop4 = sim_epop 

. replace sim_epop4 = L.sim_epop4 * 0 /*+ error_term*/ if year>=1993
(4,896 real changes made)

. gen sim_epop5 = epop - sim_epop4

. 
. 
. *****************************************************************************
> ***
. * ADDITIONAL CONTROLS
. *****************************************************************************
> ***
. * Industry/occ shares
. * incorporate base period routine occupation data
. merge m:1 statenum using "${data}state_rocc_scores.dta", assert(3) nogenerate

    Result                      Number of obs
    -----------------------------------------
    Not matched                             0
    Matched                             7,752  
    -----------------------------------------

. * incorporate base period industry shares
. merge m:1 statenum using "${data}state_majind_shares.dta", assert(3) nogenera
> te
(label stfips already defined)

    Result                      Number of obs
    -----------------------------------------
    Not matched                             0
    Matched                             7,752  
    -----------------------------------------

. 
. * PVI: this code is copied directly from cautionary_cont_bunch_motivation_ann
> ual_newestimates_pvi.do
. merge m:1 statenum using "${data}pvi_7616.dta",assert(3) nogenerate

    Result                      Number of obs
    -----------------------------------------
    Not matched                             0
    Matched                             7,752  
    -----------------------------------------

. gen _pvi_cont= .
(7,752 missing values generated)

. forval num = 1976(4)2016{
  2.         replace _pvi_cont = pvi`num' if year==`num'
  3. }
(0 real changes made)
(204 real changes made)
(204 real changes made)
(204 real changes made)
(204 real changes made)
(204 real changes made)
(204 real changes made)
(204 real changes made)
(204 real changes made)
(204 real changes made)
(204 real changes made)

. bys statenum: ipolate _pvi_cont year, gen(pvi_cont)
(204 missing values generated)

. 
. 
. xtset statenum quarterdate

Panel variable: statenum (strongly balanced)
 Time variable: quarterdate, 76 to 227
         Delta: 1 unit

. 
. global a1  i.statenum i.quarterdate  // TWFE

. global a2  i.statenum##c.quarterdate i.quarterdate  // State trends

. global a321 i.statenum i.quarterdate i.quarterdate#(c.indmajor_* c.occmajor_*
> )

. global a611 i.statenum i.quarterdate i.one#c.pvi_cont

. 
. cap drop one

. gen one = 1

. 
. tempfile temptemp

. save `temptemp', replace        
(file /var/folders/bm/2cq1vtmd5wg6k0vdjfpvbmww0000gn/T//St48748.00000f not
    found)
file /var/folders/bm/2cq1vtmd5wg6k0vdjfpvbmww0000gn/T//St48748.00000f saved
    as .dta format

. 
. 
. local regsample ""

. local graphname "o"

. global teenweight1 [aw=aveteenpop]

. global weight1 [aw=avetotalpopulation]

. global weight0 [aw=all] 

. local ylabel "ylabel( , labsize(medium))" 

. 
. 
. *To get semi elasticity, get rid of denominator.
. 
. 
. 
. 
. 
. 
. 
. 
. 
. foreach b in   1979   {
  2.         foreach w in 1 {
  3.                 foreach s in      1 2 321 611   {
  4.                 use `temptemp', clear
  5.                         
.                                 sum epop if  year>=`b' & cleansample==1  ${we
> ight`w'},meanonly
  6.                                 local epop = r(mean)
  7.                                 sum DMW_real if fedincrease!=1 & overallco
> untgr>0 & year>=`b' & cleansample ==1   ${weight`w'}
  8.                                 local mwc = r(mean)
  9.                                 sum MW_real if  F.fedincrease!=1 & F.overa
> llcountgr>0 & year>=`b' & cleansample ==1   ${weight`w'}
 10.                                 local mw = r(mean)
 11.                                 local mwpc = `mwc'/`mw'
 12.                                 local mwpc2 : di  %04.3f `mwpc'
 13. 
.                                 global E = `epop'
 14.                                         
.                                 global C = 1/(`epop'*`mwpc')
 15.                                 
.                                 sum teenepop if  year>=`b' & cleansample==1  
> ${teenweight`w'},meanonly
 16.                                 local epop = r(mean)
 17.                                 sum DMW_real if fedincrease!=1 & overallco
> untgr>0 & year>=`b' & cleansample ==1   ${teenweight`w'}
 18.                                 local mwc = r(mean)
 19.                                 sum MW_real if  F.fedincrease!=1 & F.overa
> llcountgr>0 & year>=`b' & cleansample ==1   ${teenweight`w'}
 20.                                 local mw = r(mean)
 21.                                 local mwpc = `mwc'/`mw'
 22.                                 local mwpc2 : di  %04.3f `mwpc'
 23. 
.                                 global teenE = `epop'
 24.                                         
.                                 global teenC = 1/(`epop'*`mwpc')
 25.                                 *All sample
.                         qui reghdfe `regsample'epop $treat if  year>=`b' & cl
> eansample==1 ${weight`w'} , absorb( ${a`s'} postcont postcontf  precont preco
> ntf earlycont earlycontf ) cluster(statenum)
 26.                         sum quarterdate if e(sample)==1
 27.                         estadd local begquarter = r(min)
 28.                         estadd local endquarter = r(max)
 29. 
.                         *est save "${estimates}Event_agg_`b'_`w'_`s'_epop", r
> eplace
.                         *est use "${estimates}Event_agg_`b'_`w'_`s'_epop"
.                         
.                         local dof = e(df_r)
 30. 
.                         lincomestadd (($lincomagg) * (1/5))*${C},statname(est
> s)
 31.                         
.                         estadd local period "1979-2016"
 32.                         tab     statenum if e(sample), nofreq
 33.                         local temp = r(r)
 34.                         estadd local states "`temp'"
 35.                         estadd local outcome "Actual epop"
 36.                         eststo actual_EBC`s'
 37.                         
.                         
.                                 
.                         qui reghdfe `regsample'teenepop $treat if  year>=`b' 
> & cleansample==1 ${teenweight`w'} , absorb( ${a`s'} postcont postcontf  preco
> nt precontf earlycont earlycontf ) cluster(statenum)
 38.                         sum quarterdate if e(sample)==1
 39.                         estadd local begquarter = r(min)
 40.                         estadd local endquarter = r(max)
 41. 
.                         *est save "${estimates}Event_agg_`b'_`w'_`s'_epop", r
> eplace
.                         *est use "${estimates}Event_agg_`b'_`w'_`s'_epop"
.                         
.                         local dof = e(df_r)
 42. 
.                         lincomestadd (($lincomagg) * (1/5))*${teenC},statname
> (ests)
 43.                         
.                         estadd local period "1979-2016"
 44.                         tab     statenum if e(sample), nofreq
 45.                         local temp = r(r)
 46.                         estadd local states "`temp'"
 47.                         estadd local outcome "Actual epop"
 48.                         eststo teenactual_EBC`s'
 49.                         
.                         *Post 1992
. 
.                         qui reghdfe epop $treat if  year>=1993 & cleansample=
> =1 ${weight`w'} , absorb( ${a`s'} postcont postcontf  precont precontf earlyc
> ont earlycontf ) cluster(statenum)
 50.                         sum quarterdate if e(sample)==1
 51.                         estadd local begquarter = r(min)
 52.                         estadd local endquarter = r(max)
 53. 
.                         *est save "${estimates}Event_agg_`b'_`w'_`s'_epop", r
> eplace
.                         *est use "${estimates}Event_agg_`b'_`w'_`s'_epop"
.                         
.                         local dof = e(df_r)
 54. 
.                         lincomestadd (($lincomagg) * (1/5))*${C},statname(est
> s)
 55.                 
.                         estadd local period "1993-2016"
 56.                         tab     statenum if e(sample), nofreq
 57.                         local temp = r(r)
 58.                         estadd local states "`temp'"
 59.                         estadd local outcome "Actual epop"
 60.                         eststo post1992_EBC`s'
 61. 
.                         
.                         
.                         *teen
.                         qui reghdfe teenepop $treat if  year>=1993 & cleansam
> ple==1 ${teenweight`w'} , absorb( ${a`s'} postcont postcontf  precont precont
> f earlycont earlycontf ) cluster(statenum)
 62.                         sum quarterdate if e(sample)==1
 63.                         estadd local begquarter = r(min)
 64.                         estadd local endquarter = r(max)
 65. 
.                         *est save "${estimates}Event_agg_`b'_`w'_`s'_epop", r
> eplace
.                         *est use "${estimates}Event_agg_`b'_`w'_`s'_epop"
.                         
.                         local dof = e(df_r)
 66. 
.                         lincomestadd (($lincomagg) * (1/5))*${teenC},statname
> (ests)
 67.                 
.                         estadd local period "1993-2016"
 68.                         tab     statenum if e(sample), nofreq
 69.                         local temp = r(r)
 70.                         estadd local states "`temp'"
 71.                         estadd local outcome "Actual epop"
 72.                         eststo teenpost1992_EBC`s'
 73. 
.                         
.                         }
 74.                 }
 75.         }

    Variable |     Obs      Weight        Mean   Std. dev.       Min        Max
-------------+-----------------------------------------------------------------
    DMW_real |     137   677763561    .8028209   .4050374   .2514448   2.193727

    Variable |     Obs      Weight        Mean   Std. dev.       Min        Max
-------------+-----------------------------------------------------------------
     MW_real |     189   889556030     7.81842   .9477294   6.075942   11.42869

    Variable |     Obs      Weight        Mean   Std. dev.       Min        Max
-------------+-----------------------------------------------------------------
    DMW_real |     137  50510476.8    .8047638   .4073697   .2514448   2.193727

    Variable |     Obs      Weight        Mean   Std. dev.       Min        Max
-------------+-----------------------------------------------------------------
     MW_real |     189  66511700.3    7.816671   .9458377   6.075942   11.42869

    Variable |        Obs        Mean    Std. dev.       Min        Max
-------------+---------------------------------------------------------
 quarterdate |      7,242    153.6901    43.94461         79        227

added macro:
         e(begquarter) : "79"

added macro:
         e(endquarter) : "227"

 ( 1)  - 17.30151*F4treat + 3.460303*treat + 3.460303*L4treat +
       3.460303*L8treat + 3.460303*L12treat + 3.460303*L16treat = 0

------------------------------------------------------------------------------
        epop | Coefficient  Std. err.      t    P>|t|     [95% conf. interval]
-------------+----------------------------------------------------------------
         (1) |   .0162772   .0285209     0.57   0.571    -.0410088    .0735631
------------------------------------------------------------------------------

added macro:
              e(estsb) : "0.016"

added macro:
             e(estsse) : "(0.029)"

added macro:
             e(period) : "1979-2016"

added macro:
             e(states) : "51"

added macro:
            e(outcome) : "Actual epop"

    Variable |        Obs        Mean    Std. dev.       Min        Max
-------------+---------------------------------------------------------
 quarterdate |      7,242    153.6901    43.94461         79        227

added macro:
         e(begquarter) : "79"

added macro:
         e(endquarter) : "227"

 ( 1)  - 31.62392*F4treat + 6.324784*treat + 6.324784*L4treat +
       6.324784*L8treat + 6.324784*L12treat + 6.324784*L16treat = 0

------------------------------------------------------------------------------
    teenepop | Coefficient  Std. err.      t    P>|t|     [95% conf. interval]
-------------+----------------------------------------------------------------
         (1) |   .1629767   .1154806     1.41   0.164    -.0689729    .3949262
------------------------------------------------------------------------------

added macro:
              e(estsb) : "0.163"

added macro:
             e(estsse) : "(0.115)"

added macro:
             e(period) : "1979-2016"

added macro:
             e(states) : "51"

added macro:
            e(outcome) : "Actual epop"

    Variable |        Obs        Mean    Std. dev.       Min        Max
-------------+---------------------------------------------------------
 quarterdate |      4,538    182.6941    26.24502        132        227

added macro:
         e(begquarter) : "132"

added macro:
         e(endquarter) : "227"

 ( 1)  - 17.30151*F4treat + 3.460303*treat + 3.460303*L4treat +
       3.460303*L8treat + 3.460303*L12treat + 3.460303*L16treat = 0

------------------------------------------------------------------------------
        epop | Coefficient  Std. err.      t    P>|t|     [95% conf. interval]
-------------+----------------------------------------------------------------
         (1) |  -.0090095   .0175209    -0.51   0.609    -.0442013    .0261822
------------------------------------------------------------------------------

added macro:
              e(estsb) : "-0.009"

added macro:
             e(estsse) : "(0.018)"

added macro:
             e(period) : "1993-2016"

added macro:
             e(states) : "51"

added macro:
            e(outcome) : "Actual epop"

    Variable |        Obs        Mean    Std. dev.       Min        Max
-------------+---------------------------------------------------------
 quarterdate |      4,538    182.6941    26.24502        132        227

added macro:
         e(begquarter) : "132"

added macro:
         e(endquarter) : "227"

 ( 1)  - 31.62392*F4treat + 6.324784*treat + 6.324784*L4treat +
       6.324784*L8treat + 6.324784*L12treat + 6.324784*L16treat = 0

------------------------------------------------------------------------------
    teenepop | Coefficient  Std. err.      t    P>|t|     [95% conf. interval]
-------------+----------------------------------------------------------------
         (1) |   .1618811   .1351597     1.20   0.237    -.1095951    .4333573
------------------------------------------------------------------------------

added macro:
              e(estsb) : "0.162"

added macro:
             e(estsse) : "(0.135)"

added macro:
             e(period) : "1993-2016"

added macro:
             e(states) : "51"

added macro:
            e(outcome) : "Actual epop"

    Variable |     Obs      Weight        Mean   Std. dev.       Min        Max
-------------+-----------------------------------------------------------------
    DMW_real |     137   677763561    .8028209   .4050374   .2514448   2.193727

    Variable |     Obs      Weight        Mean   Std. dev.       Min        Max
-------------+-----------------------------------------------------------------
     MW_real |     189   889556030     7.81842   .9477294   6.075942   11.42869

    Variable |     Obs      Weight        Mean   Std. dev.       Min        Max
-------------+-----------------------------------------------------------------
    DMW_real |     137  50510476.8    .8047638   .4073697   .2514448   2.193727

    Variable |     Obs      Weight        Mean   Std. dev.       Min        Max
-------------+-----------------------------------------------------------------
     MW_real |     189  66511700.3    7.816671   .9458377   6.075942   11.42869

    Variable |        Obs        Mean    Std. dev.       Min        Max
-------------+---------------------------------------------------------
 quarterdate |      7,242    153.6901    43.94461         79        227

added macro:
         e(begquarter) : "79"

added macro:
         e(endquarter) : "227"

 ( 1)  - 17.30151*F4treat + 3.460303*treat + 3.460303*L4treat +
       3.460303*L8treat + 3.460303*L12treat + 3.460303*L16treat = 0

------------------------------------------------------------------------------
        epop | Coefficient  Std. err.      t    P>|t|     [95% conf. interval]
-------------+----------------------------------------------------------------
         (1) |   .0219788   .0228255     0.96   0.340    -.0238676    .0678251
------------------------------------------------------------------------------

added macro:
              e(estsb) : "0.022"

added macro:
             e(estsse) : "(0.023)"

added macro:
             e(period) : "1979-2016"

added macro:
             e(states) : "51"

added macro:
            e(outcome) : "Actual epop"

    Variable |        Obs        Mean    Std. dev.       Min        Max
-------------+---------------------------------------------------------
 quarterdate |      7,242    153.6901    43.94461         79        227

added macro:
         e(begquarter) : "79"

added macro:
         e(endquarter) : "227"

 ( 1)  - 31.62392*F4treat + 6.324784*treat + 6.324784*L4treat +
       6.324784*L8treat + 6.324784*L12treat + 6.324784*L16treat = 0

------------------------------------------------------------------------------
    teenepop | Coefficient  Std. err.      t    P>|t|     [95% conf. interval]
-------------+----------------------------------------------------------------
         (1) |   .1618803   .0997758     1.62   0.111    -.0385252    .3622859
------------------------------------------------------------------------------

added macro:
              e(estsb) : "0.162"

added macro:
             e(estsse) : "(0.100)"

added macro:
             e(period) : "1979-2016"

added macro:
             e(states) : "51"

added macro:
            e(outcome) : "Actual epop"

    Variable |        Obs        Mean    Std. dev.       Min        Max
-------------+---------------------------------------------------------
 quarterdate |      4,538    182.6941    26.24502        132        227

added macro:
         e(begquarter) : "132"

added macro:
         e(endquarter) : "227"

 ( 1)  - 17.30151*F4treat + 3.460303*treat + 3.460303*L4treat +
       3.460303*L8treat + 3.460303*L12treat + 3.460303*L16treat = 0

------------------------------------------------------------------------------
        epop | Coefficient  Std. err.      t    P>|t|     [95% conf. interval]
-------------+----------------------------------------------------------------
         (1) |   .0056112   .0159482     0.35   0.726    -.0264217    .0376441
------------------------------------------------------------------------------

added macro:
              e(estsb) : "0.006"

added macro:
             e(estsse) : "(0.016)"

added macro:
             e(period) : "1993-2016"

added macro:
             e(states) : "51"

added macro:
            e(outcome) : "Actual epop"

    Variable |        Obs        Mean    Std. dev.       Min        Max
-------------+---------------------------------------------------------
 quarterdate |      4,538    182.6941    26.24502        132        227

added macro:
         e(begquarter) : "132"

added macro:
         e(endquarter) : "227"

 ( 1)  - 31.62392*F4treat + 6.324784*treat + 6.324784*L4treat +
       6.324784*L8treat + 6.324784*L12treat + 6.324784*L16treat = 0

------------------------------------------------------------------------------
    teenepop | Coefficient  Std. err.      t    P>|t|     [95% conf. interval]
-------------+----------------------------------------------------------------
         (1) |   .1516926   .1213378     1.25   0.217    -.0920215    .3954068
------------------------------------------------------------------------------

added macro:
              e(estsb) : "0.152"

added macro:
             e(estsse) : "(0.121)"

added macro:
             e(period) : "1993-2016"

added macro:
             e(states) : "51"

added macro:
            e(outcome) : "Actual epop"

    Variable |     Obs      Weight        Mean   Std. dev.       Min        Max
-------------+-----------------------------------------------------------------
    DMW_real |     137   677763561    .8028209   .4050374   .2514448   2.193727

    Variable |     Obs      Weight        Mean   Std. dev.       Min        Max
-------------+-----------------------------------------------------------------
     MW_real |     189   889556030     7.81842   .9477294   6.075942   11.42869

    Variable |     Obs      Weight        Mean   Std. dev.       Min        Max
-------------+-----------------------------------------------------------------
    DMW_real |     137  50510476.8    .8047638   .4073697   .2514448   2.193727

    Variable |     Obs      Weight        Mean   Std. dev.       Min        Max
-------------+-----------------------------------------------------------------
     MW_real |     189  66511700.3    7.816671   .9458377   6.075942   11.42869

    Variable |        Obs        Mean    Std. dev.       Min        Max
-------------+---------------------------------------------------------
 quarterdate |      7,242    153.6901    43.94461         79        227

added macro:
         e(begquarter) : "79"

added macro:
         e(endquarter) : "227"

 ( 1)  - 17.30151*F4treat + 3.460303*treat + 3.460303*L4treat +
       3.460303*L8treat + 3.460303*L12treat + 3.460303*L16treat = 0

------------------------------------------------------------------------------
        epop | Coefficient  Std. err.      t    P>|t|     [95% conf. interval]
-------------+----------------------------------------------------------------
         (1) |   .0220139    .027566     0.80   0.428    -.0333541    .0773819
------------------------------------------------------------------------------

added macro:
              e(estsb) : "0.022"

added macro:
             e(estsse) : "(0.028)"

added macro:
             e(period) : "1979-2016"

added macro:
             e(states) : "51"

added macro:
            e(outcome) : "Actual epop"

    Variable |        Obs        Mean    Std. dev.       Min        Max
-------------+---------------------------------------------------------
 quarterdate |      7,242    153.6901    43.94461         79        227

added macro:
         e(begquarter) : "79"

added macro:
         e(endquarter) : "227"

 ( 1)  - 31.62392*F4treat + 6.324784*treat + 6.324784*L4treat +
       6.324784*L8treat + 6.324784*L12treat + 6.324784*L16treat = 0

------------------------------------------------------------------------------
    teenepop | Coefficient  Std. err.      t    P>|t|     [95% conf. interval]
-------------+----------------------------------------------------------------
         (1) |    .317048   .0983483     3.22   0.002     .1195097    .5145864
------------------------------------------------------------------------------

added macro:
              e(estsb) : "0.317***"

added macro:
             e(estsse) : "(0.098)"

added macro:
             e(period) : "1979-2016"

added macro:
             e(states) : "51"

added macro:
            e(outcome) : "Actual epop"

    Variable |        Obs        Mean    Std. dev.       Min        Max
-------------+---------------------------------------------------------
 quarterdate |      4,538    182.6941    26.24502        132        227

added macro:
         e(begquarter) : "132"

added macro:
         e(endquarter) : "227"

 ( 1)  - 17.30151*F4treat + 3.460303*treat + 3.460303*L4treat +
       3.460303*L8treat + 3.460303*L12treat + 3.460303*L16treat = 0

------------------------------------------------------------------------------
        epop | Coefficient  Std. err.      t    P>|t|     [95% conf. interval]
-------------+----------------------------------------------------------------
         (1) |   .0205232   .0321367     0.64   0.526    -.0440253    .0850717
------------------------------------------------------------------------------

added macro:
              e(estsb) : "0.021"

added macro:
             e(estsse) : "(0.032)"

added macro:
             e(period) : "1993-2016"

added macro:
             e(states) : "51"

added macro:
            e(outcome) : "Actual epop"

    Variable |        Obs        Mean    Std. dev.       Min        Max
-------------+---------------------------------------------------------
 quarterdate |      4,538    182.6941    26.24502        132        227

added macro:
         e(begquarter) : "132"

added macro:
         e(endquarter) : "227"

 ( 1)  - 31.62392*F4treat + 6.324784*treat + 6.324784*L4treat +
       6.324784*L8treat + 6.324784*L12treat + 6.324784*L16treat = 0

------------------------------------------------------------------------------
    teenepop | Coefficient  Std. err.      t    P>|t|     [95% conf. interval]
-------------+----------------------------------------------------------------
         (1) |   .2698478   .1318564     2.05   0.046     .0050064    .5346892
------------------------------------------------------------------------------

added macro:
              e(estsb) : "0.270**"

added macro:
             e(estsse) : "(0.132)"

added macro:
             e(period) : "1993-2016"

added macro:
             e(states) : "51"

added macro:
            e(outcome) : "Actual epop"

    Variable |     Obs      Weight        Mean   Std. dev.       Min        Max
-------------+-----------------------------------------------------------------
    DMW_real |     137   677763561    .8028209   .4050374   .2514448   2.193727

    Variable |     Obs      Weight        Mean   Std. dev.       Min        Max
-------------+-----------------------------------------------------------------
     MW_real |     189   889556030     7.81842   .9477294   6.075942   11.42869

    Variable |     Obs      Weight        Mean   Std. dev.       Min        Max
-------------+-----------------------------------------------------------------
    DMW_real |     137  50510476.8    .8047638   .4073697   .2514448   2.193727

    Variable |     Obs      Weight        Mean   Std. dev.       Min        Max
-------------+-----------------------------------------------------------------
     MW_real |     189  66511700.3    7.816671   .9458377   6.075942   11.42869

    Variable |        Obs        Mean    Std. dev.       Min        Max
-------------+---------------------------------------------------------
 quarterdate |      7,191    154.2199    43.64602         80        227

added macro:
         e(begquarter) : "80"

added macro:
         e(endquarter) : "227"

 ( 1)  - 17.30151*F4treat + 3.460303*treat + 3.460303*L4treat +
       3.460303*L8treat + 3.460303*L12treat + 3.460303*L16treat = 0

------------------------------------------------------------------------------
        epop | Coefficient  Std. err.      t    P>|t|     [95% conf. interval]
-------------+----------------------------------------------------------------
         (1) |   .0088871   .0284852     0.31   0.756    -.0483271    .0661013
------------------------------------------------------------------------------

added macro:
              e(estsb) : "0.009"

added macro:
             e(estsse) : "(0.028)"

added macro:
             e(period) : "1979-2016"

added macro:
             e(states) : "51"

added macro:
            e(outcome) : "Actual epop"

    Variable |        Obs        Mean    Std. dev.       Min        Max
-------------+---------------------------------------------------------
 quarterdate |      7,191    154.2199    43.64602         80        227

added macro:
         e(begquarter) : "80"

added macro:
         e(endquarter) : "227"

 ( 1)  - 31.62392*F4treat + 6.324784*treat + 6.324784*L4treat +
       6.324784*L8treat + 6.324784*L12treat + 6.324784*L16treat = 0

------------------------------------------------------------------------------
    teenepop | Coefficient  Std. err.      t    P>|t|     [95% conf. interval]
-------------+----------------------------------------------------------------
         (1) |   .1545842   .1147623     1.35   0.184    -.0759225     .385091
------------------------------------------------------------------------------

added macro:
              e(estsb) : "0.155"

added macro:
             e(estsse) : "(0.115)"

added macro:
             e(period) : "1979-2016"

added macro:
             e(states) : "51"

added macro:
            e(outcome) : "Actual epop"

    Variable |        Obs        Mean    Std. dev.       Min        Max
-------------+---------------------------------------------------------
 quarterdate |      4,538    182.6941    26.24502        132        227

added macro:
         e(begquarter) : "132"

added macro:
         e(endquarter) : "227"

 ( 1)  - 17.30151*F4treat + 3.460303*treat + 3.460303*L4treat +
       3.460303*L8treat + 3.460303*L12treat + 3.460303*L16treat = 0

------------------------------------------------------------------------------
        epop | Coefficient  Std. err.      t    P>|t|     [95% conf. interval]
-------------+----------------------------------------------------------------
         (1) |  -.0093762   .0177138    -0.53   0.599    -.0449554    .0262029
------------------------------------------------------------------------------

added macro:
              e(estsb) : "-0.009"

added macro:
             e(estsse) : "(0.018)"

added macro:
             e(period) : "1993-2016"

added macro:
             e(states) : "51"

added macro:
            e(outcome) : "Actual epop"

    Variable |        Obs        Mean    Std. dev.       Min        Max
-------------+---------------------------------------------------------
 quarterdate |      4,538    182.6941    26.24502        132        227

added macro:
         e(begquarter) : "132"

added macro:
         e(endquarter) : "227"

 ( 1)  - 31.62392*F4treat + 6.324784*treat + 6.324784*L4treat +
       6.324784*L8treat + 6.324784*L12treat + 6.324784*L16treat = 0

------------------------------------------------------------------------------
    teenepop | Coefficient  Std. err.      t    P>|t|     [95% conf. interval]
-------------+----------------------------------------------------------------
         (1) |   .1617701   .1356024     1.19   0.239    -.1105953    .4341355
------------------------------------------------------------------------------

added macro:
              e(estsb) : "0.162"

added macro:
             e(estsse) : "(0.136)"

added macro:
             e(period) : "1993-2016"

added macro:
             e(states) : "51"

added macro:
            e(outcome) : "Actual epop"

. *               
. 
. 
. 
. 
end of do-file

. 
. 
. esttab actual_TWFE1 actual_TWFE2 actual_TWFE321 post1992_TWFE1 ///
> using "${tables}TableG3.tex", replace ///
> stats(blankspace blankspace estsb estsse  blankspace N, labels("\multicolumn{
> 1}{l}{Panel A: FE}" "\cmidrule{1-1}" "Emp. elas. wrt MW" " " "Number of obser
> vations" " ")) ///
> mgroups("Baseline" "\specialcell{State-specific \\ linear trends}" "\specialc
> ell{Base period \\ occ. \& ind. shares}" "Post-1992 sample", pattern(1 1 1 1)
> ) ///
> mlabels("(1)" "(2)" "(3)" "(4)", prefix(\multicolumn{@span}{c}{) suffix(}) sp
> an erepeat(\cmidrule(l{0.2cm}r{0.2cm}){@span})) ///
> booktabs fragment nonotes nolines nomtitles nonumbers nogaps compress cells(n
> one) nodepvar
(file
    /Users/brycewang/Documents/GitHub/top5-Econ-Paper-Replications/QJE2019-Mi
    > nimum-Wages-Low-Wage-Jobs/Results/Tables/TableG3.tex not found)
(output written to /Users/brycewang/Documents/GitHub/top5-Econ-Paper-Replicatio
> ns/QJE2019-Minimum-Wages-Low-Wage-Jobs/Results/Tables/TableG3.tex)

. 
. esttab actual_EBC1 actual_EBC2 actual_EBC321 post1992_EBC1 ///
> using "${tables}TableG3.tex", append ///
> stats(blankspace blankspace estsb estsse N blankspace , labels("\multicolumn{
> 1}{l}{Panel B: EB}" "\cmidrule{1-1}" "Emp. elas. wrt MW" " " "Number of obser
> vations " " " )) ///
> booktabs fragment nonotes nolines nomtitles nonumbers nogaps compress cells(n
> one) nodepvar
(output written to /Users/brycewang/Documents/GitHub/top5-Econ-Paper-Replicatio
> ns/QJE2019-Minimum-Wages-Low-Wage-Jobs/Results/Tables/TableG3.tex)

. 
. esttab actual_FD1 actual_FD2 actual_FD321 post1992_FD1  ///
> using "${tables}TableG3.tex", append ///
> stats(blankspace blankspace estsb estsse blankspace  states period N, labels(
> "\multicolumn{1}{l}{Panel C: FD}" "\cmidrule{1-1}" "Emp. elas. wrt MW" " " " 
> " "Number of states" "Period estimated" "Number of observations")) ///
> booktabs fragment nonotes nolines nomtitles nonumbers nogaps compress cells(n
> one) nodepvar substitute(_\ \)
(output written to /Users/brycewang/Documents/GitHub/top5-Econ-Paper-Replicatio
> ns/QJE2019-Minimum-Wages-Low-Wage-Jobs/Results/Tables/TableG3.tex)

. 
. 
. 
. esttab teenactual_TWFE1 teenactual_TWFE2  teenpost1992_TWFE1 teenpost1992_TWF
> E2 ///
> using "${tables}TableG7.tex", replace ///
> stats(blankspace blankspace estsb estsse  N blankspace, labels("\multicolumn{
> 1}{l}{Panel A: FE}" "\cmidrule{1-1}" "Emp. elas. wrt MW" " " "Number of obser
> vations " " ")) ///
> mgroups("Baseline" "\specialcell{State-specific \\ linear trends}" "Post-1992
>  sample"  "Post-1992 sample \& \\ State-specific \\ linear trends", pattern(1
>  1 1 1)) ///
> mlabels("(1)" "(2)" "(3)" "(4)", prefix(\multicolumn{@span}{c}{) suffix(}) sp
> an erepeat(\cmidrule(l{0.2cm}r{0.2cm}){@span})) ///
> booktabs fragment nonotes nolines nomtitles nonumbers nogaps compress cells(n
> one) nodepvar
(file
    /Users/brycewang/Documents/GitHub/top5-Econ-Paper-Replications/QJE2019-Mi
    > nimum-Wages-Low-Wage-Jobs/Results/Tables/TableG7.tex not found)
(output written to /Users/brycewang/Documents/GitHub/top5-Econ-Paper-Replicatio
> ns/QJE2019-Minimum-Wages-Low-Wage-Jobs/Results/Tables/TableG7.tex)

. 
. esttab teenactual_EBC1 teenactual_EBC2  teenpost1992_EBC1 teenpost1992_EBC2 /
> //
> using "${tables}TableG7.tex", append ///
> stats(blankspace blankspace estsb estsse N blankspace , labels("\multicolumn{
> 1}{l}{Panel B: EB}" "\cmidrule{1-1}" "Emp. elas. wrt MW" " " "Number of obser
> vations " " " )) ///
> booktabs fragment nonotes nolines nomtitles nonumbers nogaps compress cells(n
> one) nodepvar
(output written to /Users/brycewang/Documents/GitHub/top5-Econ-Paper-Replicatio
> ns/QJE2019-Minimum-Wages-Low-Wage-Jobs/Results/Tables/TableG7.tex)

. 
. esttab teenactual_FD1 teenactual_FD2  teenpost1992_FD1  teenpost1992_FD2  ///
> using "${tables}TableG7.tex", append ///
> stats(blankspace blankspace estsb estsse blankspace  states period N, labels(
> "\multicolumn{1}{l}{Panel C: FD}" "\cmidrule{1-1}" "Emp. elas. wrt MW" " " " 
> " "Number of states" "Period estimated" "Number of observations")) ///
> booktabs fragment nonotes nolines nomtitles nonumbers nogaps compress cells(n
> one) nodepvar substitute(_\ \)
(output written to /Users/brycewang/Documents/GitHub/top5-Econ-Paper-Replicatio
> ns/QJE2019-Minimum-Wages-Low-Wage-Jobs/Results/Tables/TableG7.tex)

. 
. 
. 
. esttab actual_TWFE1 actual_TWFE611 ///
> using "${tables}TableG4.tex", replace ///
> stats(blankspace blankspace estsb estsse N  blankspace, labels("\multicolumn{
> 1}{l}{Panel A: FE}" "\cmidrule{1-1}" "Emp. elas. wrt MW" " " "Number of obser
> vations " " ")) ///
> mgroups("Baseline" "\specialcell{With continuous \\ PVI control}", pattern(1 
> 1)) ///
> mlabels("(1)" "(2)", prefix(\multicolumn{@span}{c}{) suffix(}) span erepeat(\
> cmidrule(l{0.2cm}r{0.2cm}){@span})) ///
> booktabs fragment nonotes nolines nomtitles nonumbers nogaps compress cells(n
> one) nodepvar
(file
    /Users/brycewang/Documents/GitHub/top5-Econ-Paper-Replications/QJE2019-Mi
    > nimum-Wages-Low-Wage-Jobs/Results/Tables/TableG4.tex not found)
(output written to /Users/brycewang/Documents/GitHub/top5-Econ-Paper-Replicatio
> ns/QJE2019-Minimum-Wages-Low-Wage-Jobs/Results/Tables/TableG4.tex)

. 
. esttab actual_EBC1 actual_EBC611  ///
> using "${tables}TableG4.tex", append ///
> stats(blankspace blankspace estsb estsse N blankspace , labels("\multicolumn{
> 1}{l}{Panel B: EB}" "\cmidrule{1-1}" "Emp. elas. wrt MW" " " "Number of obser
> vations " " ")) ///
> booktabs fragment nonotes nolines nomtitles nonumbers nogaps compress cells(n
> one) nodepvar
(output written to /Users/brycewang/Documents/GitHub/top5-Econ-Paper-Replicatio
> ns/QJE2019-Minimum-Wages-Low-Wage-Jobs/Results/Tables/TableG4.tex)

. 
. esttab actual_FD1 actual_FD611  ///
> using "${tables}TableG4.tex", append ///
> stats(blankspace blankspace estsb estsse blankspace states period N, labels("
> \multicolumn{1}{l}{Panel C: FD}" "\cmidrule{1-1}" "Emp. elas. wrt MW" " " " "
>  "Number of states" "Period estimated" "Number of observations")) ///
> booktabs fragment nonotes nolines nomtitles nonumbers nogaps compress cells(n
> one) nodepvar substitute(_\ \)
(output written to /Users/brycewang/Documents/GitHub/top5-Econ-Paper-Replicatio
> ns/QJE2019-Minimum-Wages-Low-Wage-Jobs/Results/Tables/TableG4.tex)

. 
end of do-file
