-------------------------------------------------------------------------------
      name:  steplogsmcl
       log:  /Users/brycewang/Documents/GitHub/top5-Econ-Paper-Replications/QJE
> 2019-Minimum-Wages-Low-Wage-Jobs/Results/logs/Appendix_Table_A5.log
  log type:  text
 opened on:  17 Sep 2026, 06:05:19

. 
. *This do file is created by DC on 07/08/2016.
. *****************************************************************************
> ***
. **************        Table 4             ***********************************
> ***
. *****************************************************************************
> ***
. 
. 
. *Alternative wage windows
. * The first argument in do is for upper bound. User can add a second argument
>  for lower bound.
. *If lower bound is not specified, it is 4.
. 
. do "${dofiles}alternativewagewindows.do" 2

. 
. *This do file is created by DC on 07/08/2016.
. *****************************************************************************
> ***
. ***************************   Table 1      **********************************
> ***
. *****************************************************************************
> ***
. *Results on non-linear effects: The treatment events into quintiles by the be
> low mass share.
. *Estimate the effect of all five quintiles separately.
. *1979 onwards
. *Note that regression is commented out. Figure creation is also commented out
> .
. 
. 
. 
. *****************************************************************************
> ***
. *****************************************************************************
> ***
. *****************************************************************************
> ***
. 
. 
. 
. **** DEFINE REGRESSION COMMAND AND CONTROLS *****
. 
. 
. foreach s in 0a 0 1 1b 3 4 5 6 7 8 9 10 11 12{
  2.         global rtype`s' reghdfe
  3. }

. global rtype2 regifewtab

. 
. 
. global a1  i.wagebinstate i.wagequarterdate  // distributional TWFE

. global a4 i.wagebinstate##c.quarterdate i.wagequarterdate // state-trends

. global a5 i.wagebinstate i.wagequarterdate##i.division // div-period

. global a6 i.wagebinstate##c.quarterdate i.wagequarterdate##i.division // div-
> period, statetrends

. global a10 i.wagebinstate##c.quarterdate i.wagebinstate##c.quarterdatesq i.wa
> gequarterdate // state-quadratic-trends

. global a11 i.wagebinstate##c.quarterdate i.wagebinstate##c.quarterdatesq i.wa
> gequarterdate##i.division // state-quadratic-trends

. global a12 i.wagebinstate i.wagequarterdate i.quarterdate##i.statenum // stat
> eXquarter FE.

. 
. 
. global opt2 f(wagequarterdate wagebinstate, 3)

. 
. 
. global label0a aTWFE

. global label0 Canonical

. global label1 TWFE

. global label1b TWFE

. global label2 IFE

. global label3 Ind-ST

. global label4 ST

. global label5 DP

. global label6 ST_DP

. global label7 Ind-ST-DP

. global label8 CSP

. global label9 ST-CSP

. global label10 STQ

. global label11 STQ_DP

. global label12 STP

. 
. local wageupper = `1'

. 
. 
. if "`wagelower'"==""{
. local wagelower = 4
. }

. else{
. local wagelower = `2'
. }

. 
. scalar forcluster = `wagelower' + `wageupper' + 1

. if `=forcluster'>10{
. local clustervar "clustervar"
. }

. else{
. local clustervar "statenum"
. }

. *
. 
. 
. use "${data}qcew_state_overall_counts_2016.dta", clear

. rename statefips statenum

. gen quarterdate = yq(year, quarter)

. tempfile qcew

. save `qcew'
file /var/folders/bm/2cq1vtmd5wg6k0vdjfpvbmww0000gn/T//St49517.000001 saved
    as .dta format

. 
. 
. 
. treatmentcontrolwindows, wmax(`wageupper') wmin(`wagelower')

. di "You set upper bound as `wageupper' and lower bound as `wagelower'."
You set upper bound as 2 and lower bound as 4.

. *The following calls the data.
. treatmentdefinition
You are using the primary working data.

Panel variable: wagebinstate (strongly balanced)
 Time variable: quarterdate, 76 to 227
         Delta: 1 unit

. 
. 
. merge m:1 statenum quarterdate using `qcew',assert(3) nogenerate
(variable quarterdate was int, now float to accommodate using data's values)

    Result                      Number of obs
    -----------------------------------------
    Not matched                             0
    Matched                           906,984  
    -----------------------------------------

. 
. replace count = count*emp/countall if emp!=0
(710,139 real changes made)

. cap drop overallcountpc

. gen overallcountpc=count/population

. replace overallcountpcall = emp/population  if emp!=0
(905,112 real changes made)

. 
. 
. *****************************************************************************
> ***
. ***********       Correcting Aggregate Controls         *********************
> ***
. *****************************************************************************
> ***
. 
. xtset wagebinstate quarterdate

Panel variable: wagebinstate (strongly balanced)
 Time variable: quarterdate, 76 to 227
         Delta: 1 unit

. correctaggcont, tmin(12) tmax(16) wmin(`wagelower') wmax(`wageupper')
(2,772 real changes made)
(17,901 missing values generated)
(8,739 real changes made, 5,967 to missing)
(8,739 real changes made, 5,967 to missing)
(8,739 real changes made, 5,967 to missing)
(8,739 real changes made, 5,967 to missing)
(8,739 real changes made, 5,967 to missing)
(8,739 real changes made, 5,967 to missing)
(8,739 real changes made, 5,967 to missing)
(8,739 real changes made, 5,967 to missing)
(8,739 real changes made, 5,967 to missing)
(8,739 real changes made, 5,967 to missing)
(8,739 real changes made, 5,967 to missing)
(8,739 real changes made, 5,967 to missing)
(8,739 real changes made, 5,967 to missing)
(8,739 real changes made, 5,967 to missing)
(8,739 real changes made, 5,967 to missing)
(8,739 real changes made, 5,967 to missing)
(8,739 real changes made, 5,967 to missing)
(8,739 real changes made, 5,967 to missing)
(8,739 real changes made, 5,967 to missing)
(3,696 real changes made)
(17,901 missing values generated)
(9,663 real changes made, 5,967 to missing)
(9,663 real changes made, 5,967 to missing)
(9,663 real changes made, 5,967 to missing)
(9,663 real changes made, 5,967 to missing)
(9,663 real changes made, 5,967 to missing)
(9,663 real changes made, 5,967 to missing)
(9,663 real changes made, 5,967 to missing)
(9,663 real changes made, 5,967 to missing)
(9,663 real changes made, 5,967 to missing)
(9,663 real changes made, 5,967 to missing)
(9,663 real changes made, 5,967 to missing)
(9,663 real changes made, 5,967 to missing)
(9,663 real changes made, 5,967 to missing)
(9,663 real changes made, 5,967 to missing)
(9,663 real changes made, 5,967 to missing)
(9,663 real changes made, 5,967 to missing)
(9,663 real changes made, 5,967 to missing)
(9,663 real changes made, 5,967 to missing)
(9,663 real changes made, 5,967 to missing)
(23,868 missing values generated)
(23,868 real changes made)
(23,868 missing values generated)
(23,868 real changes made)
(71,604 missing values generated)
(71,604 real changes made)
(71,604 missing values generated)
(71,604 real changes made)
(3,060 real changes made)
(17,901 missing values generated)
(9,027 real changes made, 5,967 to missing)
(9,015 real changes made, 5,967 to missing)
(9,015 real changes made, 5,967 to missing)
(8,991 real changes made, 5,967 to missing)
(8,991 real changes made, 5,967 to missing)
(8,979 real changes made, 5,967 to missing)
(8,979 real changes made, 5,967 to missing)
(8,883 real changes made, 5,967 to missing)
(8,883 real changes made, 5,967 to missing)
(8,883 real changes made, 5,967 to missing)
(8,883 real changes made, 5,967 to missing)
(8,763 real changes made, 5,967 to missing)
(8,763 real changes made, 5,967 to missing)
(8,763 real changes made, 5,967 to missing)
(8,763 real changes made, 5,967 to missing)
(8,643 real changes made, 5,967 to missing)
(8,643 real changes made, 5,967 to missing)
(8,643 real changes made, 5,967 to missing)
(8,643 real changes made, 5,967 to missing)
(4,080 real changes made)
(17,901 missing values generated)
(10,047 real changes made, 5,967 to missing)
(10,031 real changes made, 5,967 to missing)
(10,031 real changes made, 5,967 to missing)
(9,999 real changes made, 5,967 to missing)
(9,999 real changes made, 5,967 to missing)
(9,983 real changes made, 5,967 to missing)
(9,983 real changes made, 5,967 to missing)
(9,855 real changes made, 5,967 to missing)
(9,855 real changes made, 5,967 to missing)
(9,855 real changes made, 5,967 to missing)
(9,855 real changes made, 5,967 to missing)
(9,695 real changes made, 5,967 to missing)
(9,695 real changes made, 5,967 to missing)
(9,695 real changes made, 5,967 to missing)
(9,695 real changes made, 5,967 to missing)
(9,535 real changes made, 5,967 to missing)
(9,535 real changes made, 5,967 to missing)
(9,535 real changes made, 5,967 to missing)
(9,535 real changes made, 5,967 to missing)
(23,868 missing values generated)
(23,868 real changes made)
(23,868 missing values generated)
(23,868 real changes made)
(71,604 missing values generated)
(71,604 real changes made)
(71,604 missing values generated)
(71,604 real changes made)
(113,373 real changes made)
(113,373 real changes made)
(113,373 real changes made)
(113,373 real changes made)

. 
. *****************************************************************************
> ***
. *****************************************************************************
> ***
. *****************************************************************************
> ***
. 
. 
. abovebelowbunch, wmax(`wageupper') wmin(`wagelower')

. 
. abovebelowfull
Make sure that belowL16 and aboveL16 exists. Otherwise the program does not wor
> k. Assertion will be false.

. 
. *****************************************************************************
> ***
. ***********************           Weights           *************************
> ***
. *****************************************************************************
> ***
. 
. cap drop wt

. foreach Y in   overall teen  HSL female BH  {
  2.         foreach b of numlist 1995 1979{
  3.                                         global weight`Y'`b' "[aw=wt`Y'`b']
> "
  4.                                         }
  5. }

. *
. 
. 
. foreach Y in   overall teen  HSL female BH  {
  2.                 foreach H in FTE{
  3.         foreach b of numlist /*1995*/ 1979{
  4.                                         global weight`Y'`H'`b' "[aw=wt`Y'`
> b']"
  5.                                         }
  6.         }
  7. }

. *
. 
. *****************************************************************************
> ***
. **************     Sample and Control Specific Macros           *************
> ***
. *****************************************************************************
> ***
. 
. 
. local limittreat "_stateonly"

. 
. 
. xtset wagebinstate quarterdate

Panel variable: wagebinstate (strongly balanced)
 Time variable: quarterdate, 76 to 227
         Delta: 1 unit

. 
. 
. 
. *****************************************************************************
> ***
. **************      To name the graph              **************************
> ***
. *****************************************************************************
> ***
. 
. if "${disagg}" == "Y"{
. local temp1 "disaggcont"
. }

. else{
. local temp1 "aggcont"
. }

. 
. if "$controlmethod" == "Linear"{
. local temp2 "L"
. }

. else{
. if "$controlmethod" == "None"{
. local temp1 "nocont"
. }
. else{
. local temp2 "A"
. }
. }

. cap drop one

. g one =1

. *
. 
. 
. 
. *****************************************************************************
> ***
. ***************          Useful to Find Below Share Wages               *****
> ***
. *****************************************************************************
> ***
. 
. 
. cap drop statequarterdate

. egen statequarterdate = group(state quarterdate)

. sort statequarterdate wagebins

. 
. cap drop overallWB*

. g overallWBFH = wagebins*count/(100)

. g overallWBpcFH = wagebins*count/(100*population)

. 
. cap drop overallWBpcrsumFH

. g overallWBpcrsumFH=0

. replace overallWBpcrsumFH = overallWBpcFH if wagebins==100
(2,827 real changes made)

. replace overallWBpcrsumFH = overallWBpcrsumFH[_n-1] + overallWBpcFH if wagebi
> ns>100
(876,538 real changes made)

. 
. cap drop overallcountpcrsum

. g overallcountpcrsum=0

. replace overallcountpcrsum = overallcountpc if wagebins==100
(2,827 real changes made)

. replace overallcountpcrsum = overallcountpcrsum[_n-1] + overallcountpc if wag
> ebins>100
(876,538 real changes made)

. 
. 
. if `=forcluster'>10{
.         cap drop temp
.         gen temp = (wagebins==3000)
.         cap drop clustervar
.         egen clustervar = group(statenum temp)
.         cap drop temp
.         sum clustervar, meanonly
.         assert r(max)==102
. }

. *
. 
. *****************************************************************************
> ***
. **********************       REGRESSIONS AND FIGURES        *****************
> ***
. *****************************************************************************
> ***
. xtset wagebinstate quarterdate

Panel variable: wagebinstate (strongly balanced)
 Time variable: quarterdate, 76 to 227
         Delta: 1 unit

. compress
  variable quarterdate was float now int
  variable tempcontf_p was float now byte
  variable postcontf_p was float now byte
  variable tempcontf_m was float now byte
  variable postcontf_m was float now byte
  variable precontf_m was float now byte
  variable precontf_p was float now byte
  variable earlycontf_m was float now byte
  variable earlycontf_p was float now byte
  variable tempcont_p was float now byte
  variable postcont_p was float now byte
  variable tempcont_m was float now byte
  variable postcont_m was float now byte
  variable precont_m was float now byte
  variable precont_p was float now byte
  variable earlycont_m was float now byte
  variable earlycont_p was float now byte
  variable one was float now byte
  variable statequarterdate was float now int
  (49,884,120 bytes saved)

. 
. cap drop one

. cap drop counter

. g one =1

. gen counter = ((_n-1)*4) - $Tmin if _n<=8
(906,976 missing values generated)

. 
. foreach s in  0 1  4  5  6 10  11 12 {
  2.         cap drop be_timeb
  3.         cap drop be_timese
  4.         cap drop be_timeupper
  5.         cap drop be_timelower
  6. 
.         g be_timeb=.
  7.         g be_timese=.
  8.         g be_timeupper=.
  9.         g be_timelower=.
 10. 
.         replace be_timeb=0 if counter==-4
 11.         replace be_timese=0 if counter==-4
 12.         replace be_timeupper=0 if counter==-4
 13.         replace be_timelower=0 if counter==-4
 14. 
.         }
(906,984 missing values generated)
(906,984 missing values generated)
(906,984 missing values generated)
(906,984 missing values generated)
(1 real change made)
(1 real change made)
(1 real change made)
(1 real change made)
(906,984 missing values generated)
(906,984 missing values generated)
(906,984 missing values generated)
(906,984 missing values generated)
(1 real change made)
(1 real change made)
(1 real change made)
(1 real change made)
(906,984 missing values generated)
(906,984 missing values generated)
(906,984 missing values generated)
(906,984 missing values generated)
(1 real change made)
(1 real change made)
(1 real change made)
(1 real change made)
(906,984 missing values generated)
(906,984 missing values generated)
(906,984 missing values generated)
(906,984 missing values generated)
(1 real change made)
(1 real change made)
(1 real change made)
(1 real change made)
(906,984 missing values generated)
(906,984 missing values generated)
(906,984 missing values generated)
(906,984 missing values generated)
(1 real change made)
(1 real change made)
(1 real change made)
(1 real change made)
(906,984 missing values generated)
(906,984 missing values generated)
(906,984 missing values generated)
(906,984 missing values generated)
(1 real change made)
(1 real change made)
(1 real change made)
(1 real change made)
(906,984 missing values generated)
(906,984 missing values generated)
(906,984 missing values generated)
(906,984 missing values generated)
(1 real change made)
(1 real change made)
(1 real change made)
(1 real change made)
(906,984 missing values generated)
(906,984 missing values generated)
(906,984 missing values generated)
(906,984 missing values generated)
(1 real change made)
(1 real change made)
(1 real change made)
(1 real change made)

. *
. 
. foreach Y in   overall /*overallFTE teen teenFTE HSL HSLFTE female femaleFTE 
> BH BHFTE */ {
  2. foreach b in   /* 1995 */ 1979 {
  3.                                         ***  define MW change ***
.                                 sum DMW_real if fedincrease!=1 & overallcount
> gr>0 & year>=`b' & cleansample ==1   ${weight`Y'`b'}
  4.                                 local mwc = r(mean)
  5.                                 sum MW_real if  F.fedincrease!=1 & F.overa
> llcountgr>0 & year>=`b' & cleansample ==1   ${weight`Y'`b'}
  6.                                 local mw = r(mean)
  7.                                 local mwpc = `mwc'/`mw'
  8.                                 local mwpc2 : di  %04.3f `mwpc'
  9. 
.                                 sum `Y'countpcall if ((F.fedincrease != 1 & F
> .fedincrease != . & F.overallcountgr>0 & F.overallcountgr!=. ) | ///
>                                 (F2.fedincrease != 1 & F2.overallcountgr>0 & 
> F2.fedincrease != . & F2.overallcountgr!=. ) ///
>                                 | (F3.fedincrease != 1 & F3.overallcountgr>0 
> & F3.fedincrease != . & F3.overallcountgr!=. ) ///
>                                 | (F4.fedincrease != 1 & F4.overallcountgr>0 
> & F4.fedincrease != . & F4.overallcountgr!=. ) ) & year>=`b' & cleansample ==
> 1 ///
>                                  ${weight`Y'`b'}                 // CHECK THI
> S  2/2/16
 10. 
.                                 local epop = r(mean)
 11.                                 global E = `epop'
 12. 
.                                 global C = 1/(`epop'*`mwpc')
 13. 
. 
.                                 *Below share
. 
. 
.                                 sum overallcountpcrsum if ( F.fedincrease!=1 
> & F.overallcountgr>0 & F.fedincrease!=. & F.overallcountgr!=.  & (wagebins+25
> )/100==F1MW_realM25) | ///
>                                  ( F2.fedincrease!=1 & F2.overallcountgr>0 & 
> F2.fedincrease!=. & F2.overallcountgr!=. & (wagebins+25)/100==F2MW_realM25 ) 
> | ///
>                                 ( F3.fedincrease!=1 & F3.overallcountgr>0 & F
> 3.fedincrease!=. & F3.overallcountgr!=.  & (wagebins+25)/100==F3MW_realM25) |
>  ///
>                                  ( F4.fedincrease!=1 & F4.overallcountgr>0 & 
> F4.fedincrease!=. & F4.overallcountgr!=. & (wagebins+25)/100==F4MW_realM25 ) 
> ///
>                                 & year>=`b' & cleansample ==1      ${weight`Y
> '`b'}
 14. 
.                                 global B = r(mean)/${E}
 15.                                 local belsh2 : di  %04.3f $B
 16. 
.                                 *Affected share
. 
.                                 sum `Y'countpcrsum if (  F.fedincrease!=1 & F
> .overallcountgr>0 & F.fedincrease!=. & F.overallcountgr!=.  & (wagebins)/100=
> =MW_realM25) | ///
>                                  ( F2.fedincrease!=1 & F2.overallcountgr>0 & 
> F2.fedincrease!=. & F2.overallcountgr!=. & (wagebins)/100==MW_realM25 ) | ///
>                                 ( F3.fedincrease!=1 & F3.overallcountgr>0 & F
> 3.fedincrease!=. & F3.overallcountgr!=.  & (wagebins)/100==MW_realM25) | ///
>                                  ( F4.fedincrease!=1 & F4.overallcountgr>0 & 
> F4.fedincrease!=. & F4.overallcountgr!=. & (wagebins)/100==MW_realM25 ) ///
>                                 & year>=1979 & cleansample ==1    ${weight`Y'
> `b'}
 17. 
.                                 global AS`Y' = $B - (r(mean)/${E})
 18.                                 local affsh`Y' : di  %04.3f ${AS`Y'}
 19. 
. 
. 
.                                 *********************************************
> *******************
.                                 *************    Wagebill related globals    
>    ****************
.                                 *********************************************
> *******************
.                                 sum overallWBpcrsumFH if (  F.fedincrease!=1 
> & F.overallcountgr>0 & F.fedincrease!=. & F.overallcountgr!=.   & (wagebins+2
> 5)/100==F1MW_realM25) | ///
>                                  (F2.fedincrease!=1 & F2.overallcountgr>0 & F
> 2.fedincrease!=. & F2.overallcountgr!=. & (wagebins+25)/100==F2MW_realM25 ) |
>  ///
>                                 (F3.fedincrease!=1 & F3.overallcountgr>0 & F3
> .fedincrease!=. & F3.overallcountgr!=.  & (wagebins+25)/100==F3MW_realM25) | 
> ///
>                                  (  F4.fedincrease!=1 & F4.overallcountgr>0 &
>  F4.fedincrease!=. & F4.overallcountgr!=.  & (wagebins+25)/100==F4MW_realM25 
> ) ///
>                                 & year>=`b' & cleansample ==1     ${weight`Y'
> `b'}
 20. 
.                                 global EWB = r(mean)
 21.                                 local EWB2 : di  %04.3f $EWB
 22.                                 cap drop tempweight
 23.                                 global CWB = 1/(${EWB}*`mwpc')
 24. 
.                                 sum wagebins if treat_p0 == 1  & year>=`b' & 
> cleansample ==1   ${weight`Y'`b'}, meanonly
 25.                                 global wagemult = r(mean)/100
 26. 
. 
.                                 *We have to do this here because multipliers 
> are calculated in the loop.
. 
.                                 abovebelowWBbunch,wagemult(${wagemult}) wmax(
> `wageupper') wmin(`wagelower')
 27.                                 abovebelowWBfull
 28. 
. 
.                                 foreach s in /*0*/ 1 /*4 5 6 10 11 12*/ /*0a 
> 0b  4  5 6*/     {
 29.                                 *** REGRESSION ***
.                                 /*
>                                 di "${rtype`s'} `Y'countpc  ${treatbefore} on
> e if  year>=`b'  & cleansample==1  ${weight`Y'`b'} , a(${a`s'}  ${control} ${
> controlafter} ${controlf} ${window} )  cluster(`clustervar')"
>                                 ${rtype`s'} `Y'countpc  ${treatbefore} one if
>   year>=`b'  & cleansample==1  ${weight`Y'`b'} , a(${a`s'}  ${control} ${cont
> rolafter} ${controlf} ${window} )  cluster(`clustervar')
>                                 est save "${estimates}altwwqcew_`wageupper'_`
> wagelower'_before`limitsample'`limittreat'_`s'_`Y'_`b'_`temp1'_`temp2'_${Tmax
> }${Tmin}"
> */
.                                 ${rtype`s'} `Y'countpc  ${treatafter} one if 
>  year>=`b'  & cleansample==1  ${weight`Y'`b'} , a(${a`s'}  ${control} ${contr
> olbefore} ${controlf} ${window} )  cluster(`clustervar')
 30.                                 est save "${estimates}altwwqcew_`wageupper
> '_`wagelower'_after`limitsample'`limittreat'_`s'_`Y'_`b'_`temp1'_`temp2'_${Tm
> ax}${Tmin}", replace
 31. 
.                                 est use "${estimates}altwwqcew_`wageupper'_`w
> agelower'_after`limitsample'`limittreat'_`s'_`Y'_`b'_`temp1'_`temp2'_${Tmax}$
> {Tmin}"
 32.                                 local dof = e(df_r)
 33.                                 local numberobs = e(N)
 34.                                 count if fedincrease!=1 & overallcountgr>0
>  & wagebins==300              // The wage bin does not matter.
 35.                                 local numberevent = r(N)
 36. 
. 
.                                 local denominator = (1/(1+(${Tmax}/4)))
 37. 
. 
. /*
>                                 *********************************************
> *******************
>                                 **************     Figure 4      ************
> *******************
>                                 *********************************************
> *******************
>                                 *Defining globals to get time averaged estima
> tes. Need to define here.
>                                 preserve                                     
>                                                                              
>       // For some reason, sometimes svmat clears the data in memory. To preve
> nt that, we preserve here.
>                                 makefigure_massbywagebin
>                                 graphexportpdf ${figures}Figure4`limitsample'
> `limittreat'_${label`s'}_`Y'_`temp1'_`temp2'.pdf, dropeps
>                                 restore
> 
> 
>                                 *********************************************
> *******************
>                                 **************       Figure 5     ***********
> *******************
>                                 *********************************************
> *******************
> 
>                                 est use "${estimates}Table1abefore`limitsampl
> e'`limittreat'_`s'_`Y'_`b'_`temp1'_`temp2'_${Tmax}${Tmin}"
>                                 makefigure_massovertime_before
>                                 est use "${estimates}Table1aafter`limitsample
> '`limittreat'_`s'_`Y'_`b'_`temp1'_`temp2'_${Tmax}${Tmin}"
>                                 makefigure_massovertime_after
> 
>                                 graphexportpdf ${figures}Figure5`limitsample'
> `limittreat'_${label`s'}_`Y'_`temp1'_`temp2'.pdf, dropeps
> 
>                                 *********************************************
> *******************
>                                 **************      Figure 7              ***
> *******************
>                                 *********************************************
> *******************
> */
. 
. /*
>                                 est use "${estimates}altwwqcew_`wageupper'_`w
> agelower'_before`limitsample'`limittreat'_`s'_`Y'_`b'_`temp1'_`temp2'_${Tmax}
> ${Tmin}"
>                                 makefigure_chovertime_before
>                                 est use "${estimates}altwwqcew_`wageupper'_`w
> agelower'_after`limitsample'`limittreat'_`s'_`Y'_`b'_`temp1'_`temp2'_${Tmax}$
> {Tmin}"
>                                 makefigure_chovertime_after
>                                 graphexportpdf ${figures}Figure7`limitsample'
> `limittreat'_${label`s'}_`temp1'_`temp2'_changepattern_from_`wagelower'_to_`w
> ageupper'.pdf, dropeps
> 
>                                 preserve
>                                 keep if be_timeb!=.
>                                 keep counter be_timeb be_timeupper be_timelow
> er
>                                 save "${data}Figure7_altwage_from`wagelower'_
> to`wageupper'.dta", replace
>                                 restore
>                                 stop
> 
> */
. 
. 
. /*
> 
> 
>                                 *********************************************
> *******************
>                                 **************      Figure 6 (Wages)         
>     ***************
>                                 *********************************************
> *******************
> 
>                                                 est use "${estimates}Table1ab
> efore`limitsample'`limittreat'_`s'_`Y'_`b'_`temp1'_`temp2'_${Tmax}${Tmin}"
>                                                 makefigure_chovertimeWB_befor
> e
>                                                 est use "${estimates}Table1aa
> fter`limitsample'`limittreat'_`s'_`Y'_`b'_`temp1'_`temp2'_${Tmax}${Tmin}"
>                                                 makefigure_chovertimeWB_after
>                                                 graphexportpdf ${figures}Figu
> re6wage`limitsample'`limittreat'_${label`s'}_`temp1'_`temp2'_changepattern.pd
> f, dropeps
>                 */
. 
. 
.                         *****************************************************
> ***************
.                         ****************          Table           ***********
> ***************
.                         *****************************************************
> ***************
.                         est use "${estimates}altwwqcew_`wageupper'_`wagelower
> '_after`limitsample'`limittreat'_`s'_`Y'_`b'_`temp1'_`temp2'_${Tmax}${Tmin}"
 38. 
. 
.                         lincomestadd (${below_full})*(4*`denominator')*(1/${E
> })                                                 , statname(below_E)       
>                       // Multiplying by 4 because bins are in 25 cent precisi
> on. To average by time, dividing by 5.
 39.                         lincomestadd (${above_full})*(4*`denominator')*(1/
> ${E})                                                 , statname(above_E)    
>                                  // Multiplying by 4 because bins are in 25 c
> ent precision. To average by time, dividing by 5.
 40. *                       lincomestadd (${below_full} + ${above_full})*(4*`d
> enominator')*(1/${E})                 , statname(chemp_E)                    
>                  // Multiplying by 4 because bins are in 25 cent precision. T
> o average by time, dividing by 5.
.                         lincomestadd ((${below_full} + ${above_full})*(4*`den
> ominator')*(1/${E}))/${B}  , statname(bunching_E)                          //
>  Multiplying by 4 because bins are in 25 cent precision. To average by time, 
> dividing by 5.
 41.                         lincomestadd (${below_full} + ${above_full})*(4*`d
> enominator')*${C}                             , statname(bunchelas_E)        
>                  // Multiplying by 4 because bins are in 25 cent precision. T
> o average by time, dividing by 5.
 42. 
.                         nlcomestadd ((((${belowWB_full}+${aboveWB_full})*(4*`
> denominator')/$EWB ) - ///
>                         (((${below_full} + ${above_full})*(4*`denominator')*(
> 1/${E}))/${B}))) / ///
>                         (1+(((${below_full} + ${above_full})*(4*`denominator'
> )*(1/${E}))/${B}))         , statname(WB_E)  dof(`dof')                      
>               // Multiplying by 4 because bins are in 25 cent precision. To a
> verage by time, dividing by 5.
 43. 
.                         nlcomestadd (((${below_full} + ${above_full})*(4*`den
> ominator')*(1/${E}))/${B}) /  ///
>                         (((((${belowWB_full}+${aboveWB_full})*(4*`denominator
> ')/$EWB ) - ///
>                         (((${below_full} + ${above_full})*(4*`denominator')*(
> 1/${E}))/${B}))) / ///
>                         (1+(((${below_full} + ${above_full})*(4*`denominator'
> )*(1/${E}))/${B})))                , statname(labordem_E)   dof(`dof')       
>                       // Multiplying by 4 because bins are in 25 cent precisi
> on. To average by time, dividing by 5.
 44. 
. 
.                         estadd local numobs = "`numberobs'"
 45.                         estadd local numevent = "`numberevent'"
 46.                         estadd local minwpc     = "`mwpc2'"
 47.                         estadd local belsh      = "`belsh2'"
 48.                         estadd local wagebinstate               = "Y"
 49. 
. 
.                         if `s' == 0{
 50.                         estadd local periodfe           = "Y"
 51.                         }
 52.                         if `s' != 0{
 53.                         estadd local wagebinperiod              = "Y"
 54.                         }
 55. 
. 
. 
. 
.                         if `s' == 4{
 56.                         estadd local trend              = "Y"
 57.                         }
 58.                         if `s' == 5{
 59.                         estadd local divtime    = "Y"
 60.                         }
 61. 
.                         if `s' == 6{
 62.                         estadd local trend              = "Y"
 63.                         estadd local divtime    = "Y"
 64.                         }
 65. 
.                         if `s' == 10{
 66.                         estadd local trend              = "Y"
 67.                         estadd local qtrend             = "Y"
 68.                         }
 69. 
.                         if `s' == 11{
 70.                         estadd local trend              = "Y"
 71.                         estadd local qtrend             = "Y"
 72.                         estadd local divtime    = "Y"
 73.                         }
 74. 
.                         if `s' == 12{
 75.                         estadd local stp                = "Y"
 76. 
.                         }
 77. 
.                         eststo ta_`Y'_`b'_w`wageupper'_w`wagelower'
 78. 
. 
.                 }
 79. 
.         }
 80.  }

    Variable |     Obs      Weight        Mean   Std. dev.       Min        Max
-------------+-----------------------------------------------------------------
    DMW_real |  16,029  8.5825e+10    .7960962    .399756   .2514448   2.193727

    Variable |     Obs      Weight        Mean   Std. dev.       Min        Max
-------------+-----------------------------------------------------------------
     MW_real |  22,113  1.1584e+11    7.859571   .9471371   6.075942   11.42869

    Variable |     Obs      Weight        Mean   Std. dev.       Min        Max
-------------+-----------------------------------------------------------------
overallcou~l |  63,999  3.4011e+11    .5711273   .0651657   .4235719   1.447222

    Variable |     Obs      Weight        Mean   Std. dev.       Min        Max
-------------+-----------------------------------------------------------------
overallcou~m |     552  2.9312e+09    .0493922   .0161435   .0096957   .1725448

    Variable |     Obs      Weight        Mean   Std. dev.       Min        Max
-------------+-----------------------------------------------------------------
overallcou~m |     547  2.9069e+09    .0358202   .0145438    .004078   .1513094

    Variable |     Obs      Weight        Mean   Std. dev.       Min        Max
-------------+-----------------------------------------------------------------
overallW~mFH |     552  2.9312e+09     .350835    .146225   .0658011   1.376678
Make sure that belowL16 and aboveL16 exists. Otherwise the program does not wor
> k. Assertion will be false.
(MWFE estimator converged in 23 iterations)
note: one is probably collinear with the fixed effects (all partialled-out valu
> es are close to zero; tol = 1.0e-09)

HDFE Linear regression                            Number of obs   =    847,314
Absorbing 35 HDFE groups                          F(  35,     50) =     239.70
Statistics robust to heteroskedasticity           Prob > F        =     0.0000
                                                  R-squared       =     0.9396
                                                  Adj R-squared   =     0.9379
                                                  Within R-sq.    =     0.0032
Number of clusters (statenum) =         51        Root MSE        =     0.0027

                              (Std. err. adjusted for 51 clusters in statenum)
------------------------------------------------------------------------------
             |               Robust
overallcou~c | Coefficient  std. err.      t    P>|t|     [95% conf. interval]
-------------+----------------------------------------------------------------
    treat_m4 |  -3.15e-06   .0000439    -0.07   0.943    -.0000913     .000085
    treat_m3 |  -.0000924   .0000341    -2.71   0.009     -.000161   -.0000238
    treat_m2 |  -.0007259   .0001876    -3.87   0.000    -.0011028    -.000349
    treat_m1 |  -.0023889   .0003518    -6.79   0.000    -.0030957   -.0016822
    treat_p0 |    .002617   .0004767     5.49   0.000     .0016596    .0035744
    treat_p1 |    .000381   .0001699     2.24   0.029     .0000398    .0007222
    treat_p2 |   .0001272   .0001001     1.27   0.210    -.0000738    .0003282
  L4treat_m4 |  -.0000653    .000054    -1.21   0.232    -.0001738    .0000432
  L4treat_m3 |  -.0000932   .0000544    -1.71   0.093    -.0002024    .0000161
  L4treat_m2 |  -.0003757   .0001158    -3.24   0.002    -.0006082   -.0001431
  L4treat_m1 |  -.0021914   .0004478    -4.89   0.000    -.0030907    -.001292
  L4treat_p0 |    .002062   .0003223     6.40   0.000     .0014145    .0027094
  L4treat_p1 |   .0002827   .0001868     1.51   0.136    -.0000924    .0006578
  L4treat_p2 |   .0000732   .0001354     0.54   0.591    -.0001988    .0003453
  L8treat_m4 |  -.0000888   .0000731    -1.21   0.230    -.0002357    .0000581
  L8treat_m3 |  -.0001625   .0000457    -3.56   0.001    -.0002542   -.0000707
  L8treat_m2 |  -.0003898    .000157    -2.48   0.016    -.0007051   -.0000745
  L8treat_m1 |  -.0018931   .0004158    -4.55   0.000    -.0027283   -.0010579
  L8treat_p0 |   .0022196   .0003591     6.18   0.000     .0014984    .0029408
  L8treat_p1 |   .0002968   .0002047     1.45   0.153    -.0001144    .0007081
  L8treat_p2 |    .000198   .0001575     1.26   0.215    -.0001184    .0005144
 L12treat_m4 |  -.0001556   .0000919    -1.69   0.097    -.0003402     .000029
 L12treat_m3 |  -.0001425   .0000999    -1.43   0.160    -.0003431    .0000581
 L12treat_m2 |  -.0003019   .0001354    -2.23   0.030    -.0005739     -.00003
 L12treat_m1 |  -.0020226   .0004889    -4.14   0.000    -.0030046   -.0010406
 L12treat_p0 |   .0021486   .0003417     6.29   0.000     .0014623    .0028349
 L12treat_p1 |   .0000484   .0001705     0.28   0.778    -.0002941    .0003909
 L12treat_p2 |   .0002494   .0000908     2.75   0.008     .0000671    .0004317
 L16treat_m4 |  -.0001319   .0000665    -1.98   0.053    -.0002654    1.68e-06
 L16treat_m3 |  -.0002211   .0001079    -2.05   0.046    -.0004378   -4.45e-06
 L16treat_m2 |  -.0002808   .0001048    -2.68   0.010    -.0004914   -.0000703
 L16treat_m1 |  -.0011376   .0003307    -3.44   0.001    -.0018018   -.0004734
 L16treat_p0 |   .0019711   .0002955     6.67   0.000     .0013775    .0025647
 L16treat_p1 |  -6.99e-06    .000214    -0.03   0.974    -.0004368    .0004228
 L16treat_p2 |   .0000901   .0001372     0.66   0.514    -.0001855    .0003658
         one |          0  (omitted)
       _cons |   .0048183   4.05e-06  1190.75   0.000     .0048102    .0048265
------------------------------------------------------------------------------

Absorbed degrees of freedom:
-----------------------------------------------------------+
       Absorbed FE | Categories  - Redundant  = Num. Coefs |
-------------------+---------------------------------------|
      wagebinstate |      5967        5967           0    *|
   wagequarterdate |     16614           1       16613     |
        postcont_m |         8           1           7     |
         precont_m |         4           1           3    ?|
       earlycont_m |         5           1           4    ?|
        postcont_p |         8           1           7    ?|
         precont_p |         4           1           3    ?|
       earlycont_p |         5           1           4    ?|
 one#c.F12treat_m4 |         1           0           1    ?|
 one#c.F12treat_m3 |         1           0           1    ?|
 one#c.F12treat_m2 |         1           0           1    ?|
 one#c.F12treat_m1 |         1           0           1    ?|
 one#c.F12treat_p0 |         1           0           1    ?|
 one#c.F12treat_p1 |         1           0           1    ?|
 one#c.F12treat_p2 |         1           0           1    ?|
  one#c.F8treat_m4 |         1           0           1    ?|
  one#c.F8treat_m3 |         1           0           1    ?|
  one#c.F8treat_m2 |         1           0           1    ?|
  one#c.F8treat_m1 |         1           0           1    ?|
  one#c.F8treat_p0 |         1           0           1    ?|
  one#c.F8treat_p1 |         1           0           1    ?|
  one#c.F8treat_p2 |         1           0           1    ?|
       postcontf_m |         4           1           3    ?|
        precontf_m |         3           1           2    ?|
      earlycontf_m |         3           1           2    ?|
       postcontf_p |         4           1           3    ?|
        precontf_p |         3           1           2    ?|
      earlycontf_p |         3           1           2    ?|
   one#c.window_m4 |         1           0           1    ?|
   one#c.window_m3 |         1           0           1    ?|
   one#c.window_m2 |         1           0           1    ?|
   one#c.window_m1 |         1           0           1    ?|
   one#c.window_p0 |         1           0           1    ?|
   one#c.window_p1 |         1           0           1    ?|
   one#c.window_p2 |         1           0           1    ?|
-----------------------------------------------------------+
? = number of redundant parameters may be higher
* = FE nested within cluster; treated as redundant for DoF computation
(note: file /Users/brycewang/Documents/GitHub/top5-Econ-Paper-Replications/QJE2
> 019-Minimum-Wages-Low-Wage-Jobs/Results/estimates/altwwqcew_2_4_after_stateon
> ly_1_overall_1979_aggcont_A_1612.ster not found)
file /Users/brycewang/Documents/GitHub/top5-Econ-Paper-Replications/QJE2019-Min
> imum-Wages-Low-Wage-Jobs/Results/estimates/altwwqcew_2_4_after_stateonly_1_ov
> erall_1979_aggcont_A_1612.ster saved
  138

 ( 1)  1.400738*treat_m4 + 1.400738*treat_m3 + 1.400738*treat_m2 +
       1.400738*treat_m1 + 1.400738*L4treat_m4 + 1.400738*L4treat_m3 +
       1.400738*L4treat_m2 + 1.400738*L4treat_m1 + 1.400738*L8treat_m4 +
       1.400738*L8treat_m3 + 1.400738*L8treat_m2 + 1.400738*L8treat_m1 +
       1.400738*L12treat_m4 + 1.400738*L12treat_m3 + 1.400738*L12treat_m2 +
       1.400738*L12treat_m1 + 1.400738*L16treat_m4 + 1.400738*L16treat_m3 +
       1.400738*L16treat_m2 + 1.400738*L16treat_m1 = 0

------------------------------------------------------------------------------
overallcou~c | Coefficient  Std. err.      t    P>|t|     [95% conf. interval]
-------------+----------------------------------------------------------------
         (1) |  -.0180194   .0037545    -4.80   0.000    -.0255606   -.0104782
------------------------------------------------------------------------------

added macro:
           e(below_Eb) : "-0.018***"

added macro:
          e(below_Ese) : "(0.004)"

 ( 1)  1.400738*treat_p0 + 1.400738*treat_p1 + 1.400738*treat_p2 +
       1.400738*L4treat_p0 + 1.400738*L4treat_p1 + 1.400738*L4treat_p2 +
       1.400738*L8treat_p0 + 1.400738*L8treat_p1 + 1.400738*L8treat_p2 +
       1.400738*L12treat_p0 + 1.400738*L12treat_p1 + 1.400738*L12treat_p2 +
       1.400738*L16treat_p0 + 1.400738*L16treat_p1 + 1.400738*L16treat_p2 = 0

------------------------------------------------------------------------------
overallcou~c | Coefficient  Std. err.      t    P>|t|     [95% conf. interval]
-------------+----------------------------------------------------------------
         (1) |   .0178709   .0027788     6.43   0.000     .0122896    .0234522
------------------------------------------------------------------------------

added macro:
           e(above_Eb) : "0.018***"

added macro:
          e(above_Ese) : "(0.003)"

 ( 1)  16.19689*treat_m4 + 16.19689*treat_m3 + 16.19689*treat_m2 +
       16.19689*treat_m1 + 16.19689*treat_p0 + 16.19689*treat_p1 +
       16.19689*treat_p2 + 16.19689*L4treat_m4 + 16.19689*L4treat_m3 +
       16.19689*L4treat_m2 + 16.19689*L4treat_m1 + 16.19689*L4treat_p0 +
       16.19689*L4treat_p1 + 16.19689*L4treat_p2 + 16.19689*L8treat_m4 +
       16.19689*L8treat_m3 + 16.19689*L8treat_m2 + 16.19689*L8treat_m1 +
       16.19689*L8treat_p0 + 16.19689*L8treat_p1 + 16.19689*L8treat_p2 +
       16.19689*L12treat_m4 + 16.19689*L12treat_m3 + 16.19689*L12treat_m2 +
       16.19689*L12treat_m1 + 16.19689*L12treat_p0 + 16.19689*L12treat_p1 +
       16.19689*L12treat_p2 + 16.19689*L16treat_m4 + 16.19689*L16treat_m3 +
       16.19689*L16treat_m2 + 16.19689*L16treat_m1 + 16.19689*L16treat_p0 +
       16.19689*L16treat_p1 + 16.19689*L16treat_p2 = 0

------------------------------------------------------------------------------
overallcou~c | Coefficient  Std. err.      t    P>|t|     [95% conf. interval]
-------------+----------------------------------------------------------------
         (1) |  -.0017171     .02462    -0.07   0.945    -.0511679    .0477337
------------------------------------------------------------------------------

added macro:
        e(bunching_Eb) : "-0.002"

added macro:
       e(bunching_Ese) : "(0.025)"

 ( 1)  13.82899*treat_m4 + 13.82899*treat_m3 + 13.82899*treat_m2 +
       13.82899*treat_m1 + 13.82899*treat_p0 + 13.82899*treat_p1 +
       13.82899*treat_p2 + 13.82899*L4treat_m4 + 13.82899*L4treat_m3 +
       13.82899*L4treat_m2 + 13.82899*L4treat_m1 + 13.82899*L4treat_p0 +
       13.82899*L4treat_p1 + 13.82899*L4treat_p2 + 13.82899*L8treat_m4 +
       13.82899*L8treat_m3 + 13.82899*L8treat_m2 + 13.82899*L8treat_m1 +
       13.82899*L8treat_p0 + 13.82899*L8treat_p1 + 13.82899*L8treat_p2 +
       13.82899*L12treat_m4 + 13.82899*L12treat_m3 + 13.82899*L12treat_m2 +
       13.82899*L12treat_m1 + 13.82899*L12treat_p0 + 13.82899*L12treat_p1 +
       13.82899*L12treat_p2 + 13.82899*L16treat_m4 + 13.82899*L16treat_m3 +
       13.82899*L16treat_m2 + 13.82899*L16treat_m1 + 13.82899*L16treat_p0 +
       13.82899*L16treat_p1 + 13.82899*L16treat_p2 = 0

------------------------------------------------------------------------------
overallcou~c | Coefficient  Std. err.      t    P>|t|     [95% conf. interval]
-------------+----------------------------------------------------------------
         (1) |  -.0014661   .0210207    -0.07   0.945    -.0436874    .0407552
------------------------------------------------------------------------------

added macro:
       e(bunchelas_Eb) : "-0.001"

added macro:
      e(bunchelas_Ese) : "(0.021)"

       _nl_1: ((((((_b[treat_m1])*(8.774882267779565-1) ) + ((_b[treat_m2])*(8.
> 774882267779565-2) ) + ((_b[treat_m3])*(8.774882267779565-3) ) + ((_b[treat_m
> 4])*(8.774882267779565-4) ) + ((_b[L4treat_m1])*(8.774882267779565-1) ) + ((_
> b[L4treat_m2])*(8.774882267779565-2)) + ((_b[L4treat_m3])*(8.774882267779565-
> 3)) + ((_b[L4treat_m4])*(8.774882267779565-4)) + ((_b[L8treat_m1])*(8.7748822
> 67779565-1) ) + ((_b[L8treat_m2])*(8.774882267779565-2)) + ((_b[L8treat_m3])*
> (8.774882267779565-3)) + ((_b[L8treat_m4])*(8.774882267779565-4)) + ((_b[L12t
> reat_m1])*(8.774882267779565-1) ) + ((_b[L12treat_m2])*(8.774882267779565-2))
>  + ((_b[L12treat_m3])*(8.774882267779565-3)) + ((_b[L12treat_m4])*(8.77488226
> 7779565-4)) + ((_b[L16treat_m1])*(8.774882267779565-1) ) + ((_b[L16treat_m2])
> *(8.774882267779565-2)) + ((_b[L16treat_m3])*(8.774882267779565-3)) + ((_b[L1
> 6treat_m4])*(8.774882267779565-4))+((_b[treat_p0])*(8.774882267779565+0)) + (
> (_b[treat_p1])*(8.774882267779565+1) ) + ((_b[treat_p2])*(8.774882267779565+2
> ) ) + ((_b[L4treat_p0])*(8.774882267779565+0)) + ((_b[L4treat_p1])*(8.7748822
> 67779565+1)) + ((_b[L4treat_p2])*(8.774882267779565+2)) + ((_b[L8treat_p0])*(
> 8.774882267779565+0)) + ((_b[L8treat_p1])*(8.774882267779565+1)) + ((_b[L8tre
> at_p2])*(8.774882267779565+2)) + ((_b[L12treat_p0])*(8.774882267779565+0)) + 
> ((_b[L12treat_p1])*(8.774882267779565+1)) + ((_b[L12treat_p2])*(8.77488226777
> 9565+2)) + ((_b[L16treat_p0])*(8.774882267779565+0)) + ((_b[L16treat_p1])*(8.
> 774882267779565+1)) + ((_b[L16treat_p2])*(8.774882267779565+2)))*(4*.2)/.3508
> 35006841847 ) - ((((_b[treat_m1] ) + (_b[treat_m2] ) + (_b[treat_m3] ) + (_b[
> treat_m4] ) + (_b[L4treat_m1]) + (_b[L4treat_m2]) + (_b[L4treat_m3]) + (_b[L4
> treat_m4]) + (_b[L8treat_m1]) + (_b[L8treat_m2]) + (_b[L8treat_m3]) + (_b[L8t
> reat_m4]) + (_b[L12treat_m1]) + (_b[L12treat_m2]) + (_b[L12treat_m3]) + (_b[L
> 12treat_m4]) + (_b[L16treat_m1]) + (_b[L16treat_m2]) + (_b[L16treat_m3]) + (_
> b[L16treat_m4]) + (_b[treat_p0]) + (_b[treat_p1] ) + (_b[treat_p2] ) + (_b[L4
> treat_p0]) + (_b[L4treat_p1]) + (_b[L4treat_p2]) + (_b[L8treat_p0]) + (_b[L8t
> reat_p1]) + (_b[L8treat_p2]) + (_b[L12treat_p0]) + (_b[L12treat_p1]) + (_b[L1
> 2treat_p2]) + (_b[L16treat_p0]) + (_b[L16treat_p1]) + (_b[L16treat_p2]))*(4*.
> 2)*(1/.5711273156241218))/.0864819457562104))) / (1+((((_b[treat_m1] ) + (_b[
> treat_m2] ) + (_b[treat_m3] ) + (_b[treat_m4] ) + (_b[L4treat_m1]) + (_b[L4tr
> eat_m2]) + (_b[L4treat_m3]) + (_b[L4treat_m4]) + (_b[L8treat_m1]) + (_b[L8tre
> at_m2]) + (_b[L8treat_m3]) + (_b[L8treat_m4]) + (_b[L12treat_m1]) + (_b[L12tr
> eat_m2]) + (_b[L12treat_m3]) + (_b[L12treat_m4]) + (_b[L16treat_m1]) + (_b[L1
> 6treat_m2]) + (_b[L16treat_m3]) + (_b[L16treat_m4]) + (_b[treat_p0]) + (_b[tr
> eat_p1] ) + (_b[treat_p2] ) + (_b[L4treat_p0]) + (_b[L4treat_p1]) + (_b[L4tre
> at_p2]) + (_b[L8treat_p0]) + (_b[L8treat_p1]) + (_b[L8treat_p2]) + (_b[L12tre
> at_p0]) + (_b[L12treat_p1]) + (_b[L12treat_p2]) + (_b[L16treat_p0]) + (_b[L16
> treat_p1]) + (_b[L16treat_p2]))*(4*.2)*(1/.5711273156241218))/.08648194575621
> 04))

------------------------------------------------------------------------------
overallcou~c | Coefficient  Std. err.      z    P>|z|     [95% conf. interval]
-------------+----------------------------------------------------------------
       _nl_1 |   .0456763   .0087114     5.24   0.000     .0286023    .0627503
------------------------------------------------------------------------------

added macro:
              e(WB_Eb) : "0.046***"

added macro:
             e(WB_Ese) : "(0.009)"

       _nl_1: ((((_b[treat_m1] ) + (_b[treat_m2] ) + (_b[treat_m3] ) + (_b[trea
> t_m4] ) + (_b[L4treat_m1]) + (_b[L4treat_m2]) + (_b[L4treat_m3]) + (_b[L4trea
> t_m4]) + (_b[L8treat_m1]) + (_b[L8treat_m2]) + (_b[L8treat_m3]) + (_b[L8treat
> _m4]) + (_b[L12treat_m1]) + (_b[L12treat_m2]) + (_b[L12treat_m3]) + (_b[L12tr
> eat_m4]) + (_b[L16treat_m1]) + (_b[L16treat_m2]) + (_b[L16treat_m3]) + (_b[L1
> 6treat_m4]) + (_b[treat_p0]) + (_b[treat_p1] ) + (_b[treat_p2] ) + (_b[L4trea
> t_p0]) + (_b[L4treat_p1]) + (_b[L4treat_p2]) + (_b[L8treat_p0]) + (_b[L8treat
> _p1]) + (_b[L8treat_p2]) + (_b[L12treat_p0]) + (_b[L12treat_p1]) + (_b[L12tre
> at_p2]) + (_b[L16treat_p0]) + (_b[L16treat_p1]) + (_b[L16treat_p2]))*(4*.2)*(
> 1/.5711273156241218))/.0864819457562104) / (((((((_b[treat_m1])*(8.7748822677
> 79565-1) ) + ((_b[treat_m2])*(8.774882267779565-2) ) + ((_b[treat_m3])*(8.774
> 882267779565-3) ) + ((_b[treat_m4])*(8.774882267779565-4) ) + ((_b[L4treat_m1
> ])*(8.774882267779565-1) ) + ((_b[L4treat_m2])*(8.774882267779565-2)) + ((_b[
> L4treat_m3])*(8.774882267779565-3)) + ((_b[L4treat_m4])*(8.774882267779565-4)
> ) + ((_b[L8treat_m1])*(8.774882267779565-1) ) + ((_b[L8treat_m2])*(8.77488226
> 7779565-2)) + ((_b[L8treat_m3])*(8.774882267779565-3)) + ((_b[L8treat_m4])*(8
> .774882267779565-4)) + ((_b[L12treat_m1])*(8.774882267779565-1) ) + ((_b[L12t
> reat_m2])*(8.774882267779565-2)) + ((_b[L12treat_m3])*(8.774882267779565-3)) 
> + ((_b[L12treat_m4])*(8.774882267779565-4)) + ((_b[L16treat_m1])*(8.774882267
> 779565-1) ) + ((_b[L16treat_m2])*(8.774882267779565-2)) + ((_b[L16treat_m3])*
> (8.774882267779565-3)) + ((_b[L16treat_m4])*(8.774882267779565-4))+((_b[treat
> _p0])*(8.774882267779565+0)) + ((_b[treat_p1])*(8.774882267779565+1) ) + ((_b
> [treat_p2])*(8.774882267779565+2) ) + ((_b[L4treat_p0])*(8.774882267779565+0)
> ) + ((_b[L4treat_p1])*(8.774882267779565+1)) + ((_b[L4treat_p2])*(8.774882267
> 779565+2)) + ((_b[L8treat_p0])*(8.774882267779565+0)) + ((_b[L8treat_p1])*(8.
> 774882267779565+1)) + ((_b[L8treat_p2])*(8.774882267779565+2)) + ((_b[L12trea
> t_p0])*(8.774882267779565+0)) + ((_b[L12treat_p1])*(8.774882267779565+1)) + (
> (_b[L12treat_p2])*(8.774882267779565+2)) + ((_b[L16treat_p0])*(8.774882267779
> 565+0)) + ((_b[L16treat_p1])*(8.774882267779565+1)) + ((_b[L16treat_p2])*(8.7
> 74882267779565+2)))*(4*.2)/.350835006841847 ) - ((((_b[treat_m1] ) + (_b[trea
> t_m2] ) + (_b[treat_m3] ) + (_b[treat_m4] ) + (_b[L4treat_m1]) + (_b[L4treat_
> m2]) + (_b[L4treat_m3]) + (_b[L4treat_m4]) + (_b[L8treat_m1]) + (_b[L8treat_m
> 2]) + (_b[L8treat_m3]) + (_b[L8treat_m4]) + (_b[L12treat_m1]) + (_b[L12treat_
> m2]) + (_b[L12treat_m3]) + (_b[L12treat_m4]) + (_b[L16treat_m1]) + (_b[L16tre
> at_m2]) + (_b[L16treat_m3]) + (_b[L16treat_m4]) + (_b[treat_p0]) + (_b[treat_
> p1] ) + (_b[treat_p2] ) + (_b[L4treat_p0]) + (_b[L4treat_p1]) + (_b[L4treat_p
> 2]) + (_b[L8treat_p0]) + (_b[L8treat_p1]) + (_b[L8treat_p2]) + (_b[L12treat_p
> 0]) + (_b[L12treat_p1]) + (_b[L12treat_p2]) + (_b[L16treat_p0]) + (_b[L16trea
> t_p1]) + (_b[L16treat_p2]))*(4*.2)*(1/.5711273156241218))/.0864819457562104))
> ) / (1+((((_b[treat_m1] ) + (_b[treat_m2] ) + (_b[treat_m3] ) + (_b[treat_m4]
>  ) + (_b[L4treat_m1]) + (_b[L4treat_m2]) + (_b[L4treat_m3]) + (_b[L4treat_m4]
> ) + (_b[L8treat_m1]) + (_b[L8treat_m2]) + (_b[L8treat_m3]) + (_b[L8treat_m4])
>  + (_b[L12treat_m1]) + (_b[L12treat_m2]) + (_b[L12treat_m3]) + (_b[L12treat_m
> 4]) + (_b[L16treat_m1]) + (_b[L16treat_m2]) + (_b[L16treat_m3]) + (_b[L16trea
> t_m4]) + (_b[treat_p0]) + (_b[treat_p1] ) + (_b[treat_p2] ) + (_b[L4treat_p0]
> ) + (_b[L4treat_p1]) + (_b[L4treat_p2]) + (_b[L8treat_p0]) + (_b[L8treat_p1])
>  + (_b[L8treat_p2]) + (_b[L12treat_p0]) + (_b[L12treat_p1]) + (_b[L12treat_p2
> ]) + (_b[L16treat_p0]) + (_b[L16treat_p1]) + (_b[L16treat_p2]))*(4*.2)*(1/.57
> 11273156241218))/.0864819457562104)))

------------------------------------------------------------------------------
overallcou~c | Coefficient  Std. err.      z    P>|z|     [95% conf. interval]
-------------+----------------------------------------------------------------
       _nl_1 |  -.0375928   .5385275    -0.07   0.944    -1.093087    1.017902
------------------------------------------------------------------------------

added macro:
        e(labordem_Eb) : "-0.038"

added macro:
       e(labordem_Ese) : "(0.539)"

added macro:
             e(numobs) : "847314"

added macro:
           e(numevent) : "138"

added macro:
             e(minwpc) : "0.101"

added macro:
              e(belsh) : "0.086"

added macro:
       e(wagebinstate) : "Y"

added macro:
      e(wagebinperiod) : "Y"

. *
. 
end of do-file

. do "${dofiles}alternativewagewindows.do" 3

. 
. *This do file is created by DC on 07/08/2016.
. *****************************************************************************
> ***
. ***************************   Table 1      **********************************
> ***
. *****************************************************************************
> ***
. *Results on non-linear effects: The treatment events into quintiles by the be
> low mass share.
. *Estimate the effect of all five quintiles separately.
. *1979 onwards
. *Note that regression is commented out. Figure creation is also commented out
> .
. 
. 
. 
. *****************************************************************************
> ***
. *****************************************************************************
> ***
. *****************************************************************************
> ***
. 
. 
. 
. **** DEFINE REGRESSION COMMAND AND CONTROLS *****
. 
. 
. foreach s in 0a 0 1 1b 3 4 5 6 7 8 9 10 11 12{
  2.         global rtype`s' reghdfe
  3. }

. global rtype2 regifewtab

. 
. 
. global a1  i.wagebinstate i.wagequarterdate  // distributional TWFE

. global a4 i.wagebinstate##c.quarterdate i.wagequarterdate // state-trends

. global a5 i.wagebinstate i.wagequarterdate##i.division // div-period

. global a6 i.wagebinstate##c.quarterdate i.wagequarterdate##i.division // div-
> period, statetrends

. global a10 i.wagebinstate##c.quarterdate i.wagebinstate##c.quarterdatesq i.wa
> gequarterdate // state-quadratic-trends

. global a11 i.wagebinstate##c.quarterdate i.wagebinstate##c.quarterdatesq i.wa
> gequarterdate##i.division // state-quadratic-trends

. global a12 i.wagebinstate i.wagequarterdate i.quarterdate##i.statenum // stat
> eXquarter FE.

. 
. 
. global opt2 f(wagequarterdate wagebinstate, 3)

. 
. 
. global label0a aTWFE

. global label0 Canonical

. global label1 TWFE

. global label1b TWFE

. global label2 IFE

. global label3 Ind-ST

. global label4 ST

. global label5 DP

. global label6 ST_DP

. global label7 Ind-ST-DP

. global label8 CSP

. global label9 ST-CSP

. global label10 STQ

. global label11 STQ_DP

. global label12 STP

. 
. local wageupper = `1'

. 
. 
. if "`wagelower'"==""{
. local wagelower = 4
. }

. else{
. local wagelower = `2'
. }

. 
. scalar forcluster = `wagelower' + `wageupper' + 1

. if `=forcluster'>10{
. local clustervar "clustervar"
. }

. else{
. local clustervar "statenum"
. }

. *
. 
. 
. use "${data}qcew_state_overall_counts_2016.dta", clear

. rename statefips statenum

. gen quarterdate = yq(year, quarter)

. tempfile qcew

. save `qcew'
file /var/folders/bm/2cq1vtmd5wg6k0vdjfpvbmww0000gn/T//St49517.000001 saved
    as .dta format

. 
. 
. 
. treatmentcontrolwindows, wmax(`wageupper') wmin(`wagelower')

. di "You set upper bound as `wageupper' and lower bound as `wagelower'."
You set upper bound as 3 and lower bound as 4.

. *The following calls the data.
. treatmentdefinition
You are using the primary working data.

Panel variable: wagebinstate (strongly balanced)
 Time variable: quarterdate, 76 to 227
         Delta: 1 unit

. 
. 
. merge m:1 statenum quarterdate using `qcew',assert(3) nogenerate
(variable quarterdate was int, now float to accommodate using data's values)

    Result                      Number of obs
    -----------------------------------------
    Not matched                             0
    Matched                           906,984  
    -----------------------------------------

. 
. replace count = count*emp/countall if emp!=0
(710,139 real changes made)

. cap drop overallcountpc

. gen overallcountpc=count/population

. replace overallcountpcall = emp/population  if emp!=0
(905,112 real changes made)

. 
. 
. *****************************************************************************
> ***
. ***********       Correcting Aggregate Controls         *********************
> ***
. *****************************************************************************
> ***
. 
. xtset wagebinstate quarterdate

Panel variable: wagebinstate (strongly balanced)
 Time variable: quarterdate, 76 to 227
         Delta: 1 unit

. correctaggcont, tmin(12) tmax(16) wmin(`wagelower') wmax(`wageupper')
(3,696 real changes made)
(17,901 missing values generated)
(9,663 real changes made, 5,967 to missing)
(9,663 real changes made, 5,967 to missing)
(9,663 real changes made, 5,967 to missing)
(9,663 real changes made, 5,967 to missing)
(9,663 real changes made, 5,967 to missing)
(9,663 real changes made, 5,967 to missing)
(9,663 real changes made, 5,967 to missing)
(9,663 real changes made, 5,967 to missing)
(9,663 real changes made, 5,967 to missing)
(9,663 real changes made, 5,967 to missing)
(9,663 real changes made, 5,967 to missing)
(9,663 real changes made, 5,967 to missing)
(9,663 real changes made, 5,967 to missing)
(9,663 real changes made, 5,967 to missing)
(9,663 real changes made, 5,967 to missing)
(9,663 real changes made, 5,967 to missing)
(9,663 real changes made, 5,967 to missing)
(9,663 real changes made, 5,967 to missing)
(9,663 real changes made, 5,967 to missing)
(3,696 real changes made)
(17,901 missing values generated)
(9,663 real changes made, 5,967 to missing)
(9,663 real changes made, 5,967 to missing)
(9,663 real changes made, 5,967 to missing)
(9,663 real changes made, 5,967 to missing)
(9,663 real changes made, 5,967 to missing)
(9,663 real changes made, 5,967 to missing)
(9,663 real changes made, 5,967 to missing)
(9,663 real changes made, 5,967 to missing)
(9,663 real changes made, 5,967 to missing)
(9,663 real changes made, 5,967 to missing)
(9,663 real changes made, 5,967 to missing)
(9,663 real changes made, 5,967 to missing)
(9,663 real changes made, 5,967 to missing)
(9,663 real changes made, 5,967 to missing)
(9,663 real changes made, 5,967 to missing)
(9,663 real changes made, 5,967 to missing)
(9,663 real changes made, 5,967 to missing)
(9,663 real changes made, 5,967 to missing)
(9,663 real changes made, 5,967 to missing)
(23,868 missing values generated)
(23,868 real changes made)
(23,868 missing values generated)
(23,868 real changes made)
(71,604 missing values generated)
(71,604 real changes made)
(71,604 missing values generated)
(71,604 real changes made)
(4,080 real changes made)
(17,901 missing values generated)
(10,047 real changes made, 5,967 to missing)
(10,031 real changes made, 5,967 to missing)
(10,031 real changes made, 5,967 to missing)
(9,999 real changes made, 5,967 to missing)
(9,999 real changes made, 5,967 to missing)
(9,983 real changes made, 5,967 to missing)
(9,983 real changes made, 5,967 to missing)
(9,855 real changes made, 5,967 to missing)
(9,855 real changes made, 5,967 to missing)
(9,855 real changes made, 5,967 to missing)
(9,855 real changes made, 5,967 to missing)
(9,695 real changes made, 5,967 to missing)
(9,695 real changes made, 5,967 to missing)
(9,695 real changes made, 5,967 to missing)
(9,695 real changes made, 5,967 to missing)
(9,535 real changes made, 5,967 to missing)
(9,535 real changes made, 5,967 to missing)
(9,535 real changes made, 5,967 to missing)
(9,535 real changes made, 5,967 to missing)
(4,080 real changes made)
(17,901 missing values generated)
(10,047 real changes made, 5,967 to missing)
(10,031 real changes made, 5,967 to missing)
(10,031 real changes made, 5,967 to missing)
(9,999 real changes made, 5,967 to missing)
(9,999 real changes made, 5,967 to missing)
(9,983 real changes made, 5,967 to missing)
(9,983 real changes made, 5,967 to missing)
(9,855 real changes made, 5,967 to missing)
(9,855 real changes made, 5,967 to missing)
(9,855 real changes made, 5,967 to missing)
(9,855 real changes made, 5,967 to missing)
(9,695 real changes made, 5,967 to missing)
(9,695 real changes made, 5,967 to missing)
(9,695 real changes made, 5,967 to missing)
(9,695 real changes made, 5,967 to missing)
(9,535 real changes made, 5,967 to missing)
(9,535 real changes made, 5,967 to missing)
(9,535 real changes made, 5,967 to missing)
(9,535 real changes made, 5,967 to missing)
(23,868 missing values generated)
(23,868 real changes made)
(23,868 missing values generated)
(23,868 real changes made)
(71,604 missing values generated)
(71,604 real changes made)
(71,604 missing values generated)
(71,604 real changes made)
(113,373 real changes made)
(113,373 real changes made)
(113,373 real changes made)
(113,373 real changes made)

. 
. *****************************************************************************
> ***
. *****************************************************************************
> ***
. *****************************************************************************
> ***
. 
. 
. abovebelowbunch, wmax(`wageupper') wmin(`wagelower')

. 
. abovebelowfull
Make sure that belowL16 and aboveL16 exists. Otherwise the program does not wor
> k. Assertion will be false.

. 
. *****************************************************************************
> ***
. ***********************           Weights           *************************
> ***
. *****************************************************************************
> ***
. 
. cap drop wt

. foreach Y in   overall teen  HSL female BH  {
  2.         foreach b of numlist 1995 1979{
  3.                                         global weight`Y'`b' "[aw=wt`Y'`b']
> "
  4.                                         }
  5. }

. *
. 
. 
. foreach Y in   overall teen  HSL female BH  {
  2.                 foreach H in FTE{
  3.         foreach b of numlist /*1995*/ 1979{
  4.                                         global weight`Y'`H'`b' "[aw=wt`Y'`
> b']"
  5.                                         }
  6.         }
  7. }

. *
. 
. *****************************************************************************
> ***
. **************     Sample and Control Specific Macros           *************
> ***
. *****************************************************************************
> ***
. 
. 
. local limittreat "_stateonly"

. 
. 
. xtset wagebinstate quarterdate

Panel variable: wagebinstate (strongly balanced)
 Time variable: quarterdate, 76 to 227
         Delta: 1 unit

. 
. 
. 
. *****************************************************************************
> ***
. **************      To name the graph              **************************
> ***
. *****************************************************************************
> ***
. 
. if "${disagg}" == "Y"{
. local temp1 "disaggcont"
. }

. else{
. local temp1 "aggcont"
. }

. 
. if "$controlmethod" == "Linear"{
. local temp2 "L"
. }

. else{
. if "$controlmethod" == "None"{
. local temp1 "nocont"
. }
. else{
. local temp2 "A"
. }
. }

. cap drop one

. g one =1

. *
. 
. 
. 
. *****************************************************************************
> ***
. ***************          Useful to Find Below Share Wages               *****
> ***
. *****************************************************************************
> ***
. 
. 
. cap drop statequarterdate

. egen statequarterdate = group(state quarterdate)

. sort statequarterdate wagebins

. 
. cap drop overallWB*

. g overallWBFH = wagebins*count/(100)

. g overallWBpcFH = wagebins*count/(100*population)

. 
. cap drop overallWBpcrsumFH

. g overallWBpcrsumFH=0

. replace overallWBpcrsumFH = overallWBpcFH if wagebins==100
(2,827 real changes made)

. replace overallWBpcrsumFH = overallWBpcrsumFH[_n-1] + overallWBpcFH if wagebi
> ns>100
(876,538 real changes made)

. 
. cap drop overallcountpcrsum

. g overallcountpcrsum=0

. replace overallcountpcrsum = overallcountpc if wagebins==100
(2,827 real changes made)

. replace overallcountpcrsum = overallcountpcrsum[_n-1] + overallcountpc if wag
> ebins>100
(876,538 real changes made)

. 
. 
. if `=forcluster'>10{
.         cap drop temp
.         gen temp = (wagebins==3000)
.         cap drop clustervar
.         egen clustervar = group(statenum temp)
.         cap drop temp
.         sum clustervar, meanonly
.         assert r(max)==102
. }

. *
. 
. *****************************************************************************
> ***
. **********************       REGRESSIONS AND FIGURES        *****************
> ***
. *****************************************************************************
> ***
. xtset wagebinstate quarterdate

Panel variable: wagebinstate (strongly balanced)
 Time variable: quarterdate, 76 to 227
         Delta: 1 unit

. compress
  variable quarterdate was float now int
  variable tempcontf_p was float now byte
  variable postcontf_p was float now byte
  variable tempcontf_m was float now byte
  variable postcontf_m was float now byte
  variable precontf_m was float now byte
  variable precontf_p was float now byte
  variable earlycontf_m was float now byte
  variable earlycontf_p was float now byte
  variable tempcont_p was float now byte
  variable postcont_p was float now byte
  variable tempcont_m was float now byte
  variable postcont_m was float now byte
  variable precont_m was float now byte
  variable precont_p was float now byte
  variable earlycont_m was float now byte
  variable earlycont_p was float now byte
  variable one was float now byte
  variable statequarterdate was float now int
  (49,884,120 bytes saved)

. 
. cap drop one

. cap drop counter

. g one =1

. gen counter = ((_n-1)*4) - $Tmin if _n<=8
(906,976 missing values generated)

. 
. foreach s in  0 1  4  5  6 10  11 12 {
  2.         cap drop be_timeb
  3.         cap drop be_timese
  4.         cap drop be_timeupper
  5.         cap drop be_timelower
  6. 
.         g be_timeb=.
  7.         g be_timese=.
  8.         g be_timeupper=.
  9.         g be_timelower=.
 10. 
.         replace be_timeb=0 if counter==-4
 11.         replace be_timese=0 if counter==-4
 12.         replace be_timeupper=0 if counter==-4
 13.         replace be_timelower=0 if counter==-4
 14. 
.         }
(906,984 missing values generated)
(906,984 missing values generated)
(906,984 missing values generated)
(906,984 missing values generated)
(1 real change made)
(1 real change made)
(1 real change made)
(1 real change made)
(906,984 missing values generated)
(906,984 missing values generated)
(906,984 missing values generated)
(906,984 missing values generated)
(1 real change made)
(1 real change made)
(1 real change made)
(1 real change made)
(906,984 missing values generated)
(906,984 missing values generated)
(906,984 missing values generated)
(906,984 missing values generated)
(1 real change made)
(1 real change made)
(1 real change made)
(1 real change made)
(906,984 missing values generated)
(906,984 missing values generated)
(906,984 missing values generated)
(906,984 missing values generated)
(1 real change made)
(1 real change made)
(1 real change made)
(1 real change made)
(906,984 missing values generated)
(906,984 missing values generated)
(906,984 missing values generated)
(906,984 missing values generated)
(1 real change made)
(1 real change made)
(1 real change made)
(1 real change made)
(906,984 missing values generated)
(906,984 missing values generated)
(906,984 missing values generated)
(906,984 missing values generated)
(1 real change made)
(1 real change made)
(1 real change made)
(1 real change made)
(906,984 missing values generated)
(906,984 missing values generated)
(906,984 missing values generated)
(906,984 missing values generated)
(1 real change made)
(1 real change made)
(1 real change made)
(1 real change made)
(906,984 missing values generated)
(906,984 missing values generated)
(906,984 missing values generated)
(906,984 missing values generated)
(1 real change made)
(1 real change made)
(1 real change made)
(1 real change made)

. *
. 
. foreach Y in   overall /*overallFTE teen teenFTE HSL HSLFTE female femaleFTE 
> BH BHFTE */ {
  2. foreach b in   /* 1995 */ 1979 {
  3.                                         ***  define MW change ***
.                                 sum DMW_real if fedincrease!=1 & overallcount
> gr>0 & year>=`b' & cleansample ==1   ${weight`Y'`b'}
  4.                                 local mwc = r(mean)
  5.                                 sum MW_real if  F.fedincrease!=1 & F.overa
> llcountgr>0 & year>=`b' & cleansample ==1   ${weight`Y'`b'}
  6.                                 local mw = r(mean)
  7.                                 local mwpc = `mwc'/`mw'
  8.                                 local mwpc2 : di  %04.3f `mwpc'
  9. 
.                                 sum `Y'countpcall if ((F.fedincrease != 1 & F
> .fedincrease != . & F.overallcountgr>0 & F.overallcountgr!=. ) | ///
>                                 (F2.fedincrease != 1 & F2.overallcountgr>0 & 
> F2.fedincrease != . & F2.overallcountgr!=. ) ///
>                                 | (F3.fedincrease != 1 & F3.overallcountgr>0 
> & F3.fedincrease != . & F3.overallcountgr!=. ) ///
>                                 | (F4.fedincrease != 1 & F4.overallcountgr>0 
> & F4.fedincrease != . & F4.overallcountgr!=. ) ) & year>=`b' & cleansample ==
> 1 ///
>                                  ${weight`Y'`b'}                 // CHECK THI
> S  2/2/16
 10. 
.                                 local epop = r(mean)
 11.                                 global E = `epop'
 12. 
.                                 global C = 1/(`epop'*`mwpc')
 13. 
. 
.                                 *Below share
. 
. 
.                                 sum overallcountpcrsum if ( F.fedincrease!=1 
> & F.overallcountgr>0 & F.fedincrease!=. & F.overallcountgr!=.  & (wagebins+25
> )/100==F1MW_realM25) | ///
>                                  ( F2.fedincrease!=1 & F2.overallcountgr>0 & 
> F2.fedincrease!=. & F2.overallcountgr!=. & (wagebins+25)/100==F2MW_realM25 ) 
> | ///
>                                 ( F3.fedincrease!=1 & F3.overallcountgr>0 & F
> 3.fedincrease!=. & F3.overallcountgr!=.  & (wagebins+25)/100==F3MW_realM25) |
>  ///
>                                  ( F4.fedincrease!=1 & F4.overallcountgr>0 & 
> F4.fedincrease!=. & F4.overallcountgr!=. & (wagebins+25)/100==F4MW_realM25 ) 
> ///
>                                 & year>=`b' & cleansample ==1      ${weight`Y
> '`b'}
 14. 
.                                 global B = r(mean)/${E}
 15.                                 local belsh2 : di  %04.3f $B
 16. 
.                                 *Affected share
. 
.                                 sum `Y'countpcrsum if (  F.fedincrease!=1 & F
> .overallcountgr>0 & F.fedincrease!=. & F.overallcountgr!=.  & (wagebins)/100=
> =MW_realM25) | ///
>                                  ( F2.fedincrease!=1 & F2.overallcountgr>0 & 
> F2.fedincrease!=. & F2.overallcountgr!=. & (wagebins)/100==MW_realM25 ) | ///
>                                 ( F3.fedincrease!=1 & F3.overallcountgr>0 & F
> 3.fedincrease!=. & F3.overallcountgr!=.  & (wagebins)/100==MW_realM25) | ///
>                                  ( F4.fedincrease!=1 & F4.overallcountgr>0 & 
> F4.fedincrease!=. & F4.overallcountgr!=. & (wagebins)/100==MW_realM25 ) ///
>                                 & year>=1979 & cleansample ==1    ${weight`Y'
> `b'}
 17. 
.                                 global AS`Y' = $B - (r(mean)/${E})
 18.                                 local affsh`Y' : di  %04.3f ${AS`Y'}
 19. 
. 
. 
.                                 *********************************************
> *******************
.                                 *************    Wagebill related globals    
>    ****************
.                                 *********************************************
> *******************
.                                 sum overallWBpcrsumFH if (  F.fedincrease!=1 
> & F.overallcountgr>0 & F.fedincrease!=. & F.overallcountgr!=.   & (wagebins+2
> 5)/100==F1MW_realM25) | ///
>                                  (F2.fedincrease!=1 & F2.overallcountgr>0 & F
> 2.fedincrease!=. & F2.overallcountgr!=. & (wagebins+25)/100==F2MW_realM25 ) |
>  ///
>                                 (F3.fedincrease!=1 & F3.overallcountgr>0 & F3
> .fedincrease!=. & F3.overallcountgr!=.  & (wagebins+25)/100==F3MW_realM25) | 
> ///
>                                  (  F4.fedincrease!=1 & F4.overallcountgr>0 &
>  F4.fedincrease!=. & F4.overallcountgr!=.  & (wagebins+25)/100==F4MW_realM25 
> ) ///
>                                 & year>=`b' & cleansample ==1     ${weight`Y'
> `b'}
 20. 
.                                 global EWB = r(mean)
 21.                                 local EWB2 : di  %04.3f $EWB
 22.                                 cap drop tempweight
 23.                                 global CWB = 1/(${EWB}*`mwpc')
 24. 
.                                 sum wagebins if treat_p0 == 1  & year>=`b' & 
> cleansample ==1   ${weight`Y'`b'}, meanonly
 25.                                 global wagemult = r(mean)/100
 26. 
. 
.                                 *We have to do this here because multipliers 
> are calculated in the loop.
. 
.                                 abovebelowWBbunch,wagemult(${wagemult}) wmax(
> `wageupper') wmin(`wagelower')
 27.                                 abovebelowWBfull
 28. 
. 
.                                 foreach s in /*0*/ 1 /*4 5 6 10 11 12*/ /*0a 
> 0b  4  5 6*/     {
 29.                                 *** REGRESSION ***
.                                 /*
>                                 di "${rtype`s'} `Y'countpc  ${treatbefore} on
> e if  year>=`b'  & cleansample==1  ${weight`Y'`b'} , a(${a`s'}  ${control} ${
> controlafter} ${controlf} ${window} )  cluster(`clustervar')"
>                                 ${rtype`s'} `Y'countpc  ${treatbefore} one if
>   year>=`b'  & cleansample==1  ${weight`Y'`b'} , a(${a`s'}  ${control} ${cont
> rolafter} ${controlf} ${window} )  cluster(`clustervar')
>                                 est save "${estimates}altwwqcew_`wageupper'_`
> wagelower'_before`limitsample'`limittreat'_`s'_`Y'_`b'_`temp1'_`temp2'_${Tmax
> }${Tmin}"
> */
.                                 ${rtype`s'} `Y'countpc  ${treatafter} one if 
>  year>=`b'  & cleansample==1  ${weight`Y'`b'} , a(${a`s'}  ${control} ${contr
> olbefore} ${controlf} ${window} )  cluster(`clustervar')
 30.                                 est save "${estimates}altwwqcew_`wageupper
> '_`wagelower'_after`limitsample'`limittreat'_`s'_`Y'_`b'_`temp1'_`temp2'_${Tm
> ax}${Tmin}", replace
 31. 
.                                 est use "${estimates}altwwqcew_`wageupper'_`w
> agelower'_after`limitsample'`limittreat'_`s'_`Y'_`b'_`temp1'_`temp2'_${Tmax}$
> {Tmin}"
 32.                                 local dof = e(df_r)
 33.                                 local numberobs = e(N)
 34.                                 count if fedincrease!=1 & overallcountgr>0
>  & wagebins==300              // The wage bin does not matter.
 35.                                 local numberevent = r(N)
 36. 
. 
.                                 local denominator = (1/(1+(${Tmax}/4)))
 37. 
. 
. /*
>                                 *********************************************
> *******************
>                                 **************     Figure 4      ************
> *******************
>                                 *********************************************
> *******************
>                                 *Defining globals to get time averaged estima
> tes. Need to define here.
>                                 preserve                                     
>                                                                              
>       // For some reason, sometimes svmat clears the data in memory. To preve
> nt that, we preserve here.
>                                 makefigure_massbywagebin
>                                 graphexportpdf ${figures}Figure4`limitsample'
> `limittreat'_${label`s'}_`Y'_`temp1'_`temp2'.pdf, dropeps
>                                 restore
> 
> 
>                                 *********************************************
> *******************
>                                 **************       Figure 5     ***********
> *******************
>                                 *********************************************
> *******************
> 
>                                 est use "${estimates}Table1abefore`limitsampl
> e'`limittreat'_`s'_`Y'_`b'_`temp1'_`temp2'_${Tmax}${Tmin}"
>                                 makefigure_massovertime_before
>                                 est use "${estimates}Table1aafter`limitsample
> '`limittreat'_`s'_`Y'_`b'_`temp1'_`temp2'_${Tmax}${Tmin}"
>                                 makefigure_massovertime_after
> 
>                                 graphexportpdf ${figures}Figure5`limitsample'
> `limittreat'_${label`s'}_`Y'_`temp1'_`temp2'.pdf, dropeps
> 
>                                 *********************************************
> *******************
>                                 **************      Figure 7              ***
> *******************
>                                 *********************************************
> *******************
> */
. 
. /*
>                                 est use "${estimates}altwwqcew_`wageupper'_`w
> agelower'_before`limitsample'`limittreat'_`s'_`Y'_`b'_`temp1'_`temp2'_${Tmax}
> ${Tmin}"
>                                 makefigure_chovertime_before
>                                 est use "${estimates}altwwqcew_`wageupper'_`w
> agelower'_after`limitsample'`limittreat'_`s'_`Y'_`b'_`temp1'_`temp2'_${Tmax}$
> {Tmin}"
>                                 makefigure_chovertime_after
>                                 graphexportpdf ${figures}Figure7`limitsample'
> `limittreat'_${label`s'}_`temp1'_`temp2'_changepattern_from_`wagelower'_to_`w
> ageupper'.pdf, dropeps
> 
>                                 preserve
>                                 keep if be_timeb!=.
>                                 keep counter be_timeb be_timeupper be_timelow
> er
>                                 save "${data}Figure7_altwage_from`wagelower'_
> to`wageupper'.dta", replace
>                                 restore
>                                 stop
> 
> */
. 
. 
. /*
> 
> 
>                                 *********************************************
> *******************
>                                 **************      Figure 6 (Wages)         
>     ***************
>                                 *********************************************
> *******************
> 
>                                                 est use "${estimates}Table1ab
> efore`limitsample'`limittreat'_`s'_`Y'_`b'_`temp1'_`temp2'_${Tmax}${Tmin}"
>                                                 makefigure_chovertimeWB_befor
> e
>                                                 est use "${estimates}Table1aa
> fter`limitsample'`limittreat'_`s'_`Y'_`b'_`temp1'_`temp2'_${Tmax}${Tmin}"
>                                                 makefigure_chovertimeWB_after
>                                                 graphexportpdf ${figures}Figu
> re6wage`limitsample'`limittreat'_${label`s'}_`temp1'_`temp2'_changepattern.pd
> f, dropeps
>                 */
. 
. 
.                         *****************************************************
> ***************
.                         ****************          Table           ***********
> ***************
.                         *****************************************************
> ***************
.                         est use "${estimates}altwwqcew_`wageupper'_`wagelower
> '_after`limitsample'`limittreat'_`s'_`Y'_`b'_`temp1'_`temp2'_${Tmax}${Tmin}"
 38. 
. 
.                         lincomestadd (${below_full})*(4*`denominator')*(1/${E
> })                                                 , statname(below_E)       
>                       // Multiplying by 4 because bins are in 25 cent precisi
> on. To average by time, dividing by 5.
 39.                         lincomestadd (${above_full})*(4*`denominator')*(1/
> ${E})                                                 , statname(above_E)    
>                                  // Multiplying by 4 because bins are in 25 c
> ent precision. To average by time, dividing by 5.
 40. *                       lincomestadd (${below_full} + ${above_full})*(4*`d
> enominator')*(1/${E})                 , statname(chemp_E)                    
>                  // Multiplying by 4 because bins are in 25 cent precision. T
> o average by time, dividing by 5.
.                         lincomestadd ((${below_full} + ${above_full})*(4*`den
> ominator')*(1/${E}))/${B}  , statname(bunching_E)                          //
>  Multiplying by 4 because bins are in 25 cent precision. To average by time, 
> dividing by 5.
 41.                         lincomestadd (${below_full} + ${above_full})*(4*`d
> enominator')*${C}                             , statname(bunchelas_E)        
>                  // Multiplying by 4 because bins are in 25 cent precision. T
> o average by time, dividing by 5.
 42. 
.                         nlcomestadd ((((${belowWB_full}+${aboveWB_full})*(4*`
> denominator')/$EWB ) - ///
>                         (((${below_full} + ${above_full})*(4*`denominator')*(
> 1/${E}))/${B}))) / ///
>                         (1+(((${below_full} + ${above_full})*(4*`denominator'
> )*(1/${E}))/${B}))         , statname(WB_E)  dof(`dof')                      
>               // Multiplying by 4 because bins are in 25 cent precision. To a
> verage by time, dividing by 5.
 43. 
.                         nlcomestadd (((${below_full} + ${above_full})*(4*`den
> ominator')*(1/${E}))/${B}) /  ///
>                         (((((${belowWB_full}+${aboveWB_full})*(4*`denominator
> ')/$EWB ) - ///
>                         (((${below_full} + ${above_full})*(4*`denominator')*(
> 1/${E}))/${B}))) / ///
>                         (1+(((${below_full} + ${above_full})*(4*`denominator'
> )*(1/${E}))/${B})))                , statname(labordem_E)   dof(`dof')       
>                       // Multiplying by 4 because bins are in 25 cent precisi
> on. To average by time, dividing by 5.
 44. 
. 
.                         estadd local numobs = "`numberobs'"
 45.                         estadd local numevent = "`numberevent'"
 46.                         estadd local minwpc     = "`mwpc2'"
 47.                         estadd local belsh      = "`belsh2'"
 48.                         estadd local wagebinstate               = "Y"
 49. 
. 
.                         if `s' == 0{
 50.                         estadd local periodfe           = "Y"
 51.                         }
 52.                         if `s' != 0{
 53.                         estadd local wagebinperiod              = "Y"
 54.                         }
 55. 
. 
. 
. 
.                         if `s' == 4{
 56.                         estadd local trend              = "Y"
 57.                         }
 58.                         if `s' == 5{
 59.                         estadd local divtime    = "Y"
 60.                         }
 61. 
.                         if `s' == 6{
 62.                         estadd local trend              = "Y"
 63.                         estadd local divtime    = "Y"
 64.                         }
 65. 
.                         if `s' == 10{
 66.                         estadd local trend              = "Y"
 67.                         estadd local qtrend             = "Y"
 68.                         }
 69. 
.                         if `s' == 11{
 70.                         estadd local trend              = "Y"
 71.                         estadd local qtrend             = "Y"
 72.                         estadd local divtime    = "Y"
 73.                         }
 74. 
.                         if `s' == 12{
 75.                         estadd local stp                = "Y"
 76. 
.                         }
 77. 
.                         eststo ta_`Y'_`b'_w`wageupper'_w`wagelower'
 78. 
. 
.                 }
 79. 
.         }
 80.  }

    Variable |     Obs      Weight        Mean   Std. dev.       Min        Max
-------------+-----------------------------------------------------------------
    DMW_real |  16,029  8.5825e+10    .7960962    .399756   .2514448   2.193727

    Variable |     Obs      Weight        Mean   Std. dev.       Min        Max
-------------+-----------------------------------------------------------------
     MW_real |  22,113  1.1584e+11    7.859571   .9471371   6.075942   11.42869

    Variable |     Obs      Weight        Mean   Std. dev.       Min        Max
-------------+-----------------------------------------------------------------
overallcou~l |  63,999  3.4011e+11    .5711273   .0651657   .4235719   1.447222

    Variable |     Obs      Weight        Mean   Std. dev.       Min        Max
-------------+-----------------------------------------------------------------
overallcou~m |     552  2.9312e+09    .0493922   .0161435   .0096957   .1725448

    Variable |     Obs      Weight        Mean   Std. dev.       Min        Max
-------------+-----------------------------------------------------------------
overallcou~m |     547  2.9069e+09    .0358202   .0145438    .004078   .1513094

    Variable |     Obs      Weight        Mean   Std. dev.       Min        Max
-------------+-----------------------------------------------------------------
overallW~mFH |     552  2.9312e+09     .350835    .146225   .0658011   1.376678
Make sure that belowL16 and aboveL16 exists. Otherwise the program does not wor
> k. Assertion will be false.
(MWFE estimator converged in 23 iterations)
note: one is probably collinear with the fixed effects (all partialled-out valu
> es are close to zero; tol = 1.0e-09)

HDFE Linear regression                            Number of obs   =    847,314
Absorbing 38 HDFE groups                          F(  40,     50) =     642.06
Statistics robust to heteroskedasticity           Prob > F        =     0.0000
                                                  R-squared       =     0.9396
                                                  Adj R-squared   =     0.9379
                                                  Within R-sq.    =     0.0033
Number of clusters (statenum) =         51        Root MSE        =     0.0027

                              (Std. err. adjusted for 51 clusters in statenum)
------------------------------------------------------------------------------
             |               Robust
overallcou~c | Coefficient  std. err.      t    P>|t|     [95% conf. interval]
-------------+----------------------------------------------------------------
    treat_m4 |  -3.52e-06   .0000438    -0.08   0.936    -.0000916    .0000845
    treat_m3 |   -.000093   .0000341    -2.73   0.009    -.0001615   -.0000245
    treat_m2 |  -.0007277    .000189    -3.85   0.000    -.0011073   -.0003481
    treat_m1 |  -.0023898   .0003532    -6.77   0.000    -.0030993   -.0016804
    treat_p0 |    .002624   .0004673     5.62   0.000     .0016855    .0035626
    treat_p1 |   .0003953   .0001661     2.38   0.021     .0000616     .000729
    treat_p2 |    .000177    .000099     1.79   0.080    -.0000218    .0003758
    treat_p3 |    .000423     .00009     4.70   0.000     .0002422    .0006037
  L4treat_m4 |  -.0000653   .0000539    -1.21   0.232    -.0001736     .000043
  L4treat_m3 |  -.0000941   .0000545    -1.73   0.090    -.0002035    .0000153
  L4treat_m2 |  -.0003806   .0001165    -3.27   0.002    -.0006146   -.0001466
  L4treat_m1 |  -.0021985   .0004496    -4.89   0.000    -.0031015   -.0012954
  L4treat_p0 |   .0020649   .0003095     6.67   0.000     .0014432    .0026867
  L4treat_p1 |   .0003014   .0001851     1.63   0.110    -.0000703    .0006731
  L4treat_p2 |   .0001248   .0001275     0.98   0.332    -.0001313     .000381
  L4treat_p3 |   .0002406   .0001097     2.19   0.033     .0000203     .000461
  L8treat_m4 |  -.0000881   .0000731    -1.21   0.234    -.0002349    .0000587
  L8treat_m3 |  -.0001631   .0000454    -3.59   0.001    -.0002544   -.0000719
  L8treat_m2 |  -.0003962   .0001589    -2.49   0.016    -.0007154    -.000077
  L8treat_m1 |  -.0019092     .00042    -4.55   0.000    -.0027529   -.0010655
  L8treat_p0 |   .0022048   .0003466     6.36   0.000     .0015086     .002901
  L8treat_p1 |   .0003084   .0002094     1.47   0.147    -.0001122    .0007289
  L8treat_p2 |   .0002605   .0001416     1.84   0.072     -.000024    .0005449
  L8treat_p3 |   .0002539   .0001212     2.09   0.041     .0000105    .0004974
 L12treat_m4 |  -.0001555   .0000917    -1.70   0.096    -.0003397    .0000287
 L12treat_m3 |  -.0001436   .0000996    -1.44   0.156    -.0003436    .0000564
 L12treat_m2 |  -.0003073    .000136    -2.26   0.028    -.0005804   -.0000343
 L12treat_m1 |  -.0020426   .0004937    -4.14   0.000    -.0030342   -.0010509
 L12treat_p0 |   .0021256   .0003314     6.41   0.000     .0014599    .0027912
 L12treat_p1 |    .000049   .0001785     0.27   0.785    -.0003095    .0004076
 L12treat_p2 |   .0003264   .0000939     3.48   0.001     .0001378    .0005151
 L12treat_p3 |   .0003758   .0000969     3.88   0.000     .0001812    .0005704
 L16treat_m4 |  -.0001316   .0000661    -1.99   0.052    -.0002643    1.10e-06
 L16treat_m3 |  -.0002223   .0001074    -2.07   0.044    -.0004381   -6.45e-06
 L16treat_m2 |  -.0002878    .000105    -2.74   0.009    -.0004988   -.0000768
 L16treat_m1 |  -.0011596   .0003348    -3.46   0.001    -.0018322   -.0004871
 L16treat_p0 |   .0019415   .0002854     6.80   0.000     .0013683    .0025146
 L16treat_p1 |  -8.80e-06    .000218    -0.04   0.968    -.0004467    .0004291
 L16treat_p2 |   .0001709   .0001641     1.04   0.303    -.0001587    .0005005
 L16treat_p3 |   .0003988   .0000761     5.24   0.000     .0002459    .0005516
         one |          0  (omitted)
       _cons |    .004813   5.14e-06   936.81   0.000     .0048027    .0048233
------------------------------------------------------------------------------

Absorbed degrees of freedom:
-----------------------------------------------------------+
       Absorbed FE | Categories  - Redundant  = Num. Coefs |
-------------------+---------------------------------------|
      wagebinstate |      5967        5967           0    *|
   wagequarterdate |     16614           1       16613     |
        postcont_m |         8           1           7     |
         precont_m |         4           1           3    ?|
       earlycont_m |         5           1           4    ?|
        postcont_p |         8           1           7    ?|
         precont_p |         4           1           3    ?|
       earlycont_p |         5           1           4    ?|
 one#c.F12treat_m4 |         1           0           1    ?|
 one#c.F12treat_m3 |         1           0           1    ?|
 one#c.F12treat_m2 |         1           0           1    ?|
 one#c.F12treat_m1 |         1           0           1    ?|
 one#c.F12treat_p0 |         1           0           1    ?|
 one#c.F12treat_p1 |         1           0           1    ?|
 one#c.F12treat_p2 |         1           0           1    ?|
 one#c.F12treat_p3 |         1           0           1    ?|
  one#c.F8treat_m4 |         1           0           1    ?|
  one#c.F8treat_m3 |         1           0           1    ?|
  one#c.F8treat_m2 |         1           0           1    ?|
  one#c.F8treat_m1 |         1           0           1    ?|
  one#c.F8treat_p0 |         1           0           1    ?|
  one#c.F8treat_p1 |         1           0           1    ?|
  one#c.F8treat_p2 |         1           0           1    ?|
  one#c.F8treat_p3 |         1           0           1    ?|
       postcontf_m |         4           1           3    ?|
        precontf_m |         3           1           2    ?|
      earlycontf_m |         3           1           2    ?|
       postcontf_p |         4           1           3    ?|
        precontf_p |         3           1           2    ?|
      earlycontf_p |         3           1           2    ?|
   one#c.window_m4 |         1           0           1    ?|
   one#c.window_m3 |         1           0           1    ?|
   one#c.window_m2 |         1           0           1    ?|
   one#c.window_m1 |         1           0           1    ?|
   one#c.window_p0 |         1           0           1    ?|
   one#c.window_p1 |         1           0           1    ?|
   one#c.window_p2 |         1           0           1    ?|
   one#c.window_p3 |         1           0           1    ?|
-----------------------------------------------------------+
? = number of redundant parameters may be higher
* = FE nested within cluster; treated as redundant for DoF computation
(note: file /Users/brycewang/Documents/GitHub/top5-Econ-Paper-Replications/QJE2
> 019-Minimum-Wages-Low-Wage-Jobs/Results/estimates/altwwqcew_3_4_after_stateon
> ly_1_overall_1979_aggcont_A_1612.ster not found)
file /Users/brycewang/Documents/GitHub/top5-Econ-Paper-Replications/QJE2019-Min
> imum-Wages-Low-Wage-Jobs/Results/estimates/altwwqcew_3_4_after_stateonly_1_ov
> erall_1979_aggcont_A_1612.ster saved
  138

 ( 1)  1.400738*treat_m4 + 1.400738*treat_m3 + 1.400738*treat_m2 +
       1.400738*treat_m1 + 1.400738*L4treat_m4 + 1.400738*L4treat_m3 +
       1.400738*L4treat_m2 + 1.400738*L4treat_m1 + 1.400738*L8treat_m4 +
       1.400738*L8treat_m3 + 1.400738*L8treat_m2 + 1.400738*L8treat_m1 +
       1.400738*L12treat_m4 + 1.400738*L12treat_m3 + 1.400738*L12treat_m2 +
       1.400738*L12treat_m1 + 1.400738*L16treat_m4 + 1.400738*L16treat_m3 +
       1.400738*L16treat_m2 + 1.400738*L16treat_m1 = 0

------------------------------------------------------------------------------
overallcou~c | Coefficient  Std. err.      t    P>|t|     [95% conf. interval]
-------------+----------------------------------------------------------------
         (1) |  -.0181529   .0037865    -4.79   0.000    -.0257584   -.0105475
------------------------------------------------------------------------------

added macro:
           e(below_Eb) : "-0.018***"

added macro:
          e(below_Ese) : "(0.004)"

 ( 1)  1.400738*treat_p0 + 1.400738*treat_p1 + 1.400738*treat_p2 +
       1.400738*treat_p3 + 1.400738*L4treat_p0 + 1.400738*L4treat_p1 +
       1.400738*L4treat_p2 + 1.400738*L4treat_p3 + 1.400738*L8treat_p0 +
       1.400738*L8treat_p1 + 1.400738*L8treat_p2 + 1.400738*L8treat_p3 +
       1.400738*L12treat_p0 + 1.400738*L12treat_p1 + 1.400738*L12treat_p2 +
       1.400738*L12treat_p3 + 1.400738*L16treat_p0 + 1.400738*L16treat_p1 +
       1.400738*L16treat_p2 + 1.400738*L16treat_p3 = 0

------------------------------------------------------------------------------
overallcou~c | Coefficient  Std. err.      t    P>|t|     [95% conf. interval]
-------------+----------------------------------------------------------------
         (1) |   .0206717    .002487     8.31   0.000     .0156765     .025667
------------------------------------------------------------------------------

added macro:
           e(above_Eb) : "0.021***"

added macro:
          e(above_Ese) : "(0.002)"

 ( 1)  16.19689*treat_m4 + 16.19689*treat_m3 + 16.19689*treat_m2 +
       16.19689*treat_m1 + 16.19689*treat_p0 + 16.19689*treat_p1 +
       16.19689*treat_p2 + 16.19689*treat_p3 + 16.19689*L4treat_m4 +
       16.19689*L4treat_m3 + 16.19689*L4treat_m2 + 16.19689*L4treat_m1 +
       16.19689*L4treat_p0 + 16.19689*L4treat_p1 + 16.19689*L4treat_p2 +
       16.19689*L4treat_p3 + 16.19689*L8treat_m4 + 16.19689*L8treat_m3 +
       16.19689*L8treat_m2 + 16.19689*L8treat_m1 + 16.19689*L8treat_p0 +
       16.19689*L8treat_p1 + 16.19689*L8treat_p2 + 16.19689*L8treat_p3 +
       16.19689*L12treat_m4 + 16.19689*L12treat_m3 + 16.19689*L12treat_m2 +
       16.19689*L12treat_m1 + 16.19689*L12treat_p0 + 16.19689*L12treat_p1 +
       16.19689*L12treat_p2 + 16.19689*L12treat_p3 + 16.19689*L16treat_m4 +
       16.19689*L16treat_m3 + 16.19689*L16treat_m2 + 16.19689*L16treat_m1 +
       16.19689*L16treat_p0 + 16.19689*L16treat_p1 + 16.19689*L16treat_p2 +
       16.19689*L16treat_p3 = 0

------------------------------------------------------------------------------
overallcou~c | Coefficient  Std. err.      t    P>|t|     [95% conf. interval]
-------------+----------------------------------------------------------------
         (1) |   .0291254   .0311475     0.94   0.354    -.0334361    .0916869
------------------------------------------------------------------------------

added macro:
        e(bunching_Eb) : "0.029"

added macro:
       e(bunching_Ese) : "(0.031)"

 ( 1)  13.82899*treat_m4 + 13.82899*treat_m3 + 13.82899*treat_m2 +
       13.82899*treat_m1 + 13.82899*treat_p0 + 13.82899*treat_p1 +
       13.82899*treat_p2 + 13.82899*treat_p3 + 13.82899*L4treat_m4 +
       13.82899*L4treat_m3 + 13.82899*L4treat_m2 + 13.82899*L4treat_m1 +
       13.82899*L4treat_p0 + 13.82899*L4treat_p1 + 13.82899*L4treat_p2 +
       13.82899*L4treat_p3 + 13.82899*L8treat_m4 + 13.82899*L8treat_m3 +
       13.82899*L8treat_m2 + 13.82899*L8treat_m1 + 13.82899*L8treat_p0 +
       13.82899*L8treat_p1 + 13.82899*L8treat_p2 + 13.82899*L8treat_p3 +
       13.82899*L12treat_m4 + 13.82899*L12treat_m3 + 13.82899*L12treat_m2 +
       13.82899*L12treat_m1 + 13.82899*L12treat_p0 + 13.82899*L12treat_p1 +
       13.82899*L12treat_p2 + 13.82899*L12treat_p3 + 13.82899*L16treat_m4 +
       13.82899*L16treat_m3 + 13.82899*L16treat_m2 + 13.82899*L16treat_m1 +
       13.82899*L16treat_p0 + 13.82899*L16treat_p1 + 13.82899*L16treat_p2 +
       13.82899*L16treat_p3 = 0

------------------------------------------------------------------------------
overallcou~c | Coefficient  Std. err.      t    P>|t|     [95% conf. interval]
-------------+----------------------------------------------------------------
         (1) |   .0248674   .0265939     0.94   0.354    -.0285479    .0782827
------------------------------------------------------------------------------

added macro:
       e(bunchelas_Eb) : "0.025"

added macro:
      e(bunchelas_Ese) : "(0.027)"

       _nl_1: ((((((_b[treat_m1])*(8.774882267779565-1) ) + ((_b[treat_m2])*(8.
> 774882267779565-2) ) + ((_b[treat_m3])*(8.774882267779565-3) ) + ((_b[treat_m
> 4])*(8.774882267779565-4) ) + ((_b[L4treat_m1])*(8.774882267779565-1) ) + ((_
> b[L4treat_m2])*(8.774882267779565-2)) + ((_b[L4treat_m3])*(8.774882267779565-
> 3)) + ((_b[L4treat_m4])*(8.774882267779565-4)) + ((_b[L8treat_m1])*(8.7748822
> 67779565-1) ) + ((_b[L8treat_m2])*(8.774882267779565-2)) + ((_b[L8treat_m3])*
> (8.774882267779565-3)) + ((_b[L8treat_m4])*(8.774882267779565-4)) + ((_b[L12t
> reat_m1])*(8.774882267779565-1) ) + ((_b[L12treat_m2])*(8.774882267779565-2))
>  + ((_b[L12treat_m3])*(8.774882267779565-3)) + ((_b[L12treat_m4])*(8.77488226
> 7779565-4)) + ((_b[L16treat_m1])*(8.774882267779565-1) ) + ((_b[L16treat_m2])
> *(8.774882267779565-2)) + ((_b[L16treat_m3])*(8.774882267779565-3)) + ((_b[L1
> 6treat_m4])*(8.774882267779565-4))+((_b[treat_p0])*(8.774882267779565+0)) + (
> (_b[treat_p1])*(8.774882267779565+1) ) + ((_b[treat_p2])*(8.774882267779565+2
> ) ) + ((_b[treat_p3])*(8.774882267779565+3) ) + ((_b[L4treat_p0])*(8.77488226
> 7779565+0)) + ((_b[L4treat_p1])*(8.774882267779565+1)) + ((_b[L4treat_p2])*(8
> .774882267779565+2)) + ((_b[L4treat_p3])*(8.774882267779565+3)) + ((_b[L8trea
> t_p0])*(8.774882267779565+0)) + ((_b[L8treat_p1])*(8.774882267779565+1)) + ((
> _b[L8treat_p2])*(8.774882267779565+2)) + ((_b[L8treat_p3])*(8.774882267779565
> +3)) + ((_b[L12treat_p0])*(8.774882267779565+0)) + ((_b[L12treat_p1])*(8.7748
> 82267779565+1)) + ((_b[L12treat_p2])*(8.774882267779565+2)) + ((_b[L12treat_p
> 3])*(8.774882267779565+3)) + ((_b[L16treat_p0])*(8.774882267779565+0)) + ((_b
> [L16treat_p1])*(8.774882267779565+1)) + ((_b[L16treat_p2])*(8.774882267779565
> +2)) + ((_b[L16treat_p3])*(8.774882267779565+3)))*(4*.2)/.350835006841847 ) -
>  ((((_b[treat_m1] ) + (_b[treat_m2] ) + (_b[treat_m3] ) + (_b[treat_m4] ) + (
> _b[L4treat_m1]) + (_b[L4treat_m2]) + (_b[L4treat_m3]) + (_b[L4treat_m4]) + (_
> b[L8treat_m1]) + (_b[L8treat_m2]) + (_b[L8treat_m3]) + (_b[L8treat_m4]) + (_b
> [L12treat_m1]) + (_b[L12treat_m2]) + (_b[L12treat_m3]) + (_b[L12treat_m4]) + 
> (_b[L16treat_m1]) + (_b[L16treat_m2]) + (_b[L16treat_m3]) + (_b[L16treat_m4])
>  + (_b[treat_p0]) + (_b[treat_p1] ) + (_b[treat_p2] ) + (_b[treat_p3] ) + (_b
> [L4treat_p0]) + (_b[L4treat_p1]) + (_b[L4treat_p2]) + (_b[L4treat_p3]) + (_b[
> L8treat_p0]) + (_b[L8treat_p1]) + (_b[L8treat_p2]) + (_b[L8treat_p3]) + (_b[L
> 12treat_p0]) + (_b[L12treat_p1]) + (_b[L12treat_p2]) + (_b[L12treat_p3]) + (_
> b[L16treat_p0]) + (_b[L16treat_p1]) + (_b[L16treat_p2]) + (_b[L16treat_p3]))*
> (4*.2)*(1/.5711273156241218))/.0864819457562104))) / (1+((((_b[treat_m1] ) + 
> (_b[treat_m2] ) + (_b[treat_m3] ) + (_b[treat_m4] ) + (_b[L4treat_m1]) + (_b[
> L4treat_m2]) + (_b[L4treat_m3]) + (_b[L4treat_m4]) + (_b[L8treat_m1]) + (_b[L
> 8treat_m2]) + (_b[L8treat_m3]) + (_b[L8treat_m4]) + (_b[L12treat_m1]) + (_b[L
> 12treat_m2]) + (_b[L12treat_m3]) + (_b[L12treat_m4]) + (_b[L16treat_m1]) + (_
> b[L16treat_m2]) + (_b[L16treat_m3]) + (_b[L16treat_m4]) + (_b[treat_p0]) + (_
> b[treat_p1] ) + (_b[treat_p2] ) + (_b[treat_p3] ) + (_b[L4treat_p0]) + (_b[L4
> treat_p1]) + (_b[L4treat_p2]) + (_b[L4treat_p3]) + (_b[L8treat_p0]) + (_b[L8t
> reat_p1]) + (_b[L8treat_p2]) + (_b[L8treat_p3]) + (_b[L12treat_p0]) + (_b[L12
> treat_p1]) + (_b[L12treat_p2]) + (_b[L12treat_p3]) + (_b[L16treat_p0]) + (_b[
> L16treat_p1]) + (_b[L16treat_p2]) + (_b[L16treat_p3]))*(4*.2)*(1/.57112731562
> 41218))/.0864819457562104))

------------------------------------------------------------------------------
overallcou~c | Coefficient  Std. err.      z    P>|z|     [95% conf. interval]
-------------+----------------------------------------------------------------
       _nl_1 |   .0644129   .0076423     8.43   0.000     .0494341    .0793916
------------------------------------------------------------------------------

added macro:
              e(WB_Eb) : "0.064***"

added macro:
             e(WB_Ese) : "(0.008)"

       _nl_1: ((((_b[treat_m1] ) + (_b[treat_m2] ) + (_b[treat_m3] ) + (_b[trea
> t_m4] ) + (_b[L4treat_m1]) + (_b[L4treat_m2]) + (_b[L4treat_m3]) + (_b[L4trea
> t_m4]) + (_b[L8treat_m1]) + (_b[L8treat_m2]) + (_b[L8treat_m3]) + (_b[L8treat
> _m4]) + (_b[L12treat_m1]) + (_b[L12treat_m2]) + (_b[L12treat_m3]) + (_b[L12tr
> eat_m4]) + (_b[L16treat_m1]) + (_b[L16treat_m2]) + (_b[L16treat_m3]) + (_b[L1
> 6treat_m4]) + (_b[treat_p0]) + (_b[treat_p1] ) + (_b[treat_p2] ) + (_b[treat_
> p3] ) + (_b[L4treat_p0]) + (_b[L4treat_p1]) + (_b[L4treat_p2]) + (_b[L4treat_
> p3]) + (_b[L8treat_p0]) + (_b[L8treat_p1]) + (_b[L8treat_p2]) + (_b[L8treat_p
> 3]) + (_b[L12treat_p0]) + (_b[L12treat_p1]) + (_b[L12treat_p2]) + (_b[L12trea
> t_p3]) + (_b[L16treat_p0]) + (_b[L16treat_p1]) + (_b[L16treat_p2]) + (_b[L16t
> reat_p3]))*(4*.2)*(1/.5711273156241218))/.0864819457562104) / (((((((_b[treat
> _m1])*(8.774882267779565-1) ) + ((_b[treat_m2])*(8.774882267779565-2) ) + ((_
> b[treat_m3])*(8.774882267779565-3) ) + ((_b[treat_m4])*(8.774882267779565-4) 
> ) + ((_b[L4treat_m1])*(8.774882267779565-1) ) + ((_b[L4treat_m2])*(8.77488226
> 7779565-2)) + ((_b[L4treat_m3])*(8.774882267779565-3)) + ((_b[L4treat_m4])*(8
> .774882267779565-4)) + ((_b[L8treat_m1])*(8.774882267779565-1) ) + ((_b[L8tre
> at_m2])*(8.774882267779565-2)) + ((_b[L8treat_m3])*(8.774882267779565-3)) + (
> (_b[L8treat_m4])*(8.774882267779565-4)) + ((_b[L12treat_m1])*(8.7748822677795
> 65-1) ) + ((_b[L12treat_m2])*(8.774882267779565-2)) + ((_b[L12treat_m3])*(8.7
> 74882267779565-3)) + ((_b[L12treat_m4])*(8.774882267779565-4)) + ((_b[L16trea
> t_m1])*(8.774882267779565-1) ) + ((_b[L16treat_m2])*(8.774882267779565-2)) + 
> ((_b[L16treat_m3])*(8.774882267779565-3)) + ((_b[L16treat_m4])*(8.77488226777
> 9565-4))+((_b[treat_p0])*(8.774882267779565+0)) + ((_b[treat_p1])*(8.77488226
> 7779565+1) ) + ((_b[treat_p2])*(8.774882267779565+2) ) + ((_b[treat_p3])*(8.7
> 74882267779565+3) ) + ((_b[L4treat_p0])*(8.774882267779565+0)) + ((_b[L4treat
> _p1])*(8.774882267779565+1)) + ((_b[L4treat_p2])*(8.774882267779565+2)) + ((_
> b[L4treat_p3])*(8.774882267779565+3)) + ((_b[L8treat_p0])*(8.774882267779565+
> 0)) + ((_b[L8treat_p1])*(8.774882267779565+1)) + ((_b[L8treat_p2])*(8.7748822
> 67779565+2)) + ((_b[L8treat_p3])*(8.774882267779565+3)) + ((_b[L12treat_p0])*
> (8.774882267779565+0)) + ((_b[L12treat_p1])*(8.774882267779565+1)) + ((_b[L12
> treat_p2])*(8.774882267779565+2)) + ((_b[L12treat_p3])*(8.774882267779565+3))
>  + ((_b[L16treat_p0])*(8.774882267779565+0)) + ((_b[L16treat_p1])*(8.77488226
> 7779565+1)) + ((_b[L16treat_p2])*(8.774882267779565+2)) + ((_b[L16treat_p3])*
> (8.774882267779565+3)))*(4*.2)/.350835006841847 ) - ((((_b[treat_m1] ) + (_b[
> treat_m2] ) + (_b[treat_m3] ) + (_b[treat_m4] ) + (_b[L4treat_m1]) + (_b[L4tr
> eat_m2]) + (_b[L4treat_m3]) + (_b[L4treat_m4]) + (_b[L8treat_m1]) + (_b[L8tre
> at_m2]) + (_b[L8treat_m3]) + (_b[L8treat_m4]) + (_b[L12treat_m1]) + (_b[L12tr
> eat_m2]) + (_b[L12treat_m3]) + (_b[L12treat_m4]) + (_b[L16treat_m1]) + (_b[L1
> 6treat_m2]) + (_b[L16treat_m3]) + (_b[L16treat_m4]) + (_b[treat_p0]) + (_b[tr
> eat_p1] ) + (_b[treat_p2] ) + (_b[treat_p3] ) + (_b[L4treat_p0]) + (_b[L4trea
> t_p1]) + (_b[L4treat_p2]) + (_b[L4treat_p3]) + (_b[L8treat_p0]) + (_b[L8treat
> _p1]) + (_b[L8treat_p2]) + (_b[L8treat_p3]) + (_b[L12treat_p0]) + (_b[L12trea
> t_p1]) + (_b[L12treat_p2]) + (_b[L12treat_p3]) + (_b[L16treat_p0]) + (_b[L16t
> reat_p1]) + (_b[L16treat_p2]) + (_b[L16treat_p3]))*(4*.2)*(1/.571127315624121
> 8))/.0864819457562104))) / (1+((((_b[treat_m1] ) + (_b[treat_m2] ) + (_b[trea
> t_m3] ) + (_b[treat_m4] ) + (_b[L4treat_m1]) + (_b[L4treat_m2]) + (_b[L4treat
> _m3]) + (_b[L4treat_m4]) + (_b[L8treat_m1]) + (_b[L8treat_m2]) + (_b[L8treat_
> m3]) + (_b[L8treat_m4]) + (_b[L12treat_m1]) + (_b[L12treat_m2]) + (_b[L12trea
> t_m3]) + (_b[L12treat_m4]) + (_b[L16treat_m1]) + (_b[L16treat_m2]) + (_b[L16t
> reat_m3]) + (_b[L16treat_m4]) + (_b[treat_p0]) + (_b[treat_p1] ) + (_b[treat_
> p2] ) + (_b[treat_p3] ) + (_b[L4treat_p0]) + (_b[L4treat_p1]) + (_b[L4treat_p
> 2]) + (_b[L4treat_p3]) + (_b[L8treat_p0]) + (_b[L8treat_p1]) + (_b[L8treat_p2
> ]) + (_b[L8treat_p3]) + (_b[L12treat_p0]) + (_b[L12treat_p1]) + (_b[L12treat_
> p2]) + (_b[L12treat_p3]) + (_b[L16treat_p0]) + (_b[L16treat_p1]) + (_b[L16tre
> at_p2]) + (_b[L16treat_p3]))*(4*.2)*(1/.5711273156241218))/.0864819457562104)
> ))

------------------------------------------------------------------------------
overallcou~c | Coefficient  Std. err.      z    P>|z|     [95% conf. interval]
-------------+----------------------------------------------------------------
       _nl_1 |   .4521672   .4793417     0.94   0.346    -.4873253     1.39166
------------------------------------------------------------------------------

added macro:
        e(labordem_Eb) : "0.452"

added macro:
       e(labordem_Ese) : "(0.479)"

added macro:
             e(numobs) : "847314"

added macro:
           e(numevent) : "138"

added macro:
             e(minwpc) : "0.101"

added macro:
              e(belsh) : "0.086"

added macro:
       e(wagebinstate) : "Y"

added macro:
      e(wagebinperiod) : "Y"

. *
. 
end of do-file

. do "${dofiles}alternativewagewindows.do" 4

. 
. *This do file is created by DC on 07/08/2016.
. *****************************************************************************
> ***
. ***************************   Table 1      **********************************
> ***
. *****************************************************************************
> ***
. *Results on non-linear effects: The treatment events into quintiles by the be
> low mass share.
. *Estimate the effect of all five quintiles separately.
. *1979 onwards
. *Note that regression is commented out. Figure creation is also commented out
> .
. 
. 
. 
. *****************************************************************************
> ***
. *****************************************************************************
> ***
. *****************************************************************************
> ***
. 
. 
. 
. **** DEFINE REGRESSION COMMAND AND CONTROLS *****
. 
. 
. foreach s in 0a 0 1 1b 3 4 5 6 7 8 9 10 11 12{
  2.         global rtype`s' reghdfe
  3. }

. global rtype2 regifewtab

. 
. 
. global a1  i.wagebinstate i.wagequarterdate  // distributional TWFE

. global a4 i.wagebinstate##c.quarterdate i.wagequarterdate // state-trends

. global a5 i.wagebinstate i.wagequarterdate##i.division // div-period

. global a6 i.wagebinstate##c.quarterdate i.wagequarterdate##i.division // div-
> period, statetrends

. global a10 i.wagebinstate##c.quarterdate i.wagebinstate##c.quarterdatesq i.wa
> gequarterdate // state-quadratic-trends

. global a11 i.wagebinstate##c.quarterdate i.wagebinstate##c.quarterdatesq i.wa
> gequarterdate##i.division // state-quadratic-trends

. global a12 i.wagebinstate i.wagequarterdate i.quarterdate##i.statenum // stat
> eXquarter FE.

. 
. 
. global opt2 f(wagequarterdate wagebinstate, 3)

. 
. 
. global label0a aTWFE

. global label0 Canonical

. global label1 TWFE

. global label1b TWFE

. global label2 IFE

. global label3 Ind-ST

. global label4 ST

. global label5 DP

. global label6 ST_DP

. global label7 Ind-ST-DP

. global label8 CSP

. global label9 ST-CSP

. global label10 STQ

. global label11 STQ_DP

. global label12 STP

. 
. local wageupper = `1'

. 
. 
. if "`wagelower'"==""{
. local wagelower = 4
. }

. else{
. local wagelower = `2'
. }

. 
. scalar forcluster = `wagelower' + `wageupper' + 1

. if `=forcluster'>10{
. local clustervar "clustervar"
. }

. else{
. local clustervar "statenum"
. }

. *
. 
. 
. use "${data}qcew_state_overall_counts_2016.dta", clear

. rename statefips statenum

. gen quarterdate = yq(year, quarter)

. tempfile qcew

. save `qcew'
file /var/folders/bm/2cq1vtmd5wg6k0vdjfpvbmww0000gn/T//St49517.000001 saved
    as .dta format

. 
. 
. 
. treatmentcontrolwindows, wmax(`wageupper') wmin(`wagelower')

. di "You set upper bound as `wageupper' and lower bound as `wagelower'."
You set upper bound as 4 and lower bound as 4.

. *The following calls the data.
. treatmentdefinition
You are using the primary working data.

Panel variable: wagebinstate (strongly balanced)
 Time variable: quarterdate, 76 to 227
         Delta: 1 unit

. 
. 
. merge m:1 statenum quarterdate using `qcew',assert(3) nogenerate
(variable quarterdate was int, now float to accommodate using data's values)

    Result                      Number of obs
    -----------------------------------------
    Not matched                             0
    Matched                           906,984  
    -----------------------------------------

. 
. replace count = count*emp/countall if emp!=0
(710,139 real changes made)

. cap drop overallcountpc

. gen overallcountpc=count/population

. replace overallcountpcall = emp/population  if emp!=0
(905,112 real changes made)

. 
. 
. *****************************************************************************
> ***
. ***********       Correcting Aggregate Controls         *********************
> ***
. *****************************************************************************
> ***
. 
. xtset wagebinstate quarterdate

Panel variable: wagebinstate (strongly balanced)
 Time variable: quarterdate, 76 to 227
         Delta: 1 unit

. correctaggcont, tmin(12) tmax(16) wmin(`wagelower') wmax(`wageupper')
No need to correct anything. You are using the default settings.

. 
. *****************************************************************************
> ***
. *****************************************************************************
> ***
. *****************************************************************************
> ***
. 
. 
. abovebelowbunch, wmax(`wageupper') wmin(`wagelower')

. 
. abovebelowfull
Make sure that belowL16 and aboveL16 exists. Otherwise the program does not wor
> k. Assertion will be false.

. 
. *****************************************************************************
> ***
. ***********************           Weights           *************************
> ***
. *****************************************************************************
> ***
. 
. cap drop wt

. foreach Y in   overall teen  HSL female BH  {
  2.         foreach b of numlist 1995 1979{
  3.                                         global weight`Y'`b' "[aw=wt`Y'`b']
> "
  4.                                         }
  5. }

. *
. 
. 
. foreach Y in   overall teen  HSL female BH  {
  2.                 foreach H in FTE{
  3.         foreach b of numlist /*1995*/ 1979{
  4.                                         global weight`Y'`H'`b' "[aw=wt`Y'`
> b']"
  5.                                         }
  6.         }
  7. }

. *
. 
. *****************************************************************************
> ***
. **************     Sample and Control Specific Macros           *************
> ***
. *****************************************************************************
> ***
. 
. 
. local limittreat "_stateonly"

. 
. 
. xtset wagebinstate quarterdate

Panel variable: wagebinstate (strongly balanced)
 Time variable: quarterdate, 76 to 227
         Delta: 1 unit

. 
. 
. 
. *****************************************************************************
> ***
. **************      To name the graph              **************************
> ***
. *****************************************************************************
> ***
. 
. if "${disagg}" == "Y"{
. local temp1 "disaggcont"
. }

. else{
. local temp1 "aggcont"
. }

. 
. if "$controlmethod" == "Linear"{
. local temp2 "L"
. }

. else{
. if "$controlmethod" == "None"{
. local temp1 "nocont"
. }
. else{
. local temp2 "A"
. }
. }

. cap drop one

. g one =1

. *
. 
. 
. 
. *****************************************************************************
> ***
. ***************          Useful to Find Below Share Wages               *****
> ***
. *****************************************************************************
> ***
. 
. 
. cap drop statequarterdate

. egen statequarterdate = group(state quarterdate)

. sort statequarterdate wagebins

. 
. cap drop overallWB*

. g overallWBFH = wagebins*count/(100)

. g overallWBpcFH = wagebins*count/(100*population)

. 
. cap drop overallWBpcrsumFH

. g overallWBpcrsumFH=0

. replace overallWBpcrsumFH = overallWBpcFH if wagebins==100
(2,827 real changes made)

. replace overallWBpcrsumFH = overallWBpcrsumFH[_n-1] + overallWBpcFH if wagebi
> ns>100
(876,538 real changes made)

. 
. cap drop overallcountpcrsum

. g overallcountpcrsum=0

. replace overallcountpcrsum = overallcountpc if wagebins==100
(2,827 real changes made)

. replace overallcountpcrsum = overallcountpcrsum[_n-1] + overallcountpc if wag
> ebins>100
(876,538 real changes made)

. 
. 
. if `=forcluster'>10{
.         cap drop temp
.         gen temp = (wagebins==3000)
.         cap drop clustervar
.         egen clustervar = group(statenum temp)
.         cap drop temp
.         sum clustervar, meanonly
.         assert r(max)==102
. }

. *
. 
. *****************************************************************************
> ***
. **********************       REGRESSIONS AND FIGURES        *****************
> ***
. *****************************************************************************
> ***
. xtset wagebinstate quarterdate

Panel variable: wagebinstate (strongly balanced)
 Time variable: quarterdate, 76 to 227
         Delta: 1 unit

. compress
  variable quarterdate was float now int
  variable one was float now byte
  variable statequarterdate was float now int
  (6,348,888 bytes saved)

. 
. cap drop one

. cap drop counter

. g one =1

. gen counter = ((_n-1)*4) - $Tmin if _n<=8
(906,976 missing values generated)

. 
. foreach s in  0 1  4  5  6 10  11 12 {
  2.         cap drop be_timeb
  3.         cap drop be_timese
  4.         cap drop be_timeupper
  5.         cap drop be_timelower
  6. 
.         g be_timeb=.
  7.         g be_timese=.
  8.         g be_timeupper=.
  9.         g be_timelower=.
 10. 
.         replace be_timeb=0 if counter==-4
 11.         replace be_timese=0 if counter==-4
 12.         replace be_timeupper=0 if counter==-4
 13.         replace be_timelower=0 if counter==-4
 14. 
.         }
(906,984 missing values generated)
(906,984 missing values generated)
(906,984 missing values generated)
(906,984 missing values generated)
(1 real change made)
(1 real change made)
(1 real change made)
(1 real change made)
(906,984 missing values generated)
(906,984 missing values generated)
(906,984 missing values generated)
(906,984 missing values generated)
(1 real change made)
(1 real change made)
(1 real change made)
(1 real change made)
(906,984 missing values generated)
(906,984 missing values generated)
(906,984 missing values generated)
(906,984 missing values generated)
(1 real change made)
(1 real change made)
(1 real change made)
(1 real change made)
(906,984 missing values generated)
(906,984 missing values generated)
(906,984 missing values generated)
(906,984 missing values generated)
(1 real change made)
(1 real change made)
(1 real change made)
(1 real change made)
(906,984 missing values generated)
(906,984 missing values generated)
(906,984 missing values generated)
(906,984 missing values generated)
(1 real change made)
(1 real change made)
(1 real change made)
(1 real change made)
(906,984 missing values generated)
(906,984 missing values generated)
(906,984 missing values generated)
(906,984 missing values generated)
(1 real change made)
(1 real change made)
(1 real change made)
(1 real change made)
(906,984 missing values generated)
(906,984 missing values generated)
(906,984 missing values generated)
(906,984 missing values generated)
(1 real change made)
(1 real change made)
(1 real change made)
(1 real change made)
(906,984 missing values generated)
(906,984 missing values generated)
(906,984 missing values generated)
(906,984 missing values generated)
(1 real change made)
(1 real change made)
(1 real change made)
(1 real change made)

. *
. 
. foreach Y in   overall /*overallFTE teen teenFTE HSL HSLFTE female femaleFTE 
> BH BHFTE */ {
  2. foreach b in   /* 1995 */ 1979 {
  3.                                         ***  define MW change ***
.                                 sum DMW_real if fedincrease!=1 & overallcount
> gr>0 & year>=`b' & cleansample ==1   ${weight`Y'`b'}
  4.                                 local mwc = r(mean)
  5.                                 sum MW_real if  F.fedincrease!=1 & F.overa
> llcountgr>0 & year>=`b' & cleansample ==1   ${weight`Y'`b'}
  6.                                 local mw = r(mean)
  7.                                 local mwpc = `mwc'/`mw'
  8.                                 local mwpc2 : di  %04.3f `mwpc'
  9. 
.                                 sum `Y'countpcall if ((F.fedincrease != 1 & F
> .fedincrease != . & F.overallcountgr>0 & F.overallcountgr!=. ) | ///
>                                 (F2.fedincrease != 1 & F2.overallcountgr>0 & 
> F2.fedincrease != . & F2.overallcountgr!=. ) ///
>                                 | (F3.fedincrease != 1 & F3.overallcountgr>0 
> & F3.fedincrease != . & F3.overallcountgr!=. ) ///
>                                 | (F4.fedincrease != 1 & F4.overallcountgr>0 
> & F4.fedincrease != . & F4.overallcountgr!=. ) ) & year>=`b' & cleansample ==
> 1 ///
>                                  ${weight`Y'`b'}                 // CHECK THI
> S  2/2/16
 10. 
.                                 local epop = r(mean)
 11.                                 global E = `epop'
 12. 
.                                 global C = 1/(`epop'*`mwpc')
 13. 
. 
.                                 *Below share
. 
. 
.                                 sum overallcountpcrsum if ( F.fedincrease!=1 
> & F.overallcountgr>0 & F.fedincrease!=. & F.overallcountgr!=.  & (wagebins+25
> )/100==F1MW_realM25) | ///
>                                  ( F2.fedincrease!=1 & F2.overallcountgr>0 & 
> F2.fedincrease!=. & F2.overallcountgr!=. & (wagebins+25)/100==F2MW_realM25 ) 
> | ///
>                                 ( F3.fedincrease!=1 & F3.overallcountgr>0 & F
> 3.fedincrease!=. & F3.overallcountgr!=.  & (wagebins+25)/100==F3MW_realM25) |
>  ///
>                                  ( F4.fedincrease!=1 & F4.overallcountgr>0 & 
> F4.fedincrease!=. & F4.overallcountgr!=. & (wagebins+25)/100==F4MW_realM25 ) 
> ///
>                                 & year>=`b' & cleansample ==1      ${weight`Y
> '`b'}
 14. 
.                                 global B = r(mean)/${E}
 15.                                 local belsh2 : di  %04.3f $B
 16. 
.                                 *Affected share
. 
.                                 sum `Y'countpcrsum if (  F.fedincrease!=1 & F
> .overallcountgr>0 & F.fedincrease!=. & F.overallcountgr!=.  & (wagebins)/100=
> =MW_realM25) | ///
>                                  ( F2.fedincrease!=1 & F2.overallcountgr>0 & 
> F2.fedincrease!=. & F2.overallcountgr!=. & (wagebins)/100==MW_realM25 ) | ///
>                                 ( F3.fedincrease!=1 & F3.overallcountgr>0 & F
> 3.fedincrease!=. & F3.overallcountgr!=.  & (wagebins)/100==MW_realM25) | ///
>                                  ( F4.fedincrease!=1 & F4.overallcountgr>0 & 
> F4.fedincrease!=. & F4.overallcountgr!=. & (wagebins)/100==MW_realM25 ) ///
>                                 & year>=1979 & cleansample ==1    ${weight`Y'
> `b'}
 17. 
.                                 global AS`Y' = $B - (r(mean)/${E})
 18.                                 local affsh`Y' : di  %04.3f ${AS`Y'}
 19. 
. 
. 
.                                 *********************************************
> *******************
.                                 *************    Wagebill related globals    
>    ****************
.                                 *********************************************
> *******************
.                                 sum overallWBpcrsumFH if (  F.fedincrease!=1 
> & F.overallcountgr>0 & F.fedincrease!=. & F.overallcountgr!=.   & (wagebins+2
> 5)/100==F1MW_realM25) | ///
>                                  (F2.fedincrease!=1 & F2.overallcountgr>0 & F
> 2.fedincrease!=. & F2.overallcountgr!=. & (wagebins+25)/100==F2MW_realM25 ) |
>  ///
>                                 (F3.fedincrease!=1 & F3.overallcountgr>0 & F3
> .fedincrease!=. & F3.overallcountgr!=.  & (wagebins+25)/100==F3MW_realM25) | 
> ///
>                                  (  F4.fedincrease!=1 & F4.overallcountgr>0 &
>  F4.fedincrease!=. & F4.overallcountgr!=.  & (wagebins+25)/100==F4MW_realM25 
> ) ///
>                                 & year>=`b' & cleansample ==1     ${weight`Y'
> `b'}
 20. 
.                                 global EWB = r(mean)
 21.                                 local EWB2 : di  %04.3f $EWB
 22.                                 cap drop tempweight
 23.                                 global CWB = 1/(${EWB}*`mwpc')
 24. 
.                                 sum wagebins if treat_p0 == 1  & year>=`b' & 
> cleansample ==1   ${weight`Y'`b'}, meanonly
 25.                                 global wagemult = r(mean)/100
 26. 
. 
.                                 *We have to do this here because multipliers 
> are calculated in the loop.
. 
.                                 abovebelowWBbunch,wagemult(${wagemult}) wmax(
> `wageupper') wmin(`wagelower')
 27.                                 abovebelowWBfull
 28. 
. 
.                                 foreach s in /*0*/ 1 /*4 5 6 10 11 12*/ /*0a 
> 0b  4  5 6*/     {
 29.                                 *** REGRESSION ***
.                                 /*
>                                 di "${rtype`s'} `Y'countpc  ${treatbefore} on
> e if  year>=`b'  & cleansample==1  ${weight`Y'`b'} , a(${a`s'}  ${control} ${
> controlafter} ${controlf} ${window} )  cluster(`clustervar')"
>                                 ${rtype`s'} `Y'countpc  ${treatbefore} one if
>   year>=`b'  & cleansample==1  ${weight`Y'`b'} , a(${a`s'}  ${control} ${cont
> rolafter} ${controlf} ${window} )  cluster(`clustervar')
>                                 est save "${estimates}altwwqcew_`wageupper'_`
> wagelower'_before`limitsample'`limittreat'_`s'_`Y'_`b'_`temp1'_`temp2'_${Tmax
> }${Tmin}"
> */
.                                 ${rtype`s'} `Y'countpc  ${treatafter} one if 
>  year>=`b'  & cleansample==1  ${weight`Y'`b'} , a(${a`s'}  ${control} ${contr
> olbefore} ${controlf} ${window} )  cluster(`clustervar')
 30.                                 est save "${estimates}altwwqcew_`wageupper
> '_`wagelower'_after`limitsample'`limittreat'_`s'_`Y'_`b'_`temp1'_`temp2'_${Tm
> ax}${Tmin}", replace
 31. 
.                                 est use "${estimates}altwwqcew_`wageupper'_`w
> agelower'_after`limitsample'`limittreat'_`s'_`Y'_`b'_`temp1'_`temp2'_${Tmax}$
> {Tmin}"
 32.                                 local dof = e(df_r)
 33.                                 local numberobs = e(N)
 34.                                 count if fedincrease!=1 & overallcountgr>0
>  & wagebins==300              // The wage bin does not matter.
 35.                                 local numberevent = r(N)
 36. 
. 
.                                 local denominator = (1/(1+(${Tmax}/4)))
 37. 
. 
. /*
>                                 *********************************************
> *******************
>                                 **************     Figure 4      ************
> *******************
>                                 *********************************************
> *******************
>                                 *Defining globals to get time averaged estima
> tes. Need to define here.
>                                 preserve                                     
>                                                                              
>       // For some reason, sometimes svmat clears the data in memory. To preve
> nt that, we preserve here.
>                                 makefigure_massbywagebin
>                                 graphexportpdf ${figures}Figure4`limitsample'
> `limittreat'_${label`s'}_`Y'_`temp1'_`temp2'.pdf, dropeps
>                                 restore
> 
> 
>                                 *********************************************
> *******************
>                                 **************       Figure 5     ***********
> *******************
>                                 *********************************************
> *******************
> 
>                                 est use "${estimates}Table1abefore`limitsampl
> e'`limittreat'_`s'_`Y'_`b'_`temp1'_`temp2'_${Tmax}${Tmin}"
>                                 makefigure_massovertime_before
>                                 est use "${estimates}Table1aafter`limitsample
> '`limittreat'_`s'_`Y'_`b'_`temp1'_`temp2'_${Tmax}${Tmin}"
>                                 makefigure_massovertime_after
> 
>                                 graphexportpdf ${figures}Figure5`limitsample'
> `limittreat'_${label`s'}_`Y'_`temp1'_`temp2'.pdf, dropeps
> 
>                                 *********************************************
> *******************
>                                 **************      Figure 7              ***
> *******************
>                                 *********************************************
> *******************
> */
. 
. /*
>                                 est use "${estimates}altwwqcew_`wageupper'_`w
> agelower'_before`limitsample'`limittreat'_`s'_`Y'_`b'_`temp1'_`temp2'_${Tmax}
> ${Tmin}"
>                                 makefigure_chovertime_before
>                                 est use "${estimates}altwwqcew_`wageupper'_`w
> agelower'_after`limitsample'`limittreat'_`s'_`Y'_`b'_`temp1'_`temp2'_${Tmax}$
> {Tmin}"
>                                 makefigure_chovertime_after
>                                 graphexportpdf ${figures}Figure7`limitsample'
> `limittreat'_${label`s'}_`temp1'_`temp2'_changepattern_from_`wagelower'_to_`w
> ageupper'.pdf, dropeps
> 
>                                 preserve
>                                 keep if be_timeb!=.
>                                 keep counter be_timeb be_timeupper be_timelow
> er
>                                 save "${data}Figure7_altwage_from`wagelower'_
> to`wageupper'.dta", replace
>                                 restore
>                                 stop
> 
> */
. 
. 
. /*
> 
> 
>                                 *********************************************
> *******************
>                                 **************      Figure 6 (Wages)         
>     ***************
>                                 *********************************************
> *******************
> 
>                                                 est use "${estimates}Table1ab
> efore`limitsample'`limittreat'_`s'_`Y'_`b'_`temp1'_`temp2'_${Tmax}${Tmin}"
>                                                 makefigure_chovertimeWB_befor
> e
>                                                 est use "${estimates}Table1aa
> fter`limitsample'`limittreat'_`s'_`Y'_`b'_`temp1'_`temp2'_${Tmax}${Tmin}"
>                                                 makefigure_chovertimeWB_after
>                                                 graphexportpdf ${figures}Figu
> re6wage`limitsample'`limittreat'_${label`s'}_`temp1'_`temp2'_changepattern.pd
> f, dropeps
>                 */
. 
. 
.                         *****************************************************
> ***************
.                         ****************          Table           ***********
> ***************
.                         *****************************************************
> ***************
.                         est use "${estimates}altwwqcew_`wageupper'_`wagelower
> '_after`limitsample'`limittreat'_`s'_`Y'_`b'_`temp1'_`temp2'_${Tmax}${Tmin}"
 38. 
. 
.                         lincomestadd (${below_full})*(4*`denominator')*(1/${E
> })                                                 , statname(below_E)       
>                       // Multiplying by 4 because bins are in 25 cent precisi
> on. To average by time, dividing by 5.
 39.                         lincomestadd (${above_full})*(4*`denominator')*(1/
> ${E})                                                 , statname(above_E)    
>                                  // Multiplying by 4 because bins are in 25 c
> ent precision. To average by time, dividing by 5.
 40. *                       lincomestadd (${below_full} + ${above_full})*(4*`d
> enominator')*(1/${E})                 , statname(chemp_E)                    
>                  // Multiplying by 4 because bins are in 25 cent precision. T
> o average by time, dividing by 5.
.                         lincomestadd ((${below_full} + ${above_full})*(4*`den
> ominator')*(1/${E}))/${B}  , statname(bunching_E)                          //
>  Multiplying by 4 because bins are in 25 cent precision. To average by time, 
> dividing by 5.
 41.                         lincomestadd (${below_full} + ${above_full})*(4*`d
> enominator')*${C}                             , statname(bunchelas_E)        
>                  // Multiplying by 4 because bins are in 25 cent precision. T
> o average by time, dividing by 5.
 42. 
.                         nlcomestadd ((((${belowWB_full}+${aboveWB_full})*(4*`
> denominator')/$EWB ) - ///
>                         (((${below_full} + ${above_full})*(4*`denominator')*(
> 1/${E}))/${B}))) / ///
>                         (1+(((${below_full} + ${above_full})*(4*`denominator'
> )*(1/${E}))/${B}))         , statname(WB_E)  dof(`dof')                      
>               // Multiplying by 4 because bins are in 25 cent precision. To a
> verage by time, dividing by 5.
 43. 
.                         nlcomestadd (((${below_full} + ${above_full})*(4*`den
> ominator')*(1/${E}))/${B}) /  ///
>                         (((((${belowWB_full}+${aboveWB_full})*(4*`denominator
> ')/$EWB ) - ///
>                         (((${below_full} + ${above_full})*(4*`denominator')*(
> 1/${E}))/${B}))) / ///
>                         (1+(((${below_full} + ${above_full})*(4*`denominator'
> )*(1/${E}))/${B})))                , statname(labordem_E)   dof(`dof')       
>                       // Multiplying by 4 because bins are in 25 cent precisi
> on. To average by time, dividing by 5.
 44. 
. 
.                         estadd local numobs = "`numberobs'"
 45.                         estadd local numevent = "`numberevent'"
 46.                         estadd local minwpc     = "`mwpc2'"
 47.                         estadd local belsh      = "`belsh2'"
 48.                         estadd local wagebinstate               = "Y"
 49. 
. 
.                         if `s' == 0{
 50.                         estadd local periodfe           = "Y"
 51.                         }
 52.                         if `s' != 0{
 53.                         estadd local wagebinperiod              = "Y"
 54.                         }
 55. 
. 
. 
. 
.                         if `s' == 4{
 56.                         estadd local trend              = "Y"
 57.                         }
 58.                         if `s' == 5{
 59.                         estadd local divtime    = "Y"
 60.                         }
 61. 
.                         if `s' == 6{
 62.                         estadd local trend              = "Y"
 63.                         estadd local divtime    = "Y"
 64.                         }
 65. 
.                         if `s' == 10{
 66.                         estadd local trend              = "Y"
 67.                         estadd local qtrend             = "Y"
 68.                         }
 69. 
.                         if `s' == 11{
 70.                         estadd local trend              = "Y"
 71.                         estadd local qtrend             = "Y"
 72.                         estadd local divtime    = "Y"
 73.                         }
 74. 
.                         if `s' == 12{
 75.                         estadd local stp                = "Y"
 76. 
.                         }
 77. 
.                         eststo ta_`Y'_`b'_w`wageupper'_w`wagelower'
 78. 
. 
.                 }
 79. 
.         }
 80.  }

    Variable |     Obs      Weight        Mean   Std. dev.       Min        Max
-------------+-----------------------------------------------------------------
    DMW_real |  16,029  8.5825e+10    .7960962    .399756   .2514448   2.193727

    Variable |     Obs      Weight        Mean   Std. dev.       Min        Max
-------------+-----------------------------------------------------------------
     MW_real |  22,113  1.1584e+11    7.859571   .9471371   6.075942   11.42869

    Variable |     Obs      Weight        Mean   Std. dev.       Min        Max
-------------+-----------------------------------------------------------------
overallcou~l |  63,999  3.4011e+11    .5711273   .0651657   .4235719   1.447222

    Variable |     Obs      Weight        Mean   Std. dev.       Min        Max
-------------+-----------------------------------------------------------------
overallcou~m |     552  2.9312e+09    .0493922   .0161435   .0096957   .1725448

    Variable |     Obs      Weight        Mean   Std. dev.       Min        Max
-------------+-----------------------------------------------------------------
overallcou~m |     547  2.9069e+09    .0358202   .0145438    .004078   .1513094

    Variable |     Obs      Weight        Mean   Std. dev.       Min        Max
-------------+-----------------------------------------------------------------
overallW~mFH |     552  2.9312e+09     .350835    .146225   .0658011   1.376678
Make sure that belowL16 and aboveL16 exists. Otherwise the program does not wor
> k. Assertion will be false.
(MWFE estimator converged in 23 iterations)
note: one is probably collinear with the fixed effects (all partialled-out valu
> es are close to zero; tol = 1.0e-09)

HDFE Linear regression                            Number of obs   =    847,314
Absorbing 41 HDFE groups                          F(  45,     50) =    2589.50
Statistics robust to heteroskedasticity           Prob > F        =     0.0000
                                                  R-squared       =     0.9396
                                                  Adj R-squared   =     0.9379
                                                  Within R-sq.    =     0.0033
Number of clusters (statenum) =         51        Root MSE        =     0.0027

                              (Std. err. adjusted for 51 clusters in statenum)
------------------------------------------------------------------------------
             |               Robust
overallcou~c | Coefficient  std. err.      t    P>|t|     [95% conf. interval]
-------------+----------------------------------------------------------------
    treat_m4 |  -4.43e-06   .0000434    -0.10   0.919    -.0000917    .0000828
    treat_m3 |  -.0000948   .0000338    -2.80   0.007    -.0001628   -.0000268
    treat_m2 |   -.000731   .0001897    -3.85   0.000     -.001112   -.0003501
    treat_m1 |  -.0023968   .0003527    -6.80   0.000    -.0031051   -.0016885
    treat_p0 |   .0025944   .0004702     5.52   0.000       .00165    .0035388
    treat_p1 |   .0003629   .0001656     2.19   0.033     .0000303    .0006954
    treat_p2 |   .0001385    .000095     1.46   0.151    -.0000524    .0003293
    treat_p3 |   .0003874   .0000885     4.38   0.000     .0002096    .0005652
    treat_p4 |   .0000236   .0000842     0.28   0.781    -.0001456    .0001928
  L4treat_m4 |  -.0000655   .0000536    -1.22   0.227    -.0001732    .0000422
  L4treat_m3 |  -.0000958    .000055    -1.74   0.088    -.0002063    .0000147
  L4treat_m2 |  -.0003844   .0001171    -3.28   0.002    -.0006195   -.0001493
  L4treat_m1 |  -.0022071   .0004471    -4.94   0.000     -.003105   -.0013092
  L4treat_p0 |   .0020373    .000313     6.51   0.000     .0014087    .0026659
  L4treat_p1 |   .0002771   .0001842     1.50   0.139    -.0000929    .0006472
  L4treat_p2 |   .0001054   .0001301     0.81   0.422    -.0001559    .0003668
  L4treat_p3 |    .000251   .0001149     2.18   0.034     .0000202    .0004817
  L4treat_p4 |     .00016   .0000909     1.76   0.084    -.0000225    .0003426
  L8treat_m4 |  -.0000873    .000073    -1.20   0.237    -.0002339    .0000593
  L8treat_m3 |  -.0001639   .0000451    -3.64   0.001    -.0002544   -.0000733
  L8treat_m2 |  -.0004015   .0001603    -2.50   0.016    -.0007235   -.0000795
  L8treat_m1 |  -.0019251   .0004188    -4.60   0.000    -.0027664   -.0010839
  L8treat_p0 |   .0021695   .0003521     6.16   0.000     .0014624    .0028767
  L8treat_p1 |   .0002774   .0002058     1.35   0.184    -.0001359    .0006907
  L8treat_p2 |   .0002337   .0001474     1.59   0.119    -.0000623    .0005298
  L8treat_p3 |   .0002443   .0001434     1.70   0.095    -.0000438    .0005324
  L8treat_p4 |   .0000271   .0000977     0.28   0.782    -.0001692    .0002234
 L12treat_m4 |  -.0001556   .0000914    -1.70   0.095    -.0003391     .000028
 L12treat_m3 |  -.0001452   .0000991    -1.47   0.149    -.0003441    .0000538
 L12treat_m2 |  -.0003126   .0001363    -2.29   0.026    -.0005863   -.0000389
 L12treat_m1 |   -.002065   .0004917    -4.20   0.000    -.0030527   -.0010774
 L12treat_p0 |   .0020854   .0003325     6.27   0.000     .0014175    .0027533
 L12treat_p1 |   .0000131   .0001778     0.07   0.942    -.0003439    .0003701
 L12treat_p2 |   .0002975   .0000905     3.29   0.002     .0001157    .0004793
 L12treat_p3 |   .0004407   .0000935     4.71   0.000     .0002528    .0006286
 L12treat_p4 |   .0002882   .0001282     2.25   0.029     .0000306    .0005458
 L16treat_m4 |  -.0001312   .0000657    -2.00   0.051    -.0002632    8.27e-07
 L16treat_m3 |  -.0002229   .0001066    -2.09   0.042    -.0004371   -8.75e-06
 L16treat_m2 |  -.0002935   .0001062    -2.76   0.008    -.0005067   -.0000803
 L16treat_m1 |  -.0011829   .0003343    -3.54   0.001    -.0018542   -.0005115
 L16treat_p0 |   .0018999   .0002867     6.63   0.000     .0013242    .0024757
 L16treat_p1 |  -.0000477   .0002176    -0.22   0.828    -.0004848    .0003895
 L16treat_p2 |   .0001423   .0001608     0.88   0.381    -.0001807    .0004653
 L16treat_p3 |   .0004278    .000077     5.55   0.000     .0002731    .0005825
 L16treat_p4 |  -.0000483   .0001155    -0.42   0.677    -.0002803    .0001836
         one |          0  (omitted)
       _cons |   .0048133   4.84e-06   995.33   0.000     .0048035     .004823
------------------------------------------------------------------------------

Absorbed degrees of freedom:
-----------------------------------------------------------+
       Absorbed FE | Categories  - Redundant  = Num. Coefs |
-------------------+---------------------------------------|
      wagebinstate |      5967        5967           0    *|
   wagequarterdate |     16614           1       16613     |
        postcont_m |         8           1           7     |
         precont_m |         4           1           3    ?|
       earlycont_m |         5           1           4    ?|
        postcont_p |         8           1           7    ?|
         precont_p |         4           1           3    ?|
       earlycont_p |         5           1           4    ?|
 one#c.F12treat_m4 |         1           0           1    ?|
 one#c.F12treat_m3 |         1           0           1    ?|
 one#c.F12treat_m2 |         1           0           1    ?|
 one#c.F12treat_m1 |         1           0           1    ?|
 one#c.F12treat_p0 |         1           0           1    ?|
 one#c.F12treat_p1 |         1           0           1    ?|
 one#c.F12treat_p2 |         1           0           1    ?|
 one#c.F12treat_p3 |         1           0           1    ?|
 one#c.F12treat_p4 |         1           0           1    ?|
  one#c.F8treat_m4 |         1           0           1    ?|
  one#c.F8treat_m3 |         1           0           1    ?|
  one#c.F8treat_m2 |         1           0           1    ?|
  one#c.F8treat_m1 |         1           0           1    ?|
  one#c.F8treat_p0 |         1           0           1    ?|
  one#c.F8treat_p1 |         1           0           1    ?|
  one#c.F8treat_p2 |         1           0           1    ?|
  one#c.F8treat_p3 |         1           0           1    ?|
  one#c.F8treat_p4 |         1           0           1    ?|
       postcontf_m |         4           1           3    ?|
        precontf_m |         3           1           2    ?|
      earlycontf_m |         3           1           2    ?|
       postcontf_p |         4           1           3    ?|
        precontf_p |         3           1           2    ?|
      earlycontf_p |         3           1           2    ?|
   one#c.window_m4 |         1           0           1    ?|
   one#c.window_m3 |         1           0           1    ?|
   one#c.window_m2 |         1           0           1    ?|
   one#c.window_m1 |         1           0           1    ?|
   one#c.window_p0 |         1           0           1    ?|
   one#c.window_p1 |         1           0           1    ?|
   one#c.window_p2 |         1           0           1    ?|
   one#c.window_p3 |         1           0           1    ?|
   one#c.window_p4 |         1           0           1    ?|
-----------------------------------------------------------+
? = number of redundant parameters may be higher
* = FE nested within cluster; treated as redundant for DoF computation
(note: file /Users/brycewang/Documents/GitHub/top5-Econ-Paper-Replications/QJE2
> 019-Minimum-Wages-Low-Wage-Jobs/Results/estimates/altwwqcew_4_4_after_stateon
> ly_1_overall_1979_aggcont_A_1612.ster not found)
file /Users/brycewang/Documents/GitHub/top5-Econ-Paper-Replications/QJE2019-Min
> imum-Wages-Low-Wage-Jobs/Results/estimates/altwwqcew_4_4_after_stateonly_1_ov
> erall_1979_aggcont_A_1612.ster saved
  138

 ( 1)  1.400738*treat_m4 + 1.400738*treat_m3 + 1.400738*treat_m2 +
       1.400738*treat_m1 + 1.400738*L4treat_m4 + 1.400738*L4treat_m3 +
       1.400738*L4treat_m2 + 1.400738*L4treat_m1 + 1.400738*L8treat_m4 +
       1.400738*L8treat_m3 + 1.400738*L8treat_m2 + 1.400738*L8treat_m1 +
       1.400738*L12treat_m4 + 1.400738*L12treat_m3 + 1.400738*L12treat_m2 +
       1.400738*L12treat_m1 + 1.400738*L16treat_m4 + 1.400738*L16treat_m3 +
       1.400738*L16treat_m2 + 1.400738*L16treat_m1 = 0

------------------------------------------------------------------------------
overallcou~c | Coefficient  Std. err.      t    P>|t|     [95% conf. interval]
-------------+----------------------------------------------------------------
         (1) |  -.0183028   .0037683    -4.86   0.000    -.0258718   -.0107339
------------------------------------------------------------------------------

added macro:
           e(below_Eb) : "-0.018***"

added macro:
          e(below_Ese) : "(0.004)"

 ( 1)  1.400738*treat_p0 + 1.400738*treat_p1 + 1.400738*treat_p2 +
       1.400738*treat_p3 + 1.400738*treat_p4 + 1.400738*L4treat_p0 +
       1.400738*L4treat_p1 + 1.400738*L4treat_p2 + 1.400738*L4treat_p3 +
       1.400738*L4treat_p4 + 1.400738*L8treat_p0 + 1.400738*L8treat_p1 +
       1.400738*L8treat_p2 + 1.400738*L8treat_p3 + 1.400738*L8treat_p4 +
       1.400738*L12treat_p0 + 1.400738*L12treat_p1 + 1.400738*L12treat_p2 +
       1.400738*L12treat_p3 + 1.400738*L12treat_p4 + 1.400738*L16treat_p0 +
       1.400738*L16treat_p1 + 1.400738*L16treat_p2 + 1.400738*L16treat_p3 +
       1.400738*L16treat_p4 = 0

------------------------------------------------------------------------------
overallcou~c | Coefficient  Std. err.      t    P>|t|     [95% conf. interval]
-------------+----------------------------------------------------------------
         (1) |   .0207149   .0026081     7.94   0.000     .0154763    .0259535
------------------------------------------------------------------------------

added macro:
           e(above_Eb) : "0.021***"

added macro:
          e(above_Ese) : "(0.003)"

 ( 1)  16.19689*treat_m4 + 16.19689*treat_m3 + 16.19689*treat_m2 +
       16.19689*treat_m1 + 16.19689*treat_p0 + 16.19689*treat_p1 +
       16.19689*treat_p2 + 16.19689*treat_p3 + 16.19689*treat_p4 +
       16.19689*L4treat_m4 + 16.19689*L4treat_m3 + 16.19689*L4treat_m2 +
       16.19689*L4treat_m1 + 16.19689*L4treat_p0 + 16.19689*L4treat_p1 +
       16.19689*L4treat_p2 + 16.19689*L4treat_p3 + 16.19689*L4treat_p4 +
       16.19689*L8treat_m4 + 16.19689*L8treat_m3 + 16.19689*L8treat_m2 +
       16.19689*L8treat_m1 + 16.19689*L8treat_p0 + 16.19689*L8treat_p1 +
       16.19689*L8treat_p2 + 16.19689*L8treat_p3 + 16.19689*L8treat_p4 +
       16.19689*L12treat_m4 + 16.19689*L12treat_m3 + 16.19689*L12treat_m2 +
       16.19689*L12treat_m1 + 16.19689*L12treat_p0 + 16.19689*L12treat_p1 +
       16.19689*L12treat_p2 + 16.19689*L12treat_p3 + 16.19689*L12treat_p4 +
       16.19689*L16treat_m4 + 16.19689*L16treat_m3 + 16.19689*L16treat_m2 +
       16.19689*L16treat_m1 + 16.19689*L16treat_p0 + 16.19689*L16treat_p1 +
       16.19689*L16treat_p2 + 16.19689*L16treat_p3 + 16.19689*L16treat_p4 = 0

------------------------------------------------------------------------------
overallcou~c | Coefficient  Std. err.      t    P>|t|     [95% conf. interval]
-------------+----------------------------------------------------------------
         (1) |   .0278908   .0293375     0.95   0.346    -.0310354    .0868169
------------------------------------------------------------------------------

added macro:
        e(bunching_Eb) : "0.028"

added macro:
       e(bunching_Ese) : "(0.029)"

 ( 1)  13.82899*treat_m4 + 13.82899*treat_m3 + 13.82899*treat_m2 +
       13.82899*treat_m1 + 13.82899*treat_p0 + 13.82899*treat_p1 +
       13.82899*treat_p2 + 13.82899*treat_p3 + 13.82899*treat_p4 +
       13.82899*L4treat_m4 + 13.82899*L4treat_m3 + 13.82899*L4treat_m2 +
       13.82899*L4treat_m1 + 13.82899*L4treat_p0 + 13.82899*L4treat_p1 +
       13.82899*L4treat_p2 + 13.82899*L4treat_p3 + 13.82899*L4treat_p4 +
       13.82899*L8treat_m4 + 13.82899*L8treat_m3 + 13.82899*L8treat_m2 +
       13.82899*L8treat_m1 + 13.82899*L8treat_p0 + 13.82899*L8treat_p1 +
       13.82899*L8treat_p2 + 13.82899*L8treat_p3 + 13.82899*L8treat_p4 +
       13.82899*L12treat_m4 + 13.82899*L12treat_m3 + 13.82899*L12treat_m2 +
       13.82899*L12treat_m1 + 13.82899*L12treat_p0 + 13.82899*L12treat_p1 +
       13.82899*L12treat_p2 + 13.82899*L12treat_p3 + 13.82899*L12treat_p4 +
       13.82899*L16treat_m4 + 13.82899*L16treat_m3 + 13.82899*L16treat_m2 +
       13.82899*L16treat_m1 + 13.82899*L16treat_p0 + 13.82899*L16treat_p1 +
       13.82899*L16treat_p2 + 13.82899*L16treat_p3 + 13.82899*L16treat_p4 = 0

------------------------------------------------------------------------------
overallcou~c | Coefficient  Std. err.      t    P>|t|     [95% conf. interval]
-------------+----------------------------------------------------------------
         (1) |   .0238133   .0250485     0.95   0.346    -.0264982    .0741247
------------------------------------------------------------------------------

added macro:
       e(bunchelas_Eb) : "0.024"

added macro:
      e(bunchelas_Ese) : "(0.025)"

       _nl_1: ((((((_b[treat_m1])*(8.774882267779565-1) ) + ((_b[treat_m2])*(8.
> 774882267779565-2) ) + ((_b[treat_m3])*(8.774882267779565-3) ) + ((_b[treat_m
> 4])*(8.774882267779565-4) ) + ((_b[L4treat_m1])*(8.774882267779565-1) ) + ((_
> b[L4treat_m2])*(8.774882267779565-2)) + ((_b[L4treat_m3])*(8.774882267779565-
> 3)) + ((_b[L4treat_m4])*(8.774882267779565-4)) + ((_b[L8treat_m1])*(8.7748822
> 67779565-1) ) + ((_b[L8treat_m2])*(8.774882267779565-2)) + ((_b[L8treat_m3])*
> (8.774882267779565-3)) + ((_b[L8treat_m4])*(8.774882267779565-4)) + ((_b[L12t
> reat_m1])*(8.774882267779565-1) ) + ((_b[L12treat_m2])*(8.774882267779565-2))
>  + ((_b[L12treat_m3])*(8.774882267779565-3)) + ((_b[L12treat_m4])*(8.77488226
> 7779565-4)) + ((_b[L16treat_m1])*(8.774882267779565-1) ) + ((_b[L16treat_m2])
> *(8.774882267779565-2)) + ((_b[L16treat_m3])*(8.774882267779565-3)) + ((_b[L1
> 6treat_m4])*(8.774882267779565-4))+((_b[treat_p0])*(8.774882267779565+0)) + (
> (_b[treat_p1])*(8.774882267779565+1) ) + ((_b[treat_p2])*(8.774882267779565+2
> ) ) + ((_b[treat_p3])*(8.774882267779565+3) ) + ((_b[treat_p4])*(8.7748822677
> 79565+4) ) + ((_b[L4treat_p0])*(8.774882267779565+0)) + ((_b[L4treat_p1])*(8.
> 774882267779565+1)) + ((_b[L4treat_p2])*(8.774882267779565+2)) + ((_b[L4treat
> _p3])*(8.774882267779565+3)) + ((_b[L4treat_p4])*(8.774882267779565+4)) + ((_
> b[L8treat_p0])*(8.774882267779565+0)) + ((_b[L8treat_p1])*(8.774882267779565+
> 1)) + ((_b[L8treat_p2])*(8.774882267779565+2)) + ((_b[L8treat_p3])*(8.7748822
> 67779565+3)) + ((_b[L8treat_p4])*(8.774882267779565+4)) + ((_b[L12treat_p0])*
> (8.774882267779565+0)) + ((_b[L12treat_p1])*(8.774882267779565+1)) + ((_b[L12
> treat_p2])*(8.774882267779565+2)) + ((_b[L12treat_p3])*(8.774882267779565+3))
>  + ((_b[L12treat_p4])*(8.774882267779565+4)) + ((_b[L16treat_p0])*(8.77488226
> 7779565+0)) + ((_b[L16treat_p1])*(8.774882267779565+1)) + ((_b[L16treat_p2])*
> (8.774882267779565+2)) + ((_b[L16treat_p3])*(8.774882267779565+3)) + ((_b[L16
> treat_p4])*(8.774882267779565+4)))*(4*.2)/.350835006841847 ) - ((((_b[treat_m
> 1] ) + (_b[treat_m2] ) + (_b[treat_m3] ) + (_b[treat_m4] ) + (_b[L4treat_m1])
>  + (_b[L4treat_m2]) + (_b[L4treat_m3]) + (_b[L4treat_m4]) + (_b[L8treat_m1]) 
> + (_b[L8treat_m2]) + (_b[L8treat_m3]) + (_b[L8treat_m4]) + (_b[L12treat_m1]) 
> + (_b[L12treat_m2]) + (_b[L12treat_m3]) + (_b[L12treat_m4]) + (_b[L16treat_m1
> ]) + (_b[L16treat_m2]) + (_b[L16treat_m3]) + (_b[L16treat_m4]) + (_b[treat_p0
> ]) + (_b[treat_p1] ) + (_b[treat_p2] ) + (_b[treat_p3] ) + (_b[treat_p4] ) + 
> (_b[L4treat_p0]) + (_b[L4treat_p1]) + (_b[L4treat_p2]) + (_b[L4treat_p3]) + (
> _b[L4treat_p4]) + (_b[L8treat_p0]) + (_b[L8treat_p1]) + (_b[L8treat_p2]) + (_
> b[L8treat_p3]) + (_b[L8treat_p4]) + (_b[L12treat_p0]) + (_b[L12treat_p1]) + (
> _b[L12treat_p2]) + (_b[L12treat_p3]) + (_b[L12treat_p4]) + (_b[L16treat_p0]) 
> + (_b[L16treat_p1]) + (_b[L16treat_p2]) + (_b[L16treat_p3]) + (_b[L16treat_p4
> ]))*(4*.2)*(1/.5711273156241218))/.0864819457562104))) / (1+((((_b[treat_m1] 
> ) + (_b[treat_m2] ) + (_b[treat_m3] ) + (_b[treat_m4] ) + (_b[L4treat_m1]) + 
> (_b[L4treat_m2]) + (_b[L4treat_m3]) + (_b[L4treat_m4]) + (_b[L8treat_m1]) + (
> _b[L8treat_m2]) + (_b[L8treat_m3]) + (_b[L8treat_m4]) + (_b[L12treat_m1]) + (
> _b[L12treat_m2]) + (_b[L12treat_m3]) + (_b[L12treat_m4]) + (_b[L16treat_m1]) 
> + (_b[L16treat_m2]) + (_b[L16treat_m3]) + (_b[L16treat_m4]) + (_b[treat_p0]) 
> + (_b[treat_p1] ) + (_b[treat_p2] ) + (_b[treat_p3] ) + (_b[treat_p4] ) + (_b
> [L4treat_p0]) + (_b[L4treat_p1]) + (_b[L4treat_p2]) + (_b[L4treat_p3]) + (_b[
> L4treat_p4]) + (_b[L8treat_p0]) + (_b[L8treat_p1]) + (_b[L8treat_p2]) + (_b[L
> 8treat_p3]) + (_b[L8treat_p4]) + (_b[L12treat_p0]) + (_b[L12treat_p1]) + (_b[
> L12treat_p2]) + (_b[L12treat_p3]) + (_b[L12treat_p4]) + (_b[L16treat_p0]) + (
> _b[L16treat_p1]) + (_b[L16treat_p2]) + (_b[L16treat_p3]) + (_b[L16treat_p4]))
> *(4*.2)*(1/.5711273156241218))/.0864819457562104))

------------------------------------------------------------------------------
overallcou~c | Coefficient  Std. err.      z    P>|z|     [95% conf. interval]
-------------+----------------------------------------------------------------
       _nl_1 |   .0679256   .0097852     6.94   0.000      .048747    .0871041
------------------------------------------------------------------------------

added macro:
              e(WB_Eb) : "0.068***"

added macro:
             e(WB_Ese) : "(0.010)"

       _nl_1: ((((_b[treat_m1] ) + (_b[treat_m2] ) + (_b[treat_m3] ) + (_b[trea
> t_m4] ) + (_b[L4treat_m1]) + (_b[L4treat_m2]) + (_b[L4treat_m3]) + (_b[L4trea
> t_m4]) + (_b[L8treat_m1]) + (_b[L8treat_m2]) + (_b[L8treat_m3]) + (_b[L8treat
> _m4]) + (_b[L12treat_m1]) + (_b[L12treat_m2]) + (_b[L12treat_m3]) + (_b[L12tr
> eat_m4]) + (_b[L16treat_m1]) + (_b[L16treat_m2]) + (_b[L16treat_m3]) + (_b[L1
> 6treat_m4]) + (_b[treat_p0]) + (_b[treat_p1] ) + (_b[treat_p2] ) + (_b[treat_
> p3] ) + (_b[treat_p4] ) + (_b[L4treat_p0]) + (_b[L4treat_p1]) + (_b[L4treat_p
> 2]) + (_b[L4treat_p3]) + (_b[L4treat_p4]) + (_b[L8treat_p0]) + (_b[L8treat_p1
> ]) + (_b[L8treat_p2]) + (_b[L8treat_p3]) + (_b[L8treat_p4]) + (_b[L12treat_p0
> ]) + (_b[L12treat_p1]) + (_b[L12treat_p2]) + (_b[L12treat_p3]) + (_b[L12treat
> _p4]) + (_b[L16treat_p0]) + (_b[L16treat_p1]) + (_b[L16treat_p2]) + (_b[L16tr
> eat_p3]) + (_b[L16treat_p4]))*(4*.2)*(1/.5711273156241218))/.0864819457562104
> ) / (((((((_b[treat_m1])*(8.774882267779565-1) ) + ((_b[treat_m2])*(8.7748822
> 67779565-2) ) + ((_b[treat_m3])*(8.774882267779565-3) ) + ((_b[treat_m4])*(8.
> 774882267779565-4) ) + ((_b[L4treat_m1])*(8.774882267779565-1) ) + ((_b[L4tre
> at_m2])*(8.774882267779565-2)) + ((_b[L4treat_m3])*(8.774882267779565-3)) + (
> (_b[L4treat_m4])*(8.774882267779565-4)) + ((_b[L8treat_m1])*(8.77488226777956
> 5-1) ) + ((_b[L8treat_m2])*(8.774882267779565-2)) + ((_b[L8treat_m3])*(8.7748
> 82267779565-3)) + ((_b[L8treat_m4])*(8.774882267779565-4)) + ((_b[L12treat_m1
> ])*(8.774882267779565-1) ) + ((_b[L12treat_m2])*(8.774882267779565-2)) + ((_b
> [L12treat_m3])*(8.774882267779565-3)) + ((_b[L12treat_m4])*(8.774882267779565
> -4)) + ((_b[L16treat_m1])*(8.774882267779565-1) ) + ((_b[L16treat_m2])*(8.774
> 882267779565-2)) + ((_b[L16treat_m3])*(8.774882267779565-3)) + ((_b[L16treat_
> m4])*(8.774882267779565-4))+((_b[treat_p0])*(8.774882267779565+0)) + ((_b[tre
> at_p1])*(8.774882267779565+1) ) + ((_b[treat_p2])*(8.774882267779565+2) ) + (
> (_b[treat_p3])*(8.774882267779565+3) ) + ((_b[treat_p4])*(8.774882267779565+4
> ) ) + ((_b[L4treat_p0])*(8.774882267779565+0)) + ((_b[L4treat_p1])*(8.7748822
> 67779565+1)) + ((_b[L4treat_p2])*(8.774882267779565+2)) + ((_b[L4treat_p3])*(
> 8.774882267779565+3)) + ((_b[L4treat_p4])*(8.774882267779565+4)) + ((_b[L8tre
> at_p0])*(8.774882267779565+0)) + ((_b[L8treat_p1])*(8.774882267779565+1)) + (
> (_b[L8treat_p2])*(8.774882267779565+2)) + ((_b[L8treat_p3])*(8.77488226777956
> 5+3)) + ((_b[L8treat_p4])*(8.774882267779565+4)) + ((_b[L12treat_p0])*(8.7748
> 82267779565+0)) + ((_b[L12treat_p1])*(8.774882267779565+1)) + ((_b[L12treat_p
> 2])*(8.774882267779565+2)) + ((_b[L12treat_p3])*(8.774882267779565+3)) + ((_b
> [L12treat_p4])*(8.774882267779565+4)) + ((_b[L16treat_p0])*(8.774882267779565
> +0)) + ((_b[L16treat_p1])*(8.774882267779565+1)) + ((_b[L16treat_p2])*(8.7748
> 82267779565+2)) + ((_b[L16treat_p3])*(8.774882267779565+3)) + ((_b[L16treat_p
> 4])*(8.774882267779565+4)))*(4*.2)/.350835006841847 ) - ((((_b[treat_m1] ) + 
> (_b[treat_m2] ) + (_b[treat_m3] ) + (_b[treat_m4] ) + (_b[L4treat_m1]) + (_b[
> L4treat_m2]) + (_b[L4treat_m3]) + (_b[L4treat_m4]) + (_b[L8treat_m1]) + (_b[L
> 8treat_m2]) + (_b[L8treat_m3]) + (_b[L8treat_m4]) + (_b[L12treat_m1]) + (_b[L
> 12treat_m2]) + (_b[L12treat_m3]) + (_b[L12treat_m4]) + (_b[L16treat_m1]) + (_
> b[L16treat_m2]) + (_b[L16treat_m3]) + (_b[L16treat_m4]) + (_b[treat_p0]) + (_
> b[treat_p1] ) + (_b[treat_p2] ) + (_b[treat_p3] ) + (_b[treat_p4] ) + (_b[L4t
> reat_p0]) + (_b[L4treat_p1]) + (_b[L4treat_p2]) + (_b[L4treat_p3]) + (_b[L4tr
> eat_p4]) + (_b[L8treat_p0]) + (_b[L8treat_p1]) + (_b[L8treat_p2]) + (_b[L8tre
> at_p3]) + (_b[L8treat_p4]) + (_b[L12treat_p0]) + (_b[L12treat_p1]) + (_b[L12t
> reat_p2]) + (_b[L12treat_p3]) + (_b[L12treat_p4]) + (_b[L16treat_p0]) + (_b[L
> 16treat_p1]) + (_b[L16treat_p2]) + (_b[L16treat_p3]) + (_b[L16treat_p4]))*(4*
> .2)*(1/.5711273156241218))/.0864819457562104))) / (1+((((_b[treat_m1] ) + (_b
> [treat_m2] ) + (_b[treat_m3] ) + (_b[treat_m4] ) + (_b[L4treat_m1]) + (_b[L4t
> reat_m2]) + (_b[L4treat_m3]) + (_b[L4treat_m4]) + (_b[L8treat_m1]) + (_b[L8tr
> eat_m2]) + (_b[L8treat_m3]) + (_b[L8treat_m4]) + (_b[L12treat_m1]) + (_b[L12t
> reat_m2]) + (_b[L12treat_m3]) + (_b[L12treat_m4]) + (_b[L16treat_m1]) + (_b[L
> 16treat_m2]) + (_b[L16treat_m3]) + (_b[L16treat_m4]) + (_b[treat_p0]) + (_b[t
> reat_p1] ) + (_b[treat_p2] ) + (_b[treat_p3] ) + (_b[treat_p4] ) + (_b[L4trea
> t_p0]) + (_b[L4treat_p1]) + (_b[L4treat_p2]) + (_b[L4treat_p3]) + (_b[L4treat
> _p4]) + (_b[L8treat_p0]) + (_b[L8treat_p1]) + (_b[L8treat_p2]) + (_b[L8treat_
> p3]) + (_b[L8treat_p4]) + (_b[L12treat_p0]) + (_b[L12treat_p1]) + (_b[L12trea
> t_p2]) + (_b[L12treat_p3]) + (_b[L12treat_p4]) + (_b[L16treat_p0]) + (_b[L16t
> reat_p1]) + (_b[L16treat_p2]) + (_b[L16treat_p3]) + (_b[L16treat_p4]))*(4*.2)
> *(1/.5711273156241218))/.0864819457562104)))

------------------------------------------------------------------------------
overallcou~c | Coefficient  Std. err.      z    P>|z|     [95% conf. interval]
-------------+----------------------------------------------------------------
       _nl_1 |   .4106081   .4297148     0.96   0.339    -.4316175    1.252834
------------------------------------------------------------------------------

added macro:
        e(labordem_Eb) : "0.411"

added macro:
       e(labordem_Ese) : "(0.430)"

added macro:
             e(numobs) : "847314"

added macro:
           e(numevent) : "138"

added macro:
             e(minwpc) : "0.101"

added macro:
              e(belsh) : "0.086"

added macro:
       e(wagebinstate) : "Y"

added macro:
      e(wagebinperiod) : "Y"

. *
. 
end of do-file

. do "${dofiles}alternativewagewindows.do" 5

. 
. *This do file is created by DC on 07/08/2016.
. *****************************************************************************
> ***
. ***************************   Table 1      **********************************
> ***
. *****************************************************************************
> ***
. *Results on non-linear effects: The treatment events into quintiles by the be
> low mass share.
. *Estimate the effect of all five quintiles separately.
. *1979 onwards
. *Note that regression is commented out. Figure creation is also commented out
> .
. 
. 
. 
. *****************************************************************************
> ***
. *****************************************************************************
> ***
. *****************************************************************************
> ***
. 
. 
. 
. **** DEFINE REGRESSION COMMAND AND CONTROLS *****
. 
. 
. foreach s in 0a 0 1 1b 3 4 5 6 7 8 9 10 11 12{
  2.         global rtype`s' reghdfe
  3. }

. global rtype2 regifewtab

. 
. 
. global a1  i.wagebinstate i.wagequarterdate  // distributional TWFE

. global a4 i.wagebinstate##c.quarterdate i.wagequarterdate // state-trends

. global a5 i.wagebinstate i.wagequarterdate##i.division // div-period

. global a6 i.wagebinstate##c.quarterdate i.wagequarterdate##i.division // div-
> period, statetrends

. global a10 i.wagebinstate##c.quarterdate i.wagebinstate##c.quarterdatesq i.wa
> gequarterdate // state-quadratic-trends

. global a11 i.wagebinstate##c.quarterdate i.wagebinstate##c.quarterdatesq i.wa
> gequarterdate##i.division // state-quadratic-trends

. global a12 i.wagebinstate i.wagequarterdate i.quarterdate##i.statenum // stat
> eXquarter FE.

. 
. 
. global opt2 f(wagequarterdate wagebinstate, 3)

. 
. 
. global label0a aTWFE

. global label0 Canonical

. global label1 TWFE

. global label1b TWFE

. global label2 IFE

. global label3 Ind-ST

. global label4 ST

. global label5 DP

. global label6 ST_DP

. global label7 Ind-ST-DP

. global label8 CSP

. global label9 ST-CSP

. global label10 STQ

. global label11 STQ_DP

. global label12 STP

. 
. local wageupper = `1'

. 
. 
. if "`wagelower'"==""{
. local wagelower = 4
. }

. else{
. local wagelower = `2'
. }

. 
. scalar forcluster = `wagelower' + `wageupper' + 1

. if `=forcluster'>10{
. local clustervar "clustervar"
. }

. else{
. local clustervar "statenum"
. }

. *
. 
. 
. use "${data}qcew_state_overall_counts_2016.dta", clear

. rename statefips statenum

. gen quarterdate = yq(year, quarter)

. tempfile qcew

. save `qcew'
file /var/folders/bm/2cq1vtmd5wg6k0vdjfpvbmww0000gn/T//St49517.000001 saved
    as .dta format

. 
. 
. 
. treatmentcontrolwindows, wmax(`wageupper') wmin(`wagelower')

. di "You set upper bound as `wageupper' and lower bound as `wagelower'."
You set upper bound as 5 and lower bound as 4.

. *The following calls the data.
. treatmentdefinition
You are using the primary working data.

Panel variable: wagebinstate (strongly balanced)
 Time variable: quarterdate, 76 to 227
         Delta: 1 unit

. 
. 
. merge m:1 statenum quarterdate using `qcew',assert(3) nogenerate
(variable quarterdate was int, now float to accommodate using data's values)

    Result                      Number of obs
    -----------------------------------------
    Not matched                             0
    Matched                           906,984  
    -----------------------------------------

. 
. replace count = count*emp/countall if emp!=0
(710,139 real changes made)

. cap drop overallcountpc

. gen overallcountpc=count/population

. replace overallcountpcall = emp/population  if emp!=0
(905,112 real changes made)

. 
. 
. *****************************************************************************
> ***
. ***********       Correcting Aggregate Controls         *********************
> ***
. *****************************************************************************
> ***
. 
. xtset wagebinstate quarterdate

Panel variable: wagebinstate (strongly balanced)
 Time variable: quarterdate, 76 to 227
         Delta: 1 unit

. correctaggcont, tmin(12) tmax(16) wmin(`wagelower') wmax(`wageupper')
(5,544 real changes made)
(17,901 missing values generated)
(11,511 real changes made, 5,967 to missing)
(11,511 real changes made, 5,967 to missing)
(11,511 real changes made, 5,967 to missing)
(11,511 real changes made, 5,967 to missing)
(11,511 real changes made, 5,967 to missing)
(11,511 real changes made, 5,967 to missing)
(11,511 real changes made, 5,967 to missing)
(11,511 real changes made, 5,967 to missing)
(11,511 real changes made, 5,967 to missing)
(11,511 real changes made, 5,967 to missing)
(11,511 real changes made, 5,967 to missing)
(11,511 real changes made, 5,967 to missing)
(11,511 real changes made, 5,967 to missing)
(11,511 real changes made, 5,967 to missing)
(11,511 real changes made, 5,967 to missing)
(11,511 real changes made, 5,967 to missing)
(11,511 real changes made, 5,967 to missing)
(11,511 real changes made, 5,967 to missing)
(11,511 real changes made, 5,967 to missing)
(3,696 real changes made)
(17,901 missing values generated)
(9,663 real changes made, 5,967 to missing)
(9,663 real changes made, 5,967 to missing)
(9,663 real changes made, 5,967 to missing)
(9,663 real changes made, 5,967 to missing)
(9,663 real changes made, 5,967 to missing)
(9,663 real changes made, 5,967 to missing)
(9,663 real changes made, 5,967 to missing)
(9,663 real changes made, 5,967 to missing)
(9,663 real changes made, 5,967 to missing)
(9,663 real changes made, 5,967 to missing)
(9,663 real changes made, 5,967 to missing)
(9,663 real changes made, 5,967 to missing)
(9,663 real changes made, 5,967 to missing)
(9,663 real changes made, 5,967 to missing)
(9,663 real changes made, 5,967 to missing)
(9,663 real changes made, 5,967 to missing)
(9,663 real changes made, 5,967 to missing)
(9,663 real changes made, 5,967 to missing)
(9,663 real changes made, 5,967 to missing)
(23,868 missing values generated)
(23,868 real changes made)
(23,868 missing values generated)
(23,868 real changes made)
(71,604 missing values generated)
(71,604 real changes made)
(71,604 missing values generated)
(71,604 real changes made)
(6,120 real changes made)
(17,901 missing values generated)
(12,087 real changes made, 5,967 to missing)
(12,063 real changes made, 5,967 to missing)
(12,063 real changes made, 5,967 to missing)
(12,015 real changes made, 5,967 to missing)
(12,015 real changes made, 5,967 to missing)
(11,991 real changes made, 5,967 to missing)
(11,991 real changes made, 5,967 to missing)
(11,799 real changes made, 5,967 to missing)
(11,799 real changes made, 5,967 to missing)
(11,799 real changes made, 5,967 to missing)
(11,799 real changes made, 5,967 to missing)
(11,559 real changes made, 5,967 to missing)
(11,559 real changes made, 5,967 to missing)
(11,559 real changes made, 5,967 to missing)
(11,559 real changes made, 5,967 to missing)
(11,319 real changes made, 5,967 to missing)
(11,319 real changes made, 5,967 to missing)
(11,319 real changes made, 5,967 to missing)
(11,319 real changes made, 5,967 to missing)
(4,080 real changes made)
(17,901 missing values generated)
(10,047 real changes made, 5,967 to missing)
(10,031 real changes made, 5,967 to missing)
(10,031 real changes made, 5,967 to missing)
(9,999 real changes made, 5,967 to missing)
(9,999 real changes made, 5,967 to missing)
(9,983 real changes made, 5,967 to missing)
(9,983 real changes made, 5,967 to missing)
(9,855 real changes made, 5,967 to missing)
(9,855 real changes made, 5,967 to missing)
(9,855 real changes made, 5,967 to missing)
(9,855 real changes made, 5,967 to missing)
(9,695 real changes made, 5,967 to missing)
(9,695 real changes made, 5,967 to missing)
(9,695 real changes made, 5,967 to missing)
(9,695 real changes made, 5,967 to missing)
(9,535 real changes made, 5,967 to missing)
(9,535 real changes made, 5,967 to missing)
(9,535 real changes made, 5,967 to missing)
(9,535 real changes made, 5,967 to missing)
(23,868 missing values generated)
(23,868 real changes made)
(23,868 missing values generated)
(23,868 real changes made)
(71,604 missing values generated)
(71,604 real changes made)
(71,604 missing values generated)
(71,604 real changes made)
(113,373 real changes made)
(113,373 real changes made)
(113,373 real changes made)
(113,373 real changes made)

. 
. *****************************************************************************
> ***
. *****************************************************************************
> ***
. *****************************************************************************
> ***
. 
. 
. abovebelowbunch, wmax(`wageupper') wmin(`wagelower')

. 
. abovebelowfull
Make sure that belowL16 and aboveL16 exists. Otherwise the program does not wor
> k. Assertion will be false.

. 
. *****************************************************************************
> ***
. ***********************           Weights           *************************
> ***
. *****************************************************************************
> ***
. 
. cap drop wt

. foreach Y in   overall teen  HSL female BH  {
  2.         foreach b of numlist 1995 1979{
  3.                                         global weight`Y'`b' "[aw=wt`Y'`b']
> "
  4.                                         }
  5. }

. *
. 
. 
. foreach Y in   overall teen  HSL female BH  {
  2.                 foreach H in FTE{
  3.         foreach b of numlist /*1995*/ 1979{
  4.                                         global weight`Y'`H'`b' "[aw=wt`Y'`
> b']"
  5.                                         }
  6.         }
  7. }

. *
. 
. *****************************************************************************
> ***
. **************     Sample and Control Specific Macros           *************
> ***
. *****************************************************************************
> ***
. 
. 
. local limittreat "_stateonly"

. 
. 
. xtset wagebinstate quarterdate

Panel variable: wagebinstate (strongly balanced)
 Time variable: quarterdate, 76 to 227
         Delta: 1 unit

. 
. 
. 
. *****************************************************************************
> ***
. **************      To name the graph              **************************
> ***
. *****************************************************************************
> ***
. 
. if "${disagg}" == "Y"{
. local temp1 "disaggcont"
. }

. else{
. local temp1 "aggcont"
. }

. 
. if "$controlmethod" == "Linear"{
. local temp2 "L"
. }

. else{
. if "$controlmethod" == "None"{
. local temp1 "nocont"
. }
. else{
. local temp2 "A"
. }
. }

. cap drop one

. g one =1

. *
. 
. 
. 
. *****************************************************************************
> ***
. ***************          Useful to Find Below Share Wages               *****
> ***
. *****************************************************************************
> ***
. 
. 
. cap drop statequarterdate

. egen statequarterdate = group(state quarterdate)

. sort statequarterdate wagebins

. 
. cap drop overallWB*

. g overallWBFH = wagebins*count/(100)

. g overallWBpcFH = wagebins*count/(100*population)

. 
. cap drop overallWBpcrsumFH

. g overallWBpcrsumFH=0

. replace overallWBpcrsumFH = overallWBpcFH if wagebins==100
(2,827 real changes made)

. replace overallWBpcrsumFH = overallWBpcrsumFH[_n-1] + overallWBpcFH if wagebi
> ns>100
(876,538 real changes made)

. 
. cap drop overallcountpcrsum

. g overallcountpcrsum=0

. replace overallcountpcrsum = overallcountpc if wagebins==100
(2,827 real changes made)

. replace overallcountpcrsum = overallcountpcrsum[_n-1] + overallcountpc if wag
> ebins>100
(876,538 real changes made)

. 
. 
. if `=forcluster'>10{
.         cap drop temp
.         gen temp = (wagebins==3000)
.         cap drop clustervar
.         egen clustervar = group(statenum temp)
.         cap drop temp
.         sum clustervar, meanonly
.         assert r(max)==102
. }

. *
. 
. *****************************************************************************
> ***
. **********************       REGRESSIONS AND FIGURES        *****************
> ***
. *****************************************************************************
> ***
. xtset wagebinstate quarterdate

Panel variable: wagebinstate (strongly balanced)
 Time variable: quarterdate, 76 to 227
         Delta: 1 unit

. compress
  variable quarterdate was float now int
  variable tempcontf_p was float now byte
  variable postcontf_p was float now byte
  variable tempcontf_m was float now byte
  variable postcontf_m was float now byte
  variable precontf_m was float now byte
  variable precontf_p was float now byte
  variable earlycontf_m was float now byte
  variable earlycontf_p was float now byte
  variable tempcont_p was float now byte
  variable postcont_p was float now byte
  variable tempcont_m was float now byte
  variable postcont_m was float now byte
  variable precont_m was float now byte
  variable precont_p was float now byte
  variable earlycont_m was float now byte
  variable earlycont_p was float now byte
  variable one was float now byte
  variable statequarterdate was float now int
  (49,884,120 bytes saved)

. 
. cap drop one

. cap drop counter

. g one =1

. gen counter = ((_n-1)*4) - $Tmin if _n<=8
(906,976 missing values generated)

. 
. foreach s in  0 1  4  5  6 10  11 12 {
  2.         cap drop be_timeb
  3.         cap drop be_timese
  4.         cap drop be_timeupper
  5.         cap drop be_timelower
  6. 
.         g be_timeb=.
  7.         g be_timese=.
  8.         g be_timeupper=.
  9.         g be_timelower=.
 10. 
.         replace be_timeb=0 if counter==-4
 11.         replace be_timese=0 if counter==-4
 12.         replace be_timeupper=0 if counter==-4
 13.         replace be_timelower=0 if counter==-4
 14. 
.         }
(906,984 missing values generated)
(906,984 missing values generated)
(906,984 missing values generated)
(906,984 missing values generated)
(1 real change made)
(1 real change made)
(1 real change made)
(1 real change made)
(906,984 missing values generated)
(906,984 missing values generated)
(906,984 missing values generated)
(906,984 missing values generated)
(1 real change made)
(1 real change made)
(1 real change made)
(1 real change made)
(906,984 missing values generated)
(906,984 missing values generated)
(906,984 missing values generated)
(906,984 missing values generated)
(1 real change made)
(1 real change made)
(1 real change made)
(1 real change made)
(906,984 missing values generated)
(906,984 missing values generated)
(906,984 missing values generated)
(906,984 missing values generated)
(1 real change made)
(1 real change made)
(1 real change made)
(1 real change made)
(906,984 missing values generated)
(906,984 missing values generated)
(906,984 missing values generated)
(906,984 missing values generated)
(1 real change made)
(1 real change made)
(1 real change made)
(1 real change made)
(906,984 missing values generated)
(906,984 missing values generated)
(906,984 missing values generated)
(906,984 missing values generated)
(1 real change made)
(1 real change made)
(1 real change made)
(1 real change made)
(906,984 missing values generated)
(906,984 missing values generated)
(906,984 missing values generated)
(906,984 missing values generated)
(1 real change made)
(1 real change made)
(1 real change made)
(1 real change made)
(906,984 missing values generated)
(906,984 missing values generated)
(906,984 missing values generated)
(906,984 missing values generated)
(1 real change made)
(1 real change made)
(1 real change made)
(1 real change made)

. *
. 
. foreach Y in   overall /*overallFTE teen teenFTE HSL HSLFTE female femaleFTE 
> BH BHFTE */ {
  2. foreach b in   /* 1995 */ 1979 {
  3.                                         ***  define MW change ***
.                                 sum DMW_real if fedincrease!=1 & overallcount
> gr>0 & year>=`b' & cleansample ==1   ${weight`Y'`b'}
  4.                                 local mwc = r(mean)
  5.                                 sum MW_real if  F.fedincrease!=1 & F.overa
> llcountgr>0 & year>=`b' & cleansample ==1   ${weight`Y'`b'}
  6.                                 local mw = r(mean)
  7.                                 local mwpc = `mwc'/`mw'
  8.                                 local mwpc2 : di  %04.3f `mwpc'
  9. 
.                                 sum `Y'countpcall if ((F.fedincrease != 1 & F
> .fedincrease != . & F.overallcountgr>0 & F.overallcountgr!=. ) | ///
>                                 (F2.fedincrease != 1 & F2.overallcountgr>0 & 
> F2.fedincrease != . & F2.overallcountgr!=. ) ///
>                                 | (F3.fedincrease != 1 & F3.overallcountgr>0 
> & F3.fedincrease != . & F3.overallcountgr!=. ) ///
>                                 | (F4.fedincrease != 1 & F4.overallcountgr>0 
> & F4.fedincrease != . & F4.overallcountgr!=. ) ) & year>=`b' & cleansample ==
> 1 ///
>                                  ${weight`Y'`b'}                 // CHECK THI
> S  2/2/16
 10. 
.                                 local epop = r(mean)
 11.                                 global E = `epop'
 12. 
.                                 global C = 1/(`epop'*`mwpc')
 13. 
. 
.                                 *Below share
. 
. 
.                                 sum overallcountpcrsum if ( F.fedincrease!=1 
> & F.overallcountgr>0 & F.fedincrease!=. & F.overallcountgr!=.  & (wagebins+25
> )/100==F1MW_realM25) | ///
>                                  ( F2.fedincrease!=1 & F2.overallcountgr>0 & 
> F2.fedincrease!=. & F2.overallcountgr!=. & (wagebins+25)/100==F2MW_realM25 ) 
> | ///
>                                 ( F3.fedincrease!=1 & F3.overallcountgr>0 & F
> 3.fedincrease!=. & F3.overallcountgr!=.  & (wagebins+25)/100==F3MW_realM25) |
>  ///
>                                  ( F4.fedincrease!=1 & F4.overallcountgr>0 & 
> F4.fedincrease!=. & F4.overallcountgr!=. & (wagebins+25)/100==F4MW_realM25 ) 
> ///
>                                 & year>=`b' & cleansample ==1      ${weight`Y
> '`b'}
 14. 
.                                 global B = r(mean)/${E}
 15.                                 local belsh2 : di  %04.3f $B
 16. 
.                                 *Affected share
. 
.                                 sum `Y'countpcrsum if (  F.fedincrease!=1 & F
> .overallcountgr>0 & F.fedincrease!=. & F.overallcountgr!=.  & (wagebins)/100=
> =MW_realM25) | ///
>                                  ( F2.fedincrease!=1 & F2.overallcountgr>0 & 
> F2.fedincrease!=. & F2.overallcountgr!=. & (wagebins)/100==MW_realM25 ) | ///
>                                 ( F3.fedincrease!=1 & F3.overallcountgr>0 & F
> 3.fedincrease!=. & F3.overallcountgr!=.  & (wagebins)/100==MW_realM25) | ///
>                                  ( F4.fedincrease!=1 & F4.overallcountgr>0 & 
> F4.fedincrease!=. & F4.overallcountgr!=. & (wagebins)/100==MW_realM25 ) ///
>                                 & year>=1979 & cleansample ==1    ${weight`Y'
> `b'}
 17. 
.                                 global AS`Y' = $B - (r(mean)/${E})
 18.                                 local affsh`Y' : di  %04.3f ${AS`Y'}
 19. 
. 
. 
.                                 *********************************************
> *******************
.                                 *************    Wagebill related globals    
>    ****************
.                                 *********************************************
> *******************
.                                 sum overallWBpcrsumFH if (  F.fedincrease!=1 
> & F.overallcountgr>0 & F.fedincrease!=. & F.overallcountgr!=.   & (wagebins+2
> 5)/100==F1MW_realM25) | ///
>                                  (F2.fedincrease!=1 & F2.overallcountgr>0 & F
> 2.fedincrease!=. & F2.overallcountgr!=. & (wagebins+25)/100==F2MW_realM25 ) |
>  ///
>                                 (F3.fedincrease!=1 & F3.overallcountgr>0 & F3
> .fedincrease!=. & F3.overallcountgr!=.  & (wagebins+25)/100==F3MW_realM25) | 
> ///
>                                  (  F4.fedincrease!=1 & F4.overallcountgr>0 &
>  F4.fedincrease!=. & F4.overallcountgr!=.  & (wagebins+25)/100==F4MW_realM25 
> ) ///
>                                 & year>=`b' & cleansample ==1     ${weight`Y'
> `b'}
 20. 
.                                 global EWB = r(mean)
 21.                                 local EWB2 : di  %04.3f $EWB
 22.                                 cap drop tempweight
 23.                                 global CWB = 1/(${EWB}*`mwpc')
 24. 
.                                 sum wagebins if treat_p0 == 1  & year>=`b' & 
> cleansample ==1   ${weight`Y'`b'}, meanonly
 25.                                 global wagemult = r(mean)/100
 26. 
. 
.                                 *We have to do this here because multipliers 
> are calculated in the loop.
. 
.                                 abovebelowWBbunch,wagemult(${wagemult}) wmax(
> `wageupper') wmin(`wagelower')
 27.                                 abovebelowWBfull
 28. 
. 
.                                 foreach s in /*0*/ 1 /*4 5 6 10 11 12*/ /*0a 
> 0b  4  5 6*/     {
 29.                                 *** REGRESSION ***
.                                 /*
>                                 di "${rtype`s'} `Y'countpc  ${treatbefore} on
> e if  year>=`b'  & cleansample==1  ${weight`Y'`b'} , a(${a`s'}  ${control} ${
> controlafter} ${controlf} ${window} )  cluster(`clustervar')"
>                                 ${rtype`s'} `Y'countpc  ${treatbefore} one if
>   year>=`b'  & cleansample==1  ${weight`Y'`b'} , a(${a`s'}  ${control} ${cont
> rolafter} ${controlf} ${window} )  cluster(`clustervar')
>                                 est save "${estimates}altwwqcew_`wageupper'_`
> wagelower'_before`limitsample'`limittreat'_`s'_`Y'_`b'_`temp1'_`temp2'_${Tmax
> }${Tmin}"
> */
.                                 ${rtype`s'} `Y'countpc  ${treatafter} one if 
>  year>=`b'  & cleansample==1  ${weight`Y'`b'} , a(${a`s'}  ${control} ${contr
> olbefore} ${controlf} ${window} )  cluster(`clustervar')
 30.                                 est save "${estimates}altwwqcew_`wageupper
> '_`wagelower'_after`limitsample'`limittreat'_`s'_`Y'_`b'_`temp1'_`temp2'_${Tm
> ax}${Tmin}", replace
 31. 
.                                 est use "${estimates}altwwqcew_`wageupper'_`w
> agelower'_after`limitsample'`limittreat'_`s'_`Y'_`b'_`temp1'_`temp2'_${Tmax}$
> {Tmin}"
 32.                                 local dof = e(df_r)
 33.                                 local numberobs = e(N)
 34.                                 count if fedincrease!=1 & overallcountgr>0
>  & wagebins==300              // The wage bin does not matter.
 35.                                 local numberevent = r(N)
 36. 
. 
.                                 local denominator = (1/(1+(${Tmax}/4)))
 37. 
. 
. /*
>                                 *********************************************
> *******************
>                                 **************     Figure 4      ************
> *******************
>                                 *********************************************
> *******************
>                                 *Defining globals to get time averaged estima
> tes. Need to define here.
>                                 preserve                                     
>                                                                              
>       // For some reason, sometimes svmat clears the data in memory. To preve
> nt that, we preserve here.
>                                 makefigure_massbywagebin
>                                 graphexportpdf ${figures}Figure4`limitsample'
> `limittreat'_${label`s'}_`Y'_`temp1'_`temp2'.pdf, dropeps
>                                 restore
> 
> 
>                                 *********************************************
> *******************
>                                 **************       Figure 5     ***********
> *******************
>                                 *********************************************
> *******************
> 
>                                 est use "${estimates}Table1abefore`limitsampl
> e'`limittreat'_`s'_`Y'_`b'_`temp1'_`temp2'_${Tmax}${Tmin}"
>                                 makefigure_massovertime_before
>                                 est use "${estimates}Table1aafter`limitsample
> '`limittreat'_`s'_`Y'_`b'_`temp1'_`temp2'_${Tmax}${Tmin}"
>                                 makefigure_massovertime_after
> 
>                                 graphexportpdf ${figures}Figure5`limitsample'
> `limittreat'_${label`s'}_`Y'_`temp1'_`temp2'.pdf, dropeps
> 
>                                 *********************************************
> *******************
>                                 **************      Figure 7              ***
> *******************
>                                 *********************************************
> *******************
> */
. 
. /*
>                                 est use "${estimates}altwwqcew_`wageupper'_`w
> agelower'_before`limitsample'`limittreat'_`s'_`Y'_`b'_`temp1'_`temp2'_${Tmax}
> ${Tmin}"
>                                 makefigure_chovertime_before
>                                 est use "${estimates}altwwqcew_`wageupper'_`w
> agelower'_after`limitsample'`limittreat'_`s'_`Y'_`b'_`temp1'_`temp2'_${Tmax}$
> {Tmin}"
>                                 makefigure_chovertime_after
>                                 graphexportpdf ${figures}Figure7`limitsample'
> `limittreat'_${label`s'}_`temp1'_`temp2'_changepattern_from_`wagelower'_to_`w
> ageupper'.pdf, dropeps
> 
>                                 preserve
>                                 keep if be_timeb!=.
>                                 keep counter be_timeb be_timeupper be_timelow
> er
>                                 save "${data}Figure7_altwage_from`wagelower'_
> to`wageupper'.dta", replace
>                                 restore
>                                 stop
> 
> */
. 
. 
. /*
> 
> 
>                                 *********************************************
> *******************
>                                 **************      Figure 6 (Wages)         
>     ***************
>                                 *********************************************
> *******************
> 
>                                                 est use "${estimates}Table1ab
> efore`limitsample'`limittreat'_`s'_`Y'_`b'_`temp1'_`temp2'_${Tmax}${Tmin}"
>                                                 makefigure_chovertimeWB_befor
> e
>                                                 est use "${estimates}Table1aa
> fter`limitsample'`limittreat'_`s'_`Y'_`b'_`temp1'_`temp2'_${Tmax}${Tmin}"
>                                                 makefigure_chovertimeWB_after
>                                                 graphexportpdf ${figures}Figu
> re6wage`limitsample'`limittreat'_${label`s'}_`temp1'_`temp2'_changepattern.pd
> f, dropeps
>                 */
. 
. 
.                         *****************************************************
> ***************
.                         ****************          Table           ***********
> ***************
.                         *****************************************************
> ***************
.                         est use "${estimates}altwwqcew_`wageupper'_`wagelower
> '_after`limitsample'`limittreat'_`s'_`Y'_`b'_`temp1'_`temp2'_${Tmax}${Tmin}"
 38. 
. 
.                         lincomestadd (${below_full})*(4*`denominator')*(1/${E
> })                                                 , statname(below_E)       
>                       // Multiplying by 4 because bins are in 25 cent precisi
> on. To average by time, dividing by 5.
 39.                         lincomestadd (${above_full})*(4*`denominator')*(1/
> ${E})                                                 , statname(above_E)    
>                                  // Multiplying by 4 because bins are in 25 c
> ent precision. To average by time, dividing by 5.
 40. *                       lincomestadd (${below_full} + ${above_full})*(4*`d
> enominator')*(1/${E})                 , statname(chemp_E)                    
>                  // Multiplying by 4 because bins are in 25 cent precision. T
> o average by time, dividing by 5.
.                         lincomestadd ((${below_full} + ${above_full})*(4*`den
> ominator')*(1/${E}))/${B}  , statname(bunching_E)                          //
>  Multiplying by 4 because bins are in 25 cent precision. To average by time, 
> dividing by 5.
 41.                         lincomestadd (${below_full} + ${above_full})*(4*`d
> enominator')*${C}                             , statname(bunchelas_E)        
>                  // Multiplying by 4 because bins are in 25 cent precision. T
> o average by time, dividing by 5.
 42. 
.                         nlcomestadd ((((${belowWB_full}+${aboveWB_full})*(4*`
> denominator')/$EWB ) - ///
>                         (((${below_full} + ${above_full})*(4*`denominator')*(
> 1/${E}))/${B}))) / ///
>                         (1+(((${below_full} + ${above_full})*(4*`denominator'
> )*(1/${E}))/${B}))         , statname(WB_E)  dof(`dof')                      
>               // Multiplying by 4 because bins are in 25 cent precision. To a
> verage by time, dividing by 5.
 43. 
.                         nlcomestadd (((${below_full} + ${above_full})*(4*`den
> ominator')*(1/${E}))/${B}) /  ///
>                         (((((${belowWB_full}+${aboveWB_full})*(4*`denominator
> ')/$EWB ) - ///
>                         (((${below_full} + ${above_full})*(4*`denominator')*(
> 1/${E}))/${B}))) / ///
>                         (1+(((${below_full} + ${above_full})*(4*`denominator'
> )*(1/${E}))/${B})))                , statname(labordem_E)   dof(`dof')       
>                       // Multiplying by 4 because bins are in 25 cent precisi
> on. To average by time, dividing by 5.
 44. 
. 
.                         estadd local numobs = "`numberobs'"
 45.                         estadd local numevent = "`numberevent'"
 46.                         estadd local minwpc     = "`mwpc2'"
 47.                         estadd local belsh      = "`belsh2'"
 48.                         estadd local wagebinstate               = "Y"
 49. 
. 
.                         if `s' == 0{
 50.                         estadd local periodfe           = "Y"
 51.                         }
 52.                         if `s' != 0{
 53.                         estadd local wagebinperiod              = "Y"
 54.                         }
 55. 
. 
. 
. 
.                         if `s' == 4{
 56.                         estadd local trend              = "Y"
 57.                         }
 58.                         if `s' == 5{
 59.                         estadd local divtime    = "Y"
 60.                         }
 61. 
.                         if `s' == 6{
 62.                         estadd local trend              = "Y"
 63.                         estadd local divtime    = "Y"
 64.                         }
 65. 
.                         if `s' == 10{
 66.                         estadd local trend              = "Y"
 67.                         estadd local qtrend             = "Y"
 68.                         }
 69. 
.                         if `s' == 11{
 70.                         estadd local trend              = "Y"
 71.                         estadd local qtrend             = "Y"
 72.                         estadd local divtime    = "Y"
 73.                         }
 74. 
.                         if `s' == 12{
 75.                         estadd local stp                = "Y"
 76. 
.                         }
 77. 
.                         eststo ta_`Y'_`b'_w`wageupper'_w`wagelower'
 78. 
. 
.                 }
 79. 
.         }
 80.  }

    Variable |     Obs      Weight        Mean   Std. dev.       Min        Max
-------------+-----------------------------------------------------------------
    DMW_real |  16,029  8.5825e+10    .7960962    .399756   .2514448   2.193727

    Variable |     Obs      Weight        Mean   Std. dev.       Min        Max
-------------+-----------------------------------------------------------------
     MW_real |  22,113  1.1584e+11    7.859571   .9471371   6.075942   11.42869

    Variable |     Obs      Weight        Mean   Std. dev.       Min        Max
-------------+-----------------------------------------------------------------
overallcou~l |  63,999  3.4011e+11    .5711273   .0651657   .4235719   1.447222

    Variable |     Obs      Weight        Mean   Std. dev.       Min        Max
-------------+-----------------------------------------------------------------
overallcou~m |     552  2.9312e+09    .0493922   .0161435   .0096957   .1725448

    Variable |     Obs      Weight        Mean   Std. dev.       Min        Max
-------------+-----------------------------------------------------------------
overallcou~m |     547  2.9069e+09    .0358202   .0145438    .004078   .1513094

    Variable |     Obs      Weight        Mean   Std. dev.       Min        Max
-------------+-----------------------------------------------------------------
overallW~mFH |     552  2.9312e+09     .350835    .146225   .0658011   1.376678
Make sure that belowL16 and aboveL16 exists. Otherwise the program does not wor
> k. Assertion will be false.
(MWFE estimator converged in 23 iterations)
note: one is probably collinear with the fixed effects (all partialled-out valu
> es are close to zero; tol = 1.0e-09)

HDFE Linear regression                            Number of obs   =    847,314
Absorbing 44 HDFE groups                          F(  50,     50) =  104432.47
Statistics robust to heteroskedasticity           Prob > F        =     0.0000
                                                  R-squared       =     0.9396
                                                  Adj R-squared   =     0.9379
                                                  Within R-sq.    =     0.0033
Number of clusters (statenum) =         51        Root MSE        =     0.0027

                              (Std. err. adjusted for 51 clusters in statenum)
------------------------------------------------------------------------------
             |               Robust
overallcou~c | Coefficient  std. err.      t    P>|t|     [95% conf. interval]
-------------+----------------------------------------------------------------
    treat_m4 |  -4.76e-06   .0000433    -0.11   0.913    -.0000917    .0000822
    treat_m3 |  -.0000953   .0000338    -2.82   0.007    -.0001631   -.0000275
    treat_m2 |  -.0007322   .0001896    -3.86   0.000    -.0011132   -.0003513
    treat_m1 |   -.002399   .0003518    -6.82   0.000    -.0031056   -.0016924
    treat_p0 |   .0025886   .0004696     5.51   0.000     .0016454    .0035318
    treat_p1 |   .0003571   .0001635     2.18   0.034     .0000286    .0006855
    treat_p2 |   .0001334   .0000945     1.41   0.164    -.0000564    .0003233
    treat_p3 |   .0003801   .0000899     4.23   0.000     .0001994    .0005607
    treat_p4 |  -.0000362   .0000893    -0.40   0.687    -.0002156    .0001433
    treat_p5 |  -.0001611   .0001219    -1.32   0.192     -.000406    .0000838
  L4treat_m4 |  -.0000657   .0000535    -1.23   0.225    -.0001731    .0000417
  L4treat_m3 |  -.0000969   .0000553    -1.75   0.086    -.0002079    .0000141
  L4treat_m2 |  -.0003874   .0001176    -3.29   0.002    -.0006237   -.0001512
  L4treat_m1 |  -.0022129   .0004443    -4.98   0.000    -.0031052   -.0013206
  L4treat_p0 |   .0020296    .000311     6.53   0.000     .0014049    .0026543
  L4treat_p1 |   .0002708   .0001817     1.49   0.142    -.0000941    .0006357
  L4treat_p2 |   .0001036   .0001296     0.80   0.428    -.0001566    .0003639
  L4treat_p3 |   .0002511   .0001173     2.14   0.037     .0000155    .0004866
  L4treat_p4 |   .0001218    .000091     1.34   0.187     -.000061    .0003047
  L4treat_p5 |   .0000841   .0001234     0.68   0.499    -.0001637    .0003319
  L8treat_m4 |  -.0000869   .0000729    -1.19   0.239    -.0002334    .0000595
  L8treat_m3 |  -.0001646   .0000448    -3.67   0.001    -.0002546   -.0000745
  L8treat_m2 |  -.0004051   .0001609    -2.52   0.015    -.0007282   -.0000819
  L8treat_m1 |  -.0019361   .0004158    -4.66   0.000    -.0027713   -.0011009
  L8treat_p0 |   .0021484   .0003547     6.06   0.000     .0014359    .0028608
  L8treat_p1 |    .000257   .0002012     1.28   0.207    -.0001471    .0006612
  L8treat_p2 |   .0002172   .0001442     1.51   0.138    -.0000724    .0005068
  L8treat_p3 |   .0002348   .0001444     1.63   0.110    -.0000553    .0005249
  L8treat_p4 |   2.98e-06   .0001023     0.03   0.977    -.0002025    .0002085
  L8treat_p5 |   .0001254   .0001289     0.97   0.335    -.0001335    .0003843
 L12treat_m4 |  -.0001557   .0000911    -1.71   0.094    -.0003388    .0000273
 L12treat_m3 |  -.0001464   .0000987    -1.48   0.145    -.0003447     .000052
 L12treat_m2 |   -.000316   .0001368    -2.31   0.025    -.0005908   -.0000413
 L12treat_m1 |  -.0020783   .0004893    -4.25   0.000    -.0030612   -.0010954
 L12treat_p0 |   .0020602    .000334     6.17   0.000     .0013893    .0027311
 L12treat_p1 |  -8.98e-06   .0001749    -0.05   0.959    -.0003603    .0003423
 L12treat_p2 |   .0002783   .0000931     2.99   0.004     .0000913    .0004652
 L12treat_p3 |   .0004295   .0000957     4.49   0.000     .0002373    .0006217
 L12treat_p4 |   .0002852   .0001143     2.50   0.016     .0000557    .0005148
 L12treat_p5 |   .0000472   .0001061     0.44   0.659     -.000166    .0002603
 L16treat_m4 |  -.0001311   .0000655    -2.00   0.051    -.0002627    4.14e-07
 L16treat_m3 |  -.0002237   .0001062    -2.11   0.040     -.000437   -.0000104
 L16treat_m2 |  -.0002973   .0001072    -2.77   0.008    -.0005126   -.0000821
 L16treat_m1 |  -.0011952   .0003321    -3.60   0.001    -.0018622   -.0005281
 L16treat_p0 |   .0018785   .0002885     6.51   0.000     .0012991     .002458
 L16treat_p1 |  -.0000671   .0002167    -0.31   0.758    -.0005024    .0003683
 L16treat_p2 |   .0001245    .000159     0.78   0.437    -.0001949    .0004438
 L16treat_p3 |   .0004209   .0000813     5.18   0.000     .0002575    .0005842
 L16treat_p4 |   -.000067   .0000994    -0.67   0.503    -.0002667    .0001326
 L16treat_p5 |   .0000969   .0001287     0.75   0.455    -.0001615    .0003553
         one |          0  (omitted)
       _cons |   .0048141   5.10e-06   943.11   0.000     .0048039    .0048244
------------------------------------------------------------------------------

Absorbed degrees of freedom:
-----------------------------------------------------------+
       Absorbed FE | Categories  - Redundant  = Num. Coefs |
-------------------+---------------------------------------|
      wagebinstate |      5967        5967           0    *|
   wagequarterdate |     16614           1       16613     |
        postcont_m |         8           1           7     |
         precont_m |         4           1           3    ?|
       earlycont_m |         5           1           4    ?|
        postcont_p |         8           1           7    ?|
         precont_p |         4           1           3    ?|
       earlycont_p |         5           1           4    ?|
 one#c.F12treat_m4 |         1           0           1    ?|
 one#c.F12treat_m3 |         1           0           1    ?|
 one#c.F12treat_m2 |         1           0           1    ?|
 one#c.F12treat_m1 |         1           0           1    ?|
 one#c.F12treat_p0 |         1           0           1    ?|
 one#c.F12treat_p1 |         1           0           1    ?|
 one#c.F12treat_p2 |         1           0           1    ?|
 one#c.F12treat_p3 |         1           0           1    ?|
 one#c.F12treat_p4 |         1           0           1    ?|
 one#c.F12treat_p5 |         1           0           1    ?|
  one#c.F8treat_m4 |         1           0           1    ?|
  one#c.F8treat_m3 |         1           0           1    ?|
  one#c.F8treat_m2 |         1           0           1    ?|
  one#c.F8treat_m1 |         1           0           1    ?|
  one#c.F8treat_p0 |         1           0           1    ?|
  one#c.F8treat_p1 |         1           0           1    ?|
  one#c.F8treat_p2 |         1           0           1    ?|
  one#c.F8treat_p3 |         1           0           1    ?|
  one#c.F8treat_p4 |         1           0           1    ?|
  one#c.F8treat_p5 |         1           0           1    ?|
       postcontf_m |         4           1           3    ?|
        precontf_m |         3           1           2    ?|
      earlycontf_m |         3           1           2    ?|
       postcontf_p |         4           1           3    ?|
        precontf_p |         3           1           2    ?|
      earlycontf_p |         3           1           2    ?|
   one#c.window_m4 |         1           0           1    ?|
   one#c.window_m3 |         1           0           1    ?|
   one#c.window_m2 |         1           0           1    ?|
   one#c.window_m1 |         1           0           1    ?|
   one#c.window_p0 |         1           0           1    ?|
   one#c.window_p1 |         1           0           1    ?|
   one#c.window_p2 |         1           0           1    ?|
   one#c.window_p3 |         1           0           1    ?|
   one#c.window_p4 |         1           0           1    ?|
   one#c.window_p5 |         1           0           1    ?|
-----------------------------------------------------------+
? = number of redundant parameters may be higher
* = FE nested within cluster; treated as redundant for DoF computation
(note: file /Users/brycewang/Documents/GitHub/top5-Econ-Paper-Replications/QJE2
> 019-Minimum-Wages-Low-Wage-Jobs/Results/estimates/altwwqcew_5_4_after_stateon
> ly_1_overall_1979_aggcont_A_1612.ster not found)
file /Users/brycewang/Documents/GitHub/top5-Econ-Paper-Replications/QJE2019-Min
> imum-Wages-Low-Wage-Jobs/Results/estimates/altwwqcew_5_4_after_stateonly_1_ov
> erall_1979_aggcont_A_1612.ster saved
  138

 ( 1)  1.400738*treat_m4 + 1.400738*treat_m3 + 1.400738*treat_m2 +
       1.400738*treat_m1 + 1.400738*L4treat_m4 + 1.400738*L4treat_m3 +
       1.400738*L4treat_m2 + 1.400738*L4treat_m1 + 1.400738*L8treat_m4 +
       1.400738*L8treat_m3 + 1.400738*L8treat_m2 + 1.400738*L8treat_m1 +
       1.400738*L12treat_m4 + 1.400738*L12treat_m3 + 1.400738*L12treat_m2 +
       1.400738*L12treat_m1 + 1.400738*L16treat_m4 + 1.400738*L16treat_m3 +
       1.400738*L16treat_m2 + 1.400738*L16treat_m1 = 0

------------------------------------------------------------------------------
overallcou~c | Coefficient  Std. err.      t    P>|t|     [95% conf. interval]
-------------+----------------------------------------------------------------
         (1) |  -.0183926   .0037486    -4.91   0.000     -.025922   -.0108633
------------------------------------------------------------------------------

added macro:
           e(below_Eb) : "-0.018***"

added macro:
          e(below_Ese) : "(0.004)"

 ( 1)  1.400738*treat_p0 + 1.400738*treat_p1 + 1.400738*treat_p2 +
       1.400738*treat_p3 + 1.400738*treat_p4 + 1.400738*treat_p5 +
       1.400738*L4treat_p0 + 1.400738*L4treat_p1 + 1.400738*L4treat_p2 +
       1.400738*L4treat_p3 + 1.400738*L4treat_p4 + 1.400738*L4treat_p5 +
       1.400738*L8treat_p0 + 1.400738*L8treat_p1 + 1.400738*L8treat_p2 +
       1.400738*L8treat_p3 + 1.400738*L8treat_p4 + 1.400738*L8treat_p5 +
       1.400738*L12treat_p0 + 1.400738*L12treat_p1 + 1.400738*L12treat_p2 +
       1.400738*L12treat_p3 + 1.400738*L12treat_p4 + 1.400738*L12treat_p5 +
       1.400738*L16treat_p0 + 1.400738*L16treat_p1 + 1.400738*L16treat_p2 +
       1.400738*L16treat_p3 + 1.400738*L16treat_p4 + 1.400738*L16treat_p5 = 0

------------------------------------------------------------------------------
overallcou~c | Coefficient  Std. err.      t    P>|t|     [95% conf. interval]
-------------+----------------------------------------------------------------
         (1) |   .0204322   .0028257     7.23   0.000     .0147566    .0261078
------------------------------------------------------------------------------

added macro:
           e(above_Eb) : "0.020***"

added macro:
          e(above_Ese) : "(0.003)"

 ( 1)  16.19689*treat_m4 + 16.19689*treat_m3 + 16.19689*treat_m2 +
       16.19689*treat_m1 + 16.19689*treat_p0 + 16.19689*treat_p1 +
       16.19689*treat_p2 + 16.19689*treat_p3 + 16.19689*treat_p4 +
       16.19689*treat_p5 + 16.19689*L4treat_m4 + 16.19689*L4treat_m3 +
       16.19689*L4treat_m2 + 16.19689*L4treat_m1 + 16.19689*L4treat_p0 +
       16.19689*L4treat_p1 + 16.19689*L4treat_p2 + 16.19689*L4treat_p3 +
       16.19689*L4treat_p4 + 16.19689*L4treat_p5 + 16.19689*L8treat_m4 +
       16.19689*L8treat_m3 + 16.19689*L8treat_m2 + 16.19689*L8treat_m1 +
       16.19689*L8treat_p0 + 16.19689*L8treat_p1 + 16.19689*L8treat_p2 +
       16.19689*L8treat_p3 + 16.19689*L8treat_p4 + 16.19689*L8treat_p5 +
       16.19689*L12treat_m4 + 16.19689*L12treat_m3 + 16.19689*L12treat_m2 +
       16.19689*L12treat_m1 + 16.19689*L12treat_p0 + 16.19689*L12treat_p1 +
       16.19689*L12treat_p2 + 16.19689*L12treat_p3 + 16.19689*L12treat_p4 +
       16.19689*L12treat_p5 + 16.19689*L16treat_m4 + 16.19689*L16treat_m3 +
       16.19689*L16treat_m2 + 16.19689*L16treat_m1 + 16.19689*L16treat_p0 +
       16.19689*L16treat_p1 + 16.19689*L16treat_p2 + 16.19689*L16treat_p3 +
       16.19689*L16treat_p4 + 16.19689*L16treat_p5 = 0

------------------------------------------------------------------------------
overallcou~c | Coefficient  Std. err.      t    P>|t|     [95% conf. interval]
-------------+----------------------------------------------------------------
         (1) |   .0235837   .0308924     0.76   0.449    -.0384656     .085633
------------------------------------------------------------------------------

added macro:
        e(bunching_Eb) : "0.024"

added macro:
       e(bunching_Ese) : "(0.031)"

 ( 1)  13.82899*treat_m4 + 13.82899*treat_m3 + 13.82899*treat_m2 +
       13.82899*treat_m1 + 13.82899*treat_p0 + 13.82899*treat_p1 +
       13.82899*treat_p2 + 13.82899*treat_p3 + 13.82899*treat_p4 +
       13.82899*treat_p5 + 13.82899*L4treat_m4 + 13.82899*L4treat_m3 +
       13.82899*L4treat_m2 + 13.82899*L4treat_m1 + 13.82899*L4treat_p0 +
       13.82899*L4treat_p1 + 13.82899*L4treat_p2 + 13.82899*L4treat_p3 +
       13.82899*L4treat_p4 + 13.82899*L4treat_p5 + 13.82899*L8treat_m4 +
       13.82899*L8treat_m3 + 13.82899*L8treat_m2 + 13.82899*L8treat_m1 +
       13.82899*L8treat_p0 + 13.82899*L8treat_p1 + 13.82899*L8treat_p2 +
       13.82899*L8treat_p3 + 13.82899*L8treat_p4 + 13.82899*L8treat_p5 +
       13.82899*L12treat_m4 + 13.82899*L12treat_m3 + 13.82899*L12treat_m2 +
       13.82899*L12treat_m1 + 13.82899*L12treat_p0 + 13.82899*L12treat_p1 +
       13.82899*L12treat_p2 + 13.82899*L12treat_p3 + 13.82899*L12treat_p4 +
       13.82899*L12treat_p5 + 13.82899*L16treat_m4 + 13.82899*L16treat_m3 +
       13.82899*L16treat_m2 + 13.82899*L16treat_m1 + 13.82899*L16treat_p0 +
       13.82899*L16treat_p1 + 13.82899*L16treat_p2 + 13.82899*L16treat_p3 +
       13.82899*L16treat_p4 + 13.82899*L16treat_p5 = 0

------------------------------------------------------------------------------
overallcou~c | Coefficient  Std. err.      t    P>|t|     [95% conf. interval]
-------------+----------------------------------------------------------------
         (1) |   .0201359   .0263761     0.76   0.449    -.0328421    .0731139
------------------------------------------------------------------------------

added macro:
       e(bunchelas_Eb) : "0.020"

added macro:
      e(bunchelas_Ese) : "(0.026)"

       _nl_1: ((((((_b[treat_m1])*(8.774882267779565-1) ) + ((_b[treat_m2])*(8.
> 774882267779565-2) ) + ((_b[treat_m3])*(8.774882267779565-3) ) + ((_b[treat_m
> 4])*(8.774882267779565-4) ) + ((_b[L4treat_m1])*(8.774882267779565-1) ) + ((_
> b[L4treat_m2])*(8.774882267779565-2)) + ((_b[L4treat_m3])*(8.774882267779565-
> 3)) + ((_b[L4treat_m4])*(8.774882267779565-4)) + ((_b[L8treat_m1])*(8.7748822
> 67779565-1) ) + ((_b[L8treat_m2])*(8.774882267779565-2)) + ((_b[L8treat_m3])*
> (8.774882267779565-3)) + ((_b[L8treat_m4])*(8.774882267779565-4)) + ((_b[L12t
> reat_m1])*(8.774882267779565-1) ) + ((_b[L12treat_m2])*(8.774882267779565-2))
>  + ((_b[L12treat_m3])*(8.774882267779565-3)) + ((_b[L12treat_m4])*(8.77488226
> 7779565-4)) + ((_b[L16treat_m1])*(8.774882267779565-1) ) + ((_b[L16treat_m2])
> *(8.774882267779565-2)) + ((_b[L16treat_m3])*(8.774882267779565-3)) + ((_b[L1
> 6treat_m4])*(8.774882267779565-4))+((_b[treat_p0])*(8.774882267779565+0)) + (
> (_b[treat_p1])*(8.774882267779565+1) ) + ((_b[treat_p2])*(8.774882267779565+2
> ) ) + ((_b[treat_p3])*(8.774882267779565+3) ) + ((_b[treat_p4])*(8.7748822677
> 79565+4) ) + ((_b[treat_p5])*(8.774882267779565+5) ) + ((_b[L4treat_p0])*(8.7
> 74882267779565+0)) + ((_b[L4treat_p1])*(8.774882267779565+1)) + ((_b[L4treat_
> p2])*(8.774882267779565+2)) + ((_b[L4treat_p3])*(8.774882267779565+3)) + ((_b
> [L4treat_p4])*(8.774882267779565+4)) + ((_b[L4treat_p5])*(8.774882267779565+5
> )) + ((_b[L8treat_p0])*(8.774882267779565+0)) + ((_b[L8treat_p1])*(8.77488226
> 7779565+1)) + ((_b[L8treat_p2])*(8.774882267779565+2)) + ((_b[L8treat_p3])*(8
> .774882267779565+3)) + ((_b[L8treat_p4])*(8.774882267779565+4)) + ((_b[L8trea
> t_p5])*(8.774882267779565+5)) + ((_b[L12treat_p0])*(8.774882267779565+0)) + (
> (_b[L12treat_p1])*(8.774882267779565+1)) + ((_b[L12treat_p2])*(8.774882267779
> 565+2)) + ((_b[L12treat_p3])*(8.774882267779565+3)) + ((_b[L12treat_p4])*(8.7
> 74882267779565+4)) + ((_b[L12treat_p5])*(8.774882267779565+5)) + ((_b[L16trea
> t_p0])*(8.774882267779565+0)) + ((_b[L16treat_p1])*(8.774882267779565+1)) + (
> (_b[L16treat_p2])*(8.774882267779565+2)) + ((_b[L16treat_p3])*(8.774882267779
> 565+3)) + ((_b[L16treat_p4])*(8.774882267779565+4)) + ((_b[L16treat_p5])*(8.7
> 74882267779565+5)))*(4*.2)/.350835006841847 ) - ((((_b[treat_m1] ) + (_b[trea
> t_m2] ) + (_b[treat_m3] ) + (_b[treat_m4] ) + (_b[L4treat_m1]) + (_b[L4treat_
> m2]) + (_b[L4treat_m3]) + (_b[L4treat_m4]) + (_b[L8treat_m1]) + (_b[L8treat_m
> 2]) + (_b[L8treat_m3]) + (_b[L8treat_m4]) + (_b[L12treat_m1]) + (_b[L12treat_
> m2]) + (_b[L12treat_m3]) + (_b[L12treat_m4]) + (_b[L16treat_m1]) + (_b[L16tre
> at_m2]) + (_b[L16treat_m3]) + (_b[L16treat_m4]) + (_b[treat_p0]) + (_b[treat_
> p1] ) + (_b[treat_p2] ) + (_b[treat_p3] ) + (_b[treat_p4] ) + (_b[treat_p5] )
>  + (_b[L4treat_p0]) + (_b[L4treat_p1]) + (_b[L4treat_p2]) + (_b[L4treat_p3]) 
> + (_b[L4treat_p4]) + (_b[L4treat_p5]) + (_b[L8treat_p0]) + (_b[L8treat_p1]) +
>  (_b[L8treat_p2]) + (_b[L8treat_p3]) + (_b[L8treat_p4]) + (_b[L8treat_p5]) + 
> (_b[L12treat_p0]) + (_b[L12treat_p1]) + (_b[L12treat_p2]) + (_b[L12treat_p3])
>  + (_b[L12treat_p4]) + (_b[L12treat_p5]) + (_b[L16treat_p0]) + (_b[L16treat_p
> 1]) + (_b[L16treat_p2]) + (_b[L16treat_p3]) + (_b[L16treat_p4]) + (_b[L16trea
> t_p5]))*(4*.2)*(1/.5711273156241218))/.0864819457562104))) / (1+((((_b[treat_
> m1] ) + (_b[treat_m2] ) + (_b[treat_m3] ) + (_b[treat_m4] ) + (_b[L4treat_m1]
> ) + (_b[L4treat_m2]) + (_b[L4treat_m3]) + (_b[L4treat_m4]) + (_b[L8treat_m1])
>  + (_b[L8treat_m2]) + (_b[L8treat_m3]) + (_b[L8treat_m4]) + (_b[L12treat_m1])
>  + (_b[L12treat_m2]) + (_b[L12treat_m3]) + (_b[L12treat_m4]) + (_b[L16treat_m
> 1]) + (_b[L16treat_m2]) + (_b[L16treat_m3]) + (_b[L16treat_m4]) + (_b[treat_p
> 0]) + (_b[treat_p1] ) + (_b[treat_p2] ) + (_b[treat_p3] ) + (_b[treat_p4] ) +
>  (_b[treat_p5] ) + (_b[L4treat_p0]) + (_b[L4treat_p1]) + (_b[L4treat_p2]) + (
> _b[L4treat_p3]) + (_b[L4treat_p4]) + (_b[L4treat_p5]) + (_b[L8treat_p0]) + (_
> b[L8treat_p1]) + (_b[L8treat_p2]) + (_b[L8treat_p3]) + (_b[L8treat_p4]) + (_b
> [L8treat_p5]) + (_b[L12treat_p0]) + (_b[L12treat_p1]) + (_b[L12treat_p2]) + (
> _b[L12treat_p3]) + (_b[L12treat_p4]) + (_b[L12treat_p5]) + (_b[L16treat_p0]) 
> + (_b[L16treat_p1]) + (_b[L16treat_p2]) + (_b[L16treat_p3]) + (_b[L16treat_p4
> ]) + (_b[L16treat_p5]))*(4*.2)*(1/.5711273156241218))/.0864819457562104))

------------------------------------------------------------------------------
overallcou~c | Coefficient  Std. err.      z    P>|z|     [95% conf. interval]
-------------+----------------------------------------------------------------
       _nl_1 |   .0676138   .0132439     5.11   0.000     .0416563    .0935713
------------------------------------------------------------------------------

added macro:
              e(WB_Eb) : "0.068***"

added macro:
             e(WB_Ese) : "(0.013)"

       _nl_1: ((((_b[treat_m1] ) + (_b[treat_m2] ) + (_b[treat_m3] ) + (_b[trea
> t_m4] ) + (_b[L4treat_m1]) + (_b[L4treat_m2]) + (_b[L4treat_m3]) + (_b[L4trea
> t_m4]) + (_b[L8treat_m1]) + (_b[L8treat_m2]) + (_b[L8treat_m3]) + (_b[L8treat
> _m4]) + (_b[L12treat_m1]) + (_b[L12treat_m2]) + (_b[L12treat_m3]) + (_b[L12tr
> eat_m4]) + (_b[L16treat_m1]) + (_b[L16treat_m2]) + (_b[L16treat_m3]) + (_b[L1
> 6treat_m4]) + (_b[treat_p0]) + (_b[treat_p1] ) + (_b[treat_p2] ) + (_b[treat_
> p3] ) + (_b[treat_p4] ) + (_b[treat_p5] ) + (_b[L4treat_p0]) + (_b[L4treat_p1
> ]) + (_b[L4treat_p2]) + (_b[L4treat_p3]) + (_b[L4treat_p4]) + (_b[L4treat_p5]
> ) + (_b[L8treat_p0]) + (_b[L8treat_p1]) + (_b[L8treat_p2]) + (_b[L8treat_p3])
>  + (_b[L8treat_p4]) + (_b[L8treat_p5]) + (_b[L12treat_p0]) + (_b[L12treat_p1]
> ) + (_b[L12treat_p2]) + (_b[L12treat_p3]) + (_b[L12treat_p4]) + (_b[L12treat_
> p5]) + (_b[L16treat_p0]) + (_b[L16treat_p1]) + (_b[L16treat_p2]) + (_b[L16tre
> at_p3]) + (_b[L16treat_p4]) + (_b[L16treat_p5]))*(4*.2)*(1/.5711273156241218)
> )/.0864819457562104) / (((((((_b[treat_m1])*(8.774882267779565-1) ) + ((_b[tr
> eat_m2])*(8.774882267779565-2) ) + ((_b[treat_m3])*(8.774882267779565-3) ) + 
> ((_b[treat_m4])*(8.774882267779565-4) ) + ((_b[L4treat_m1])*(8.77488226777956
> 5-1) ) + ((_b[L4treat_m2])*(8.774882267779565-2)) + ((_b[L4treat_m3])*(8.7748
> 82267779565-3)) + ((_b[L4treat_m4])*(8.774882267779565-4)) + ((_b[L8treat_m1]
> )*(8.774882267779565-1) ) + ((_b[L8treat_m2])*(8.774882267779565-2)) + ((_b[L
> 8treat_m3])*(8.774882267779565-3)) + ((_b[L8treat_m4])*(8.774882267779565-4))
>  + ((_b[L12treat_m1])*(8.774882267779565-1) ) + ((_b[L12treat_m2])*(8.7748822
> 67779565-2)) + ((_b[L12treat_m3])*(8.774882267779565-3)) + ((_b[L12treat_m4])
> *(8.774882267779565-4)) + ((_b[L16treat_m1])*(8.774882267779565-1) ) + ((_b[L
> 16treat_m2])*(8.774882267779565-2)) + ((_b[L16treat_m3])*(8.774882267779565-3
> )) + ((_b[L16treat_m4])*(8.774882267779565-4))+((_b[treat_p0])*(8.77488226777
> 9565+0)) + ((_b[treat_p1])*(8.774882267779565+1) ) + ((_b[treat_p2])*(8.77488
> 2267779565+2) ) + ((_b[treat_p3])*(8.774882267779565+3) ) + ((_b[treat_p4])*(
> 8.774882267779565+4) ) + ((_b[treat_p5])*(8.774882267779565+5) ) + ((_b[L4tre
> at_p0])*(8.774882267779565+0)) + ((_b[L4treat_p1])*(8.774882267779565+1)) + (
> (_b[L4treat_p2])*(8.774882267779565+2)) + ((_b[L4treat_p3])*(8.77488226777956
> 5+3)) + ((_b[L4treat_p4])*(8.774882267779565+4)) + ((_b[L4treat_p5])*(8.77488
> 2267779565+5)) + ((_b[L8treat_p0])*(8.774882267779565+0)) + ((_b[L8treat_p1])
> *(8.774882267779565+1)) + ((_b[L8treat_p2])*(8.774882267779565+2)) + ((_b[L8t
> reat_p3])*(8.774882267779565+3)) + ((_b[L8treat_p4])*(8.774882267779565+4)) +
>  ((_b[L8treat_p5])*(8.774882267779565+5)) + ((_b[L12treat_p0])*(8.77488226777
> 9565+0)) + ((_b[L12treat_p1])*(8.774882267779565+1)) + ((_b[L12treat_p2])*(8.
> 774882267779565+2)) + ((_b[L12treat_p3])*(8.774882267779565+3)) + ((_b[L12tre
> at_p4])*(8.774882267779565+4)) + ((_b[L12treat_p5])*(8.774882267779565+5)) + 
> ((_b[L16treat_p0])*(8.774882267779565+0)) + ((_b[L16treat_p1])*(8.77488226777
> 9565+1)) + ((_b[L16treat_p2])*(8.774882267779565+2)) + ((_b[L16treat_p3])*(8.
> 774882267779565+3)) + ((_b[L16treat_p4])*(8.774882267779565+4)) + ((_b[L16tre
> at_p5])*(8.774882267779565+5)))*(4*.2)/.350835006841847 ) - ((((_b[treat_m1] 
> ) + (_b[treat_m2] ) + (_b[treat_m3] ) + (_b[treat_m4] ) + (_b[L4treat_m1]) + 
> (_b[L4treat_m2]) + (_b[L4treat_m3]) + (_b[L4treat_m4]) + (_b[L8treat_m1]) + (
> _b[L8treat_m2]) + (_b[L8treat_m3]) + (_b[L8treat_m4]) + (_b[L12treat_m1]) + (
> _b[L12treat_m2]) + (_b[L12treat_m3]) + (_b[L12treat_m4]) + (_b[L16treat_m1]) 
> + (_b[L16treat_m2]) + (_b[L16treat_m3]) + (_b[L16treat_m4]) + (_b[treat_p0]) 
> + (_b[treat_p1] ) + (_b[treat_p2] ) + (_b[treat_p3] ) + (_b[treat_p4] ) + (_b
> [treat_p5] ) + (_b[L4treat_p0]) + (_b[L4treat_p1]) + (_b[L4treat_p2]) + (_b[L
> 4treat_p3]) + (_b[L4treat_p4]) + (_b[L4treat_p5]) + (_b[L8treat_p0]) + (_b[L8
> treat_p1]) + (_b[L8treat_p2]) + (_b[L8treat_p3]) + (_b[L8treat_p4]) + (_b[L8t
> reat_p5]) + (_b[L12treat_p0]) + (_b[L12treat_p1]) + (_b[L12treat_p2]) + (_b[L
> 12treat_p3]) + (_b[L12treat_p4]) + (_b[L12treat_p5]) + (_b[L16treat_p0]) + (_
> b[L16treat_p1]) + (_b[L16treat_p2]) + (_b[L16treat_p3]) + (_b[L16treat_p4]) +
>  (_b[L16treat_p5]))*(4*.2)*(1/.5711273156241218))/.0864819457562104))) / (1+(
> (((_b[treat_m1] ) + (_b[treat_m2] ) + (_b[treat_m3] ) + (_b[treat_m4] ) + (_b
> [L4treat_m1]) + (_b[L4treat_m2]) + (_b[L4treat_m3]) + (_b[L4treat_m4]) + (_b[
> L8treat_m1]) + (_b[L8treat_m2]) + (_b[L8treat_m3]) + (_b[L8treat_m4]) + (_b[L
> 12treat_m1]) + (_b[L12treat_m2]) + (_b[L12treat_m3]) + (_b[L12treat_m4]) + (_
> b[L16treat_m1]) + (_b[L16treat_m2]) + (_b[L16treat_m3]) + (_b[L16treat_m4]) +
>  (_b[treat_p0]) + (_b[treat_p1] ) + (_b[treat_p2] ) + (_b[treat_p3] ) + (_b[t
> reat_p4] ) + (_b[treat_p5] ) + (_b[L4treat_p0]) + (_b[L4treat_p1]) + (_b[L4tr
> eat_p2]) + (_b[L4treat_p3]) + (_b[L4treat_p4]) + (_b[L4treat_p5]) + (_b[L8tre
> at_p0]) + (_b[L8treat_p1]) + (_b[L8treat_p2]) + (_b[L8treat_p3]) + (_b[L8trea
> t_p4]) + (_b[L8treat_p5]) + (_b[L12treat_p0]) + (_b[L12treat_p1]) + (_b[L12tr
> eat_p2]) + (_b[L12treat_p3]) + (_b[L12treat_p4]) + (_b[L12treat_p5]) + (_b[L1
> 6treat_p0]) + (_b[L16treat_p1]) + (_b[L16treat_p2]) + (_b[L16treat_p3]) + (_b
> [L16treat_p4]) + (_b[L16treat_p5]))*(4*.2)*(1/.5711273156241218))/.0864819457
> 562104)))

------------------------------------------------------------------------------
overallcou~c | Coefficient  Std. err.      z    P>|z|     [95% conf. interval]
-------------+----------------------------------------------------------------
       _nl_1 |   .3488002   .4434184     0.79   0.432    -.5202839    1.217884
------------------------------------------------------------------------------

added macro:
        e(labordem_Eb) : "0.349"

added macro:
       e(labordem_Ese) : "(0.443)"

added macro:
             e(numobs) : "847314"

added macro:
           e(numevent) : "138"

added macro:
             e(minwpc) : "0.101"

added macro:
              e(belsh) : "0.086"

added macro:
       e(wagebinstate) : "Y"

added macro:
      e(wagebinperiod) : "Y"

. *
. 
end of do-file

. do "${dofiles}alternativewagewindows.do" 6

. 
. *This do file is created by DC on 07/08/2016.
. *****************************************************************************
> ***
. ***************************   Table 1      **********************************
> ***
. *****************************************************************************
> ***
. *Results on non-linear effects: The treatment events into quintiles by the be
> low mass share.
. *Estimate the effect of all five quintiles separately.
. *1979 onwards
. *Note that regression is commented out. Figure creation is also commented out
> .
. 
. 
. 
. *****************************************************************************
> ***
. *****************************************************************************
> ***
. *****************************************************************************
> ***
. 
. 
. 
. **** DEFINE REGRESSION COMMAND AND CONTROLS *****
. 
. 
. foreach s in 0a 0 1 1b 3 4 5 6 7 8 9 10 11 12{
  2.         global rtype`s' reghdfe
  3. }

. global rtype2 regifewtab

. 
. 
. global a1  i.wagebinstate i.wagequarterdate  // distributional TWFE

. global a4 i.wagebinstate##c.quarterdate i.wagequarterdate // state-trends

. global a5 i.wagebinstate i.wagequarterdate##i.division // div-period

. global a6 i.wagebinstate##c.quarterdate i.wagequarterdate##i.division // div-
> period, statetrends

. global a10 i.wagebinstate##c.quarterdate i.wagebinstate##c.quarterdatesq i.wa
> gequarterdate // state-quadratic-trends

. global a11 i.wagebinstate##c.quarterdate i.wagebinstate##c.quarterdatesq i.wa
> gequarterdate##i.division // state-quadratic-trends

. global a12 i.wagebinstate i.wagequarterdate i.quarterdate##i.statenum // stat
> eXquarter FE.

. 
. 
. global opt2 f(wagequarterdate wagebinstate, 3)

. 
. 
. global label0a aTWFE

. global label0 Canonical

. global label1 TWFE

. global label1b TWFE

. global label2 IFE

. global label3 Ind-ST

. global label4 ST

. global label5 DP

. global label6 ST_DP

. global label7 Ind-ST-DP

. global label8 CSP

. global label9 ST-CSP

. global label10 STQ

. global label11 STQ_DP

. global label12 STP

. 
. local wageupper = `1'

. 
. 
. if "`wagelower'"==""{
. local wagelower = 4
. }

. else{
. local wagelower = `2'
. }

. 
. scalar forcluster = `wagelower' + `wageupper' + 1

. if `=forcluster'>10{
. local clustervar "clustervar"
. }

. else{
. local clustervar "statenum"
. }

. *
. 
. 
. use "${data}qcew_state_overall_counts_2016.dta", clear

. rename statefips statenum

. gen quarterdate = yq(year, quarter)

. tempfile qcew

. save `qcew'
file /var/folders/bm/2cq1vtmd5wg6k0vdjfpvbmww0000gn/T//St49517.000001 saved
    as .dta format

. 
. 
. 
. treatmentcontrolwindows, wmax(`wageupper') wmin(`wagelower')

. di "You set upper bound as `wageupper' and lower bound as `wagelower'."
You set upper bound as 6 and lower bound as 4.

. *The following calls the data.
. treatmentdefinition
You are using the primary working data.

Panel variable: wagebinstate (strongly balanced)
 Time variable: quarterdate, 76 to 227
         Delta: 1 unit

. 
. 
. merge m:1 statenum quarterdate using `qcew',assert(3) nogenerate
(variable quarterdate was int, now float to accommodate using data's values)

    Result                      Number of obs
    -----------------------------------------
    Not matched                             0
    Matched                           906,984  
    -----------------------------------------

. 
. replace count = count*emp/countall if emp!=0
(710,139 real changes made)

. cap drop overallcountpc

. gen overallcountpc=count/population

. replace overallcountpcall = emp/population  if emp!=0
(905,112 real changes made)

. 
. 
. *****************************************************************************
> ***
. ***********       Correcting Aggregate Controls         *********************
> ***
. *****************************************************************************
> ***
. 
. xtset wagebinstate quarterdate

Panel variable: wagebinstate (strongly balanced)
 Time variable: quarterdate, 76 to 227
         Delta: 1 unit

. correctaggcont, tmin(12) tmax(16) wmin(`wagelower') wmax(`wageupper')
(6,468 real changes made)
(17,901 missing values generated)
(12,435 real changes made, 5,967 to missing)
(12,435 real changes made, 5,967 to missing)
(12,435 real changes made, 5,967 to missing)
(12,435 real changes made, 5,967 to missing)
(12,435 real changes made, 5,967 to missing)
(12,435 real changes made, 5,967 to missing)
(12,435 real changes made, 5,967 to missing)
(12,435 real changes made, 5,967 to missing)
(12,435 real changes made, 5,967 to missing)
(12,435 real changes made, 5,967 to missing)
(12,435 real changes made, 5,967 to missing)
(12,435 real changes made, 5,967 to missing)
(12,435 real changes made, 5,967 to missing)
(12,435 real changes made, 5,967 to missing)
(12,435 real changes made, 5,967 to missing)
(12,435 real changes made, 5,967 to missing)
(12,435 real changes made, 5,967 to missing)
(12,435 real changes made, 5,967 to missing)
(12,435 real changes made, 5,967 to missing)
(3,696 real changes made)
(17,901 missing values generated)
(9,663 real changes made, 5,967 to missing)
(9,663 real changes made, 5,967 to missing)
(9,663 real changes made, 5,967 to missing)
(9,663 real changes made, 5,967 to missing)
(9,663 real changes made, 5,967 to missing)
(9,663 real changes made, 5,967 to missing)
(9,663 real changes made, 5,967 to missing)
(9,663 real changes made, 5,967 to missing)
(9,663 real changes made, 5,967 to missing)
(9,663 real changes made, 5,967 to missing)
(9,663 real changes made, 5,967 to missing)
(9,663 real changes made, 5,967 to missing)
(9,663 real changes made, 5,967 to missing)
(9,663 real changes made, 5,967 to missing)
(9,663 real changes made, 5,967 to missing)
(9,663 real changes made, 5,967 to missing)
(9,663 real changes made, 5,967 to missing)
(9,663 real changes made, 5,967 to missing)
(9,663 real changes made, 5,967 to missing)
(23,868 missing values generated)
(23,868 real changes made)
(23,868 missing values generated)
(23,868 real changes made)
(71,604 missing values generated)
(71,604 real changes made)
(71,604 missing values generated)
(71,604 real changes made)
(7,140 real changes made)
(17,901 missing values generated)
(13,107 real changes made, 5,967 to missing)
(13,079 real changes made, 5,967 to missing)
(13,079 real changes made, 5,967 to missing)
(13,023 real changes made, 5,967 to missing)
(13,023 real changes made, 5,967 to missing)
(12,995 real changes made, 5,967 to missing)
(12,995 real changes made, 5,967 to missing)
(12,771 real changes made, 5,967 to missing)
(12,771 real changes made, 5,967 to missing)
(12,771 real changes made, 5,967 to missing)
(12,771 real changes made, 5,967 to missing)
(12,491 real changes made, 5,967 to missing)
(12,491 real changes made, 5,967 to missing)
(12,491 real changes made, 5,967 to missing)
(12,491 real changes made, 5,967 to missing)
(12,211 real changes made, 5,967 to missing)
(12,211 real changes made, 5,967 to missing)
(12,211 real changes made, 5,967 to missing)
(12,211 real changes made, 5,967 to missing)
(4,080 real changes made)
(17,901 missing values generated)
(10,047 real changes made, 5,967 to missing)
(10,031 real changes made, 5,967 to missing)
(10,031 real changes made, 5,967 to missing)
(9,999 real changes made, 5,967 to missing)
(9,999 real changes made, 5,967 to missing)
(9,983 real changes made, 5,967 to missing)
(9,983 real changes made, 5,967 to missing)
(9,855 real changes made, 5,967 to missing)
(9,855 real changes made, 5,967 to missing)
(9,855 real changes made, 5,967 to missing)
(9,855 real changes made, 5,967 to missing)
(9,695 real changes made, 5,967 to missing)
(9,695 real changes made, 5,967 to missing)
(9,695 real changes made, 5,967 to missing)
(9,695 real changes made, 5,967 to missing)
(9,535 real changes made, 5,967 to missing)
(9,535 real changes made, 5,967 to missing)
(9,535 real changes made, 5,967 to missing)
(9,535 real changes made, 5,967 to missing)
(23,868 missing values generated)
(23,868 real changes made)
(23,868 missing values generated)
(23,868 real changes made)
(71,604 missing values generated)
(71,604 real changes made)
(71,604 missing values generated)
(71,604 real changes made)
(113,373 real changes made)
(113,373 real changes made)
(113,373 real changes made)
(113,373 real changes made)

. 
. *****************************************************************************
> ***
. *****************************************************************************
> ***
. *****************************************************************************
> ***
. 
. 
. abovebelowbunch, wmax(`wageupper') wmin(`wagelower')

. 
. abovebelowfull
Make sure that belowL16 and aboveL16 exists. Otherwise the program does not wor
> k. Assertion will be false.

. 
. *****************************************************************************
> ***
. ***********************           Weights           *************************
> ***
. *****************************************************************************
> ***
. 
. cap drop wt

. foreach Y in   overall teen  HSL female BH  {
  2.         foreach b of numlist 1995 1979{
  3.                                         global weight`Y'`b' "[aw=wt`Y'`b']
> "
  4.                                         }
  5. }

. *
. 
. 
. foreach Y in   overall teen  HSL female BH  {
  2.                 foreach H in FTE{
  3.         foreach b of numlist /*1995*/ 1979{
  4.                                         global weight`Y'`H'`b' "[aw=wt`Y'`
> b']"
  5.                                         }
  6.         }
  7. }

. *
. 
. *****************************************************************************
> ***
. **************     Sample and Control Specific Macros           *************
> ***
. *****************************************************************************
> ***
. 
. 
. local limittreat "_stateonly"

. 
. 
. xtset wagebinstate quarterdate

Panel variable: wagebinstate (strongly balanced)
 Time variable: quarterdate, 76 to 227
         Delta: 1 unit

. 
. 
. 
. *****************************************************************************
> ***
. **************      To name the graph              **************************
> ***
. *****************************************************************************
> ***
. 
. if "${disagg}" == "Y"{
. local temp1 "disaggcont"
. }

. else{
. local temp1 "aggcont"
. }

. 
. if "$controlmethod" == "Linear"{
. local temp2 "L"
. }

. else{
. if "$controlmethod" == "None"{
. local temp1 "nocont"
. }
. else{
. local temp2 "A"
. }
. }

. cap drop one

. g one =1

. *
. 
. 
. 
. *****************************************************************************
> ***
. ***************          Useful to Find Below Share Wages               *****
> ***
. *****************************************************************************
> ***
. 
. 
. cap drop statequarterdate

. egen statequarterdate = group(state quarterdate)

. sort statequarterdate wagebins

. 
. cap drop overallWB*

. g overallWBFH = wagebins*count/(100)

. g overallWBpcFH = wagebins*count/(100*population)

. 
. cap drop overallWBpcrsumFH

. g overallWBpcrsumFH=0

. replace overallWBpcrsumFH = overallWBpcFH if wagebins==100
(2,827 real changes made)

. replace overallWBpcrsumFH = overallWBpcrsumFH[_n-1] + overallWBpcFH if wagebi
> ns>100
(876,538 real changes made)

. 
. cap drop overallcountpcrsum

. g overallcountpcrsum=0

. replace overallcountpcrsum = overallcountpc if wagebins==100
(2,827 real changes made)

. replace overallcountpcrsum = overallcountpcrsum[_n-1] + overallcountpc if wag
> ebins>100
(876,538 real changes made)

. 
. 
. if `=forcluster'>10{
.         cap drop temp
.         gen temp = (wagebins==3000)
.         cap drop clustervar
.         egen clustervar = group(statenum temp)
.         cap drop temp
.         sum clustervar, meanonly
.         assert r(max)==102
. }

. *
. 
. *****************************************************************************
> ***
. **********************       REGRESSIONS AND FIGURES        *****************
> ***
. *****************************************************************************
> ***
. xtset wagebinstate quarterdate

Panel variable: wagebinstate (strongly balanced)
 Time variable: quarterdate, 76 to 227
         Delta: 1 unit

. compress
  variable quarterdate was float now int
  variable tempcontf_p was float now byte
  variable postcontf_p was float now byte
  variable tempcontf_m was float now byte
  variable postcontf_m was float now byte
  variable precontf_m was float now byte
  variable precontf_p was float now byte
  variable earlycontf_m was float now byte
  variable earlycontf_p was float now byte
  variable tempcont_p was float now byte
  variable postcont_p was float now byte
  variable tempcont_m was float now byte
  variable postcont_m was float now byte
  variable precont_m was float now byte
  variable precont_p was float now byte
  variable earlycont_m was float now byte
  variable earlycont_p was float now byte
  variable one was float now byte
  variable statequarterdate was float now int
  variable clustervar was float now int
  (51,698,088 bytes saved)

. 
. cap drop one

. cap drop counter

. g one =1

. gen counter = ((_n-1)*4) - $Tmin if _n<=8
(906,976 missing values generated)

. 
. foreach s in  0 1  4  5  6 10  11 12 {
  2.         cap drop be_timeb
  3.         cap drop be_timese
  4.         cap drop be_timeupper
  5.         cap drop be_timelower
  6. 
.         g be_timeb=.
  7.         g be_timese=.
  8.         g be_timeupper=.
  9.         g be_timelower=.
 10. 
.         replace be_timeb=0 if counter==-4
 11.         replace be_timese=0 if counter==-4
 12.         replace be_timeupper=0 if counter==-4
 13.         replace be_timelower=0 if counter==-4
 14. 
.         }
(906,984 missing values generated)
(906,984 missing values generated)
(906,984 missing values generated)
(906,984 missing values generated)
(1 real change made)
(1 real change made)
(1 real change made)
(1 real change made)
(906,984 missing values generated)
(906,984 missing values generated)
(906,984 missing values generated)
(906,984 missing values generated)
(1 real change made)
(1 real change made)
(1 real change made)
(1 real change made)
(906,984 missing values generated)
(906,984 missing values generated)
(906,984 missing values generated)
(906,984 missing values generated)
(1 real change made)
(1 real change made)
(1 real change made)
(1 real change made)
(906,984 missing values generated)
(906,984 missing values generated)
(906,984 missing values generated)
(906,984 missing values generated)
(1 real change made)
(1 real change made)
(1 real change made)
(1 real change made)
(906,984 missing values generated)
(906,984 missing values generated)
(906,984 missing values generated)
(906,984 missing values generated)
(1 real change made)
(1 real change made)
(1 real change made)
(1 real change made)
(906,984 missing values generated)
(906,984 missing values generated)
(906,984 missing values generated)
(906,984 missing values generated)
(1 real change made)
(1 real change made)
(1 real change made)
(1 real change made)
(906,984 missing values generated)
(906,984 missing values generated)
(906,984 missing values generated)
(906,984 missing values generated)
(1 real change made)
(1 real change made)
(1 real change made)
(1 real change made)
(906,984 missing values generated)
(906,984 missing values generated)
(906,984 missing values generated)
(906,984 missing values generated)
(1 real change made)
(1 real change made)
(1 real change made)
(1 real change made)

. *
. 
. foreach Y in   overall /*overallFTE teen teenFTE HSL HSLFTE female femaleFTE 
> BH BHFTE */ {
  2. foreach b in   /* 1995 */ 1979 {
  3.                                         ***  define MW change ***
.                                 sum DMW_real if fedincrease!=1 & overallcount
> gr>0 & year>=`b' & cleansample ==1   ${weight`Y'`b'}
  4.                                 local mwc = r(mean)
  5.                                 sum MW_real if  F.fedincrease!=1 & F.overa
> llcountgr>0 & year>=`b' & cleansample ==1   ${weight`Y'`b'}
  6.                                 local mw = r(mean)
  7.                                 local mwpc = `mwc'/`mw'
  8.                                 local mwpc2 : di  %04.3f `mwpc'
  9. 
.                                 sum `Y'countpcall if ((F.fedincrease != 1 & F
> .fedincrease != . & F.overallcountgr>0 & F.overallcountgr!=. ) | ///
>                                 (F2.fedincrease != 1 & F2.overallcountgr>0 & 
> F2.fedincrease != . & F2.overallcountgr!=. ) ///
>                                 | (F3.fedincrease != 1 & F3.overallcountgr>0 
> & F3.fedincrease != . & F3.overallcountgr!=. ) ///
>                                 | (F4.fedincrease != 1 & F4.overallcountgr>0 
> & F4.fedincrease != . & F4.overallcountgr!=. ) ) & year>=`b' & cleansample ==
> 1 ///
>                                  ${weight`Y'`b'}                 // CHECK THI
> S  2/2/16
 10. 
.                                 local epop = r(mean)
 11.                                 global E = `epop'
 12. 
.                                 global C = 1/(`epop'*`mwpc')
 13. 
. 
.                                 *Below share
. 
. 
.                                 sum overallcountpcrsum if ( F.fedincrease!=1 
> & F.overallcountgr>0 & F.fedincrease!=. & F.overallcountgr!=.  & (wagebins+25
> )/100==F1MW_realM25) | ///
>                                  ( F2.fedincrease!=1 & F2.overallcountgr>0 & 
> F2.fedincrease!=. & F2.overallcountgr!=. & (wagebins+25)/100==F2MW_realM25 ) 
> | ///
>                                 ( F3.fedincrease!=1 & F3.overallcountgr>0 & F
> 3.fedincrease!=. & F3.overallcountgr!=.  & (wagebins+25)/100==F3MW_realM25) |
>  ///
>                                  ( F4.fedincrease!=1 & F4.overallcountgr>0 & 
> F4.fedincrease!=. & F4.overallcountgr!=. & (wagebins+25)/100==F4MW_realM25 ) 
> ///
>                                 & year>=`b' & cleansample ==1      ${weight`Y
> '`b'}
 14. 
.                                 global B = r(mean)/${E}
 15.                                 local belsh2 : di  %04.3f $B
 16. 
.                                 *Affected share
. 
.                                 sum `Y'countpcrsum if (  F.fedincrease!=1 & F
> .overallcountgr>0 & F.fedincrease!=. & F.overallcountgr!=.  & (wagebins)/100=
> =MW_realM25) | ///
>                                  ( F2.fedincrease!=1 & F2.overallcountgr>0 & 
> F2.fedincrease!=. & F2.overallcountgr!=. & (wagebins)/100==MW_realM25 ) | ///
>                                 ( F3.fedincrease!=1 & F3.overallcountgr>0 & F
> 3.fedincrease!=. & F3.overallcountgr!=.  & (wagebins)/100==MW_realM25) | ///
>                                  ( F4.fedincrease!=1 & F4.overallcountgr>0 & 
> F4.fedincrease!=. & F4.overallcountgr!=. & (wagebins)/100==MW_realM25 ) ///
>                                 & year>=1979 & cleansample ==1    ${weight`Y'
> `b'}
 17. 
.                                 global AS`Y' = $B - (r(mean)/${E})
 18.                                 local affsh`Y' : di  %04.3f ${AS`Y'}
 19. 
. 
. 
.                                 *********************************************
> *******************
.                                 *************    Wagebill related globals    
>    ****************
.                                 *********************************************
> *******************
.                                 sum overallWBpcrsumFH if (  F.fedincrease!=1 
> & F.overallcountgr>0 & F.fedincrease!=. & F.overallcountgr!=.   & (wagebins+2
> 5)/100==F1MW_realM25) | ///
>                                  (F2.fedincrease!=1 & F2.overallcountgr>0 & F
> 2.fedincrease!=. & F2.overallcountgr!=. & (wagebins+25)/100==F2MW_realM25 ) |
>  ///
>                                 (F3.fedincrease!=1 & F3.overallcountgr>0 & F3
> .fedincrease!=. & F3.overallcountgr!=.  & (wagebins+25)/100==F3MW_realM25) | 
> ///
>                                  (  F4.fedincrease!=1 & F4.overallcountgr>0 &
>  F4.fedincrease!=. & F4.overallcountgr!=.  & (wagebins+25)/100==F4MW_realM25 
> ) ///
>                                 & year>=`b' & cleansample ==1     ${weight`Y'
> `b'}
 20. 
.                                 global EWB = r(mean)
 21.                                 local EWB2 : di  %04.3f $EWB
 22.                                 cap drop tempweight
 23.                                 global CWB = 1/(${EWB}*`mwpc')
 24. 
.                                 sum wagebins if treat_p0 == 1  & year>=`b' & 
> cleansample ==1   ${weight`Y'`b'}, meanonly
 25.                                 global wagemult = r(mean)/100
 26. 
. 
.                                 *We have to do this here because multipliers 
> are calculated in the loop.
. 
.                                 abovebelowWBbunch,wagemult(${wagemult}) wmax(
> `wageupper') wmin(`wagelower')
 27.                                 abovebelowWBfull
 28. 
. 
.                                 foreach s in /*0*/ 1 /*4 5 6 10 11 12*/ /*0a 
> 0b  4  5 6*/     {
 29.                                 *** REGRESSION ***
.                                 /*
>                                 di "${rtype`s'} `Y'countpc  ${treatbefore} on
> e if  year>=`b'  & cleansample==1  ${weight`Y'`b'} , a(${a`s'}  ${control} ${
> controlafter} ${controlf} ${window} )  cluster(`clustervar')"
>                                 ${rtype`s'} `Y'countpc  ${treatbefore} one if
>   year>=`b'  & cleansample==1  ${weight`Y'`b'} , a(${a`s'}  ${control} ${cont
> rolafter} ${controlf} ${window} )  cluster(`clustervar')
>                                 est save "${estimates}altwwqcew_`wageupper'_`
> wagelower'_before`limitsample'`limittreat'_`s'_`Y'_`b'_`temp1'_`temp2'_${Tmax
> }${Tmin}"
> */
.                                 ${rtype`s'} `Y'countpc  ${treatafter} one if 
>  year>=`b'  & cleansample==1  ${weight`Y'`b'} , a(${a`s'}  ${control} ${contr
> olbefore} ${controlf} ${window} )  cluster(`clustervar')
 30.                                 est save "${estimates}altwwqcew_`wageupper
> '_`wagelower'_after`limitsample'`limittreat'_`s'_`Y'_`b'_`temp1'_`temp2'_${Tm
> ax}${Tmin}", replace
 31. 
.                                 est use "${estimates}altwwqcew_`wageupper'_`w
> agelower'_after`limitsample'`limittreat'_`s'_`Y'_`b'_`temp1'_`temp2'_${Tmax}$
> {Tmin}"
 32.                                 local dof = e(df_r)
 33.                                 local numberobs = e(N)
 34.                                 count if fedincrease!=1 & overallcountgr>0
>  & wagebins==300              // The wage bin does not matter.
 35.                                 local numberevent = r(N)
 36. 
. 
.                                 local denominator = (1/(1+(${Tmax}/4)))
 37. 
. 
. /*
>                                 *********************************************
> *******************
>                                 **************     Figure 4      ************
> *******************
>                                 *********************************************
> *******************
>                                 *Defining globals to get time averaged estima
> tes. Need to define here.
>                                 preserve                                     
>                                                                              
>       // For some reason, sometimes svmat clears the data in memory. To preve
> nt that, we preserve here.
>                                 makefigure_massbywagebin
>                                 graphexportpdf ${figures}Figure4`limitsample'
> `limittreat'_${label`s'}_`Y'_`temp1'_`temp2'.pdf, dropeps
>                                 restore
> 
> 
>                                 *********************************************
> *******************
>                                 **************       Figure 5     ***********
> *******************
>                                 *********************************************
> *******************
> 
>                                 est use "${estimates}Table1abefore`limitsampl
> e'`limittreat'_`s'_`Y'_`b'_`temp1'_`temp2'_${Tmax}${Tmin}"
>                                 makefigure_massovertime_before
>                                 est use "${estimates}Table1aafter`limitsample
> '`limittreat'_`s'_`Y'_`b'_`temp1'_`temp2'_${Tmax}${Tmin}"
>                                 makefigure_massovertime_after
> 
>                                 graphexportpdf ${figures}Figure5`limitsample'
> `limittreat'_${label`s'}_`Y'_`temp1'_`temp2'.pdf, dropeps
> 
>                                 *********************************************
> *******************
>                                 **************      Figure 7              ***
> *******************
>                                 *********************************************
> *******************
> */
. 
. /*
>                                 est use "${estimates}altwwqcew_`wageupper'_`w
> agelower'_before`limitsample'`limittreat'_`s'_`Y'_`b'_`temp1'_`temp2'_${Tmax}
> ${Tmin}"
>                                 makefigure_chovertime_before
>                                 est use "${estimates}altwwqcew_`wageupper'_`w
> agelower'_after`limitsample'`limittreat'_`s'_`Y'_`b'_`temp1'_`temp2'_${Tmax}$
> {Tmin}"
>                                 makefigure_chovertime_after
>                                 graphexportpdf ${figures}Figure7`limitsample'
> `limittreat'_${label`s'}_`temp1'_`temp2'_changepattern_from_`wagelower'_to_`w
> ageupper'.pdf, dropeps
> 
>                                 preserve
>                                 keep if be_timeb!=.
>                                 keep counter be_timeb be_timeupper be_timelow
> er
>                                 save "${data}Figure7_altwage_from`wagelower'_
> to`wageupper'.dta", replace
>                                 restore
>                                 stop
> 
> */
. 
. 
. /*
> 
> 
>                                 *********************************************
> *******************
>                                 **************      Figure 6 (Wages)         
>     ***************
>                                 *********************************************
> *******************
> 
>                                                 est use "${estimates}Table1ab
> efore`limitsample'`limittreat'_`s'_`Y'_`b'_`temp1'_`temp2'_${Tmax}${Tmin}"
>                                                 makefigure_chovertimeWB_befor
> e
>                                                 est use "${estimates}Table1aa
> fter`limitsample'`limittreat'_`s'_`Y'_`b'_`temp1'_`temp2'_${Tmax}${Tmin}"
>                                                 makefigure_chovertimeWB_after
>                                                 graphexportpdf ${figures}Figu
> re6wage`limitsample'`limittreat'_${label`s'}_`temp1'_`temp2'_changepattern.pd
> f, dropeps
>                 */
. 
. 
.                         *****************************************************
> ***************
.                         ****************          Table           ***********
> ***************
.                         *****************************************************
> ***************
.                         est use "${estimates}altwwqcew_`wageupper'_`wagelower
> '_after`limitsample'`limittreat'_`s'_`Y'_`b'_`temp1'_`temp2'_${Tmax}${Tmin}"
 38. 
. 
.                         lincomestadd (${below_full})*(4*`denominator')*(1/${E
> })                                                 , statname(below_E)       
>                       // Multiplying by 4 because bins are in 25 cent precisi
> on. To average by time, dividing by 5.
 39.                         lincomestadd (${above_full})*(4*`denominator')*(1/
> ${E})                                                 , statname(above_E)    
>                                  // Multiplying by 4 because bins are in 25 c
> ent precision. To average by time, dividing by 5.
 40. *                       lincomestadd (${below_full} + ${above_full})*(4*`d
> enominator')*(1/${E})                 , statname(chemp_E)                    
>                  // Multiplying by 4 because bins are in 25 cent precision. T
> o average by time, dividing by 5.
.                         lincomestadd ((${below_full} + ${above_full})*(4*`den
> ominator')*(1/${E}))/${B}  , statname(bunching_E)                          //
>  Multiplying by 4 because bins are in 25 cent precision. To average by time, 
> dividing by 5.
 41.                         lincomestadd (${below_full} + ${above_full})*(4*`d
> enominator')*${C}                             , statname(bunchelas_E)        
>                  // Multiplying by 4 because bins are in 25 cent precision. T
> o average by time, dividing by 5.
 42. 
.                         nlcomestadd ((((${belowWB_full}+${aboveWB_full})*(4*`
> denominator')/$EWB ) - ///
>                         (((${below_full} + ${above_full})*(4*`denominator')*(
> 1/${E}))/${B}))) / ///
>                         (1+(((${below_full} + ${above_full})*(4*`denominator'
> )*(1/${E}))/${B}))         , statname(WB_E)  dof(`dof')                      
>               // Multiplying by 4 because bins are in 25 cent precision. To a
> verage by time, dividing by 5.
 43. 
.                         nlcomestadd (((${below_full} + ${above_full})*(4*`den
> ominator')*(1/${E}))/${B}) /  ///
>                         (((((${belowWB_full}+${aboveWB_full})*(4*`denominator
> ')/$EWB ) - ///
>                         (((${below_full} + ${above_full})*(4*`denominator')*(
> 1/${E}))/${B}))) / ///
>                         (1+(((${below_full} + ${above_full})*(4*`denominator'
> )*(1/${E}))/${B})))                , statname(labordem_E)   dof(`dof')       
>                       // Multiplying by 4 because bins are in 25 cent precisi
> on. To average by time, dividing by 5.
 44. 
. 
.                         estadd local numobs = "`numberobs'"
 45.                         estadd local numevent = "`numberevent'"
 46.                         estadd local minwpc     = "`mwpc2'"
 47.                         estadd local belsh      = "`belsh2'"
 48.                         estadd local wagebinstate               = "Y"
 49. 
. 
.                         if `s' == 0{
 50.                         estadd local periodfe           = "Y"
 51.                         }
 52.                         if `s' != 0{
 53.                         estadd local wagebinperiod              = "Y"
 54.                         }
 55. 
. 
. 
. 
.                         if `s' == 4{
 56.                         estadd local trend              = "Y"
 57.                         }
 58.                         if `s' == 5{
 59.                         estadd local divtime    = "Y"
 60.                         }
 61. 
.                         if `s' == 6{
 62.                         estadd local trend              = "Y"
 63.                         estadd local divtime    = "Y"
 64.                         }
 65. 
.                         if `s' == 10{
 66.                         estadd local trend              = "Y"
 67.                         estadd local qtrend             = "Y"
 68.                         }
 69. 
.                         if `s' == 11{
 70.                         estadd local trend              = "Y"
 71.                         estadd local qtrend             = "Y"
 72.                         estadd local divtime    = "Y"
 73.                         }
 74. 
.                         if `s' == 12{
 75.                         estadd local stp                = "Y"
 76. 
.                         }
 77. 
.                         eststo ta_`Y'_`b'_w`wageupper'_w`wagelower'
 78. 
. 
.                 }
 79. 
.         }
 80.  }

    Variable |     Obs      Weight        Mean   Std. dev.       Min        Max
-------------+-----------------------------------------------------------------
    DMW_real |  16,029  8.5825e+10    .7960962    .399756   .2514448   2.193727

    Variable |     Obs      Weight        Mean   Std. dev.       Min        Max
-------------+-----------------------------------------------------------------
     MW_real |  22,113  1.1584e+11    7.859571   .9471371   6.075942   11.42869

    Variable |     Obs      Weight        Mean   Std. dev.       Min        Max
-------------+-----------------------------------------------------------------
overallcou~l |  63,999  3.4011e+11    .5711273   .0651657   .4235719   1.447222

    Variable |     Obs      Weight        Mean   Std. dev.       Min        Max
-------------+-----------------------------------------------------------------
overallcou~m |     552  2.9312e+09    .0493922   .0161435   .0096957   .1725448

    Variable |     Obs      Weight        Mean   Std. dev.       Min        Max
-------------+-----------------------------------------------------------------
overallcou~m |     547  2.9069e+09    .0358202   .0145438    .004078   .1513094

    Variable |     Obs      Weight        Mean   Std. dev.       Min        Max
-------------+-----------------------------------------------------------------
overallW~mFH |     552  2.9312e+09     .350835    .146225   .0658011   1.376678
Make sure that belowL16 and aboveL16 exists. Otherwise the program does not wor
> k. Assertion will be false.
(MWFE estimator converged in 23 iterations)
note: one is probably collinear with the fixed effects (all partialled-out valu
> es are close to zero; tol = 1.0e-09)
warning: missing F statistic; dropped variables due to collinearity or too few 
> clusters

HDFE Linear regression                            Number of obs   =    847,314
Absorbing 47 HDFE groups                          F(  55,    101) =          .
Statistics robust to heteroskedasticity           Prob > F        =          .
                                                  R-squared       =     0.9396
                                                  Adj R-squared   =     0.9379
                                                  Within R-sq.    =     0.0033
Number of clusters (clustervar) =        102      Root MSE        =     0.0027

                           (Std. err. adjusted for 102 clusters in clustervar)
------------------------------------------------------------------------------
             |               Robust
overallcou~c | Coefficient  std. err.      t    P>|t|     [95% conf. interval]
-------------+----------------------------------------------------------------
    treat_m4 |  -4.89e-06    .000043    -0.11   0.910    -.0000901    .0000803
    treat_m3 |  -.0000957   .0000334    -2.87   0.005    -.0001619   -.0000295
    treat_m2 |  -.0007329   .0001882    -3.89   0.000    -.0011062   -.0003595
    treat_m1 |     -.0024   .0003483    -6.89   0.000    -.0030909   -.0017091
    treat_p0 |   .0025787   .0004681     5.51   0.000     .0016502    .0035072
    treat_p1 |   .0003461    .000163     2.12   0.036     .0000227    .0006695
    treat_p2 |    .000122    .000092     1.33   0.188    -.0000605    .0003045
    treat_p3 |   .0003687   .0000893     4.13   0.000     .0001916    .0005458
    treat_p4 |  -.0000466   .0000892    -0.52   0.603    -.0002236    .0001304
    treat_p5 |  -.0002003    .000119    -1.68   0.095    -.0004364    .0000358
    treat_p6 |     .00009   .0000985     0.91   0.363    -.0001053    .0002853
  L4treat_m4 |  -.0000657   .0000531    -1.24   0.219    -.0001711    .0000396
  L4treat_m3 |  -.0000977   .0000552    -1.77   0.080    -.0002072    .0000119
  L4treat_m2 |  -.0003891   .0001172    -3.32   0.001    -.0006216   -.0001566
  L4treat_m1 |  -.0022154   .0004402    -5.03   0.000    -.0030886   -.0013422
  L4treat_p0 |   .0020192   .0003086     6.54   0.000      .001407    .0026314
  L4treat_p1 |   .0002602   .0001804     1.44   0.152    -.0000975     .000618
  L4treat_p2 |   .0000934   .0001275     0.73   0.465    -.0001595    .0003464
  L4treat_p3 |   .0002436   .0001177     2.07   0.041     .0000101    .0004771
  L4treat_p4 |   .0001199   .0000941     1.27   0.205    -.0000667    .0003066
  L4treat_p5 |   .0000694   .0001331     0.52   0.603    -.0001947    .0003335
  L4treat_p6 |   .0002097   .0000765     2.74   0.007     .0000579    .0003615
  L8treat_m4 |  -.0000865   .0000725    -1.19   0.235    -.0002303    .0000572
  L8treat_m3 |  -.0001648   .0000444    -3.71   0.000    -.0002528   -.0000768
  L8treat_m2 |  -.0004065   .0001596    -2.55   0.012    -.0007231   -.0000899
  L8treat_m1 |  -.0019401   .0004114    -4.72   0.000    -.0027563   -.0011239
  L8treat_p0 |     .00213   .0003546     6.01   0.000     .0014264    .0028335
  L8treat_p1 |   .0002387   .0001973     1.21   0.229    -.0001527    .0006301
  L8treat_p2 |   .0001992   .0001424     1.40   0.165    -.0000833    .0004818
  L8treat_p3 |   .0002194   .0001445     1.52   0.132    -.0000673     .000506
  L8treat_p4 |   4.76e-07   .0001025     0.00   0.996    -.0002029    .0002038
  L8treat_p5 |   .0001173    .000135     0.87   0.387    -.0001506    .0003851
  L8treat_p6 |   .0001663   .0001403     1.19   0.238    -.0001119    .0004446
 L12treat_m4 |  -.0001558   .0000905    -1.72   0.088    -.0003353    .0000238
 L12treat_m3 |  -.0001471   .0000979    -1.50   0.136    -.0003414    .0000472
 L12treat_m2 |  -.0003176    .000136    -2.33   0.022    -.0005874   -.0000477
 L12treat_m1 |  -.0020836   .0004851    -4.30   0.000    -.0030459   -.0011213
 L12treat_p0 |   .0020385   .0003327     6.13   0.000     .0013785    .0026985
 L12treat_p1 |  -.0000305    .000173    -0.18   0.861    -.0003736    .0003127
 L12treat_p2 |   .0002574   .0000919     2.80   0.006     .0000751    .0004398
 L12treat_p3 |   .0004105   .0000972     4.22   0.000     .0002177    .0006033
 L12treat_p4 |    .000277    .000119     2.33   0.022      .000041    .0005131
 L12treat_p5 |    .000024   .0001024     0.23   0.815     -.000179    .0002271
 L12treat_p6 |   .0001866   .0000854     2.18   0.031     .0000171    .0003561
 L16treat_m4 |   -.000131    .000065    -2.02   0.047    -.0002599   -2.04e-06
 L16treat_m3 |  -.0002238   .0001052    -2.13   0.036    -.0004324   -.0000152
 L16treat_m2 |  -.0002984    .000107    -2.79   0.006    -.0005107   -.0000862
 L16treat_m1 |  -.0012003   .0003278    -3.66   0.000    -.0018505   -.0005502
 L16treat_p0 |    .001856   .0002912     6.37   0.000     .0012785    .0024336
 L16treat_p1 |  -.0000902   .0002105    -0.43   0.669    -.0005077    .0003273
 L16treat_p2 |   .0001011   .0001551     0.65   0.516    -.0002067    .0004088
 L16treat_p3 |   .0003978   .0000815     4.88   0.000     .0002362    .0005595
 L16treat_p4 |  -.0000777   .0001066    -0.73   0.468    -.0002892    .0001337
 L16treat_p5 |   .0000809   .0001462     0.55   0.581    -.0002091    .0003708
 L16treat_p6 |   .0004354   .0001174     3.71   0.000     .0002024    .0006684
         one |          0  (omitted)
       _cons |   .0048125   5.53e-06   869.63   0.000     .0048016    .0048235
------------------------------------------------------------------------------

Absorbed degrees of freedom:
-----------------------------------------------------------+
       Absorbed FE | Categories  - Redundant  = Num. Coefs |
-------------------+---------------------------------------|
      wagebinstate |      5967        5967           0    *|
   wagequarterdate |     16614           1       16613     |
        postcont_m |         8           1           7     |
         precont_m |         4           1           3    ?|
       earlycont_m |         5           1           4    ?|
        postcont_p |         8           1           7    ?|
         precont_p |         4           1           3    ?|
       earlycont_p |         5           1           4    ?|
 one#c.F12treat_m4 |         1           0           1    ?|
 one#c.F12treat_m3 |         1           0           1    ?|
 one#c.F12treat_m2 |         1           0           1    ?|
 one#c.F12treat_m1 |         1           0           1    ?|
 one#c.F12treat_p0 |         1           0           1    ?|
 one#c.F12treat_p1 |         1           0           1    ?|
 one#c.F12treat_p2 |         1           0           1    ?|
 one#c.F12treat_p3 |         1           0           1    ?|
 one#c.F12treat_p4 |         1           0           1    ?|
 one#c.F12treat_p5 |         1           0           1    ?|
 one#c.F12treat_p6 |         1           0           1    ?|
  one#c.F8treat_m4 |         1           0           1    ?|
  one#c.F8treat_m3 |         1           0           1    ?|
  one#c.F8treat_m2 |         1           0           1    ?|
  one#c.F8treat_m1 |         1           0           1    ?|
  one#c.F8treat_p0 |         1           0           1    ?|
  one#c.F8treat_p1 |         1           0           1    ?|
  one#c.F8treat_p2 |         1           0           1    ?|
  one#c.F8treat_p3 |         1           0           1    ?|
  one#c.F8treat_p4 |         1           0           1    ?|
  one#c.F8treat_p5 |         1           0           1    ?|
  one#c.F8treat_p6 |         1           0           1    ?|
       postcontf_m |         4           1           3    ?|
        precontf_m |         3           1           2    ?|
      earlycontf_m |         3           1           2    ?|
       postcontf_p |         4           1           3    ?|
        precontf_p |         3           1           2    ?|
      earlycontf_p |         3           1           2    ?|
   one#c.window_m4 |         1           0           1    ?|
   one#c.window_m3 |         1           0           1    ?|
   one#c.window_m2 |         1           0           1    ?|
   one#c.window_m1 |         1           0           1    ?|
   one#c.window_p0 |         1           0           1    ?|
   one#c.window_p1 |         1           0           1    ?|
   one#c.window_p2 |         1           0           1    ?|
   one#c.window_p3 |         1           0           1    ?|
   one#c.window_p4 |         1           0           1    ?|
   one#c.window_p5 |         1           0           1    ?|
   one#c.window_p6 |         1           0           1    ?|
-----------------------------------------------------------+
? = number of redundant parameters may be higher
* = FE nested within cluster; treated as redundant for DoF computation
(note: file /Users/brycewang/Documents/GitHub/top5-Econ-Paper-Replications/QJE2
> 019-Minimum-Wages-Low-Wage-Jobs/Results/estimates/altwwqcew_6_4_after_stateon
> ly_1_overall_1979_aggcont_A_1612.ster not found)
file /Users/brycewang/Documents/GitHub/top5-Econ-Paper-Replications/QJE2019-Min
> imum-Wages-Low-Wage-Jobs/Results/estimates/altwwqcew_6_4_after_stateonly_1_ov
> erall_1979_aggcont_A_1612.ster saved
  138

 ( 1)  1.400738*treat_m4 + 1.400738*treat_m3 + 1.400738*treat_m2 +
       1.400738*treat_m1 + 1.400738*L4treat_m4 + 1.400738*L4treat_m3 +
       1.400738*L4treat_m2 + 1.400738*L4treat_m1 + 1.400738*L8treat_m4 +
       1.400738*L8treat_m3 + 1.400738*L8treat_m2 + 1.400738*L8treat_m1 +
       1.400738*L12treat_m4 + 1.400738*L12treat_m3 + 1.400738*L12treat_m2 +
       1.400738*L12treat_m1 + 1.400738*L16treat_m4 + 1.400738*L16treat_m3 +
       1.400738*L16treat_m2 + 1.400738*L16treat_m1 = 0

------------------------------------------------------------------------------
overallcou~c | Coefficient  Std. err.      t    P>|t|     [95% conf. interval]
-------------+----------------------------------------------------------------
         (1) |  -.0184293    .003705    -4.97   0.000    -.0257791   -.0110795
------------------------------------------------------------------------------

added macro:
           e(below_Eb) : "-0.018***"

added macro:
          e(below_Ese) : "(0.004)"

 ( 1)  1.400738*treat_p0 + 1.400738*treat_p1 + 1.400738*treat_p2 +
       1.400738*treat_p3 + 1.400738*treat_p4 + 1.400738*treat_p5 +
       1.400738*treat_p6 + 1.400738*L4treat_p0 + 1.400738*L4treat_p1 +
       1.400738*L4treat_p2 + 1.400738*L4treat_p3 + 1.400738*L4treat_p4 +
       1.400738*L4treat_p5 + 1.400738*L4treat_p6 + 1.400738*L8treat_p0 +
       1.400738*L8treat_p1 + 1.400738*L8treat_p2 + 1.400738*L8treat_p3 +
       1.400738*L8treat_p4 + 1.400738*L8treat_p5 + 1.400738*L8treat_p6 +
       1.400738*L12treat_p0 + 1.400738*L12treat_p1 + 1.400738*L12treat_p2 +
       1.400738*L12treat_p3 + 1.400738*L12treat_p4 + 1.400738*L12treat_p5 +
       1.400738*L12treat_p6 + 1.400738*L16treat_p0 + 1.400738*L16treat_p1 +
       1.400738*L16treat_p2 + 1.400738*L16treat_p3 + 1.400738*L16treat_p4 +
       1.400738*L16treat_p5 + 1.400738*L16treat_p6 = 0

------------------------------------------------------------------------------
overallcou~c | Coefficient  Std. err.      t    P>|t|     [95% conf. interval]
-------------+----------------------------------------------------------------
         (1) |   .0213086   .0024865     8.57   0.000      .016376    .0262412
------------------------------------------------------------------------------

added macro:
           e(above_Eb) : "0.021***"

added macro:
          e(above_Ese) : "(0.002)"

 ( 1)  16.19689*treat_m4 + 16.19689*treat_m3 + 16.19689*treat_m2 +
       16.19689*treat_m1 + 16.19689*treat_p0 + 16.19689*treat_p1 +
       16.19689*treat_p2 + 16.19689*treat_p3 + 16.19689*treat_p4 +
       16.19689*treat_p5 + 16.19689*treat_p6 + 16.19689*L4treat_m4 +
       16.19689*L4treat_m3 + 16.19689*L4treat_m2 + 16.19689*L4treat_m1 +
       16.19689*L4treat_p0 + 16.19689*L4treat_p1 + 16.19689*L4treat_p2 +
       16.19689*L4treat_p3 + 16.19689*L4treat_p4 + 16.19689*L4treat_p5 +
       16.19689*L4treat_p6 + 16.19689*L8treat_m4 + 16.19689*L8treat_m3 +
       16.19689*L8treat_m2 + 16.19689*L8treat_m1 + 16.19689*L8treat_p0 +
       16.19689*L8treat_p1 + 16.19689*L8treat_p2 + 16.19689*L8treat_p3 +
       16.19689*L8treat_p4 + 16.19689*L8treat_p5 + 16.19689*L8treat_p6 +
       16.19689*L12treat_m4 + 16.19689*L12treat_m3 + 16.19689*L12treat_m2 +
       16.19689*L12treat_m1 + 16.19689*L12treat_p0 + 16.19689*L12treat_p1 +
       16.19689*L12treat_p2 + 16.19689*L12treat_p3 + 16.19689*L12treat_p4 +
       16.19689*L12treat_p5 + 16.19689*L12treat_p6 + 16.19689*L16treat_m4 +
       16.19689*L16treat_m3 + 16.19689*L16treat_m2 + 16.19689*L16treat_m1 +
       16.19689*L16treat_p0 + 16.19689*L16treat_p1 + 16.19689*L16treat_p2 +
       16.19689*L16treat_p3 + 16.19689*L16treat_p4 + 16.19689*L16treat_p5 +
       16.19689*L16treat_p6 = 0

------------------------------------------------------------------------------
overallcou~c | Coefficient  Std. err.      t    P>|t|     [95% conf. interval]
-------------+----------------------------------------------------------------
         (1) |   .0332939   .0336149     0.99   0.324    -.0333889    .0999768
------------------------------------------------------------------------------

added macro:
        e(bunching_Eb) : "0.033"

added macro:
       e(bunching_Ese) : "(0.034)"

 ( 1)  13.82899*treat_m4 + 13.82899*treat_m3 + 13.82899*treat_m2 +
       13.82899*treat_m1 + 13.82899*treat_p0 + 13.82899*treat_p1 +
       13.82899*treat_p2 + 13.82899*treat_p3 + 13.82899*treat_p4 +
       13.82899*treat_p5 + 13.82899*treat_p6 + 13.82899*L4treat_m4 +
       13.82899*L4treat_m3 + 13.82899*L4treat_m2 + 13.82899*L4treat_m1 +
       13.82899*L4treat_p0 + 13.82899*L4treat_p1 + 13.82899*L4treat_p2 +
       13.82899*L4treat_p3 + 13.82899*L4treat_p4 + 13.82899*L4treat_p5 +
       13.82899*L4treat_p6 + 13.82899*L8treat_m4 + 13.82899*L8treat_m3 +
       13.82899*L8treat_m2 + 13.82899*L8treat_m1 + 13.82899*L8treat_p0 +
       13.82899*L8treat_p1 + 13.82899*L8treat_p2 + 13.82899*L8treat_p3 +
       13.82899*L8treat_p4 + 13.82899*L8treat_p5 + 13.82899*L8treat_p6 +
       13.82899*L12treat_m4 + 13.82899*L12treat_m3 + 13.82899*L12treat_m2 +
       13.82899*L12treat_m1 + 13.82899*L12treat_p0 + 13.82899*L12treat_p1 +
       13.82899*L12treat_p2 + 13.82899*L12treat_p3 + 13.82899*L12treat_p4 +
       13.82899*L12treat_p5 + 13.82899*L12treat_p6 + 13.82899*L16treat_m4 +
       13.82899*L16treat_m3 + 13.82899*L16treat_m2 + 13.82899*L16treat_m1 +
       13.82899*L16treat_p0 + 13.82899*L16treat_p1 + 13.82899*L16treat_p2 +
       13.82899*L16treat_p3 + 13.82899*L16treat_p4 + 13.82899*L16treat_p5 +
       13.82899*L16treat_p6 = 0

------------------------------------------------------------------------------
overallcou~c | Coefficient  Std. err.      t    P>|t|     [95% conf. interval]
-------------+----------------------------------------------------------------
         (1) |   .0284265   .0287005     0.99   0.324    -.0285076    .0853607
------------------------------------------------------------------------------

added macro:
       e(bunchelas_Eb) : "0.028"

added macro:
      e(bunchelas_Ese) : "(0.029)"

       _nl_1: ((((((_b[treat_m1])*(8.774882267779565-1) ) + ((_b[treat_m2])*(8.
> 774882267779565-2) ) + ((_b[treat_m3])*(8.774882267779565-3) ) + ((_b[treat_m
> 4])*(8.774882267779565-4) ) + ((_b[L4treat_m1])*(8.774882267779565-1) ) + ((_
> b[L4treat_m2])*(8.774882267779565-2)) + ((_b[L4treat_m3])*(8.774882267779565-
> 3)) + ((_b[L4treat_m4])*(8.774882267779565-4)) + ((_b[L8treat_m1])*(8.7748822
> 67779565-1) ) + ((_b[L8treat_m2])*(8.774882267779565-2)) + ((_b[L8treat_m3])*
> (8.774882267779565-3)) + ((_b[L8treat_m4])*(8.774882267779565-4)) + ((_b[L12t
> reat_m1])*(8.774882267779565-1) ) + ((_b[L12treat_m2])*(8.774882267779565-2))
>  + ((_b[L12treat_m3])*(8.774882267779565-3)) + ((_b[L12treat_m4])*(8.77488226
> 7779565-4)) + ((_b[L16treat_m1])*(8.774882267779565-1) ) + ((_b[L16treat_m2])
> *(8.774882267779565-2)) + ((_b[L16treat_m3])*(8.774882267779565-3)) + ((_b[L1
> 6treat_m4])*(8.774882267779565-4))+((_b[treat_p0])*(8.774882267779565+0)) + (
> (_b[treat_p1])*(8.774882267779565+1) ) + ((_b[treat_p2])*(8.774882267779565+2
> ) ) + ((_b[treat_p3])*(8.774882267779565+3) ) + ((_b[treat_p4])*(8.7748822677
> 79565+4) ) + ((_b[treat_p5])*(8.774882267779565+5) ) + ((_b[treat_p6])*(8.774
> 882267779565+6) ) + ((_b[L4treat_p0])*(8.774882267779565+0)) + ((_b[L4treat_p
> 1])*(8.774882267779565+1)) + ((_b[L4treat_p2])*(8.774882267779565+2)) + ((_b[
> L4treat_p3])*(8.774882267779565+3)) + ((_b[L4treat_p4])*(8.774882267779565+4)
> ) + ((_b[L4treat_p5])*(8.774882267779565+5)) + ((_b[L4treat_p6])*(8.774882267
> 779565+6)) + ((_b[L8treat_p0])*(8.774882267779565+0)) + ((_b[L8treat_p1])*(8.
> 774882267779565+1)) + ((_b[L8treat_p2])*(8.774882267779565+2)) + ((_b[L8treat
> _p3])*(8.774882267779565+3)) + ((_b[L8treat_p4])*(8.774882267779565+4)) + ((_
> b[L8treat_p5])*(8.774882267779565+5)) + ((_b[L8treat_p6])*(8.774882267779565+
> 6)) + ((_b[L12treat_p0])*(8.774882267779565+0)) + ((_b[L12treat_p1])*(8.77488
> 2267779565+1)) + ((_b[L12treat_p2])*(8.774882267779565+2)) + ((_b[L12treat_p3
> ])*(8.774882267779565+3)) + ((_b[L12treat_p4])*(8.774882267779565+4)) + ((_b[
> L12treat_p5])*(8.774882267779565+5)) + ((_b[L12treat_p6])*(8.774882267779565+
> 6)) + ((_b[L16treat_p0])*(8.774882267779565+0)) + ((_b[L16treat_p1])*(8.77488
> 2267779565+1)) + ((_b[L16treat_p2])*(8.774882267779565+2)) + ((_b[L16treat_p3
> ])*(8.774882267779565+3)) + ((_b[L16treat_p4])*(8.774882267779565+4)) + ((_b[
> L16treat_p5])*(8.774882267779565+5)) + ((_b[L16treat_p6])*(8.774882267779565+
> 6)))*(4*.2)/.350835006841847 ) - ((((_b[treat_m1] ) + (_b[treat_m2] ) + (_b[t
> reat_m3] ) + (_b[treat_m4] ) + (_b[L4treat_m1]) + (_b[L4treat_m2]) + (_b[L4tr
> eat_m3]) + (_b[L4treat_m4]) + (_b[L8treat_m1]) + (_b[L8treat_m2]) + (_b[L8tre
> at_m3]) + (_b[L8treat_m4]) + (_b[L12treat_m1]) + (_b[L12treat_m2]) + (_b[L12t
> reat_m3]) + (_b[L12treat_m4]) + (_b[L16treat_m1]) + (_b[L16treat_m2]) + (_b[L
> 16treat_m3]) + (_b[L16treat_m4]) + (_b[treat_p0]) + (_b[treat_p1] ) + (_b[tre
> at_p2] ) + (_b[treat_p3] ) + (_b[treat_p4] ) + (_b[treat_p5] ) + (_b[treat_p6
> ] ) + (_b[L4treat_p0]) + (_b[L4treat_p1]) + (_b[L4treat_p2]) + (_b[L4treat_p3
> ]) + (_b[L4treat_p4]) + (_b[L4treat_p5]) + (_b[L4treat_p6]) + (_b[L8treat_p0]
> ) + (_b[L8treat_p1]) + (_b[L8treat_p2]) + (_b[L8treat_p3]) + (_b[L8treat_p4])
>  + (_b[L8treat_p5]) + (_b[L8treat_p6]) + (_b[L12treat_p0]) + (_b[L12treat_p1]
> ) + (_b[L12treat_p2]) + (_b[L12treat_p3]) + (_b[L12treat_p4]) + (_b[L12treat_
> p5]) + (_b[L12treat_p6]) + (_b[L16treat_p0]) + (_b[L16treat_p1]) + (_b[L16tre
> at_p2]) + (_b[L16treat_p3]) + (_b[L16treat_p4]) + (_b[L16treat_p5]) + (_b[L16
> treat_p6]))*(4*.2)*(1/.5711273156241218))/.0864819457562104))) / (1+((((_b[tr
> eat_m1] ) + (_b[treat_m2] ) + (_b[treat_m3] ) + (_b[treat_m4] ) + (_b[L4treat
> _m1]) + (_b[L4treat_m2]) + (_b[L4treat_m3]) + (_b[L4treat_m4]) + (_b[L8treat_
> m1]) + (_b[L8treat_m2]) + (_b[L8treat_m3]) + (_b[L8treat_m4]) + (_b[L12treat_
> m1]) + (_b[L12treat_m2]) + (_b[L12treat_m3]) + (_b[L12treat_m4]) + (_b[L16tre
> at_m1]) + (_b[L16treat_m2]) + (_b[L16treat_m3]) + (_b[L16treat_m4]) + (_b[tre
> at_p0]) + (_b[treat_p1] ) + (_b[treat_p2] ) + (_b[treat_p3] ) + (_b[treat_p4]
>  ) + (_b[treat_p5] ) + (_b[treat_p6] ) + (_b[L4treat_p0]) + (_b[L4treat_p1]) 
> + (_b[L4treat_p2]) + (_b[L4treat_p3]) + (_b[L4treat_p4]) + (_b[L4treat_p5]) +
>  (_b[L4treat_p6]) + (_b[L8treat_p0]) + (_b[L8treat_p1]) + (_b[L8treat_p2]) + 
> (_b[L8treat_p3]) + (_b[L8treat_p4]) + (_b[L8treat_p5]) + (_b[L8treat_p6]) + (
> _b[L12treat_p0]) + (_b[L12treat_p1]) + (_b[L12treat_p2]) + (_b[L12treat_p3]) 
> + (_b[L12treat_p4]) + (_b[L12treat_p5]) + (_b[L12treat_p6]) + (_b[L16treat_p0
> ]) + (_b[L16treat_p1]) + (_b[L16treat_p2]) + (_b[L16treat_p3]) + (_b[L16treat
> _p4]) + (_b[L16treat_p5]) + (_b[L16treat_p6]))*(4*.2)*(1/.5711273156241218))/
> .0864819457562104))

------------------------------------------------------------------------------
overallcou~c | Coefficient  Std. err.      z    P>|z|     [95% conf. interval]
-------------+----------------------------------------------------------------
       _nl_1 |   .0812014   .0119387     6.80   0.000      .057802    .1046009
------------------------------------------------------------------------------

added macro:
              e(WB_Eb) : "0.081***"

added macro:
             e(WB_Ese) : "(0.012)"

       _nl_1: ((((_b[treat_m1] ) + (_b[treat_m2] ) + (_b[treat_m3] ) + (_b[trea
> t_m4] ) + (_b[L4treat_m1]) + (_b[L4treat_m2]) + (_b[L4treat_m3]) + (_b[L4trea
> t_m4]) + (_b[L8treat_m1]) + (_b[L8treat_m2]) + (_b[L8treat_m3]) + (_b[L8treat
> _m4]) + (_b[L12treat_m1]) + (_b[L12treat_m2]) + (_b[L12treat_m3]) + (_b[L12tr
> eat_m4]) + (_b[L16treat_m1]) + (_b[L16treat_m2]) + (_b[L16treat_m3]) + (_b[L1
> 6treat_m4]) + (_b[treat_p0]) + (_b[treat_p1] ) + (_b[treat_p2] ) + (_b[treat_
> p3] ) + (_b[treat_p4] ) + (_b[treat_p5] ) + (_b[treat_p6] ) + (_b[L4treat_p0]
> ) + (_b[L4treat_p1]) + (_b[L4treat_p2]) + (_b[L4treat_p3]) + (_b[L4treat_p4])
>  + (_b[L4treat_p5]) + (_b[L4treat_p6]) + (_b[L8treat_p0]) + (_b[L8treat_p1]) 
> + (_b[L8treat_p2]) + (_b[L8treat_p3]) + (_b[L8treat_p4]) + (_b[L8treat_p5]) +
>  (_b[L8treat_p6]) + (_b[L12treat_p0]) + (_b[L12treat_p1]) + (_b[L12treat_p2])
>  + (_b[L12treat_p3]) + (_b[L12treat_p4]) + (_b[L12treat_p5]) + (_b[L12treat_p
> 6]) + (_b[L16treat_p0]) + (_b[L16treat_p1]) + (_b[L16treat_p2]) + (_b[L16trea
> t_p3]) + (_b[L16treat_p4]) + (_b[L16treat_p5]) + (_b[L16treat_p6]))*(4*.2)*(1
> /.5711273156241218))/.0864819457562104) / (((((((_b[treat_m1])*(8.77488226777
> 9565-1) ) + ((_b[treat_m2])*(8.774882267779565-2) ) + ((_b[treat_m3])*(8.7748
> 82267779565-3) ) + ((_b[treat_m4])*(8.774882267779565-4) ) + ((_b[L4treat_m1]
> )*(8.774882267779565-1) ) + ((_b[L4treat_m2])*(8.774882267779565-2)) + ((_b[L
> 4treat_m3])*(8.774882267779565-3)) + ((_b[L4treat_m4])*(8.774882267779565-4))
>  + ((_b[L8treat_m1])*(8.774882267779565-1) ) + ((_b[L8treat_m2])*(8.774882267
> 779565-2)) + ((_b[L8treat_m3])*(8.774882267779565-3)) + ((_b[L8treat_m4])*(8.
> 774882267779565-4)) + ((_b[L12treat_m1])*(8.774882267779565-1) ) + ((_b[L12tr
> eat_m2])*(8.774882267779565-2)) + ((_b[L12treat_m3])*(8.774882267779565-3)) +
>  ((_b[L12treat_m4])*(8.774882267779565-4)) + ((_b[L16treat_m1])*(8.7748822677
> 79565-1) ) + ((_b[L16treat_m2])*(8.774882267779565-2)) + ((_b[L16treat_m3])*(
> 8.774882267779565-3)) + ((_b[L16treat_m4])*(8.774882267779565-4))+((_b[treat_
> p0])*(8.774882267779565+0)) + ((_b[treat_p1])*(8.774882267779565+1) ) + ((_b[
> treat_p2])*(8.774882267779565+2) ) + ((_b[treat_p3])*(8.774882267779565+3) ) 
> + ((_b[treat_p4])*(8.774882267779565+4) ) + ((_b[treat_p5])*(8.77488226777956
> 5+5) ) + ((_b[treat_p6])*(8.774882267779565+6) ) + ((_b[L4treat_p0])*(8.77488
> 2267779565+0)) + ((_b[L4treat_p1])*(8.774882267779565+1)) + ((_b[L4treat_p2])
> *(8.774882267779565+2)) + ((_b[L4treat_p3])*(8.774882267779565+3)) + ((_b[L4t
> reat_p4])*(8.774882267779565+4)) + ((_b[L4treat_p5])*(8.774882267779565+5)) +
>  ((_b[L4treat_p6])*(8.774882267779565+6)) + ((_b[L8treat_p0])*(8.774882267779
> 565+0)) + ((_b[L8treat_p1])*(8.774882267779565+1)) + ((_b[L8treat_p2])*(8.774
> 882267779565+2)) + ((_b[L8treat_p3])*(8.774882267779565+3)) + ((_b[L8treat_p4
> ])*(8.774882267779565+4)) + ((_b[L8treat_p5])*(8.774882267779565+5)) + ((_b[L
> 8treat_p6])*(8.774882267779565+6)) + ((_b[L12treat_p0])*(8.774882267779565+0)
> ) + ((_b[L12treat_p1])*(8.774882267779565+1)) + ((_b[L12treat_p2])*(8.7748822
> 67779565+2)) + ((_b[L12treat_p3])*(8.774882267779565+3)) + ((_b[L12treat_p4])
> *(8.774882267779565+4)) + ((_b[L12treat_p5])*(8.774882267779565+5)) + ((_b[L1
> 2treat_p6])*(8.774882267779565+6)) + ((_b[L16treat_p0])*(8.774882267779565+0)
> ) + ((_b[L16treat_p1])*(8.774882267779565+1)) + ((_b[L16treat_p2])*(8.7748822
> 67779565+2)) + ((_b[L16treat_p3])*(8.774882267779565+3)) + ((_b[L16treat_p4])
> *(8.774882267779565+4)) + ((_b[L16treat_p5])*(8.774882267779565+5)) + ((_b[L1
> 6treat_p6])*(8.774882267779565+6)))*(4*.2)/.350835006841847 ) - ((((_b[treat_
> m1] ) + (_b[treat_m2] ) + (_b[treat_m3] ) + (_b[treat_m4] ) + (_b[L4treat_m1]
> ) + (_b[L4treat_m2]) + (_b[L4treat_m3]) + (_b[L4treat_m4]) + (_b[L8treat_m1])
>  + (_b[L8treat_m2]) + (_b[L8treat_m3]) + (_b[L8treat_m4]) + (_b[L12treat_m1])
>  + (_b[L12treat_m2]) + (_b[L12treat_m3]) + (_b[L12treat_m4]) + (_b[L16treat_m
> 1]) + (_b[L16treat_m2]) + (_b[L16treat_m3]) + (_b[L16treat_m4]) + (_b[treat_p
> 0]) + (_b[treat_p1] ) + (_b[treat_p2] ) + (_b[treat_p3] ) + (_b[treat_p4] ) +
>  (_b[treat_p5] ) + (_b[treat_p6] ) + (_b[L4treat_p0]) + (_b[L4treat_p1]) + (_
> b[L4treat_p2]) + (_b[L4treat_p3]) + (_b[L4treat_p4]) + (_b[L4treat_p5]) + (_b
> [L4treat_p6]) + (_b[L8treat_p0]) + (_b[L8treat_p1]) + (_b[L8treat_p2]) + (_b[
> L8treat_p3]) + (_b[L8treat_p4]) + (_b[L8treat_p5]) + (_b[L8treat_p6]) + (_b[L
> 12treat_p0]) + (_b[L12treat_p1]) + (_b[L12treat_p2]) + (_b[L12treat_p3]) + (_
> b[L12treat_p4]) + (_b[L12treat_p5]) + (_b[L12treat_p6]) + (_b[L16treat_p0]) +
>  (_b[L16treat_p1]) + (_b[L16treat_p2]) + (_b[L16treat_p3]) + (_b[L16treat_p4]
> ) + (_b[L16treat_p5]) + (_b[L16treat_p6]))*(4*.2)*(1/.5711273156241218))/.086
> 4819457562104))) / (1+((((_b[treat_m1] ) + (_b[treat_m2] ) + (_b[treat_m3] ) 
> + (_b[treat_m4] ) + (_b[L4treat_m1]) + (_b[L4treat_m2]) + (_b[L4treat_m3]) + 
> (_b[L4treat_m4]) + (_b[L8treat_m1]) + (_b[L8treat_m2]) + (_b[L8treat_m3]) + (
> _b[L8treat_m4]) + (_b[L12treat_m1]) + (_b[L12treat_m2]) + (_b[L12treat_m3]) +
>  (_b[L12treat_m4]) + (_b[L16treat_m1]) + (_b[L16treat_m2]) + (_b[L16treat_m3]
> ) + (_b[L16treat_m4]) + (_b[treat_p0]) + (_b[treat_p1] ) + (_b[treat_p2] ) + 
> (_b[treat_p3] ) + (_b[treat_p4] ) + (_b[treat_p5] ) + (_b[treat_p6] ) + (_b[L
> 4treat_p0]) + (_b[L4treat_p1]) + (_b[L4treat_p2]) + (_b[L4treat_p3]) + (_b[L4
> treat_p4]) + (_b[L4treat_p5]) + (_b[L4treat_p6]) + (_b[L8treat_p0]) + (_b[L8t
> reat_p1]) + (_b[L8treat_p2]) + (_b[L8treat_p3]) + (_b[L8treat_p4]) + (_b[L8tr
> eat_p5]) + (_b[L8treat_p6]) + (_b[L12treat_p0]) + (_b[L12treat_p1]) + (_b[L12
> treat_p2]) + (_b[L12treat_p3]) + (_b[L12treat_p4]) + (_b[L12treat_p5]) + (_b[
> L12treat_p6]) + (_b[L16treat_p0]) + (_b[L16treat_p1]) + (_b[L16treat_p2]) + (
> _b[L16treat_p3]) + (_b[L16treat_p4]) + (_b[L16treat_p5]) + (_b[L16treat_p6]))
> *(4*.2)*(1/.5711273156241218))/.0864819457562104)))

------------------------------------------------------------------------------
overallcou~c | Coefficient  Std. err.      z    P>|z|     [95% conf. interval]
-------------+----------------------------------------------------------------
       _nl_1 |   .4100165   .3903933     1.05   0.294    -.3551402    1.175173
------------------------------------------------------------------------------

added macro:
        e(labordem_Eb) : "0.410"

added macro:
       e(labordem_Ese) : "(0.390)"

added macro:
             e(numobs) : "847314"

added macro:
           e(numevent) : "138"

added macro:
             e(minwpc) : "0.101"

added macro:
              e(belsh) : "0.086"

added macro:
       e(wagebinstate) : "Y"

added macro:
      e(wagebinperiod) : "Y"

. *
. 
end of do-file

. 
. 
. Table_create w2_w4 w3_w4 w4_w4 w5_w4 w6_w4 , /// 
> group(overall) tablename(Table_A5) mgroup("Alternative_wage_window" ) mpatter
> n(1 0 0 0 /*1 0*/ 0)
5
(file
    /Users/brycewang/Documents/GitHub/top5-Econ-Paper-Replications/QJE2019-Mi
    > nimum-Wages-Low-Wage-Jobs/Results/Tables/Table_A5.tex not found)
(output written to /Users/brycewang/Documents/GitHub/top5-Econ-Paper-Replicatio
> ns/QJE2019-Minimum-Wages-Low-Wage-Jobs/Results/Tables/Table_A5.tex)

. 
. 
end of do-file
