-------------------------------------------------------------------------------
      name:  steplogsmcl
       log:  /Users/brycewang/Documents/GitHub/top5-Econ-Paper-Replications/QJE
> 2019-Minimum-Wages-Low-Wage-Jobs/Results/logs/Appendix_Figures_G2_B_D.log
  log type:  text
 opened on:  17 Sep 2026, 06:02:32

. 
. 
. use "${data}qcew_multiplier.dta", clear

. keep statenum quarterdate multiplier

. tempfile qcew

. save `qcew'
file /var/folders/bm/2cq1vtmd5wg6k0vdjfpvbmww0000gn/T//St48364.000001 saved
    as .dta format

. 
. 
. *****************************************************************************
> ***
. ****************               Reshaping the data                  **********
> ***
. *****************************************************************************
> ***
. 
. *Groups are as follows:
. *First: Top 10%.
. *Second: Top 15%.
. *Third: Top 20%.
. *Fourth: Top 10%-50%.
. *Alt_fourth: Top 20%-50%.
. *Fifth: Bottom 50%.
. 
. use "${data}CK_groups.dta", clear

. gen sixth_count = first_count + fourth_count

. foreach vv in fifth_ sixth_ {
  2.         cap drop `vv'countall
  3.         bys statenum quarterdate: egen `vv'countall = total(`vv'count)
  4. }       

. gen countall = sixth_countall + fifth_countall

. 
. merge m:1 statenum quarterdate using `qcew', assert(3) nogenerate
(variable quarterdate was int, now float to accommodate using data's values)

    Result                      Number of obs
    -----------------------------------------
    Not matched                             0
    Matched                           711,398  
    -----------------------------------------

. 
. foreach vv in fifth_ sixth_ {
  2.                 replace `vv'count = `vv'count * multiplier              
  3.                 replace `vv'countall = `vv'countall * multiplier
  4. }       
(574,442 real changes made)
(710,139 real changes made)
(539,607 real changes made)
(710,139 real changes made)

. *
. replace countall = countall * multiplier
(710,139 real changes made)

. 
. gen wagebindollar = floor(wagebin/100)

. drop wagebins

. rename wagebindollar wagebins

. 
. collapse (sum) fifth_count sixth_count , by(statenum quarterdate wagebins) fa
> st

. 
. foreach ss in statenum quarterdate wagebins{
  2. preserve
  3. keep `ss'
  4. duplicates drop
  5. tempfile `ss'
  6. save ``ss''
  7. restore
  8. }

Duplicates in terms of all variables

(221,495 observations deleted)
file /var/folders/bm/2cq1vtmd5wg6k0vdjfpvbmww0000gn/T//St48364.000003 saved
    as .dta format

Duplicates in terms of all variables

(221,394 observations deleted)
file /var/folders/bm/2cq1vtmd5wg6k0vdjfpvbmww0000gn/T//St48364.000005 saved
    as .dta format

Duplicates in terms of all variables

(221,516 observations deleted)
file /var/folders/bm/2cq1vtmd5wg6k0vdjfpvbmww0000gn/T//St48364.000007 saved
    as .dta format

. *
. 
. preserve

. use `statenum', clear

. cross using `quarterdate'

. cross using `wagebins'

. tempfile for_merge

. save `for_merge'
file /var/folders/bm/2cq1vtmd5wg6k0vdjfpvbmww0000gn/T//St48364.000009 saved
    as .dta format

. restore

. 
. merge 1:1 statenum quarterdate wagebins using `for_merge', assert(2 3) nogene
> rate

    Result                      Number of obs
    -----------------------------------------
    Not matched                        11,014
        from master                         0  
        from using                     11,014  

    Matched                           221,546  
    -----------------------------------------

. 
. 
. foreach vv of varlist fifth_count sixth_count {
  2. replace `vv' = 0 if `vv' ==.
  3. }
(11,014 real changes made)
(11,014 real changes made)

. *
. 
. reshape wide fifth_count sixth_count , i(statenum quarterdate) j(wagebin)
(j = 1 2 3 4 5 6 7 8 9 10 11 12 13 14 15 16 17 18 19 20 21 22 23 24 25 26 27 28
>  29 30)

Data                               Long   ->   Wide
-----------------------------------------------------------------------------
Number of observations          232,560   ->   7,752       
Number of variables                   5   ->   62          
j variable (30 values)         wagebins   ->   (dropped)
xij variables:
                            fifth_count   ->   fifth_count1 fifth_count2 ... fi
> fth_count30
                            sixth_count   ->   sixth_count1 sixth_count2 ... si
> xth_count30
-----------------------------------------------------------------------------

. 
. tempfile CK_groups

. save `CK_groups'
file /var/folders/bm/2cq1vtmd5wg6k0vdjfpvbmww0000gn/T//St48364.00000a saved
    as .dta format

. 
. 
. 
. use statenum quarterdate  population using "${data}state_panels_cents_balance
> d_add_QJE.dta", clear

. egen tagger = tag(statenum quarterdate)

. keep if tagger
(899,232 observations deleted)

. cap drop tagger

. tempfile pop

. save `pop'
file /var/folders/bm/2cq1vtmd5wg6k0vdjfpvbmww0000gn/T//St48364.00000b saved
    as .dta format

. 
. use `CK_groups', clear

. merge m:1 statenum quarterdate using `pop', assert(3) nogenerate

    Result                      Number of obs
    -----------------------------------------
    Not matched                             0
    Matched                             7,752  
    -----------------------------------------

.         
. ds *count*
fifth_count1  fifth_count7  fifth_cou~13  fifth_cou~19  fifth_cou~25
sixth_count1  sixth_count7  sixth_cou~13  sixth_cou~19  sixth_cou~25
fifth_count2  fifth_count8  fifth_cou~14  fifth_cou~20  fifth_cou~26
sixth_count2  sixth_count8  sixth_cou~14  sixth_cou~20  sixth_cou~26
fifth_count3  fifth_count9  fifth_cou~15  fifth_cou~21  fifth_cou~27
sixth_count3  sixth_count9  sixth_cou~15  sixth_cou~21  sixth_cou~27
fifth_count4  fifth_cou~10  fifth_cou~16  fifth_cou~22  fifth_cou~28
sixth_count4  sixth_cou~10  sixth_cou~16  sixth_cou~22  sixth_cou~28
fifth_count5  fifth_cou~11  fifth_cou~17  fifth_cou~23  fifth_cou~29
sixth_count5  sixth_cou~11  sixth_cou~17  sixth_cou~23  sixth_cou~29
fifth_count6  fifth_cou~12  fifth_cou~18  fifth_cou~24  fifth_cou~30
sixth_count6  sixth_cou~12  sixth_cou~18  sixth_cou~24  sixth_cou~30

. gen year = year(dofq(quarterdate))

. 
. merge 1:1 statenum quarterdate using "${data}VZmw_quarterly_lagsleads_1979_20
> 16.dta"

    Result                      Number of obs
    -----------------------------------------
    Not matched                             0
    Matched                             7,752  (_merge==3)
    -----------------------------------------

. drop _merge

. merge 1:1 statenum quarterdate using "${data}eventclassification.dta", nogene
> rate assert(1 3)

    Result                      Number of obs
    -----------------------------------------
    Not matched                         7,236
        from master                     7,236  
        from using                          0  

    Matched                               516  
    -----------------------------------------

. replace overallcountgroup = 0 if overallcountgroup==.
(7,383 real changes made)

. assert overallcountgroup!=0 if alltreat==1 & toosmall==0

.         
.         
.         
. 
. preserve

. use "${data}cpiursai1977-2016.dta", clear

. *Dropping an empty column and column that calculates yearly average (simple)
. drop v14 avg

. reshape long month, i(year) j(m)
(j = 1 2 3 4 5 6 7 8 9 10 11 12)

Data                               Wide   ->   Long
-----------------------------------------------------------------------------
Number of observations               40   ->   480         
Number of variables                  13   ->   3           
j variable (12 values)                    ->   m
xij variables:
              month1 month2 ... month12   ->   month
-----------------------------------------------------------------------------

. rename month cpi

. rename m month

. keep if year >= 1979
(24 observations deleted)

. *If base year needs to be changed, use here.
. local baseyear=2016

. sum cpi if year == `baseyear', meanonly

. local cpibase = r(mean)

. replace cpi = 100 * cpi / `cpibase'
(456 real changes made)

. gen monthdate = ym(year,month)

. gen quarterdate = qofd(dofm(monthdate))

. collapse cpi, by(quarterdate)

. tempfile cpiquarter

. save `cpiquarter'
file /var/folders/bm/2cq1vtmd5wg6k0vdjfpvbmww0000gn/T//St48364.00000d saved
    as .dta format

. restore

. 
. 
. cap drop _merge

. merge m:1 quarterdate using `cpiquarter', nogenerate assert(3)

    Result                      Number of obs
    -----------------------------------------
    Not matched                             0
    Matched                             7,752  
    -----------------------------------------

. 
. 
. xtset statenum quarterdate      

Panel variable: statenum (strongly balanced)
 Time variable: quarterdate, 76 to 227
         Delta: 1 unit

. 
. 
. g MW = exp(logmw) 

. g DMW = D.MW
(51 missing values generated)

. g MW_real = exp(logmw)/(cpi/100) 

. g DMW_real = D.MW_real 
(51 missing values generated)

. 
. g MW_realM25 = MW_real - mod(MW_real,0.25)

. g DMW_realM25 = D.MW_realM25
(51 missing values generated)

.         
.         
.         
. compress
  variable quarterdate was float now int
  variable year was float now int
  variable alltreat was float now byte
  variable fedincrease was float now byte
  variable toosmall was float now byte
  (100,776 bytes saved)

.         
. *****************************************************************************
> ***
. *************            Preparing the data for regressions       ***********
> ***
. *****************************************************************************
> ***        
.         
.         
. rename population totalpopulation       

. 
. forval j = 1/30 { 
  2. gen count`j' = sixth_count`j' + fifth_count`j'
  3. }

. *
. 
. foreach vv in fifth_ sixth_ {
  2.         cap drop `vv'countall
  3.         gen `vv'countall = `vv'count1
  4.         forval j = 2/30 { 
  5.         replace `vv'countall = `vv'count`j' + `vv'countall 
  6.         }
  7. }       
(2,218 real changes made)
(2,893 real changes made)
(3,102 real changes made)
(3,762 real changes made)
(5,089 real changes made)
(6,716 real changes made)
(7,425 real changes made)
(7,595 real changes made)
(7,657 real changes made)
(7,690 real changes made)
(7,712 real changes made)
(7,727 real changes made)
(7,726 real changes made)
(7,739 real changes made)
(7,737 real changes made)
(7,737 real changes made)
(7,739 real changes made)
(7,735 real changes made)
(7,742 real changes made)
(7,732 real changes made)
(7,713 real changes made)
(7,717 real changes made)
(7,720 real changes made)
(7,707 real changes made)
(7,698 real changes made)
(7,650 real changes made)
(7,603 real changes made)
(7,596 real changes made)
(7,752 real changes made)
(4,876 real changes made)
(5,613 real changes made)
(5,614 real changes made)
(5,899 real changes made)
(6,814 real changes made)
(7,612 real changes made)
(7,736 real changes made)
(7,750 real changes made)
(7,751 real changes made)
(7,749 real changes made)
(7,751 real changes made)
(7,750 real changes made)
(7,743 real changes made)
(7,744 real changes made)
(7,717 real changes made)
(7,694 real changes made)
(7,644 real changes made)
(7,534 real changes made)
(7,485 real changes made)
(7,299 real changes made)
(7,138 real changes made)
(6,852 real changes made)
(6,611 real changes made)
(6,455 real changes made)
(6,068 real changes made)
(5,717 real changes made)
(5,258 real changes made)
(5,078 real changes made)
(7,593 real changes made)

. *
. gen countall = sixth_countall + fifth_countall

. g epop    = countall/totalpopulation

. 
. foreach vv in fifth_ sixth_ {
  2. g `vv'epop    = `vv'countall/totalpopulation
  3. 
. }

. 
. foreach vv in fifth_ sixth_ {
  2.         forval j = 1/30 { 
  3.         g `vv'percap`j' = `vv'count`j'/totalpopulation
  4.         }
  5. }

. *
. 
. forval j = 1/30 { 
  2.         g percap`j' = count`j'/totalpopulation
  3. }

. *
. 
. *
. 
. xtset statenum quarterdate

Panel variable: statenum (strongly balanced)
 Time variable: quarterdate, 76 to 227
         Delta: 1 unit

. 
.         cap drop treat 

.         cap drop _treat

.         g _treat_p=0

.                 replace _treat = 1 if overallcountgroup>0 & fedincrease!=1
(138 real changes made)

.          g treat = ( _treat +  L._treat + L2._treat + L3._treat)
(153 missing values generated)

.         cap drop _treat

. 
. 
. cap drop  Dtreat

. g Dtreat = D.treat
(204 missing values generated)

. 
. cap drop _cont

. g _cont = 0

. replace _cont = 1 if ($missedevents | toosmall==1) 
(255 real changes made)

. g tempcont = _cont + L._cont + L2._cont + L3._cont
(153 missing values generated)

. 
. local Tmax3 = 16 + 3

. forval i = 0(1)`Tmax3'{
  2.         if `i' == 0{
  3.         g postcont = _cont
  4.         }
  5.         else {
  6.         replace postcont = postcont + L`i'._cont
  7.         sum postcont, meanonly
  8.         assert r(mean)!=0
  9.         }
 10. }
(306 real changes made, 51 to missing)
(305 real changes made, 51 to missing)
(305 real changes made, 51 to missing)
(303 real changes made, 51 to missing)
(303 real changes made, 51 to missing)
(302 real changes made, 51 to missing)
(302 real changes made, 51 to missing)
(294 real changes made, 51 to missing)
(294 real changes made, 51 to missing)
(294 real changes made, 51 to missing)
(294 real changes made, 51 to missing)
(284 real changes made, 51 to missing)
(284 real changes made, 51 to missing)
(284 real changes made, 51 to missing)
(284 real changes made, 51 to missing)
(274 real changes made, 51 to missing)
(274 real changes made, 51 to missing)
(274 real changes made, 51 to missing)
(274 real changes made, 51 to missing)

. cap drop _cont

. 
. 
. cap drop _contf

. cap drop postcontf

. 
. g _contf = 0

. replace _contf = 1 if (fedincrease==1 &  overallcountgroup>0 )
(231 real changes made)

. g tempcontf = _contf + L._contf + L2._contf + L3._contf
(153 missing values generated)

. 
. local Tmax3 = 16 + 3

. forval i = 0(1)`Tmax3'{
  2.         if `i' == 0{
  3.         g postcontf = _contf
  4. 
.         }
  5.         else {
  6.         replace postcontf = postcontf + L`i'._contf
  7.         sum postcontf, meanonly
  8.         assert r(mean)!=0
  9.         }
 10. }
(282 real changes made, 51 to missing)
(282 real changes made, 51 to missing)
(282 real changes made, 51 to missing)
(282 real changes made, 51 to missing)
(282 real changes made, 51 to missing)
(282 real changes made, 51 to missing)
(282 real changes made, 51 to missing)
(282 real changes made, 51 to missing)
(282 real changes made, 51 to missing)
(282 real changes made, 51 to missing)
(282 real changes made, 51 to missing)
(282 real changes made, 51 to missing)
(282 real changes made, 51 to missing)
(282 real changes made, 51 to missing)
(282 real changes made, 51 to missing)
(282 real changes made, 51 to missing)
(282 real changes made, 51 to missing)
(282 real changes made, 51 to missing)
(282 real changes made, 51 to missing)

. cap drop _contf

. 
. g precontf = F4.tempcontf
(204 missing values generated)

. g precont = F4.tempcont
(204 missing values generated)

. 
. replace precontf = 0 if precontf == .
(204 real changes made)

. replace precont = 0 if precont  == .
(204 real changes made)

. 
. 
. g earlycontf = F12.tempcontf + F8.tempcontf
(612 missing values generated)

. g earlycont = F12.tempcont + F8.tempcont
(612 missing values generated)

. 
. replace earlycontf = 0 if earlycontf == .
(612 real changes made)

. replace earlycont = 0 if earlycont  == .
(612 real changes made)

. 
. 
. 
. foreach j of numlist 4(4)16{
  2.                 cap drop F`j'treat
  3.                 cap drop L`j'treat
  4.                 
.                 g F`j'treat = F`j'.treat
  5.                 g L`j'treat = L`j'.treat
  6.                 
.                 replace F`j'treat = 0 if F`j'treat ==.
  7.                 replace L`j'treat = 0 if L`j'treat ==.
  8.                 
. 
.         }
(204 missing values generated)
(357 missing values generated)
(204 real changes made)
(357 real changes made)
(408 missing values generated)
(561 missing values generated)
(408 real changes made)
(561 real changes made)
(612 missing values generated)
(765 missing values generated)
(612 real changes made)
(765 real changes made)
(816 missing values generated)
(969 missing values generated)
(816 real changes made)
(969 real changes made)

. *
. 
. replace postcont = 0 if postcont == .
(969 real changes made)

. replace postcontf = 0 if postcontf == .
(969 real changes made)

. 
. 
. g cleansample = 1

. replace cleansample = 0 if quarterdate >=136 & quarterdate <=142
(357 real changes made)

. 
. egen avetotalpopulation = mean(totalpopulation) , by(statenum)

. 
. 
. *Note that we do not use most of these either, yet I keep this global in case
>  it is needed.
. 
. global a1  i.statenum i.quarterdate  // TWFE

. 
. 
. *****************************************************************************
> ***
. **************       Define Treatments         ******************************
> ***
. *****************************************************************************
> ***
. *To keep all as flexible as possible, I am adding lincom too.
. 
. global treat            F12treat F8treat F4treat treat  L4treat L8treat L12tr
> eat L16treat 

. 
. *global minus 0
. global minus (F4treat)

. global lincomagg        (treat-$minus)

. forval i = 4(4)16{
  2. global lincomagg "$lincomagg + (L`i'treat - $minus ) "
  3. }

. *
. 
. global label1 TWFE

. global grlabel1 TWFE

. 
. 
. *****************************************************************************
> ***
. ***************       The Regressions ***************************************
> ***
. *****************************************************************************
> ***                
.                 
. 
. 
. gen all=1

. xtset statenum quarterdate

Panel variable: statenum (strongly balanced)
 Time variable: quarterdate, 76 to 227
         Delta: 1 unit

. 
. tempfile temptemp

. save `temptemp', replace        
(file /var/folders/bm/2cq1vtmd5wg6k0vdjfpvbmww0000gn/T//St48364.00000e not
    found)
file /var/folders/bm/2cq1vtmd5wg6k0vdjfpvbmww0000gn/T//St48364.00000e saved
    as .dta format

. 
. local regsample ""

. local graphname "o"

. global weight2 [aw=altweight]

. global weight1 [aw=avetotalpopulation]

. global weight0 [aw=all]

. local ylabel `"ylabel(-0.2 "-0.2" -0.1 "-0.1" 0 "0" 0.1 "0.1" , labsize(mediu
> m))"' 

. 
. local fifth_title               "Bottom 50%"

. local sixth_title               "Top 50%"

. 
. 
. 
. foreach regsample in sixth_ fifth_  {
  2. foreach b in   1979   {
  3.         foreach w in 1 /*0*/  {
  4.                 
.                                 sum epop if  year>=`b' & cleansample==1  ${we
> ight`w'},meanonly
  5.                                 local epop = r(mean)
  6.                                 sum DMW_real if fedincrease!=1 & overallco
> untgr>0 & year>=`b' & cleansample ==1   ${weight`w'}
  7.                                 local mwc = r(mean)
  8.                                 sum MW_real if  (F.fedincrease != 1 & F.fe
> dincrease != . & F.overallcountgr>0 & F.overallcountgr!=. )  & year>=`b' & cl
> eansample ==1    ${weight`w'}
  9.                                 local mw = r(mean)
 10.                                 local mwpc = `mwc'/`mw'
 11.                                 local mwpc2 : di  %04.3f `mwpc'
 12. 
.                                 global E = `epop'
 13.                                         
.                                 global C = 1/(`epop'*`mwpc')
 14.                 
.                 foreach s in      1 {
 15.                 use `temptemp', clear
 16.                         forval k=1(1)30{
 17.                          reghdfe `regsample'percap`k' $treat  if  year>=`b
> ' & cleansample==1  ${weight`w'} , absorb(${a`s'} postcont postcontf  precont
>  precontf earlycont earlycontf ) cluster(statenum)
 18.                                 
.                                 local dof = e(df_r)
 19.                                 
.                                 foreach q in 12  {
 20.                                 lincom (($lincomagg) * (1/5))*${C}
 21.                                 local lowb      = r(estimate) - invttail(`
> dof', 0.025)*r(se) 
 22.                                 local highb     = r(estimate) + invttail(`
> dof', 0.025)*r(se) 
 23.                                 
.                                 
.                                 if `k' == 1 {
 24.                                                         mat countmat`q' = 
> [`k', r(estimate), `lowb' , `highb']
 25.                                 } // end of if
 26.                                 else {
 27.                                         mat countmat`q' = [countmat`q' \ [
> `k', r(estimate), `lowb' , `highb' ]]
 28.                                 } // end of else
 29.                         } // end of q 
 30.                         } // end of k
 31.                         foreach q in 12 {
 32.                                 forval j = 31/34 {   // 32 to 31: couner c
> hanged here; but 34 kept same
 33.                                         mat countmat`q' = [countmat`q' \ [
> `j', .,.,.] ]
 34.                                 } // end of j
 35.                         } // end of q
 36. 
.                         qui reghdfe `regsample'epop $treat  if  year>=`b' & c
> leansample==1 ${weight`w'} , absorb(${a`s'} postcont postcontf  precont preco
> ntf earlycont earlycontf ) cluster(statenum)
 37.                         local dof = e(df_r)
 38. 
.                         foreach q in 12  {      
 39.                                 lincom (($lincomagg) * (1/5))*${C}
 40.                                 scalar ba_`w' = r(estimate)
 41.                                 scalar sea_`w'= r(se)
 42.                                 scalar ta_`w'= r(estimate)/r(se)          
>                       
 43.                                 scalar pa_`w' = ttail(r(df), r(estimate)/r
> (se))
 44.                                 local lowb      = r(estimate) - invttail(`
> dof', 0.025)*r(se) 
 45.                                 local highb     = r(estimate) + invttail(`
> dof', 0.025)*r(se) 
 46.                                 mat countmat`q' = [countmat`q' \ [35, r(es
> timate), `lowb' , `highb' ]]
 47. 
.                                 svmat countmat`q'
 48.                                 cap drop wagebin est low high totest
 49.                                 rename countmat`q'1 wagebin
 50.                                 rename countmat`q'2 est
 51.                                 rename countmat`q'3 low
 52.                                 rename countmat`q'4 high
 53. 
.                                 g totest = est if _n==1
 54.                                 replace totest = totest[_n-1] + est if _n>
> 1
 55.                                 
.                                 local ba: di %04.3f `=ba_`w''
 56.                                 local se: di %04.3f `=sea_`w''
 57. 
.                                 local titlesixth_       "FigureG2_b"         
>    
 58.                                 local titlefifth_       "FigureG2_d"      
>       
 59.                                 
.                                 twoway ( bar est wagebin if wagebin<32, fcolo
> r(ltblue) ) ( bar est wagebin if wagebin==35, fcolor(purple) lcolor(purple) )
>  ///
>                                 (rcap low  high wagebin if wagebin<32, lcolor
> (green) lwidth(thick) ) (line totest wagebin, lpat(dot) lwidth(thick) lcolor(
> purple)) , ///
>                                 xlabel( 5 "$5"  10 "$10" 15 "$15" 20 "$20" 25
>  "$25" 31 ">$30" 35 "Total", labsize(medium)) ///
>                                 ytitle("Employment elasticity") ///
>                                 `ylabel' ///
>                                 scheme(s1color) xtitle("Wage") legend(off) ti
> tle(`"``regsample'title'"') ///
>                                 text(-0.18 8  "Employment elas. = `ba' (`se')
> " , box  fcolor(white) margin(0.2 0.2 1 1) justification(left) ) ///
>                                 name(jd_`graphname'_${label`s'}_w`w'_b`b'_`q'
> , replace)
 60.                                 
.                                 graph export "${figures}`title`regsample''.pd
> f", replace 
 61.                                 
. 
.                                 
.                         }
 62.                 }
 63.         }
 64. }
 65. }

    Variable |     Obs      Weight        Mean   Std. dev.       Min        Max
-------------+-----------------------------------------------------------------
    DMW_real |     137   677763561    .8028209   .4050374   .2514448   2.193727

    Variable |     Obs      Weight        Mean   Std. dev.       Min        Max
-------------+-----------------------------------------------------------------
     MW_real |     138   682035582    7.686473   .8686171   6.075942   10.49291
(MWFE estimator converged in 16 iterations)

HDFE Linear regression                            Number of obs   =      7,242
Absorbing 8 HDFE groups                           F(   8,     50) =       2.68
Statistics robust to heteroskedasticity           Prob > F        =     0.0157
                                                  R-squared       =     0.0658
                                                  Adj R-squared   =     0.0366
                                                  Within R-sq.    =     0.0042
Number of clusters (statenum) =         51        Root MSE        =     0.0010

                              (Std. err. adjusted for 51 clusters in statenum)
------------------------------------------------------------------------------
             |               Robust
sixth_per~p1 | Coefficient  std. err.      t    P>|t|     [95% conf. interval]
-------------+----------------------------------------------------------------
    F12treat |   .0000923   .0000694     1.33   0.190    -.0000471    .0002318
     F8treat |    .000033   .0000554     0.60   0.554    -.0000783    .0001443
     F4treat |   .0000755   .0000483     1.56   0.125    -.0000216    .0001726
       treat |    .000092   .0000673     1.37   0.178    -.0000432    .0002273
     L4treat |   .0001182   .0001006     1.17   0.246    -.0000839    .0003202
     L8treat |   .0000788   .0000729     1.08   0.284    -.0000675    .0002252
    L12treat |   .0001983   .0000801     2.48   0.017     .0000375    .0003592
    L16treat |   .0001407    .000081     1.74   0.088     -.000022    .0003034
       _cons |   .0006104   .0000205    29.80   0.000     .0005693    .0006516
------------------------------------------------------------------------------

Absorbed degrees of freedom:
-----------------------------------------------------+
 Absorbed FE | Categories  - Redundant  = Num. Coefs |
-------------+---------------------------------------|
    statenum |        51          51           0    *|
 quarterdate |       142           1         141     |
    postcont |         8           1           7     |
   postcontf |         4           1           3    ?|
     precont |         4           1           3    ?|
    precontf |         3           1           2    ?|
   earlycont |         5           1           4    ?|
  earlycontf |         3           1           2    ?|
-----------------------------------------------------+
? = number of redundant parameters may be higher
* = FE nested within cluster; treated as redundant for DoF computation

 ( 1)  - 17.00953*F4treat + 3.401905*treat + 3.401905*L4treat +
       3.401905*L8treat + 3.401905*L12treat + 3.401905*L16treat = 0

------------------------------------------------------------------------------
sixth_per~p1 | Coefficient  Std. err.      t    P>|t|     [95% conf. interval]
-------------+----------------------------------------------------------------
         (1) |   .0008529   .0007732     1.10   0.275    -.0007002     .002406
------------------------------------------------------------------------------
(MWFE estimator converged in 16 iterations)

HDFE Linear regression                            Number of obs   =      7,242
Absorbing 8 HDFE groups                           F(   8,     50) =       6.12
Statistics robust to heteroskedasticity           Prob > F        =     0.0000
                                                  R-squared       =     0.3051
                                                  Adj R-squared   =     0.2833
                                                  Within R-sq.    =     0.0435
Number of clusters (statenum) =         51        Root MSE        =     0.0015

                              (Std. err. adjusted for 51 clusters in statenum)
------------------------------------------------------------------------------
             |               Robust
sixth_per~p2 | Coefficient  std. err.      t    P>|t|     [95% conf. interval]
-------------+----------------------------------------------------------------
    F12treat |  -.0003091   .0001701    -1.82   0.075    -.0006507    .0000325
     F8treat |   -.000174   .0001451    -1.20   0.236    -.0004655    .0001175
     F4treat |  -.0004938    .000135    -3.66   0.001    -.0007651   -.0002226
       treat |  -.0005023   .0000935    -5.37   0.000    -.0006901   -.0003146
     L4treat |  -.0005943   .0001475    -4.03   0.000    -.0008905   -.0002981
     L8treat |  -.0006039   .0001544    -3.91   0.000     -.000914   -.0002938
    L12treat |  -.0005855   .0001472    -3.98   0.000    -.0008811   -.0002899
    L16treat |  -.0007545   .0001394    -5.41   0.000    -.0010345   -.0004745
       _cons |   .0017892   .0000665    26.92   0.000     .0016557    .0019226
------------------------------------------------------------------------------

Absorbed degrees of freedom:
-----------------------------------------------------+
 Absorbed FE | Categories  - Redundant  = Num. Coefs |
-------------+---------------------------------------|
    statenum |        51          51           0    *|
 quarterdate |       142           1         141     |
    postcont |         8           1           7     |
   postcontf |         4           1           3    ?|
     precont |         4           1           3    ?|
    precontf |         3           1           2    ?|
   earlycont |         5           1           4    ?|
  earlycontf |         3           1           2    ?|
-----------------------------------------------------+
? = number of redundant parameters may be higher
* = FE nested within cluster; treated as redundant for DoF computation

 ( 1)  - 17.00953*F4treat + 3.401905*treat + 3.401905*L4treat +
       3.401905*L8treat + 3.401905*L12treat + 3.401905*L16treat = 0

------------------------------------------------------------------------------
sixth_per~p2 | Coefficient  Std. err.      t    P>|t|     [95% conf. interval]
-------------+----------------------------------------------------------------
         (1) |  -.0019438   .0024458    -0.79   0.431    -.0068563    .0029688
------------------------------------------------------------------------------
(MWFE estimator converged in 16 iterations)

HDFE Linear regression                            Number of obs   =      7,242
Absorbing 8 HDFE groups                           F(   8,     50) =       2.24
Statistics robust to heteroskedasticity           Prob > F        =     0.0393
                                                  R-squared       =     0.3671
                                                  Adj R-squared   =     0.3473
                                                  Within R-sq.    =     0.0024
Number of clusters (statenum) =         51        Root MSE        =     0.0016

                              (Std. err. adjusted for 51 clusters in statenum)
------------------------------------------------------------------------------
             |               Robust
sixth_per~p3 | Coefficient  std. err.      t    P>|t|     [95% conf. interval]
-------------+----------------------------------------------------------------
    F12treat |   .0001247    .000128     0.97   0.335    -.0001324    .0003818
     F8treat |   .0000704   .0001275     0.55   0.583    -.0001857    .0003265
     F4treat |   .0002179   .0001123     1.94   0.058    -7.61e-06    .0004435
       treat |  -.0000175   .0000811    -0.22   0.830    -.0001803    .0001454
     L4treat |   .0000652   .0001488     0.44   0.663    -.0002337    .0003642
     L8treat |   .0001157   .0001211     0.96   0.344    -.0001274    .0003588
    L12treat |   .0001355   .0001112     1.22   0.229    -.0000879    .0003588
    L16treat |   .0001553   .0001328     1.17   0.248    -.0001114    .0004221
       _cons |   .0018816   .0000522    36.05   0.000     .0017767    .0019864
------------------------------------------------------------------------------

Absorbed degrees of freedom:
-----------------------------------------------------+
 Absorbed FE | Categories  - Redundant  = Num. Coefs |
-------------+---------------------------------------|
    statenum |        51          51           0    *|
 quarterdate |       142           1         141     |
    postcont |         8           1           7     |
   postcontf |         4           1           3    ?|
     precont |         4           1           3    ?|
    precontf |         3           1           2    ?|
   earlycont |         5           1           4    ?|
  earlycontf |         3           1           2    ?|
-----------------------------------------------------+
? = number of redundant parameters may be higher
* = FE nested within cluster; treated as redundant for DoF computation

 ( 1)  - 17.00953*F4treat + 3.401905*treat + 3.401905*L4treat +
       3.401905*L8treat + 3.401905*L12treat + 3.401905*L16treat = 0

------------------------------------------------------------------------------
sixth_per~p3 | Coefficient  Std. err.      t    P>|t|     [95% conf. interval]
-------------+----------------------------------------------------------------
         (1) |  -.0021617     .00141    -1.53   0.132    -.0049938    .0006704
------------------------------------------------------------------------------
(MWFE estimator converged in 16 iterations)

HDFE Linear regression                            Number of obs   =      7,242
Absorbing 8 HDFE groups                           F(   8,     50) =       3.78
Statistics robust to heteroskedasticity           Prob > F        =     0.0016
                                                  R-squared       =     0.4064
                                                  Adj R-squared   =     0.3878
                                                  Within R-sq.    =     0.0078
Number of clusters (statenum) =         51        Root MSE        =     0.0015

                              (Std. err. adjusted for 51 clusters in statenum)
------------------------------------------------------------------------------
             |               Robust
sixth_per~p4 | Coefficient  std. err.      t    P>|t|     [95% conf. interval]
-------------+----------------------------------------------------------------
    F12treat |   .0000702   .0000629     1.12   0.270    -.0000562    .0001966
     F8treat |   .0001993   .0000756     2.64   0.011     .0000474    .0003512
     F4treat |   .0000668   .0001189     0.56   0.576    -.0001719    .0003056
       treat |   .0002737   .0001416     1.93   0.059    -.0000107    .0005581
     L4treat |   .0002314   .0001512     1.53   0.132    -.0000723    .0005351
     L8treat |   .0003137   .0001846     1.70   0.095     -.000057    .0006845
    L12treat |   .0001745   .0000978     1.78   0.080    -.0000219    .0003708
    L16treat |   .0003343   .0001249     2.68   0.010     .0000834    .0005852
       _cons |   .0019677   .0000517    38.07   0.000     .0018639    .0020715
------------------------------------------------------------------------------

Absorbed degrees of freedom:
-----------------------------------------------------+
 Absorbed FE | Categories  - Redundant  = Num. Coefs |
-------------+---------------------------------------|
    statenum |        51          51           0    *|
 quarterdate |       142           1         141     |
    postcont |         8           1           7     |
   postcontf |         4           1           3    ?|
     precont |         4           1           3    ?|
    precontf |         3           1           2    ?|
   earlycont |         5           1           4    ?|
  earlycontf |         3           1           2    ?|
-----------------------------------------------------+
? = number of redundant parameters may be higher
* = FE nested within cluster; treated as redundant for DoF computation

 ( 1)  - 17.00953*F4treat + 3.401905*treat + 3.401905*L4treat +
       3.401905*L8treat + 3.401905*L12treat + 3.401905*L16treat = 0

------------------------------------------------------------------------------
sixth_per~p4 | Coefficient  Std. err.      t    P>|t|     [95% conf. interval]
-------------+----------------------------------------------------------------
         (1) |   .0033796   .0018025     1.87   0.067    -.0002408        .007
------------------------------------------------------------------------------
(MWFE estimator converged in 16 iterations)

HDFE Linear regression                            Number of obs   =      7,242
Absorbing 8 HDFE groups                           F(   8,     50) =       7.24
Statistics robust to heteroskedasticity           Prob > F        =     0.0000
                                                  R-squared       =     0.3538
                                                  Adj R-squared   =     0.3336
                                                  Within R-sq.    =     0.0104
Number of clusters (statenum) =         51        Root MSE        =     0.0016

                              (Std. err. adjusted for 51 clusters in statenum)
------------------------------------------------------------------------------
             |               Robust
sixth_per~p5 | Coefficient  std. err.      t    P>|t|     [95% conf. interval]
-------------+----------------------------------------------------------------
    F12treat |   .0003077   .0001395     2.21   0.032     .0000276    .0005878
     F8treat |    .000269   .0000911     2.95   0.005     .0000861     .000452
     F4treat |   .0002124     .00006     3.54   0.001     .0000919    .0003328
       treat |   .0002181   .0000768     2.84   0.007     .0000637    .0003724
     L4treat |   .0003002   .0001719     1.75   0.087     -.000045    .0006454
     L8treat |    .000117    .000127     0.92   0.361    -.0001381     .000372
    L12treat |   .0003387   .0001132     2.99   0.004     .0001113    .0005662
    L16treat |   .0002217   .0000798     2.78   0.008     .0000614    .0003821
       _cons |   .0021445   .0000435    49.36   0.000     .0020573    .0022318
------------------------------------------------------------------------------

Absorbed degrees of freedom:
-----------------------------------------------------+
 Absorbed FE | Categories  - Redundant  = Num. Coefs |
-------------+---------------------------------------|
    statenum |        51          51           0    *|
 quarterdate |       142           1         141     |
    postcont |         8           1           7     |
   postcontf |         4           1           3    ?|
     precont |         4           1           3    ?|
    precontf |         3           1           2    ?|
   earlycont |         5           1           4    ?|
  earlycontf |         3           1           2    ?|
-----------------------------------------------------+
? = number of redundant parameters may be higher
* = FE nested within cluster; treated as redundant for DoF computation

 ( 1)  - 17.00953*F4treat + 3.401905*treat + 3.401905*L4treat +
       3.401905*L8treat + 3.401905*L12treat + 3.401905*L16treat = 0

------------------------------------------------------------------------------
sixth_per~p5 | Coefficient  Std. err.      t    P>|t|     [95% conf. interval]
-------------+----------------------------------------------------------------
         (1) |   .0004552   .0011303     0.40   0.689    -.0018151    .0027255
------------------------------------------------------------------------------
(MWFE estimator converged in 16 iterations)

HDFE Linear regression                            Number of obs   =      7,242
Absorbing 8 HDFE groups                           F(   8,     50) =      23.80
Statistics robust to heteroskedasticity           Prob > F        =     0.0000
                                                  R-squared       =     0.7838
                                                  Adj R-squared   =     0.7770
                                                  Within R-sq.    =     0.0404
Number of clusters (statenum) =         51        Root MSE        =     0.0046

                              (Std. err. adjusted for 51 clusters in statenum)
------------------------------------------------------------------------------
             |               Robust
sixth_per~p6 | Coefficient  std. err.      t    P>|t|     [95% conf. interval]
-------------+----------------------------------------------------------------
    F12treat |   .0011991   .0003109     3.86   0.000     .0005745    .0018236
     F8treat |   .0015494   .0004139     3.74   0.000     .0007181    .0023808
     F4treat |   .0027796   .0006172     4.50   0.000       .00154    .0040192
       treat |  -.0002652   .0003427    -0.77   0.443    -.0009534     .000423
     L4treat |  -.0001938   .0002785    -0.70   0.490    -.0007532    .0003655
     L8treat |  -.0007016   .0007008    -1.00   0.322    -.0021093     .000706
    L12treat |  -.0009187   .0006633    -1.39   0.172    -.0022511    .0004136
    L16treat |  -.0009165   .0005975    -1.53   0.131    -.0021166    .0002836
       _cons |   .0075302   .0001061    70.96   0.000      .007317    .0077433
------------------------------------------------------------------------------

Absorbed degrees of freedom:
-----------------------------------------------------+
 Absorbed FE | Categories  - Redundant  = Num. Coefs |
-------------+---------------------------------------|
    statenum |        51          51           0    *|
 quarterdate |       142           1         141     |
    postcont |         8           1           7     |
   postcontf |         4           1           3    ?|
     precont |         4           1           3    ?|
    precontf |         3           1           2    ?|
   earlycont |         5           1           4    ?|
  earlycontf |         3           1           2    ?|
-----------------------------------------------------+
? = number of redundant parameters may be higher
* = FE nested within cluster; treated as redundant for DoF computation

 ( 1)  - 17.00953*F4treat + 3.401905*treat + 3.401905*L4treat +
       3.401905*L8treat + 3.401905*L12treat + 3.401905*L16treat = 0

------------------------------------------------------------------------------
sixth_per~p6 | Coefficient  Std. err.      t    P>|t|     [95% conf. interval]
-------------+----------------------------------------------------------------
         (1) |  -.0574714   .0160589    -3.58   0.001    -.0897266   -.0252162
------------------------------------------------------------------------------
(MWFE estimator converged in 16 iterations)

HDFE Linear regression                            Number of obs   =      7,242
Absorbing 8 HDFE groups                           F(   8,     50) =      13.04
Statistics robust to heteroskedasticity           Prob > F        =     0.0000
                                                  R-squared       =     0.7932
                                                  Adj R-squared   =     0.7867
                                                  Within R-sq.    =     0.0226
Number of clusters (statenum) =         51        Root MSE        =     0.0072

                              (Std. err. adjusted for 51 clusters in statenum)
------------------------------------------------------------------------------
             |               Robust
sixth_per~p7 | Coefficient  std. err.      t    P>|t|     [95% conf. interval]
-------------+----------------------------------------------------------------
    F12treat |  -.0007527   .0010051    -0.75   0.457    -.0027714    .0012661
     F8treat |   .0009718   .0005572     1.74   0.087    -.0001473    .0020909
     F4treat |   .0018223   .0004509     4.04   0.000     .0009166    .0027281
       treat |  -.0018149   .0004141    -4.38   0.000    -.0026466   -.0009831
     L4treat |  -.0023856   .0005709    -4.18   0.000    -.0035323   -.0012389
     L8treat |  -.0012647   .0004601    -2.75   0.008    -.0021889   -.0003405
    L12treat |  -.0019044   .0005673    -3.36   0.002     -.003044   -.0007649
    L16treat |  -.0013371   .0007407    -1.81   0.077    -.0028248    .0001507
       _cons |   .0233764   .0002163   108.07   0.000      .022942    .0238109
------------------------------------------------------------------------------

Absorbed degrees of freedom:
-----------------------------------------------------+
 Absorbed FE | Categories  - Redundant  = Num. Coefs |
-------------+---------------------------------------|
    statenum |        51          51           0    *|
 quarterdate |       142           1         141     |
    postcont |         8           1           7     |
   postcontf |         4           1           3    ?|
     precont |         4           1           3    ?|
    precontf |         3           1           2    ?|
   earlycont |         5           1           4    ?|
  earlycontf |         3           1           2    ?|
-----------------------------------------------------+
? = number of redundant parameters may be higher
* = FE nested within cluster; treated as redundant for DoF computation

 ( 1)  - 17.00953*F4treat + 3.401905*treat + 3.401905*L4treat +
       3.401905*L8treat + 3.401905*L12treat + 3.401905*L16treat = 0

------------------------------------------------------------------------------
sixth_per~p7 | Coefficient  Std. err.      t    P>|t|     [95% conf. interval]
-------------+----------------------------------------------------------------
         (1) |  -.0606162   .0117955    -5.14   0.000    -.0843081   -.0369243
------------------------------------------------------------------------------
(MWFE estimator converged in 16 iterations)

HDFE Linear regression                            Number of obs   =      7,242
Absorbing 8 HDFE groups                           F(   8,     50) =       9.42
Statistics robust to heteroskedasticity           Prob > F        =     0.0000
                                                  R-squared       =     0.6536
                                                  Adj R-squared   =     0.6428
                                                  Within R-sq.    =     0.0938
Number of clusters (statenum) =         51        Root MSE        =     0.0078

                              (Std. err. adjusted for 51 clusters in statenum)
------------------------------------------------------------------------------
             |               Robust
sixth_per~p8 | Coefficient  std. err.      t    P>|t|     [95% conf. interval]
-------------+----------------------------------------------------------------
    F12treat |   .0041195   .0016312     2.53   0.015     .0008432    .0073957
     F8treat |   .0025676   .0009348     2.75   0.008     .0006899    .0044453
     F4treat |   .0009011    .000652     1.38   0.173    -.0004084    .0022107
       treat |   .0031316   .0007887     3.97   0.000     .0015475    .0047157
     L4treat |   .0032225   .0007189     4.48   0.000     .0017785    .0046664
     L8treat |   .0048698   .0012615     3.86   0.000      .002336    .0074036
    L12treat |   .0055643   .0012474     4.46   0.000     .0030588    .0080697
    L16treat |   .0067072   .0014956     4.48   0.000     .0037031    .0097113
       _cons |   .0272788   .0005461    49.95   0.000      .026182    .0283756
------------------------------------------------------------------------------

Absorbed degrees of freedom:
-----------------------------------------------------+
 Absorbed FE | Categories  - Redundant  = Num. Coefs |
-------------+---------------------------------------|
    statenum |        51          51           0    *|
 quarterdate |       142           1         141     |
    postcont |         8           1           7     |
   postcontf |         4           1           3    ?|
     precont |         4           1           3    ?|
    precontf |         3           1           2    ?|
   earlycont |         5           1           4    ?|
  earlycontf |         3           1           2    ?|
-----------------------------------------------------+
? = number of redundant parameters may be higher
* = FE nested within cluster; treated as redundant for DoF computation

 ( 1)  - 17.00953*F4treat + 3.401905*treat + 3.401905*L4treat +
       3.401905*L8treat + 3.401905*L12treat + 3.401905*L16treat = 0

------------------------------------------------------------------------------
sixth_per~p8 | Coefficient  Std. err.      t    P>|t|     [95% conf. interval]
-------------+----------------------------------------------------------------
         (1) |   .0646012   .0168173     3.84   0.000     .0308227    .0983797
------------------------------------------------------------------------------
(MWFE estimator converged in 16 iterations)

HDFE Linear regression                            Number of obs   =      7,242
Absorbing 8 HDFE groups                           F(   8,     50) =      17.64
Statistics robust to heteroskedasticity           Prob > F        =     0.0000
                                                  R-squared       =     0.5271
                                                  Adj R-squared   =     0.5123
                                                  Within R-sq.    =     0.0495
Number of clusters (statenum) =         51        Root MSE        =     0.0065

                              (Std. err. adjusted for 51 clusters in statenum)
------------------------------------------------------------------------------
             |               Robust
sixth_per~p9 | Coefficient  std. err.      t    P>|t|     [95% conf. interval]
-------------+----------------------------------------------------------------
    F12treat |  -.0010303   .0005978    -1.72   0.091     -.002231    .0001704
     F8treat |  -.0004143   .0003331    -1.24   0.219    -.0010834    .0002547
     F4treat |   3.62e-06   .0004684     0.01   0.994    -.0009371    .0009444
       treat |   .0035535   .0011167     3.18   0.003     .0013105    .0057965
     L4treat |   .0031451   .0008374     3.76   0.000     .0014632    .0048269
     L8treat |   .0027081   .0004828     5.61   0.000     .0017383     .003678
    L12treat |   .0016592   .0005323     3.12   0.003       .00059    .0027283
    L16treat |   .0027108   .0004609     5.88   0.000      .001785    .0036367
       _cons |   .0247234   .0001747   141.53   0.000     .0243725    .0250742
------------------------------------------------------------------------------

Absorbed degrees of freedom:
-----------------------------------------------------+
 Absorbed FE | Categories  - Redundant  = Num. Coefs |
-------------+---------------------------------------|
    statenum |        51          51           0    *|
 quarterdate |       142           1         141     |
    postcont |         8           1           7     |
   postcontf |         4           1           3    ?|
     precont |         4           1           3    ?|
    precontf |         3           1           2    ?|
   earlycont |         5           1           4    ?|
  earlycontf |         3           1           2    ?|
-----------------------------------------------------+
? = number of redundant parameters may be higher
* = FE nested within cluster; treated as redundant for DoF computation

 ( 1)  - 17.00953*F4treat + 3.401905*treat + 3.401905*L4treat +
       3.401905*L8treat + 3.401905*L12treat + 3.401905*L16treat = 0

------------------------------------------------------------------------------
sixth_per~p9 | Coefficient  Std. err.      t    P>|t|     [95% conf. interval]
-------------+----------------------------------------------------------------
         (1) |   .0468056   .0096027     4.87   0.000      .027518    .0660932
------------------------------------------------------------------------------
(MWFE estimator converged in 16 iterations)

HDFE Linear regression                            Number of obs   =      7,242
Absorbing 8 HDFE groups                           F(   8,     50) =       5.09
Statistics robust to heteroskedasticity           Prob > F        =     0.0001
                                                  R-squared       =     0.5637
                                                  Adj R-squared   =     0.5501
                                                  Within R-sq.    =     0.0097
Number of clusters (statenum) =         51        Root MSE        =     0.0056

                              (Std. err. adjusted for 51 clusters in statenum)
------------------------------------------------------------------------------
             |               Robust
sixth_per~10 | Coefficient  std. err.      t    P>|t|     [95% conf. interval]
-------------+----------------------------------------------------------------
    F12treat |    .000516     .00043     1.20   0.236    -.0003476    .0013796
     F8treat |  -.0000859   .0003616    -0.24   0.813    -.0008121    .0006404
     F4treat |   .0000594   .0002999     0.20   0.844     -.000543    .0006617
       treat |   .0017761   .0004797     3.70   0.001     .0008127    .0027395
     L4treat |   .0009562   .0006345     1.51   0.138    -.0003183    .0022307
     L8treat |   .0008361   .0003879     2.16   0.036     .0000569    .0016152
    L12treat |   .0002534   .0004032     0.63   0.533    -.0005564    .0010632
    L16treat |   .0003586   .0005084     0.71   0.484    -.0006625    .0013798
       _cons |   .0238336    .000133   179.25   0.000     .0235665    .0241006
------------------------------------------------------------------------------

Absorbed degrees of freedom:
-----------------------------------------------------+
 Absorbed FE | Categories  - Redundant  = Num. Coefs |
-------------+---------------------------------------|
    statenum |        51          51           0    *|
 quarterdate |       142           1         141     |
    postcont |         8           1           7     |
   postcontf |         4           1           3    ?|
     precont |         4           1           3    ?|
    precontf |         3           1           2    ?|
   earlycont |         5           1           4    ?|
  earlycontf |         3           1           2    ?|
-----------------------------------------------------+
? = number of redundant parameters may be higher
* = FE nested within cluster; treated as redundant for DoF computation

 ( 1)  - 17.00953*F4treat + 3.401905*treat + 3.401905*L4treat +
       3.401905*L8treat + 3.401905*L12treat + 3.401905*L16treat = 0

------------------------------------------------------------------------------
sixth_per~10 | Coefficient  Std. err.      t    P>|t|     [95% conf. interval]
-------------+----------------------------------------------------------------
         (1) |   .0132119   .0053931     2.45   0.018     .0023796    .0240443
------------------------------------------------------------------------------
(MWFE estimator converged in 16 iterations)

HDFE Linear regression                            Number of obs   =      7,242
Absorbing 8 HDFE groups                           F(   8,     50) =       3.93
Statistics robust to heteroskedasticity           Prob > F        =     0.0011
                                                  R-squared       =     0.6323
                                                  Adj R-squared   =     0.6208
                                                  Within R-sq.    =     0.0048
Number of clusters (statenum) =         51        Root MSE        =     0.0049

                              (Std. err. adjusted for 51 clusters in statenum)
------------------------------------------------------------------------------
             |               Robust
sixth_per~11 | Coefficient  std. err.      t    P>|t|     [95% conf. interval]
-------------+----------------------------------------------------------------
    F12treat |  -.0002144   .0003325    -0.64   0.522    -.0008823    .0004535
     F8treat |  -.0003345   .0004013    -0.83   0.409    -.0011406    .0004716
     F4treat |  -.0001797   .0003454    -0.52   0.605    -.0008735    .0005141
       treat |   .0000574   .0003054     0.19   0.852    -.0005561    .0006708
     L4treat |   .0011698   .0003399     3.44   0.001     .0004871    .0018525
     L8treat |   .0003783   .0003392     1.12   0.270    -.0003031    .0010597
    L12treat |   .0005221   .0003362     1.55   0.127     -.000153    .0011973
    L16treat |  -.0000818   .0005285    -0.15   0.878    -.0011434    .0009798
       _cons |   .0202038   .0001264   159.84   0.000     .0199499    .0204576
------------------------------------------------------------------------------

Absorbed degrees of freedom:
-----------------------------------------------------+
 Absorbed FE | Categories  - Redundant  = Num. Coefs |
-------------+---------------------------------------|
    statenum |        51          51           0    *|
 quarterdate |       142           1         141     |
    postcont |         8           1           7     |
   postcontf |         4           1           3    ?|
     precont |         4           1           3    ?|
    precontf |         3           1           2    ?|
   earlycont |         5           1           4    ?|
  earlycontf |         3           1           2    ?|
-----------------------------------------------------+
? = number of redundant parameters may be higher
* = FE nested within cluster; treated as redundant for DoF computation

 ( 1)  - 17.00953*F4treat + 3.401905*treat + 3.401905*L4treat +
       3.401905*L8treat + 3.401905*L12treat + 3.401905*L16treat = 0

------------------------------------------------------------------------------
sixth_per~11 | Coefficient  Std. err.      t    P>|t|     [95% conf. interval]
-------------+----------------------------------------------------------------
         (1) |   .0100168   .0068691     1.46   0.151    -.0037802    .0238139
------------------------------------------------------------------------------
(MWFE estimator converged in 16 iterations)

HDFE Linear regression                            Number of obs   =      7,242
Absorbing 8 HDFE groups                           F(   8,     50) =       3.36
Statistics robust to heteroskedasticity           Prob > F        =     0.0037
                                                  R-squared       =     0.5538
                                                  Adj R-squared   =     0.5398
                                                  Within R-sq.    =     0.0031
Number of clusters (statenum) =         51        Root MSE        =     0.0046

                              (Std. err. adjusted for 51 clusters in statenum)
------------------------------------------------------------------------------
             |               Robust
sixth_per~12 | Coefficient  std. err.      t    P>|t|     [95% conf. interval]
-------------+----------------------------------------------------------------
    F12treat |  -.0001878   .0003213    -0.58   0.562    -.0008332    .0004576
     F8treat |  -.0000136   .0003253    -0.04   0.967    -.0006671    .0006398
     F4treat |   .0002709   .0004366     0.62   0.538    -.0006061    .0011479
       treat |  -.0000413    .000355    -0.12   0.908    -.0007544    .0006717
     L4treat |   .0000958   .0004387     0.22   0.828    -.0007854     .000977
     L8treat |  -.0001232    .000322    -0.38   0.704      -.00077    .0005237
    L12treat |   .0011356    .000347     3.27   0.002     .0004386    .0018325
    L16treat |   .0000391   .0003799     0.10   0.918     -.000724    .0008022
       _cons |   .0177791   .0001679   105.90   0.000     .0174419    .0181163
------------------------------------------------------------------------------

Absorbed degrees of freedom:
-----------------------------------------------------+
 Absorbed FE | Categories  - Redundant  = Num. Coefs |
-------------+---------------------------------------|
    statenum |        51          51           0    *|
 quarterdate |       142           1         141     |
    postcont |         8           1           7     |
   postcontf |         4           1           3    ?|
     precont |         4           1           3    ?|
    precontf |         3           1           2    ?|
   earlycont |         5           1           4    ?|
  earlycontf |         3           1           2    ?|
-----------------------------------------------------+
? = number of redundant parameters may be higher
* = FE nested within cluster; treated as redundant for DoF computation

 ( 1)  - 17.00953*F4treat + 3.401905*treat + 3.401905*L4treat +
       3.401905*L8treat + 3.401905*L12treat + 3.401905*L16treat = 0

------------------------------------------------------------------------------
sixth_per~12 | Coefficient  Std. err.      t    P>|t|     [95% conf. interval]
-------------+----------------------------------------------------------------
         (1) |  -.0008457   .0049507    -0.17   0.865    -.0107894     .009098
------------------------------------------------------------------------------
(MWFE estimator converged in 16 iterations)

HDFE Linear regression                            Number of obs   =      7,242
Absorbing 8 HDFE groups                           F(   8,     50) =       2.04
Statistics robust to heteroskedasticity           Prob > F        =     0.0606
                                                  R-squared       =     0.5480
                                                  Adj R-squared   =     0.5338
                                                  Within R-sq.    =     0.0048
Number of clusters (statenum) =         51        Root MSE        =     0.0044

                              (Std. err. adjusted for 51 clusters in statenum)
------------------------------------------------------------------------------
             |               Robust
sixth_per~13 | Coefficient  std. err.      t    P>|t|     [95% conf. interval]
-------------+----------------------------------------------------------------
    F12treat |  -.0004182   .0003851    -1.09   0.283    -.0011916    .0003552
     F8treat |  -.0008551    .000578    -1.48   0.145     -.002016    .0003059
     F4treat |  -.0000667   .0002333    -0.29   0.776    -.0005353     .000402
       treat |  -.0001171   .0003752    -0.31   0.756    -.0008707    .0006365
     L4treat |  -.0003422   .0003043    -1.12   0.266    -.0009534    .0002689
     L8treat |  -.0001752   .0003279    -0.53   0.595    -.0008337    .0004833
    L12treat |  -.0000681   .0003092    -0.22   0.826    -.0006891    .0005528
    L16treat |   .0006664   .0003831     1.74   0.088    -.0001031    .0014358
       _cons |   .0166962   .0001277   130.74   0.000     .0164397    .0169527
------------------------------------------------------------------------------

Absorbed degrees of freedom:
-----------------------------------------------------+
 Absorbed FE | Categories  - Redundant  = Num. Coefs |
-------------+---------------------------------------|
    statenum |        51          51           0    *|
 quarterdate |       142           1         141     |
    postcont |         8           1           7     |
   postcontf |         4           1           3    ?|
     precont |         4           1           3    ?|
    precontf |         3           1           2    ?|
   earlycont |         5           1           4    ?|
  earlycontf |         3           1           2    ?|
-----------------------------------------------------+
? = number of redundant parameters may be higher
* = FE nested within cluster; treated as redundant for DoF computation

 ( 1)  - 17.00953*F4treat + 3.401905*treat + 3.401905*L4treat +
       3.401905*L8treat + 3.401905*L12treat + 3.401905*L16treat = 0

------------------------------------------------------------------------------
sixth_per~13 | Coefficient  Std. err.      t    P>|t|     [95% conf. interval]
-------------+----------------------------------------------------------------
         (1) |   .0010103   .0042111     0.24   0.811    -.0074479    .0094686
------------------------------------------------------------------------------
(MWFE estimator converged in 16 iterations)

HDFE Linear regression                            Number of obs   =      7,242
Absorbing 8 HDFE groups                           F(   8,     50) =       4.95
Statistics robust to heteroskedasticity           Prob > F        =     0.0002
                                                  R-squared       =     0.5501
                                                  Adj R-squared   =     0.5360
                                                  Within R-sq.    =     0.0068
Number of clusters (statenum) =         51        Root MSE        =     0.0039

                              (Std. err. adjusted for 51 clusters in statenum)
------------------------------------------------------------------------------
             |               Robust
sixth_per~14 | Coefficient  std. err.      t    P>|t|     [95% conf. interval]
-------------+----------------------------------------------------------------
    F12treat |  -.0005254   .0002354    -2.23   0.030    -.0009982   -.0000527
     F8treat |  -.0004185   .0002314    -1.81   0.077    -.0008833    .0000463
     F4treat |  -.0006934   .0003269    -2.12   0.039      -.00135   -.0000368
       treat |  -.0005222   .0001516    -3.44   0.001    -.0008266   -.0002177
     L4treat |   .0000168   .0003076     0.05   0.957     -.000601    .0006347
     L8treat |  -.0002377   .0003138    -0.76   0.452     -.000868    .0003926
    L12treat |  -.0007855   .0002311    -3.40   0.001    -.0012496   -.0003213
    L16treat |   .0000508   .0001854     0.27   0.785    -.0003216    .0004233
       _cons |   .0144055   .0001076   133.86   0.000     .0141894    .0146217
------------------------------------------------------------------------------

Absorbed degrees of freedom:
-----------------------------------------------------+
 Absorbed FE | Categories  - Redundant  = Num. Coefs |
-------------+---------------------------------------|
    statenum |        51          51           0    *|
 quarterdate |       142           1         141     |
    postcont |         8           1           7     |
   postcontf |         4           1           3    ?|
     precont |         4           1           3    ?|
    precontf |         3           1           2    ?|
   earlycont |         5           1           4    ?|
  earlycontf |         3           1           2    ?|
-----------------------------------------------------+
? = number of redundant parameters may be higher
* = FE nested within cluster; treated as redundant for DoF computation

 ( 1)  - 17.00953*F4treat + 3.401905*treat + 3.401905*L4treat +
       3.401905*L8treat + 3.401905*L12treat + 3.401905*L16treat = 0

------------------------------------------------------------------------------
sixth_per~14 | Coefficient  Std. err.      t    P>|t|     [95% conf. interval]
-------------+----------------------------------------------------------------
         (1) |   .0067674   .0039108     1.73   0.090    -.0010877    .0146225
------------------------------------------------------------------------------
(MWFE estimator converged in 16 iterations)

HDFE Linear regression                            Number of obs   =      7,242
Absorbing 8 HDFE groups                           F(   8,     50) =       3.64
Statistics robust to heteroskedasticity           Prob > F        =     0.0021
                                                  R-squared       =     0.4429
                                                  Adj R-squared   =     0.4255
                                                  Within R-sq.    =     0.0046
Number of clusters (statenum) =         51        Root MSE        =     0.0037

                              (Std. err. adjusted for 51 clusters in statenum)
------------------------------------------------------------------------------
             |               Robust
sixth_per~15 | Coefficient  std. err.      t    P>|t|     [95% conf. interval]
-------------+----------------------------------------------------------------
    F12treat |  -.0003711   .0001886    -1.97   0.055    -.0007499    7.60e-06
     F8treat |  -.0005535   .0001521    -3.64   0.001     -.000859   -.0002481
     F4treat |  -.0002508   .0001851    -1.36   0.181    -.0006226    .0001209
       treat |  -.0000255   .0002507    -0.10   0.919    -.0005291    .0004781
     L4treat |  -.0004062    .000204    -1.99   0.052    -.0008159    3.48e-06
     L8treat |   -.000199   .0003072    -0.65   0.520    -.0008161     .000418
    L12treat |  -.0001402   .0002735    -0.51   0.610    -.0006895    .0004091
    L16treat |  -.0007219   .0002831    -2.55   0.014    -.0012906   -.0001532
       _cons |    .012422   .0000897   138.49   0.000     .0122418    .0126021
------------------------------------------------------------------------------

Absorbed degrees of freedom:
-----------------------------------------------------+
 Absorbed FE | Categories  - Redundant  = Num. Coefs |
-------------+---------------------------------------|
    statenum |        51          51           0    *|
 quarterdate |       142           1         141     |
    postcont |         8           1           7     |
   postcontf |         4           1           3    ?|
     precont |         4           1           3    ?|
    precontf |         3           1           2    ?|
   earlycont |         5           1           4    ?|
  earlycontf |         3           1           2    ?|
-----------------------------------------------------+
? = number of redundant parameters may be higher
* = FE nested within cluster; treated as redundant for DoF computation

 ( 1)  - 17.00953*F4treat + 3.401905*treat + 3.401905*L4treat +
       3.401905*L8treat + 3.401905*L12treat + 3.401905*L16treat = 0

------------------------------------------------------------------------------
sixth_per~15 | Coefficient  Std. err.      t    P>|t|     [95% conf. interval]
-------------+----------------------------------------------------------------
         (1) |  -.0008118   .0028156    -0.29   0.774    -.0064671    .0048435
------------------------------------------------------------------------------
(MWFE estimator converged in 16 iterations)

HDFE Linear regression                            Number of obs   =      7,242
Absorbing 8 HDFE groups                           F(   8,     50) =       1.96
Statistics robust to heteroskedasticity           Prob > F        =     0.0716
                                                  R-squared       =     0.4734
                                                  Adj R-squared   =     0.4569
                                                  Within R-sq.    =     0.0031
Number of clusters (statenum) =         51        Root MSE        =     0.0034

                              (Std. err. adjusted for 51 clusters in statenum)
------------------------------------------------------------------------------
             |               Robust
sixth_per~16 | Coefficient  std. err.      t    P>|t|     [95% conf. interval]
-------------+----------------------------------------------------------------
    F12treat |   -.000268   .0002704    -0.99   0.326     -.000811    .0002751
     F8treat |  -.0003275   .0002706    -1.21   0.232     -.000871    .0002159
     F4treat |  -.0001605    .000248    -0.65   0.520    -.0006585    .0003375
       treat |  -.0002105   .0001533    -1.37   0.176    -.0005184    .0000975
     L4treat |  -.0005755   .0002097    -2.74   0.008    -.0009967   -.0001543
     L8treat |   .0000106   .0002426     0.04   0.965    -.0004766    .0004979
    L12treat |   -.000093   .0001652    -0.56   0.576    -.0004249    .0002389
    L16treat |   -.000215   .0001957    -1.10   0.277     -.000608    .0001781
       _cons |   .0108094   .0000978   110.52   0.000      .010613    .0110059
------------------------------------------------------------------------------

Absorbed degrees of freedom:
-----------------------------------------------------+
 Absorbed FE | Categories  - Redundant  = Num. Coefs |
-------------+---------------------------------------|
    statenum |        51          51           0    *|
 quarterdate |       142           1         141     |
    postcont |         8           1           7     |
   postcontf |         4           1           3    ?|
     precont |         4           1           3    ?|
    precontf |         3           1           2    ?|
   earlycont |         5           1           4    ?|
  earlycontf |         3           1           2    ?|
-----------------------------------------------------+
? = number of redundant parameters may be higher
* = FE nested within cluster; treated as redundant for DoF computation

 ( 1)  - 17.00953*F4treat + 3.401905*treat + 3.401905*L4treat +
       3.401905*L8treat + 3.401905*L12treat + 3.401905*L16treat = 0

------------------------------------------------------------------------------
sixth_per~16 | Coefficient  Std. err.      t    P>|t|     [95% conf. interval]
-------------+----------------------------------------------------------------
         (1) |   -.000955   .0032103    -0.30   0.767    -.0074031    .0054931
------------------------------------------------------------------------------
(MWFE estimator converged in 16 iterations)

HDFE Linear regression                            Number of obs   =      7,242
Absorbing 8 HDFE groups                           F(   8,     50) =       3.25
Statistics robust to heteroskedasticity           Prob > F        =     0.0047
                                                  R-squared       =     0.4989
                                                  Adj R-squared   =     0.4832
                                                  Within R-sq.    =     0.0090
Number of clusters (statenum) =         51        Root MSE        =     0.0031

                              (Std. err. adjusted for 51 clusters in statenum)
------------------------------------------------------------------------------
             |               Robust
sixth_per~17 | Coefficient  std. err.      t    P>|t|     [95% conf. interval]
-------------+----------------------------------------------------------------
    F12treat |  -.0007754   .0002511    -3.09   0.003    -.0012798    -.000271
     F8treat |   .0000517   .0001598     0.32   0.748    -.0002692    .0003727
     F4treat |  -.0005875   .0002257    -2.60   0.012    -.0010407   -.0001342
       treat |  -.0001333   .0001707    -0.78   0.438    -.0004762    .0002095
     L4treat |  -.0005263   .0003036    -1.73   0.089    -.0011361    .0000835
     L8treat |  -.0003493   .0002361    -1.48   0.145    -.0008235     .000125
    L12treat |  -.0007194   .0002353    -3.06   0.004    -.0011921   -.0002467
    L16treat |  -.0000797   .0002039    -0.39   0.697    -.0004893    .0003298
       _cons |   .0094604   .0000758   124.73   0.000      .009308    .0096127
------------------------------------------------------------------------------

Absorbed degrees of freedom:
-----------------------------------------------------+
 Absorbed FE | Categories  - Redundant  = Num. Coefs |
-------------+---------------------------------------|
    statenum |        51          51           0    *|
 quarterdate |       142           1         141     |
    postcont |         8           1           7     |
   postcontf |         4           1           3    ?|
     precont |         4           1           3    ?|
    precontf |         3           1           2    ?|
   earlycont |         5           1           4    ?|
  earlycontf |         3           1           2    ?|
-----------------------------------------------------+
? = number of redundant parameters may be higher
* = FE nested within cluster; treated as redundant for DoF computation

 ( 1)  - 17.00953*F4treat + 3.401905*treat + 3.401905*L4treat +
       3.401905*L8treat + 3.401905*L12treat + 3.401905*L16treat = 0

------------------------------------------------------------------------------
sixth_per~17 | Coefficient  Std. err.      t    P>|t|     [95% conf. interval]
-------------+----------------------------------------------------------------
         (1) |   .0038418   .0039255     0.98   0.332    -.0040427    .0117263
------------------------------------------------------------------------------
(MWFE estimator converged in 16 iterations)

HDFE Linear regression                            Number of obs   =      7,242
Absorbing 8 HDFE groups                           F(   8,     50) =       4.56
Statistics robust to heteroskedasticity           Prob > F        =     0.0003
                                                  R-squared       =     0.4587
                                                  Adj R-squared   =     0.4418
                                                  Within R-sq.    =     0.0067
Number of clusters (statenum) =         51        Root MSE        =     0.0029

                              (Std. err. adjusted for 51 clusters in statenum)
------------------------------------------------------------------------------
             |               Robust
sixth_per~18 | Coefficient  std. err.      t    P>|t|     [95% conf. interval]
-------------+----------------------------------------------------------------
    F12treat |   .0001474   .0001607     0.92   0.363    -.0001754    .0004702
     F8treat |  -.0001318   .0001499    -0.88   0.383    -.0004327    .0001692
     F4treat |  -.0004658   .0002401    -1.94   0.058     -.000948    .0000164
       treat |  -.0004586   .0001612    -2.84   0.006    -.0007825   -.0001347
     L4treat |  -.0002975   .0002313    -1.29   0.204    -.0007621     .000167
     L8treat |  -.0005126   .0001747    -2.93   0.005    -.0008635   -.0001616
    L12treat |  -.0001487   .0001559    -0.95   0.345    -.0004617    .0001644
    L16treat |    .000318   .0001999     1.59   0.118    -.0000835    .0007195
       _cons |   .0079982   .0000525   152.49   0.000     .0078929    .0081036
------------------------------------------------------------------------------

Absorbed degrees of freedom:
-----------------------------------------------------+
 Absorbed FE | Categories  - Redundant  = Num. Coefs |
-------------+---------------------------------------|
    statenum |        51          51           0    *|
 quarterdate |       142           1         141     |
    postcont |         8           1           7     |
   postcontf |         4           1           3    ?|
     precont |         4           1           3    ?|
    precontf |         3           1           2    ?|
   earlycont |         5           1           4    ?|
  earlycontf |         3           1           2    ?|
-----------------------------------------------------+
? = number of redundant parameters may be higher
* = FE nested within cluster; treated as redundant for DoF computation

 ( 1)  - 17.00953*F4treat + 3.401905*treat + 3.401905*L4treat +
       3.401905*L8treat + 3.401905*L12treat + 3.401905*L16treat = 0

------------------------------------------------------------------------------
sixth_per~18 | Coefficient  Std. err.      t    P>|t|     [95% conf. interval]
-------------+----------------------------------------------------------------
         (1) |    .004183   .0045858     0.91   0.366    -.0050279    .0133938
------------------------------------------------------------------------------
(MWFE estimator converged in 16 iterations)

HDFE Linear regression                            Number of obs   =      7,242
Absorbing 8 HDFE groups                           F(   8,     50) =       5.06
Statistics robust to heteroskedasticity           Prob > F        =     0.0001
                                                  R-squared       =     0.4800
                                                  Adj R-squared   =     0.4637
                                                  Within R-sq.    =     0.0062
Number of clusters (statenum) =         51        Root MSE        =     0.0026

                              (Std. err. adjusted for 51 clusters in statenum)
------------------------------------------------------------------------------
             |               Robust
sixth_per~19 | Coefficient  std. err.      t    P>|t|     [95% conf. interval]
-------------+----------------------------------------------------------------
    F12treat |  -.0003435    .000197    -1.74   0.087    -.0007392    .0000523
     F8treat |  -.0002214   .0001551    -1.43   0.160     -.000533    .0000902
     F4treat |   -.000704   .0001298    -5.43   0.000    -.0009647   -.0004434
       treat |  -.0001701   .0001273    -1.34   0.187    -.0004257    .0000855
     L4treat |  -.0001205   .0001652    -0.73   0.469    -.0004524    .0002113
     L8treat |  -.0001345   .0001853    -0.73   0.471    -.0005066    .0002377
    L12treat |   -.000026   .0002081    -0.12   0.901     -.000444     .000392
    L16treat |  -.0000952   .0002097    -0.45   0.652    -.0005163     .000326
       _cons |   .0069373   .0000533   130.17   0.000     .0068302    .0070443
------------------------------------------------------------------------------

Absorbed degrees of freedom:
-----------------------------------------------------+
 Absorbed FE | Categories  - Redundant  = Num. Coefs |
-------------+---------------------------------------|
    statenum |        51          51           0    *|
 quarterdate |       142           1         141     |
    postcont |         8           1           7     |
   postcontf |         4           1           3    ?|
     precont |         4           1           3    ?|
    precontf |         3           1           2    ?|
   earlycont |         5           1           4    ?|
  earlycontf |         3           1           2    ?|
-----------------------------------------------------+
? = number of redundant parameters may be higher
* = FE nested within cluster; treated as redundant for DoF computation

 ( 1)  - 17.00953*F4treat + 3.401905*treat + 3.401905*L4treat +
       3.401905*L8treat + 3.401905*L12treat + 3.401905*L16treat = 0

------------------------------------------------------------------------------
sixth_per~19 | Coefficient  Std. err.      t    P>|t|     [95% conf. interval]
-------------+----------------------------------------------------------------
         (1) |   .0101166   .0023217     4.36   0.000     .0054534    .0147798
------------------------------------------------------------------------------
(MWFE estimator converged in 16 iterations)

HDFE Linear regression                            Number of obs   =      7,242
Absorbing 8 HDFE groups                           F(   8,     50) =       4.52
Statistics robust to heteroskedasticity           Prob > F        =     0.0003
                                                  R-squared       =     0.4608
                                                  Adj R-squared   =     0.4439
                                                  Within R-sq.    =     0.0058
Number of clusters (statenum) =         51        Root MSE        =     0.0025

                              (Std. err. adjusted for 51 clusters in statenum)
------------------------------------------------------------------------------
             |               Robust
sixth_per~20 | Coefficient  std. err.      t    P>|t|     [95% conf. interval]
-------------+----------------------------------------------------------------
    F12treat |  -.0003169   .0002137    -1.48   0.144    -.0007462    .0001123
     F8treat |     .00009   .0001209     0.74   0.460    -.0001528    .0003328
     F4treat |   -.000067   .0001382    -0.48   0.630    -.0003445    .0002106
       treat |  -.0002308   .0001947    -1.19   0.241    -.0006218    .0001603
     L4treat |  -.0003701   .0001611    -2.30   0.026    -.0006937   -.0000465
     L8treat |  -.0002068   .0001069    -1.93   0.059    -.0004215    7.99e-06
    L12treat |  -.0004606   .0001547    -2.98   0.004    -.0007713     -.00015
    L16treat |  -.0004698   .0002059    -2.28   0.027    -.0008835   -.0000562
       _cons |   .0062505   .0000573   109.13   0.000     .0061355    .0063656
------------------------------------------------------------------------------

Absorbed degrees of freedom:
-----------------------------------------------------+
 Absorbed FE | Categories  - Redundant  = Num. Coefs |
-------------+---------------------------------------|
    statenum |        51          51           0    *|
 quarterdate |       142           1         141     |
    postcont |         8           1           7     |
   postcontf |         4           1           3    ?|
     precont |         4           1           3    ?|
    precontf |         3           1           2    ?|
   earlycont |         5           1           4    ?|
  earlycontf |         3           1           2    ?|
-----------------------------------------------------+
? = number of redundant parameters may be higher
* = FE nested within cluster; treated as redundant for DoF computation

 ( 1)  - 17.00953*F4treat + 3.401905*treat + 3.401905*L4treat +
       3.401905*L8treat + 3.401905*L12treat + 3.401905*L16treat = 0

------------------------------------------------------------------------------
sixth_per~20 | Coefficient  Std. err.      t    P>|t|     [95% conf. interval]
-------------+----------------------------------------------------------------
         (1) |  -.0047742   .0022283    -2.14   0.037    -.0092499   -.0002985
------------------------------------------------------------------------------
(MWFE estimator converged in 16 iterations)

HDFE Linear regression                            Number of obs   =      7,242
Absorbing 8 HDFE groups                           F(   8,     50) =       4.25
Statistics robust to heteroskedasticity           Prob > F        =     0.0006
                                                  R-squared       =     0.4788
                                                  Adj R-squared   =     0.4625
                                                  Within R-sq.    =     0.0027
Number of clusters (statenum) =         51        Root MSE        =     0.0023

                              (Std. err. adjusted for 51 clusters in statenum)
------------------------------------------------------------------------------
             |               Robust
sixth_per~21 | Coefficient  std. err.      t    P>|t|     [95% conf. interval]
-------------+----------------------------------------------------------------
    F12treat |   .0000995   .0001168     0.85   0.398    -.0001351    .0003341
     F8treat |  -.0000353   .0001996    -0.18   0.860    -.0004361    .0003655
     F4treat |  -.0001906   .0001835    -1.04   0.304    -.0005591    .0001779
       treat |  -.0001491   .0001097    -1.36   0.180    -.0003694    .0000713
     L4treat |  -.0002011   .0001264    -1.59   0.118    -.0004549    .0000528
     L8treat |  -.0002223   .0001821    -1.22   0.228     -.000588    .0001435
    L12treat |   .0001743   .0001247     1.40   0.168    -.0000761    .0004247
    L16treat |   .0001801   .0001828     0.99   0.329     -.000187    .0005472
       _cons |   .0052224   .0000348   150.28   0.000     .0051526    .0052922
------------------------------------------------------------------------------

Absorbed degrees of freedom:
-----------------------------------------------------+
 Absorbed FE | Categories  - Redundant  = Num. Coefs |
-------------+---------------------------------------|
    statenum |        51          51           0    *|
 quarterdate |       142           1         141     |
    postcont |         8           1           7     |
   postcontf |         4           1           3    ?|
     precont |         4           1           3    ?|
    precontf |         3           1           2    ?|
   earlycont |         5           1           4    ?|
  earlycontf |         3           1           2    ?|
-----------------------------------------------------+
? = number of redundant parameters may be higher
* = FE nested within cluster; treated as redundant for DoF computation

 ( 1)  - 17.00953*F4treat + 3.401905*treat + 3.401905*L4treat +
       3.401905*L8treat + 3.401905*L12treat + 3.401905*L16treat = 0

------------------------------------------------------------------------------
sixth_per~21 | Coefficient  Std. err.      t    P>|t|     [95% conf. interval]
-------------+----------------------------------------------------------------
         (1) |   .0025006   .0038466     0.65   0.519    -.0052255    .0102267
------------------------------------------------------------------------------
(MWFE estimator converged in 16 iterations)

HDFE Linear regression                            Number of obs   =      7,242
Absorbing 8 HDFE groups                           F(   8,     50) =      14.09
Statistics robust to heteroskedasticity           Prob > F        =     0.0000
                                                  R-squared       =     0.4485
                                                  Adj R-squared   =     0.4312
                                                  Within R-sq.    =     0.0075
Number of clusters (statenum) =         51        Root MSE        =     0.0021

                              (Std. err. adjusted for 51 clusters in statenum)
------------------------------------------------------------------------------
             |               Robust
sixth_per~22 | Coefficient  std. err.      t    P>|t|     [95% conf. interval]
-------------+----------------------------------------------------------------
    F12treat |  -.0001508   .0001428    -1.06   0.296    -.0004377    .0001361
     F8treat |  -.0002879   .0001148    -2.51   0.015    -.0005184   -.0000573
     F4treat |  -.0003529   .0001333    -2.65   0.011    -.0006207   -.0000851
       treat |  -.0003676    .000151    -2.43   0.019    -.0006709   -.0000644
     L4treat |   9.35e-06   .0001829     0.05   0.959     -.000358    .0003767
     L8treat |   .0001723   .0001261     1.37   0.178    -.0000809    .0004255
    L12treat |  -.0003599   .0001512    -2.38   0.021    -.0006635   -.0000563
    L16treat |  -.0000238   .0001482    -0.16   0.873    -.0003215    .0002739
       _cons |   .0045763   .0000261   175.31   0.000     .0045239    .0046288
------------------------------------------------------------------------------

Absorbed degrees of freedom:
-----------------------------------------------------+
 Absorbed FE | Categories  - Redundant  = Num. Coefs |
-------------+---------------------------------------|
    statenum |        51          51           0    *|
 quarterdate |       142           1         141     |
    postcont |         8           1           7     |
   postcontf |         4           1           3    ?|
     precont |         4           1           3    ?|
    precontf |         3           1           2    ?|
   earlycont |         5           1           4    ?|
  earlycontf |         3           1           2    ?|
-----------------------------------------------------+
? = number of redundant parameters may be higher
* = FE nested within cluster; treated as redundant for DoF computation

 ( 1)  - 17.00953*F4treat + 3.401905*treat + 3.401905*L4treat +
       3.401905*L8treat + 3.401905*L12treat + 3.401905*L16treat = 0

------------------------------------------------------------------------------
sixth_per~22 | Coefficient  Std. err.      t    P>|t|     [95% conf. interval]
-------------+----------------------------------------------------------------
         (1) |    .004065   .0026914     1.51   0.137    -.0013409    .0094708
------------------------------------------------------------------------------
(MWFE estimator converged in 16 iterations)

HDFE Linear regression                            Number of obs   =      7,242
Absorbing 8 HDFE groups                           F(   8,     50) =       7.62
Statistics robust to heteroskedasticity           Prob > F        =     0.0000
                                                  R-squared       =     0.4548
                                                  Adj R-squared   =     0.4378
                                                  Within R-sq.    =     0.0081
Number of clusters (statenum) =         51        Root MSE        =     0.0019

                              (Std. err. adjusted for 51 clusters in statenum)
------------------------------------------------------------------------------
             |               Robust
sixth_per~23 | Coefficient  std. err.      t    P>|t|     [95% conf. interval]
-------------+----------------------------------------------------------------
    F12treat |   -.000186   .0001137    -1.64   0.108    -.0004145    .0000424
     F8treat |  -.0002597   .0001179    -2.20   0.032    -.0004965    -.000023
     F4treat |  -.0002458   .0001125    -2.18   0.034    -.0004719   -.0000198
       treat |  -.0003413   .0000804    -4.24   0.000    -.0005029   -.0001798
     L4treat |  -.0003475   .0001154    -3.01   0.004    -.0005792   -.0001158
     L8treat |  -.0003373   .0000973    -3.47   0.001    -.0005328   -.0001418
    L12treat |  -.0001249   .0001132    -1.10   0.275    -.0003523    .0001025
    L16treat |  -.0002109   .0002085    -1.01   0.317    -.0006296    .0002078
       _cons |   .0039821    .000029   137.22   0.000     .0039238    .0040404
------------------------------------------------------------------------------

Absorbed degrees of freedom:
-----------------------------------------------------+
 Absorbed FE | Categories  - Redundant  = Num. Coefs |
-------------+---------------------------------------|
    statenum |        51          51           0    *|
 quarterdate |       142           1         141     |
    postcont |         8           1           7     |
   postcontf |         4           1           3    ?|
     precont |         4           1           3    ?|
    precontf |         3           1           2    ?|
   earlycont |         5           1           4    ?|
  earlycontf |         3           1           2    ?|
-----------------------------------------------------+
? = number of redundant parameters may be higher
* = FE nested within cluster; treated as redundant for DoF computation

 ( 1)  - 17.00953*F4treat + 3.401905*treat + 3.401905*L4treat +
       3.401905*L8treat + 3.401905*L12treat + 3.401905*L16treat = 0

------------------------------------------------------------------------------
sixth_per~23 | Coefficient  Std. err.      t    P>|t|     [95% conf. interval]
-------------+----------------------------------------------------------------
         (1) |  -.0004516   .0021287    -0.21   0.833    -.0047272    .0038241
------------------------------------------------------------------------------
(MWFE estimator converged in 16 iterations)

HDFE Linear regression                            Number of obs   =      7,242
Absorbing 8 HDFE groups                           F(   8,     50) =       6.59
Statistics robust to heteroskedasticity           Prob > F        =     0.0000
                                                  R-squared       =     0.4044
                                                  Adj R-squared   =     0.3858
                                                  Within R-sq.    =     0.0087
Number of clusters (statenum) =         51        Root MSE        =     0.0018

                              (Std. err. adjusted for 51 clusters in statenum)
------------------------------------------------------------------------------
             |               Robust
sixth_per~24 | Coefficient  std. err.      t    P>|t|     [95% conf. interval]
-------------+----------------------------------------------------------------
    F12treat |   -.000532   .0001171    -4.54   0.000    -.0007673   -.0002967
     F8treat |   .0000148   .0001188     0.12   0.902     -.000224    .0002535
     F4treat |  -.0002942   .0001434    -2.05   0.045    -.0005823   -6.14e-06
       treat |  -.0000781    .000118    -0.66   0.511    -.0003152     .000159
     L4treat |  -.0003156   .0001322    -2.39   0.021     -.000581   -.0000501
     L8treat |  -.0001841   .0001264    -1.46   0.152     -.000438    .0000698
    L12treat |  -.0001979   .0000798    -2.48   0.016    -.0003581   -.0000377
    L16treat |  -.0002718   .0001212    -2.24   0.029    -.0005152   -.0000284
       _cons |   .0034896   .0000368    94.85   0.000     .0034157    .0035635
------------------------------------------------------------------------------

Absorbed degrees of freedom:
-----------------------------------------------------+
 Absorbed FE | Categories  - Redundant  = Num. Coefs |
-------------+---------------------------------------|
    statenum |        51          51           0    *|
 quarterdate |       142           1         141     |
    postcont |         8           1           7     |
   postcontf |         4           1           3    ?|
     precont |         4           1           3    ?|
    precontf |         3           1           2    ?|
   earlycont |         5           1           4    ?|
  earlycontf |         3           1           2    ?|
-----------------------------------------------------+
? = number of redundant parameters may be higher
* = FE nested within cluster; treated as redundant for DoF computation

 ( 1)  - 17.00953*F4treat + 3.401905*treat + 3.401905*L4treat +
       3.401905*L8treat + 3.401905*L12treat + 3.401905*L16treat = 0

------------------------------------------------------------------------------
sixth_per~24 | Coefficient  Std. err.      t    P>|t|     [95% conf. interval]
-------------+----------------------------------------------------------------
         (1) |    .001441   .0027203     0.53   0.599    -.0040229    .0069049
------------------------------------------------------------------------------
(MWFE estimator converged in 16 iterations)

HDFE Linear regression                            Number of obs   =      7,242
Absorbing 8 HDFE groups                           F(   8,     50) =       4.06
Statistics robust to heteroskedasticity           Prob > F        =     0.0009
                                                  R-squared       =     0.3938
                                                  Adj R-squared   =     0.3748
                                                  Within R-sq.    =     0.0085
Number of clusters (statenum) =         51        Root MSE        =     0.0017

                              (Std. err. adjusted for 51 clusters in statenum)
------------------------------------------------------------------------------
             |               Robust
sixth_per~25 | Coefficient  std. err.      t    P>|t|     [95% conf. interval]
-------------+----------------------------------------------------------------
    F12treat |  -.0002356   .0000968    -2.43   0.019    -.0004299   -.0000412
     F8treat |  -.0002045   .0001102    -1.86   0.069    -.0004258    .0000169
     F4treat |  -.0001111   .0001199    -0.93   0.359    -.0003518    .0001297
       treat |  -.0003765   .0001169    -3.22   0.002    -.0006114   -.0001416
     L4treat |  -.0001009   .0000631    -1.60   0.116    -.0002277    .0000258
     L8treat |  -.0004297   .0001044    -4.12   0.000    -.0006394     -.00022
    L12treat |  -.0001699   .0001312    -1.29   0.201    -.0004335    .0000937
    L16treat |  -.0002325   .0000907    -2.56   0.013    -.0004148   -.0000502
       _cons |   .0031839   .0000342    93.11   0.000     .0031152    .0032526
------------------------------------------------------------------------------

Absorbed degrees of freedom:
-----------------------------------------------------+
 Absorbed FE | Categories  - Redundant  = Num. Coefs |
-------------+---------------------------------------|
    statenum |        51          51           0    *|
 quarterdate |       142           1         141     |
    postcont |         8           1           7     |
   postcontf |         4           1           3    ?|
     precont |         4           1           3    ?|
    precontf |         3           1           2    ?|
   earlycont |         5           1           4    ?|
  earlycontf |         3           1           2    ?|
-----------------------------------------------------+
? = number of redundant parameters may be higher
* = FE nested within cluster; treated as redundant for DoF computation

 ( 1)  - 17.00953*F4treat + 3.401905*treat + 3.401905*L4treat +
       3.401905*L8treat + 3.401905*L12treat + 3.401905*L16treat = 0

------------------------------------------------------------------------------
sixth_per~25 | Coefficient  Std. err.      t    P>|t|     [95% conf. interval]
-------------+----------------------------------------------------------------
         (1) |  -.0025657   .0022093    -1.16   0.251    -.0070032    .0018718
------------------------------------------------------------------------------
(MWFE estimator converged in 16 iterations)

HDFE Linear regression                            Number of obs   =      7,242
Absorbing 8 HDFE groups                           F(   8,     50) =       3.02
Statistics robust to heteroskedasticity           Prob > F        =     0.0076
                                                  R-squared       =     0.3967
                                                  Adj R-squared   =     0.3778
                                                  Within R-sq.    =     0.0041
Number of clusters (statenum) =         51        Root MSE        =     0.0016

                              (Std. err. adjusted for 51 clusters in statenum)
------------------------------------------------------------------------------
             |               Robust
sixth_per~26 | Coefficient  std. err.      t    P>|t|     [95% conf. interval]
-------------+----------------------------------------------------------------
    F12treat |  -.0001227   .0000773    -1.59   0.119     -.000278    .0000325
     F8treat |  -.0001479    .000066    -2.24   0.029    -.0002804   -.0000154
     F4treat |  -.0001742   .0001212    -1.44   0.157    -.0004176    .0000692
       treat |  -.0000809   .0000725    -1.12   0.270    -.0002267    .0000648
     L4treat |  -.0000643   .0000951    -0.68   0.502    -.0002553    .0001268
     L8treat |  -.0001489   .0001064    -1.40   0.168    -.0003626    .0000648
    L12treat |  -.0002977   .0001162    -2.56   0.013    -.0005312   -.0000643
    L16treat |   .0000866   .0001097     0.79   0.434    -.0001338    .0003069
       _cons |   .0026781   .0000224   119.79   0.000     .0026332     .002723
------------------------------------------------------------------------------

Absorbed degrees of freedom:
-----------------------------------------------------+
 Absorbed FE | Categories  - Redundant  = Num. Coefs |
-------------+---------------------------------------|
    statenum |        51          51           0    *|
 quarterdate |       142           1         141     |
    postcont |         8           1           7     |
   postcontf |         4           1           3    ?|
     precont |         4           1           3    ?|
    precontf |         3           1           2    ?|
   earlycont |         5           1           4    ?|
  earlycontf |         3           1           2    ?|
-----------------------------------------------------+
? = number of redundant parameters may be higher
* = FE nested within cluster; treated as redundant for DoF computation

 ( 1)  - 17.00953*F4treat + 3.401905*treat + 3.401905*L4treat +
       3.401905*L8treat + 3.401905*L12treat + 3.401905*L16treat = 0

------------------------------------------------------------------------------
sixth_per~26 | Coefficient  Std. err.      t    P>|t|     [95% conf. interval]
-------------+----------------------------------------------------------------
         (1) |    .001244    .002034     0.61   0.544    -.0028413    .0053294
------------------------------------------------------------------------------
(MWFE estimator converged in 16 iterations)

HDFE Linear regression                            Number of obs   =      7,242
Absorbing 8 HDFE groups                           F(   8,     50) =       4.30
Statistics robust to heteroskedasticity           Prob > F        =     0.0005
                                                  R-squared       =     0.3783
                                                  Adj R-squared   =     0.3589
                                                  Within R-sq.    =     0.0075
Number of clusters (statenum) =         51        Root MSE        =     0.0014

                              (Std. err. adjusted for 51 clusters in statenum)
------------------------------------------------------------------------------
             |               Robust
sixth_per~27 | Coefficient  std. err.      t    P>|t|     [95% conf. interval]
-------------+----------------------------------------------------------------
    F12treat |  -.0001346   .0000769    -1.75   0.086    -.0002891    .0000199
     F8treat |  -.0001753   .0000639    -2.74   0.008    -.0003036    -.000047
     F4treat |   .0000331   .0000693     0.48   0.635    -.0001062    .0001724
       treat |  -.0003527   .0001033    -3.41   0.001    -.0005603   -.0001451
     L4treat |  -.0001022   .0000784    -1.30   0.198    -.0002596    .0000552
     L8treat |  -.0002653   .0000943    -2.81   0.007    -.0004546   -.0000759
    L12treat |   .0001895   .0000886     2.14   0.037     .0000114    .0003675
    L16treat |  -.0001112   .0000619    -1.80   0.078    -.0002355    .0000131
       _cons |   .0022936   .0000207   110.76   0.000      .002252    .0023352
------------------------------------------------------------------------------

Absorbed degrees of freedom:
-----------------------------------------------------+
 Absorbed FE | Categories  - Redundant  = Num. Coefs |
-------------+---------------------------------------|
    statenum |        51          51           0    *|
 quarterdate |       142           1         141     |
    postcont |         8           1           7     |
   postcontf |         4           1           3    ?|
     precont |         4           1           3    ?|
    precontf |         3           1           2    ?|
   earlycont |         5           1           4    ?|
  earlycontf |         3           1           2    ?|
-----------------------------------------------------+
? = number of redundant parameters may be higher
* = FE nested within cluster; treated as redundant for DoF computation

 ( 1)  - 17.00953*F4treat + 3.401905*treat + 3.401905*L4treat +
       3.401905*L8treat + 3.401905*L12treat + 3.401905*L16treat = 0

------------------------------------------------------------------------------
sixth_per~27 | Coefficient  Std. err.      t    P>|t|     [95% conf. interval]
-------------+----------------------------------------------------------------
         (1) |  -.0027467   .0010936    -2.51   0.015    -.0049432   -.0005501
------------------------------------------------------------------------------
(MWFE estimator converged in 16 iterations)

HDFE Linear regression                            Number of obs   =      7,242
Absorbing 8 HDFE groups                           F(   8,     50) =       6.66
Statistics robust to heteroskedasticity           Prob > F        =     0.0000
                                                  R-squared       =     0.3305
                                                  Adj R-squared   =     0.3095
                                                  Within R-sq.    =     0.0038
Number of clusters (statenum) =         51        Root MSE        =     0.0013

                              (Std. err. adjusted for 51 clusters in statenum)
------------------------------------------------------------------------------
             |               Robust
sixth_per~28 | Coefficient  std. err.      t    P>|t|     [95% conf. interval]
-------------+----------------------------------------------------------------
    F12treat |  -.0001642    .000057    -2.88   0.006    -.0002786   -.0000498
     F8treat |  -.0000897   .0000612    -1.46   0.149    -.0002126    .0000333
     F4treat |  -.0000273   .0001107    -0.25   0.806    -.0002497    .0001952
       treat |  -.0000645   .0000765    -0.84   0.404    -.0002182    .0000893
     L4treat |  -.0001343   .0001365    -0.98   0.330    -.0004086    .0001399
     L8treat |  -.0001488    .000097    -1.53   0.131    -.0003436     .000046
    L12treat |   .0000331   .0000697     0.48   0.637    -.0001069    .0001732
    L16treat |  -.0002428   .0000515    -4.71   0.000    -.0003463   -.0001393
       _cons |   .0018667   .0000194    96.20   0.000     .0018277    .0019057
------------------------------------------------------------------------------

Absorbed degrees of freedom:
-----------------------------------------------------+
 Absorbed FE | Categories  - Redundant  = Num. Coefs |
-------------+---------------------------------------|
    statenum |        51          51           0    *|
 quarterdate |       142           1         141     |
    postcont |         8           1           7     |
   postcontf |         4           1           3    ?|
     precont |         4           1           3    ?|
    precontf |         3           1           2    ?|
   earlycont |         5           1           4    ?|
  earlycontf |         3           1           2    ?|
-----------------------------------------------------+
? = number of redundant parameters may be higher
* = FE nested within cluster; treated as redundant for DoF computation

 ( 1)  - 17.00953*F4treat + 3.401905*treat + 3.401905*L4treat +
       3.401905*L8treat + 3.401905*L12treat + 3.401905*L16treat = 0

------------------------------------------------------------------------------
sixth_per~28 | Coefficient  Std. err.      t    P>|t|     [95% conf. interval]
-------------+----------------------------------------------------------------
         (1) |  -.0014317   .0020226    -0.71   0.482    -.0054942    .0026307
------------------------------------------------------------------------------
(MWFE estimator converged in 16 iterations)

HDFE Linear regression                            Number of obs   =      7,242
Absorbing 8 HDFE groups                           F(   8,     50) =       9.04
Statistics robust to heteroskedasticity           Prob > F        =     0.0000
                                                  R-squared       =     0.3220
                                                  Adj R-squared   =     0.3008
                                                  Within R-sq.    =     0.0080
Number of clusters (statenum) =         51        Root MSE        =     0.0012

                              (Std. err. adjusted for 51 clusters in statenum)
------------------------------------------------------------------------------
             |               Robust
sixth_per~29 | Coefficient  std. err.      t    P>|t|     [95% conf. interval]
-------------+----------------------------------------------------------------
    F12treat |  -.0002074   .0000741    -2.80   0.007    -.0003562   -.0000587
     F8treat |  -.0002541   .0000717    -3.55   0.001    -.0003981   -.0001102
     F4treat |   -.000073   .0000508    -1.44   0.157    -.0001752    .0000291
       treat |  -.0000867   .0000478    -1.81   0.076    -.0001828    9.35e-06
     L4treat |  -.0000313   .0001226    -0.26   0.799    -.0002775    .0002149
     L8treat |  -.0002205   .0000604    -3.65   0.001    -.0003419   -.0000991
    L12treat |  -.0002371   .0000931    -2.55   0.014    -.0004242   -.0000501
    L16treat |  -.0000878   .0000934    -0.94   0.352    -.0002754    .0000999
       _cons |   .0017653   .0000284    62.25   0.000     .0017083    .0018222
------------------------------------------------------------------------------

Absorbed degrees of freedom:
-----------------------------------------------------+
 Absorbed FE | Categories  - Redundant  = Num. Coefs |
-------------+---------------------------------------|
    statenum |        51          51           0    *|
 quarterdate |       142           1         141     |
    postcont |         8           1           7     |
   postcontf |         4           1           3    ?|
     precont |         4           1           3    ?|
    precontf |         3           1           2    ?|
   earlycont |         5           1           4    ?|
  earlycontf |         3           1           2    ?|
-----------------------------------------------------+
? = number of redundant parameters may be higher
* = FE nested within cluster; treated as redundant for DoF computation

 ( 1)  - 17.00953*F4treat + 3.401905*treat + 3.401905*L4treat +
       3.401905*L8treat + 3.401905*L12treat + 3.401905*L16treat = 0

------------------------------------------------------------------------------
sixth_per~29 | Coefficient  Std. err.      t    P>|t|     [95% conf. interval]
-------------+----------------------------------------------------------------
         (1) |  -.0010143   .0009618    -1.05   0.297    -.0029462    .0009176
------------------------------------------------------------------------------
(MWFE estimator converged in 16 iterations)

HDFE Linear regression                            Number of obs   =      7,242
Absorbing 8 HDFE groups                           F(   8,     50) =       0.69
Statistics robust to heteroskedasticity           Prob > F        =     0.6957
                                                  R-squared       =     0.6834
                                                  Adj R-squared   =     0.6735
                                                  Within R-sq.    =     0.0010
Number of clusters (statenum) =         51        Root MSE        =     0.0037

                              (Std. err. adjusted for 51 clusters in statenum)
------------------------------------------------------------------------------
             |               Robust
sixth_per~30 | Coefficient  std. err.      t    P>|t|     [95% conf. interval]
-------------+----------------------------------------------------------------
    F12treat |  -.0000404   .0002793    -0.14   0.886    -.0006015    .0005207
     F8treat |   .0000447    .000316     0.14   0.888      -.00059    .0006794
     F4treat |  -.0004431    .000429    -1.03   0.307    -.0013047    .0004186
       treat |   .0001382   .0002704     0.51   0.611    -.0004049    .0006814
     L4treat |   .0000535   .0002742     0.19   0.846    -.0004973    .0006042
     L8treat |  -.0000681   .0002737    -0.25   0.804    -.0006178    .0004815
    L12treat |  -.0000463   .0003651    -0.13   0.900    -.0007796    .0006871
    L16treat |    .000159   .0004162     0.38   0.704     -.000677     .000995
       _cons |   .0107835   .0001254    85.97   0.000     .0105315    .0110354
------------------------------------------------------------------------------

Absorbed degrees of freedom:
-----------------------------------------------------+
 Absorbed FE | Categories  - Redundant  = Num. Coefs |
-------------+---------------------------------------|
    statenum |        51          51           0    *|
 quarterdate |       142           1         141     |
    postcont |         8           1           7     |
   postcontf |         4           1           3    ?|
     precont |         4           1           3    ?|
    precontf |         3           1           2    ?|
   earlycont |         5           1           4    ?|
  earlycontf |         3           1           2    ?|
-----------------------------------------------------+
? = number of redundant parameters may be higher
* = FE nested within cluster; treated as redundant for DoF computation

 ( 1)  - 17.00953*F4treat + 3.401905*treat + 3.401905*L4treat +
       3.401905*L8treat + 3.401905*L12treat + 3.401905*L16treat = 0

------------------------------------------------------------------------------
sixth_per~30 | Coefficient  Std. err.      t    P>|t|     [95% conf. interval]
-------------+----------------------------------------------------------------
         (1) |   .0083401   .0088226     0.95   0.349    -.0093806    .0260607
------------------------------------------------------------------------------

 ( 1)  - 17.00953*F4treat + 3.401905*treat + 3.401905*L4treat +
       3.401905*L8treat + 3.401905*L12treat + 3.401905*L16treat = 0

------------------------------------------------------------------------------
  sixth_epop | Coefficient  Std. err.      t    P>|t|     [95% conf. interval]
-------------+----------------------------------------------------------------
         (1) |   .0450432   .0263386     1.71   0.093    -.0078594    .0979457
------------------------------------------------------------------------------
(7,751 missing values generated)
(29 real changes made)
file
    /Users/brycewang/Documents/GitHub/top5-Econ-Paper-Replications/QJE2019-Mi
    > nimum-Wages-Low-Wage-Jobs/Results/Figures/FigureG2_b.pdf saved as PDF
    format

    Variable |     Obs      Weight        Mean   Std. dev.       Min        Max
-------------+-----------------------------------------------------------------
    DMW_real |     137   677763561    .8028209   .4050374   .2514448   2.193727

    Variable |     Obs      Weight        Mean   Std. dev.       Min        Max
-------------+-----------------------------------------------------------------
     MW_real |     138   682035582    7.686473   .8686171   6.075942   10.49291
(MWFE estimator converged in 16 iterations)

HDFE Linear regression                            Number of obs   =      7,242
Absorbing 8 HDFE groups                           F(   8,     50) =       1.18
Statistics robust to heteroskedasticity           Prob > F        =     0.3318
                                                  R-squared       =     0.1205
                                                  Adj R-squared   =     0.0930
                                                  Within R-sq.    =     0.0017
Number of clusters (statenum) =         51        Root MSE        =     0.0007

                              (Std. err. adjusted for 51 clusters in statenum)
------------------------------------------------------------------------------
             |               Robust
fifth_per~p1 | Coefficient  std. err.      t    P>|t|     [95% conf. interval]
-------------+----------------------------------------------------------------
    F12treat |  -.0000327   .0000307    -1.07   0.292    -.0000943    .0000289
     F8treat |   5.92e-06   .0000429     0.14   0.891    -.0000802     .000092
     F4treat |  -.0000428   .0000374    -1.14   0.258     -.000118    .0000323
       treat |   .0000495   .0000664     0.74   0.460    -.0000839    .0001829
     L4treat |   .0000799   .0000579     1.38   0.174    -.0000364    .0001963
     L8treat |   6.72e-06   .0000635     0.11   0.916    -.0001207    .0001342
    L12treat |   .0000736   .0000551     1.34   0.188    -.0000371    .0001842
    L16treat |  -5.29e-06   .0000606    -0.09   0.931    -.0001271    .0001165
       _cons |    .000352   .0000107    33.00   0.000     .0003305    .0003734
------------------------------------------------------------------------------

Absorbed degrees of freedom:
-----------------------------------------------------+
 Absorbed FE | Categories  - Redundant  = Num. Coefs |
-------------+---------------------------------------|
    statenum |        51          51           0    *|
 quarterdate |       142           1         141     |
    postcont |         8           1           7     |
   postcontf |         4           1           3    ?|
     precont |         4           1           3    ?|
    precontf |         3           1           2    ?|
   earlycont |         5           1           4    ?|
  earlycontf |         3           1           2    ?|
-----------------------------------------------------+
? = number of redundant parameters may be higher
* = FE nested within cluster; treated as redundant for DoF computation

 ( 1)  - 17.00953*F4treat + 3.401905*treat + 3.401905*L4treat +
       3.401905*L8treat + 3.401905*L12treat + 3.401905*L16treat = 0

------------------------------------------------------------------------------
fifth_per~p1 | Coefficient  Std. err.      t    P>|t|     [95% conf. interval]
-------------+----------------------------------------------------------------
         (1) |   .0014236   .0007133     2.00   0.051    -9.02e-06    .0028563
------------------------------------------------------------------------------
(MWFE estimator converged in 16 iterations)

HDFE Linear regression                            Number of obs   =      7,242
Absorbing 8 HDFE groups                           F(   8,     50) =       3.44
Statistics robust to heteroskedasticity           Prob > F        =     0.0031
                                                  R-squared       =     0.1248
                                                  Adj R-squared   =     0.0974
                                                  Within R-sq.    =     0.0111
Number of clusters (statenum) =         51        Root MSE        =     0.0007

                              (Std. err. adjusted for 51 clusters in statenum)
------------------------------------------------------------------------------
             |               Robust
fifth_per~p2 | Coefficient  std. err.      t    P>|t|     [95% conf. interval]
-------------+----------------------------------------------------------------
    F12treat |  -.0000209   .0000429    -0.49   0.628     -.000107    .0000652
     F8treat |  -.0000221   .0000395    -0.56   0.579    -.0001014    .0000573
     F4treat |  -1.90e-06     .00005    -0.04   0.970    -.0001023    .0000985
       treat |  -.0001408   .0000369    -3.81   0.000     -.000215   -.0000666
     L4treat |     -.0001    .000051    -1.96   0.056    -.0002024    2.46e-06
     L8treat |  -.0001314   .0000509    -2.58   0.013    -.0002337   -.0000291
    L12treat |   -.000164   .0000515    -3.18   0.003    -.0002675   -.0000604
    L16treat |  -.0001855   .0000522    -3.56   0.001    -.0002903   -.0000808
       _cons |   .0004252   .0000172    24.77   0.000     .0003907    .0004597
------------------------------------------------------------------------------

Absorbed degrees of freedom:
-----------------------------------------------------+
 Absorbed FE | Categories  - Redundant  = Num. Coefs |
-------------+---------------------------------------|
    statenum |        51          51           0    *|
 quarterdate |       142           1         141     |
    postcont |         8           1           7     |
   postcontf |         4           1           3    ?|
     precont |         4           1           3    ?|
    precontf |         3           1           2    ?|
   earlycont |         5           1           4    ?|
  earlycontf |         3           1           2    ?|
-----------------------------------------------------+
? = number of redundant parameters may be higher
* = FE nested within cluster; treated as redundant for DoF computation

 ( 1)  - 17.00953*F4treat + 3.401905*treat + 3.401905*L4treat +
       3.401905*L8treat + 3.401905*L12treat + 3.401905*L16treat = 0

------------------------------------------------------------------------------
fifth_per~p2 | Coefficient  Std. err.      t    P>|t|     [95% conf. interval]
-------------+----------------------------------------------------------------
         (1) |  -.0024228   .0010318    -2.35   0.023    -.0044951   -.0003504
------------------------------------------------------------------------------
(MWFE estimator converged in 16 iterations)

HDFE Linear regression                            Number of obs   =      7,242
Absorbing 8 HDFE groups                           F(   8,     50) =       1.04
Statistics robust to heteroskedasticity           Prob > F        =     0.4183
                                                  R-squared       =     0.1319
                                                  Adj R-squared   =     0.1047
                                                  Within R-sq.    =     0.0006
Number of clusters (statenum) =         51        Root MSE        =     0.0007

                              (Std. err. adjusted for 51 clusters in statenum)
------------------------------------------------------------------------------
             |               Robust
fifth_per~p3 | Coefficient  std. err.      t    P>|t|     [95% conf. interval]
-------------+----------------------------------------------------------------
    F12treat |   8.13e-06   .0000385     0.21   0.834    -.0000693    .0000856
     F8treat |  -.0000574   .0000273    -2.10   0.041    -.0001123   -2.51e-06
     F4treat |   .0000496   .0000324     1.53   0.133    -.0000155    .0001147
       treat |  -.0000185   .0000342    -0.54   0.591    -.0000872    .0000502
     L4treat |  -8.50e-06   .0000373    -0.23   0.821    -.0000833    .0000663
     L8treat |   3.55e-06   .0000509     0.07   0.945    -.0000986    .0001057
    L12treat |  -3.02e-06    .000038    -0.08   0.937    -.0000794    .0000734
    L16treat |  -7.84e-06   .0000455    -0.17   0.864    -.0000992    .0000836
       _cons |   .0004709   .0000129    36.59   0.000      .000445    .0004967
------------------------------------------------------------------------------

Absorbed degrees of freedom:
-----------------------------------------------------+
 Absorbed FE | Categories  - Redundant  = Num. Coefs |
-------------+---------------------------------------|
    statenum |        51          51           0    *|
 quarterdate |       142           1         141     |
    postcont |         8           1           7     |
   postcontf |         4           1           3    ?|
     precont |         4           1           3    ?|
    precontf |         3           1           2    ?|
   earlycont |         5           1           4    ?|
  earlycontf |         3           1           2    ?|
-----------------------------------------------------+
? = number of redundant parameters may be higher
* = FE nested within cluster; treated as redundant for DoF computation

 ( 1)  - 17.00953*F4treat + 3.401905*treat + 3.401905*L4treat +
       3.401905*L8treat + 3.401905*L12treat + 3.401905*L16treat = 0

------------------------------------------------------------------------------
fifth_per~p3 | Coefficient  Std. err.      t    P>|t|     [95% conf. interval]
-------------+----------------------------------------------------------------
         (1) |  -.0009598   .0006086    -1.58   0.121    -.0021821    .0002625
------------------------------------------------------------------------------
(MWFE estimator converged in 16 iterations)

HDFE Linear regression                            Number of obs   =      7,242
Absorbing 8 HDFE groups                           F(   8,     50) =       5.06
Statistics robust to heteroskedasticity           Prob > F        =     0.0001
                                                  R-squared       =     0.1116
                                                  Adj R-squared   =     0.0838
                                                  Within R-sq.    =     0.0060
Number of clusters (statenum) =         51        Root MSE        =     0.0007

                              (Std. err. adjusted for 51 clusters in statenum)
------------------------------------------------------------------------------
             |               Robust
fifth_per~p4 | Coefficient  std. err.      t    P>|t|     [95% conf. interval]
-------------+----------------------------------------------------------------
    F12treat |   .0000174   .0000536     0.33   0.746    -.0000902    .0001251
     F8treat |  -.0000234   .0000347    -0.67   0.505    -.0000932    .0000464
     F4treat |  -.0000603     .00005    -1.21   0.233    -.0001607      .00004
       treat |   .0000774   .0000507     1.53   0.133    -.0000245    .0001793
     L4treat |   .0000292    .000037     0.79   0.433     -.000045    .0001034
     L8treat |  -.0000559   .0000668    -0.84   0.407      -.00019    .0000783
    L12treat |   .0001096   .0000323     3.39   0.001     .0000447    .0001744
    L16treat |   .0001641    .000041     4.00   0.000     .0000817    .0002465
       _cons |   .0004973   .0000155    32.11   0.000     .0004662    .0005284
------------------------------------------------------------------------------

Absorbed degrees of freedom:
-----------------------------------------------------+
 Absorbed FE | Categories  - Redundant  = Num. Coefs |
-------------+---------------------------------------|
    statenum |        51          51           0    *|
 quarterdate |       142           1         141     |
    postcont |         8           1           7     |
   postcontf |         4           1           3    ?|
     precont |         4           1           3    ?|
    precontf |         3           1           2    ?|
   earlycont |         5           1           4    ?|
  earlycontf |         3           1           2    ?|
-----------------------------------------------------+
? = number of redundant parameters may be higher
* = FE nested within cluster; treated as redundant for DoF computation

 ( 1)  - 17.00953*F4treat + 3.401905*treat + 3.401905*L4treat +
       3.401905*L8treat + 3.401905*L12treat + 3.401905*L16treat = 0

------------------------------------------------------------------------------
fifth_per~p4 | Coefficient  Std. err.      t    P>|t|     [95% conf. interval]
-------------+----------------------------------------------------------------
         (1) |   .0021299   .0007903     2.69   0.010     .0005425    .0037173
------------------------------------------------------------------------------
(MWFE estimator converged in 16 iterations)

HDFE Linear regression                            Number of obs   =      7,242
Absorbing 8 HDFE groups                           F(   8,     50) =       2.64
Statistics robust to heteroskedasticity           Prob > F        =     0.0170
                                                  R-squared       =     0.1045
                                                  Adj R-squared   =     0.0764
                                                  Within R-sq.    =     0.0048
Number of clusters (statenum) =         51        Root MSE        =     0.0008

                              (Std. err. adjusted for 51 clusters in statenum)
------------------------------------------------------------------------------
             |               Robust
fifth_per~p5 | Coefficient  std. err.      t    P>|t|     [95% conf. interval]
-------------+----------------------------------------------------------------
    F12treat |   .0000426   .0000495     0.86   0.393    -.0000568     .000142
     F8treat |    .000089   .0000655     1.36   0.180    -.0000426    .0002206
     F4treat |   .0000839   .0000431     1.94   0.057    -2.75e-06    .0001706
       treat |  -.0000215    .000037    -0.58   0.564    -.0000959    .0000529
     L4treat |   .0000859   .0000519     1.65   0.105    -.0000184    .0001902
     L8treat |    .000087   .0000358     2.43   0.019     .0000151    .0001589
    L12treat |   .0000944   .0000731     1.29   0.203    -.0000525    .0002413
    L16treat |   .0001508   .0000718     2.10   0.041     6.52e-06    .0002951
       _cons |   .0006181   .0000183    33.78   0.000     .0005814    .0006549
------------------------------------------------------------------------------

Absorbed degrees of freedom:
-----------------------------------------------------+
 Absorbed FE | Categories  - Redundant  = Num. Coefs |
-------------+---------------------------------------|
    statenum |        51          51           0    *|
 quarterdate |       142           1         141     |
    postcont |         8           1           7     |
   postcontf |         4           1           3    ?|
     precont |         4           1           3    ?|
    precontf |         3           1           2    ?|
   earlycont |         5           1           4    ?|
  earlycontf |         3           1           2    ?|
-----------------------------------------------------+
? = number of redundant parameters may be higher
* = FE nested within cluster; treated as redundant for DoF computation

 ( 1)  - 17.00953*F4treat + 3.401905*treat + 3.401905*L4treat +
       3.401905*L8treat + 3.401905*L12treat + 3.401905*L16treat = 0

------------------------------------------------------------------------------
fifth_per~p5 | Coefficient  Std. err.      t    P>|t|     [95% conf. interval]
-------------+----------------------------------------------------------------
         (1) |  -.0000782    .000724    -0.11   0.914    -.0015324     .001376
------------------------------------------------------------------------------
(MWFE estimator converged in 16 iterations)

HDFE Linear regression                            Number of obs   =      7,242
Absorbing 8 HDFE groups                           F(   8,     50) =       3.33
Statistics robust to heteroskedasticity           Prob > F        =     0.0039
                                                  R-squared       =     0.3278
                                                  Adj R-squared   =     0.3067
                                                  Within R-sq.    =     0.0114
Number of clusters (statenum) =         51        Root MSE        =     0.0012

                              (Std. err. adjusted for 51 clusters in statenum)
------------------------------------------------------------------------------
             |               Robust
fifth_per~p6 | Coefficient  std. err.      t    P>|t|     [95% conf. interval]
-------------+----------------------------------------------------------------
    F12treat |    .000188   .0000607     3.10   0.003      .000066      .00031
     F8treat |    .000233   .0000751     3.10   0.003     .0000821     .000384
     F4treat |   .0003754   .0000922     4.07   0.000     .0001902    .0005606
       treat |  -.0000369   .0000495    -0.75   0.460    -.0001364    .0000626
     L4treat |   .0000296   .0000528     0.56   0.578    -.0000765    .0001356
     L8treat |  -.0000823   .0000873    -0.94   0.350    -.0002576    .0000929
    L12treat |  -.0000365   .0000638    -0.57   0.570    -.0001646    .0000917
    L16treat |  -.0001522   .0001079    -1.41   0.165     -.000369    .0000645
       _cons |   .0012377   .0000175    70.72   0.000     .0012026    .0012729
------------------------------------------------------------------------------

Absorbed degrees of freedom:
-----------------------------------------------------+
 Absorbed FE | Categories  - Redundant  = Num. Coefs |
-------------+---------------------------------------|
    statenum |        51          51           0    *|
 quarterdate |       142           1         141     |
    postcont |         8           1           7     |
   postcontf |         4           1           3    ?|
     precont |         4           1           3    ?|
    precontf |         3           1           2    ?|
   earlycont |         5           1           4    ?|
  earlycontf |         3           1           2    ?|
-----------------------------------------------------+
? = number of redundant parameters may be higher
* = FE nested within cluster; treated as redundant for DoF computation

 ( 1)  - 17.00953*F4treat + 3.401905*treat + 3.401905*L4treat +
       3.401905*L8treat + 3.401905*L12treat + 3.401905*L16treat = 0

------------------------------------------------------------------------------
fifth_per~p6 | Coefficient  Std. err.      t    P>|t|     [95% conf. interval]
-------------+----------------------------------------------------------------
         (1) |  -.0073324   .0021507    -3.41   0.001    -.0116522   -.0030126
------------------------------------------------------------------------------
(MWFE estimator converged in 16 iterations)

HDFE Linear regression                            Number of obs   =      7,242
Absorbing 8 HDFE groups                           F(   8,     50) =       4.98
Statistics robust to heteroskedasticity           Prob > F        =     0.0001
                                                  R-squared       =     0.4411
                                                  Adj R-squared   =     0.4236
                                                  Within R-sq.    =     0.0073
Number of clusters (statenum) =         51        Root MSE        =     0.0019

                              (Std. err. adjusted for 51 clusters in statenum)
------------------------------------------------------------------------------
             |               Robust
fifth_per~p7 | Coefficient  std. err.      t    P>|t|     [95% conf. interval]
-------------+----------------------------------------------------------------
    F12treat |   .0001668   .0001938     0.86   0.393    -.0002224     .000556
     F8treat |   .0003188   .0001178     2.71   0.009     .0000823    .0005554
     F4treat |   .0002606   .0000853     3.06   0.004     .0000893    .0004318
       treat |  -.0001313   .0000902    -1.45   0.152    -.0003125    .0000499
     L4treat |  -.0001821   .0000999    -1.82   0.074    -.0003828    .0000186
     L8treat |  -.0000179   .0000967    -0.18   0.854    -.0002121    .0001763
    L12treat |   -.000253   .0001149    -2.20   0.032    -.0004838   -.0000223
    L16treat |  -.0003591   .0001176    -3.05   0.004    -.0005953   -.0001228
       _cons |   .0032238   .0000401    80.40   0.000     .0031432    .0033043
------------------------------------------------------------------------------

Absorbed degrees of freedom:
-----------------------------------------------------+
 Absorbed FE | Categories  - Redundant  = Num. Coefs |
-------------+---------------------------------------|
    statenum |        51          51           0    *|
 quarterdate |       142           1         141     |
    postcont |         8           1           7     |
   postcontf |         4           1           3    ?|
     precont |         4           1           3    ?|
    precontf |         3           1           2    ?|
   earlycont |         5           1           4    ?|
  earlycontf |         3           1           2    ?|
-----------------------------------------------------+
? = number of redundant parameters may be higher
* = FE nested within cluster; treated as redundant for DoF computation

 ( 1)  - 17.00953*F4treat + 3.401905*treat + 3.401905*L4treat +
       3.401905*L8treat + 3.401905*L12treat + 3.401905*L16treat = 0

------------------------------------------------------------------------------
fifth_per~p7 | Coefficient  Std. err.      t    P>|t|     [95% conf. interval]
-------------+----------------------------------------------------------------
         (1) |  -.0076412   .0018375    -4.16   0.000     -.011332   -.0039504
------------------------------------------------------------------------------
(MWFE estimator converged in 16 iterations)

HDFE Linear regression                            Number of obs   =      7,242
Absorbing 8 HDFE groups                           F(   8,     50) =       5.34
Statistics robust to heteroskedasticity           Prob > F        =     0.0001
                                                  R-squared       =     0.3998
                                                  Adj R-squared   =     0.3810
                                                  Within R-sq.    =     0.0171
Number of clusters (statenum) =         51        Root MSE        =     0.0024

                              (Std. err. adjusted for 51 clusters in statenum)
------------------------------------------------------------------------------
             |               Robust
fifth_per~p8 | Coefficient  std. err.      t    P>|t|     [95% conf. interval]
-------------+----------------------------------------------------------------
    F12treat |   .0006418   .0001947     3.30   0.002     .0002507     .001033
     F8treat |   .0005349   .0001449     3.69   0.001     .0002439    .0008259
     F4treat |    .000338   .0001695     1.99   0.052    -2.54e-06    .0006785
       treat |   .0000719   .0001484     0.48   0.630    -.0002261    .0003698
     L4treat |    .000393   .0002016     1.95   0.057    -.0000118    .0007978
     L8treat |   .0006185   .0001635     3.78   0.000     .0002901     .000947
    L12treat |   .0006154   .0002009     3.06   0.004     .0002118     .001019
    L16treat |   .0004998   .0001446     3.46   0.001     .0002093    .0007903
       _cons |   .0050617   .0000654    77.36   0.000     .0049303    .0051931
------------------------------------------------------------------------------

Absorbed degrees of freedom:
-----------------------------------------------------+
 Absorbed FE | Categories  - Redundant  = Num. Coefs |
-------------+---------------------------------------|
    statenum |        51          51           0    *|
 quarterdate |       142           1         141     |
    postcont |         8           1           7     |
   postcontf |         4           1           3    ?|
     precont |         4           1           3    ?|
    precontf |         3           1           2    ?|
   earlycont |         5           1           4    ?|
  earlycontf |         3           1           2    ?|
-----------------------------------------------------+
? = number of redundant parameters may be higher
* = FE nested within cluster; treated as redundant for DoF computation

 ( 1)  - 17.00953*F4treat + 3.401905*treat + 3.401905*L4treat +
       3.401905*L8treat + 3.401905*L12treat + 3.401905*L16treat = 0

------------------------------------------------------------------------------
fifth_per~p8 | Coefficient  Std. err.      t    P>|t|     [95% conf. interval]
-------------+----------------------------------------------------------------
         (1) |   .0017305   .0027935     0.62   0.538    -.0038805    .0073415
------------------------------------------------------------------------------
(MWFE estimator converged in 16 iterations)

HDFE Linear regression                            Number of obs   =      7,242
Absorbing 8 HDFE groups                           F(   8,     50) =       5.92
Statistics robust to heteroskedasticity           Prob > F        =     0.0000
                                                  R-squared       =     0.4229
                                                  Adj R-squared   =     0.4048
                                                  Within R-sq.    =     0.0078
Number of clusters (statenum) =         51        Root MSE        =     0.0026

                              (Std. err. adjusted for 51 clusters in statenum)
------------------------------------------------------------------------------
             |               Robust
fifth_per~p9 | Coefficient  std. err.      t    P>|t|     [95% conf. interval]
-------------+----------------------------------------------------------------
    F12treat |  -.0000643   .0001093    -0.59   0.559    -.0002839    .0001554
     F8treat |   .0001228    .000151     0.81   0.420    -.0001805    .0004261
     F4treat |  -.0000433   .0001291    -0.34   0.738    -.0003026    .0002159
       treat |   .0005193   .0001645     3.16   0.003     .0001889    .0008497
     L4treat |   .0004112   .0001691     2.43   0.019     .0000716    .0007508
     L8treat |   .0005025   .0001916     2.62   0.012     .0001176    .0008873
    L12treat |   .0004493   .0001949     2.30   0.025     .0000578    .0008409
    L16treat |   .0004384   .0001453     3.02   0.004     .0001466    .0007303
       _cons |   .0062162   .0000564   110.26   0.000      .006103    .0063295
------------------------------------------------------------------------------

Absorbed degrees of freedom:
-----------------------------------------------------+
 Absorbed FE | Categories  - Redundant  = Num. Coefs |
-------------+---------------------------------------|
    statenum |        51          51           0    *|
 quarterdate |       142           1         141     |
    postcont |         8           1           7     |
   postcontf |         4           1           3    ?|
     precont |         4           1           3    ?|
    precontf |         3           1           2    ?|
   earlycont |         5           1           4    ?|
  earlycontf |         3           1           2    ?|
-----------------------------------------------------+
? = number of redundant parameters may be higher
* = FE nested within cluster; treated as redundant for DoF computation

 ( 1)  - 17.00953*F4treat + 3.401905*treat + 3.401905*L4treat +
       3.401905*L8treat + 3.401905*L12treat + 3.401905*L16treat = 0

------------------------------------------------------------------------------
fifth_per~p9 | Coefficient  Std. err.      t    P>|t|     [95% conf. interval]
-------------+----------------------------------------------------------------
         (1) |   .0086321   .0027363     3.15   0.003     .0031361    .0141281
------------------------------------------------------------------------------
(MWFE estimator converged in 16 iterations)

HDFE Linear regression                            Number of obs   =      7,242
Absorbing 8 HDFE groups                           F(   8,     50) =       2.16
Statistics robust to heteroskedasticity           Prob > F        =     0.0469
                                                  R-squared       =     0.5047
                                                  Adj R-squared   =     0.4891
                                                  Within R-sq.    =     0.0019
Number of clusters (statenum) =         51        Root MSE        =     0.0029

                              (Std. err. adjusted for 51 clusters in statenum)
------------------------------------------------------------------------------
             |               Robust
fifth_per~10 | Coefficient  std. err.      t    P>|t|     [95% conf. interval]
-------------+----------------------------------------------------------------
    F12treat |  -.0000223   .0002565    -0.09   0.931    -.0005374    .0004929
     F8treat |  -.0002462   .0001831    -1.34   0.185    -.0006138    .0001215
     F4treat |   2.16e-06   .0002103     0.01   0.992    -.0004202    .0004245
       treat |   .0001222   .0001254     0.97   0.335    -.0001297     .000374
     L4treat |  -.0000967   .0001687    -0.57   0.569    -.0004355    .0002422
     L8treat |  -.0000522   .0001834    -0.28   0.777    -.0004205    .0003161
    L12treat |   .0003706   .0002352     1.58   0.121    -.0001017    .0008429
    L16treat |  -.0002989   .0002902    -1.03   0.308    -.0008817    .0002839
       _cons |   .0080419   .0000886    90.81   0.000      .007864    .0082198
------------------------------------------------------------------------------

Absorbed degrees of freedom:
-----------------------------------------------------+
 Absorbed FE | Categories  - Redundant  = Num. Coefs |
-------------+---------------------------------------|
    statenum |        51          51           0    *|
 quarterdate |       142           1         141     |
    postcont |         8           1           7     |
   postcontf |         4           1           3    ?|
     precont |         4           1           3    ?|
    precontf |         3           1           2    ?|
   earlycont |         5           1           4    ?|
  earlycontf |         3           1           2    ?|
-----------------------------------------------------+
? = number of redundant parameters may be higher
* = FE nested within cluster; treated as redundant for DoF computation

 ( 1)  - 17.00953*F4treat + 3.401905*treat + 3.401905*L4treat +
       3.401905*L8treat + 3.401905*L12treat + 3.401905*L16treat = 0

------------------------------------------------------------------------------
fifth_per~10 | Coefficient  Std. err.      t    P>|t|     [95% conf. interval]
-------------+----------------------------------------------------------------
         (1) |   .0001164   .0035163     0.03   0.974    -.0069463    .0071792
------------------------------------------------------------------------------
(MWFE estimator converged in 16 iterations)

HDFE Linear regression                            Number of obs   =      7,242
Absorbing 8 HDFE groups                           F(   8,     50) =       0.41
Statistics robust to heteroskedasticity           Prob > F        =     0.9113
                                                  R-squared       =     0.5214
                                                  Adj R-squared   =     0.5065
                                                  Within R-sq.    =     0.0003
Number of clusters (statenum) =         51        Root MSE        =     0.0029

                              (Std. err. adjusted for 51 clusters in statenum)
------------------------------------------------------------------------------
             |               Robust
fifth_per~11 | Coefficient  std. err.      t    P>|t|     [95% conf. interval]
-------------+----------------------------------------------------------------
    F12treat |   .0000792   .0001934     0.41   0.684    -.0003092    .0004676
     F8treat |   .0000673   .0001861     0.36   0.719    -.0003066    .0004411
     F4treat |   -.000137   .0002038    -0.67   0.505    -.0005463    .0002724
       treat |  -.0000105   .0002113    -0.05   0.961    -.0004349     .000414
     L4treat |  -.0000374   .0003419    -0.11   0.913    -.0007242    .0006493
     L8treat |   .0000368   .0002921     0.13   0.900      -.00055    .0006235
    L12treat |   .0000729   .0002069     0.35   0.726    -.0003426    .0004884
    L16treat |   .0000501   .0002546     0.20   0.845    -.0004613    .0005615
       _cons |   .0083288   .0001054    79.00   0.000      .008117    .0085405
------------------------------------------------------------------------------

Absorbed degrees of freedom:
-----------------------------------------------------+
 Absorbed FE | Categories  - Redundant  = Num. Coefs |
-------------+---------------------------------------|
    statenum |        51          51           0    *|
 quarterdate |       142           1         141     |
    postcont |         8           1           7     |
   postcontf |         4           1           3    ?|
     precont |         4           1           3    ?|
    precontf |         3           1           2    ?|
   earlycont |         5           1           4    ?|
  earlycontf |         3           1           2    ?|
-----------------------------------------------------+
? = number of redundant parameters may be higher
* = FE nested within cluster; treated as redundant for DoF computation

 ( 1)  - 17.00953*F4treat + 3.401905*treat + 3.401905*L4treat +
       3.401905*L8treat + 3.401905*L12treat + 3.401905*L16treat = 0

------------------------------------------------------------------------------
fifth_per~11 | Coefficient  Std. err.      t    P>|t|     [95% conf. interval]
-------------+----------------------------------------------------------------
         (1) |   .0027098   .0028435     0.95   0.345    -.0030016    .0084212
------------------------------------------------------------------------------
(MWFE estimator converged in 16 iterations)

HDFE Linear regression                            Number of obs   =      7,242
Absorbing 8 HDFE groups                           F(   8,     50) =       2.32
Statistics robust to heteroskedasticity           Prob > F        =     0.0335
                                                  R-squared       =     0.5067
                                                  Adj R-squared   =     0.4912
                                                  Within R-sq.    =     0.0020
Number of clusters (statenum) =         51        Root MSE        =     0.0031

                              (Std. err. adjusted for 51 clusters in statenum)
------------------------------------------------------------------------------
             |               Robust
fifth_per~12 | Coefficient  std. err.      t    P>|t|     [95% conf. interval]
-------------+----------------------------------------------------------------
    F12treat |  -.0003688   .0001557    -2.37   0.022    -.0006816    -.000056
     F8treat |  -.0002473    .000179    -1.38   0.173    -.0006068    .0001121
     F4treat |  -.0000999   .0002252    -0.44   0.659    -.0005521    .0003524
       treat |   -.000247   .0001966    -1.26   0.215    -.0006418    .0001478
     L4treat |  -.0001242   .0002449    -0.51   0.614    -.0006161    .0003677
     L8treat |   .0000708   .0003421     0.21   0.837    -.0006162    .0007579
    L12treat |   8.04e-07   .0001739     0.00   0.996    -.0003484      .00035
    L16treat |  -.0001992   .0001972    -1.01   0.317    -.0005952    .0001968
       _cons |   .0089151   .0000922    96.70   0.000     .0087299    .0091003
------------------------------------------------------------------------------

Absorbed degrees of freedom:
-----------------------------------------------------+
 Absorbed FE | Categories  - Redundant  = Num. Coefs |
-------------+---------------------------------------|
    statenum |        51          51           0    *|
 quarterdate |       142           1         141     |
    postcont |         8           1           7     |
   postcontf |         4           1           3    ?|
     precont |         4           1           3    ?|
    precontf |         3           1           2    ?|
   earlycont |         5           1           4    ?|
  earlycontf |         3           1           2    ?|
-----------------------------------------------------+
? = number of redundant parameters may be higher
* = FE nested within cluster; treated as redundant for DoF computation

 ( 1)  - 17.00953*F4treat + 3.401905*treat + 3.401905*L4treat +
       3.401905*L8treat + 3.401905*L12treat + 3.401905*L16treat = 0

------------------------------------------------------------------------------
fifth_per~12 | Coefficient  Std. err.      t    P>|t|     [95% conf. interval]
-------------+----------------------------------------------------------------
         (1) |   1.97e-06   .0035274     0.00   1.000     -.007083     .007087
------------------------------------------------------------------------------
(MWFE estimator converged in 16 iterations)

HDFE Linear regression                            Number of obs   =      7,242
Absorbing 8 HDFE groups                           F(   8,     50) =       2.00
Statistics robust to heteroskedasticity           Prob > F        =     0.0650
                                                  R-squared       =     0.5106
                                                  Adj R-squared   =     0.4952
                                                  Within R-sq.    =     0.0042
Number of clusters (statenum) =         51        Root MSE        =     0.0032

                              (Std. err. adjusted for 51 clusters in statenum)
------------------------------------------------------------------------------
             |               Robust
fifth_per~13 | Coefficient  std. err.      t    P>|t|     [95% conf. interval]
-------------+----------------------------------------------------------------
    F12treat |  -.0000726   .0002078    -0.35   0.728    -.0004899    .0003446
     F8treat |  -.0004971   .0001699    -2.93   0.005    -.0008384   -.0001558
     F4treat |  -.0003926   .0002717    -1.44   0.155    -.0009384    .0001531
       treat |  -.0003367   .0001776    -1.90   0.064    -.0006933    .0000199
     L4treat |  -.0000843   .0003245    -0.26   0.796    -.0007362    .0005676
     L8treat |  -.0004368    .000277    -1.58   0.121    -.0009932    .0001196
    L12treat |   -.000196   .0003041    -0.64   0.522    -.0008068    .0004148
    L16treat |  -.0002718   .0002737    -0.99   0.325    -.0008216     .000278
       _cons |   .0099153   .0001096    90.50   0.000     .0096953    .0101354
------------------------------------------------------------------------------

Absorbed degrees of freedom:
-----------------------------------------------------+
 Absorbed FE | Categories  - Redundant  = Num. Coefs |
-------------+---------------------------------------|
    statenum |        51          51           0    *|
 quarterdate |       142           1         141     |
    postcont |         8           1           7     |
   postcontf |         4           1           3    ?|
     precont |         4           1           3    ?|
    precontf |         3           1           2    ?|
   earlycont |         5           1           4    ?|
  earlycontf |         3           1           2    ?|
-----------------------------------------------------+
? = number of redundant parameters may be higher
* = FE nested within cluster; treated as redundant for DoF computation

 ( 1)  - 17.00953*F4treat + 3.401905*treat + 3.401905*L4treat +
       3.401905*L8treat + 3.401905*L12treat + 3.401905*L16treat = 0

------------------------------------------------------------------------------
fifth_per~13 | Coefficient  Std. err.      t    P>|t|     [95% conf. interval]
-------------+----------------------------------------------------------------
         (1) |   .0021686   .0035818     0.61   0.548    -.0050257    .0093628
------------------------------------------------------------------------------
(MWFE estimator converged in 16 iterations)

HDFE Linear regression                            Number of obs   =      7,242
Absorbing 8 HDFE groups                           F(   8,     50) =       3.48
Statistics robust to heteroskedasticity           Prob > F        =     0.0029
                                                  R-squared       =     0.5057
                                                  Adj R-squared   =     0.4902
                                                  Within R-sq.    =     0.0051
Number of clusters (statenum) =         51        Root MSE        =     0.0033

                              (Std. err. adjusted for 51 clusters in statenum)
------------------------------------------------------------------------------
             |               Robust
fifth_per~14 | Coefficient  std. err.      t    P>|t|     [95% conf. interval]
-------------+----------------------------------------------------------------
    F12treat |  -.0001552   .0002954    -0.53   0.602    -.0007486    .0004382
     F8treat |  -.0002424   .0001913    -1.27   0.211    -.0006267    .0001419
     F4treat |  -.0004046   .0002249    -1.80   0.078    -.0008563     .000047
       treat |  -.0006984   .0002576    -2.71   0.009    -.0012158    -.000181
     L4treat |  -.0001481   .0004113    -0.36   0.720    -.0009743     .000678
     L8treat |  -.0001291   .0002366    -0.55   0.588    -.0006043     .000346
    L12treat |   -.000367    .000193    -1.90   0.063    -.0007546    .0000206
    L16treat |  -.0002319   .0003067    -0.76   0.453    -.0008479    .0003842
       _cons |   .0101837   .0001315    77.42   0.000     .0099195    .0104479
------------------------------------------------------------------------------

Absorbed degrees of freedom:
-----------------------------------------------------+
 Absorbed FE | Categories  - Redundant  = Num. Coefs |
-------------+---------------------------------------|
    statenum |        51          51           0    *|
 quarterdate |       142           1         141     |
    postcont |         8           1           7     |
   postcontf |         4           1           3    ?|
     precont |         4           1           3    ?|
    precontf |         3           1           2    ?|
   earlycont |         5           1           4    ?|
  earlycontf |         3           1           2    ?|
-----------------------------------------------------+
? = number of redundant parameters may be higher
* = FE nested within cluster; treated as redundant for DoF computation

 ( 1)  - 17.00953*F4treat + 3.401905*treat + 3.401905*L4treat +
       3.401905*L8treat + 3.401905*L12treat + 3.401905*L16treat = 0

------------------------------------------------------------------------------
fifth_per~14 | Coefficient  Std. err.      t    P>|t|     [95% conf. interval]
-------------+----------------------------------------------------------------
         (1) |   .0015261   .0025079     0.61   0.546    -.0035113    .0065634
------------------------------------------------------------------------------
(MWFE estimator converged in 16 iterations)

HDFE Linear regression                            Number of obs   =      7,242
Absorbing 8 HDFE groups                           F(   8,     50) =       0.87
Statistics robust to heteroskedasticity           Prob > F        =     0.5443
                                                  R-squared       =     0.5046
                                                  Adj R-squared   =     0.4891
                                                  Within R-sq.    =     0.0059
Number of clusters (statenum) =         51        Root MSE        =     0.0033

                              (Std. err. adjusted for 51 clusters in statenum)
------------------------------------------------------------------------------
             |               Robust
fifth_per~15 | Coefficient  std. err.      t    P>|t|     [95% conf. interval]
-------------+----------------------------------------------------------------
    F12treat |  -.0003908   .0002518    -1.55   0.127    -.0008966     .000115
     F8treat |   -.000349   .0003093    -1.13   0.265    -.0009701    .0002722
     F4treat |  -.0004352    .000254    -1.71   0.093    -.0009453     .000075
       treat |  -.0004229   .0002543    -1.66   0.103    -.0009337     .000088
     L4treat |  -.0004808   .0003357    -1.43   0.158    -.0011551    .0001935
     L8treat |  -.0004441   .0002991    -1.49   0.144    -.0010448    .0001566
    L12treat |  -.0002396   .0003361    -0.71   0.479    -.0009147    .0004355
    L16treat |  -.0003994    .000362    -1.10   0.275    -.0011264    .0003277
       _cons |    .010419   .0001443    72.22   0.000     .0101292    .0107088
------------------------------------------------------------------------------

Absorbed degrees of freedom:
-----------------------------------------------------+
 Absorbed FE | Categories  - Redundant  = Num. Coefs |
-------------+---------------------------------------|
    statenum |        51          51           0    *|
 quarterdate |       142           1         141     |
    postcont |         8           1           7     |
   postcontf |         4           1           3    ?|
     precont |         4           1           3    ?|
    precontf |         3           1           2    ?|
   earlycont |         5           1           4    ?|
  earlycontf |         3           1           2    ?|
-----------------------------------------------------+
? = number of redundant parameters may be higher
* = FE nested within cluster; treated as redundant for DoF computation

 ( 1)  - 17.00953*F4treat + 3.401905*treat + 3.401905*L4treat +
       3.401905*L8treat + 3.401905*L12treat + 3.401905*L16treat = 0

------------------------------------------------------------------------------
fifth_per~15 | Coefficient  Std. err.      t    P>|t|     [95% conf. interval]
-------------+----------------------------------------------------------------
         (1) |   .0006435    .003375     0.19   0.850    -.0061354    .0074224
------------------------------------------------------------------------------
(MWFE estimator converged in 16 iterations)

HDFE Linear regression                            Number of obs   =      7,242
Absorbing 8 HDFE groups                           F(   8,     50) =       6.93
Statistics robust to heteroskedasticity           Prob > F        =     0.0000
                                                  R-squared       =     0.5029
                                                  Adj R-squared   =     0.4874
                                                  Within R-sq.    =     0.0077
Number of clusters (statenum) =         51        Root MSE        =     0.0033

                              (Std. err. adjusted for 51 clusters in statenum)
------------------------------------------------------------------------------
             |               Robust
fifth_per~16 | Coefficient  std. err.      t    P>|t|     [95% conf. interval]
-------------+----------------------------------------------------------------
    F12treat |  -.0000388   .0002228    -0.17   0.863    -.0004864    .0004088
     F8treat |     .00002    .000169     0.12   0.906    -.0003195    .0003595
     F4treat |  -.0001616   .0004011    -0.40   0.689    -.0009672     .000644
       treat |  -.0005775   .0001903    -3.03   0.004    -.0009596   -.0001953
     L4treat |  -.0004452   .0003039    -1.46   0.149    -.0010557    .0001653
     L8treat |  -.0003043   .0003094    -0.98   0.330    -.0009256    .0003171
    L12treat |  -.0007709   .0003443    -2.24   0.030    -.0014624   -.0000793
    L16treat |  -.0007478    .000327    -2.29   0.026    -.0014045    -.000091
       _cons |     .01063   .0001253    84.83   0.000     .0103783    .0108817
------------------------------------------------------------------------------

Absorbed degrees of freedom:
-----------------------------------------------------+
 Absorbed FE | Categories  - Redundant  = Num. Coefs |
-------------+---------------------------------------|
    statenum |        51          51           0    *|
 quarterdate |       142           1         141     |
    postcont |         8           1           7     |
   postcontf |         4           1           3    ?|
     precont |         4           1           3    ?|
    precontf |         3           1           2    ?|
   earlycont |         5           1           4    ?|
  earlycontf |         3           1           2    ?|
-----------------------------------------------------+
? = number of redundant parameters may be higher
* = FE nested within cluster; treated as redundant for DoF computation

 ( 1)  - 17.00953*F4treat + 3.401905*treat + 3.401905*L4treat +
       3.401905*L8treat + 3.401905*L12treat + 3.401905*L16treat = 0

------------------------------------------------------------------------------
fifth_per~16 | Coefficient  Std. err.      t    P>|t|     [95% conf. interval]
-------------+----------------------------------------------------------------
         (1) |  -.0069318   .0037563    -1.85   0.071    -.0144766    .0006131
------------------------------------------------------------------------------
(MWFE estimator converged in 16 iterations)

HDFE Linear regression                            Number of obs   =      7,242
Absorbing 8 HDFE groups                           F(   8,     50) =       5.62
Statistics robust to heteroskedasticity           Prob > F        =     0.0000
                                                  R-squared       =     0.5182
                                                  Adj R-squared   =     0.5031
                                                  Within R-sq.    =     0.0108
Number of clusters (statenum) =         51        Root MSE        =     0.0033

                              (Std. err. adjusted for 51 clusters in statenum)
------------------------------------------------------------------------------
             |               Robust
fifth_per~17 | Coefficient  std. err.      t    P>|t|     [95% conf. interval]
-------------+----------------------------------------------------------------
    F12treat |  -.0007341   .0002315    -3.17   0.003     -.001199   -.0002693
     F8treat |  -.0007106   .0001813    -3.92   0.000    -.0010747   -.0003464
     F4treat |  -.0006097   .0001901    -3.21   0.002    -.0009915    -.000228
       treat |  -.0005286   .0002375    -2.23   0.031    -.0010055   -.0000516
     L4treat |  -.0001577   .0003038    -0.52   0.606    -.0007678    .0004525
     L8treat |  -.0002801   .0002963    -0.95   0.349    -.0008752     .000315
    L12treat |  -.0003962   .0002205    -1.80   0.078    -.0008391    .0000468
    L16treat |  -.0002273   .0003167    -0.72   0.476    -.0008634    .0004088
       _cons |   .0105612   .0001226    86.17   0.000      .010315    .0108073
------------------------------------------------------------------------------

Absorbed degrees of freedom:
-----------------------------------------------------+
 Absorbed FE | Categories  - Redundant  = Num. Coefs |
-------------+---------------------------------------|
    statenum |        51          51           0    *|
 quarterdate |       142           1         141     |
    postcont |         8           1           7     |
   postcontf |         4           1           3    ?|
     precont |         4           1           3    ?|
    precontf |         3           1           2    ?|
   earlycont |         5           1           4    ?|
  earlycontf |         3           1           2    ?|
-----------------------------------------------------+
? = number of redundant parameters may be higher
* = FE nested within cluster; treated as redundant for DoF computation

 ( 1)  - 17.00953*F4treat + 3.401905*treat + 3.401905*L4treat +
       3.401905*L8treat + 3.401905*L12treat + 3.401905*L16treat = 0

------------------------------------------------------------------------------
fifth_per~17 | Coefficient  Std. err.      t    P>|t|     [95% conf. interval]
-------------+----------------------------------------------------------------
         (1) |   .0049632   .0032741     1.52   0.136    -.0016131    .0115395
------------------------------------------------------------------------------
(MWFE estimator converged in 16 iterations)

HDFE Linear regression                            Number of obs   =      7,242
Absorbing 8 HDFE groups                           F(   8,     50) =       1.29
Statistics robust to heteroskedasticity           Prob > F        =     0.2683
                                                  R-squared       =     0.4569
                                                  Adj R-squared   =     0.4399
                                                  Within R-sq.    =     0.0043
Number of clusters (statenum) =         51        Root MSE        =     0.0032

                              (Std. err. adjusted for 51 clusters in statenum)
------------------------------------------------------------------------------
             |               Robust
fifth_per~18 | Coefficient  std. err.      t    P>|t|     [95% conf. interval]
-------------+----------------------------------------------------------------
    F12treat |  -.0003571   .0002495    -1.43   0.159    -.0008582     .000144
     F8treat |  -.0004662   .0002144    -2.17   0.034    -.0008968   -.0000357
     F4treat |  -.0003346   .0003241    -1.03   0.307    -.0009856    .0003165
       treat |  -.0002896   .0002156    -1.34   0.185    -.0007227    .0001434
     L4treat |  -.0003492    .000334    -1.05   0.301      -.00102    .0003217
     L8treat |  -.0001591   .0003961    -0.40   0.690    -.0009547    .0006365
    L12treat |  -.0000956   .0003391    -0.28   0.779    -.0007767    .0005856
    L16treat |  -.0003884   .0002469    -1.57   0.122    -.0008844    .0001075
       _cons |   .0103695   .0001285    80.68   0.000     .0101113    .0106277
------------------------------------------------------------------------------

Absorbed degrees of freedom:
-----------------------------------------------------+
 Absorbed FE | Categories  - Redundant  = Num. Coefs |
-------------+---------------------------------------|
    statenum |        51          51           0    *|
 quarterdate |       142           1         141     |
    postcont |         8           1           7     |
   postcontf |         4           1           3    ?|
     precont |         4           1           3    ?|
    precontf |         3           1           2    ?|
   earlycont |         5           1           4    ?|
  earlycontf |         3           1           2    ?|
-----------------------------------------------------+
? = number of redundant parameters may be higher
* = FE nested within cluster; treated as redundant for DoF computation

 ( 1)  - 17.00953*F4treat + 3.401905*treat + 3.401905*L4treat +
       3.401905*L8treat + 3.401905*L12treat + 3.401905*L16treat = 0

------------------------------------------------------------------------------
fifth_per~18 | Coefficient  Std. err.      t    P>|t|     [95% conf. interval]
-------------+----------------------------------------------------------------
         (1) |   .0013298    .004337     0.31   0.760    -.0073814     .010041
------------------------------------------------------------------------------
(MWFE estimator converged in 16 iterations)

HDFE Linear regression                            Number of obs   =      7,242
Absorbing 8 HDFE groups                           F(   8,     50) =       2.94
Statistics robust to heteroskedasticity           Prob > F        =     0.0090
                                                  R-squared       =     0.4922
                                                  Adj R-squared   =     0.4763
                                                  Within R-sq.    =     0.0066
Number of clusters (statenum) =         51        Root MSE        =     0.0032

                              (Std. err. adjusted for 51 clusters in statenum)
------------------------------------------------------------------------------
             |               Robust
fifth_per~19 | Coefficient  std. err.      t    P>|t|     [95% conf. interval]
-------------+----------------------------------------------------------------
    F12treat |  -.0005287   .0001872    -2.83   0.007    -.0009046   -.0001528
     F8treat |  -.0002468   .0002153    -1.15   0.257    -.0006793    .0001858
     F4treat |  -.0005381   .0001584    -3.40   0.001    -.0008563   -.0002199
       treat |  -.0004598   .0003304    -1.39   0.170    -.0011235    .0002039
     L4treat |  -.0002656   .0003252    -0.82   0.418    -.0009189    .0003876
     L8treat |  -.0003685   .0002881    -1.28   0.207    -.0009472    .0002101
    L12treat |  -.0004278   .0002383    -1.79   0.079    -.0009065     .000051
    L16treat |  -.0003251   .0003287    -0.99   0.327    -.0009854    .0003351
       _cons |   .0102738   .0001256    81.80   0.000     .0100215    .0105261
------------------------------------------------------------------------------

Absorbed degrees of freedom:
-----------------------------------------------------+
 Absorbed FE | Categories  - Redundant  = Num. Coefs |
-------------+---------------------------------------|
    statenum |        51          51           0    *|
 quarterdate |       142           1         141     |
    postcont |         8           1           7     |
   postcontf |         4           1           3    ?|
     precont |         4           1           3    ?|
    precontf |         3           1           2    ?|
   earlycont |         5           1           4    ?|
  earlycontf |         3           1           2    ?|
-----------------------------------------------------+
? = number of redundant parameters may be higher
* = FE nested within cluster; treated as redundant for DoF computation

 ( 1)  - 17.00953*F4treat + 3.401905*treat + 3.401905*L4treat +
       3.401905*L8treat + 3.401905*L12treat + 3.401905*L16treat = 0

------------------------------------------------------------------------------
fifth_per~19 | Coefficient  Std. err.      t    P>|t|     [95% conf. interval]
-------------+----------------------------------------------------------------
         (1) |   .0028703   .0037846     0.76   0.452    -.0047313    .0104719
------------------------------------------------------------------------------
(MWFE estimator converged in 16 iterations)

HDFE Linear regression                            Number of obs   =      7,242
Absorbing 8 HDFE groups                           F(   8,     50) =       3.92
Statistics robust to heteroskedasticity           Prob > F        =     0.0012
                                                  R-squared       =     0.4721
                                                  Adj R-squared   =     0.4556
                                                  Within R-sq.    =     0.0064
Number of clusters (statenum) =         51        Root MSE        =     0.0033

                              (Std. err. adjusted for 51 clusters in statenum)
------------------------------------------------------------------------------
             |               Robust
fifth_per~20 | Coefficient  std. err.      t    P>|t|     [95% conf. interval]
-------------+----------------------------------------------------------------
    F12treat |  -.0003357   .0002497    -1.34   0.185    -.0008373    .0001659
     F8treat |  -.0000992   .0002433    -0.41   0.685    -.0005879    .0003896
     F4treat |  -.0002362   .0002852    -0.83   0.411    -.0008089    .0003366
       treat |  -.0000324   .0002311    -0.14   0.889    -.0004965    .0004317
     L4treat |  -.0001451   .0002713    -0.53   0.595    -.0006901    .0003999
     L8treat |  -.0006109   .0001902    -3.21   0.002    -.0009931   -.0002288
    L12treat |  -.0004765    .000173    -2.75   0.008    -.0008241   -.0001289
    L16treat |  -.0009109   .0004969    -1.83   0.073    -.0019089    .0000872
       _cons |   .0103749   .0001263    82.13   0.000     .0101212    .0106287
------------------------------------------------------------------------------

Absorbed degrees of freedom:
-----------------------------------------------------+
 Absorbed FE | Categories  - Redundant  = Num. Coefs |
-------------+---------------------------------------|
    statenum |        51          51           0    *|
 quarterdate |       142           1         141     |
    postcont |         8           1           7     |
   postcontf |         4           1           3    ?|
     precont |         4           1           3    ?|
    precontf |         3           1           2    ?|
   earlycont |         5           1           4    ?|
  earlycontf |         3           1           2    ?|
-----------------------------------------------------+
? = number of redundant parameters may be higher
* = FE nested within cluster; treated as redundant for DoF computation

 ( 1)  - 17.00953*F4treat + 3.401905*treat + 3.401905*L4treat +
       3.401905*L8treat + 3.401905*L12treat + 3.401905*L16treat = 0

------------------------------------------------------------------------------
fifth_per~20 | Coefficient  Std. err.      t    P>|t|     [95% conf. interval]
-------------+----------------------------------------------------------------
         (1) |  -.0033847   .0022304    -1.52   0.135    -.0078647    .0010953
------------------------------------------------------------------------------
(MWFE estimator converged in 16 iterations)

HDFE Linear regression                            Number of obs   =      7,242
Absorbing 8 HDFE groups                           F(   8,     50) =       4.75
Statistics robust to heteroskedasticity           Prob > F        =     0.0002
                                                  R-squared       =     0.4918
                                                  Adj R-squared   =     0.4759
                                                  Within R-sq.    =     0.0078
Number of clusters (statenum) =         51        Root MSE        =     0.0031

                              (Std. err. adjusted for 51 clusters in statenum)
------------------------------------------------------------------------------
             |               Robust
fifth_per~21 | Coefficient  std. err.      t    P>|t|     [95% conf. interval]
-------------+----------------------------------------------------------------
    F12treat |  -.0004007   .0001718    -2.33   0.024    -.0007458   -.0000556
     F8treat |  -.0000248   .0001935    -0.13   0.898    -.0004134    .0003638
     F4treat |  -.0004053   .0002425    -1.67   0.101    -.0008924    .0000819
       treat |  -.0004057   .0002483    -1.63   0.109    -.0009045     .000093
     L4treat |    -.00066     .00017    -3.88   0.000    -.0010015   -.0003185
     L8treat |  -.0006033   .0002226    -2.71   0.009    -.0010503   -.0001563
    L12treat |  -.0005084   .0002195    -2.32   0.025    -.0009493   -.0000675
    L16treat |  -.0000456    .000248    -0.18   0.855    -.0005438    .0004526
       _cons |   .0100494   .0000851   118.14   0.000     .0098786    .0102203
------------------------------------------------------------------------------

Absorbed degrees of freedom:
-----------------------------------------------------+
 Absorbed FE | Categories  - Redundant  = Num. Coefs |
-------------+---------------------------------------|
    statenum |        51          51           0    *|
 quarterdate |       142           1         141     |
    postcont |         8           1           7     |
   postcontf |         4           1           3    ?|
     precont |         4           1           3    ?|
    precontf |         3           1           2    ?|
   earlycont |         5           1           4    ?|
  earlycontf |         3           1           2    ?|
-----------------------------------------------------+
? = number of redundant parameters may be higher
* = FE nested within cluster; treated as redundant for DoF computation

 ( 1)  - 17.00953*F4treat + 3.401905*treat + 3.401905*L4treat +
       3.401905*L8treat + 3.401905*L12treat + 3.401905*L16treat = 0

------------------------------------------------------------------------------
fifth_per~21 | Coefficient  Std. err.      t    P>|t|     [95% conf. interval]
-------------+----------------------------------------------------------------
         (1) |  -.0006691   .0032126    -0.21   0.836    -.0071217    .0057835
------------------------------------------------------------------------------
(MWFE estimator converged in 16 iterations)

HDFE Linear regression                            Number of obs   =      7,242
Absorbing 8 HDFE groups                           F(   8,     50) =       2.33
Statistics robust to heteroskedasticity           Prob > F        =     0.0328
                                                  R-squared       =     0.4691
                                                  Adj R-squared   =     0.4524
                                                  Within R-sq.    =     0.0040
Number of clusters (statenum) =         51        Root MSE        =     0.0031

                              (Std. err. adjusted for 51 clusters in statenum)
------------------------------------------------------------------------------
             |               Robust
fifth_per~22 | Coefficient  std. err.      t    P>|t|     [95% conf. interval]
-------------+----------------------------------------------------------------
    F12treat |  -.0002668   .0001477    -1.81   0.077    -.0005633    .0000298
     F8treat |  -.0004296   .0001426    -3.01   0.004    -.0007161   -.0001432
     F4treat |  -.0003738   .0002026    -1.84   0.071    -.0007808    .0000333
       treat |  -.0004031   .0001882    -2.14   0.037    -.0007811   -.0000251
     L4treat |  -.0000675   .0002358    -0.29   0.776     -.000541    .0004061
     L8treat |  -.0002207   .0001805    -1.22   0.227    -.0005832    .0001418
    L12treat |   3.29e-06   .0002029     0.02   0.987    -.0004042    .0004108
    L16treat |  -.0002371   .0001332    -1.78   0.081    -.0005047    .0000304
       _cons |   .0093883   .0000638   147.11   0.000     .0092601    .0095164
------------------------------------------------------------------------------

Absorbed degrees of freedom:
-----------------------------------------------------+
 Absorbed FE | Categories  - Redundant  = Num. Coefs |
-------------+---------------------------------------|
    statenum |        51          51           0    *|
 quarterdate |       142           1         141     |
    postcont |         8           1           7     |
   postcontf |         4           1           3    ?|
     precont |         4           1           3    ?|
    precontf |         3           1           2    ?|
   earlycont |         5           1           4    ?|
  earlycontf |         3           1           2    ?|
-----------------------------------------------------+
? = number of redundant parameters may be higher
* = FE nested within cluster; treated as redundant for DoF computation

 ( 1)  - 17.00953*F4treat + 3.401905*treat + 3.401905*L4treat +
       3.401905*L8treat + 3.401905*L12treat + 3.401905*L16treat = 0

------------------------------------------------------------------------------
fifth_per~22 | Coefficient  Std. err.      t    P>|t|     [95% conf. interval]
-------------+----------------------------------------------------------------
         (1) |   .0032106   .0031896     1.01   0.319     -.003196    .0096171
------------------------------------------------------------------------------
(MWFE estimator converged in 16 iterations)

HDFE Linear regression                            Number of obs   =      7,242
Absorbing 8 HDFE groups                           F(   8,     50) =       3.89
Statistics robust to heteroskedasticity           Prob > F        =     0.0012
                                                  R-squared       =     0.4052
                                                  Adj R-squared   =     0.3865
                                                  Within R-sq.    =     0.0059
Number of clusters (statenum) =         51        Root MSE        =     0.0030

                              (Std. err. adjusted for 51 clusters in statenum)
------------------------------------------------------------------------------
             |               Robust
fifth_per~23 | Coefficient  std. err.      t    P>|t|     [95% conf. interval]
-------------+----------------------------------------------------------------
    F12treat |  -.0001907   .0001473    -1.29   0.202    -.0004866    .0001053
     F8treat |  -.0003196   .0002464    -1.30   0.201    -.0008146    .0001753
     F4treat |  -.0002308   .0001897    -1.22   0.229    -.0006119    .0001502
       treat |  -.0004331   .0002608    -1.66   0.103    -.0009569    .0000908
     L4treat |  -.0005133   .0001769    -2.90   0.006    -.0008687    -.000158
     L8treat |  -.0003581   .0001967    -1.82   0.075    -.0007531    .0000369
    L12treat |  -.0004543   .0001914    -2.37   0.021    -.0008387   -.0000699
    L16treat |  -.0003016   .0001931    -1.56   0.125    -.0006896    .0000863
       _cons |   .0090383   .0000528   171.11   0.000     .0089322    .0091444
------------------------------------------------------------------------------

Absorbed degrees of freedom:
-----------------------------------------------------+
 Absorbed FE | Categories  - Redundant  = Num. Coefs |
-------------+---------------------------------------|
    statenum |        51          51           0    *|
 quarterdate |       142           1         141     |
    postcont |         8           1           7     |
   postcontf |         4           1           3    ?|
     precont |         4           1           3    ?|
    precontf |         3           1           2    ?|
   earlycont |         5           1           4    ?|
  earlycontf |         3           1           2    ?|
-----------------------------------------------------+
? = number of redundant parameters may be higher
* = FE nested within cluster; treated as redundant for DoF computation

 ( 1)  - 17.00953*F4treat + 3.401905*treat + 3.401905*L4treat +
       3.401905*L8treat + 3.401905*L12treat + 3.401905*L16treat = 0

------------------------------------------------------------------------------
fifth_per~23 | Coefficient  Std. err.      t    P>|t|     [95% conf. interval]
-------------+----------------------------------------------------------------
         (1) |  -.0030826   .0030607    -1.01   0.319    -.0092302     .003065
------------------------------------------------------------------------------
(MWFE estimator converged in 16 iterations)

HDFE Linear regression                            Number of obs   =      7,242
Absorbing 8 HDFE groups                           F(   8,     50) =       5.04
Statistics robust to heteroskedasticity           Prob > F        =     0.0001
                                                  R-squared       =     0.4329
                                                  Adj R-squared   =     0.4151
                                                  Within R-sq.    =     0.0095
Number of clusters (statenum) =         51        Root MSE        =     0.0030

                              (Std. err. adjusted for 51 clusters in statenum)
------------------------------------------------------------------------------
             |               Robust
fifth_per~24 | Coefficient  std. err.      t    P>|t|     [95% conf. interval]
-------------+----------------------------------------------------------------
    F12treat |  -.0007112   .0001576    -4.51   0.000    -.0010277   -.0003946
     F8treat |  -.0003577   .0001495    -2.39   0.021     -.000658   -.0000574
     F4treat |  -.0003024   .0002051    -1.47   0.147    -.0007143    .0001096
       treat |  -.0005958   .0003042    -1.96   0.056    -.0012068    .0000152
     L4treat |  -.0001502   .0002131    -0.71   0.484    -.0005782    .0002777
     L8treat |  -.0004561   .0001871    -2.44   0.018     -.000832   -.0000803
    L12treat |  -.0001788   .0002486    -0.72   0.475    -.0006781    .0003206
    L16treat |  -.0006089   .0001483    -4.11   0.000    -.0009067    -.000311
       _cons |   .0089325   .0000818   109.16   0.000     .0087681    .0090969
------------------------------------------------------------------------------

Absorbed degrees of freedom:
-----------------------------------------------------+
 Absorbed FE | Categories  - Redundant  = Num. Coefs |
-------------+---------------------------------------|
    statenum |        51          51           0    *|
 quarterdate |       142           1         141     |
    postcont |         8           1           7     |
   postcontf |         4           1           3    ?|
     precont |         4           1           3    ?|
    precontf |         3           1           2    ?|
   earlycont |         5           1           4    ?|
  earlycontf |         3           1           2    ?|
-----------------------------------------------------+
? = number of redundant parameters may be higher
* = FE nested within cluster; treated as redundant for DoF computation

 ( 1)  - 17.00953*F4treat + 3.401905*treat + 3.401905*L4treat +
       3.401905*L8treat + 3.401905*L12treat + 3.401905*L16treat = 0

------------------------------------------------------------------------------
fifth_per~24 | Coefficient  Std. err.      t    P>|t|     [95% conf. interval]
-------------+----------------------------------------------------------------
         (1) |  -.0016261   .0042217    -0.39   0.702    -.0101057    .0068535
------------------------------------------------------------------------------
(MWFE estimator converged in 16 iterations)

HDFE Linear regression                            Number of obs   =      7,242
Absorbing 8 HDFE groups                           F(   8,     50) =       4.39
Statistics robust to heteroskedasticity           Prob > F        =     0.0005
                                                  R-squared       =     0.4230
                                                  Adj R-squared   =     0.4049
                                                  Within R-sq.    =     0.0112
Number of clusters (statenum) =         51        Root MSE        =     0.0029

                              (Std. err. adjusted for 51 clusters in statenum)
------------------------------------------------------------------------------
             |               Robust
fifth_per~25 | Coefficient  std. err.      t    P>|t|     [95% conf. interval]
-------------+----------------------------------------------------------------
    F12treat |   .0001267   .0001597     0.79   0.431     -.000194    .0004474
     F8treat |   -.000478   .0001511    -3.16   0.003    -.0007814   -.0001746
     F4treat |  -.0001354   .0001678    -0.81   0.424    -.0004725    .0002017
       treat |  -.0003874   .0002471    -1.57   0.123    -.0008837    .0001089
     L4treat |  -.0004454   .0002927    -1.52   0.134    -.0010334    .0001426
     L8treat |  -.0006635   .0002067    -3.21   0.002    -.0010787   -.0002483
    L12treat |  -.0004718    .000188    -2.51   0.015    -.0008494   -.0000941
    L16treat |  -.0009346   .0002845    -3.28   0.002    -.0015061   -.0003631
       _cons |   .0087686   .0000933    93.95   0.000     .0085812    .0089561
------------------------------------------------------------------------------

Absorbed degrees of freedom:
-----------------------------------------------------+
 Absorbed FE | Categories  - Redundant  = Num. Coefs |
-------------+---------------------------------------|
    statenum |        51          51           0    *|
 quarterdate |       142           1         141     |
    postcont |         8           1           7     |
   postcontf |         4           1           3    ?|
     precont |         4           1           3    ?|
    precontf |         3           1           2    ?|
   earlycont |         5           1           4    ?|
  earlycontf |         3           1           2    ?|
-----------------------------------------------------+
? = number of redundant parameters may be higher
* = FE nested within cluster; treated as redundant for DoF computation

 ( 1)  - 17.00953*F4treat + 3.401905*treat + 3.401905*L4treat +
       3.401905*L8treat + 3.401905*L12treat + 3.401905*L16treat = 0

------------------------------------------------------------------------------
fifth_per~25 | Coefficient  Std. err.      t    P>|t|     [95% conf. interval]
-------------+----------------------------------------------------------------
         (1) |  -.0075719   .0026001    -2.91   0.005    -.0127942   -.0023495
------------------------------------------------------------------------------
(MWFE estimator converged in 16 iterations)

HDFE Linear regression                            Number of obs   =      7,242
Absorbing 8 HDFE groups                           F(   8,     50) =       9.10
Statistics robust to heteroskedasticity           Prob > F        =     0.0000
                                                  R-squared       =     0.4303
                                                  Adj R-squared   =     0.4125
                                                  Within R-sq.    =     0.0137
Number of clusters (statenum) =         51        Root MSE        =     0.0028

                              (Std. err. adjusted for 51 clusters in statenum)
------------------------------------------------------------------------------
             |               Robust
fifth_per~26 | Coefficient  std. err.      t    P>|t|     [95% conf. interval]
-------------+----------------------------------------------------------------
    F12treat |  -.0003034   .0001708    -1.78   0.082    -.0006464    .0000397
     F8treat |   -.000412   .0002036    -2.02   0.048    -.0008209   -3.02e-06
     F4treat |  -.0002279   .0001533    -1.49   0.143    -.0005358    .0000801
       treat |  -.0001693   .0002172    -0.78   0.439    -.0006055    .0002669
     L4treat |  -.0008181   .0001379    -5.93   0.000    -.0010951    -.000541
     L8treat |  -.0008364   .0001941    -4.31   0.000    -.0012262   -.0004465
    L12treat |   -.000299   .0001989    -1.50   0.139    -.0006985    .0001004
    L16treat |  -.0008093   .0001752    -4.62   0.000    -.0011612   -.0004575
       _cons |   .0082891   .0000586   141.56   0.000     .0081715    .0084068
------------------------------------------------------------------------------

Absorbed degrees of freedom:
-----------------------------------------------------+
 Absorbed FE | Categories  - Redundant  = Num. Coefs |
-------------+---------------------------------------|
    statenum |        51          51           0    *|
 quarterdate |       142           1         141     |
    postcont |         8           1           7     |
   postcontf |         4           1           3    ?|
     precont |         4           1           3    ?|
    precontf |         3           1           2    ?|
   earlycont |         5           1           4    ?|
  earlycontf |         3           1           2    ?|
-----------------------------------------------------+
? = number of redundant parameters may be higher
* = FE nested within cluster; treated as redundant for DoF computation

 ( 1)  - 17.00953*F4treat + 3.401905*treat + 3.401905*L4treat +
       3.401905*L8treat + 3.401905*L12treat + 3.401905*L16treat = 0

------------------------------------------------------------------------------
fifth_per~26 | Coefficient  Std. err.      t    P>|t|     [95% conf. interval]
-------------+----------------------------------------------------------------
         (1) |   -.006099   .0025173    -2.42   0.019    -.0111551   -.0010428
------------------------------------------------------------------------------
(MWFE estimator converged in 16 iterations)

HDFE Linear regression                            Number of obs   =      7,242
Absorbing 8 HDFE groups                           F(   8,     50) =       2.09
Statistics robust to heteroskedasticity           Prob > F        =     0.0547
                                                  R-squared       =     0.4500
                                                  Adj R-squared   =     0.4328
                                                  Within R-sq.    =     0.0066
Number of clusters (statenum) =         51        Root MSE        =     0.0027

                              (Std. err. adjusted for 51 clusters in statenum)
------------------------------------------------------------------------------
             |               Robust
fifth_per~27 | Coefficient  std. err.      t    P>|t|     [95% conf. interval]
-------------+----------------------------------------------------------------
    F12treat |  -.0003234   .0001331    -2.43   0.019    -.0005907    -.000056
     F8treat |  -.0003332    .000173    -1.93   0.060    -.0006806    .0000143
     F4treat |  -.0002697   .0002003    -1.35   0.184    -.0006721    .0001327
       treat |  -.0005013   .0001999    -2.51   0.015    -.0009027   -.0000999
     L4treat |  -.0002633   .0001447    -1.82   0.075     -.000554    .0000274
     L8treat |  -.0004906   .0002907    -1.69   0.098    -.0010745    .0000934
    L12treat |  -.0000921     .00021    -0.44   0.663    -.0005139    .0003296
    L16treat |  -.0002647   .0001312    -2.02   0.049    -.0005282   -1.15e-06
       _cons |   .0076437    .000076   100.59   0.000     .0074911    .0077963
------------------------------------------------------------------------------

Absorbed degrees of freedom:
-----------------------------------------------------+
 Absorbed FE | Categories  - Redundant  = Num. Coefs |
-------------+---------------------------------------|
    statenum |        51          51           0    *|
 quarterdate |       142           1         141     |
    postcont |         8           1           7     |
   postcontf |         4           1           3    ?|
     precont |         4           1           3    ?|
    precontf |         3           1           2    ?|
   earlycont |         5           1           4    ?|
  earlycontf |         3           1           2    ?|
-----------------------------------------------------+
? = number of redundant parameters may be higher
* = FE nested within cluster; treated as redundant for DoF computation

 ( 1)  - 17.00953*F4treat + 3.401905*treat + 3.401905*L4treat +
       3.401905*L8treat + 3.401905*L12treat + 3.401905*L16treat = 0

------------------------------------------------------------------------------
fifth_per~27 | Coefficient  Std. err.      t    P>|t|     [95% conf. interval]
-------------+----------------------------------------------------------------
         (1) |  -.0008957   .0025856    -0.35   0.730     -.006089    .0042977
------------------------------------------------------------------------------
(MWFE estimator converged in 16 iterations)

HDFE Linear regression                            Number of obs   =      7,242
Absorbing 8 HDFE groups                           F(   8,     50) =       6.26
Statistics robust to heteroskedasticity           Prob > F        =     0.0000
                                                  R-squared       =     0.4408
                                                  Adj R-squared   =     0.4233
                                                  Within R-sq.    =     0.0167
Number of clusters (statenum) =         51        Root MSE        =     0.0026

                              (Std. err. adjusted for 51 clusters in statenum)
------------------------------------------------------------------------------
             |               Robust
fifth_per~28 | Coefficient  std. err.      t    P>|t|     [95% conf. interval]
-------------+----------------------------------------------------------------
    F12treat |  -.0002909    .000169    -1.72   0.091    -.0006304    .0000486
     F8treat |  -.0003494   .0001174    -2.98   0.004    -.0005851   -.0001136
     F4treat |  -.0007946    .000195    -4.07   0.000    -.0011862   -.0004029
       treat |  -.0004785   .0001166    -4.10   0.000    -.0007127   -.0002443
     L4treat |   -.000489   .0003098    -1.58   0.121    -.0011112    .0001332
     L8treat |  -.0005259    .000227    -2.32   0.025    -.0009818   -.0000699
    L12treat |  -.0003367   .0001666    -2.02   0.049    -.0006714   -2.03e-06
    L16treat |  -.0008433     .00016    -5.27   0.000    -.0011647   -.0005219
       _cons |   .0070975   .0000709   100.06   0.000      .006955    .0072399
------------------------------------------------------------------------------

Absorbed degrees of freedom:
-----------------------------------------------------+
 Absorbed FE | Categories  - Redundant  = Num. Coefs |
-------------+---------------------------------------|
    statenum |        51          51           0    *|
 quarterdate |       142           1         141     |
    postcont |         8           1           7     |
   postcontf |         4           1           3    ?|
     precont |         4           1           3    ?|
    precontf |         3           1           2    ?|
   earlycont |         5           1           4    ?|
  earlycontf |         3           1           2    ?|
-----------------------------------------------------+
? = number of redundant parameters may be higher
* = FE nested within cluster; treated as redundant for DoF computation

 ( 1)  - 17.00953*F4treat + 3.401905*treat + 3.401905*L4treat +
       3.401905*L8treat + 3.401905*L12treat + 3.401905*L16treat = 0

------------------------------------------------------------------------------
fifth_per~28 | Coefficient  Std. err.      t    P>|t|     [95% conf. interval]
-------------+----------------------------------------------------------------
         (1) |   .0044209   .0034344     1.29   0.204    -.0024774    .0113192
------------------------------------------------------------------------------
(MWFE estimator converged in 16 iterations)

HDFE Linear regression                            Number of obs   =      7,242
Absorbing 8 HDFE groups                           F(   8,     50) =       8.64
Statistics robust to heteroskedasticity           Prob > F        =     0.0000
                                                  R-squared       =     0.4292
                                                  Adj R-squared   =     0.4113
                                                  Within R-sq.    =     0.0155
Number of clusters (statenum) =         51        Root MSE        =     0.0026

                              (Std. err. adjusted for 51 clusters in statenum)
------------------------------------------------------------------------------
             |               Robust
fifth_per~29 | Coefficient  std. err.      t    P>|t|     [95% conf. interval]
-------------+----------------------------------------------------------------
    F12treat |   .0002598   .0001947     1.33   0.188    -.0001313    .0006508
     F8treat |  -.0006599   .0001362    -4.84   0.000    -.0009335   -.0003863
     F4treat |  -.0002311   .0002039    -1.13   0.262    -.0006406    .0001783
       treat |  -.0006715   .0002685    -2.50   0.016    -.0012109   -.0001322
     L4treat |  -.0003524   .0002783    -1.27   0.211    -.0009114    .0002067
     L8treat |  -.0007532   .0001727    -4.36   0.000    -.0011001   -.0004063
    L12treat |  -.0005026   .0001504    -3.34   0.002    -.0008046   -.0002006
    L16treat |  -.0005253   .0002074    -2.53   0.015     -.000942   -.0001087
       _cons |   .0070263   .0000744    94.48   0.000     .0068769    .0071756
------------------------------------------------------------------------------

Absorbed degrees of freedom:
-----------------------------------------------------+
 Absorbed FE | Categories  - Redundant  = Num. Coefs |
-------------+---------------------------------------|
    statenum |        51          51           0    *|
 quarterdate |       142           1         141     |
    postcont |         8           1           7     |
   postcontf |         4           1           3    ?|
     precont |         4           1           3    ?|
    precontf |         3           1           2    ?|
   earlycont |         5           1           4    ?|
  earlycontf |         3           1           2    ?|
-----------------------------------------------------+
? = number of redundant parameters may be higher
* = FE nested within cluster; treated as redundant for DoF computation

 ( 1)  - 17.00953*F4treat + 3.401905*treat + 3.401905*L4treat +
       3.401905*L8treat + 3.401905*L12treat + 3.401905*L16treat = 0

------------------------------------------------------------------------------
fifth_per~29 | Coefficient  Std. err.      t    P>|t|     [95% conf. interval]
-------------+----------------------------------------------------------------
         (1) |   -.005611   .0036144    -1.55   0.127    -.0128707    .0016487
------------------------------------------------------------------------------
(MWFE estimator converged in 16 iterations)

HDFE Linear regression                            Number of obs   =      7,242
Absorbing 8 HDFE groups                           F(   8,     50) =       1.14
Statistics robust to heteroskedasticity           Prob > F        =     0.3511
                                                  R-squared       =     0.8813
                                                  Adj R-squared   =     0.8776
                                                  Within R-sq.    =     0.0073
Number of clusters (statenum) =         51        Root MSE        =     0.0143

                              (Std. err. adjusted for 51 clusters in statenum)
------------------------------------------------------------------------------
             |               Robust
fifth_per~30 | Coefficient  std. err.      t    P>|t|     [95% conf. interval]
-------------+----------------------------------------------------------------
    F12treat |  -.0018317   .0010825    -1.69   0.097     -.004006    .0003426
     F8treat |  -.0006542   .0011217    -0.58   0.562    -.0029071    .0015987
     F4treat |  -.0013947   .0014417    -0.97   0.338    -.0042904    .0015011
       treat |  -.0005026   .0014702    -0.34   0.734    -.0034555    .0024503
     L4treat |  -.0013448    .001202    -1.12   0.269     -.003759    .0010695
     L8treat |  -.0023281   .0015516    -1.50   0.140    -.0054445    .0007884
    L12treat |    -.00289   .0017038    -1.70   0.096    -.0063122    .0005323
    L16treat |  -.0036153    .001582    -2.29   0.027    -.0067928   -.0004378
       _cons |   .0864931   .0006878   125.75   0.000     .0851115    .0878746
------------------------------------------------------------------------------

Absorbed degrees of freedom:
-----------------------------------------------------+
 Absorbed FE | Categories  - Redundant  = Num. Coefs |
-------------+---------------------------------------|
    statenum |        51          51           0    *|
 quarterdate |       142           1         141     |
    postcont |         8           1           7     |
   postcontf |         4           1           3    ?|
     precont |         4           1           3    ?|
    precontf |         3           1           2    ?|
   earlycont |         5           1           4    ?|
  earlycontf |         3           1           2    ?|
-----------------------------------------------------+
? = number of redundant parameters may be higher
* = FE nested within cluster; treated as redundant for DoF computation

 ( 1)  - 17.00953*F4treat + 3.401905*treat + 3.401905*L4treat +
       3.401905*L8treat + 3.401905*L12treat + 3.401905*L16treat = 0

------------------------------------------------------------------------------
fifth_per~30 | Coefficient  Std. err.      t    P>|t|     [95% conf. interval]
-------------+----------------------------------------------------------------
         (1) |  -.0126118   .0169946    -0.74   0.461    -.0467464    .0215229
------------------------------------------------------------------------------

 ( 1)  - 17.00953*F4treat + 3.401905*treat + 3.401905*L4treat +
       3.401905*L8treat + 3.401905*L12treat + 3.401905*L16treat = 0

------------------------------------------------------------------------------
  fifth_epop | Coefficient  Std. err.      t    P>|t|     [95% conf. interval]
-------------+----------------------------------------------------------------
         (1) |  -.0290408   .0232718    -1.25   0.218    -.0757835    .0177019
------------------------------------------------------------------------------
(7,751 missing values generated)
(29 real changes made)
file
    /Users/brycewang/Documents/GitHub/top5-Econ-Paper-Replications/QJE2019-Mi
    > nimum-Wages-Low-Wage-Jobs/Results/Figures/FigureG2_d.pdf saved as PDF
    format

. *
. *               
. 
. 
end of do-file
