-------------------------------------------------------------------------------
      name:  steplogsmcl
       log:  /Users/brycewang/Documents/GitHub/top5-Econ-Paper-Replications/QJE
> 2019-Minimum-Wages-Low-Wage-Jobs/Results/logs/Table3_for_QJE.log
  log type:  text
 opened on:  17 Sep 2026, 04:35:34

. **** DEFINE REGRESSION COMMAND AND CONTROLS *****
. foreach s in 1 {
  2.         global rtype`s' reghdfe
  3. }

. 
. global a1  i.wagebinstate i.wagequarterdate  // distributional TWFE

. 
. global label1 TWFE

. 
. *****************
. *** QCEW PREP ***
. *****************
. use "${data}qcew_state_sector_counts_2016.dta", clear

. rename statefips statenum

. gen quarterdate = yq(year, quarter)

. foreach var of varlist ind_* {
  2.         rename `var' emp_`var'_overall
  3. }

. tempfile qcew

. save `qcew'
file /var/folders/bm/2cq1vtmd5wg6k0vdjfpvbmww0000gn/T//St08825.000001 saved
    as .dta format

. 
. ****************************
. *** TREATMENT MACRO PREP ***
. ****************************
. * this command should be independent of data source
. treatmentcontrolwindows

. 
. ************************************
. *** ABOVE/BELOW SHARE MACRO PREP ***
. ************************************
. * these commands should be independent of data source
. abovebelowbunch

. abovebelowfull
Make sure that belowL16 and aboveL16 exists. Otherwise the program does not wor
> k. Assertion will be false.

. 
. 
. 
. ***************************************
. *** LOOP OVER TIME BASED SUBSAMPLES ***
. ***************************************
. foreach yearset in 19922016 {
  2.         local beginyear = substr("`yearset'",1,4)
  3.         local endyear = substr("`yearset'",5,4)
  4.         local b = `beginyear'
  5. 
.         use "${data}state_panels_with3quant_ind_`beginyear'_`endyear'.dta", c
> lear
  6.         merge m:1 statenum quarterdate using `qcew', nogenerate keep(3)
  7.         assert year <= `endyear' & year >= `beginyear'
  8. 
.         foreach Y in ind_all_overall ind_mstrad_overall ind_msnontrad_overall
>  ind_msother_overall ind_mscon_overall ind_retail_overall ind_rest_overall in
> d_manuf_overall {
  9.                 replace `Y'count = `Y'count*emp_`Y'/countall
 10.                 cap drop `Y'countpc
 11.                 gen `Y'countpc=`Y'count/population
 12.                 cap drop `Y'countpcall
 13.                 gen `Y'countpcall = `Y'countall*(emp_`Y'/countall)/populat
> ion
 14.         }
 15. 
.         *********************************************************************
> ***********
.         ***********************           Weights           *****************
> ***********
.         *********************************************************************
> ***********
.         * follow Doruk's code in state_panels_tercile1979.do
.         foreach Y in overall {
 16.                 egen wt`Y'`b' = mean(`Y'pop) if year>=`b' & cleansample ==
> 1 , by(statenum quarterdate)
 17.         }
 18.         foreach Y in overall {
 19.                 global weightind_all_`Y'`b' "[aw=wt`Y'`b']"
 20.                 global weightind_mstrad_`Y'`b' "[aw=wt`Y'`b']"
 21.                 global weightind_msnontrad_`Y'`b' "[aw=wt`Y'`b']"
 22.                 global weightind_msother_`Y'`b' "[aw=wt`Y'`b']"
 23.                 global weightind_mscon_`Y'`b' "[aw=wt`Y'`b']"
 24.                 global weightind_retail_`Y'`b' "[aw=wt`Y'`b']"
 25.                 global weightind_rest_`Y'`b' "[aw=wt`Y'`b']"
 26.                 global weightind_manuf_`Y'`b' "[aw=wt`Y'`b']"
 27.         }
 28. 
.         *********************************************************************
> ***********
.         **************     Sample and Control Specific Macros           *****
> ***********
.         *********************************************************************
> ***********
.         local limittreat "_stateonly"
 29. 
.         *********************************************************************
> ***********
.         **************      To name the graph              ******************
> ***********
.         *********************************************************************
> ***********
.         if "${disagg}" == "Y"{
 30.         local temp1 "disaggcont"
 31.         }
 32.         else{
 33.         local temp1 "aggcont"
 34.         }
 35. 
.         if "$controlmethod" == "Linear"{
 36.         local temp2 "L"
 37.         }
 38.         else{
 39.         if "$controlmethod" == "None"{
 40.         local temp1 "nocont"
 41.         }
 42.         else{
 43.         local temp2 "A"
 44.         }
 45.         }
 46.         cap drop one
 47.         cap drop counter
 48.         g one =1
 49.         gen counter = ((_n-1)*4) - $Tmin if _n<=8
 50. 
.         foreach s in  0 1  4  5  6 10  11 12 {
 51.                 cap drop be_timeb
 52.                 cap drop be_timese
 53.                 cap drop be_timeupper
 54.                 cap drop be_timelower
 55. 
.                 g be_timeb=.
 56.                 g be_timese=.
 57.                 g be_timeupper=.
 58.                 g be_timelower=.
 59. 
.                 replace be_timeb=0 if counter==-4
 60.                 replace be_timese=0 if counter==-4
 61.                 replace be_timeupper=0 if counter==-4
 62.                 replace be_timelower=0 if counter==-4
 63.         }
 64. 
.         *********************************************************************
> ***********
.         ***************          Useful to Find Below Share Wages            
>    ********
.         *********************************************************************
> ***********
.         cap drop statequarterdate
 65.         egen statequarterdate = group(state quarterdate)
 66.         sort statequarterdate wagebins
 67. 
.         foreach vv in ind_all_ ind_mstrad_ ind_msnontrad_ ind_msother_ ind_ms
> con_ ind_retail_ ind_rest_ ind_manuf_ {
 68.                 cap drop `vv'overallWB*
 69.                 g `vv'overallWBFH = wagebins*`vv'overallcount/(100)
 70.                 g `vv'overallWBpcFH = wagebins*`vv'overallcount/(100*popul
> ation)
 71. 
.                 cap drop `vv'overallWBpcrsumFH
 72.                 g `vv'overallWBpcrsumFH=0
 73.                 replace `vv'overallWBpcrsumFH = `vv'overallWBpcFH if wageb
> ins==100
 74.                 replace `vv'overallWBpcrsumFH = `vv'overallWBpcrsumFH[_n-1
> ] + `vv'overallWBpcFH if wagebins>100
 75. 
.                 cap drop `vv'overallcountpcrsum
 76.                 g `vv'overallcountpcrsum=0
 77.                 replace `vv'overallcountpcrsum = `vv'overallcountpc if wag
> ebins==100
 78.                 replace `vv'overallcountpcrsum = `vv'overallcountpcrsum[_n
> -1] + `vv'overallcountpc if wagebins>100
 79. 
.         }
 80. 
.         *********************************************************************
> ***********
.         **********************       REGRESSIONS AND FIGURES        *********
> ***********
.         *********************************************************************
> ***********
.         xtset wagebinstate quarterdate
 81.         compress
 82. 
.         foreach Y in ind_all_overall ind_mstrad_overall ind_msnontrad_overall
>  ind_msother_overall ind_mscon_overall ind_retail_overall ind_rest_overall in
> d_manuf_overall {
 83. 
.                 ***  define MW change ***
.                 sum DMW_real if fedincrease!=1 & overallcountgr>0 & year>=`b'
>  & cleansample ==1   ${weight`Y'`b'}
 84.                 local mwc = r(mean)
 85.                 sum MW_real if  F.fedincrease!=1 & F.overallcountgr>0 & ye
> ar>=`b' & cleansample ==1   ${weight`Y'`b'}
 86.                 local mw = r(mean)
 87.                 local mwpc = `mwc'/`mw'
 88.                 local mwpc2 : di  %04.3f `mwpc'
 89. 
.                 * define worker count
.                 sum `Y'samplesize if year>=`b' & cleansample ==1
 90.                 local workercount : di %15.0gc r(sum)
 91. 
.                 * EPOP mean
.                 sum `Y'countpcall if ((F.fedincrease != 1 & F.fedincrease != 
> . & F.overallcountgr>0 & F.overallcountgr!=. ) | ///
>                 (F2.fedincrease != 1 & F2.overallcountgr>0 & F2.fedincrease !
> = . & F2.overallcountgr!=. ) ///
>                 | (F3.fedincrease != 1 & F3.overallcountgr>0 & F3.fedincrease
>  != . & F3.overallcountgr!=. ) ///
>                 | (F4.fedincrease != 1 & F4.overallcountgr>0 & F4.fedincrease
>  != . & F4.overallcountgr!=. ) ) & year>=`b' & cleansample ==1 ///
>                  ${weight`Y'`b'}                 
 92.                 local epop = r(mean)
 93. 
.                 global E = `epop'
 94.                 global C = 1/(`epop'*`mwpc')
 95. 
.                 *Below share
.                 sum `Y'countpcrsum if ( F.fedincrease!=1 & F.overallcountgr>0
>  & F.fedincrease!=. & F.overallcountgr!=.  & (wagebins+25)/100==F1MW_realM25)
>  | ///
>                  ( F2.fedincrease!=1 & F2.overallcountgr>0 & F2.fedincrease!=
> . & F2.overallcountgr!=. & (wagebins+25)/100==F2MW_realM25 ) | ///
>                 ( F3.fedincrease!=1 & F3.overallcountgr>0 & F3.fedincrease!=.
>  & F3.overallcountgr!=.  & (wagebins+25)/100==F3MW_realM25) | ///
>                  ( F4.fedincrease!=1 & F4.overallcountgr>0 & F4.fedincrease!=
> . & F4.overallcountgr!=. & (wagebins+25)/100==F4MW_realM25 ) ///
>                 & year>=`b' & cleansample ==1      ${weight`Y'`b'}
 96. 
.                 global B = r(mean)/${E}
 97.                 local belsh2 : di  %04.3f $B
 98. 
.                 *Affected share
.                 sum `Y'countpcrsum if (  F.fedincrease!=1 & F.overallcountgr>
> 0 & F.fedincrease!=. & F.overallcountgr!=.  & (wagebins)/100==MW_realM25) | /
> //
>                  ( F2.fedincrease!=1 & F2.overallcountgr>0 & F2.fedincrease!=
> . & F2.overallcountgr!=. & (wagebins)/100==MW_realM25 ) | ///
>                 ( F3.fedincrease!=1 & F3.overallcountgr>0 & F3.fedincrease!=.
>  & F3.overallcountgr!=.  & (wagebins)/100==MW_realM25) | ///
>                  ( F4.fedincrease!=1 & F4.overallcountgr>0 & F4.fedincrease!=
> . & F4.overallcountgr!=. & (wagebins)/100==MW_realM25 ) ///
>                 & year>=`b' & cleansample ==1     ${weight`Y'`b'}
 99. 
.                 global AS`Y' = $B - (r(mean)/${E})
100.                 local affsh`Y' : di  %04.3f ${AS`Y'}
101. 
. 
.                 *************************************************************
> ***
.                 *************    Wagebill related globals       *************
> ***
.                 *************************************************************
> ***
.                 sum `Y'WBpcrsumFH if (  F.fedincrease!=1 & F.overallcountgr>0
>  & F.fedincrease!=. & F.overallcountgr!=.   & (wagebins+25)/100==F1MW_realM25
> ) | ///
>                  (F2.fedincrease!=1 & F2.overallcountgr>0 & F2.fedincrease!=.
>  & F2.overallcountgr!=. & (wagebins+25)/100==F2MW_realM25 ) | ///
>                 (F3.fedincrease!=1 & F3.overallcountgr>0 & F3.fedincrease!=. 
> & F3.overallcountgr!=.  & (wagebins+25)/100==F3MW_realM25) | ///
>                  (  F4.fedincrease!=1 & F4.overallcountgr>0 & F4.fedincrease!
> =. & F4.overallcountgr!=.  & (wagebins+25)/100==F4MW_realM25 ) ///
>                 & year>=`b' & cleansample ==1     ${weight`Y'`b'}
102. 
.                 global EWB = r(mean)
103.                 local EWB2 : di  %04.3f $EWB
104.                 cap drop tempweight
105.                 global CWB = 1/(${EWB}*`mwpc')
106. 
.                 sum wagebins if treat_p0 == 1  & year>=`b' & cleansample ==1 
>   ${weight`Y'`b'}, meanonly
107.                 global wagemult = r(mean)/100
108. 
.                 *We have to do this here because multipliers are calculated i
> n the loop.
.                 abovebelowWBbunch,wagemult(${wagemult})
109.                 abovebelowWBfull
110. 
.                 foreach s in  1 {
111.                         
.                         *** REGRESSION ***
.                         di "${rtype`s'} `Y'countpc  ${treatafter} one if  yea
> r>=`b'  & cleansample==1 ${if`s'}  ${weight`Y'`b'} , a(${a`s'}  ${control} ${
> controlbefore} ${controlf} ${window} )  cluster(statenum)"
112.                         ${rtype`s'} `Y'countpc  ${treatafter} one if  year
> >=`b'  & cleansample==1 ${if`s'}  ${weight`Y'`b'} , a(${a`s'}  ${control} ${c
> ontrolbefore} ${controlf} ${window} )  cluster(statenum)
113.                         est save "${estimates}`Y'after`limitsample'`limitt
> reat'_`s'_`Y'_`beginyear'`endyear'_`temp1'_`temp2'_${Tmax}${Tmin}", replace
114.                         
. 
.                         est use "${estimates}`Y'after`limitsample'`limittreat
> '_`s'_`Y'_`beginyear'`endyear'_`temp1'_`temp2'_${Tmax}${Tmin}"
115.                         local dof = e(df_r)
116.                         local numberobs : di %15.0gc e(N)
117.                         count if fedincrease!=1 & overallcountgr>0 & wageb
> ins==300 & year >= `b'        // The wage bin does not matter.
118.                         local numberevent : di %15.0gc r(N)
119.                         local denominator = (1/(1+(${Tmax}/4)))
120. 
. 
.                         *****************************************************
> ***************
.                         ****************          Table           ***********
> ***************
.                         *****************************************************
> ***************
.                         est use "${estimates}`Y'after`limitsample'`limittreat
> '_`s'_`Y'_`beginyear'`endyear'_`temp1'_`temp2'_${Tmax}${Tmin}"
121. 
.                         lincomestadd (${below_full})*(4*`denominator')*(1/${E
> })                                                 , statname(below_E)       
>                       // Multiplying by 4 because bins are in 25 cent precisi
> on. To average by time, dividing by 5.
122.                         lincomestadd (${above_full})*(4*`denominator')*(1/
> ${E})                                                 , statname(above_E)    
>                                  // Multiplying by 4 because bins are in 25 c
> ent precision. To average by time, dividing by 5.
123.                         lincomestadd ((${below_full} + ${above_full})*(4*`
> denominator')*(1/${E}))/${B}  , statname(bunching_E)                         
>  // Multiplying by 4 because bins are in 25 cent precision. To average by tim
> e, dividing by 5.
124.                         lincomestadd (${below_full} + ${above_full})*(4*`d
> enominator')*${C}                             , statname(bunchelas_E)        
>                  // Multiplying by 4 because bins are in 25 cent precision. T
> o average by time, dividing by 5.
125. 
.                         nlcomestadd ((((${belowWB_full}+${aboveWB_full})*(4*`
> denominator')/$EWB ) - ///
>                         (((${below_full} + ${above_full})*(4*`denominator')*(
> 1/${E}))/${B}))) / ///
>                         (1+(((${below_full} + ${above_full})*(4*`denominator'
> )*(1/${E}))/${B}))         , statname(WB_E)  dof(`dof')                      
>               // Multiplying by 4 because bins are in 25 cent precision. To a
> verage by time, dividing by 5.
126. 
.                         nlcomestadd (((${below_full} + ${above_full})*(4*`den
> ominator')*(1/${E}))/${B}) /  ///
>                         (((((${belowWB_full}+${aboveWB_full})*(4*`denominator
> ')/$EWB ) - ///
>                         (((${below_full} + ${above_full})*(4*`denominator')*(
> 1/${E}))/${B}))) / ///
>                         (1+(((${below_full} + ${above_full})*(4*`denominator'
> )*(1/${E}))/${B})))                , statname(labordem_E)   dof(`dof')       
>                       // Multiplying by 4 because bins are in 25 cent precisi
> on. To average by time, dividing by 5.
127. 
.                         estadd local numobs "\multicolumn{1}{c}{`numberobs'}"
128.                         estadd local numevent "\multicolumn{1}{c}{`numbere
> vent'}"
129.                         estadd local minwpc     = "`mwpc2'"
130.                         estadd local belsh      = "`belsh2'"
131.                         estadd local wagebinstate               = "Y"
132.                         estadd local workercount = "\multicolumn{1}{c}{`wo
> rkercount'}"
133. 
.                                 estadd local wagebinperiod              = "Y"
134.                         *For name only
.                         if "`Y'"== "ind_all_overall"{
135.                                 local z "all"
136.                                 local title "Overall"
137.                         }
138.                         if "`Y'"== "ind_mstrad_overall"{
139.                                 local z "mstrad"
140.                                 local title "Tradable"
141.                         }
142.                         if "`Y'"== "ind_msnontrad_overall"{
143.                                 local z "msnontrad"
144.                                 local title "Nontradable"
145.                         }
146.                         if "`Y'"== "ind_msother_overall"{
147.                                 local z "msother"
148.                                 local title "Other"
149.                         }
150.                         if "`Y'"== "ind_mscon_overall"{
151.                                 local z "mscon"
152.                                 local title "Construction"
153.                         }
154.                         if "`Y'"== "ind_rest_overall"{
155.                                 local z "rest"
156.                                 local title "Restaurants"
157.                         }
158.                         if "`Y'"== "ind_retail_overall"{
159.                                 local z "retail"
160.                                 local title "Retail"
161.                         }
162.                         if "`Y'"== "ind_manuf_overall"{
163.                                 local z "manuf"
164.                                 local title "Manufacturing"
165.                         }
166. 
.                         eststo ta_ind_`b'_`z', title(`title')
167.                         di "stored estimates called ta_ind_`b'_`z'" _n(3)
168.                 }
169.         }
170. 
. esttab ta_ind_`b'_all ta_ind_`b'_mstrad ta_ind_`b'_msnontrad ta_ind_`b'_mscon
>  ta_ind_`b'_msother ta_ind_`b'_rest ta_ind_`b'_retail ta_ind_`b'_manuf using 
> "${tables}Table3.tex", replace stats(below_Eb below_Ese above_Eb above_Ese bl
> ankspace WB_Eb WB_Ese bunching_Eb bunching_Ese blankspace bunchelas_Eb bunche
> las_Ese labordem_Eb labordem_Ese blankspace belsh minwpc numevent numobs work
> ercount, label("Missing jobs below MW (`=char(36)' \Delta `=char(36)' b)" " "
>  "Excess jobs above MW (`=char(36)' \Delta `=char(36)' a)"  " " " "   "\%`=ch
> ar(36)'\Delta`=char(36)' affected wages" " " "\%`=char(36)'\Delta`=char(36)' 
> affected employment " " " " "  "Employment elasticity w.r.t. MW" " " "Emp. el
> asticity w.r.t. affected wage" " " " " "Below Share (`=char(36)'\overline{b}\
>  _{-1}`=char(36)')" "\%`=char(36)'\Delta`=char(36)' MW" "\# of events " "Obse
> rvations" "\# of workers in the sample")) nodep nogaps cells(none) nomtitles 
> fragment booktabs mlabels(,titles prefix(\multicolumn{@span}{c}{) suffix(}) s
> pan) substitute(\_ _)
171. }
(variable quarterdate was int, now float to accommodate using data's values)

    Result                      Number of obs
    -----------------------------------------
    Not matched                             0
    Matched                           596,700  
    -----------------------------------------
(458,026 real changes made)
(180,008 real changes made)
(181,893 real changes made)
(386,873 real changes made)
(154,580 real changes made)
(169,332 real changes made)
(92,156 real changes made)
(177,540 real changes made)
(41,769 missing values generated)
(596,692 missing values generated)
(596,700 missing values generated)
(596,700 missing values generated)
(596,700 missing values generated)
(596,700 missing values generated)
(1 real change made)
(1 real change made)
(1 real change made)
(1 real change made)
(596,700 missing values generated)
(596,700 missing values generated)
(596,700 missing values generated)
(596,700 missing values generated)
(1 real change made)
(1 real change made)
(1 real change made)
(1 real change made)
(596,700 missing values generated)
(596,700 missing values generated)
(596,700 missing values generated)
(596,700 missing values generated)
(1 real change made)
(1 real change made)
(1 real change made)
(1 real change made)
(596,700 missing values generated)
(596,700 missing values generated)
(596,700 missing values generated)
(596,700 missing values generated)
(1 real change made)
(1 real change made)
(1 real change made)
(1 real change made)
(596,700 missing values generated)
(596,700 missing values generated)
(596,700 missing values generated)
(596,700 missing values generated)
(1 real change made)
(1 real change made)
(1 real change made)
(1 real change made)
(596,700 missing values generated)
(596,700 missing values generated)
(596,700 missing values generated)
(596,700 missing values generated)
(1 real change made)
(1 real change made)
(1 real change made)
(1 real change made)
(596,700 missing values generated)
(596,700 missing values generated)
(596,700 missing values generated)
(596,700 missing values generated)
(1 real change made)
(1 real change made)
(1 real change made)
(1 real change made)
(596,700 missing values generated)
(596,700 missing values generated)
(596,700 missing values generated)
(596,700 missing values generated)
(1 real change made)
(1 real change made)
(1 real change made)
(1 real change made)
(2,108 real changes made)
(576,428 real changes made)
(2,108 real changes made)
(576,428 real changes made)
(343 real changes made)
(474,713 real changes made)
(343 real changes made)
(474,713 real changes made)
(298 real changes made)
(548,995 real changes made)
(298 real changes made)
(548,995 real changes made)
(1,559 real changes made)
(556,817 real changes made)
(1,559 real changes made)
(556,817 real changes made)
(369 real changes made)
(482,931 real changes made)
(369 real changes made)
(482,931 real changes made)
(256 real changes made)
(498,553 real changes made)
(256 real changes made)
(498,553 real changes made)
(112 real changes made)
(544,107 real changes made)
(112 real changes made)
(544,107 real changes made)
(336 real changes made)
(474,408 real changes made)
(336 real changes made)
(474,408 real changes made)

Panel variable: wagebinstate (strongly balanced)
 Time variable: quarterdate, 128 to 227
         Delta: 1 unit
  variable quarterdate was float now int
  variable one was float now byte
  variable counter was float now byte
  variable be_timeb was float now byte
  variable be_timese was float now byte
  variable be_timeupper was float now byte
  variable be_timelower was float now byte
  variable statequarterdate was float now int
  (13,127,400 bytes saved)

    Variable |     Obs      Weight        Mean   Std. dev.       Min        Max
-------------+-----------------------------------------------------------------
    DMW_real |  13,689  7.7651e+10    .7789518   .3823315   .2514448   2.193727

    Variable |     Obs      Weight        Mean   Std. dev.       Min        Max
-------------+-----------------------------------------------------------------
     MW_real |  19,656  1.0746e+11    7.945503   .9205379   6.075942   11.42869

    Variable |        Obs        Mean    Std. dev.       Min        Max
-------------+---------------------------------------------------------
ind_all_ov~e |    423,733    6.260527    15.95629          1        701

    Variable |     Obs      Weight        Mean   Std. dev.       Min        Max
-------------+-----------------------------------------------------------------
ind_all~call |  54,054  3.0511e+11    .5698331   .0648482     .45833   1.447222

    Variable |     Obs      Weight        Mean   Std. dev.       Min        Max
-------------+-----------------------------------------------------------------
ind_all_ov~m |     465  2.6278e+09    .0494099   .0163925   .0096957   .1643356

    Variable |     Obs      Weight        Mean   Std. dev.       Min        Max
-------------+-----------------------------------------------------------------
ind_all_ov~m |     462  2.6078e+09    .0363854   .0146935    .004078   .1513094

    Variable |     Obs      Weight        Mean   Std. dev.       Min        Max
-------------+-----------------------------------------------------------------
ind_all_~mFH |     465  2.6278e+09    .3553077    .149455   .0658011   1.199386
Make sure that belowL16 and aboveL16 exists. Otherwise the program does not wor
> k. Assertion will be false.
reghdfe ind_all_overallcountpc   treat_m4 treat_m3 treat_m2 treat_m1 treat_p0 t
> reat_p1 treat_p2 treat_p3 treat_p4 L4treat_m4 L4treat_m3 L4treat_m2 L4treat_m
> 1 L4treat_p0 L4treat_p1 L4treat_p2 L4treat_p3 L4treat_p4 L8treat_m4 L8treat_m
> 3 L8treat_m2 L8treat_m1 L8treat_p0 L8treat_p1 L8treat_p2 L8treat_p3 L8treat_p
> 4 L12treat_m4 L12treat_m3 L12treat_m2 L12treat_m1 L12treat_p0 L12treat_p1 L12
> treat_p2 L12treat_p3 L12treat_p4 L16treat_m4 L16treat_m3 L16treat_m2 L16treat
> _m1 L16treat_p0 L16treat_p1 L16treat_p2 L16treat_p3 L16treat_p4 one if  year>
> =1992  & cleansample==1   [aw=wtoverall1992] , a(i.wagebinstate i.wagequarter
> date    postcont_m  precont_m  earlycont_m  postcont_p  precont_p  earlycont_
> p    i.one#c.F12treat_m4 i.one#c.F12treat_m3 i.one#c.F12treat_m2 i.one#c.F12t
> reat_m1 i.one#c.F12treat_p0 i.one#c.F12treat_p1 i.one#c.F12treat_p2 i.one#c.F
> 12treat_p3 i.one#c.F12treat_p4 i.one#c.F8treat_m4 i.one#c.F8treat_m3 i.one#c.
> F8treat_m2 i.one#c.F8treat_m1 i.one#c.F8treat_p0 i.one#c.F8treat_p1 i.one#c.F
> 8treat_p2 i.one#c.F8treat_p3 i.one#c.F8treat_p4   postcontf_m  precontf_m  ea
> rlycontf_m  postcontf_p  precontf_p  earlycontf_p    i.one#c.window_m4  i.one
> #c.window_m3  i.one#c.window_m2  i.one#c.window_m1  i.one#c.window_p0  i.one#
> c.window_p1  i.one#c.window_p2  i.one#c.window_p3  i.one#c.window_p4  )  clus
> ter(statenum)
(MWFE estimator converged in 25 iterations)
note: one is probably collinear with the fixed effects (all partialled-out valu
> es are close to zero; tol = 1.0e-09)

HDFE Linear regression                            Number of obs   =    554,931
Absorbing 41 HDFE groups                          F(  45,     50) =    1435.49
Statistics robust to heteroskedasticity           Prob > F        =     0.0000
                                                  R-squared       =     0.9516
                                                  Adj R-squared   =     0.9501
                                                  Within R-sq.    =     0.0049
Number of clusters (statenum) =         51        Root MSE        =     0.0026

                              (Std. err. adjusted for 51 clusters in statenum)
------------------------------------------------------------------------------
             |               Robust
ind_all_ov~c | Coefficient  std. err.      t    P>|t|     [95% conf. interval]
-------------+----------------------------------------------------------------
    treat_m4 |  -.0000342   .0000569    -0.60   0.551    -.0001485    .0000801
    treat_m3 |  -.0001069   .0000399    -2.68   0.010     -.000187   -.0000268
    treat_m2 |  -.0006146   .0001232    -4.99   0.000    -.0008622   -.0003671
    treat_m1 |  -.0024711   .0004049    -6.10   0.000    -.0032843   -.0016579
    treat_p0 |   .0025901   .0003842     6.74   0.000     .0018185    .0033618
    treat_p1 |   .0003628   .0001617     2.24   0.029     .0000379    .0006877
    treat_p2 |   .0001003   .0000986     1.02   0.314    -.0000977    .0002983
    treat_p3 |    .000427   .0001079     3.96   0.000     .0002103    .0006438
    treat_p4 |    .000054   .0001037     0.52   0.605    -.0001543    .0002624
  L4treat_m4 |  -.0000769   .0000666    -1.16   0.253    -.0002107    .0000568
  L4treat_m3 |  -.0001108   .0000659    -1.68   0.099    -.0002431    .0000215
  L4treat_m2 |  -.0002086   .0001785    -1.17   0.248     -.000567    .0001499
  L4treat_m1 |  -.0024744   .0006382    -3.88   0.000    -.0037562   -.0011927
  L4treat_p0 |   .0021154    .000296     7.15   0.000     .0015209    .0027099
  L4treat_p1 |   .0002393    .000199     1.20   0.235    -.0001603     .000639
  L4treat_p2 |   .0000273   .0001563     0.17   0.862    -.0002865    .0003411
  L4treat_p3 |   .0002715   .0001115     2.44   0.018     .0000476    .0004954
  L4treat_p4 |   .0000953   .0000948     1.01   0.320    -.0000951    .0002857
  L8treat_m4 |  -.0001032   .0000767    -1.34   0.185    -.0002574    .0000509
  L8treat_m3 |  -.0000947   .0000625    -1.51   0.136    -.0002203    .0000309
  L8treat_m2 |  -.0002281   .0001096    -2.08   0.043    -.0004483   -7.96e-06
  L8treat_m1 |  -.0023451   .0006267    -3.74   0.000    -.0036039   -.0010862
  L8treat_p0 |   .0023846   .0003719     6.41   0.000     .0016377    .0031316
  L8treat_p1 |   .0001983   .0002131     0.93   0.356    -.0002297    .0006263
  L8treat_p2 |   .0001328    .000182     0.73   0.469    -.0002328    .0004984
  L8treat_p3 |   .0002349    .000128     1.84   0.072    -.0000221    .0004919
  L8treat_p4 |  -.0000677   .0001022    -0.66   0.511     -.000273    .0001376
 L12treat_m4 |  -.0001457   .0000834    -1.75   0.087    -.0003132    .0000218
 L12treat_m3 |  -.0000444   .0000509    -0.87   0.387    -.0001467    .0000578
 L12treat_m2 |  -.0003089   .0001301    -2.37   0.021    -.0005703   -.0000476
 L12treat_m1 |  -.0023364   .0005909    -3.95   0.000    -.0035233   -.0011494
 L12treat_p0 |   .0022263   .0003679     6.05   0.000     .0014873    .0029653
 L12treat_p1 |  -.0000947   .0002092    -0.45   0.653    -.0005149    .0003255
 L12treat_p2 |   .0001435   .0000936     1.53   0.131    -.0000445    .0003315
 L12treat_p3 |   .0004262   .0001012     4.21   0.000     .0002229    .0006295
 L12treat_p4 |   .0002051    .000138     1.49   0.143     -.000072    .0004823
 L16treat_m4 |  -.0001503   .0000672    -2.24   0.030    -.0002853   -.0000153
 L16treat_m3 |  -.0001206   .0000645    -1.87   0.068    -.0002502    9.03e-06
 L16treat_m2 |  -.0002847   .0001016    -2.80   0.007    -.0004888   -.0000805
 L16treat_m1 |   -.001408   .0004312    -3.27   0.002    -.0022741   -.0005419
 L16treat_p0 |   .0019049   .0002656     7.17   0.000     .0013714    .0024385
 L16treat_p1 |  -.0001185   .0002578    -0.46   0.648    -.0006363    .0003993
 L16treat_p2 |  -7.73e-07   .0001584    -0.00   0.996    -.0003189    .0003173
 L16treat_p3 |   .0004392   .0000836     5.25   0.000     .0002713    .0006072
 L16treat_p4 |  -.0001283   .0001278    -1.00   0.320    -.0003849    .0001284
         one |          0  (omitted)
       _cons |   .0048861   6.86e-06   712.19   0.000     .0048724    .0048999
------------------------------------------------------------------------------

Absorbed degrees of freedom:
-----------------------------------------------------------+
       Absorbed FE | Categories  - Redundant  = Num. Coefs |
-------------------+---------------------------------------|
      wagebinstate |      5967        5967           0    *|
   wagequarterdate |     10881           1       10880     |
        postcont_m |         7           1           6     |
         precont_m |         4           1           3    ?|
       earlycont_m |         4           1           3    ?|
        postcont_p |         7           1           6    ?|
         precont_p |         4           1           3    ?|
       earlycont_p |         4           1           3    ?|
 one#c.F12treat_m4 |         1           0           1    ?|
 one#c.F12treat_m3 |         1           0           1    ?|
 one#c.F12treat_m2 |         1           0           1    ?|
 one#c.F12treat_m1 |         1           0           1    ?|
 one#c.F12treat_p0 |         1           0           1    ?|
 one#c.F12treat_p1 |         1           0           1    ?|
 one#c.F12treat_p2 |         1           0           1    ?|
 one#c.F12treat_p3 |         1           0           1    ?|
 one#c.F12treat_p4 |         1           0           1    ?|
  one#c.F8treat_m4 |         1           0           1    ?|
  one#c.F8treat_m3 |         1           0           1    ?|
  one#c.F8treat_m2 |         1           0           1    ?|
  one#c.F8treat_m1 |         1           0           1    ?|
  one#c.F8treat_p0 |         1           0           1    ?|
  one#c.F8treat_p1 |         1           0           1    ?|
  one#c.F8treat_p2 |         1           0           1    ?|
  one#c.F8treat_p3 |         1           0           1    ?|
  one#c.F8treat_p4 |         1           0           1    ?|
       postcontf_m |         4           1           3    ?|
        precontf_m |         3           1           2    ?|
      earlycontf_m |         3           1           2    ?|
       postcontf_p |         4           1           3    ?|
        precontf_p |         3           1           2    ?|
      earlycontf_p |         3           1           2    ?|
   one#c.window_m4 |         1           0           1    ?|
   one#c.window_m3 |         1           0           1    ?|
   one#c.window_m2 |         1           0           1    ?|
   one#c.window_m1 |         1           0           1    ?|
   one#c.window_p0 |         1           0           1    ?|
   one#c.window_p1 |         1           0           1    ?|
   one#c.window_p2 |         1           0           1    ?|
   one#c.window_p3 |         1           0           1    ?|
   one#c.window_p4 |         1           0           1    ?|
-----------------------------------------------------------+
? = number of redundant parameters may be higher
* = FE nested within cluster; treated as redundant for DoF computation
file /Users/brycewang/Documents/GitHub/top5-Econ-Paper-Replications/QJE2019-Min
> imum-Wages-Low-Wage-Jobs/Results/estimates/ind_all_overallafter_stateonly_1_i
> nd_all_overall_19922016_aggcont_A_1612.ster saved
  118

 ( 1)  1.40392*treat_m4 + 1.40392*treat_m3 + 1.40392*treat_m2 +
       1.40392*treat_m1 + 1.40392*L4treat_m4 + 1.40392*L4treat_m3 +
       1.40392*L4treat_m2 + 1.40392*L4treat_m1 + 1.40392*L8treat_m4 +
       1.40392*L8treat_m3 + 1.40392*L8treat_m2 + 1.40392*L8treat_m1 +
       1.40392*L12treat_m4 + 1.40392*L12treat_m3 + 1.40392*L12treat_m2 +
       1.40392*L12treat_m1 + 1.40392*L16treat_m4 + 1.40392*L16treat_m3 +
       1.40392*L16treat_m2 + 1.40392*L16treat_m1 = 0

------------------------------------------------------------------------------
ind_all_ov~c | Coefficient  Std. err.      t    P>|t|     [95% conf. interval]
-------------+----------------------------------------------------------------
         (1) |  -.0191882   .0039276    -4.89   0.000     -.027077   -.0112994
------------------------------------------------------------------------------

added macro:
           e(below_Eb) : "-0.019***"

added macro:
          e(below_Ese) : "(0.004)"

 ( 1)  1.40392*treat_p0 + 1.40392*treat_p1 + 1.40392*treat_p2 +
       1.40392*treat_p3 + 1.40392*treat_p4 + 1.40392*L4treat_p0 +
       1.40392*L4treat_p1 + 1.40392*L4treat_p2 + 1.40392*L4treat_p3 +
       1.40392*L4treat_p4 + 1.40392*L8treat_p0 + 1.40392*L8treat_p1 +
       1.40392*L8treat_p2 + 1.40392*L8treat_p3 + 1.40392*L8treat_p4 +
       1.40392*L12treat_p0 + 1.40392*L12treat_p1 + 1.40392*L12treat_p2 +
       1.40392*L12treat_p3 + 1.40392*L12treat_p4 + 1.40392*L16treat_p0 +
       1.40392*L16treat_p1 + 1.40392*L16treat_p2 + 1.40392*L16treat_p3 +
       1.40392*L16treat_p4 = 0

------------------------------------------------------------------------------
ind_all_ov~c | Coefficient  Std. err.      t    P>|t|     [95% conf. interval]
-------------+----------------------------------------------------------------
         (1) |   .0198924   .0029701     6.70   0.000     .0139269    .0258579
------------------------------------------------------------------------------

added macro:
           e(above_Eb) : "0.020***"

added macro:
          e(above_Ese) : "(0.003)"

 ( 1)  16.19108*treat_m4 + 16.19108*treat_m3 + 16.19108*treat_m2 +
       16.19108*treat_m1 + 16.19108*treat_p0 + 16.19108*treat_p1 +
       16.19108*treat_p2 + 16.19108*treat_p3 + 16.19108*treat_p4 +
       16.19108*L4treat_m4 + 16.19108*L4treat_m3 + 16.19108*L4treat_m2 +
       16.19108*L4treat_m1 + 16.19108*L4treat_p0 + 16.19108*L4treat_p1 +
       16.19108*L4treat_p2 + 16.19108*L4treat_p3 + 16.19108*L4treat_p4 +
       16.19108*L8treat_m4 + 16.19108*L8treat_m3 + 16.19108*L8treat_m2 +
       16.19108*L8treat_m1 + 16.19108*L8treat_p0 + 16.19108*L8treat_p1 +
       16.19108*L8treat_p2 + 16.19108*L8treat_p3 + 16.19108*L8treat_p4 +
       16.19108*L12treat_m4 + 16.19108*L12treat_m3 + 16.19108*L12treat_m2 +
       16.19108*L12treat_m1 + 16.19108*L12treat_p0 + 16.19108*L12treat_p1 +
       16.19108*L12treat_p2 + 16.19108*L12treat_p3 + 16.19108*L12treat_p4 +
       16.19108*L16treat_m4 + 16.19108*L16treat_m3 + 16.19108*L16treat_m2 +
       16.19108*L16treat_m1 + 16.19108*L16treat_p0 + 16.19108*L16treat_p1 +
       16.19108*L16treat_p2 + 16.19108*L16treat_p3 + 16.19108*L16treat_p4 = 0

------------------------------------------------------------------------------
ind_all_ov~c | Coefficient  Std. err.      t    P>|t|     [95% conf. interval]
-------------+----------------------------------------------------------------
         (1) |    .008121   .0307324     0.26   0.793    -.0536069    .0698489
------------------------------------------------------------------------------

added macro:
        e(bunching_Eb) : "0.008"

added macro:
       e(bunching_Ese) : "(0.031)"

 ( 1)  14.32033*treat_m4 + 14.32033*treat_m3 + 14.32033*treat_m2 +
       14.32033*treat_m1 + 14.32033*treat_p0 + 14.32033*treat_p1 +
       14.32033*treat_p2 + 14.32033*treat_p3 + 14.32033*treat_p4 +
       14.32033*L4treat_m4 + 14.32033*L4treat_m3 + 14.32033*L4treat_m2 +
       14.32033*L4treat_m1 + 14.32033*L4treat_p0 + 14.32033*L4treat_p1 +
       14.32033*L4treat_p2 + 14.32033*L4treat_p3 + 14.32033*L4treat_p4 +
       14.32033*L8treat_m4 + 14.32033*L8treat_m3 + 14.32033*L8treat_m2 +
       14.32033*L8treat_m1 + 14.32033*L8treat_p0 + 14.32033*L8treat_p1 +
       14.32033*L8treat_p2 + 14.32033*L8treat_p3 + 14.32033*L8treat_p4 +
       14.32033*L12treat_m4 + 14.32033*L12treat_m3 + 14.32033*L12treat_m2 +
       14.32033*L12treat_m1 + 14.32033*L12treat_p0 + 14.32033*L12treat_p1 +
       14.32033*L12treat_p2 + 14.32033*L12treat_p3 + 14.32033*L12treat_p4 +
       14.32033*L16treat_m4 + 14.32033*L16treat_m3 + 14.32033*L16treat_m2 +
       14.32033*L16treat_m1 + 14.32033*L16treat_p0 + 14.32033*L16treat_p1 +
       14.32033*L16treat_p2 + 14.32033*L16treat_p3 + 14.32033*L16treat_p4 = 0

------------------------------------------------------------------------------
ind_all_ov~c | Coefficient  Std. err.      t    P>|t|     [95% conf. interval]
-------------+----------------------------------------------------------------
         (1) |   .0071827   .0271815     0.26   0.793    -.0474131    .0617784
------------------------------------------------------------------------------

added macro:
       e(bunchelas_Eb) : "0.007"

added macro:
      e(bunchelas_Ese) : "(0.027)"

       _nl_1: ((((((_b[treat_m1])*(8.864712118984865-1) ) + ((_b[treat_m2])*(8.
> 864712118984865-2) ) + ((_b[treat_m3])*(8.864712118984865-3) ) + ((_b[treat_m
> 4])*(8.864712118984865-4) ) + ((_b[L4treat_m1])*(8.864712118984865-1) ) + ((_
> b[L4treat_m2])*(8.864712118984865-2)) + ((_b[L4treat_m3])*(8.864712118984865-
> 3)) + ((_b[L4treat_m4])*(8.864712118984865-4)) + ((_b[L8treat_m1])*(8.8647121
> 18984865-1) ) + ((_b[L8treat_m2])*(8.864712118984865-2)) + ((_b[L8treat_m3])*
> (8.864712118984865-3)) + ((_b[L8treat_m4])*(8.864712118984865-4)) + ((_b[L12t
> reat_m1])*(8.864712118984865-1) ) + ((_b[L12treat_m2])*(8.864712118984865-2))
>  + ((_b[L12treat_m3])*(8.864712118984865-3)) + ((_b[L12treat_m4])*(8.86471211
> 8984865-4)) + ((_b[L16treat_m1])*(8.864712118984865-1) ) + ((_b[L16treat_m2])
> *(8.864712118984865-2)) + ((_b[L16treat_m3])*(8.864712118984865-3)) + ((_b[L1
> 6treat_m4])*(8.864712118984865-4))+((_b[treat_p0])*(8.864712118984865+0)) + (
> (_b[treat_p1])*(8.864712118984865+1) ) + ((_b[treat_p2])*(8.864712118984865+2
> ) ) + ((_b[treat_p3])*(8.864712118984865+3) ) + ((_b[treat_p4])*(8.8647121189
> 84865+4) ) + ((_b[L4treat_p0])*(8.864712118984865+0)) + ((_b[L4treat_p1])*(8.
> 864712118984865+1)) + ((_b[L4treat_p2])*(8.864712118984865+2)) + ((_b[L4treat
> _p3])*(8.864712118984865+3)) + ((_b[L4treat_p4])*(8.864712118984865+4)) + ((_
> b[L8treat_p0])*(8.864712118984865+0)) + ((_b[L8treat_p1])*(8.864712118984865+
> 1)) + ((_b[L8treat_p2])*(8.864712118984865+2)) + ((_b[L8treat_p3])*(8.8647121
> 18984865+3)) + ((_b[L8treat_p4])*(8.864712118984865+4)) + ((_b[L12treat_p0])*
> (8.864712118984865+0)) + ((_b[L12treat_p1])*(8.864712118984865+1)) + ((_b[L12
> treat_p2])*(8.864712118984865+2)) + ((_b[L12treat_p3])*(8.864712118984865+3))
>  + ((_b[L12treat_p4])*(8.864712118984865+4)) + ((_b[L16treat_p0])*(8.86471211
> 8984865+0)) + ((_b[L16treat_p1])*(8.864712118984865+1)) + ((_b[L16treat_p2])*
> (8.864712118984865+2)) + ((_b[L16treat_p3])*(8.864712118984865+3)) + ((_b[L16
> treat_p4])*(8.864712118984865+4)))*(4*.2)/.355307681857912 ) - ((((_b[treat_m
> 1] ) + (_b[treat_m2] ) + (_b[treat_m3] ) + (_b[treat_m4] ) + (_b[L4treat_m1])
>  + (_b[L4treat_m2]) + (_b[L4treat_m3]) + (_b[L4treat_m4]) + (_b[L8treat_m1]) 
> + (_b[L8treat_m2]) + (_b[L8treat_m3]) + (_b[L8treat_m4]) + (_b[L12treat_m1]) 
> + (_b[L12treat_m2]) + (_b[L12treat_m3]) + (_b[L12treat_m4]) + (_b[L16treat_m1
> ]) + (_b[L16treat_m2]) + (_b[L16treat_m3]) + (_b[L16treat_m4]) + (_b[treat_p0
> ]) + (_b[treat_p1] ) + (_b[treat_p2] ) + (_b[treat_p3] ) + (_b[treat_p4] ) + 
> (_b[L4treat_p0]) + (_b[L4treat_p1]) + (_b[L4treat_p2]) + (_b[L4treat_p3]) + (
> _b[L4treat_p4]) + (_b[L8treat_p0]) + (_b[L8treat_p1]) + (_b[L8treat_p2]) + (_
> b[L8treat_p3]) + (_b[L8treat_p4]) + (_b[L12treat_p0]) + (_b[L12treat_p1]) + (
> _b[L12treat_p2]) + (_b[L12treat_p3]) + (_b[L12treat_p4]) + (_b[L16treat_p0]) 
> + (_b[L16treat_p1]) + (_b[L16treat_p2]) + (_b[L16treat_p3]) + (_b[L16treat_p4
> ]))*(4*.2)*(1/.569833083901097))/.0867094406881189))) / (1+((((_b[treat_m1] )
>  + (_b[treat_m2] ) + (_b[treat_m3] ) + (_b[treat_m4] ) + (_b[L4treat_m1]) + (
> _b[L4treat_m2]) + (_b[L4treat_m3]) + (_b[L4treat_m4]) + (_b[L8treat_m1]) + (_
> b[L8treat_m2]) + (_b[L8treat_m3]) + (_b[L8treat_m4]) + (_b[L12treat_m1]) + (_
> b[L12treat_m2]) + (_b[L12treat_m3]) + (_b[L12treat_m4]) + (_b[L16treat_m1]) +
>  (_b[L16treat_m2]) + (_b[L16treat_m3]) + (_b[L16treat_m4]) + (_b[treat_p0]) +
>  (_b[treat_p1] ) + (_b[treat_p2] ) + (_b[treat_p3] ) + (_b[treat_p4] ) + (_b[
> L4treat_p0]) + (_b[L4treat_p1]) + (_b[L4treat_p2]) + (_b[L4treat_p3]) + (_b[L
> 4treat_p4]) + (_b[L8treat_p0]) + (_b[L8treat_p1]) + (_b[L8treat_p2]) + (_b[L8
> treat_p3]) + (_b[L8treat_p4]) + (_b[L12treat_p0]) + (_b[L12treat_p1]) + (_b[L
> 12treat_p2]) + (_b[L12treat_p3]) + (_b[L12treat_p4]) + (_b[L16treat_p0]) + (_
> b[L16treat_p1]) + (_b[L16treat_p2]) + (_b[L16treat_p3]) + (_b[L16treat_p4]))*
> (4*.2)*(1/.569833083901097))/.0867094406881189))

------------------------------------------------------------------------------
ind_all_ov~c | Coefficient  Std. err.      z    P>|z|     [95% conf. interval]
-------------+----------------------------------------------------------------
       _nl_1 |   .0582073   .0110547     5.27   0.000     .0365404    .0798741
------------------------------------------------------------------------------

added macro:
              e(WB_Eb) : "0.058***"

added macro:
             e(WB_Ese) : "(0.011)"

       _nl_1: ((((_b[treat_m1] ) + (_b[treat_m2] ) + (_b[treat_m3] ) + (_b[trea
> t_m4] ) + (_b[L4treat_m1]) + (_b[L4treat_m2]) + (_b[L4treat_m3]) + (_b[L4trea
> t_m4]) + (_b[L8treat_m1]) + (_b[L8treat_m2]) + (_b[L8treat_m3]) + (_b[L8treat
> _m4]) + (_b[L12treat_m1]) + (_b[L12treat_m2]) + (_b[L12treat_m3]) + (_b[L12tr
> eat_m4]) + (_b[L16treat_m1]) + (_b[L16treat_m2]) + (_b[L16treat_m3]) + (_b[L1
> 6treat_m4]) + (_b[treat_p0]) + (_b[treat_p1] ) + (_b[treat_p2] ) + (_b[treat_
> p3] ) + (_b[treat_p4] ) + (_b[L4treat_p0]) + (_b[L4treat_p1]) + (_b[L4treat_p
> 2]) + (_b[L4treat_p3]) + (_b[L4treat_p4]) + (_b[L8treat_p0]) + (_b[L8treat_p1
> ]) + (_b[L8treat_p2]) + (_b[L8treat_p3]) + (_b[L8treat_p4]) + (_b[L12treat_p0
> ]) + (_b[L12treat_p1]) + (_b[L12treat_p2]) + (_b[L12treat_p3]) + (_b[L12treat
> _p4]) + (_b[L16treat_p0]) + (_b[L16treat_p1]) + (_b[L16treat_p2]) + (_b[L16tr
> eat_p3]) + (_b[L16treat_p4]))*(4*.2)*(1/.569833083901097))/.0867094406881189)
>  / (((((((_b[treat_m1])*(8.864712118984865-1) ) + ((_b[treat_m2])*(8.86471211
> 8984865-2) ) + ((_b[treat_m3])*(8.864712118984865-3) ) + ((_b[treat_m4])*(8.8
> 64712118984865-4) ) + ((_b[L4treat_m1])*(8.864712118984865-1) ) + ((_b[L4trea
> t_m2])*(8.864712118984865-2)) + ((_b[L4treat_m3])*(8.864712118984865-3)) + ((
> _b[L4treat_m4])*(8.864712118984865-4)) + ((_b[L8treat_m1])*(8.864712118984865
> -1) ) + ((_b[L8treat_m2])*(8.864712118984865-2)) + ((_b[L8treat_m3])*(8.86471
> 2118984865-3)) + ((_b[L8treat_m4])*(8.864712118984865-4)) + ((_b[L12treat_m1]
> )*(8.864712118984865-1) ) + ((_b[L12treat_m2])*(8.864712118984865-2)) + ((_b[
> L12treat_m3])*(8.864712118984865-3)) + ((_b[L12treat_m4])*(8.864712118984865-
> 4)) + ((_b[L16treat_m1])*(8.864712118984865-1) ) + ((_b[L16treat_m2])*(8.8647
> 12118984865-2)) + ((_b[L16treat_m3])*(8.864712118984865-3)) + ((_b[L16treat_m
> 4])*(8.864712118984865-4))+((_b[treat_p0])*(8.864712118984865+0)) + ((_b[trea
> t_p1])*(8.864712118984865+1) ) + ((_b[treat_p2])*(8.864712118984865+2) ) + ((
> _b[treat_p3])*(8.864712118984865+3) ) + ((_b[treat_p4])*(8.864712118984865+4)
>  ) + ((_b[L4treat_p0])*(8.864712118984865+0)) + ((_b[L4treat_p1])*(8.86471211
> 8984865+1)) + ((_b[L4treat_p2])*(8.864712118984865+2)) + ((_b[L4treat_p3])*(8
> .864712118984865+3)) + ((_b[L4treat_p4])*(8.864712118984865+4)) + ((_b[L8trea
> t_p0])*(8.864712118984865+0)) + ((_b[L8treat_p1])*(8.864712118984865+1)) + ((
> _b[L8treat_p2])*(8.864712118984865+2)) + ((_b[L8treat_p3])*(8.864712118984865
> +3)) + ((_b[L8treat_p4])*(8.864712118984865+4)) + ((_b[L12treat_p0])*(8.86471
> 2118984865+0)) + ((_b[L12treat_p1])*(8.864712118984865+1)) + ((_b[L12treat_p2
> ])*(8.864712118984865+2)) + ((_b[L12treat_p3])*(8.864712118984865+3)) + ((_b[
> L12treat_p4])*(8.864712118984865+4)) + ((_b[L16treat_p0])*(8.864712118984865+
> 0)) + ((_b[L16treat_p1])*(8.864712118984865+1)) + ((_b[L16treat_p2])*(8.86471
> 2118984865+2)) + ((_b[L16treat_p3])*(8.864712118984865+3)) + ((_b[L16treat_p4
> ])*(8.864712118984865+4)))*(4*.2)/.355307681857912 ) - ((((_b[treat_m1] ) + (
> _b[treat_m2] ) + (_b[treat_m3] ) + (_b[treat_m4] ) + (_b[L4treat_m1]) + (_b[L
> 4treat_m2]) + (_b[L4treat_m3]) + (_b[L4treat_m4]) + (_b[L8treat_m1]) + (_b[L8
> treat_m2]) + (_b[L8treat_m3]) + (_b[L8treat_m4]) + (_b[L12treat_m1]) + (_b[L1
> 2treat_m2]) + (_b[L12treat_m3]) + (_b[L12treat_m4]) + (_b[L16treat_m1]) + (_b
> [L16treat_m2]) + (_b[L16treat_m3]) + (_b[L16treat_m4]) + (_b[treat_p0]) + (_b
> [treat_p1] ) + (_b[treat_p2] ) + (_b[treat_p3] ) + (_b[treat_p4] ) + (_b[L4tr
> eat_p0]) + (_b[L4treat_p1]) + (_b[L4treat_p2]) + (_b[L4treat_p3]) + (_b[L4tre
> at_p4]) + (_b[L8treat_p0]) + (_b[L8treat_p1]) + (_b[L8treat_p2]) + (_b[L8trea
> t_p3]) + (_b[L8treat_p4]) + (_b[L12treat_p0]) + (_b[L12treat_p1]) + (_b[L12tr
> eat_p2]) + (_b[L12treat_p3]) + (_b[L12treat_p4]) + (_b[L16treat_p0]) + (_b[L1
> 6treat_p1]) + (_b[L16treat_p2]) + (_b[L16treat_p3]) + (_b[L16treat_p4]))*(4*.
> 2)*(1/.569833083901097))/.0867094406881189))) / (1+((((_b[treat_m1] ) + (_b[t
> reat_m2] ) + (_b[treat_m3] ) + (_b[treat_m4] ) + (_b[L4treat_m1]) + (_b[L4tre
> at_m2]) + (_b[L4treat_m3]) + (_b[L4treat_m4]) + (_b[L8treat_m1]) + (_b[L8trea
> t_m2]) + (_b[L8treat_m3]) + (_b[L8treat_m4]) + (_b[L12treat_m1]) + (_b[L12tre
> at_m2]) + (_b[L12treat_m3]) + (_b[L12treat_m4]) + (_b[L16treat_m1]) + (_b[L16
> treat_m2]) + (_b[L16treat_m3]) + (_b[L16treat_m4]) + (_b[treat_p0]) + (_b[tre
> at_p1] ) + (_b[treat_p2] ) + (_b[treat_p3] ) + (_b[treat_p4] ) + (_b[L4treat_
> p0]) + (_b[L4treat_p1]) + (_b[L4treat_p2]) + (_b[L4treat_p3]) + (_b[L4treat_p
> 4]) + (_b[L8treat_p0]) + (_b[L8treat_p1]) + (_b[L8treat_p2]) + (_b[L8treat_p3
> ]) + (_b[L8treat_p4]) + (_b[L12treat_p0]) + (_b[L12treat_p1]) + (_b[L12treat_
> p2]) + (_b[L12treat_p3]) + (_b[L12treat_p4]) + (_b[L16treat_p0]) + (_b[L16tre
> at_p1]) + (_b[L16treat_p2]) + (_b[L16treat_p3]) + (_b[L16treat_p4]))*(4*.2)*(
> 1/.569833083901097))/.0867094406881189)))

------------------------------------------------------------------------------
ind_all_ov~c | Coefficient  Std. err.      z    P>|z|     [95% conf. interval]
-------------+----------------------------------------------------------------
       _nl_1 |   .1395185   .5226183     0.27   0.789    -.8847944    1.163832
------------------------------------------------------------------------------

added macro:
        e(labordem_Eb) : "0.140"

added macro:
       e(labordem_Ese) : "(0.523)"

added macro:
             e(numobs) : "\multicolumn{1}{c}{        554,931}"

added macro:
           e(numevent) : "\multicolumn{1}{c}{            118}"

added macro:
             e(minwpc) : "0.098"

added macro:
              e(belsh) : "0.087"

added macro:
       e(wagebinstate) : "Y"

added macro:
        e(workercount) : "\multicolumn{1}{c}{      2,652,792}"

added macro:
      e(wagebinperiod) : "Y"
stored estimates called ta_ind_1992_all




    Variable |     Obs      Weight        Mean   Std. dev.       Min        Max
-------------+-----------------------------------------------------------------
    DMW_real |  13,689  7.7651e+10    .7789518   .3823315   .2514448   2.193727

    Variable |     Obs      Weight        Mean   Std. dev.       Min        Max
-------------+-----------------------------------------------------------------
     MW_real |  19,656  1.0746e+11    7.945503   .9205379   6.075942   11.42869

    Variable |        Obs        Mean    Std. dev.       Min        Max
-------------+---------------------------------------------------------
ind_mstrad~e |    423,733    .8450746    2.849101          0        152

    Variable |     Obs      Weight        Mean   Std. dev.       Min        Max
-------------+-----------------------------------------------------------------
ind_mst~call |  54,054  3.0511e+11    .0067144   .0043195   .0000131   .0203441

    Variable |     Obs      Weight        Mean   Std. dev.       Min        Max
-------------+-----------------------------------------------------------------
ind_mstrad~m |     465  2.6278e+09    .0003343   .0003811          0   .0016863

    Variable |     Obs      Weight        Mean   Std. dev.       Min        Max
-------------+-----------------------------------------------------------------
ind_mstrad~m |     462  2.6078e+09    .0002494   .0002898          0    .001274

    Variable |     Obs      Weight        Mean   Std. dev.       Min        Max
-------------+-----------------------------------------------------------------
ind_mstr~mFH |     465  2.6278e+09    .0024734   .0028822          0   .0122347
Make sure that belowL16 and aboveL16 exists. Otherwise the program does not wor
> k. Assertion will be false.
reghdfe ind_mstrad_overallcountpc   treat_m4 treat_m3 treat_m2 treat_m1 treat_p
> 0 treat_p1 treat_p2 treat_p3 treat_p4 L4treat_m4 L4treat_m3 L4treat_m2 L4trea
> t_m1 L4treat_p0 L4treat_p1 L4treat_p2 L4treat_p3 L4treat_p4 L8treat_m4 L8trea
> t_m3 L8treat_m2 L8treat_m1 L8treat_p0 L8treat_p1 L8treat_p2 L8treat_p3 L8trea
> t_p4 L12treat_m4 L12treat_m3 L12treat_m2 L12treat_m1 L12treat_p0 L12treat_p1 
> L12treat_p2 L12treat_p3 L12treat_p4 L16treat_m4 L16treat_m3 L16treat_m2 L16tr
> eat_m1 L16treat_p0 L16treat_p1 L16treat_p2 L16treat_p3 L16treat_p4 one if  ye
> ar>=1992  & cleansample==1   [aw=wtoverall1992] , a(i.wagebinstate i.wagequar
> terdate    postcont_m  precont_m  earlycont_m  postcont_p  precont_p  earlyco
> nt_p    i.one#c.F12treat_m4 i.one#c.F12treat_m3 i.one#c.F12treat_m2 i.one#c.F
> 12treat_m1 i.one#c.F12treat_p0 i.one#c.F12treat_p1 i.one#c.F12treat_p2 i.one#
> c.F12treat_p3 i.one#c.F12treat_p4 i.one#c.F8treat_m4 i.one#c.F8treat_m3 i.one
> #c.F8treat_m2 i.one#c.F8treat_m1 i.one#c.F8treat_p0 i.one#c.F8treat_p1 i.one#
> c.F8treat_p2 i.one#c.F8treat_p3 i.one#c.F8treat_p4   postcontf_m  precontf_m 
>  earlycontf_m  postcontf_p  precontf_p  earlycontf_p    i.one#c.window_m4  i.
> one#c.window_m3  i.one#c.window_m2  i.one#c.window_m1  i.one#c.window_p0  i.o
> ne#c.window_p1  i.one#c.window_p2  i.one#c.window_p3  i.one#c.window_p4  )  c
> luster(statenum)
(MWFE estimator converged in 25 iterations)
note: one is probably collinear with the fixed effects (all partialled-out valu
> es are close to zero; tol = 1.0e-09)

HDFE Linear regression                            Number of obs   =    554,931
Absorbing 41 HDFE groups                          F(  45,     50) =     439.69
Statistics robust to heteroskedasticity           Prob > F        =     0.0000
                                                  R-squared       =     0.7923
                                                  Adj R-squared   =     0.7857
                                                  Within R-sq.    =     0.0002
Number of clusters (statenum) =         51        Root MSE        =     0.0001

                              (Std. err. adjusted for 51 clusters in statenum)
------------------------------------------------------------------------------
             |               Robust
ind_mstrad~c | Coefficient  std. err.      t    P>|t|     [95% conf. interval]
-------------+----------------------------------------------------------------
    treat_m4 |  -7.84e-07   7.58e-07    -1.03   0.306    -2.31e-06    7.38e-07
    treat_m3 |  -1.97e-07   7.73e-07    -0.26   0.799    -1.75e-06    1.35e-06
    treat_m2 |  -7.84e-06   3.74e-06    -2.10   0.041    -.0000154   -3.26e-07
    treat_m1 |  -.0000143   7.29e-06    -1.96   0.055     -.000029    3.25e-07
    treat_p0 |   .0000148   4.89e-06     3.03   0.004     4.98e-06    .0000246
    treat_p1 |   1.33e-06   3.26e-06     0.41   0.686    -5.23e-06    7.88e-06
    treat_p2 |  -3.84e-07   3.64e-06    -0.11   0.917    -7.70e-06    6.94e-06
    treat_p3 |   3.02e-06   4.17e-06     0.73   0.472    -5.35e-06    .0000114
    treat_p4 |  -5.12e-06   2.88e-06    -1.78   0.082    -.0000109    6.66e-07
  L4treat_m4 |  -1.23e-06   5.48e-07    -2.26   0.029    -2.33e-06   -1.35e-07
  L4treat_m3 |  -1.58e-06   6.82e-07    -2.32   0.024    -2.96e-06   -2.14e-07
  L4treat_m2 |  -6.91e-06   3.49e-06    -1.98   0.053    -.0000139    8.75e-08
  L4treat_m1 |   -.000019   .0000122    -1.56   0.125    -.0000434    5.44e-06
  L4treat_p0 |   .0000172   6.50e-06     2.64   0.011     4.14e-06    .0000303
  L4treat_p1 |  -2.27e-06   3.32e-06    -0.68   0.497    -8.94e-06    4.40e-06
  L4treat_p2 |   2.21e-06   3.96e-06     0.56   0.580    -5.75e-06    .0000102
  L4treat_p3 |   6.44e-06   5.86e-06     1.10   0.277    -5.33e-06    .0000182
  L4treat_p4 |  -5.84e-06   5.34e-06    -1.09   0.280    -.0000166    4.89e-06
  L8treat_m4 |  -1.16e-06   4.57e-07    -2.54   0.014    -2.08e-06   -2.45e-07
  L8treat_m3 |  -6.94e-07   1.13e-06    -0.61   0.543    -2.97e-06    1.58e-06
  L8treat_m2 |  -7.69e-06   4.79e-06    -1.61   0.115    -.0000173    1.93e-06
  L8treat_m1 |  -.0000135   9.08e-06    -1.49   0.142    -.0000318    4.69e-06
  L8treat_p0 |   .0000146   6.24e-06     2.34   0.023     2.08e-06    .0000271
  L8treat_p1 |   8.93e-06   5.45e-06     1.64   0.107    -2.01e-06    .0000199
  L8treat_p2 |   6.77e-06   4.41e-06     1.54   0.131    -2.08e-06    .0000156
  L8treat_p3 |   3.71e-06   5.02e-06     0.74   0.464    -6.38e-06    .0000138
  L8treat_p4 |  -2.25e-06   3.85e-06    -0.59   0.561    -9.99e-06    5.48e-06
 L12treat_m4 |  -1.62e-06   6.85e-07    -2.37   0.022    -3.00e-06   -2.45e-07
 L12treat_m3 |  -1.95e-06   1.28e-06    -1.52   0.134    -4.53e-06    6.25e-07
 L12treat_m2 |  -8.14e-06   4.21e-06    -1.93   0.059    -.0000166    3.19e-07
 L12treat_m1 |  -.0000213   .0000112    -1.90   0.064    -.0000438    1.27e-06
 L12treat_p0 |   .0000156   6.16e-06     2.54   0.014     3.26e-06     .000028
 L12treat_p1 |  -3.75e-06   3.60e-06    -1.04   0.303     -.000011    3.48e-06
 L12treat_p2 |   5.72e-06   3.45e-06     1.66   0.104    -1.21e-06    .0000127
 L12treat_p3 |   3.07e-06   4.13e-06     0.74   0.461    -5.23e-06    .0000114
 L12treat_p4 |  -1.70e-06   4.65e-06    -0.36   0.717     -.000011    7.64e-06
 L16treat_m4 |  -7.81e-07   7.87e-07    -0.99   0.326    -2.36e-06    7.99e-07
 L16treat_m3 |  -1.25e-06   9.88e-07    -1.27   0.212    -3.23e-06    7.34e-07
 L16treat_m2 |  -7.07e-06   3.87e-06    -1.83   0.073    -.0000148    6.97e-07
 L16treat_m1 |  -.0000177   .0000107    -1.67   0.102    -.0000391    3.66e-06
 L16treat_p0 |   5.78e-06   5.01e-06     1.15   0.255    -4.29e-06    .0000159
 L16treat_p1 |  -3.44e-06   3.80e-06    -0.91   0.369    -.0000111    4.19e-06
 L16treat_p2 |  -1.50e-07   4.69e-06    -0.03   0.975    -9.56e-06    9.26e-06
 L16treat_p3 |   6.64e-06   4.97e-06     1.33   0.188    -3.35e-06    .0000166
 L16treat_p4 |  -2.65e-06   3.63e-06    -0.73   0.469    -9.94e-06    4.64e-06
         one |          0  (omitted)
       _cons |   .0000764   2.07e-07   369.47   0.000      .000076    .0000768
------------------------------------------------------------------------------

Absorbed degrees of freedom:
-----------------------------------------------------------+
       Absorbed FE | Categories  - Redundant  = Num. Coefs |
-------------------+---------------------------------------|
      wagebinstate |      5967        5967           0    *|
   wagequarterdate |     10881           1       10880     |
        postcont_m |         7           1           6     |
         precont_m |         4           1           3    ?|
       earlycont_m |         4           1           3    ?|
        postcont_p |         7           1           6    ?|
         precont_p |         4           1           3    ?|
       earlycont_p |         4           1           3    ?|
 one#c.F12treat_m4 |         1           0           1    ?|
 one#c.F12treat_m3 |         1           0           1    ?|
 one#c.F12treat_m2 |         1           0           1    ?|
 one#c.F12treat_m1 |         1           0           1    ?|
 one#c.F12treat_p0 |         1           0           1    ?|
 one#c.F12treat_p1 |         1           0           1    ?|
 one#c.F12treat_p2 |         1           0           1    ?|
 one#c.F12treat_p3 |         1           0           1    ?|
 one#c.F12treat_p4 |         1           0           1    ?|
  one#c.F8treat_m4 |         1           0           1    ?|
  one#c.F8treat_m3 |         1           0           1    ?|
  one#c.F8treat_m2 |         1           0           1    ?|
  one#c.F8treat_m1 |         1           0           1    ?|
  one#c.F8treat_p0 |         1           0           1    ?|
  one#c.F8treat_p1 |         1           0           1    ?|
  one#c.F8treat_p2 |         1           0           1    ?|
  one#c.F8treat_p3 |         1           0           1    ?|
  one#c.F8treat_p4 |         1           0           1    ?|
       postcontf_m |         4           1           3    ?|
        precontf_m |         3           1           2    ?|
      earlycontf_m |         3           1           2    ?|
       postcontf_p |         4           1           3    ?|
        precontf_p |         3           1           2    ?|
      earlycontf_p |         3           1           2    ?|
   one#c.window_m4 |         1           0           1    ?|
   one#c.window_m3 |         1           0           1    ?|
   one#c.window_m2 |         1           0           1    ?|
   one#c.window_m1 |         1           0           1    ?|
   one#c.window_p0 |         1           0           1    ?|
   one#c.window_p1 |         1           0           1    ?|
   one#c.window_p2 |         1           0           1    ?|
   one#c.window_p3 |         1           0           1    ?|
   one#c.window_p4 |         1           0           1    ?|
-----------------------------------------------------------+
? = number of redundant parameters may be higher
* = FE nested within cluster; treated as redundant for DoF computation
file /Users/brycewang/Documents/GitHub/top5-Econ-Paper-Replications/QJE2019-Min
> imum-Wages-Low-Wage-Jobs/Results/estimates/ind_mstrad_overallafter_stateonly_
> 1_ind_mstrad_overall_19922016_aggcont_A_1612.ster saved
  118

 ( 1)  119.1466*treat_m4 + 119.1466*treat_m3 + 119.1466*treat_m2 +
       119.1466*treat_m1 + 119.1466*L4treat_m4 + 119.1466*L4treat_m3 +
       119.1466*L4treat_m2 + 119.1466*L4treat_m1 + 119.1466*L8treat_m4 +
       119.1466*L8treat_m3 + 119.1466*L8treat_m2 + 119.1466*L8treat_m1 +
       119.1466*L12treat_m4 + 119.1466*L12treat_m3 + 119.1466*L12treat_m2 +
       119.1466*L12treat_m1 + 119.1466*L16treat_m4 + 119.1466*L16treat_m3 +
       119.1466*L16treat_m2 + 119.1466*L16treat_m1 = 0

------------------------------------------------------------------------------
ind_mstrad~c | Coefficient  Std. err.      t    P>|t|     [95% conf. interval]
-------------+----------------------------------------------------------------
         (1) |  -.0160585   .0080528    -1.99   0.052    -.0322331    .0001161
------------------------------------------------------------------------------

added macro:
           e(below_Eb) : "-0.016*"

added macro:
          e(below_Ese) : "(0.008)"

 ( 1)  119.1466*treat_p0 + 119.1466*treat_p1 + 119.1466*treat_p2 +
       119.1466*treat_p3 + 119.1466*treat_p4 + 119.1466*L4treat_p0 +
       119.1466*L4treat_p1 + 119.1466*L4treat_p2 + 119.1466*L4treat_p3 +
       119.1466*L4treat_p4 + 119.1466*L8treat_p0 + 119.1466*L8treat_p1 +
       119.1466*L8treat_p2 + 119.1466*L8treat_p3 + 119.1466*L8treat_p4 +
       119.1466*L12treat_p0 + 119.1466*L12treat_p1 + 119.1466*L12treat_p2 +
       119.1466*L12treat_p3 + 119.1466*L12treat_p4 + 119.1466*L16treat_p0 +
       119.1466*L16treat_p1 + 119.1466*L16treat_p2 + 119.1466*L16treat_p3 +
       119.1466*L16treat_p4 = 0

------------------------------------------------------------------------------
ind_mstrad~c | Coefficient  Std. err.      t    P>|t|     [95% conf. interval]
-------------+----------------------------------------------------------------
         (1) |   .0105216   .0078426     1.34   0.186    -.0052307    .0262739
------------------------------------------------------------------------------

added macro:
           e(above_Eb) : "0.011"

added macro:
          e(above_Ese) : "(0.008)"

 ( 1)  2393.21*treat_m4 + 2393.21*treat_m3 + 2393.21*treat_m2 +
       2393.21*treat_m1 + 2393.21*treat_p0 + 2393.21*treat_p1 +
       2393.21*treat_p2 + 2393.21*treat_p3 + 2393.21*treat_p4 +
       2393.21*L4treat_m4 + 2393.21*L4treat_m3 + 2393.21*L4treat_m2 +
       2393.21*L4treat_m1 + 2393.21*L4treat_p0 + 2393.21*L4treat_p1 +
       2393.21*L4treat_p2 + 2393.21*L4treat_p3 + 2393.21*L4treat_p4 +
       2393.21*L8treat_m4 + 2393.21*L8treat_m3 + 2393.21*L8treat_m2 +
       2393.21*L8treat_m1 + 2393.21*L8treat_p0 + 2393.21*L8treat_p1 +
       2393.21*L8treat_p2 + 2393.21*L8treat_p3 + 2393.21*L8treat_p4 +
       2393.21*L12treat_m4 + 2393.21*L12treat_m3 + 2393.21*L12treat_m2 +
       2393.21*L12treat_m1 + 2393.21*L12treat_p0 + 2393.21*L12treat_p1 +
       2393.21*L12treat_p2 + 2393.21*L12treat_p3 + 2393.21*L12treat_p4 +
       2393.21*L16treat_m4 + 2393.21*L16treat_m3 + 2393.21*L16treat_m2 +
       2393.21*L16treat_m1 + 2393.21*L16treat_p0 + 2393.21*L16treat_p1 +
       2393.21*L16treat_p2 + 2393.21*L16treat_p3 + 2393.21*L16treat_p4 = 0

------------------------------------------------------------------------------
ind_mstrad~c | Coefficient  Std. err.      t    P>|t|     [95% conf. interval]
-------------+----------------------------------------------------------------
         (1) |  -.1112164   .1362558    -0.82   0.418    -.3848943    .1624614
------------------------------------------------------------------------------

added macro:
        e(bunching_Eb) : "-0.111"

added macro:
       e(bunching_Ese) : "(0.136)"

 ( 1)  1215.325*treat_m4 + 1215.325*treat_m3 + 1215.325*treat_m2 +
       1215.325*treat_m1 + 1215.325*treat_p0 + 1215.325*treat_p1 +
       1215.325*treat_p2 + 1215.325*treat_p3 + 1215.325*treat_p4 +
       1215.325*L4treat_m4 + 1215.325*L4treat_m3 + 1215.325*L4treat_m2 +
       1215.325*L4treat_m1 + 1215.325*L4treat_p0 + 1215.325*L4treat_p1 +
       1215.325*L4treat_p2 + 1215.325*L4treat_p3 + 1215.325*L4treat_p4 +
       1215.325*L8treat_m4 + 1215.325*L8treat_m3 + 1215.325*L8treat_m2 +
       1215.325*L8treat_m1 + 1215.325*L8treat_p0 + 1215.325*L8treat_p1 +
       1215.325*L8treat_p2 + 1215.325*L8treat_p3 + 1215.325*L8treat_p4 +
       1215.325*L12treat_m4 + 1215.325*L12treat_m3 + 1215.325*L12treat_m2 +
       1215.325*L12treat_m1 + 1215.325*L12treat_p0 + 1215.325*L12treat_p1 +
       1215.325*L12treat_p2 + 1215.325*L12treat_p3 + 1215.325*L12treat_p4 +
       1215.325*L16treat_m4 + 1215.325*L16treat_m3 + 1215.325*L16treat_m2 +
       1215.325*L16treat_m1 + 1215.325*L16treat_p0 + 1215.325*L16treat_p1 +
       1215.325*L16treat_p2 + 1215.325*L16treat_p3 + 1215.325*L16treat_p4 = 0

------------------------------------------------------------------------------
ind_mstrad~c | Coefficient  Std. err.      t    P>|t|     [95% conf. interval]
-------------+----------------------------------------------------------------
         (1) |  -.0564782   .0691937    -0.82   0.418    -.1954578    .0825015
------------------------------------------------------------------------------

added macro:
       e(bunchelas_Eb) : "-0.056"

added macro:
      e(bunchelas_Ese) : "(0.069)"

       _nl_1: ((((((_b[treat_m1])*(8.864712118984865-1) ) + ((_b[treat_m2])*(8.
> 864712118984865-2) ) + ((_b[treat_m3])*(8.864712118984865-3) ) + ((_b[treat_m
> 4])*(8.864712118984865-4) ) + ((_b[L4treat_m1])*(8.864712118984865-1) ) + ((_
> b[L4treat_m2])*(8.864712118984865-2)) + ((_b[L4treat_m3])*(8.864712118984865-
> 3)) + ((_b[L4treat_m4])*(8.864712118984865-4)) + ((_b[L8treat_m1])*(8.8647121
> 18984865-1) ) + ((_b[L8treat_m2])*(8.864712118984865-2)) + ((_b[L8treat_m3])*
> (8.864712118984865-3)) + ((_b[L8treat_m4])*(8.864712118984865-4)) + ((_b[L12t
> reat_m1])*(8.864712118984865-1) ) + ((_b[L12treat_m2])*(8.864712118984865-2))
>  + ((_b[L12treat_m3])*(8.864712118984865-3)) + ((_b[L12treat_m4])*(8.86471211
> 8984865-4)) + ((_b[L16treat_m1])*(8.864712118984865-1) ) + ((_b[L16treat_m2])
> *(8.864712118984865-2)) + ((_b[L16treat_m3])*(8.864712118984865-3)) + ((_b[L1
> 6treat_m4])*(8.864712118984865-4))+((_b[treat_p0])*(8.864712118984865+0)) + (
> (_b[treat_p1])*(8.864712118984865+1) ) + ((_b[treat_p2])*(8.864712118984865+2
> ) ) + ((_b[treat_p3])*(8.864712118984865+3) ) + ((_b[treat_p4])*(8.8647121189
> 84865+4) ) + ((_b[L4treat_p0])*(8.864712118984865+0)) + ((_b[L4treat_p1])*(8.
> 864712118984865+1)) + ((_b[L4treat_p2])*(8.864712118984865+2)) + ((_b[L4treat
> _p3])*(8.864712118984865+3)) + ((_b[L4treat_p4])*(8.864712118984865+4)) + ((_
> b[L8treat_p0])*(8.864712118984865+0)) + ((_b[L8treat_p1])*(8.864712118984865+
> 1)) + ((_b[L8treat_p2])*(8.864712118984865+2)) + ((_b[L8treat_p3])*(8.8647121
> 18984865+3)) + ((_b[L8treat_p4])*(8.864712118984865+4)) + ((_b[L12treat_p0])*
> (8.864712118984865+0)) + ((_b[L12treat_p1])*(8.864712118984865+1)) + ((_b[L12
> treat_p2])*(8.864712118984865+2)) + ((_b[L12treat_p3])*(8.864712118984865+3))
>  + ((_b[L12treat_p4])*(8.864712118984865+4)) + ((_b[L16treat_p0])*(8.86471211
> 8984865+0)) + ((_b[L16treat_p1])*(8.864712118984865+1)) + ((_b[L16treat_p2])*
> (8.864712118984865+2)) + ((_b[L16treat_p3])*(8.864712118984865+3)) + ((_b[L16
> treat_p4])*(8.864712118984865+4)))*(4*.2)/.0024734178554175 ) - ((((_b[treat_
> m1] ) + (_b[treat_m2] ) + (_b[treat_m3] ) + (_b[treat_m4] ) + (_b[L4treat_m1]
> ) + (_b[L4treat_m2]) + (_b[L4treat_m3]) + (_b[L4treat_m4]) + (_b[L8treat_m1])
>  + (_b[L8treat_m2]) + (_b[L8treat_m3]) + (_b[L8treat_m4]) + (_b[L12treat_m1])
>  + (_b[L12treat_m2]) + (_b[L12treat_m3]) + (_b[L12treat_m4]) + (_b[L16treat_m
> 1]) + (_b[L16treat_m2]) + (_b[L16treat_m3]) + (_b[L16treat_m4]) + (_b[treat_p
> 0]) + (_b[treat_p1] ) + (_b[treat_p2] ) + (_b[treat_p3] ) + (_b[treat_p4] ) +
>  (_b[L4treat_p0]) + (_b[L4treat_p1]) + (_b[L4treat_p2]) + (_b[L4treat_p3]) + 
> (_b[L4treat_p4]) + (_b[L8treat_p0]) + (_b[L8treat_p1]) + (_b[L8treat_p2]) + (
> _b[L8treat_p3]) + (_b[L8treat_p4]) + (_b[L12treat_p0]) + (_b[L12treat_p1]) + 
> (_b[L12treat_p2]) + (_b[L12treat_p3]) + (_b[L12treat_p4]) + (_b[L16treat_p0])
>  + (_b[L16treat_p1]) + (_b[L16treat_p2]) + (_b[L16treat_p3]) + (_b[L16treat_p
> 4]))*(4*.2)*(1/.0067144166678981))/.0497852634023261))) / (1+((((_b[treat_m1]
>  ) + (_b[treat_m2] ) + (_b[treat_m3] ) + (_b[treat_m4] ) + (_b[L4treat_m1]) +
>  (_b[L4treat_m2]) + (_b[L4treat_m3]) + (_b[L4treat_m4]) + (_b[L8treat_m1]) + 
> (_b[L8treat_m2]) + (_b[L8treat_m3]) + (_b[L8treat_m4]) + (_b[L12treat_m1]) + 
> (_b[L12treat_m2]) + (_b[L12treat_m3]) + (_b[L12treat_m4]) + (_b[L16treat_m1])
>  + (_b[L16treat_m2]) + (_b[L16treat_m3]) + (_b[L16treat_m4]) + (_b[treat_p0])
>  + (_b[treat_p1] ) + (_b[treat_p2] ) + (_b[treat_p3] ) + (_b[treat_p4] ) + (_
> b[L4treat_p0]) + (_b[L4treat_p1]) + (_b[L4treat_p2]) + (_b[L4treat_p3]) + (_b
> [L4treat_p4]) + (_b[L8treat_p0]) + (_b[L8treat_p1]) + (_b[L8treat_p2]) + (_b[
> L8treat_p3]) + (_b[L8treat_p4]) + (_b[L12treat_p0]) + (_b[L12treat_p1]) + (_b
> [L12treat_p2]) + (_b[L12treat_p3]) + (_b[L12treat_p4]) + (_b[L16treat_p0]) + 
> (_b[L16treat_p1]) + (_b[L16treat_p2]) + (_b[L16treat_p3]) + (_b[L16treat_p4])
> )*(4*.2)*(1/.0067144166678981))/.0497852634023261))

------------------------------------------------------------------------------
ind_mstrad~c | Coefficient  Std. err.      z    P>|z|     [95% conf. interval]
-------------+----------------------------------------------------------------
       _nl_1 |   .0582194   .0725282     0.80   0.422    -.0839334    .2003721
------------------------------------------------------------------------------

added macro:
              e(WB_Eb) : "0.058"

added macro:
             e(WB_Ese) : "(0.073)"

       _nl_1: ((((_b[treat_m1] ) + (_b[treat_m2] ) + (_b[treat_m3] ) + (_b[trea
> t_m4] ) + (_b[L4treat_m1]) + (_b[L4treat_m2]) + (_b[L4treat_m3]) + (_b[L4trea
> t_m4]) + (_b[L8treat_m1]) + (_b[L8treat_m2]) + (_b[L8treat_m3]) + (_b[L8treat
> _m4]) + (_b[L12treat_m1]) + (_b[L12treat_m2]) + (_b[L12treat_m3]) + (_b[L12tr
> eat_m4]) + (_b[L16treat_m1]) + (_b[L16treat_m2]) + (_b[L16treat_m3]) + (_b[L1
> 6treat_m4]) + (_b[treat_p0]) + (_b[treat_p1] ) + (_b[treat_p2] ) + (_b[treat_
> p3] ) + (_b[treat_p4] ) + (_b[L4treat_p0]) + (_b[L4treat_p1]) + (_b[L4treat_p
> 2]) + (_b[L4treat_p3]) + (_b[L4treat_p4]) + (_b[L8treat_p0]) + (_b[L8treat_p1
> ]) + (_b[L8treat_p2]) + (_b[L8treat_p3]) + (_b[L8treat_p4]) + (_b[L12treat_p0
> ]) + (_b[L12treat_p1]) + (_b[L12treat_p2]) + (_b[L12treat_p3]) + (_b[L12treat
> _p4]) + (_b[L16treat_p0]) + (_b[L16treat_p1]) + (_b[L16treat_p2]) + (_b[L16tr
> eat_p3]) + (_b[L16treat_p4]))*(4*.2)*(1/.0067144166678981))/.0497852634023261
> ) / (((((((_b[treat_m1])*(8.864712118984865-1) ) + ((_b[treat_m2])*(8.8647121
> 18984865-2) ) + ((_b[treat_m3])*(8.864712118984865-3) ) + ((_b[treat_m4])*(8.
> 864712118984865-4) ) + ((_b[L4treat_m1])*(8.864712118984865-1) ) + ((_b[L4tre
> at_m2])*(8.864712118984865-2)) + ((_b[L4treat_m3])*(8.864712118984865-3)) + (
> (_b[L4treat_m4])*(8.864712118984865-4)) + ((_b[L8treat_m1])*(8.86471211898486
> 5-1) ) + ((_b[L8treat_m2])*(8.864712118984865-2)) + ((_b[L8treat_m3])*(8.8647
> 12118984865-3)) + ((_b[L8treat_m4])*(8.864712118984865-4)) + ((_b[L12treat_m1
> ])*(8.864712118984865-1) ) + ((_b[L12treat_m2])*(8.864712118984865-2)) + ((_b
> [L12treat_m3])*(8.864712118984865-3)) + ((_b[L12treat_m4])*(8.864712118984865
> -4)) + ((_b[L16treat_m1])*(8.864712118984865-1) ) + ((_b[L16treat_m2])*(8.864
> 712118984865-2)) + ((_b[L16treat_m3])*(8.864712118984865-3)) + ((_b[L16treat_
> m4])*(8.864712118984865-4))+((_b[treat_p0])*(8.864712118984865+0)) + ((_b[tre
> at_p1])*(8.864712118984865+1) ) + ((_b[treat_p2])*(8.864712118984865+2) ) + (
> (_b[treat_p3])*(8.864712118984865+3) ) + ((_b[treat_p4])*(8.864712118984865+4
> ) ) + ((_b[L4treat_p0])*(8.864712118984865+0)) + ((_b[L4treat_p1])*(8.8647121
> 18984865+1)) + ((_b[L4treat_p2])*(8.864712118984865+2)) + ((_b[L4treat_p3])*(
> 8.864712118984865+3)) + ((_b[L4treat_p4])*(8.864712118984865+4)) + ((_b[L8tre
> at_p0])*(8.864712118984865+0)) + ((_b[L8treat_p1])*(8.864712118984865+1)) + (
> (_b[L8treat_p2])*(8.864712118984865+2)) + ((_b[L8treat_p3])*(8.86471211898486
> 5+3)) + ((_b[L8treat_p4])*(8.864712118984865+4)) + ((_b[L12treat_p0])*(8.8647
> 12118984865+0)) + ((_b[L12treat_p1])*(8.864712118984865+1)) + ((_b[L12treat_p
> 2])*(8.864712118984865+2)) + ((_b[L12treat_p3])*(8.864712118984865+3)) + ((_b
> [L12treat_p4])*(8.864712118984865+4)) + ((_b[L16treat_p0])*(8.864712118984865
> +0)) + ((_b[L16treat_p1])*(8.864712118984865+1)) + ((_b[L16treat_p2])*(8.8647
> 12118984865+2)) + ((_b[L16treat_p3])*(8.864712118984865+3)) + ((_b[L16treat_p
> 4])*(8.864712118984865+4)))*(4*.2)/.0024734178554175 ) - ((((_b[treat_m1] ) +
>  (_b[treat_m2] ) + (_b[treat_m3] ) + (_b[treat_m4] ) + (_b[L4treat_m1]) + (_b
> [L4treat_m2]) + (_b[L4treat_m3]) + (_b[L4treat_m4]) + (_b[L8treat_m1]) + (_b[
> L8treat_m2]) + (_b[L8treat_m3]) + (_b[L8treat_m4]) + (_b[L12treat_m1]) + (_b[
> L12treat_m2]) + (_b[L12treat_m3]) + (_b[L12treat_m4]) + (_b[L16treat_m1]) + (
> _b[L16treat_m2]) + (_b[L16treat_m3]) + (_b[L16treat_m4]) + (_b[treat_p0]) + (
> _b[treat_p1] ) + (_b[treat_p2] ) + (_b[treat_p3] ) + (_b[treat_p4] ) + (_b[L4
> treat_p0]) + (_b[L4treat_p1]) + (_b[L4treat_p2]) + (_b[L4treat_p3]) + (_b[L4t
> reat_p4]) + (_b[L8treat_p0]) + (_b[L8treat_p1]) + (_b[L8treat_p2]) + (_b[L8tr
> eat_p3]) + (_b[L8treat_p4]) + (_b[L12treat_p0]) + (_b[L12treat_p1]) + (_b[L12
> treat_p2]) + (_b[L12treat_p3]) + (_b[L12treat_p4]) + (_b[L16treat_p0]) + (_b[
> L16treat_p1]) + (_b[L16treat_p2]) + (_b[L16treat_p3]) + (_b[L16treat_p4]))*(4
> *.2)*(1/.0067144166678981))/.0497852634023261))) / (1+((((_b[treat_m1] ) + (_
> b[treat_m2] ) + (_b[treat_m3] ) + (_b[treat_m4] ) + (_b[L4treat_m1]) + (_b[L4
> treat_m2]) + (_b[L4treat_m3]) + (_b[L4treat_m4]) + (_b[L8treat_m1]) + (_b[L8t
> reat_m2]) + (_b[L8treat_m3]) + (_b[L8treat_m4]) + (_b[L12treat_m1]) + (_b[L12
> treat_m2]) + (_b[L12treat_m3]) + (_b[L12treat_m4]) + (_b[L16treat_m1]) + (_b[
> L16treat_m2]) + (_b[L16treat_m3]) + (_b[L16treat_m4]) + (_b[treat_p0]) + (_b[
> treat_p1] ) + (_b[treat_p2] ) + (_b[treat_p3] ) + (_b[treat_p4] ) + (_b[L4tre
> at_p0]) + (_b[L4treat_p1]) + (_b[L4treat_p2]) + (_b[L4treat_p3]) + (_b[L4trea
> t_p4]) + (_b[L8treat_p0]) + (_b[L8treat_p1]) + (_b[L8treat_p2]) + (_b[L8treat
> _p3]) + (_b[L8treat_p4]) + (_b[L12treat_p0]) + (_b[L12treat_p1]) + (_b[L12tre
> at_p2]) + (_b[L12treat_p3]) + (_b[L12treat_p4]) + (_b[L16treat_p0]) + (_b[L16
> treat_p1]) + (_b[L16treat_p2]) + (_b[L16treat_p3]) + (_b[L16treat_p4]))*(4*.2
> )*(1/.0067144166678981))/.0497852634023261)))

------------------------------------------------------------------------------
ind_mstrad~c | Coefficient  Std. err.      z    P>|z|     [95% conf. interval]
-------------+----------------------------------------------------------------
       _nl_1 |    -1.9103    3.92248    -0.49   0.626    -9.598218    5.777619
------------------------------------------------------------------------------

added macro:
        e(labordem_Eb) : "-1.910"

added macro:
       e(labordem_Ese) : "(3.922)"

added macro:
             e(numobs) : "\multicolumn{1}{c}{        554,931}"

added macro:
           e(numevent) : "\multicolumn{1}{c}{            118}"

added macro:
             e(minwpc) : "0.098"

added macro:
              e(belsh) : "0.050"

added macro:
       e(wagebinstate) : "Y"

added macro:
        e(workercount) : "\multicolumn{1}{c}{        358,086}"

added macro:
      e(wagebinperiod) : "Y"
stored estimates called ta_ind_1992_mstrad




    Variable |     Obs      Weight        Mean   Std. dev.       Min        Max
-------------+-----------------------------------------------------------------
    DMW_real |  13,689  7.7651e+10    .7789518   .3823315   .2514448   2.193727

    Variable |     Obs      Weight        Mean   Std. dev.       Min        Max
-------------+-----------------------------------------------------------------
     MW_real |  19,656  1.0746e+11    7.945503   .9205379   6.075942   11.42869

    Variable |        Obs        Mean    Std. dev.       Min        Max
-------------+---------------------------------------------------------
ind_msnont~e |    423,733    .9074063    2.068017          0         97

    Variable |     Obs      Weight        Mean   Std. dev.       Min        Max
-------------+-----------------------------------------------------------------
ind_msnont.. |  54,054  3.0511e+11    .0142736   .0020686   .0063648   .0288629

    Variable |     Obs      Weight        Mean   Std. dev.       Min        Max
-------------+-----------------------------------------------------------------
ind_msnont~m |     465  2.6278e+09     .003855   .0012193   .0002337   .0089436

    Variable |     Obs      Weight        Mean   Std. dev.       Min        Max
-------------+-----------------------------------------------------------------
ind_msnont~m |     462  2.6078e+09    .0028289   .0011897          0   .0088771

    Variable |     Obs      Weight        Mean   Std. dev.       Min        Max
-------------+-----------------------------------------------------------------
ind_msno~mFH |     465  2.6278e+09    .0277485   .0105099   .0015192   .0665715
Make sure that belowL16 and aboveL16 exists. Otherwise the program does not wor
> k. Assertion will be false.
reghdfe ind_msnontrad_overallcountpc   treat_m4 treat_m3 treat_m2 treat_m1 trea
> t_p0 treat_p1 treat_p2 treat_p3 treat_p4 L4treat_m4 L4treat_m3 L4treat_m2 L4t
> reat_m1 L4treat_p0 L4treat_p1 L4treat_p2 L4treat_p3 L4treat_p4 L8treat_m4 L8t
> reat_m3 L8treat_m2 L8treat_m1 L8treat_p0 L8treat_p1 L8treat_p2 L8treat_p3 L8t
> reat_p4 L12treat_m4 L12treat_m3 L12treat_m2 L12treat_m1 L12treat_p0 L12treat_
> p1 L12treat_p2 L12treat_p3 L12treat_p4 L16treat_m4 L16treat_m3 L16treat_m2 L1
> 6treat_m1 L16treat_p0 L16treat_p1 L16treat_p2 L16treat_p3 L16treat_p4 one if 
>  year>=1992  & cleansample==1   [aw=wtoverall1992] , a(i.wagebinstate i.wageq
> uarterdate    postcont_m  precont_m  earlycont_m  postcont_p  precont_p  earl
> ycont_p    i.one#c.F12treat_m4 i.one#c.F12treat_m3 i.one#c.F12treat_m2 i.one#
> c.F12treat_m1 i.one#c.F12treat_p0 i.one#c.F12treat_p1 i.one#c.F12treat_p2 i.o
> ne#c.F12treat_p3 i.one#c.F12treat_p4 i.one#c.F8treat_m4 i.one#c.F8treat_m3 i.
> one#c.F8treat_m2 i.one#c.F8treat_m1 i.one#c.F8treat_p0 i.one#c.F8treat_p1 i.o
> ne#c.F8treat_p2 i.one#c.F8treat_p3 i.one#c.F8treat_p4   postcontf_m  precontf
> _m  earlycontf_m  postcontf_p  precontf_p  earlycontf_p    i.one#c.window_m4 
>  i.one#c.window_m3  i.one#c.window_m2  i.one#c.window_m1  i.one#c.window_p0  
> i.one#c.window_p1  i.one#c.window_p2  i.one#c.window_p3  i.one#c.window_p4  )
>   cluster(statenum)
(MWFE estimator converged in 25 iterations)
note: one is probably collinear with the fixed effects (all partialled-out valu
> es are close to zero; tol = 1.0e-09)

HDFE Linear regression                            Number of obs   =    554,931
Absorbing 41 HDFE groups                          F(  45,     50) =    1481.96
Statistics robust to heteroskedasticity           Prob > F        =     0.0000
                                                  R-squared       =     0.6284
                                                  Adj R-squared   =     0.6167
                                                  Within R-sq.    =     0.0094
Number of clusters (statenum) =         51        Root MSE        =     0.0002

                              (Std. err. adjusted for 51 clusters in statenum)
------------------------------------------------------------------------------
             |               Robust
ind_msnont~c | Coefficient  std. err.      t    P>|t|     [95% conf. interval]
-------------+----------------------------------------------------------------
    treat_m4 |  -1.58e-06   7.58e-06    -0.21   0.836    -.0000168    .0000136
    treat_m3 |   -.000011   5.64e-06    -1.96   0.056    -.0000224    2.96e-07
    treat_m2 |  -.0000548   9.26e-06    -5.92   0.000    -.0000734   -.0000362
    treat_m1 |  -.0002177   .0000221    -9.87   0.000     -.000262   -.0001733
    treat_p0 |   .0002356   .0000205    11.48   0.000     .0001943    .0002768
    treat_p1 |   .0000369   .0000113     3.25   0.002     .0000141    .0000597
    treat_p2 |   6.32e-06   6.97e-06     0.91   0.369    -7.68e-06    .0000203
    treat_p3 |   .0000206   8.55e-06     2.41   0.020     3.40e-06    .0000377
    treat_p4 |   1.03e-06   7.23e-06     0.14   0.887    -.0000135    .0000156
  L4treat_m4 |  -3.99e-06   9.74e-06    -0.41   0.684    -.0000236    .0000156
  L4treat_m3 |  -9.16e-06   7.70e-06    -1.19   0.240    -.0000246    6.30e-06
  L4treat_m2 |  -.0000199   .0000223    -0.90   0.375    -.0000647    .0000248
  L4treat_m1 |  -.0002241   .0000333    -6.73   0.000     -.000291   -.0001572
  L4treat_p0 |   .0002098   .0000151    13.88   0.000     .0001795    .0002402
  L4treat_p1 |   .0000283   .0000153     1.85   0.070    -2.42e-06    .0000591
  L4treat_p2 |   4.64e-06   8.15e-06     0.57   0.572    -.0000117     .000021
  L4treat_p3 |   8.45e-06   7.20e-06     1.17   0.247    -6.02e-06    .0000229
  L4treat_p4 |  -1.40e-06   8.47e-06    -0.17   0.869    -.0000184    .0000156
  L8treat_m4 |  -6.48e-06   .0000127    -0.51   0.613    -.0000321    .0000191
  L8treat_m3 |  -6.47e-06   7.76e-06    -0.83   0.408    -.0000221    9.11e-06
  L8treat_m2 |  -.0000182   .0000136    -1.34   0.187    -.0000455    9.10e-06
  L8treat_m1 |   -.000215   .0000405    -5.31   0.000    -.0002963   -.0001337
  L8treat_p0 |   .0002348   .0000305     7.70   0.000     .0001736     .000296
  L8treat_p1 |   2.19e-06    .000024     0.09   0.928     -.000046    .0000504
  L8treat_p2 |   2.33e-06   .0000103     0.23   0.822    -.0000183     .000023
  L8treat_p3 |   4.76e-06   6.84e-06     0.70   0.490    -8.98e-06    .0000185
  L8treat_p4 |  -5.73e-06   .0000105    -0.55   0.587    -.0000268    .0000153
 L12treat_m4 |  -9.82e-06   .0000102    -0.96   0.339    -.0000303    .0000106
 L12treat_m3 |   8.14e-07   6.65e-06     0.12   0.903    -.0000126    .0000142
 L12treat_m2 |   -.000023   .0000132    -1.74   0.087    -.0000495    3.48e-06
 L12treat_m1 |  -.0002029   .0000357    -5.69   0.000    -.0002746   -.0001313
 L12treat_p0 |   .0002284   .0000268     8.53   0.000     .0001746    .0002821
 L12treat_p1 |   .0000147   .0000252     0.58   0.563     -.000036    .0000653
 L12treat_p2 |   .0000157   .0000124     1.27   0.210    -9.15e-06    .0000406
 L12treat_p3 |   .0000192   6.12e-06     3.14   0.003     6.94e-06    .0000315
 L12treat_p4 |   2.14e-06   .0000137     0.16   0.876    -.0000254    .0000296
 L16treat_m4 |  -.0000158   8.69e-06    -1.82   0.075    -.0000333    1.65e-06
 L16treat_m3 |  -5.35e-06   7.94e-06    -0.67   0.504    -.0000213    .0000106
 L16treat_m2 |  -.0000214    .000011    -1.94   0.058    -.0000436    7.29e-07
 L16treat_m1 |  -.0001139   .0000259    -4.39   0.000     -.000166   -.0000618
 L16treat_p0 |    .000192   .0000232     8.27   0.000     .0001454    .0002386
 L16treat_p1 |   6.46e-06   .0000216     0.30   0.766    -.0000369    .0000498
 L16treat_p2 |   3.97e-06   .0000154     0.26   0.797    -.0000269    .0000349
 L16treat_p3 |   .0000221   8.50e-06     2.60   0.012     5.06e-06    .0000392
 L16treat_p4 |  -8.10e-06   9.03e-06    -0.90   0.374    -.0000262      .00001
         one |          0  (omitted)
       _cons |   .0001255   6.47e-07   193.98   0.000     .0001242    .0001268
------------------------------------------------------------------------------

Absorbed degrees of freedom:
-----------------------------------------------------------+
       Absorbed FE | Categories  - Redundant  = Num. Coefs |
-------------------+---------------------------------------|
      wagebinstate |      5967        5967           0    *|
   wagequarterdate |     10881           1       10880     |
        postcont_m |         7           1           6     |
         precont_m |         4           1           3    ?|
       earlycont_m |         4           1           3    ?|
        postcont_p |         7           1           6    ?|
         precont_p |         4           1           3    ?|
       earlycont_p |         4           1           3    ?|
 one#c.F12treat_m4 |         1           0           1    ?|
 one#c.F12treat_m3 |         1           0           1    ?|
 one#c.F12treat_m2 |         1           0           1    ?|
 one#c.F12treat_m1 |         1           0           1    ?|
 one#c.F12treat_p0 |         1           0           1    ?|
 one#c.F12treat_p1 |         1           0           1    ?|
 one#c.F12treat_p2 |         1           0           1    ?|
 one#c.F12treat_p3 |         1           0           1    ?|
 one#c.F12treat_p4 |         1           0           1    ?|
  one#c.F8treat_m4 |         1           0           1    ?|
  one#c.F8treat_m3 |         1           0           1    ?|
  one#c.F8treat_m2 |         1           0           1    ?|
  one#c.F8treat_m1 |         1           0           1    ?|
  one#c.F8treat_p0 |         1           0           1    ?|
  one#c.F8treat_p1 |         1           0           1    ?|
  one#c.F8treat_p2 |         1           0           1    ?|
  one#c.F8treat_p3 |         1           0           1    ?|
  one#c.F8treat_p4 |         1           0           1    ?|
       postcontf_m |         4           1           3    ?|
        precontf_m |         3           1           2    ?|
      earlycontf_m |         3           1           2    ?|
       postcontf_p |         4           1           3    ?|
        precontf_p |         3           1           2    ?|
      earlycontf_p |         3           1           2    ?|
   one#c.window_m4 |         1           0           1    ?|
   one#c.window_m3 |         1           0           1    ?|
   one#c.window_m2 |         1           0           1    ?|
   one#c.window_m1 |         1           0           1    ?|
   one#c.window_p0 |         1           0           1    ?|
   one#c.window_p1 |         1           0           1    ?|
   one#c.window_p2 |         1           0           1    ?|
   one#c.window_p3 |         1           0           1    ?|
   one#c.window_p4 |         1           0           1    ?|
-----------------------------------------------------------+
? = number of redundant parameters may be higher
* = FE nested within cluster; treated as redundant for DoF computation
file /Users/brycewang/Documents/GitHub/top5-Econ-Paper-Replications/QJE2019-Min
> imum-Wages-Low-Wage-Jobs/Results/estimates/ind_msnontrad_overallafter_stateon
> ly_1_ind_msnontrad_overall_19922016_aggcont_A_1612.ster saved
  118

 ( 1)  56.04734*treat_m4 + 56.04734*treat_m3 + 56.04734*treat_m2 +
       56.04734*treat_m1 + 56.04734*L4treat_m4 + 56.04734*L4treat_m3 +
       56.04734*L4treat_m2 + 56.04734*L4treat_m1 + 56.04734*L8treat_m4 +
       56.04734*L8treat_m3 + 56.04734*L8treat_m2 + 56.04734*L8treat_m1 +
       56.04734*L12treat_m4 + 56.04734*L12treat_m3 + 56.04734*L12treat_m2 +
       56.04734*L12treat_m1 + 56.04734*L16treat_m4 + 56.04734*L16treat_m3 +
       56.04734*L16treat_m2 + 56.04734*L16treat_m1 = 0

------------------------------------------------------------------------------
ind_msnont~c | Coefficient  Std. err.      t    P>|t|     [95% conf. interval]
-------------+----------------------------------------------------------------
         (1) |  -.0661275   .0073056    -9.05   0.000    -.0808011   -.0514538
------------------------------------------------------------------------------

added macro:
           e(below_Eb) : "-0.066***"

added macro:
          e(below_Ese) : "(0.007)"

 ( 1)  56.04734*treat_p0 + 56.04734*treat_p1 + 56.04734*treat_p2 +
       56.04734*treat_p3 + 56.04734*treat_p4 + 56.04734*L4treat_p0 +
       56.04734*L4treat_p1 + 56.04734*L4treat_p2 + 56.04734*L4treat_p3 +
       56.04734*L4treat_p4 + 56.04734*L8treat_p0 + 56.04734*L8treat_p1 +
       56.04734*L8treat_p2 + 56.04734*L8treat_p3 + 56.04734*L8treat_p4 +
       56.04734*L12treat_p0 + 56.04734*L12treat_p1 + 56.04734*L12treat_p2 +
       56.04734*L12treat_p3 + 56.04734*L12treat_p4 + 56.04734*L16treat_p0 +
       56.04734*L16treat_p1 + 56.04734*L16treat_p2 + 56.04734*L16treat_p3 +
       56.04734*L16treat_p4 = 0

------------------------------------------------------------------------------
ind_msnont~c | Coefficient  Std. err.      t    P>|t|     [95% conf. interval]
-------------+----------------------------------------------------------------
         (1) |   .0720293   .0112538     6.40   0.000     .0494253    .0946333
------------------------------------------------------------------------------

added macro:
           e(above_Eb) : "0.072***"

added macro:
          e(above_Ese) : "(0.011)"

 ( 1)  207.5254*treat_m4 + 207.5254*treat_m3 + 207.5254*treat_m2 +
       207.5254*treat_m1 + 207.5254*treat_p0 + 207.5254*treat_p1 +
       207.5254*treat_p2 + 207.5254*treat_p3 + 207.5254*treat_p4 +
       207.5254*L4treat_m4 + 207.5254*L4treat_m3 + 207.5254*L4treat_m2 +
       207.5254*L4treat_m1 + 207.5254*L4treat_p0 + 207.5254*L4treat_p1 +
       207.5254*L4treat_p2 + 207.5254*L4treat_p3 + 207.5254*L4treat_p4 +
       207.5254*L8treat_m4 + 207.5254*L8treat_m3 + 207.5254*L8treat_m2 +
       207.5254*L8treat_m1 + 207.5254*L8treat_p0 + 207.5254*L8treat_p1 +
       207.5254*L8treat_p2 + 207.5254*L8treat_p3 + 207.5254*L8treat_p4 +
       207.5254*L12treat_m4 + 207.5254*L12treat_m3 + 207.5254*L12treat_m2 +
       207.5254*L12treat_m1 + 207.5254*L12treat_p0 + 207.5254*L12treat_p1 +
       207.5254*L12treat_p2 + 207.5254*L12treat_p3 + 207.5254*L12treat_p4 +
       207.5254*L16treat_m4 + 207.5254*L16treat_m3 + 207.5254*L16treat_m2 +
       207.5254*L16treat_m1 + 207.5254*L16treat_p0 + 207.5254*L16treat_p1 +
       207.5254*L16treat_p2 + 207.5254*L16treat_p3 + 207.5254*L16treat_p4 = 0

------------------------------------------------------------------------------
ind_msnont~c | Coefficient  Std. err.      t    P>|t|     [95% conf. interval]
-------------+----------------------------------------------------------------
         (1) |   .0218526   .0374302     0.58   0.562    -.0533281    .0970333
------------------------------------------------------------------------------

added macro:
        e(bunching_Eb) : "0.022"

added macro:
       e(bunching_Ese) : "(0.037)"

 ( 1)  571.6968*treat_m4 + 571.6968*treat_m3 + 571.6968*treat_m2 +
       571.6968*treat_m1 + 571.6968*treat_p0 + 571.6968*treat_p1 +
       571.6968*treat_p2 + 571.6968*treat_p3 + 571.6968*treat_p4 +
       571.6968*L4treat_m4 + 571.6968*L4treat_m3 + 571.6968*L4treat_m2 +
       571.6968*L4treat_m1 + 571.6968*L4treat_p0 + 571.6968*L4treat_p1 +
       571.6968*L4treat_p2 + 571.6968*L4treat_p3 + 571.6968*L4treat_p4 +
       571.6968*L8treat_m4 + 571.6968*L8treat_m3 + 571.6968*L8treat_m2 +
       571.6968*L8treat_m1 + 571.6968*L8treat_p0 + 571.6968*L8treat_p1 +
       571.6968*L8treat_p2 + 571.6968*L8treat_p3 + 571.6968*L8treat_p4 +
       571.6968*L12treat_m4 + 571.6968*L12treat_m3 + 571.6968*L12treat_m2 +
       571.6968*L12treat_m1 + 571.6968*L12treat_p0 + 571.6968*L12treat_p1 +
       571.6968*L12treat_p2 + 571.6968*L12treat_p3 + 571.6968*L12treat_p4 +
       571.6968*L16treat_m4 + 571.6968*L16treat_m3 + 571.6968*L16treat_m2 +
       571.6968*L16treat_m1 + 571.6968*L16treat_p0 + 571.6968*L16treat_p1 +
       571.6968*L16treat_p2 + 571.6968*L16treat_p3 + 571.6968*L16treat_p4 = 0

------------------------------------------------------------------------------
ind_msnont~c | Coefficient  Std. err.      t    P>|t|     [95% conf. interval]
-------------+----------------------------------------------------------------
         (1) |   .0602003   .1031137     0.58   0.562    -.1469097    .2673102
------------------------------------------------------------------------------

added macro:
       e(bunchelas_Eb) : "0.060"

added macro:
      e(bunchelas_Ese) : "(0.103)"

       _nl_1: ((((((_b[treat_m1])*(8.864712118984865-1) ) + ((_b[treat_m2])*(8.
> 864712118984865-2) ) + ((_b[treat_m3])*(8.864712118984865-3) ) + ((_b[treat_m
> 4])*(8.864712118984865-4) ) + ((_b[L4treat_m1])*(8.864712118984865-1) ) + ((_
> b[L4treat_m2])*(8.864712118984865-2)) + ((_b[L4treat_m3])*(8.864712118984865-
> 3)) + ((_b[L4treat_m4])*(8.864712118984865-4)) + ((_b[L8treat_m1])*(8.8647121
> 18984865-1) ) + ((_b[L8treat_m2])*(8.864712118984865-2)) + ((_b[L8treat_m3])*
> (8.864712118984865-3)) + ((_b[L8treat_m4])*(8.864712118984865-4)) + ((_b[L12t
> reat_m1])*(8.864712118984865-1) ) + ((_b[L12treat_m2])*(8.864712118984865-2))
>  + ((_b[L12treat_m3])*(8.864712118984865-3)) + ((_b[L12treat_m4])*(8.86471211
> 8984865-4)) + ((_b[L16treat_m1])*(8.864712118984865-1) ) + ((_b[L16treat_m2])
> *(8.864712118984865-2)) + ((_b[L16treat_m3])*(8.864712118984865-3)) + ((_b[L1
> 6treat_m4])*(8.864712118984865-4))+((_b[treat_p0])*(8.864712118984865+0)) + (
> (_b[treat_p1])*(8.864712118984865+1) ) + ((_b[treat_p2])*(8.864712118984865+2
> ) ) + ((_b[treat_p3])*(8.864712118984865+3) ) + ((_b[treat_p4])*(8.8647121189
> 84865+4) ) + ((_b[L4treat_p0])*(8.864712118984865+0)) + ((_b[L4treat_p1])*(8.
> 864712118984865+1)) + ((_b[L4treat_p2])*(8.864712118984865+2)) + ((_b[L4treat
> _p3])*(8.864712118984865+3)) + ((_b[L4treat_p4])*(8.864712118984865+4)) + ((_
> b[L8treat_p0])*(8.864712118984865+0)) + ((_b[L8treat_p1])*(8.864712118984865+
> 1)) + ((_b[L8treat_p2])*(8.864712118984865+2)) + ((_b[L8treat_p3])*(8.8647121
> 18984865+3)) + ((_b[L8treat_p4])*(8.864712118984865+4)) + ((_b[L12treat_p0])*
> (8.864712118984865+0)) + ((_b[L12treat_p1])*(8.864712118984865+1)) + ((_b[L12
> treat_p2])*(8.864712118984865+2)) + ((_b[L12treat_p3])*(8.864712118984865+3))
>  + ((_b[L12treat_p4])*(8.864712118984865+4)) + ((_b[L16treat_p0])*(8.86471211
> 8984865+0)) + ((_b[L16treat_p1])*(8.864712118984865+1)) + ((_b[L16treat_p2])*
> (8.864712118984865+2)) + ((_b[L16treat_p3])*(8.864712118984865+3)) + ((_b[L16
> treat_p4])*(8.864712118984865+4)))*(4*.2)/.0277484993182404 ) - ((((_b[treat_
> m1] ) + (_b[treat_m2] ) + (_b[treat_m3] ) + (_b[treat_m4] ) + (_b[L4treat_m1]
> ) + (_b[L4treat_m2]) + (_b[L4treat_m3]) + (_b[L4treat_m4]) + (_b[L8treat_m1])
>  + (_b[L8treat_m2]) + (_b[L8treat_m3]) + (_b[L8treat_m4]) + (_b[L12treat_m1])
>  + (_b[L12treat_m2]) + (_b[L12treat_m3]) + (_b[L12treat_m4]) + (_b[L16treat_m
> 1]) + (_b[L16treat_m2]) + (_b[L16treat_m3]) + (_b[L16treat_m4]) + (_b[treat_p
> 0]) + (_b[treat_p1] ) + (_b[treat_p2] ) + (_b[treat_p3] ) + (_b[treat_p4] ) +
>  (_b[L4treat_p0]) + (_b[L4treat_p1]) + (_b[L4treat_p2]) + (_b[L4treat_p3]) + 
> (_b[L4treat_p4]) + (_b[L8treat_p0]) + (_b[L8treat_p1]) + (_b[L8treat_p2]) + (
> _b[L8treat_p3]) + (_b[L8treat_p4]) + (_b[L12treat_p0]) + (_b[L12treat_p1]) + 
> (_b[L12treat_p2]) + (_b[L12treat_p3]) + (_b[L12treat_p4]) + (_b[L16treat_p0])
>  + (_b[L16treat_p1]) + (_b[L16treat_p2]) + (_b[L16treat_p3]) + (_b[L16treat_p
> 4]))*(4*.2)*(1/.014273648217012))/.2700746484385886))) / (1+((((_b[treat_m1] 
> ) + (_b[treat_m2] ) + (_b[treat_m3] ) + (_b[treat_m4] ) + (_b[L4treat_m1]) + 
> (_b[L4treat_m2]) + (_b[L4treat_m3]) + (_b[L4treat_m4]) + (_b[L8treat_m1]) + (
> _b[L8treat_m2]) + (_b[L8treat_m3]) + (_b[L8treat_m4]) + (_b[L12treat_m1]) + (
> _b[L12treat_m2]) + (_b[L12treat_m3]) + (_b[L12treat_m4]) + (_b[L16treat_m1]) 
> + (_b[L16treat_m2]) + (_b[L16treat_m3]) + (_b[L16treat_m4]) + (_b[treat_p0]) 
> + (_b[treat_p1] ) + (_b[treat_p2] ) + (_b[treat_p3] ) + (_b[treat_p4] ) + (_b
> [L4treat_p0]) + (_b[L4treat_p1]) + (_b[L4treat_p2]) + (_b[L4treat_p3]) + (_b[
> L4treat_p4]) + (_b[L8treat_p0]) + (_b[L8treat_p1]) + (_b[L8treat_p2]) + (_b[L
> 8treat_p3]) + (_b[L8treat_p4]) + (_b[L12treat_p0]) + (_b[L12treat_p1]) + (_b[
> L12treat_p2]) + (_b[L12treat_p3]) + (_b[L12treat_p4]) + (_b[L16treat_p0]) + (
> _b[L16treat_p1]) + (_b[L16treat_p2]) + (_b[L16treat_p3]) + (_b[L16treat_p4]))
> *(4*.2)*(1/.014273648217012))/.2700746484385886))

------------------------------------------------------------------------------
ind_msnont~c | Coefficient  Std. err.      z    P>|z|     [95% conf. interval]
-------------+----------------------------------------------------------------
       _nl_1 |   .0564238   .0144002     3.92   0.000     .0281999    .0846478
------------------------------------------------------------------------------

added macro:
              e(WB_Eb) : "0.056***"

added macro:
             e(WB_Ese) : "(0.014)"

       _nl_1: ((((_b[treat_m1] ) + (_b[treat_m2] ) + (_b[treat_m3] ) + (_b[trea
> t_m4] ) + (_b[L4treat_m1]) + (_b[L4treat_m2]) + (_b[L4treat_m3]) + (_b[L4trea
> t_m4]) + (_b[L8treat_m1]) + (_b[L8treat_m2]) + (_b[L8treat_m3]) + (_b[L8treat
> _m4]) + (_b[L12treat_m1]) + (_b[L12treat_m2]) + (_b[L12treat_m3]) + (_b[L12tr
> eat_m4]) + (_b[L16treat_m1]) + (_b[L16treat_m2]) + (_b[L16treat_m3]) + (_b[L1
> 6treat_m4]) + (_b[treat_p0]) + (_b[treat_p1] ) + (_b[treat_p2] ) + (_b[treat_
> p3] ) + (_b[treat_p4] ) + (_b[L4treat_p0]) + (_b[L4treat_p1]) + (_b[L4treat_p
> 2]) + (_b[L4treat_p3]) + (_b[L4treat_p4]) + (_b[L8treat_p0]) + (_b[L8treat_p1
> ]) + (_b[L8treat_p2]) + (_b[L8treat_p3]) + (_b[L8treat_p4]) + (_b[L12treat_p0
> ]) + (_b[L12treat_p1]) + (_b[L12treat_p2]) + (_b[L12treat_p3]) + (_b[L12treat
> _p4]) + (_b[L16treat_p0]) + (_b[L16treat_p1]) + (_b[L16treat_p2]) + (_b[L16tr
> eat_p3]) + (_b[L16treat_p4]))*(4*.2)*(1/.014273648217012))/.2700746484385886)
>  / (((((((_b[treat_m1])*(8.864712118984865-1) ) + ((_b[treat_m2])*(8.86471211
> 8984865-2) ) + ((_b[treat_m3])*(8.864712118984865-3) ) + ((_b[treat_m4])*(8.8
> 64712118984865-4) ) + ((_b[L4treat_m1])*(8.864712118984865-1) ) + ((_b[L4trea
> t_m2])*(8.864712118984865-2)) + ((_b[L4treat_m3])*(8.864712118984865-3)) + ((
> _b[L4treat_m4])*(8.864712118984865-4)) + ((_b[L8treat_m1])*(8.864712118984865
> -1) ) + ((_b[L8treat_m2])*(8.864712118984865-2)) + ((_b[L8treat_m3])*(8.86471
> 2118984865-3)) + ((_b[L8treat_m4])*(8.864712118984865-4)) + ((_b[L12treat_m1]
> )*(8.864712118984865-1) ) + ((_b[L12treat_m2])*(8.864712118984865-2)) + ((_b[
> L12treat_m3])*(8.864712118984865-3)) + ((_b[L12treat_m4])*(8.864712118984865-
> 4)) + ((_b[L16treat_m1])*(8.864712118984865-1) ) + ((_b[L16treat_m2])*(8.8647
> 12118984865-2)) + ((_b[L16treat_m3])*(8.864712118984865-3)) + ((_b[L16treat_m
> 4])*(8.864712118984865-4))+((_b[treat_p0])*(8.864712118984865+0)) + ((_b[trea
> t_p1])*(8.864712118984865+1) ) + ((_b[treat_p2])*(8.864712118984865+2) ) + ((
> _b[treat_p3])*(8.864712118984865+3) ) + ((_b[treat_p4])*(8.864712118984865+4)
>  ) + ((_b[L4treat_p0])*(8.864712118984865+0)) + ((_b[L4treat_p1])*(8.86471211
> 8984865+1)) + ((_b[L4treat_p2])*(8.864712118984865+2)) + ((_b[L4treat_p3])*(8
> .864712118984865+3)) + ((_b[L4treat_p4])*(8.864712118984865+4)) + ((_b[L8trea
> t_p0])*(8.864712118984865+0)) + ((_b[L8treat_p1])*(8.864712118984865+1)) + ((
> _b[L8treat_p2])*(8.864712118984865+2)) + ((_b[L8treat_p3])*(8.864712118984865
> +3)) + ((_b[L8treat_p4])*(8.864712118984865+4)) + ((_b[L12treat_p0])*(8.86471
> 2118984865+0)) + ((_b[L12treat_p1])*(8.864712118984865+1)) + ((_b[L12treat_p2
> ])*(8.864712118984865+2)) + ((_b[L12treat_p3])*(8.864712118984865+3)) + ((_b[
> L12treat_p4])*(8.864712118984865+4)) + ((_b[L16treat_p0])*(8.864712118984865+
> 0)) + ((_b[L16treat_p1])*(8.864712118984865+1)) + ((_b[L16treat_p2])*(8.86471
> 2118984865+2)) + ((_b[L16treat_p3])*(8.864712118984865+3)) + ((_b[L16treat_p4
> ])*(8.864712118984865+4)))*(4*.2)/.0277484993182404 ) - ((((_b[treat_m1] ) + 
> (_b[treat_m2] ) + (_b[treat_m3] ) + (_b[treat_m4] ) + (_b[L4treat_m1]) + (_b[
> L4treat_m2]) + (_b[L4treat_m3]) + (_b[L4treat_m4]) + (_b[L8treat_m1]) + (_b[L
> 8treat_m2]) + (_b[L8treat_m3]) + (_b[L8treat_m4]) + (_b[L12treat_m1]) + (_b[L
> 12treat_m2]) + (_b[L12treat_m3]) + (_b[L12treat_m4]) + (_b[L16treat_m1]) + (_
> b[L16treat_m2]) + (_b[L16treat_m3]) + (_b[L16treat_m4]) + (_b[treat_p0]) + (_
> b[treat_p1] ) + (_b[treat_p2] ) + (_b[treat_p3] ) + (_b[treat_p4] ) + (_b[L4t
> reat_p0]) + (_b[L4treat_p1]) + (_b[L4treat_p2]) + (_b[L4treat_p3]) + (_b[L4tr
> eat_p4]) + (_b[L8treat_p0]) + (_b[L8treat_p1]) + (_b[L8treat_p2]) + (_b[L8tre
> at_p3]) + (_b[L8treat_p4]) + (_b[L12treat_p0]) + (_b[L12treat_p1]) + (_b[L12t
> reat_p2]) + (_b[L12treat_p3]) + (_b[L12treat_p4]) + (_b[L16treat_p0]) + (_b[L
> 16treat_p1]) + (_b[L16treat_p2]) + (_b[L16treat_p3]) + (_b[L16treat_p4]))*(4*
> .2)*(1/.014273648217012))/.2700746484385886))) / (1+((((_b[treat_m1] ) + (_b[
> treat_m2] ) + (_b[treat_m3] ) + (_b[treat_m4] ) + (_b[L4treat_m1]) + (_b[L4tr
> eat_m2]) + (_b[L4treat_m3]) + (_b[L4treat_m4]) + (_b[L8treat_m1]) + (_b[L8tre
> at_m2]) + (_b[L8treat_m3]) + (_b[L8treat_m4]) + (_b[L12treat_m1]) + (_b[L12tr
> eat_m2]) + (_b[L12treat_m3]) + (_b[L12treat_m4]) + (_b[L16treat_m1]) + (_b[L1
> 6treat_m2]) + (_b[L16treat_m3]) + (_b[L16treat_m4]) + (_b[treat_p0]) + (_b[tr
> eat_p1] ) + (_b[treat_p2] ) + (_b[treat_p3] ) + (_b[treat_p4] ) + (_b[L4treat
> _p0]) + (_b[L4treat_p1]) + (_b[L4treat_p2]) + (_b[L4treat_p3]) + (_b[L4treat_
> p4]) + (_b[L8treat_p0]) + (_b[L8treat_p1]) + (_b[L8treat_p2]) + (_b[L8treat_p
> 3]) + (_b[L8treat_p4]) + (_b[L12treat_p0]) + (_b[L12treat_p1]) + (_b[L12treat
> _p2]) + (_b[L12treat_p3]) + (_b[L12treat_p4]) + (_b[L16treat_p0]) + (_b[L16tr
> eat_p1]) + (_b[L16treat_p2]) + (_b[L16treat_p3]) + (_b[L16treat_p4]))*(4*.2)*
> (1/.014273648217012))/.2700746484385886)))

------------------------------------------------------------------------------
ind_msnont~c | Coefficient  Std. err.      z    P>|z|     [95% conf. interval]
-------------+----------------------------------------------------------------
       _nl_1 |   .3872943   .5965358     0.65   0.516    -.7818944    1.556483
------------------------------------------------------------------------------

added macro:
        e(labordem_Eb) : "0.387"

added macro:
       e(labordem_Ese) : "(0.597)"

added macro:
             e(numobs) : "\multicolumn{1}{c}{        554,931}"

added macro:
           e(numevent) : "\multicolumn{1}{c}{            118}"

added macro:
             e(minwpc) : "0.098"

added macro:
              e(belsh) : "0.270"

added macro:
       e(wagebinstate) : "Y"

added macro:
        e(workercount) : "\multicolumn{1}{c}{        384,498}"

added macro:
      e(wagebinperiod) : "Y"
stored estimates called ta_ind_1992_msnontrad




    Variable |     Obs      Weight        Mean   Std. dev.       Min        Max
-------------+-----------------------------------------------------------------
    DMW_real |  13,689  7.7651e+10    .7789518   .3823315   .2514448   2.193727

    Variable |     Obs      Weight        Mean   Std. dev.       Min        Max
-------------+-----------------------------------------------------------------
     MW_real |  19,656  1.0746e+11    7.945503   .9205379   6.075942   11.42869

    Variable |        Obs        Mean    Std. dev.       Min        Max
-------------+---------------------------------------------------------
ind_msothe~e |    423,733    3.550922    9.870733          0        464

    Variable |     Obs      Weight        Mean   Std. dev.       Min        Max
-------------+-----------------------------------------------------------------
ind_mso~call |  54,054  3.0511e+11     .185914   .0313237   .1165509   .5078506

    Variable |     Obs      Weight        Mean   Std. dev.       Min        Max
-------------+-----------------------------------------------------------------
ind_msothe~m |     465  2.6278e+09    .0105919   .0043443    .001746   .0520694

    Variable |     Obs      Weight        Mean   Std. dev.       Min        Max
-------------+-----------------------------------------------------------------
ind_msothe~m |     462  2.6078e+09    .0077529   .0037283          0   .0497663

    Variable |     Obs      Weight        Mean   Std. dev.       Min        Max
-------------+-----------------------------------------------------------------
ind_msot~mFH |     465  2.6278e+09    .0758522   .0374308   .0119161   .3561795
Make sure that belowL16 and aboveL16 exists. Otherwise the program does not wor
> k. Assertion will be false.
reghdfe ind_msother_overallcountpc   treat_m4 treat_m3 treat_m2 treat_m1 treat_
> p0 treat_p1 treat_p2 treat_p3 treat_p4 L4treat_m4 L4treat_m3 L4treat_m2 L4tre
> at_m1 L4treat_p0 L4treat_p1 L4treat_p2 L4treat_p3 L4treat_p4 L8treat_m4 L8tre
> at_m3 L8treat_m2 L8treat_m1 L8treat_p0 L8treat_p1 L8treat_p2 L8treat_p3 L8tre
> at_p4 L12treat_m4 L12treat_m3 L12treat_m2 L12treat_m1 L12treat_p0 L12treat_p1
>  L12treat_p2 L12treat_p3 L12treat_p4 L16treat_m4 L16treat_m3 L16treat_m2 L16t
> reat_m1 L16treat_p0 L16treat_p1 L16treat_p2 L16treat_p3 L16treat_p4 one if  y
> ear>=1992  & cleansample==1   [aw=wtoverall1992] , a(i.wagebinstate i.wagequa
> rterdate    postcont_m  precont_m  earlycont_m  postcont_p  precont_p  earlyc
> ont_p    i.one#c.F12treat_m4 i.one#c.F12treat_m3 i.one#c.F12treat_m2 i.one#c.
> F12treat_m1 i.one#c.F12treat_p0 i.one#c.F12treat_p1 i.one#c.F12treat_p2 i.one
> #c.F12treat_p3 i.one#c.F12treat_p4 i.one#c.F8treat_m4 i.one#c.F8treat_m3 i.on
> e#c.F8treat_m2 i.one#c.F8treat_m1 i.one#c.F8treat_p0 i.one#c.F8treat_p1 i.one
> #c.F8treat_p2 i.one#c.F8treat_p3 i.one#c.F8treat_p4   postcontf_m  precontf_m
>   earlycontf_m  postcontf_p  precontf_p  earlycontf_p    i.one#c.window_m4  i
> .one#c.window_m3  i.one#c.window_m2  i.one#c.window_m1  i.one#c.window_p0  i.
> one#c.window_p1  i.one#c.window_p2  i.one#c.window_p3  i.one#c.window_p4  )  
> cluster(statenum)
(MWFE estimator converged in 25 iterations)
note: one is probably collinear with the fixed effects (all partialled-out valu
> es are close to zero; tol = 1.0e-09)

HDFE Linear regression                            Number of obs   =    554,931
Absorbing 41 HDFE groups                          F(  45,     50) =     755.49
Statistics robust to heteroskedasticity           Prob > F        =     0.0000
                                                  R-squared       =     0.9419
                                                  Adj R-squared   =     0.9401
                                                  Within R-sq.    =     0.0012
Number of clusters (statenum) =         51        Root MSE        =     0.0010

                              (Std. err. adjusted for 51 clusters in statenum)
------------------------------------------------------------------------------
             |               Robust
ind_msothe~c | Coefficient  std. err.      t    P>|t|     [95% conf. interval]
-------------+----------------------------------------------------------------
    treat_m4 |  -1.50e-06   8.14e-06    -0.18   0.855    -.0000179    .0000149
    treat_m3 |  -.0000287   .0000152    -1.89   0.065    -.0000592    1.88e-06
    treat_m2 |  -.0001277   .0000319    -4.00   0.000    -.0001918   -.0000635
    treat_m1 |  -.0004895   .0000814    -6.02   0.000     -.000653   -.0003261
    treat_p0 |   .0005228   .0001204     4.34   0.000     .0002811    .0007646
    treat_p1 |   .0000514   .0000793     0.65   0.520    -.0001078    .0002106
    treat_p2 |   .0000674   .0000378     1.78   0.081    -8.62e-06    .0001433
    treat_p3 |   .0000999   .0000417     2.40   0.020     .0000162    .0001836
    treat_p4 |   .0000274   .0000453     0.61   0.547    -.0000635    .0001184
  L4treat_m4 |  -.0000266   9.32e-06    -2.86   0.006    -.0000454   -7.93e-06
  L4treat_m3 |  -.0000237    .000016    -1.48   0.144    -.0000557    8.40e-06
  L4treat_m2 |  -.0000154   .0000374    -0.41   0.683    -.0000906    .0000598
  L4treat_m1 |  -.0004119   .0001283    -3.21   0.002    -.0006696   -.0001542
  L4treat_p0 |   .0003689   .0000799     4.61   0.000     .0002083    .0005295
  L4treat_p1 |   .0000217   .0000659     0.33   0.744    -.0001108    .0001541
  L4treat_p2 |   .0000308   .0000494     0.62   0.536    -.0000685    .0001301
  L4treat_p3 |   .0000143   .0000468     0.31   0.760    -.0000796    .0001083
  L4treat_p4 |   .0000398   .0000536     0.74   0.461    -.0000679    .0001475
  L8treat_m4 |  -.0000277    .000011    -2.52   0.015    -.0000497   -5.66e-06
  L8treat_m3 |  -.0000378   .0000136    -2.78   0.008    -.0000652   -.0000105
  L8treat_m2 |   -.000027   .0000302    -0.89   0.375    -.0000876    .0000336
  L8treat_m1 |  -.0004259   .0001175    -3.63   0.001    -.0006618     -.00019
  L8treat_p0 |   .0004514   .0001018     4.44   0.000      .000247    .0006558
  L8treat_p1 |   .0000519   .0000482     1.08   0.287    -.0000448    .0001486
  L8treat_p2 |   .0000452   .0000659     0.69   0.496    -.0000872    .0001776
  L8treat_p3 |   .0000634   .0000527     1.20   0.235    -.0000425    .0001692
  L8treat_p4 |  -.0000106   .0000395    -0.27   0.790    -.0000899    .0000688
 L12treat_m4 |  -.0000275   .0000166    -1.65   0.104     -.000061    5.90e-06
 L12treat_m3 |  -.0000161   .0000191    -0.84   0.403    -.0000545    .0000223
 L12treat_m2 |  -.0000491   .0000272    -1.80   0.078    -.0001038    5.68e-06
 L12treat_m1 |  -.0004117   .0001142    -3.60   0.001    -.0006411   -.0001822
 L12treat_p0 |   .0003556   .0001036     3.43   0.001     .0001476    .0005636
 L12treat_p1 |  -.0000777   .0000632    -1.23   0.225    -.0002046    .0000493
 L12treat_p2 |    .000031   .0000433     0.72   0.478     -.000056    .0001179
 L12treat_p3 |   .0000817   .0000409     1.99   0.052    -5.57e-07    .0001639
 L12treat_p4 |   .0000633   .0000537     1.18   0.244    -.0000446    .0001712
 L16treat_m4 |  -.0000186   .0000128    -1.46   0.150    -.0000443    6.99e-06
 L16treat_m3 |  -.0000477    .000018    -2.65   0.011    -.0000839   -.0000115
 L16treat_m2 |  -.0000746   .0000302    -2.47   0.017    -.0001354   -.0000139
 L16treat_m1 |  -.0002589   .0000934    -2.77   0.008    -.0004466   -.0000712
 L16treat_p0 |   .0003794   .0000724     5.24   0.000      .000234    .0005248
 L16treat_p1 |  -.0000659   .0000793    -0.83   0.410    -.0002252    .0000933
 L16treat_p2 |   .0000265   .0000705     0.38   0.708    -.0001151    .0001681
 L16treat_p3 |   .0000945   .0000359     2.64   0.011     .0000225    .0001665
 L16treat_p4 |  -.0000641   .0000449    -1.43   0.160    -.0001543    .0000261
         one |          0  (omitted)
       _cons |   .0015113   2.08e-06   727.48   0.000     .0015071    .0015155
------------------------------------------------------------------------------

Absorbed degrees of freedom:
-----------------------------------------------------------+
       Absorbed FE | Categories  - Redundant  = Num. Coefs |
-------------------+---------------------------------------|
      wagebinstate |      5967        5967           0    *|
   wagequarterdate |     10881           1       10880     |
        postcont_m |         7           1           6     |
         precont_m |         4           1           3    ?|
       earlycont_m |         4           1           3    ?|
        postcont_p |         7           1           6    ?|
         precont_p |         4           1           3    ?|
       earlycont_p |         4           1           3    ?|
 one#c.F12treat_m4 |         1           0           1    ?|
 one#c.F12treat_m3 |         1           0           1    ?|
 one#c.F12treat_m2 |         1           0           1    ?|
 one#c.F12treat_m1 |         1           0           1    ?|
 one#c.F12treat_p0 |         1           0           1    ?|
 one#c.F12treat_p1 |         1           0           1    ?|
 one#c.F12treat_p2 |         1           0           1    ?|
 one#c.F12treat_p3 |         1           0           1    ?|
 one#c.F12treat_p4 |         1           0           1    ?|
  one#c.F8treat_m4 |         1           0           1    ?|
  one#c.F8treat_m3 |         1           0           1    ?|
  one#c.F8treat_m2 |         1           0           1    ?|
  one#c.F8treat_m1 |         1           0           1    ?|
  one#c.F8treat_p0 |         1           0           1    ?|
  one#c.F8treat_p1 |         1           0           1    ?|
  one#c.F8treat_p2 |         1           0           1    ?|
  one#c.F8treat_p3 |         1           0           1    ?|
  one#c.F8treat_p4 |         1           0           1    ?|
       postcontf_m |         4           1           3    ?|
        precontf_m |         3           1           2    ?|
      earlycontf_m |         3           1           2    ?|
       postcontf_p |         4           1           3    ?|
        precontf_p |         3           1           2    ?|
      earlycontf_p |         3           1           2    ?|
   one#c.window_m4 |         1           0           1    ?|
   one#c.window_m3 |         1           0           1    ?|
   one#c.window_m2 |         1           0           1    ?|
   one#c.window_m1 |         1           0           1    ?|
   one#c.window_p0 |         1           0           1    ?|
   one#c.window_p1 |         1           0           1    ?|
   one#c.window_p2 |         1           0           1    ?|
   one#c.window_p3 |         1           0           1    ?|
   one#c.window_p4 |         1           0           1    ?|
-----------------------------------------------------------+
? = number of redundant parameters may be higher
* = FE nested within cluster; treated as redundant for DoF computation
file /Users/brycewang/Documents/GitHub/top5-Econ-Paper-Replications/QJE2019-Min
> imum-Wages-Low-Wage-Jobs/Results/estimates/ind_msother_overallafter_stateonly
> _1_ind_msother_overall_19922016_aggcont_A_1612.ster saved
  118

 ( 1)  4.303065*treat_m4 + 4.303065*treat_m3 + 4.303065*treat_m2 +
       4.303065*treat_m1 + 4.303065*L4treat_m4 + 4.303065*L4treat_m3 +
       4.303065*L4treat_m2 + 4.303065*L4treat_m1 + 4.303065*L8treat_m4 +
       4.303065*L8treat_m3 + 4.303065*L8treat_m2 + 4.303065*L8treat_m1 +
       4.303065*L12treat_m4 + 4.303065*L12treat_m3 + 4.303065*L12treat_m2 +
       4.303065*L12treat_m1 + 4.303065*L16treat_m4 + 4.303065*L16treat_m3 +
       4.303065*L16treat_m2 + 4.303065*L16treat_m1 = 0

------------------------------------------------------------------------------
ind_msothe~c | Coefficient  Std. err.      t    P>|t|     [95% conf. interval]
-------------+----------------------------------------------------------------
         (1) |  -.0109624   .0025549    -4.29   0.000     -.016094   -.0058308
------------------------------------------------------------------------------

added macro:
           e(below_Eb) : "-0.011***"

added macro:
          e(below_Ese) : "(0.003)"

 ( 1)  4.303065*treat_p0 + 4.303065*treat_p1 + 4.303065*treat_p2 +
       4.303065*treat_p3 + 4.303065*treat_p4 + 4.303065*L4treat_p0 +
       4.303065*L4treat_p1 + 4.303065*L4treat_p2 + 4.303065*L4treat_p3 +
       4.303065*L4treat_p4 + 4.303065*L8treat_p0 + 4.303065*L8treat_p1 +
       4.303065*L8treat_p2 + 4.303065*L8treat_p3 + 4.303065*L8treat_p4 +
       4.303065*L12treat_p0 + 4.303065*L12treat_p1 + 4.303065*L12treat_p2 +
       4.303065*L12treat_p3 + 4.303065*L12treat_p4 + 4.303065*L16treat_p0 +
       4.303065*L16treat_p1 + 4.303065*L16treat_p2 + 4.303065*L16treat_p3 +
       4.303065*L16treat_p4 = 0

------------------------------------------------------------------------------
ind_msothe~c | Coefficient  Std. err.      t    P>|t|     [95% conf. interval]
-------------+----------------------------------------------------------------
         (1) |   .0114895   .0020699     5.55   0.000     .0073319     .015647
------------------------------------------------------------------------------

added macro:
           e(above_Eb) : "0.011***"

added macro:
          e(above_Ese) : "(0.002)"

 ( 1)  75.52935*treat_m4 + 75.52935*treat_m3 + 75.52935*treat_m2 +
       75.52935*treat_m1 + 75.52935*treat_p0 + 75.52935*treat_p1 +
       75.52935*treat_p2 + 75.52935*treat_p3 + 75.52935*treat_p4 +
       75.52935*L4treat_m4 + 75.52935*L4treat_m3 + 75.52935*L4treat_m2 +
       75.52935*L4treat_m1 + 75.52935*L4treat_p0 + 75.52935*L4treat_p1 +
       75.52935*L4treat_p2 + 75.52935*L4treat_p3 + 75.52935*L4treat_p4 +
       75.52935*L8treat_m4 + 75.52935*L8treat_m3 + 75.52935*L8treat_m2 +
       75.52935*L8treat_m1 + 75.52935*L8treat_p0 + 75.52935*L8treat_p1 +
       75.52935*L8treat_p2 + 75.52935*L8treat_p3 + 75.52935*L8treat_p4 +
       75.52935*L12treat_m4 + 75.52935*L12treat_m3 + 75.52935*L12treat_m2 +
       75.52935*L12treat_m1 + 75.52935*L12treat_p0 + 75.52935*L12treat_p1 +
       75.52935*L12treat_p2 + 75.52935*L12treat_p3 + 75.52935*L12treat_p4 +
       75.52935*L16treat_m4 + 75.52935*L16treat_m3 + 75.52935*L16treat_m2 +
       75.52935*L16treat_m1 + 75.52935*L16treat_p0 + 75.52935*L16treat_p1 +
       75.52935*L16treat_p2 + 75.52935*L16treat_p3 + 75.52935*L16treat_p4 = 0

------------------------------------------------------------------------------
ind_msothe~c | Coefficient  Std. err.      t    P>|t|     [95% conf. interval]
-------------+----------------------------------------------------------------
         (1) |   .0092513   .0440323     0.21   0.834    -.0791901    .0976927
------------------------------------------------------------------------------

added macro:
        e(bunching_Eb) : "0.009"

added macro:
       e(bunching_Ese) : "(0.044)"

 ( 1)  43.89233*treat_m4 + 43.89233*treat_m3 + 43.89233*treat_m2 +
       43.89233*treat_m1 + 43.89233*treat_p0 + 43.89233*treat_p1 +
       43.89233*treat_p2 + 43.89233*treat_p3 + 43.89233*treat_p4 +
       43.89233*L4treat_m4 + 43.89233*L4treat_m3 + 43.89233*L4treat_m2 +
       43.89233*L4treat_m1 + 43.89233*L4treat_p0 + 43.89233*L4treat_p1 +
       43.89233*L4treat_p2 + 43.89233*L4treat_p3 + 43.89233*L4treat_p4 +
       43.89233*L8treat_m4 + 43.89233*L8treat_m3 + 43.89233*L8treat_m2 +
       43.89233*L8treat_m1 + 43.89233*L8treat_p0 + 43.89233*L8treat_p1 +
       43.89233*L8treat_p2 + 43.89233*L8treat_p3 + 43.89233*L8treat_p4 +
       43.89233*L12treat_m4 + 43.89233*L12treat_m3 + 43.89233*L12treat_m2 +
       43.89233*L12treat_m1 + 43.89233*L12treat_p0 + 43.89233*L12treat_p1 +
       43.89233*L12treat_p2 + 43.89233*L12treat_p3 + 43.89233*L12treat_p4 +
       43.89233*L16treat_m4 + 43.89233*L16treat_m3 + 43.89233*L16treat_m2 +
       43.89233*L16treat_m1 + 43.89233*L16treat_p0 + 43.89233*L16treat_p1 +
       43.89233*L16treat_p2 + 43.89233*L16treat_p3 + 43.89233*L16treat_p4 = 0

------------------------------------------------------------------------------
ind_msothe~c | Coefficient  Std. err.      t    P>|t|     [95% conf. interval]
-------------+----------------------------------------------------------------
         (1) |   .0053762   .0255885     0.21   0.834    -.0460197    .0567721
------------------------------------------------------------------------------

added macro:
       e(bunchelas_Eb) : "0.005"

added macro:
      e(bunchelas_Ese) : "(0.026)"

       _nl_1: ((((((_b[treat_m1])*(8.864712118984865-1) ) + ((_b[treat_m2])*(8.
> 864712118984865-2) ) + ((_b[treat_m3])*(8.864712118984865-3) ) + ((_b[treat_m
> 4])*(8.864712118984865-4) ) + ((_b[L4treat_m1])*(8.864712118984865-1) ) + ((_
> b[L4treat_m2])*(8.864712118984865-2)) + ((_b[L4treat_m3])*(8.864712118984865-
> 3)) + ((_b[L4treat_m4])*(8.864712118984865-4)) + ((_b[L8treat_m1])*(8.8647121
> 18984865-1) ) + ((_b[L8treat_m2])*(8.864712118984865-2)) + ((_b[L8treat_m3])*
> (8.864712118984865-3)) + ((_b[L8treat_m4])*(8.864712118984865-4)) + ((_b[L12t
> reat_m1])*(8.864712118984865-1) ) + ((_b[L12treat_m2])*(8.864712118984865-2))
>  + ((_b[L12treat_m3])*(8.864712118984865-3)) + ((_b[L12treat_m4])*(8.86471211
> 8984865-4)) + ((_b[L16treat_m1])*(8.864712118984865-1) ) + ((_b[L16treat_m2])
> *(8.864712118984865-2)) + ((_b[L16treat_m3])*(8.864712118984865-3)) + ((_b[L1
> 6treat_m4])*(8.864712118984865-4))+((_b[treat_p0])*(8.864712118984865+0)) + (
> (_b[treat_p1])*(8.864712118984865+1) ) + ((_b[treat_p2])*(8.864712118984865+2
> ) ) + ((_b[treat_p3])*(8.864712118984865+3) ) + ((_b[treat_p4])*(8.8647121189
> 84865+4) ) + ((_b[L4treat_p0])*(8.864712118984865+0)) + ((_b[L4treat_p1])*(8.
> 864712118984865+1)) + ((_b[L4treat_p2])*(8.864712118984865+2)) + ((_b[L4treat
> _p3])*(8.864712118984865+3)) + ((_b[L4treat_p4])*(8.864712118984865+4)) + ((_
> b[L8treat_p0])*(8.864712118984865+0)) + ((_b[L8treat_p1])*(8.864712118984865+
> 1)) + ((_b[L8treat_p2])*(8.864712118984865+2)) + ((_b[L8treat_p3])*(8.8647121
> 18984865+3)) + ((_b[L8treat_p4])*(8.864712118984865+4)) + ((_b[L12treat_p0])*
> (8.864712118984865+0)) + ((_b[L12treat_p1])*(8.864712118984865+1)) + ((_b[L12
> treat_p2])*(8.864712118984865+2)) + ((_b[L12treat_p3])*(8.864712118984865+3))
>  + ((_b[L12treat_p4])*(8.864712118984865+4)) + ((_b[L16treat_p0])*(8.86471211
> 8984865+0)) + ((_b[L16treat_p1])*(8.864712118984865+1)) + ((_b[L16treat_p2])*
> (8.864712118984865+2)) + ((_b[L16treat_p3])*(8.864712118984865+3)) + ((_b[L16
> treat_p4])*(8.864712118984865+4)))*(4*.2)/.0758522075124257 ) - ((((_b[treat_
> m1] ) + (_b[treat_m2] ) + (_b[treat_m3] ) + (_b[treat_m4] ) + (_b[L4treat_m1]
> ) + (_b[L4treat_m2]) + (_b[L4treat_m3]) + (_b[L4treat_m4]) + (_b[L8treat_m1])
>  + (_b[L8treat_m2]) + (_b[L8treat_m3]) + (_b[L8treat_m4]) + (_b[L12treat_m1])
>  + (_b[L12treat_m2]) + (_b[L12treat_m3]) + (_b[L12treat_m4]) + (_b[L16treat_m
> 1]) + (_b[L16treat_m2]) + (_b[L16treat_m3]) + (_b[L16treat_m4]) + (_b[treat_p
> 0]) + (_b[treat_p1] ) + (_b[treat_p2] ) + (_b[treat_p3] ) + (_b[treat_p4] ) +
>  (_b[L4treat_p0]) + (_b[L4treat_p1]) + (_b[L4treat_p2]) + (_b[L4treat_p3]) + 
> (_b[L4treat_p4]) + (_b[L8treat_p0]) + (_b[L8treat_p1]) + (_b[L8treat_p2]) + (
> _b[L8treat_p3]) + (_b[L8treat_p4]) + (_b[L12treat_p0]) + (_b[L12treat_p1]) + 
> (_b[L12treat_p2]) + (_b[L12treat_p3]) + (_b[L12treat_p4]) + (_b[L16treat_p0])
>  + (_b[L16treat_p1]) + (_b[L16treat_p2]) + (_b[L16treat_p3]) + (_b[L16treat_p
> 4]))*(4*.2)*(1/.1859140100131848))/.0569720847555933))) / (1+((((_b[treat_m1]
>  ) + (_b[treat_m2] ) + (_b[treat_m3] ) + (_b[treat_m4] ) + (_b[L4treat_m1]) +
>  (_b[L4treat_m2]) + (_b[L4treat_m3]) + (_b[L4treat_m4]) + (_b[L8treat_m1]) + 
> (_b[L8treat_m2]) + (_b[L8treat_m3]) + (_b[L8treat_m4]) + (_b[L12treat_m1]) + 
> (_b[L12treat_m2]) + (_b[L12treat_m3]) + (_b[L12treat_m4]) + (_b[L16treat_m1])
>  + (_b[L16treat_m2]) + (_b[L16treat_m3]) + (_b[L16treat_m4]) + (_b[treat_p0])
>  + (_b[treat_p1] ) + (_b[treat_p2] ) + (_b[treat_p3] ) + (_b[treat_p4] ) + (_
> b[L4treat_p0]) + (_b[L4treat_p1]) + (_b[L4treat_p2]) + (_b[L4treat_p3]) + (_b
> [L4treat_p4]) + (_b[L8treat_p0]) + (_b[L8treat_p1]) + (_b[L8treat_p2]) + (_b[
> L8treat_p3]) + (_b[L8treat_p4]) + (_b[L12treat_p0]) + (_b[L12treat_p1]) + (_b
> [L12treat_p2]) + (_b[L12treat_p3]) + (_b[L12treat_p4]) + (_b[L16treat_p0]) + 
> (_b[L16treat_p1]) + (_b[L16treat_p2]) + (_b[L16treat_p3]) + (_b[L16treat_p4])
> )*(4*.2)*(1/.1859140100131848))/.0569720847555933))

------------------------------------------------------------------------------
ind_msothe~c | Coefficient  Std. err.      z    P>|z|     [95% conf. interval]
-------------+----------------------------------------------------------------
       _nl_1 |   .0557194   .0130835     4.26   0.000     .0300762    .0813627
------------------------------------------------------------------------------

added macro:
              e(WB_Eb) : "0.056***"

added macro:
             e(WB_Ese) : "(0.013)"

       _nl_1: ((((_b[treat_m1] ) + (_b[treat_m2] ) + (_b[treat_m3] ) + (_b[trea
> t_m4] ) + (_b[L4treat_m1]) + (_b[L4treat_m2]) + (_b[L4treat_m3]) + (_b[L4trea
> t_m4]) + (_b[L8treat_m1]) + (_b[L8treat_m2]) + (_b[L8treat_m3]) + (_b[L8treat
> _m4]) + (_b[L12treat_m1]) + (_b[L12treat_m2]) + (_b[L12treat_m3]) + (_b[L12tr
> eat_m4]) + (_b[L16treat_m1]) + (_b[L16treat_m2]) + (_b[L16treat_m3]) + (_b[L1
> 6treat_m4]) + (_b[treat_p0]) + (_b[treat_p1] ) + (_b[treat_p2] ) + (_b[treat_
> p3] ) + (_b[treat_p4] ) + (_b[L4treat_p0]) + (_b[L4treat_p1]) + (_b[L4treat_p
> 2]) + (_b[L4treat_p3]) + (_b[L4treat_p4]) + (_b[L8treat_p0]) + (_b[L8treat_p1
> ]) + (_b[L8treat_p2]) + (_b[L8treat_p3]) + (_b[L8treat_p4]) + (_b[L12treat_p0
> ]) + (_b[L12treat_p1]) + (_b[L12treat_p2]) + (_b[L12treat_p3]) + (_b[L12treat
> _p4]) + (_b[L16treat_p0]) + (_b[L16treat_p1]) + (_b[L16treat_p2]) + (_b[L16tr
> eat_p3]) + (_b[L16treat_p4]))*(4*.2)*(1/.1859140100131848))/.0569720847555933
> ) / (((((((_b[treat_m1])*(8.864712118984865-1) ) + ((_b[treat_m2])*(8.8647121
> 18984865-2) ) + ((_b[treat_m3])*(8.864712118984865-3) ) + ((_b[treat_m4])*(8.
> 864712118984865-4) ) + ((_b[L4treat_m1])*(8.864712118984865-1) ) + ((_b[L4tre
> at_m2])*(8.864712118984865-2)) + ((_b[L4treat_m3])*(8.864712118984865-3)) + (
> (_b[L4treat_m4])*(8.864712118984865-4)) + ((_b[L8treat_m1])*(8.86471211898486
> 5-1) ) + ((_b[L8treat_m2])*(8.864712118984865-2)) + ((_b[L8treat_m3])*(8.8647
> 12118984865-3)) + ((_b[L8treat_m4])*(8.864712118984865-4)) + ((_b[L12treat_m1
> ])*(8.864712118984865-1) ) + ((_b[L12treat_m2])*(8.864712118984865-2)) + ((_b
> [L12treat_m3])*(8.864712118984865-3)) + ((_b[L12treat_m4])*(8.864712118984865
> -4)) + ((_b[L16treat_m1])*(8.864712118984865-1) ) + ((_b[L16treat_m2])*(8.864
> 712118984865-2)) + ((_b[L16treat_m3])*(8.864712118984865-3)) + ((_b[L16treat_
> m4])*(8.864712118984865-4))+((_b[treat_p0])*(8.864712118984865+0)) + ((_b[tre
> at_p1])*(8.864712118984865+1) ) + ((_b[treat_p2])*(8.864712118984865+2) ) + (
> (_b[treat_p3])*(8.864712118984865+3) ) + ((_b[treat_p4])*(8.864712118984865+4
> ) ) + ((_b[L4treat_p0])*(8.864712118984865+0)) + ((_b[L4treat_p1])*(8.8647121
> 18984865+1)) + ((_b[L4treat_p2])*(8.864712118984865+2)) + ((_b[L4treat_p3])*(
> 8.864712118984865+3)) + ((_b[L4treat_p4])*(8.864712118984865+4)) + ((_b[L8tre
> at_p0])*(8.864712118984865+0)) + ((_b[L8treat_p1])*(8.864712118984865+1)) + (
> (_b[L8treat_p2])*(8.864712118984865+2)) + ((_b[L8treat_p3])*(8.86471211898486
> 5+3)) + ((_b[L8treat_p4])*(8.864712118984865+4)) + ((_b[L12treat_p0])*(8.8647
> 12118984865+0)) + ((_b[L12treat_p1])*(8.864712118984865+1)) + ((_b[L12treat_p
> 2])*(8.864712118984865+2)) + ((_b[L12treat_p3])*(8.864712118984865+3)) + ((_b
> [L12treat_p4])*(8.864712118984865+4)) + ((_b[L16treat_p0])*(8.864712118984865
> +0)) + ((_b[L16treat_p1])*(8.864712118984865+1)) + ((_b[L16treat_p2])*(8.8647
> 12118984865+2)) + ((_b[L16treat_p3])*(8.864712118984865+3)) + ((_b[L16treat_p
> 4])*(8.864712118984865+4)))*(4*.2)/.0758522075124257 ) - ((((_b[treat_m1] ) +
>  (_b[treat_m2] ) + (_b[treat_m3] ) + (_b[treat_m4] ) + (_b[L4treat_m1]) + (_b
> [L4treat_m2]) + (_b[L4treat_m3]) + (_b[L4treat_m4]) + (_b[L8treat_m1]) + (_b[
> L8treat_m2]) + (_b[L8treat_m3]) + (_b[L8treat_m4]) + (_b[L12treat_m1]) + (_b[
> L12treat_m2]) + (_b[L12treat_m3]) + (_b[L12treat_m4]) + (_b[L16treat_m1]) + (
> _b[L16treat_m2]) + (_b[L16treat_m3]) + (_b[L16treat_m4]) + (_b[treat_p0]) + (
> _b[treat_p1] ) + (_b[treat_p2] ) + (_b[treat_p3] ) + (_b[treat_p4] ) + (_b[L4
> treat_p0]) + (_b[L4treat_p1]) + (_b[L4treat_p2]) + (_b[L4treat_p3]) + (_b[L4t
> reat_p4]) + (_b[L8treat_p0]) + (_b[L8treat_p1]) + (_b[L8treat_p2]) + (_b[L8tr
> eat_p3]) + (_b[L8treat_p4]) + (_b[L12treat_p0]) + (_b[L12treat_p1]) + (_b[L12
> treat_p2]) + (_b[L12treat_p3]) + (_b[L12treat_p4]) + (_b[L16treat_p0]) + (_b[
> L16treat_p1]) + (_b[L16treat_p2]) + (_b[L16treat_p3]) + (_b[L16treat_p4]))*(4
> *.2)*(1/.1859140100131848))/.0569720847555933))) / (1+((((_b[treat_m1] ) + (_
> b[treat_m2] ) + (_b[treat_m3] ) + (_b[treat_m4] ) + (_b[L4treat_m1]) + (_b[L4
> treat_m2]) + (_b[L4treat_m3]) + (_b[L4treat_m4]) + (_b[L8treat_m1]) + (_b[L8t
> reat_m2]) + (_b[L8treat_m3]) + (_b[L8treat_m4]) + (_b[L12treat_m1]) + (_b[L12
> treat_m2]) + (_b[L12treat_m3]) + (_b[L12treat_m4]) + (_b[L16treat_m1]) + (_b[
> L16treat_m2]) + (_b[L16treat_m3]) + (_b[L16treat_m4]) + (_b[treat_p0]) + (_b[
> treat_p1] ) + (_b[treat_p2] ) + (_b[treat_p3] ) + (_b[treat_p4] ) + (_b[L4tre
> at_p0]) + (_b[L4treat_p1]) + (_b[L4treat_p2]) + (_b[L4treat_p3]) + (_b[L4trea
> t_p4]) + (_b[L8treat_p0]) + (_b[L8treat_p1]) + (_b[L8treat_p2]) + (_b[L8treat
> _p3]) + (_b[L8treat_p4]) + (_b[L12treat_p0]) + (_b[L12treat_p1]) + (_b[L12tre
> at_p2]) + (_b[L12treat_p3]) + (_b[L12treat_p4]) + (_b[L16treat_p0]) + (_b[L16
> treat_p1]) + (_b[L16treat_p2]) + (_b[L16treat_p3]) + (_b[L16treat_p4]))*(4*.2
> )*(1/.1859140100131848))/.0569720847555933)))

------------------------------------------------------------------------------
ind_msothe~c | Coefficient  Std. err.      z    P>|z|     [95% conf. interval]
-------------+----------------------------------------------------------------
       _nl_1 |   .1660335   .7628315     0.22   0.828    -1.329089    1.661156
------------------------------------------------------------------------------

added macro:
        e(labordem_Eb) : "0.166"

added macro:
       e(labordem_Ese) : "(0.763)"

added macro:
             e(numobs) : "\multicolumn{1}{c}{        554,931}"

added macro:
           e(numevent) : "\multicolumn{1}{c}{            118}"

added macro:
             e(minwpc) : "0.098"

added macro:
              e(belsh) : "0.057"

added macro:
       e(wagebinstate) : "Y"

added macro:
        e(workercount) : "\multicolumn{1}{c}{      1,504,643}"

added macro:
      e(wagebinperiod) : "Y"
stored estimates called ta_ind_1992_msother




    Variable |     Obs      Weight        Mean   Std. dev.       Min        Max
-------------+-----------------------------------------------------------------
    DMW_real |  13,689  7.7651e+10    .7789518   .3823315   .2514448   2.193727

    Variable |     Obs      Weight        Mean   Std. dev.       Min        Max
-------------+-----------------------------------------------------------------
     MW_real |  19,656  1.0746e+11    7.945503   .9205379   6.075942   11.42869

    Variable |        Obs        Mean    Std. dev.       Min        Max
-------------+---------------------------------------------------------
ind_mscon_~e |    423,733    .6485499    1.835209          0         90

    Variable |     Obs      Weight        Mean   Std. dev.       Min        Max
-------------+-----------------------------------------------------------------
ind_msc~call |  54,054  3.0511e+11    .0053737   .0020575   .0015382   .0196004

    Variable |     Obs      Weight        Mean   Std. dev.       Min        Max
-------------+-----------------------------------------------------------------
ind_mscon_~m |     465  2.6278e+09    .0001911   .0001453          0   .0008658

    Variable |     Obs      Weight        Mean   Std. dev.       Min        Max
-------------+-----------------------------------------------------------------
ind_mscon_~m |     462  2.6078e+09    .0001445   .0001274          0   .0008658

    Variable |     Obs      Weight        Mean   Std. dev.       Min        Max
-------------+-----------------------------------------------------------------
ind_msco~mFH |     465  2.6278e+09    .0013233   .0010894          0   .0069467
Make sure that belowL16 and aboveL16 exists. Otherwise the program does not wor
> k. Assertion will be false.
reghdfe ind_mscon_overallcountpc   treat_m4 treat_m3 treat_m2 treat_m1 treat_p0
>  treat_p1 treat_p2 treat_p3 treat_p4 L4treat_m4 L4treat_m3 L4treat_m2 L4treat
> _m1 L4treat_p0 L4treat_p1 L4treat_p2 L4treat_p3 L4treat_p4 L8treat_m4 L8treat
> _m3 L8treat_m2 L8treat_m1 L8treat_p0 L8treat_p1 L8treat_p2 L8treat_p3 L8treat
> _p4 L12treat_m4 L12treat_m3 L12treat_m2 L12treat_m1 L12treat_p0 L12treat_p1 L
> 12treat_p2 L12treat_p3 L12treat_p4 L16treat_m4 L16treat_m3 L16treat_m2 L16tre
> at_m1 L16treat_p0 L16treat_p1 L16treat_p2 L16treat_p3 L16treat_p4 one if  yea
> r>=1992  & cleansample==1   [aw=wtoverall1992] , a(i.wagebinstate i.wagequart
> erdate    postcont_m  precont_m  earlycont_m  postcont_p  precont_p  earlycon
> t_p    i.one#c.F12treat_m4 i.one#c.F12treat_m3 i.one#c.F12treat_m2 i.one#c.F1
> 2treat_m1 i.one#c.F12treat_p0 i.one#c.F12treat_p1 i.one#c.F12treat_p2 i.one#c
> .F12treat_p3 i.one#c.F12treat_p4 i.one#c.F8treat_m4 i.one#c.F8treat_m3 i.one#
> c.F8treat_m2 i.one#c.F8treat_m1 i.one#c.F8treat_p0 i.one#c.F8treat_p1 i.one#c
> .F8treat_p2 i.one#c.F8treat_p3 i.one#c.F8treat_p4   postcontf_m  precontf_m  
> earlycontf_m  postcontf_p  precontf_p  earlycontf_p    i.one#c.window_m4  i.o
> ne#c.window_m3  i.one#c.window_m2  i.one#c.window_m1  i.one#c.window_p0  i.on
> e#c.window_p1  i.one#c.window_p2  i.one#c.window_p3  i.one#c.window_p4  )  cl
> uster(statenum)
(MWFE estimator converged in 25 iterations)
note: one is probably collinear with the fixed effects (all partialled-out valu
> es are close to zero; tol = 1.0e-09)

HDFE Linear regression                            Number of obs   =    554,931
Absorbing 41 HDFE groups                          F(  45,     50) =     165.30
Statistics robust to heteroskedasticity           Prob > F        =     0.0000
                                                  R-squared       =     0.6931
                                                  Adj R-squared   =     0.6834
                                                  Within R-sq.    =     0.0001
Number of clusters (statenum) =         51        Root MSE        =     0.0001

                              (Std. err. adjusted for 51 clusters in statenum)
------------------------------------------------------------------------------
             |               Robust
ind_mscon_~c | Coefficient  std. err.      t    P>|t|     [95% conf. interval]
-------------+----------------------------------------------------------------
    treat_m4 |  -4.22e-07   5.70e-07    -0.74   0.462    -1.57e-06    7.22e-07
    treat_m3 |  -1.77e-08   8.62e-07    -0.02   0.984    -1.75e-06    1.71e-06
    treat_m2 |  -1.21e-06   9.74e-07    -1.25   0.219    -3.17e-06    7.42e-07
    treat_m1 |  -5.74e-06   4.39e-06    -1.31   0.197    -.0000146    3.08e-06
    treat_p0 |   6.15e-06   3.08e-06     2.00   0.051    -2.25e-08    .0000123
    treat_p1 |   7.92e-08   3.07e-06     0.03   0.980    -6.10e-06    6.26e-06
    treat_p2 |  -2.75e-07   4.42e-06    -0.06   0.951    -9.15e-06    8.60e-06
    treat_p3 |   7.59e-06   4.28e-06     1.77   0.083    -1.02e-06    .0000162
    treat_p4 |   1.35e-06   3.05e-06     0.44   0.661    -4.79e-06    7.48e-06
  L4treat_m4 |   7.68e-07   5.63e-07     1.36   0.179    -3.63e-07    1.90e-06
  L4treat_m3 |   1.21e-06   4.57e-07     2.64   0.011     2.89e-07    2.13e-06
  L4treat_m2 |  -2.24e-07   1.47e-06    -0.15   0.880    -3.18e-06    2.73e-06
  L4treat_m1 |  -4.24e-06   3.51e-06    -1.21   0.233    -.0000113    2.81e-06
  L4treat_p0 |  -1.62e-06   2.36e-06    -0.69   0.494    -6.36e-06    3.11e-06
  L4treat_p1 |  -1.47e-07   3.28e-06    -0.04   0.964    -6.73e-06    6.43e-06
  L4treat_p2 |  -8.05e-06   3.72e-06    -2.16   0.035    -.0000155   -5.80e-07
  L4treat_p3 |   .0000109   5.83e-06     1.87   0.068    -8.36e-07    .0000226
  L4treat_p4 |   4.58e-06   4.60e-06     1.00   0.324    -4.66e-06    .0000138
  L8treat_m4 |   4.40e-08   6.53e-07     0.07   0.947    -1.27e-06    1.36e-06
  L8treat_m3 |   4.00e-07   8.36e-07     0.48   0.634    -1.28e-06    2.08e-06
  L8treat_m2 |  -1.04e-06   1.14e-06    -0.91   0.368    -3.33e-06    1.25e-06
  L8treat_m1 |  -3.10e-06   4.71e-06    -0.66   0.513    -.0000126    6.36e-06
  L8treat_p0 |   3.02e-06   2.69e-06     1.12   0.268    -2.39e-06    8.43e-06
  L8treat_p1 |  -4.96e-06   2.64e-06    -1.88   0.066    -.0000103    3.47e-07
  L8treat_p2 |  -3.02e-06   3.63e-06    -0.83   0.410    -.0000103    4.28e-06
  L8treat_p3 |   2.68e-06   3.62e-06     0.74   0.462    -4.59e-06    9.95e-06
  L8treat_p4 |   4.45e-07   4.10e-06     0.11   0.914    -7.79e-06    8.68e-06
 L12treat_m4 |  -5.56e-07   6.32e-07    -0.88   0.383    -1.83e-06    7.13e-07
 L12treat_m3 |   5.98e-07   5.36e-07     1.11   0.270    -4.79e-07    1.68e-06
 L12treat_m2 |  -3.15e-07   1.06e-06    -0.30   0.767    -2.43e-06    1.80e-06
 L12treat_m1 |  -4.53e-06   3.80e-06    -1.19   0.238    -.0000122    3.09e-06
 L12treat_p0 |   2.72e-06   2.29e-06     1.19   0.241    -1.89e-06    7.33e-06
 L12treat_p1 |  -3.11e-07   3.08e-06    -0.10   0.920    -6.50e-06    5.88e-06
 L12treat_p2 |  -5.04e-06   4.83e-06    -1.04   0.301    -.0000147    4.65e-06
 L12treat_p3 |   8.85e-06   4.79e-06     1.85   0.070    -7.60e-07    .0000185
 L12treat_p4 |   6.32e-06   3.87e-06     1.63   0.109    -1.46e-06    .0000141
 L16treat_m4 |  -4.73e-07   5.36e-07    -0.88   0.381    -1.55e-06    6.03e-07
 L16treat_m3 |   3.31e-07   6.59e-07     0.50   0.617    -9.92e-07    1.65e-06
 L16treat_m2 |  -1.54e-07   1.80e-06    -0.09   0.932    -3.77e-06    3.46e-06
 L16treat_m1 |  -3.46e-06   3.32e-06    -1.04   0.303    -.0000101    3.22e-06
 L16treat_p0 |   1.10e-06   2.40e-06     0.46   0.649    -3.73e-06    5.92e-06
 L16treat_p1 |  -3.58e-06   4.01e-06    -0.89   0.376    -.0000116    4.47e-06
 L16treat_p2 |  -3.61e-06   5.06e-06    -0.71   0.480    -.0000138    6.56e-06
 L16treat_p3 |   6.07e-06   5.93e-06     1.02   0.311    -5.85e-06     .000018
 L16treat_p4 |   3.20e-06   3.38e-06     0.95   0.349    -3.60e-06    9.99e-06
         one |          0  (omitted)
       _cons |   .0000485   1.43e-07   340.30   0.000     .0000483    .0000488
------------------------------------------------------------------------------

Absorbed degrees of freedom:
-----------------------------------------------------------+
       Absorbed FE | Categories  - Redundant  = Num. Coefs |
-------------------+---------------------------------------|
      wagebinstate |      5967        5967           0    *|
   wagequarterdate |     10881           1       10880     |
        postcont_m |         7           1           6     |
         precont_m |         4           1           3    ?|
       earlycont_m |         4           1           3    ?|
        postcont_p |         7           1           6    ?|
         precont_p |         4           1           3    ?|
       earlycont_p |         4           1           3    ?|
 one#c.F12treat_m4 |         1           0           1    ?|
 one#c.F12treat_m3 |         1           0           1    ?|
 one#c.F12treat_m2 |         1           0           1    ?|
 one#c.F12treat_m1 |         1           0           1    ?|
 one#c.F12treat_p0 |         1           0           1    ?|
 one#c.F12treat_p1 |         1           0           1    ?|
 one#c.F12treat_p2 |         1           0           1    ?|
 one#c.F12treat_p3 |         1           0           1    ?|
 one#c.F12treat_p4 |         1           0           1    ?|
  one#c.F8treat_m4 |         1           0           1    ?|
  one#c.F8treat_m3 |         1           0           1    ?|
  one#c.F8treat_m2 |         1           0           1    ?|
  one#c.F8treat_m1 |         1           0           1    ?|
  one#c.F8treat_p0 |         1           0           1    ?|
  one#c.F8treat_p1 |         1           0           1    ?|
  one#c.F8treat_p2 |         1           0           1    ?|
  one#c.F8treat_p3 |         1           0           1    ?|
  one#c.F8treat_p4 |         1           0           1    ?|
       postcontf_m |         4           1           3    ?|
        precontf_m |         3           1           2    ?|
      earlycontf_m |         3           1           2    ?|
       postcontf_p |         4           1           3    ?|
        precontf_p |         3           1           2    ?|
      earlycontf_p |         3           1           2    ?|
   one#c.window_m4 |         1           0           1    ?|
   one#c.window_m3 |         1           0           1    ?|
   one#c.window_m2 |         1           0           1    ?|
   one#c.window_m1 |         1           0           1    ?|
   one#c.window_p0 |         1           0           1    ?|
   one#c.window_p1 |         1           0           1    ?|
   one#c.window_p2 |         1           0           1    ?|
   one#c.window_p3 |         1           0           1    ?|
   one#c.window_p4 |         1           0           1    ?|
-----------------------------------------------------------+
? = number of redundant parameters may be higher
* = FE nested within cluster; treated as redundant for DoF computation
file /Users/brycewang/Documents/GitHub/top5-Econ-Paper-Replications/QJE2019-Min
> imum-Wages-Low-Wage-Jobs/Results/estimates/ind_mscon_overallafter_stateonly_1
> _ind_mscon_overall_19922016_aggcont_A_1612.ster saved
  118

 ( 1)  148.8726*treat_m4 + 148.8726*treat_m3 + 148.8726*treat_m2 +
       148.8726*treat_m1 + 148.8726*L4treat_m4 + 148.8726*L4treat_m3 +
       148.8726*L4treat_m2 + 148.8726*L4treat_m1 + 148.8726*L8treat_m4 +
       148.8726*L8treat_m3 + 148.8726*L8treat_m2 + 148.8726*L8treat_m1 +
       148.8726*L12treat_m4 + 148.8726*L12treat_m3 + 148.8726*L12treat_m2 +
       148.8726*L12treat_m1 + 148.8726*L16treat_m4 + 148.8726*L16treat_m3 +
       148.8726*L16treat_m2 + 148.8726*L16treat_m1 = 0

------------------------------------------------------------------------------
ind_mscon_~c | Coefficient  Std. err.      t    P>|t|     [95% conf. interval]
-------------+----------------------------------------------------------------
         (1) |   -.003295   .0024718    -1.33   0.189    -.0082599    .0016698
------------------------------------------------------------------------------

added macro:
           e(below_Eb) : "-0.003"

added macro:
          e(below_Ese) : "(0.002)"

 ( 1)  148.8726*treat_p0 + 148.8726*treat_p1 + 148.8726*treat_p2 +
       148.8726*treat_p3 + 148.8726*treat_p4 + 148.8726*L4treat_p0 +
       148.8726*L4treat_p1 + 148.8726*L4treat_p2 + 148.8726*L4treat_p3 +
       148.8726*L4treat_p4 + 148.8726*L8treat_p0 + 148.8726*L8treat_p1 +
       148.8726*L8treat_p2 + 148.8726*L8treat_p3 + 148.8726*L8treat_p4 +
       148.8726*L12treat_p0 + 148.8726*L12treat_p1 + 148.8726*L12treat_p2 +
       148.8726*L12treat_p3 + 148.8726*L12treat_p4 + 148.8726*L16treat_p0 +
       148.8726*L16treat_p1 + 148.8726*L16treat_p2 + 148.8726*L16treat_p3 +
       148.8726*L16treat_p4 = 0

------------------------------------------------------------------------------
ind_mscon_~c | Coefficient  Std. err.      t    P>|t|     [95% conf. interval]
-------------+----------------------------------------------------------------
         (1) |   .0051219   .0055226     0.93   0.358    -.0059704    .0162143
------------------------------------------------------------------------------

added macro:
           e(above_Eb) : "0.005"

added macro:
          e(above_Ese) : "(0.006)"

 ( 1)  4185.445*treat_m4 + 4185.445*treat_m3 + 4185.445*treat_m2 +
       4185.445*treat_m1 + 4185.445*treat_p0 + 4185.445*treat_p1 +
       4185.445*treat_p2 + 4185.445*treat_p3 + 4185.445*treat_p4 +
       4185.445*L4treat_m4 + 4185.445*L4treat_m3 + 4185.445*L4treat_m2 +
       4185.445*L4treat_m1 + 4185.445*L4treat_p0 + 4185.445*L4treat_p1 +
       4185.445*L4treat_p2 + 4185.445*L4treat_p3 + 4185.445*L4treat_p4 +
       4185.445*L8treat_m4 + 4185.445*L8treat_m3 + 4185.445*L8treat_m2 +
       4185.445*L8treat_m1 + 4185.445*L8treat_p0 + 4185.445*L8treat_p1 +
       4185.445*L8treat_p2 + 4185.445*L8treat_p3 + 4185.445*L8treat_p4 +
       4185.445*L12treat_m4 + 4185.445*L12treat_m3 + 4185.445*L12treat_m2 +
       4185.445*L12treat_m1 + 4185.445*L12treat_p0 + 4185.445*L12treat_p1 +
       4185.445*L12treat_p2 + 4185.445*L12treat_p3 + 4185.445*L12treat_p4 +
       4185.445*L16treat_m4 + 4185.445*L16treat_m3 + 4185.445*L16treat_m2 +
       4185.445*L16treat_m1 + 4185.445*L16treat_p0 + 4185.445*L16treat_p1 +
       4185.445*L16treat_p2 + 4185.445*L16treat_p3 + 4185.445*L16treat_p4 = 0

------------------------------------------------------------------------------
ind_mscon_~c | Coefficient  Std. err.      t    P>|t|     [95% conf. interval]
-------------+----------------------------------------------------------------
         (1) |    .051362   .1634912     0.31   0.755    -.2770197    .3797436
------------------------------------------------------------------------------

added macro:
        e(bunching_Eb) : "0.051"

added macro:
       e(bunching_Ese) : "(0.163)"

 ( 1)  1518.538*treat_m4 + 1518.538*treat_m3 + 1518.538*treat_m2 +
       1518.538*treat_m1 + 1518.538*treat_p0 + 1518.538*treat_p1 +
       1518.538*treat_p2 + 1518.538*treat_p3 + 1518.538*treat_p4 +
       1518.538*L4treat_m4 + 1518.538*L4treat_m3 + 1518.538*L4treat_m2 +
       1518.538*L4treat_m1 + 1518.538*L4treat_p0 + 1518.538*L4treat_p1 +
       1518.538*L4treat_p2 + 1518.538*L4treat_p3 + 1518.538*L4treat_p4 +
       1518.538*L8treat_m4 + 1518.538*L8treat_m3 + 1518.538*L8treat_m2 +
       1518.538*L8treat_m1 + 1518.538*L8treat_p0 + 1518.538*L8treat_p1 +
       1518.538*L8treat_p2 + 1518.538*L8treat_p3 + 1518.538*L8treat_p4 +
       1518.538*L12treat_m4 + 1518.538*L12treat_m3 + 1518.538*L12treat_m2 +
       1518.538*L12treat_m1 + 1518.538*L12treat_p0 + 1518.538*L12treat_p1 +
       1518.538*L12treat_p2 + 1518.538*L12treat_p3 + 1518.538*L12treat_p4 +
       1518.538*L16treat_m4 + 1518.538*L16treat_m3 + 1518.538*L16treat_m2 +
       1518.538*L16treat_m1 + 1518.538*L16treat_p0 + 1518.538*L16treat_p1 +
       1518.538*L16treat_p2 + 1518.538*L16treat_p3 + 1518.538*L16treat_p4 = 0

------------------------------------------------------------------------------
ind_mscon_~c | Coefficient  Std. err.      t    P>|t|     [95% conf. interval]
-------------+----------------------------------------------------------------
         (1) |   .0186348   .0593169     0.31   0.755    -.1005066    .1377763
------------------------------------------------------------------------------

added macro:
       e(bunchelas_Eb) : "0.019"

added macro:
      e(bunchelas_Ese) : "(0.059)"

       _nl_1: ((((((_b[treat_m1])*(8.864712118984865-1) ) + ((_b[treat_m2])*(8.
> 864712118984865-2) ) + ((_b[treat_m3])*(8.864712118984865-3) ) + ((_b[treat_m
> 4])*(8.864712118984865-4) ) + ((_b[L4treat_m1])*(8.864712118984865-1) ) + ((_
> b[L4treat_m2])*(8.864712118984865-2)) + ((_b[L4treat_m3])*(8.864712118984865-
> 3)) + ((_b[L4treat_m4])*(8.864712118984865-4)) + ((_b[L8treat_m1])*(8.8647121
> 18984865-1) ) + ((_b[L8treat_m2])*(8.864712118984865-2)) + ((_b[L8treat_m3])*
> (8.864712118984865-3)) + ((_b[L8treat_m4])*(8.864712118984865-4)) + ((_b[L12t
> reat_m1])*(8.864712118984865-1) ) + ((_b[L12treat_m2])*(8.864712118984865-2))
>  + ((_b[L12treat_m3])*(8.864712118984865-3)) + ((_b[L12treat_m4])*(8.86471211
> 8984865-4)) + ((_b[L16treat_m1])*(8.864712118984865-1) ) + ((_b[L16treat_m2])
> *(8.864712118984865-2)) + ((_b[L16treat_m3])*(8.864712118984865-3)) + ((_b[L1
> 6treat_m4])*(8.864712118984865-4))+((_b[treat_p0])*(8.864712118984865+0)) + (
> (_b[treat_p1])*(8.864712118984865+1) ) + ((_b[treat_p2])*(8.864712118984865+2
> ) ) + ((_b[treat_p3])*(8.864712118984865+3) ) + ((_b[treat_p4])*(8.8647121189
> 84865+4) ) + ((_b[L4treat_p0])*(8.864712118984865+0)) + ((_b[L4treat_p1])*(8.
> 864712118984865+1)) + ((_b[L4treat_p2])*(8.864712118984865+2)) + ((_b[L4treat
> _p3])*(8.864712118984865+3)) + ((_b[L4treat_p4])*(8.864712118984865+4)) + ((_
> b[L8treat_p0])*(8.864712118984865+0)) + ((_b[L8treat_p1])*(8.864712118984865+
> 1)) + ((_b[L8treat_p2])*(8.864712118984865+2)) + ((_b[L8treat_p3])*(8.8647121
> 18984865+3)) + ((_b[L8treat_p4])*(8.864712118984865+4)) + ((_b[L12treat_p0])*
> (8.864712118984865+0)) + ((_b[L12treat_p1])*(8.864712118984865+1)) + ((_b[L12
> treat_p2])*(8.864712118984865+2)) + ((_b[L12treat_p3])*(8.864712118984865+3))
>  + ((_b[L12treat_p4])*(8.864712118984865+4)) + ((_b[L16treat_p0])*(8.86471211
> 8984865+0)) + ((_b[L16treat_p1])*(8.864712118984865+1)) + ((_b[L16treat_p2])*
> (8.864712118984865+2)) + ((_b[L16treat_p3])*(8.864712118984865+3)) + ((_b[L16
> treat_p4])*(8.864712118984865+4)))*(4*.2)/.001323259224215 ) - ((((_b[treat_m
> 1] ) + (_b[treat_m2] ) + (_b[treat_m3] ) + (_b[treat_m4] ) + (_b[L4treat_m1])
>  + (_b[L4treat_m2]) + (_b[L4treat_m3]) + (_b[L4treat_m4]) + (_b[L8treat_m1]) 
> + (_b[L8treat_m2]) + (_b[L8treat_m3]) + (_b[L8treat_m4]) + (_b[L12treat_m1]) 
> + (_b[L12treat_m2]) + (_b[L12treat_m3]) + (_b[L12treat_m4]) + (_b[L16treat_m1
> ]) + (_b[L16treat_m2]) + (_b[L16treat_m3]) + (_b[L16treat_m4]) + (_b[treat_p0
> ]) + (_b[treat_p1] ) + (_b[treat_p2] ) + (_b[treat_p3] ) + (_b[treat_p4] ) + 
> (_b[L4treat_p0]) + (_b[L4treat_p1]) + (_b[L4treat_p2]) + (_b[L4treat_p3]) + (
> _b[L4treat_p4]) + (_b[L8treat_p0]) + (_b[L8treat_p1]) + (_b[L8treat_p2]) + (_
> b[L8treat_p3]) + (_b[L8treat_p4]) + (_b[L12treat_p0]) + (_b[L12treat_p1]) + (
> _b[L12treat_p2]) + (_b[L12treat_p3]) + (_b[L12treat_p4]) + (_b[L16treat_p0]) 
> + (_b[L16treat_p1]) + (_b[L16treat_p2]) + (_b[L16treat_p3]) + (_b[L16treat_p4
> ]))*(4*.2)*(1/.0053737210857236))/.0355691313963786))) / (1+((((_b[treat_m1] 
> ) + (_b[treat_m2] ) + (_b[treat_m3] ) + (_b[treat_m4] ) + (_b[L4treat_m1]) + 
> (_b[L4treat_m2]) + (_b[L4treat_m3]) + (_b[L4treat_m4]) + (_b[L8treat_m1]) + (
> _b[L8treat_m2]) + (_b[L8treat_m3]) + (_b[L8treat_m4]) + (_b[L12treat_m1]) + (
> _b[L12treat_m2]) + (_b[L12treat_m3]) + (_b[L12treat_m4]) + (_b[L16treat_m1]) 
> + (_b[L16treat_m2]) + (_b[L16treat_m3]) + (_b[L16treat_m4]) + (_b[treat_p0]) 
> + (_b[treat_p1] ) + (_b[treat_p2] ) + (_b[treat_p3] ) + (_b[treat_p4] ) + (_b
> [L4treat_p0]) + (_b[L4treat_p1]) + (_b[L4treat_p2]) + (_b[L4treat_p3]) + (_b[
> L4treat_p4]) + (_b[L8treat_p0]) + (_b[L8treat_p1]) + (_b[L8treat_p2]) + (_b[L
> 8treat_p3]) + (_b[L8treat_p4]) + (_b[L12treat_p0]) + (_b[L12treat_p1]) + (_b[
> L12treat_p2]) + (_b[L12treat_p3]) + (_b[L12treat_p4]) + (_b[L16treat_p0]) + (
> _b[L16treat_p1]) + (_b[L16treat_p2]) + (_b[L16treat_p3]) + (_b[L16treat_p4]))
> *(4*.2)*(1/.0053737210857236))/.0355691313963786))

------------------------------------------------------------------------------
ind_mscon_~c | Coefficient  Std. err.      z    P>|z|     [95% conf. interval]
-------------+----------------------------------------------------------------
       _nl_1 |   .0969554   .0863617     1.12   0.262    -.0723104    .2662213
------------------------------------------------------------------------------

added macro:
              e(WB_Eb) : "0.097"

added macro:
             e(WB_Ese) : "(0.086)"

       _nl_1: ((((_b[treat_m1] ) + (_b[treat_m2] ) + (_b[treat_m3] ) + (_b[trea
> t_m4] ) + (_b[L4treat_m1]) + (_b[L4treat_m2]) + (_b[L4treat_m3]) + (_b[L4trea
> t_m4]) + (_b[L8treat_m1]) + (_b[L8treat_m2]) + (_b[L8treat_m3]) + (_b[L8treat
> _m4]) + (_b[L12treat_m1]) + (_b[L12treat_m2]) + (_b[L12treat_m3]) + (_b[L12tr
> eat_m4]) + (_b[L16treat_m1]) + (_b[L16treat_m2]) + (_b[L16treat_m3]) + (_b[L1
> 6treat_m4]) + (_b[treat_p0]) + (_b[treat_p1] ) + (_b[treat_p2] ) + (_b[treat_
> p3] ) + (_b[treat_p4] ) + (_b[L4treat_p0]) + (_b[L4treat_p1]) + (_b[L4treat_p
> 2]) + (_b[L4treat_p3]) + (_b[L4treat_p4]) + (_b[L8treat_p0]) + (_b[L8treat_p1
> ]) + (_b[L8treat_p2]) + (_b[L8treat_p3]) + (_b[L8treat_p4]) + (_b[L12treat_p0
> ]) + (_b[L12treat_p1]) + (_b[L12treat_p2]) + (_b[L12treat_p3]) + (_b[L12treat
> _p4]) + (_b[L16treat_p0]) + (_b[L16treat_p1]) + (_b[L16treat_p2]) + (_b[L16tr
> eat_p3]) + (_b[L16treat_p4]))*(4*.2)*(1/.0053737210857236))/.0355691313963786
> ) / (((((((_b[treat_m1])*(8.864712118984865-1) ) + ((_b[treat_m2])*(8.8647121
> 18984865-2) ) + ((_b[treat_m3])*(8.864712118984865-3) ) + ((_b[treat_m4])*(8.
> 864712118984865-4) ) + ((_b[L4treat_m1])*(8.864712118984865-1) ) + ((_b[L4tre
> at_m2])*(8.864712118984865-2)) + ((_b[L4treat_m3])*(8.864712118984865-3)) + (
> (_b[L4treat_m4])*(8.864712118984865-4)) + ((_b[L8treat_m1])*(8.86471211898486
> 5-1) ) + ((_b[L8treat_m2])*(8.864712118984865-2)) + ((_b[L8treat_m3])*(8.8647
> 12118984865-3)) + ((_b[L8treat_m4])*(8.864712118984865-4)) + ((_b[L12treat_m1
> ])*(8.864712118984865-1) ) + ((_b[L12treat_m2])*(8.864712118984865-2)) + ((_b
> [L12treat_m3])*(8.864712118984865-3)) + ((_b[L12treat_m4])*(8.864712118984865
> -4)) + ((_b[L16treat_m1])*(8.864712118984865-1) ) + ((_b[L16treat_m2])*(8.864
> 712118984865-2)) + ((_b[L16treat_m3])*(8.864712118984865-3)) + ((_b[L16treat_
> m4])*(8.864712118984865-4))+((_b[treat_p0])*(8.864712118984865+0)) + ((_b[tre
> at_p1])*(8.864712118984865+1) ) + ((_b[treat_p2])*(8.864712118984865+2) ) + (
> (_b[treat_p3])*(8.864712118984865+3) ) + ((_b[treat_p4])*(8.864712118984865+4
> ) ) + ((_b[L4treat_p0])*(8.864712118984865+0)) + ((_b[L4treat_p1])*(8.8647121
> 18984865+1)) + ((_b[L4treat_p2])*(8.864712118984865+2)) + ((_b[L4treat_p3])*(
> 8.864712118984865+3)) + ((_b[L4treat_p4])*(8.864712118984865+4)) + ((_b[L8tre
> at_p0])*(8.864712118984865+0)) + ((_b[L8treat_p1])*(8.864712118984865+1)) + (
> (_b[L8treat_p2])*(8.864712118984865+2)) + ((_b[L8treat_p3])*(8.86471211898486
> 5+3)) + ((_b[L8treat_p4])*(8.864712118984865+4)) + ((_b[L12treat_p0])*(8.8647
> 12118984865+0)) + ((_b[L12treat_p1])*(8.864712118984865+1)) + ((_b[L12treat_p
> 2])*(8.864712118984865+2)) + ((_b[L12treat_p3])*(8.864712118984865+3)) + ((_b
> [L12treat_p4])*(8.864712118984865+4)) + ((_b[L16treat_p0])*(8.864712118984865
> +0)) + ((_b[L16treat_p1])*(8.864712118984865+1)) + ((_b[L16treat_p2])*(8.8647
> 12118984865+2)) + ((_b[L16treat_p3])*(8.864712118984865+3)) + ((_b[L16treat_p
> 4])*(8.864712118984865+4)))*(4*.2)/.001323259224215 ) - ((((_b[treat_m1] ) + 
> (_b[treat_m2] ) + (_b[treat_m3] ) + (_b[treat_m4] ) + (_b[L4treat_m1]) + (_b[
> L4treat_m2]) + (_b[L4treat_m3]) + (_b[L4treat_m4]) + (_b[L8treat_m1]) + (_b[L
> 8treat_m2]) + (_b[L8treat_m3]) + (_b[L8treat_m4]) + (_b[L12treat_m1]) + (_b[L
> 12treat_m2]) + (_b[L12treat_m3]) + (_b[L12treat_m4]) + (_b[L16treat_m1]) + (_
> b[L16treat_m2]) + (_b[L16treat_m3]) + (_b[L16treat_m4]) + (_b[treat_p0]) + (_
> b[treat_p1] ) + (_b[treat_p2] ) + (_b[treat_p3] ) + (_b[treat_p4] ) + (_b[L4t
> reat_p0]) + (_b[L4treat_p1]) + (_b[L4treat_p2]) + (_b[L4treat_p3]) + (_b[L4tr
> eat_p4]) + (_b[L8treat_p0]) + (_b[L8treat_p1]) + (_b[L8treat_p2]) + (_b[L8tre
> at_p3]) + (_b[L8treat_p4]) + (_b[L12treat_p0]) + (_b[L12treat_p1]) + (_b[L12t
> reat_p2]) + (_b[L12treat_p3]) + (_b[L12treat_p4]) + (_b[L16treat_p0]) + (_b[L
> 16treat_p1]) + (_b[L16treat_p2]) + (_b[L16treat_p3]) + (_b[L16treat_p4]))*(4*
> .2)*(1/.0053737210857236))/.0355691313963786))) / (1+((((_b[treat_m1] ) + (_b
> [treat_m2] ) + (_b[treat_m3] ) + (_b[treat_m4] ) + (_b[L4treat_m1]) + (_b[L4t
> reat_m2]) + (_b[L4treat_m3]) + (_b[L4treat_m4]) + (_b[L8treat_m1]) + (_b[L8tr
> eat_m2]) + (_b[L8treat_m3]) + (_b[L8treat_m4]) + (_b[L12treat_m1]) + (_b[L12t
> reat_m2]) + (_b[L12treat_m3]) + (_b[L12treat_m4]) + (_b[L16treat_m1]) + (_b[L
> 16treat_m2]) + (_b[L16treat_m3]) + (_b[L16treat_m4]) + (_b[treat_p0]) + (_b[t
> reat_p1] ) + (_b[treat_p2] ) + (_b[treat_p3] ) + (_b[treat_p4] ) + (_b[L4trea
> t_p0]) + (_b[L4treat_p1]) + (_b[L4treat_p2]) + (_b[L4treat_p3]) + (_b[L4treat
> _p4]) + (_b[L8treat_p0]) + (_b[L8treat_p1]) + (_b[L8treat_p2]) + (_b[L8treat_
> p3]) + (_b[L8treat_p4]) + (_b[L12treat_p0]) + (_b[L12treat_p1]) + (_b[L12trea
> t_p2]) + (_b[L12treat_p3]) + (_b[L12treat_p4]) + (_b[L16treat_p0]) + (_b[L16t
> reat_p1]) + (_b[L16treat_p2]) + (_b[L16treat_p3]) + (_b[L16treat_p4]))*(4*.2)
> *(1/.0053737210857236))/.0355691313963786)))

------------------------------------------------------------------------------
ind_mscon_~c | Coefficient  Std. err.      z    P>|z|     [95% conf. interval]
-------------+----------------------------------------------------------------
       _nl_1 |   .5297484   1.310768     0.40   0.686    -2.039309    3.098806
------------------------------------------------------------------------------

added macro:
        e(labordem_Eb) : "0.530"

added macro:
       e(labordem_Ese) : "(1.311)"

added macro:
             e(numobs) : "\multicolumn{1}{c}{        554,931}"

added macro:
           e(numevent) : "\multicolumn{1}{c}{            118}"

added macro:
             e(minwpc) : "0.098"

added macro:
              e(belsh) : "0.036"

added macro:
       e(wagebinstate) : "Y"

added macro:
        e(workercount) : "\multicolumn{1}{c}{        274,812}"

added macro:
      e(wagebinperiod) : "Y"
stored estimates called ta_ind_1992_mscon




    Variable |     Obs      Weight        Mean   Std. dev.       Min        Max
-------------+-----------------------------------------------------------------
    DMW_real |  13,689  7.7651e+10    .7789518   .3823315   .2514448   2.193727

    Variable |     Obs      Weight        Mean   Std. dev.       Min        Max
-------------+-----------------------------------------------------------------
     MW_real |  19,656  1.0746e+11    7.945503   .9205379   6.075942   11.42869

    Variable |        Obs        Mean    Std. dev.       Min        Max
-------------+---------------------------------------------------------
ind_retail~e |    423,733    .7443296    1.571294          0         57

    Variable |     Obs      Weight        Mean   Std. dev.       Min        Max
-------------+-----------------------------------------------------------------
ind_ret~call |  54,054  3.0511e+11     .007302   .0012432   .0006234   .0148291

    Variable |     Obs      Weight        Mean   Std. dev.       Min        Max
-------------+-----------------------------------------------------------------
ind_retail~m |     465  2.6278e+09    .0009946   .0004527          0   .0031653

    Variable |     Obs      Weight        Mean   Std. dev.       Min        Max
-------------+-----------------------------------------------------------------
ind_retail~m |     462  2.6078e+09    .0006254   .0004134          0   .0031653

    Variable |     Obs      Weight        Mean   Std. dev.       Min        Max
-------------+-----------------------------------------------------------------
ind_reta~mFH |     465  2.6278e+09     .007687   .0038093          0   .0211672
Make sure that belowL16 and aboveL16 exists. Otherwise the program does not wor
> k. Assertion will be false.
reghdfe ind_retail_overallcountpc   treat_m4 treat_m3 treat_m2 treat_m1 treat_p
> 0 treat_p1 treat_p2 treat_p3 treat_p4 L4treat_m4 L4treat_m3 L4treat_m2 L4trea
> t_m1 L4treat_p0 L4treat_p1 L4treat_p2 L4treat_p3 L4treat_p4 L8treat_m4 L8trea
> t_m3 L8treat_m2 L8treat_m1 L8treat_p0 L8treat_p1 L8treat_p2 L8treat_p3 L8trea
> t_p4 L12treat_m4 L12treat_m3 L12treat_m2 L12treat_m1 L12treat_p0 L12treat_p1 
> L12treat_p2 L12treat_p3 L12treat_p4 L16treat_m4 L16treat_m3 L16treat_m2 L16tr
> eat_m1 L16treat_p0 L16treat_p1 L16treat_p2 L16treat_p3 L16treat_p4 one if  ye
> ar>=1992  & cleansample==1   [aw=wtoverall1992] , a(i.wagebinstate i.wagequar
> terdate    postcont_m  precont_m  earlycont_m  postcont_p  precont_p  earlyco
> nt_p    i.one#c.F12treat_m4 i.one#c.F12treat_m3 i.one#c.F12treat_m2 i.one#c.F
> 12treat_m1 i.one#c.F12treat_p0 i.one#c.F12treat_p1 i.one#c.F12treat_p2 i.one#
> c.F12treat_p3 i.one#c.F12treat_p4 i.one#c.F8treat_m4 i.one#c.F8treat_m3 i.one
> #c.F8treat_m2 i.one#c.F8treat_m1 i.one#c.F8treat_p0 i.one#c.F8treat_p1 i.one#
> c.F8treat_p2 i.one#c.F8treat_p3 i.one#c.F8treat_p4   postcontf_m  precontf_m 
>  earlycontf_m  postcontf_p  precontf_p  earlycontf_p    i.one#c.window_m4  i.
> one#c.window_m3  i.one#c.window_m2  i.one#c.window_m1  i.one#c.window_p0  i.o
> ne#c.window_p1  i.one#c.window_p2  i.one#c.window_p3  i.one#c.window_p4  )  c
> luster(statenum)
(MWFE estimator converged in 25 iterations)
note: one is probably collinear with the fixed effects (all partialled-out valu
> es are close to zero; tol = 1.0e-09)

HDFE Linear regression                            Number of obs   =    554,931
Absorbing 41 HDFE groups                          F(  45,     50) =    2234.30
Statistics robust to heteroskedasticity           Prob > F        =     0.0000
                                                  R-squared       =     0.5927
                                                  Adj R-squared   =     0.5799
                                                  Within R-sq.    =     0.0027
Number of clusters (statenum) =         51        Root MSE        =     0.0001

                              (Std. err. adjusted for 51 clusters in statenum)
------------------------------------------------------------------------------
             |               Robust
ind_retail~c | Coefficient  std. err.      t    P>|t|     [95% conf. interval]
-------------+----------------------------------------------------------------
    treat_m4 |  -8.82e-07   8.34e-07    -1.06   0.295    -2.56e-06    7.93e-07
    treat_m3 |   1.30e-06   1.47e-06     0.89   0.379    -1.65e-06    4.25e-06
    treat_m2 |  -8.16e-06   4.02e-06    -2.03   0.048    -.0000162   -8.77e-08
    treat_m1 |  -.0000705   7.25e-06    -9.74   0.000    -.0000851    -.000056
    treat_p0 |   .0000714   6.62e-06    10.78   0.000     .0000581    .0000847
    treat_p1 |   .0000152   6.13e-06     2.47   0.017     2.86e-06    .0000275
    treat_p2 |   1.17e-06   4.70e-06     0.25   0.805    -8.27e-06    .0000106
    treat_p3 |   .0000195   4.57e-06     4.26   0.000     .0000103    .0000287
    treat_p4 |   9.83e-07   4.14e-06     0.24   0.813    -7.34e-06    9.30e-06
  L4treat_m4 |  -2.38e-06   1.66e-06    -1.43   0.158    -5.71e-06    9.53e-07
  L4treat_m3 |   1.44e-08   1.06e-06     0.01   0.989    -2.11e-06    2.14e-06
  L4treat_m2 |   2.21e-06   8.08e-06     0.27   0.786     -.000014    .0000184
  L4treat_m1 |  -.0000604   7.53e-06    -8.02   0.000    -.0000756   -.0000453
  L4treat_p0 |   .0000452   9.10e-06     4.97   0.000     .0000269    .0000635
  L4treat_p1 |   9.35e-06   8.62e-06     1.08   0.284    -7.98e-06    .0000267
  L4treat_p2 |  -5.41e-06   5.09e-06    -1.06   0.293    -.0000156    4.81e-06
  L4treat_p3 |   .0000124   4.06e-06     3.05   0.004     4.21e-06    .0000205
  L4treat_p4 |  -2.58e-06   3.65e-06    -0.71   0.484    -9.92e-06    4.76e-06
  L8treat_m4 |  -1.62e-06   2.23e-06    -0.73   0.471    -6.10e-06    2.86e-06
  L8treat_m3 |   1.40e-06   1.64e-06     0.85   0.399    -1.90e-06    4.69e-06
  L8treat_m2 |  -5.40e-07   4.83e-06    -0.11   0.912    -.0000102    9.16e-06
  L8treat_m1 |  -.0000631   8.52e-06    -7.40   0.000    -.0000802   -.0000459
  L8treat_p0 |   .0000528   9.03e-06     5.85   0.000     .0000347     .000071
  L8treat_p1 |   2.37e-06   .0000117     0.20   0.841    -.0000212     .000026
  L8treat_p2 |  -4.54e-06   5.99e-06    -0.76   0.452    -.0000166    7.50e-06
  L8treat_p3 |   7.99e-06   4.76e-06     1.68   0.099    -1.56e-06    .0000175
  L8treat_p4 |  -2.98e-06   5.37e-06    -0.56   0.581    -.0000138    7.80e-06
 L12treat_m4 |  -9.16e-07   2.64e-06    -0.35   0.730    -6.22e-06    4.39e-06
 L12treat_m3 |   1.85e-06   2.14e-06     0.86   0.392    -2.45e-06    6.15e-06
 L12treat_m2 |  -8.02e-07   3.95e-06    -0.20   0.840    -8.75e-06    7.14e-06
 L12treat_m1 |  -.0000588   7.99e-06    -7.36   0.000    -.0000748   -.0000428
 L12treat_p0 |   .0000519   7.43e-06     6.99   0.000      .000037    .0000668
 L12treat_p1 |   .0000111   .0000102     1.09   0.281    -9.33e-06    .0000315
 L12treat_p2 |   8.27e-06   5.72e-06     1.45   0.154    -3.21e-06    .0000198
 L12treat_p3 |   .0000124   4.93e-06     2.52   0.015     2.53e-06    .0000223
 L12treat_p4 |   2.46e-06   5.50e-06     0.45   0.657    -8.58e-06    .0000135
 L16treat_m4 |  -1.26e-06   2.31e-06    -0.54   0.589    -5.91e-06    3.39e-06
 L16treat_m3 |  -7.57e-07   1.56e-06    -0.48   0.630    -3.89e-06    2.38e-06
 L16treat_m2 |  -4.39e-06   3.81e-06    -1.15   0.255     -.000012    3.26e-06
 L16treat_m1 |  -.0000329   6.61e-06    -4.98   0.000    -.0000462   -.0000196
 L16treat_p0 |   .0000603   8.19e-06     7.36   0.000     .0000438    .0000767
 L16treat_p1 |   3.68e-06   9.19e-06     0.40   0.691    -.0000148    .0000221
 L16treat_p2 |   1.53e-06   9.25e-06     0.17   0.870    -.0000171    .0000201
 L16treat_p3 |   .0000105   4.48e-06     2.34   0.023     1.47e-06    .0000195
 L16treat_p4 |  -7.12e-06   3.80e-06    -1.88   0.067    -.0000147    5.06e-07
         one |          0  (omitted)
       _cons |   .0000675   3.60e-07   187.24   0.000     .0000667    .0000682
------------------------------------------------------------------------------

Absorbed degrees of freedom:
-----------------------------------------------------------+
       Absorbed FE | Categories  - Redundant  = Num. Coefs |
-------------------+---------------------------------------|
      wagebinstate |      5967        5967           0    *|
   wagequarterdate |     10881           1       10880     |
        postcont_m |         7           1           6     |
         precont_m |         4           1           3    ?|
       earlycont_m |         4           1           3    ?|
        postcont_p |         7           1           6    ?|
         precont_p |         4           1           3    ?|
       earlycont_p |         4           1           3    ?|
 one#c.F12treat_m4 |         1           0           1    ?|
 one#c.F12treat_m3 |         1           0           1    ?|
 one#c.F12treat_m2 |         1           0           1    ?|
 one#c.F12treat_m1 |         1           0           1    ?|
 one#c.F12treat_p0 |         1           0           1    ?|
 one#c.F12treat_p1 |         1           0           1    ?|
 one#c.F12treat_p2 |         1           0           1    ?|
 one#c.F12treat_p3 |         1           0           1    ?|
 one#c.F12treat_p4 |         1           0           1    ?|
  one#c.F8treat_m4 |         1           0           1    ?|
  one#c.F8treat_m3 |         1           0           1    ?|
  one#c.F8treat_m2 |         1           0           1    ?|
  one#c.F8treat_m1 |         1           0           1    ?|
  one#c.F8treat_p0 |         1           0           1    ?|
  one#c.F8treat_p1 |         1           0           1    ?|
  one#c.F8treat_p2 |         1           0           1    ?|
  one#c.F8treat_p3 |         1           0           1    ?|
  one#c.F8treat_p4 |         1           0           1    ?|
       postcontf_m |         4           1           3    ?|
        precontf_m |         3           1           2    ?|
      earlycontf_m |         3           1           2    ?|
       postcontf_p |         4           1           3    ?|
        precontf_p |         3           1           2    ?|
      earlycontf_p |         3           1           2    ?|
   one#c.window_m4 |         1           0           1    ?|
   one#c.window_m3 |         1           0           1    ?|
   one#c.window_m2 |         1           0           1    ?|
   one#c.window_m1 |         1           0           1    ?|
   one#c.window_p0 |         1           0           1    ?|
   one#c.window_p1 |         1           0           1    ?|
   one#c.window_p2 |         1           0           1    ?|
   one#c.window_p3 |         1           0           1    ?|
   one#c.window_p4 |         1           0           1    ?|
-----------------------------------------------------------+
? = number of redundant parameters may be higher
* = FE nested within cluster; treated as redundant for DoF computation
file /Users/brycewang/Documents/GitHub/top5-Econ-Paper-Replications/QJE2019-Min
> imum-Wages-Low-Wage-Jobs/Results/estimates/ind_retail_overallafter_stateonly_
> 1_ind_retail_overall_19922016_aggcont_A_1612.ster saved
  118

 ( 1)  109.5593*treat_m4 + 109.5593*treat_m3 + 109.5593*treat_m2 +
       109.5593*treat_m1 + 109.5593*L4treat_m4 + 109.5593*L4treat_m3 +
       109.5593*L4treat_m2 + 109.5593*L4treat_m1 + 109.5593*L8treat_m4 +
       109.5593*L8treat_m3 + 109.5593*L8treat_m2 + 109.5593*L8treat_m1 +
       109.5593*L12treat_m4 + 109.5593*L12treat_m3 + 109.5593*L12treat_m2 +
       109.5593*L12treat_m1 + 109.5593*L16treat_m4 + 109.5593*L16treat_m3 +
       109.5593*L16treat_m2 + 109.5593*L16treat_m1 = 0

------------------------------------------------------------------------------
ind_retail~c | Coefficient  Std. err.      t    P>|t|     [95% conf. interval]
-------------+----------------------------------------------------------------
         (1) |  -.0329431   .0034681    -9.50   0.000     -.039909   -.0259772
------------------------------------------------------------------------------

added macro:
           e(below_Eb) : "-0.033***"

added macro:
          e(below_Ese) : "(0.003)"

 ( 1)  109.5593*treat_p0 + 109.5593*treat_p1 + 109.5593*treat_p2 +
       109.5593*treat_p3 + 109.5593*treat_p4 + 109.5593*L4treat_p0 +
       109.5593*L4treat_p1 + 109.5593*L4treat_p2 + 109.5593*L4treat_p3 +
       109.5593*L4treat_p4 + 109.5593*L8treat_p0 + 109.5593*L8treat_p1 +
       109.5593*L8treat_p2 + 109.5593*L8treat_p3 + 109.5593*L8treat_p4 +
       109.5593*L12treat_p0 + 109.5593*L12treat_p1 + 109.5593*L12treat_p2 +
       109.5593*L12treat_p3 + 109.5593*L12treat_p4 + 109.5593*L16treat_p0 +
       109.5593*L16treat_p1 + 109.5593*L16treat_p2 + 109.5593*L16treat_p3 +
       109.5593*L16treat_p4 = 0

------------------------------------------------------------------------------
ind_retail~c | Coefficient  Std. err.      t    P>|t|     [95% conf. interval]
-------------+----------------------------------------------------------------
         (1) |   .0413882   .0102878     4.02   0.000     .0207246    .0620518
------------------------------------------------------------------------------

added macro:
           e(above_Eb) : "0.041***"

added macro:
          e(above_Ese) : "(0.010)"

 ( 1)  804.3286*treat_m4 + 804.3286*treat_m3 + 804.3286*treat_m2 +
       804.3286*treat_m1 + 804.3286*treat_p0 + 804.3286*treat_p1 +
       804.3286*treat_p2 + 804.3286*treat_p3 + 804.3286*treat_p4 +
       804.3286*L4treat_m4 + 804.3286*L4treat_m3 + 804.3286*L4treat_m2 +
       804.3286*L4treat_m1 + 804.3286*L4treat_p0 + 804.3286*L4treat_p1 +
       804.3286*L4treat_p2 + 804.3286*L4treat_p3 + 804.3286*L4treat_p4 +
       804.3286*L8treat_m4 + 804.3286*L8treat_m3 + 804.3286*L8treat_m2 +
       804.3286*L8treat_m1 + 804.3286*L8treat_p0 + 804.3286*L8treat_p1 +
       804.3286*L8treat_p2 + 804.3286*L8treat_p3 + 804.3286*L8treat_p4 +
       804.3286*L12treat_m4 + 804.3286*L12treat_m3 + 804.3286*L12treat_m2 +
       804.3286*L12treat_m1 + 804.3286*L12treat_p0 + 804.3286*L12treat_p1 +
       804.3286*L12treat_p2 + 804.3286*L12treat_p3 + 804.3286*L12treat_p4 +
       804.3286*L16treat_m4 + 804.3286*L16treat_m3 + 804.3286*L16treat_m2 +
       804.3286*L16treat_m1 + 804.3286*L16treat_p0 + 804.3286*L16treat_p1 +
       804.3286*L16treat_p2 + 804.3286*L16treat_p3 + 804.3286*L16treat_p4 = 0

------------------------------------------------------------------------------
ind_retail~c | Coefficient  Std. err.      t    P>|t|     [95% conf. interval]
-------------+----------------------------------------------------------------
         (1) |       .062   .0797285     0.78   0.440    -.0981395    .2221395
------------------------------------------------------------------------------

added macro:
        e(bunching_Eb) : "0.062"

added macro:
       e(bunching_Ese) : "(0.080)"

 ( 1)  1117.532*treat_m4 + 1117.532*treat_m3 + 1117.532*treat_m2 +
       1117.532*treat_m1 + 1117.532*treat_p0 + 1117.532*treat_p1 +
       1117.532*treat_p2 + 1117.532*treat_p3 + 1117.532*treat_p4 +
       1117.532*L4treat_m4 + 1117.532*L4treat_m3 + 1117.532*L4treat_m2 +
       1117.532*L4treat_m1 + 1117.532*L4treat_p0 + 1117.532*L4treat_p1 +
       1117.532*L4treat_p2 + 1117.532*L4treat_p3 + 1117.532*L4treat_p4 +
       1117.532*L8treat_m4 + 1117.532*L8treat_m3 + 1117.532*L8treat_m2 +
       1117.532*L8treat_m1 + 1117.532*L8treat_p0 + 1117.532*L8treat_p1 +
       1117.532*L8treat_p2 + 1117.532*L8treat_p3 + 1117.532*L8treat_p4 +
       1117.532*L12treat_m4 + 1117.532*L12treat_m3 + 1117.532*L12treat_m2 +
       1117.532*L12treat_m1 + 1117.532*L12treat_p0 + 1117.532*L12treat_p1 +
       1117.532*L12treat_p2 + 1117.532*L12treat_p3 + 1117.532*L12treat_p4 +
       1117.532*L16treat_m4 + 1117.532*L16treat_m3 + 1117.532*L16treat_m2 +
       1117.532*L16treat_m1 + 1117.532*L16treat_p0 + 1117.532*L16treat_p1 +
       1117.532*L16treat_p2 + 1117.532*L16treat_p3 + 1117.532*L16treat_p4 = 0

------------------------------------------------------------------------------
ind_retail~c | Coefficient  Std. err.      t    P>|t|     [95% conf. interval]
-------------+----------------------------------------------------------------
         (1) |   .0861426   .1107746     0.78   0.440    -.1363548      .30864
------------------------------------------------------------------------------

added macro:
       e(bunchelas_Eb) : "0.086"

added macro:
      e(bunchelas_Ese) : "(0.111)"

       _nl_1: ((((((_b[treat_m1])*(8.864712118984865-1) ) + ((_b[treat_m2])*(8.
> 864712118984865-2) ) + ((_b[treat_m3])*(8.864712118984865-3) ) + ((_b[treat_m
> 4])*(8.864712118984865-4) ) + ((_b[L4treat_m1])*(8.864712118984865-1) ) + ((_
> b[L4treat_m2])*(8.864712118984865-2)) + ((_b[L4treat_m3])*(8.864712118984865-
> 3)) + ((_b[L4treat_m4])*(8.864712118984865-4)) + ((_b[L8treat_m1])*(8.8647121
> 18984865-1) ) + ((_b[L8treat_m2])*(8.864712118984865-2)) + ((_b[L8treat_m3])*
> (8.864712118984865-3)) + ((_b[L8treat_m4])*(8.864712118984865-4)) + ((_b[L12t
> reat_m1])*(8.864712118984865-1) ) + ((_b[L12treat_m2])*(8.864712118984865-2))
>  + ((_b[L12treat_m3])*(8.864712118984865-3)) + ((_b[L12treat_m4])*(8.86471211
> 8984865-4)) + ((_b[L16treat_m1])*(8.864712118984865-1) ) + ((_b[L16treat_m2])
> *(8.864712118984865-2)) + ((_b[L16treat_m3])*(8.864712118984865-3)) + ((_b[L1
> 6treat_m4])*(8.864712118984865-4))+((_b[treat_p0])*(8.864712118984865+0)) + (
> (_b[treat_p1])*(8.864712118984865+1) ) + ((_b[treat_p2])*(8.864712118984865+2
> ) ) + ((_b[treat_p3])*(8.864712118984865+3) ) + ((_b[treat_p4])*(8.8647121189
> 84865+4) ) + ((_b[L4treat_p0])*(8.864712118984865+0)) + ((_b[L4treat_p1])*(8.
> 864712118984865+1)) + ((_b[L4treat_p2])*(8.864712118984865+2)) + ((_b[L4treat
> _p3])*(8.864712118984865+3)) + ((_b[L4treat_p4])*(8.864712118984865+4)) + ((_
> b[L8treat_p0])*(8.864712118984865+0)) + ((_b[L8treat_p1])*(8.864712118984865+
> 1)) + ((_b[L8treat_p2])*(8.864712118984865+2)) + ((_b[L8treat_p3])*(8.8647121
> 18984865+3)) + ((_b[L8treat_p4])*(8.864712118984865+4)) + ((_b[L12treat_p0])*
> (8.864712118984865+0)) + ((_b[L12treat_p1])*(8.864712118984865+1)) + ((_b[L12
> treat_p2])*(8.864712118984865+2)) + ((_b[L12treat_p3])*(8.864712118984865+3))
>  + ((_b[L12treat_p4])*(8.864712118984865+4)) + ((_b[L16treat_p0])*(8.86471211
> 8984865+0)) + ((_b[L16treat_p1])*(8.864712118984865+1)) + ((_b[L16treat_p2])*
> (8.864712118984865+2)) + ((_b[L16treat_p3])*(8.864712118984865+3)) + ((_b[L16
> treat_p4])*(8.864712118984865+4)))*(4*.2)/.00768703938257 ) - ((((_b[treat_m1
> ] ) + (_b[treat_m2] ) + (_b[treat_m3] ) + (_b[treat_m4] ) + (_b[L4treat_m1]) 
> + (_b[L4treat_m2]) + (_b[L4treat_m3]) + (_b[L4treat_m4]) + (_b[L8treat_m1]) +
>  (_b[L8treat_m2]) + (_b[L8treat_m3]) + (_b[L8treat_m4]) + (_b[L12treat_m1]) +
>  (_b[L12treat_m2]) + (_b[L12treat_m3]) + (_b[L12treat_m4]) + (_b[L16treat_m1]
> ) + (_b[L16treat_m2]) + (_b[L16treat_m3]) + (_b[L16treat_m4]) + (_b[treat_p0]
> ) + (_b[treat_p1] ) + (_b[treat_p2] ) + (_b[treat_p3] ) + (_b[treat_p4] ) + (
> _b[L4treat_p0]) + (_b[L4treat_p1]) + (_b[L4treat_p2]) + (_b[L4treat_p3]) + (_
> b[L4treat_p4]) + (_b[L8treat_p0]) + (_b[L8treat_p1]) + (_b[L8treat_p2]) + (_b
> [L8treat_p3]) + (_b[L8treat_p4]) + (_b[L12treat_p0]) + (_b[L12treat_p1]) + (_
> b[L12treat_p2]) + (_b[L12treat_p3]) + (_b[L12treat_p4]) + (_b[L16treat_p0]) +
>  (_b[L16treat_p1]) + (_b[L16treat_p2]) + (_b[L16treat_p3]) + (_b[L16treat_p4]
> ))*(4*.2)*(1/.0073019810162323))/.1362121200269985))) / (1+((((_b[treat_m1] )
>  + (_b[treat_m2] ) + (_b[treat_m3] ) + (_b[treat_m4] ) + (_b[L4treat_m1]) + (
> _b[L4treat_m2]) + (_b[L4treat_m3]) + (_b[L4treat_m4]) + (_b[L8treat_m1]) + (_
> b[L8treat_m2]) + (_b[L8treat_m3]) + (_b[L8treat_m4]) + (_b[L12treat_m1]) + (_
> b[L12treat_m2]) + (_b[L12treat_m3]) + (_b[L12treat_m4]) + (_b[L16treat_m1]) +
>  (_b[L16treat_m2]) + (_b[L16treat_m3]) + (_b[L16treat_m4]) + (_b[treat_p0]) +
>  (_b[treat_p1] ) + (_b[treat_p2] ) + (_b[treat_p3] ) + (_b[treat_p4] ) + (_b[
> L4treat_p0]) + (_b[L4treat_p1]) + (_b[L4treat_p2]) + (_b[L4treat_p3]) + (_b[L
> 4treat_p4]) + (_b[L8treat_p0]) + (_b[L8treat_p1]) + (_b[L8treat_p2]) + (_b[L8
> treat_p3]) + (_b[L8treat_p4]) + (_b[L12treat_p0]) + (_b[L12treat_p1]) + (_b[L
> 12treat_p2]) + (_b[L12treat_p3]) + (_b[L12treat_p4]) + (_b[L16treat_p0]) + (_
> b[L16treat_p1]) + (_b[L16treat_p2]) + (_b[L16treat_p3]) + (_b[L16treat_p4]))*
> (4*.2)*(1/.0073019810162323))/.1362121200269985))

------------------------------------------------------------------------------
ind_retail~c | Coefficient  Std. err.      z    P>|z|     [95% conf. interval]
-------------+----------------------------------------------------------------
       _nl_1 |   .0596219   .0205926     2.90   0.004     .0192611    .0999827
------------------------------------------------------------------------------

added macro:
              e(WB_Eb) : "0.060***"

added macro:
             e(WB_Ese) : "(0.021)"

       _nl_1: ((((_b[treat_m1] ) + (_b[treat_m2] ) + (_b[treat_m3] ) + (_b[trea
> t_m4] ) + (_b[L4treat_m1]) + (_b[L4treat_m2]) + (_b[L4treat_m3]) + (_b[L4trea
> t_m4]) + (_b[L8treat_m1]) + (_b[L8treat_m2]) + (_b[L8treat_m3]) + (_b[L8treat
> _m4]) + (_b[L12treat_m1]) + (_b[L12treat_m2]) + (_b[L12treat_m3]) + (_b[L12tr
> eat_m4]) + (_b[L16treat_m1]) + (_b[L16treat_m2]) + (_b[L16treat_m3]) + (_b[L1
> 6treat_m4]) + (_b[treat_p0]) + (_b[treat_p1] ) + (_b[treat_p2] ) + (_b[treat_
> p3] ) + (_b[treat_p4] ) + (_b[L4treat_p0]) + (_b[L4treat_p1]) + (_b[L4treat_p
> 2]) + (_b[L4treat_p3]) + (_b[L4treat_p4]) + (_b[L8treat_p0]) + (_b[L8treat_p1
> ]) + (_b[L8treat_p2]) + (_b[L8treat_p3]) + (_b[L8treat_p4]) + (_b[L12treat_p0
> ]) + (_b[L12treat_p1]) + (_b[L12treat_p2]) + (_b[L12treat_p3]) + (_b[L12treat
> _p4]) + (_b[L16treat_p0]) + (_b[L16treat_p1]) + (_b[L16treat_p2]) + (_b[L16tr
> eat_p3]) + (_b[L16treat_p4]))*(4*.2)*(1/.0073019810162323))/.1362121200269985
> ) / (((((((_b[treat_m1])*(8.864712118984865-1) ) + ((_b[treat_m2])*(8.8647121
> 18984865-2) ) + ((_b[treat_m3])*(8.864712118984865-3) ) + ((_b[treat_m4])*(8.
> 864712118984865-4) ) + ((_b[L4treat_m1])*(8.864712118984865-1) ) + ((_b[L4tre
> at_m2])*(8.864712118984865-2)) + ((_b[L4treat_m3])*(8.864712118984865-3)) + (
> (_b[L4treat_m4])*(8.864712118984865-4)) + ((_b[L8treat_m1])*(8.86471211898486
> 5-1) ) + ((_b[L8treat_m2])*(8.864712118984865-2)) + ((_b[L8treat_m3])*(8.8647
> 12118984865-3)) + ((_b[L8treat_m4])*(8.864712118984865-4)) + ((_b[L12treat_m1
> ])*(8.864712118984865-1) ) + ((_b[L12treat_m2])*(8.864712118984865-2)) + ((_b
> [L12treat_m3])*(8.864712118984865-3)) + ((_b[L12treat_m4])*(8.864712118984865
> -4)) + ((_b[L16treat_m1])*(8.864712118984865-1) ) + ((_b[L16treat_m2])*(8.864
> 712118984865-2)) + ((_b[L16treat_m3])*(8.864712118984865-3)) + ((_b[L16treat_
> m4])*(8.864712118984865-4))+((_b[treat_p0])*(8.864712118984865+0)) + ((_b[tre
> at_p1])*(8.864712118984865+1) ) + ((_b[treat_p2])*(8.864712118984865+2) ) + (
> (_b[treat_p3])*(8.864712118984865+3) ) + ((_b[treat_p4])*(8.864712118984865+4
> ) ) + ((_b[L4treat_p0])*(8.864712118984865+0)) + ((_b[L4treat_p1])*(8.8647121
> 18984865+1)) + ((_b[L4treat_p2])*(8.864712118984865+2)) + ((_b[L4treat_p3])*(
> 8.864712118984865+3)) + ((_b[L4treat_p4])*(8.864712118984865+4)) + ((_b[L8tre
> at_p0])*(8.864712118984865+0)) + ((_b[L8treat_p1])*(8.864712118984865+1)) + (
> (_b[L8treat_p2])*(8.864712118984865+2)) + ((_b[L8treat_p3])*(8.86471211898486
> 5+3)) + ((_b[L8treat_p4])*(8.864712118984865+4)) + ((_b[L12treat_p0])*(8.8647
> 12118984865+0)) + ((_b[L12treat_p1])*(8.864712118984865+1)) + ((_b[L12treat_p
> 2])*(8.864712118984865+2)) + ((_b[L12treat_p3])*(8.864712118984865+3)) + ((_b
> [L12treat_p4])*(8.864712118984865+4)) + ((_b[L16treat_p0])*(8.864712118984865
> +0)) + ((_b[L16treat_p1])*(8.864712118984865+1)) + ((_b[L16treat_p2])*(8.8647
> 12118984865+2)) + ((_b[L16treat_p3])*(8.864712118984865+3)) + ((_b[L16treat_p
> 4])*(8.864712118984865+4)))*(4*.2)/.00768703938257 ) - ((((_b[treat_m1] ) + (
> _b[treat_m2] ) + (_b[treat_m3] ) + (_b[treat_m4] ) + (_b[L4treat_m1]) + (_b[L
> 4treat_m2]) + (_b[L4treat_m3]) + (_b[L4treat_m4]) + (_b[L8treat_m1]) + (_b[L8
> treat_m2]) + (_b[L8treat_m3]) + (_b[L8treat_m4]) + (_b[L12treat_m1]) + (_b[L1
> 2treat_m2]) + (_b[L12treat_m3]) + (_b[L12treat_m4]) + (_b[L16treat_m1]) + (_b
> [L16treat_m2]) + (_b[L16treat_m3]) + (_b[L16treat_m4]) + (_b[treat_p0]) + (_b
> [treat_p1] ) + (_b[treat_p2] ) + (_b[treat_p3] ) + (_b[treat_p4] ) + (_b[L4tr
> eat_p0]) + (_b[L4treat_p1]) + (_b[L4treat_p2]) + (_b[L4treat_p3]) + (_b[L4tre
> at_p4]) + (_b[L8treat_p0]) + (_b[L8treat_p1]) + (_b[L8treat_p2]) + (_b[L8trea
> t_p3]) + (_b[L8treat_p4]) + (_b[L12treat_p0]) + (_b[L12treat_p1]) + (_b[L12tr
> eat_p2]) + (_b[L12treat_p3]) + (_b[L12treat_p4]) + (_b[L16treat_p0]) + (_b[L1
> 6treat_p1]) + (_b[L16treat_p2]) + (_b[L16treat_p3]) + (_b[L16treat_p4]))*(4*.
> 2)*(1/.0073019810162323))/.1362121200269985))) / (1+((((_b[treat_m1] ) + (_b[
> treat_m2] ) + (_b[treat_m3] ) + (_b[treat_m4] ) + (_b[L4treat_m1]) + (_b[L4tr
> eat_m2]) + (_b[L4treat_m3]) + (_b[L4treat_m4]) + (_b[L8treat_m1]) + (_b[L8tre
> at_m2]) + (_b[L8treat_m3]) + (_b[L8treat_m4]) + (_b[L12treat_m1]) + (_b[L12tr
> eat_m2]) + (_b[L12treat_m3]) + (_b[L12treat_m4]) + (_b[L16treat_m1]) + (_b[L1
> 6treat_m2]) + (_b[L16treat_m3]) + (_b[L16treat_m4]) + (_b[treat_p0]) + (_b[tr
> eat_p1] ) + (_b[treat_p2] ) + (_b[treat_p3] ) + (_b[treat_p4] ) + (_b[L4treat
> _p0]) + (_b[L4treat_p1]) + (_b[L4treat_p2]) + (_b[L4treat_p3]) + (_b[L4treat_
> p4]) + (_b[L8treat_p0]) + (_b[L8treat_p1]) + (_b[L8treat_p2]) + (_b[L8treat_p
> 3]) + (_b[L8treat_p4]) + (_b[L12treat_p0]) + (_b[L12treat_p1]) + (_b[L12treat
> _p2]) + (_b[L12treat_p3]) + (_b[L12treat_p4]) + (_b[L16treat_p0]) + (_b[L16tr
> eat_p1]) + (_b[L16treat_p2]) + (_b[L16treat_p3]) + (_b[L16treat_p4]))*(4*.2)*
> (1/.0073019810162323))/.1362121200269985)))

------------------------------------------------------------------------------
ind_retail~c | Coefficient  Std. err.      z    P>|z|     [95% conf. interval]
-------------+----------------------------------------------------------------
       _nl_1 |   1.039886   1.057895     0.98   0.326     -1.03355    3.113321
------------------------------------------------------------------------------

added macro:
        e(labordem_Eb) : "1.040"

added macro:
       e(labordem_Ese) : "(1.058)"

added macro:
             e(numobs) : "\multicolumn{1}{c}{        554,931}"

added macro:
           e(numevent) : "\multicolumn{1}{c}{            118}"

added macro:
             e(minwpc) : "0.098"

added macro:
              e(belsh) : "0.136"

added macro:
       e(wagebinstate) : "Y"

added macro:
        e(workercount) : "\multicolumn{1}{c}{        315,397}"

added macro:
      e(wagebinperiod) : "Y"
stored estimates called ta_ind_1992_retail




    Variable |     Obs      Weight        Mean   Std. dev.       Min        Max
-------------+-----------------------------------------------------------------
    DMW_real |  13,689  7.7651e+10    .7789518   .3823315   .2514448   2.193727

    Variable |     Obs      Weight        Mean   Std. dev.       Min        Max
-------------+-----------------------------------------------------------------
     MW_real |  19,656  1.0746e+11    7.945503   .9205379   6.075942   11.42869

    Variable |        Obs        Mean    Std. dev.       Min        Max
-------------+---------------------------------------------------------
ind_rest_o~e |    423,733    .3696526    1.158591          0         58

    Variable |     Obs      Weight        Mean   Std. dev.       Min        Max
-------------+-----------------------------------------------------------------
ind_res~call |  54,054  3.0511e+11     .002505   .0006419   .0008449     .00646

    Variable |     Obs      Weight        Mean   Std. dev.       Min        Max
-------------+-----------------------------------------------------------------
ind_rest_o~m |     465  2.6278e+09    .0010867    .000396          0   .0032836

    Variable |     Obs      Weight        Mean   Std. dev.       Min        Max
-------------+-----------------------------------------------------------------
ind_rest_o~m |     462  2.6078e+09    .0008474   .0003701          0   .0027874

    Variable |     Obs      Weight        Mean   Std. dev.       Min        Max
-------------+-----------------------------------------------------------------
ind_rest~mFH |     465  2.6278e+09    .0075699   .0032356          0   .0290612
Make sure that belowL16 and aboveL16 exists. Otherwise the program does not wor
> k. Assertion will be false.
reghdfe ind_rest_overallcountpc   treat_m4 treat_m3 treat_m2 treat_m1 treat_p0 
> treat_p1 treat_p2 treat_p3 treat_p4 L4treat_m4 L4treat_m3 L4treat_m2 L4treat_
> m1 L4treat_p0 L4treat_p1 L4treat_p2 L4treat_p3 L4treat_p4 L8treat_m4 L8treat_
> m3 L8treat_m2 L8treat_m1 L8treat_p0 L8treat_p1 L8treat_p2 L8treat_p3 L8treat_
> p4 L12treat_m4 L12treat_m3 L12treat_m2 L12treat_m1 L12treat_p0 L12treat_p1 L1
> 2treat_p2 L12treat_p3 L12treat_p4 L16treat_m4 L16treat_m3 L16treat_m2 L16trea
> t_m1 L16treat_p0 L16treat_p1 L16treat_p2 L16treat_p3 L16treat_p4 one if  year
> >=1992  & cleansample==1   [aw=wtoverall1992] , a(i.wagebinstate i.wagequarte
> rdate    postcont_m  precont_m  earlycont_m  postcont_p  precont_p  earlycont
> _p    i.one#c.F12treat_m4 i.one#c.F12treat_m3 i.one#c.F12treat_m2 i.one#c.F12
> treat_m1 i.one#c.F12treat_p0 i.one#c.F12treat_p1 i.one#c.F12treat_p2 i.one#c.
> F12treat_p3 i.one#c.F12treat_p4 i.one#c.F8treat_m4 i.one#c.F8treat_m3 i.one#c
> .F8treat_m2 i.one#c.F8treat_m1 i.one#c.F8treat_p0 i.one#c.F8treat_p1 i.one#c.
> F8treat_p2 i.one#c.F8treat_p3 i.one#c.F8treat_p4   postcontf_m  precontf_m  e
> arlycontf_m  postcontf_p  precontf_p  earlycontf_p    i.one#c.window_m4  i.on
> e#c.window_m3  i.one#c.window_m2  i.one#c.window_m1  i.one#c.window_p0  i.one
> #c.window_p1  i.one#c.window_p2  i.one#c.window_p3  i.one#c.window_p4  )  clu
> ster(statenum)
(MWFE estimator converged in 25 iterations)
note: one is probably collinear with the fixed effects (all partialled-out valu
> es are close to zero; tol = 1.0e-09)

HDFE Linear regression                            Number of obs   =    554,931
Absorbing 41 HDFE groups                          F(  45,     50) =     884.36
Statistics robust to heteroskedasticity           Prob > F        =     0.0000
                                                  R-squared       =     0.4916
                                                  Adj R-squared   =     0.4755
                                                  Within R-sq.    =     0.0089
Number of clusters (statenum) =         51        Root MSE        =     0.0000

                              (Std. err. adjusted for 51 clusters in statenum)
------------------------------------------------------------------------------
             |               Robust
ind_rest_o~c | Coefficient  std. err.      t    P>|t|     [95% conf. interval]
-------------+----------------------------------------------------------------
    treat_m4 |   2.16e-07   2.85e-06     0.08   0.940    -5.52e-06    5.95e-06
    treat_m3 |  -5.52e-06   2.07e-06    -2.66   0.010    -9.69e-06   -1.36e-06
    treat_m2 |  -.0000179   2.72e-06    -6.57   0.000    -.0000233   -.0000124
    treat_m1 |  -.0000528   7.23e-06    -7.30   0.000    -.0000673   -.0000383
    treat_p0 |   .0000586   7.30e-06     8.02   0.000     .0000439    .0000732
    treat_p1 |   6.22e-06   2.95e-06     2.11   0.040     2.98e-07    .0000121
    treat_p2 |   1.13e-06   2.20e-06     0.52   0.608    -3.28e-06    5.55e-06
    treat_p3 |   1.03e-06   2.13e-06     0.48   0.631    -3.25e-06    5.30e-06
    treat_p4 |   1.16e-06   1.50e-06     0.77   0.442    -1.85e-06    4.17e-06
  L4treat_m4 |   3.23e-07   3.42e-06     0.09   0.925    -6.55e-06    7.19e-06
  L4treat_m3 |  -3.82e-06   3.09e-06    -1.24   0.222      -.00001    2.38e-06
  L4treat_m2 |  -8.34e-06   5.42e-06    -1.54   0.130    -.0000192    2.54e-06
  L4treat_m1 |  -.0000598   .0000122    -4.89   0.000    -.0000843   -.0000352
  L4treat_p0 |   .0000596   5.61e-06    10.62   0.000     .0000483    .0000708
  L4treat_p1 |   6.12e-06   3.11e-06     1.97   0.055    -1.28e-07    .0000124
  L4treat_p2 |   2.47e-06   1.49e-06     1.66   0.104    -5.28e-07    5.47e-06
  L4treat_p3 |  -1.16e-06   1.84e-06    -0.63   0.531    -4.85e-06    2.53e-06
  L4treat_p4 |   9.12e-07   2.33e-06     0.39   0.697    -3.77e-06    5.60e-06
  L8treat_m4 |  -1.18e-06   4.85e-06    -0.24   0.809    -.0000109    8.56e-06
  L8treat_m3 |  -3.85e-06   2.63e-06    -1.46   0.149    -9.13e-06    1.43e-06
  L8treat_m2 |  -6.61e-06   3.52e-06    -1.88   0.066    -.0000137    4.50e-07
  L8treat_m1 |  -.0000542   .0000138    -3.92   0.000     -.000082   -.0000265
  L8treat_p0 |   .0000684   9.82e-06     6.96   0.000     .0000486    .0000881
  L8treat_p1 |  -2.03e-06   6.67e-06    -0.30   0.762    -.0000154    .0000114
  L8treat_p2 |   1.27e-06   2.03e-06     0.63   0.534    -2.81e-06    5.36e-06
  L8treat_p3 |  -1.05e-06   1.63e-06    -0.64   0.523    -4.33e-06    2.23e-06
  L8treat_p4 |   3.07e-07   2.64e-06     0.12   0.908    -5.00e-06    5.62e-06
 L12treat_m4 |  -2.61e-06   3.58e-06    -0.73   0.470    -9.81e-06    4.58e-06
 L12treat_m3 |  -5.44e-07   2.38e-06    -0.23   0.820    -5.32e-06    4.24e-06
 L12treat_m2 |  -8.33e-06   3.87e-06    -2.15   0.036    -.0000161   -5.62e-07
 L12treat_m1 |   -.000052    .000013    -4.01   0.000    -.0000781   -.0000259
 L12treat_p0 |   .0000651   8.61e-06     7.56   0.000     .0000478    .0000824
 L12treat_p1 |  -8.97e-07   5.50e-06    -0.16   0.871    -.0000119    .0000101
 L12treat_p2 |  -8.14e-07   3.48e-06    -0.23   0.816    -7.81e-06    6.18e-06
 L12treat_p3 |   1.81e-06   2.32e-06     0.78   0.440    -2.86e-06    6.48e-06
 L12treat_p4 |   1.52e-06   3.13e-06     0.49   0.629    -4.77e-06    7.81e-06
 L16treat_m4 |  -5.18e-06   2.75e-06    -1.88   0.066    -.0000107    3.50e-07
 L16treat_m3 |  -1.33e-06   3.11e-06    -0.43   0.670    -7.58e-06    4.92e-06
 L16treat_m2 |  -6.78e-06   3.32e-06    -2.04   0.046    -.0000134   -1.19e-07
 L16treat_m1 |  -.0000269   8.51e-06    -3.16   0.003     -.000044   -9.77e-06
 L16treat_p0 |   .0000459   6.31e-06     7.27   0.000     .0000332    .0000585
 L16treat_p1 |  -1.48e-06   5.55e-06    -0.27   0.790    -.0000126    9.67e-06
 L16treat_p2 |  -2.05e-06   2.21e-06    -0.92   0.360    -6.50e-06    2.40e-06
 L16treat_p3 |   5.07e-06   2.80e-06     1.81   0.076    -5.47e-07    .0000107
 L16treat_p4 |  -6.90e-07   2.89e-06    -0.24   0.812    -6.49e-06    5.11e-06
         one |          0  (omitted)
       _cons |   .0000213   1.28e-07   166.50   0.000     .0000211    .0000216
------------------------------------------------------------------------------

Absorbed degrees of freedom:
-----------------------------------------------------------+
       Absorbed FE | Categories  - Redundant  = Num. Coefs |
-------------------+---------------------------------------|
      wagebinstate |      5967        5967           0    *|
   wagequarterdate |     10881           1       10880     |
        postcont_m |         7           1           6     |
         precont_m |         4           1           3    ?|
       earlycont_m |         4           1           3    ?|
        postcont_p |         7           1           6    ?|
         precont_p |         4           1           3    ?|
       earlycont_p |         4           1           3    ?|
 one#c.F12treat_m4 |         1           0           1    ?|
 one#c.F12treat_m3 |         1           0           1    ?|
 one#c.F12treat_m2 |         1           0           1    ?|
 one#c.F12treat_m1 |         1           0           1    ?|
 one#c.F12treat_p0 |         1           0           1    ?|
 one#c.F12treat_p1 |         1           0           1    ?|
 one#c.F12treat_p2 |         1           0           1    ?|
 one#c.F12treat_p3 |         1           0           1    ?|
 one#c.F12treat_p4 |         1           0           1    ?|
  one#c.F8treat_m4 |         1           0           1    ?|
  one#c.F8treat_m3 |         1           0           1    ?|
  one#c.F8treat_m2 |         1           0           1    ?|
  one#c.F8treat_m1 |         1           0           1    ?|
  one#c.F8treat_p0 |         1           0           1    ?|
  one#c.F8treat_p1 |         1           0           1    ?|
  one#c.F8treat_p2 |         1           0           1    ?|
  one#c.F8treat_p3 |         1           0           1    ?|
  one#c.F8treat_p4 |         1           0           1    ?|
       postcontf_m |         4           1           3    ?|
        precontf_m |         3           1           2    ?|
      earlycontf_m |         3           1           2    ?|
       postcontf_p |         4           1           3    ?|
        precontf_p |         3           1           2    ?|
      earlycontf_p |         3           1           2    ?|
   one#c.window_m4 |         1           0           1    ?|
   one#c.window_m3 |         1           0           1    ?|
   one#c.window_m2 |         1           0           1    ?|
   one#c.window_m1 |         1           0           1    ?|
   one#c.window_p0 |         1           0           1    ?|
   one#c.window_p1 |         1           0           1    ?|
   one#c.window_p2 |         1           0           1    ?|
   one#c.window_p3 |         1           0           1    ?|
   one#c.window_p4 |         1           0           1    ?|
-----------------------------------------------------------+
? = number of redundant parameters may be higher
* = FE nested within cluster; treated as redundant for DoF computation
file /Users/brycewang/Documents/GitHub/top5-Econ-Paper-Replications/QJE2019-Min
> imum-Wages-Low-Wage-Jobs/Results/estimates/ind_rest_overallafter_stateonly_1_
> ind_rest_overall_19922016_aggcont_A_1612.ster saved
  118

 ( 1)  319.366*treat_m4 + 319.366*treat_m3 + 319.366*treat_m2 +
       319.366*treat_m1 + 319.366*L4treat_m4 + 319.366*L4treat_m3 +
       319.366*L4treat_m2 + 319.366*L4treat_m1 + 319.366*L8treat_m4 +
       319.366*L8treat_m3 + 319.366*L8treat_m2 + 319.366*L8treat_m1 +
       319.366*L12treat_m4 + 319.366*L12treat_m3 + 319.366*L12treat_m2 +
       319.366*L12treat_m1 + 319.366*L16treat_m4 + 319.366*L16treat_m3 +
       319.366*L16treat_m2 + 319.366*L16treat_m1 = 0

------------------------------------------------------------------------------
ind_rest_o~c | Coefficient  Std. err.      t    P>|t|     [95% conf. interval]
-------------+----------------------------------------------------------------
         (1) |  -.1012637   .0151025    -6.71   0.000     -.131598   -.0709294
------------------------------------------------------------------------------

added macro:
           e(below_Eb) : "-0.101***"

added macro:
          e(below_Ese) : "(0.015)"

 ( 1)  319.366*treat_p0 + 319.366*treat_p1 + 319.366*treat_p2 +
       319.366*treat_p3 + 319.366*treat_p4 + 319.366*L4treat_p0 +
       319.366*L4treat_p1 + 319.366*L4treat_p2 + 319.366*L4treat_p3 +
       319.366*L4treat_p4 + 319.366*L8treat_p0 + 319.366*L8treat_p1 +
       319.366*L8treat_p2 + 319.366*L8treat_p3 + 319.366*L8treat_p4 +
       319.366*L12treat_p0 + 319.366*L12treat_p1 + 319.366*L12treat_p2 +
       319.366*L12treat_p3 + 319.366*L12treat_p4 + 319.366*L16treat_p0 +
       319.366*L16treat_p1 + 319.366*L16treat_p2 + 319.366*L16treat_p3 +
       319.366*L16treat_p4 = 0

------------------------------------------------------------------------------
ind_rest_o~c | Coefficient  Std. err.      t    P>|t|     [95% conf. interval]
-------------+----------------------------------------------------------------
         (1) |   .1010232   .0146435     6.90   0.000      .071611    .1304355
------------------------------------------------------------------------------

added macro:
           e(above_Eb) : "0.101***"

added macro:
          e(above_Ese) : "(0.015)"

 ( 1)  736.1497*treat_m4 + 736.1497*treat_m3 + 736.1497*treat_m2 +
       736.1497*treat_m1 + 736.1497*treat_p0 + 736.1497*treat_p1 +
       736.1497*treat_p2 + 736.1497*treat_p3 + 736.1497*treat_p4 +
       736.1497*L4treat_m4 + 736.1497*L4treat_m3 + 736.1497*L4treat_m2 +
       736.1497*L4treat_m1 + 736.1497*L4treat_p0 + 736.1497*L4treat_p1 +
       736.1497*L4treat_p2 + 736.1497*L4treat_p3 + 736.1497*L4treat_p4 +
       736.1497*L8treat_m4 + 736.1497*L8treat_m3 + 736.1497*L8treat_m2 +
       736.1497*L8treat_m1 + 736.1497*L8treat_p0 + 736.1497*L8treat_p1 +
       736.1497*L8treat_p2 + 736.1497*L8treat_p3 + 736.1497*L8treat_p4 +
       736.1497*L12treat_m4 + 736.1497*L12treat_m3 + 736.1497*L12treat_m2 +
       736.1497*L12treat_m1 + 736.1497*L12treat_p0 + 736.1497*L12treat_p1 +
       736.1497*L12treat_p2 + 736.1497*L12treat_p3 + 736.1497*L12treat_p4 +
       736.1497*L16treat_m4 + 736.1497*L16treat_m3 + 736.1497*L16treat_m2 +
       736.1497*L16treat_m1 + 736.1497*L16treat_p0 + 736.1497*L16treat_p1 +
       736.1497*L16treat_p2 + 736.1497*L16treat_p3 + 736.1497*L16treat_p4 = 0

------------------------------------------------------------------------------
ind_rest_o~c | Coefficient  Std. err.      t    P>|t|     [95% conf. interval]
-------------+----------------------------------------------------------------
         (1) |  -.0005542   .0263817    -0.02   0.983    -.0535434     .052435
------------------------------------------------------------------------------

added macro:
        e(bunching_Eb) : "-0.001"

added macro:
       e(bunching_Ese) : "(0.026)"

 ( 1)  3257.613*treat_m4 + 3257.613*treat_m3 + 3257.613*treat_m2 +
       3257.613*treat_m1 + 3257.613*treat_p0 + 3257.613*treat_p1 +
       3257.613*treat_p2 + 3257.613*treat_p3 + 3257.613*treat_p4 +
       3257.613*L4treat_m4 + 3257.613*L4treat_m3 + 3257.613*L4treat_m2 +
       3257.613*L4treat_m1 + 3257.613*L4treat_p0 + 3257.613*L4treat_p1 +
       3257.613*L4treat_p2 + 3257.613*L4treat_p3 + 3257.613*L4treat_p4 +
       3257.613*L8treat_m4 + 3257.613*L8treat_m3 + 3257.613*L8treat_m2 +
       3257.613*L8treat_m1 + 3257.613*L8treat_p0 + 3257.613*L8treat_p1 +
       3257.613*L8treat_p2 + 3257.613*L8treat_p3 + 3257.613*L8treat_p4 +
       3257.613*L12treat_m4 + 3257.613*L12treat_m3 + 3257.613*L12treat_m2 +
       3257.613*L12treat_m1 + 3257.613*L12treat_p0 + 3257.613*L12treat_p1 +
       3257.613*L12treat_p2 + 3257.613*L12treat_p3 + 3257.613*L12treat_p4 +
       3257.613*L16treat_m4 + 3257.613*L16treat_m3 + 3257.613*L16treat_m2 +
       3257.613*L16treat_m1 + 3257.613*L16treat_p0 + 3257.613*L16treat_p1 +
       3257.613*L16treat_p2 + 3257.613*L16treat_p3 + 3257.613*L16treat_p4 = 0

------------------------------------------------------------------------------
ind_rest_o~c | Coefficient  Std. err.      t    P>|t|     [95% conf. interval]
-------------+----------------------------------------------------------------
         (1) |  -.0024525   .1167443    -0.02   0.983    -.2369403    .2320354
------------------------------------------------------------------------------

added macro:
       e(bunchelas_Eb) : "-0.002"

added macro:
      e(bunchelas_Ese) : "(0.117)"

       _nl_1: ((((((_b[treat_m1])*(8.864712118984865-1) ) + ((_b[treat_m2])*(8.
> 864712118984865-2) ) + ((_b[treat_m3])*(8.864712118984865-3) ) + ((_b[treat_m
> 4])*(8.864712118984865-4) ) + ((_b[L4treat_m1])*(8.864712118984865-1) ) + ((_
> b[L4treat_m2])*(8.864712118984865-2)) + ((_b[L4treat_m3])*(8.864712118984865-
> 3)) + ((_b[L4treat_m4])*(8.864712118984865-4)) + ((_b[L8treat_m1])*(8.8647121
> 18984865-1) ) + ((_b[L8treat_m2])*(8.864712118984865-2)) + ((_b[L8treat_m3])*
> (8.864712118984865-3)) + ((_b[L8treat_m4])*(8.864712118984865-4)) + ((_b[L12t
> reat_m1])*(8.864712118984865-1) ) + ((_b[L12treat_m2])*(8.864712118984865-2))
>  + ((_b[L12treat_m3])*(8.864712118984865-3)) + ((_b[L12treat_m4])*(8.86471211
> 8984865-4)) + ((_b[L16treat_m1])*(8.864712118984865-1) ) + ((_b[L16treat_m2])
> *(8.864712118984865-2)) + ((_b[L16treat_m3])*(8.864712118984865-3)) + ((_b[L1
> 6treat_m4])*(8.864712118984865-4))+((_b[treat_p0])*(8.864712118984865+0)) + (
> (_b[treat_p1])*(8.864712118984865+1) ) + ((_b[treat_p2])*(8.864712118984865+2
> ) ) + ((_b[treat_p3])*(8.864712118984865+3) ) + ((_b[treat_p4])*(8.8647121189
> 84865+4) ) + ((_b[L4treat_p0])*(8.864712118984865+0)) + ((_b[L4treat_p1])*(8.
> 864712118984865+1)) + ((_b[L4treat_p2])*(8.864712118984865+2)) + ((_b[L4treat
> _p3])*(8.864712118984865+3)) + ((_b[L4treat_p4])*(8.864712118984865+4)) + ((_
> b[L8treat_p0])*(8.864712118984865+0)) + ((_b[L8treat_p1])*(8.864712118984865+
> 1)) + ((_b[L8treat_p2])*(8.864712118984865+2)) + ((_b[L8treat_p3])*(8.8647121
> 18984865+3)) + ((_b[L8treat_p4])*(8.864712118984865+4)) + ((_b[L12treat_p0])*
> (8.864712118984865+0)) + ((_b[L12treat_p1])*(8.864712118984865+1)) + ((_b[L12
> treat_p2])*(8.864712118984865+2)) + ((_b[L12treat_p3])*(8.864712118984865+3))
>  + ((_b[L12treat_p4])*(8.864712118984865+4)) + ((_b[L16treat_p0])*(8.86471211
> 8984865+0)) + ((_b[L16treat_p1])*(8.864712118984865+1)) + ((_b[L16treat_p2])*
> (8.864712118984865+2)) + ((_b[L16treat_p3])*(8.864712118984865+3)) + ((_b[L16
> treat_p4])*(8.864712118984865+4)))*(4*.2)/.0075698572463704 ) - ((((_b[treat_
> m1] ) + (_b[treat_m2] ) + (_b[treat_m3] ) + (_b[treat_m4] ) + (_b[L4treat_m1]
> ) + (_b[L4treat_m2]) + (_b[L4treat_m3]) + (_b[L4treat_m4]) + (_b[L8treat_m1])
>  + (_b[L8treat_m2]) + (_b[L8treat_m3]) + (_b[L8treat_m4]) + (_b[L12treat_m1])
>  + (_b[L12treat_m2]) + (_b[L12treat_m3]) + (_b[L12treat_m4]) + (_b[L16treat_m
> 1]) + (_b[L16treat_m2]) + (_b[L16treat_m3]) + (_b[L16treat_m4]) + (_b[treat_p
> 0]) + (_b[treat_p1] ) + (_b[treat_p2] ) + (_b[treat_p3] ) + (_b[treat_p4] ) +
>  (_b[L4treat_p0]) + (_b[L4treat_p1]) + (_b[L4treat_p2]) + (_b[L4treat_p3]) + 
> (_b[L4treat_p4]) + (_b[L8treat_p0]) + (_b[L8treat_p1]) + (_b[L8treat_p2]) + (
> _b[L8treat_p3]) + (_b[L8treat_p4]) + (_b[L12treat_p0]) + (_b[L12treat_p1]) + 
> (_b[L12treat_p2]) + (_b[L12treat_p3]) + (_b[L12treat_p4]) + (_b[L16treat_p0])
>  + (_b[L16treat_p1]) + (_b[L16treat_p2]) + (_b[L16treat_p3]) + (_b[L16treat_p
> 4]))*(4*.2)*(1/.0025049629700757))/.4338329594387733))) / (1+((((_b[treat_m1]
>  ) + (_b[treat_m2] ) + (_b[treat_m3] ) + (_b[treat_m4] ) + (_b[L4treat_m1]) +
>  (_b[L4treat_m2]) + (_b[L4treat_m3]) + (_b[L4treat_m4]) + (_b[L8treat_m1]) + 
> (_b[L8treat_m2]) + (_b[L8treat_m3]) + (_b[L8treat_m4]) + (_b[L12treat_m1]) + 
> (_b[L12treat_m2]) + (_b[L12treat_m3]) + (_b[L12treat_m4]) + (_b[L16treat_m1])
>  + (_b[L16treat_m2]) + (_b[L16treat_m3]) + (_b[L16treat_m4]) + (_b[treat_p0])
>  + (_b[treat_p1] ) + (_b[treat_p2] ) + (_b[treat_p3] ) + (_b[treat_p4] ) + (_
> b[L4treat_p0]) + (_b[L4treat_p1]) + (_b[L4treat_p2]) + (_b[L4treat_p3]) + (_b
> [L4treat_p4]) + (_b[L8treat_p0]) + (_b[L8treat_p1]) + (_b[L8treat_p2]) + (_b[
> L8treat_p3]) + (_b[L8treat_p4]) + (_b[L12treat_p0]) + (_b[L12treat_p1]) + (_b
> [L12treat_p2]) + (_b[L12treat_p3]) + (_b[L12treat_p4]) + (_b[L16treat_p0]) + 
> (_b[L16treat_p1]) + (_b[L16treat_p2]) + (_b[L16treat_p3]) + (_b[L16treat_p4])
> )*(4*.2)*(1/.0025049629700757))/.4338329594387733))

------------------------------------------------------------------------------
ind_rest_o~c | Coefficient  Std. err.      z    P>|z|     [95% conf. interval]
-------------+----------------------------------------------------------------
       _nl_1 |   .0487379   .0121748     4.00   0.000     .0248757       .0726
------------------------------------------------------------------------------

added macro:
              e(WB_Eb) : "0.049***"

added macro:
             e(WB_Ese) : "(0.012)"

       _nl_1: ((((_b[treat_m1] ) + (_b[treat_m2] ) + (_b[treat_m3] ) + (_b[trea
> t_m4] ) + (_b[L4treat_m1]) + (_b[L4treat_m2]) + (_b[L4treat_m3]) + (_b[L4trea
> t_m4]) + (_b[L8treat_m1]) + (_b[L8treat_m2]) + (_b[L8treat_m3]) + (_b[L8treat
> _m4]) + (_b[L12treat_m1]) + (_b[L12treat_m2]) + (_b[L12treat_m3]) + (_b[L12tr
> eat_m4]) + (_b[L16treat_m1]) + (_b[L16treat_m2]) + (_b[L16treat_m3]) + (_b[L1
> 6treat_m4]) + (_b[treat_p0]) + (_b[treat_p1] ) + (_b[treat_p2] ) + (_b[treat_
> p3] ) + (_b[treat_p4] ) + (_b[L4treat_p0]) + (_b[L4treat_p1]) + (_b[L4treat_p
> 2]) + (_b[L4treat_p3]) + (_b[L4treat_p4]) + (_b[L8treat_p0]) + (_b[L8treat_p1
> ]) + (_b[L8treat_p2]) + (_b[L8treat_p3]) + (_b[L8treat_p4]) + (_b[L12treat_p0
> ]) + (_b[L12treat_p1]) + (_b[L12treat_p2]) + (_b[L12treat_p3]) + (_b[L12treat
> _p4]) + (_b[L16treat_p0]) + (_b[L16treat_p1]) + (_b[L16treat_p2]) + (_b[L16tr
> eat_p3]) + (_b[L16treat_p4]))*(4*.2)*(1/.0025049629700757))/.4338329594387733
> ) / (((((((_b[treat_m1])*(8.864712118984865-1) ) + ((_b[treat_m2])*(8.8647121
> 18984865-2) ) + ((_b[treat_m3])*(8.864712118984865-3) ) + ((_b[treat_m4])*(8.
> 864712118984865-4) ) + ((_b[L4treat_m1])*(8.864712118984865-1) ) + ((_b[L4tre
> at_m2])*(8.864712118984865-2)) + ((_b[L4treat_m3])*(8.864712118984865-3)) + (
> (_b[L4treat_m4])*(8.864712118984865-4)) + ((_b[L8treat_m1])*(8.86471211898486
> 5-1) ) + ((_b[L8treat_m2])*(8.864712118984865-2)) + ((_b[L8treat_m3])*(8.8647
> 12118984865-3)) + ((_b[L8treat_m4])*(8.864712118984865-4)) + ((_b[L12treat_m1
> ])*(8.864712118984865-1) ) + ((_b[L12treat_m2])*(8.864712118984865-2)) + ((_b
> [L12treat_m3])*(8.864712118984865-3)) + ((_b[L12treat_m4])*(8.864712118984865
> -4)) + ((_b[L16treat_m1])*(8.864712118984865-1) ) + ((_b[L16treat_m2])*(8.864
> 712118984865-2)) + ((_b[L16treat_m3])*(8.864712118984865-3)) + ((_b[L16treat_
> m4])*(8.864712118984865-4))+((_b[treat_p0])*(8.864712118984865+0)) + ((_b[tre
> at_p1])*(8.864712118984865+1) ) + ((_b[treat_p2])*(8.864712118984865+2) ) + (
> (_b[treat_p3])*(8.864712118984865+3) ) + ((_b[treat_p4])*(8.864712118984865+4
> ) ) + ((_b[L4treat_p0])*(8.864712118984865+0)) + ((_b[L4treat_p1])*(8.8647121
> 18984865+1)) + ((_b[L4treat_p2])*(8.864712118984865+2)) + ((_b[L4treat_p3])*(
> 8.864712118984865+3)) + ((_b[L4treat_p4])*(8.864712118984865+4)) + ((_b[L8tre
> at_p0])*(8.864712118984865+0)) + ((_b[L8treat_p1])*(8.864712118984865+1)) + (
> (_b[L8treat_p2])*(8.864712118984865+2)) + ((_b[L8treat_p3])*(8.86471211898486
> 5+3)) + ((_b[L8treat_p4])*(8.864712118984865+4)) + ((_b[L12treat_p0])*(8.8647
> 12118984865+0)) + ((_b[L12treat_p1])*(8.864712118984865+1)) + ((_b[L12treat_p
> 2])*(8.864712118984865+2)) + ((_b[L12treat_p3])*(8.864712118984865+3)) + ((_b
> [L12treat_p4])*(8.864712118984865+4)) + ((_b[L16treat_p0])*(8.864712118984865
> +0)) + ((_b[L16treat_p1])*(8.864712118984865+1)) + ((_b[L16treat_p2])*(8.8647
> 12118984865+2)) + ((_b[L16treat_p3])*(8.864712118984865+3)) + ((_b[L16treat_p
> 4])*(8.864712118984865+4)))*(4*.2)/.0075698572463704 ) - ((((_b[treat_m1] ) +
>  (_b[treat_m2] ) + (_b[treat_m3] ) + (_b[treat_m4] ) + (_b[L4treat_m1]) + (_b
> [L4treat_m2]) + (_b[L4treat_m3]) + (_b[L4treat_m4]) + (_b[L8treat_m1]) + (_b[
> L8treat_m2]) + (_b[L8treat_m3]) + (_b[L8treat_m4]) + (_b[L12treat_m1]) + (_b[
> L12treat_m2]) + (_b[L12treat_m3]) + (_b[L12treat_m4]) + (_b[L16treat_m1]) + (
> _b[L16treat_m2]) + (_b[L16treat_m3]) + (_b[L16treat_m4]) + (_b[treat_p0]) + (
> _b[treat_p1] ) + (_b[treat_p2] ) + (_b[treat_p3] ) + (_b[treat_p4] ) + (_b[L4
> treat_p0]) + (_b[L4treat_p1]) + (_b[L4treat_p2]) + (_b[L4treat_p3]) + (_b[L4t
> reat_p4]) + (_b[L8treat_p0]) + (_b[L8treat_p1]) + (_b[L8treat_p2]) + (_b[L8tr
> eat_p3]) + (_b[L8treat_p4]) + (_b[L12treat_p0]) + (_b[L12treat_p1]) + (_b[L12
> treat_p2]) + (_b[L12treat_p3]) + (_b[L12treat_p4]) + (_b[L16treat_p0]) + (_b[
> L16treat_p1]) + (_b[L16treat_p2]) + (_b[L16treat_p3]) + (_b[L16treat_p4]))*(4
> *.2)*(1/.0025049629700757))/.4338329594387733))) / (1+((((_b[treat_m1] ) + (_
> b[treat_m2] ) + (_b[treat_m3] ) + (_b[treat_m4] ) + (_b[L4treat_m1]) + (_b[L4
> treat_m2]) + (_b[L4treat_m3]) + (_b[L4treat_m4]) + (_b[L8treat_m1]) + (_b[L8t
> reat_m2]) + (_b[L8treat_m3]) + (_b[L8treat_m4]) + (_b[L12treat_m1]) + (_b[L12
> treat_m2]) + (_b[L12treat_m3]) + (_b[L12treat_m4]) + (_b[L16treat_m1]) + (_b[
> L16treat_m2]) + (_b[L16treat_m3]) + (_b[L16treat_m4]) + (_b[treat_p0]) + (_b[
> treat_p1] ) + (_b[treat_p2] ) + (_b[treat_p3] ) + (_b[treat_p4] ) + (_b[L4tre
> at_p0]) + (_b[L4treat_p1]) + (_b[L4treat_p2]) + (_b[L4treat_p3]) + (_b[L4trea
> t_p4]) + (_b[L8treat_p0]) + (_b[L8treat_p1]) + (_b[L8treat_p2]) + (_b[L8treat
> _p3]) + (_b[L8treat_p4]) + (_b[L12treat_p0]) + (_b[L12treat_p1]) + (_b[L12tre
> at_p2]) + (_b[L12treat_p3]) + (_b[L12treat_p4]) + (_b[L16treat_p0]) + (_b[L16
> treat_p1]) + (_b[L16treat_p2]) + (_b[L16treat_p3]) + (_b[L16treat_p4]))*(4*.2
> )*(1/.0025049629700757))/.4338329594387733)))

------------------------------------------------------------------------------
ind_rest_o~c | Coefficient  Std. err.      z    P>|z|     [95% conf. interval]
-------------+----------------------------------------------------------------
       _nl_1 |  -.0113711   .5423357    -0.02   0.983     -1.07433    1.051587
------------------------------------------------------------------------------

added macro:
        e(labordem_Eb) : "-0.011"

added macro:
       e(labordem_Ese) : "(0.542)"

added macro:
             e(numobs) : "\multicolumn{1}{c}{        554,931}"

added macro:
           e(numevent) : "\multicolumn{1}{c}{            118}"

added macro:
             e(minwpc) : "0.098"

added macro:
              e(belsh) : "0.434"

added macro:
       e(wagebinstate) : "Y"

added macro:
        e(workercount) : "\multicolumn{1}{c}{        156,634}"

added macro:
      e(wagebinperiod) : "Y"
stored estimates called ta_ind_1992_rest




    Variable |     Obs      Weight        Mean   Std. dev.       Min        Max
-------------+-----------------------------------------------------------------
    DMW_real |  13,689  7.7651e+10    .7789518   .3823315   .2514448   2.193727

    Variable |     Obs      Weight        Mean   Std. dev.       Min        Max
-------------+-----------------------------------------------------------------
     MW_real |  19,656  1.0746e+11    7.945503   .9205379   6.075942   11.42869

    Variable |        Obs        Mean    Std. dev.       Min        Max
-------------+---------------------------------------------------------
ind_manuf_~e |    423,733    .8253995    2.656957          0        131

    Variable |     Obs      Weight        Mean   Std. dev.       Min        Max
-------------+-----------------------------------------------------------------
ind_man~call |  54,054  3.0511e+11    .0072091   .0046929   .0000129   .0261292

    Variable |     Obs      Weight        Mean   Std. dev.       Min        Max
-------------+-----------------------------------------------------------------
ind_manuf_~m |     465  2.6278e+09    .0003622   .0004154          0   .0017676

    Variable |     Obs      Weight        Mean   Std. dev.       Min        Max
-------------+-----------------------------------------------------------------
ind_manuf_~m |     462  2.6078e+09    .0002697   .0003168          0   .0014705

    Variable |     Obs      Weight        Mean   Std. dev.       Min        Max
-------------+-----------------------------------------------------------------
ind_manu~mFH |     465  2.6278e+09    .0026816    .003154          0   .0127858
Make sure that belowL16 and aboveL16 exists. Otherwise the program does not wor
> k. Assertion will be false.
reghdfe ind_manuf_overallcountpc   treat_m4 treat_m3 treat_m2 treat_m1 treat_p0
>  treat_p1 treat_p2 treat_p3 treat_p4 L4treat_m4 L4treat_m3 L4treat_m2 L4treat
> _m1 L4treat_p0 L4treat_p1 L4treat_p2 L4treat_p3 L4treat_p4 L8treat_m4 L8treat
> _m3 L8treat_m2 L8treat_m1 L8treat_p0 L8treat_p1 L8treat_p2 L8treat_p3 L8treat
> _p4 L12treat_m4 L12treat_m3 L12treat_m2 L12treat_m1 L12treat_p0 L12treat_p1 L
> 12treat_p2 L12treat_p3 L12treat_p4 L16treat_m4 L16treat_m3 L16treat_m2 L16tre
> at_m1 L16treat_p0 L16treat_p1 L16treat_p2 L16treat_p3 L16treat_p4 one if  yea
> r>=1992  & cleansample==1   [aw=wtoverall1992] , a(i.wagebinstate i.wagequart
> erdate    postcont_m  precont_m  earlycont_m  postcont_p  precont_p  earlycon
> t_p    i.one#c.F12treat_m4 i.one#c.F12treat_m3 i.one#c.F12treat_m2 i.one#c.F1
> 2treat_m1 i.one#c.F12treat_p0 i.one#c.F12treat_p1 i.one#c.F12treat_p2 i.one#c
> .F12treat_p3 i.one#c.F12treat_p4 i.one#c.F8treat_m4 i.one#c.F8treat_m3 i.one#
> c.F8treat_m2 i.one#c.F8treat_m1 i.one#c.F8treat_p0 i.one#c.F8treat_p1 i.one#c
> .F8treat_p2 i.one#c.F8treat_p3 i.one#c.F8treat_p4   postcontf_m  precontf_m  
> earlycontf_m  postcontf_p  precontf_p  earlycontf_p    i.one#c.window_m4  i.o
> ne#c.window_m3  i.one#c.window_m2  i.one#c.window_m1  i.one#c.window_p0  i.on
> e#c.window_p1  i.one#c.window_p2  i.one#c.window_p3  i.one#c.window_p4  )  cl
> uster(statenum)
(MWFE estimator converged in 25 iterations)
note: one is probably collinear with the fixed effects (all partialled-out valu
> es are close to zero; tol = 1.0e-09)

HDFE Linear regression                            Number of obs   =    554,931
Absorbing 41 HDFE groups                          F(  45,     50) =     403.62
Statistics robust to heteroskedasticity           Prob > F        =     0.0000
                                                  R-squared       =     0.7663
                                                  Adj R-squared   =     0.7589
                                                  Within R-sq.    =     0.0002
Number of clusters (statenum) =         51        Root MSE        =     0.0001

                              (Std. err. adjusted for 51 clusters in statenum)
------------------------------------------------------------------------------
             |               Robust
ind_manuf_~c | Coefficient  std. err.      t    P>|t|     [95% conf. interval]
-------------+----------------------------------------------------------------
    treat_m4 |  -9.76e-07   7.76e-07    -1.26   0.214    -2.53e-06    5.82e-07
    treat_m3 |  -3.86e-07   7.77e-07    -0.50   0.621    -1.95e-06    1.17e-06
    treat_m2 |  -9.21e-06   4.23e-06    -2.18   0.034    -.0000177   -7.15e-07
    treat_m1 |  -.0000142   7.82e-06    -1.82   0.075    -.0000299    1.51e-06
    treat_p0 |   .0000153   5.17e-06     2.96   0.005     4.89e-06    .0000256
    treat_p1 |  -1.26e-07   3.56e-06    -0.04   0.972    -7.27e-06    7.02e-06
    treat_p2 |  -5.50e-07   3.80e-06    -0.14   0.885    -8.19e-06    7.09e-06
    treat_p3 |   5.00e-06   4.68e-06     1.07   0.290    -4.40e-06    .0000144
    treat_p4 |  -4.59e-06   2.93e-06    -1.57   0.123    -.0000105    1.29e-06
  L4treat_m4 |  -1.29e-06   5.72e-07    -2.25   0.029    -2.43e-06   -1.37e-07
  L4treat_m3 |  -1.89e-06   7.03e-07    -2.69   0.010    -3.30e-06   -4.79e-07
  L4treat_m2 |  -8.44e-06   4.02e-06    -2.10   0.041    -.0000165   -3.63e-07
  L4treat_m1 |    -.00002   .0000127    -1.57   0.123    -.0000455    5.60e-06
  L4treat_p0 |    .000018   7.04e-06     2.56   0.014     3.86e-06    .0000321
  L4treat_p1 |  -1.48e-06   3.81e-06    -0.39   0.699    -9.14e-06    6.18e-06
  L4treat_p2 |   2.64e-06   4.21e-06     0.63   0.533    -5.82e-06    .0000111
  L4treat_p3 |   9.47e-06   7.08e-06     1.34   0.187    -4.74e-06    .0000237
  L4treat_p4 |  -6.58e-06   5.55e-06    -1.18   0.242    -.0000177    4.57e-06
  L8treat_m4 |  -1.34e-06   5.54e-07    -2.41   0.020    -2.45e-06   -2.23e-07
  L8treat_m3 |  -1.01e-06   1.17e-06    -0.86   0.392    -3.35e-06    1.34e-06
  L8treat_m2 |  -8.90e-06   5.20e-06    -1.71   0.093    -.0000193    1.54e-06
  L8treat_m1 |  -.0000143   9.71e-06    -1.47   0.148    -.0000338    5.24e-06
  L8treat_p0 |   .0000165   6.75e-06     2.44   0.018     2.91e-06      .00003
  L8treat_p1 |   8.96e-06   5.85e-06     1.53   0.131    -2.78e-06    .0000207
  L8treat_p2 |   8.89e-06   5.65e-06     1.57   0.122    -2.46e-06    .0000202
  L8treat_p3 |   5.61e-06   5.47e-06     1.03   0.309    -5.36e-06    .0000166
  L8treat_p4 |  -1.51e-06   4.35e-06    -0.35   0.730    -.0000102    7.22e-06
 L12treat_m4 |  -1.98e-06   7.94e-07    -2.50   0.016    -3.58e-06   -3.88e-07
 L12treat_m3 |  -2.29e-06   1.36e-06    -1.68   0.100    -5.02e-06    4.51e-07
 L12treat_m2 |  -9.91e-06   4.79e-06    -2.07   0.044    -.0000195   -2.94e-07
 L12treat_m1 |  -.0000224   .0000118    -1.89   0.065    -.0000461    1.41e-06
 L12treat_p0 |   .0000172   6.63e-06     2.60   0.012     3.93e-06    .0000306
 L12treat_p1 |  -3.66e-06   4.13e-06    -0.89   0.380     -.000012    4.64e-06
 L12treat_p2 |   6.25e-06   3.92e-06     1.59   0.117    -1.63e-06    .0000141
 L12treat_p3 |   4.51e-06   5.27e-06     0.86   0.396    -6.07e-06    .0000151
 L12treat_p4 |  -1.18e-06   5.02e-06    -0.24   0.815    -.0000113    8.91e-06
 L16treat_m4 |  -1.02e-06   8.93e-07    -1.14   0.258    -2.82e-06    7.72e-07
 L16treat_m3 |  -1.43e-06   9.94e-07    -1.44   0.156    -3.43e-06    5.65e-07
 L16treat_m2 |  -8.59e-06   4.23e-06    -2.03   0.048    -.0000171   -8.96e-08
 L16treat_m1 |  -.0000197    .000012    -1.65   0.106    -.0000438    4.32e-06
 L16treat_p0 |   6.59e-06   5.92e-06     1.11   0.271    -5.31e-06    .0000185
 L16treat_p1 |  -5.28e-06   4.78e-06    -1.11   0.274    -.0000149    4.31e-06
 L16treat_p2 |  -1.33e-07   5.07e-06    -0.03   0.979    -.0000103    .0000101
 L16treat_p3 |   7.89e-06   5.83e-06     1.35   0.182    -3.82e-06    .0000196
 L16treat_p4 |  -4.17e-06   4.01e-06    -1.04   0.303    -.0000122    3.89e-06
         one |          0  (omitted)
       _cons |   .0000824   2.38e-07   345.93   0.000      .000082    .0000829
------------------------------------------------------------------------------

Absorbed degrees of freedom:
-----------------------------------------------------------+
       Absorbed FE | Categories  - Redundant  = Num. Coefs |
-------------------+---------------------------------------|
      wagebinstate |      5967        5967           0    *|
   wagequarterdate |     10881           1       10880     |
        postcont_m |         7           1           6     |
         precont_m |         4           1           3    ?|
       earlycont_m |         4           1           3    ?|
        postcont_p |         7           1           6    ?|
         precont_p |         4           1           3    ?|
       earlycont_p |         4           1           3    ?|
 one#c.F12treat_m4 |         1           0           1    ?|
 one#c.F12treat_m3 |         1           0           1    ?|
 one#c.F12treat_m2 |         1           0           1    ?|
 one#c.F12treat_m1 |         1           0           1    ?|
 one#c.F12treat_p0 |         1           0           1    ?|
 one#c.F12treat_p1 |         1           0           1    ?|
 one#c.F12treat_p2 |         1           0           1    ?|
 one#c.F12treat_p3 |         1           0           1    ?|
 one#c.F12treat_p4 |         1           0           1    ?|
  one#c.F8treat_m4 |         1           0           1    ?|
  one#c.F8treat_m3 |         1           0           1    ?|
  one#c.F8treat_m2 |         1           0           1    ?|
  one#c.F8treat_m1 |         1           0           1    ?|
  one#c.F8treat_p0 |         1           0           1    ?|
  one#c.F8treat_p1 |         1           0           1    ?|
  one#c.F8treat_p2 |         1           0           1    ?|
  one#c.F8treat_p3 |         1           0           1    ?|
  one#c.F8treat_p4 |         1           0           1    ?|
       postcontf_m |         4           1           3    ?|
        precontf_m |         3           1           2    ?|
      earlycontf_m |         3           1           2    ?|
       postcontf_p |         4           1           3    ?|
        precontf_p |         3           1           2    ?|
      earlycontf_p |         3           1           2    ?|
   one#c.window_m4 |         1           0           1    ?|
   one#c.window_m3 |         1           0           1    ?|
   one#c.window_m2 |         1           0           1    ?|
   one#c.window_m1 |         1           0           1    ?|
   one#c.window_p0 |         1           0           1    ?|
   one#c.window_p1 |         1           0           1    ?|
   one#c.window_p2 |         1           0           1    ?|
   one#c.window_p3 |         1           0           1    ?|
   one#c.window_p4 |         1           0           1    ?|
-----------------------------------------------------------+
? = number of redundant parameters may be higher
* = FE nested within cluster; treated as redundant for DoF computation
file /Users/brycewang/Documents/GitHub/top5-Econ-Paper-Replications/QJE2019-Min
> imum-Wages-Low-Wage-Jobs/Results/estimates/ind_manuf_overallafter_stateonly_1
> _ind_manuf_overall_19922016_aggcont_A_1612.ster saved
  118

 ( 1)  110.9714*treat_m4 + 110.9714*treat_m3 + 110.9714*treat_m2 +
       110.9714*treat_m1 + 110.9714*L4treat_m4 + 110.9714*L4treat_m3 +
       110.9714*L4treat_m2 + 110.9714*L4treat_m1 + 110.9714*L8treat_m4 +
       110.9714*L8treat_m3 + 110.9714*L8treat_m2 + 110.9714*L8treat_m1 +
       110.9714*L12treat_m4 + 110.9714*L12treat_m3 + 110.9714*L12treat_m2 +
       110.9714*L12treat_m1 + 110.9714*L16treat_m4 + 110.9714*L16treat_m3 +
       110.9714*L16treat_m2 + 110.9714*L16treat_m1 = 0

------------------------------------------------------------------------------
ind_manuf_~c | Coefficient  Std. err.      t    P>|t|     [95% conf. interval]
-------------+----------------------------------------------------------------
         (1) |  -.0165554   .0081643    -2.03   0.048    -.0329539   -.0001568
------------------------------------------------------------------------------

added macro:
           e(below_Eb) : "-0.017**"

added macro:
          e(below_Ese) : "(0.008)"

 ( 1)  110.9714*treat_p0 + 110.9714*treat_p1 + 110.9714*treat_p2 +
       110.9714*treat_p3 + 110.9714*treat_p4 + 110.9714*L4treat_p0 +
       110.9714*L4treat_p1 + 110.9714*L4treat_p2 + 110.9714*L4treat_p3 +
       110.9714*L4treat_p4 + 110.9714*L8treat_p0 + 110.9714*L8treat_p1 +
       110.9714*L8treat_p2 + 110.9714*L8treat_p3 + 110.9714*L8treat_p4 +
       110.9714*L12treat_p0 + 110.9714*L12treat_p1 + 110.9714*L12treat_p2 +
       110.9714*L12treat_p3 + 110.9714*L12treat_p4 + 110.9714*L16treat_p0 +
       110.9714*L16treat_p1 + 110.9714*L16treat_p2 + 110.9714*L16treat_p3 +
       110.9714*L16treat_p4 = 0

------------------------------------------------------------------------------
ind_manuf_~c | Coefficient  Std. err.      t    P>|t|     [95% conf. interval]
-------------+----------------------------------------------------------------
         (1) |   .0114903   .0085581     1.34   0.185    -.0056992    .0286798
------------------------------------------------------------------------------

added macro:
           e(above_Eb) : "0.011"

added macro:
          e(above_Ese) : "(0.009)"

 ( 1)  2208.768*treat_m4 + 2208.768*treat_m3 + 2208.768*treat_m2 +
       2208.768*treat_m1 + 2208.768*treat_p0 + 2208.768*treat_p1 +
       2208.768*treat_p2 + 2208.768*treat_p3 + 2208.768*treat_p4 +
       2208.768*L4treat_m4 + 2208.768*L4treat_m3 + 2208.768*L4treat_m2 +
       2208.768*L4treat_m1 + 2208.768*L4treat_p0 + 2208.768*L4treat_p1 +
       2208.768*L4treat_p2 + 2208.768*L4treat_p3 + 2208.768*L4treat_p4 +
       2208.768*L8treat_m4 + 2208.768*L8treat_m3 + 2208.768*L8treat_m2 +
       2208.768*L8treat_m1 + 2208.768*L8treat_p0 + 2208.768*L8treat_p1 +
       2208.768*L8treat_p2 + 2208.768*L8treat_p3 + 2208.768*L8treat_p4 +
       2208.768*L12treat_m4 + 2208.768*L12treat_m3 + 2208.768*L12treat_m2 +
       2208.768*L12treat_m1 + 2208.768*L12treat_p0 + 2208.768*L12treat_p1 +
       2208.768*L12treat_p2 + 2208.768*L12treat_p3 + 2208.768*L12treat_p4 +
       2208.768*L16treat_m4 + 2208.768*L16treat_m3 + 2208.768*L16treat_m2 +
       2208.768*L16treat_m1 + 2208.768*L16treat_p0 + 2208.768*L16treat_p1 +
       2208.768*L16treat_p2 + 2208.768*L16treat_p3 + 2208.768*L16treat_p4 = 0

------------------------------------------------------------------------------
ind_manuf_~c | Coefficient  Std. err.      t    P>|t|     [95% conf. interval]
-------------+----------------------------------------------------------------
         (1) |   -.100815   .1452064    -0.69   0.491    -.3924707    .1908407
------------------------------------------------------------------------------

added macro:
        e(bunching_Eb) : "-0.101"

added macro:
       e(bunching_Ese) : "(0.145)"

 ( 1)  1131.935*treat_m4 + 1131.935*treat_m3 + 1131.935*treat_m2 +
       1131.935*treat_m1 + 1131.935*treat_p0 + 1131.935*treat_p1 +
       1131.935*treat_p2 + 1131.935*treat_p3 + 1131.935*treat_p4 +
       1131.935*L4treat_m4 + 1131.935*L4treat_m3 + 1131.935*L4treat_m2 +
       1131.935*L4treat_m1 + 1131.935*L4treat_p0 + 1131.935*L4treat_p1 +
       1131.935*L4treat_p2 + 1131.935*L4treat_p3 + 1131.935*L4treat_p4 +
       1131.935*L8treat_m4 + 1131.935*L8treat_m3 + 1131.935*L8treat_m2 +
       1131.935*L8treat_m1 + 1131.935*L8treat_p0 + 1131.935*L8treat_p1 +
       1131.935*L8treat_p2 + 1131.935*L8treat_p3 + 1131.935*L8treat_p4 +
       1131.935*L12treat_m4 + 1131.935*L12treat_m3 + 1131.935*L12treat_m2 +
       1131.935*L12treat_m1 + 1131.935*L12treat_p0 + 1131.935*L12treat_p1 +
       1131.935*L12treat_p2 + 1131.935*L12treat_p3 + 1131.935*L12treat_p4 +
       1131.935*L16treat_m4 + 1131.935*L16treat_m3 + 1131.935*L16treat_m2 +
       1131.935*L16treat_m1 + 1131.935*L16treat_p0 + 1131.935*L16treat_p1 +
       1131.935*L16treat_p2 + 1131.935*L16treat_p3 + 1131.935*L16treat_p4 = 0

------------------------------------------------------------------------------
ind_manuf_~c | Coefficient  Std. err.      t    P>|t|     [95% conf. interval]
-------------+----------------------------------------------------------------
         (1) |   -.051665   .0744145    -0.69   0.491    -.2011309    .0978008
------------------------------------------------------------------------------

added macro:
       e(bunchelas_Eb) : "-0.052"

added macro:
      e(bunchelas_Ese) : "(0.074)"

       _nl_1: ((((((_b[treat_m1])*(8.864712118984865-1) ) + ((_b[treat_m2])*(8.
> 864712118984865-2) ) + ((_b[treat_m3])*(8.864712118984865-3) ) + ((_b[treat_m
> 4])*(8.864712118984865-4) ) + ((_b[L4treat_m1])*(8.864712118984865-1) ) + ((_
> b[L4treat_m2])*(8.864712118984865-2)) + ((_b[L4treat_m3])*(8.864712118984865-
> 3)) + ((_b[L4treat_m4])*(8.864712118984865-4)) + ((_b[L8treat_m1])*(8.8647121
> 18984865-1) ) + ((_b[L8treat_m2])*(8.864712118984865-2)) + ((_b[L8treat_m3])*
> (8.864712118984865-3)) + ((_b[L8treat_m4])*(8.864712118984865-4)) + ((_b[L12t
> reat_m1])*(8.864712118984865-1) ) + ((_b[L12treat_m2])*(8.864712118984865-2))
>  + ((_b[L12treat_m3])*(8.864712118984865-3)) + ((_b[L12treat_m4])*(8.86471211
> 8984865-4)) + ((_b[L16treat_m1])*(8.864712118984865-1) ) + ((_b[L16treat_m2])
> *(8.864712118984865-2)) + ((_b[L16treat_m3])*(8.864712118984865-3)) + ((_b[L1
> 6treat_m4])*(8.864712118984865-4))+((_b[treat_p0])*(8.864712118984865+0)) + (
> (_b[treat_p1])*(8.864712118984865+1) ) + ((_b[treat_p2])*(8.864712118984865+2
> ) ) + ((_b[treat_p3])*(8.864712118984865+3) ) + ((_b[treat_p4])*(8.8647121189
> 84865+4) ) + ((_b[L4treat_p0])*(8.864712118984865+0)) + ((_b[L4treat_p1])*(8.
> 864712118984865+1)) + ((_b[L4treat_p2])*(8.864712118984865+2)) + ((_b[L4treat
> _p3])*(8.864712118984865+3)) + ((_b[L4treat_p4])*(8.864712118984865+4)) + ((_
> b[L8treat_p0])*(8.864712118984865+0)) + ((_b[L8treat_p1])*(8.864712118984865+
> 1)) + ((_b[L8treat_p2])*(8.864712118984865+2)) + ((_b[L8treat_p3])*(8.8647121
> 18984865+3)) + ((_b[L8treat_p4])*(8.864712118984865+4)) + ((_b[L12treat_p0])*
> (8.864712118984865+0)) + ((_b[L12treat_p1])*(8.864712118984865+1)) + ((_b[L12
> treat_p2])*(8.864712118984865+2)) + ((_b[L12treat_p3])*(8.864712118984865+3))
>  + ((_b[L12treat_p4])*(8.864712118984865+4)) + ((_b[L16treat_p0])*(8.86471211
> 8984865+0)) + ((_b[L16treat_p1])*(8.864712118984865+1)) + ((_b[L16treat_p2])*
> (8.864712118984865+2)) + ((_b[L16treat_p3])*(8.864712118984865+3)) + ((_b[L16
> treat_p4])*(8.864712118984865+4)))*(4*.2)/.0026815879875757 ) - ((((_b[treat_
> m1] ) + (_b[treat_m2] ) + (_b[treat_m3] ) + (_b[treat_m4] ) + (_b[L4treat_m1]
> ) + (_b[L4treat_m2]) + (_b[L4treat_m3]) + (_b[L4treat_m4]) + (_b[L8treat_m1])
>  + (_b[L8treat_m2]) + (_b[L8treat_m3]) + (_b[L8treat_m4]) + (_b[L12treat_m1])
>  + (_b[L12treat_m2]) + (_b[L12treat_m3]) + (_b[L12treat_m4]) + (_b[L16treat_m
> 1]) + (_b[L16treat_m2]) + (_b[L16treat_m3]) + (_b[L16treat_m4]) + (_b[treat_p
> 0]) + (_b[treat_p1] ) + (_b[treat_p2] ) + (_b[treat_p3] ) + (_b[treat_p4] ) +
>  (_b[L4treat_p0]) + (_b[L4treat_p1]) + (_b[L4treat_p2]) + (_b[L4treat_p3]) + 
> (_b[L4treat_p4]) + (_b[L8treat_p0]) + (_b[L8treat_p1]) + (_b[L8treat_p2]) + (
> _b[L8treat_p3]) + (_b[L8treat_p4]) + (_b[L12treat_p0]) + (_b[L12treat_p1]) + 
> (_b[L12treat_p2]) + (_b[L12treat_p3]) + (_b[L12treat_p4]) + (_b[L16treat_p0])
>  + (_b[L16treat_p1]) + (_b[L16treat_p2]) + (_b[L16treat_p3]) + (_b[L16treat_p
> 4]))*(4*.2)*(1/.0072090678211054))/.0502412917331077))) / (1+((((_b[treat_m1]
>  ) + (_b[treat_m2] ) + (_b[treat_m3] ) + (_b[treat_m4] ) + (_b[L4treat_m1]) +
>  (_b[L4treat_m2]) + (_b[L4treat_m3]) + (_b[L4treat_m4]) + (_b[L8treat_m1]) + 
> (_b[L8treat_m2]) + (_b[L8treat_m3]) + (_b[L8treat_m4]) + (_b[L12treat_m1]) + 
> (_b[L12treat_m2]) + (_b[L12treat_m3]) + (_b[L12treat_m4]) + (_b[L16treat_m1])
>  + (_b[L16treat_m2]) + (_b[L16treat_m3]) + (_b[L16treat_m4]) + (_b[treat_p0])
>  + (_b[treat_p1] ) + (_b[treat_p2] ) + (_b[treat_p3] ) + (_b[treat_p4] ) + (_
> b[L4treat_p0]) + (_b[L4treat_p1]) + (_b[L4treat_p2]) + (_b[L4treat_p3]) + (_b
> [L4treat_p4]) + (_b[L8treat_p0]) + (_b[L8treat_p1]) + (_b[L8treat_p2]) + (_b[
> L8treat_p3]) + (_b[L8treat_p4]) + (_b[L12treat_p0]) + (_b[L12treat_p1]) + (_b
> [L12treat_p2]) + (_b[L12treat_p3]) + (_b[L12treat_p4]) + (_b[L16treat_p0]) + 
> (_b[L16treat_p1]) + (_b[L16treat_p2]) + (_b[L16treat_p3]) + (_b[L16treat_p4])
> )*(4*.2)*(1/.0072090678211054))/.0502412917331077))

------------------------------------------------------------------------------
ind_manuf_~c | Coefficient  Std. err.      z    P>|z|     [95% conf. interval]
-------------+----------------------------------------------------------------
       _nl_1 |   .0727671   .0776882     0.94   0.349     -.079499    .2250331
------------------------------------------------------------------------------

added macro:
              e(WB_Eb) : "0.073"

added macro:
             e(WB_Ese) : "(0.078)"

       _nl_1: ((((_b[treat_m1] ) + (_b[treat_m2] ) + (_b[treat_m3] ) + (_b[trea
> t_m4] ) + (_b[L4treat_m1]) + (_b[L4treat_m2]) + (_b[L4treat_m3]) + (_b[L4trea
> t_m4]) + (_b[L8treat_m1]) + (_b[L8treat_m2]) + (_b[L8treat_m3]) + (_b[L8treat
> _m4]) + (_b[L12treat_m1]) + (_b[L12treat_m2]) + (_b[L12treat_m3]) + (_b[L12tr
> eat_m4]) + (_b[L16treat_m1]) + (_b[L16treat_m2]) + (_b[L16treat_m3]) + (_b[L1
> 6treat_m4]) + (_b[treat_p0]) + (_b[treat_p1] ) + (_b[treat_p2] ) + (_b[treat_
> p3] ) + (_b[treat_p4] ) + (_b[L4treat_p0]) + (_b[L4treat_p1]) + (_b[L4treat_p
> 2]) + (_b[L4treat_p3]) + (_b[L4treat_p4]) + (_b[L8treat_p0]) + (_b[L8treat_p1
> ]) + (_b[L8treat_p2]) + (_b[L8treat_p3]) + (_b[L8treat_p4]) + (_b[L12treat_p0
> ]) + (_b[L12treat_p1]) + (_b[L12treat_p2]) + (_b[L12treat_p3]) + (_b[L12treat
> _p4]) + (_b[L16treat_p0]) + (_b[L16treat_p1]) + (_b[L16treat_p2]) + (_b[L16tr
> eat_p3]) + (_b[L16treat_p4]))*(4*.2)*(1/.0072090678211054))/.0502412917331077
> ) / (((((((_b[treat_m1])*(8.864712118984865-1) ) + ((_b[treat_m2])*(8.8647121
> 18984865-2) ) + ((_b[treat_m3])*(8.864712118984865-3) ) + ((_b[treat_m4])*(8.
> 864712118984865-4) ) + ((_b[L4treat_m1])*(8.864712118984865-1) ) + ((_b[L4tre
> at_m2])*(8.864712118984865-2)) + ((_b[L4treat_m3])*(8.864712118984865-3)) + (
> (_b[L4treat_m4])*(8.864712118984865-4)) + ((_b[L8treat_m1])*(8.86471211898486
> 5-1) ) + ((_b[L8treat_m2])*(8.864712118984865-2)) + ((_b[L8treat_m3])*(8.8647
> 12118984865-3)) + ((_b[L8treat_m4])*(8.864712118984865-4)) + ((_b[L12treat_m1
> ])*(8.864712118984865-1) ) + ((_b[L12treat_m2])*(8.864712118984865-2)) + ((_b
> [L12treat_m3])*(8.864712118984865-3)) + ((_b[L12treat_m4])*(8.864712118984865
> -4)) + ((_b[L16treat_m1])*(8.864712118984865-1) ) + ((_b[L16treat_m2])*(8.864
> 712118984865-2)) + ((_b[L16treat_m3])*(8.864712118984865-3)) + ((_b[L16treat_
> m4])*(8.864712118984865-4))+((_b[treat_p0])*(8.864712118984865+0)) + ((_b[tre
> at_p1])*(8.864712118984865+1) ) + ((_b[treat_p2])*(8.864712118984865+2) ) + (
> (_b[treat_p3])*(8.864712118984865+3) ) + ((_b[treat_p4])*(8.864712118984865+4
> ) ) + ((_b[L4treat_p0])*(8.864712118984865+0)) + ((_b[L4treat_p1])*(8.8647121
> 18984865+1)) + ((_b[L4treat_p2])*(8.864712118984865+2)) + ((_b[L4treat_p3])*(
> 8.864712118984865+3)) + ((_b[L4treat_p4])*(8.864712118984865+4)) + ((_b[L8tre
> at_p0])*(8.864712118984865+0)) + ((_b[L8treat_p1])*(8.864712118984865+1)) + (
> (_b[L8treat_p2])*(8.864712118984865+2)) + ((_b[L8treat_p3])*(8.86471211898486
> 5+3)) + ((_b[L8treat_p4])*(8.864712118984865+4)) + ((_b[L12treat_p0])*(8.8647
> 12118984865+0)) + ((_b[L12treat_p1])*(8.864712118984865+1)) + ((_b[L12treat_p
> 2])*(8.864712118984865+2)) + ((_b[L12treat_p3])*(8.864712118984865+3)) + ((_b
> [L12treat_p4])*(8.864712118984865+4)) + ((_b[L16treat_p0])*(8.864712118984865
> +0)) + ((_b[L16treat_p1])*(8.864712118984865+1)) + ((_b[L16treat_p2])*(8.8647
> 12118984865+2)) + ((_b[L16treat_p3])*(8.864712118984865+3)) + ((_b[L16treat_p
> 4])*(8.864712118984865+4)))*(4*.2)/.0026815879875757 ) - ((((_b[treat_m1] ) +
>  (_b[treat_m2] ) + (_b[treat_m3] ) + (_b[treat_m4] ) + (_b[L4treat_m1]) + (_b
> [L4treat_m2]) + (_b[L4treat_m3]) + (_b[L4treat_m4]) + (_b[L8treat_m1]) + (_b[
> L8treat_m2]) + (_b[L8treat_m3]) + (_b[L8treat_m4]) + (_b[L12treat_m1]) + (_b[
> L12treat_m2]) + (_b[L12treat_m3]) + (_b[L12treat_m4]) + (_b[L16treat_m1]) + (
> _b[L16treat_m2]) + (_b[L16treat_m3]) + (_b[L16treat_m4]) + (_b[treat_p0]) + (
> _b[treat_p1] ) + (_b[treat_p2] ) + (_b[treat_p3] ) + (_b[treat_p4] ) + (_b[L4
> treat_p0]) + (_b[L4treat_p1]) + (_b[L4treat_p2]) + (_b[L4treat_p3]) + (_b[L4t
> reat_p4]) + (_b[L8treat_p0]) + (_b[L8treat_p1]) + (_b[L8treat_p2]) + (_b[L8tr
> eat_p3]) + (_b[L8treat_p4]) + (_b[L12treat_p0]) + (_b[L12treat_p1]) + (_b[L12
> treat_p2]) + (_b[L12treat_p3]) + (_b[L12treat_p4]) + (_b[L16treat_p0]) + (_b[
> L16treat_p1]) + (_b[L16treat_p2]) + (_b[L16treat_p3]) + (_b[L16treat_p4]))*(4
> *.2)*(1/.0072090678211054))/.0502412917331077))) / (1+((((_b[treat_m1] ) + (_
> b[treat_m2] ) + (_b[treat_m3] ) + (_b[treat_m4] ) + (_b[L4treat_m1]) + (_b[L4
> treat_m2]) + (_b[L4treat_m3]) + (_b[L4treat_m4]) + (_b[L8treat_m1]) + (_b[L8t
> reat_m2]) + (_b[L8treat_m3]) + (_b[L8treat_m4]) + (_b[L12treat_m1]) + (_b[L12
> treat_m2]) + (_b[L12treat_m3]) + (_b[L12treat_m4]) + (_b[L16treat_m1]) + (_b[
> L16treat_m2]) + (_b[L16treat_m3]) + (_b[L16treat_m4]) + (_b[treat_p0]) + (_b[
> treat_p1] ) + (_b[treat_p2] ) + (_b[treat_p3] ) + (_b[treat_p4] ) + (_b[L4tre
> at_p0]) + (_b[L4treat_p1]) + (_b[L4treat_p2]) + (_b[L4treat_p3]) + (_b[L4trea
> t_p4]) + (_b[L8treat_p0]) + (_b[L8treat_p1]) + (_b[L8treat_p2]) + (_b[L8treat
> _p3]) + (_b[L8treat_p4]) + (_b[L12treat_p0]) + (_b[L12treat_p1]) + (_b[L12tre
> at_p2]) + (_b[L12treat_p3]) + (_b[L12treat_p4]) + (_b[L16treat_p0]) + (_b[L16
> treat_p1]) + (_b[L16treat_p2]) + (_b[L16treat_p3]) + (_b[L16treat_p4]))*(4*.2
> )*(1/.0072090678211054))/.0502412917331077)))

------------------------------------------------------------------------------
ind_manuf_~c | Coefficient  Std. err.      z    P>|z|     [95% conf. interval]
-------------+----------------------------------------------------------------
       _nl_1 |  -1.385448   2.956149    -0.47   0.639    -7.179393    4.408497
------------------------------------------------------------------------------

added macro:
        e(labordem_Eb) : "-1.385"

added macro:
       e(labordem_Ese) : "(2.956)"

added macro:
             e(numobs) : "\multicolumn{1}{c}{        554,931}"

added macro:
           e(numevent) : "\multicolumn{1}{c}{            118}"

added macro:
             e(minwpc) : "0.098"

added macro:
              e(belsh) : "0.050"

added macro:
       e(wagebinstate) : "Y"

added macro:
        e(workercount) : "\multicolumn{1}{c}{        349,749}"

added macro:
      e(wagebinperiod) : "Y"
stored estimates called ta_ind_1992_manuf



(file
    /Users/brycewang/Documents/GitHub/top5-Econ-Paper-Replications/QJE2019-Mi
    > nimum-Wages-Low-Wage-Jobs/Results/Tables/Table3.tex not found)
(output written to /Users/brycewang/Documents/GitHub/top5-Econ-Paper-Replicatio
> ns/QJE2019-Minimum-Wages-Low-Wage-Jobs/Results/Tables/Table3.tex)

. 
end of do-file
