-------------------------------------------------------------------------------
      name:  steplogsmcl
       log:  /Users/brycewang/Documents/GitHub/top5-Econ-Paper-Replications/QJE
> 2019-Minimum-Wages-Low-Wage-Jobs/Results/logs/Table4_for_QJE.log
  log type:  text
 opened on:  17 Sep 2026, 01:24:41

. 
. *This do file is created by DC on 09/07/2017.
. *****************************************************************************
> ***
. ************        Wage estimates using alternative methods         ********
> ***
. *****************************************************************************
> ***
. 
. do "${dofiles}wage_estimate_incum_new_sr.do"

. 
. *This do file is created by DC on 10/07/2016
. 
. 
. *****************************************************************************
> ***
. *****************************************************************************
> ***
. *****************************************************************************
> ***
. 
. 
.                 
. **** DEFINE REGRESSION COMMAND AND CONTROLS *****
. 
.  
. foreach s in 1 {
  2.         global rtype`s' reghdfe
  3. }

. *
. 
. local truewmin = 4

. local truewmax = 4

. local placebo1wmax = 13

. local prevwmax = `placebo1wmax'

. local placebo2wmax = 16

. 
. 
. global a1  i.wagebinstate i.wagequarterdate  // distributional TWFE

. 
. global label1 TWFE

. 
. use "${data}qcew_state_overall_counts_2016.dta", clear

. rename statefips statenum

. gen quarterdate = yq(year, quarter)

. tempfile qcew

. save `qcew'
file /var/folders/bm/2cq1vtmd5wg6k0vdjfpvbmww0000gn/T//St36865.000001 saved
    as .dta format

. 
. 
. 
. treatmentcontrolwindows

. 
. 
. placebowindows1, truewmax(`truewmax') wmax(`placebo1wmax')
Placebo wmin and wmax should not be too far apart.
13 - 5

. 
. placebowindows2, prevwmax(`prevwmax') wmax(`placebo2wmax')
Placebo wmin and wmax should not be too far apart.
16 - 14

. 
. 
. use "${data}state_panels_with3quant1979_matched.dta", clear

. cap drop wagebinstate

. gen wagebinstate =  wagebinstateprev

. 
. merge m:1 statenum quarterdate using `qcew', keep(1 3)
(variable quarterdate was int, now float to accommodate using data's values)

    Result                      Number of obs
    -----------------------------------------
    Not matched                             0
    Matched                         1,634,958  (_merge==3)
    -----------------------------------------

. cap drop multiplier

. gen multiplier = emp/mt_countall

. replace multiplier = 1 if multiplier==0
(1,872 real changes made)

. 
. foreach Y in   m_ mt_   { 
  2. replace `Y'count = `Y'count*multiplier
  3. replace `Y'overallcountpc = `Y'overallcountpc*multiplier
  4. replace `Y'overallcountpcall = `Y'overallcountpcall *multiplier
  5. replace `Y'countall = `Y'countall*multiplier
  6. }
(537,767 real changes made)
(537,767 real changes made)
(1,633,086 real changes made)
(1,633,086 real changes made)
(927,482 real changes made)
(927,482 real changes made)
(1,633,086 real changes made)
(1,633,086 real changes made)

. 
. 
. abovebelowbunch

. 
. abovebelowfull
Make sure that belowL16 and aboveL16 exists. Otherwise the program does not wor
> k. Assertion will be false.

. 
. 
. *****************************************************************************
> ***
. ***********************           Weights           *************************
> ***
. *****************************************************************************
> ***
. 
. foreach Y in   overall { 
  2.         foreach b of numlist  1979{
  3.                                         global weightm_`Y'`b' "[aw=wt`Y'`b
> ']" 
  4.                                         global weightmt_`Y'`b' "[aw=wt`Y'`
> b']" 
  5.                                         }
  6. }  

. *
. 
. 
. *****************************************************************************
> ***
. **************     Sample and Control Specific Macros           *************
> ***
. *****************************************************************************
> ***
. 
. 
. local limittreat "_stateonly"

. 
. 
. xtset wagebinstateprev quarterdate

Panel variable: wagebinstateprev (strongly balanced)
 Time variable: quarterdate, 80 to 227, but with gaps
         Delta: 1 unit

. 
. 
. 
. *****************************************************************************
> ***
. **************      To name the graph              **************************
> ***
. *****************************************************************************
> ***
. 
. if "${disagg}" == "Y"{
. local temp1 "disaggcont"
. }

. else{
. local temp1 "aggcont"
. }

. 
. if "$controlmethod" == "Linear"{
. local temp2 "L"
. }

. else{
. if "$controlmethod" == "None"{
. local temp1 "nocont"
. }
. else{
. local temp2 "A"
. }
. }

. cap drop one

. cap drop counter

. g one =1        

. gen counter = ((_n-1)*4) - $Tmin if _n<=8
(1,634,950 missing values generated)

. 
. 
.         
. *****************************************************************************
> ***
. ***************          Useful to Find Below Share Wages               *****
> ***
. *****************************************************************************
> ***
. 
. cap drop statequarterdate

. egen statequarterdate = group(state quarterdate)

. sort emp_prev statequarterdate wagebins

. 
. 
. foreach vv in mt_ m_ {
  2. 
. cap drop `vv'overallWB*
  3. g `vv'overallWBFH = wagebins*`vv'count/(100)
  4. g `vv'overallWBpcFH = wagebins*`vv'count/(100*population)
  5. 
. cap drop `vv'overallWBpcrsumFH
  6. g `vv'overallWBpcrsumFH=0
  7. replace `vv'overallWBpcrsumFH = `vv'overallWBpcFH if wagebins==100
  8. replace `vv'overallWBpcrsumFH = `vv'overallWBpcrsumFH[_n-1] + `vv'overallW
> BpcFH if wagebins>100
  9.         
. cap drop `vv'overallcountpcrsum
 10. g `vv'overallcountpcrsum=0
 11. replace `vv'overallcountpcrsum = `vv'overallcountpc if wagebins==100
 12. replace `vv'overallcountpcrsum = `vv'overallcountpcrsum[_n-1] + `vv'overal
> lcountpc if wagebins>100
 13. }       
(2,322 real changes made)
(1,510,070 real changes made)
(2,322 real changes made)
(1,510,070 real changes made)
(1,237 real changes made)
(1,435,898 real changes made)
(1,237 real changes made)
(1,435,898 real changes made)

. *       
. 
. *Sanity check.
. 
. sort statequarterdate wagebins emp_prev 

. 
. assert mt_overallcountpcrsum == mt_overallcountpcrsum[_n-1] if statequarterda
> te== statequarterdate[_n-1] & wagebins == wagebins[_n-1] & emp_prev!=emp_prev
> [_n-1]

. 
. *****************************************************************************
> *** 
. **********************       REGRESSIONS AND FIGURES        *****************
> ***
. *****************************************************************************
> ***
. xtset wagebinstateprev quarterdate

Panel variable: wagebinstateprev (strongly balanced)
 Time variable: quarterdate, 80 to 227, but with gaps
         Delta: 1 unit

. *Because the data is long.
. 
. 
. compress
  variable quarterdate was float now int
  variable wagebinstate was float now int
  variable one was float now byte
  variable counter was float now byte
  variable statequarterdate was float now int
  (19,619,496 bytes saved)

. 
. local if1 "& emp_prev==1"

. local if2 "& emp_prev==0"

. local if3 "& emp_prev==1"                                                    
>                                                            // In the third ca
> se, it does not matter whether emp_prev==1 or emp_prev==0.

. local Ycounter = 0

. foreach Y in   m_overall m_overall  { 
  2. local Ycounter = `Ycounter' + 1
  3. foreach b in    1979 {
  4.                                         ***  define MW change ***
.                                 sum DMW_real if fedincrease!=1 & overallcount
> gr>0 & year>=`b' & cleansample ==1   ${weight`Y'`b'}
  5.                                 local mwc = r(mean)
  6.                                 sum MW_real if  F.fedincrease!=1 & F.overa
> llcountgr>0 & year>=`b' & cleansample ==1   ${weight`Y'`b'}
  7.                                 local mw = r(mean)
  8.                                 local mwpc = `mwc'/`mw'
  9.                                 local mwpc2 : di  %04.3f `mwpc'
 10. 
.                                 sum `Y'countpcall if ((F.fedincrease != 1 & F
> .fedincrease != . & F.overallcountgr>0 & F.overallcountgr!=. ) | ///
>                                 (F2.fedincrease != 1 & F2.overallcountgr>0 & 
> F2.fedincrease != . & F2.overallcountgr!=. ) ///
>                                 | (F3.fedincrease != 1 & F3.overallcountgr>0 
> & F3.fedincrease != . & F3.overallcountgr!=. ) ///
>                                 | (F4.fedincrease != 1 & F4.overallcountgr>0 
> & F4.fedincrease != . & F4.overallcountgr!=. ) ) & year>=`b' & cleansample ==
> 1     `if`Ycounter''   ///
>                                  ${weight`Y'`b'}                 // CHECK THI
> S  2/2/16
 11. 
.                                 local epop = r(mean)
 12.                                 global E = `epop'
 13.                                         
.                                 global C = 1/(`epop'*`mwpc')
 14.                         
.                         
.                                 *Below share
.                                 
.                                 sum `Y'countpcrsum if ( F.fedincrease!=1 & F.
> overallcountgr>0 & F.fedincrease!=. & F.overallcountgr!=.  & (wagebins+25)/10
> 0==F1MW_realM25) | ///
>                                  ( F2.fedincrease!=1 & F2.overallcountgr>0 & 
> F2.fedincrease!=. & F2.overallcountgr!=. & (wagebins+25)/100==F2MW_realM25 ) 
> | ///
>                                 ( F3.fedincrease!=1 & F3.overallcountgr>0 & F
> 3.fedincrease!=. & F3.overallcountgr!=.  & (wagebins+25)/100==F3MW_realM25) |
>  ///
>                                  ( F4.fedincrease!=1 & F4.overallcountgr>0 & 
> F4.fedincrease!=. & F4.overallcountgr!=. & (wagebins+25)/100==F4MW_realM25 ) 
> ///
>                                 & year>=`b' & cleansample ==1   `if`Ycounter'
> '    ${weight`Y'`b'}                                       
 15.                                 
.                                                                 
.                                 global B = r(mean)/${E}
 16.                                 local belsh2 : di  %04.3f $B
 17. 
.                                 *Affected share
.                                 
.                                 sum `Y'countpcrsum if (  F.fedincrease!=1 & F
> .overallcountgr>0 & F.fedincrease!=. & F.overallcountgr!=.  & (wagebins)/100=
> =MW_realM25) | ///
>                                  ( F2.fedincrease!=1 & F2.overallcountgr>0 & 
> F2.fedincrease!=. & F2.overallcountgr!=. & (wagebins)/100==MW_realM25 ) | ///
>                                 ( F3.fedincrease!=1 & F3.overallcountgr>0 & F
> 3.fedincrease!=. & F3.overallcountgr!=.  & (wagebins)/100==MW_realM25) | ///
>                                  ( F4.fedincrease!=1 & F4.overallcountgr>0 & 
> F4.fedincrease!=. & F4.overallcountgr!=. & (wagebins)/100==MW_realM25 ) ///
>                                 & year>=1979 & cleansample ==1    ${weight`Y'
> `b'}                       
 18.                                 
.                                 global AS`Y' = $B - (r(mean)/${E})
 19.                                 local affsh`Y' : di  %04.3f ${AS`Y'}
 20.                                 
.                                 
.                                 
.                                 *********************************************
> *******************
.                                 *************    Wagebill related globals    
>    ****************
.                                 *********************************************
> *******************
.                                 
.                                 sum `Y'WBpcrsumFH if (  F.fedincrease!=1 & F.
> overallcountgr>0 & F.fedincrease!=. & F.overallcountgr!=.   & (wagebins+25)/1
> 00==F1MW_realM25) | ///
>                                  (F2.fedincrease!=1 & F2.overallcountgr>0 & F
> 2.fedincrease!=. & F2.overallcountgr!=. & (wagebins+25)/100==F2MW_realM25 ) |
>  ///
>                                 (F3.fedincrease!=1 & F3.overallcountgr>0 & F3
> .fedincrease!=. & F3.overallcountgr!=.  & (wagebins+25)/100==F3MW_realM25) | 
> ///
>                                  (  F4.fedincrease!=1 & F4.overallcountgr>0 &
>  F4.fedincrease!=. & F4.overallcountgr!=.  & (wagebins+25)/100==F4MW_realM25 
> ) ///
>                                 & year>=`b' & cleansample ==1   `if`Ycounter'
> '  ${weight`Y'`b'}                 
 21.                                         
.                                 global EWB = r(mean)
 22.                                 local EWB2 : di  %04.3f $EWB
 23.                                 
.                                 cap drop tempweight     
 24.                                 global CWB = 1/(${EWB}*`mwpc')
 25. 
.                                 sum wagebins if treat_p0 == 1  & year>=`b' & 
> cleansample ==1   ${weight`Y'`b'}, meanonly
 26.                                 global wagemult = r(mean)/100
 27.                                 
.                                 
.                                 *We have to do this here because multipliers 
> are calculated in the loop.
.                                 
.                                 abovebelowWBbunch,wagemult(${wagemult})
 28.                                 abovebelowWBfull
 29.                                 
.                         
.                                 foreach s in  1    {            
 30.                                 
. 
.                                 est use "${estimates}`Y'`Ycounter'pl0after`li
> mitsample'`limittreat'_`s'_`Y'_`b'_`temp1'_`temp2'_${Tmax}${Tmin}"
 31.                                 local dof = e(df_r)
 32. 
.                         *****************************************************
> ***************
.                         ****************          Table           ***********
> ***************
.                         *****************************************************
> ***************
. 
.                         *Method 1
. 
.                         est use "${estimates}`Y'`Ycounter'pl0after`limitsampl
> e'`limittreat'_`s'_`Y'_`b'_`temp1'_`temp2'_${Tmax}${Tmin}"
 33.                         
.                         abovebelowfull, tmax(0)
 34.                         abovebelowWBfull, tmax(0)
 35.                         local denominator = 1
 36. 
.                         nlcomestadd ((((${belowWB_full}+${aboveWB_full})*(4*`
> denominator')/$EWB ) - ///
>                         (((${below_full} + ${above_full})*(4*`denominator')*(
> 1/${E}))/${B}))) / ///
>                         (1+(((${below_full} + ${above_full})*(4*`denominator'
> )*(1/${E}))/${B}))         , statname(WB_E)  dof(`dof')                      
>               // Multiplying by 4 because bins are in 25 cent precision. To a
> verage by time, dividing by 5.
 37.                         eststo m`Ycounter'_2
 38. 
.                         *Method 3
.                         est use "${estimates}`Y'`Ycounter'pl0after`limitsampl
> e'`limittreat'_`s'_`Y'_`b'_`temp1'_`temp2'_${Tmax}${Tmin}"
 39.                         abovebelowWBbunch_alt, secondmethod(Y) tmax(0)
 40.                         abovebelowWBfull_alt,  secondmethod(Y) tmax(0)
 41.                         nlcomestadd ((${aboveWB_fullY})/${EWB})*(4*`denomi
> nator'), statname(WB_E) dof(`dof') 
 42.                         eststo m`Ycounter'_3
 43.                         
.                         est use "${estimates}`Y'`Ycounter'pl0after`limitsampl
> e'`limittreat'_`s'_`Y'_`b'_`temp1'_`temp2'_${Tmax}${Tmin}"
 44.                         nlcom (a1:((((${belowWB_full}+${aboveWB_full})*(4*
> `denominator')/$EWB ) - ///
>                         (((${below_full} + ${above_full})*(4*`denominator')*(
> 1/${E}))/${B}))) / ///
>                         (1+(((${below_full} + ${above_full})*(4*`denominator'
> )*(1/${E}))/${B}))) (a2:((${aboveWB_fullY})/${EWB})*(4*`denominator')), post
 45.                         nlcomestadd    1-(_b[a2]/_b[a1])  , statname(WB_E)
>  dof(`dof') 
 46.                         eststo m`Ycounter'_spill
 47.                         
.                         
.                         
.                         
.                         }
 48.                 }
 49. }

    Variable |     Obs      Weight        Mean   Std. dev.       Min        Max
-------------+-----------------------------------------------------------------
    DMW_real |  31,824  1.7147e+11    .7965377   .3997187   .2514448   2.193727

    Variable |     Obs      Weight        Mean   Std. dev.       Min        Max
-------------+-----------------------------------------------------------------
     MW_real |  55,224  2.7285e+11     7.75267   .9086818   6.075942   11.42869

    Variable |     Obs      Weight        Mean   Std. dev.       Min        Max
-------------+-----------------------------------------------------------------
m_overallc~l |  61,074  3.2826e+11    .5203961   .0603491   .3950293   1.361582

    Variable |     Obs      Weight        Mean   Std. dev.       Min        Max
-------------+-----------------------------------------------------------------
m_overallc~m |     922  4.9620e+09    .0219591   .0136942          0   .1444634

    Variable |     Obs      Weight        Mean   Std. dev.       Min        Max
-------------+-----------------------------------------------------------------
m_overallc~m |   1,044  5.6112e+09    .0148988    .011067          0   .1211094

    Variable |     Obs      Weight        Mean   Std. dev.       Min        Max
-------------+-----------------------------------------------------------------
m_overal~mFH |     922  4.9620e+09    .1563694   .1073251          0   1.468724
Make sure that belowL16 and aboveL16 exists. Otherwise the program does not wor
> k. Assertion will be false.
Make sure that belowL0 and aboveL0 exists. Otherwise the program does not work.
>  Assertion will be false.
Make sure that belowL0 and aboveL0 exists. Otherwise the program does not work.
>  Assertion will be false.

       _nl_1: ((((((_b[treat_m1])*(8.775185421779385-1) ) + ((_b[treat_m2])*(8.
> 775185421779385-2) ) + ((_b[treat_m3])*(8.775185421779385-3) ) + ((_b[treat_m
> 4])*(8.775185421779385-4) )+((_b[treat_p0])*(8.775185421779385+0)) + ((_b[tre
> at_p1])*(8.775185421779385+1) ) + ((_b[treat_p2])*(8.775185421779385+2) ) + (
> (_b[treat_p3])*(8.775185421779385+3) ) + ((_b[treat_p4])*(8.775185421779385+4
> ) ))*(4*1)/.1563693783081981 ) - ((((_b[treat_m1] ) + (_b[treat_m2] ) + (_b[t
> reat_m3] ) + (_b[treat_m4] ) + (_b[treat_p0]) + (_b[treat_p1] ) + (_b[treat_p
> 2] ) + (_b[treat_p3] ) + (_b[treat_p4] ))*(4*1)*(1/.520396132139206))/.042196
> 8056676894))) / (1+((((_b[treat_m1] ) + (_b[treat_m2] ) + (_b[treat_m3] ) + (
> _b[treat_m4] ) + (_b[treat_p0]) + (_b[treat_p1] ) + (_b[treat_p2] ) + (_b[tre
> at_p3] ) + (_b[treat_p4] ))*(4*1)*(1/.520396132139206))/.0421968056676894))

------------------------------------------------------------------------------
m_overallc~c | Coefficient  Std. err.      z    P>|z|     [95% conf. interval]
-------------+----------------------------------------------------------------
       _nl_1 |   .0953269   .0204039     4.67   0.000      .055336    .1353177
------------------------------------------------------------------------------

added macro:
              e(WB_Eb) : "0.095***"

added macro:
             e(WB_Ese) : "(0.020)"

       _nl_1: (( (         0 + (1*_b[treat_m1]) + (2*_b[treat_m2]) + (3*_b[trea
> t_m3]) + (4*_b[treat_m4]))* (-1) +  (         0 + (2*_b[treat_m1]) + (3*_b[tr
> eat_m2]) + (4*_b[treat_m3]) + (5*_b[treat_m4]))* (0) +  (         0 + (3*_b[t
> reat_m1]) + (4*_b[treat_m2]) + (5*_b[treat_m3]) + (6*_b[treat_m4]))* (0) +  (
>          0 + (4*_b[treat_m1]) + (5*_b[treat_m2]) + (6*_b[treat_m3]) + (7*_b[t
> reat_m4]))* (0) +  (         0 + (5*_b[treat_m1]) + (6*_b[treat_m2]) + (7*_b[
> treat_m3]) + (8*_b[treat_m4]))* (0))/.1563693783081981)*(4*1)

------------------------------------------------------------------------------
m_overallc~c | Coefficient  Std. err.      z    P>|z|     [95% conf. interval]
-------------+----------------------------------------------------------------
       _nl_1 |   .0550861   .0105313     5.23   0.000     .0344452     .075727
------------------------------------------------------------------------------

added macro:
              e(WB_Eb) : "0.055***"

added macro:
             e(WB_Ese) : "(0.011)"

          a1: ((((((_b[treat_m1])*(8.775185421779385-1) ) + ((_b[treat_m2])*(8.
> 775185421779385-2) ) + ((_b[treat_m3])*(8.775185421779385-3) ) + ((_b[treat_m
> 4])*(8.775185421779385-4) )+((_b[treat_p0])*(8.775185421779385+0)) + ((_b[tre
> at_p1])*(8.775185421779385+1) ) + ((_b[treat_p2])*(8.775185421779385+2) ) + (
> (_b[treat_p3])*(8.775185421779385+3) ) + ((_b[treat_p4])*(8.775185421779385+4
> ) ))*(4*1)/.1563693783081981 ) - ((((_b[treat_m1] ) + (_b[treat_m2] ) + (_b[t
> reat_m3] ) + (_b[treat_m4] ) + (_b[treat_p0]) + (_b[treat_p1] ) + (_b[treat_p
> 2] ) + (_b[treat_p3] ) + (_b[treat_p4] ))*(4*1)*(1/.520396132139206))/.042196
> 8056676894))) / (1+((((_b[treat_m1] ) + (_b[treat_m2] ) + (_b[treat_m3] ) + (
> _b[treat_m4] ) + (_b[treat_p0]) + (_b[treat_p1] ) + (_b[treat_p2] ) + (_b[tre
> at_p3] ) + (_b[treat_p4] ))*(4*1)*(1/.520396132139206))/.0421968056676894))
          a2: (( (         0 + (1*_b[treat_m1]) + (2*_b[treat_m2]) + (3*_b[trea
> t_m3]) + (4*_b[treat_m4]))* (-1) +  (         0 + (2*_b[treat_m1]) + (3*_b[tr
> eat_m2]) + (4*_b[treat_m3]) + (5*_b[treat_m4]))* (0) +  (         0 + (3*_b[t
> reat_m1]) + (4*_b[treat_m2]) + (5*_b[treat_m3]) + (6*_b[treat_m4]))* (0) +  (
>          0 + (4*_b[treat_m1]) + (5*_b[treat_m2]) + (6*_b[treat_m3]) + (7*_b[t
> reat_m4]))* (0) +  (         0 + (5*_b[treat_m1]) + (6*_b[treat_m2]) + (7*_b[
> treat_m3]) + (8*_b[treat_m4]))* (0))/.1563693783081981)*(4*1)

------------------------------------------------------------------------------
m_overallc~c | Coefficient  Std. err.      z    P>|z|     [95% conf. interval]
-------------+----------------------------------------------------------------
          a1 |   .0953269   .0204039     4.67   0.000      .055336    .1353177
          a2 |   .0550861   .0105313     5.23   0.000     .0344452     .075727
------------------------------------------------------------------------------

       _nl_1: 1-(_b[a2]/_b[a1])

------------------------------------------------------------------------------
m_overallc~c | Coefficient  Std. err.      z    P>|z|     [95% conf. interval]
-------------+----------------------------------------------------------------
       _nl_1 |   .4221348   .1813675     2.33   0.020     .0666611    .7776085
------------------------------------------------------------------------------

added macro:
              e(WB_Eb) : "0.422**"

added macro:
             e(WB_Ese) : "(0.181)"

    Variable |     Obs      Weight        Mean   Std. dev.       Min        Max
-------------+-----------------------------------------------------------------
    DMW_real |  31,824  1.7147e+11    .7965377   .3997187   .2514448   2.193727

    Variable |     Obs      Weight        Mean   Std. dev.       Min        Max
-------------+-----------------------------------------------------------------
     MW_real |  55,224  2.7285e+11     7.75267   .9086818   6.075942   11.42869

    Variable |     Obs      Weight        Mean   Std. dev.       Min        Max
-------------+-----------------------------------------------------------------
m_overallc~l |  61,074  3.2826e+11    .0505029   .0124317   .0106021   .1746269

    Variable |     Obs      Weight        Mean   Std. dev.       Min        Max
-------------+-----------------------------------------------------------------
m_overallc~m |     922  4.9620e+09    .0194089    .013071          0   .1444634

    Variable |     Obs      Weight        Mean   Std. dev.       Min        Max
-------------+-----------------------------------------------------------------
m_overallc~m |   1,044  5.6112e+09    .0148988    .011067          0   .1211094

    Variable |     Obs      Weight        Mean   Std. dev.       Min        Max
-------------+-----------------------------------------------------------------
m_overal~mFH |     922  4.9620e+09     .139361   .1019401          0   1.468724
Make sure that belowL16 and aboveL16 exists. Otherwise the program does not wor
> k. Assertion will be false.
Make sure that belowL0 and aboveL0 exists. Otherwise the program does not work.
>  Assertion will be false.
Make sure that belowL0 and aboveL0 exists. Otherwise the program does not work.
>  Assertion will be false.

       _nl_1: ((((((_b[treat_m1])*(8.775185421779385-1) ) + ((_b[treat_m2])*(8.
> 775185421779385-2) ) + ((_b[treat_m3])*(8.775185421779385-3) ) + ((_b[treat_m
> 4])*(8.775185421779385-4) )+((_b[treat_p0])*(8.775185421779385+0)) + ((_b[tre
> at_p1])*(8.775185421779385+1) ) + ((_b[treat_p2])*(8.775185421779385+2) ) + (
> (_b[treat_p3])*(8.775185421779385+3) ) + ((_b[treat_p4])*(8.775185421779385+4
> ) ))*(4*1)/.1393609896251478 ) - ((((_b[treat_m1] ) + (_b[treat_m2] ) + (_b[t
> reat_m3] ) + (_b[treat_m4] ) + (_b[treat_p0]) + (_b[treat_p1] ) + (_b[treat_p
> 2] ) + (_b[treat_p3] ) + (_b[treat_p4] ))*(4*1)*(1/.0505029439216276))/.38431
> 31555193845))) / (1+((((_b[treat_m1] ) + (_b[treat_m2] ) + (_b[treat_m3] ) + 
> (_b[treat_m4] ) + (_b[treat_p0]) + (_b[treat_p1] ) + (_b[treat_p2] ) + (_b[tr
> eat_p3] ) + (_b[treat_p4] ))*(4*1)*(1/.0505029439216276))/.3843131555193845))

------------------------------------------------------------------------------
m_overallc~c | Coefficient  Std. err.      z    P>|z|     [95% conf. interval]
-------------+----------------------------------------------------------------
       _nl_1 |   .0191556   .0128279     1.49   0.135    -.0059866    .0442977
------------------------------------------------------------------------------

added macro:
              e(WB_Eb) : "0.019"

added macro:
             e(WB_Ese) : "(0.013)"

       _nl_1: (( (         0 + (1*_b[treat_m1]) + (2*_b[treat_m2]) + (3*_b[trea
> t_m3]) + (4*_b[treat_m4]))* (-1) +  (         0 + (2*_b[treat_m1]) + (3*_b[tr
> eat_m2]) + (4*_b[treat_m3]) + (5*_b[treat_m4]))* (0) +  (         0 + (3*_b[t
> reat_m1]) + (4*_b[treat_m2]) + (5*_b[treat_m3]) + (6*_b[treat_m4]))* (0) +  (
>          0 + (4*_b[treat_m1]) + (5*_b[treat_m2]) + (6*_b[treat_m3]) + (7*_b[t
> reat_m4]))* (0) +  (         0 + (5*_b[treat_m1]) + (6*_b[treat_m2]) + (7*_b[
> treat_m3]) + (8*_b[treat_m4]))* (0))/.1393609896251478)*(4*1)

------------------------------------------------------------------------------
m_overallc~c | Coefficient  Std. err.      z    P>|z|     [95% conf. interval]
-------------+----------------------------------------------------------------
       _nl_1 |   .0225664   .0056574     3.99   0.000     .0114781    .0336547
------------------------------------------------------------------------------

added macro:
              e(WB_Eb) : "0.023***"

added macro:
             e(WB_Ese) : "(0.006)"

          a1: ((((((_b[treat_m1])*(8.775185421779385-1) ) + ((_b[treat_m2])*(8.
> 775185421779385-2) ) + ((_b[treat_m3])*(8.775185421779385-3) ) + ((_b[treat_m
> 4])*(8.775185421779385-4) )+((_b[treat_p0])*(8.775185421779385+0)) + ((_b[tre
> at_p1])*(8.775185421779385+1) ) + ((_b[treat_p2])*(8.775185421779385+2) ) + (
> (_b[treat_p3])*(8.775185421779385+3) ) + ((_b[treat_p4])*(8.775185421779385+4
> ) ))*(4*1)/.1393609896251478 ) - ((((_b[treat_m1] ) + (_b[treat_m2] ) + (_b[t
> reat_m3] ) + (_b[treat_m4] ) + (_b[treat_p0]) + (_b[treat_p1] ) + (_b[treat_p
> 2] ) + (_b[treat_p3] ) + (_b[treat_p4] ))*(4*1)*(1/.0505029439216276))/.38431
> 31555193845))) / (1+((((_b[treat_m1] ) + (_b[treat_m2] ) + (_b[treat_m3] ) + 
> (_b[treat_m4] ) + (_b[treat_p0]) + (_b[treat_p1] ) + (_b[treat_p2] ) + (_b[tr
> eat_p3] ) + (_b[treat_p4] ))*(4*1)*(1/.0505029439216276))/.3843131555193845))
          a2: (( (         0 + (1*_b[treat_m1]) + (2*_b[treat_m2]) + (3*_b[trea
> t_m3]) + (4*_b[treat_m4]))* (-1) +  (         0 + (2*_b[treat_m1]) + (3*_b[tr
> eat_m2]) + (4*_b[treat_m3]) + (5*_b[treat_m4]))* (0) +  (         0 + (3*_b[t
> reat_m1]) + (4*_b[treat_m2]) + (5*_b[treat_m3]) + (6*_b[treat_m4]))* (0) +  (
>          0 + (4*_b[treat_m1]) + (5*_b[treat_m2]) + (6*_b[treat_m3]) + (7*_b[t
> reat_m4]))* (0) +  (         0 + (5*_b[treat_m1]) + (6*_b[treat_m2]) + (7*_b[
> treat_m3]) + (8*_b[treat_m4]))* (0))/.1393609896251478)*(4*1)

------------------------------------------------------------------------------
m_overallc~c | Coefficient  Std. err.      z    P>|z|     [95% conf. interval]
-------------+----------------------------------------------------------------
          a1 |   .0191556   .0128279     1.49   0.135    -.0059866    .0442977
          a2 |   .0225664   .0056574     3.99   0.000     .0114781    .0336547
------------------------------------------------------------------------------

       _nl_1: 1-(_b[a2]/_b[a1])

------------------------------------------------------------------------------
m_overallc~c | Coefficient  Std. err.      z    P>|z|     [95% conf. interval]
-------------+----------------------------------------------------------------
       _nl_1 |  -.1780596   .7480464    -0.24   0.812    -1.644204    1.288085
------------------------------------------------------------------------------

added macro:
              e(WB_Eb) : "-0.178"

added macro:
             e(WB_Ese) : "(0.748)"

.                         *
.                         
.                         
. 
end of do-file

. do "${dofiles}wage_estimate_base.do"

. 
. *This do file is created by DC on 03/30/2016
. 
. *****************************************************************************
> ***
. *****************************************************************************
> ***
. *****************************************************************************
> ***
. 
. 
.                 
. **** DEFINE REGRESSION COMMAND AND CONTROLS *****
. 
.  
. foreach s in 1 {
  2.         global rtype`s' reghdfe
  3. }

. 
. 
. global a1  i.wagebinstate i.wagequarterdate  // distributional TWFE

. 
. global label1 TWFE

. 
. use "${data}qcew_state_overall_counts_2016.dta", clear

. rename statefips statenum

. gen quarterdate = yq(year, quarter)

. tempfile qcew

. save `qcew'
file /var/folders/bm/2cq1vtmd5wg6k0vdjfpvbmww0000gn/T//St36865.000001 saved
    as .dta format

. 
. 
. treatmentcontrolwindows

. 
. treatmentdefinition
You are using the primary working data.

Panel variable: wagebinstate (strongly balanced)
 Time variable: quarterdate, 76 to 227
         Delta: 1 unit

. 
. merge m:1 statenum quarterdate using `qcew',assert(3) nogenerate
(variable quarterdate was int, now float to accommodate using data's values)

    Result                      Number of obs
    -----------------------------------------
    Not matched                             0
    Matched                           906,984  
    -----------------------------------------

. replace count = count*emp/countall if emp!=0
(710,139 real changes made)

. cap drop overallcountpc

. gen overallcountpc=count/population 

. replace overallcountpcall = emp/population  if emp!=0
(905,112 real changes made)

. 
. abovebelowbunch

. 
. abovebelowfull
Make sure that belowL16 and aboveL16 exists. Otherwise the program does not wor
> k. Assertion will be false.

. 
. *****************************************************************************
> ***
. ***********************           Weights           *************************
> ***
. *****************************************************************************
> ***
. 
. cap drop wt 

. foreach Y in   overall { 
  2.         foreach b of numlist 1979{
  3.                                         global weight`Y'`b' "[aw=wt`Y'`b']
> " 
  4.                                         }
  5. }  

. *
. 
. *****************************************************************************
> ***
. **************     Sample and Control Specific Macros           *************
> ***
. *****************************************************************************
> ***
. 
. 
. local limittreat "_stateonly"

. 
. 
. xtset wagebinstate quarterdate

Panel variable: wagebinstate (strongly balanced)
 Time variable: quarterdate, 76 to 227
         Delta: 1 unit

. 
. 
. 
. *****************************************************************************
> ***
. **************      To name the graph              **************************
> ***
. *****************************************************************************
> ***
. 
. if "${disagg}" == "Y"{
. local temp1 "disaggcont"
. }

. else{
. local temp1 "aggcont"
. }

. 
. if "$controlmethod" == "Linear"{
. local temp2 "L"
. }

. else{
. if "$controlmethod" == "None"{
. local temp1 "nocont"
. }
. else{
. local temp2 "A"
. }
. }

. cap drop one

. cap drop counter

. g one =1        

. gen counter = ((_n-1)*4) - $Tmin if _n<=8
(906,976 missing values generated)

. 
. foreach s in  0 1  4  5  6 10  11 12 {
  2.         cap drop be_timeb
  3.         cap drop be_timese
  4.         cap drop be_timeupper
  5.         cap drop be_timelower
  6.         
.         g be_timeb=.
  7.         g be_timese=.
  8.         g be_timeupper=.
  9.         g be_timelower=.
 10. 
.         replace be_timeb=0 if counter==-4
 11.         replace be_timese=0 if counter==-4
 12.         replace be_timeupper=0 if counter==-4
 13.         replace be_timelower=0 if counter==-4
 14.         
.         }
(906,984 missing values generated)
(906,984 missing values generated)
(906,984 missing values generated)
(906,984 missing values generated)
(1 real change made)
(1 real change made)
(1 real change made)
(1 real change made)
(906,984 missing values generated)
(906,984 missing values generated)
(906,984 missing values generated)
(906,984 missing values generated)
(1 real change made)
(1 real change made)
(1 real change made)
(1 real change made)
(906,984 missing values generated)
(906,984 missing values generated)
(906,984 missing values generated)
(906,984 missing values generated)
(1 real change made)
(1 real change made)
(1 real change made)
(1 real change made)
(906,984 missing values generated)
(906,984 missing values generated)
(906,984 missing values generated)
(906,984 missing values generated)
(1 real change made)
(1 real change made)
(1 real change made)
(1 real change made)
(906,984 missing values generated)
(906,984 missing values generated)
(906,984 missing values generated)
(906,984 missing values generated)
(1 real change made)
(1 real change made)
(1 real change made)
(1 real change made)
(906,984 missing values generated)
(906,984 missing values generated)
(906,984 missing values generated)
(906,984 missing values generated)
(1 real change made)
(1 real change made)
(1 real change made)
(1 real change made)
(906,984 missing values generated)
(906,984 missing values generated)
(906,984 missing values generated)
(906,984 missing values generated)
(1 real change made)
(1 real change made)
(1 real change made)
(1 real change made)
(906,984 missing values generated)
(906,984 missing values generated)
(906,984 missing values generated)
(906,984 missing values generated)
(1 real change made)
(1 real change made)
(1 real change made)
(1 real change made)

. *
. 
. 
.         
. *****************************************************************************
> ***
. ***************          Useful to Find Below Share Wages               *****
> ***
. *****************************************************************************
> ***
. 
. 
. cap drop statequarterdate

. egen statequarterdate = group(state quarterdate)

. sort statequarterdate wagebins

. 
. cap drop overallWB*

. g overallWBFH = wagebins*count/(100)

. g overallWBpcFH = wagebins*count/(100*population)

. 
. cap drop overallWBpcrsumFH

. g overallWBpcrsumFH=0

. replace overallWBpcrsumFH = overallWBpcFH if wagebins==100
(2,827 real changes made)

. replace overallWBpcrsumFH = overallWBpcrsumFH[_n-1] + overallWBpcFH if wagebi
> ns>100
(876,538 real changes made)

.         
. cap drop overallcountpcrsum

. g overallcountpcrsum=0

. replace overallcountpcrsum = overallcountpc if wagebins==100
(2,827 real changes made)

. replace overallcountpcrsum = overallcountpcrsum[_n-1] + overallcountpc if wag
> ebins>100
(876,538 real changes made)

.         
.         
. 
. *****************************************************************************
> *** 
. **********************       REGRESSIONS AND FIGURES        *****************
> ***
. *****************************************************************************
> ***
. xtset wagebinstate quarterdate

Panel variable: wagebinstate (strongly balanced)
 Time variable: quarterdate, 76 to 227
         Delta: 1 unit

. compress
  variable quarterdate was float now int
  variable one was float now byte
  variable counter was float now byte
  variable be_timeb was float now byte
  variable be_timese was float now byte
  variable be_timeupper was float now byte
  variable be_timelower was float now byte
  variable statequarterdate was float now int
  (19,953,648 bytes saved)

. 
. foreach Y in   overall { 
  2. foreach b in    1979 {
  3.                                         ***  define MW change ***
.                                 sum DMW_real if fedincrease!=1 & overallcount
> gr>0 & year>=`b' & cleansample ==1   ${weight`Y'`b'}
  4.                                 local mwc = r(mean)
  5.                                 sum MW_real if  F.fedincrease!=1 & F.overa
> llcountgr>0 & year>=`b' & cleansample ==1   ${weight`Y'`b'}
  6.                                 local mw = r(mean)
  7.                                 local mwpc = `mwc'/`mw'
  8.                                 local mwpc2 : di  %04.3f `mwpc'
  9. 
.                                 sum `Y'countpcall if ((F.fedincrease != 1 & F
> .fedincrease != . & F.overallcountgr>0 & F.overallcountgr!=. ) | ///
>                                 (F2.fedincrease != 1 & F2.overallcountgr>0 & 
> F2.fedincrease != . & F2.overallcountgr!=. ) ///
>                                 | (F3.fedincrease != 1 & F3.overallcountgr>0 
> & F3.fedincrease != . & F3.overallcountgr!=. ) ///
>                                 | (F4.fedincrease != 1 & F4.overallcountgr>0 
> & F4.fedincrease != . & F4.overallcountgr!=. ) ) & year>=`b' & cleansample ==
> 1 ///
>                                  ${weight`Y'`b'}                 // CHECK THI
> S  2/2/16
 10.                                 
.                                 local epop = r(mean)
 11.                                 global E = `epop'
 12.                                         
.                                 global C = 1/(`epop'*`mwpc')
 13.                         
.                         
.                                 *Below share
. 
.                                 
.                                 sum overallcountpcrsum if ( F.fedincrease!=1 
> & F.overallcountgr>0 & F.fedincrease!=. & F.overallcountgr!=.  & (wagebins+25
> )/100==F1MW_realM25) | ///
>                                  ( F2.fedincrease!=1 & F2.overallcountgr>0 & 
> F2.fedincrease!=. & F2.overallcountgr!=. & (wagebins+25)/100==F2MW_realM25 ) 
> | ///
>                                 ( F3.fedincrease!=1 & F3.overallcountgr>0 & F
> 3.fedincrease!=. & F3.overallcountgr!=.  & (wagebins+25)/100==F3MW_realM25) |
>  ///
>                                  ( F4.fedincrease!=1 & F4.overallcountgr>0 & 
> F4.fedincrease!=. & F4.overallcountgr!=. & (wagebins+25)/100==F4MW_realM25 ) 
> ///
>                                 & year>=`b' & cleansample ==1      ${weight`Y
> '`b'}                                      
 14.                                 
.                                 global B = r(mean)/${E}
 15.                                 local belsh2 : di  %04.3f $B
 16. 
.                                 *Affected share
.                                 
.                                 sum `Y'countpcrsum if (  F.fedincrease!=1 & F
> .overallcountgr>0 & F.fedincrease!=. & F.overallcountgr!=.  & (wagebins)/100=
> =MW_realM25) | ///
>                                  ( F2.fedincrease!=1 & F2.overallcountgr>0 & 
> F2.fedincrease!=. & F2.overallcountgr!=. & (wagebins)/100==MW_realM25 ) | ///
>                                 ( F3.fedincrease!=1 & F3.overallcountgr>0 & F
> 3.fedincrease!=. & F3.overallcountgr!=.  & (wagebins)/100==MW_realM25) | ///
>                                  ( F4.fedincrease!=1 & F4.overallcountgr>0 & 
> F4.fedincrease!=. & F4.overallcountgr!=. & (wagebins)/100==MW_realM25 ) ///
>                                 & year>=1979 & cleansample ==1    ${weight`Y'
> `b'}                       
 17.                                 
.                                 global AS`Y' = $B - (r(mean)/${E})
 18.                                 local affsh`Y' : di  %04.3f ${AS`Y'}
 19.                                 
.                                 
.                                 *********************************************
> *******************
.                                 *************    Wagebill related globals    
>    ****************
.                                 *********************************************
> *******************
.                                 sum overallWBpcrsumFH if (  F.fedincrease!=1 
> & F.overallcountgr>0 & F.fedincrease!=. & F.overallcountgr!=.   & (wagebins+2
> 5)/100==F1MW_realM25) | ///
>                                  (F2.fedincrease!=1 & F2.overallcountgr>0 & F
> 2.fedincrease!=. & F2.overallcountgr!=. & (wagebins+25)/100==F2MW_realM25 ) |
>  ///
>                                 (F3.fedincrease!=1 & F3.overallcountgr>0 & F3
> .fedincrease!=. & F3.overallcountgr!=.  & (wagebins+25)/100==F3MW_realM25) | 
> ///
>                                  (  F4.fedincrease!=1 & F4.overallcountgr>0 &
>  F4.fedincrease!=. & F4.overallcountgr!=.  & (wagebins+25)/100==F4MW_realM25 
> ) ///
>                                 & year>=`b' & cleansample ==1     ${weight`Y'
> `b'}                       
 20.         
.                                 global EWB = r(mean)
 21.                                 local EWB2 : di  %04.3f $EWB
 22.                                 cap drop tempweight     
 23.                                 global CWB = 1/(${EWB}*`mwpc')
 24. 
. 
.                                 sum wagebins if treat_p0 == 1  & year>=`b' & 
> cleansample ==1   ${weight`Y'`b'}, meanonly
 25.                                 global wagemult = r(mean)/100
 26.                                 
.                                 *We have to do this here because multipliers 
> are calculated in the loop.
.                                 
.                                 abovebelowWBbunch,wagemult(${wagemult})
 27.                                 abovebelowWBfull
 28.                                 
.                         
.                                 foreach s in  1 {               
 29.                                 *** REGRESSION *** 
.                                 est use  "${estimates}Table1aafterqcew`limits
> ample'`limittreat'_`s'_`Y'_`b'_`temp1'_`temp2'_${Tmax}${Tmin}"
 30.                                 local dof = e(df_r)
 31.                                 
.                                 
.                         *****************************************************
> ***************
.                         ****************          Table           ***********
> ***************
.                         *****************************************************
> ***************
. 
.                         *5 year averages
.                         est use  "${estimates}Table1aafterqcew`limitsample'`l
> imittreat'_`s'_`Y'_`b'_`temp1'_`temp2'_${Tmax}${Tmin}"
 32.                         local denominator = 0.2
 33.                         nlcomestadd ((((${belowWB_full}+${aboveWB_full})*(
> 4*`denominator')/$EWB ) - ///
>                         (((${below_full} + ${above_full})*(4*`denominator')*(
> 1/${E}))/${B}))) / ///
>                         (1+(((${below_full} + ${above_full})*(4*`denominator'
> )*(1/${E}))/${B}))         , statname(WB_E)  dof(`dof')                      
>               // Multiplying by 4 because bins are in 25 cent precision. To a
> verage by time, dividing by 5.
 34.                         eststo all_2
 35. 
.                         *Method 3
.                         est use  "${estimates}Table1aafterqcew`limitsample'`l
> imittreat'_`s'_`Y'_`b'_`temp1'_`temp2'_${Tmax}${Tmin}"                     
 36.                         abovebelowWBbunch_alt, secondmethod(Y) 
 37.                         abovebelowWBfull_alt,  secondmethod(Y) 
 38.                         nlcomestadd ((${aboveWB_fullY})/${EWB})*(4*`denomi
> nator'), statname(WB_E) dof(`dof') 
 39.                         eststo all_3
 40.                         
.                         est use  "${estimates}Table1aafterqcew`limitsample'`l
> imittreat'_`s'_`Y'_`b'_`temp1'_`temp2'_${Tmax}${Tmin}"                     
 41.                         nlcom (a1:((((${belowWB_full}+${aboveWB_full})*(4*
> `denominator')/$EWB ) - ///
>                         (((${below_full} + ${above_full})*(4*`denominator')*(
> 1/${E}))/${B}))) / ///
>                         (1+(((${below_full} + ${above_full})*(4*`denominator'
> )*(1/${E}))/${B}))) (a2:((${aboveWB_fullY})/${EWB})*(4*`denominator')), post
 42.                         nlcomestadd  1-(_b[a2]/_b[a1]) , statname(WB_E) do
> f(`dof') 
 43.                         eststo all_spill
 44. 
.                                                 
.                         
.                 }
 45.                         
.         }
 46.  }

    Variable |     Obs      Weight        Mean   Std. dev.       Min        Max
-------------+-----------------------------------------------------------------
    DMW_real |  16,029  8.5825e+10    .7960962    .399756   .2514448   2.193727

    Variable |     Obs      Weight        Mean   Std. dev.       Min        Max
-------------+-----------------------------------------------------------------
     MW_real |  22,113  1.1584e+11    7.859571   .9471371   6.075942   11.42869

    Variable |     Obs      Weight        Mean   Std. dev.       Min        Max
-------------+-----------------------------------------------------------------
overallcou~l |  63,999  3.4011e+11    .5711273   .0651657   .4235719   1.447222

    Variable |     Obs      Weight        Mean   Std. dev.       Min        Max
-------------+-----------------------------------------------------------------
overallcou~m |     552  2.9312e+09    .0493922   .0161435   .0096957   .1725448

    Variable |     Obs      Weight        Mean   Std. dev.       Min        Max
-------------+-----------------------------------------------------------------
overallcou~m |     547  2.9069e+09    .0358202   .0145438    .004078   .1513094

    Variable |     Obs      Weight        Mean   Std. dev.       Min        Max
-------------+-----------------------------------------------------------------
overallW~mFH |     552  2.9312e+09     .350835    .146225   .0658011   1.376678
Make sure that belowL16 and aboveL16 exists. Otherwise the program does not wor
> k. Assertion will be false.

       _nl_1: ((((((_b[treat_m1])*(8.774882267779565-1) ) + ((_b[treat_m2])*(8.
> 774882267779565-2) ) + ((_b[treat_m3])*(8.774882267779565-3) ) + ((_b[treat_m
> 4])*(8.774882267779565-4) ) + ((_b[L4treat_m1])*(8.774882267779565-1) ) + ((_
> b[L4treat_m2])*(8.774882267779565-2)) + ((_b[L4treat_m3])*(8.774882267779565-
> 3)) + ((_b[L4treat_m4])*(8.774882267779565-4)) + ((_b[L8treat_m1])*(8.7748822
> 67779565-1) ) + ((_b[L8treat_m2])*(8.774882267779565-2)) + ((_b[L8treat_m3])*
> (8.774882267779565-3)) + ((_b[L8treat_m4])*(8.774882267779565-4)) + ((_b[L12t
> reat_m1])*(8.774882267779565-1) ) + ((_b[L12treat_m2])*(8.774882267779565-2))
>  + ((_b[L12treat_m3])*(8.774882267779565-3)) + ((_b[L12treat_m4])*(8.77488226
> 7779565-4)) + ((_b[L16treat_m1])*(8.774882267779565-1) ) + ((_b[L16treat_m2])
> *(8.774882267779565-2)) + ((_b[L16treat_m3])*(8.774882267779565-3)) + ((_b[L1
> 6treat_m4])*(8.774882267779565-4))+((_b[treat_p0])*(8.774882267779565+0)) + (
> (_b[treat_p1])*(8.774882267779565+1) ) + ((_b[treat_p2])*(8.774882267779565+2
> ) ) + ((_b[treat_p3])*(8.774882267779565+3) ) + ((_b[treat_p4])*(8.7748822677
> 79565+4) ) + ((_b[L4treat_p0])*(8.774882267779565+0)) + ((_b[L4treat_p1])*(8.
> 774882267779565+1)) + ((_b[L4treat_p2])*(8.774882267779565+2)) + ((_b[L4treat
> _p3])*(8.774882267779565+3)) + ((_b[L4treat_p4])*(8.774882267779565+4)) + ((_
> b[L8treat_p0])*(8.774882267779565+0)) + ((_b[L8treat_p1])*(8.774882267779565+
> 1)) + ((_b[L8treat_p2])*(8.774882267779565+2)) + ((_b[L8treat_p3])*(8.7748822
> 67779565+3)) + ((_b[L8treat_p4])*(8.774882267779565+4)) + ((_b[L12treat_p0])*
> (8.774882267779565+0)) + ((_b[L12treat_p1])*(8.774882267779565+1)) + ((_b[L12
> treat_p2])*(8.774882267779565+2)) + ((_b[L12treat_p3])*(8.774882267779565+3))
>  + ((_b[L12treat_p4])*(8.774882267779565+4)) + ((_b[L16treat_p0])*(8.77488226
> 7779565+0)) + ((_b[L16treat_p1])*(8.774882267779565+1)) + ((_b[L16treat_p2])*
> (8.774882267779565+2)) + ((_b[L16treat_p3])*(8.774882267779565+3)) + ((_b[L16
> treat_p4])*(8.774882267779565+4)))*(4*.2)/.350835006841847 ) - ((((_b[treat_m
> 1] ) + (_b[treat_m2] ) + (_b[treat_m3] ) + (_b[treat_m4] ) + (_b[L4treat_m1])
>  + (_b[L4treat_m2]) + (_b[L4treat_m3]) + (_b[L4treat_m4]) + (_b[L8treat_m1]) 
> + (_b[L8treat_m2]) + (_b[L8treat_m3]) + (_b[L8treat_m4]) + (_b[L12treat_m1]) 
> + (_b[L12treat_m2]) + (_b[L12treat_m3]) + (_b[L12treat_m4]) + (_b[L16treat_m1
> ]) + (_b[L16treat_m2]) + (_b[L16treat_m3]) + (_b[L16treat_m4]) + (_b[treat_p0
> ]) + (_b[treat_p1] ) + (_b[treat_p2] ) + (_b[treat_p3] ) + (_b[treat_p4] ) + 
> (_b[L4treat_p0]) + (_b[L4treat_p1]) + (_b[L4treat_p2]) + (_b[L4treat_p3]) + (
> _b[L4treat_p4]) + (_b[L8treat_p0]) + (_b[L8treat_p1]) + (_b[L8treat_p2]) + (_
> b[L8treat_p3]) + (_b[L8treat_p4]) + (_b[L12treat_p0]) + (_b[L12treat_p1]) + (
> _b[L12treat_p2]) + (_b[L12treat_p3]) + (_b[L12treat_p4]) + (_b[L16treat_p0]) 
> + (_b[L16treat_p1]) + (_b[L16treat_p2]) + (_b[L16treat_p3]) + (_b[L16treat_p4
> ]))*(4*.2)*(1/.5711273156241218))/.0864819457562104))) / (1+((((_b[treat_m1] 
> ) + (_b[treat_m2] ) + (_b[treat_m3] ) + (_b[treat_m4] ) + (_b[L4treat_m1]) + 
> (_b[L4treat_m2]) + (_b[L4treat_m3]) + (_b[L4treat_m4]) + (_b[L8treat_m1]) + (
> _b[L8treat_m2]) + (_b[L8treat_m3]) + (_b[L8treat_m4]) + (_b[L12treat_m1]) + (
> _b[L12treat_m2]) + (_b[L12treat_m3]) + (_b[L12treat_m4]) + (_b[L16treat_m1]) 
> + (_b[L16treat_m2]) + (_b[L16treat_m3]) + (_b[L16treat_m4]) + (_b[treat_p0]) 
> + (_b[treat_p1] ) + (_b[treat_p2] ) + (_b[treat_p3] ) + (_b[treat_p4] ) + (_b
> [L4treat_p0]) + (_b[L4treat_p1]) + (_b[L4treat_p2]) + (_b[L4treat_p3]) + (_b[
> L4treat_p4]) + (_b[L8treat_p0]) + (_b[L8treat_p1]) + (_b[L8treat_p2]) + (_b[L
> 8treat_p3]) + (_b[L8treat_p4]) + (_b[L12treat_p0]) + (_b[L12treat_p1]) + (_b[
> L12treat_p2]) + (_b[L12treat_p3]) + (_b[L12treat_p4]) + (_b[L16treat_p0]) + (
> _b[L16treat_p1]) + (_b[L16treat_p2]) + (_b[L16treat_p3]) + (_b[L16treat_p4]))
> *(4*.2)*(1/.5711273156241218))/.0864819457562104))

------------------------------------------------------------------------------
overallcou~c | Coefficient  Std. err.      z    P>|z|     [95% conf. interval]
-------------+----------------------------------------------------------------
       _nl_1 |   .0679256   .0097852     6.94   0.000      .048747    .0871041
------------------------------------------------------------------------------

added macro:
              e(WB_Eb) : "0.068***"

added macro:
             e(WB_Ese) : "(0.010)"

       _nl_1: (( (         0 + (1*_b[treat_m1]) + (2*_b[treat_m2]) + (3*_b[trea
> t_m3]) + (4*_b[treat_m4]))* (-1) +  (         0 + (2*_b[treat_m1]) + (3*_b[tr
> eat_m2]) + (4*_b[treat_m3]) + (5*_b[treat_m4]))* (0) +  (         0 + (3*_b[t
> reat_m1]) + (4*_b[treat_m2]) + (5*_b[treat_m3]) + (6*_b[treat_m4]))* (0) +  (
>          0 + (4*_b[treat_m1]) + (5*_b[treat_m2]) + (6*_b[treat_m3]) + (7*_b[t
> reat_m4]))* (0) +  (         0 + (5*_b[treat_m1]) + (6*_b[treat_m2]) + (7*_b[
> treat_m3]) + (8*_b[treat_m4]))* (0) +  (         0 + (1*_b[L4treat_m1]) + (2*
> _b[L4treat_m2]) + (3*_b[L4treat_m3]) + (4*_b[L4treat_m4]))* (-1) +  (        
>  0 + (2*_b[L4treat_m1]) + (3*_b[L4treat_m2]) + (4*_b[L4treat_m3]) + (5*_b[L4t
> reat_m4]))* (0) +  (         0 + (3*_b[L4treat_m1]) + (4*_b[L4treat_m2]) + (5
> *_b[L4treat_m3]) + (6*_b[L4treat_m4]))* (0) +  (         0 + (4*_b[L4treat_m1
> ]) + (5*_b[L4treat_m2]) + (6*_b[L4treat_m3]) + (7*_b[L4treat_m4]))* (0) +  ( 
>         0 + (5*_b[L4treat_m1]) + (6*_b[L4treat_m2]) + (7*_b[L4treat_m3]) + (8
> *_b[L4treat_m4]))* (0) +  (         0 + (1*_b[L8treat_m1]) + (2*_b[L8treat_m2
> ]) + (3*_b[L8treat_m3]) + (4*_b[L8treat_m4]))* (-1) +  (         0 + (2*_b[L8
> treat_m1]) + (3*_b[L8treat_m2]) + (4*_b[L8treat_m3]) + (5*_b[L8treat_m4]))* (
> 0) +  (         0 + (3*_b[L8treat_m1]) + (4*_b[L8treat_m2]) + (5*_b[L8treat_m
> 3]) + (6*_b[L8treat_m4]))* (0) +  (         0 + (4*_b[L8treat_m1]) + (5*_b[L8
> treat_m2]) + (6*_b[L8treat_m3]) + (7*_b[L8treat_m4]))* (0) +  (         0 + (
> 5*_b[L8treat_m1]) + (6*_b[L8treat_m2]) + (7*_b[L8treat_m3]) + (8*_b[L8treat_m
> 4]))* (0) +  (         0 + (1*_b[L12treat_m1]) + (2*_b[L12treat_m2]) + (3*_b[
> L12treat_m3]) + (4*_b[L12treat_m4]))* (-1) +  (         0 + (2*_b[L12treat_m1
> ]) + (3*_b[L12treat_m2]) + (4*_b[L12treat_m3]) + (5*_b[L12treat_m4]))* (0) + 
>  (         0 + (3*_b[L12treat_m1]) + (4*_b[L12treat_m2]) + (5*_b[L12treat_m3]
> ) + (6*_b[L12treat_m4]))* (0) +  (         0 + (4*_b[L12treat_m1]) + (5*_b[L1
> 2treat_m2]) + (6*_b[L12treat_m3]) + (7*_b[L12treat_m4]))* (0) +  (         0 
> + (5*_b[L12treat_m1]) + (6*_b[L12treat_m2]) + (7*_b[L12treat_m3]) + (8*_b[L12
> treat_m4]))* (0) +  (         0 + (1*_b[L16treat_m1]) + (2*_b[L16treat_m2]) +
>  (3*_b[L16treat_m3]) + (4*_b[L16treat_m4]))* (-1) +  (         0 + (2*_b[L16t
> reat_m1]) + (3*_b[L16treat_m2]) + (4*_b[L16treat_m3]) + (5*_b[L16treat_m4]))*
>  (0) +  (         0 + (3*_b[L16treat_m1]) + (4*_b[L16treat_m2]) + (5*_b[L16tr
> eat_m3]) + (6*_b[L16treat_m4]))* (0) +  (         0 + (4*_b[L16treat_m1]) + (
> 5*_b[L16treat_m2]) + (6*_b[L16treat_m3]) + (7*_b[L16treat_m4]))* (0) +  (    
>      0 + (5*_b[L16treat_m1]) + (6*_b[L16treat_m2]) + (7*_b[L16treat_m3]) + (8
> *_b[L16treat_m4]))* (0))/.350835006841847)*(4*.2)

------------------------------------------------------------------------------
overallcou~c | Coefficient  Std. err.      z    P>|z|     [95% conf. interval]
-------------+----------------------------------------------------------------
       _nl_1 |   .0409693   .0093311     4.39   0.000     .0226807    .0592578
------------------------------------------------------------------------------

added macro:
              e(WB_Eb) : "0.041***"

added macro:
             e(WB_Ese) : "(0.009)"

          a1: ((((((_b[treat_m1])*(8.774882267779565-1) ) + ((_b[treat_m2])*(8.
> 774882267779565-2) ) + ((_b[treat_m3])*(8.774882267779565-3) ) + ((_b[treat_m
> 4])*(8.774882267779565-4) ) + ((_b[L4treat_m1])*(8.774882267779565-1) ) + ((_
> b[L4treat_m2])*(8.774882267779565-2)) + ((_b[L4treat_m3])*(8.774882267779565-
> 3)) + ((_b[L4treat_m4])*(8.774882267779565-4)) + ((_b[L8treat_m1])*(8.7748822
> 67779565-1) ) + ((_b[L8treat_m2])*(8.774882267779565-2)) + ((_b[L8treat_m3])*
> (8.774882267779565-3)) + ((_b[L8treat_m4])*(8.774882267779565-4)) + ((_b[L12t
> reat_m1])*(8.774882267779565-1) ) + ((_b[L12treat_m2])*(8.774882267779565-2))
>  + ((_b[L12treat_m3])*(8.774882267779565-3)) + ((_b[L12treat_m4])*(8.77488226
> 7779565-4)) + ((_b[L16treat_m1])*(8.774882267779565-1) ) + ((_b[L16treat_m2])
> *(8.774882267779565-2)) + ((_b[L16treat_m3])*(8.774882267779565-3)) + ((_b[L1
> 6treat_m4])*(8.774882267779565-4))+((_b[treat_p0])*(8.774882267779565+0)) + (
> (_b[treat_p1])*(8.774882267779565+1) ) + ((_b[treat_p2])*(8.774882267779565+2
> ) ) + ((_b[treat_p3])*(8.774882267779565+3) ) + ((_b[treat_p4])*(8.7748822677
> 79565+4) ) + ((_b[L4treat_p0])*(8.774882267779565+0)) + ((_b[L4treat_p1])*(8.
> 774882267779565+1)) + ((_b[L4treat_p2])*(8.774882267779565+2)) + ((_b[L4treat
> _p3])*(8.774882267779565+3)) + ((_b[L4treat_p4])*(8.774882267779565+4)) + ((_
> b[L8treat_p0])*(8.774882267779565+0)) + ((_b[L8treat_p1])*(8.774882267779565+
> 1)) + ((_b[L8treat_p2])*(8.774882267779565+2)) + ((_b[L8treat_p3])*(8.7748822
> 67779565+3)) + ((_b[L8treat_p4])*(8.774882267779565+4)) + ((_b[L12treat_p0])*
> (8.774882267779565+0)) + ((_b[L12treat_p1])*(8.774882267779565+1)) + ((_b[L12
> treat_p2])*(8.774882267779565+2)) + ((_b[L12treat_p3])*(8.774882267779565+3))
>  + ((_b[L12treat_p4])*(8.774882267779565+4)) + ((_b[L16treat_p0])*(8.77488226
> 7779565+0)) + ((_b[L16treat_p1])*(8.774882267779565+1)) + ((_b[L16treat_p2])*
> (8.774882267779565+2)) + ((_b[L16treat_p3])*(8.774882267779565+3)) + ((_b[L16
> treat_p4])*(8.774882267779565+4)))*(4*.2)/.350835006841847 ) - ((((_b[treat_m
> 1] ) + (_b[treat_m2] ) + (_b[treat_m3] ) + (_b[treat_m4] ) + (_b[L4treat_m1])
>  + (_b[L4treat_m2]) + (_b[L4treat_m3]) + (_b[L4treat_m4]) + (_b[L8treat_m1]) 
> + (_b[L8treat_m2]) + (_b[L8treat_m3]) + (_b[L8treat_m4]) + (_b[L12treat_m1]) 
> + (_b[L12treat_m2]) + (_b[L12treat_m3]) + (_b[L12treat_m4]) + (_b[L16treat_m1
> ]) + (_b[L16treat_m2]) + (_b[L16treat_m3]) + (_b[L16treat_m4]) + (_b[treat_p0
> ]) + (_b[treat_p1] ) + (_b[treat_p2] ) + (_b[treat_p3] ) + (_b[treat_p4] ) + 
> (_b[L4treat_p0]) + (_b[L4treat_p1]) + (_b[L4treat_p2]) + (_b[L4treat_p3]) + (
> _b[L4treat_p4]) + (_b[L8treat_p0]) + (_b[L8treat_p1]) + (_b[L8treat_p2]) + (_
> b[L8treat_p3]) + (_b[L8treat_p4]) + (_b[L12treat_p0]) + (_b[L12treat_p1]) + (
> _b[L12treat_p2]) + (_b[L12treat_p3]) + (_b[L12treat_p4]) + (_b[L16treat_p0]) 
> + (_b[L16treat_p1]) + (_b[L16treat_p2]) + (_b[L16treat_p3]) + (_b[L16treat_p4
> ]))*(4*.2)*(1/.5711273156241218))/.0864819457562104))) / (1+((((_b[treat_m1] 
> ) + (_b[treat_m2] ) + (_b[treat_m3] ) + (_b[treat_m4] ) + (_b[L4treat_m1]) + 
> (_b[L4treat_m2]) + (_b[L4treat_m3]) + (_b[L4treat_m4]) + (_b[L8treat_m1]) + (
> _b[L8treat_m2]) + (_b[L8treat_m3]) + (_b[L8treat_m4]) + (_b[L12treat_m1]) + (
> _b[L12treat_m2]) + (_b[L12treat_m3]) + (_b[L12treat_m4]) + (_b[L16treat_m1]) 
> + (_b[L16treat_m2]) + (_b[L16treat_m3]) + (_b[L16treat_m4]) + (_b[treat_p0]) 
> + (_b[treat_p1] ) + (_b[treat_p2] ) + (_b[treat_p3] ) + (_b[treat_p4] ) + (_b
> [L4treat_p0]) + (_b[L4treat_p1]) + (_b[L4treat_p2]) + (_b[L4treat_p3]) + (_b[
> L4treat_p4]) + (_b[L8treat_p0]) + (_b[L8treat_p1]) + (_b[L8treat_p2]) + (_b[L
> 8treat_p3]) + (_b[L8treat_p4]) + (_b[L12treat_p0]) + (_b[L12treat_p1]) + (_b[
> L12treat_p2]) + (_b[L12treat_p3]) + (_b[L12treat_p4]) + (_b[L16treat_p0]) + (
> _b[L16treat_p1]) + (_b[L16treat_p2]) + (_b[L16treat_p3]) + (_b[L16treat_p4]))
> *(4*.2)*(1/.5711273156241218))/.0864819457562104))
          a2: (( (         0 + (1*_b[treat_m1]) + (2*_b[treat_m2]) + (3*_b[trea
> t_m3]) + (4*_b[treat_m4]))* (-1) +  (         0 + (2*_b[treat_m1]) + (3*_b[tr
> eat_m2]) + (4*_b[treat_m3]) + (5*_b[treat_m4]))* (0) +  (         0 + (3*_b[t
> reat_m1]) + (4*_b[treat_m2]) + (5*_b[treat_m3]) + (6*_b[treat_m4]))* (0) +  (
>          0 + (4*_b[treat_m1]) + (5*_b[treat_m2]) + (6*_b[treat_m3]) + (7*_b[t
> reat_m4]))* (0) +  (         0 + (5*_b[treat_m1]) + (6*_b[treat_m2]) + (7*_b[
> treat_m3]) + (8*_b[treat_m4]))* (0) +  (         0 + (1*_b[L4treat_m1]) + (2*
> _b[L4treat_m2]) + (3*_b[L4treat_m3]) + (4*_b[L4treat_m4]))* (-1) +  (        
>  0 + (2*_b[L4treat_m1]) + (3*_b[L4treat_m2]) + (4*_b[L4treat_m3]) + (5*_b[L4t
> reat_m4]))* (0) +  (         0 + (3*_b[L4treat_m1]) + (4*_b[L4treat_m2]) + (5
> *_b[L4treat_m3]) + (6*_b[L4treat_m4]))* (0) +  (         0 + (4*_b[L4treat_m1
> ]) + (5*_b[L4treat_m2]) + (6*_b[L4treat_m3]) + (7*_b[L4treat_m4]))* (0) +  ( 
>         0 + (5*_b[L4treat_m1]) + (6*_b[L4treat_m2]) + (7*_b[L4treat_m3]) + (8
> *_b[L4treat_m4]))* (0) +  (         0 + (1*_b[L8treat_m1]) + (2*_b[L8treat_m2
> ]) + (3*_b[L8treat_m3]) + (4*_b[L8treat_m4]))* (-1) +  (         0 + (2*_b[L8
> treat_m1]) + (3*_b[L8treat_m2]) + (4*_b[L8treat_m3]) + (5*_b[L8treat_m4]))* (
> 0) +  (         0 + (3*_b[L8treat_m1]) + (4*_b[L8treat_m2]) + (5*_b[L8treat_m
> 3]) + (6*_b[L8treat_m4]))* (0) +  (         0 + (4*_b[L8treat_m1]) + (5*_b[L8
> treat_m2]) + (6*_b[L8treat_m3]) + (7*_b[L8treat_m4]))* (0) +  (         0 + (
> 5*_b[L8treat_m1]) + (6*_b[L8treat_m2]) + (7*_b[L8treat_m3]) + (8*_b[L8treat_m
> 4]))* (0) +  (         0 + (1*_b[L12treat_m1]) + (2*_b[L12treat_m2]) + (3*_b[
> L12treat_m3]) + (4*_b[L12treat_m4]))* (-1) +  (         0 + (2*_b[L12treat_m1
> ]) + (3*_b[L12treat_m2]) + (4*_b[L12treat_m3]) + (5*_b[L12treat_m4]))* (0) + 
>  (         0 + (3*_b[L12treat_m1]) + (4*_b[L12treat_m2]) + (5*_b[L12treat_m3]
> ) + (6*_b[L12treat_m4]))* (0) +  (         0 + (4*_b[L12treat_m1]) + (5*_b[L1
> 2treat_m2]) + (6*_b[L12treat_m3]) + (7*_b[L12treat_m4]))* (0) +  (         0 
> + (5*_b[L12treat_m1]) + (6*_b[L12treat_m2]) + (7*_b[L12treat_m3]) + (8*_b[L12
> treat_m4]))* (0) +  (         0 + (1*_b[L16treat_m1]) + (2*_b[L16treat_m2]) +
>  (3*_b[L16treat_m3]) + (4*_b[L16treat_m4]))* (-1) +  (         0 + (2*_b[L16t
> reat_m1]) + (3*_b[L16treat_m2]) + (4*_b[L16treat_m3]) + (5*_b[L16treat_m4]))*
>  (0) +  (         0 + (3*_b[L16treat_m1]) + (4*_b[L16treat_m2]) + (5*_b[L16tr
> eat_m3]) + (6*_b[L16treat_m4]))* (0) +  (         0 + (4*_b[L16treat_m1]) + (
> 5*_b[L16treat_m2]) + (6*_b[L16treat_m3]) + (7*_b[L16treat_m4]))* (0) +  (    
>      0 + (5*_b[L16treat_m1]) + (6*_b[L16treat_m2]) + (7*_b[L16treat_m3]) + (8
> *_b[L16treat_m4]))* (0))/.350835006841847)*(4*.2)

------------------------------------------------------------------------------
overallcou~c | Coefficient  Std. err.      z    P>|z|     [95% conf. interval]
-------------+----------------------------------------------------------------
          a1 |   .0679256   .0097852     6.94   0.000      .048747    .0871041
          a2 |   .0409693   .0093311     4.39   0.000     .0226807    .0592578
------------------------------------------------------------------------------

       _nl_1: 1-(_b[a2]/_b[a1])

------------------------------------------------------------------------------
overallcou~c | Coefficient  Std. err.      z    P>|z|     [95% conf. interval]
-------------+----------------------------------------------------------------
       _nl_1 |   .3968503   .1188848     3.34   0.001     .1638404    .6298603
------------------------------------------------------------------------------

added macro:
              e(WB_Eb) : "0.397***"

added macro:
             e(WB_Ese) : "(0.119)"

. *
. 
end of do-file

. do "${dofiles}wage_estimate_demog_groups.do"

. 
. *This do file is created by DC on 05/09/2016.
. 
.                 
. **** DEFINE REGRESSION COMMAND AND CONTROLS *****
. 
.  
. foreach s in 0a 0 1 1b 3 4 5 6 7 8 9 10 11{
  2.         global rtype`s' reghdfe
  3. }

. global rtype2 regifewtab

. 
. 
. global a1  i.wagebinstate i.wagequarterdate  // distributional TWFE

. 
. global a4 i.wagebinstate##c.quarterdate i.wagequarterdate // state-trends

. global a5 i.wagebinstate i.wagequarterdate##i.division // div-period

. global a6 i.wagebinstate##c.quarterdate i.wagequarterdate##i.division // div-
> period, statetrends

. global a10 i.wagebinstate##c.quarterdate i.wagebinstate##c.quarterdatesq i.wa
> gequarterdate // state-quadratic-trends

. global a11 i.wagebinstate##c.quarterdate i.wagebinstate##c.quarterdatesq i.wa
> gequarterdate##i.division // state-quadratic-trends

. 
. 
. 
.  
. 
. global label1 TWFE

. global label4 ST

. global label5 DP

. global label6 ST_DP

. global label10 STQ

. global label11 STQ_DP

. 
. use "${data}qcew_state_overall_counts_2016.dta", clear

. rename statefips statenum

. gen quarterdate = yq(year, quarter)

. tempfile qcew

. save `qcew'
file /var/folders/bm/2cq1vtmd5wg6k0vdjfpvbmww0000gn/T//St36865.000001 saved
    as .dta format

. 
. 
. treatmentcontrolwindows

. 
. treatmentdefinition
You are using the primary working data.

Panel variable: wagebinstate (strongly balanced)
 Time variable: quarterdate, 76 to 227
         Delta: 1 unit

. 
. merge m:1 statenum quarterdate using `qcew',assert(3) nogenerate
(variable quarterdate was int, now float to accommodate using data's values)

    Result                      Number of obs
    -----------------------------------------
    Not matched                             0
    Matched                           906,984  
    -----------------------------------------

. 
. gen femalecount = (count-gendercount)

. gen femalecountall = (countall-gendercountall)

. g BHcount = (blackcount + hispaniccount)

. g BHcountall = (blackcountall + hispaniccountall)

. 
. 
. foreach Y in  teen   HSL    BH  HSL40 HSD HSD40 female { 
  2. 
.         replace `Y'count = `Y'count*emp/countall  if emp!=0
  3.         cap drop `Y'countpc
  4.         gen `Y'countpc=`Y'count/`Y'pop
  5.         cap drop `Y'countpcall
  6.         gen `Y'countpcall = `Y'countall*(emp/countall)/`Y'pop   if emp!=0
  7. 
. }
(120,498 real changes made)
(1,872 missing values generated)
(554,143 real changes made)
(1,872 missing values generated)
(283,071 real changes made)
(702 missing values generated)
(2,574 missing values generated)
(415,827 real changes made)
(1,872 missing values generated)
(273,479 real changes made)
(1,872 missing values generated)
(181,289 real changes made)
(1,872 missing values generated)
(588,655 real changes made)
(1,872 missing values generated)

. abovebelowbunch

. 
. abovebelowfull
Make sure that belowL16 and aboveL16 exists. Otherwise the program does not wor
> k. Assertion will be false.

. 
. 
. *
. *****************************************************************************
> ***
. ***********************           Weights           *************************
> ***
. *****************************************************************************
> ***
. 
. cap drop wt 

. foreach Y in   overall teen  HSL female BH HSL40 HSD HSD40 { 
  2.         foreach b of numlist 1995 1979{
  3.                                         global weight`Y'`b' "[aw=wt`Y'`b']
> " 
  4.                                         }
  5. }  

. *
. 
. 
. foreach Y in   overall teen  HSL female BH  HSL40 HSD HSD40 {
  2.                 foreach H in FTE{
  3.         foreach b of numlist /*1995*/ 1979{
  4.                                         global weight`Y'`H'`b' "[aw=wt`Y'`
> b']" 
  5.                                         }
  6.         }  
  7. }

. *
. 
. if "$limitsample" == "hourly"{
. local limitsample "_hourly"
. }

. else {
. local limitsample ""
. }

. 
. *****************************************************************************
> ***
. **************     Sample and Control Specific Macros           *************
> ***
. *****************************************************************************
> ***
. 
. 
. local limittreat "_stateonly"

. 
. 
. xtset wagebinstate quarterdate

Panel variable: wagebinstate (strongly balanced)
 Time variable: quarterdate, 76 to 227
         Delta: 1 unit

. 
. 
. 
. *****************************************************************************
> ***
. **************      To name the graph              **************************
> ***
. *****************************************************************************
> ***
. 
. if "${disagg}" == "Y"{
. local temp1 "disaggcont"
. }

. else{
. local temp1 "aggcont"
. }

. 
. if "$controlmethod" == "Linear"{
. local temp2 "L"
. }

. else{
. if "$controlmethod" == "None"{
. local temp1 "nocont"
. }
. else{
. local temp2 "A"
. }
. }

. 
. 
. cap drop one

. g one =1        

. 
. 
. *****************************************************************************
> ***
. ***************          Useful to Find Below Share Wages               *****
> ***
. *****************************************************************************
> ***
. 
. 
. cap drop statequarterdate

. egen statequarterdate = group(state quarterdate)

. sort statequarterdate wagebins

. 
. foreach Y in  teen   HSL  female  BH  HSL40 HSD HSD40 { 
  2. 
. cap drop `Y'WB*
  3. g `Y'WBFH = wagebins*`Y'count/(100)
  4. g `Y'WBpcFH = wagebins*`Y'count/(100*`Y'pop)
  5. 
. cap drop `Y'WBpcrsumFH
  6. g `Y'WBpcrsumFH=0
  7. replace `Y'WBpcrsumFH = `Y'WBpcFH if wagebins==100
  8. replace `Y'WBpcrsumFH = `Y'WBpcrsumFH[_n-1] + `Y'WBpcFH if wagebins>100
  9.         
. cap drop `Y'countpcrsum
 10. g `Y'countpcrsum=0
 11. replace `Y'countpcrsum = `Y'countpc if wagebins==100
 12. replace `Y'countpcrsum = `Y'countpcrsum[_n-1] + `Y'countpc if wagebins>100
 13. }
(318 real changes made)
(808,171 real changes made)
(318 real changes made)
(808,171 real changes made)
(1,912 real changes made)
(861,316 real changes made)
(1,912 real changes made)
(861,316 real changes made)
(1,790 real changes made)
(864,480 real changes made)
(1,790 real changes made)
(864,480 real changes made)
(702 missing values generated)
(583 real changes made, 6 to missing)
(775,519 real changes made, 696 to missing)
(583 real changes made, 6 to missing)
(775,519 real changes made, 696 to missing)
(1,256 real changes made)
(844,860 real changes made)
(1,256 real changes made)
(844,860 real changes made)
(1,048 real changes made)
(829,399 real changes made)
(1,048 real changes made)
(829,399 real changes made)
(697 real changes made)
(813,119 real changes made)
(697 real changes made)
(813,119 real changes made)

. *
. /*
> cap drop overallFTEWB*
> g overallFTEWBpcFH = (wagebins/100)*(overallFTEcountpc)
> 
> cap drop overallFTEWBpcrsumFH
> g overallFTEWBpcrsumFH=0
> replace overallFTEWBpcrsumFH = overallFTEWBpcFH if wagebins==300
> replace overallFTEWBpcrsumFH = overallFTEWBpcrsumFH[_n-1] + overallFTEWBpcFH 
> if wagebins>300
>         
> cap drop overallFTEcountpcrsum
> g overallFTEcountpcrsum=0
> replace overallFTEcountpcrsum = overallFTEcountpc if wagebins==300
> replace overallFTEcountpcrsum = overallFTEcountpcrsum[_n-1] + overallFTEcount
> pc if wagebins>300
> */
. 
. 
. *****************************************************************************
> *** 
. **********************       REGRESSIONS AND FIGURES        *****************
> ***
. *****************************************************************************
> ***
. xtset wagebinstate quarterdate

Panel variable: wagebinstate (strongly balanced)
 Time variable: quarterdate, 76 to 227
         Delta: 1 unit

. compress
  variable quarterdate was float now int
  variable one was float now byte
  variable statequarterdate was float now int
  (6,348,888 bytes saved)

. 
. foreach Y in   /*overall*/ HSD /*overallFTE*/ teen  /*teenFTE*/ HSL /*HSLFTE*
> / female /*femaleFTE*/ BH /*BHFTE*/ /*HSL40 HSD40*/ { 
  2. foreach b in   /* 1995 */ 1979 {
  3.                                         ***  define MW change ***
.                                 sum DMW_real if fedincrease!=1 & overallcount
> gr>0 & year>=`b' & cleansample ==1   ${weight`Y'`b'}
  4.                                 local mwc = r(mean)
  5.                                 sum MW_real if  F.fedincrease!=1 & F.overa
> llcountgr>0 & year>=`b' & cleansample ==1   ${weight`Y'`b'}
  6.                                 local mw = r(mean)
  7.                                 local mwpc = `mwc'/`mw'
  8.                                 local mwpc2 : di  %04.3f `mwpc'
  9. 
.                                 sum `Y'countpcall if ((F.fedincrease != 1 & F
> .fedincrease != . & F.overallcountgr>0 & F.overallcountgr!=. ) | ///
>                                 (F2.fedincrease != 1 & F2.overallcountgr>0 & 
> F2.fedincrease != . & F2.overallcountgr!=. ) ///
>                                 | (F3.fedincrease != 1 & F3.overallcountgr>0 
> & F3.fedincrease != . & F3.overallcountgr!=. ) ///
>                                 | (F4.fedincrease != 1 & F4.overallcountgr>0 
> & F4.fedincrease != . & F4.overallcountgr!=. ) ) & year>=`b' & cleansample ==
> 1 ///
>                                  ${weight`Y'`b'}                 // CHECK THI
> S  2/2/16
 10. 
.                                  local epop = r(mean)
 11.                                 global E = `epop'
 12.                                         
.                                 global C = 1/(`epop'*`mwpc')
 13.                         
.                         
.                                 *Below share
. 
.                                 
.                                 sum `Y'countpcrsum if ( F.fedincrease!=1 & F.
> overallcountgr>0 & F.fedincrease!=. & F.overallcountgr!=.  & (wagebins+25)/10
> 0==F1MW_realM25) | ///
>                                  ( F2.fedincrease!=1 & F2.overallcountgr>0 & 
> F2.fedincrease!=. & F2.overallcountgr!=. & (wagebins+25)/100==F2MW_realM25 ) 
> | ///
>                                 ( F3.fedincrease!=1 & F3.overallcountgr>0 & F
> 3.fedincrease!=. & F3.overallcountgr!=.  & (wagebins+25)/100==F3MW_realM25) |
>  ///
>                                  ( F4.fedincrease!=1 & F4.overallcountgr>0 & 
> F4.fedincrease!=. & F4.overallcountgr!=. & (wagebins+25)/100==F4MW_realM25 ) 
> ///
>                                 & year>=`b' & cleansample ==1      ${weight`Y
> '`b'}                                      
 14.                                 
.                                 global B = r(mean)/${E}
 15.                                 local belsh2 : di  %04.3f $B
 16. 
.                                 *Affected share
.                                 
.                                 sum `Y'countpcrsum if (  F.fedincrease!=1 & F
> .overallcountgr>0 & F.fedincrease!=. & F.overallcountgr!=.  & (wagebins)/100=
> =MW_realM25) | ///
>                                  ( F2.fedincrease!=1 & F2.overallcountgr>0 & 
> F2.fedincrease!=. & F2.overallcountgr!=. & (wagebins)/100==MW_realM25 ) | ///
>                                 ( F3.fedincrease!=1 & F3.overallcountgr>0 & F
> 3.fedincrease!=. & F3.overallcountgr!=.  & (wagebins)/100==MW_realM25) | ///
>                                  ( F4.fedincrease!=1 & F4.overallcountgr>0 & 
> F4.fedincrease!=. & F4.overallcountgr!=. & (wagebins)/100==MW_realM25 ) ///
>                                 & year>=1979 & cleansample ==1    ${weight`Y'
> `b'}                       
 17.                                 
.                                 global AS`Y' = $B - (r(mean)/${E})
 18.                                 local affsh`Y' : di  %04.3f ${AS`Y'}
 19.                                 
.                                 
.                                 
.                                 *********************************************
> *******************
.                                 *************    Wagebill related globals    
>    ****************
.                                 *********************************************
> *******************
.                                 sum `Y'WBpcrsumFH if (  F.fedincrease!=1 & F.
> overallcountgr>0 & F.fedincrease!=. & F.overallcountgr!=.   & (wagebins+25)/1
> 00==F1MW_realM25) | ///
>                                  (F2.fedincrease!=1 & F2.overallcountgr>0 & F
> 2.fedincrease!=. & F2.overallcountgr!=. & (wagebins+25)/100==F2MW_realM25 ) |
>  ///
>                                 (F3.fedincrease!=1 & F3.overallcountgr>0 & F3
> .fedincrease!=. & F3.overallcountgr!=.  & (wagebins+25)/100==F3MW_realM25) | 
> ///
>                                  (  F4.fedincrease!=1 & F4.overallcountgr>0 &
>  F4.fedincrease!=. & F4.overallcountgr!=.  & (wagebins+25)/100==F4MW_realM25 
> ) ///
>                                 & year>=`b' & cleansample ==1     ${weight`Y'
> `b'}                       
 20.         
.                                 global EWB = r(mean)
 21.                                 local EWB2 : di  %04.3f $EWB
 22.                                 cap drop tempweight     
 23.                                 global CWB = 1/(${EWB}*`mwpc')
 24.                                 
. 
.                                 sum wagebins if treat_p0 == 1  & year>=`b' & 
> cleansample ==1   ${weight`Y'`b'}, meanonly
 25.                                 global wagemult = r(mean)/100
 26. 
.                                 *We have to do this here because multipliers 
> are calculated in the loop.
.                                 abovebelowWBbunch,wagemult(${wagemult})
 27.                                 abovebelowWBfull
 28.                                 
.                                 
.                                 
.                                 
.                                 
.                                 
.                                 
.                                 **  ADS
.                         
.                         
.                                 foreach s in /*0*/ 1 /*4 5 6 10*/ /*11*/ /*0a
>  0b  4  5 6*/     {                
 29.                                                                           
>                       
.                                 
.                                 
.                                 
. 
.                         *****************************************************
> ***************
.                         ****************          Table           ***********
> ***************
.                         *****************************************************
> ***************
.                         est use "${estimates}Table4aqcewafter`limitsample'`li
> mittreat'_`s'_`Y'_`b'_`temp1'_`temp2'_${Tmax}${Tmin}"
 30.                                 local dof = e(df_r)                       
>       
 31.                                 local denominator = 0.2
 32.                         *Method 1
.                         /*
>                         lincomestadd ((((${belowWB_full}+${aboveWB_full})*(4*
> `denominator')/$EWB ) - ///
>                         (((${below_full} + ${above_full})*(4*`denominator')*(
> 1/${E}))/${B})))           , statname(WB_E)                                  
>       // Multiplying by 4 because bins are in 25 cent precision. To average b
> y time, dividing by 5.
>                         */
.                         nlcomestadd ((((${belowWB_full}+${aboveWB_full})*(4*`
> denominator')/$EWB ) - ///
>                         (((${below_full} + ${above_full})*(4*`denominator')*(
> 1/${E}))/${B}))) / ///
>                         (1+(((${below_full} + ${above_full})*(4*`denominator'
> )*(1/${E}))/${B}))         , statname(WB_E)  dof(`dof')                      
>               // Multiplying by 4 because bins are in 25 cent precision. To a
> verage by time, dividing by 5.
 33.                         eststo `Y'_2
 34. 
.                         *Method 2
.                         /*
>                         est use "${estimates}Table4aqcewafter`limitsample'`li
> mittreat'_`s'_`Y'_`b'_`temp1'_`temp2'_${Tmax}${Tmin}"
>                         abovebelowWBbunch_alt
>                         abovebelowWBfull_alt
>                         nlcomestadd ((${aboveWB_full})/${EWB})*(4*`denominato
> r'), statname(WB_E) dof(`dof') 
>                         eststo `Y'_2
>                         */
.                         *Method 3
.                         est use "${estimates}Table4aqcewafter`limitsample'`li
> mittreat'_`s'_`Y'_`b'_`temp1'_`temp2'_${Tmax}${Tmin}"
 35.                         abovebelowWBbunch_alt, secondmethod(Y) 
 36.                         abovebelowWBfull_alt,  secondmethod(Y) 
 37.                         nlcomestadd ((${aboveWB_fullY})/${EWB})*(4*`denomi
> nator'), statname(WB_E) dof(`dof') 
 38.                         eststo `Y'_3
 39.                         
.                         est use "${estimates}Table4aqcewafter`limitsample'`li
> mittreat'_`s'_`Y'_`b'_`temp1'_`temp2'_${Tmax}${Tmin}"
 40.                         nlcom (a1:((((${belowWB_full}+${aboveWB_full})*(4*
> `denominator')/$EWB ) - ///
>                         (((${below_full} + ${above_full})*(4*`denominator')*(
> 1/${E}))/${B}))) / ///
>                         (1+(((${below_full} + ${above_full})*(4*`denominator'
> )*(1/${E}))/${B}))) (a2:((${aboveWB_fullY})/${EWB})*(4*`denominator')), post
 41.                         nlcomestadd    1-(_b[a2]/_b[a1]) , statname(WB_E) 
> dof(`dof') 
 42.                         eststo `Y'_spill
 43. 
.                 }
 44.                         
.         }
 45.  }

    Variable |     Obs      Weight        Mean   Std. dev.       Min        Max
-------------+-----------------------------------------------------------------
    DMW_real |  16,029  1.5115e+10    .8061987   .4055844   .2514448   2.193727

    Variable |     Obs      Weight        Mean   Std. dev.       Min        Max
-------------+-----------------------------------------------------------------
     MW_real |  22,113  1.9230e+10    7.806282   .9396845   6.075942   11.42869

    Variable |     Obs      Weight        Mean   Std. dev.       Min        Max
-------------+-----------------------------------------------------------------
HSDcountpc~l |  63,531  6.0371e+10    .3790443   .0772722   .1333826   1.050772

    Variable |     Obs      Weight        Mean   Std. dev.       Min        Max
-------------+-----------------------------------------------------------------
HSDcountpc~m |     552   520402939    .1001991   .0412588          0   .4153014

    Variable |     Obs      Weight        Mean   Std. dev.       Min        Max
-------------+-----------------------------------------------------------------
HSDcountpc~m |     547   516638593    .0705173    .036478          0   .3940297

    Variable |     Obs      Weight        Mean   Std. dev.       Min        Max
-------------+-----------------------------------------------------------------
HSDWBpcrsu~H |     552   520402939    .7370898   .3437573          0   2.740245
Make sure that belowL16 and aboveL16 exists. Otherwise the program does not wor
> k. Assertion will be false.

       _nl_1: ((((((_b[treat_m1])*(8.7501608773808-1) ) + ((_b[treat_m2])*(8.75
> 01608773808-2) ) + ((_b[treat_m3])*(8.7501608773808-3) ) + ((_b[treat_m4])*(8
> .7501608773808-4) ) + ((_b[L4treat_m1])*(8.7501608773808-1) ) + ((_b[L4treat_
> m2])*(8.7501608773808-2)) + ((_b[L4treat_m3])*(8.7501608773808-3)) + ((_b[L4t
> reat_m4])*(8.7501608773808-4)) + ((_b[L8treat_m1])*(8.7501608773808-1) ) + ((
> _b[L8treat_m2])*(8.7501608773808-2)) + ((_b[L8treat_m3])*(8.7501608773808-3))
>  + ((_b[L8treat_m4])*(8.7501608773808-4)) + ((_b[L12treat_m1])*(8.75016087738
> 08-1) ) + ((_b[L12treat_m2])*(8.7501608773808-2)) + ((_b[L12treat_m3])*(8.750
> 1608773808-3)) + ((_b[L12treat_m4])*(8.7501608773808-4)) + ((_b[L16treat_m1])
> *(8.7501608773808-1) ) + ((_b[L16treat_m2])*(8.7501608773808-2)) + ((_b[L16tr
> eat_m3])*(8.7501608773808-3)) + ((_b[L16treat_m4])*(8.7501608773808-4))+((_b[
> treat_p0])*(8.7501608773808+0)) + ((_b[treat_p1])*(8.7501608773808+1) ) + ((_
> b[treat_p2])*(8.7501608773808+2) ) + ((_b[treat_p3])*(8.7501608773808+3) ) + 
> ((_b[treat_p4])*(8.7501608773808+4) ) + ((_b[L4treat_p0])*(8.7501608773808+0)
> ) + ((_b[L4treat_p1])*(8.7501608773808+1)) + ((_b[L4treat_p2])*(8.75016087738
> 08+2)) + ((_b[L4treat_p3])*(8.7501608773808+3)) + ((_b[L4treat_p4])*(8.750160
> 8773808+4)) + ((_b[L8treat_p0])*(8.7501608773808+0)) + ((_b[L8treat_p1])*(8.7
> 501608773808+1)) + ((_b[L8treat_p2])*(8.7501608773808+2)) + ((_b[L8treat_p3])
> *(8.7501608773808+3)) + ((_b[L8treat_p4])*(8.7501608773808+4)) + ((_b[L12trea
> t_p0])*(8.7501608773808+0)) + ((_b[L12treat_p1])*(8.7501608773808+1)) + ((_b[
> L12treat_p2])*(8.7501608773808+2)) + ((_b[L12treat_p3])*(8.7501608773808+3)) 
> + ((_b[L12treat_p4])*(8.7501608773808+4)) + ((_b[L16treat_p0])*(8.75016087738
> 08+0)) + ((_b[L16treat_p1])*(8.7501608773808+1)) + ((_b[L16treat_p2])*(8.7501
> 608773808+2)) + ((_b[L16treat_p3])*(8.7501608773808+3)) + ((_b[L16treat_p4])*
> (8.7501608773808+4)))*(4*.2)/.7370898347888768 ) - ((((_b[treat_m1] ) + (_b[t
> reat_m2] ) + (_b[treat_m3] ) + (_b[treat_m4] ) + (_b[L4treat_m1]) + (_b[L4tre
> at_m2]) + (_b[L4treat_m3]) + (_b[L4treat_m4]) + (_b[L8treat_m1]) + (_b[L8trea
> t_m2]) + (_b[L8treat_m3]) + (_b[L8treat_m4]) + (_b[L12treat_m1]) + (_b[L12tre
> at_m2]) + (_b[L12treat_m3]) + (_b[L12treat_m4]) + (_b[L16treat_m1]) + (_b[L16
> treat_m2]) + (_b[L16treat_m3]) + (_b[L16treat_m4]) + (_b[treat_p0]) + (_b[tre
> at_p1] ) + (_b[treat_p2] ) + (_b[treat_p3] ) + (_b[treat_p4] ) + (_b[L4treat_
> p0]) + (_b[L4treat_p1]) + (_b[L4treat_p2]) + (_b[L4treat_p3]) + (_b[L4treat_p
> 4]) + (_b[L8treat_p0]) + (_b[L8treat_p1]) + (_b[L8treat_p2]) + (_b[L8treat_p3
> ]) + (_b[L8treat_p4]) + (_b[L12treat_p0]) + (_b[L12treat_p1]) + (_b[L12treat_
> p2]) + (_b[L12treat_p3]) + (_b[L12treat_p4]) + (_b[L16treat_p0]) + (_b[L16tre
> at_p1]) + (_b[L16treat_p2]) + (_b[L16treat_p3]) + (_b[L16treat_p4]))*(4*.2)*(
> 1/.3790443487331847))/.2643467193644577))) / (1+((((_b[treat_m1] ) + (_b[trea
> t_m2] ) + (_b[treat_m3] ) + (_b[treat_m4] ) + (_b[L4treat_m1]) + (_b[L4treat_
> m2]) + (_b[L4treat_m3]) + (_b[L4treat_m4]) + (_b[L8treat_m1]) + (_b[L8treat_m
> 2]) + (_b[L8treat_m3]) + (_b[L8treat_m4]) + (_b[L12treat_m1]) + (_b[L12treat_
> m2]) + (_b[L12treat_m3]) + (_b[L12treat_m4]) + (_b[L16treat_m1]) + (_b[L16tre
> at_m2]) + (_b[L16treat_m3]) + (_b[L16treat_m4]) + (_b[treat_p0]) + (_b[treat_
> p1] ) + (_b[treat_p2] ) + (_b[treat_p3] ) + (_b[treat_p4] ) + (_b[L4treat_p0]
> ) + (_b[L4treat_p1]) + (_b[L4treat_p2]) + (_b[L4treat_p3]) + (_b[L4treat_p4])
>  + (_b[L8treat_p0]) + (_b[L8treat_p1]) + (_b[L8treat_p2]) + (_b[L8treat_p3]) 
> + (_b[L8treat_p4]) + (_b[L12treat_p0]) + (_b[L12treat_p1]) + (_b[L12treat_p2]
> ) + (_b[L12treat_p3]) + (_b[L12treat_p4]) + (_b[L16treat_p0]) + (_b[L16treat_
> p1]) + (_b[L16treat_p2]) + (_b[L16treat_p3]) + (_b[L16treat_p4]))*(4*.2)*(1/.
> 3790443487331847))/.2643467193644577))

------------------------------------------------------------------------------
  HSDcountpc | Coefficient  Std. err.      z    P>|z|     [95% conf. interval]
-------------+----------------------------------------------------------------
       _nl_1 |   .0767298   .0130711     5.87   0.000      .051111    .1023486
------------------------------------------------------------------------------

added macro:
              e(WB_Eb) : "0.077***"

added macro:
             e(WB_Ese) : "(0.013)"

       _nl_1: (( (         0 + (1*_b[treat_m1]) + (2*_b[treat_m2]) + (3*_b[trea
> t_m3]) + (4*_b[treat_m4]))* (-1) +  (         0 + (2*_b[treat_m1]) + (3*_b[tr
> eat_m2]) + (4*_b[treat_m3]) + (5*_b[treat_m4]))* (0) +  (         0 + (3*_b[t
> reat_m1]) + (4*_b[treat_m2]) + (5*_b[treat_m3]) + (6*_b[treat_m4]))* (0) +  (
>          0 + (4*_b[treat_m1]) + (5*_b[treat_m2]) + (6*_b[treat_m3]) + (7*_b[t
> reat_m4]))* (0) +  (         0 + (5*_b[treat_m1]) + (6*_b[treat_m2]) + (7*_b[
> treat_m3]) + (8*_b[treat_m4]))* (0) +  (         0 + (1*_b[L4treat_m1]) + (2*
> _b[L4treat_m2]) + (3*_b[L4treat_m3]) + (4*_b[L4treat_m4]))* (-1) +  (        
>  0 + (2*_b[L4treat_m1]) + (3*_b[L4treat_m2]) + (4*_b[L4treat_m3]) + (5*_b[L4t
> reat_m4]))* (0) +  (         0 + (3*_b[L4treat_m1]) + (4*_b[L4treat_m2]) + (5
> *_b[L4treat_m3]) + (6*_b[L4treat_m4]))* (0) +  (         0 + (4*_b[L4treat_m1
> ]) + (5*_b[L4treat_m2]) + (6*_b[L4treat_m3]) + (7*_b[L4treat_m4]))* (0) +  ( 
>         0 + (5*_b[L4treat_m1]) + (6*_b[L4treat_m2]) + (7*_b[L4treat_m3]) + (8
> *_b[L4treat_m4]))* (0) +  (         0 + (1*_b[L8treat_m1]) + (2*_b[L8treat_m2
> ]) + (3*_b[L8treat_m3]) + (4*_b[L8treat_m4]))* (-1) +  (         0 + (2*_b[L8
> treat_m1]) + (3*_b[L8treat_m2]) + (4*_b[L8treat_m3]) + (5*_b[L8treat_m4]))* (
> 0) +  (         0 + (3*_b[L8treat_m1]) + (4*_b[L8treat_m2]) + (5*_b[L8treat_m
> 3]) + (6*_b[L8treat_m4]))* (0) +  (         0 + (4*_b[L8treat_m1]) + (5*_b[L8
> treat_m2]) + (6*_b[L8treat_m3]) + (7*_b[L8treat_m4]))* (0) +  (         0 + (
> 5*_b[L8treat_m1]) + (6*_b[L8treat_m2]) + (7*_b[L8treat_m3]) + (8*_b[L8treat_m
> 4]))* (0) +  (         0 + (1*_b[L12treat_m1]) + (2*_b[L12treat_m2]) + (3*_b[
> L12treat_m3]) + (4*_b[L12treat_m4]))* (-1) +  (         0 + (2*_b[L12treat_m1
> ]) + (3*_b[L12treat_m2]) + (4*_b[L12treat_m3]) + (5*_b[L12treat_m4]))* (0) + 
>  (         0 + (3*_b[L12treat_m1]) + (4*_b[L12treat_m2]) + (5*_b[L12treat_m3]
> ) + (6*_b[L12treat_m4]))* (0) +  (         0 + (4*_b[L12treat_m1]) + (5*_b[L1
> 2treat_m2]) + (6*_b[L12treat_m3]) + (7*_b[L12treat_m4]))* (0) +  (         0 
> + (5*_b[L12treat_m1]) + (6*_b[L12treat_m2]) + (7*_b[L12treat_m3]) + (8*_b[L12
> treat_m4]))* (0) +  (         0 + (1*_b[L16treat_m1]) + (2*_b[L16treat_m2]) +
>  (3*_b[L16treat_m3]) + (4*_b[L16treat_m4]))* (-1) +  (         0 + (2*_b[L16t
> reat_m1]) + (3*_b[L16treat_m2]) + (4*_b[L16treat_m3]) + (5*_b[L16treat_m4]))*
>  (0) +  (         0 + (3*_b[L16treat_m1]) + (4*_b[L16treat_m2]) + (5*_b[L16tr
> eat_m3]) + (6*_b[L16treat_m4]))* (0) +  (         0 + (4*_b[L16treat_m1]) + (
> 5*_b[L16treat_m2]) + (6*_b[L16treat_m3]) + (7*_b[L16treat_m4]))* (0) +  (    
>      0 + (5*_b[L16treat_m1]) + (6*_b[L16treat_m2]) + (7*_b[L16treat_m3]) + (8
> *_b[L16treat_m4]))* (0))/.7370898347888768)*(4*.2)

------------------------------------------------------------------------------
  HSDcountpc | Coefficient  Std. err.      z    P>|z|     [95% conf. interval]
-------------+----------------------------------------------------------------
       _nl_1 |   .0483726   .0086768     5.57   0.000     .0313664    .0653788
------------------------------------------------------------------------------

added macro:
              e(WB_Eb) : "0.048***"

added macro:
             e(WB_Ese) : "(0.009)"

          a1: ((((((_b[treat_m1])*(8.7501608773808-1) ) + ((_b[treat_m2])*(8.75
> 01608773808-2) ) + ((_b[treat_m3])*(8.7501608773808-3) ) + ((_b[treat_m4])*(8
> .7501608773808-4) ) + ((_b[L4treat_m1])*(8.7501608773808-1) ) + ((_b[L4treat_
> m2])*(8.7501608773808-2)) + ((_b[L4treat_m3])*(8.7501608773808-3)) + ((_b[L4t
> reat_m4])*(8.7501608773808-4)) + ((_b[L8treat_m1])*(8.7501608773808-1) ) + ((
> _b[L8treat_m2])*(8.7501608773808-2)) + ((_b[L8treat_m3])*(8.7501608773808-3))
>  + ((_b[L8treat_m4])*(8.7501608773808-4)) + ((_b[L12treat_m1])*(8.75016087738
> 08-1) ) + ((_b[L12treat_m2])*(8.7501608773808-2)) + ((_b[L12treat_m3])*(8.750
> 1608773808-3)) + ((_b[L12treat_m4])*(8.7501608773808-4)) + ((_b[L16treat_m1])
> *(8.7501608773808-1) ) + ((_b[L16treat_m2])*(8.7501608773808-2)) + ((_b[L16tr
> eat_m3])*(8.7501608773808-3)) + ((_b[L16treat_m4])*(8.7501608773808-4))+((_b[
> treat_p0])*(8.7501608773808+0)) + ((_b[treat_p1])*(8.7501608773808+1) ) + ((_
> b[treat_p2])*(8.7501608773808+2) ) + ((_b[treat_p3])*(8.7501608773808+3) ) + 
> ((_b[treat_p4])*(8.7501608773808+4) ) + ((_b[L4treat_p0])*(8.7501608773808+0)
> ) + ((_b[L4treat_p1])*(8.7501608773808+1)) + ((_b[L4treat_p2])*(8.75016087738
> 08+2)) + ((_b[L4treat_p3])*(8.7501608773808+3)) + ((_b[L4treat_p4])*(8.750160
> 8773808+4)) + ((_b[L8treat_p0])*(8.7501608773808+0)) + ((_b[L8treat_p1])*(8.7
> 501608773808+1)) + ((_b[L8treat_p2])*(8.7501608773808+2)) + ((_b[L8treat_p3])
> *(8.7501608773808+3)) + ((_b[L8treat_p4])*(8.7501608773808+4)) + ((_b[L12trea
> t_p0])*(8.7501608773808+0)) + ((_b[L12treat_p1])*(8.7501608773808+1)) + ((_b[
> L12treat_p2])*(8.7501608773808+2)) + ((_b[L12treat_p3])*(8.7501608773808+3)) 
> + ((_b[L12treat_p4])*(8.7501608773808+4)) + ((_b[L16treat_p0])*(8.75016087738
> 08+0)) + ((_b[L16treat_p1])*(8.7501608773808+1)) + ((_b[L16treat_p2])*(8.7501
> 608773808+2)) + ((_b[L16treat_p3])*(8.7501608773808+3)) + ((_b[L16treat_p4])*
> (8.7501608773808+4)))*(4*.2)/.7370898347888768 ) - ((((_b[treat_m1] ) + (_b[t
> reat_m2] ) + (_b[treat_m3] ) + (_b[treat_m4] ) + (_b[L4treat_m1]) + (_b[L4tre
> at_m2]) + (_b[L4treat_m3]) + (_b[L4treat_m4]) + (_b[L8treat_m1]) + (_b[L8trea
> t_m2]) + (_b[L8treat_m3]) + (_b[L8treat_m4]) + (_b[L12treat_m1]) + (_b[L12tre
> at_m2]) + (_b[L12treat_m3]) + (_b[L12treat_m4]) + (_b[L16treat_m1]) + (_b[L16
> treat_m2]) + (_b[L16treat_m3]) + (_b[L16treat_m4]) + (_b[treat_p0]) + (_b[tre
> at_p1] ) + (_b[treat_p2] ) + (_b[treat_p3] ) + (_b[treat_p4] ) + (_b[L4treat_
> p0]) + (_b[L4treat_p1]) + (_b[L4treat_p2]) + (_b[L4treat_p3]) + (_b[L4treat_p
> 4]) + (_b[L8treat_p0]) + (_b[L8treat_p1]) + (_b[L8treat_p2]) + (_b[L8treat_p3
> ]) + (_b[L8treat_p4]) + (_b[L12treat_p0]) + (_b[L12treat_p1]) + (_b[L12treat_
> p2]) + (_b[L12treat_p3]) + (_b[L12treat_p4]) + (_b[L16treat_p0]) + (_b[L16tre
> at_p1]) + (_b[L16treat_p2]) + (_b[L16treat_p3]) + (_b[L16treat_p4]))*(4*.2)*(
> 1/.3790443487331847))/.2643467193644577))) / (1+((((_b[treat_m1] ) + (_b[trea
> t_m2] ) + (_b[treat_m3] ) + (_b[treat_m4] ) + (_b[L4treat_m1]) + (_b[L4treat_
> m2]) + (_b[L4treat_m3]) + (_b[L4treat_m4]) + (_b[L8treat_m1]) + (_b[L8treat_m
> 2]) + (_b[L8treat_m3]) + (_b[L8treat_m4]) + (_b[L12treat_m1]) + (_b[L12treat_
> m2]) + (_b[L12treat_m3]) + (_b[L12treat_m4]) + (_b[L16treat_m1]) + (_b[L16tre
> at_m2]) + (_b[L16treat_m3]) + (_b[L16treat_m4]) + (_b[treat_p0]) + (_b[treat_
> p1] ) + (_b[treat_p2] ) + (_b[treat_p3] ) + (_b[treat_p4] ) + (_b[L4treat_p0]
> ) + (_b[L4treat_p1]) + (_b[L4treat_p2]) + (_b[L4treat_p3]) + (_b[L4treat_p4])
>  + (_b[L8treat_p0]) + (_b[L8treat_p1]) + (_b[L8treat_p2]) + (_b[L8treat_p3]) 
> + (_b[L8treat_p4]) + (_b[L12treat_p0]) + (_b[L12treat_p1]) + (_b[L12treat_p2]
> ) + (_b[L12treat_p3]) + (_b[L12treat_p4]) + (_b[L16treat_p0]) + (_b[L16treat_
> p1]) + (_b[L16treat_p2]) + (_b[L16treat_p3]) + (_b[L16treat_p4]))*(4*.2)*(1/.
> 3790443487331847))/.2643467193644577))
          a2: (( (         0 + (1*_b[treat_m1]) + (2*_b[treat_m2]) + (3*_b[trea
> t_m3]) + (4*_b[treat_m4]))* (-1) +  (         0 + (2*_b[treat_m1]) + (3*_b[tr
> eat_m2]) + (4*_b[treat_m3]) + (5*_b[treat_m4]))* (0) +  (         0 + (3*_b[t
> reat_m1]) + (4*_b[treat_m2]) + (5*_b[treat_m3]) + (6*_b[treat_m4]))* (0) +  (
>          0 + (4*_b[treat_m1]) + (5*_b[treat_m2]) + (6*_b[treat_m3]) + (7*_b[t
> reat_m4]))* (0) +  (         0 + (5*_b[treat_m1]) + (6*_b[treat_m2]) + (7*_b[
> treat_m3]) + (8*_b[treat_m4]))* (0) +  (         0 + (1*_b[L4treat_m1]) + (2*
> _b[L4treat_m2]) + (3*_b[L4treat_m3]) + (4*_b[L4treat_m4]))* (-1) +  (        
>  0 + (2*_b[L4treat_m1]) + (3*_b[L4treat_m2]) + (4*_b[L4treat_m3]) + (5*_b[L4t
> reat_m4]))* (0) +  (         0 + (3*_b[L4treat_m1]) + (4*_b[L4treat_m2]) + (5
> *_b[L4treat_m3]) + (6*_b[L4treat_m4]))* (0) +  (         0 + (4*_b[L4treat_m1
> ]) + (5*_b[L4treat_m2]) + (6*_b[L4treat_m3]) + (7*_b[L4treat_m4]))* (0) +  ( 
>         0 + (5*_b[L4treat_m1]) + (6*_b[L4treat_m2]) + (7*_b[L4treat_m3]) + (8
> *_b[L4treat_m4]))* (0) +  (         0 + (1*_b[L8treat_m1]) + (2*_b[L8treat_m2
> ]) + (3*_b[L8treat_m3]) + (4*_b[L8treat_m4]))* (-1) +  (         0 + (2*_b[L8
> treat_m1]) + (3*_b[L8treat_m2]) + (4*_b[L8treat_m3]) + (5*_b[L8treat_m4]))* (
> 0) +  (         0 + (3*_b[L8treat_m1]) + (4*_b[L8treat_m2]) + (5*_b[L8treat_m
> 3]) + (6*_b[L8treat_m4]))* (0) +  (         0 + (4*_b[L8treat_m1]) + (5*_b[L8
> treat_m2]) + (6*_b[L8treat_m3]) + (7*_b[L8treat_m4]))* (0) +  (         0 + (
> 5*_b[L8treat_m1]) + (6*_b[L8treat_m2]) + (7*_b[L8treat_m3]) + (8*_b[L8treat_m
> 4]))* (0) +  (         0 + (1*_b[L12treat_m1]) + (2*_b[L12treat_m2]) + (3*_b[
> L12treat_m3]) + (4*_b[L12treat_m4]))* (-1) +  (         0 + (2*_b[L12treat_m1
> ]) + (3*_b[L12treat_m2]) + (4*_b[L12treat_m3]) + (5*_b[L12treat_m4]))* (0) + 
>  (         0 + (3*_b[L12treat_m1]) + (4*_b[L12treat_m2]) + (5*_b[L12treat_m3]
> ) + (6*_b[L12treat_m4]))* (0) +  (         0 + (4*_b[L12treat_m1]) + (5*_b[L1
> 2treat_m2]) + (6*_b[L12treat_m3]) + (7*_b[L12treat_m4]))* (0) +  (         0 
> + (5*_b[L12treat_m1]) + (6*_b[L12treat_m2]) + (7*_b[L12treat_m3]) + (8*_b[L12
> treat_m4]))* (0) +  (         0 + (1*_b[L16treat_m1]) + (2*_b[L16treat_m2]) +
>  (3*_b[L16treat_m3]) + (4*_b[L16treat_m4]))* (-1) +  (         0 + (2*_b[L16t
> reat_m1]) + (3*_b[L16treat_m2]) + (4*_b[L16treat_m3]) + (5*_b[L16treat_m4]))*
>  (0) +  (         0 + (3*_b[L16treat_m1]) + (4*_b[L16treat_m2]) + (5*_b[L16tr
> eat_m3]) + (6*_b[L16treat_m4]))* (0) +  (         0 + (4*_b[L16treat_m1]) + (
> 5*_b[L16treat_m2]) + (6*_b[L16treat_m3]) + (7*_b[L16treat_m4]))* (0) +  (    
>      0 + (5*_b[L16treat_m1]) + (6*_b[L16treat_m2]) + (7*_b[L16treat_m3]) + (8
> *_b[L16treat_m4]))* (0))/.7370898347888768)*(4*.2)

------------------------------------------------------------------------------
  HSDcountpc | Coefficient  Std. err.      z    P>|z|     [95% conf. interval]
-------------+----------------------------------------------------------------
          a1 |   .0767298   .0130711     5.87   0.000      .051111    .1023486
          a2 |   .0483726   .0086768     5.57   0.000     .0313664    .0653788
------------------------------------------------------------------------------

       _nl_1: 1-(_b[a2]/_b[a1])

------------------------------------------------------------------------------
  HSDcountpc | Coefficient  Std. err.      z    P>|z|     [95% conf. interval]
-------------+----------------------------------------------------------------
       _nl_1 |   .3695723    .077545     4.77   0.000     .2175869    .5215577
------------------------------------------------------------------------------

added macro:
              e(WB_Eb) : "0.370***"

added macro:
             e(WB_Ese) : "(0.078)"

    Variable |     Obs      Weight        Mean   Std. dev.       Min        Max
-------------+-----------------------------------------------------------------
    DMW_real |  16,029  6.0181e+09    .8010567    .405634   .2514448   2.193727

    Variable |     Obs      Weight        Mean   Std. dev.       Min        Max
-------------+-----------------------------------------------------------------
     MW_real |  22,113  8.0463e+09    7.843881   .9419067   6.075942   11.42869

    Variable |     Obs      Weight        Mean   Std. dev.       Min        Max
-------------+-----------------------------------------------------------------
teencountp~l |  63,531  2.4030e+10    .3802038   .1242944   .0479535    1.44269

    Variable |     Obs      Weight        Mean   Std. dev.       Min        Max
-------------+-----------------------------------------------------------------
teencountp~m |     552   207196904    .1640851   .0690154          0   .9459233

    Variable |     Obs      Weight        Mean   Std. dev.       Min        Max
-------------+-----------------------------------------------------------------
teencountp~m |     547   205562183     .108492   .0577999          0   .8685457

    Variable |     Obs      Weight        Mean   Std. dev.       Min        Max
-------------+-----------------------------------------------------------------
teenWBpcrs~H |     552   207196904    1.210582   .5168923          0   6.467453
Make sure that belowL16 and aboveL16 exists. Otherwise the program does not wor
> k. Assertion will be false.

       _nl_1: ((((((_b[treat_m1])*(8.774079624988891-1) ) + ((_b[treat_m2])*(8.
> 774079624988891-2) ) + ((_b[treat_m3])*(8.774079624988891-3) ) + ((_b[treat_m
> 4])*(8.774079624988891-4) ) + ((_b[L4treat_m1])*(8.774079624988891-1) ) + ((_
> b[L4treat_m2])*(8.774079624988891-2)) + ((_b[L4treat_m3])*(8.774079624988891-
> 3)) + ((_b[L4treat_m4])*(8.774079624988891-4)) + ((_b[L8treat_m1])*(8.7740796
> 24988891-1) ) + ((_b[L8treat_m2])*(8.774079624988891-2)) + ((_b[L8treat_m3])*
> (8.774079624988891-3)) + ((_b[L8treat_m4])*(8.774079624988891-4)) + ((_b[L12t
> reat_m1])*(8.774079624988891-1) ) + ((_b[L12treat_m2])*(8.774079624988891-2))
>  + ((_b[L12treat_m3])*(8.774079624988891-3)) + ((_b[L12treat_m4])*(8.77407962
> 4988891-4)) + ((_b[L16treat_m1])*(8.774079624988891-1) ) + ((_b[L16treat_m2])
> *(8.774079624988891-2)) + ((_b[L16treat_m3])*(8.774079624988891-3)) + ((_b[L1
> 6treat_m4])*(8.774079624988891-4))+((_b[treat_p0])*(8.774079624988891+0)) + (
> (_b[treat_p1])*(8.774079624988891+1) ) + ((_b[treat_p2])*(8.774079624988891+2
> ) ) + ((_b[treat_p3])*(8.774079624988891+3) ) + ((_b[treat_p4])*(8.7740796249
> 88891+4) ) + ((_b[L4treat_p0])*(8.774079624988891+0)) + ((_b[L4treat_p1])*(8.
> 774079624988891+1)) + ((_b[L4treat_p2])*(8.774079624988891+2)) + ((_b[L4treat
> _p3])*(8.774079624988891+3)) + ((_b[L4treat_p4])*(8.774079624988891+4)) + ((_
> b[L8treat_p0])*(8.774079624988891+0)) + ((_b[L8treat_p1])*(8.774079624988891+
> 1)) + ((_b[L8treat_p2])*(8.774079624988891+2)) + ((_b[L8treat_p3])*(8.7740796
> 24988891+3)) + ((_b[L8treat_p4])*(8.774079624988891+4)) + ((_b[L12treat_p0])*
> (8.774079624988891+0)) + ((_b[L12treat_p1])*(8.774079624988891+1)) + ((_b[L12
> treat_p2])*(8.774079624988891+2)) + ((_b[L12treat_p3])*(8.774079624988891+3))
>  + ((_b[L12treat_p4])*(8.774079624988891+4)) + ((_b[L16treat_p0])*(8.77407962
> 4988891+0)) + ((_b[L16treat_p1])*(8.774079624988891+1)) + ((_b[L16treat_p2])*
> (8.774079624988891+2)) + ((_b[L16treat_p3])*(8.774079624988891+3)) + ((_b[L16
> treat_p4])*(8.774079624988891+4)))*(4*.2)/1.210582187669957 ) - ((((_b[treat_
> m1] ) + (_b[treat_m2] ) + (_b[treat_m3] ) + (_b[treat_m4] ) + (_b[L4treat_m1]
> ) + (_b[L4treat_m2]) + (_b[L4treat_m3]) + (_b[L4treat_m4]) + (_b[L8treat_m1])
>  + (_b[L8treat_m2]) + (_b[L8treat_m3]) + (_b[L8treat_m4]) + (_b[L12treat_m1])
>  + (_b[L12treat_m2]) + (_b[L12treat_m3]) + (_b[L12treat_m4]) + (_b[L16treat_m
> 1]) + (_b[L16treat_m2]) + (_b[L16treat_m3]) + (_b[L16treat_m4]) + (_b[treat_p
> 0]) + (_b[treat_p1] ) + (_b[treat_p2] ) + (_b[treat_p3] ) + (_b[treat_p4] ) +
>  (_b[L4treat_p0]) + (_b[L4treat_p1]) + (_b[L4treat_p2]) + (_b[L4treat_p3]) + 
> (_b[L4treat_p4]) + (_b[L8treat_p0]) + (_b[L8treat_p1]) + (_b[L8treat_p2]) + (
> _b[L8treat_p3]) + (_b[L8treat_p4]) + (_b[L12treat_p0]) + (_b[L12treat_p1]) + 
> (_b[L12treat_p2]) + (_b[L12treat_p3]) + (_b[L12treat_p4]) + (_b[L16treat_p0])
>  + (_b[L16treat_p1]) + (_b[L16treat_p2]) + (_b[L16treat_p3]) + (_b[L16treat_p
> 4]))*(4*.2)*(1/.3802037742229645))/.4315713956038943))) / (1+((((_b[treat_m1]
>  ) + (_b[treat_m2] ) + (_b[treat_m3] ) + (_b[treat_m4] ) + (_b[L4treat_m1]) +
>  (_b[L4treat_m2]) + (_b[L4treat_m3]) + (_b[L4treat_m4]) + (_b[L8treat_m1]) + 
> (_b[L8treat_m2]) + (_b[L8treat_m3]) + (_b[L8treat_m4]) + (_b[L12treat_m1]) + 
> (_b[L12treat_m2]) + (_b[L12treat_m3]) + (_b[L12treat_m4]) + (_b[L16treat_m1])
>  + (_b[L16treat_m2]) + (_b[L16treat_m3]) + (_b[L16treat_m4]) + (_b[treat_p0])
>  + (_b[treat_p1] ) + (_b[treat_p2] ) + (_b[treat_p3] ) + (_b[treat_p4] ) + (_
> b[L4treat_p0]) + (_b[L4treat_p1]) + (_b[L4treat_p2]) + (_b[L4treat_p3]) + (_b
> [L4treat_p4]) + (_b[L8treat_p0]) + (_b[L8treat_p1]) + (_b[L8treat_p2]) + (_b[
> L8treat_p3]) + (_b[L8treat_p4]) + (_b[L12treat_p0]) + (_b[L12treat_p1]) + (_b
> [L12treat_p2]) + (_b[L12treat_p3]) + (_b[L12treat_p4]) + (_b[L16treat_p0]) + 
> (_b[L16treat_p1]) + (_b[L16treat_p2]) + (_b[L16treat_p3]) + (_b[L16treat_p4])
> )*(4*.2)*(1/.3802037742229645))/.4315713956038943))

------------------------------------------------------------------------------
 teencountpc | Coefficient  Std. err.      z    P>|z|     [95% conf. interval]
-------------+----------------------------------------------------------------
       _nl_1 |   .0806887   .0154624     5.22   0.000     .0503829    .1109945
------------------------------------------------------------------------------

added macro:
              e(WB_Eb) : "0.081***"

added macro:
             e(WB_Ese) : "(0.015)"

       _nl_1: (( (         0 + (1*_b[treat_m1]) + (2*_b[treat_m2]) + (3*_b[trea
> t_m3]) + (4*_b[treat_m4]))* (-1) +  (         0 + (2*_b[treat_m1]) + (3*_b[tr
> eat_m2]) + (4*_b[treat_m3]) + (5*_b[treat_m4]))* (0) +  (         0 + (3*_b[t
> reat_m1]) + (4*_b[treat_m2]) + (5*_b[treat_m3]) + (6*_b[treat_m4]))* (0) +  (
>          0 + (4*_b[treat_m1]) + (5*_b[treat_m2]) + (6*_b[treat_m3]) + (7*_b[t
> reat_m4]))* (0) +  (         0 + (5*_b[treat_m1]) + (6*_b[treat_m2]) + (7*_b[
> treat_m3]) + (8*_b[treat_m4]))* (0) +  (         0 + (1*_b[L4treat_m1]) + (2*
> _b[L4treat_m2]) + (3*_b[L4treat_m3]) + (4*_b[L4treat_m4]))* (-1) +  (        
>  0 + (2*_b[L4treat_m1]) + (3*_b[L4treat_m2]) + (4*_b[L4treat_m3]) + (5*_b[L4t
> reat_m4]))* (0) +  (         0 + (3*_b[L4treat_m1]) + (4*_b[L4treat_m2]) + (5
> *_b[L4treat_m3]) + (6*_b[L4treat_m4]))* (0) +  (         0 + (4*_b[L4treat_m1
> ]) + (5*_b[L4treat_m2]) + (6*_b[L4treat_m3]) + (7*_b[L4treat_m4]))* (0) +  ( 
>         0 + (5*_b[L4treat_m1]) + (6*_b[L4treat_m2]) + (7*_b[L4treat_m3]) + (8
> *_b[L4treat_m4]))* (0) +  (         0 + (1*_b[L8treat_m1]) + (2*_b[L8treat_m2
> ]) + (3*_b[L8treat_m3]) + (4*_b[L8treat_m4]))* (-1) +  (         0 + (2*_b[L8
> treat_m1]) + (3*_b[L8treat_m2]) + (4*_b[L8treat_m3]) + (5*_b[L8treat_m4]))* (
> 0) +  (         0 + (3*_b[L8treat_m1]) + (4*_b[L8treat_m2]) + (5*_b[L8treat_m
> 3]) + (6*_b[L8treat_m4]))* (0) +  (         0 + (4*_b[L8treat_m1]) + (5*_b[L8
> treat_m2]) + (6*_b[L8treat_m3]) + (7*_b[L8treat_m4]))* (0) +  (         0 + (
> 5*_b[L8treat_m1]) + (6*_b[L8treat_m2]) + (7*_b[L8treat_m3]) + (8*_b[L8treat_m
> 4]))* (0) +  (         0 + (1*_b[L12treat_m1]) + (2*_b[L12treat_m2]) + (3*_b[
> L12treat_m3]) + (4*_b[L12treat_m4]))* (-1) +  (         0 + (2*_b[L12treat_m1
> ]) + (3*_b[L12treat_m2]) + (4*_b[L12treat_m3]) + (5*_b[L12treat_m4]))* (0) + 
>  (         0 + (3*_b[L12treat_m1]) + (4*_b[L12treat_m2]) + (5*_b[L12treat_m3]
> ) + (6*_b[L12treat_m4]))* (0) +  (         0 + (4*_b[L12treat_m1]) + (5*_b[L1
> 2treat_m2]) + (6*_b[L12treat_m3]) + (7*_b[L12treat_m4]))* (0) +  (         0 
> + (5*_b[L12treat_m1]) + (6*_b[L12treat_m2]) + (7*_b[L12treat_m3]) + (8*_b[L12
> treat_m4]))* (0) +  (         0 + (1*_b[L16treat_m1]) + (2*_b[L16treat_m2]) +
>  (3*_b[L16treat_m3]) + (4*_b[L16treat_m4]))* (-1) +  (         0 + (2*_b[L16t
> reat_m1]) + (3*_b[L16treat_m2]) + (4*_b[L16treat_m3]) + (5*_b[L16treat_m4]))*
>  (0) +  (         0 + (3*_b[L16treat_m1]) + (4*_b[L16treat_m2]) + (5*_b[L16tr
> eat_m3]) + (6*_b[L16treat_m4]))* (0) +  (         0 + (4*_b[L16treat_m1]) + (
> 5*_b[L16treat_m2]) + (6*_b[L16treat_m3]) + (7*_b[L16treat_m4]))* (0) +  (    
>      0 + (5*_b[L16treat_m1]) + (6*_b[L16treat_m2]) + (7*_b[L16treat_m3]) + (8
> *_b[L16treat_m4]))* (0))/1.210582187669957)*(4*.2)

------------------------------------------------------------------------------
 teencountpc | Coefficient  Std. err.      z    P>|z|     [95% conf. interval]
-------------+----------------------------------------------------------------
       _nl_1 |   .0527233   .0066861     7.89   0.000     .0396187    .0658279
------------------------------------------------------------------------------

added macro:
              e(WB_Eb) : "0.053***"

added macro:
             e(WB_Ese) : "(0.007)"

          a1: ((((((_b[treat_m1])*(8.774079624988891-1) ) + ((_b[treat_m2])*(8.
> 774079624988891-2) ) + ((_b[treat_m3])*(8.774079624988891-3) ) + ((_b[treat_m
> 4])*(8.774079624988891-4) ) + ((_b[L4treat_m1])*(8.774079624988891-1) ) + ((_
> b[L4treat_m2])*(8.774079624988891-2)) + ((_b[L4treat_m3])*(8.774079624988891-
> 3)) + ((_b[L4treat_m4])*(8.774079624988891-4)) + ((_b[L8treat_m1])*(8.7740796
> 24988891-1) ) + ((_b[L8treat_m2])*(8.774079624988891-2)) + ((_b[L8treat_m3])*
> (8.774079624988891-3)) + ((_b[L8treat_m4])*(8.774079624988891-4)) + ((_b[L12t
> reat_m1])*(8.774079624988891-1) ) + ((_b[L12treat_m2])*(8.774079624988891-2))
>  + ((_b[L12treat_m3])*(8.774079624988891-3)) + ((_b[L12treat_m4])*(8.77407962
> 4988891-4)) + ((_b[L16treat_m1])*(8.774079624988891-1) ) + ((_b[L16treat_m2])
> *(8.774079624988891-2)) + ((_b[L16treat_m3])*(8.774079624988891-3)) + ((_b[L1
> 6treat_m4])*(8.774079624988891-4))+((_b[treat_p0])*(8.774079624988891+0)) + (
> (_b[treat_p1])*(8.774079624988891+1) ) + ((_b[treat_p2])*(8.774079624988891+2
> ) ) + ((_b[treat_p3])*(8.774079624988891+3) ) + ((_b[treat_p4])*(8.7740796249
> 88891+4) ) + ((_b[L4treat_p0])*(8.774079624988891+0)) + ((_b[L4treat_p1])*(8.
> 774079624988891+1)) + ((_b[L4treat_p2])*(8.774079624988891+2)) + ((_b[L4treat
> _p3])*(8.774079624988891+3)) + ((_b[L4treat_p4])*(8.774079624988891+4)) + ((_
> b[L8treat_p0])*(8.774079624988891+0)) + ((_b[L8treat_p1])*(8.774079624988891+
> 1)) + ((_b[L8treat_p2])*(8.774079624988891+2)) + ((_b[L8treat_p3])*(8.7740796
> 24988891+3)) + ((_b[L8treat_p4])*(8.774079624988891+4)) + ((_b[L12treat_p0])*
> (8.774079624988891+0)) + ((_b[L12treat_p1])*(8.774079624988891+1)) + ((_b[L12
> treat_p2])*(8.774079624988891+2)) + ((_b[L12treat_p3])*(8.774079624988891+3))
>  + ((_b[L12treat_p4])*(8.774079624988891+4)) + ((_b[L16treat_p0])*(8.77407962
> 4988891+0)) + ((_b[L16treat_p1])*(8.774079624988891+1)) + ((_b[L16treat_p2])*
> (8.774079624988891+2)) + ((_b[L16treat_p3])*(8.774079624988891+3)) + ((_b[L16
> treat_p4])*(8.774079624988891+4)))*(4*.2)/1.210582187669957 ) - ((((_b[treat_
> m1] ) + (_b[treat_m2] ) + (_b[treat_m3] ) + (_b[treat_m4] ) + (_b[L4treat_m1]
> ) + (_b[L4treat_m2]) + (_b[L4treat_m3]) + (_b[L4treat_m4]) + (_b[L8treat_m1])
>  + (_b[L8treat_m2]) + (_b[L8treat_m3]) + (_b[L8treat_m4]) + (_b[L12treat_m1])
>  + (_b[L12treat_m2]) + (_b[L12treat_m3]) + (_b[L12treat_m4]) + (_b[L16treat_m
> 1]) + (_b[L16treat_m2]) + (_b[L16treat_m3]) + (_b[L16treat_m4]) + (_b[treat_p
> 0]) + (_b[treat_p1] ) + (_b[treat_p2] ) + (_b[treat_p3] ) + (_b[treat_p4] ) +
>  (_b[L4treat_p0]) + (_b[L4treat_p1]) + (_b[L4treat_p2]) + (_b[L4treat_p3]) + 
> (_b[L4treat_p4]) + (_b[L8treat_p0]) + (_b[L8treat_p1]) + (_b[L8treat_p2]) + (
> _b[L8treat_p3]) + (_b[L8treat_p4]) + (_b[L12treat_p0]) + (_b[L12treat_p1]) + 
> (_b[L12treat_p2]) + (_b[L12treat_p3]) + (_b[L12treat_p4]) + (_b[L16treat_p0])
>  + (_b[L16treat_p1]) + (_b[L16treat_p2]) + (_b[L16treat_p3]) + (_b[L16treat_p
> 4]))*(4*.2)*(1/.3802037742229645))/.4315713956038943))) / (1+((((_b[treat_m1]
>  ) + (_b[treat_m2] ) + (_b[treat_m3] ) + (_b[treat_m4] ) + (_b[L4treat_m1]) +
>  (_b[L4treat_m2]) + (_b[L4treat_m3]) + (_b[L4treat_m4]) + (_b[L8treat_m1]) + 
> (_b[L8treat_m2]) + (_b[L8treat_m3]) + (_b[L8treat_m4]) + (_b[L12treat_m1]) + 
> (_b[L12treat_m2]) + (_b[L12treat_m3]) + (_b[L12treat_m4]) + (_b[L16treat_m1])
>  + (_b[L16treat_m2]) + (_b[L16treat_m3]) + (_b[L16treat_m4]) + (_b[treat_p0])
>  + (_b[treat_p1] ) + (_b[treat_p2] ) + (_b[treat_p3] ) + (_b[treat_p4] ) + (_
> b[L4treat_p0]) + (_b[L4treat_p1]) + (_b[L4treat_p2]) + (_b[L4treat_p3]) + (_b
> [L4treat_p4]) + (_b[L8treat_p0]) + (_b[L8treat_p1]) + (_b[L8treat_p2]) + (_b[
> L8treat_p3]) + (_b[L8treat_p4]) + (_b[L12treat_p0]) + (_b[L12treat_p1]) + (_b
> [L12treat_p2]) + (_b[L12treat_p3]) + (_b[L12treat_p4]) + (_b[L16treat_p0]) + 
> (_b[L16treat_p1]) + (_b[L16treat_p2]) + (_b[L16treat_p3]) + (_b[L16treat_p4])
> )*(4*.2)*(1/.3802037742229645))/.4315713956038943))
          a2: (( (         0 + (1*_b[treat_m1]) + (2*_b[treat_m2]) + (3*_b[trea
> t_m3]) + (4*_b[treat_m4]))* (-1) +  (         0 + (2*_b[treat_m1]) + (3*_b[tr
> eat_m2]) + (4*_b[treat_m3]) + (5*_b[treat_m4]))* (0) +  (         0 + (3*_b[t
> reat_m1]) + (4*_b[treat_m2]) + (5*_b[treat_m3]) + (6*_b[treat_m4]))* (0) +  (
>          0 + (4*_b[treat_m1]) + (5*_b[treat_m2]) + (6*_b[treat_m3]) + (7*_b[t
> reat_m4]))* (0) +  (         0 + (5*_b[treat_m1]) + (6*_b[treat_m2]) + (7*_b[
> treat_m3]) + (8*_b[treat_m4]))* (0) +  (         0 + (1*_b[L4treat_m1]) + (2*
> _b[L4treat_m2]) + (3*_b[L4treat_m3]) + (4*_b[L4treat_m4]))* (-1) +  (        
>  0 + (2*_b[L4treat_m1]) + (3*_b[L4treat_m2]) + (4*_b[L4treat_m3]) + (5*_b[L4t
> reat_m4]))* (0) +  (         0 + (3*_b[L4treat_m1]) + (4*_b[L4treat_m2]) + (5
> *_b[L4treat_m3]) + (6*_b[L4treat_m4]))* (0) +  (         0 + (4*_b[L4treat_m1
> ]) + (5*_b[L4treat_m2]) + (6*_b[L4treat_m3]) + (7*_b[L4treat_m4]))* (0) +  ( 
>         0 + (5*_b[L4treat_m1]) + (6*_b[L4treat_m2]) + (7*_b[L4treat_m3]) + (8
> *_b[L4treat_m4]))* (0) +  (         0 + (1*_b[L8treat_m1]) + (2*_b[L8treat_m2
> ]) + (3*_b[L8treat_m3]) + (4*_b[L8treat_m4]))* (-1) +  (         0 + (2*_b[L8
> treat_m1]) + (3*_b[L8treat_m2]) + (4*_b[L8treat_m3]) + (5*_b[L8treat_m4]))* (
> 0) +  (         0 + (3*_b[L8treat_m1]) + (4*_b[L8treat_m2]) + (5*_b[L8treat_m
> 3]) + (6*_b[L8treat_m4]))* (0) +  (         0 + (4*_b[L8treat_m1]) + (5*_b[L8
> treat_m2]) + (6*_b[L8treat_m3]) + (7*_b[L8treat_m4]))* (0) +  (         0 + (
> 5*_b[L8treat_m1]) + (6*_b[L8treat_m2]) + (7*_b[L8treat_m3]) + (8*_b[L8treat_m
> 4]))* (0) +  (         0 + (1*_b[L12treat_m1]) + (2*_b[L12treat_m2]) + (3*_b[
> L12treat_m3]) + (4*_b[L12treat_m4]))* (-1) +  (         0 + (2*_b[L12treat_m1
> ]) + (3*_b[L12treat_m2]) + (4*_b[L12treat_m3]) + (5*_b[L12treat_m4]))* (0) + 
>  (         0 + (3*_b[L12treat_m1]) + (4*_b[L12treat_m2]) + (5*_b[L12treat_m3]
> ) + (6*_b[L12treat_m4]))* (0) +  (         0 + (4*_b[L12treat_m1]) + (5*_b[L1
> 2treat_m2]) + (6*_b[L12treat_m3]) + (7*_b[L12treat_m4]))* (0) +  (         0 
> + (5*_b[L12treat_m1]) + (6*_b[L12treat_m2]) + (7*_b[L12treat_m3]) + (8*_b[L12
> treat_m4]))* (0) +  (         0 + (1*_b[L16treat_m1]) + (2*_b[L16treat_m2]) +
>  (3*_b[L16treat_m3]) + (4*_b[L16treat_m4]))* (-1) +  (         0 + (2*_b[L16t
> reat_m1]) + (3*_b[L16treat_m2]) + (4*_b[L16treat_m3]) + (5*_b[L16treat_m4]))*
>  (0) +  (         0 + (3*_b[L16treat_m1]) + (4*_b[L16treat_m2]) + (5*_b[L16tr
> eat_m3]) + (6*_b[L16treat_m4]))* (0) +  (         0 + (4*_b[L16treat_m1]) + (
> 5*_b[L16treat_m2]) + (6*_b[L16treat_m3]) + (7*_b[L16treat_m4]))* (0) +  (    
>      0 + (5*_b[L16treat_m1]) + (6*_b[L16treat_m2]) + (7*_b[L16treat_m3]) + (8
> *_b[L16treat_m4]))* (0))/1.210582187669957)*(4*.2)

------------------------------------------------------------------------------
 teencountpc | Coefficient  Std. err.      z    P>|z|     [95% conf. interval]
-------------+----------------------------------------------------------------
          a1 |   .0806887   .0154624     5.22   0.000     .0503829    .1109945
          a2 |   .0527233   .0066861     7.89   0.000     .0396187    .0658279
------------------------------------------------------------------------------

       _nl_1: 1-(_b[a2]/_b[a1])

------------------------------------------------------------------------------
 teencountpc | Coefficient  Std. err.      z    P>|z|     [95% conf. interval]
-------------+----------------------------------------------------------------
       _nl_1 |   .3465839   .0585115     5.92   0.000     .2319035    .4612643
------------------------------------------------------------------------------

added macro:
              e(WB_Eb) : "0.347***"

added macro:
             e(WB_Ese) : "(0.059)"

    Variable |     Obs      Weight        Mean   Std. dev.       Min        Max
-------------+-----------------------------------------------------------------
    DMW_real |  16,029  4.0174e+10    .8042559   .4078388   .2514448   2.193727

    Variable |     Obs      Weight        Mean   Std. dev.       Min        Max
-------------+-----------------------------------------------------------------
     MW_real |  22,113  5.2726e+10    7.777925   .9455662   6.075942   11.42869

    Variable |     Obs      Weight        Mean   Std. dev.       Min        Max
-------------+-----------------------------------------------------------------
HSLcountpc~l |  63,531  1.5959e+11    .4726047   .0568865   .3156887   1.203052

    Variable |     Obs      Weight        Mean   Std. dev.       Min        Max
-------------+-----------------------------------------------------------------
HSLcountpc~m |     552  1.3786e+09    .0685177   .0268111   .0127988   .2359952

    Variable |     Obs      Weight        Mean   Std. dev.       Min        Max
-------------+-----------------------------------------------------------------
HSLcountpc~m |     547  1.3652e+09    .0487085   .0235065   .0036267   .2226095

    Variable |     Obs      Weight        Mean   Std. dev.       Min        Max
-------------+-----------------------------------------------------------------
HSLWBpcrsu~H |     552  1.3786e+09      .49415   .2362931   .0905511   1.981469
Make sure that belowL16 and aboveL16 exists. Otherwise the program does not wor
> k. Assertion will be false.

       _nl_1: ((((((_b[treat_m1])*(8.707494167355138-1) ) + ((_b[treat_m2])*(8.
> 707494167355138-2) ) + ((_b[treat_m3])*(8.707494167355138-3) ) + ((_b[treat_m
> 4])*(8.707494167355138-4) ) + ((_b[L4treat_m1])*(8.707494167355138-1) ) + ((_
> b[L4treat_m2])*(8.707494167355138-2)) + ((_b[L4treat_m3])*(8.707494167355138-
> 3)) + ((_b[L4treat_m4])*(8.707494167355138-4)) + ((_b[L8treat_m1])*(8.7074941
> 67355138-1) ) + ((_b[L8treat_m2])*(8.707494167355138-2)) + ((_b[L8treat_m3])*
> (8.707494167355138-3)) + ((_b[L8treat_m4])*(8.707494167355138-4)) + ((_b[L12t
> reat_m1])*(8.707494167355138-1) ) + ((_b[L12treat_m2])*(8.707494167355138-2))
>  + ((_b[L12treat_m3])*(8.707494167355138-3)) + ((_b[L12treat_m4])*(8.70749416
> 7355138-4)) + ((_b[L16treat_m1])*(8.707494167355138-1) ) + ((_b[L16treat_m2])
> *(8.707494167355138-2)) + ((_b[L16treat_m3])*(8.707494167355138-3)) + ((_b[L1
> 6treat_m4])*(8.707494167355138-4))+((_b[treat_p0])*(8.707494167355138+0)) + (
> (_b[treat_p1])*(8.707494167355138+1) ) + ((_b[treat_p2])*(8.707494167355138+2
> ) ) + ((_b[treat_p3])*(8.707494167355138+3) ) + ((_b[treat_p4])*(8.7074941673
> 55138+4) ) + ((_b[L4treat_p0])*(8.707494167355138+0)) + ((_b[L4treat_p1])*(8.
> 707494167355138+1)) + ((_b[L4treat_p2])*(8.707494167355138+2)) + ((_b[L4treat
> _p3])*(8.707494167355138+3)) + ((_b[L4treat_p4])*(8.707494167355138+4)) + ((_
> b[L8treat_p0])*(8.707494167355138+0)) + ((_b[L8treat_p1])*(8.707494167355138+
> 1)) + ((_b[L8treat_p2])*(8.707494167355138+2)) + ((_b[L8treat_p3])*(8.7074941
> 67355138+3)) + ((_b[L8treat_p4])*(8.707494167355138+4)) + ((_b[L12treat_p0])*
> (8.707494167355138+0)) + ((_b[L12treat_p1])*(8.707494167355138+1)) + ((_b[L12
> treat_p2])*(8.707494167355138+2)) + ((_b[L12treat_p3])*(8.707494167355138+3))
>  + ((_b[L12treat_p4])*(8.707494167355138+4)) + ((_b[L16treat_p0])*(8.70749416
> 7355138+0)) + ((_b[L16treat_p1])*(8.707494167355138+1)) + ((_b[L16treat_p2])*
> (8.707494167355138+2)) + ((_b[L16treat_p3])*(8.707494167355138+3)) + ((_b[L16
> treat_p4])*(8.707494167355138+4)))*(4*.2)/.4941499650557843 ) - ((((_b[treat_
> m1] ) + (_b[treat_m2] ) + (_b[treat_m3] ) + (_b[treat_m4] ) + (_b[L4treat_m1]
> ) + (_b[L4treat_m2]) + (_b[L4treat_m3]) + (_b[L4treat_m4]) + (_b[L8treat_m1])
>  + (_b[L8treat_m2]) + (_b[L8treat_m3]) + (_b[L8treat_m4]) + (_b[L12treat_m1])
>  + (_b[L12treat_m2]) + (_b[L12treat_m3]) + (_b[L12treat_m4]) + (_b[L16treat_m
> 1]) + (_b[L16treat_m2]) + (_b[L16treat_m3]) + (_b[L16treat_m4]) + (_b[treat_p
> 0]) + (_b[treat_p1] ) + (_b[treat_p2] ) + (_b[treat_p3] ) + (_b[treat_p4] ) +
>  (_b[L4treat_p0]) + (_b[L4treat_p1]) + (_b[L4treat_p2]) + (_b[L4treat_p3]) + 
> (_b[L4treat_p4]) + (_b[L8treat_p0]) + (_b[L8treat_p1]) + (_b[L8treat_p2]) + (
> _b[L8treat_p3]) + (_b[L8treat_p4]) + (_b[L12treat_p0]) + (_b[L12treat_p1]) + 
> (_b[L12treat_p2]) + (_b[L12treat_p3]) + (_b[L12treat_p4]) + (_b[L16treat_p0])
>  + (_b[L16treat_p1]) + (_b[L16treat_p2]) + (_b[L16treat_p3]) + (_b[L16treat_p
> 4]))*(4*.2)*(1/.472604722355792))/.1449788402306595))) / (1+((((_b[treat_m1] 
> ) + (_b[treat_m2] ) + (_b[treat_m3] ) + (_b[treat_m4] ) + (_b[L4treat_m1]) + 
> (_b[L4treat_m2]) + (_b[L4treat_m3]) + (_b[L4treat_m4]) + (_b[L8treat_m1]) + (
> _b[L8treat_m2]) + (_b[L8treat_m3]) + (_b[L8treat_m4]) + (_b[L12treat_m1]) + (
> _b[L12treat_m2]) + (_b[L12treat_m3]) + (_b[L12treat_m4]) + (_b[L16treat_m1]) 
> + (_b[L16treat_m2]) + (_b[L16treat_m3]) + (_b[L16treat_m4]) + (_b[treat_p0]) 
> + (_b[treat_p1] ) + (_b[treat_p2] ) + (_b[treat_p3] ) + (_b[treat_p4] ) + (_b
> [L4treat_p0]) + (_b[L4treat_p1]) + (_b[L4treat_p2]) + (_b[L4treat_p3]) + (_b[
> L4treat_p4]) + (_b[L8treat_p0]) + (_b[L8treat_p1]) + (_b[L8treat_p2]) + (_b[L
> 8treat_p3]) + (_b[L8treat_p4]) + (_b[L12treat_p0]) + (_b[L12treat_p1]) + (_b[
> L12treat_p2]) + (_b[L12treat_p3]) + (_b[L12treat_p4]) + (_b[L16treat_p0]) + (
> _b[L16treat_p1]) + (_b[L16treat_p2]) + (_b[L16treat_p3]) + (_b[L16treat_p4]))
> *(4*.2)*(1/.472604722355792))/.1449788402306595))

------------------------------------------------------------------------------
  HSLcountpc | Coefficient  Std. err.      z    P>|z|     [95% conf. interval]
-------------+----------------------------------------------------------------
       _nl_1 |   .0727239   .0130002     5.59   0.000     .0472441    .0982038
------------------------------------------------------------------------------

added macro:
              e(WB_Eb) : "0.073***"

added macro:
             e(WB_Ese) : "(0.013)"

       _nl_1: (( (         0 + (1*_b[treat_m1]) + (2*_b[treat_m2]) + (3*_b[trea
> t_m3]) + (4*_b[treat_m4]))* (-1) +  (         0 + (2*_b[treat_m1]) + (3*_b[tr
> eat_m2]) + (4*_b[treat_m3]) + (5*_b[treat_m4]))* (0) +  (         0 + (3*_b[t
> reat_m1]) + (4*_b[treat_m2]) + (5*_b[treat_m3]) + (6*_b[treat_m4]))* (0) +  (
>          0 + (4*_b[treat_m1]) + (5*_b[treat_m2]) + (6*_b[treat_m3]) + (7*_b[t
> reat_m4]))* (0) +  (         0 + (5*_b[treat_m1]) + (6*_b[treat_m2]) + (7*_b[
> treat_m3]) + (8*_b[treat_m4]))* (0) +  (         0 + (1*_b[L4treat_m1]) + (2*
> _b[L4treat_m2]) + (3*_b[L4treat_m3]) + (4*_b[L4treat_m4]))* (-1) +  (        
>  0 + (2*_b[L4treat_m1]) + (3*_b[L4treat_m2]) + (4*_b[L4treat_m3]) + (5*_b[L4t
> reat_m4]))* (0) +  (         0 + (3*_b[L4treat_m1]) + (4*_b[L4treat_m2]) + (5
> *_b[L4treat_m3]) + (6*_b[L4treat_m4]))* (0) +  (         0 + (4*_b[L4treat_m1
> ]) + (5*_b[L4treat_m2]) + (6*_b[L4treat_m3]) + (7*_b[L4treat_m4]))* (0) +  ( 
>         0 + (5*_b[L4treat_m1]) + (6*_b[L4treat_m2]) + (7*_b[L4treat_m3]) + (8
> *_b[L4treat_m4]))* (0) +  (         0 + (1*_b[L8treat_m1]) + (2*_b[L8treat_m2
> ]) + (3*_b[L8treat_m3]) + (4*_b[L8treat_m4]))* (-1) +  (         0 + (2*_b[L8
> treat_m1]) + (3*_b[L8treat_m2]) + (4*_b[L8treat_m3]) + (5*_b[L8treat_m4]))* (
> 0) +  (         0 + (3*_b[L8treat_m1]) + (4*_b[L8treat_m2]) + (5*_b[L8treat_m
> 3]) + (6*_b[L8treat_m4]))* (0) +  (         0 + (4*_b[L8treat_m1]) + (5*_b[L8
> treat_m2]) + (6*_b[L8treat_m3]) + (7*_b[L8treat_m4]))* (0) +  (         0 + (
> 5*_b[L8treat_m1]) + (6*_b[L8treat_m2]) + (7*_b[L8treat_m3]) + (8*_b[L8treat_m
> 4]))* (0) +  (         0 + (1*_b[L12treat_m1]) + (2*_b[L12treat_m2]) + (3*_b[
> L12treat_m3]) + (4*_b[L12treat_m4]))* (-1) +  (         0 + (2*_b[L12treat_m1
> ]) + (3*_b[L12treat_m2]) + (4*_b[L12treat_m3]) + (5*_b[L12treat_m4]))* (0) + 
>  (         0 + (3*_b[L12treat_m1]) + (4*_b[L12treat_m2]) + (5*_b[L12treat_m3]
> ) + (6*_b[L12treat_m4]))* (0) +  (         0 + (4*_b[L12treat_m1]) + (5*_b[L1
> 2treat_m2]) + (6*_b[L12treat_m3]) + (7*_b[L12treat_m4]))* (0) +  (         0 
> + (5*_b[L12treat_m1]) + (6*_b[L12treat_m2]) + (7*_b[L12treat_m3]) + (8*_b[L12
> treat_m4]))* (0) +  (         0 + (1*_b[L16treat_m1]) + (2*_b[L16treat_m2]) +
>  (3*_b[L16treat_m3]) + (4*_b[L16treat_m4]))* (-1) +  (         0 + (2*_b[L16t
> reat_m1]) + (3*_b[L16treat_m2]) + (4*_b[L16treat_m3]) + (5*_b[L16treat_m4]))*
>  (0) +  (         0 + (3*_b[L16treat_m1]) + (4*_b[L16treat_m2]) + (5*_b[L16tr
> eat_m3]) + (6*_b[L16treat_m4]))* (0) +  (         0 + (4*_b[L16treat_m1]) + (
> 5*_b[L16treat_m2]) + (6*_b[L16treat_m3]) + (7*_b[L16treat_m4]))* (0) +  (    
>      0 + (5*_b[L16treat_m1]) + (6*_b[L16treat_m2]) + (7*_b[L16treat_m3]) + (8
> *_b[L16treat_m4]))* (0))/.4941499650557843)*(4*.2)

------------------------------------------------------------------------------
  HSLcountpc | Coefficient  Std. err.      z    P>|z|     [95% conf. interval]
-------------+----------------------------------------------------------------
       _nl_1 |   .0434916   .0107419     4.05   0.000     .0224378    .0645453
------------------------------------------------------------------------------

added macro:
              e(WB_Eb) : "0.043***"

added macro:
             e(WB_Ese) : "(0.011)"

          a1: ((((((_b[treat_m1])*(8.707494167355138-1) ) + ((_b[treat_m2])*(8.
> 707494167355138-2) ) + ((_b[treat_m3])*(8.707494167355138-3) ) + ((_b[treat_m
> 4])*(8.707494167355138-4) ) + ((_b[L4treat_m1])*(8.707494167355138-1) ) + ((_
> b[L4treat_m2])*(8.707494167355138-2)) + ((_b[L4treat_m3])*(8.707494167355138-
> 3)) + ((_b[L4treat_m4])*(8.707494167355138-4)) + ((_b[L8treat_m1])*(8.7074941
> 67355138-1) ) + ((_b[L8treat_m2])*(8.707494167355138-2)) + ((_b[L8treat_m3])*
> (8.707494167355138-3)) + ((_b[L8treat_m4])*(8.707494167355138-4)) + ((_b[L12t
> reat_m1])*(8.707494167355138-1) ) + ((_b[L12treat_m2])*(8.707494167355138-2))
>  + ((_b[L12treat_m3])*(8.707494167355138-3)) + ((_b[L12treat_m4])*(8.70749416
> 7355138-4)) + ((_b[L16treat_m1])*(8.707494167355138-1) ) + ((_b[L16treat_m2])
> *(8.707494167355138-2)) + ((_b[L16treat_m3])*(8.707494167355138-3)) + ((_b[L1
> 6treat_m4])*(8.707494167355138-4))+((_b[treat_p0])*(8.707494167355138+0)) + (
> (_b[treat_p1])*(8.707494167355138+1) ) + ((_b[treat_p2])*(8.707494167355138+2
> ) ) + ((_b[treat_p3])*(8.707494167355138+3) ) + ((_b[treat_p4])*(8.7074941673
> 55138+4) ) + ((_b[L4treat_p0])*(8.707494167355138+0)) + ((_b[L4treat_p1])*(8.
> 707494167355138+1)) + ((_b[L4treat_p2])*(8.707494167355138+2)) + ((_b[L4treat
> _p3])*(8.707494167355138+3)) + ((_b[L4treat_p4])*(8.707494167355138+4)) + ((_
> b[L8treat_p0])*(8.707494167355138+0)) + ((_b[L8treat_p1])*(8.707494167355138+
> 1)) + ((_b[L8treat_p2])*(8.707494167355138+2)) + ((_b[L8treat_p3])*(8.7074941
> 67355138+3)) + ((_b[L8treat_p4])*(8.707494167355138+4)) + ((_b[L12treat_p0])*
> (8.707494167355138+0)) + ((_b[L12treat_p1])*(8.707494167355138+1)) + ((_b[L12
> treat_p2])*(8.707494167355138+2)) + ((_b[L12treat_p3])*(8.707494167355138+3))
>  + ((_b[L12treat_p4])*(8.707494167355138+4)) + ((_b[L16treat_p0])*(8.70749416
> 7355138+0)) + ((_b[L16treat_p1])*(8.707494167355138+1)) + ((_b[L16treat_p2])*
> (8.707494167355138+2)) + ((_b[L16treat_p3])*(8.707494167355138+3)) + ((_b[L16
> treat_p4])*(8.707494167355138+4)))*(4*.2)/.4941499650557843 ) - ((((_b[treat_
> m1] ) + (_b[treat_m2] ) + (_b[treat_m3] ) + (_b[treat_m4] ) + (_b[L4treat_m1]
> ) + (_b[L4treat_m2]) + (_b[L4treat_m3]) + (_b[L4treat_m4]) + (_b[L8treat_m1])
>  + (_b[L8treat_m2]) + (_b[L8treat_m3]) + (_b[L8treat_m4]) + (_b[L12treat_m1])
>  + (_b[L12treat_m2]) + (_b[L12treat_m3]) + (_b[L12treat_m4]) + (_b[L16treat_m
> 1]) + (_b[L16treat_m2]) + (_b[L16treat_m3]) + (_b[L16treat_m4]) + (_b[treat_p
> 0]) + (_b[treat_p1] ) + (_b[treat_p2] ) + (_b[treat_p3] ) + (_b[treat_p4] ) +
>  (_b[L4treat_p0]) + (_b[L4treat_p1]) + (_b[L4treat_p2]) + (_b[L4treat_p3]) + 
> (_b[L4treat_p4]) + (_b[L8treat_p0]) + (_b[L8treat_p1]) + (_b[L8treat_p2]) + (
> _b[L8treat_p3]) + (_b[L8treat_p4]) + (_b[L12treat_p0]) + (_b[L12treat_p1]) + 
> (_b[L12treat_p2]) + (_b[L12treat_p3]) + (_b[L12treat_p4]) + (_b[L16treat_p0])
>  + (_b[L16treat_p1]) + (_b[L16treat_p2]) + (_b[L16treat_p3]) + (_b[L16treat_p
> 4]))*(4*.2)*(1/.472604722355792))/.1449788402306595))) / (1+((((_b[treat_m1] 
> ) + (_b[treat_m2] ) + (_b[treat_m3] ) + (_b[treat_m4] ) + (_b[L4treat_m1]) + 
> (_b[L4treat_m2]) + (_b[L4treat_m3]) + (_b[L4treat_m4]) + (_b[L8treat_m1]) + (
> _b[L8treat_m2]) + (_b[L8treat_m3]) + (_b[L8treat_m4]) + (_b[L12treat_m1]) + (
> _b[L12treat_m2]) + (_b[L12treat_m3]) + (_b[L12treat_m4]) + (_b[L16treat_m1]) 
> + (_b[L16treat_m2]) + (_b[L16treat_m3]) + (_b[L16treat_m4]) + (_b[treat_p0]) 
> + (_b[treat_p1] ) + (_b[treat_p2] ) + (_b[treat_p3] ) + (_b[treat_p4] ) + (_b
> [L4treat_p0]) + (_b[L4treat_p1]) + (_b[L4treat_p2]) + (_b[L4treat_p3]) + (_b[
> L4treat_p4]) + (_b[L8treat_p0]) + (_b[L8treat_p1]) + (_b[L8treat_p2]) + (_b[L
> 8treat_p3]) + (_b[L8treat_p4]) + (_b[L12treat_p0]) + (_b[L12treat_p1]) + (_b[
> L12treat_p2]) + (_b[L12treat_p3]) + (_b[L12treat_p4]) + (_b[L16treat_p0]) + (
> _b[L16treat_p1]) + (_b[L16treat_p2]) + (_b[L16treat_p3]) + (_b[L16treat_p4]))
> *(4*.2)*(1/.472604722355792))/.1449788402306595))
          a2: (( (         0 + (1*_b[treat_m1]) + (2*_b[treat_m2]) + (3*_b[trea
> t_m3]) + (4*_b[treat_m4]))* (-1) +  (         0 + (2*_b[treat_m1]) + (3*_b[tr
> eat_m2]) + (4*_b[treat_m3]) + (5*_b[treat_m4]))* (0) +  (         0 + (3*_b[t
> reat_m1]) + (4*_b[treat_m2]) + (5*_b[treat_m3]) + (6*_b[treat_m4]))* (0) +  (
>          0 + (4*_b[treat_m1]) + (5*_b[treat_m2]) + (6*_b[treat_m3]) + (7*_b[t
> reat_m4]))* (0) +  (         0 + (5*_b[treat_m1]) + (6*_b[treat_m2]) + (7*_b[
> treat_m3]) + (8*_b[treat_m4]))* (0) +  (         0 + (1*_b[L4treat_m1]) + (2*
> _b[L4treat_m2]) + (3*_b[L4treat_m3]) + (4*_b[L4treat_m4]))* (-1) +  (        
>  0 + (2*_b[L4treat_m1]) + (3*_b[L4treat_m2]) + (4*_b[L4treat_m3]) + (5*_b[L4t
> reat_m4]))* (0) +  (         0 + (3*_b[L4treat_m1]) + (4*_b[L4treat_m2]) + (5
> *_b[L4treat_m3]) + (6*_b[L4treat_m4]))* (0) +  (         0 + (4*_b[L4treat_m1
> ]) + (5*_b[L4treat_m2]) + (6*_b[L4treat_m3]) + (7*_b[L4treat_m4]))* (0) +  ( 
>         0 + (5*_b[L4treat_m1]) + (6*_b[L4treat_m2]) + (7*_b[L4treat_m3]) + (8
> *_b[L4treat_m4]))* (0) +  (         0 + (1*_b[L8treat_m1]) + (2*_b[L8treat_m2
> ]) + (3*_b[L8treat_m3]) + (4*_b[L8treat_m4]))* (-1) +  (         0 + (2*_b[L8
> treat_m1]) + (3*_b[L8treat_m2]) + (4*_b[L8treat_m3]) + (5*_b[L8treat_m4]))* (
> 0) +  (         0 + (3*_b[L8treat_m1]) + (4*_b[L8treat_m2]) + (5*_b[L8treat_m
> 3]) + (6*_b[L8treat_m4]))* (0) +  (         0 + (4*_b[L8treat_m1]) + (5*_b[L8
> treat_m2]) + (6*_b[L8treat_m3]) + (7*_b[L8treat_m4]))* (0) +  (         0 + (
> 5*_b[L8treat_m1]) + (6*_b[L8treat_m2]) + (7*_b[L8treat_m3]) + (8*_b[L8treat_m
> 4]))* (0) +  (         0 + (1*_b[L12treat_m1]) + (2*_b[L12treat_m2]) + (3*_b[
> L12treat_m3]) + (4*_b[L12treat_m4]))* (-1) +  (         0 + (2*_b[L12treat_m1
> ]) + (3*_b[L12treat_m2]) + (4*_b[L12treat_m3]) + (5*_b[L12treat_m4]))* (0) + 
>  (         0 + (3*_b[L12treat_m1]) + (4*_b[L12treat_m2]) + (5*_b[L12treat_m3]
> ) + (6*_b[L12treat_m4]))* (0) +  (         0 + (4*_b[L12treat_m1]) + (5*_b[L1
> 2treat_m2]) + (6*_b[L12treat_m3]) + (7*_b[L12treat_m4]))* (0) +  (         0 
> + (5*_b[L12treat_m1]) + (6*_b[L12treat_m2]) + (7*_b[L12treat_m3]) + (8*_b[L12
> treat_m4]))* (0) +  (         0 + (1*_b[L16treat_m1]) + (2*_b[L16treat_m2]) +
>  (3*_b[L16treat_m3]) + (4*_b[L16treat_m4]))* (-1) +  (         0 + (2*_b[L16t
> reat_m1]) + (3*_b[L16treat_m2]) + (4*_b[L16treat_m3]) + (5*_b[L16treat_m4]))*
>  (0) +  (         0 + (3*_b[L16treat_m1]) + (4*_b[L16treat_m2]) + (5*_b[L16tr
> eat_m3]) + (6*_b[L16treat_m4]))* (0) +  (         0 + (4*_b[L16treat_m1]) + (
> 5*_b[L16treat_m2]) + (6*_b[L16treat_m3]) + (7*_b[L16treat_m4]))* (0) +  (    
>      0 + (5*_b[L16treat_m1]) + (6*_b[L16treat_m2]) + (7*_b[L16treat_m3]) + (8
> *_b[L16treat_m4]))* (0))/.4941499650557843)*(4*.2)

------------------------------------------------------------------------------
  HSLcountpc | Coefficient  Std. err.      z    P>|z|     [95% conf. interval]
-------------+----------------------------------------------------------------
          a1 |   .0727239   .0130002     5.59   0.000     .0472441    .0982038
          a2 |   .0434916   .0107419     4.05   0.000     .0224378    .0645453
------------------------------------------------------------------------------

       _nl_1: 1-(_b[a2]/_b[a1])

------------------------------------------------------------------------------
  HSLcountpc | Coefficient  Std. err.      z    P>|z|     [95% conf. interval]
-------------+----------------------------------------------------------------
       _nl_1 |   .4019635   .0997723     4.03   0.000     .2064134    .5975135
------------------------------------------------------------------------------

added macro:
              e(WB_Eb) : "0.402***"

added macro:
             e(WB_Ese) : "(0.100)"

    Variable |     Obs      Weight        Mean   Std. dev.       Min        Max
-------------+-----------------------------------------------------------------
    DMW_real |  16,029  4.4181e+10    .7963659   .3998341   .2514448   2.193727

    Variable |     Obs      Weight        Mean   Std. dev.       Min        Max
-------------+-----------------------------------------------------------------
     MW_real |  22,113  5.9813e+10    7.856801   .9470259   6.075942   11.42869

    Variable |     Obs      Weight        Mean   Std. dev.       Min        Max
-------------+-----------------------------------------------------------------
femalec~call |  63,531  1.7521e+11     .535242   .0695934   .4289172   1.495815

    Variable |     Obs      Weight        Mean   Std. dev.       Min        Max
-------------+-----------------------------------------------------------------
femalecoun~m |     552  1.5112e+09    .0546979   .0177148   .0066868   .1805255

    Variable |     Obs      Weight        Mean   Std. dev.       Min        Max
-------------+-----------------------------------------------------------------
femalecoun~m |     547  1.4986e+09    .0397543   .0155848   .0029561   .1499781

    Variable |     Obs      Weight        Mean   Std. dev.       Min        Max
-------------+-----------------------------------------------------------------
femaleWB~mFH |     552  1.5112e+09    .3849427   .1577098   .0479693    1.46214
Make sure that belowL16 and aboveL16 exists. Otherwise the program does not wor
> k. Assertion will be false.

       _nl_1: ((((((_b[treat_m1])*(8.772612905222537-1) ) + ((_b[treat_m2])*(8.
> 772612905222537-2) ) + ((_b[treat_m3])*(8.772612905222537-3) ) + ((_b[treat_m
> 4])*(8.772612905222537-4) ) + ((_b[L4treat_m1])*(8.772612905222537-1) ) + ((_
> b[L4treat_m2])*(8.772612905222537-2)) + ((_b[L4treat_m3])*(8.772612905222537-
> 3)) + ((_b[L4treat_m4])*(8.772612905222537-4)) + ((_b[L8treat_m1])*(8.7726129
> 05222537-1) ) + ((_b[L8treat_m2])*(8.772612905222537-2)) + ((_b[L8treat_m3])*
> (8.772612905222537-3)) + ((_b[L8treat_m4])*(8.772612905222537-4)) + ((_b[L12t
> reat_m1])*(8.772612905222537-1) ) + ((_b[L12treat_m2])*(8.772612905222537-2))
>  + ((_b[L12treat_m3])*(8.772612905222537-3)) + ((_b[L12treat_m4])*(8.77261290
> 5222537-4)) + ((_b[L16treat_m1])*(8.772612905222537-1) ) + ((_b[L16treat_m2])
> *(8.772612905222537-2)) + ((_b[L16treat_m3])*(8.772612905222537-3)) + ((_b[L1
> 6treat_m4])*(8.772612905222537-4))+((_b[treat_p0])*(8.772612905222537+0)) + (
> (_b[treat_p1])*(8.772612905222537+1) ) + ((_b[treat_p2])*(8.772612905222537+2
> ) ) + ((_b[treat_p3])*(8.772612905222537+3) ) + ((_b[treat_p4])*(8.7726129052
> 22537+4) ) + ((_b[L4treat_p0])*(8.772612905222537+0)) + ((_b[L4treat_p1])*(8.
> 772612905222537+1)) + ((_b[L4treat_p2])*(8.772612905222537+2)) + ((_b[L4treat
> _p3])*(8.772612905222537+3)) + ((_b[L4treat_p4])*(8.772612905222537+4)) + ((_
> b[L8treat_p0])*(8.772612905222537+0)) + ((_b[L8treat_p1])*(8.772612905222537+
> 1)) + ((_b[L8treat_p2])*(8.772612905222537+2)) + ((_b[L8treat_p3])*(8.7726129
> 05222537+3)) + ((_b[L8treat_p4])*(8.772612905222537+4)) + ((_b[L12treat_p0])*
> (8.772612905222537+0)) + ((_b[L12treat_p1])*(8.772612905222537+1)) + ((_b[L12
> treat_p2])*(8.772612905222537+2)) + ((_b[L12treat_p3])*(8.772612905222537+3))
>  + ((_b[L12treat_p4])*(8.772612905222537+4)) + ((_b[L16treat_p0])*(8.77261290
> 5222537+0)) + ((_b[L16treat_p1])*(8.772612905222537+1)) + ((_b[L16treat_p2])*
> (8.772612905222537+2)) + ((_b[L16treat_p3])*(8.772612905222537+3)) + ((_b[L16
> treat_p4])*(8.772612905222537+4)))*(4*.2)/.384942711283267 ) - ((((_b[treat_m
> 1] ) + (_b[treat_m2] ) + (_b[treat_m3] ) + (_b[treat_m4] ) + (_b[L4treat_m1])
>  + (_b[L4treat_m2]) + (_b[L4treat_m3]) + (_b[L4treat_m4]) + (_b[L8treat_m1]) 
> + (_b[L8treat_m2]) + (_b[L8treat_m3]) + (_b[L8treat_m4]) + (_b[L12treat_m1]) 
> + (_b[L12treat_m2]) + (_b[L12treat_m3]) + (_b[L12treat_m4]) + (_b[L16treat_m1
> ]) + (_b[L16treat_m2]) + (_b[L16treat_m3]) + (_b[L16treat_m4]) + (_b[treat_p0
> ]) + (_b[treat_p1] ) + (_b[treat_p2] ) + (_b[treat_p3] ) + (_b[treat_p4] ) + 
> (_b[L4treat_p0]) + (_b[L4treat_p1]) + (_b[L4treat_p2]) + (_b[L4treat_p3]) + (
> _b[L4treat_p4]) + (_b[L8treat_p0]) + (_b[L8treat_p1]) + (_b[L8treat_p2]) + (_
> b[L8treat_p3]) + (_b[L8treat_p4]) + (_b[L12treat_p0]) + (_b[L12treat_p1]) + (
> _b[L12treat_p2]) + (_b[L12treat_p3]) + (_b[L12treat_p4]) + (_b[L16treat_p0]) 
> + (_b[L16treat_p1]) + (_b[L16treat_p2]) + (_b[L16treat_p3]) + (_b[L16treat_p4
> ]))*(4*.2)*(1/.5352420149618932))/.1021927769939211))) / (1+((((_b[treat_m1] 
> ) + (_b[treat_m2] ) + (_b[treat_m3] ) + (_b[treat_m4] ) + (_b[L4treat_m1]) + 
> (_b[L4treat_m2]) + (_b[L4treat_m3]) + (_b[L4treat_m4]) + (_b[L8treat_m1]) + (
> _b[L8treat_m2]) + (_b[L8treat_m3]) + (_b[L8treat_m4]) + (_b[L12treat_m1]) + (
> _b[L12treat_m2]) + (_b[L12treat_m3]) + (_b[L12treat_m4]) + (_b[L16treat_m1]) 
> + (_b[L16treat_m2]) + (_b[L16treat_m3]) + (_b[L16treat_m4]) + (_b[treat_p0]) 
> + (_b[treat_p1] ) + (_b[treat_p2] ) + (_b[treat_p3] ) + (_b[treat_p4] ) + (_b
> [L4treat_p0]) + (_b[L4treat_p1]) + (_b[L4treat_p2]) + (_b[L4treat_p3]) + (_b[
> L4treat_p4]) + (_b[L8treat_p0]) + (_b[L8treat_p1]) + (_b[L8treat_p2]) + (_b[L
> 8treat_p3]) + (_b[L8treat_p4]) + (_b[L12treat_p0]) + (_b[L12treat_p1]) + (_b[
> L12treat_p2]) + (_b[L12treat_p3]) + (_b[L12treat_p4]) + (_b[L16treat_p0]) + (
> _b[L16treat_p1]) + (_b[L16treat_p2]) + (_b[L16treat_p3]) + (_b[L16treat_p4]))
> *(4*.2)*(1/.5352420149618932))/.1021927769939211))

------------------------------------------------------------------------------
femalecoun~c | Coefficient  Std. err.      z    P>|z|     [95% conf. interval]
-------------+----------------------------------------------------------------
       _nl_1 |   .0700036   .0108478     6.45   0.000     .0487423    .0912649
------------------------------------------------------------------------------

added macro:
              e(WB_Eb) : "0.070***"

added macro:
             e(WB_Ese) : "(0.011)"

       _nl_1: (( (         0 + (1*_b[treat_m1]) + (2*_b[treat_m2]) + (3*_b[trea
> t_m3]) + (4*_b[treat_m4]))* (-1) +  (         0 + (2*_b[treat_m1]) + (3*_b[tr
> eat_m2]) + (4*_b[treat_m3]) + (5*_b[treat_m4]))* (0) +  (         0 + (3*_b[t
> reat_m1]) + (4*_b[treat_m2]) + (5*_b[treat_m3]) + (6*_b[treat_m4]))* (0) +  (
>          0 + (4*_b[treat_m1]) + (5*_b[treat_m2]) + (6*_b[treat_m3]) + (7*_b[t
> reat_m4]))* (0) +  (         0 + (5*_b[treat_m1]) + (6*_b[treat_m2]) + (7*_b[
> treat_m3]) + (8*_b[treat_m4]))* (0) +  (         0 + (1*_b[L4treat_m1]) + (2*
> _b[L4treat_m2]) + (3*_b[L4treat_m3]) + (4*_b[L4treat_m4]))* (-1) +  (        
>  0 + (2*_b[L4treat_m1]) + (3*_b[L4treat_m2]) + (4*_b[L4treat_m3]) + (5*_b[L4t
> reat_m4]))* (0) +  (         0 + (3*_b[L4treat_m1]) + (4*_b[L4treat_m2]) + (5
> *_b[L4treat_m3]) + (6*_b[L4treat_m4]))* (0) +  (         0 + (4*_b[L4treat_m1
> ]) + (5*_b[L4treat_m2]) + (6*_b[L4treat_m3]) + (7*_b[L4treat_m4]))* (0) +  ( 
>         0 + (5*_b[L4treat_m1]) + (6*_b[L4treat_m2]) + (7*_b[L4treat_m3]) + (8
> *_b[L4treat_m4]))* (0) +  (         0 + (1*_b[L8treat_m1]) + (2*_b[L8treat_m2
> ]) + (3*_b[L8treat_m3]) + (4*_b[L8treat_m4]))* (-1) +  (         0 + (2*_b[L8
> treat_m1]) + (3*_b[L8treat_m2]) + (4*_b[L8treat_m3]) + (5*_b[L8treat_m4]))* (
> 0) +  (         0 + (3*_b[L8treat_m1]) + (4*_b[L8treat_m2]) + (5*_b[L8treat_m
> 3]) + (6*_b[L8treat_m4]))* (0) +  (         0 + (4*_b[L8treat_m1]) + (5*_b[L8
> treat_m2]) + (6*_b[L8treat_m3]) + (7*_b[L8treat_m4]))* (0) +  (         0 + (
> 5*_b[L8treat_m1]) + (6*_b[L8treat_m2]) + (7*_b[L8treat_m3]) + (8*_b[L8treat_m
> 4]))* (0) +  (         0 + (1*_b[L12treat_m1]) + (2*_b[L12treat_m2]) + (3*_b[
> L12treat_m3]) + (4*_b[L12treat_m4]))* (-1) +  (         0 + (2*_b[L12treat_m1
> ]) + (3*_b[L12treat_m2]) + (4*_b[L12treat_m3]) + (5*_b[L12treat_m4]))* (0) + 
>  (         0 + (3*_b[L12treat_m1]) + (4*_b[L12treat_m2]) + (5*_b[L12treat_m3]
> ) + (6*_b[L12treat_m4]))* (0) +  (         0 + (4*_b[L12treat_m1]) + (5*_b[L1
> 2treat_m2]) + (6*_b[L12treat_m3]) + (7*_b[L12treat_m4]))* (0) +  (         0 
> + (5*_b[L12treat_m1]) + (6*_b[L12treat_m2]) + (7*_b[L12treat_m3]) + (8*_b[L12
> treat_m4]))* (0) +  (         0 + (1*_b[L16treat_m1]) + (2*_b[L16treat_m2]) +
>  (3*_b[L16treat_m3]) + (4*_b[L16treat_m4]))* (-1) +  (         0 + (2*_b[L16t
> reat_m1]) + (3*_b[L16treat_m2]) + (4*_b[L16treat_m3]) + (5*_b[L16treat_m4]))*
>  (0) +  (         0 + (3*_b[L16treat_m1]) + (4*_b[L16treat_m2]) + (5*_b[L16tr
> eat_m3]) + (6*_b[L16treat_m4]))* (0) +  (         0 + (4*_b[L16treat_m1]) + (
> 5*_b[L16treat_m2]) + (6*_b[L16treat_m3]) + (7*_b[L16treat_m4]))* (0) +  (    
>      0 + (5*_b[L16treat_m1]) + (6*_b[L16treat_m2]) + (7*_b[L16treat_m3]) + (8
> *_b[L16treat_m4]))* (0))/.384942711283267)*(4*.2)

------------------------------------------------------------------------------
femalecoun~c | Coefficient  Std. err.      z    P>|z|     [95% conf. interval]
-------------+----------------------------------------------------------------
       _nl_1 |   .0448935   .0099055     4.53   0.000      .025479    .0643079
------------------------------------------------------------------------------

added macro:
              e(WB_Eb) : "0.045***"

added macro:
             e(WB_Ese) : "(0.010)"

          a1: ((((((_b[treat_m1])*(8.772612905222537-1) ) + ((_b[treat_m2])*(8.
> 772612905222537-2) ) + ((_b[treat_m3])*(8.772612905222537-3) ) + ((_b[treat_m
> 4])*(8.772612905222537-4) ) + ((_b[L4treat_m1])*(8.772612905222537-1) ) + ((_
> b[L4treat_m2])*(8.772612905222537-2)) + ((_b[L4treat_m3])*(8.772612905222537-
> 3)) + ((_b[L4treat_m4])*(8.772612905222537-4)) + ((_b[L8treat_m1])*(8.7726129
> 05222537-1) ) + ((_b[L8treat_m2])*(8.772612905222537-2)) + ((_b[L8treat_m3])*
> (8.772612905222537-3)) + ((_b[L8treat_m4])*(8.772612905222537-4)) + ((_b[L12t
> reat_m1])*(8.772612905222537-1) ) + ((_b[L12treat_m2])*(8.772612905222537-2))
>  + ((_b[L12treat_m3])*(8.772612905222537-3)) + ((_b[L12treat_m4])*(8.77261290
> 5222537-4)) + ((_b[L16treat_m1])*(8.772612905222537-1) ) + ((_b[L16treat_m2])
> *(8.772612905222537-2)) + ((_b[L16treat_m3])*(8.772612905222537-3)) + ((_b[L1
> 6treat_m4])*(8.772612905222537-4))+((_b[treat_p0])*(8.772612905222537+0)) + (
> (_b[treat_p1])*(8.772612905222537+1) ) + ((_b[treat_p2])*(8.772612905222537+2
> ) ) + ((_b[treat_p3])*(8.772612905222537+3) ) + ((_b[treat_p4])*(8.7726129052
> 22537+4) ) + ((_b[L4treat_p0])*(8.772612905222537+0)) + ((_b[L4treat_p1])*(8.
> 772612905222537+1)) + ((_b[L4treat_p2])*(8.772612905222537+2)) + ((_b[L4treat
> _p3])*(8.772612905222537+3)) + ((_b[L4treat_p4])*(8.772612905222537+4)) + ((_
> b[L8treat_p0])*(8.772612905222537+0)) + ((_b[L8treat_p1])*(8.772612905222537+
> 1)) + ((_b[L8treat_p2])*(8.772612905222537+2)) + ((_b[L8treat_p3])*(8.7726129
> 05222537+3)) + ((_b[L8treat_p4])*(8.772612905222537+4)) + ((_b[L12treat_p0])*
> (8.772612905222537+0)) + ((_b[L12treat_p1])*(8.772612905222537+1)) + ((_b[L12
> treat_p2])*(8.772612905222537+2)) + ((_b[L12treat_p3])*(8.772612905222537+3))
>  + ((_b[L12treat_p4])*(8.772612905222537+4)) + ((_b[L16treat_p0])*(8.77261290
> 5222537+0)) + ((_b[L16treat_p1])*(8.772612905222537+1)) + ((_b[L16treat_p2])*
> (8.772612905222537+2)) + ((_b[L16treat_p3])*(8.772612905222537+3)) + ((_b[L16
> treat_p4])*(8.772612905222537+4)))*(4*.2)/.384942711283267 ) - ((((_b[treat_m
> 1] ) + (_b[treat_m2] ) + (_b[treat_m3] ) + (_b[treat_m4] ) + (_b[L4treat_m1])
>  + (_b[L4treat_m2]) + (_b[L4treat_m3]) + (_b[L4treat_m4]) + (_b[L8treat_m1]) 
> + (_b[L8treat_m2]) + (_b[L8treat_m3]) + (_b[L8treat_m4]) + (_b[L12treat_m1]) 
> + (_b[L12treat_m2]) + (_b[L12treat_m3]) + (_b[L12treat_m4]) + (_b[L16treat_m1
> ]) + (_b[L16treat_m2]) + (_b[L16treat_m3]) + (_b[L16treat_m4]) + (_b[treat_p0
> ]) + (_b[treat_p1] ) + (_b[treat_p2] ) + (_b[treat_p3] ) + (_b[treat_p4] ) + 
> (_b[L4treat_p0]) + (_b[L4treat_p1]) + (_b[L4treat_p2]) + (_b[L4treat_p3]) + (
> _b[L4treat_p4]) + (_b[L8treat_p0]) + (_b[L8treat_p1]) + (_b[L8treat_p2]) + (_
> b[L8treat_p3]) + (_b[L8treat_p4]) + (_b[L12treat_p0]) + (_b[L12treat_p1]) + (
> _b[L12treat_p2]) + (_b[L12treat_p3]) + (_b[L12treat_p4]) + (_b[L16treat_p0]) 
> + (_b[L16treat_p1]) + (_b[L16treat_p2]) + (_b[L16treat_p3]) + (_b[L16treat_p4
> ]))*(4*.2)*(1/.5352420149618932))/.1021927769939211))) / (1+((((_b[treat_m1] 
> ) + (_b[treat_m2] ) + (_b[treat_m3] ) + (_b[treat_m4] ) + (_b[L4treat_m1]) + 
> (_b[L4treat_m2]) + (_b[L4treat_m3]) + (_b[L4treat_m4]) + (_b[L8treat_m1]) + (
> _b[L8treat_m2]) + (_b[L8treat_m3]) + (_b[L8treat_m4]) + (_b[L12treat_m1]) + (
> _b[L12treat_m2]) + (_b[L12treat_m3]) + (_b[L12treat_m4]) + (_b[L16treat_m1]) 
> + (_b[L16treat_m2]) + (_b[L16treat_m3]) + (_b[L16treat_m4]) + (_b[treat_p0]) 
> + (_b[treat_p1] ) + (_b[treat_p2] ) + (_b[treat_p3] ) + (_b[treat_p4] ) + (_b
> [L4treat_p0]) + (_b[L4treat_p1]) + (_b[L4treat_p2]) + (_b[L4treat_p3]) + (_b[
> L4treat_p4]) + (_b[L8treat_p0]) + (_b[L8treat_p1]) + (_b[L8treat_p2]) + (_b[L
> 8treat_p3]) + (_b[L8treat_p4]) + (_b[L12treat_p0]) + (_b[L12treat_p1]) + (_b[
> L12treat_p2]) + (_b[L12treat_p3]) + (_b[L12treat_p4]) + (_b[L16treat_p0]) + (
> _b[L16treat_p1]) + (_b[L16treat_p2]) + (_b[L16treat_p3]) + (_b[L16treat_p4]))
> *(4*.2)*(1/.5352420149618932))/.1021927769939211))
          a2: (( (         0 + (1*_b[treat_m1]) + (2*_b[treat_m2]) + (3*_b[trea
> t_m3]) + (4*_b[treat_m4]))* (-1) +  (         0 + (2*_b[treat_m1]) + (3*_b[tr
> eat_m2]) + (4*_b[treat_m3]) + (5*_b[treat_m4]))* (0) +  (         0 + (3*_b[t
> reat_m1]) + (4*_b[treat_m2]) + (5*_b[treat_m3]) + (6*_b[treat_m4]))* (0) +  (
>          0 + (4*_b[treat_m1]) + (5*_b[treat_m2]) + (6*_b[treat_m3]) + (7*_b[t
> reat_m4]))* (0) +  (         0 + (5*_b[treat_m1]) + (6*_b[treat_m2]) + (7*_b[
> treat_m3]) + (8*_b[treat_m4]))* (0) +  (         0 + (1*_b[L4treat_m1]) + (2*
> _b[L4treat_m2]) + (3*_b[L4treat_m3]) + (4*_b[L4treat_m4]))* (-1) +  (        
>  0 + (2*_b[L4treat_m1]) + (3*_b[L4treat_m2]) + (4*_b[L4treat_m3]) + (5*_b[L4t
> reat_m4]))* (0) +  (         0 + (3*_b[L4treat_m1]) + (4*_b[L4treat_m2]) + (5
> *_b[L4treat_m3]) + (6*_b[L4treat_m4]))* (0) +  (         0 + (4*_b[L4treat_m1
> ]) + (5*_b[L4treat_m2]) + (6*_b[L4treat_m3]) + (7*_b[L4treat_m4]))* (0) +  ( 
>         0 + (5*_b[L4treat_m1]) + (6*_b[L4treat_m2]) + (7*_b[L4treat_m3]) + (8
> *_b[L4treat_m4]))* (0) +  (         0 + (1*_b[L8treat_m1]) + (2*_b[L8treat_m2
> ]) + (3*_b[L8treat_m3]) + (4*_b[L8treat_m4]))* (-1) +  (         0 + (2*_b[L8
> treat_m1]) + (3*_b[L8treat_m2]) + (4*_b[L8treat_m3]) + (5*_b[L8treat_m4]))* (
> 0) +  (         0 + (3*_b[L8treat_m1]) + (4*_b[L8treat_m2]) + (5*_b[L8treat_m
> 3]) + (6*_b[L8treat_m4]))* (0) +  (         0 + (4*_b[L8treat_m1]) + (5*_b[L8
> treat_m2]) + (6*_b[L8treat_m3]) + (7*_b[L8treat_m4]))* (0) +  (         0 + (
> 5*_b[L8treat_m1]) + (6*_b[L8treat_m2]) + (7*_b[L8treat_m3]) + (8*_b[L8treat_m
> 4]))* (0) +  (         0 + (1*_b[L12treat_m1]) + (2*_b[L12treat_m2]) + (3*_b[
> L12treat_m3]) + (4*_b[L12treat_m4]))* (-1) +  (         0 + (2*_b[L12treat_m1
> ]) + (3*_b[L12treat_m2]) + (4*_b[L12treat_m3]) + (5*_b[L12treat_m4]))* (0) + 
>  (         0 + (3*_b[L12treat_m1]) + (4*_b[L12treat_m2]) + (5*_b[L12treat_m3]
> ) + (6*_b[L12treat_m4]))* (0) +  (         0 + (4*_b[L12treat_m1]) + (5*_b[L1
> 2treat_m2]) + (6*_b[L12treat_m3]) + (7*_b[L12treat_m4]))* (0) +  (         0 
> + (5*_b[L12treat_m1]) + (6*_b[L12treat_m2]) + (7*_b[L12treat_m3]) + (8*_b[L12
> treat_m4]))* (0) +  (         0 + (1*_b[L16treat_m1]) + (2*_b[L16treat_m2]) +
>  (3*_b[L16treat_m3]) + (4*_b[L16treat_m4]))* (-1) +  (         0 + (2*_b[L16t
> reat_m1]) + (3*_b[L16treat_m2]) + (4*_b[L16treat_m3]) + (5*_b[L16treat_m4]))*
>  (0) +  (         0 + (3*_b[L16treat_m1]) + (4*_b[L16treat_m2]) + (5*_b[L16tr
> eat_m3]) + (6*_b[L16treat_m4]))* (0) +  (         0 + (4*_b[L16treat_m1]) + (
> 5*_b[L16treat_m2]) + (6*_b[L16treat_m3]) + (7*_b[L16treat_m4]))* (0) +  (    
>      0 + (5*_b[L16treat_m1]) + (6*_b[L16treat_m2]) + (7*_b[L16treat_m3]) + (8
> *_b[L16treat_m4]))* (0))/.384942711283267)*(4*.2)

------------------------------------------------------------------------------
femalecoun~c | Coefficient  Std. err.      z    P>|z|     [95% conf. interval]
-------------+----------------------------------------------------------------
          a1 |   .0700036   .0108478     6.45   0.000     .0487423    .0912649
          a2 |   .0448935   .0099055     4.53   0.000      .025479    .0643079
------------------------------------------------------------------------------

       _nl_1: 1-(_b[a2]/_b[a1])

------------------------------------------------------------------------------
femalecoun~c | Coefficient  Std. err.      z    P>|z|     [95% conf. interval]
-------------+----------------------------------------------------------------
       _nl_1 |   .3586979   .1203938     2.98   0.003     .1227304    .5946655
------------------------------------------------------------------------------

added macro:
              e(WB_Eb) : "0.359***"

added macro:
             e(WB_Ese) : "(0.120)"

    Variable |     Obs      Weight        Mean   Std. dev.       Min        Max
-------------+-----------------------------------------------------------------
    DMW_real |  16,029  2.1543e+10    .8001417   .3849117   .2514448   2.193727

    Variable |     Obs      Weight        Mean   Std. dev.       Min        Max
-------------+-----------------------------------------------------------------
     MW_real |  22,113  2.9742e+10    7.973991   .9274124   6.075942   11.42869

    Variable |     Obs      Weight        Mean   Std. dev.       Min        Max
-------------+-----------------------------------------------------------------
BHcountpcall |  63,414  8.4279e+10    .5742192   .0947981          0   1.472202

    Variable |     Obs      Weight        Mean   Std. dev.       Min        Max
-------------+-----------------------------------------------------------------
BHcountpcr~m |     551   724683100    .0761226   .0369849          0   .5583934

    Variable |     Obs      Weight        Mean   Std. dev.       Min        Max
-------------+-----------------------------------------------------------------
BHcountpcr~m |     546   721745883    .0544321   .0306292          0   .4597432

    Variable |     Obs      Weight        Mean   Std. dev.       Min        Max
-------------+-----------------------------------------------------------------
BHWBpcrsumFH |     551   724683100    .5719985   .3170766          0   4.188296
Make sure that belowL16 and aboveL16 exists. Otherwise the program does not wor
> k. Assertion will be false.

       _nl_1: ((((((_b[treat_m1])*(8.901805289687577-1) ) + ((_b[treat_m2])*(8.
> 901805289687577-2) ) + ((_b[treat_m3])*(8.901805289687577-3) ) + ((_b[treat_m
> 4])*(8.901805289687577-4) ) + ((_b[L4treat_m1])*(8.901805289687577-1) ) + ((_
> b[L4treat_m2])*(8.901805289687577-2)) + ((_b[L4treat_m3])*(8.901805289687577-
> 3)) + ((_b[L4treat_m4])*(8.901805289687577-4)) + ((_b[L8treat_m1])*(8.9018052
> 89687577-1) ) + ((_b[L8treat_m2])*(8.901805289687577-2)) + ((_b[L8treat_m3])*
> (8.901805289687577-3)) + ((_b[L8treat_m4])*(8.901805289687577-4)) + ((_b[L12t
> reat_m1])*(8.901805289687577-1) ) + ((_b[L12treat_m2])*(8.901805289687577-2))
>  + ((_b[L12treat_m3])*(8.901805289687577-3)) + ((_b[L12treat_m4])*(8.90180528
> 9687577-4)) + ((_b[L16treat_m1])*(8.901805289687577-1) ) + ((_b[L16treat_m2])
> *(8.901805289687577-2)) + ((_b[L16treat_m3])*(8.901805289687577-3)) + ((_b[L1
> 6treat_m4])*(8.901805289687577-4))+((_b[treat_p0])*(8.901805289687577+0)) + (
> (_b[treat_p1])*(8.901805289687577+1) ) + ((_b[treat_p2])*(8.901805289687577+2
> ) ) + ((_b[treat_p3])*(8.901805289687577+3) ) + ((_b[treat_p4])*(8.9018052896
> 87577+4) ) + ((_b[L4treat_p0])*(8.901805289687577+0)) + ((_b[L4treat_p1])*(8.
> 901805289687577+1)) + ((_b[L4treat_p2])*(8.901805289687577+2)) + ((_b[L4treat
> _p3])*(8.901805289687577+3)) + ((_b[L4treat_p4])*(8.901805289687577+4)) + ((_
> b[L8treat_p0])*(8.901805289687577+0)) + ((_b[L8treat_p1])*(8.901805289687577+
> 1)) + ((_b[L8treat_p2])*(8.901805289687577+2)) + ((_b[L8treat_p3])*(8.9018052
> 89687577+3)) + ((_b[L8treat_p4])*(8.901805289687577+4)) + ((_b[L12treat_p0])*
> (8.901805289687577+0)) + ((_b[L12treat_p1])*(8.901805289687577+1)) + ((_b[L12
> treat_p2])*(8.901805289687577+2)) + ((_b[L12treat_p3])*(8.901805289687577+3))
>  + ((_b[L12treat_p4])*(8.901805289687577+4)) + ((_b[L16treat_p0])*(8.90180528
> 9687577+0)) + ((_b[L16treat_p1])*(8.901805289687577+1)) + ((_b[L16treat_p2])*
> (8.901805289687577+2)) + ((_b[L16treat_p3])*(8.901805289687577+3)) + ((_b[L16
> treat_p4])*(8.901805289687577+4)))*(4*.2)/.5719985373671336 ) - ((((_b[treat_
> m1] ) + (_b[treat_m2] ) + (_b[treat_m3] ) + (_b[treat_m4] ) + (_b[L4treat_m1]
> ) + (_b[L4treat_m2]) + (_b[L4treat_m3]) + (_b[L4treat_m4]) + (_b[L8treat_m1])
>  + (_b[L8treat_m2]) + (_b[L8treat_m3]) + (_b[L8treat_m4]) + (_b[L12treat_m1])
>  + (_b[L12treat_m2]) + (_b[L12treat_m3]) + (_b[L12treat_m4]) + (_b[L16treat_m
> 1]) + (_b[L16treat_m2]) + (_b[L16treat_m3]) + (_b[L16treat_m4]) + (_b[treat_p
> 0]) + (_b[treat_p1] ) + (_b[treat_p2] ) + (_b[treat_p3] ) + (_b[treat_p4] ) +
>  (_b[L4treat_p0]) + (_b[L4treat_p1]) + (_b[L4treat_p2]) + (_b[L4treat_p3]) + 
> (_b[L4treat_p4]) + (_b[L8treat_p0]) + (_b[L8treat_p1]) + (_b[L8treat_p2]) + (
> _b[L8treat_p3]) + (_b[L8treat_p4]) + (_b[L12treat_p0]) + (_b[L12treat_p1]) + 
> (_b[L12treat_p2]) + (_b[L12treat_p3]) + (_b[L12treat_p4]) + (_b[L16treat_p0])
>  + (_b[L16treat_p1]) + (_b[L16treat_p2]) + (_b[L16treat_p3]) + (_b[L16treat_p
> 4]))*(4*.2)*(1/.5742191954563736))/.1325671755470308))) / (1+((((_b[treat_m1]
>  ) + (_b[treat_m2] ) + (_b[treat_m3] ) + (_b[treat_m4] ) + (_b[L4treat_m1]) +
>  (_b[L4treat_m2]) + (_b[L4treat_m3]) + (_b[L4treat_m4]) + (_b[L8treat_m1]) + 
> (_b[L8treat_m2]) + (_b[L8treat_m3]) + (_b[L8treat_m4]) + (_b[L12treat_m1]) + 
> (_b[L12treat_m2]) + (_b[L12treat_m3]) + (_b[L12treat_m4]) + (_b[L16treat_m1])
>  + (_b[L16treat_m2]) + (_b[L16treat_m3]) + (_b[L16treat_m4]) + (_b[treat_p0])
>  + (_b[treat_p1] ) + (_b[treat_p2] ) + (_b[treat_p3] ) + (_b[treat_p4] ) + (_
> b[L4treat_p0]) + (_b[L4treat_p1]) + (_b[L4treat_p2]) + (_b[L4treat_p3]) + (_b
> [L4treat_p4]) + (_b[L8treat_p0]) + (_b[L8treat_p1]) + (_b[L8treat_p2]) + (_b[
> L8treat_p3]) + (_b[L8treat_p4]) + (_b[L12treat_p0]) + (_b[L12treat_p1]) + (_b
> [L12treat_p2]) + (_b[L12treat_p3]) + (_b[L12treat_p4]) + (_b[L16treat_p0]) + 
> (_b[L16treat_p1]) + (_b[L16treat_p2]) + (_b[L16treat_p3]) + (_b[L16treat_p4])
> )*(4*.2)*(1/.5742191954563736))/.1325671755470308))

------------------------------------------------------------------------------
   BHcountpc | Coefficient  Std. err.      z    P>|z|     [95% conf. interval]
-------------+----------------------------------------------------------------
       _nl_1 |   .0446676    .011529     3.87   0.000     .0220713     .067264
------------------------------------------------------------------------------

added macro:
              e(WB_Eb) : "0.045***"

added macro:
             e(WB_Ese) : "(0.012)"

       _nl_1: (( (         0 + (1*_b[treat_m1]) + (2*_b[treat_m2]) + (3*_b[trea
> t_m3]) + (4*_b[treat_m4]))* (-1) +  (         0 + (2*_b[treat_m1]) + (3*_b[tr
> eat_m2]) + (4*_b[treat_m3]) + (5*_b[treat_m4]))* (0) +  (         0 + (3*_b[t
> reat_m1]) + (4*_b[treat_m2]) + (5*_b[treat_m3]) + (6*_b[treat_m4]))* (0) +  (
>          0 + (4*_b[treat_m1]) + (5*_b[treat_m2]) + (6*_b[treat_m3]) + (7*_b[t
> reat_m4]))* (0) +  (         0 + (5*_b[treat_m1]) + (6*_b[treat_m2]) + (7*_b[
> treat_m3]) + (8*_b[treat_m4]))* (0) +  (         0 + (1*_b[L4treat_m1]) + (2*
> _b[L4treat_m2]) + (3*_b[L4treat_m3]) + (4*_b[L4treat_m4]))* (-1) +  (        
>  0 + (2*_b[L4treat_m1]) + (3*_b[L4treat_m2]) + (4*_b[L4treat_m3]) + (5*_b[L4t
> reat_m4]))* (0) +  (         0 + (3*_b[L4treat_m1]) + (4*_b[L4treat_m2]) + (5
> *_b[L4treat_m3]) + (6*_b[L4treat_m4]))* (0) +  (         0 + (4*_b[L4treat_m1
> ]) + (5*_b[L4treat_m2]) + (6*_b[L4treat_m3]) + (7*_b[L4treat_m4]))* (0) +  ( 
>         0 + (5*_b[L4treat_m1]) + (6*_b[L4treat_m2]) + (7*_b[L4treat_m3]) + (8
> *_b[L4treat_m4]))* (0) +  (         0 + (1*_b[L8treat_m1]) + (2*_b[L8treat_m2
> ]) + (3*_b[L8treat_m3]) + (4*_b[L8treat_m4]))* (-1) +  (         0 + (2*_b[L8
> treat_m1]) + (3*_b[L8treat_m2]) + (4*_b[L8treat_m3]) + (5*_b[L8treat_m4]))* (
> 0) +  (         0 + (3*_b[L8treat_m1]) + (4*_b[L8treat_m2]) + (5*_b[L8treat_m
> 3]) + (6*_b[L8treat_m4]))* (0) +  (         0 + (4*_b[L8treat_m1]) + (5*_b[L8
> treat_m2]) + (6*_b[L8treat_m3]) + (7*_b[L8treat_m4]))* (0) +  (         0 + (
> 5*_b[L8treat_m1]) + (6*_b[L8treat_m2]) + (7*_b[L8treat_m3]) + (8*_b[L8treat_m
> 4]))* (0) +  (         0 + (1*_b[L12treat_m1]) + (2*_b[L12treat_m2]) + (3*_b[
> L12treat_m3]) + (4*_b[L12treat_m4]))* (-1) +  (         0 + (2*_b[L12treat_m1
> ]) + (3*_b[L12treat_m2]) + (4*_b[L12treat_m3]) + (5*_b[L12treat_m4]))* (0) + 
>  (         0 + (3*_b[L12treat_m1]) + (4*_b[L12treat_m2]) + (5*_b[L12treat_m3]
> ) + (6*_b[L12treat_m4]))* (0) +  (         0 + (4*_b[L12treat_m1]) + (5*_b[L1
> 2treat_m2]) + (6*_b[L12treat_m3]) + (7*_b[L12treat_m4]))* (0) +  (         0 
> + (5*_b[L12treat_m1]) + (6*_b[L12treat_m2]) + (7*_b[L12treat_m3]) + (8*_b[L12
> treat_m4]))* (0) +  (         0 + (1*_b[L16treat_m1]) + (2*_b[L16treat_m2]) +
>  (3*_b[L16treat_m3]) + (4*_b[L16treat_m4]))* (-1) +  (         0 + (2*_b[L16t
> reat_m1]) + (3*_b[L16treat_m2]) + (4*_b[L16treat_m3]) + (5*_b[L16treat_m4]))*
>  (0) +  (         0 + (3*_b[L16treat_m1]) + (4*_b[L16treat_m2]) + (5*_b[L16tr
> eat_m3]) + (6*_b[L16treat_m4]))* (0) +  (         0 + (4*_b[L16treat_m1]) + (
> 5*_b[L16treat_m2]) + (6*_b[L16treat_m3]) + (7*_b[L16treat_m4]))* (0) +  (    
>      0 + (5*_b[L16treat_m1]) + (6*_b[L16treat_m2]) + (7*_b[L16treat_m3]) + (8
> *_b[L16treat_m4]))* (0))/.5719985373671336)*(4*.2)

------------------------------------------------------------------------------
   BHcountpc | Coefficient  Std. err.      z    P>|z|     [95% conf. interval]
-------------+----------------------------------------------------------------
       _nl_1 |   .0366935   .0100704     3.64   0.000     .0169559    .0564311
------------------------------------------------------------------------------

added macro:
              e(WB_Eb) : "0.037***"

added macro:
             e(WB_Ese) : "(0.010)"

          a1: ((((((_b[treat_m1])*(8.901805289687577-1) ) + ((_b[treat_m2])*(8.
> 901805289687577-2) ) + ((_b[treat_m3])*(8.901805289687577-3) ) + ((_b[treat_m
> 4])*(8.901805289687577-4) ) + ((_b[L4treat_m1])*(8.901805289687577-1) ) + ((_
> b[L4treat_m2])*(8.901805289687577-2)) + ((_b[L4treat_m3])*(8.901805289687577-
> 3)) + ((_b[L4treat_m4])*(8.901805289687577-4)) + ((_b[L8treat_m1])*(8.9018052
> 89687577-1) ) + ((_b[L8treat_m2])*(8.901805289687577-2)) + ((_b[L8treat_m3])*
> (8.901805289687577-3)) + ((_b[L8treat_m4])*(8.901805289687577-4)) + ((_b[L12t
> reat_m1])*(8.901805289687577-1) ) + ((_b[L12treat_m2])*(8.901805289687577-2))
>  + ((_b[L12treat_m3])*(8.901805289687577-3)) + ((_b[L12treat_m4])*(8.90180528
> 9687577-4)) + ((_b[L16treat_m1])*(8.901805289687577-1) ) + ((_b[L16treat_m2])
> *(8.901805289687577-2)) + ((_b[L16treat_m3])*(8.901805289687577-3)) + ((_b[L1
> 6treat_m4])*(8.901805289687577-4))+((_b[treat_p0])*(8.901805289687577+0)) + (
> (_b[treat_p1])*(8.901805289687577+1) ) + ((_b[treat_p2])*(8.901805289687577+2
> ) ) + ((_b[treat_p3])*(8.901805289687577+3) ) + ((_b[treat_p4])*(8.9018052896
> 87577+4) ) + ((_b[L4treat_p0])*(8.901805289687577+0)) + ((_b[L4treat_p1])*(8.
> 901805289687577+1)) + ((_b[L4treat_p2])*(8.901805289687577+2)) + ((_b[L4treat
> _p3])*(8.901805289687577+3)) + ((_b[L4treat_p4])*(8.901805289687577+4)) + ((_
> b[L8treat_p0])*(8.901805289687577+0)) + ((_b[L8treat_p1])*(8.901805289687577+
> 1)) + ((_b[L8treat_p2])*(8.901805289687577+2)) + ((_b[L8treat_p3])*(8.9018052
> 89687577+3)) + ((_b[L8treat_p4])*(8.901805289687577+4)) + ((_b[L12treat_p0])*
> (8.901805289687577+0)) + ((_b[L12treat_p1])*(8.901805289687577+1)) + ((_b[L12
> treat_p2])*(8.901805289687577+2)) + ((_b[L12treat_p3])*(8.901805289687577+3))
>  + ((_b[L12treat_p4])*(8.901805289687577+4)) + ((_b[L16treat_p0])*(8.90180528
> 9687577+0)) + ((_b[L16treat_p1])*(8.901805289687577+1)) + ((_b[L16treat_p2])*
> (8.901805289687577+2)) + ((_b[L16treat_p3])*(8.901805289687577+3)) + ((_b[L16
> treat_p4])*(8.901805289687577+4)))*(4*.2)/.5719985373671336 ) - ((((_b[treat_
> m1] ) + (_b[treat_m2] ) + (_b[treat_m3] ) + (_b[treat_m4] ) + (_b[L4treat_m1]
> ) + (_b[L4treat_m2]) + (_b[L4treat_m3]) + (_b[L4treat_m4]) + (_b[L8treat_m1])
>  + (_b[L8treat_m2]) + (_b[L8treat_m3]) + (_b[L8treat_m4]) + (_b[L12treat_m1])
>  + (_b[L12treat_m2]) + (_b[L12treat_m3]) + (_b[L12treat_m4]) + (_b[L16treat_m
> 1]) + (_b[L16treat_m2]) + (_b[L16treat_m3]) + (_b[L16treat_m4]) + (_b[treat_p
> 0]) + (_b[treat_p1] ) + (_b[treat_p2] ) + (_b[treat_p3] ) + (_b[treat_p4] ) +
>  (_b[L4treat_p0]) + (_b[L4treat_p1]) + (_b[L4treat_p2]) + (_b[L4treat_p3]) + 
> (_b[L4treat_p4]) + (_b[L8treat_p0]) + (_b[L8treat_p1]) + (_b[L8treat_p2]) + (
> _b[L8treat_p3]) + (_b[L8treat_p4]) + (_b[L12treat_p0]) + (_b[L12treat_p1]) + 
> (_b[L12treat_p2]) + (_b[L12treat_p3]) + (_b[L12treat_p4]) + (_b[L16treat_p0])
>  + (_b[L16treat_p1]) + (_b[L16treat_p2]) + (_b[L16treat_p3]) + (_b[L16treat_p
> 4]))*(4*.2)*(1/.5742191954563736))/.1325671755470308))) / (1+((((_b[treat_m1]
>  ) + (_b[treat_m2] ) + (_b[treat_m3] ) + (_b[treat_m4] ) + (_b[L4treat_m1]) +
>  (_b[L4treat_m2]) + (_b[L4treat_m3]) + (_b[L4treat_m4]) + (_b[L8treat_m1]) + 
> (_b[L8treat_m2]) + (_b[L8treat_m3]) + (_b[L8treat_m4]) + (_b[L12treat_m1]) + 
> (_b[L12treat_m2]) + (_b[L12treat_m3]) + (_b[L12treat_m4]) + (_b[L16treat_m1])
>  + (_b[L16treat_m2]) + (_b[L16treat_m3]) + (_b[L16treat_m4]) + (_b[treat_p0])
>  + (_b[treat_p1] ) + (_b[treat_p2] ) + (_b[treat_p3] ) + (_b[treat_p4] ) + (_
> b[L4treat_p0]) + (_b[L4treat_p1]) + (_b[L4treat_p2]) + (_b[L4treat_p3]) + (_b
> [L4treat_p4]) + (_b[L8treat_p0]) + (_b[L8treat_p1]) + (_b[L8treat_p2]) + (_b[
> L8treat_p3]) + (_b[L8treat_p4]) + (_b[L12treat_p0]) + (_b[L12treat_p1]) + (_b
> [L12treat_p2]) + (_b[L12treat_p3]) + (_b[L12treat_p4]) + (_b[L16treat_p0]) + 
> (_b[L16treat_p1]) + (_b[L16treat_p2]) + (_b[L16treat_p3]) + (_b[L16treat_p4])
> )*(4*.2)*(1/.5742191954563736))/.1325671755470308))
          a2: (( (         0 + (1*_b[treat_m1]) + (2*_b[treat_m2]) + (3*_b[trea
> t_m3]) + (4*_b[treat_m4]))* (-1) +  (         0 + (2*_b[treat_m1]) + (3*_b[tr
> eat_m2]) + (4*_b[treat_m3]) + (5*_b[treat_m4]))* (0) +  (         0 + (3*_b[t
> reat_m1]) + (4*_b[treat_m2]) + (5*_b[treat_m3]) + (6*_b[treat_m4]))* (0) +  (
>          0 + (4*_b[treat_m1]) + (5*_b[treat_m2]) + (6*_b[treat_m3]) + (7*_b[t
> reat_m4]))* (0) +  (         0 + (5*_b[treat_m1]) + (6*_b[treat_m2]) + (7*_b[
> treat_m3]) + (8*_b[treat_m4]))* (0) +  (         0 + (1*_b[L4treat_m1]) + (2*
> _b[L4treat_m2]) + (3*_b[L4treat_m3]) + (4*_b[L4treat_m4]))* (-1) +  (        
>  0 + (2*_b[L4treat_m1]) + (3*_b[L4treat_m2]) + (4*_b[L4treat_m3]) + (5*_b[L4t
> reat_m4]))* (0) +  (         0 + (3*_b[L4treat_m1]) + (4*_b[L4treat_m2]) + (5
> *_b[L4treat_m3]) + (6*_b[L4treat_m4]))* (0) +  (         0 + (4*_b[L4treat_m1
> ]) + (5*_b[L4treat_m2]) + (6*_b[L4treat_m3]) + (7*_b[L4treat_m4]))* (0) +  ( 
>         0 + (5*_b[L4treat_m1]) + (6*_b[L4treat_m2]) + (7*_b[L4treat_m3]) + (8
> *_b[L4treat_m4]))* (0) +  (         0 + (1*_b[L8treat_m1]) + (2*_b[L8treat_m2
> ]) + (3*_b[L8treat_m3]) + (4*_b[L8treat_m4]))* (-1) +  (         0 + (2*_b[L8
> treat_m1]) + (3*_b[L8treat_m2]) + (4*_b[L8treat_m3]) + (5*_b[L8treat_m4]))* (
> 0) +  (         0 + (3*_b[L8treat_m1]) + (4*_b[L8treat_m2]) + (5*_b[L8treat_m
> 3]) + (6*_b[L8treat_m4]))* (0) +  (         0 + (4*_b[L8treat_m1]) + (5*_b[L8
> treat_m2]) + (6*_b[L8treat_m3]) + (7*_b[L8treat_m4]))* (0) +  (         0 + (
> 5*_b[L8treat_m1]) + (6*_b[L8treat_m2]) + (7*_b[L8treat_m3]) + (8*_b[L8treat_m
> 4]))* (0) +  (         0 + (1*_b[L12treat_m1]) + (2*_b[L12treat_m2]) + (3*_b[
> L12treat_m3]) + (4*_b[L12treat_m4]))* (-1) +  (         0 + (2*_b[L12treat_m1
> ]) + (3*_b[L12treat_m2]) + (4*_b[L12treat_m3]) + (5*_b[L12treat_m4]))* (0) + 
>  (         0 + (3*_b[L12treat_m1]) + (4*_b[L12treat_m2]) + (5*_b[L12treat_m3]
> ) + (6*_b[L12treat_m4]))* (0) +  (         0 + (4*_b[L12treat_m1]) + (5*_b[L1
> 2treat_m2]) + (6*_b[L12treat_m3]) + (7*_b[L12treat_m4]))* (0) +  (         0 
> + (5*_b[L12treat_m1]) + (6*_b[L12treat_m2]) + (7*_b[L12treat_m3]) + (8*_b[L12
> treat_m4]))* (0) +  (         0 + (1*_b[L16treat_m1]) + (2*_b[L16treat_m2]) +
>  (3*_b[L16treat_m3]) + (4*_b[L16treat_m4]))* (-1) +  (         0 + (2*_b[L16t
> reat_m1]) + (3*_b[L16treat_m2]) + (4*_b[L16treat_m3]) + (5*_b[L16treat_m4]))*
>  (0) +  (         0 + (3*_b[L16treat_m1]) + (4*_b[L16treat_m2]) + (5*_b[L16tr
> eat_m3]) + (6*_b[L16treat_m4]))* (0) +  (         0 + (4*_b[L16treat_m1]) + (
> 5*_b[L16treat_m2]) + (6*_b[L16treat_m3]) + (7*_b[L16treat_m4]))* (0) +  (    
>      0 + (5*_b[L16treat_m1]) + (6*_b[L16treat_m2]) + (7*_b[L16treat_m3]) + (8
> *_b[L16treat_m4]))* (0))/.5719985373671336)*(4*.2)

------------------------------------------------------------------------------
   BHcountpc | Coefficient  Std. err.      z    P>|z|     [95% conf. interval]
-------------+----------------------------------------------------------------
          a1 |   .0446676    .011529     3.87   0.000     .0220713     .067264
          a2 |   .0366935   .0100704     3.64   0.000     .0169559    .0564311
------------------------------------------------------------------------------

       _nl_1: 1-(_b[a2]/_b[a1])

------------------------------------------------------------------------------
   BHcountpc | Coefficient  Std. err.      z    P>|z|     [95% conf. interval]
-------------+----------------------------------------------------------------
       _nl_1 |   .1785215    .264702     0.67   0.500     -.340285    .6973279
------------------------------------------------------------------------------

added macro:
              e(WB_Eb) : "0.179"

added macro:
             e(WB_Ese) : "(0.265)"

. *
. 
. 
end of do-file

. do "${dofiles}wage_estimate_ind_groups.do"

. **** DEFINE REGRESSION COMMAND AND CONTROLS *****
. foreach s in 0a 0 1 1b 3 4 5 6 7 8 9 10 11 12 13 14{
  2.         global rtype`s' reghdfe
  3. }

. 
. global a1  i.wagebinstate i.wagequarterdate  // distributional TWFE

. global a4 i.wagebinstate##c.quarterdate i.wagequarterdate // state-trends

. global a5 i.wagebinstate i.wagequarterdate##i.division // div-period

. global a6 i.wagebinstate##c.quarterdate i.wagequarterdate##i.division // div-
> period, statetrends

. global a10 i.wagebinstate##c.quarterdate i.wagebinstate##c.quarterdatesq i.wa
> gequarterdate // state-quadratic-trends

. global a11 i.wagebinstate##c.quarterdate i.wagebinstate##c.quarterdatesq i.wa
> gequarterdate##i.division // state-quadratic-trends

. global a12 i.wagebinstate i.wagequarterdate i.quarterdate##i.statenum // stat
> eXquarter FE.

. global a13 i.wagebinstate i.wagequarterdate i.quarterdate##i.statenum // stat
> eXquarter FE.

. global a14 i.wagebinstate i.wagequarterdate i.quarterdate##i.statenum // stat
> eXquarter FE.

. 
. global opt2 f(wagequarterdate wagebinstate, 3)

. 
. global label0a aTWFE

. global label0 Canonical

. global label1 TWFE

. global label1b TWFE

. global label2 IFE

. global label3 Ind-ST

. global label4 ST

. global label5 DP

. global label6 ST_DP

. global label7 Ind-ST-DP

. global label8 CSP

. global label9 ST-CSP

. global label10 STQ

. global label11 STQ_DP

. global label12 STP

. global label13 STP15

. global label14 STP20

. 
. global if13 "& wagebins<=1500"

. global if14 "& wagebins<=2000"

. 
. *****************
. *** QCEW PREP ***
. *****************
. use "${data}qcew_state_sector_counts_2016.dta", clear

. rename statefips statenum

. gen quarterdate = yq(year, quarter)

. foreach var of varlist ind_* {
  2.         rename `var' emp_`var'_overall
  3. }

. tempfile qcew

. save `qcew'
file /var/folders/bm/2cq1vtmd5wg6k0vdjfpvbmww0000gn/T//St36865.000001 saved
    as .dta format

. 
. ****************************
. *** TREATMENT MACRO PREP ***
. ****************************
. * this command should be independent of data source
. treatmentcontrolwindows

. 
. ************************************
. *** ABOVE/BELOW SHARE MACRO PREP ***
. ************************************
. * these commands should be independent of data source
. abovebelowbunch

. abovebelowfull
Make sure that belowL16 and aboveL16 exists. Otherwise the program does not wor
> k. Assertion will be false.

. 
. 
. 
. ***************************************
. *** LOOP OVER TIME BASED SUBSAMPLES ***
. ***************************************
. foreach yearset in 19922016 /*20002016*/ {
  2.         local beginyear = substr("`yearset'",1,4)
  3.         local endyear = substr("`yearset'",5,4)
  4.         local b = `beginyear'
  5. 
.         use "${data}state_panels_with3quant_ind_`beginyear'_`endyear'.dta", c
> lear
  6.         merge m:1 statenum quarterdate using `qcew', nogenerate keep(3)
  7.         assert year <= `endyear' & year >= `beginyear'
  8. 
.         foreach Y in ind_all_overall ind_mstrad_overall ind_msnontrad_overall
>  ind_msother_overall ind_mscon_overall ind_retail_overall ind_rest_overall in
> d_manuf_overall {
  9.                 replace `Y'count = `Y'count*emp_`Y'/countall
 10.                 cap drop `Y'countpc
 11.                 gen `Y'countpc=`Y'count/population
 12.                 cap drop `Y'countpcall
 13.                 gen `Y'countpcall = `Y'countall*(emp_`Y'/countall)/populat
> ion
 14.         }
 15. 
.         *********************************************************************
> ***********
.         ***********************           Weights           *****************
> ***********
.         *********************************************************************
> ***********
.         * follow Doruk's code in state_panels_tercile1979.do
.         foreach Y in overall {
 16.                 egen wt`Y'`b' = mean(`Y'pop) if year>=`b' & cleansample ==
> 1 , by(statenum quarterdate)
 17.         }
 18.         foreach Y in overall {
 19.                 global weightind_all_`Y'`b' "[aw=wt`Y'`b']"
 20.                 global weightind_mstrad_`Y'`b' "[aw=wt`Y'`b']"
 21.                 global weightind_msnontrad_`Y'`b' "[aw=wt`Y'`b']"
 22.                 global weightind_msother_`Y'`b' "[aw=wt`Y'`b']"
 23.                 global weightind_mscon_`Y'`b' "[aw=wt`Y'`b']"
 24.                 global weightind_retail_`Y'`b' "[aw=wt`Y'`b']"
 25.                 global weightind_rest_`Y'`b' "[aw=wt`Y'`b']"
 26.                 global weightind_manuf_`Y'`b' "[aw=wt`Y'`b']"
 27.         }
 28. 
.         *********************************************************************
> ***********
.         **************     Sample and Control Specific Macros           *****
> ***********
.         *********************************************************************
> ***********
.         local limittreat "_stateonly"
 29. 
.         *********************************************************************
> ***********
.         **************      To name the graph              ******************
> ***********
.         *********************************************************************
> ***********
.         if "${disagg}" == "Y"{
 30.         local temp1 "disaggcont"
 31.         }
 32.         else{
 33.         local temp1 "aggcont"
 34.         }
 35. 
.         if "$controlmethod" == "Linear"{
 36.         local temp2 "L"
 37.         }
 38.         else{
 39.         if "$controlmethod" == "None"{
 40.         local temp1 "nocont"
 41.         }
 42.         else{
 43.         local temp2 "A"
 44.         }
 45.         }
 46.         cap drop one
 47.         cap drop counter
 48.         g one =1
 49.         gen counter = ((_n-1)*4) - $Tmin if _n<=8
 50. 
.         foreach s in  0 1  4  5  6 10  11 12 {
 51.                 cap drop be_timeb
 52.                 cap drop be_timese
 53.                 cap drop be_timeupper
 54.                 cap drop be_timelower
 55. 
.                 g be_timeb=.
 56.                 g be_timese=.
 57.                 g be_timeupper=.
 58.                 g be_timelower=.
 59. 
.                 replace be_timeb=0 if counter==-4
 60.                 replace be_timese=0 if counter==-4
 61.                 replace be_timeupper=0 if counter==-4
 62.                 replace be_timelower=0 if counter==-4
 63.         }
 64. 
.         *********************************************************************
> ***********
.         ***************          Useful to Find Below Share Wages            
>    ********
.         *********************************************************************
> ***********
.         cap drop statequarterdate
 65.         egen statequarterdate = group(state quarterdate)
 66.         sort statequarterdate wagebins
 67. 
.         foreach vv in ind_all_ ind_mstrad_ ind_msnontrad_ ind_msother_ ind_ms
> con_ ind_retail_ ind_rest_ ind_manuf_ {
 68.                 cap drop `vv'overallWB*
 69.                 g `vv'overallWBFH = wagebins*`vv'overallcount/(100)
 70.                 g `vv'overallWBpcFH = wagebins*`vv'overallcount/(100*popul
> ation)
 71. 
.                 cap drop `vv'overallWBpcrsumFH
 72.                 g `vv'overallWBpcrsumFH=0
 73.                 replace `vv'overallWBpcrsumFH = `vv'overallWBpcFH if wageb
> ins==100
 74.                 replace `vv'overallWBpcrsumFH = `vv'overallWBpcrsumFH[_n-1
> ] + `vv'overallWBpcFH if wagebins>100
 75. 
.                 cap drop `vv'overallcountpcrsum
 76.                 g `vv'overallcountpcrsum=0
 77.                 replace `vv'overallcountpcrsum = `vv'overallcountpc if wag
> ebins==100
 78.                 replace `vv'overallcountpcrsum = `vv'overallcountpcrsum[_n
> -1] + `vv'overallcountpc if wagebins>100
 79.         }
 80. 
.         *********************************************************************
> ***********
.         **********************       REGRESSIONS AND FIGURES        *********
> ***********
.         *********************************************************************
> ***********
.         xtset wagebinstate quarterdate
 81.         compress
 82. 
.         foreach Y in ind_mstrad_overall ind_msnontrad_overall {
 83. 
.                 ***  define MW change ***
.                 sum DMW_real if fedincrease!=1 & overallcountgr>0 & year>=`b'
>  & cleansample ==1   ${weight`Y'`b'}
 84.                 local mwc = r(mean)
 85.                 sum MW_real if  F.fedincrease!=1 & F.overallcountgr>0 & ye
> ar>=`b' & cleansample ==1   ${weight`Y'`b'}
 86.                 local mw = r(mean)
 87.                 local mwpc = `mwc'/`mw'
 88.                 local mwpc2 : di  %04.3f `mwpc'
 89. 
.                 * EPOP mean
.                 sum `Y'countpcall if ((F.fedincrease != 1 & F.fedincrease != 
> . & F.overallcountgr>0 & F.overallcountgr!=. ) | ///
>                 (F2.fedincrease != 1 & F2.overallcountgr>0 & F2.fedincrease !
> = . & F2.overallcountgr!=. ) ///
>                 | (F3.fedincrease != 1 & F3.overallcountgr>0 & F3.fedincrease
>  != . & F3.overallcountgr!=. ) ///
>                 | (F4.fedincrease != 1 & F4.overallcountgr>0 & F4.fedincrease
>  != . & F4.overallcountgr!=. ) ) & year>=`b' & cleansample ==1 ///
>                  ${weight`Y'`b'}                 // CHECK THIS  2/2/16
 90.                 local epop = r(mean)
 91. 
.                 global E = `epop'
 92.                 global C = 1/(`epop'*`mwpc')
 93. 
.                 *Below share
.                 sum `Y'countpcrsum if ( F.fedincrease!=1 & F.overallcountgr>0
>  & F.fedincrease!=. & F.overallcountgr!=.  & (wagebins+25)/100==F1MW_realM25)
>  | ///
>                  ( F2.fedincrease!=1 & F2.overallcountgr>0 & F2.fedincrease!=
> . & F2.overallcountgr!=. & (wagebins+25)/100==F2MW_realM25 ) | ///
>                 ( F3.fedincrease!=1 & F3.overallcountgr>0 & F3.fedincrease!=.
>  & F3.overallcountgr!=.  & (wagebins+25)/100==F3MW_realM25) | ///
>                  ( F4.fedincrease!=1 & F4.overallcountgr>0 & F4.fedincrease!=
> . & F4.overallcountgr!=. & (wagebins+25)/100==F4MW_realM25 ) ///
>                 & year>=`b' & cleansample ==1      ${weight`Y'`b'}
 94. 
.                 global B = r(mean)/${E}
 95.                 local belsh2 : di  %04.3f $B
 96. 
.                 *Affected share
.                 sum `Y'countpcrsum if (  F.fedincrease!=1 & F.overallcountgr>
> 0 & F.fedincrease!=. & F.overallcountgr!=.  & (wagebins)/100==MW_realM25) | /
> //
>                  ( F2.fedincrease!=1 & F2.overallcountgr>0 & F2.fedincrease!=
> . & F2.overallcountgr!=. & (wagebins)/100==MW_realM25 ) | ///
>                 ( F3.fedincrease!=1 & F3.overallcountgr>0 & F3.fedincrease!=.
>  & F3.overallcountgr!=.  & (wagebins)/100==MW_realM25) | ///
>                  ( F4.fedincrease!=1 & F4.overallcountgr>0 & F4.fedincrease!=
> . & F4.overallcountgr!=. & (wagebins)/100==MW_realM25 ) ///
>                 & year>=`b' & cleansample ==1     ${weight`Y'`b'}
 97. 
.                 global AS`Y' = $B - (r(mean)/${E})
 98.                 local affsh`Y' : di  %04.3f ${AS`Y'}
 99. 
. 
.                 *************************************************************
> ***
.                 *************    Wagebill related globals       *************
> ***
.                 *************************************************************
> ***
.                 sum `Y'WBpcrsumFH if (  F.fedincrease!=1 & F.overallcountgr>0
>  & F.fedincrease!=. & F.overallcountgr!=.   & (wagebins+25)/100==F1MW_realM25
> ) | ///
>                  (F2.fedincrease!=1 & F2.overallcountgr>0 & F2.fedincrease!=.
>  & F2.overallcountgr!=. & (wagebins+25)/100==F2MW_realM25 ) | ///
>                 (F3.fedincrease!=1 & F3.overallcountgr>0 & F3.fedincrease!=. 
> & F3.overallcountgr!=.  & (wagebins+25)/100==F3MW_realM25) | ///
>                  (  F4.fedincrease!=1 & F4.overallcountgr>0 & F4.fedincrease!
> =. & F4.overallcountgr!=.  & (wagebins+25)/100==F4MW_realM25 ) ///
>                 & year>=`b' & cleansample ==1     ${weight`Y'`b'}
100. 
.                 global EWB = r(mean)
101.                 local EWB2 : di  %04.3f $EWB
102.                 cap drop tempweight
103.                 global CWB = 1/(${EWB}*`mwpc')
104. 
.                 sum wagebins if treat_p0 == 1  & year>=`b' & cleansample ==1 
>   ${weight`Y'`b'}, meanonly
105.                 global wagemult = r(mean)/100
106. 
.                 *We have to do this here because multipliers are calculated i
> n the loop.
.                 abovebelowWBbunch,wagemult(${wagemult})
107.                 abovebelowWBfull
108. 
.                 foreach s in /*0*/ 1 /*4 5 6 10 11 12*/ /*13 14*/ /*0a 0b  4 
>  5 6*/     {
109. 
.                         est use "${estimates}`Y'after`limitsample'`limittreat
> '_`s'_`Y'_`beginyear'`endyear'_`temp1'_`temp2'_${Tmax}${Tmin}"
110.                         local dof = e(df_r)
111.                         local numberobs : di %15.0gc e(N)
112.                         count if fedincrease!=1 & overallcountgr>0 & wageb
> ins==300 & year >= `b'        // The wage bin does not matter.
113.                         local numberevent : di %15.0gc r(N)
114.                         local denominator = (1/(1+(${Tmax}/4)))
115. 
. 
.                         *****************************************************
> ***************
.                         ****************          Table           ***********
> ***************
.                         *****************************************************
> ***************
.                         est use "${estimates}`Y'after`limitsample'`limittreat
> '_`s'_`Y'_`beginyear'`endyear'_`temp1'_`temp2'_${Tmax}${Tmin}"
116. 
.                         if "`Y'"== "ind_mstrad_overall"{
117.                                 local z "mstrad"
118.                         }
119.                         if "`Y'"== "ind_msnontrad_overall"{
120.                                 local z "msnontrad"
121.                         }
122. 
.                         nlcomestadd ((((${belowWB_full}+${aboveWB_full})*(4*`
> denominator')/$EWB ) - ///
>                         (((${below_full} + ${above_full})*(4*`denominator')*(
> 1/${E}))/${B}))) / ///
>                         (1+(((${below_full} + ${above_full})*(4*`denominator'
> )*(1/${E}))/${B}))         , statname(WB_E)  dof(`dof')                      
>               // Multiplying by 4 because bins are in 25 cent precision. To a
> verage by time, dividing by 5.
123.                         eststo `z'_2
124. 
.                         *Method 3
.                         est use "${estimates}`Y'after`limitsample'`limittreat
> '_`s'_`Y'_`beginyear'`endyear'_`temp1'_`temp2'_${Tmax}${Tmin}"
125.                         abovebelowWBbunch_alt, secondmethod(Y) 
126.                         abovebelowWBfull_alt,  secondmethod(Y) 
127.                         nlcomestadd ((${aboveWB_fullY})/${EWB})*(4*`denomi
> nator'), statname(WB_E) dof(`dof') 
128.                         eststo `z'_3
129.                         
.                         est use "${estimates}`Y'after`limitsample'`limittreat
> '_`s'_`Y'_`beginyear'`endyear'_`temp1'_`temp2'_${Tmax}${Tmin}"
130.                         nlcom (a1:((((${belowWB_full}+${aboveWB_full})*(4*
> `denominator')/$EWB ) - ///
>                         (((${below_full} + ${above_full})*(4*`denominator')*(
> 1/${E}))/${B}))) / ///
>                         (1+(((${below_full} + ${above_full})*(4*`denominator'
> )*(1/${E}))/${B}))) (a2:((${aboveWB_fullY})/${EWB})*(4*`denominator')), post
131.                         nlcomestadd     1-(_b[a2]/_b[a1])  , statname(WB_E
> ) dof(`dof') 
132.                         eststo `z'_spill
133. 
. 
. 
.                 }
134.         }
135. 
. }
(variable quarterdate was int, now float to accommodate using data's values)

    Result                      Number of obs
    -----------------------------------------
    Not matched                             0
    Matched                           596,700  
    -----------------------------------------
(458,026 real changes made)
(180,008 real changes made)
(181,893 real changes made)
(386,873 real changes made)
(154,580 real changes made)
(169,332 real changes made)
(92,156 real changes made)
(177,540 real changes made)
(41,769 missing values generated)
(596,692 missing values generated)
(596,700 missing values generated)
(596,700 missing values generated)
(596,700 missing values generated)
(596,700 missing values generated)
(1 real change made)
(1 real change made)
(1 real change made)
(1 real change made)
(596,700 missing values generated)
(596,700 missing values generated)
(596,700 missing values generated)
(596,700 missing values generated)
(1 real change made)
(1 real change made)
(1 real change made)
(1 real change made)
(596,700 missing values generated)
(596,700 missing values generated)
(596,700 missing values generated)
(596,700 missing values generated)
(1 real change made)
(1 real change made)
(1 real change made)
(1 real change made)
(596,700 missing values generated)
(596,700 missing values generated)
(596,700 missing values generated)
(596,700 missing values generated)
(1 real change made)
(1 real change made)
(1 real change made)
(1 real change made)
(596,700 missing values generated)
(596,700 missing values generated)
(596,700 missing values generated)
(596,700 missing values generated)
(1 real change made)
(1 real change made)
(1 real change made)
(1 real change made)
(596,700 missing values generated)
(596,700 missing values generated)
(596,700 missing values generated)
(596,700 missing values generated)
(1 real change made)
(1 real change made)
(1 real change made)
(1 real change made)
(596,700 missing values generated)
(596,700 missing values generated)
(596,700 missing values generated)
(596,700 missing values generated)
(1 real change made)
(1 real change made)
(1 real change made)
(1 real change made)
(596,700 missing values generated)
(596,700 missing values generated)
(596,700 missing values generated)
(596,700 missing values generated)
(1 real change made)
(1 real change made)
(1 real change made)
(1 real change made)
(2,108 real changes made)
(576,428 real changes made)
(2,108 real changes made)
(576,428 real changes made)
(343 real changes made)
(474,713 real changes made)
(343 real changes made)
(474,713 real changes made)
(298 real changes made)
(548,995 real changes made)
(298 real changes made)
(548,995 real changes made)
(1,559 real changes made)
(556,817 real changes made)
(1,559 real changes made)
(556,817 real changes made)
(369 real changes made)
(482,931 real changes made)
(369 real changes made)
(482,931 real changes made)
(256 real changes made)
(498,553 real changes made)
(256 real changes made)
(498,553 real changes made)
(112 real changes made)
(544,107 real changes made)
(112 real changes made)
(544,107 real changes made)
(336 real changes made)
(474,408 real changes made)
(336 real changes made)
(474,408 real changes made)

Panel variable: wagebinstate (strongly balanced)
 Time variable: quarterdate, 128 to 227
         Delta: 1 unit
  variable quarterdate was float now int
  variable one was float now byte
  variable counter was float now byte
  variable be_timeb was float now byte
  variable be_timese was float now byte
  variable be_timeupper was float now byte
  variable be_timelower was float now byte
  variable statequarterdate was float now int
  (13,127,400 bytes saved)

    Variable |     Obs      Weight        Mean   Std. dev.       Min        Max
-------------+-----------------------------------------------------------------
    DMW_real |  13,689  7.7651e+10    .7789518   .3823315   .2514448   2.193727

    Variable |     Obs      Weight        Mean   Std. dev.       Min        Max
-------------+-----------------------------------------------------------------
     MW_real |  19,656  1.0746e+11    7.945503   .9205379   6.075942   11.42869

    Variable |     Obs      Weight        Mean   Std. dev.       Min        Max
-------------+-----------------------------------------------------------------
ind_mst~call |  54,054  3.0511e+11    .0067144   .0043195   .0000131   .0203441

    Variable |     Obs      Weight        Mean   Std. dev.       Min        Max
-------------+-----------------------------------------------------------------
ind_mstrad~m |     465  2.6278e+09    .0003343   .0003811          0   .0016863

    Variable |     Obs      Weight        Mean   Std. dev.       Min        Max
-------------+-----------------------------------------------------------------
ind_mstrad~m |     462  2.6078e+09    .0002494   .0002898          0    .001274

    Variable |     Obs      Weight        Mean   Std. dev.       Min        Max
-------------+-----------------------------------------------------------------
ind_mstr~mFH |     465  2.6278e+09    .0024734   .0028822          0   .0122347
Make sure that belowL16 and aboveL16 exists. Otherwise the program does not wor
> k. Assertion will be false.
  118

       _nl_1: ((((((_b[treat_m1])*(8.864712118984865-1) ) + ((_b[treat_m2])*(8.
> 864712118984865-2) ) + ((_b[treat_m3])*(8.864712118984865-3) ) + ((_b[treat_m
> 4])*(8.864712118984865-4) ) + ((_b[L4treat_m1])*(8.864712118984865-1) ) + ((_
> b[L4treat_m2])*(8.864712118984865-2)) + ((_b[L4treat_m3])*(8.864712118984865-
> 3)) + ((_b[L4treat_m4])*(8.864712118984865-4)) + ((_b[L8treat_m1])*(8.8647121
> 18984865-1) ) + ((_b[L8treat_m2])*(8.864712118984865-2)) + ((_b[L8treat_m3])*
> (8.864712118984865-3)) + ((_b[L8treat_m4])*(8.864712118984865-4)) + ((_b[L12t
> reat_m1])*(8.864712118984865-1) ) + ((_b[L12treat_m2])*(8.864712118984865-2))
>  + ((_b[L12treat_m3])*(8.864712118984865-3)) + ((_b[L12treat_m4])*(8.86471211
> 8984865-4)) + ((_b[L16treat_m1])*(8.864712118984865-1) ) + ((_b[L16treat_m2])
> *(8.864712118984865-2)) + ((_b[L16treat_m3])*(8.864712118984865-3)) + ((_b[L1
> 6treat_m4])*(8.864712118984865-4))+((_b[treat_p0])*(8.864712118984865+0)) + (
> (_b[treat_p1])*(8.864712118984865+1) ) + ((_b[treat_p2])*(8.864712118984865+2
> ) ) + ((_b[treat_p3])*(8.864712118984865+3) ) + ((_b[treat_p4])*(8.8647121189
> 84865+4) ) + ((_b[L4treat_p0])*(8.864712118984865+0)) + ((_b[L4treat_p1])*(8.
> 864712118984865+1)) + ((_b[L4treat_p2])*(8.864712118984865+2)) + ((_b[L4treat
> _p3])*(8.864712118984865+3)) + ((_b[L4treat_p4])*(8.864712118984865+4)) + ((_
> b[L8treat_p0])*(8.864712118984865+0)) + ((_b[L8treat_p1])*(8.864712118984865+
> 1)) + ((_b[L8treat_p2])*(8.864712118984865+2)) + ((_b[L8treat_p3])*(8.8647121
> 18984865+3)) + ((_b[L8treat_p4])*(8.864712118984865+4)) + ((_b[L12treat_p0])*
> (8.864712118984865+0)) + ((_b[L12treat_p1])*(8.864712118984865+1)) + ((_b[L12
> treat_p2])*(8.864712118984865+2)) + ((_b[L12treat_p3])*(8.864712118984865+3))
>  + ((_b[L12treat_p4])*(8.864712118984865+4)) + ((_b[L16treat_p0])*(8.86471211
> 8984865+0)) + ((_b[L16treat_p1])*(8.864712118984865+1)) + ((_b[L16treat_p2])*
> (8.864712118984865+2)) + ((_b[L16treat_p3])*(8.864712118984865+3)) + ((_b[L16
> treat_p4])*(8.864712118984865+4)))*(4*.2)/.0024734178554175 ) - ((((_b[treat_
> m1] ) + (_b[treat_m2] ) + (_b[treat_m3] ) + (_b[treat_m4] ) + (_b[L4treat_m1]
> ) + (_b[L4treat_m2]) + (_b[L4treat_m3]) + (_b[L4treat_m4]) + (_b[L8treat_m1])
>  + (_b[L8treat_m2]) + (_b[L8treat_m3]) + (_b[L8treat_m4]) + (_b[L12treat_m1])
>  + (_b[L12treat_m2]) + (_b[L12treat_m3]) + (_b[L12treat_m4]) + (_b[L16treat_m
> 1]) + (_b[L16treat_m2]) + (_b[L16treat_m3]) + (_b[L16treat_m4]) + (_b[treat_p
> 0]) + (_b[treat_p1] ) + (_b[treat_p2] ) + (_b[treat_p3] ) + (_b[treat_p4] ) +
>  (_b[L4treat_p0]) + (_b[L4treat_p1]) + (_b[L4treat_p2]) + (_b[L4treat_p3]) + 
> (_b[L4treat_p4]) + (_b[L8treat_p0]) + (_b[L8treat_p1]) + (_b[L8treat_p2]) + (
> _b[L8treat_p3]) + (_b[L8treat_p4]) + (_b[L12treat_p0]) + (_b[L12treat_p1]) + 
> (_b[L12treat_p2]) + (_b[L12treat_p3]) + (_b[L12treat_p4]) + (_b[L16treat_p0])
>  + (_b[L16treat_p1]) + (_b[L16treat_p2]) + (_b[L16treat_p3]) + (_b[L16treat_p
> 4]))*(4*.2)*(1/.0067144166678981))/.0497852634023261))) / (1+((((_b[treat_m1]
>  ) + (_b[treat_m2] ) + (_b[treat_m3] ) + (_b[treat_m4] ) + (_b[L4treat_m1]) +
>  (_b[L4treat_m2]) + (_b[L4treat_m3]) + (_b[L4treat_m4]) + (_b[L8treat_m1]) + 
> (_b[L8treat_m2]) + (_b[L8treat_m3]) + (_b[L8treat_m4]) + (_b[L12treat_m1]) + 
> (_b[L12treat_m2]) + (_b[L12treat_m3]) + (_b[L12treat_m4]) + (_b[L16treat_m1])
>  + (_b[L16treat_m2]) + (_b[L16treat_m3]) + (_b[L16treat_m4]) + (_b[treat_p0])
>  + (_b[treat_p1] ) + (_b[treat_p2] ) + (_b[treat_p3] ) + (_b[treat_p4] ) + (_
> b[L4treat_p0]) + (_b[L4treat_p1]) + (_b[L4treat_p2]) + (_b[L4treat_p3]) + (_b
> [L4treat_p4]) + (_b[L8treat_p0]) + (_b[L8treat_p1]) + (_b[L8treat_p2]) + (_b[
> L8treat_p3]) + (_b[L8treat_p4]) + (_b[L12treat_p0]) + (_b[L12treat_p1]) + (_b
> [L12treat_p2]) + (_b[L12treat_p3]) + (_b[L12treat_p4]) + (_b[L16treat_p0]) + 
> (_b[L16treat_p1]) + (_b[L16treat_p2]) + (_b[L16treat_p3]) + (_b[L16treat_p4])
> )*(4*.2)*(1/.0067144166678981))/.0497852634023261))

------------------------------------------------------------------------------
ind_mstrad~c | Coefficient  Std. err.      z    P>|z|     [95% conf. interval]
-------------+----------------------------------------------------------------
       _nl_1 |   .0582194   .0725282     0.80   0.422    -.0839332     .200372
------------------------------------------------------------------------------

added macro:
              e(WB_Eb) : "0.058"

added macro:
             e(WB_Ese) : "(0.073)"

       _nl_1: (( (         0 + (1*_b[treat_m1]) + (2*_b[treat_m2]) + (3*_b[trea
> t_m3]) + (4*_b[treat_m4]))* (-1) +  (         0 + (2*_b[treat_m1]) + (3*_b[tr
> eat_m2]) + (4*_b[treat_m3]) + (5*_b[treat_m4]))* (0) +  (         0 + (3*_b[t
> reat_m1]) + (4*_b[treat_m2]) + (5*_b[treat_m3]) + (6*_b[treat_m4]))* (0) +  (
>          0 + (4*_b[treat_m1]) + (5*_b[treat_m2]) + (6*_b[treat_m3]) + (7*_b[t
> reat_m4]))* (0) +  (         0 + (5*_b[treat_m1]) + (6*_b[treat_m2]) + (7*_b[
> treat_m3]) + (8*_b[treat_m4]))* (0) +  (         0 + (1*_b[L4treat_m1]) + (2*
> _b[L4treat_m2]) + (3*_b[L4treat_m3]) + (4*_b[L4treat_m4]))* (-1) +  (        
>  0 + (2*_b[L4treat_m1]) + (3*_b[L4treat_m2]) + (4*_b[L4treat_m3]) + (5*_b[L4t
> reat_m4]))* (0) +  (         0 + (3*_b[L4treat_m1]) + (4*_b[L4treat_m2]) + (5
> *_b[L4treat_m3]) + (6*_b[L4treat_m4]))* (0) +  (         0 + (4*_b[L4treat_m1
> ]) + (5*_b[L4treat_m2]) + (6*_b[L4treat_m3]) + (7*_b[L4treat_m4]))* (0) +  ( 
>         0 + (5*_b[L4treat_m1]) + (6*_b[L4treat_m2]) + (7*_b[L4treat_m3]) + (8
> *_b[L4treat_m4]))* (0) +  (         0 + (1*_b[L8treat_m1]) + (2*_b[L8treat_m2
> ]) + (3*_b[L8treat_m3]) + (4*_b[L8treat_m4]))* (-1) +  (         0 + (2*_b[L8
> treat_m1]) + (3*_b[L8treat_m2]) + (4*_b[L8treat_m3]) + (5*_b[L8treat_m4]))* (
> 0) +  (         0 + (3*_b[L8treat_m1]) + (4*_b[L8treat_m2]) + (5*_b[L8treat_m
> 3]) + (6*_b[L8treat_m4]))* (0) +  (         0 + (4*_b[L8treat_m1]) + (5*_b[L8
> treat_m2]) + (6*_b[L8treat_m3]) + (7*_b[L8treat_m4]))* (0) +  (         0 + (
> 5*_b[L8treat_m1]) + (6*_b[L8treat_m2]) + (7*_b[L8treat_m3]) + (8*_b[L8treat_m
> 4]))* (0) +  (         0 + (1*_b[L12treat_m1]) + (2*_b[L12treat_m2]) + (3*_b[
> L12treat_m3]) + (4*_b[L12treat_m4]))* (-1) +  (         0 + (2*_b[L12treat_m1
> ]) + (3*_b[L12treat_m2]) + (4*_b[L12treat_m3]) + (5*_b[L12treat_m4]))* (0) + 
>  (         0 + (3*_b[L12treat_m1]) + (4*_b[L12treat_m2]) + (5*_b[L12treat_m3]
> ) + (6*_b[L12treat_m4]))* (0) +  (         0 + (4*_b[L12treat_m1]) + (5*_b[L1
> 2treat_m2]) + (6*_b[L12treat_m3]) + (7*_b[L12treat_m4]))* (0) +  (         0 
> + (5*_b[L12treat_m1]) + (6*_b[L12treat_m2]) + (7*_b[L12treat_m3]) + (8*_b[L12
> treat_m4]))* (0) +  (         0 + (1*_b[L16treat_m1]) + (2*_b[L16treat_m2]) +
>  (3*_b[L16treat_m3]) + (4*_b[L16treat_m4]))* (-1) +  (         0 + (2*_b[L16t
> reat_m1]) + (3*_b[L16treat_m2]) + (4*_b[L16treat_m3]) + (5*_b[L16treat_m4]))*
>  (0) +  (         0 + (3*_b[L16treat_m1]) + (4*_b[L16treat_m2]) + (5*_b[L16tr
> eat_m3]) + (6*_b[L16treat_m4]))* (0) +  (         0 + (4*_b[L16treat_m1]) + (
> 5*_b[L16treat_m2]) + (6*_b[L16treat_m3]) + (7*_b[L16treat_m4]))* (0) +  (    
>      0 + (5*_b[L16treat_m1]) + (6*_b[L16treat_m2]) + (7*_b[L16treat_m3]) + (8
> *_b[L16treat_m4]))* (0))/.0024734178554175)*(4*.2)

------------------------------------------------------------------------------
ind_mstrad~c | Coefficient  Std. err.      z    P>|z|     [95% conf. interval]
-------------+----------------------------------------------------------------
       _nl_1 |   .0648636   .0279529     2.32   0.020     .0100769    .1196502
------------------------------------------------------------------------------

added macro:
              e(WB_Eb) : "0.065**"

added macro:
             e(WB_Ese) : "(0.028)"

          a1: ((((((_b[treat_m1])*(8.864712118984865-1) ) + ((_b[treat_m2])*(8.
> 864712118984865-2) ) + ((_b[treat_m3])*(8.864712118984865-3) ) + ((_b[treat_m
> 4])*(8.864712118984865-4) ) + ((_b[L4treat_m1])*(8.864712118984865-1) ) + ((_
> b[L4treat_m2])*(8.864712118984865-2)) + ((_b[L4treat_m3])*(8.864712118984865-
> 3)) + ((_b[L4treat_m4])*(8.864712118984865-4)) + ((_b[L8treat_m1])*(8.8647121
> 18984865-1) ) + ((_b[L8treat_m2])*(8.864712118984865-2)) + ((_b[L8treat_m3])*
> (8.864712118984865-3)) + ((_b[L8treat_m4])*(8.864712118984865-4)) + ((_b[L12t
> reat_m1])*(8.864712118984865-1) ) + ((_b[L12treat_m2])*(8.864712118984865-2))
>  + ((_b[L12treat_m3])*(8.864712118984865-3)) + ((_b[L12treat_m4])*(8.86471211
> 8984865-4)) + ((_b[L16treat_m1])*(8.864712118984865-1) ) + ((_b[L16treat_m2])
> *(8.864712118984865-2)) + ((_b[L16treat_m3])*(8.864712118984865-3)) + ((_b[L1
> 6treat_m4])*(8.864712118984865-4))+((_b[treat_p0])*(8.864712118984865+0)) + (
> (_b[treat_p1])*(8.864712118984865+1) ) + ((_b[treat_p2])*(8.864712118984865+2
> ) ) + ((_b[treat_p3])*(8.864712118984865+3) ) + ((_b[treat_p4])*(8.8647121189
> 84865+4) ) + ((_b[L4treat_p0])*(8.864712118984865+0)) + ((_b[L4treat_p1])*(8.
> 864712118984865+1)) + ((_b[L4treat_p2])*(8.864712118984865+2)) + ((_b[L4treat
> _p3])*(8.864712118984865+3)) + ((_b[L4treat_p4])*(8.864712118984865+4)) + ((_
> b[L8treat_p0])*(8.864712118984865+0)) + ((_b[L8treat_p1])*(8.864712118984865+
> 1)) + ((_b[L8treat_p2])*(8.864712118984865+2)) + ((_b[L8treat_p3])*(8.8647121
> 18984865+3)) + ((_b[L8treat_p4])*(8.864712118984865+4)) + ((_b[L12treat_p0])*
> (8.864712118984865+0)) + ((_b[L12treat_p1])*(8.864712118984865+1)) + ((_b[L12
> treat_p2])*(8.864712118984865+2)) + ((_b[L12treat_p3])*(8.864712118984865+3))
>  + ((_b[L12treat_p4])*(8.864712118984865+4)) + ((_b[L16treat_p0])*(8.86471211
> 8984865+0)) + ((_b[L16treat_p1])*(8.864712118984865+1)) + ((_b[L16treat_p2])*
> (8.864712118984865+2)) + ((_b[L16treat_p3])*(8.864712118984865+3)) + ((_b[L16
> treat_p4])*(8.864712118984865+4)))*(4*.2)/.0024734178554175 ) - ((((_b[treat_
> m1] ) + (_b[treat_m2] ) + (_b[treat_m3] ) + (_b[treat_m4] ) + (_b[L4treat_m1]
> ) + (_b[L4treat_m2]) + (_b[L4treat_m3]) + (_b[L4treat_m4]) + (_b[L8treat_m1])
>  + (_b[L8treat_m2]) + (_b[L8treat_m3]) + (_b[L8treat_m4]) + (_b[L12treat_m1])
>  + (_b[L12treat_m2]) + (_b[L12treat_m3]) + (_b[L12treat_m4]) + (_b[L16treat_m
> 1]) + (_b[L16treat_m2]) + (_b[L16treat_m3]) + (_b[L16treat_m4]) + (_b[treat_p
> 0]) + (_b[treat_p1] ) + (_b[treat_p2] ) + (_b[treat_p3] ) + (_b[treat_p4] ) +
>  (_b[L4treat_p0]) + (_b[L4treat_p1]) + (_b[L4treat_p2]) + (_b[L4treat_p3]) + 
> (_b[L4treat_p4]) + (_b[L8treat_p0]) + (_b[L8treat_p1]) + (_b[L8treat_p2]) + (
> _b[L8treat_p3]) + (_b[L8treat_p4]) + (_b[L12treat_p0]) + (_b[L12treat_p1]) + 
> (_b[L12treat_p2]) + (_b[L12treat_p3]) + (_b[L12treat_p4]) + (_b[L16treat_p0])
>  + (_b[L16treat_p1]) + (_b[L16treat_p2]) + (_b[L16treat_p3]) + (_b[L16treat_p
> 4]))*(4*.2)*(1/.0067144166678981))/.0497852634023261))) / (1+((((_b[treat_m1]
>  ) + (_b[treat_m2] ) + (_b[treat_m3] ) + (_b[treat_m4] ) + (_b[L4treat_m1]) +
>  (_b[L4treat_m2]) + (_b[L4treat_m3]) + (_b[L4treat_m4]) + (_b[L8treat_m1]) + 
> (_b[L8treat_m2]) + (_b[L8treat_m3]) + (_b[L8treat_m4]) + (_b[L12treat_m1]) + 
> (_b[L12treat_m2]) + (_b[L12treat_m3]) + (_b[L12treat_m4]) + (_b[L16treat_m1])
>  + (_b[L16treat_m2]) + (_b[L16treat_m3]) + (_b[L16treat_m4]) + (_b[treat_p0])
>  + (_b[treat_p1] ) + (_b[treat_p2] ) + (_b[treat_p3] ) + (_b[treat_p4] ) + (_
> b[L4treat_p0]) + (_b[L4treat_p1]) + (_b[L4treat_p2]) + (_b[L4treat_p3]) + (_b
> [L4treat_p4]) + (_b[L8treat_p0]) + (_b[L8treat_p1]) + (_b[L8treat_p2]) + (_b[
> L8treat_p3]) + (_b[L8treat_p4]) + (_b[L12treat_p0]) + (_b[L12treat_p1]) + (_b
> [L12treat_p2]) + (_b[L12treat_p3]) + (_b[L12treat_p4]) + (_b[L16treat_p0]) + 
> (_b[L16treat_p1]) + (_b[L16treat_p2]) + (_b[L16treat_p3]) + (_b[L16treat_p4])
> )*(4*.2)*(1/.0067144166678981))/.0497852634023261))
          a2: (( (         0 + (1*_b[treat_m1]) + (2*_b[treat_m2]) + (3*_b[trea
> t_m3]) + (4*_b[treat_m4]))* (-1) +  (         0 + (2*_b[treat_m1]) + (3*_b[tr
> eat_m2]) + (4*_b[treat_m3]) + (5*_b[treat_m4]))* (0) +  (         0 + (3*_b[t
> reat_m1]) + (4*_b[treat_m2]) + (5*_b[treat_m3]) + (6*_b[treat_m4]))* (0) +  (
>          0 + (4*_b[treat_m1]) + (5*_b[treat_m2]) + (6*_b[treat_m3]) + (7*_b[t
> reat_m4]))* (0) +  (         0 + (5*_b[treat_m1]) + (6*_b[treat_m2]) + (7*_b[
> treat_m3]) + (8*_b[treat_m4]))* (0) +  (         0 + (1*_b[L4treat_m1]) + (2*
> _b[L4treat_m2]) + (3*_b[L4treat_m3]) + (4*_b[L4treat_m4]))* (-1) +  (        
>  0 + (2*_b[L4treat_m1]) + (3*_b[L4treat_m2]) + (4*_b[L4treat_m3]) + (5*_b[L4t
> reat_m4]))* (0) +  (         0 + (3*_b[L4treat_m1]) + (4*_b[L4treat_m2]) + (5
> *_b[L4treat_m3]) + (6*_b[L4treat_m4]))* (0) +  (         0 + (4*_b[L4treat_m1
> ]) + (5*_b[L4treat_m2]) + (6*_b[L4treat_m3]) + (7*_b[L4treat_m4]))* (0) +  ( 
>         0 + (5*_b[L4treat_m1]) + (6*_b[L4treat_m2]) + (7*_b[L4treat_m3]) + (8
> *_b[L4treat_m4]))* (0) +  (         0 + (1*_b[L8treat_m1]) + (2*_b[L8treat_m2
> ]) + (3*_b[L8treat_m3]) + (4*_b[L8treat_m4]))* (-1) +  (         0 + (2*_b[L8
> treat_m1]) + (3*_b[L8treat_m2]) + (4*_b[L8treat_m3]) + (5*_b[L8treat_m4]))* (
> 0) +  (         0 + (3*_b[L8treat_m1]) + (4*_b[L8treat_m2]) + (5*_b[L8treat_m
> 3]) + (6*_b[L8treat_m4]))* (0) +  (         0 + (4*_b[L8treat_m1]) + (5*_b[L8
> treat_m2]) + (6*_b[L8treat_m3]) + (7*_b[L8treat_m4]))* (0) +  (         0 + (
> 5*_b[L8treat_m1]) + (6*_b[L8treat_m2]) + (7*_b[L8treat_m3]) + (8*_b[L8treat_m
> 4]))* (0) +  (         0 + (1*_b[L12treat_m1]) + (2*_b[L12treat_m2]) + (3*_b[
> L12treat_m3]) + (4*_b[L12treat_m4]))* (-1) +  (         0 + (2*_b[L12treat_m1
> ]) + (3*_b[L12treat_m2]) + (4*_b[L12treat_m3]) + (5*_b[L12treat_m4]))* (0) + 
>  (         0 + (3*_b[L12treat_m1]) + (4*_b[L12treat_m2]) + (5*_b[L12treat_m3]
> ) + (6*_b[L12treat_m4]))* (0) +  (         0 + (4*_b[L12treat_m1]) + (5*_b[L1
> 2treat_m2]) + (6*_b[L12treat_m3]) + (7*_b[L12treat_m4]))* (0) +  (         0 
> + (5*_b[L12treat_m1]) + (6*_b[L12treat_m2]) + (7*_b[L12treat_m3]) + (8*_b[L12
> treat_m4]))* (0) +  (         0 + (1*_b[L16treat_m1]) + (2*_b[L16treat_m2]) +
>  (3*_b[L16treat_m3]) + (4*_b[L16treat_m4]))* (-1) +  (         0 + (2*_b[L16t
> reat_m1]) + (3*_b[L16treat_m2]) + (4*_b[L16treat_m3]) + (5*_b[L16treat_m4]))*
>  (0) +  (         0 + (3*_b[L16treat_m1]) + (4*_b[L16treat_m2]) + (5*_b[L16tr
> eat_m3]) + (6*_b[L16treat_m4]))* (0) +  (         0 + (4*_b[L16treat_m1]) + (
> 5*_b[L16treat_m2]) + (6*_b[L16treat_m3]) + (7*_b[L16treat_m4]))* (0) +  (    
>      0 + (5*_b[L16treat_m1]) + (6*_b[L16treat_m2]) + (7*_b[L16treat_m3]) + (8
> *_b[L16treat_m4]))* (0))/.0024734178554175)*(4*.2)

------------------------------------------------------------------------------
ind_mstrad~c | Coefficient  Std. err.      z    P>|z|     [95% conf. interval]
-------------+----------------------------------------------------------------
          a1 |   .0582194   .0725282     0.80   0.422    -.0839332     .200372
          a2 |   .0648636   .0279529     2.32   0.020     .0100769    .1196502
------------------------------------------------------------------------------

       _nl_1: 1-(_b[a2]/_b[a1])

------------------------------------------------------------------------------
ind_mstrad~c | Coefficient  Std. err.      z    P>|z|     [95% conf. interval]
-------------+----------------------------------------------------------------
       _nl_1 |  -.1141231   1.157384    -0.10   0.921    -2.382553    2.154307
------------------------------------------------------------------------------

added macro:
              e(WB_Eb) : "-0.114"

added macro:
             e(WB_Ese) : "(1.157)"

    Variable |     Obs      Weight        Mean   Std. dev.       Min        Max
-------------+-----------------------------------------------------------------
    DMW_real |  13,689  7.7651e+10    .7789518   .3823315   .2514448   2.193727

    Variable |     Obs      Weight        Mean   Std. dev.       Min        Max
-------------+-----------------------------------------------------------------
     MW_real |  19,656  1.0746e+11    7.945503   .9205379   6.075942   11.42869

    Variable |     Obs      Weight        Mean   Std. dev.       Min        Max
-------------+-----------------------------------------------------------------
ind_msnont.. |  54,054  3.0511e+11    .0142736   .0020686   .0063648   .0288629

    Variable |     Obs      Weight        Mean   Std. dev.       Min        Max
-------------+-----------------------------------------------------------------
ind_msnont~m |     465  2.6278e+09     .003855   .0012193   .0002337   .0089436

    Variable |     Obs      Weight        Mean   Std. dev.       Min        Max
-------------+-----------------------------------------------------------------
ind_msnont~m |     462  2.6078e+09    .0028289   .0011897          0   .0088771

    Variable |     Obs      Weight        Mean   Std. dev.       Min        Max
-------------+-----------------------------------------------------------------
ind_msno~mFH |     465  2.6278e+09    .0277485   .0105099   .0015192   .0665715
Make sure that belowL16 and aboveL16 exists. Otherwise the program does not wor
> k. Assertion will be false.
  118

       _nl_1: ((((((_b[treat_m1])*(8.864712118984865-1) ) + ((_b[treat_m2])*(8.
> 864712118984865-2) ) + ((_b[treat_m3])*(8.864712118984865-3) ) + ((_b[treat_m
> 4])*(8.864712118984865-4) ) + ((_b[L4treat_m1])*(8.864712118984865-1) ) + ((_
> b[L4treat_m2])*(8.864712118984865-2)) + ((_b[L4treat_m3])*(8.864712118984865-
> 3)) + ((_b[L4treat_m4])*(8.864712118984865-4)) + ((_b[L8treat_m1])*(8.8647121
> 18984865-1) ) + ((_b[L8treat_m2])*(8.864712118984865-2)) + ((_b[L8treat_m3])*
> (8.864712118984865-3)) + ((_b[L8treat_m4])*(8.864712118984865-4)) + ((_b[L12t
> reat_m1])*(8.864712118984865-1) ) + ((_b[L12treat_m2])*(8.864712118984865-2))
>  + ((_b[L12treat_m3])*(8.864712118984865-3)) + ((_b[L12treat_m4])*(8.86471211
> 8984865-4)) + ((_b[L16treat_m1])*(8.864712118984865-1) ) + ((_b[L16treat_m2])
> *(8.864712118984865-2)) + ((_b[L16treat_m3])*(8.864712118984865-3)) + ((_b[L1
> 6treat_m4])*(8.864712118984865-4))+((_b[treat_p0])*(8.864712118984865+0)) + (
> (_b[treat_p1])*(8.864712118984865+1) ) + ((_b[treat_p2])*(8.864712118984865+2
> ) ) + ((_b[treat_p3])*(8.864712118984865+3) ) + ((_b[treat_p4])*(8.8647121189
> 84865+4) ) + ((_b[L4treat_p0])*(8.864712118984865+0)) + ((_b[L4treat_p1])*(8.
> 864712118984865+1)) + ((_b[L4treat_p2])*(8.864712118984865+2)) + ((_b[L4treat
> _p3])*(8.864712118984865+3)) + ((_b[L4treat_p4])*(8.864712118984865+4)) + ((_
> b[L8treat_p0])*(8.864712118984865+0)) + ((_b[L8treat_p1])*(8.864712118984865+
> 1)) + ((_b[L8treat_p2])*(8.864712118984865+2)) + ((_b[L8treat_p3])*(8.8647121
> 18984865+3)) + ((_b[L8treat_p4])*(8.864712118984865+4)) + ((_b[L12treat_p0])*
> (8.864712118984865+0)) + ((_b[L12treat_p1])*(8.864712118984865+1)) + ((_b[L12
> treat_p2])*(8.864712118984865+2)) + ((_b[L12treat_p3])*(8.864712118984865+3))
>  + ((_b[L12treat_p4])*(8.864712118984865+4)) + ((_b[L16treat_p0])*(8.86471211
> 8984865+0)) + ((_b[L16treat_p1])*(8.864712118984865+1)) + ((_b[L16treat_p2])*
> (8.864712118984865+2)) + ((_b[L16treat_p3])*(8.864712118984865+3)) + ((_b[L16
> treat_p4])*(8.864712118984865+4)))*(4*.2)/.0277484993182404 ) - ((((_b[treat_
> m1] ) + (_b[treat_m2] ) + (_b[treat_m3] ) + (_b[treat_m4] ) + (_b[L4treat_m1]
> ) + (_b[L4treat_m2]) + (_b[L4treat_m3]) + (_b[L4treat_m4]) + (_b[L8treat_m1])
>  + (_b[L8treat_m2]) + (_b[L8treat_m3]) + (_b[L8treat_m4]) + (_b[L12treat_m1])
>  + (_b[L12treat_m2]) + (_b[L12treat_m3]) + (_b[L12treat_m4]) + (_b[L16treat_m
> 1]) + (_b[L16treat_m2]) + (_b[L16treat_m3]) + (_b[L16treat_m4]) + (_b[treat_p
> 0]) + (_b[treat_p1] ) + (_b[treat_p2] ) + (_b[treat_p3] ) + (_b[treat_p4] ) +
>  (_b[L4treat_p0]) + (_b[L4treat_p1]) + (_b[L4treat_p2]) + (_b[L4treat_p3]) + 
> (_b[L4treat_p4]) + (_b[L8treat_p0]) + (_b[L8treat_p1]) + (_b[L8treat_p2]) + (
> _b[L8treat_p3]) + (_b[L8treat_p4]) + (_b[L12treat_p0]) + (_b[L12treat_p1]) + 
> (_b[L12treat_p2]) + (_b[L12treat_p3]) + (_b[L12treat_p4]) + (_b[L16treat_p0])
>  + (_b[L16treat_p1]) + (_b[L16treat_p2]) + (_b[L16treat_p3]) + (_b[L16treat_p
> 4]))*(4*.2)*(1/.014273648217012))/.2700746484385886))) / (1+((((_b[treat_m1] 
> ) + (_b[treat_m2] ) + (_b[treat_m3] ) + (_b[treat_m4] ) + (_b[L4treat_m1]) + 
> (_b[L4treat_m2]) + (_b[L4treat_m3]) + (_b[L4treat_m4]) + (_b[L8treat_m1]) + (
> _b[L8treat_m2]) + (_b[L8treat_m3]) + (_b[L8treat_m4]) + (_b[L12treat_m1]) + (
> _b[L12treat_m2]) + (_b[L12treat_m3]) + (_b[L12treat_m4]) + (_b[L16treat_m1]) 
> + (_b[L16treat_m2]) + (_b[L16treat_m3]) + (_b[L16treat_m4]) + (_b[treat_p0]) 
> + (_b[treat_p1] ) + (_b[treat_p2] ) + (_b[treat_p3] ) + (_b[treat_p4] ) + (_b
> [L4treat_p0]) + (_b[L4treat_p1]) + (_b[L4treat_p2]) + (_b[L4treat_p3]) + (_b[
> L4treat_p4]) + (_b[L8treat_p0]) + (_b[L8treat_p1]) + (_b[L8treat_p2]) + (_b[L
> 8treat_p3]) + (_b[L8treat_p4]) + (_b[L12treat_p0]) + (_b[L12treat_p1]) + (_b[
> L12treat_p2]) + (_b[L12treat_p3]) + (_b[L12treat_p4]) + (_b[L16treat_p0]) + (
> _b[L16treat_p1]) + (_b[L16treat_p2]) + (_b[L16treat_p3]) + (_b[L16treat_p4]))
> *(4*.2)*(1/.014273648217012))/.2700746484385886))

------------------------------------------------------------------------------
ind_msnont~c | Coefficient  Std. err.      z    P>|z|     [95% conf. interval]
-------------+----------------------------------------------------------------
       _nl_1 |   .0564238   .0144002     3.92   0.000     .0281999    .0846478
------------------------------------------------------------------------------

added macro:
              e(WB_Eb) : "0.056***"

added macro:
             e(WB_Ese) : "(0.014)"

       _nl_1: (( (         0 + (1*_b[treat_m1]) + (2*_b[treat_m2]) + (3*_b[trea
> t_m3]) + (4*_b[treat_m4]))* (-1) +  (         0 + (2*_b[treat_m1]) + (3*_b[tr
> eat_m2]) + (4*_b[treat_m3]) + (5*_b[treat_m4]))* (0) +  (         0 + (3*_b[t
> reat_m1]) + (4*_b[treat_m2]) + (5*_b[treat_m3]) + (6*_b[treat_m4]))* (0) +  (
>          0 + (4*_b[treat_m1]) + (5*_b[treat_m2]) + (6*_b[treat_m3]) + (7*_b[t
> reat_m4]))* (0) +  (         0 + (5*_b[treat_m1]) + (6*_b[treat_m2]) + (7*_b[
> treat_m3]) + (8*_b[treat_m4]))* (0) +  (         0 + (1*_b[L4treat_m1]) + (2*
> _b[L4treat_m2]) + (3*_b[L4treat_m3]) + (4*_b[L4treat_m4]))* (-1) +  (        
>  0 + (2*_b[L4treat_m1]) + (3*_b[L4treat_m2]) + (4*_b[L4treat_m3]) + (5*_b[L4t
> reat_m4]))* (0) +  (         0 + (3*_b[L4treat_m1]) + (4*_b[L4treat_m2]) + (5
> *_b[L4treat_m3]) + (6*_b[L4treat_m4]))* (0) +  (         0 + (4*_b[L4treat_m1
> ]) + (5*_b[L4treat_m2]) + (6*_b[L4treat_m3]) + (7*_b[L4treat_m4]))* (0) +  ( 
>         0 + (5*_b[L4treat_m1]) + (6*_b[L4treat_m2]) + (7*_b[L4treat_m3]) + (8
> *_b[L4treat_m4]))* (0) +  (         0 + (1*_b[L8treat_m1]) + (2*_b[L8treat_m2
> ]) + (3*_b[L8treat_m3]) + (4*_b[L8treat_m4]))* (-1) +  (         0 + (2*_b[L8
> treat_m1]) + (3*_b[L8treat_m2]) + (4*_b[L8treat_m3]) + (5*_b[L8treat_m4]))* (
> 0) +  (         0 + (3*_b[L8treat_m1]) + (4*_b[L8treat_m2]) + (5*_b[L8treat_m
> 3]) + (6*_b[L8treat_m4]))* (0) +  (         0 + (4*_b[L8treat_m1]) + (5*_b[L8
> treat_m2]) + (6*_b[L8treat_m3]) + (7*_b[L8treat_m4]))* (0) +  (         0 + (
> 5*_b[L8treat_m1]) + (6*_b[L8treat_m2]) + (7*_b[L8treat_m3]) + (8*_b[L8treat_m
> 4]))* (0) +  (         0 + (1*_b[L12treat_m1]) + (2*_b[L12treat_m2]) + (3*_b[
> L12treat_m3]) + (4*_b[L12treat_m4]))* (-1) +  (         0 + (2*_b[L12treat_m1
> ]) + (3*_b[L12treat_m2]) + (4*_b[L12treat_m3]) + (5*_b[L12treat_m4]))* (0) + 
>  (         0 + (3*_b[L12treat_m1]) + (4*_b[L12treat_m2]) + (5*_b[L12treat_m3]
> ) + (6*_b[L12treat_m4]))* (0) +  (         0 + (4*_b[L12treat_m1]) + (5*_b[L1
> 2treat_m2]) + (6*_b[L12treat_m3]) + (7*_b[L12treat_m4]))* (0) +  (         0 
> + (5*_b[L12treat_m1]) + (6*_b[L12treat_m2]) + (7*_b[L12treat_m3]) + (8*_b[L12
> treat_m4]))* (0) +  (         0 + (1*_b[L16treat_m1]) + (2*_b[L16treat_m2]) +
>  (3*_b[L16treat_m3]) + (4*_b[L16treat_m4]))* (-1) +  (         0 + (2*_b[L16t
> reat_m1]) + (3*_b[L16treat_m2]) + (4*_b[L16treat_m3]) + (5*_b[L16treat_m4]))*
>  (0) +  (         0 + (3*_b[L16treat_m1]) + (4*_b[L16treat_m2]) + (5*_b[L16tr
> eat_m3]) + (6*_b[L16treat_m4]))* (0) +  (         0 + (4*_b[L16treat_m1]) + (
> 5*_b[L16treat_m2]) + (6*_b[L16treat_m3]) + (7*_b[L16treat_m4]))* (0) +  (    
>      0 + (5*_b[L16treat_m1]) + (6*_b[L16treat_m2]) + (7*_b[L16treat_m3]) + (8
> *_b[L16treat_m4]))* (0))/.0277484993182404)*(4*.2)

------------------------------------------------------------------------------
ind_msnont~c | Coefficient  Std. err.      z    P>|z|     [95% conf. interval]
-------------+----------------------------------------------------------------
       _nl_1 |   .0430348   .0060043     7.17   0.000     .0312666     .054803
------------------------------------------------------------------------------

added macro:
              e(WB_Eb) : "0.043***"

added macro:
             e(WB_Ese) : "(0.006)"

          a1: ((((((_b[treat_m1])*(8.864712118984865-1) ) + ((_b[treat_m2])*(8.
> 864712118984865-2) ) + ((_b[treat_m3])*(8.864712118984865-3) ) + ((_b[treat_m
> 4])*(8.864712118984865-4) ) + ((_b[L4treat_m1])*(8.864712118984865-1) ) + ((_
> b[L4treat_m2])*(8.864712118984865-2)) + ((_b[L4treat_m3])*(8.864712118984865-
> 3)) + ((_b[L4treat_m4])*(8.864712118984865-4)) + ((_b[L8treat_m1])*(8.8647121
> 18984865-1) ) + ((_b[L8treat_m2])*(8.864712118984865-2)) + ((_b[L8treat_m3])*
> (8.864712118984865-3)) + ((_b[L8treat_m4])*(8.864712118984865-4)) + ((_b[L12t
> reat_m1])*(8.864712118984865-1) ) + ((_b[L12treat_m2])*(8.864712118984865-2))
>  + ((_b[L12treat_m3])*(8.864712118984865-3)) + ((_b[L12treat_m4])*(8.86471211
> 8984865-4)) + ((_b[L16treat_m1])*(8.864712118984865-1) ) + ((_b[L16treat_m2])
> *(8.864712118984865-2)) + ((_b[L16treat_m3])*(8.864712118984865-3)) + ((_b[L1
> 6treat_m4])*(8.864712118984865-4))+((_b[treat_p0])*(8.864712118984865+0)) + (
> (_b[treat_p1])*(8.864712118984865+1) ) + ((_b[treat_p2])*(8.864712118984865+2
> ) ) + ((_b[treat_p3])*(8.864712118984865+3) ) + ((_b[treat_p4])*(8.8647121189
> 84865+4) ) + ((_b[L4treat_p0])*(8.864712118984865+0)) + ((_b[L4treat_p1])*(8.
> 864712118984865+1)) + ((_b[L4treat_p2])*(8.864712118984865+2)) + ((_b[L4treat
> _p3])*(8.864712118984865+3)) + ((_b[L4treat_p4])*(8.864712118984865+4)) + ((_
> b[L8treat_p0])*(8.864712118984865+0)) + ((_b[L8treat_p1])*(8.864712118984865+
> 1)) + ((_b[L8treat_p2])*(8.864712118984865+2)) + ((_b[L8treat_p3])*(8.8647121
> 18984865+3)) + ((_b[L8treat_p4])*(8.864712118984865+4)) + ((_b[L12treat_p0])*
> (8.864712118984865+0)) + ((_b[L12treat_p1])*(8.864712118984865+1)) + ((_b[L12
> treat_p2])*(8.864712118984865+2)) + ((_b[L12treat_p3])*(8.864712118984865+3))
>  + ((_b[L12treat_p4])*(8.864712118984865+4)) + ((_b[L16treat_p0])*(8.86471211
> 8984865+0)) + ((_b[L16treat_p1])*(8.864712118984865+1)) + ((_b[L16treat_p2])*
> (8.864712118984865+2)) + ((_b[L16treat_p3])*(8.864712118984865+3)) + ((_b[L16
> treat_p4])*(8.864712118984865+4)))*(4*.2)/.0277484993182404 ) - ((((_b[treat_
> m1] ) + (_b[treat_m2] ) + (_b[treat_m3] ) + (_b[treat_m4] ) + (_b[L4treat_m1]
> ) + (_b[L4treat_m2]) + (_b[L4treat_m3]) + (_b[L4treat_m4]) + (_b[L8treat_m1])
>  + (_b[L8treat_m2]) + (_b[L8treat_m3]) + (_b[L8treat_m4]) + (_b[L12treat_m1])
>  + (_b[L12treat_m2]) + (_b[L12treat_m3]) + (_b[L12treat_m4]) + (_b[L16treat_m
> 1]) + (_b[L16treat_m2]) + (_b[L16treat_m3]) + (_b[L16treat_m4]) + (_b[treat_p
> 0]) + (_b[treat_p1] ) + (_b[treat_p2] ) + (_b[treat_p3] ) + (_b[treat_p4] ) +
>  (_b[L4treat_p0]) + (_b[L4treat_p1]) + (_b[L4treat_p2]) + (_b[L4treat_p3]) + 
> (_b[L4treat_p4]) + (_b[L8treat_p0]) + (_b[L8treat_p1]) + (_b[L8treat_p2]) + (
> _b[L8treat_p3]) + (_b[L8treat_p4]) + (_b[L12treat_p0]) + (_b[L12treat_p1]) + 
> (_b[L12treat_p2]) + (_b[L12treat_p3]) + (_b[L12treat_p4]) + (_b[L16treat_p0])
>  + (_b[L16treat_p1]) + (_b[L16treat_p2]) + (_b[L16treat_p3]) + (_b[L16treat_p
> 4]))*(4*.2)*(1/.014273648217012))/.2700746484385886))) / (1+((((_b[treat_m1] 
> ) + (_b[treat_m2] ) + (_b[treat_m3] ) + (_b[treat_m4] ) + (_b[L4treat_m1]) + 
> (_b[L4treat_m2]) + (_b[L4treat_m3]) + (_b[L4treat_m4]) + (_b[L8treat_m1]) + (
> _b[L8treat_m2]) + (_b[L8treat_m3]) + (_b[L8treat_m4]) + (_b[L12treat_m1]) + (
> _b[L12treat_m2]) + (_b[L12treat_m3]) + (_b[L12treat_m4]) + (_b[L16treat_m1]) 
> + (_b[L16treat_m2]) + (_b[L16treat_m3]) + (_b[L16treat_m4]) + (_b[treat_p0]) 
> + (_b[treat_p1] ) + (_b[treat_p2] ) + (_b[treat_p3] ) + (_b[treat_p4] ) + (_b
> [L4treat_p0]) + (_b[L4treat_p1]) + (_b[L4treat_p2]) + (_b[L4treat_p3]) + (_b[
> L4treat_p4]) + (_b[L8treat_p0]) + (_b[L8treat_p1]) + (_b[L8treat_p2]) + (_b[L
> 8treat_p3]) + (_b[L8treat_p4]) + (_b[L12treat_p0]) + (_b[L12treat_p1]) + (_b[
> L12treat_p2]) + (_b[L12treat_p3]) + (_b[L12treat_p4]) + (_b[L16treat_p0]) + (
> _b[L16treat_p1]) + (_b[L16treat_p2]) + (_b[L16treat_p3]) + (_b[L16treat_p4]))
> *(4*.2)*(1/.014273648217012))/.2700746484385886))
          a2: (( (         0 + (1*_b[treat_m1]) + (2*_b[treat_m2]) + (3*_b[trea
> t_m3]) + (4*_b[treat_m4]))* (-1) +  (         0 + (2*_b[treat_m1]) + (3*_b[tr
> eat_m2]) + (4*_b[treat_m3]) + (5*_b[treat_m4]))* (0) +  (         0 + (3*_b[t
> reat_m1]) + (4*_b[treat_m2]) + (5*_b[treat_m3]) + (6*_b[treat_m4]))* (0) +  (
>          0 + (4*_b[treat_m1]) + (5*_b[treat_m2]) + (6*_b[treat_m3]) + (7*_b[t
> reat_m4]))* (0) +  (         0 + (5*_b[treat_m1]) + (6*_b[treat_m2]) + (7*_b[
> treat_m3]) + (8*_b[treat_m4]))* (0) +  (         0 + (1*_b[L4treat_m1]) + (2*
> _b[L4treat_m2]) + (3*_b[L4treat_m3]) + (4*_b[L4treat_m4]))* (-1) +  (        
>  0 + (2*_b[L4treat_m1]) + (3*_b[L4treat_m2]) + (4*_b[L4treat_m3]) + (5*_b[L4t
> reat_m4]))* (0) +  (         0 + (3*_b[L4treat_m1]) + (4*_b[L4treat_m2]) + (5
> *_b[L4treat_m3]) + (6*_b[L4treat_m4]))* (0) +  (         0 + (4*_b[L4treat_m1
> ]) + (5*_b[L4treat_m2]) + (6*_b[L4treat_m3]) + (7*_b[L4treat_m4]))* (0) +  ( 
>         0 + (5*_b[L4treat_m1]) + (6*_b[L4treat_m2]) + (7*_b[L4treat_m3]) + (8
> *_b[L4treat_m4]))* (0) +  (         0 + (1*_b[L8treat_m1]) + (2*_b[L8treat_m2
> ]) + (3*_b[L8treat_m3]) + (4*_b[L8treat_m4]))* (-1) +  (         0 + (2*_b[L8
> treat_m1]) + (3*_b[L8treat_m2]) + (4*_b[L8treat_m3]) + (5*_b[L8treat_m4]))* (
> 0) +  (         0 + (3*_b[L8treat_m1]) + (4*_b[L8treat_m2]) + (5*_b[L8treat_m
> 3]) + (6*_b[L8treat_m4]))* (0) +  (         0 + (4*_b[L8treat_m1]) + (5*_b[L8
> treat_m2]) + (6*_b[L8treat_m3]) + (7*_b[L8treat_m4]))* (0) +  (         0 + (
> 5*_b[L8treat_m1]) + (6*_b[L8treat_m2]) + (7*_b[L8treat_m3]) + (8*_b[L8treat_m
> 4]))* (0) +  (         0 + (1*_b[L12treat_m1]) + (2*_b[L12treat_m2]) + (3*_b[
> L12treat_m3]) + (4*_b[L12treat_m4]))* (-1) +  (         0 + (2*_b[L12treat_m1
> ]) + (3*_b[L12treat_m2]) + (4*_b[L12treat_m3]) + (5*_b[L12treat_m4]))* (0) + 
>  (         0 + (3*_b[L12treat_m1]) + (4*_b[L12treat_m2]) + (5*_b[L12treat_m3]
> ) + (6*_b[L12treat_m4]))* (0) +  (         0 + (4*_b[L12treat_m1]) + (5*_b[L1
> 2treat_m2]) + (6*_b[L12treat_m3]) + (7*_b[L12treat_m4]))* (0) +  (         0 
> + (5*_b[L12treat_m1]) + (6*_b[L12treat_m2]) + (7*_b[L12treat_m3]) + (8*_b[L12
> treat_m4]))* (0) +  (         0 + (1*_b[L16treat_m1]) + (2*_b[L16treat_m2]) +
>  (3*_b[L16treat_m3]) + (4*_b[L16treat_m4]))* (-1) +  (         0 + (2*_b[L16t
> reat_m1]) + (3*_b[L16treat_m2]) + (4*_b[L16treat_m3]) + (5*_b[L16treat_m4]))*
>  (0) +  (         0 + (3*_b[L16treat_m1]) + (4*_b[L16treat_m2]) + (5*_b[L16tr
> eat_m3]) + (6*_b[L16treat_m4]))* (0) +  (         0 + (4*_b[L16treat_m1]) + (
> 5*_b[L16treat_m2]) + (6*_b[L16treat_m3]) + (7*_b[L16treat_m4]))* (0) +  (    
>      0 + (5*_b[L16treat_m1]) + (6*_b[L16treat_m2]) + (7*_b[L16treat_m3]) + (8
> *_b[L16treat_m4]))* (0))/.0277484993182404)*(4*.2)

------------------------------------------------------------------------------
ind_msnont~c | Coefficient  Std. err.      z    P>|z|     [95% conf. interval]
-------------+----------------------------------------------------------------
          a1 |   .0564238   .0144002     3.92   0.000     .0281999    .0846478
          a2 |   .0430348   .0060043     7.17   0.000     .0312666     .054803
------------------------------------------------------------------------------

       _nl_1: 1-(_b[a2]/_b[a1])

------------------------------------------------------------------------------
ind_msnont~c | Coefficient  Std. err.      z    P>|z|     [95% conf. interval]
-------------+----------------------------------------------------------------
       _nl_1 |   .2372941   .1910074     1.24   0.214    -.1370734    .6116617
------------------------------------------------------------------------------

added macro:
              e(WB_Eb) : "0.237"

added macro:
             e(WB_Ese) : "(0.191)"

. 
end of do-file

. 
. 
.  
.                         local mgroups mgroups("\% $ \Delta $ affected wage" "
> Spillover share of wage increase" , pattern(1 0 1) prefix(\multicolumn{@span}
> {c}{) suffix(}) span erepeat(\cmidrule(l{0.3cm}r{0.3cm}){@span}) ) ///
>                         mlabels("\% $ \Delta $ W" " $ \% \Delta W_{\text{No s
> pillover}} $ " " $ \frac{\%\Delta W - \% \Delta W_{\text{No spillover}}}{\% \
> Delta W} $ "  , ///
>                          prefix(\multicolumn{@span}{c}{) suffix(}) span erepe
> at( \cmidrule(l{0.2cm}r{0.2cm}){@span}))

. 
. 
. esttab all_2 all_3 all_spill ///
> using "${tables}Table4.tex", ///
> replace stats(WB_Eb WB_Ese blankspace  blankspace , label("Overall" " " " " "
>  ")) ///
> nodep nogaps cells(none) nomtitles fragment booktabs nonumbers nolines ///
> `mgroups'
(file
    /Users/brycewang/Documents/GitHub/top5-Econ-Paper-Replications/QJE2019-Mi
    > nimum-Wages-Low-Wage-Jobs/Results/Tables/Table4.tex not found)
(output written to /Users/brycewang/Documents/GitHub/top5-Econ-Paper-Replicatio
> ns/QJE2019-Minimum-Wages-Low-Wage-Jobs/Results/Tables/Table4.tex)

. 
. foreach vv in HSD teen  HSL female BH {
  2. if "`vv'"!="BH"{
  3. local stats WB_Eb WB_Ese 
  4. }
  5. else{
  6. local stats WB_Eb WB_Ese blankspace blankspace
  7. }
  8. esttab `vv'_2 `vv'_3 `vv'_spill ///
> using "${tables}Table4.tex", ///
> append stats(`stats' , label("`vv'" " " " " " ")) ///
> nodep nogaps cells(none) nomtitles fragment booktabs nonumbers nolines 
  9. }
(output written to /Users/brycewang/Documents/GitHub/top5-Econ-Paper-Replicatio
> ns/QJE2019-Minimum-Wages-Low-Wage-Jobs/Results/Tables/Table4.tex)
(output written to /Users/brycewang/Documents/GitHub/top5-Econ-Paper-Replicatio
> ns/QJE2019-Minimum-Wages-Low-Wage-Jobs/Results/Tables/Table4.tex)
(output written to /Users/brycewang/Documents/GitHub/top5-Econ-Paper-Replicatio
> ns/QJE2019-Minimum-Wages-Low-Wage-Jobs/Results/Tables/Table4.tex)
(output written to /Users/brycewang/Documents/GitHub/top5-Econ-Paper-Replicatio
> ns/QJE2019-Minimum-Wages-Low-Wage-Jobs/Results/Tables/Table4.tex)
(output written to /Users/brycewang/Documents/GitHub/top5-Econ-Paper-Replicatio
> ns/QJE2019-Minimum-Wages-Low-Wage-Jobs/Results/Tables/Table4.tex)

. *
. 
. 
. foreach vv in m1 m2  {
  2. if "`vv'"!="m2"{
  3. local stats WB_Eb WB_Ese 
  4. }
  5. else{
  6. local stats WB_Eb WB_Ese blankspace blankspace
  7. }
  8. esttab `vv'_2 `vv'_3 `vv'_spill ///
> using "${tables}Table4.tex", ///
> append stats(`stats' , label("`vv'" " " " " " ")) ///
> nodep nogaps cells(none) nomtitles fragment booktabs nonumbers nolines 
  9. }
(output written to /Users/brycewang/Documents/GitHub/top5-Econ-Paper-Replicatio
> ns/QJE2019-Minimum-Wages-Low-Wage-Jobs/Results/Tables/Table4.tex)
(output written to /Users/brycewang/Documents/GitHub/top5-Econ-Paper-Replicatio
> ns/QJE2019-Minimum-Wages-Low-Wage-Jobs/Results/Tables/Table4.tex)

. *
. 
. 
end of do-file
