,treat_m4,treat_m3,treat_m2,treat_m1,treat_p0,treat_p1,treat_p2,treat_p3,treat_p4,L4treat_m4,L4treat_m3,L4treat_m2,L4treat_m1,L4treat_p0,L4treat_p1,L4treat_p2,L4treat_p3,L4treat_p4,L8treat_m4,L8treat_m3,L8treat_m2,L8treat_m1,L8treat_p0,L8treat_p1,L8treat_p2,L8treat_p3,L8treat_p4,L12treat_m4,L12treat_m3,L12treat_m2,L12treat_m1,L12treat_p0,L12treat_p1,L12treat_p2,L12treat_p3,L12treat_p4,L16treat_m4,L16treat_m3,L16treat_m2,L16treat_m1,L16treat_p0,L16treat_p1,L16treat_p2,L16treat_p3,L16treat_p4,treat_p5,treat_p6,treat_p7,treat_p8,treat_p9,treat_p10,treat_p11,treat_p12,treat_p13,treat_p14,treat_p15,treat_p16,treat_p17,L4treat_p5,L4treat_p6,L4treat_p7,L4treat_p8,L4treat_p9,L4treat_p10,L4treat_p11,L4treat_p12,L4treat_p13,L4treat_p14,L4treat_p15,L4treat_p16,L4treat_p17,L8treat_p5,L8treat_p6,L8treat_p7,L8treat_p8,L8treat_p9,L8treat_p10,L8treat_p11,L8treat_p12,L8treat_p13,L8treat_p14,L8treat_p15,L8treat_p16,L8treat_p17,L12treat_p5,L12treat_p6,L12treat_p7,L12treat_p8,L12treat_p9,L12treat_p10,L12treat_p11,L12treat_p12,L12treat_p13,L12treat_p14,L12treat_p15,L12treat_p16,L12treat_p17,L16treat_p5,L16treat_p6,L16treat_p7,L16treat_p8,L16treat_p9,L16treat_p10,L16treat_p11,L16treat_p12,L16treat_p13,L16treat_p14,L16treat_p15,L16treat_p16,L16treat_p17,F12treat_m4,F12treat_m3,F12treat_m2,F12treat_m1,F12treat_p0,F12treat_p1,F12treat_p2,F12treat_p3,F12treat_p4,F8treat_m4,F8treat_m3,F8treat_m2,F8treat_m1,F8treat_p0,F8treat_p1,F8treat_p2,F8treat_p3,F8treat_p4,window_m4,window_m3,window_m2,window_m1,window_p0,window_p1,window_p2,window_p3,window_p4,F12treat_p5,F12treat_p6,F12treat_p7,F12treat_p8,F12treat_p9,F12treat_p10,F12treat_p11,F12treat_p12,F12treat_p13,F12treat_p14,F12treat_p15,F12treat_p16,F12treat_p17,F8treat_p5,F8treat_p6,F8treat_p7,F8treat_p8,F8treat_p9,F8treat_p10,F8treat_p11,F8treat_p12,F8treat_p13,F8treat_p14,F8treat_p15,F8treat_p16,F8treat_p17,window_p5,window_p6,window_p7,window_p8,window_p9,window_p10,window_p11,window_p12,window_p13,window_p14,window_p15,window_p16,window_p17
treat_m4,3.3916771604476094e-10,8.045646795005624e-12,-1.2678278170994854e-10,4.303607155373918e-10,-2.8677299101367667e-10,8.882708030335408e-11,4.6382380125057504e-11,-2.3675866020349945e-10,2.12477554871594e-10,3.197717283907283e-10,3.253021339809949e-11,-5.973982445470544e-11,1.1542667435949085e-09,-5.030535878464812e-11,-4.757027579337046e-10,-4.958831967206194e-10,-2.824921333983982e-11,1.908285690462012e-10,3.090993939947827e-10,-6.049733105959212e-11,2.5475120181687953e-11,4.3227904540795407e-10,-4.263709500670566e-10,-4.642164283669429e-11,-3.812341500931904e-10,9.079234138595032e-11,2.3401607154957507e-10,3.1836696553939024e-10,1.1660211977071047e-10,9.668172612454535e-11,8.61088144037194e-10,-3.886962003379974e-10,-3.6282447779729805e-10,3.2985211415189696e-10,-3.6697838309656544e-10,-1.066043728285889e-10,3.0459956325271945e-10,2.629259297466325e-11,9.880378897101998e-11,4.2857147722018487e-10,-6.014534699645165e-10,3.6527572788019123e-10,-1.1050072094124644e-10,-1.6826131223271393e-10,1.0418191908011637e-10,2.664403927612649e-10,2.8799461574486253e-10,-3.870004004939665e-11,-3.844990536850284e-10,-1.4028326526453753e-10,-7.472283599915132e-11,-1.4067184287020763e-10,1.1297294506058966e-10,1.474571334395659e-11,-1.6702080179150165e-10,7.67779509016654e-11,-5.318865806858916e-11,-5.4874860842373356e-11,2.998885943497953e-11,1.0429850965141041e-10,-1.1434085011607379e-10,-1.2040386186729967e-10,-4.806265089521312e-11,-5.7697827335859244e-11,-1.8534151432886055e-10,-5.109636304405282e-11,1.2536730958819228e-10,-3.122218087333572e-12,8.616402061050703e-11,-2.491935354696215e-11,-5.115434278619941e-11,2.371142744354536e-10,1.0711201444006112e-10,-2.85634533812278e-10,-2.668496783718388e-10,-1.0757731844024623e-10,-3.212591511212965e-11,-1.6340119503227516e-10,-1.927137721152462e-11,-1.627944912334093e-11,-9.827452776156654e-11,-3.3939267224270725e-12,-1.5313205682727795e-10,1.7020577787546044e-11,4.33312069909123e-11,-8.687085886306522e-11,-1.5261978595024214e-10,-1.7352867258488455e-10,-2.1549212615389225e-10,-7.68567616166763e-11,-4.5627618444733375e-11,2.741240135438843e-10,1.8847543097337488e-11,-4.4911486935094196e-11,-3.0159007007907586e-11,4.661752852478701e-11,-1.1184813059738484e-10,4.444979057614198e-11,1.5705827868596612e-10,-2.0678528299323918e-10,1.6092124235325692e-10,-2.2135435032261135e-10,6.41842425076058e-11,-1.6885530855556172e-10,-1.575311024375104e-11,-2.727684310506207e-11,1.4397923315658077e-11,1.7822792395117837e-11,8.914315516340466e-11,-4.5109795277472784e-11,2.2473958007952525e-10,1.5462478163442586e-10,1.9263358221379499e-10,4.2886787727249415e-10,6.646122762782152e-11,-6.153479546051443e-11,-3.839799555785061e-11,-1.1340128757520095e-10,8.905218719511162e-13,2.0677099151857212e-10,5.111109873011289e-11,-2.3471694496804453e-11,4.792977838170563e-10,2.2926697152228565e-10,8.167958564172487e-11,2.1830364179602466e-10,-1.5828433648783007e-10,-4.803063633565799e-12,-1.5585509174165338e-10,-6.436172783220432e-11,8.120990299218203e-11,-5.387987996389749e-10,-9.232351835281683e-11,-3.6565104262030805e-11,3.039464334923377e-11,2.198837214590199e-10,-2.2879083698084363e-11,3.010180982858071e-11,1.421193176896023e-10,-2.238953424445458e-10,-2.0697095572451478e-10,-1.3530490618133657e-10,1.1916242044978239e-10,-7.853991491791393e-11,3.2602764932474276e-11,-4.998609672087107e-11,-4.684648096167048e-11,-1.3254709974332664e-11,-5.3157648516101436e-11,-8.622808628983381e-11,1.1773827727420381e-10,1.1355566521778734e-10,-1.1809528279160579e-10,-4.643201125418885e-11,-6.398624259821807e-12,-9.826393452934131e-11,-2.3065379159486306e-10,6.693719930960018e-11,3.249931479761356e-11,-4.629021970562148e-11,1.0703914654269514e-11,1.2558511209645192e-11,1.3265087101851186e-11,-1.3824981209884789e-10,-1.2288040899586163e-10,1.1261151327207475e-10,1.4989436775510465e-10,1.0916424052989842e-10,-2.9078590366859258e-12,1.5493766612264666e-10,-9.44426326895721e-11,1.0273320210546439e-11,4.558783170561538e-11,1.7446918791889003e-11,-1.2080299993964136e-11,2.8453426218026285e-11
treat_m3,8.045646795005897e-12,3.275164656457001e-10,-3.3364378861250523e-11,-1.0010748385250823e-10,6.211271221014544e-10,-5.205778204299171e-10,-6.650832080560766e-11,-7.278282899948697e-11,-1.066332107690505e-10,-1.3132517787059134e-11,1.1493698309030486e-10,1.0304122482969511e-10,-4.474458364054319e-10,4.564320446919886e-10,-8.788374557407055e-11,3.901265781186417e-11,8.652786511410953e-11,1.4344834358771145e-10,2.3678994457903813e-11,1.303839026702499e-10,8.55231640233597e-11,-1.8204707281619278e-10,7.846490747604282e-10,-1.7403071879948553e-10,-1.854382447622423e-11,-2.9514568570289195e-11,-7.582748055328996e-11,8.139868852794385e-11,4.582737102397626e-11,2.684980974145346e-10,2.6835119113103482e-11,6.203647425843564e-10,-2.1607284878397653e-10,-3.6511164411095696e-10,2.640917342340376e-10,1.0418582955623526e-10,6.103527443808037e-11,1.7258588025613112e-10,2.693045040508833e-10,1.1292208393485324e-10,9.961865961188719e-10,-4.0129031105929587e-10,-1.88666208399821e-10,-1.7464936715339585e-10,1.399137866540301e-11,-1.172569923356895e-10,-1.460865239323838e-10,2.542515240909216e-11,2.8076826796266532e-11,-6.279694504708766e-12,8.968529003204843e-11,1.1140287725173127e-10,3.461958889283696e-11,-9.249488804849666e-11,-1.1131447202325517e-10,1.8897669170534655e-12,1.3916041911056355e-10,-7.870921683484597e-11,-2.033391412471588e-10,4.3069710531066865e-11,1.1416107438955019e-11,5.770124002002457e-11,1.018352259005178e-10,1.1655570670497287e-11,8.912044687594853e-11,-5.804670497234166e-11,1.7734044608671717e-11,-7.496804813730985e-11,-4.692009826573802e-11,-3.510255887239362e-12,-3.5921687554830254e-11,-8.297504741195692e-11,-2.9407953935737127e-11,-1.2038040548481716e-11,7.418142940965025e-11,7.351594860920703e-11,-1.1740523563299552e-10,1.4382216277078847e-10,5.696076544531187e-11,4.2852718257523547e-11,-1.2218424768253347e-10,6.251757001578862e-11,5.365349158387856e-11,-6.571683904686455e-11,-1.3945986888850443e-10,-2.2580140299936548e-11,5.937949836967564e-11,1.99640093484767e-10,6.845267978661283e-11,7.017061779081481e-12,-4.688415102714366e-11,-4.991845297551495e-11,-1.3933121172606773e-11,-7.40970791871442e-11,-5.767598570940511e-11,1.6550987936392873e-10,6.079522201123071e-12,-4.33082539392375e-11,-4.251519255267071e-11,-1.56620944304585e-10,-1.4652816498325125e-10,9.574292493904311e-11,-1.148199573672565e-10,1.2393689289408286e-11,7.942342203026742e-11,-6.273480917587518e-11,-5.07669907113997e-11,5.376651520570077e-11,8.218669273740792e-11,-8.019537880696723e-11,1.0325447214949983e-11,-3.8425157943632107e-11,1.4309807319400797e-10,-7.952798862256063e-11,1.9838376942477716e-10,-4.902261374891022e-13,1.0908571686019452e-10,-2.596447457182249e-10,9.327699918212563e-11,-2.439013539222167e-11,1.5528878007626203e-10,-7.237363809103174e-11,6.513268255131264e-11,4.944501578204027e-10,-1.3718945050230574e-10,-2.193105033393405e-10,1.8854035075549434e-11,9.385897693773844e-11,-5.257005027498532e-11,-9.433765394446253e-11,-1.3960373497290894e-10,2.741123352233606e-10,-3.9344281481631096e-10,3.3315163690524606e-10,2.8468370938876506e-11,4.868299048912957e-11,-6.371064378149306e-11,-1.7953444688007813e-10,1.0896306458056883e-10,-1.3346199458943924e-11,1.8312931961325014e-10,1.1153156270220682e-10,-7.303618559340557e-11,4.905213050420819e-11,-7.862423567428415e-12,5.6429049074373256e-11,-4.6494339915326306e-11,3.2568464991942966e-11,7.469643240577188e-11,-4.397391333268168e-11,-2.414186458327054e-10,-9.604448051556757e-12,-5.975423538126652e-12,4.294705325544999e-11,-6.951436191831664e-11,1.0936344725423393e-10,3.066686411105241e-10,3.38364544734518e-11,1.266297117437921e-10,-4.2956658271886825e-11,1.0433033970333002e-10,3.1244798336625338e-12,-9.886491188800201e-11,1.75089965398128e-10,-5.700758921506284e-12,1.1773821205489532e-12,-6.916668764495319e-11,-8.965969782720512e-11,-2.3847559127703623e-11,-1.1087943697559187e-10,-1.981547833586737e-11,-1.4681652584074656e-11,6.224593802296221e-11,-2.71705754559392e-11,-5.5343061014288294e-11,5.939707749561966e-11
treat_m2,-1.2678278170994689e-10,-3.3364378861248216e-11,1.802422504054697e-09,-2.050132608069514e-09,3.059496181641683e-10,-3.450728793714724e-10,1.4463664603293646e-10,5.568366092580314e-10,1.8141836486433342e-10,-3.944702942230085e-10,2.1857002013824402e-10,1.794245324815443e-09,-2.454628832081458e-09,-1.9346529411565985e-10,5.7714933308518236e-11,8.788922520008653e-10,4.274840653272635e-10,-5.626174788800359e-10,-1.574368328579224e-10,-3.741663062193015e-11,1.2106633185670832e-09,-2.015122604378517e-09,-7.635300741836454e-10,-3.212872891684253e-10,5.028116376947509e-10,-4.920585854414763e-10,-4.5183931144676127e-10,-6.452723686414313e-10,-2.9805876329048814e-10,1.2043045187589075e-09,-2.9478603947669183e-09,1.7004193261792337e-10,-2.71792331784578e-10,3.6003321311935725e-11,-4.665096013035793e-11,-2.4715981125692114e-10,-4.0376034434337937e-10,-8.306057390753549e-11,9.844572995945536e-10,-1.8870907357501838e-09,-1.5811357460382496e-10,-9.180068500386051e-10,-1.0719079003937692e-10,6.11737176670994e-11,-8.218235610011926e-10,-2.5439405689980774e-10,-4.783774548712822e-10,-5.369504013251295e-11,1.6887473089714736e-10,-7.34484508450367e-11,-2.196398795240849e-10,1.0473269679720058e-10,-9.827160251883349e-12,-1.0016600697648071e-10,3.6465017095123197e-10,1.8320229555024117e-10,-1.97639285368743e-10,1.1210678232533487e-10,3.559386573067737e-10,3.523471586597632e-11,-3.263961127769651e-10,8.071157220607149e-11,4.789201714561447e-12,1.6170455298937883e-10,-8.871126975536506e-11,2.419011824132467e-10,4.130303430678425e-11,3.3874099323539376e-11,2.410483029959649e-11,-1.6459182471350815e-10,1.01218220567765e-10,-3.524468587041683e-10,-7.527242849469395e-10,-2.9342916478694386e-10,5.313620922640585e-10,1.4545677413315555e-10,8.261466504374728e-12,2.1358254666028864e-11,1.681629184359327e-10,-1.0444021781709943e-10,2.1180508617421857e-10,1.5120446668228686e-10,-1.5776733407748985e-10,1.4987128326437537e-11,-6.809392606789554e-10,-7.043415466309657e-11,9.28180460656841e-11,-1.9838152359480686e-10,-2.2764107569069644e-10,-2.6035787640734815e-10,1.804607401251946e-10,9.217978063180681e-11,-4.0943679932704076e-11,1.9369970305130474e-10,6.746023263494813e-11,-2.553074925370634e-10,-3.071342046270095e-11,-2.459739928662726e-10,-3.769474284501037e-10,5.60873002211352e-12,3.5582926556979006e-10,-1.7681218064308645e-10,-6.546167633905438e-11,2.2978801578184443e-10,4.0934984142268463e-11,8.10494127708411e-11,-1.649888016606211e-10,1.3142813729714126e-11,-1.946377857976056e-10,1.4491651109819625e-10,-4.79474795229306e-10,-2.209674352399416e-12,1.7935112827517335e-10,-1.6096873757216934e-09,6.429230041631181e-10,-2.552235466571857e-10,8.056119334703439e-10,4.833090115286605e-10,-1.4695029643880108e-10,-1.2043926753000675e-10,1.0962089791195577e-10,9.820466940016604e-10,-2.0044005249936936e-09,-4.822461203417545e-10,-5.403265322878166e-10,1.2255390322120457e-12,-1.0903145293932182e-10,-5.078284712145239e-10,3.711950309022895e-10,8.440890616487711e-11,-8.788310888716318e-10,1.826072117017656e-09,-1.672647073262412e-10,8.491202368903406e-11,-2.861065997131538e-10,5.200642546388976e-11,3.2494719819350877e-10,4.734314170684352e-10,-3.2717770435821074e-10,-4.5788542335625527e-10,-4.229443713973608e-10,-1.0306822896662932e-10,-9.781595809039631e-11,2.6920958244970043e-10,1.914865725547393e-10,-1.0681201057918076e-11,3.403724472561276e-11,5.717070549601456e-11,-7.639097551444798e-11,3.7988784212377e-11,-2.6408186506422045e-11,-7.2252208156292e-10,-2.46803347311234e-10,4.1805847052990794e-10,3.30188920268856e-11,-1.5446221557299853e-10,1.3937330839593433e-11,3.3760280433538833e-10,-2.35877954129311e-10,9.568120761488604e-11,1.3759029124253497e-10,-2.245953744253153e-10,3.5409515715979474e-11,6.336005435466266e-11,3.3782520757602954e-10,1.6663753268391609e-10,-4.321628263457567e-11,2.353216506212756e-10,7.08623751083497e-11,-1.1039912958897078e-11,-1.1492263935732089e-10,3.2205037947310814e-11,-1.305868081831349e-10,-4.6796699048448347e-11,1.6452346005030656e-10,-7.215108439131376e-11
treat_m1,4.3036071553738247e-10,-1.0010748385253161e-10,-2.0501326080695318e-09,3.086042898795923e-08,-6.118896753399685e-09,4.988851618353959e-10,-1.867139656832183e-09,1.679908800643355e-09,-5.849965539450319e-09,2.8726674415811925e-09,-2.013599778529799e-09,-6.991046862491338e-09,3.020615559892731e-08,-6.928176875311437e-09,1.2133971471921814e-09,-4.708451947479655e-09,-2.2845424124635443e-09,-2.8410771968632494e-09,3.472455108976883e-10,8.818279822407033e-10,-4.333452734018377e-09,3.2959692617159217e-08,-6.728428453840465e-10,1.3945462013649511e-08,-5.1323527097225444e-09,-1.5190272144198223e-09,-6.175348070981764e-11,4.395683800850352e-09,2.777385388956276e-09,-9.190490069620848e-09,3.09240470186466e-08,-9.25608800454236e-10,8.753384918822527e-09,4.8150421973874475e-09,5.085581869977144e-09,-4.936662695594463e-09,3.978792204633033e-09,8.718722992881236e-10,-3.387737409688419e-09,2.8490864375236598e-08,1.4073777663983691e-09,9.697640726061103e-09,2.287351246412891e-09,-8.204714496998609e-10,-3.1544152219134182e-09,4.328692768960134e-09,1.7263681162149166e-09,-3.469042927015547e-10,1.3611254496378703e-09,1.8277208131927948e-09,-6.229623887862211e-10,5.8524159139280674e-09,1.5287356467062877e-10,-2.363479674856816e-09,-2.8263006651119035e-09,-2.1514108304502616e-09,-9.40927916063759e-10,-9.736220300690815e-10,4.395217469136321e-09,-1.2618881943093005e-09,3.442785823437825e-09,1.4928298860603698e-09,-7.566886739910463e-10,-2.8881954957203266e-09,2.691058505112674e-09,3.4979205511584576e-10,-2.7418870294603086e-09,1.480880444855392e-09,-2.882503767839663e-09,-2.785605477585979e-09,-1.1048772240614633e-09,3.575196735435301e-09,6.9334371373924815e-09,3.1600642411886885e-09,-1.606457086959357e-09,1.3553616779939104e-09,-4.0322152984565795e-09,4.191572543149639e-09,-1.3254130350638015e-09,-4.994380838982794e-09,1.261842189950897e-09,-3.127203054311672e-09,7.377140144882516e-10,-3.09873061162607e-11,5.0645550525398934e-09,3.5214440942112398e-09,-1.3266756158949277e-10,1.962881806371193e-09,-2.8001050540701776e-09,-1.4701212284660386e-09,3.7283488350800315e-09,1.2548661438580188e-09,-1.443894958531877e-09,5.901513172654823e-10,-2.196581763456424e-09,-1.0118826864399507e-09,6.619492260686649e-10,4.941522552524795e-09,4.391746615456004e-09,1.0606806483402167e-09,-1.1184576241170998e-09,1.091032359967853e-09,1.3034911945483615e-10,3.2140197494170246e-09,-1.8767306813357752e-09,-1.5381191223947889e-09,9.804056444489247e-10,-6.869347227499888e-10,7.340585872581264e-10,-8.275785948702524e-10,3.415610847628788e-09,3.167616782291273e-09,-1.7868461607081925e-09,1.3361629631101786e-08,2.956075182233805e-09,6.032987955532364e-09,-2.394034332775023e-09,-6.226786121496175e-09,-1.9557300975950347e-09,1.7903832633587789e-09,1.4913710365613673e-09,1.1798925383523558e-09,1.6964110401123e-08,5.319510920233611e-09,9.461804401082469e-11,-3.113991486076741e-09,3.944561409513626e-09,-1.6202674037140298e-09,-2.5011633289015408e-09,-1.1617347887631374e-09,4.446901499972567e-09,-3.70526829686287e-08,-5.265919984169199e-10,-2.35051454645664e-09,3.7350937309181685e-09,1.9861918150905797e-09,3.2660847868610804e-09,-9.937559378528371e-11,2.8523397601593996e-09,9.281439567193617e-10,2.5977133095601324e-09,1.7788194176860788e-09,-2.2706910232140323e-10,2.8866947874197322e-09,-2.7002509698141305e-09,-2.712348998244416e-10,-2.612276237950691e-10,-1.6555088527903505e-09,9.121614032243666e-11,6.426889044491483e-10,5.9551232485910755e-09,6.608701273370683e-09,-5.102506109801924e-11,-3.9214942109375134e-10,-1.3868498589505994e-09,-2.840794319309874e-09,2.2997969712534365e-09,-2.6733087859242184e-09,-1.4430006296171324e-09,6.696483075834755e-10,-1.8271753615945675e-09,2.680190595817503e-10,2.6961539917506557e-10,-4.08632236187406e-09,-1.8669664826624237e-09,-7.563539673033869e-10,-3.1250265842667287e-10,-1.0798097782918035e-09,1.7317347537181653e-09,-4.106125288606107e-09,6.768180878744821e-10,2.368626324047955e-09,-4.374807018694601e-11,9.372366644282566e-10,4.67962102684735e-10,2.989481335070099e-10
treat_p0,-2.8677299101368726e-10,6.211271221014551e-10,3.05949618164204e-10,-6.118896753399741e-09,7.547915113317375e-09,-1.0345300122074823e-11,9.699188062842883e-10,-1.7308216233675577e-09,1.0980339788514011e-09,-8.423886323822589e-10,4.022511088197231e-10,1.895761541921232e-09,-8.159441821072582e-09,4.165906080543337e-09,3.516516101950257e-10,1.176610600529476e-09,2.960111931440574e-11,1.3608104502565862e-09,-2.784878063665747e-10,-2.3703650855718474e-10,1.3855389259797655e-09,-8.289606723944462e-09,3.387964094981886e-09,-2.013895005823491e-09,7.702237324875382e-10,5.942037708725062e-10,-5.175486622993549e-10,-1.0352370958338196e-09,-9.748059078773572e-10,2.5445057176405855e-09,-6.706344333546306e-09,3.493159225692978e-09,-3.018747815334351e-09,-2.3858394819912316e-09,-1.487400865333149e-09,1.9125276944151113e-09,-8.516415819898249e-10,-1.0897433398260701e-10,7.608070128103889e-10,-5.503580550069397e-09,3.913674886909991e-09,-3.6567010135327417e-09,-1.3896160154318693e-09,-1.5996597991838434e-09,2.3530073477087223e-10,-1.1952467229953778e-09,-1.5997143797917558e-09,-1.002058614409746e-10,-1.0601443997996037e-10,-1.2548080796268469e-09,1.6702257111230504e-11,-1.1575984757375512e-09,-9.177883897128326e-11,1.1409275028527057e-10,5.542359123535008e-10,6.747260398612862e-10,8.730019881546334e-10,4.198807632678109e-11,-1.4913651415668057e-09,3.673696722844081e-10,-1.5594670046951045e-09,-8.317504819771679e-10,1.919233488379536e-10,1.3955987438019458e-09,-5.254798620396138e-10,-4.819881148058961e-10,9.515175177697088e-10,-5.133095919878867e-10,8.35313216887095e-10,7.312003706247981e-10,3.143858814912584e-10,-8.156827728011804e-10,-2.0039576890211893e-09,-1.5011595006311544e-09,6.775345595437604e-10,-3.326438993929689e-11,9.134432207732174e-10,-4.768929854533847e-10,5.049478229930615e-10,1.4895866316197744e-09,-6.690888910679988e-10,7.996226179047829e-10,3.2094672016839315e-11,6.866522119678028e-11,-1.1204599249591801e-09,-1.6018864714068848e-09,1.1120959004713042e-10,-2.0419805783982155e-10,1.1681255315177456e-09,6.371468948117797e-10,-1.3344125558299424e-09,-6.086340214433527e-10,5.361798144032212e-10,-9.19051858751858e-10,8.748306325953906e-10,7.548124928819061e-10,-3.9824048491607917e-10,-7.344004883760645e-10,-1.6378043782154126e-09,-7.970700291749766e-10,1.6891558127440641e-10,-3.131744767588507e-10,-7.599609275860464e-10,-1.4571682145073367e-09,7.159680388370596e-10,4.978270452363583e-10,-5.837625955998915e-10,6.711519555904116e-10,-1.0576635784443527e-10,2.7383367023656973e-11,-1.3194660917592144e-09,-1.2001812571480412e-09,7.824209597276501e-10,-2.222212027478827e-09,-1.7148524933109156e-10,-1.3272669118197986e-09,1.0394352856297426e-09,5.608354158769266e-10,1.0973436344483917e-09,-7.176274474974921e-10,-4.469213139882458e-10,7.052342332020957e-10,-5.004760195496334e-10,3.100696734670907e-10,1.6222771010480665e-12,5.811632269114646e-10,-2.071310200132293e-09,1.834883865908662e-10,6.464197248658434e-10,5.150817354250087e-10,-1.6644837717681592e-09,9.62941944397995e-09,-1.9016033229426984e-09,7.516874307742523e-10,-1.2033825542981428e-09,-2.527420856848443e-10,-1.1718117013213441e-09,-2.855342702306452e-10,-6.47470259755823e-10,-8.621114171685278e-10,-6.114970669664939e-10,-6.75271612186986e-10,3.3709584439539157e-10,-3.9107508034546124e-10,3.336429505433298e-10,7.993669249562536e-11,-1.8742378284218653e-10,4.1360958901507663e-10,2.458941264769938e-10,-3.4814410977584383e-10,-1.3836604266624063e-09,-2.2079467533948657e-09,-3.6240600700861614e-10,6.146747006119323e-11,4.32051403952273e-10,1.2253850620899109e-09,1.2054265512895742e-10,8.223747981105146e-10,6.382498010946016e-10,-5.103961994353877e-10,5.63306795760252e-10,-1.230892960979609e-10,-4.779703548686785e-10,1.1465938115908518e-09,8.437698367088626e-10,7.505833257179269e-10,-8.627409735055363e-11,3.594878421392488e-10,-6.194307956484357e-10,7.599323567266632e-10,-1.1206357228460796e-10,-6.874884909990044e-10,1.9131168551910424e-10,-4.423601728757863e-10,-2.1259267041153426e-10,4.882311490125663e-11
treat_p1,8.882708030335836e-11,-5.205778204299151e-10,-3.450728793714656e-10,4.98885161835438e-10,-1.0345300122009413e-11,4.088898846792364e-09,-1.6865539606869233e-10,-1.1045702395256168e-09,-1.8164968923227457e-10,7.727752551521177e-11,-4.414008077101838e-10,-7.13337234032398e-10,1.7090148130023937e-09,-2.634161305691077e-09,2.2840526698799466e-09,-8.638604243704666e-10,-6.725299266041433e-10,-5.411038593330958e-12,-2.5479817722262653e-10,-6.20448757890914e-10,-8.078956711271257e-10,1.7779606937403258e-09,-2.691280290984007e-09,2.4401569390120974e-09,-8.3085886557317e-10,4.552628643850108e-10,3.658207482057509e-10,-2.9650852855397363e-10,-2.9987439925716335e-10,-1.53539429669425e-09,1.4244329280886969e-09,-3.0690234104659197e-09,1.5236134910470772e-09,3.916195216919786e-11,-1.7710299131552333e-09,-5.564659965095121e-10,-2.0023092099382385e-10,-1.0161002941389273e-09,-1.1764001645762455e-09,-6.475067736858364e-10,-3.999521785489457e-09,1.958073237992391e-09,-1.057510122401354e-09,-3.7409501364474915e-10,2.876310580798033e-10,-2.719586364210032e-10,1.730916709167054e-10,3.7196377086192976e-10,-6.604022871027655e-10,-5.471970319082678e-10,-8.018094883343506e-11,-8.839564068419625e-10,-1.0959279429886138e-11,5.199477965170871e-11,3.6190848946257464e-10,2.6471157050666526e-10,-1.0609093784623783e-10,1.1952550730909276e-10,7.316970922595329e-10,-5.96104253880259e-10,-2.16220766715546e-10,-8.489243769852386e-10,-4.315160162426542e-10,-2.2073934936919106e-10,-9.11860597161029e-10,-1.7873693585733304e-11,1.3430990421416846e-10,2.778578527628471e-10,3.44063857048262e-10,3.603344373710873e-11,-1.9058558141918927e-10,2.0572549521584013e-10,-1.3901902944917621e-10,-9.508022091049834e-13,-3.8470659594476407e-10,1.4041929443328908e-11,3.205628657916585e-10,-9.680665198477933e-10,-7.377935156145871e-11,-1.023576320528763e-10,2.0940503693156091e-10,-1.4101012377520233e-10,-4.3982193829785725e-10,2.6994068462088963e-10,-7.502192806101988e-11,-1.0267318535412576e-09,2.329283092039572e-10,-9.221373970531294e-10,-7.055082576856309e-10,1.4058548158191073e-10,-8.868097235789657e-10,-1.986697473884564e-10,2.0481076568723955e-10,-1.6618295793180245e-10,2.560017667373768e-10,-3.7062249635033865e-10,-2.176904362209022e-10,5.433760524227679e-10,-5.575275236932145e-10,5.363757010561088e-10,6.628184776128451e-10,-4.124541612316631e-10,3.224854942869032e-10,-7.491792419542453e-10,1.6487347543273847e-10,9.902843126258648e-11,5.585280873596525e-10,9.701974121841659e-11,-3.810456096190135e-10,8.29733567238621e-11,-5.658094559618285e-10,-6.617924684596927e-10,-5.884499491542515e-11,-6.507148084836373e-10,-1.0313910670952284e-09,-3.1150155586611316e-11,-6.424829134732246e-10,1.1087392704669593e-09,-7.438577762728148e-10,3.600204933652614e-11,-8.005677546526024e-10,-6.557979527137239e-10,2.040483663488113e-09,-2.4307672613955956e-09,8.521755518126816e-10,-7.585050751827131e-11,-4.77985342683649e-10,-7.716140058796057e-10,5.015635089083277e-10,6.595771160326209e-10,6.01203922108368e-10,-7.752187121010014e-10,1.7864139710110103e-09,-2.329853835475471e-09,7.380773398046026e-10,5.5314731546913033e-11,1.857922402112413e-10,5.76981508685854e-12,-8.826333796420025e-11,6.690565579752905e-10,-7.753365404297948e-10,-5.182045291152235e-10,2.1095410000613344e-10,-4.0301968436146177e-10,6.973171195786279e-10,-3.041910369681038e-10,1.5342830506955594e-10,-5.878437821282987e-10,-4.805774798751049e-10,-3.812017319289957e-11,4.736816872910498e-10,-7.767306075051354e-10,1.7539826477289248e-10,-1.031260361683912e-09,1.9231186194337701e-10,-7.07372421370446e-10,-1.5183610879279459e-09,3.3288093910945016e-10,-5.561753219130783e-11,2.719837121937724e-10,-4.394548751075324e-10,1.575746446736118e-10,-1.4785158719532105e-10,-5.534363926438316e-10,6.618728031090368e-10,-4.4926866219440774e-11,5.142059013418636e-10,6.98636429454751e-10,1.9598244300225458e-10,9.047960675423062e-10,-3.140126951307372e-11,-1.0509181342836705e-10,-3.0566207852919875e-10,1.122904354364815e-10,2.9149678565660395e-10,-2.7017144403858387e-11
treat_p2,4.6382380125053646e-11,-6.650832080560822e-11,1.4463664603294344e-10,-1.8671396568320872e-09,9.699188062843539e-10,-1.6865539606870032e-10,1.7902084982525656e-09,2.298846920156073e-10,9.611159140871667e-10,-1.659571652448925e-10,2.4091663936276084e-10,7.80401761378364e-10,-2.3127746168330492e-09,1.4593728974893379e-09,-7.672803181650516e-10,5.959028501904017e-10,-3.9181400316781104e-10,6.119682934231389e-10,6.385853847339162e-11,-4.020782642404334e-11,5.943875086077559e-10,-2.937838323720877e-09,3.826689842281872e-10,-1.7894416177006697e-09,1.814842780871737e-09,2.4705493932154643e-10,1.6019723198187286e-10,-5.098713529371288e-10,-3.9060617174530886e-10,1.005650961299169e-09,-3.0510611826856618e-09,-3.53560282523084e-10,-7.793290037141997e-10,-2.5051781655011347e-11,-6.822368923437803e-10,1.3192209434181088e-09,-5.556121434999357e-10,1.1082613133347481e-11,1.994537941576937e-10,-1.4161521193667017e-09,-4.3894918145229495e-10,-7.04893557966699e-10,1.0192037251786755e-09,5.402638287212427e-10,6.930072521823871e-10,-1.487722710257434e-10,-1.189738298067652e-10,-3.9313335483210593e-10,-2.71214974121508e-10,-2.349250383482287e-10,1.3837275397197965e-10,-4.217114010854574e-10,-1.6812300225770794e-10,2.2131544098948787e-10,4.296336400944691e-10,1.316718902708711e-10,-2.795990383274184e-11,4.695839567688928e-11,-4.053037789821109e-10,2.731223297934785e-10,-5.870672307997839e-10,-3.814417483844444e-10,-5.374843515932633e-11,4.664631257422988e-10,2.615002244771543e-12,9.84851708691987e-12,2.578834396450402e-10,-4.0279581385700186e-11,2.632961149570532e-10,2.5190146495667997e-10,-1.7397876122312432e-11,-1.3951566920630544e-10,-5.551478713905332e-10,-4.181841861705948e-10,1.167474768277016e-10,-1.3022752521369204e-10,6.295755900121831e-10,9.43211497649513e-11,-3.932182906309798e-11,4.988559478545057e-10,1.261099519805418e-10,3.50992365644479e-10,-9.427786457726043e-11,-7.235967995780022e-11,9.128855058842552e-11,-3.662150179264661e-11,-3.086512614719284e-10,-4.2954258693746274e-10,4.5421241891621654e-10,2.850292743931531e-10,-5.0088695151001964e-11,5.7470479722980944e-11,1.0287488460289322e-10,1.691806507448394e-10,4.0229771311958107e-10,1.2197354886867654e-10,-8.615117249162669e-11,-5.100291222929897e-10,-1.4394152417035717e-10,-2.7929837244404216e-10,-8.086795207782434e-11,-1.604865837064737e-10,-6.051317239912182e-11,-5.1872634667429734e-11,-5.17179449366782e-11,1.436022821050442e-10,-9.366344214025236e-11,-7.841360830244181e-12,-1.0196797395227648e-10,1.5905824103446367e-11,-1.580661750340199e-10,-3.842439796806341e-10,-7.203825675938952e-11,1.5080309130289298e-10,-3.473588783379209e-10,6.690824832019296e-11,2.301441466291429e-10,5.941801534723293e-10,3.065682803644115e-10,-8.708902026375535e-11,-1.2356580378301985e-11,3.6280178980273003e-10,-9.081992378615726e-10,1.727722798157923e-10,9.41800374215552e-10,1.3734646118059046e-09,-5.432563458199901e-10,6.889114289579151e-10,9.397950118285414e-11,1.567009075932974e-10,-4.497072297347412e-10,2.984726939984928e-09,-4.146800931790877e-12,3.4186363973023384e-10,-1.1744408445079256e-09,-1.5091784929739684e-10,-6.692544101123585e-10,1.9156454022498676e-10,-6.04532981585191e-10,-4.983792516998377e-10,-5.270545023502405e-10,-4.446066610484905e-10,4.764722400270695e-10,5.02445297059861e-11,-4.839281504804579e-11,1.8043811334615044e-10,2.340403998311819e-10,2.2551433079008075e-10,7.46328754559161e-11,-3.6199876807346335e-11,-4.199448888117391e-10,-3.7655768344153136e-10,-4.363407215236497e-10,6.213591643034683e-11,3.633786780385618e-10,5.109395822280295e-10,-3.743476750374633e-11,3.204287047411638e-11,7.255809581189363e-11,-1.5665157569830126e-13,1.524365626820216e-12,9.84595915366676e-12,-8.34420342354253e-11,2.938945442448959e-10,6.987579410383908e-11,3.7803887674818504e-10,1.5330080781644193e-10,5.419903363173094e-11,-3.741428340293425e-10,1.492283628644813e-10,2.5292731014063567e-11,-1.7825591788448425e-10,-5.846993111024476e-11,-7.821087353330904e-11,-3.372708257601464e-11,2.69369987212186e-11
treat_p3,-2.3675866020350343e-10,-7.278282899949678e-11,5.568366092580064e-10,1.6799088006432749e-09,-1.7308216233675575e-09,-1.1045702395256194e-09,2.2988469201561573e-10,4.687814087387593e-09,-2.9154791009966176e-10,-1.5051351365255675e-10,1.1403404108472887e-10,-3.653815949497516e-10,1.5346251094811783e-09,-1.7337661425403356e-09,3.0126999681182453e-10,6.791080856405492e-10,2.3356391797952448e-09,-1.1255581556801037e-09,-1.04757545039441e-10,6.144255644444387e-10,-5.265524474186153e-10,2.34445918634478e-09,-1.0382924948230152e-09,1.19692433565951e-09,7.201029743460942e-10,5.126811612068233e-10,-4.531051584125257e-10,-1.7423858106347708e-10,6.671001979828788e-10,-8.980550757600495e-10,2.6367088722303264e-10,-1.574040069327482e-09,1.5169835947234866e-09,1.0594202908800282e-09,2.2408011335331963e-09,-2.3117956618885667e-10,9.302319988391707e-12,1.0023434091840601e-09,-2.828951422940211e-10,2.0006983457289052e-09,-6.85156727710306e-10,5.18163304423918e-10,1.5367398010227165e-09,1.7100381434060498e-09,-7.984317987047655e-10,9.218933661424368e-10,1.0138037644919296e-10,-5.422624854204214e-10,9.184861683620919e-10,4.917126333297952e-10,3.9141077471513733e-10,8.666781087602314e-10,-2.3034044625411003e-10,-3.1724192866246384e-10,9.676732774600384e-11,-3.8630068031441123e-10,-2.678256352415296e-10,-3.011618594685565e-11,1.2348418768441576e-09,-3.8699334692153476e-10,4.3836086188292584e-10,8.755486083885158e-10,-3.8120369647730276e-10,-7.717843903858414e-10,2.2219682658747375e-11,4.870742943442261e-10,-1.0820719118758777e-09,7.019131866209201e-10,-5.496991790439406e-10,-5.955051588754078e-10,-4.8238078295117416e-11,8.055312697671853e-11,-6.698869058007645e-10,6.913633290054021e-10,6.389470888317108e-10,4.442487663747718e-11,-2.6165405250401367e-10,2.823873507489942e-10,-2.1480464156770538e-10,-1.1282489774547937e-09,5.624657483136536e-10,-4.683527985505968e-10,8.601295944742289e-11,4.3171183838869993e-13,3.3941733971180925e-11,6.99491094838695e-10,2.517355678741415e-10,4.2778884914749817e-10,-1.004748632907462e-09,-5.085607232107667e-10,6.972509700796746e-10,-7.116350108044952e-12,-4.874290337893117e-10,9.223822148335744e-10,-6.34416067600293e-10,-5.328006199606277e-10,2.7584520089284733e-10,7.809972114903192e-11,2.7439315230918484e-10,7.793646525532343e-10,-1.1280822878442513e-10,1.4018433483452772e-10,2.8563545649929704e-10,9.68978716742787e-10,-5.629501488962152e-10,-5.540384808253935e-10,1.8545398728377852e-10,-6.986799611596753e-10,-9.22006979322848e-11,1.078502535866716e-10,2.3253026274696798e-10,6.201591201774685e-10,-2.539226240066327e-09,1.2624143792366034e-11,1.1148008054986895e-09,9.16233161576417e-10,1.198522834623038e-09,2.1288252107801127e-09,1.6457415389883202e-10,3.654195998070374e-10,5.7672037087435e-10,-5.5263205847925004e-11,-1.6866429015843679e-09,-5.254482943670908e-10,5.445856639912197e-10,8.457073268829924e-10,2.9828654147804836e-09,-5.267781693881152e-10,-1.0842031237383912e-10,-5.744556791171121e-10,1.2415179764523855e-09,-3.1192682601071573e-09,6.727762471348515e-10,-1.5845145571442783e-10,5.074953168982705e-11,-1.1965970333843747e-09,5.93465868759593e-10,3.214484879108713e-10,1.4739841222426225e-10,5.655154475633544e-10,-1.7739838754308092e-10,5.052868869156843e-10,-6.163670418609774e-10,2.72665926584724e-10,-4.953548669149994e-10,2.332271977321041e-11,2.781530388297466e-10,-3.145115102766962e-10,-3.3446762643736745e-10,7.493632738852925e-11,4.595671463347172e-10,6.755379526116868e-10,2.58308016985022e-10,1.9496338295447933e-10,-4.468099351775285e-10,-9.498090694537062e-10,-5.828853494258294e-11,-5.474548407027049e-10,-7.471133586760666e-10,4.251300385058453e-10,-4.678313543011274e-10,1.4269211621166268e-11,7.159089828400361e-11,-5.916310859172189e-10,7.76827151618316e-11,-1.328501310736255e-10,-1.6376756621515916e-10,1.3639072701643333e-10,3.3849234612224285e-10,-4.4679780710759136e-10,1.7762540349804803e-10,4.688732537728513e-10,-3.6856732705079237e-10,3.439770271024794e-10,1.788065766525675e-10,-1.0586688953556516e-10
treat_p4,2.124775548715966e-10,-1.066332107690507e-10,1.814183648643327e-10,-5.849965539450307e-09,1.0980339788514113e-09,-1.8164968923227057e-10,9.61115914087166e-10,-2.915479100996601e-10,2.383057376059156e-09,-4.463142495626924e-10,4.849957396623534e-10,1.3217616149134859e-09,-5.288135733490453e-09,1.4484186070181399e-09,-1.5821341322981598e-09,6.043518627752659e-10,2.99789520907688e-10,8.630264737615889e-10,2.968962183441491e-10,-1.4393661081615684e-10,1.2062894738196582e-09,-7.572189424720952e-09,1.83349865682881e-10,-3.6125941266159704e-09,1.3221890296904289e-09,8.40241893249954e-10,4.1019362035508026e-10,-7.790422364842293e-10,-6.382730921148547e-10,2.4753847561764952e-09,-6.4570631315576035e-09,1.1212863027970406e-11,-3.023189750438261e-09,-1.0640961969354004e-09,-1.6360184363051895e-09,1.536680982040792e-09,-7.120135116535846e-10,6.76658356340054e-11,8.759186182116567e-10,-5.9406735284490344e-09,-1.138505496772539e-09,-1.8823365368259486e-09,-2.5698799376499047e-10,5.351248298450737e-10,1.101543184118756e-09,-3.1285607205262673e-10,-6.314478522745907e-11,-3.423384332361346e-10,-6.049642743289234e-10,-5.19953206644285e-10,1.84589281778511e-10,-1.5421461239118105e-09,-1.1817919549257345e-10,7.757235532640856e-10,6.365693730405509e-10,5.128440649976449e-10,1.672275500814067e-10,3.2552430113081256e-10,-1.2932954161222666e-09,3.6304161140039037e-10,-1.0502989405985603e-09,-3.434206230729906e-10,8.151367502222551e-11,9.21922749554628e-10,-8.264014495494405e-10,-2.3511006291029606e-10,7.736443850924748e-10,-2.413741288491435e-10,9.392752316830647e-10,7.524247067198867e-10,4.107407663794809e-10,-3.5625778039392673e-10,-1.633360040994396e-09,-1.3339342538587887e-09,-6.378727754027752e-11,-7.195571766434499e-10,1.33653464555021e-09,-1.1507825705214167e-09,2.647717669278142e-11,1.2444892401162789e-09,-3.373150421840586e-10,7.880814933314264e-10,-2.4938217995654325e-10,1.6241761460500846e-10,-8.355558913606261e-10,-9.26757496121639e-10,-2.7349592331799696e-10,-7.401837489234714e-10,7.910148514941234e-10,5.025210684936536e-10,-8.969761368714938e-10,-2.5328304787927575e-11,4.033184470486767e-10,-1.2244664163851503e-11,8.781845881385965e-10,3.797759053079201e-10,-2.491641909414471e-10,-1.0195804079839293e-09,-9.800592460329931e-10,-7.423914162938034e-10,2.9958052542727976e-10,-7.90345403844246e-10,2.1971837135579338e-10,-1.0363323494081781e-09,4.1381392260628143e-10,2.899478022762395e-10,-1.783362584890523e-10,1.7868445299390836e-10,-1.849548956728725e-10,3.0430871546477973e-10,-5.35560076300965e-10,-4.999861679357937e-10,4.74759110010294e-10,-1.654692992780375e-09,-1.252371067104535e-09,-1.8051976533052187e-09,4.6101087164175684e-10,1.3212813801556979e-09,8.929909610202966e-10,-2.778293667253551e-10,-3.698537042738083e-10,-1.7086803351305908e-10,-2.7975398618402672e-09,-1.3727050366976507e-09,4.430096329161396e-10,1.753751024786748e-09,-9.94815227351229e-10,8.26146656982746e-10,4.125150367847524e-10,1.876447648608441e-10,-1.0076344906396316e-09,7.9002523939122e-09,2.8916254087363927e-10,7.912602491853954e-10,-1.149866934703578e-09,-6.474489220335535e-10,-1.0480313643960944e-09,2.2079250674349336e-10,-8.796082493112505e-10,-6.081486591753396e-10,-1.0085124706749942e-09,-6.057842366152824e-10,3.9502896479919097e-10,-9.636682312385682e-10,3.9810944117393557e-10,5.7016755777778984e-11,8.697682871096322e-11,5.606613978043956e-10,-3.348579934579686e-11,-1.8170482280191108e-10,-1.1197974181986685e-09,-1.286780154775704e-09,-2.341805183431372e-10,3.828168160469167e-11,3.959075810349714e-10,8.991912717224498e-10,-8.293289279845458e-10,6.1525589131801e-10,1.407876336084533e-10,-3.0268775938754153e-10,5.031635135414989e-10,-3.9759997824241464e-11,1.5602817926165123e-10,6.852346853299732e-10,2.9289569771546494e-10,4.351259568816819e-10,2.111453112939442e-10,3.2056613441527653e-10,-6.598759391502152e-10,1.153001431638245e-09,-1.4364606374480322e-10,-5.348080831269575e-10,-5.7203766330608104e-12,-2.718844726589908e-10,-1.556156971918697e-10,-1.5102119152854898e-10
L4treat_m4,3.1977172839072945e-10,-1.3132517787059679e-11,-3.944702942230069e-10,2.8726674415811888e-09,-8.423886323822552e-10,7.727752551521133e-11,-1.659571652448921e-10,-1.5051351365255259e-10,-4.4631424956269483e-10,6.600623676652033e-10,-1.1508572974338228e-10,-7.883415407498089e-10,3.6565125482456035e-09,-1.5274948751455192e-10,-2.874705640032383e-10,-8.034077969998644e-10,-1.9052926519765486e-10,7.775554770074343e-11,3.247960374132754e-10,-1.4319174149796231e-11,-5.218073795596864e-10,3.501707183689138e-09,-3.4636118148844933e-10,9.73223919039746e-10,-8.286484575054772e-10,-8.587026563478219e-11,3.1072078815904295e-10,7.630821671403991e-10,4.26363148896781e-10,-8.187806055982284e-10,3.5922715508193676e-09,-4.138913349150554e-10,5.792110252752486e-10,9.840031235581314e-10,2.7492036640479545e-10,-5.919136099526992e-10,6.765960940471595e-10,6.362997974406068e-11,-3.7254720984892787e-10,3.0730461362191506e-09,-3.3651547113307584e-11,1.2696315581344383e-09,1.4422720224087582e-10,-2.0752542821291888e-10,-3.262582453413961e-11,5.031082403337241e-10,4.124792992209641e-10,9.680791205043051e-11,-1.7189773152745165e-10,9.820250467535613e-11,-1.1415845692923584e-10,4.504377129963053e-10,1.6332767310802688e-10,-2.2102732549582078e-10,-5.126398601546268e-10,-1.637442940406854e-10,-1.1189975751651745e-10,-1.830194781554352e-10,4.5107643628938654e-10,1.311718174129753e-12,2.837589552482609e-10,-2.921905500080241e-11,-7.775634220612357e-11,-3.0250844824205916e-10,2.933393420927252e-10,-3.446133421336642e-11,-9.050038505368086e-11,8.417732006741931e-11,-2.725168401350207e-10,-2.636544944127968e-10,-2.6450977694527054e-10,4.967866919895199e-10,8.159626379996914e-10,1.8870761612160352e-10,-3.47660638649591e-10,1.3357435626627923e-10,-4.740343104619084e-10,3.0471637817684157e-10,-1.525092904606806e-10,-4.1169477620723523e-10,-8.080396694478145e-11,-2.987407288884612e-10,-3.4134152665406117e-11,-1.04728634642057e-10,6.437688316680495e-10,3.1343078850309527e-10,-2.672203937471724e-10,6.217804241013819e-12,-3.926390914931706e-10,-1.8044088680449297e-10,4.5712148345373036e-10,3.727472219449847e-10,-1.470745351954868e-10,-1.569314082324681e-11,-3.666373170700225e-10,-5.1292427706450025e-11,-4.776371224016476e-11,3.963798665588639e-10,5.912332887307704e-10,-9.482621878973113e-12,-5.881405124998566e-12,6.919395506977324e-11,2.2397196350060365e-11,2.2908526696410276e-10,-3.367278931476949e-10,-1.409291779858446e-10,1.566583691710699e-11,-5.415722674506428e-11,2.2411546661706793e-10,-2.1745579944310243e-10,6.33319394771103e-10,5.062196986543042e-10,5.022421793410339e-11,1.999344669541526e-09,3.517865093480655e-10,6.77142663730119e-10,-3.567078598342119e-10,-7.86217392195046e-10,-2.272199610678355e-10,3.793670599723021e-10,2.2949646195463666e-10,1.2003039210827938e-10,1.7434260019011748e-09,1.0694331192600821e-09,9.317640621809691e-11,-2.487090946050532e-10,1.5002333676451015e-10,-4.432114722853599e-11,-4.238037720081613e-10,-1.973378000371545e-10,5.480306622886695e-10,-3.778026167922473e-09,-4.475081966505909e-10,-1.890244108557375e-10,2.905274646796909e-10,4.660965845494921e-10,2.14433423146136e-10,-1.8628314679964326e-11,4.2678017895533104e-10,-1.2860905848301704e-10,2.2980704635051338e-10,1.8797186972064185e-11,1.0946424211632494e-10,2.7410659474404e-10,-3.4411792328447917e-10,-3.6705316337623104e-11,-1.1397717164543545e-10,-1.4438396371697032e-10,-8.902095716967357e-12,-5.832022884224534e-11,5.584585513372084e-10,7.255514067155028e-10,-7.313727400128439e-11,1.9781368952021235e-13,-1.7575863878692234e-11,-2.379358459345635e-10,7.424111377017653e-11,-3.1232921803823053e-10,3.334874876656477e-11,3.0339697156458402e-12,-1.879671072719538e-10,4.6397992702801245e-11,-3.726272941958862e-11,-4.104644706522749e-10,-3.5595055157020394e-10,-4.383093569274578e-11,6.438988919584214e-11,-1.0942059930137245e-10,1.3640130376069786e-10,-3.1823435960580106e-10,2.3391712121279876e-11,1.852733503893204e-10,1.223900956319967e-10,1.189814804316323e-10,-5.483262629446327e-12,1.2632053817474816e-10
L4treat_m3,3.253021339809965e-11,1.1493698309030745e-10,2.1857002013824467e-10,-2.0135997785297684e-09,4.022511088197226e-10,-4.414008077101865e-10,2.409166393627583e-10,1.1403404108473716e-10,4.849957396623533e-10,-1.1508572974338255e-10,3.8379267866302924e-10,6.658718442764118e-10,-2.0070207228959182e-09,5.130768456853951e-10,-5.258507155933203e-10,3.33475641971458e-10,1.9807212237663699e-10,2.0137455177595897e-10,1.0853072975059254e-10,6.868358992685644e-11,4.843997459856512e-10,-2.166145789074603e-09,2.719116909104275e-10,-1.3926786065236269e-09,6.944546798307041e-10,9.583710968846958e-11,8.086173391280741e-11,-2.42233381556992e-10,-5.2406600855825966e-11,1.018855739203002e-09,-2.1767838904251363e-09,1.6107700652655243e-10,-7.755274498865021e-10,-4.494972583259245e-10,-3.1302375117471494e-10,3.9046217752937933e-10,-2.2215888341129376e-10,1.722105585980502e-10,5.635714319851823e-10,-1.8487657462677022e-09,3.0579683091283575e-10,-8.130093295418798e-10,7.83699416270173e-11,2.9236443827503047e-10,1.6340092475101585e-10,-2.726216950290424e-10,-1.1122451586260876e-10,-3.1304413612467993e-12,-1.307632127077802e-10,-1.638387430908733e-10,9.006121436471882e-11,-3.732164159735043e-10,-1.718151458202281e-11,2.3503504329727327e-10,2.1837201766673636e-10,1.3820299891476116e-10,1.2125888157577542e-10,7.387917342691875e-11,-4.549312217615779e-10,2.698545012287716e-11,-2.9896778826714474e-10,-1.069116923638007e-10,7.536274669952797e-11,2.649189973825721e-10,-1.1055105491927227e-10,-2.2632071739608514e-11,2.0373250046029067e-10,-5.708882154697646e-11,1.6604634236983042e-10,1.8552087957195824e-10,5.8042720424781447e-11,-2.289610425018199e-10,-5.919640454667478e-10,-2.0886458852937902e-10,1.0978447964483061e-10,-1.2348341851171587e-10,2.76423499286953e-10,-1.818785775045937e-10,1.0163104841162566e-10,4.083460889338457e-10,-4.04261698740115e-11,2.772750275847483e-10,8.151041697841438e-12,-3.0324872925869353e-11,-4.744811918771288e-10,-2.2697547152739002e-10,-9.270681666260905e-11,-1.400101879645174e-10,1.8609413099816559e-10,1.0790490765575086e-10,-1.5406550057767345e-10,-5.286045045139308e-11,8.26775684209625e-11,8.109333066969798e-11,7.84599348764212e-11,1.6939377572445177e-10,-5.851270454046979e-11,-5.369329770301753e-10,-2.80210503992953e-10,-2.4841340147740286e-10,-1.208438891825416e-12,-1.0916891884189047e-10,9.015223073088823e-12,-1.505366972232934e-10,9.13074862321438e-11,1.3641090210143885e-10,-5.346327781825398e-11,7.939758765614188e-11,4.055258643063818e-11,8.795557908070862e-11,-1.1764224694368736e-10,-3.3868840284450127e-12,1.3530944201372796e-10,-4.944307774327736e-10,-2.0573446755624326e-10,-3.627120106598894e-10,2.8393655455717363e-10,3.0833931346848837e-10,2.693936742410092e-10,-1.921626128616492e-11,5.1943068904277734e-11,-7.820970023403981e-11,-1.3791415892736385e-09,-1.8051276608160448e-10,1.0317754881085775e-10,3.4588619452127924e-10,-2.71843947978317e-10,2.176525581983058e-10,8.855849302479021e-11,-5.005149744148856e-11,-4.246666274698478e-10,2.4712082036914623e-09,-1.1760994404173875e-10,4.578654126255232e-10,-3.8382611719920826e-10,-1.324580505665886e-10,-2.4596084171264387e-10,-1.1822664225154604e-10,-1.9137370322700564e-10,-1.613389431660911e-10,-1.8930156922321973e-10,-1.4152807250792542e-10,-1.6089929777101194e-12,-1.3887213814787465e-10,1.1083769752598286e-10,1.543331798169365e-10,4.16513394705606e-11,1.6255081722282893e-10,3.0715826228598935e-11,-6.217219875812656e-11,-5.376735283299276e-10,-3.791517749813097e-10,-8.40414782535286e-11,4.883985160301728e-11,9.056052715344044e-12,2.2689173546974437e-10,-4.3766897542908466e-11,1.642844188590074e-10,1.6758880589377218e-10,-1.9868215436145578e-11,1.5795288537086404e-10,3.0265718640467504e-11,-2.2337505409701638e-11,3.8045192130852067e-10,7.589011138472363e-11,9.059813323685786e-11,2.765034514267422e-11,7.856728017146432e-11,-1.6750493619451227e-10,2.1156947049526045e-10,-4.751138713711802e-11,-1.946868333699347e-10,-2.878919717846067e-11,-6.423303269515448e-11,-8.501809483600003e-11,-9.709992455061796e-12
L4treat_m2,-5.973982445470461e-11,1.030412248296951e-10,1.7942453248154383e-09,-6.991046862491337e-09,1.895761541921197e-09,-7.133372340324031e-10,7.804017613783485e-10,-3.653815949497563e-10,1.321761614913482e-09,-7.883415407498108e-10,6.658718442764143e-10,3.422886503611742e-09,-7.524801208629733e-09,1.4415035903344005e-09,-7.552261921086247e-10,1.296842479929207e-09,2.7646084070808265e-10,1.654269923356761e-10,-6.7901580646117e-11,-1.1382313306634778e-10,2.200501804090826e-09,-8.1960881162263e-09,-4.1555361435961047e-10,-2.960853760263967e-09,1.5726671393031597e-09,-2.2960308815765022e-10,-2.201303732459824e-10,-1.1833249399554754e-09,-7.884625414913836e-10,3.1106976724515633e-09,-8.006645995354089e-09,7.79122544995603e-10,-2.2715342325567734e-09,-8.803688476124437e-10,-1.3972362830080425e-09,1.1490675168636682e-09,-9.678557787624173e-10,-2.1971081273312525e-10,1.7972221485461914e-09,-6.556152929868337e-09,2.9827308198901174e-11,-2.678106644465772e-09,-4.430098623004423e-10,-1.8112580275756708e-10,-1.8575638017159533e-10,-9.094809810758566e-10,-6.639977019307566e-10,-1.858727578569802e-10,-3.781186707040657e-10,-6.117320931214849e-10,-1.2580326933508734e-10,-1.0016598367916439e-09,-9.04095763050172e-11,3.167299018979662e-10,7.816577589045403e-10,6.99147169269052e-10,8.319371063041322e-11,2.4216093300668016e-10,-9.927927918788498e-10,4.90174170462208e-10,-1.0388729793993978e-09,-3.6632434226810776e-10,1.657125613246671e-10,8.445111878148445e-10,-5.693891113708691e-10,5.7284967622417066e-11,6.224227886893604e-10,-3.5788077925776124e-10,6.486612806655145e-10,3.816825467179561e-10,3.494371824105194e-10,-6.736161091417481e-10,-1.471022833155717e-09,-1.1518621082610967e-09,4.82199260827619e-10,-1.9920459213682189e-10,7.565021668719199e-10,-4.953301175761986e-10,4.1462221921649693e-10,9.656185848533353e-10,3.7371690321840456e-11,8.344079916494506e-10,-2.1509342696098225e-10,4.558272501187312e-11,-1.379403417033145e-09,-5.398858822679271e-10,1.506601756322949e-11,-4.431234920981199e-10,4.5708992286079854e-10,1.465519118782375e-10,-5.562549554193009e-10,-9.548244189684213e-11,3.162451643937785e-10,-7.309717237017014e-11,5.624808056037151e-10,1.6952603579118432e-10,-1.495270897766848e-10,-1.159563295190615e-09,-8.103679011970328e-10,-5.963306419091946e-10,4.550171132871823e-10,-4.801374261797541e-10,-1.3537908771819876e-10,-4.1194500787180357e-10,4.037757997587329e-10,5.769845627035595e-10,-4.324813616716869e-10,2.697366948581157e-10,-1.8841796333718464e-10,2.9217540377309255e-10,-9.660420237855588e-10,-5.386281412107934e-10,1.0310208529073007e-09,-3.3618887328171726e-09,1.8114243006061582e-10,-1.2221375901379474e-09,9.808501570216281e-10,7.871393633544135e-10,3.139872509666448e-10,-4.715682605800852e-10,-6.475953642123704e-11,8.555103174367955e-10,-4.378521082582428e-09,-8.187051213673392e-10,-4.3704697778390424e-10,7.817979389804838e-10,-1.4945563654740947e-09,1.3685302055876563e-10,6.155567352875212e-10,2.840556734503745e-10,-2.000017266461283e-09,8.460228968820402e-09,-2.556286911337271e-10,6.715297476890378e-10,-1.1116238431497676e-09,1.0527629474549597e-11,-5.050991640321994e-10,2.762484275389874e-10,-7.993396721197844e-10,-8.802366844069176e-10,-9.443481996596967e-10,-5.632294139667428e-10,1.0994634546868206e-10,-1.59267698638965e-10,5.739793616904618e-10,1.157531872819922e-10,8.709629151892077e-11,4.251626600077364e-10,8.286223193149628e-11,-9.092741464598664e-11,-1.247030097158038e-09,-1.6642978309362148e-09,-5.948201734192594e-10,4.272548626780759e-10,1.855578116063656e-10,6.212843587392817e-10,-2.1863377241380486e-10,8.38471869070263e-10,1.3564753796358888e-10,-6.422334140349239e-11,6.299047139299294e-10,-1.6202563212562412e-10,4.5981046325646934e-11,8.536953322992167e-10,4.123914186148043e-10,5.088819452028635e-10,1.0630555646981088e-10,4.285035688489717e-10,-3.5633898503679316e-10,6.325687828597763e-10,-2.651020535759808e-10,-4.18838111790202e-10,-6.378548456649622e-11,-3.2967680036809667e-10,-2.0321155219259862e-11,-1.2985267518835034e-10
L4treat_m1,1.1542667435949037e-09,-4.474458364054409e-10,-2.4546288320814364e-09,3.020615559892713e-08,-8.159441821072538e-09,1.7090148130023724e-09,-2.3127746168331448e-09,1.534625109481261e-09,-5.288135733490464e-09,3.656512548245608e-09,-2.0070207228959315e-09,-7.524801208629687e-09,3.383034871941021e-08,-8.029024223094831e-09,7.255214144382121e-10,-6.136148201285799e-09,-1.759299180173222e-09,-2.96609992485905e-09,1.0257919495757122e-09,5.404106157538385e-10,-5.245996003362219e-09,3.4470446383101944e-08,-3.7188000948051147e-09,1.4736023244589695e-08,-6.6523746392912785e-09,-8.619765769308278e-10,9.213937769308801e-10,5.03842165071963e-09,3.4482836952652086e-09,-9.868684088680922e-09,3.317117247626676e-08,-4.209979090341169e-09,8.452131857513376e-09,7.200986298790503e-09,3.916593088696383e-09,-5.946583504300737e-09,4.771706786941131e-09,7.018518760586204e-10,-4.3402146471758185e-09,2.8258914732564416e-08,-1.7060763973634787e-09,1.130201735650382e-08,1.8797111576637625e-09,-1.160444148314108e-09,-3.2045855383783595e-09,4.997174118913334e-09,2.7974619743985245e-09,-1.5180842471512616e-10,3.7210202262427903e-10,1.5110009176322003e-09,-8.511366473212195e-10,5.112314824002069e-09,5.26303616847433e-10,-2.141217531336959e-09,-3.353370881299028e-09,-2.0490746664133595e-09,-1.2184346738929488e-09,-1.0501068623749446e-09,4.7330584197629575e-09,-1.3598565813768586e-09,3.515560754408464e-09,1.3257026105157216e-09,-1.2477797491294506e-09,-3.35862971001308e-09,1.9759703625972285e-09,1.9674040454301896e-10,-2.618364014792487e-09,1.639168557886496e-09,-2.70130710409398e-09,-2.9181042857176342e-09,-1.2557653748305573e-09,4.141640557362928e-09,6.984100159917855e-09,2.825014628070683e-09,-2.56794096285238e-09,1.135391204932155e-09,-4.033480210121402e-09,3.034926747144203e-09,-1.4555797227143688e-09,-5.1455522116200196e-09,8.294005774145793e-10,-3.4719016218604216e-09,3.442711691338839e-10,1.177755065045447e-10,5.314687496644379e-09,3.0614242217956016e-09,-5.708738394055971e-10,1.4474388421978794e-09,-3.894302324967947e-09,-1.969282017230356e-09,3.5078124112913393e-09,1.9409223756949304e-09,-1.280762737403374e-09,4.848275134447156e-10,-2.670144394152908e-09,-1.260970173744598e-09,4.616402334395394e-10,4.484471772434321e-09,4.67003485111305e-09,1.1993362286741592e-09,-3.8547160576358886e-10,5.537022511100293e-10,6.906983521044654e-10,2.8941278804035726e-09,-2.2526386479784973e-09,-1.4220824597803142e-09,8.413849183598081e-10,-9.552621587521019e-10,9.65163978293497e-10,-8.137744152191021e-10,3.945985477404372e-09,3.765028605787163e-09,-1.928158362627796e-09,1.3948055991176967e-08,2.4914520685516614e-09,5.875948319920136e-09,-2.4321921030864614e-09,-5.644510428076944e-09,-2.6260674189143535e-09,2.4195811439795876e-09,1.4832704674187914e-09,3.525247150897197e-10,1.7017175468580945e-08,4.950255563365241e-09,5.6071529379152894e-11,-2.0295454934467064e-09,3.673031773816705e-09,-2.0418584557377074e-09,-2.7094605505840714e-09,-1.2785184143108935e-09,5.750669268293574e-09,-3.8592742683286944e-08,-9.981514519355944e-11,-3.1048009794626222e-09,3.983804265891063e-09,2.4525473643677188e-09,3.555800642993411e-09,-2.827935001070379e-10,3.3436989797598293e-09,8.799915199656729e-10,1.8188689582055366e-09,1.1793356532739346e-09,-1.9350445839749206e-10,2.290466958257085e-09,-2.5763618778873535e-09,-4.0331329911745427e-10,-6.31613898561561e-10,-1.9368832823849637e-09,-3.4113594737426267e-10,4.2239401590061096e-10,6.44101327207836e-09,6.667754029796338e-09,-1.349872299578873e-10,-6.253224102742165e-10,-1.4048504478410695e-09,-3.6172255199141687e-09,7.708980600622268e-10,-2.6563439592039295e-09,-1.3857620656945217e-09,4.12816203508763e-10,-2.1261264997550165e-09,3.113341283216672e-10,4.805318329713034e-10,-4.568969673201377e-09,-2.024358443619258e-09,-7.428371341011214e-10,1.1010553472281915e-10,-5.268068368369826e-10,2.0173765016748166e-09,-3.2803026208122992e-09,5.859276160920916e-10,2.305506980308317e-09,1.6662382820678417e-10,1.1732452580937553e-09,5.43295979698428e-10,2.8733169991968495e-10
L4treat_p0,-5.030535878465844e-11,4.5643204469198183e-10,-1.9346529411567577e-10,-6.928176875311516e-09,4.165906080543335e-09,-2.6341613056910737e-09,1.459372897489337e-09,-1.7337661425402883e-09,1.4484186070181484e-09,-1.5274948751454877e-10,5.130768456853853e-10,1.4415035903343854e-09,-8.029024223094922e-09,8.697021830064449e-09,-2.1986125078575306e-09,1.856107441304241e-09,-1.337460626370133e-10,2.328082050774405e-09,2.0228174587529038e-10,-6.022751107192436e-11,1.248495004247503e-09,-8.505711452148976e-09,4.418989487289255e-09,-5.589673708826035e-09,1.473444109573647e-09,1.4821008850544532e-10,3.0210539239958503e-10,-3.7404109669303797e-10,-6.878955693891236e-10,2.8816120909230024e-09,-6.917158899337284e-09,4.407869604442227e-09,-3.337796782713939e-09,1.305641611194917e-10,2.6548219253842336e-10,2.4657989693894184e-09,-6.456792050285653e-10,-8.357537711925834e-11,4.5513926381855135e-10,-3.260010302058712e-09,5.7309769526839085e-09,-3.3546801582233324e-09,3.2319827224556337e-10,-4.869779481732637e-10,1.539940976534017e-09,-8.075697148411987e-10,-7.342785170421548e-10,-3.360353498114609e-10,2.2008351837693326e-10,7.24669773215937e-11,-9.30466734368884e-11,-3.618378432999742e-10,1.499307910684843e-10,1.7272559121570092e-10,-3.2923893060495273e-10,1.5282042997897134e-10,4.113561500518398e-10,-1.8336796108030317e-10,-1.7904070715409302e-09,1.7257676349623633e-09,-8.754112246545115e-10,-2.400196794942187e-10,7.35986190062679e-10,1.3956921841986376e-09,1.2028721826860521e-09,-6.08576068215918e-10,1.0503885263667552e-09,-1.0962541672931147e-09,2.691150954277045e-10,9.059047513196498e-10,8.495055639147809e-12,-5.796461799457162e-10,-3.2774917806070095e-10,-1.2238176788206076e-09,4.586351353064507e-10,2.847081991564769e-10,5.671954972969108e-10,5.861374684423872e-10,2.834061198122501e-10,1.7437834289158745e-09,-1.2638775700449694e-09,6.548062018912979e-10,3.592092290800329e-10,-5.817426390177387e-10,7.117381367636569e-10,3.027922636645395e-10,-1.1671339261995729e-09,1.1784532768750523e-10,2.4572318268387923e-09,6.236540721395007e-10,2.050147214734033e-10,1.4247149847160087e-10,2.2773853136830857e-10,-7.74546837879352e-10,3.688035692827416e-10,7.445195230942995e-10,-1.6160304489644728e-10,-1.2636892956630964e-09,-2.4363696186533767e-10,-1.0968720904039273e-09,-5.234829108989498e-10,8.352059545223388e-10,-8.430784284612771e-10,-2.081025955756476e-10,-2.3293433182781345e-10,4.974336173859143e-10,-1.3598990770106438e-09,2.22083403109167e-10,4.187998125217824e-10,-4.553376014748069e-10,2.626769280225886e-11,-5.062116242981557e-10,1.4980361363212655e-09,6.373486808201039e-10,-2.3951046167572954e-10,-1.3523406413009382e-10,1.601933850422976e-10,-8.924341643178721e-10,1.0966772513045994e-09,-6.135740731277673e-10,2.2937560820237737e-10,1.5734391116616587e-09,-2.947885520918816e-09,4.0046588694474775e-09,-7.272109075397743e-11,6.987744763147889e-10,-2.162909217262864e-09,2.086478160381841e-09,-1.5750768744215595e-10,-1.7046495681992138e-11,-1.5893652045581477e-09,9.033530927543122e-09,-3.6590868476211665e-09,2.1962157845150486e-09,-2.3882182912727376e-09,2.177172755635086e-10,-1.803164809131586e-09,3.2426860127205616e-10,-3.861568713785174e-10,-1.9157675787522087e-09,7.61737148654199e-10,-4.657079988908642e-10,7.869315704538663e-10,7.771726750463788e-11,-7.053482113525241e-10,3.040492452455209e-10,-4.862249320482128e-10,1.2407245698850568e-09,7.76606592170717e-10,-2.6718313463889576e-10,-1.327577299983034e-09,-8.52053378034309e-10,-9.050739524186857e-10,1.2597931534169047e-09,1.2089925235185232e-09,2.5609171247934735e-09,1.2889772762182145e-09,-1.5086549720144334e-10,1.0970116321818429e-09,-8.85498888262316e-10,7.581074341710693e-10,-2.987401130322031e-10,-2.7779002181245826e-10,1.4094849873125972e-09,-6.619658190325028e-10,7.304089654557292e-10,-4.995015444417266e-10,-1.0255297773547787e-09,-8.720501225185827e-10,-2.3925775056724843e-10,1.0536168069064478e-10,-6.259755451300212e-10,9.489217057311887e-10,-4.089439284804636e-10,-5.333463252881228e-10,3.2380609369460603e-10
L4treat_p1,-4.757027579337016e-10,-8.788374557406664e-11,5.7714933308520485e-11,1.2133971471922372e-09,3.516516101950855e-10,2.284052669879945e-09,-7.672803181650421e-10,3.0126999681183125e-10,-1.582134132298161e-09,-2.8747056400323576e-10,-5.258507155933183e-10,-7.552261921086197e-10,7.255214144382757e-10,-2.198612507857538e-09,4.681075762789629e-09,-3.611720024638561e-12,3.0154012213950477e-10,-5.136964142108501e-10,-8.151749559732615e-10,-1.4734993085622979e-10,-8.65451715587713e-10,2.698048310042313e-09,-1.3884149516870256e-09,3.761670627122632e-09,-1.1824819467691453e-09,5.869122124304861e-11,-5.184032151121266e-10,-4.984766380345404e-10,-8.278475036624054e-11,-2.1361357767776735e-09,5.156635424711962e-10,-1.0245637082140478e-09,3.4084766734807752e-09,-6.4025567969737e-10,8.055016634916185e-10,-4.65831014332629e-10,-3.219963156792689e-10,-6.788579977247254e-10,-1.1997722448668897e-09,2.691042954855345e-11,-1.311523964663487e-09,1.0985299007865692e-09,-1.1198076298667893e-09,-4.2238912299909117e-11,-4.102353513447722e-10,-9.015190244682322e-10,-7.797401306428992e-10,2.3206080153158252e-10,5.34098049551245e-10,-2.4433166518898166e-10,-7.347123161385248e-11,-9.18311024824954e-11,-1.6013205027069382e-10,-4.775552542567785e-10,2.3247673409266982e-10,-5.1007835750359694e-11,1.4236149198377632e-10,-9.076559178199756e-11,1.2335484118429999e-09,-8.116933867649845e-10,3.233106479103762e-10,-4.267108487614696e-10,-3.776570282809965e-10,-4.3383040002832014e-10,-3.146413662359552e-10,2.0616125576071127e-10,-3.7324357958126724e-10,1.4666961845664477e-10,-2.3520396352682603e-10,-2.679603311522184e-10,-2.5979154832166684e-10,-2.9795543743389707e-10,1.2813874852511768e-10,1.0736181145081378e-09,6.442493296795191e-11,5.116873160282058e-10,-5.139825833620271e-10,-2.8902014590988164e-10,1.178656723130214e-10,-6.63383795916731e-10,4.812880418816635e-10,-4.2276441496285454e-10,9.22526640880652e-11,-6.255867080077641e-11,3.329162894246249e-10,-1.0454317658184827e-10,5.60484417881178e-10,-1.8838787512973028e-10,-6.834173031177077e-10,6.970161887273984e-11,-2.5145839789023644e-10,-5.438180536215156e-10,1.9327831559528096e-11,-1.3305330695490607e-10,-8.545913601241849e-11,-6.595417410804476e-10,1.1270863265633057e-10,8.984354440487977e-10,-6.521893790094942e-10,1.2866752826379059e-09,-3.04655340925338e-10,2.2698377316283394e-10,-1.5986626472302508e-10,-1.916185346750271e-11,7.708793350342857e-11,-1.4579673485436608e-10,5.142058179369069e-10,-1.0880302962411983e-10,-4.792343442309489e-10,-1.139437069523301e-10,-7.295208455408458e-10,-8.795655920915944e-10,-3.353371806416815e-10,-9.866691247213402e-10,3.999902407522076e-10,1.3541939515235576e-09,-1.4268135284764803e-10,1.2844232321145606e-09,-9.9011703324433e-10,-1.9833588499783814e-10,-2.368915705428876e-10,-1.2065327724601938e-10,1.3605987539849439e-09,-2.35454496531093e-09,1.4036740955467108e-11,-1.5974326187428362e-09,7.535035745584511e-10,-1.3147164739790253e-09,4.422333034905336e-10,4.328069837286122e-10,4.057569212217958e-10,-1.7974326006248444e-09,1.1461129132806027e-09,-2.2961034981664597e-09,1.3145972689890807e-09,-4.552536218052051e-10,6.398009097139173e-10,-2.4169214789787943e-10,6.220655602559406e-12,1.3331449483182778e-09,-1.7299390633529018e-11,2.0661429174977015e-11,-3.894021168423431e-10,1.1518018059024895e-10,3.5576842438467106e-10,-2.827437741980313e-10,2.1757740701770448e-10,-7.06261506373759e-10,-2.0883296149027358e-10,-1.4633308351590662e-11,5.75568373822947e-10,-3.4353048003343156e-10,3.9361259015365723e-10,-9.95924610392911e-10,-2.3563244653044846e-10,-9.848370698143094e-10,-5.891782635728069e-10,4.893434975578444e-12,-2.597814165011332e-10,4.168393814988165e-10,-5.292653780127458e-10,2.030664271574179e-10,-3.627018022141286e-10,-3.5974294776930813e-10,8.143568538014863e-10,-3.897256593423947e-10,1.4236549360428746e-10,3.9797714669272023e-10,5.976053200345104e-10,8.724207757033523e-11,7.840940384891667e-11,1.5249612051794847e-10,-2.8926542500195506e-10,1.669965588979477e-10,3.3382500353903144e-10,9.176821723712314e-11
L4treat_p2,-4.958831967206218e-10,3.9012657811868464e-11,8.788922520008536e-10,-4.708451947479665e-09,1.176610600529531e-09,-8.638604243704702e-10,5.959028501904028e-10,6.791080856405298e-10,6.043518627752723e-10,-8.034077969998662e-10,3.3347564197146684e-10,1.2968424799292094e-09,-6.136148201285812e-09,1.856107441304236e-09,-3.6117200246451964e-12,2.4329322657193517e-09,5.816116121514277e-10,3.9068027431655714e-10,-4.175869657128757e-10,-6.333826108882248e-11,1.0986361908711285e-09,-4.950607212237414e-09,1.4671517564945405e-09,-2.7527955067657283e-09,1.7574652852402663e-09,-2.7651666278041833e-10,-4.572324466543728e-10,-1.1617373714674433e-09,-5.649187340115992e-10,1.7332432866530832e-09,-5.818512590438611e-09,1.384600595409253e-09,-8.401517690658321e-10,-5.530437003570382e-10,4.5084837294057396e-10,9.301581695666349e-10,-1.1306968945282125e-09,-1.0666461768166902e-10,6.878909801449012e-10,-3.879965003894441e-09,1.4673306803962427e-09,-2.520718932238321e-09,6.224050698543203e-10,8.028465440107145e-10,1.6036425285837752e-10,-6.539001146505196e-10,-7.099199503986388e-10,2.2497036429310588e-11,6.793566585338064e-10,2.6673730913925e-10,1.5197293981351946e-10,-2.525214245450797e-10,-9.192629185489881e-11,2.3513093180163427e-10,6.443076493563957e-10,6.805520133677745e-11,2.7836069591101763e-11,2.257188960919003e-10,-1.4829691003048265e-10,1.4869047184205115e-10,-4.201829862734965e-10,1.429134435203032e-10,3.7169490821025877e-10,5.152570526712237e-10,2.4346531086522273e-10,1.2761274982021238e-10,1.3333769121526729e-10,-1.319749093646973e-10,1.717047654662547e-10,3.9278770924713286e-10,2.5350046198542903e-10,-7.753408525626072e-10,-1.2824243963092646e-09,6.468927736531011e-11,1.0102986473877854e-09,1.4283566931061735e-10,5.145681567568938e-10,-1.961108567171318e-11,2.5432332175779164e-10,5.719898296263497e-10,2.8710111514140347e-12,4.490595724949284e-10,1.0521838536918415e-10,-9.457690516990391e-11,-5.39137158510922e-10,-2.0293138041992312e-11,4.1229582068373076e-11,-7.698193849159206e-11,9.376492459090936e-10,9.950323589027055e-11,-7.187181270368106e-13,-2.963305625444889e-10,-5.7320047906049425e-11,2.423171340552768e-10,3.332788827598023e-10,2.323727424190404e-11,8.532169566227051e-11,-6.834324779197639e-10,-8.08881598920999e-10,1.3217253471669192e-10,-1.4806721259757115e-10,3.7754343686133895e-10,-2.9348941006066077e-10,1.1418030572584767e-10,2.1939112900988603e-10,4.546829094333594e-11,-2.1666215391935425e-10,4.633974942482176e-11,-1.92747900182612e-10,1.8836386911707518e-10,-7.230045894351978e-10,-7.03885622333022e-10,-3.366133283549505e-10,-2.179387301127167e-09,-3.2949907304419944e-10,-7.217034995720391e-10,9.053885182312951e-10,1.074640065813823e-09,5.122449743180816e-10,-4.70708508942218e-10,-9.564938545471969e-11,3.9612571343687695e-10,-3.644039418596224e-09,-3.4731798757990143e-10,-5.983634986039631e-11,3.168299111451215e-10,1.5244505925196898e-12,3.350833920469559e-10,5.262723061390034e-10,1.6731010066065408e-10,-9.068730943537445e-10,5.626493722689427e-09,-4.939127390456716e-10,9.619524419673177e-10,-1.1420959883537186e-09,-5.386086543697448e-10,-4.1327819337709926e-10,4.16318585292891e-10,-6.714398255398013e-10,-2.8885450225925104e-10,2.3376507112038695e-10,1.7311622693446234e-10,-2.4864494949228677e-11,-1.316043615968473e-11,1.6167032541453848e-10,1.8397745897012625e-10,1.786656220430371e-10,5.029226671046027e-10,8.793410304706243e-11,1.3398081524772596e-10,-7.239523892834208e-10,-8.66766913193288e-10,9.946175164979573e-11,5.770520633553781e-10,3.2482832337697185e-10,6.220216504351615e-10,3.371776326440654e-10,1.1561828259713389e-10,4.684377629895367e-11,-4.509841838335677e-12,2.903497554008023e-10,-1.9390879766678145e-10,-3.319712410532099e-11,6.642944289027473e-10,2.7640653231918653e-10,-2.4496647609379662e-11,-3.7095671791483665e-10,-2.7865807639852874e-10,-2.594496352841651e-10,5.81998718002385e-11,2.1063201133642417e-11,-2.350633390308627e-10,-6.495596704870033e-11,-1.6444027019317678e-10,-4.0862136530191e-11,-7.108915966370444e-11
L4treat_p3,-2.8249213339841436e-11,8.652786511410998e-11,4.2748406532726054e-10,-2.2845424124635633e-09,2.96011193144177e-11,-6.725299266041452e-10,-3.918140031678026e-10,2.3356391797952803e-09,2.997895209076931e-10,-1.9052926519765726e-10,1.9807212237664094e-10,2.764608407080911e-10,-1.7592991801732505e-09,-1.3374606263703867e-10,3.015401221394991e-10,5.816116121514389e-10,2.4550345554667826e-09,-1.3874166425082498e-10,4.7656809493294826e-11,1.266853133824402e-10,-5.482529201379263e-11,-1.700418882811916e-09,-5.543163128070191e-10,-6.289455040314213e-10,-1.8695511918502593e-10,5.292021959596619e-10,-1.5689498838889245e-10,-2.4233833781536137e-10,1.8819751312206506e-10,2.973022574826337e-10,-2.1769409445921467e-09,-3.5419924561692074e-10,-4.894780879514854e-10,1.371987318222415e-10,9.224677567595621e-10,4.846864580037264e-11,-1.077885254177795e-11,5.057077527889617e-10,2.1699603652381736e-10,-1.5395872140952172e-09,-1.921188854342964e-10,-8.050298073090056e-10,-2.3965545600400897e-10,6.262537541544001e-10,-1.0300291226698196e-10,1.252948331638649e-10,-2.9493255425867765e-11,-8.477634157325855e-11,2.281819406826206e-10,-4.970542575537732e-11,2.586767920863001e-10,-2.071731880507853e-10,7.368911165497358e-11,-1.4096287145494544e-10,9.744953134207947e-11,1.1564050348566951e-10,4.3607966521488386e-11,-2.3438279950419936e-11,3.715313628167998e-10,-8.961568417177575e-12,-2.01964357733328e-10,3.626247462213307e-10,-5.621688979082889e-11,-3.15609215781074e-10,-5.000121478922145e-10,2.3056038615866695e-10,-2.770678489017234e-10,1.5415741260837497e-10,4.696081000662589e-11,-5.820264252038101e-11,4.055941459524892e-11,-3.406675858134075e-10,-1.1901877177110053e-09,-1.7562143176640976e-10,4.5579539504011436e-10,-1.3774566966544829e-10,8.521947301526943e-11,-6.236954216056015e-10,1.653449240923695e-10,-2.1903185090094309e-10,-1.4980654558419704e-11,-1.993094047483637e-13,-1.0165338996938983e-10,-8.381908043785443e-12,-7.690896813066458e-10,-1.9835239694267737e-10,2.0206408417906488e-10,4.3173941026070534e-11,-5.359448360708163e-10,-2.2201946196775088e-10,-1.2244066547305863e-10,7.432550223324193e-12,-2.438420550311555e-10,2.4086640627238626e-10,-3.0293936232238395e-10,-1.4827831250067243e-10,-4.4968410505741284e-11,-2.16735392881092e-10,-3.2325335090201536e-10,2.757235185995197e-10,1.8919104090974045e-10,-3.9533257737156883e-11,8.822967705509659e-11,-1.1022135846915233e-10,-3.14999821473291e-11,-3.428168544785768e-10,2.926330205885397e-11,-3.0251167921236396e-10,-5.4312053590053356e-12,3.224807037791497e-11,-1.4498917960045008e-10,1.7900194939900332e-10,-1.164101985545225e-09,-1.3673922517894215e-09,6.575023764060438e-10,-3.910028546997593e-10,1.1628269232649383e-09,1.8894649222564778e-09,4.05089398830405e-10,1.6441849661835752e-10,1.7053486651249943e-10,-3.216141012764357e-10,-2.3047102252974104e-09,-6.286500356387279e-10,-7.73303693282551e-11,3.796142743973983e-10,1.4145520128096584e-09,-4.610297606192849e-10,1.5570067653646064e-10,-2.870193974980692e-10,3.495349735576182e-10,1.869403056967225e-09,-1.0612186306424555e-10,8.723387443223927e-11,1.1576688354117949e-12,-9.001085030516886e-10,4.293503799606097e-11,1.8732921197844054e-10,1.0798344519379423e-10,1.6788629836352088e-10,-3.9392449511485443e-10,1.8619735148609645e-10,-4.663674605643111e-10,-3.2901738042133135e-10,9.425759022047022e-11,-1.9069414267838255e-10,5.747578395446267e-11,-3.682752863527127e-11,-2.154341436131375e-10,-2.122298269646095e-10,-4.1081429672054814e-10,-4.3031520821139215e-10,3.7510629623828514e-10,3.3897449283430647e-11,-2.530976061832974e-10,-3.6752225030620477e-10,-4.356974043367054e-10,1.25453366221867e-10,-2.805703313871167e-10,1.3948506137855216e-10,-1.031669917222176e-12,-1.8007909852735627e-11,-1.0982085447379617e-10,3.856577971386465e-11,2.3856068214625667e-10,-3.5505463173770823e-12,9.190203135904024e-13,2.750683045952922e-10,7.78139506713342e-11,3.612677340699667e-10,-1.1583249314832991e-10,9.347725339902138e-11,-1.273675609847734e-10,1.185921168411804e-10,1.2482195966111567e-11,-1.1447010286441364e-11
L4treat_p4,1.9082856904620468e-10,1.434483435877119e-10,-5.626174788800334e-10,-2.841077196863232e-09,1.36081045025659e-09,-5.411038593329183e-12,6.11968293423132e-10,-1.1255581556801027e-09,8.630264737615907e-10,7.775554770074809e-11,2.013745517759603e-10,1.6542699233567482e-10,-2.9660999248590243e-09,2.328082050774409e-09,-5.136964142108495e-10,3.906802743165514e-10,-1.387416642508293e-10,1.873626736684919e-09,1.0235025104219721e-10,-3.5563790823866506e-10,6.146590913410778e-10,-3.2149307431321576e-09,1.1563072049614045e-09,-3.1410470591443104e-09,2.5303897939460253e-10,8.751506120827514e-11,3.707867315077101e-10,-1.5145530959452295e-10,-5.200208379204355e-10,1.4334996283779963e-09,-2.3159041572370502e-09,8.62218277449959e-10,-1.6054850229614656e-09,-8.945710323181091e-10,-6.712253297578255e-10,1.2117043529051956e-09,-4.1986689277807463e-10,-3.578046908075138e-10,4.910814202048748e-10,-1.9779281553920482e-09,3.240916820109358e-10,-1.1780311858458901e-09,-4.688999240370219e-10,-1.2535765248972882e-11,1.688240182269333e-09,-6.52000601555558e-10,-8.317751964843002e-11,3.0175026189931043e-10,-3.588388930210286e-10,-1.9236995120279406e-10,1.2400274552207746e-10,-9.001651653132376e-10,9.117421906539172e-11,1.9727957334517704e-10,6.355278258185736e-11,3.0883771228799085e-10,1.421958580937448e-10,-5.958674143489587e-11,-6.252994883757097e-10,3.221531488302644e-10,-6.458214294638551e-10,-6.181484224988931e-10,4.5407800415986647e-10,6.115267561722243e-10,-4.4912609038090604e-11,-2.201310940058791e-10,7.01635424994769e-10,-4.265817054125302e-10,5.007784060771667e-10,6.157114861329224e-10,-8.953957345041179e-11,-3.205351837994759e-10,-3.718021096108752e-10,-4.80798555219729e-10,1.3209224536461556e-10,-9.790856901785347e-11,5.314262303595756e-10,-4.182088072231084e-10,1.4073997422979723e-10,8.361900141651755e-10,-5.060644606587786e-10,5.293502415267631e-10,-1.9460259547499103e-10,-2.3928650356770317e-10,-1.5993467938159463e-10,-3.7718040768156055e-10,-3.0517325051996536e-10,-6.485268166555847e-10,8.824433278592801e-10,5.540177371474146e-10,-4.698416541915113e-10,8.689987702500313e-11,4.5445094018015943e-13,-2.633092350888266e-10,4.6261239413315353e-10,4.236837285051106e-10,-2.8807360406730986e-10,-1.4658430361159008e-10,-3.795495937270273e-10,-2.9584674892078135e-10,-3.972788066714741e-11,3.851008447258027e-12,-3.303746006992771e-10,-7.945875972673981e-10,3.550417073845225e-10,-1.3005856247645148e-10,-8.790582762935749e-12,2.754679471584988e-10,3.495492068746532e-13,-2.674255800471909e-10,-1.5112174854105519e-10,-7.352951700578237e-10,6.276022383785543e-10,2.0394717583700866e-10,-9.012857323061536e-10,-7.123492483132998e-10,-2.2501519052777082e-10,1.573247256975723e-10,6.811143151729155e-10,-1.7311897254771073e-10,-3.437216289101371e-10,3.650755712576573e-11,-1.1269796529840206e-10,4.648244027006811e-10,4.918851620122364e-10,1.27909511085317e-10,-8.171815040898478e-10,8.684139179229054e-10,1.3721889055575862e-10,2.095789151564029e-10,-9.409265916829073e-10,4.3224353636953725e-09,-5.708221673822982e-10,6.991626466983474e-10,-5.927621098244897e-10,-2.1802311375414468e-11,-1.0210286425611587e-09,2.400366233383604e-10,-3.583633063397782e-10,-4.3632507953491034e-10,3.8034719478804696e-11,-1.0455756258242551e-10,4.726118144948407e-10,-3.288358616796566e-10,2.018668787349865e-10,-1.1141190834622673e-10,7.762389658401205e-11,4.5030695263688313e-10,1.275810251816611e-10,-2.255757038761933e-10,-1.0889697303112452e-09,-5.847407942667722e-10,1.434255290953596e-10,-1.5297386607429836e-10,5.899691403356613e-10,8.877546276452287e-10,-1.1462122068205062e-10,1.350860607597703e-10,4.6051309081662223e-10,-1.32567997404119e-10,2.8767363338232497e-10,6.2954192738460885e-12,-3.3971907538751127e-10,6.427162739714642e-10,-6.261484835146533e-11,6.505125034333099e-11,1.0225064696101043e-10,-2.581427307251339e-10,-5.170249001304988e-10,4.958564470046908e-10,-1.3328346361763707e-10,-2.856022115269503e-10,1.843712312587141e-10,-1.8991424309183436e-10,-1.7777563691122094e-10,2.0940983430979602e-10
L8treat_m4,3.090993939947799e-10,2.3678994457902983e-11,-1.5743683285792033e-10,3.472455108976949e-10,-2.7848780636656796e-10,-2.547981772226239e-10,6.385853847339282e-11,-1.0475754503943885e-10,2.968962183441464e-10,3.2479603741327004e-10,1.0853072975059267e-10,-6.790158064611623e-11,1.0257919495757116e-09,2.022817458752894e-10,-8.151749559732611e-10,-4.175869657128756e-10,4.765680949329674e-11,1.0235025104219505e-10,4.25915492287995e-10,2.130881325044858e-11,-1.4017068392342123e-11,1.1403377842536467e-10,-8.42479730236274e-11,-2.8694338747948043e-10,-1.9102961595429212e-10,1.7308213787531958e-10,2.549350013063722e-10,3.613751092718495e-10,2.0358333340446212e-10,2.0261690240019787e-10,5.944700073645802e-10,7.850729568912514e-12,-6.441764738291732e-10,2.794680805284939e-10,-2.248379802318957e-10,-9.04826804667042e-11,4.1126306209308693e-10,2.373803926700932e-10,1.0551365041882432e-10,3.802409151887916e-10,-7.831074685046088e-11,8.740391880993091e-11,1.2051947298128547e-10,-2.767786104810626e-11,3.12722021735769e-11,3.794763505284905e-10,2.5772179924277966e-10,-6.593018021896806e-11,-3.1227929019821504e-10,-9.182097925011198e-11,-6.091870599712628e-11,-6.151451380791261e-11,1.1329815312186106e-10,8.728783794432154e-11,-1.6058306245551919e-10,7.002526290892207e-11,5.4242820330533795e-12,-3.0183192356170905e-11,-7.627344320841758e-11,1.0401345529191996e-10,-1.4096238608486934e-10,-3.6189101102226636e-11,-1.747354199571629e-11,-2.009872115491765e-11,-1.0833270473285338e-10,-5.609323663564914e-11,1.3148135549210488e-10,8.839399228916444e-13,7.678382406050793e-11,-3.5140876288959208e-12,-1.3038293146064311e-11,3.053290775295767e-10,3.721184067946211e-11,-2.596172205218508e-10,-2.5686166910871343e-10,-1.1217469642687102e-10,-6.160166575056453e-11,-1.0336650279402265e-10,-2.4241098691181837e-11,6.348798437234404e-11,-1.1818988026687635e-10,6.321866995822471e-11,-6.269289241149576e-11,4.76395977124383e-12,8.041055327848699e-11,-5.910045842361256e-11,-2.0847494995424676e-10,-5.516664393189993e-11,-1.1737040314812846e-10,-9.804482480734252e-11,7.748300485663354e-11,2.9452424477159617e-10,3.361502979427166e-11,-2.2351046714835987e-11,-2.920300266361077e-11,9.07392085734109e-11,-1.0093201069918726e-10,-6.757132894251674e-12,1.8558093682147058e-10,-2.8785872934439656e-10,6.475858692404579e-11,-1.6559697721250237e-10,4.154574300109357e-11,-1.1796033793486514e-10,-6.319358712468264e-11,-9.170726677452638e-12,-5.6788017737535306e-11,6.794057106091442e-11,1.4381611287331093e-10,-3.7592853744982346e-12,3.256840855897315e-10,3.2736600196807086e-10,1.927192282976826e-10,6.212052390078842e-10,8.53657308585253e-11,-7.512978997583711e-11,3.293427822117727e-11,-2.6386714245233907e-10,1.174179859163591e-10,2.3373740543913843e-10,1.3195190851910211e-10,-6.442626555586225e-13,7.019051153766866e-11,3.4448344510799967e-10,-2.7459860432158047e-11,3.14043185987824e-10,-1.1227466507913278e-10,9.887935362247081e-11,-2.4271761777929376e-10,-1.6353055811272918e-10,1.430235269808983e-10,-3.724356284043815e-10,-2.891949257033707e-10,2.5843033698781443e-10,-1.0070658381353331e-10,1.6387599122875109e-10,-4.8867802734152197e-11,1.9884574868035742e-11,1.2199077255618626e-10,-3.103583865082953e-10,-1.206100808334572e-10,-9.942742005774484e-11,7.377994473518459e-11,-8.426440799822672e-11,-8.155795554247395e-11,3.660970636170147e-12,-8.5931632452394e-11,7.633673198455782e-11,-4.6854246351306634e-12,-8.392543497687173e-11,1.4797327689540253e-10,2.0958980361576676e-10,-1.1881420044206235e-10,9.031679548661315e-11,-4.254378034943481e-11,-2.760971955691936e-11,-1.1940520948718268e-10,3.598094490357911e-11,-7.339878835879387e-13,-1.0292880977292457e-10,8.681737637117064e-11,1.890200759823628e-11,5.673031958704054e-11,-1.2853660205443357e-10,-1.693808110527553e-10,1.1701306199295096e-10,8.011668795614859e-11,4.064443796618123e-11,-2.6507293700920092e-11,8.526818695914569e-11,-7.494410359427517e-11,-1.1691533887537449e-11,7.223424251537101e-11,-3.117027427943271e-11,-5.980791469405734e-11,9.032049390646896e-12
L8treat_m3,-6.0497331059592e-11,1.3038390267025417e-10,-3.741663062192742e-11,8.818279822407195e-10,-2.370365085571727e-10,-6.204487578909164e-10,-4.020782642404302e-11,6.144255644444476e-10,-1.4393661081615579e-10,-1.4319174149795336e-11,6.868358992685665e-11,-1.1382313306634632e-10,5.404106157538324e-10,-6.022751107190512e-11,-1.4734993085623322e-10,-6.333826108882362e-11,1.2668531338244053e-10,-3.5563790823866475e-10,2.1308813250450213e-11,3.816827687671686e-10,-9.571206957099192e-11,6.1811521046964e-10,3.078061810608306e-10,4.95040628105449e-10,1.469404748461592e-10,1.1519879375082795e-10,-1.1307413323922601e-10,1.4640771389124568e-10,2.926819009919568e-10,-2.5383045848075637e-10,3.148038499195913e-10,3.0085690780952603e-10,4.063104783179923e-10,1.0055538762356547e-10,6.073678570052778e-10,4.36108404174048e-11,1.3634988981646064e-10,3.872085452300821e-10,-6.185072750334999e-11,8.439902009308418e-10,7.409687528217939e-10,1.3980232738007724e-10,2.372495065747384e-10,1.7012560394849845e-10,-2.72006837607648e-10,1.8490360375711836e-10,-5.855653189465173e-11,-2.9100629825167646e-10,2.605759084390042e-10,1.3868976629192253e-10,6.604541295325148e-11,3.563837824526313e-10,-1.1494563781428666e-10,-5.863733653855386e-11,-1.0935978355970925e-10,-1.5384766155961742e-10,5.369628160547057e-11,-2.228924971167851e-11,-8.798540215107382e-11,2.6498774179042425e-11,2.517451906236037e-10,2.7413990498524236e-10,-8.456346625271342e-11,-6.703414292791286e-11,1.6671299398092513e-10,-2.8831666038100182e-11,-2.540464334761473e-10,4.8735605590335656e-11,-2.1887992393657536e-10,-1.3486517943504084e-10,4.795913997643125e-11,1.2978064151252878e-10,1.8680753191656112e-10,1.1717610092194129e-10,-5.044374138089148e-11,-1.1697893247773126e-11,-1.3182403273840037e-10,2.958933720107003e-10,-1.1207694991911893e-10,-1.8507651083777425e-10,8.628223922208289e-11,-1.5310986202707867e-10,2.1023689421028236e-10,8.688283159246424e-12,2.0258571730027269e-10,3.07073460046485e-10,3.394638063781621e-11,3.7601558961483406e-10,-2.290406250988297e-11,-1.2022326634055084e-11,1.832041070017166e-10,-1.0244802083993611e-10,-1.5571313095410288e-11,8.593499702453419e-11,-1.4332799779813381e-10,-1.0729779982826941e-11,1.1951194986958258e-10,-4.084695098158419e-12,2.0526211529469678e-10,-4.667970029437992e-11,-2.5055300937750817e-10,5.850674074454763e-11,6.984892094624073e-11,3.0546286672603983e-10,-1.6072347147131855e-10,8.587103976250166e-12,-8.819471544604091e-11,-1.330143486601599e-10,5.962449563549098e-11,4.7812036642142164e-11,1.5170332536630458e-10,2.8364939404366976e-10,-1.591976158752177e-10,3.2242808122378106e-10,3.179464789517633e-10,4.239492689810016e-10,9.178059110314725e-11,-1.5322778594541993e-10,-3.56644750235351e-12,-3.770799115160473e-14,2.952866433607257e-10,9.563969884603656e-11,-1.695545162830754e-11,2.602820115298914e-10,-9.402890416577789e-12,2.570389118727612e-11,4.3477091619545324e-10,4.534309399012199e-11,-1.7643584296011053e-10,-2.447748402628222e-10,1.6361705679489584e-10,-1.0101683322811807e-09,-4.699546347614307e-11,5.628713491835481e-11,4.368307844370585e-11,-1.6498081527819565e-10,1.1348670327249895e-10,-1.387765405301848e-10,1.1891156116822237e-10,9.245232707279854e-11,1.3869416882212658e-10,7.967955590046928e-11,-1.2126321043657224e-10,8.437031687995885e-11,-2.6690686651097123e-10,9.675253262813474e-11,-4.6957743044514816e-11,-5.034479795518507e-11,6.399548722874263e-11,4.8727914176084025e-11,1.7209964115472467e-10,3.5611574283439703e-10,-9.806160079005606e-11,8.711945788442554e-11,-1.906573583986493e-10,-1.5062438947364898e-11,3.0309022236971527e-10,-1.6322573868026542e-10,-8.186262943118889e-11,-1.1713526483447388e-11,-2.5786658197509242e-11,4.361364643540365e-11,9.646721813893828e-11,-6.392053404730496e-11,-1.0828355020893334e-10,1.951431680042881e-11,-1.044602856248392e-10,-6.177822771783553e-11,5.928540149008163e-11,-2.852964235478538e-10,1.0636371328411586e-10,7.990649774958017e-11,1.0884118158427991e-11,4.6876808070101014e-11,-2.9555540614978067e-11,-3.581387391659365e-11
L8treat_m2,2.5475120181689843e-11,8.552316402336004e-11,1.2106633185671345e-09,-4.333452734018408e-09,1.3855389259797475e-09,-8.078956711271256e-10,5.943875086077381e-10,-5.265524474185806e-10,1.2062894738196648e-09,-5.218073795596888e-10,4.843997459856506e-10,2.2005018040908847e-09,-5.245996003362296e-09,1.248495004247546e-09,-8.65451715587714e-10,1.0986361908711275e-09,-5.482529201377618e-11,6.146590913410787e-10,-1.4017068392342834e-11,-9.571206957099503e-11,2.2961749083158715e-09,-5.8846412723525824e-09,4.114567478474444e-10,-2.9765810160705795e-09,8.799923411239626e-10,-4.3125795487118e-10,-3.2771986859175357e-10,-8.206562129656335e-10,-6.834107339320107e-10,2.9962516216945213e-09,-5.736140775532443e-09,1.6254465557278156e-09,-2.0975849146068433e-09,-1.2972995273319205e-09,-7.789102064198397e-10,1.0307636168462724e-09,-7.683861776980176e-10,-1.234341532277382e-10,1.8325221033346569e-09,-4.259516489869549e-09,4.917801965498311e-10,-2.447415064567557e-09,-3.950601455336757e-10,-3.727716568270686e-11,1.950936793662661e-10,-5.926890661799124e-10,-5.644484105671054e-10,-6.662131143652073e-11,-2.3264227544135653e-11,-3.434805707048167e-10,-1.8563221194566803e-10,-7.483359837473629e-10,-1.2456686555558993e-10,2.970979117083576e-10,5.695118325142897e-10,4.2639680202491494e-10,3.78213405335096e-11,2.446855626223321e-10,-6.406248974117441e-10,3.392080486228165e-10,-8.169264383636734e-10,-3.0638739306297285e-10,2.946196112096622e-10,8.961970571913367e-10,-3.6082679375810983e-10,-1.182914965739391e-11,6.494044007317112e-10,-3.5532576096659615e-10,5.357250297368906e-10,4.5004124056558404e-10,3.9821263747462187e-10,-4.5741154582532807e-10,-1.02512912003899e-09,-8.66189934820898e-10,4.693185522660077e-10,-2.343879917414428e-10,5.861838685513213e-10,-4.1387167362154213e-10,2.741060861721233e-10,7.057543918543248e-10,-8.378047628585493e-11,6.385629677348548e-10,-1.2356805319491718e-10,5.2076908274426094e-11,-8.789674296340953e-10,-3.215226194840407e-10,2.2549015079500596e-11,-5.294202666005374e-10,6.872096990551904e-10,2.359308048754907e-10,-3.764920965051514e-10,1.2662165367341786e-11,1.255103325200192e-10,-5.4920999018641424e-11,7.091338266668134e-10,2.3845271254638237e-10,-1.687510010181424e-10,-4.123683763888039e-10,-6.418811333855112e-10,-4.136076159647829e-10,1.713366575729772e-10,-4.97277299051109e-10,-3.5096221214329147e-10,-6.342435812985761e-10,5.351383886878114e-10,1.7736226327085503e-10,-1.881244206125268e-10,2.955760715865025e-10,-2.2012257108351686e-10,2.3025265453375752e-10,-7.211933790768056e-10,-5.752056009429526e-10,8.334088580825592e-10,-1.839977488006429e-09,-3.157159136636373e-10,-1.14947313816182e-09,6.898279979163272e-10,2.425205946559639e-10,6.203308280345037e-10,-3.8750795495746175e-10,-2.2961123296350037e-10,1.0562393546656319e-09,-2.1740218754583508e-09,-7.853913252692221e-10,-3.380187946015629e-10,2.687453946535295e-10,-9.335936921795191e-10,2.828104010616257e-10,4.6105850436804106e-10,1.9343559273399243e-10,-2.0106312189688674e-09,6.0044489483807025e-09,-3.159988666568523e-10,9.37637868563354e-10,-8.045184337373408e-10,-1.0283597125010982e-10,-5.119940655995781e-10,5.890605227350885e-10,-7.795503904450277e-10,-8.562195154052936e-10,-4.826721211291621e-10,-2.1929210226434525e-10,2.3493871351251433e-10,-1.7197526281345877e-10,3.974191844997979e-10,-2.55875931368838e-11,8.643298104432145e-11,5.208458543977668e-10,1.547891766764539e-10,-4.2643628341413565e-11,-7.902659446378156e-10,-9.671478809576446e-10,-1.182481970845021e-10,3.3397210474884693e-10,2.4945103793704126e-10,6.78904344160157e-10,-2.7740677404839365e-11,5.85202286067776e-10,-5.912309537029162e-11,-1.3207806074098882e-10,5.328640098168557e-10,-1.2965186867320139e-10,6.704436178493142e-11,5.960570876950237e-10,1.850797735791195e-10,2.5970579826551447e-10,-2.145406685285769e-11,1.3804785968866233e-10,-4.012914527407919e-10,4.5722375341464914e-10,-2.5224277437956186e-10,-2.5537585482734553e-10,-3.230736812492604e-11,-2.9067716873127625e-10,-6.722542244300415e-11,-1.0400149708467184e-10
L8treat_m1,4.322790454079492e-10,-1.8204707281619943e-10,-2.01512260437849e-09,3.29596926171592e-08,-8.289606723944401e-09,1.7779606937402863e-09,-2.937838323720994e-09,2.3444591863449125e-09,-7.572189424720925e-09,3.5017071836891417e-09,-2.166145789074616e-09,-8.196088116226257e-09,3.4470446383102044e-08,-8.505711452148845e-09,2.6980483100422486e-09,-4.9506072122374254e-09,-1.7004188828118741e-09,-3.214930743132168e-09,1.1403377842536798e-10,6.181152104696466e-10,-5.884641272352491e-09,4.0201226796021556e-08,-2.691804475869609e-09,1.5814266459794105e-08,-6.337217470232517e-09,-2.0765751875227377e-09,2.942870091076799e-10,4.919108685161882e-09,3.572205912098922e-09,-1.1529989858554373e-08,3.6308702990238136e-08,-3.965493466877692e-09,1.1763129259048823e-08,7.545276446780426e-09,5.975109034945884e-09,-6.977361204857932e-09,4.413648674857821e-09,3.335692847039367e-10,-4.7107521835169e-09,3.2029701619587737e-08,3.6352526067303335e-10,1.1914271277755658e-08,2.3111805914063417e-09,-7.242079270391968e-10,-3.605791959792787e-09,4.273611510479573e-09,2.310739362864558e-09,6.167081035977058e-10,1.47887029678454e-09,2.3578829705052944e-09,-5.957771994267276e-10,6.640980755177382e-09,5.480140168387065e-10,-2.767157507082593e-09,-3.4565756359411485e-09,-2.557491684981901e-09,-1.3590304056762554e-09,-1.2642014891085903e-09,5.9539394169769875e-09,-1.848230860822297e-09,4.5862826947920655e-09,1.5665649084389261e-09,-9.283261256058559e-10,-3.883468220145526e-09,3.317716362858773e-09,5.341386683129697e-10,-3.372061008889197e-09,1.8239494047444097e-09,-3.6853426633060253e-09,-3.377608657665768e-09,-1.7514193928259702e-09,3.5265542241723956e-09,7.656293254958414e-09,4.694120996697993e-09,-1.5626487269868082e-09,2.063434835717581e-09,-4.823207778939503e-09,4.390431149776953e-09,-1.3613110816700588e-09,-5.959141727718559e-09,1.212511750720994e-09,-3.923956705590019e-09,6.5965095491686e-10,-2.5286938818076715e-10,5.280506587738162e-09,3.8770097133012325e-09,-3.833930470193879e-11,2.028737401032148e-09,-4.087738724307083e-09,-2.1222328290856606e-09,4.3539231599438566e-09,1.4044960026743562e-09,-1.9167037906994047e-09,8.621268287213235e-10,-3.5143967280672572e-09,-1.5182404636256903e-09,7.749966140593385e-10,4.853808547992115e-09,4.971616656407358e-09,2.271464372278418e-09,-8.425859781132187e-10,1.7658433493965924e-09,4.727959052166353e-10,4.26911177526658e-09,-2.4335450759140625e-09,-1.768965968321741e-09,1.120940176325228e-09,-1.1257124564647072e-09,1.055878266976764e-09,-1.131360266163102e-09,3.896359146615813e-09,3.6104231805511183e-09,-2.860260945576332e-09,1.45352694172123e-08,3.367007342062404e-09,7.179856572654018e-09,-2.445627730103896e-09,-5.965374370918256e-09,-3.1882324645030117e-09,2.3356416668663712e-09,1.619706114931951e-09,3.21346116047254e-10,1.7992608031805417e-08,6.565107141424563e-09,1.583350904653627e-10,-4.0310299153883076e-09,5.028411059606228e-09,-2.595562644404587e-09,-2.5764091889418674e-09,-1.2834479459862168e-09,6.073191876255142e-09,-4.291213978393293e-08,-5.355978158975023e-10,-3.442683584796153e-09,4.462384557363317e-09,2.554663035316321e-09,4.220841760468585e-09,-3.866261447213151e-10,3.808949389180188e-09,1.75620339628477e-09,3.2151064883233065e-09,2.02811390097037e-09,-5.696973086256537e-10,3.322511490346045e-09,-2.812431083344572e-09,-2.1672581934081982e-10,-3.952659862511944e-10,-2.2685536533107337e-09,-3.433905356044216e-10,6.868279864976683e-10,6.364830382167538e-09,7.081701019705955e-09,4.514996952146963e-10,-5.575245483538602e-10,-1.3966645984325747e-09,-3.932533756675011e-09,2.07037096117192e-09,-3.348963971865531e-09,-1.0305114162818175e-09,1.0118894181432928e-09,-2.594779553516611e-09,2.6102741829944494e-10,2.592338476917394e-11,-4.462465041825555e-09,-2.0015902028684754e-09,-1.4900389049786483e-09,-2.98405222066373e-10,-1.163474592714051e-09,2.3477130099465363e-09,-4.5428238452592424e-09,8.558580808537619e-10,2.6011117783593687e-09,-9.395535550677867e-12,1.4354575001987092e-09,6.686033710303242e-10,5.321100772901326e-10
L8treat_p0,-4.2637095006706355e-10,7.846490747604328e-10,-7.635300741836499e-10,-6.728428453841141e-10,3.3879640949819386e-09,-2.691280290984024e-09,3.8266898422816347e-10,-1.0382924948230123e-09,1.8334986568287204e-10,-3.4636118148845197e-10,2.719116909104367e-10,-4.1555361435962293e-10,-3.718800094805229e-09,4.418989487289329e-09,-1.3884149516870422e-09,1.4671517564945122e-09,-5.543163128070225e-10,1.156307204961394e-09,-8.424797302363241e-11,3.07806181060826e-10,4.114567478474006e-10,-2.691804475869699e-09,7.767952379444898e-09,-2.802122408146671e-09,1.4041720140177601e-09,-2.0509117229261865e-10,-6.225661274024871e-10,1.1818472019198424e-12,-2.1520641178683155e-10,1.3843759540982486e-09,-2.177804092928516e-09,5.290917554774399e-09,-2.2551137410502247e-09,-2.7008963173698806e-09,1.255660391629448e-09,1.105428205716279e-09,-1.7109699534279775e-10,8.424963992625526e-10,7.350718080930964e-10,4.241381050450636e-11,7.190649117072254e-09,-2.2306391682060643e-09,3.517331448184279e-10,6.795905480516755e-10,3.6927525139074365e-10,-4.5481491106513303e-10,-7.605907216210386e-10,1.3506535860568656e-10,6.290260602678179e-10,3.988316335767973e-10,6.392531487950985e-10,7.080501725009088e-10,-4.965991882095108e-11,2.091523423541135e-10,-1.2833638569530214e-10,-3.6578005343290777e-10,6.622447983613955e-10,-8.175629042823466e-11,-1.123389319379326e-09,3.8478717699685174e-10,-1.403461872206958e-10,2.3924219235385666e-10,7.473335994461782e-10,6.164778656574208e-10,1.3351414475342501e-09,-3.769219022832842e-10,3.5595698246648376e-10,-5.148041497485981e-10,-7.924392291940925e-11,5.248954368325787e-10,5.0651434753065005e-11,-6.821056506790635e-10,-2.2248125506315188e-10,2.1476572021005195e-10,4.988585845201627e-10,2.613364102606099e-10,4.299326690862912e-10,1.3561748010361491e-09,-8.655738890776474e-11,9.51973344628725e-10,-5.25761682401184e-10,7.07554072500393e-10,4.855012538594523e-10,-4.967460125930175e-10,1.159128748677009e-10,3.905986986621106e-10,-2.0351255362653495e-10,7.235904756434071e-10,2.027407145164275e-09,4.001908097754975e-10,3.343032401460551e-10,-5.215285025454278e-10,-1.9546774929037754e-11,-1.4720005821196928e-10,3.753430929482585e-10,8.65037844874785e-10,1.1002768691198966e-10,-3.607434879622511e-10,-3.637474017007979e-10,-9.85456933718214e-10,-1.3161247162503958e-09,7.146043733561882e-10,-2.4365966632147006e-10,5.557549832396986e-10,1.6660948212020824e-10,-2.099444851608821e-10,-3.217134210702626e-10,4.4303621182250003e-10,4.076112576087186e-10,-2.2848105907632397e-10,2.6120477014558176e-10,-1.9817723665377648e-10,6.309871179734667e-10,6.244679125625667e-10,6.997277234431708e-10,-1.0901841756634552e-09,3.6175651703463804e-11,-1.2113060703581705e-09,6.138563962551135e-10,-5.148381580706261e-10,2.290487617154839e-10,-3.3183834162375116e-10,-3.3543532479153833e-12,2.964057686829028e-09,1.310041021697708e-10,-3.246657056057283e-10,-3.736782677711191e-10,8.54282807140222e-10,-2.9810959499277553e-10,-2.867337548897094e-10,-6.192410774710791e-10,3.025320663723523e-09,-3.0787555530032228e-09,2.50251449812435e-09,-9.876511133103979e-10,-4.5353621881773865e-10,-7.196462781050243e-10,-7.192192505192683e-10,2.077493784818123e-10,-7.365311634022338e-10,1.3959815980162987e-09,4.579136968960663e-10,4.628777761565946e-11,8.794841501527128e-11,-6.324527732623604e-10,5.785301706504559e-10,-7.298011983343212e-11,7.493278536559638e-10,6.102988430710493e-10,-1.3480857071295112e-12,-7.538045361568179e-10,2.665528757176008e-10,7.974216521496523e-11,9.172082297420567e-10,4.088646803266116e-10,1.6657610457300107e-09,2.152955460837402e-09,-2.9192195468220877e-10,6.940529848643657e-10,-4.493073639225551e-10,5.872071368363489e-10,-1.8501738119362487e-10,-2.7791407903937127e-10,1.131277717691283e-09,-3.8251369150374017e-10,5.37056124100283e-11,-6.130808823955311e-10,-1.1247791375350725e-09,-6.589508644980469e-10,-8.768672776873952e-10,2.655294376030991e-10,-3.380010175562806e-10,3.2260493994891683e-10,-3.469931609383329e-10,-4.561914057420008e-10,2.1388549663463203e-10
L8treat_p1,-4.642164283669603e-11,-1.7403071879948703e-10,-3.212872891684056e-10,1.3945462013649433e-08,-2.0138950058234784e-09,2.440156939012052e-09,-1.78944161770065e-09,1.1969243356595275e-09,-3.612594126615964e-09,9.732239190397463e-10,-1.3926786065236304e-09,-2.960853760263944e-09,1.4736023244589625e-08,-5.589673708826066e-09,3.761670627122589e-09,-2.7527955067656935e-09,-6.289455040314103e-10,-3.1410470591443108e-09,-2.8694338747948193e-10,4.950406281054521e-10,-2.976581016070571e-09,1.5814266459794055e-08,-2.802122408146679e-09,1.229399908522226e-08,-3.759574968920599e-09,6.338933566563686e-11,-6.15250968170501e-10,1.7131866708844083e-09,1.6525700167879968e-09,-6.2285521153717846e-09,1.4406504751529917e-08,-2.482689917575746e-09,6.381031329310852e-09,3.2472537743594126e-09,2.2165047380187093e-09,-3.3647702436424e-09,1.9454165416372836e-09,8.919975992927682e-11,-3.0213167740989942e-09,1.1851776396509156e-08,-8.139586676959001e-10,5.883015228234509e-09,-1.5658651303330304e-10,-1.7524243225194801e-09,-3.3261458894102593e-09,1.952314962839311e-09,1.0259679976425766e-10,-5.606851190973131e-10,7.684078059327775e-10,3.645590086393991e-10,-5.687119811336553e-10,2.696579647006758e-09,-4.967712509505315e-11,-1.4883568763368197e-09,-1.3806310456336785e-09,-9.92284736633612e-10,-3.3849224327872804e-10,-4.566271602340344e-10,2.8282058724050145e-09,-1.0130803138497905e-09,1.864236137202932e-09,8.160841729922645e-10,-1.2501526811356582e-09,-1.996537741886054e-09,4.1589083604815524e-10,1.1605157246223174e-10,-1.8283962278533186e-09,1.0274652168726571e-09,-1.5814084221518196e-09,-1.894305628750422e-09,-5.000807972859272e-10,1.8472109787581718e-09,2.913472622338768e-09,1.4471757642680298e-09,-9.921097826944367e-10,9.57206427255128e-10,-2.357652656367006e-09,1.3922162891988871e-09,-7.257981054997123e-10,-3.0157802102972184e-09,7.980039636035583e-10,-2.073723482517943e-09,2.769397324485109e-10,3.4006853327545455e-10,2.5923045327693874e-09,1.070249027009482e-09,4.306197564893498e-10,1.3471850031198077e-09,-2.555609340353634e-09,-1.241112970068413e-09,1.1561433944082187e-09,1.2147055227193783e-10,-1.9465066304308191e-10,-1.1604588131325832e-10,-1.3598880606002893e-09,-1.2084502365989823e-09,4.764396787105489e-10,2.4638168790753523e-09,1.3618333843507113e-09,1.107247121140973e-09,-5.0312657027340304e-11,2.4776012034862576e-10,2.751341315031684e-10,1.5120727471926882e-09,-1.2534691519533063e-09,-2.8475831753145924e-10,2.121099065968295e-10,-5.939841294517973e-10,1.0279852845819555e-11,-1.8668665353686395e-10,8.781234777160987e-10,1.2373129935488623e-09,-1.1851529287974376e-09,3.53183264176879e-09,2.4242663754216868e-09,3.779784826994327e-09,-8.124596458463101e-10,-1.7660027957207593e-09,-2.1923710923789798e-09,6.617173249639758e-10,8.254604637253845e-10,4.634953411389751e-10,7.620103082924365e-09,4.2159667812527147e-10,-5.777876915758811e-10,-1.6823580118428922e-09,1.970074087597557e-09,-2.3207088725814335e-09,-8.432016009520316e-10,-2.8802406822402284e-10,3.1948259339148797e-09,-1.8317673255475315e-08,7.141518728668873e-10,-3.56713356387333e-09,2.757981407350047e-09,9.785188071358724e-10,2.530269653830869e-09,-6.318963607117575e-10,1.6369020751183903e-09,1.2540262215365008e-09,5.365528914724395e-10,3.541738016922965e-10,-7.006017106779591e-10,1.2203835441954552e-09,-1.044787240475391e-09,-2.847160722758701e-10,-4.6086421003806844e-10,-1.7302482785256524e-09,-3.507343909864418e-10,3.2537982857898884e-10,3.8680936723082145e-09,2.267690421171167e-09,-4.576275773844966e-10,-4.837606819667163e-10,-1.0303264857012172e-09,-2.5938293676153605e-09,6.472734823657894e-11,-9.8367430091623e-10,-1.041808539930424e-09,2.669754707600903e-10,-1.2505146790268719e-09,9.630464905744322e-11,2.5899169930676053e-10,-2.596041692757722e-09,4.214883249665828e-11,-1.6899973841633252e-10,-9.035247506397386e-11,3.807062918566985e-10,1.6301991954248547e-09,-1.5468689574229053e-09,4.813894416640079e-10,1.1342931439880048e-09,-7.865135509698882e-11,6.431369077447904e-10,6.047905650273194e-10,-5.7687682515568864e-11
L8treat_p2,-3.812341500931917e-10,-1.8543824476222363e-11,5.028116376947457e-10,-5.132352709722589e-09,7.702237324875743e-10,-8.308588655731775e-10,1.8148427808717339e-09,7.201029743460791e-10,1.3221890296904295e-09,-8.286484575054794e-10,6.944546798307087e-10,1.572667139303166e-09,-6.652374639291326e-09,1.4734441095736272e-09,-1.182481946769152e-09,1.7574652852402585e-09,-1.8695511918504178e-10,2.5303897939460873e-10,-1.9102961595428992e-10,1.4694047484615646e-10,8.799923411239685e-10,-6.3372174702325315e-09,1.4041720140177628e-09,-3.75957496892063e-09,3.940965260734958e-09,3.671234600084299e-10,-1.1803582864907897e-11,-1.2634194676786108e-09,-6.379148025188074e-10,1.8575720046012052e-09,-6.927715206965879e-09,-1.4333766871905411e-10,-1.2856611387511725e-09,-1.226801102905081e-09,-7.826561488677315e-10,1.7587688436414568e-09,-1.302806884319692e-09,2.057458359497701e-10,8.294433273883442e-10,-4.918707319859013e-09,-1.801480919242562e-11,-2.003511290482765e-09,1.67095245447383e-09,1.6086267482991759e-09,8.821341332620581e-10,-8.410100598949871e-10,-3.1851083297116844e-10,-3.51829236086224e-10,-8.854008752969095e-11,-5.622633956662393e-11,5.923419587214369e-10,-7.020471289223678e-10,-2.688958356119787e-10,7.420885588498552e-10,1.1395828591511663e-09,2.0742636036991808e-10,1.791101657627117e-10,3.333470089641466e-10,-1.2626289886914692e-09,1.6143446432554628e-10,-6.650497713753107e-10,-1.2783425624489766e-10,1.9636698330623502e-10,6.423720695990949e-10,4.499086053149988e-11,1.2143634227606907e-10,2.1859569609672365e-10,2.6418764119930783e-11,3.763880098920603e-10,5.530570799741761e-10,1.5127900972100072e-10,-9.235227755594492e-10,-1.4933827849769433e-09,-1.844569661213965e-10,5.773114562979496e-10,-3.0483719132003033e-10,1.196214669313088e-09,1.3381225127698522e-10,1.2822294360678805e-10,1.1934365952558e-09,4.656542243339508e-10,8.704605696433517e-10,1.0157298543596874e-10,-6.080880283920336e-11,-8.591555392567055e-10,-1.9336544358198845e-10,-1.5067200321746545e-10,-1.802485310317594e-10,1.0589504284368574e-09,5.009671241017696e-10,-2.744140768913569e-10,-5.5339812893402e-10,2.8634872322590635e-10,5.490788853503355e-10,5.303850009376391e-10,2.9269278706469047e-10,1.1185025468650337e-10,-1.569816101550601e-09,-7.398689833990468e-10,-5.02019335630901e-10,-3.1743530727936464e-10,1.3211428215166263e-10,1.8604994945396286e-10,1.9114226666106667e-10,1.7679161332558585e-10,4.905562060111585e-10,5.077534024517067e-11,9.379656740619639e-11,-1.3980360701412312e-10,3.186579442878877e-10,-5.146360832821163e-10,-5.584802675462862e-10,-1.4573877672341452e-10,-1.8313608315033596e-09,-7.024743923679419e-10,-7.456152163896226e-10,3.478369721760231e-10,1.2791036925214365e-09,6.46360157947481e-10,-3.890662644953873e-10,-1.0840919924051565e-10,-5.298605439238167e-10,-4.199897036430221e-09,-6.043829550037566e-10,9.319630089924608e-10,1.5465505193507137e-09,-5.132918624956391e-10,1.0615460976878878e-09,3.869559963910818e-10,1.9758230594202964e-10,-8.460703780875309e-10,7.008849084267317e-09,5.457569403196141e-10,1.0679732206370154e-09,-1.6868623166798038e-09,-7.239359481939689e-10,-9.030001654607525e-10,-2.8759099181797e-10,-9.485503730937827e-10,-7.599996561913916e-11,-3.400532331485297e-10,-3.2559985815041127e-10,1.6336266368658225e-10,-1.6646643842240766e-10,2.8598346570891266e-10,6.079570709381714e-10,4.963212927794228e-10,4.5204643300204294e-10,1.452036895355938e-10,1.3203291964011397e-10,-1.4496230129684786e-09,-9.635358867783003e-10,-3.9764943298629103e-10,2.0186681076285404e-10,2.6094185930007223e-10,8.976057090391487e-10,2.733653586026875e-10,2.401953999957169e-10,3.768732647897704e-10,2.1355658183150234e-10,2.904790038320157e-10,4.506311152763589e-11,-4.48730426686232e-12,1.0743949710524484e-09,3.259823394438634e-10,2.8969692955298774e-10,-1.144255431924552e-11,-6.130523845964511e-11,-5.788433646659364e-10,2.3404573298980187e-10,9.09172122075507e-11,-5.385043251814894e-10,-3.186690839263536e-10,-2.106879479141668e-10,-1.4388011376133994e-10,-1.1264822327637661e-10
L8treat_p3,9.07923413859469e-11,-2.951456857029336e-11,-4.920585854415065e-10,-1.519027214419838e-09,5.942037708724871e-10,4.552628643850012e-10,2.4705493932155414e-10,5.126811612068449e-10,8.402418932499633e-10,-8.587026563478452e-11,9.583710968846704e-11,-2.296030881576585e-10,-8.61976576930862e-10,1.4821008850539226e-10,5.869122124303662e-11,-2.7651666278040995e-10,5.292021959596503e-10,8.751506120827898e-11,1.730821378753175e-10,1.1519879375082181e-10,-4.312579548712154e-10,-2.0765751875227886e-09,-2.050911722926393e-10,6.338933566561788e-11,3.6712346000844694e-10,1.3352843766951325e-09,3.0976680799326414e-10,-1.221310110134455e-10,7.18229114259042e-11,-9.97973209015342e-11,-1.3540057005082107e-09,-7.169223223710147e-10,-6.251334925348273e-10,-1.6881954367494479e-10,-4.4879754568125335e-10,6.07124853473364e-10,-5.4966855676457266e-11,2.1065998746291782e-10,-5.458706414830026e-10,-1.8481488810171214e-09,-1.0045141161036826e-09,-1.1957877513371808e-10,-5.936339353935831e-11,2.1041525770665523e-10,5.73383421120122e-10,4.106417974602735e-11,-6.9117264354407125e-12,-4.424443116725372e-10,-2.3392060149295077e-10,-2.6894939027539687e-10,2.7680389773473867e-10,-7.057461301440046e-10,-5.0931170364563747e-11,3.215238773349808e-10,1.4753569387193416e-10,1.6878613993396626e-10,2.4105408437301546e-10,7.231433057987864e-11,-5.454211789480544e-10,-1.588976586424859e-12,-3.568424574278576e-10,-2.5332377126390716e-11,-2.0847718524922824e-10,1.1409021289275527e-10,-6.113509687278945e-10,-2.488805793266795e-10,4.4326671833091795e-11,1.2141106696647566e-10,3.304673044213919e-10,1.9751045401140006e-10,6.47972172400144e-11,5.0050167262240395e-11,-6.873619014148372e-10,-5.318399084140839e-10,-2.753205169701592e-10,-3.0709053323861735e-10,5.059799000105246e-10,-6.593446107404818e-10,-8.799888690292727e-11,4.2447423584851523e-10,-1.314616847319115e-10,1.2494558590529916e-10,-2.3114775730511186e-11,1.291505110363623e-10,6.520954799796447e-11,-5.610052255933878e-10,-1.362130829316402e-10,-1.1120142527075606e-11,1.1849006805677826e-10,2.5182674614788115e-10,-6.01179557982127e-10,-1.7772078076860575e-10,3.429573169996763e-10,-8.55455642222002e-11,2.154495308639569e-10,3.8204284904246406e-11,-5.857941336282933e-11,-3.7369220233620947e-10,-5.235032457185023e-10,-2.2351363011534576e-10,6.4055218507953e-11,-2.2945359968049317e-10,2.2980796566144876e-10,-5.523786535658424e-10,-4.890750584864243e-12,1.8274198224407024e-10,-1.4002352765629222e-11,-2.8378335790391705e-11,-1.0142262053164481e-10,7.243060024996265e-11,-1.1247338464484608e-10,-1.926374668463956e-10,-1.7792500323099741e-10,-2.443200443523508e-10,-5.483074164321007e-10,-2.1686547404180654e-10,-1.064499734586392e-10,9.910304149522106e-10,3.504050875304796e-10,-3.832164745303563e-11,-1.4309441519575712e-10,-6.60776649504291e-10,-5.463065744380637e-10,-8.562553410350082e-10,2.336648697961642e-10,8.828853509194908e-10,1.3016899528909225e-10,3.7324570623313534e-10,2.3213385863470738e-11,2.2893670933400255e-11,4.124774469557045e-10,2.1887949288077454e-09,5.673782359005445e-10,-2.6607458380571187e-10,-1.7013737917959137e-10,-5.82524036772142e-10,-4.357091810992179e-10,-2.895013496842627e-10,-1.661198214636363e-10,2.494996120742568e-10,-4.448478191583679e-10,-3.1833706496766625e-10,-1.1962547727959019e-11,-6.275297876830648e-10,5.064441837779e-11,1.3789910060911409e-11,-5.365371996265941e-11,-1.7212585211299734e-11,-1.2261529198367697e-10,-1.289423854669253e-10,-3.206255576601332e-10,-4.63252490946379e-10,-1.9278908240586368e-10,-3.287499047778175e-10,2.4770848150257792e-11,1.1061850767366401e-10,-6.988393804695788e-10,1.2807911737641134e-10,6.217311958525249e-11,-1.349956641534335e-10,6.297875313658401e-11,1.0123801978724288e-10,3.4358782275945106e-11,6.828350321159794e-11,3.153662841197507e-10,2.641149655873351e-10,1.0057166343767075e-10,2.474459331098454e-10,-1.2120828305450398e-10,6.100251557849541e-10,7.523385542112303e-11,-2.5804411743822926e-10,-3.989044226306809e-12,-5.2871269556345366e-11,-3.2577141579097724e-11,-7.121122457965575e-11
L8treat_p4,2.3401607154957254e-10,-7.582748055329045e-11,-4.5183931144675796e-10,-6.175348070980127e-11,-5.175486622993416e-10,3.658207482057543e-10,1.601972319818676e-10,-4.531051584125236e-10,4.1019362035507674e-10,3.107207881590446e-10,8.086173391280761e-11,-2.2013037324598397e-10,9.213937769308964e-10,3.021053923996016e-10,-5.184032151121291e-10,-4.5723244665437344e-10,-1.5689498838889397e-10,3.7078673150770663e-10,2.5493500130637085e-10,-1.1307413323922546e-10,-3.277198685917535e-10,2.942870091076845e-10,-6.225661274024697e-10,-6.152509681705073e-10,-1.1803582864910148e-11,3.097668079932623e-10,7.861022685120978e-10,2.482045459133481e-10,4.094802105406958e-11,-1.1379856197316532e-10,6.788260753370172e-10,-8.045093622114052e-10,-2.404381131125275e-10,6.257094126683372e-10,-4.1970414056218394e-10,2.2713071042221612e-10,1.5677797924243788e-10,-1.631993486088802e-10,-3.1197490185370226e-10,1.6030205353793126e-10,-7.477792735827785e-10,5.688438734416965e-10,1.3451670164342062e-11,1.5875190826680725e-10,5.821066419146337e-10,1.3244326404060938e-10,4.645082627417292e-10,1.495738567312421e-11,-4.2850579450045196e-10,-7.122245494592196e-11,5.036139856029103e-11,-3.132613624503039e-10,6.851575761039502e-11,1.2469177492239545e-10,-1.3996692382916078e-10,7.303006996526229e-11,-7.900979687564756e-12,-2.6192909065267718e-11,-3.4649891242449636e-10,1.0735714540416247e-10,-2.529609665994894e-11,-2.1556538522360225e-10,-1.3601108020657986e-11,9.866106210728258e-11,1.3020868224430291e-11,-1.3005633521714225e-10,1.8429916227760894e-10,-7.306107598127017e-11,1.3452996339644245e-10,1.355109676286808e-10,-1.0222080084633554e-10,3.0320742449283374e-10,3.4601521321863915e-10,-1.5713244127392196e-10,-4.713023982416231e-10,-1.0783458436581449e-10,1.9668613469919682e-10,-1.9089599657915379e-10,-5.184322100043134e-11,2.4628612124857265e-10,-1.5634774964182362e-10,6.205901508019709e-12,-2.071747415957291e-11,-3.139027406365149e-11,2.684718553617996e-10,-2.5185940294739226e-11,-3.79080514550278e-10,-2.052348989542415e-10,5.0945256448864885e-11,1.7631497226187288e-10,-5.865597609127356e-12,2.0412779100568218e-10,4.1418277233540615e-11,-4.638822824175456e-11,-2.4849756731452488e-11,1.1684120973428166e-10,-6.254849685129571e-11,-2.1781368197269874e-10,2.340273096591643e-10,-2.1415979780732625e-10,1.1136656184093178e-10,-6.383977868332289e-11,2.0988000822235112e-10,-1.0984457330747033e-10,-1.2504700972713404e-10,1.268216694391156e-10,-2.5060091413351894e-11,-5.284262108923214e-12,1.523206425106978e-10,-6.940061482067598e-11,2.70486472958209e-10,1.8682259402523203e-10,3.287967946398297e-10,1.1946404216061692e-09,-6.805234796369193e-10,1.0405564913900897e-10,-3.711773734342117e-10,-2.193404776636447e-10,1.1060165093312112e-11,1.4117617624963294e-10,-1.1501567707413426e-11,-2.428328049415027e-10,2.361272392002271e-10,3.1616094086060333e-10,3.7071470825174286e-10,4.1985747456627607e-10,-4.761629478439663e-10,5.395805716414886e-10,-1.2174204889070522e-10,3.096318047430367e-11,1.8345534903639086e-10,-1.2023652294535627e-10,6.526833537624795e-11,-1.1262522477447885e-10,-1.7393946459570166e-10,1.4142594595669484e-10,-3.06608453621574e-10,-9.061841088445003e-11,5.946253656132132e-13,-1.3836190912615082e-10,-1.0732530113498508e-10,-2.4426264653497796e-10,2.4912491117401064e-10,-1.8287444719434805e-10,-7.563253640619184e-11,5.42905432380826e-11,-3.3951381984352676e-11,9.860474793607967e-11,3.71142567998169e-11,-9.104938166809665e-11,-1.1375758860050899e-10,9.120734913762108e-11,-2.1016757285228224e-10,-1.9657690997803713e-10,1.0384561439353881e-10,2.6586992703878536e-10,-2.988921062767382e-10,-6.979039387884984e-11,2.1485734787615448e-10,-7.045356853031816e-11,1.985582826733614e-11,1.2310997137465545e-10,3.477939875673766e-11,8.732102791863212e-12,-2.466043874400188e-10,7.819398083050253e-11,1.6534482366218938e-10,-6.576879978814966e-12,-1.5057454800290784e-10,1.796670981103892e-10,7.160883041143204e-12,-8.480774360289764e-11,1.0491094798244717e-10,1.947901660108506e-12,-8.500579634346367e-11,6.422070493254067e-11
L12treat_m4,3.1836696553939407e-10,8.139868852794362e-11,-6.452723686414273e-10,4.39568380085035e-09,-1.0352370958338297e-09,-2.965085285539751e-10,-5.098713529371275e-10,-1.7423858106347493e-10,-7.7904223648423e-10,7.630821671404e-10,-2.422333815569922e-10,-1.1833249399554723e-09,5.038421650719636e-09,-3.7404109669304035e-10,-4.984766380345439e-10,-1.1617373714674393e-09,-2.423383378153584e-10,-1.5145530959452525e-10,3.613751092718571e-10,1.4640771389124454e-10,-8.206562129656272e-10,4.919108685161888e-09,1.181847201923842e-12,1.7131866708844126e-09,-1.2634194676786058e-09,-1.2213101101344075e-10,2.4820454591334917e-10,1.1838778422653004e-09,7.079437407071917e-10,-1.3724236605768506e-09,5.425149809979513e-09,-8.286140400621659e-11,7.532956076959141e-10,1.197328013756745e-09,5.885251209323903e-10,-8.859244183021501e-10,1.0329590534935105e-09,2.6038169065338657e-10,-5.401470241503469e-10,4.5362686104788634e-09,5.3464905126575e-10,1.5756007354164733e-09,7.966935753795686e-11,-5.39606155450874e-10,-2.2602751059195753e-10,7.826727143986528e-10,5.896698985025682e-10,1.0558488330214629e-10,-5.240516128096367e-11,2.547643719726326e-10,-9.490365462634025e-11,8.343802818743828e-10,1.7962755908749562e-10,-3.362259533206905e-10,-7.795465611470118e-10,-2.7414410605117723e-10,-1.1018047682912825e-10,-2.5634164696889774e-10,4.3526909783114925e-10,4.625695433811734e-11,6.169498080644215e-10,2.445442820720379e-10,-8.014238493234767e-11,-5.211934124479408e-10,4.056899529919966e-10,-6.501375139071339e-11,-2.965395524099209e-10,7.994898095282179e-11,-4.5002311585006093e-10,-4.0442224807001933e-10,-2.431330428314365e-10,6.691817567341231e-10,1.3130941327484474e-09,3.3090921583238256e-10,-4.3752049266897747e-10,1.3048930510369853e-10,-6.989514328402519e-10,5.412216829218798e-10,-2.1185134829306673e-10,-6.574641162619002e-10,-1.0154413573383135e-10,-4.6455006175770625e-10,5.5177881945578517e-11,-6.178868524509966e-11,7.903762431478051e-10,5.497296840909287e-10,-1.2541963773763972e-10,4.603529861777583e-10,-4.967695995979232e-10,-2.913744724062157e-10,5.404533478631659e-10,3.435671032561567e-10,-1.9574066999009175e-10,-1.1160320772100203e-10,-5.433195931236645e-10,-1.4520016279037574e-11,3.135069294154853e-11,5.832436742755879e-10,9.718419411418757e-10,-9.40725468912036e-12,-5.013869183243062e-11,1.6739557503723788e-10,4.32101103024739e-11,3.8584231119183733e-10,-3.753236081985534e-10,-1.8689059985958684e-10,-2.7339008658223397e-11,-9.808629375757275e-11,3.324267663474931e-10,-2.4455770368316765e-10,8.920468573896192e-10,7.851231726288666e-10,7.503642596050252e-12,2.287874844587223e-09,6.653866160938837e-10,7.873585516188075e-10,-5.378124994551877e-10,-1.4053043159931978e-09,-2.7635136296390114e-10,4.2608919785209844e-10,3.328751155811022e-10,-1.674760651422529e-11,2.5659500756797e-09,1.6775944378106135e-09,-1.822540148794142e-10,-5.310592584986798e-10,3.784077992673158e-10,-9.428267738452338e-11,-6.477694195358531e-10,-3.668884782321733e-10,8.437985421154972e-10,-5.5652594145091786e-09,-5.889710114886791e-10,-9.457175489727936e-11,5.688424084370014e-10,5.929215965651549e-10,3.7804450872550875e-10,-1.8183266498121593e-10,7.236324238421629e-10,-3.5364824372851106e-11,5.061048689495496e-10,2.046304827098533e-10,-2.6023559659234505e-11,3.285335691922129e-10,-4.964616162998182e-10,-6.748476960669025e-11,-2.372339023958158e-10,-2.1510219904957637e-10,4.138151190574729e-11,-9.323865646711463e-12,7.628269728944161e-10,1.1845073553730026e-09,2.8332173021805003e-11,1.0531138377194631e-10,-1.7934346616382203e-10,-3.3906023456738534e-10,3.602813358186056e-10,-4.449744341740715e-10,-1.2844505200801246e-11,-5.0604353463866755e-11,-1.949596981497591e-10,3.78384827222568e-11,3.092272630963946e-11,-5.394121201877568e-10,-5.596742019906973e-10,-1.2959331559316441e-10,-4.427997112101167e-11,-2.179315702767018e-10,2.3235695727298786e-10,-5.643614456210735e-10,6.155002004151576e-11,3.074774788948308e-10,1.95231537024905e-10,1.5084775731506117e-10,-3.081148908310667e-11,1.1240579361979586e-10
L12treat_m3,1.1660211977070988e-10,4.582737102397747e-11,-2.9805876329048297e-10,2.7773853889563127e-09,-9.74805907877364e-10,-2.9987439925716723e-10,-3.9060617174531124e-10,6.671001979828873e-10,-6.382730921148562e-10,4.26363148896783e-10,-5.240660085582849e-11,-7.884625414913871e-10,3.4482836952652264e-09,-6.878955693891225e-10,-8.27847503662411e-11,-5.649187340116033e-10,1.8819751312206284e-10,-5.200208379204389e-10,2.0358333340446383e-10,2.926819009919578e-10,-6.834107339320062e-10,3.5722059120989607e-09,-2.152064117868401e-10,1.652570016788005e-09,-6.379148025188091e-10,7.182291142590886e-11,4.0948021054069584e-11,7.079437407071952e-10,8.373117321527607e-10,-1.1373179360877594e-09,3.3213138343481633e-09,-5.884956703497349e-10,1.0395011741848844e-09,1.146153181764012e-09,7.252140406153504e-10,-7.035792411655014e-10,6.701137637879178e-10,4.2425208779203607e-10,-5.422647304901356e-10,2.9410955660587524e-09,4.2356447272036965e-10,1.0234668045161965e-09,3.39336581992175e-10,-8.420980729833774e-11,-6.317335047269538e-10,6.635972705153296e-10,3.3851364680908614e-10,-7.114088979843275e-11,1.6071161756456633e-10,2.5430066399838287e-10,-6.315652514754273e-11,6.440254020923093e-10,4.2502538712074004e-11,-1.9164164165822694e-10,-4.6482246167207525e-10,-3.0128468072397926e-10,-1.15171502361689e-10,-1.4354847550752219e-10,4.6267861600565525e-10,-9.957443024490778e-11,5.104456483802783e-10,3.6257374420994703e-10,-1.9982297211599773e-10,-5.551712620093394e-10,2.429974647645181e-10,7.494180368339052e-12,-4.660751746021587e-10,1.9747716741177392e-10,-4.450750040990307e-10,-3.903962069104637e-10,-1.1189650242442724e-10,4.681383088010847e-10,6.655484652315546e-10,4.2324503736408547e-10,-2.584734570629845e-10,1.5991462386874009e-10,-5.407613749992235e-10,3.5240621395370133e-10,-1.9269231150830978e-10,-6.178443460677679e-10,8.210970553540425e-11,-4.505655991838491e-10,1.357094772762921e-10,1.4630895217352144e-11,5.71597100323055e-10,4.819272272879404e-10,-2.387805049854297e-11,4.851787054506884e-10,-5.208471370436756e-10,-4.179423785432155e-10,4.1503086542057625e-10,1.299188597628084e-10,-1.2626990009636612e-10,6.56157286006391e-11,-5.418189592566662e-10,-1.6241128862238068e-10,1.1454891111096101e-10,2.2842611251444447e-10,6.551235592175022e-10,1.6812803805974967e-10,-1.333000639918401e-10,1.61874838676071e-10,1.110002627586294e-10,5.038045398531347e-10,-4.115698460408484e-10,-7.084475783963597e-11,-4.743907992974996e-11,-2.3246099798857013e-10,2.2760975781915152e-10,-2.124906913809548e-11,5.802348677747441e-10,6.996241740889646e-10,-4.5419528332057244e-10,1.1062575666760508e-09,5.619803249414547e-10,7.982439373849992e-10,-3.958965504102127e-11,-5.273148212209227e-10,-3.534369720792256e-10,3.348219556283786e-10,3.7826561948034664e-10,-1.6855158778087444e-10,1.0886165426459458e-09,8.395983091417593e-10,-1.1664679364546814e-10,-9.965254463153952e-11,6.475573201231187e-10,-3.0222081115974347e-10,-4.378259046655643e-10,-3.920346824803107e-10,9.335188993497913e-10,-4.122901093076195e-09,-2.0888089049536672e-10,-1.8658947922124736e-10,3.66941567476497e-10,1.9472130082804716e-10,4.695265064932733e-10,-2.9413922788001143e-10,5.960112203332643e-10,7.480910398690944e-11,2.854280766580663e-10,1.26391057399066e-10,-2.463808589539451e-10,2.0012153082816283e-10,-3.9909817554403605e-10,5.634099537141271e-11,-2.0635365262383398e-10,-2.5660164415127315e-10,-4.784064606530352e-11,6.042310147280156e-11,7.667905098083652e-10,8.921955565382769e-10,-2.2683913481048003e-11,1.447060257692234e-10,-2.741723181981632e-10,-5.587183673697532e-10,1.54149333505361e-10,-4.044087432992036e-10,-1.2776711582883268e-10,-2.0478786542744433e-12,-2.5599874133189713e-10,2.022177318435619e-11,9.949216968258635e-11,-4.464997030862839e-10,-3.2262887296344654e-10,-8.121399624232462e-11,-8.946162146480124e-11,-5.448263432827748e-11,3.482127350280412e-10,-4.1694504974311117e-10,1.2468854782607328e-10,2.2339532453358696e-10,7.051795064954108e-11,1.8470679694463668e-10,2.354012241624056e-11,2.7178970808914787e-12
L12treat_m2,9.668172612455037e-11,2.6849809741453643e-10,1.2043045187589083e-09,-9.190490069620812e-09,2.5445057176405694e-09,-1.5353942966942415e-09,1.005650961299161e-09,-8.980550757600323e-10,2.4753847561764985e-09,-8.187806055982311e-10,1.0188557392030042e-09,3.110697672451578e-09,-9.868684088680934e-09,2.8816120909230313e-09,-2.1361357767776628e-09,1.733243286653077e-09,2.9730225748263543e-10,1.4334996283780027e-09,2.0261690240019544e-10,-2.53830458480757e-10,2.996251621694478e-09,-1.1529989858554382e-08,1.3843759540982795e-09,-6.2285521153717846e-09,1.857572004601199e-09,-9.979732090151677e-11,-1.1379856197315723e-10,-1.3724236605768535e-09,-1.137317936087756e-09,5.319669679234758e-09,-1.018220189695599e-08,2.278772436845627e-09,-4.574648947869905e-09,-2.5082962425391268e-09,-1.6729024132207661e-09,1.9413593635905115e-09,-1.3008572359664396e-09,4.4245863893995944e-11,2.7760325994446586e-09,-8.697315945160973e-09,1.0365094390002382e-09,-4.363117037868356e-09,-5.226372518961269e-10,1.822343480624614e-10,9.399744254255614e-10,-1.1911630753676317e-09,-7.907053456960945e-10,5.173920820213943e-11,-4.4432570642851957e-10,-6.400536893447747e-10,1.5901473184112858e-11,-1.816502959012431e-09,-4.4843808472520215e-11,7.760972634451133e-10,9.181767839297042e-10,7.179192834802356e-10,2.9567773940785916e-10,3.695618393663756e-10,-1.7962911127725342e-09,4.882479556155025e-10,-1.6127682369931673e-09,-5.009701242230707e-10,6.212292906557741e-10,1.5240807943315428e-09,-6.842109321820894e-10,-1.5002215575084994e-10,1.3176415605658911e-09,-5.863541855377096e-10,1.102998849870555e-09,1.0216455309425769e-09,5.362276434601319e-10,-1.0632757109841236e-09,-2.3942991618889334e-09,-1.6079208084770164e-09,7.098797760746481e-10,-5.320630978536819e-10,1.2628095502324154e-09,-1.0802919894544994e-09,4.89026820890354e-10,1.7896032203404506e-09,-5.427300879950215e-10,1.3004771814187648e-09,-2.812216215742509e-10,-3.630364792350031e-11,-1.8228550918974958e-09,-1.145793007446482e-09,-2.3524565583083377e-10,-9.46664804020802e-10,1.4051276294069651e-09,5.562424416629476e-10,-9.425617127478012e-10,2.2994083224151287e-11,3.442952053453803e-10,-1.1034982875798794e-10,1.0888955516077108e-09,7.166823453489777e-10,-3.678891582831408e-10,-1.3531238166205063e-09,-1.4631144822522675e-09,-1.027595536174577e-09,3.1458806382823105e-10,-6.679949226047682e-10,-4.887344820057688e-10,-1.3948841644404412e-09,9.005792511065756e-10,2.798652211367926e-10,-3.5026133831292447e-10,5.373053072472971e-10,-2.162274574196327e-10,2.6303002238462647e-10,-1.0589908963435754e-09,-8.998516101288703e-10,1.227900352524552e-09,-3.070769940452167e-09,-1.311718438155169e-09,-2.475697011113219e-09,1.0047708887730257e-09,8.687761939610489e-10,1.3874962120790627e-09,-5.571288437471555e-10,-3.3746420622648857e-10,7.01662942528885e-10,-4.789324953505439e-09,-1.1763006087186745e-09,-2.259802621032211e-10,9.862342488560327e-10,-1.7423412408874223e-09,1.0183567636751672e-09,7.570400627472347e-10,2.8396963797604305e-10,-2.81570139224524e-09,1.2145201303737874e-08,-6.424174522440881e-10,2.1442482292757873e-09,-1.5823539104972181e-09,-3.413357723207518e-10,-1.262421584196097e-09,4.974740976300071e-10,-1.2900802375475027e-09,-1.2253530146279199e-09,-8.104834117843333e-10,-3.8993222193872874e-10,3.5924741200324974e-10,-6.690395531765592e-10,7.773009835426449e-10,1.1524550332572308e-10,9.291949977035817e-11,9.965722042662445e-10,2.232276333778267e-10,-2.3222953339960523e-10,-2.1775935368908793e-09,-2.044263965886424e-09,-1.5438071655359498e-10,4.1748353958390224e-10,4.890407440775722e-10,1.4168784855830016e-09,-2.4523275491677494e-10,1.0515148904115468e-09,3.1662136135401577e-10,-3.955141346912051e-10,9.605356297805662e-10,-1.8164763162148537e-10,-5.004661671601442e-11,1.4788360087437418e-09,4.1248616367971166e-10,4.4215394731818593e-10,-3.1371547731388858e-12,1.4370171792122697e-10,-8.872218978767406e-10,1.152493218280175e-09,-4.2377674043492646e-10,-7.053699789506242e-10,5.7344684382429426e-11,-4.858215623048181e-10,-2.57433268442279e-10,-8.448246420226986e-11
L12treat_m1,8.610881440371885e-10,2.6835119113074218e-11,-2.9478603947669088e-09,3.092404701864647e-08,-6.7063443335462936e-09,1.4244329280886621e-09,-3.051061182685763e-09,2.6367088722310553e-10,-6.457063131557617e-09,3.592271550819374e-09,-2.176783890425171e-09,-8.006645995354052e-09,3.317117247626682e-08,-6.9171588993372465e-09,5.156635424711399e-10,-5.8185125904385945e-09,-2.176940944592145e-09,-2.3159041572370717e-09,5.944700073645788e-10,3.1480384991957517e-10,-5.7361407755323865e-09,3.630870299023808e-08,-2.1778040929284538e-09,1.4406504751529971e-08,-6.927715206965841e-09,-1.3540057005081969e-09,6.78826075336993e-10,5.425149809979512e-09,3.321313834348122e-09,-1.0182201896955988e-08,3.7501878680818323e-08,-3.098571266321718e-09,8.523388797170345e-09,7.3502920177873975e-09,3.924268413004482e-09,-6.526436046856986e-09,4.697594240749094e-09,2.412026426604877e-10,-4.3383478821702e-09,3.021907403744175e-08,1.3950512174507189e-10,1.0495341590103431e-08,1.755756566780101e-09,-3.011383478409683e-09,-2.4387362625256542e-09,4.3746011666769105e-09,2.733341180080342e-09,6.668758453361699e-10,7.116363719843124e-10,2.128814457730202e-09,-6.237497284608214e-10,5.607442011935768e-09,9.479282328146022e-10,-2.4116799523086905e-09,-3.819864023136652e-09,-2.1817162051252254e-09,-1.0805482262944785e-09,-1.30334190168132e-09,4.317945128247745e-09,-1.217930722457086e-09,3.965710460517279e-09,1.7960091037709258e-09,-5.514112577433717e-10,-3.5835310728901107e-09,2.4683770263673382e-09,5.751849646489751e-11,-2.794256512529892e-09,1.5394118757601628e-09,-3.0369243780380115e-09,-2.8598883573377943e-09,-1.4947107055776215e-09,3.470716054323385e-09,7.348470116331635e-09,3.2289580080420958e-09,-1.625495079997482e-09,1.4929567204338271e-09,-4.47487268826423e-09,3.5103530298028295e-09,-1.0224440383948395e-09,-5.026961814676328e-09,3.6407684231721676e-10,-3.618201741613041e-09,3.9036252991154915e-10,5.499227312483336e-11,4.7872382740641555e-09,2.6538995449704966e-09,-1.3663036544349707e-10,2.3814434453303076e-09,-3.4007105758756965e-09,-1.916222598345861e-09,3.0976300847416215e-09,1.6502135336447594e-09,-1.4741478033832455e-09,1.1696323547259085e-11,-3.2262410825361722e-09,-8.240402848429202e-10,4.897619867798822e-10,4.376485518642248e-09,4.677576934958605e-09,1.238397633799273e-09,1.3295089779359985e-11,1.7012923538465213e-09,3.7823007386036e-11,2.614862429649762e-09,-1.7937727188043836e-09,-1.5206908205932872e-09,7.864851642740359e-10,-7.258727390296082e-10,1.1636628832083477e-09,-1.2151427482020717e-09,3.9536533925807215e-09,3.2981862372703672e-09,-2.0100120346661808e-09,1.3761045869020564e-08,1.7816530723441715e-09,5.55115353623784e-09,-3.307694366533575e-09,-7.294929299919709e-09,-1.9682951071862197e-09,2.2767307329940406e-09,1.066242726062147e-09,-3.5521457717756306e-10,1.8387646671753556e-08,7.365858782755391e-09,-7.166177707605675e-10,-3.598986333983963e-09,3.522312188262913e-09,-1.4372213306599014e-09,-2.7219525524737333e-09,-1.1355209335400332e-09,5.6710716175694134e-09,-3.953207474945883e-08,-6.38202960169188e-10,-2.3153961652259376e-09,4.214774621575502e-09,3.341981913775839e-09,3.3277965342767985e-09,-6.165320627950292e-10,3.6910177502440067e-09,1.4751818154971686e-09,3.1352390935430196e-09,2.030158992800583e-09,-4.3174122504277876e-10,2.6385344249611516e-09,-2.2524876387461974e-09,-4.86470556825771e-10,-8.830383733141432e-10,-1.8562846010051187e-09,-1.6506221899561472e-10,5.711071744002896e-10,5.208448275555138e-09,6.421287365007776e-09,4.577852647605014e-10,-5.32268978306571e-10,-1.2289000756644502e-09,-3.337762682142473e-09,1.6613751139293201e-09,-2.77903889166719e-09,-6.689447344067437e-10,3.322231393259038e-10,-2.052236167732423e-09,1.5440585875646402e-10,8.164388904569422e-11,-4.0097196915460255e-09,-2.0262031017533624e-09,-1.1857593241569843e-09,-4.114193047010335e-10,-1.2473024488081336e-09,1.9862836159205804e-09,-3.649053098636543e-09,5.68607330408056e-10,2.2898919103752566e-09,4.455297308776865e-10,1.2111160180542833e-09,4.230349907021881e-10,4.67690934886914e-10
L12treat_p0,-3.8869620033800915e-10,6.203647425843532e-10,1.7004193261794917e-10,-9.256088004544094e-10,3.4931592256930662e-09,-3.0690234104659123e-09,-3.535602825230846e-10,-1.5740400693274413e-09,1.1212863027994467e-11,-4.138913349150679e-10,1.610770065265536e-10,7.791225449956412e-10,-4.2099790903413215e-09,4.407869604442279e-09,-1.0245637082140488e-09,1.38460059540926e-09,-3.5419924561689556e-10,8.622182774499722e-10,7.85072956890518e-12,3.008569078095146e-10,1.625446555727836e-09,-3.965493466877898e-09,5.290917554774387e-09,-2.482689917575742e-09,-1.4333766871902589e-10,-7.169223223709573e-10,-8.04509362211404e-10,-8.286140400623062e-11,-5.884956703497388e-10,2.2787724368456573e-09,-3.098571266321878e-09,7.996353197599281e-09,-2.6178794410003526e-09,-2.172053774545478e-09,1.5547923270617397e-09,8.055472335290858e-10,3.4199836574670274e-11,4.135104912839864e-10,1.3779985142337835e-09,-6.786480759828102e-10,7.3171219243527095e-09,-3.523797176612768e-09,-2.8217121404359196e-10,-7.576561661060977e-10,-2.662706937313195e-10,-5.575138567394136e-10,-1.3663647084098014e-09,-1.1910004249878853e-10,1.1703432041540093e-09,1.0438159436298139e-10,-1.5555590942155217e-10,6.650532154169781e-10,-1.2283233440345183e-11,-5.5678136928805456e-11,-2.6522851008080004e-10,1.0388656920402718e-10,6.873289407599951e-10,1.258079768508003e-11,-1.1059755885990329e-09,4.6416935870795583e-10,-4.366524253998258e-10,1.621047980910494e-10,8.043740522186773e-10,1.3528722970277236e-09,8.836867104009797e-10,-4.105278067795995e-10,6.33202839299316e-10,-8.046922212521676e-10,6.134909384143384e-11,4.6459424718071453e-10,4.775431132661916e-10,-2.623035940770065e-10,1.1105821653184968e-10,-2.9975166719307676e-10,6.301259696912793e-10,2.0973355515175812e-10,-1.8809989579779706e-10,8.8901045801941e-10,3.8782730332745024e-10,8.400896400826826e-10,-7.057138261557148e-10,5.17621593383311e-10,7.165561566071949e-10,-2.843262882934335e-10,1.7721968631619782e-10,3.1766576176396497e-10,-1.6146988711331119e-10,7.758831829344542e-10,1.8573196744896706e-09,5.30651401313555e-10,5.893055210884416e-10,-5.599023598198563e-11,-5.0419399997159987e-11,-6.658449023320404e-10,6.271177111171998e-10,6.551543597850139e-10,-1.0085091018744493e-11,3.674143173272834e-10,-2.8200544516026476e-10,-7.512492218703185e-10,-8.064330625977958e-10,4.3900979919097477e-10,-9.724799216761454e-10,-2.486138059219102e-10,5.357301548898242e-10,-5.07658407946183e-11,-7.55170733950594e-10,7.429376865439722e-10,2.0063467855229462e-10,-1.1465207298957338e-10,-1.615412655292685e-10,-2.1478743706414786e-10,1.555189519980588e-09,8.350373307814962e-10,7.111149720682694e-10,-4.243614675819425e-10,5.222068139110935e-10,-2.257660643072156e-09,1.108560546285992e-09,-6.541753593572567e-10,1.789196182022942e-10,1.8143382070308344e-09,-2.3217933805460947e-10,2.0384800520240177e-09,-1.5762253067058496e-09,-1.4103731230307412e-09,-6.552560142663042e-10,6.513599600740533e-10,-1.7260437244435633e-10,-1.3986739799128406e-10,-2.0364864986243325e-09,3.733940629364826e-09,-3.1441065457308344e-09,2.3501846427922754e-09,-6.97439707595512e-10,4.2614155459294604e-11,-5.022962105841107e-10,4.182784577283456e-10,-3.0963884822698393e-10,-1.1761068478445673e-09,1.3838642419802897e-09,5.232814514491132e-10,1.7051741611326104e-10,3.025775380176202e-10,-6.490558161934952e-10,4.472638085750163e-11,-3.552394378995114e-10,9.439336532330044e-10,8.240580988958606e-10,-6.059713422188041e-11,-4.853125184140746e-10,1.443486428151759e-10,9.835592678314661e-11,9.36908346087413e-10,-2.99253703936841e-11,1.7119125249486688e-09,1.9116833082867284e-09,8.244707389981283e-11,1.38798396780691e-10,-6.642695139407668e-10,9.603841059297931e-10,-1.6439293737403773e-10,5.0330757122664085e-12,7.872234946185394e-10,-2.963594549167088e-10,7.705225193801702e-11,-7.896546279588731e-10,-8.821446090868918e-10,-5.329776052354617e-10,-8.07688223856372e-10,-4.165185098664829e-11,-1.1372189484851769e-10,5.065270102954397e-10,-6.095906592109972e-10,-4.129949183395679e-10,4.813625993776385e-11
L12treat_p1,-3.6282447779729624e-10,-2.1607284878397273e-10,-2.7179233178456166e-10,8.753384918822532e-09,-3.0187478153343096e-09,1.5236134910470497e-09,-7.793290037142034e-10,1.5169835947234965e-09,-3.023189750438269e-09,5.792110252752542e-10,-7.755274498865014e-10,-2.2715342325567614e-09,8.452131857513396e-09,-3.3377967827139704e-09,3.4084766734807326e-09,-8.401517690658258e-10,-4.894780879514839e-10,-1.6054850229614711e-09,-6.441764738291749e-10,4.0631047831799945e-10,-2.0975849146068293e-09,1.1763129259048836e-08,-2.2551137410502255e-09,6.3810313293108715e-09,-1.2856611387511715e-09,-6.251334925348201e-10,-2.404381131125303e-10,7.532956076959219e-10,1.0395011741848875e-09,-4.574648947869908e-09,8.523388797170373e-09,-2.617879441000356e-09,6.689634477817179e-09,2.3785237184841607e-09,2.709949295488957e-09,-1.6794633956413576e-09,5.522958074848904e-10,-3.1121298928008733e-10,-2.175559899549302e-09,8.42924694406322e-09,-7.256046951706421e-10,4.122435641204081e-09,7.521674090810818e-10,1.496737215761114e-10,-1.37285873967448e-09,5.799518025829458e-10,-2.097824206777296e-11,-1.5341843305290406e-10,1.0359025614800033e-09,9.451732339473047e-10,-2.1533157578102262e-10,2.1142867873046573e-09,-2.2508948217862055e-10,-1.0338342798413318e-09,-6.667860131932566e-10,-1.008767416262899e-09,-4.402122950156038e-10,-3.499569505084968e-10,2.232157721730226e-09,-6.293590112018644e-10,1.7905499978457994e-09,3.8786119597245947e-10,-5.816510983211055e-10,-1.367729632304341e-09,1.223560388147023e-09,3.373534453730337e-10,-1.4237711509257364e-09,6.301020985390839e-10,-1.5554889941471608e-09,-1.1722267379458038e-09,-6.510974651731653e-10,8.095550855023689e-10,2.2831396868332103e-09,2.1858554459541727e-09,-1.7932491829008794e-10,1.0271343209206702e-09,-1.6750811623150965e-09,1.5088038358984362e-09,-5.11485708617506e-10,-2.0248336504377393e-09,9.081869677106965e-10,-1.529261701423494e-09,4.442788795183711e-10,-1.423563980137795e-10,2.0185872561981935e-09,1.5609626861119268e-09,2.9134146965358145e-10,7.12954741490666e-10,-1.3770700536263388e-09,-5.429089944645042e-10,1.3967321496198169e-09,-1.4248945364315472e-10,-5.007539367054446e-10,4.330245417850204e-10,-1.2140733110288158e-09,-9.54280760281036e-10,5.082083480161136e-10,1.5491779110560567e-09,1.2227129970383914e-09,1.4802573839077883e-09,-5.556097030450144e-10,9.139439391483027e-10,8.959830719851726e-11,1.7999669013652717e-09,-1.0248420173089563e-09,-2.6420072527924987e-10,4.395002001867981e-10,-7.096685624445689e-10,-7.035957523701229e-13,-2.7460850740765094e-10,5.695480908234698e-10,5.409956536571252e-10,-1.3287587018636361e-09,2.9389146884522513e-09,1.0653764483814745e-09,3.740094670414151e-09,-7.450948954045826e-10,-6.356459291913641e-10,-1.5924834217941672e-09,3.817788500727503e-10,6.027278179177536e-10,3.016822486308666e-10,3.788626160003509e-09,5.347555167251471e-10,6.218865903444474e-10,-1.8559753689947893e-09,2.0701786093940267e-09,-1.0068232635676954e-09,-4.39179018092533e-10,-1.8268655810278053e-10,1.9737483502079764e-09,-1.2300048713206569e-08,1.043012546996799e-09,-2.5927427592238558e-09,1.603476369710965e-09,3.558682438842756e-10,1.4742593154516695e-09,-2.1426001918988294e-10,8.242774688557893e-10,1.3505328423342362e-09,9.934224107383367e-10,5.342154432352785e-10,-3.845056326117517e-10,1.2927941677733888e-09,-7.694900401366981e-10,4.2209532924388484e-11,1.1612232029542987e-10,-1.1036445189461754e-09,-8.878672750785648e-11,3.5988274656128984e-10,2.2261576484424902e-09,1.777920646857294e-09,-4.957453180141006e-11,-4.435521723515084e-10,-3.813139565428435e-10,-1.510919082662165e-09,5.482147884178328e-10,-1.1770008699942283e-09,-3.535507495862734e-10,6.693841642293268e-10,-1.1776588043841626e-09,2.1528164785318345e-10,-7.588669419314128e-11,-1.4028593838613016e-09,-1.977336433333628e-10,-5.535472637185912e-10,-1.3696437576777411e-10,-2.557069002279534e-10,1.055729065273054e-09,-1.5692824049324202e-09,4.77752099710914e-10,7.670684622733459e-10,-2.1837906017323248e-10,6.406811572772253e-10,3.68619646222475e-10,1.3915069066112907e-10
L12treat_p2,3.298521141518921e-10,-3.6511164411095985e-10,3.600332131192721e-11,4.815042197387354e-09,-2.3858394819912407e-09,3.916195216916586e-11,-2.5051781655015393e-11,1.0594202908799863e-09,-1.0640961969353969e-09,9.840031235581285e-10,-4.494972583259188e-10,-8.803688476124283e-10,7.2009862987903915e-09,1.3056416111944326e-10,-6.402556796973969e-10,-5.530437003570254e-10,1.3719873182222588e-10,-8.945710323181012e-10,2.7946808052849463e-10,1.0055538762356789e-10,-1.2972995273319035e-09,7.545276446780324e-09,-2.7008963173698876e-09,3.2472537743593295e-09,-1.2268011029050646e-09,-1.6881954367494877e-10,6.257094126683381e-10,1.1973280137567357e-09,1.1461531817640002e-09,-2.508296242539107e-09,7.350292017787302e-09,-2.172053774545495e-09,2.3785237184841057e-09,5.89024658677102e-09,1.2635403720756997e-09,-1.4293443331063486e-09,1.0243278120017455e-09,-2.666963955014379e-10,-2.031298881449313e-09,6.741988375653515e-09,-3.8816414516565164e-10,2.6841539700222265e-09,1.5502348556372692e-09,-9.916980317559478e-10,-1.0739055155339979e-09,1.5459230862292394e-09,1.0418917277802493e-09,-3.3210373113711055e-10,3.47386210179287e-10,7.541978403966757e-10,-4.3661638155895214e-10,1.522900017969007e-09,3.49481226130846e-10,-6.668128323218814e-10,-1.2852496623476073e-09,-5.870171237297634e-10,-7.077681787845183e-10,-3.472022848846416e-10,1.2719949231442846e-09,3.1735073967325066e-10,1.2365020772382451e-09,7.153078652665064e-10,-4.779583118746587e-10,-7.422473099691057e-10,8.832812939185577e-10,-6.520388917814928e-11,-9.266576800832992e-10,3.3585557253397214e-10,-9.996557304675786e-10,-8.96874114705724e-10,-2.9837402538052817e-10,1.1541891010857761e-09,2.0026791599818628e-09,5.192690756297082e-10,-4.882837935926023e-10,5.364535149678918e-10,-1.0007464583145827e-09,8.255159967954561e-10,-2.914784955525703e-10,-1.3286872168134314e-09,-1.503389430770974e-10,-1.3748311549253174e-09,1.8929718824489834e-10,8.516757696391273e-11,2.0327344165788837e-09,1.2897880574014642e-09,-6.271300522522652e-10,8.208381001201614e-10,-9.824613593193954e-10,-8.532729845347391e-10,1.3347691073180899e-09,8.639272866340727e-10,-3.4882091133904257e-10,-1.2223130242933892e-11,-1.3193711193821027e-09,-6.242621113217673e-10,2.76048084702821e-10,8.9432521284919e-11,1.7004244735017687e-09,5.984167755079419e-10,5.291517491093145e-10,5.841299360630524e-10,1.6457331827342566e-10,1.330865605076463e-09,-1.2129051256428674e-09,9.084462625886897e-11,-7.520086207727444e-10,-7.331831832157723e-10,4.841973921385956e-10,-2.1465413395297483e-10,1.07680110157163e-09,1.1069160142075416e-09,-8.995403425011645e-10,3.4129645251354495e-09,5.481908973369633e-10,2.3238177489403015e-09,-1.1872635693080042e-10,-1.3257034109615383e-09,-8.619953514117887e-10,5.919206871803081e-10,7.217620009703803e-10,1.023459267585345e-09,1.961597802074556e-09,3.289279623335095e-09,-2.714731408474644e-10,5.858148736031341e-10,6.76897623569699e-10,-4.8895687226298054e-11,-7.463700690673638e-10,-3.43276267017787e-10,1.8611076967225405e-09,-8.786578886435562e-09,-7.515634585588799e-10,-8.9414850931141e-10,-2.901722526574741e-10,1.2180125972714532e-09,8.127263156896501e-10,2.917959612065842e-10,8.672446140113243e-10,-3.27234202711939e-10,5.637390811597836e-10,-2.160560356635206e-11,1.8874075321205463e-10,8.172523287572242e-10,-1.0796045788718789e-09,-6.6386048927667216e-12,-5.773688531106102e-10,-3.5011628365386925e-10,-1.0896664996984819e-10,2.2047932445537957e-10,1.6599363722238837e-09,1.5343655183663295e-09,-5.964451251104055e-10,5.811941040569475e-10,-5.288323611043594e-11,-6.481119111682548e-10,5.426026137057595e-11,-1.0683785609629563e-09,-9.619224462216839e-11,-2.2988326857430712e-10,-6.659404813465521e-10,-1.0846833693579174e-10,4.305195875421277e-10,-1.1848582645193493e-09,-9.069171204511559e-10,-2.9224221151823034e-11,-2.682581501740217e-10,-2.6629140441591394e-10,6.111874274528766e-10,-1.007903667685321e-09,3.018135904102475e-10,5.657651777540221e-10,4.864081371268722e-10,4.558869779859199e-10,1.5423918699404945e-10,2.1516407366859714e-11
L12treat_p3,-3.669783830965574e-10,2.6409173423403803e-10,-4.6650960130363936e-11,5.085581869977171e-09,-1.487400865333149e-09,-1.7710299131552224e-09,-6.822368923437692e-10,2.2408011335332365e-09,-1.636018436305183e-09,2.7492036640479886e-10,-3.1302375117471473e-10,-1.3972362830080332e-09,3.916593088696399e-09,2.654821925383945e-10,8.055016634916233e-10,4.508483729405865e-10,9.224677567595446e-10,-6.712253297578231e-10,-2.248379802318907e-10,6.073678570052795e-10,-7.789102064198514e-10,5.9751090349458925e-09,1.2556603916294443e-09,2.2165047380187233e-09,-7.826561488677113e-10,-4.4879754568124787e-10,-4.1970414056217546e-10,5.885251209323931e-10,7.252140406153432e-10,-1.672902413220761e-09,3.924268413004505e-09,1.55479232706172e-09,2.7099492954889556e-09,1.2635403720757082e-09,4.035537102343481e-09,-5.845263348496062e-10,5.188203877460077e-10,5.315158723313675e-10,-6.340617765861418e-10,6.1191563594158005e-09,3.3235609756127083e-09,8.875856554632806e-10,9.544189294373725e-10,6.909127460893926e-10,-9.38179520493116e-10,7.940478541845169e-10,-2.909756417024411e-10,-2.8397754440772266e-10,1.4882927123243706e-09,1.2006476940288235e-09,2.8213835297627296e-11,2.148619962902011e-09,-1.4116435482322136e-10,-8.857027962101485e-10,-8.010479897071845e-10,-8.129989318100006e-10,-1.6111702245109665e-10,-2.9518303133349116e-10,1.2189406220988062e-09,2.4327586226945778e-11,1.2187931641873962e-09,8.947468332244013e-10,1.0777142282645666e-10,-6.795008465664509e-10,1.495030033890563e-09,1.6065776794206455e-10,-9.41121382800572e-10,1.5261945572728034e-10,-1.1814871383663275e-09,-6.923984801449286e-10,-2.584230801342108e-10,5.791059467548082e-10,1.5137520039859973e-09,1.3559469653754698e-09,3.0917914630045684e-10,9.055621696404511e-10,-1.337430000772877e-09,1.5349621578721514e-09,-3.4190567698689215e-10,-1.2931567742731288e-09,1.3390230089808259e-10,-8.122781796724165e-10,6.07808567943938e-10,-3.5410870309929157e-10,1.6333392470466745e-09,1.7920508008547421e-09,-3.8372757775682785e-11,1.0805650368956472e-09,-1.516567957533335e-10,-4.5044277418192913e-10,1.6692028917997877e-09,1.0463656846016416e-10,-6.463295571185643e-10,3.2138648984987576e-10,-7.617112714171067e-10,-3.6135182928505253e-10,4.76369592968388e-10,1.2147637146680464e-09,1.048731056468134e-09,6.684142615961879e-10,-9.172500055441043e-10,1.0320171472075258e-09,-2.93728488297822e-10,1.587574284383277e-09,-7.919198761003055e-10,-5.988882573967814e-10,-1.550521733165391e-10,-4.6520969832105853e-10,2.493969389357416e-10,-3.383278292530071e-10,6.799835518520507e-10,6.195372344030573e-10,-9.753031132280431e-10,2.617297506887018e-09,1.3799830995477878e-09,2.3086919330609694e-09,2.674059908562021e-10,-8.863644276984037e-10,-3.117964347268084e-10,9.875635052912191e-11,8.550658359378037e-10,9.56805960363041e-10,1.0200772257927482e-09,2.0620446339263375e-09,-2.95050959820431e-10,-1.3424713233548637e-09,2.4007045412828423e-09,4.942830547565391e-11,-5.330519786217697e-10,-5.579495784543003e-10,8.945158695911026e-10,-7.042635932086894e-09,-1.097490884014408e-09,1.4435256743081822e-10,5.232206288901833e-10,-2.71552152496393e-10,6.831608340823154e-10,3.3164350963269446e-10,6.003484913775553e-10,1.1571635583396866e-10,1.5301410413117762e-09,1.0154094804952935e-09,-4.1401956776457395e-10,9.757475294821246e-10,-1.1692210591860514e-09,4.920584415621813e-11,-1.066386879420382e-10,-1.4166394471667986e-10,2.9688926009844427e-10,1.6882663065812015e-10,1.2986478403215391e-09,1.7516826933329161e-09,8.446335536616247e-11,5.942901996852254e-10,-1.9948537708389208e-10,-1.7533103944830164e-10,1.4564683378899527e-09,-1.0753218937192455e-09,-4.09691275994883e-10,1.445347993882012e-10,-2.668002708717923e-10,-9.209911239957136e-12,2.6479294352149128e-11,-7.205820324163107e-10,-6.501596819988457e-10,-3.606055225345196e-10,-6.273057048179612e-10,-9.118186452159641e-10,4.653716380107778e-10,-1.663404697022116e-09,3.3869135487590495e-10,6.441269288605704e-10,1.6688871190611897e-10,2.1198906381900147e-10,3.0323665631623483e-12,1.4630207233647775e-10
L12treat_p4,-1.0660437282859186e-10,1.0418582955623571e-10,-2.4715981125693267e-10,-4.936662695594448e-09,1.912527694415115e-09,-5.564659965095135e-10,1.319220943418104e-09,-2.3117956618885442e-10,1.5366809820407806e-09,-5.919136099526969e-10,3.9046217752938005e-10,1.1490675168636599e-09,-5.946583504300725e-09,2.4657989693894155e-09,-4.658310143326325e-10,9.301581695666248e-10,4.846864580036691e-11,1.2117043529051931e-09,-9.048268046670471e-11,4.3610840417404235e-11,1.0307636168462561e-09,-6.9773612048579395e-09,1.1054282057162947e-09,-3.364770243642402e-09,1.7587688436414504e-09,6.071248534733573e-10,2.2713071042221848e-10,-8.859244183021497e-10,-7.035792411654951e-10,1.9413593635904966e-09,-6.526436046856965e-09,8.055472335290587e-10,-1.6794633956413458e-09,-1.429344333106355e-09,-5.845263348496157e-10,2.5679091556349613e-09,-1.0450669975295888e-09,-6.227002597315358e-11,5.668070854014081e-10,-4.4672641630174466e-09,3.3326880152714845e-10,-2.075105603674943e-09,4.902532122143061e-11,5.130519481114004e-10,1.359102928130155e-09,-6.662039053660197e-10,-3.746201862641956e-10,-5.572096367121487e-10,-1.8403608595106156e-10,-3.490858550095244e-10,2.0769849865350186e-10,-1.1884102227416812e-09,-3.055133881994982e-10,3.7254423545908926e-10,6.625247996803198e-10,3.540483268249597e-10,2.903096001883093e-10,1.594364235588868e-10,-1.431372072141397e-09,5.918546607502769e-10,-9.031626516141529e-10,-4.4015675936657326e-10,2.3243475720837374e-10,8.985268731836228e-10,-2.7950492131818284e-10,-1.8805048144306391e-10,5.52865726869657e-10,-3.9691914074946385e-10,6.585791221869737e-10,7.444343598831426e-10,2.8107011916338856e-10,-3.686449682702624e-10,-8.035465527459004e-10,-9.195648385491246e-10,7.937371177781991e-11,-3.315327091034304e-10,1.0097614147574974e-09,-3.98615287038881e-10,1.305565767912664e-10,1.171850242099618e-09,-5.297425011346352e-11,6.539999642875877e-10,9.700035684777449e-11,-1.911379722902491e-11,-1.4465312303224674e-10,-1.7220111466745167e-10,-2.716659225654856e-10,-3.9827505935716704e-10,1.2937885366494225e-09,7.671038351233155e-10,-7.001476059272497e-10,-2.9383110320737514e-10,3.2986100816261404e-10,-1.2754983478827397e-10,8.608239164927244e-10,4.1574373196535174e-10,-7.673734624337429e-11,-6.256195317531444e-10,-5.800842914858633e-10,-5.660118120494918e-10,-3.052590785042382e-10,-1.4296776295977768e-10,-2.1801109764611296e-10,-6.99385711197005e-10,3.2860059504883994e-10,3.244118649264154e-10,-1.1367175539953954e-10,9.844829919405757e-11,-1.9279668153702803e-10,1.130721031025478e-10,-6.684657730657711e-10,-9.105124571339687e-10,5.17363793240704e-10,-1.2437878847305243e-09,-1.1219905905581863e-09,-5.612258632028426e-10,1.6897095228238177e-10,9.679754304815288e-10,8.765996367545987e-10,-5.583719094467981e-10,-1.89467802763882e-10,2.2102189356277133e-10,-2.166293269027119e-09,-7.169132827931431e-10,7.453136555142072e-10,1.1090588816084025e-09,-9.497153696568009e-10,1.2745842188008023e-09,3.4258139172880614e-10,2.8078190388449115e-10,-1.2691814951250359e-09,7.39681323295903e-09,2.34428211002824e-10,6.296805373050972e-10,-1.1381829692850915e-09,-7.266437974137919e-10,-1.3198087699443586e-09,4.946353015983446e-11,-8.710182678067929e-10,-4.325951766106112e-10,-4.933339934955038e-10,-3.816016717960738e-10,4.1661727455081106e-10,-4.751099805830062e-10,2.419867439830855e-10,1.3308703744678945e-10,2.4987921073550157e-10,5.365941276141207e-10,3.0361499259996065e-10,-1.0631188779037797e-10,-1.1028946446816074e-09,-8.682167148637065e-10,-4.0274656880908683e-10,-1.6160037730563398e-10,3.899916088656681e-10,1.1711155813124781e-09,-1.1114238630879199e-10,3.565444510880738e-10,2.3220350964658725e-10,-1.0129203296570496e-10,4.2806491258219123e-10,1.32480065511571e-10,-5.2123845728367025e-11,8.123785633261183e-10,7.775414085422297e-11,5.069634852408309e-10,9.187575346319463e-11,-3.263028123128107e-11,-5.986611678019445e-10,5.855441168970429e-10,-5.998221241821224e-11,-4.287930187060106e-10,-2.922015403873586e-12,-2.7341485794324775e-10,-2.0419154883624303e-10,-3.085486666022161e-11
L16treat_m4,3.045995632527203e-10,6.103527443808077e-11,-4.037603443433759e-10,3.9787922046330415e-09,-8.516415819898281e-10,-2.0023092099381824e-10,-5.556121434999317e-10,9.302319988395492e-12,-7.120135116535842e-10,6.765960940471586e-10,-2.221588834112937e-10,-9.678557787624154e-10,4.771706786941135e-09,-6.456792050285665e-10,-3.2199631567926753e-10,-1.1306968945282055e-09,-1.0778852541774752e-11,-4.198668927780759e-10,4.1126306209309096e-10,1.3634988981646152e-10,-7.683861776980152e-10,4.413648674857816e-09,-1.7109699534280085e-10,1.9454165416372936e-09,-1.302806884319685e-09,-5.496685567645394e-11,1.5677797924244108e-10,1.0329590534935088e-09,6.70113763787915e-10,-1.3008572359664402e-09,4.697594240749103e-09,3.419983657468006e-11,5.522958074848869e-10,1.0243278120017552e-09,5.188203877460034e-10,-1.0450669975295892e-09,1.0966977792494852e-09,3.547656351451576e-10,-4.795443855250414e-10,3.9047709049787925e-09,4.817517959394535e-10,1.3443579853153185e-09,2.416624406883453e-11,-4.4738593828192483e-10,-5.756742985860005e-10,8.326181147073258e-10,4.498667797104413e-10,6.224477391672041e-11,-8.523806565000703e-11,1.063415751316522e-10,-1.4630476166006904e-10,7.774900198685873e-10,1.7525283320021924e-10,-2.990576121854398e-10,-6.676559129456686e-10,-1.764846145476459e-10,-6.663130233678674e-11,-2.0832795881174373e-10,5.537689148356508e-10,-5.228571262485472e-11,4.685255303671084e-10,2.1329993198669784e-10,-1.6278565033881664e-10,-5.243312648713164e-10,2.1523354926634424e-10,-1.3180938561824507e-11,-2.7639478611310074e-10,1.1253746898756445e-10,-3.6538843297551187e-10,-4.281620786989721e-10,-1.7874115950887598e-10,6.809149491574852e-10,9.890707555326387e-10,2.5810165083249957e-10,-4.532832120663633e-10,1.1985261965039394e-10,-7.035461237781565e-10,3.830367040230112e-10,-1.61061015235039e-10,-6.685713922679456e-10,-5.82560395572865e-11,-3.858816866578159e-10,4.70167949396954e-11,-1.9038229632400007e-11,6.002882642464654e-10,3.7267223496708007e-10,-5.984943814079405e-11,3.9577176038686374e-10,-6.733897828890066e-10,-3.9477426317881774e-10,5.240527164808412e-10,3.605445168401352e-10,-1.6425067752088538e-10,-9.529771703979381e-11,-4.80088854407254e-10,-7.900864853210438e-11,3.697772242367207e-12,5.921680594948872e-10,7.997472224089514e-10,3.3761926026060565e-13,-4.50339325102911e-11,2.7176790040406886e-11,8.313608888265955e-11,3.567706915441682e-10,-3.3798117976956546e-10,-1.8081565117757242e-10,-4.247631228547673e-11,-4.344857572808501e-11,2.9818128771826463e-10,-1.4613438416031224e-10,7.871834704117071e-10,8.237706900198063e-10,-2.0875139253828754e-11,1.909184867505088e-09,9.146240219904368e-10,6.617642483482774e-10,-2.004438314549815e-10,-1.113248518501815e-09,-3.462509431768156e-10,4.5703852000886363e-10,3.2471970933868305e-10,1.4297397492408704e-11,2.1374331675428455e-09,1.2273760120704816e-09,-3.318084757841e-10,-3.7265749168141357e-10,4.375634236481392e-10,-4.0722709654176657e-10,-5.78066701489998e-10,-3.675494796949812e-10,8.853547952498286e-10,-5.114166235475624e-09,-6.239845587273464e-10,-1.7401353602716097e-10,5.70943265848165e-10,4.663103090649215e-10,5.108471647951869e-10,-1.1886679396298563e-10,6.946388270310517e-10,-9.404833129712316e-11,2.8860594852553893e-10,1.294576684585747e-10,-1.1691911043444835e-10,2.580641813827486e-10,-4.4258327085997375e-10,-9.173464122243053e-11,-2.403062473566338e-10,-2.323062445071416e-10,-1.9112736535279433e-11,-4.361806107262503e-11,8.93784044524401e-10,1.0266341592270908e-09,1.6424573251110343e-11,1.200595458811185e-10,-2.838782807902491e-10,-5.030351006155137e-10,2.018183759675083e-10,-3.1253919766971175e-10,-1.5250157769915282e-10,-5.895889959183439e-11,-1.5723907809789966e-10,2.3256890607161995e-11,6.078844435438508e-11,-6.231987240331039e-10,-3.9845236936915057e-10,-8.314072484938749e-11,7.576318492119304e-12,-5.157493876296037e-11,2.920194158418581e-10,-4.5786720094059636e-10,2.442722869580214e-11,3.0038217658750613e-10,1.424780333225232e-10,1.0443507376969691e-10,7.729011857379829e-13,6.605264494415532e-11
L16treat_m3,2.6292592974662487e-11,1.725858802561303e-10,-8.306057390753839e-11,8.718722992881273e-10,-1.0897433398260364e-10,-1.0161002941389298e-09,1.108261313334615e-11,1.002343409184068e-09,6.766583563400635e-11,6.362997974405965e-11,1.722105585980469e-10,-2.197108127331266e-10,7.018518760586047e-10,-8.357537711924953e-11,-6.788579977247268e-10,-1.0666461768167196e-10,5.057077527889611e-10,-3.5780469080751274e-10,2.373803926700928e-10,3.8720854523007804e-10,-1.2343415322773693e-10,3.335692847039193e-10,8.424963992625493e-10,8.919975992927804e-11,2.057458359497697e-10,2.1065998746292245e-10,-1.6319934860887995e-10,2.60381690653386e-10,4.2425208779203234e-10,4.4245863893996145e-11,2.412026426604936e-10,4.13510491283989e-10,-3.11212989280093e-10,-2.6669639550144075e-10,5.315158723313664e-10,-6.227002597315386e-11,3.5476563514515634e-10,7.987483111874711e-10,1.7565918528651265e-10,7.798209137232837e-10,1.0366462547077295e-09,-1.2656918322990196e-10,3.563609561722726e-10,4.2851861885386365e-10,-3.691908415763064e-10,4.126390340501517e-10,5.131297150867067e-12,-2.109102378307822e-10,1.2889422761687808e-10,4.719803735834645e-11,1.4331824090778613e-10,3.1340182762595665e-10,-6.321512898677611e-11,1.9334746878372403e-11,-8.123090909888686e-11,-1.5710071926513348e-10,9.56443963722119e-11,-2.3436038988089155e-11,-4.1082443808227084e-11,-5.970428862674598e-11,7.640027195418547e-11,3.4201504908437765e-10,-7.764992350212078e-11,-1.5729558032905136e-10,6.241713361306634e-11,4.916146533958242e-11,-2.125459946316474e-10,1.1659283657386246e-10,-1.448586701371586e-10,-1.229602081016597e-10,5.392690048390775e-11,9.248913006753529e-11,-2.6008293456495546e-10,2.8712403393508388e-11,-3.5851736316232576e-13,-1.371508684840978e-10,-8.679111513432352e-11,2.0274255295552292e-10,-1.2540436330823194e-10,-1.7539846334222993e-10,5.642402412952447e-11,-1.5772077856838076e-11,1.2293188755020567e-10,-1.4233278871812772e-11,-9.51269832431175e-11,1.204549106392918e-10,4.396964401262541e-11,3.087896867910485e-10,-1.466670556329069e-10,-1.392110448056031e-10,1.9609820454513684e-10,-1.0894336612731671e-11,-6.437119703762202e-11,1.8991344238084665e-10,-1.6280642800783204e-10,8.51543369315034e-11,3.6890410793517714e-11,-4.714227570030046e-11,1.3876597503920284e-10,-1.825139087287688e-10,-2.7980533593173344e-10,-8.61891182910636e-11,1.0193335823127934e-10,2.2897242765994403e-10,-1.4244410887032102e-10,-1.4695844372220518e-10,-2.726729281401806e-11,-9.562269666647742e-11,1.272344603602795e-10,7.403634379204632e-11,3.161330824012152e-10,5.546388215793922e-10,-4.272606058177271e-10,3.304384182183572e-10,5.569804147973816e-10,-2.882862113622049e-11,3.777998415652603e-10,7.080781334859036e-11,1.7274188810223854e-10,1.720829020162086e-10,3.5894694348435234e-10,-1.624324504185289e-10,-2.2599809443938365e-10,2.7130975230539227e-10,6.153743316427477e-11,3.311669941135086e-10,6.256596098655152e-10,-1.1843733590510377e-10,-2.600715062499207e-10,-4.1069231681894316e-10,3.582371745759339e-10,-8.763822237422517e-10,-3.5764533843088757e-10,4.804118121390082e-10,-3.049008264300957e-11,-3.251376987513038e-10,1.3208590019874464e-10,-1.9150359266114033e-10,1.8907977285612336e-10,-4.5319812493885536e-11,-2.6144527495127224e-11,1.0199235505561602e-10,-2.1553732764987996e-10,-1.100007553245964e-11,-2.74126675282788e-10,1.1049929284442313e-10,-3.304636891858446e-11,8.945284924475618e-13,6.82157919490847e-12,-2.8117124162712155e-11,1.2264390715308416e-10,3.716808315506683e-10,4.2120953378783664e-11,1.9884983274245397e-10,-2.561252315019249e-10,-1.3995118502610773e-10,2.7884095375384926e-10,-1.0348591311827506e-10,-1.7286826339726885e-10,-4.23601055819476e-11,-3.912156590702252e-12,8.383647180215313e-12,4.621670862105355e-11,-4.355932332232929e-11,-7.979728688951129e-11,3.7603668952402286e-11,-6.408126734338631e-11,6.339126942043083e-12,1.2135203907981031e-11,-1.9654927087777384e-10,4.824923084608374e-11,7.905061314954249e-11,-3.356820098617555e-11,4.7762110102479285e-11,-6.581507475151087e-11,-2.997019064218894e-11
L16treat_m2,9.88037889710212e-11,2.6930450405088154e-10,9.84457299594546e-10,-3.3877374096884502e-09,7.608070128103526e-10,-1.176400164576253e-09,1.9945379415767957e-10,-2.828951422939957e-10,8.759186182116609e-10,-3.725472098489322e-10,5.635714319851831e-10,1.7972221485461926e-09,-4.340214647175907e-09,4.551392638185759e-10,-1.1997722448668928e-09,6.878909801449072e-10,2.1699603652383315e-10,4.910814202048829e-10,1.055136504188216e-10,-6.185072750335529e-11,1.8325221033345965e-09,-4.710752183517016e-09,7.350718080931257e-10,-3.0213167740990074e-09,8.294433273883399e-10,-5.458706414829681e-10,-3.1197490185370086e-10,-5.401470241503536e-10,-5.422647304901387e-10,2.776032599444652e-09,-4.33834788217027e-09,1.3779985142337395e-09,-2.175559899549315e-09,-2.0312988814493244e-09,-6.340617765861329e-10,5.668070854014199e-10,-4.79544385525048e-10,1.7565918528651053e-10,2.3115828389487426e-09,-3.5223796002825755e-09,4.07467382883681e-10,-2.115674669326437e-09,-4.43134350155897e-10,2.2991678575729904e-10,1.392268370726895e-10,-5.18318208121272e-10,-3.4451315250501826e-10,1.478370725956782e-10,-2.94007327223922e-10,-2.6976447546845005e-10,-1.9856217683235958e-11,-5.554452904389813e-10,-4.8924915483584156e-11,2.3441418997387114e-10,5.301812865920585e-10,4.347651244148947e-10,6.530309425651114e-11,1.7116197461450358e-10,-6.687175765228331e-10,2.1214456928136887e-10,-8.106444832717818e-10,-1.7253095076984375e-10,4.4997323229400626e-10,4.271925252849284e-10,-3.6080741613114713e-10,1.641661134165324e-10,5.48970721763833e-10,-2.494467958362489e-10,4.72338435449176e-10,3.2717722178300583e-10,2.305863668054823e-10,-5.486640784341328e-10,-1.0451132531120128e-09,-7.206031250722608e-10,4.956981551370809e-10,-2.2176279883420412e-10,3.236295446988214e-10,-2.5971190297634325e-10,2.9690342368765364e-10,5.670066927977507e-10,3.54256696992541e-11,7.876936776346093e-10,-2.5452125661245814e-10,-3.797868753222276e-11,-1.425687462221217e-09,-3.917453613369201e-10,1.369463033098565e-10,-4.454204625495716e-10,3.3072812024686374e-10,6.070112857604033e-11,-3.216902045505114e-10,-3.4058191327587546e-13,-3.444792371001714e-11,1.1407166267833089e-10,5.029902691184932e-10,3.6888894063414896e-10,-1.6884663977481728e-10,-3.472514840862498e-10,-5.12020656408903e-10,-6.636214513292938e-10,1.0193394012277922e-10,-3.8126926099650674e-10,-2.400598269807473e-10,-4.815814300440627e-10,5.670982342618203e-10,-5.595743765819545e-12,1.0966820994944862e-10,3.427499042017117e-10,-7.827425076488285e-11,1.4924673139799398e-10,-4.057523328229937e-10,-2.1902191046565433e-10,7.211409451746927e-10,-2.008401178372735e-09,1.2364251379124874e-10,-1.373152400822067e-09,6.812690654780295e-10,1.1502143621471748e-10,6.544374870237066e-10,-1.4492495636851852e-10,-1.0601988419670112e-10,2.8506559735232465e-10,-2.2560041151644757e-09,-6.048542164500542e-10,-2.8315521958262497e-10,-2.3211836853394212e-11,-5.624882940063583e-10,1.7415907747162395e-10,3.368486548442392e-10,2.0611961855182662e-11,-1.678060612758228e-09,4.876346760788844e-09,-2.489525448023573e-10,1.2289841327195581e-09,-3.482139998206245e-10,-8.051693771560332e-11,-3.600497155039133e-10,2.8097182691038177e-10,-4.29243901853875e-10,-7.182258744406446e-10,-3.578187806961542e-10,6.630230939326203e-11,-4.308815463399122e-11,-9.51009980477577e-11,5.292698781984135e-10,2.107209256075688e-11,1.9799307179196275e-10,4.024935898206194e-10,1.2508683646293485e-10,-9.140375886310876e-11,-9.893806577752948e-10,-7.387971752963956e-10,-9.812604378831874e-12,3.0296485055912033e-10,6.689142196101589e-13,3.753490649427368e-10,2.084352649912989e-10,6.320921925279258e-10,-7.591972988476383e-12,1.0570546745553581e-10,5.650519171435787e-10,-1.279774226960186e-10,-8.194184318611084e-11,6.552470249086035e-10,1.3939566054402938e-10,1.9706480887493827e-10,7.071860773812784e-11,9.041548036324602e-11,-3.2723670237361103e-10,3.477596487230853e-10,-3.404916592993705e-10,-1.793106158823769e-10,-1.617919521121833e-10,-2.6842119598526014e-10,-9.819691379687718e-11,-3.672348027660017e-11
L16treat_m1,4.285714772201737e-10,1.1292208393483576e-10,-1.887090735750181e-09,2.8490864375236555e-08,-5.503580550069289e-09,-6.475067736858911e-10,-1.4161521193667716e-09,2.000698345728963e-09,-5.940673528449017e-09,3.073046136219149e-09,-1.8487657462677062e-09,-6.556152929868304e-09,2.825891473256442e-08,-3.260010302058483e-09,2.6910429548482157e-11,-3.8799650038944104e-09,-1.5395872140952013e-09,-1.9779281553920544e-09,3.802409151887874e-10,8.439902009308337e-10,-4.259516489869482e-09,3.2029701619587704e-08,4.241381050465624e-11,1.1851776396509222e-08,-4.9187073198589425e-09,-1.8481488810171053e-09,1.6030205353793276e-10,4.5362686104788585e-09,2.9410955660587144e-09,-8.697315945160961e-09,3.021907403744176e-08,-6.786480759825365e-10,8.429246944063153e-09,6.741988375653589e-09,6.119156359415754e-09,-4.467264163017428e-09,3.9047709049787826e-09,7.798209137232902e-10,-3.5223796002825106e-09,2.994847822097369e-08,3.6956831504824977e-09,8.996690179180266e-09,2.717861406795078e-09,-1.2298631349523878e-09,-2.6700216311105796e-09,4.453514830609112e-09,1.9427864751679662e-09,-2.211129528456273e-10,1.6151722271088343e-09,2.5086423307827196e-09,-6.920853826005202e-10,6.474728971887891e-09,3.4705387145146745e-10,-2.765182441371414e-09,-3.401341509276223e-09,-2.3722381521101587e-09,-1.2133127644548313e-09,-1.2626525719209603e-09,4.481066669593599e-09,-1.5024609037106263e-10,3.6112205423760136e-09,1.7745507079911285e-09,-4.1820775872194e-10,-3.0714674741611937e-09,3.653343572623112e-09,2.825061780723591e-10,-2.793471706883926e-09,1.1277383104174175e-09,-3.3516470486515496e-09,-2.7932163008061124e-09,-1.4192371509388567e-09,3.576678705094911e-09,7.416987062009937e-09,3.0231049896808404e-09,-1.0175921122363242e-09,2.003643655179034e-09,-4.3480749829867355e-09,4.810332141325233e-09,-1.2553394345705061e-09,-4.974864689797741e-09,6.433228231920733e-10,-3.35194464669561e-09,7.795436971048845e-10,-3.787599253544418e-10,5.567033239536866e-09,4.293859383589623e-09,-5.278910312326082e-10,2.3366160583575634e-09,-2.3600407488034103e-09,-1.7689961497034212e-09,4.270077490276398e-09,1.546651605327516e-09,-1.837514678945055e-09,3.8117183868087845e-10,-2.832679327334285e-09,-9.399290431785868e-10,6.646836358589296e-10,4.627867393340444e-09,5.24296227782152e-09,1.065021955700162e-09,-1.0249130960345407e-09,2.0832164832684613e-09,-2.8755286212287e-10,3.822230306607577e-09,-2.49331676502579e-09,-1.5726484815108578e-09,2.650848692726078e-10,-1.0841631127381917e-09,1.1300333831706973e-09,-1.2338685253719132e-09,3.768298564263002e-09,3.365450452195413e-09,-2.0791773564711777e-09,1.3784724100683265e-08,3.2515643856383794e-09,6.722998612374171e-09,-2.1132619250815497e-09,-6.682087178986866e-09,-1.9477524435424313e-09,1.7881343468962916e-09,1.7754065134871335e-09,1.878689429823232e-09,1.537893426558788e-08,8.581179695014106e-09,1.0285488158408432e-10,-3.0040642731892075e-09,3.943344971305826e-09,-7.02259681796915e-10,-2.674564341688674e-09,-1.403102817331472e-09,4.570168682826498e-09,-3.5991422557653025e-08,-2.2346127761249318e-09,-1.5706864222512803e-09,2.7920322969068617e-09,2.4096008447753075e-09,2.7725338335998694e-09,3.939230828572155e-10,3.2666788770441116e-09,-6.114758406478112e-11,3.2730463795897643e-09,1.9615254366804985e-09,-8.381858025989954e-11,3.3965220411295298e-09,-3.1638840256611097e-09,-2.63142423566787e-10,-6.332770450657215e-10,-1.364339425636159e-09,2.986442133757542e-10,5.755463506707939e-10,5.754105039048357e-09,6.745900347239173e-09,-2.0318749233890825e-10,5.456719855477444e-10,-7.008454909421682e-10,-2.154314689452448e-09,3.072510413886473e-09,-3.1372271028633327e-09,-1.048389897780122e-09,4.709039930139125e-10,-1.854413953124781e-09,5.931689852651063e-11,6.535197179226849e-11,-3.8882775825194665e-09,-2.6168465435877863e-09,-5.90648779519398e-10,-6.575770643994785e-10,-1.7869262487036674e-09,1.6493355088810557e-09,-4.651650661327831e-09,7.588595756909771e-10,2.409841144490105e-09,4.806153446692541e-10,1.0822360532682913e-09,3.072317565923098e-10,5.444583567536317e-10
L16treat_p0,-6.014534699645133e-10,9.961865961188779e-10,-1.5811357460379593e-10,1.407377766398435e-09,3.913674886910107e-09,-3.99952178548944e-09,-4.3894918145230043e-10,-6.851567277102967e-10,-1.138505496772551e-09,-3.365154711330068e-11,3.0579683091284407e-10,2.9827308198899946e-11,-1.7060763973634253e-09,5.73097695268403e-09,-1.3115239646634827e-09,1.4673306803962365e-09,-1.921188854343017e-10,3.2409168201091707e-10,-7.83107468504543e-11,7.409687528217918e-10,4.917801965498195e-10,3.635252606731006e-10,7.190649117072318e-09,-8.139586676958434e-10,-1.80148091924273e-11,-1.0045141161036723e-09,-7.477792735827974e-10,5.346490512657626e-10,4.2356447272038584e-10,1.0365094390002256e-09,1.395051217451546e-10,7.3171219243527765e-09,-7.256046951706136e-10,-3.881641451655795e-10,3.323560975612727e-09,3.332688015271372e-10,4.817517959394718e-10,1.0366462547077347e-09,4.074673828836801e-10,3.6956831504824924e-09,1.134158304805046e-08,-2.1896435655503493e-09,3.8490950941664303e-10,-6.732374221898322e-10,-1.4457479207734115e-09,3.17513613818825e-12,-1.4001728376618106e-09,-1.059072830104656e-10,1.580399527142128e-09,7.155338844755389e-10,1.0164662542431601e-11,2.166025862965895e-09,-7.427179434655854e-11,-5.684799282967738e-10,-1.0583937461000461e-09,-7.845285700908188e-10,6.71498190459889e-10,-3.232105368631697e-10,-7.626572001501784e-10,6.428199992896706e-10,6.02879650834989e-10,6.550453379121975e-10,6.222067241062056e-10,7.440554173857228e-10,2.4345278600811227e-09,-4.891308914351097e-10,-3.4685212812813636e-11,-7.091037751408505e-10,-1.017356224053856e-09,-4.153903661702451e-11,4.6996695608793296e-11,1.680420616775817e-11,9.084759485825023e-10,5.85137045257262e-10,5.633548646834446e-10,9.70811277344135e-10,-8.44121584696095e-10,2.3386146402445386e-09,-7.214811273073732e-11,2.6020207986622944e-10,-8.365399455586704e-10,-1.8617116214737135e-10,1.1551011862730058e-09,-6.061174629701994e-10,1.1339801192127213e-09,1.2863195177121974e-09,-4.210000700185444e-10,1.6465724491477328e-09,1.6938996885340085e-09,3.896822820319633e-14,1.566176354918091e-09,-2.3295707983953876e-10,-3.368213961790574e-10,-5.097704688274332e-10,-5.328780861584389e-10,7.340064628211477e-10,3.0206878582509564e-10,5.7856511209375604e-11,5.528289666840245e-10,-7.185752699352383e-10,-1.4343426979981884e-09,1.1988294756373335e-09,-7.918876339230502e-10,1.3722329329430591e-09,-5.645814779848931e-10,-1.5534839139413646e-11,-1.2581303860245126e-09,2.151279840276448e-10,8.456238404756045e-10,-3.4437267096846774e-10,5.381184616315224e-10,7.672620706347028e-10,6.71197883874305e-10,2.889425474216713e-09,1.684713073212003e-09,1.043498450829076e-09,7.129878019861651e-10,-3.084025460899517e-09,3.0828945702259363e-10,-4.547660997857856e-10,1.101499482736358e-09,1.6819863982275273e-09,4.249964861676819e-10,5.299209968286841e-09,-7.541188270363679e-10,-1.33257775574251e-09,-2.5009136888954597e-10,6.487208142243357e-10,-6.721137226512247e-10,-6.826773741583244e-10,-6.04151199236913e-10,-1.0192064428052769e-09,-4.963864052475517e-09,2.393215820618208e-09,-9.5967239596481e-10,3.1647720333864655e-10,-5.689541234529769e-11,-4.507341194463595e-10,6.381291958780444e-10,-1.374184019053301e-09,2.159205264250934e-09,6.27394726140504e-10,-7.246557664375605e-11,1.0431730051219662e-09,-1.674657303989799e-09,6.392658276856109e-10,-6.776511298917753e-10,6.593803652472998e-10,9.90765364092239e-10,7.86631721343209e-12,1.8251110787171077e-10,9.388950002083962e-10,-3.497673911065915e-10,1.5838238248116183e-09,9.979990672110959e-11,1.7429231819811335e-09,3.1218736582494516e-09,-8.440123072260187e-10,6.20878367353152e-10,-7.868900685276413e-10,4.6105451681294837e-10,-1.9773681717671126e-10,-9.37605122763959e-11,6.980393618307774e-10,-9.006459224525298e-10,6.812353236115898e-11,-1.1071728604473282e-09,-1.4031828756955536e-09,-2.7388923543697804e-10,-2.049126612496725e-09,4.449787931721202e-10,1.9679706690356075e-11,8.101397338784895e-10,-1.9054873000976027e-10,-5.42737122613248e-10,2.6375010942970727e-10
L16treat_p1,3.6527572788020126e-10,-4.0129031105928796e-10,-9.180068500385777e-10,9.697640726061078e-09,-3.6567010135327107e-09,1.958073237992341e-09,-7.048935579666954e-10,5.181633044239133e-10,-1.8823365368259457e-09,1.2696315581344422e-09,-8.130093295418693e-10,-2.678106644465745e-09,1.1302017356503809e-08,-3.354680158223321e-09,1.0985299007865238e-09,-2.520718932238298e-09,-8.050298073090038e-10,-1.1780311858458878e-09,8.74039188099378e-11,1.3980232738008732e-10,-2.447415064567532e-09,1.1914271277755656e-08,-2.230639168206039e-09,5.883015228234481e-09,-2.0035112904827393e-09,-1.1957877513371433e-10,5.688438734416993e-10,1.575600735416483e-09,1.0234668045161925e-09,-4.363117037868335e-09,1.049534159010342e-08,-3.523797176612739e-09,4.1224356412040496e-09,2.6841539700222745e-09,8.875856554632622e-10,-2.07510560367494e-09,1.3443579853153212e-09,-1.2656918322989276e-10,-2.1156746693264094e-09,8.996690179180264e-09,-2.1896435655503906e-09,6.168560342229967e-09,1.8987025377827826e-10,2.2288968058176713e-10,-7.992411382736125e-10,1.1741391588029605e-09,1.16222008936666e-09,-9.031481210829364e-11,-2.9410051595226585e-10,3.642016365677515e-10,1.3478551392170912e-11,1.5668594725608263e-09,3.552572981037803e-11,-7.237624972968994e-10,-1.113356955137057e-09,-7.628900452431084e-10,-5.112316265402813e-10,-3.920690693791611e-10,1.7071720961244668e-09,-4.6178823231354563e-10,1.4602365500948677e-09,1.0492359758644633e-10,-7.655520223103453e-10,-1.2358707551988047e-09,8.114759230881256e-10,6.673555130754146e-11,-9.132533663986952e-10,5.578760046132059e-10,-1.0417091736095769e-09,-1.0936683806053815e-09,-7.904615307934739e-10,1.1311296775529775e-09,2.5621024856516904e-09,1.0543979822915263e-09,-1.2003917280499296e-09,3.0178680819073375e-10,-9.270246442359952e-10,1.114216900474078e-09,-8.482921995476332e-10,-1.73396097890815e-09,4.0589782184954527e-10,-1.2476580463889199e-09,-1.1165056807641129e-10,-1.4801017313641478e-10,1.801867828324345e-09,1.1181500542202307e-09,-3.1984748388170026e-10,1.3623399322232638e-10,-1.5914980833251964e-09,-3.57469653831473e-10,1.184317148904833e-09,3.8679887980509347e-10,-3.8812752797138384e-10,3.5552984719470036e-10,-1.1000249041118822e-09,-6.519174439130359e-10,2.0466579722782265e-10,1.1220440828293262e-09,1.5483690016236403e-09,4.486900179913674e-10,1.4803980801358725e-12,-6.8743648367985785e-12,9.180429693823415e-10,1.4722558641372104e-09,-1.2091799860251136e-09,-3.575878234750175e-10,3.547199103002037e-10,-6.295068940882826e-10,2.742644821795684e-10,-4.5918738843795306e-10,1.3645647406479228e-09,1.2960976065941814e-09,-5.535397051995635e-10,4.6545498586407045e-09,1.3125002023255728e-09,2.3212519494586726e-09,-1.4604127762732433e-09,-9.709953206847218e-10,-1.7161130105249447e-09,7.34026502703206e-10,6.418334331304989e-10,-2.383874629339029e-10,5.425364325856068e-09,1.4640877090659623e-09,1.1493986290843767e-09,-5.909604748925032e-10,1.1132230592211069e-09,-8.400667470156392e-10,-7.998564756478143e-10,-2.934338241288571e-10,2.335861406735389e-09,-1.296118467953498e-08,4.63363248449936e-10,-2.4293658816156017e-09,1.5640694119144578e-09,6.897938692507816e-10,1.2633973176915877e-09,-4.5229682539006607e-10,1.2409961417187898e-09,7.024106554538093e-10,2.558804167606373e-10,-6.431987614867062e-11,1.4511631560343137e-10,7.747451285863152e-10,-9.389108357726559e-10,-3.167305599971413e-11,3.4724542022394318e-12,-1.0300511395720115e-09,-3.1623374137114225e-10,6.695485726498583e-11,1.892772274084898e-09,1.8301761181346135e-09,-3.6269671218857936e-10,-5.417036913343405e-10,-2.201068072661309e-10,-1.0884864391225294e-09,2.598554790767488e-11,-1.0070678151148625e-09,-9.672306482740611e-11,3.7695023223124734e-10,-1.0183857692133554e-09,1.7602531579217792e-10,4.267305103912343e-11,-1.4233200520791545e-09,-5.964507254776463e-10,-2.2340969631725001e-10,3.661010453552009e-10,3.966936565136595e-11,5.722351659951532e-10,-1.0528385974128994e-09,3.9327057047119696e-10,6.74095671243188e-10,-3.5846514630750034e-11,6.031833849176967e-10,2.787904904564064e-10,2.21883327167897e-10
L16treat_p2,-1.1050072094124638e-10,-1.886662083998218e-10,-1.071907900394026e-10,2.2873512464129523e-09,-1.3896160154318223e-09,-1.0575101224013598e-09,1.0192037251786651e-09,1.5367398010226988e-09,-2.5698799376499186e-10,1.4422720224087846e-10,7.836994162702169e-11,-4.4300986230045913e-10,1.8797111576638225e-09,3.231982722455596e-10,-1.1198076298667944e-09,6.224050698543147e-10,-2.3965545600402205e-10,-4.688999240370231e-10,1.205194729812902e-10,2.372495065747399e-10,-3.950601455336925e-10,2.3111805914064554e-09,3.5173314481844775e-10,-1.5658651303331772e-10,1.6709524544738312e-09,-5.936339353937055e-11,1.3451670164342794e-11,7.966935753795365e-11,3.393365819921781e-10,-5.226372518961493e-10,1.7557565667801649e-09,-2.8217121404358385e-10,7.521674090810819e-10,1.5502348556372727e-09,9.544189294373572e-10,4.9025321221430794e-11,2.416624406883349e-11,3.5636095617227495e-10,-4.431343501559161e-10,2.7178614067951233e-09,3.8490950941662985e-10,1.8987025377826477e-10,2.746330277158326e-09,8.53808170804567e-10,-2.0361637647982966e-10,6.970790577463239e-10,3.3656696852246063e-10,-3.5931144003013386e-10,5.069182435471244e-10,6.171980858885025e-10,1.0071404981550895e-10,8.403885692124726e-10,-1.5832106571470243e-11,8.88240138453224e-11,-1.8231789085405826e-12,-3.7488945956222413e-10,-1.9528828296905264e-10,1.0590205450095856e-11,2.9031920439356273e-10,-4.732950463757663e-11,3.152602191008565e-10,4.893294656736744e-10,-6.941828821744679e-12,-2.0937722947802173e-10,6.872751157835944e-10,1.8067109085754913e-10,-5.101176155296745e-10,3.8208806121627873e-10,-4.4729283188223455e-10,-2.150321295104451e-10,-6.216415037809317e-11,2.1642434665304586e-10,3.7302408699452004e-10,7.011053137059289e-10,2.8634302239927555e-10,1.76055324763183e-10,-2.2640031689490157e-10,8.935731099690024e-10,-6.322865753488188e-11,-2.7554923084801174e-10,4.025326745877769e-10,-1.9768710459236655e-10,3.1543043236169585e-10,-3.147505532743644e-11,8.466539607116508e-10,7.892759120386877e-10,-3.310112610504345e-10,5.02474888958846e-10,1.6550998548383344e-10,-2.7689861528860226e-10,9.222376176387499e-10,2.4395327912543176e-10,-1.584165774793043e-10,5.358253631746958e-10,-3.1366717922693164e-10,-1.3104865771070174e-10,2.7426665240213446e-10,-3.0793564623026046e-10,6.014213933298486e-10,1.3103368075519865e-10,-2.352962866591816e-10,6.133065863899034e-10,-6.264340588441078e-11,9.001446807747627e-10,-4.168666024680047e-10,4.639026307950738e-12,-4.633695686744405e-11,-1.7049019532947598e-10,1.6775805142223097e-10,7.391172299788866e-11,5.611479176446528e-10,3.617817611550774e-10,-1.0203542512079581e-09,1.7769667242116186e-09,-2.295284962434952e-11,1.089111257552242e-09,2.7999874743179253e-11,-2.757479046258758e-10,2.5739562134676754e-10,2.8056192262765557e-10,2.8770300780280855e-10,2.173371507968424e-10,-5.224314284593144e-10,1.2333339925277332e-09,3.7362899663472654e-10,8.288792955017875e-10,8.774041764856685e-10,5.556134479854134e-10,-4.0338447262766336e-10,-2.144776947483797e-10,7.111185291565724e-10,-3.02912712474253e-09,3.591682892447344e-12,6.504561390102785e-10,-8.404286594526411e-10,7.813988831995704e-11,8.186868937317798e-11,9.639577435668231e-11,-1.1023255326753939e-10,-1.613232354857595e-11,5.568628633359287e-10,2.918602441491985e-10,6.814586266550071e-12,5.796624849615114e-10,-5.258499869550312e-10,3.3701214061707154e-10,1.3203252434211447e-10,1.5411927711532978e-10,1.2526414076690445e-10,2.9549277796143846e-10,4.3298147386837923e-10,1.0036589685049494e-09,-2.5624757364809263e-10,4.4265443187006284e-10,-4.744559792291345e-11,-1.0397185567532214e-10,5.504532678464175e-10,-6.381516623685783e-10,-1.1505556392268858e-10,9.117515686865754e-11,-2.0084034376275712e-10,2.5608255326945693e-11,2.0540657929511459e-10,-2.5427179975530875e-10,-3.7580157465871766e-10,-3.0916572180666896e-11,-3.007509547785868e-10,-4.4522646450991823e-10,8.916665762076117e-11,-7.566432273892639e-10,2.0465747753750683e-10,1.710495120215095e-10,-5.1513357360985236e-11,6.36910420789907e-11,-3.899415311445459e-11,-7.085084703478124e-11
L16treat_p3,-1.6826131223271455e-10,-1.746493671533973e-10,6.117371766710425e-11,-8.204714496998715e-10,-1.5996597991837826e-09,-3.7409501364473405e-10,5.402638287212534e-10,1.7100381434060504e-09,5.351248298450788e-10,-2.075254282129228e-10,2.9236443827503094e-10,-1.8112580275753924e-10,-1.1604441483141158e-09,-4.869779481732698e-10,-4.223891229991116e-11,8.028465440107228e-10,6.26253754154371e-10,-1.2535765248971767e-11,-2.7677861048106754e-11,1.7012560394849328e-10,-3.727716568270911e-11,-7.242079270392238e-10,6.795905480517026e-10,-1.7524243225194907e-09,1.6086267482991924e-09,2.104152577066326e-10,1.5875190826681322e-10,-5.396061554508773e-10,-8.42098072983427e-11,1.8223434806248075e-10,-3.0113834784096772e-09,-7.576561661061029e-10,1.4967372157610706e-10,-9.916980317559395e-10,6.909127460893544e-10,5.130519481114077e-10,-4.473859382819292e-10,4.2851861885385993e-10,2.2991678575730173e-10,-1.2298631349523878e-09,-6.732374221898074e-10,2.2288968058176676e-10,8.538081708045756e-10,2.753334427879026e-09,3.451705671661904e-10,-4.500720802828531e-11,9.997776507819132e-11,-1.7469837648491175e-10,2.622658889892696e-11,1.8941204794914841e-10,4.434050490659867e-10,-1.111141047853741e-10,-2.5831976121547073e-10,4.0602592936860715e-10,5.970436521742454e-10,-9.048303393847488e-11,-9.81993796171783e-11,1.763826598852571e-10,2.4093472569143725e-10,-2.860394747135381e-10,-7.568316140848713e-11,-6.827623954324286e-11,3.35707084724082e-11,-3.4064223704496484e-11,2.6646873452727725e-10,2.837890250505054e-10,-9.239781451340415e-11,1.2778873946428338e-10,1.1288502464481479e-10,1.6362866623505674e-10,-4.5470122995957994e-11,-2.557975366597737e-10,-6.072660195844011e-10,5.095761350596237e-10,-9.1140441104189e-11,-1.5455643968770796e-10,5.702732744882877e-10,1.2185050885900414e-10,-2.3264758371547274e-10,1.312238989158651e-10,4.562435693505051e-10,4.265198267521113e-10,2.4827858356536788e-11,-2.4506215477119896e-10,-1.9266583210785928e-10,4.6428484194481435e-10,-1.8404467539377507e-10,-4.98717733673323e-10,2.2678409141688895e-10,1.5580185744630282e-10,4.1436706562315656e-10,-1.7064184367198794e-10,-1.7543529196745172e-10,8.280310144932928e-10,2.2780063375224506e-10,-1.2133930352668726e-10,1.2491862762522776e-10,-3.3892971185901304e-10,-2.087580822656417e-10,7.990016715443681e-11,-7.179633145390578e-10,-1.3321625707917466e-10,5.820921808288819e-10,7.3251071991287e-10,-1.5203789399202984e-10,-2.467970500532303e-10,4.087237046419789e-10,-1.5948214989139989e-10,-7.365177024395653e-11,1.4428049614484338e-10,1.109616732626067e-10,1.0285157544086984e-10,-5.642832377141238e-10,2.0061299993767545e-10,2.134060180149609e-10,-2.418901432043758e-10,3.35281424906292e-10,1.6154868136239389e-09,-8.18595697756573e-11,3.4196739962754966e-11,1.7525090061474964e-10,-6.017790828108166e-10,-1.9348944915967333e-09,-9.46524762120629e-10,1.0801368732854208e-09,8.152891532065348e-10,9.128628326771413e-10,7.216322612555066e-11,9.852302438996414e-11,-1.692565764501736e-10,1.7247038924053514e-10,1.1295672251669277e-09,3.9448240552976377e-10,2.2229949332372795e-10,-3.5966897844645975e-10,-1.1583442489067432e-09,-8.860846416499758e-11,4.536947634968509e-11,-1.937998889325195e-10,1.0773806257292862e-10,-1.9920824802845382e-10,9.977673099560777e-12,-5.854603459355639e-11,-2.164958092389944e-10,-1.6423394331864188e-10,2.909256289791552e-10,5.339642653981237e-10,2.1127860830838057e-10,-1.2331885229420698e-10,1.96893341447818e-11,-2.1286001441902082e-10,1.2056563834068062e-10,-1.776118918229513e-11,-6.939794320243924e-11,6.52655028692931e-11,1.1837376421634834e-10,3.172304401251866e-11,-2.172635775935698e-10,-1.0050333510372423e-10,3.695150337826668e-10,-1.5246042501458196e-11,6.084614973025608e-11,-6.817712844333008e-12,1.9738890682763732e-10,-6.872090570928486e-12,-8.472435004220282e-11,2.0164278950769212e-10,-9.093237975102092e-11,-1.994954806128759e-10,-5.624801575818312e-11,1.327071906440656e-10,-6.334094064263797e-11,-3.6121845350598806e-10,-2.033854096880678e-11,-1.6842295361368067e-12,1.1765574620715935e-11
L16treat_p4,1.0418191908011883e-10,1.399137866540459e-11,-8.21823561001194e-10,-3.1544152219134228e-09,2.3530073477086014e-10,2.876310580798045e-10,6.930072521823828e-10,-7.984317987047712e-10,1.1015431841187566e-09,-3.262582453413716e-11,1.6340092475101728e-10,-1.8575638017159667e-10,-3.2045855383783707e-09,1.5399409765340104e-09,-4.102353513447776e-10,1.6036425285836905e-10,-1.0300291226699216e-10,1.6882401822693292e-09,3.1272202173581296e-11,-2.7200683760764815e-10,1.9509367936626061e-10,-3.6057919597928192e-09,3.692752513907416e-10,-3.3261458894102655e-09,8.821341332620555e-10,5.733834211201146e-10,5.821066419146368e-10,-2.2602751059195735e-10,-6.317335047269524e-10,9.399744254255586e-10,-2.4387362625256567e-09,-2.6627069373134833e-10,-1.3728587396744824e-09,-1.0739055155340121e-09,-9.381795204931308e-10,1.3591029281301574e-09,-5.756742985860005e-10,-3.6919084157630625e-10,1.392268370726868e-10,-2.670021631110619e-09,-1.445747920773404e-09,-7.992411382736218e-10,-2.036163764798308e-10,3.4517056716618377e-10,2.675908721806956e-09,-9.434338913500372e-10,2.480371255422728e-10,3.7552260729047654e-10,-3.7122984487601623e-10,-6.875573014674812e-11,4.6517782925209425e-10,-1.1712721158551613e-09,8.198042897813216e-11,4.2057948838420097e-10,2.688275187684113e-10,3.087998074578376e-10,2.2815181166081376e-10,3.625236336304685e-11,-9.083116614760576e-10,2.1447768422453177e-10,-3.5933518781240537e-10,-4.827422078032226e-10,3.827459670816747e-10,5.577536711159217e-10,-2.9083645564473143e-10,-1.8564109442708776e-10,6.085786274329672e-10,-2.8742015950455807e-10,5.366817746567929e-10,7.291991981488583e-10,-1.475907276407848e-10,-5.520480987770736e-10,-4.348838124589711e-10,-2.759656821452899e-10,1.622768268130811e-10,-4.21724235717445e-10,8.402870293486083e-10,-7.113002516178412e-10,1.1887955019718824e-10,9.53814302082515e-10,-3.652055987039465e-10,5.550269514271212e-10,-1.5999951485261854e-10,-1.78062768326139e-10,-2.9367132499026557e-10,-5.286929358844959e-10,-1.577990683801661e-10,-5.728958785989685e-10,8.922363819588506e-10,9.025219594617949e-10,-7.436070047664132e-10,-1.5105607805579927e-10,1.343920764847148e-10,-1.185746967794598e-10,4.787158349984899e-10,3.9158498715627104e-10,-2.2423075256982335e-10,-4.2006982038359886e-10,-5.136983744454482e-10,-1.091056618626188e-10,2.9851251404337435e-11,9.5130432978832e-11,-1.1440360176695365e-10,-9.852650646958867e-10,4.211994615723212e-10,-8.151086521198201e-11,2.4638220294404986e-10,1.8683020782231473e-10,-1.485759667208662e-10,-2.631545715927411e-10,-1.2792947542488487e-10,-8.499653391669515e-10,4.5165053533321874e-10,8.666503559116668e-11,-1.5422058430604223e-09,-8.538402596217214e-10,-8.605009621949659e-10,5.580145420332841e-10,8.430573527689837e-10,-2.021294101784722e-10,-5.809640164410995e-10,-6.05685594724991e-10,-6.626869811950871e-10,-4.5995785071515887e-10,5.630590801358521e-10,9.382883415698571e-11,-4.072471777720632e-10,1.2963187247864252e-09,1.701157649702668e-10,2.5702554629220904e-10,-7.43810575964192e-10,4.825392526824716e-09,6.021045972283362e-10,4.839066857764479e-10,-4.838319604916149e-10,-3.389051758236897e-10,-1.2425392401156467e-09,1.1902573940035503e-10,-6.825031084630461e-10,4.102999282961631e-10,9.878116363345162e-12,-7.505270387585898e-11,4.200875188619897e-10,-5.786514404789408e-10,4.109753250482911e-10,-1.502758673768357e-10,2.3443960512596386e-10,3.7867012826328e-10,7.769483754277048e-11,-1.9153943465695076e-10,-1.580605030807703e-09,-6.437985781521989e-10,5.021225038303706e-10,-5.18164435946018e-10,6.04071516794e-10,9.409794812805481e-10,-4.0364649428802553e-10,1.5842603397125215e-10,4.5621993881421296e-10,-5.511203710486523e-12,2.1993040757177213e-10,1.9949120126234562e-10,-3.0993184778036826e-10,7.628550775544652e-10,9.991273330439536e-11,-1.9505709732520996e-10,1.3717780644441785e-10,-2.37825252201541e-10,-6.452021995972723e-10,7.350367921541641e-10,-8.65376041831277e-11,-3.6085673825763057e-10,6.819839726651799e-11,-1.2762727670939798e-10,-1.9431593384433097e-10,1.7693549336361719e-10
treat_p5,2.6644039276126236e-10,-1.1725699233569102e-10,-2.543940568997971e-10,4.328692768960137e-09,-1.1952467229953826e-09,-2.719586364209985e-10,-1.4877227102574702e-10,9.218933661424432e-10,-3.1285607205262585e-10,5.031082403337241e-10,-2.7262169502904204e-10,-9.094809810758521e-10,4.9971741189133524e-09,-8.075697148412012e-10,-9.015190244682313e-10,-6.53900114650515e-10,1.252948331638594e-10,-6.52000601555557e-10,3.7947635052849163e-10,1.8490360375712058e-10,-5.926890661798992e-10,4.273611510479571e-09,-4.5481491106514523e-10,1.952314962839319e-09,-8.410100598949851e-10,4.106417974603257e-11,1.3244326404060987e-10,7.826727143986521e-10,6.635972705153267e-10,-1.1911630753676313e-09,4.374601166676925e-09,-5.575138567393969e-10,5.799518025829444e-10,1.54592308622925e-09,7.940478541845151e-10,-6.66203905366022e-10,8.326181147073228e-10,4.1263903405015344e-10,-5.183182081212627e-10,4.453514830609119e-09,3.1751361381865308e-12,1.174139158802964e-09,6.97079057746325e-10,-4.500720802828374e-11,-9.43433891350035e-10,1.6569136005825245e-09,6.103657477782734e-10,-4.2697014050369124e-10,1.24379654057925e-10,4.224363286269111e-10,-2.923077670114189e-10,9.75184578318351e-10,5.232611679380248e-12,-2.9006308061504813e-10,-4.845133184314176e-10,-3.1344447810323805e-10,-3.5972354791135667e-10,-8.072904274591176e-11,8.140792897053293e-10,2.0250079166069286e-10,3.5103247569691594e-10,5.518103174340139e-10,-1.84075104077977e-10,-6.967304789372726e-10,2.351559517399107e-10,6.759577904366755e-11,-5.276510845045864e-10,3.0261261620174947e-10,-3.460725819921944e-10,-4.742173035316012e-10,5.4933184760700114e-11,1.1225216989052965e-09,9.915428896506894e-10,7.345279178264212e-12,-3.309718167763496e-10,1.800076849867387e-10,-6.44714148872068e-10,5.041913186822586e-10,-2.8033969956254067e-10,-8.829041314833372e-10,1.1911285217792614e-10,-5.232494466160402e-10,2.5924152313722567e-11,1.940946918384358e-10,9.697598643263456e-10,6.958181720403711e-10,-1.441073137957091e-10,4.3007909973354905e-10,-5.480421279082109e-10,-6.797418415059627e-10,6.038484352845716e-10,4.6004533760995215e-10,-2.3516837162544346e-10,1.3126456241431076e-10,-3.081623011590698e-10,-2.014268487971412e-10,1.0902700179782125e-10,7.932865551397176e-10,9.903145078132094e-10,-5.252411530456954e-11,3.501605800697054e-11,5.4203716895815656e-11,9.692040220416262e-11,5.572921609157041e-10,-4.768223216706625e-10,-1.8979242261472205e-10,-5.998191107130462e-11,-2.532961562461343e-10,1.9700834609362112e-10,9.001740348176326e-11,6.894518112435436e-10,8.314580139586378e-10,-7.016244542448495e-10,1.5334174175266127e-09,5.219408988077513e-10,6.574408528934984e-10,1.3827796070409707e-10,-7.527904998127927e-10,-1.3996514487887288e-10,4.258496292608168e-10,3.1554835588551724e-10,2.6985001331047617e-10,1.7018664028378602e-09,1.0620974729566824e-09,-2.436513330815931e-11,5.013743511241029e-10,7.330876524340852e-10,-1.488842592706966e-10,-5.106577237446729e-10,-3.649580527630689e-10,1.1476901679538562e-09,-5.615569746564187e-09,-1.9270392286180995e-10,-6.952434133771918e-11,2.632015132806194e-10,2.372577904810815e-10,5.036444925480281e-10,3.2369612558568925e-10,6.300986256715262e-10,-5.028565919621206e-10,1.5842972432864272e-10,2.859909263217829e-10,-9.237500808826213e-11,2.9310460446560006e-10,-5.406324397354246e-10,-5.7587449062430596e-11,-1.8911155000409812e-10,-1.0907302064216625e-10,-6.628747384744737e-11,1.4817390119886002e-10,1.5972491899863697e-09,1.2827962992195727e-09,-2.699241982696231e-10,4.4825046513865505e-10,-1.7796102054657644e-10,-6.042738745943266e-10,1.356111159673283e-10,-4.1898779422003053e-10,-5.116121733644609e-10,-3.63564036660853e-11,-1.923552244753972e-10,-8.624424479710077e-11,3.2567122876721197e-10,-1.055648411462914e-09,-5.87475066999187e-10,1.9577229964810284e-10,-9.48030538611677e-11,-1.3688455255521812e-10,3.7505975862010176e-10,-5.318241497276808e-10,6.814889071899199e-11,4.258171375963887e-10,5.2972263081414147e-11,1.2763573502673418e-10,6.588614070009627e-11,-1.1140645932610163e-10
treat_p6,2.8799461574486465e-10,-1.460865239323843e-10,-4.783774548712765e-10,1.7263681162149028e-09,-1.5997143797917475e-09,1.730916709167001e-10,-1.1897382980675678e-10,1.0138037644920104e-10,-6.314478522745443e-11,4.124792992209638e-10,-1.1122451586260857e-10,-6.639977019307452e-10,2.7974619743985295e-09,-7.342785170421441e-10,-7.797401306429048e-10,-7.099199503986301e-10,-2.949325542586242e-11,-8.317751964843116e-11,2.5772179924277935e-10,-5.855653189465075e-11,-5.644484105670977e-10,2.310739362864545e-09,-7.605907216210438e-10,1.0259679976427136e-10,-3.185108329711594e-10,-6.911726435434894e-12,4.645082627417274e-10,5.896698985025678e-10,3.3851364680908505e-10,-7.907053456960894e-10,2.733341180080356e-09,-1.3663647084097985e-09,-2.0978242067780515e-11,1.041891727780253e-09,-2.9097564170243435e-10,-3.7462018626419563e-10,4.4986677971044356e-10,5.131297150867036e-12,-3.4451315250500756e-10,1.942786475167937e-09,-1.4001728376618069e-09,1.1622200893666559e-09,3.365669685224733e-10,9.997776507819222e-11,2.4803712554227704e-10,6.103657477782689e-10,1.1627109855860183e-09,2.3012318749003036e-10,-3.292287002337244e-10,1.41010273627202e-10,7.755751668279161e-11,9.669635684309357e-11,1.746067968548248e-10,-7.48988823267538e-12,-2.480219629309158e-10,-4.947199372307818e-11,-2.443951755218222e-10,-5.404324031021755e-11,1.2791134821146586e-10,1.0694311470587952e-10,3.4948256121565e-10,1.755329131241804e-10,-8.406444208687738e-11,-4.6519057690979744e-10,-1.1231117449543677e-10,7.603715187958352e-11,-1.7300285597191462e-10,1.2458569653472453e-10,-4.957859016005411e-11,-1.3123283635336825e-10,-8.328910682390432e-11,3.2735930049718335e-10,8.654719370399926e-10,1.080350731067918e-10,-3.209915880450115e-10,-1.602087738409315e-10,-1.6982587366910779e-12,-4.561591307564227e-12,-1.3262613081189048e-11,-3.111330004574617e-10,4.412725632093324e-11,-2.0364432726525809e-10,-1.391319848964973e-10,9.781976220619747e-11,1.4051189209750975e-10,3.500472163098243e-10,-1.019085275575293e-10,1.0000780975929685e-10,-3.7922903213995224e-10,-1.9890161720223028e-10,6.086132884060692e-11,2.7592481596813933e-10,-1.1064877560533246e-10,8.314196370856714e-11,-2.85585664146925e-10,-3.5997755664877903e-11,3.473247507791191e-11,-7.094511732215524e-11,8.424726878040526e-10,5.54513792605113e-11,3.1297180210203635e-10,8.275175900185547e-11,3.202425547504971e-10,1.7297949254713006e-10,-1.299529610498527e-10,-5.2432187057265975e-11,1.6675429205543828e-10,-1.9467370835096773e-10,1.7599878002030215e-10,-2.7273797131944275e-11,5.629625827670153e-10,4.857125774777306e-10,-2.38417178075194e-10,5.352384215113852e-10,-1.5118262164193635e-10,-1.3039001470231157e-10,-4.5518509603426903e-10,-3.007430225803965e-10,-2.4227557141357244e-10,3.1781879573172377e-10,-5.4438966346939795e-11,-5.771304791400302e-10,8.203616429741674e-10,5.218419816051969e-10,9.937478860207198e-11,2.547511914624726e-10,1.8482182592831606e-10,1.268166132123722e-10,-2.8602616553882754e-10,-1.2411458599799465e-10,7.071805630634126e-10,-2.5813584435790256e-09,4.234477952941271e-10,-4.58583564117488e-11,1.865658503658109e-10,2.3861939061420536e-10,1.0165118029254134e-10,-1.0095014311292324e-10,4.415161578626512e-10,5.883313303204505e-11,3.993963297294096e-11,4.2123510410968644e-11,2.909445080187312e-11,-2.3776560587035426e-11,5.894807855034551e-11,-4.27131572823258e-11,-2.2851153920854543e-11,-8.38006749251676e-11,-9.895487230720835e-11,5.2713764800043653e-11,3.1533226629857977e-10,8.463415960220329e-10,2.0703623916391284e-10,-2.1276714027067395e-11,-1.2780975680207008e-10,-2.625921513550871e-10,-1.80224098390316e-10,-1.337483313726314e-10,-3.718182564356974e-11,7.507909348301676e-11,-1.4758216425527427e-10,8.027247785062115e-11,1.5211466507204338e-10,-2.813775762343996e-10,-5.476495954268896e-10,-9.754665777213886e-11,1.0963339021283845e-10,4.1971078891978105e-12,6.404263139643323e-11,-2.380042540539149e-12,-6.731291824401588e-11,1.5295605412892343e-10,7.901586408630107e-12,1.327299277324644e-10,-3.87906301585234e-12,-1.2778372799138783e-11
treat_p7,-3.870004004939579e-11,2.542515240909201e-11,-5.3695040132507897e-11,-3.469042927015573e-10,-1.0020586144099005e-10,3.719637708619287e-10,-3.9313335483210753e-10,-5.42262485420421e-10,-3.423384332361366e-10,9.680791205043114e-11,-3.130441361247102e-12,-1.8587275785698184e-10,-1.51808424715118e-10,-3.3603534981145785e-10,2.3206080153158115e-10,2.249703642930665e-11,-8.477634157325522e-11,3.0175026189930935e-10,-6.593018021896802e-11,-2.910062982516772e-10,-6.662131143652276e-11,6.167081035977129e-10,1.3506535860568085e-10,-5.606851190973057e-10,-3.5182923608623e-10,-4.4244431167253634e-10,1.495738567312476e-11,1.0558488330214888e-10,-7.114088979842999e-11,5.1739208202135634e-11,6.668758453361759e-10,-1.1910004249879368e-10,-1.534184330529012e-10,-3.3210373113711396e-10,-2.83977544407716e-10,-5.572096367121517e-10,6.224477391672287e-11,-2.10910237830782e-10,1.4783707259568e-10,-2.211129528456252e-10,-1.0590728301047065e-10,-9.031481210828564e-11,-3.59311440030136e-10,-1.7469837648491224e-10,3.7552260729047556e-10,-4.269701405036888e-10,2.3012318749003065e-10,9.558563799175887e-10,-2.730879835720584e-11,-2.6126570290229532e-11,1.3011088381105765e-10,-7.68399069767887e-11,1.9713172217562124e-10,-2.593211436904393e-11,-2.6731373822140878e-11,6.672327017057563e-11,3.8281658371602654e-11,-2.8961347845808896e-11,2.2103224274169884e-10,-3.2541876196667325e-10,2.4228577353376756e-10,-2.0141330571649407e-10,1.3906480645779725e-10,-7.002554410626936e-11,5.8757547907329125e-12,1.1446943958647722e-10,1.7662135851393013e-10,-2.7511798512069013e-11,4.088690505772312e-12,6.354893103695887e-11,-1.6495874342949882e-10,-3.343782583048086e-10,1.0767022261295908e-11,5.346853842341194e-10,2.904289989916931e-10,5.5394031966433137e-11,-3.2780302908361826e-11,-1.608648015765833e-10,1.5458236320903852e-10,-6.952844625470034e-12,-1.5587586289334786e-10,1.2922201883080951e-10,-1.4663540075213217e-10,-1.0836324004719342e-10,-5.467754214067049e-10,-2.4320519874255426e-10,2.544061507783017e-10,-1.6394025985253008e-10,-2.0341238737037145e-10,-1.8078593035569346e-13,-8.247641310842152e-11,-3.9905347316784606e-11,-1.179783441135177e-10,-3.9366652728729784e-11,-1.5661011409072935e-10,8.361971506545054e-11,-7.769579364879827e-11,-3.6093347786701355e-11,-1.3469983146359581e-11,4.1789045455543974e-10,2.1577247946697805e-10,1.308967958311941e-10,-7.114089274212572e-11,-1.4532215595328394e-10,2.0598758776187247e-10,-1.6834398991034267e-10,1.8668223250163034e-10,1.7444702220912796e-10,4.895173895777068e-11,-1.4039934770434245e-10,2.8698793733832304e-11,-6.022712655297826e-11,-1.119151749295541e-11,-3.638432558549214e-10,-1.3971011974907121e-10,-5.697007905839317e-10,-2.2676226239936497e-10,-1.583270292428997e-10,-1.39674193084981e-10,6.821916218630248e-11,-2.9443813309290034e-10,-4.1580583298224586e-10,1.5787297844854287e-10,-8.416666861588124e-11,-2.2207692954621166e-10,-7.89094603244493e-10,5.525008615470673e-12,-2.344248019165157e-10,1.0428699047602243e-10,8.270260922924294e-11,-4.614790117801155e-11,9.093743065132737e-11,-8.03234038876544e-11,2.1383186179863402e-10,2.5190548735509985e-10,2.2309017350769264e-10,7.751061043072776e-11,-6.658187412644894e-11,4.8732633991581354e-11,3.717152522586002e-10,2.775135695192532e-10,1.5136125249992062e-10,-9.073163686679332e-11,2.7706416799847993e-11,2.9716328073479805e-10,-8.835587198585581e-11,2.84946048482566e-11,-5.968216296834034e-11,-8.236470940137285e-11,-4.6605608380754977e-11,-4.1669529210556537e-10,-6.958221330301844e-12,7.48984900164362e-10,-5.5203490791375136e-11,7.34010345710767e-11,-8.97045473044605e-11,-2.2697974588847832e-11,4.48647688032655e-11,1.444438666804257e-10,7.717810616087062e-11,-3.631226798994503e-11,2.999889329458599e-11,-2.0463306123522752e-10,2.2373729464230608e-10,1.350441079882404e-11,-5.00353628242777e-10,-1.6224498489094505e-11,-2.7417245156738448e-11,-5.232963121743858e-11,9.930626248583178e-11,-9.948702478259551e-11,-2.915178012415672e-11,-1.3178684886797723e-11,2.198720372403612e-11,-1.2671465746047926e-11,1.0813387490436116e-10
treat_p8,-3.844990536850304e-10,2.807682679626655e-11,1.6887473089714234e-10,1.361125449637862e-09,-1.0601443997996545e-10,-6.604022871027687e-10,-2.7121497412150986e-10,9.18486168362101e-10,-6.049642743289255e-10,-1.7189773152745258e-10,-1.3076321270778078e-10,-3.781186707040688e-10,3.721020226242734e-10,2.2008351837693915e-10,5.340980495512415e-10,6.793566585338015e-10,2.2818194068262128e-10,-3.588388930210288e-10,-3.122792901982144e-10,2.605759084390045e-10,-2.3264227544138092e-11,1.4788702967845423e-09,6.290260602678199e-10,7.684078059327768e-10,-8.854008752969078e-11,-2.3392060149294457e-10,-4.2850579450045176e-10,-5.240516128096149e-11,1.6071161756456582e-10,-4.443257064285243e-10,7.116363719843101e-10,1.1703432041540151e-09,1.035902561479998e-09,3.473862101792872e-10,1.488292712324382e-09,-1.8403608595106244e-10,-8.523806565000483e-11,1.2889422761687899e-10,-2.940073272239185e-10,1.6151722271088426e-09,1.5803995271421363e-09,-2.9410051595226425e-10,5.069182435471242e-10,2.6226588898938587e-11,-3.7122984487601416e-10,1.243796540579256e-10,-3.292287002337237e-10,-2.730879835720731e-11,1.0721494529401739e-09,5.108873957465528e-10,-2.3276474651554856e-11,7.828973300227992e-10,-1.1827398276437396e-10,-2.354017946062895e-10,-1.5540414585563755e-10,-3.336008154428099e-10,-4.990194017399646e-12,2.747801565175317e-12,4.520480684093949e-10,-1.016399974109265e-10,4.961382452998078e-10,4.825309598926426e-10,2.8965571662485463e-11,-1.7102929362479135e-11,5.335634338791522e-10,3.279144225852987e-11,-3.727108069921691e-10,9.516786353590137e-11,-4.5510395069819873e-10,-1.7989019598364477e-10,6.339902149966794e-11,4.247492484851555e-11,3.4747880600442787e-10,6.615080723578514e-10,5.471365630865298e-10,3.1026943918872477e-10,-4.028998021425705e-10,5.004256755835359e-10,-4.192513814672541e-11,-4.2463353295044103e-10,9.898430124840768e-12,-3.687282599700794e-10,3.5191097337383646e-10,-2.920991651390275e-11,5.739221593696465e-10,5.457018693984819e-10,1.3987542363884703e-10,5.400605000319623e-10,1.562970188180922e-10,-7.539683973869943e-11,5.318149688301278e-10,-1.4226704493499284e-10,-1.904750920592525e-10,7.170065928418098e-11,-1.9723651529034946e-10,-1.8522246937928199e-10,2.1435928256896058e-10,3.574228527149077e-10,1.4928781026990627e-10,5.266927261003529e-10,-1.973622828359985e-10,4.988126807429897e-10,-2.8467207033460203e-10,4.0662698138835293e-10,-1.780841470560377e-10,-1.4472521455829603e-10,-1.4087287714590024e-10,-1.4125598417299448e-10,-6.24967597055393e-11,-1.7473324321335303e-11,-1.725542999792384e-13,5.744010887845603e-11,-6.181185215561171e-10,4.913745109572215e-10,1.0568936267476675e-10,7.226205381278264e-10,1.192290050719923e-10,-3.0066351066469576e-10,1.1620192617282752e-10,-1.2463183309073337e-10,1.0931728354076651e-10,6.315543286983845e-10,5.861640093775232e-11,3.0857153192740997e-10,-3.944531686818909e-10,-6.836423710808437e-10,9.37842599498457e-10,1.9538342848709388e-11,-4.4898763469373394e-11,-1.3484008288587231e-10,1.0534816217852043e-10,-1.786688200378086e-09,-2.486904388974232e-10,1.8691909090268663e-10,8.85559600549291e-11,-1.703499983127813e-10,2.4903132124077496e-10,2.822071749282718e-10,-5.324712423330402e-11,2.430391554935163e-10,7.460202321607514e-10,4.64188363074031e-10,-1.854724562763987e-10,3.860128802314174e-10,-4.1259824575900226e-10,2.2891339092496606e-12,-8.932712054381961e-11,1.748954193123196e-11,1.197860919560155e-10,1.6681706600059818e-10,4.538635637224055e-10,5.19665552388976e-10,3.095396749728326e-10,3.453253313849499e-10,-3.347377675796957e-11,1.6064210018712113e-11,5.46721894253306e-10,-4.048099599973023e-10,-2.355816689801919e-10,-3.2763635238550355e-11,-1.205200360428899e-10,-2.1442921338356548e-11,7.92422411457396e-11,-1.9701234248155242e-10,-9.739914611227793e-11,-2.7723825442632155e-10,-4.712302828881858e-10,-3.571187054255925e-10,1.4229599413866555e-10,-5.950316264513598e-10,1.8103583133391129e-10,1.9658918988020804e-10,6.21238574760522e-11,6.142212076345291e-11,1.2908979925103403e-11,-3.8488496824321235e-11
treat_p9,-1.402832652645373e-10,-6.2796945047071e-12,-7.34484508450396e-11,1.8277208131927983e-09,-1.2548080796268469e-09,-5.471970319082724e-10,-2.34925038348231e-10,4.917126333297964e-10,-5.199532066442849e-10,9.82025046753556e-11,-1.638387430908752e-10,-6.117320931214899e-10,1.5110009176321945e-09,7.246697732159653e-11,-2.443316651889871e-10,2.6673730913925117e-10,-4.9705425755375724e-11,-1.9236995120279435e-10,-9.182097925011142e-11,1.3868976629192517e-10,-3.434805707048136e-10,2.357882970505296e-09,3.9883163357679724e-10,3.645590086393934e-10,-5.6226339566624764e-11,-2.689493902753992e-10,-7.122245494592273e-11,2.5476437197263415e-10,2.543006639983816e-10,-6.400536893447791e-10,2.1288144577302117e-09,1.0438159436298514e-10,9.451732339473035e-10,7.541978403966828e-10,1.2006476940288297e-09,-3.490858550095254e-10,1.0634157513165594e-10,4.7198037358348044e-11,-2.697644754684487e-10,2.5086423307827308e-09,7.155338844755493e-10,3.6420163656775215e-10,6.171980858885016e-10,1.8941204794915658e-10,-6.875573014674782e-11,4.224363286269153e-10,1.4101027362720555e-10,-2.612657029023e-11,5.108873957465522e-10,8.531811028069513e-10,-1.2508236020451149e-11,8.586814553435445e-10,-7.53386299584885e-12,-1.8650794519873354e-10,-3.0508872095835446e-10,-3.749253818588074e-10,-2.4863510687118966e-10,-7.057213189686247e-11,4.2619484647158644e-10,2.046155047206103e-10,5.51402152134612e-10,5.250474845909871e-10,2.2681796367235664e-10,-4.020805920233788e-10,6.797475610194338e-10,4.3989692342407277e-11,-3.879606526963635e-10,6.265674022896062e-11,-4.6077278309517945e-10,-2.0438473101723226e-10,-9.654595414306002e-11,2.742151324724135e-10,7.729243482862369e-10,5.325618313226588e-10,2.2883970522993068e-10,4.164210408969858e-10,-4.82103176458561e-10,6.316918605306726e-10,-1.7529443943480419e-10,-4.2060158999275403e-10,1.1362205964627118e-11,-2.9186076017787603e-10,1.5640702822265856e-10,-1.0168686473595727e-10,6.862916066715786e-10,7.316076688998794e-10,-1.245393998680815e-11,4.797580025693789e-10,1.9718703358783818e-10,-2.459826836464627e-10,5.826476334415905e-10,7.184529633508636e-11,-2.6728097154973504e-10,1.4350516977668666e-10,-2.92734306523032e-10,-1.378543722358184e-10,1.988143826927485e-10,4.284135726468462e-10,5.352280167241457e-10,1.8919072830071456e-10,-2.189909902169872e-10,6.569278421068609e-10,-9.409364016012498e-11,6.569910933849167e-10,-2.990323711680788e-10,-1.9290002391320023e-10,-6.038252693809077e-11,-1.973736820100374e-10,7.573247868859923e-11,-1.068521004690579e-10,3.5038099009889854e-10,2.020187794845259e-10,-2.997820318210954e-10,7.872481283605237e-10,-1.0765446787631671e-11,6.041271514482023e-10,-2.857453457742152e-10,-7.211680048045961e-10,-9.916160355210644e-11,2.5737576730252596e-11,1.533054312156942e-10,1.3794012943626936e-10,1.1417946878297436e-10,1.1076677037018827e-09,-1.7246374585817238e-10,-4.836896710192958e-10,7.659555927042176e-10,3.769833141490612e-10,-2.1413211334098806e-10,-1.8673656809362808e-10,4.298759339083636e-10,-2.796640794396143e-09,-1.0630545626850313e-10,2.574127221013972e-10,1.0787981491924887e-10,1.2032633024748905e-10,1.7870808887922992e-10,2.6512339595928393e-10,2.3135472495584594e-10,-1.4660748252454007e-11,7.874644227079226e-10,5.678477098917874e-10,-1.2810843259354085e-10,3.7106429118859975e-10,-3.52075361240292e-10,1.0182175770515145e-11,-8.67065124713532e-11,5.1856934451586605e-11,9.234963745002822e-11,1.9652639622347975e-10,4.790713407495486e-10,7.368405791020252e-10,7.26051187976468e-11,4.112799540099922e-10,1.6205717784685252e-10,-1.193838784037701e-11,5.972357511085083e-10,-4.5756933093093203e-10,-1.0374557782581373e-10,3.6989696818002306e-11,-8.203609807701083e-11,-9.377566721087677e-11,8.512638526864645e-11,-3.102076012922928e-10,-3.8671709886356384e-10,-1.975558468688554e-10,-3.2735133444515823e-10,-6.126283198366285e-10,1.645488421490051e-10,-6.441469618002965e-10,1.5096194663975432e-10,2.2157784720016548e-10,1.1069092263339743e-10,8.298815476432874e-11,5.344165965952144e-12,2.4741079598759914e-11
treat_p10,-7.472283599915042e-11,8.968529003204985e-11,-2.1963987952408343e-10,-6.22962388786208e-10,1.6702257111233515e-11,-8.01809488334369e-11,1.3837275397198126e-10,3.914107747151285e-10,1.8458928177851284e-10,-1.1415845692923537e-10,9.006121436471838e-11,-1.258032693350861e-10,-8.511366473212187e-10,-9.304667343688162e-11,-7.347123161385161e-11,1.519729398135161e-10,2.5867679208629256e-10,1.2400274552207725e-10,-6.091870599712569e-11,6.604541295325091e-11,-1.856322119456687e-10,-5.957771994267141e-10,6.392531487951033e-10,-5.68711981133652e-10,5.923419587214381e-10,2.768038977347351e-10,5.0361398560291615e-11,-9.4903654626339e-11,-6.315652514754034e-11,1.5901473184113627e-11,-6.237497284608097e-10,-1.5555590942156124e-10,-2.1533157578102787e-10,-4.3661638155894717e-10,2.8213835297617664e-11,2.0769849865350124e-10,-1.4630476166006816e-10,1.4331824090778651e-10,-1.9856217683238514e-11,-6.920853826005234e-10,1.0164662542443715e-11,1.3478551392172355e-11,1.007140498155104e-10,4.434050490659867e-10,4.651778292520937e-10,-2.9230776701141805e-10,7.755751668278943e-11,1.3011088381106e-10,-2.327647465155562e-11,-1.2508236020451782e-11,4.737954183403262e-10,-1.2634175343174214e-10,-1.1917656116056256e-11,1.0375542784693581e-10,9.833433587959547e-11,-1.4043970645025532e-11,1.5261759767920094e-10,9.605590426308268e-12,-2.512846250951661e-10,-1.5645770476095102e-10,1.0378761658262644e-10,-3.589858434750054e-12,-8.44794076104399e-12,5.444568207218812e-11,-4.970339421827597e-11,-2.7665910096902875e-11,-3.7339352386469094e-11,6.64716704671697e-11,2.2522641559313277e-11,8.549139677185047e-11,-8.376508956508528e-11,-3.2756534852125796e-10,-3.446494044242971e-10,1.764582998064911e-10,1.0421981053377542e-10,-1.6468059778656141e-10,3.9091522068171076e-10,-4.1915505384030586e-11,-6.156015011157278e-11,1.7687645173955314e-10,1.302568158925833e-11,1.488720752562937e-10,-1.475200014889833e-11,-7.79154282842102e-11,-3.096464887978093e-10,-1.3786370646896603e-10,1.1381868895016362e-10,5.131754719475728e-11,6.446988676790553e-11,2.4334354174235237e-10,-1.3378578639341128e-10,-2.2736277717240845e-10,-1.2069606850417787e-11,1.6146973386209783e-10,-2.7425825221890785e-11,1.219119813240132e-10,2.9836067670684634e-11,-3.38859158215114e-10,-1.7205169438789267e-10,1.3253335678566094e-11,-6.48726283078251e-11,-1.9587163208641877e-12,2.48724801200605e-10,4.518977275329114e-11,5.88291832839823e-11,-8.956868410219447e-11,1.2819568204166794e-10,-2.4901591310063037e-11,1.9304254664194477e-11,-5.872822259066564e-11,-7.642515889564364e-12,-1.2632350574404998e-10,-2.6876389971309805e-10,-1.3825749730352764e-10,-1.2391652804589707e-11,-3.5684845334862987e-10,-7.380249015615239e-11,4.848092900021612e-10,5.7948507837804935e-11,-6.15202574275672e-11,-4.523538304773143e-11,-6.665605614363208e-10,-4.516094289513208e-10,-1.0920495066519133e-10,3.4255673903359254e-10,1.1917423542535032e-10,3.852739730250752e-10,1.5766986546475564e-10,4.285052149636747e-11,-1.630009595539831e-11,1.1093116383766436e-10,9.542529159724362e-10,1.2424845421389995e-10,1.5462302965614987e-10,-1.2887292155674365e-10,-3.396586735347507e-10,-1.7250012360681732e-10,-2.978341205391409e-10,-9.193655611649148e-11,3.9235283669558755e-10,2.444889609304849e-11,1.0365227074664021e-11,-1.7711516494717866e-11,-1.6839946173099502e-10,5.186572613011103e-11,1.0938186906963686e-10,1.433522840124219e-10,-3.782431318940221e-11,-4.290317738611107e-11,-5.1427774131384694e-11,-6.26465863628557e-10,-1.430198380184081e-10,2.5257576899195753e-10,-1.5085747295558944e-10,-2.5638463231690245e-11,2.2492891896521147e-10,4.2347724594370486e-11,-1.7468904265877197e-11,1.578589885986935e-10,7.907013137061921e-11,3.098917519985725e-12,9.152512896233781e-11,-9.668540925301257e-11,3.072521205306776e-10,1.1352912164771344e-10,-1.515623392206034e-10,1.053630222938961e-11,2.746576653498037e-12,-2.17477963746359e-10,8.575501300922262e-11,6.195647648045432e-11,-9.606523829850855e-11,-8.688845533114152e-11,2.6715346329090082e-11,-5.3852067285130783e-11,4.2192009984083296e-11
treat_p11,-1.4067184287020794e-10,1.1140287725173054e-10,1.0473269679720413e-10,5.852415913928018e-09,-1.1575984757375607e-09,-8.839564068419678e-10,-4.217114010854613e-10,8.666781087602286e-10,-1.5421461239118113e-09,4.50437712996305e-10,-3.732164159735059e-10,-1.0016598367916356e-09,5.112314824002029e-09,-3.6183784329998774e-10,-9.18311024824956e-11,-2.5252142454507435e-10,-2.071731880507862e-10,-9.001651653132399e-10,-6.151451380791169e-11,3.563837824526333e-10,-7.483359837473511e-10,6.640980755177333e-09,7.080501725009012e-10,2.6965796470067424e-09,-7.020471289223647e-10,-7.057461301440046e-10,-3.1326136245030483e-10,8.34380281874382e-10,6.440254020923054e-10,-1.816502959012429e-09,5.60744201193572e-09,6.650532154169786e-10,2.1142867873046424e-09,1.522900017969019e-09,2.148619962902001e-09,-1.1884102227416864e-09,7.774900198685859e-10,3.134018276259577e-10,-5.554452904389832e-10,6.474728971887856e-09,2.1660258629658672e-09,1.566859472560827e-09,8.403885692124728e-10,-1.111141047853696e-10,-1.1712721158551602e-09,9.751845783183497e-10,9.669635684309417e-11,-7.683990697678955e-11,7.828973300227959e-10,8.586814553435419e-10,-1.2634175343174227e-10,2.057925485272507e-09,-5.592529513764433e-12,-7.134555032424682e-10,-7.434768493890523e-10,-6.352256241019283e-10,-2.7694993428242095e-10,-2.5051373658382173e-10,1.1260074497424823e-09,8.018912872390723e-11,1.0590608472126492e-09,6.662022340238992e-10,-3.2479051954047625e-11,-7.254058259062976e-10,1.246807966987293e-09,1.4241601818408522e-10,-7.739069940401881e-10,2.4406153087661657e-10,-1.0077882623360749e-09,-7.703518980419721e-10,-2.8128019841765927e-10,7.169373504911916e-10,1.6268437796708134e-09,9.51147081484159e-10,1.1603774464900132e-10,6.987454834530093e-10,-1.1621809663680373e-09,1.5580756151107498e-09,-3.4733969805590333e-10,-1.212905309599863e-09,1.9867726486532398e-10,-7.115147993850926e-10,3.071373374414501e-10,-1.6154776955097407e-10,1.2132656868420162e-09,1.3072919041254286e-09,3.27743888147649e-11,8.840516642956351e-10,-4.746757221455875e-10,-5.840956987551153e-10,1.3765931250715956e-09,1.9686177370050014e-10,-4.803562557742575e-10,2.0551718086971546e-10,-7.41474641471866e-10,-2.6974290769232163e-10,3.1114298080525424e-10,9.701046552147888e-10,1.1993111731542946e-09,2.9059878240773955e-10,-3.8174451549799527e-10,6.979367311848368e-10,-7.455106004389788e-11,1.4416089747873377e-09,-7.229283828455921e-10,-2.9747355465726224e-10,-1.4955351566478992e-10,-2.7066823709444453e-10,3.0338338459300354e-10,-2.357959838080153e-10,7.96130191627804e-10,8.76214799881789e-10,-5.527004601138671e-10,2.4436824456310495e-09,1.4617606410421319e-09,1.621612089806655e-09,-1.083783027922111e-10,-1.6325120902282144e-09,-5.726732026042523e-10,2.640093825517605e-10,6.100919037577997e-10,7.177812521787136e-10,2.130802422919268e-09,2.412639088749282e-09,-2.618604645733257e-10,-9.387326190916746e-10,1.2341643444447887e-09,-2.547905847642834e-10,-5.784084799670945e-10,-4.2555139344668127e-10,9.491776553343646e-10,-7.739806150187865e-09,-9.926884512994754e-10,-2.814165181702641e-11,4.708555078336733e-10,4.969265347792549e-10,8.32311790404294e-10,1.7782759927954616e-10,7.492296903793829e-10,-1.163468216891583e-10,1.0780638560632303e-09,6.381597121580001e-10,-1.936952794493639e-10,1.0488875566120874e-09,-9.339206859812573e-10,8.470156364584183e-11,-1.5782242819598784e-10,-2.771128669802625e-10,1.420126689757244e-10,2.2163318190363827e-10,1.4116257997474567e-09,1.5637521064330677e-09,-1.0032827098441216e-10,6.506555127579371e-10,-1.3198574086551038e-10,-3.750643782340795e-10,1.2630440489261015e-09,-8.166744402616355e-10,-2.6135269376193246e-10,1.359962065839394e-10,-3.2056149650268367e-10,-9.60559383061674e-11,8.191054479421374e-11,-8.290225907937077e-10,-6.210211622942673e-10,-2.0510058570050908e-10,-3.9001115652067003e-10,-6.074016431481692e-10,4.2419974274160786e-10,-1.48952748748249e-09,2.6869656066491915e-10,5.606074524912718e-10,1.1548000031168849e-10,2.0398249729686614e-10,6.12484122023155e-11,8.802165089024863e-11
treat_p12,1.1297294506059155e-10,3.461958889283698e-11,-9.827160251883825e-12,1.5287356467062342e-10,-9.177883897128003e-11,-1.0959279429888494e-11,-1.6812300225770765e-10,-2.3034044625411062e-10,-1.1817919549257508e-10,1.6332767310802742e-10,-1.7181514582023854e-11,-9.04095763050165e-11,5.263036168474364e-10,1.4993079106849098e-10,-1.6013205027069607e-10,-9.19262918548969e-11,7.368911165497278e-11,9.117421906539092e-11,1.1329815312186171e-10,-1.1494563781428631e-10,-1.2456686555559257e-10,5.480140168387191e-10,-4.9659918820950105e-11,-4.9677125095053946e-11,-2.688958356119777e-10,-5.093117036456587e-11,6.85157576103946e-11,1.7962755908749627e-10,4.250253871207465e-11,-4.484380847252102e-11,9.479282328146008e-10,-1.2283233440354469e-11,-2.2508948217862042e-10,3.4948122613084704e-10,-1.4116435482322348e-10,-3.0551338819949883e-10,1.7525283320022043e-10,-6.321512898677678e-11,-4.8924915483586334e-11,3.4705387145147034e-10,-7.427179434655959e-11,3.5525729810379e-11,-1.5832106571468834e-11,-2.58319761215471e-10,8.19804289781313e-11,5.232611679380465e-12,1.746067968548252e-10,1.9713172217562145e-10,-1.1827398276437365e-10,-7.533862995847717e-12,-1.1917656116057332e-11,-5.592529513763931e-12,2.0957355835632018e-10,-3.4930983516883575e-11,-1.4092898335512294e-10,2.6197058998240744e-11,-7.1140478087195006e-12,-5.7026989210548623e-11,7.124980516570017e-11,-7.364239851698707e-12,1.578123226334498e-11,2.7101965977058666e-11,5.7775337703344214e-11,-7.240676000377018e-11,-2.8964040642949207e-11,-5.098532764164453e-12,4.493134141181354e-11,1.738935760677958e-11,-2.796064762863184e-13,-2.587372222195895e-11,-7.711384814223916e-11,-6.180150683680121e-11,3.479813543887789e-11,-1.4405264636728185e-11,1.2947352881052641e-11,2.521503534327589e-12,-9.987517582452188e-11,-6.420057956649847e-11,1.1294092584839609e-10,-1.1455322402407032e-11,-1.20805965653626e-10,-2.6506166426627433e-11,-7.087196473867099e-11,-2.0260275556342128e-11,-6.77726621628362e-11,-1.162952547209593e-10,-6.707792213047907e-11,-2.4600575936358326e-13,-8.51850104536327e-11,-7.551335799121519e-11,-2.0330490626382712e-12,1.6611609042780905e-10,-6.0920474929224644e-12,-6.234051988334661e-11,-1.418103553103989e-10,2.0073053643087974e-11,-5.586094637856243e-11,-6.971435570725268e-11,2.335785556903254e-11,-1.3232063677637834e-11,1.5086146636726676e-10,9.065264377754499e-11,-5.0255741076726734e-11,-8.371619743717584e-11,4.314102753598839e-11,-4.6091425746247996e-11,-7.728848456747441e-12,4.988839905544652e-11,7.190041297887507e-11,-8.598234206692876e-11,1.2150209840536687e-10,5.294886523812514e-11,8.233364414678401e-11,1.5635465819396995e-10,-4.653080394295726e-12,-1.366786674157643e-10,-9.216683950933992e-11,-1.8439178520631995e-10,1.3951355252017272e-11,1.1111603650657794e-10,-1.4210467494670219e-11,-1.0519792190026793e-10,2.0623678945828508e-10,3.6420232037270824e-10,-2.6043840698338814e-10,-1.556824703423045e-10,-7.372208494403583e-11,-5.678731471672647e-11,-6.639497508385064e-11,-1.4615954422536787e-12,9.319680345507492e-11,-4.3467700071305256e-10,-2.1985582725627734e-10,1.3192086337036563e-10,2.9406650806203845e-11,2.3743103937588024e-10,4.843941964930943e-11,-3.09917826018142e-11,1.275056548245379e-10,2.8024109339809477e-11,9.307284116039054e-11,3.1174297660809226e-11,-3.1808713430276202e-12,1.7545961956454646e-11,8.832545000712756e-11,-4.1913568568941487e-11,-6.859405660476928e-11,1.2909915705553888e-11,-3.1212260507097084e-11,-2.965266803197483e-11,-8.895679487889139e-11,6.9314498005967226e-12,9.117954656003781e-11,2.8544560693323003e-12,-1.4906202985550482e-11,-6.949858741976483e-11,-4.50716868807039e-11,4.211958543907538e-11,9.797473488732859e-11,-4.4516364526906134e-11,9.875500636719142e-12,-2.4813669470884675e-11,-4.932596279154216e-11,1.7361000763418982e-11,-2.377698385638587e-11,-6.05321049902041e-11,-6.5107954549962564e-12,-2.1314488448003816e-11,2.6972321288396256e-11,3.987106598819645e-11,-7.176518698329899e-11,4.5721282487651446e-12,6.392780167552369e-11,1.5551465152906992e-11,-2.5566180569375147e-12,4.5019824555954945e-11
treat_p13,1.4745713343956696e-11,-9.249488804849658e-11,-1.0016600697648362e-10,-2.3634796748568164e-09,1.1409275028528208e-10,5.1994779651708565e-11,2.2131544098948557e-10,-3.172419286624663e-10,7.757235532640852e-10,-2.210273254958205e-10,2.3503504329727327e-10,3.1672990189796056e-10,-2.141217531336949e-09,1.7272559121570244e-10,-4.775552542567794e-10,2.351309318016319e-10,-1.4096287145495136e-10,1.9727957334517618e-10,8.728783794432142e-11,-5.863733653855384e-11,2.970979117083552e-10,-2.767157507082578e-09,2.091523423541052e-10,-1.4883568763368166e-09,7.420885588498512e-10,3.215238773349739e-10,1.246917749223958e-10,-3.362259533206885e-10,-1.9164164165822417e-10,7.760972634451095e-10,-2.4116799523086773e-09,-5.5678136928825644e-11,-1.0338342798413263e-09,-6.668128323218856e-10,-8.857027962101496e-10,3.7254423545909075e-10,-2.990576121854388e-10,1.9334746878372345e-11,2.344141899738658e-10,-2.7651824413714132e-09,-5.684799282967653e-10,-7.237624972968969e-10,8.882401384532357e-11,4.060259293686029e-10,4.2057948838419683e-10,-2.9006308061504596e-10,-7.489888232675033e-12,-2.593211436904518e-11,-2.3540179460628867e-10,-1.8650794519873248e-10,1.0375542784693477e-10,-7.134555032424663e-10,-3.493098351688367e-11,5.826801178468827e-10,3.5946699332475056e-10,1.846066525417793e-10,1.1289093699524711e-10,1.9186553459638642e-10,-5.633791152547572e-10,-4.9601969018093924e-11,-3.372560651195043e-10,-1.4351384030352663e-10,3.346379052514882e-11,3.539688719810406e-10,-3.3992374840573035e-10,-9.555948841407733e-11,3.0729462216334607e-10,-8.148264956792147e-11,3.713055620792152e-10,3.683048895587377e-10,1.8721462928230875e-10,-2.833198497617306e-10,-7.122675230097394e-10,-2.1848606431291577e-10,-4.5412852067952377e-11,-3.482292544349801e-10,5.846276166936258e-10,-5.202948577255893e-10,7.932796793324989e-11,6.42570361875045e-10,-8.274732745874334e-11,3.64450810889584e-10,-3.02560870533345e-11,8.624415398899207e-11,-4.919607703121723e-10,-4.5501999214673764e-10,-2.730213274805863e-11,-2.0710069399298146e-10,3.6458195978233553e-10,2.0869357628875717e-10,-4.269348893283091e-10,-1.3427123645577322e-10,2.331693688653168e-10,3.5194813622198636e-11,3.170769453094324e-10,1.5067382169617103e-10,-6.494699226749915e-11,-6.339262620751255e-10,-4.94911604287106e-10,-1.9320457203567753e-10,5.3183218780275356e-11,-2.777975902168283e-10,1.5411194466987695e-10,-3.903004436883937e-10,2.729314152633907e-10,2.072200731892537e-10,1.993867720372041e-11,1.3657867033035353e-10,-7.118946894810575e-11,2.0915619234027933e-10,-1.8337814840273287e-10,-2.2533977732380948e-10,1.5511576557470075e-10,-7.95815291489826e-10,-6.549059262836797e-10,-8.330926586109088e-10,-1.5273218296774518e-11,5.1387216793894e-10,3.047801159752612e-10,-8.306857544308377e-11,-2.5853667346556347e-10,-4.911139091898397e-10,-1.2882853364680528e-09,-7.714811417571934e-10,1.0276134402617481e-10,5.892101483881168e-10,-4.3482255894395943e-10,2.312812538013638e-10,1.5464410546750636e-10,8.20364735361178e-11,-2.6427193889401637e-10,3.2030855431080413e-09,3.572264992859566e-10,3.4675526500171986e-10,-3.6644899058402995e-10,-2.586213194520065e-10,-3.176152791816196e-10,-1.2322240463353694e-10,-3.1342430465722254e-10,2.8315092076526485e-11,-2.795508990658274e-10,-2.0279372253340478e-10,4.6926090144360735e-11,-4.83426341507466e-10,2.5357337678275224e-10,1.2017977919036331e-10,6.534385343112524e-11,2.324528403923922e-10,-5.093004854384754e-11,-5.81935207529298e-12,-5.573355576592087e-10,-5.13074446537539e-10,4.434379751143126e-11,-7.044586714092239e-11,8.764335415445842e-11,2.4078216462611193e-10,-3.53823953155377e-10,2.282578025354417e-10,1.8987996897514035e-10,-1.1554585563016738e-10,1.6512039850935756e-10,1.8199029387167855e-11,9.594685880765841e-11,3.8635717013892287e-10,1.845588165271574e-10,1.5991695662758847e-11,6.719280874592265e-11,1.2232811811172963e-10,-2.190439401886649e-10,5.022744819961232e-10,-2.8360254180731433e-11,-3.2043345984703074e-10,-4.7236819127918017e-11,-1.1627114444974177e-10,-7.727033335359998e-11,-1.0077605820890448e-10
treat_p14,-1.6702080179150056e-10,-1.1131447202325495e-10,3.646501709512304e-10,-2.826300665111887e-09,5.542359123535147e-10,3.619084894625805e-10,4.296336400944703e-10,9.676732774601086e-11,6.365693730405509e-10,-5.12639860154627e-10,2.1837201766673581e-10,7.816577589045391e-10,-3.3533708812990224e-09,-3.2923893060494586e-10,2.324767340926768e-10,6.443076493563957e-10,9.744953134207632e-11,6.355278258185865e-11,-1.6058306245551963e-10,-1.093597835597094e-10,5.695118325142834e-10,-3.45657563594114e-09,-1.283363856953007e-10,-1.3806310456336706e-09,1.1395828591511667e-09,1.4753569387193768e-10,-1.399669238291586e-10,-7.795465611470107e-10,-4.64822461672073e-10,9.18176783929701e-10,-3.819864023136644e-09,-2.6522851008081265e-10,-6.667860131932488e-10,-1.2852496623476093e-09,-8.010479897071859e-10,6.625247996803242e-10,-6.676559129456664e-10,-8.123090909888655e-11,5.30181286592053e-10,-3.4013415092762104e-09,-1.0583937461000403e-09,-1.113356955137054e-09,-1.823178908535401e-12,5.97043652174246e-10,2.688275187684099e-10,-4.845133184314173e-10,-2.48021962930915e-10,-2.6731373822139756e-11,-1.554041458556364e-10,-3.050887209583544e-10,9.833433587959472e-11,-7.434768493890537e-10,-1.409289833551223e-10,3.5946699332475e-10,7.659798456660918e-10,2.9217518615746047e-10,9.072504270475704e-11,2.410536802446336e-10,-3.5566677479660495e-10,-1.1907023790881774e-10,-5.523668829360066e-10,-2.5658296873488506e-10,4.754792650785215e-11,2.7951956140272e-10,-5.046208337095796e-10,1.375798492624886e-10,2.3029553056172193e-10,2.956576621881441e-11,4.412311626931927e-10,3.203426424219256e-10,2.0386919151631597e-10,-4.4417293203550837e-10,-1.015058457406972e-09,-2.445110028077971e-10,2.529092867831214e-10,-2.465774173494224e-10,5.785205699895329e-10,-4.823308935082446e-10,1.7908731861897084e-10,5.079510308330266e-10,2.8664939888164484e-10,4.677647967229513e-10,-9.932514221536425e-11,1.176653341984066e-10,-8.061951437294057e-10,-4.876335265016829e-10,1.8237116110739253e-10,-4.20625884307522e-10,2.426524824672751e-10,2.136067839832898e-10,-5.22713452505478e-10,-2.9051432230879775e-10,1.860967553196404e-10,1.671910662307469e-10,4.921645466528208e-10,4.5034254109131934e-11,-6.069565824329271e-11,-3.8871506938539047e-10,-6.640874690618276e-10,-4.8587156330358414e-11,4.6384936905248334e-11,-2.407227829648881e-10,3.7649710938140515e-11,-4.034119980548895e-10,3.8861068191208883e-10,1.656945129747404e-10,2.559451814451146e-10,1.490087897505384e-10,-2.616597117155505e-10,2.711878945763446e-10,-5.934149108065592e-10,-4.744127629717625e-10,-2.5825322024822427e-11,-1.8760684662947914e-09,-4.807617427734008e-10,-8.077593389601957e-10,3.284986074403446e-10,1.1051000367689728e-09,2.8973298311454256e-10,-2.1115636587505008e-10,-3.33035521938822e-10,-2.9506027546723457e-10,-1.7342848966895533e-09,-1.668292184795704e-09,2.411597288973497e-10,4.5765689369274803e-10,-2.9557144549771625e-10,-2.1030703349284503e-11,4.3378185693000057e-10,2.503296276326683e-10,-5.797337418714204e-10,3.992695786402e-09,8.10650452196582e-10,8.472005161312517e-11,-3.1413387028767176e-10,-5.02521491018688e-10,-2.8515100078025274e-10,4.341163690357523e-11,-5.220609134773987e-10,1.1894078004148617e-10,-5.283154841583561e-10,-1.721107424883543e-10,-2.153382174337486e-11,-3.2054863429626013e-10,5.177047505949982e-10,5.621444369237793e-11,2.9701339176722407e-10,1.2198496166935097e-10,-7.087410386663346e-11,1.68012778788079e-11,-5.212764722551482e-10,-7.688535849630787e-10,6.598261687964123e-11,-1.9400075901873787e-10,2.3439526503989896e-11,6.327713907473455e-11,-3.8319886311795286e-10,4.3339072314477085e-10,-5.206549535177846e-11,1.7973784631813475e-10,1.5042604596696217e-10,3.3276208872587996e-11,-1.9137070393913356e-11,3.5901658770737864e-10,4.259003071850838e-10,1.0054672590574373e-10,1.4740339907771905e-10,2.846320798391102e-10,-1.6481406938902962e-10,5.321204476411643e-10,-1.1158103220922919e-10,-2.426067193486322e-10,-2.995613318256682e-10,-1.3538755680378305e-10,2.365605874977268e-11,-1.2252648568740334e-10
treat_p15,7.677795090166626e-11,1.8897669170519064e-12,1.8320229555023515e-10,-2.1514108304502632e-09,6.747260398612673e-10,2.647115705066715e-10,1.316718902708715e-10,-3.863006803144147e-10,5.128440649976475e-10,-1.63744294040688e-10,1.382029989147584e-10,6.99147169269049e-10,-2.0490746664133835e-09,1.528204299789668e-10,-5.100783575035336e-11,6.805520133677756e-11,1.1564050348566818e-10,3.0883771228799416e-10,7.00252629089206e-11,-1.5384766155961992e-10,4.263968020249068e-10,-2.557491684981915e-09,-3.657800534329177e-10,-9.922847366336113e-10,2.0742636036991834e-10,1.6878613993396306e-10,7.303006996526161e-11,-2.741441060511784e-10,-3.0128468072397937e-10,7.179192834802286e-10,-2.1817162051252465e-09,1.0388656920401025e-10,-1.0087674162628949e-09,-5.870171237297624e-10,-8.129989318100031e-10,3.5404832682496233e-10,-1.7648461454764618e-10,-1.571007192651352e-10,4.3476512441489057e-10,-2.3722381521101794e-09,-7.845285700908236e-10,-7.628900452431106e-10,-3.7488945956222134e-10,-9.04830339384757e-11,3.087998074578384e-10,-3.1344447810323686e-10,-4.947199372307861e-11,6.672327017057544e-11,-3.3360081544280806e-10,-3.7492538185880616e-10,-1.4043970645025687e-11,-6.352256241019259e-10,2.6197058998243368e-11,1.846066525417787e-10,2.921751861574607e-10,4.308903294949551e-10,9.132218066972195e-11,8.301743333658729e-11,-3.7291004359759613e-10,3.251410854150957e-11,-4.965999998851267e-10,-3.080250407316775e-10,7.447018012808267e-11,2.4337710533660183e-10,-5.146666278270141e-10,-6.1504891552405905e-12,3.1137289504203556e-10,-1.1526683271903882e-10,4.3353595482033214e-10,2.1973146248637709e-10,1.056045646974308e-10,-1.6526500013340652e-10,-4.815462556790495e-10,-4.453389128384038e-10,1.3489620701767944e-12,-1.7664117920039183e-10,3.102624722803483e-10,-4.946363132887331e-10,1.9433929072982245e-10,4.042522911832398e-10,-2.8787079593744236e-11,4.051499518253351e-10,-1.601884144790905e-10,6.454355497960213e-11,-5.746195229092899e-10,-4.4181067612815266e-10,5.093983901053406e-11,-2.856390658237672e-10,6.149483249229406e-11,1.3555702870456793e-10,-4.448572542737272e-10,-2.672434253263065e-11,1.5061109892037467e-10,-1.2486512147585333e-10,3.3086486717717504e-10,9.03523155760206e-11,-1.3205284027812944e-10,-2.3753316299579813e-10,-3.396865616351293e-10,-1.758928739455582e-10,2.1639690563446173e-10,-2.5055973873612194e-10,-1.772350371622786e-11,-4.846106834624998e-10,3.072326474707517e-10,1.374666501851089e-10,2.4537899955551204e-11,2.2150724487954443e-10,-9.469288179999786e-11,8.375297267381643e-11,-2.9137253265957344e-10,-2.9751816509794363e-10,4.261410393616869e-10,-1.1281238199746627e-09,-1.096985340465505e-10,-6.160396354183201e-10,1.799974315998398e-10,4.1323062716178635e-10,2.23362806866608e-10,-8.53708020613416e-11,-2.2419095843068299e-10,-5.727423246681267e-11,-8.783650089607863e-10,-6.896348712408779e-10,-1.4738963937096975e-10,2.4788926645293064e-10,-4.844275617491904e-10,-2.2416294366598023e-12,1.9877479704634703e-10,1.6304089947691517e-10,-5.185849856311898e-10,2.9894611790743713e-09,2.2592111732721916e-10,7.410365333245467e-11,-1.5653228869228677e-10,-7.087067369965918e-11,-2.853081839913301e-10,6.691172571738306e-11,-2.1985377462139743e-10,-1.3945197174204905e-10,-3.8547505782499317e-10,-1.9727266333525824e-10,5.065801736682948e-11,-2.832248643972076e-10,3.495210196419508e-10,-9.014573475858939e-11,6.41018676607213e-11,1.1430566935892878e-10,-5.4407768141676975e-11,-9.444863272488389e-11,-4.89258549467905e-10,-5.403630559020261e-10,-3.299541390338155e-11,-1.2422442116737294e-10,1.0553594657268564e-11,9.549803048605294e-11,-3.8746487982398625e-10,3.748403383542858e-10,5.304409740195606e-11,2.6114797189163243e-11,2.519780810670025e-10,2.029561648404723e-12,-3.7565868386541525e-11,2.360095962341464e-10,1.99096733822561e-10,1.271726600892239e-10,1.594749727769384e-10,2.3962182830180113e-10,-1.2409125032060039e-10,4.822050289421093e-10,-1.5896843556047086e-10,-1.712998142748359e-10,-6.052142912349475e-11,-1.8483626334990487e-10,-3.7867681835305216e-12,-3.7137144339064435e-11
treat_p16,-5.318865806858959e-11,1.3916041911056303e-10,-1.9763928536874202e-10,-9.409279160637577e-10,8.730019881546222e-10,-1.0609093784623912e-10,-2.795990383274202e-11,-2.678256352415291e-10,1.6722755008140876e-10,-1.1189975751651824e-10,1.2125888157577457e-10,8.319371063041598e-11,-1.2184346738929492e-09,4.1135615005184264e-10,1.4236149198377676e-10,2.7836069591100884e-11,4.360796652148891e-11,1.421958580937466e-10,5.424282033053092e-12,5.369628160547044e-11,3.7821340533508266e-11,-1.3590304056762463e-09,6.62244798361392e-10,-3.3849224327872985e-10,1.7911016576271041e-10,2.4105408437301417e-10,-7.900979687562443e-12,-1.1018047682912789e-10,-1.1517150236168877e-10,2.9567773940785926e-10,-1.0805482262944775e-09,6.873289407599867e-10,-4.40212295015602e-10,-7.077681787845194e-10,-1.6111702245109817e-10,2.90309600188312e-10,-6.663130233678632e-11,9.564439637221167e-11,6.530309425651257e-11,-1.2133127644548326e-09,6.714981904598929e-10,-5.112316265402838e-10,-1.9528828296905277e-10,-9.81993796171775e-11,2.2815181166081564e-10,-3.597235479113564e-10,-2.4439517552182184e-10,3.8281658371603584e-11,-4.9901940173989106e-12,-2.486351068711895e-10,1.5261759767920127e-10,-2.769499342824208e-10,-7.114047808719984e-12,1.128909369952482e-10,9.072504270475836e-11,9.132218066972291e-11,3.248119581602324e-10,3.042942368869008e-11,-4.374325952956191e-10,-9.811747220728285e-11,-1.2322012496994533e-10,-1.420581905095414e-10,-1.6160891649616994e-12,2.758800231526134e-10,-1.3399257827302042e-10,-1.1247101404377134e-10,1.6591322460584688e-10,-5.783600239126565e-11,1.2608582859599224e-10,1.787486069978317e-10,3.9608370648345135e-11,-2.1057552030789977e-10,-3.8818786020022833e-10,-6.183229033776175e-11,1.2177722725766003e-11,-1.453961881302405e-10,1.9566018174518307e-10,-1.6403062904313566e-10,8.117038758528526e-11,3.4248608056646955e-10,-8.200258952649575e-11,1.6775085517668963e-10,1.2180286116975946e-10,-8.639045599984613e-12,-2.26757327707896e-10,-3.430691220550058e-10,4.270022814380479e-11,2.790561216596887e-11,1.9757418342221458e-10,2.588195883087429e-10,-2.40759467177605e-10,-1.8806188160437625e-10,1.5585985700438996e-10,-1.0271336536054925e-10,1.1421619908846736e-10,1.9060689919333444e-10,-3.684252998603216e-11,-2.39210197712134e-10,-3.834686973276288e-10,-1.346478529120498e-10,-9.817072673387016e-11,-6.837457258175506e-11,-3.137443153809814e-11,-2.9829211922241346e-10,1.5882781262877443e-10,9.134424259545251e-11,-4.9721175075775554e-12,1.6110223820607153e-10,2.296028594941338e-11,1.3319956924915861e-11,-1.507452819062728e-10,-1.60360167013847e-10,1.7283096497932283e-10,-1.2080369661605264e-10,-1.2104377921521344e-10,-2.2061701299992546e-10,2.2166396640955405e-11,1.2857997141164382e-10,2.3549052214939493e-10,-9.533262930377357e-11,-5.659722581644221e-11,-1.9035757896826365e-10,-2.837718811731629e-10,-3.3343206341496613e-10,-1.9125700147952564e-12,-7.460984278099829e-11,-1.8074727817350337e-10,7.059413769247481e-11,4.264324820790992e-11,2.967554107881115e-11,-2.216958693449734e-10,1.6464063043764163e-09,-1.5971993437123664e-10,1.3391994382680385e-10,-7.930030820714476e-11,-1.6985902771850822e-10,-2.0666993972359735e-10,-2.789537633859306e-10,-1.7646936783227802e-10,2.2512798366796355e-10,-2.2274633098548253e-11,-1.0743096298920032e-10,-2.139337621291542e-11,-1.8184329563793672e-10,6.918082618197251e-11,6.650534390824361e-11,1.5826458945449238e-11,4.424028392091139e-11,8.359234021716431e-11,-8.742413598073413e-11,-4.2099768456813047e-10,-3.111851327450905e-10,8.212207798369511e-11,-1.7216847811346235e-10,-6.316419724545094e-11,2.4809254530809116e-10,-8.591554892574833e-12,1.322172755812897e-10,1.5926095823406257e-10,-7.34034442526034e-11,1.2344765448754488e-10,1.1472166279723279e-10,-6.964622427297811e-11,2.9666307419215663e-10,1.9394560058461704e-10,-1.7241733920539508e-11,-5.8355500699200255e-12,7.901398650553989e-11,-1.4721142913284672e-10,1.710967847755162e-10,4.7820055087358435e-12,-1.6214795184008165e-10,2.1682769512881177e-12,-7.31306996080394e-11,-1.0212132001659607e-10,1.1990500489421714e-11
treat_p17,-5.4874860842373434e-11,-7.8709216834847e-11,1.1210678232532615e-10,-9.736220300690834e-10,4.198807632678031e-11,1.1952550730909265e-10,4.695839567688978e-11,-3.011618594685187e-11,3.2552430113081427e-10,-1.830194781554354e-10,7.387917342691888e-11,2.4216093300667236e-10,-1.0501068623749456e-09,-1.8336796108030273e-10,-9.076559178199731e-11,2.2571889609190024e-10,-2.3438279950419797e-11,-5.958674143489506e-11,-3.0183192356170944e-11,-2.228924971167907e-11,2.4468556262232506e-10,-1.2642014891085961e-09,-8.175629042823204e-11,-4.5662716023403015e-10,3.3334700896414685e-10,7.231433057987764e-11,-2.619290906526773e-11,-2.563416469688988e-10,-1.43548475507522e-10,3.6956183936637106e-10,-1.3033419016813231e-09,1.2580797685071592e-11,-3.4995695050849523e-10,-3.472022848846436e-10,-2.9518303133348883e-10,1.5943642355888864e-10,-2.0832795881174412e-10,-2.34360389880893e-11,1.7116197461449404e-10,-1.2626525719209699e-09,-3.232105368631674e-10,-3.9206906937916276e-10,1.059020545009614e-11,1.7638265988525725e-10,3.625236336304638e-11,-8.072904274591206e-11,-5.404324031021864e-11,-2.8961347845807907e-11,2.7478015651758305e-12,-7.05721318968619e-11,9.605590426308502e-12,-2.5051373658382215e-10,-5.702698921054884e-11,1.9186553459638766e-10,2.410536802446338e-10,8.301743333658818e-11,3.0429423688690327e-11,1.3478046725074695e-10,-1.6836674434209092e-10,-4.624427211857286e-11,-1.4388430384404931e-10,-2.5807349541520212e-11,1.2172392081163437e-12,1.5410422132170888e-10,-1.8203320144692713e-10,2.715612930799987e-12,9.148749126493198e-11,1.3979327782627097e-11,1.592590109193551e-10,1.3003071649568828e-10,1.4025922242230964e-10,-8.209196195827192e-11,-3.2360725557693305e-10,-1.1175629086075356e-10,5.480621955301214e-11,-1.3071103895710615e-10,2.3109682701144202e-10,-2.1975720680387157e-10,3.1550393202308814e-11,1.9535739914120037e-10,4.9702675037377507e-11,1.3588462262164044e-10,1.0838356388159636e-12,9.429895797801312e-11,-2.2514562966538848e-10,-1.7740462647621535e-10,4.7931400055567606e-11,-1.0904884319556204e-10,1.2669481917404382e-10,6.888324970143185e-11,-1.7046494629634823e-10,-9.748641608383883e-11,8.987085066569637e-11,4.713677839606096e-11,1.9626277222356045e-10,2.0000717198703956e-11,-2.7016260904993636e-12,-1.542150008072034e-10,-2.419158385762135e-10,-3.901262377840525e-11,5.0337018748497113e-11,-1.3096982488228846e-10,4.710565461175884e-11,-1.680412913337945e-10,1.26317563660365e-10,9.644057540645735e-11,4.07169165737752e-11,5.5199952073782416e-11,-8.63958305256215e-11,1.522605059982545e-10,-1.9605123585188618e-10,-1.1602952950359601e-10,1.4901409602615637e-11,-5.86896939510105e-10,-2.9707689379582903e-10,-3.808567219623961e-10,9.947792934534621e-11,2.73067478519809e-10,1.3316973457803095e-10,-8.774938224824583e-11,-1.38770058558143e-10,-6.687610971298745e-11,-6.398976097276876e-10,-6.526430267389759e-10,-1.0658354506739354e-11,1.9964135013874498e-10,-1.19310701878194e-10,3.196939220378757e-11,1.4672577663959754e-10,7.690054511372953e-11,-1.9245206483533167e-10,1.3548762478589718e-09,2.967703557197204e-10,7.858776217181266e-11,-1.2602825536876038e-10,-1.6617961630908038e-10,-7.946506351672402e-11,4.947927506305567e-11,-2.0640027160798542e-10,1.582457482523061e-11,-1.417546092536554e-10,-5.405592867040303e-11,2.4412726482457334e-12,-1.6594106723436221e-10,1.3862435286303898e-10,2.8226327916297528e-11,5.676935099126629e-11,7.522444865437052e-11,-2.3421688048368498e-11,3.314151196641992e-11,-9.940677163803231e-11,-2.2444480695239882e-10,4.014327788273186e-11,-5.9769354063842575e-12,3.0103973564413563e-12,6.82129507240659e-11,-1.6446494235759493e-10,1.4162794613093178e-10,-4.362471147957742e-11,9.493801231401815e-13,8.049304635320983e-11,1.1175750436071354e-11,8.902530729164034e-11,8.333028221344647e-11,1.154324285156943e-10,1.3886423281677022e-11,4.0060854952846575e-12,8.84204766598516e-11,-6.897604020977144e-11,2.0037942933678724e-10,-2.0992695933857842e-11,-9.949511976163954e-11,-7.88178773540355e-11,-5.860322433123099e-11,-6.813874466682077e-12,-8.815844967981549e-11
L4treat_p5,2.998885943497932e-11,-2.0333914124716155e-10,3.5593865730678124e-10,4.395217469136306e-09,-1.4913651415667842e-09,7.316970922595343e-10,-4.053037789821141e-10,1.2348418768441643e-09,-1.2932954161222633e-09,4.5107643628938696e-10,-4.5493122176157785e-10,-9.927927918788474e-10,4.733058419762963e-09,-1.7904070715409093e-09,1.233548411843e-09,-1.482969100304712e-10,3.715313628167963e-10,-6.252994883757082e-10,-7.627344320841552e-11,-8.798540215107296e-11,-6.406248974117341e-10,5.953939416976978e-09,-1.123389319379328e-09,2.8282058724050265e-09,-1.262628988691462e-09,-5.454211789480442e-10,-3.4649891242449693e-10,4.3526909783114976e-10,4.6267861600565076e-10,-1.7962911127725305e-09,4.31794512824774e-09,-1.1059755885990192e-09,2.232157721730219e-09,1.2719949231442978e-09,1.2189406220988087e-09,-1.4313720721413995e-09,5.537689148356493e-10,-4.108244380822637e-11,-6.687175765228307e-10,4.481066669593589e-09,-7.626572001501835e-10,1.7071720961244684e-09,2.903192043935706e-10,2.409347256914407e-10,-9.083116614760549e-10,8.140792897053279e-10,1.2791134821146842e-10,2.210322427416956e-10,4.5204806840939397e-10,4.2619484647158474e-10,-2.512846250951672e-10,1.1260074497424817e-09,7.124980516570031e-11,-5.633791152547585e-10,-3.55666774796607e-10,-3.7291004359759975e-10,-4.3743259529561945e-10,-1.6836674434208906e-10,2.09340564442934e-09,-3.555187885512945e-10,5.76707006025515e-10,1.9846567084352173e-10,-2.5121833976264764e-10,-8.852576476605385e-10,3.6772388119803966e-10,3.503116687102241e-10,-6.020248178003208e-10,4.049930416584577e-10,-6.010821120662566e-10,-6.686129880227379e-10,-3.14871309619011e-10,5.716035941386688e-10,6.648479176600215e-10,9.201881881172459e-10,2.2548159089069584e-10,5.165130432588857e-10,-9.185015280359916e-10,4.854047587363684e-10,-2.107924073803384e-10,-1.340502429607338e-09,2.873783460687548e-10,-6.136760276691005e-10,-1.5803311312719696e-10,-8.070892032435989e-11,7.077089023508959e-10,6.16556053970212e-10,2.169947590847105e-10,-1.7868665218001095e-11,-1.0793707692848962e-09,-6.980209046375807e-10,8.290557564247925e-10,3.381687086554242e-10,-4.963724084279967e-10,3.339892322564624e-10,-5.427690681423835e-10,-6.159774318226284e-10,4.820691030829139e-11,1.1646396869761237e-09,5.650560722002166e-10,8.798322214698412e-10,4.949240491233164e-11,1.97600460643771e-10,-3.0394793021150354e-11,7.809241897788105e-10,-4.652455531558518e-10,-5.69900656120759e-10,2.4943235535427865e-10,-2.6891771299292203e-10,-4.24202336960745e-11,-1.5736543232078583e-10,3.92648754265737e-10,3.793657367026459e-10,-1.0924917215167964e-09,1.1130209328549015e-09,1.2300261683462472e-09,1.0614300130973405e-09,2.1553970966997366e-10,1.3349077803419791e-10,-7.416392571754129e-10,4.410423502432859e-10,1.8453867083855935e-10,4.374997575534135e-10,1.7273232029080212e-09,2.41938407698469e-10,2.347442958328648e-11,-7.005120385025549e-10,1.4279173523244802e-09,-1.0808633671157247e-09,-1.975098215053637e-10,-1.8765614169463473e-10,1.0672484426748059e-09,-6.341184858613855e-09,-8.622789932170533e-11,-8.978782826910758e-10,7.786988300959475e-10,2.1056727783864826e-10,9.7474715095521e-10,5.832943319982894e-10,5.330457845497123e-10,1.8046385957557675e-10,2.7769303856860525e-10,4.1688269343236786e-10,-2.2141704000971257e-10,6.292439858985279e-10,-3.4004658588224346e-10,-2.5238710100591547e-10,5.5366717517293284e-11,-4.486574473679114e-10,-3.1033055739341814e-10,9.967360046384763e-11,1.5133087821054102e-09,8.932539458006921e-10,3.3924309235895416e-10,1.6946162806682434e-10,-2.8737976189720653e-11,-1.1299759583954155e-09,1.1214894099879945e-11,-5.083622620110588e-10,-5.718644669824805e-10,3.146445473313423e-10,-5.446727453041038e-10,-9.77505300723681e-11,-8.644704144737889e-11,-1.0822737731005774e-09,-8.291978164697754e-11,-3.299199467732815e-10,-3.7121584449442996e-11,-3.298028070894178e-11,5.644689515000064e-10,-6.116583452403954e-10,7.620445219299939e-11,5.486871871134054e-10,-1.3494236783094672e-10,2.884140546945813e-10,2.7841868708759163e-10,7.64815642188995e-11
L4treat_p6,1.0429850965141028e-10,4.3069710531066426e-11,3.523471586597871e-11,-1.2618881943093032e-09,3.6736967228441205e-10,-5.961042538802707e-10,2.7312232979347944e-10,-3.8699334692153305e-10,3.630416114003937e-10,1.3117181741289747e-12,2.6985450122877857e-11,4.901741704622164e-10,-1.359856581376841e-09,1.7257676349623722e-09,-8.116933867649926e-10,1.486904718420497e-10,-8.961568417178082e-12,3.2215314883026465e-10,1.0401345529191957e-10,2.6498774179041872e-11,3.392080486228201e-10,-1.8482308608222964e-09,3.8478717699684543e-10,-1.0130803138497899e-09,1.614344643255421e-10,-1.588976586424098e-12,1.073571454041624e-10,4.625695433811674e-11,-9.957443024490706e-11,4.882479556155057e-10,-1.2179307224570631e-09,4.6416935870794983e-10,-6.29359011201868e-10,3.1735073967323914e-10,2.4327586226948902e-11,5.918546607502768e-10,-5.2285712624852514e-11,-5.9704288626746e-11,2.1214456928137469e-10,-1.5024609037108036e-10,6.428199992896744e-10,-4.6178823231355364e-10,-4.732950463757152e-11,-2.86039474713542e-10,2.1447768422453347e-10,2.025007916606918e-10,1.0694311470588514e-10,-3.2541876196667196e-10,-1.0163999741092809e-10,2.0461550472060974e-10,-1.5645770476094838e-10,8.018912872390584e-11,-7.364239851698059e-12,-4.9601969018093226e-11,-1.1907023790881787e-10,3.2514108541509684e-11,-9.811747220728185e-11,-4.624427211857169e-11,-3.555187885512965e-10,8.5381195726484e-10,-1.5246866470727618e-10,1.1489121578311335e-10,1.675854345024819e-10,1.361072660368427e-11,2.203296301168655e-10,-9.013676731394053e-11,1.223607774568535e-10,-2.6803142198117917e-10,8.175043567697183e-12,1.0493424829054328e-10,3.7801684323453105e-11,1.7874391657933283e-10,3.484573513060359e-10,-5.765689990997984e-10,2.994420619670868e-12,1.0596077167407525e-10,-1.562361829611495e-11,2.1428895428551064e-10,4.195691648234897e-12,2.1743353748929048e-10,-1.7122895191920806e-10,5.905551054074383e-11,-2.1644982255605034e-12,-4.4676554126110634e-11,2.837944219856859e-10,3.8939452346593553e-10,-2.1132004096551987e-10,1.445874502584379e-10,4.513735520710936e-10,-4.7791817624137576e-11,4.3419641938528425e-11,1.0939246793045089e-10,2.039914678697043e-11,-2.0617621435850709e-10,6.017048042713433e-11,9.380247208119979e-11,-3.18396106347416e-12,-4.6797196572493886e-11,3.677939987425608e-10,-4.2244732580596426e-10,-1.1841226854136892e-11,2.4408072695650903e-10,-1.4398169685763552e-10,7.001818104813435e-11,-1.7019261230071264e-10,1.9300487950325773e-10,-3.1787990301831124e-10,-1.0268598250890057e-10,9.877554123578504e-11,-6.346323847842406e-11,9.867052487938527e-11,3.566981688247368e-11,4.5952150764133686e-10,-2.784672683389027e-10,1.1179947745754302e-10,6.656462543622738e-11,-5.000947036867783e-11,-4.191855692184398e-10,1.371596094938821e-10,-1.0644040688407632e-10,7.44901993445373e-11,4.2339256945214163e-10,-8.362580651214071e-10,1.12079431989417e-09,-7.928657476653796e-11,2.1013410344916543e-10,-4.997737393085588e-10,5.796122359632353e-10,-1.092968124404958e-10,-5.978441767161447e-11,-2.863790427657204e-10,1.4873125762894721e-09,-5.361016222318909e-10,3.144489630603488e-10,-4.121006382462845e-10,1.5997331334278448e-10,-3.799065366229334e-10,2.641952818461617e-10,9.682336938639325e-11,-6.872391649526848e-10,8.024191362155848e-11,-4.9444678649021216e-11,1.453782776064359e-10,8.269998616293223e-11,-1.1851532022019693e-10,-1.8637782244539274e-11,-1.401094691472251e-10,2.38721088465577e-10,1.9278078666746008e-10,-9.137209449241411e-12,8.297888022929432e-11,2.2954019434362048e-11,-4.1401194514405545e-10,4.4429762627443993e-10,3.00347446801836e-10,4.837848817433267e-10,3.146769524207408e-10,1.6064558379762127e-11,1.1064793940819065e-10,-1.2630321723847938e-10,1.9227958696685204e-10,-1.0647357327664369e-10,5.6960926359089496e-11,3.86069497396836e-11,-4.016958605832922e-10,3.561772361662034e-10,-6.93358369357352e-11,-2.704390341563306e-10,-8.959769893013716e-11,-1.1741694703009308e-10,-2.5612439616529126e-11,-4.874397855426305e-11,2.130017654151583e-10,-6.188539042421814e-11,-9.84892364654258e-11,1.9883318519004536e-11
L4treat_p7,-1.143408501160775e-10,1.1416107438957507e-11,-3.2639611277695106e-10,3.4427858234378167e-09,-1.559467004695107e-09,-2.1622076671554785e-10,-5.870672307997816e-10,4.383608618829282e-10,-1.0502989405985611e-09,2.837589552482605e-10,-2.9896778826714386e-10,-1.038872979399393e-09,3.515560754408488e-09,-8.754112246545001e-10,3.2331064791037457e-10,-4.2018298627349144e-10,-2.0196435773332352e-10,-6.458214294638564e-10,-1.4096238608486932e-10,2.5174519062360625e-10,-8.169264383636665e-10,4.586282694792079e-09,-1.4034618722068844e-10,1.8642361372029292e-09,-6.650497713753067e-10,-3.5684245742785255e-10,-2.5296096659948236e-11,6.169498080644228e-10,5.104456483802796e-10,-1.6127682369931596e-09,3.9657104605173e-09,-4.3665242539981024e-10,1.7905499978457952e-09,1.2365020772382548e-09,1.2187931641874026e-09,-9.031626516141555e-10,4.685255303671088e-10,7.640027195418892e-11,-8.106444832717737e-10,3.6112205423760393e-09,6.028796508349834e-10,1.4602365500948723e-09,3.1526021910085783e-10,-7.56831614084827e-11,-3.5933518781240527e-10,3.510324756969171e-10,3.4948256121565104e-10,2.4228577353376616e-10,4.961382452998067e-10,5.514021521346117e-10,1.0378761658262623e-10,1.0590608472126496e-09,1.5781232263344664e-11,-3.3725606511950607e-10,-5.523668829360093e-10,-4.965999998851255e-10,-1.232201249699458e-10,-1.4388430384404908e-10,5.767070060255152e-10,-1.5246866470727545e-10,1.2026095478996494e-09,4.322280812963468e-10,-1.5361980796607285e-10,-4.697279143736755e-10,6.612077805465986e-10,4.0020644732029876e-11,-5.498162284015225e-10,1.2904961129963622e-10,-6.826813364618137e-10,-4.042932801745654e-10,-1.7068304256076943e-10,2.8531437998859513e-10,1.1920800222886528e-09,1.0039902072908812e-09,-1.3333736086994004e-10,2.2159925520209302e-10,-5.423849236020976e-10,6.701724928728439e-10,-2.404915410523091e-10,-7.606541178702617e-10,5.3496526623498154e-11,-6.077997959499828e-10,2.6624364785387967e-10,-6.036607644999617e-11,6.950956190120546e-10,7.959577377633337e-10,2.0198520897208249e-10,6.460535873930132e-10,-4.178885897883672e-10,-1.9645247304580146e-10,6.238782219421153e-10,-6.00389131954173e-11,-2.218212784898637e-10,1.0563426691805229e-10,-6.271380460859848e-10,-1.6930386282391316e-10,2.791399858985651e-10,3.3622745037566573e-10,7.855441015576962e-10,5.821295163684656e-10,-2.289804334943859e-10,3.6605957421016266e-10,1.7391178472986994e-10,8.413817861614582e-10,-3.8186337553987783e-10,-1.5587736236769054e-10,-2.5612369683517173e-11,-2.9133372378277014e-10,1.9838381917533241e-10,-1.4024325371139296e-10,5.043026499486178e-10,4.5988183341190207e-10,-4.821473024926631e-10,1.3774922376465355e-09,4.4207446126911273e-10,9.115878780336515e-10,-4.5278424361904844e-10,-8.417320159858049e-10,-5.753860885809256e-10,1.23133523789952e-10,2.5394478063855474e-10,-1.1771987814643615e-10,1.4313310809907179e-09,1.0171599162544725e-09,-1.4391168031631328e-10,-7.861112690382954e-10,9.220376484128507e-10,-1.8661489024778444e-10,-3.435542105833405e-10,-2.4938882372876386e-10,8.611159532657724e-10,-4.997239954561694e-09,-3.21530206790327e-11,-3.421032513424177e-10,5.14953274210067e-10,2.2146958649922283e-10,5.729136473194043e-10,-1.75149783125235e-10,4.5749385314947237e-10,6.279628326474932e-10,7.27533240624986e-10,3.466607875689799e-10,-1.9288525994479931e-10,3.7665754188960516e-10,-4.4599805285970334e-10,4.694101429252239e-11,-1.0682099855001787e-10,-2.9920577134513027e-10,2.7645812193109575e-11,1.5476991372019604e-10,5.943042519000592e-10,1.0495738062275176e-09,3.46709215859215e-10,8.921319315767252e-11,-1.5958055376412488e-10,-2.5795418528795905e-10,5.295166815591113e-10,-5.896833480925891e-10,-4.650526853609658e-11,3.7145948474804666e-11,-3.37719921706367e-10,8.135781769941668e-11,1.1661230954396698e-10,-3.7928237321390374e-10,-3.9482675656242526e-10,-5.054881784729286e-10,-2.1589509238285994e-10,-3.015360363622474e-10,2.5133370848252836e-10,-7.473453081627275e-10,2.2240912124792533e-10,3.018750858177373e-10,9.867547151082422e-11,2.4924081122401994e-10,1.4339213712583239e-11,4.576718995380129e-11
L4treat_p8,-1.2040386186730096e-10,5.770124002002563e-11,8.071157220607252e-11,1.492829886060383e-09,-8.317504819771715e-10,-8.489243769852429e-10,-3.8144174838444447e-10,8.755486083885254e-10,-3.4342062307299274e-10,-2.921905500080301e-11,-1.0691169236380063e-10,-3.663243422681099e-10,1.3257026105157295e-09,-2.400196794942142e-10,-4.267108487614719e-10,1.4291344352030328e-10,3.6262474622133334e-10,-6.181484224988945e-10,-3.6189101102226384e-11,2.741399049852445e-10,-3.063873930629715e-10,1.56656490843894e-09,2.392421923538575e-10,8.160841729922646e-10,-1.2783425624489529e-10,-2.5332377126382567e-11,-2.1556538522360341e-10,2.4454428207203977e-10,3.625737442099473e-10,-5.00970124223074e-10,1.7960091037709318e-09,1.621047980910547e-10,3.8786119597245937e-10,7.153078652665094e-10,8.947468332244105e-10,-4.401567593665752e-10,2.1329993198669983e-10,3.420150490843793e-10,-1.7253095076983662e-10,1.7745507079911517e-09,6.550453379122044e-10,1.0492359758644691e-10,4.893294656736745e-10,-6.827623954323257e-11,-4.827422078032231e-10,5.518103174340156e-10,1.755329131241817e-10,-2.0141330571649417e-10,4.825309598926424e-10,5.250474845909863e-10,-3.5898584347491448e-12,6.66202234023902e-10,2.710196597705892e-11,-1.4351384030352772e-10,-2.565829687348857e-10,-3.0802504073167853e-10,-1.420581905095427e-10,-2.580734954152013e-11,1.984656708435228e-10,1.1489121578311478e-10,4.322280812963476e-10,7.541653417263307e-10,3.1998229063785446e-11,-4.0316942173605825e-10,2.6304749533765636e-10,5.2546533496474544e-11,-4.6404734135835594e-10,1.545430940443656e-10,-3.5091612879550735e-10,-2.50660927541398e-10,8.296519983796776e-11,1.4016324392836132e-10,3.354594203954775e-10,1.9427388236550578e-10,2.0782983217009954e-10,1.0014397546417994e-10,-3.6200194543681125e-10,3.619523313819517e-10,-5.992027397731389e-11,-4.4847791066559727e-10,2.0337567337337084e-11,-3.4564954676971764e-10,1.5329033045514488e-10,8.200081381255573e-11,2.8647756398725945e-10,4.183715366192422e-10,7.094805745339684e-11,6.46757871910407e-10,-6.440655133233502e-11,-3.299587728383964e-10,2.980726590244571e-10,2.715786990536155e-11,-1.3088241494031292e-10,1.0115131839189188e-10,-3.2960295318628017e-10,-1.1204528086944469e-10,1.9421306622914937e-10,1.0196351995841367e-10,3.540570861956953e-10,6.164018221342434e-11,-2.543865355098196e-11,3.7010419640417204e-10,-1.2070145758270467e-11,4.184781343537407e-10,-1.8917559712834077e-10,-1.0523674055702271e-10,-1.163566727803683e-10,-2.4348538431434065e-10,5.95614924211816e-11,4.347760837961673e-11,2.677611569633142e-10,4.041842748680451e-10,-5.252393256110458e-10,5.093854211923261e-11,1.8902543727060233e-10,2.1364684331262314e-10,3.8503871020473206e-11,-3.9456903692904113e-10,5.774587770198857e-11,6.138478083527733e-11,2.1811708292343275e-10,-2.05170154996616e-11,-9.755316095319959e-11,6.648234740235483e-10,-4.618903017158954e-10,-9.926089251863083e-11,7.322522417673011e-10,4.515796151855817e-11,-1.9449523580223742e-10,-2.6489241007324807e-10,5.191857902242599e-10,-2.331315045755338e-09,-4.5096404265279766e-11,3.178903293066313e-10,1.5141020657042964e-10,6.070949505830604e-13,3.134847380182592e-10,3.822334981987867e-11,2.86791725300362e-10,8.362520269164033e-11,4.4088732967126055e-10,4.1964267491542304e-10,-2.889406152255356e-10,1.769789950660796e-10,-2.372878801747787e-10,1.481106226475845e-11,-1.649062749364957e-10,-3.3874241950252358e-12,2.8480549158860562e-11,1.6916164025905136e-10,4.177396532385931e-10,5.512726748012035e-10,4.417220958068623e-11,3.914692764379697e-10,-1.6984900120789416e-10,-2.2036936764114236e-10,3.848369924292199e-10,-2.410835856145734e-10,-2.1591118693319048e-10,-6.670131096508082e-11,-6.06929208654435e-11,-1.0765667623007522e-10,1.8852275747236022e-10,-2.537205491883608e-10,-2.1750841030857102e-10,-6.273479112353178e-11,-3.1167463478539475e-10,-2.6433933353772637e-10,2.1013773009942523e-10,-4.113975069919733e-10,8.835551413443303e-11,2.1123096779703585e-10,7.138163984879617e-11,1.0782224424434688e-10,1.573635246490843e-11,-8.647600460405178e-11
L4treat_p9,-4.8062650895212326e-11,1.0183522590051964e-10,4.78920171455783e-12,-7.566886739910457e-10,1.9192334883795277e-10,-4.315160162426576e-10,-5.3748435159327765e-11,-3.8120369647730307e-10,8.151367502222727e-11,-7.775634220612373e-11,7.53627466995271e-11,1.6571256132465806e-10,-1.247779749129453e-09,7.359861900626779e-10,-3.776570282810003e-10,3.716949082102579e-10,-5.6216889790827125e-11,4.5407800415986693e-10,-1.7473541995715678e-11,-8.456346625271274e-11,2.946196112096597e-10,-9.283261256058518e-10,7.473335994461717e-10,-1.2501526811356634e-09,1.9636698330623367e-10,-2.0847718524923335e-10,-1.3601108020658057e-11,-8.014238493234666e-11,-1.9982297211599745e-10,6.212292906557686e-10,-5.51411257743359e-10,8.043740522186685e-10,-5.816510983211028e-10,-4.779583118746578e-10,1.0777142282645695e-10,2.3243475720837392e-10,-1.6278565033881346e-10,-7.764992350212102e-11,4.499732322940025e-10,-4.182077587219426e-10,6.222067241062097e-10,-7.655520223103503e-10,-6.941828821745424e-12,3.3570708472410805e-11,3.827459670816759e-10,-1.8407510407797306e-10,-8.406444208687746e-11,1.3906480645779585e-10,2.8965571662485557e-11,2.26817963672359e-10,-8.447940761043596e-12,-3.247905195404791e-11,5.777533770334263e-11,3.3463790525148896e-11,4.754792650785252e-11,7.447018012808124e-11,-1.6160891649607633e-12,1.2172392081159766e-12,-2.5121833976264547e-10,1.6758543450248053e-10,-1.5361980796607404e-10,3.199822906378597e-11,3.906367551852115e-10,9.637699268115164e-11,1.713586606089961e-10,-2.99409277269805e-12,1.5053471377084684e-10,-1.562271871965805e-10,1.0242207287369438e-10,1.782987234291963e-10,1.9655148472946458e-11,-1.4169179585158793e-10,3.1761354723445047e-12,-7.084594781242301e-11,2.0376941528491553e-10,1.208534360385992e-10,-2.6577734822031715e-11,9.02971197645406e-11,1.1346376545167645e-10,2.450567764245323e-10,-1.0447523340410513e-10,2.396049648264211e-10,4.545857229084117e-12,-9.213331523637475e-11,-1.4200393409346235e-10,2.8018123377097433e-11,-4.452211423765852e-11,-7.97372644129544e-12,4.830283682619426e-10,7.57313203059604e-11,-2.0245748544075026e-11,1.5622826473872056e-11,-6.578069680239212e-11,-5.1909267034829844e-11,1.4244302476065434e-10,1.6172672217355423e-10,-2.2457956175848583e-11,5.804098514651823e-11,-6.819233699009777e-11,-1.9000832948293046e-10,-1.090597638157113e-10,2.8093560428524696e-10,-2.1256865931321582e-10,-8.656261611119897e-11,1.8500685751440533e-10,-6.857942132668831e-11,5.7565364898412225e-12,1.5372146551653213e-10,1.666307991692947e-11,-5.937582447877877e-11,-4.311865494943076e-11,-1.8740644536113655e-10,3.631752874542071e-10,-1.963819232408576e-10,-2.869470112282205e-10,-3.30215014504467e-10,-8.14297458693615e-11,-3.495065950670919e-10,3.144640960339362e-10,-1.1106870268037345e-10,-8.642187779547668e-11,6.500458755201756e-11,-4.2666957970059296e-10,4.2715186585524887e-10,-1.8789394439538392e-10,-2.814680782077654e-10,-1.7071586971677958e-10,3.7844591606425313e-10,4.555206350043574e-11,3.612035852764996e-11,-4.5118371947413436e-10,1.1622167440557928e-09,-2.392432168770086e-10,5.821003007156883e-10,-1.3681931339509564e-10,5.0001024922997723e-11,-2.567379361101602e-10,1.5991478605157293e-10,-6.85391576593255e-11,-2.1084577958415756e-10,3.16788430642284e-10,2.6635836891872276e-10,1.084766324162736e-11,2.15106986830875e-11,9.317205821362934e-11,-2.8454019328364717e-11,1.4412508827392407e-11,2.616464041988231e-10,1.2042587706791317e-10,2.172266207112147e-11,-3.7275724594689784e-10,-8.290616994927315e-11,4.332603343116082e-11,1.3822331854487654e-10,1.6916605587097393e-10,3.0413326382348166e-10,2.8916774613115416e-10,5.187198684271828e-11,1.1487741681991999e-10,-3.721381438665687e-12,2.328311466046104e-10,-7.211332755269722e-11,-7.363975915523383e-11,2.3459818658049284e-10,-9.157324797342507e-11,-2.2457558190828133e-11,-1.0281426056975513e-10,-3.299755649845974e-10,-1.1005988389229552e-10,-5.098989320882919e-11,-6.718624898392028e-11,-4.440706791399892e-11,5.691262041206481e-11,-1.3175569284132032e-10,-6.790554710393655e-11,4.46096967529572e-11
L4treat_p10,-5.769782733585784e-11,1.165557067049768e-11,1.617045529893762e-10,-2.8881954957203166e-09,1.3955987438019487e-09,-2.2073934936919243e-10,4.664631257422992e-10,-7.717843903858452e-10,9.219227495546281e-10,-3.0250844824205895e-10,2.6491899738257244e-10,8.445111878148457e-10,-3.3586297100130676e-09,1.3956921841986372e-09,-4.338304000283205e-10,5.152570526712166e-10,-3.156092157810826e-10,6.115267561722232e-10,-2.009872115491695e-11,-6.703414292791407e-11,8.961970571913272e-10,-3.883468220145516e-09,6.164778656574181e-10,-1.9965377418860496e-09,6.423720695990941e-10,1.1409021289275109e-10,9.866106210728295e-11,-5.211934124479398e-10,-5.551712620093341e-10,1.5240807943315385e-09,-3.5835310728900937e-09,1.3528722970277072e-09,-1.3677296323043442e-09,-7.422473099691088e-10,-6.795008465664603e-10,8.985268731836216e-10,-5.243312648713156e-10,-1.572955803290507e-10,4.271925252849225e-10,-3.0714674741612e-09,7.440554173857268e-10,-1.2358707551988016e-09,-2.093772294780178e-10,-3.406422370449947e-11,5.577536711159179e-10,-6.96730478937272e-10,-4.6519057690979853e-10,-7.002554410626801e-11,-1.710292936247956e-11,-4.0208059202337794e-10,5.4445682072189485e-11,-7.25405825906297e-10,-7.240676000376971e-11,3.539688719810411e-10,2.7951956140272077e-10,2.4337710533660204e-10,2.758800231526137e-10,1.5410422132170844e-10,-8.852576476605364e-10,1.3610726603680826e-11,-4.697279143736749e-10,-4.031694217360572e-10,9.637699268115179e-11,1.0465942960359612e-09,-1.08719155526844e-10,-2.488356294945604e-10,5.817456356221315e-10,-2.7626838505406826e-10,4.10652330487816e-10,4.6335222918696993e-10,2.1604895270212474e-10,-3.9134146435193126e-10,-7.186323718868352e-10,-4.92457785805407e-10,4.9771515045286673e-11,-3.230373879613252e-10,6.967342711743976e-10,-3.7197245957642517e-10,1.1063024522029173e-10,8.500365645117398e-10,-3.010635317210503e-10,3.6372275726971606e-10,1.0372321676074874e-10,-1.2194551570171824e-11,-3.160030129948483e-10,-4.964382879895039e-10,-2.0082546822877447e-10,-3.7041944540048353e-10,7.477364997007045e-10,6.25965092007129e-10,-2.8460105834224904e-10,-8.460833408642174e-11,2.4322201256021113e-10,-1.5663663564214986e-10,4.991507347069939e-10,2.959160341678163e-10,-1.342506304692506e-10,-5.70498790489342e-10,-6.671314932087818e-10,-2.888569320053904e-10,3.6539354971674796e-11,-3.7343707580460877e-10,-9.975161013213752e-11,-5.908341377187144e-10,3.2398506555611086e-10,2.2673950188049287e-10,-2.4851938427118655e-10,2.592115839629133e-10,-9.856809543268293e-11,6.84158656645646e-11,-4.623217719987166e-10,-4.443963109283651e-10,6.495832519022865e-10,1.6267315815849582e-11,-8.072300977694254e-10,-6.12761421289157e-10,1.0988782855153477e-10,1.697676224275399e-10,5.421919028167062e-10,-3.3958298995689506e-10,-1.6144293291037262e-10,5.362461088274649e-10,-8.142455593727631e-10,-4.3171298010329805e-10,7.868822011738557e-11,3.456102815163845e-10,-8.698095467536092e-10,4.866467493479382e-10,2.775617193219266e-10,2.30582840569729e-10,-1.1010774927248304e-09,4.402440669741827e-09,-3.146986834142141e-10,4.759145755175898e-10,-7.042399978905615e-10,-1.7765804068983652e-10,-5.809511461002722e-10,1.0247164706570285e-10,-7.04275030259704e-10,-2.1240500570822276e-10,-2.541107962176671e-10,-3.64115424949879e-10,4.131438351188783e-10,-2.9159602187097616e-10,5.76967344032637e-11,9.49233057019745e-11,2.869928579938805e-11,3.775553327413018e-10,1.4049876406205255e-10,-1.0616600869822227e-10,-8.955086565114689e-10,-8.234947055872286e-10,-7.794069157877863e-11,-1.1971869800088274e-10,2.0170989900533968e-10,8.867652764408294e-10,-1.0134661333330743e-10,2.7735726719410157e-10,2.918919474513489e-10,-2.7034504401406725e-10,2.9106434226468266e-10,4.8720355395883386e-11,1.4945773774428998e-11,6.260458535882431e-10,2.387250270773449e-10,9.2133402524174e-11,-6.204333785118334e-12,8.110890156943596e-11,-4.969987239819964e-10,3.818464089159871e-10,-2.6598353619396125e-11,-3.416264615494363e-10,8.771684813545888e-11,-1.987179535832476e-10,-1.309075219079722e-10,-1.944491322948885e-11
L4treat_p11,-1.853415143288607e-10,8.912044687594782e-11,-8.871126975536068e-11,2.6910585051126648e-09,-5.254798620396101e-10,-9.118605971610293e-10,2.6150022447707364e-12,2.221968265874803e-11,-8.26401449549441e-10,2.933393420927251e-10,-1.1055105491927298e-10,-5.693891113708659e-10,1.975970362597221e-09,1.2028721826860581e-09,-3.146413662359535e-10,2.434653108652242e-10,-5.000121478922131e-10,-4.49126090380919e-11,-1.083327047328526e-10,1.6671299398092588e-10,-3.60826793758104e-10,3.317716362858758e-09,1.3351414475342565e-09,4.1589083604814945e-10,4.499086053150025e-11,-6.113509687278929e-10,1.3020868224428538e-11,4.0568995299199624e-10,2.429974647645154e-10,-6.842109321820862e-10,2.4683770263673304e-09,8.836867104009901e-10,1.22356038814702e-09,8.832812939185601e-10,1.4950300338905597e-09,-2.795049213181854e-10,2.152335492663438e-10,6.24171336130674e-11,-3.6080741613114527e-10,3.6533435726231052e-09,2.434527860081117e-09,8.114759230881269e-10,6.872751157835963e-10,2.6646873452728377e-10,-2.9083645564473184e-10,2.351559517399099e-10,-1.1231117449543806e-10,5.875754790730665e-12,5.335634338791491e-10,6.797475610194316e-10,-4.9703394218274916e-11,1.2468079669872916e-09,-2.8964040642948748e-11,-3.399237484057314e-10,-5.046208337095781e-10,-5.146666278270154e-10,-1.3399257827302073e-10,-1.82033201446926e-10,3.677238811980403e-10,2.203296301168641e-10,6.612077805465967e-10,2.6304749533765476e-10,1.7135866060899797e-10,-1.0871915552684255e-10,1.3703143600481607e-09,-1.5639339339102405e-11,-2.439937503249146e-10,-7.154036324579557e-11,-6.699745810968444e-10,-2.718754645746502e-10,-2.8522216796023617e-10,2.5282259456679904e-10,1.1248929838582325e-09,6.963826835614727e-10,5.664066828333315e-11,5.513223094910415e-10,-5.864892415317759e-10,1.2565643685423577e-09,-2.854816721831052e-10,-3.620845816435699e-10,-6.229385671415397e-11,-3.2759649845952315e-10,3.126847670746869e-10,-3.3895098302602373e-10,1.0618594404363166e-09,1.0290407014309414e-09,-3.1678925361954034e-10,4.0767723382569803e-10,3.3048172350267e-10,-1.0561074418611998e-10,1.114947304012305e-09,1.0520065965204825e-10,-2.945122060002436e-10,1.3077073163566172e-10,-4.26125038433065e-10,-2.0885953711075543e-11,2.0872540267404072e-10,3.1310432316886993e-10,6.780683941501007e-10,3.314119700889314e-11,-5.367325471759432e-10,6.476131193090697e-10,-1.1745892838378143e-10,1.095437591485101e-09,-5.92166368414152e-10,-1.0036462084189963e-10,-2.623260539430729e-10,-1.4412508990802387e-10,2.77615064328463e-10,-2.885112386811761e-10,5.592120701720573e-10,4.588023740783225e-10,4.6978772402256185e-11,2.4014401467958265e-09,5.561339256448226e-10,1.1563358258213786e-09,-3.5542836462360107e-10,-1.3071106523938196e-09,-2.9494743675393955e-10,2.7569511517692008e-11,4.815797663752501e-10,6.664664180006414e-10,9.295746789606147e-10,2.293684323100114e-09,1.4986173841773137e-10,-6.290964893877622e-10,2.4099421681449974e-10,3.847484774684134e-10,-3.672826709617087e-10,-2.2790182285481787e-10,2.571143579396762e-10,-3.6935046686171373e-09,-1.2252468147890092e-09,3.4416412416920833e-10,-1.219924310562104e-10,3.6234968974637584e-10,1.8306379236973823e-10,6.281850712640232e-11,3.105922434160196e-10,-2.840311772694097e-10,9.654988469445653e-10,3.25723573768805e-10,1.12015866410377e-10,7.596181886968026e-10,-8.169496901687112e-10,2.3725958656263825e-10,-8.24308321504931e-11,8.639289691843439e-11,2.6721581995662717e-10,1.22425057150517e-10,5.111189805867325e-10,8.321181151997999e-10,-2.6900249580453277e-10,5.240344674265555e-10,2.661795677928414e-10,3.812295117158062e-10,1.1458230198044939e-09,-6.993915953361025e-10,2.0769711637246623e-10,-1.9090498843422358e-11,-1.4102440538322293e-10,-7.696208711112458e-11,-4.1011545084873334e-11,-1.363181907194353e-10,-5.466661382556194e-10,-1.3209836995207384e-10,-3.107428423770125e-10,-7.181064037314961e-10,4.1882574885712037e-11,-1.1235988757412678e-09,2.7667159621281346e-10,1.916014633513061e-10,2.2635552258055407e-10,9.131203217712138e-11,-7.139170336555332e-11,1.7907304456671745e-10
L4treat_p12,-5.109636304405014e-11,-5.804670497234148e-11,2.419011824132479e-10,3.4979205511584565e-10,-4.819881148058978e-10,-1.7873693585734235e-11,9.848517086920175e-12,4.870742943442306e-10,-2.3511006291029585e-10,-3.446133421336454e-11,-2.2632071739608872e-11,5.728496762241668e-11,1.9674040454302718e-10,-6.085760682159123e-10,2.061612557607102e-10,1.2761274982021305e-10,2.3056038615866842e-10,-2.2013109400587794e-10,-5.609323663564802e-11,-2.8831666038099688e-11,-1.1829149657394788e-11,5.341386683129872e-10,-3.769219022832856e-10,1.1605157246223439e-10,1.2143634227606777e-10,-2.4888057932667826e-10,-1.300563352171399e-10,-6.501375139071136e-11,7.49418036834029e-12,-1.5002215575085125e-10,5.751849646489956e-11,-4.105278067796078e-10,3.373534453730376e-10,-6.520388917814566e-11,1.606577679420674e-10,-1.8805048144306285e-10,-1.3180938561822088e-11,4.9161465339582386e-11,1.6416611341653154e-10,2.8250617807236465e-10,-4.891308914351115e-10,6.673555130754726e-11,1.8067109085754988e-10,2.837890250505079e-10,-1.8564109442708663e-10,6.759577904366908e-11,7.603715187958477e-11,1.1446943958647722e-10,3.2791442258530566e-11,4.398969234240705e-11,-2.7665910096904836e-11,1.424160181840857e-10,-5.098532764165407e-12,-9.555948841407806e-11,1.375798492624868e-10,-6.150489155243801e-12,-1.1247101404377182e-10,2.715612930799525e-12,3.503116687102248e-10,-9.013676731394028e-11,4.0020644732030975e-11,5.254653349647457e-11,-2.994092772698485e-12,-2.488356294945615e-10,-1.5639339339101442e-11,2.407682131001913e-10,-1.2885247115630083e-10,9.18738579207401e-11,-6.092814614681263e-11,-1.0376267845737681e-10,-3.36000622602074e-11,-6.468107933161454e-11,-4.882227995060581e-11,2.1255337886217038e-10,1.555900392507363e-10,3.8575192553012524e-11,-1.4058757960075595e-10,7.408613597125371e-11,6.11426628797576e-11,-2.450784686144914e-10,2.3600942310857457e-10,6.32910050839467e-12,-6.839417350869928e-11,-8.201907844588154e-12,-2.2578440868848634e-10,1.2751187638647962e-10,1.3437411304572064e-10,-5.78847277705468e-11,-2.803038823024779e-10,-1.6920689366883657e-10,1.2671967684710848e-10,2.222720509067108e-11,-1.2499909424189932e-10,1.7324915190675994e-10,-7.562533707457664e-11,-1.1273666998785317e-10,2.5624841106043644e-11,1.1950237265965237e-10,1.0475648764704337e-10,1.8381995165562314e-10,6.385613237210474e-12,4.090590596032102e-11,-1.4207892289617055e-11,1.7818222840738706e-10,1.2227744471877424e-12,-1.08791556772336e-10,1.7004481634550864e-10,-5.1009915768325035e-11,-3.891163690254491e-11,3.154859221302171e-11,9.358215186734465e-12,9.934492040041594e-11,-3.045417673259322e-10,-4.2998042166513934e-10,2.883099250138796e-10,3.986091941079005e-11,1.884285131383365e-10,2.6404607598017105e-10,-8.426225884718778e-11,9.669362099728161e-11,2.4394905045518702e-11,-2.652681874729902e-11,-3.268056594600345e-10,-2.948362646413903e-10,4.008412331044866e-11,-8.671060651881525e-11,3.062957096423007e-10,-2.726642855947369e-10,3.9148016104512494e-11,-2.6327998389218272e-11,8.527323769524605e-11,-6.083226596490116e-10,2.2882443895706623e-10,-6.843940279170456e-11,1.2020069406104837e-10,-6.5607725034765e-11,1.9159662709063574e-10,1.0337045150430592e-10,3.230220433382813e-11,8.400810954828516e-11,-7.2253263546274e-11,1.1063685522141757e-10,-1.4182582099977503e-10,1.4151537025235972e-10,1.0768242801557036e-10,-3.9031366348991294e-11,1.3279497391757383e-10,-7.279557884547776e-11,-5.041921993813822e-11,3.467972324794681e-11,1.3640307414106295e-10,1.1197921810914234e-10,1.2680526785615785e-10,2.0001585456195368e-11,-9.933806187205812e-11,-3.1412592777099407e-10,1.7721074464014165e-11,1.4683163114342784e-11,-1.8177432313377726e-10,1.8841608096571033e-10,-8.128699452631462e-11,-1.3886955990070762e-11,-4.0167738041580736e-11,-1.0185062764339006e-10,1.8907011907776037e-11,-7.456748553752305e-11,4.95209073554097e-11,6.156167378825421e-11,1.1464769454912633e-10,-7.775980548419915e-11,-6.216543591919437e-11,1.1858993105339525e-10,-1.4113770692300873e-10,4.5214261728637697e-11,6.153138473916666e-11,-5.013637649063318e-12
L4treat_p13,1.2536730958819122e-10,1.7734044608671672e-11,4.130303430678057e-11,-2.7418870294603136e-09,9.515175177697155e-10,1.3430990421417326e-10,2.5788343964503536e-10,-1.0820719118758777e-09,7.736443850924752e-10,-9.050038505368126e-11,2.0373250046029176e-10,6.224227886893548e-10,-2.6183640147924945e-09,1.0503885263667518e-09,-3.7324357958126625e-10,1.3333769121525953e-10,-2.7706784890172696e-10,7.016354249947678e-10,1.3148135549210387e-10,-2.5404643347614767e-10,6.494044007317074e-10,-3.3720610088891975e-09,3.5595698246647114e-10,-1.828396227853311e-09,2.185956960967167e-10,4.432667183308966e-11,1.8429916227760824e-10,-2.965395524099205e-10,-4.660751746021555e-10,1.3176415605658882e-09,-2.79425651252989e-09,6.332028392992946e-10,-1.4237711509257347e-09,-9.266576800833103e-10,-9.411213828005719e-10,5.528657268696577e-10,-2.7639478611310203e-10,-2.1254599463164717e-10,5.489707217638287e-10,-2.7934717068839356e-09,-3.4685212812809145e-11,-9.132533663986956e-10,-5.101176155296783e-10,-9.239781451340599e-11,6.085786274329641e-10,-5.276510845045855e-10,-1.7300285597191444e-10,1.7662135851392918e-10,-3.7271080699216893e-10,-3.8796065269636263e-10,-3.733935238646979e-11,-7.739069940401866e-10,4.493134141181339e-11,3.0729462216334684e-10,2.3029553056172322e-10,3.1137289504203686e-10,1.659132246058465e-10,9.148749126493061e-11,-6.020248178003219e-10,1.2236077745685276e-10,-5.498162284015232e-10,-4.6404734135835537e-10,1.5053471377084671e-10,5.817456356221322e-10,-2.4399375032491454e-10,-1.2885247115630026e-10,6.563238556676297e-10,-2.767020949232348e-10,4.5220476759536104e-10,4.1391409219450866e-10,6.922143018725764e-11,-2.824279520176157e-10,-5.600664613145312e-10,-5.059187181337422e-10,-1.3516440488810323e-11,-2.003747151970341e-10,4.4581333437776915e-10,-4.821524097086922e-10,1.4390863226072051e-10,7.326042290563763e-10,-3.0457818699247686e-10,4.556365958048562e-10,-1.4513661288905805e-10,-5.367038357066929e-11,-4.455538240364654e-10,-5.359520760541712e-10,-1.6717012743296223e-10,-5.107241092697348e-10,4.4395446797396896e-10,3.2796932527002117e-10,-3.70679135923709e-10,4.9275824103106496e-11,2.0846688929617102e-10,-1.994656881872207e-10,4.3574311695335895e-10,2.591540917037973e-10,-2.0393017960802694e-10,-3.4350541272661153e-10,-5.129830253342173e-10,-3.270450232076694e-10,1.4574430788449137e-10,-2.98029216332561e-10,-1.1949338430392354e-10,-6.403444636066349e-10,3.1332039097252683e-10,1.4267037528211595e-10,-6.425860241942035e-11,2.8673224911401806e-10,-5.870613522348689e-11,-9.69667095348718e-12,-2.6729047277000437e-10,-3.509588911387993e-10,7.482453900136145e-10,-5.287226838630248e-10,-5.613937467425837e-10,-7.783782548168675e-10,-3.937108001553692e-11,1.5053488702689067e-10,3.179085034744851e-10,-1.3988271730392128e-10,-2.431030554528386e-10,1.3020085803951612e-10,-8.053750745345772e-10,-4.3550616927260345e-10,3.749317447284205e-11,1.3056537120766464e-10,-9.46203389119588e-10,3.089807205812035e-10,2.1327950288834015e-10,2.0971013398262185e-10,-8.168949513207098e-10,3.880347390182323e-09,-2.3994684880464286e-10,3.866691784603584e-10,-3.543986672673541e-10,2.8394232434606816e-11,-4.896679806440488e-10,9.518448863150558e-11,-3.952239302528637e-10,-3.2185494329810793e-10,-2.8011572356970773e-10,-2.9996802608991984e-10,2.7694347807946583e-10,-2.9814101588687595e-10,2.849918008653151e-10,-2.2876210487231935e-12,2.2990227580744064e-11,2.909342427280747e-10,6.228805385393218e-11,-1.5451474612516088e-10,-6.477545485767899e-10,-7.135249396354416e-10,-2.1629716774557697e-11,-5.54852193349642e-11,2.711677177786754e-10,5.35078095027131e-10,-2.5102552841692774e-10,3.729551916114463e-10,2.6997938279485155e-10,-1.7051468135173679e-10,2.7667247042888604e-10,2.0991043290006402e-13,-9.125069813042341e-11,4.654870668539789e-10,1.4684375684349422e-10,1.0713786022825212e-10,1.1955434842555668e-10,9.585122672343516e-11,-3.3253144017830767e-10,4.99898383034144e-10,-1.4831606681044843e-10,-3.1461972402103967e-10,6.885384150300158e-11,-1.8421982743128235e-10,-9.747717731185114e-11,3.811892858318705e-11
L4treat_p14,-3.12221808733383e-12,-7.496804813730965e-11,3.387409932354053e-11,1.4808804448553968e-09,-5.133095919878823e-10,2.7785785276284575e-10,-4.02795813857011e-11,7.019131866209243e-10,-2.413741288491442e-10,8.417732006741959e-11,-5.708882154697753e-11,-3.5788077925775917e-10,1.6391685578864928e-09,-1.0962541672931114e-09,1.4666961845664797e-10,-1.319749093646943e-10,1.5415741260837368e-10,-4.265817054125303e-10,8.839399228912483e-13,4.8735605590336366e-11,-3.5532576096659724e-10,1.8239494047444083e-09,-5.148041497485962e-10,1.0274652168726582e-09,2.6418764119934124e-11,1.2141106696648086e-10,-7.306107598126934e-11,7.99489809528226e-11,1.9747716741177317e-10,-5.863541855377106e-10,1.5394118757601603e-09,-8.046922212521669e-10,6.30102098539083e-10,3.358555725339781e-10,1.5261945572727874e-10,-3.969191407494648e-10,1.1253746898756559e-10,1.1659283657386357e-10,-2.4944679583624795e-10,1.1277383104174276e-09,-7.091037751408533e-10,5.578760046132084e-10,3.8208806121628334e-10,1.2778873946428416e-10,-2.874201595045582e-10,3.0261261620174776e-10,1.245856965347259e-10,-2.7511798512069294e-11,9.516786353590241e-11,6.265674022896079e-11,6.647167046716979e-11,2.4406153087661647e-10,1.738935760677929e-11,-8.148264956792266e-11,2.956576621881581e-11,-1.1526683271903847e-10,-5.783600239126626e-11,1.3979327782627056e-11,4.049930416584588e-10,-2.6803142198117814e-10,1.290496112996377e-10,1.5454309404436522e-10,-1.5622718719658043e-10,-2.762683850540699e-10,-7.154036324579561e-11,9.187385792073995e-11,-2.767020949232356e-10,3.4667426873685033e-10,-1.416409806747607e-10,-2.308957180489563e-10,-6.101213650254921e-11,1.2694479900556415e-10,-6.038208110665312e-11,2.0724732730418047e-10,9.018964865254435e-11,1.492639154722839e-11,-1.4208158117725084e-10,7.042173822785388e-11,-8.578852856619277e-11,-3.508081107682857e-10,2.2087505802330886e-10,-1.8788532268693104e-10,-3.6038952554375466e-11,8.921635483490838e-11,8.485288334456734e-11,-4.046656166366575e-11,7.986376538557622e-11,3.2778928611668123e-11,-4.080776855501896e-10,-1.6410870396052484e-10,1.1405124811326549e-10,2.071691346242807e-11,-4.335099141238901e-11,2.2708721155754505e-10,-1.6646120485886404e-10,-1.4559261950710835e-10,3.8352845720286986e-11,1.341209813788772e-10,2.475681715108625e-11,1.669085450288052e-10,1.2017926584470658e-10,1.6487840384660275e-11,1.0303727663437937e-10,1.3662870339249366e-10,-1.1571759734622797e-10,-8.25940134930341e-11,1.905322759284305e-10,-8.216027585949791e-11,-3.670293584821386e-11,4.392295077371108e-11,7.92666023348295e-11,1.7033485395460453e-10,-5.871105023151492e-10,2.7917033038266523e-10,8.794765592295604e-11,1.857968635227733e-10,4.626881080175471e-11,2.4849060054874125e-10,-4.7205073190715735e-11,1.7063955493600615e-10,2.826138474953187e-11,-2.1520905011539354e-10,4.4959521270198184e-10,-3.416476028919086e-10,1.0920857897567152e-10,7.818734941354368e-11,5.698924424315457e-10,-2.53347210442985e-10,-3.950002080493779e-11,-4.791988838182728e-11,4.923589857825397e-10,-1.9803377029089613e-09,4.260861141546172e-10,-2.2568421005387544e-10,2.067111508740133e-10,-4.064636478558977e-11,2.7867240783564405e-10,-4.341753894476161e-11,6.759361271784506e-11,3.1707535534406996e-10,-4.2150462646732053e-11,9.764933361683519e-11,-1.0857609079645329e-10,1.2947355064656308e-10,-2.4622113091038845e-11,2.4843825274428312e-11,7.815336586634166e-11,-2.157072294154463e-10,-1.4443631288665788e-10,6.309334766127813e-11,3.282918848519518e-10,2.163112398264028e-10,7.847411479816498e-11,-7.709973714419573e-11,-1.4815923269440717e-10,-4.353671473255276e-10,-1.4671246543169995e-10,-9.332205502526238e-11,-1.6703616254964432e-10,1.6334921458666586e-10,-1.9462464954157144e-10,3.536814405547849e-11,2.560565666393993e-11,-3.0159360365053886e-10,1.1187507112139461e-10,-5.808633138715974e-11,-3.0242486321415747e-12,1.1144227247063384e-10,1.4831915660927398e-10,-8.078104093216511e-11,4.186710692711495e-11,1.1321819401762025e-10,-1.640742262339158e-10,1.0824084281703324e-10,8.746488301701376e-11,-4.8043264574316857e-11
L4treat_p15,8.61640206105082e-11,-4.6920098265736305e-11,2.410483029958825e-11,-2.882503767839653e-09,8.353132168870911e-10,3.440638570482647e-10,2.6329611495705446e-10,-5.496991790439497e-10,9.392752316830633e-10,-2.725168401350214e-10,1.6604634236983266e-10,6.486612806655093e-10,-2.701307104093998e-09,2.691150954277068e-10,-2.352039635268239e-10,1.7170476546625502e-10,4.696081000662095e-11,5.007784060771665e-10,7.678382406050832e-11,-2.1887992393657585e-10,5.35725029736879e-10,-3.6853426633060336e-09,-7.92439229194098e-11,-1.5814084221518196e-09,3.7638800989206023e-10,3.304673044213835e-10,1.3452996339644033e-10,-4.500231158500595e-10,-4.450750040990259e-10,1.1029988498705455e-09,-3.0369243780380177e-09,6.134909384142342e-11,-1.5554889941471637e-09,-9.996557304675798e-10,-1.1814871383663291e-09,6.585791221869764e-10,-3.653884329755122e-10,-1.4485867013715838e-10,4.723384354491671e-10,-3.3516470486515525e-09,-1.0173562240538515e-09,-1.041709173609584e-09,-4.4729283188223295e-10,1.1288502464480443e-10,5.366817746567904e-10,-3.4607258199219543e-10,-4.9578590160055505e-11,4.0886905057756916e-12,-4.551039506981983e-10,-4.607727830951809e-10,2.252264155931314e-11,-1.0077882623360714e-09,-2.796064762849365e-13,3.713055620792152e-10,4.412311626931938e-10,4.335359548203375e-10,1.260858285959925e-10,1.592590109193544e-10,-6.010821120662564e-10,8.175043567695616e-12,-6.826813364618107e-10,-3.509161287955069e-10,1.0242207287369542e-10,4.1065233048781696e-10,-6.699745810968455e-10,-6.092814614681092e-11,4.5220476759535975e-10,-1.4164098067476e-10,6.513681781424348e-10,4.164413330312775e-10,2.200898710169114e-10,-2.6111607949033916e-10,-8.177928172598275e-10,-6.546621505116652e-10,-8.648721537380493e-11,-3.621521659946985e-10,6.224228611111911e-10,-7.506000371410713e-10,1.8278016683575826e-10,6.450032141799016e-10,-9.24172465154399e-11,5.120945053348935e-10,-1.9617178486613692e-10,1.1502645250655017e-10,-6.681606729038102e-10,-6.70901889566912e-10,-1.3737509214048882e-11,-4.947843348910985e-10,3.2746334192529696e-10,2.6534377222163257e-10,-6.995697984341499e-10,-5.3268039049972526e-11,2.4553534922909856e-10,-1.1106715135508606e-10,5.578982511919875e-10,1.8338289232398375e-10,-1.759955651866196e-10,-3.7107016203621337e-10,-6.170820439984218e-10,-2.9976756016151594e-10,1.7700857511480068e-10,-4.21424376228292e-10,3.6430742880596246e-11,-7.447541457054307e-10,4.504301399179421e-10,1.2938340481168108e-10,7.699142918116417e-11,2.4835407647082746e-10,-1.6374086813290614e-10,1.6177475309022436e-10,-4.265400472159671e-10,-4.61317123153978e-10,4.361637858250803e-10,-1.3451380139675712e-09,-6.256433584374625e-10,-1.1086755398327587e-09,1.5374466581131503e-10,7.174440898794971e-10,3.910771224861031e-10,-1.6494935928735077e-10,-3.5328213441635324e-10,-2.602140627814962e-10,-9.789215061081523e-10,-1.169674566844517e-09,2.7957049437696833e-11,6.149975493954348e-10,-7.259996215412187e-10,1.2999558396690755e-10,3.0544085157650016e-10,2.375102561722427e-10,-6.192662218879282e-10,4.166902935044561e-09,3.8863091296116117e-10,2.2321427752509464e-10,-2.9204767278318643e-10,-2.69615873495718e-10,-4.609535673029673e-10,4.659922702163158e-11,-3.8719334484439264e-10,-1.4962896815241524e-10,-5.823025600822188e-10,-2.821096598670447e-10,1.299659954320701e-10,-5.496534551889882e-10,4.710655346487678e-10,-7.388402718921109e-11,1.0467920151520695e-10,2.405340664171007e-10,-6.899725347233807e-11,-1.0105846511970358e-10,-6.444106840417996e-10,-7.650977991183177e-10,-1.982017354640424e-11,-2.3237749949354394e-10,8.848519055111108e-11,2.4597581400074254e-10,-5.845916012436073e-10,4.817935510606912e-10,5.540956203344399e-11,-6.781322536623974e-11,3.008447799122632e-10,-4.6135893947149225e-12,-3.4875712232124233e-12,3.6589183054198156e-10,2.8621075936456995e-10,1.8176864631783502e-10,2.1337994274886452e-10,2.783225183665822e-10,-2.5274443039508667e-10,7.48574629869901e-10,-1.7360266262088166e-10,-2.682094756903332e-10,-7.915535253954163e-11,-2.1297017777461663e-10,-2.8353734240610056e-11,-7.435288892649271e-11
L4treat_p16,-2.49193535469629e-11,-3.510255887240141e-12,-1.6459182471351097e-10,-2.7856054775859888e-09,7.312003706247834e-10,3.603344373710648e-11,2.519014649566793e-10,-5.955051588754087e-10,7.524247067198874e-10,-2.636544944127978e-10,1.8552087957195734e-10,3.8168254671795723e-10,-2.9181042857176404e-09,9.059047513196482e-10,-2.679603311522209e-10,3.9278770924712655e-10,-5.82026425203812e-11,6.157114861329238e-10,-3.514087628896415e-12,-1.3486517943504219e-10,4.500412405655775e-10,-3.3776086576657816e-09,5.248954368325739e-10,-1.8943056287504267e-09,5.530570799741712e-10,1.9751045401139662e-10,1.355109676286816e-10,-4.0442224807001923e-10,-3.9039620691046334e-10,1.0216455309425765e-09,-2.859888357337811e-09,4.64594247180697e-10,-1.1722267379457972e-09,-8.968741147057318e-10,-6.9239848014493e-10,7.444343598831444e-10,-4.281620786989724e-10,-1.2296020810166034e-10,3.271772217830023e-10,-2.793216300806132e-09,-4.153903661702154e-11,-1.0936683806053897e-09,-2.1503212951044588e-10,1.6362866623505332e-10,7.291991981488586e-10,-4.742173035315989e-10,-1.3123283635336862e-10,6.354893103695963e-11,-1.7989019598364402e-10,-2.0438473101723218e-10,8.549139677185076e-11,-7.703518980419729e-10,-2.5873722221958304e-11,3.683048895587372e-10,3.2034264242192587e-10,2.1973146248637773e-10,1.78748606997831e-10,1.3003071649568758e-10,-6.686129880227386e-10,1.0493424829054303e-10,-4.042932801745656e-10,-2.5066092754139645e-10,1.782987234291957e-10,4.6335222918697003e-10,-2.7187546457465076e-10,-1.037626784573757e-10,4.1391409219450783e-10,-2.308957180489565e-10,4.164413330312744e-10,4.82031884972799e-10,1.6726329517880842e-10,-3.464197302449531e-10,-6.351470545217644e-10,-3.343032072561856e-10,4.6479539230325756e-11,-2.6128825225570297e-10,5.576182630608374e-10,-4.970278733917689e-10,1.5829855621207366e-10,7.004357368461466e-10,-1.7796411430741385e-10,3.936879941726848e-10,-5.140500398127212e-12,1.814704413554066e-11,-4.419751204414147e-10,-4.3362411095081263e-10,-4.697879832079544e-11,-2.837235714295121e-10,5.947026983882861e-10,3.526357530917006e-10,-5.053044889874577e-10,-1.429865427903402e-10,1.8092708728413628e-10,-1.1802539290163238e-10,4.0932686579156197e-10,2.492947055180985e-10,-1.0276229233106415e-10,-4.224593691318074e-10,-5.122364807320322e-10,-2.0830899563354458e-10,-8.440118557120729e-12,-1.4144019046453083e-10,-5.850457862256783e-11,-5.633692604361577e-10,3.5391631993516806e-10,1.2423765904884282e-10,-2.9266869432946714e-12,1.819499137166512e-10,-7.279599816120798e-11,9.603473703640452e-11,-3.264328981214209e-10,-4.4415018655251917e-10,3.4340719837130024e-10,-8.381459074990679e-10,-8.154870670606324e-10,-7.828276797915176e-10,-5.499164459789226e-13,4.3466731768946676e-10,4.373619266500506e-10,-2.1192394338787071e-10,-3.046633495801178e-10,-2.0363343851985865e-10,-1.0966475660250661e-09,-6.347917398953071e-10,1.4011882180028115e-10,3.245269933989984e-10,-6.006824940741609e-10,3.993573430930714e-10,2.2989335158181922e-10,1.6929169183835364e-10,-5.963350853229085e-10,3.915572386937933e-09,1.0975386268364305e-10,3.769005704992561e-10,-4.1940469563279094e-10,-2.6986583091632996e-10,-5.371107650619905e-10,2.706389146588542e-13,-4.0267137137445434e-10,-6.150190588897479e-11,-1.8982572338515421e-10,-1.6264200135550657e-10,1.2501990527177543e-10,-4.461973214013439e-10,3.068563677984731e-10,1.4376608845295583e-11,6.154596661418548e-11,3.0805912268141114e-10,7.645856777890787e-11,-6.505743107422897e-11,-7.041687746170176e-10,-6.234666140873309e-10,9.102423255588714e-11,-1.3047194941567046e-10,1.952619389264005e-10,5.046473400230567e-10,-2.368503867840519e-10,2.7250005361447204e-10,1.9998030206843787e-10,-1.3579848163524403e-10,2.4404578505360176e-10,3.572420204997752e-11,-2.8133147042842842e-11,4.919314894037453e-10,1.4691151982472313e-10,4.57898241097477e-11,5.041629512559416e-11,1.854818261552123e-11,-3.0233612599385313e-10,5.030589944357887e-10,-7.646221363658183e-11,-2.853385752222514e-10,2.138636856616136e-11,-1.5029987731758032e-10,-1.2001218018434955e-10,-2.232966760850082e-11
L4treat_p17,-5.1154342786199905e-11,-3.5921687554830654e-11,1.0121822056776521e-10,-1.1048772240614647e-09,3.1438588149125593e-10,-1.9058558141918896e-10,-1.739787612230996e-11,-4.823807829511452e-11,4.107407663794817e-10,-2.645097769452707e-10,5.8042720424781834e-11,3.4943718241051906e-10,-1.255765374830559e-09,8.495055639146302e-12,-2.597915483216671e-10,2.535004619854302e-10,4.0559414595250586e-11,-8.953957345041047e-11,-1.3038293146064691e-11,4.7959139976431003e-11,3.98212637474623e-10,-1.7514193928259746e-09,5.065143475306542e-11,-5.000807972859214e-10,1.512790097210028e-10,6.479721724001434e-11,-1.0222080084633516e-10,-2.431330428314371e-10,-1.1189650242442633e-10,5.362276434601341e-10,-1.494710705577622e-09,4.775431132661846e-10,-6.510974651731616e-10,-2.9837402538052796e-10,-2.584230801342065e-10,2.810701191633899e-10,-1.787411595088755e-10,5.3926900483907614e-11,2.3058636680547972e-10,-1.4192371509388641e-09,4.699669560879397e-11,-7.904615307934737e-10,-6.216415037809013e-11,-4.547012299595751e-11,-1.4759072764078533e-10,5.4933184760700676e-11,-8.328910682390422e-11,-1.6495874342949807e-10,6.339902149966781e-11,-9.654595414306017e-11,-8.376508956508425e-11,-2.8128019841765875e-10,-7.711384814223896e-11,1.8721462928230875e-10,2.038691915163156e-10,1.0560456469743055e-10,3.960837064834494e-11,1.4025922242230927e-10,-3.148713096190117e-10,3.78016843234528e-11,-1.7068304256076932e-10,8.296519983796762e-11,1.9655148472946648e-11,2.1604895270212516e-10,-2.852221679602365e-10,-3.360006226020677e-11,6.922143018725797e-11,-6.101213650254929e-11,2.2008987101691116e-10,1.6726329517880858e-10,3.0663428989235623e-10,-1.8701615024705797e-11,-3.1881259295946257e-10,-2.720862940925835e-10,1.9173995277807413e-12,-2.0075258849026987e-10,2.3502037279868203e-10,-2.832988290010707e-10,9.331452103792139e-11,2.0231128908844762e-10,-2.0100933667325502e-12,1.0202874350670298e-10,6.803074552143879e-11,1.8466026008758373e-10,-2.4594192894449065e-10,-1.5727393984873887e-10,9.39679383069945e-11,4.0098214926641086e-11,2.111542492027753e-10,2.88728684607279e-11,-2.778141296771373e-10,-7.892573547161869e-11,1.175636036909121e-10,-5.93816681531223e-11,2.609402043293737e-10,6.675394279710762e-11,1.2645281772379691e-11,-1.391084904202682e-10,-1.924742900807859e-10,-9.13956348710043e-11,4.1771405408741256e-11,-2.0148386797554236e-10,-1.6394385385852603e-11,-2.650593173621119e-10,2.3647457746785187e-10,1.1526305508612762e-10,-6.425493096268369e-11,5.4837035711307365e-11,-7.4837864902407e-11,2.3660688882537383e-10,-2.6204304920524347e-10,-1.2217369216767407e-10,3.179646539648076e-11,-8.995423609105919e-10,-3.375220382816666e-10,-4.921735867368261e-10,2.837209083474573e-10,1.7627125482230786e-10,2.5389824430618144e-10,-1.4778486166662944e-10,-1.2421960616761308e-10,6.001953594382373e-11,-5.993059467205086e-10,-6.175687198641092e-10,-2.1058626574206727e-10,3.4178344262774146e-10,-1.861255666941167e-10,6.092747879660932e-12,1.3479568290226808e-10,4.300148971200099e-11,-2.818492981274893e-10,1.6408112529426245e-09,2.2315852670848244e-10,2.2099421638221142e-10,-1.6781726293561609e-10,-1.9172249216604744e-10,-8.110672686878927e-11,8.419144340634759e-11,-1.8064433969671835e-10,-1.0054253050643952e-10,-1.8264840159398722e-10,-2.9429018765253346e-11,-3.551301156635276e-11,-2.648789390129182e-10,1.4827443798552906e-10,-1.1098558684631697e-11,-2.570265996373474e-11,1.5134593384464575e-10,2.2765108989184552e-11,5.564218802793346e-11,-3.236566779607129e-11,-1.7658120005698178e-10,1.39886574894931e-11,4.650276434662362e-11,-9.808441574003265e-11,8.201459513091354e-11,-1.4071020041905064e-10,1.9197967930489574e-10,-1.2709005647769952e-10,-1.1519582576032399e-10,1.5857361285710536e-10,-2.084368227792625e-11,1.8357303188156028e-10,7.771169010078189e-11,6.257262691489107e-11,7.794413307962755e-11,-4.019086359318355e-11,1.0755748689056817e-10,-4.591546282854294e-11,2.365285814234916e-10,-5.2352037751042546e-11,-6.977965805606969e-11,-2.5483177997324227e-11,-9.396606871488816e-11,-2.6477818884354386e-11,-1.4916209269865414e-10
L8treat_p5,2.3711427443545217e-10,-8.297504741195825e-11,-3.5244685870416375e-10,3.5751967354352888e-09,-8.156827728011814e-10,2.0572549521584248e-10,-1.3951566920630125e-10,8.055312697672242e-11,-3.5625778039392585e-10,4.96786691989519e-10,-2.2896104250181925e-10,-6.73616109141745e-10,4.1416405573629385e-09,-5.796461799457157e-10,-2.9795543743389867e-10,-7.753408525625965e-10,-3.4066758581341335e-10,-3.205351837994752e-10,3.053290775295782e-10,1.2978064151252945e-10,-4.574115458253213e-10,3.526554224172386e-09,-6.821056506790741e-10,1.8472109787581723e-09,-9.235227755594425e-10,5.0050167262250205e-11,3.032074244928311e-10,6.69181756734122e-10,4.681383088010807e-10,-1.0632757109841257e-09,3.470716054323391e-09,-2.623035940769914e-10,8.09555085502364e-10,1.1541891010857836e-09,5.791059467548026e-10,-3.6864496827026457e-10,6.809149491574824e-10,9.248913006753565e-11,-5.486640784341275e-10,3.576678705094905e-09,1.6804206167749644e-11,1.1311296775529779e-09,2.164243466530516e-10,-2.557975366597751e-10,-5.520480987770724e-10,1.122521698905291e-09,3.273593004971858e-10,-3.343782583048093e-10,4.2474924848514514e-11,2.742151324724117e-10,-3.275653485212603e-10,7.169373504911907e-10,-6.180150683680183e-11,-2.833198497617313e-10,-4.4417293203550956e-10,-1.6526500013340727e-10,-2.1057552030789967e-10,-8.20919619582718e-11,5.716035941386652e-10,1.7874391657933208e-10,2.853143799885939e-10,1.4016324392835827e-10,-1.416917958515889e-10,-3.913414643519322e-10,2.5282259456679863e-10,-6.468107933161668e-11,-2.824279520176156e-10,1.2694479900556425e-10,-2.6111607949033694e-10,-3.4641973024495265e-10,-1.870161502470597e-11,1.1982597206048855e-09,1.2089944704242455e-09,3.501288499443238e-11,-4.77822985303141e-10,2.8526850427846286e-10,-6.24595145341392e-10,4.17593545663913e-10,-2.7546819247641857e-10,-6.18308962310387e-10,4.523251675927875e-11,-4.077697566454126e-10,9.21008345867352e-11,9.817387088584111e-11,1.1244756963255207e-09,6.325680170806637e-10,-1.9745643305028386e-10,2.3398087196708327e-10,-3.47617376064556e-10,-3.454156030925286e-10,5.092312325235999e-10,3.448507237500915e-10,-1.2239691473536064e-10,-6.781670003183747e-11,-1.4344081908782105e-10,-1.610309508653083e-10,5.4639365222157383e-11,9.075896226285623e-10,8.616512826728728e-10,-5.4196282082541035e-11,-7.072166998116826e-11,5.1289650487320245e-11,4.99250107696291e-12,3.6373567313465793e-10,-4.4763990874448555e-10,-3.282456561119445e-11,-9.639543995151237e-11,-9.052432622659158e-11,1.428361900716458e-10,1.489836269458033e-12,5.012475599778853e-10,5.458710087792936e-10,3.6149296340681714e-12,1.7374495975135732e-09,2.456219251240471e-10,9.485004446056359e-10,-1.5789080288931761e-10,-1.0424631685697501e-09,-2.7409455116964635e-10,2.5333671731252756e-10,2.55375300880135e-10,5.059492128843953e-10,1.7281917203888034e-09,7.19694892148692e-10,-4.970222272616549e-11,7.241533706465059e-11,2.254690203517132e-10,7.317679326742634e-11,-4.182104997344048e-10,-1.9294327948729628e-10,6.891366176289143e-10,-4.4003257451023365e-09,-7.873767273641398e-11,-3.6021508253650367e-10,3.3327811714413894e-10,3.791304416870235e-10,3.0054955897160834e-10,3.059554111049968e-10,4.163306288355927e-10,-4.1775219313510325e-10,2.063119769672076e-10,1.3688124766109104e-10,6.923801327168437e-11,2.961024874357577e-10,-5.105023096856284e-10,-7.929111583928487e-11,-1.7966182462672003e-10,-1.359343641813963e-10,2.102725748913175e-11,7.605774162969477e-11,1.377280994481926e-09,1.0635157836280759e-09,-3.2355035413393395e-10,1.893844764409459e-10,-6.155899651556497e-11,-3.2698280411480733e-10,7.906149951569031e-11,-3.5605087692829723e-10,-3.6571749597745024e-10,-2.5325422773296877e-11,-1.0967203113135942e-10,4.635057165196451e-11,2.369287074529702e-10,-9.169129874567875e-10,-4.960255301629957e-10,1.519938475756249e-10,-2.6323217706913403e-11,-1.4749542513501081e-10,2.818824119320935e-10,-4.5117892533136267e-10,8.599940245207869e-11,3.0542216170592195e-10,1.0307985448172453e-10,3.302659440203656e-11,3.8540497775728815e-11,-4.3926940288994373e-11
L8treat_p6,1.071120144400607e-10,-2.9407953935738005e-11,-7.527242849469298e-10,6.933437137392457e-09,-2.0039576890211968e-09,-1.3901902944919335e-10,-5.55147871390538e-10,-6.698869058007605e-10,-1.6333600409943941e-09,8.159626379996911e-10,-5.919640454667478e-10,-1.4710228331557054e-09,6.984100159917851e-09,-3.277491780606925e-10,1.2813874852510613e-10,-1.2824243963092656e-09,-1.1901877177110022e-09,-3.7180210961087706e-10,3.7211840679461926e-11,1.868075319165622e-10,-1.025129120038981e-09,7.656293254958394e-09,-2.224812550631549e-10,2.9134726223387712e-09,-1.493382784976946e-09,-6.873619014148282e-10,3.4601521321863666e-10,1.3130941327484456e-09,6.655484652315506e-10,-2.3942991618889297e-09,7.348470116331644e-09,1.1105821653185855e-10,2.2831396868332016e-09,2.0026791599818545e-09,1.5137520039860062e-09,-8.035465527459082e-10,9.890707555326418e-10,-2.6008293456495453e-10,-1.0451132531120008e-09,7.416987062009916e-09,9.084759485824926e-10,2.5621024856516854e-09,3.730240869945193e-10,-6.07266019584398e-10,-4.3488381245896996e-10,9.915428896506875e-10,8.654719370399999e-10,1.0767022261295843e-11,3.474788060044285e-10,7.729243482862344e-10,-3.446494044242957e-10,1.6268437796708134e-09,3.47981354388758e-11,-7.12267523009742e-10,-1.015058457406972e-09,-4.815462556790502e-10,-3.8818786020023025e-10,-3.2360725557693186e-10,6.648479176600237e-10,3.4845735130603623e-10,1.192080022288653e-09,3.3545942039547645e-10,3.1761354723459163e-12,-7.186323718868348e-10,1.1248929838582345e-09,-4.882227995060878e-11,-5.60066461314533e-10,-6.038208110665351e-11,-8.17792817259827e-10,-6.351470545217636e-10,-3.1881259295946355e-10,1.2089944704242459e-09,3.2280955041319312e-09,8.152498938702452e-10,-6.824564818233171e-10,6.762294671070942e-10,-1.2067999559792808e-09,1.415471981100504e-09,-3.0094325934739104e-10,-1.1004688142349967e-09,9.621084934199731e-11,-8.131072208295646e-10,3.122454154962396e-10,-1.3040092530946057e-10,1.9806361148841025e-09,1.754841896064107e-09,-2.88356616880138e-10,7.91356047261917e-10,-2.1084809935533936e-10,-3.2506348783480093e-10,1.148821696967616e-09,3.6825711196498334e-10,-3.271025617507967e-10,-2.309500842340251e-10,-5.820387176634756e-10,-2.493498521976366e-10,3.1763558794597116e-10,1.2278678717284109e-09,1.9454168138757437e-09,2.436246212160848e-10,-3.70868500513924e-10,7.768659292083118e-10,-7.694857391647481e-11,1.152361596776016e-09,-7.110735248562561e-10,-6.023559581573358e-11,-1.121402664726255e-10,-2.529000068829902e-10,3.211685711488323e-10,-3.6786954688976807e-10,1.055785544556899e-09,7.56105823673255e-10,5.53738182978004e-10,3.350993766960694e-09,6.519044759479186e-10,2.023357697028793e-09,-1.265234531214312e-09,-2.7259114939239136e-09,-9.31853957455728e-10,2.052783647808132e-10,4.1996305805726774e-10,7.308179162435243e-10,3.865367095345484e-09,2.588192402944621e-09,-4.0750476203060065e-10,-1.2435294241958154e-09,2.2679287938367127e-10,3.4143410285715317e-10,-7.774355302484142e-10,-2.0797887973839779e-10,8.27749501784704e-10,-8.809016295540375e-09,-3.877301758403551e-10,-5.115291040461111e-10,8.374246252712178e-10,9.935912889377293e-10,5.384049956394051e-10,4.8576976836037185e-11,9.425271789824482e-10,-2.029738587329085e-10,1.2142642745699947e-09,4.5955302825412027e-10,1.1618883088951697e-10,9.387444825585626e-10,-8.414052858179701e-10,-7.591786540359056e-11,-2.741655085882508e-10,-2.570542426349722e-10,2.8902223254521625e-10,2.2930924631379792e-10,1.6159011619510436e-09,2.22162054754815e-09,-2.5604379536577387e-10,2.3358269202992973e-10,-8.698453383217669e-11,-1.622385403158157e-10,9.95186667685072e-10,-8.430738605036171e-10,-1.3057590001372971e-10,5.754347367722156e-11,-2.7727965410192987e-10,8.561099483223911e-11,2.1083732345249657e-10,-9.44173260548779e-10,-1.1840228281122326e-09,-1.6058397557417132e-10,-2.0312301379390341e-10,-7.038784914810616e-10,4.388228943632406e-10,-1.3512912428064401e-09,1.9207358781651125e-10,5.664487125890417e-10,3.224511788210997e-10,1.2914634738031912e-10,3.4789502844220475e-11,1.303173970005357e-10
L8treat_p7,-2.8563453381227934e-10,-1.2038040548480632e-11,-2.93429164786936e-10,3.1600642411887067e-09,-1.501159500631164e-09,-9.508022090994127e-13,-4.181841861705946e-10,6.913633290054023e-10,-1.3339342538587885e-09,1.8870761612160274e-10,-2.088645885293789e-10,-1.1518621082611016e-09,2.8250146280707026e-09,-1.2238176788206001e-09,1.073618114508146e-09,6.468927736531393e-11,-1.7562143176640676e-10,-4.807985552197298e-10,-2.5961722052185057e-10,1.1717610092194214e-10,-8.661899348208965e-10,4.694120996698014e-09,2.14765720210052e-10,1.4471757642680322e-09,-1.8445696612139596e-10,-5.318399084140818e-10,-1.571324412739181e-10,3.3090921583238427e-10,4.232450373640866e-10,-1.6079208084770205e-09,3.228958008042114e-09,-2.9975166719306627e-10,2.1858554459541797e-09,5.192690756297124e-10,1.3559469653754737e-09,-9.195648385491267e-10,2.5810165083250153e-10,2.871240339351023e-11,-7.206031250722582e-10,3.0231049896808792e-09,5.851370452572577e-10,1.054397982291544e-09,7.01105313705925e-10,5.095761350596275e-10,-2.7596568214528663e-10,7.345279178267674e-12,1.0803507310679374e-10,5.346853842341199e-10,6.615080723578505e-10,5.325618313226589e-10,1.7645829980649061e-10,9.511470814841607e-10,-1.4405264636727795e-11,-2.1848606431291619e-10,-2.445110028077966e-10,-4.4533891283840414e-10,-6.18322903377613e-11,-1.1175629086075311e-10,9.201881881172496e-10,-5.765689990997978e-10,1.0039902072908837e-09,1.9427388236550412e-10,-7.084594781242044e-11,-4.924577858054086e-10,6.963826835614751e-10,2.1255337886217105e-10,-5.059187181337416e-10,2.0724732730418127e-10,-6.546621505116698e-10,-3.3430320725618396e-10,-2.720862940925835e-10,3.5012884994434944e-11,8.152498938702454e-10,1.5940284426933576e-09,1.9568830772143054e-10,3.886653522161204e-10,-5.771214681586697e-10,6.66746510174153e-10,-1.1003294916932751e-10,-6.812984260144784e-10,2.5671816984718617e-10,-3.949249722054407e-10,2.650734171448307e-10,-1.8651124550573686e-10,4.895102706078547e-10,6.909005212514723e-10,2.9652475275466337e-10,4.475156648820372e-10,-4.24167701529893e-10,-2.009268644007201e-10,7.348454499171153e-10,-1.3781579364304314e-10,-3.156549326828459e-10,2.991331220599343e-10,-5.534581806243906e-10,-2.3970295347218054e-10,2.5697746269982584e-10,3.656544205947801e-10,4.997786699783684e-10,9.183911704310375e-10,-3.705262125170654e-10,5.323291332641489e-10,3.4471860166220586e-11,8.787323059371877e-10,-2.387062915293539e-10,-2.884446408999588e-10,2.4912412267793903e-10,-1.3237848939722403e-10,1.0845891404588562e-10,-1.3474213291337597e-10,3.906146785044784e-10,2.1226402105117512e-10,-7.954307109444466e-10,1.1715305101469164e-09,4.349431200758071e-10,1.0090956366804863e-09,-3.05866953725276e-10,-3.803940580582941e-10,-5.755123822159307e-10,1.8394212157595466e-10,1.270664080396858e-10,-3.460728871000096e-10,9.025985690637339e-10,3.86535222933635e-10,5.1586266895858345e-11,-1.0476949207166355e-09,1.1806307748666605e-09,-3.929022732816616e-10,-2.2311364682040873e-10,-1.6204879819072742e-10,8.282445733048992e-10,-4.4959395241645736e-09,1.0400054039553421e-10,-2.544491968743663e-10,5.325463971061832e-10,6.183883300179105e-11,6.17374544352579e-10,-1.9901561516041866e-10,2.807284614290572e-10,8.415200240241644e-10,8.613300899499266e-10,4.871483877756867e-10,-3.0402887110413455e-10,4.722903201051785e-10,-3.0870633060707545e-10,1.0878154070345702e-10,1.1056879725214884e-10,-2.890120759741263e-10,-1.1446272204461434e-11,1.6499769877265943e-10,4.669692745629891e-10,9.699646521566845e-10,6.253025400679143e-10,-2.0829192783192976e-11,-1.6593584907828476e-10,-4.875655949656537e-10,5.13222686407949e-10,-6.209574808182052e-10,-5.5768393976869725e-11,2.372966287249643e-10,-4.0279478814324117e-10,1.3037476977604492e-10,-7.520676931197231e-11,-2.5787361313405077e-10,-1.6546063577853345e-10,-7.108109305334691e-10,-2.2101592970262952e-10,-3.161769270891157e-10,2.9714239380707687e-10,-7.397516072401947e-10,2.0675957918904896e-10,2.597096143876441e-10,-7.978262785924029e-11,2.0295830753890075e-10,4.751569583825095e-11,9.228122369201379e-11
L8treat_p8,-2.668496783718395e-10,7.418142940965038e-11,5.313620922640526e-10,-1.60645708695936e-09,6.775345595437547e-10,-3.8470659594476696e-10,1.1674747682770244e-10,6.389470888317145e-10,-6.378727754027764e-11,-3.4766063864959273e-10,1.0978447964482977e-10,4.821992608276153e-10,-2.567940962852381e-09,4.5863513530644976e-10,6.442493296794663e-11,1.0102986473877797e-09,4.557953950401159e-10,1.3209224536461628e-10,-2.568616691087135e-10,-5.04437413808919e-11,4.693185522660034e-10,-1.5626487269868001e-09,4.98858584520159e-10,-9.921097826944381e-10,5.773114562979483e-10,-2.753205169701546e-10,-4.71302398241623e-10,-4.375204926689762e-10,-2.5847345706298315e-10,7.098797760746422e-10,-1.625495079997478e-09,6.301259696912747e-10,-1.7932491829008678e-10,-4.882837935926049e-10,3.091791463004644e-10,7.937371177781974e-11,-4.532832120663608e-10,-3.585173631624559e-13,4.956981551370809e-10,-1.0175921122363151e-09,5.633548646834539e-10,-1.200391728049929e-09,2.8634302239927607e-10,-9.114044110418103e-11,1.622768268130833e-10,-3.309718167763474e-10,-3.2099158804501063e-10,2.904289989916934e-10,5.471365630865293e-10,2.2883970522993086e-10,1.0421981053377689e-10,1.1603774464900473e-10,1.2947352881053176e-11,-4.541285206795258e-11,2.529092867831208e-10,1.3489620701760052e-12,1.2177722725764862e-11,5.4806219553011855e-11,2.254815908906971e-10,2.9944206196728095e-12,-1.3333736086993864e-10,2.0782983217009997e-10,2.0376941528491338e-10,4.977151504528651e-11,5.664066828333535e-11,1.55590039250737e-10,-1.3516440488810102e-11,9.01896486525443e-11,-8.648721537380556e-11,4.6479539230324463e-11,1.9173995277808653e-12,-4.778229853031391e-10,-6.824564818233176e-10,1.956883077214316e-10,1.0467525782383376e-09,1.5329389202492051e-10,-8.966967477934337e-12,4.222158666430964e-11,2.0042807765442693e-10,3.8405874408074746e-11,-3.729619844601703e-11,1.0547176574318121e-10,-6.340553648795607e-11,-3.9328553941386544e-11,-5.390197962160232e-10,-2.046672246809933e-10,2.9246334991611264e-10,9.25237462068172e-11,1.2486329957059688e-10,-3.938830735480338e-11,-2.41399347856087e-11,-1.4153154826457518e-10,-1.5547191758574212e-10,1.1666425393482282e-10,-3.412892434137964e-11,-5.295127813573754e-12,-2.0498846516488702e-11,-9.311217184344006e-11,-3.383303077252296e-10,2.9146121737697797e-10,3.142289175966718e-10,3.835144014450417e-10,-3.610981194060182e-10,-1.2277332263654443e-10,1.731776248555888e-10,-1.4244381213714166e-10,2.5873879682021757e-11,2.663480288300321e-11,-1.5018901309900266e-10,-2.460016051707357e-11,-3.1692222761127836e-10,-2.755149074495427e-10,-6.267958261720481e-10,-1.3034404619804695e-09,-1.9360756448126798e-11,-3.5386261417638627e-10,3.6531213279098264e-10,4.861074333626769e-10,4.4147015537416584e-10,-1.056981124589616e-10,-1.965501916980966e-10,2.0537200487175875e-10,-1.50054845180287e-09,-1.3056614647236442e-10,-1.605531202275008e-10,-4.291644897620345e-10,5.286528510038439e-10,4.51986709985924e-11,2.6061138937929404e-10,3.711260194130351e-11,-3.707523618751932e-10,1.900613548276743e-09,-6.702906357431408e-11,5.317576078102173e-10,-2.1466761200957618e-10,-1.1502843166398732e-10,-9.516128287012532e-11,3.7275479573209376e-10,-2.931404708489234e-10,1.162689962622911e-10,2.849813832509701e-10,3.761802515083644e-10,-1.4419222579259064e-10,2.400108543635097e-10,1.9990398783370142e-10,-4.598484406821977e-11,8.492263592870207e-11,9.475808752179811e-11,-2.3546674402118948e-11,5.502870564223814e-11,-4.206371864539988e-10,-3.80188387795562e-10,4.733925823622862e-10,3.629567998759571e-10,1.7638071162007728e-10,3.134859725636467e-11,2.3046348156373833e-10,7.559727443216697e-11,-4.035111325646476e-11,1.0270884156682913e-10,1.409857895116939e-11,-9.724864223099347e-11,-1.6750197922094023e-10,2.261175440638253e-10,2.2055498770008516e-10,-1.765175802970329e-10,-3.057348629334859e-10,-1.4169838357333896e-10,-7.076484804232917e-11,-3.2139872815340565e-11,-5.3272815566446476e-11,-2.2147832287880484e-11,-8.732764485303447e-11,1.1872279364168451e-11,1.1027850005149804e-11,-6.050989673950528e-12
L8treat_p9,-1.0757731844024477e-10,7.351594860920878e-11,1.4545677413315976e-10,1.35536167799391e-09,-3.326438993929124e-11,1.4041929443325767e-11,-1.3022752521369351e-10,4.4424876637476255e-11,-7.195571766434494e-10,1.335743562662788e-10,-1.2348341851171615e-10,-1.9920459213682137e-10,1.1353912049321489e-09,2.8470819915648307e-10,5.116873160281995e-10,1.4283566931061942e-10,-1.3774566966544624e-10,-9.790856901785421e-11,-1.1217469642687031e-10,-1.1697893247770843e-11,-2.343879917414352e-10,2.06343483571758e-09,2.613364102606114e-10,9.572064272551203e-10,-3.048371913200296e-10,-3.070905332386193e-10,-1.0783458436581631e-10,1.304893051036981e-10,1.599146238687384e-10,-5.320630978536789e-10,1.4929567204338358e-09,2.0973355515176086e-10,1.0271343209206617e-09,5.36453514967894e-10,9.055621696404545e-10,-3.3153270910343193e-10,1.1985261965039596e-10,-1.3715086848409564e-10,-2.2176279883420184e-10,2.0036436551790385e-09,9.708112773441435e-10,3.0178680819073194e-10,1.7605532476318144e-10,-1.5455643968770294e-10,-4.2172423571744566e-10,1.8000768498673911e-10,-1.6020877384093018e-10,5.539403196642988e-11,3.10269439188722e-10,4.164210408969842e-10,-1.6468059778656167e-10,6.987454834530084e-10,2.5215035343263755e-12,-3.4822925443497953e-10,-2.4657741734942104e-10,-1.7664117920039012e-10,-1.4539618813023915e-10,-1.3071103895710626e-10,5.165130432588847e-10,1.0596077167407534e-10,2.2159925520208933e-10,1.0014397546417869e-10,1.2085343603859464e-10,-3.230373879613245e-10,5.513223094910405e-10,3.857519255301249e-11,-2.003747151970341e-10,1.492639154722848e-11,-3.621521659946959e-10,-2.61288252255701e-10,-2.0075258849026956e-10,2.8526850427846255e-10,6.762294671070925e-10,3.8866535221611615e-10,1.532938920249195e-10,6.309069694119092e-10,-6.088068666355472e-10,5.935217205857489e-10,-7.382142244208221e-11,-3.672544465079183e-10,1.5605715666357786e-11,-1.983641974979222e-10,7.456780692639857e-11,-1.5461016926844853e-10,6.27138973332222e-10,5.032215301925986e-10,-7.033754275720969e-11,2.223004075776757e-10,-2.1534907367418585e-11,-2.957964816359011e-10,5.070887701761315e-10,8.065905955581927e-11,-1.7974876270824033e-10,-4.200865597334299e-11,-2.3088056613358231e-10,-1.6864631895597857e-10,1.0013751840773334e-10,5.009368944819627e-10,3.5517898315943637e-10,1.7719304532498836e-10,-1.7198954556066897e-10,5.497210272767117e-10,-2.3138338604375724e-10,5.326081387468505e-10,-3.1111733186906045e-10,-7.001214979997068e-11,-9.752607063332982e-11,-4.9231971813611685e-11,6.247759277618153e-11,-1.6740621593280177e-10,1.436994210035525e-10,6.193566118414397e-11,3.7018275325373864e-11,5.846320780611376e-10,3.954020462795048e-10,8.744571300812278e-10,-5.846332123977742e-11,-6.319617989855691e-10,-3.6977512049706846e-10,2.3245462485427474e-11,1.7196249124877303e-10,4.2920663362925963e-10,4.607043747247538e-10,9.7768910878401e-10,-1.5789839969147882e-10,-5.957875725700389e-10,2.421381110875238e-10,7.929833385231601e-12,-1.0335743126227539e-10,-2.4579038170205418e-11,2.3545451738993727e-10,-2.2038898894865157e-09,-4.5306672483913246e-10,-1.2189097244677428e-10,1.6602381627981195e-10,3.0431668542560046e-10,2.2947664602317422e-10,1.54871998866917e-10,2.792816884182938e-10,-2.4175400961014636e-10,5.397251319010322e-10,2.845103631309038e-10,-7.344984122558543e-11,5.040398853513176e-10,-2.7904620772405737e-10,9.324213134098282e-12,-1.0809537125826626e-10,-8.476264727946974e-11,7.459375819746577e-11,7.463214717045009e-11,5.760236353515403e-10,4.1742385214447435e-10,-1.690631262919705e-10,2.968050508846877e-10,1.5387290962471658e-10,-1.3409617675926688e-10,4.5236170912953343e-10,-2.906420617402719e-10,-2.8481378071973973e-11,7.347963924851829e-11,-9.150137157432275e-11,-8.305310550956274e-11,-8.174471790959644e-11,-3.015881156711358e-10,-1.9855639991068432e-10,-1.247171195170735e-11,-1.828590615736155e-10,-3.6309297185201244e-10,2.499995869352864e-10,-5.555768163828413e-10,9.048387529096295e-11,1.5784752596385085e-10,9.915634621368003e-11,1.910528900781535e-11,6.21480814171684e-11,9.181610090203792e-11
L8treat_p10,-3.212591511212791e-11,-1.1740523563299415e-10,8.261466504374864e-12,-4.0322152984565704e-09,9.134432207732171e-10,3.205628657916539e-10,6.295755900121836e-10,-2.6165405250401765e-10,1.3365346455502133e-09,-4.740343104619072e-10,2.764234992869524e-10,7.565021668719209e-10,-4.033480210121408e-09,5.671954972969065e-10,-5.139825833620313e-10,5.145681567568873e-10,8.521947301526476e-11,5.314262303595765e-10,-6.160166575056319e-11,-1.3182403273840112e-10,5.86183868551318e-10,-4.823207778939488e-09,4.2993266908629235e-10,-2.3576526563670015e-09,1.196214669313085e-09,5.059799000105191e-10,1.9668613469919972e-10,-6.989514328402512e-10,-5.407613749992184e-10,1.2628095502324115e-09,-4.474872688264222e-09,-1.8809989579781443e-10,-1.6750811623150992e-09,-1.000746458314588e-09,-1.3374300007728865e-09,1.009761414757499e-09,-7.035461237781554e-10,-8.679111513432264e-11,3.236295446988191e-10,-4.348074982986743e-09,-8.441215846960859e-10,-9.270246442359943e-10,-2.2640031689490077e-10,5.70273274488284e-10,8.402870293486061e-10,-6.447141488720667e-10,-1.6982587366909725e-12,-3.278030290836012e-11,-4.0289980214257006e-10,-4.82103176458559e-10,3.909152206817103e-10,-1.1621809663680383e-09,-9.98751758245213e-11,5.846276166936276e-10,5.78520569989533e-10,3.1026247228034707e-10,1.9566018174518382e-10,2.310968270114412e-10,-9.185015280359905e-10,-1.56236182961178e-11,-5.42384923602098e-10,-3.6200194543680996e-10,-2.6577734822031336e-11,6.967342711743942e-10,-5.864892415317774e-10,-1.405875796007541e-10,4.4581333437776895e-10,-1.4208158117725053e-10,6.224228611111895e-10,5.576182630608377e-10,2.350203727986813e-10,-6.245951453413917e-10,-1.206799955979282e-09,-5.771214681586688e-10,-8.966967477933855e-12,-6.088068666355477e-10,1.2520725801802246e-09,-7.577751550076427e-10,6.807295834305724e-11,9.169804096124253e-10,-1.0373166812324819e-10,5.199233903866781e-10,-1.401723371289953e-10,9.200140362236753e-11,-8.835877732086524e-10,-7.173412656982543e-10,-9.448139312297076e-12,-4.879789461206665e-10,5.444648401180966e-10,5.662050575909168e-10,-7.786019785221298e-10,-2.921404362910795e-10,2.729027349311598e-10,5.6002460928235024e-11,5.361829493746558e-10,2.607403220188985e-10,-1.3182270773288358e-10,-9.72491779516988e-10,-7.582808422390727e-10,-2.8407606255375924e-10,2.0023673791004573e-10,-5.531340771069131e-10,3.764402424389943e-10,-5.985941083638625e-10,4.041322136248939e-10,2.0321213332521965e-10,2.464833887407053e-11,9.678683000330991e-11,-1.4667488574784416e-10,2.0343316853534556e-10,-5.173555561552315e-10,-5.159146524085841e-10,1.1645144384528983e-10,-1.4157950611622836e-09,-8.457568793084258e-10,-1.40543637559077e-09,1.491511644314387e-10,1.2913365937031392e-09,3.693186067690129e-10,-3.0880235288973296e-10,-3.951219360649074e-10,-5.809972672440797e-10,-1.6401258126990098e-09,-1.1731022596410933e-09,5.82714709563382e-10,1.0827530033110809e-09,-6.41340610965737e-10,3.2173247523808253e-10,4.1228615051490364e-10,2.5363430541221866e-10,-6.106982397064109e-10,5.571957499228753e-09,4.2628785215710725e-10,2.409170575576591e-10,-7.341787583480307e-10,-6.086738583156036e-10,-6.398149070745752e-10,-1.7489175885662922e-10,-5.944389574470803e-10,4.5917823447167395e-11,-7.131999451976502e-10,-4.945208183516863e-10,2.65209219734837e-10,-7.298313947441661e-10,4.159229835267948e-10,1.1648412602022427e-10,1.955587233468231e-10,2.5542665236665346e-10,-8.204355505997945e-11,-1.0156473030461004e-10,-1.135633899406396e-09,-1.037263700940573e-09,8.772538086448248e-11,-2.7435103369707075e-10,1.787540644057869e-10,6.590449518381393e-10,-5.450399996030809e-10,4.128675706631025e-10,2.629231177766491e-10,-1.104422860253904e-10,2.08998757915639e-10,5.2597764378338906e-11,2.4379134313816842e-11,7.192872307508658e-10,3.400618809620172e-10,1.2228346822067574e-10,2.0441327339069122e-10,3.31633377268992e-10,-5.401691178876857e-10,8.253828198269376e-10,-3.584184836195988e-11,-4.165375579080143e-10,-1.160502010976167e-10,-1.1639517570913448e-10,-9.213880400881385e-11,-8.402739396792795e-11
L8treat_p11,-1.6340119503227346e-10,1.438221627707896e-10,2.1358254666036315e-11,4.191572543149638e-09,-4.768929854533883e-10,-9.680665198477962e-10,9.43211497649515e-11,2.8238735074899574e-10,-1.1507825705214204e-09,3.047163781768413e-10,-1.8187857750459387e-10,-4.953301175761942e-10,3.0349267471441976e-09,5.861374684423919e-10,-2.8902014590988236e-10,-1.9611085671711878e-11,-6.23695421605602e-10,-4.1820880722311055e-10,-1.0336650279402062e-10,2.9589337201070243e-10,-4.1387167362153283e-10,4.3904311497769525e-09,1.3561748010361556e-09,1.392216289198881e-09,1.3381225127698467e-10,-6.593446107404816e-10,-1.9089599657915616e-10,5.412216829218796e-10,3.5240621395369895e-10,-1.0802919894544957e-09,3.5103530298028275e-09,8.89010458019415e-10,1.5088038358984284e-09,8.255159967954618e-10,1.5349621578721444e-09,-3.9861528703888477e-10,3.830367040230106e-10,2.0274255295552468e-10,-2.5971190297633984e-10,4.810332141325244e-09,2.338614640244528e-09,1.1142169004740826e-09,8.935731099690024e-10,1.218505088590065e-10,-7.113002516178422e-10,5.041913186822577e-10,-4.561591307562763e-12,-1.6086480157658488e-10,5.004256755835329e-10,6.316918605306698e-10,-4.191550538403072e-11,1.5580756151107507e-09,-6.420057956649865e-11,-5.202948577255908e-10,-4.823308935082433e-10,-4.946363132887324e-10,-1.6403062904313584e-10,-2.1975720680387072e-10,4.854047587363687e-10,2.1428895428551268e-10,6.701724928728422e-10,3.6195233138194926e-10,9.029711976454178e-11,-3.719724595764242e-10,1.2565643685423594e-09,7.40861359712528e-11,-4.821524097086925e-10,7.042173822785426e-11,-7.506000371410732e-10,-4.970278733917683e-10,-2.8329882900107085e-10,4.1759354566391266e-10,1.4154719811005045e-09,6.667465101741516e-10,4.2221586664306244e-11,5.935217205857488e-10,-7.577751550076412e-10,1.5768014250491035e-09,-2.7607499218640075e-10,-6.584341406856134e-10,2.3051551259653047e-10,-3.7687798151296736e-10,2.938030378602992e-10,-2.597992812684363e-10,1.0703668450855638e-09,1.1950774299948232e-09,-1.8994033016408512e-10,6.267374648239193e-10,7.057103797224246e-11,-2.606283761944342e-10,1.1447388627859327e-09,8.25691275796272e-11,-3.1233214488550795e-10,1.7407474594308414e-10,-4.630995243489873e-10,-7.938924251996555e-11,2.631591903198688e-10,5.256421027996474e-10,9.655376851517364e-10,-5.865646731506913e-11,-5.306121816961982e-10,6.70109935534384e-10,-8.138016611076402e-11,1.290712658617548e-09,-6.048069451703121e-10,-9.180809258784242e-11,-1.5203213124631442e-10,-1.4704312766713245e-10,2.774884403683537e-10,-2.4981135057732115e-10,6.282815452379975e-10,5.856899035099107e-10,-3.2721903412058295e-11,2.167146291050777e-09,1.1473908887131042e-09,1.3778340778291424e-09,-3.1667275497177797e-10,-1.5118964914713155e-09,-4.46699146212485e-10,7.566794663746852e-11,5.632442032701015e-10,6.644764109641199e-10,1.5329356253917767e-09,2.3891703999486222e-09,1.057917917182279e-10,-6.305611137857733e-10,4.204918724163497e-10,1.5246379184307e-10,-4.80251161920313e-10,-2.677451416890601e-10,3.831331616902891e-10,-5.169144222036277e-09,-1.0519442047659803e-09,1.9288779450787072e-10,6.008424250031211e-11,4.5448231985955767e-10,3.959160278894115e-10,-5.166180065672556e-11,5.069228250327743e-10,-3.035446629595004e-10,9.061248482588742e-10,3.7619330959750273e-10,1.869996499716315e-11,9.6911150242859e-10,-7.98823230339566e-10,2.4200107556598926e-10,-3.401350526637598e-11,-8.722263262496873e-11,2.636816642201561e-10,1.8586392393889646e-10,8.247798330908211e-10,1.1738214969166498e-09,-4.0563781951231397e-10,5.378958391073218e-10,2.7184038294480532e-11,9.214019796131426e-11,1.3203245517621522e-09,-6.662660706223839e-10,2.8928522783161938e-11,1.3119186730559398e-10,-1.6630771110416757e-10,-6.769293928172315e-11,-1.2637089594197252e-11,-3.49753270091896e-10,-5.893872153670593e-10,8.204343292857003e-12,-2.75939281099971e-10,-6.218842510908302e-10,1.773867132521543e-10,-1.3211603148640122e-09,2.516815105065112e-10,3.379838227895692e-10,1.0782359552778799e-10,8.955675976384031e-11,-9.187987652694219e-12,1.3370411956097747e-10
L8treat_p12,-1.9271377211522298e-11,5.6960765445312604e-11,1.6816291843593027e-10,-1.325413035063802e-09,5.049478229930616e-10,-7.37793515614595e-11,-3.932182906309924e-11,-2.1480464156770386e-10,2.647717669278037e-11,-1.525092904606797e-10,1.0163104841162535e-10,4.1462221921649615e-10,-1.4555797227143643e-09,2.8340611981225475e-10,1.1786567231302118e-10,2.5432332175779097e-10,1.6534492409236807e-10,1.407399742297985e-10,-2.424109869118083e-11,-1.1207694991911865e-10,2.741060861721195e-10,-1.3613110816700454e-09,-8.655738890776932e-11,-7.257981054997079e-10,1.2822294360678604e-10,-8.799888690292877e-11,-5.184322100043023e-11,-2.1185134829306523e-10,-1.9269231150830717e-10,4.890268208903518e-10,-1.02244403839484e-09,3.8782730332743546e-10,-5.11485708617502e-10,-2.914784955525741e-10,-3.4190567698689267e-10,1.3055657679126714e-10,-1.6106101523503733e-10,-1.254043633082325e-10,2.969034236876512e-10,-1.255339434570507e-09,-7.214811273073841e-11,-8.482921995476316e-10,-6.322865753488327e-11,-2.326475837154741e-10,1.1887955019718874e-10,-2.803396995625399e-10,-1.3262613081188088e-11,1.5458236320903927e-10,-4.1925138146724414e-11,-1.752944394348035e-10,-6.156015011157343e-11,-3.473396980559028e-10,1.1294092584839644e-10,7.932796793325033e-11,1.790873186189707e-10,1.9433929072981963e-10,8.117038758528576e-11,3.1550393202308426e-11,-2.1079240738033822e-10,4.195691648234311e-12,-2.4049154105230784e-10,-5.992027397731341e-11,1.1346376545167732e-10,1.1063024522029218e-10,-2.854816721831059e-10,6.114266287975908e-11,1.4390863226072036e-10,-8.578852856619233e-11,1.8278016683575715e-10,1.582985562120731e-10,9.331452103792121e-11,-2.7546819247641795e-10,-3.009432593473893e-10,-1.1003294916932705e-10,2.0042807765442737e-10,-7.382142244208256e-11,6.807295834305754e-11,-2.7607499218640034e-10,3.541832316472837e-10,2.329285290654897e-10,-2.8741586858107597e-11,1.36094648201191e-10,-7.941324046248402e-12,6.03913208950966e-11,-4.917088501577002e-10,-2.674059950029882e-10,6.465939638458656e-11,-1.685101780509425e-11,7.962139240003107e-11,2.7798945554851774e-11,-2.966683542636984e-10,7.1323253429982226e-12,5.984317042314922e-11,-1.234087083973193e-10,6.791347184778376e-11,7.275230636530708e-11,-5.7736309758447856e-11,-2.454159926415456e-10,-1.9126978531821437e-10,2.1954791421196554e-11,1.791577728207546e-10,6.460901965145124e-11,-2.0130391776716103e-10,-3.476679034594201e-10,3.156097339918619e-10,7.534012751829727e-11,2.984419954850499e-11,1.2440394080925654e-10,-3.610865875597617e-11,5.658850494094116e-11,-2.2442563900073274e-10,-2.181549740310574e-10,1.0003974211757447e-10,-9.207090550771338e-10,-2.71284816040965e-10,-3.137527649869037e-10,1.5335554625805784e-10,1.6102204461764694e-10,2.361831515207733e-10,-3.860366345777327e-11,-1.7994914107013222e-10,-3.542282249025793e-11,-6.648257275274526e-10,-3.2040792844723994e-10,-3.310562437327009e-10,-1.0258927943093848e-10,-2.7259394724649007e-10,-2.2555123568515325e-11,1.425962231570411e-10,1.1999032909552297e-10,-3.507459980612068e-10,1.6885877240825816e-09,8.838601060866545e-11,2.0268289309216963e-10,-8.9647532737235e-11,3.658931477762889e-11,-1.0487400910838413e-10,1.5336292644387097e-11,-1.0408855661570017e-10,3.30993754455915e-11,-6.736995196021514e-11,1.0148605232566595e-11,-8.121634570538015e-11,-9.854281143858779e-11,3.5680503148180294e-10,-5.2171042255007633e-11,5.669308865583362e-12,1.1730684087411553e-10,3.477209618512173e-11,-1.5118962392468476e-11,-3.525769520695334e-10,-2.972564103263395e-10,1.4509302177362487e-10,-8.72180335415299e-11,-1.037345255205513e-10,-1.1725239862236778e-11,-1.197710578752326e-10,2.6132914678280633e-10,5.495695632668163e-11,-2.217462496762967e-11,1.1522216684038507e-10,1.3479884604381178e-11,-4.594711736803865e-11,2.3697933685682255e-10,1.1067734461035604e-10,-8.619082164832002e-13,-4.987464408776981e-12,1.0049246047423577e-10,-8.190278970411408e-12,2.49801109916814e-10,-1.6035844740910165e-10,-7.838294841364813e-11,-1.2410310770906472e-11,-6.684343751721286e-11,-2.3103785310726006e-11,-2.469747091460689e-11
L8treat_p13,-1.627944912334202e-11,4.2852718257522875e-11,-1.044402178171059e-10,-4.9943808389828126e-09,1.4895866316197939e-09,-1.023576320528749e-10,4.988559478545025e-10,-1.1282489774547995e-09,1.244489240116277e-09,-4.11694776207236e-10,4.0834608893384623e-10,9.656185848533293e-10,-5.1455522116200295e-09,1.743783428915875e-09,-6.633837959167297e-10,5.719898296263412e-10,-2.1903185090094774e-10,8.361900141651739e-10,6.348798437234242e-11,-1.8507651083777536e-10,7.057543918543188e-10,-5.959141727718566e-09,9.519733446287112e-10,-3.015780210297216e-09,1.1934365952557934e-09,4.244742358485087e-10,2.462861212485738e-10,-6.574641162618989e-10,-6.17844346067764e-10,1.789603220340448e-09,-5.0269618146763334e-09,8.400896400826643e-10,-2.0248336504377252e-09,-1.3286872168134465e-09,-1.293156774273135e-09,1.171850242099619e-09,-6.68571392267946e-10,-1.753984633422312e-10,5.670066927977434e-10,-4.974864689797762e-09,2.602020798662445e-10,-1.7339609789081527e-09,-2.75549230848013e-10,1.3122389891585802e-10,9.538143020825115e-10,-8.829041314833365e-10,-3.1113300045746346e-10,-6.952844625470512e-12,-4.2463353295043984e-10,-4.2060158999275305e-10,1.7687645173955265e-10,-1.2129053095998614e-09,-1.1455322402406442e-11,6.425703618750461e-10,5.079510308330279e-10,4.042522911832415e-10,3.4248608056646914e-10,1.9535739914119982e-10,-1.3405024296073388e-09,2.1743353748928913e-10,-7.606541178702614e-10,-4.484779106655954e-10,2.4505677642453166e-10,8.500365645117406e-10,-3.6208458164356924e-10,-2.4507846861448975e-10,7.326042290563764e-10,-3.508081107682856e-10,6.450032141799029e-10,7.004357368461475e-10,2.023112890884475e-10,-6.183089623103889e-10,-1.1004688142349928e-09,-6.812984260144769e-10,3.840587440807558e-11,-3.672544465079188e-10,9.169804096124246e-10,-6.584341406856123e-10,2.329285290654904e-10,1.3220738677408281e-09,-3.083266777146225e-10,7.026214099328161e-10,-2.3469503504111164e-11,-1.628760594655662e-11,-7.436861763473828e-10,-7.761307438107566e-10,-2.0054282921228777e-10,-3.840994011053656e-10,9.602760362663508e-10,5.785481836266413e-10,-7.215860828088215e-10,-2.272276530255616e-10,4.058328117948757e-10,-2.0770725544771207e-10,5.934252348564041e-10,4.3012502354230527e-10,-1.6619165078965105e-10,-9.894490326080756e-10,-8.754271104937114e-10,-5.579596003608735e-10,5.4987885165992075e-11,-2.2051609194084185e-10,-2.7720019646996913e-11,-7.873363043916917e-10,4.614085245955523e-10,3.9985249698932116e-10,-1.4406469345675288e-10,3.3418433194596197e-10,-6.200266886610658e-11,1.2195329972108315e-10,-4.99157156090515e-10,-6.166836849742808e-10,8.009509626372552e-10,-1.3305755990062052e-09,-1.057308978943792e-09,-1.1647015824261806e-09,-2.7574146690504307e-11,5.434423061172288e-10,6.207540869361789e-10,-3.4942411190973496e-10,-3.4744400614286256e-10,-3.3613632218520473e-10,-2.2131746188797204e-09,-6.32011244663813e-10,1.611487801617057e-10,6.071150008761534e-10,-1.2449858503371712e-09,7.236289896366878e-10,3.3285832365765147e-10,2.833884984075499e-10,-9.923776569000854e-10,6.84051039074388e-09,-5.617126940815459e-11,6.914509653993056e-10,-8.182547086495842e-10,-2.637920484271016e-10,-8.67380528165934e-10,-2.0787348604264505e-10,-6.248240594648093e-10,-2.2109850918593136e-10,-3.423914812849976e-10,-4.079120222692489e-10,2.609679305714687e-10,-6.081267181527029e-10,4.202652704141401e-10,1.812360953189798e-10,5.972642134881589e-11,4.656354868597634e-10,1.3242366738884918e-10,-1.3310945867517075e-10,-1.3086280236438873e-09,-1.1834711942429084e-09,-1.4505275334503131e-10,-1.0459486634195351e-10,3.033032051718018e-10,9.2597672035347e-10,-2.718882887157315e-10,4.931825581451246e-10,5.328592350261165e-10,-2.3553966130003327e-10,4.4127773514763793e-10,3.349269276319927e-11,-5.110418082999314e-11,9.303124851880838e-10,2.85519940384343e-10,2.1399774398244234e-10,7.818641299505356e-11,6.362596358269803e-11,-5.214554698873623e-10,7.409464406868455e-10,-9.645552934214745e-11,-5.804792980504125e-10,6.001218590346788e-11,-2.740273972135407e-10,-1.9751477330764378e-10,-2.6168094545815386e-11
L8treat_p14,-9.827452776156663e-11,-1.2218424768253403e-10,2.1180508617422151e-10,1.2618421899509237e-09,-6.690888910679934e-10,2.0940503693156063e-10,1.2610995198053827e-10,5.624657483136546e-10,-3.3731504218406056e-10,-8.080396694478081e-11,-4.0426169874013596e-11,3.7371690321844715e-11,8.294005774145898e-10,-1.2638775700449663e-09,4.812880418816654e-10,2.8710111514124086e-12,-1.4980654558422002e-11,-5.060644606587796e-10,-1.181898802668772e-10,8.628223922208285e-11,-8.378047628585296e-11,1.21251175072101e-09,-5.257616824011787e-10,7.980039636035607e-10,4.656542243339493e-10,-1.3146168473190954e-10,-1.563477496418218e-10,-1.0154413573382928e-10,8.210970553540347e-11,-5.427300879950214e-10,3.6407684231722823e-10,-7.057138261557143e-10,9.081869677106988e-10,-1.5033894307709374e-10,1.3390230089808036e-10,-5.297425011346423e-11,-5.825603955728424e-11,5.642402412952493e-11,3.542566969925648e-11,6.433228231921062e-10,-8.365399455586707e-10,4.0589782184955e-10,4.025326745877771e-10,4.562435693505055e-10,-3.652055987039471e-10,1.191128521779256e-10,4.412725632093464e-11,-1.5587586289334789e-10,9.898430124842078e-12,1.1362205964628216e-11,1.30256815892587e-11,1.98677264865324e-10,-1.2080596565362634e-10,-8.274732745874423e-11,2.8664939888164484e-10,-2.8787079593745586e-11,-8.200258952649644e-11,4.9702675037377364e-11,2.8737834606875676e-10,-1.7122895191920713e-10,5.349652662350103e-11,2.0337567337336874e-11,-1.0447523340410451e-10,-3.010635317210518e-10,-6.229385671415406e-11,2.3600942310857457e-10,-3.04578186992478e-10,2.2087505802330819e-10,-9.241724651544073e-11,-1.77964114307414e-10,-2.0100933667329594e-12,4.523251675927994e-11,9.62108493419984e-11,2.5671816984718586e-10,-3.72961984460166e-11,1.560571566635841e-11,-1.0373166812324872e-10,2.3051551259652982e-10,-2.874158685810813e-11,-3.0832667771462333e-10,5.927503741326275e-10,-2.3388539532452447e-11,3.8359448901333085e-11,7.070221507603872e-11,-1.7741853341452258e-11,2.5741195202956807e-10,1.5819572756961423e-10,1.6589681437829631e-12,-2.8081997973324525e-10,-1.1505556603187404e-10,1.2960136724452213e-10,-1.1911025660654787e-10,-4.359358483090165e-11,2.8320588173879723e-10,-7.85854171187173e-13,-1.7947449461068901e-10,1.022661950440689e-10,1.8530542926085298e-10,1.432110582833499e-10,1.0971110003623471e-10,-1.6624378591444997e-10,5.887351893632953e-12,1.2664344664136643e-10,3.2212828112729667e-10,-3.9036772078696044e-11,2.3159903936103264e-11,3.153602954594015e-10,-5.7029264109012515e-11,-7.72462994861146e-11,1.4442554293480452e-10,-3.799766212642547e-11,7.320409899689969e-11,-2.61423764655432e-10,-2.1737499579470422e-10,3.707848472287492e-10,3.5386905598419295e-10,9.278258070332649e-11,2.520210000704829e-10,-1.986460794258364e-10,6.192420580280282e-11,5.1412494547635136e-11,-1.2895607681624898e-10,7.024696922510295e-11,-6.646553815740787e-10,2.2888178912351746e-10,2.5336031386678027e-11,3.2147933039466113e-10,-3.382041615508387e-10,3.4656426816210566e-12,7.794792445913226e-12,1.2438642360834135e-10,-1.4158948120608844e-09,6.491781775158127e-10,-4.0424225371935604e-10,1.745531498094394e-10,-1.5991372858005991e-10,2.5780808413708484e-10,-1.1058582593357314e-10,-4.833706499336431e-12,2.2921731781249328e-10,-1.7008946425939852e-10,2.9569298115516325e-11,-1.4946174155053813e-10,1.7313332377916757e-10,7.943135433995543e-11,5.1761109847141306e-11,2.426061656974636e-10,-1.934742007417843e-10,-2.2846741300265166e-11,1.1157461781097316e-10,3.4213656051725175e-10,2.3864034921678856e-10,-1.0520809611921435e-10,-1.6890218940216402e-10,-2.444223142444879e-10,-4.2357255117456194e-10,7.577929045602654e-12,-7.715558962304834e-12,-2.4525802111762746e-10,3.425245301837232e-10,-1.166786155125323e-10,7.390043821512885e-11,3.789506365948503e-11,-2.1388152349501576e-10,7.273615900473283e-11,3.531199608076693e-11,1.2053131364927596e-10,1.4039171894723736e-10,1.8193584836354694e-10,-1.6081003462154301e-10,8.442909064775192e-12,1.3795733397427058e-10,-2.8866557982743203e-10,3.863922229411034e-11,9.23968550239287e-11,-6.573206942506041e-11
L8treat_p15,-3.393926722423111e-12,6.251757001578875e-11,1.5120446668228427e-10,-3.1272030543116552e-09,7.99622617904763e-10,-1.4101012377520639e-10,3.5099236564447863e-10,-4.683527985505986e-10,7.880814933314321e-10,-2.987407288884614e-10,2.7727502758474514e-10,8.344079916494528e-10,-3.4719016218604257e-09,6.54806201891293e-10,-4.2276441496285754e-10,4.490595724949273e-10,-1.9930940474549705e-13,5.293502415267683e-10,6.321866995822624e-11,-1.5310986202708134e-10,6.385629677348529e-10,-3.923956705590018e-09,7.075540725003807e-10,-2.073723482517959e-09,8.704605696433514e-10,1.2494558590529412e-10,6.205901508020528e-12,-4.645500617577054e-10,-4.505655991838484e-10,1.3004771814187608e-09,-3.6182017416130366e-09,5.176215933832943e-10,-1.5292617014234882e-09,-1.3748311549253186e-09,-8.122781796724179e-10,6.539999642875942e-10,-3.858816866578149e-10,-1.5772077856839995e-11,7.876936776346088e-10,-3.351944646695608e-09,-1.8617116214737239e-10,-1.2476580463889333e-09,-1.9768710459236518e-10,4.265198267521089e-10,5.550269514271231e-10,-5.232494466160379e-10,-2.036443272652621e-10,1.2922201883081158e-10,-3.687282599700797e-10,-2.918607601778763e-10,1.4887207525629135e-10,-7.11514799385093e-10,-2.6506166426628548e-11,3.6445081088958576e-10,4.67764796722952e-10,4.051499518253388e-10,1.6775085517668888e-10,1.358846226216399e-10,-6.136760276690992e-10,5.905551054074004e-11,-6.077997959499804e-10,-3.456495467697179e-10,2.396049648264236e-10,3.637227572697154e-10,-3.2759649845952506e-10,6.3291005083949535e-12,4.5563659580485653e-10,-1.878853226869306e-10,5.120945053348874e-10,3.936879941726844e-10,1.0202874350670333e-10,-4.077697566454121e-10,-8.131072208295667e-10,-3.9492497220543823e-10,1.0547176574318132e-10,-1.9836419749792392e-10,5.199233903866769e-10,-3.768779815129695e-10,1.3609464820119009e-10,7.026214099328179e-10,-2.3388539532451155e-11,7.116112398254494e-10,-1.5820394130199865e-10,-5.833160399320533e-11,-7.489435586995761e-10,-4.5170545383739067e-10,2.7659871900962575e-11,-3.7616189735545954e-10,4.511698104829111e-10,2.33187645693693e-10,-4.20571551451646e-10,-1.4669088469577672e-10,1.6955038109104372e-10,9.869665232897622e-12,4.982662824148095e-10,2.4066173254802537e-10,-1.208104547667195e-10,-4.310823635166946e-10,-5.694380620557899e-10,-3.6632195254739284e-10,-5.509005858388193e-11,-2.1454374188523398e-10,7.216936909560849e-12,-3.935049969161645e-10,3.6492886960743464e-10,1.0366464565751215e-10,7.02569537760996e-11,3.1767165076976297e-10,-8.261798105724794e-11,8.772109628247392e-11,-3.101939848081037e-10,-4.1248072646219934e-10,5.439315481246179e-10,-1.3435936065866903e-09,-1.235320174029014e-10,-1.0161024592616516e-09,1.6680537298790815e-10,5.175932573188433e-10,3.478756796209198e-10,-1.813414896334304e-10,-2.2521192391944844e-10,-2.8340190502223284e-10,-1.6746860365600899e-09,-6.507116958717898e-10,6.774316826988338e-11,3.398927008080886e-10,-5.796988289721814e-10,2.223235657806428e-10,2.3765743755721897e-10,1.420821305335361e-10,-7.544796087764492e-10,4.470493545624603e-09,-6.2300585912149394e-12,5.669534235231444e-10,-4.175540928624156e-10,-2.6531779463952955e-10,-4.849185831426346e-10,-2.0976039306024482e-11,-3.6634213773308684e-10,-2.19290681132266e-10,-2.930371703568299e-10,-1.5218874202336282e-10,5.466497206289684e-11,-3.43416456766448e-10,3.545808313398032e-10,4.608358726498552e-11,1.7763448472640552e-10,2.8932832438178435e-10,1.3855082097867402e-11,-9.197144958395565e-11,-8.428316131054191e-10,-7.006898468292048e-10,-2.9634669625123575e-11,1.02449356445713e-11,1.7213948364583804e-10,3.9584646023546475e-10,-1.38563989027593e-10,3.8598970606902135e-10,1.6950683899224757e-10,3.289100591858284e-11,3.909669901368248e-10,-3.128035188481354e-11,-9.919538988803634e-11,5.348496633710944e-10,2.232681723213874e-10,1.0464459345490156e-10,1.3452717095600221e-10,6.529599728827114e-11,-2.9691248777890894e-10,4.577789245529411e-10,-1.2952669143990884e-10,-2.986598292438037e-10,-9.228559323085635e-11,-2.646721193812379e-10,-7.646265211081436e-11,-6.140046933848953e-12
L8treat_p16,-1.5313205682727842e-10,5.3653491583879564e-11,-1.577673340774896e-10,7.377140144882396e-10,3.209467201683184e-11,-4.3982193829785813e-10,-9.427786457726065e-11,8.601295944742188e-11,-2.4938217995654367e-10,-3.413415266540704e-11,8.15104169784164e-12,-2.1509342696098168e-10,3.44271169133873e-10,3.592092290800363e-10,9.225266408806515e-11,1.0521838536918356e-10,-1.0165338996939165e-10,-1.9460259547498886e-10,-6.269289241149576e-11,2.102368942102844e-10,-1.2356805319491834e-10,6.596509549168545e-10,4.855012538594501e-10,2.769397324485077e-10,1.0157298543597043e-10,-2.3114775730513832e-11,-2.0717474159572223e-11,5.517788194557812e-11,1.3570947727629178e-10,-2.81221621574251e-10,3.9036252991153834e-10,7.16556156607192e-10,4.442788795183685e-10,1.8929718824489632e-10,6.078085679439343e-10,9.700035684777479e-11,4.701679493969563e-11,1.229318875502077e-10,-2.545212566124581e-10,7.795436971048756e-10,1.155101186273009e-09,-1.1165056807641144e-10,3.154304323616948e-10,2.482785835653636e-11,-1.5999951485261728e-10,2.59241523137235e-11,-1.3913198489649591e-10,-1.466354007521318e-10,3.519109733738352e-10,1.5640702822265748e-10,-1.475200014889748e-11,3.0713733744144876e-10,-7.087196473867161e-11,-3.025608705333441e-11,-9.932514221536315e-11,-1.6018841447908936e-10,1.2180286116976044e-10,1.083835638816717e-12,-1.580331131271979e-10,-2.1644982255605684e-12,2.662436478538795e-10,1.5329033045514428e-10,4.545857229082748e-12,1.0372321676074909e-10,3.1268476707468683e-10,-6.839417350869937e-11,-1.4513661288905795e-10,-3.603895255437511e-11,-1.9617178486613663e-10,-5.140500398125487e-12,6.803074552143926e-11,9.210083458673571e-11,3.122454154962415e-10,2.6507341714482893e-10,-6.340553648795631e-11,7.456780692639732e-11,-1.4017233712899498e-10,2.9380303786029867e-10,-7.941324046248533e-12,-2.3469503504111028e-11,3.835944890133316e-11,-1.582039413019978e-10,3.4244089324497784e-10,8.825523056867961e-14,3.805769809022838e-10,2.9594604785935814e-10,-4.7320460065795075e-11,3.384609874248583e-10,2.33915447360281e-10,8.079018081420528e-11,2.339964824848024e-10,-1.0496228417877862e-10,9.551187866663761e-12,-2.929476000814561e-11,-8.64277496668272e-11,3.1581549996693894e-11,1.2782204107821426e-10,6.841666953463593e-12,1.3364864687278665e-10,4.132574488243484e-11,-3.0807894855873116e-10,2.1454311346315962e-10,-6.524892864859049e-11,2.2467958852507235e-10,-9.499321122488536e-11,8.787382600851813e-11,-1.186181620330205e-10,-2.5319431205750105e-11,8.873282552443654e-11,4.61172144288368e-11,6.578059950572983e-11,1.0902543221970165e-10,9.995953375092995e-12,7.373445560963798e-10,-8.51812295820878e-11,4.96512555214732e-10,-2.2679914508035893e-11,-4.297042759340793e-10,5.166021799520426e-11,-7.003711250976226e-11,1.3359634102097103e-10,2.1556274602202363e-10,1.9236223904930576e-10,3.306199057145427e-10,-1.1166059768568649e-10,-1.5756496786232592e-10,1.189474561600485e-10,1.5195432750172803e-10,-1.2198918995699953e-10,-8.894341095689212e-11,4.096451340560503e-11,-8.162940458216815e-10,-2.094654769140822e-10,8.188352296971483e-11,-7.376699729880499e-11,-6.606453258419624e-11,2.7016186135970094e-11,-1.2033502959744408e-10,-9.167866437839393e-12,1.0973483711352616e-10,3.272265171808938e-10,8.405629887840477e-11,-5.2362744227738644e-11,1.0126557646661635e-10,-2.623906423029859e-10,1.0573489818788225e-10,-6.712535928431857e-11,5.5580306509138074e-11,1.7478356170632228e-10,6.939833585768193e-11,1.6389433563501745e-10,3.0648591772363216e-10,-4.6926959929794864e-11,2.457812672543247e-11,-1.0972732225937306e-10,1.644609102545264e-10,3.313895003595764e-10,-1.9986706852517934e-10,1.4603741237208217e-11,-7.633736836455988e-11,-7.210639736888802e-13,8.69540845329757e-11,9.757151729565896e-11,1.125918796846407e-12,-1.2287501099043887e-10,-5.6705841167320376e-11,-1.5895059961449267e-10,-1.7688533736494445e-10,3.124991822440964e-11,-3.111559878493926e-10,1.1804635610414797e-10,3.077663584840668e-11,7.241712486732417e-11,-3.0411718840302148e-12,-7.83112795013598e-11,-2.1890975004671013e-11
L8treat_p17,1.7020577787546302e-11,-6.571683904686472e-11,1.4987128326437634e-11,-3.0987306116258636e-11,6.866522119677941e-11,2.69940684620891e-10,-7.235967995780044e-11,4.3171183839071366e-13,1.624176146050079e-10,-1.0472863464205637e-10,-3.032487292586887e-11,4.5582725011872325e-11,1.1777550650454604e-10,-5.817426390177374e-10,-6.255867080077513e-11,-9.45769051699036e-11,-8.381908043785512e-12,-2.392865035677028e-10,4.763959771243977e-12,8.688283159247086e-12,5.207690827442752e-11,-2.528693881807683e-10,-4.967460125930137e-10,3.4006853327545993e-10,-6.080880283920287e-11,1.2915051103636178e-10,-3.139027406365178e-11,-6.178868524509977e-11,1.4630895217352587e-11,-3.6303647923498756e-11,5.4992273124833945e-11,-2.8432628829343836e-10,-1.4235639801377614e-10,8.5167576963912e-11,-3.5410870309928733e-10,-1.9113797229024657e-11,-1.9038229632399597e-11,-1.4233278871812116e-11,-3.797868753222373e-11,-3.787599253544427e-10,-6.061174629701963e-10,-1.4801017313641232e-10,-3.147505532743678e-11,-2.450621547711991e-10,-1.7806276832613956e-10,1.9409469183843477e-10,9.78197622061978e-11,-1.0836324004719189e-10,-2.92099165139019e-11,-1.0168686473595614e-10,-7.791542828421026e-11,-1.6154776955097363e-10,-2.026027555634164e-11,8.624415398899225e-11,1.1766533419840635e-10,6.454355497960197e-11,-8.639045599984305e-12,9.429895797801303e-11,-8.070892032436119e-11,-4.46765541261106e-11,-6.036607644999501e-11,8.200081381255584e-11,-9.213331523637392e-11,-1.2194551570172186e-11,-3.3895098302602363e-10,-8.201907844587294e-12,-5.367038357066896e-11,8.921635483490844e-11,1.1502645250655015e-10,1.814704413554137e-11,1.8466026008758373e-10,9.817387088584069e-11,-1.3040092530945925e-10,-1.8651124550573618e-10,-3.93285539413861e-11,-1.546101692684475e-10,9.200140362236746e-11,-2.5979928126843615e-10,6.0391320895097e-11,-1.6287605946556624e-11,7.070221507603889e-11,-5.833160399320568e-11,8.82552305685719e-14,2.2960937614620875e-10,-1.527070594162526e-10,-2.040607452266061e-10,1.2530931329500206e-10,5.891678710302466e-11,-1.1326823242050302e-10,-6.483195375737809e-11,-2.771822577053056e-10,-3.9129767585690615e-11,9.870915926165397e-11,-4.3609554508035934e-11,9.82050264177023e-11,-1.0851290022247939e-11,4.853112896367264e-12,-2.1491354399421547e-11,-6.757614287717136e-11,-5.253667967470537e-12,1.9969578259145017e-10,-1.6347275731085126e-10,2.9065633488322826e-11,-2.4182480689797403e-10,1.4425716025694692e-10,1.00139179429133e-10,4.3298203339962583e-11,1.1529887133341607e-12,-6.244019033212423e-11,1.890731261840004e-10,-1.5496372573950262e-10,-3.3758480559564694e-11,-1.5953563829692424e-10,-5.875860613826711e-10,-3.039127626978212e-10,-2.45885003528592e-10,1.1836676915731268e-10,1.223534413210805e-10,1.1872173631715477e-10,-9.391209826809156e-12,-1.4291827032481132e-10,-1.0215154561297005e-10,1.1005099800572831e-10,-5.743262008045353e-10,-1.2415889671290884e-10,2.651870501592585e-10,-4.4823673254324506e-11,-1.0919085889599439e-10,7.715580278243596e-11,5.646924157578063e-11,6.976201657478342e-11,1.2522949658757827e-10,4.704039273013784e-10,-1.2343598975000734e-10,4.7883430651426255e-11,-3.316205941058301e-11,5.220878109942274e-11,4.020715350609775e-12,-4.4530655685416315e-11,7.5600272311398e-11,-2.0559579710552937e-10,-3.317807003789942e-11,-5.238892202543133e-11,-1.7162399843195865e-10,1.7457274805223892e-10,-3.877817835908344e-11,-2.671739527610255e-11,-3.7731817090944816e-11,-5.7679797519583124e-11,6.271755250176125e-11,1.7056595918357336e-10,-5.3861747649666395e-11,3.2652354808051686e-11,-7.600357008000035e-11,-1.4022482960252642e-10,-1.8612021145031198e-10,-2.6960985488132475e-10,1.4552688323654417e-10,-1.3416244188662094e-10,-2.527600547692292e-11,3.0033306875565042e-12,1.7940169592536494e-11,1.4977226935677187e-10,-1.2709397094728786e-10,8.220209482953958e-11,5.7948580119823767e-11,1.2117903946779982e-11,1.8888269448504528e-10,6.449969531518088e-11,2.1283927940342944e-10,-4.506547161360619e-11,-4.736439307948298e-12,-6.824245952201491e-11,-3.3535083432354205e-12,2.6101499702175523e-11,-1.322343078338329e-10
L12treat_p5,4.333120699091114e-11,-1.3945986888850492e-10,-6.809392606789422e-10,5.064555052539898e-09,-1.1204599249591712e-09,-7.502192806101707e-11,9.128855058841997e-11,3.394173397118131e-11,-8.355558913606248e-10,6.437688316680503e-10,-4.744811918771285e-10,-1.3794034170331388e-09,5.314687496644395e-09,7.117381367636702e-10,3.329162894246274e-10,-5.391371585109191e-10,-7.690896813066542e-10,-1.5993467938159571e-10,8.041055327849042e-11,2.0258571730027587e-10,-8.789674296340822e-10,5.280506587738165e-09,1.1591287486770973e-10,2.5923045327693953e-09,-8.591555392567063e-10,6.520954799796999e-11,2.6847185536179923e-10,7.903762431478073e-10,5.715971003230537e-10,-1.8228550918974935e-09,4.787238274064172e-09,1.7721968631622228e-10,2.018587256198186e-09,2.0327344165788874e-09,1.6333392470466685e-09,-1.446531230322518e-10,6.002882642464662e-10,-9.5126983243116e-11,-1.4256874622212067e-09,5.567033239536877e-09,1.1339801192127254e-09,1.801867828324352e-09,8.46653960711654e-10,-1.926658321078572e-10,-2.9367132499026583e-10,9.697598643263425e-10,1.405118920975103e-10,-5.467754214067113e-10,5.739221593696434e-10,6.862916066715696e-10,-3.096464887978116e-10,1.2132656868420191e-09,-6.77726621628367e-11,-4.919607703121757e-10,-8.06195143729407e-10,-5.746195229092935e-10,-2.2675732770789537e-10,-2.2514562966538806e-10,7.077089023508949e-10,2.837944219856846e-10,6.950956190120522e-10,2.86477563987257e-10,-1.4200393409347e-10,-3.160030129948486e-10,1.0618594404363168e-09,-2.2578440868848862e-10,-4.4555382403646705e-10,8.485288334456786e-11,-6.681606729038049e-10,-4.4197512044141447e-10,-2.4594192894449106e-10,1.1244756963255216e-09,1.9806361148841025e-09,4.895102706078491e-10,-5.39019796216027e-10,6.271389733322176e-10,-8.835877732086538e-10,1.0703668450855652e-09,-4.917088501577021e-10,-7.436861763473852e-10,-1.7741853341452898e-11,-7.489435586995776e-10,3.805769809022848e-10,-1.5270705941625318e-10,2.489074584096006e-09,1.2926766179186857e-09,-6.009404851843056e-10,4.492427791487601e-10,1.9784410333278198e-10,-1.8869964089413135e-10,1.1131592751565682e-09,3.6435254256691094e-10,-1.1596398286099807e-10,-1.0155240331419058e-10,-3.03523306369485e-10,-3.265000139140661e-10,2.416846526860946e-10,1.0287048804180333e-09,1.0075581398461495e-09,1.7142111601336257e-10,-5.622455113881229e-10,6.120923012578554e-10,-1.7552065645990872e-10,8.559213772475511e-10,-8.687747866682913e-10,-4.146417984584253e-11,-2.9139137310261455e-10,-2.7057831627605767e-10,1.5210473844159735e-10,-2.876530235269839e-10,7.418783073725852e-10,3.697560115576545e-10,9.693148175358394e-11,3.6518693868885424e-09,2.1177810503742646e-10,2.1288951759662827e-09,-8.171981622192219e-10,-1.5831151803571996e-09,-5.011147549244263e-10,1.1502209826083846e-10,4.5832942587444714e-10,1.004787142412567e-09,2.7638478930435317e-09,1.8346451005092022e-09,2.99722696386117e-11,-3.3128322808382643e-10,3.432425614812859e-10,5.058852490356797e-10,-6.358989221424738e-10,-1.689692816422751e-10,8.641191744572972e-10,-6.4554167389116325e-09,-6.314533584987567e-10,-5.013221958225893e-10,1.726068268823138e-10,4.885463056798712e-10,2.2216886818870372e-10,2.117764556485771e-10,3.8367607096791266e-10,-2.88848919269095e-10,8.890138542140292e-10,1.7600852676671904e-10,2.7278982500510845e-10,6.848364009709799e-10,-1.0682561604989399e-09,3.3218121209435685e-11,-2.670196091659367e-10,-9.159843267774998e-11,2.39312138878043e-10,1.5852781313080615e-10,1.623435418485013e-09,1.4856253408678929e-09,-6.000816486310313e-10,2.7666096383671493e-10,2.339114476577645e-10,5.222453788186416e-11,5.497330978080472e-10,-9.01531900387282e-10,-1.8291280828048765e-10,-1.4761518720864442e-10,-2.987350251984908e-10,4.013835149869934e-11,1.865205070666693e-10,-9.190673546051665e-10,-6.80723041336169e-10,9.754759202064671e-11,-2.744349249759815e-10,-6.438186310263683e-10,3.1843138180720657e-10,-1.0409782519353972e-09,3.5673873051419215e-10,3.5954889592655153e-10,3.3792790806846874e-10,1.0474545943879515e-10,3.313408013677303e-11,9.74240027245451e-11
L12treat_p6,-8.68708588630654e-11,-2.2580140299935898e-11,-7.043415466308962e-11,3.521444094211191e-09,-1.601886471406879e-09,-1.0267318535412696e-09,-3.662150179264938e-11,6.994910948386935e-10,-9.267574961216328e-10,3.134307885030949e-10,-2.269754715273901e-10,-5.398858822679134e-10,3.0614242217955723e-09,3.027922636645608e-10,-1.0454317658185678e-10,-2.0293138041990377e-11,-1.9835239694267463e-10,-3.771804076815573e-10,-5.910045842361146e-11,3.0707346004648296e-10,-3.2152261948402865e-10,3.877009713301192e-09,3.905986986621123e-10,1.0702490270094744e-09,-1.9336544358198858e-10,-5.610052255933859e-10,-2.5185940294739178e-11,5.497296840909257e-10,4.819272272879354e-10,-1.1457930074464686e-09,2.6538995449704838e-09,3.176657617639759e-10,1.5609626861119127e-09,1.2897880574014516e-09,1.7920508008547405e-09,-1.7220111466745167e-10,3.7267223496708033e-10,1.2045491063929084e-10,-3.9174536133690836e-10,4.293859383589581e-09,1.2863195177121984e-09,1.1181500542202173e-09,7.892759120386874e-10,4.6428484194481647e-10,-5.286929358844886e-10,6.95818172040366e-10,3.5004721630982793e-10,-2.4320519874255255e-10,5.45701869398479e-10,7.316076688998748e-10,-1.3786370646896341e-10,1.3072919041254234e-09,-1.1629525472096068e-10,-4.5501999214673646e-10,-4.87633526501681e-10,-4.418106761281549e-10,-3.430691220550048e-10,-1.774046264762127e-10,6.165560539702052e-10,3.8939452346593527e-10,7.959577377633307e-10,4.1837153661923876e-10,2.801812337709818e-11,-4.964382879895006e-10,1.0290407014309416e-09,1.275118763864769e-10,-5.359520760541676e-10,-4.0466561663668017e-11,-6.709018895669157e-10,-4.336241109508099e-10,-1.5727393984873854e-10,6.325680170806612e-10,1.7548418960641004e-09,6.90900521251468e-10,-2.0466722468099296e-10,5.032215301925949e-10,-7.173412656982487e-10,1.195077429994818e-09,-2.674059950029888e-10,-7.761307438107511e-10,2.5741195202956636e-10,-4.51705453837387e-10,2.959460478593576e-10,-2.040607452266065e-10,1.292676617918683e-09,1.6477646786541084e-09,-2.0246040811142345e-10,5.925470641730509e-10,1.0138841090838165e-11,-3.300687184144942e-10,1.1224079685480399e-09,1.8171364971292543e-10,-3.4397946863384613e-10,1.6423212645782998e-10,-4.077044781340211e-10,-2.624531750299861e-10,3.227700299070501e-10,6.229568976668978e-10,1.3041862971739754e-09,2.267692895153321e-10,-5.72398952175039e-10,5.814631237097674e-10,-1.0741183273958585e-11,1.2678743953303587e-09,-6.517677482311578e-10,-1.101159012292144e-10,-1.5653583353085562e-10,-3.4886080286305126e-10,2.1469280873200684e-10,-1.7357073229077038e-10,6.665858056005274e-10,5.589483829750138e-10,-6.075146604559849e-11,1.7725345999319558e-09,9.530079411433925e-10,1.4786591953700378e-09,-2.7479780091632074e-10,-1.17371819008855e-09,-5.801192957528952e-10,7.377387839932674e-11,5.434241021156659e-10,6.991649477291754e-10,8.745676255824375e-10,1.8184428090990738e-09,-1.0416131880426129e-10,-4.704705742379681e-10,6.68363234549187e-10,2.1776869025276008e-10,-4.897145703528281e-10,-3.1083886963041567e-10,4.460980780609829e-10,-4.803745829866857e-09,-5.377050819531069e-10,3.6575790837930843e-11,1.3396113300272832e-10,2.2463297173477815e-10,3.7107180276427713e-10,1.7994900725665663e-10,5.193705591204567e-10,-3.297735185664089e-10,8.090409358396564e-10,3.7599779314785285e-10,-4.356754073604748e-11,7.171473330799781e-10,-7.584459550382438e-10,8.438307648174747e-11,-5.043392948303678e-11,-4.5280149283503075e-11,2.34445793807381e-10,1.9251943234322139e-10,1.0750161138409471e-09,1.4894865964634984e-09,-2.783453045512651e-10,4.895456378484573e-10,-2.575405710183967e-11,-6.8168750016550336e-12,9.695840370273466e-10,-7.0882154186622e-10,-2.1236063837239498e-10,1.2869692935154924e-10,-1.599752145403541e-10,-1.522789570819267e-11,1.6954572613924955e-10,-5.203731729486817e-10,-8.463591426875551e-10,-5.776711730477106e-11,-2.271414016033287e-10,-5.854500859754985e-10,2.7424324893768883e-10,-1.1326617524227293e-09,1.9972026776913385e-10,4.070882031019782e-10,1.4197051376288338e-10,1.0318111120415238e-10,1.0994233923038205e-11,6.877073929418012e-11
L12treat_p7,-1.526197859502423e-10,5.937949836967605e-11,9.28180460656929e-11,-1.3266756158951565e-10,1.1120959004712034e-10,2.3292830920396404e-10,-3.0865126147192483e-10,2.5173556787414e-10,-2.734959233180015e-10,-2.672203937471727e-10,-9.270681666260867e-11,1.506601756323132e-11,-5.708738394056106e-10,-1.1671339261995644e-09,5.60484417881181e-10,4.1229582068374795e-11,2.0206408417906592e-10,-3.051732505199677e-10,-2.0847494995424647e-10,3.394638063781588e-11,2.2549015079502418e-11,-3.8339304701957073e-11,-2.035125536265288e-10,4.3061975648936067e-10,-1.5067200321746427e-10,-1.3621308293164173e-10,-3.79080514550278e-10,-1.2541963773763868e-10,-2.3878050498540574e-11,-2.352456558308326e-10,-1.3663036544351134e-10,-1.6146988711331506e-10,2.9134146965358584e-10,-6.27130052252264e-10,-3.837275777568162e-11,-2.716659225654876e-10,-5.984943814079288e-11,4.3969644012626414e-11,1.3694630330986128e-10,-5.27891031232618e-10,-4.2100007001854497e-10,-3.198474838816915e-10,-3.310112610504343e-10,-1.8404467539378045e-10,-1.577990683801674e-10,-1.441073137957082e-10,-1.0190852755752467e-10,2.54406150778306e-10,1.3987542363884595e-10,-1.2453939986811212e-11,1.1381868895016066e-10,3.2774388814765465e-11,-6.707792213047747e-11,-2.7302132748059632e-11,1.823711611073916e-10,5.093983901053495e-11,4.2700228143803735e-11,4.7931400055566746e-11,2.1699475908471266e-10,-2.113200409655163e-10,2.0198520897208463e-10,7.094805745339556e-11,-4.452211423765987e-11,-2.008254682287786e-10,-3.167892536195397e-10,1.3437411304572214e-10,-1.6717012743296247e-10,7.986376538557611e-11,-1.373750921405067e-11,-4.697879832079677e-11,9.39679383069943e-11,-1.974564330502855e-10,-2.8835661688013556e-10,2.965247527546638e-10,2.924633499161123e-10,-7.033754275720965e-11,-9.4481393122987e-12,-1.8994033016408372e-10,6.465939638458699e-11,-2.0054282921229036e-10,1.581957275696136e-10,2.7659871900961467e-11,-4.73204600657965e-11,1.2530931329500144e-10,-6.009404851843052e-10,-2.0246040811142143e-10,6.300328628587951e-10,1.8359554794697323e-10,-3.4434768699566477e-10,-8.852667293152052e-11,-3.1204782417782714e-10,-2.8812282633355515e-10,-5.2188761228743775e-11,2.8816134811758836e-11,-2.2446416973169268e-13,-2.689262457230356e-11,3.398691439524824e-11,1.7033733604693954e-10,-1.0883847380367765e-10,3.7937977423044194e-10,9.352635856358416e-11,-8.181816855525605e-11,-6.945234479863535e-13,-1.0871329222877202e-10,2.91199265170276e-10,-1.1321499231142095e-10,2.1071293105704613e-10,1.516896510781858e-11,-1.1325494975177512e-10,1.1278970033986215e-10,-2.682127557284691e-10,-2.023467707247406e-10,-4.3896803160469916e-10,-1.3834468401529176e-09,2.5646346665880297e-10,-3.8723400239678136e-10,2.1205490241007953e-10,3.676320061131372e-10,-4.961318500094137e-11,-6.06873911789015e-11,-2.2550762408110426e-10,-4.3795162898124e-10,-9.143222287917812e-11,-7.842182408212004e-10,-1.8070696988769843e-10,-4.038657884515368e-10,5.3664627406351e-10,-4.791990617646153e-10,1.699079231703306e-10,1.0362870214703284e-11,5.758972196332578e-11,2.43743451049298e-10,5.603590516367768e-10,-1.5926778292418962e-10,3.716382104778595e-10,-1.9732066543831364e-10,2.0983679202911227e-10,-2.1924020208363437e-11,-4.226670698997256e-12,4.993489224561726e-10,-4.813325368152234e-11,2.1214338128617842e-10,-2.821699385713158e-10,-1.0172501971818277e-10,3.140148310857987e-10,-1.2305478975227873e-10,9.555394881537328e-11,-1.9345815738661865e-10,-1.2403373494323313e-10,4.847699874513081e-11,-1.19652930309102e-10,-1.0247156777452822e-10,5.274121578850446e-10,-1.0444415236002554e-10,-1.8126896416606127e-10,-3.68416815692436e-10,-6.154328510682725e-11,1.4257298639975153e-10,-1.7473302090811366e-10,1.5322791025030161e-10,-4.58271363939556e-11,1.8548709355841142e-11,-3.514745999118397e-11,-2.0610811745668755e-11,2.3601406094437374e-10,-2.7895284827210907e-10,-1.631512307838992e-11,1.6975936955963345e-10,1.0045187175321973e-10,1.1528186231364018e-10,-5.35695781862962e-11,5.1697704380427614e-11,-1.787957756597652e-10,3.1344359468124225e-11,5.5710416406802865e-11,-7.573382908811883e-11
L12treat_p8,-1.73528672584885e-10,1.9964009348476722e-10,-1.9838152359480572e-10,1.9628818063711997e-09,-2.0419805783982356e-10,-9.221373970531315e-10,-4.295425869374602e-10,4.277888491474892e-10,-7.401837489234712e-10,6.217804241014716e-12,-1.400101879645151e-10,-4.431234920981196e-10,1.4474388421978883e-09,1.178453276875081e-10,-1.8838787512973757e-10,-7.698193849159287e-11,4.317394102606319e-11,-6.485268166555856e-10,-5.516664393189664e-11,3.7601558961483504e-10,-5.294202666005331e-10,2.0287374010321665e-09,7.235904756434014e-10,1.3471850031198e-09,-1.8024853103175702e-10,-1.1120142527076033e-11,-2.0523489895424196e-10,4.6035298617775953e-10,4.851787054506882e-10,-9.466648040207992e-10,2.3814434453303176e-09,7.758831829344568e-10,7.12954741490658e-10,8.208381001201626e-10,1.0805650368956407e-09,-3.9827505935716926e-10,3.9577176038686684e-10,3.087896867910495e-10,-4.454204625495634e-10,2.336616058357583e-09,1.646572449147733e-09,1.362339932223284e-10,5.024748889588437e-10,-4.98717733673321e-10,-5.728958785989668e-10,4.3007909973354894e-10,1.0000780975929871e-10,-1.639402598525309e-10,5.400605000319577e-10,4.797580025693756e-10,5.131754719475735e-11,8.840516642956352e-10,-2.460057593628689e-13,-2.0710069399298162e-10,-4.206258843075222e-10,-2.856390658237692e-10,2.790561216596789e-11,-1.0904884319556267e-10,-1.7868665218001286e-11,1.4458745025843922e-10,6.460535873930116e-10,6.467578719104038e-10,-7.973726441296865e-12,-3.704194454004835e-10,4.07677233825698e-10,-5.788472777054674e-11,-5.107241092697342e-10,3.2778928611667684e-11,-4.947843348910985e-10,-2.837235714295127e-10,4.009821492664123e-11,2.339808719670846e-10,7.913560472619149e-10,4.47515664882035e-10,9.252374620681517e-11,2.2230040757767627e-10,-4.879789461206659e-10,6.267374648239193e-10,-1.685101780509444e-11,-3.840994011053656e-10,1.6589681437818011e-12,-3.7616189735545856e-10,3.384609874248578e-10,5.891678710302425e-11,4.492427791487595e-10,5.92547064173053e-10,1.8359554794697204e-10,1.0984275646518063e-09,-2.7742951940102822e-11,-2.791283442062926e-10,3.317800477718185e-10,-1.1910038964655848e-10,-7.293045601703647e-11,-1.1731996810326652e-10,-4.326621866950041e-10,-2.2416393139928484e-11,2.672994685708225e-10,8.027539059522753e-11,6.176928807587735e-10,1.0413569070430904e-10,-1.2447906579820847e-10,5.167938507221416e-10,-7.509376770516733e-11,5.537701740292484e-10,-1.9804927383744049e-10,4.6287252677058226e-11,-2.434752954950648e-10,-1.518742677186996e-10,2.0207831185488463e-10,-1.3120686547807499e-11,3.4194433951762203e-10,3.611397109343934e-10,-3.155407270749787e-10,3.1166775665819707e-10,5.264938161673136e-10,7.144755167421055e-10,-1.342127388047095e-10,-9.684456524188262e-10,-9.633167635133032e-11,-2.1602225983404387e-12,2.732306892626958e-10,-4.6403036911428716e-11,3.5188995279939183e-10,1.3184008206769856e-09,-5.88748289344725e-10,-4.379178054499894e-10,6.116255974666577e-10,1.1299293266325782e-10,-3.532944886839573e-10,-2.706452554483682e-10,5.902368937505693e-10,-2.710122203140605e-09,-3.329244239263971e-10,2.2050297601517869e-10,1.7648428008603866e-10,1.9340836187709092e-10,3.0294272032973783e-10,-2.7757816256522094e-10,4.249220658557732e-10,1.6650524805621238e-10,7.318769608576433e-10,4.0556545141623637e-10,-3.2734296274001963e-10,2.6172899632209255e-10,-3.609467954668493e-10,8.479396302214662e-11,-2.566956219334843e-10,-8.326201610230853e-11,1.6425357600972601e-10,1.7260242528473265e-10,3.9472471750580736e-10,7.53317956303268e-10,1.1918302339508367e-11,3.7130852337952095e-10,-2.717912615559415e-10,-9.783611893648859e-11,6.99906122030076e-10,-3.5075743659914504e-10,-3.124628457966105e-11,-1.1927574731317415e-10,-1.9658475473003996e-11,-1.4238207545243513e-11,1.7021741637390245e-10,-1.8821300003328e-10,-3.3273124162083284e-10,-1.10912249005978e-10,-3.904365744261546e-10,-3.290865076063443e-10,2.4536497791962884e-10,-6.333168023113504e-10,1.5467030387325405e-10,1.8055590534340225e-10,1.7130930667015177e-10,6.341566659389269e-11,-5.3125457609396083e-11,-5.479118829781835e-11
L12treat_p9,-2.1549212615389336e-10,6.84526797866148e-11,-2.2764107569069685e-10,-2.8001050540701846e-09,1.1681255315177498e-09,-7.055082576856351e-10,4.542124189162146e-10,-1.004748632907457e-09,7.910148514941291e-10,-3.9263909149317493e-10,1.8609413099816447e-10,4.570899228608003e-10,-3.894302324967966e-09,2.4572318268387873e-09,-6.834173031177162e-10,9.37649245909091e-10,-5.359448360708084e-10,8.824433278592828e-10,-1.1737040314813012e-10,-2.2904062509884177e-11,6.872096990551894e-10,-4.087738724307088e-09,2.0274071451642695e-09,-2.555609340353648e-09,1.0589504284368563e-09,1.1849006805677427e-10,5.094525644886707e-11,-4.967695995979271e-10,-5.208471370436753e-10,1.4051276294069635e-09,-3.400710575875701e-09,1.857319674489641e-09,-1.3770700536263508e-09,-9.824613593194082e-10,-1.5165679575334119e-10,1.2937885366494276e-09,-6.733897828890075e-10,-1.4666705563290748e-10,3.307281202468643e-10,-2.36004074880344e-09,1.6938996885340132e-09,-1.5914980833252138e-09,1.6550998548383018e-10,2.267840914168939e-10,8.922363819588511e-10,-5.480421279082099e-10,-3.792290321399515e-10,-2.0341238737037264e-10,1.5629701881808712e-10,1.971870335878343e-10,6.446988676790622e-11,-4.746757221455922e-10,-8.518501045363327e-11,3.6458195978233656e-10,2.4265248246727754e-10,6.149483249229576e-11,1.9757418342221487e-10,1.2669481917404428e-10,-1.0793707692848975e-09,4.513735520710923e-10,-4.178885897883717e-10,-6.440655133233794e-11,4.830283682619391e-10,7.477364997007076e-10,3.3048172350266424e-10,-2.8030388230247597e-10,4.4395446797396906e-10,-4.080776855501906e-10,3.2746334192530073e-10,5.947026983882887e-10,2.1115424920277617e-10,-3.476173760645587e-10,-2.108480993553423e-10,-4.241677015298978e-10,1.2486329957059637e-10,-2.1534907367420262e-11,5.444648401181009e-10,7.057103797223763e-11,7.962139240003206e-11,9.602760362663514e-10,-2.808199797332462e-10,4.5116981048291134e-10,2.3391544736027993e-10,-1.1326823242050253e-10,1.9784410333278343e-10,1.013884109083179e-11,-3.443476869956618e-10,-2.774295194010694e-11,1.5354897405394528e-09,5.423379976320625e-10,-2.2684879657716796e-10,-1.9240024730463472e-10,2.1420226773792854e-10,-2.0194797164386341e-10,5.729724629507636e-10,3.5175017723482964e-10,6.4559475431075745e-12,-3.9820100878583083e-10,-4.475505006571058e-10,-5.235353487035152e-10,-4.0280000670272236e-10,3.1780423101823855e-10,-2.622506714167236e-10,-3.021647022504624e-10,2.392632879241528e-10,2.1340245107637814e-10,-2.580489378751013e-10,2.268938071152933e-10,-5.6867632064896826e-11,1.4716269535697416e-11,-3.0684061722789383e-10,-5.919291900063002e-10,8.716327707102419e-10,-1.366404787463564e-10,-1.0653036804561462e-09,-5.465477953771797e-10,-3.496707536796194e-10,-3.5479275524957274e-10,6.168819436768579e-10,-5.094954875789854e-10,-1.7714860087992782e-10,3.1614896671714313e-10,-1.1542809299577355e-09,4.155516211471061e-10,-3.791095931705282e-12,1.68741775040831e-10,-9.379096352508922e-10,1.1056941238522118e-09,1.4492424615026435e-10,1.853956679661206e-10,-1.0089121870284993e-09,4.364015641787032e-09,-4.939999510920022e-10,9.339372143655129e-10,-8.21865250823855e-10,-2.2580289171443701e-10,-8.372724950979534e-10,6.718077330829308e-11,-5.068926572685529e-10,-4.381110676084495e-10,3.6534567881904104e-10,1.1499218629144312e-11,2.997109257285838e-10,-2.3376299101072657e-10,-2.1962356177153767e-11,1.4106534419454832e-10,-2.4801509916795172e-11,6.246475911859506e-10,3.441308082922485e-10,5.308086687698775e-11,-7.62452104479285e-10,-4.667480729354849e-10,-2.5523265451188857e-10,1.8440997118945013e-10,4.716300594196976e-10,1.1753955185304994e-09,4.282405212492179e-10,8.323923859284355e-11,3.52595386285865e-10,-2.909871402891737e-10,4.496350162102348e-10,-5.555034314310433e-11,2.5204931075097845e-11,6.822936034264006e-10,-9.736456432513198e-11,1.921122612022526e-10,-2.23995569688692e-10,-5.313518501779492e-10,-4.492228074684373e-10,7.924801160489032e-11,5.905322218982981e-11,-3.365779397784588e-10,2.0932260502039556e-10,-2.815531755237077e-10,-2.0232880853627678e-10,7.093122870044622e-12
L12treat_p10,-7.685676161667538e-11,7.017061779081925e-12,-2.6035787640734913e-10,-1.4701212284660219e-09,6.37146894811779e-10,1.405854815819069e-10,2.850292743931513e-10,-5.085607232107696e-10,5.025210684936547e-10,-1.8044088680449255e-10,1.0790490765574974e-10,1.4655191187823637e-10,-1.969282017230346e-09,6.23654072139498e-10,6.970161887273879e-11,9.950323589026455e-11,-2.2201946196775416e-10,5.540177371474151e-10,-9.8044824807342e-11,-1.202232663405546e-11,2.359308048754876e-10,-2.1222328290856495e-09,4.0019080977549577e-10,-1.2411129700684085e-09,5.009671241017664e-10,2.5182674614787887e-10,1.763149722618734e-10,-2.913744724062151e-10,-4.179423785432116e-10,5.562424416629445e-10,-1.9162225983458475e-09,5.306514013135388e-10,-5.42908994464504e-10,-8.532729845347443e-10,-4.504427741819327e-10,7.671038351233154e-10,-3.947742631788172e-10,-1.3921104480560297e-10,6.070112857603511e-11,-1.7689961497034305e-09,3.8968228214683397e-14,-3.574696538314744e-10,-2.768986152886028e-10,1.5580185744630246e-10,9.025219594617928e-10,-6.797418415059618e-10,-1.9890161720223194e-10,-1.807859303557217e-13,-7.539683973869963e-11,-2.459826836464623e-10,2.4334354174235e-10,-5.840956987551155e-10,-7.551335799121583e-11,2.086935762887574e-10,2.1360678398329054e-10,1.3555702870456674e-10,2.58819588308742e-10,6.888324970143167e-11,-6.980209046375805e-10,-4.779181762414067e-11,-1.964524730458021e-10,-3.2995877283839605e-10,7.573132030595995e-11,6.259650920071274e-10,-1.0561074418612156e-10,-1.692068936688368e-10,3.279693252700203e-10,-1.6410870396052437e-10,2.6534377222163195e-10,3.5263575309169944e-10,2.887286846072751e-11,-3.454156030925286e-10,-3.25063487834801e-10,-2.0092686440072017e-10,-3.938830735480459e-11,-2.9579648163590123e-10,5.662050575909169e-10,-2.606283761944348e-10,2.779894555485028e-11,5.785481836266409e-10,-1.1505556603187312e-10,2.331876456936924e-10,8.079018081420395e-11,-6.483195375737788e-11,-1.8869964089413078e-10,-3.300687184144968e-10,-8.852667293151847e-11,-2.7912834420629235e-10,5.423379976320613e-10,6.771863868989719e-10,-3.255451167845036e-10,-2.1182028616305461e-10,1.5255420232204697e-10,-7.570598106056149e-11,3.231799114250395e-10,2.2179828568916523e-10,-8.541368103123995e-11,-2.9490343767004444e-10,-4.30001823516842e-10,-1.5022410437377344e-10,-9.080519800086565e-11,-1.5825895209575796e-10,4.006410503103772e-11,-4.509681186406053e-10,2.2705239121509069e-10,8.384411715376808e-11,3.210326771578442e-11,1.3298058837453507e-10,-1.064961217676587e-10,-5.253900351501211e-11,-2.6940712512985667e-10,-3.8940208691981264e-10,4.378904436699049e-10,2.633091106325834e-10,-7.181221964288668e-10,-3.3179151949559963e-10,-3.119496430546711e-10,2.4695271527604166e-10,3.5219781050217204e-10,-2.5916812778950616e-10,-1.7330639920845511e-10,-1.3842767670821531e-11,-1.5263170410412006e-10,-5.41945923121126e-10,3.258957502731127e-10,2.443426878075816e-11,-4.102839713165109e-10,4.843752787442342e-10,1.6973427655706554e-10,1.8394089596333353e-10,-6.296922583640722e-10,2.6886041920993143e-09,2.0593940192639402e-10,5.669776295536405e-11,-2.5883123755477255e-10,-2.8920199357102413e-10,-5.187922805875869e-10,-9.013963751458945e-11,-4.859590762844603e-10,2.567714424020718e-10,-1.34348609678316e-10,-2.0596901838143614e-10,2.889516477515537e-10,-2.632734878783718e-10,9.790951083239207e-11,2.674512380848715e-11,1.3609735306580066e-10,1.5236238561976092e-10,9.859736740456348e-11,-1.0343965614789617e-10,-8.399676077123107e-10,-5.022053487126034e-10,9.638945449478743e-11,-4.0582723308225074e-10,1.266070393360888e-10,6.589466765646313e-10,-9.718488966075428e-11,1.519624509464525e-10,2.517322080272482e-10,-5.2117554810547775e-11,1.244031924710203e-10,1.5390261044955387e-10,-9.296788613580417e-11,4.870330799325212e-10,1.9401620050627367e-10,-2.9334257354537416e-11,7.933931588316016e-11,2.1478512077577625e-11,-4.061569264039682e-10,2.956799116783077e-10,1.5644480256166648e-11,-2.2036644598690595e-10,-4.9398035043436975e-12,-8.678378079444228e-11,-1.0157390522891633e-10,4.7311671289062076e-11
L12treat_p11,-4.562761844473388e-11,-4.6884151027145395e-11,1.804607401251934e-10,3.728348835080026e-09,-1.3344125558299375e-09,-8.868097235789702e-10,-5.008869515100348e-11,6.972509700796756e-10,-8.969761368714965e-10,4.5712148345373134e-10,-1.5406550057767544e-10,-5.562549554192974e-10,3.507812411291331e-09,2.0501472147340136e-10,-2.514583978902367e-10,-7.187181270341566e-13,-1.22440665473056e-10,-4.698416541915136e-10,7.748300485663358e-11,1.832041070017163e-10,-3.764920965051478e-10,4.353923159943841e-09,3.3430324014606017e-10,1.1561433944082108e-09,-2.7441407689135503e-10,-6.011795579821228e-10,-5.8655976091283426e-12,5.404533478631668e-10,4.15030865420572e-10,-9.425617127478041e-10,3.097630084741614e-09,5.893055210884506e-10,1.3967321496198136e-09,1.334769107318098e-09,1.6692028917997864e-09,-7.001476059272521e-10,5.240527164808396e-10,1.9609820454513666e-10,-3.2169020455051356e-10,4.2700774902764045e-09,1.566176354918082e-09,1.184317148904839e-09,9.222376176387515e-10,4.1436706562316633e-10,-7.43607004766414e-10,6.038484352845711e-10,6.086132884060754e-11,-8.247641310842459e-11,5.318149688301268e-10,5.826476334415896e-10,-1.3378578639341234e-10,1.3765931250715973e-09,-2.0330490626382264e-12,-4.2693488932831126e-10,-5.227134525054785e-10,-4.4485725427372826e-10,-2.407594671776046e-10,-1.7046494629634787e-10,8.290557564247935e-10,4.3419641938528936e-11,6.238782219421143e-10,2.980726590244571e-10,-2.0245748544074893e-11,-2.8460105834224997e-10,1.1149473040123086e-09,1.2671967684710724e-10,-3.7067913592371004e-10,1.1405124811326551e-10,-6.995697984341526e-10,-5.053044889874573e-10,-2.778141296771374e-10,5.092312325236019e-10,1.1488216969676182e-09,7.348454499171138e-10,-2.4139934785610846e-11,5.070887701761323e-10,-7.786019785221306e-10,1.1447388627859346e-09,-2.966683542636989e-10,-7.215860828088233e-10,1.2960136724452236e-10,-4.2057155145164516e-10,2.339964824848039e-10,-2.7718225770530627e-10,1.1131592751565678e-09,1.122407968548044e-09,-3.1204782417782755e-10,3.317800477718199e-10,-2.2684879657716308e-10,-3.2554511678450386e-10,1.3937924927270283e-09,3.5817001794391143e-10,-3.8504426981416994e-10,2.771330554217138e-10,-5.01654909520753e-10,-2.4309401547301153e-10,1.9417609060219752e-10,5.451771948704849e-10,8.804556275669211e-10,1.8210275657045088e-10,-3.787720602404245e-10,4.40699922343292e-10,-3.388421963467665e-11,1.1698416408835092e-09,-6.891149926707834e-10,-2.012238717305277e-10,-1.8228707445709347e-10,-1.9017317197080104e-10,2.504034612573125e-10,-2.2992065204457413e-10,7.118492802916155e-10,7.531101043552982e-10,-1.9576466263225953e-10,2.638231318079458e-09,1.0357500783058057e-09,1.4017373193230335e-09,-3.989256697572388e-11,-1.1186233885913966e-09,-4.2989539044075644e-10,2.638385585859925e-10,5.938912377393766e-10,8.601400887408892e-10,9.162182910942965e-10,1.807428921873327e-09,-2.8503376370213335e-11,-5.115905650651747e-10,7.26365674855727e-10,-1.5444336185864187e-11,-4.5875828002081953e-10,-3.180332782533625e-10,4.884508252400439e-10,-5.126813660915496e-09,-1.0280881309871183e-09,1.311748695910406e-10,4.9267898138235196e-11,3.63174217362264e-10,5.087253685476461e-10,2.6196177398486673e-10,3.4552006374682493e-10,-3.3158984329875337e-10,7.376862450462367e-10,3.0191085096728935e-10,5.3622563533363737e-11,8.519705730456846e-10,-8.71310094108499e-10,1.4048076521705575e-10,-4.569912705565133e-11,-5.2972483066978576e-11,1.5530043049623945e-10,9.471115765993115e-11,9.554688082431425e-10,1.141683898839149e-09,-2.372880798556847e-10,5.254479512400494e-10,-4.908308537911428e-12,-6.015250006753279e-11,8.801722345650518e-10,-6.83538699391097e-10,-1.3918669939051866e-10,8.977066633486525e-11,-2.131270511212111e-10,-4.736681082835502e-11,5.6315175853154684e-11,-5.129069604023259e-10,-5.399226874032163e-10,-1.3055697767174104e-10,-2.2937415530330416e-10,-4.826456256272237e-10,1.9635759427017596e-10,-1.1273339337875757e-09,2.0236001835856523e-10,3.615137184203352e-10,1.165607566489947e-10,1.1454319876721746e-10,1.716682596368458e-11,1.2298922072864375e-10
L12treat_p12,2.74124013543885e-10,-4.991845297551453e-11,9.217978063180805e-11,1.2548661438580128e-09,-6.086340214433448e-10,-1.986697473884553e-10,5.747047972297999e-11,-7.116350108044401e-12,-2.5328304787928596e-11,3.727472219449849e-10,-5.286045045139412e-11,-9.548244189683979e-11,1.9409223756949296e-09,1.4247149847161074e-10,-5.438180536215153e-10,-2.9633056254448616e-10,7.432550223324437e-12,8.689987702500375e-11,2.9452424477159664e-10,-1.0244802083993603e-10,1.2662165367342232e-11,1.4044960026743655e-09,-5.215285025454253e-10,1.2147055227194114e-10,-5.5339812893402e-10,-1.777207807686049e-10,2.041277910056827e-10,3.4356710325615656e-10,1.2991885976280797e-10,2.2994083224152964e-11,1.6502135336447574e-09,-5.5990235981988083e-11,-1.4248945364315382e-10,8.639272866340756e-10,1.0463656846016701e-10,-2.938311032073765e-10,3.605445168401348e-10,-1.0894336612731975e-11,-3.405819132753405e-13,1.5466516053275108e-09,-2.329570798395404e-10,3.8679887980509564e-10,2.439532791254309e-10,-1.706418436719856e-10,-1.510560780557994e-10,4.600453376099513e-10,2.7592481596813944e-10,-3.990534731678539e-11,-1.422670449349933e-10,7.184529633508531e-11,-2.273627771724091e-10,1.9686177370050053e-10,1.661160904278089e-10,-1.3427123645577428e-10,-2.905143223087984e-10,-2.672434253263229e-11,-1.880618816043757e-10,-9.748641608383873e-11,3.3816870865542254e-10,1.0939246793045007e-10,-6.00389131954174e-11,2.7157869905361272e-11,1.562282647387178e-11,-8.460833408642128e-11,1.0520065965204836e-10,2.222720509066973e-11,4.927582410310613e-11,2.0716913462428344e-11,-5.3268039049972856e-11,-1.4298654279034132e-10,-7.892573547161927e-11,3.4485072375009187e-10,3.682571119649845e-10,-1.3781579364304397e-10,-1.415315482645765e-10,8.065905955581875e-11,-2.9214043629107954e-10,8.256912757962741e-11,7.132325342997886e-12,-2.272276530255622e-10,-1.1911025660654816e-10,-1.4669088469577496e-10,-1.0496228417877886e-10,-3.9129767585691035e-11,3.643525425669114e-10,1.8171364971292556e-10,-2.881228263335555e-10,-1.1910038964655944e-10,-1.9240024730463363e-10,-2.1182028616305205e-10,3.5817001794391096e-10,5.193694076582609e-10,-1.193007904411837e-10,3.8486265540263354e-13,-1.2113682052454385e-10,-6.73725207614517e-11,-8.213286159166692e-11,2.4773882001841654e-10,3.567864984351297e-10,-8.859967437783958e-11,1.866035583098125e-10,-1.849888575174113e-11,-1.0208159981501821e-10,5.5888044123841735e-11,-1.3090594577865176e-10,-1.4603226199707598e-10,-8.595571266172353e-11,-1.8017160369736303e-11,9.277911583673218e-11,-1.0904298985614346e-10,3.2367370691295147e-10,2.878012419404752e-10,9.643667737381894e-11,1.0868038894164902e-09,7.166037141899976e-11,2.7953212652694674e-10,1.117178661653764e-11,-4.349584814052505e-10,-1.837650074771623e-11,2.5347451067283066e-10,1.6855288605461755e-10,4.678581790417028e-10,6.100647986278326e-10,6.641253744183093e-10,-1.362916870998218e-10,9.379519318181328e-11,-1.3823330975352649e-11,2.886618304978793e-11,-2.0355816113399867e-10,-8.405583318544431e-11,1.065039475549791e-10,-1.8385349618125401e-09,-3.676603249836556e-10,1.3333207461865837e-10,-1.3266181543690356e-11,3.8422547319217225e-10,1.2304724714752187e-10,3.108729327500155e-10,1.2902133453653718e-10,-4.0663990531934594e-10,1.5756765691096237e-12,3.1742607415702135e-11,1.4514634331180767e-10,1.9685767350854092e-10,-1.481462250694148e-10,-9.624613398206469e-11,-9.484574842600223e-11,7.134360319011331e-11,-2.0028389148178103e-12,-3.3693344375700245e-11,4.0087625946382324e-10,3.4843196396187527e-10,-1.5342712780831532e-10,1.3908022779441354e-10,2.3688000282204767e-11,-1.3799117496301135e-10,-4.451314100822491e-11,-7.734105401729087e-11,-1.0343042214021841e-10,-8.830117878950739e-11,-2.5142819864161304e-11,-5.854444474588458e-11,3.705801382794233e-11,-3.103865817395226e-10,-2.4281711087367943e-10,8.269581992726744e-11,2.6796120727767287e-11,-6.352875851886674e-11,7.436361690667634e-11,-1.216611877352482e-10,-9.14346770146869e-11,1.5688341484221917e-10,1.1393451369327492e-10,2.7746661256763447e-11,2.698811167099664e-11,4.8441384931803806e-11
L12treat_p13,1.884754309733633e-11,-1.3933121172606797e-11,-4.0943679932704244e-11,-1.4438949585318802e-09,5.361798144032267e-10,2.0481076568724084e-10,1.0287488460289186e-10,-4.874290337893097e-10,4.0331844704867673e-10,-1.4707453519548793e-10,8.267756842096374e-11,3.1624516439377596e-10,-1.2807627374033767e-09,2.2773853136830772e-10,1.932783155952755e-11,-5.732004790605093e-11,-2.438420550311574e-10,4.54450940178563e-13,3.361502979427133e-11,-1.557131309540958e-11,1.2551033252001986e-10,-1.9167037906994043e-09,-1.9546774929044417e-11,-1.9465066304308313e-10,2.863487232259055e-10,3.429573169996736e-10,4.1418277233539607e-11,-1.9574066999009157e-10,-1.2626990009636482e-10,3.442952053453805e-10,-1.47414780338324e-09,-5.0419399997176485e-11,-5.007539367054435e-10,-3.488209113390472e-10,-6.463295571185664e-10,3.2986100816261533e-10,-1.6425067752088592e-10,-6.437119703762108e-11,-3.444792371001727e-11,-1.8375146789450624e-09,-3.368213961790503e-10,-3.881275279713827e-10,-1.5841657747930419e-10,-1.7543529196745059e-10,1.343920764847119e-10,-2.351683716254424e-10,-1.1064877560533204e-10,-1.1797834411351843e-10,-1.904750920592527e-10,-2.672809715497347e-10,-1.2069606850418257e-11,-4.803562557742575e-10,-6.092047492922822e-12,2.3316936886531636e-10,1.8609675531964175e-10,1.506110989203758e-10,1.5585985700438975e-10,8.987085066569545e-11,-4.963724084279966e-10,2.0399146786969954e-11,-2.218212784898643e-10,-1.3088241494031248e-10,-6.578069680239276e-11,2.432220125602104e-10,-2.9451220600024406e-10,-1.2499909424189839e-10,2.0846688929616968e-10,-4.3350991412388246e-11,2.455353492290997e-10,1.8092708728413747e-10,1.1756360369091243e-10,-1.223969147353608e-10,-3.271025617507965e-10,-3.1565493268284563e-10,-1.5547191758574225e-10,-1.7974876270824072e-10,2.729027349311599e-10,-3.1233214488550806e-10,5.984317042314926e-11,4.0583281179487444e-10,-4.3593584830901067e-11,1.69550381091043e-10,9.551187866663443e-12,9.870915926165373e-11,-1.1596398286099788e-10,-3.4397946863384794e-10,-5.218876122874299e-11,-7.293045601703691e-11,2.1420226773792748e-10,1.525542023220468e-10,-3.850442698141694e-10,-1.1930079044118365e-10,3.238523803578481e-10,-1.379314606813956e-10,2.3708054837734563e-10,8.041472586360445e-11,-2.8594238666513363e-11,-3.5358732313815426e-10,-3.80446040371955e-10,-1.9181032075823106e-10,5.0040215255376166e-11,-1.7839267419073471e-10,2.791684605822636e-11,-3.4741818787194876e-10,1.4436924812791582e-10,2.7631097984291274e-10,-5.1069384773372763e-11,1.208931400797272e-10,-7.264049600500289e-11,1.0867504573381764e-10,-2.2300875786125915e-10,-2.1947046551718746e-10,3.600371646479095e-10,-6.858666725144542e-10,-3.648466531060046e-10,-3.051128442266103e-10,-1.2652667625727914e-10,2.0578852013072684e-10,1.0568420511567493e-10,-1.3189014897759623e-10,-1.2004676108218998e-10,-1.4445827158294308e-10,-4.931978976170703e-10,-6.056336007262488e-10,-1.068327412391583e-10,2.7031284150271835e-10,-5.529854566593962e-10,1.0163278627331182e-10,9.552620516816392e-11,1.3127326696302503e-10,-2.1044927389998576e-10,2.017575219028813e-09,2.6620335776302755e-10,-2.869347131061136e-11,-1.406191098459364e-10,-4.9145936859379697e-11,-1.9282348560350102e-10,-2.2518250694370224e-10,-1.9855628131587906e-10,8.902173505676544e-11,-2.4588536382964066e-10,-2.687528000589307e-10,3.8700876616936434e-11,-2.713648883947783e-10,1.9623721736378026e-10,7.172567002302451e-11,-2.9497372015070937e-11,5.311432457125777e-11,1.1368352173091371e-11,-1.5909185687432226e-11,-2.2180684437519643e-10,-4.1084204336483537e-10,-1.7546703327520325e-10,-1.2453329887296647e-10,2.578573323465121e-11,1.424286948178656e-10,-2.777456717586111e-10,2.3134890149421246e-10,1.3633374871732133e-10,-1.1827048974690644e-10,1.246394362738213e-10,3.411938843111323e-11,6.159224524359448e-11,2.0799085792047011e-10,1.9524790330825923e-10,1.3525321239250652e-10,5.491534171344636e-11,1.6719994268082047e-10,-6.690653302664824e-11,3.383722245065124e-10,-1.832571802942789e-11,-2.2450834446365827e-10,5.981832858624486e-12,-9.303370479537719e-11,-2.4633766669955992e-11,-6.836360509640413e-11
L12treat_p14,-4.491148693509423e-11,-7.409707918714387e-11,1.9369970305130808e-10,5.901513172654874e-10,-9.190518587518508e-10,-1.6618295793180085e-10,1.6918065074483536e-10,9.223822148335782e-10,-1.2244664163850799e-11,-1.5693140823247937e-11,8.109333066969678e-11,-7.309717237016559e-11,4.848275134447164e-10,-7.745468378793529e-10,-1.3305330695490278e-10,2.423171340552748e-10,2.4086640627238615e-10,-2.633092350888273e-10,-2.2351046714836504e-11,8.593499702453392e-11,-5.4920999018639324e-11,8.621268287213182e-10,-1.4720005821196877e-10,-1.1604588131325806e-10,5.490788853503346e-10,-8.554556422219615e-11,-4.63882282417543e-11,-1.1160320772100241e-10,6.56157286006378e-11,-1.1034982875798475e-10,1.1696323547255119e-11,-6.658449023320395e-10,4.330245417850167e-10,-1.2223130242935857e-11,3.2138648984987126e-10,-1.2754983478827356e-10,-9.529771703979343e-11,1.8991344238084768e-10,1.1407166267833403e-10,3.811718386808829e-10,-5.097704688274368e-10,3.555298471946987e-10,5.358253631746936e-10,8.280310144932935e-10,-1.185746967794609e-10,1.3126456241430848e-10,8.314196370856791e-11,-3.936665272873008e-11,7.170065928418045e-11,1.43505169776685e-10,1.6146973386209775e-10,2.0551718086971313e-10,-6.234051988334704e-11,3.5194813622198397e-11,1.6719106623075023e-10,-1.2486512147585258e-10,-1.0271336536054975e-10,4.713677839606124e-11,3.339892322564624e-10,-2.0617621435850685e-10,1.0563426691805206e-10,1.0115131839189122e-10,-5.190926703482982e-11,-1.566366356421509e-10,1.3077073163565947e-10,1.7324915190676e-10,-1.9946568818722093e-10,2.270872115575452e-10,-1.1106715135508584e-10,-1.180253929016321e-10,-5.938166815312137e-11,-6.781670003183785e-11,-2.309500842340275e-10,2.991331220599318e-10,1.1666425393482282e-10,-4.200865597334414e-11,5.6002460928235574e-11,1.7407474594308112e-10,-1.2340870839731893e-10,-2.0770725544771174e-10,2.832058817387987e-10,9.869665232897425e-12,-2.929476000814663e-11,-4.360955450803542e-11,-1.0155240331419371e-10,1.6423212645782765e-10,2.8816134811759625e-11,-1.1731996810326721e-10,-2.0194797164386336e-10,-7.570598106056191e-11,2.771330554217105e-10,3.8486265540198993e-13,-1.3793146068139538e-10,4.354172886711352e-10,-8.894674388799146e-11,-1.0187469254600769e-10,6.369774258051995e-11,-6.860657967453763e-11,1.6413126392728943e-12,1.0697300210558014e-10,-1.0182671570122383e-10,-3.949032093534439e-11,2.1917508281298333e-10,3.877643454978209e-10,-1.1209844069207761e-10,-1.5116075636006254e-10,2.0672985478172388e-10,-1.1173620001929828e-10,-1.803304251419455e-11,5.695465371061742e-11,8.926892214486734e-11,1.5949455841102343e-10,-5.281152238401298e-10,2.126915668573616e-10,2.331228038650775e-10,2.3766763635670295e-11,1.9278792394690693e-10,5.26504854387727e-10,-4.315812457989936e-11,1.1869399564111837e-10,1.2631272948584303e-10,-1.9977629315935744e-10,-4.829128424614852e-10,-2.873134073366126e-10,4.044336306157778e-10,2.3455812822640023e-10,6.079035411452345e-10,-1.344452693731561e-10,4.8126201313370575e-12,-1.072622013887856e-10,2.0754114818940575e-10,-8.996074436213667e-10,2.703127343670929e-10,3.502419842648766e-11,-3.94682485359057e-11,-2.632734547606434e-10,1.7088812514555245e-10,3.5601687083736065e-11,-4.9691164331306823e-11,1.8169798284407944e-10,-6.850012157563908e-11,9.9616370108031e-11,-6.663438671841622e-11,1.0804439556132022e-10,-6.971028240111163e-11,1.1341408649930071e-10,2.2697329139619298e-10,-5.249636856074861e-11,-1.0178485723917944e-10,5.747428799316361e-11,4.2642318862568686e-11,1.434283242690166e-10,4.19720734204952e-11,1.4137452065244259e-11,-5.906215732988521e-11,-2.0094144295345674e-10,4.0193438040249316e-11,-1.29849417314764e-10,-1.1127018462067965e-10,2.255430256427334e-10,-1.1538050330246631e-10,1.2847281061695938e-11,9.19345643799748e-12,-7.485941003880816e-11,3.58690210411168e-11,-9.194932005657622e-11,4.313602191368966e-11,1.2058430777911441e-11,7.892838513673375e-12,-1.4474569080808372e-10,5.299106695430209e-11,8.060447236830588e-11,-2.0404024849122244e-10,8.341289431357292e-11,4.5850426201844014e-11,-1.3341588751324964e-11
L12treat_p15,-3.015900700790242e-11,-5.767598570940483e-11,6.746023263494787e-11,-2.1965817634564282e-09,8.74830632595391e-10,2.560017667373848e-10,4.022977131195779e-10,-6.344160676002924e-10,8.78184588138606e-10,-3.6663731707002276e-10,7.845993487642069e-11,5.624808056037172e-10,-2.670144394152922e-09,3.688035692827448e-10,-8.545913601241616e-11,3.332788827597978e-10,-3.029393623223793e-10,4.626123941331591e-10,-2.920300266360709e-11,-1.4332799779813715e-10,7.091338266668131e-10,-3.514396728067265e-09,3.75343092948258e-10,-1.3598880606002996e-09,5.303850009376362e-10,2.154495308639583e-10,-2.4849756731451564e-11,-5.433195931236651e-10,-5.418189592566671e-10,1.0888955516077143e-09,-3.2262410825361714e-09,6.271177111171871e-10,-1.2140733110288164e-09,-1.3193711193821126e-09,-7.617112714171111e-10,8.608239164927305e-10,-4.800888544072542e-10,-1.6280642800783333e-10,5.029902691184951e-10,-2.8326793273342966e-09,-5.328780861584344e-10,-1.1000249041118886e-09,-3.136671792269389e-10,2.278006337522455e-10,4.78715834998494e-10,-3.0816230115907087e-10,-2.8558566414692627e-10,-1.5661011409072795e-10,-1.9723651529035197e-10,-2.9273430652303594e-10,-2.7425825221891823e-11,-7.414746414718748e-10,-1.418103553103998e-10,3.1707694530943456e-10,4.921645466528227e-10,3.308648671771815e-10,1.1421619908846775e-10,1.962627722235597e-10,-5.427690681423845e-10,6.017048042713305e-11,-6.271380460859868e-10,-3.296029531862814e-10,1.4244302476065535e-10,4.991507347069973e-10,-4.2612503843306803e-10,-7.562533707457654e-11,4.3574311695336133e-10,-1.6646120485886505e-10,5.578982511919893e-10,4.0932686579156347e-10,2.609402043293735e-10,-1.4344081908782255e-10,-5.820387176634793e-10,-5.534581806243921e-10,-3.412892434137968e-11,-2.3088056613358655e-10,5.361829493746594e-10,-4.6309952434899054e-10,6.791347184778428e-11,5.934252348564068e-10,-7.858541711873817e-13,4.982662824148137e-10,-8.642774966682928e-11,9.820502641770199e-11,-3.035233063694895e-10,-4.0770447813402467e-10,-2.244641697318587e-13,-4.3266218669500603e-10,5.729724629507589e-10,3.2317991142504166e-10,-5.016549095207586e-10,-1.2113682052454574e-10,2.370805483773468e-10,-8.894674388799246e-11,7.439429653606915e-10,1.5422376497428552e-10,-1.0519482854210019e-10,-3.235253079507038e-11,-5.849058195334058e-10,-2.971069252524875e-10,-4.826533625172778e-11,-3.468463016311393e-10,-7.29321231574638e-11,-6.044702562776272e-10,4.175789853938637e-10,1.0827816340864662e-10,8.95210193356351e-11,2.7193149606390585e-10,-2.431166417307749e-10,1.7372834356861376e-10,-4.895182802077516e-10,-5.831059055036946e-10,5.499681008434854e-10,-1.0564018607960218e-09,-6.262671791748557e-10,-8.060707600996629e-10,7.282057221697e-11,4.3864585635878294e-10,3.859743186242456e-10,-2.9931347099172294e-10,-3.3889466794128733e-10,1.1134081580879739e-10,-6.497699071348046e-10,-1.2087658010079618e-09,6.534386449652245e-11,4.0648851025035577e-10,-6.315002483633895e-10,2.7728674095642374e-10,3.104818570764555e-10,2.7386051099416793e-10,-8.108939548288651e-10,3.7423941646583274e-09,3.9740269202318217e-10,2.440216540208891e-10,-2.9780967758443016e-10,-3.3628652120248646e-10,-4.757519042122661e-10,2.071246236641787e-10,-5.317890320741558e-10,-2.43283831701395e-10,-3.782253145545821e-10,-1.779643460968931e-10,1.9787490754733702e-10,-4.0118015928106294e-10,3.2442756827976254e-10,-5.250454381247094e-11,1.442197677925489e-10,2.804353132777831e-10,4.284772032881249e-11,-2.4721477620215166e-11,-3.4388981156474114e-10,-5.948052227896841e-10,-9.945424741172591e-11,-1.3379313483627634e-10,1.7857047372238284e-10,4.017320994354264e-10,-3.023257874386076e-10,3.9183656156647385e-10,-5.7769827827863225e-11,-5.5287062352888446e-11,3.25833380128644e-10,-1.0569486619692981e-11,3.9655482567425484e-11,2.580107849260025e-10,2.525022131265057e-10,2.0418948129685692e-10,1.105874250676237e-10,1.0774383925970815e-10,-2.595439981854547e-10,5.0503414300492e-10,-1.0642258099316757e-10,-2.24900664245446e-10,-9.378023116073088e-11,-2.611871263090921e-10,-2.2115030807640255e-11,-9.217870184727484e-11
L12treat_p16,4.661752852478657e-11,1.6550987936392862e-10,-2.553074925370646e-10,-1.0118826864399482e-09,7.548124928818933e-10,-3.706224963503367e-10,1.2197354886867732e-10,-5.328006199606283e-10,3.7977590530791877e-10,-5.129242770645085e-11,1.6939377572445037e-10,1.6952603579118536e-10,-1.2609701737445901e-09,7.445195230943005e-10,-6.595417410804441e-10,2.3237274241900348e-11,-1.4827831250067403e-10,4.236837285051103e-10,9.073920857341032e-11,-1.0729779982827186e-11,2.384527125463783e-10,-1.5182404636256851e-09,8.650378448747825e-10,-1.2084502365989782e-09,2.926927870646885e-10,3.8204284904243814e-11,1.1684120973428182e-10,-1.4520016279037642e-11,-1.6241128862238034e-10,7.166823453489735e-10,-8.240402848429152e-10,6.551543597850054e-10,-9.542807602810321e-10,-6.242621113217719e-10,-3.613518292850544e-10,4.157437319653526e-10,-7.90086485321039e-11,8.51543369315034e-11,3.688889406341456e-10,-9.399290431785895e-10,7.340064628211526e-10,-6.519174439130359e-10,-1.3104865771070112e-10,-1.2133930352668987e-10,3.9158498715627036e-10,-2.0142684879713983e-10,-3.599775566487808e-11,8.361971506545056e-11,-1.8522246937928155e-10,-1.3785437223581767e-10,1.219119813240138e-10,-2.6974290769232044e-10,2.007305364308799e-11,1.5067382169617155e-10,4.5034254109131546e-11,9.035231557602088e-11,1.9060689919333315e-10,2.0000717198703442e-11,-6.159774318226279e-10,9.380247208119946e-11,-1.6930386282391273e-10,-1.1204528086944451e-10,1.61726722173554e-10,2.959160341678163e-10,-2.088595371107519e-11,-1.1273666998785263e-10,2.591540917037978e-10,-1.4559261950710864e-10,1.833828923239818e-10,2.4929470551809666e-10,6.675394279710695e-11,-1.6103095086530837e-10,-2.493498521976342e-10,-2.3970295347218194e-10,-5.295127813573771e-12,-1.6864631895597867e-10,2.607403220188973e-10,-7.938924251996462e-11,7.275230636530685e-11,4.3012502354230573e-10,-1.7947449461068925e-10,2.406617325480258e-10,3.1581549996691936e-11,-1.0851290022248165e-11,-3.265000139140659e-10,-2.624531750299871e-10,-2.6892624572303518e-11,-2.24163931399285e-11,3.517501772348298e-10,2.2179828568916634e-10,-2.4309401547301127e-10,-6.737252076145155e-11,8.041472586360562e-11,-1.0187469254600867e-10,1.5422376497428482e-10,3.380090371248614e-10,-6.427272358347977e-11,-2.73365836505964e-10,-1.6855992648215728e-10,-3.376444084785626e-10,-4.0752512696945055e-11,-7.825137628187832e-11,-5.2010286906205306e-11,-2.899564393572554e-10,2.1524731066224288e-10,5.736528873620888e-11,-3.2850189510921587e-11,1.612686900929142e-10,9.720072005940864e-11,9.187294872073675e-13,-4.8816226582666255e-11,-1.0199396672230129e-10,2.7870516135298263e-10,-4.3225623911298905e-11,-3.5778169727068567e-10,-5.262057787301369e-10,-2.005591199799544e-11,-2.0394876304061857e-10,3.693232845023656e-10,-7.833813907918266e-11,-7.07903146895178e-11,-1.9898854247059197e-10,-1.4960855085318786e-10,2.5879091971776e-10,1.1084289032958778e-10,1.3372323381993115e-10,-4.2189096711011705e-10,3.5080992351143646e-10,1.532558751077042e-11,1.3996175550762813e-11,-3.6145141161733207e-10,1.7566633092373557e-09,-2.813150073193517e-10,5.350215397920839e-10,-2.541999412157284e-10,-6.612025932722506e-12,-3.488916131366024e-10,-1.687158437703205e-10,-1.2198682471170562e-10,-9.862976564486244e-11,7.26614211243936e-12,-3.653122455108514e-11,9.397648751563831e-11,-1.7044545682201177e-10,9.348645630956344e-11,8.558328392874359e-11,5.987773408392935e-12,1.8969604447484388e-10,1.17694398192572e-10,-6.462069339709378e-11,-5.481050959496352e-10,-2.3034328767072694e-10,3.147797990059693e-11,-2.3496148011227428e-11,4.942625426423183e-11,4.1693577589164234e-10,1.3715413658158802e-10,1.3615535910301228e-10,2.403337458864667e-10,-1.1349568565852654e-10,1.9277569579879675e-10,4.121389783833406e-11,-4.64215008548e-11,3.678337862611689e-10,-2.186845817906809e-11,3.719401936878306e-11,4.742494970305892e-12,-5.698693776473146e-11,-2.487391378155929e-10,1.4300012858481573e-10,-4.997570996854905e-11,-1.6100354985515107e-10,5.253655117408228e-11,-9.077214989725334e-11,-1.4191281150774644e-10,2.1648779723536165e-11
L12treat_p17,-1.1184813059738579e-10,6.079522201122e-12,-3.071342046270085e-11,6.619492260686592e-10,-3.9824048491608056e-10,-2.1769043622090269e-10,-8.615117249162694e-11,2.758452008928475e-10,-2.491641909414479e-10,-4.77637122401647e-11,-5.85127045404699e-11,-1.495270897766863e-10,4.616402334395367e-10,-1.6160304489644633e-10,1.1270863265632974e-10,8.532169566227182e-11,-4.4968410505742654e-11,-2.880736040673102e-10,-1.0093201069918808e-10,1.195119498695825e-10,-1.687510010181414e-10,7.749966140593307e-10,1.1002768691199067e-10,4.7643967871055e-10,1.118502546865048e-10,-5.857941336283111e-11,-6.254849685129602e-11,3.1350692941548174e-11,1.1454891111095982e-10,-3.678891582831401e-10,4.897619867798766e-10,-1.0085091018747376e-11,5.082083480161152e-10,2.7604808470282114e-10,4.763695929683916e-10,-7.673734624337567e-11,3.697772242368345e-12,3.689041079351737e-11,-1.6884663977481956e-10,6.646836358589242e-10,3.0206878582509616e-10,2.0466579722782113e-10,2.7426665240213425e-10,1.249186276252295e-10,-2.2423075256982322e-10,1.0902700179782062e-10,3.473247507791242e-11,-7.769579364879705e-11,2.143592825689602e-10,1.9881438269274786e-10,2.9836067670685545e-11,3.111429808052548e-10,-5.586094637856232e-11,-6.494699226749965e-11,-6.069565824329232e-11,-1.3205284027812817e-10,-3.6842529986032027e-11,-2.701626090499671e-12,4.8206910308290764e-11,-3.1839610634738807e-12,2.791399858985659e-10,1.942130662291488e-10,-2.245795617584886e-11,-1.3425063046925017e-10,2.0872540267404072e-10,2.562484110604409e-11,-2.0393017960802665e-10,3.8352845720287225e-11,-1.7599556518661924e-10,-1.0276229233106318e-10,1.2645281772379366e-11,5.4639365222157235e-11,3.1763558794597126e-10,2.5697746269982615e-10,-2.0498846516489064e-11,1.0013751840773436e-10,-1.3182270773288312e-10,2.63159190319869e-10,-5.773630975844762e-11,-1.6619165078965097e-10,1.0226619504406914e-10,-1.208104547667189e-10,1.2782204107821423e-10,4.853112896366702e-12,2.4168465268609546e-10,3.2277002990705193e-10,3.398691439524946e-11,2.6729946857082305e-10,6.455947543108257e-12,-8.541368103123979e-11,1.9417609060219733e-10,-8.21328615916667e-11,-2.859423866651298e-11,6.369774258052082e-11,-1.0519482854209709e-10,-6.42727235834794e-11,1.4883406449540223e-10,1.660541785334332e-11,1.8708724211873471e-10,1.0398466624899992e-10,-1.520785120240487e-10,1.6728443227851943e-10,4.199333293391635e-11,3.3246067642407297e-10,-1.1520924921597193e-10,2.914907587477321e-11,-2.670573725302293e-11,-9.512899772951012e-11,3.207463160382611e-11,2.285881050046155e-11,7.173745489781866e-11,6.610848946312243e-11,-1.3588730394531163e-10,9.708676341705624e-11,1.3746432000667307e-10,3.126343519542145e-10,-5.650270561051166e-11,-1.7524696594287817e-10,-1.4116896399743149e-10,-3.956714892209419e-11,1.010752973632132e-10,-2.2601755244017046e-11,-8.66227247885779e-12,2.1765647292594914e-10,-6.173363905894823e-11,-9.210740235950734e-11,2.517448710310124e-10,3.259148242963391e-11,-6.284787751287353e-11,-4.753250273748582e-11,1.9465692315166356e-10,-1.00226921237614e-09,5.980777595207992e-11,-3.153246029277782e-11,5.0387506788962924e-11,-2.6844059410813863e-11,1.3274143972377953e-10,-8.934450073589786e-11,8.992625505955323e-11,1.1370562422307751e-10,2.3516636392880546e-10,1.1779144427180027e-10,-9.79098718343863e-11,1.1801851403539677e-10,-1.365074050227375e-10,7.468006161111205e-11,-6.489575526575837e-12,-3.9804757185431715e-11,5.001041795218812e-11,9.390125264369093e-11,1.8734263184854477e-10,2.95163004237463e-10,-5.084732988158052e-11,9.481168057246214e-11,-7.605289974414872e-11,-3.626463004188585e-11,2.2367644589954615e-10,-1.6540039805204502e-10,-3.74740433768319e-11,2.918243017479061e-11,-3.8858218888402105e-11,5.894610581774777e-12,8.724590615147507e-11,-7.09400358348377e-11,-1.1406432070495146e-10,-5.991351443091071e-11,-1.0240092082349818e-10,-1.2025944245232473e-10,9.508806358802833e-11,-2.5822991084355016e-10,8.330487301572735e-11,6.657737379229005e-11,4.302403760861692e-12,2.600870858783167e-11,6.021527290584749e-12,-2.9074714369637454e-11
L16treat_p5,4.4449790576140816e-11,-4.3308253939240143e-11,-2.459739928662606e-10,4.941522552524784e-09,-7.344004883760649e-10,5.433760524227655e-10,-5.100291222929906e-10,7.809972114904017e-11,-1.01958040798393e-09,3.9637986655886436e-10,-5.369329770301767e-10,-1.1595632951906122e-09,4.4844717724343364e-09,-1.2636892956630984e-09,8.984354440487915e-10,-6.834324779197577e-10,-2.1673539288109254e-10,-1.465843036115925e-10,-6.757132894250515e-12,-4.08469509815786e-12,-4.12368376388796e-10,4.853808547992121e-09,-3.6074348796225863e-10,2.4638168790753606e-09,-1.5698161015505995e-09,-3.7369220233620125e-10,-2.1781368197270153e-10,5.832436742755883e-10,2.2842611251444222e-10,-1.3531238166205127e-09,4.3764855186422595e-09,3.674143173273042e-10,1.5491779110560495e-09,8.943252128493403e-11,1.2147637146680435e-09,-6.256195317531515e-10,5.921680594948864e-10,-4.7142275700300134e-11,-3.472514840862427e-10,4.627867393340444e-09,5.785651120937158e-11,1.1220440828293235e-09,-3.07935646230252e-10,-3.38929711859014e-10,-4.200698203836003e-10,7.932865551397188e-10,-7.094511732214825e-11,-3.6093347786702854e-11,3.5742285271490957e-10,4.284135726468466e-10,-3.388591582151145e-10,9.701046552147917e-10,-6.971435570725209e-11,-6.339262620751268e-10,-3.88715069385393e-10,-2.3753316299579855e-10,-2.392101977121345e-10,-1.5421500080720288e-10,1.1646396869761289e-09,-4.679719657249119e-11,3.3622745037566547e-10,1.0196351995841382e-10,5.804098514651636e-11,-5.70498790489344e-10,3.131043231688681e-10,1.1950237265965252e-10,-3.4350541272661225e-10,1.3412098137887743e-10,-3.7107016203621016e-10,-4.224593691318089e-10,-1.3910849042026857e-10,9.075896226285684e-10,1.2278678717284132e-09,3.6565442059477767e-10,-9.311217184343972e-11,5.009368944819657e-10,-9.724917795169895e-10,5.256421027996484e-10,-2.454159926415462e-10,-9.894490326080775e-10,1.853054292608526e-10,-4.310823635166968e-10,6.841666953462761e-12,-2.1491354399420768e-11,1.0287048804180364e-09,6.229568976669048e-10,1.7033733604694e-10,8.027539059522972e-11,-3.9820100878583176e-10,-2.9490343767004527e-10,5.451771948704855e-10,2.477388200184183e-10,-3.5358732313815473e-10,-6.860657967453724e-11,-3.235253079506808e-11,-2.733658365059657e-10,1.6605417853343358e-11,1.818086363521183e-09,6.759422189238334e-10,3.263360160703574e-10,-2.6233128970326314e-10,2.3156999569809852e-10,-3.3151029097249626e-10,2.2361808566999233e-10,-1.9335302905562373e-10,-4.90795232928385e-10,2.6975513061384285e-10,-1.233550701499989e-11,-8.41668751242181e-11,-1.824695121259269e-10,2.811692558058265e-10,1.668178012031395e-10,-7.851137377833739e-11,1.5717823217740848e-09,5.044049983091369e-10,1.0334447448123876e-09,-2.4956911840506204e-10,-9.937460300366829e-10,-2.7498291504605687e-10,1.55044249366747e-10,6.571110938454312e-11,7.005060092383861e-10,2.961586407641724e-09,1.9609265491911224e-10,-1.9214174818086017e-10,-1.087706596819529e-09,8.62019421551628e-10,-3.401226330997754e-10,-2.473106288025917e-10,-7.487953162810098e-11,4.035006972396797e-10,-5.592647423255157e-09,8.298866770296485e-11,-5.894595810211905e-10,9.627472335844894e-10,2.1644511271103748e-10,4.712328914758848e-10,6.133102264577937e-10,3.6413593511947474e-10,-9.702594071498192e-11,4.725363517495352e-10,5.554360780775599e-10,-4.8903779788593274e-11,5.01864524302375e-10,-3.2208862642825125e-10,-3.790340579699181e-10,-2.438457138119194e-11,-2.663874578638532e-10,2.2330593154660045e-11,6.586908332613776e-11,1.411104161502026e-09,1.0377456870545915e-09,1.642805740506833e-10,-3.2952139638896133e-11,-3.519425530902582e-11,-5.529597902878727e-10,2.855380500972946e-10,-3.047041156663483e-10,-6.129676647352916e-10,1.9805872922992221e-10,-1.8699849308976686e-10,-6.0552140230976e-12,-4.7032837748293904e-11,-1.0219186622654537e-09,-2.3753119979280576e-10,-9.99151254176544e-11,-6.007847369100324e-11,-2.8541375600742754e-10,3.8131388142325665e-10,-6.009064873444076e-10,-7.421780891539837e-13,5.147977029544496e-10,-3.428865081799726e-11,4.564972454502094e-11,1.4759428041377892e-10,5.991403661013882e-11
L16treat_p6,1.5705827868596666e-10,-4.251519255267215e-11,-3.7694742845009913e-10,4.391746615456004e-09,-1.6378043782154057e-09,-5.57527523693223e-10,-1.4394152417035753e-10,2.743931523091884e-10,-9.80059246032992e-10,5.912332887307715e-10,-2.802105039929547e-10,-8.103679011970292e-10,4.67003485111308e-09,-2.4363696186533054e-10,-6.521893790094959e-10,-8.088815989209946e-10,-3.23253350902015e-10,-3.7954959372703e-10,1.8558093682147215e-10,2.0526211529469711e-10,-6.418811333855096e-10,4.971616656407374e-09,-3.6374740170079786e-10,1.3618333843507217e-09,-7.398689833990436e-10,-5.235032457185016e-10,2.340273096591651e-10,9.718419411418757e-10,6.551235592174998e-10,-1.463114482252273e-09,4.677576934958639e-09,-2.8200544516025504e-10,1.2227129970383877e-09,1.7004244735017747e-09,1.0487310564681407e-09,-5.800842914858689e-10,7.997472224089549e-10,1.3876597503920292e-10,-5.120206564089e-10,5.2429622778215165e-09,5.528289666840148e-10,1.5483690016236435e-09,6.014213933298578e-10,-2.0875808226564024e-10,-5.136983744454443e-10,9.903145078132115e-10,8.424726878040564e-10,-1.3469983146360113e-11,1.492878102699058e-10,5.352280167241449e-10,-1.7205169438789035e-10,1.199311173154299e-09,2.3357855569033796e-11,-4.949116042871088e-10,-6.640874690618288e-10,-3.39686561635129e-10,-3.834686973276287e-10,-2.4191583857621305e-10,5.650560722002197e-10,3.6779399874255644e-10,7.855441015576954e-10,3.540570861956934e-10,-6.819233699009772e-11,-6.671314932087837e-10,6.780683941501044e-10,1.0475648764704253e-10,-5.129830253342196e-10,2.4756817151086864e-11,-6.170820439984215e-10,-5.122364807320332e-10,-1.9247429008078718e-10,8.616512826728767e-10,1.945416813875739e-09,4.997786699783663e-10,-3.3833030772523253e-10,3.5517898315944113e-10,-7.58280842239073e-10,9.65537685151738e-10,-1.9126978531821496e-10,-8.754271104937152e-10,1.4321105828335081e-10,-5.69438062055784e-10,1.3364864687278595e-10,-6.757614287717229e-11,1.0075581398461545e-09,1.3041862971739793e-09,-1.0883847380368188e-10,6.176928807587736e-10,-4.475505006571018e-10,-4.300018235168414e-10,8.804556275669221e-10,3.567864984351312e-10,-3.8044604037195526e-10,1.641312639275372e-12,-5.849058195334028e-10,-1.6855992648215994e-10,1.870872421187342e-10,6.759422189238339e-10,1.696608607994471e-09,1.887556700407244e-10,-1.1608265460908305e-10,4.479665829827363e-10,4.4260055763432747e-11,9.393470789050007e-10,-5.610516213303895e-10,-1.1432989664354568e-10,-1.0801799669990481e-10,-3.197833324860912e-10,3.307856170479446e-10,-1.877294709343452e-10,8.779135290553436e-10,8.706400450448957e-10,-1.6307684212777577e-10,1.9347264796664316e-09,8.003633786120735e-10,1.2622307858406047e-09,-3.976162626953124e-10,-1.5449547460074093e-09,-5.991686003789796e-10,3.1251395083347567e-10,3.872258148879818e-10,3.4705966474650424e-10,1.8813540192546917e-09,2.0360910688561376e-09,-1.2629983412172954e-10,-3.6984638828245967e-10,5.004929180239397e-10,1.227602208148105e-10,-6.062669434353685e-10,-3.3898166726450053e-10,8.138871517229098e-10,-5.930543757576363e-09,-3.55446338538994e-10,-7.667225467837722e-11,3.2767366619207217e-10,5.854163397785531e-10,4.2459542307387215e-10,1.2670139479165623e-10,7.723766691039254e-10,-3.56964796333608e-10,6.053193954849416e-10,2.9627221268430704e-10,4.661339996141606e-12,6.549317136478676e-10,-5.797867297370588e-10,-3.826481258036252e-11,-1.7408344344300122e-10,-1.966115743757011e-10,1.3293665549959579e-10,1.3015204960776307e-10,1.115432057013336e-09,1.6683051868872628e-09,-6.353065763291705e-11,3.681567958884334e-10,-1.8695257212924438e-10,-2.683450850789606e-10,6.970845138567321e-10,-5.862518609823081e-10,-2.2047572001418835e-10,9.723767528172755e-11,-2.51455311207829e-10,2.453290179459443e-11,1.6214495241029558e-10,-6.843133519410482e-10,-9.624579834249485e-10,-5.747921411997647e-11,-9.913256543923477e-11,-3.639839323786269e-10,2.90642741018585e-10,-9.223603954062406e-10,7.95556399794605e-11,4.6393674917119677e-10,1.6378694905690227e-10,1.7324726889810318e-10,6.399182560719095e-12,6.139912516736897e-11
L16treat_p7,-2.0678528299324014e-10,-1.566209443045878e-10,5.608730022118154e-12,1.0606806483402062e-09,-7.970700291749858e-10,5.363757010561118e-10,-2.792983724440356e-10,7.793646525532407e-10,-7.423914162938057e-10,-9.482621878974237e-12,-2.4841340147740586e-10,-5.963306419092014e-10,1.1993362286741594e-09,-1.0968720904039222e-09,1.2866752826379141e-09,1.3217253471669596e-10,2.7572351859952503e-10,-2.9584674892078554e-10,-2.8785872934439754e-10,-4.667970029438155e-11,-4.136076159647867e-10,2.2714643722784224e-09,-9.854569337182126e-10,1.1072471211409886e-09,-5.020193356308975e-10,-2.2351363011533925e-10,-2.141597978073261e-10,-9.407254689119158e-12,1.6812803805974825e-10,-1.0275955361745858e-09,1.2383976337992755e-09,-7.512492218703179e-10,1.4802573839077968e-09,5.984167755079532e-10,6.684142615961988e-10,-5.660118120494947e-10,3.376192602614145e-13,-1.8251390872877014e-10,-6.636214513292937e-10,1.0650219557001687e-09,-7.185752699352421e-10,4.486900179913822e-10,1.3103368075520097e-10,7.990016715444124e-11,-1.0910566186262143e-10,-5.25241153045673e-11,5.545137926051497e-11,4.178904545554381e-10,5.266927261003534e-10,1.89190728300714e-10,1.3253335678562879e-11,2.905987824077417e-10,-1.3232063677637972e-11,-1.9320457203567867e-10,-4.858715633035999e-11,-1.7589287394555892e-10,-1.3464785291205094e-10,-3.901262377840546e-11,8.798322214698423e-10,-4.2244732580596146e-10,5.821295163684675e-10,6.164018221342495e-11,-1.900083294829307e-10,-2.8885693200539377e-10,3.314119700889522e-11,1.8381995165562325e-10,-3.2704502320767036e-10,1.6690854502880535e-10,-2.9976756016151904e-10,-2.083089956335461e-10,-9.13956348710042e-11,-5.419628208254015e-11,2.4362462121608835e-10,9.183911704310353e-10,2.914612173769762e-10,1.771930453249909e-10,-2.84076062553761e-10,-5.865646731506686e-11,2.1954791421195614e-11,-5.579596003608758e-10,1.0971110003623468e-10,-3.663219525473949e-10,4.1325744882434584e-11,-5.253667967470444e-12,1.714211160133673e-10,2.2676928951533658e-10,3.793797742304402e-10,1.0413569070431275e-10,-5.235353487035156e-10,-1.5022410437377522e-10,1.821027565704519e-10,-8.859967437783915e-11,-1.918103207582311e-10,1.0697300210558018e-10,-2.971069252524877e-10,-3.37644408478563e-10,1.0398466624900002e-10,3.2633601607035684e-10,1.8875567004072825e-10,1.047891487544694e-09,6.605560754931438e-11,1.8533891999354592e-10,-7.786068320426276e-11,1.982619715528747e-10,-3.6200116792834546e-11,-2.2838007006375882e-10,1.6031901466073658e-10,-1.856752109295549e-10,-1.3168551505088827e-10,-4.979767281740026e-11,-5.602104151654816e-11,-1.2825482271060008e-10,-8.798793132310591e-10,-8.453328975506248e-11,1.0030408509491628e-10,5.384951251143154e-10,-1.4464768019205333e-12,4.459380807122481e-10,-3.664680609784602e-10,6.28807154767244e-11,-1.5748004972435457e-10,-5.759674398711026e-11,4.5471759605723055e-10,-5.84851336175659e-10,-1.2196684436274037e-10,-6.360547116519317e-10,9.544705891154685e-10,-5.126348497943714e-10,7.758481152624544e-11,2.621747580289812e-11,5.143731103182752e-10,-1.9954239967948444e-09,5.426226902479103e-10,-5.521302668415518e-10,4.2884220756861236e-10,-1.208566412355634e-10,4.137504896120054e-10,1.9573157404048415e-10,3.482746890212535e-11,7.000219185116683e-10,2.464410910127587e-10,2.3074614826136e-10,-1.9724280217641512e-10,1.5172439245270897e-10,1.2920679292343343e-11,-1.5975524910076884e-10,5.1231024502484386e-11,-2.77867396531865e-10,-1.7381143707283787e-10,7.443316330907901e-11,3.1376748361291397e-10,3.537889743794156e-10,6.795875192460344e-10,-1.4039148221239926e-10,-7.47436760901528e-11,-5.398438386001666e-10,-1.8234429338057358e-10,-2.739807202029652e-10,-2.3940270043483386e-10,1.4951165498695134e-10,-3.730822150942468e-10,5.880928332778185e-11,-5.230380657378509e-11,-2.7943383202740245e-10,8.133269516060871e-11,-5.208247912063821e-10,-1.053733825703581e-10,5.165033325685928e-11,2.556883633034994e-10,-1.2830322398177053e-10,5.847993827608406e-11,1.9362929118617568e-10,-8.198275554045e-11,1.8167015904264842e-10,1.3783610139722116e-10,5.7649419223214124e-12
L16treat_p8,1.6092124235325671e-10,-1.4652816498325174e-10,3.5582926556979135e-10,-1.1184576241170996e-09,1.6891558127440083e-10,6.628184776128418e-10,-8.08679520778187e-11,-1.1280822878442369e-10,2.9958052542727836e-10,-5.881405124999605e-12,-1.208438891826851e-12,4.5501711328718256e-10,-3.854716057635815e-10,-5.234829108989468e-10,-3.0465534092534186e-10,-1.4806721259756813e-10,1.8919104090973854e-10,-3.9727880667147846e-11,6.475858692404723e-11,-2.505530093775071e-10,1.7133665757297832e-10,-8.425859781132105e-10,-1.3161247162503997e-09,-5.0312657027340647e-11,-3.174353072793624e-10,6.405521850795138e-11,1.1136656184092933e-10,-5.013869183242823e-11,-1.3330006399183987e-10,3.1458806382823017e-10,1.3295089779368477e-11,-8.06433062597797e-10,-5.556097030450126e-10,5.29151749109321e-10,-9.172500055440994e-10,-3.0525907850423864e-10,-4.5033932510287856e-11,-2.7980533593173246e-10,1.0193394012278382e-10,-1.0249130960345266e-09,-1.4343426979981783e-09,1.4803980801388464e-12,-2.3529628665917867e-10,-7.179633145390563e-10,2.985125140433603e-11,3.5016058006969253e-11,3.129718021020322e-10,2.1577247946697803e-10,-1.9736228283599444e-10,-2.1899099021698478e-10,-6.487262830782469e-11,-3.8174451549799227e-10,1.5086146636726583e-10,5.318321878027464e-11,4.638493690524712e-11,2.1639690563445972e-10,-9.817072673387181e-11,5.0337018748496215e-11,4.949240491233026e-11,-1.1841226854137338e-11,-2.2898043349438396e-10,-2.5438653550978436e-11,-1.0905976381571155e-10,3.6539354971673516e-11,-5.36732547175941e-10,6.385613237210157e-12,1.4574430788449065e-10,1.201792658447064e-10,1.770085751147989e-10,-8.440118557122265e-12,4.1771405408741404e-11,-7.072166998117021e-11,-3.7086850051392516e-10,-3.7052621251706344e-10,3.142289175966742e-10,-1.7198954556066497e-10,2.0023673791004299e-10,-5.306121816961949e-10,1.7915777282075333e-10,5.498788516599087e-11,-1.6624378591445062e-10,-5.5090058583883764e-11,-3.0807894855873075e-10,1.9969578259144975e-10,-5.622455113881208e-10,-5.723989521750408e-10,9.352635856358282e-11,-1.2447906579820586e-10,-4.0280000670272034e-10,-9.080519800086575e-11,-3.787720602404233e-10,1.866035583098122e-10,5.0040215255376166e-11,-1.0182671570122478e-10,-4.826533625172984e-11,-4.075251269694539e-11,-1.5207851202404878e-10,-2.623312897032677e-10,-1.1608265460908235e-10,6.605560754931579e-11,9.643266980027208e-10,-1.9443457756754342e-10,1.1027047364868447e-11,-5.171738575691421e-10,1.8008539907549107e-10,7.557077033727797e-11,-1.931886682025271e-11,1.6855672950712615e-11,-8.001114198875852e-11,3.9067221928641416e-11,-1.7840709462903342e-10,-9.227634563224936e-12,-2.443393914927455e-10,-9.942455087381846e-10,-3.6736548273808727e-10,-5.577677261944908e-10,6.852269607848923e-11,3.90209363297587e-10,1.5068464288796442e-10,9.975045396329022e-11,-2.931941578550395e-10,1.5450209220794174e-11,-4.40061185501721e-10,-4.3678598470994204e-10,-1.458259963617361e-10,1.5193195481748548e-10,-1.6617602629162975e-10,-1.3647375339604514e-10,1.9053858257108929e-10,1.5953631070163698e-10,-4.4351168359911057e-11,9.467212802305765e-10,4.2573502920045943e-10,-1.7259585199479358e-10,2.4389131807906592e-11,2.9874188975005056e-10,2.4673908043046112e-11,2.1298423997372333e-10,-1.1586393682023101e-10,-1.6864631295859865e-12,-3.5400517995655325e-10,-9.896790709943132e-11,5.5222765558077864e-11,-1.0891387014069648e-10,3.790610106311463e-10,-1.572820209317374e-10,-7.787170663075105e-11,-7.38815635068763e-11,-1.922683638121533e-10,-3.4642588307532857e-11,-1.8425604245318012e-10,-4.646084118151774e-10,1.8714773247685324e-10,2.7165782427156278e-11,3.619612200213772e-11,-2.1415687143862909e-10,-5.766216172026169e-10,2.920812462500496e-10,9.173005264491804e-12,-5.1447596288331395e-11,-3.278200251417141e-11,-4.2519180206170603e-11,2.967662865316488e-11,-5.0192694464334626e-11,1.4890877197844315e-10,3.0332582972567555e-11,1.6997840719478727e-11,3.3526587553225335e-10,-2.53079773724454e-11,4.72126221967598e-10,-1.5952252090066965e-10,-4.843885012625157e-11,-2.4461836429138218e-11,5.823756516804997e-11,6.701574893620623e-11,-7.396389712528254e-11
L16treat_p9,-2.213543503226117e-10,9.574292493904494e-11,-1.7681218064308697e-10,1.0910323599678697e-09,-3.131744767588526e-10,-4.1245416123166907e-10,-1.6048658370647576e-10,1.4018433483452857e-10,-7.903454038442499e-10,6.919395506977452e-11,-1.0916891884189359e-10,-4.801374261797627e-10,5.53702251110042e-10,8.352059545223417e-10,2.2698377316282795e-10,3.7754343686133833e-10,-3.953325773715667e-11,3.851008447255029e-12,-1.655969772125002e-10,5.85067407445497e-11,-4.972772990511095e-10,1.7658433493966172e-09,7.146043733561923e-10,2.477601203486259e-10,1.321142821516619e-10,-2.2945359968049976e-10,-6.383977868332227e-11,1.6739557503724148e-10,1.6187483867607195e-10,-6.679949226047768e-10,1.701292353846551e-09,4.390097991909761e-10,9.139439391483066e-10,5.841299360630601e-10,1.0320171472075349e-09,-1.4296776295978285e-10,2.7176790040411904e-11,-8.618911829106204e-11,-3.8126926099650896e-10,2.083216483268487e-09,1.1988294756373465e-09,-6.874364836796457e-12,6.133065863899056e-10,-1.332162570791698e-10,9.513043297883076e-11,5.420371689582006e-11,8.275175900185933e-11,1.3089679583119244e-10,4.988126807429894e-10,6.569278421068622e-10,-1.9587163208635035e-12,6.979367311848426e-10,9.065264377754329e-11,-2.777975902168302e-10,-2.4072278296489015e-10,-2.505597387361227e-10,-6.837457258175518e-11,-1.3096982488229017e-10,1.9760046064377304e-10,2.4408072695650965e-10,3.6605957421016457e-10,3.7010419640417245e-10,2.809356042852439e-10,-3.734370758046106e-10,6.476131193090736e-10,4.0905905960320456e-11,-2.9802921633256333e-10,1.648784038466062e-11,-4.2142437622829334e-10,-1.4144019046453165e-10,-2.0148386797554386e-10,5.128965048732361e-11,7.76865929208319e-10,5.323291332641502e-10,3.8351440144503987e-10,5.497210272767163e-10,-5.531340771069156e-10,6.701099355343897e-10,6.460901965144947e-11,-2.2051609194084477e-10,5.887351893631962e-12,-2.145437418852356e-10,2.1454311346316187e-10,-1.6347275731085317e-10,6.120923012578649e-10,5.814631237097754e-10,-8.18181685552553e-11,5.167938507221457e-10,3.1780423101824016e-10,-1.582589520957584e-10,4.4069992234329586e-10,-1.849888575174069e-11,-1.783926741907352e-10,-3.949032093534292e-11,-3.468463016311378e-10,-7.82513762818792e-11,1.6728443227852013e-10,2.3156999569809986e-10,4.479665829827387e-10,1.8533891999354585e-10,-1.9443457756754722e-10,9.887479455044585e-10,-3.07511322038622e-10,4.920822829415598e-10,-2.5197856423496227e-10,-4.0598242481272926e-11,-6.91394382876422e-11,-9.202018553066541e-11,1.0398104624160671e-10,-2.0090169426002354e-10,2.546851977477024e-10,5.6805212944320435e-11,-1.1147681025644521e-10,5.248113962674031e-10,-8.80318319066322e-12,7.957961061555325e-10,-3.720760671546803e-10,-7.547732760119672e-10,-6.437923599581612e-11,-1.0471534976409747e-11,8.722546766514608e-11,1.0534081041898669e-10,-4.911219324557721e-11,1.2774018188323345e-09,-2.7440423919432874e-10,-7.488001333764946e-10,3.790368868388528e-10,4.2572735962339724e-10,-1.8169569766124683e-10,-7.180234716762394e-11,3.173039658623815e-10,-1.8218671696450678e-09,-3.2785051269685396e-10,2.3257351145537476e-10,2.7475174262406895e-11,2.4409875035887006e-10,1.3368814101599167e-11,4.062083981241231e-11,2.5866483594885365e-10,6.055189804848914e-11,8.976356417363805e-10,4.829255928050694e-10,-1.4640191270365054e-10,4.946006406487818e-10,-2.1380847296640253e-10,3.526926726955127e-11,-1.0538284869147174e-10,4.124875322092388e-11,1.8135122372928328e-10,1.4213200221586083e-10,2.1973931028608637e-10,5.668067064814417e-10,4.4475419317134594e-11,3.168536979586827e-10,1.4413773321114443e-10,6.610370701381742e-11,6.517718536282209e-10,-3.556349909437098e-10,9.22996441712429e-11,7.280423733693885e-11,-6.010700326062475e-11,-2.8072538112587383e-11,-8.89417986428259e-11,-7.807068533075233e-11,-3.271273735430935e-10,-1.2554296425992896e-10,-3.4202055726016046e-10,-5.981134335778592e-10,1.7514138576738677e-10,-6.085094191918339e-10,1.0484702189699893e-10,1.2789279454021476e-10,1.4011871197957366e-10,3.659082461718858e-11,-2.9692053134763954e-11,9.562335607203979e-11
L16treat_p10,6.418424250760725e-11,-1.148199573672562e-10,-6.546167633904719e-11,1.3034911945483703e-10,-7.599609275860484e-10,3.2248549428690453e-10,-6.05131723991157e-11,2.8563545649929673e-10,2.197183713557941e-10,2.2397196350061787e-11,9.015223073087076e-12,-1.3537908771819215e-10,6.906983521044612e-10,-8.430784284612797e-10,-1.5986626472302167e-10,-2.934894100606572e-10,8.822967705509385e-11,-3.3037460069927723e-10,4.154574300109448e-11,6.984892094624052e-11,-3.5096221214328945e-10,4.727959052166317e-10,-2.4365966632146696e-10,2.7513413150317846e-10,1.8604994945396872e-10,2.2980796566144884e-10,2.0988000822235264e-10,4.321011030247518e-11,1.1100026275863079e-10,-4.887344820057693e-10,3.7823007386039785e-11,-9.724799216761502e-10,8.959830719851843e-11,1.64573318273436e-10,-2.937284882978262e-10,-2.180110976461145e-10,8.313608888266052e-11,1.0193335823128031e-10,-2.400598269807452e-10,-2.875528621228767e-10,-7.918876339230453e-10,9.180429693823517e-10,-6.264340588440451e-11,5.820921808288833e-10,-1.144036017669542e-10,9.692040220416376e-11,3.2024255475049604e-10,-7.114089274212386e-11,-2.846720703346025e-10,-9.409364016012405e-11,2.487248012006051e-10,-7.455106004389839e-11,-5.025574107672645e-11,1.5411194466987576e-10,3.764971093814049e-11,-1.7723503716229786e-11,-3.1374431538098136e-11,4.71056546117593e-11,-3.039479302114885e-11,-1.439816968576384e-10,1.7391178472987134e-10,-1.2070145758270743e-11,-2.1256865931321561e-10,-9.975161013214187e-11,-1.1745892838378247e-10,-1.4207892289616101e-11,-1.194933843039245e-10,1.0303727663437962e-10,3.6430742880594565e-11,-5.850457862256826e-11,-1.6394385385853796e-11,4.992501076965035e-12,-7.694857391647479e-11,3.447186016622183e-11,-3.6109811940601946e-10,-2.3138338604375673e-10,3.7644024243899237e-10,-8.13801661107643e-11,-2.013039177671614e-10,-2.772001964699934e-11,1.2664344664136677e-10,7.216936909560693e-12,-6.524892864859072e-11,2.9065633488322855e-11,-1.7552065645990782e-10,-1.0741183273957806e-11,-6.945234479840386e-13,-7.50937677051673e-11,-2.622506714167262e-10,4.006410503103749e-11,-3.3884219634675996e-11,-1.020815998150182e-10,2.791684605822519e-11,2.1917508281298312e-10,-7.2932123157466e-11,-5.201028690620509e-11,4.199333293391589e-11,-3.315102909724958e-10,4.426005576343112e-11,-7.786068320426105e-11,1.1027047364868783e-11,-3.075113220386213e-10,6.076607372138322e-10,3.0875877875545706e-10,-1.2958381903441278e-10,4.318144444077092e-11,7.880965337884002e-11,-1.27090517879372e-10,6.312457051495008e-11,9.14521614751515e-11,1.2903609204665368e-10,2.49048735236648e-10,-1.2593037892187601e-10,-1.0982971389189825e-11,2.669691562020812e-10,-3.1106328223068225e-10,-1.6838356371672284e-12,5.158570493071364e-10,-3.6807405614205583e-10,5.840276187197316e-11,5.880621497433206e-11,-6.097572758570381e-10,-1.5775784795692786e-10,-2.657917304611905e-10,4.173024092643515e-10,5.288281001424332e-10,1.4424451276506719e-10,-2.4316033211035905e-10,-2.0742660201808154e-11,-6.547452959360601e-11,4.362508975947107e-10,-3.864613020911417e-10,2.750710826054855e-10,-3.554111609325599e-10,3.739257209186977e-11,-2.4569660481337995e-10,1.529718321775011e-10,-3.0098123270742545e-10,1.4868313998016946e-10,1.8782778342518364e-10,-3.181391065484296e-10,-2.2630839538015262e-10,2.2607279934789805e-12,-2.410490877939675e-10,-4.2286726801027585e-11,1.273626639062415e-10,8.967327948729318e-11,-1.4318818747882962e-10,-1.6053173550786673e-10,-1.4686095778744765e-11,-1.9020092976367367e-11,1.8218092880484396e-11,-7.135994577619874e-11,-1.3304404912702415e-10,-1.0868725492045122e-10,-6.795514471809086e-11,-2.1497432757043733e-10,-3.0730696143281564e-11,5.922527097618587e-11,7.874824266717724e-11,-8.14963102696092e-11,4.221542126293856e-11,1.0871181247683795e-10,-9.759484180815759e-12,1.516470378865396e-13,-7.456082123489961e-12,1.9172224016293368e-10,2.0523963683563228e-10,-5.940598214594853e-11,1.0852399988629667e-10,9.633518051120935e-11,-3.2795276380016033e-11,-1.1055711102109384e-10,7.368394391977091e-11,2.0738747571436948e-11,-3.5756300064239516e-11
L16treat_p11,-1.688553085555613e-10,1.2393689289408126e-11,2.2978801578185146e-10,3.214019749417001e-09,-1.457168214507332e-09,-7.491792419542461e-10,-5.187263466742959e-11,9.689787167427795e-10,-1.0363323494081796e-09,2.2908526696410286e-10,-1.5053669722329408e-10,-4.119450078717952e-10,2.8941278804035503e-09,-2.0810259557564783e-10,-1.9161853467501465e-11,1.1418030572585233e-10,-1.1022135846915186e-10,-7.945875972673989e-10,-1.1796033793486387e-10,3.054628667260415e-10,-6.342435812985652e-10,4.269111775266554e-09,5.557549832396971e-10,1.51207274719268e-09,1.9114226666107042e-10,-5.523786535658412e-10,-1.098445733074725e-10,3.8584231119183547e-10,5.038045398531307e-10,-1.394884164440433e-09,2.6148624296497474e-09,-2.4861380592190854e-10,1.7999669013652608e-09,1.3308656050764693e-09,1.5875742843832637e-09,-6.993857111970064e-10,3.567706915441657e-10,2.2897242765994506e-10,-4.815814300440607e-10,3.822230306607576e-09,1.3722329329430428e-09,1.4722558641372104e-09,9.001446807747637e-10,7.325107199128739e-10,-9.852650646958857e-10,5.572921609157006e-10,1.729794925471302e-10,-1.4532215595328505e-10,4.066269813883486e-10,6.56991093384913e-10,4.518977275329122e-11,1.4416089747873331e-09,-8.371619743717592e-11,-3.90300443688395e-10,-4.034119980548875e-10,-4.846106834624992e-10,-2.9829211922241155e-10,-1.6804129133379322e-10,7.809241897788083e-10,7.001818104813519e-11,8.413817861614558e-10,4.1847813435373697e-10,-8.65626161111988e-11,-5.90834137718714e-10,1.0954375914851014e-09,1.7818222840738551e-10,-6.403444636066348e-10,1.3662870339249325e-10,-7.447541457054286e-10,-5.633692604361547e-10,-2.6505931736211124e-10,3.6373567313465674e-10,1.1523615967760127e-09,8.787323059371842e-10,-1.2277332263654787e-10,5.326081387468493e-10,-5.985941083638604e-10,1.290712658617544e-09,-3.4766790345941925e-10,-7.87336304391692e-10,3.221282811272972e-10,-3.9350499691616115e-10,2.246795885250739e-10,-2.41824806897974e-10,8.559213772475474e-10,1.2678743953303591e-09,-1.087132922287723e-10,5.537701740292467e-10,-3.0216470225045877e-10,-4.509681186406047e-10,1.1698416408835056e-09,5.5888044123841645e-11,-3.474181878719484e-10,3.877643454978232e-10,-6.044702562776205e-10,-2.8995643935725395e-10,3.32460676424072e-10,2.2361808566998951e-10,9.39347078904996e-10,1.9826197155287294e-10,-5.171738575691446e-10,4.92082282941553e-10,3.087587787554571e-10,1.618095760647741e-09,-7.298186864122151e-10,-1.0502428651840218e-10,-1.483885664570033e-10,-3.3934581625643275e-10,2.784055994925321e-10,-1.2542799133455435e-10,6.195215875789769e-10,6.867316563145777e-10,-3.7711266809785947e-10,1.4368912305348662e-09,1.3997175345340511e-09,1.2289673510760914e-09,2.0348243446584525e-11,-6.788112207644669e-10,-8.529948746690213e-10,1.453937329626354e-10,6.360578577155927e-10,2.357207373125172e-10,3.6413426337584006e-10,1.8577406612725004e-09,1.919552564595857e-10,-1.94025643017238e-10,8.059603310664219e-10,-2.2990202771891848e-10,-3.9305857533540607e-10,-3.3395850843734233e-10,8.287537681451438e-10,-4.89611053937964e-09,-7.180736304704221e-10,-1.336968988752246e-10,6.915100391309643e-11,1.8177967510640982e-10,6.45209943842027e-10,-1.1045750024254443e-10,6.104332126135247e-10,-1.291702765839135e-10,6.371437192567085e-10,2.723127816284619e-10,-1.4979614121071708e-10,7.403035094593796e-10,-7.521952866719136e-10,2.768864113017862e-10,1.3882688536309147e-11,-1.9455281746319822e-10,6.001384494046833e-11,1.904230447389941e-10,8.9513587989769e-10,1.101875430268382e-09,-3.509183417519282e-10,5.274553453501764e-10,-6.495130551577618e-11,-2.1622739373698445e-10,9.665903357864885e-10,-7.015940999043882e-10,-4.8593022114090285e-11,2.0309550042621757e-10,-2.6222740014839e-10,-8.456001193858698e-11,9.626257255719426e-11,-4.156265424075024e-10,-5.304648878672641e-10,-1.0903772616260093e-10,-1.6064068815852972e-10,-4.3454336286140086e-10,2.9507300155472233e-10,-1.158790124239898e-09,2.9301788168420017e-10,3.3630002573779953e-10,2.972982871822419e-11,1.6776263490318166e-10,6.230142833773485e-11,8.043226890972063e-11
L16treat_p12,-1.575311024374873e-11,7.94234220302679e-11,4.093498414226337e-11,-1.8767306813357707e-09,7.159680388370661e-10,1.6487347543273772e-10,-5.1717944936678606e-11,-5.629501488962114e-10,4.138139226062812e-10,-3.367278931476931e-10,9.130748623214365e-11,4.037757997587323e-10,-2.252638647978486e-09,-2.3293433182780487e-10,7.708793350342639e-11,2.1939112900988323e-10,-3.1499982147326784e-11,3.5504170738452347e-10,-6.319358712468146e-11,-1.6072347147131928e-10,5.35138388687803e-10,-2.4335450759140356e-09,1.666094821202095e-10,-1.2534691519533003e-09,1.7679161332558365e-10,-4.890750584865823e-12,-1.250470097271339e-10,-3.7532360819855195e-10,-4.1156984604084487e-10,9.005792511065698e-10,-1.7937727188043824e-09,5.357301548898094e-10,-1.024842017308952e-09,-1.2129051256428742e-09,-7.91919876100305e-10,3.2860059504884165e-10,-3.379811797695631e-10,-1.4244410887032206e-10,5.67098234261817e-10,-2.4933167650257818e-09,-5.645814779848853e-10,-1.2091799860251119e-09,-4.168666024680043e-10,-1.5203789399202834e-10,4.211994615723201e-10,-4.768223216706595e-10,-1.299529610498515e-10,2.059875877618741e-10,-1.780841470560369e-10,-2.9903237116807814e-10,5.88291832839818e-11,-7.229283828455907e-10,4.314102753598808e-11,2.729314152633909e-10,3.8861068191208785e-10,3.072326474707491e-10,1.5882781262877453e-10,1.263175636603643e-10,-4.6524555315585006e-10,-1.701926123007138e-10,-3.8186337553987675e-10,-1.8917559712834022e-10,1.8500685751440626e-10,3.239850655561107e-10,-5.921663684141523e-10,1.2227744471895325e-12,3.1332039097252616e-10,-1.1571759734622861e-10,4.5043013991794143e-10,3.539163199351676e-10,2.364745774678518e-10,-4.4763990874448436e-10,-7.110735248562538e-10,-2.387062915293525e-10,1.7317762485558903e-10,-3.1111733186906066e-10,4.0413221362489384e-10,-6.048069451703104e-10,3.1560973399186134e-10,4.614085245955512e-10,-3.903677207869618e-11,3.649288696074357e-10,-9.499321122488591e-11,1.4425716025694602e-10,-8.687747866682886e-10,-6.517677482311574e-10,2.911992651702755e-10,-1.980492738374415e-10,2.3926328792415094e-10,2.270523912150915e-10,-6.891149926707825e-10,-1.3090594577865163e-10,1.4436924812791487e-10,-1.1209844069207966e-10,4.1757898539386194e-10,2.152473106622425e-10,-1.1520924921597198e-10,-1.9335302905562192e-10,-5.610516213303889e-10,-3.6200116792833467e-11,1.800853990754926e-10,-2.51978564234959e-10,-1.2958381903441185e-10,-7.298186864122166e-10,6.956564583087061e-10,-1.3299925838105398e-11,2.1609828550733323e-10,2.7495058316084015e-10,-1.65035547736413e-10,1.512443095842146e-10,-4.782235532310579e-10,-5.540469441602372e-10,2.092993320901792e-10,-1.4884629453791594e-09,-6.422666567098611e-10,-1.0042670432393234e-09,1.2867560268421412e-10,4.330330625164204e-10,4.4085479843514237e-10,-1.7098453394731499e-10,-4.2626300436665834e-10,-3.629048014332578e-10,-4.0153196076857875e-10,-1.1123086819658836e-09,-2.1149216026063248e-10,-5.845268472818824e-11,-3.0367715758099834e-10,-5.181253500947271e-11,3.131957905269909e-10,2.2457526179194612e-10,-6.634434788635663e-10,2.9980374557231917e-09,5.139604565164026e-10,3.0828064701471773e-10,-7.312931600001683e-12,-1.9426360150183521e-10,-2.4937882491762554e-10,7.77788665265589e-12,-3.3848693689195255e-10,2.120211132532576e-10,-2.454069550037078e-10,2.8160648527970352e-11,-3.2323096446994394e-11,-4.2941050934262294e-10,6.141214547391077e-10,-1.0428424445028476e-10,1.1631819256837388e-10,1.7982595448798478e-10,-2.131624249748126e-11,-2.1643577766366006e-11,-7.124582965468711e-10,-6.094112911789544e-10,3.493126579313772e-10,-3.0096706463203253e-10,-8.795944228831933e-11,7.831878857075516e-11,-3.101894402142724e-10,4.685256958261563e-10,4.828625161100187e-11,-3.0142412895523634e-11,2.3854834457035426e-10,1.6080080718821647e-11,-4.8258014138287506e-11,3.999391796249177e-10,3.360292793972297e-10,-8.074253199198362e-11,7.030116267897308e-11,1.9327771731351357e-10,-1.61032411664915e-10,5.694544502433898e-10,-2.1277489039984163e-10,-1.7386847463412286e-10,-1.210710943051227e-10,-1.522544788441948e-10,-2.6303305879746946e-11,-7.651238513082193e-11
L16treat_p13,-2.7276843105062825e-11,-6.273480917587591e-11,8.104941277084027e-11,-1.5381191223947874e-09,4.978270452363619e-10,9.902843126258759e-11,1.4360228210504257e-10,-5.540384808253915e-10,2.899478022762384e-10,-1.4092917798584384e-10,1.364109021014383e-10,5.769845627035521e-10,-1.4220824597803065e-09,4.974336173859121e-10,-1.4579673485436546e-10,4.546829094333404e-11,-3.428168544785788e-10,-1.300585624764527e-10,-9.170726677452603e-12,8.587103976250481e-12,1.773622632708543e-10,-1.7689659683217279e-09,-2.0994448516089397e-10,-2.8475831753145164e-10,4.905562060111549e-10,1.8274198224406985e-10,1.2682166943911724e-10,-1.8689059985958415e-10,-7.08447578396337e-11,2.7986522113678717e-10,-1.5206908205932725e-09,-5.076584079463442e-11,-2.642007252792426e-10,9.084462625886754e-11,-5.988882573967812e-10,3.244118649264156e-10,-1.8081565117757058e-10,-1.4695844372220474e-10,-5.595743765821908e-12,-1.572648481510849e-09,-1.5534839139410308e-11,-3.5758782347501146e-10,4.639026307953073e-12,-2.4679705005323016e-10,-8.151086521198492e-11,-1.897924226147196e-10,-5.243218705726438e-11,-1.6834398991034422e-10,-1.447252145582956e-10,-1.9290002391319958e-10,-8.956868410219525e-11,-2.974735546572605e-10,-4.60914257462476e-11,2.0722007318925217e-10,1.6569451297474055e-10,1.3746665018511005e-10,9.134424259545188e-11,9.644057540645619e-11,-5.699006561207572e-10,1.9300487950325726e-10,-1.5587736236768884e-10,-1.0523674055702153e-10,-6.85794213266893e-11,2.2673950188049176e-10,-1.0036462084189926e-10,-1.0879155677233496e-10,1.4267037528211344e-10,-8.259401349303294e-11,1.293834048116823e-10,1.2423765904884367e-10,1.1526305508612749e-10,-3.282456561119283e-11,-6.023559581572923e-11,-2.884446408999581e-10,-1.4244381213714278e-10,-7.00121497999709e-11,2.0321213332521828e-10,-9.180809258784158e-11,7.534012751829758e-11,3.9985249698931764e-10,2.3159903936104508e-11,1.0366464565751104e-10,8.787382600851893e-11,1.0013917942913316e-10,-4.146417984583925e-11,-1.1011590122921416e-10,-1.1321499231142072e-10,4.628725267705922e-11,2.13402451076377e-10,8.384411715376779e-11,-2.0122387173052688e-10,-1.4603226199707448e-10,2.763109798429132e-10,-1.51160756360062e-10,1.0827816340864672e-10,5.736528873620778e-11,2.914907587477353e-11,-4.907952329283832e-10,-1.1432989664354278e-10,-2.2838007006375928e-10,7.557077033727793e-11,-4.059824248127212e-11,4.3181444440772585e-11,-1.0502428651840116e-10,-1.3299925838104963e-11,4.752844603921616e-10,-1.7621082870361854e-10,5.750332661462185e-11,1.6618226377314827e-11,1.449148374292005e-10,-1.6149504379970268e-10,-4.11640789422585e-11,4.195466314800051e-10,-5.799766323919222e-10,-2.437227536244541e-10,-3.993085478402085e-11,-7.609161079382037e-11,-1.0514196380904253e-10,5.452978482869934e-13,-1.304266134803765e-10,-6.679883531870688e-11,4.827612006279636e-12,-8.129089638196449e-10,-1.2512273065561094e-10,-1.1132127041453587e-10,2.950840915506074e-10,-7.593083066665833e-10,2.005380672226825e-10,6.460451135059099e-11,1.1798602186328254e-10,-2.25581549862332e-10,1.8614720522597406e-09,1.044291956716009e-10,-6.111778345174163e-11,-2.9587670253539326e-10,1.0877696666578799e-10,-1.776414001552767e-10,-2.330426461405859e-10,-1.1782936098465746e-10,-1.2959592089451412e-10,-1.6324103100543388e-10,-3.2283256363120625e-10,5.939008747843383e-11,-9.190891787351652e-11,7.582211128465052e-11,1.617598075184321e-10,-7.091760864817899e-11,5.441263498120887e-11,8.118407344081867e-11,2.9576309026636765e-11,-1.155542534989078e-10,-2.912125733633883e-10,-3.526322088489243e-10,5.152053142438456e-11,1.5807730028085848e-11,2.153471862736775e-10,-1.0449858116801388e-10,1.4777874900070882e-10,2.0575693531306903e-10,-7.765969426820168e-11,1.0468149361741055e-10,2.8308678398132187e-11,1.244853797486452e-10,2.071193643098539e-10,1.8177625226599374e-11,2.1021613566015858e-10,1.720230515849221e-11,1.196197086500456e-10,-3.806737485612703e-11,1.5037036289558138e-10,2.047489436603041e-11,-2.2594061478762202e-10,3.6044583209516075e-11,-8.223076671140545e-11,-4.7835715871910806e-11,-8.497268603710083e-11
L16treat_p14,1.4397923315658833e-11,-5.076699071140027e-11,-1.649888016606218e-10,9.80405644448929e-10,-5.837625955998842e-10,5.585280873596529e-10,-9.36634421402527e-11,1.8545398728378008e-10,-1.7833625848905231e-10,1.566583691710724e-11,-5.346327781825554e-11,-4.324813616716856e-10,8.413849183598045e-10,-1.3598990770106363e-09,5.142058179369062e-10,-2.166621539193548e-10,2.9263302058853646e-11,-8.790582762934342e-12,-5.678801773753596e-11,-8.81947154460414e-11,-1.881244206125298e-10,1.120940176325227e-09,-3.2171342107025767e-10,2.121099065968249e-10,5.0775340245171535e-11,-1.4002352765626243e-11,-2.5060091413350953e-11,-2.733900865822231e-11,-4.7439079929751356e-11,-3.5026133831292503e-10,7.864851642740324e-10,-7.551707339505973e-10,4.395002001867974e-10,-7.520086207727419e-10,-1.5505217331653964e-10,-1.1367175539953865e-10,-4.247631228547543e-11,-2.7267292814018502e-11,1.0966820994944745e-10,2.65084869272616e-10,-1.2581303860245135e-09,3.5471991030020334e-10,-4.633695686744091e-11,4.087237046419808e-10,2.463822029440506e-10,-5.998191107130559e-11,1.667542920554397e-10,1.866822325016316e-10,-1.408728771458999e-10,-6.038252693808986e-11,1.2819568204166784e-10,-1.4955351566479093e-10,-7.728848456747241e-12,1.9938677203720636e-11,2.559451814451154e-10,2.4537899955551517e-11,-4.972117507578494e-12,4.0716916573774975e-11,2.494323553542798e-10,-3.178799030183094e-10,-2.5612369683514753e-11,-1.1635667278036886e-10,5.75653648984214e-12,-2.4851938427118697e-10,-2.623260539430731e-10,1.7004481634550918e-10,-6.425860241941993e-11,1.9053227592842885e-10,7.69914291811637e-11,-2.926686943294288e-12,-6.425493096268364e-11,-9.639543995151177e-11,-1.1214026647262472e-10,2.491241226779383e-10,2.587387968202166e-11,-9.752607063332982e-11,2.46483388740705e-11,-1.5203213124631517e-10,2.984419954850516e-11,-1.4406469345675182e-10,3.1536029545940133e-10,7.025695377609901e-11,-1.1861816203302117e-10,4.3298203339962066e-11,-2.9139137310261315e-10,-1.565358335308536e-10,2.1071293105704598e-10,-2.4347529549506517e-10,-2.5804893787509924e-10,3.21032677157848e-11,-1.8228707445709365e-10,-8.595571266172325e-11,-5.106938477337305e-11,2.0672985478172192e-10,8.952101933563406e-11,-3.2850189510921044e-11,-2.6705737253023207e-11,2.6975513061384357e-10,-1.0801799669990578e-10,1.603190146607373e-10,-1.9318866820253106e-11,-6.913943828764029e-11,7.880965337883901e-11,-1.483885664570042e-10,2.1609828550733406e-10,-1.7621082870361866e-10,5.08383098004315e-10,4.816785435472032e-11,-1.1346254784803023e-10,3.3967881041272834e-11,-5.072083584146238e-11,-1.2996044756924552e-10,-2.719275428724024e-10,-2.2595709217567426e-10,-1.5054109017900822e-10,-1.94226845010251e-10,-1.4334708103709966e-10,4.374842148506816e-10,8.6538362582313e-12,1.0957934806842681e-10,-2.1002171114753992e-10,-5.615683425427592e-10,5.88388511856653e-10,-9.779581389182223e-10,2.862880868763817e-10,-2.4124751364562995e-10,3.865165945757822e-10,-2.412599857182989e-10,8.519743201824227e-11,7.727369607964021e-11,1.1170460272398283e-10,-8.42474906454963e-10,7.871841934984256e-10,-2.5263686728250617e-10,4.189158506629407e-10,-2.1300045802332229e-10,8.850858759576505e-11,-8.172181007199473e-11,-2.291423630813166e-11,4.4306412230193106e-10,-1.1884127439500035e-10,1.3255164440850484e-10,-1.0733753533573777e-10,-7.218860428343176e-11,3.2213046415672406e-10,-5.636394039924132e-11,2.616073183336713e-10,-1.5066036031524587e-10,-1.0441889236877081e-10,1.4004207672859426e-11,-2.5085529174263573e-13,7.379885857849222e-11,3.0188424514457534e-10,-3.855610190399483e-10,-1.3245655932517213e-10,-3.7475426694655455e-10,-2.300310316348881e-10,1.0400344946715887e-10,-1.2053289415017883e-10,2.94036615609625e-10,-1.0558986949873223e-10,1.0642970282926416e-10,-1.0413916930571006e-10,-8.616355331829671e-11,1.6690471311492218e-10,-1.425534440434153e-10,1.6319194249090215e-10,1.342942258518982e-10,5.743279918975505e-11,1.5883563089885306e-10,-8.406187064311148e-11,5.521527455983097e-11,-2.762453804328667e-10,4.133735620044029e-11,5.896222626795914e-11,-1.4907284899804543e-12
L16treat_p15,1.782279239511831e-11,5.376651520570229e-11,1.3142813729705807e-11,-6.869347227499565e-10,6.711519555904172e-10,9.701974121842269e-11,-7.841360830240999e-12,-6.986799611596758e-10,1.7868445299390934e-10,-5.415722674506627e-11,7.939758765614154e-11,2.69736694858105e-10,-9.552621587520915e-10,2.2208340310917877e-10,-1.0880302962411634e-10,4.6339749424824604e-11,-3.02511679212365e-10,2.7546794715850023e-10,6.794057106091286e-11,-1.3301434866015978e-10,2.955760715864917e-10,-1.125712456464695e-09,4.4303621182250577e-10,-5.939841294518014e-10,9.379656740619706e-11,-2.8378335790394555e-11,-5.2842621089257125e-12,-9.808629375757407e-11,-2.3246099798856716e-10,5.373053072472857e-10,-7.258727390295863e-10,7.429376865439776e-10,-7.09668562444564e-10,-7.331831832157662e-10,-4.6520969832105807e-10,9.84482991940598e-11,-4.344857572808707e-11,-9.562269666647686e-11,3.4274990420169933e-10,-1.0841631127381822e-09,2.1512798402765824e-10,-6.295068940882815e-10,-1.7049019532947107e-10,-1.5948214989139826e-10,1.8683020782231357e-10,-2.5329615624613356e-10,-1.9467370835096687e-10,1.7444702220912977e-10,-1.4125598417299494e-10,-1.973736820100377e-10,-2.4901591310066126e-11,-2.7066823709444484e-10,4.988839905544623e-11,1.3657867033035407e-10,1.4900878975053688e-10,2.215072448795456e-10,1.611022382060701e-10,5.5199952073782946e-11,-2.689177129929209e-10,-1.0268598250889862e-10,-2.9133372378276637e-10,-2.4348538431434086e-10,1.537214655165336e-10,2.592115839629125e-10,-1.441250899080244e-10,-5.1009915768324543e-11,2.867322491140177e-10,-8.216027585949847e-11,2.483540764708235e-10,1.8194991371665124e-10,5.483703571130795e-11,-9.052432622659117e-11,-2.52900006882986e-10,-1.3237848939722029e-10,2.663480288300135e-11,-4.923197181361312e-11,9.678683000330795e-11,-1.4704312766713287e-10,1.2440394080925657e-10,3.3418433194596047e-10,-5.702926410901157e-11,3.176716507697606e-10,-2.531943120575109e-11,1.1529887133351115e-12,-2.7057831627605436e-10,-3.488608028630461e-10,1.5168965107820354e-11,-1.5187426771870092e-10,2.2689380711529208e-10,1.3298058837453388e-10,-1.9017317197080174e-10,-1.8017160369736672e-11,1.2089314007972805e-10,-1.1173620001929817e-10,2.71931496063901e-10,1.6126869009291312e-10,-9.512899772951003e-11,-1.2335507015000502e-11,-3.197833324860888e-10,-1.8567521092955193e-10,1.685567295071163e-11,-9.202018553066558e-11,-1.2709051787937264e-10,-3.393458162564343e-10,2.749505831608402e-10,5.750332661462232e-11,4.816785435472035e-11,3.2577824955262303e-10,-2.0926441564962636e-11,2.6242834857305654e-11,-1.4699359150697397e-10,-2.1910502321732414e-10,4.618716880416838e-10,-2.1501298424487093e-10,-1.73057622157665e-10,-4.1668851909065327e-10,-5.07453637516236e-11,-2.0410188319954554e-10,2.3696374826451354e-10,-6.720926750696976e-11,-1.7876371568045833e-10,1.5146425354172438e-11,-5.252326352814657e-11,-2.852294855022461e-10,-1.8967800228144283e-10,-1.551707183733531e-10,-4.443802020387969e-10,4.054928263334568e-11,7.354825999486345e-11,1.233334251778232e-10,-4.516560696706127e-10,1.4220565075506672e-09,-1.2161510252126567e-10,2.7904928113539414e-10,-6.245156159812764e-11,8.695884242923528e-11,-1.6503740978472125e-10,-1.0736948357639474e-11,-1.8514584007905503e-10,-6.465313188992643e-11,3.565141960409915e-13,-2.968578764281934e-11,4.627990368777374e-11,-1.0698727606827873e-10,1.769543331845712e-10,-9.406089537687493e-12,2.979793358450552e-11,1.3950907070667778e-10,4.988111699036036e-11,-3.682953593911514e-11,-2.8740943038614527e-10,-2.845355318511713e-10,2.994700062538593e-11,-6.192965132281694e-11,4.287112851984221e-11,1.628663038961013e-10,-3.667100614613808e-11,2.0493669392255996e-10,9.470285771318727e-11,-3.599042018543327e-11,2.274875828985557e-10,7.158158633681224e-12,-5.84541685759865e-11,1.8296657063328815e-10,1.508207048570773e-10,-8.5982090201608e-13,2.4213820996655578e-11,1.328183189063845e-11,-1.1188084187044352e-10,1.7870557999978346e-10,-8.24299352121051e-11,-1.3052274551970254e-10,-1.57068975077254e-11,-1.7770098927353106e-10,-4.4868246204568724e-11,2.320403952797813e-12
L16treat_p16,8.914315516340341e-11,8.218669273740834e-11,-1.9463778579760352e-10,7.340585872581246e-10,-1.0576635784444286e-10,-3.8104560961901574e-10,-1.0196797395227537e-10,-9.220069793228136e-11,-1.849548956728717e-10,2.2411546661706687e-10,4.055258643063757e-11,-1.8841796333718226e-10,9.651639782934982e-10,4.1879981252178575e-10,-4.792343442309518e-10,-1.9274790018261137e-10,-5.431205359003721e-12,3.495492068747256e-13,1.438161128733106e-10,5.962449563549217e-11,-2.201225710835166e-10,1.0558782669767676e-09,4.076112576087121e-10,1.0279852845818269e-11,-1.3980360701412053e-10,-1.0142262053164327e-10,1.5232064251069774e-10,3.324267663474917e-10,2.276097578191501e-10,-2.1622745741963458e-10,1.1636628832083452e-09,2.0063467855228643e-10,-7.035957523735951e-13,4.841973921385962e-10,2.4939693893574286e-10,-1.9279668153702759e-10,2.981812877182641e-10,1.272344603602813e-10,-7.827425076488288e-11,1.1300333831706979e-09,8.456238404756015e-10,2.742644821795649e-10,1.6775805142223108e-10,-7.365177024395342e-11,-1.4857596672086526e-10,1.9700834609362104e-10,1.7599878002030259e-10,4.895173895777003e-11,-6.249675970553923e-11,7.573247868859854e-11,1.9304254664195168e-11,3.033833845930035e-10,7.190041297887456e-11,-7.118946894810707e-11,-2.6165971171555016e-10,-9.469288179999714e-11,2.2960285949413493e-11,-8.639583052562134e-11,-4.242023369607492e-11,9.87755412357845e-11,1.9838381917533164e-10,5.956149242118198e-11,1.6663079916929283e-11,-9.856809543268287e-11,2.776150643284633e-10,-3.891163690254525e-11,-5.87061352234875e-11,-3.6702935848213516e-11,-1.63740868132906e-10,-7.279599816120781e-11,-7.483786490240667e-11,1.428361900716459e-10,3.2116857114883205e-10,1.0845891404588366e-10,-1.5018901309900235e-10,6.247759277618119e-11,-1.466748857478444e-10,2.7748844036835363e-10,-3.610865875597641e-11,-6.20026688661073e-11,-7.724629948611478e-11,-8.261798105724686e-11,8.873282552443614e-11,-6.24401903321243e-11,1.5210473844159666e-10,2.1469280873200594e-10,-1.1325494975177527e-10,2.0207831185488532e-10,-5.6867632064894855e-11,-1.0649612176765704e-10,2.504034612573115e-10,9.277911583673251e-11,-7.264049600500342e-11,-1.803304251419368e-11,-2.4311664173077313e-10,9.720072005941008e-11,3.2074631603826115e-11,-8.416687512421804e-11,3.307856170479443e-10,-1.3168551505088855e-10,-8.001114198875775e-11,1.0398104624160499e-10,6.312457051495019e-11,2.78405599492531e-10,-1.6503554773641292e-10,1.6618226377313402e-11,-1.1346254784803003e-10,-2.0926441564961883e-11,2.4421604609888703e-10,-6.127706803219344e-11,3.12493313712363e-10,3.214627321132187e-10,2.0693808104122994e-11,7.360174799221957e-10,2.977954764486168e-10,1.9834651252330653e-10,4.609099500078333e-12,-4.628675094334261e-10,-8.011843311836516e-11,1.277838852069092e-10,1.777300440697593e-10,-6.541758113921174e-11,2.807466832370031e-10,9.610379221050726e-10,3.602538384162961e-11,9.898142973009422e-12,-1.398657513408341e-11,4.512411072112344e-11,-2.2043559093412154e-10,-1.5434714234787236e-10,2.456740553749308e-10,-1.1486694585040993e-09,-5.624398422728236e-10,1.8393374076764663e-10,-7.105145957631156e-11,1.9701454988960412e-10,5.866106001326484e-11,-1.74746784708858e-10,2.716686480601982e-10,-1.4757041290262245e-10,2.06177362196324e-10,1.1196476800173163e-11,-1.3104911446528355e-11,1.104601394658433e-10,-2.1678988366647177e-10,9.887301611485983e-11,-8.991673157968916e-11,8.368624741455653e-12,7.992151615260303e-11,-1.8344948497383487e-11,9.556973651767544e-11,3.210380474561889e-10,-8.527948303105531e-11,1.483315330508354e-10,-4.7940814241038546e-11,6.598596435520072e-11,2.7397414485859905e-10,-1.7536143382036818e-10,1.4252651349277416e-10,-5.280615817531255e-11,-2.6881475981147373e-12,1.659048161458035e-11,1.3506918622935998e-11,-1.0979257981731705e-11,-2.6063026618754004e-10,-4.573176139775981e-12,-2.8818005164774623e-11,-1.1953684566736207e-10,1.275050686782357e-11,-2.4670345867400724e-10,4.325124042633009e-11,3.703751833961786e-11,1.0374106506041379e-10,3.3904467213565886e-11,-8.426698362802603e-11,5.167303105702177e-11
L16treat_p17,-4.510979527747272e-11,-8.019537880696755e-11,1.449165110981938e-10,-8.27578594870256e-10,2.73833670236563e-11,8.297335672386213e-11,1.5905824103447097e-11,1.0785025358667182e-10,3.0430871546478035e-10,-2.1745579944310233e-10,8.795557908070907e-11,2.9217540377308996e-10,-8.137744152191061e-10,-4.553376014748076e-10,-1.1394370695233008e-10,1.8836386911707616e-10,3.224807037791367e-11,-2.674255800471899e-10,-3.759285374497733e-12,4.781203664214193e-11,2.302526545337565e-10,-1.1313602661631102e-09,-2.2848105907632216e-10,-1.8668665353686346e-10,3.1865794428788885e-10,7.243060024995909e-11,-6.940061482067574e-11,-2.445577036831678e-10,-2.124906913809542e-11,2.6303002238462673e-10,-1.2151427482020787e-09,-1.1465207298957953e-10,-2.7460850740764944e-10,-2.1465413395297432e-10,-3.3832782925300396e-10,1.1307210310254886e-10,-1.461343841603116e-10,7.403634379204636e-11,1.4924673139799046e-10,-1.2338685253719237e-09,-3.443726709684666e-10,-4.5918738843795234e-10,7.391172299788861e-11,1.4428049614484175e-10,-2.6315457159274144e-10,9.00174034817621e-11,-2.727379713194489e-11,-1.4039934770434183e-10,-1.7473324321335248e-11,-1.0685210046905767e-10,-5.872822259066515e-11,-2.357959838080151e-10,-8.59823420669286e-11,2.0915619234027933e-10,2.7118789457634477e-10,8.375297267381771e-11,1.3319956924916157e-11,1.5226050599825446e-10,-1.573654323207875e-10,-6.346323847842471e-11,-1.402432537113932e-10,4.3477608379616445e-11,-5.93758244787785e-11,6.841586566456457e-11,-2.8851123868117695e-10,3.154859221302233e-11,-9.69667095348707e-12,4.392295077371104e-11,1.6177475309022485e-10,9.603473703640515e-11,2.3660688882537383e-10,1.4898362694571806e-12,-3.6786954688976823e-10,-1.347421329133766e-10,-2.4600160517073182e-11,-1.6740621593280195e-10,2.0343316853534585e-10,-2.498113505773215e-10,5.658850494094152e-11,1.219532997210834e-10,1.444255429348043e-10,8.772109628247477e-11,4.6117214428836394e-11,1.890731261840005e-10,-2.8765302352698403e-10,-1.73570732290772e-10,1.1278970033986213e-10,-1.3120686547807467e-11,1.4716269535695926e-11,-5.2539003515012007e-11,-2.2992065204457403e-10,-1.0904298985614334e-10,1.0867504573381742e-10,5.695465371061684e-11,1.737283435686149e-10,9.187294872077578e-13,2.2858810500461965e-11,-1.8246951212592772e-10,-1.8772947093434522e-10,-4.9797672817400765e-11,3.906722192864201e-11,-2.0090169426002227e-10,9.145216147515201e-11,-1.2542799133455523e-10,1.5124430958421506e-10,1.449148374292002e-10,3.396788104127332e-11,2.6242834857305938e-11,-6.127706803219381e-11,2.7466979007648064e-10,-2.156674320016453e-10,-2.882522630697614e-11,-1.1091970542890549e-10,-8.845270050123039e-10,-2.273187504711895e-10,-3.7283408805950745e-10,3.0547293473934306e-10,3.3718534312684903e-10,1.0189464446958638e-10,-5.2936558112146495e-11,-1.0109194604622806e-10,-1.2695263405438534e-10,-6.720515066687426e-10,-7.751553301071983e-10,-2.430254389686287e-11,4.1401400902160966e-10,-1.0239197677771527e-10,-1.4477236041514003e-10,1.2645917632935226e-10,2.6405592777575943e-11,-6.737598898426599e-11,1.0948857738949796e-09,3.9382872189956497e-10,7.994233889278992e-12,-1.2151144498729774e-10,-1.9534817719163955e-10,3.005530027533213e-11,-1.8431183488205002e-11,-1.2607765492854273e-10,-9.160206438792745e-12,-2.6253586025889726e-10,-7.840916804914919e-11,-8.6176414191177e-11,-2.196209958773628e-10,1.6928199246395728e-10,5.0074088764421265e-11,3.407539670664672e-11,4.6270620931894125e-11,-3.8956391927508617e-11,7.152752046888808e-11,8.5867670948606e-11,-1.5829593646512631e-10,-2.0545226217281134e-11,-1.2998421114277714e-12,-1.3276066779589943e-10,-1.1456537239402486e-10,-2.193132071493585e-10,1.689563508443401e-10,-1.252053716570589e-10,-4.175646966680269e-12,6.437518360576148e-11,8.768732823850874e-12,1.697479937922335e-10,8.536825733733877e-13,1.1226890791170645e-10,6.91246419519131e-11,2.6674130833091325e-11,1.847777775704258e-10,2.6143984040804495e-11,2.2130367535906327e-10,-2.8601019665894956e-11,-6.89293012970621e-11,-1.1269824874265004e-10,-4.647898349896348e-11,3.399492850126158e-12,-1.5083275230415165e-10
F12treat_m4,2.2473958007952988e-10,1.0325447214951022e-11,-4.79474795229298e-10,3.4156108476287985e-09,-1.3194660917592071e-09,-5.658094559618271e-10,-1.5806617503402093e-10,2.3253026274696959e-10,-5.355600763009646e-10,6.333193947711056e-10,-1.1764224694368565e-10,-9.660420237855526e-10,3.9459854774043735e-09,2.626769280225972e-11,-7.295208455408489e-10,-7.230045894351976e-10,-1.4498917960044695e-10,-1.511217485410577e-10,3.256840855897397e-10,1.5170332536630492e-10,-7.211933790767976e-10,3.8963591466158165e-09,2.61204770145582e-10,8.781234777160975e-10,-5.146360832821156e-10,-1.1247338464484262e-10,2.7048647295820974e-10,8.920468573896195e-10,5.802348677747432e-10,-1.0589908963435682e-09,3.953653392580723e-09,-1.615412655292594e-10,5.695480908234625e-10,1.0768011015716349e-09,6.799835518520456e-10,-6.684657730657723e-10,7.871834704117106e-10,3.1613308240121623e-10,-4.0575233282298505e-10,3.768298564263017e-09,5.381184616315063e-10,1.3645647406479168e-09,5.611479176446468e-10,1.1096167326260909e-10,-1.279294754248868e-10,6.894518112435429e-10,5.629625827670159e-10,2.8698793733830042e-11,-1.7255429998265785e-13,3.503809900988939e-10,-7.642515889565515e-12,7.961301916278023e-10,1.2150209840536648e-10,-1.8337814840273357e-10,-5.934149108065577e-10,-2.9137253265956997e-10,-1.5074528190627247e-10,-1.960512358518856e-10,3.926487542657362e-10,9.867052487938632e-11,5.043026499486163e-10,2.677611569633116e-10,-4.311865494943398e-11,-4.623217719987172e-10,5.592120701720559e-10,9.358215186732462e-12,-2.6729047277000276e-10,7.926660233482971e-11,-4.265400472159657e-10,-3.2643289812142033e-10,-2.620430492052429e-10,5.012475599778855e-10,1.055785544556898e-09,3.9061467850447583e-10,-3.169222276112815e-10,1.436994210035492e-10,-5.17355556155232e-10,6.282815452379947e-10,-2.2442563900073385e-10,-4.991571560905141e-10,-3.799766212642585e-11,-3.101939848081039e-10,6.578059950573035e-11,-1.549637257395025e-10,7.418783073725818e-10,6.665858056005278e-10,-2.6821275572846934e-10,3.419443395176193e-10,-3.06840617227892e-10,-2.6940712512985605e-10,7.118492802916144e-10,3.236737069129521e-10,-2.2300875786125788e-10,8.926892214486959e-11,-4.895182802077501e-10,-4.8816226582665977e-11,7.173745489781895e-11,2.8116925580582587e-10,8.779135290553424e-10,-5.6021041516549e-11,-1.7840709462903578e-10,2.5468519774769534e-10,1.290360920466526e-10,6.195215875789779e-10,-4.782235532310583e-10,-1.6149504379970343e-10,-5.072083584146162e-11,-1.4699359150697216e-10,3.124933137123634e-10,-2.1566743200164478e-10,9.019416805338548e-10,7.835016406790083e-10,-1.0875277981770258e-10,2.193034283491361e-09,6.488034604684559e-10,7.421898080218473e-10,-4.2238258115921206e-10,-1.0323415533391599e-09,-2.554386234533228e-10,4.045077789070861e-10,3.655368189173157e-10,-4.302815193659898e-11,1.4060433540702424e-09,1.6474806939829025e-09,3.616351709744059e-11,-1.6400040160453698e-10,4.2566499243851785e-10,9.731899196016749e-11,-5.869503590537203e-10,-3.750090755315306e-10,7.990453718232261e-10,-4.4945820639718124e-09,-6.328873089526502e-10,1.370303791497582e-10,2.2263576477867818e-10,3.8690193021074835e-10,2.7015656048855893e-10,-1.0518944122987988e-10,5.770151194310926e-10,-1.5321894127153937e-10,4.838704428621934e-10,1.686318080303149e-10,-6.761611862432112e-12,3.569558497974682e-10,-5.576189352515395e-10,5.437389064762602e-11,-1.342473584308092e-10,-8.290227469205435e-11,5.408618863498904e-11,1.0432648390157524e-11,6.153635541818379e-10,1.0954845216727649e-09,-7.753691984008703e-11,2.5504427978547905e-10,-6.483081615171686e-11,-1.7385094481667532e-10,4.3955536140665867e-10,-5.013139094025592e-10,1.0073406158521271e-11,-8.917862472720925e-12,-1.7557686865085358e-10,6.35706976397924e-12,3.6187038531768724e-11,-3.920533701164684e-10,-5.681715929219409e-10,-8.78616107496719e-11,-5.30051633594779e-11,-3.055677289935628e-10,1.4052520687606325e-10,-6.057567951457813e-10,1.0978848415617451e-10,2.415181620216363e-10,1.5935320963198008e-10,1.263482478535832e-10,-4.7511243199873105e-11,1.1486006207612011e-10
F12treat_m3,1.5462478163442614e-10,-3.8425157943632934e-11,-2.2096743523912094e-12,3.1676167822912907e-09,-1.2001812571480408e-09,-6.617924684596934e-10,-3.8424397968063493e-10,6.201591201774823e-10,-4.999861679357904e-10,5.062196986543053e-10,-3.38688402844681e-12,-5.386281412107906e-10,3.765028605787157e-09,-5.062116242981594e-10,-8.795655920915963e-10,-7.038856223330226e-10,1.7900194939900358e-10,-7.352951700578228e-10,3.2736600196807283e-10,2.836493940436684e-10,-5.752056009429416e-10,3.6104231805511134e-09,-1.9817723665379215e-10,1.2373129935488652e-09,-5.584802675462844e-10,-1.9263746684638784e-10,1.8682259402523347e-10,7.851231726288666e-10,6.996241740889601e-10,-8.998516101288676e-10,3.2981862372703924e-09,-2.147874370641416e-10,5.409956536571137e-10,1.1069160142075497e-09,6.195372344030573e-10,-9.105124571339698e-10,8.237706900198079e-10,5.546388215793956e-10,-2.1902191046564482e-10,3.365450452195428e-09,7.672620706346849e-10,1.2960976065941707e-09,3.6178176115507873e-10,1.0285157544087405e-10,-8.499653391669495e-10,8.314580139586362e-10,4.857125774777305e-10,-6.022712655297992e-11,5.744010887845605e-11,2.020187794845243e-10,-1.2632350574405104e-10,8.762147998817874e-10,5.2948865238126253e-11,-2.2533977732380868e-10,-4.744127629717615e-10,-2.9751816509794327e-10,-1.603601670138479e-10,-1.1602952950359576e-10,3.7936573670264456e-10,3.566981688247442e-11,4.5988183341189865e-10,4.041842748680431e-10,-1.8740644536113753e-10,-4.443963109283674e-10,4.588023740783221e-10,9.934492040041618e-11,-3.5095889113879843e-10,1.7033485395460453e-10,-4.6131712315397935e-10,-4.44150186552518e-10,-1.2217369216767407e-10,5.458710087792943e-10,7.561058236732565e-10,2.1226402105117406e-10,-2.7551490744954344e-10,6.193566118414243e-11,-5.159146524085852e-10,5.856899035099088e-10,-2.1815497403105692e-10,-6.166836849742794e-10,7.320409899690022e-11,-4.1248072646220017e-10,1.0902543221969975e-10,-3.375848055956534e-11,3.697560115576505e-10,5.58948382975016e-10,-2.023467707247429e-10,3.611397109343919e-10,-5.919291900063001e-10,-3.894020869198132e-10,7.531101043552988e-10,2.8780124194047837e-10,-2.1947046551718687e-10,1.594945584110243e-10,-5.831059055036923e-10,-1.0199396672230129e-10,6.61084894631227e-11,1.6681780120313714e-10,8.706400450448962e-10,-1.2825482271059915e-10,-9.227634563225946e-12,5.680521294431686e-11,2.4904873523664586e-10,6.867316563145776e-10,-5.540469441602374e-10,-4.116407894225899e-11,-1.299604475692439e-10,-2.191050232173272e-10,3.214627321132172e-10,-2.882522630697637e-11,7.835016406790076e-10,1.2458207173805757e-09,-2.506082931753707e-10,1.6860556813076758e-09,8.194683874925782e-10,6.049614859627959e-10,4.2833662606873125e-11,-8.50244046465872e-10,-3.091947749243762e-10,4.330700834488174e-10,5.158829563646204e-10,1.853870651008268e-10,8.506540775916785e-10,1.2163726186921124e-09,-6.604293253404148e-11,2.3418894530470748e-12,3.9352258796053136e-10,-2.768420111740132e-10,-4.900703718211822e-10,-4.723817535891324e-10,7.966995086233234e-10,-4.468406012220751e-09,-6.226761582028153e-10,4.29623358697851e-11,2.653449881602518e-10,2.834415326718399e-10,5.371696342886302e-10,-1.0936481256866678e-10,6.080644445739146e-10,-2.72872037758279e-10,1.668993890948392e-10,4.683863208605558e-11,-1.2938574684091958e-10,3.8740202580076413e-10,-5.681077990856558e-10,9.69222584073245e-11,-1.8882421967643758e-10,-1.6475551171403172e-10,1.1933111083555897e-11,1.3267107092418854e-11,8.389665110946867e-10,9.587596773653354e-10,-1.4715526118581256e-10,3.5992484669023037e-10,-2.8887959573020676e-10,-3.537785353119034e-10,3.8891929671058056e-10,-3.514140395653336e-10,-1.6147048727713654e-10,9.809214637898057e-13,-2.0638507047220002e-10,-1.585004255052545e-11,1.4763470113076643e-10,-4.572122958280057e-10,-4.950550021091663e-10,2.3352054481856073e-11,-3.796142666903938e-11,-4.430898817089265e-11,2.0430210897064207e-10,-5.933490472366972e-10,9.107283429921605e-11,2.7559564064107255e-10,6.773746148652563e-11,1.794970521591787e-10,-1.9477909110290122e-11,1.640310346313296e-11
F12treat_m2,1.9263358221379729e-10,1.430980731940075e-10,1.7935112827517444e-10,-1.7868461607081548e-09,7.824209597276333e-10,-5.884499491543237e-11,-7.203825675941812e-11,-2.5392262400663117e-09,4.74759110010294e-10,5.022421793410293e-11,1.353094420137263e-10,1.0310208529073023e-09,-1.928158362627802e-09,1.4980361363213027e-09,-3.3533718064168753e-10,-3.36613328354958e-10,-1.1641019855452229e-09,6.276022383785544e-10,1.9271922829768204e-10,-1.5919761587521667e-10,8.334088580825124e-10,-2.860260945576332e-09,6.30987117973503e-10,-1.1851529287974393e-09,-1.4573877672343295e-10,-1.7792500323098935e-10,3.287967946398326e-10,7.50364259604817e-12,-4.5419528332057094e-10,1.2279003525245382e-09,-2.0100120346661655e-09,1.5551895199805904e-09,-1.3287587018636386e-09,-8.995403425011646e-10,-9.753031132280516e-10,5.173637932407141e-10,-2.087513925382803e-11,-4.2726060581772556e-10,7.211409451746992e-10,-2.079177356471158e-09,6.711978838743188e-10,-5.535397051995797e-10,-1.0203542512079461e-09,-5.642832377141459e-10,4.516505353332193e-10,-7.016244542448511e-10,-2.38417178075195e-10,-1.1191517492960086e-11,-6.181185215561159e-10,-2.997820318210936e-10,-2.6876389971309743e-10,-5.527004601138649e-10,8.233364414678251e-11,1.5511576557470093e-10,-2.5825322024821303e-11,4.261410393616904e-10,1.728309649793186e-10,1.490140960262185e-11,-1.0924917215167951e-09,4.595215076413342e-10,-4.821473024926734e-10,-5.252393256110465e-10,3.631752874542116e-10,6.495832519022877e-10,4.6978772402253296e-11,-3.045417673259348e-10,7.482453900136163e-10,-5.871105023151469e-10,4.3616378582508493e-10,3.4340719837130127e-10,3.1796465396480054e-11,3.614929634066419e-12,5.537381829780027e-10,-7.95430710944453e-10,-6.267958261720464e-10,3.7018275325373056e-11,1.1645144384528856e-10,-3.27219034120615e-11,1.0003974211757299e-10,8.009509626372575e-10,-2.614237646554345e-10,5.439315481246138e-10,9.995953375092551e-12,-1.5953563829692488e-10,9.69314817535771e-11,-6.07514660456002e-11,-4.38968031604704e-10,-3.155407270749831e-10,8.716327707102413e-10,4.3789044366990525e-10,-1.957646626322592e-10,9.643667737381593e-11,3.6003716464790997e-10,-5.281152238401294e-10,5.499681008434812e-10,2.787051613529833e-10,-1.358873039453104e-10,-7.851137377833784e-11,-1.6307684212777166e-10,-8.798793132310585e-10,-2.443393914927481e-10,-1.1147681025644288e-10,-1.2593037892187725e-10,-3.771126680978624e-10,2.0929933209017891e-10,4.19546631480006e-10,-2.719275428724019e-10,4.618716880416907e-10,2.0693808104122177e-11,-1.1091970542890382e-10,-1.0875277981770673e-10,-2.50608293175371e-10,2.4711037667613124e-09,1.5646748463157806e-10,-2.5954250813073103e-10,-3.197905246530253e-10,-6.626986119787657e-10,-1.4204327631947567e-09,-1.2660563473953653e-10,-3.3616525236748353e-10,9.150689769155997e-12,6.68808868238554e-10,2.913150997355965e-12,4.113898519903711e-10,-6.460391465436914e-10,-5.023878022264485e-10,-1.9338858890862065e-09,5.578986518972408e-10,5.459248565149091e-12,2.502896175550029e-10,-1.3899576634754611e-09,2.98557817286519e-09,-6.162603884531807e-10,2.5836460497806427e-10,-1.6213456033116758e-10,5.667304175724912e-10,-4.815041361818171e-10,-1.0694523011371446e-10,-1.9697281376925634e-10,-7.373336839445817e-10,1.7566287677619578e-11,-3.926186774216162e-10,3.906164094056896e-10,-1.0707646172263049e-10,1.2878321495047806e-10,-7.39395919512409e-12,-1.6655730428938475e-10,3.578197373457785e-10,3.246675748001909e-10,-1.1615270817358966e-10,-4.711796440838855e-10,-4.377687040218426e-10,-6.703744024700016e-10,-4.050462519069575e-11,2.359590595606399e-10,8.705881722584242e-10,2.0047540931433594e-10,4.351678544697985e-10,4.0137362769440167e-10,-2.397261667781665e-10,5.957455443588705e-10,-2.626488555276037e-11,3.889170678047501e-12,4.736204737612987e-10,-1.2805929271851534e-10,3.2462004951559376e-10,1.5336413605503668e-10,-1.764187738758841e-10,-2.63135866242646e-10,1.4997541943523494e-10,-1.3928471007693563e-10,-2.942824645496638e-10,2.713781889134781e-10,-3.8617850260035697e-10,-1.1047398342006252e-10,9.745297475555925e-11
F12treat_m1,4.2886787727248386e-10,-7.952798862256783e-11,-1.6096873757216413e-09,1.3361629631101862e-08,-2.222212027478725e-09,-6.507148084836437e-10,1.5080309130281438e-10,1.2624143792466325e-11,-1.6546929927803853e-09,1.9993446695415266e-09,-4.944307774327867e-10,-3.3618887328171197e-09,1.39480559911771e-08,6.373486808201809e-10,-9.866691247213832e-10,-2.179387301127181e-09,-1.367392251789385e-09,2.0394717583698132e-10,6.212052390078791e-10,3.2242808122378096e-10,-1.8399774880063323e-09,1.4535269417212413e-08,6.244679125626288e-10,3.531832641768887e-09,-1.8313608315033461e-09,-2.443200443523164e-10,1.194640421606142e-09,2.287874844587227e-09,1.1062575666760289e-09,-3.070769940452135e-09,1.3761045869020724e-08,8.350373307816706e-10,2.9389146884522865e-09,3.41296452513552e-09,2.6172975068870227e-09,-1.243787884730549e-09,1.9091848675050845e-09,3.304384182183699e-10,-2.0084011783726376e-09,1.3784724100683343e-08,2.8894254742166664e-09,4.654549858640745e-09,1.7769667242115628e-09,2.0061299993769768e-10,8.666503559116637e-11,1.5334174175266164e-09,5.352384215113937e-10,-3.638432558549227e-10,4.913745109572248e-10,7.87248128360531e-10,-1.3825749730353702e-10,2.4436824456310946e-09,1.56354658193965e-10,-7.958152914898336e-10,-1.8760684662947926e-09,-1.128123819974644e-09,-1.2080369661604992e-10,-5.868969395101015e-10,1.1130209328549084e-09,-2.7846726833891753e-10,1.3774922376465314e-09,5.093854211922688e-11,-1.9638192324085789e-10,1.6267315815841682e-11,2.4014401467958336e-09,-4.299804216651458e-10,-5.287226838630216e-10,2.791703303826751e-10,-1.3451380139675679e-09,-8.381459074990568e-10,-8.995423609105912e-10,1.7374495975135709e-09,3.350993766960718e-09,1.1715305101468967e-09,-1.3034404619804695e-09,5.84632078061146e-10,-1.415795061162291e-09,2.1671462910507792e-09,-9.207090550771396e-10,-1.3305755990062027e-09,-2.1737499579471e-10,-1.3435936065866955e-09,7.373445560963911e-10,-5.875860613826707e-10,3.651869386888539e-09,1.7725345999319717e-09,-1.3834468401529037e-09,3.1166775665818647e-10,-1.3664047874635153e-10,2.6330911063257377e-10,2.638231318079461e-09,1.0868038894164894e-09,-6.858666725144542e-10,2.1269156685737323e-10,-1.0564018607960205e-09,-4.32256239112949e-11,9.70867634170645e-11,1.5717823217740968e-09,1.934726479666436e-09,-8.453328975505259e-11,-9.94245508738187e-10,5.248113962673958e-10,-1.0982971389182032e-11,1.436891230534878e-09,-1.488462945379174e-09,-5.799766323919219e-10,-2.259570921756681e-10,-2.1501298424489213e-10,7.360174799221995e-10,-8.845270050122984e-10,2.193034283491353e-09,1.686055681307676e-09,1.5646748463160707e-10,1.211166731957873e-08,3.450564616807346e-10,3.727618125178372e-09,-1.6659855508995314e-09,-3.83885096723193e-09,-2.626629777321098e-10,9.187614869918274e-10,1.0607258642625757e-09,1.6647694333501044e-09,8.388534576637335e-09,4.8828445783593826e-09,8.889214805846302e-10,-7.708483174602342e-10,8.233519442003675e-10,9.012852859197422e-10,-1.5276697112037468e-09,-6.346624161054973e-10,1.4004690481412147e-09,-1.592196174004026e-08,-2.30895168850515e-09,-3.0947014531260173e-10,3.381965203460758e-10,1.0682987230988556e-09,4.2100510051992667e-10,1.0940975134465219e-10,6.765566547926058e-10,-3.2014341895841467e-10,1.4948098757759394e-09,2.3255388622630749e-10,8.788879408385706e-10,1.4210343084334797e-09,-2.4306900585437914e-09,1.511750640816828e-10,-2.7364043261096153e-10,-1.0852054474533441e-10,4.4595019401201e-10,-7.382956624543748e-11,1.6957579627524302e-09,2.7710866271575877e-09,-6.870226711008177e-10,-2.600763879530602e-10,1.2341181325239485e-10,4.365970413561551e-10,1.2982505351387975e-09,-1.8673224970007023e-09,1.8018065430876987e-10,-1.991207542795399e-10,-7.255542141784393e-10,3.1467505873540303e-10,-4.334820234125342e-11,-1.2976483114935704e-09,-1.2481792913613017e-09,-2.218321332713511e-10,-1.4305289542945523e-10,-1.074469606240665e-09,-9.971447229455802e-12,-2.1556986822741245e-09,6.164287540020329e-10,7.513614766016402e-10,5.552166668613388e-10,3.4742681472992546e-10,-1.5972713335547181e-10,5.152145774287325e-10
F12treat_p0,6.646122762781676e-11,1.983837694247844e-10,6.429230041631831e-10,2.956075182233838e-09,-1.714852493310914e-10,-1.031391067095234e-09,-3.473588783379251e-10,1.1148008054987286e-09,-1.2523710671045309e-09,3.517865093480689e-10,-2.057344675562347e-10,1.8114243006065902e-10,2.4914520685516337e-09,-2.395104616757241e-10,3.9999024075220725e-10,-3.2949907304420146e-10,6.575023764060798e-10,-9.012857323061518e-10,8.53657308585252e-11,3.1794647895176675e-10,-3.1571591366360687e-10,3.3670073420624103e-09,6.997277234431097e-10,2.4242663754217108e-09,-7.024743923679243e-10,-5.48307416432047e-10,-6.805234796369271e-10,6.653866160938868e-10,5.619803249414671e-10,-1.3117184381551374e-09,1.7816530723441878e-09,7.111149720682061e-10,1.0653764483815028e-09,5.481908973370068e-10,1.3799830995478411e-09,-1.1219905905581812e-09,9.146240219904375e-10,5.569804147973909e-10,1.236425137913019e-10,3.251564385638288e-09,1.6847130732118893e-09,1.3125002023255685e-09,-2.29528496243558e-11,2.1340601801497417e-10,-1.54220584306041e-09,5.219408988077542e-10,-1.5118262164193232e-10,-1.3971011974907157e-10,1.0568936267476591e-10,-1.0765446787628411e-11,-1.23916528045936e-11,1.4617606410421385e-09,-4.653080394299074e-12,-6.549059262836854e-10,-4.807617427734072e-10,-1.0969853404654445e-10,-1.2104377921521155e-10,-2.9707689379582804e-10,1.2300261683462478e-09,1.1179947745754409e-10,4.420744612691066e-10,1.890254372706027e-10,-2.869470112282197e-10,-8.072300977694258e-10,5.561339256448237e-10,2.8830992501388023e-10,-5.613937467425868e-10,8.794765592295532e-11,-6.256433584374671e-10,-8.154870670606256e-10,-3.3752203828166445e-10,2.456219251240541e-10,6.519044759479231e-10,4.3494312007580236e-10,-1.9360756448125073e-11,3.9540204627950423e-10,-8.457568793084318e-10,1.1473908887131054e-09,-2.7128481604096514e-10,-1.0573089789438036e-09,3.7078484722874723e-10,-1.2353201740288957e-10,-8.518122958208666e-11,-3.0391276269782127e-10,2.117781050374168e-10,9.530079411433956e-10,2.5646346665879165e-10,5.264938161673138e-10,-1.0653036804561437e-09,-7.181221964288675e-10,1.0357500783058038e-09,7.16603714190001e-11,-3.648466531060075e-10,2.3312280386507667e-10,-6.262671791748582e-10,-3.5778169727068557e-10,1.3746432000667586e-10,5.044049983091357e-10,8.003633786120797e-10,1.0030408509490682e-10,-3.673654827380877e-10,-8.803183190665346e-12,2.669691562020789e-10,1.3997175345340588e-09,-6.422666567098642e-10,-2.437227536244577e-10,-1.505410901790109e-10,-1.730576221576709e-10,2.977954764486212e-10,-2.2731875047118763e-10,6.488034604684573e-10,8.194683874925944e-10,-2.5954250813070187e-10,3.450564616807295e-10,3.79171123128657e-09,9.048412511903291e-10,6.982284869291222e-10,-1.7504534765291975e-10,-9.90423251178832e-10,3.044902874445827e-10,7.822390166795185e-10,3.948144464595165e-10,4.085702769035177e-10,1.8257318489390425e-09,-2.1021483979628896e-10,-5.538613907984072e-10,1.0083871183677368e-09,-1.3623615736019756e-09,-5.116795603139007e-10,-5.222290555081647e-10,6.459389004917892e-10,-4.108836560836417e-09,-1.6347920672399115e-09,-3.6425874720779896e-10,4.767611853201595e-10,1.839096442694634e-10,9.125255085420476e-10,-1.145710804563107e-10,9.752267691727088e-10,-3.785771849981297e-10,1.7288947827103897e-10,8.760372086785915e-11,-3.52242185215189e-10,7.672989396810959e-10,-7.043560590080128e-10,1.4932836093295174e-11,2.5353727720863513e-11,-4.5884063400232276e-10,-1.0489659547625018e-10,-7.659960534467013e-11,8.926449901236509e-10,8.099927316166438e-10,-3.338982711391178e-10,6.924352450666812e-10,-3.098130431292878e-10,-6.922050118076627e-10,8.963408213003204e-10,-3.781812646696585e-10,-2.2173370158243486e-10,3.382568987106717e-10,-1.244760189087931e-10,-1.8941191687668946e-10,-1.3243726735663617e-10,-4.964600752781716e-10,-2.6077178919863443e-10,7.735143551906628e-11,4.905962566159282e-11,6.304657766744846e-11,4.257161887338742e-10,-1.0051709718487248e-09,1.0489060618077402e-10,4.146086677892894e-10,-5.516418572115372e-11,8.60969517187138e-11,1.252816242117362e-10,1.3672196330668595e-10
F12treat_p1,-6.15347954605071e-11,-4.902261374847389e-13,-2.5522354665717307e-10,6.0329879555324474e-09,-1.3272669118197285e-09,-3.11501555866174e-11,6.690824832019294e-11,9.16233161576411e-10,-1.8051976533052146e-09,6.771426637301254e-10,-3.6271201065988524e-10,-1.222137590137937e-09,5.875948319920194e-09,-1.3523406413008372e-10,1.3541939515235425e-09,-7.21703499572035e-10,-3.910028546997593e-10,-7.123492483132961e-10,-7.512978997583424e-11,4.2394926898100657e-10,-1.1494731381618031e-09,7.179856572654127e-09,-1.090184175663438e-09,3.779784826994363e-09,-7.456152163896184e-10,-2.1686547404180274e-10,1.0405564913901913e-10,7.87358551618811e-10,7.982439373849961e-10,-2.475697011113212e-09,5.55115353623791e-09,-4.243614675819254e-10,3.7400946704141734e-09,2.3238177489403254e-09,2.30869193306095e-09,-5.612258632028463e-10,6.617642483482776e-10,-2.8828621136216175e-11,-1.373152400822044e-09,6.722998612374279e-09,1.0434984508290685e-09,2.321251949458709e-09,1.0891112575522392e-09,-2.418901432043806e-10,-8.538402596217134e-10,6.574408528934949e-10,-1.3039001470231126e-10,-5.697007905839359e-10,7.226205381278284e-10,6.041271514482033e-10,-3.5684845334862863e-10,1.6216120898066525e-09,-1.3667866741576476e-10,-8.330926586109114e-10,-8.077593389601986e-10,-6.160396354183196e-10,-2.206170129999234e-10,-3.808567219623947e-10,1.0614300130973428e-09,6.656462543623071e-11,9.11587878033653e-10,2.1364684331262503e-10,-3.3021501450446685e-10,-6.127614212891557e-10,1.156335825821373e-09,3.986091941078789e-11,-7.783782548168717e-10,1.8579686352277155e-10,-1.1086755398327504e-09,-7.828276797915112e-10,-4.921735867368277e-10,9.48500444605638e-10,2.0233576970287962e-09,1.0090956366804774e-09,-3.5386261417638683e-10,8.744571300812298e-10,-1.4054363755907674e-09,1.377834077829137e-09,-3.1375276498690505e-10,-1.1647015824261794e-09,3.538690559841928e-10,-1.0161024592616388e-09,4.965125552147343e-10,-2.4588500352859267e-10,2.128895175966283e-09,1.478659195370047e-09,-3.872340023967853e-10,7.144755167421126e-10,-5.465477953771619e-10,-3.3179151949560046e-10,1.40173731932303e-09,2.7953212652694607e-10,-3.0511284422661017e-10,2.3766763635673335e-11,-8.060707600996553e-10,-5.262057787301385e-10,3.126343519542166e-10,1.0334447448123895e-09,1.2622307858406039e-09,5.384951251143081e-10,-5.577677261944936e-10,7.957961061555307e-10,-3.11063282230686e-10,1.2289673510760897e-09,-1.004267043239325e-09,-3.993085478402621e-11,-1.9422684501025072e-10,-4.1668851909065074e-10,1.9834651252330914e-10,-3.7283408805950657e-10,7.421898080218512e-10,6.049614859627971e-10,-3.197905246530059e-10,3.727618125178418e-09,9.048412511903307e-10,3.5581663231020452e-09,-4.773355992721194e-10,-1.401408997165513e-09,-7.690173406178511e-10,3.236711881960313e-10,7.986459371103942e-10,1.243812039459245e-09,2.576897055915603e-09,1.8411535385449238e-09,1.8101787430422722e-10,-9.104466101894359e-10,9.268886140742655e-10,7.268858137124306e-11,-6.581097239168434e-10,-2.6803219429902746e-10,1.0090577771594153e-09,-8.21750674743695e-09,-3.5498939890348126e-10,-1.2235746825107493e-09,4.971677718980959e-10,5.658330488317562e-10,6.289649057103371e-10,2.9380876194090507e-11,5.225022016455846e-10,5.77070641256791e-11,8.55955840787532e-10,1.8654024384684913e-10,-4.3751257280734745e-12,1.1264581242424581e-09,-1.0510875818903001e-09,6.030856950498887e-11,-1.8527587530666582e-10,-4.768244758154519e-10,2.621985635737818e-10,1.245817147044018e-10,1.6071593539769459e-09,1.5023853402656928e-09,-6.840736254654894e-10,-9.039001306466482e-12,-1.728996364743049e-10,-4.693860258871759e-10,7.567543209656482e-10,-9.72723729206535e-10,-1.8858637063519561e-10,1.6468369389793862e-10,-5.796184576874951e-10,1.4357072538778005e-10,-2.7329092666946064e-11,-9.575933753654393e-10,-5.22320176599317e-10,4.108738011028398e-11,-2.0215990502020944e-10,-4.2075380205920445e-10,6.196607895105135e-10,-1.3738015843795888e-09,3.4195344230541576e-10,5.372851614822761e-10,2.0133684052647377e-10,2.8757971393929743e-10,1.1531061992870165e-10,1.9033207309705915e-10
F12treat_p2,-3.8397995557849375e-11,1.09085716860193e-10,8.056119334703392e-10,-2.3940343327749956e-09,1.0394352856297854e-09,-6.424829134732229e-10,2.3014414662913196e-10,1.1985228346230274e-09,4.6101087164175855e-10,-3.5670785983421014e-10,2.8393655455717626e-10,9.808501570216397e-10,-2.43219210308645e-09,1.6019338504229013e-10,-1.4268135284765263e-10,9.053885182312842e-10,1.1628269232649329e-09,-2.25015190527764e-10,3.293427822117967e-11,9.178059110314502e-11,6.898279979163385e-10,-2.445627730103879e-09,3.6175651703483114e-11,-8.12459645846326e-10,3.4783697217601483e-10,-1.0644997345863838e-10,-3.711773734342106e-10,-5.378124994551894e-10,-3.9589655041023864e-11,1.0047708887730362e-09,-3.307694366533567e-09,5.222068139110871e-10,-7.45094895404582e-10,-1.187263569308113e-10,2.6740599085619344e-10,1.6897095228238588e-10,-2.0044383145498568e-10,3.7779984156525815e-10,6.812690654780378e-10,-2.1132619250815534e-09,7.129878019861582e-10,-1.4604127762732543e-09,2.7999874743169137e-11,3.352814249062863e-10,-8.605009621949593e-10,1.382779607040987e-10,-4.5518509603427735e-10,-2.2676226239936115e-10,1.1922900507199413e-10,-2.857453457742138e-10,-7.380249015615429e-11,-1.0837830279221745e-10,-9.216683950934183e-11,-1.5273218296772563e-11,3.2849860744034043e-10,1.7999743159983625e-10,2.216639664095526e-11,9.947792934534624e-11,2.1553970966996816e-10,-5.0009470368677386e-11,-4.5278424361905123e-10,3.8503871020471965e-11,-8.142974586936027e-11,1.0988782855153186e-10,-3.554283646236017e-10,1.884285131383359e-10,-3.9371080015532434e-11,4.626881080175103e-11,1.537446658113138e-10,-5.4991644597711e-13,2.83720908347457e-10,-1.5789080288931898e-10,-1.2652345312143089e-09,-3.0586695372527666e-10,3.6531213279098383e-10,-5.84633212397782e-11,1.4915116443143977e-10,-3.1667275497177853e-10,1.5335554625805745e-10,-2.7574146690498168e-11,9.278258070332469e-11,1.66805372987905e-10,-2.2679914508036123e-11,1.1836676915731385e-10,-8.171981622192201e-10,-2.7479780091632167e-10,2.1205490241007655e-10,-1.3421273880470998e-10,-3.496707536796208e-10,-3.119496430546715e-10,-3.9892566975725564e-11,1.117178661653647e-11,-1.2652667625727964e-10,1.9278792394690336e-10,7.282057221697226e-11,-2.00559119979952e-11,-5.65027056105121e-11,-2.4956911840506933e-10,-3.976162626953177e-10,-1.446476801924945e-12,6.852269607848616e-11,-3.720760671546794e-10,-1.6838356371749313e-12,2.0348243446580243e-11,1.2867560268421255e-10,-7.60916107938178e-11,-1.433470810371025e-10,-5.074536375162931e-11,4.609099500076925e-12,3.054729347393433e-10,-4.223825811592105e-10,4.2833662606872375e-11,-6.626986119787522e-10,-1.6659855508995053e-09,6.982284869291233e-10,-4.773355992721223e-10,1.6794889195026578e-09,1.2492719068091094e-09,2.2622155351981338e-10,2.6424083680785957e-11,1.817091221400949e-10,2.9285467420161573e-10,-1.9727777505869057e-09,-5.970444449736364e-10,4.844412057287117e-11,8.453667293386128e-10,4.2850351194272367e-10,-6.74526531844629e-10,2.7620650810566674e-10,-1.2648685846394012e-10,-1.861196218043856e-10,2.589400757264958e-09,-4.5689738417644676e-10,3.08166676994178e-10,-5.085674543847096e-10,-4.764914949572358e-10,1.3946490281064933e-10,2.7188521303333856e-10,-1.270569237436328e-10,-4.429977114238717e-10,-5.751206647694426e-10,-7.937716435511852e-11,-1.9064972731092857e-10,-1.2932791966822315e-10,9.173805925710805e-11,3.0046634101236365e-11,6.197339809959237e-11,5.697117355345775e-11,-1.18750585785133e-10,-7.591877773558961e-11,2.6211826266123e-11,-5.090040703660725e-10,-1.4710041743284867e-11,2.982168028679642e-10,-2.533005314294974e-10,-2.6399359169446744e-10,-1.4960903909227154e-10,2.6271432373844157e-10,-2.883118971996066e-10,3.527369667362952e-11,8.760849714296157e-11,-1.0932084142058437e-10,4.713247640273379e-11,5.1194508481456874e-11,2.868141604192515e-10,1.9200600931854062e-10,2.9359628467411085e-11,3.7840427344500537e-10,4.3670602587929485e-11,2.155413037327043e-10,-1.1485639609950559e-10,1.4892225624871106e-11,-1.6310774131563953e-10,-2.8807501091872605e-11,1.949894886607626e-11,-1.2595741263510064e-10
F12treat_p3,-1.1340128757520182e-10,-2.596447457182251e-10,4.833090115286314e-10,-6.226786121496205e-09,5.608354158769252e-10,1.1087392704669597e-09,5.941801534723356e-10,2.1288252107801144e-09,1.321281380155698e-09,-7.86217392195048e-10,3.083393134684879e-10,7.871393633544065e-10,-5.644510428076973e-09,-8.924341643179146e-10,1.2844232321145525e-09,1.0746400658138284e-09,1.889464922256456e-09,1.5732472569757484e-10,-2.638671424523408e-10,-1.532277859454227e-10,2.4252059465592406e-10,-5.965374370918309e-09,-1.2113060703581724e-09,-1.7660027957207618e-09,1.2791036925214427e-09,9.910304149521924e-10,-2.1934047766364284e-10,-1.4053043159932005e-09,-5.27314821220924e-10,8.687761939610349e-10,-7.294929299919717e-09,-2.2576606430722148e-09,-6.35645929191363e-10,-1.3257034109615327e-09,-8.86364427698416e-10,9.67975430481534e-10,-1.113248518501817e-09,7.080781334858756e-11,1.1502143621468701e-10,-6.6820871789868864e-09,-3.084025460899515e-09,-9.70995320684724e-10,-2.7574790462586815e-10,1.6154868136239418e-09,5.580145420332871e-10,-7.527904998127966e-10,-3.0074302258039933e-10,-1.5832702924289926e-10,-3.0066351066469897e-10,-7.211680048045943e-10,4.848092900021663e-10,-1.632512090228213e-09,-1.8439178520631814e-10,5.138721679389475e-10,1.1051000367689726e-09,4.132306271617872e-10,1.2857997141164522e-10,2.7306747851980927e-10,1.3349077803419261e-10,-4.19185569218438e-10,-8.417320159858057e-10,-3.9456903692904485e-10,-3.495065950670889e-10,1.6976762242754286e-10,-1.3071106523938227e-09,2.6404607598017095e-10,1.505348870268926e-10,2.4849060054874187e-10,7.174440898794966e-10,4.3466731768946924e-10,1.7627125482230804e-10,-1.0424631685697567e-09,-2.725911493923912e-09,-3.803940580582952e-10,4.861074333626738e-10,-6.319617989855692e-10,1.2913365937031361e-09,-1.5118964914713153e-09,1.610220446176485e-10,5.434423061172376e-10,2.520210000704852e-10,5.175932573188414e-10,-4.2970427593407633e-10,1.2235344132108038e-10,-1.5831151803572027e-09,-1.1737181900885534e-09,3.676320061131379e-10,-9.684456524188258e-10,-3.547927552495788e-10,2.46952715276041e-10,-1.118623388591399e-09,-4.3495848140525053e-10,2.0578852013072793e-10,5.265048543877244e-10,4.386458563587738e-10,-2.0394876304061485e-10,-1.752469659428774e-10,-9.937460300366887e-10,-1.5449547460074045e-09,4.4593808071224505e-10,3.902093632975878e-10,-7.547732760119577e-10,5.158570493071347e-10,-6.788112207644679e-10,4.3303306251642134e-10,-1.0514196380903854e-10,4.374842148506823e-10,-2.0410188319954616e-10,-4.628675094334269e-10,3.371853431268497e-10,-1.0323415533391594e-09,-8.502440464658749e-10,-1.4204327631947679e-09,-3.838850967231969e-09,-1.750453476529526e-10,-1.4014089971655096e-09,1.2492719068091082e-09,4.380042308109072e-09,2.98931638560816e-10,-1.4141177953020828e-10,-4.2752484674925907e-10,-1.06426205727606e-09,-3.862828489611823e-09,-3.438552553952778e-09,1.197475154238238e-09,1.507734278796286e-09,8.661529732174856e-10,-7.583607410303182e-10,8.313491382734247e-10,2.386063567207284e-10,2.4704541226020327e-11,7.280865494624408e-09,1.4509569213289521e-09,-7.296989730898721e-10,-4.1232311332458863e-10,-1.6238195768455855e-09,-3.316387305797827e-10,4.9992463150887515e-11,-6.657570753325394e-10,7.30167501075239e-10,-1.4893315106081483e-09,-4.909461220183685e-10,-2.0691457574309297e-10,-9.980064092487433e-10,8.700255803231574e-10,-4.446711942620339e-11,5.503984801589782e-10,-8.88752845667234e-11,-5.585674450676696e-10,-2.1195517616104216e-10,-1.061904413968214e-09,-1.7594049092136154e-09,3.618598375083535e-10,-5.817129058237232e-10,6.618740751565397e-11,-3.768064981725712e-10,-1.5073612359333042e-09,5.97834618689062e-10,-9.14168631418868e-11,3.054803784370239e-10,-1.1829267532160615e-10,4.839814935446517e-11,-1.99267934817849e-10,5.175125805700049e-10,1.0433732608092204e-09,9.400633304878717e-11,4.3927813676202527e-10,9.169550894214983e-10,-1.9623574466133923e-10,1.4122570660121433e-09,-1.2345099579979006e-10,-3.7501436615518677e-10,-5.428382232806766e-10,8.100332833037353e-11,1.3674870156977854e-10,-1.3129153656473508e-10
F12treat_p4,8.905218719521008e-13,9.327699918212563e-11,-1.4695029643880203e-10,-1.9557300975950194e-09,1.0973436344483851e-09,-7.438577762728161e-10,3.0656828036440676e-10,1.6457415389883122e-10,8.929909610202932e-10,-2.2721996106783325e-10,2.6939367424101037e-10,3.1398725096663987e-10,-2.6260674189143402e-09,1.0966772513046067e-09,-9.901170332443365e-10,5.12244974318075e-10,4.0508939883040173e-10,6.811143151729144e-10,1.1741798591636003e-10,-3.5664475023542495e-12,6.203308280345007e-10,-3.1882324645030117e-09,6.138563962551173e-10,-2.1923710923789835e-09,6.463601579474765e-10,3.504050875304774e-10,1.1060165093314662e-11,-2.7635136296390036e-10,-3.534369720792232e-10,1.3874962120790578e-09,-1.968295107186195e-09,1.1085605462859772e-09,-1.5924834217941626e-09,-8.619953514117932e-10,-3.11796434726812e-10,8.765996367545993e-10,-3.4625094317681596e-10,1.72741888102238e-10,6.544374870237023e-10,-1.9477524435424375e-09,3.0828945702260345e-10,-1.7161130105249515e-09,2.573956213467665e-10,-8.185956977565824e-11,8.430573527689852e-10,-1.399651448788729e-10,-2.422755714135734e-10,-1.396741930849789e-10,1.1620192617282738e-10,-9.916160355210441e-11,5.7948507837805614e-11,-5.726732026042514e-10,1.3951355252018894e-11,3.047801159752615e-10,2.8973298311454095e-10,2.2336280686660732e-10,2.3549052214939436e-10,1.3316973457803015e-10,-7.416392571754136e-10,1.3715960949387963e-10,-5.75386088580925e-10,5.7745877701988965e-11,3.1446409603393643e-10,5.421919028167076e-10,-2.949474367539381e-10,-8.426225884718788e-11,3.1790850347448627e-10,-4.7205073190715916e-11,3.910771224861041e-10,4.37361926650051e-10,2.538982443061809e-10,-2.740945511696457e-10,-9.318539574557247e-10,-5.75512382215932e-10,4.4147015537416455e-10,-3.697751204970666e-10,3.6931860676901235e-10,-4.466991462124824e-10,2.361831515207732e-10,6.207540869361795e-10,-1.9864607942583757e-10,3.478756796209175e-10,5.1660217995203796e-11,1.187217363171546e-10,-5.011147549244262e-10,-5.801192957528996e-10,-4.961318500094085e-11,-9.633167635133116e-11,6.168819436768562e-10,3.5219781050217313e-10,-4.2989539044075355e-10,-1.8376500747714697e-11,1.0568420511567475e-10,-4.3158124579899976e-11,3.8597431862424347e-10,3.6932328450236636e-10,-1.4116896399743156e-10,-2.7498291504605574e-10,-5.991686003789798e-10,-3.664680609784578e-10,1.506846428879647e-10,-6.437923599581277e-11,-3.6807405614205567e-10,-8.529948746690198e-10,4.4085479843514304e-10,5.452978482864704e-13,8.653836258230887e-12,2.369637482645147e-10,-8.011843311836446e-11,1.0189464446958516e-10,-2.554386234533216e-10,-3.09194774924376e-10,-1.2660563473953893e-10,-2.6266297773209833e-10,-9.904232511788324e-10,-7.690173406178547e-10,2.262215535198088e-10,2.989316385608146e-10,1.3283551403388585e-09,-8.610469580759572e-11,-2.5127906784379386e-10,1.246807633118402e-10,-9.137706735470643e-10,-3.524679229054522e-10,-2.1932327010051386e-11,3.9884172718575913e-10,-8.390575236318208e-11,6.947842407245209e-10,1.2995861260169982e-10,3.00258520983159e-11,-7.147994686178319e-10,3.4425717808808403e-09,5.3941037837368086e-11,9.49867731795191e-10,-5.08640217690739e-10,-3.300004331308537e-10,-6.871623865754607e-10,2.718136765537375e-10,-5.460634478252364e-10,-6.423472607508451e-11,-6.291950375722691e-11,1.5518511528423881e-10,7.929341911262131e-11,-3.169706123578091e-10,1.8807070614203607e-10,-4.64273321883699e-11,7.456474355070153e-11,4.4026884225596593e-10,1.2361872456109354e-10,-5.270602560807188e-11,-8.265265166134885e-10,-5.501647723493792e-10,1.4129453620388905e-10,-2.26164339200338e-11,1.0635901772377331e-10,4.848066492706663e-10,-1.1055699630232915e-10,2.472220125865048e-10,8.153403232292321e-11,-1.249051441207669e-10,3.207251247035413e-10,1.5719486470404744e-11,-2.5419244212396692e-11,3.9859556816691835e-10,1.8527173595113264e-10,1.111979495587076e-10,-1.28792752233442e-10,-7.845542689057152e-11,-3.4580491848794463e-10,4.099551989734879e-10,-1.314280921368911e-10,-1.9664354971247468e-10,-1.1384275245392588e-11,-1.7289524808736861e-10,-1.6679988157270856e-10,-6.913512131164637e-11
F8treat_m4,2.0677099151857334e-10,-2.4390135392222214e-11,-1.2043926753000282e-10,1.7903832633587948e-09,-7.176274474974877e-10,3.600204933652741e-11,-8.708902026375326e-11,3.6541959980704274e-10,-2.778293667253555e-10,3.7936705997230164e-10,-1.9216261286165653e-11,-4.715682605800818e-10,2.4195811439795963e-09,-6.13574073127758e-10,-1.9833588499784065e-10,-4.707085089422168e-10,1.6441849661835736e-10,-1.731189725477118e-10,2.337374054391434e-10,-3.770799115112312e-14,-3.875079549574588e-10,2.3356416668663754e-09,-5.148381580706191e-10,6.617173249639816e-10,-3.890662644953856e-10,-3.832164745303083e-11,1.411761762496358e-10,4.260891978520955e-10,3.3482195562837805e-10,-5.571288437471543e-10,2.276730732994054e-09,-6.541753593572458e-10,3.817788500727484e-10,5.919206871803188e-10,9.87563505291132e-11,-5.583719094467962e-10,4.57038520008864e-10,1.7208290201621033e-10,-1.4492495636851208e-10,1.788134346896305e-09,-4.5476609978579643e-10,7.340265027032025e-10,2.805619226276552e-10,3.4196739962756646e-11,-2.0212941017847276e-10,4.2584962926081723e-10,3.178187957317227e-10,6.821916218629926e-11,-1.2463183309073433e-10,2.573757673024997e-11,-6.152025742756763e-11,2.6400938255176366e-10,1.1111603650657736e-10,-8.306857544308564e-11,-2.1115636587505143e-10,-8.537080206134176e-11,-9.53326293037741e-11,-8.774938224824594e-11,4.4104235024328616e-10,-1.0644040688407575e-10,1.2313352378995282e-10,6.138478083527656e-11,-1.1106870268037621e-10,-3.395829899568962e-10,2.756951151769354e-11,9.669362099728046e-11,-1.3988271730392205e-10,1.7063955493600602e-10,-1.6494935928735245e-10,-2.119239433878704e-10,-1.4778486166662942e-10,2.533367173125273e-10,2.0527836478081523e-10,1.839421215759535e-10,-1.0569811245896317e-10,2.324546248542582e-11,-3.088023528897341e-10,7.566794663747087e-11,-3.860366345777456e-11,-3.494241119097358e-10,6.192420580280176e-11,-1.8134148963343593e-10,-7.003711250976166e-11,-9.391209826809534e-12,1.1502209826083752e-10,7.377387839932765e-11,-6.068739117890243e-11,-2.160222598341315e-12,-5.094954875789862e-10,-2.591681277895064e-10,2.6383855858599444e-10,2.5347451067283107e-10,-1.3189014897759672e-10,1.1869399564111824e-10,-2.993134709917271e-10,-7.83381390791823e-11,-3.956714892209364e-11,1.5504424936674604e-10,3.125139508334747e-10,6.288071547672441e-11,9.9750453963288e-11,-1.0471534976410594e-11,5.840276187197274e-11,1.4539373296263801e-10,-1.709845339473173e-10,-1.3042661348037828e-10,1.095793480684263e-10,-6.720926750697038e-11,1.2778388520691012e-10,-5.2936558112147044e-11,4.0450777890708267e-10,4.330700834488172e-10,-3.3616525236748255e-10,9.18761486991834e-10,3.0449028744458147e-10,3.236711881960297e-10,2.6424083680786258e-11,-1.414117795302079e-10,-8.610469580759504e-11,3.777512715641684e-10,1.3505107741264273e-10,-1.3114346274017165e-10,7.235471451699261e-10,3.6162064705804105e-10,1.018113099092572e-10,2.922892048075174e-11,3.451876385540926e-10,-2.502507011577537e-10,-2.402447892712477e-10,-1.834036771305398e-10,5.317133631352329e-10,-2.510093022188701e-09,-8.205591727956063e-11,-1.1628584398173551e-10,2.1415870756261674e-10,1.966369309088749e-10,2.614879726798679e-10,-1.3222449295427802e-11,2.8356688887785814e-10,1.0665124976221497e-11,-1.2644002661411428e-11,4.2257015248147334e-11,-6.684357164615233e-11,1.4628860678123487e-10,-1.171142435599313e-10,-1.9217126236619636e-11,-1.5630929772187075e-11,-1.358108118950284e-10,-8.854656585659023e-11,-3.16959849936536e-11,3.8583711095980014e-10,4.1339265102872583e-10,3.826894444930167e-11,-4.296592821576692e-12,-1.2918558294091897e-10,-4.3107992341594944e-10,-8.874296626320319e-11,-1.4247075195833703e-10,-7.325996502459778e-11,7.505693409291283e-11,-1.8279794023156436e-10,2.3610620291523007e-11,-2.3018383808706637e-11,-3.135453491120635e-10,-1.2735789906960073e-10,-4.7141123990060456e-11,7.583943633508001e-11,6.382486950796137e-11,1.598308265976524e-10,-1.197842463807353e-10,-2.4593721912810306e-11,1.4249468458305917e-10,-2.6828567111259533e-11,1.1589479308318628e-10,2.3427938315714864e-11,4.06222949098523e-11
F8treat_m3,5.111109873011161e-11,1.5528878007626337e-10,1.0962089791195736e-10,1.4913710365613792e-09,-4.4692131398824454e-10,-8.005677546526059e-10,-1.2356580378305584e-11,5.767203708743575e-10,-3.6985370427380825e-10,2.2949646195463648e-10,5.194306890427609e-11,-6.475953642123503e-11,1.4832704674187765e-09,2.293756082023883e-10,-2.368915705428931e-10,-9.5649385454721e-11,1.7053486651249886e-10,-3.437216289101372e-10,1.3195190851910279e-10,2.952866433607237e-10,-2.296112329635051e-10,1.61970611493194e-09,2.2904876171548065e-10,8.254604637253876e-10,-1.0840919924051278e-10,-1.430944151957482e-10,-1.150156770741199e-11,3.3287511558110125e-10,3.782656194803439e-10,-3.374642062264893e-10,1.0662427260621577e-09,1.7891961820230112e-10,6.027278179177453e-10,7.217620009703838e-10,8.550658359378026e-10,-1.894678027638821e-10,3.2471970933868253e-10,3.5894694348435435e-10,-1.0601988419669761e-10,1.7754065134871351e-09,1.101499482736343e-09,6.418334331304871e-10,2.8770300780281025e-10,1.752509006147504e-10,-5.809640164410976e-10,3.1554835588551497e-10,-5.4438966346940544e-11,-2.944381330928994e-10,1.0931728354076659e-10,1.5330543121569163e-10,-4.52353830477323e-11,6.100919037578014e-10,-1.4210467494669724e-11,-2.585366734655645e-10,-3.3303552193882054e-10,-2.2419095843068234e-10,-5.659722581644204e-11,-1.3877005855814172e-10,1.845386708385602e-10,7.449019934453605e-11,2.5394478063855313e-10,2.1811708292343068e-10,-8.642187779547786e-11,-1.6144293291037257e-10,4.815797663752503e-10,2.4394905045518273e-11,-2.431030554528384e-10,2.826138474953287e-11,-3.5328213441635454e-10,-3.0466334958011624e-10,-1.2421960616761275e-10,2.553753008801356e-10,4.1996305805726774e-10,1.270664080396863e-10,-1.9655019169809708e-10,1.7196249124877037e-10,-3.951219360649088e-10,5.632442032701007e-10,-1.799491410701322e-10,-3.4744400614286184e-10,5.1412494547635544e-11,-2.2521192391944756e-10,1.3359634102097074e-10,-1.4291827032481152e-10,4.58329425874445e-10,5.434241021156681e-10,-2.255076240811029e-10,2.7323068926269444e-10,-1.7714860087992798e-10,-1.7330639920845496e-10,5.938912377393774e-10,1.6855288605461858e-10,-1.2004676108219063e-10,1.2631272948584478e-10,-3.38894667941285e-10,-7.079031468951715e-11,1.0107529736321389e-10,6.571110938454396e-11,3.8722581488798076e-10,-1.5748004972435067e-10,-2.9319415785504077e-10,8.722546766514284e-11,5.880621497433138e-11,6.360578577155942e-10,-4.262630043666576e-10,-6.679883531870757e-11,-2.1002171114753842e-10,-1.7876371568045975e-10,1.777300440697593e-10,-1.010919460462276e-10,3.655368189173133e-10,5.158829563646221e-10,9.150689769152625e-12,1.0607258642625581e-09,7.822390166795031e-10,7.986459371103852e-10,1.817091221400952e-10,-4.2752484674925664e-10,-2.5127906784379344e-10,1.3505107741264175e-10,6.471909182020019e-10,4.1443243453638664e-10,1.1011385961275337e-10,1.0135751904936533e-09,5.46450743663793e-11,2.3162031108238587e-11,2.4998722625475004e-10,-5.647708029150106e-11,-3.008170654019047e-10,-2.9507465064287756e-10,2.8705932966142976e-10,-2.196147942385275e-09,-6.502720451087664e-10,3.480046215562108e-11,-5.643920812139669e-12,1.4874131190151254e-10,2.746642721480845e-10,-1.3654731118681263e-10,2.871674860153199e-10,-2.1237256640105455e-10,1.6674155188924967e-10,3.2151811461281397e-11,-2.600308954858212e-11,3.54758672575835e-10,-4.834351757228821e-10,1.3756482310053133e-10,-7.088589188910502e-11,-7.972954922111817e-11,7.404701375270674e-11,-4.28442397172468e-12,3.620581283472784e-10,4.468349205895622e-10,-3.960922713812273e-10,2.141935307765996e-10,-1.5839876024031236e-10,-5.640667133655813e-11,4.680602901764516e-10,-2.6723081548342883e-10,-2.3190399271472302e-11,-8.98405136024175e-12,-7.190582879697978e-11,-2.182750100641502e-11,3.417508074320855e-11,-1.6104450101754445e-10,-2.3167995742953376e-10,9.865484728984004e-11,-5.217328562152916e-11,-1.2432139179226857e-10,1.2678925902748427e-10,-5.29692542388046e-10,1.0123307817190762e-10,1.696289884616681e-10,9.128170110402724e-11,9.110348593924913e-11,1.2506616119926422e-12,6.798847377779867e-11
F8treat_m2,-2.3471694496803674e-11,-7.237363809103143e-11,9.820466940016765e-10,1.179892538352366e-09,7.052342332020714e-10,-6.5579795271373e-10,3.62801789802707e-10,-5.526320584789171e-11,-1.7086803351305598e-10,1.2003039210827742e-10,-7.820970023404404e-11,8.555103174368175e-10,3.525247150897e-10,1.5734391116617108e-09,-1.2065327724602876e-10,3.961257134368857e-10,-3.216141012764305e-10,3.6507557125766786e-11,-6.442626555592373e-13,9.563969884603433e-11,1.0562393546656025e-09,3.213461160472296e-10,-3.318383416237127e-10,4.634953411389749e-10,-5.298605439238076e-10,-6.607766495042666e-10,-2.428328049414988e-10,-1.6747606514228568e-11,-1.6855158778088093e-10,7.016629425288904e-10,-3.5521457717759227e-10,1.8143382070308452e-09,3.0168224863085906e-10,1.0234592675853572e-09,9.568059603630336e-10,2.2102189356278205e-10,1.4297397492407217e-11,-1.624324504185261e-10,2.850655973523531e-10,1.878689429823221e-09,1.6819863982275199e-09,-2.3838746293391704e-10,2.1733715079686276e-10,-6.017790828108296e-10,-6.056855947249813e-10,2.6985001331046914e-10,-5.771304791400336e-10,-4.1580583298224886e-10,6.315543286983857e-10,1.3794012943627212e-10,-6.665605614363184e-10,7.177812521787197e-10,-1.0519792190026793e-10,-4.911139091898406e-10,-2.9506027546723224e-10,-5.727423246680496e-11,-1.9035757896826755e-10,-6.687610971298202e-11,4.374997575534105e-10,4.233925694521379e-10,-1.177198781464451e-10,-2.051701549966286e-11,6.500458755202159e-11,5.362461088274692e-10,6.664664180006409e-10,-2.652681874730097e-11,1.3020085803951635e-10,-2.1520905011539119e-10,-2.6021406278149016e-10,-2.0363343851985384e-10,6.00195359438215e-11,5.05949212884393e-10,7.308179162435196e-10,-3.4607288710001425e-10,2.0537200487175888e-10,4.29206633629257e-10,-5.809972672440756e-10,6.644764109641185e-10,-3.542282249025721e-11,-3.361363221851993e-10,-1.289560768162518e-10,-2.8340190502223325e-10,2.1556274602202526e-10,-1.0215154561297286e-10,1.0047871424125604e-09,6.991649477291734e-10,-4.3795162898123887e-10,-4.640303691143404e-11,3.1614896671714494e-10,-1.3842767670819003e-11,8.60140088740892e-10,4.678581790417015e-10,-1.4445827158294414e-10,-1.9977629315935643e-10,1.1134081580879827e-10,-1.9898854247059088e-10,-2.2601755244017492e-11,7.005060092383801e-10,3.470596647465043e-10,-5.759674398710818e-11,1.5450209220789786e-11,1.0534081041898667e-10,-6.097572758570348e-10,2.3572073731251777e-10,-3.62904801433256e-10,4.827612006279083e-12,-5.615683425427575e-10,1.5146425354179792e-11,-6.541758113921188e-11,-1.269526340543849e-10,-4.3028151936606027e-11,1.8538706510081706e-10,6.688088682385632e-10,1.6647694333500145e-09,3.94814446459482e-10,1.2438120394592192e-09,2.9285467420161243e-10,-1.0642620572760406e-09,1.2468076331184498e-10,-1.3114346274017591e-10,4.1443243453638954e-10,2.638251462348036e-09,6.165861099466256e-10,1.0815775291952092e-09,-4.1389792923303293e-10,-3.922703238277852e-10,-3.410270777946286e-10,1.711296966063048e-10,-8.867902123911829e-11,-1.058375242869183e-11,-9.98440997381474e-10,-1.2746273729586994e-09,-1.109016275915637e-09,1.623947968648233e-11,-3.68953676249285e-10,4.764775456179399e-10,6.933621324545851e-11,9.911582530910006e-10,-3.150664316515976e-10,-1.007960451401448e-09,2.1964673528510028e-10,-8.111711408420132e-12,3.963119933895949e-10,7.575368209602929e-10,-6.548715024494514e-10,-1.771629169552124e-10,-2.1227769517536445e-10,2.436586696870329e-10,2.8585317989566595e-10,2.9691372752987985e-11,8.272755855000871e-10,2.352637613669022e-10,-5.784160158658691e-10,5.286722067539218e-10,2.8687392727357123e-10,4.017436683990256e-10,5.356423368881926e-10,-2.0109805578103355e-10,-3.0840708733912e-10,-2.1459874672135911e-10,9.332331605672647e-11,-1.32462213109614e-10,1.0575005229394304e-10,-4.168059760144661e-10,-2.852562032867093e-10,2.983539620156376e-10,-2.534966940106945e-10,-2.692682196264179e-10,3.028899139711263e-11,-6.637407440656369e-10,1.9261530219154118e-11,2.66534468086403e-10,2.7291414509675924e-10,-9.38406823449919e-11,4.5903103849212373e-11,4.260975352534656e-11
F8treat_m1,4.792977838170564e-10,6.513268255132468e-11,-2.0044005249936233e-09,1.6964110401122998e-08,-5.004760195495285e-10,2.0404836634880793e-09,-9.081992378616533e-10,-1.6866429015842694e-09,-2.7975398618402742e-09,1.7434260019011787e-09,-1.3791415892736487e-09,-4.3785210825823484e-09,1.7017175468581094e-08,-2.947885520918632e-09,1.3605987539848624e-09,-3.6440394185962134e-09,-2.3047102252973942e-09,-1.126979652984262e-10,7.019051153767457e-11,-1.6955451628301455e-11,-2.174021875458242e-09,1.7992608031805483e-08,-3.354353247795707e-12,7.620103082924404e-09,-4.199897036430175e-09,-5.463065744380223e-10,2.36127239200206e-10,2.5659500756797045e-09,1.088616542645946e-09,-4.789324953505413e-09,1.8387646671753612e-08,-2.321793380544418e-10,3.7886261600035005e-09,1.961597802074666e-09,1.020077225792721e-09,-2.1662932690271354e-09,2.137433167542851e-09,-2.259980944393632e-10,-2.256004115164368e-09,1.5378934265587922e-08,4.2499648616767094e-10,5.425364325856046e-09,-5.224314284593555e-10,-1.9348944915967366e-09,-6.62686981195086e-10,1.7018664028378666e-09,8.203616429741757e-10,1.578729784485357e-10,5.861640093776487e-11,1.1417946878297215e-10,-4.5160942895132906e-10,2.1308024229193215e-09,2.0623678945828575e-10,-1.2882853364680608e-09,-1.7342848966895668e-09,-8.783650089607595e-10,-2.8377188117316715e-10,-6.398976097276856e-10,1.7273232029080349e-09,-8.362580651214108e-10,1.4313310809907059e-09,-9.755316095319928e-11,-4.2666957970059963e-10,-8.142455593727733e-10,9.295746789606244e-10,-3.2680565946003494e-10,-8.053750745345816e-10,4.4959521270198877e-10,-9.789215061081542e-10,-1.0966475660250504e-09,-5.993059467205079e-10,1.7281917203888125e-09,3.865367095345499e-09,9.025985690637069e-10,-1.5005484518028694e-09,4.607043747247494e-10,-1.6401258126990185e-09,1.532935625391778e-09,-6.648257275274573e-10,-2.2131746188796997e-09,7.024696922509173e-11,-1.6746860365600882e-09,1.923622390493131e-10,1.1005099800572941e-10,2.7638478930435255e-09,8.745676255824523e-10,-9.143222287916196e-11,3.51889952799382e-10,-1.1542809299577276e-09,-1.526317041041278e-10,9.162182910943042e-10,6.100647986278315e-10,-4.931978976170749e-10,-4.829128424614844e-10,-6.497699071347959e-10,-1.4960855085318928e-10,-8.662272478845983e-12,2.9615864076417406e-09,1.881354019254694e-09,4.5471759605722926e-10,-4.4006118550172096e-10,-4.911219324558854e-11,-1.5775784795692287e-10,3.641342633758532e-10,-4.0153196076858645e-10,-8.129089638196514e-10,5.883885118566556e-10,-5.252326352816051e-11,2.807466832370018e-10,-6.720515066687363e-10,1.4060433540702374e-09,8.506540775916786e-10,2.9131509973849236e-12,8.388534576637262e-09,4.085702769036052e-10,2.576897055915528e-09,-1.972777750586928e-09,-3.862828489611798e-09,-9.137706735470794e-10,7.235471451699281e-10,1.1011385961277856e-10,6.165861099466982e-10,1.3975737556547595e-08,2.9639414368861388e-09,2.732280505511356e-10,-1.780896604223995e-09,5.99493930089438e-10,-8.912391333468235e-10,-1.0885955200823144e-09,-9.359352137819997e-11,1.7667795297924192e-09,-1.9115385232417784e-08,-4.821897133953687e-10,-1.8246100626912195e-09,2.2290893749238597e-09,1.3706772234391327e-09,1.1604260363348934e-09,-2.991643883989118e-10,1.4817672871367055e-09,4.369811178104545e-10,9.530034268268395e-10,3.7754334885913286e-10,5.325326443933308e-10,1.0212314353001986e-09,-1.1237705805515335e-09,-4.5004169126199644e-10,-3.4254698364203696e-10,-9.242024455127564e-10,6.714276443000385e-12,9.813979372070654e-11,2.6118851488686955e-09,2.842405306547705e-09,1.122470244486966e-10,-1.1462500713253823e-09,-4.3190977865227505e-10,-1.0645374266665573e-09,6.077378879470149e-10,-1.1102146922313636e-09,-3.0691049285263206e-10,4.306415188842815e-12,-1.0370767709580865e-09,1.7676739427299476e-10,-1.5134532291491103e-10,-1.884440640576519e-09,-7.14747450857712e-10,-2.911549443244817e-10,1.869618809033566e-10,-2.6458317261374607e-10,6.081693298406579e-10,-1.472665103650466e-09,2.554294976701197e-10,1.0369489004722137e-09,1.9407502469830586e-10,4.186969056993576e-10,2.48891701964518e-10,3.086473510978896e-10
F8treat_p0,2.2926697152228134e-10,4.944501578204111e-10,-4.822461203417392e-10,5.319510920233677e-09,3.100696734672197e-10,-2.430767261395588e-09,1.727722798157862e-10,-5.254482943670891e-10,-1.3727050366976515e-09,1.069433119260086e-09,-1.8051276608159383e-10,-8.187051213673409e-10,4.950255563365238e-09,4.004658869447586e-09,-2.354544965310928e-09,-3.4731798757990025e-10,-6.286500356387298e-10,4.648244027006764e-10,3.4448344510800076e-10,2.602820115298894e-10,-7.853913252692411e-10,6.565107141424603e-09,2.964057686829057e-09,4.2159667812530936e-10,-6.043829550037334e-10,-8.562553410349923e-10,3.1616094086059165e-10,1.6775944378106183e-09,8.395983091417671e-10,-1.1763006087187014e-09,7.365858782755459e-09,2.0384800520240595e-09,5.347555167251521e-10,3.289279623335143e-09,2.0620446339263536e-09,-7.169132827931414e-10,1.2273760120704864e-09,2.7130975230539485e-10,-6.048542164500634e-10,8.581179695014096e-09,5.299209968286797e-09,1.4640877090659538e-09,1.2333339925277309e-09,-9.46524762120653e-10,-4.59957850715149e-10,1.0620974729566874e-09,5.218419816051956e-10,-8.416666861588255e-11,3.085715319274078e-10,1.1076677037018744e-09,-1.092049506651935e-10,2.412639088749292e-09,3.642023203727064e-10,-7.714811417571987e-10,-1.6682921847957095e-09,-6.896348712408743e-10,-3.3343206341496954e-10,-6.526430267389739e-10,2.419384076984714e-10,1.120794319894173e-09,1.0171599162544634e-09,6.648234740235448e-10,4.271518658552535e-10,-4.3171298010329107e-10,2.2936843231001126e-09,-2.9483626464139445e-10,-4.355061692726022e-10,-3.4164760289191e-10,-1.1696745668445293e-09,-6.347917398953052e-10,-6.175687198641051e-10,7.196948921486964e-10,2.588192402944613e-09,3.8653522293363104e-10,-1.3056614647236664e-10,9.776891087840136e-10,-1.1731022596410883e-09,2.3891703999486226e-09,-3.2040792844723906e-10,-6.320112446638198e-10,-6.64655381574084e-10,-6.507116958717805e-10,3.306199057145431e-10,-5.743262008045363e-10,1.834645100509199e-09,1.8184428090990687e-09,-7.842182408212035e-10,1.3184008206769872e-09,4.1555162114711516e-10,-5.419459231211268e-10,1.807428921873324e-09,6.641253744183019e-10,-6.056336007262471e-10,-2.873134073366085e-10,-1.208765801007958e-09,2.587909197177576e-10,2.1765647292594893e-10,1.960926549191094e-10,2.036091068856132e-09,-5.848513361756656e-10,-4.3678598470994436e-10,1.2774018188323256e-09,-2.6579173046119633e-10,1.857740661272506e-09,-1.112308681965889e-09,-1.2512273065561106e-10,-9.77958138918227e-10,-2.8522948550226354e-10,9.610379221050771e-10,-7.751553301071975e-10,1.6474806939829021e-09,1.2163726186921188e-09,4.1138985199034877e-10,4.882844578359391e-09,1.825731848939125e-09,1.8411535385449205e-09,-5.970444449736369e-10,-3.4385525539527718e-09,-3.524679229054536e-10,3.6162064705804234e-10,1.0135751904936544e-09,1.0815775291952017e-09,2.9639414368861164e-09,7.307216414862723e-09,-1.7497268183035343e-10,-4.892830131301423e-10,-5.232549678513498e-11,9.416372471169466e-10,-1.171615110606459e-09,-6.534922033158172e-10,8.242685054601663e-10,-7.47170164744189e-09,-3.6033780172722395e-09,1.2184795683941883e-09,-6.263219273209951e-10,1.4823421047207178e-09,9.290712691295902e-11,-5.973702408129979e-11,1.3891395653271744e-09,-1.4171033864505057e-09,1.777175833962109e-09,5.038349008772835e-10,3.42807563248345e-10,1.3777202352900509e-09,-1.6221623067902562e-09,3.104092052430874e-10,-6.1185958039302e-10,2.5178434458097114e-10,4.825907138216534e-10,6.674673035508945e-11,6.073893754228587e-10,1.7971778930787421e-09,-8.375725933774844e-10,1.361639147080296e-09,4.600523601353712e-10,7.964680694595577e-10,2.2794716645498533e-09,-1.2602160190413685e-09,7.75657475930755e-10,-3.765761733925043e-10,-9.025013012497871e-11,-3.3162982262865435e-10,-1.0654466192556822e-10,-2.280367486272961e-10,-1.536313922496118e-09,1.6435921420052757e-10,-5.529219118828363e-10,-1.3760890858673935e-09,4.216010094125305e-11,-2.0519651286367202e-09,3.492847001718859e-10,3.847276404617198e-10,8.376196438995257e-10,1.3768234584871278e-10,-2.4057577291498183e-10,4.206689644518669e-10
F8treat_p1,8.167958564172743e-11,-1.371894505023033e-10,-5.403265322878244e-10,9.461804401083196e-11,1.6222771011040359e-12,8.521755518126571e-10,9.418003742155374e-10,5.445856639912158e-10,4.430096329161363e-10,9.317640621809995e-11,1.0317754881086285e-10,-4.370469777839022e-10,5.607152937914497e-11,-7.272109075399041e-11,1.403674095545091e-11,-5.983634986040934e-11,-7.733036932825187e-11,4.918851620122374e-10,-2.7459860432161372e-11,-9.40289041657534e-12,-3.3801879460157356e-10,1.5833509046536087e-10,1.3100410216978623e-10,-5.777876915758593e-10,9.31963008992445e-10,2.336648697961656e-10,3.7071470825175145e-10,-1.822540148794122e-10,-1.1664679364546476e-10,-2.2598026210323484e-10,-7.166177707605809e-10,-1.5762253067058637e-09,6.218865903444792e-10,-2.7147314084745897e-10,-2.950509598204377e-10,7.453136555142117e-10,-3.318084757841026e-10,6.153743316427578e-11,-2.8315521958262295e-10,1.0285488158409984e-10,-7.541188270363727e-10,1.1493986290844013e-09,3.736289966347099e-10,1.0801368732854157e-09,5.630590801358579e-10,-2.436513330815789e-11,9.937478860206654e-11,-2.2207692954621065e-10,-3.944531686818847e-10,-1.7246374585816264e-10,3.4255673903359513e-10,-2.618604645733189e-10,-2.6043840698338623e-10,1.0276134402617484e-10,2.411597288973441e-10,-1.473896393709737e-10,-1.912570014795529e-12,-1.0658354506741315e-11,2.347442958329978e-11,-7.928657476654304e-11,-1.4391168031630902e-10,-4.6189030171589083e-10,-1.8789394439537526e-10,7.868822011738675e-11,1.4986173841773357e-10,4.0084123310449544e-11,3.749317447284099e-11,1.0920857897566904e-10,2.7957049437699563e-11,1.4011882180028278e-10,-2.1058626574207017e-10,-4.970222272616391e-11,-4.0750476203058835e-10,5.15862668958555e-11,-1.605531202274971e-10,-1.5789839969146939e-10,5.827147095633792e-10,1.057917917182301e-10,-3.310562437327011e-10,1.6114878016170344e-10,2.2888178912351627e-10,6.774316826988836e-11,-1.1166059768568444e-10,-1.241588967129115e-10,2.997226963862074e-11,-1.0416131880425887e-10,-1.8070696988770182e-10,-5.887482893447221e-10,-3.791095931688746e-12,3.2589575027311583e-10,-2.8503376370209464e-11,-1.3629168709982214e-10,-1.0683274123915834e-10,4.0443363061577936e-10,6.53438644965202e-11,1.1084289032958594e-10,-6.173363905894666e-11,-1.9214174818084512e-10,-1.2629983412172618e-10,-1.2196684436273864e-10,-1.4582599636173398e-10,-2.7440423919431545e-10,4.173024092643454e-10,1.9195525645959096e-10,-2.1149216026063395e-10,-1.1132127041453649e-10,2.8628808687638234e-10,-1.8967800228144475e-10,3.6025383841631284e-11,-2.4302543896865222e-11,3.616351709744283e-11,-6.604293253404005e-11,-6.460391465436933e-10,8.889214805846099e-10,-2.102148397962874e-10,1.8101787430421344e-10,4.84441205728531e-11,1.197475154238238e-09,-2.1932327010043913e-11,1.0181130990925735e-10,5.464507436638304e-11,-4.138979292330405e-10,2.732280505511229e-10,-1.7497268183035622e-10,2.0067943125482393e-09,9.686529820565453e-10,1.2907216233333535e-10,1.6660662943369017e-10,5.339435268555779e-11,2.1859848966993512e-11,3.2696673443753103e-10,2.551915311869647e-10,2.5540949045653127e-10,-6.227461775716418e-10,-3.8593447418526547e-10,-4.910706962811364e-10,-3.383006399495708e-10,-1.6727291360572252e-10,-1.6166283826137037e-10,5.7160326698926905e-11,-5.171043745342904e-10,-3.330753052660511e-10,3.4304104318299174e-10,-7.318913633135987e-11,-1.2585074303971054e-10,2.192401415056595e-10,3.937720038283377e-10,-9.654882913843309e-11,-8.421765333189555e-11,-9.414702556509402e-11,-2.1895716813435474e-10,-2.326639450064489e-10,-2.2996253222886647e-10,-3.676100347087338e-10,2.7408068540018703e-10,1.9594634877448294e-10,-1.9597996862515228e-10,-1.876523975354733e-10,2.21285795321352e-10,2.3283702799930637e-10,-3.134977032497774e-10,1.5313810958680173e-10,-1.8895642739051336e-10,8.939129349809393e-11,4.8320061109183224e-11,1.6299349393884738e-10,3.464111127582544e-10,1.4257922180222116e-10,-2.8735759779729567e-10,1.1250956503008352e-10,1.4665254443817463e-10,-8.134165025014532e-11,-2.258445774032692e-10,1.7379890685103147e-10,-4.1197903687446286e-11,1.0893103000000842e-10
F8treat_p2,2.183036417960212e-10,-2.1931050333934017e-10,1.2255390322108051e-12,-3.113991486076777e-09,5.811632269115207e-10,-7.58505075182784e-11,1.3734646118059098e-09,8.457073268829619e-10,1.7537510247867516e-09,-2.4870909460505457e-10,3.458861945212836e-10,7.817979389804947e-10,-2.0295454934467287e-09,6.987744763147802e-10,-1.5974326187428489e-09,3.1682991114512665e-10,3.7961427439737366e-10,1.2790951108533051e-10,3.1404318598782354e-10,2.570389118727705e-11,2.6874539465353575e-10,-4.031029915388308e-09,-3.246657056056974e-10,-1.6823580118429282e-09,1.546550519350724e-09,8.828853509194693e-10,4.1985747456628233e-10,-5.310592584986857e-10,-9.96525446315399e-11,9.862342488560422e-10,-3.598986333983989e-09,-1.4103731230307422e-09,-1.8559753689948048e-09,5.858148736031364e-10,-1.3424713233548828e-09,1.1090588816084143e-09,-3.726574916814223e-10,3.311669941135103e-10,-2.3211836853395462e-11,-3.004064273189245e-09,-1.3325777557424998e-09,-5.909604748925253e-10,8.288792955017922e-10,8.152891532065106e-10,9.382883415699514e-11,5.013743511240943e-10,2.5475119146246354e-10,-7.890946032444934e-10,-6.83642371080847e-10,-4.836896710192966e-10,1.191742354253531e-10,-9.387326190916746e-10,-1.556824703423029e-10,5.892101483881208e-10,4.57656893692743e-10,2.4788926645292826e-10,-7.460984278099815e-11,1.996413501387424e-10,-7.005120385025715e-10,2.1013410344916933e-10,-7.861112690383023e-10,-9.926089251863526e-11,-2.81468078207763e-10,3.4561028151639144e-10,-6.290964893877577e-10,-8.671060651881444e-11,1.3056537120766976e-10,7.818734941353838e-11,6.149975493954343e-10,3.2452699339900166e-10,3.417834426277395e-10,7.241533706463687e-11,-1.2435294241958096e-09,-1.047694920716642e-09,-4.291644897620382e-10,-5.957875725700402e-10,1.082753003311088e-09,-6.30561113785766e-10,-1.0258927943093532e-10,6.071150008761626e-10,2.533603138667501e-11,3.398927008080884e-10,-1.5756496786232535e-10,2.651870501592571e-10,-3.312832280838307e-10,-4.704705742379663e-10,-4.038657884515432e-10,-4.3791780544999547e-10,1.6874177504083395e-10,2.4434268780763998e-11,-5.115905650651725e-10,9.379519318181395e-11,2.703128415027177e-10,2.3455812822639553e-10,4.064885102503575e-10,1.337232338199347e-10,-9.210740235950869e-11,-1.0877065968195438e-09,-3.6984638828246163e-10,-6.36054711651942e-10,1.5193195481747901e-10,-7.488001333764914e-10,5.288281001424311e-10,-1.940256430172372e-10,-5.845268472818524e-11,2.950840915506092e-10,-2.412475136456353e-10,-1.5517071837335563e-10,9.898142973007945e-12,4.14014009021607e-10,-1.6400040160453895e-10,2.3418894530480837e-12,-5.023878022264357e-10,-7.70848317460241e-10,-5.538613907984098e-10,-9.104466101894421e-10,8.453667293386246e-10,1.5077342787962692e-09,3.988417271857654e-10,2.922892048074697e-11,2.3162031108239895e-11,-3.922703238277878e-10,-1.7808966042240051e-09,-4.892830131301314e-10,9.686529820565582e-10,2.8775648358286293e-09,-6.017591957330126e-10,3.1587854365058483e-10,1.3299553669708957e-10,8.875042830641762e-12,2.487123406871669e-10,3.8655376019908065e-09,2.944395987542176e-10,2.7563746112080093e-10,-1.2692565804062403e-09,-5.390867299762585e-10,-5.232094208541375e-10,-6.873542881724605e-11,-3.272882567673825e-10,-6.325548369555844e-10,-1.2336066445424714e-09,-7.055891808599634e-10,2.7743845501737815e-10,-6.833291178248864e-10,1.793311383646291e-11,2.440325232213634e-10,8.596708054473613e-11,2.613085753486326e-10,-1.8561949994069844e-10,-4.889322330333048e-11,-2.7686519838283266e-10,-6.395993964611552e-10,-6.971768290521167e-10,3.75307096382399e-11,7.739900799622121e-11,2.059922065918965e-10,-7.870596323946045e-10,1.9811295504067382e-10,-2.6005482205136105e-11,-2.031211225956027e-10,7.703617403595497e-11,-5.996804113112253e-11,2.884214404443137e-10,1.658850701123956e-10,1.2549919128509184e-10,6.409098767693268e-10,3.3531591158669347e-10,4.72904802868848e-10,-3.0238059755492243e-10,7.314584589218131e-10,3.3863752217987774e-11,-2.670296082134776e-10,-7.753157829976561e-11,-6.4887202937429e-11,-4.129045115258799e-11,-2.0766961500147193e-10
F8treat_p3,-1.5828433648782896e-10,1.885403507554829e-11,-1.0903145293931492e-10,3.9445614095135936e-09,-2.07131020013233e-09,-4.779853426836649e-10,-5.432563458200032e-10,2.9828654147805262e-09,-9.948152273512299e-10,1.5002333676451052e-10,-2.7184394797831623e-10,-1.4945563654740718e-09,3.6730317738166754e-09,-2.1629092172629195e-09,7.535035745584378e-10,1.5244505925197086e-12,1.414552012809647e-09,-8.17181504089853e-10,-1.1227466507913146e-10,4.3477091619545464e-10,-9.335936921795272e-10,5.028411059606165e-09,-3.7367826777113024e-10,1.970074087597539e-09,-5.13291862495637e-10,1.3016899528909262e-10,-4.761629478439731e-10,3.7840779926731656e-10,6.475573201231135e-10,-1.7423412408874117e-09,3.5223121882629208e-09,-6.552560142663404e-10,2.0701786093940085e-09,6.768976235696939e-10,2.400704541282848e-09,-9.497153696568056e-10,4.375634236481384e-10,6.256596098655156e-10,-5.624882940063675e-10,3.9433449713058185e-09,-2.5009136888957043e-10,1.113223059221097e-09,8.774041764856686e-10,9.128628326771809e-10,-4.0724717777205764e-10,7.330876524340829e-10,1.8482182592831515e-10,5.525008615470527e-12,9.378425994984526e-10,7.659555927042162e-10,3.8527397302507866e-10,1.2341643444447935e-09,-7.372208494403277e-11,-4.3482255894395664e-10,-2.955714454977214e-10,-4.84427561749187e-10,-1.80747278173504e-10,-1.1931070187819657e-10,1.4279173523244792e-09,-4.997737393085566e-10,9.220376484128505e-10,7.322522417672939e-10,-1.7071586971677805e-10,-8.698095467536097e-10,2.409942168145009e-10,3.062957096423009e-10,-9.462033891195904e-10,5.698924424315439e-10,-7.259996215412122e-10,-6.006824940741623e-10,-1.8612556669412106e-10,2.2546902035171198e-10,2.2679287938366817e-10,1.1806307748666621e-09,5.286528510038387e-10,2.4213811108752523e-10,-6.413406109657389e-10,4.2049187241635134e-10,-2.725939472464877e-10,-1.2449858503371669e-09,3.2147933039466113e-10,-5.796988289721829e-10,1.189474561600502e-10,-4.482367325432767e-11,3.432425614812849e-10,6.683632345491936e-10,5.366462740635119e-10,6.116255974666631e-10,-9.37909635250886e-10,-4.102839713165139e-10,7.263656748557286e-10,-1.3823330975351342e-11,-5.529854566593973e-10,6.079035411452355e-10,-6.315002483633891e-10,-4.2189096711011777e-10,2.5174487103101124e-10,8.620194215516225e-10,5.004929180239404e-10,9.544705891154646e-10,-1.6617602629163117e-10,3.790368868388534e-10,1.4424451276506483e-10,8.059603310664285e-10,-3.036771575809983e-10,-7.593083066665854e-10,3.865165945757823e-10,-4.443802020387976e-10,-1.3986575134085554e-11,-1.0239197677771631e-10,4.2566499243852116e-10,3.935225879605285e-10,-1.933885889086192e-09,8.233519442003044e-10,1.008387118367681e-09,9.268886140742612e-10,4.285035119427144e-10,8.661529732175089e-10,-8.390575236318798e-11,3.4518763855409326e-10,2.4998722625475185e-10,-3.4102707779462635e-10,5.99493930089381e-10,-5.2325496785148353e-11,1.2907216233331697e-10,-6.017591957329991e-10,3.087808868664341e-09,-5.602904266221326e-10,-2.490833064696378e-10,-4.738514840231336e-10,1.322143032111601e-09,-5.463249506547033e-09,5.608309849386986e-10,-2.831807639173955e-10,7.565247094130656e-10,-7.113377243589416e-10,7.164218736031617e-10,3.192281896677897e-10,3.84964003251139e-10,9.20736073187413e-10,5.920368937544074e-10,8.755394719172994e-10,-5.467878454010717e-10,3.3022324457844803e-10,-4.0048394156522385e-10,-1.595335142544645e-10,1.707936412950833e-10,-4.302863296180877e-10,-2.5170478842757366e-10,1.0546849493074495e-10,6.884615352927528e-10,1.147105108742646e-09,8.265096741901191e-10,4.641179179012461e-11,-3.648459360265481e-10,-9.112710650360964e-10,2.5851085689702593e-10,-6.284943872174208e-10,-5.869967378379844e-10,3.892113117609268e-10,-4.500381437968153e-10,7.274369368837674e-11,-1.504463050988935e-11,-7.505875238835346e-10,-4.884706189655615e-11,-5.790335962146708e-10,-2.7415122249027783e-10,-2.0528569245038725e-10,3.8141061964967407e-10,-6.530464543042717e-10,1.5929870880611818e-10,5.264788571196213e-10,-2.5125982466002527e-10,3.1211861432383877e-10,1.3320093859557563e-10,-7.965555298591149e-12
F8treat_p4,-4.803063633566783e-12,9.38589769377354e-11,-5.078284712145277e-10,-1.6202674037140213e-09,1.8348838659086632e-10,-7.716140058796061e-10,6.889114289579089e-10,-5.267781693881153e-10,8.26146656982741e-10,-4.432114722853357e-11,2.1765255819830377e-10,1.368530205587645e-10,-2.0418584557376988e-09,2.086478160381839e-09,-1.3147164739790264e-09,3.3508339204695097e-10,-4.6102976061928983e-10,8.684139179229018e-10,9.887935362247193e-11,4.534309399011963e-11,2.8281040106162133e-10,-2.595562644404592e-09,8.542828071402256e-10,-2.320708872581435e-09,1.0615460976878845e-09,3.732457062331308e-10,5.395805716414898e-10,-9.428267738452417e-11,-3.022208111597434e-10,1.0183567636751577e-09,-1.4372213306598904e-09,6.513599600740427e-10,-1.0068232635676944e-09,-4.8895687226304006e-11,4.942830547564605e-11,1.2745842188008017e-09,-4.0722709654176693e-10,-1.1843733590510622e-10,1.741590774716191e-10,-7.022596817969295e-10,6.487208142243517e-10,-8.400667470156437e-10,5.556134479854141e-10,7.216322612554607e-11,1.2963187247864209e-09,-1.4888425927069782e-10,1.2681661321237328e-10,-2.344248019165161e-10,1.9538342848707313e-11,3.769833141490594e-10,1.576698654647541e-10,-2.5479058476428044e-10,-5.678731471672528e-11,2.3128125380136433e-10,-2.103070334928555e-11,-2.241629436659711e-12,7.059413769247503e-11,3.1969392203787665e-11,-1.0808633671157257e-09,5.796122359632364e-10,-1.866148902477861e-10,4.5157961518558584e-11,3.7844591606425117e-10,4.866467493479399e-10,3.847484774684155e-10,-2.726642855947372e-10,3.089807205812056e-10,-2.5334721044298374e-10,1.2999558396690898e-10,3.993573430930712e-10,6.092747879660617e-12,7.317679326742834e-11,3.414341028571582e-10,-3.9290227328166546e-10,4.519867099858936e-11,7.929833385231336e-12,3.2173247523808124e-10,1.5246379184307265e-10,-2.2555123568515438e-11,7.236289896366877e-10,-3.38204161550838e-10,2.2232356578064043e-10,1.5195432750172955e-10,-1.091908588959938e-10,5.058852490356808e-10,2.1776869025276002e-10,-4.791990617646139e-10,1.1299293266325903e-10,1.105694123852211e-09,4.84375278744234e-10,-1.544433618586265e-11,2.8866183049789752e-11,1.0163278627331365e-10,-1.344452693731535e-10,2.772867409564225e-10,3.5080992351143785e-10,3.2591482429635216e-11,-3.401226330997715e-10,1.2276022081481356e-10,-5.12634849794372e-10,-1.364737533960463e-10,4.2572735962339626e-10,-2.43160332110358e-10,-2.299020277189154e-10,-5.1812535009472565e-11,2.0053806722268342e-10,-2.412599857183003e-10,4.054928263334683e-11,4.5124110721124984e-11,-1.4477236041513956e-10,9.731899196016769e-11,-2.768420111740149e-10,5.578986518972363e-10,9.012852859197564e-10,-1.3623615736019782e-09,7.268858137124014e-11,-6.745265318446339e-10,-7.583607410303222e-10,6.947842407245173e-10,-2.502507011577565e-10,-5.6477080291503944e-11,1.7112969660629967e-10,-8.91239133346811e-10,9.41637247116946e-10,1.6660662943368368e-10,3.158785436505757e-10,-5.6029042662213e-10,1.7436505907090166e-09,-7.16134454418659e-11,8.531126398290986e-11,-5.433636788211953e-10,2.527626332819125e-09,-5.267562310672678e-11,9.035952853790133e-10,-7.40594554786424e-10,4.183880518421018e-11,-9.500778362553488e-10,1.3767258115995617e-10,-4.314169001141785e-10,-3.766729765899395e-10,4.40633396873385e-10,8.791735638825484e-11,3.768216929520153e-10,-4.359616523926901e-11,-1.7046667765264085e-10,1.406522881322989e-10,-5.2063568886716256e-11,4.780452911851433e-10,3.3886789110726666e-10,2.187146854626885e-11,-6.786076140393012e-10,2.5538859429300987e-11,-2.7714402390907215e-10,1.631407809117815e-10,4.451394424987316e-10,1.0917383911574158e-09,3.6443677061289784e-10,-1.199822446721032e-10,3.277513781061973e-10,-2.0601574348062133e-10,3.0390918358259224e-10,6.135636316489285e-11,4.684928025021148e-11,4.1660855708149816e-10,-3.7939412393708056e-10,1.7756626900733293e-10,-2.0991255386424303e-10,-5.789790910141321e-10,-4.401437670911429e-10,-4.62389673669903e-11,6.263081872834747e-11,-2.229227047483239e-10,2.6066037138776076e-10,-1.5147279199181877e-10,-2.1647685588534688e-10,5.283379389508336e-11
window_m4,-1.558550917416506e-10,-5.257005027498451e-11,3.7119503090228847e-10,-2.501163328901552e-09,6.464197248658396e-10,5.015635089083291e-10,9.39795011828538e-11,-1.0842031237384443e-10,4.125150367847551e-10,-4.2380377200815833e-10,8.855849302479039e-11,6.155567352875211e-10,-2.7094605505840797e-09,-1.5750768744216164e-10,4.422333034905338e-10,5.262723061390023e-10,1.5570067653645627e-10,1.372188905557615e-10,-2.4271761777929547e-10,-1.7643584296011025e-10,4.6105850436804075e-10,-2.5764091889418727e-09,-2.9810959499278246e-10,-8.432016009520367e-10,3.869559963910808e-10,2.3213385863466372e-11,-1.2174204889070623e-10,-6.477694195358483e-10,-4.3782590466556223e-10,7.570400627472353e-10,-2.7219525524737404e-09,-1.7260437244437142e-10,-4.3917901809253485e-10,-7.463700690673696e-10,-5.330519786217697e-10,3.4258139172880645e-10,-5.780667014899972e-10,-2.6007150624992103e-10,3.3684865484423686e-10,-2.6745643416886832e-09,-6.721137226512231e-10,-7.99856475647812e-10,-4.033844726276609e-10,9.852302438995959e-11,1.7011576497026891e-10,-5.106577237446756e-10,-2.8602616553882873e-10,1.042869904760241e-10,-4.4898763469371636e-11,-2.1413211334098738e-10,4.285052149636788e-11,-5.784084799670967e-10,-6.639497508385162e-11,1.5464410546750773e-10,4.33781856930002e-10,1.9877479704634571e-10,4.264324820790981e-11,1.4672577663959777e-10,-1.9750982150536477e-10,-1.0929681244049683e-10,-3.435542105833397e-10,-1.944952358022372e-10,4.55520635004358e-11,2.775617193219273e-10,-3.6728267096170986e-10,3.9148016104513004e-11,2.132795028883409e-10,-3.950002080493768e-11,3.054408515764987e-10,2.2989335158181945e-10,1.3479568290226844e-10,-4.1821049973440673e-10,-7.77435530248417e-10,-2.2311364682040822e-10,2.606113893792949e-10,-1.0335743126227655e-10,4.122861505149043e-10,-4.802511619203123e-10,1.425962231570408e-10,3.3285832365765214e-10,3.4656426816221617e-12,2.3765743755722037e-10,-1.2198918995700098e-10,7.715580278243664e-11,-6.358989221424741e-10,-4.897145703528307e-10,1.69907923170331e-10,-3.5329448868395846e-10,1.449242461502602e-10,1.6973427655706598e-10,-4.5875828002081964e-10,-2.03558161134e-10,9.552620516816373e-11,4.812620131336072e-12,3.1048185707645654e-10,1.5325587510769917e-11,-6.284787751287386e-11,-2.473106288025933e-10,-6.062669434353693e-10,7.758481152624589e-11,1.9053858257108998e-10,-1.8169569766124497e-10,-2.0742660201807605e-11,-3.930585753354085e-10,3.13195790526991e-10,6.460451135059241e-11,8.51974320182428e-11,7.354825999486094e-11,-2.204355909341229e-10,1.2645917632935267e-10,-5.869503590537155e-10,-4.900703718211815e-10,5.45924856514835e-12,-1.5276697112037537e-09,-5.116795603139044e-10,-6.581097239168433e-10,2.762065081056675e-10,8.313491382734227e-10,1.2995861260170088e-10,-2.4024478927124367e-10,-3.008170654019047e-10,-8.86790212391194e-11,-1.0885955200823142e-09,-1.1716151106064668e-09,5.339435268555623e-11,1.3299553669708748e-10,-2.4908330646964127e-10,-7.161344544186615e-11,4.5653952256269517e-10,2.7272044309677527e-10,-5.00920262402993e-10,3.1021432266192834e-09,4.838307715325243e-10,-7.614857788370744e-11,-1.3884208236687457e-10,-2.8581414767156443e-10,-1.7497123842461478e-10,1.1889114839783767e-10,-3.8650855735902296e-10,1.0159144149293557e-10,-3.497454709666129e-10,-1.0830728142380789e-10,1.4016212033848494e-11,-2.515301089936064e-10,4.1922199987127647e-10,-4.062811093851238e-11,1.226525080574168e-10,5.73505832042121e-11,-8.575062774222489e-11,-1.7549583419812102e-11,-4.903531037926806e-10,-7.838724473086236e-10,1.3264410794899334e-10,-1.6219027943990442e-10,9.103748198182893e-11,1.0543602551797207e-10,-3.520555046907241e-10,3.392583917877327e-10,7.500292824581172e-12,4.439658278246637e-11,8.531846690474048e-11,-2.7510609787354916e-11,-5.1070401308266475e-11,2.9777095639442335e-10,3.8360035342597365e-10,8.733679395449317e-12,6.480478658935928e-11,2.1108305909435078e-10,-1.2496302405293288e-10,4.520293486790941e-10,-8.441962816144912e-11,-1.691042994198051e-10,-1.317993164903004e-10,-6.376870858664847e-11,4.58343285839593e-11,-6.087583832448597e-11
window_m3,-6.436172783220392e-11,-9.433765394445872e-11,8.440890616487772e-11,-1.1617347887631438e-09,5.150817354250068e-10,6.595771160326232e-10,1.5670090759330093e-10,-5.744556791171217e-10,1.876447648608432e-10,-1.9733780003715471e-10,-5.005149744148186e-11,2.8405567345037625e-10,-1.2785184143108848e-09,-1.704649568200182e-11,4.328069837286151e-10,1.6731010066065803e-10,-2.8701939749806973e-10,2.0957891515640314e-10,-1.6353055811272903e-10,-2.4477484026281656e-10,1.9343559273399184e-10,-1.2834479459862055e-09,-2.867337548897118e-10,-2.8802406822402486e-10,1.9758230594203008e-10,2.2893670933394083e-11,3.096318047430299e-11,-3.6688847823217354e-10,-3.920346824803044e-10,2.839696379760439e-10,-1.1355209335400462e-09,-1.398673979912922e-10,-1.8268655810277436e-10,-3.4327626701778787e-10,-5.57949578454301e-10,2.807819038844922e-10,-3.6754947969498144e-10,-4.1069231681894125e-10,2.061196185517952e-11,-1.403102817331475e-09,-6.826773741583145e-10,-2.934338241288496e-10,-2.144776947483775e-10,-1.6925657645017788e-10,2.570255462922089e-10,-3.649580527630681e-10,-1.2411458599799447e-10,8.270260922924265e-11,-1.348400828858718e-10,-1.8673656809362806e-10,-1.630009595539727e-11,-4.255513934466813e-10,-1.4615954422543865e-12,8.203647353611855e-11,2.5032962763266855e-10,1.6304089947691245e-10,2.967554107881156e-11,7.690054511372909e-11,-1.876561416946354e-10,-5.978441767161485e-11,-2.493888237287614e-10,-2.648924100732463e-10,3.6120358527648994e-11,2.3058284056972975e-10,-2.279018228548186e-10,-2.6327998389218327e-11,2.0971013398262223e-10,-4.791988838182687e-11,2.3751025617224323e-10,1.6929169183835336e-10,4.300148971200127e-11,-1.9294327948729651e-10,-2.0797887973839892e-10,-1.6204879819072644e-10,3.7112601941304315e-11,-2.4579038170205515e-11,2.536343054122204e-10,-2.6774514168905943e-10,1.1999032909552266e-10,2.833884984075495e-10,7.794792445913453e-12,1.4208213053353485e-10,-8.894341095689081e-11,5.646924157578121e-11,-1.6896928164227292e-10,-3.108388696304171e-10,1.0362870214703513e-11,-2.706452554483672e-10,1.8539566796611843e-10,1.8394089596333376e-10,-3.18033278253364e-10,-8.405583318544524e-11,1.3127326696302586e-10,-1.07262201388786e-10,2.7386051099416617e-10,1.3996175550762464e-11,-4.753250273748627e-11,-7.487953162810104e-11,-3.3898166726450125e-10,2.6217475802895828e-11,1.595363107016378e-10,-7.180234716762332e-11,-6.54745295936054e-11,-3.3395850843734274e-10,2.2457526179194614e-10,1.1798602186328345e-10,7.727369607963965e-11,1.2333342517782334e-10,-1.5434714234787187e-10,2.6405592777576166e-11,-3.750090755315288e-10,-4.723817535891296e-10,2.50289617555005e-10,-6.346624161054872e-10,-5.222290555081561e-10,-2.6803219429902157e-10,-1.2648685846393979e-10,2.386063567207248e-10,3.0025852098315826e-11,-1.8340367713053784e-10,-2.950746506428729e-10,-1.0583752428692004e-11,-9.359352137818087e-11,-6.534922033158165e-10,2.1859848966996776e-11,8.87504283064368e-12,-4.738514840231349e-10,8.531126398290725e-11,2.727204430967745e-10,3.3098289437702107e-10,-3.488880769298944e-10,1.6540515057804737e-09,3.9252459572213286e-10,-1.9822974518509435e-10,-8.346096982433545e-11,1.6394106244653768e-11,-1.8070032529594184e-10,4.09918710645253e-11,-2.86657528917842e-10,6.358038591376336e-11,-1.7166671743105563e-10,-1.306806519031881e-10,1.3570869503460271e-10,-1.1681598660289143e-10,3.021234157251244e-10,-3.644097160897202e-11,8.003173788261998e-11,2.6645589509130264e-11,-1.02272180109963e-11,1.0923589010939566e-12,-2.593393573807682e-10,-4.637336620674296e-10,-1.1832293717505076e-11,-2.1711125660442148e-10,1.120724753908849e-10,1.3938133819346715e-10,-2.6463361308105737e-10,2.2042739458236192e-10,7.776048672621261e-11,1.570493001176388e-11,5.389004891301198e-11,1.3268539938643361e-11,-3.8230056691426277e-11,1.5294062085961696e-10,2.2320530720299905e-10,4.2411407425922215e-11,7.26386033503618e-11,1.061282703741546e-10,-8.744476032724016e-11,2.9017993975256703e-10,-6.23322412131389e-11,-1.2739068382426633e-10,-5.3474588722337476e-11,-7.676404351468328e-11,3.788675068875613e-11,-2.096078496686322e-11
window_m2,8.120990299218133e-11,-1.3960373497290813e-10,-8.78831088871629e-10,4.446901499972576e-09,-1.664483771768104e-09,6.012039221083774e-10,-4.497072297347288e-10,1.241517976452366e-09,-1.0076344906396312e-09,5.480306622886718e-10,-4.24666627469845e-10,-2.00001726646129e-09,5.750669268293634e-09,-1.5893652045581605e-09,4.0575692122180034e-10,-9.068730943537466e-10,3.495349735576041e-10,-9.409265916829077e-10,1.430235269809007e-10,1.6361705679489915e-10,-2.0106312189688132e-09,6.073191876255192e-09,-6.192410774710904e-10,3.1948259339148974e-09,-8.460703780875268e-10,4.124774469556758e-10,1.834553490363934e-10,8.43798542115501e-10,9.335188993497876e-10,-2.8157013922452386e-09,5.671071617569455e-09,-2.036486498624294e-09,1.973748350207987e-09,1.8611076967225471e-09,8.945158695910949e-10,-1.2691814951250425e-09,8.85354795249828e-10,3.582371745759354e-10,-1.67806061275823e-09,4.570168682826548e-09,-6.041511992369039e-10,2.335861406735416e-09,7.111185291565489e-10,1.7247038924054222e-10,-7.438105759641918e-10,1.1476901679538611e-09,7.071805630634171e-10,-4.614790117801346e-11,1.0534816217851605e-10,4.298759339083599e-10,1.1093116383766579e-10,9.491776553343681e-10,9.319680345507593e-11,-2.642719388940212e-10,-5.797337418714227e-10,-5.185849856311916e-10,-2.216958693449716e-10,-1.9245206483533904e-10,1.0672484426748104e-09,-2.8637904276571866e-10,8.611159532657763e-10,5.191857902242586e-10,-4.511837194741411e-10,-1.101077492724834e-09,2.571143579396812e-10,8.527323769524712e-11,-8.168949513207149e-10,4.923589857825393e-10,-6.192662218879325e-10,-5.963350853229125e-10,-2.8184929812748834e-10,6.891366176289177e-10,8.277495017847078e-10,8.28244573304899e-10,-3.7075236187519757e-10,2.3545451738993805e-10,-6.106982397064113e-10,3.831331616902952e-10,-3.507459980612074e-10,-9.923776569000976e-10,1.2438642360834376e-10,-7.544796087764436e-10,4.0964513405603245e-11,6.976201657478332e-11,8.641191744573064e-10,4.460980780609904e-10,5.7589721963326094e-11,5.902368937505727e-10,-1.008912187028501e-09,-6.296922583640747e-10,4.884508252400458e-10,1.0650394755498199e-10,-2.1044927389998817e-10,2.0754114818940627e-10,-8.108939548288616e-10,-3.614514116173353e-10,1.9465692315166255e-10,4.035006972396806e-10,8.138871517229027e-10,5.143731103182699e-10,-4.435116835991186e-11,3.17303965862376e-10,4.362508975947117e-10,8.287537681451512e-10,-6.634434788635698e-10,-2.2558154986233744e-10,1.1170460272398272e-10,-4.516560696706195e-10,2.456740553749306e-10,-6.737598898426759e-11,7.990453718232332e-10,7.966995086233286e-10,-1.3899576634754681e-09,1.4004690481412771e-09,6.459389004918424e-10,1.0090577771594372e-09,-1.86119621804382e-10,2.4704541225989156e-11,-7.147994686178321e-10,5.317133631352359e-10,2.87059329661429e-10,-9.984409973814547e-10,1.766779529792486e-09,8.242685054601761e-10,3.269667344375288e-10,2.4871234068716917e-10,1.3221430321116e-09,-5.433636788211963e-10,-5.009202624029942e-10,-3.488880769298949e-10,2.3172496608074244e-09,-6.59918127263225e-09,2.268391199609331e-10,-8.264725509397373e-10,6.321639774136617e-10,5.5470611438546003e-11,7.479229055867133e-10,-3.8725196595731334e-10,9.143680233594902e-10,5.575475319305926e-10,3.0659299415129483e-10,2.2060276006752e-10,-3.32267537632736e-10,1.751451367443198e-10,-4.689547282464179e-10,5.1287838804847044e-11,-1.4866733942958083e-10,-5.57462809132195e-10,-2.843919808921069e-10,1.0364924427855225e-10,1.2956821672657143e-09,1.193344047720134e-09,1.4677305351103562e-10,1.82324807979524e-11,-2.88380485555281e-10,-9.964835644261783e-10,-7.537797600476672e-11,-6.425365847068529e-10,-2.0185650732636535e-10,9.580265076660778e-11,-6.217507988766552e-10,3.378125981847468e-11,9.927679643590598e-11,-8.903689967229001e-10,-2.820559247679465e-10,-2.079034961396002e-10,-2.8415480818333433e-11,-2.4136253080034008e-11,5.225534987437269e-10,-4.723672037976587e-10,2.523418917798664e-10,3.390627628176589e-10,-2.224308184492872e-12,3.6942134988434394e-10,1.1600182375088055e-10,-1.7679759669258858e-12
window_m1,-5.387987996389556e-10,2.7411233522338634e-10,1.8260721170177182e-09,-3.705268296862843e-08,9.62941944398001e-09,-7.752187121009975e-10,2.9847269399850263e-09,-3.1192682601072694e-09,7.90025239391219e-09,-3.778026167922474e-09,2.471208203691493e-09,8.460228968820426e-09,-3.8592742683286785e-08,9.033530927543069e-09,-1.7974326006248192e-09,5.626493722689418e-09,1.8694030569671966e-09,4.322435363695391e-09,-3.7243562840437447e-10,-1.0101683322811723e-09,6.004448948380717e-09,-4.291213978393279e-08,3.02532066372342e-09,-1.8317673255475408e-08,7.0088490842672936e-09,2.1887949288077003e-09,-1.202365229453448e-10,-5.565259414509168e-09,-4.122901093076151e-09,1.2145201303737947e-08,-3.9532074749458706e-08,3.733940629364654e-09,-1.2300048713206539e-08,-8.786578886435647e-09,-7.042635932086895e-09,7.3968132329590496e-09,-5.114166235475617e-09,-8.763822237422527e-10,4.876346760788854e-09,-3.599142255765296e-08,-1.0192064428051408e-09,-1.2961184679535044e-08,-3.0291271247424505e-09,1.1295672251668827e-09,4.825392526824699e-09,-5.615569746564181e-09,-2.5813584435790392e-09,9.093743065134444e-11,-1.7866882003780809e-09,-2.796640794396143e-09,9.542529159724508e-10,-7.73980615018791e-09,-4.3467700071304904e-10,3.2030855431080504e-09,3.992695786402008e-09,2.9894611790743324e-09,1.6464063043764194e-09,1.354876247858967e-09,-6.341184858613867e-09,1.4873125762894702e-09,-4.997239954561665e-09,-2.331315045755324e-09,1.1622167440557856e-09,4.4024406697418426e-09,-3.693504668617142e-09,-6.083226596490035e-10,3.880347390182322e-09,-1.9803377029089666e-09,4.166902935044546e-09,3.915572386937924e-09,1.6408112529426268e-09,-4.400325745102345e-09,-8.809016295540396e-09,-4.495939524164534e-09,1.900613548276752e-09,-2.203889889486525e-09,5.571957499228771e-09,-5.1691442220362755e-09,1.6885877240825845e-09,6.840510390743869e-09,-1.4158948120608647e-09,4.4704935456245916e-09,-8.162940458216893e-10,1.2522949658757868e-10,-6.455416738911625e-09,-4.803745829866903e-09,2.437434510492962e-10,-2.7101222031405873e-09,4.364015641787005e-09,2.6886041920993313e-09,-5.126813660915499e-09,-1.8385349618125416e-09,2.0175752190288103e-09,-8.996074436213722e-10,3.742394164658291e-09,1.7566633092373631e-09,-1.0022692123761455e-09,-5.592647423255158e-09,-5.930543757576358e-09,-1.995423996794827e-09,9.46721280230589e-10,-1.8218671696450471e-09,-3.864613020911314e-10,-4.896110539379669e-09,2.9980374557231983e-09,1.8614720522597534e-09,-8.424749064549676e-10,1.4220565075506799e-09,-1.148669458504096e-09,1.0948857738949728e-09,-4.494582063971797e-09,-4.4684060122207286e-09,2.985578172865278e-09,-1.5921961740040006e-08,-4.108836560836414e-09,-8.217506747436928e-09,2.589400757264989e-09,7.280865494624368e-09,3.442571780880844e-09,-2.510093022188682e-09,-2.1961479423852572e-09,-1.2746273729586328e-09,-1.9115385232417506e-08,-7.471701647441824e-09,2.551915311869606e-10,3.865537601990787e-09,-5.463249506547083e-09,2.527626332819125e-09,3.102143226619265e-09,1.6540515057804634e-09,-6.5991812726322885e-09,4.815394860491101e-08,8.238072915887122e-10,3.453555285359315e-09,-4.722088714613986e-09,-2.905697600573163e-09,-4.7610479866903165e-09,1.5898922654884237e-10,-4.131458973213715e-09,-1.1953427068119632e-09,-3.3737515354950053e-09,-2.2323850432588917e-09,6.983911058670911e-10,-3.8219545799273894e-09,3.449858736934198e-09,2.8901161042742284e-10,6.731560074495512e-10,2.3540083006330116e-09,1.3570961070873787e-10,-8.658463860197322e-10,-7.818067838391352e-09,-8.262330480944714e-09,1.2003662175574805e-10,-1.058351276453564e-11,1.6468053944346976e-09,4.259879007587034e-09,-2.5666235023114142e-09,3.683460557144248e-09,1.7230122434018163e-09,-8.143816947794666e-10,2.6550718553188935e-09,-1.4755576934856855e-10,-4.269530360604029e-10,5.333520506881998e-09,2.5407765484203647e-09,1.1737695368150417e-09,5.112652135313396e-10,1.349707652186638e-09,-2.6960714938027404e-09,5.291598389223434e-09,-9.43307134568516e-10,-3.0842309470538665e-09,-1.5550451445439816e-10,-1.5354639812859814e-09,-7.299066533291622e-10,-4.145479184967114e-10
window_p0,-9.232351835280387e-11,-3.9344281481629825e-10,-1.6726470732624607e-10,-5.265919984168646e-10,-1.90160332294273e-09,1.7864139710110022e-09,-4.146800931766774e-12,6.727762471348274e-10,2.8916254087364113e-10,-4.4750819665058723e-10,-1.176099440417326e-10,-2.556286911337166e-10,-9.981514519346613e-11,-3.6590868476212154e-09,1.146112913280596e-09,-4.939127390456533e-10,-1.0612186306425282e-10,-5.708221673822889e-10,-2.8919492570336354e-10,-4.699546347612613e-11,-3.15998866656821e-10,-5.355978158973763e-10,-3.078755553003221e-09,7.141518728668499e-10,5.457569403196133e-10,5.673782359005122e-10,6.526833537626285e-11,-5.889710114886766e-10,-2.0888089049535457e-10,-6.424174522440744e-10,-6.382029601690798e-10,-3.144106545730848e-09,1.0430125469967877e-09,-7.515634585588902e-10,-1.0974908840144242e-09,2.344282110028272e-10,-6.239845587273422e-10,-3.5764533843087987e-10,-2.4895254480234273e-10,-2.234612776124772e-09,-4.963864052475426e-09,4.633632484499424e-10,3.591682892461896e-12,3.944824055297739e-10,6.021045972283295e-10,-1.9270392286181318e-10,4.2344779529413914e-10,-8.03234038876488e-11,-2.4869043889741456e-10,-1.063054562684983e-10,1.2424845421390106e-10,-9.926884512994744e-10,-2.1985582725628525e-10,3.57226499285955e-10,8.106504521965729e-10,2.2592111732721536e-10,-1.5971993437123834e-10,2.9677035571971773e-10,-8.622789932171466e-11,-5.361016222318859e-10,-3.215302067901673e-11,-4.5096404265273446e-11,-2.392432168770119e-10,-3.146986834142216e-10,-1.2252468147890037e-09,2.2882443895706067e-10,-2.3994684880464865e-10,4.260861141546115e-10,3.886309129611655e-10,1.097538626836388e-10,2.2315852670848084e-10,-7.873767273641857e-11,-3.877301758403463e-10,1.040005403955449e-10,-6.702906357431386e-11,-4.530667248391313e-10,4.262878521571068e-10,-1.0519442047659788e-09,8.838601060865353e-11,-5.617126940815423e-11,6.491781775158095e-10,-6.230058591220608e-12,-2.094654769140821e-10,4.704039273013772e-10,-6.314533584987498e-10,-5.377050819530963e-10,5.603590516367852e-10,-3.3292442392639157e-10,-4.939999510920027e-10,2.059394019263889e-10,-1.0280881309871142e-09,-3.676603249836639e-10,2.6620335776302326e-10,2.703127343670865e-10,3.9740269202318936e-10,-2.8131500731935333e-10,5.980777595207828e-11,8.298866770296794e-11,-3.5544633853898074e-10,5.426226902479166e-10,4.257350292004635e-10,-3.2785051269684677e-10,2.7507108260548034e-10,-7.180736304704229e-10,5.139604565163947e-10,1.0442919567159729e-10,7.871841934984225e-10,-1.2161510252125173e-10,-5.624398422728267e-10,3.9382872189956114e-10,-6.328873089526461e-10,-6.226761582028095e-10,-6.16260388453147e-10,-2.308951688505072e-09,-1.6347920672399587e-09,-3.549893989034763e-10,-4.568973841764313e-10,1.4509569213289288e-09,5.394103783737081e-11,-8.20559172795497e-11,-6.502720451087517e-10,-1.1090162759156056e-09,-4.821897133952273e-10,-3.6033780172721878e-09,2.5540949045652553e-10,2.94439598754237e-10,5.608309849386762e-10,-5.267562310672285e-11,4.838307715325109e-10,3.925245957221192e-10,2.2683911996093027e-10,8.238072915887025e-10,3.4631260444679114e-09,-1.0813609870219769e-09,7.133908302848335e-10,-5.553354963049451e-10,3.3007094579449584e-11,-2.3471029490068683e-11,-5.275334333546796e-10,1.280626761268805e-09,-7.446626541213623e-10,4.8479026230174357e-11,-2.3508866094776875e-10,-5.788764330202476e-10,9.851407729985604e-10,-2.011873540879264e-10,3.9904489653232007e-10,-3.824625588155081e-10,-3.453663800852591e-10,1.884195728587351e-10,-1.4977171399042664e-10,-2.9051229401750304e-10,4.571227076743549e-10,-9.988617040829258e-10,-3.202303056521325e-10,-8.318296518699186e-10,-1.272741072488333e-09,4.394562701277713e-10,-4.3196817959337964e-10,4.498599585464986e-10,-2.2111663555980853e-10,2.5985506448334476e-10,1.8575157977236976e-10,-2.3052166664155297e-10,5.557260187702372e-10,-1.9646021836471962e-10,3.13770889258598e-10,5.691248287679201e-10,1.8767770685372422e-10,9.015608203005794e-10,-1.4013250803192714e-10,-3.200514703587951e-11,-5.44540013768616e-10,8.246767079040896e-11,2.3089123142961123e-10,-2.9004828426438813e-10
window_p1,-3.656510426203734e-11,3.331516369052427e-10,8.491202368902708e-11,-2.3505145464566856e-09,7.516874307742025e-10,-2.3298538354754477e-09,3.418636397302392e-10,-1.5845145571442574e-10,7.912602491854022e-10,-1.8902441085574436e-10,4.57865412625522e-10,6.715297476890301e-10,-3.104800979462656e-09,2.196215784515053e-09,-2.2961034981664386e-09,9.619524419673208e-10,8.723387443223986e-11,6.991626466983528e-10,2.5843033698781174e-10,5.628713491834928e-11,9.376378685633454e-10,-3.442683584796203e-09,2.5025144981243345e-09,-3.567133563873357e-09,1.0679732206370178e-09,-2.660745838057123e-10,-1.1262522477447341e-10,-9.45717548972847e-11,-1.8658947922124813e-10,2.1442482292757935e-09,-2.315396165225986e-09,2.35018464279228e-09,-2.5927427592238727e-09,-8.94148509311426e-10,1.4435256743083274e-10,6.296805373051025e-10,-1.7401353602716252e-10,4.804118121390041e-10,1.2289841327195455e-09,-1.570686422251348e-09,2.39321582061822e-09,-2.429365881615626e-09,6.504561390102847e-10,2.2229949332373482e-10,4.839066857764509e-10,-6.952434133771321e-11,-4.585835641174465e-11,2.1383186179863356e-10,1.8691909090268462e-10,2.5741272210139404e-10,1.5462302965615266e-10,-2.8141651817029406e-11,1.3192086337036628e-10,3.4675526500171723e-10,8.472005161312943e-11,7.410365333245969e-11,1.339199438268027e-10,7.85877621718132e-11,-8.978782826910825e-10,3.144489630603483e-10,-3.4210325134242076e-10,3.178903293066295e-10,5.821003007156876e-10,4.759145755175917e-10,3.441641241692097e-10,-6.84394027917026e-11,3.866691784603576e-10,-2.2568421005387394e-10,2.2321427752509433e-10,3.76900570499252e-10,2.209942163822131e-10,-3.6021508253650316e-10,-5.115291040461113e-10,-2.5444919687435763e-10,5.317576078102157e-10,-1.2189097244677625e-10,2.4091705755766406e-10,1.9288779450786809e-10,2.0268289309217178e-10,6.91450965399299e-10,-4.0424225371935614e-10,5.669534235231388e-10,8.188352296971254e-11,-1.2343598975000515e-10,-5.013221958225888e-10,3.6575790837926074e-11,-1.5926778292418626e-10,2.205029760151767e-10,9.339372143655044e-10,5.669776295536788e-11,1.3117486959104064e-10,1.333320746186602e-10,-2.8693471310615936e-11,3.502419842648751e-11,2.4402165402088945e-10,5.35021539792086e-10,-3.153246029277921e-11,-5.894595810211955e-10,-7.667225467837312e-11,-5.521302668415476e-10,-1.725958519947933e-10,2.3257351145537088e-10,-3.5541116093255124e-10,-1.3369689887522447e-10,3.082806470147208e-10,-6.111778345174392e-11,-2.526368672825079e-10,2.790492811353971e-10,1.8393374076764356e-10,7.994233889280062e-12,1.3703037914975364e-10,4.296233586978095e-11,2.583646049780579e-10,-3.09470145312603e-10,-3.6425874720778945e-10,-1.223574682510745e-09,3.081666769941841e-10,-7.296989730898682e-10,9.498677317951903e-10,-1.162858439817396e-10,3.4800462155615525e-11,1.62394796864703e-11,-1.8246100626912636e-09,1.2184795683941867e-09,-6.227461775716465e-10,2.756374611208021e-10,-2.8318076391740353e-10,9.035952853790162e-10,-7.614857788370543e-11,-1.982297451850905e-10,-8.264725509397262e-10,3.4535552853593382e-09,-1.081360987021982e-09,2.351927856239956e-09,-8.552360674294014e-10,3.448894844062919e-11,-5.588271346384366e-10,1.3394813626249305e-10,-2.480166663155158e-10,-6.234352658132296e-10,5.252863160051737e-10,3.808615280465824e-10,2.2169749744246654e-11,-3.146540081304932e-11,-5.1874048300573874e-11,2.0750099644483172e-10,-6.212497963229722e-11,6.837771280190832e-10,2.6503450713338847e-10,1.329229059486592e-11,-9.026676864764687e-10,2.762285095117073e-11,2.197792073856873e-10,7.360973843040913e-10,1.5992401828454593e-10,8.079026855528369e-10,7.704350179113456e-10,7.586745313503602e-11,2.1521177088329538e-10,-2.7278799816783447e-10,5.333359146514786e-10,-1.5289741780200792e-10,3.217121972762592e-11,7.066010202214393e-10,-3.039029556133427e-10,-3.5203842986054466e-11,-3.640141607008903e-10,-5.28382830115674e-10,-4.267765980768715e-10,-1.1902525455795689e-10,-1.1366418056441655e-10,-2.058013678953277e-10,1.763442986024342e-10,-2.6465366851733585e-10,-2.608138351149553e-10,-1.0966575645202678e-11
window_p2,3.039464334923526e-11,2.846837093887547e-11,-2.861065997131411e-10,3.735093730918139e-09,-1.2033825542981953e-09,7.380773398046063e-10,-1.1744408445079225e-09,5.0749531689826464e-11,-1.1498669347035883e-09,2.905274646796922e-10,-3.8382611719921446e-10,-1.1116238431497698e-09,3.983804265891043e-09,-2.388218291272742e-09,1.3145972689890896e-09,-1.1420959883537143e-09,1.1576688354093925e-12,-5.927621098244968e-10,-1.0070658381353393e-10,4.36830784437066e-11,-8.045184337373449e-10,4.462384557363277e-09,-9.876511133104206e-10,2.7579814073500792e-09,-1.686862316679806e-09,-1.7013737917960013e-10,-1.7393946459570355e-10,5.688424084370053e-10,3.6694156747649766e-10,-1.5823539104972225e-09,4.214774621575487e-09,-6.974397075955099e-10,1.603476369710971e-09,-2.901722526574607e-10,5.232206288901841e-10,-1.1381829692850985e-09,5.70943265848173e-10,-3.049008264301065e-11,-3.482139998206246e-10,2.7920322969068597e-09,-9.596723959648175e-10,1.564069411914479e-09,-8.404286594526381e-10,-3.5966897844646487e-10,-4.83831960491622e-10,2.632015132806257e-10,1.8656585036581636e-10,2.5190548735509876e-10,8.855596005493015e-11,1.0787981491924547e-10,-1.2887292155674858e-10,4.708555078336727e-10,2.940665080620524e-11,-3.6644899058403316e-10,-3.141338702876736e-10,-1.5653228869228535e-10,-7.930030820714428e-11,-1.260282553687605e-10,7.786988300959574e-10,-4.121006382462898e-10,5.149532742100746e-10,1.5141020657043114e-10,-1.368193133950999e-10,-7.042399978905709e-10,-1.2199243105621124e-10,1.2020069406104938e-10,-3.5439866726736186e-10,2.0671115087401447e-10,-2.920476727831858e-10,-4.1940469563279446e-10,-1.6781726293561554e-10,3.3327811714414835e-10,8.37424625271209e-10,5.325463971061891e-10,-2.14667612009577e-10,1.6602381627980927e-10,-7.341787583480385e-10,6.008424250030962e-11,-8.964753273723582e-11,-8.18254708649592e-10,1.7455314980943842e-10,-4.175540928624151e-10,-7.376699729880316e-11,4.7883430651426307e-11,1.7260682688231561e-10,1.3396113300272675e-10,3.716382104778637e-10,1.7648428008604166e-10,-8.218652508238625e-10,-2.588312375547822e-10,4.9267898138233625e-11,-1.3266181543688123e-11,-1.4061910984593848e-10,-3.9468248535908415e-11,-2.978096775844349e-10,-2.541999412157285e-10,5.038750678896374e-11,9.627472335844952e-10,3.276736661920696e-10,4.2884220756861965e-10,2.4389131807910857e-11,2.747517426240192e-11,3.739257209187015e-11,6.915100391309854e-11,-7.31293160000168e-12,-2.958767025353952e-10,4.1891585066294127e-10,-6.245156159812367e-11,-7.105145957630813e-11,-1.2151144498729725e-10,2.226357647786797e-10,2.65344988160254e-10,-1.6213456033117803e-10,3.3819652034603135e-10,4.767611853201555e-10,4.971677718980968e-10,-5.085674543847139e-10,-4.123231133245978e-10,-5.086402176907427e-10,2.141587075626189e-10,-5.643920812139732e-12,-3.689536762492828e-10,2.2290893749238266e-09,-6.263219273209978e-10,-3.8593447418527886e-10,-1.2692565804062312e-09,7.565247094130426e-10,-7.405945547864301e-10,-1.3884208236687563e-10,-8.346096982433351e-11,6.321639774136596e-10,-4.722088714613958e-09,7.133908302848493e-10,-8.552360674294006e-10,1.477557969894491e-09,1.5754458887827534e-10,7.071751625629731e-10,-1.367818304511457e-10,5.495191469630589e-10,6.717691324285969e-10,2.3213230435534908e-10,3.822548268728417e-10,-3.7047241888958493e-10,1.534298676130186e-10,8.166831587571022e-11,-2.562539789922758e-10,-1.8828202156887567e-11,-4.824258770554029e-10,-1.5178503837951875e-10,2.2192352089776756e-11,7.340373741978581e-10,6.341044324330452e-10,3.737970276328455e-10,-3.8806391572909154e-10,-3.5055580280782166e-10,-8.796753977207155e-10,-1.00777184528099e-10,-8.729958787629277e-11,-2.8546847080449054e-10,2.3339099393967935e-10,-2.610569377853778e-10,7.096543872950542e-11,-6.343906438699088e-11,-5.906836437790578e-10,2.4390804000257574e-11,-3.039858349992966e-10,6.932728774802345e-11,1.0000565761242226e-10,4.527945251354183e-10,-1.9373351449520094e-10,-3.2108581841736104e-11,3.22902377313909e-10,-1.208545137449396e-10,1.5722860871237638e-10,1.6014739489401227e-10,2.8445718643640766e-11
window_p3,2.1988372145902027e-10,4.868299048912692e-11,5.200642546387224e-11,1.986191815090593e-09,-2.52742085684842e-10,5.5314731546918455e-11,-1.5091784929740067e-10,-1.1965970333843987e-09,-6.474489220335565e-10,4.660965845494927e-10,-1.3245805056659437e-10,1.0527629474513699e-11,2.4525473643677382e-09,2.1771727556354767e-10,-4.552536218051968e-10,-5.386086543697499e-10,-9.001085030516808e-10,-2.180231137541538e-11,1.6387599122875078e-10,-1.6498081527819782e-10,-1.0283597125011284e-10,2.55466303531635e-09,-4.535362188177346e-10,9.785188071358875e-10,-7.239359481939785e-10,-5.825240367721363e-10,1.4142594595669401e-10,5.929215965651559e-10,1.9472130082804616e-10,-3.4133577232077154e-10,3.3419819137758314e-09,4.261415545933848e-11,3.558682438842794e-10,1.218012597271448e-09,-2.715521524963886e-10,-7.266437974137955e-10,4.663103090649225e-10,-3.2513769875130564e-10,-8.051693771561353e-11,2.4096008447753195e-09,3.1647720333864867e-10,6.897938692507899e-10,7.813988831994474e-11,-1.1583442489067585e-09,-3.3890517582369656e-10,2.372577904810823e-10,2.3861939061420804e-10,2.2309017350769494e-10,-1.7034999831277405e-10,1.203263302474918e-10,-3.396586735347572e-10,4.969265347792523e-10,2.374310393758813e-10,-2.586213194520104e-10,-5.025214910186876e-10,-7.087067369966338e-11,-1.6985902771850917e-10,-1.6617961630908022e-10,2.1056727783865304e-10,1.5997331334278244e-10,2.2146958649922854e-10,6.07094950592393e-13,5.000102492299883e-11,-1.7765804068984135e-10,3.623496897463783e-10,-6.560772503476065e-11,2.8394232434605135e-11,-4.06463647855898e-11,-2.696158734957242e-10,-2.698658309163287e-10,-1.917224921660467e-10,3.7913044168702246e-10,9.935912889377301e-10,6.183883300179764e-11,-1.1502843166398286e-10,3.043166854256028e-10,-6.086738583156076e-10,4.5448231985955813e-10,3.658931477763111e-11,-2.637920484271102e-10,-1.5991372858006074e-10,-2.6531779463953156e-10,-6.60645325841981e-11,-3.3162059410582604e-11,4.885463056798685e-10,2.2463297173477784e-10,-1.973206654383123e-10,1.9340836187708846e-10,-2.2580289171443368e-10,-2.8920199357102413e-10,3.6317421736226804e-10,3.8422547319217897e-10,-4.914593685938144e-11,-2.63273454760642e-10,-3.362865212024868e-10,-6.612025932724779e-12,-2.6844059410814193e-11,2.1644511271103723e-10,5.854163397785492e-10,-1.2085664123555532e-10,2.9874188975005175e-10,2.4409875035886846e-10,-2.4569660481338233e-10,1.8177967510641176e-10,-1.9426360150183028e-10,1.087769666657862e-10,-2.1300045802332164e-10,8.69588424292327e-11,1.9701454988960595e-10,-1.9534817719164043e-10,3.869019302107473e-10,2.8344153267184047e-10,5.667304175724627e-10,1.0682987230988845e-09,1.8390964426950195e-10,5.65833048831756e-10,-4.764914949572404e-10,-1.6238195768455962e-09,-3.30000433130856e-10,1.9663693090887235e-10,1.4874131190150727e-10,4.764775456179187e-10,1.3706772234391602e-09,1.482342104720727e-09,-4.910706962811327e-10,-5.390867299762759e-10,-7.113377243589242e-10,4.1838805184207076e-11,-2.858141476715658e-10,1.639410624465502e-11,5.5470611438558036e-11,-2.9056976005732085e-09,-5.553354963049645e-10,3.4488948440627443e-11,1.5754458887826537e-10,1.1501524815149437e-09,2.6886256942699753e-10,6.727852689783714e-12,3.2481725638481004e-10,-3.4007140139254954e-10,3.9788826082303536e-10,4.000454294652549e-11,1.537330229758869e-10,5.171417912306836e-10,-1.423663475698282e-10,-1.6304912943928732e-11,-2.5303107141425775e-10,-9.03449759907487e-11,8.94502643300415e-11,5.996350895567742e-11,4.341867510790042e-10,4.3563197043211436e-10,-2.4104303871942885e-10,2.6190376951063384e-10,4.547518383859765e-11,-1.4072935663082544e-10,3.0183847286957074e-10,-1.3764893132872312e-10,1.565426551802761e-10,-1.079822023878429e-10,-5.788090885500115e-11,-7.272868830992986e-11,1.1659545381022463e-11,-2.5723284913461727e-10,-3.2223538269980436e-10,-1.1104692539107029e-13,-8.206670553106036e-11,-1.7332831988572006e-10,1.8364453320214637e-10,-3.93993094728163e-10,-3.892655736064569e-11,1.314499361079754e-10,2.329669934476517e-10,3.766373236463866e-11,2.2752657292510253e-11,8.183109951561581e-11
window_p4,-2.287908369808544e-11,-6.371064378149313e-11,3.249471981935101e-10,3.2660847868610766e-09,-1.171811701321337e-09,1.8579224021124222e-10,-6.692544101123545e-10,5.934658687595931e-10,-1.0480313643960861e-09,2.1443342314613215e-10,-2.459608417126441e-10,-5.050991640321976e-10,3.555800642993416e-09,-1.803164809131589e-09,6.398009097139231e-10,-4.132781933770922e-10,4.2935037996062524e-11,-1.0210286425611547e-09,-4.8867802734155e-11,1.1348670327250004e-10,-5.119940655995768e-10,4.2208417604686e-09,-7.196462781050368e-10,2.5302696538308753e-09,-9.030001654607467e-10,-4.3570918109921256e-10,-3.0660845362157323e-10,3.78044508725507e-10,4.695265064932703e-10,-1.2624215841960931e-09,3.3277965342767914e-09,-5.022962105840915e-10,1.474259315451665e-09,8.127263156896539e-10,6.831608340823184e-10,-1.3198087699443584e-09,5.108471647951856e-10,1.3208590019874572e-10,-3.600497155039105e-10,2.7725338335999058e-09,-5.689541234531014e-11,1.2633973176915913e-09,8.186868937317515e-11,-8.860846416499345e-11,-1.2425392401156457e-09,5.036444925480274e-10,1.0165118029254323e-10,7.751061043072631e-11,2.490313212407754e-10,1.7870808887922897e-10,-1.7250012360681716e-10,8.323117904042925e-10,4.843941964930807e-11,-3.1761527918162033e-10,-2.8515100078025233e-10,-2.8530818399132805e-10,-2.0666993972359647e-10,-7.946506351672386e-11,9.747471509552086e-10,-3.7990653662293064e-10,5.729136473194029e-10,3.134847380182585e-10,-2.5673793611015924e-10,-5.809511461002724e-10,1.830637923697371e-10,1.9159662709063598e-10,-4.896679806440497e-10,2.786724078356433e-10,-4.609535673029669e-10,-5.371107650619899e-10,-8.110672686878856e-11,3.005495589716078e-10,5.384049956394038e-10,6.173745443525806e-10,-9.516128287012444e-11,2.2947664602317306e-10,-6.398149070745728e-10,3.959160278894091e-10,-1.0487400910838366e-10,-8.673805281659332e-10,2.578080841370845e-10,-4.849185831426319e-10,2.701618613596958e-11,5.220878109942267e-11,2.2216886818870178e-10,3.710718027642813e-10,2.0983679202911146e-10,3.0294272032973834e-10,-8.372724950979499e-10,-5.187922805875869e-10,5.08725368547644e-10,1.23047247147522e-10,-1.9282348560350214e-10,1.7088812514555167e-10,-4.757519042122603e-10,-3.488916131366035e-10,1.3274143972377878e-10,4.712328914758808e-10,4.245954230738719e-10,4.137504896120041e-10,2.467390804304565e-11,1.3368814101595346e-11,1.5297183217750235e-10,6.452099438420259e-10,-2.493788249176253e-10,-1.7764140015527744e-10,8.850858759576547e-11,-1.650374097847222e-10,5.866106001326414e-11,3.005530027533269e-11,2.7015656048855635e-10,5.371696342886305e-10,-4.815041361818123e-10,4.21005100519924e-10,9.125255085420418e-10,6.28964905710344e-10,1.3946490281065398e-10,-3.3163873057978023e-10,-6.871623865754578e-10,2.614879726798673e-10,2.7466427214808513e-10,6.933621324546304e-11,1.1604260363348936e-09,9.290712691295893e-11,-3.3830063994956397e-10,-5.232094208541275e-10,7.164218736031599e-10,-9.500778362553486e-10,-1.7497123842461217e-10,-1.807003252959425e-10,7.479229055867134e-10,-4.761047986690322e-09,3.300709457945369e-11,-5.588271346384349e-10,7.07175162562967e-10,2.6886256942699525e-10,9.463728556486836e-10,-5.757348034291594e-11,5.056281771346934e-10,2.6014224197093916e-10,1.61424682548317e-10,2.068536285404922e-10,-3.0968055463794873e-10,3.7149382443245893e-10,-1.8952013916066256e-10,-2.305687796095241e-11,-7.2912074449012e-11,-3.8968140565008863e-10,-1.5610486442342088e-10,1.1911518713495795e-10,9.623161422451436e-10,6.418231668421114e-10,9.337087136110448e-11,7.845158280881937e-11,-3.795255645395338e-10,-8.357213382390992e-10,1.407446471045808e-10,-2.2733355029699912e-10,-3.1548055441161394e-10,1.2328741154189957e-10,-3.147347356923948e-10,-5.1269752347907817e-11,1.0481337793080626e-10,-5.921055246105709e-10,-3.9501779330748225e-11,-2.1062613241117467e-10,-4.224635563877651e-11,1.1212470738214759e-10,4.5823160947846274e-10,-4.751306301960353e-10,5.895772080533477e-11,3.3707447160516777e-10,-8.909882502217517e-11,1.932164146500419e-10,1.702489592980438e-10,-3.8358689732517065e-11
F12treat_p5,3.010180982857981e-11,-1.7953444688007956e-10,4.734314170684313e-10,-9.937559378528733e-11,-2.8553427023064674e-10,5.769815086863492e-12,1.9156454022498353e-10,3.214484879108772e-10,2.207925067434968e-10,-1.8628314679964995e-11,-1.1822664225154632e-10,2.762484275389851e-10,-2.827935001070212e-10,3.242686012720624e-10,-2.4169214789788253e-10,4.1631858529289325e-10,1.8732921197843563e-10,2.4003662333836185e-10,1.988457486803588e-11,-1.387765405301855e-10,5.89060522735087e-10,-3.866261447213193e-10,-7.192192505192857e-10,-6.318963607117509e-10,-2.8759099181797176e-10,-2.895013496842556e-10,-9.061841088444916e-11,-1.8183266498121645e-10,-2.9413922788001303e-10,4.974740976299996e-10,-6.165320627950184e-10,4.1827845772835715e-10,-2.1426001918988221e-10,2.917959612065842e-10,3.316435096326919e-10,4.946353015983558e-11,-1.1886679396298827e-10,-1.915035926611413e-10,2.809718269103808e-10,3.939230828572043e-10,-4.507341194463561e-10,-4.5229682539006855e-10,9.639577435668135e-11,4.536947634968773e-11,1.1902573940035767e-10,3.236961255856893e-10,-1.0095014311292147e-10,-6.65818741264522e-11,2.822071749282732e-10,2.6512339595928393e-10,-2.9783412053914303e-10,1.7782759927954565e-10,-3.0991782601814494e-11,-1.2322240463353678e-10,4.341163690357423e-11,6.69117257173805e-11,-2.7895376338592963e-10,4.9479275063056464e-11,5.832943319982898e-10,2.641952818461607e-10,-1.7514978312523897e-10,3.822334981987857e-11,1.5991478605157324e-10,1.0247164706570272e-10,6.281850712640171e-11,1.0337045150430476e-10,9.51844886315067e-11,-4.341753894476166e-11,4.6599227021632995e-11,2.706389146591128e-13,8.41914434063476e-11,3.059554111050009e-10,4.857697683603541e-11,-1.99015615160424e-10,3.7275479573209464e-10,1.548719988669185e-10,-1.7489175885662912e-10,-5.1661800656725906e-11,1.5336292644386884e-11,-2.078734860426426e-10,-1.1058582593357397e-10,-2.0976039306025936e-11,-1.2033502959744447e-10,4.0207153506107335e-12,2.1177645564858114e-10,1.799490072566558e-10,-2.192402020836443e-11,-2.7757816256522094e-10,6.718077330829332e-11,-9.01396375145891e-11,2.6196177398486636e-10,3.1087293275001603e-10,-2.2518250694370128e-10,3.5601687083736265e-11,2.071246236641776e-10,-1.687158437703199e-10,-8.934450073589738e-11,6.133102264577928e-10,1.267013947916527e-10,1.9573157404048436e-10,2.129842399737267e-10,4.0620839812413155e-11,-3.009812327074273e-10,-1.1045750024254427e-10,7.777886652654584e-12,-2.3304264614058477e-10,-8.172181007199535e-11,-1.0736948357640213e-11,-1.7474678470885772e-10,-1.8431183488203958e-11,-1.0518944122988067e-10,-1.0936481256866777e-10,-1.0694523011371901e-10,1.0940975134464756e-10,-1.1457108045631444e-10,2.938087619408785e-11,2.7188521303333825e-10,4.999246315089365e-11,2.7181367655373806e-10,-1.3222449295427965e-11,-1.3654731118681444e-10,9.911582530909977e-10,-2.9916438839890734e-10,-5.973702408130654e-11,-1.6727291360572705e-10,-6.873542881723964e-11,3.192281896677909e-10,1.3767258115995808e-10,1.188911483978393e-10,4.0991871064526744e-11,-3.8725196595731096e-10,1.5898922654884966e-10,-2.3471029490064582e-11,1.3394813626249274e-10,-1.3678183045114932e-10,6.727852689783931e-12,-5.757348034291648e-11,1.0523878302699344e-09,-2.4387870830478787e-10,-4.714353310904837e-10,2.8871181115378308e-11,2.429315661219048e-10,1.7527227969460818e-10,1.859672068058971e-10,-7.452796489309994e-11,-2.8972476709738043e-10,1.4069193347277556e-11,2.0971450394337032e-10,-3.8738770071180024e-11,2.696001516996034e-11,3.9208871236140914e-10,4.47386548700114e-11,1.1408967816161965e-10,3.1556998730697867e-10,3.039133654069294e-10,4.8575477996849174e-11,-5.802488632189754e-11,-1.6944949215503845e-11,-3.725293630260768e-10,2.937247006309212e-12,5.678882539464423e-11,-1.3321590940109912e-10,4.7231097027369e-11,-3.834209199973699e-10,-1.0019995072184646e-10,1.4652770747106475e-11,-9.700950582421954e-11,-1.6904926048705262e-10,-2.1597822588319672e-11,-4.9028165228943966e-11,-9.159903946180628e-11,1.7082823407408862e-10,2.967398968740965e-11,-5.92003997549926e-11,7.120823585560863e-11,-2.519941209457182e-11
F12treat_p6,1.4211931768960368e-10,1.0896306458056972e-10,-3.2717770435819895e-10,2.8523397601594054e-09,-6.474702597558227e-10,-8.826333796421133e-11,-6.045329815851865e-10,1.4739841222426163e-10,-8.796082493112469e-10,4.267801789553313e-10,-1.9137370322700494e-10,-7.993396721197735e-10,3.343698979759849e-09,-3.861568713785079e-10,6.220655602552682e-12,-6.714398255397981e-10,1.0798344519379278e-10,-3.5836330633977914e-10,1.2199077255618605e-10,1.189115611682242e-10,-7.795503904450181e-10,3.808949389180202e-09,2.0774937848180766e-10,1.6369020751183944e-09,-9.485503730937794e-10,-1.6611982146363686e-10,5.946253656133038e-13,7.236324238421626e-10,5.96011220333264e-10,-1.2900802375474957e-09,3.691017750244033e-09,-3.096388482269752e-10,8.242774688557793e-10,8.672446140113246e-10,6.003484913775605e-10,-8.710182678067944e-10,6.946388270310552e-10,1.8907977285612452e-10,-4.2924390185386345e-10,3.26667887704411e-09,6.381291958780491e-10,1.2409961417187865e-09,-1.1023255326753177e-10,-1.9379988893252367e-10,-6.82503108463042e-10,6.300986256715279e-10,4.415161578626516e-10,4.8732633991582795e-11,-5.324712423330464e-11,2.3135472495584403e-10,-9.19365561164882e-11,7.492296903793802e-10,1.275056548245374e-10,-3.134243046572234e-10,-5.220609134773986e-10,-2.1985377462139722e-10,-1.764693678322777e-10,-2.0640027160798498e-10,5.330457845497149e-10,9.682336938638874e-11,4.5749385314947175e-10,2.867917253003605e-10,-6.853915765932468e-11,-7.042750302597026e-10,3.105922434160193e-10,3.230220433382679e-11,-3.9522393025286336e-10,6.759361271784345e-11,-3.8719334484439217e-10,-4.02671371374454e-10,-1.8064433969671943e-10,4.1633062883559746e-10,9.425271789824435e-10,2.8072846142905675e-10,-2.9314047084892503e-10,2.7928168841829483e-10,-5.944389574470775e-10,5.06922825032771e-10,-1.0408855661570016e-10,-6.248240594648075e-10,-4.833706499338665e-12,-3.6634213773308436e-10,-9.167866437839411e-12,-4.453065568541745e-11,3.8367607096791757e-10,5.193705591204557e-10,-4.226670699001982e-12,4.249220658557724e-10,-5.068926572685507e-10,-4.859590762844578e-10,3.455200637468222e-10,1.2902133453653713e-10,-1.9855628131587913e-10,-4.9691164331307554e-11,-5.317890320741529e-10,-1.2198682471170631e-10,8.992625505955197e-11,3.6413593511947495e-10,7.723766691039233e-10,3.482746890212219e-11,-1.1586393682023108e-10,2.586648359488493e-10,1.4868313998017023e-10,6.104332126135228e-10,-3.3848693689195333e-10,-1.178293609846591e-10,-2.2914236308132676e-11,-1.8514584007905665e-10,2.716686480601984e-10,-1.2607765492854296e-10,5.770151194310929e-10,6.080644445739147e-10,-1.9697281376925257e-10,6.765566547926204e-10,9.752267691727065e-10,5.225022016455846e-10,-1.2705692374363073e-10,-6.657570753325403e-10,-5.460634478252349e-10,2.835668888778587e-10,2.8716748601532193e-10,-3.1506643165158815e-10,1.481767287136721e-09,1.3891395653271736e-09,-1.6166283826137078e-10,-3.272882567673811e-10,3.8496400325113317e-10,-4.314169001141799e-10,-3.865085573590224e-10,-2.8665752891784265e-10,9.143680233594817e-10,-4.131458973213732e-09,-5.275334333546882e-10,-2.480166663155187e-10,5.495191469630578e-10,3.2481725638481377e-10,5.056281771346908e-10,-2.4387870830478255e-10,9.272098205058459e-10,-1.238141987363573e-10,3.6139679667530803e-10,1.932823231528841e-10,-2.2832445462546698e-10,2.632200945509412e-10,-2.83249727560509e-10,1.0016679101776952e-12,-1.9341848980250524e-10,-2.5221795000804645e-10,-6.582955806428067e-11,3.504007255505042e-11,7.488626119677976e-10,8.53288334642126e-10,-8.252478766877646e-11,1.9532036405830505e-10,-2.0160215169616688e-10,-4.908541063610724e-10,3.515347621070332e-10,-3.0505627652878935e-10,9.615555248266835e-13,5.257474633638806e-11,-1.9277919210904725e-10,-7.957012259119102e-11,8.925054574297251e-12,-4.2284594204591534e-10,-4.316144419789659e-10,-4.783475832879391e-13,-9.496088929856285e-12,-1.2901054589449047e-10,3.54626557636755e-10,-4.799366167929894e-10,5.5495847612491154e-11,2.4434068229269794e-10,1.0001066282196835e-10,1.4299294634922477e-10,4.147409604776727e-11,6.320702362699153e-11
F12treat_p7,-2.2389534244454608e-10,-1.3346199458943662e-11,-4.578854233562473e-10,9.281439567193469e-10,-8.621114171685467e-10,6.690565579752916e-10,-4.983792516998365e-10,5.65515447563353e-10,-6.081486591753396e-10,-1.286090584830175e-10,-1.613389431660917e-10,-8.802366844069193e-10,8.799915199656725e-10,-1.915767578752207e-09,1.3331449483182789e-09,-2.8885450225925104e-10,1.6788629836352315e-10,-4.363250795349111e-10,-3.1035838650829534e-10,9.245232707279724e-11,-8.562195154052928e-10,1.7562033962847665e-09,-7.365311634022367e-10,1.2540262215365022e-09,-7.599996561913919e-11,2.494996120742576e-10,-1.383619091261495e-10,-3.5364824372850124e-11,7.480910398691104e-11,-1.2253530146279234e-09,1.4751818154971666e-09,-1.1761068478445745e-09,1.3505328423342354e-09,-3.27234202711938e-10,1.1571635583397041e-10,-4.3259517661061345e-10,-9.404833129712189e-11,-4.531981249388516e-11,-7.182258744406424e-10,-6.114758406477715e-11,-1.3741840190533046e-09,7.024106554538149e-10,-1.613232354857854e-11,1.0773806257292962e-10,4.102999282961637e-10,-5.028565919621194e-10,5.883313303204509e-11,3.717152522586022e-10,2.4303915549351744e-10,-1.4660748252454728e-11,3.923528366955834e-10,-1.1634682168915927e-10,2.8024109339809348e-11,2.8315092076525738e-11,1.189407800414853e-10,-1.3945197174204747e-10,2.2512798366796303e-10,1.5824574825230044e-11,1.804638595755801e-10,-6.872391649526825e-10,6.279628326474968e-10,8.362520269164037e-11,-2.1084577958415746e-10,-2.1240500570822658e-10,-2.8403117726940937e-10,8.400810954828609e-11,-3.2185494329810875e-10,3.170753553440692e-10,-1.4962896815241633e-10,-6.1501905888974e-11,-1.0054253050644015e-10,-4.1775219313510237e-10,-2.0297385873290897e-10,8.415200240241646e-10,1.1626899626229215e-10,-2.4175400961014445e-10,4.5917823447164797e-11,-3.035446629595003e-10,3.3099375445590915e-11,-2.2109850918593387e-10,2.2921731781249292e-10,-2.192906811322666e-10,1.0973483711352636e-10,7.560027231139743e-11,-2.8884891926909275e-10,-3.29773518566406e-10,4.993489224561725e-10,1.6650524805621395e-10,-4.381110676084507e-10,2.5677144240206807e-10,-3.3158984329875255e-10,-4.0663990531934636e-10,8.902173505676431e-11,1.8169798284407905e-10,-2.4328383170139437e-10,-9.862976564486248e-11,1.1370562422307634e-10,-9.702594071498014e-11,-3.569647963336076e-10,7.000219185116707e-10,-1.6864631295858413e-12,6.055189804848887e-11,1.8782778342517968e-10,-1.29170276583915e-10,2.1202111325325853e-10,-1.295959208945157e-10,4.430641223019314e-10,-6.465313188992656e-11,-1.4757041290262242e-10,-9.160206438792863e-12,-1.5321894127153857e-10,-2.728720377582778e-10,-7.373336839445756e-10,-3.2014341895841275e-10,-3.785771849981251e-10,5.770706412567986e-11,-4.4299771142387066e-10,7.3016750107524e-10,-6.423472607508438e-11,1.0665124976222308e-11,-2.123725664010562e-10,-1.0079604514014467e-09,4.3698111781045674e-10,-1.4171033864505089e-09,5.7160326698923067e-11,-6.325548369555813e-10,9.207360731874125e-10,-3.766729765899382e-10,1.0159144149293498e-10,6.358038591376379e-11,5.57547531930594e-10,-1.1953427068119764e-09,1.2806267612688005e-09,-6.234352658132267e-10,6.717691324285952e-10,-3.4007140139255166e-10,2.6014224197093947e-10,-4.714353310904816e-10,-1.2381419873635806e-10,1.5822790499643129e-09,1.0785364126496033e-10,1.8906686119098315e-10,-3.124803475097761e-10,-1.8638549327660345e-10,3.127546923046811e-10,-2.8561630823534352e-11,2.1890823516448496e-10,-3.841855516280837e-10,-1.7710459829705055e-10,4.774836134278765e-11,-4.227969055526748e-10,-3.149920594687384e-11,7.405385575974905e-10,-7.104722901296551e-10,-2.9977452175829007e-10,-4.663978795816877e-10,-3.4152637710264327e-10,-5.775099564736802e-11,2.540029588777908e-11,2.262617475456568e-10,-3.0156831185844136e-10,2.600137337769991e-10,-9.728012441410345e-11,7.422089522608769e-11,4.450830544114858e-10,-6.009100372204146e-10,1.7248178327360156e-11,1.9849415785906175e-10,1.0647970190900151e-10,1.698987014868777e-10,7.860777056571853e-11,1.3472731990305463e-11,-2.380884238857994e-10,1.8690460589285592e-10,5.7354147331715514e-11,-1.406012241962057e-11
F12treat_p8,-2.0697095572451811e-10,1.8312931961324988e-10,-4.2294437139736455e-10,2.5977133095601303e-09,-6.114970669664956e-10,-7.753365404297979e-10,-5.270545023502379e-10,-1.7739838754307797e-10,-1.008512470674997e-09,2.298070463505112e-10,-1.89301569223221e-10,-9.443481996597006e-10,1.818868958205527e-09,7.617371486542008e-10,-1.729939063353186e-11,2.337650711203875e-10,-3.9392449511485474e-10,3.803471947880275e-11,-1.2061008083345812e-10,1.3869416882212777e-10,-4.826721211291644e-10,3.2151064883233094e-09,1.3959815980162981e-09,5.365528914724324e-10,-3.400532331485275e-10,-4.4484781915836697e-10,-1.0732530113498727e-10,5.061048689495506e-10,2.854280766580652e-10,-8.10483411784339e-10,3.135239093543021e-09,1.3838642419802963e-09,9.934224107383328e-10,5.637390811597842e-10,1.5301410413117837e-09,-4.933339934955082e-10,2.886059485255401e-10,-2.6144527495126073e-11,-3.578187806961519e-10,3.273046379589772e-09,2.1592052642509407e-09,2.558804167606421e-10,5.568628633359309e-10,-1.9920824802844625e-10,9.87811636334557e-12,1.584297243286441e-10,3.993963297294016e-11,2.7751356951925063e-10,7.460202321607488e-10,7.874644227079205e-10,2.4448896093048526e-11,1.078063856063235e-09,9.307284116038992e-11,-2.79550899065829e-10,-5.283154841583562e-10,-3.854750578249932e-10,-2.2274633098549306e-11,-1.4175460925365532e-10,2.7769303856860603e-10,8.02419136215589e-11,7.275332406249861e-10,4.408873296712579e-10,3.1678843064228226e-10,-2.5411079621766744e-10,9.654988469445672e-10,-7.22532635462745e-11,-2.801157235697085e-10,-4.215046264673159e-11,-5.823025600822187e-10,-1.898257233851554e-10,-1.8264840159398737e-10,2.0631197696721106e-10,1.2142642745699953e-09,8.613300899499277e-10,2.8498138325096723e-10,5.397251319010343e-10,-7.131999451976526e-10,9.061248482588772e-10,-6.736995196021604e-11,-3.4239148128499915e-10,-1.700894642593984e-10,-2.930371703568284e-10,3.27226517180895e-10,-2.0559579710553025e-10,8.890138542140328e-10,8.090409358396602e-10,-4.813325368152141e-11,7.318769608576454e-10,3.65345678819048e-10,-1.3434860967831591e-10,7.376862450462367e-10,1.5756765691096051e-12,-2.4588536382964055e-10,-6.850012157563669e-11,-3.7822531455457855e-10,7.266142112438835e-12,2.3516636392880515e-10,4.72536351749536e-10,6.05319395484942e-10,2.46441091012759e-10,-3.540051799565604e-10,8.976356417363775e-10,-3.1813910654842994e-10,6.371437192567135e-10,-2.4540695500370837e-10,-1.6324103100543492e-10,-1.188412743950003e-10,3.565141960427858e-13,2.0617736219632402e-10,-2.6253586025889737e-10,4.838704428621957e-10,1.668993890948402e-10,1.7566287677619523e-11,1.4948098757759346e-09,1.7288947827103724e-10,8.559558407875342e-10,-5.75120664769439e-10,-1.4893315106081494e-09,-6.291950375722802e-11,-1.264400266141245e-11,1.6674155188925024e-10,2.1964673528509968e-10,9.530034268268217e-10,1.7771758339621117e-09,-5.171043745342963e-10,-1.2336066445424685e-09,5.920368937544079e-10,4.4063339687338426e-10,-3.4974547096661105e-10,-1.7166671743105591e-10,3.065929941512984e-10,-3.3737515354950107e-09,-7.446626541213694e-10,5.252863160051769e-10,2.3213230435534866e-10,3.9788826082303185e-10,1.614246825483173e-10,2.8871181115378185e-11,3.6139679667530875e-10,1.0785364126495965e-10,1.3791259583548153e-09,6.682548443939021e-10,-1.1793635016540728e-10,5.525509351990534e-10,-4.908536768206421e-10,6.846247412082481e-11,-1.7621597758464155e-10,7.78698020788929e-11,2.46857218053449e-10,1.7670898388019153e-10,3.6619147259023206e-10,9.9178362169964e-10,2.2763995467808274e-10,4.462181698525147e-10,9.191718324438705e-11,2.1328658882791227e-10,9.98624492333154e-10,-5.763043555916232e-10,1.3907370581766134e-10,-4.0686684313967383e-11,-4.667470007114636e-12,-2.653158879601e-11,-9.878339890110725e-12,-1.334106859879082e-10,-4.973045430668887e-10,-3.715516764667351e-10,-5.000647373070175e-10,-7.859860667253084e-10,1.4237470132191056e-10,-9.025259051557263e-10,1.7552233254019162e-10,1.8086448159575102e-10,2.391055366274859e-10,6.924846187567206e-12,-8.537338337200784e-11,1.0811704926238662e-10
F12treat_p9,-1.3530490618133618e-10,1.1153156270220793e-10,-1.0306822896662991e-10,1.778819417686078e-09,-6.752716121869879e-10,-5.182045291152258e-10,-4.4460666104849065e-10,5.052868869156874e-10,-6.057842366152833e-10,1.8797186972063006e-11,-1.4152807250792806e-10,-5.632294139667482e-10,1.1793356532739336e-09,-4.65707998890866e-10,2.0661429174970582e-11,1.7311622693446444e-10,1.8619735148609973e-10,-1.045575625824273e-10,-9.942742005774536e-11,7.96795559004699e-11,-2.192921022643464e-10,2.0281139009703767e-09,4.5791369689606065e-10,3.5417380169229583e-10,-3.255998581504086e-10,-3.18337064967668e-10,-2.442626465349786e-10,2.046304827098529e-10,1.263910573990645e-10,-3.8993222193873416e-10,2.0301589928005935e-09,5.232814514491096e-10,5.342154432352778e-10,-2.1605603566343154e-11,1.0154094804952972e-09,-3.816016717960778e-10,1.294576684585767e-10,1.0199235505561595e-10,6.630230939326074e-11,1.9615254366805047e-09,6.273947261405044e-10,-6.431987614867139e-11,2.918602441491999e-10,9.977673099567553e-12,-7.505270387585938e-11,2.8599092632178716e-10,4.212351041097153e-11,1.513612524999213e-10,4.641883630740296e-10,5.678477098917871e-10,1.0365227074664446e-11,6.381597121580009e-10,3.117429766080906e-11,-2.02793722533405e-10,-1.7211074248835313e-10,-1.9727266333525803e-10,-1.0743096298920053e-10,-5.40559286704034e-11,4.168826934323712e-10,-4.944467864902114e-11,3.4666078756898103e-10,4.1964267491542237e-10,2.6635836891872054e-10,-3.641154249498812e-10,3.2572357376880457e-10,1.1063685522141891e-10,-2.9996802608992036e-10,9.764933361683554e-11,-2.8210965986704344e-10,-1.6264200135550688e-10,-2.942901876525355e-11,1.3688124766109257e-10,4.5955302825412255e-10,4.871483877756868e-10,3.761802515083646e-10,2.8451036313090673e-10,-4.945208183516871e-10,3.7619330959750356e-10,1.0148605232567163e-11,-4.079120222692496e-10,2.9569298115516196e-11,-1.5218874202336357e-10,8.405629887840528e-11,-3.317807003790023e-11,1.7600852676672592e-10,3.759977931478551e-10,2.1214338128618119e-10,4.0556545141623803e-10,1.1499218629145847e-11,-2.0596901838143705e-10,3.019108509672901e-10,3.174260741570357e-11,-2.6875280005893056e-10,9.961637010803126e-11,-1.7796434609689153e-10,-3.6531224551086534e-11,1.177914442718004e-10,5.554360780775596e-10,2.962722126843074e-10,2.3074614826136134e-10,-9.896790709943385e-11,4.829255928050687e-10,-2.2630839538015396e-10,2.723127816284654e-10,2.8160648527970313e-11,-3.228325636312062e-10,1.3255164440850484e-10,-2.968578764281841e-11,1.1196476800173163e-11,-7.840916804914926e-11,1.686318080303174e-10,4.683863208605584e-11,-3.9261867742162007e-10,2.3255388622629875e-10,8.760372086785572e-11,1.8654024384684632e-10,-7.937716435511663e-11,-4.909461220183696e-10,1.5518511528423602e-10,4.225701524814899e-11,3.215181146128205e-11,-8.111711408423433e-12,3.775433488591307e-10,5.038349008772825e-10,-3.3307530526606045e-10,-7.055891808599602e-10,8.755394719172999e-10,8.791735638825545e-11,-1.0830728142380776e-10,-1.306806519031872e-10,2.2060276006752444e-10,-2.2323850432588946e-09,4.847902623017693e-11,3.8086152804658487e-10,3.8225482687284344e-10,4.000454294652417e-11,2.0685362854049433e-10,2.4293156612190563e-10,1.9328232315288589e-10,1.8906686119098452e-10,6.682548443939011e-10,6.920099679625335e-10,-2.434219338795543e-10,2.7854599481901736e-10,-9.3509959630062e-11,-9.806611683364504e-11,9.758057118276635e-12,1.7487826869178276e-11,3.767951701009623e-11,1.3362826992512718e-10,2.2754813307192008e-10,5.674854919562268e-10,3.556584434622791e-10,2.0152182420796743e-10,-4.291887540952171e-11,-2.114084027936752e-10,4.6483753039502577e-10,-2.2815752132610236e-10,-1.756189542955739e-10,1.0858545216392322e-10,-6.574544771434603e-12,-4.2388279776434604e-11,-5.1770253768819615e-12,-2.4043107070906266e-10,-1.795770075835842e-10,-2.7262511912058127e-10,-2.733082497987726e-10,-4.188938018755422e-10,1.6341126566077608e-10,-4.314447675382426e-10,5.5922512985816034e-12,2.3087161173411998e-10,-9.15732550892203e-12,2.407548539083061e-11,1.1759853408117207e-11,4.889656767641899e-12
F12treat_p10,1.1916242044978373e-10,-7.303618559340529e-11,-9.781595809039613e-11,-2.2706910232139724e-10,3.370958443953928e-10,2.109541000061327e-10,4.764722400270686e-10,-6.16367041860984e-10,3.9502896479919247e-10,1.0946424211632507e-10,-1.6089929777113576e-12,1.0994634546868352e-10,-1.935044583974924e-10,7.869315704538644e-10,-3.894021168423441e-10,-2.48644949492315e-11,-4.663674605643163e-10,4.726118144948416e-10,7.377994473518506e-11,-1.2126321043657203e-10,2.349387135125125e-10,-5.696973086256538e-10,4.6287777615660874e-11,-7.006017106779548e-10,1.633626636865805e-10,-1.1962547727959978e-11,2.4912491117401146e-10,-2.6023559659234485e-11,-2.463808589539433e-10,3.5924741200324793e-10,-4.3174122504277126e-10,1.7051741611325357e-10,-3.8450563261175513e-10,1.887407532120538e-10,-4.140195677645816e-10,4.1661727455081075e-10,-1.1691911043444837e-10,-2.155373276498795e-10,-4.308815463399309e-11,-8.381858025990521e-11,-7.246557664375267e-11,1.4511631560343354e-10,6.814586266550989e-12,-5.854603459355749e-11,4.2008751886198845e-10,-9.237500808826192e-11,2.9094450801871325e-11,-9.073163686679404e-11,-1.8547245627640085e-10,-1.281084325935405e-10,-1.7711516494716635e-11,-1.93695279449364e-10,-3.18087134302799e-12,4.692609014436111e-11,-2.1533821743373026e-11,5.065801736682907e-11,-2.1393376212914526e-11,2.4412726482456166e-12,-2.2141704000971228e-10,1.4537827760643206e-10,-1.928852599448007e-10,-2.8894061522553543e-10,1.084766324162794e-11,4.1314383511887915e-10,1.1201586641037584e-10,-1.4182582099977563e-10,2.7694347807946505e-10,-1.0857609079645256e-10,1.2996599543206997e-10,1.2501990527177556e-10,-3.551301156635342e-11,6.923801327168572e-11,1.1618883088951465e-10,-3.04028871104135e-10,-1.4419222579259198e-10,-7.34498412255854e-11,2.652092197348416e-10,1.8699964997162415e-11,-8.121634570538109e-11,2.6096793057146906e-10,-1.4946174155053692e-10,5.466497206289828e-11,-5.2362744227738553e-11,-5.238892202543114e-11,2.7278982500510866e-10,-4.3567540736050376e-11,-2.821699385713146e-10,-3.2734296274002113e-10,2.9971092572858324e-10,2.8895164775155717e-10,5.362256353336373e-11,1.4514634331180653e-10,3.870087661693725e-11,-6.663438671841501e-11,1.9787490754733691e-10,9.397648751563869e-11,-9.79098718343868e-11,-4.8903779788592725e-11,4.661339996139693e-12,-1.9724280217641403e-10,5.52227655580778e-11,-1.464019127036505e-10,2.260727993482849e-12,-1.4979614121071742e-10,-3.232309644699488e-11,5.939008747843401e-11,-1.0733753533573716e-10,4.6279903687775343e-11,-1.310491144652825e-11,-8.617641419117724e-11,-6.76161186243225e-12,-1.2938574684091873e-10,3.906164094056896e-10,8.788879408385707e-10,-3.522421852151879e-10,-4.375125728074553e-12,-1.906497273109281e-10,-2.0691457574309297e-10,7.929341911262031e-11,-6.684357164615282e-11,-2.6003089548582913e-11,3.963119933895914e-10,5.325326443933339e-10,3.4280756324834226e-10,3.4304104318299184e-10,2.7743845501737283e-10,-5.467878454010722e-10,3.768216929520154e-10,1.4016212033848264e-11,1.3570869503460256e-10,-3.322675376327358e-10,6.98391105867084e-10,-2.3508866094776265e-10,2.216974974424262e-11,-3.704724188895793e-10,1.5373302297589003e-10,-3.0968055463794904e-10,1.7527227969460919e-10,-2.2832445462546982e-10,-3.124803475097728e-10,-1.179363501654075e-10,-2.4342193387955275e-10,4.453444821759346e-10,3.3376164030116607e-11,-1.1225646181380894e-10,2.4644656122448184e-11,2.464521233269333e-11,1.306078117696932e-10,4.7644355442580114e-11,-5.491331351847956e-11,-1.3833626023608143e-10,-1.2738880853641595e-10,-1.9819843505507005e-10,-4.888881460609128e-11,2.351054026545966e-10,4.563974597028107e-10,-2.934280381634214e-11,7.218735542086201e-12,1.556370023539127e-10,-9.04222867286174e-11,2.2345135777063696e-11,1.507676415156419e-11,-1.2793874543563306e-11,8.445671615053367e-11,-7.781158170430746e-11,1.3331192997545455e-10,7.953412943988419e-11,-3.241762815743522e-11,-2.546337634326014e-10,5.0991775863879405e-11,6.9400096797286804e-12,-8.181973904082878e-11,8.02928618921578e-11,-4.062723492619904e-11,-2.981622474275553e-11,5.323636619463136e-11
F12treat_p11,-7.853991491791287e-11,4.9052130504205684e-11,2.692095824497024e-10,2.8866947874197227e-09,-3.910750803454632e-10,-4.0301968436146e-10,5.0244529705984917e-11,2.726659265847273e-10,-9.636682312385696e-10,2.7410659474403943e-10,-1.3887213814787636e-10,-1.59267698638963e-10,2.290466958257074e-09,7.771726750463633e-11,1.1518018059024902e-10,-1.3160436159682525e-11,-3.2901738042132954e-10,-3.2883586167965815e-10,-8.42644079982276e-11,8.437031687995875e-11,-1.7197526281345603e-10,3.3225114903460247e-09,8.794841501526833e-11,1.2203835441954497e-09,-1.6646643842240613e-10,-6.275297876830607e-10,-1.828744471943498e-10,3.285335691922122e-10,2.0012153082815926e-10,-6.690395531765589e-10,2.638534424961131e-09,3.0257753801762145e-10,1.292794167773382e-09,8.172523287572307e-10,9.757475294821202e-10,-4.75109980583009e-10,2.580641813827473e-10,-1.1000075532459846e-11,-9.510099804775714e-11,3.396522041129529e-09,1.0431730051219526e-09,7.747451285863196e-10,5.796624849615114e-10,-2.1649580923899213e-10,-5.786514404789417e-10,2.931046044655983e-10,-2.3776560587035665e-11,2.7706416799847615e-11,3.8601288023141567e-10,3.710642911885981e-10,-1.6839946173099548e-10,1.0488875566120864e-09,1.7545961956454578e-11,-4.834263415074664e-10,-3.2054863429625905e-10,-2.832248643972087e-10,-1.818432956379359e-10,-1.6594106723436152e-10,6.29243985898527e-10,8.269998616293304e-11,3.7665754188960376e-10,1.7697899506607872e-10,2.151069868308759e-11,-2.9159602187097554e-10,7.596181886968036e-10,1.4151537025235866e-10,-2.9814101588687616e-10,1.2947355064656292e-10,-5.496534551889889e-10,-4.4619732140134216e-10,-2.648789390129184e-10,2.9610248743575713e-10,9.387444825585616e-10,4.722903201051759e-10,2.400108543635078e-10,5.040398853513179e-10,-7.298313947441641e-10,9.691115024285885e-10,-9.854281143858757e-11,-6.081267181527027e-10,1.7313332377916778e-10,-3.4341645676644613e-10,1.0126557646661659e-10,-1.7162399843195877e-10,6.848364009709769e-10,7.171473330799803e-10,-1.0172501971818353e-10,2.6172899632209136e-10,-2.337629910107235e-10,-2.6327348787837054e-10,8.519705730456825e-10,1.9685767350854118e-10,-2.7136488839477775e-10,1.080443955613212e-10,-4.011801592810595e-10,-1.7044545682201224e-10,1.1801851403539597e-10,5.018645243023734e-10,6.549317136478633e-10,1.5172439245270778e-10,-1.0891387014069655e-10,4.946006406487785e-10,-2.410490877939673e-10,7.403035094593803e-10,-4.294105093426233e-10,-9.190891787351667e-11,-7.218860428343129e-11,-1.0698727606827776e-10,1.1046013946584348e-10,-2.1962099587736243e-10,3.569558497974683e-10,3.8740202580076367e-10,-1.0707646172263031e-10,1.4210343084334735e-09,7.67298939681092e-10,1.126458124242459e-09,-1.293279196682208e-10,-9.980064092487406e-10,-3.169706123578104e-10,1.4628860678123246e-10,3.5475867257583313e-10,7.575368209602911e-10,1.0212314353001798e-09,1.3777202352900436e-09,-7.318913633136311e-11,-6.833291178248878e-10,3.302232445784482e-10,-4.35961652392715e-11,-2.515301089936056e-10,-1.168159866028903e-10,1.7514513674431745e-10,-3.82195457992737e-09,-5.788764330202485e-10,-3.146540081304841e-11,1.5342986761302018e-10,5.171417912306818e-10,3.714938244324601e-10,1.8596720680589703e-10,2.6322009455094237e-10,-1.8638549327660255e-10,5.525509351990514e-10,2.785459948190162e-10,3.3376164030117305e-11,8.664785502375737e-10,-4.4682422226918963e-10,6.015615734275701e-11,-1.3654263276221527e-11,-1.5047937732800483e-10,1.1836381391489191e-10,1.0379966568302048e-10,6.463321498862273e-10,7.344749395169201e-10,-1.7834519068122448e-10,3.4873613709581157e-10,9.629784329467645e-12,-1.688435140595572e-10,7.24537629588337e-10,-3.8464876795911704e-10,-7.680398009341652e-11,1.674373423864109e-10,-2.0788297581334824e-10,-4.088461276959456e-11,-7.157884320048552e-11,-3.681131438215644e-10,-3.168187994131254e-10,-3.9355091822268824e-11,-1.823012366044401e-10,-3.194452980749548e-10,2.0789808221742804e-10,-8.631159484164627e-10,8.554824531693896e-11,2.8945436666232814e-10,3.988162023027949e-11,1.0358186526452726e-10,6.296227420504712e-11,1.0594779182549522e-10
F12treat_p12,3.260276493247583e-11,-7.862423567427619e-12,1.9148657255473605e-10,-2.7002509698141354e-09,3.3364295054332667e-10,6.973171195786266e-10,-4.839281504804591e-11,-4.953548669149952e-10,3.981094411739349e-10,-3.441179232844792e-10,1.1083769752598247e-10,5.739793616904587e-10,-2.5763618778873465e-09,-7.053482113525226e-10,3.557684243846706e-10,1.616703254145359e-10,9.425759022047027e-11,2.0186687873498758e-10,-8.15579555424744e-11,-2.6690686651097175e-10,3.9741918449979023e-10,-2.8124310833445607e-09,-6.324527732623626e-10,-1.0447872404753856e-09,2.8598346570890935e-10,5.064441837778783e-11,-7.563253640619123e-11,-4.964616162998177e-10,-3.9909817554403243e-10,7.773009835426404e-10,-2.252487638746198e-09,-6.490558161935113e-10,-7.694900401366878e-10,-1.0796045788718843e-09,-1.1692210591860528e-09,2.4198674398308715e-10,-4.4258327085997333e-10,-2.7412667528278833e-10,5.292698781984073e-10,-3.163884025661113e-09,-1.6746573039897951e-09,-9.38910835772653e-10,-5.25849986955032e-10,-1.6423394331864537e-10,4.109753250482898e-10,-5.406324397354234e-10,5.89480785503465e-11,2.971632807347988e-10,-4.125982457590004e-10,-3.520753612402901e-10,5.1865726130109396e-11,-9.339206859812582e-10,8.832545000712737e-11,2.5357337678275385e-10,5.177047505949971e-10,3.4952101964194804e-10,6.918082618197369e-11,1.3862435286303782e-10,-3.4004658588224237e-10,-1.1851532022019823e-10,-4.459980528597025e-10,-2.3728788017477725e-10,9.317205821362965e-11,5.769673440326285e-11,-8.169496901687125e-10,1.07682428015572e-10,2.8499180086531557e-10,-2.462211309103862e-11,4.710655346487658e-10,3.068563677984731e-10,1.4827443798552864e-10,-5.105023096856264e-10,-8.414052858179679e-10,-3.0870633060707525e-10,1.9990398783370273e-10,-2.7904620772405825e-10,4.1592298352679325e-10,-7.988232303395655e-10,3.568050314818025e-10,4.202652704141408e-10,7.943135433995626e-11,3.5458083133980373e-10,-2.6239064230298577e-10,1.7457274805223794e-10,-1.0682561604989384e-09,-7.584459550382453e-10,3.1401483108579656e-10,-3.6094679546684964e-10,-2.196235617715742e-11,9.790951083239245e-11,-8.713100941084984e-10,-1.481462250694141e-10,1.962372173637803e-10,-6.971028240111277e-11,3.2442756827976094e-10,9.348645630956325e-11,-1.3650740502273785e-10,-3.220886264282515e-10,-5.797867297370593e-10,1.292067929234417e-11,3.790610106311491e-10,-2.138084729663987e-10,-4.2286726801028264e-11,-7.521952866719156e-10,6.141214547391082e-10,7.582211128465146e-11,3.221304641567241e-10,1.7695433318457272e-10,-2.167898836664715e-10,1.692819924639566e-10,-5.576189352515397e-10,-5.68107799085656e-10,1.2878321495047814e-10,-2.430690058543784e-09,-7.043560590080131e-10,-1.0510875818902964e-09,9.173805925710798e-11,8.700255803231547e-10,1.8807070614203555e-10,-1.171142435599303e-10,-4.834351757228828e-10,-6.548715024494526e-10,-1.1237705805515322e-09,-1.6221623067902527e-09,-1.2585074303970873e-10,1.7933113836460303e-11,-4.00483941565224e-10,-1.704666776526407e-10,4.1922199987127663e-10,3.0212341572512483e-10,-4.68954728246414e-10,3.4498587369341912e-09,9.8514077299857e-10,-5.1874048300578385e-11,8.166831587571138e-11,-1.4236634756983142e-10,-1.8952013916066295e-10,-7.452796489309985e-11,-2.832497275605091e-10,3.1275469230468156e-10,-4.908536768206402e-10,-9.350995963006199e-11,-1.1225646181380888e-10,-4.4682422226919077e-10,8.902829557795875e-10,-1.1395656637866255e-10,1.5381153391323574e-10,1.6076791013340136e-11,-1.2885426332305672e-10,-2.5632515511646946e-11,-6.503113511582001e-10,-7.839985659328976e-10,3.291011844466829e-10,-3.6978679946426576e-10,-7.338313844130636e-11,-1.7937919586700133e-10,-6.128266077198596e-10,6.095133035610422e-10,3.0692163044643766e-11,9.98785519234541e-11,1.3984431052734237e-10,2.709545626213897e-11,-8.486773764318631e-11,3.5533774501345587e-10,4.109926102954739e-10,-2.3854764714643176e-11,1.8863456310719199e-10,3.622041523165667e-10,-5.4717243718475875e-11,7.762885617785481e-10,-2.6944295207411854e-10,-2.0542048686529517e-10,-2.0430008136340376e-10,-7.03757836707093e-11,4.035190580716893e-11,-8.183717923619532e-11
F12treat_p13,-4.998609672087234e-11,5.642904907437301e-11,-1.0681201057915113e-11,-2.7123489982443703e-10,7.993669249564148e-11,-3.0419103696810237e-10,1.804381133461478e-10,2.3322719773211833e-11,5.701675577777707e-11,-3.670531633762374e-11,1.543331798169373e-10,1.157531872819881e-10,-4.033132991174471e-10,3.040492452455231e-10,-2.8274377419803295e-10,1.839774589701243e-10,-1.9069414267838467e-10,-1.1141190834622805e-10,3.6609706361690045e-12,9.675253262813528e-11,-2.5587593136882974e-11,-2.1672581934080886e-10,5.785301706504451e-10,-2.847160722758671e-10,6.079570709381692e-10,1.3789910060911262e-11,5.42905432380832e-11,-6.748476960668863e-11,5.63409953714151e-11,1.152455033257221e-10,-4.864705568257505e-10,4.4726380857487135e-11,4.2209532924388555e-11,-6.638604892770043e-12,4.920584415621854e-11,1.3308703744678826e-10,-9.173464122243055e-11,1.1049929284442375e-10,2.10720925607566e-11,-2.6314242356678074e-10,6.392658276856156e-10,-3.1673055999709206e-11,3.370121406170709e-10,2.9092562897915673e-10,-1.5027586737683849e-10,-5.758744906242875e-11,-4.271315728232571e-11,-8.835587198585661e-11,2.2891339092488835e-12,1.0182175770516452e-11,1.0938186906963558e-10,8.470156364584274e-11,-4.1913568568942256e-11,1.2017977919036032e-10,5.62144436923785e-11,-9.014573475858946e-11,6.650534390824261e-11,2.822632791629659e-11,-2.5238710100591527e-10,-1.8637782244539568e-11,4.694101429252415e-11,1.4811062264758407e-11,-2.845401932836376e-11,9.492330570197337e-11,2.372595865626385e-10,-3.903136634899112e-11,-2.287621048725696e-12,2.4843825274429617e-11,-7.388402718920858e-11,1.4376608845296307e-11,-1.1098558684632043e-11,-7.929111583928371e-11,-7.591786540358829e-11,1.0878154070345741e-10,-4.5984844068220574e-11,9.324213134100373e-12,1.164841260202229e-10,2.420010755659894e-10,-5.21710422550079e-11,1.812360953189766e-10,5.1761109847142295e-11,4.6083587264984e-11,1.0573489818788282e-10,-3.8778178359083656e-11,3.321812120943802e-11,8.438307648174733e-11,-1.230547897522776e-10,8.479396302214636e-11,1.4106534419455033e-10,2.6745123808486473e-11,1.4048076521705706e-10,-9.624613398206388e-11,7.172567002302331e-11,1.1341408649930141e-10,-5.250454381247074e-11,8.558328392874228e-11,7.46800616111119e-11,-3.7903405796991656e-10,-3.826481258036146e-11,-1.597552491007679e-10,-1.5728202093173803e-10,3.5269267269552437e-11,1.273626639062415e-10,2.768864113017868e-10,-1.0428424445028503e-10,1.6175980751843117e-10,-5.636394039924116e-11,-9.40608953768825e-12,9.887301611486119e-11,5.0074088764420994e-11,5.437389064762562e-11,9.692225840732498e-11,-7.393959195122236e-12,1.5117506408169144e-10,1.4932836093300118e-11,6.030856950499188e-11,3.00466341012348e-11,-4.4467119426207015e-11,-4.64273321883704e-11,-1.9217126236618725e-11,1.375648231005326e-10,-1.7716291695521074e-10,-4.5004169126198775e-10,3.104092052430892e-10,2.1924014150565745e-10,2.4403252322136167e-10,-1.595335142544642e-10,1.4065228813229687e-10,-4.0628110938513333e-11,-3.644097160897308e-11,5.128783880485004e-11,2.890116104274131e-10,-2.011873540879215e-10,2.075009964448365e-10,-2.5625397899227276e-10,-1.6304912943927992e-11,-2.3056877960951262e-11,-2.89724767097381e-10,1.0016679101775492e-12,-2.8561630823532203e-11,6.8462474120825e-11,-9.806611683364433e-11,2.4644656122447557e-11,6.015615734275773e-11,-1.1395656637866416e-10,2.7086647132769096e-10,3.3866205211686603e-11,4.100294753296444e-11,5.919886350788607e-11,3.728412767759733e-11,-8.678936695169186e-11,5.981369750719149e-12,-2.0375568044315492e-10,1.0250889575068576e-10,-1.5812498051781538e-11,1.6949389545319895e-10,2.2155601940018858e-10,-7.632466351119441e-11,2.019864452889437e-10,-9.049431384711735e-12,-1.0421031961890547e-12,2.3999574095782275e-11,3.8054560071641056e-11,1.8303677173885103e-10,-3.9128154757308504e-11,5.3314542963159023e-11,-3.478133557817057e-11,-4.547211068056298e-11,-6.191548884546075e-11,-1.486203940357691e-10,8.804019768220898e-11,-1.1360965258876307e-10,-1.3202853484794371e-11,4.20014558758475e-12,-5.4075272252150636e-11,-6.904123932607605e-12
F12treat_p14,-4.6846480961670495e-11,-4.6494339915326526e-11,3.4037244725613074e-11,-2.612276237950588e-10,-1.8742378284217973e-10,1.534283050695574e-10,2.3404039983118115e-10,2.78153038829749e-10,8.697682871096353e-11,-1.1397717164543594e-10,4.165133947055972e-11,8.709629151892302e-11,-6.316138985615578e-10,-4.862249320482082e-10,2.1757740701770644e-10,1.7866562204303682e-10,5.747578395446273e-11,7.762389658401182e-11,-8.593163245239507e-11,-4.6957743044515204e-11,8.643298104431845e-11,-3.952659862511914e-10,-7.298011983342952e-11,-4.6086421003806777e-10,4.963212927794226e-10,-5.365371996265723e-11,-3.3951381984351926e-11,-2.3723390239581544e-10,-2.0635365262383354e-10,9.291949977035765e-11,-8.830383733141441e-10,-3.552394378995154e-10,1.1612232029543198e-10,-5.773688531106097e-10,-1.066386879420392e-10,2.4987921073550265e-10,-2.403062473566331e-10,-3.304636891858393e-11,1.9799307179196102e-10,-6.332770450657136e-10,-6.776511298917748e-10,3.4724542022403183e-12,1.3203252434211662e-10,5.339642653981247e-10,2.3443960512596324e-10,-1.8911155000409872e-10,-2.2851153920854517e-11,2.8494604848257073e-11,-8.932712054381867e-11,-8.670651247135268e-11,1.433522840124223e-10,-1.5782242819598745e-10,-6.859405660476907e-11,6.534385343112542e-11,2.970133917672247e-10,6.410186766072097e-11,1.582645894544842e-11,5.67693509912664e-11,5.53667175172944e-11,-1.401094691472245e-10,-1.0682099855001588e-10,-1.6490627493649544e-10,1.4412508827393019e-11,2.869928579938788e-11,-8.243083215049254e-11,1.3279497391757438e-10,2.2990227580744368e-11,7.815336586634086e-11,1.0467920151520628e-10,6.15459666141852e-11,-2.5702659963734638e-11,-1.7966182462672003e-10,-2.7416550858825116e-10,1.1056879725214888e-10,8.492263592870296e-11,-1.0809537125826647e-10,1.9555872334682325e-10,-3.4013505266376147e-11,5.669308865583397e-12,5.972642134881674e-11,2.426061656974638e-10,1.7763448472640524e-10,-6.712535928431921e-11,-2.671739527610272e-11,-2.670196091659365e-10,-5.0433929483036604e-11,9.555394881537393e-11,-2.5669562193348405e-10,-2.4801509916794397e-11,1.3609735306580066e-10,-4.569912705565107e-11,-9.484574842600177e-11,-2.9497372015070904e-11,2.2697329139619225e-10,1.442197677925475e-10,5.9877734083932094e-12,-6.489575526576028e-12,-2.438457138119128e-11,-1.7408344344300155e-10,5.1231024502485536e-11,-7.787170663075033e-11,-1.0538284869147038e-10,8.967327948729347e-11,1.388268853630929e-11,1.1631819256837444e-10,-7.09176086481786e-11,2.6160731833367096e-10,2.979793358450539e-11,-8.991673157968938e-11,3.407539670664681e-11,-1.3424735843081e-10,-1.8882421967643763e-10,-1.6655730428938703e-10,-2.7364043261096267e-10,2.53537277208657e-11,-1.8527587530666486e-10,6.197339809959506e-11,5.503984801589778e-10,7.456474355070242e-11,-1.5630929772186755e-11,-7.088589188910534e-11,-2.1227769517536584e-10,-3.425469836420385e-10,-6.11859580393017e-10,3.937720038283398e-10,8.596708054473967e-11,1.7079364129508395e-10,-5.2063568886716075e-11,1.2265250805741658e-10,8.003173788261956e-11,-1.4866733942958029e-10,6.731560074495499e-10,3.9904489653232193e-10,-6.212497963229824e-11,-1.8828202156887547e-11,-2.530310714142582e-10,-7.291207444901221e-11,1.4069193347278079e-11,-1.9341848980250531e-10,2.1890823516448493e-10,-1.76215977584642e-10,9.758057118276761e-12,2.464521233269271e-11,-1.3654263276221444e-11,1.5381153391323548e-10,3.3866205211686855e-11,2.7939108404244593e-10,-1.3734218503590222e-11,-4.695987698872454e-11,-1.8669185699584996e-12,-2.3264580419590374e-10,-1.403889789505722e-10,8.427166842057608e-11,-1.9337164126110125e-10,-9.546905988328932e-12,-3.1539888357079965e-11,-7.15845560436654e-11,7.195573050659934e-11,-1.886239002106353e-11,2.2281175165201854e-10,-1.5100106821652805e-11,6.8595985078114e-11,-7.44479631133625e-11,9.258658803022325e-11,1.4015596422289636e-10,-4.983009395273622e-11,1.2894509594995037e-10,8.401473711052541e-11,-8.57711479656399e-11,8.184897672418596e-11,-3.340249061078161e-11,-2.0208047174107196e-11,-2.0766244528787715e-10,-1.0200231734021821e-11,1.9199295057950412e-11,3.047599785357834e-12
F12treat_p15,-1.3254709974333024e-11,3.256846499194188e-11,5.7170705496009104e-11,-1.6555088527903257e-09,4.136095890150696e-10,-5.878437821282969e-10,2.2551433079007925e-10,-3.1451151027669625e-10,5.606613978043989e-10,-1.4438396371697282e-10,1.6255081722282713e-10,4.25162660007734e-10,-1.9368832823849724e-09,1.2407245698850599e-09,-7.062615063737588e-10,5.029226671046015e-10,-3.6827528635270036e-11,4.503069526368855e-10,7.633673198455631e-11,-5.0344797955186955e-11,5.208458543977623e-10,-2.2685536533107212e-09,7.493278536559633e-10,-1.7302482785256654e-09,4.520464330020421e-10,-1.7212585211300968e-11,9.860474793607926e-11,-2.1510219904957782e-10,-2.566016441512736e-10,9.9657220426624e-10,-1.8562846010051143e-09,9.439336532329994e-10,-1.103644518946179e-09,-3.5011628365386945e-10,-1.416639447166792e-10,5.365941276141245e-10,-2.323062445071441e-10,8.945284924461125e-13,4.0249358982061646e-10,-1.3643394256361599e-09,6.593803652473036e-10,-1.030051139572018e-09,1.5411927711533017e-10,2.112786083083823e-10,3.7867012826328184e-10,-1.09073020642166e-10,-8.380067492516795e-11,-5.968216296834098e-11,1.7489541931232873e-11,5.185693445158567e-11,-3.782431318940205e-11,-2.771128669802612e-10,1.2909915705554205e-11,2.3245284039239349e-10,1.2198496166935227e-10,1.143056693589316e-10,4.42402839209118e-11,7.522444865437106e-11,-4.48657447367911e-10,2.387210884655765e-10,-2.9920577134513073e-10,-3.387424195024671e-12,2.616464041988246e-10,3.7755533274130366e-10,8.639289691843601e-11,-7.279557884547692e-11,2.909342427280755e-10,-2.1570722941544636e-10,2.4053406641709833e-10,3.0805912268141305e-10,1.5134593384464599e-10,-1.3593436418139665e-10,-2.570542426349708e-10,-2.8901207597412755e-10,9.475808752179925e-11,-8.47626472794719e-11,2.554266523666544e-10,-8.722263262496755e-11,1.1730684087411576e-10,4.656354868597629e-10,-1.934742007417834e-10,2.8932832438178543e-10,5.558030650913877e-11,-3.773181709094411e-11,-9.159843267774998e-11,-4.5280149283503495e-11,-1.9345815738661808e-10,-8.326201610230826e-11,6.246475911859506e-10,1.5236238561976322e-10,-5.29724830669769e-11,7.134360319011283e-11,5.3114324571258434e-11,-5.249636856074742e-11,2.804353132777825e-10,1.896960444748453e-10,-3.980475718543224e-11,-2.663874578638534e-10,-1.966115743756998e-10,-2.778673965318639e-10,-7.388156350687454e-11,4.12487532209225e-11,-1.431881874788272e-10,-1.945528174631976e-10,1.7982595448798509e-10,5.441263498120965e-11,-1.5066036031524562e-10,1.395090707066796e-10,8.368624741455641e-12,4.627062093189431e-11,-8.290227469205695e-11,-1.6475551171403278e-10,3.57819737345778e-10,-1.0852054474532365e-10,-4.5884063400232265e-10,-4.768244758154603e-10,5.6971173553459714e-11,-8.88752845667202e-11,4.4026884225596743e-10,-1.3581081189502866e-10,-7.972954922111844e-11,2.436586696870292e-10,-9.242024455127462e-10,2.517843445809727e-10,-9.654882913843459e-11,2.613085753486303e-10,-4.3028632961809e-10,4.780452911851436e-10,5.7350583204214655e-11,2.664558950913198e-11,-5.57462809132194e-10,2.354008300633012e-09,-3.8246255881551285e-10,6.83777128019087e-10,-4.824258770554032e-10,-9.03449759907483e-11,-3.896814056500909e-10,2.0971450394337158e-10,-2.5221795000804645e-10,-3.84185551628085e-10,7.786980207889385e-11,1.7487826869177992e-11,1.3060781176969441e-10,-1.5047937732800255e-10,1.607679101333964e-11,4.1002947532965835e-11,-1.3734218503589598e-11,4.209607299525643e-10,1.3640735205565532e-10,-5.039770976583242e-13,-3.812283570483078e-10,-2.3936197621546296e-10,-9.949697637889144e-11,2.0645328286463493e-10,2.05547896791506e-10,5.053362581062828e-10,1.192656921894087e-10,8.837831095981969e-11,1.1947593985925557e-10,-1.7487471152864852e-10,2.8146925773174976e-10,-6.447600471265936e-11,4.286779393285513e-11,3.044350121721896e-10,-9.284812825427409e-11,9.522884643210956e-11,-8.868616777513125e-11,-2.0546494662418907e-10,-2.261160195766614e-10,1.0929253033585177e-10,-4.8567733773235696e-11,-1.457747572271203e-10,1.0782783355115256e-10,-1.641363593329441e-10,-1.0860657040940628e-10,-1.1446852287822359e-11
F12treat_p16,-5.315764851610302e-11,7.469643240577233e-11,-7.639097551444797e-11,9.121614032244095e-11,2.458941264769881e-10,-4.805774798751075e-10,7.463287545591423e-11,-3.344676264373661e-10,-3.3485799345797333e-11,-8.902095716967986e-12,3.071582622859877e-11,8.286223193149733e-11,-3.411359473742588e-10,7.7660659217072e-10,-2.0883296149027645e-10,8.793410304705984e-11,-2.1543414361313832e-10,1.275810251816614e-10,-4.68542463513045e-12,6.399548722874391e-11,1.5478917667645347e-10,-3.433905356044138e-10,6.102988430710486e-10,-3.5073439098644297e-10,1.4520368953559232e-10,-1.226152919836776e-10,3.71142567998171e-11,4.1381511905746767e-11,-4.784064606530358e-11,2.2322763337782685e-10,-1.6506221899561462e-10,8.240580988958582e-10,-8.878672750785741e-11,-1.0896664996985268e-10,2.9688926009844386e-10,3.0361499259996086e-10,-1.9112736535278738e-11,6.821579194910113e-12,1.250868364629355e-10,2.9864421337575893e-10,9.907653640922427e-10,-3.1623374137114525e-10,1.2526414076690332e-10,-1.233188522942072e-10,7.769483754277064e-11,-6.628747384744654e-11,-9.895487230720815e-11,-8.236470940137296e-11,1.1978609195601514e-10,9.234963745002898e-11,-4.2903177386110036e-11,1.4201266897572527e-10,-3.1212260507097834e-11,-5.093004854384818e-11,-7.08741038666339e-11,-5.4407768141676394e-11,8.35923402171635e-11,-2.342168804836835e-11,-3.1033055739341856e-10,1.9278078666745988e-10,2.7645812193109413e-11,2.848054915886064e-11,1.2042587706791337e-10,1.4049876406205312e-10,2.672158199566279e-10,-5.041921993813844e-11,6.228805385393172e-11,-1.444363128866582e-10,-6.899725347233893e-11,7.645856777890721e-11,2.276510898918459e-11,2.1027257489132143e-11,2.890222325452175e-10,-1.1446272204462848e-11,-2.3546674402119145e-11,7.459375819746612e-11,-8.204355505997978e-11,2.636816642201567e-10,3.477209618512126e-11,1.3242366738884853e-10,-2.2846741300265793e-11,1.3855082097867116e-11,1.747835617063208e-10,-5.7679797519583344e-11,2.393121388780424e-10,2.344457938073806e-10,-1.240337349432328e-10,1.6425357600972666e-10,3.441308082922506e-10,9.859736740456483e-11,1.5530043049623927e-10,-2.002838914818056e-12,1.1368352173091264e-11,-1.0178485723917925e-10,4.2847720328812896e-11,1.1769439819257238e-10,5.0010417952187945e-11,2.2330593154662116e-11,1.3293665549959636e-10,-1.7381143707283758e-10,-1.9226836381215355e-10,1.813512237292835e-10,-1.6053173550786616e-10,6.001384494046778e-11,-2.1316242497482036e-11,8.118407344081841e-11,-1.0441889236877153e-10,4.988111699036059e-11,7.992151615260243e-11,-3.8956391927508455e-11,5.408618863498963e-11,1.1933111083557503e-11,3.246675748001924e-10,4.4595019401200905e-10,-1.0489659547625122e-10,2.6219856357377917e-10,-1.187505857851344e-10,-5.585674450676716e-10,1.2361872456109328e-10,-8.854656585659061e-11,7.404701375270703e-11,2.8585317989566745e-10,6.71427644300654e-12,4.825907138216551e-10,-8.421765333189732e-11,-1.8561949994070133e-10,-2.517047884275734e-10,3.3886789110726433e-10,-8.575062774222439e-11,-1.0227218010997465e-11,-2.84391980892107e-10,1.3570961070872952e-10,-3.4536638008525944e-10,2.650345071333913e-10,-1.517850383795177e-10,8.9450264330041e-11,-1.561048644234203e-10,-3.8738770071179565e-11,-6.582955806428067e-11,-1.7710459829705063e-10,2.4685721805344874e-10,3.767951701009757e-11,4.7644355442580334e-11,1.1836381391489233e-10,-1.288542633230573e-10,5.919886350788547e-11,-4.695987698872483e-11,1.3640735205565477e-10,2.3002523530786486e-10,1.41852028441476e-11,-1.9276485702714543e-11,1.4166410929203135e-10,-1.392687081356385e-10,9.823541648134844e-11,2.5702597398627442e-11,3.2452896271196606e-10,3.543042898961454e-10,-5.972004278537905e-11,6.747185152455346e-11,-7.823132254316967e-11,1.10670992097378e-10,3.1106343168217044e-11,1.496208533555367e-11,1.1922041816847045e-10,-1.6885494534988126e-10,6.358009164043731e-11,-9.925737632091375e-11,-2.0263758266136703e-10,-6.344772161949807e-11,-2.1272479641411796e-10,1.9487165165187368e-11,-5.856806881082783e-12,1.0004974386174405e-10,-5.729274691991778e-11,-9.348916825518217e-11,2.87398882598444e-11
F12treat_p17,-8.622808628983405e-11,-4.397391333268203e-11,3.7988784212376314e-11,6.426889044491527e-10,-3.481441097758406e-10,-3.8120173192899956e-11,-3.6199876807345824e-11,7.493632738852929e-11,-1.817048228019106e-10,-5.832022884224577e-11,-6.217219875812562e-11,-9.09274146459877e-11,4.223940159006114e-10,-2.6718313463889364e-10,-1.4633308351591645e-11,1.3398081524772728e-10,-2.1222982696461028e-10,-2.2557570387619328e-10,-8.392543497687133e-11,4.8727914176084826e-11,-4.264362834141215e-11,6.868279864976705e-10,-1.348085707125666e-12,3.2537982857898905e-10,1.3203291964011568e-10,-1.289423854669267e-10,-9.104938166809754e-11,-9.323865646712227e-12,6.042310147280099e-11,-2.3222953339960306e-10,5.711071744002876e-10,-6.059713422188263e-11,3.5988274656128694e-10,2.2047932445537916e-10,1.68826630658121e-10,-1.0631188779037821e-10,-4.36180610726252e-11,-2.8117124162711518e-11,-9.140375886310985e-11,5.755463506707941e-10,7.866317213434232e-12,6.695485726498606e-11,2.954927779614388e-10,1.9689334144782365e-11,-1.915394346569507e-10,1.4817390119885984e-10,5.271376480004311e-11,-4.660560838075501e-11,1.6681706600059784e-10,1.965263962234796e-10,-5.142777413138449e-11,2.2163318190363822e-10,-2.965266803197514e-11,-5.819352075292862e-12,1.6801277878808522e-11,-9.444863272488274e-11,-8.742413598073358e-11,3.3141511966420605e-11,9.967360046384652e-11,-9.137209449242091e-12,1.547699137201954e-10,1.6916164025905056e-10,2.172266207112201e-11,-1.0616600869822225e-10,1.224250571505167e-10,3.467972324794685e-11,-1.5451474612516016e-10,6.309334766127809e-11,-1.010584651197033e-10,-6.505743107422849e-11,5.5642188027934184e-11,7.605774162969502e-11,2.293092463137968e-10,1.649976987726586e-10,5.5028705642237624e-11,7.46321471704509e-11,-1.0156473030460961e-10,1.8586392393889628e-10,-1.511896239246854e-11,-1.3310945867517028e-10,1.1157461781097314e-10,-9.197144958395526e-11,6.939833585768158e-11,6.271755250176149e-11,1.5852781313080677e-10,1.92519432343221e-10,4.847699874513086e-11,1.7260242528473237e-10,5.308086687698887e-11,-1.0343965614789621e-10,9.47111576599305e-11,-3.369334437570054e-11,-1.590918568743171e-11,5.74742879931641e-11,-2.472147762021322e-11,-6.462069339709336e-11,9.390125264369152e-11,6.586908332613729e-11,1.301520496077626e-10,7.443316330907813e-11,-3.4642588307533206e-11,1.42132002215861e-10,-1.4686095778744836e-11,1.904230447389942e-10,-2.1643577766365563e-11,2.9576309026636603e-11,1.4004207672859838e-11,-3.6829535939115204e-11,-1.834494849738374e-11,7.152752046888855e-11,1.0432648390157225e-11,1.3267107092418951e-11,-1.1615270817359018e-10,-7.382956624543695e-11,-7.659960534467073e-11,1.2458171470439983e-10,-7.591877773558915e-11,-2.1195517616104306e-10,-5.270602560807117e-11,-3.169598499365322e-11,-4.2844239717247734e-12,2.969137275299004e-11,9.813979372070863e-11,6.674673035508947e-11,-9.414702556509449e-11,-4.889322330332764e-11,1.0546849493074517e-10,2.187146854626791e-11,-1.754958341981192e-11,1.09235890109356e-12,1.036492442785518e-10,-8.65846386019732e-10,1.8841957285873556e-10,1.3292290594866216e-11,2.219235208977557e-11,5.996350895567754e-11,1.1911518713495833e-10,2.696001516996055e-11,3.5040072555049945e-11,4.774836134278744e-11,1.7670898388019045e-10,1.3362826992512736e-10,-5.49133135184792e-11,1.0379966568302036e-10,-2.5632515511646164e-11,3.7284127677597514e-11,-1.8669185699582428e-12,-5.03977097658419e-13,1.4185202844147434e-11,1.2980860035129141e-10,2.3762505479075777e-10,2.2250492148358178e-10,-1.7297434820724965e-11,9.920229756011975e-11,-2.7581602437730365e-11,-9.384673869264074e-11,1.3569206439145733e-10,-8.920675957676241e-11,-7.24011973595863e-11,2.7468421351861083e-11,-2.961127068393754e-11,-2.7534420207062245e-11,9.795166152422838e-11,-1.1279980066367256e-10,-7.382853245557427e-11,-3.915808927208843e-11,-9.667271689480815e-11,-1.035084953481147e-10,9.292035020950127e-11,-1.6727100569729629e-10,4.182734601894819e-11,5.833103690420408e-11,-2.3040283188055503e-11,1.0279247614498511e-11,2.8731686865639666e-11,-5.7925300742251144e-11
F8treat_p5,1.1773827727420337e-10,-2.414186458327058e-10,-2.640818650641459e-11,5.955123248591051e-09,-1.3836604266624054e-09,4.736816872910504e-10,-4.199448888117345e-10,4.595671463347237e-10,-1.1197974181986658e-09,5.58458551337209e-10,-5.376735283299282e-10,-1.24703009715803e-09,6.441013272078364e-09,-1.3275772999830265e-09,5.755683738229476e-10,-7.239523892834086e-10,-4.1081429672055067e-10,-1.0889697303112427e-09,1.4797327689540589e-10,1.720996411547256e-10,-7.902659446378028e-10,6.364830382167527e-09,-7.538045361568234e-10,3.8680936723082145e-09,-1.4496230129684685e-09,-3.2062555766012683e-10,-1.137575886005098e-10,7.628269728944167e-10,7.667905098083598e-10,-2.1775935368908793e-09,5.208448275555134e-09,-4.853125184140489e-10,2.2261576484424824e-09,1.6599363722238911e-09,1.2986478403215375e-09,-1.1028946446816097e-09,8.937840445243992e-10,1.226439071530858e-10,-9.893806577752872e-10,5.754105039048343e-09,1.8251110787170942e-10,1.8927722740848965e-09,4.3298147386838336e-10,-2.128600144190171e-10,-1.5806050308077007e-09,1.5972491899863624e-09,3.1533226629858324e-10,-4.1669529210556806e-10,4.5386356372240334e-10,4.790713407495451e-10,-6.264658636285564e-10,1.4116257997474575e-09,-8.895679487889267e-11,-5.573355576592106e-10,-5.212764722551495e-10,-4.892585494679027e-10,-4.2099768456813006e-10,-9.940677163803097e-11,1.5133087821054062e-09,8.297888022929412e-11,5.943042519000569e-10,4.1773965323858993e-10,-3.727572459468994e-10,-8.955086565114688e-10,5.111189805867325e-10,1.3640307414106014e-10,-6.477545485767906e-10,3.282918848519515e-10,-6.444106840417942e-10,-7.041687746170179e-10,-3.2365667796071455e-11,1.3772809944819256e-09,1.6159011619510409e-09,4.669692745629859e-10,-4.2063718645400064e-10,5.760236353515407e-10,-1.1356338994063949e-09,8.247798330908211e-10,-3.5257695206953516e-10,-1.3086280236438864e-09,3.421365605172508e-10,-8.428316131054156e-10,1.6389433563501765e-10,1.70565959183574e-10,1.62343541848501e-09,1.0750161138409533e-09,-1.1965293030910384e-10,3.9472471750580746e-10,-7.624521044792832e-10,-8.399676077123096e-10,9.554688082431408e-10,4.008762594638226e-10,-2.218068443751966e-10,4.264231886256938e-11,-3.4388981156473483e-10,-5.481050959496361e-10,1.873426318485451e-10,1.4111041615020164e-09,1.1154320570133306e-09,3.137674836129099e-10,-1.8425604245317942e-10,2.1973931028608125e-10,-1.9020092976366327e-11,8.951358798976934e-10,-7.124582965468731e-10,-1.1555425349891038e-10,-2.508552917426425e-13,-2.874094303861461e-10,9.556973651767579e-11,8.586767094860803e-11,6.153635541818395e-10,8.389665110946861e-10,-4.711796440838877e-10,1.6957579627524186e-09,8.926449901236462e-10,1.6071593539769436e-09,2.6211826266129594e-11,-1.061904413968209e-09,-8.265265166134874e-10,3.858371109598014e-10,3.620581283472771e-10,8.272755855000904e-10,2.6118851488686836e-09,6.073893754228575e-10,-2.1895716813435813e-10,-2.768651983828165e-10,6.884615352927512e-10,-6.786076140393029e-10,-4.903531037926787e-10,-2.593393573807678e-10,1.2956821672657106e-09,-7.818067838391338e-09,-1.4977171399042697e-10,-9.026676864764646e-10,7.340373741978475e-10,4.34186751079003e-10,9.62316142245145e-10,3.9208871236140536e-10,7.488626119677935e-10,-4.2279690555267777e-10,3.661914725902299e-10,2.2754813307191623e-10,-1.3833626023608125e-10,6.463321498862295e-10,-6.503113511582005e-10,-8.678936695169461e-11,-2.3264580419590349e-10,-3.8122835704830733e-10,-1.9276485702715683e-11,2.376250547907582e-10,2.6851689630866704e-09,1.6196728592281735e-09,-3.4368891441982343e-10,4.2657698625115777e-10,-1.9377039866220898e-10,-9.637781737637325e-10,2.4923148491435953e-10,-5.516956463231107e-10,-7.180288593560299e-10,6.273206608099934e-11,-4.268605985570423e-10,-5.950084973748026e-11,3.2933425902828735e-10,-1.4747009144231053e-09,-5.507637588256981e-10,1.4957296481328215e-10,-1.2665135440723789e-10,-1.215293098193524e-10,7.175074954328519e-10,-8.700728511727628e-10,1.5856716287720661e-10,5.611879725635846e-10,2.2034985566795858e-11,1.9255794288873323e-10,1.9138601324014903e-10,-9.855713065548964e-11
F8treat_p6,1.1355566521778924e-10,-9.604448051554261e-12,-7.225220815629104e-10,6.608701273370682e-09,-2.2079467533948566e-09,-7.767306075051458e-10,-3.765576834415282e-10,6.755379526116967e-10,-1.2867801547757033e-09,7.255514067155044e-10,-3.7915177498130755e-10,-1.6642978309362078e-09,6.667754029796362e-09,-8.520533780342868e-10,-3.4353048003343394e-10,-8.667669131932829e-10,-4.3031520821139143e-10,-5.847407942667743e-10,2.0958980361576715e-10,3.561157428344003e-10,-9.671478809576367e-10,7.0817010197059675e-09,2.66552875717609e-10,2.2676904211711763e-09,-9.635358867782964e-10,-4.6325249094637543e-10,9.120734913761767e-11,1.1845073553730038e-09,8.921955565382763e-10,-2.044263965886421e-09,6.4212873650078165e-09,1.443486428151922e-10,1.7779206468572807e-09,1.534365518366331e-09,1.7516826933329287e-09,-8.682167148637114e-10,1.026634159227095e-09,3.716808315506703e-10,-7.387971752963868e-10,6.745900347239183e-09,9.388950002084024e-10,1.8301761181346137e-09,1.0036589685049575e-09,1.2056563834068285e-10,-6.437985781521971e-10,1.282796299219572e-09,8.463415960220419e-10,-6.958221330300127e-12,5.196655523889735e-10,7.368405791020231e-10,-1.4301983801840625e-10,1.5637521064330659e-09,6.931449800596371e-12,-5.130744465375415e-10,-7.688535849630785e-10,-5.403630559020264e-10,-3.1118513274509007e-10,-2.2444480695239694e-10,8.9325394580069e-10,2.2954019434363386e-11,1.049573806227519e-09,5.512726748011997e-10,-8.29061699492722e-11,-8.234947055872275e-10,8.321181151998015e-10,1.1197921810914121e-10,-7.135249396354427e-10,2.1631123982640195e-10,-7.650977991183172e-10,-6.23466614087331e-10,-1.765812000569814e-10,1.0635157836280771e-09,2.221620547548153e-09,9.699646521566872e-10,-3.801883877955662e-10,4.174238521444764e-10,-1.0372637009405713e-09,1.1738214969166483e-09,-2.972564103263399e-10,-1.183471194242908e-09,2.3864034921678814e-10,-7.006898468292018e-10,3.064859177236321e-10,-5.3861747649667474e-11,1.4856253408678954e-09,1.489486596463507e-09,-1.0247156777453143e-10,7.533179563032671e-10,-4.667480729354789e-10,-5.022053487126012e-10,1.1416838988391467e-09,3.4843196396187584e-10,-4.108420433648354e-10,1.4342832426901837e-10,-5.948052227896783e-10,-2.3034328767072777e-10,2.95163004237463e-10,1.0377456870545878e-09,1.6683051868872682e-09,3.5378897437941256e-10,-4.646084118151801e-10,5.668067064814378e-10,1.8218092880484112e-11,1.1018754302683837e-09,-6.094112911789554e-10,-2.9121257336339215e-10,7.379885857849268e-11,-2.84535531851176e-10,3.2103804745618946e-10,-1.5829593646512518e-10,1.0954845216727671e-09,9.587596773653364e-10,-4.3776870402184026e-10,2.7710866271576046e-09,8.099927316166453e-10,1.5023853402656988e-09,-5.090040703660686e-10,-1.7594049092136193e-09,-5.501647723493812e-10,4.133926510287252e-10,4.4683492058956625e-10,2.3526376136690916e-10,2.842405306547719e-09,1.7971778930787506e-09,-2.3266394500644921e-10,-6.395993964611521e-10,1.1471051087426426e-09,2.5538859429296208e-11,-7.838724473086237e-10,-4.637336620674315e-10,1.1933440477201297e-09,-8.262330480944728e-09,-2.905122940175229e-10,2.7622850951163145e-11,6.341044324330423e-10,4.3563197043211353e-10,6.418231668421122e-10,4.4738654870014045e-11,8.532883346421313e-10,-3.149920594687471e-11,9.917836216996376e-10,5.674854919562255e-10,-1.2738880853641326e-10,7.344749395169198e-10,-7.839985659328987e-10,5.981369750718908e-12,-1.4038897895057188e-10,-2.393619762154618e-10,1.4166410929203089e-10,2.2250492148358343e-10,1.6196728592281768e-09,2.3194903091610202e-09,1.398534443885907e-10,3.3439010907659605e-10,-3.411260328424215e-10,-5.154129123812066e-10,8.415334343214924e-10,-8.271169274812814e-10,-4.141278195387114e-10,1.2523855388360897e-10,-3.2796230155046034e-10,8.97409611687892e-11,2.362978884892394e-10,-9.45624136156167e-10,-9.917992746617586e-10,-2.66103319449663e-10,-2.3142804475145776e-10,-5.25099605708382e-10,4.2720984964718495e-10,-1.1820891463919e-09,1.6550910033134387e-10,5.839500348192364e-10,1.1025820014008358e-10,1.7555008115208289e-10,1.1692058017473258e-11,3.142502966791457e-11
F8treat_p7,-1.1809528279160465e-10,-5.975423538126363e-12,-2.4680334731122905e-10,-5.1025061098029875e-11,-3.624060070086251e-10,1.7539826477288933e-10,-4.363407215236523e-10,2.583080169850209e-10,-2.3418051834313837e-10,-7.313727400128396e-11,-8.404147825352855e-11,-5.948201734192606e-10,-1.3498722995788408e-10,-9.050739524186724e-10,3.936125901536569e-10,9.946175164979238e-11,3.7510629623828684e-10,1.434255290953592e-10,-1.188142004420614e-10,-9.806160079005701e-11,-1.1824819708450363e-10,4.5149969521469445e-10,7.97421652149677e-11,-4.576275773844963e-10,-3.976494329862964e-10,-1.927890824058617e-10,-2.101675728522815e-10,2.833217302180691e-11,-2.268391348104581e-11,-1.5438071655359596e-10,4.577852647604988e-10,9.835592678315247e-11,-4.9574531801412225e-11,-5.964451251104111e-10,8.44633553661686e-11,-4.0274656880908957e-10,1.6424573251111694e-11,4.212095337878385e-11,-9.81260437882838e-12,-2.031874923389019e-10,-3.4976739110658866e-10,-3.626967121885744e-10,-2.5624757364809563e-10,-1.776118918229344e-11,5.021225038303712e-10,-2.6992419826962235e-10,2.070362391639145e-10,7.489849001643645e-10,3.0953967497283275e-10,7.260511879764651e-11,2.5257576899195526e-10,-1.0032827098441017e-10,9.117954656003842e-11,4.434379751143208e-11,6.598261687963958e-11,-3.2995413903380986e-11,8.212207798369444e-11,4.014327788273177e-11,3.3924309235895545e-10,-4.140119451440543e-10,3.467092158592176e-10,4.417220958068559e-11,4.332603343116264e-11,-7.794069157877943e-11,-2.6900249580453003e-10,1.268052678561586e-10,-2.1629716774555626e-11,7.847411479816433e-11,-1.98201735464062e-11,9.102423255588687e-11,1.3988657489493152e-11,-3.235503541339356e-10,-2.5604379536577097e-10,6.253025400679143e-10,4.73392582362287e-10,-1.690631262919676e-10,8.772538086448049e-11,-4.056378195123123e-10,1.4509302177362456e-10,-1.4505275334503147e-10,-1.0520809611921609e-10,-2.9634669625124376e-11,-4.692695992979533e-11,3.265235480805101e-11,-6.000816486310276e-10,-2.7834530455126486e-10,5.274121578850428e-10,1.191830233950978e-11,-2.5523265451188785e-10,9.638945449478715e-11,-2.3728807985568164e-10,-1.5342712780831434e-10,-1.7546703327520348e-10,4.197207342049501e-11,-9.945424741172695e-11,3.147797990059775e-11,-5.084732988158099e-11,1.6428057405068263e-10,-6.353065763291454e-11,6.79587519246037e-10,1.8714773247685314e-10,4.4475419317135744e-11,-7.135994577620125e-11,-3.5091834175192776e-10,3.493126579313771e-10,-3.526322088489234e-10,3.018842451445749e-10,2.994700062538632e-11,-8.527948303105472e-11,-2.0545226217281263e-11,-7.753691984008508e-11,-1.4715526118581148e-10,-6.703744024699961e-10,-6.870226711008124e-10,-3.338982711391084e-10,-6.840736254654889e-10,-1.471004174328791e-11,3.6185983750835285e-10,1.41294536203888e-10,3.826894444930348e-11,-3.96092271381228e-10,-5.78416015865867e-10,1.1224702444869992e-10,-8.375725933774757e-10,-2.2996253222887096e-10,-6.971768290521164e-10,8.265096741901218e-10,-2.771440239090693e-10,1.326441079489919e-10,-1.1832293717505187e-11,1.4677305351103717e-10,1.2003662175573892e-10,4.571227076743427e-10,2.1977920738569238e-10,3.737970276328468e-10,-2.4104303871943236e-10,9.337087136110544e-11,1.1408967816162107e-10,-8.252478766877628e-11,7.405385575974893e-10,2.2763995467808424e-10,3.556584434622789e-10,-1.981984350550691e-10,-1.7834519068122388e-10,3.2910118444668197e-10,-2.0375568044315471e-10,8.427166842057527e-11,-9.949697637889025e-11,-1.392687081356379e-10,-1.7297434820724555e-11,-3.4368891441982364e-10,1.3985344438859194e-10,1.181753727222847e-09,-1.8579056835488336e-10,-1.025367265412277e-10,-2.2004544946752867e-10,-1.468413564016489e-10,3.90601808608687e-11,-1.4932157990680145e-10,7.637155199780233e-11,-1.3188081145406968e-10,1.118159182214001e-10,-1.0934612775655973e-10,8.869682372016864e-11,1.205890936742622e-10,-6.332009695180964e-10,-1.0216870149547762e-10,3.890383651162494e-11,-6.324286117753595e-11,2.165720770569011e-10,-9.195590685749646e-11,5.383830377610641e-11,-1.0838487462566825e-10,9.530395027383636e-11,-1.3730838851097895e-11,4.986884590848693e-13
F8treat_p8,-4.643201125419066e-11,4.2947053255450456e-11,4.1805847052990194e-10,-3.921494210937507e-10,6.146747006119281e-11,-1.0312603616839174e-09,6.213591643034959e-11,1.9496338295447838e-10,3.828168160468989e-11,1.9781368951914707e-13,4.88398516030168e-11,4.27254862678073e-10,-6.253224102742155e-10,1.259793153416907e-09,-9.959246103929162e-10,5.770520633553771e-10,3.389744928342546e-11,-1.5297386607429918e-10,9.031679548661369e-11,8.711945788442613e-11,3.339721047488512e-10,-5.575245483538537e-10,9.172082297420469e-10,-4.837606819667207e-10,2.0186681076285616e-10,-3.287499047778198e-10,-1.965769099780383e-10,1.0531138377194701e-10,1.4470602576922256e-10,4.174835395839009e-10,-5.322689783065666e-10,9.369083460874147e-10,-4.4355217235151063e-10,5.811941040569474e-10,5.94290199685224e-10,-1.6160037730563413e-10,1.2005954588112102e-10,1.9884983274245506e-10,3.029648505591249e-10,5.456719855477535e-10,1.5838238248116255e-09,-5.417036913343414e-10,4.426544318700635e-10,-6.93979432024355e-11,-5.181644359460178e-10,4.4825046513865355e-10,-2.1276714027066215e-11,-5.520349079137553e-11,3.4532533138494547e-10,4.1127995400999153e-10,-1.5085747295558843e-10,6.506555127579394e-10,2.854456069331632e-12,-7.044586714092286e-11,-1.9400075901873772e-10,-1.2422442116737343e-10,-1.721684781134627e-10,-5.976935406384784e-12,1.6946162806682364e-10,4.442976262744409e-10,8.92131931576728e-11,3.9146927643796723e-10,1.3822331854487628e-10,-1.1971869800088248e-10,5.240344674265571e-10,2.000158545619449e-11,-5.548521933496326e-11,-7.709973714419555e-11,-2.323774994935438e-10,-1.3047194941567115e-10,4.6502764346623587e-11,1.893844764409469e-10,2.3358269202992963e-10,-2.0829192783192886e-11,3.629567998759536e-10,2.9680505088468983e-10,-2.7435103369707033e-10,5.378958391073243e-10,-8.721803354153096e-11,-1.0459486634195413e-10,-1.6890218940216456e-10,1.0244935644572255e-11,2.457812672543402e-11,-7.600357008000115e-11,2.766609638367174e-10,4.895456378484574e-10,-1.0444415236002516e-10,3.713085233795207e-10,1.8440997118945474e-10,-4.058272330822496e-10,5.254479512400486e-10,1.3908022779441434e-10,-1.2453329887296647e-10,1.413745206524567e-11,-1.3379313483627484e-10,-2.3496148011226527e-11,9.48116805724622e-11,-3.295213963889918e-11,3.6815679588843493e-10,-1.4039148221239947e-10,2.716578242714971e-11,3.1685369795868274e-10,-1.3304404912702376e-10,5.274553453501812e-10,-3.009670646320341e-10,5.152053142438469e-11,-3.855610190399481e-10,-6.192965132281565e-11,1.483315330508357e-10,-1.2998421114281382e-12,2.5504427978548205e-10,3.5992484669023073e-10,-4.050462519069572e-11,-2.6007638795305714e-10,6.924352450666786e-10,-9.03900130646883e-12,2.982168028679641e-10,-5.817129058237257e-10,-2.2616433920034594e-11,-4.29659282157681e-12,2.1419353077660143e-10,5.286722067539268e-10,-1.1462500713253823e-09,1.361639147080295e-09,-3.6761003470873894e-10,3.753070963824337e-11,4.641179179012204e-11,1.6314078091178168e-10,-1.6219027943990393e-10,-2.1711125660442236e-10,1.823248079795227e-11,-1.0583512764543526e-11,-9.988617040829305e-10,7.360973843040946e-10,-3.880639157290927e-10,2.6190376951063487e-10,7.845158280881947e-11,3.1556998730697686e-10,1.9532036405830595e-10,-7.10472290129655e-10,4.46218169852515e-10,2.0152182420796904e-10,-4.888881460609032e-11,3.4873613709581235e-10,-3.6978679946426803e-10,1.0250889575068606e-10,-1.9337164126110185e-10,2.064532828646349e-10,9.823541648134857e-11,9.920229756011995e-11,4.2657698625115746e-10,3.3439010907659837e-10,-1.857905683548842e-10,9.402274807137128e-10,2.2207587307445216e-10,1.7911056687160313e-10,6.024126949418208e-10,-2.0685841665957018e-10,-4.0779823604429897e-11,-1.3755006535504477e-10,1.3674745057258288e-10,-2.344992445542271e-10,1.286121460179633e-10,-9.582041255742394e-11,-3.7829116425888056e-10,1.0154570385952619e-10,-3.2366334623654864e-10,-3.5626263947720334e-10,4.6183448335093014e-11,-4.708047303646789e-10,6.389876040746825e-11,4.6635650007756566e-11,1.8070395110486742e-10,-5.158164779243797e-11,-4.371535716112434e-11,-2.8734791145409618e-11
F8treat_p9,-6.398624259821482e-12,-6.951436191831532e-11,3.3018892026886504e-11,-1.3868498589505808e-09,4.3205140395227114e-10,1.923118619433766e-10,3.633786780385602e-10,-4.4680993517753266e-10,3.9590758103496715e-10,-1.757586387869203e-11,9.056052715340988e-12,1.8555781160636052e-10,-1.4048504478410624e-09,1.2089925235185226e-09,-2.3563244653045166e-10,3.248283233769704e-10,-2.5309760618329905e-10,5.89969140335657e-10,-4.254378034943507e-11,-1.9065735839864807e-10,2.494510379370416e-10,-1.39666459843255e-09,4.088646803266084e-10,-1.0303264857012168e-09,2.6094185930006876e-10,2.477084815024771e-11,1.0384561439353618e-10,-1.793434661638206e-10,-2.74172318198161e-10,4.890407440775654e-10,-1.2289000756644204e-09,-2.9925370393694405e-11,-3.8131395654284067e-10,-5.288323611043168e-11,-1.9948537708389396e-10,3.8999160886566334e-10,-2.8387828079024534e-10,-2.5612523150192406e-10,6.689142196102901e-13,-7.008454909421626e-10,9.979990672111752e-11,-2.2010680726612905e-10,-4.744559792291081e-11,6.5265502869291e-11,6.040715167939963e-10,-1.7796102054657558e-10,-1.2780975680206925e-10,7.340103457107567e-11,-3.347377675796961e-11,1.6205717784685404e-10,-2.5638463231690417e-11,-1.319857408655075e-10,-1.4906202985550023e-11,8.764335415445908e-11,2.3439526503990507e-11,1.055359465726794e-11,-6.316419724544951e-11,3.0103973564404822e-12,-2.8737976189720847e-11,3.003474468018329e-10,-1.595805537641252e-10,-1.698490012078918e-10,1.691660558709713e-10,2.017098990053377e-10,2.661795677928417e-10,-9.933806187205625e-11,2.7116771777867495e-10,-1.4815923269440624e-10,8.848519055111094e-11,1.9526193892640064e-10,-9.80844157400329e-11,-6.155899651556734e-11,-8.698453383217466e-11,-1.6593584907828507e-10,1.7638071162007878e-10,1.5387290962471823e-10,1.7875406440578513e-10,2.718403829448063e-11,-1.037345255205503e-10,3.033032051718011e-10,-2.444223142444876e-10,1.7213948364583688e-10,-1.0972732225937092e-10,-1.4022482960252663e-10,2.339114476577692e-10,-2.5754057101840316e-11,-1.8126896416605964e-10,-2.717912615559409e-10,4.716300594196951e-10,1.2660703933608777e-10,-4.908308537910203e-12,2.3688000282207054e-11,2.578573323465133e-11,-5.906215732988405e-11,1.7857047372238243e-10,4.9426254264232093e-11,-7.60528997441475e-11,-3.5194255309027314e-11,-1.8695257212924428e-10,-7.474367609015179e-11,3.6196122002137434e-11,1.4413773321114616e-10,-1.086872549204509e-10,-6.495130551577387e-11,-8.795944228831968e-11,1.5807730028088304e-11,-1.3245655932517262e-10,4.287112851984219e-11,-4.794081424103638e-11,-1.3276066779589927e-10,-6.483081615171297e-11,-2.888795957302043e-10,2.359590595606405e-10,1.234118132523932e-10,-3.098130431292864e-10,-1.7289963647430204e-10,-2.533005314294973e-10,6.618740751564746e-11,1.0635901772376893e-10,-1.29185582940917e-10,-1.5839876024030897e-10,2.868739272735724e-10,-4.3190977865226683e-10,4.600523601353751e-10,2.740806854001796e-10,7.739900799621527e-11,-3.6484593602655215e-10,4.4513944249873113e-10,9.10374819818284e-11,1.1207247539088436e-10,-2.883804855552783e-10,1.6468053944346825e-09,-3.202303056521329e-10,1.5992401828454538e-10,-3.505558028078153e-10,4.547518383860315e-11,-3.7952556453952993e-10,3.0391336540692616e-10,-2.0160215169616667e-10,-2.9977452175828893e-10,9.191718324439122e-11,-4.291887540952167e-11,2.351054026545957e-10,9.629784329469015e-12,-7.338313844130688e-11,-1.581249805178125e-11,-9.546905988329677e-12,2.0554789679150468e-10,2.5702597398627513e-11,-2.7581602437730168e-11,-1.9377039866220846e-10,-3.4112603284242165e-10,-1.0253672654122827e-10,2.2207587307445278e-10,5.834639706556531e-10,4.3764930767040086e-10,2.757963389124807e-11,-7.165017997694206e-11,1.9923013791792668e-10,-8.947011823718615e-11,6.606776264365504e-11,-9.627126521137426e-11,-1.0381769378490839e-10,1.3035285455563994e-10,-3.8566229914140175e-11,5.6839668858889176e-11,-4.5858270099433915e-11,-2.6272395179137027e-10,-1.8752991420001846e-10,5.120496312238824e-11,5.847902381000257e-11,-1.429027787887586e-10,1.2654500379754385e-10,-5.577084312394359e-11,-3.205390199378301e-11,8.553326989910236e-11
F8treat_p10,-9.82639345293405e-11,1.0936344725423546e-10,-1.5446221557300147e-10,-2.8407943193098665e-09,1.225385062089912e-09,-7.073724213704472e-10,5.109395822280281e-10,-9.498090694537165e-10,8.99191271722451e-10,-2.379358459345641e-10,2.2689173546974497e-10,6.212843587392849e-10,-3.617225519914166e-09,2.5609171247934793e-09,-9.848370698143104e-10,6.220216504351528e-10,-3.67522250306213e-10,8.877546276452281e-10,-2.7609719556917993e-11,-1.506243894736487e-11,6.789043441601539e-10,-3.932533756675009e-09,1.6657610457300082e-09,-2.593829367615357e-09,8.97605709039141e-10,1.1061850767365964e-10,2.658699270387851e-10,-3.390602345673851e-10,-5.587183673697481e-10,1.4168784855830006e-09,-3.337762682142466e-09,1.7119125249486541e-09,-1.5109190826621617e-09,-6.481119111682663e-10,-1.7533103944831467e-10,1.1711155813124783e-09,-5.030351006155138e-10,-1.3995118502610644e-10,3.753490649427366e-10,-2.154314689452464e-09,1.7429231819811417e-09,-1.0884864391225327e-09,-1.0397185567531918e-10,1.1837376421634643e-10,9.409794812805465e-10,-6.042738745943291e-10,-2.625921513550861e-10,-8.97045473044596e-11,1.6064210018711e-11,-1.1938387840376312e-11,2.2492891896521206e-10,-3.750643782340775e-10,-6.949858741976372e-11,2.40782164626113e-10,6.327713907473566e-11,9.549803048605261e-11,2.480925453080924e-10,6.821295072406574e-11,-1.1299759583954188e-09,4.837848817433254e-10,-2.5795418528796013e-10,-2.2036936764114248e-10,3.0413326382348156e-10,8.867652764408314e-10,3.812295117158061e-10,-3.1412592777099324e-10,5.350780950271313e-10,-4.353671473255275e-10,2.4597581400074233e-10,5.04647340023057e-10,8.201459513091283e-11,-3.269828041148082e-10,-1.6223854031581408e-10,-4.875655949656547e-10,3.134859725636364e-11,-1.3409617675926655e-10,6.590449518381432e-10,9.214019796131429e-11,-1.1725239862236426e-11,9.259767203534705e-10,-4.2357255117456173e-10,3.9584646023546656e-10,1.6446091025452685e-10,-1.8612021145031172e-10,5.222453788186408e-11,-6.816875001658155e-12,-3.6841681569243427e-10,-9.783611893648886e-11,1.1753955185305008e-09,6.589466765646352e-10,-6.015250006753201e-11,-1.3799117496301184e-10,1.424286948178666e-10,-2.0094144295345508e-10,4.0173209943542593e-10,4.1693577589164306e-10,-3.6264630041886226e-11,-5.529597902878718e-10,-2.6834508507895794e-10,-5.398438386001655e-10,-2.141568714386285e-10,6.610370701381712e-11,-6.795514471808696e-11,-2.1622739373698411e-10,7.831878857075631e-11,2.1534718627367845e-10,-3.747542669465553e-10,1.6286630389610313e-10,6.598596435520074e-11,-1.1456537239402502e-10,-1.7385094481667485e-10,-3.5377853531190167e-10,8.705881722584242e-10,4.365970413561614e-10,-6.92205011807665e-10,-4.693860258871715e-10,-2.639935916944703e-10,-3.7680649817257303e-10,4.848066492706654e-10,-4.310799234159497e-10,-5.640667133655709e-11,4.017436683990215e-10,-1.064537426666564e-09,7.964680694595581e-10,1.959463487744835e-10,2.059922065918842e-10,-9.112710650360993e-10,1.0917383911574143e-09,1.054360255179716e-10,1.3938133819346578e-10,-9.964835644261804e-10,4.259879007587024e-09,-8.318296518699177e-10,8.079026855528349e-10,-8.796753977207053e-10,-1.4072935663081807e-10,-8.357213382390997e-10,4.857547799684808e-11,-4.908541063610736e-10,-4.663978795816845e-10,2.132865888279121e-10,-2.1140840279367426e-10,4.563974597028108e-10,-1.6884351405955696e-10,-1.7937919586700001e-10,1.694938954531997e-10,-3.153988835708061e-11,5.053362581062812e-10,3.245289627119664e-10,-9.384673869264086e-11,-9.637781737637358e-10,-5.15412912381207e-10,-2.200454494675292e-10,1.7911056687160212e-10,4.3764930767040376e-10,1.3872166950275418e-09,4.4393988200136065e-10,5.781649272254611e-11,4.665580627149919e-10,-2.95354002120253e-10,3.9617797078085656e-10,1.2876482810264057e-11,-1.9743122271151272e-11,7.282278743021509e-10,-1.657478548322498e-10,1.5614546310388494e-10,-1.3055138623498334e-10,-3.633305166576867e-10,-6.138743593983282e-10,3.902341469127382e-11,7.027433122338794e-11,-3.314739543742451e-10,2.5408342531358853e-10,-2.103054101160924e-10,-2.4072928993402624e-10,8.253106866855427e-11
F8treat_p11,-2.3065379159486342e-10,3.06668641110524e-10,1.3937330839600447e-11,2.299796971253433e-09,1.205426551289538e-10,-1.5183610879279465e-09,-3.743476750374439e-11,-5.828853494258121e-11,-8.293289279845489e-10,7.424111377017621e-11,-4.3766897542908576e-11,-2.186337724137985e-10,7.708980600622255e-10,1.28897727621822e-09,-5.891782635728058e-10,3.371776326440659e-10,-4.3569740433670214e-10,-1.1462122068205011e-10,-1.194052094871835e-10,3.0309022236971646e-10,-2.7740677404833403e-11,2.0703709611719225e-09,2.152955460837406e-09,6.472734823657017e-11,2.733653586026881e-10,-6.988393804695764e-10,-2.988921062767397e-10,3.602813358186055e-10,1.5414933350536044e-10,-2.452327549167718e-10,1.661375113929316e-09,1.911683308286727e-09,5.482147884178322e-10,5.426026137057724e-11,1.4564683378899455e-09,-1.1114238630879468e-10,2.018183759675055e-10,2.788409537538499e-10,2.084352649913013e-10,3.072510413886478e-09,3.12187365824944e-09,2.5985547907677827e-11,5.504532678464208e-10,3.1723044012523787e-11,-4.0364649428802574e-10,1.3561111596732878e-10,-1.8022409839031636e-10,-2.2697974588848504e-11,5.467218942533023e-10,5.972357511085062e-10,4.234772459437045e-11,1.2630440489261017e-09,-4.5071686880703906e-11,-3.538239531553783e-10,-3.831988631179521e-10,-3.874648798239866e-10,-8.591554892574694e-12,-1.6446494235759348e-10,1.1214894099881365e-11,3.146769524207402e-10,5.2951668155911e-10,3.8483699242921803e-10,2.8916774613115535e-10,-1.0134661333330649e-10,1.1458230198044939e-09,1.7721074464013628e-11,-2.510255284169283e-10,-1.4671246543169972e-10,-5.845916012436077e-10,-2.368503867840518e-10,-1.4071020041905054e-10,7.906149951569181e-11,9.951866676850718e-10,5.132226864079465e-10,2.30463481563736e-10,4.5236170912953535e-10,-5.450399996030799e-10,1.32032455176215e-09,-1.197710578752333e-10,-2.7188828871573304e-10,7.577929045603032e-12,-1.3856398902759147e-10,3.313895003595772e-10,-2.696098548813243e-10,5.497330978080459e-10,9.695840370273477e-10,-6.154328510682776e-11,6.999061220300762e-10,4.2824052124922357e-10,-9.718488966075284e-11,8.801722345650497e-10,-4.4513141008225484e-11,-2.777456717586112e-10,4.019343804025126e-11,-3.0232578743860255e-10,1.3715413658158712e-10,2.2367644589954582e-10,2.855380500972983e-10,6.970845138567284e-10,-1.8234429338057435e-10,-5.766216172026183e-10,6.517718536282179e-10,-2.14974327570437e-10,9.665903357864895e-10,-3.1018944021427295e-10,-1.0449858116801423e-10,-2.3003103163488791e-10,-3.667100614613724e-11,2.73974144858599e-10,-2.193132071493575e-10,4.3955536140665996e-10,3.8891929671058185e-10,2.0047540931433907e-10,1.2982505351388008e-09,8.963408213003183e-10,7.567543209656544e-10,-1.496090390922689e-10,-1.5073612359333005e-09,-1.1055699630233175e-10,-8.87429662632061e-11,4.680602901764517e-10,5.356423368881945e-10,6.077378879470013e-10,2.279471664549852e-09,-1.9597996862515538e-10,-7.870596323946104e-10,2.585108568970257e-10,3.64436770612896e-10,-3.5205550469072374e-10,-2.646336130810576e-10,-7.537797600477292e-11,-2.56662350231141e-09,-1.2727410724883364e-09,7.704350179113442e-10,-1.0077718452809688e-10,3.0183847286956665e-10,1.4074464710458148e-10,-5.8024886321896385e-11,3.5153476210703476e-10,-3.415263771026416e-10,9.986244923331508e-10,4.648375303950268e-10,-2.934280381634102e-11,7.245376295883373e-10,-6.128266077198593e-10,2.2155601940018723e-10,-7.158455604366547e-11,1.1926569218940687e-10,3.5430428989614493e-10,1.3569206439145803e-10,2.492314849143607e-10,8.415334343214926e-10,-1.4684135640164992e-10,6.024126949418198e-10,2.7579633891248816e-11,4.439398820013597e-10,1.4623370418161726e-09,-4.582020159686878e-10,1.379490313445457e-10,8.630553667403039e-13,6.244147377295363e-11,-9.020303144636983e-11,-3.953078114172793e-11,6.19913006634974e-11,-5.29678386681459e-10,-7.29333135138394e-11,-3.692499598510855e-10,-6.934458500464647e-10,-4.238355698566026e-12,-1.124232703848895e-09,1.6654302935386377e-10,1.9548335139226014e-10,1.7526069740715115e-10,-6.5239619469358685e-12,-1.1482344781443652e-10,1.2480244513415012e-10
F8treat_p12,6.693719930960136e-11,3.383645447345298e-11,3.376028043353853e-10,-2.6733087859242246e-09,8.223747981105108e-10,3.328809391094487e-10,3.20428704741153e-11,-5.47454840702702e-10,6.152558913180094e-10,-3.1232921803822965e-10,1.6428441885900644e-10,8.384718690702611e-10,-2.6563439592039253e-09,-1.5086549720143797e-10,4.893434975577802e-12,1.1561828259713067e-10,1.254533662218694e-10,1.3508606075977177e-10,3.5980944903579664e-11,-1.632257386802662e-10,5.852022860677707e-10,-3.348963971865514e-09,-2.9192195468221074e-10,-9.83674300916228e-10,2.4019539999571256e-10,1.2807911737641201e-10,-6.979039387884854e-11,-4.4497443417407176e-10,-4.044087432992003e-10,1.0515148904115442e-09,-2.779038891667192e-09,8.244707389979357e-11,-1.1770008699942202e-09,-1.0683785609629615e-09,-1.0753218937192428e-09,3.565444510880761e-10,-3.1253919766971097e-10,-1.0348591311827591e-10,6.32092192527921e-10,-3.1372271028633405e-09,-8.440123072260177e-10,-1.0070678151148602e-09,-6.381516623685794e-10,-2.1726357759356818e-10,1.5842603397125086e-10,-4.1898779422003084e-10,-1.3374833137263194e-10,4.48647688032664e-11,-4.0480995999730153e-10,-4.575693309309312e-10,-1.7468904265878554e-11,-8.166744402616352e-10,4.2119585439074066e-11,2.2825780253544208e-10,4.3339072314477054e-10,3.748403383542832e-10,1.3221727558129008e-10,1.4162794613093085e-10,-5.083622620110599e-10,1.606455837976061e-11,-5.89683348092588e-10,-2.410835856145721e-10,5.187198684271964e-11,2.773572671941013e-10,-6.993915953361048e-10,1.4683163114343388e-11,3.7295519161144606e-10,-9.332205502526181e-11,4.817935510606889e-10,2.725000536144703e-10,1.919796793048955e-10,-3.5605087692829775e-10,-8.430738605036157e-10,-6.20957480818205e-10,7.559727443216778e-11,-2.906420617402725e-10,4.128675706631018e-10,-6.662660706223838e-10,2.6132914678280493e-10,4.931825581451248e-10,-7.715558962304047e-12,3.8598970606902176e-10,-1.9986706852517947e-10,1.4552688323654375e-10,-9.015319003872819e-10,-7.088215418662209e-10,1.425729863997508e-10,-3.507574365991459e-10,8.323923859284197e-11,1.5196245094645335e-10,-6.835386993910964e-10,-7.734105401729168e-11,2.3134890149421207e-10,-1.2984941731476576e-10,3.918365615664722e-10,1.3615535910301218e-10,-1.6540039805204535e-10,-3.0470411566634875e-10,-5.862518609823076e-10,-2.7398072020296424e-10,2.920812462500514e-10,-3.556349909437062e-10,-3.0730696143281435e-11,-7.0159409990439e-10,4.685256958261557e-10,1.4777874900070946e-10,1.0400344946715898e-10,2.0493669392256112e-10,-1.7536143382036795e-10,1.6895635084433944e-10,-5.013139094025595e-10,-3.514140395653345e-10,4.3516785446979896e-10,-1.8673224970006957e-09,-3.78181264669655e-10,-9.727237292065328e-10,2.6271432373844126e-10,5.978346186890632e-10,2.472220125865052e-10,-1.424707519583357e-10,-2.6723081548342987e-10,-2.0109805578103593e-10,-1.110214692231366e-09,-1.2602160190413662e-09,-1.876523975354704e-10,1.9811295504066894e-10,-6.284943872174204e-10,-1.199822446721033e-10,3.3925839178773323e-10,2.2042739458236277e-10,-6.425365847068499e-10,3.6834605571442454e-09,4.3945627012778636e-10,7.586745313503239e-11,-8.729958787629079e-11,-1.3764893132872865e-10,-2.2733355029699956e-10,-1.694494921550366e-11,-3.050562765287893e-10,-5.775099564736738e-11,-5.763043555916218e-10,-2.2815752132610166e-10,7.218735542086294e-12,-3.8464876795911817e-10,6.095133035610413e-10,-7.632466351119353e-11,7.195573050659888e-11,8.837831095981912e-11,-5.972004278537898e-11,-8.920675957676289e-11,-5.516956463231109e-10,-8.271169274812812e-10,3.906018086086931e-11,-2.068584166595687e-10,-7.165017997694224e-11,5.7816492722544906e-11,-4.582020159686885e-10,6.272677169430073e-10,1.581209115685793e-11,-1.299021364477069e-11,2.408130547528072e-10,-5.769719705219109e-12,-2.7404445669434928e-11,3.3333102842585654e-10,3.7082714410073804e-10,1.7146652455761523e-10,1.7582675671211887e-10,3.6849149226967675e-10,-1.3755288082911455e-10,6.604418638048531e-10,-2.3662916487614107e-10,-2.2113273586283944e-10,-1.2478751558716615e-10,-1.3361379502732332e-10,7.889874164959215e-12,-8.348417357758586e-11
F8treat_p13,3.2499314797613974e-11,1.2662971174379272e-10,-2.3587795412931e-10,-1.4430006296171291e-09,6.382498010946095e-10,-5.561753219130892e-11,7.25580958118897e-11,-7.471133586760638e-10,1.4078763360845308e-10,3.334874876656556e-11,1.675888058937726e-10,1.356475379635856e-10,-1.3857620656945149e-09,1.0970116321818437e-09,-2.5978141650113476e-10,4.6843776298950245e-11,-2.8057033138711785e-10,4.605130908166201e-10,-7.339878835873337e-13,-8.186262943118845e-11,-5.912309537029122e-11,-1.0305114162818018e-09,6.940529848643547e-10,-1.0418085399304236e-09,3.768732647897669e-10,6.217311958525237e-11,2.1485734787615353e-10,-1.2844505200799052e-11,-1.2776711582883028e-10,3.1662136135401184e-10,-6.689447344067272e-10,1.3879839678067433e-10,-3.5355074958627354e-10,-9.619224462217339e-11,-4.0969127599488404e-10,2.3220350964658585e-10,-1.5250157769915158e-10,-1.7286826339726864e-10,-7.591972988479482e-12,-1.0483898977801166e-09,6.208783673531599e-10,-9.672306482740696e-11,-1.1505556392268884e-10,-1.0050333510372414e-10,4.5621993881421e-10,-5.116121733644592e-10,-3.7181825643568535e-11,1.4444386668042442e-10,-2.3558166898019174e-10,-1.0374557782581352e-10,1.5785898859869166e-10,-2.61352693761931e-10,9.797473488732886e-11,1.8987996897513885e-10,-5.2065495351777223e-11,5.304409740195728e-11,1.5926095823406156e-10,-4.3624711479577715e-11,-5.7186446698248e-10,1.1064793940819111e-10,-4.6505268536095223e-11,-2.1591118693318979e-10,1.1487741681991955e-10,2.9189194745134813e-10,2.0769711637246638e-10,-1.8177432313377662e-10,2.6997938279485036e-10,-1.6703616254964318e-10,5.540956203344545e-11,1.999803020684376e-10,-1.2709005647769924e-10,-3.6571749597744993e-10,-1.3057590001372584e-10,-5.576839397687001e-11,-4.035111325646556e-11,-2.848137807197315e-11,2.6292311777664786e-10,2.8928522783161873e-11,5.4956956326681396e-11,5.328592350261149e-10,-2.4525802111762607e-10,1.6950683899224656e-10,1.460374123720799e-11,-1.3416244188662082e-10,-1.829128082804847e-10,-2.1236063837239503e-10,-1.7473302090811267e-10,-3.1246284579660866e-11,3.5259538628586686e-10,2.5173220802724743e-10,-1.3918669939051856e-10,-1.0343042214021807e-10,1.363337487173224e-10,-1.1127018462067898e-10,-5.776982782786417e-11,2.403337458864657e-10,-3.747404337683184e-11,-6.12967664735289e-10,-2.2047572001418546e-10,-2.394027004348325e-10,9.173005264492119e-12,9.229964417124355e-11,5.922527097618602e-11,-4.859302211408995e-11,4.8286251611002235e-11,2.0575693531307e-10,-1.2053289415017924e-10,9.470285771318691e-11,1.4252651349277496e-10,-1.252053716570585e-10,1.0073406158521948e-11,-1.6147048727713708e-10,4.0137362769440296e-10,1.8018065430877786e-10,-2.2173370158242886e-10,-1.8858637063519564e-10,-2.88311897199609e-10,-9.141686314188864e-11,8.153403232292174e-11,-7.325996502459574e-11,-2.319039927147153e-11,-3.084070873391187e-10,-3.0691049285262503e-10,7.756574759307568e-10,2.212857953213484e-10,-2.600548220513839e-11,-5.869967378379826e-10,3.277513781061956e-10,7.500292824579143e-12,7.776048672621189e-11,-2.0185650732636222e-10,1.7230122434018089e-09,-4.3196817959337524e-10,2.1521177088330097e-10,-2.8546847080448666e-10,1.565426551802773e-10,-3.1548055441161234e-10,-3.725293630260776e-10,9.615555248282157e-13,2.540029588778045e-11,1.3907370581766207e-10,-1.7561895429557313e-10,1.5563700235391182e-10,-7.680398009341638e-11,3.069216304464322e-11,2.0198644528894613e-10,-1.8862390021063482e-11,1.1947593985925524e-10,6.747185152455377e-11,-7.240119735958594e-11,-7.180288593560283e-10,-4.141278195387095e-10,-1.4932157990680248e-10,-4.077982360443045e-11,1.9923013791792536e-10,4.665580627149905e-10,1.379490313445461e-10,1.58120911568579e-11,6.072077424634602e-10,-9.34968911302213e-11,7.87909370212221e-11,1.4792702397190298e-11,-1.3081572037867375e-10,5.154338912638239e-10,-6.59871157972058e-13,1.0647883109204562e-11,1.2842542436963356e-11,-1.0627920845579009e-10,-2.1109391591850992e-10,6.894995122692354e-11,3.857683082621847e-11,-2.780904432528413e-10,1.1991651255983492e-10,-2.989293088045681e-11,-1.1483982098131521e-10,1.0317476090090735e-10
F8treat_p14,-4.6290219705620915e-11,-4.2956658271886444e-11,9.568120761488696e-11,6.69648307583489e-10,-5.103961994353812e-10,2.719837121937729e-10,-1.5665157570235015e-13,4.251300385058485e-10,-3.0268775938754153e-10,3.033969715645306e-12,-1.9868215436146806e-11,-6.422334140348911e-11,4.1281620350876347e-10,-8.854988882623146e-10,4.168393814988188e-10,-4.509841838335873e-12,1.3948506137855172e-10,-1.325679974041183e-10,-1.0292880977292536e-10,-1.1713526483447568e-11,-1.3207806074098828e-10,1.0118894181432982e-09,-4.493073639225485e-10,2.66975470760088e-10,2.1355658183150208e-10,-1.349956641534287e-10,-7.045356853031705e-11,-5.0604353463866684e-11,-2.0478786542753448e-12,-3.955141346912057e-10,3.3222313932590585e-10,-6.642695139407688e-10,6.693841642293265e-10,-2.298832685743079e-10,1.4453479938819832e-10,-1.0129203296570447e-10,-5.895889959183429e-11,-4.236010558194651e-11,1.0570546745553646e-10,4.709039930139285e-10,-7.868900685276445e-10,3.76950232231247e-10,9.117515686865759e-11,3.6951503378267013e-10,-5.511203710485307e-12,-3.6356403666086745e-11,7.507909348301762e-11,7.717810616087124e-11,-3.276363523855005e-11,3.698969681800308e-11,7.90701313706192e-11,1.3599620658393853e-10,-4.451636452690608e-11,-1.1554585563016828e-10,1.7973784631813578e-10,2.611479718916312e-11,-7.340344425260399e-11,9.493801231407611e-13,3.146445473313433e-10,-1.263032172384786e-10,3.7145948474805855e-11,-6.670131096508168e-11,-3.7213814386647415e-12,-2.7034504401406787e-10,-1.9090498843423223e-11,1.8841608096571084e-10,-1.7051468135173692e-10,1.6334921458666462e-10,-6.781322536624117e-11,-1.3579848163524367e-10,-1.1519582576032374e-10,-2.5325422773297374e-11,5.7543473677222336e-11,2.372966287249632e-10,1.027088415668293e-10,7.347963924851837e-11,-1.1044228602538992e-10,1.3119186730559235e-10,-2.2174624967629634e-11,-2.355396613000331e-10,3.425245301837233e-10,3.2891005918582055e-11,-7.633736836456016e-11,-2.5276005476922815e-11,-1.4761518720864511e-10,1.286969293515507e-10,1.532279102503014e-10,-1.192757473131741e-10,-2.909871402891718e-10,-5.2117554810547555e-11,8.977066633486417e-11,-8.830117878950757e-11,-1.1827048974690686e-10,2.2554302564273188e-10,-5.528706235288878e-11,-1.1349568565852609e-10,2.9182430174790485e-11,1.9805872922992245e-10,9.723767528172596e-11,1.4951165498695158e-10,-5.144759628833135e-11,7.280423733693929e-11,7.874824266717685e-11,2.0309550042621682e-10,-3.014241289552267e-11,-7.765969426820282e-11,2.940366156096251e-10,-3.599042018543359e-11,-5.280615817531255e-11,-4.175646966679974e-12,-8.91786247272198e-12,9.809214637894876e-13,-2.3972616677816647e-10,-1.991207542795418e-10,3.382568987106718e-10,1.6468369389793862e-10,3.5273696673632755e-11,3.0548037843702404e-10,-1.2490514412076625e-10,7.50569340929134e-11,-8.98405136024261e-12,-2.1459874672135994e-10,4.306415188844191e-12,-3.7657617339250143e-10,2.32837027999307e-10,-2.0312112259559817e-10,3.89211311760928e-10,-2.0601574348062092e-10,4.439658278246645e-11,1.570493001176324e-11,9.58026507666066e-11,-8.143816947794694e-10,4.4985995854650073e-10,-2.727879981678337e-10,2.3339099393967894e-10,-1.0798220238784378e-10,1.2328741154189913e-10,2.937247006309161e-12,5.257474633638839e-11,2.2626174754565658e-10,-4.068668431396852e-11,1.0858545216392306e-10,-9.042228672861821e-11,1.674373423864104e-10,9.987855192345445e-11,-9.049431384712415e-12,2.2281175165201875e-10,-1.7487471152864867e-10,-7.823132254316903e-11,2.746842135186115e-11,6.273206608099859e-11,1.2523855388360747e-10,7.637155199780272e-11,-1.3755006535504521e-10,-8.947011823718654e-11,-2.953540021202528e-10,8.630553667395129e-13,-1.2990213644769928e-11,-9.349689113022207e-11,3.435089586822605e-10,-9.717313503644875e-11,5.212682740523248e-11,-8.872082021143555e-11,-1.1328671778000326e-10,5.1062387552367125e-11,-6.087454040026926e-11,1.085970645643917e-10,5.7968530858782614e-11,9.332521218860905e-11,-9.505160964978173e-11,-2.0084327310166806e-11,9.321825971256638e-11,-2.2198619470220434e-10,4.100575874681875e-11,7.074858848985261e-11,1.5882263352912943e-11
F8treat_p15,1.070391465426943e-11,1.043303397033271e-10,1.3759029124252833e-10,-1.8271753615945746e-09,5.63306795760236e-10,-4.394548751075313e-10,1.524365626820739e-12,-4.678313543011296e-10,5.031635135415008e-10,-1.8796710727195542e-10,1.5795288537086163e-10,6.29904713929925e-10,-2.126126499755043e-09,7.581074341710665e-10,-5.292653780127465e-10,2.9034975540080373e-10,-1.0316699172232131e-12,2.876736333823282e-10,8.681737637117046e-11,-2.5786658197512683e-11,5.328640098168477e-10,-2.5947795535166325e-09,5.872071368363424e-10,-1.2505146790268849e-09,2.904790038320157e-10,6.297875313658014e-11,1.9855828267334998e-11,-1.9495969814976096e-10,-2.559987413318987e-10,9.605356297805598e-10,-2.0522361677324457e-09,9.603841059297797e-10,-1.177658804384166e-09,-6.65940481346553e-10,-2.6680027087179523e-10,4.2806491258219423e-10,-1.572390780979022e-10,-3.912156590705573e-12,5.650519171435734e-10,-1.8544139531248086e-09,4.610545168129486e-10,-1.0183857692133661e-09,-2.008403437627551e-10,-1.5246042501459417e-11,2.1993040757177197e-10,-1.9235522447539735e-10,-1.4758216425527257e-10,-3.631226798994384e-11,-1.205200360428909e-10,-8.203609807701189e-11,3.0989175199856542e-12,-3.205614965026868e-10,9.875500636719083e-12,1.651203985093593e-10,1.5042604596696375e-10,2.5197808106700283e-10,1.2344765448754493e-10,8.04930463532086e-11,-5.446727453041045e-10,1.922795869668521e-10,-3.377199217063681e-10,-6.06929208654456e-11,2.328311466046127e-10,2.9106434226468473e-10,-1.4102440538322665e-10,-8.128699452631386e-11,2.7667247042888687e-10,-1.9462464954157147e-10,3.008447799122592e-10,2.4404578505360253e-10,1.5857361285710508e-10,-1.0967203113135976e-10,-2.7727965410192614e-10,-4.0279478814324164e-10,1.4098578951168752e-11,-9.150137157432445e-11,2.0899875791564058e-10,-1.6630771110417145e-10,1.1522216684038581e-10,4.412777351476393e-10,-1.1667861551253149e-10,3.909669901368232e-10,-7.210639736893495e-13,3.0033306875564743e-12,-2.987350251984952e-10,-1.5997521454035353e-10,-4.582713639395666e-11,-1.965847547300522e-11,4.496350162102352e-10,1.2440319247102312e-10,-2.1312705112121515e-10,-2.5142819864161753e-11,1.2463943627382277e-10,-1.1538050330246586e-10,3.2583338012864056e-10,1.9277569579879788e-10,-3.885821888840345e-11,-1.8699849308976812e-10,-2.514553112078271e-10,-3.73082215094246e-10,-3.2782002514170416e-11,-6.010700326062519e-11,-8.149631026960725e-11,-2.6222740014839494e-10,2.3854834457035586e-10,1.0468149361741111e-10,-1.0558986949873174e-10,2.274875828985561e-10,-2.6881475981150976e-12,6.43751836057603e-11,-1.7557686865085546e-10,-2.0638507047220363e-10,5.957455443588666e-10,-7.255542141784613e-10,-1.2447601890879915e-10,-5.796184576875022e-10,8.76084971429643e-11,-1.1829267532160732e-10,3.207251247035411e-10,-1.8279794023156446e-10,-7.190582879698389e-11,9.332331605671619e-11,-1.0370767709581194e-09,-9.025013012498e-11,-3.134977032497803e-10,7.703617403595516e-11,-4.5003814379682014e-10,3.039091835825916e-10,8.531846690474238e-11,5.3890048913015874e-11,-6.217507988766513e-10,2.655071855318928e-09,-2.2111663555980628e-10,5.333359146514813e-10,-2.6105693778538096e-10,-5.788090885499795e-11,-3.1473473569239666e-10,5.67888253946425e-11,-1.9277919210904529e-10,-3.0156831185844224e-10,-4.667470007117272e-12,-6.574544771433734e-12,2.2345135777064733e-11,-2.078829758133504e-10,1.3984431052734364e-10,-1.0421031961877013e-12,-1.5100106821652504e-11,2.8146925773174826e-10,1.106709920973781e-10,-2.961127068393897e-11,-4.2686059855704577e-10,-3.279623015504612e-10,-1.3188081145407077e-10,1.3674745057258229e-10,6.606776264365599e-11,3.9617797078085713e-10,6.244147377294927e-11,2.408130547528075e-10,7.879093702122285e-11,-9.71731350364484e-11,3.903693646712915e-10,-4.484832238927382e-11,4.062906089667039e-11,2.9157049788380095e-10,1.0666950039730448e-11,1.2726269287184887e-10,-3.156459754591683e-11,-7.630321337200868e-11,-1.7057441105608895e-10,1.913414115858828e-10,-8.844902468769242e-11,-1.5103793247952862e-10,5.227486312929125e-11,-2.2112792213156382e-10,-8.537388667376707e-11,-3.348598057696866e-11
F8treat_p16,1.255851120964573e-11,3.124479833663427e-12,-2.2459537442531333e-10,2.6801905958175114e-10,-1.2308929609797444e-10,1.5757464467361088e-10,9.84595915366725e-12,1.4269211621166746e-11,-3.975999782423986e-11,4.639799270280113e-11,3.0265718640467375e-11,-1.6202563212562063e-10,3.113341283216696e-10,-2.9874011303220075e-10,2.0306642715741561e-10,-1.9390879766678169e-10,-1.8007909852735694e-11,6.29541927384864e-12,1.890200759823726e-11,4.361364643540469e-11,-1.296518686732013e-10,2.610274182994512e-10,-1.8501738119362913e-10,9.63046490574425e-11,4.506311152763713e-11,1.012380197872427e-10,1.2310997137465744e-10,3.783848272225679e-11,2.0221773184355483e-11,-1.8164763162148245e-10,1.5440585875646433e-10,-1.643929373740462e-10,2.1528164785318053e-10,-1.0846833693579348e-10,-9.209911239957532e-12,1.3248006551157305e-10,2.325689060716279e-11,8.383647180217056e-12,-1.2797742269601686e-10,5.931689852651009e-11,-1.9773681717671142e-10,1.7602531579217717e-10,2.5608255326944207e-11,6.084614973025728e-11,1.9949120126234826e-10,-8.624424479709936e-11,8.027247785062203e-11,2.99988932945871e-11,-2.1442921338356564e-11,-9.377566721087602e-11,9.152512896233852e-11,-9.605593830616825e-11,-2.481366947088497e-11,1.819902938716837e-11,3.3276208872589005e-11,2.0295616484050668e-12,1.1472166279723197e-10,1.117575043607141e-11,-9.775053007236915e-11,-1.0647357327664357e-10,8.135781769941673e-11,-1.0765667623007477e-10,-7.211332755269731e-11,4.872035539588398e-11,-7.696208711112423e-11,-1.3886955990070379e-11,2.0991043290074156e-13,3.536814405547847e-11,-4.613589394716043e-12,3.5724202049977616e-11,-2.084368227792611e-11,4.6350571651964236e-11,8.561099483223955e-11,1.3037476977604352e-10,-9.724864223099258e-11,-8.305310550956267e-11,5.259776437833908e-11,-6.769293928172321e-11,1.3479884604381103e-11,3.3492692763200275e-11,7.390043821512859e-11,-3.128035188481293e-11,8.695408453297323e-11,1.7940169592536316e-11,4.0138351498698255e-11,-1.522789570819312e-11,1.8548709355842037e-11,-1.4238207545243159e-11,-5.5550343143104e-11,1.5390261044955498e-10,-4.736681082835583e-11,-5.854444474588427e-11,3.411938843111302e-11,1.284728106169576e-11,-1.0569486619693382e-11,4.121389783833476e-11,5.894610581774447e-12,-6.055214023097712e-12,2.4532901794594937e-11,5.880928332778233e-11,-4.251918020616901e-11,-2.807253811258746e-11,4.2215421262938445e-11,-8.45600119385893e-11,1.6080080718822032e-11,2.830867839813189e-11,1.0642970282926452e-10,7.158158633681079e-12,1.6590481614579253e-11,8.768732823850898e-12,6.357069763979663e-12,-1.585004255052369e-11,-2.626488555275683e-11,3.146750587354029e-10,-1.8941191687669463e-10,1.4357072538777888e-10,-1.0932084142058366e-10,4.839814935446365e-11,1.5719486470405988e-11,2.361062029152399e-11,-2.1827501006414924e-11,-1.3246221310961245e-10,1.7676739427299947e-10,-3.31629822628657e-10,1.5313810958680111e-10,-5.996804113112179e-11,7.27436936883778e-11,6.135636316489309e-11,-2.751060978735473e-11,1.3268539938642192e-11,3.3781259818473556e-11,-1.4755576934857462e-10,2.5985506448334775e-10,-1.528974178020059e-10,7.096543872950369e-11,-7.272868830993061e-11,-5.1269752347908476e-11,-1.3321590940109946e-10,-7.957012259119096e-11,2.6001373377699874e-10,-2.6531588796009946e-11,-4.23882797764339e-11,1.5076764151563988e-11,-4.0884612769595147e-11,2.709545626213902e-11,2.3999574095782136e-11,6.859598507811444e-11,-6.447600471266018e-11,3.110634316821691e-11,-2.753442020706243e-11,-5.950084973748062e-11,8.974096116878903e-11,1.1181591822140078e-10,-2.344992445542268e-10,-9.627126521137517e-11,1.2876482810263397e-11,-9.020303144636962e-11,-5.769719705218667e-12,1.4792702397190776e-11,5.2126827405232295e-11,-4.4848322389274065e-11,1.626767628580554e-10,-1.423436284098916e-12,6.2187106154528165e-12,8.373005485166072e-12,-7.397638539773427e-11,5.236933265067396e-11,7.186731608798929e-11,-3.695904898677055e-11,4.7382956267088195e-11,5.1518880420808255e-12,-1.4728425052996666e-11,-5.09981088318886e-11,2.416170841563617e-11,-3.987010537523059e-11,3.219925738474623e-12
F8treat_p17,1.3265087101851145e-11,-9.886491188800214e-11,3.540951571597992e-11,2.6961539917507317e-10,-4.779703548686794e-10,-1.4785158719532144e-10,-8.344203423542503e-11,7.159089828400562e-11,1.5602817926165074e-10,-3.7262729419587974e-11,-2.233750540970116e-11,4.598104632564516e-11,4.80531832971308e-10,-2.777900218124567e-10,-3.627018022141288e-10,-3.3197124105319614e-11,-1.0982085447379626e-10,-3.3971907538751096e-10,5.673031958704141e-11,9.646721813893912e-11,6.704436178493306e-11,2.592338476917648e-11,-2.7791407903936853e-10,2.589916993067629e-10,-4.487304266860691e-12,3.4358782275944266e-11,3.477939875673707e-11,3.0922726309639053e-11,9.949216968258606e-11,-5.0046616716013085e-11,8.164388904569951e-11,5.033075712262035e-12,-7.588669419314065e-11,4.305195875421279e-10,2.6479294352152492e-11,-5.212384572836654e-11,6.07884443543861e-11,4.6216708621054205e-11,-8.194184318611261e-11,6.53519717922703e-11,-9.376051227639459e-11,4.2673051039123255e-11,2.05406579295115e-10,-6.8177128443323645e-12,-3.099318477803691e-10,3.2567122876721067e-10,1.5211466507204353e-10,-2.046330612352269e-10,7.924224114573898e-11,8.512638526864605e-11,-9.668540925301251e-11,8.191054479421362e-11,-4.932596279154275e-11,9.594685880765782e-11,-1.9137070393912775e-11,-3.756586838654135e-11,-6.96462242729775e-11,8.902530729164006e-11,-8.644704144738047e-11,5.6960926359089535e-11,1.1661230954396662e-10,1.8852275747235952e-10,-7.363975915523342e-11,1.4945773774428584e-11,-4.1011545084873735e-11,-4.0167738041580885e-11,-9.125069813042322e-11,2.5605656663940405e-11,-3.487571223211969e-12,-2.8133147042842054e-11,1.835730318815602e-10,2.369287074529699e-10,2.1083732345249685e-10,-7.520676931197284e-11,-1.675019792209409e-10,-8.174471790959591e-11,2.4379134313816845e-11,-1.2637089594197439e-11,-4.594711736803916e-11,-5.1104180829993414e-11,3.789506365948504e-11,-9.919538988803602e-11,9.757151729565881e-11,1.4977226935677176e-10,1.8652050706666896e-10,1.6954572613925e-10,-3.5147459991182975e-11,1.7021741637390235e-10,2.5204931075098194e-11,-9.296788613580458e-11,5.63151758531543e-11,3.705801382794189e-11,6.159224524359486e-11,9.193456437998053e-12,3.965548256742676e-11,-4.6421500854799417e-11,8.724590615147526e-11,-4.703283774829488e-11,1.6214495241029633e-10,-5.230380657378557e-11,2.967662865316487e-11,-8.89417986428256e-11,1.0871181247683807e-10,9.626257255719429e-11,-4.8258014138287564e-11,1.244853797486449e-10,-1.0413916930570982e-10,-5.845416857598742e-11,1.3506918622935948e-11,1.6974799379223356e-10,3.618703853176872e-11,1.4763470113076653e-10,3.8891706780469005e-12,-4.334820234125189e-11,-1.3243726735663754e-10,-2.7329092666947498e-11,4.7132476402733106e-11,-1.9926793481784917e-10,-2.541924421239659e-11,-2.3018383808706188e-11,3.417508074320885e-11,1.0575005229394542e-10,-1.5134532291490772e-10,-1.0654466192556816e-10,-1.889564273905126e-10,2.8842144044431627e-10,-1.5044630509886884e-11,4.684928025021013e-11,-5.1070401308267e-11,-3.823005669142653e-11,9.927679643590556e-11,-4.2695303606040603e-10,1.857515797723713e-10,3.217121972762563e-11,-6.343906438699203e-11,1.1659545381021844e-11,1.0481337793080616e-10,4.723109702736745e-11,8.925054574298091e-12,-9.728012441410315e-11,-9.87833989011152e-12,-5.177025376882101e-12,-1.2793874543563439e-11,-7.157884320048524e-11,-8.486773764318641e-11,3.805456007164129e-11,-7.444796311336246e-11,4.2867793932854876e-11,1.496208533555369e-11,9.795166152422782e-11,3.293342590282863e-10,2.362978884892393e-10,-1.0934612775655997e-10,1.28612146017963e-10,-1.038176937849089e-10,-1.9743122271151724e-11,-3.953078114172864e-11,-2.7404445669435025e-11,-1.308157203786742e-10,-8.872082021143568e-11,4.0629060896671235e-11,-1.423436284098636e-12,2.589197791564923e-10,-1.6511288957619622e-10,-1.3817819177899706e-10,4.583848151295919e-11,-6.146884402120671e-11,1.1596096812647342e-11,5.4265827137324214e-11,-3.282033163251419e-11,3.003843013228056e-11,2.6374652122160122e-11,2.211700644516027e-11,-1.6825374146550823e-11,-3.4010120202427985e-12,-1.275136811811355e-10
window_p5,-1.3824981209884786e-10,1.7508996539812925e-10,6.336005435465823e-11,-4.086322361874051e-09,1.1465938115908527e-09,-5.534363926438317e-10,2.9389454424489777e-10,-5.916310859172235e-10,6.852346853299726e-10,-4.104644706522758e-10,3.804519213085222e-10,8.536953322992128e-10,-4.568969673201383e-09,1.4094849873125951e-09,-3.5974294776930544e-10,6.6429442890274e-10,3.856577971387092e-11,6.427162739714647e-10,-1.2853660205443644e-10,-6.392053404730594e-11,5.960570876950182e-10,-4.462465041825548e-09,1.1312777176912928e-09,-2.5960416927577266e-09,1.0743949710524457e-09,6.828350321159146e-11,8.732102791864991e-12,-5.394121201877574e-10,-4.464997030862802e-10,1.4788360087437443e-09,-4.00971969154603e-09,7.872234946185218e-10,-1.402859383861295e-09,-1.1848582645193574e-09,-7.20582032416307e-10,8.123785633261218e-10,-6.231987240331029e-10,-4.35593233223296e-11,6.552470249085979e-10,-3.888277582519468e-09,6.980393618307818e-10,-1.4233200520791518e-09,-2.5427179975530844e-10,1.9738890682764014e-10,7.628550775544639e-10,-1.0556484114629102e-09,-2.8137757623440227e-10,2.2373729464230688e-10,-1.970123424815526e-10,-3.1020760129229023e-10,3.072521205306781e-10,-8.290225907937085e-10,1.7361000763417722e-11,3.8635717013892313e-10,3.590165877073789e-10,2.360095962341472e-10,2.966630741921563e-10,8.333028221344596e-11,-1.0822737731005758e-09,3.8606949739682616e-11,-3.7928237321390327e-10,-2.5372054918835865e-10,2.3459818658049537e-10,6.260458535882437e-10,-1.363181907194356e-10,-1.0185062764339008e-10,4.65487066853979e-10,-3.015936036505397e-10,3.658918305419783e-10,4.919314894037462e-10,7.771169010078229e-11,-9.169129874567881e-10,-9.441732605487782e-10,-2.5787361313404896e-10,2.2611754406382675e-10,-3.0158811567113606e-10,7.192872307508653e-10,-3.497532700918965e-10,2.3697933685682203e-10,9.303124851880827e-10,-2.1388152349501644e-10,5.34849663371094e-10,1.125918796846853e-12,-1.2709397094728825e-10,-9.190673546051653e-10,-5.203731729486878e-10,-2.0610811745668865e-11,-1.8821300003327922e-10,6.822936034263998e-10,4.870330799325206e-10,-5.129069604023249e-10,-3.1038658173952466e-10,2.0799085792047017e-10,-7.485941003880988e-11,2.58010784926e-10,3.678337862611694e-10,-7.094003583483767e-11,-1.0219186622654477e-09,-6.843133519410454e-10,-2.7943383202740193e-10,-5.019269446433662e-11,-7.807068533074873e-11,-9.759484180816037e-12,-4.156265424075047e-10,3.999391796249176e-10,2.071193643098556e-10,-8.616355331829728e-11,1.8296657063328846e-10,-1.0979257981731511e-11,8.536825733722215e-13,-3.9205337011647026e-10,-4.5721229582800707e-10,4.736204737613014e-10,-1.297648311493562e-09,-4.964600752781641e-10,-9.575933753654364e-10,5.119450848145611e-11,5.175125805700038e-10,3.9859556816691887e-10,-3.135453491120641e-10,-1.6104450101754362e-10,-4.1680597601446815e-10,-1.8844406405765136e-09,-2.2803674862729333e-10,8.939129349810051e-11,1.658850701123828e-10,-7.505875238835317e-10,4.166085570815002e-10,2.9777095639442273e-10,1.5294062085961668e-10,-8.903689967228977e-10,5.3335205068819964e-09,-2.3052166664155204e-10,7.066010202214359e-10,-5.906836437790507e-10,-2.5723284913461934e-10,-5.92105524610572e-10,-3.8342091999736716e-10,-4.2284594204591286e-10,7.42208952260888e-11,-1.334106859879062e-10,-2.404310707090595e-10,8.445671615053326e-11,-3.6811314382156565e-10,3.5533774501345473e-10,1.8303677173885147e-10,9.258658803022265e-11,3.0443501217218956e-10,1.1922041816847112e-10,-1.1279980066367251e-10,-1.4747009144231078e-09,-9.456241361561673e-10,8.869682372016723e-11,-9.582041255742433e-11,1.3035285455564038e-10,7.282278743021478e-10,6.199130066349807e-11,3.3333102842585447e-10,5.154338912638243e-10,-1.1328671778000463e-10,2.9157049788380007e-10,6.218710615452772e-12,-1.651128895761969e-10,1.0405023892763443e-09,2.530545292905376e-10,-1.5149420983392713e-11,2.0345411351421315e-11,2.5804862271813252e-11,-4.3217299408163035e-10,4.3679337485322904e-10,-6.633786283110116e-11,-4.1243122762556326e-10,3.086027607860158e-11,-1.3972277780620404e-10,-1.5755777278013164e-10,5.026876322588597e-11
window_p6,-1.2288040899586194e-10,-5.700758921509388e-12,3.3782520757601796e-10,-1.8669664826624357e-09,8.43769836708855e-10,6.618728031090424e-10,6.987579410383334e-11,7.768271516182693e-11,2.928956977154637e-10,-3.559505515702041e-10,7.589011138472052e-11,4.1239141861479226e-10,-2.0243584436192906e-09,-6.619658190325185e-10,8.14356853801489e-10,2.764065323191818e-10,2.385606821462534e-10,-6.261484835146293e-11,-1.6938081105275626e-10,-1.0828355020893664e-10,1.8507977357911e-10,-2.0015902028685002e-09,-3.8251369150373924e-10,4.2148832496645284e-11,3.259823394438584e-10,3.1536628411974744e-10,-2.466043874400175e-10,-5.596742019906974e-10,-3.2262887296344887e-10,4.124861636797053e-10,-2.026203101753402e-09,-2.9635945491671563e-10,-1.9773364333335882e-10,-9.06917120451154e-10,-6.501596819988502e-10,7.775414085422574e-11,-3.984523693691542e-10,-7.979728688951526e-11,1.3939566054401684e-10,-2.616846543587789e-09,-9.006459224525343e-10,-5.964507254776454e-10,-3.7580157465872836e-10,-6.872090570928604e-12,9.991273330439413e-11,-5.874750669991858e-10,-5.476495954268948e-10,1.3504410798823488e-11,-9.739914611227605e-11,-3.867170988635611e-10,1.135291216477127e-10,-6.210211622942653e-10,-2.3776983856386464e-11,1.8455881652715845e-10,4.259003071850837e-10,1.9909673382255942e-10,1.9394560058461668e-10,1.1543242851569295e-10,-8.291978164697547e-11,-4.0169586058329073e-10,-3.948267565624248e-10,-2.1750841030856872e-10,-9.157324797342501e-11,2.3872502707734373e-10,-5.466661382556188e-10,1.89070119077765e-11,1.4684375684349536e-10,1.1187507112139549e-10,2.862107593645687e-10,1.469115198247227e-10,6.257262691489108e-11,-4.960255301629961e-10,-1.1840228281122318e-09,-1.6546063577853247e-10,2.2055498770008754e-10,-1.9855639991068417e-10,3.4006188096201675e-10,-5.893872153670563e-10,1.1067734461035582e-10,2.855199403843434e-10,7.273615900473372e-11,2.2326817232138172e-10,-1.2287501099043848e-10,8.220209482953961e-11,-6.807230413361701e-10,-8.463591426875565e-10,2.360140609443769e-10,-3.3273124162083124e-10,-9.736456432513498e-11,1.940162005062727e-10,-5.399226874032139e-10,-2.4281711087368046e-10,1.9524790330825964e-10,3.586902104111589e-11,2.5250221312650374e-10,-2.1868458179067894e-11,-1.1406432070495167e-10,-2.375311997928018e-10,-9.624579834249511e-10,8.13326951606118e-11,1.4890877197844313e-10,-3.271273735430896e-10,1.5164703788621572e-13,-5.304648878672636e-10,3.36029279397229e-10,1.8177625226601574e-11,1.6690471311492314e-10,1.5082070485707871e-10,-2.6063026618754066e-10,1.1226890791170553e-10,-5.681715929219415e-10,-4.950550021091695e-10,-1.2805929271852292e-10,-1.2481792913613222e-09,-2.6077178919863273e-10,-5.223201765993183e-10,2.868141604192455e-10,1.043373260809218e-09,1.8527173595113386e-10,-1.2735789906960158e-10,-2.316799574295386e-10,-2.852562032867215e-10,-7.147474508577299e-10,-1.536313922496124e-09,4.832006110917702e-11,1.2549919128508882e-10,-4.884706189655415e-11,-3.793941239370776e-10,3.8360035342597257e-10,2.2320530720300215e-10,-2.820559247679379e-10,2.5407765484203846e-09,5.557260187702497e-10,-3.039029556133355e-10,2.439080400025977e-11,-3.222353826998039e-10,-3.950177933074697e-11,-1.0019995072184768e-10,-4.316144419789698e-10,4.4508305441148595e-10,-4.973045430668883e-10,-1.795770075835822e-10,-7.781158170430925e-11,-3.1681879941312495e-10,4.1099261029547273e-10,-3.912815475730727e-11,1.4015596422289675e-10,-9.28481282542738e-11,-1.688549453498816e-10,-7.382853245557519e-11,-5.507637588256995e-10,-9.91799274661755e-10,1.205890936742635e-10,-3.782911642588787e-10,-3.856622991414008e-11,-1.6574785483224765e-10,-5.296783866814577e-10,3.708271441007375e-10,-6.598711579708672e-13,5.106238755236734e-11,1.0666950039731087e-11,8.373005485165612e-12,-1.3817819177899716e-10,2.5305452929053757e-10,7.366222634116626e-10,-1.4982311881435533e-11,1.2097617825648243e-10,3.82157495221512e-10,-5.566238094979487e-11,5.419602899997138e-10,-5.3572526222468507e-11,-1.8563729809849803e-10,-1.9498530903907277e-10,-3.7974639654225523e-11,8.216797665255796e-11,-4.6851166009010846e-11
window_p7,1.126115132720749e-10,1.1773821205489597e-12,1.6663753268391283e-10,-7.563539673033707e-10,7.505833257179404e-10,-4.492686621943743e-11,3.7803887674818436e-10,-1.3285013107362498e-10,4.3512595688168286e-10,-4.3830935692745225e-11,9.0598133236858e-11,5.088819452028682e-10,-7.428371341011162e-10,7.304089654557261e-10,-3.897256593423925e-10,-2.4496647609379937e-11,-3.550546317379618e-12,6.505125034333259e-11,1.1701306199295096e-10,1.9514316800429675e-11,2.597057982655176e-10,-1.4900389049786409e-09,5.3705612410031945e-11,-1.6899973841633135e-10,2.8969692955298867e-10,2.6411496558733357e-10,7.819398083050216e-11,-1.2959331559316447e-10,-8.121399624232572e-11,4.421539473181903e-10,-1.1857593241569804e-09,7.705225193801776e-11,-5.535472637185876e-10,-2.9224221151824016e-11,-3.6060552253452287e-10,5.06963485240833e-10,-8.314072484938828e-11,3.7603668952401885e-11,1.9706480887493856e-10,-5.906487795193945e-10,6.812353236116851e-11,-2.2340969631725193e-10,-3.0916572180664595e-11,-8.472435004220318e-11,-1.9505709732520877e-10,1.9577229964810129e-10,-9.754665777213835e-11,-5.003536282427783e-10,-2.77238254426321e-10,-1.975558468688537e-10,-1.5156233922060013e-10,-2.0510058570050906e-10,-6.053210499020426e-11,1.5991695662759212e-11,1.0054672590574411e-10,1.2717266008922324e-10,-1.724173392053866e-11,1.3886423281676867e-11,-3.2991994677328405e-10,3.561772361662038e-10,-5.0548817847293e-10,-6.273479112353122e-11,-2.2457558190828944e-11,9.213340252417608e-11,-1.3209836995207496e-10,-7.456748553752354e-11,1.0713786022825091e-10,-5.808633138715998e-11,1.8176864631783724e-10,4.5789824109747855e-11,7.794413307962671e-11,1.5199384757562458e-10,-1.6058397557416967e-10,-7.108109305334672e-10,-1.765175802970323e-10,-1.2471711951709118e-11,1.2228346822067843e-10,8.20434329285622e-12,-8.619082164833804e-13,2.1399774398244301e-10,3.531199608076745e-11,1.0464459345490357e-10,-5.670584116731947e-11,5.7948580119823586e-11,9.754759202064346e-11,-5.776711730477014e-11,-2.789528482721091e-10,-1.1091224900597886e-10,1.9211226120224972e-10,-2.933425735453577e-11,-1.3055697767174249e-10,8.269581992726728e-11,1.3525321239250614e-10,-9.19493200565768e-11,2.041894812968567e-10,3.719401936878348e-11,-5.991351443091027e-11,-9.991512541765552e-11,-5.747921411997625e-11,-5.208247912063847e-10,3.033258297256781e-11,-1.2554296425992816e-10,-7.456082123486252e-12,-1.0903772616260177e-10,-8.074253199198355e-11,2.1021613566015832e-10,-1.425534440434146e-10,-8.598209020138365e-13,-4.573176139775608e-12,6.91246419519122e-11,-8.786161074967236e-11,2.3352054481855366e-11,3.246200495155932e-10,-2.2183213327134198e-10,7.735143551906473e-11,4.108738011028531e-11,1.920060093185395e-10,9.40063330487858e-11,1.1119794955870861e-10,-4.714112399006078e-11,9.865484728984222e-11,2.9835396201564003e-10,-2.911549443244774e-10,1.643592142005301e-10,1.629934939388525e-10,6.409098767693221e-10,-5.790335962146703e-10,1.775662690073323e-10,8.733679395449729e-12,4.2411407425921446e-11,-2.0790349613960467e-10,1.1737695368150442e-09,-1.9646021836471789e-10,-3.520384298605857e-11,-3.0398583499929313e-10,-1.1104692538804536e-13,-2.1062613241117537e-10,1.465277074710304e-11,-4.783475832868292e-13,-6.009100372204144e-10,-3.715516764667341e-10,-2.726251191205798e-10,1.3331192997545532e-10,-3.935509182226993e-11,-2.385476471464353e-11,5.3314542963159896e-11,-4.983009395273576e-11,9.522884643211095e-11,6.358009164043737e-11,-3.915808927208912e-11,1.4957296481328086e-10,-2.661033194496612e-10,-6.33200969518096e-10,1.0154570385952685e-10,5.6839668858889654e-11,1.5614546310388644e-10,-7.293331351383981e-11,1.7146652455761482e-10,1.0647883109204566e-11,-6.087454040026903e-11,1.2726269287184905e-10,-7.397638539773349e-11,4.583848151295877e-11,-1.5149420983392403e-11,-1.4982311881436157e-11,5.251980126641717e-10,1.03106705778402e-10,1.0463763433800699e-10,-2.9325798809745004e-11,1.179880143640686e-10,-3.2023735889985135e-11,-7.372936821131998e-11,2.5642651744725395e-11,-8.024734227216368e-11,-3.449858382157103e-12,-3.680264380152568e-11
window_p8,1.4989436775510664e-10,-6.916668764495297e-11,-4.321628263457128e-11,-3.1250265842667344e-10,-8.627409735054967e-11,5.142059013418684e-10,1.5330080781644224e-10,-1.6376756621515828e-10,2.111453112939448e-10,6.43898891958438e-11,2.7650345142675384e-11,1.0630555646981398e-10,1.1010553472281769e-10,-4.995015444417285e-10,1.4236549360429212e-10,-3.709567179148327e-10,9.190203135935999e-13,1.0225064696101007e-10,8.011668795614846e-11,-1.0446028562483932e-10,-2.1454066852855215e-11,-2.9840522206637944e-10,-6.13080882395529e-10,-9.035247506397148e-11,-1.1442554319244208e-11,1.0057166343767163e-10,1.6534482366218953e-10,-4.427997112101291e-11,-8.946162146480101e-11,-3.1371547731346606e-12,-4.114193047010395e-10,-7.896546279588744e-10,-1.3696437576777223e-10,-2.6825815017401863e-10,-6.273057048179614e-10,9.187575346319535e-11,7.576318492116628e-12,-6.40812673433869e-11,7.071860773812498e-11,-6.575770643994893e-10,-1.107172860447336e-09,3.6610104535520057e-10,-3.0075095477858576e-10,2.016427895076889e-10,1.3717780644441767e-10,-9.480305386116985e-11,1.0963339021283804e-10,-1.6224498489093548e-11,-4.712302828881852e-10,-3.27351334445159e-10,1.0536302229388496e-11,-3.900111565206732e-10,-6.510795454996805e-12,6.719280874592381e-11,1.474033990777199e-10,1.5947497277693947e-10,-5.835550069919166e-12,4.0060854952848716e-12,-3.712158444944459e-11,-6.93358369357361e-11,-2.1589509238286022e-10,-3.116746347853957e-10,-1.0281426056975541e-10,-6.204333785118504e-12,-3.107428423770139e-10,4.952090735540934e-11,1.1955434842555813e-10,-3.0242486321412936e-12,2.1337994274886537e-10,5.0416295125594677e-11,-4.0190863593183534e-11,-2.6323217706916654e-11,-2.0312301379390326e-10,-2.2101592970263024e-10,-3.0573486293348595e-10,-1.8285906157361803e-10,2.0441327339069184e-10,-2.7593928109997354e-10,-4.987464408776627e-12,7.818641299505472e-11,1.2053131364927663e-10,1.3452717095600208e-10,-1.589505996144935e-10,1.2117903946780357e-11,-2.7443492497598547e-10,-2.271414016033299e-10,-1.6315123078390547e-11,-3.9043657442615735e-10,-2.2399556968869675e-10,7.933931588315987e-11,-2.2937415530330444e-10,2.6796120727766715e-11,5.491534171344713e-11,4.3136021913688915e-11,1.1058742506762347e-10,4.742494970305852e-12,-1.024009208234985e-10,-6.007847369100371e-11,-9.913256543923612e-11,-1.0537338257035807e-10,1.699784071948142e-11,-3.4202055726016123e-10,1.9172224016293272e-10,-1.6064068815853328e-10,7.030116267897326e-11,1.720230515849267e-11,1.6319194249090205e-10,2.4213820996655226e-11,-2.8818005164774606e-11,2.667413083309151e-11,-5.300516335948e-11,-3.7961426669038995e-11,1.5336413605503828e-10,-1.4305289542945815e-10,4.905962566159366e-11,-2.0215990502020765e-10,2.9359628467413315e-11,4.392781367620268e-10,-1.287927522334422e-10,7.583943633508017e-11,-5.2173285621529504e-11,-2.534966940106955e-10,1.8696188090335696e-10,-5.52921911882838e-10,3.464111127582606e-10,3.353159115866931e-10,-2.741512224902773e-10,-2.0991255386424347e-10,6.480478658935934e-11,7.263860335036208e-11,-2.841548081833653e-11,5.112652135313485e-10,3.137708892586028e-10,-3.64014160700894e-10,6.932728774802156e-11,-8.206670553105953e-11,-4.224635563877622e-11,-9.70095058242202e-11,-9.496088929857007e-12,1.7248178327360434e-11,-5.000647373070197e-10,-2.7330824979877453e-10,7.953412943988318e-11,-1.8230123660444145e-10,1.886345631071925e-10,-3.4781335578170494e-11,1.289450959499505e-10,-8.868616777513036e-11,-9.925737632091405e-11,-9.667271689480855e-11,-1.266513544072401e-10,-2.314280447514603e-10,-1.0216870149547718e-10,-3.2366334623655117e-10,-4.585827009943372e-11,-1.3055138623498316e-10,-3.692499598510874e-10,1.7582675671211978e-10,1.2842542436963908e-11,1.0859706456439167e-10,-3.1564597545917455e-11,5.236933265067421e-11,-6.146884402120723e-11,2.0345411351423593e-11,1.2097617825648375e-10,1.0310670577840245e-10,3.101060424994697e-10,2.8138538525253996e-10,-3.733655137060417e-11,2.9769865670882313e-10,-7.553935508848912e-11,-4.111794047250581e-11,-1.1319378535823535e-10,3.0352804716353458e-12,3.332516812347219e-11,2.0679419009295317e-11
window_p9,1.0916424052989889e-10,-8.965969782720632e-11,2.3532165062127703e-10,-1.0798097782917915e-09,3.5948784213924743e-10,6.986364294547572e-10,5.4199033631732925e-11,1.3639072701643708e-10,3.2056613441527436e-10,-1.0942059930137126e-10,7.856728017146635e-11,4.2850356884897807e-10,-5.268068368369686e-10,-1.0255297773547777e-09,3.9797714669272954e-10,-2.786580763985291e-10,2.7506830459529187e-10,-2.581427307251335e-10,4.0644437966181617e-11,-6.177822771783606e-11,1.3804785968866112e-10,-1.1634745927140469e-09,-1.1247791375350692e-09,3.807062918567101e-10,-6.130523845964538e-11,2.4744593310984975e-10,-6.5768799788134215e-12,-2.1793157027670136e-10,-5.448263432827519e-11,1.4370171792122966e-10,-1.2473024488081338e-09,-8.821446090868888e-10,-2.557069002279448e-10,-2.662914044159118e-10,-9.118186452159628e-10,-3.263028123127962e-11,-5.1574938762961253e-11,6.3391269420431624e-12,9.041548036324659e-11,-1.7869262487036603e-09,-1.4031828756955574e-09,3.9669365651371935e-11,-4.452264645099171e-10,-9.093237975102476e-11,-2.378252522015409e-10,-1.368845525552194e-10,4.197107889197505e-12,-2.741724515673602e-11,-3.571187054255889e-10,-6.126283198366247e-10,2.7465766534978373e-12,-6.074016431481692e-10,-2.1314488448002963e-11,1.2232811811172914e-10,2.8463207983910866e-10,2.396218283018016e-10,7.901398650553901e-11,8.842047665985157e-11,-3.298028070894032e-11,-2.704390341563298e-10,-3.015360363622447e-10,-2.6433933353772415e-10,-3.299755649845932e-10,8.110890156943449e-11,-7.181064037314942e-10,6.15616737882546e-11,9.585122672343458e-11,1.1144227247063481e-10,2.783225183665806e-10,1.854818261552069e-11,1.0755748689056798e-10,-1.4749542513501022e-10,-7.038784914810605e-10,-3.1617692708911246e-10,-1.416983835733371e-10,-3.6309297185201126e-10,3.316333772689905e-10,-6.2188425109083e-10,1.0049246047423589e-10,6.362596358269671e-11,1.4039171894723842e-10,6.529599728827072e-11,-1.7688533736494564e-10,1.8888269448504572e-10,-6.438186310263724e-10,-5.85450085975499e-10,1.6975936955963177e-10,-3.290865076063436e-10,-5.313518501779517e-10,2.147851207757619e-11,-4.826456256272235e-10,-6.352875851886682e-11,1.671999426808194e-10,1.205843077791086e-11,1.0774383925970513e-10,-5.69869377647316e-11,-1.202594424523245e-10,-2.8541375600742707e-10,-3.639839323786246e-10,5.1650333256860346e-11,3.3526587553225815e-10,-5.981134335778545e-10,2.0523963683563275e-10,-4.3454336286140283e-10,1.9327771731351355e-10,1.196197086500448e-10,1.342942258518996e-10,1.3281831890637843e-11,-1.1953684566736228e-10,1.847777775704253e-10,-3.055677289935651e-10,-4.430898817089223e-11,-1.7641877387588276e-10,-1.0744696062406542e-09,6.304657766745408e-11,-4.2075380205919664e-10,3.784042734450066e-10,9.169550894215014e-10,-7.845542689056991e-11,6.382486950796115e-11,-1.243213917922691e-10,-2.692682196264148e-10,-2.6458317261373764e-10,-1.3760890858673914e-09,1.42579221802235e-10,4.729048028688484e-10,-2.0528569245038143e-10,-5.789790910141316e-10,2.1108305909434933e-10,1.0612827037415293e-10,-2.413625308003634e-11,1.349707652186627e-09,5.691248287679199e-10,-5.283828301156815e-10,1.0000565761241886e-10,-1.7332831988572052e-10,1.1212470738214697e-10,-1.6904926048705138e-10,-1.290105458944889e-10,1.984941578590622e-10,-7.859860667253061e-10,-4.1889380187554044e-10,-3.24176281574353e-11,-3.1944529807495526e-10,3.6220415231656674e-10,-4.5472110680562043e-11,8.401473711052627e-11,-2.0546494662419047e-10,-2.0263758266136652e-10,-1.0350849534811444e-10,-1.2152930981935254e-10,-5.250996057083804e-10,3.8903836511626816e-11,-3.562626394772007e-10,-2.627239517913684e-10,-3.6333051665768695e-10,-6.934458500464645e-10,3.6849149226967566e-10,-1.0627920845579026e-10,5.796853085878332e-11,-7.630321337200897e-11,7.186731608798943e-11,1.1596096812647199e-11,2.5804862271813484e-11,3.8215749522151226e-10,1.0463763433800632e-10,2.8138538525253707e-10,6.45933839743044e-10,1.758899057257699e-11,5.653505478731347e-10,-1.1852597669860038e-10,-8.663662926385031e-11,-1.9092847077379868e-10,3.9170095827410597e-11,7.87790419072083e-11,-9.131956936823728e-11
window_p10,-2.907859036686824e-12,-2.3847559127703755e-11,7.086237510835294e-11,1.731734753718158e-09,-6.19430795648437e-10,1.9598244300225482e-10,-3.741428340293408e-10,3.384923461222508e-10,-6.598759391502161e-10,1.3640130376069783e-10,-1.675049361945114e-10,-3.5633898503679166e-10,2.0173765016748232e-09,-8.720501225185865e-10,5.976053200345093e-10,-2.594496352841597e-10,7.781395067133898e-11,-5.170249001304982e-10,-2.650729370092042e-11,5.928540149008287e-11,-4.0129145274078863e-10,2.3477130099465347e-09,-6.589508644980487e-10,1.6301991954248506e-09,-5.788433646659347e-10,-1.2120828305450168e-10,-1.5057454800290733e-10,2.323569572729879e-10,3.48212735028039e-10,-8.872218978767363e-10,1.986283615920579e-09,-5.329776052354486e-10,1.0557290652730528e-09,6.111874274528789e-10,4.6537163801078545e-10,-5.986611678019438e-10,2.9201941584185813e-10,1.2135203907981437e-11,-3.2723670237360747e-10,1.6493355088810669e-09,-2.738892354369856e-10,5.722351659951531e-10,8.916665762076008e-11,-1.9949548061287289e-10,-6.452021995972715e-10,3.7505975862010104e-10,6.404263139643146e-11,-5.2329631217440375e-11,1.4229599413866643e-10,1.64548842149005e-10,-2.1747796374635768e-10,4.241997427416082e-10,2.6972321288395326e-11,-2.1904394018866607e-10,-1.648140693890303e-10,-1.2409125032059977e-10,-1.472114291328468e-10,-6.897604020977161e-11,5.644689515000057e-10,-8.959769893013612e-11,2.5133370848252945e-10,2.101377300994256e-10,-1.1005988389229607e-10,-4.96998723981995e-10,4.1882574885713504e-11,1.1464769454912518e-10,-3.3253144017830803e-10,1.4831915660927385e-10,-2.5274443039508574e-10,-3.023361259938531e-10,-4.591546282854255e-11,2.8188241193209197e-10,4.388228943632382e-10,2.9714239380707676e-10,-7.076484804232868e-11,2.499995869352866e-10,-5.40169117887686e-10,1.7738671325215516e-10,-8.190278970411912e-12,-5.214554698873636e-10,1.8193584836354642e-10,-2.9691248777890925e-10,3.124991822441014e-11,6.449969531518043e-11,3.1843138180720523e-10,2.7424324893768997e-10,1.0045187175321795e-10,2.4536497791963003e-10,-4.4922280746843646e-10,-4.0615692640396944e-10,1.9635759427017515e-10,7.436361690667628e-11,-6.690653302664881e-11,7.89283851367354e-12,-2.595439981854527e-10,-2.4873913781559297e-10,9.508806358802874e-11,3.813138814232554e-10,2.906427410185833e-10,2.5568836330349747e-10,-2.5307977372445838e-11,1.7514138576738638e-10,-5.940598214594788e-11,2.9507300155472357e-10,-1.6103241166491584e-10,-3.806737485612829e-11,5.743279918975509e-11,-1.1188084187044523e-10,1.2750506867824222e-11,2.614398404080474e-11,1.4052520687606328e-10,2.0430210897064225e-10,-2.6313586624264393e-10,-9.971447229455266e-12,4.2571618873387335e-10,6.196607895105139e-10,4.3670602587930364e-11,-1.9623574466133825e-10,-3.4580491848794376e-10,1.5983082659765289e-10,1.2678925902748564e-10,3.028899139711829e-11,6.081693298406613e-10,4.2160100941252185e-11,-2.8735759779729484e-10,-3.023805975549169e-10,3.8141061964967686e-10,-4.4014376709114285e-10,-1.2496302405293296e-10,-8.744476032724047e-11,5.225534987437253e-10,-2.6960714938027346e-09,1.8767770685372264e-10,-4.267765980768661e-10,4.5279452513540987e-10,1.8364453320214167e-10,4.582316094784623e-10,-2.1597822588321898e-11,3.54626557636755e-10,1.0647970190899986e-10,1.423747013219109e-10,1.6341126566077527e-10,-2.5463376343259903e-10,2.0789808221742814e-10,-5.471724371847744e-11,-6.191548884546183e-11,-8.57711479656394e-11,-2.2611601957665896e-10,-6.344772161949759e-11,9.292035020950135e-11,7.17507495432852e-10,4.272098496471837e-10,-6.324286117753652e-11,4.618344833509405e-11,-1.875299142000189e-10,-6.138743593983255e-10,-4.238355698566389e-12,-1.3755288082911576e-10,-2.1109391591851147e-10,9.332521218860932e-11,-1.7057441105608678e-10,-3.695904898676995e-11,5.426582713732411e-11,-4.321729940816301e-10,-5.566238094979289e-11,-2.932579880974348e-11,-3.733655137060448e-11,1.7588990572576545e-11,3.9912218650917125e-10,-2.3646899750417596e-10,1.567032005494048e-11,1.9768199167357959e-10,-2.4823978285429282e-11,8.91925150667089e-11,1.1074111158214918e-10,-3.2253997552730996e-11
window_p11,1.5493766612264611e-10,-1.1087943697559218e-10,-1.1039912958897645e-11,-4.106125288606112e-09,7.599323567266577e-10,9.04796067542308e-10,1.4922836286448466e-10,-4.4679780710759255e-10,1.1530014316382463e-09,-3.182343596057999e-10,2.1156947049526073e-10,6.32568782859774e-10,-3.280302620812305e-09,-2.3925775056725417e-10,8.724207757033486e-11,5.819987180023545e-11,3.612677340699662e-10,4.958564470046918e-10,8.526818695914604e-11,-2.85296423547856e-10,4.572237534146466e-10,-4.542823845259247e-09,-8.768672776874028e-10,-1.5468689574228969e-09,2.340457329897995e-10,6.100251557849534e-10,1.7966709811039147e-10,-5.643614456210729e-10,-4.1694504974310884e-10,1.1524932182801762e-09,-3.649053098636544e-09,-8.076882238563825e-10,-1.569282404932411e-09,-1.0079036676853276e-09,-1.6634046970221071e-09,5.85544116897046e-10,-4.578672009405952e-10,-1.9654927087777523e-10,3.4775964872308686e-10,-4.651650661327849e-09,-2.0491266124967185e-09,-1.0528385974128994e-09,-7.566432273892659e-10,-5.624801575819018e-11,7.350367921541643e-10,-5.318241497276798e-10,-2.3800425405395643e-12,9.930626248583269e-11,-5.950316264513565e-10,-6.441469618002946e-10,8.575501300922271e-11,-1.4895274874824902e-09,3.987106598819716e-11,5.022744819961252e-10,5.321204476411629e-10,4.822050289421093e-10,1.710967847755156e-10,2.0037942933678673e-10,-6.116583452403947e-10,-1.1741694703009334e-10,-7.473453081627254e-10,-4.113975069919709e-10,-5.0989893208829545e-11,3.818464089159866e-10,-1.1235988757412696e-09,-7.775980548419769e-11,4.99898383034145e-10,-8.078104093216548e-11,7.485746298699016e-10,5.030589944357887e-10,2.3652858142349144e-10,-4.5117892533136287e-10,-1.351291242806439e-09,-7.397516072401919e-10,-3.213987281533808e-11,-5.555768163828412e-10,8.253828198269367e-10,-1.3211603148640114e-09,2.4980110991681493e-10,7.409464406868468e-10,-1.6081003462154366e-10,4.577789245529405e-10,-3.1115598784939354e-10,2.1283927940342998e-10,-1.0409782519353953e-09,-1.132661752422732e-09,1.1528186231363993e-10,-6.333168023113503e-10,7.924801160488554e-11,2.9567991167830683e-10,-1.1273339337875755e-09,-1.2166118773524752e-10,3.383722245065123e-10,-1.4474569080808667e-10,5.050341430049165e-10,1.4300012858481632e-10,-2.5822991084354975e-10,-6.009064873444062e-10,-9.223603954062375e-10,-1.2830322398176872e-10,4.721262219676007e-10,-6.085094191918288e-10,1.0852399988629679e-10,-1.1587901242399003e-09,5.69454450243391e-10,1.5037036289558275e-10,1.588356308988522e-10,1.7870557999978235e-10,-2.4670345867400786e-10,2.2130367535906275e-10,-6.057567951457828e-10,-5.933490472366985e-10,1.4997541943523517e-10,-2.1556986822741315e-09,-1.0051709718487285e-09,-1.3738015843795884e-09,2.155413037327018e-10,1.4122570660121435e-09,4.099551989734897e-10,-1.197842463807326e-10,-5.296925423880458e-10,-6.637407440656364e-10,-1.4726651036504692e-09,-2.0519651286367202e-09,1.1250956503008965e-10,7.314584589218149e-10,-6.530464543042696e-10,-4.623896736698831e-11,4.520293486790938e-10,2.9017993975256734e-10,-4.723672037976563e-10,5.291598389223437e-09,9.015608203005882e-10,-1.1902525455795784e-10,-1.937335144952005e-10,-3.939930947281596e-10,-4.751306301960368e-10,-4.902816522894417e-11,-4.799366167929914e-10,1.6989870148687657e-10,-9.025259051557237e-10,-4.314447675382415e-10,5.099177586387869e-11,-8.631159484164638e-10,7.762885617785485e-10,-1.4862039403576745e-10,8.184897672418575e-11,1.0929253033585292e-10,-2.1272479641411758e-10,-1.672710056972964e-10,-8.700728511727626e-10,-1.1820891463919006e-09,2.1657207705690192e-10,-4.708047303646773e-10,5.1204963122389595e-11,3.9023414691274396e-11,-1.1242327038488964e-09,6.604418638048532e-10,6.89499512269239e-11,-9.505160964978307e-11,1.9134141158587993e-10,4.738295626708783e-11,-3.2820331632514254e-11,4.367933748532287e-10,5.419602899997157e-10,1.179880143640683e-10,2.9769865670882116e-10,5.653505478731337e-10,-2.3646899750417586e-10,1.2165558629201684e-09,-2.270691719137726e-10,-3.6623335504117627e-10,-1.2484205967672572e-10,-1.1003231297555673e-10,-4.788799318061985e-12,-1.0670256415597567e-10
window_p12,-9.444263268957357e-11,-1.9815478335867918e-11,-1.1492263935732135e-10,6.768180878744792e-10,-1.120635722846054e-10,-3.140126951307095e-11,2.5292731014063434e-11,1.7762540349804317e-10,-1.4364606374480244e-10,2.3391712121278545e-11,-4.75113871371178e-11,-2.6510205357598164e-10,5.85927616092082e-10,1.053616806906403e-10,7.840940384891857e-11,2.106320113364301e-11,-1.158324931483316e-10,-1.3328346361763787e-10,-7.49441035942752e-11,1.0636371328411569e-10,-2.522427743795607e-10,8.55858080853745e-10,2.655294376031029e-10,4.813894416640035e-10,9.09172122075523e-11,7.52338554211223e-11,7.160883041141738e-12,6.155002004151434e-11,1.2468854782607067e-10,-4.237767404349259e-10,5.686073304080517e-10,-4.165185098663563e-11,4.777520997109109e-10,3.018135904102457e-10,3.3869135487590247e-10,-5.998221241821256e-11,2.44272286958008e-11,4.8249230846083915e-11,-3.4049165929937e-10,7.588595756909703e-10,4.4497879317212116e-10,3.9327057047119427e-10,2.046574775375067e-10,1.3270719064406342e-10,-8.653760418312717e-11,6.81488907189904e-11,-6.731291824401691e-11,-9.948702478259576e-11,1.8103583133391046e-10,1.509619466397546e-10,6.195647648045574e-11,2.6869656066491786e-10,-7.176518698329914e-11,-2.8360254180731252e-11,-1.11581032209228e-10,-1.5896843556046832e-10,4.78200550873597e-12,-2.099269593385737e-11,7.620445219299873e-11,-2.5612439616528838e-11,2.2240912124792427e-10,8.835551413443271e-11,-6.718624898391912e-11,-2.6598353619395634e-11,2.7667159621281315e-10,-6.216543591919511e-11,-1.4831606681044828e-10,4.1867106927114477e-11,-1.7360266262088014e-10,-7.64622136365807e-11,-5.2352037751042074e-11,8.599940245207765e-11,1.9207358781650807e-10,2.067595791890487e-10,-5.327281556644578e-11,9.048387529096441e-11,-3.5841848361959233e-11,2.5168151050651036e-10,-1.6035844740910121e-10,-9.645552934214631e-11,8.44290906477501e-12,-1.2952669143990918e-10,1.1804635610414797e-10,-4.506547161360556e-11,3.567387305141897e-10,1.9972026776913243e-10,-5.356957818629485e-11,1.5467030387325454e-10,5.905322218983286e-11,1.5644480256165685e-11,2.0236001835856394e-10,-9.143467701468817e-11,-1.8325718029427435e-11,5.299106695430234e-11,-1.0642258099316736e-10,-4.99757099685487e-11,8.33048730157273e-11,-7.421780891540098e-13,7.955563997945922e-11,5.84799382760836e-11,-1.5952252090067038e-10,1.0484702189699858e-10,9.633518051120947e-11,2.9301788168419965e-10,-2.1277489039984127e-10,2.0474894366030787e-11,-8.406187064311106e-11,-8.242993521210503e-11,4.325124042632956e-11,-2.8601019665894478e-11,1.0978848415617366e-10,9.107283429921565e-11,-1.3928471007693873e-10,6.164287540020243e-10,1.0489060618077359e-10,3.4195344230541483e-10,-1.1485639609950668e-10,-1.2345099579978975e-10,-1.3142809213689065e-10,-2.4593721912811498e-11,1.0123307817190703e-10,1.9261530219151442e-11,2.554294976701173e-10,3.492847001718841e-10,1.4665254443817515e-10,3.386375221798876e-11,1.5929870880611634e-10,6.263081872834721e-11,-8.441962816144893e-11,-6.233224121313875e-11,2.523418917798669e-10,-9.433071345685052e-10,-1.4013250803193593e-10,-1.1366418056441487e-10,-3.210858184173529e-11,-3.8926557360641504e-11,5.895772080533464e-11,-9.159903946180728e-11,5.549584761249027e-11,7.860777056571888e-11,1.7552233254019087e-10,5.592251298583368e-12,6.940009679727634e-12,8.55482453169385e-11,-2.694429520741174e-10,8.804019768220852e-11,-3.340249061078145e-11,-4.856773377323515e-11,1.9487165165186906e-11,4.1827346018948115e-11,1.585671628772039e-10,1.6550910033134206e-10,-9.195590685749608e-11,6.389876040746716e-11,5.847902381000478e-11,7.027433122338873e-11,1.6654302935386338e-10,-2.3662916487614164e-10,3.857683082621854e-11,-2.0084327310166687e-11,-8.8449024687692e-11,5.151888042081097e-12,3.003843013228013e-11,-6.633786283110127e-11,-5.3572526222468345e-11,-3.2023735889985316e-11,-7.553935508848916e-11,-1.185259766986016e-10,1.567032005493975e-11,-2.2706917191377108e-10,1.5687148508599245e-10,2.260949814956965e-11,4.2737001327483124e-11,4.463500706975803e-11,-5.8903389327503725e-12,1.4198313159783125e-11
window_p13,1.0273320210546762e-11,-1.4681652584074387e-11,3.2205037947312036e-11,2.3686263240479552e-09,-6.874884909990159e-10,-1.0509181342836912e-10,-1.782559178844819e-10,4.688732537728491e-10,-5.348080831269576e-10,1.8527335038932055e-10,-1.9468683336993484e-10,-4.188381117901969e-10,2.3055069803083117e-09,-6.259755451300252e-10,1.5249612051794847e-10,-2.350633390308599e-10,9.347725339902397e-11,-2.8560221152694935e-10,-1.169153388753695e-11,7.99064977495801e-11,-2.553758548273446e-10,2.6011117783593634e-09,-3.3800101755626974e-10,1.1342931439880025e-09,-5.38504325181487e-10,-2.580441174382281e-10,-8.4807743602899e-11,3.0747747889482947e-10,2.2339532453358437e-10,-7.053699789506228e-10,2.289891910375245e-09,-1.1372189484850277e-10,7.670684622733426e-10,5.657651777540288e-10,6.441269288605703e-10,-4.28793018706012e-10,3.0038217658750567e-10,7.905061314954247e-11,-1.7931061588237419e-10,2.4098411444901057e-09,1.96797066903477e-11,6.740956712431862e-10,1.710495120215094e-10,-6.334094064263895e-11,-3.6085673825762855e-10,4.2581713759638655e-10,1.529560541289234e-10,-2.9151780124155814e-11,1.9658918988020845e-10,2.2157784720016396e-10,-9.60652382985076e-11,5.606074524912715e-10,4.5721282487652205e-12,-3.2043345984703084e-10,-2.4260671934863293e-10,-1.712998142748356e-10,-1.6214795184008113e-10,-9.949511976163853e-11,5.48687187113405e-10,-4.874397855426237e-11,3.018750858177368e-10,2.1123096779703487e-10,-4.440706791399875e-11,-3.416264615494359e-10,1.9160146335130639e-10,1.1858993105339432e-10,-3.146197240210389e-10,1.1321819401761979e-10,-2.6820947569033354e-10,-2.8533857522225245e-10,-6.977965805606951e-11,3.054221617059215e-10,5.664487125890407e-10,2.597096143876437e-10,-2.214783228788071e-11,1.5784752596385036e-10,-4.1653755790801415e-10,3.3798382278956944e-10,-7.838294841364822e-11,-5.804792980504119e-10,1.379573339742702e-10,-2.9865982924380177e-10,3.0776635848406544e-11,-4.736439307948173e-12,3.595488959265489e-10,4.070882031019803e-10,5.169770438042726e-11,1.8055590534340222e-10,-3.365779397784589e-10,-2.2036644598690587e-10,3.6151371842033474e-10,1.5688341484221855e-10,-2.2450834446365883e-10,8.060447236830627e-11,-2.2490066424544394e-10,-1.610035498551501e-10,6.657737379229013e-11,5.147977029544485e-10,4.639367491711956e-10,1.9362929118617534e-10,-4.843885012625201e-11,1.2789279454021243e-10,-3.2795276380017087e-11,3.3630002573779943e-10,-1.7386847463412335e-10,-2.2594061478762375e-10,5.5215274559831615e-11,-1.305227455197022e-10,3.70375183396169e-11,-6.892930129706202e-11,2.415181620216364e-10,2.755956406410725e-10,-2.9428246454966443e-10,7.513614766016331e-10,4.146086677892824e-10,5.372851614822735e-10,1.489222562487353e-11,-3.750143661551833e-10,-1.9664354971247442e-10,1.4249468458305762e-10,1.696289884616675e-10,2.6653446808640184e-10,1.0369489004722015e-09,3.8472764046171914e-10,-8.13416502501453e-11,-2.6702960821347566e-10,5.264788571196207e-10,-2.2292270474832352e-10,-1.6910429941980408e-10,-1.2739068382426558e-10,3.390627628176557e-10,-3.0842309470538623e-09,-3.200514703588271e-11,-2.0580136789532985e-10,3.229023773139061e-10,1.3144993610797306e-10,3.370744716051677e-10,1.7082823407408914e-10,2.443406822926986e-10,1.3472731990304416e-11,1.8086448159575003e-10,2.3087161173411908e-10,-8.181973904082839e-11,2.894543666623286e-10,-2.054204868652946e-10,-1.136096525887651e-10,-2.0208047174106734e-11,-1.4577475722711935e-10,-5.856806881083249e-12,5.833103690420437e-11,5.611879725635833e-10,5.839500348192358e-10,5.3838303776106676e-11,4.663565000775639e-11,-1.4290277878875911e-10,-3.3147395437424447e-10,1.9548335139226e-10,-2.2113273586283946e-10,-2.7809044325284145e-10,9.321825971256613e-11,-1.5103793247952704e-10,-1.472842505299652e-11,2.6374652122160187e-11,-4.1243122762556264e-10,-1.85637298098497e-10,-7.372936821132032e-11,-4.11179404725048e-11,-8.663662926385032e-11,1.9768199167357878e-10,-3.66233355041176e-10,2.2609498149570118e-11,3.015819780364458e-10,-7.94462796165362e-12,9.938941497792302e-11,7.078342469020801e-11,2.0538547170739865e-11
window_p14,4.5587831705614895e-11,6.224593802296269e-11,-1.305868081831347e-10,-4.374807018695101e-11,1.9131168551910106e-10,-3.056620785292006e-10,-5.846993111024065e-11,-3.685673270507922e-10,-5.72037663306055e-12,1.2239009563199687e-10,-2.8789197178458883e-11,-6.378548456649764e-11,1.6662382820678544e-10,9.48921705731188e-10,-2.892654250019587e-10,-6.495596704869807e-11,-1.273675609847716e-10,1.843712312587133e-10,7.2234242515372e-11,1.0884118158428705e-11,-3.2307368124924237e-11,-9.395535550675003e-12,3.2260493994891646e-10,-7.865135509699045e-11,-3.1866908392635074e-10,-3.989044226309473e-12,1.0491094798244598e-10,1.952315370249038e-10,7.051795064954107e-11,5.734468438243127e-11,4.455297308776913e-10,5.06527010295444e-10,-2.1837906017323442e-10,4.86408137126874e-10,1.668887119061206e-10,-2.922015403874465e-12,1.4247803332252256e-10,-3.356820098617556e-11,-1.6179195211218237e-10,4.806153446692486e-10,8.101397338784931e-10,-3.584651463075271e-11,-5.1513357360984525e-11,-3.612184535059872e-10,6.819839726651783e-11,5.297226308141488e-11,7.901586408629277e-12,-1.3178684886798587e-11,6.212385747605199e-11,1.10690922633397e-10,-8.688845533114137e-11,1.1548000031168958e-10,6.392780167552373e-11,-4.723681912791772e-11,-2.9956133182566814e-10,-6.052142912349463e-11,2.168276951288673e-12,-7.881787735403533e-11,-1.3494236783094783e-10,2.130017654151575e-10,9.867547151082255e-11,7.138163984879642e-11,5.6912620412063836e-11,8.771684813545996e-11,2.2635552258055505e-10,-1.4113770692300928e-10,6.885384150300162e-11,-1.6407422623391492e-10,-7.915535253954127e-11,2.1386368566161283e-11,-2.5483177997324214e-11,1.0307985448172355e-10,3.2245117882109903e-10,-7.978262785923981e-11,-8.732764485303449e-11,9.915634621367932e-11,-1.1605020109761621e-10,1.0782359552778937e-10,-1.2410310770906626e-11,6.001218590346769e-11,-2.886655798274322e-10,-9.228559323085556e-11,7.241712486732498e-11,-6.824245952201495e-11,3.379279080684682e-10,1.4197051376288279e-10,-1.787957756597658e-10,1.7130930667015177e-10,2.0932260502039448e-10,-4.939803504343289e-12,1.1656075664899545e-10,1.1393451369327503e-10,5.9818328586247956e-12,-2.0404024849121972e-10,-9.378023116073031e-11,5.25365511740816e-11,4.302403760862265e-12,-3.428865081799857e-11,1.6378694905690297e-10,-8.198275554045062e-11,-2.4461836429138357e-11,1.4011871197957188e-10,-1.1055711102109346e-10,2.972982871822523e-11,-1.2107109430512382e-10,3.6044583209516165e-11,-2.762453804328671e-10,-1.5706897507725507e-11,1.0374106506041414e-10,-1.1269824874264992e-10,1.5935320963198083e-10,6.773746148652678e-11,2.7137818891347857e-10,5.55216666861347e-10,-5.5164185721153996e-11,2.0133684052647403e-10,-1.6310774131563964e-10,-5.428382232806755e-10,-1.138427524539335e-11,-2.6828567111259908e-11,9.128170110402896e-11,2.7291414509676157e-10,1.940750246983084e-10,8.376196438995256e-10,-2.25844577403269e-10,-7.7531578299767e-11,-2.5125982466002584e-10,2.6066037138776117e-10,-1.3179931649030037e-10,-5.347458872233767e-11,-2.2243081844934368e-12,-1.5550451445440178e-10,-5.445400137686217e-10,1.7634429860243543e-10,-1.2085451374494249e-10,2.329669934476511e-10,-8.909882502217496e-11,2.967398968740877e-11,1.0001066282196758e-10,-2.380884238858e-10,2.391055366274863e-10,-9.157325508922776e-12,8.029286189215886e-11,3.988162023028015e-11,-2.043000813634042e-10,-1.3202853484794008e-11,-2.0766244528787735e-10,1.0782783355115299e-10,1.0004974386174364e-10,-2.304028318805517e-11,2.20349855667954e-11,1.1025820014008358e-10,-1.0838487462566943e-10,1.8070395110486786e-10,1.265450037975429e-10,2.5408342531358885e-10,1.752606974071519e-10,-1.2478751558716693e-10,1.1991651255983546e-10,-2.2198619470220441e-10,5.227486312929175e-11,-5.0998108831888464e-11,2.211700644516064e-11,3.086027607860121e-11,-1.9498530903907254e-10,2.5642651744725634e-11,-1.131937853582354e-10,-1.909284707737975e-10,-2.4823978285429282e-11,-1.248420596767271e-10,4.273700132748358e-11,-7.944627961653563e-12,2.407776865040217e-10,-1.3029773845047924e-11,-5.7086269789948694e-11,5.2357926351798576e-11
window_p15,1.744691879188945e-11,-2.7170575455939848e-11,-4.679669904845051e-11,9.372366644282266e-10,-4.4236017287578485e-10,1.1229043543648362e-10,-7.821087353330564e-11,3.439770271024856e-10,-2.718844726589937e-10,1.1898148043163493e-10,-6.423303269515468e-11,-3.296768003681016e-10,1.1732452580937532e-09,-4.0894392848046644e-10,1.6699655889795213e-10,-1.644402701931752e-10,1.1859211684118445e-10,-1.8991424309183656e-10,-3.11702742794311e-11,4.687680807010081e-11,-2.9067716873127935e-10,1.4354575001987053e-09,-3.469931609383288e-10,6.43136907744802e-10,-2.1068794791416502e-10,-5.2871269556339504e-11,1.9479016601095247e-12,1.5084775731506303e-10,1.8470679694463683e-10,-4.858215623048203e-10,1.2111160180542682e-09,-6.095906592109919e-10,6.406811572772294e-10,4.5588697798592455e-10,2.1198906381900677e-10,-2.734148579432513e-10,1.0443507376969947e-10,4.776211010247936e-11,-2.684211959852636e-10,1.0822360532682865e-09,-1.905487300097629e-10,6.03183384917708e-10,6.369104207899308e-11,-2.0338540968803425e-11,-1.276272767093984e-10,1.2763573502673418e-10,1.327299277324684e-10,2.198720372403635e-11,6.142212076345232e-11,8.298815476432887e-11,2.6715346329091304e-11,2.0398249729686702e-10,1.555146515290686e-11,-1.1627114444974136e-10,-1.353875568037833e-10,-1.8483626334990528e-10,-7.313069960803828e-11,-5.860322433123123e-11,2.8841405469458146e-10,-6.188539042421462e-11,2.4924081122402067e-10,1.0782224424434593e-10,-1.3175569284132335e-10,-1.987179535832487e-10,9.131203217712256e-11,4.5214261728637076e-11,-1.8421982743128072e-10,1.0824084281703354e-10,-2.1297017777461203e-10,-1.5029987731757965e-10,-9.396606871488865e-11,3.302659440203652e-11,1.2914634738032343e-10,2.0295830753889987e-10,1.1872279364167986e-11,1.9105289007816033e-11,-1.1639517570913559e-10,8.95567597638417e-11,-6.684343751721369e-11,-2.7402739721353885e-10,3.8639222294109655e-11,-2.6467211938123665e-10,-3.041171884028419e-12,-3.353508343235826e-12,1.047454594387952e-10,1.0318111120415413e-10,3.134435946812379e-11,6.341566659389246e-11,-2.8155317552370976e-10,-8.678378079444312e-11,1.1454319876721803e-10,2.7746661256763873e-11,-9.303370479537602e-11,8.341289431357257e-11,-2.6118712630908944e-10,-9.077214989725292e-11,2.600870858783252e-11,4.564972454502079e-11,1.7324726889810667e-10,1.8167015904264744e-10,5.823756516804753e-11,3.659082461718765e-11,7.368394391976985e-11,1.677626349031817e-10,-1.52254478844197e-10,-8.223076671140398e-11,4.1337356200439855e-11,-1.7770098927353184e-10,3.390446721356748e-11,-4.6478983498963344e-11,1.263482478535872e-10,1.7949705215917786e-10,-3.861785026003632e-10,3.4742681472991104e-10,8.609695171871725e-11,2.875797139393128e-10,-2.880750109187351e-11,8.100332833037663e-11,-1.7289524808736856e-10,1.1589479308318678e-10,9.110348593924703e-11,-9.384068234499859e-11,4.186969056993499e-10,1.3768234584871242e-10,1.7379890685103925e-10,-6.488720293742749e-11,3.121186143238428e-10,-1.5147279199181872e-10,-6.376870858665155e-11,-7.676404351468366e-11,3.6942134988435216e-10,-1.53546398128598e-09,8.246767079041352e-11,-2.646536685173432e-10,1.572286087123746e-10,3.766373236463244e-11,1.9321641465004277e-10,-5.920039975499234e-11,1.4299294634922844e-10,1.8690460589285623e-10,6.924846187567109e-12,2.407548539082999e-11,-4.0627234926198926e-11,1.0358186526452727e-10,-7.03757836707099e-11,4.200145587585687e-12,-1.0200231734022532e-11,-1.6413635933294215e-10,-5.729274691991716e-11,1.0279247614498834e-11,1.925579428887364e-10,1.7555008115208638e-10,9.530395027383666e-11,-5.1581647792438095e-11,-5.577084312394501e-11,-2.10305410116092e-10,-6.523961946934743e-12,-1.3361379502732415e-10,-2.989293088045522e-11,4.100575874681809e-11,-2.2112792213156366e-10,2.4161708415636636e-11,-1.682537414655119e-11,-1.3972277780620458e-10,-3.797463965422954e-11,-8.024734227216322e-11,3.035280471636524e-12,3.917009582741032e-11,8.919251506671012e-11,-1.1003231297555816e-10,4.463500706975853e-11,9.938941497792228e-11,-1.3029773845047407e-11,1.6612876200888914e-10,3.334512205656288e-11,2.4811360636300155e-11
window_p16,-1.2080299993963598e-11,-5.534306101428772e-11,1.6452346005030664e-10,4.679621026847412e-10,-2.1259267041152658e-10,2.9149678565660597e-10,-3.372708257601424e-11,1.7880657665256955e-10,-1.5561569719186927e-10,-5.483262629445422e-12,-8.501809483599865e-11,-2.032115521926103e-11,5.432959796984319e-10,-5.333463252881248e-10,3.338250035390333e-10,-4.086213653018929e-11,1.2482195966114423e-11,-1.7777563691122102e-10,-5.980791469405704e-11,-2.955554061497782e-11,-6.722542244300236e-11,6.686033710303279e-10,-4.5619140574199684e-10,6.04790565027321e-10,-1.438801137613384e-10,-3.257714157909377e-11,-8.500579634346342e-11,-3.081148908310632e-11,2.354012241624177e-11,-2.574332684422787e-10,4.2303499070219645e-10,-4.1299491833956224e-10,3.686196462224753e-10,1.5423918699404994e-10,3.032366563165359e-12,-2.0419154883624334e-10,7.729011857378886e-13,-6.581507475151116e-11,-9.819691379687671e-11,3.0723175659231533e-10,-5.427371226132502e-10,2.787904904564092e-10,-3.899415311445367e-11,-1.684229536133878e-12,-1.9431593384433094e-10,6.588614070009568e-11,-3.879063015852174e-12,-1.2671465746048176e-11,1.2908979925103414e-11,5.344165965951101e-12,-5.3852067285131346e-11,6.124841220231519e-11,-2.556618056937594e-12,-7.727033335360036e-11,2.3656058749772962e-11,-3.786768183531216e-12,-1.0212132001659526e-10,-6.813874466682295e-12,2.7841868708759184e-10,-9.848923646542545e-11,1.4339213712583442e-11,1.573635246490782e-11,-6.790554710393682e-11,-1.3090752190797235e-10,-7.139170336555388e-11,6.153138473916629e-11,-9.747717731185141e-11,8.746488301701418e-11,-2.8353734240609923e-11,-1.2001218018434893e-10,-2.6477818884354644e-11,3.854049777572911e-11,3.4789502844220385e-11,4.7515695838252196e-11,1.1027850005149481e-11,6.214808141716787e-11,-9.213880400881296e-11,-9.18798765269492e-12,-2.310378531072612e-11,-1.9751477330764437e-10,9.23968550239291e-11,-7.646265211081514e-11,-7.831127950135822e-11,2.610149970217541e-11,3.313408013677323e-11,1.099423392303947e-11,5.5710416406802516e-11,-5.312545760939645e-11,-2.0232880853627804e-10,-1.0157390522891716e-10,1.716682596368483e-11,2.6988111670996373e-11,-2.4633766669955973e-11,4.585042620184415e-11,-2.2115030807640613e-11,-1.4191281150774727e-10,6.0215272905846726e-12,1.4759428041377825e-10,6.399182560718779e-12,1.3783610139722059e-10,6.701574893620532e-11,-2.969205313476433e-11,2.0738747571437368e-11,6.230142833773542e-11,-2.6303305879747783e-11,-4.78357158719108e-11,5.89622262679595e-11,-4.486824620456945e-11,-8.426698362802547e-11,3.399492850125834e-12,-4.7511243199873396e-11,-1.947790911029095e-11,-1.1047398342006374e-10,-1.5972713335546383e-10,1.2528162421173974e-10,1.1531061992870425e-10,1.9498948866076804e-11,1.3674870156978316e-10,-1.667998815727078e-10,2.3427938315715158e-11,1.2506616119935407e-12,4.590310384921312e-11,2.4889170196452276e-10,-2.4057577291498007e-10,-4.119790368744527e-11,-4.129045115258612e-11,1.332009385955786e-10,-2.1647685588534535e-10,4.5834328583958515e-11,3.788675068875597e-11,1.1600182375087882e-10,-7.299066533291656e-10,2.3089123142961037e-10,-2.6081383511495766e-10,1.601473948940121e-10,2.275265729250737e-11,1.7024895929804308e-10,7.120823585560909e-11,4.147409604776707e-11,5.735414733171583e-11,-8.537338337200816e-11,1.1759853408116063e-11,-2.981622474275526e-11,6.296227420504672e-11,4.035190580716911e-11,-5.407527225215076e-11,1.9199295057950638e-11,-1.0860657040940599e-10,-9.348916825518229e-11,2.873168686563949e-11,1.913860132401492e-10,1.1692058017473342e-11,-1.3730838851097614e-11,-4.371535716112427e-11,-3.2053901993782515e-11,-2.407292899340254e-10,-1.1482344781443734e-10,7.889874164958708e-12,-1.1483982098131576e-10,7.074858848985302e-11,-8.537388667376727e-11,-3.9870105375230674e-11,-3.401012020242995e-12,-1.5755777278013177e-10,8.216797665255748e-11,-3.4498583821567116e-12,3.3325168123472305e-11,7.877904190720838e-11,1.1074111158214923e-10,-4.788799318061793e-12,-5.8903389327500445e-12,7.078342469020807e-11,-5.708626978994891e-11,3.334512205656409e-11,9.495997648772488e-11,-1.3233705363249693e-11
window_p17,2.8453426218026482e-11,5.939707749561975e-11,-7.215108439131327e-11,2.9894813350700905e-10,4.882311490125593e-11,-2.7017144403860672e-11,2.6936998721217582e-11,-1.0586688953556556e-10,-1.510211915285493e-10,1.2632053817474805e-10,-9.709992455062554e-12,-1.298526751883497e-10,2.873316999196857e-10,3.2380609369460603e-10,9.176821723712139e-11,-7.108915966370554e-11,-1.1447010286440281e-11,2.094098343097951e-10,9.032049390646693e-12,-3.581387391659423e-11,-1.0400149708467235e-10,5.321100772901366e-10,2.1388549663462929e-10,-5.7687682515574305e-11,-1.1264822327637797e-10,-7.12112245796539e-11,6.422070493254095e-11,1.1240579361979604e-10,2.7178970808909565e-12,-8.448246420227136e-11,4.676909348869149e-10,4.813625993776901e-11,1.3915069066112486e-10,2.1516407366858922e-11,1.4630207233647552e-10,-3.085486666022224e-11,6.6052644944155e-11,-2.997019064218926e-11,-3.672348027659852e-11,5.444583567536368e-10,2.6375010942970515e-10,2.2188332716789497e-10,-7.08508470347821e-11,1.1765574620717126e-11,1.7693549336361768e-10,-1.1140645932610066e-10,-1.277837279913848e-11,1.0813387490436043e-10,-3.848849682432145e-11,2.4741079598758738e-11,4.219200998408302e-11,8.802165089024811e-11,4.5019824555955106e-11,-1.0077605820890428e-10,-1.2252648568740365e-10,-3.713714433906474e-11,1.1990500489421651e-11,-8.815844967981555e-11,7.648156421890061e-11,1.9883318519005114e-11,4.576718995380136e-11,-8.647600460405178e-11,4.460969675295657e-11,-1.9444913229488668e-11,1.7907304456671742e-10,-5.013637649063628e-12,3.811892858318701e-11,-4.8043264574316824e-11,-7.435288892649285e-11,-2.232966760850123e-11,-1.4916209269865445e-10,-4.3926940288993947e-11,1.303173970005363e-10,9.228122369201406e-11,-6.050989673950614e-12,9.181610090203704e-11,-8.402739396792833e-11,1.3370411956097737e-10,-2.4697470914606953e-11,-2.6168094545815564e-11,-6.573206942506045e-11,-6.140046933848947e-12,-2.1890975004670664e-11,-1.3223430783383296e-10,9.742400272454516e-11,6.877073929418061e-11,-7.573382908811927e-11,-5.4791188297818476e-11,7.093122870045166e-12,4.7311671289062244e-11,1.2298922072864362e-10,4.844138493180384e-11,-6.836360509640414e-11,-1.3341588751324783e-11,-9.21787018472757e-11,2.1648779723535745e-11,-2.9074714369638042e-11,5.991403661013922e-11,6.139912516736902e-11,5.764941922321785e-12,-7.396389712528318e-11,9.562335607203832e-11,-3.5756300064239594e-11,8.043226890972074e-11,-7.651238513082193e-11,-8.497268603710072e-11,-1.490728489980701e-12,2.320403952798182e-12,5.1673031057021986e-11,-1.5083275230415183e-10,1.1486006207612043e-10,1.6403103463132768e-11,9.745297475555973e-11,5.152145774287351e-10,1.3672196330668657e-10,1.9033207309705776e-10,-1.2595741263510057e-10,-1.3129153656473404e-10,-6.91351213116469e-11,4.0622294909851955e-11,6.798847377779861e-11,4.2609753525345284e-11,3.0864735109789247e-10,4.206689644518663e-10,1.0893103000000506e-10,-2.0766961500147386e-10,-7.965555298592458e-12,5.2833793895084e-11,-6.087583832448556e-11,-2.0960784966863014e-11,-1.7679759669271157e-12,-4.1454791849671325e-10,-2.900482842643899e-10,-1.0966575645200016e-11,2.8445718643641664e-11,8.1831099515615e-11,-3.835868973251689e-11,-2.5199412094571237e-11,6.320702362699139e-11,-1.4060122419620935e-11,1.0811704926238617e-10,4.88965676764135e-12,5.3236366194631176e-11,1.0594779182549504e-10,-8.18371792361959e-11,-6.90412393260776e-12,3.0475997853578703e-12,-1.1446852287822071e-11,2.8739888259844416e-11,-5.7925300742250905e-11,-9.855713065548873e-11,3.142502966791516e-11,4.986884590848061e-13,-2.873479114541012e-11,8.553326989910224e-11,8.25310686685542e-11,1.248024451341504e-10,-8.348417357758603e-11,1.0317476090090748e-10,1.58822633529132e-11,-3.348598057696923e-11,3.219925738474592e-12,-1.2751368118113568e-10,5.026876322588543e-11,-4.685116600901163e-11,-3.68026438015262e-11,2.0679419009295562e-11,-9.13195693682367e-11,-3.2253997552731125e-11,-1.0670256415597549e-10,1.4198313159783222e-11,2.053854717073999e-11,5.2357926351798615e-11,2.4811360636300013e-11,-1.3233705363249867e-11,1.0439284553824563e-10
