,treat_m4,treat_m3,treat_m2,treat_m1,treat_p0,treat_p1,treat_p2,treat_p3,treat_p4,L4treat_m4,L4treat_m3,L4treat_m2,L4treat_m1,L4treat_p0,L4treat_p1,L4treat_p2,L4treat_p3,L4treat_p4,L8treat_m4,L8treat_m3,L8treat_m2,L8treat_m1,L8treat_p0,L8treat_p1,L8treat_p2,L8treat_p3,L8treat_p4,L12treat_m4,L12treat_m3,L12treat_m2,L12treat_m1,L12treat_p0,L12treat_p1,L12treat_p2,L12treat_p3,L12treat_p4,L16treat_m4,L16treat_m3,L16treat_m2,L16treat_m1,L16treat_p0,L16treat_p1,L16treat_p2,L16treat_p3,L16treat_p4,treat_p5,treat_p6,treat_p7,treat_p8,treat_p9,treat_p10,treat_p11,treat_p12,treat_p13,treat_p14,treat_p15,treat_p16,treat_p17,L4treat_p5,L4treat_p6,L4treat_p7,L4treat_p8,L4treat_p9,L4treat_p10,L4treat_p11,L4treat_p12,L4treat_p13,L4treat_p14,L4treat_p15,L4treat_p16,L4treat_p17,L8treat_p5,L8treat_p6,L8treat_p7,L8treat_p8,L8treat_p9,L8treat_p10,L8treat_p11,L8treat_p12,L8treat_p13,L8treat_p14,L8treat_p15,L8treat_p16,L8treat_p17,L12treat_p5,L12treat_p6,L12treat_p7,L12treat_p8,L12treat_p9,L12treat_p10,L12treat_p11,L12treat_p12,L12treat_p13,L12treat_p14,L12treat_p15,L12treat_p16,L12treat_p17,L16treat_p5,L16treat_p6,L16treat_p7,L16treat_p8,L16treat_p9,L16treat_p10,L16treat_p11,L16treat_p12,L16treat_p13,L16treat_p14,L16treat_p15,L16treat_p16,L16treat_p17,F12treat_m4,F12treat_m3,F12treat_m2,F12treat_m1,F12treat_p0,F12treat_p1,F12treat_p2,F12treat_p3,F12treat_p4,F8treat_m4,F8treat_m3,F8treat_m2,F8treat_m1,F8treat_p0,F8treat_p1,F8treat_p2,F8treat_p3,F8treat_p4,window_m4,window_m3,window_m2,window_m1,window_p0,window_p1,window_p2,window_p3,window_p4,F12treat_p5,F12treat_p6,F12treat_p7,F12treat_p8,F12treat_p9,F12treat_p10,F12treat_p11,F12treat_p12,F12treat_p13,F12treat_p14,F12treat_p15,F12treat_p16,F12treat_p17,F8treat_p5,F8treat_p6,F8treat_p7,F8treat_p8,F8treat_p9,F8treat_p10,F8treat_p11,F8treat_p12,F8treat_p13,F8treat_p14,F8treat_p15,F8treat_p16,F8treat_p17,window_p5,window_p6,window_p7,window_p8,window_p9,window_p10,window_p11,window_p12,window_p13,window_p14,window_p15,window_p16,window_p17
treat_m4,1.8848791228713226e-09,6.667381727610807e-10,9.282671827988098e-10,5.568733261278825e-09,-3.777729921159582e-09,-6.330054692276563e-11,1.974024180540532e-09,-1.74796611319256e-10,4.257950469555331e-10,1.8689915083903327e-09,-1.1780055568295958e-09,-1.3409231749015568e-09,7.76211773868063e-09,-3.527984663749963e-09,-3.333562666911573e-10,-2.2777658761687495e-10,1.338705573281237e-09,-2.548520697281753e-10,2.6289593618075985e-09,-5.209862722686973e-11,1.232165582800127e-09,4.458942578339526e-09,-1.8476759768651307e-09,1.1093319140177198e-09,-1.749880625469947e-09,2.197852281295331e-09,2.572274008753232e-10,2.706232391054199e-09,1.526387635383634e-09,1.0916198938886905e-09,5.692614769141978e-09,-1.68425249779936e-09,2.378295682744005e-09,1.1040138001846294e-09,-7.164018983991633e-10,-1.7866528037319545e-09,1.7108393238630897e-09,1.9952346746909382e-09,5.651676749970674e-10,2.376377026668113e-09,-2.4970779474104763e-09,3.90175148837719e-09,4.305934681891571e-10,5.333959947697656e-10,-1.2768572818471054e-09,-2.3669853489807415e-09,-7.228708961519115e-10,-1.7101423777141235e-09,-1.3809686363042761e-09,-2.468231729595106e-10,-2.5662972184712712e-11,1.091924335005929e-09,-1.6932984504823333e-11,1.0758944710610828e-09,-5.291294018331674e-10,5.833572759159124e-10,5.431974084163078e-10,-7.181641023308906e-10,-2.466085015273025e-09,8.439318901956594e-10,-7.120722295326477e-10,-2.301587895798187e-09,9.164701084391824e-10,-5.359944705639247e-10,2.856087924034506e-10,6.118363267937796e-10,-1.0457033424180297e-09,-1.0588314524143026e-09,7.827248515892988e-10,1.279770597364366e-10,-5.235087700568429e-10,-1.9858282896042176e-09,3.990170970847841e-10,-2.6492183541103767e-09,-1.9189321464337638e-09,1.4118566807323359e-09,-1.0124555148916178e-09,-2.4514728819176887e-11,-3.5853866687808415e-10,-9.956496762858403e-10,5.035899849349412e-10,-9.124399663876322e-11,-9.705357697632285e-11,-1.2920955887690218e-10,-3.1280550542402363e-09,-9.118412868272423e-10,-1.6987836366958271e-09,-1.7004446105762672e-09,6.549679755061764e-10,-1.66667126249662e-09,-6.664474483489676e-11,8.766268722220472e-10,-3.487410497764277e-10,-1.7081379981760846e-09,8.015124709740872e-10,-6.620808113214787e-10,-1.2690023789956579e-09,-2.6667441493283243e-09,1.2454840999872273e-10,-2.5845212030950212e-09,-1.2822840399358669e-09,-8.731434115879976e-10,-8.161314268194052e-10,3.188275389040049e-09,-1.7667290820363803e-09,1.3762966672112615e-10,-9.922622780373114e-10,-1.6306914204947728e-11,-2.2424749953060053e-11,-1.8737771524257876e-10,5.938450079505148e-10,5.135915906624625e-10,4.115974330002868e-10,1.553657524881341e-09,-2.7659600052301397e-10,-9.046260085060134e-10,3.384921897482575e-10,1.8201088795055425e-09,-5.296206688114487e-10,7.443378507465151e-10,-7.338047578538518e-10,-1.2493413891857558e-09,4.563168218326644e-09,-1.1424858942951247e-09,-1.6140504845743814e-10,1.0618501199013814e-09,4.3024209920640773e-10,1.6085569108895276e-10,-7.835298901072842e-10,1.251929353087882e-10,5.337171795007013e-10,-7.3812869685885124e-09,1.2598664544089523e-09,-1.3450031500039541e-09,-1.2480837678987898e-10,-3.12447460582881e-10,8.779910750993545e-10,-1.1014190781729428e-09,1.4176893130726264e-09,-5.741326910899341e-10,-3.242002328529308e-10,1.4231661539907177e-09,-2.916506987529998e-10,1.5911288340086815e-09,1.5596507265411013e-10,-7.732656622644078e-10,-3.2916746895189764e-11,4.5994963447120807e-10,-4.3979872036182845e-10,3.105846048947464e-10,-2.013358760792237e-10,-1.1540585726823044e-10,-2.1223980385658566e-09,-8.113904668539358e-10,-4.2558339634283765e-11,-1.208977220158339e-09,1.0908190578928394e-09,-6.979674477557934e-10,1.985600498270267e-11,2.4626205474399864e-12,4.193153128628031e-10,-3.98414054239093e-10,2.716776518079002e-10,2.059052558551799e-09,7.226751985393825e-10,2.393293614514888e-09,1.883323194822876e-09,2.9678991715303305e-10,1.3862672098108484e-09,4.596492275557657e-10,8.854241745373961e-10,8.122686385444406e-10,8.002534550299868e-10,-4.4095995244184976e-10,2.6207061789210643e-10,6.386067627758103e-10
treat_m3,6.667381727610908e-10,1.1439448464823462e-09,2.4258743775005382e-09,6.937600006008664e-09,-6.822899296833383e-09,-1.8272297452737491e-09,9.747955191557576e-10,3.058862782868771e-10,-1.3682827287027046e-10,4.654253027719383e-10,-2.266526556109878e-11,-5.038626861211043e-10,7.392075829068364e-09,-4.649406941894018e-09,-1.9969501164777793e-09,5.809445187780561e-10,7.274149548379101e-10,-1.1813159906456823e-10,7.308181616427951e-10,9.916058297979184e-10,1.9999455721853957e-09,6.97026009165448e-09,-3.2650891999257213e-09,3.4806330220928785e-10,-2.816205781538621e-10,2.0988311571218318e-09,2.830544998443199e-10,1.589095450459534e-09,2.2474448263825664e-09,5.871026250391526e-12,7.449473200768917e-09,-4.02235612445489e-09,7.67578704935842e-10,1.4772162158699696e-09,-3.2664637044440445e-10,-1.4916032617372277e-09,1.0737971793613262e-09,1.926654590526696e-09,-2.8378235328645723e-10,5.023566713020931e-09,-3.411144059804031e-09,3.19003435916274e-09,1.5437783057700665e-09,1.3250723401728498e-10,-5.324691772464981e-10,-7.438673462421266e-10,-3.45698229736918e-10,-2.041644159568602e-09,-1.6959072027255332e-09,2.2377802463254977e-10,-6.531124031208384e-10,2.615927881978959e-10,-2.7453230229713515e-10,6.769625707218349e-10,-3.347160240312542e-10,3.253868294503216e-10,1.9063321957069444e-10,-1.6115588601383977e-10,2.6274769447572514e-10,4.935493998244781e-10,2.7226608730413217e-11,-8.329012446359082e-10,1.6814154534530412e-09,-7.148359442642382e-10,-3.861664820310285e-10,5.372963687804257e-10,-1.7341311810650347e-09,-6.656263423805973e-10,1.0381355746936732e-10,-1.5898483631912566e-10,-1.0905187493986392e-10,6.805610774500559e-10,8.918756009376932e-10,-2.178476803051099e-09,-1.201382528497055e-09,1.3805511131016441e-09,9.072304350221386e-10,-1.1414442258347661e-09,-4.819575503876713e-10,-2.339553043687892e-09,5.468399507476143e-10,1.7352097570997606e-10,-6.178604709007086e-10,2.1652003177841003e-10,-5.5002902510459805e-11,-8.402297495143137e-11,-1.6039526827139713e-09,-3.091784420421661e-10,1.6306598165035432e-09,-1.125473963587312e-09,9.464323445739734e-11,7.279955460283821e-10,-8.198737082406496e-10,-9.74731414240904e-10,-1.2318178682636707e-10,-9.802494718612876e-10,-8.53535522236702e-10,1.0360631070083432e-09,5.148399481248133e-10,-2.483993672122982e-09,-1.7251709492768082e-09,2.2985590823995786e-11,-9.490188713833554e-10,1.5071219968824389e-09,-1.6569923817517832e-09,5.454952633378678e-10,-3.6102899672967976e-10,2.598705174909912e-10,-5.391566186184793e-10,1.961684628735373e-11,6.268678485112839e-10,1.3981523916352574e-09,1.2108100254697e-09,1.7341887485013586e-09,8.740952225641708e-10,-2.0780392485604044e-09,-8.004089072839341e-10,1.9694936940397688e-10,-1.1653608070713872e-10,5.917000776550652e-10,8.165228954351705e-11,-2.730414141380236e-10,2.556808570451575e-09,-1.0070331816120984e-09,-5.36286116987712e-10,3.2090099183238136e-10,-4.470951275237228e-10,2.701375834960276e-10,-5.80879103866502e-10,-3.544817695830846e-10,-1.0486206794411936e-11,-1.0081754572036752e-08,2.941006405597028e-09,1.2467063762429375e-09,1.0595422492192649e-09,9.98500974704024e-10,1.6546604014199236e-09,-6.424242770852839e-11,1.6792643733081107e-10,-1.1732226903504036e-09,-1.9755879979118582e-10,9.008317662229735e-10,-1.0202158234272748e-09,5.172552079272962e-10,-1.0773578225228742e-11,-9.441129380417269e-10,-4.830967706179041e-11,-2.1294592779633376e-10,-2.23446071715056e-10,2.2788079354181434e-10,-2.1398603111731186e-10,-3.657727449552736e-10,-1.7878178693185878e-09,-9.75437097092045e-10,3.104065310179798e-10,-1.7764716780619758e-09,-1.4606778340909283e-10,-2.6922806345745516e-10,-5.452528710574246e-10,-7.318835374381375e-10,-4.137850286300134e-10,-1.4408506803660412e-10,4.1800365726784004e-10,1.1262649562122372e-09,1.3201699657082142e-09,2.717016187680458e-09,1.8110495220265925e-09,1.0905875863432786e-10,1.7811437929115476e-09,1.1323209094172202e-09,6.871179208520526e-10,7.815989732120876e-10,5.625102471352641e-10,2.0837660074090786e-10,5.127065707280203e-10,4.5623987721049127e-10
treat_m2,9.282671827987604e-10,2.4258743775002628e-09,3.595692202811046e-08,4.698773482692651e-08,-7.839402723699963e-08,-2.0958958940451393e-08,4.42242722316741e-09,5.4041292902279925e-09,-8.839990238831102e-10,1.7138703145604495e-09,-1.9855971652599816e-09,1.3660105687786257e-08,6.186563061081538e-08,-4.940650701742453e-08,-1.5917738809377995e-08,-6.842753965615825e-09,9.24279431987289e-09,2.0239024958700117e-09,2.481386260271311e-09,2.092973798784677e-09,2.732838257318257e-08,5.3136336807031685e-08,-5.3932862539874627e-08,8.081518382498155e-09,-9.921498992395955e-09,1.579866602706956e-08,4.138110149312562e-09,8.984054288517337e-09,1.3648063324154709e-08,1.4155206080359105e-08,6.698513611047837e-08,-4.3024714139973774e-08,1.53469537487775e-08,3.2462618020742295e-09,2.1487637091699843e-09,-5.319859417607873e-09,4.396016248047214e-09,1.291653369098564e-08,7.464242253002626e-09,4.39774150090646e-08,-3.6046562046700974e-08,1.9086469964818567e-08,1.36014536403375e-08,4.201885208200922e-09,-3.62232960336e-09,-9.405470959445293e-09,6.299723466442215e-09,-1.0907858648825497e-08,-1.522446460397866e-08,7.657407538555723e-09,-1.9839388219170194e-09,1.9666415252770433e-09,5.611259664991659e-09,-3.413991922628208e-09,8.190368290389641e-09,1.7394795405922644e-10,1.0514782207126038e-09,-2.840052728128853e-10,1.0487819739265279e-08,6.95077446145266e-09,-5.933197676421623e-10,-8.452877759590791e-09,1.5914132830824395e-08,-3.5967176712452366e-09,-2.614858372890617e-09,5.158171886332098e-09,-1.6849555313119436e-08,7.52557200707332e-10,2.1429011359986398e-09,-7.469111511289756e-09,-1.5654048434544082e-09,7.2482361262433395e-09,2.211021911113442e-08,-9.536310772336764e-09,-9.552615692372685e-09,1.722261987345352e-08,3.808345269848174e-09,-1.075941138777314e-08,1.4801680020203453e-09,-2.2538294409370677e-08,1.5071287154129297e-08,-4.732753089073425e-09,-5.408805467678565e-09,1.3180898746921663e-09,-7.594351045662073e-09,8.768319497401659e-09,-1.513944081463753e-08,-6.028269750122858e-09,1.2783234785594181e-08,-1.1088403728157211e-08,2.148766604109841e-09,3.5915210269865184e-09,-1.0249265255016954e-08,-1.4283262881029212e-09,-2.1760167772127147e-09,-7.207553407233599e-09,-1.0360448490346983e-08,3.752019654037958e-09,1.3973935539055838e-08,-1.5775527661719903e-08,-1.1821563193361966e-08,1.0476128844977236e-08,-7.543161406757176e-09,1.0107182279164175e-08,-4.70036142023815e-09,4.866621346196484e-09,-3.755009420320495e-09,2.3236105527791351e-10,-6.832017815817224e-09,-3.936445379274581e-09,3.0550387065741096e-09,1.1530638098755902e-08,1.8244043532120743e-08,1.5129074662915192e-08,1.1106361734205832e-08,1.4759269275072494e-10,-1.0823606863405002e-09,7.589801262367069e-09,1.2861364923859282e-09,3.315100611617203e-09,1.8279813354191661e-09,1.359371662027074e-08,1.7421856592366585e-08,-2.5850508300322436e-09,2.05330041929633e-09,-2.121208614307818e-09,4.349342366539283e-09,3.8759278121134457e-10,-5.393724457144235e-10,7.658715501639018e-10,-4.839387622457462e-09,-8.605543546406713e-08,2.3638713538989844e-08,6.728055335839156e-09,1.2204398447487513e-08,6.740637326747705e-09,1.18298105813122e-08,1.6650877207615683e-09,2.9483116964518152e-09,-1.2806269164904924e-08,-4.321361666338791e-09,2.2941704738517954e-09,-7.399808213210034e-09,3.5619946928108057e-09,-1.130115917915706e-10,-1.2922831601479947e-08,3.893314804325965e-09,-6.616360161390707e-09,-3.131954961953215e-09,-1.714660785851419e-10,3.931897773958859e-09,-1.1816296307996874e-09,-8.698888441514095e-09,-1.4127723623527841e-08,1.990536890685768e-09,-1.210391331051926e-08,-5.007006102098068e-09,8.64023064847145e-11,-5.4674860411824405e-09,-3.0856220546387865e-09,-8.197986825334753e-09,-3.7309185507985355e-09,1.1843124230852688e-09,8.35745303759648e-09,5.385400599275042e-09,2.0245287847650473e-08,1.747028967323e-08,2.30151646603694e-10,1.5046444547585827e-08,1.0490645382040692e-08,4.050876052342584e-09,1.0129837885643774e-08,1.109644258686051e-09,5.633350200824672e-09,7.907091623394177e-09,6.049942999414781e-09
treat_m1,5.5687332612787825e-09,6.937600006007866e-09,4.698773482692678e-08,1.2429621930381994e-07,-1.3761008672596552e-07,-3.800677045690333e-08,1.1137772484270102e-08,7.351273788679441e-09,-4.9428892217397394e-09,8.495659760963728e-09,-3.858614868589009e-09,-6.987014744639612e-10,1.4832249964837922e-07,-8.594432243277189e-08,-4.184368384378843e-08,-9.25080732505074e-09,2.048336228170012e-08,-2.3604143421774558e-09,9.974750915796316e-09,6.784232619290579e-09,3.963437139924669e-08,1.3854073953927152e-07,-8.694928408748117e-08,5.84841756564712e-09,-1.233793684544881e-08,3.667890876228791e-08,4.327349542657145e-09,2.3415321104299807e-08,2.9600516192378056e-08,7.3585717406831636e-09,1.6135121881603376e-07,-8.559368139587821e-08,2.0840916490334113e-08,1.287242263800089e-08,7.32146363907997e-10,-2.1047115519447716e-08,1.3238711405607012e-08,2.8256162694129174e-08,-1.2629611176409572e-09,1.060024258036317e-07,-7.359535219677107e-08,4.034994626005468e-08,3.278102889089272e-08,9.866073648083962e-09,-1.3235944356994184e-08,-1.5672843147364136e-08,8.301800409247434e-09,-2.982720802086514e-08,-2.540307217213613e-08,5.75237879648994e-09,-7.938304690126148e-09,7.279184082636602e-09,7.361843593591448e-09,-3.144674897330637e-09,7.227143171963056e-09,1.188144684110411e-08,8.168011858998986e-09,-3.728266117489772e-09,1.2598384490281569e-08,9.479584479767013e-09,2.5231516484277716e-09,-1.106268665851441e-08,2.9432076348619805e-08,-1.2596495369397594e-08,-3.2326724206962948e-09,1.5492611631362725e-08,-3.360489086599527e-08,-4.994117585411961e-09,6.888133688003106e-09,-9.320786876884098e-09,-4.0511061106645825e-09,5.3763092274071255e-09,3.143583316492978e-08,-2.540048156934078e-08,-1.9906799639234298e-08,2.248749366290173e-08,6.675346909804168e-09,-1.7120464914140154e-08,1.3956468000423093e-09,-4.3923368713251386e-08,2.006615943979382e-08,1.5411506551415971e-09,-9.319595160881656e-09,-9.099634592597856e-10,-9.964236651675396e-09,8.659077461674016e-09,-3.017292418018349e-08,-4.344417166401913e-09,2.4738684537462733e-08,-2.270691936841122e-08,4.057473187429936e-09,9.023925138388646e-09,-2.3741245907438926e-08,-9.80961224078682e-09,5.944999897185793e-09,-1.3707217938677189e-08,-2.066055828451393e-08,8.698364618255838e-09,1.822665897183716e-08,-3.2183978532428154e-08,-2.082594191824866e-08,7.580629666003475e-09,-1.6397192541204015e-08,2.0475212072007595e-08,-1.2643746129318129e-08,1.1009875650259654e-08,-7.750018013769712e-09,3.8586933522837306e-09,-1.3919307241773771e-08,-7.011554393776169e-09,9.159775677206279e-09,2.0634274977068885e-08,2.5464063545689534e-08,4.9231818821443786e-08,1.076192161735102e-08,-1.0316748591388085e-08,-2.3071574466120706e-09,1.461393251432889e-08,-2.905546590960729e-09,9.269360715396524e-09,2.1028708025561656e-09,1.1816927344791432e-08,5.67304399169347e-08,-1.2743195085433076e-08,-7.6976108925131e-10,4.650487665433814e-09,5.03221059494288e-10,5.519315390253298e-10,-5.6866517285524125e-09,-7.705552701368605e-10,8.739980079832633e-10,-1.8994591046896007e-07,5.065233298690852e-08,2.1899965741256915e-08,2.361789627146931e-08,1.5038387181357486e-08,3.142905153648668e-08,-1.0769309578228427e-09,6.566137274631303e-09,-2.236654543554156e-08,-6.6595966920538725e-09,8.550635665812534e-09,-1.728229858483397e-08,9.961776241332652e-09,2.1108091495194927e-09,-1.801091700681135e-08,2.338029628532252e-09,-4.506511057987236e-09,-4.909491113968529e-09,-4.666787781090917e-10,-2.472493706258247e-09,-3.217267078774674e-09,-2.1234239582126024e-08,-2.509522512458165e-08,2.554818410340432e-10,-3.0533552378744843e-08,1.322145735860053e-09,-3.3101549670039487e-09,-1.4029394428897782e-08,-1.1903642757690463e-08,-8.93185589058127e-09,-6.497718981797508e-09,3.939503566836647e-09,2.2290904948091105e-08,1.4334056340136382e-08,4.205568163859249e-08,3.125685925758949e-08,2.6722593854113822e-09,2.8300042360793564e-08,1.3584416135808268e-08,6.1618056927873376e-09,1.709405600614858e-08,5.9944943771062175e-09,3.256165014131846e-09,1.0664065041181678e-08,8.025684462805235e-09
treat_p0,-3.777729921159606e-09,-6.822899296833577e-09,-7.839402723699889e-08,-1.3761008672596194e-07,2.2111471732330677e-07,5.457477471663239e-08,-9.495518181371652e-09,-1.2272741817604791e-08,-1.1661778009120042e-09,-5.74519279220585e-09,5.6264422093095585e-09,-1.9609812170818386e-08,-1.80064812250381e-07,1.4123955818506325e-07,4.823833037173352e-08,1.74477246611463e-08,-2.3660500836340237e-08,-1.1027874098206948e-08,-9.991758435951543e-09,-6.34415709576667e-09,-6.47125284140337e-08,-1.6554272282822663e-07,1.5513828837273307e-07,-1.5416013675092354e-08,2.3269364959897416e-08,-4.334511251975904e-08,-1.3231871280041731e-08,-2.5461941577341016e-08,-3.936037299170692e-08,-3.198428821395616e-08,-2.0249142720778885e-07,1.3705498202737967e-07,-3.169096859310097e-08,-1.3096851838691149e-08,-9.24443169227671e-10,1.0232924188298986e-08,-1.104632668523685e-08,-3.964221973737185e-08,-1.0633446960366245e-08,-1.2634528924160956e-07,1.1199243683765406e-07,-5.212784671915427e-08,-4.2217747346580005e-08,-1.1155754866191292e-08,6.123945193353042e-09,3.217740699628849e-08,-1.0449178342798699e-08,3.048136248068598e-08,3.9671990199749556e-08,-1.7275634317993342e-08,2.2776572954467654e-09,-9.35389266015737e-09,-1.0131071127740155e-08,7.959815268380537e-09,-1.9974453417641525e-08,-7.728233850099378e-09,-4.251912867652458e-09,-1.8459773356770948e-09,-2.0245655987637165e-08,-1.2268288239413861e-08,9.832118111973358e-10,2.4613632159008036e-08,-4.388025762018592e-08,1.0135666690747924e-08,1.4634336073826907e-09,-1.6520973224091848e-08,4.4154351735536805e-08,-4.053331164137304e-09,-7.0604815104692425e-09,1.8024650193029533e-08,9.099076258697593e-10,-6.7452020691171325e-09,-5.143370417433274e-08,2.8993072394280645e-08,2.3974298980014935e-08,-3.9378240087425864e-08,-6.546457780051486e-09,2.2397746977170416e-08,2.4148835671575264e-09,5.5285455607976114e-08,-3.8430638999367004e-08,7.851138277773672e-09,1.5219145770838802e-08,-6.432657894256601e-09,1.9783414818552472e-08,-1.683144758164195e-08,4.226786707652127e-08,1.1200988051335161e-08,-3.084825906292006e-08,2.684569067375131e-08,-1.3139533224500994e-08,-1.3220293277587149e-08,2.7015300351840417e-08,2.170893703523994e-09,-1.0164800550702321e-09,1.855740646313725e-08,2.7886497733625005e-08,-1.5168640318552007e-09,-3.727758328879402e-08,4.2530144161725e-08,2.7900239819259844e-08,-2.3248868155361843e-08,1.358121303804881e-08,-3.402230536005774e-08,1.6521146777413287e-08,-1.1738563905951406e-08,5.156874334830847e-09,-1.3097791300586833e-09,2.057383035065078e-08,9.689447897187995e-09,-7.737880289529354e-09,-2.985002870502811e-08,-3.998175812170044e-08,-5.013987957992047e-08,-4.823589895268582e-09,1.0009965812814765e-08,3.564836846966087e-09,-2.1316394277426375e-08,-2.8928030500106304e-09,-9.42466812135842e-09,-5.3591189621731126e-09,-2.16416306863305e-08,-5.677229518013067e-08,1.84360608812399e-08,-5.189517446404472e-10,1.0886889624816124e-09,-9.840995847998587e-09,-1.2345894491600984e-09,4.855471624419663e-10,2.6563468669246295e-09,2.571521518913357e-09,2.4351306785576485e-07,-7.065293757823002e-08,-2.0889973159626236e-08,-3.21703392852772e-08,-1.9955710071799168e-08,-3.245743806964902e-08,1.0759087197433976e-09,-5.3886241672561e-09,3.3499751625319855e-08,1.092487182473338e-08,-1.0311044350585151e-08,1.6191593470208135e-08,-1.4302774121938269e-08,-1.652032323428588e-09,2.9678662630913466e-08,-1.1017019731953087e-08,1.0188549835606333e-08,1.0035576498148424e-08,-3.6913874943816595e-09,-2.8195156557322285e-09,2.434420562805355e-09,2.6270189430913993e-08,3.398673321531711e-08,-5.209624307603192e-09,3.1211305641514936e-08,8.51059893422046e-09,3.769700294689574e-09,1.5665437647902203e-08,1.1867059607705514e-08,1.9060031831398387e-08,1.0786727772803079e-08,-8.293299634518966e-09,-2.6598079177431985e-08,-1.6043425028704312e-08,-5.473830256029825e-08,-4.5662598554913334e-08,-1.928312228072229e-09,-3.7008847454116444e-08,-2.2398627186577186e-08,-1.255888049136506e-08,-2.6666414505936417e-08,-3.4184564130013584e-09,-1.178809893317016e-08,-2.0759710391344682e-08,-1.1907778749108802e-08
treat_p1,-6.330054692273123e-11,-1.8272297452736927e-09,-2.0958958940451363e-08,-3.800677045690248e-08,5.4574774716632614e-08,2.7319490629250445e-08,-1.1397398077560991e-09,-5.594844613129253e-09,4.3518554761144676e-09,5.225666417736777e-10,-1.939221287570552e-09,-7.695914681019812e-09,-4.1996950901304717e-08,3.132831400030295e-08,2.433459328209981e-08,3.625395985738531e-09,-3.5598694019279655e-09,2.8808493226601338e-09,-1.4583623996226647e-09,-4.16624065738053e-09,-2.0781586180213798e-08,-4.360011000800054e-08,3.3357126338290486e-08,1.443817467680992e-08,1.0394144766272839e-08,-7.372630210052421e-09,5.0614101801184425e-09,-6.6290878254155975e-09,-1.0813180446670612e-08,-5.917271466647799e-09,-4.771143110529866e-08,2.9299967463470393e-08,5.898647548957556e-09,-1.3788747590847717e-09,-1.4873445243428703e-09,6.240581161896399e-09,-3.891767618616277e-09,-1.101822520398281e-08,-4.713261612291549e-09,-4.37329084513862e-08,2.358064873223261e-08,2.8989315099326463e-09,-7.333050498724175e-09,1.8256712475789209e-09,8.081225213804361e-09,3.4740162006243907e-09,-6.344360881197715e-09,1.0573885193036212e-08,9.9712404466817e-09,-4.5042051138787856e-09,1.5624653775280592e-09,-3.832185884217103e-09,-4.820924206611813e-09,1.3664716655685508e-09,-1.3971002005124416e-09,-3.597949081006348e-09,-3.367876809898414e-09,-5.188519536610135e-10,-6.979706440434305e-09,-3.1891496719802835e-09,2.64911201020712e-09,2.5311187430675927e-09,-1.3798047413967126e-08,4.605580880955942e-10,-2.509416944487469e-09,-3.95191883165617e-09,1.4318584994451323e-08,-1.0880805517923033e-09,-3.913543669806257e-09,5.927232050767203e-10,1.5661766268465964e-09,-3.947940438900431e-09,-1.419988178771193e-08,5.409996631548106e-09,7.684572467937578e-09,-8.641084850817624e-09,-6.220016244696897e-09,4.590268688644494e-09,-1.6116002086900983e-09,1.6437363749854677e-08,-6.893978345494309e-09,-1.7268504210466752e-09,-1.1541235958098513e-10,-8.194275843598955e-10,1.4906085777379023e-09,-7.280244501171647e-09,1.0448040299785138e-08,6.147232575002984e-09,-8.30915492853658e-09,4.164410398956292e-09,-5.383963331236237e-09,2.1455348113338599e-10,6.977671876336926e-09,1.781444302841118e-10,-2.240213061386233e-09,-1.627944381144002e-10,8.777718772837856e-09,-4.346601272974185e-09,-9.337918226463628e-09,9.800251419178756e-09,1.2920824200216595e-08,-6.836683898057538e-09,3.531703248194127e-09,-7.993098859370254e-09,4.3397970898034366e-09,-5.424043894989084e-09,2.562885217230117e-09,-4.456546310971189e-09,3.225265752069294e-09,4.7421088445166176e-09,-5.96845759985808e-09,-1.0818100919878242e-08,-9.424612232545147e-09,-1.674360920836562e-08,-4.637287803880557e-09,5.5069679272288955e-09,-1.5172545850689554e-09,-4.581771820893779e-09,1.135089657083524e-09,-4.6093334964937995e-09,-3.1499621165466463e-09,-7.472788013045477e-09,-8.476930624255883e-09,6.024747612734368e-09,9.637127331718418e-10,5.557804026776941e-10,3.865729247841816e-10,2.6491827616709053e-09,2.1642509702009063e-09,2.2086525969921416e-09,1.5721446185177742e-09,6.130084136970235e-08,-1.88969648697037e-08,-1.7129877530018633e-08,-1.003115685785599e-08,-5.9261424829137005e-09,-1.3779211346777949e-08,-5.9926520017086534e-09,-1.045678222280385e-09,1.1842316709288106e-08,3.90325920266354e-09,-1.990622257063813e-09,3.5123193603849543e-09,-1.7268728213361413e-09,1.1470313231384508e-09,6.776499903349934e-09,-4.987152385773413e-10,4.8323918393671705e-09,6.059048531532216e-10,1.9172132444764192e-10,-4.167321776154658e-09,4.4118953826589285e-10,2.8703339193648114e-09,1.2518060080524708e-08,-3.134550101815092e-09,6.4009946151951396e-09,1.4565539942270004e-09,-1.4825819042476897e-09,5.1819143942411716e-09,5.383995915267281e-09,4.333674190648907e-09,1.1941341681134982e-09,-1.6174832341485221e-09,-4.707855748742006e-09,-2.718729591442527e-09,-1.2797596105758903e-08,-1.2227883587009755e-08,2.497646982813484e-09,-5.5509989983761204e-09,-2.8712126256382994e-09,-1.377088229453202e-09,-5.7755579259387284e-09,-2.9772935573408645e-09,-2.8794500084768237e-09,-4.558902342612008e-09,-4.8596717045802345e-09
treat_p2,1.9740241805404883e-09,9.747955191556054e-10,4.422427223167444e-09,1.113777248427023e-08,-9.495518181371307e-09,-1.1397398077557738e-09,9.050283858648002e-09,-8.470204366649597e-10,-1.7568629217816768e-09,1.9319639553020375e-09,-2.2950682518173715e-09,-1.3923795186361295e-09,1.3870272071629002e-08,-4.2605953963780045e-09,-2.9130135095311476e-09,6.753924137973576e-09,9.963944754926298e-10,-2.3481572198414856e-09,3.1839714799188003e-09,9.619214783366454e-11,2.3018194074953615e-09,7.034859317575338e-09,-3.884393505473364e-09,5.341891507662022e-09,4.743779407337737e-09,1.1297758019589222e-09,-1.3007493334169973e-09,3.1916403107950085e-09,2.1082665915446557e-09,-5.418996766204083e-10,7.096781218962189e-09,-8.130480404038438e-10,5.4570379660712576e-09,6.157353248904783e-09,-1.507576006069449e-09,-3.149662772971139e-09,3.0780349100113056e-09,2.1334998861143028e-09,-1.2299460768285376e-09,6.389154682634894e-09,-7.503203124877372e-09,1.2446654838994652e-08,8.857939783786413e-09,3.449248286174739e-10,-7.007511708841043e-10,-2.7669197479530135e-09,1.9537020362445884e-09,-2.1485648191524565e-09,-1.4896311105885642e-09,-6.386417890088235e-10,-1.2287652373097394e-09,-4.339923823736393e-10,2.3446194162891394e-10,1.0703741309593935e-09,-8.508203450917191e-10,-6.205585249770603e-10,2.9565902443850894e-09,-1.3114836132797495e-09,-6.677197972508667e-10,3.774043334280025e-09,-1.2467434327135558e-09,-2.8235148270407627e-09,2.252198362883048e-09,2.4784011044108555e-10,-2.490768288911294e-10,2.0882843203229129e-10,-1.622311211149425e-09,-2.9763458098835405e-09,3.081639545121828e-10,1.3552442006541392e-09,-2.424556228237162e-09,1.3289564606709335e-09,4.816379654721294e-09,-2.50312010868499e-09,-3.013652049064016e-09,2.5742321076522263e-09,9.783612134418079e-10,-2.3816790931373193e-09,3.7623936391382236e-10,-3.7208110604814653e-09,6.246608570872733e-10,8.024848824551116e-10,1.10996029871394e-09,-2.0493561621003637e-09,-2.9950601766362793e-09,-7.160812038086636e-10,-1.986328381875362e-09,-3.577915280777086e-09,3.5765605350275496e-09,-1.9187801301410473e-09,-2.2900946484752523e-09,1.4396799009046526e-09,1.4293729244833274e-09,-3.1130010384834078e-09,-1.3272096222776488e-09,-7.526018226769908e-10,-2.3393340030617326e-09,-2.4609072895933495e-10,6.228815459674721e-10,-3.804352803514414e-09,-4.919045233584462e-10,-7.995957055947658e-10,-1.5096520916746833e-09,1.4528328053326747e-09,-1.19446658305832e-09,5.208442528846603e-10,-3.6381719596022884e-09,-7.353159250456077e-10,5.754217287601903e-10,-1.5430093487874614e-09,1.7062101243713143e-09,5.232736696375118e-10,2.9290671765320593e-09,2.5590664096050865e-09,6.12472452291953e-09,1.20086458782409e-09,1.6587452559080767e-09,-7.67601971525695e-10,-1.492775665614298e-09,7.761315901711746e-10,-8.780867757740459e-10,1.8300317056775149e-09,6.465125098744966e-09,1.7331721233704055e-10,1.3113921423825488e-09,3.1586421615860595e-09,-1.817137792128709e-09,-1.0833337288036053e-09,-1.7072517608361136e-09,1.9823943170901267e-09,-3.443606812581677e-10,-1.548062279442535e-08,1.713501478633999e-09,-2.5637466119051818e-09,-3.6013621658810364e-09,1.5022191625806929e-09,2.826668742800553e-09,-1.6697412664398977e-09,2.6165235485050566e-09,-1.3967109485459636e-09,-3.9489530611122484e-10,9.03526195533911e-10,-2.7778290354826757e-09,1.4517746318538977e-09,-1.0611413383126968e-09,-1.9963163545931913e-09,-1.3466429832284138e-09,-9.455092356944365e-10,3.032478340391205e-09,-3.158540114242246e-10,1.4355849018273055e-09,1.8193553114563613e-09,-2.7854247286594676e-09,-2.3835189191743553e-09,-1.1209086798774555e-10,-2.326612770711885e-09,-1.6099441641995025e-09,-5.867188918160511e-10,-3.2971683638515094e-10,-1.3733755555242609e-09,6.599298011421429e-10,1.0076096166511479e-09,-4.4302431636086956e-10,2.2860340278560324e-09,5.139538371987795e-10,3.5084037081796544e-09,2.6998279895124173e-09,2.7867767549967416e-10,3.2679698872236853e-09,3.4983025293060886e-09,1.2097084404756028e-09,1.3158822600128692e-09,2.3663645371903223e-09,3.8697266720851453e-10,-5.821535737128501e-10,2.6498505576056954e-09
treat_p3,-1.747966113192061e-10,3.0588627828677587e-10,5.404129290228156e-09,7.3512737886799055e-09,-1.227274181760475e-08,-5.594844613129312e-09,-8.470204366656557e-10,7.932329736531456e-09,2.066961486786873e-10,4.5713773279088423e-10,6.01320305077712e-10,2.8440187145006725e-09,8.304495758770352e-09,-7.1196116627541015e-09,-4.651037828286262e-09,-2.3850412752360826e-09,4.2407953654597946e-09,-1.0818436300311846e-09,8.745905104765208e-10,9.134676658259202e-10,6.35861568887726e-09,8.814936378642787e-09,-8.757601360616077e-09,-4.589424395345139e-09,-4.038616975891651e-09,6.2112650523003515e-09,-1.5837931173000045e-09,1.8237912408228877e-09,2.355645172517212e-09,4.262032165194529e-09,9.554122649986202e-09,-7.462132141363292e-09,-1.4752642704561183e-09,-9.445866895174709e-10,3.910449702384479e-09,-1.0264743762753417e-09,9.659718319851305e-10,3.431225230135924e-09,2.8579582165890255e-09,8.445728028508996e-09,-4.272138010734241e-09,-1.5263215596320902e-09,-9.053950221520798e-10,1.9221618392579303e-09,-2.729663162675223e-09,-9.73703137655362e-10,4.0277137120128085e-10,-9.569344352743747e-10,-1.8081307304794192e-09,1.7648640247367738e-09,2.317794115484549e-10,1.2049372026215917e-09,4.2712207563563837e-10,-9.078291525297933e-10,7.609285653436156e-10,2.2281689926316737e-10,1.200024850063902e-10,-2.19356893092602e-12,-4.6969421558109e-10,5.704167481233673e-10,-1.7763804120938094e-09,-8.405229961011012e-10,2.9615669598165113e-09,8.460499500366326e-12,1.2670508355150665e-09,-1.325416482617157e-09,-2.4649431690544646e-09,1.2637473058020467e-09,3.0149952752991487e-11,-7.949807798118893e-10,-3.9283863442758365e-10,-5.28471593316766e-11,1.1820657854446555e-09,-1.515671938119427e-09,-2.8553172906071433e-09,-1.05971715463782e-10,-7.419978989773028e-10,-1.7906973540635597e-09,-1.701525254079651e-09,-3.855941331193329e-09,1.6145255504214159e-09,-7.708595355514267e-11,1.0634826503377976e-09,1.564450565664072e-10,-1.26243762511692e-09,1.4597257744583112e-09,-2.360012679505183e-09,-3.0195761812344326e-09,-2.798065963852928e-10,-1.2042989500209659e-09,2.074043478799891e-09,-2.4705933124690492e-09,-1.0443879754279375e-09,1.923199146806527e-09,1.1237171833074185e-10,-1.1247650805665027e-09,-3.28992303796075e-09,-4.693652815907459e-11,1.770923891524454e-09,-4.121373320920004e-09,-4.233132959501302e-09,1.5384528217372204e-10,-1.8035020062440494e-09,3.585465361692323e-10,-1.238157518163696e-09,-7.099306011374305e-10,5.881320414381341e-10,1.3372513028408055e-09,-5.316043723162781e-10,-1.624177970135077e-09,9.255395568511496e-10,2.2978993443892797e-09,8.553617543568194e-10,5.813780268850771e-09,-1.4868660710703942e-09,-1.5414996402128232e-09,9.144766878205986e-10,5.2573172672536704e-09,1.0345151664541991e-10,6.169195901571631e-10,4.879510643553665e-10,9.602633384754041e-10,2.182988449277502e-09,-3.6976079819504556e-09,-1.2794345171925133e-09,-9.874321880383042e-10,5.043435523870201e-09,-6.331396825186301e-10,3.3501984063331513e-10,-6.907194800109056e-10,4.945752997983849e-10,-1.233862568776959e-08,3.743548863818259e-09,3.72209474389786e-09,2.979176459434829e-09,-2.5724306687745376e-09,2.915554206440776e-09,2.8060525584284905e-09,2.53304712298029e-10,-2.6277569251034004e-09,-1.396736369919632e-09,-1.5788313898392924e-11,1.0955064514655383e-10,7.65068001613711e-10,-2.487005609750766e-10,-3.2156287990650717e-09,2.005503133299885e-09,-5.066975007804307e-10,-1.2403946570791475e-09,-2.810953371300781e-10,1.2157133758232484e-09,-1.7586673578604015e-09,1.4777516260929857e-09,-2.3164970287403444e-09,1.4225002510977198e-09,-1.5090503452754173e-09,1.1910774482297104e-09,2.265477415645705e-10,-9.915424549745559e-10,6.588532345093927e-10,-1.8561604401785277e-09,-1.4589534032086754e-09,5.667973478767437e-10,1.412631860685793e-10,9.369835103644193e-11,1.5275422930364513e-09,2.6216858736222784e-09,-3.706909617445174e-10,3.6860383770279256e-10,-2.148234278242553e-10,5.060232420985378e-10,1.715411101020835e-09,-8.800831243339745e-10,7.019150077143081e-10,1.510196932446056e-09,2.362560193903122e-09
treat_p4,4.2579504695558966e-10,-1.3682827287019537e-10,-8.839990238825934e-10,-4.942889221738544e-09,-1.1661778009122987e-09,4.351855476114653e-09,-1.7568629217818292e-09,2.0669614867922222e-10,7.436126021931875e-09,7.91900122639696e-10,-1.6236279262259061e-09,8.9783425605028e-10,-7.0028654519737506e-09,-3.918019568030062e-09,8.388499844490463e-09,-3.4244271728379106e-09,1.4973211589282632e-09,4.971500293470011e-09,1.4917546606523335e-09,-7.967433134027765e-10,-9.248708514231518e-10,-6.905710949766737e-09,-2.3018048610691952e-09,5.00813333723507e-09,-1.2805793575834673e-09,1.9436708741605056e-09,2.9925216095227836e-09,-6.350028822011735e-11,1.5725916420785686e-10,2.6399179506838855e-09,-4.233428630339552e-09,-5.325222069937619e-09,3.15888593330376e-09,-4.18059871711474e-10,5.2371803402055036e-11,3.7937714260024e-09,1.9366416852460302e-10,7.987660029590762e-10,6.94902074919933e-10,-7.225979439514447e-09,-2.272481911147536e-09,3.747944810544555e-09,-3.846006626501559e-09,3.180761431784789e-10,2.7264561447053572e-09,-1.403551214857145e-09,-2.1241512828109825e-09,1.1850913528203719e-09,-1.338471768547864e-09,-1.1026577213203399e-09,2.9606206929587204e-09,4.3304103711875923e-10,-1.8406551087659798e-09,-8.881137299774415e-10,6.302964798789693e-10,-3.801199374228028e-09,-2.162026906613599e-09,1.117311703115676e-09,-1.1617724275103477e-09,-1.4660242724444553e-09,-7.792593099327535e-10,-4.055747648934636e-09,-1.8182791607635876e-09,2.400216839213842e-09,-1.2707950648784545e-09,-7.33304987269645e-10,7.297230604926814e-10,7.469616431738449e-10,-2.026241492200755e-09,-2.088384860598342e-09,1.8050099640341294e-09,-2.7281163446123145e-09,-4.0422875830509085e-09,-3.9502192445509616e-10,3.9790272705902044e-10,-4.977496652702491e-10,-3.085230059654774e-09,-1.7915376650322454e-10,-3.070032807124232e-09,8.317347413199735e-10,5.488099983727585e-10,-3.919835988612365e-09,-6.619200963939003e-10,2.5426309445903586e-09,-2.254215635443925e-09,-2.5091081848968976e-09,2.9071694094429504e-10,-1.8241321760413435e-09,-3.485439175119788e-09,-5.462920872071109e-10,1.0522695291911064e-09,1.3364046369369334e-10,1.3629805062048545e-10,1.4479115729632089e-09,-2.604769755046596e-09,-1.1536378105571822e-09,1.67188804179519e-09,-6.555213010192431e-09,9.975840291352171e-10,-1.6397373109509582e-09,1.1762164978983074e-09,-7.6007716716242e-10,1.6924051986697212e-09,3.3062129123508575e-09,-2.9079856518456437e-09,-3.450224729324328e-09,2.2198273086956602e-09,-3.0222938202885594e-09,-9.60200444594732e-11,1.6465724072515768e-09,-1.5450626563378383e-09,-1.4700068056425002e-09,-2.127008333221369e-09,-3.725965522107993e-09,-5.158823924825504e-09,-7.820265857311249e-10,-1.6486954177466556e-10,3.3720090868701575e-09,2.319498097337662e-09,-1.5333344072062565e-09,-4.095843242964538e-10,-2.2289516847411167e-09,-1.7658779529397687e-09,-1.2478591145841115e-09,-1.2263633031186871e-09,-1.4446782738221375e-09,4.084287786669763e-09,6.836322380129543e-10,6.274162612842894e-10,-8.665378046555124e-10,1.7421170871366157e-09,5.208364713538984e-09,-1.944496403771405e-10,-4.8033642704311555e-09,1.0214374213391757e-09,-1.6454121454281902e-09,-3.4693303766360183e-09,-5.664795763221218e-10,-1.501519152652975e-09,1.0701695062402932e-09,-5.0977426372943066e-11,-1.2918240702654744e-09,3.021961945928108e-09,1.3214377378299467e-09,1.0980968651988579e-09,-4.517538123540045e-10,1.0949931469020993e-09,-4.252841875605116e-10,-3.2957952071213884e-09,1.3485696746929364e-09,-1.1130523230559534e-09,-2.0213691143667787e-09,-1.3603536290474045e-09,1.3804855616164961e-09,-1.208002643417679e-09,2.2663233908216882e-09,-1.014479252401816e-09,-2.4618101228331626e-09,3.317542864044512e-10,1.6400895507203338e-09,-8.035854435719032e-10,-3.645308199270782e-10,2.4850771604599125e-09,5.804512782779046e-10,1.3244708527353243e-09,5.081488442994396e-10,1.1090453584728172e-09,2.988702315969666e-09,3.2396048103211213e-10,9.003756987951862e-10,2.406647299001705e-09,1.5971781161830187e-09,-1.1136909540441323e-09,1.5238993139075143e-09,6.659658147444651e-10,-2.6726536907055433e-09
L4treat_m4,1.868991508390383e-09,4.6542530277190867e-10,1.7138703145603906e-09,8.495659760963697e-09,-5.745192792205786e-09,5.225666417736844e-10,1.931963955302065e-09,4.5713773279084773e-10,7.919001226396438e-10,2.8761068179536096e-09,-1.3941739784905682e-09,-1.3421394087771176e-09,1.2190244723834444e-08,-5.177368422318039e-09,-2.0940508909146499e-10,-1.4734413386077994e-09,2.9619962368879022e-09,-3.2158405885536844e-10,3.2665094334375487e-09,-3.496263736146547e-10,1.8774000551144314e-09,8.625741527562637e-09,-3.828837299268195e-09,2.959072692342639e-09,-2.022035950231735e-09,4.8889484076774596e-09,1.0923108944483846e-09,3.5726639421485013e-09,1.799809047824102e-09,1.5229018966495944e-09,1.047789486502885e-08,-3.4225134816371064e-09,5.3225538175951035e-09,1.2846277324841871e-09,2.2026203714426095e-10,-2.8344614709673367e-09,2.1765863798127646e-09,2.348159776767297e-09,2.83756127617078e-10,4.431705503936357e-09,-3.897004091428949e-09,5.914037287974022e-09,1.7946288741744317e-09,1.9220819302546378e-09,-1.1173584823907484e-09,-2.5594420578607195e-09,-4.777142003051562e-10,-2.1088900144444075e-09,-1.342609751505193e-09,-2.553567504197383e-10,-5.538030780458378e-10,3.9897728174112894e-10,9.01017578691354e-11,1.2947724292518208e-10,1.2582623614100748e-10,1.1302612242828553e-09,9.44478521551763e-10,-1.0705679515139539e-09,-2.0379664600766016e-09,3.934531749459793e-10,-5.580910922116499e-10,-2.061784533653818e-09,1.3135334042134458e-09,-1.3754435340236885e-09,-3.524527731842653e-10,9.80659492221455e-10,-1.6281218633466788e-09,-1.3830618135579737e-09,8.177687136025161e-10,-6.383595268035058e-10,-7.638531530399129e-10,-2.0546380559085694e-09,6.323808549196185e-10,-3.2390106791927264e-09,-1.9239690008293714e-09,1.5364356681651338e-09,-2.1643123772091416e-09,-1.5369614124482854e-09,-1.9736403205406406e-10,-2.4013256080979115e-09,1.286879010190039e-09,-3.666899090957379e-11,-1.7995522120752635e-10,-1.0191010938184762e-09,-3.4987028011940708e-09,-7.613490352457524e-10,-2.119145197327146e-09,-1.200431048194151e-09,6.596231143674137e-10,-2.7690225312688863e-09,-8.595935158236134e-10,9.278757540293369e-10,-1.2796917525049098e-09,-1.7012779459510377e-09,1.4305970662559487e-09,-1.1052790321323704e-09,-2.4265165379111013e-09,-2.3275304811440646e-09,3.862925233510662e-10,-3.0756266188525325e-09,-5.013461725794929e-10,-1.0990479403071464e-09,-1.8728873940951515e-09,2.7006915565816534e-09,-1.0750612744945864e-09,4.310526121830047e-11,-7.878910984656546e-10,2.2660896642564863e-10,-1.3842658190070727e-10,-1.279392623979782e-09,5.002188880104849e-10,3.050793590473714e-10,1.000425796327843e-09,3.4532226991761854e-09,-4.731600611043339e-10,-4.636279710521271e-12,3.262839991089896e-10,2.81241142223354e-09,-1.5043677356154486e-10,7.74459156845548e-10,-9.623028650720933e-10,-8.605096173709268e-10,6.938711361702645e-09,-1.0483885390678742e-09,9.102392094593299e-11,1.3576255756917162e-09,1.1840140504483854e-09,8.011888642897873e-10,-8.740944627155065e-10,5.792141653198648e-10,6.403760568650119e-10,-1.1787780872124502e-08,1.9936342240785055e-09,-1.5080281030588161e-09,7.610340423538381e-10,-3.6361249906827934e-10,1.4812637137394196e-09,-1.2534910930610113e-09,1.249215149720822e-09,-8.661747694189921e-10,-3.080163276296411e-10,9.901841128496547e-10,-8.702168843491275e-10,1.589474730161167e-09,5.00867356533856e-10,-1.7002019999296783e-09,2.7646603896201325e-10,1.1781967396990155e-09,-7.9638986812642e-10,7.378940177714631e-11,-6.757596306125698e-10,-7.799727100455319e-10,-2.438640025079424e-09,-8.90382189400539e-10,-6.610552100950739e-10,-2.616600165686968e-09,1.298379069951546e-09,-8.376563306746156e-10,-9.755027962605913e-10,2.959949405222922e-10,5.188244377159941e-10,-7.182903356246875e-10,2.2380592672565442e-10,2.645734531032444e-09,1.2044065834585642e-09,3.1368150738257146e-09,1.937509675151538e-09,7.169202391623091e-10,2.2868374180623224e-09,9.321331902462203e-10,7.096854342359743e-10,1.5505188467797313e-09,3.732672221243861e-10,-9.409578733207621e-10,2.663612852306306e-10,6.663368600560584e-10
L4treat_m3,-1.1780055568296165e-09,-2.266526556112584e-11,-1.985597165259816e-09,-3.858614868588977e-09,5.626442209309726e-09,-1.939221287570449e-09,-2.295068251817246e-09,6.013203050778043e-10,-1.6236279262259816e-09,-1.3941739784905607e-09,3.028840359905543e-09,1.3084493792115336e-09,-6.998956458558103e-09,4.45819588328481e-09,-3.6654013237901116e-09,1.5999509821430302e-11,-3.226690277595515e-09,-1.0771250002448476e-09,-1.8176285393636801e-09,9.45669980918519e-10,-5.027206657024568e-11,-2.8054124108917134e-09,4.497789063267951e-09,-7.743068725246471e-09,-9.87179023498114e-10,-2.0440644450478254e-09,-1.3255593621225706e-09,-1.7991197009592979e-09,-1.009740849377003e-09,-3.931352935078374e-10,-6.144035662635431e-09,3.72795860236768e-09,-5.308233865342354e-09,-1.017535811227326e-09,2.482591803614687e-10,-7.919584753931105e-11,-1.343281310971201e-09,-1.1284072772918987e-09,8.614099551237728e-10,2.537656979677852e-10,5.821579721553249e-09,-7.922557602801411e-09,-1.8101726962476757e-09,-1.129236751731979e-09,-5.106836097028596e-10,2.1290976224945453e-09,1.1972513657585235e-10,7.532644702352903e-10,1.7785715073520924e-09,5.347690122694991e-10,-1.1602009597685988e-09,-5.646611661460757e-10,4.4613395605368436e-10,4.2837550908313443e-10,-7.621715834776285e-10,1.3267414244717668e-09,-7.288110514597459e-10,3.2294478217494374e-10,2.6140093299436963e-10,-2.0645734244952894e-09,2.1280205775925812e-10,2.883933536837293e-09,-1.2929977895364267e-10,-2.622419363421024e-10,1.6706405244537377e-09,-1.188396169576696e-10,1.2233850895381374e-09,1.5534426576189844e-09,2.2728269413670608e-10,1.120812042722426e-09,-4.6164459802263975e-11,7.347632232363965e-10,-1.4968062795592963e-09,2.204344641475284e-09,1.4581335470810158e-09,-1.7007190865120935e-09,1.6761688220898343e-09,1.4896975367264608e-09,8.311289284139916e-10,1.5440754911305231e-09,-9.093174152339896e-10,1.916545813712871e-09,1.07025737186901e-09,-5.872422659707655e-10,3.3102658918551395e-09,7.007781408217932e-10,1.803062482867658e-09,8.27857482208107e-10,-1.1209313857996165e-09,2.1049333798646685e-09,1.090197913054743e-09,-1.0267037000859279e-09,5.991049000779435e-10,1.6592569146625272e-09,1.55241169072701e-09,1.7007919223835627e-09,-4.02606997528855e-10,2.323201384247343e-09,-8.146321557794902e-10,2.998832052004176e-09,-1.2417419746602925e-09,-6.991619150197996e-11,6.349859421819162e-10,-1.872743689017594e-09,1.4102403205179419e-09,1.306731488787102e-09,1.088282639678944e-09,2.217819753262091e-09,8.425041026123351e-10,-1.4068077616200295e-09,5.916896018171562e-10,8.077361385201034e-10,-7.372321979753116e-10,6.897360554210415e-10,-3.4921182525177536e-10,-7.003136421252094e-10,6.71098800589282e-11,-2.22499509591828e-09,-1.1116991275355601e-10,5.671403275114253e-10,7.113192091483638e-10,-3.386498004486492e-10,-4.859790238665937e-09,1.5162133726286358e-09,5.346847233543332e-10,-6.943466942076081e-10,-2.257178461874867e-09,2.6872638977721277e-10,4.306602149356522e-10,-5.66928440638967e-10,-1.939059941937277e-11,7.197506613549021e-09,-1.9432918824698392e-09,4.2052041468062226e-09,3.9977253923794626e-10,3.0284307655963086e-10,5.937904046798928e-10,1.4252674619649936e-09,-1.0805086078897843e-09,-2.67970449346533e-10,-3.416861078830898e-11,-9.190940776387031e-10,9.429569326144812e-11,-1.4213928084500049e-09,-2.8209835053026597e-10,1.912797597362029e-09,-5.270034979379044e-10,-8.826068192286525e-11,4.431898512580777e-10,-7.485193705326541e-10,2.063972297899485e-10,8.831324032163565e-10,2.613595269699915e-09,6.17936832536467e-10,4.928137502041445e-10,8.059569270781978e-10,-1.894861880468482e-11,2.284236612562719e-09,-3.061266999047582e-10,-1.9246359509942436e-10,1.6543966641967435e-10,1.0235769691092195e-10,-8.906589636831627e-10,-1.8243306348849175e-09,-1.0220344258864737e-09,-3.049953721190091e-09,-2.11255345819472e-09,-1.8611441270851142e-09,-2.7879558486218115e-09,-2.4437962285821145e-09,-2.2152923029113135e-09,-1.8534551036192355e-09,-5.339889064512672e-10,-6.92334073471429e-10,-2.107502394333757e-10,1.0972951704830835e-09
L4treat_m2,-1.3409231749016693e-09,-5.038626861212518e-10,1.3660105687785596e-08,-6.987014744647605e-10,-1.9609812170818376e-08,-7.69591468101977e-09,-1.3923795186362025e-09,2.8440187145005397e-09,8.978342560503327e-10,-1.3421394087771201e-09,1.30844937921148e-09,1.3703878170025905e-08,6.054212148554393e-10,-1.2060764670989033e-08,-2.1748977980156534e-09,-4.816897669124901e-09,2.5431037495008424e-10,1.6156923409847427e-09,-9.734210511146518e-10,-3.296014373153141e-10,1.165884940879537e-08,-1.1235461778591849e-09,-1.4959082373193748e-08,-3.045188927778534e-09,-7.232570266091131e-09,1.3858920512710777e-09,1.2453467603995713e-09,-6.023893226726894e-10,1.0705801372987353e-09,1.0931742034794175e-08,2.116678175924382e-09,-9.364667499910257e-09,2.1832247205381267e-09,-2.3513112458104963e-09,2.895977301420938e-09,3.3082018912667987e-09,-8.664781109695968e-10,1.2237370538466658e-09,8.552259017682072e-09,5.207337752838397e-09,-5.715136478663684e-09,-3.089455894670705e-09,-1.9256495812633873e-09,-9.132441718868257e-11,5.187425061169659e-10,-1.4170247213031286e-09,2.28251051727299e-09,1.2482377355344401e-09,-4.0193923577074155e-09,4.514651880125961e-09,5.332660730007029e-10,-9.610605104528282e-10,3.13393447989447e-09,-2.4711731149224483e-09,3.853539471839968e-09,-3.467490569232668e-09,-1.952223865423934e-09,8.779212984869217e-10,3.917575740348616e-09,7.804632175561563e-10,-1.8929244853002804e-09,-2.9378966721564795e-09,4.1943886845578615e-09,1.3598404791841038e-09,-3.4049727481590245e-10,-5.728837872575744e-10,-2.6643500246838534e-09,3.734812612170778e-09,7.013614363492426e-10,-2.535270944457918e-09,-5.648744913427304e-10,3.996361642632431e-09,6.280244638768505e-09,1.7948712023898724e-09,-1.776264363615884e-09,6.4313345110853664e-09,4.3791814014701916e-10,-2.4654285832822296e-09,1.3627693115041788e-09,-4.1679938150955194e-09,6.117678745770996e-09,-3.3222467753533533e-09,2.526740868744219e-10,4.542874855425406e-10,-2.1660815712578305e-09,3.946012584695827e-09,-1.732719719399856e-09,-5.000272579313043e-09,1.632230177471751e-09,-2.0990853316078668e-09,1.6236807727957063e-09,-1.0635794205568825e-09,-2.66556323200603e-10,3.627414253132819e-09,-2.079490439181964e-09,7.613500620568333e-10,-3.4452263469131346e-09,-8.592037075134989e-10,5.638480277069765e-09,-8.567630085009709e-10,-4.573762713512208e-09,6.686427830516261e-09,-6.33683304628797e-10,2.234599870227973e-09,7.880795496859771e-10,4.614051504155391e-10,4.047719383573947e-10,3.6515034165821055e-10,6.826792165478725e-11,-2.8932768185670606e-09,4.81680244262859e-10,3.9070886545778565e-09,5.944744430087558e-09,-2.101802102558714e-09,3.434441489528795e-09,3.1263132777740556e-09,4.3920114952038403e-10,2.7017552057928092e-09,1.8352157735581383e-09,3.218606721738488e-11,1.2727704774518983e-09,6.651761724264166e-09,-5.1250606154543004e-09,1.8579749105752341e-09,2.198101599688234e-09,-3.858367846513474e-09,2.938385576723364e-09,-5.295201924956161e-10,1.430384978658443e-09,6.460518700529755e-10,-3.8766850452989045e-09,-7.712039942977493e-09,3.471284279949453e-09,1.033656280870438e-09,3.536730965474076e-09,-5.319421809631725e-10,3.7340167971332154e-10,3.641046339484455e-09,-6.099949483165876e-10,-3.6834522067421837e-09,-2.2051720652968132e-09,-2.1759625028731184e-09,-1.2751977727038808e-10,-3.3053850216124e-10,-2.9085780973543195e-10,-3.846414414275951e-09,2.0697441385610087e-09,-4.734134719990855e-09,-1.3703334463389795e-09,-2.1071048359470203e-10,4.38989426515119e-09,2.3034109446391272e-11,1.953347949199728e-09,-3.887667111965218e-09,1.5111308952518495e-09,5.171263906604136e-11,-4.900562140220895e-09,2.3661066534029677e-09,-1.0034708258990125e-09,1.7294824836827714e-09,-3.63945311390736e-09,-3.032130019323344e-10,-3.1824870475345e-10,-1.2614712992085567e-09,-7.352490348151523e-10,1.323896793358221e-09,3.96983181466762e-09,-1.8320631353557871e-09,1.5938009389352732e-09,2.5571925498906934e-09,4.610286228933557e-11,2.377927188248218e-09,-1.6308276778044179e-09,3.1732894647219043e-09,2.691134580128388e-09,2.98734952024423e-09
L4treat_m1,7.762117738680692e-09,7.392075829067875e-09,6.18656306108154e-08,1.4832249964837988e-07,-1.800648122503823e-07,-4.1996950901304703e-08,1.3870272071629106e-08,8.304495758769669e-09,-7.0028654519747655e-09,1.2190244723834548e-08,-6.998956458557983e-09,6.054212148561985e-10,1.9978650612739137e-07,-1.1699450481166226e-07,-5.021423491833885e-08,-1.3057665373176464e-08,2.6214332700366965e-08,1.5374110195826907e-09,1.2690168737483111e-08,5.624230762759857e-09,5.0993875785908406e-08,1.7989021897487426e-07,-1.28419410506979e-07,2.114292591636136e-08,-1.5569974434330697e-08,4.7466442024073144e-08,1.0375400977852486e-08,2.981073828977759e-08,3.633512562300929e-08,1.5384825102158065e-08,2.112608255256301e-07,-1.132961437696158e-07,3.861534970262327e-08,1.4891734012623233e-08,-1.720374070953965e-09,-2.638214869540767e-08,1.3832124612673897e-08,3.476312522823391e-08,-7.266697611653962e-10,1.2750382155272247e-07,-9.859748274897605e-08,5.646954896489736e-08,4.775608767093772e-08,1.5845218921721858e-08,-1.308422896599027e-08,-2.7057938073775733e-08,9.038947077426918e-09,-3.6575764697592215e-08,-3.173014727719484e-08,9.54542026739218e-09,-9.244392306220325e-09,7.060108028899202e-09,9.535139398933548e-09,-4.9329146618931775e-09,1.4603605950330161e-08,1.8191740038203255e-08,1.0417535669159433e-08,-4.505993708767125e-09,1.6305882123675108e-08,1.113999812843347e-08,2.466437057814044e-09,-1.561762914913964e-08,3.812306732795916e-08,-1.9029261434459132e-08,-3.5188938117946513e-09,1.961740789153332e-08,-4.2518058022067414e-08,-5.59811356949099e-09,8.800099698031793e-09,-1.3929240957602081e-08,-4.161152343562779e-09,2.659751837570446e-09,4.560704845210736e-08,-3.4312158859782435e-08,-2.4130596501841544e-08,3.20103608853846e-08,5.1123665583708345e-09,-2.4590493839958977e-08,1.75746900251975e-09,-5.413803436936681e-08,3.0099840511406465e-08,-5.16551473030943e-10,-1.3757372327043798e-08,-5.013799065288181e-10,-1.8150487689392718e-08,1.4345522522321737e-08,-4.189822187817537e-08,-2.8875180185357983e-09,3.254034124773233e-08,-2.9870619848080076e-08,2.9465836077988642e-09,1.3450213327296773e-08,-3.076715345787637e-08,-1.2621364017260375e-08,9.077658519856883e-09,-1.9385159313171363e-08,-2.69938715840936e-08,1.0082052982769347e-08,2.4629705794203335e-08,-4.100824577155186e-08,-2.2416209056117376e-08,1.1307373846515036e-08,-2.081614686320581e-08,2.5419500292013538e-08,-1.263133851782237e-08,1.4090619881139003e-08,-1.0448655938704354e-08,4.4062085830427646e-09,-1.9410232529981508e-08,-9.143337636359893e-09,7.284259672234116e-09,2.2902785421062054e-08,3.5757060544160216e-08,6.270276818853856e-08,9.443895753034559e-09,-7.29168226696519e-09,-4.04739682710252e-09,1.655050618670741e-08,-2.4530199920838144e-09,1.1424041189294376e-08,9.287225904423778e-10,1.717632223321203e-08,7.58803976827681e-08,-1.6207243314226885e-08,1.1939850782342377e-09,5.943760057351504e-09,2.884145604055276e-09,4.889925616185021e-09,-4.054102960551752e-09,1.3013270547072801e-09,-1.9814595505067624e-09,-2.452198813003424e-07,6.476088745381732e-08,2.0687943948718112e-08,2.7852539029031392e-08,2.1006859826534143e-08,3.600309868406848e-08,-5.235924474143402e-09,9.287616911160177e-09,-2.9745760119499067e-08,-8.667539990790966e-09,1.29111212800534e-08,-2.1878322315406663e-08,1.2579346668656372e-08,2.6756372426612243e-09,-2.6624933572421392e-08,7.612772404075114e-09,-1.1238643111171282e-09,-5.399085182908485e-09,1.3029002608044365e-09,-2.115216253639811e-09,-2.801812603561279e-09,-2.9369823395834554e-08,-3.1251704206704606e-08,1.1638350674850917e-09,-3.830982580411748e-08,2.680271481246677e-09,-5.384200692624035e-09,-1.6643074873482844e-08,-1.4116615090642402e-08,-1.1872590459860169e-08,-1.0568263195468862e-08,4.697792986366278e-09,2.924523824229249e-08,1.67954457657773e-08,5.516430317234057e-08,3.911709474368447e-08,3.0285306705373026e-09,3.7790579107341996e-08,1.893349306542165e-08,8.454124126282022e-09,2.3045357278080695e-08,6.318899038798404e-09,3.0253396865210627e-09,1.47252354108042e-08,1.2621338694371307e-08
L4treat_p0,-3.5279846637497993e-09,-4.649406941893947e-09,-4.9406507017424565e-08,-8.594432243276926e-08,1.4123955818506338e-07,3.132831400030283e-08,-4.260595396378279e-09,-7.119611662754213e-09,-3.9180195680303564e-09,-5.177368422317984e-09,4.458195883284846e-09,-1.2060764670989423e-08,-1.1699450481166142e-07,9.78393077334743e-08,2.5638300621144984e-08,1.4725226560694373e-08,-1.6770878015115262e-08,-1.0165521940399421e-08,-7.563193923367934e-09,-3.126380039404351e-09,-4.0960104790045495e-08,-1.0756733250430536e-07,1.0194557574008515e-07,-1.4079168968086018e-08,1.6964958227542997e-08,-3.076144591789326e-08,-1.088712895461781e-08,-1.6903356346776258e-08,-2.5540292752357093e-08,-2.312835200619292e-08,-1.319724176778252e-07,9.224010205252816e-08,-2.415189059828205e-08,-7.72812534855566e-09,-2.821094397990767e-10,5.6285745368121755e-09,-6.424013694546232e-09,-2.5777927600778987e-08,-7.409302517987352e-09,-7.775590749386765e-08,7.141441962711538e-08,-3.526940406456991e-08,-2.5612805838144888e-08,-8.493655552396539e-09,2.702955354266116e-09,2.30326527981319e-08,-4.068976274372252e-09,2.0675770319952186e-08,2.6896617106830793e-08,-1.1396740413297035e-08,3.122212170658518e-10,-6.336631331102717e-09,-4.4832985461800174e-09,5.14111159455461e-09,-1.3663094803204205e-08,-6.46798052287438e-09,-1.7895305073688718e-09,-1.5374009413678978e-09,-1.189351818989054e-08,-5.7602955103210525e-09,7.22330745655671e-10,1.7191255562585248e-08,-2.8327149394130585e-08,7.00034049941184e-09,2.8837411817745895e-09,-1.0848704317626829e-08,2.9281086200015005e-08,-3.003608406083434e-09,-4.513201595818046e-09,1.2553689773291225e-08,-6.692174021321518e-10,-1.4812497170834433e-09,-2.93813157365537e-08,2.2193124745657035e-08,1.4654655301239408e-08,-2.7243549895370445e-08,-1.580437097184234e-09,1.5150435438857018e-08,3.596040529737491e-09,3.42684709457058e-08,-2.6669621879601253e-08,5.914781484627959e-09,1.1926128847119616e-08,-5.302384559832012e-09,1.4881901197625277e-08,-9.281274645980471e-09,2.8847525918045012e-08,5.510770450164475e-09,-1.8195285614390673e-08,1.8011111908248707e-08,-7.813274280695758e-09,-9.430324957594283e-09,1.9160291114822785e-08,1.2101939653980686e-09,-2.423134105779797e-09,1.2307329619049877e-08,1.7826283817786787e-08,8.138657649582636e-10,-2.306456919277888e-08,2.909875577567269e-08,1.7030002713824524e-08,-1.4856658137359975e-08,8.844197686545101e-09,-2.4193235935248036e-08,1.2927372975238665e-08,-7.054171969681471e-09,8.538202722919784e-10,-3.264516291482988e-10,1.3313297404793524e-08,5.797319748250236e-09,-3.5680661177348798e-09,-1.780727937394874e-08,-2.547960718552016e-08,-3.002292008416018e-08,2.853250870316063e-09,8.29538579748392e-09,3.0401252715100097e-09,-1.4864282870939182e-08,-4.132683239159731e-09,-5.9450086440463e-09,-2.5666511787921284e-09,-1.1108043830458764e-08,-3.730665859565609e-08,1.3485553642522984e-08,8.38124116335765e-10,-6.622600356140495e-10,-8.114874909951357e-09,-2.9881893911874457e-09,-4.4766654811792764e-10,2.194727999582461e-09,1.8829346446322352e-09,1.5569538871957603e-07,-4.6997395816015895e-08,-1.1493288625542985e-08,-2.1993310408055687e-08,-1.3401886606995376e-08,-1.8635012917861414e-08,1.217547524323967e-09,-2.723350214975301e-09,2.132913872236507e-08,6.2344978285093395e-09,-8.113525049636154e-09,8.436924966508599e-09,-9.637745857875478e-09,-1.2080051600467272e-09,2.021995179286612e-08,-8.884364562677107e-09,3.2738102564690727e-09,8.459635844396678e-09,-3.6036228543363274e-09,-2.9206627664568095e-10,3.9741312839329226e-09,1.981361979833524e-08,2.0417848411884305e-08,-2.666979268902343e-09,2.0437817299038744e-08,4.160201970079038e-09,3.9129485034442835e-09,1.0509657402401894e-08,5.3351728057561455e-09,1.0647368095191319e-08,7.74314142025024e-09,-6.439321011975214e-09,-1.83440195904194e-08,-1.252908332204264e-08,-3.768806458706631e-08,-2.962952545389046e-08,-1.8006614629038134e-09,-2.46241367506531e-08,-1.4556371947288519e-08,-9.695339367782194e-09,-1.8252754148721376e-08,-8.840864337330348e-10,-6.069562414443093e-09,-1.3626595895240041e-08,-6.352621939632074e-09
L4treat_p1,-3.3335626669114376e-10,-1.9969501164777263e-09,-1.591773880937817e-08,-4.1843683843788105e-08,4.823833037173354e-08,2.4334593282099895e-08,-2.913013509531681e-09,-4.6510378282862585e-09,8.388499844490238e-09,-2.0940508909150637e-10,-3.6654013237902407e-09,-2.174897798015809e-09,-5.0214234918339255e-08,2.5638300621145093e-08,3.3870770243231895e-08,1.0459260652490542e-09,1.2750390576658563e-09,5.216021202630746e-09,-1.2703456719395187e-09,-4.586519169113325e-09,-1.6433214156169117e-08,-5.253398109785105e-08,3.179051883610284e-08,1.8574670110245808e-08,8.90136623262303e-09,-4.59788314867855e-09,5.634909482225253e-09,-7.024161506704991e-09,-9.78155609746086e-09,-3.55024794130581e-10,-5.321059596807932e-08,2.439294384366494e-08,6.896948396993939e-09,-2.74940161832783e-09,3.04589318770948e-09,1.125415476115939e-08,-3.3590832304157667e-09,-1.0095428698074734e-08,8.290823008534997e-10,-4.82637962834478e-08,2.0610664140227284e-08,3.357838634282278e-09,-1.151129705731474e-08,1.3474244173977906e-09,8.361411991770362e-09,4.351529907321369e-09,-8.097829068943425e-09,1.2821656792584669e-08,6.4988362799314005e-09,-3.1822545794114796e-09,4.790256497004425e-09,-4.156743037181507e-09,-7.000184946569532e-09,-1.2300239403665583e-09,-9.650435139261033e-10,-9.304955865706704e-09,-4.660802693613848e-09,6.452858622504095e-10,-4.607083840878646e-09,-1.8205663585227834e-09,2.5636776051865664e-09,-6.490090139011097e-10,-1.2936940148662588e-08,3.814394023142469e-09,-7.745531713603781e-09,-5.90216827524254e-09,1.2231460541810382e-08,-6.890136023202433e-10,-3.951463989965289e-09,-1.3607298487386313e-09,2.652397657954509e-09,-6.311887728391195e-10,-1.485845572750724e-08,6.126092334378269e-09,7.2059060836275835e-09,-4.276540037991135e-09,-8.315054896816453e-09,2.2463230483894122e-09,-2.752138072912709e-09,1.5315119432646503e-08,-5.275723514107985e-09,-6.174669529385137e-09,-2.289249783463928e-09,7.921213936641466e-10,-4.6302406488228055e-10,-7.1106331446436305e-09,1.1918867661139915e-08,3.974043411533291e-09,-7.837305220643754e-09,1.610467961621226e-09,-6.148234753859138e-09,-1.8592027148497426e-10,6.67737725886989e-09,1.7591274678431255e-09,-6.474699769740749e-09,3.9065978634038295e-10,9.87022625351582e-09,-4.494195769592563e-09,-7.228233663021417e-09,9.701175123420601e-09,1.2463425210141293e-08,-9.089808975259524e-10,3.6099907592131874e-09,-7.412571058251438e-09,2.503615333168883e-09,-8.491866063582572e-09,3.468633680326414e-09,-8.151201075766178e-09,3.364744278101846e-09,6.61734176700348e-09,-6.375619020402738e-09,-1.0589058970350464e-08,-8.933605745631628e-09,-2.6251006127059207e-08,-3.6172927182061746e-09,5.081932095132624e-09,-2.9765614602341373e-10,7.563831483980007e-10,3.3933980172485576e-09,-6.481281163242412e-09,-2.467759584414206e-09,-5.338086819904827e-09,-1.2181267850584762e-08,1.8951484681062825e-09,-1.4483981825766904e-09,2.88369342116281e-10,6.699026826948817e-09,7.4337525211924e-11,2.0564044190706025e-09,8.160877226278165e-10,-4.874838864814699e-10,6.584808370077958e-08,-1.56787468002026e-08,-1.8549208662597035e-08,-7.600584478167542e-09,-8.090082465182714e-09,-1.5807327848304353e-08,-2.588931589407371e-09,-2.8828954543661813e-09,1.2180491691895658e-08,2.8142018980607415e-09,-2.267923456462955e-09,5.389793736102369e-09,-2.0885065974292492e-09,3.258795791458342e-10,4.243758672389905e-09,1.1806453199363387e-10,2.547257844862401e-09,-2.405769763843003e-09,1.5745235034885814e-09,-3.767344561519465e-09,-3.742606513988616e-09,2.2007704125120053e-09,1.2183407827083428e-08,-2.3381544216503466e-09,6.708880003124124e-09,-1.5972196655629252e-09,-4.202262406151345e-09,5.327964642613228e-09,8.172156504951762e-09,3.2450403100181386e-09,2.1152136374449055e-09,1.3374179154831888e-10,-5.692344848082701e-09,-5.920883405546474e-10,-1.1245733100706832e-08,-9.570617103706608e-09,3.1306219721445724e-09,-3.4033119491978595e-09,4.2342343637099326e-10,2.04643894011896e-09,-3.248886685079058e-09,-4.0824122890428385e-09,-3.148823089420854e-10,-3.948085001863276e-09,-8.472356832046609e-09
L4treat_p2,-2.2777658761686293e-10,5.809445187780995e-10,-6.842753965615579e-09,-9.250807325050163e-09,1.7447724661146634e-08,3.6253959857383717e-09,6.753924137973319e-09,-2.385041275235441e-09,-3.4244271728378982e-09,-1.473441338607782e-09,1.5999509821442655e-11,-4.816897669124921e-09,-1.3057665373176367e-08,1.472522656069435e-08,1.0459260652492184e-09,1.68767324567766e-08,-4.244133613714832e-09,-3.1669272073061537e-09,-7.080935723589873e-10,8.544753366096578e-10,-6.0711466942651765e-09,-1.2913642213023703e-08,1.44867878710103e-08,3.422675978198973e-09,1.4419534678413408e-08,-7.071180412383032e-09,-4.063885137286394e-09,-2.016213941008411e-09,-2.7413254683474135e-09,-7.492589418388698e-09,-2.269457217371904e-08,1.6618445136126635e-08,-1.7955190331494898e-09,7.745354018818512e-09,-2.437887055894358e-10,-7.758290357083101e-10,7.220980599443932e-10,-3.739614177244196e-09,-3.899906868583429e-09,-8.041168572996154e-09,6.118447766345164e-09,3.03590104317428e-09,8.053504533483507e-09,-3.6125360812762106e-09,1.4110749679986743e-09,6.056926538216344e-09,-1.0081616802500778e-09,1.7508101797328575e-09,4.640793147325448e-09,-2.807250547005663e-09,-9.965091061253097e-10,-4.5520652270706305e-09,-4.3141720028512155e-09,8.44828606714558e-10,-4.584210825666936e-09,-1.872494148512308e-09,3.979717606628656e-09,2.33257077430709e-10,1.6066378431203606e-09,5.913806703507793e-10,-6.563311767835211e-10,4.717676276140061e-09,-1.7869800733894541e-09,1.1069597293383623e-09,-1.7701406302186685e-09,-4.1946132552607716e-09,4.06656443353539e-09,-4.258317357159701e-09,-1.6535702485429317e-09,5.537313301930356e-09,-2.0838619426040364e-09,7.1757875806833054e-09,-1.9953895495966646e-09,2.310520765767705e-09,2.210057983488735e-09,-3.3416196171031538e-09,3.0387515375035787e-09,-2.307648151975446e-09,-3.3119218231296813e-10,3.562504804950256e-09,-7.474424164881982e-09,2.6415899987436137e-09,3.6214367022843627e-09,-3.105185250324485e-09,6.095909798828775e-09,-5.863139394947275e-10,6.055468588190125e-09,1.3948347549450525e-09,1.1119477277538137e-09,3.4806023803979537e-09,-5.673535808379487e-09,-1.4252204490660383e-09,6.699886028420385e-09,-2.9583846665474757e-09,-2.429220715556794e-09,3.995275901170712e-09,1.0925882532396038e-09,9.326051885250253e-09,-4.486013064869653e-09,4.365407508884268e-09,3.4653342245134335e-09,-1.2723399965249729e-09,1.115052440469521e-09,-9.30574134313026e-09,1.498713129347227e-09,-1.8184222066249878e-09,-3.1478543701867235e-09,-8.992061710029632e-10,3.9900053728454585e-09,-4.523096326977993e-10,5.513801453828416e-10,-3.195440796903345e-09,-8.01355062057292e-10,-6.904177494821048e-09,3.542851806079075e-09,6.591489733918623e-10,2.6697650990663836e-09,-8.620643433429448e-09,-6.025983096664973e-10,-7.018000566464952e-10,-1.2695187540074023e-10,-1.3951566979333838e-10,-6.195270792989798e-09,-3.2337359314194365e-09,1.4548206642977804e-09,4.721918120128306e-09,-4.757301644837098e-09,-3.63123478167332e-10,-1.3822164666478433e-09,1.353675364139111e-09,-1.0327987159889324e-09,1.8109466138443158e-08,-3.5243350811726384e-09,-1.5260688548025874e-09,-9.649416258572692e-09,1.3655979334337504e-09,-1.3079843193920116e-09,2.1710223726093522e-09,-1.0922521262314615e-09,2.700367169938587e-09,7.59502317737825e-10,4.0585302471217303e-10,-7.290833737885512e-10,-2.6867660994570806e-09,-2.35729710973579e-09,1.7687094071134065e-09,-3.740040580629183e-09,2.77240531259739e-10,7.643959200882285e-09,3.7038709338482546e-11,2.9140398612022824e-09,1.7949345756523658e-09,5.087699069169579e-10,2.4696075872881627e-09,1.0424617592016718e-09,2.9527612833304438e-09,-3.525514934828882e-09,-7.816693949721739e-10,9.264020493447014e-10,-1.9044832887536373e-09,2.948754261353886e-09,4.529818081980277e-09,-8.255946698475311e-10,-5.899247597061807e-09,-9.770398079073147e-10,-4.512183123997021e-09,-5.398385038617211e-09,-1.8752117350379413e-09,-2.423287486441197e-09,1.7572515484559615e-09,-1.495872963439741e-10,-2.752421949942274e-09,2.65578145513314e-09,-5.863188036104735e-10,-4.7652288438465515e-09,1.6516777255102883e-09
L4treat_p3,1.3387055732812006e-09,7.274149548376793e-10,9.242794319872746e-09,2.048336228170017e-08,-2.366050083634017e-08,-3.5598694019280143e-09,9.963944754924902e-10,4.240795365459502e-09,1.4973211589278893e-09,2.96199623688787e-09,-3.226690277595708e-09,2.5431037494997624e-10,2.6214332700367262e-08,-1.6770878015115117e-08,1.2750390576657605e-09,-4.2441336137150725e-09,1.3269371194532375e-08,8.994687064312302e-10,3.039906638631498e-09,2.3795393723366537e-10,7.482687359960898e-09,2.097590501365387e-08,-1.5460976624585205e-08,1.0062968747475314e-08,-1.5779717737892696e-09,1.3293981442247668e-08,2.690683099649979e-09,4.695161779084687e-09,5.50855531288741e-09,4.578403815430352e-09,2.7288897854885407e-08,-1.7043156959501095e-08,8.720659799700087e-09,1.0214855471902964e-09,5.389258216150571e-09,-3.2813799600231385e-10,3.0427356120122205e-09,5.788070492208858e-09,1.9883124788947486e-09,1.2667271302814733e-08,-1.644871208488725e-08,1.2628001026336512e-08,4.105720830130224e-09,5.733255386267521e-09,1.1703818017511327e-11,-3.080796051732067e-09,-8.925223560085286e-10,-4.3701499432911966e-09,-6.43060800771558e-09,1.8325015018371347e-09,-9.573716830680008e-11,1.2786418413912036e-09,-7.640687604550155e-10,-2.87209664933722e-09,2.1805200995735684e-09,-8.193797669143047e-10,1.5278575209233578e-09,-1.2014739947915434e-09,2.16258533524065e-09,2.779526540385774e-09,-5.228522179893303e-10,-3.614917252234351e-09,5.9586123127968475e-09,-2.1265621121615233e-09,-4.4372977747485235e-09,3.710292030709453e-10,-6.276038136107825e-09,-2.2137947836932434e-09,7.711278340225162e-10,-3.363077634426314e-09,-6.48717838154271e-10,1.2226007033227056e-09,3.6892379594265475e-09,-6.992701739494252e-09,-4.692577719767924e-09,5.8099779943610965e-09,-4.276273114912522e-09,-5.478786033705252e-09,-1.936151396381901e-09,-8.449515517753108e-09,3.6538211606578016e-09,-2.668795147633308e-09,-2.9732948931940908e-09,-2.1754284448328942e-10,-4.848019024843776e-09,3.2007132558089267e-10,-6.157609825543784e-09,-1.844885124596183e-09,4.905169531435095e-09,-6.707729336890149e-09,-4.807828047124186e-10,4.6477795997815823e-10,-4.190582079120364e-09,-1.810369498662666e-09,-1.2971768714119845e-09,-3.981950542528618e-09,-3.054036413078294e-09,1.1527413180516685e-09,1.6113306112864388e-09,-8.106914906939098e-09,-1.0469883446152052e-09,3.4193689011995682e-09,-5.444041051573704e-09,2.821981594094031e-09,-2.9759178761601927e-09,-1.8801807013719264e-09,-1.1903918089779462e-09,-1.9844530461973654e-09,-2.5968648635324667e-09,1.130276199148671e-10,4.762266747342767e-10,2.1799316675026463e-09,3.865191687182433e-09,5.074701220113576e-09,-1.2723434719569222e-11,2.8018925217533846e-10,-9.708842153668833e-10,9.021486004305686e-09,1.3136784657326093e-09,-2.9570534627216237e-10,-7.209581214390833e-11,2.2879226398762867e-09,1.2738865488861246e-08,-6.762629255105189e-09,-1.94426848065404e-09,1.1127766708312317e-09,7.896470451518138e-09,-5.812482489305861e-10,-7.394911259583964e-10,-2.210656699396589e-10,-7.969147021367107e-10,-3.072380412035028e-08,1.2162540114621918e-08,-7.029333070063819e-10,5.134319889477405e-09,-1.6859755530388513e-09,2.610343298171185e-09,1.0154147651349997e-09,8.8808899064627e-10,-2.9958122763399413e-09,-1.1090983168522612e-09,2.5182070718326973e-09,-2.251419006627176e-09,2.3606650420848472e-09,-1.2400552839406442e-10,-7.016267504764398e-09,1.999662402861905e-09,-6.051743849011683e-11,-2.854382045258359e-09,1.2570581059673715e-09,-1.3818425034981359e-09,-5.022934147225065e-09,-4.6430329580878754e-09,-3.4518729157302717e-09,1.2458049175423293e-09,-6.3149379035497975e-09,1.026789938979588e-09,-4.696723669950182e-09,-2.3892080244707724e-09,7.555590068188314e-10,-1.286507306834983e-09,-1.6563556127758675e-09,2.1749618087300094e-09,3.526477994491671e-09,3.86967565559385e-09,8.871376761412837e-09,6.109280417059932e-09,1.2199272017375292e-09,7.413207254405885e-09,4.41717092701613e-09,3.98182633140449e-09,5.380319861358497e-09,-1.598542041325204e-10,7.647858919891339e-10,1.5853516393960045e-09,-1.104650845670281e-09
L4treat_p4,-2.548520697280924e-10,-1.1813159906450792e-10,2.023902495870341e-09,-2.3604143421766323e-09,-1.1027874098207174e-08,2.8808493226601056e-09,-2.3481572198417135e-09,-1.0818436300309435e-09,4.971500293469967e-09,-3.2158405885527853e-10,-1.0771250002447824e-09,1.615692340984724e-09,1.537411019583473e-09,-1.0165521940399162e-08,5.216021202630702e-09,-3.166927207306292e-09,8.994687064314084e-10,7.898824218007524e-09,-8.2990769046406e-11,-7.5421073900183e-10,5.79915597707178e-10,1.5172446243616313e-09,-1.2965712830493672e-08,7.470862843897819e-09,-6.889767355285256e-10,1.304847000426843e-09,5.680816939792674e-09,-5.578509928834791e-10,1.2388080057177203e-09,3.3559965675957183e-09,5.919943181597962e-09,-1.2230297243643616e-08,3.562647891225612e-09,-6.860079117183544e-10,-1.3166685504643268e-09,5.530383425429571e-09,-1.467378303231026e-09,1.4251761068594722e-09,5.849519798344656e-10,-2.4983538739096727e-09,-8.238195720909553e-09,3.4892072352431266e-09,6.990717089720482e-10,1.0412135319065121e-09,4.516296558084551e-09,-3.819687055117591e-09,-1.8222783875547955e-09,1.155669828981262e-09,-2.7835247610500893e-09,5.840864781961863e-10,2.5842311796991372e-09,3.6816340388810844e-10,-8.518886069608214e-10,-1.3428644381085128e-09,2.8258994810857818e-09,-1.349457279023319e-09,-2.068334551512394e-09,1.6617078965098148e-09,1.5541733351070943e-09,-1.4278625512452665e-09,8.115814578873042e-10,-4.11489597566893e-09,2.6089504380359093e-10,1.0573533039507102e-09,-7.05265410950005e-10,1.1834000164225853e-09,-9.691278905432038e-10,1.8910592835270836e-09,-1.0042083168569878e-09,-3.14052439938045e-09,2.311523184516191e-09,-2.030918667352288e-09,9.16498822580958e-10,-1.3407494386759386e-10,9.825892797562765e-10,2.4646481236414448e-09,-1.4519073626053067e-09,8.867238747904276e-11,-2.2461621761966924e-09,9.197919610383414e-11,3.0468040163293194e-09,-3.4094594532105557e-09,-2.4354708394396675e-09,3.119709751881262e-09,-1.4542890684950805e-09,1.2332267422313773e-10,-1.7807065421571225e-09,5.691517079571431e-10,-3.8424763815487927e-10,-1.2985551881342045e-10,1.9360433336960047e-09,2.283471221523569e-09,-7.732170577148291e-10,1.4949248032504942e-09,-1.5991178703831686e-09,-1.6109880331618883e-09,1.5478871118135574e-09,-3.903486476295891e-09,2.593512001016152e-09,-1.1089835444312306e-09,1.9911094490081087e-09,2.641725759333207e-09,2.3674847245593762e-09,4.2130858895399996e-09,-1.4214413029017386e-09,-1.43943094455103e-09,1.8315420691781e-09,-1.6967259193951385e-09,-2.0658126052472483e-09,1.8886973931297115e-09,-2.101873606464976e-09,-2.819054253044003e-10,1.090318877959138e-09,-1.4310014971240884e-09,-5.920566720763674e-09,4.5359131741689545e-10,-1.7545575803525865e-09,1.5079675935411039e-09,2.1048660086469375e-09,-8.310837691713063e-10,4.3535364529851e-10,3.0158286699343347e-10,-2.78173251614278e-10,-1.2357623346036922e-09,-4.769369417667125e-10,-1.8816091733188404e-09,3.0461604543379526e-09,1.414779002338997e-09,1.8408098872702116e-09,-9.521964328976241e-10,7.960650709418251e-10,-3.606048690959778e-09,4.112387354237245e-09,-3.5820016796546706e-09,1.8135962038426242e-09,7.588203105590453e-10,-3.731961626218197e-09,-1.7593484385725522e-09,-1.452777677318585e-09,-6.791168676839204e-10,-5.195806000733855e-10,1.3327176475780265e-10,1.7873173951190864e-09,1.2884870114993315e-09,7.913502160835358e-10,-1.6685886851102336e-09,2.0654997991022082e-09,3.2286584608643633e-10,-2.758083654420089e-09,1.5461722550318267e-09,-8.674673276086916e-10,-2.4236336302862406e-10,-1.9239666279246163e-09,4.935739416531583e-10,-1.982934813726951e-10,1.3259797780593134e-09,-1.7072415164365563e-09,-2.6632883522075843e-09,8.81845648838808e-11,6.153649322600358e-10,-1.4045294177590668e-09,-1.8045475489541587e-09,1.9611683793588866e-09,6.497646103235567e-10,6.271384996319214e-10,1.4464457608420327e-09,1.475708528974699e-09,1.2414687365694564e-09,1.0790176790458797e-09,1.265611325096172e-09,1.8612419473795635e-09,1.6898768603522894e-09,-1.2182179270710248e-09,1.2228159561647309e-09,1.7172819825079947e-09,-2.157533619087462e-09
L8treat_m4,2.6289593618076085e-09,7.308181616427885e-10,2.481386260271298e-09,9.974750915796291e-09,-9.991758435951445e-09,-1.4583623996226601e-09,3.183971479918837e-09,8.745905104764333e-10,1.4917546606523087e-09,3.26650943343753e-09,-1.8176285393636636e-09,-9.73421051114628e-10,1.2690168737483144e-08,-7.563193923368048e-09,-1.2703456719394968e-09,-7.080935723590036e-10,3.0399066386314996e-09,-8.299076904645947e-11,5.3295379728280114e-09,4.2525194512708876e-11,3.430800395415431e-09,8.58613293065102e-09,-4.89081764805509e-09,1.1482724585891386e-09,-3.886201067498799e-09,4.827212667341089e-09,7.232826835157071e-11,5.382131234980132e-09,3.0714165991987162e-09,2.618250846275993e-09,1.0498424284336014e-08,-3.7468683556193115e-09,4.021901205755893e-09,2.2386816301424128e-09,-1.8606902850366492e-10,-3.017827038235374e-09,3.740375261109422e-09,4.617072456535868e-09,1.4483296820759666e-09,6.769134661498015e-09,-4.638992043622224e-09,6.266752580115812e-09,1.215833765178237e-09,7.420501222406309e-10,-2.040560535699913e-09,-4.094993424561195e-09,-4.560831011173219e-11,-2.973323987042538e-09,-2.480909624535108e-09,6.942386165346769e-11,3.30797223163368e-10,1.8757629991955498e-09,2.259659446696237e-10,1.0899756428687163e-09,-7.119218880431607e-10,4.0100038260975943e-10,1.4365720288372439e-09,-7.094025371778129e-10,-3.943205172509057e-09,1.071627234856321e-09,-2.237472293477011e-09,-4.03358550496714e-09,2.607185723560314e-09,-6.307709815467719e-11,1.348448297883901e-09,5.568913698600609e-10,-2.3379892108870297e-09,-1.3965008926919387e-09,1.157448431801094e-09,2.137117535991737e-10,-1.175898199198273e-09,-3.391531810052286e-09,1.2493743012073472e-09,-3.780814542155428e-09,-3.0680241695548102e-09,2.2267209508726795e-09,-2.2598257695058138e-09,-4.0780621497834824e-10,-1.0632963813852635e-09,-2.756233878908613e-09,1.0103177199750163e-09,-3.2553574489773645e-10,7.372897092581322e-10,-7.671442532647442e-10,-5.5019480736532935e-09,-1.0059572558207548e-09,-2.6387305162301627e-09,-3.813950006591397e-09,1.4630938574411822e-10,-2.239745171744307e-09,6.46640026463873e-10,8.79072356217424e-10,-1.3626096840006344e-10,-1.983321892539878e-09,1.4070901016237776e-09,-1.5068261229682562e-10,-3.8947386726518254e-09,-5.197591271140842e-09,1.7718008450094048e-09,-4.573260246688885e-09,-2.096941310889084e-09,-1.0977415525020372e-09,-9.827381372685516e-10,6.144588320845477e-09,-3.073490975402185e-09,9.389328793458147e-11,-1.1811569873867852e-09,3.711281820213006e-10,4.3681544239306986e-10,-2.329893350478651e-09,1.8504468721324802e-09,1.6365791410840494e-09,1.1157889029509989e-09,3.5249313520175024e-09,-1.5132736918399894e-09,-1.639678109676193e-09,1.0832427099354203e-09,3.824770234603191e-09,-2.3141650761366572e-10,1.5606736062120965e-09,-7.629526023066528e-10,-1.7259469617326172e-09,6.38020857646318e-09,-2.6120847776841397e-09,-1.0042780712243464e-10,1.6304030869279064e-09,1.313581811803456e-09,1.9025402563176103e-10,-1.5495993925253736e-09,-1.1191647549367722e-10,1.871499898815987e-09,-1.3144785262511638e-08,2.6581440534545814e-09,-1.1859305388261755e-09,6.382046035004304e-10,-6.498753906530184e-10,2.235246257063234e-09,-9.464493361851335e-10,2.069520535610066e-09,-1.9113212154464717e-09,-8.716356822527903e-10,1.7665274659580773e-09,2.4482270493961285e-11,3.0363565837752686e-09,-1.3507958239247532e-10,-2.2168539743799234e-09,-3.395974177673188e-10,1.200964106681827e-10,-7.820204043900037e-10,2.157574112650422e-10,4.186934699957006e-10,-3.9734054745636126e-10,-3.2251274387680793e-09,-1.7073768387392574e-09,5.315840350490558e-11,-1.755620328720684e-09,8.481214602044748e-10,-9.68493395583511e-10,-8.562042375530122e-10,7.384480750206162e-11,4.2873952677270137e-10,-5.586426654976577e-10,7.3413756477409e-10,3.2255634259385163e-09,9.010938959828658e-10,3.845265260888118e-09,3.290624505226154e-09,2.3061579000948917e-10,1.7829287225384707e-09,7.213258994866508e-10,1.5440874994288827e-09,2.0084143314129413e-09,1.2114366950303761e-09,-4.872470223972066e-10,5.502989083778462e-10,1.2414379859035966e-09
L8treat_m3,-5.2098627226882273e-11,9.91605829797778e-10,2.0929737987850748e-09,6.78423261929156e-09,-6.344157095766492e-09,-4.166240657380481e-09,9.619214783357328e-11,9.134676658260086e-10,-7.967433134028599e-10,-3.4962637361464524e-10,9.456699809184306e-10,-3.296014373150716e-10,5.624230762760433e-09,-3.126380039404238e-09,-4.5865191691132345e-09,8.544753366094009e-10,2.3795393723389414e-10,-7.542107390018831e-10,4.2525194512708075e-11,2.0327233039826768e-09,2.2976653952156636e-09,7.388834676602498e-09,-2.1305151169316173e-09,-2.5625572053704993e-09,-2.0740577286726167e-10,1.148518344712937e-09,-1.3950430091575407e-09,1.3127113375367059e-09,2.8092214296399902e-09,-1.2889372707713992e-09,6.3220732163006474e-09,-2.6690897029422622e-09,-2.4798615535763777e-09,9.956716792879253e-10,-5.031717019083058e-10,-2.322107031964346e-09,1.2221247135241658e-09,2.599378890267473e-09,-5.10941510520017e-10,7.25494326734139e-09,-2.123121940411298e-09,-1.490038802592214e-11,1.3819175937680111e-09,-8.934637410476537e-10,-1.4360868908881349e-09,5.744921347855018e-10,9.885198510076598e-10,-2.9355216467181278e-09,-1.4494587817478531e-09,7.097201530365468e-11,-7.330815526806485e-10,6.872350100424487e-10,1.2812285764754638e-10,7.46405986633682e-10,-9.686487620370652e-10,4.990795519419198e-10,4.778901280234716e-10,1.0918059233142283e-10,1.3790122616705069e-09,5.165981301027598e-10,-4.684226438952094e-10,4.0571299665220993e-10,2.0482727538997637e-09,-4.649863701483828e-11,7.235680280688618e-10,4.2158616096476613e-10,-2.3201354993654772e-09,-8.062379910844721e-10,-9.189873796848882e-11,3.913978575498559e-10,-8.675000452601496e-11,1.2355180150038925e-09,1.4764392054182424e-09,-1.5363373783174571e-09,-8.645486710282423e-10,1.3951340674552106e-10,2.282052049531601e-09,-8.186267022554786e-10,-3.7608213154682845e-10,-3.061988344271165e-09,-6.560840916407868e-10,7.098695006820212e-10,4.2648528395569045e-11,2.766764088267666e-10,1.4633160369142468e-09,1.0113340641541833e-09,-1.5096252032431322e-09,-5.447284759956417e-10,1.4212963796636982e-09,3.289433797759313e-10,1.050730511565254e-09,-8.73629397019346e-11,-1.1160549071323342e-09,-8.356196620196787e-10,-3.0989229284252006e-10,-4.703731512615132e-10,-7.257639283049997e-10,2.468239861016531e-09,5.891648185394327e-10,-2.291328760116445e-09,-2.4185693739862203e-09,-5.412302215435579e-11,-6.094181664117448e-10,9.26049742719257e-10,-1.650959029209962e-09,9.837391674668295e-10,-6.090451489731731e-10,8.758079826041571e-10,-6.568438420306081e-10,-3.32299453324812e-10,1.4275066924328103e-09,2.020689300404675e-09,1.1088138167869198e-09,3.260422139802226e-09,1.814543568966491e-09,-2.7636444827469455e-09,-7.457052179708324e-10,-6.517456156052282e-10,-3.4652075799295154e-10,9.082552534012307e-10,6.856743472575653e-10,5.522330409697074e-10,3.1347145474288256e-10,-1.0894619828825687e-09,-1.0613759644584416e-09,-2.19130882654422e-10,-1.0590474803792928e-09,-2.0558246604035563e-10,-9.411680914920969e-10,-1.0724180335876778e-09,2.392753339783224e-10,-9.162318841345612e-09,3.1818441734710964e-09,4.358442982881521e-09,1.969079484770231e-09,1.882265129477351e-09,2.9348153600122936e-09,9.555571579284005e-10,-7.165096370015259e-11,-2.0588045571354276e-09,-3.756763249901797e-10,3.8118974091824884e-10,-8.783541217591947e-10,-2.542379308243303e-11,-5.654467777086355e-10,-7.255697949069455e-10,-7.580300745655765e-10,-9.300308817605654e-10,1.6283561165429962e-10,-8.255367038840469e-11,6.753654305343295e-11,-1.6650334795812102e-10,-1.1220531219082746e-09,-1.66609380255499e-09,7.195065532534083e-10,-9.860508661364899e-10,-6.007180089816306e-11,-3.4848228106516234e-11,-7.298777260313081e-10,-1.7533744190192946e-09,-6.795324543139703e-10,-7.55278740891227e-11,5.650699834980336e-10,7.437395191585319e-10,9.881143187561987e-10,2.4434985904204185e-09,1.6596175956621898e-09,-1.7078849002419835e-10,6.943789797733753e-10,3.6713837755476483e-10,3.1372760227196314e-10,5.066541828571447e-10,1.070082354413343e-09,4.388854636288095e-10,4.878962567942768e-10,3.0470560375188257e-10
L8treat_m2,1.2321655828000974e-09,1.9999455721855376e-09,2.73283825731828e-08,3.963437139924833e-08,-6.471252841403378e-08,-2.0781586180213602e-08,2.301819407495073e-09,6.358615688877103e-09,-9.248708514232881e-10,1.877400055114476e-09,-5.027206656996458e-11,1.1658849408796338e-08,5.099387578590938e-08,-4.096010479004519e-08,-1.6433214156169007e-08,-6.071146694265497e-09,7.482687359961118e-09,5.799155977070499e-10,3.4308003954154403e-09,2.2976653952157236e-09,2.569233703621851e-08,4.6322839880597365e-08,-4.408232337972373e-08,-1.5351362517444312e-09,-1.0811586734910723e-08,1.4232953277892054e-08,1.4042304124491654e-09,8.169194411827506e-09,1.1508608274612897e-08,1.4683450684846519e-08,5.501678277727827e-08,-3.6993157660196186e-08,8.525509701735783e-09,2.7900459921297932e-09,3.587234479123314e-09,-4.9244066785369144e-09,4.03072217812285e-09,1.1864650135570717e-08,9.46470739208552e-09,4.0221748214529305e-08,-2.9468824235934014e-08,9.434291361825966e-09,9.629596294626302e-09,2.6160656367861197e-09,-5.2092119826141056e-09,-6.953473284995961e-09,3.9237658242314875e-09,-9.111643691752897e-09,-1.2009498739760705e-08,6.41832278368911e-09,-1.5372244853960613e-09,1.418506336246901e-09,3.8483669893868735e-09,-2.860930043746182e-09,5.070190887029309e-09,1.1991151423151832e-09,1.9478053938602874e-09,-8.343800186723309e-11,6.884207157333394e-09,3.775177029195958e-09,-2.3378485147687433e-09,-6.0414631380986855e-09,1.4524386570580735e-08,-3.0734810016344497e-09,-8.617182114240518e-10,2.9942958947838435e-09,-1.3970613550491294e-08,9.47817610651036e-10,3.172374172683709e-09,-4.167660219561942e-09,-1.9748183935260804e-09,5.158300457367171e-09,1.5864026209143705e-08,-8.00819834713927e-09,-8.551634486578747e-09,1.2799272555218182e-08,1.6938777399941024e-09,-8.690914374112434e-09,5.236859247201047e-10,-1.7979226755267377e-08,1.1106361918097989e-08,-2.6726595018519912e-09,-2.3958018047074035e-09,1.7054539158652484e-11,-6.044786694095868e-09,7.404039782675097e-09,-1.1282611852322652e-08,-6.319223628751887e-09,9.018078891185979e-09,-9.33487505131449e-09,2.565573576022071e-09,1.2109450227885321e-09,-7.603622801178648e-09,-4.6269738984813597e-10,4.74480034054397e-10,-3.0690424512913786e-09,-1.1484707161768254e-08,2.889070671853242e-09,1.1545752271592408e-08,-1.1826491486565241e-08,-1.1918443749510972e-08,8.60332551660704e-09,-6.184348930724156e-09,8.075679510484507e-09,-4.205075347223136e-09,3.32664236342678e-09,-2.695080406701129e-09,1.4023850432211922e-09,-4.162806509406498e-09,-5.556936718230009e-09,3.489123516295582e-09,1.0288602810913973e-08,1.4199903080008418e-08,1.4303648695311343e-08,4.146441103907081e-09,-1.8472337520481211e-09,9.81167713383932e-10,7.521806827668588e-09,1.2718002034375626e-09,3.4358252545593313e-09,1.8136110161429917e-09,9.177677901752886e-09,1.4193627756931515e-08,-6.697023716755785e-09,1.0587136239553115e-09,-4.825055074216238e-10,4.127883872687186e-09,-7.744471059042072e-11,-4.928156748188193e-10,-2.8476438287916247e-10,-3.360894806442477e-09,-7.014502047876183e-08,2.1106866960155182e-08,9.274604563614515e-09,1.057381067358255e-08,4.287289818655447e-09,1.1084201128335743e-08,4.21894306655008e-09,1.8299783668940054e-09,-1.1484330562703376e-08,-4.934306410272886e-09,1.9874012209675888e-09,-5.132824339479829e-09,3.0681253898154822e-09,-8.22644870807465e-10,-1.0210058406583235e-08,2.7037370724408594e-09,-4.952391794643663e-09,-2.2886541508269536e-09,2.8940683681166073e-10,3.6926748733979676e-09,-1.4496637341814724e-09,-5.947434568592092e-09,-1.1722519669119383e-08,2.5993890807269277e-09,-9.75845398587811e-09,-3.773749410018423e-09,5.115412201655005e-10,-5.489851567101485e-09,-2.3483661614509105e-09,-6.271714143900696e-09,-2.285660287472206e-09,1.5148622654849033e-09,5.470067061919674e-09,3.847044838186121e-09,1.5443614667590882e-08,1.383568627829307e-08,-1.591084572099004e-09,1.0223122680583463e-08,6.422830290217979e-09,2.804289371063678e-09,8.010185766867383e-09,8.287026683251824e-10,3.659996471879856e-09,5.6063205406863495e-09,6.480486951618107e-09
L8treat_m1,4.4589425783395936e-09,6.9702600916535035e-09,5.313633680703236e-08,1.3854073953927573e-07,-1.655427228282294e-07,-4.3600110008000195e-08,7.034859317575006e-09,8.814936378642874e-09,-6.9057109497675825e-09,8.625741527562748e-09,-2.8054124108920286e-09,-1.123546177858378e-09,1.7989021897487706e-07,-1.0756733250430796e-07,-5.253398109785054e-08,-1.2913642213024448e-08,2.0975905013654093e-08,1.5172446243608883e-09,8.586132930651061e-09,7.388834676601271e-09,4.6322839880595955e-08,1.7537017823790455e-07,-1.1705198992188798e-07,9.160055082943776e-09,-1.4370435686669712e-08,4.2474967569576526e-08,7.228785705658202e-09,2.5581417994970193e-08,3.396738032025458e-08,9.126533508611092e-09,2.0031632140953297e-07,-1.0893824128140604e-07,2.5721915455896253e-08,1.2505899581019533e-08,-1.1175445438822124e-09,-2.5349039230314416e-08,1.1429766974885446e-08,3.186328459602718e-08,-3.85706584421868e-09,1.2810335366893525e-07,-8.852661565983986e-08,4.053666744035684e-08,4.316696095673027e-08,1.1938861077575023e-08,-1.3225356631771502e-08,-1.9897155805708217e-08,1.0000150236654201e-08,-3.552246032943865e-08,-2.774465905209921e-08,7.76396719374585e-09,-8.804528418302984e-09,5.779976150481077e-09,8.145849566798733e-09,-5.306268096358604e-09,1.2071799135792554e-08,1.9831989103675154e-08,1.0294309628864923e-08,-2.345985130425973e-09,1.933822102014981e-08,6.50522005697968e-09,3.3499539620327242e-09,-8.804819777044134e-09,3.546244941024061e-08,-1.7240854739527345e-08,-2.6724648646253246e-09,1.895725152308642e-08,-4.13964328466395e-08,-3.857745525210861e-09,7.3618046664025786e-09,-1.1716583712232064e-08,-2.317973068512904e-09,4.084402310888794e-09,3.849513389952771e-08,-2.9759798358617072e-08,-1.954374723382077e-08,2.482563850975472e-08,8.112103091717328e-09,-2.313881223951251e-08,6.085936901157176e-10,-5.1032922048738745e-08,2.5367374085740356e-08,2.6302090384750454e-09,-1.2178206605416327e-08,1.0390082139070001e-10,-8.447355958199166e-09,1.4500090957708479e-08,-3.736590644409737e-08,2.1140802786446983e-09,2.7589582137179712e-08,-2.4197479424743823e-08,4.1929289821769805e-09,1.076522096772644e-08,-3.090172011287013e-08,-9.404372901913961e-09,1.0736735410201238e-08,-1.5149352121746585e-08,-2.4900513117135944e-08,1.4740854939179753e-08,2.3375687289930576e-08,-3.536913035806859e-08,-2.1318858605210184e-08,9.48776127678369e-09,-1.7785378680077434e-08,2.0425229708929476e-08,-1.203431229833604e-08,1.4056200733050795e-08,-6.3456029743581655e-09,6.535551716595397e-09,-1.8016083181396692e-08,-9.534878610337734e-09,7.725401326732774e-09,2.2252664677673285e-08,3.161799815894389e-08,6.198790917091883e-08,2.553529173945393e-09,-1.2111958744052954e-08,-5.031634281677954e-09,1.156775891740416e-08,-1.1789129855980274e-09,1.1530545126240412e-08,2.9486684217297007e-09,1.4125300560250577e-08,6.448792448957613e-08,-1.755803344800991e-08,-1.1773224544910719e-09,4.847282039719894e-09,-1.1368024850272205e-09,4.821298744471781e-09,-3.877354349340025e-09,-1.340046424089386e-09,2.3832886318230572e-11,-2.2652223534128514e-07,6.288770527548508e-08,2.9854180028007245e-08,3.0123037700991014e-08,2.2839913000923157e-08,3.6219852870125145e-08,-6.748501393544675e-10,5.224585367275607e-09,-2.8249885661838423e-08,-7.588730567963643e-09,1.0097747812065304e-08,-1.9077474164580922e-08,9.215178167577229e-09,2.2107833400945617e-09,-2.2650658529146957e-08,6.228178081316558e-09,1.7738338604553308e-10,-4.8497821393196404e-09,9.593086799293883e-10,-2.662086167764966e-09,-3.3895981852521685e-09,-2.502634494046339e-08,-2.841223245698042e-08,2.799212351123303e-10,-3.488162967931121e-08,2.4440878415963464e-09,-3.5964904284956326e-09,-1.8204584549873334e-08,-1.495651686849881e-08,-1.0668591182660752e-08,-9.102910824857413e-09,5.564428846262504e-09,2.469308465499027e-08,1.5907275163906477e-08,4.955444217910327e-08,3.376801837133981e-08,2.333024561118124e-09,3.1527736997862256e-08,1.4546978484140197e-08,6.044656100052584e-09,2.0211603176968865e-08,5.1738137291622664e-09,1.7954313416087e-09,1.2811799202889088e-08,1.0041154841201957e-08
L8treat_p0,-1.8476759768648838e-09,-3.2650891999257193e-09,-5.393286253987412e-08,-8.694928408748241e-08,1.5513828837273106e-07,3.3357126338290685e-08,-3.884393505473653e-09,-8.757601360616429e-09,-2.3018048610694496e-09,-3.828837299267973e-09,4.49778906326779e-09,-1.4959082373193804e-08,-1.2841941050698123e-07,1.0194557574008409e-07,3.179051883610346e-08,1.4486787871010259e-08,-1.54609766245854e-08,-1.2965712830493925e-08,-4.890817648054901e-09,-2.130515116931782e-09,-4.408232337972347e-08,-1.1705198992188876e-07,1.23794805941791e-07,-1.6128936513560312e-08,1.5188378253678392e-08,-2.896236478716469e-08,-1.361785882484456e-08,-1.50080038661771e-08,-2.469061531194896e-08,-2.4655822332007165e-08,-1.4498327681078437e-07,1.058274315403207e-07,-2.5548941579685484e-08,-6.048339724337244e-09,4.493860727780812e-10,3.6312596323032273e-09,-3.756035148326822e-09,-2.4401004572127503e-08,-6.068239565702107e-09,-8.355964821409825e-08,8.680605491667876e-08,-3.389144370272804e-08,-3.200760595402733e-08,-9.446137669407382e-09,4.2347374606386193e-10,2.4731989274788446e-08,-6.872573990950627e-09,1.856315749620841e-08,2.629210738608208e-08,-1.1869117463130763e-08,2.4890923641892445e-10,-4.25503265627938e-09,-7.2403585095671e-09,7.973681177061193e-09,-1.760374056993779e-08,-7.1580448829140606e-09,-3.0934290017459444e-09,-2.2282918587462514e-09,-1.6494228553394016e-08,-6.042258066737266e-09,6.45577869678393e-10,1.719039361396789e-08,-2.9375243181436004e-08,7.578769966426995e-09,1.0311704209059926e-09,-1.1607188132300984e-08,3.023068586167535e-08,-4.164674868670956e-09,-4.173380457814442e-09,1.4249303656452203e-08,-1.3226470086973712e-09,-1.79636044042754e-09,-3.737347565557018e-08,1.8912272269349855e-08,1.527181171612986e-08,-2.69578372601238e-08,-2.5944159618808164e-09,1.789170920085298e-08,2.147882319671618e-09,3.700652546480219e-08,-2.894341186808598e-08,6.8290114478044904e-09,1.0068225944898319e-08,-6.724025891381252e-09,1.4014370891429337e-08,-1.4617292239709973e-08,3.072180425626567e-08,5.492997260034023e-09,-2.0799186274829124e-08,1.834536711095299e-08,-7.993153132711671e-09,-8.911654937822913e-09,1.9183074993356795e-08,-1.1944067184936597e-10,-1.4286181817046943e-09,1.2870483548450648e-08,1.702067584752257e-08,6.364371682617952e-10,-2.6806693384433706e-08,2.8081838623740154e-08,1.498382603502187e-08,-1.7110836683917133e-08,8.069165484002932e-09,-2.150407654811353e-08,8.154375034050008e-09,-6.33759004865441e-09,2.6269933731177597e-09,-8.213295252787597e-10,1.546052336262399e-08,4.4992497734559624e-09,-1.2751799579129478e-09,-1.6932309832487454e-08,-2.7629336031537667e-08,-3.792639976754095e-08,4.552118498356143e-09,1.8809031165878397e-09,3.512780919554529e-09,-1.3508005851127936e-08,-2.978843441683048e-09,-5.409191667475027e-09,-3.225439031046973e-09,-1.691945066380185e-08,-4.063153341020845e-08,1.4062399980408578e-08,-1.2573022998954922e-09,2.25227796387497e-09,-8.875298493481642e-09,-3.1866158008141676e-09,-2.7591073112674978e-09,2.0927996584897318e-10,3.1452765274936946e-09,1.6951354564972015e-07,-5.167893345220002e-08,-1.0705210546609023e-08,-2.1718445261815898e-08,-1.4474911324924086e-08,-1.8407049407228586e-08,1.7556267981902737e-09,-2.352297884092189e-09,2.3770634630456695e-08,8.577776902871687e-09,-5.862870989286718e-09,9.844674692796367e-09,-8.864379154656871e-09,-2.3450700496007196e-09,2.2181170325724802e-08,-1.1391941145888448e-08,3.528385164385288e-09,6.625636369271071e-09,-3.978167986667566e-09,-2.65287186077325e-09,7.176285619145237e-10,1.7114972697209742e-08,2.3403093986757263e-08,-3.3531499278226928e-09,1.9092796831696994e-08,5.573180091277403e-09,4.414514170381339e-09,1.0758682810331574e-08,8.187368220065374e-09,1.3649619769144546e-08,8.669921115497547e-09,-6.628664837683946e-09,-1.7029644123231644e-08,-8.647093153678747e-09,-3.656499743435801e-08,-2.987770917272874e-08,-1.9005156990750945e-09,-2.4771955591466266e-08,-1.5565268223853626e-08,-8.393386516778993e-09,-1.8914894913582652e-08,-7.635470198417758e-10,-7.627885743017118e-09,-1.4283143970552627e-08,-8.624547059627487e-09
L8treat_p1,1.1093319140177246e-09,3.480633022093023e-10,8.081518382498282e-09,5.848417565647672e-09,-1.5416013675091947e-08,1.4438174676810438e-08,5.341891507661938e-09,-4.589424395344995e-09,5.008133337234805e-09,2.9590726923426355e-09,-7.743068725246575e-09,-3.0451889277783623e-09,2.114292591636121e-08,-1.4079168968085702e-08,1.8574670110246106e-08,3.4226759781991727e-09,1.0062968747475436e-08,7.470862843897806e-09,1.148272458589089e-09,-2.5625572053705787e-09,-1.5351362517443589e-09,9.160055082943162e-09,-1.6128936513560507e-08,4.246157959949004e-08,1.2698721564891201e-08,9.885430585236474e-09,1.0663143173612006e-08,2.546036373222469e-09,3.315628141652553e-09,8.602975202827022e-10,1.7909633081055536e-08,-9.017670362057651e-09,2.969551787092833e-08,6.142858409736647e-09,-6.370367886273363e-10,5.849006495813909e-10,1.3496569293520626e-09,1.121657642906052e-09,-3.594783677747719e-09,-8.3287941164994e-09,-1.4252513935677477e-08,3.4334673854427883e-08,1.4423702835417795e-08,7.409764189682184e-09,8.318272365638856e-09,-4.377131460068019e-09,-2.613821657936704e-09,-1.1902562149264287e-09,-3.813698673319413e-09,-4.4596310495673143e-10,6.57740958270988e-10,-4.852632694376211e-09,-4.403191824966404e-09,-3.565570327916297e-09,5.924528989056836e-09,-4.67931720700704e-09,-1.2831539951626967e-10,-7.089976380822617e-10,7.483387257688432e-09,4.3598651740564684e-09,3.782121786427379e-09,-4.581398156265143e-09,-2.3759234604297545e-10,-4.0502104249618045e-09,-1.0888483932689827e-08,5.196289392668625e-10,-2.951040266000737e-09,-5.667151502220001e-09,-3.981203211110757e-09,-6.929990447274294e-09,9.88983259301048e-10,5.1586607207754545e-09,6.619642237235834e-09,-6.441262706037064e-09,1.2712143247624895e-09,7.236907895688974e-09,-4.541101324588525e-09,-1.0809113916356426e-08,-2.2921764642454633e-09,-6.026003149195244e-09,4.209441881030142e-09,-8.529072802977668e-09,-8.638925980124253e-09,-2.1361587487399978e-11,-4.41257444293316e-09,3.586071679394144e-11,-4.044737587085948e-09,5.922832323085733e-09,5.967178346035875e-09,-7.759378175241968e-09,-8.666351035156059e-09,6.060109289173527e-09,-3.937183419023082e-09,-5.438084672305212e-09,-7.77601362567103e-09,-9.386768955872995e-09,1.7350327824407843e-09,5.7356041130497366e-09,1.0322193644436434e-09,-5.8353193272918894e-09,9.243593889239912e-09,2.90107084113903e-09,-4.601676872438418e-09,-3.3747512284769922e-09,-9.064083999042839e-10,-3.777987293259393e-09,-3.046506485004696e-09,-8.641810269481785e-09,-4.909303821048567e-09,3.6176380886033302e-09,-5.340898832891155e-09,-4.327688344722812e-09,8.304570606890475e-09,-7.092560244885088e-09,6.975736026570535e-09,6.598746242301371e-09,-3.319773431547897e-09,2.057547857817861e-10,4.119885231971187e-09,-3.3344160365704454e-09,-2.2950581748860773e-09,5.595565395167195e-09,1.1892342685495752e-08,-7.480541048772044e-10,8.655228424650219e-10,2.0820422344310798e-09,5.9721868369373404e-09,4.235997498914862e-09,7.721097734395183e-10,2.962730366757599e-09,-3.3651835758959674e-09,-2.086309069151462e-08,5.990412120347653e-09,-1.5378069504238832e-08,-8.91697248824769e-10,3.670993688709652e-09,-4.886203864259511e-09,-6.175604088793909e-09,4.2742573334180693e-10,1.496706218963791e-09,1.4668720028325964e-09,1.748053832256539e-09,-4.684576209971637e-09,5.641234939437571e-10,7.706634417569241e-11,-7.681894837186656e-09,2.364015660730278e-09,1.5797992282214568e-09,-9.553104213417003e-10,2.0128584217547892e-09,-2.6541175671834017e-09,-3.5238789849130364e-09,-1.0782006551413546e-08,1.5546565251896576e-09,-2.4492480612328594e-09,-6.422659959397906e-09,-3.7237563655206728e-09,-7.604181121738432e-09,-8.980810284904737e-11,1.2164224961596757e-09,-1.6356512714666774e-09,-1.4566716869725744e-09,1.5270678759916381e-09,3.1441785871461296e-09,5.624394590499661e-09,9.963396601218848e-09,2.766683378316204e-09,5.739996928605127e-09,1.2802656942763671e-08,1.1469404268491895e-08,5.920116402076416e-09,5.6495712894905785e-09,-6.174212407249452e-10,1.960205254270727e-09,8.685798695690681e-10,-3.942015926234159e-09
L8treat_p2,-1.7498806254699552e-09,-2.816205781537903e-10,-9.921498992395795e-09,-1.2337936845448746e-08,2.3269364959897376e-08,1.0394144766272766e-08,4.743779407337405e-09,-4.038616975891219e-09,-1.280579357583587e-09,-2.022035950231743e-09,-9.871790234980493e-10,-7.232570266090996e-09,-1.5569974434331094e-08,1.6964958227543e-08,8.901366232623322e-09,1.4419534678413347e-08,-1.577971773789233e-09,-6.889767355284233e-10,-3.886201067498804e-09,-2.0740577286695955e-10,-1.081158673491043e-08,-1.4370435686669641e-08,1.5188378253678557e-08,1.2698721564891016e-08,2.1688548945422158e-08,-5.9754016809249094e-09,-5.068420998880662e-10,-6.112344124164501e-09,-4.506117350937343e-09,-9.052384196641755e-09,-2.2518556432802366e-08,1.1931142514933783e-08,1.8044635079127182e-09,6.64764714894423e-09,4.0866343992526923e-10,3.4968072958515242e-09,-2.123618211840228e-09,-6.824773591305664e-09,-6.8301328519321714e-09,-1.6293971386258533e-08,2.117787233443954e-09,7.900481103641945e-09,1.0455673686299798e-08,-6.051960618566715e-10,5.895902895940633e-09,7.316872377538686e-09,-2.2584369388056156e-09,4.802491726140096e-09,5.9022710344461756e-09,-4.5434536724127776e-09,-4.55090134578206e-10,-6.463018274611256e-09,-5.868825287046669e-09,-1.7455653467622635e-09,-2.840243208294982e-09,-2.811476537722885e-09,2.7800609169064367e-09,1.5825892157460248e-10,5.2289428270186834e-09,2.809181998299534e-10,2.846057698003572e-09,5.683864037564523e-09,-5.320670208143012e-09,1.1342905898824545e-09,-5.890360759590944e-09,-3.6297292125977814e-09,5.7796864130771e-09,-4.7744893093172655e-09,-3.2249323959910657e-09,2.7123798607272525e-09,-2.6001342298406083e-10,7.919872611679e-09,-4.377643180739892e-09,3.5996081048692458e-09,4.706574458057047e-09,-5.5450189077593235e-09,1.4607186726787934e-09,-3.5715981447498997e-09,-7.44839780111655e-10,4.8410194684074145e-09,-7.1833974854862425e-09,1.4343872978364653e-09,8.833749526417819e-10,-2.2562975732056254e-09,8.42606257703229e-09,-2.084445074312403e-09,7.559620333156148e-09,5.832435802699095e-09,1.2306842363596398e-09,2.7420824406200226e-09,-7.415666308272154e-09,-1.49775826538493e-10,4.774957026888194e-09,-1.9274689841051747e-09,-4.985100831676032e-09,1.0724934912472485e-09,6.2799977865999065e-09,1.127368236408387e-08,-6.7863816163565706e-09,6.646503977464666e-09,9.596997872442007e-09,-9.779831686581483e-10,9.498529987222168e-10,-1.4215163620814244e-08,4.386874900025127e-09,-4.066016147931078e-09,-1.6760883584950025e-09,-4.086793226316832e-09,1.9170450632144293e-09,3.817212622592357e-09,-2.8480678282340233e-09,-7.365391601143149e-09,-2.613850882434256e-09,-8.206612528390608e-09,3.0295901978559534e-09,3.8888195101320465e-09,8.499561074013776e-10,-8.469764739041898e-09,4.3074725329178054e-10,-3.784729424285046e-09,-3.922653962685284e-10,9.735963807467133e-10,-3.767329750297891e-09,-1.8134979163493941e-09,-4.595217069734458e-10,4.592564008048489e-09,-2.2985312283248247e-09,-7.859912210354074e-10,1.6612018294312554e-10,1.777661597172527e-09,-1.9469510945697757e-09,2.2216450802586683e-08,-3.400357826179544e-09,-5.03192216558097e-09,-8.98357033656777e-09,1.6350499394876896e-09,-4.4875887903967125e-09,-3.445234320184883e-10,-3.027961554038344e-09,6.000674405252036e-09,1.861866714917609e-09,-1.776834625986182e-09,-8.350871215489308e-10,-3.952467180364226e-09,-1.556655567127213e-09,2.6008468492603525e-09,-2.671419289153125e-09,2.264519924044231e-09,6.34501240743943e-09,7.392129636236793e-10,-1.7951310491716548e-09,2.6950441407014195e-10,1.2193480102132945e-09,5.308037568035956e-09,-9.722047531972788e-10,2.2444750962317123e-09,-3.1871892988098015e-09,-3.457252417560606e-09,1.1542761223307865e-09,-1.1471060854379613e-09,3.038458586312404e-09,4.038835601418733e-09,5.6191302749026434e-11,-5.568664501059889e-09,3.930832564562703e-10,-5.588131627647392e-09,-7.3980236367700125e-09,1.236044719032877e-09,-8.766574036401188e-10,2.8162163568443055e-09,2.890886493137512e-10,-2.6376595498127698e-09,8.504668218226757e-10,-5.692029958662241e-10,-5.372456063725128e-09,-2.5189210735622664e-09
L8treat_p3,2.197852281295286e-09,2.098831157121677e-09,1.579866602706931e-08,3.667890876228812e-08,-4.334511251975912e-08,-7.37263021005238e-09,1.1297758019589828e-09,6.211265052300246e-09,1.9436708741603253e-09,4.888948407677427e-09,-2.04406444504791e-09,1.3858920512708386e-09,4.746644202407411e-08,-3.07614459178929e-08,-4.5978831486785765e-09,-7.071180412383058e-09,1.3293981442247881e-08,1.3048470004268076e-09,4.827212667341053e-09,1.1485183447127395e-09,1.423295327789161e-08,4.247496756957643e-08,-2.8962364787164167e-08,9.885430585236363e-09,-5.975401680924593e-09,2.150505344507594e-08,5.219807790463314e-09,8.820490938960334e-09,9.830125791243214e-09,7.899001919867984e-09,5.186693886094068e-08,-2.9159841912711422e-08,1.497149660223545e-08,3.370669425364634e-09,4.982046911303291e-09,-5.476126092108628e-09,4.459748676296617e-09,9.91671751363711e-09,2.99848875218241e-09,2.7660441759282193e-08,-2.1969095502161898e-08,1.7740423756051902e-08,8.564838999441546e-09,8.177368631942945e-09,-2.1725736125679858e-09,-6.687168627618666e-09,-1.1396749823575922e-09,-7.914737732551096e-09,-8.488813948388876e-09,3.2671764539208824e-09,-2.260865107373658e-09,4.071195039550818e-10,-4.8932593412607005e-11,-2.84354993942458e-09,4.302690591223464e-09,2.5083631583624618e-09,6.555630387192108e-10,-1.5990790377658324e-09,2.552094428541e-09,1.4250968416208174e-09,9.917223572610027e-10,-4.799826932628665e-09,9.627484064529673e-09,-5.759969651232454e-09,-4.5565434941203025e-09,3.6004836476491203e-09,-1.061107377728858e-08,-1.0726053331131285e-09,1.2965310167875015e-09,-5.89360981511938e-09,-8.52761942399036e-10,5.635062874603705e-10,6.7357056123537575e-09,-9.92758440218106e-09,-5.826771362878203e-09,8.823131147892134e-09,-3.653158980769652e-09,-9.077534121456387e-09,-1.6256508067340523e-09,-1.4492694722446924e-08,8.544106783701918e-09,-2.206871328575368e-09,-5.383310751331763e-09,-1.3225960451478129e-09,-5.8361639610343464e-09,1.4491455226797428e-09,-9.45059889421347e-09,-6.906123129646656e-10,6.303408091570834e-09,-1.0683314052771426e-08,-6.372663949007339e-10,2.864185602260762e-09,-8.548266868316344e-09,-1.528452469587183e-09,1.5302422950516496e-09,-6.751694305409898e-09,-8.79181580257637e-09,2.4337149623926824e-09,5.120064304340877e-09,-1.1187707196008925e-08,-5.008012674738004e-09,3.09444319267491e-09,-7.860957939703743e-09,5.208519395422628e-09,-4.297123259464007e-09,8.760882737779817e-10,-3.6684235256740517e-10,-3.8867948576135195e-11,-4.635680035027889e-09,-3.776834559787752e-09,1.2852301935038772e-09,5.608214028709336e-09,8.15151738255188e-09,1.2637106637657584e-08,8.974494296884007e-10,-2.3909738626102287e-09,-1.418994555611846e-09,1.0196241029610619e-08,1.841085601742494e-09,1.907238578276298e-09,-3.496890657925705e-10,2.347883500644704e-09,1.9680835240621814e-08,-5.9351714072803035e-09,-1.144573207890266e-09,1.4082708150420662e-09,6.638055967295561e-09,2.2798268865111924e-09,-8.98197403974325e-10,-2.869876326654146e-10,-9.07801263638867e-12,-5.85231812166688e-08,1.626023733746659e-08,3.402676505616475e-09,9.733167702830985e-09,1.2128906247051497e-09,7.632134968054229e-09,3.897601288695016e-11,9.65908359349188e-10,-6.389722330232474e-09,-2.0726198872809208e-09,2.723431695032848e-09,-5.609985860482469e-09,3.0608026034132343e-09,9.314363053818737e-10,-8.894496852678646e-09,3.3040197105528434e-09,7.691782305172933e-10,-5.221924335888238e-09,6.289909636353037e-10,-2.3784391556798134e-09,-5.215051914804813e-09,-7.722491058418278e-09,-5.682968215954332e-09,-1.1981429629953078e-10,-1.2578190740367676e-08,1.1750315806155767e-09,-2.5105259447445146e-09,-5.21515016201704e-09,3.436391665489531e-10,-2.8304146655343553e-09,-3.7754943965358366e-09,1.925379845344396e-09,7.1775781143777525e-09,6.396988002335414e-09,1.4011052817195445e-08,9.632915109987303e-09,1.3887332805399332e-09,1.130682035115318e-08,5.6772658681184646e-09,3.0502414843836565e-09,7.232329441557951e-09,-1.1008114937510081e-09,2.1248053172169397e-10,4.1805705954459265e-09,1.545896736987113e-09
L8treat_p4,2.572274008753409e-10,2.8305449984430063e-10,4.138110149312321e-09,4.32734954265698e-09,-1.3231871280042702e-08,5.0614101801182605e-09,-1.3007493334172353e-09,-1.583793117299906e-09,2.9925216095227084e-09,1.0923108944484288e-09,-1.3255593621225163e-09,1.2453467603990579e-09,1.0375400977852629e-08,-1.0887128954618031e-08,5.634909482225194e-09,-4.0638851372864265e-09,2.6906830996500247e-09,5.680816939792698e-09,7.232826835154865e-11,-1.395043009157512e-09,1.4042304124488326e-09,7.228785705658159e-09,-1.3617858824844738e-08,1.0663143173611951e-08,-5.068420998880444e-10,5.219807790463087e-09,9.157779286601515e-09,3.944508728544206e-10,1.1200867655344838e-09,4.447302838760382e-09,1.3988453191170598e-08,-1.3794021487310394e-08,9.76061377648257e-09,1.2928313985414867e-10,6.890047279732491e-10,4.100945006251706e-09,-1.284062316965693e-09,4.3452234373043143e-10,6.172507330167609e-10,-1.7399043760981612e-09,-1.0420217477722335e-08,8.950347372914881e-09,2.9100400777879254e-09,4.405393222297991e-09,5.56071306280409e-09,-4.158211030667854e-09,-3.2462073881234037e-09,1.684778902020848e-09,-2.5991882201567693e-09,2.0881738709868185e-09,6.117728211124329e-11,-1.2359878208635358e-09,-7.495464230130912e-10,-1.913155470689082e-09,4.152814538485853e-09,-1.5990773978936922e-10,-2.2653253938841155e-09,2.4517991465837984e-10,8.102342543039937e-10,-9.271945114476373e-10,3.229200682821327e-09,-3.149852424667322e-09,1.0107716927140533e-09,-2.700637845388706e-09,-3.1828570823876776e-09,2.1450554491030577e-09,-1.232549594494784e-10,1.5335453538109773e-09,1.570085576298906e-10,-4.779047895713722e-09,1.531196671766216e-09,3.359187557125986e-11,1.8592207554420423e-09,-1.4080385535094936e-09,6.191509475279394e-10,4.994755524510538e-09,-2.736437580353711e-09,-1.7758492588079445e-09,-3.4577548695566524e-10,-9.096926412090668e-10,4.984194466558644e-09,-2.4748399572914826e-09,-4.0926368437184416e-09,1.1354775463398376e-09,-1.890183230100365e-09,-2.2336171722362597e-10,-1.5939428298624394e-09,3.1449000860348807e-09,2.39677683770022e-09,-3.508955353048867e-09,-5.090629645651421e-10,3.775956693900495e-09,-1.6848088431941039e-09,6.477011178419793e-10,-1.6599364787047737e-10,-3.4711916430182598e-09,1.9080374158295953e-10,-1.3619178300665016e-09,2.4749031164930926e-09,-5.17487059453638e-10,3.21433626481064e-09,3.5050794055330226e-09,-3.3287502923791807e-10,2.1587577724620964e-09,9.696606021003155e-10,-6.523950375209058e-10,1.3689292921350672e-09,-1.3185610861212409e-09,-2.3845964485991993e-09,1.5061638181583059e-09,-2.7171831857061934e-09,1.8025856511239218e-10,2.8622005376419445e-09,-1.335646629667771e-09,-3.6092995235386368e-09,2.06751488102342e-09,-2.819170863701061e-09,2.3266209177689094e-09,1.5499319294980974e-09,-1.0588406962313852e-09,-4.018222872632834e-10,2.738770085651341e-10,6.069514856902119e-09,1.763688165816597e-10,9.216176800385342e-10,-1.0556283799880882e-09,2.6298020715290546e-09,2.2102234610251944e-09,1.8476737674016786e-09,6.342035847197786e-10,-4.888974371342821e-10,-1.1708943288406563e-08,5.1610910019484925e-09,-5.543341871609993e-09,2.1987096228159876e-09,2.3951452424805008e-11,-2.9512925247885383e-09,-3.6745397695702586e-09,-9.33130770383277e-10,3.156177734422622e-10,-1.6574453500668584e-10,1.1173739300887486e-09,-1.5153494689616574e-09,9.349261197024767e-10,1.8665855786616292e-09,-1.971026735403803e-09,2.489194676815595e-09,1.3312339246730115e-09,-3.201325328661649e-09,1.316337843663982e-09,-2.640750704106943e-09,-7.454610532484254e-10,-2.856287379218184e-09,1.1222575308055223e-09,-5.382595121696796e-10,-3.333852871433511e-09,-1.467215132144298e-09,-1.4679681794926697e-09,-6.051868720905517e-10,1.4636569358540677e-09,-1.4140402322323375e-09,-1.956111538117296e-09,5.804380110485825e-10,2.0281089110177103e-09,1.7315028897690914e-09,2.5463003040394152e-09,1.3898582384524228e-09,8.218938070328087e-10,4.300006262480765e-09,2.8492337713237894e-09,9.004386721454769e-10,1.8174667432462206e-09,-2.1564696779811966e-09,1.3342383647409247e-10,1.8412519221848827e-09,-1.6178550269953498e-09
L12treat_m4,2.7062323910542146e-09,1.5890954504595346e-09,8.984054288517388e-09,2.3415321104299572e-08,-2.5461941577340967e-08,-6.6290878254155636e-09,3.191640310795027e-09,1.8237912408228122e-09,-6.350028822020248e-11,3.572663942148464e-09,-1.7991197009592549e-09,-6.023893226725404e-10,2.981073828977739e-08,-1.6903356346776324e-08,-7.024161506704951e-09,-2.0162139410084632e-09,4.6951617790846765e-09,-5.578509928836326e-10,5.382131234980135e-09,1.3127113375367482e-09,8.169194411827516e-09,2.5581417994969736e-08,-1.500800386617717e-08,2.546036373222506e-09,-6.112344124164469e-09,8.820490938960243e-09,3.9445087285434714e-10,8.351904964711415e-09,6.96392049680109e-09,2.1802161934632898e-09,3.0058655477559965e-08,-1.1126608766141584e-08,6.693756368332053e-09,2.740268982246507e-09,-5.966366365217898e-10,-7.371355542750619e-09,5.248135089559093e-09,7.833332712315121e-09,8.814406233093507e-10,1.985498683890222e-08,-1.0176752901162792e-08,9.158257586128224e-09,4.557980260517182e-09,1.4118602419576505e-09,-4.519023992438937e-09,-4.77893648337365e-09,1.7563952820882544e-09,-7.272500838807235e-09,-5.26216263413554e-09,1.0527266121279589e-09,-1.0688947558852053e-09,2.218793797196195e-09,1.5580691202300253e-09,8.434239144457832e-10,4.675391125308235e-10,2.2292285965046633e-09,2.0881843546945286e-09,-1.013948633143673e-09,-5.509988116907642e-10,2.396623516570698e-09,-1.4255766088726398e-09,-3.850334673187861e-09,5.88618411934723e-09,-2.4263353014533066e-09,7.59404676972506e-10,2.6846485719754552e-09,-7.250923021813523e-09,-2.305946483770167e-09,1.6334057689118137e-09,-1.270845350374521e-09,-1.354746062328385e-09,-1.2913545610294922e-09,6.220600937240785e-09,-6.66039102352188e-09,-4.531303815974999e-09,4.850862019317716e-09,-1.1963667927120436e-10,-3.4759411720664067e-09,-3.276955313548186e-10,-8.941236752918403e-09,3.124851999168217e-09,-3.980237775765201e-10,-1.135501530670872e-09,-8.202344224268021e-10,-5.214640848865925e-09,1.8070584437458095e-09,-6.430910619286966e-09,-2.635617530052843e-09,3.2751842260346825e-09,-4.557164157998748e-09,5.297162471557252e-10,1.9560518301772542e-09,-4.131692938662391e-09,-3.728594433539617e-09,1.8608219492922773e-09,-2.4013209993129757e-09,-6.419970360060682e-09,-1.1851988642386648e-09,4.237121528766806e-09,-8.43559225180349e-09,-4.942736873313945e-09,-1.5280597194222993e-10,-3.349747893834587e-09,7.180760692967603e-09,-4.323716419474296e-09,2.2272793215085728e-09,-2.4171748569255826e-09,1.4637262804919304e-09,-1.999947265267113e-09,-3.2736501074882198e-09,2.824167102942613e-09,4.594185980627917e-09,5.4427538841721625e-09,9.229153450768763e-09,2.086836948135127e-09,-3.3423609999336497e-09,-4.2406921074631045e-11,4.073582261918823e-09,-3.88534608520206e-10,3.0965908726490268e-09,-2.898457673296168e-10,9.922033259375883e-10,1.1249194201378011e-08,-3.072597313709445e-09,-2.164119366000172e-10,1.144236940079492e-09,7.942785582402377e-10,1.2479584380016826e-09,-2.366652332068941e-09,-4.1076932330955277e-10,1.2248454024940597e-09,-3.562074733053564e-08,8.028153414928243e-09,3.1234002988972296e-09,4.583693583994241e-09,2.335459785858749e-09,6.440553600251595e-09,-4.2515894612972483e-10,2.703403949740902e-09,-5.148694961360815e-09,-1.4542114014614477e-09,2.7577313659544324e-09,-2.7083299128618515e-09,3.1078414917854095e-09,1.044245071676781e-11,-4.854787609688718e-09,-9.930133180948382e-11,-5.454295076745821e-10,-1.324949339297941e-09,-3.06629528086435e-10,9.192876346824467e-10,-8.221050719038963e-10,-5.944578624683036e-09,-4.921974720592139e-09,-9.96748167286165e-12,-5.810148889358997e-09,9.56478536459865e-10,-7.499307141604522e-10,-2.524113347504083e-09,-1.8239630950156831e-09,-1.1869805342970245e-09,-1.702470677864621e-09,6.886948950836901e-10,5.2381721074328446e-09,2.609327549911536e-09,9.268662708037916e-09,6.678682211086042e-09,5.216111387749354e-10,5.3756418438926844e-09,2.6395945032561115e-09,1.7958216790704377e-09,3.93968304460564e-09,2.007805639829634e-09,-6.407489283038678e-12,2.2277664496262303e-09,2.045503146842809e-09
L12treat_m3,1.5263876353836228e-09,2.247444826382522e-09,1.3648063324154893e-08,2.9600516192378364e-08,-3.936037299170635e-08,-1.0813180446670447e-08,2.1082665915449047e-09,2.355645172517317e-09,1.5725916420775578e-10,1.7998090478241158e-09,-1.0097408493769503e-09,1.0705801372988722e-09,3.6335125623009406e-08,-2.5540292752356633e-08,-9.781556097460696e-09,-2.7413254683474077e-09,5.508555312887587e-09,1.2388080057175906e-09,3.071416599198707e-09,2.809221429640179e-09,1.1508608274612598e-08,3.396738032025519e-08,-2.469061531194844e-08,3.315628141652718e-09,-4.506117350937336e-09,9.830125791243269e-09,1.1200867655344598e-09,6.963920496801079e-09,9.811987136943735e-09,3.286310133169106e-09,3.958528884362579e-08,-2.228655601554123e-08,5.115170457065694e-09,3.145431398889038e-09,-1.1392683692160087e-09,-5.253167682896871e-09,4.051745817455654e-09,9.845946988705605e-09,9.229418446135739e-10,2.581396846054998e-08,-1.8381863822910225e-08,1.1142966115714125e-08,7.424540020062916e-09,1.6167391129435043e-09,-3.0508916685478677e-09,-5.495791116790822e-09,1.972883491073376e-09,-8.73312639777023e-09,-8.095496300377664e-09,2.08175860800484e-09,-9.715617179340746e-10,2.6910188804011384e-09,1.4874683963882622e-09,1.573250849646111e-10,1.873148193310307e-09,1.8065661725895909e-09,9.995120425322174e-10,-1.808292280361206e-10,3.4415575277054715e-09,2.8834262431107323e-09,-6.542691867842574e-10,-4.642464878777266e-09,8.35331151705908e-09,-2.059640017266497e-09,1.000698667342122e-10,3.5009742472786633e-09,-9.82284851127907e-09,-1.301814421511641e-09,1.051024493975382e-09,-2.7953065365041795e-09,-2.455982315618205e-10,7.810011064610025e-10,8.92345495959877e-09,-7.629116939344245e-09,-5.023234392723313e-09,6.54967495008523e-09,2.2411791027898974e-09,-4.442127566552967e-09,-1.186314227852504e-09,-1.2088061124206506e-08,5.25551214603987e-09,-1.1841826593850599e-09,-3.1252753947745023e-09,1.1500998906832228e-09,-3.4589019513846465e-09,2.7980033436099436e-09,-8.894448233872994e-09,-2.520543164105795e-09,5.933367094456344e-09,-4.816115266279868e-09,2.73522517860725e-09,2.8138711048461558e-09,-6.215750235936182e-09,-2.537473359235576e-09,-2.409958556799558e-10,-4.4802050912061175e-09,-5.262286211248308e-09,1.5019967284339123e-09,5.704228539014202e-09,-1.0446524189520434e-08,-6.676820903671221e-09,2.487773912123289e-09,-3.3570268048269928e-09,7.834533015898283e-09,-5.455697039470774e-09,2.6731566676645128e-09,-1.861879101742863e-09,7.237854812182526e-10,-4.3697240680667795e-09,-1.6754823996051472e-09,2.620067139956952e-09,6.300482602171615e-09,7.260472959728109e-09,1.1208687962157568e-08,3.1778049156101677e-09,-4.723320025054095e-09,-1.6349267904740498e-09,3.891924493755747e-09,2.425268646450784e-10,2.5907038699229322e-09,8.736517365599943e-10,3.271430955322461e-09,1.1399267381270585e-08,-3.7637200006776014e-09,-1.6154435444757256e-09,-7.42430600818253e-11,1.2834800316591776e-09,4.999467194590805e-10,-1.5669479685036415e-09,-1.5636374835319563e-09,3.8151257685185427e-10,-4.828023783684223e-08,1.3610368378645974e-08,6.165981537153598e-09,7.4204502228298714e-09,4.916184803034353e-09,7.894427905307252e-09,-2.542272271813677e-10,1.56333802636073e-09,-7.132307763621294e-09,-1.8099095883296442e-09,2.5826975814674082e-09,-3.4856961288739656e-09,3.0287621206632476e-09,-2.954426459814374e-10,-5.969408436810482e-09,8.576727613601502e-10,-1.879961332587212e-09,-2.2297125623163042e-09,4.81698599454829e-10,-6.479874623020917e-11,-1.2632309618587802e-09,-6.755816100658375e-09,-6.694597047976758e-09,9.151718817694942e-10,-6.70794085917756e-09,-2.7926403582825456e-10,-1.6354356656691224e-09,-2.9651048449488277e-09,-3.2312822462364373e-09,-3.155535130198447e-09,-2.42722088706772e-09,1.980575484664781e-09,6.229739092768294e-09,4.378336829439659e-09,1.2390844640726898e-08,9.426941025710846e-09,1.022620409076793e-09,7.499869614973068e-09,4.143531675844814e-09,2.9784775470592628e-09,5.2221472706001764e-09,1.900793931372351e-09,1.801955475012603e-09,3.88756219135666e-09,1.4388008932354538e-09
L12treat_m2,1.09161989388871e-09,5.871026250315842e-12,1.415520608035903e-08,7.358571740683932e-09,-3.198428821395511e-08,-5.9172714666475366e-09,-5.418996766203147e-10,4.262032165194315e-09,2.639917950683689e-09,1.5229018966496792e-09,-3.93135293507818e-10,1.0931742034794575e-08,1.538482510215853e-08,-2.3128352006192277e-08,-3.550247941303554e-10,-7.492589418388537e-09,4.578403815430375e-09,3.355996567595589e-09,2.6182508462760048e-09,-1.2889372707715955e-09,1.468345068484602e-08,9.126533508611873e-09,-2.4655822332006854e-08,8.602975202826426e-10,-9.052384196641748e-09,7.899001919868006e-09,4.447302838760663e-09,2.180216193463305e-09,3.2863101331689967e-09,1.8568195976689674e-08,1.5128584466009654e-08,-1.975694449870515e-08,7.774177429791869e-09,-7.795734742326891e-10,3.99325185147797e-09,4.566784136434347e-09,-3.7988460466918677e-10,5.251079624821933e-09,1.2164779444075158e-08,5.230019386050259e-09,-1.3183338425443478e-08,5.008323008360827e-09,3.722226729472959e-10,3.3511208616608604e-09,1.0955795182271309e-09,-8.490579904761053e-09,-1.8182854396824543e-09,1.8146885587198868e-09,-6.062651256825862e-09,6.36073688016162e-09,1.4472211746838675e-09,8.747358332523834e-10,1.121672935088632e-09,-1.980861157338389e-09,5.075091470131376e-09,-1.7130911016080396e-09,-2.2779708654324556e-09,6.259033604312969e-10,-1.703174752023916e-09,9.820170627744304e-10,-2.0347716920130655e-09,-7.004061345771308e-09,6.244568691157798e-09,-5.860533823412195e-10,1.915883089330719e-10,-7.212314624214906e-10,-2.467705517155518e-09,4.08513603306358e-09,2.074238176643331e-09,-3.8870564663424015e-09,-2.566656100302465e-10,-7.938607781828056e-10,5.710453660718245e-09,-2.7823686280518297e-09,-3.827981067260857e-09,8.21745243607107e-09,-4.587087441365011e-09,-1.5549828929592823e-09,-9.244985985239906e-10,-3.1226007585324166e-09,9.064702187505772e-09,-3.987394457300087e-09,-2.1421188398527654e-09,6.311617664684807e-10,-8.62716647785176e-09,1.910336919848814e-09,-3.541678559923353e-09,-5.606894394353921e-09,1.5817439288009325e-09,-5.127856867811338e-09,3.1211957837560313e-09,1.1898263529226672e-09,-7.382259318814948e-10,3.54743422372866e-09,-1.2522587577866432e-10,-2.0864076160928605e-09,-6.309319418926593e-09,-6.1051270240303684e-09,6.816165921339719e-09,-3.679446849460781e-09,-4.798204791230116e-09,6.7537201135379205e-09,-1.6274838702887379e-09,5.833182592540667e-09,-4.165956759425235e-10,-4.366791694863432e-10,9.599506400275612e-10,-9.600923315269396e-10,-1.460530001724885e-09,-3.0424822243465194e-09,-5.122321249122826e-10,4.019190921587974e-09,6.21869561666715e-09,4.3949974854142214e-11,-3.01035743144194e-09,2.047430563411071e-09,1.7374520055618006e-09,8.373148581376911e-09,2.604858899859484e-09,-3.93036866970492e-11,3.1018825460921664e-10,2.856264757313472e-09,4.794667085406575e-09,-3.1254359239786928e-09,1.2053301625584075e-09,-7.208714996474414e-10,7.808714923516635e-09,8.22495567288254e-12,2.561720252930125e-09,1.1757588222486263e-13,-2.4610852053020424e-09,-2.0563673051150106e-08,6.549982297157635e-09,-2.8776965237746893e-09,3.4363363808506016e-09,-2.9230214535242627e-09,-8.931287058442973e-11,1.7986104026012715e-10,9.968139547872023e-10,-3.420014667784383e-09,-2.6993585645452916e-09,1.2012238911778854e-09,2.1976604934833237e-10,2.9640939655478496e-09,-2.610662762290911e-10,-4.929536243720954e-09,4.038294253549808e-09,-1.8017056057070611e-09,-3.84616679571602e-09,1.2594312490575524e-09,9.138840985750282e-10,-7.346194965297415e-10,-8.294786796927978e-10,-2.7121897204759543e-09,2.41427109520454e-09,-2.696917678267716e-09,-2.5161036973937623e-09,8.686600258287504e-10,-5.867823295809276e-10,3.4263695799243484e-09,-3.798453557859048e-09,-2.5205725460397906e-09,5.152519413958417e-10,2.3681548444942993e-09,5.965038602591313e-10,3.864383112879321e-09,6.141467993862202e-09,-1.7070891310860197e-09,3.8474999511587255e-09,2.2827086062297282e-09,1.867218710659671e-09,3.844302832924412e-09,-2.512511237242395e-09,2.2347277388741026e-09,4.209737317272575e-09,3.93720061954553e-09
L12treat_m1,5.692614769141902e-09,7.449473200768228e-09,6.698513611047862e-08,1.6135121881603201e-07,-2.024914272077868e-07,-4.7711431105298065e-08,7.0967812189617295e-09,9.554122649986268e-09,-4.233428630340479e-09,1.0477894865028742e-08,-6.144035662635319e-09,2.1166781759254757e-09,2.1126082552562844e-07,-1.319724176778252e-07,-5.321059596807871e-08,-2.2694572173719593e-08,2.7288897854885555e-08,5.919943181597124e-09,1.0498424284335853e-08,6.3220732162999336e-09,5.501678277727685e-08,2.0031632140952815e-07,-1.4498327681078043e-07,1.7909633081055096e-08,-2.2518556432802114e-08,5.1866938860940187e-08,1.3988453191170381e-08,3.00586554775598e-08,3.958528884362534e-08,1.512858446600978e-08,2.417489100184216e-07,-1.3588723813521515e-07,3.567531146945427e-08,1.1023511747787241e-08,-1.6276742993093802e-09,-2.5455400559694097e-08,1.2583350873381034e-08,3.750740978673716e-08,-2.700994652977132e-09,1.4603028417144748e-07,-1.0849313390729541e-07,5.2894097501027385e-08,4.550701722352521e-08,1.6895051622438373e-08,-1.3951315760007606e-08,-2.9244021700234753e-08,1.1633496122056275e-08,-3.920189781819044e-08,-3.53175015483433e-08,1.116127276021802e-08,-7.859093027547031e-09,1.0030609908446408e-08,1.1275155091955445e-08,-7.0382372229680886e-09,1.8234884680160042e-08,2.0167709006441248e-08,8.159569150597142e-09,-2.7221258865434816e-09,1.9249762531505363e-08,9.67169747453575e-09,6.043056411284147e-09,-1.6438718297045652e-08,4.044110028332396e-08,-1.967865211828942e-08,-3.925909400680589e-09,2.427989524623088e-08,-4.8532195383589974e-08,-1.2095047374594163e-09,8.689275511623892e-09,-1.8892523222854702e-08,-9.395813901781192e-10,-1.8424118173243688e-10,4.828059558469387e-08,-3.388853841733526e-08,-2.381831612710239e-08,3.3780790468978746e-08,6.524280435513823e-09,-2.4383527133724433e-08,1.4666520063576394e-09,-5.96588320626671e-08,3.538496969650622e-08,-1.8207984342072763e-09,-1.842126964019714e-08,3.0710997669467307e-09,-1.6807820285348144e-08,1.6140110862653095e-08,-4.625062406422401e-08,1.1899418735226446e-09,3.2761015599089224e-08,-3.1484821594140335e-08,7.073418325947882e-09,1.4978761931232646e-08,-3.787119753640993e-08,-9.085001764305235e-09,1.0908118989180903e-08,-2.137074371928662e-08,-2.7160897347851415e-08,7.48725636338141e-09,3.116360739800447e-08,-4.3066787386886004e-08,-2.4201925210634538e-08,1.362029914782613e-08,-1.9959736046349233e-08,3.051876603705148e-08,-1.5073677403909368e-08,1.6192597977639974e-08,-6.614946235196415e-09,4.153042999258086e-09,-2.3687471639479194e-08,-8.144646184161433e-09,7.321678810556076e-09,2.6776229350673117e-08,3.7082398142117585e-08,6.953977232577547e-08,4.01883714860236e-09,-1.1715055709118065e-08,-6.877680707565993e-09,1.955235616440554e-08,-2.1902393105423928e-09,1.2362857528687556e-08,2.8201507231593236e-09,1.7061834252689226e-08,7.953162190622222e-08,-1.6750283847053407e-08,-3.6738736287753655e-10,3.0141413207569635e-09,2.790275688446925e-09,4.480388859777293e-09,-3.131826626307128e-09,-1.2246146696181233e-09,7.876010581391119e-10,-2.6926745480127306e-07,7.263924779767469e-08,2.751361449463124e-08,3.735672494828998e-08,2.3554909579568823e-08,3.91370791100229e-08,-5.3819371668639235e-09,7.964846831369281e-09,-3.25596684056103e-08,-9.444930666280992e-09,1.2164725760026388e-08,-2.2740719506404694e-08,1.31628712386935e-08,4.509743060182589e-09,-2.7103935003886116e-08,9.655612157054241e-09,-1.9895980711373226e-09,-1.1150765529209962e-08,1.3210937875713646e-09,-5.263173946996966e-09,-4.398906814087237e-09,-3.12707062946596e-08,-3.357859381501792e-08,-4.0313521454734113e-10,-4.1730199738776946e-08,3.3252388840633696e-09,-4.6850477428980115e-09,-1.9727545011705863e-08,-1.4759982545665515e-08,-1.5157558051656318e-08,-1.2869075214860953e-08,6.479040531526466e-09,3.2777715512910275e-08,1.7910611124655796e-08,5.958436381805674e-08,4.2741422354172316e-08,4.441134751123217e-09,3.983738252477804e-08,1.8103666312434198e-08,8.35498689002876e-09,2.489287661626374e-08,3.8414177352228405e-09,4.356241452322714e-09,1.8185385249539553e-08,9.205297227848378e-09
L12treat_p0,-1.684252497799298e-09,-4.022356124454975e-09,-4.302471413997339e-08,-8.559368139587808e-08,1.3705498202737795e-07,2.9299967463469883e-08,-8.130480404041301e-10,-7.462132141363468e-09,-5.325222069937811e-09,-3.4225134816371664e-09,3.727958602367596e-09,-9.364667499910088e-09,-1.1329614376961583e-07,9.224010205252729e-08,2.4392943843664698e-08,1.6618445136126645e-08,-1.704315695950115e-08,-1.22302972436434e-08,-3.746868355619242e-09,-2.6690897029424136e-09,-3.699315766019571e-08,-1.089382412814049e-07,1.0582743154032086e-07,-9.017670362058146e-09,1.193114251493373e-08,-2.915984191271194e-08,-1.3794021487309792e-08,-1.1126608766141585e-08,-2.22865560155415e-08,-1.975694449870571e-08,-1.3588723813521758e-07,1.1049165807519778e-07,-1.6206295065260472e-08,-5.0540488441945396e-09,-2.6244527548196175e-09,-1.8619574646904533e-09,-2.361303989170407e-09,-2.0932515334432186e-08,-2.722137044202577e-09,-7.730387431880909e-08,8.765986150502795e-08,-2.9792530828169987e-08,-2.5802879699078887e-08,-1.0130890368640957e-08,-1.8215979460390959e-09,2.0059896669430092e-08,-2.460672909417795e-09,1.516940402261393e-08,2.4506172850139685e-08,-8.277779240812268e-09,-6.22443791752891e-10,-4.783292448714862e-09,-3.6964173155692087e-09,8.183257696232128e-09,-1.4452347664389027e-08,-6.277237103857816e-09,-2.1452714138513453e-09,-2.4290458604223007e-09,-1.3523319019468533e-08,-2.8344515624589625e-09,-2.1769625603648372e-09,1.5965666895195494e-08,-2.5600957743663477e-08,4.90231924334118e-09,5.163715815214168e-09,-1.1437262310121285e-08,2.7444302568931825e-08,-5.067104817689e-09,-4.1039808148812575e-09,1.3231729986935895e-08,-3.135139296281586e-09,6.162005201841407e-11,-2.5321105031970977e-08,1.7056945686123287e-08,1.4226364700907786e-08,-2.303882943223532e-08,-7.611706109208519e-10,1.5032923722489208e-08,4.113891700909567e-09,3.226259692066871e-08,-2.5365730353447827e-08,4.797542772311864e-09,1.0379196604118716e-08,-8.672549202302257e-09,9.547992359860394e-09,-7.822905092728238e-09,2.6369208059957604e-08,2.567831804625785e-09,-1.8709546632218216e-08,1.8182444212009527e-08,-7.781596483907241e-09,-8.145619910086685e-09,1.8488535201096952e-08,-2.5550665938976737e-09,-1.6878167804633715e-09,1.0688100996645798e-08,1.0343996000505909e-08,2.3004557914764762e-09,-2.1903804018938786e-08,2.3648048146491142e-08,1.1277361709543335e-08,-1.5373696976188288e-08,6.862730378850976e-09,-2.0550185911497245e-08,9.191593960911195e-09,-3.317350737978608e-09,-1.706897977837905e-09,9.498748600431343e-10,1.3781649449527273e-08,-9.691211400027152e-10,-9.345511809310928e-10,-1.4167343390951659e-08,-1.8994317965911794e-08,-3.341505743815219e-08,1.0966522189299672e-08,6.295029776845049e-09,5.052756339412152e-09,-1.5925170601676642e-08,-2.702322821607137e-09,-3.0663889355018134e-09,-3.363650306161999e-09,-9.85454211988522e-09,-4.00562580731274e-08,1.6417451622865392e-08,3.289248732800628e-09,8.822825805853317e-10,-8.186271698847025e-09,5.70855150033523e-10,-2.2539549362280404e-09,1.930199874838963e-09,4.5106321449498136e-10,1.536189974855878e-07,-5.325056699966645e-08,-1.2380492181984814e-08,-2.3497305307104567e-08,-1.1683795455257936e-08,-1.6840682239707796e-08,1.2335360850742433e-09,6.714920402201335e-10,1.8895725205056255e-08,7.833281119501941e-09,-4.035807223022463e-09,8.03495197581498e-09,-8.358058615992842e-09,-3.7384853314976896e-09,1.706036628430663e-08,-1.0474077676989169e-08,1.7613384091811805e-09,9.152409865059714e-09,-5.3160616521580845e-09,3.312192407046233e-09,4.117778690581796e-09,1.502750286326076e-08,1.9283505856298988e-08,-1.6561659818091765e-09,1.8970006134932768e-08,4.1739198525830914e-09,6.550101283162456e-09,1.0770823292127751e-08,6.293462714449484e-09,1.0595677352580122e-08,6.713269156279837e-09,-8.735606126383756e-09,-1.7161557386713825e-08,-1.0902620924271153e-08,-3.317841806560561e-08,-2.7295945735486848e-08,-3.5816698529236807e-09,-2.2754654587075538e-08,-1.3389652585384246e-08,-8.949702429913085e-09,-1.6967552266999472e-08,1.0943883053797015e-09,-6.134414905187035e-09,-1.139550783186391e-08,-2.5081094413612795e-09
L12treat_p1,2.3782956827440304e-09,7.675787049359707e-10,1.5346953748777542e-08,2.0840916490334314e-08,-3.1690968593101005e-08,5.898647548957685e-09,5.457037966070635e-09,-1.4752642704563977e-09,3.1588859333034354e-09,5.322553817595105e-09,-5.308233865342301e-09,2.1832247205381093e-09,3.861534970262304e-08,-2.4151890598281888e-08,6.896948396993903e-09,-1.795519033149781e-09,8.720659799700028e-09,3.562647891225604e-09,4.021901205755802e-09,-2.4798615535763073e-09,8.525509701735689e-09,2.5721915455895512e-08,-2.5548941579686033e-08,2.969551787092806e-08,1.8044635079123542e-09,1.4971496602235153e-08,9.760613776482707e-09,6.693756368332064e-09,5.115170457065777e-09,7.774177429791842e-09,3.567531146945437e-08,-1.6206295065260267e-08,3.169857695510453e-08,6.0965077787825205e-09,1.4559430170450915e-09,-5.2108548971063175e-09,3.129925171729662e-09,3.804845986564542e-09,1.4590755756665086e-09,8.538090212386124e-09,-1.6246326179693695e-08,3.031435280616039e-08,1.3679136925981709e-08,8.331052277034846e-09,3.29348555280776e-09,-6.416008088403979e-09,-1.30512703749461e-09,-4.067063265074255e-09,-5.287197680374571e-09,2.4828473743975176e-09,-2.2489707914526404e-09,-4.638587737453837e-09,-1.0115420034538294e-09,-3.6035461285012103e-09,7.017425537436259e-09,-9.754250404771675e-10,4.4694527495953927e-10,-1.7373142012687912e-09,5.207351961331501e-09,2.8114825211230982e-09,2.374997132950018e-09,-4.637897647773135e-09,4.78311367442118e-09,-7.631221255359268e-09,-8.319269169621549e-09,2.298869881381202e-09,-5.7690468853372545e-09,-3.3447898308916923e-09,-9.127942509731668e-10,-6.825743566099814e-09,-1.313417412353345e-09,4.523414440889624e-09,9.37199007995582e-09,-8.591213175047596e-09,-1.886227541915227e-09,1.0515521220062655e-08,-5.126159340505989e-09,-1.1871683379167551e-08,1.6696754419888715e-10,-1.0528016932425755e-08,8.787376533898965e-09,-6.472275553395524e-09,-6.877757749367334e-09,-2.528298581232553e-09,-7.325509781328098e-09,1.7465013412850332e-09,-6.616283214360703e-09,3.3079712120486446e-09,6.3169206091145815e-09,-1.1712533143292538e-08,-7.733599881232903e-09,5.264872430343426e-09,-6.127758558383074e-09,-4.517566684677499e-09,-1.8798876099682633e-09,-7.957325733193158e-09,-6.6265448969610626e-09,4.02025515958588e-09,4.92322844628581e-09,-7.533199364424667e-09,2.2867633596288016e-09,2.9604920738175063e-09,-7.585919621772911e-09,-1.8028619156644929e-10,-5.657972320861067e-10,-3.6898071307787067e-10,-2.784748564266853e-09,-4.4390415712327545e-09,-3.789696382824792e-09,-2.7971126160512178e-09,-2.8894476301244545e-09,5.332157471533356e-10,1.2285999952577193e-08,9.235119964113881e-10,6.56513356193176e-09,5.699867684483349e-09,-1.097974530032347e-09,2.9877556171470987e-09,3.6212327724289055e-09,-3.2770386509249075e-10,-2.546843184071534e-09,5.442462598928694e-09,1.744059146716039e-08,2.292689091751421e-11,4.242243971458003e-09,2.2902751460080964e-09,4.282142698593162e-09,5.734701265655288e-09,3.6892762487162483e-10,3.978763060342849e-09,-3.5761740515812183e-09,-4.292050054863024e-08,8.404548651482176e-09,-9.823607488046502e-09,2.683595151057927e-09,3.3898907327217095e-09,1.1627209642350039e-09,-4.238169927577144e-09,1.6155714179665578e-09,-2.534066938675813e-09,-3.960778602253325e-10,2.0344306820200132e-09,-6.788615692413598e-09,1.6075971863704413e-09,1.2696633309134066e-09,-8.528332743315962e-09,3.0288762019163955e-09,6.749073602007025e-10,-1.7821852980987384e-09,6.520647972984378e-10,-7.870125610607068e-10,-2.6764858567746837e-09,-1.0600017420597526e-08,-2.282108101841076e-09,-2.48563607761141e-09,-1.1250549378332806e-08,-3.4446265957689564e-09,-2.5574500709347354e-09,-3.108312598735532e-09,1.3729612547100294e-09,-2.8752286626804164e-09,-1.94103606178535e-09,-6.324837299173464e-11,5.19519531565131e-09,5.6346794895841435e-09,1.2685052452471574e-08,6.033626693554615e-09,3.3145281510586542e-09,1.3992528850530102e-08,1.0262503802787848e-08,3.3906581092735365e-09,6.760136563244907e-09,-1.1106060935284157e-09,1.0241544382705562e-09,2.5626477321032614e-09,2.036009969418393e-09
L12treat_p2,1.1040138001846153e-09,1.477216215869862e-09,3.246261802074297e-09,1.2872422638001192e-08,-1.309685183869095e-08,-1.3788747590846687e-09,6.157353248904949e-09,-9.445866895170885e-10,-4.180598717115372e-10,1.284627732484181e-09,-1.0175358112274216e-09,-2.3513112458105848e-09,1.4891734012623388e-08,-7.72812534855578e-09,-2.749401618327407e-09,7.745354018818833e-09,1.0214855471902298e-09,-6.860079117182554e-10,2.2386816301423938e-09,9.956716792880487e-10,2.7900459921299318e-09,1.2505899581019849e-08,-6.048339724337338e-09,6.142858409736884e-09,6.64764714894471e-09,3.370669425364306e-09,1.2928313985415828e-10,2.7402689822465197e-09,3.145431398888942e-09,-7.795734742328916e-10,1.1023511747787908e-08,-5.054048844194577e-09,6.096507778783116e-09,8.28504091107318e-09,-2.673419447020595e-10,-2.4930133286090503e-09,2.5378024039690438e-09,2.68026448800674e-09,-1.7767188207964653e-09,8.860311956811328e-09,-8.346553276256226e-09,1.2357050126952112e-08,1.077787590203784e-08,2.4292419234092064e-10,9.864216209488636e-10,-9.251041922449737e-10,-9.448818874519035e-10,-2.9819015179594802e-09,-1.5365525806504466e-09,-3.4508403976161354e-10,-1.4674896828084528e-09,-2.1799302430877624e-09,-2.3593600512563885e-09,-3.68713682144036e-10,-9.183651444925236e-10,-4.765580169645501e-11,2.660203572168935e-09,-1.8866865352208124e-10,1.5909103769234832e-09,5.884680494266233e-10,-1.8131404785889496e-10,-4.05066357305607e-10,3.7230048256687908e-09,-1.5641256720871173e-09,-2.1790860177780355e-09,-1.2843605952461984e-10,-2.1768974517922942e-09,-2.592309061828228e-09,-2.36826698917021e-10,1.020341972037031e-09,-1.6437464538226807e-09,3.875848649815315e-09,2.3469996738913374e-09,-3.39349686495403e-09,-1.0216362067255837e-09,2.4623984436752517e-09,7.74305749076174e-10,-4.491301454108756e-09,-7.874471047307568e-10,-4.2973745597911556e-09,1.8194535514764387e-10,8.904131036810479e-10,-1.0607442924685151e-10,-2.2369553147355727e-09,5.574014360552694e-10,-8.057859754791632e-10,-1.112280026418841e-09,1.8023112430772942e-10,3.6158512745267618e-09,-2.288194114544403e-09,-2.7130809576092967e-09,1.7641627952737176e-09,7.174707801648569e-10,-2.378433471471364e-09,-6.309075715866253e-10,-3.2504369913843725e-10,-3.680883621693926e-09,4.79775083639338e-09,5.805315729965341e-10,-2.8326400642313458e-09,-1.465982269175547e-10,3.60444139644232e-10,-1.5846336073121679e-09,-1.1107427057979958e-09,-1.579507727615467e-09,-2.4343491005163913e-11,-1.8737949979562434e-09,-7.566417505042997e-10,5.193832010889683e-10,-2.5099756406909304e-09,1.196440374145082e-09,1.1031921895096875e-09,3.7076934966673157e-09,1.3559325124434956e-09,2.058603423667174e-09,-1.4743391123035616e-09,1.3178085562142274e-09,-2.10082580214282e-09,5.493804715748404e-10,5.561251275504344e-10,-1.9499893756892704e-10,2.780227941510318e-10,5.17213671816101e-09,-3.277050387133152e-09,1.1456188203646592e-09,4.035032174364633e-09,-1.895705253081664e-09,8.734231637769923e-10,-1.2827883267974186e-09,7.172553475448104e-10,-1.3487816844322706e-10,-1.8351419546005016e-08,4.8661897925138795e-09,-2.2958792934155954e-10,-2.505307313876921e-09,2.888397205650031e-09,2.791653346195964e-09,-1.4571249165950208e-13,-3.0465489575874245e-10,-1.5344160496977564e-09,-4.833562777506864e-11,1.649520307340215e-09,-2.8016330857184746e-09,5.331181699335206e-10,-6.990061923562686e-10,-2.0252732958086475e-09,-1.330901463090743e-09,-9.261232632261388e-11,2.6893999787045646e-09,5.34508973528099e-10,3.326856582001655e-10,-1.9613792468785936e-10,-4.186302394704667e-09,-1.0256013213663135e-09,2.1353609255232932e-10,-3.512315936613956e-09,-2.7822770819009833e-09,-9.112674158046377e-10,-1.9732960544351913e-09,-1.730193249999789e-09,5.124838975356415e-10,1.6031575868075205e-09,6.349225938826465e-10,6.631294618132546e-10,2.7042822218524156e-09,4.322059617364165e-09,1.6104615168569982e-09,-2.496509987962879e-10,3.827034068836529e-09,3.8999098929761054e-09,1.3463852157648282e-09,1.7076590591891525e-09,1.6108391758527992e-09,1.3760505877504947e-10,-7.432418477257937e-10,2.1747358766755153e-09
L12treat_p3,-7.164018983991541e-10,-3.2664637044422837e-10,2.1487637091701854e-09,7.321463639084104e-10,-9.244431692276598e-10,-1.4873445243428567e-09,-1.5075760060694874e-09,3.910449702384134e-09,5.237180340173746e-11,2.2026203714426927e-10,2.482591803615715e-10,2.8959773014210013e-09,-1.720374070953105e-09,-2.8210943979906584e-10,3.0458931877094708e-09,-2.437887055895952e-10,5.389258216150626e-09,-1.3166685504644149e-09,-1.8606902850360042e-10,-5.031717019081784e-10,3.5872344791233705e-09,-1.117544543882119e-09,4.4938607277822826e-10,-6.370367886273721e-10,4.0866343992533737e-10,4.982046911303083e-09,6.890047279733211e-10,-5.966366365216781e-10,-1.1392683692158252e-09,3.99325185147812e-09,-1.6276742993093412e-09,-2.6244527548196253e-09,1.4559430170452873e-09,-2.6734194470188065e-10,8.864846779511209e-09,2.324026001266681e-09,-2.2251052732248468e-11,-1.1907564453859175e-09,3.9024906279151735e-09,1.3066876301689446e-10,-1.5907969412858324e-09,-2.0952103771848085e-09,-9.916334486576413e-10,2.193496176983924e-09,-9.817307978954561e-11,3.831317881602291e-09,-2.198720322661308e-09,2.555548094231103e-09,-3.9619085676287226e-10,1.7258021511672423e-09,-1.862166793089047e-10,-2.1381836056679583e-09,-2.341110869772088e-09,-3.2655611753400614e-09,4.024908040476287e-11,-1.7555406430633822e-09,1.3283235761129832e-09,7.180372009637617e-11,1.6597598567032833e-09,-4.664496951404306e-10,3.125704764116461e-10,2.2732210509166816e-09,1.9087193701542538e-09,-6.786157965127431e-10,-4.190472249521784e-09,-3.1834828124424817e-09,4.507852848814521e-10,8.705728548849889e-13,7.295603099010527e-10,-2.2198242698342666e-10,-8.573577184691458e-10,5.548630719043276e-09,-2.078774866721295e-09,3.041211873537976e-10,-6.908259141719507e-10,1.8205884524881909e-09,-2.94544537279329e-09,-3.043873322953294e-09,-9.49179098866291e-11,-2.5789849851443206e-10,-1.4703113842197144e-10,-4.728351035960621e-10,4.936314568519396e-10,-1.6344417477506272e-09,1.0574093436531974e-09,1.0188885275721499e-09,2.9443064862988465e-09,7.0884461111266e-10,9.471650222318777e-10,-2.609358755875426e-09,-2.6887858808199995e-09,-2.8496149082882264e-09,9.422776492559329e-10,1.3296040692769556e-09,1.96212418997212e-10,2.2518316254865317e-09,-1.7662972839109801e-09,5.155063555236064e-09,-6.057655051137165e-11,2.003330748093989e-09,2.2911921847116842e-10,4.153065350244811e-09,-2.5210240216669792e-09,-5.055149692345676e-09,1.949319715503723e-09,-2.452522347898218e-09,7.180555106390105e-10,-6.377861292337146e-10,1.9828617773647907e-09,-6.864710856175924e-10,-2.9309873867681917e-10,-1.429005340863213e-10,3.9344583515419337e-10,-3.7205134311268133e-09,-2.5882711493032647e-09,1.2667754736079736e-09,1.7738869410966214e-09,4.052763153383685e-09,1.3328374597869402e-09,-1.1853183921205187e-09,3.893250386531718e-10,6.347713476811318e-10,7.537059166056018e-10,-6.3537892184359e-09,3.550239382823045e-10,1.7109357894149386e-09,5.041291326562089e-09,-9.371445354441366e-10,4.277422945197444e-10,3.3266830810711506e-10,-1.7500513264019518e-09,2.022993256019579e-09,4.312615532531898e-09,5.046232433275587e-10,4.445878779537161e-10,-4.404766871271403e-09,-7.479217672607875e-10,4.632468967449893e-09,-1.6879098760979065e-09,7.111949442059188e-10,-1.1792525327938806e-09,5.250657861593354e-10,1.921961885633546e-10,-1.0314460223361887e-09,-3.928100547731844e-10,-1.7802274786551825e-09,4.2906172073940747e-10,-2.3453016427598164e-11,-3.232436236852734e-11,4.020305911645603e-10,6.421759282432013e-10,-3.4571473915184273e-09,1.3803017244637643e-09,3.979080366961927e-10,1.6367638272077848e-09,-2.116629912671349e-09,-1.4699740820945181e-09,-7.860095100347527e-10,-1.2350583672108597e-09,2.3617492524340205e-09,-9.97470789962255e-12,1.5683804280020304e-09,-1.0550900487891678e-10,-3.617945110241359e-09,3.862993624002543e-10,-1.2735957978811793e-09,-9.720629270703137e-10,-2.0539406974936666e-09,6.287930716827482e-10,1.0431925519339094e-09,5.331464624771566e-10,8.058371646997336e-10,-1.5307055669499625e-09,-4.970294677246463e-11,-1.3359071496937907e-09,3.315459991367612e-11
L12treat_p4,-1.7866528037319334e-09,-1.4916032617370844e-09,-5.319859417607689e-09,-2.1047115519447485e-08,1.0232924188298417e-08,6.240581161896429e-09,-3.1496627729712052e-09,-1.0264743762752706e-09,3.793771426002315e-09,-2.8344614709672867e-09,-7.919584753921003e-11,3.3082018912664203e-09,-2.638214869540751e-08,5.628574536812045e-09,1.1254154761159465e-08,-7.758290357083606e-10,-3.2813799600226324e-10,5.53038342542962e-09,-3.0178270382353356e-09,-2.32210703196422e-09,-4.9244066785370674e-09,-2.5349039230314317e-08,3.6312596323032368e-09,5.84900649581642e-10,3.4968072958515217e-09,-5.476126092108715e-09,4.1009450062516975e-09,-7.371355542750511e-09,-5.253167682896682e-09,4.566784136434131e-09,-2.5455400559694126e-08,-1.8619574646909172e-09,-5.210854897106033e-09,-2.4930133286089978e-09,2.3240260012666197e-09,1.53941356512594e-08,-5.070087562114398e-09,-4.82024672824911e-09,2.9394938874919846e-09,-2.182689181100461e-08,-1.4984168287059829e-09,-4.60791535006018e-09,-5.259903057685842e-09,2.728563619555059e-10,8.724840384979114e-09,-3.9816384538341855e-10,-4.988429857691657e-09,9.670935799245302e-09,9.637077025935455e-10,8.279386889598957e-10,3.699080004423664e-09,-5.77406487928936e-10,-1.9978633795006188e-09,-2.088688895134897e-09,1.3943691357459806e-09,-4.602181659646052e-09,-3.4411431755438085e-09,1.918043127346578e-09,-1.5855888450848123e-09,-2.2279648077581167e-09,6.901687657663315e-10,-2.5444763774720818e-09,-3.507125505231832e-09,4.40078062472521e-09,-1.3635694949122144e-09,-2.602539283057669e-09,6.825850122616996e-09,4.370726253599789e-09,-5.377652031787396e-10,-8.01040397484313e-10,2.084378420175432e-09,-8.179616489430761e-10,-6.331374515367471e-09,5.722572773436864e-09,2.4178504206632716e-09,-6.06653238721441e-10,-3.3642953966347714e-09,4.818004134606629e-09,-2.158895161902699e-09,9.193213637040197e-09,2.9194426767314086e-10,-1.774146900029571e-09,2.4952551372323245e-10,2.6766177287702275e-09,7.165035044087956e-10,-3.996333397004989e-09,4.867259839217256e-09,-1.0851664415371406e-09,-2.6752106560043966e-09,2.9971527349362496e-09,2.792295733782209e-09,-4.053078721629794e-11,5.840650689858117e-09,5.529218473764157e-09,-3.264445156603902e-09,1.776843553094382e-09,5.9470749491414305e-09,-5.651001623918236e-09,-2.2128520721212904e-09,6.0991704000519075e-09,5.206988184875934e-09,4.163360193211374e-09,5.0075323789872135e-09,-7.825486776976205e-10,2.4081312914943417e-09,-4.5736239791847545e-09,3.74520226893109e-09,-2.352547209458493e-09,1.2438097233639505e-09,4.193252577232533e-09,-3.0841640102574204e-09,-3.2283599242853575e-09,-5.111357839066128e-09,-1.1856603353716713e-08,-8.379727232565082e-09,3.589110007503855e-09,-5.690919117478415e-10,2.3246853451325888e-09,2.178289430655336e-09,-3.908087831404501e-09,8.470829785362739e-10,-1.6632402613136224e-09,-9.37415988441687e-09,-5.475930283655417e-10,-1.0017543416555028e-09,-2.2145044771250215e-09,4.708551046100681e-09,-2.225084118045545e-09,3.3115022949229957e-09,-6.466771294088605e-10,-3.818880890198206e-10,3.100039484481582e-08,-2.7131640571814297e-09,-7.976968900187607e-09,-3.862695664765555e-09,-5.455077578155919e-09,-9.680017826520734e-09,-4.264597992867202e-10,-3.2411838512803244e-09,5.022822873930784e-09,6.513319388576233e-10,-1.5597051971677155e-09,4.87823007275742e-09,9.83722189716414e-11,6.807323625167769e-10,2.437601955274483e-09,1.9394415715015978e-09,4.1708966661914096e-11,-1.2807064040195985e-09,2.225353918783546e-09,-9.215923609215951e-10,-1.9839694189855505e-10,5.744169850418556e-09,4.762847537826778e-09,1.2159252143435195e-09,6.637031093784116e-09,-2.5116258130429982e-09,-1.9643819884454027e-09,2.8456229042422086e-09,3.6108820142158723e-09,6.636771309549961e-10,3.5812744619926333e-10,1.3686818750711188e-09,-4.263536985601355e-09,-1.7713624533536772e-09,-8.348529687459196e-09,-3.5668949015166474e-09,-5.116436141935031e-10,-4.016823169709213e-09,-1.1632877821890155e-09,8.23298968693305e-10,-1.5595292558785442e-09,-2.8357164378531798e-09,1.2057602616076198e-09,-5.27241078311334e-10,-3.277633590461879e-09
L16treat_m4,1.7108393238631402e-09,1.0737971793613308e-09,4.396016248047304e-09,1.3238711405607189e-08,-1.1046326685236861e-08,-3.891767618616269e-09,3.0780349100113193e-09,9.659718319850918e-10,1.9366416852452035e-10,2.17658637981277e-09,-1.3432813109711861e-09,-8.664781109694787e-10,1.3832124612674107e-08,-6.4240136945464375e-09,-3.3590832304157543e-09,7.220980599443593e-10,3.0427356120122544e-09,-1.4673783032311267e-09,3.740375261109452e-09,1.2221247135241598e-09,4.030722178122899e-09,1.142976697488557e-08,-3.756035148327095e-09,1.349656929352109e-09,-2.123618211840255e-09,4.459748676296688e-09,-1.2840623169657305e-09,5.2481350895591155e-09,4.051745817455668e-09,-3.7988460466914153e-10,1.2583350873381442e-08,-2.3613039891705057e-09,3.1299251717297115e-09,2.537802403969065e-09,-2.2251052732286285e-11,-5.070087562114491e-09,4.320571394763827e-09,4.5866045328301745e-09,9.841493036007984e-11,1.0655380437399802e-08,-4.187479847019589e-09,5.9596537968421005e-09,2.2454499126944992e-09,-1.873555085078682e-10,-3.2074198491568586e-09,-8.699945018783945e-10,1.6884593997529253e-09,-4.568427942367838e-09,-2.7281219277798646e-09,-3.725682175973625e-10,-6.246346147783771e-10,1.0036669696369606e-09,5.573952691382676e-10,6.89560630422693e-10,-1.2353844380954527e-09,-2.0909074941760814e-10,1.9848651632406632e-09,-7.60586604986259e-10,-5.170377380969296e-11,2.1908008376573798e-09,-1.5683314339079307e-09,-1.9355205338796955e-09,2.892703223077316e-09,-4.54864035557271e-10,2.0083322749712116e-11,6.777096802238715e-10,-3.962472196874541e-09,-2.808827447103238e-09,5.294201592602599e-10,2.718694271655005e-10,-1.3914645740101989e-09,6.307271091934732e-10,2.7669206051599084e-09,-3.6801834738638313e-09,-2.77862292209086e-09,1.827009006634489e-09,2.213496544746946e-10,-2.503830533436751e-09,-3.751573722513502e-10,-5.540457263428645e-09,-2.187406557475178e-10,-2.949794169028156e-10,4.555827105934949e-10,-1.0268762471655177e-09,-2.3264061995357797e-09,6.583577316254922e-10,-2.6780376784275065e-09,-2.577032388797625e-09,1.5760729956330123e-09,-2.326822448293979e-09,-5.14419043572152e-10,3.9943513174423795e-10,-1.4009940653918369e-09,-3.157813082808092e-09,-1.3072058320616352e-10,-7.086175139117456e-10,-3.5169342205783754e-09,-5.0420665047563966e-11,1.7192246406454999e-09,-5.162065711633021e-09,-2.780121865151278e-09,-8.687563530902399e-10,-2.158829410029391e-09,3.351544883426486e-09,-3.123169276363775e-09,5.668710902823904e-10,-2.214132394715904e-09,3.7358692027235705e-10,-2.7439968218843496e-10,-1.94729730868245e-09,2.4062153250719066e-09,2.4643447182908655e-09,2.7130644427529957e-09,4.2472675023638506e-09,3.1000840557240017e-09,-2.2294721396198317e-09,4.3686756209716285e-10,2.051767531694531e-09,-2.829286145848976e-10,1.660892406183926e-09,-1.4292846851966406e-10,6.72520461925612e-10,5.239627425402274e-09,-2.163148870301552e-09,-4.4109181321295905e-10,1.0245529964049863e-09,2.2029430292119756e-10,1.1186932828049224e-10,-2.3733962583302697e-09,-2.2056159875608763e-10,8.932136667692991e-10,-1.711989135245715e-08,3.818503292459252e-09,1.8450455538278738e-09,1.9026168685442594e-09,1.0663409563591856e-09,4.0467189140918716e-09,7.482693819398847e-10,1.5644360876932356e-09,-2.5674787979057168e-09,-8.166294187900101e-10,1.0300511332932857e-09,-1.417656183113551e-09,1.630466764799999e-09,-4.186373969789731e-10,-2.7110559734907253e-09,-1.3743884483653548e-09,-1.2915790033370163e-09,1.1629252436296192e-10,-4.6420239907925704e-10,1.159946066263367e-09,-7.361842114799578e-10,-3.387763665058503e-09,-2.876784300181146e-09,-1.5567219480365071e-10,-2.800542504599671e-09,-1.5233647031071872e-10,-8.441351955951648e-10,-1.4332855402335068e-09,-1.3847023722125084e-09,-3.006988305179558e-10,6.325572161330615e-11,5.458975716970345e-10,2.28842854241678e-09,1.5636006649951137e-09,5.04250842577855e-09,3.5748049674677467e-09,6.612754554799942e-10,2.8464268412232786e-09,2.002210107524116e-09,1.3758081921992553e-09,2.2109530940058273e-09,1.995571871967052e-09,3.020544079600444e-10,3.6069802795426066e-10,8.503022043814372e-10
L16treat_m3,1.9952346746909585e-09,1.9266545905266925e-09,1.2916533690986068e-08,2.82561626941299e-08,-3.964221973737202e-08,-1.1018225203982796e-08,2.133499886114333e-09,3.4312252301358987e-09,7.987660029590625e-10,2.3481597767673465e-09,-1.1284072772918164e-09,1.223737053846911e-09,3.476312522823457e-08,-2.577792760077895e-08,-1.0095428698074743e-08,-3.739614177244343e-09,5.7880704922090145e-09,1.4251761068593777e-09,4.617072456535885e-09,2.59937889026766e-09,1.1864650135570677e-08,3.1863284596028104e-08,-2.4401004572127603e-08,1.1216576429061287e-09,-6.8247735913059055e-09,9.916717513637169e-09,4.345223437304543e-10,7.833332712315148e-09,9.845946988705658e-09,5.2510796248222094e-09,3.7507409786738125e-08,-2.0932515334432285e-08,3.804845986564479e-09,2.6802644880067275e-09,-1.1907564453861812e-09,-4.8202467282492895e-09,4.586604532830175e-09,1.1374353847302328e-08,2.5591739095945295e-09,2.507602665411648e-08,-1.663014250131609e-08,1.0085738011006605e-08,5.665270498587078e-09,1.4558209074456321e-09,-3.858475309607546e-09,-7.57344126576842e-09,2.2767059607322516e-09,-8.371897454411725e-09,-8.102197786242589e-09,2.5045251100749808e-09,-7.605800694225567e-11,4.5440362192782895e-09,1.956147083360886e-09,9.035317876084535e-10,1.6145732599998542e-09,1.8083305416397293e-09,7.760380834458143e-10,-4.596884839895286e-11,2.367735444808473e-10,3.031863392276857e-09,-1.9954633576207756e-09,-6.098687225054793e-09,8.37121619565348e-09,-1.0535168286044492e-09,2.612579706320182e-09,3.068568392879488e-09,-9.058491064720864e-09,-5.861005492521137e-10,1.3438436518810946e-09,-2.488700675321001e-09,-4.1985868904733815e-10,-2.217932262765568e-09,8.584136902683041e-09,-7.532480456338137e-09,-5.7071981070090195e-09,5.731308103556562e-09,1.0666689238517878e-09,-2.1182515269220644e-09,-1.754712529499016e-09,-1.0855477332380086e-08,5.241782376691281e-09,-1.2326431167440844e-09,-2.339463901573473e-09,1.1518084549573287e-09,-6.071158900513306e-09,2.3549363062640144e-09,-8.90629809828681e-09,-4.824261940436065e-09,4.115608620408931e-09,-3.8048962901349655e-09,4.758727541617502e-09,2.5161730307194156e-09,-5.22795888125421e-09,-1.8955687291818276e-09,4.4448691795917334e-10,-4.156405196330241e-09,-6.420444202175093e-09,-2.7006636300010264e-09,6.210361406374906e-09,-1.1081158086159234e-08,-7.5904695436864e-09,1.6857334677958899e-09,-2.56604876007867e-09,1.0396844748087929e-08,-6.058326585526746e-09,2.7508438003167315e-09,-1.7539904575069358e-09,1.0070623242473692e-09,-4.108546561666223e-09,-2.7274201044470666e-09,3.3842550980937384e-09,6.759891965836065e-09,6.2875453525407825e-09,1.2207005372595428e-08,1.5397857269199344e-09,-4.8933171876262695e-09,-4.6543018311605057e-10,5.902965914730353e-09,1.5176549254913734e-10,3.054942240637558e-09,9.037752939740976e-10,2.116652307067309e-09,1.11867288620239e-08,-4.059403386780044e-09,-1.5997252489112154e-09,1.0834342858743994e-10,2.5933327550511584e-09,1.944961670823242e-10,-1.5259547514295054e-09,-2.1023711626977175e-09,1.89089542371909e-09,-4.5563220595292876e-08,1.1765254721307309e-08,5.365532591921992e-09,6.851983966645233e-09,3.1535994573811764e-09,7.542453108841465e-09,-9.369714211213765e-10,2.6542651173939724e-09,-7.216678022327116e-09,-1.998159704075285e-09,2.8574720200703004e-09,-2.141294099328262e-09,4.495946590837021e-09,-5.730490361395046e-10,-5.698314425088535e-09,7.586050201482754e-10,-2.1045501781480097e-09,-2.853351140629759e-09,1.9092437400281407e-10,9.343152021282418e-11,-6.860171803481775e-10,-6.236389522379959e-09,-6.62588588246784e-09,1.3077283727081622e-09,-5.332350864299617e-09,7.598210748634141e-10,-1.2519728767330882e-09,-2.397795176416235e-09,-2.637792667436878e-09,-3.1365040280519595e-09,-3.172135379293042e-09,1.886467355552e-09,6.854364847065392e-09,3.278160441088375e-09,1.1273899076688728e-08,9.623293079688422e-09,6.135743380483379e-10,5.892834117670096e-09,2.480183510568203e-09,2.9210244752567656e-09,4.989605604430002e-09,1.939003503284026e-09,1.7479930750271165e-09,4.452355382977489e-09,2.1519883571838606e-09
L16treat_m2,5.651676749969729e-10,-2.837823532866442e-10,7.464242253002439e-09,-1.2629611176403171e-09,-1.0633446960366427e-08,-4.713261612291545e-09,-1.2299460768286636e-09,2.857958216588565e-09,6.949020749194122e-10,2.8375612761705596e-10,8.61409955123645e-10,8.552259017682457e-09,-7.266697611649828e-10,-7.409302517987028e-09,8.290823008535217e-10,-3.899906868583453e-09,1.9883124788946315e-09,5.849519798341e-10,1.448329682075896e-09,-5.109415105203295e-10,9.464707392085155e-09,-3.857065844218151e-09,-6.06823956570223e-09,-3.5947836777479633e-09,-6.830132851932222e-09,2.9984887521824516e-09,6.172507330168418e-10,8.81440623309257e-10,9.22941844613338e-10,1.2164779444075107e-08,-2.700994652977138e-09,-2.722137044202665e-09,1.4590755756663483e-09,-1.7767188207962967e-09,3.902490627914887e-09,2.9394938874919966e-09,9.841493035997892e-11,2.5591739095942106e-09,1.1279558045673688e-08,-3.30785440040398e-10,2.603306939894755e-10,-3.172318550438319e-09,-4.152946591001212e-09,5.568290729817503e-10,-1.8476728066346678e-09,-2.158001180213034e-09,-1.0334004912464626e-09,2.212766857445077e-09,-2.808298825692175e-09,3.6974214633412626e-09,9.178408081823438e-10,4.347746124602017e-10,9.899492404789963e-10,-6.726685269977973e-10,1.3436451965319054e-09,-2.3492699014233777e-09,-1.6132578528362098e-09,1.628979949169388e-11,-1.283877798224399e-09,9.82691652274277e-10,-1.69185348042014e-09,-3.1243912766357093e-09,2.517746533582294e-09,5.412257148101976e-10,2.1865403853825563e-10,-1.5897587082997837e-09,-2.8629639411296083e-10,2.008215503149681e-09,1.8136476391145413e-09,-1.0652090645702614e-09,-1.0968558198419583e-09,1.4766855914008291e-09,1.978141105831904e-09,3.352058506173311e-10,-2.2995316595113213e-09,4.099123401806108e-09,-2.2849361383158457e-09,4.800151291404309e-10,3.630316323774225e-10,-1.8223645227714208e-10,3.203625122813446e-09,-2.582816091261793e-09,-1.9494214054367989e-10,-8.506327970499174e-10,-4.568600083165474e-09,1.8482756623079487e-09,6.6829390484583e-10,-5.134238104672425e-09,-3.743227827067174e-10,-2.3963091407467504e-09,1.590828732842636e-09,-6.899275677361032e-10,6.636991357501716e-10,1.7227902135831372e-09,-5.384482550955796e-10,5.984923116177591e-10,-4.325705330804191e-09,-2.4795865027121447e-09,2.6506653933580785e-09,1.1438754341533547e-10,-4.846984048315989e-09,4.777506033019896e-09,-1.1293064776495865e-09,1.994654331459844e-09,5.761763699254508e-11,-3.817161632115143e-10,-5.435328187092429e-10,-1.9069604483508175e-10,2.914391820352558e-10,-2.6290160500979846e-09,7.405883552868167e-10,2.8265589363212305e-09,3.7683232330756405e-09,-2.9849787001810365e-09,9.006832180994504e-10,2.0706798712195944e-09,2.6449602104603953e-09,5.441317662318759e-09,1.6632132790947534e-09,2.5802997422838233e-10,5.385662427945595e-10,2.9046487450053576e-09,-1.5329724189009687e-09,-1.8966765801220987e-09,9.933286683681602e-10,-6.267546198876055e-10,5.163765413742946e-09,-6.513466208456765e-10,1.0326437809230754e-09,-3.8221175150552125e-10,-2.176328718877543e-09,-2.5407640804726687e-10,7.855767171416674e-10,-6.518290563905969e-10,1.393859686728355e-09,-3.7564353302607e-09,-8.382131797020294e-10,2.488133332209919e-09,9.624060355406306e-10,-1.2632907995031779e-09,-2.24599787290585e-09,-4.046748848576954e-11,7.854928567786474e-10,1.238626440990753e-09,-1.183509755748147e-09,-1.9390394045886337e-09,6.814618273028543e-10,-2.8020887499807443e-09,-1.856136688792567e-09,-2.743329686167562e-10,2.202484736894405e-09,-2.616463800920247e-10,1.5457536725214256e-09,-1.535730253893979e-09,1.7765952245673839e-09,-2.748908652392463e-10,-1.8504830368993622e-09,1.3081604982177657e-09,3.4320272657207563e-10,2.892181013210691e-09,-1.980962588634038e-09,-1.0701588165590125e-09,-8.101952596346599e-10,-1.1262691265133807e-09,-7.989534193953309e-10,-7.152215521273871e-10,2.4952628719762475e-09,-2.510002053699485e-09,8.225048575332835e-11,-1.6464779552271034e-10,1.3877922287315796e-10,9.725404719343702e-10,-1.1592101932914263e-09,1.3747174113264433e-09,1.863760517032761e-09,2.9330773503071164e-09
L16treat_m1,2.376377026668177e-09,5.023566713020705e-09,4.39774150090664e-08,1.0600242580363558e-07,-1.2634528924161475e-07,-4.373290845138691e-08,6.3891546826349915e-09,8.445728028509214e-09,-7.2259794395150785e-09,4.4317055039364475e-09,2.5376569796790056e-10,5.207337752839417e-09,1.2750382155272641e-07,-7.775590749387076e-08,-4.826379628344819e-08,-8.041168572996915e-09,1.2667271302815489e-08,-2.4983538739101943e-09,6.769134661498141e-09,7.254943267341004e-09,4.0221748214529146e-08,1.2810335366893533e-07,-8.355964821409844e-08,-8.328794116498941e-09,-1.629397138625868e-08,2.7660441759282805e-08,-1.7399043760977461e-09,1.985498683890287e-08,2.5813968460550443e-08,5.2300193860500505e-09,1.4603028417145338e-07,-7.730387431881066e-08,8.538090212386986e-09,8.860311956811247e-09,1.3066876301670358e-10,-2.1826891811004817e-08,1.065538043739981e-08,2.5076026654116572e-08,-3.307854400407112e-10,1.1165710038370476e-07,-6.173962571679362e-08,1.85096750272545e-08,2.8007539128753257e-08,4.158843459198296e-09,-1.647201274482272e-08,-1.121114325602755e-08,1.3965041912772272e-08,-3.014513990735896e-08,-2.175312115335676e-08,5.9942312783129835e-09,-6.656181095035393e-09,7.148217741102964e-09,9.564217229624693e-09,-3.1880617559198694e-09,6.415349213313545e-09,1.3105708000245452e-08,9.585800643098424e-09,-1.3683167031207424e-09,1.504623046859174e-08,5.849527454704804e-09,-8.443920123701664e-10,-5.549319213999585e-09,2.9489980832151563e-08,-9.330129898116951e-09,1.730179243605943e-09,1.3792722336480459e-08,-3.427295925676908e-08,-1.5468270263674286e-09,6.194435429735789e-09,-5.546645805837923e-09,-3.887665044424781e-09,4.531669479502913e-09,3.205745466693029e-08,-1.8972298150550854e-08,-1.723567010277165e-08,1.9256076368316953e-08,1.0500908779721571e-08,-1.5162720737746336e-08,2.669748178561396e-09,-4.178632433801991e-08,1.7417819166146558e-08,2.72300437335432e-09,-4.686050593992591e-09,-5.858653168967981e-10,-5.44037588304583e-09,1.3803925345704914e-08,-2.8259070728750194e-08,-4.946442764237484e-09,2.0286790326586097e-08,-1.604353607963212e-08,5.507032034741397e-09,3.879738636462853e-09,-2.227414175724918e-08,-6.0840320089837625e-09,8.620728518060213e-09,-5.300268404523426e-09,-2.1700919347066073e-08,1.0020877617503866e-08,2.0001831040626663e-08,-2.6679670815145064e-08,-2.3187859296265487e-08,8.34160904022905e-09,-1.2792119208663575e-08,1.8733878154451116e-08,-1.1654614020162706e-08,1.3033885251275193e-08,-6.5507765519090585e-09,6.767479985160667e-09,-1.070815060420705e-08,-1.0987343391038851e-08,1.0942575679983595e-08,2.1243852144334938e-08,2.449083683782556e-08,4.942817157389636e-08,6.918924351680795e-09,-1.040220956115985e-08,-3.948682646302592e-10,7.963352459513794e-09,-2.7509260738059293e-09,1.1243553655208631e-08,4.002542890902779e-09,1.3501810749181274e-08,4.0887301234248504e-08,-1.2484222521890356e-08,1.5331423927412356e-09,2.8831210096788893e-09,-4.963443361378518e-09,5.84557051965578e-10,-4.94721460377071e-09,-1.5393397777801446e-09,1.008981226871208e-09,-1.6986281630539388e-07,4.723505442282777e-08,3.0545150605602274e-08,2.373530108680805e-08,1.701239753596389e-08,3.172608370399213e-08,5.453276783361615e-09,5.359372662535053e-09,-2.5403960185715498e-08,-7.980008360918373e-09,5.637196636466073e-09,-1.4160076641068838e-08,6.900705639644126e-09,-6.39818487290602e-11,-1.6471239130555642e-08,1.3521550832742197e-09,-6.38414337371199e-09,-1.9895190626823353e-09,-1.6927212018036498e-09,3.738734759646459e-09,-1.2006634949120757e-09,-1.700173204059401e-08,-2.6800548244336978e-08,1.3522185020614861e-09,-2.3802593253109235e-08,-6.809485570239853e-11,5.428754879843464e-10,-1.5053884884759722e-08,-1.2614190904362432e-08,-8.741369950473824e-09,-4.423550477796725e-09,3.197857275085332e-09,1.6417515934778278e-08,8.813104886154538e-09,3.6336141340203726e-08,2.7167286975138666e-08,-1.6351800406526316e-09,2.0004392591336512e-08,8.515330672832993e-09,2.9092327442793967e-09,1.4202035318037742e-08,5.696504988946466e-09,3.1932002097144477e-09,9.224693762257836e-09,1.052447787745754e-08
L16treat_p0,-2.4970779474103866e-09,-3.4111440598039187e-09,-3.604656204670018e-08,-7.359535219676919e-08,1.1199243683765252e-07,2.3580648732232486e-08,-7.503203124877918e-09,-4.272138010734282e-09,-2.272481911147388e-09,-3.897004091428965e-09,5.821579721553262e-09,-5.715136478663485e-09,-9.859748274897609e-08,7.141441962711421e-08,2.0610664140227552e-08,6.118447766344707e-09,-1.644871208488708e-08,-8.238195720909372e-09,-4.638992043622194e-09,-2.123121940411348e-09,-2.9468824235933458e-08,-8.852661565983781e-08,8.680605491667866e-08,-1.4252513935677479e-08,2.1177872334437496e-09,-2.1969095502161865e-08,-1.0420217477721708e-08,-1.017675290116285e-08,-1.8381863822910605e-08,-1.3183338425443424e-08,-1.0849313390729652e-07,8.765986150502746e-08,-1.6246326179693702e-08,-8.346553276256391e-09,-1.590796941285584e-09,-1.4984168287054539e-09,-4.187479847019514e-09,-1.663014250131586e-08,2.6033069398985036e-10,-6.173962571679147e-08,8.20140663081536e-08,-3.2775358580817906e-08,-2.898714241913834e-08,-7.96935720756853e-09,-4.1274002886873304e-09,1.5045224109414292e-08,-2.8340548815449434e-09,1.2670357768777153e-08,2.032234659621476e-08,-4.703800971151889e-09,4.45540957720262e-11,-1.6003837299802267e-09,-2.8542247724405758e-09,7.6585354671206e-09,-9.991509599136076e-09,-2.764919935026272e-09,-5.902943185534623e-09,-7.749246037654134e-10,-1.336547330915903e-08,-5.570988623637949e-09,7.313776720724619e-11,1.3918224348162836e-08,-2.1465063472322784e-08,3.066351270116482e-09,6.063970652409082e-09,-8.318047657665435e-09,2.2428512171256217e-08,6.482072539287662e-10,-3.845367954218956e-09,8.782416682549516e-09,-6.124646230345903e-10,-3.987997432608355e-09,-2.4365395951250465e-08,1.4657709751539725e-08,1.3461567849869222e-08,-1.9445735095815105e-08,-6.512676339341018e-10,1.5915222737730623e-08,2.7041633775527043e-09,2.8620963512572403e-08,-1.759605008134566e-08,3.2464442662262925e-09,5.123291257525955e-09,-5.380360961579675e-09,7.518073580179155e-09,-6.40751206099473e-09,2.1765481354624152e-08,4.6357653520475365e-09,-1.9877897707866527e-08,1.567539191666876e-08,-3.0546259026522282e-09,-6.978107919292601e-09,1.1653419472490825e-08,1.9175239779352957e-09,1.9208657403319706e-09,7.903780126202375e-09,7.181466402985788e-09,-5.078088464143896e-10,-1.6414351435362554e-08,2.0661124527598832e-08,5.174490323429678e-09,-1.321927741093252e-08,6.359568508161475e-09,-1.458382964645389e-08,5.7796090341515336e-09,-1.8597026915063884e-10,3.299792370074438e-09,1.5701304796592635e-09,9.717545669879195e-09,-2.0028477270602886e-09,-1.0782784202665053e-09,-9.795795603270287e-09,-1.6694363588767725e-08,-2.6862379606057352e-08,4.953848989278654e-09,1.2013341985573707e-09,3.833200987776865e-09,-1.1712004179943528e-08,-7.400956610595579e-10,-1.439232093450999e-09,-2.3271807296005453e-09,-1.1309204755741656e-08,-3.653368951911797e-08,1.5578831840843266e-08,2.79368497077162e-09,-5.259300707706683e-10,-6.6115137180792826e-09,2.4339221364292005e-09,-1.171298967770192e-10,-6.125372483260296e-10,2.4278452965503555e-09,1.283738223352447e-07,-4.685571555866111e-08,-6.074723453912612e-09,-1.4508862073799172e-08,-9.986401365177266e-09,-1.3652957889225138e-08,8.282624410401711e-10,4.390860766174241e-12,1.509813859256931e-08,6.4223776685742596e-09,-3.474098256392416e-09,7.972489540555056e-09,-6.5190119317044705e-09,-2.5012128328881022e-09,1.647826248350067e-08,-6.9375460738995134e-09,2.0338027517975853e-09,2.868532591500942e-09,-5.39214040542611e-09,5.068407071638134e-10,2.6084319133460493e-09,1.2422944199224436e-08,1.6891411959091883e-08,-2.149955791859807e-09,1.4666949372188178e-08,5.660158537874718e-09,8.632928282271427e-09,8.690015690847298e-09,7.480833465253187e-09,7.393060490353564e-09,3.0056091183507405e-09,-7.892558700459667e-09,-1.3016957323492116e-08,-8.60943388738319e-09,-2.8009452066361803e-08,-2.2356324983879864e-08,-3.5759958721791028e-09,-2.0476193634217775e-08,-1.5024779975317258e-08,-8.742744346505062e-09,-1.511854900888486e-08,-2.073490600659288e-09,-5.2366302289627154e-09,-6.476869822269184e-09,-2.1278713562184726e-09
L16treat_p1,3.901751488377232e-09,3.190034359162765e-09,1.908646996481821e-08,4.03499462600553e-08,-5.212784671915338e-08,2.898931509933148e-09,1.244665483899423e-08,-1.5263215596319676e-09,3.7479448105443265e-09,5.914037287974042e-09,-7.922557602801383e-09,-3.0894558946707993e-09,5.6469548964897466e-08,-3.526940406456935e-08,3.357838634282467e-09,3.035901043174136e-09,1.2628001026336561e-08,3.4892072352430554e-09,6.266752580115789e-09,-1.4900388025942296e-11,9.434291361825461e-09,4.0536667440356254e-08,-3.3891443702727896e-08,3.433467385442763e-08,7.90048110364177e-09,1.7740423756051912e-08,8.950347372914913e-09,9.158257586128167e-09,1.114296611571408e-08,5.0083230083607715e-09,5.289409750102816e-08,-2.9792530828168968e-08,3.031435280616052e-08,1.235705012695163e-08,-2.0952103771847825e-09,-4.607915350060402e-09,5.95965379684206e-09,1.0085738011006546e-08,-3.1723185504383532e-09,1.8509675027253673e-08,-3.277535858081755e-08,4.7546369774302135e-08,2.1525399897583848e-08,8.669845695303005e-09,4.9142842810882315e-09,-1.2004636400591976e-08,-4.2988520221174506e-10,-8.284861750739107e-09,-1.0052397785030275e-08,1.5705675427656944e-09,-1.8630420055974555e-09,-8.735485822122358e-10,-1.6750885924930677e-09,-1.2171163589976446e-09,5.858531989845489e-09,-2.5226170597502575e-09,1.122084077539226e-09,-2.0323754403857428e-09,3.1130989770110626e-09,7.445210991923866e-09,1.5475105061991586e-09,-1.0517714194326868e-08,8.10831682619518e-09,-5.36573751193972e-09,-7.110600267555528e-09,3.5147546301102055e-09,-8.537430508961753e-09,-5.36725739329034e-09,-1.9760184989082394e-09,-7.190470828311538e-09,-1.302642457715956e-09,2.379143959343032e-09,1.256125098474964e-08,-1.3525401233548342e-08,-6.150533970864468e-09,1.1508355397630649e-08,-2.9044139077740993e-09,-1.1260588840261501e-08,-2.8783292364254927e-09,-1.5388553575194233e-08,9.688627831390763e-09,-5.830623835106671e-09,-8.335555689055277e-09,-7.480876831251345e-10,-9.839347905441501e-09,-2.2121219934060386e-09,-1.1547816763591265e-08,-1.2092090623437984e-09,1.0889197846666816e-08,-1.2339658207002086e-08,-3.996276655656783e-09,8.200099419064975e-09,-5.935775872162363e-09,-6.138180332791397e-09,-5.777679035641219e-09,-1.2817625541705967e-08,-5.242398429840747e-09,-6.801764974102668e-11,5.793477643285382e-09,-1.6034848042203697e-08,5.222996524356954e-10,1.3021273775813355e-09,-7.527240727492574e-09,6.57928189846428e-09,-5.9668479624389296e-09,-5.00186358804323e-10,-4.168730279687143e-09,-6.985056287463904e-09,-6.4676363699868544e-09,-2.576610032460828e-10,-7.680992157873096e-10,2.785199560475061e-09,1.1637933028480811e-08,6.81418043450766e-09,9.989299265572717e-09,1.05479593060878e-09,-2.91387794535142e-09,5.024759696519491e-09,1.6439690672600129e-09,-5.505660653256832e-10,-2.1141446758934946e-09,3.916547914163848e-09,2.626095241595996e-08,-1.545881105142925e-09,8.14975931045077e-10,3.8119124400207854e-09,3.993880739519505e-09,2.5097390423298923e-09,-1.2902152254493574e-09,2.6634044289866663e-09,-8.611168881100025e-10,-6.8775623825555e-08,1.4573726681739347e-08,-1.102800674555188e-08,2.0147828984976936e-09,5.214352200064284e-09,4.804413519223056e-09,-8.758826405333532e-09,3.598277593518583e-09,-3.763891142711979e-09,1.7318168508250886e-10,3.687273066171561e-09,-8.653224038593012e-09,5.415935960352311e-09,8.020495537454168e-10,-9.759277053461099e-09,2.503508870937532e-09,-9.496033425780867e-10,-1.99533404848992e-09,1.816695561638506e-09,-3.989228921517846e-09,-1.992439704485214e-09,-1.47376168599291e-08,-4.53596198887792e-09,-1.5393551201437345e-09,-1.2852213143760033e-08,-3.083833239962061e-09,-5.5432416552547555e-09,-2.6571365259830296e-09,-1.5651850786445982e-09,-3.7055085410248843e-09,-2.390533214421734e-09,2.478711553823453e-09,1.1204330800128375e-08,8.52658123378405e-09,1.9212604200136866e-08,1.202478657172125e-08,6.127547827628181e-09,1.842822797979457e-08,1.3476760705203319e-08,7.170952217088014e-09,8.943136530150533e-09,1.373633025793303e-09,3.3121429005650808e-09,4.1940313947784334e-09,1.000860588400217e-09
L16treat_p2,4.305934681891123e-10,1.543778305769982e-09,1.3601453640337321e-08,3.278102889089208e-08,-4.221774734657969e-08,-7.333050498723867e-09,8.85793978378653e-09,-9.053950221515498e-10,-3.846006626501751e-09,1.7946288741743769e-09,-1.8101726962476986e-09,-1.925649581263496e-09,4.775608767093667e-08,-2.5612805838144756e-08,-1.1511297057314168e-08,8.053504533483806e-09,4.105720830130241e-09,6.990717089720158e-10,1.2158337651781659e-09,1.3819175937681947e-09,9.629596294626214e-09,4.316696095672962e-08,-3.200760595402705e-08,1.4423702835418006e-08,1.0455673686300279e-08,8.56483899944116e-09,2.910040077787781e-09,4.557980260517043e-09,7.424540020062639e-09,3.7222267294707845e-10,4.550701722352476e-08,-2.5802879699078546e-08,1.3679136925982327e-08,1.0777875902037613e-08,-9.91633448657598e-10,-5.259903057686004e-09,2.2454499126943913e-09,5.665270498587e-09,-4.152946591001374e-09,2.800753912875162e-08,-2.8987142419138004e-08,2.1525399897584175e-08,2.641063835494835e-08,3.724718389670053e-09,2.356012831926476e-09,-5.046049279276841e-09,2.5218586648866026e-09,-6.418556790619312e-09,-4.7138276662577135e-09,1.4033943492110405e-09,-3.15456635659676e-09,-3.742587373519807e-09,-8.981968436063265e-10,-3.4759938543144865e-09,3.5466554167001215e-09,4.445910006188917e-09,5.753660444496838e-09,-2.8315857231646654e-10,9.040484105119886e-09,2.511934961092933e-09,2.0836660873001717e-09,-3.5151057092915576e-10,9.54986593699485e-09,-4.328910547919665e-09,-4.03568327219804e-09,3.781459005013178e-09,-9.211345288031801e-09,-3.3114987184231118e-09,7.921305573702998e-10,-1.859682279363281e-09,-1.6913066234954449e-09,6.532967933382002e-09,1.4031689399192336e-08,-5.861277087533414e-09,-2.0736488523030423e-09,7.703719934863511e-09,3.0201114689628764e-09,-1.0693819721327793e-08,8.711967174211775e-10,-1.29747469195034e-08,5.77901325126047e-09,1.958465046351292e-09,-2.888758475414505e-09,-2.6539481820709638e-09,8.448171349429314e-10,4.285462184582444e-09,-7.153352884622549e-09,3.9146757292086505e-09,1.0931875736472873e-08,-5.286061985846861e-09,-4.5509005734132226e-09,4.8869018640999945e-09,-4.4719676292290745e-09,-3.430550696082279e-09,4.6239299695783647e-10,-3.1745210265179267e-09,-5.829095432118418e-09,1.1461711469785588e-08,5.189904023370427e-09,-5.4906093124005596e-09,2.1492999760456556e-09,4.526787455442696e-09,-4.0608750507281834e-09,-2.2559813701455825e-09,1.3175122546977246e-09,2.73582447319359e-09,-3.905311012735796e-09,2.8854466166876408e-11,-3.34651122271693e-09,-3.3226448427081203e-09,7.553086420929605e-10,2.4780775532854177e-09,1.1286894711538711e-08,1.1847833027875314e-08,5.0272819974249585e-09,1.6908552536014462e-09,6.02663963716515e-10,-3.4944917147609873e-09,9.525158196576572e-12,1.538593241222362e-09,4.6062914109231085e-10,7.236941872724768e-09,1.6083112840277927e-08,-4.393448093730006e-09,1.6568564027409315e-09,5.6103606037108855e-09,-2.838603217444248e-09,1.1735112552149912e-09,-8.00883795365209e-10,2.0471203712299142e-09,-2.5847675842377384e-09,-5.676878768242739e-08,1.683664962985993e-08,4.268434623341372e-09,1.2889310748940189e-09,9.772648764583886e-09,8.29401610356617e-09,-1.7548994566178048e-09,1.1570031525674664e-10,-6.371295656357065e-09,-1.2471847634175787e-09,2.526265182152883e-09,-7.53002778477983e-09,-2.1631281816986147e-10,-1.037289334089687e-09,-7.070961839853418e-09,6.739093182656437e-10,1.6872250126271762e-09,3.955776388269376e-09,8.916543873152725e-10,-5.373277465325945e-10,8.733035709979395e-10,-7.418571285291256e-09,-5.59086365280778e-09,4.494384415242771e-11,-9.426440044403753e-09,-3.834965820184253e-09,-2.244051064106689e-09,-5.14174761694996e-09,-4.886548603524517e-09,-9.570218582653705e-10,-2.1528947437671884e-10,9.37255999661305e-10,4.746999126201319e-09,4.373317841698189e-09,1.1805634675488575e-08,5.560573564168827e-09,1.5721924128072262e-11,9.764564288268382e-09,8.281363492088543e-09,1.6871154670989748e-09,5.1443140803356765e-09,2.0057737343483947e-09,-4.45613490120027e-11,7.273602654823899e-10,3.377081779301071e-09
L16treat_p3,5.33395994769776e-10,1.3250723401717678e-10,4.201885208200753e-09,9.866073648084231e-09,-1.1155754866191488e-08,1.8256712475788884e-09,3.4492482861725236e-10,1.922161839257869e-09,3.180761431780936e-10,1.9220819302546585e-09,-1.1292367517320642e-09,-9.132441718880608e-11,1.584521892172263e-08,-8.493655552396352e-09,1.3474244173977484e-09,-3.6125360812764587e-09,5.733255386267905e-09,1.0412135319063043e-09,7.420501222406827e-10,-8.934637410478051e-10,2.616065636785949e-09,1.1938861077575065e-08,-9.446137669407287e-09,7.409764189682022e-09,-6.051960618566606e-10,8.177368631942848e-09,4.405393222297946e-09,1.4118602419577477e-09,1.616739112943433e-09,3.3511208616608414e-09,1.6895051622438336e-08,-1.0130890368640808e-08,8.331052277035177e-09,2.429241923409807e-10,2.193496176984209e-09,2.728563619554809e-10,-1.8735550850786016e-10,1.4558209074456606e-09,5.568290729818687e-10,4.158843459197957e-09,-7.969357207568729e-09,8.66984569530272e-09,3.7247183896699793e-09,6.1959643380565334e-09,1.935885566301927e-09,-3.6479218315765724e-09,-1.6025464666122768e-09,-6.14012970317464e-10,-1.9208829754620186e-09,1.710899770954871e-09,-1.1052656480610563e-09,-4.80917756258993e-11,-1.5563078111489176e-10,-1.6752653233993018e-09,3.4296640648489665e-09,1.3907943172290346e-09,-8.904406726475598e-10,-1.1671787259154421e-09,-3.022405446084616e-10,3.1004947114376047e-10,1.9598318374503255e-09,-1.936489422561289e-09,2.0482142119490905e-09,-3.1202989377727445e-09,-2.3497946403675168e-09,1.7818976481287939e-09,-1.480766300356744e-09,9.293961008965075e-10,4.544532782599902e-10,-3.5118443256243608e-09,-7.588640075490068e-11,-1.12678459617629e-09,2.335280486082848e-09,-2.636619421207514e-09,-1.390033527629213e-09,3.523797402809655e-09,-2.8895933259396672e-09,-2.2346203899430103e-09,-2.5532778661485285e-10,-3.036270747585429e-09,4.3218789734154905e-09,-9.711639252421515e-10,-3.1495554346204896e-09,-6.780035723525974e-10,-2.958528949647506e-09,-6.402180808849155e-10,-3.3707302312516736e-09,1.2464446970413132e-09,2.6485849799654117e-09,-4.190642384155173e-09,-6.697079924813072e-10,1.752868523799762e-09,-2.817104033384753e-09,4.378387640814654e-10,8.987765896160607e-10,-3.8425829066340186e-09,-1.6673268247086685e-09,-1.6452333346064109e-10,5.281315102826962e-10,-2.179932455274612e-09,1.1908526153528044e-09,1.2115472638529134e-09,-2.952892002961176e-09,7.16311567868556e-10,5.34239312201727e-10,1.2555132324801733e-10,2.668734508755765e-10,-7.131784712679232e-10,-2.105121456152618e-09,-4.3193718147134204e-10,-1.0991581665036778e-09,5.663553509429882e-10,2.3479278138541783e-09,3.41186953686625e-09,7.411387362722249e-11,2.223776557187282e-09,-1.1637442081082287e-09,4.255590903001508e-09,1.778094736029366e-10,-3.096817456872216e-10,-7.685871377911968e-10,6.828806143248372e-10,8.961930099282405e-09,1.5822513891854427e-10,3.7937752413128714e-10,2.7464402112234224e-10,3.115006914698261e-09,8.560522738505118e-10,9.608776010025211e-10,9.806494850055816e-10,-3.443770510411745e-10,-1.669761535735112e-08,4.4971800387074825e-09,-2.0671397075856576e-09,2.649202636040818e-09,-7.355580250736999e-10,7.457339789873449e-10,-2.5679972398520405e-09,7.563053870639492e-10,-6.920475546756994e-10,-1.3273663553191206e-10,1.0221165476773853e-09,-2.7642681967181157e-09,9.099569833369507e-10,9.32450126745868e-10,-2.8369824640877993e-09,2.4378766043640134e-09,1.3422169307704268e-09,-2.5205655859227686e-09,4.169348886119598e-10,-2.455260116242898e-09,-1.5483140835708529e-09,-2.039056065781042e-09,-5.896494751276694e-10,-4.738415094121335e-10,-4.97975352340593e-09,1.3869633228048427e-09,-1.1461823721294976e-09,-1.186501764687938e-09,1.456059709364205e-09,-8.485474054220454e-10,-2.2848381378776346e-09,4.747997023805964e-11,3.298258557990878e-09,1.964451431624305e-09,3.6424239060320077e-09,2.2871050836281395e-09,6.819417847230805e-10,4.4544779237632255e-09,1.8342296881701655e-09,6.030584244311991e-10,2.004573441857427e-09,-1.8360612284607212e-09,-6.459819901162887e-10,1.5188877621310438e-09,-3.764882603540762e-12
L16treat_p4,-1.276857281847113e-09,-5.324691772465796e-10,-3.62232960336017e-09,-1.3235944356995011e-08,6.1239451933525415e-09,8.081225213804386e-09,-7.007511708841784e-10,-2.7296631626749436e-09,2.7264561447052745e-09,-1.1173584823907364e-09,-5.106836097028972e-10,5.187425061165814e-10,-1.3084228965990972e-08,2.7029553542660956e-09,8.361411991770486e-09,1.411074967998715e-09,1.1703818017649025e-11,4.5162965580845034e-09,-2.0405605356999402e-09,-1.436086890888187e-09,-5.209211982614345e-09,-1.3225356631772375e-08,4.234737460639827e-10,8.318272365638942e-09,5.895902895940785e-09,-2.172573612568052e-09,5.5607130628040855e-09,-4.519023992438919e-09,-3.050891668547865e-09,1.095579518226938e-09,-1.39513157600086e-08,-1.8215979460392514e-09,3.2934855528078e-09,9.864216209489594e-10,-9.817307978946805e-11,8.724840384979112e-09,-3.2074198491568395e-09,-3.858475309607609e-09,-1.8476728066346748e-09,-1.647201274482369e-08,-4.1274002886876894e-09,4.914284281088246e-09,2.3560128319267386e-09,1.935885566302096e-09,1.0815188807102773e-08,-1.0894764777244634e-09,-3.6388106994690398e-09,5.352059869750251e-09,1.2765943296720757e-09,8.463177581816789e-10,8.823706934462565e-10,-3.0376336773050706e-09,-2.3915453203776724e-09,-1.8150223862515433e-09,2.0403696207851235e-09,-2.520394042136027e-09,-1.8552825102123847e-09,1.2295193306452106e-09,6.7993701775514e-10,-2.2630513093728972e-09,7.87629361352632e-10,-6.920800877428474e-10,-1.5291694130126522e-09,6.925225120542541e-10,-2.535373732777936e-09,-1.1088050680203367e-09,4.4945209709893765e-09,1.7386983472627927e-09,-1.5506652698259947e-09,-1.1729510901248495e-09,1.5987419486953234e-09,3.9098246363457343e-10,-2.989414734788321e-09,1.9894584106847612e-09,3.705364353955715e-09,7.466113701740582e-10,-2.943271805754845e-09,-2.9443986194798616e-10,-1.828092661373964e-09,4.666633404950749e-09,5.390472968184031e-10,-9.797407971646635e-10,-7.761175580183192e-10,1.2044463177549984e-09,2.0748181150071084e-09,-3.2738949596137368e-09,1.864183945538386e-09,2.7824634988592482e-09,-5.950766398387482e-11,1.6741402824319894e-09,-5.153930720528864e-10,1.8220817908797383e-09,3.979447773791215e-09,2.6823958694033664e-09,-2.4126102825927364e-09,-4.120861722963197e-10,4.0923894040477235e-09,-1.1258109034213236e-09,-1.3569196079924054e-09,3.51214146804492e-09,8.178149422270189e-09,1.902803933037693e-09,2.473815927536724e-09,-2.008255027352569e-09,2.5282509788414335e-09,-3.138511402027669e-09,2.738434261886708e-09,-1.627588307164307e-09,9.615421034013164e-10,2.1150705170811717e-09,-3.2288071472681463e-09,-2.9892667401184265e-09,-1.6267231320064836e-09,-8.816502164962797e-09,-5.408708417393245e-09,3.1224986964484148e-09,-2.883988806259827e-09,-1.97898469371937e-09,2.388939669957125e-09,-3.0148464993301395e-09,-6.581070987350952e-11,-1.6172905094202284e-09,-5.333775199360718e-09,1.467495510240062e-09,1.0525318396814095e-10,-1.3282483810849746e-09,7.682130393929145e-10,6.431844738128963e-10,2.16869585031561e-09,7.070580039435341e-10,-1.0723451002190858e-09,1.696144879948437e-08,-3.9793096326579547e-10,-7.092507432090344e-09,-2.8195614340879895e-09,-4.080170109805554e-10,-6.544222030001654e-09,-2.3308195462956125e-09,-3.188726575447231e-09,3.1578575213671627e-09,2.001019005114872e-09,-5.73250037700239e-10,1.2935274049757517e-09,-1.3195255896637142e-09,7.208394366249587e-10,4.485772105537685e-11,2.000715271199949e-09,1.899589550092524e-09,-3.046972982869037e-11,2.438668684205981e-09,-1.7716854815766933e-09,-3.991134985759548e-10,1.41191234389603e-09,4.7815216917173206e-09,4.1874606086096443e-10,2.7029162879685323e-09,-3.0595077182009435e-09,-1.740564290199389e-09,7.676505543628778e-10,1.7850546247286421e-09,9.68475360676189e-10,5.27147430188804e-10,1.5119465930172243e-09,-1.8262245585714826e-09,2.6041736404182796e-10,-3.3064921164244156e-09,-3.5904306492199263e-09,5.41821865729966e-10,-6.211103444013357e-11,2.0268064389854247e-09,8.507153654957643e-10,-1.3209627889965174e-10,-2.1520793382030926e-09,-1.2552589624882393e-10,-9.569685099810655e-10,-2.6843454037506903e-09
treat_p5,-2.36698534898073e-09,-7.438673462421107e-10,-9.40547095944553e-09,-1.5672843147364486e-08,3.2177406996288756e-08,3.4740162006237393e-09,-2.76691974795317e-09,-9.73703137655019e-10,-1.4035512148572285e-09,-2.5594420578607257e-09,2.1290976224945474e-09,-1.4170247213032405e-09,-2.705793807377606e-08,2.3032652798131843e-08,4.351529907321128e-09,6.056926538216317e-09,-3.0807960517319404e-09,-3.81968705511795e-09,-4.09499342456118e-09,5.744921347855135e-10,-6.953473284996034e-09,-1.9897155805708724e-08,2.4731989274788638e-08,-4.377131460068422e-09,7.316872377538904e-09,-6.6871686276186166e-09,-4.15821103066788e-09,-4.778936483373647e-09,-5.4957911167906055e-09,-8.490579904761058e-09,-2.9244021700234895e-08,2.0059896669430122e-08,-6.416008088404338e-09,-9.251041922448908e-10,3.8313178816022724e-09,-3.9816384538359075e-10,-8.699945018783457e-10,-7.573441265768357e-09,-2.158001180213192e-09,-1.1211143256027879e-08,1.5045224109413938e-08,-1.2004636400592308e-08,-5.04604927927678e-09,-3.647921831576631e-09,-1.08947647772453e-09,1.491488251693837e-08,-6.34207606766894e-10,2.89601606813024e-09,5.8656523167248155e-09,-4.207676082096221e-09,-1.140848507351798e-09,-5.447335349080899e-09,-2.6982803978436233e-09,-1.7143552103539136e-09,-4.63197896905167e-09,-2.9757081897939128e-09,1.8957155418532127e-09,1.665509170418852e-11,6.260923089907183e-09,-2.069831443678568e-09,8.525418615748349e-10,8.870051410747818e-09,-5.796918067089036e-09,7.158160203031671e-10,-4.607680636027618e-09,-4.177024565808644e-09,4.365087832836638e-09,-3.452508434637878e-09,-1.5262925055072073e-09,3.947487153535345e-09,-9.073722741754308e-10,1.0295870295988197e-08,-8.144777820909557e-09,5.004431937038316e-09,3.8986403371476285e-09,-6.919768946072333e-09,1.9423229781534603e-09,-2.7050741281433894e-09,9.254959763869397e-10,3.94922060299989e-09,-9.35005325895714e-09,1.1877029203199697e-09,4.015679410166212e-09,-2.336328918326274e-09,1.0992334866791575e-08,9.189915276822282e-10,8.77160329039737e-09,3.9940784575843175e-09,-2.6110174189714713e-09,2.5047738254979948e-09,-6.117058213849989e-09,-5.061333235036437e-09,2.9469907012017236e-09,-1.5087401362283822e-09,-2.242080398632126e-09,5.259476483668198e-09,3.6796677833567237e-09,1.2038965812623982e-08,-6.184848966877724e-09,7.719914144425501e-09,2.7692916801422677e-09,-1.1497600579952366e-09,-3.953176374528986e-10,-1.324554478836631e-08,3.041561941748089e-09,-3.3412457725568626e-09,-5.66637219522115e-10,-1.4789426267866619e-10,3.919180011612813e-09,1.4893997152954914e-09,-6.283617009193069e-10,-3.954160040627435e-09,-3.221031657446288e-09,-8.304185402408555e-09,2.1214518319794474e-09,8.739335372158767e-10,6.734430936585913e-10,-5.928633194362832e-09,8.553032164032577e-10,-1.9237557978731337e-09,5.199020434052003e-10,7.350044454172669e-10,-1.1127434788170805e-08,-1.8878891046770834e-09,-3.478097357612105e-10,4.952924361775463e-12,-2.210873004262606e-09,-1.0880114658008718e-10,-1.060240853278323e-09,6.688150678480923e-10,-2.1001589730959055e-09,3.245803966658819e-08,-4.627390862309175e-09,2.883060346016707e-09,-2.783501234150969e-09,-1.0969775601843783e-09,-2.3302714544490374e-09,7.365541484739003e-09,-3.8331771569428285e-09,4.499260480439746e-09,5.652999170426346e-10,-3.6057627642911943e-09,1.1946217509777617e-09,-5.187781350340832e-09,-4.6165965461427105e-10,3.307051074263748e-09,-3.759864157943909e-09,-7.991075277227998e-10,4.52838875532396e-09,-9.593685964017223e-10,2.8130636914375927e-09,-1.7044486141555993e-09,4.860143952337357e-09,3.0271803688366007e-09,-1.0771080993938317e-09,3.272530785899918e-09,-2.6173146839176607e-09,-2.9339954667148917e-10,3.4305030275264016e-11,-3.2003455799086776e-10,2.1878761833231795e-09,4.892891119015764e-09,-8.452374861733648e-10,-9.339658603057547e-09,-7.900976056395986e-10,-7.352000576840645e-09,-7.359180502733669e-09,-4.0567259318715235e-10,-4.4081758947172055e-09,-7.65484029735213e-10,-1.861139071986917e-09,-3.25357378596221e-09,5.840985658634882e-10,-7.263771950392689e-10,-5.5260949124762814e-09,-2.149592764594107e-09
treat_p6,-7.228708961519355e-10,-3.45698229736846e-10,6.299723466441933e-09,8.301800409246857e-09,-1.0449178342797984e-08,-6.34436088119747e-09,1.9537020362442716e-09,4.027713712017831e-10,-2.1241512828114594e-09,-4.777142003051871e-10,1.1972513657595262e-10,2.2825105172730747e-09,9.038947077426682e-09,-4.068976274371878e-09,-8.097829068943197e-09,-1.00816168025038e-09,-8.925223560084004e-10,-1.822278387555084e-09,-4.5608310111722256e-11,9.885198510077667e-10,3.923765824231411e-09,1.0000150236653475e-08,-6.872573990950427e-09,-2.6138216579367584e-09,-2.2584369388056582e-09,-1.1396749823575786e-09,-3.246207388123618e-09,1.756395282088222e-09,1.9728834910734413e-09,-1.8182854396824086e-09,1.1633496122056129e-08,-2.4606729094179187e-09,-1.3051270374944704e-09,-9.448818874523092e-10,-2.1987203226610766e-09,-4.988429857692033e-09,1.6884593997529646e-09,2.2767059607324e-09,-1.0334004912467722e-09,1.3965041912771386e-08,-2.8340548815449202e-09,-4.298852022116412e-10,2.5218586648865815e-09,-1.6025464666120157e-09,-3.638810699469395e-09,-6.342076067672364e-10,8.818563705829624e-09,-3.911993965918468e-09,-1.1104163006279139e-09,-1.6948435119880423e-10,-8.551096361500764e-10,1.563898942510887e-09,4.44748194744109e-09,6.790622820261358e-10,5.883691394341287e-10,8.432875655113238e-10,1.8166989315599616e-09,-2.8227454264865926e-10,3.3668021562893456e-09,4.059366158853578e-09,-1.466640379696915e-09,1.495600988468038e-10,1.5665526525063576e-09,1.3613974923594362e-09,2.85361470668106e-09,2.0724466639117014e-09,-4.630334827236622e-09,-1.2722867305073523e-09,-3.7539788060627276e-10,1.166506858374979e-11,-1.018785561580869e-09,-1.4610433467513044e-10,7.462954662014807e-09,3.6262739005175863e-10,-1.4194035883391522e-09,-2.830394993080337e-10,3.560046398770804e-09,-9.237965573256347e-10,1.8700502700298624e-09,-6.069356618478846e-09,9.851782414061739e-10,4.210033725158596e-10,8.729121044934468e-10,-1.5096492589328902e-10,-2.875872564473114e-10,4.139746570005417e-09,-3.359888670058828e-09,-2.392092695949121e-09,6.919669148975344e-10,8.211914084337804e-10,6.964424063087087e-10,-5.439100411406118e-10,-2.818348637612454e-09,-1.151003720778746e-09,-3.970120228357182e-10,-5.30241048025785e-10,-1.5404056186990014e-09,-9.679339860555708e-10,3.707236304922808e-09,-3.438624123891878e-09,-2.1125460629322605e-09,-1.1340563778999221e-09,-1.239605626476911e-09,1.999806995394968e-09,-6.425565788700431e-10,3.00314103350696e-09,-2.280664714518736e-09,1.0544557433271495e-09,-1.5789003750835088e-09,-1.7495067619778012e-09,2.5377326384628083e-09,2.3266108411852523e-09,3.496898415119614e-09,8.355435902361367e-09,7.251176721824124e-09,1.3138151110556171e-09,2.4513130082701105e-10,-1.4503970650323164e-09,-1.0052627828649753e-09,2.0184066632548385e-09,9.108839440499758e-10,5.057667698677682e-09,5.453754453048155e-10,3.799001696028782e-09,7.627129527372393e-10,-1.1706566284360869e-09,-3.0874930285594618e-09,-8.282942560538946e-10,-1.3828921852306102e-09,5.697524587764976e-10,2.1322532858926363e-10,-1.519805779067516e-08,7.41181337758969e-10,4.698199224214131e-09,2.6914660671082482e-09,3.093870522622521e-09,4.47808262129844e-09,2.62480523144109e-10,2.715991840312178e-09,-3.5667741583150993e-09,-7.70724952376359e-10,-2.621011454641708e-09,-1.7610468270807123e-09,9.863215028938857e-11,-1.2538303113163549e-09,-1.3544292083861756e-09,-1.2483828606558871e-09,-2.615823105545016e-09,1.016276686640175e-09,-2.288078928533851e-09,2.2544668125889604e-09,2.7906487420741656e-09,-2.5080135439330866e-10,-4.6991308708958925e-09,-1.1805201093179092e-09,-5.541939467513915e-10,-3.372053213392111e-10,1.9367450766905856e-09,-1.263206963426261e-09,-2.4301013737084048e-09,-1.23848916004157e-09,-6.913349823052145e-10,-8.486779131723134e-10,1.806062810242174e-09,-2.4752489793920828e-09,2.4379065653447542e-09,2.3582305725397455e-09,5.866820340418853e-10,3.9232349495878356e-10,1.481366793260735e-10,-1.1172424155375502e-09,7.041924371631056e-10,1.6041133677622987e-09,1.1017582568498427e-09,1.1287852245512726e-09,1.6918014499212095e-09
treat_p7,-1.7101423777141622e-09,-2.0416441595685657e-09,-1.0907858648825476e-08,-2.982720802086467e-08,3.04813624806862e-08,1.057388519303601e-08,-2.1485648191521997e-09,-9.5693443527429e-10,1.1850913528203216e-09,-2.1088900144444104e-09,7.532644702353583e-10,1.2482377355346515e-09,-3.6575764697592215e-08,2.067577031995272e-08,1.2821656792584406e-08,1.7508101797328308e-09,-4.370149943290912e-09,1.1556698289813042e-09,-2.9733239870425076e-09,-2.935521646718049e-09,-9.111643691752812e-09,-3.552246032943866e-08,1.8563157496208447e-08,-1.1902562149266106e-09,4.80249172614016e-09,-7.914737732550873e-09,1.684778902020972e-09,-7.272500838807241e-09,-8.733126397770197e-09,1.8146885587196663e-09,-3.920189781818981e-08,1.5169404022613862e-08,-4.067063265074163e-09,-2.9819015179593615e-09,2.555548094231297e-09,9.670935799245392e-09,-4.568427942367816e-09,-8.371897454411649e-09,2.212766857445208e-09,-3.0145139907358095e-08,1.267035776877724e-08,-8.284861750739398e-09,-6.418556790619271e-09,-6.140129703173631e-10,5.352059869750089e-09,2.8960160681302093e-09,-3.911993965918197e-09,1.3509142700426831e-08,7.090259064443049e-09,-8.728425036520125e-10,2.1925742841933107e-09,-3.494246278376617e-09,-2.1025941644757273e-09,-1.036004938196982e-09,-2.9272736671458946e-10,-3.6495339879290906e-09,-2.7467872306493538e-09,1.0982144321978776e-09,-3.6179354294889613e-09,-1.9311950156220517e-09,2.0321664926310807e-09,1.4973804593473965e-09,-8.571900628175802e-09,3.299076147460806e-09,-1.007553124143599e-09,-3.792893311290055e-09,1.0310298498591199e-08,2.827840097065658e-09,-7.756346493792227e-10,7.465588970930588e-10,1.1558832804927621e-09,1.711224155989636e-11,-7.938226599238832e-09,9.259660736750777e-09,5.234631060518318e-09,-5.371561169414546e-09,-3.4757240079166504e-09,4.242654506560159e-09,1.3034206868405134e-10,1.254326565798311e-08,-2.9791380101975635e-09,-5.726673681576906e-11,1.6681836332650063e-09,-2.8054706819751095e-10,2.5710550686695145e-09,-2.8694631992994507e-09,1.0373791182565587e-08,2.1712937509737436e-09,-5.68411570817926e-09,3.953266156623074e-09,-1.8155064439326356e-09,-8.484648057890207e-10,7.471052849286157e-09,4.50255219900033e-09,-2.028943223839934e-09,2.6832026400783573e-09,5.405983667311413e-09,-2.889795898901465e-09,-3.653796773859596e-09,1.1157140986125033e-08,7.684733091935187e-09,1.6468436362433766e-10,4.425050835405539e-09,-7.490942576317103e-09,6.5224151032753056e-09,-4.110971710117753e-09,2.834430345477618e-09,-1.2174830550056049e-09,2.868693513027982e-09,2.739857102231861e-09,-3.500196387364641e-09,-5.871836883819977e-09,-6.433884391174091e-09,-1.3796842775098251e-08,-3.1627946860214478e-09,4.734367389388094e-09,1.1272586501807045e-09,-8.136964440929311e-10,6.462118605273428e-10,-3.5979406861485876e-09,-3.1068586477867203e-10,-2.373384862424017e-09,-1.1468005922016061e-08,3.153034054170565e-09,-9.372259042128573e-11,-8.84174245379308e-10,2.518981036717896e-09,-1.6791901597784274e-09,2.5722050858076646e-09,8.452425944277474e-10,-4.658983163828057e-10,4.748193373944005e-08,-1.2492512356549979e-08,-8.025649081217935e-09,-6.656418528840949e-09,-6.534144923044894e-09,-9.342217195657712e-09,-8.798696278327329e-10,-2.37114459036611e-09,7.926975823230564e-09,1.0343657989965002e-09,-3.4300178808810737e-09,3.6007681176872064e-09,-2.2820612673797093e-09,6.663253346345946e-10,5.175845168808883e-09,4.232072295299961e-10,1.8822406888995287e-09,5.70347536785536e-10,7.592492283219947e-11,-7.627908264414956e-10,1.621548012188838e-09,8.475327161087788e-09,7.976665680950317e-09,-8.348471712183542e-10,6.089035068296883e-09,-1.8188885838839778e-09,1.0848121371230914e-09,3.938678382404989e-09,4.5554737618570945e-09,2.0152233875957044e-09,1.0956471055735448e-09,-1.7185420560441504e-09,-6.201617752606117e-09,-4.325123130309809e-09,-1.3917254363298876e-08,-8.694685357830844e-09,-5.598130948664331e-10,-6.637224445210831e-09,-2.6497383313072206e-09,-2.3499325838072393e-09,-4.550156404476176e-09,-3.2040954883644026e-09,-7.757170366476301e-10,-2.498750288375622e-09,-2.3842366710038568e-09
treat_p8,-1.380968636304248e-09,-1.6959072027255675e-09,-1.5224464603978203e-08,-2.5403072172134776e-08,3.967199019974931e-08,9.971240446681664e-09,-1.489631110588676e-09,-1.808130730479444e-09,-1.3384717685477195e-09,-1.3426097515051427e-09,1.7785715073520295e-09,-4.019392357707271e-09,-3.1730147277194196e-08,2.689661710683096e-08,6.498836279931399e-09,4.64079314732533e-09,-6.430608007715478e-09,-2.7835247610499917e-09,-2.480909624535047e-09,-1.4494587817478637e-09,-1.2009498739760501e-08,-2.774465905209831e-08,2.6292107386081842e-08,-3.813698673319277e-09,5.902271034445866e-09,-8.48881394838871e-09,-2.5991882201567908e-09,-5.262162634135479e-09,-8.095496300377686e-09,-6.0626512568258795e-09,-3.5317501548342596e-08,2.4506172850139738e-08,-5.287197680374552e-09,-1.5365525806504522e-09,-3.961908567628472e-10,9.637077025936511e-10,-2.728121927779778e-09,-8.102197786242496e-09,-2.8082988256919336e-09,-2.1753121153355565e-08,2.0322346596214732e-08,-1.0052397785030272e-08,-4.713827666257825e-09,-1.9208829754619057e-09,1.2765943296719653e-09,5.865652316724828e-09,-1.1104163006278442e-09,7.090259064442919e-09,9.542443648445242e-09,-3.2237228900119014e-09,-1.7816580495450658e-10,-3.1602477967758024e-09,-1.729032727438352e-09,9.203947432889622e-10,-2.9732626937742662e-09,-1.2671675111231375e-10,-3.940744305888388e-10,-4.7339213110505e-11,-3.3543859060218314e-09,-2.7368060457261403e-09,9.430700130093358e-10,6.121166997010237e-09,-8.517272100016438e-09,1.0234695662867843e-09,9.708377690839603e-10,-2.8676675181062027e-09,8.751261822625854e-09,-8.609793668873978e-11,-1.4613944683764493e-09,3.402498771012947e-09,1.8336464076679015e-11,-1.0891414269569926e-09,-8.410921875944373e-09,7.060541522554529e-09,5.607882904972703e-09,-8.915316803337258e-09,-9.884087202882755e-10,3.3474077042192976e-09,1.032472083678018e-09,1.0355423691391905e-08,-6.80110747964514e-09,2.5514876369290457e-09,3.167476964508881e-09,-2.148830256677759e-09,5.016884355662446e-09,-2.1714915930200056e-09,8.933669202208296e-09,3.842217026743618e-09,-6.251879464328948e-09,5.217574409360301e-09,-3.214545107925831e-09,-2.3176609451970506e-09,5.229775953647707e-09,1.3465383518202205e-09,7.95202960241719e-10,3.5416590768322895e-09,3.922878146520257e-09,9.129397464178284e-10,-5.944595102702417e-09,9.881347259788594e-09,6.305440709263306e-09,-4.998628486580763e-09,2.7012282410913257e-09,-9.132470706666966e-09,5.1195406117416986e-09,-1.7151500631407966e-09,1.1632623271772396e-09,4.572657382925069e-10,3.6054292745825784e-09,4.341157964201786e-10,-1.7489217484283284e-09,-5.9111817983219574e-09,-6.9545454549952634e-09,-7.355398711854843e-09,-9.485021143608808e-10,2.7532509555007143e-09,1.5422629052277613e-09,-5.580748748026411e-09,-6.485395388831323e-10,-1.562163918520843e-09,-8.903091021116446e-10,-3.7110486794238164e-09,-1.0307624839840559e-08,4.094633756822623e-09,7.458759514642374e-10,7.531982006903536e-10,-3.1831892965931138e-09,1.838460245117311e-10,5.785687718333238e-10,1.0366285372631361e-09,8.321210089557353e-10,4.3329304312153195e-08,-1.4369077872500014e-08,-2.8926809822920726e-09,-6.6654092841507184e-09,-2.908919802619312e-09,-5.1035054031680696e-09,-3.6198838408277706e-10,-1.2715271574162048e-09,6.412183034902522e-09,1.9268522512116506e-09,-3.0372077259930678e-09,1.9732239611425306e-09,-3.3689316821013724e-09,-9.959634769028112e-11,6.234906402081642e-09,-1.812610774767546e-09,2.7754684073482276e-09,2.8003728038343717e-09,-1.1731054004305858e-09,-5.839661643833882e-10,1.7775611070832245e-09,6.146565569836993e-09,6.761069871994929e-09,-1.7032373831490186e-09,5.237601566605021e-09,1.2223875819317696e-09,2.167552574603936e-09,2.436434230592949e-09,1.7676200837479687e-09,3.42655189769504e-09,1.9698447228329623e-09,-2.2187214785389202e-09,-5.387074995295186e-09,-4.04353567132422e-09,-1.1823090396270645e-08,-9.94141758735342e-09,-5.334862519892872e-10,-7.439403372229551e-09,-4.5679377901615105e-09,-3.769746925552136e-09,-5.606648070147414e-09,-1.1849429624571956e-09,-2.643861577356131e-09,-3.960899721908576e-09,-1.006603033491562e-09
treat_p9,-2.468231729594818e-10,2.2377802463241073e-10,7.657407538555785e-09,5.752378796490223e-09,-1.7275634317993305e-08,-4.504205113878646e-09,-6.386417890085939e-10,1.7648640247368516e-09,-1.1026577213205214e-09,-2.5535675041968506e-10,5.347690122694319e-10,4.514651880126009e-09,9.545420267392266e-09,-1.1396740413297161e-08,-3.1822545794114415e-09,-2.807250547005479e-09,1.8325015018372485e-09,5.840864781959995e-10,6.9423861653475e-11,7.097201530347298e-11,6.418322783689375e-09,7.763967193745769e-09,-1.1869117463130513e-08,-4.459631049566925e-10,-4.543453672412522e-09,3.2671764539208704e-09,2.0881738709868036e-09,1.0527266121279806e-09,2.0817586080047964e-09,6.360736880161613e-09,1.1161272760218238e-08,-8.277779240811782e-09,2.4828473743976086e-09,-3.45084039761531e-10,1.7258021511673173e-09,8.279386889597005e-10,-3.7256821759735095e-10,2.5045251100748265e-09,3.697421463341408e-09,5.994231278312833e-09,-4.703800971151914e-09,1.5705675427657707e-09,1.4033943492114181e-09,1.7108997709547906e-09,8.463177581814331e-10,-4.2076760820961675e-09,-1.6948435119873542e-10,-8.728425036521756e-10,-3.2237228900120995e-09,5.21722222458092e-09,-3.9536907552216455e-10,1.3941204368922676e-09,7.320311571077725e-10,-5.792543645022139e-10,2.7720287426928453e-09,8.423860303700179e-10,-9.267034843823296e-10,4.3797784865017484e-10,-5.15026585441542e-10,5.149988985426117e-10,-1.3697350554174278e-10,-1.318871192741122e-09,5.212587233245558e-09,-1.73343542575752e-09,7.593990710716902e-10,2.6171462890635175e-10,-1.7340286281250084e-09,2.673358600881789e-09,1.3534028482448021e-09,-1.7886802767159218e-09,-4.452536726416245e-11,3.668800093899012e-10,4.87497912903618e-09,-1.7503802703973963e-09,-8.851527861291095e-10,5.945062735902612e-09,-3.671868532875314e-10,1.3045965597748638e-10,5.045337586288442e-10,-1.948995543108677e-09,4.9332520608796844e-09,-5.293844951453435e-10,-2.1372197683819096e-09,3.0892974100410474e-10,-2.9656885002964006e-09,1.8011438673426621e-09,-2.9415121097982566e-09,-2.1549014331999648e-10,2.8397284603107005e-09,-1.2779276773373676e-09,2.294115997656618e-09,9.204569459022261e-10,-8.77508954752817e-10,1.7271801314938261e-09,1.510288397218678e-09,-1.0406170146963551e-09,-3.2004270088470277e-09,1.172662747548013e-10,4.090763271024705e-09,-1.7024622731471835e-09,-2.116545651201174e-09,4.385693384897579e-09,-6.778793617701094e-10,3.010532775571003e-09,8.866941711781418e-11,2.113479084377387e-09,8.107893434627237e-10,6.160208465576804e-10,-7.786429246752877e-10,-1.9439251988320045e-09,2.777965214156067e-10,3.5416032381619313e-09,3.797714089883028e-09,4.0401072325758897e-10,-7.640897933269393e-10,-2.636225459213298e-10,-1.2840308790822864e-10,1.91186664934567e-09,2.6677208193189553e-10,6.671008416673175e-10,4.729105371170932e-10,1.165886084165557e-09,1.89859339605091e-09,-7.86319527151835e-10,1.482029836977925e-09,-7.581194981386312e-11,1.4272521563279082e-09,1.471962128116285e-10,1.1319404474320846e-09,-2.7654593931919773e-10,-1.2917929364879748e-09,-1.3038034245112242e-08,4.413584615157274e-09,1.3556753249892437e-09,2.409644493375004e-09,4.701399187616671e-10,1.665207585925504e-09,-4.864242393598761e-10,5.83069703977355e-10,-2.8731285715156737e-09,-5.878781328952064e-10,3.0312183387616972e-09,-1.1654628164408064e-09,6.394195966084618e-10,-6.192372982926667e-10,-2.5108030867036443e-09,1.939587126700737e-09,-7.959758801675571e-10,-1.5628993781326844e-09,3.935438738082919e-10,-3.2861653910654463e-10,-3.604391265401758e-10,-1.6787104345593264e-09,-1.5059251399696791e-09,2.697672927972566e-09,-2.5938814387053394e-09,-7.709604771341736e-10,1.531686173601099e-09,-7.496574505269879e-10,8.469265589879941e-10,-2.0446240275526036e-09,-1.2141257184036423e-09,-3.6163471541844186e-10,2.0484295502280702e-09,6.798293531261035e-10,3.35988165883199e-09,2.8821243372206267e-09,-2.394811818567909e-09,2.388529389276246e-09,1.0174805642900745e-09,5.468460905071753e-10,1.525119665104568e-09,-1.1074614507070842e-09,7.077809882015051e-10,2.476691626018557e-09,1.905889979986109e-09
treat_p10,-2.5662972184659188e-11,-6.53112403120815e-10,-1.983938821916724e-09,-7.938304690124945e-09,2.2776572954462154e-09,1.5624653775279972e-09,-1.2287652373095123e-09,2.3177941154832991e-10,2.9606206929587147e-09,-5.538030780458386e-10,-1.1602009597685478e-09,5.33266073000845e-10,-9.244392306219478e-09,3.1222121706569945e-10,4.790256497004347e-09,-9.965091061253035e-10,-9.573716830682674e-11,2.5842311796991566e-09,3.3079722316338657e-10,-7.330815526805701e-10,-1.537224485395652e-09,-8.804528418302041e-09,2.489092364186709e-10,6.577409582708024e-10,-4.5509013457796155e-10,-2.2608651073737907e-09,6.11772821112333e-11,-1.0688947558851869e-09,-9.715617179341074e-10,1.4472211746840717e-09,-7.859093027546484e-09,-6.224437917526884e-10,-2.248970791452745e-09,-1.467489682808263e-09,-1.8621667930894814e-10,3.6990800044236312e-09,-6.246346147783449e-10,-7.605800694223387e-11,9.178408081825315e-10,-6.656181095033885e-09,4.4554095772015455e-11,-1.8630420055975986e-09,-3.154566356596845e-09,-1.105265648061254e-09,8.823706934462178e-10,-1.1408485073517927e-09,-8.551096361498504e-10,2.192574284192978e-09,-1.7816580495462805e-10,-3.953690755222635e-10,3.2867144366080057e-09,1.4594640370776156e-09,-9.652186324989472e-10,-3.363637596983834e-10,1.701106862371588e-11,-2.0107421043723426e-09,-7.692030514068978e-10,1.1680470101646332e-09,-1.7586879403624614e-09,-2.637097455728318e-11,-7.823310454751463e-10,-2.248554945502022e-09,-1.627528084359222e-09,3.0751593162289144e-09,5.471748769313025e-10,-1.0763458084908864e-09,1.2276433789455094e-09,1.1323130758815834e-09,-4.986139427359131e-10,-3.2854072925290415e-10,1.2919471054230912e-09,-2.371147644469606e-09,-1.55980226487402e-09,1.4464797934926312e-09,4.88323073589603e-10,-7.798134977299937e-10,-1.1121214337432388e-09,2.081133579171075e-09,-1.556713465406505e-09,2.9104101163534146e-09,-4.2967872268045163e-10,-1.7186152587302064e-09,1.0282806615881677e-10,1.9786280870007785e-09,-1.7141690149337666e-09,-8.527931327028854e-10,9.948864080853873e-10,-1.1348659234082514e-09,-2.215306061525877e-09,1.6797291555228534e-09,1.5477481599965253e-09,-3.38863581065198e-10,1.3808550694086092e-09,1.430612838488709e-09,-1.3180106308973563e-09,7.961903060036011e-10,2.1175761469411825e-09,-4.411513059671099e-09,6.628307264507686e-10,5.954270990079291e-10,1.2193145372820894e-09,5.515664346662328e-10,2.854147444368011e-09,1.8726771985299778e-09,-7.553768625141372e-10,-1.7811583283793988e-09,1.0358560847371474e-09,-1.860949053932428e-09,2.642640685376291e-10,1.788827948835818e-09,-8.118975678949275e-10,-1.30580480875815e-09,-2.16325280807767e-09,-3.882532597448022e-09,-3.805979755309265e-09,-4.52030711855743e-10,8.736251125781168e-10,1.6655216796666757e-09,2.5355083223984793e-10,-1.0045247777499417e-09,1.4568941660310872e-10,-1.1243924554589353e-09,-3.101180121424616e-09,-1.7914043228278107e-09,-1.4288779281278595e-09,-4.532693961506086e-10,2.6599227302707143e-09,-1.266600453680544e-09,6.144639064687012e-10,-1.0277402404788253e-09,8.883885962926764e-10,1.0362851455580555e-08,-1.220113550694279e-09,-2.416645750783055e-09,-7.813278311501993e-10,-1.4795612178606908e-09,-2.697557118582321e-09,-1.972988603403678e-10,-3.661218413529652e-10,1.2071616718994488e-09,-2.138150948075466e-10,-5.450170148695891e-11,3.1638535205175623e-09,7.603018525233993e-10,-4.5427155400409924e-11,3.879373326675278e-10,5.443169401912036e-10,-2.1553614905786372e-10,-1.0292736522184757e-09,9.291517719573045e-10,-1.5580288284979303e-10,-4.0203701464085444e-10,5.167625384910004e-10,1.0522374902375157e-09,1.6305092928207134e-10,3.547932977303301e-09,-9.1682758214518e-11,-1.4339854441118866e-09,1.3771750139787124e-09,1.0470638208993014e-09,-1.53475175905532e-10,1.0078273101304216e-10,1.1893598021455345e-09,-2.4259572478426825e-10,-5.646995437550114e-10,-1.4653099145605035e-09,-2.234490560376055e-11,8.650198826170974e-10,-1.902776177000688e-09,-6.066907677316456e-10,1.421481735079405e-09,5.3493779232309027e-11,-4.456548072333866e-10,9.056578803946177e-10,3.398821366559256e-11,-1.937458208690747e-09
treat_p11,1.0919243350059262e-09,2.61592788197756e-10,1.966641525276491e-09,7.279184082636147e-09,-9.353892660157265e-09,-3.83218588421709e-09,-4.33992382373562e-10,1.2049372026217367e-09,4.330410371188624e-10,3.9897728174109177e-10,-5.64661166146134e-10,-9.610605104530538e-10,7.06010802889886e-09,-6.336631331102942e-09,-4.156743037181481e-09,-4.552065227070686e-09,1.2786418413912187e-09,3.6816340388813357e-10,1.8757629991955394e-09,6.8723501004239e-10,1.4185063362465316e-09,5.779976150480727e-09,-4.255032656279838e-09,-4.852632694376304e-09,-6.463018274611198e-09,4.071195039551087e-10,-1.2359878208634316e-09,2.218793797196152e-09,2.691018880401105e-09,8.747358332519495e-10,1.0030609908445976e-08,-4.783292448714661e-09,-4.638587737453847e-09,-2.1799302430877976e-09,-2.138183605667905e-09,-5.774064879288551e-10,1.0036669696369538e-09,4.544036219278171e-09,4.3477461245977127e-10,7.148217741102547e-09,-1.6003837299802267e-09,-8.735485822123551e-10,-3.742587373519849e-09,-4.809177562601781e-11,-3.0376336773049135e-09,-5.447335349080876e-09,1.563898942510935e-09,-3.494246278376629e-09,-3.1602477967758963e-09,1.3941204368922078e-09,1.4594640370775449e-09,7.3021182005990685e-09,2.1523198666406896e-09,2.564949743495443e-09,1.229121645567543e-10,1.5243437788362535e-09,-1.0719686704892821e-09,-7.574689349924856e-11,-5.375701006013714e-09,1.7200203787851919e-09,-1.2928809976251362e-09,-3.807720693600052e-09,2.109491744618101e-09,1.2888900892164607e-09,5.330813844337335e-09,1.7115119731052632e-09,-1.7340441379363074e-09,1.974889377126086e-09,1.0827121690107785e-09,-6.320181031891337e-10,5.775431201347677e-10,-7.074835080500775e-09,2.3880352776952246e-09,-2.2916040824327558e-09,-3.162323147381053e-09,1.2389934483851473e-09,6.367455722845438e-10,6.340051937532514e-09,-4.705663130041917e-10,-4.5818434959278504e-10,1.9474466802247007e-09,-8.516977774431966e-11,-8.951521840419434e-10,2.6011429384789214e-09,-5.7578548022430965e-09,-6.117980475093308e-10,-4.5864033100011e-09,-3.892746811449968e-09,-8.760718676627197e-11,1.232470007576152e-09,6.5672783257107715e-09,2.989134982871221e-10,-1.773043267394681e-09,4.221443177638064e-10,1.7703889377819352e-09,-1.4239014749092366e-09,1.0312206142810561e-11,-8.181513435127545e-09,1.9696349637693046e-09,-4.5745792092379195e-09,-4.43056957190456e-09,-7.427175516959247e-10,1.1675541365335042e-09,9.680085492214267e-09,-3.746117392694699e-09,2.57357821230689e-09,8.763217706378986e-12,4.28209381227577e-10,-1.7230318518236387e-09,9.19631041709391e-10,1.96811603158502e-09,2.936375314864118e-09,-1.475170841622441e-09,5.6133838104330325e-09,-1.4348370774006085e-09,-2.882416228316466e-09,4.4080919819496876e-10,4.120881201718864e-09,-2.091209374990837e-09,1.5821066275632933e-09,3.105617333423153e-10,-1.7407189609922518e-09,3.7233680515225417e-09,3.3213658517304395e-10,-6.51621058657582e-10,-5.797903169701234e-10,8.924978579872654e-10,-1.8292294224969884e-09,-2.7430122747125843e-10,-1.865980267552328e-09,3.0538056678304994e-09,-9.898869855887712e-09,1.1957301727919477e-09,1.4652285730633533e-09,2.283351470414112e-09,-8.231148766894263e-10,2.1134603126617276e-09,-3.0457882250099455e-09,3.3892253427709424e-09,-2.4143716851029755e-09,-3.5360007840795313e-10,2.7403795876239973e-09,1.2345385190769493e-09,3.899499669446952e-09,-2.0308761897289396e-10,3.67734841027785e-10,2.675257717808875e-10,-1.585324930026637e-09,-2.8091760066977186e-09,-3.014280626457215e-10,-1.489273878893108e-09,6.276789161256842e-10,-2.007519083561433e-09,-2.5866914349268054e-09,1.4474811411719313e-09,7.161245058313789e-10,4.043824811520626e-09,8.002149111020978e-11,1.1291531643907442e-09,-6.676797876602399e-10,-1.1949875891014799e-09,-2.3483120708708537e-09,3.661988202222782e-10,5.022672247081859e-09,-3.797316988117606e-10,3.125286769045192e-09,4.269004591797334e-09,-1.6313027507558404e-10,-5.051780559130198e-10,-3.0295312495452897e-09,1.0686148573251233e-09,3.6926355214456704e-10,9.139974937528007e-10,7.872871260372296e-10,2.793068869702264e-09,1.1998282880347828e-10
treat_p12,-1.6932984504782927e-11,-2.745323022971294e-10,5.611259664991665e-09,7.361843593590922e-09,-1.0131071127739908e-08,-4.820924206611773e-09,2.34461941628888e-10,4.2712207563564437e-10,-1.8406551087659882e-09,9.01017578691689e-11,4.4613395605371796e-10,3.1339344798946278e-09,9.535139398933419e-09,-4.483298546180178e-09,-7.000184946569517e-09,-4.3141720028512296e-09,-7.640687604550479e-10,-8.518886069607159e-10,2.2596594466966747e-10,1.281228576475496e-10,3.848366989386952e-09,8.145849566798265e-09,-7.240358509567347e-09,-4.403191824966363e-09,-5.8688252870465915e-09,-4.893259341255056e-11,-7.4954642301312e-10,1.5580691202300275e-09,1.487468396388274e-09,1.1216729350887119e-09,1.1275155091955316e-08,-3.696417315569048e-09,-1.0115420034537777e-09,-2.3593600512564245e-09,-2.3411108697721307e-09,-1.9978633795006287e-09,5.573952691382812e-10,1.9561470833608815e-09,9.899492404790937e-10,9.56421722962432e-09,-2.854224772440531e-09,-1.675088592493037e-09,-8.981968436063593e-10,-1.5563078111484704e-10,-2.391545320377718e-09,-2.6982803978436763e-09,4.447481947441029e-09,-2.1025941644755627e-09,-1.7290327274383744e-09,7.320311571078428e-10,-9.652186324989087e-10,2.1523198666406887e-09,5.279026334486679e-09,9.666573688471564e-10,1.5907627183614844e-09,1.4416168082703313e-09,-4.2186688541197636e-10,-8.02500111788788e-10,4.1064833851812503e-10,1.939016633423166e-09,-6.985487464381606e-10,-1.7693714291898238e-09,1.39405083469687e-09,-4.969167863677348e-11,3.449518202927496e-09,3.0041575638267927e-09,-2.8050406766391277e-09,9.734090380609188e-10,1.031573720065388e-09,-9.822168957259125e-10,-7.55823584835398e-10,-2.3722261996200977e-09,5.238745324857384e-09,3.165726598093924e-10,-2.241445276148065e-09,1.0810246702514794e-09,1.9078064282629404e-09,1.591142514568238e-09,2.175039628834654e-09,-3.6433746863418703e-09,2.943501040013284e-09,3.1408517692775327e-10,3.9877988321382764e-10,1.8294908568470794e-10,-2.2381747279031423e-09,1.7928781533265066e-09,-3.624542969917229e-09,-3.0579384352163756e-09,8.40451493854583e-10,-5.944542262445581e-10,2.853556793922581e-09,7.345875933632782e-10,-2.330494552012853e-09,-4.912219564913072e-12,7.484678590509351e-10,-1.3066670925830303e-09,-1.5969449610730274e-09,-3.824086354686667e-09,2.42839048780947e-09,-2.614263311544322e-09,-3.4351883827861517e-09,-4.306486501724417e-10,-7.30560463731851e-10,4.7039244469953584e-09,7.057689355774125e-11,2.928448168813064e-09,-1.125490980530611e-09,2.1958714687511578e-09,-1.8233181109667762e-09,-1.3345139844682832e-09,1.6368796336953784e-09,2.866601143376435e-09,2.3606710902825e-09,7.299686411946857e-09,4.54441661555063e-09,1.6502216335514476e-09,-8.837950704285819e-10,1.2325632276915416e-09,-1.1724613619116232e-09,1.727482986264277e-09,4.433103596339089e-10,3.3807352200092494e-09,2.1195470948999547e-09,5.072690864409711e-09,1.0432850611877877e-09,-2.945638518663858e-09,-1.534029846184729e-09,-2.2958255907529405e-10,-3.510137444178087e-10,4.5936524220676596e-10,1.7717111707521826e-10,-1.2969015626939125e-08,-2.1349835088358575e-10,2.02357049210816e-09,2.7803765595070246e-09,7.565698750459565e-10,2.6490457006999552e-09,-1.1561334996845657e-09,2.3136793482958917e-09,-2.5853734371205534e-09,-6.578795384629661e-10,-1.490915690367711e-09,-1.3086379506639565e-09,1.4576757843257829e-09,5.410467093305535e-10,-6.165506918807184e-10,2.4209775050157697e-10,-2.210403862958278e-09,-6.982974176851274e-10,-1.6709133178606775e-09,1.4306166692887688e-09,2.484477170987526e-09,1.115767204565058e-09,-3.6046843041084044e-09,-6.53436347808451e-10,-8.947878647205025e-10,8.785430072907328e-10,2.299264106786576e-09,-3.5376466333819133e-10,-1.2357341525811035e-09,-1.5118323822450598e-09,-1.950051352365125e-09,-1.0772279584933007e-09,2.459245591721649e-09,-1.6362966904063855e-09,1.4230046933318932e-09,2.938587305777171e-09,1.3554315077333886e-10,5.28567859387993e-10,-8.898421809998997e-10,-1.6131063420643205e-09,5.378433380591956e-10,6.413139387744623e-10,7.702418455876948e-10,2.2506351990816522e-09,2.1564276957165174e-09
treat_p13,1.0758944710610928e-09,6.769625707218113e-10,-3.4139919226282547e-09,-3.1446748973306302e-09,7.959815268380656e-09,1.3664716655685324e-09,1.0703741309594235e-09,-9.078291525297385e-10,-8.881137299774416e-10,1.2947724292516517e-10,4.283755090831113e-10,-2.4711731149224867e-09,-4.93291466189309e-09,5.141111594554525e-09,-1.2300239403664946e-09,8.448286067145283e-10,-2.8720966493372015e-09,-1.342864438108502e-09,1.0899756428686926e-09,7.464059866336642e-10,-2.8609300437461423e-09,-5.3062680963585755e-09,7.973681177061066e-09,-3.5655703279162706e-09,-1.7455653467622074e-09,-2.8435499394245163e-09,-1.9131554706890397e-09,8.434239144457767e-10,1.5732508496456753e-10,-1.980861157338374e-09,-7.038237222968124e-09,8.183257696232185e-09,-3.6035461285011487e-09,-3.6871368214408236e-10,-3.2655611753399816e-09,-2.0886888951348014e-09,6.895606304226768e-10,9.03531787608407e-10,-6.726685269977897e-10,-3.1880617559197933e-09,7.658535467120451e-09,-1.2171163589976787e-09,-3.4759938543145407e-09,-1.6752653233991748e-09,-1.8150223862515422e-09,-1.7143552103539277e-09,6.790622820261547e-10,-1.0360049381968933e-09,9.203947432890075e-10,-5.792543645022247e-10,-3.363637596983506e-10,2.5649497434954932e-09,9.666573688471155e-10,4.230663920923782e-09,-1.976256299501387e-09,7.853651724883142e-10,-7.9876562097558e-10,-4.5223992376690057e-10,-4.511001199178227e-09,9.37544662971186e-10,-1.2101328011090742e-09,-8.691388584459826e-10,-1.4675406413211983e-09,7.488652071703725e-10,3.990363151110433e-09,4.00316463849174e-11,1.5749967789792583e-09,-3.649525116281419e-10,-2.382861344492958e-10,1.799676992632234e-09,-1.372962705475072e-10,-4.126152914706234e-09,-1.4463552495142821e-09,-5.627330555079769e-10,-6.298559367028465e-10,-2.04266579589357e-09,1.3593601049096761e-09,4.341679586419105e-09,-2.7949317054011946e-10,2.634398850480941e-09,-1.7399378795543984e-09,1.014804936142075e-09,6.377075442889952e-10,6.762240665170977e-10,-1.7067818893704336e-09,-1.5236190473602316e-09,-4.009808213939216e-11,-2.118224544641762e-09,-1.838010939899766e-09,2.384440415657846e-09,2.3234894252195164e-09,2.452961318270972e-10,1.0762219715908074e-09,-9.906882203705e-10,5.179039396738857e-10,-3.933637257620529e-10,8.80798438023143e-10,-4.174273188385425e-09,-1.231660568573643e-09,-1.0462229892219066e-09,-2.291090318885779e-09,-3.5520278616079305e-09,9.96768246703027e-10,3.886859443356757e-09,-2.1084184397665276e-09,1.605920399385408e-09,-3.8003572117960916e-10,9.938084302583622e-10,2.7693363735123174e-10,4.556819454482762e-10,1.1255424992397919e-09,3.6775894211342544e-10,-2.4397187720540405e-09,6.682871568836463e-10,1.208834678366798e-09,-2.330891028072704e-09,-6.860792433583563e-10,-1.3889459983432354e-09,-1.1865937499814857e-09,1.121481005259591e-09,-4.894525630219019e-10,-2.8327250936732587e-09,-1.6978673429420436e-09,2.680398112247878e-09,-3.483942630627878e-10,-3.4596654327378796e-10,-2.6864526811898483e-09,-7.191783234337641e-11,-6.595690857822763e-10,-6.403047274372749e-10,1.8512958648545443e-09,6.870580838221265e-09,-5.029334934078267e-09,-3.3680463408102853e-10,-1.3856289661011841e-09,-3.058628477822844e-10,8.43689977562911e-11,-2.3639067899643356e-09,2.2748609802850716e-09,3.2252797157511197e-10,6.634661167654161e-10,7.324447086077232e-10,6.521194250356565e-10,1.4681401367440424e-09,-7.979466491115906e-10,2.3544888143519884e-09,-1.0479963079918067e-09,-1.0852054418241594e-10,3.78355345802144e-11,-6.412253994587325e-10,-2.7956702667287857e-10,1.9318271176330532e-09,-1.9918044479735646e-10,6.90678197462721e-10,3.648687733094339e-10,1.5954979963303887e-09,2.2054272721541805e-09,1.3953303787268255e-09,1.9665409983053605e-09,-4.2866647009888853e-10,5.921954608146026e-10,-7.232880318014487e-10,-7.293850714355275e-10,1.387419724345934e-09,-1.2724814409673e-09,-1.1566285935107833e-09,-2.7837406799031365e-10,-2.2027199027505374e-10,-2.0282759283066887e-09,-2.5736477903983276e-09,-4.6033211415686764e-10,-1.86933390220814e-09,1.1766979329554638e-09,-4.0900853057220414e-10,4.41188611456145e-10,9.025419518279068e-10
treat_p14,-5.291294018331782e-10,-3.347160240311494e-10,8.190368290389484e-09,7.227143171963078e-09,-1.9974453417641363e-08,-1.3971002005123128e-09,-8.508203450916295e-10,7.609285653436115e-10,6.302964798788321e-10,1.2582623614098807e-10,-7.621715834775007e-10,3.853539471839884e-09,1.460360595033035e-08,-1.3663094803204207e-08,-9.650435139260018e-10,-4.584210825666913e-09,2.180520099573581e-09,2.825899481085671e-09,-7.119218880431737e-10,-9.68648762036991e-10,5.070190887029216e-09,1.2071799135792778e-08,-1.760374056993783e-08,5.924528989056893e-09,-2.840243208294906e-09,4.3026905912234346e-09,4.152814538485849e-09,4.675391125308236e-10,1.8731481933103105e-09,5.0750914701314496e-09,1.8234884680160022e-08,-1.44523476643888e-08,7.017425537436277e-09,-9.183651444924976e-10,4.0249080404760944e-11,1.3943691357459192e-09,-1.2353844380954936e-09,1.6145732599998494e-09,1.343645196531854e-09,6.415349213313084e-09,-9.991509599135881e-09,5.858531989845549e-09,3.546655416700131e-09,3.42966406484897e-09,2.0403696207850503e-09,-4.631978969051667e-09,5.883691394340936e-10,-2.9272736671454216e-10,-2.9732626937742393e-09,2.772028742692889e-09,1.7011068623725302e-11,1.2291216455683118e-10,1.590762718361446e-09,-1.976256299501313e-09,5.357027738786354e-09,7.64631843142462e-10,-1.6812072894270465e-09,3.570830584728144e-10,2.339228493649747e-09,5.342415269740914e-10,1.4741659946683082e-09,-2.746677450719418e-09,2.856122482777788e-09,-1.827076663345971e-09,-9.988177450434244e-10,2.2109855406471075e-09,-2.8911032162700416e-09,2.766073783369769e-09,4.949855867181023e-11,-4.092627270629021e-09,7.238019343599477e-10,-4.4340571200853017e-10,5.7596186222411926e-09,-1.1539401835674123e-09,-7.657681210076703e-10,4.716694934263605e-09,-8.15454964266084e-10,-2.134823678666923e-09,1.479684841326322e-10,-3.7359441655563464e-09,6.465712983153259e-09,-2.344204538427872e-09,-3.539752918576893e-09,1.1171942760510935e-09,-2.744385525726224e-09,1.739898979122458e-09,-4.215833167727728e-09,1.0104163656846265e-09,2.3874543596568644e-09,-3.0663766192074234e-09,7.800282674669107e-10,2.0513950207880284e-09,-3.2506634510358873e-09,1.7579026409243093e-09,-6.372790259477042e-11,-3.50735446572707e-09,-1.6556024744032877e-09,-9.197354411564289e-10,4.02335772847168e-09,-2.031682239985247e-09,-1.9133313741325798e-10,2.9850843200042095e-09,-1.1799935274029525e-09,2.073606935058568e-09,4.483609793140976e-10,1.1710299804587037e-09,8.559306048512288e-10,-7.93016013757647e-10,-3.2115866071569307e-09,-5.430921506022841e-10,-1.2193782283812007e-09,1.8094935603705288e-09,4.448436217806101e-09,2.5640862767367385e-09,7.228323702690676e-10,2.1066137975676258e-09,-1.4315607599808938e-09,2.138905835950713e-09,9.798370487623886e-10,9.106231078738405e-12,1.5640383135152332e-10,3.0584005823701407e-09,4.491037058491809e-09,1.8138143441413203e-09,1.1836803598272708e-09,-1.7512851534447783e-09,1.7859758427648859e-09,1.1653680754756395e-09,1.6648632407017076e-09,6.30750776634336e-10,-1.0707851521726377e-09,-1.9195430516971735e-08,4.692925009357198e-09,-9.732090667650612e-10,3.7098681638038254e-09,1.7143680097835446e-09,9.124429355879568e-10,-1.930002746003113e-09,3.747724977010745e-10,-2.1215444530713918e-09,-5.978006659193852e-10,6.99624886921261e-11,-1.970982255699842e-09,8.045169415848562e-10,1.1341237048534243e-09,-2.8659746394282207e-09,3.149307330141749e-09,-4.242297893342857e-10,-2.332250765348061e-09,3.899904116941185e-10,-3.342185340654983e-10,1.1891419050954389e-10,-1.7071972638584643e-09,-2.212889499497427e-09,-4.0230980123437104e-10,-3.0963058694407143e-09,-9.204084428312839e-10,2.1261932195272665e-10,-8.505806989086488e-10,5.229505872535323e-10,-2.582094769607992e-09,-2.377862454056126e-09,1.8027408577123103e-10,2.9565880776254947e-09,1.1256846663835572e-09,4.190455071702835e-09,3.6668091249864928e-09,7.984596760943081e-10,4.216815322445693e-09,2.5070693035382286e-09,6.54274578327453e-10,2.4691378347702005e-09,-1.7750928346117554e-09,1.2893025305461249e-09,3.0083239832924147e-09,5.513483625510607e-10
treat_p15,5.833572759159122e-10,3.2538682945028285e-10,1.7394795405919413e-10,1.1881446841103897e-08,-7.72823385009923e-09,-3.5979490810064034e-09,-6.205585249771022e-10,2.2281689926311888e-10,-3.80119937422811e-09,1.130261224282847e-09,1.3267414244717519e-09,-3.4674905692325582e-09,1.8191740038203153e-08,-6.46798052287423e-09,-9.304955865706752e-09,-1.8724941485123286e-09,-8.193797669143219e-10,-1.3494572790233827e-09,4.0100038260974377e-10,4.990795519418753e-10,1.1991151423150798e-09,1.9831989103674988e-08,-7.15804488291409e-09,-4.679317207007128e-09,-2.811476537722879e-09,2.508363158362446e-09,-1.599077397893842e-10,2.229228596504663e-09,1.8065661725895203e-09,-1.71309110160805e-09,2.016770900644112e-08,-6.277237103857685e-09,-9.754250404772421e-10,-4.76558016965187e-11,-1.755540643063392e-09,-4.602181659646088e-09,-2.0909074941762758e-10,1.8083305416397123e-09,-2.3492699014234245e-09,1.3105708000245115e-08,-2.764919935026254e-09,-2.5226170597502823e-09,4.445910006188893e-09,1.3907943172290228e-09,-2.520394042136086e-09,-2.975708189793982e-09,8.432875655114313e-10,-3.6495339879290385e-09,-1.2671675111234565e-10,8.423860303700352e-10,-2.010742104372381e-09,1.524343778836204e-09,1.4416168082702782e-09,7.853651724883037e-10,7.646318431425101e-10,7.808402888724449e-09,1.4830745833246395e-09,-7.045599401176608e-10,-8.106982568027794e-10,-1.3738329062035211e-09,1.47280733230538e-09,2.1606460565569465e-09,2.8704182015085636e-09,-3.314539073818532e-09,2.2637251545409975e-09,3.7259276440927185e-09,-3.2108613844020304e-09,7.018371931277612e-10,2.4052550849122874e-09,2.3173137994897976e-10,-1.810985847141287e-10,-3.345506472293233e-09,2.58293669906539e-09,-2.4937114575274624e-09,-2.053247607656938e-10,9.52896194375076e-10,1.4150078292842525e-09,7.582115983411814e-10,1.5442738456335452e-09,-1.9685181710314624e-09,2.3649181860217507e-09,4.461720350993298e-09,-1.1074681845696777e-09,-7.977752301793955e-10,1.4497073561393377e-10,1.328404664613926e-09,-3.796293587182933e-09,3.658523930126288e-09,1.7072961074689085e-09,-1.1346137898263001e-10,1.068996371630492e-09,1.5700645902546286e-09,-3.839432896907595e-09,-5.471930131738303e-10,6.309871797975069e-09,-2.1104724068432646e-10,-2.594692613582745e-09,1.9517588169490576e-09,3.9481473020860227e-10,-9.598723528359613e-10,-1.001904036302765e-09,-8.608305540622132e-10,-9.091458850558516e-10,1.8160458360019669e-09,8.371794524785766e-10,4.306219698518655e-09,4.5446836345689326e-10,4.1494249219906034e-09,-1.3312477104790166e-09,-1.870570382197754e-09,9.96307543951295e-10,1.6139449007218293e-09,1.6190026759364155e-09,9.393914322393914e-09,-2.6295685703970017e-09,-1.7850067059562193e-09,-2.2060271551776498e-10,-1.042099407871823e-09,-1.4400065121177592e-09,2.636616183650858e-09,-5.299925420190262e-11,-7.702386487834389e-10,6.713291384230098e-09,8.212516874012687e-11,2.812418660503473e-10,1.9173172935382132e-09,-3.4238844530261474e-09,1.3145262331677845e-09,-1.7361458320853469e-10,-2.657515242556655e-10,8.070119447581026e-10,-1.810832640855073e-08,3.5194672174234706e-09,6.035293772958354e-09,2.4656198272333103e-09,3.3353442937844593e-09,4.3322665565307184e-09,-1.7574206920297305e-09,1.0756396957430892e-09,-2.675677751688374e-09,2.137735213067229e-10,2.3863943531011016e-09,-1.8514721142755414e-09,3.5184482966665754e-10,2.1045723962617886e-10,5.0803608114476365e-11,7.671968166293356e-10,3.765744275357838e-09,1.557027548540115e-10,-6.078324375671154e-10,-1.866293638001286e-09,9.495188819742624e-10,-1.4354696458271481e-09,-1.4693065532681812e-09,-2.2785537764172017e-10,-3.779040884464856e-09,3.737599135097056e-09,1.7096305980682839e-09,-1.9749856984259e-09,-1.4753000505034931e-09,1.379134608984379e-09,-2.1102683960093353e-09,-9.224332512545275e-10,3.3146831733631756e-09,5.183270361237559e-10,2.8413328885996465e-09,5.791137097126157e-10,-1.552962958016387e-09,3.165339830456167e-10,-2.1763953777616767e-09,-1.9026994774689843e-09,-1.386070757721297e-10,1.4693348526065246e-10,-3.085141106731131e-09,9.124065082608726e-10,1.8692625780803695e-09
treat_p16,5.431974084162838e-10,1.906332195706496e-10,1.0514782207126334e-09,8.168011858998993e-09,-4.251912867652499e-09,-3.3678768098984944e-09,2.9565902443851113e-09,1.2000248500635218e-10,-2.1620269066135576e-09,9.444785215517427e-10,-7.288110514597634e-10,-1.9522238654238096e-09,1.0417535669159405e-08,-1.7895305073689603e-09,-4.6608026936139054e-09,3.979717606628675e-09,1.5278575209232837e-09,-2.0683345515124057e-09,1.4365720288372342e-09,4.778901280234503e-10,1.947805393860283e-09,1.0294309628864779e-08,-3.093429001746165e-09,-1.2831539951634606e-10,2.780060916906438e-09,6.555630387191792e-10,-2.2653253938840642e-09,2.0881843546945112e-09,9.995120425321547e-10,-2.277970865432501e-09,8.159569150597238e-09,-2.1452714138512324e-09,4.469452749594773e-10,2.6602035721689263e-09,1.3283235761130016e-09,-3.4411431755438516e-09,1.9848651632406533e-09,7.760380834457813e-10,-1.6132578528362187e-09,9.585800643098294e-09,-5.9029431855346245e-09,1.1220840775391886e-09,5.753660444496892e-09,-8.904406726476284e-10,-1.8552825102123927e-09,1.8957155418531473e-09,1.8166989315599298e-09,-2.7467872306494067e-09,-3.9407443058882805e-10,-9.267034843822891e-10,-7.692030514068792e-10,-1.0719686704892493e-09,-4.218668854119462e-10,-7.987656209755951e-10,-1.6812072894269995e-09,1.483074583324657e-09,4.738811143724099e-09,-2.949734457102582e-10,2.4921444291081696e-09,6.979476938980641e-10,-1.2646918965645912e-09,1.97547279449309e-09,2.59320083432589e-09,-2.533916934495543e-10,-8.830718984904227e-10,-5.244121039565307e-10,-2.7872898312954278e-09,-3.1606340673577587e-09,8.961764418616561e-10,2.39429780533521e-09,-1.4396301695075586e-09,2.7176823720599797e-09,2.210669939810612e-09,-1.721751480025321e-09,-1.3520647389259527e-09,4.86732796879807e-10,7.490532441008129e-10,-3.2130453482885293e-09,4.969095857972235e-10,-3.1964188678502247e-09,-1.9804837298491343e-09,1.799797406025352e-09,2.3290899362749356e-09,-1.4543652844977914e-09,1.050559383912311e-09,1.8636048410553986e-09,-7.274160100393245e-10,3.3387843018427307e-10,2.264414315445746e-09,-5.733235758588794e-10,-2.6745635212336682e-09,-1.091323985209335e-09,-8.846305568063639e-11,-2.6920366723172406e-09,1.1744197825863843e-09,2.739377815483028e-09,-1.720479211722236e-09,4.343103841045325e-09,2.816031520866383e-10,-1.1685310352072433e-09,5.550129769270047e-10,4.049708632678716e-10,-1.4437628489822825e-09,-1.779762586568651e-09,3.581039713072079e-10,4.0868342162953814e-11,-2.239709656203654e-09,7.903718192726637e-10,1.433842542568157e-09,-1.0274118697062201e-09,1.2725052471641233e-09,-1.541292112097548e-10,1.8385556378095237e-09,3.772464296535894e-09,-5.416685897740146e-10,1.651786009295278e-10,1.5186115423618488e-09,-1.4282929174231442e-09,-5.022764376635441e-10,9.161216777887811e-10,1.3709802201513015e-10,1.4901586668932143e-09,3.947525689206094e-09,-4.793820304011443e-09,2.7800228940844927e-10,3.0352324770508335e-09,-1.3631506398670367e-09,-5.205852284791435e-10,-1.4719706156092776e-09,7.695281043764655e-10,-6.673038238783104e-10,-1.0586819444601348e-08,5.306615176704195e-09,2.9619504711658825e-09,-7.379615054448277e-10,1.7826238701115675e-09,2.9240480501973565e-09,2.538441611944768e-09,1.9928020259494364e-10,-1.9178024463702228e-09,-8.832808847830923e-10,1.002200559386023e-09,-7.383616412342395e-10,-4.160956277673306e-10,-1.1655259909409168e-09,-1.8854604552473823e-09,-1.438679064287032e-09,6.960262992354068e-10,3.3805498516514833e-09,3.446596825229634e-11,1.6876489289477157e-09,-3.2703699463710645e-10,-1.4442372041845507e-09,-2.062439101403994e-09,5.612939528374014e-10,-1.3782430064476228e-09,-7.270098079437018e-10,-1.1684722667757188e-09,-1.8840428433677756e-09,-2.020481454775911e-09,1.191777112986744e-09,1.8580699901721401e-09,3.2973977224017415e-10,-7.333365515535929e-10,9.806669425321846e-11,2.30954541260284e-09,2.364028956386368e-10,-9.188191074264375e-10,6.81367546613049e-10,1.312494720231374e-09,4.821379226536963e-10,1.0129268514188283e-09,2.0038941944156163e-09,-8.845131042170767e-10,-2.146981313926002e-09,1.3388351541550157e-09
treat_p17,-7.181641023308993e-10,-1.6115588601381948e-10,-2.840052728130819e-10,-3.72826611749011e-09,-1.845977335677037e-09,-5.18851953660984e-10,-1.3114836132797503e-09,-2.1935689309487426e-12,1.1173117031156683e-09,-1.0705679515139783e-09,3.2294478217492663e-10,8.779212984870359e-10,-4.505993708767596e-09,-1.5374009413679238e-09,6.452858622504825e-10,2.332570774306811e-10,-1.2014739947915671e-09,1.6617078965098607e-09,-7.094025371778279e-10,1.0918059233145644e-10,-8.343800186751142e-11,-2.345985130426377e-09,-2.22829185874638e-09,-7.089976380822385e-10,1.5825892157454525e-10,-1.599079037765874e-09,2.451799146583811e-10,-1.0139486331437474e-09,-1.8082922803621374e-10,6.259033604312112e-10,-2.7221258865437934e-09,-2.4290458604224368e-09,-1.7373142012687997e-09,-1.8866865352213677e-10,7.180372009634183e-11,1.918043127346604e-09,-7.60586604986272e-10,-4.5968848399050395e-11,1.628979949150124e-11,-1.3683167031210925e-09,-7.749246037653481e-10,-2.032375440385796e-09,-2.8315857231652155e-10,-1.1671787259154601e-09,1.2295193306452346e-09,1.6655091704209484e-11,-2.822745426486487e-10,1.0982144321979216e-09,-4.733921311050932e-11,4.3797784865016465e-10,1.1680470101646323e-09,-7.574689349926168e-11,-8.025001117887814e-10,-4.5223992376688604e-10,3.570830584728416e-10,-7.045599401176479e-10,-2.9497344571020953e-10,1.4074852805825388e-09,7.103741961234505e-10,-9.077090479974159e-10,-2.0287201634179865e-10,-1.924084750462364e-11,1.892128484422857e-10,1.1548765114675386e-09,2.188158004542045e-10,-7.420766250955535e-10,5.462260434872444e-11,1.126921623032444e-09,-5.895728406196536e-10,4.408152468063515e-11,9.820456294288877e-10,2.814049989468231e-10,-3.965200050662179e-10,8.961998187363168e-10,1.048635418596944e-09,-1.1203562820513031e-10,2.2625950099363057e-10,1.7339362819838436e-10,-9.738577018808303e-10,9.277867404043556e-10,-2.8634371085140316e-11,-6.306153425305899e-10,-1.1595030456002453e-11,1.3476964935271555e-09,8.879190801387218e-10,5.206499736408048e-10,6.887773029420613e-10,7.019537604579719e-10,-9.253583258450769e-10,1.4158874462428635e-09,7.068837951030018e-10,-1.3817872332812526e-10,7.586137905162851e-10,1.2765223967505721e-09,-5.225474980009327e-10,9.114081728504331e-10,6.149082723752598e-10,-7.356492382629785e-11,1.2343205534273322e-09,8.069935107223311e-10,5.944019573972097e-10,1.0008261995942739e-09,1.554268552236737e-09,-1.482620520502978e-11,-2.1193629233389626e-10,-4.923593116458676e-10,1.1649312008556083e-09,-3.191783844953933e-10,8.547100704258758e-11,4.322137352367311e-10,-3.693762038295602e-10,-8.168071651958808e-12,-2.8825981777328275e-10,-2.055128329530199e-09,-2.5826889873735867e-09,-1.0831015791851571e-09,3.4280617325180633e-13,-7.500885271979867e-10,9.488348993384334e-10,-3.004694128536589e-10,5.932897137359966e-10,-4.872644625682748e-10,-3.4804999015462827e-09,-1.2526071317363265e-09,-3.089178428065104e-10,-3.077614759100942e-10,2.7419665274469726e-10,1.4458383821405184e-11,5.865136964943175e-10,-7.553641784608749e-10,3.526689608114483e-10,3.4906734957159156e-09,7.674442182339283e-10,6.120544874557447e-10,2.0887976107880887e-10,5.489890106320671e-10,-8.325404570334948e-10,7.929833591024211e-10,-1.161606400087295e-09,-1.4133234240145866e-10,-9.684463346302523e-11,-6.971030806461668e-11,1.385949735344446e-09,-3.1406574335731226e-10,-5.3488202612451554e-11,1.147223859136619e-10,4.0334856245539327e-10,-9.374234840338855e-11,-1.202073626829516e-10,5.537559451036591e-10,5.154055721495664e-10,-5.326612200393673e-11,2.46731339155056e-10,4.733978015224793e-10,4.3231762516249304e-10,1.595531565358012e-09,-1.2944813622359576e-09,-1.158688431159611e-10,1.8866563469325555e-10,-3.6546247953307145e-11,-3.8133043542132505e-10,3.126573156735414e-10,6.775866678571338e-10,-9.450945126885815e-10,-1.7298998226118922e-10,-6.48969691339143e-10,-3.9977572197239966e-10,-1.6743069812429993e-10,-9.689441215309555e-10,4.342977123542665e-11,4.854603013635975e-10,3.614939208974641e-11,-3.502613758669373e-10,6.292908299499207e-10,1.230511564903744e-10,-6.318543524174744e-10
L4treat_p5,-2.4660850152730043e-09,2.627476944756408e-10,1.0487819739265241e-08,1.259838449028192e-08,-2.0245655987636744e-08,-6.979706440434434e-09,-6.677197972509627e-10,-4.696942155809091e-10,-1.1617724275102658e-09,-2.0379664600765747e-09,2.6140093299432155e-10,3.917575740348829e-09,1.63058821236755e-08,-1.189351818989046e-08,-4.607083840878517e-09,1.6066378431203058e-09,2.1625853352405707e-09,1.5541733351068265e-09,-3.943205172509054e-09,1.379012261670437e-09,6.884207157333563e-09,1.9338221020149956e-08,-1.64942285533936e-08,7.483387257688508e-09,5.228942827018843e-09,2.552094428540953e-09,8.102342543041514e-10,-5.509988116907454e-10,3.4415575277056684e-09,-1.7031747520236342e-09,1.92497625315062e-08,-1.3523319019468388e-08,5.20735196133166e-09,1.5909103769234265e-09,1.6597598567031446e-09,-1.5855888450849167e-09,-5.1703773809673884e-11,2.3677354448080357e-10,-1.2838777982243109e-09,1.5046230468591684e-08,-1.3365473309159031e-08,3.1130989770113496e-09,9.040484105120009e-09,-3.0224054460861694e-10,6.799370177552417e-10,6.2609230899070764e-09,3.3668021562896116e-09,-3.6179354294890213e-09,-3.3543859060218206e-09,-5.150265854414886e-10,-1.7586879403623855e-09,-5.375701006013756e-09,4.106483385181056e-10,-4.511001199178217e-09,2.3392284936497497e-09,-8.106982568027227e-10,2.4921444291082515e-09,7.10374196123449e-10,1.603999085180312e-08,1.4264903274009885e-09,1.883134366380296e-09,3.2507721845551254e-09,3.621462326451424e-09,-1.7177868593631284e-09,-6.6629365633318555e-09,1.2568994342156642e-09,-7.49686976395762e-09,-3.015318101947388e-09,-1.033152672165528e-09,-1.7228318066885815e-09,-2.351864290222274e-10,1.2540800014740536e-08,6.89605586070508e-09,-9.97458031249571e-10,4.810028775155784e-10,3.304103570132617e-09,4.2087064064368355e-09,-1.015519504456963e-08,7.897446343497046e-10,-9.971257250038147e-09,1.3834855167235784e-09,-1.805598000407633e-09,-1.6318484719808733e-09,-1.1294822050346254e-10,7.632029189115052e-09,6.208374722772692e-09,-2.3819758906312126e-09,4.0809206536503354e-09,5.6214750297067586e-09,-3.496668244016188e-09,-4.69045829419258e-09,6.226300781745364e-11,-5.092580700540543e-09,-2.207607176080013e-09,-3.802239582307967e-09,-9.640053527710263e-10,-6.552639699883882e-10,1.4727143395018804e-08,2.652652420111155e-09,-1.6008351040006046e-09,9.599391133766926e-13,5.249396700452707e-09,-3.5744992497219343e-09,-7.10746559079718e-09,7.833301069137424e-10,-2.2487795429853121e-10,-1.7978038578447885e-09,-4.5702657656083157e-10,-2.7637752273952978e-09,3.818749229811025e-10,-6.85206346491941e-10,1.2602226824585799e-09,8.464387082715727e-09,2.799037699838413e-09,5.9763860000054245e-09,1.7737662527814773e-09,-2.0622479750011363e-09,-3.881433947101449e-09,2.8841611426902844e-09,-3.28575748597704e-10,1.7361646654610396e-09,9.432978094647642e-09,4.785803235954278e-10,-2.560678412144513e-09,-2.5898694205167165e-10,-1.4642552112423918e-09,-6.370511297156928e-10,1.365735725082818e-09,-2.567796970244526e-10,8.394253456262337e-10,-4.740796490999592e-09,-2.5014737730522796e-08,1.1803253842614861e-08,6.500700012823984e-09,5.314131449324902e-09,6.978109661628619e-09,3.609377915894374e-09,5.78072013392043e-09,-3.211368701971308e-09,-3.629692775212306e-09,-1.2319483961048174e-09,-2.5572287803412664e-09,-3.35024255740232e-09,-3.361189186037697e-09,-4.898358634970997e-10,-4.965808527993127e-09,2.9721958775657524e-11,-1.927675951722577e-09,2.4754791615416064e-09,8.239253114359916e-11,3.2750887954775146e-09,-1.5222135326923596e-09,-1.5590648111267245e-09,-4.619837707301622e-09,-1.0420218806131846e-09,-4.201742701925001e-09,-5.7616735723052246e-09,-2.116389976871465e-09,-3.605146264294099e-09,-3.420697060649333e-09,-2.1892140524890094e-09,1.2085266381486714e-09,1.1657291181025828e-09,-3.0245749010123937e-09,2.9803026314968537e-09,6.193090199817245e-09,2.6450344457265667e-09,1.3146074639447533e-09,5.807323034251821e-09,6.383822086945644e-09,1.0839261330155936e-09,3.6542828354117894e-09,9.525378883761194e-10,2.099165712156567e-09,-2.7012417540192544e-10,-4.881350606256869e-10
L4treat_p6,8.439318901956441e-10,4.935493998245955e-10,6.950774461452647e-09,9.479584479766918e-09,-1.226828823941328e-08,-3.1891496719803348e-09,3.774043334279795e-09,5.704167481234029e-10,-1.466024272444634e-09,3.934531749459543e-10,-2.0645734244951827e-09,7.804632175564866e-10,1.1139998128433756e-08,-5.760295510320705e-09,-1.8205663585229521e-09,5.913806703506084e-10,2.779526540385462e-09,-1.4278625512452448e-09,1.0716272348563356e-09,5.165981301028669e-10,3.7751770291961024e-09,6.505220056979828e-09,-6.042258066737087e-09,4.3598651740560515e-09,2.8091819983003154e-10,1.42509684162042e-09,-9.271945114475568e-10,2.3966235165706712e-09,2.8834262431108357e-09,9.82017062774637e-10,9.671697474536176e-09,-2.8344515624590986e-09,2.8114825211229816e-09,5.884680494264291e-10,-4.664496951406037e-10,-2.2279648077581742e-09,2.190800837657408e-09,3.0318633922770226e-09,9.82691652274273e-10,5.849527454704684e-09,-5.570988623637971e-09,7.445210991923575e-09,2.5119349610929573e-09,3.1004947114355925e-10,-2.2630513093729245e-09,-2.069831443678413e-09,4.059366158853819e-09,-1.93119501562219e-09,-2.736806045726237e-09,5.149988985425477e-10,-2.6370974557487565e-11,1.7200203787851224e-09,1.9390166334232562e-09,9.375446629711498e-10,5.342415269741822e-10,-1.3738329062035575e-09,6.979476938980778e-10,-9.07709047997429e-10,1.426490327401134e-09,6.560017432481655e-09,-3.572076960462717e-10,-2.670756606144797e-09,1.3470973543053132e-09,4.769386594917774e-10,1.0871860246704871e-10,6.689401858340221e-10,-2.863622044709877e-09,-2.2896826434819387e-09,2.0392113970792006e-10,-1.0975635255902434e-09,-1.1101360067417137e-09,1.7330767966791285e-09,6.634954101779188e-09,-1.864876205528058e-09,-2.6772882109391573e-09,2.1964481064419792e-09,1.4718214431373544e-09,-8.121872841438828e-10,5.653127046493964e-10,-4.200871254160119e-09,1.4066319683626775e-09,-1.1603941198501861e-09,-1.4276133352995815e-09,-3.598798049097293e-11,-2.769601609176185e-09,1.9797052709654006e-09,-2.5837269366521736e-09,-2.5324160947200493e-09,3.090747151654228e-09,-1.9424877711718686e-09,5.663615185020397e-11,9.56966915856034e-10,-1.425211778428917e-09,-2.490445256727528e-09,-2.561004733923549e-09,-3.1724377034357194e-09,-6.461336249402273e-10,-4.500323112962465e-10,2.5976907731309256e-09,-4.43655243346336e-09,-1.8367221312091532e-09,7.748122173871037e-10,-1.8675740089349353e-09,1.9841835603545273e-09,-1.4713438260285087e-09,8.812524646808162e-10,-3.0091850438617306e-09,-1.3977951322306717e-09,-2.2607926468320273e-09,8.796212146288267e-10,1.1431813030072962e-09,1.7881080918970437e-09,3.5246949197634997e-09,2.5346869739410214e-09,7.62821732693594e-09,6.797492155783119e-10,-2.6445198557026917e-11,1.6722755977904982e-09,-1.2658722390306812e-09,4.733117582660276e-10,1.0981612222959335e-10,3.759589181152373e-09,4.7624180377179825e-09,5.966088684793329e-10,-6.498176072300334e-10,-2.061022958158973e-10,1.059671076277472e-09,-1.7996132881848226e-09,-1.0874995877091041e-09,4.1922991728929673e-10,-8.46974912881063e-10,-1.465604680264225e-08,2.079910977421861e-09,-6.715468625205784e-10,8.461789776589578e-10,5.181276140657764e-10,2.352369216606564e-09,-1.4906057872663647e-09,3.3683702554172796e-09,-1.1460294958348975e-09,-6.571826528652485e-10,2.227745319381099e-10,-2.11849500475202e-09,1.58844139632853e-09,-1.2191995982995952e-09,-2.1377091280671255e-09,-5.012579353477181e-10,-2.3318411750508307e-09,2.1474931133772482e-10,-8.277492886196362e-10,5.737753584885578e-10,1.3576202216345991e-09,-1.8620770151186161e-09,-2.9985872073275753e-09,8.54350145664852e-11,-2.0915398911238176e-09,-2.371718729778099e-10,-4.6490782044324536e-10,7.515080076243082e-10,-9.358635204144372e-10,-1.4590960613811173e-09,-6.790235300365461e-10,-5.12735882198446e-10,2.3081345930380073e-09,-5.31833013923596e-10,3.6765833285477375e-09,3.6984263356188977e-09,1.0651514823128714e-09,3.360237917072311e-09,2.327922866194533e-09,1.3326476584999918e-09,1.4095453043425805e-09,1.4537218691837556e-09,1.6606205370968596e-09,1.3465683464449023e-09,4.1750469828263595e-10
L4treat_p7,-7.120722295326532e-10,2.722660873040436e-11,-5.933197676422145e-10,2.523151648428122e-09,9.832118111969115e-10,2.649112010207014e-09,-1.2467434327133015e-09,-1.7763804120939219e-09,-7.792593099327288e-10,-5.580910922116286e-10,2.1280205775930077e-10,-1.8929244853002435e-09,2.4664370578141642e-09,7.223307456560112e-10,2.563677605186447e-09,-6.563311767835884e-10,-5.228522179893081e-10,8.115814578874709e-10,-2.237472293476965e-09,-4.684226438951808e-10,-2.3378485147689075e-09,3.3499539620324893e-09,6.455778696780794e-10,3.782121786427432e-09,2.846057698003583e-09,9.91722357261042e-10,3.2292006828215095e-09,-1.425576608872634e-09,-6.542691867842247e-10,-2.034771692013318e-09,6.043056411285057e-09,-2.1769625603650788e-09,2.3749971329502104e-09,-1.8131404785879603e-10,3.1257047641154787e-10,6.90168765766443e-10,-1.5683314339078879e-09,-1.9954633576208e-09,-1.6918534804200885e-09,-8.443920123698848e-10,7.313776720697928e-11,1.5475105061991388e-09,2.083666087300211e-09,1.959831837450129e-09,7.876293613526033e-10,8.525418615748649e-10,-1.4666403796965974e-09,2.0321664926308317e-09,9.430700130093277e-10,-1.3697350554167692e-10,-7.82331045475051e-10,-1.2928809976250769e-09,-6.985487464383443e-10,-1.210132801109095e-09,1.4741659946682776e-09,1.4728073323053274e-09,-1.2646918965645902e-09,-2.0287201634185691e-10,1.883134366380463e-09,-3.572076960460012e-10,5.241835804504499e-09,1.3950421753751583e-09,-1.8187770125799336e-09,-1.956158688394203e-09,-3.0977142288937225e-09,2.3863933905733363e-09,4.531471375166554e-10,7.360375642142731e-10,1.8533884681863974e-10,-2.5031872855021236e-09,9.379142591417886e-10,1.9715958218098113e-09,3.227217540082371e-10,1.8375858125854306e-09,2.051094726612394e-09,7.521063529170684e-10,9.854495187403982e-10,-2.841650888813739e-10,1.654264908880362e-09,5.649653829487465e-10,1.3464754282756725e-09,4.412569256613339e-10,-3.4399967788669804e-09,-3.3804653562028543e-10,2.4250953150030496e-09,1.0381771397054305e-10,1.5642376816411524e-09,5.406797242858457e-09,1.6304737569292978e-09,-1.3066649751627795e-09,-2.021544239125876e-09,2.501833973377854e-09,-2.1317954239134596e-09,1.700417071852836e-10,6.103091424749899e-10,-1.9659064616097293e-09,1.6355694787032008e-09,3.884916274532482e-09,-4.2342919256657933e-10,3.375239292012712e-09,2.478648646001123e-09,1.3910962147251414e-09,-2.4174760448438327e-10,-3.3172431401692696e-09,2.47353627217216e-09,1.0647326089169569e-09,5.746827612605142e-10,-5.56252047771733e-10,-1.8182185744332406e-09,1.7609770405619399e-09,-1.4516338667984013e-09,-6.869804390105948e-10,7.781612288375365e-10,-8.971432049381687e-10,2.2311029046898845e-09,8.582856213896298e-10,-8.880878050524563e-10,-8.135079283538503e-10,-7.026279688246013e-10,-5.57624447369702e-10,-4.0805740883305886e-11,6.501578316732436e-10,3.0822571318888155e-09,2.1277251795663382e-09,1.116536703168313e-10,5.119222199030625e-10,-8.857083195565027e-10,3.1085623651437226e-10,6.107632598547777e-10,2.418543966933495e-10,-4.354539546299229e-10,-2.6807118862383183e-09,-2.0925587329009267e-11,5.591644597361639e-11,1.0159962297741116e-09,1.089250538681661e-09,-2.3163301092284e-10,-2.088317782749333e-09,-8.445656754100881e-10,1.970871390035494e-09,3.988195203060505e-10,4.962765355712458e-12,-2.165542472301231e-09,-1.23078770224547e-09,1.267823548310426e-09,1.4801895849747869e-09,1.9688406886028696e-10,1.2542126802068794e-09,-1.2456229323459619e-09,-4.899764637865489e-10,-2.970544397145204e-09,3.259219613033815e-11,-1.971302253873683e-10,1.456192983855924e-09,-1.729085896154445e-09,-3.125354901520382e-09,2.2224998777692482e-10,3.023755444508252e-10,-1.9864656040598832e-10,3.5473604129562886e-10,-6.68307579430471e-11,-9.103051224167209e-10,-1.105200828200972e-09,7.218589173753147e-10,1.1489140717794575e-09,-6.156046590615688e-10,-1.078368785241786e-09,5.034901844346279e-10,1.6191246399246644e-09,5.770953805023761e-10,-1.2786712281325074e-09,-8.556844862017803e-10,-1.3139011340563478e-09,-6.882230375827672e-10,3.477836214869917e-10,-1.9460778222828743e-09
L4treat_p8,-2.301587895798198e-09,-8.329012446359655e-10,-8.452877759590717e-09,-1.106268665851413e-08,2.461363215900795e-08,2.5311187430675406e-09,-2.8235148270407933e-09,-8.405229961010123e-10,-4.0557476489345614e-09,-2.0617845336538094e-09,2.883933536837228e-09,-2.9378966721565908e-09,-1.561762914913978e-08,1.7191255562585414e-08,-6.490090139011543e-10,4.717676276139974e-09,-3.6149172522342873e-09,-4.11489597566891e-09,-4.0335855049671345e-09,4.057129966521663e-10,-6.041463138098808e-09,-8.804819777044215e-09,1.7190393613967716e-08,-4.581398156265141e-09,5.6838640375643084e-09,-4.799826932628531e-09,-3.1498524246674657e-09,-3.850334673187875e-09,-4.642464878777338e-09,-7.004061345771564e-09,-1.6438718297045698e-08,1.596566689519587e-08,-4.637897647773308e-09,-4.050663573055778e-10,2.2732210509166837e-09,-2.544476377472031e-09,-1.9355205338796624e-09,-6.098687225054739e-09,-3.1243912766357805e-09,-5.549319213999306e-09,1.3918224348162822e-08,-1.051771419432691e-08,-3.515105709291878e-10,-1.93648942256117e-09,-6.920800877429211e-10,8.870051410747722e-09,1.4956009884672877e-10,1.4973804593475256e-09,6.12116699701025e-09,-1.3188711927409996e-09,-2.2485549455018675e-09,-3.807720693600058e-09,-1.7693714291898327e-09,-8.691388584459828e-10,-2.7466774507194344e-09,2.160646056556952e-09,1.975472794493093e-09,-1.9240847504613963e-11,3.2507721845549703e-09,-2.6707566061448536e-09,1.3950421753752937e-09,1.0091508805789415e-08,-2.7876833866571783e-09,-2.1182098053978467e-09,-1.678657418256902e-09,-2.1910785399009343e-09,3.2238026658867014e-09,-1.6353535876269148e-09,-4.197471018272767e-10,3.384171507860606e-09,-5.813555862446828e-10,5.467548381911539e-09,-4.598698205224569e-09,3.177923266021111e-09,4.759204424054023e-09,-5.102526960219345e-09,1.6360895621621477e-09,-1.0861738130934551e-09,2.1078690854268807e-09,3.838794586552834e-09,-5.759187474046915e-09,3.6368712718884196e-09,1.815858411253687e-09,-2.7171638336562802e-09,8.626136694472129e-09,1.6056596043428216e-09,5.637810882758621e-09,7.110114628714325e-09,-1.4463370237142403e-09,3.073117797250539e-09,-4.324337443516185e-09,-3.0531791741771684e-09,1.1025618632951492e-09,-4.141541824933777e-10,2.18376928854587e-09,3.934432572156221e-09,1.3643106661978967e-09,1.1185736449576167e-08,-4.383261127929786e-09,6.935287055807518e-09,3.5683948190209224e-09,-1.3397636416242434e-09,-5.918957770777543e-10,-1.1295852719306392e-08,4.534709931619219e-09,2.768362554959631e-10,3.908906155104914e-10,1.7833003152356676e-09,2.6979705873607945e-09,-5.761365659694518e-10,-6.110227463265505e-10,-2.741969441469363e-09,-1.7253790080535005e-09,-3.2029279583329468e-09,1.7327321212290744e-10,6.929421786973087e-10,9.75776806658358e-10,-6.856696706792569e-09,1.6699519109753262e-10,-4.1750905915098636e-10,2.769172857739419e-10,-3.3428216160890317e-10,-7.108212833201394e-09,-2.6592013454543125e-10,1.2276056731658272e-09,1.958846815138907e-09,-3.9895248221354164e-09,1.11093626928995e-09,-1.3991188209366866e-10,5.599031609771792e-10,-1.5685995955144583e-09,2.139330743358862e-08,-4.657097901491852e-09,4.409537066370504e-09,-2.6570022966990784e-09,6.43193493004434e-10,-7.190715762358575e-10,3.6594313666047596e-09,-2.366922729486797e-09,2.5049574271828453e-09,1.384553818043755e-09,-7.188604727620071e-10,-4.751900875571812e-10,-4.7675208943240855e-09,-9.444044759125967e-10,3.235907077680748e-09,-2.1897910240843537e-09,2.1537493521165547e-09,3.936513401586833e-09,-1.2527396946686208e-09,3.560573349954094e-11,-5.444882598253233e-10,3.0163868028907216e-09,3.369866453941326e-09,2.3496962415298958e-11,7.294001401602141e-10,1.9176308459678263e-10,2.0509580331347195e-09,-6.648984732293991e-10,-3.988789327658175e-10,2.480310681416914e-09,2.743731435210259e-09,-1.9588172891871865e-09,-5.923504200547862e-09,-1.4264266731068642e-09,-5.674995612860516e-09,-7.660069674163776e-09,-2.268284299220497e-09,-3.975366588364192e-09,-2.4398692942903634e-09,-3.2660272952824046e-09,-3.549930548473833e-09,-2.943405235984674e-10,-2.5141739420905737e-09,-3.756702383720149e-09,2.4145274391751897e-12
L4treat_p9,9.164701084391755e-10,1.6814154534530687e-09,1.591413283082453e-08,2.9432076348619835e-08,-4.388025762018561e-08,-1.3798047413966887e-08,2.252198362883266e-09,2.9615669598165237e-09,-1.8182791607636523e-09,1.3135334042134622e-09,-1.2929977895354118e-10,4.194388684558017e-09,3.812306732795944e-08,-2.832714939413052e-08,-1.2936940148662552e-08,-1.7869800733893253e-09,5.958612312796779e-09,2.6089504380353474e-10,2.6071857235602635e-09,2.048272753899768e-09,1.4524386570580905e-08,3.546244941024043e-08,-2.937524318143552e-08,-2.375923460429453e-10,-5.320670208142818e-09,9.627484064529587e-09,1.0107716927141708e-09,5.886184119347227e-09,8.353311517059247e-09,6.244568691157909e-09,4.044110028332439e-08,-2.5600957743662907e-08,4.7831136744212176e-09,3.723004825668814e-09,1.9087193701542298e-09,-3.507125505231928e-09,2.892703223077273e-09,8.371216195653386e-09,2.5177465335825064e-09,2.948998083215087e-08,-2.146506347232288e-08,8.108316826195303e-09,9.54986593699512e-09,2.0482142119488556e-09,-1.5291694130127209e-09,-5.796918067088829e-09,1.5665526525062189e-09,-8.57190062817586e-09,-8.517272100016628e-09,5.212587233245444e-09,-1.6275280843592995e-09,2.1094917446178853e-09,1.3940508346967896e-09,-1.4675406413212122e-09,2.8561224827777525e-09,2.8704182015085937e-09,2.5932008343258575e-09,1.892128484423181e-10,3.6214623264514914e-09,1.3470973543052195e-09,-1.8187770125799884e-09,-2.787683386657311e-09,1.2621909265510587e-08,-3.0743031807543868e-09,2.9031482978563377e-11,2.295957670033202e-09,-9.74448849920898e-09,5.482753251517901e-10,2.4142320291302874e-09,-1.5585073947556077e-09,-1.2441444047231156e-09,2.237590041084627e-09,1.0467274785873954e-08,-7.480475675383784e-09,-5.167988476308818e-09,1.0390808266830263e-08,1.4010383901456225e-09,-4.757809319341482e-09,-9.298733762025037e-11,-1.1555499173753525e-08,7.076661428094722e-09,3.087860239605956e-11,-1.9715048677196695e-09,2.623993295555204e-10,-3.717700980949425e-09,3.750360904434976e-09,-9.307751429757659e-09,-2.2115152467937077e-09,8.010332790540995e-09,-4.975993712571556e-09,2.5549167618459554e-09,1.3821852232521344e-09,-4.635679512760596e-09,-8.129131492124408e-10,2.4700641287541457e-09,-1.123284390394313e-09,-7.392691294036737e-09,3.581760013743715e-09,6.9207067606125275e-09,-8.505535779686085e-09,-6.415313228741783e-09,6.164940489210827e-09,-3.598569499281831e-09,7.001552257727639e-09,-3.5386373165180206e-09,3.4576199854710787e-09,-1.1265588049781614e-09,1.6412060281845986e-09,-2.0786964787460255e-09,-3.9122830552318154e-09,2.833830420566813e-09,7.252862144627651e-09,8.547456819847508e-09,1.0112633658343856e-08,-6.117739312869708e-10,-2.9544450961017194e-09,-1.1464617308849711e-10,3.1758141726518105e-09,3.682322083675612e-10,2.7529029152706218e-09,1.14490307575304e-09,3.5822567767322454e-09,1.0634725095200783e-08,-6.257345887683815e-09,1.2264243917197293e-09,1.5654996340713197e-09,5.048743414005043e-10,2.5083253601690604e-10,-6.484429276265577e-10,-6.430799164202337e-10,-1.2717604496953968e-09,-4.978916734415981e-08,1.7150301577287852e-08,7.408003522435198e-09,6.3907266602714885e-09,4.788184538174615e-09,8.328177955034712e-09,1.8896851466781953e-09,8.717097775629758e-10,-8.736671588798628e-09,-2.3792293667848653e-09,4.725899380999616e-09,-3.556998021960985e-09,2.2890478626359658e-09,-9.76633386424749e-10,-6.964480932280208e-09,1.769816623104229e-09,-1.809042958726588e-09,-6.669674321533564e-10,1.0951432943674814e-09,1.1115706762888877e-09,-1.6828141994237066e-09,-6.515572532644333e-09,-7.512861146880947e-09,3.5596309156027658e-09,-7.059224461271626e-09,-1.5391131369654484e-09,-4.82658450813581e-10,-4.264511312849922e-09,-2.6647736371825035e-09,-2.806890646512945e-09,-9.744968486295447e-10,1.6596323448327157e-09,5.020882085954519e-09,3.822662777321011e-09,1.2590861394869146e-08,9.056203648339598e-09,-2.449370758167052e-09,7.294064047218221e-09,4.174185028096447e-09,2.6693845511867138e-09,5.477809351617738e-09,1.2623577632621902e-09,1.3649380313724996e-09,3.2310889224403437e-09,3.817383558757392e-09
L4treat_p10,-5.359944705638983e-10,-7.148359442643358e-10,-3.5967176712453007e-09,-1.2596495369397078e-08,1.0135666690747547e-08,4.605580880956189e-10,2.47840110441117e-10,8.460499500338609e-12,2.400216839213816e-09,-1.3754435340236947e-09,-2.6224193634215535e-10,1.3598404791840384e-09,-1.902926143445907e-08,7.00034049941187e-09,3.814394023142471e-09,1.1069597293381917e-09,-2.126562112161491e-09,1.0573533039507328e-09,-6.30770981546703e-11,-4.649863701486799e-11,-3.073481001634388e-09,-1.7240854739526935e-08,7.578769966426955e-09,-4.050210424961952e-09,1.134290589882509e-09,-5.759969651232399e-09,-2.7006378453887465e-09,-2.426335301453332e-09,-2.059640017266692e-09,-5.860533823412343e-10,-1.9678652118289493e-08,4.902319243341575e-09,-7.631221255359334e-09,-1.5641256720871061e-09,-6.786157965126841e-10,4.400780624725193e-09,-4.5486403555724765e-10,-1.053516828604492e-09,5.412257148101435e-10,-9.330129898116017e-09,3.06635127011665e-09,-5.3657375119398e-09,-4.328910547919991e-09,-3.1202989377728227e-09,6.925225120542313e-10,7.158160203031293e-10,1.3613974923594573e-09,3.299076147460868e-09,1.0234695662869553e-09,-1.7334354257575586e-09,3.075159316228915e-09,1.2888900892165525e-09,-4.9691678636642535e-11,7.488652071703546e-10,-1.827076663346027e-09,-3.3145390738185174e-09,-2.533916934495766e-10,1.1548765114675462e-09,-1.7177868593632188e-09,4.769386594917627e-10,-1.956158688394047e-09,-2.118209805397745e-09,-3.0743031807542945e-09,6.51473706112166e-09,1.9876173348883046e-09,-1.7251423211906325e-09,2.377800856700338e-09,5.944942003509138e-10,-1.0209843281045729e-09,1.565065734647921e-09,8.462030205078272e-10,-2.2723163142580145e-09,-2.753355352288663e-09,4.209578856471577e-09,4.286799461574078e-10,-3.010484806379196e-09,8.266278108432323e-10,3.3963763236833145e-09,-1.1691430489114066e-09,3.867520385513462e-09,-2.569985931899648e-09,-4.582494029269309e-10,2.8295256761136404e-09,1.93779440768478e-09,-2.0191465227115888e-10,-1.3394514125400783e-09,3.087488893696585e-09,-4.257424526312581e-09,-3.4701883079671227e-09,4.449429179167737e-09,1.997571194238013e-09,-1.4204089152076448e-09,3.5590980770711987e-09,2.032737083436614e-09,-2.818717584506983e-09,2.6364136267711462e-09,4.041850022600897e-09,-5.6362184390564345e-09,-6.416270129787629e-10,1.9333373915416413e-09,1.120304165580944e-09,-5.202789210442887e-10,3.983715820203645e-09,1.803127051680009e-09,-2.847899311816705e-10,-1.7918384175011342e-09,7.498078848910071e-10,-1.0495423866459168e-09,1.843583181692283e-09,2.0505718335561036e-09,5.293082422333794e-10,-1.961828124815669e-09,-4.55966372512572e-09,-4.055740886005554e-09,-7.306964973500237e-10,2.2919347861176783e-10,1.0415362069664956e-09,3.2984333393209565e-10,-2.888153887735751e-10,-1.061464137391953e-09,5.499686152133725e-10,-2.845700631189542e-10,-8.032305534550312e-09,7.614395155360791e-10,-2.116334243371323e-09,-1.0598486464651702e-09,7.427835572455098e-10,-2.958110111876855e-09,-2.010534200823286e-10,-9.00599528918781e-10,1.2121387107170264e-09,2.0261035466289884e-08,-4.291786277650748e-09,-1.257203819538537e-09,-2.109379531061623e-09,-1.7500493940458232e-09,-2.602924541175579e-09,5.877525582301703e-10,-4.878680837384854e-10,1.5236832706876813e-09,-1.7206186864843507e-10,-2.5775243783329036e-09,4.304669846182364e-09,2.1004499922374853e-10,-8.792391695777577e-10,1.8340049666289721e-09,-9.313137199246181e-10,-1.3324814086897288e-09,2.970537552868457e-10,1.5193947656780317e-10,1.053999414929814e-09,9.378910967112113e-10,3.371049853901463e-09,8.094557800474153e-10,-4.224297836781657e-11,6.23126178246882e-09,-9.74016846721882e-10,-7.755959788190366e-10,1.959608271244907e-09,5.661373050078047e-10,7.623566929823773e-10,8.69062167029562e-10,9.382290986624387e-10,-1.265995762905748e-09,-2.0129609733446072e-09,-4.611407028950283e-09,-1.0502824678257664e-09,8.113781041766682e-10,-4.578002809861511e-09,-1.4009317175019355e-09,6.847273495695931e-10,-1.1761843527676865e-09,4.534259548853587e-10,1.194164821988316e-09,-9.349251102551643e-10,-1.8632707097654906e-09
L4treat_p11,2.856087924034841e-10,-3.861664820310162e-10,-2.614858372890293e-09,-3.2326724206965496e-09,1.4634336073829686e-09,-2.5094169444875125e-09,-2.4907682889101904e-10,1.2670508355151397e-09,-1.2707950648784804e-09,-3.5245277318427203e-10,1.670640524453779e-09,-3.4049727481554247e-10,-3.5188938117948556e-09,2.883741181774587e-09,-7.745531713603774e-09,-1.770140630218704e-09,-4.437297774748536e-09,-7.052654109500284e-10,1.348448297883955e-09,7.235680280689419e-10,-8.617182114236113e-10,-2.6724648646254883e-09,1.0311704209057852e-09,-1.0888483932689877e-08,-5.890360759590921e-09,-4.556543494120371e-09,-3.1828570823877045e-09,7.594046769725158e-10,1.0006986673429614e-10,1.9158830893320186e-10,-3.925909400680957e-09,5.163715815214516e-09,-8.31926916962153e-09,-2.1790860177780335e-09,-4.190472249521795e-09,-1.3635694949122086e-09,2.008332274973861e-11,2.612579706320251e-09,2.1865403853841065e-10,1.7301792436059653e-09,6.063970652409288e-09,-7.110600267555584e-09,-4.035683272198068e-09,-2.3497946403676582e-09,-2.535373732777904e-09,-4.607680636027742e-09,2.8536147066810128e-09,-1.0075531241435517e-09,9.708377690837317e-10,7.593990710716667e-10,5.471748769313796e-10,5.330813844337393e-09,3.4495182029275962e-09,3.990363151110413e-09,-9.988177450434068e-10,2.2637251545410066e-09,-8.830718984904287e-10,2.1881580045418792e-10,-6.662936563331854e-09,1.0871860246699289e-10,-3.097714228893721e-09,-1.6786574182570003e-09,2.903148297874586e-11,1.987617334888287e-09,9.722011364605108e-09,5.45521725598028e-10,1.831718805447999e-09,2.4699786701100885e-09,5.979304955026476e-10,1.8245308681361655e-09,-8.806102692882559e-11,-8.184909378365938e-09,1.4305360793320254e-09,1.3220394277371317e-09,-1.1742898472612505e-09,-3.211810266276027e-09,1.5932332921864136e-09,7.970879243947052e-09,1.9172616868838703e-10,2.999172059521007e-09,-2.622584766233482e-10,2.001402791983493e-09,2.8182379221569738e-09,1.1445237516765413e-09,-3.5306621954969675e-09,-1.1206168000990047e-11,-1.384295072949031e-09,-4.84719470646161e-09,-3.18418322342456e-09,5.000628916669305e-09,7.193492127848273e-09,-7.31657164539753e-10,1.8396053786262593e-09,1.6134240955186103e-09,2.6091809649927352e-09,7.938570838959751e-10,-8.629665849114108e-10,-9.04530372248521e-09,1.3432418453556412e-09,-1.0554769030896424e-09,-3.905626728414887e-09,-3.4681075253827786e-09,3.233072330435895e-09,7.534978422496934e-09,-8.665248364809697e-10,3.0359513592251976e-09,2.2048987014038555e-10,2.9716230035830733e-09,1.7664151114673892e-10,-1.7636237795385739e-09,2.079164333402964e-09,1.919249064070492e-09,-3.2231253081864166e-09,6.659240619670332e-09,-2.1244282234417184e-09,-1.5956936482227845e-09,7.176019934079411e-10,-1.62110823689322e-10,-2.506142377434473e-09,2.0688597697411407e-09,3.4679366467852746e-10,-2.4177201053536774e-09,-2.4802502880430762e-09,3.5419634352243845e-09,6.904906989854874e-10,-1.7301360973142634e-09,-2.2895826741403822e-09,-7.959452174141135e-10,2.546907659106965e-10,-1.2184359298743217e-09,3.704546258259434e-09,4.640987693888363e-09,-5.683460455585047e-09,1.8420857625972989e-09,-1.0385426662231497e-09,-9.487539201075787e-10,1.250130839283276e-09,-3.0256946712045007e-09,3.0364652538366515e-09,-1.872447221363015e-09,-1.2584140403749202e-10,5.482394394225426e-10,2.289148013151615e-09,2.8930429897254973e-09,-6.491308138170737e-10,2.6141110595830492e-09,-4.088275950958582e-10,-9.971809941562088e-10,-2.404736961856994e-10,-1.2173600638475461e-09,4.5090218766967696e-10,4.005240671564753e-09,2.10080512530338e-09,-8.047268130880234e-10,1.563628805430877e-09,4.126305325219246e-09,3.3770062389210028e-09,2.950190251637903e-09,1.8590673885007902e-09,-1.3215702999669234e-09,-6.251169483543377e-10,-1.8783455139460567e-09,-9.279949162252003e-10,2.2259047643706636e-09,-3.8299792901838256e-09,-2.770603598148491e-09,2.80108878208909e-10,-1.4508726342137285e-09,-5.122452657566201e-09,-5.695570287058542e-09,-1.7693735822050525e-09,-2.138413694163501e-09,1.1107292729263803e-09,-6.128400533042911e-11,1.7996962611628515e-09,2.7952131311592006e-09
L4treat_p12,6.118363267938003e-10,5.372963687803626e-10,5.1581718863318636e-09,1.5492611631362322e-08,-1.652097322409178e-08,-3.951918831656185e-09,2.088284320321737e-10,-1.3254164826172048e-09,-7.333049872696626e-10,9.806594922214709e-10,-1.1883961695768915e-10,-5.7288378725762e-10,1.961740789153323e-08,-1.0848704317626906e-08,-5.902168275242619e-09,-4.1946132552608344e-09,3.710292030708697e-10,1.183400016422663e-09,5.568913698600853e-10,4.2158616096469845e-10,2.9942958947836715e-09,1.8957251523086056e-08,-1.160718813230118e-08,5.196289392668401e-10,-3.629729212597781e-09,3.6004836476491637e-09,2.1450554491030267e-09,2.6846485719754585e-09,3.50097424727861e-09,-7.212314624216329e-10,2.4279895246231054e-08,-1.1437262310121024e-08,2.2988698813811416e-09,-1.2843605952475385e-10,-3.1834828124425843e-09,-2.6025392830577324e-09,6.77709680223881e-10,3.068568392879426e-09,-1.5897587082999496e-09,1.3792722336480135e-08,-8.318047657665324e-09,3.514754630110218e-09,3.7814590050131355e-09,1.7818976481288255e-09,-1.1088050680203824e-09,-4.177024565808655e-09,2.072446663911678e-09,-3.7928933112901124e-09,-2.8676675181063226e-09,2.6171462890634746e-10,-1.0763458084908814e-09,1.7115119731054657e-09,3.004157563826821e-09,4.003164638491888e-11,2.2109855406471324e-09,3.725927644092741e-09,-5.244121039565468e-10,-7.420766250955462e-10,1.256899434215753e-09,6.689401858339154e-10,2.3863933905733587e-09,-2.191078539900972e-09,2.2959576700332293e-09,-1.725142321190752e-09,5.455217255981422e-10,5.765826208483064e-09,-4.889787093791575e-09,8.14744645639824e-10,1.3438395284989837e-09,-2.7706865118780135e-09,3.4822970897321057e-10,-2.651827203140175e-09,5.279553870032227e-09,-1.604711455819376e-09,-1.2169482736073433e-09,3.1963290589561214e-09,1.9693422546769615e-09,-1.7011859536989196e-10,1.7681350296437073e-09,-5.266131686893689e-09,4.429024958320195e-09,9.70711630497041e-10,-2.849747820033537e-09,3.7331036703885095e-10,-1.3265210466740641e-09,7.053552768640495e-10,-5.053244086162771e-09,1.0369407823733318e-09,2.917383141269022e-09,-2.279675112860491e-09,1.5961783701084472e-09,3.6955603760191706e-09,-5.054872407729296e-09,-7.100112371934075e-10,2.239879066785594e-09,-2.943163886459818e-09,-1.4414892531507228e-09,-1.5888693166496404e-09,2.4936425169962054e-09,-2.8287723177922305e-09,-1.353989607829392e-09,3.6742762145974025e-10,-8.369217442440274e-10,5.077487615129548e-09,-6.422943897634737e-10,3.563095590818068e-09,-3.902643790902288e-10,1.654697110949879e-09,-3.196753302371772e-09,-6.914778314227411e-10,1.0169726118570342e-09,2.8159461923628362e-09,3.2984101341161892e-09,8.21962770946135e-09,2.7306530832273605e-09,-3.1397253520331776e-10,-1.4979420272996489e-09,1.1676542641013074e-09,-1.256038825733543e-09,1.910517233218385e-09,1.9264955033338906e-10,1.92648479255792e-09,7.414024069585666e-09,3.6236490672685956e-09,2.247881180569026e-11,-9.164833011163455e-10,-2.3484524896858366e-09,5.444030474923947e-10,-5.897089404302072e-10,-1.616873890473046e-10,7.668474971144241e-10,-2.4758828891333487e-08,4.192558567962824e-09,3.1830264837312483e-09,4.451372695988614e-09,3.672297451213221e-09,3.863368857781464e-09,-3.01518666219862e-09,1.188088698259581e-09,-2.6884533451032194e-09,-1.6896280618116246e-10,2.3532981986642985e-10,-2.753975448385797e-09,1.1368132467733297e-09,1.3522528497363689e-09,-1.0133975131677697e-09,6.726513444136464e-10,2.443942591850274e-10,-2.2708979632636925e-09,-6.902886586068832e-10,-1.7839152277488247e-09,1.118525658063193e-09,-2.373536917188476e-09,-3.1040455156852015e-09,-1.8432128654723689e-09,-4.142491560654705e-09,1.5072347861032733e-09,6.82189008141011e-10,-1.871743330533584e-09,-1.6199386403039045e-09,-6.877566726871695e-10,-2.699564842327052e-09,-9.726529177874975e-11,5.156715895203917e-09,1.5139054140354308e-09,4.942934543453022e-09,3.88521200205777e-09,1.0208864871970311e-09,3.2470964454396005e-09,6.085069956218582e-10,-8.674370681731722e-10,1.5332446276791888e-09,2.0398329783191024e-10,-4.746309937965167e-10,2.504895275808311e-09,-1.0832752149565745e-10
L4treat_p13,-1.0457033424180326e-09,-1.7341311810650351e-09,-1.6849555313119433e-08,-3.360489086599489e-08,4.4154351735536904e-08,1.4318584994451219e-08,-1.6223112111494303e-09,-2.4649431690545183e-09,7.297230604926979e-10,-1.6281218633466935e-09,1.2233850895380526e-09,-2.664350024683922e-09,-4.251805802206741e-08,2.9281086200014863e-08,1.2231460541810415e-08,4.066564433535375e-09,-6.276038136107852e-09,-9.691278905431934e-10,-2.3379892108870438e-09,-2.3201354993655285e-09,-1.3970613550491234e-08,-4.139643284663947e-08,3.023068586167535e-08,-2.951040266000804e-09,5.7796864130770915e-09,-1.0611073777288661e-08,-1.232549594494459e-10,-7.2509230218135255e-09,-9.822848511279176e-09,-2.467705517155567e-09,-4.853219538359046e-08,2.7444302568931822e-08,-5.769046885337196e-09,-2.176897451792263e-09,4.5078528488149706e-10,6.825850122617133e-09,-3.962472196874538e-09,-9.05849106472089e-09,-2.862963941130094e-10,-3.427295925676846e-08,2.242851217125608e-08,-8.537430508962006e-09,-9.211345288031934e-09,-1.480766300356643e-09,4.49452097098929e-09,4.365087832836612e-09,-4.63033482723664e-09,1.0310298498591262e-08,8.751261822625923e-09,-1.7340286281249928e-09,1.227643378945465e-09,-1.734044137936334e-09,-2.8050406766391674e-09,1.574996778979308e-09,-2.8911032162701123e-09,-3.2108613844020217e-09,-2.7872898312954236e-09,5.462260434872469e-11,-7.496869763957644e-09,-2.8636220447098813e-09,4.531471375166652e-10,3.2238026658867e-09,-9.744488499208937e-09,2.3778008567003078e-09,1.83171880544802e-09,-4.889787093791565e-09,1.4028934516620408e-08,1.547928033300582e-09,-1.4006927667528072e-09,2.8634161468383974e-09,3.6187231525664895e-10,-2.012363894774242e-09,-1.1335037416219902e-08,7.589839440403935e-09,5.313916565798672e-09,-8.091284510595471e-09,-2.8444157671529618e-09,7.56692016165433e-09,5.1572115309767063e-11,1.573735501090395e-08,-6.497206672113398e-09,1.105150840629667e-09,3.1310596466718442e-09,-1.2816425178317245e-09,2.4105175724450853e-09,-5.0992358968884855e-09,1.0841211315009628e-08,1.1456197847437616e-09,-6.923769868494923e-09,6.215693875401338e-09,-6.73692625215013e-10,-2.278876140718584e-09,8.958418435768364e-09,2.8057238236668616e-09,-6.998439911127158e-10,3.1349348707024737e-09,5.933246379792432e-09,-3.8601799586560255e-09,-7.034616047176814e-09,1.0748168417444518e-08,6.396352661182953e-09,-3.6525719690546457e-09,4.781583083237382e-09,-6.718203375515616e-09,5.155385180901567e-09,-3.292598087749551e-09,2.1638188811739654e-09,-1.4540965504368044e-09,4.62855784467535e-09,2.1238927439616298e-09,-2.9127956799843405e-09,-6.501290328545061e-09,-9.628274382183554e-09,-1.3786544613984931e-08,-3.849721335955387e-09,3.4154617744057516e-09,1.1903838666257318e-09,-3.530765713915703e-09,-8.234402717904671e-10,-3.3739091075146258e-09,-1.1989558460873644e-09,-6.232546097508757e-09,-1.1935060466549025e-08,4.1437138713172545e-09,1.0294006882757223e-09,-1.7471034307227418e-11,-3.689561106543036e-10,-5.34258660287956e-10,1.9122703067096815e-09,8.271662935803413e-10,8.991170954168681e-10,5.7025498265356175e-08,-1.7184365725602338e-08,-9.403075458883615e-09,-9.78498379296177e-09,-6.95412078471724e-09,-9.669495383532423e-09,-2.414223226340981e-09,-1.2683876636349024e-09,9.00631144103305e-09,2.368114237754711e-09,-1.6028777986011247e-09,4.3260336534378984e-09,-1.735894794124948e-09,2.569139100864956e-10,7.777241605763884e-09,-1.411716476314263e-09,1.601593054201606e-09,1.7347325855055119e-09,-7.680187051849837e-11,-1.7643124616195906e-09,1.93102740179212e-09,6.946248947893582e-09,9.087686418231295e-09,1.1040353859077099e-10,8.112653173574766e-09,7.957248670452399e-10,1.6606966531036555e-09,4.901501280144293e-09,3.6926205101667187e-09,2.7652800106815017e-09,2.250488315295846e-09,-2.072393520584831e-09,-5.898169921115416e-09,-4.253298912455084e-09,-1.4385343969326862e-08,-1.013240706248976e-08,-9.806209013914718e-10,-8.569111285315486e-09,-5.160613423158073e-09,-2.6355673330688286e-09,-6.4558461924857886e-09,-1.8575028575903747e-09,-1.5060387095265761e-09,-3.5556069486677228e-09,-1.7065207468211793e-09
L4treat_p14,-1.0588314524143034e-09,-6.656263423805399e-10,7.525572007073318e-10,-4.9941175854116584e-09,-4.053331164137311e-09,-1.088080551792312e-09,-2.9763458098835186e-09,1.2637473058020664e-09,7.469616431738127e-10,-1.3830618135579794e-09,1.5534426576190175e-09,3.734812612170737e-09,-5.598113569490611e-09,-3.003608406083436e-09,-6.890136023202383e-10,-4.258317357159737e-09,-2.2137947836931785e-09,1.891059283527062e-09,-1.3965008926919304e-09,-8.062379910844466e-10,9.478176106510594e-10,-3.857745525210354e-09,-4.16467486867094e-09,-5.667151502219978e-09,-4.774489309317302e-09,-1.0726053331130878e-09,1.5335453538110381e-09,-2.3059464837701374e-09,-1.3018144215116415e-09,4.085136033063643e-09,-1.2095047374592405e-09,-5.067104817688851e-09,-3.344789830891662e-09,-2.5923090618282243e-09,8.70572854906301e-13,4.3707262535998e-09,-2.8088274471032442e-09,-5.861005492520801e-10,2.0082155031496748e-09,-1.5468270263671606e-09,6.482072539289559e-10,-5.3672573932903074e-09,-3.3114987184231163e-09,9.293961008965417e-10,1.738698347262814e-09,-3.4525084346378953e-09,-1.272286730507427e-09,2.827840097065655e-09,-8.60979366887878e-11,2.673358600881769e-09,1.1323130758815553e-09,1.974889377126154e-09,9.734090380609227e-10,-3.649525116281284e-10,2.766073783369822e-09,7.018371931277472e-10,-3.160634067357729e-09,1.1269216230324198e-09,-3.0153181019473772e-09,-2.2896826434820193e-09,7.360375642143017e-10,-1.6353535876269615e-09,5.482753251518135e-10,5.944942003508953e-10,2.4699786701100682e-09,8.147446456398544e-10,1.547928033300543e-09,5.876351208202028e-09,4.759019983425359e-10,-1.6696265388666724e-09,1.2625173377172262e-09,-3.8151195903761595e-09,-4.644887533962106e-11,2.6339092654389343e-09,6.394013052634895e-10,1.4231904541206691e-09,-4.871814841325337e-10,3.990032498217645e-09,-4.3857343753929435e-11,2.9122497201541502e-09,3.960671443933897e-09,-1.7319878355367072e-10,-1.0771003993651633e-09,1.616035911277379e-09,-1.5511693090506504e-09,-8.727321200338486e-10,-4.802336695008809e-10,-3.2069057477618326e-10,-1.3447947565934866e-09,1.3019657438133254e-09,4.076531528404891e-09,3.0849393850891705e-10,4.677208794743108e-10,4.922491655031393e-09,1.8000927488918296e-09,1.9440085613241287e-10,-8.664211973403783e-11,-4.8776864502307834e-09,2.0376818028639446e-09,2.3642585266715635e-09,-9.928499831059094e-10,1.7690693388018396e-09,2.5499905428566613e-09,3.236393535615759e-09,7.225129140470227e-10,1.2190718232599645e-09,3.1923644310344365e-09,7.42989233576838e-10,-3.571983962887977e-10,-7.421826926676923e-10,-5.172053572493965e-10,1.4472521913560007e-09,-1.2941791693441574e-09,-1.242430044895739e-09,-3.995503017354995e-09,-3.1000269091839026e-10,-5.4004937969637206e-11,1.5904241960242795e-09,-2.477637234370416e-10,-5.685723614418659e-11,5.285438322406122e-10,-1.558690453314873e-09,-3.340991228462541e-09,2.6232583673634514e-09,9.025418076683615e-10,-2.046568823709247e-09,3.812054416504531e-10,-5.681648693371684e-10,2.117132110354069e-09,-7.672391165603484e-10,9.245526340066772e-10,4.2472842640650106e-09,-1.3963697171655651e-09,4.69071333193175e-10,1.3011436544111588e-09,-1.1147449512659784e-09,-9.589806473475905e-10,-1.2496287730359252e-09,-4.515589939982636e-10,-1.846282919540325e-10,-4.421801111824566e-11,1.845334962727936e-10,1.1539026332797557e-09,5.732548802941565e-10,1.0615746412495267e-09,1.3356102492181096e-09,2.390713618034051e-09,-4.0503512239003643e-10,-2.6396962082428874e-09,3.674405848883459e-10,-7.045490225056495e-10,7.359258688834261e-10,2.218608027480723e-09,5.318079946460064e-10,7.053641901192765e-10,1.3520149801472893e-09,4.2502462134231287e-10,2.2019914706371937e-09,6.227323729433591e-10,1.7569022373649074e-09,-1.220171419409176e-09,-1.4742826857343408e-09,-2.095148379774936e-10,1.088226564216268e-09,-8.253528956588057e-10,-2.04085249585702e-09,4.400752532291605e-10,-1.261244167354772e-09,-1.7912823037048513e-09,-2.235831306018804e-09,-9.505651671586052e-10,-7.165615377438262e-10,-2.4785290845474396e-09,4.712595888726699e-10,2.1429186706171615e-09,2.627593643842214e-10
L4treat_p15,7.82724851589303e-10,1.03813557469354e-10,2.1429011359986733e-09,6.888133688002805e-09,-7.060481510469068e-09,-3.913543669806301e-09,3.0816395451213414e-10,3.01499527529819e-11,-2.0262414922007546e-09,8.177687136025138e-10,2.2728269413669995e-10,7.013614363494381e-10,8.80009969803159e-09,-4.51320159581798e-09,-3.951463989965381e-09,-1.653570248542946e-09,7.711278340225385e-10,-1.0042083168570004e-09,1.1574484318010863e-09,-9.18987379685009e-11,3.1723741726837855e-09,7.361804666402278e-09,-4.173380457814503e-09,-3.981203211110819e-09,-3.224932395991098e-09,1.296531016787543e-09,1.570085576299051e-10,1.6334057689118255e-09,1.051024493975367e-09,2.0742381766434155e-09,8.689275511623684e-09,-4.103980814881164e-09,-9.127942509732136e-10,-2.368266989170774e-10,7.295603099010891e-10,-5.377652031787126e-10,5.294201592602542e-10,1.3438436518811056e-09,1.8136476391146046e-09,6.1944354297354446e-09,-3.845367954219028e-09,-1.9760184989082675e-09,7.921305573702765e-10,4.544532782600276e-10,-1.5506652698260007e-09,-1.5262925055072032e-09,-3.75397880606273e-10,-7.756346493792551e-10,-1.4613944683764648e-09,1.353402848244843e-09,-4.986139427359519e-10,1.0827121690108258e-09,1.0315737200653558e-09,-2.3828613444930426e-10,4.9498558671802565e-11,2.405255084912288e-09,8.961764418616055e-10,-5.895728406196235e-10,-1.0331526721654978e-09,2.0392113970788395e-10,1.8533884681863927e-10,-4.1974710182725446e-10,2.414232029130299e-09,-1.0209843281045805e-09,5.979304955026808e-10,1.3438395284989633e-09,-1.4006927667528156e-09,4.759019983425177e-10,2.9139744199582305e-09,1.84759805389941e-10,-7.586448232531957e-10,-3.1195232974652103e-10,2.13067114889579e-09,-8.807373383927805e-10,-1.2427779695033614e-09,2.750275159432134e-09,-1.9438817538915764e-10,8.979515102319336e-10,1.5112915129096876e-09,-8.752336074042489e-10,1.859649365625385e-09,1.8239246311546711e-09,6.407650636226635e-11,-8.49714372912175e-10,-1.4506278353676673e-09,7.760926595810418e-10,-1.2969319344730006e-09,-1.9397766737720332e-10,2.140008589031577e-09,-1.3211354937054226e-09,9.894434083104076e-10,7.471613366008832e-10,-6.78466916590824e-10,-2.652295861406661e-10,2.852151752421562e-09,1.1363652766586611e-09,-2.0772364833650656e-09,9.579063957883304e-11,1.016400119852842e-09,-1.9007956509190598e-10,-1.3327882174858578e-09,2.262786406694836e-09,-2.873184589972915e-10,2.369502739369355e-09,8.012440122923101e-10,1.6301587123380853e-09,-4.35101385223256e-10,1.981193789207348e-09,1.181079992374285e-10,-1.059959819175438e-09,9.722897304592852e-10,1.7377208087043748e-09,1.3511918580028255e-09,2.3984039898157833e-09,-1.0870716816399243e-09,-4.022637423444504e-10,7.026387783336785e-10,1.7734185035203552e-09,-1.1376765782539564e-09,1.0239004276817835e-09,1.6029185353306468e-10,4.1297457281567484e-10,4.083810355151756e-09,-1.3989047811358708e-09,1.0971259661216257e-10,1.0121644944766069e-09,-3.4043255317007235e-11,-8.310426015994403e-10,-2.846466551967353e-10,-6.09442445654739e-11,-4.967293342310773e-10,-8.51537791054509e-09,3.2340496681620857e-09,2.0568245569625233e-09,1.0082498169930969e-09,-1.24905093800123e-10,1.7480302782497392e-09,-8.579949021338076e-11,6.659642422403842e-10,-1.4038498845538612e-09,-7.058071291709129e-10,1.7664047736829594e-09,-6.169330931144896e-10,8.74997052445605e-10,9.553235335174664e-12,-5.598681012412928e-10,-2.2929910417435977e-11,5.267653148601793e-10,-2.3977823416485514e-11,4.190320873234633e-12,-2.445649335148954e-10,1.1123668863831258e-10,-2.1895127270449594e-10,-1.2592463946834052e-09,8.355043229913547e-10,-1.977191718998205e-09,7.074339078574862e-10,5.838068872080798e-10,-8.347622550406655e-10,-3.1851485991143484e-11,4.781589220515749e-10,-2.4014509441239986e-10,-5.727835095445179e-10,1.1853671775759568e-09,1.4330104548082692e-10,1.277166221955906e-09,1.2901033032928287e-09,-1.7670248398943045e-09,4.812508190465171e-10,-5.151399217370708e-10,-4.4918907619823987e-10,4.32911937264827e-10,2.347067630443723e-10,-1.084312723134639e-09,3.369995695080608e-10,9.000672572017531e-10
L4treat_p16,1.2797705973642853e-10,-1.5898483631911194e-10,-7.469111511289748e-09,-9.320786876883976e-09,1.8024650193029612e-08,5.927232050767061e-10,1.3552442006541527e-09,-7.949807798118943e-10,-2.0883848605982715e-09,-6.383595268035127e-10,1.1208120427224168e-09,-2.535270944457898e-09,-1.392924095760205e-08,1.2553689773291153e-08,-1.3607298487386017e-09,5.537313301930378e-09,-3.3630776344263017e-09,-3.1405243993804314e-09,2.1371175359917373e-10,3.913978575498689e-10,-4.1676602195619915e-09,-1.1716583712231976e-08,1.424930365645218e-08,-6.929990447274306e-09,2.712379860727247e-09,-5.893609815119371e-09,-4.779047895713671e-09,-1.2708453503745298e-09,-2.795306536504202e-09,-3.88705646634257e-09,-1.8892523222854758e-08,1.3231729986936051e-08,-6.825743566099816e-09,1.0203419720370738e-09,-2.2198242698336385e-10,-8.010403974843193e-10,2.7186942716551866e-10,-2.4887006753209747e-09,-1.0652090645703082e-09,-5.546645805837676e-09,8.782416682549546e-09,-7.190470828311576e-09,-1.8596822793632977e-09,-3.511844325624354e-09,-1.172951090124861e-09,3.947487153535325e-09,1.1665068583714161e-11,7.465588970930498e-10,3.4024987710129955e-09,-1.788680276715899e-09,-3.2854072925291273e-10,-6.320181031891138e-10,-9.82216895725923e-10,1.7996769926322256e-09,-4.092627270629021e-09,2.317313799489918e-10,2.394297805335252e-09,4.408152468057627e-11,-1.722831806688616e-09,-1.0975635255902868e-09,-2.5031872855021136e-09,3.3841715078606336e-09,-1.5585073947556036e-09,1.565065734647909e-09,1.824530868136174e-09,-2.7706865118780156e-09,2.8634161468384037e-09,-1.6696265388667086e-09,1.8475980538996574e-10,5.191113785999759e-09,-1.2078374541259507e-09,4.108809607829547e-10,-4.4542899931392874e-09,1.4596236443262409e-09,9.155259496088018e-10,-3.917280667079451e-09,6.99693416674223e-10,1.9448937113433513e-09,-1.270511160565535e-10,4.3077609609134326e-09,-5.491642953141165e-09,2.673174836928628e-09,4.208031483077984e-09,-1.0749720570677913e-09,2.6422267933204997e-09,-1.0243896187404018e-09,3.4541545934573437e-09,-7.76108644803347e-10,-2.3357136106626037e-09,3.538516476946413e-09,-9.025900512348729e-10,-2.66048578122836e-09,4.024067596526111e-09,-9.473866173606995e-10,9.003417730512045e-10,4.719459505852708e-09,8.642112909238913e-10,1.548728028075729e-09,-3.56389705507226e-09,2.8304446358988513e-09,5.04105772909972e-10,-2.4651647170762537e-09,1.2552838737367379e-09,-2.7033579052054453e-09,3.241812261737695e-10,-5.536385270823539e-10,-5.78130493498953e-10,1.4401708899703975e-09,3.625922760906211e-09,-4.640678161288626e-10,1.1165982605777486e-09,-1.7580674381049266e-09,-3.3700284283226068e-09,-2.7192032721445288e-09,-1.7538576255453668e-09,-8.485584870793095e-10,1.7265307884541246e-09,-3.7793562786322395e-09,-3.363263006724312e-10,2.828204528404366e-10,-6.909981401484215e-11,-2.3469533889961043e-09,-6.211753832000388e-09,-1.6131865476676328e-09,1.7417236182397042e-10,1.9026913356999975e-09,-3.0709030607094685e-09,-7.296141692840873e-10,-9.411572922065208e-10,6.322642156611062e-11,3.832305134997803e-10,1.930894471903125e-08,-4.190818824295213e-09,1.3921968748557003e-09,-4.328072653407522e-09,-7.604666322321475e-10,-8.046368211623436e-10,2.542549965881996e-09,-2.853951123403383e-10,1.1949261553098357e-09,4.2254399665085003e-10,-9.818475408209012e-13,1.956061291303954e-09,-1.0089924288143742e-09,-1.5648684970039933e-09,2.5720864688667164e-09,-2.3459253834094467e-09,6.084425586275849e-10,3.88612642371042e-09,-2.632152789045324e-10,1.974996228373041e-09,8.317111612363359e-10,2.32631372479784e-09,1.6096866419757105e-09,9.985434108101765e-10,3.569725139246732e-09,7.345507687474387e-12,6.449508271882784e-10,8.37610840703731e-10,-5.750771075068118e-10,2.6901212446095603e-09,2.5872671529026465e-09,-4.761364514103513e-10,-3.650471657660599e-09,-1.9206636094565548e-09,-4.399616423603652e-09,-3.9742302820052395e-09,-1.8535645026419635e-09,-4.571224682160242e-09,-2.4786244182764345e-09,-8.736095177824122e-10,-2.506107637977762e-09,1.5740143327035717e-09,-1.3710418933713284e-09,-3.157771924330583e-09,1.2007765263084618e-09
L4treat_p17,-5.235087700568415e-10,-1.0905187493990214e-10,-1.5654048434544736e-09,-4.051106110664458e-09,9.099076258698556e-10,1.5661766268466036e-09,-2.42455622823714e-09,-3.9283863442758143e-10,1.8050099640341218e-09,-7.638531530399233e-10,-4.616445980235923e-11,-5.64874491342546e-10,-4.161152343562764e-09,-6.692174021321992e-10,2.6523976579545114e-09,-2.083861942604035e-09,-6.487178381542729e-10,2.311523184516244e-09,-1.1758981991982762e-09,-8.675000452604757e-11,-1.9748183935261958e-09,-2.3179730685128296e-09,-1.3226470086973515e-09,9.889832593010474e-10,-2.600134229840772e-10,-8.527619423990502e-10,1.5311966717662321e-09,-1.3547460623284312e-09,-2.4559823156193727e-10,-2.566656100302363e-10,-9.395813901780345e-10,-3.135139296281649e-09,-1.3134174123533564e-09,-1.6437464538226855e-09,-8.57357718469165e-10,2.084378420175453e-09,-1.3914645740101968e-09,-4.198586890474389e-10,-1.0968558198419662e-09,-3.8876650444246825e-09,-6.124646230344789e-10,-1.3026424577159762e-09,-1.6913066234954424e-09,-7.588640075489743e-11,1.598741948695341e-09,-9.073722741754001e-10,-1.0187855615808586e-09,1.1558832804927613e-09,1.833646407664664e-11,-4.4525367264142727e-11,1.2919471054230982e-09,5.775431201347307e-10,-7.558235848354014e-10,-1.3729627054751065e-10,7.238019343599381e-10,-1.8109858471411692e-10,-1.4396301695075259e-09,9.820456294284793e-10,-2.3518642902220454e-10,-1.1101360067417052e-09,9.379142591418068e-10,-5.813555862446866e-10,-1.2441444047231074e-09,8.46203020507828e-10,-8.806102692884154e-11,3.482297089731994e-10,3.618723152566509e-10,1.262517337717241e-09,-7.58644823253198e-10,-1.2078374541259075e-09,1.9709567428426917e-09,-1.8788081138174407e-09,-1.3434196240370428e-09,5.782873681991329e-10,1.1848065290454706e-09,-6.478216122433014e-10,-1.1526051749957125e-10,9.077418808732911e-10,-8.949811924138249e-10,1.400633929338349e-09,4.288750153374598e-10,-8.348840461958734e-10,-1.239041948994308e-09,2.210963369484194e-09,2.889499100737582e-10,-4.040355998861338e-10,4.598889768607355e-11,1.472613428833195e-09,-1.0481690530310741e-09,1.1422051270326566e-09,1.1643699570602262e-09,6.893983473022128e-10,-6.106804143137794e-10,1.34799870038444e-09,-5.460426089914004e-10,-8.044556686304464e-10,2.5461301922081057e-09,-1.7437824297415274e-09,4.3738181296110517e-10,4.756081787459017e-10,1.347872230930085e-09,1.2497025599403324e-10,1.6042304024931338e-09,8.276288113562211e-10,-1.6072992194231376e-10,-5.539211202255721e-10,1.615332294653689e-09,-6.978423861203731e-10,-8.938693640570718e-10,2.2187286054073767e-09,-1.2732710392078707e-09,-8.760907776521175e-10,-1.7650397153106708e-09,-1.365705136021461e-09,-2.8053759911786937e-09,-1.0420381950131023e-09,-1.1510465198128608e-09,1.9093045823524138e-10,4.074219298170104e-10,-7.343661514500945e-10,1.4747193844957047e-10,-1.2267815652980634e-09,-1.5240627367669708e-09,1.6153591469766067e-10,-1.2720583034374766e-09,-1.01391559405633e-09,8.57996465705291e-10,-2.126804986045973e-12,8.357938445638307e-10,-8.927746898583977e-10,6.398823197072916e-10,3.662464613422519e-09,-6.407367530745764e-11,-5.144691377493737e-10,1.0107161209585885e-09,2.894269244682358e-10,-1.538280769163529e-09,-1.0740531872852805e-09,-1.0402850427812837e-09,6.126657890391351e-10,4.493894279841874e-10,-6.696052838289177e-11,1.3328411514632135e-09,-2.7398370887536504e-10,6.492901450239244e-10,6.317904025455929e-10,1.1005076019157201e-09,9.354092061122087e-10,-1.736065988968173e-09,8.018600577005012e-10,-1.4763689116661184e-09,-5.473868900479895e-10,-3.114804682373116e-12,1.2069473727533798e-09,-1.834163893265485e-10,1.29863619931503e-09,4.956714776795095e-10,-6.958930716188285e-10,6.228586394601504e-10,2.4734619711959737e-10,-4.119139522035947e-10,-7.331071252800691e-10,8.839848160145363e-10,5.957967625288085e-10,3.081637257628506e-10,-3.9356369225046426e-10,-3.1373731961969084e-10,1.0153551646604746e-09,-5.582712953523699e-10,-3.6595582493062814e-10,5.150956188426174e-10,-7.597412346026183e-11,-8.304015343409205e-10,3.0168034744138204e-10,6.416065207076384e-10,-2.0787376441911054e-09
L8treat_p5,-1.9858282896042056e-09,6.805610774499522e-10,7.2482361262431484e-09,5.376309227407029e-09,-6.745202069116773e-09,-3.947940438900706e-09,1.3289564606706324e-09,-5.2847159331375124e-11,-2.7281163446124035e-09,-2.0546380559085524e-09,7.347632232363348e-10,3.996361642632387e-09,2.6597518375705486e-09,-1.4812497170834598e-09,-6.311887728391003e-10,7.17578758068315e-09,1.2226007033226136e-09,-2.030918667352691e-09,-3.3915318100522784e-09,1.2355180150037974e-09,5.158300457367108e-09,4.08440231088869e-09,-1.7963604404272416e-09,5.1586607207753775e-09,7.919872611679077e-09,5.635062874602496e-10,3.35918755712034e-11,-1.2913545610294845e-09,7.810011064612236e-10,-7.93860778182708e-10,-1.8424118173184565e-10,6.162005201843396e-11,4.523414440889522e-09,3.875848649815201e-09,5.548630719043121e-09,-8.179616489433627e-10,6.307271091935026e-10,-2.2179322627656467e-09,1.4766855914007059e-09,4.531669479502461e-09,-3.987997432608491e-09,2.3791439593430742e-09,6.532967933381982e-09,-1.1267845961764665e-09,3.9098246363446496e-10,1.0295870295988159e-08,-1.4610433467461405e-10,1.7112241559966534e-11,-1.0891414269569677e-09,3.668800093899277e-10,-2.3711476444697704e-09,-7.0748350805008715e-09,-2.3722261996200385e-09,-4.12615291470626e-09,-4.434057120085057e-10,-3.345506472293181e-09,2.717682372060055e-09,2.814049989468226e-10,1.254080001474061e-08,1.7330767966791643e-09,1.9715958218098287e-09,5.467548381911699e-09,2.2375900410845224e-09,-2.2723163142580422e-09,-8.184909378365931e-09,-2.651827203140201e-09,-2.012363894774269e-09,-3.815119590376141e-09,-3.119523297465424e-10,4.108809607829851e-10,-1.8788081138174676e-09,1.787264313126397e-08,2.9471352046297232e-09,2.1046335234703126e-10,1.2088308816884893e-09,2.999838446569534e-09,3.2868908819987225e-09,-9.33588284594477e-09,1.3566117489982852e-09,-5.066547823554411e-09,-1.9530053153496625e-09,-7.158100917555939e-10,-1.506365700472217e-11,-2.9363822451048833e-09,8.981318656732902e-09,4.839300574284533e-09,3.58040959338512e-09,4.193244914952307e-09,5.524462413237272e-09,-3.188027801107799e-09,-7.264180124284814e-09,-1.3983036023808499e-09,4.689874408101863e-11,-2.783387069848234e-09,-4.029562674338124e-09,1.397260296031427e-09,-1.6950470392581496e-09,1.850031164393016e-08,2.7486774708484213e-10,2.055116737860986e-09,8.97244107079967e-11,6.160566621169159e-09,-3.616011712966906e-09,-1.1927326610763658e-08,2.5396267346124695e-09,-1.6848778880923434e-09,-2.5269508123456943e-09,-9.58422627124345e-10,7.27531818476678e-10,-5.073882328498561e-10,-3.693136292510943e-10,8.263360729767046e-10,7.344185554126076e-09,-6.072918954874627e-09,7.324849867714834e-09,1.2985323776128005e-09,1.8723288367600563e-10,-4.402025017944415e-09,2.1767774490017415e-09,-1.3428262629955435e-09,1.290258302857718e-09,6.990283460055888e-09,-2.617935950116206e-09,-4.79832016192772e-09,1.0054724374112741e-09,1.0491472142938489e-09,3.293210692290436e-11,6.533259478449317e-10,-6.77762067087681e-10,1.443858081722521e-09,-5.6679988687706e-09,-6.404210419804607e-09,7.483419244413345e-09,3.5369437081244504e-09,1.9757296414704547e-10,2.816898241595648e-09,1.6573714253704041e-09,7.442668827217311e-09,-3.4236712738301123e-09,-3.875870814417568e-11,-9.566763757060807e-10,-8.725580515833373e-10,-3.2221794998350614e-09,-4.23563766791043e-09,-9.709162419211807e-10,-3.0664591368016305e-09,-1.9758672976618984e-09,-2.722990964959925e-09,4.60530735775584e-09,-2.5122918043709463e-10,4.035188593700946e-09,-1.907072488652842e-09,-1.4519365719277398e-10,-1.4846208626993322e-09,5.997528827401357e-10,-3.670090664812276e-09,-7.4179664872061686e-09,-7.504998232643097e-10,-2.1717275486518784e-09,-1.3748510819844267e-09,-1.0862282235522817e-09,4.0550512312940114e-09,-6.715868025243067e-10,-6.819403941298505e-09,2.6597064467413698e-09,1.8210123041127036e-09,-6.042301347534118e-10,-1.2124139106361555e-09,4.1201402913543826e-09,6.392958991682307e-09,5.250787076611661e-10,1.4364551935716434e-09,8.614630165095319e-10,1.608080420417802e-09,-2.5151929080776862e-09,4.694865057419646e-10
L8treat_p6,3.9901709708479047e-10,8.9187560093784e-10,2.2110219111133814e-08,3.14358331649305e-08,-5.143370417433226e-08,-1.4199881787711815e-08,4.816379654721114e-09,1.1820657854448848e-09,-4.042287583051016e-09,6.323808549195994e-10,-1.4968062795591226e-09,6.28024463876848e-09,4.560704845210861e-08,-2.938131573655329e-08,-1.4858455727507275e-08,-1.9953895495967804e-09,3.689237959426258e-09,9.164988225810213e-10,1.2493743012073637e-09,1.4764392054183644e-09,1.5864026209143367e-08,3.8495133899528675e-08,-3.73734756555702e-08,6.619642237235556e-09,-4.3776431807396594e-09,6.735705612353409e-09,1.8592207554421976e-09,6.220600937240829e-09,8.923454959598965e-09,5.71045366071805e-09,4.8280595584696e-08,-2.532110503197117e-08,9.37199007995576e-09,2.346999673891161e-09,-2.0787748667213504e-09,-6.331374515367532e-09,2.7669206051599212e-09,8.584136902683185e-09,1.978141105831501e-09,3.205745466693042e-08,-2.436539595125045e-08,1.2561250984749618e-08,1.4031689399192456e-08,2.3352804860827482e-09,-2.9894147347883303e-09,-8.144777820909521e-09,7.462954662014874e-09,-7.938226599238981e-09,-8.410921875944593e-09,4.874979129036007e-09,-1.5598022648743808e-09,2.388035277695009e-09,5.238745324857372e-09,-1.4463552495143812e-09,5.759618622241127e-09,2.5829366990652602e-09,2.2106699398105888e-09,-3.9652000506617813e-10,6.8960558607050396e-09,6.634954101778936e-09,3.227217540080655e-10,-4.598698205224586e-09,1.0467274785873959e-08,-2.7533553522887168e-09,1.4305360793319197e-09,5.279553870032192e-09,-1.1335037416219907e-08,-4.644887533960737e-11,2.130671148895753e-09,-4.454289993139268e-09,-1.3434196240370108e-09,2.9471352046294585e-09,2.099506158760767e-08,-4.482741665499933e-09,-5.0023848589739925e-09,1.114996568358597e-08,4.637722986738957e-09,-5.092444265202837e-09,3.1825430142353132e-09,-1.4510465459483306e-08,9.546666120264594e-09,-1.6829612594633033e-09,-3.822310725046126e-09,2.9196590150253554e-10,-5.166188701483373e-09,8.38622316186428e-09,-1.0791123210000786e-08,-1.9681134211678468e-09,1.0511517306322527e-08,-5.250371934111651e-09,1.715144048012687e-09,3.819050607127289e-09,-6.726900890277128e-09,-2.285754007954419e-09,2.8801586114619042e-11,-4.708141841376532e-09,-6.388526247520035e-09,3.0532872717767446e-09,1.0714218221619485e-08,-8.49521015592122e-09,-5.194992351356535e-09,6.8145755968071595e-09,-3.504266044786818e-09,7.025759116780701e-09,-6.555429932273353e-10,5.894408345788146e-09,-4.773307746476944e-09,6.136327152330564e-10,-5.523359725838764e-09,-2.9658579030480374e-09,2.3331007994946824e-09,7.451905262162756e-09,1.3051072761126049e-08,1.3662154758383989e-08,1.0405107701153395e-08,1.89936489530939e-09,-2.443442449602761e-10,1.2673644507067452e-09,-2.261978612401279e-09,3.175164508732938e-09,1.2483027341776987e-09,1.057857012047956e-08,1.3601879024154037e-08,5.307114854774754e-10,2.4951437686937873e-09,-5.668505507435187e-10,-8.381252631609371e-10,-6.069178977203071e-10,-5.172270858861221e-10,1.0087767728875907e-09,-2.582720612001303e-09,-5.933429301012945e-08,1.4584202333831297e-08,5.869171014590772e-09,6.65991846610189e-09,7.461647752215018e-09,9.550998619641278e-09,-2.171021460966115e-09,4.100711257352759e-09,-9.545105612646818e-09,-3.121118142516862e-09,2.5199521567010435e-09,-6.620754705116274e-09,2.1479994203971045e-09,-1.0009825033451508e-09,-7.742705269103983e-09,1.5737174789859299e-09,-4.0711593373693284e-09,-2.7801982525655755e-10,-8.125794280604632e-10,1.9842311213602964e-09,2.7009365341478095e-09,-6.5834024504760526e-09,-9.987685095795724e-09,1.569649150334199e-09,-7.761770448682984e-09,-2.315568617951786e-09,6.052589190575774e-10,-2.973606066616934e-09,-4.286139265141844e-09,-5.331297260103452e-09,-2.8226458747371554e-09,-5.062202762458701e-10,7.250438082118265e-09,1.0816704230606459e-09,1.3186587998982398e-08,1.0601984494549991e-08,-7.299053397182578e-10,9.110125228852288e-09,5.890468539879268e-09,1.3382396767874774e-09,5.419237452567419e-09,1.946055478303577e-09,2.975857849068827e-09,4.999460323374345e-09,4.124852497318615e-09
L8treat_p7,-2.6492183541103928e-09,-2.178476803051204e-09,-9.536310772336705e-09,-2.540048156934041e-08,2.8993072394280367e-08,5.409996631548221e-09,-2.5031201086848306e-09,-1.5156719381194555e-09,-3.950219244551059e-10,-3.2390106791927124e-09,2.2043446414752504e-09,1.7948712023900557e-09,-3.4312158859782534e-08,2.219312474565751e-08,6.1260923343783635e-09,2.310520765767545e-09,-6.992701739494037e-09,-1.340749438674823e-10,-3.7808145421553885e-09,-1.5363373783174993e-09,-8.008198347139248e-09,-2.9759798358617e-08,1.8912272269349613e-08,-6.44126270603679e-09,3.599608104869113e-09,-9.927584402180924e-09,-1.4080385535094144e-09,-6.660391023521876e-09,-7.629116939344375e-09,-2.7823686280520137e-09,-3.388853841733463e-08,1.7056945686123042e-08,-8.591213175047305e-09,-3.3934968649540992e-09,3.041211873539184e-10,5.722572773436952e-09,-3.680183473863798e-09,-7.532480456338258e-09,3.352058506174947e-10,-1.8972298150550235e-08,1.4657709751539587e-08,-1.3525401233548245e-08,-5.861277087533638e-09,-2.6366194212074627e-09,1.989458410684585e-09,5.004431937038171e-09,3.6262739005207916e-10,9.259660736750568e-09,7.0605415225545234e-09,-1.7503802703972767e-09,1.4464797934928858e-09,-2.291604082432557e-09,3.165726598092856e-10,-5.627330555080005e-10,-1.1539401835674677e-09,-2.4937114575275145e-09,-1.7217514800252805e-09,8.961998187362968e-10,-9.974580312495594e-10,-1.86487620552783e-09,1.8375858125853896e-09,3.1779232660208712e-09,-7.480475675383771e-09,4.209578856471483e-09,1.322039427737299e-09,-1.6047114558192443e-09,7.589839440403902e-09,2.6339092654389206e-09,-8.80737338392775e-10,1.45962364432625e-09,5.782873681991522e-10,2.104633523468319e-10,-4.48274166549975e-09,1.1364452165901528e-08,5.058275481018666e-09,-5.939821249537665e-09,1.0268718115024307e-09,4.839555763225587e-09,2.1421758106970542e-09,9.258465484344347e-09,-3.949426556270417e-09,9.895345697845938e-10,2.9050547060977843e-09,-6.591711533216368e-10,4.788088026574644e-09,-4.830750704772762e-10,9.286489649004233e-09,1.2538537887407067e-09,-4.948464721330431e-09,5.669315305538289e-09,-6.379901621846382e-10,-1.5714620601012787e-09,5.510672714649558e-09,3.998626194286684e-09,-1.2081403726786548e-09,4.225764785770308e-09,4.7968659640552984e-09,-1.1439651220037837e-09,-2.374472076223742e-09,1.1659184233307913e-08,5.17001214284551e-09,-3.1714818182126595e-10,4.942858892867683e-09,-6.173096421459537e-09,6.122310313821118e-09,-1.1660497540124073e-09,1.50002588555098e-09,3.832279473177563e-11,2.839261426895113e-09,1.0280046092053107e-09,-1.2750347397999225e-09,-3.951093438231362e-09,-5.603377609022059e-09,-8.122471269054021e-09,8.993723636707081e-10,4.423716616384281e-09,1.5991869766413524e-09,-3.750219701589509e-09,-1.2206919987703924e-09,-1.8294682453365893e-09,5.234685165721443e-10,3.0504371314993603e-10,-1.3137760705929091e-08,5.598164544605012e-09,7.106716859081779e-10,-1.9400471470558455e-09,-2.145960909633169e-09,-2.1567584335770385e-09,1.2875038132797732e-09,5.389657790857911e-10,3.5285949995816995e-10,4.126013062293338e-08,-1.2042135855185353e-08,-1.6132937302123708e-09,-4.4262960429371335e-09,-2.934860484335507e-09,-5.1196446371715815e-09,3.5254864338173327e-10,-1.8388599082543027e-09,5.2470246833302495e-09,2.7220270202635963e-10,-4.597506195347249e-09,2.7173376353852573e-09,-3.0145653433460008e-09,8.621623414807766e-12,5.692952226885431e-09,-1.4978045370212464e-09,-6.849479191241051e-10,1.3317593254933753e-09,-1.426179751115999e-09,5.524259100954818e-10,2.977971511282814e-09,8.313723547347301e-09,4.6514906018918595e-09,-1.2716780588393466e-09,6.4589312475112374e-09,-1.5806238626946458e-09,2.4530752526647807e-09,2.462364553454126e-09,1.8238341788636171e-09,1.2169024131287e-09,1.3726993689229423e-09,-2.0582192446580313e-09,-5.289537007869412e-09,-4.86975568037749e-09,-1.2698857539082346e-08,-7.475287864280295e-09,-1.0154904116079303e-09,-7.762265697050744e-09,-3.9347107910572625e-09,-3.853548910105565e-09,-4.9967343334183835e-09,-1.7220484452386053e-09,-3.165224695290142e-10,-2.406273221497731e-09,-1.6789391969302988e-09
L8treat_p8,-1.918932146433763e-09,-1.2013825284970241e-09,-9.552615692372435e-09,-1.9906799639233464e-08,2.3974298980015375e-08,7.684572467937687e-09,-3.013652049064139e-09,-2.855317290607085e-09,3.979027270591124e-10,-1.9239690008293416e-09,1.4581335470810346e-09,-1.776264363615925e-09,-2.41305965018415e-08,1.465465530123988e-08,7.205906083627694e-09,2.2100579834886804e-09,-4.692577719767844e-09,9.825892797563607e-10,-3.0680241695547912e-09,-8.645486710281717e-10,-8.551634486578704e-09,-1.9543747233820462e-08,1.527181171612985e-08,1.2712143247625976e-09,4.7065744580568306e-09,-5.826771362878034e-09,6.191509475278593e-10,-4.531303815974994e-09,-5.023234392723324e-09,-3.827981067261053e-09,-2.3818316127102164e-08,1.4226364700908143e-08,-1.886227541915224e-09,-1.0216362067255181e-09,-6.908259141719169e-10,2.4178504206633456e-09,-2.7786229220908093e-09,-5.707198107008876e-09,-2.299531659511301e-09,-1.7235670102770948e-08,1.3461567849869496e-08,-6.150533970864362e-09,-2.0736488523031056e-09,-1.3900335276291132e-09,3.7053643539556607e-09,3.898640337147612e-09,-1.4194035883392773e-09,5.2346310605182765e-09,5.607882904972661e-09,-8.851527861289937e-10,4.883230735896964e-10,-3.162323147381073e-09,-2.241445276148096e-09,-6.298559367028321e-10,-7.657681210076769e-10,-2.0532476076563372e-10,-1.3520647389259153e-09,1.0486354185969704e-09,4.810028775154961e-10,-2.677288210939237e-09,2.0510947266123504e-09,4.7592044240540685e-09,-5.167988476308661e-09,4.286799461572273e-10,-1.1742898472611653e-09,-1.2169482736073206e-09,5.31391656579871e-09,6.394013052635524e-10,-1.2427779695033355e-09,9.15525949608815e-10,1.1848065290454898e-09,1.2088308816884676e-09,-5.002384858973998e-09,5.058275481018725e-09,6.9484389803222076e-09,-3.887510061037173e-09,-4.2388929631672774e-10,1.332636914389486e-09,5.250211988710295e-10,7.193584137703007e-09,-3.194820587257961e-09,1.0250791429117314e-09,-3.518515893123173e-10,-7.250865100296485e-10,5.482348244922477e-09,-7.947018426297261e-10,6.1113584674071386e-09,6.504236374435321e-09,-3.62877378480036e-09,4.092324598437262e-09,-2.461911251241169e-09,1.7721910078297818e-10,2.769186957362692e-09,1.651658111327115e-09,2.1558061712543474e-10,1.8713055843335905e-09,3.325980431080584e-09,3.606548787159875e-09,-2.727995200621919e-09,7.705459390307922e-09,6.989753575596255e-09,-9.295954266946454e-10,2.9820414458392e-09,-6.840929009376039e-09,3.977353865130099e-09,-7.240624021043199e-10,2.454475861583549e-09,-2.1560082620370388e-10,1.731787644781718e-09,5.03279497020169e-10,-2.2210357933252777e-09,-3.746907477997434e-09,-2.8509808315928163e-09,-8.760763746492334e-09,-1.425155617967221e-09,1.037773899896144e-09,-2.1214272527815074e-10,-5.490472508925814e-09,9.076055304572408e-10,-1.5845993003428453e-09,-1.4559645436443983e-10,-1.9929192223085507e-09,-1.00430215649663e-08,3.2606611995357566e-09,1.5605467002724535e-10,2.4433947556731473e-10,-2.214788557562655e-09,1.1668031272286091e-09,1.028787712177342e-09,-2.2960255578212935e-11,-2.2172817455514716e-10,3.121599658878514e-08,-8.353288911959642e-09,-1.4522526086524877e-09,-3.0112002728677693e-09,3.690245251692493e-10,-4.655107546252652e-09,-5.323608881375979e-10,-2.743184171227506e-09,4.242512923832114e-09,1.968635170311511e-09,-1.3802504336485575e-09,1.5043084005477632e-09,-3.537620775650889e-09,-1.82647725746808e-10,3.6806350266385934e-09,-7.427047143500452e-10,2.444782676150755e-09,1.00830806400655e-09,-3.342807646558069e-10,-1.7640247924085877e-09,4.77122683226536e-10,2.7116486045900387e-09,6.0054605684573345e-09,-1.1067795946336683e-09,2.9803201871850693e-09,-1.129050935635792e-09,1.297313580199116e-09,1.1089875103793833e-09,1.7097193728478011e-09,2.1741472359777045e-09,1.2238970488190148e-09,-1.1106895848557744e-09,-3.875694564777869e-09,-1.4332471235312154e-09,-7.008031014769995e-09,-7.453819058636551e-09,-4.462156700819546e-10,-4.138366860890122e-09,-1.713010216695134e-09,-2.1632521530825516e-09,-3.283256021064779e-09,-1.8252445142138998e-09,-1.7580550779977051e-09,-2.254981398730655e-09,-2.709095973269324e-09
L8treat_p9,1.411856680732341e-09,1.380551113101602e-09,1.7222619873453426e-08,2.2487493662901788e-08,-3.937824008742568e-08,-8.641084850817649e-09,2.5742321076522573e-09,-1.0597171546386659e-10,-4.977496652704108e-10,1.5364356681651875e-09,-1.700719086511992e-09,6.431334511085222e-09,3.201036088538455e-08,-2.7243549895370167e-08,-4.276540037991274e-09,-3.3416196171031612e-09,5.80997799436092e-09,2.4646481236413153e-09,2.2267209508726563e-09,1.3951340674546174e-10,1.279927255521807e-08,2.4825638509754334e-08,-2.6957837260123256e-08,7.236907895688698e-09,-5.545018907759265e-09,8.82313114789188e-09,4.9947555245106685e-09,4.850862019317731e-09,6.549674950085347e-09,8.217452436070918e-09,3.3780790468978885e-08,-2.3038829432234746e-08,1.05155212200624e-08,2.462398443675107e-09,1.820588452488106e-09,-6.066532387216069e-10,1.8270090066344606e-09,5.731308103556442e-09,4.099123401806073e-09,1.925607636831594e-08,-1.9445735095815228e-08,1.1508355397630494e-08,7.703719934863675e-09,3.523797402809392e-09,7.466113701739302e-10,-6.919768946072103e-09,-2.830394993080145e-10,-5.371561169414693e-09,-8.915316803337254e-09,5.94506273590264e-09,-7.798134977300523e-10,1.2389934483851047e-09,1.081024670251339e-09,-2.042665795893571e-09,4.7166949342635544e-09,9.528961943750942e-10,4.867327968797911e-10,-1.1203562820510668e-10,3.3041035701326618e-09,2.1964481064420007e-09,7.52106352916924e-10,-5.102526960219246e-09,1.0390808266830395e-08,-3.0104848063791917e-09,-3.211810266276069e-09,3.196329058956056e-09,-8.091284510595442e-09,1.423190454120677e-09,2.750275159432159e-09,-3.917280667079434e-09,-6.478216122433199e-10,2.999838446569659e-09,1.1149965683586122e-08,-5.9398212495377655e-09,-3.88751006103707e-09,1.4463346966986434e-08,2.8631062458407266e-10,-4.315190465719182e-09,1.3111780817163836e-09,-9.025875325566842e-09,9.496272476478891e-09,-2.324292458708463e-09,-4.682667254333312e-09,6.906329792843965e-10,-5.796893594165076e-09,3.0411158732216083e-09,-8.045294998929881e-09,-8.186858438849513e-10,9.092224317818726e-09,-6.638328873689583e-09,3.5999978797789805e-10,3.6715053022577837e-09,-4.373818818909934e-09,-7.976285774147508e-10,1.2871103982897733e-09,-2.100021930987882e-09,-5.108381096430796e-09,2.271081740357452e-09,7.013047229536603e-09,-6.052076689016445e-09,-3.7259933720895995e-09,8.972073722081321e-09,-2.9818433082810494e-09,7.621555483762245e-09,-2.1972867587582017e-09,3.2689810952603014e-09,-1.0232550493160636e-09,-3.2515042779729543e-10,-2.146967985917337e-09,-1.9188358905755374e-09,9.625199645195872e-10,5.923919956684016e-09,9.488760889368441e-09,2.2251426905441105e-09,2.31728286946421e-09,-1.782500203550533e-11,-7.513080792350665e-10,3.6989953513330387e-09,2.7367918253632404e-10,1.5532580953733889e-09,2.345416653323315e-10,4.615066784686716e-09,1.020189933088363e-08,-2.8099016831838327e-09,2.2507436323455036e-09,1.0308597424360463e-09,1.3606841472382511e-09,2.618960422585409e-10,7.483162057672574e-11,5.083367293168434e-10,-3.1368806322223693e-09,-4.121971309891096e-08,1.478215902190081e-08,1.5277437179959028e-09,5.582990014338601e-09,4.04846492818625e-09,4.706867864434879e-09,-4.757199406926661e-10,1.0689183190679391e-09,-6.553163600219216e-09,-2.08864450549866e-09,5.103203384894748e-09,-3.88677790398573e-09,1.941033116839324e-09,-2.2916896551904465e-10,-6.850019094960857e-09,2.5307356359485317e-09,-1.9558961914446933e-09,-2.268043773776552e-09,1.3292916328329409e-09,3.876348567731572e-10,-1.8139013067041588e-09,-7.475801681265125e-09,-5.9352942070465905e-09,2.617598222473239e-09,-7.558154629746383e-09,-2.8718087915550934e-09,-8.477472444507516e-10,-2.864956449233967e-09,-1.2667238043613841e-10,-2.6872817534560102e-09,-1.2102215351579018e-09,6.513288086484381e-10,5.576159908275228e-09,4.282866478839349e-09,1.2084025940920531e-08,8.91680119978332e-09,-2.0923695398065294e-09,9.043581583963572e-09,6.160397494434507e-09,3.1020445203154326e-09,5.360695642766293e-09,-5.477067254651001e-11,1.5749847628688094e-09,3.539479359409142e-09,1.8415684983916958e-09
L8treat_p10,-1.0124555148915767e-09,9.072304350221427e-10,3.80834526984792e-09,6.675346909804906e-09,-6.5464577800517685e-09,-6.220016244696855e-09,9.783612134420267e-10,-7.419978989772137e-10,-3.085230059654706e-09,-2.1643123772091536e-09,1.6761688220899313e-09,4.3791814014682157e-10,5.112366558371102e-09,-1.580437097184003e-09,-8.315054896816519e-09,3.0387515375034844e-09,-4.276273114912472e-09,-1.4519073626052246e-09,-2.259825769505812e-09,2.2820520495316973e-09,1.6938777399939018e-09,8.112103091717971e-09,-2.5944159618807573e-09,-4.541101324588688e-09,1.4607186726790457e-09,-3.653158980769564e-09,-2.7364375803536756e-09,-1.1963667927122142e-10,2.2411791027899156e-09,-4.587087441365141e-09,6.524280435514114e-09,-7.611706109203427e-10,-5.1261593405061456e-09,7.743057490763665e-10,-2.945445372793245e-09,-3.3642953966348293e-09,2.2134965447472256e-10,1.0666689238518622e-09,-2.2849361383161654e-09,1.0500908779722274e-08,-6.512676339336875e-10,-2.9044139077740923e-09,3.0201114689627618e-09,-2.8895933259397276e-09,-2.9432718057548263e-09,1.9423229781533954e-09,3.5600463987709953e-09,-3.475724007916703e-09,-9.8840872028828e-10,-3.671868532876084e-10,-1.1121214337430159e-09,6.367455722845478e-10,1.907806428263003e-09,1.3593601049096478e-09,-8.15454964266121e-10,1.4150078292841973e-09,7.490532441007566e-10,2.262595009936219e-10,4.2087064064367156e-09,1.4718214431375e-09,9.85449518740559e-10,1.6360895621621136e-09,1.4010383901457515e-09,8.266278108435028e-10,1.593233292186314e-09,1.9693422546770715e-09,-2.844415767152964e-09,-4.871814841325162e-10,-1.943881753892073e-10,6.996934166742354e-10,-1.152605174995735e-10,3.286890881998815e-09,4.637722986739281e-09,1.02687181150242e-09,-4.2388929631671446e-10,2.863106245841692e-10,7.216214795578374e-09,1.4453358807482334e-10,1.7132267949893027e-09,-3.4047154259975562e-09,-4.331929213289636e-10,1.7671686603886314e-09,2.4855589723883276e-10,6.212721199485376e-10,3.787857829013041e-09,2.8796647576834076e-09,-1.217290449229265e-09,1.9849659231247036e-10,2.7725453649818076e-09,2.1205629821094892e-09,9.670107697838933e-10,4.131216833102111e-10,-1.8430186739632818e-09,-1.0768907388025055e-09,-5.162330570827174e-10,1.0785532547603062e-10,7.466846876318185e-10,5.135527756911584e-09,1.2905485831151185e-09,-6.407112508735427e-10,-3.5756434833641478e-09,4.96962552099216e-10,7.639405528433206e-10,1.4573893379331995e-10,-3.9390456187874363e-10,3.4760975813874987e-09,-1.5717900431459608e-09,1.5893418519970582e-09,-1.043345073498722e-09,3.556150510099219e-10,1.7379800587361697e-09,2.3362502851574265e-09,2.3179113618143836e-09,4.564168205511148e-09,6.161058785934175e-09,-1.945612005878445e-09,-6.886318396318811e-10,-4.7468617157819816e-09,-1.926254914593511e-09,1.5148606138628182e-09,1.1129017726520752e-09,3.5425127023286603e-09,-1.666298208079677e-09,2.2111017898003234e-09,-7.918649906657284e-11,-9.477848427103064e-10,-5.10676880678475e-09,-6.427728409512162e-10,-9.889512401500784e-10,-5.205406158515793e-10,-5.719776224470612e-10,-1.0582755733797466e-08,2.0244088809500426e-09,6.751086984678038e-09,1.4432852883088381e-09,4.8883998299834085e-09,4.372926559252322e-09,7.106970276930594e-10,3.08425159949354e-10,-2.518537874579477e-09,-4.772866026516083e-10,-3.469199895472707e-10,-1.4569330596025284e-09,-1.0007330135574547e-09,-7.592012902773875e-10,5.786380761457301e-10,-1.5738903144916513e-09,-2.2668007548923927e-09,1.8731494118161838e-09,-1.212156340205106e-09,1.312116165352812e-09,2.24423736576181e-09,-3.22250393764633e-10,-3.29757949249077e-09,1.661362020200038e-10,-2.2927088875240643e-10,-8.230177487476413e-10,1.5619490178374005e-09,-4.338437403657081e-10,-3.587245766208766e-09,-1.2671996038434323e-09,2.1488817112718554e-10,-6.464048648680571e-10,6.440677507775044e-10,3.107388807367456e-10,2.0488460529104366e-09,1.9488649743466218e-09,-4.037605032898598e-10,-3.2341235412443346e-11,2.9792764751755716e-10,-9.732340192484635e-10,-6.017050651273854e-10,2.008690261847281e-09,1.104312254984677e-09,6.434154888661697e-10,1.1626170320563647e-09
L8treat_p11,-2.451472881914277e-11,-1.141444225834855e-09,-1.0759411387773289e-08,-1.7120464914140164e-08,2.2397746977170647e-08,4.590268688644436e-09,-2.381679093137294e-09,-1.7906973540634935e-09,-1.791537665031703e-10,-1.536961412448289e-09,1.4896975367263702e-09,-2.4654285832822396e-09,-2.4590493839958954e-08,1.5150435438857137e-08,2.24632304838936e-09,-2.3076481519756003e-09,-5.478786033705248e-09,8.867238747900883e-11,-4.078062149782831e-10,-8.186267022555109e-10,-8.69091437411237e-09,-2.313881223951232e-08,1.7891709200852627e-08,-1.0809113916356493e-08,-3.5715981447499605e-09,-9.077534121456363e-09,-1.7758492588078888e-09,-3.4759411720663935e-09,-4.442127566553e-09,-1.5549828929596016e-09,-2.438352713372485e-08,1.5032923722489665e-08,-1.1871683379167602e-08,-4.491301454108856e-09,-3.0438733229532627e-09,4.818004134606744e-09,-2.503830533436709e-09,-2.1182515269221075e-09,4.800151291402405e-10,-1.5162720737745678e-08,1.5915222737730755e-08,-1.1260588840261577e-08,-1.0693819721327949e-08,-2.2346203899430773e-09,-2.944398619478677e-10,-2.70507412814351e-09,-9.237965573255888e-10,4.242654506560126e-09,3.3474077042191263e-09,1.3045965597732177e-10,2.081133579170908e-09,6.340051937532534e-09,1.5911425145682333e-09,4.341679586419148e-09,-2.1348236786668385e-09,7.582115983412245e-10,-3.213045348288486e-09,1.7339362819834303e-10,-1.0155195044569646e-08,-8.121872841438647e-10,-2.8416508888142745e-10,-1.0861738130934466e-09,-4.757809319341368e-09,3.3963763236830444e-09,7.970879243947e-09,-1.7011859537010847e-10,7.566920161654352e-09,3.990032498217709e-09,8.979515102318879e-10,1.944893711343366e-09,9.077418808732918e-10,-9.33588284594479e-09,-5.092444265202515e-09,4.839555763225295e-09,1.3326369143894903e-09,-4.315190465719279e-09,1.4453358807469877e-10,1.3823467456221158e-08,6.496853688761026e-10,1.1404787264103237e-08,-2.160767387825007e-09,1.9476238910721895e-09,1.4144421580474048e-09,1.821082412213496e-09,-3.049140688075895e-09,-3.961082227207345e-09,3.428292703745995e-09,-2.603414057021595e-09,-5.139857411473552e-09,6.722028932421769e-09,7.366972201477252e-09,-3.989835754090921e-10,4.184812214473666e-09,2.9848150642341183e-09,2.5500618639300263e-09,2.0060818893132983e-09,4.355414583255649e-09,-1.1222949146401444e-08,-2.6362762923604845e-09,4.875075917944237e-09,-4.310523916912456e-10,-2.6760597846833525e-09,5.770674425528655e-09,6.396396729789194e-09,5.616447772456172e-10,1.873160644980811e-09,2.03232578739764e-09,1.0651746901877917e-09,1.5435174604130217e-09,1.9965338127941087e-09,4.699588538390323e-10,-9.75554082851101e-10,-8.17135659331637e-09,-3.097919635048614e-09,-4.2871198970372805e-09,-4.570951100687538e-10,1.0378043306778689e-09,3.2564377728973606e-10,-3.0267933693944736e-09,2.203272990332742e-11,-8.049147236590811e-11,-5.688473971487861e-09,-6.677564189107874e-09,5.0906257150352944e-09,3.9115709225049203e-10,-1.1894508552364188e-09,-1.6753747775780462e-09,-2.552821748726799e-09,1.1677519040242457e-09,-1.7027718145340056e-09,4.0466327547564525e-09,3.209273871368053e-08,-1.1667452873714164e-08,-2.8590742128381573e-09,-4.003099191674061e-09,-4.607939893533767e-09,-4.36724136228651e-09,-4.92500807419568e-09,2.41993409581957e-09,3.4536779495174234e-09,1.20466698604616e-09,1.2655033661142448e-09,4.478062498338514e-09,2.676425082796603e-09,-2.953716582516482e-10,7.128263802624151e-09,-1.1230640612317178e-09,-3.722483430435876e-10,-1.513336209849691e-09,-9.423800001328384e-10,-2.7279485259448084e-09,3.4266184815043613e-09,4.128422932701222e-09,3.79478887580977e-09,1.3525328237208385e-09,6.644066494850189e-09,4.552965039858784e-09,2.416501402006719e-09,4.4298492016669796e-09,1.5020482006131382e-09,1.267119293079036e-09,-1.2660048018235863e-09,-1.7101457448263348e-09,7.688781090343907e-10,-4.284306539001514e-09,-8.422622884983482e-09,-3.4664334088627322e-09,-1.8967504021989565e-09,-7.941823819909037e-09,-8.233991016961992e-09,-2.1105036232700527e-09,-5.068775797649454e-09,-3.154988873855859e-10,-8.292132553092566e-10,5.029733071231157e-10,-7.978725733438838e-10
L8treat_p12,-3.585386668780624e-10,-4.819575503877236e-10,1.4801680020202371e-09,1.3956468000422167e-09,2.414883567157696e-09,-1.6116002086900913e-09,3.7623936391381947e-10,-1.7015252540796996e-09,-3.0700328071241923e-09,-1.9736403205405512e-10,8.31128928413956e-10,1.3627693115042437e-09,1.757469002519721e-09,3.5960405297375075e-09,-2.7521380729127274e-09,-3.3119218231296436e-10,-1.9361513963819817e-09,-2.2461621761965315e-09,-1.06329638138526e-09,-3.7608213154689437e-10,5.236859247200725e-10,6.085936901155081e-10,2.1478823196715256e-09,-2.2921764642454406e-09,-7.448397801115732e-10,-1.6256508067340132e-09,-3.457754869555977e-10,-3.276955313548532e-10,-1.1863142278525689e-09,-9.244985985240208e-10,1.4666520063576836e-09,4.1138917009098076e-09,1.6696754419889697e-10,-7.874471047307744e-10,-9.491790988669797e-11,-2.158895161902629e-09,-3.751573722513291e-10,-1.7547125294990993e-09,3.63031632377424e-10,2.6697481785614874e-09,2.704163377552804e-09,-2.8783292364255014e-09,8.711967174211165e-10,-2.553277866148315e-10,-1.8280926613739705e-09,9.254959763869903e-10,1.8700502700299066e-09,1.3034206868411119e-10,1.0324720836780208e-09,5.045337586286922e-10,-1.5567134654065546e-09,-4.705663130040988e-10,2.1750396288346665e-09,-2.794931705400973e-10,1.4796848413263545e-10,1.5442738456335653e-09,4.969095857972257e-10,-9.738577018808332e-10,7.897446343497644e-10,5.653127046493571e-10,1.6542649088804418e-09,2.107869085426927e-09,-9.298733762039422e-11,-1.1691430489115363e-09,1.9172616868841533e-10,1.7681350296437156e-09,5.157211530980493e-11,-4.3857343753936395e-11,1.5112915129097207e-09,-1.2705111605653964e-10,-8.94981192413824e-10,1.3566117489982724e-09,3.1825430142353856e-09,2.142175810697042e-09,5.250211988710546e-10,1.3111780817162632e-09,1.7132267949891925e-09,6.496853688762302e-10,4.061733839636851e-09,-3.1045035610130675e-10,8.805299642767673e-10,1.5166482511757092e-09,-2.9898191692773306e-11,-1.7012353426285617e-09,5.649305208661499e-10,1.8816463516929906e-09,8.537854417256974e-10,1.2498859661925374e-09,1.9478803564178766e-09,-4.875131997524842e-10,-1.1640032015390009e-09,6.081779803928888e-10,-8.734540306348404e-10,-4.469825491062535e-10,1.757260638912281e-09,8.642047233266269e-10,-4.087763255389678e-10,2.297707409476161e-09,2.8366300938141205e-10,2.730842791503938e-09,-3.307492770932658e-11,1.4017366004633151e-09,-6.615683577273203e-10,-1.3796439165064044e-09,3.433491836738669e-09,2.6012351983690647e-09,-1.3918392752294465e-09,1.2633178676779967e-09,3.2743835491181885e-10,-8.520874634541213e-10,5.212296308488916e-10,4.764376544833167e-10,1.3657444335896532e-09,1.2969156049120288e-09,5.192685206046096e-09,2.8019595330142696e-09,1.0125577033195564e-09,-1.4908487601456158e-09,-1.8745176648082013e-09,6.448367565679385e-10,-3.743164515594189e-11,2.7049742165320066e-09,1.2792999480409293e-09,3.6674914659862346e-09,2.1540100986101167e-09,4.217441068423963e-10,-2.5887814936780595e-09,-3.992053971660887e-10,-3.4642187639556444e-10,1.1847662929943831e-09,-1.4430935076432761e-09,-1.2504467812736055e-09,-2.1603649565106068e-09,1.1813747253505266e-09,-4.882040002537642e-10,5.361994425749296e-10,1.2042733800601887e-09,-7.186069272444133e-10,7.778301245663039e-10,-2.2022290601822558e-10,-2.2205158122660657e-10,-2.354488834310534e-10,-1.935453001813172e-09,-1.072022385947151e-09,1.9438297395716668e-10,1.2072456077122031e-09,-1.0776641804696671e-09,-6.396049107661002e-10,7.53155160511049e-10,-1.5072821600544021e-09,-1.6556691764662714e-10,1.3928394249402217e-09,8.000247384610521e-10,-8.323616649205117e-10,-3.1057037221936745e-10,-1.5450595148767648e-09,2.1866385144636243e-10,2.383863591111984e-09,-3.777870665222955e-10,-3.865389686389863e-10,1.1493299591508622e-10,1.9763321874491735e-10,-2.2467717484448142e-09,2.4794581133788555e-10,-1.1649049475980765e-09,-1.0629767958442748e-09,-8.097511830743757e-10,-1.4328240405148056e-09,-1.0865258832241054e-10,-5.642795456086177e-10,-2.4374013070286636e-09,-1.14975569068467e-09,2.1869658175040418e-10,-5.903784010128081e-10,-6.72310041036599e-11,1.1340575778260052e-09
L8treat_p13,-9.956496762858414e-10,-2.3395530436878604e-09,-2.253829440937056e-08,-4.3923368713250896e-08,5.5285455607976266e-08,1.6437363749854538e-08,-3.7208110604814794e-09,-3.855941331193397e-09,8.317347413199461e-10,-2.4013256080979434e-09,1.5440754911304772e-09,-4.167993815095575e-09,-5.4138034369366705e-08,3.426847094570563e-08,1.5315119432646536e-08,3.562504804950111e-09,-8.449515517753148e-09,9.197919610382583e-11,-2.7562338789086287e-09,-3.061988344271158e-09,-1.7979226755267192e-08,-5.103292204873859e-08,3.700652546480216e-08,-6.026003149195242e-09,4.841019468407368e-09,-1.4492694722446919e-08,-9.096926412090076e-10,-8.941236752918423e-09,-1.2088061124206559e-08,-3.1226007585325378e-09,-5.965883206266776e-08,3.226259692066881e-08,-1.0528016932425667e-08,-4.297374559791213e-09,-2.5789849851433156e-10,9.193213637040344e-09,-5.5404572634286516e-09,-1.0855477332380061e-08,-1.8223645227708597e-10,-4.178632433801893e-08,2.8620963512572168e-08,-1.5388553575194418e-08,-1.2974746919503604e-08,-3.0362707475854206e-09,4.6666334049507325e-09,3.949220602999926e-09,-6.0693566184788765e-09,1.2543265657983186e-08,1.0355423691391998e-08,-1.9489955431087013e-09,2.9104101163533683e-09,-4.5818434959273024e-10,-3.6433746863419034e-09,2.6343988504809372e-09,-3.735944165556429e-09,-1.96851817103148e-09,-3.196418867850202e-09,9.277867404043379e-10,-9.971257250038153e-09,-4.200871254160043e-09,5.649653829487386e-10,3.838794586552827e-09,-1.1555499173753488e-08,3.867520385513445e-09,2.9991720595210217e-09,-5.266131686893668e-09,1.5737355010903896e-08,2.912249720154181e-09,-8.752336074042379e-10,4.307760960913427e-09,1.4006339293383598e-09,-5.066547823554267e-09,-1.4510465459483251e-08,9.25846548434436e-09,7.193584137702996e-09,-9.025875325566875e-09,-3.4047154259975492e-09,1.1404787264103209e-08,-3.104503561013166e-10,2.1222451609921153e-08,-7.591088497985913e-09,1.9157804947297498e-09,2.9972346633588683e-09,4.9683148170850244e-11,2.334670065414331e-09,-6.080221978999775e-09,1.2738511398164738e-08,2.853956905296107e-09,-9.26892831706757e-09,8.914251888775174e-09,3.308641182201686e-10,-2.3099645901423443e-09,1.0170175681953162e-08,3.888821142506426e-09,1.056758284181221e-09,5.466826599784782e-09,8.215585263633056e-09,-5.885516503099511e-09,-8.162794224548878e-09,1.4088370447930095e-08,8.063366633190966e-09,-3.5864626749589967e-09,7.42365367174792e-09,-5.725280864489637e-09,5.417838588205085e-09,-3.0610568358128773e-09,3.897341939165137e-09,-1.0580836110530126e-09,5.642587439768407e-09,3.5160077689889842e-09,-3.487801042960534e-09,-8.079140120562356e-09,-1.2632027381736637e-08,-1.7976926346243146e-08,-8.45966012749949e-09,2.3350259715055994e-09,1.7436321406922153e-09,-4.4682037467589785e-09,-8.445213694515373e-10,-3.407637232482544e-09,-1.253968613876648e-09,-8.993441551812516e-09,-1.6526179684095624e-08,3.6456692911268316e-09,2.8072510596786944e-10,6.317274936133976e-10,-1.0051053071992366e-09,-1.150659314976485e-09,2.5230612312136622e-09,-1.9325890017463654e-10,1.689191231638636e-09,7.347267000779734e-08,-2.006322168291288e-08,-9.401264399167354e-09,-1.0908843817815502e-08,-7.414495478654437e-09,-1.20803847022665e-08,-2.6771375313999607e-09,-1.4447572944127747e-09,1.0595765594183406e-08,2.870661206180066e-09,-4.147047048470313e-10,7.017790981655378e-09,-1.8339185544667097e-09,-2.8244306350559686e-10,1.01086489374156e-08,-1.1984285561802964e-09,3.5276814504716518e-09,1.5159742712177268e-09,3.363528766224497e-10,-2.4746608770603333e-09,2.1616260372576608e-09,8.001326075680756e-09,1.1373494087555537e-08,5.698701402780851e-10,1.0864725010054231e-08,2.158793722894059e-09,1.730884373436701e-09,6.397283109203505e-09,4.9123617242990284e-09,4.604376228959975e-09,2.255409686727833e-09,-2.2087317941531754e-09,-6.617752815494849e-09,-5.369818726784432e-09,-1.7383194094429698e-08,-1.2527881003986407e-08,-2.0979359565914407e-09,-1.1894550000885788e-08,-7.890308306211248e-09,-2.8316413497646973e-09,-8.199820760418506e-09,-2.3973615945434454e-09,-2.772035734468812e-09,-4.301040704717279e-09,-3.1756501918477334e-09
L8treat_p14,5.035899849349749e-10,5.468399507476535e-10,1.507128715412912e-08,2.0066159439793946e-08,-3.843063899936721e-08,-6.893978345494279e-09,6.246608570873429e-10,1.6145255504213913e-09,5.488099983726823e-10,1.2868790101900738e-09,-9.093174152339115e-10,6.117678745770904e-09,3.0099840511406703e-08,-2.6669621879601495e-08,-5.275723514108031e-09,-7.474424164881954e-09,3.653821160657718e-09,3.0468040163292313e-09,1.010317719975061e-09,-6.560840916407852e-10,1.1106361918097835e-08,2.5367374085740816e-08,-2.8943411868086254e-08,4.20944188103011e-09,-7.183397485486204e-09,8.544106783701847e-09,4.984194466558729e-09,3.12485199916828e-09,5.255512146039884e-09,9.064702187505794e-09,3.538496969650646e-08,-2.536573035344787e-08,8.787376533898881e-09,1.8194535514769118e-10,-1.4703113842209233e-10,2.9194426767301476e-10,-2.1874065574750514e-10,5.241782376691244e-09,3.2036251228133474e-09,1.7417819166145985e-08,-1.7596050081345587e-08,9.688627831390762e-09,5.779013251260535e-09,4.321878973415388e-09,5.390472968183983e-10,-9.350053258957179e-09,9.851782414061666e-10,-2.9791380101976124e-09,-6.801107479645169e-09,4.933252060879609e-09,-4.296787226804041e-10,1.947446680224789e-09,2.943501040013306e-09,-1.7399378795543647e-09,6.4657129831532866e-09,2.364918186021714e-09,-1.980483729849164e-09,-2.8634371085135825e-11,1.3834855167235155e-09,1.40663196836259e-09,1.3464754282756463e-09,-5.759187474046931e-09,7.0766614280946095e-09,-2.5699859318996075e-09,-2.6225847662338436e-10,4.429024958320227e-09,-6.4972066721133865e-09,3.9606714439338215e-09,1.859649365625368e-09,-5.491642953141157e-09,4.2887501533749485e-10,-1.9530053153497295e-09,9.546666120264657e-09,-3.949426556270418e-09,-3.1948205872579797e-09,9.49627247647877e-09,-4.3319292132888216e-10,-2.160767387825116e-09,8.805299642767843e-10,-7.591088497985918e-09,1.1516047249519052e-08,-1.7815730974370436e-09,-5.0531450807392936e-09,1.2650388797878267e-09,-6.160048537848006e-09,1.8623525475957155e-09,-8.024359600447318e-09,-1.0373770020809239e-09,5.163238758259183e-09,-5.711782655594459e-09,3.05650097323057e-09,3.878132881197488e-09,-5.622218334675676e-09,2.3568401915531343e-09,1.70819321334089e-09,-4.714913181675508e-09,-4.684570682631094e-09,-3.1832484702586223e-09,7.256851020522702e-09,-5.860382048303925e-09,-3.975325194681419e-09,5.198472790833978e-09,-1.986372856817593e-09,7.807490367055458e-09,-1.1164363358085904e-09,3.4651382388821803e-09,1.261193334856466e-09,2.55496960798744e-10,-4.218991993728401e-09,-2.1402652576927448e-09,-2.2187068907133464e-11,4.9043503060500234e-09,6.835710160372131e-09,6.934039312345044e-09,1.1318009453644402e-09,3.8656046104719917e-10,-1.1104283543753877e-09,5.068359147386379e-09,3.198460392552184e-10,1.256566721563326e-09,2.0777984458882094e-10,3.6011577706542752e-09,1.0326336659251492e-08,1.8164563531022836e-09,1.383953004875867e-09,-1.0995186316427789e-09,2.167008509978817e-09,6.570333338888361e-10,1.5077575381298093e-09,3.4779935690573376e-10,-1.1068552439711952e-09,-4.0054560590708504e-08,9.042519291005348e-09,6.817193240765268e-10,6.072884454201481e-09,2.654683304196569e-09,3.969173899831483e-09,-3.1595228247570773e-09,1.3591576254955819e-09,-5.140035516580742e-09,-1.2715204647372027e-09,1.8188531642267014e-09,-3.219659640438181e-09,2.6716161417521047e-09,1.2237884541263106e-09,-4.579187211717066e-09,4.2337741373075455e-09,-7.058328181133709e-10,-4.184530760824177e-09,4.217483894504607e-10,-1.328369830794041e-09,-9.27492531435004e-11,-4.0353127742605215e-09,-4.786196087391237e-09,3.3339728191076006e-10,-6.523767796648957e-09,-5.80180133123615e-10,1.1096073709214779e-09,-2.207869305420161e-09,5.597389191231415e-10,-3.4389632541940213e-09,-3.5075480395705567e-09,2.2132136361505307e-10,6.6859909915183596e-09,2.6353293628189565e-09,8.855370713758791e-09,7.988415217640168e-09,1.0968978187088131e-10,7.108011365782244e-09,3.431512121063737e-09,1.2783259584217974e-09,4.400965721249983e-09,-1.8319049650952469e-09,1.5885720438077196e-09,5.303189818498343e-09,2.0460831793075106e-09
L8treat_p15,-9.124399663875049e-11,1.7352097571001442e-10,-4.732753089073346e-09,1.5411506551417077e-09,7.851138277773686e-09,-1.7268504210466218e-09,8.024848824550687e-10,-7.708595355518879e-11,-3.919835988612368e-09,-3.666899090957015e-11,1.916545813712908e-09,-3.3222467753532198e-09,-5.165514730308653e-10,5.914781484627947e-09,-6.174669529385107e-09,2.6415899987436075e-09,-2.6687951476333137e-09,-3.409459453210537e-09,-3.255357448977348e-10,7.098695006820425e-10,-2.672659501851952e-09,2.6302090384750417e-09,6.829011447804331e-09,-8.529072802977628e-09,1.4343872978364545e-09,-2.2068713285753694e-09,-2.4748399572914537e-09,-3.980237775765156e-10,-1.1841826593850514e-09,-3.987394457300075e-09,-1.8207984342073657e-09,4.797542772311873e-09,-6.472275553395448e-09,8.904131036810246e-10,-4.72835103596047e-10,-1.7741469000295266e-09,-2.949794169027962e-10,-1.2326431167440238e-09,-2.5828160912617848e-09,2.723004373354424e-09,3.246444266226148e-09,-5.83062383510659e-09,1.958465046351243e-09,-9.711639252421453e-10,-9.797407971646662e-10,1.1877029203199362e-09,4.21003372515885e-10,-5.726673681575852e-11,2.5514876369290453e-09,-5.293844951453099e-10,-1.7186152587302089e-09,-8.516977774433978e-11,3.140851769277238e-10,1.014804936142065e-09,-2.3442045384278413e-09,4.4617203509932966e-09,1.799797406025304e-09,-6.306153425305747e-10,-1.8055980004076551e-09,-1.1603941198501977e-09,4.4125692566137643e-10,3.636871271888438e-09,3.087860239605708e-11,-4.5824940292692184e-10,2.0014027919834935e-09,9.707116304970283e-10,1.105150840629659e-09,-1.7319878355365166e-10,1.8239246311546668e-09,2.673174836928588e-09,-8.348840461958738e-10,-7.158100917556195e-10,-1.6829612594632305e-09,9.89534569784623e-10,1.0250791429117076e-09,-2.3242924587084868e-09,1.767168660388699e-09,1.947623891072186e-09,1.5166482511757113e-09,1.9157804947297353e-09,-1.7815730974369726e-09,5.783701173012155e-09,2.0803868060830162e-09,-1.951570556202442e-09,3.2695821719609724e-09,-7.005097644631402e-10,1.3369127833479528e-09,1.8986368524865734e-09,1.827487653989398e-10,2.586901031432537e-09,3.208023550350666e-10,-1.6940765250880324e-10,1.0326127168261466e-09,1.6066966083326691e-10,4.0481423627040565e-09,2.4655464890855294e-09,-3.669732201522168e-10,2.3535257356148756e-09,-2.2438222648823305e-09,2.3836148753341583e-09,9.222506259913189e-10,-1.5364823992419872e-09,8.496504900340291e-10,-1.6193717773683417e-09,2.288140112333242e-09,2.056920234126426e-09,4.907657728646598e-10,3.885551820462139e-09,1.7406460084719989e-09,-1.3943800891414412e-09,1.3900276268468053e-09,-1.0346932583443483e-10,-2.057196443189816e-09,3.483742639088206e-09,-1.6561181925530755e-09,-1.4331378049916142e-09,5.499480588136402e-10,-2.56426426054199e-09,-1.9025884555007305e-09,1.167033390005693e-09,2.1036806799811e-10,-1.8608192927731848e-09,-9.373376155535418e-11,4.92949928467678e-10,-4.164930307928642e-10,1.9378094201823096e-09,-3.936335501510258e-09,-7.447702593110572e-10,-7.963228840545724e-10,-8.745449464072088e-11,5.89198333423404e-10,3.593638714394641e-09,-1.4078307899362815e-09,4.378715077834723e-09,-1.6991579153983694e-09,7.027037780325227e-10,1.9304478767597745e-09,-1.1092711302378795e-10,-1.9142031769287475e-10,4.3618512788005266e-10,9.605271736082253e-10,6.610643538849169e-10,-2.964788717163714e-10,-1.0162963064202965e-09,-3.7777051964187615e-10,2.2602897290091986e-09,-1.1595246762671247e-09,2.816951788397627e-09,2.233761189828564e-09,-6.98828514867873e-10,-1.07341544735004e-09,1.2709566816249837e-09,2.3643653573704745e-09,1.0929490055546737e-09,2.4131660539376617e-10,-1.7813295964697065e-10,1.988855788123238e-09,2.009572831458464e-09,-8.290028612255102e-10,-8.503431185207961e-10,2.8703931958230574e-09,5.187659399345596e-10,-1.134348651368166e-09,-3.412064263843818e-10,-9.300736388045058e-10,-2.796765996664247e-09,-2.930810756704948e-09,-2.0375296415874065e-09,-3.0464599869729565e-09,-2.7059479913900713e-09,-2.4889629152767456e-09,-2.127259778455721e-09,4.969609520140652e-10,-2.9399993462389243e-09,-1.5150923031117924e-09,9.310842671835704e-10
L8treat_p16,-9.705357697634225e-11,-6.178604709007098e-10,-5.408805467678566e-09,-9.319595160881468e-09,1.5219145770838858e-08,-1.1541235958111325e-10,1.1099602987139193e-09,1.0634826503377798e-09,-6.619200963938599e-10,-1.7995522120754093e-10,1.0702573718689896e-09,2.5267408687446134e-10,-1.3757372327043686e-08,1.1926128847119454e-08,-2.2892497834639727e-09,3.6214367022843362e-09,-2.9732948931941127e-09,-2.4354708394396754e-09,7.372897092581267e-10,4.264852839556843e-11,-2.3958018047074635e-09,-1.2178206605416155e-08,1.0068225944898204e-08,-8.638925980124322e-09,8.833749526417309e-10,-5.383310751331734e-09,-4.092636843718398e-09,-1.135501530670883e-09,-3.1252753947745507e-09,-2.1421188398529325e-09,-1.8421269640197173e-08,1.0379196604118778e-08,-6.877757749367402e-09,-1.0607442924685181e-10,4.936314568519972e-10,2.495255137231946e-10,4.5558271059350025e-10,-2.3394639015734747e-09,-1.9494214054373445e-10,-4.686050593992292e-09,5.123291257525969e-09,-8.335555689055423e-09,-2.8887584754145624e-09,-3.149555434620476e-09,-7.76117558018341e-10,4.015679410166201e-09,8.72912104493421e-10,1.6681836332650117e-09,3.1674769645089495e-09,-2.1372197683818927e-09,1.0282806615881575e-10,-8.95152184041949e-10,3.9877988321381007e-10,6.377075442889664e-10,-3.5397529185768516e-09,-1.1074681845696783e-09,2.329089936274965e-09,-1.1595030456088577e-11,-1.631848471980879e-09,-1.4276133352995722e-09,-3.439996778866965e-09,1.8158584112537177e-09,-1.971504867719665e-09,2.829525676113615e-09,2.8182379221569154e-09,-2.849747820033552e-09,3.131059646671828e-09,-1.0771003993651908e-09,6.407650636228514e-11,4.208031483077968e-09,-1.2390419489943532e-09,-1.506365700471095e-11,-3.822310725046101e-09,2.9050547060977677e-09,-3.5185158931232586e-10,-4.682667254333355e-09,2.4855589723884754e-10,1.414442158047344e-09,-2.989819169280824e-11,2.997234663358861e-09,-5.0531450807392696e-09,2.0803868060830357e-09,6.6253664037451875e-09,-9.752772375829378e-10,1.8548396918270418e-09,-4.1384945086368865e-10,3.4899344235274964e-09,-3.96265264338341e-09,-2.9811230635035277e-09,3.5088651428061238e-09,3.958948209836822e-11,-3.5978997671968844e-09,4.751623807407534e-09,1.0614678141121547e-10,1.0822927460292512e-10,5.10600477733169e-09,5.817874144151086e-10,-1.6993505826364643e-09,-2.4049655883766777e-09,2.3072866294056173e-09,-1.6157867448551885e-11,-2.3798653167749603e-09,1.7412198894643634e-09,-1.5915587146732175e-09,1.2458010843987701e-09,-1.8574298365920405e-09,-7.735282264139322e-10,2.062398235550227e-09,4.153326438696667e-09,-8.825700371668857e-10,1.0836306870085241e-09,-1.7836222340674554e-09,-3.877819831485889e-09,-2.6531999854237934e-11,-2.784948152947672e-09,1.1129857524424712e-09,1.7175166931162202e-09,-1.667164885147759e-09,-6.926380977681562e-10,-3.8426107273325036e-11,6.458060598222888e-11,-9.186737518330847e-10,-5.848430794656372e-09,-1.1608331189951588e-09,3.5415029084550847e-10,-2.3431677978180134e-10,-1.2781895409842694e-09,-1.1220302915508048e-09,-7.194632763484025e-10,6.933981772119372e-10,5.986671828441336e-10,1.8083134563738848e-08,-3.6945574694479994e-09,3.496745887013012e-10,-3.8706430300869e-09,-2.3616041027535265e-09,-1.0206020556248722e-09,3.138403429427244e-09,-6.190942758531452e-10,7.456489275037511e-10,-3.449824062747936e-10,-1.9783463279614736e-09,2.8791285328027787e-09,-5.811263087766584e-10,-5.51253993826892e-10,1.4911713891170791e-09,-1.7804801566735014e-09,-4.1585150470069535e-10,3.4748145081139752e-09,-3.3408369198907924e-10,3.413913390927316e-09,1.1279392290546947e-09,4.477479472582566e-09,5.396756450209061e-10,6.803109033028546e-10,5.068208348765854e-09,-4.829979975288199e-10,4.464590000159401e-10,3.819478449927892e-10,-6.794702880348593e-10,1.7067310026068209e-09,2.420451832499668e-09,-5.0014361500339704e-11,-4.040189233697109e-09,-2.992729429650736e-09,-5.627791561959259e-09,-3.2915128964500415e-09,-1.1872244073331833e-09,-5.3766799296568276e-09,-2.4444589269846815e-09,-1.255630780313478e-09,-1.808623987650427e-09,1.4139286035207105e-09,-6.854735643538977e-10,-2.9632404850784244e-09,1.799318864832692e-09
L8treat_p17,-1.29209558876883e-10,2.1652003177838705e-10,1.3180898746920253e-09,-9.099634592596308e-10,-6.432657894256324e-09,-8.194275843598329e-10,-2.049356162100314e-09,1.564450565663981e-10,2.542630944590338e-09,-1.019101093818479e-09,-5.872422659708297e-10,4.542874855426398e-10,-5.013799065288907e-10,-5.302384559831841e-09,7.921213936642111e-10,-3.105185250324472e-09,-2.1754284448328334e-10,3.1197097518812805e-09,-7.671442532647363e-10,2.7667640882677614e-10,1.7054539158430108e-11,1.039008213907622e-10,-6.724025891381151e-09,-2.1361587487359155e-11,-2.256297573205614e-09,-1.322596045147827e-09,1.1354775463398192e-09,-8.202344224268445e-10,1.1500998906831225e-09,6.311617664684387e-10,3.071099766946878e-09,-8.672549202302215e-09,-2.5282985812325234e-09,-2.2369553147355773e-09,-1.6344417477506467e-09,2.676617728770214e-09,-1.0268762471655065e-09,1.1518084549572199e-09,-8.506327970500541e-10,-5.85865316896773e-10,-5.380360961579401e-09,-7.480876831251347e-10,-2.6539481820709464e-09,-6.780035723525943e-10,1.2044463177550157e-09,-2.3363289183262497e-09,-1.5096492589328248e-10,-2.805470681975041e-10,-2.1488302566777807e-09,3.089297410041261e-10,1.9786280870007918e-09,2.601142938478891e-09,1.829490856847104e-10,6.76224066517099e-10,1.1171942760511229e-09,-7.977752301793835e-10,-1.4543652844977806e-09,1.3476964935268641e-09,-1.1294822050345599e-10,-3.598798049096098e-11,-3.38046535620254e-10,-2.717163833656281e-09,2.6239932955555214e-10,1.937794407684783e-09,1.144523751676523e-09,3.733103670388503e-10,-1.2816425178317189e-09,1.6160359112774205e-09,-8.49714372912199e-10,-1.0749720570677737e-09,2.210963369484319e-09,-2.936382245104862e-09,2.9196590150251254e-10,-6.591711533216435e-10,-7.25086510029668e-10,6.90632979284422e-10,6.212721199485514e-10,1.8210824122134936e-09,-1.7012353426285624e-09,4.968314817084498e-11,1.265038879787821e-09,-1.9515705562024694e-09,-9.75277237582913e-10,4.434268592691075e-09,-1.4148148460942952e-09,-2.1673467696404556e-11,-2.3891389866117377e-09,-8.742300855821667e-10,-4.3005069497549144e-10,1.0415614537926993e-09,3.1419559185373923e-09,3.1276180360031217e-10,-1.0073188217908728e-09,1.2211441526235002e-09,-1.4522227292682021e-09,-1.1436610665751335e-09,3.3534155054632876e-09,-4.211421394881929e-09,1.7885429409541052e-09,-2.2258998597666165e-09,-7.898104591086088e-10,5.044243812644779e-10,1.7975418494028655e-09,4.486744514235254e-09,-2.3390983509631995e-09,-3.852144281608973e-10,1.364651068554443e-09,-9.60166429220442e-10,-1.5148563280626111e-09,3.767796305924653e-09,-8.502206291293746e-10,2.3019890763659247e-10,-1.426254323736626e-09,1.230940408851527e-10,-3.1986423465217535e-09,-1.793835302902479e-09,-1.5762330264198268e-09,1.2048169151131833e-09,4.08885923518455e-10,-4.2942854119507725e-10,3.6970783326988276e-10,-6.347411796679403e-10,-1.1580976455254221e-09,-6.105100941564369e-10,-1.4479002300270562e-09,-2.082844441230786e-09,1.2494624187830667e-09,-7.203161177719876e-10,8.710656129683318e-10,-1.2087363505563205e-09,9.848741604725874e-10,-2.822799480089851e-09,2.816010704016052e-09,-1.7193400271042977e-10,2.2739322232490573e-09,7.051779311235536e-10,-8.290837529118346e-10,-1.0227763836646205e-09,-2.1267383617902013e-10,-1.1201065722934908e-09,-2.9564840892170256e-10,3.7877836422937886e-10,1.9668089811621583e-09,1.1514704612760133e-09,5.073081742268911e-10,-1.2132706364616788e-10,1.6491271191025606e-09,-5.474232152068043e-10,-2.0754327613717455e-09,1.1703545882833216e-09,-5.346128852308526e-10,-2.832612288916045e-10,-9.258341393100491e-10,-8.73910681908029e-10,6.545620855168631e-10,1.9639549947502114e-09,3.281263450259949e-10,-1.3675299866872005e-09,1.1443196824162188e-09,-5.92481088144084e-10,-1.4812574963889531e-09,-1.1258764321368851e-09,1.7254772833209008e-09,1.7408305938277818e-09,3.1621313814659375e-10,1.8618572128348245e-09,2.3390008621749953e-09,1.4020300209520504e-09,1.759653317348262e-10,-2.5437853359980146e-12,1.8761017007051457e-09,8.47637681220773e-10,-5.800498679612083e-11,1.6350040312079223e-09,1.5636790957510557e-09,-1.5513138066582938e-09
L12treat_p5,-3.128055054240275e-09,-5.500290251039444e-11,-7.594351045662172e-09,-9.964236651675397e-09,1.9783414818552396e-08,1.490608577737579e-09,-2.99506017663637e-09,-1.2624376251166526e-09,-2.254215635444055e-09,-3.4987028011940828e-09,3.310265891855182e-09,-2.1660815712578904e-09,-1.8150487689392678e-08,1.4881901197625018e-08,-4.630240648822702e-10,6.095909798828735e-09,-4.8480190248437155e-09,-1.4542890684954815e-09,-5.50194807365329e-09,1.4633160369143165e-09,-6.044786694095891e-09,-8.447355958199202e-09,1.4014370891429386e-08,-4.4125744429331425e-09,8.426062577032492e-09,-5.83616396103428e-09,-1.890183230100423e-09,-5.214640848865916e-09,-3.4589019513842966e-09,-8.627166477851758e-09,-1.6807820285347853e-08,9.547992359860248e-09,-7.325509781328064e-09,5.574014360553014e-10,1.0574093436531234e-09,7.165035044084905e-10,-2.32640619953575e-09,-6.0711589005131825e-09,-4.5686000831656166e-09,-5.440375883045896e-09,7.518073580178758e-09,-9.83934790544132e-09,8.448171349430436e-10,-2.9585289496475443e-09,2.074818115007007e-09,1.0992334866791638e-08,-2.875872564468245e-10,2.5710550686695683e-09,5.016884355662417e-09,-2.965688500296301e-09,-1.714169014933785e-09,-5.757854802243183e-09,-2.2381747279031026e-09,-1.7067818893704071e-09,-2.744385525726251e-09,1.4497073561397213e-10,1.0505593839123865e-09,8.879190801387128e-10,7.63202918911526e-09,-2.7696016091761653e-09,2.425095315003033e-09,8.626136694472221e-09,-3.717700980949459e-09,-2.0191465227116015e-10,-3.530662195496993e-09,-1.3265210466740464e-09,2.41051757244508e-09,-1.5511693090506487e-09,-1.4506278353676977e-09,2.642226793320527e-09,2.8894991007373626e-10,8.981318656733149e-09,-5.166188701483098e-09,4.788088026574752e-09,5.482348244922483e-09,-5.79689359416504e-09,3.787857829013084e-09,-3.0491406880759155e-09,5.649305208661474e-10,2.3346700654142363e-09,-6.160048537847939e-09,3.269582171960973e-09,1.8548396918270332e-09,-1.4148148460943088e-09,1.3244091527378977e-08,1.1176590867310307e-09,6.245715445177987e-09,7.159722989099451e-09,-7.986515297640599e-10,3.444745502279251e-09,-4.193603174434222e-09,-1.9853868903606982e-09,1.6161269114270815e-09,1.8033631154909585e-10,-1.0514575480148698e-09,3.2073405016508544e-09,3.395853789377614e-09,1.3013279711908895e-08,-4.161876663083176e-09,7.030641931652288e-09,4.3057689522499815e-09,-5.329768371436637e-10,9.111237073705697e-10,-1.1954112185359577e-08,3.6350729447104352e-09,-1.3053994360675919e-09,1.2013907009673771e-09,1.6039834242368574e-09,1.727518901650981e-09,1.05537787477745e-09,-9.416808151197048e-10,-2.4281455347704216e-09,-1.4344713323007996e-09,-4.321956822481948e-09,4.863301211008815e-10,-8.889716025686258e-10,-1.3931100858384348e-09,-8.048151424050133e-09,9.204130741195901e-10,-1.2450885901146996e-09,1.3204100397150811e-09,7.337282259759992e-10,-1.0271150311932313e-08,-1.1405331170826866e-10,-1.1357800858152753e-09,-5.34321327238827e-10,-4.521845559969248e-09,6.60064131357583e-10,-1.7139306609765905e-10,-1.2371842950515372e-10,-1.6301624662985418e-09,2.0062956200301463e-08,-1.5529119763218325e-09,5.760544733190431e-09,-1.1793902737800375e-09,2.5329352463875566e-09,-1.0305692785627083e-09,4.943285896283274e-09,-4.8280101045816e-09,2.9539334906160212e-09,1.2184959154684059e-09,-3.257605941555191e-09,-2.8927783015034003e-10,-5.574192883053653e-09,-1.5682342554338799e-10,2.9780154296830076e-09,-2.1713712151891082e-09,1.1652361740257237e-09,3.937703777790986e-09,-5.152623229831346e-10,7.64651196187326e-10,-1.531363813743218e-10,4.4916315684956756e-09,3.223878337235904e-09,-1.1498425803077972e-09,1.596327878491789e-09,-2.988516355601574e-09,6.991624079225595e-10,-9.99855382236327e-10,-1.46834649677408e-09,1.9639304064399518e-09,3.1415922198765744e-09,-3.652842238198283e-10,-7.331196806427794e-09,-2.4760200359685564e-10,-5.901608997129785e-09,-6.955972375686651e-09,-5.205267968274461e-10,-3.471092071217437e-09,-2.9950057778092567e-10,-2.650825618044279e-09,-2.9634170032713864e-09,-2.7168092572287414e-10,-1.3062780804984258e-09,-3.897988594040542e-09,-2.1099847035424238e-09
L12treat_p6,-9.118412868272258e-10,-8.402297495140737e-11,8.76831949740127e-09,8.659077461675021e-09,-1.683144758164145e-08,-7.280244501171694e-09,-7.1608120380878e-10,1.4597257744585023e-09,-2.5091081848970565e-09,-7.613490352457492e-10,7.007781408217926e-10,3.946012584695746e-09,1.434552252232292e-08,-9.281274645980309e-09,-7.110633144643761e-09,-5.863139394948409e-10,3.200713255808256e-10,1.2332267422309268e-10,-1.0059572558207135e-09,1.011334064154179e-09,7.404039782674987e-09,1.4500090957709624e-08,-1.4617292239710106e-08,3.58607167935774e-11,-2.08444507431221e-09,1.4491455226796239e-09,-2.2336171722355504e-10,1.8070584437458819e-09,2.798003343610014e-09,1.9103369198486414e-09,1.6140110862654564e-08,-7.822905092728587e-09,1.7465013412849576e-09,-8.057859754793059e-10,1.0188885275721278e-09,-3.996333397005075e-09,6.583577316255529e-10,2.3549363062641033e-09,1.8482756623075465e-09,1.3803925345705704e-08,-6.407512060994971e-09,-2.2121219934061767e-09,4.285462184582603e-09,-6.402180808849111e-10,-3.273894959613821e-09,9.189915276822111e-10,4.13974657000562e-09,-2.869463199299598e-09,-2.1714915930202322e-09,1.8011438673426228e-09,-8.527931327029602e-10,-6.11798047509571e-10,1.7928781533266623e-09,-1.523619047360245e-09,1.7398989791225272e-09,1.3284046646138695e-09,1.863604841055425e-09,5.206499736408216e-10,6.208374722772697e-09,1.97970527096536e-09,1.0381771397038054e-10,1.6056596043428193e-09,3.750360904435118e-09,-1.3394514125399053e-09,-1.1206168001116523e-11,7.053552768642285e-10,-5.0992358968884425e-09,-8.727321200337875e-10,7.760926595810735e-10,-1.0243896187403768e-09,-4.040355998861153e-10,4.8393005742842834e-09,8.386223161864522e-09,-4.830750704774883e-10,-7.947018426297262e-10,3.041115873221663e-09,2.8796647576833583e-09,-3.961082227207593e-09,1.8816463516930845e-09,-6.080221978999854e-09,1.8623525475957916e-09,-7.005097644631585e-10,-4.138494508637127e-10,-2.1673467696380057e-11,1.1176590867308241e-09,7.300759260546266e-09,-2.2189978115029883e-09,9.723113376206657e-10,3.29248101101864e-09,-1.1685147960982e-09,-1.0801784718356686e-09,-5.177390455080231e-10,-3.101229246302045e-09,-1.274131203597933e-09,2.5332604434990997e-10,1.348303781173585e-10,-2.854699892893396e-09,6.378819040074869e-09,4.637949665286462e-09,-1.480177402485236e-09,-2.5221780072687564e-09,3.843397851718586e-09,-1.8674427828035933e-09,-1.434187706041348e-09,1.080594660300266e-09,2.1580512546136768e-09,-2.2738317935334402e-09,1.2338516998417742e-09,-1.8830095346196444e-09,-1.2310076672284309e-09,7.539825247899179e-10,2.5922697905611737e-09,6.084955183365183e-09,5.530839111265546e-09,3.905833048591075e-09,9.153782405300422e-10,5.69674378089176e-10,-1.20253330203114e-09,6.3239001617199495e-12,1.5223729104995337e-09,1.1466536267238362e-09,6.206333364074042e-09,1.8957709640868683e-09,-2.073308340078905e-09,1.130596677354107e-09,-3.2155796731533996e-10,-4.6798362307592675e-11,6.660539088606194e-10,-6.59801723922349e-11,2.8553124927415235e-10,-2.045575447892085e-09,-1.93184705140781e-08,6.707204661601618e-09,5.771278956766558e-09,3.7077752845342206e-09,3.391056569607943e-09,3.983231761938811e-09,2.6391826770704323e-09,6.044167450231693e-10,-4.422628657183134e-09,-2.198692051257294e-09,3.582438160303887e-11,-2.070349268451078e-09,-1.0113167047997463e-09,-9.890696278542478e-10,-3.3218507974724304e-09,-3.42520728674713e-11,-1.5877760914410893e-09,1.0345871599862409e-09,-9.95143372117837e-10,2.862478896565161e-09,7.981953677460067e-10,-1.4628096103095345e-09,-4.449219805680366e-09,8.745959521470622e-10,-2.3408257188771863e-09,-1.8256834360272917e-09,6.09148155725125e-10,-1.6218345493503367e-09,-2.1677007633802537e-09,-2.3422279523480943e-09,-4.2542844730328653e-10,-7.83382177912504e-10,-4.808250653872911e-10,-7.720035580780803e-10,3.6879407382473337e-09,2.4138713777133494e-09,-1.3820234215804424e-09,1.9530468248891775e-09,1.7679366311897757e-09,-3.7358584310899724e-10,1.5611070238671709e-09,8.948072960047001e-10,1.0100226982124505e-09,1.0991019358859504e-09,2.0105081021005604e-09
L12treat_p7,-1.698783636695872e-09,-1.6039526827140182e-09,-1.5139440814637344e-08,-3.0172924180183427e-08,4.226786707652108e-08,1.0448040299784921e-08,-1.9863283818752556e-09,-2.36001267950549e-09,2.907169409443542e-10,-2.1191451973271414e-09,1.8030624828676355e-09,-1.7327197193997332e-09,-4.18982218781757e-08,2.8847525918045316e-08,1.191886766113974e-08,6.055468588190026e-09,-6.157609825543747e-09,-1.7807065421569345e-09,-2.6387305162301284e-09,-1.5096252032431157e-09,-1.128261185232259e-08,-3.736590644409763e-08,3.072180425626537e-08,-4.044737587086007e-09,7.55962033315607e-09,-9.450598894213446e-09,-1.5939428298622122e-09,-6.430910619286986e-09,-8.894448233873048e-09,-3.541678559923578e-09,-4.6250624064224024e-08,2.6369208059957435e-08,-6.616283214360565e-09,-1.1122800264188073e-09,2.944306486298743e-09,4.867259839217446e-09,-2.678037678427471e-09,-8.906298098286808e-09,6.682939048459721e-10,-2.8259070728749807e-08,2.1765481354623857e-08,-1.1547816763591524e-08,-7.1533528846226475e-09,-3.370730231251862e-09,1.864183945538321e-09,8.771603290397345e-09,-3.3598886700585654e-09,1.0373791182565263e-08,8.933669202208238e-09,-2.9415121097982132e-09,9.948864080856193e-10,-4.586403310001119e-09,-3.6245429699174e-09,-4.00980821394633e-11,-4.2158331677277735e-09,-3.796293587182955e-09,-7.274160100392871e-10,6.887773029420227e-10,-2.3819758906311146e-09,-2.5837269366519573e-09,1.5642376816411145e-09,5.637810882758418e-09,-9.307751429757642e-09,3.08748889369645e-09,-1.3842950729491446e-09,-5.053244086162679e-09,1.0841211315009553e-08,-4.8023366950088e-10,-1.2969319344729489e-09,3.4541545934573475e-09,4.59888976860776e-11,3.5804095933850593e-09,-1.0791123210000584e-08,9.286489649004147e-09,6.111358467407026e-09,-8.045294998929731e-09,-1.217290449229299e-09,3.428292703745962e-09,8.53785441725655e-10,1.2738511398164657e-08,-8.024359600447248e-09,1.336912783347965e-09,3.489934423527477e-09,-2.389138986611751e-09,6.2457154451780015e-09,-2.2189978115028067e-09,1.3838195925709555e-08,3.0219036184510833e-09,-6.429239980072604e-09,5.2496856372520124e-09,-4.105741849554208e-09,-2.6491080630968275e-09,7.76592413905013e-09,1.8205751367402762e-09,-1.4820985150850794e-09,5.36214348849729e-09,4.6987433672761755e-09,2.735962448647266e-09,-5.666872613316165e-09,1.2895766520868776e-08,6.33534246397313e-09,-1.6014964686840145e-09,3.867600743009719e-09,-1.0831914818476388e-08,5.928031391477036e-09,-3.650968124295162e-09,1.5151490273783275e-09,-1.1578503537956458e-09,5.004759742287291e-09,1.3568199938269642e-09,-1.9837908621157575e-09,-6.2755925158824685e-09,-7.558385705309983e-09,-1.4198934622265751e-08,-1.2393518810257275e-09,2.5509509362921375e-09,2.5003129413057438e-09,-4.559075221000355e-09,1.6761984893022894e-10,-2.915512967186885e-09,-3.2105198899202667e-10,-3.4203437402032183e-09,-1.3682663999643182e-08,1.3296229449477892e-09,1.1889834653327097e-10,1.1776394304368753e-09,-8.925323848423431e-10,-9.866069888312124e-10,6.279624179015277e-10,4.527830923938833e-10,1.4097659121585013e-12,5.4011658062783264e-08,-1.4226171766587701e-08,-4.392192486413666e-09,-7.715456679742487e-09,-5.048368383391687e-09,-7.2700409044753785e-09,1.7983148944138372e-09,-2.835138672126271e-09,8.461088702394554e-09,1.09829071407621e-09,-3.193818878823377e-09,3.679547855366482e-09,-3.668858582115601e-09,-5.512025961716364e-10,6.957139910969167e-09,-3.0715779231133206e-09,1.2231138023398428e-09,2.7199378316628453e-09,-8.81657144100247e-10,-1.8873153844416293e-10,1.000725522270767e-09,7.277823646446935e-09,8.099031597806309e-09,-8.603752718655482e-10,6.408474040546951e-09,-1.8080190016825501e-09,1.420177904721226e-09,3.1513714794611473e-09,2.9835767151587216e-09,3.1682503160971913e-09,3.6295261038622523e-09,-2.1737402153197924e-09,-8.143062077554392e-09,-3.6172265350217527e-09,-1.4335183877449897e-08,-1.0542931514635934e-08,-1.2666137728523103e-09,-8.18246367923574e-09,-3.6066752926576475e-09,-2.963567023205799e-09,-5.910236044593757e-09,-1.3432362243639215e-09,-1.4976123107625972e-09,-4.869988635323571e-09,-2.4740231394697425e-09
L12treat_p8,-1.7004446105762403e-09,-3.091784420421491e-10,-6.028269750122603e-09,-4.344417166400949e-09,1.120098805133499e-08,6.14723257500302e-09,-3.5779152807772496e-09,-3.019576181234403e-09,-1.8241321760412606e-09,-1.200431048194095e-09,8.278574822080804e-10,-5.0002725793130725e-09,-2.8875180185353082e-09,5.51077045016458e-09,3.97404341153335e-09,1.394834754944927e-09,-1.844885124596102e-09,5.691517079571558e-10,-3.813950006591353e-09,-5.447284759956447e-10,-6.3192236287518745e-09,2.1140802786451867e-09,5.492997260033638e-09,5.922832323085967e-09,5.8324358026987955e-09,-6.906123129645515e-10,3.1449000860347455e-09,-2.6356175300527766e-09,-2.5205431641057747e-09,-5.6068943943540965e-09,1.1899418735233007e-09,2.5678318046259827e-09,3.3079712120487125e-09,1.802311243076713e-10,7.088446111126329e-10,-1.0851664415371385e-09,-2.577032388797545e-09,-4.824261940435963e-09,-5.1342381046724195e-09,-4.946442764236899e-09,4.635765352047425e-09,-1.2092090623436735e-09,3.9146757292086026e-09,1.2464446970413643e-09,2.7824634988591573e-09,3.994078457584297e-09,-2.392092695949089e-09,2.1712937509736373e-09,3.84221702674345e-09,-2.1549014331983976e-10,-1.134865923408154e-09,-3.892746811450089e-09,-3.057938435216531e-09,-2.1182245446418126e-09,1.0104163656846327e-09,3.6585239301263496e-09,3.338784301842778e-10,7.019537604579883e-10,4.08092065365026e-09,-2.5324160947200088e-09,5.406797242858388e-09,7.110114628714258e-09,-2.211515246793526e-09,-4.257424526312728e-09,-4.847194706461627e-09,1.0369407823732295e-09,1.1456197847437409e-09,-3.206905747761469e-10,-1.9397766737716762e-10,-7.761086448033714e-10,1.472613428833205e-09,4.193244914952249e-09,-1.9681134211677243e-09,1.2538537887407374e-09,6.504236374435177e-09,-8.186858438849575e-10,1.9849659231238037e-10,-2.603414057021738e-09,1.2498859661923728e-09,2.8539569052960944e-09,-1.0373770020808887e-09,1.8986368524865924e-09,-3.96265264338346e-09,-8.742300855821633e-10,7.159722989099359e-09,9.723113376208008e-10,3.0219036184510916e-09,1.3251811021510983e-08,8.819531640412526e-10,1.5916362038548994e-10,-5.187883166509094e-09,1.875538318553797e-09,-1.9614400181949474e-09,-4.3342960181342795e-10,2.672299260696857e-09,-8.08414352114581e-11,2.0962063857260765e-09,1.1062283364948967e-08,-1.4771534657600721e-09,6.0690746154624204e-09,7.678858322106688e-09,5.923371433682068e-10,-1.0957503750908204e-10,-9.033733984159502e-09,4.381755007876212e-09,9.109584839990362e-10,2.186304536973239e-09,-5.267730148663988e-11,-7.068628677565487e-10,1.5001617488187094e-09,-3.016301618536813e-09,-2.664534353462337e-09,1.1434366419920017e-09,-4.613806458752756e-09,-2.0511726919507506e-09,-7.339534622651754e-10,-1.5604924141067828e-09,-5.919512522340411e-09,6.853180901276562e-10,-8.858872644238725e-10,-1.780882941849621e-10,-1.315228572193104e-09,-5.725521862187324e-10,-1.2649554840070815e-10,9.03830839385914e-11,2.254348866401601e-09,-2.9467971127642428e-09,2.414015554468662e-09,9.233039212758099e-10,1.9600807723448781e-10,-1.3101876252526442e-09,7.2660911505720215e-09,1.1579642966636516e-11,1.9392797249333882e-09,4.4529351732607413e-10,3.480653535114779e-09,-1.3059363401964982e-09,-7.23605348348012e-10,-2.8763392612317683e-09,2.936525272701845e-09,1.777697324780838e-09,1.389619641718112e-09,-2.037187822554594e-09,-4.017893105333277e-09,6.839267970688053e-10,1.8520180536948313e-09,2.562633132858149e-10,4.558006476725124e-09,9.584433539541707e-10,5.815973178548032e-11,-3.831103081274246e-09,-1.2289186205579827e-09,-1.2502107391858942e-09,4.747568672642257e-09,-1.5223844538291074e-09,-3.474441840284164e-09,-2.453912683501643e-10,5.336832535074484e-10,-9.43091009295983e-10,4.1695193259379243e-10,1.719032521001357e-09,8.333934539584838e-10,-1.1186396145321572e-09,-1.9329967877727904e-09,1.430772831668704e-09,-1.1562959212922539e-09,-5.767188662545042e-09,-2.8053146328573417e-10,7.163785466758844e-10,5.334087125719061e-10,-1.748223107472879e-09,-1.6984426271875641e-09,-2.0947865326208746e-09,-2.812867246201656e-09,-1.9972348213886775e-09,-3.126190621158547e-09
L12treat_p9,6.549679755061535e-10,1.6306598165034658e-09,1.2783234785594001e-08,2.4738684537462362e-08,-3.084825906292058e-08,-8.309154928536724e-09,3.5765605350277196e-09,-2.798065963850391e-10,-3.485439175119825e-09,6.596231143674172e-10,-1.1209313857995828e-09,1.632230177471668e-09,3.2540341247732234e-08,-1.8195285614390895e-08,-7.837305220643937e-09,1.1119477277539469e-09,4.90516953143523e-09,-3.842476381549598e-10,1.4630938574406097e-10,1.4212963796635936e-09,9.018078891185943e-09,2.7589582137179173e-08,-2.0799186274829077e-08,5.967178346035664e-09,1.2306842363598546e-09,6.303408091571059e-09,2.3967768377003925e-09,3.2751842260346586e-09,5.9333670944564585e-09,1.5817439288008637e-09,3.276101559908909e-08,-1.8709546632218e-08,6.316920609114437e-09,3.615851274526843e-09,9.471650222320895e-10,-2.6752106560044856e-09,1.5760729956329831e-09,4.115608620408786e-09,-3.74322782706739e-10,2.0286790326584942e-08,-1.987789770786696e-08,1.0889197846666674e-08,1.0931875736473182e-08,2.648584979965392e-09,-5.950766398396658e-11,-2.611017418971238e-09,6.919669148975938e-10,-5.684115708179342e-09,-6.251879464329164e-09,2.839728460310888e-09,-2.21530606152564e-09,-8.760718676609539e-11,8.404514938545655e-10,-1.8380109398997302e-09,2.387454359656895e-09,1.7072961074689524e-09,2.264414315445768e-09,-9.253583258450469e-10,5.621475029706849e-09,3.0907471516542924e-09,1.630473756929317e-09,-1.4463370237143585e-09,8.010332790541321e-09,-3.4701883079669717e-09,-3.1841832234244888e-09,2.9173831412690142e-09,-6.9237698684949254e-09,-1.3447947565934551e-09,2.1400085890315908e-09,-2.335713610662598e-09,-1.0481690530310764e-09,5.524462413237407e-09,1.0511517306322674e-08,-4.948464721330461e-09,-3.6287737848004636e-09,9.092224317818978e-09,2.77254536498194e-09,-5.1398574114733335e-09,1.947880356418041e-09,-9.268928317067607e-09,5.163238758259318e-09,1.8274876539896458e-10,-2.981123063503502e-09,-4.3005069497549754e-10,-7.986515297640873e-10,3.292481011018684e-09,-6.429239980072629e-09,8.819531640411072e-10,1.0415808534488745e-08,-5.444721500478902e-09,-9.465768972583894e-10,2.7126890029385506e-09,-3.995454254526782e-09,-2.562890873045757e-09,1.6032371201148108e-10,-2.4811491978358056e-09,-2.6602671605614163e-09,7.347367556409771e-09,3.97857707768414e-09,-4.928568170265481e-09,-2.368687633465323e-09,6.28883803089741e-09,-3.5438133346972602e-09,2.168475871481181e-09,-2.851458783443252e-10,2.581102877549367e-09,-2.8895766945087806e-09,-2.605220607391244e-11,-2.5035180553006994e-09,-7.245372022679544e-11,8.783021668907344e-10,4.149218670812202e-09,7.416881688000668e-09,6.081862288260139e-09,5.034296644218751e-09,-3.328323023136502e-11,-1.3961808707912485e-09,6.06375988462447e-10,-1.7277711977493027e-09,9.036323987612322e-10,5.279045005152155e-10,5.193075870045108e-09,1.201857901421141e-08,-3.2548478586667633e-09,7.272196127446626e-10,1.3291644637638304e-09,-6.369876379089832e-10,-8.285280065401023e-10,-6.778524350792871e-10,8.031952186463859e-10,-3.189517505156573e-09,-4.0362595142277774e-08,1.421610600908591e-08,3.58328580046967e-09,3.538775108482558e-09,4.6573011820796755e-09,5.911218179999567e-09,-3.327344108730528e-10,7.65289654341026e-10,-4.9440293990164936e-09,-1.5079152545010655e-09,3.7101283338960477e-09,-5.322895485887938e-09,5.386132653777398e-10,-1.7975661261756014e-10,-5.111988284815163e-09,8.924954050024548e-10,-1.4103150858654822e-09,5.501950796835115e-10,9.929720451955683e-10,-4.749606232727997e-10,-8.533810944039379e-10,-5.437734169034462e-09,-5.43371262388248e-09,2.1646481827533452e-09,-7.179724243295152e-09,-1.6363478106446465e-09,-1.5743692531891535e-09,-2.6184055514871534e-09,-2.8414143767796085e-09,-2.1613574030212558e-09,2.685530897105247e-12,4.918351690161054e-10,3.9117943108502384e-09,3.552749696818128e-09,1.007150897884434e-08,6.579871269369617e-09,-1.1108118738981402e-09,8.002293843711617e-09,5.530924552121486e-09,1.904851016875666e-09,3.787782107419193e-09,1.3792320399990378e-09,1.1100488101171852e-09,1.581773531078925e-09,1.2858852407702241e-09
L12treat_p10,-1.6666712624965988e-09,-1.1254739635874404e-09,-1.1088403728157088e-08,-2.2706919368410955e-08,2.6845690673750786e-08,4.164410398956302e-09,-1.9187801301409775e-09,-1.2042989500210862e-09,-5.462920872070049e-10,-2.7690225312689057e-09,2.1049333798645776e-09,-2.0990853316078924e-09,-2.9870619848080036e-08,1.80111119082487e-08,1.6104679616212495e-09,3.480602380397805e-09,-6.707729336890199e-09,-1.2985551881327588e-10,-2.2397451717443047e-09,3.289433797759181e-10,-9.334875051314333e-09,-2.4197479424743605e-08,1.834536711095302e-08,-7.759378175241998e-09,2.742082440620086e-09,-1.0683314052771469e-08,-3.5089553530487772e-09,-4.557164157998787e-09,-4.816115266280063e-09,-5.127856867811345e-09,-3.148482159414065e-08,1.8182444212009894e-08,-1.171253314329259e-08,-2.288194114544315e-09,-2.6093587558754418e-09,2.997152734936357e-09,-2.3268224482939495e-09,-3.804896290134984e-09,-2.3963091407468244e-09,-1.604353607963128e-08,1.567539191666902e-08,-1.2339658207002079e-08,-5.28606198584716e-09,-4.190642384155313e-09,1.6741402824321132e-09,2.504773825497952e-09,8.211914084338868e-10,3.953266156622842e-09,5.217574409360355e-09,-1.2779276773374125e-09,1.6797291555229128e-09,1.2324700075761052e-09,-5.944542262445738e-10,2.384440415657804e-09,-3.0663766192074362e-09,-1.1346137898262926e-10,-5.733235758589062e-10,1.4158874462428497e-09,-3.4966682440162213e-09,-1.9424877711718413e-09,-1.3066649751627844e-09,3.0731177972505533e-09,-4.975993712571504e-09,4.449429179167768e-09,5.0006289166692564e-09,-2.2796751128604535e-09,6.21569387540133e-09,1.3019657438133728e-09,-1.3211354937054176e-09,3.538516476946403e-09,1.142205127032657e-09,-3.1880278011077288e-09,-5.250371934111572e-09,5.669315305538104e-09,4.092324598437358e-09,-6.6383288736895604e-09,2.1205629821093143e-09,6.722028932421929e-09,-4.875131997524368e-10,8.914251888775201e-09,-5.711782655594442e-09,2.5869010314325144e-09,3.5088651428061027e-09,1.041561453792699e-09,3.4447455022792713e-09,-1.1685147960982827e-09,5.2496856372519066e-09,1.5916362038557131e-10,-5.4447215004790185e-09,9.167658325092006e-09,2.6246703613809505e-09,-1.9331510081609122e-09,5.238361816382297e-09,2.1947662974995694e-09,1.4215472565006964e-10,3.862889354451347e-09,4.789682637090642e-09,-2.5342254611693806e-09,-3.2544485749505578e-09,5.720474270952618e-09,3.313833165556656e-09,-3.0016793482271684e-09,5.587285405292442e-09,-1.502368114360448e-09,1.9142276043148557e-09,1.6793744062090766e-11,1.6064331101862956e-09,1.4704353060070076e-09,2.9070672156476684e-09,1.1259255961921749e-09,6.712943665672432e-11,-2.8683994280097276e-09,-6.430822313015639e-09,-4.896359839040347e-09,-3.2298682024123465e-09,-5.72089205744723e-10,4.394931582440674e-10,-5.14481683795773e-09,-8.980210141167855e-10,-4.789944153587452e-10,5.627840319841388e-10,-3.0581037508959937e-09,-1.33747588485754e-08,3.0202580183338667e-09,-7.483140766102233e-10,-7.632047953511217e-10,-3.0691068670903267e-09,-1.0942525330176201e-09,4.609884299097192e-10,-1.2204019425813515e-09,1.9220136714050387e-09,3.7083675481478424e-08,-9.947821195247998e-09,4.977760609153014e-10,-4.636919942946639e-09,-8.731844583992418e-10,-3.8716837880311655e-09,-3.5626264228267944e-10,-7.686176540807427e-10,2.842334457333366e-09,1.7262535646050444e-09,-1.0073929518281081e-09,4.661216946733669e-09,-1.6058833705151525e-09,-1.3583274981880454e-09,4.743801391823503e-09,-1.711793152698637e-09,9.35565940347201e-10,2.042122271933888e-09,-4.84327238448896e-10,3.164470899096488e-10,2.4905845527565927e-09,4.87740378776374e-09,4.179621880064743e-09,8.409964047592519e-10,8.231807841632644e-09,9.90222899149911e-10,1.4703108803681908e-09,2.7656154353787807e-09,3.0878912808273105e-11,2.2182780072439065e-09,8.036067413148688e-10,-6.432609444424005e-10,-3.309256306699101e-09,-3.778640463309341e-09,-8.870885034918224e-09,-6.308061973292084e-09,-1.3178592070946903e-09,-8.63766802056112e-09,-5.077994301819265e-09,-1.928311413146818e-09,-4.452876986165102e-09,3.0328624914763514e-10,-1.078781855509883e-09,-1.9450134437112684e-09,-1.2428346932285297e-09
L12treat_p11,-6.664474483486932e-11,9.464323445723923e-11,2.1487666041095135e-09,4.057473187429255e-09,-1.313953322450068e-08,-5.383963331236136e-09,-2.290094648475124e-09,2.074043478800057e-09,1.052269529191215e-09,-8.595935158236164e-10,1.0901979130546376e-09,1.623680772795608e-09,2.946583607798498e-09,-7.813274280695667e-09,-6.1482347538590435e-09,-5.673535808379498e-09,-4.807828047123887e-10,1.9360433336960523e-09,6.466400264638969e-10,1.0507305115651462e-09,2.5655735760219942e-09,4.192928982176613e-09,-7.99315313271186e-09,-8.666351035155992e-09,-7.415666308272089e-09,-6.372663949007455e-10,-5.090629645650718e-10,5.297162471557104e-10,2.735225178607173e-09,3.1211957837557252e-09,7.073418325947176e-09,-7.781596483906733e-09,-7.733599881232848e-09,-2.713080957609293e-09,-2.6887858808199316e-09,2.7922957337823145e-09,-5.14419043572133e-10,4.758727541617362e-09,1.5908287328424034e-09,5.507032034741013e-09,-3.054625902651923e-09,-3.996276655656787e-09,-4.550900573413223e-09,-6.697079924813525e-10,-5.153930720527458e-10,-6.117058213850057e-09,6.964424063087013e-10,-1.8155064439325268e-09,-3.2145451079258448e-09,2.2941159976565497e-09,1.5477481599966255e-09,6.567278325710534e-09,2.8535567939225936e-09,2.3234894252194548e-09,7.800282674668388e-10,1.0689963716305323e-09,-2.674563521233706e-09,7.06883795102992e-10,-4.690458294192562e-09,5.66361518501638e-11,-2.0215442391258106e-09,-4.324337443516134e-09,2.5549167618460754e-09,1.997571194238033e-09,7.1934921278480155e-09,1.5961783701082605e-09,-6.7369262521505e-10,4.07653152840484e-09,9.89443408310377e-10,-9.025900512348939e-10,1.1643699570602524e-09,-7.264180124284823e-09,1.7151440480128936e-09,-6.379901621846891e-10,-2.4619112512410888e-09,3.599997879779156e-10,9.670107697840367e-10,7.366972201476999e-09,-1.164003201539048e-09,3.308641182201403e-10,3.056500973230504e-09,3.208023550350766e-10,3.9589482098390304e-11,3.1419559185374005e-09,-4.193603174434168e-09,-1.0801784718355658e-09,-4.105741849554045e-09,-5.187883166508937e-09,-9.465768972585478e-10,2.624670361381016e-09,9.67046765770378e-09,4.1282218708008383e-10,-5.718112777694765e-10,3.0817783150245223e-09,1.1621039798439709e-09,-1.3405763989510176e-09,-1.9748950481813907e-10,-9.452230418792202e-09,2.8002508435613564e-09,-3.7084489080879375e-09,-5.234463918410892e-09,1.4068568423074787e-10,2.981898809612439e-09,1.0548108733990783e-08,-3.0051207398625677e-09,2.1357370532254264e-09,1.802182583243393e-09,1.8176734077066805e-09,-1.7810688377574227e-09,2.229167530536075e-11,1.5858747823320625e-09,3.7593660879741935e-09,-2.1619211536153164e-09,5.940275250484746e-09,-4.408195416362648e-09,-3.2060335475953548e-09,-8.522842777708232e-10,3.889893101224567e-09,-1.2580919274235351e-09,1.1462674674644486e-09,1.0966393407504948e-09,-1.758496407255067e-09,-1.395114887100894e-10,1.2893768442871755e-09,-1.09680870197162e-09,-3.148638968611774e-09,1.1528016116971963e-09,-1.7760186872348463e-09,9.102779948050759e-10,-2.56126967438204e-09,3.204365044180299e-09,-7.055808248046523e-09,9.239517595151976e-10,2.210912585241557e-09,2.737129340009679e-09,-9.429222199570545e-10,1.2388132951940612e-09,-2.7434171425290023e-09,1.6808123990588571e-09,-2.7870784377399444e-09,-1.950059603053684e-10,1.511098557634881e-09,2.3180608510889593e-09,3.910558348897623e-09,5.761060438299047e-11,7.002115341089127e-10,1.281375936024578e-09,-1.8801117521642806e-09,-3.2560711627502036e-09,2.594869073363103e-10,-1.221095989101678e-09,1.3666525301452731e-09,7.994222547562621e-10,-1.8559275100767536e-09,2.271506370874717e-09,2.4091774128913002e-09,2.7954627246942093e-09,9.255022771346678e-10,1.0657311707953071e-09,-8.496086741123988e-10,-2.0827764086146826e-09,-2.843871163572515e-09,9.947726451004046e-10,3.862717326364805e-09,-8.34371604443246e-10,1.0243755751345142e-09,3.8946421096472416e-09,-5.466553245650629e-10,-1.9269353101897866e-09,-3.844216101349969e-09,4.728398599181493e-10,3.002623917239112e-10,1.436441582236609e-10,1.3944028932511886e-09,3.696876240219892e-09,5.786110232601102e-10
L12treat_p12,8.766268722220856e-10,7.279955460284172e-10,3.5915210269865486e-09,9.02392513838874e-09,-1.3220293277586948e-08,2.1455348113347822e-10,1.4396799009046669e-09,-2.4705933124690422e-09,1.3364046369367462e-10,9.278757540293746e-10,-1.0267037000858693e-09,-1.0635794205567828e-09,1.3450213327297023e-08,-9.430324957594313e-09,-1.8592027148493512e-10,-1.4252204490660365e-09,4.6477795997810684e-10,2.283471221523648e-09,8.79072356217466e-10,-8.736293970191033e-11,1.2109450227885472e-09,1.0765220967726528e-08,-8.911654937823058e-09,6.060109289173652e-09,-1.4977582653834412e-10,2.864185602260832e-09,3.775956693900468e-09,1.9560518301772604e-09,2.813871104846167e-09,1.1898263529227373e-09,1.497876193123306e-08,-8.1456199100865e-09,5.26487243034352e-09,1.7641627952737062e-09,-2.849614908288265e-09,-4.053078721634205e-11,3.994351317442685e-10,2.516173030719449e-09,-6.899275677360442e-10,3.879738636463009e-09,-6.97810791929253e-09,8.200099419065096e-09,4.886901864100035e-09,1.7528685237998266e-09,1.8220817908796531e-09,-5.0613332350364005e-09,-5.439100411405808e-10,-8.48464805788932e-10,-2.3176609451971345e-09,9.204569459022785e-10,-3.388635810650571e-10,2.9891349828712136e-10,7.345875933632311e-10,2.452961318270641e-10,2.051395020788029e-09,1.570064590254647e-09,-1.0913239852093468e-09,-1.3817872332810812e-10,6.22630078175692e-11,9.569669158560036e-10,2.501833973377944e-09,-3.0531791741771697e-09,1.3821852232521886e-09,-1.4204089152076567e-09,-7.316571645398574e-10,3.6955603760191115e-09,-2.278876140718598e-09,3.08493938508902e-10,7.471613366009143e-10,-2.6604857812283566e-09,6.893983473022206e-10,-1.398303602380834e-09,3.8190506071273295e-09,-1.57146206010129e-09,1.77219100782954e-10,3.67150530225791e-09,4.1312168331017343e-10,-3.989835754091165e-10,6.081779803928446e-10,-2.3099645901423836e-09,3.878132881197466e-09,-1.694076525087945e-10,-3.5978997671968708e-09,3.12761803600319e-10,-1.9853868903606924e-09,-5.177390455081466e-10,-2.649108063096778e-09,1.8755383185539016e-09,2.7126890029386333e-09,-1.9331510081608613e-09,4.128221870799839e-10,4.940037942131135e-09,-2.2112136888629165e-09,-7.724019545726319e-10,3.330008708172625e-10,-3.3608896001274274e-09,-7.766103492716396e-10,-1.1571682665045535e-09,2.0976493051284113e-09,-1.699224954800595e-09,1.1013178161345609e-09,1.2316129598442177e-09,2.71157039525604e-11,3.587037015105567e-09,-9.930266387194871e-11,1.9904709237317724e-09,-1.3757273218982045e-10,-7.350778416486197e-11,-2.641009432252327e-09,7.820974596693626e-11,-2.458597939958276e-10,1.4385585577682022e-09,3.012937265134313e-09,1.836842597470881e-09,2.1730173497095703e-09,-3.2039943045551657e-10,-1.667510696415753e-09,4.969484790414299e-10,-1.6930080867400804e-10,5.743135827687399e-10,-2.1363714051829281e-10,5.156023482543996e-10,5.676257206089546e-09,2.5795955557258636e-09,-2.821215588385365e-10,2.4459828924444056e-10,-8.663246317296577e-10,8.359646375587956e-10,1.9827106454807402e-11,-8.78895923827454e-11,2.96207075774815e-10,-1.5476389358337822e-08,2.291805422075498e-09,-1.336697756268085e-09,1.58368772390133e-09,2.681801219678739e-09,9.11604321364921e-10,-4.1665338740540975e-09,5.65217330289798e-10,-6.247405565571608e-10,4.353744892003758e-10,1.2039934414946549e-09,-2.026637882215705e-09,1.1376061723093705e-09,8.944197294640813e-10,-9.419377833409616e-10,7.760515022005834e-10,8.775592818301933e-10,-1.7960142803764916e-09,2.012688993259809e-10,-2.3504573593847033e-09,9.495105686108213e-10,-2.8934338226584444e-09,-2.2619749549451461e-10,-1.0932829284368803e-09,-3.4074630819319343e-09,-2.3190132955843556e-10,-3.104853884475499e-11,-4.628156097301833e-10,-3.818928643950542e-10,-4.317827130322995e-10,-1.9996932127118597e-09,-4.1005103604044125e-11,4.0603627836534655e-09,1.8563877146445939e-09,3.4914565701948627e-09,2.3531431085744233e-09,9.061408747288665e-10,3.5516880496167267e-09,2.0224081460823656e-09,1.870469405293369e-10,1.2592414656821656e-09,-1.656594220885806e-10,-2.0385588920616906e-10,2.0135401549754096e-09,-6.876219068773842e-10
L12treat_p13,-3.4874104977641923e-10,-8.198737082406245e-10,-1.0249265255016975e-08,-2.374124590743873e-08,2.7015300351840526e-08,6.9776718763368005e-09,1.4293729244832614e-09,-1.044387975427961e-09,1.362980506204821e-10,-1.2796917525049303e-09,5.991049000779223e-10,-2.665563232006194e-10,-3.076715345787634e-08,1.9160291114822715e-08,6.67737725886985e-09,6.699886028420344e-09,-4.190582079120344e-09,-7.732170577148044e-10,-1.3626096840008203e-10,-1.1160549071323094e-09,-7.603622801178599e-09,-3.0901720112869944e-08,1.918307499335675e-08,-3.937183419023191e-09,4.7749570268881974e-09,-8.548266868316316e-09,-1.684808843194062e-09,-4.131692938662391e-09,-6.215750235936216e-09,-7.38225931881567e-10,-3.787119753641028e-08,1.8488535201096962e-08,-6.1277585583831e-09,7.17470780164839e-10,9.422776492560396e-10,5.840650689858225e-09,-1.4009940653918356e-09,-5.227958881254191e-09,6.636991357501535e-10,-2.2274141757248696e-08,1.1653419472490636e-08,-5.935775872162593e-09,-4.4719676292292325e-09,-2.8171040333846734e-09,3.979447773791223e-09,2.9469907012016992e-09,-2.8183486376124292e-09,7.471052849286233e-09,5.229775953647813e-09,-8.775089547528214e-10,1.380855069408623e-09,-1.7730432673946435e-09,-2.330494552012909e-09,1.0762219715908182e-09,-3.250663451035938e-09,-3.839432896907583e-09,-8.846305568061542e-11,7.586137905162779e-10,-5.092580700540575e-09,-1.4252117784289224e-09,-2.1317954239134063e-09,1.1025618632951598e-09,-4.635679512760607e-09,3.559098077071192e-09,1.8396053786263151e-09,-5.0548724077292926e-09,8.958418435768331e-09,4.677208794743369e-10,-6.78466916590826e-10,4.024067596526116e-09,-6.106804143137802e-10,4.689874408103395e-11,-6.726900890277044e-09,5.510672714649593e-09,2.7691869573626923e-09,-4.373818818909967e-09,-1.8430186739632572e-09,4.1848122144736685e-09,-8.734540306348552e-10,1.0170175681953157e-08,-5.62221833467569e-09,1.0326127168261638e-09,4.751623807407555e-09,-1.0073188217908825e-09,1.61612691142713e-09,-3.101229246301964e-09,7.765924139050211e-09,-1.9614400181948767e-09,-3.995454254526808e-09,5.238361816382321e-09,-5.718112777694278e-10,-2.21121368886292e-09,9.564275211887105e-09,1.7215789816513376e-09,-1.4919153329312506e-09,4.7774316476576386e-09,2.8623659739069977e-09,-2.766129090869036e-09,-3.900859784631499e-09,6.758298134796056e-09,4.36253111837292e-09,-1.2152689962707645e-09,4.102432370898176e-09,-3.6422952818147906e-09,2.781967641536604e-09,-3.2684735792328717e-09,6.830675974765057e-10,-3.7138127137804633e-10,5.051271810069361e-09,3.5805933875332866e-10,-7.325708824250087e-10,-3.660868121869857e-09,-6.052728470031018e-09,-1.0960783728226369e-08,-3.50089423889291e-09,1.7097637245416768e-09,1.4629628736896563e-09,-2.8247483910533478e-09,-3.5806910121864064e-10,-1.9923537036740538e-09,-2.86979118293896e-10,-4.0165637130733914e-09,-1.0959716489385108e-08,7.519776840291696e-11,6.870427702919998e-10,5.438936668028833e-10,-3.343663136641101e-10,-1.3913789568242102e-09,6.544326448822935e-10,6.006866856933756e-10,4.44755275965778e-10,4.050342406929538e-08,-9.529417041710835e-09,-6.125112781286662e-09,-8.462831223651243e-09,-5.011212566680809e-09,-6.471025033461133e-09,6.130614800268313e-10,-1.2473192542343644e-09,4.9765369489950005e-09,8.848830498517432e-10,-7.976696567828631e-10,3.851407431995908e-09,-9.665138681702234e-10,-7.471740971999224e-10,3.730644900539327e-09,-1.5321367278359567e-09,1.2176239081297425e-10,3.240105995384601e-09,5.32434859276757e-10,1.7132827357926603e-09,1.749513537928218e-09,5.28841598012404e-09,5.509542077862174e-09,1.5954936724656563e-09,7.229185712200829e-09,-1.9444052706817707e-09,5.393518090597844e-10,3.1779588925403844e-09,2.060232990025048e-09,2.442649116678678e-09,3.0431158727781723e-09,-7.286959713537752e-10,-5.7955805818923875e-09,-3.798910643411193e-09,-1.027899811279256e-08,-6.755172896046131e-09,-2.077052777694325e-09,-6.685874525285212e-09,-2.3267813028768425e-09,-9.434805628930863e-10,-3.883455410066633e-09,-1.7786309325675326e-10,-5.769837245711094e-10,-3.4482279291333454e-09,2.6517158993258427e-11
L12treat_p14,-1.7081379981760852e-09,-9.747314142408492e-10,-1.4283262881029367e-09,-9.809612240786723e-09,2.1708937035238557e-09,1.7814443028418677e-10,-3.113001038483421e-09,1.9231991468065504e-09,1.4479115729631417e-09,-1.7012779459510424e-09,1.6592569146625696e-09,3.627414253132803e-09,-1.2621364017260203e-08,1.2101939653980758e-09,1.7591274678431539e-09,-2.9583846665475117e-09,-1.8103694986625981e-09,1.4949248032504212e-09,-1.9833218925398722e-09,-8.356196620196521e-10,-4.6269738984808323e-10,-9.404372901913614e-09,-1.1944067184935242e-10,-5.438084672305181e-09,-1.9274689841052053e-09,-1.5284524695871321e-09,6.477011178419809e-10,-3.728594433539591e-09,-2.5374733592355863e-09,3.5474342237287182e-09,-9.085001764305359e-09,-2.555066593897615e-09,-4.517566684677474e-09,-2.3784334714713545e-09,1.3296040692769775e-09,5.529218473764137e-09,-3.15781308280809e-09,-1.895568729181797e-09,1.722790213583155e-09,-6.084032008983626e-09,1.917523977935478e-09,-6.138180332791349e-09,-3.4305506960823197e-09,4.3783876408151446e-10,2.6823958694033407e-09,-1.5087401362284205e-09,-1.151003720778787e-09,4.5025521990002854e-09,1.3465383518201918e-09,1.7271801314938168e-09,1.4306128384886847e-09,4.2214431776385387e-10,-4.912219564929004e-12,-9.906882203704797e-10,1.7579026409243388e-09,-5.471930131738385e-10,-2.692036672317257e-09,1.2765223967505705e-09,-2.207607176080037e-09,-2.4904452567275666e-09,1.700417071852724e-10,-4.1415418249341764e-10,-8.129131492124426e-10,2.0327370834365983e-09,1.613424095518583e-09,-7.100112371933934e-10,2.8057238236668426e-09,4.9224916550314e-09,-2.6522958614063893e-10,-9.473866173606977e-10,1.3479987003844424e-09,-2.783387069848291e-09,-2.285754007954405e-09,3.998626194286647e-09,1.6516581113270584e-09,-7.97628577414781e-10,-1.0768907388025233e-09,2.9848150642340418e-09,-4.469825491062565e-10,3.888821142506438e-09,2.3568401915531963e-09,1.6066966083325952e-10,1.0614678141119224e-10,1.2211441526234952e-09,1.8033631154911642e-10,-1.2741312035979677e-09,1.8205751367402493e-09,-4.3342960181344475e-10,-2.5628908730457766e-09,2.1947662974995363e-09,3.0817783150245695e-09,-7.724019545726336e-10,1.7215789816513308e-09,5.684418605741787e-09,4.892335891519551e-10,9.997602369031308e-10,1.1278429972188716e-09,-3.887829719843991e-09,9.171005424318877e-10,3.6103935596570684e-09,7.614243313740742e-10,1.3671391360058645e-09,2.7875004384729307e-09,3.7591080762554066e-10,1.864622693188261e-09,-3.9780252493080504e-10,3.741750362741956e-09,2.43037082231134e-10,6.867796630853688e-10,-3.16120593979738e-10,-9.430019797410597e-10,-3.450412794464275e-10,-3.1401492116712698e-09,-2.806349045519432e-09,-4.28946034093493e-09,4.0226059698971185e-10,3.3084856126716346e-10,1.3181386412424953e-09,3.863661508483019e-10,-1.1022930254339024e-09,5.991489476309265e-10,-1.432428219335406e-09,-5.8499214449014134e-09,1.9469212635961644e-09,-8.407311884168653e-11,-1.6898205321789188e-09,1.3210178566856401e-09,-1.1627424956956057e-09,2.1208841181206547e-09,-6.5676957349122e-10,6.57988423220153e-10,1.2295090637768889e-08,-3.031598250417295e-09,-1.2428059153159503e-10,1.0113939598152837e-10,-2.1355285359723737e-09,-2.1777248564169075e-09,-2.677003426832156e-10,-1.6314230928804892e-09,9.90772564578972e-10,2.2811025598905655e-10,-1.4355615910178733e-09,2.1250357604477327e-09,-4.2616001040679507e-10,5.103427871820578e-10,1.6960517195326493e-09,2.0797117149170366e-09,1.9620441496635358e-10,-1.97492810636294e-09,4.3643023106717435e-10,-1.0001977116086325e-09,8.92764801029817e-11,3.8959687129549054e-09,1.91200926167672e-09,5.963579594999804e-10,2.5981119333227704e-09,-2.2904540329204345e-10,1.7664011563050576e-09,6.112168800891028e-10,2.2628557990462315e-09,-5.092131916295105e-10,-6.204121179401586e-10,1.1116903855400777e-10,-6.606690325528615e-10,-1.286475205639627e-09,-4.355114360419031e-09,-1.4736859338729899e-09,-8.196352956728139e-10,-3.0162104333875246e-09,-2.1666914433551135e-09,-9.699612166468959e-10,-1.0680058219872335e-09,-2.7605005367033404e-09,4.1444882065428525e-10,1.0107060710342446e-09,-3.972246202709881e-10
L12treat_p15,8.015124709740856e-10,-1.2318178682636146e-10,-2.176016777212694e-09,5.9449998971854985e-09,-1.0164800550703829e-09,-2.2402130613863246e-09,-1.3272096222777117e-09,1.1237171833068171e-10,-2.604769755046625e-09,1.430597066255939e-09,1.5524116907270199e-09,-2.0794904391818585e-09,9.077658519856643e-09,-2.423134105779864e-09,-6.47469976974079e-09,-2.429220715556813e-09,-1.2971768714119973e-09,-1.5991178703831742e-09,1.4070901016237673e-09,-3.0989229284252503e-10,4.744800340543842e-10,1.0736735410200929e-08,-1.4286181817049586e-09,-7.776013625671116e-09,-4.985100831676091e-09,1.5302422950516314e-09,-1.6599364787048251e-10,1.8608219492922742e-09,-2.4099585567995853e-10,-1.2522587577864312e-10,1.0908118989180599e-08,-1.6878167804634542e-09,-1.8798876099683232e-09,-6.309075715866705e-10,1.9621241899722377e-10,-3.2644451566038886e-09,-1.3072058320618756e-10,4.4448691795922276e-10,-5.384482550955434e-10,8.620728518059875e-09,1.92086574033176e-09,-5.7776790356412554e-09,4.623929969577756e-10,8.98776589616046e-10,-2.4126102825927774e-09,-2.2420803986321476e-09,-3.9701202283567074e-10,-2.0289432238399805e-09,7.952029602416882e-10,1.5102883972187215e-09,-1.318010630897393e-09,1.7703889377819414e-09,7.484678590509433e-10,5.179039396739039e-10,-6.372790259475054e-11,6.30987179797508e-09,1.1744197825863485e-09,-5.225474980008841e-10,-3.802239582307946e-09,-2.5610047339235587e-09,6.103091424749882e-10,2.1837692885458745e-09,2.4700641287541655e-09,-2.818717584506996e-09,2.609180964992761e-09,2.2398790667856147e-09,-6.998439911127288e-10,1.8000927488918362e-09,2.852151752421561e-09,9.003417730511665e-10,-5.460426089913662e-10,-4.02956267433812e-09,2.8801586114701515e-11,-1.2081403726786546e-09,2.1558061712539066e-10,1.287110398289778e-09,-5.162330570826592e-10,2.550061863930046e-09,1.7572606389123023e-09,1.0567582841812162e-09,1.7081932133409419e-09,4.048142362704064e-09,1.0822927460291772e-10,-1.4522227292681368e-09,-1.0514575480148489e-09,2.533260443499217e-10,-1.4820985150851318e-09,2.672299260696801e-09,1.6032371201147697e-10,1.4215472565009022e-10,1.1621039798439847e-09,3.3300087081727025e-10,-1.4919153329312438e-09,4.892335891519561e-10,7.459986339616931e-09,2.3079544379347653e-09,-3.3479933211458e-09,-6.176002896647673e-10,4.95523961043088e-10,1.3294823665337928e-09,-8.364502447161857e-10,-2.7637452349089437e-10,2.3799597626284447e-11,2.45122355287187e-09,1.1339006218652756e-09,3.5160356775339206e-09,1.289951247592077e-09,3.6975363687250944e-09,1.0116745631859543e-09,-3.061156939965758e-09,1.1064672366436908e-09,1.410913480160346e-09,-2.2686572761831974e-10,5.355718059680489e-09,-5.636341188715398e-09,-1.6390821402056153e-09,1.2108336361925901e-09,-6.615243017429569e-11,-1.6413099018213394e-09,2.306660646041351e-09,-3.2375604708744486e-10,-3.2031181140984906e-09,4.433902385788348e-09,-8.153661272321502e-10,1.5635431012072526e-09,2.4291984807393916e-09,-2.921757252264028e-09,9.543500253352678e-10,-2.2062679635137862e-11,-1.650825194756002e-10,1.3380757890782495e-09,-6.8014238703543e-09,1.2564270601768664e-09,4.27106414340991e-09,9.431222458885044e-10,6.565371048613141e-10,2.664646981214177e-09,-9.309544415377563e-10,8.159756701584194e-10,-1.502858187878914e-09,3.0072989263309777e-12,2.9593229998878895e-09,-4.180127589910431e-10,5.241068262108823e-10,3.6851516210617946e-10,1.192881754365341e-09,3.284795452552124e-10,3.1436238448951367e-09,-2.436960455053102e-10,-4.5185378310706045e-10,-1.608231282671886e-09,4.3576402448473244e-10,-8.219641428623342e-10,-1.6476684390049046e-10,4.781172398335205e-10,-2.3287081121177424e-09,3.4132656316946643e-09,2.3981457029507872e-09,-1.717340053701774e-09,1.357928312418846e-10,1.8259720096705705e-09,-6.907695782786686e-10,-1.2022918317988392e-09,2.0310654193633633e-09,-4.469188510894506e-10,5.085315600358201e-10,-7.9887282486502e-10,-2.923833821517782e-09,-1.501431356976582e-09,-3.490853822843984e-09,-2.1619710328786174e-09,-9.622020247401214e-10,-5.215787643246219e-10,-3.3000377145874168e-09,4.3637049123048215e-11,1.807163116040306e-09
L12treat_p16,-6.620808113214728e-10,-9.802494718612785e-10,-7.20755340723354e-09,-1.3707217938676972e-08,1.8557406463137418e-08,-1.627944381144603e-10,-7.526018226769936e-10,-1.1247650805664922e-09,-1.1536378105571313e-09,-1.1052790321323727e-09,1.7007919223835442e-09,7.613500620569042e-10,-1.938515931317131e-08,1.2307329619049872e-08,3.906597863403919e-10,3.995275901170736e-09,-3.9819505425286215e-09,-1.6109880331619032e-09,-1.506826122968189e-10,-4.703731512615143e-10,-3.06904245129133e-09,-1.514935212174644e-08,1.287048354845061e-08,-9.386768955873024e-09,1.0724934912472392e-09,-6.7516943054098696e-09,-3.4711916430182317e-09,-2.401320999312967e-09,-4.480205091206175e-09,-2.086407616092953e-09,-2.137074371928675e-08,1.068810099664594e-08,-7.95732573319321e-09,-3.2504369913840747e-10,2.2518316254866078e-09,1.7768435530943819e-09,-7.086175139117177e-10,-4.156405196330225e-09,5.984923116177775e-10,-5.30026840452308e-09,7.903780126202407e-09,-1.2817625541706063e-08,-3.174521026517967e-09,-3.842582906634004e-09,-4.1208617229634005e-10,5.259476483668189e-09,-5.302410480258133e-10,2.683202640078357e-09,3.5416590768323602e-09,-1.040617014696346e-09,7.961903060035924e-10,-1.423901474909278e-09,-1.3066670925830436e-09,-3.933637257620596e-10,-3.507354465727064e-09,-2.1104724068429113e-10,2.7393778154830482e-09,9.114081728504143e-10,-9.640053527710638e-10,-3.1724377034357492e-09,-1.9659064616096875e-09,3.934432572156255e-09,-1.1232843903943147e-09,2.6364136267711156e-09,7.938570838959245e-10,-2.9431638864598255e-09,3.1349348707024815e-09,1.9440085613239214e-10,1.1363652766586955e-09,4.719459505852685e-09,-8.044556686304536e-10,1.3972602960314115e-09,-4.708141841376548e-09,4.22576478577031e-09,1.8713055843335806e-09,-2.1000219309879048e-09,1.0785532547600214e-10,2.006081889313257e-09,8.64204723326603e-10,5.466826599784798e-09,-4.714913181675505e-09,2.465546489085578e-09,5.106004777331702e-09,-1.143661066575117e-09,3.207340501650865e-09,1.348303781173421e-10,5.362143488497309e-09,-8.084143521142734e-11,-2.4811491978358403e-09,3.862889354451365e-09,-1.340576398951056e-09,-3.360889600127427e-09,4.7774316476576344e-09,9.997602369031505e-10,2.307954437934803e-09,8.314526037346721e-09,7.028952032988393e-10,1.5908855153693697e-09,-1.9876991935319764e-09,6.4431051141144225e-09,1.7055298193247851e-09,1.0536646102645786e-09,2.8280531554489205e-09,-2.7737837195230517e-09,2.2293923394812452e-09,-9.286875550639396e-10,5.747535460692464e-10,1.7039751055571514e-09,5.381790978467148e-09,-1.1692845012676755e-09,8.500466062615004e-10,-1.9690632782189415e-09,-3.506208471039115e-09,-5.4021497303892475e-09,-5.720445574826656e-09,2.967628742993294e-10,2.660031209931206e-09,-3.408831148146844e-09,-2.50049753498152e-10,-4.156383835257908e-12,4.253249630598949e-10,-1.8475686708096408e-09,-8.57172895883917e-09,-3.2861392746046264e-09,1.1034953011140122e-09,1.9339948778568347e-09,-2.746834563609523e-09,-1.381505866554677e-09,-3.4613689435208553e-10,1.4204893949783284e-10,-1.2118606049922808e-10,2.5105886457987194e-08,-2.2414709691223974e-09,2.1355270085854973e-09,-3.73254091806793e-09,-1.3829741381295983e-09,-1.911606102089402e-09,4.505527595983434e-09,-1.8677765400876177e-09,1.1373133149521818e-09,-5.166778487482622e-10,-2.7720801472247916e-10,3.3970176611264614e-09,-1.7849686568282404e-09,-1.2270099148532882e-09,2.486413861478625e-09,-2.202100088059548e-09,4.008129226076589e-10,3.5769545792528515e-09,1.2942852841925452e-10,2.7977550237365963e-09,8.532685910433089e-11,3.3836246300918105e-09,1.7687150383280245e-09,1.2853312073427877e-09,4.650304642208841e-09,-1.5625434074113027e-09,7.797477241263869e-10,-1.8145433978622885e-10,4.914231004127208e-10,2.904205135877952e-09,3.754163670395253e-09,-3.997627154493365e-10,-5.2823826864683725e-09,-2.6087087024166464e-09,-6.178991617724981e-09,-4.977767934807773e-09,-3.4871299372885763e-09,-6.1434992943322465e-09,-2.90847374314682e-09,-1.4046900085956883e-09,-2.575480662210506e-09,4.778320782221563e-10,-1.6345875762234273e-09,-3.9632190866558785e-09,4.271605096694645e-10
L12treat_p17,-1.2690023789956374e-09,-8.535355222366929e-10,-1.0360448490346942e-08,-2.0660558284513613e-08,2.7886497733625263e-08,8.777718772837882e-09,-2.339334003061764e-09,-3.2899230379607914e-09,1.6718880417951654e-09,-2.4265165379110946e-09,-4.026069975289206e-10,-3.4452263469129237e-09,-2.6993871584093527e-08,1.7826283817786793e-08,9.870226253515869e-09,1.0925882532395932e-09,-3.054036413078292e-09,1.5478871118135787e-09,-3.8947386726517915e-09,-7.257639283049857e-10,-1.1484707161768307e-08,-2.4900513117135706e-08,1.702067584752258e-08,1.7350327824408224e-09,6.279997786599848e-09,-8.791815802576341e-09,1.90803741582945e-10,-6.4199703600607375e-09,-5.26228621124839e-09,-6.309319418926586e-09,-2.7160897347851498e-08,1.0343996000505864e-08,-6.626544896961037e-09,-3.680883621693909e-09,-1.766297283910981e-09,5.9470749491414926e-09,-3.5169342205783295e-09,-6.420444202175149e-09,-4.325705330804207e-09,-2.17009193470655e-08,7.181466402985895e-09,-5.242398429840797e-09,-5.829095432118526e-09,-1.6673268247086452e-09,4.0923894040477144e-09,3.679667783356733e-09,-1.5404056186990132e-09,5.405983667311453e-09,3.9228781465202404e-09,-3.2004270088470273e-09,2.117576146941167e-09,1.0312206142780138e-11,-1.5969449610730506e-09,8.80798438023124e-10,-1.655602474403284e-09,-2.5946926135827294e-09,-1.7204792117221863e-09,6.14908272375225e-10,-6.55263969988405e-10,-6.461336249402158e-10,1.6355694787032657e-09,1.3643106661978886e-09,-7.3926912940367686e-09,4.041850022600878e-09,-8.62966584911422e-10,-1.4414892531507365e-09,5.933246379792429e-09,-8.664211973400213e-11,-2.0772364833650776e-09,8.642112909239246e-10,2.5461301922084043e-09,-1.6950470392581818e-09,-6.3885262475200585e-09,4.7968659640553026e-09,3.3259804310805574e-09,-5.10838109643081e-09,7.46684687631793e-10,4.3554145832556564e-09,-4.0877632553899603e-10,8.215585263633043e-09,-4.684570682631111e-09,-3.669732201522218e-10,5.817874144151572e-10,3.3534155054635226e-09,3.3958537893776344e-09,-2.854699892893403e-09,4.698743367276214e-09,2.0962063857260847e-09,-2.6602671605614262e-09,4.789682637090627e-09,-1.9748950481815111e-10,-7.766103492716548e-10,2.8623659739069936e-09,1.1278429972188772e-09,-3.347993321145821e-09,7.028952032988369e-10,1.0562577644199907e-08,-2.030139612507789e-09,-4.875260464447726e-09,5.408336530531557e-09,6.1207072265044335e-09,-1.7299477379043314e-09,3.861489472762216e-09,-3.007649108063352e-09,2.143932038198146e-09,-2.6530319190226755e-09,1.4368971775315887e-09,-2.374517588004742e-09,1.0335113991378207e-09,7.595882064358982e-09,-2.8882049876281197e-09,-5.759999172343161e-09,-7.606337497624513e-09,-8.208994098066794e-09,-1.1583570779820628e-09,1.878402291766429e-09,-1.869818308243232e-09,-2.9808964220820534e-09,-8.600205899633526e-10,-3.156560749159593e-09,-3.5345708558864393e-10,-1.826828237590332e-09,-7.909307192743246e-09,3.0755324705304925e-09,-2.270586657084293e-09,-1.7500984025557293e-09,-5.50048521704769e-10,-2.241462559969264e-09,9.328263047630282e-10,-1.797013083051638e-10,3.2429769928326856e-11,3.324186000520353e-08,-6.674776573068375e-09,-4.632372869625768e-09,-3.39013480752318e-09,-1.4960299625097484e-09,-6.328640475264945e-09,-2.14348882868578e-09,-1.5832452252905565e-09,5.270780620697123e-09,1.7058470833038444e-09,-1.948139424286823e-09,3.3878018140113187e-09,-1.875994152087285e-09,3.4342217188836125e-10,4.67057083728557e-09,-2.891022486567241e-10,1.154887387400047e-09,1.8698425531941602e-10,8.899971693216437e-10,-2.6098319595223924e-09,2.426358004185366e-10,3.4437091142592583e-09,4.552741352717051e-09,-5.748972900799658e-10,6.253131610860237e-09,9.760929402964656e-10,-2.0620594196640056e-09,3.683248680250158e-09,5.989080529290121e-10,1.5832935696476316e-09,9.534318106441961e-10,5.572084912588654e-10,-2.037886916724068e-09,-1.5391493958973583e-09,-6.53965188923743e-09,-4.84041680080325e-09,2.1143444620420455e-09,-4.193341422383384e-09,-1.7700232103253416e-09,1.8814924453658317e-10,-3.2234326703078713e-09,-4.1813206495907175e-10,1.3864622757926715e-10,-2.2518425173628274e-09,-5.0716111487777786e-09
L16treat_p5,-2.666744149328355e-09,1.0360631070083307e-09,3.752019654037727e-09,8.698364618255295e-09,-1.5168640318547609e-09,-4.3466012729743495e-09,-2.460907289594859e-10,-4.693652815888421e-11,-6.555213010192341e-09,-2.327530481144066e-09,2.323201384247356e-09,-8.592037075135846e-10,1.0082052982768952e-08,8.138657649581479e-10,-4.494195769592396e-09,9.326051885250103e-09,1.1527413180516079e-09,-3.9034864762961005e-09,-5.197591271140851e-09,2.4682398610165636e-09,2.889070671853125e-09,1.4740854939179292e-08,6.36437168262031e-10,5.735604113049771e-09,1.1273682364084051e-08,2.4337149623925062e-09,-1.3619178300663271e-09,-1.1851988642387027e-09,1.5019967284341778e-09,-6.1051270240303204e-09,7.487256363381464e-09,2.300455791476509e-09,4.0202551595857586e-09,4.797750836393299e-09,5.155063555235859e-09,-5.651001623918249e-09,-5.04206650475772e-11,-2.7006636300010066e-09,-2.4795865027123408e-09,1.002087761750298e-08,-5.078088464145868e-10,-6.801764974088997e-11,1.1461711469785591e-08,-1.6452333346090216e-10,-1.1258109034212028e-09,1.2038965812624111e-08,-9.679339860548454e-10,-2.88979589890153e-09,9.129397464176952e-10,1.172662747548271e-10,-4.411513059671207e-09,-8.181513435127701e-09,-3.824086354686726e-09,-4.174273188385412e-09,-9.197354411564896e-10,1.9517588169490973e-09,4.3431038410454055e-09,-7.356492382631923e-11,1.4727143395018974e-08,-4.500323112960466e-10,3.884916274532298e-09,1.1185736449576217e-08,3.5817600137436367e-09,-5.636218439056449e-09,-9.045303722485234e-09,-1.5888693166497314e-09,-3.860179958655948e-09,-4.877686450230768e-09,9.579063957882012e-11,1.5487280280757775e-09,-1.7437824297415609e-09,1.8500311643930276e-08,3.0532872717771756e-09,-1.1439651220037939e-09,3.6065487871598385e-09,2.2710817403574035e-09,5.135527756911528e-09,-1.1222949146401439e-08,2.2977074094760698e-09,-5.885516503099536e-09,-3.183248470258632e-09,2.353525735614891e-09,-1.699350582636441e-09,-4.211421394881951e-09,1.3013279711908766e-08,6.378819040075315e-09,2.7359624486470767e-09,1.1062283364948881e-08,7.347367556409632e-09,-2.5342254611694153e-09,-9.45223041879224e-09,-1.1571682665046623e-09,-2.7661290908690183e-09,-3.887829719843963e-09,-6.176002896647509e-10,1.5908855153694253e-09,-2.0301396125077617e-09,2.8062956038705952e-08,-2.288891190832432e-09,3.5383319510422008e-09,1.7019419431751772e-09,5.325590266849001e-09,-5.078322719768051e-09,-1.6699777803563348e-08,4.172091585078629e-09,9.550866412196083e-10,-2.294032956338951e-09,9.784989020727826e-10,1.9050153569568716e-11,-1.1787113866932025e-09,-5.412381363845083e-10,2.3924978502082505e-10,7.99056132433225e-09,-2.376959159910482e-09,7.782376942094388e-09,-6.136385055707677e-10,-2.6358134363044247e-10,-8.570274893975238e-09,1.6295997540500758e-09,-2.437500866695203e-10,1.1989573005172393e-09,6.76614183881429e-09,-8.749773199539684e-10,-5.846262670842513e-09,5.127196677357802e-10,3.6859362920108695e-09,-3.0480604823980938e-09,2.4091473980216674e-09,-9.559937815771071e-10,9.382186477212e-10,-6.249743148601947e-09,-1.1264778470246794e-08,9.186411059822293e-09,9.8149945210401e-09,1.3961421269652254e-09,6.7156895622607935e-09,4.536057097183693e-09,7.694197681012423e-09,-4.367916338002926e-09,-1.3847622717837789e-09,-3.202457775426451e-10,1.1805984566403375e-09,-5.451555657075867e-09,-6.594198537647359e-09,-1.8262033246110582e-09,-2.9581514524525304e-09,-2.163967947652834e-09,7.610951646684083e-10,6.086498650838063e-09,-5.916061490340209e-10,1.8649221373683053e-09,-3.140537603930433e-09,-1.9473157104669794e-09,-7.95833558557564e-10,8.988479491754997e-10,-6.964713185254413e-09,-4.878470446961033e-09,-5.096047650839399e-10,-3.515152927895017e-09,-2.7589575163807373e-09,4.437864760749344e-10,3.7528582864079014e-09,-1.4007479317955318e-09,-6.517126940295574e-09,4.3083627721851894e-09,3.612056031655872e-09,-2.814158729954932e-09,-2.5348045847631323e-09,4.431030496795338e-09,5.517530657172132e-09,-7.626650416486167e-10,5.498210772665572e-10,8.64596416240367e-10,-1.0200789971817185e-09,-3.453508388616044e-09,5.6595351296297e-10
L16treat_p6,1.2454840999869442e-10,5.148399481247851e-10,1.3973935539055989e-08,1.8226658971837325e-08,-3.7277583288793634e-08,-9.337918226463582e-09,6.228815459671457e-10,1.7709238915246546e-09,9.975840291349008e-10,3.86292523351032e-10,-8.14632155779476e-10,5.63848027707017e-09,2.4629705794203835e-08,-2.30645691927784e-08,-7.228233663021382e-09,-4.486013064869973e-09,1.611330611286217e-09,2.5935120010159626e-09,1.7718008450094081e-09,5.891648185394297e-10,1.1545752271592626e-08,2.3375687289930722e-08,-2.6806693384433557e-08,1.0322193644433442e-09,-6.7863816163565855e-09,5.120064304340531e-09,2.4749031164930566e-09,4.23712152876679e-09,5.704228539014172e-09,6.816165921340002e-09,3.116360739800542e-08,-2.1903804018938815e-08,4.923228446285722e-09,5.805315729960979e-10,-6.057655051147299e-11,-2.2128520721215414e-09,1.7192246406455059e-09,6.210361406374958e-09,2.6506653933580905e-09,2.0001831040626395e-08,-1.641435143536265e-08,5.793477643285194e-09,5.189904023370309e-09,5.281315102825615e-10,-1.3569196079925923e-09,-6.184848966877758e-09,3.7072363049228605e-09,-3.6537967738594153e-09,-5.944595102702573e-09,4.090763271024641e-09,6.628307264505003e-10,1.9696349637691888e-09,2.428390487809723e-09,-1.2316605685736525e-09,4.023357728471705e-09,3.948147302084988e-10,2.8160315208662695e-10,1.234320553427332e-09,2.6526524201111408e-09,2.59769077313069e-09,-4.2342919256652225e-10,-4.383261127929807e-09,6.920706760612598e-09,-6.416270129787687e-10,1.343241845355615e-09,2.493642516996471e-09,-7.034616047176742e-09,2.0376818028639814e-09,1.01640011985282e-09,-3.563897055072224e-09,4.373818129611098e-10,2.7486774708457263e-10,1.0714218221619417e-08,-2.3744720762236394e-09,-2.7279952006219453e-09,7.013047229536645e-09,1.2905485831149349e-09,-2.6362762923606222e-09,2.836630093816184e-10,-8.16279422454887e-09,7.256851020522674e-09,-2.243822264882375e-09,-2.404965588376655e-09,1.7885429409541102e-09,-4.161876663083393e-09,4.637949665286215e-09,-5.666872613316136e-09,-1.4771534657601914e-09,3.9785770776840415e-09,-3.2544485749505925e-09,2.8002508435613378e-09,2.0976493051286243e-09,-3.900859784631499e-09,9.171005424318785e-10,4.955239610430161e-10,-1.9876991935319532e-09,-4.875260464447693e-09,-2.2888911908328353e-09,1.0293025437917486e-08,-5.016013634419689e-09,-3.869799585785923e-09,4.721022773166433e-09,-4.1826679708765946e-10,7.2061587513391585e-09,-1.9062557839953293e-09,2.5140493073693e-09,-1.1392093152889796e-10,-1.0679953463247902e-10,-2.8622254130890613e-09,-2.254438295488485e-09,1.0738452757028942e-09,5.304795181792682e-09,6.756908622466177e-09,6.600051485418251e-09,-1.6430613652922477e-10,-1.8457591590546554e-09,-1.617918686293858e-10,2.6324835307529984e-09,-1.4349137892335227e-10,1.759138348792865e-09,1.0099508052155436e-09,3.5986697244628478e-09,6.647081657588781e-09,-2.032098442087401e-09,8.709056948341763e-10,-1.1845121699134525e-09,7.908211768861437e-10,-4.26495813535959e-10,2.98699510021195e-10,-4.412135393479456e-10,1.421599205607428e-10,-3.57194426989365e-08,1.02794711268099e-08,3.957085001736417e-09,6.237837231936118e-09,3.874850310010125e-09,5.677322555299235e-09,-5.240369107378174e-10,1.4488964221694416e-09,-5.776716015892048e-09,-2.2935233429252954e-09,1.5918955063021008e-09,-1.9684216849678265e-09,2.109017727396082e-09,-6.88985255922099e-11,-4.519672215934212e-09,2.0642459985697176e-09,-2.5033538346122205e-09,-2.462432781131268e-09,3.5301672368218546e-10,7.741038016902162e-10,7.953875905081292e-10,-4.1318695977037425e-09,-5.242891729608425e-09,1.1377177220564658e-09,-4.047308431732801e-09,-2.4986803355247343e-09,8.597436585080403e-10,-2.3170658190395558e-09,-1.5483610064309783e-09,-4.275689021830154e-09,-1.4935345250872635e-09,9.693977205962239e-10,4.767379229592396e-09,8.229094139551206e-10,8.028703954860503e-09,7.182375698023328e-09,-1.0046566347587769e-10,4.971526123442248e-09,3.1338079086521505e-09,1.670414369638355e-09,4.0841060261182694e-09,-9.648244040057259e-11,2.500599888133763e-09,3.785664632544221e-09,1.599511860817438e-09
L16treat_p7,-2.5845212030950568e-09,-2.4839936721229647e-09,-1.5775527661719933e-08,-3.218397853242776e-08,4.253014416172484e-08,9.800251419178824e-09,-3.804352803514316e-09,-4.121373320920017e-09,-1.6397373109509756e-09,-3.075626618852527e-09,2.9988320520042254e-09,-8.567630085008853e-10,-4.100824577155199e-08,2.909875577567301e-08,9.701175123420635e-09,4.365407508884083e-09,-8.10691490693893e-09,-1.1089835444311123e-09,-4.573260246688857e-09,-2.291328760116367e-09,-1.1826491486565295e-08,-3.536913035806859e-08,2.8081838623739833e-08,-5.835319327291692e-09,6.646503977464569e-09,-1.118770719600875e-08,-5.174870594535165e-10,-8.4355922518035e-09,-1.0446524189520432e-08,-3.6794468494610856e-09,-4.306678738688568e-08,2.3648048146490834e-08,-7.533199364424344e-09,-2.832640064231419e-09,2.003330748094125e-09,6.099170400052048e-09,-5.162065711632999e-09,-1.1081158086159185e-08,1.1438754341536044e-10,-2.6679670815144455e-08,2.0661124527598604e-08,-1.603484804220368e-08,-5.490609312400717e-09,-2.1799324552745956e-09,3.5121414680448097e-09,7.719914144425407e-09,-3.4386241238916722e-09,1.1157140986124913e-08,9.881347259788716e-09,-1.702462273147151e-09,5.95427099008092e-10,-4.574579209238013e-09,-2.6142633115445295e-09,-1.0462229892219287e-09,-2.0316822399852892e-09,-9.598723528359857e-10,-1.1685310352072043e-09,8.069935107222876e-10,-1.60083510400053e-09,-4.436552433463163e-09,3.3752392920128348e-09,6.935287055807448e-09,-8.505535779686053e-09,1.933337391541504e-09,-1.0554769030897613e-09,-2.8287723177921647e-09,1.0748168417444522e-08,2.3642585266715742e-09,-1.9007956509188612e-10,2.8304446358988464e-09,4.756081787458957e-10,2.0551167378608644e-09,-8.495210155921163e-09,1.1659184233308061e-08,7.705459390307942e-09,-6.052076689016333e-09,-6.407112508736517e-10,4.875075917944219e-09,2.7308427915038593e-09,1.4088370447930053e-08,-5.860382048303935e-09,2.383614875334153e-09,2.3072866294056144e-09,-2.225899859766626e-09,7.030641931652261e-09,-1.4801774024850647e-09,1.289576652086899e-08,6.069074615462559e-09,-4.928568170265448e-09,5.720474270952731e-09,-3.7084489080881315e-09,-1.6992249548006682e-09,6.758298134796001e-09,3.6103935596570916e-09,1.3294823665338403e-09,6.443105114114397e-09,5.408336530531511e-09,3.5383319510423273e-09,-5.016013634419886e-09,1.7194539332507533e-08,8.4854308975433e-09,5.037088494746356e-10,4.878714384197443e-09,-1.0920676607215358e-08,8.590780100081221e-09,-1.6015769100307499e-09,2.3805970828261127e-09,-2.0229732683559985e-10,4.765925583906856e-09,9.747525337253029e-10,-2.710100947789147e-09,-6.291449363064972e-09,-6.94311743090261e-09,-1.389948904027955e-08,-2.7941292638143223e-09,4.685849662721445e-09,2.2236561111228807e-09,-6.628014310334372e-09,-8.941450905774154e-10,-2.608456106531938e-09,-1.818586976264365e-10,-2.6799543254429384e-09,-1.4134176322741522e-08,3.525053786252055e-09,1.5917947732830603e-09,8.030663109790373e-10,-3.779905298980648e-09,-1.2825148727665036e-09,1.81853787252222e-09,9.321059837882772e-10,-7.728877297304572e-10,5.453532066241464e-08,-1.3021664386194593e-08,-2.1139024172035757e-09,-6.537777911439449e-09,-2.7020311054820605e-09,-6.755515375265858e-09,7.557191781427067e-10,-3.167686806047611e-09,7.907136727508492e-09,1.0217111272969798e-09,-2.6611506926688445e-09,2.7194203897602884e-09,-4.827695874552201e-09,-1.6721148142806737e-10,7.809382311899304e-09,-1.894197074339656e-09,2.1230649957380034e-09,2.522630289957526e-09,-5.14580250052991e-10,-1.1493213342690684e-09,2.045738901605068e-09,8.0533112585174e-09,8.005636458130841e-09,-7.836044010530031e-10,5.988498229982246e-09,-1.307264957016648e-09,2.407322435546473e-09,2.588427452625137e-09,2.9277005815546585e-09,3.3903447358811597e-09,3.0246612389117607e-09,-2.6762313763902557e-09,-7.1098635020811955e-09,-4.1057710949901015e-09,-1.4829826593153953e-08,-1.1286729501279324e-08,-2.741532555367108e-09,-8.629919177761215e-09,-4.792485632544463e-09,-4.5026535883877965e-09,-6.6607294052879215e-09,-2.5129852272367114e-09,-2.563409970089995e-09,-4.709581457634778e-09,-2.6323215755073024e-09
L16treat_p8,-1.2822840399358776e-09,-1.725170949276841e-09,-1.1821563193361807e-08,-2.082594191824813e-08,2.790023981925939e-08,1.2920824200216398e-08,-4.919045233585293e-10,-4.233132959501335e-09,1.1762164978982364e-09,-5.013461725794844e-10,-1.2417419746603509e-09,-4.573762713512318e-09,-2.241620905611734e-08,1.7030002713824666e-08,1.2463425210141197e-08,3.4653342245133706e-09,-1.0469883446152054e-09,1.991109449008019e-09,-2.096941310889077e-09,-2.4185693739862588e-09,-1.1918443749510982e-08,-2.1318858605209986e-08,1.498382603502146e-08,9.243593889239846e-09,9.596997872441774e-09,-5.008012674737973e-09,3.2143362648104153e-09,-4.942736873313957e-09,-6.676820903671291e-09,-4.7982047912303595e-09,-2.420192521063445e-08,1.1277361709543459e-08,2.2867633596285915e-09,-1.4659822691753418e-10,2.2911921847110534e-10,5.206988184875874e-09,-2.7801218651512455e-09,-7.590469543686324e-09,-4.846984048316047e-09,-2.318785929626491e-08,5.174490323429468e-09,5.22299652435517e-10,2.1492999760455753e-09,1.1908526153527975e-09,8.178149422269995e-09,2.769291680142339e-09,-2.1125460629322754e-09,7.684733091935305e-09,6.305440709263336e-09,-2.1165456512009876e-09,1.219314537282245e-09,-4.4305695719045584e-09,-3.4351883827861265e-09,-2.2910903188857625e-09,-1.9133313741329947e-10,-1.0019040363026987e-09,5.550129769270344e-10,5.944019573972406e-10,9.599391133387916e-13,-1.8367221312091708e-09,2.4786486460012554e-09,3.568394819020945e-09,-6.415313228741651e-09,1.1203041655808382e-09,-3.9056267284147795e-09,-1.3539896078293219e-09,6.3963526611829845e-09,-9.928499831058693e-10,-1.3327882174858158e-09,5.041057729099772e-10,1.347872230930106e-09,8.97244107079993e-11,-5.194992351356489e-09,5.170012142845729e-09,6.989753575596246e-09,-3.7259933720896425e-09,-3.575643483364112e-09,-4.310523916912315e-10,-3.307492770933595e-11,8.06336663319101e-09,-3.9753251946814225e-09,9.222506259913667e-10,-1.615786744852479e-11,-7.89810459108619e-10,4.305768952250011e-09,-2.5221780072686985e-09,6.335342463973381e-09,7.67885832210679e-09,-2.368687633465146e-09,3.313833165556648e-09,-5.234463918410989e-09,1.1013178161346136e-09,4.3625311183729455e-09,7.614243313741141e-10,-8.36450244716125e-10,1.7055298193247808e-09,6.120707226504461e-09,1.7019419431752595e-09,-3.869799585785844e-09,8.485430897543434e-09,1.4126468500851664e-08,-9.88644848808687e-10,2.8632932353751855e-09,-8.161864808023032e-09,6.056000997969382e-09,-3.3974188084328533e-09,1.7332632935591676e-09,-1.935504067093318e-09,2.2758610762175693e-09,2.890527620597796e-09,-3.7466937430195746e-09,-7.0155441721271335e-09,-4.0149009497408515e-09,-1.032051154566347e-08,-3.67366842333052e-09,4.679310180910382e-09,-7.202245661621697e-10,-4.27315332778408e-09,7.277000064802991e-10,-3.2003968807229517e-09,-8.731352795782121e-10,-2.0565960770790057e-09,-5.688044698992119e-09,1.9317337007467727e-09,-6.289118686434586e-10,1.5417041896086892e-09,-5.525064478734166e-10,-7.95042694946333e-11,9.758727462144196e-10,1.4555202571792294e-09,-6.563171597971192e-10,3.381692116660493e-08,-6.159704940677838e-09,-6.613808358573223e-09,-4.956255369562628e-09,-6.334045036053398e-10,-7.0811616429480314e-09,-2.4678501873617816e-09,-2.7307391618809583e-09,6.34071536100469e-09,2.4810863257204547e-09,-1.457028022157245e-09,1.3561611296067365e-09,-3.725357813905988e-09,2.1127014258077269e-10,2.3595933249023074e-09,-1.2389698428835637e-10,4.691632328527708e-09,1.7652141116963483e-09,9.857892925362213e-10,-3.219424441298699e-09,-8.513351126877779e-11,2.64570513544156e-09,7.60117298013181e-09,-1.8195745716597545e-09,3.1378197548071694e-09,-1.2301706065341944e-09,-1.861978508919121e-09,1.1752902631149822e-09,2.311786018948381e-09,3.851185073133654e-09,1.6982955378085163e-09,-7.953621263257729e-11,-3.117540113015848e-09,-1.6261234323297184e-09,-7.443990456459493e-09,-8.752670308679991e-09,1.0550376575673932e-09,-2.9561876724377055e-09,3.798283311594178e-10,-9.703226646090068e-10,-2.468883308710093e-09,-2.0440108237937024e-09,-2.7705799101988335e-09,-4.198382333748531e-09,-5.075053062266606e-09
L16treat_p9,-8.731434115880005e-10,2.2985590823927486e-11,1.0476128844977372e-08,7.580629666004137e-09,-2.324886815536184e-08,-6.836683898057486e-09,-7.995957055946733e-10,1.538452821737836e-10,-7.600771671625096e-10,-1.0990479403071313e-09,-6.99161915019817e-11,6.686427830516319e-09,1.130737384651562e-08,-1.4856658137360018e-08,-9.089808975260392e-10,-1.2723399965248914e-09,3.4193689011995823e-09,2.641725759333083e-09,-1.09774155250207e-09,-5.412302215445573e-11,8.603325516607216e-09,9.487761276784106e-09,-1.7110836683916773e-08,2.9010708411389026e-09,-9.779831686580364e-10,3.094443192674899e-09,3.5050794055331198e-09,-1.5280597194225598e-10,2.4877739121232877e-09,6.7537201135379826e-09,1.3620299147826752e-08,-1.537369697618787e-08,2.9604920738173946e-09,3.604441396441619e-10,4.153065350244871e-09,4.163360193211272e-09,-8.687563530902605e-10,1.685733467795742e-09,4.777506033020078e-09,8.34160904022916e-09,-1.3219277410932623e-08,1.3021273775813277e-09,4.526787455442854e-09,1.2115472638528113e-09,1.9028039330375425e-09,-1.1497600579951243e-09,-1.1340563779000034e-09,1.6468436362428395e-10,-4.998628486580797e-09,4.385693384897565e-09,5.515664346661621e-10,-7.427175516959119e-10,-4.30648650172467e-10,-3.5520278616078763e-09,2.985084320004138e-09,-8.608305540621903e-10,4.049708632678867e-10,1.0008261995942972e-09,5.249396700452658e-09,7.748122173870271e-10,1.3910962147251242e-09,-1.3397636416242097e-09,6.164940489210944e-09,-5.202789210443435e-10,-3.4681075253827455e-09,3.674276214597569e-10,-3.6525719690546287e-09,1.7690693388018524e-09,2.2627864066948482e-09,-2.465164717076213e-09,1.2497025599402018e-10,6.160566621169104e-09,6.814575596807177e-09,-3.171481818212781e-10,-9.295954266946314e-10,8.97207372208133e-09,4.969625520991198e-10,-2.676059784683161e-09,1.4017366004634915e-09,-3.5864626749589293e-09,5.198472790834066e-09,-1.5364823992419731e-09,-2.3798653167749206e-09,5.044243812644577e-10,-5.329768371437742e-10,3.843397851718483e-09,-1.6014964686840052e-09,5.92337143368176e-10,6.288838030897169e-09,-3.001679348227231e-09,1.4068568423080197e-10,1.2316129598441648e-09,-1.2152689962707137e-09,1.3671391360058842e-09,-2.763745234908987e-10,1.053664610264609e-09,-1.7299477379043196e-09,5.325590266848968e-09,4.721022773166353e-09,5.037088494747172e-10,-9.88644848808697e-10,1.0117792535641398e-08,-4.1664692576421485e-10,9.15139997978326e-10,1.51210502245087e-09,6.687258663709422e-10,-1.4102975147002612e-10,-5.537279332382681e-10,-6.800813774353033e-10,-9.594758556428917e-11,-2.6707262232140937e-10,2.911617786831817e-09,5.578305095039835e-09,-2.6506041502190316e-09,-4.723532982386753e-10,1.494668208432657e-09,3.1897704169851625e-10,2.0264030224110737e-09,6.974060879376117e-10,-4.5877927992442546e-10,1.3382443828536732e-09,4.953955836179804e-09,2.2320647045333866e-09,-4.69222250032336e-09,9.416997411585536e-10,5.042563253182787e-10,2.7208737483826153e-09,-1.4061920469283631e-09,1.1570023535985022e-09,-1.5283423515890703e-10,-3.489010530945313e-09,-1.6299521098764137e-08,1.1005962651811808e-08,1.93503813309546e-09,2.9718365690883123e-09,1.5300035053447717e-09,9.964896368501074e-10,2.193728530537053e-09,-1.4665581027901941e-09,-3.0891835833715862e-09,-2.012484810735183e-09,2.5035660148351044e-09,-1.095424698602993e-09,-2.1303063715421476e-10,-7.025621206555117e-10,-3.861623013560845e-09,1.408909989328769e-09,-1.7239998827361808e-09,-6.520650023751961e-10,1.3669726988905625e-09,7.3751689395014e-10,-1.6305793883337705e-09,-1.868705474006274e-09,-2.841183736242238e-09,2.9334316010482413e-09,-2.8779834728671813e-09,-3.9392682921731534e-09,-1.1082502192458492e-09,-1.6031110688714966e-09,3.4127431849882204e-10,-1.9656490121392666e-09,4.336022803334211e-10,4.3885641160043004e-10,-1.3153414193462658e-10,1.7748140388791405e-09,4.166595459441147e-09,3.6610065369291394e-09,-2.875435180117532e-09,3.8474759891389366e-09,3.669013043046878e-09,1.6898099170372053e-09,2.719881606875416e-09,-7.486710508919835e-10,1.5646453302728015e-09,1.327011528243295e-09,-3.7427397329326325e-11
L16treat_p10,-8.161314268193601e-10,-9.49018871383354e-10,-7.543161406757153e-09,-1.639719254120346e-08,1.3581213038048587e-08,3.5317032481941133e-09,-1.5096520916746256e-09,-1.8035020062441419e-09,1.692405198669786e-09,-1.8728873940951486e-09,6.349859421819492e-10,-6.336833046288009e-10,-2.0816146863205813e-08,8.84419768654518e-09,3.609990759213107e-09,1.1150524404693835e-09,-5.4440410515737315e-09,2.3674847245594718e-09,-9.82738137268531e-10,-6.094181664116685e-10,-6.18434893072401e-09,-1.7785378680077084e-08,8.069165484003004e-09,-4.6016768724385984e-09,9.49852998722267e-10,-7.8609579397038e-09,-3.328750292378868e-10,-3.3497478938346148e-09,-3.3570268048271073e-09,-1.6274838702886773e-09,-1.995973604634941e-08,6.862730378851512e-09,-7.585919621773142e-09,-1.5846336073121642e-09,-2.5210240216669825e-09,5.007532378987277e-09,-2.158829410029372e-09,-2.5660487600786166e-09,-1.1293064776495946e-09,-1.2792119208662619e-08,6.35956850816177e-09,-7.52724072749287e-09,-4.060875050728482e-09,-2.9528920029613177e-09,2.473815927536775e-09,-3.953176374528498e-10,-1.2396056264767489e-09,4.4250508354056e-09,2.701228241091275e-09,-6.778793617702086e-10,2.8541474443680772e-09,1.1675541365334531e-09,-7.305604637319125e-10,9.96768246703e-10,-1.1799935274030307e-09,-9.091458850558461e-10,-1.4437628489823158e-09,1.5542685522367295e-09,-3.5744992497220443e-09,-1.867574008934735e-09,-2.417476044842546e-10,-5.918957770778499e-10,-3.598569499281788e-09,3.9837158202037374e-09,3.2330723304358226e-09,-8.369217442440434e-10,4.781583083237478e-09,2.5499905428566766e-09,-2.8731845899729715e-10,1.2552838737367778e-09,1.604230402493128e-09,-3.6160117129667658e-09,-3.504266044786572e-09,4.942858892867729e-09,2.982041445839137e-09,-2.9818433082810275e-09,7.639405528431507e-10,5.770674425528792e-09,-6.615683577272938e-10,7.423653671748024e-09,-1.9863728568177e-09,8.496504900340205e-10,1.7412198894643723e-09,1.7975418494028415e-09,9.111237073706551e-10,-1.8674427828035437e-09,3.867600743009797e-09,-1.0957503750909293e-10,-3.5438133346974315e-09,5.587285405292486e-09,2.981898809612268e-09,2.7115703952462012e-11,4.102432370898183e-09,2.7875004384729452e-09,2.3799597626282648e-11,2.8280531554489573e-09,3.86148947276223e-09,-5.078322719767973e-09,-4.1826679708747794e-10,4.8787143841975905e-09,2.863293235375073e-09,-4.166469257642e-10,6.1660492300667095e-09,1.6683691364551832e-09,1.2524044397823389e-09,-6.578427268549942e-10,2.1870400049816894e-09,3.351283875225823e-11,1.8226189870698805e-09,1.5558700712673164e-09,-8.671867941663887e-10,-2.087072033632788e-09,-5.0578833335786034e-09,-5.459898806685367e-09,-5.496224532402587e-09,-8.505799043864487e-10,3.5236474960791306e-10,-2.3707002709182448e-09,-1.0510256776775554e-09,-9.59142068632816e-10,2.4983393343216213e-10,-3.0674337977853757e-09,-8.324957688753007e-09,1.4041761887526433e-09,-8.731118861099207e-10,-1.084454631676844e-09,-1.3419401486081347e-09,-1.494002508325948e-09,1.0073639261624528e-09,-1.1402187304642096e-09,1.8785314215502414e-09,2.5240988875835234e-08,-5.79858419098652e-09,-1.6980137242254148e-09,-3.1342252534109425e-09,-6.892544664981876e-10,-3.748675543870605e-09,-1.567631519463064e-09,-1.1312563491055631e-09,2.50844151892872e-09,6.698968042697833e-10,-2.633799803159913e-10,4.126975334678842e-09,-1.4124768645660452e-10,-5.828906786727956e-11,3.6634187767419755e-09,-3.0255711728290435e-10,5.594952942146213e-10,1.416140611265862e-10,6.844670195605303e-10,-6.860297817705929e-10,1.9243842196365667e-09,3.0568694495662474e-09,3.3651618892619877e-09,4.693983738595015e-10,6.239584520841445e-09,-1.7437443951560543e-10,3.914400188918753e-10,2.259946561738848e-09,5.494385323537538e-10,1.0104030939633247e-09,6.720100606061758e-10,3.4788217977430396e-10,-1.255634676432788e-09,-2.17454670650588e-09,-5.979667901917233e-09,-3.2592940242203925e-09,-4.1362649399853067e-10,-5.630927187450273e-09,-3.069054467675122e-09,-5.543160223169257e-10,-2.575347327777745e-09,-4.662084092736189e-10,-1.629448697394775e-10,-8.316161652825679e-10,-2.094390925767698e-09
L16treat_p11,3.1882753890400247e-09,1.5071219968822377e-09,1.0107182279163955e-08,2.0475212072006828e-08,-3.402230536005741e-08,-7.993098859370175e-09,1.452832805332934e-09,3.585465361692702e-10,3.3062129123508442e-09,2.7006915565816116e-09,-1.8727436890176932e-09,2.234599870228057e-09,2.541950029201298e-08,-2.4193235935248086e-08,-7.412571058251389e-09,-9.305741343130131e-09,2.8219815940938836e-09,4.213085889539836e-09,6.144588320845453e-09,9.260497427191724e-10,8.075679510484558e-09,2.042522970892881e-08,-2.1504076548113994e-08,-3.3747512284770294e-09,-1.4215163620814024e-08,5.20851939542251e-09,2.1587577724620103e-09,7.18076069296756e-09,7.834533015898142e-09,5.833182592540374e-09,3.051876603705072e-08,-2.0550185911496838e-08,-1.80286191566492e-10,-1.110742705797884e-09,-5.055149692345681e-09,-7.825486776976579e-10,3.3515448834264257e-09,1.0396844748087803e-08,1.994654331459808e-09,1.873387815445006e-08,-1.4583829646453805e-08,6.579281898464176e-09,-2.255981370145416e-09,7.163115678683989e-10,-2.0082550273525057e-09,-1.3245544788366327e-08,1.9998069953949393e-09,-7.490942576316906e-09,-9.132470706666925e-09,3.0105327755708258e-09,1.87267719852983e-09,9.680085492214214e-09,4.703924446995388e-09,3.886859443356756e-09,2.07360693505856e-09,1.8160458360019973e-09,-1.7797625865686993e-09,-1.4826205205062212e-11,-7.107465590797206e-09,1.984183560354524e-09,-3.317243140169109e-09,-1.129585271930622e-08,7.00155225772764e-09,1.8031270516797607e-09,7.534978422496807e-09,5.077487615129373e-09,-6.718203375515583e-09,3.236393535615707e-09,2.369502739369308e-09,-2.703357905205462e-09,8.276288113562087e-10,-1.1927326610763671e-08,7.0257591167809466e-09,-6.173096421459454e-09,-6.840929009375899e-09,7.621555483762083e-09,1.4573893379323116e-10,6.396396729789159e-09,-1.3796439165064284e-09,-5.725280864489609e-09,7.807490367055389e-09,-1.6193717773683166e-09,-1.5915587146732167e-09,4.4867445142352195e-09,-1.195411218535949e-08,-1.4341877060411894e-09,-1.0831914818476115e-08,-9.03373398415932e-09,2.16847587148087e-09,-1.5023681143605685e-09,1.0548108733990917e-08,3.587037015105597e-09,-3.6422952818147484e-09,3.7591080762553384e-10,2.4512235528718557e-09,-2.7737837195229905e-09,-3.007649108063368e-09,-1.669977780356326e-08,7.206158751339205e-09,-1.0920676607215047e-08,-8.161864808022931e-09,9.151399979781129e-10,1.6683691364551195e-09,2.2384723895959164e-08,-7.940374877380873e-09,4.09283071624151e-09,4.702611624408908e-10,1.6827724706075786e-09,-2.8222369721634288e-09,-8.263884041160629e-10,3.387087474875745e-09,6.780030799956454e-09,1.280699210775219e-09,1.0526374514975302e-08,-3.989070948138521e-09,-4.991576899231373e-09,-1.9896000493812075e-09,7.655551074565634e-09,-1.868277197267861e-09,3.39879035430137e-09,1.6662350003195258e-10,-1.9852622919470073e-09,9.494755790754882e-09,9.993595504923468e-10,-6.558732944671318e-10,-2.683509704136757e-09,6.395443723706647e-10,-1.3518213867781292e-09,-7.624677740944761e-10,-2.2680075025056462e-09,4.451597748538657e-09,-3.435548652300997e-08,7.978550899378872e-09,5.988671881023713e-10,6.288042569951374e-09,1.2014122841143173e-09,4.354317091458862e-09,-5.526027718607595e-09,4.657439618199241e-09,-6.934963303761689e-09,-1.359326595269223e-09,4.0473941333006955e-09,1.1093539301782934e-09,7.798818759320622e-09,5.193317607817859e-10,-3.090857467966773e-09,1.933160608824271e-09,-2.6307132180800027e-09,-5.776991166338715e-09,8.774399990354362e-10,-8.888827229094741e-10,1.1182477911969118e-09,-5.9611243856825876e-09,-5.967705076665568e-09,1.8339681499886952e-09,-1.2639434771407477e-09,3.072670245192832e-09,-5.549526817972765e-10,-3.2501720893128426e-10,-1.2902457757929747e-09,-2.5883276304096727e-09,-4.2444715523151714e-09,2.143864088388269e-09,1.0409816669764601e-08,1.259182172406817e-09,9.81982418578431e-09,1.0816186821707245e-08,4.058979694113989e-10,3.2049324013278457e-09,-9.784386475051304e-10,3.136853778232644e-09,3.9354489016210045e-09,1.557404717461179e-09,1.7266046299997262e-09,5.804051539432045e-09,1.0394901743959507e-09
L16treat_p12,-1.7667290820363644e-09,-1.656992381751788e-09,-4.700361420238257e-09,-1.2643746129318256e-08,1.652114677741336e-08,4.339797089803479e-09,-1.1944665830583675e-09,-1.2381575181636596e-09,-2.9079856518455875e-09,-1.0750612744945703e-09,1.4102403205179266e-09,7.880795496859402e-10,-1.2631338517822297e-08,1.2927372975238534e-08,2.5036153331689134e-09,1.4987131293472267e-09,-2.9759178761601716e-09,-1.4214413029015835e-09,-3.0734909754021543e-09,-1.6509590292099845e-09,-4.205075347223178e-09,-1.203431229833614e-08,8.154375034049803e-09,-9.064083999042066e-10,4.38687490002518e-09,-4.29712325946387e-09,9.696606021003403e-10,-4.323716419474292e-09,-5.455697039470774e-09,-4.165956759426642e-10,-1.5073677403909573e-08,9.19159396091132e-09,-5.657972320860281e-10,-1.5795077276154805e-09,1.949319715503745e-09,2.4081312914944157e-09,-3.1231692763637357e-09,-6.0583265855267475e-09,5.7617636992425045e-11,-1.1654614020162375e-08,5.779609034151556e-09,-5.966847962438938e-09,1.3175122546976148e-09,5.342393122018218e-10,2.5282509788414108e-09,3.041561941748107e-09,-6.425565788699239e-10,6.522415103275311e-09,5.119540611741665e-09,8.866941711785186e-11,-7.553768625141036e-10,-3.7461173926946985e-09,7.057689355773454e-11,-2.108418439766548e-09,4.4836097931411834e-10,8.371794524786002e-10,3.581039713071876e-10,-2.1193629233392095e-10,7.833301069138277e-10,-1.4713438260284674e-09,2.4735362721722067e-09,4.534709931619249e-09,-3.538637316517971e-09,-2.847899311817606e-10,-8.665248364810146e-10,-6.422943897634672e-10,5.155385180901541e-09,7.225129140470397e-10,8.012440122923429e-10,3.241812261737544e-10,-1.607299219423189e-10,2.5396267346124728e-09,-6.555429932271723e-10,6.122310313821012e-09,3.9773538651301e-09,-2.1972867587581244e-09,-3.9390456187882506e-10,5.616447772456783e-10,3.433491836738637e-09,5.41783858820505e-09,-1.1164363358085904e-09,2.2881401123332484e-09,1.2458010843987674e-09,-2.3390983509631946e-09,3.6350729447104592e-09,1.0805946603002597e-09,5.928031391477034e-09,4.381755007876378e-09,-2.851458783442809e-10,1.914227604314874e-09,-3.0051207398625954e-09,-9.930266387192385e-11,2.7819676415365772e-09,1.864622693188271e-09,1.1339006218652779e-09,2.229392339481232e-09,2.1439320381981575e-09,4.1720915850787175e-09,-1.9062557839954493e-09,8.590780100081206e-09,6.056000997969355e-09,1.51210502245087e-09,1.2524044397823637e-09,-7.940374877380881e-09,8.373923533329448e-09,-2.9064312578687565e-11,3.550122437092414e-10,8.424670035659937e-10,1.8542735864530598e-09,1.189309196378228e-10,-2.0481201801714867e-09,-3.4640469797749507e-09,-1.4313973282708502e-09,-3.781153790168652e-09,1.1950428926031995e-09,5.7306184368448505e-09,1.1813390520969584e-09,-3.0032695261620063e-09,-1.151065536767871e-09,-1.606069212321514e-09,-1.3864380816551047e-10,1.7888515987206258e-09,-3.215565831478312e-09,3.234891611173953e-09,1.596973534755849e-09,6.328655770529136e-10,-8.623827802605067e-10,-4.804804960986646e-10,1.3675083661066438e-09,1.8029630035545325e-09,-2.169959080867889e-09,1.9971009993344436e-08,-5.924972702885984e-09,-1.7818672344237603e-09,-3.6833947780964054e-09,-1.4706092248602494e-09,-2.9672422729340234e-09,-7.261815830899569e-10,-1.6037163731845962e-09,3.5254137105799863e-09,4.71817741813292e-10,-1.7088498091992477e-09,-5.893706145720648e-11,-3.209206917931936e-09,3.6413282090598256e-10,2.641508327902459e-09,-2.0146642088321055e-10,1.9865750396229705e-09,2.1493704221061716e-09,-8.772167720883096e-10,-1.1165967835815853e-09,1.6293399416047364e-09,5.0487937832781955e-09,3.646837329220188e-09,-3.510796844869658e-10,1.199469371135396e-09,-7.76644526488909e-10,2.011324949580508e-09,6.628834474332769e-10,1.250890901899091e-09,1.2629276095948682e-09,9.555718592197233e-10,-2.487608937954523e-09,-3.2237893927979827e-09,-2.583276047521852e-09,-7.459295533053683e-09,-6.054317089264687e-09,-1.5611307978626877e-09,-3.217429489948925e-09,-1.240939857149732e-09,-3.463859648747619e-09,-2.864699440237529e-09,-1.6018383184785186e-09,-1.6929478162268672e-09,-2.1490320039722385e-09,-7.226172801749097e-11
L16treat_p13,1.3762966672114285e-10,5.454952633378466e-10,4.866621346196483e-09,1.1009875650259404e-08,-1.1738563905951358e-08,-5.424043894989058e-09,5.208442528848345e-10,-7.099306011373889e-10,-3.4502247293243836e-09,4.3105261218296626e-11,1.3067314887870938e-09,4.6140515041558745e-10,1.409061988113903e-08,-7.054171969681572e-09,-8.491866063582476e-09,-1.8184222066249531e-09,-1.880180701371902e-09,-1.4394309445510939e-09,9.389328793457132e-11,9.837391674668264e-10,3.326642363426809e-09,1.4056200733050746e-08,-6.337590048654516e-09,-3.7779872932593235e-09,-4.066016147930992e-09,8.760882737780302e-10,-6.523950375208666e-10,2.2272793215085728e-09,2.6731566676645033e-09,-4.366791694862305e-10,1.619259797763991e-08,-3.3173507379784727e-09,-3.6898071307780036e-10,-2.4343491005179303e-11,-2.452522347898163e-09,-4.57362397918477e-09,5.668710902823939e-10,2.7508438003166823e-09,-3.817161632114829e-10,1.3033885251274786e-08,-1.8597026915080012e-10,-5.001863588042808e-10,2.7358244731936443e-09,1.2555132324814065e-10,-3.1385114020276957e-09,-3.3412457725568986e-09,3.003141033506959e-09,-4.1109717101177495e-09,-1.7151500631408185e-09,2.1134790843773443e-09,-1.7811583283793554e-09,2.5735782123068593e-09,2.928448168812998e-09,1.605920399385424e-09,1.1710299804586716e-09,4.306219698518666e-09,4.0868342162970985e-11,-4.923593116458815e-10,-2.2487795429852304e-10,8.812524646808112e-10,1.0647326089168923e-09,2.7683625549591955e-10,3.4576199854710845e-09,-1.79183841750108e-09,3.035951359225136e-09,3.563095590818066e-09,-3.2925980877495922e-09,1.2190718232599701e-09,1.6301587123380822e-09,-5.53638527082347e-10,-5.539211202255842e-10,-1.6848778880923128e-09,5.894408345788214e-09,-1.1660497540124787e-09,-7.240624021043644e-10,3.268981095260252e-09,3.4760975813875603e-09,1.8731606449806866e-09,2.601235198369055e-09,-3.061056835812887e-09,3.4651382388821675e-09,2.056920234126403e-09,-1.8574298365920218e-09,-3.852144281609045e-10,-1.3053994360676467e-09,2.158051254613658e-09,-3.650968124295173e-09,9.109584839989716e-10,2.58110287754929e-09,1.6793744062150936e-11,2.1357370532254405e-09,1.990470923731799e-09,-3.2684735792328915e-09,-3.9780252493081864e-10,3.5160356775338714e-09,-9.286875550639251e-10,-2.653031919022682e-09,9.550866412196288e-10,2.5140493073693337e-09,-1.6015769100308018e-09,-3.397418808432936e-09,6.687258663708799e-10,-6.578427268549527e-10,4.092830716241482e-09,-2.9064312578676598e-11,5.651442116299947e-09,-5.461468225816411e-10,2.5024108129294915e-09,-1.6314032172765697e-09,-2.241623669759275e-09,2.011449019593857e-09,3.617794879617646e-09,3.3064648678100064e-09,6.674391943201305e-09,4.300771636017465e-09,-1.242904616055694e-09,-1.195271671668221e-10,-1.4295739990682368e-09,-1.8175930782304305e-09,2.6395052975914617e-09,3.595058437056407e-10,1.5529764465852347e-09,3.6562717721316073e-09,3.7065471552770125e-09,1.5587263911828491e-09,5.03141935241156e-10,-4.14449417463526e-09,5.313757256577603e-10,-5.008150211888704e-10,-2.6724617529792234e-10,3.708881484268164e-10,-1.7719802698632307e-08,1.3003650779725248e-09,5.187215285909318e-09,2.6978750260558872e-09,3.5968000737317334e-09,4.73511636084969e-09,-2.2188303497248375e-09,2.1011676819074786e-09,-3.436803619421045e-09,-2.528118665271696e-10,1.8088219308403302e-09,-2.3749126690935347e-09,8.111229873531074e-10,-3.9260585494392475e-10,9.703065043506176e-11,-2.9793083829150155e-10,-5.658606336071519e-10,-4.3643890588741123e-10,-1.6031585052951008e-09,-7.215134074431337e-10,1.972431823703983e-09,-2.233021164580952e-09,-2.9565326347148913e-09,2.715609817470122e-10,-3.3379716577885605e-09,1.5077541554009552e-09,3.0418454873206613e-09,-1.0015378937726857e-09,-1.5662347223383145e-09,-7.957471407724083e-10,-1.7395592243280803e-09,-1.718626674417784e-09,3.971712474143328e-09,2.896378773664104e-10,3.683953706860421e-09,2.66796866538795e-09,-1.6353004500413783e-09,1.2685357937028667e-09,-9.927650331224117e-10,-1.5767105880971888e-09,-8.304192836125343e-11,6.496537334818032e-10,-5.178155986142226e-10,2.237649085072206e-09,2.2598697745688316e-09
L16treat_p14,-9.922622780373093e-10,-3.6102899672964403e-10,-3.7550094203205835e-09,-7.750018013769822e-09,5.156874334831033e-09,2.562885217230168e-09,-3.638171959602272e-09,5.881320414381913e-10,2.2198273086955573e-09,-7.878910984656614e-10,1.0882826396789686e-09,4.0477193835730734e-10,-1.0448655938704392e-08,8.538202722920871e-10,3.468633680326442e-09,-3.147854370186716e-09,-1.1903918089778652e-09,1.8315420691780085e-09,-1.1811569873867738e-09,-6.090451489731789e-10,-2.6950804067011807e-09,-6.345602974358036e-09,2.6269933731178846e-09,-3.0465064850046843e-09,-1.6760883584949888e-09,-3.6684235256735115e-10,1.3689292921350428e-09,-2.4171748569255756e-09,-1.8618791017429265e-09,9.599506400275448e-10,-6.614946235196779e-09,-1.706897977837734e-09,-2.784748564266892e-09,-1.873794997956198e-09,7.180555106390761e-10,3.745202268931051e-09,-2.2141323947159095e-09,-1.7539904575069594e-09,-5.435328187092712e-10,-6.550776551909223e-09,3.299792370074694e-09,-4.1687302796871805e-09,-3.905311012735836e-09,2.6687345087564744e-10,2.7384342618866546e-09,-5.666372195221645e-10,-2.28066471451883e-09,2.834430345477624e-09,1.163262327177221e-09,8.107893434627268e-10,1.0358560847371696e-09,8.76321770645189e-12,-1.1254909805306562e-09,-3.800357211795758e-10,8.559306048512185e-10,4.5446836345687134e-10,-2.239709656203655e-09,1.1649312008555998e-09,-1.7978038578448491e-09,-3.0091850438618216e-09,5.746827612605356e-10,3.9089061551046177e-10,-1.1265588049781337e-09,7.498078848910283e-10,2.2048987014038984e-10,-3.902643790902383e-10,2.1638188811740096e-09,3.1923644310344237e-09,-4.3510138522323536e-10,-5.781304934989225e-10,1.6153322946537044e-09,-2.5269508123457477e-09,-4.773307746476951e-09,1.5000258855509846e-09,2.4544758615834964e-09,-1.0232550493160686e-09,-1.5717900431459447e-09,2.0323257873975957e-09,-1.3918392752294585e-09,3.897341939165171e-09,1.2611933348564982e-09,4.907657728646555e-10,-7.735282264139218e-10,1.364651068554422e-09,1.2013907009673873e-09,-2.273831793533514e-09,1.51514902737833e-09,2.186304536973215e-09,-2.8895766945087934e-09,1.606433110186304e-09,1.8021825832434746e-09,-1.3757273218982937e-10,6.83067597476519e-10,3.741750362741958e-09,1.2899512475920845e-09,5.747535460692708e-10,1.4368971775315863e-09,-2.294032956338973e-09,-1.1392093152895176e-10,2.3805970828261457e-09,1.7332632935591535e-09,-1.4102975147002977e-10,2.187040004981728e-09,4.702611624409084e-10,3.550122437092097e-10,-5.461468225816352e-10,4.4360783670076475e-09,3.739186990466079e-10,6.167356417012062e-10,3.4149061221096946e-10,-1.2911348673276684e-09,-8.781878318028224e-10,-3.2991320950882084e-09,-3.385736200044977e-09,-6.299962422625188e-09,-1.9625995953597894e-09,-1.1293216480728103e-09,3.552055421274172e-10,1.168057925275733e-09,-8.870915794448231e-10,1.1244426052212598e-10,-3.647223162951485e-09,-4.504546362970926e-09,7.564694662906009e-10,-9.769972710678005e-10,-1.0029437397353725e-09,5.02428513234326e-10,3.290117966391751e-10,1.4235359544914058e-09,-1.0184924082424987e-09,1.1121279104071139e-09,1.1415312428842466e-08,-2.0270175959053012e-09,-1.0263461689914064e-10,9.381178301391675e-10,-9.122271950198367e-10,-2.188680372245827e-09,-3.798358033699292e-10,-2.111977840817139e-09,1.5905095286747637e-09,1.0420382221054369e-09,-2.7535758480848423e-10,2.245719310992784e-09,-3.908890301439845e-10,7.564119897891037e-10,1.7357605560035782e-09,1.804738162027869e-09,1.94211851270491e-09,-2.0208989511274157e-09,7.328461672380606e-10,-2.080608385597885e-09,-1.0456404849425826e-09,1.7312976855893554e-09,3.034686189047555e-09,-4.1802125658410176e-11,1.330847830592382e-09,3.384974279987629e-10,8.374110466599055e-10,1.946777035817419e-10,2.067302815787265e-09,6.198676413945324e-10,-3.2877349351101064e-10,6.286446414615314e-10,-3.3546071694977304e-10,3.1742832751908306e-10,-2.4953633607354513e-09,-1.91968675256682e-09,3.270039102950514e-11,-1.96047205750438e-09,-1.6782995764442224e-09,-2.0763568793172233e-10,-7.283304554956724e-10,-2.407062232842841e-09,-6.464358904084281e-10,3.232025423439835e-10,-1.7486529164144447e-09
L16treat_p15,-1.6306914204950113e-11,2.598705174909467e-10,2.3236105527788684e-10,3.858693352283771e-09,-1.3097791300585638e-09,-4.456546310971145e-09,-7.353159250456074e-10,1.3372513028408258e-09,-3.022293820288594e-09,2.266089664256385e-10,2.217819753262058e-09,3.651503416583206e-10,4.406208583042929e-09,-3.264516291482726e-10,-8.151201075766158e-09,-8.992061710029304e-10,-1.984453046197324e-09,-1.6967259193951455e-09,3.71128182021287e-10,8.75807982604113e-10,1.4023850432211604e-09,6.535551716595456e-09,-8.213295252789341e-10,-8.641810269481767e-09,-4.086793226316793e-09,-3.886794857607699e-11,-1.3185610861212318e-09,1.463726280491931e-09,7.237854812182053e-10,-9.600923315269357e-10,4.153042999258101e-09,9.498748600431988e-10,-4.439041571232722e-09,-7.566417505042975e-10,-6.37786129233657e-10,-2.352547209458487e-09,3.735869202723461e-10,1.0070623242473543e-09,-1.9069604483508302e-10,6.767479985160675e-09,1.5701304796591612e-09,-6.9850562874638635e-09,2.885446616690209e-11,-7.131784712678617e-10,-1.6275883071643379e-09,-1.478942626787132e-10,1.0544557433271334e-09,-1.2174830550056404e-09,4.572657382925285e-10,6.160208465577501e-10,-1.8609490539324429e-09,4.282093812275821e-10,2.195871468751148e-09,9.93808430258353e-10,-7.930160137576215e-10,4.149424921990598e-09,7.90371819272642e-10,-3.191783844953859e-10,-4.5702657656084723e-10,-1.3977951322307178e-09,-5.56252047771719e-10,1.7833003152357062e-09,1.6412060281846302e-09,-1.0495423866459102e-09,2.9716230035830683e-09,1.654697110949885e-09,-1.454096550436824e-09,7.429892335768351e-10,1.9811937892073285e-09,1.4401708899703884e-09,-6.97842386120377e-10,-9.584226271243641e-10,6.136327152330823e-10,3.832279473177377e-11,-2.1560082620369874e-10,-3.2515042779727574e-10,1.5893418519971147e-09,1.0651746901877923e-09,1.2633178676780006e-09,-1.0580836110530223e-09,2.5549696079879374e-10,3.885551820462122e-09,2.0623982355502376e-09,-9.601664292204303e-10,1.6039834242368512e-09,1.2338516998417456e-09,-1.1578503537956675e-09,-5.2677301486632066e-11,-2.6052206073907577e-11,1.4704353060070165e-09,1.8176734077066633e-09,-7.350778416485596e-11,-3.713812713780645e-10,2.4303708223112127e-10,3.6975363687250675e-09,1.7039751055571237e-09,-2.3745175880047473e-09,9.784989020727626e-10,-1.0679953463246625e-10,-2.0229732683562926e-10,-1.935504067093334e-09,-5.53727933238254e-10,3.351283875226328e-11,1.6827724706075662e-09,8.42467003565985e-10,2.5024108129294973e-09,3.739186990466041e-10,5.435484761512711e-09,6.212716150246115e-10,-2.4658105519856797e-09,1.7839163651141524e-09,2.074447293071771e-09,5.212558456909268e-10,5.49120634731575e-09,-1.2405080592795945e-09,-1.3595889237953323e-09,-5.281504570231077e-10,-6.562616849633775e-10,-5.083782776397366e-10,2.1949128909894673e-09,5.569881756552213e-10,1.29673534354184e-10,-9.020672814306016e-10,1.2513479546094083e-09,1.700874393156185e-10,-7.932297939793928e-10,-2.3803722429300687e-09,6.782005679416094e-10,-5.885174180143105e-10,-3.028463483199159e-10,4.437052770322652e-10,-3.724821205137878e-09,6.277362879547355e-10,5.211276394483263e-09,1.3899771814063682e-09,7.852923681223213e-10,2.3838467416694314e-09,9.458144257032452e-10,2.705523943942609e-11,-2.1606734702750674e-09,1.5851331396371134e-10,2.1379686748535532e-10,-3.130042659377976e-10,-1.0732000386096826e-10,1.022699079955314e-10,-1.1183681237679339e-10,-1.4096488594514364e-10,1.478617375891349e-09,8.438100696638773e-10,-9.668630755938705e-10,1.431599857641521e-09,1.102854568409751e-09,2.1656082531243098e-09,-9.111851238959668e-10,3.7048688684468097e-10,-6.701330228410436e-10,1.2783820642548925e-09,2.2438241159989083e-09,-1.2354989771417909e-09,-9.401845193395945e-10,1.3108416294015071e-09,-1.0419545954189248e-09,-1.0186257448841296e-09,-2.732793787714662e-10,-9.965356991075758e-10,-1.0119391531318372e-09,-7.146748231201333e-10,-2.106194184003349e-09,-2.008011508631907e-09,-2.1920181378236262e-09,-2.299804505451433e-09,-6.184273985768319e-10,4.762660994663719e-10,-2.08350224316503e-09,3.0982960541228636e-10,2.1404514265324373e-09
L16treat_p16,-2.2424749953065718e-11,-5.391566186184721e-10,-6.832017815817189e-09,-1.3919307241773606e-08,2.0573830350650883e-08,3.2252657520692223e-09,5.7542172876015e-10,-5.31604372316292e-10,-9.602004445942164e-11,-1.384265819007139e-10,8.425041026123175e-10,6.826792165481328e-11,-1.941023252998147e-08,1.3313297404793414e-08,3.3647442781018473e-09,3.990005372845451e-09,-2.5968648635324887e-09,-2.0658126052472553e-09,4.3681544239307756e-10,-6.568438420305996e-10,-4.162806509406531e-09,-1.8016083181396573e-08,1.5460523362624045e-08,-4.909303821048591e-09,1.917045063214414e-09,-4.635680035027881e-09,-2.3845964485991493e-09,-1.9999472652671157e-09,-4.369724068066824e-09,-1.460530001725072e-09,-2.3687471639479296e-08,1.3781649449527462e-08,-3.789696382824814e-09,5.193832010889882e-10,1.9828617773648453e-09,1.2438097233639552e-09,-2.743996821884194e-10,-4.108546561666218e-09,2.9143918203518096e-10,-1.0708150604206722e-08,9.717545669879238e-09,-6.46763636998695e-09,-3.3465112227169884e-09,-2.1051214561526078e-09,9.615421034013076e-10,3.91918001161281e-09,-1.578900375083545e-09,2.8686935130279725e-09,3.605429274582617e-09,-7.786429246752771e-10,2.6426406853762585e-10,-1.7230318518236952e-09,-1.8233181109667805e-09,2.7693363735119813e-10,-3.2115866071568997e-09,-1.331247710479015e-09,1.4338425425681568e-09,8.547100704260274e-11,-2.7637752273953243e-09,-2.2607926468320625e-09,-1.8182185744332277e-09,2.69797058736081e-09,-2.0786964787460346e-09,1.8435831816922747e-09,1.7664151114664635e-10,-3.1967533023717745e-09,4.628557844675341e-09,-3.571983962887983e-10,1.1810799923745782e-10,3.6259227609061645e-09,-8.938693640570565e-10,7.275318184766791e-10,-5.5233597258387555e-09,2.839261426895108e-09,1.731787644781686e-09,-2.1469679859173715e-09,-1.0433450734986912e-09,1.5435174604129409e-09,3.274383549118052e-10,5.642587439768395e-09,-4.218991993728388e-09,1.740646008472026e-09,4.153326438696646e-09,-1.514856328062558e-09,1.7275189016509651e-09,-1.883009534619667e-09,5.004759742287293e-09,-7.068628677565238e-10,-2.5035180553007316e-09,2.9070672156476862e-09,-1.7810688377574903e-09,-2.6410094322523213e-09,5.051271810069339e-09,6.867796630853968e-10,1.011674563185995e-09,5.381790978467122e-09,1.0335113991378405e-09,1.9050153569534443e-11,-2.862225413089115e-09,4.76592558390686e-09,2.275861076217559e-09,-6.800813774353518e-10,1.822618987069868e-09,-2.8222369721634846e-09,1.8542735864530838e-09,-1.6314032172765997e-09,6.167356417012013e-10,6.212716150246103e-10,5.275189561679262e-09,-9.065296250775743e-10,1.0243167826765022e-10,-2.5081834160425325e-09,-3.898547945894516e-09,-6.740760150707985e-09,-3.467430836274094e-09,8.035432386990725e-10,1.872576730777634e-09,-2.3720562237907577e-09,-3.283279758991135e-10,-7.395677979643058e-10,-5.262139633222226e-10,-2.8509042262742563e-09,-6.8932232312675124e-09,-1.1300514429086707e-09,1.0864332653148989e-09,1.5427873103803112e-09,-1.5247369250477797e-09,-8.078203209322426e-10,-3.336697814781192e-10,7.342529072310048e-10,-3.2475015427651874e-10,2.568236123322879e-08,-4.9803173480903154e-09,-1.5272229234485218e-09,-4.735210023996622e-09,-2.4967316397473995e-09,-2.68672813690417e-09,2.343487900091262e-09,-1.3267542300644618e-09,2.3912360181368747e-09,5.918267714444867e-10,-5.557482620482432e-12,2.63503570055573e-09,-1.5740942594845158e-09,-8.50894630476212e-10,2.1687314183777846e-09,-1.4758115071048128e-09,7.23639331318728e-10,2.583032011895374e-09,2.5867275118995855e-10,1.2850550509698018e-09,-3.923209400624355e-10,2.6555182511318893e-09,3.0782804661768747e-09,1.0566190032322938e-09,3.7684277119751716e-09,-8.706523432432769e-10,7.841259184824609e-10,4.751873239553534e-10,1.4520044392983017e-09,2.5828057179900045e-09,3.0806542502990504e-09,-4.677000056559164e-10,-3.8953677496302065e-09,-1.6738158625676043e-09,-5.589915440406827e-09,-4.720820642306561e-09,-2.127473749430889e-09,-4.505235441306674e-09,-1.7712604984553092e-09,-8.941630807232899e-10,-2.267256550244246e-09,1.9466896584582733e-11,-1.4564137903022144e-09,-3.4013491883066413e-09,4.5480869352797475e-10
L16treat_p17,-1.8737771524255426e-10,1.9616846287377506e-11,-3.9364453792746806e-09,-7.011554393776024e-09,9.689447897188055e-09,4.742108844516604e-09,-1.5430093487874484e-09,-1.6241779701350798e-09,1.6465724072515553e-09,-1.2793926239797714e-09,-1.4068077616200628e-09,-2.8932768185668633e-09,-9.143337636359971e-09,5.797319748250284e-09,6.617341767003487e-09,-4.523096326977972e-10,1.1302761991488085e-10,1.8886973931297293e-09,-2.329893350478626e-09,-3.3229945332478677e-10,-5.556936718230153e-09,-9.534878610337688e-09,4.499249773455995e-09,3.6176380886033286e-09,3.8172126225923195e-09,-3.776834559787751e-09,1.5061638181582852e-09,-3.2736501074882554e-09,-1.6754823996052047e-09,-3.0424822243464904e-09,-8.144646184161413e-09,-9.691211400027958e-10,-2.797112616051223e-09,-2.509975640690942e-09,-6.864710856175736e-10,4.193252577232544e-09,-1.947297308682413e-09,-2.7274201044471295e-09,-2.6290160500980474e-09,-1.0987343391038657e-08,-2.002847727060159e-09,-2.576610032461401e-10,-3.3226448427081505e-09,-4.319371814713231e-10,2.115070517081174e-09,1.4893997152955586e-09,-1.7495067619777898e-09,2.7398571022318685e-09,4.3411579642017174e-10,-1.9439251988319954e-09,1.7888279488358271e-09,9.19631041709341e-10,-1.3345139844682852e-09,4.556819454482805e-10,-5.430921506022632e-10,-1.8705703821977425e-09,-1.0274118697061978e-09,4.3221373523656305e-10,3.818749229811374e-10,8.796212146288365e-10,1.7609770405619575e-09,-5.761365659694491e-10,-3.912283055231823e-09,2.0505718335561007e-09,-1.763623779538595e-09,-6.914778314227453e-10,2.1238927439616277e-09,-7.421826926676554e-10,-1.0599598191754562e-09,-4.640678161288226e-10,2.218728605407596e-09,-5.073882328498033e-10,-2.965857903048065e-09,1.028004609205294e-09,5.032794970201568e-10,-1.9188358905755217e-09,3.5561505100992077e-10,1.9965338127941005e-09,-8.520874634541226e-10,3.5160077689889784e-09,-2.140265257692739e-09,-1.3943800891414592e-09,-8.825700371668451e-10,3.767796305924762e-09,1.0553778747774964e-09,-1.2310076672284514e-09,1.3568199938269726e-09,1.5001617488186927e-09,-7.245372022679839e-11,1.1259255961921742e-09,2.229167530532623e-11,7.820974596692587e-11,3.5805933875333414e-10,-3.1612059397972245e-10,-3.0611569399657955e-09,-1.1692845012676821e-09,7.595882064358832e-09,-1.1787113866931492e-09,-2.254438295488494e-09,9.747525337252965e-10,2.8905276205977733e-09,-9.594758556427681e-11,1.5558700712673234e-09,-8.263884041160495e-10,1.1893091963782991e-10,-2.241623669759263e-09,3.4149061221098115e-10,-2.465810551985685e-09,-9.065296250776105e-10,7.491690075322023e-09,-2.4219181330048225e-09,-3.304977095684579e-09,-4.007872551578004e-09,-4.0163224183294526e-09,-1.2263082311948852e-09,4.020325023187179e-10,-1.7830680445571523e-09,8.422913708131568e-11,-4.4532153281522465e-10,-2.2905533612497675e-09,-2.2592963930818464e-10,-6.477568494006082e-10,-7.222115534237015e-10,-6.088316736823419e-10,-2.392194603036909e-09,-1.057487335917004e-09,1.6494341309037229e-09,-1.7848297248450983e-09,7.350206958685453e-10,-3.5590215128604163e-10,-1.9530997388813364e-10,1.0869235504854257e-08,-1.2662976450707686e-10,-3.6290424938345933e-09,-8.009294053400011e-10,-1.1352847924685546e-09,-3.781541686609929e-09,-1.7358938411253654e-09,-6.30193333082744e-10,2.8563822224082677e-09,4.1457547041982643e-10,-2.8234461103351807e-10,1.814463680654105e-09,-1.4559757898698943e-10,6.205195397104909e-10,1.9884339578150953e-09,4.813837535906587e-10,5.879722124836873e-10,-6.872427380704155e-10,1.1529667012485867e-09,-2.248054282226655e-09,-6.609945217515725e-10,5.690540738987232e-10,1.7949772848253697e-09,-7.687096849856071e-11,2.5576185294607837e-09,9.002030934357698e-10,-2.8109664947000375e-09,2.6294739495253808e-09,-1.1456701995966176e-10,-5.948439609344923e-12,8.894134139665709e-11,1.0566342421649587e-09,-3.141003564817523e-10,-5.06638578459151e-11,-1.5506580520130237e-09,-9.32255711563862e-10,2.218738270394164e-09,-4.6334874801211565e-10,1.0315854502913033e-10,1.548024332653457e-09,-9.355228560397291e-10,7.892748596929572e-11,9.048442032771198e-10,-7.08996227680678e-10,-3.6483776829128195e-09
F12treat_m4,5.938450079504828e-10,6.26867848511251e-10,3.055038706574109e-09,9.159775677206382e-09,-7.73788028952929e-09,-5.9684575998581116e-09,1.7062101243713358e-09,9.255395568511294e-10,-1.5450626563378546e-09,5.002188880104056e-10,5.916896018171599e-10,4.816802442629019e-10,7.284259672234147e-09,-3.5680661177349923e-09,-6.375619020402731e-09,5.513801453828002e-10,4.762266747343374e-10,-2.1018736064650346e-09,1.8504468721324274e-09,1.4275066924328167e-09,3.4891235162955585e-09,7.725401326732827e-09,-1.2751799579130967e-09,-5.340898832891156e-09,-2.8480678282340394e-09,1.2852301935039316e-09,-2.7171831857062182e-09,2.824167102942552e-09,2.6200671399569565e-09,-5.122321249123417e-10,7.321678810556275e-09,-9.345511809310994e-10,-2.8894476301244574e-09,1.196440374145076e-09,-2.930987386768238e-10,-3.084164010257459e-09,2.4062153250718383e-09,3.384255098093708e-09,7.405883552868931e-10,1.0942575679983577e-08,-1.0782784202665347e-09,-7.680992157873134e-10,7.553086420930097e-10,-1.0991581665036774e-09,-3.228807147268115e-09,-6.283617009193071e-10,2.5377326384628017e-09,-3.500196387364638e-09,-1.7489217484283568e-09,2.777965214156172e-10,-8.118975678949365e-10,1.968116031585051e-09,1.6368796336953587e-09,1.1255424992397902e-09,-1.2193782283811653e-09,9.963075439513273e-10,1.2725052471641466e-09,-3.6937620382951335e-10,-6.852063464919446e-10,1.1431813030072879e-09,-1.4516338667984195e-09,-6.110227463265431e-10,2.8338304205668434e-09,5.293082422333783e-10,2.0791643334029637e-09,1.0169726118570243e-09,-2.9127956799843513e-09,-5.17205357249382e-10,9.722897304592984e-10,1.1165982605777548e-09,-1.2732710392078411e-09,-3.693136292510877e-10,2.333100799494637e-09,-1.2750347397999258e-09,-2.221035793325289e-09,9.625199645195715e-10,1.7379800587361512e-09,4.69958853839021e-10,5.212296308488965e-10,-3.4878010429605422e-09,-2.2187068907156276e-11,1.3900276268467987e-09,1.0836306870085376e-09,-8.502206291293549e-10,-9.41680815119695e-10,7.539825247898719e-10,-1.983790862115741e-09,-3.0163016185368513e-09,8.783021668907772e-10,6.71294366567344e-11,1.5858747823320498e-09,-2.458597939958463e-10,-7.325708824250286e-10,-9.430019797410454e-10,1.1064672366436956e-09,8.500466062615087e-10,-2.8882049876281106e-09,-5.412381363844919e-10,1.0738452757028993e-09,-2.7101009477891496e-09,-3.746693743019569e-09,-2.670726223213855e-10,-8.671867941664127e-10,3.387087474875802e-09,-2.0481201801714995e-09,2.0114490195938455e-09,-1.291134867327653e-09,1.7839163651141799e-09,1.0243167826765507e-10,-2.4219181330048146e-09,3.1303442911845318e-09,3.08167190241266e-09,1.4323923316807285e-09,4.658659843523449e-09,2.7964623984394233e-09,-1.930965994461655e-09,8.639133359386502e-10,9.352650744540839e-10,-7.540420332629485e-10,2.0051922686737186e-09,6.607622203712675e-10,7.256794112355508e-10,1.1442478073983e-09,-2.0233566997514538e-10,8.544342747747981e-11,5.426377404150466e-10,-1.6300020769125725e-09,-7.450358325582797e-10,-1.7018636271071465e-09,-6.774819119122027e-10,1.0790397473064395e-09,-1.0688521011904661e-08,1.9653900634746042e-09,4.279188627711224e-09,1.4666943751555995e-09,8.164346550991468e-10,3.8541970330229915e-09,1.1286505922531177e-09,1.4204939592465313e-09,-2.620665104744922e-09,-6.542592934432208e-10,3.1733119190021715e-10,-8.090722576274687e-10,1.1629554369355602e-09,-7.096006228557419e-10,-7.578676318930971e-10,-1.506214020197576e-09,-1.7200752326096742e-09,3.64525048976425e-10,-9.96006658306409e-10,1.4603165643319802e-09,5.631058125320296e-10,-7.899746776433503e-10,-2.9721502683442418e-09,3.8626949845590246e-10,-1.0363668489250482e-09,3.1843173788823344e-10,9.99666859169875e-10,-1.121882424894522e-09,-1.3095367246696776e-09,6.592652167812781e-11,-1.7773192847932112e-10,-2.0331625473429818e-10,1.4407559285622908e-09,7.055342806660836e-11,2.165262323025006e-09,2.4149695657852413e-09,-1.0290122695407033e-09,7.517187222113715e-11,-4.6101027366320316e-10,-2.5778394366922957e-10,5.455012559251715e-10,1.5331306469760804e-09,8.925042001457504e-11,6.471923972706722e-10,1.5937942526034824e-09
F12treat_m3,5.135915906624502e-10,1.3981523916350708e-09,1.1530638098756084e-08,2.0634274977068747e-08,-2.985002870502776e-08,-1.081810091987812e-08,5.23273669637652e-10,2.2978993443892677e-09,-1.4700068056426593e-09,3.050793590473726e-10,8.077361385200033e-10,3.907088654578023e-09,2.290278542106198e-08,-1.780727937394858e-08,-1.0589058970350315e-08,-3.195440796903414e-09,2.179931667502714e-09,-2.819054253045164e-10,1.636579141084021e-09,2.0206893004046578e-09,1.028860281091384e-08,2.2252664677673464e-08,-1.693230983248719e-08,-4.327688344722711e-09,-7.365391601143298e-09,5.608214028709321e-09,1.802585651122725e-10,4.594185980627863e-09,6.300482602171504e-09,4.019190921588091e-09,2.677622935067309e-08,-1.4167343390951376e-08,5.332157471532586e-10,1.1031921895097338e-09,-1.4290053408659188e-10,-3.2283599242855908e-09,2.464344718290837e-09,6.759891965835854e-09,2.826558936321465e-09,2.1243852144334183e-08,-9.795795603270189e-09,2.7851995604751966e-09,2.4780775532855157e-09,5.663553509429428e-10,-2.989266740118444e-09,-3.954160040627506e-09,2.3266108411852263e-09,-5.871836883819941e-09,-5.911181798321928e-09,3.54160323816197e-09,-1.3058048087581284e-09,2.936375314864186e-09,2.86660114337634e-09,3.677589421134544e-10,1.8094935603704936e-09,1.6139449007218535e-09,-1.5412921120975804e-10,-8.168071651944628e-12,1.2602226824585836e-09,1.7881080918969891e-09,-6.869804390105596e-10,-2.741969441469296e-09,7.252862144627513e-09,-1.9618281248155957e-09,1.9192490640704072e-09,2.8159461923628168e-09,-6.501290328544996e-09,1.4472521913560336e-09,1.7377208087043708e-09,-1.758067438104927e-09,-8.760907776520485e-10,8.263360729767012e-10,7.45190526216275e-09,-3.951093438231188e-09,-3.74690747799743e-09,5.9239199566839584e-09,2.3362502851574352e-09,-9.755540828511112e-10,4.764376544832998e-10,-8.079140120562348e-09,4.904350306050049e-09,-1.034693258344844e-10,-1.7836222340674653e-09,2.3019890763663487e-10,-2.428145534770554e-09,2.59226979056118e-09,-6.27559251588237e-09,-2.664534353462306e-09,4.149218670812202e-09,-2.868399428009602e-09,3.759366087974285e-09,1.4385585577681203e-09,-3.660868121869855e-09,-3.450412794463951e-10,1.4109134801603124e-09,-1.969063278218937e-09,-5.759999172343102e-09,2.392497850206958e-10,5.304795181792732e-09,-6.291449363064924e-09,-7.015544172127064e-09,2.9116177868318302e-09,-2.0870720336327536e-09,6.780030799956559e-09,-3.4640469797750015e-09,3.617794879617642e-09,-8.781878318027516e-10,2.074447293071807e-09,-2.5081834160425325e-09,-3.3049770956845564e-09,3.081671902412646e-09,7.080166243576759e-09,6.1253432515442904e-09,7.738126895507665e-09,2.8622124111115806e-09,-3.478601624397186e-09,-7.149503137657419e-10,2.9131921122559524e-09,-3.312313425340292e-10,2.7633998683029954e-09,1.2823429552187959e-09,2.4266520819130775e-09,5.39487393497067e-09,-8.077596899332352e-10,6.649008790150936e-10,-1.1710041883261935e-09,-4.0620674643705794e-10,1.7658358862783782e-10,-8.585934151656155e-10,-1.2182237756082362e-09,2.420580018471863e-10,-3.274119367897988e-08,8.426376453816782e-09,6.274636341593965e-09,5.713526219568999e-09,2.47220378415996e-09,6.25119124099308e-09,7.789002374443712e-10,1.5912964171195677e-09,-5.750089664164288e-09,-1.4889039132589683e-09,2.123250351115078e-09,-2.8500309748446764e-09,2.1881423301514345e-09,-5.871685487846558e-11,-3.5013408805997184e-09,4.445267017505142e-10,-3.1821249139618303e-09,-1.8289736840049422e-09,-5.22721695590057e-10,1.303737163131364e-09,1.6921099332315574e-10,-3.2386272716453702e-09,-5.512901923640605e-09,1.49651030591549e-09,-4.667795685633519e-09,-6.360301310203722e-10,1.6097325528260822e-09,-2.261815179658312e-09,-1.8174888667771462e-09,-2.899960811233032e-09,-1.7465639655613163e-09,2.2195631626846942e-10,3.723808205694724e-09,1.7765518602578312e-09,7.410056932325287e-09,6.7384874210790456e-09,-1.4044560354559177e-09,4.0801562075309006e-09,1.4736946371250727e-09,5.543057410568106e-10,2.85291933366547e-09,8.292477142444555e-10,1.5068198164270672e-09,3.5881742231449223e-09,2.7083391977220463e-09
F12treat_m2,4.115974330002657e-10,1.2108100254694274e-09,1.8244043532120406e-08,2.546406354568962e-08,-3.998175812170064e-08,-9.424612232545296e-09,2.929067176531857e-09,8.553617543564632e-10,-2.127008333222006e-09,1.0004257963279154e-09,-7.37232197975465e-10,5.944744430087931e-09,3.575706054416019e-08,-2.5479607185520006e-08,-8.933605745631758e-09,-8.013550620574753e-10,3.865191687182334e-09,1.0903188779586628e-09,1.1157889029510353e-09,1.1088138167865653e-09,1.4199903080007872e-08,3.1617998158943726e-08,-2.7629336031538008e-08,8.304570606890159e-09,-2.6138508824345313e-09,8.15151738255201e-09,2.8622005376418944e-09,5.4427538841721575e-09,7.260472959727935e-09,6.218695616666957e-09,3.708239814211758e-08,-1.8994317965911867e-08,1.2285999952576958e-08,3.707693496667327e-09,3.93445835153945e-10,-5.11135783906627e-09,2.713064442752939e-09,6.287545352540442e-09,3.768323233075499e-09,2.449083683782448e-08,-1.6694363588768367e-08,1.1637933028480791e-08,1.1286894711538842e-08,2.3479278138541014e-09,-1.6267231320065326e-09,-3.2210316574462506e-09,3.4968984151198778e-09,-6.433884391174334e-09,-6.954545454995538e-09,3.797714089882929e-09,-2.1632528080779117e-09,-1.475170841622212e-09,2.360671090282363e-09,-2.439718772054055e-09,4.448436217806141e-09,1.619002675936421e-09,1.838555637809501e-09,-2.8825981777314e-10,8.464387082715484e-09,3.5246949197635014e-09,7.781612288374172e-10,-1.7253790080533882e-09,8.547456819847526e-09,-4.559663725125706e-09,-3.2231253081867554e-09,3.298410134116252e-09,-9.628274382183565e-09,-1.2941791693442342e-09,1.3511918580027465e-09,-3.370028428322597e-09,-1.7650397153106737e-09,7.3441855541261455e-09,1.3051072761126433e-08,-5.603377609022343e-09,-2.8509808315928514e-09,9.48876088936861e-09,2.3179113618145325e-09,-8.17135659331636e-09,1.3657444335896054e-09,-1.2632027381736667e-08,6.835710160372148e-09,-2.0571964431898712e-09,-3.877819831485891e-09,-1.426254323736562e-09,-1.4344713323008035e-09,6.084955183365451e-09,-7.558385705310185e-09,1.1434366419919275e-09,7.416881688000793e-09,-6.4308223130157e-09,-2.1619211536152175e-09,3.0129372651341524e-09,-6.0527284700310594e-09,-3.1401492116713434e-09,-2.2686572761830868e-10,-3.506208471039139e-09,-7.606337497624513e-09,7.990561324332384e-09,6.756908622466123e-09,-6.943117430902725e-09,-4.01490094974081e-09,5.57830509503979e-09,-5.0578833335786605e-09,1.2806992107753308e-09,-1.4313973282708322e-09,3.3064648678099626e-09,-3.29913209508821e-09,5.212558456909074e-10,-3.898547945894504e-09,-4.007872551577998e-09,1.4323923316807312e-09,6.125343251544046e-09,1.4037384483227024e-08,7.03191932367088e-09,7.423569848402277e-09,9.452812866435009e-10,-3.903111362606426e-10,3.803497085152517e-10,1.7283511278238776e-09,2.4505468931990743e-09,9.216022931859193e-10,8.641305653687882e-09,9.030276162543031e-09,-1.6492559985844656e-09,2.4632648020358895e-09,4.133531187438274e-10,1.5490837684717512e-10,2.329219227628183e-09,-5.646065958872972e-10,9.804398909412297e-10,-3.7104659024827978e-09,-4.6237302791858627e-08,1.293316552584293e-08,4.557097085970084e-09,5.996683054506454e-09,6.1621827171178075e-09,6.42737530405592e-09,1.619832361737135e-09,1.3516657189703325e-09,-6.745950513105914e-09,-2.1151893605594587e-09,1.5928844038502707e-09,-5.8448288038174745e-09,4.880246991386714e-10,-6.770406608310588e-10,-7.441113576774475e-09,8.53374267615666e-10,-2.704570116363967e-09,4.994530316397148e-10,-7.137150421115278e-10,2.8077552018641e-09,9.326445593638177e-11,-6.068472117469928e-09,-6.704200646874322e-09,2.304969219761423e-11,-8.36533040439953e-09,-4.219637180853607e-09,3.3546731718628325e-10,-3.932906647434716e-09,-2.1279200239629163e-09,-3.456086429380057e-09,-1.5671243180621769e-09,-3.0561103779508274e-10,2.7407504538298857e-09,3.1821869885880025e-09,1.120110902122661e-08,7.240374911313765e-09,-6.419177861299047e-10,8.822942260356751e-09,6.529772686104648e-09,1.1708633454527128e-09,5.101653008241635e-09,8.625010709989966e-10,1.663696333397897e-09,3.0246456231898837e-09,3.926535723793639e-09
F12treat_m1,1.5536575248814452e-09,1.734188748500887e-09,1.512907466291587e-08,4.9231818821446294e-08,-5.01398795799214e-08,-1.674360920836523e-08,2.5590664096048565e-09,5.8137802688504554e-09,-3.725965522108547e-09,3.4532226991763012e-09,6.897360554209484e-10,-2.101802102557659e-09,6.270276818853943e-08,-3.0022920084161754e-08,-2.6251006127058366e-08,-6.9041774948217415e-09,5.074701220113832e-09,-1.4310014971243804e-09,3.524931352017614e-09,3.260422139801421e-09,1.4303648695310666e-08,6.19879091709176e-08,-3.7926399767538524e-08,-7.092560244884642e-09,-8.206612528390661e-09,1.2637106637657508e-08,-1.3356466296673964e-09,9.229153450769011e-09,1.1208687962157363e-08,4.394997485383604e-11,6.953977232577663e-08,-3.3415057438151344e-08,9.235119964120732e-10,1.355932512443178e-09,-3.7205134311269945e-09,-1.18566033537162e-08,4.2472675023637265e-09,1.2207005372594858e-08,-2.9849787001812636e-09,4.942817157389549e-08,-2.6862379606057273e-08,6.8141804345081176e-09,1.1847833027875364e-08,3.4118695368660564e-09,-8.816502164961611e-09,-8.304185402408072e-09,8.35543590236178e-09,-1.3796842775098681e-08,-7.355398711855739e-09,4.0401072325745843e-10,-3.882532597448817e-09,5.613383810433991e-09,7.299686411946999e-09,6.682871568836218e-10,2.564086276736697e-09,9.393914322393977e-09,3.772464296535906e-09,-2.055128329529843e-09,2.7990376998380455e-09,2.534686973940786e-09,-8.971432049383614e-10,-3.2029279583330324e-09,1.0112633658343725e-08,-4.0557408860057826e-09,6.65924061967091e-09,8.219627709461398e-09,-1.3786544613984871e-08,-1.2424300448960268e-09,2.3984039898160256e-09,-2.7192032721445896e-09,-1.365705136021537e-09,-6.0729189548745305e-09,1.3662154758382985e-08,-8.12247126905405e-09,-8.760763746492896e-09,2.2251426905441333e-09,4.564168205510667e-09,-3.0979196350480903e-09,1.2969156049118636e-09,-1.7976926346243103e-08,6.9340393123448356e-09,3.483742639088123e-09,-2.6531999854312523e-11,1.230940408850992e-10,-4.3219568224817955e-09,5.53083911126428e-09,-1.4198934622265387e-08,-4.613806458753551e-09,6.081862288260614e-09,-4.896359839040503e-09,5.940275250485565e-09,1.8368425974704813e-09,-1.0960783728226347e-08,-2.8063490455194774e-09,5.355718059680743e-09,-5.402149730389371e-09,-8.20899409806696e-09,-2.37695915991015e-09,6.6000514854178996e-09,-1.3899489040279578e-08,-1.0320511545663827e-08,-2.6506041502194246e-09,-5.459898806685633e-09,1.052637451497617e-08,-3.7811537901686775e-09,6.674391943201555e-09,-3.385736200044925e-09,5.4912063473156035e-09,-6.740760150708064e-09,-4.016322418329497e-09,4.658659843523417e-09,7.738126895507658e-09,7.031919323671531e-09,3.4698434954115974e-08,2.420780224789068e-09,-2.3463896474504255e-09,-8.373725718203405e-10,5.168542964951543e-09,-3.3100485370782602e-09,5.750602002648719e-09,1.0679123249652417e-09,5.462027646734316e-09,2.3472687940434563e-08,-1.0687658122723027e-09,-2.578823435432197e-10,-3.111911233164606e-10,-1.8161287843479038e-09,8.256865564481248e-10,-1.7729141643820786e-09,-3.521937938908677e-10,3.521096674172057e-09,-7.836676745184674e-08,1.6127972759640834e-08,1.298965311457154e-08,1.0295293155927871e-08,6.168104156310829e-09,1.455755858345083e-08,-2.1730874603402767e-09,4.562985519356644e-09,-1.1356531570544974e-08,-3.298713094199169e-09,3.791566290709012e-10,-5.818514272466594e-09,4.76841209659955e-09,8.965891503855808e-10,-5.678189037216048e-09,1.181617132753464e-09,-4.5534427873831464e-10,-1.6754506777639577e-09,-2.3714646786393993e-09,-7.024000613974317e-10,2.367923278802077e-09,-4.637892581754495e-09,-1.192761671274629e-08,-8.21049098377846e-10,-9.111373114402145e-09,5.56023047566417e-09,4.669689740583812e-10,-5.772018122411109e-09,-7.112138025201245e-09,-3.6328142416004053e-09,-5.551581265576953e-09,7.570479518974889e-10,1.0192237876181266e-08,1.2284735453278987e-09,1.3440202048699818e-08,1.1201933182550574e-08,1.2676683235537898e-09,6.039097236435234e-09,-5.483183525761341e-10,-1.0239703703554136e-09,4.9182356673658526e-09,3.067361965803826e-09,-8.764735289142688e-11,5.099073105889709e-09,6.080170180063632e-09
F12treat_p0,-2.765960005230699e-10,8.740952225642709e-10,1.110636173420672e-08,1.076192161735347e-08,-4.823589895269062e-09,-4.6372878038804394e-09,6.124724522919457e-09,-1.4868660710704585e-09,-5.158823924825505e-09,-4.731600611044814e-10,-3.492118252516125e-10,3.434441489529313e-09,9.443895753036174e-09,2.8532508703159344e-09,-3.61729271820609e-09,3.5428518060790125e-09,-1.2723434719562593e-11,-5.920566720763661e-09,-1.5132736918401476e-09,1.8145435689665743e-09,4.146441103907663e-09,2.5535291739477044e-09,4.552118498356275e-09,6.9757360265705485e-09,3.0295901978562102e-09,8.97449429688274e-10,-3.609299523538101e-09,2.0868369481349824e-09,3.177804915610165e-09,-3.010357431441595e-09,4.018837148603298e-09,1.0966522189299782e-08,6.565133561931788e-09,2.0586034236673696e-09,-2.588271149303137e-09,-8.379727232565151e-09,3.1000840557239297e-09,1.5397857269199817e-09,9.006832181001293e-10,6.91892435168237e-09,4.953848989279589e-09,9.989299265572737e-09,5.027281997425093e-09,7.411387362734778e-11,-5.408708417393034e-09,2.121451831979699e-09,7.25117672182394e-09,-3.1627946860217853e-09,-9.485021143609527e-10,-7.640897933268703e-10,-3.8059797553088986e-09,-1.434837077400463e-09,4.5444166155506296e-09,1.2088346783668463e-09,7.228323702690437e-10,-2.62956857039715e-09,-5.416685897739481e-10,-2.582688987373575e-09,5.97638600000546e-09,7.628217326935875e-09,2.2311029046898886e-09,1.7327321212262635e-10,-6.117739312870032e-10,-7.306964973498926e-10,-2.124428223441805e-09,2.730653083227388e-09,-3.849721335955354e-09,-3.995503017355087e-09,-1.0870716816400805e-09,-1.753857625545342e-09,-2.805375991178783e-09,7.324849867715085e-09,1.0405107701153304e-08,8.99372363670683e-10,-1.4251556179675008e-09,2.317282869464253e-09,6.161058785934092e-09,-4.287119897037387e-09,5.192685206046088e-09,-8.459660127499423e-09,1.1318009453645002e-09,-1.6561181925531116e-09,-2.7849481529476343e-09,-3.198642346521968e-09,4.863301211012242e-10,3.905833048591043e-09,-1.239351881025818e-09,-2.0511726919508094e-09,5.0342966442189125e-09,-3.2298682024122915e-09,-4.408195416362619e-09,2.173017349709611e-09,-3.5008942388929e-09,-4.2894603409349855e-09,-5.636341188715404e-09,-5.7204455748265976e-09,-1.1583570779821592e-09,7.782376942094744e-09,-1.6430613652920086e-10,-2.7941292638142855e-09,-3.673668423330501e-09,-4.723532982384619e-10,-5.4962245324025585e-09,-3.989070948138325e-09,1.195042892603226e-09,4.300771636017537e-09,-6.299962422625252e-09,-1.2405080592796222e-09,-3.467430836274094e-09,-1.226308231194969e-09,2.7964623984393e-09,2.862212411111604e-09,7.423569848403096e-09,2.4207802247902535e-09,2.823935716557634e-08,4.390195135513295e-09,3.7839011208069326e-10,-2.232587671940899e-09,-1.928725893018992e-09,1.148707862111014e-09,4.328529515810149e-11,1.0452731047762278e-08,1.4235293928907435e-09,1.166425572924116e-08,1.7383480648630727e-09,-1.0316908583698777e-09,-3.188751008283499e-09,-3.924107926352244e-10,-2.895547748342279e-09,2.1107859144616667e-09,-3.654625305681637e-09,-1.571834621134953e-08,-5.806571662719221e-09,1.519479535982493e-09,8.603165563097458e-10,3.2853674765694803e-09,5.370881027153732e-09,-1.5299874739690687e-09,3.615000520503173e-09,-1.6168680755314011e-09,-2.673314002514569e-10,-3.8482798411325815e-09,-7.339834252498385e-09,-1.6982134220207266e-09,-8.707629883184423e-10,-1.3129177484347344e-09,-3.2404067578376176e-09,-6.160013866460676e-09,1.3170687775220302e-09,-4.476728115791083e-09,2.130753508936987e-09,2.749272441932032e-09,-1.259659603442265e-09,-4.942740013962996e-09,-2.7533561515453786e-09,-5.277550652209101e-09,-2.14290949312094e-09,2.957460391094302e-09,6.584005674349937e-10,-1.9192103514062246e-09,-2.4534375360479394e-09,-9.989856340137864e-10,-4.025117682730397e-09,2.3633929475166915e-09,7.331619552738258e-10,3.5849714438806575e-09,3.689567136697478e-09,1.960278342240726e-09,5.659973163874853e-09,4.971875522538082e-09,-1.762498651820256e-09,2.7942929741558473e-10,2.325553006793928e-09,2.8775401788605347e-09,2.0391855844255888e-09,2.205258365438574e-09
F12treat_p1,-9.046260085060139e-10,-2.0780392485603473e-09,1.4759269275046458e-10,-1.031674859138771e-08,1.0009965812815172e-08,5.506967927229414e-09,1.2008645878239017e-09,-1.5414996402128484e-09,-7.820265857312419e-10,-4.636279710556833e-12,-7.003136421252683e-10,3.1263132777739125e-09,-7.291682266965297e-09,8.295385797484069e-09,5.081932095132959e-09,6.591489733919355e-10,2.8018925217523015e-10,4.535913174170091e-10,-1.639678109676247e-09,-2.7636444827469724e-09,-1.8472337520483786e-09,-1.2111958744053416e-08,1.880903116587587e-09,6.5987462423012954e-09,3.888819510132018e-09,-2.390973862610446e-09,2.0675148810235966e-09,-3.3423609999337155e-09,-4.7233200250542335e-09,2.047430563410827e-09,-1.1715055709118183e-08,6.2950297768455105e-09,5.6998676844837616e-09,-1.4743391123037936e-09,1.2667754736078896e-09,3.5891100075038176e-09,-2.229472139619884e-09,-4.8933171876262885e-09,2.0706798712195307e-09,-1.0402209561159691e-08,1.2013341985574073e-09,1.0547959306088971e-09,1.6908552536010804e-09,2.223776557187267e-09,3.1224986964484722e-09,8.739335372163049e-10,1.3138151110555443e-09,4.7343673893883796e-09,2.7532509555007685e-09,-2.636225459214343e-10,-4.520307118556713e-10,-2.8824162283164778e-09,1.650221633551368e-09,-2.330891028072734e-09,2.1066137975675828e-09,-1.7850067059561552e-09,1.6517860092957845e-10,-1.083101579185172e-09,1.7737662527814411e-09,6.797492155785267e-10,8.58285621389746e-10,6.92942178697368e-10,-2.954445096101874e-09,2.2919347861179174e-10,-1.5956936482227655e-09,-3.1397253520333927e-10,3.4154617744058013e-09,-3.1000269091836156e-10,-4.022637423443962e-10,-8.485584870793033e-10,-1.0420381950131139e-09,1.298532377612893e-09,1.8993648953094064e-09,4.423716616384227e-09,1.037773899896081e-09,-1.7825002035426894e-11,-1.945612005878357e-09,-4.5709511006867883e-10,2.8019595330142233e-09,2.3350259715056664e-09,3.8656046104720123e-10,-1.4331378049916874e-09,1.112985752442543e-09,-1.79383530290251e-09,-8.889716025685054e-10,9.153782405301733e-10,2.5509509362923654e-09,-7.339534622652543e-10,-3.3283230231279483e-11,-5.720892057446823e-10,-3.2060335475954507e-09,-3.203994304556648e-10,1.7097637245417527e-09,4.022605969897135e-10,-1.639082140205576e-09,2.96762874299382e-10,1.8784022917664555e-09,-6.136385055707872e-10,-1.8457591590545555e-09,4.685849662721487e-09,4.679310180910524e-09,1.4946682084326498e-09,-8.505799043863652e-10,-4.99157689923141e-09,5.73061843684479e-09,-1.2429046160557311e-09,-1.962599595359773e-09,-1.3595889237953359e-09,8.035432386991216e-10,4.0203250231870836e-10,-1.930965994461661e-09,-3.478601624397267e-09,9.452812866435536e-10,-2.3463896474507287e-09,4.390195135513175e-09,1.075126530971389e-08,1.7704994539564558e-09,-2.5464932009951734e-10,3.0129354370714495e-10,-1.6990450856462855e-09,-6.633931464516105e-10,5.214987424582617e-09,-9.044806205577346e-10,4.576406822887836e-09,3.611122992143875e-09,-3.9022820009909613e-10,1.2313086688369156e-09,2.6502112276051083e-11,1.3895417878181766e-09,3.2045156710679253e-09,-2.576692615781511e-09,1.2479911695177056e-08,-4.8933000609455046e-09,-6.855013409836295e-09,-3.824683476902484e-09,-2.3525476880388056e-09,-4.3725562173835435e-09,-1.2848856383931497e-09,4.4155387726027964e-10,2.2706422015525214e-09,-2.306852725469359e-10,-3.0520796260437013e-09,-6.414799349988176e-10,-1.363263023871227e-09,7.662458392472715e-11,1.723031550065152e-10,2.03110433007727e-10,-4.878747562470886e-10,1.5786667234058613e-09,-1.1740608377353009e-09,9.977551279082938e-10,1.796684700466627e-09,3.41326401183059e-09,6.489349696749308e-10,-1.0933338947038893e-09,1.6391435145186363e-09,-1.2531453034296698e-09,-3.44807659405967e-11,7.404978135267259e-10,1.5013814276455013e-09,2.760320574723584e-10,-2.5812073964496837e-10,-1.9653407044968938e-09,-2.2179328760167895e-09,-2.926951382395042e-09,-4.91622281694811e-09,-2.9804987281301695e-09,-1.3060736253346712e-10,-6.496635520688812e-10,4.944283505090698e-10,-1.8666353177982296e-09,-9.567216206682817e-10,-8.782814549024703e-10,4.7642628374300876e-11,-1.147174650090628e-09,1.254297525097784e-09
F12treat_p2,3.3849218974823933e-10,-8.004089072840681e-10,-1.082360686340511e-09,-2.3071574466131253e-09,3.5648368469658148e-09,-1.5172545850688282e-09,1.6587452559079932e-09,9.144766878210501e-10,-1.648695417746458e-10,3.262839991089706e-10,6.710988005880295e-11,4.392011495203289e-10,-4.047396827103691e-09,3.040125271509909e-09,-2.976561460229857e-10,2.669765099066429e-09,-9.708842153668307e-10,-1.7545575803523828e-09,1.0832427099354282e-09,-7.457052179707476e-10,9.811677133840862e-10,-5.031634281678758e-09,3.5127809195545e-09,-3.3197734315477507e-09,8.499561074015612e-10,-1.4189945556121037e-09,-2.8191708637009624e-09,-4.240692107465899e-11,-1.6349267904742837e-09,1.737452005561608e-09,-6.877680707566828e-09,5.052756339412115e-09,-1.0979745300318018e-09,1.3178085562139793e-09,1.7738869410965805e-09,-5.690919117477228e-10,4.36867562097144e-10,-4.6543018311603134e-10,2.6449602104603296e-09,-3.948682646312483e-10,3.833200987776904e-09,-2.9138779453510547e-09,6.026639637163338e-10,-1.1637442081081702e-09,-2.8839888062598246e-09,6.734430936583306e-10,2.45131300827136e-10,1.1272586501806239e-09,1.5422629052277357e-09,-1.2840308790846488e-10,8.736251125781299e-10,4.408091981950413e-10,-8.837950704284936e-10,-6.860792433583327e-10,-1.431560759980896e-09,-2.2060271551770437e-10,1.5186115423618683e-09,3.428061732734289e-13,-2.062247975001265e-09,-2.644519855697228e-11,-8.880878050524539e-10,9.757768066582964e-10,-1.1464617308868173e-10,1.0415362069666532e-09,7.176019934080191e-10,-1.4979420272995376e-09,1.1903838666257184e-09,-5.400493796960449e-11,7.026387783337327e-10,1.726530788454122e-09,-1.1510465198128757e-09,1.8723288367582714e-10,-2.4434424496025795e-10,1.5991869766414601e-09,-2.1214272527822535e-10,-7.513080792350966e-10,-6.886318396318351e-10,1.0378043306780295e-09,1.012557703319606e-09,1.7436321406923052e-09,-1.1104283543753782e-09,5.499480588136997e-10,1.7175166931162615e-09,-1.5762330264198501e-09,-1.3931100858386141e-09,5.696743780891345e-10,2.5003129413057884e-09,-1.5604924141068002e-09,-1.396180870791425e-09,4.3949315824422014e-10,-8.522842777707875e-10,-1.6675106964157536e-09,1.462962873689709e-09,3.308485612672123e-10,1.2108336361926396e-09,2.6600312099312098e-09,-1.8698183082432034e-09,-2.6358134363062925e-10,-1.617918686292481e-10,2.223656111122962e-09,-7.202245661622167e-10,3.1897704169841094e-10,3.523647496080597e-10,-1.9896000493812886e-09,1.1813390520970303e-09,-1.1952716716686976e-10,-1.1293216480728086e-09,-5.281504570230908e-10,1.8725767307776725e-09,-1.783068044557151e-09,8.639133359386319e-10,-7.14950313765803e-10,-3.90311136260655e-10,-8.373725718210023e-10,3.7839011208053693e-10,1.7704994539566812e-09,5.4799546688955445e-09,8.421709043374395e-10,-4.949075630991945e-10,2.590356396977181e-10,-1.0253293383239332e-10,4.899259319481454e-10,-7.266769303456987e-10,-1.978462232411541e-09,1.758254013895416e-09,3.284631174749678e-09,9.543574431911474e-10,-1.051052347083738e-09,-2.378141765005855e-10,3.2266537724217594e-10,1.9324915654425094e-10,5.486797351805373e-09,-2.794038410814835e-09,9.339618265267765e-11,-3.1315205585902654e-09,-1.7213259313906364e-09,2.6846340403612494e-10,1.3002043694549466e-09,7.194594284035142e-10,2.6923681085981935e-10,-9.244769139955461e-10,2.9814329772670205e-10,8.699774703616076e-10,-6.571183657037062e-11,-9.521388721504606e-10,1.0554395495009926e-09,-1.3813498019535553e-09,-5.392417395381567e-10,1.267571852770693e-09,-9.305363378866597e-10,8.421282726970929e-10,3.4005324089568305e-10,7.76592054973501e-10,-3.7590423305007257e-10,2.8796489260232357e-10,1.186853930111035e-09,1.4412164373264701e-10,7.330410376195276e-10,3.6263053411311563e-11,6.478671933164667e-10,7.34653925760027e-10,1.037335474335106e-09,-1.0448442972941698e-09,-1.1021171680840774e-09,-1.1552814783513661e-09,-2.1675221247395136e-09,-9.258715929533617e-10,-1.4043423987036821e-09,-2.142137443276179e-09,-1.4208274576546388e-09,-6.053411113999707e-10,-8.103510995245183e-10,4.1043394451242e-10,-1.6699713836757203e-10,-9.822147073301953e-10,1.8826473492782625e-09
F12treat_p3,1.8201088795055693e-09,1.969493694040071e-10,7.589801262366897e-09,1.461393251432869e-08,-2.1316394277426594e-08,-4.581771820893995e-09,-7.676019715260438e-10,5.257317267253484e-09,3.3720090868697994e-09,2.81241142223357e-09,-2.2249950959182634e-09,2.701755205792645e-09,1.655050618670757e-08,-1.4864282870939258e-08,7.563831483978097e-10,-8.620643433429861e-09,9.021486004305834e-09,1.507967593541009e-09,3.82477023460326e-09,-6.517456156052543e-10,7.52180682766829e-09,1.156775891740357e-08,-1.3508005851127894e-08,2.05754785781518e-10,-8.469764739042091e-09,1.0196241029610554e-08,2.3266209177689234e-09,4.0735822619188874e-09,3.891924493755752e-09,8.373148581376774e-09,1.9552356164404955e-08,-1.592517060167669e-08,2.9877556171471152e-09,-2.1008258021429292e-09,4.052763153383842e-09,2.3246853451326107e-09,2.0517675316945558e-09,5.9029659147304736e-09,5.4413176623187815e-09,7.96335245951304e-09,-1.171200417994374e-08,5.024759696519148e-09,-3.4944917147612847e-09,4.2555909030013625e-09,-1.9789846937194815e-09,-5.9286331943630464e-09,-1.450397065032533e-09,-8.13696444092911e-10,-5.580748748026378e-09,1.9118666493457937e-09,1.6655216796668928e-09,4.120881201718875e-09,1.2325632276915859e-09,-1.3889459983432588e-09,2.138905835950735e-09,-1.0420994078717933e-09,-1.4282929174230828e-09,-7.500885271979531e-10,-3.881433947101528e-09,1.6722755977907058e-09,-8.135079283535955e-10,-6.856696706792551e-09,3.1758141726520256e-09,3.2984333393215335e-10,-1.6211082368928388e-10,1.1676542641013635e-09,-3.5307657139157278e-09,1.5904241960242406e-09,1.7734185035203186e-09,-3.779356278632238e-09,1.9093045823525053e-10,-4.402025017944482e-09,1.2673644507068358e-09,-3.750219701589412e-09,-5.490472508925762e-09,3.6989953513333667e-09,-4.746861715781906e-09,3.256437772897723e-10,-1.4908487601455757e-09,-4.468203746758937e-09,5.068359147386439e-09,-2.564264260541997e-09,-1.667164885147738e-09,1.2048169151131895e-09,-8.048151424050264e-09,-1.202533302031116e-09,-4.559075221000107e-09,-5.91951252234034e-09,6.063759884624277e-10,-5.1448168379576195e-09,3.889893101224594e-09,4.969484790414483e-10,-2.824748391053331e-09,1.3181386412424655e-09,-6.615243017429311e-11,-3.4088311481468314e-09,-2.980896422082038e-09,-8.570274893975268e-09,2.63248353075309e-09,-6.628014310334263e-09,-4.273153327783961e-09,2.0264030224111746e-09,-2.3707002709181037e-09,7.655551074565693e-09,-3.003269526162043e-09,-1.4295739990682366e-09,3.552055421273611e-10,-6.562616849634196e-10,-2.372056223790738e-09,8.422913708131752e-11,9.35265074454082e-10,2.913192112256102e-09,3.8034970851526657e-10,5.168542964951203e-09,-2.23258767194113e-09,-2.546493200996275e-10,8.421709043372217e-10,1.2597969544243945e-08,3.937551581055366e-10,1.446359262889707e-10,6.450434159873319e-12,2.2313216628281632e-11,9.995539608069446e-09,-3.47931160347415e-09,-1.9051416492706492e-09,-9.238889027877131e-10,9.017631864289281e-09,-1.6500815901275118e-09,4.8191462759089174e-11,-1.064053566000662e-09,1.533938196727016e-09,-2.1226476890139765e-08,5.779264037361461e-09,-2.0978848473415194e-09,4.547641317905596e-09,-5.472819042337279e-09,1.011334052743787e-09,-6.111301595509033e-10,1.6922830457359549e-09,-1.839292371000076e-09,-1.5489186818843319e-09,9.370459673334164e-10,4.830876532598894e-10,4.234028015743847e-09,1.4417723968910005e-09,-3.7197922808401105e-09,2.456824258056191e-09,-9.855483250851366e-10,-5.501520496194778e-09,5.103751422060121e-10,-1.1875795293971277e-09,-2.9818195004837677e-09,-8.913461469564181e-10,-3.0183268532047736e-09,4.028646681269213e-10,-3.019117143606498e-09,2.5473014729974538e-09,-2.0907981595480305e-09,-5.879935944170459e-10,2.208866719932474e-09,-1.8947009348637255e-09,-3.1960384657043192e-09,1.3991594281215174e-09,4.284508984508769e-09,1.572920157832428e-09,4.235297486094818e-09,6.380731570264093e-09,1.2904164680571897e-09,3.4183111151171297e-09,6.017497366280774e-10,2.376048256207426e-09,3.737159081364006e-09,-1.054013619785882e-09,1.238737832243408e-09,3.3995191473156087e-09,-3.0973837636739175e-10
F12treat_p4,-5.296206688114307e-10,-1.16536080707066e-10,1.2861364923861958e-09,-2.9055465909604374e-09,-2.892803050010786e-09,1.1350896570833647e-09,-1.492775665614638e-09,1.0345151664569656e-10,2.319498097337768e-09,-1.5043677356151607e-10,-1.1116991275346003e-10,1.8352157735580915e-09,-2.4530199920835315e-09,-4.1326832391594734e-09,3.3933980172484893e-09,-6.025983096666289e-10,1.3136784657328186e-09,2.1048660086470653e-09,-2.3141650761367224e-10,-3.465207579928639e-10,1.2718002034375926e-09,-1.1789129855977168e-09,-2.9788434416827948e-09,4.119885231971181e-09,4.3074725329168045e-10,1.841085601742576e-09,1.5499319294981673e-09,-3.88534608520166e-10,2.4252686464523897e-10,2.604858899859583e-09,-2.1902393105421777e-09,-2.7023228216071205e-09,3.6212327724288037e-09,5.493804715746784e-10,1.3328374597870413e-09,2.1782894306553873e-09,-2.82928614584852e-10,1.5176549254921062e-10,1.663213279095042e-09,-2.750926073805984e-09,-7.400956610597244e-10,1.6439690672600034e-09,9.525158196593523e-12,1.7780947360314562e-10,2.388939669957254e-09,8.553032164034405e-10,-1.00526278286472e-09,6.462118605275208e-10,-6.485395388831639e-10,2.6677208193207875e-10,2.535508322399455e-10,-2.091209374990859e-09,-1.1724613619116206e-09,-1.186593749981516e-09,9.798370487624856e-10,-1.4400065121177408e-09,-5.022764376635896e-10,9.488348993384164e-10,2.8841611426903154e-09,-1.2658722390307765e-09,-7.026279688245457e-10,1.669951910975235e-10,3.6823220836759856e-10,-2.888153887735069e-10,-2.506142377434404e-09,-1.2560388257335539e-09,-8.234402717904643e-10,-2.4776372343701683e-10,-1.1376765782539599e-09,-3.3632630067246276e-10,4.0742192981698933e-10,2.176777449001993e-09,-2.2619786124014467e-09,-1.2206919987702511e-09,9.076055304571892e-10,2.736791825364115e-10,-1.926254914593472e-09,-3.026793369394428e-09,-1.8745176648082654e-09,-8.44521369451587e-10,3.198460392552682e-10,-1.9025884555007635e-09,-6.92638097768178e-10,4.0888592351845135e-10,9.204130741197934e-10,6.323900161668887e-12,1.6761984893026482e-10,6.853180901276614e-10,-1.7277711977492656e-09,-8.980210141168233e-10,-1.258091927423534e-09,-1.6930080867398764e-10,-3.5806910121868484e-10,3.863661508483781e-10,-1.641309901821342e-09,-2.500497534981719e-10,-8.600205899633494e-10,1.6295997540500611e-09,-1.434913789232993e-10,-8.941450905773223e-10,7.277000064804004e-10,6.974060879377e-10,-1.0510256776775596e-09,-1.868277197267691e-09,-1.1510655367679254e-09,-1.8175930782304433e-09,1.1680579252758318e-09,-5.083782776397379e-10,-3.2832797589913697e-10,-4.4532153281521984e-10,-7.540420332629459e-10,-3.312313425338779e-10,1.7283511278242139e-09,-3.3100485370783074e-09,-1.928725893018934e-09,3.012935437070147e-10,-4.949075630994015e-10,3.9375515810577334e-10,4.167725685235505e-09,-5.793670316712254e-10,3.2457262252353995e-10,6.327917302482717e-10,-3.5724185936204054e-09,-1.473285982516781e-09,-1.2032224844755226e-10,-3.8482284039218857e-10,2.0825072862294678e-09,2.0901519753744784e-09,5.197274652070595e-10,-2.3535150531557416e-10,-7.979404611432884e-10,1.6655908121295049e-09,1.2795671868360423e-09,-1.289449417675633e-09,1.0057999126580413e-09,6.692441564039285e-11,-2.1345047849531048e-09,2.14724257157305e-09,-1.7954102261659071e-09,5.688327843253875e-11,4.006959337179497e-10,-1.2269471501218093e-09,8.193507338350749e-10,-4.5132352300640103e-10,-1.195934613991576e-10,-1.5546676882206522e-09,6.663864205076456e-10,3.3394742787017044e-10,-2.859996234442424e-10,5.398849377434059e-10,1.3904365922000617e-09,-1.7066565149740427e-09,-2.641653192970704e-10,6.572394886185299e-10,-5.824496817300531e-10,5.392532596240077e-11,-2.2645518228392282e-09,-8.003056938400485e-10,-6.751214331421894e-10,1.017864093557485e-09,7.60253842583373e-11,-1.2117413910860354e-10,9.75141030871554e-10,-2.166846615716684e-09,1.1604897031472972e-09,3.793741871911515e-10,-4.4198908098108033e-10,6.519724591784767e-10,1.0239700753673653e-09,1.6498951823671979e-09,1.0236931484805412e-09,1.326857226726771e-09,-7.386810645356788e-10,4.732313128203457e-10,1.6762756456347782e-10,-1.664823707078436e-10
F8treat_m4,7.443378507465069e-10,5.917000776549661e-10,3.3151006116171483e-09,9.26936071539639e-09,-9.424668121358447e-09,-4.6093334964938044e-09,7.7613159017126e-10,6.169195901570856e-10,-1.5333344072063422e-09,7.74459156845514e-10,5.671403275113846e-10,3.218606721745508e-11,1.1424041189294116e-08,-5.945008644046529e-09,-6.481281163242382e-09,-7.018000566464951e-10,-2.9570534627212763e-10,-8.310837691714266e-10,1.5606736062120667e-09,9.082552534011675e-10,3.435825254559185e-09,1.153054512624018e-08,-5.409191667475275e-09,-3.3344160365704156e-09,-3.7847294242850254e-09,1.9072385782762797e-09,-1.0588406962313883e-09,3.0965908726489945e-09,2.590703869922869e-09,-3.9303686697102905e-11,1.2362857528687519e-08,-3.0663889355019387e-09,-3.277038650925432e-10,5.561251275504867e-10,-1.1853183921205963e-09,-3.908087831404558e-09,1.6608924061838802e-09,3.054942240637444e-09,2.5802997422840627e-10,1.1243553655208299e-08,-1.4392320934511026e-09,-5.50566065325681e-10,1.5385932412224707e-09,-3.096817456872607e-10,-3.0148464993301168e-09,-1.9237557978731585e-09,2.0184066632548456e-09,-3.5979406861486215e-09,-1.5621639185208805e-09,6.671008416673339e-10,-1.0045247777499496e-09,1.5821066275633312e-09,1.727482986264225e-09,1.121481005259584e-09,9.106231078744134e-12,2.636616183650866e-09,9.161216777887983e-10,-3.004694128536485e-10,-3.285757485977314e-10,4.73311758266021e-10,-5.576244473697469e-10,-4.1750905915096625e-10,2.752902915270637e-09,-1.061464137391932e-09,2.068859769741116e-09,1.910517233218359e-09,-3.373909107514623e-09,-5.685723614418677e-11,1.0239004276817848e-09,2.8282045284043333e-10,-7.343661514501009e-10,-1.3428262629955472e-09,3.175164508732897e-09,-1.829468245336614e-09,-1.5845993003428567e-09,1.5532580953733957e-09,1.5148606138628283e-09,2.203272990332014e-11,6.448367565679182e-10,-3.4076372324825377e-09,1.2565667215632762e-09,1.1670333900056592e-09,-3.8426107273319414e-11,-4.2942854119508795e-10,-1.2450885901147202e-09,1.5223729104995076e-09,-2.9155129671868847e-09,-8.858872644239127e-10,9.036323987612832e-10,-4.78994415358706e-10,1.1462674674644514e-09,5.743135827686631e-10,-1.9923537036740803e-09,-1.1022930254339055e-09,2.3066606460413474e-09,-4.156383835260957e-12,-3.1565607491596076e-09,-2.437500866695066e-10,1.7591383487928847e-09,-2.6084561065319346e-09,-3.2003968807229385e-09,-4.5877927992439894e-10,-9.59142068632824e-10,3.398790354301429e-09,-1.6060692123215473e-09,2.6395052975914336e-09,-8.870915794448134e-10,2.194912890989478e-09,-7.395677979643157e-10,-2.290553361249787e-09,2.0051922686737476e-09,2.7633998683029706e-09,2.450546893199031e-09,5.7506020026485084e-09,1.148707862111012e-09,-1.6990450856462532e-09,2.5903563969778107e-10,1.4463592628890316e-10,-5.793670316712737e-10,2.3510795296157025e-09,2.8960024574278955e-10,6.298209926521792e-10,2.747778953409504e-09,1.571550736059425e-10,6.493847947376126e-10,3.1991716411660125e-10,-1.9200825872337546e-09,6.87663800959194e-10,-9.768894917575484e-10,-3.9351814779942327e-10,8.259200949633965e-10,-1.4196367899192564e-08,2.3735177919653234e-09,4.007174181865319e-09,2.1369293524803286e-09,1.8581890844902505e-09,3.584805614125234e-09,1.2684731779408796e-10,1.4991297991886445e-09,-2.9813041084491744e-09,-6.42499053048094e-10,9.955216317244583e-10,-1.2351622030815596e-09,1.0115856194442185e-09,-3.0107457383304537e-10,-1.0750906534566373e-09,-4.1305709949004855e-10,-3.0749043151607947e-10,-7.298846469147944e-11,-8.535442937908101e-10,1.0439811003179323e-09,8.856039374969478e-10,-1.6359964300002022e-09,-2.655059735125429e-09,2.1889138533209235e-11,-1.995523205654638e-09,9.355349083765864e-10,1.1919206896373615e-09,-1.2497978625077713e-09,-1.295267837582871e-09,-2.058646488673271e-10,-1.095936440099457e-09,-4.305363293721769e-10,1.9549488128073625e-09,6.302549881784549e-11,2.916780277602826e-09,2.242317342933984e-09,-9.230153519938832e-10,7.111320896503024e-10,-5.386770260847509e-10,-5.721207596002318e-10,6.504080577390217e-10,1.0014119435776764e-09,-4.985795616255203e-10,1.1514385531102531e-09,1.9537303922586646e-09
F8treat_m3,-7.338047578539146e-10,8.165228954331551e-11,1.8279813354191791e-09,2.10287080255614e-09,-5.359118962173009e-09,-3.1499621165466447e-09,-8.78086775773957e-10,4.879510643552817e-10,-4.0958432429644973e-10,-9.623028650721048e-10,7.113192091482404e-10,1.272770477451951e-09,9.287225904420185e-10,-2.5666511787920714e-09,-2.4677595844142356e-09,-1.2695187540082173e-10,-7.20958121438437e-11,4.3535364529855544e-10,-7.629526023067037e-10,6.856743472574897e-10,1.8136110161425968e-09,2.948668421729932e-09,-3.2254390310468016e-09,-2.2950581748860654e-09,-3.9226539626866644e-10,-3.496890657925709e-10,-4.018222872630445e-10,-2.898457673296923e-10,8.736517365598168e-10,3.1018825460913185e-10,2.8201507231590837e-09,-3.3636503061618232e-09,-2.5468431840716385e-09,-1.9499893756884838e-10,3.893250386528571e-10,8.470829785363462e-10,-1.429284685197191e-10,9.037752939739115e-10,5.385662427945341e-10,4.002542890902242e-09,-2.3271807296006152e-09,-2.1141446758935314e-09,4.6062914109242826e-10,-7.685871377912346e-10,-6.581070987324747e-11,5.199020434051445e-10,9.108839440498234e-10,-3.106858647787788e-10,-8.903091021117292e-10,4.729105371171485e-10,1.4568941660300812e-10,3.105617333424065e-10,4.4331035963388163e-10,-4.894525630219074e-10,1.5640383135150272e-10,-5.2999254201794414e-11,1.3709802201520568e-10,5.932897137358709e-10,1.7361646654610117e-09,1.0981612222937163e-10,-4.0805740883304916e-11,2.7691728577393005e-10,1.1449030757529442e-09,5.499686152134266e-10,3.467936646783803e-10,1.9264955033346064e-10,-1.198955846087361e-09,5.28543832240616e-10,1.6029185353309953e-10,-6.909981401483322e-11,1.4747193844951686e-10,1.2902583028577528e-09,1.2483027341775411e-09,5.234685165721802e-10,-1.455964543645833e-10,2.3454166533232216e-10,1.1129017726520508e-09,-8.049147236590657e-11,-3.743164515591102e-11,-1.253968613876697e-09,2.0777984458888882e-10,2.1036806799811164e-10,6.458060598225297e-11,3.697078332697993e-10,1.3204100397149798e-09,1.1466536267237847e-09,-3.210519889920319e-10,-1.780882941850226e-10,5.279045005152583e-10,5.627840319841813e-10,1.0966393407505868e-09,-2.1363714051834738e-10,-2.869791182939263e-10,5.991489476309155e-10,-3.237560470874159e-10,4.253249630599028e-10,-3.5345708558875943e-10,1.1989573005171872e-09,1.009950805215459e-09,-1.8185869762649967e-10,-8.731352795782259e-10,1.3382443828536587e-09,2.498339334321149e-10,1.6662350003210215e-10,-1.38643808165512e-10,3.5950584370563226e-10,1.124442605221527e-10,5.569881756552996e-10,-5.262139633221905e-10,-2.2592963930830303e-10,6.607622203712265e-10,1.2823429552188167e-09,9.216022931859678e-10,1.0679123249650855e-09,4.328529515797835e-11,-6.633931464516188e-10,-1.0253293383229122e-10,6.450434159758747e-12,3.2457262252360215e-10,2.89600245742799e-10,1.0081525288643356e-09,1.2321321918821149e-09,-1.3375365955125508e-09,-7.747706283541969e-10,-3.749770643995297e-10,-5.75771354540224e-10,2.1003583517856564e-12,-4.66893672797164e-10,-2.500661008749299e-12,-7.188686298012604e-10,-9.751349352063786e-11,-3.4160431481830485e-09,2.145132931744742e-09,2.4539705207245583e-09,1.2181483618955616e-09,5.746872654038689e-10,7.605303549086429e-10,1.1983663740533368e-09,-4.98509241880135e-10,-9.780850463303331e-10,-3.738831761320043e-10,-3.690008271145275e-10,4.530504139706338e-11,-1.077389365542089e-10,-2.384849036510388e-10,-4.131890679208068e-10,-2.1764880517378524e-10,-9.198971367325304e-10,6.451587773406028e-11,-1.0023888069707988e-10,6.844147023156408e-10,1.5199779737319148e-10,6.208986671679429e-10,-9.850459476868769e-10,4.1662499659653316e-10,2.1130402452674826e-10,-8.525445553358147e-10,1.3512411800857273e-10,-4.936377615238663e-10,-6.865301914896683e-10,-5.869905899663365e-10,-6.943006020769172e-11,2.6160114917150144e-10,-6.167548776771889e-10,-1.416531066196047e-10,1.6237459144078053e-10,5.945428410738184e-10,-4.813591063011457e-10,-2.617258928060677e-10,-2.3400973297021035e-12,-7.657125030734392e-11,2.602022554942538e-10,1.5143892200584698e-10,5.900802794551145e-10,4.3005298815790596e-10,-2.255591213446089e-11
F8treat_m2,-1.2493413891858172e-09,-2.7304141413818515e-10,1.3593716620270636e-08,1.1816927344791378e-08,-2.1641630686330476e-08,-7.472788013045282e-09,1.8300317056774994e-09,9.602633384751084e-10,-2.228951684741639e-09,-8.605096173708937e-10,-3.386498004486551e-10,6.651761724264597e-09,1.7176322233211534e-08,-1.1108043830458453e-08,-5.338086819904621e-09,-1.3951566979337976e-10,2.28792263987626e-09,3.0158286699307685e-10,-1.7259469617326077e-09,5.522330409694057e-10,9.177677901752244e-09,1.4125300560249613e-08,-1.6919450663801207e-08,5.595565395167108e-09,9.735963807466834e-10,2.3478835006448487e-09,2.7387700856535196e-10,9.922033259375366e-10,3.2714309553224056e-09,2.856264757313148e-09,1.7061834252688395e-08,-9.854542119884991e-09,5.442462598928842e-09,2.7802279415124195e-10,6.347713476808546e-10,-1.6632402613135149e-09,6.725204619255097e-10,2.1166523070670954e-09,2.9046487450052075e-09,1.3501810749179979e-08,-1.1309204755741759e-08,3.916547914164037e-09,7.236941872725183e-09,6.828806143247981e-10,-1.617290509420025e-09,7.35004445417308e-10,5.057667698677982e-09,-2.3733848624243163e-09,-3.711048679424179e-09,1.1658860841654594e-09,-1.1243924554594099e-09,-1.7407189609918171e-09,3.380735220009149e-09,-2.832725093673347e-09,3.0584005823702226e-09,-7.702386487833962e-10,1.4901586668931388e-09,-4.872644625681964e-10,9.4329780946473e-09,3.75958918115228e-09,6.501578316730913e-10,-3.342821616087818e-10,3.58225677673216e-09,-2.8457006311903653e-10,-2.4177201053539036e-09,1.926484792558036e-09,-6.232546097508864e-09,-1.5586904533148743e-09,4.1297457281562304e-10,-2.346953388996132e-09,-1.2267815652981463e-09,6.99028346005584e-09,1.0578570120479725e-08,3.050437131496135e-10,-1.992919222308623e-09,4.615066784686854e-09,3.54251270232873e-09,-5.6884739714877e-09,2.7049742165319557e-09,-8.993441551812653e-09,3.6011577706544196e-09,-1.8608192927732571e-09,-9.186737518331259e-10,-6.347411796679773e-10,7.33728225975924e-10,6.2063333640742075e-09,-3.4203437402033784e-09,-1.315228572193195e-09,5.1930758700452795e-09,-3.058103750896117e-09,-1.7584964072547747e-09,5.156023482542031e-10,-4.016563713073502e-09,-1.4324282193353948e-09,-3.203118114098449e-09,-1.8475686708097434e-09,-1.8268282375905122e-09,6.766141838814392e-09,3.598669724462652e-09,-2.6799543254431494e-09,-2.0565960770790028e-09,4.953955836179596e-09,-3.067433797785537e-09,-1.9852622919467314e-09,1.7888515987206448e-09,1.55297644658517e-09,-3.647223162951382e-09,1.2967353435416075e-10,-2.8509042262742985e-09,-6.477568494007072e-10,7.256794112355266e-10,2.426652081913073e-09,8.641305653687798e-09,5.462027646733161e-09,1.04527310477618e-08,5.214987424582819e-09,4.899259319485079e-10,2.231321662840436e-11,6.32791730247994e-10,6.298209926522157e-10,1.232132191882257e-09,1.1418299925246904e-08,2.716615162226745e-09,1.5219479756034616e-09,1.3640461969251789e-09,-1.5686168326824163e-09,1.0554025204393836e-09,-3.79116105283153e-10,-2.868872135140553e-10,1.4310446965027247e-09,-4.117940215726509e-09,-2.4329077334818274e-08,6.831848497155501e-09,3.243932341344225e-09,3.6551464424537817e-09,3.733334066322093e-09,3.535374264638734e-09,2.1090793424713223e-09,6.773058048414349e-10,-4.373475656232487e-09,-2.0799263656231637e-09,-2.3090394954667164e-09,-3.5729826555226703e-09,-9.561318843855275e-10,-9.770814475544628e-10,-4.899200931927829e-09,-2.740318653896573e-11,-3.5856193034435658e-09,1.3824111093894507e-09,-1.5511116552367383e-09,3.2576236600298454e-09,8.291902942276365e-10,-4.6250707970528264e-10,-5.8630209601687035e-09,-3.97013718979842e-10,-3.2356831744643165e-09,-3.5707697658702115e-09,-3.6287494478581364e-10,-1.9385070431206876e-09,-2.0892043223513477e-09,-2.8619161445165717e-09,-1.1030877928736462e-09,-8.038815106456302e-10,1.447208356423551e-10,4.5735080617659447e-10,4.6649769413699966e-09,4.3223188013510776e-09,3.428410352054185e-10,4.542106213419562e-09,4.5131913654169395e-09,4.397671725064831e-11,2.9915695235948303e-09,1.0607781966844185e-09,2.413837941420626e-09,1.6302636694671e-09,2.189996738250815e-09
F8treat_m1,4.563168218326805e-09,2.5568085704512055e-09,1.7421856592367746e-08,5.673043991693872e-08,-5.6772295180130674e-08,-8.476930624255503e-09,6.4651250987451725e-09,2.1829884492771807e-09,-1.7658779529407837e-09,6.938711361702783e-09,-4.859790238665777e-09,-5.1250606154530845e-09,7.588039768277094e-08,-3.730665859565673e-08,-1.2181267850584271e-08,-6.195270792990103e-09,1.2738865488861453e-08,-2.781732516150189e-10,6.380208576463306e-09,3.1347145474210165e-10,1.4193627756930606e-08,6.448792448957578e-08,-4.0631533410205956e-08,1.1892342685496117e-08,-3.7673297502972846e-09,1.9680835240621248e-08,6.069514856902234e-09,1.1249194201378405e-08,1.1399267381270446e-08,4.7946670854063526e-09,7.953162190622594e-08,-4.0056258073127135e-08,1.7440591467161328e-08,5.1721367181609824e-09,7.537059166054936e-10,-9.37415988441679e-09,5.239627425402242e-09,1.1186728862023416e-08,-1.5329724189012466e-09,4.088730123424945e-08,-3.653368951911729e-08,2.626095241596013e-08,1.6083112840278765e-08,8.961930099282376e-09,-5.333775199359925e-09,-1.1127434788170726e-08,5.45375445305418e-10,-1.1468005922016778e-08,-1.0307624839841695e-08,1.898593396051173e-09,-3.101180121425333e-09,3.7233680515231637e-09,2.1195470949001624e-09,-1.6978673429418273e-09,4.4910370584918665e-09,6.713291384230409e-09,3.9475256892061915e-09,-3.4804999015459254e-09,4.785803235944471e-10,4.762418037718129e-09,3.082257131888032e-09,-7.108212833201538e-09,1.0634725095200927e-08,-8.032305534550684e-09,-2.4802502880427883e-09,7.414024069585734e-09,-1.1935060466548821e-08,-3.3409912284626873e-09,4.0838103551520575e-09,-6.211753832000457e-09,-1.5240627367670072e-09,-2.6179359501165585e-09,1.3601879024153008e-08,-1.3137760705929933e-08,-1.0043021564966728e-08,1.0201899330884145e-08,-1.6662982080801653e-09,-6.677564189107781e-09,1.279299948040821e-09,-1.6526179684095346e-08,1.0326336659251494e-08,-9.373376155541921e-11,-5.8484307946564055e-09,-1.158097645525608e-09,-1.0271150311932514e-08,1.8957709640858273e-09,-1.3682663999643455e-08,-5.725521862193129e-10,1.201857901421216e-08,-1.3374758848575493e-08,-1.3951148870954516e-10,5.6762572060891635e-09,-1.09597164893848e-08,-5.849921444901376e-09,4.4339023857887746e-09,-8.571728958839263e-09,-7.909307192743423e-09,-8.749773199539503e-10,6.6470816575884626e-09,-1.4134176322742108e-08,-5.6880446989924894e-09,2.232064704533056e-09,-8.324957688753298e-09,9.494755790755678e-09,-3.215565831478395e-09,3.6562717721320945e-09,-4.504546362970701e-09,-9.020672814306542e-10,-6.893223231267555e-09,-7.222115534237833e-10,1.1442478073983646e-09,5.3948739349707594e-09,9.030276162543769e-09,2.347268794043607e-08,1.4235293928895043e-09,-9.04480620557368e-10,-7.266769303443411e-10,9.995539608069752e-09,-3.5724185936208463e-09,2.7477789534098836e-09,-1.3375365955121972e-09,2.7166151622281524e-09,3.820779249048178e-08,-6.9743775576339205e-09,7.782863622501154e-11,4.727446270939896e-09,3.502929307737017e-09,3.468121717393681e-10,-1.368958357371498e-09,1.5485305288884919e-09,7.47297728395463e-10,-8.789496945090228e-08,2.1396372757636545e-08,1.1395192479110434e-09,7.483514533156661e-09,3.2246491838961564e-09,1.1156507205827984e-08,-6.079373956917985e-09,5.040012300133225e-09,-7.099228978762058e-09,-2.935023001851294e-09,5.994477424869419e-09,-8.323670812296607e-09,6.294153886127908e-09,2.2432008739721492e-09,-7.659373185820917e-09,2.5735868191583254e-09,1.54641309293804e-09,-3.4183039455345053e-09,6.906257137918019e-10,-5.31086854596984e-09,-1.7359502977250125e-09,-1.1543434639837512e-08,-8.944895105527057e-09,-5.115882892112432e-10,-1.5570399062569822e-08,4.573083178692633e-09,-3.6738803390894177e-09,-4.998571669724227e-09,-3.6484814789089254e-09,-3.459902972767184e-09,-3.874307064602539e-09,1.1631364947709268e-09,1.2916241072160266e-08,6.020834005523213e-09,1.885079467929858e-08,1.332714080960309e-08,2.421860409781723e-09,1.4444049832952099e-08,5.742706833427272e-09,3.2757492800889046e-09,7.482884897024738e-09,1.7779938964409295e-09,-2.0146422194744693e-10,4.270332662011068e-09,2.8143662213835326e-09
F8treat_p0,-1.1424858942950333e-09,-1.0070331816120026e-09,-2.5850508300317803e-09,-1.2743195085432962e-08,1.8436060881238705e-08,6.024747612734155e-09,1.733172123370407e-10,-3.697607981950245e-09,-1.2478591145839267e-09,-1.0483885390678634e-09,1.5162133726288122e-09,1.85797491057538e-09,-1.620724331422732e-08,1.3485553642522345e-08,1.895148468106243e-09,-3.233735931419384e-09,-6.762629255105077e-09,-1.2357623346036323e-09,-2.612084777684126e-09,-1.0894619828825195e-09,-6.6970237167559574e-09,-1.7558033448009554e-08,1.406239998040875e-08,-7.480541048774891e-10,-1.8134979163491032e-09,-5.935171407280405e-09,1.7636881658248608e-10,-3.0725973137094515e-09,-3.763720000677717e-09,-3.125435923978747e-09,-1.6750283847054416e-08,1.6417451622865518e-08,2.2926890917410004e-11,-3.2770503871331804e-09,-6.353789218435657e-09,-5.475930283654231e-10,-2.163148870301517e-09,-4.059403386780005e-09,-1.896676580121814e-09,-1.2484222521890178e-08,1.557883184084386e-08,-1.5458811051434206e-09,-4.393448093729773e-09,1.5822513891870714e-10,1.4674955102404277e-09,-1.887889104676689e-09,3.799001696028717e-09,3.153034054170671e-09,4.0946337568225595e-09,-7.86319527151752e-10,-1.7914043228275658e-09,3.321365851730618e-10,5.072690864409885e-09,2.6803981122478774e-09,1.813814344141268e-09,8.212516874006945e-11,-4.793820304011307e-09,-1.2526071317362003e-09,-2.560678412144341e-09,5.966088684793734e-10,2.1277251795663796e-09,-2.6592013454557807e-10,-6.257345887683832e-09,7.614395155361027e-10,3.5419634352242116e-09,3.6236490672686796e-09,4.1437138713172785e-09,2.6232583673633542e-09,-1.3989047811359485e-09,-1.6131865476676352e-09,1.6153591469768195e-10,-4.798320161927404e-09,5.30711485477552e-10,5.5981645446051175e-09,3.2606611995355536e-09,-2.8099016831837227e-09,2.2111017898001555e-09,5.090625715035087e-09,3.6674914659863135e-09,3.6456692911268593e-09,1.816456353102574e-09,4.929499284677033e-10,-1.1608331189950395e-09,-6.105100941565297e-10,-1.1405331170795121e-10,-2.0733083400786915e-09,1.3296229449479162e-09,-1.2649554840075052e-10,-3.2548478586665027e-09,3.0202580183338266e-09,1.2893768442868823e-09,2.5795955557259757e-09,7.519776840295076e-11,1.9469212635961317e-09,-8.153661272320871e-10,-3.2861392746045404e-09,3.0755324705304863e-09,-5.846262670842143e-09,-2.0320984420871807e-09,3.5250537862521506e-09,1.9317337007469365e-09,-4.692222500323114e-09,1.4041761887526414e-09,9.993595504925315e-10,3.2348916111740995e-09,3.706547155276961e-09,7.564694662905426e-10,1.251347954609403e-09,-1.130051442908556e-09,-6.088316736823076e-10,-2.023356699751302e-10,-8.077596899332737e-10,-1.6492559985840342e-09,-1.0687658122733555e-09,1.1664255729240658e-08,4.57640682288767e-09,-1.9784622324112617e-09,-3.4793116034737997e-09,-1.4732859825166685e-09,1.5715507360606624e-10,-7.747706283541654e-10,1.5219479756031905e-09,-6.974377557634998e-09,1.764069051803488e-08,2.2909138186139406e-09,-4.402730509322098e-09,-5.319860933869394e-09,9.530019066582016e-10,3.865622098388472e-10,1.5651297011436455e-09,3.5976286575713956e-10,1.884741945593032e-08,-1.57685079943766e-08,-3.61143432248848e-09,-1.3088429464451546e-09,4.5757695737586653e-10,-2.1211077403669532e-09,-6.117412320733183e-09,1.8591271830461648e-09,2.6300402779341253e-09,2.5835623679164244e-09,-4.57131924348199e-09,-1.505019353661091e-09,-1.0719601514872585e-09,1.402763717944959e-09,4.516717794296032e-09,-3.0295908773293993e-10,-1.305345020901536e-09,-1.5550411431873678e-09,-3.23162214464213e-09,-1.2136213661925804e-09,4.556108657097703e-09,3.988774317039862e-09,2.1068669721130396e-09,-3.642486316552987e-09,1.714272159337847e-09,1.2414501081028627e-09,5.188212032079615e-09,2.4188116538236978e-09,1.2643862740903378e-09,1.3238907565533108e-10,-2.5759460386337017e-09,-3.549010751658991e-09,2.2553730799563707e-09,-2.6627077232666177e-09,-5.582153015864075e-09,-2.7689460708026027e-09,1.75958320678757e-09,-2.2638106115074667e-09,-2.3527375204649996e-09,-4.4165604111797095e-09,-3.396355755690929e-09,-1.3454432210585541e-09,-1.4716492789599314e-10,1.8848333141339836e-09,6.453413987500073e-11
F8treat_p1,-1.6140504845743835e-10,-5.362861169875937e-10,2.0533004192961646e-09,-7.697610892504438e-10,-5.189517446398091e-10,9.637127331722004e-10,1.3113921423820793e-09,-1.2794345171922093e-09,-1.2263633031190753e-09,9.102392094591453e-11,5.346847233542854e-10,2.1981015996881324e-09,1.1939850782347094e-09,8.381241163359618e-10,-1.4483981825765074e-09,1.4548206642976892e-09,-1.9442684806537624e-09,-4.769369417667942e-10,-1.0042780712248173e-10,-1.0613759644583857e-09,1.0587136239550863e-09,-1.1773224544909474e-09,-1.2573022998957993e-09,8.655228424647571e-10,-4.5952170697357144e-10,-1.144573207890177e-09,9.216176800385021e-10,-2.1641193660002106e-10,-1.6154435444757579e-09,1.2053301625581912e-09,-3.673873628769037e-10,3.289248732801211e-09,4.242243971458212e-09,1.1456188203642355e-09,3.5502393828238604e-10,-1.0017543416558482e-09,-4.410918132129935e-10,-1.599725248911145e-09,9.933286683681052e-10,1.5331423927416343e-09,2.793684970771688e-09,8.149759310451926e-10,1.6568564027405152e-09,3.7937752413150246e-10,1.0525318396796672e-10,-3.4780973576090237e-10,7.627129527370824e-10,-9.372259042107403e-11,7.458759514642176e-10,1.4820298369777966e-09,-1.4288779281278376e-09,-6.516210586575416e-10,1.0432850611877773e-09,-3.483942630627711e-10,1.1836803598272094e-09,2.812418660504128e-10,2.7800228940848096e-10,-3.0891784280657455e-10,-2.589869420517451e-10,-6.498176072298793e-10,1.1165367031698644e-10,1.2276056731658921e-09,1.2264243917196714e-09,-2.1163342433713207e-09,6.904906989855594e-10,2.2478811805771105e-11,1.0294006882757806e-09,9.025418076683396e-10,1.0971259661220967e-10,1.7417236182396225e-10,-1.2720583034375349e-09,1.0054724374113062e-09,2.4951437686937583e-09,7.106716859080366e-10,1.5605467002714744e-10,2.2507436323456487e-09,-7.918649906656775e-11,3.9115709225059997e-10,2.154010098610137e-09,2.8072510596791586e-10,1.3839530048758545e-09,-4.1649303079300345e-10,3.541502908455339e-10,-1.4479002300271527e-09,-1.1357800858153712e-09,1.1305966773541477e-09,1.1889834653345187e-10,9.03830839385417e-11,7.27219612744831e-10,-7.483140766102099e-10,-1.0968087019716502e-09,-2.821215588385755e-10,6.870427702921511e-10,-8.407311884175728e-11,1.5635431012072959e-09,1.1034953011140275e-09,-2.270586657084358e-09,5.127196677358602e-10,8.709056948342614e-10,1.591794773282982e-09,-6.289118686433419e-10,9.41699741158545e-10,-8.731118861098566e-10,-6.558732944671129e-10,1.5969735347558112e-09,1.558726391182806e-09,-9.769972710678381e-10,1.700874393155576e-10,1.086433265314909e-09,-2.392194603036967e-09,8.544342747749842e-11,6.649008790150563e-10,2.4632648020360115e-09,-2.578823435429556e-10,1.738348064863004e-09,3.6111229921435696e-09,1.7582540138950598e-09,-1.9051416492702708e-09,-1.2032224844759382e-10,6.493847947375876e-10,-3.7497706439950905e-10,1.3640461969250354e-09,7.782863622509808e-11,2.2909138186141957e-09,4.986039479377567e-09,8.451724830884548e-10,-2.1053371992456022e-09,1.4894927648509503e-09,6.017406535242315e-10,1.7616009481403e-09,-6.72941378255763e-10,-1.1293197164163781e-09,-1.8470893279619585e-09,-1.984559334810183e-09,-2.2062172378473187e-09,-8.259638194454095e-11,-3.271877316923225e-10,-3.525179398526867e-10,9.29841828988419e-10,-8.026641253390586e-10,-3.5013830228432235e-10,6.778544321840609e-10,-1.497801257264764e-09,-5.716116219493764e-11,1.0999181189009912e-10,3.809029635744451e-10,-3.4617775235326375e-10,-1.3629283389329308e-09,1.2001346985201277e-09,-1.0846037609564153e-09,1.5006032420967136e-09,1.5191225092078805e-09,-7.810744527824739e-10,-7.171923176486454e-10,4.4697723954021657e-10,-6.949194753326144e-10,-1.1309850076053201e-09,2.103401055465229e-09,-4.359878713853207e-10,1.3360668796218538e-10,-5.262139197666543e-10,3.979946580590363e-10,-1.851972249618743e-09,-7.663626250470338e-10,-1.3369557049772582e-09,-5.012234423687954e-10,-6.870826878540837e-10,-1.998373865739405e-09,3.098777333838261e-10,-1.5535750748499138e-10,-1.466608665428049e-09,-6.310232180706384e-10,-7.708189069823055e-11,1.616301744471154e-10,1.0114621672005953e-10,3.1890637044297835e-09
F8treat_p2,1.0618501199013746e-09,3.2090099183232243e-10,-2.1212086143078116e-09,4.650487665434439e-09,1.0886889624814471e-09,5.557804026775347e-10,3.1586421615856546e-09,-9.874321880379154e-10,-1.4446782738224293e-09,1.357625575691721e-09,-6.943466942076624e-10,-3.8583678465136326e-09,5.9437600573517875e-09,-6.622600356140202e-10,2.8836934211645163e-10,4.721918120128062e-09,1.1127766708312402e-09,-1.8816091733189786e-09,1.630403086927923e-09,-2.1913088265424227e-10,-4.825055074215261e-10,4.847282039720558e-09,2.2522779638749917e-09,2.0820422344308866e-09,4.592564008048427e-09,1.4082708150417012e-09,-1.055628379988233e-09,1.144236940079493e-09,-7.42430600819497e-11,-7.208714996477574e-10,3.014141320757432e-09,8.822825805855073e-10,2.290275146008484e-09,4.035032174364126e-09,1.7109357894148056e-09,-2.214504477125268e-09,1.0245529964050034e-09,1.083434285875333e-10,-6.267546198877288e-10,2.8831210096794415e-09,-5.259300707703208e-10,3.811912440020887e-09,5.61036060371046e-09,2.746440211223265e-10,-1.3282483810852703e-09,4.9529243616368265e-12,-1.1706566284358948e-09,-8.841742453793635e-10,7.531982006904774e-10,-7.581194981400563e-11,-4.532693961507114e-10,-5.79790316970165e-10,-2.945638518663871e-09,-3.459665432738128e-10,-1.7512851534448528e-09,1.9173172935382013e-09,3.0352324770508087e-09,-3.077614759100277e-10,-1.464255211242533e-09,-2.0610229581582213e-10,5.119222199031317e-10,1.958846815138952e-09,1.5654996340713247e-09,-1.0598486464650993e-09,-1.7301360973142868e-09,-9.164833011162918e-10,-1.747103430722576e-11,-2.0465688237092714e-09,1.012164494476606e-09,1.9026913356999565e-09,-1.0139155940562985e-09,1.0491472142938557e-09,-5.668505507435421e-10,-1.9400471470556776e-09,2.4433947556734467e-10,1.0308597424361513e-09,-9.477848427103876e-10,-1.18945085523636e-09,4.217441068423607e-10,6.317274936134709e-10,-1.099518631642826e-09,1.9378094201823055e-09,-2.3431677978179694e-10,-2.0828444412307796e-09,-5.343213272389892e-10,-3.2155796731534037e-10,1.177639430437001e-09,2.25434886640176e-09,1.3291644637637547e-09,-7.632047953510482e-10,-3.1486389686118124e-09,2.4459828924438555e-10,5.438936668028868e-10,-1.6898205321789374e-09,2.429198480739416e-09,1.933994877856818e-09,-1.7500984025556189e-09,3.685936292010909e-09,-1.184512169913269e-09,8.030663109791538e-10,1.5417041896087361e-09,5.042563253182722e-10,-1.0844546316767922e-09,-2.6835097041369456e-09,6.328655770528853e-10,5.031419352410858e-10,-1.0029437397354298e-09,-7.932297939794408e-10,1.5427873103802973e-09,-1.0574873359169715e-09,5.426377404150595e-10,-1.171004188326161e-09,4.1335311874382627e-10,-3.111911233157376e-10,-1.03169085836979e-09,-3.90228200099083e-10,3.2846311747494466e-09,-9.238889027875454e-10,-3.848228403922626e-10,3.19917164116583e-10,-5.757713545402579e-10,-1.568616832682586e-09,4.727446270940167e-09,-4.4027305093223e-09,8.451724830884262e-10,6.219487456189509e-09,-7.570776256068777e-10,-2.0069645642517467e-10,-7.168327073822192e-10,4.6085067096572747e-10,1.9452230842249248e-11,-3.909802076470079e-09,1.5733415371247331e-09,1.5000812213058987e-10,-3.0427384660078913e-09,4.738999222473452e-10,1.130665257367707e-09,-2.8467859139503058e-11,3.0997607267451875e-10,2.365584039361381e-10,-1.322027689374883e-10,2.593477928933864e-09,-7.332196274909449e-10,-1.923114467814956e-10,-1.258097759734911e-09,2.678416079542644e-10,-1.4495772163650674e-09,2.1955078741098463e-09,2.05278186731209e-09,5.617490393742472e-12,-1.5120379406492936e-09,-8.390169880583737e-10,-2.854193701701567e-09,7.092755921296003e-10,4.756512886932937e-10,-2.1985453417999127e-09,3.5754717527552554e-10,-5.6048832548907e-10,-9.874938897397392e-10,1.7938589152697392e-10,2.1815746589708153e-09,1.5391113523243468e-09,-5.775776961132963e-10,2.6890895232424536e-10,9.92457550785963e-10,1.1032168828852804e-09,-1.195871275553865e-09,-1.6196988425952088e-09,5.412232147750134e-10,3.8044106400710484e-10,3.816142318522892e-10,-2.9197455148584724e-10,6.996130048095162e-10,-1.7278652553148634e-09,-1.855184682645538e-09,9.015183283084799e-10
F8treat_p3,4.3024209920639134e-10,-4.470951275238318e-10,4.349342366539304e-09,5.032210594937549e-10,-9.84099584799885e-09,3.8657292478375916e-10,-1.8171377921290257e-09,5.043435523870044e-09,4.0842877866695405e-09,1.1840140504483747e-09,-2.2571784618749823e-09,2.9383855767232836e-09,2.884145604055183e-09,-8.11487490995154e-09,6.699026826948456e-09,-4.757301644837383e-09,7.896470451518393e-09,3.0461604543379468e-09,1.3135818118034952e-09,-1.0590474803794477e-09,4.127883872687105e-09,-1.136802485028123e-09,-8.87529849348166e-09,5.972186836936805e-09,-2.2985312283248664e-09,6.638055967295534e-09,2.629802071529231e-09,7.942785582402845e-10,1.2834800316590308e-09,7.808714923516683e-09,2.790275688445914e-09,-8.186271698847226e-09,4.282142698593025e-09,-1.895705253081591e-09,5.0412913265622415e-09,4.708551046100859e-09,2.2029430292117422e-10,2.5933327550511265e-09,5.163765413743227e-09,-4.9634433613793676e-09,-6.611513718079623e-09,3.993880739518952e-09,-2.8386032174445036e-09,3.1150069146981465e-09,7.682130393929393e-10,-2.2108730042627437e-09,-3.0874930285595536e-09,2.5189810367175157e-09,-3.183189296593302e-09,1.4272521563279915e-09,2.659922730270849e-09,8.92497857987259e-10,-1.5340298461847767e-09,-2.6864526811899315e-09,1.785975842764915e-09,-3.423884453026138e-09,-1.3631506398670216e-09,2.74196652744683e-10,-6.370511297158497e-10,1.0596710762777428e-09,-8.857083195565987e-10,-3.989524822135568e-09,5.048743414006796e-10,7.427835572455168e-10,-2.2895826741403103e-09,-2.348452489685837e-09,-3.6895611065428376e-10,3.8120544165044646e-10,-3.4043255317048646e-11,-3.0709030607095073e-09,8.579964657052677e-10,3.2932106922808175e-11,-8.381252631606517e-10,-2.145960909633444e-09,-2.214788557562838e-09,1.3606841472385338e-09,-5.106768806784792e-09,-1.6753747775780153e-09,-2.588781493678076e-09,-1.0051053071992358e-09,2.1670085099789178e-09,-3.936335501510256e-09,-1.2781895409843066e-09,1.249462418783043e-09,-4.5218455599693705e-09,-4.6798362307486706e-11,-8.925323848423656e-10,-2.9467971127643648e-09,-6.369876379090589e-10,-3.0691068670902577e-09,1.1528016116971783e-09,-8.663246317297167e-10,-3.3436631366412216e-10,1.3210178566856358e-09,-2.921757252264012e-09,-2.7468345636095546e-09,-5.500485217048064e-10,-3.0480604823981765e-09,7.908211768863669e-10,-3.779905298980927e-09,-5.525064478735026e-10,2.720873748382613e-09,-1.3419401486080822e-09,6.395443723707491e-10,-8.623827802606516e-10,-4.144494174635274e-09,5.024285132343082e-10,-2.3803722429301134e-09,-1.5247369250478016e-09,1.649434130903692e-09,-1.6300020769126198e-09,-4.0620674643702274e-10,1.549083768473319e-10,-1.8161287843486e-09,-3.1887510082837387e-09,1.2313086688366218e-09,9.543574431910785e-10,9.017631864289291e-09,2.0825072862293776e-09,-1.920082587233741e-09,2.1003583518031823e-12,1.0554025204393937e-09,3.5029293077362458e-09,-5.319860933869918e-09,-2.1053371992461572e-09,-7.570776256068445e-10,1.099878236768563e-08,-6.260342729883639e-10,1.2822608143123506e-09,-7.578212207685068e-10,-5.980232814743022e-10,-3.1919296424579442e-09,3.1566071925833678e-09,-4.891882031231274e-09,1.2940925381591263e-09,-5.702512188855836e-09,-3.1865693054143474e-09,1.0596975779798156e-09,-4.312462293458842e-10,3.87304849189976e-10,-9.478378644054923e-10,4.995013827305156e-10,1.9716767779073357e-09,1.774894402307257e-09,5.531239701111532e-10,-3.784761309448557e-09,2.5176327373457353e-09,-1.1743697180755534e-10,-3.2611117784389433e-09,1.2154458403146676e-09,-3.23939629938798e-10,-3.5523412184432935e-09,3.1427183506989883e-10,1.1442856046404593e-10,1.0772410217035837e-09,-1.57205029767662e-10,3.600987671955159e-10,-3.407916957142675e-09,7.350356005135162e-10,2.797979634163422e-09,-1.7846106267215077e-09,-1.6861962906270631e-09,1.478050353148008e-09,-4.518281322563677e-10,1.0096523252989965e-09,9.695692112359344e-10,2.3988665701224064e-09,1.394119480470174e-09,1.9455218467509966e-09,1.6603004870256234e-09,2.8907553854453475e-09,2.875746820871992e-09,-1.4933107802862196e-09,1.655973785346368e-09,1.633058342493316e-09,-1.269675002516034e-09
F8treat_p4,1.6085569108897178e-10,2.7013758349595864e-10,3.87592781211258e-10,5.519315390247803e-10,-1.234589449160369e-09,2.6491827616707188e-09,-1.0833337288039259e-09,-6.331396825183052e-10,6.836322380128128e-10,8.011888642898244e-10,2.6872638977720827e-10,-5.295201924960216e-10,4.88992561618457e-09,-2.9881893911872633e-09,7.433752521186064e-11,-3.6312347816750685e-10,-5.812482489304083e-10,1.4147790023388549e-09,1.902540256317415e-10,-2.0558246604037961e-10,-7.744471059075556e-11,4.821298744471322e-09,-3.186615800813743e-09,4.2359974989147745e-09,-7.859912210354311e-10,2.2798268865112036e-09,2.2102234610251063e-09,1.2479584380017485e-09,4.999467194591448e-10,8.224955672670269e-12,4.4803888597768035e-09,5.708551500334629e-10,5.734701265655109e-09,8.734231637768328e-10,-9.371445354440617e-10,-2.2250841180456407e-09,1.1186932828052812e-10,1.94496167082243e-10,-6.51346620845647e-10,5.845570519648215e-10,2.4339221364289242e-09,2.509739042329805e-09,1.1735112552150195e-09,8.56052273850698e-10,6.431844738128167e-10,-1.0880114657999448e-10,-8.282942560536427e-10,-1.679190159778477e-09,1.8384602451181766e-10,1.4719621281180578e-10,-1.266600453680595e-09,-1.8292294224971867e-09,-2.2958255907529412e-10,-7.191783234333864e-11,1.1653680754757055e-09,1.3145262331678707e-09,-5.20585228479109e-10,1.445838382139851e-11,1.3657357250827906e-09,-1.799613288184891e-09,3.1085623651420196e-10,1.1109362692900855e-09,2.508325360169294e-10,-2.958110111876905e-09,-7.959452174141676e-10,5.444030474924381e-10,-5.342586602879022e-10,-5.68164869337175e-10,-8.310426015994212e-10,-7.296141692840767e-10,-2.1268049860744716e-12,6.533259478450868e-10,-6.069178977204518e-10,-2.1567584335770513e-09,1.1668031272287458e-09,2.6189604225854737e-10,-6.427728409513171e-10,-2.552821748726892e-09,-3.9920539716611757e-10,-1.1506593149765116e-09,6.570333338888375e-10,-7.447702593110451e-10,-1.122030291550783e-09,-7.203161177719776e-10,6.600641313577494e-10,6.660539088605532e-10,-9.866069888313925e-10,2.4140155544687545e-09,-8.285280065400846e-10,-1.0942525330178112e-09,-1.7760186872350007e-09,8.359646375588373e-10,-1.3913789568242195e-09,-1.162742495695554e-09,9.543500253353158e-10,-1.3815058665546649e-09,-2.241462559969273e-09,2.409147398021562e-09,-4.2649581353586e-10,-1.2825148727666095e-09,-7.950426949436902e-11,-1.4061920469282833e-09,-1.4940025083261053e-09,-1.3518213867781425e-09,-4.804804960986915e-10,5.313757256578637e-10,3.2901179663926023e-10,6.782005679416664e-10,-8.07820320932227e-10,-1.7848297248450956e-09,-7.450358325582839e-10,1.765835886278562e-10,2.3292192276282838e-09,8.256865564473992e-10,-3.924107926352178e-10,2.6502112275827653e-11,-1.0510523470839027e-09,-1.6500815901272959e-09,2.090151975374282e-09,6.876638009592094e-10,-4.668936727974002e-10,-3.791161052832873e-10,3.468121717390301e-10,9.53001906657976e-10,1.4894927648509514e-09,-2.0069645642502715e-10,-6.260342729883477e-10,4.263517275644532e-09,2.915616635685004e-10,4.3713466230314725e-10,-1.9706296049227986e-10,-4.392310188384804e-09,-5.817845702162521e-10,-1.010478776420282e-09,4.33753329416214e-10,1.2673821137382762e-09,-6.942070740853927e-10,-9.078939229584465e-11,-6.74725197373934e-10,-4.924197588784929e-10,5.885456654958726e-10,1.460398921536621e-10,-8.327323533799817e-10,-4.3100504339124744e-10,7.886997963387501e-10,-8.814754268954175e-10,5.016213139011887e-10,1.1782736703040364e-09,-7.512422081973762e-11,-3.05963016199045e-10,7.35216078459221e-10,-2.48967705295223e-10,-1.9681492274751906e-09,3.446350505370296e-10,-1.0098886191061058e-09,-1.5281600893274834e-09,-2.2598775710361797e-10,6.126184511644691e-10,-8.546473059954625e-10,-1.3547692156154739e-11,-1.1383617022663068e-10,-7.70150016340292e-10,-3.3507288398808844e-10,-6.426243123823279e-10,9.63052786423683e-10,1.4245876876872545e-09,-6.175474889042655e-10,3.065153832870762e-10,1.3335499760836395e-09,7.870599405707088e-10,-5.314916805169031e-10,4.5979974736576215e-10,-3.243458964433855e-10,-6.380999545579254e-10,5.448693792423641e-10,1.2839377972243549e-09
window_m4,-7.835298901073496e-10,-5.80879103866492e-10,-5.393724457144379e-10,-5.6866517285526375e-09,4.855471624418628e-10,2.164250970200924e-09,-1.7072517608361217e-09,3.3501984063340157e-10,6.274162612843441e-10,-8.74094462715525e-10,4.306602149356488e-10,1.4303849786583788e-09,-4.054102960551887e-09,-4.476665481178125e-10,2.0564044190706083e-09,-1.3822164666478038e-09,-7.394911259584115e-10,1.8408098872702913e-09,-1.5495993925254119e-09,-9.41168091492087e-10,-4.928156748187758e-10,-3.877354349340176e-09,-2.7591073112673046e-09,7.721097734395146e-10,1.6612018294315465e-10,-8.981974039743334e-10,1.8476737674016722e-09,-2.3666523320689774e-09,-1.566947968503645e-09,2.561720252930196e-09,-3.1318266263074728e-09,-2.25395493622798e-09,3.689276248716521e-10,-1.2827883267974018e-09,4.2774229451979276e-10,3.3115022949230238e-09,-2.3733962583302974e-09,-1.5259547514294485e-09,1.0326437809230218e-09,-4.9472146037709065e-09,-1.1712989677695594e-10,-1.29021522544935e-09,-8.008837953652514e-10,9.608776010025637e-10,2.1686958503155947e-09,-1.060240853278322e-09,-1.3828921852306375e-09,2.5722050858076543e-09,5.785687718333399e-10,1.1319404474321045e-09,6.144639064687316e-10,-2.7430122747125776e-10,-3.510137444177968e-10,-6.595690857822961e-10,1.6648632407016708e-09,-1.7361458320853712e-10,-1.4719706156092896e-09,5.865136964942675e-10,-2.5677969702442953e-10,-1.0874995877091285e-09,6.107632598547923e-10,-1.3991188209368578e-10,-6.484429276265728e-10,-2.010534200823243e-10,2.5469076591072247e-10,-5.897089404302136e-10,1.9122703067096612e-09,2.1171321103540525e-09,-2.846466551967312e-10,-9.411572922065213e-10,8.35793844563804e-10,-6.777620670876868e-10,-5.172270858861197e-10,1.287503813279782e-09,1.0287877121773396e-09,7.483162057675206e-11,-9.889512401500627e-10,1.1677519040242748e-09,-3.4642187639557757e-10,2.5230612312136415e-09,1.5077575381298325e-09,-7.963228840545624e-10,-7.194632763484073e-10,8.710656129683147e-10,-1.7139306609764057e-10,-6.598017239222405e-11,6.279624179015029e-10,9.233039212758297e-10,-6.778524350793115e-10,4.6098842990971377e-10,9.10277994805102e-10,1.982710645482897e-11,6.544326448822978e-10,2.1208841181206464e-09,-2.2062679635138986e-11,-3.461368943520794e-10,9.328263047630204e-10,-9.559937815771294e-10,2.986995100211651e-10,1.8185378725222046e-09,9.758727462143963e-10,1.1570023535984985e-09,1.0073639261624778e-09,-7.624677740945048e-10,1.36750836610664e-09,-5.008150211888702e-10,1.4235359544913868e-09,-5.885174180143164e-10,-3.3366978147811504e-10,7.350206958685355e-10,-1.7018636271072342e-09,-8.58593415165626e-10,-5.646065958872958e-10,-1.7729141643822459e-09,-2.895547748342356e-09,1.3895417878181592e-09,-2.378141765005897e-10,4.8191462759128755e-11,5.197274652070704e-10,-9.768894917576125e-10,-2.5006610087994e-12,-2.8688721351413756e-10,-1.3689583573715605e-09,3.865622098389013e-10,6.017406535242316e-10,-7.168327073821946e-10,1.2822608143123673e-09,2.915616635685019e-10,1.9043203827056684e-09,1.868153715615185e-10,-3.4489077846484413e-10,5.112162455909211e-09,-8.192124665388961e-10,-1.9870990329280547e-09,-5.739085940047224e-10,-9.692085624202306e-10,-2.3397851457020365e-09,-8.0827174045889e-10,-6.309004308454132e-10,8.068690734548941e-10,3.205789618291937e-11,-6.748561070722465e-11,7.860742073728986e-10,-1.222013306698071e-10,2.916793990248327e-10,5.599337903889328e-10,1.5596434988131959e-09,5.061852463171455e-10,-6.677644774312934e-10,4.776664671979304e-10,-6.366538538608977e-10,3.1744189778351984e-10,1.2238947412861761e-09,1.3244429662729117e-09,5.089750372640429e-10,9.92228412320746e-10,-2.133266861783219e-10,2.726822446746387e-10,7.624258467996074e-10,1.1140477843744935e-09,-6.975349803538866e-10,-5.334461508003796e-10,-1.3374218837352263e-10,-8.035483736375055e-10,-7.477357554630245e-10,-1.8495282656706494e-09,-1.0219126093023928e-09,-4.1485327124823804e-10,-7.254243828183437e-10,-7.192030921798674e-10,-2.450356019210513e-10,-5.226524350556439e-10,-1.4920724300935013e-09,2.604337777621205e-10,5.094341527641972e-10,1.3793467533030906e-10
window_m3,1.2519293530877585e-10,-3.5448176958308285e-10,7.658715501636385e-10,-7.705552701377705e-10,2.6563468669243077e-09,2.2086525969920754e-09,1.9823943170899956e-09,-6.907194800109158e-10,-8.665378046553822e-10,5.792141653198299e-10,-5.669284406389881e-10,6.46051870052818e-10,1.3013270547067857e-09,2.194727999582359e-09,8.160877226277063e-10,1.3536753641391248e-09,-2.2106566993981732e-10,-9.5219643289753e-10,-1.1191647549369505e-10,-1.0724180335878016e-09,-2.847643828790068e-10,-1.34004642409047e-09,2.0927996584880448e-10,2.962730366757484e-09,1.7776615971725918e-09,-2.86987632665444e-10,6.342035847198295e-10,-4.1076932330955024e-10,-1.5636374835319164e-09,1.1757588213674788e-13,-1.2246146696186345e-09,1.930199874838815e-09,3.97876306034292e-09,7.172553475446879e-10,3.3266830810732734e-10,-6.466771294087371e-10,-2.2056159875610612e-10,-2.102371162697727e-09,-3.822117515057659e-10,-1.5393397777805764e-09,-6.125372483261083e-10,2.6634044289866564e-09,2.047120371229768e-09,9.806494850055469e-10,7.070580039434953e-10,6.688150678480591e-10,5.697524587766419e-10,8.452425944279659e-10,1.0366285372631502e-09,-2.7654593931926013e-10,-1.0277402404787075e-09,-1.865980267552485e-09,4.5936524220676994e-10,-6.403047274373298e-10,6.307507766344134e-10,-2.6575152425568185e-10,7.695281043764679e-10,-7.553641784609347e-10,8.39425345626127e-10,4.192299172894774e-10,2.4185439669349967e-10,5.599031609771349e-10,-6.430799164201223e-10,-9.005995289187821e-10,-1.21843592987433e-09,-1.6168738904734714e-10,8.271662935802966e-10,-7.67239116560337e-10,-6.094424456546357e-11,6.322642156613573e-11,-8.927746898584927e-10,1.44385808172238e-09,1.0087767728878163e-09,5.389657790858742e-10,-2.2960255578138834e-11,5.083367293169221e-10,-5.205406158514248e-10,-1.702771814534135e-09,1.18476629299434e-09,-1.9325890017466536e-10,3.47799356905736e-10,-8.745449464066554e-11,6.933981772119454e-10,-1.2087363505564032e-09,-1.237184295051542e-10,2.855312492742309e-10,4.527830923939903e-10,1.9600807723451692e-10,8.031952186463971e-10,-1.2204019425813437e-09,-2.561269674382214e-09,-8.788959238269661e-11,6.006866856933605e-10,-6.567695734912158e-10,-1.650825194755809e-10,1.4204893949783985e-10,-1.7970130830521992e-10,9.382186477211696e-10,-4.4121353934787647e-10,9.32105983788459e-10,1.455520257179213e-09,-1.5283423515890152e-10,-1.1402187304641198e-09,-2.268007502505838e-09,1.8029630035545137e-09,-2.6724617529797776e-10,-1.01849240824251e-09,-3.0284634831992764e-10,7.342529072310151e-10,-3.5590215128609136e-10,-6.774819119122278e-10,-1.2182237756083877e-09,9.804398909409675e-10,-3.521937938914195e-10,2.1107859144618404e-09,3.2045156710678525e-09,3.2266537724202493e-10,-1.0640535660005952e-09,-2.353515053154702e-10,-3.93518147799523e-10,-7.188686298014589e-10,1.4310446965025016e-09,1.5485305288878051e-09,1.5651297011436124e-09,1.7616009481402466e-09,4.6085067096565944e-10,-7.5782122076853e-10,4.3713466230315506e-10,1.8681537156154335e-10,1.9957158256032357e-09,-1.206198376968622e-09,1.4312047933798516e-10,-1.0357539523157232e-09,-2.5763996448937266e-09,-1.7473341471894366e-09,-2.033210538737535e-10,-5.482013875371663e-10,-2.897066140547437e-10,3.658760887046669e-10,5.897390887614771e-10,5.156904595425805e-13,-8.170289359419199e-10,-1.1859199153455604e-09,-6.489962976212247e-10,2.7296822847196643e-10,-3.32060731699561e-10,1.0899465103508065e-10,1.1278745626063687e-10,1.3721282719876294e-09,-3.8222716294501977e-10,8.50603485786865e-10,6.477558461981998e-10,3.316496435155047e-10,-1.592428560914e-11,-6.537065033550562e-10,-7.156308153545306e-10,-8.592755895688761e-10,3.772735128720736e-10,-1.9335531452572018e-10,3.176924243197682e-10,2.90886769213791e-10,6.446852058122775e-10,-8.98521803590351e-10,-6.596679520319582e-10,-6.505356168330957e-10,-5.948254430924034e-10,-8.651827010583167e-10,2.660170326719193e-11,8.553501838813122e-10,1.1485799878050576e-09,-6.368974376802425e-10,-9.100054298981099e-11,-1.0369898710642308e-10,-2.733124775895326e-10,-8.596785039169209e-10,1.2155301906975249e-09
window_m2,5.337171795007402e-10,-1.0486206794465509e-11,-4.839387622457331e-09,8.739980079839047e-10,2.5715215189131595e-09,1.5721446185176177e-09,-3.4436068125798074e-10,4.945752997986205e-10,1.7421170871369054e-09,6.403760568649683e-10,-1.9390599419485494e-11,-3.876685045299468e-09,-1.981459550506115e-09,1.882934644631546e-09,-4.874838864816822e-10,-1.0327987159887256e-09,-7.969147021367545e-10,7.960650709419531e-10,1.871499898815979e-09,2.392753339783878e-10,-3.36089480644218e-09,2.3832886319136767e-11,3.145276527493535e-09,-3.365183575895849e-09,-1.9469510945694407e-09,-9.078012636616913e-12,-4.888974371345951e-10,1.2248454024941013e-09,3.815125768517762e-10,-2.46108520530208e-09,7.876010581403093e-10,4.510632144949735e-10,-3.5761740515813354e-09,-1.348781684431553e-10,-1.7500513264018188e-09,-3.818880890200301e-10,8.932136667693436e-10,1.890895423719124e-09,-2.1763287188775086e-09,1.0089812268722616e-09,2.4278452965505235e-09,-8.611168881101372e-10,-2.584767584237771e-09,-3.443770510412652e-10,-1.072345100219314e-09,-2.100158973095891e-09,2.1322532858901628e-10,-4.658983163828623e-10,8.321210089558242e-10,-1.2917929364879065e-09,8.883885962928822e-10,3.053805667830084e-09,1.7717111707533998e-10,1.8512958648545795e-09,-1.0707851521727864e-09,8.070119447579969e-10,-6.673038238783317e-10,3.526689608112732e-10,-4.740796490999382e-09,-8.469749128810908e-10,-4.3545395463012874e-10,-1.5685995955146843e-09,-1.2717604496953249e-09,1.2121387107169581e-09,3.7045462582596445e-09,7.668474971142941e-10,8.991170954169223e-10,9.245526340065982e-10,-4.967293342310485e-10,3.832305134997252e-10,6.398823197072733e-10,-5.667998868770567e-09,-2.582720612001723e-09,3.528594999581287e-10,-2.2172817455521917e-10,-3.136880632222527e-09,-5.719776224473462e-10,4.046632754756293e-09,-1.4430935076432702e-09,1.6891912316386966e-09,-1.1068552439714587e-09,5.891983334233727e-10,5.986671828440787e-10,9.848741604724482e-10,-1.6301624662985201e-09,-2.045575447892467e-09,1.4097659121284324e-12,-1.3101876252527648e-09,-3.189517505156719e-09,1.922013671405005e-09,3.204365044180016e-09,2.9620707577491976e-10,4.4475527596581874e-10,6.579884232200851e-10,1.3380757890782105e-09,-1.211860604992241e-10,3.242976992835934e-11,-6.2497431486020074e-09,1.4215992056079783e-10,-7.728877297305843e-10,-6.563171597972715e-10,-3.4890105309452013e-09,1.8785314215502476e-09,4.451597748538493e-09,-2.169959080867968e-09,3.708881484268162e-10,1.1121279104069763e-09,4.437052770322022e-10,-3.247501542765726e-10,-1.9530997388817919e-10,1.0790397473064221e-09,2.4205800184711915e-10,-3.7104659024829045e-09,3.5210966741732813e-09,-3.654625305681332e-09,-2.57669261578166e-09,1.9324915654431435e-10,1.533938196726793e-09,-7.979404611431987e-10,8.259200949633187e-10,-9.751349352091616e-11,-4.1179402157266225e-09,7.47297728396711e-10,3.5976286575694605e-10,-6.729413782558839e-10,1.9452230842218184e-11,-5.980232814743725e-10,-1.970629604925112e-10,-3.4489077846484666e-10,-1.206198376968613e-09,4.714114649004496e-09,2.216067880423831e-09,-2.4671798219033163e-09,8.669411039615996e-11,1.235432812750559e-10,-1.1586464438790817e-09,3.712649667666697e-10,-2.1502704231496714e-09,1.0491665116334044e-09,3.792873862145686e-10,1.9065697410913042e-10,1.5600393841217469e-12,1.5047615339797815e-09,2.2596752021940936e-09,5.536823455763591e-10,2.1266219814751786e-09,-5.829114491796126e-10,3.102726299294985e-10,-1.5650182900661954e-09,-5.265142829140774e-10,-1.3292181951500963e-09,9.288597437899591e-10,-9.439873101069311e-11,7.059024804554454e-10,-6.833739261573494e-10,1.4249487511533674e-09,2.3216936423457864e-09,1.1167955754287436e-10,5.581880024979976e-10,-2.966383808502135e-10,4.30477691998925e-10,-1.098789144862614e-09,3.840437941245219e-10,1.9048132301888762e-09,-9.096406265703603e-10,-1.32057649447217e-09,-1.5631826363603943e-10,6.935094090948719e-10,-2.3441581998936102e-09,-3.0774379238628717e-09,-2.803200888114316e-10,-9.514870745779022e-10,2.125510707117895e-10,-4.468512934184651e-10,5.383241288555109e-10,-7.287332912176919e-10
window_m1,-7.381286968588592e-09,-1.008175457203595e-08,-8.605543546406651e-08,-1.8994591046896383e-07,2.435130678557651e-07,6.130084136970187e-08,-1.5480622794425663e-08,-1.2338625687769993e-08,5.20836471354008e-09,-1.1787780872124631e-08,7.197506613549015e-09,-7.712039942977521e-09,-2.452198813003457e-07,1.5569538871957796e-07,6.584808370077898e-08,1.8109466138443336e-08,-3.0723804120350605e-08,-3.6060486909590743e-09,-1.3144785262511689e-08,-9.162318841344636e-09,-7.014502047875949e-08,-2.265222353412856e-07,1.6951354564971756e-07,-2.086309069151519e-08,2.2216450802586263e-08,-5.8523181216669204e-08,-1.1708943288406383e-08,-3.5620747330535993e-08,-4.828023783684214e-08,-2.0563673051149097e-08,-2.6926745480127893e-07,1.536189974855875e-07,-4.292050054863092e-08,-1.8351419546004655e-08,2.022993256019646e-09,3.1000394844816453e-08,-1.7119891352456992e-08,-4.556322059529184e-08,-2.540764080462164e-10,-1.6986281630539205e-07,1.2837382233524426e-07,-6.877562382555623e-08,-5.676878768242915e-08,-1.6697615357351155e-08,1.6961448799483445e-08,3.245803966658802e-08,-1.5198057790675623e-08,4.748193373944067e-08,4.3329304312154314e-08,-1.303803424511238e-08,1.0362851455581235e-08,-9.898869855887832e-09,-1.2969015626939388e-08,6.8705808382211635e-09,-1.919543051697189e-08,-1.8108326408550854e-08,-1.0586819444601394e-08,3.490673495715625e-09,-2.5014737730522164e-08,-1.4656046802642274e-08,-2.680711886237781e-09,2.1393307433588953e-08,-4.9789167344160194e-08,2.0261035466289953e-08,4.640987693888643e-09,-2.4758828891333718e-08,5.702549826535611e-08,4.247284264065371e-09,-8.51537791054524e-09,1.9308944719031336e-08,3.6624646134226362e-09,-6.404210419804281e-09,-5.9334293010128547e-08,4.1260130622934e-08,3.121599658878561e-08,-4.121971309891142e-08,-1.0582755733797076e-08,3.2092738713681054e-08,-1.2504467812738098e-09,7.347267000779738e-08,-4.0054560590708326e-08,3.593638714394855e-09,1.8083134563738967e-08,-2.8227994800896614e-09,2.006295620030184e-08,-1.9318470514076735e-08,5.40116580627835e-08,7.266091150572817e-09,-4.036259514227853e-08,3.7083675481478345e-08,-7.055808248046365e-09,-1.5476389358337663e-08,4.0503424069295387e-08,1.2295090637768972e-08,-6.801423870354432e-09,2.5105886457987283e-08,3.324186000520379e-08,-1.1264778470246978e-08,-3.5719442698936085e-08,5.453532066241512e-08,3.381692116660532e-08,-1.6299521098764085e-08,2.5240988875835208e-08,-3.4355486523010395e-08,1.9971009993344287e-08,-1.7719802698632532e-08,1.1415312428842298e-08,-3.7248212051376253e-09,2.5682361233228812e-08,1.0869235504854425e-08,-1.0688521011904674e-08,-3.274119367897978e-08,-4.62373027918584e-08,-7.836676745184882e-08,-1.5718346211348124e-08,1.2479911695176506e-08,5.486797351804312e-09,-2.1226476890140516e-08,1.6655908121298314e-09,-1.4196367899192847e-08,-3.4160431481830195e-09,-2.432907733481876e-08,-8.789496945090314e-08,1.8847419455929097e-08,-1.1293197164161827e-09,-3.909802076469787e-09,-3.1919296424590138e-09,-4.3923101883851e-09,5.1121624559090485e-09,1.4312047933704013e-10,2.2160678804236727e-09,3.1855003169084903e-07,-8.38429277658597e-08,-3.070129824587733e-08,-3.9276770844351884e-08,-2.7884255933382224e-08,-4.736603335432756e-08,3.275495698367749e-09,-9.743970775921026e-09,4.042029219894903e-08,1.1915193726486116e-08,-1.2595936933100789e-08,2.7326777233830756e-08,-1.5221782001820587e-08,-3.412080109322312e-09,3.371068339275315e-08,-9.528686122696744e-09,7.313159645034068e-09,9.3293636436932e-09,-1.312896399588903e-09,8.020408413585117e-10,4.069555811453094e-09,3.666950171691982e-08,4.288473323988994e-08,-1.293371837883302e-09,4.699343172778732e-08,9.475329233243904e-10,5.180417426361915e-09,2.2117065232769372e-08,1.885286473583613e-08,1.8964646140501952e-08,1.282083459568037e-08,-7.639275547270568e-09,-3.632528713495596e-08,-2.1773581423404836e-08,-7.14958703010336e-08,-5.334776834333469e-08,-5.245702834119683e-09,-4.843098221781345e-08,-2.565001044532155e-08,-1.1745713778731776e-08,-3.040606001012552e-08,-7.584371938355e-09,-8.704800880942586e-09,-2.125494458793049e-08,-1.5417853016693642e-08
window_p0,1.259866454408787e-09,2.9410064055970072e-09,2.3638713538989006e-08,5.065233298690972e-08,-7.065293757822928e-08,-1.8896964869704034e-08,1.7135014786341456e-09,3.743548863818284e-09,-1.9444964037682105e-10,1.9936342240784004e-09,-1.9432918824698855e-09,3.471284279949174e-09,6.476088745381924e-08,-4.699739581601591e-08,-1.5678746800203046e-08,-3.5243350811725474e-09,1.2162540114621918e-08,4.1123873542374495e-09,2.6581440534544656e-09,3.181844173471135e-09,2.110686696015479e-08,6.288770527548618e-08,-5.167893345220098e-08,5.990412120347342e-09,-3.4003578261796172e-09,1.6260237337466864e-08,5.161091001948304e-09,8.028153414928132e-09,1.3610368378646222e-08,6.549982297157557e-09,7.26392477976778e-08,-5.325056699966718e-08,8.404548651481733e-09,4.866189792513826e-09,4.312615532531656e-09,-2.7131640571814367e-09,3.818503292459129e-09,1.1765254721307274e-08,7.855767171412006e-10,4.72350544228288e-08,-4.685571555866193e-08,1.4573726681739236e-08,1.6836649629860043e-08,4.497180038707389e-09,-3.9793096326576084e-10,-4.627390862308836e-09,7.411813377591789e-10,-1.249251235654973e-08,-1.436907787250005e-08,4.413584615157284e-09,-1.220113550694566e-09,1.1957301727916894e-09,-2.1349835088375222e-10,-5.029334934078297e-09,4.692925009357259e-09,3.519467217423646e-09,5.306615176704067e-09,7.674442182338227e-10,1.180325384261522e-08,2.079910977421974e-09,-2.092558732895242e-11,-4.6570979014917745e-09,1.7150301577287918e-08,-4.291786277650749e-09,-5.683460455585123e-09,4.192558567962702e-09,-1.7184365725602328e-08,-1.396369717165497e-09,3.2340496681622483e-09,-4.190818824295275e-09,-6.407367530748426e-11,7.483419244413722e-09,1.4584202333831336e-08,-1.2042135855185154e-08,-8.35328891195945e-09,1.478215902190084e-08,2.0244088809502903e-09,-1.1667452873714197e-08,-2.160364956510664e-09,-2.006322168291288e-08,9.04251929100512e-09,-1.407830789936211e-09,-3.6945574694481223e-09,2.8160107040161586e-09,-1.5529119763217757e-09,6.707204661601627e-09,-1.4226171766587614e-08,1.1579642966479009e-11,1.4216106009085727e-08,-9.947821195248015e-09,9.239517595150724e-10,2.2918054220753863e-09,-9.529417041710871e-09,-3.0315982504172477e-09,1.2564270601768648e-09,-2.241470969122437e-09,-6.674776573068392e-09,9.186411059822564e-09,1.0279471126809978e-08,-1.302166438619443e-08,-6.159704940678081e-09,1.1005962651811798e-08,-5.798584190986469e-09,7.978550899378573e-09,-5.924972702886117e-09,1.300365077972501e-09,-2.0270175959051995e-09,6.277362879548414e-10,-4.980317348090408e-09,-1.2662976450707583e-10,1.96539006347455e-09,8.42637645381688e-09,1.2933165525842556e-08,1.6127972759643507e-08,-5.8065716627195044e-09,-4.893300060945755e-09,-2.7940384108149534e-09,5.779264037361234e-09,1.2795671868364155e-09,2.3735177919651733e-09,2.145132931744727e-09,6.831848497155842e-09,2.1396372757638914e-08,-1.576850799437735e-08,-1.8470893279622546e-09,1.5733415371247555e-09,3.1566071925829906e-09,-5.81784570215934e-10,-8.192124665387906e-10,-1.035753952315858e-09,-2.4671798219032282e-09,-8.384292776586225e-08,3.6527532895312374e-08,1.1654275912252537e-08,1.3098881934306905e-08,8.742597408995214e-09,1.1771919459977685e-08,4.559495583472232e-09,-8.782549324091801e-10,-1.1984032164774476e-08,-4.605088007293427e-09,5.637261770109879e-09,-5.291426233688751e-09,2.787320786177562e-09,-1.2796100888789404e-10,-1.220715621990528e-08,3.2918625415530903e-09,-1.2960865757965788e-09,-1.2579000213964065e-09,3.666983641075225e-09,8.950296668860271e-10,-4.6665552431063e-09,-1.0607928533333501e-08,-1.1790876201882201e-08,3.49095771824856e-09,-1.149296685217955e-08,-3.5361966558991267e-09,-6.205926813278917e-09,-7.428742751404344e-09,-5.34986027054983e-09,-4.2958581335971205e-09,-7.524914209903207e-10,5.2437418452515425e-09,6.421515053123022e-09,7.691299260309909e-09,2.119225734799321e-08,1.4430108306335271e-08,-6.163659319430072e-10,1.342090188719421e-08,9.113220075807989e-09,6.297418074174193e-09,1.0051653959068638e-08,1.9167804826023252e-09,2.124196216281717e-09,3.0148455708106437e-09,1.0530101629320078e-09
window_p1,-1.3450031500039775e-09,1.2467063762428246e-09,6.728055335839159e-09,2.1899965741256204e-08,-2.0889973159626673e-08,-1.712987753001882e-08,-2.5637466119046846e-09,3.7220947438977064e-09,-4.80336427043103e-09,-1.5080281030588122e-09,4.205204146806272e-09,1.033656280870444e-09,2.0687943948718046e-08,-1.1493288625543083e-08,-1.8549208662597025e-08,-1.5260688548024786e-09,-7.029333070065273e-10,-3.5820016796548215e-09,-1.1859305388261494e-09,4.358442982881511e-09,9.27460456361459e-09,2.985418002800759e-08,-1.0705210546608616e-08,-1.5378069504238498e-08,-5.031922165580816e-09,3.402676505616341e-09,-5.543341871610186e-09,3.1234002988972312e-09,6.165981537153658e-09,-2.8776965237745475e-09,2.7513614494631256e-08,-1.2380492181985195e-08,-9.823607488046527e-09,-2.2958792934120967e-10,5.046232433274672e-10,-7.976968900187644e-09,1.8450455538279102e-09,5.365532591921946e-09,-6.518290563906764e-10,3.054515060560184e-08,-6.074723453912589e-09,-1.1028006745551518e-08,4.2684346233419294e-09,-2.067139707585843e-09,-7.092507432090449e-09,2.883060346016213e-09,4.698199224214342e-09,-8.025649081218011e-09,-2.89268098229209e-09,1.3556753249894691e-09,-2.4166457507829383e-09,1.4652285730633291e-09,2.0235704921081635e-09,-3.368046340809786e-10,-9.732090667649775e-10,6.035293772958288e-09,2.9619504711658233e-09,6.120544874557368e-10,6.500700012823946e-09,-6.715468625206296e-10,5.591644597371557e-11,4.409537066370428e-09,7.408003522435466e-09,-1.2572038195384124e-09,1.842085762597237e-09,3.1830264837311768e-09,-9.403075458883617e-09,4.690713331931898e-10,2.056824556962463e-09,1.39219687485569e-09,-5.144691377493827e-10,3.536943708124301e-09,5.869171014590966e-09,-1.6132937302121315e-09,-1.452252608652418e-09,1.5277437179959182e-09,6.751086984678163e-09,-2.859074212838262e-09,1.1813747253504974e-09,-9.401264399167336e-09,6.817193240765426e-10,4.3787150778348005e-09,3.496745887011994e-10,-1.7193400271040816e-10,5.760544733190266e-09,5.7712789567665355e-09,-4.392192486413756e-09,1.939279724933416e-09,3.5832858004696407e-09,4.97776060915437e-10,2.21091258524159e-09,-1.3366977562680182e-09,-6.125112781286741e-09,-1.2428059153153522e-10,4.2710641434098335e-09,2.135527008585428e-09,-4.632372869625762e-09,9.81499452104002e-09,3.957085001736445e-09,-2.113902417203415e-09,-6.613808358573362e-09,1.9350381330956214e-09,-1.698013724225348e-09,5.988671881023681e-10,-1.781867234423754e-09,5.1872152859093815e-09,-1.0263461689913018e-10,5.211276394483282e-09,-1.527222923448554e-09,-3.6290424938346172e-09,4.2791886277111944e-09,6.2746363415939936e-09,4.557097085969853e-09,1.2989653114571782e-08,1.519479535982677e-09,-6.855013409835909e-09,9.339618265304578e-11,-2.097884847341849e-09,-1.289449417675822e-09,4.007174181865313e-09,2.453970520724497e-09,3.243932341344272e-09,1.1395192479112087e-09,-3.6114343224885952e-09,-1.9845593348100757e-09,1.5000812213061755e-10,-4.891882031231778e-09,-1.0104787764206015e-09,-1.9870990329280476e-09,-2.5763996448937514e-09,8.669411039613599e-11,-3.070129824587784e-08,1.165427591225219e-08,1.9747996651048593e-08,9.356924705344951e-09,7.603842417833312e-09,1.1834259147266574e-08,5.83574982378577e-09,-7.594843834022063e-10,-7.496912591749836e-09,-2.092494903021892e-09,8.229857852325478e-10,-2.6722875592933015e-09,-1.8546768982629493e-09,-1.5733459202931923e-09,-2.154229778906121e-09,-1.0544204424874149e-09,-9.007209812386775e-10,5.524286699001554e-10,-1.0853783891795988e-09,1.2112259478036387e-09,-4.830397452500782e-10,-8.367706586990144e-10,-6.43215012207266e-09,1.1012214056800405e-09,-4.739969339567176e-09,5.052512911881167e-10,2.0163186597063717e-09,-4.553601648486492e-09,-4.5666641290487485e-09,-1.1224320046726823e-09,-4.017391603461336e-10,5.939700544772878e-10,1.999972604964369e-09,2.1362238791563513e-09,6.543551530905007e-09,4.224946102597271e-09,-2.3529480373918584e-09,6.492057956962817e-10,-9.861121190541938e-10,-1.3083132932165342e-09,1.4797687856128193e-09,1.5564916862827253e-09,-7.214010913745372e-10,9.944871872783709e-10,1.6008235811015904e-09
window_p2,-1.2480837678985305e-10,1.059542249219341e-09,1.2204398447487553e-08,2.36178962714686e-08,-3.2170339285277575e-08,-1.003115685785592e-08,-3.6013621658805702e-09,2.9791764594345513e-09,1.021437421339385e-09,7.610340423538744e-10,3.99772539238047e-10,3.5367309654741955e-09,2.7852539029031326e-08,-2.199331040805579e-08,-7.600584478167752e-09,-9.649416258572507e-09,5.134319889477484e-09,1.8135962038426854e-09,6.382046035004547e-10,1.9690794847701104e-09,1.0573810673582412e-08,3.012303770099038e-08,-2.1718445261816024e-08,-8.916972488246487e-10,-8.983570336567658e-09,9.733167702831304e-09,2.198709622816141e-09,4.5836935839942915e-09,7.42045022283007e-09,3.436336380850927e-09,3.735672494828976e-08,-2.3497305307105007e-08,2.6835951510575585e-09,-2.505307313876374e-09,4.4458787795384895e-10,-3.86269566476547e-09,1.9026168685442685e-09,6.851983966645169e-09,1.3938596867285055e-09,2.373530108680724e-08,-1.450886207379954e-08,2.014782898497651e-09,1.2889310748946552e-09,2.6492026360409003e-09,-2.819561434087701e-09,-2.7835012341507163e-09,2.691466067108007e-09,-6.656418528840936e-09,-6.665409284150756e-09,2.409644493375122e-09,-7.813278311502379e-10,2.283351470413895e-09,2.780376559506978e-09,-1.3856289661012331e-09,3.709868163803849e-09,2.465619827233292e-09,-7.379615054448197e-10,2.0887976107879546e-10,5.314131449325117e-09,8.461789776587906e-10,1.01599622977406e-09,-2.657002296699033e-09,6.390726660271511e-09,-2.109379531061783e-09,-1.0385426662233468e-09,4.451372695988523e-09,-9.7849837929618e-09,1.3011436544111175e-09,1.0082498169930603e-09,-4.3280726534075225e-09,1.0107161209585974e-09,1.975729641471212e-10,6.659918466101778e-09,-4.426296042937247e-09,-3.011200272867756e-09,5.5829900143385055e-09,1.4432852883087887e-09,-4.003099191674412e-09,-4.882040002537706e-10,-1.0908843817815692e-08,6.072884454201512e-09,-1.6991579153983916e-09,-3.870643030086933e-09,2.2739322232490875e-09,-1.1793902737798988e-09,3.7077752845341192e-09,-7.7154566797426e-09,4.452935173260093e-10,3.5387751084826174e-09,-4.636919942946831e-09,2.737129340009538e-09,1.583687723901354e-09,-8.462831223651327e-09,1.0113939598149297e-10,9.431222458884653e-10,-3.732540918067933e-09,-3.3901348075232003e-09,1.3961421269653271e-09,6.2378372319358705e-09,-6.5377779114395645e-09,-4.956255369562626e-09,2.9718365690883404e-09,-3.134225253411094e-09,6.2880425699513574e-09,-3.68339477809644e-09,2.697875026055927e-09,9.381178301391923e-10,1.389977181406393e-09,-4.7352100239966525e-09,-8.009294053400061e-10,1.4666943751556156e-09,5.713526219569065e-09,5.996683054506445e-09,1.02952931559272e-08,8.60316556309655e-10,-3.824683476902471e-09,-3.1315205585900177e-09,4.5476413179054785e-09,1.0057999126581019e-09,2.136929352480393e-09,1.2181483618956088e-09,3.655146442453909e-09,7.483514533156501e-09,-1.3088429464451885e-09,-2.2062172378473753e-09,-3.0427384660078495e-09,1.294092538159174e-09,4.337533294162771e-10,-5.739085940047282e-10,-1.7473341471895402e-09,1.2354328127516044e-10,-3.9276770844351685e-08,1.30988819343072e-08,9.356924705345089e-09,1.2430331111780255e-08,5.030037260243559e-09,7.64085056097177e-09,1.340040087103491e-09,2.375001410906559e-10,-6.273945602190398e-09,-1.9481093992808806e-09,2.8356724609348894e-10,-2.7837152864822733e-09,1.1959344068957926e-09,6.478809340741453e-10,-5.044771490531572e-09,2.1935480331415247e-09,-1.4776671236681071e-09,-4.6368612674174384e-09,4.7744785823189296e-11,-7.686020784067943e-10,-2.2845742876740533e-09,-3.869308216087358e-09,-5.952064642381303e-09,-5.308064737827626e-10,-6.658212400319994e-09,2.0802106551341845e-10,-6.266670911703271e-10,-3.5731868373075558e-09,-1.6654188658038467e-09,-3.4632048946618645e-09,-3.1730083719977987e-09,1.880931841905769e-09,5.763076772170274e-09,3.916212126791854e-09,1.0337454486080515e-08,8.053074696942221e-09,1.5430509054533458e-09,6.178924486100507e-09,2.430480898560867e-09,1.5482092108475156e-09,4.702755745076177e-09,-5.204275143716993e-10,1.2011095701432693e-09,3.917334352315606e-09,-9.160391199539743e-10
window_p3,-3.124474605829038e-10,9.985009747040153e-10,6.740637326747927e-09,1.5038387181356867e-08,-1.995571007179918e-08,-5.926142482913667e-09,1.502219162581198e-09,-2.5724306687742096e-09,-1.645412145427847e-09,-3.6361249906830286e-10,3.028430765596965e-10,-5.319421809629306e-10,2.1006859826533098e-08,-1.3401886606995471e-08,-8.090082465182667e-09,1.3655979334342692e-09,-1.6859755530389408e-09,7.588203105591681e-10,-6.498753906530909e-10,1.882265129477442e-09,4.287289818655722e-09,2.2839913000922674e-08,-1.4474911324924349e-08,3.6709936887097542e-09,1.6350499394880048e-09,1.21289062470529e-09,2.3951452424754346e-11,2.335459785858665e-09,4.916184803034404e-09,-2.9230214535240795e-09,2.3554909579568764e-08,-1.168379545525806e-08,3.3898907327214183e-09,2.8883972056501833e-09,-4.404766871271475e-09,-5.455077578156036e-09,1.0663409563591447e-09,3.153599457381091e-09,-3.756435330260779e-09,1.7012397535963073e-08,-9.986401365177079e-09,5.214352200064524e-09,9.772648764584353e-09,-7.355580250734991e-10,-4.0801701098045896e-10,-1.096977560184316e-09,3.0938705226225675e-09,-6.534144923044623e-09,-2.90891980261922e-09,4.701399187615044e-10,-1.4795612178607524e-09,-8.231148766894382e-10,7.565698750459307e-10,-3.058628477822231e-10,1.7143680097835762e-09,3.3353442937844262e-09,1.782623870111566e-09,5.48989010632079e-10,6.978109661628597e-09,5.181276140654794e-10,1.0892505386816886e-09,6.431934930045617e-10,4.78818453817439e-09,-1.750049394045755e-09,-9.487539201076647e-10,3.6722974512131677e-09,-6.954120784717225e-09,-1.1147449512659662e-09,-1.2490509380010184e-10,-7.604666322321079e-10,2.894269244682507e-10,2.8168982415956104e-09,7.46164775221475e-09,-2.9348604843352714e-09,3.690245251693732e-10,4.048464928185952e-09,4.888399829983515e-09,-4.607939893533859e-09,5.36199442574886e-10,-7.414495478654451e-09,2.654683304196502e-09,7.027037780325102e-10,-2.3616041027535063e-09,7.051779311235756e-10,2.5329352463875433e-09,3.3910565696078303e-09,-5.0483683833917096e-09,3.480653535114804e-09,4.657301182079665e-09,-8.731844583992815e-10,-9.42922219957074e-10,2.6818012196787603e-09,-5.011212566680784e-09,-2.1355285359723472e-09,6.565371048612833e-10,-1.3829741381295596e-09,-1.4960299625097186e-09,6.715689562260769e-09,3.87485031000989e-09,-2.702031105481925e-09,-6.33404503605344e-10,1.5300035053446488e-09,-6.892544664981428e-10,1.2014122841142097e-09,-1.4706092248602041e-09,3.596800073731769e-09,-9.122271950197741e-10,7.852923681223514e-10,-2.496731639747374e-09,-1.1352847924685297e-09,8.164346550991259e-10,2.4722037841598703e-09,6.162182717117773e-09,6.168104156310302e-09,3.2853674765695266e-09,-2.352547688038844e-09,-1.721325931390322e-09,-5.472819042337191e-09,6.692441564054921e-11,1.8581890844901835e-09,5.746872654037623e-10,3.73333406632202e-09,3.224649183895454e-09,4.575769573761006e-10,-8.259638194431602e-11,4.738999222476162e-10,-5.702512188855731e-09,1.26738211373845e-09,-9.692085624201683e-10,-2.0332105387371553e-10,-1.158646443879186e-09,-2.7884255933381777e-08,8.742597408995096e-09,7.603842417833146e-09,5.030037260243311e-09,1.0125478015162412e-08,6.794569639950973e-09,-1.408550168449415e-10,-3.32254661401994e-10,-4.803534848823003e-09,-3.906618932422094e-10,1.096002389102677e-09,-3.198937932259362e-09,-1.1486566931072303e-09,-7.707160728352353e-10,-2.7371674020749718e-09,7.223831794851044e-11,6.421728749594079e-11,1.154894445638997e-09,2.9656002911918964e-10,-1.5338429525582438e-11,7.235674955434439e-10,-5.027447655288655e-09,-4.0012657789874494e-09,-5.988343641240963e-10,-3.897506419135393e-09,-1.9091402886349966e-09,-2.7849464012324275e-10,-2.8416307106176184e-09,-4.018907500812754e-09,-1.0473102029731895e-09,-3.0753147375996385e-10,1.0832729875884033e-09,4.000691116879325e-09,3.4901260920615806e-09,8.570000077340843e-09,4.1338313494724854e-09,8.496556417076722e-10,4.639033982344231e-09,3.5663541577732986e-09,9.300578294527715e-10,2.550046382641904e-09,1.565974055970265e-09,2.5252340474921713e-10,9.990209518088532e-10,1.689799284687058e-10
window_p4,8.779910750993343e-10,1.6546604014198118e-09,1.1829810581312355e-08,3.142905153648625e-08,-3.2457438069648745e-08,-1.3779211346777949e-08,2.8266687428007193e-09,2.915554206440646e-09,-3.4693303766360505e-09,1.4812637137393875e-09,5.937904046798134e-10,3.73401679713892e-10,3.6003098684068235e-08,-1.8635012917861493e-08,-1.5807327848304468e-08,-1.3079843193919719e-09,2.6103432981711067e-09,-3.73196162621832e-09,2.2352462570632268e-09,2.9348153600121956e-09,1.108420112833613e-08,3.6219852870124834e-08,-1.8407049407228754e-08,-4.886203864259654e-09,-4.4875887903967605e-09,7.632134968054346e-09,-2.951292524788623e-09,6.440553600251563e-09,7.894427905307166e-09,-8.93128705840181e-11,3.913707911002302e-08,-1.6840682239707746e-08,1.162720964234811e-09,2.791653346195908e-09,-7.479217672608189e-10,-9.680017826520933e-09,4.046718914091814e-09,7.542453108841354e-09,-8.382131797018724e-10,3.17260837039916e-08,-1.3652957889224814e-08,4.804413519223073e-09,8.29401610356617e-09,7.457339789872387e-10,-6.544222030001744e-09,-2.330271454448913e-09,4.47808262129805e-09,-9.342217195657959e-09,-5.1035054031681e-09,1.6652075859253483e-09,-2.69755711858232e-09,2.1134603126617942e-09,2.6490457006999833e-09,8.436899775629185e-11,9.124429355878518e-10,4.332266556530641e-09,2.924048050197356e-09,-8.325404570334614e-10,3.6093779158946166e-09,2.352369216606532e-09,-2.316330109229556e-10,-7.190715762358645e-10,8.328177955034712e-09,-2.602924541175564e-09,1.2501308392832305e-09,3.863368857781495e-09,-9.669495383532437e-09,-9.589806473476387e-10,1.7480302782496747e-09,-8.046368211623163e-10,-1.5382807691634976e-09,1.6573714253704864e-09,9.550998619641167e-09,-5.11964463717179e-09,-4.655107546252639e-09,4.706867864434841e-09,4.372926559252411e-09,-4.3672413622865276e-09,1.2042733800602812e-09,-1.2080384702266523e-08,3.9691738998314246e-09,1.9304478767597406e-09,-1.020602055624864e-09,-8.290837529118204e-10,-1.0305692785626802e-09,3.983231761938728e-09,-7.2700409044754794e-09,-1.30593634019654e-09,5.911218179999563e-09,-3.871683788031043e-09,1.2388132951941381e-09,9.116043213649331e-10,-6.47102503346112e-09,-2.177724856416993e-09,2.6646469812141035e-09,-1.9116061020893848e-09,-6.328640475264927e-09,4.536057097184033e-09,5.677322555299015e-09,-6.755515375266063e-09,-7.081161642948162e-09,9.964896368500456e-10,-3.748675543870484e-09,4.354317091458831e-09,-2.9672422729339606e-09,4.735116360849652e-09,-2.1886803722459237e-09,2.383846741669368e-09,-2.6867281369041333e-09,-3.7815416866099335e-09,3.854197033022976e-09,6.251191240992942e-09,6.427375304055907e-09,1.4557558583450808e-08,5.37088102715382e-09,-4.372556217383501e-09,2.684634040362309e-10,1.0113340527437659e-09,-2.1345047849530994e-09,3.5848056141251967e-09,7.605303549087349e-10,3.5353742646388883e-09,1.1156507205827595e-08,-2.1211077403666716e-09,-3.2718773169254177e-10,1.1306652573675361e-09,-3.1865693054142374e-09,-6.942070740855429e-10,-2.3397851457020204e-09,-5.482013875370567e-10,3.712649667663519e-10,-4.7366033354327146e-08,1.1771919459977872e-08,1.1834259147266498e-08,7.640850560971947e-09,6.794569639951034e-09,1.2415109436000809e-08,1.3704705357282212e-09,2.080122672133574e-09,-7.335844824546624e-09,-2.131252584938816e-09,1.916063115244149e-09,-4.8014923259762514e-09,1.1403330995804897e-09,-5.480263050968047e-10,-4.122675495293386e-09,-1.5517154484731487e-10,-1.7767463791769484e-09,-2.170820369642748e-10,-8.964002546911639e-10,4.1335701720243114e-10,-5.425588541262277e-11,-4.677544260563032e-09,-7.722587799458521e-09,4.335514132818391e-10,-7.49498721222402e-09,6.333957729623631e-10,1.0190433760656732e-09,-4.054104957857631e-09,-4.262451617578358e-09,-2.4121956802748934e-09,-1.0980722020075572e-09,5.128869098036972e-10,6.454363683337844e-09,3.4903659426641233e-09,1.1040708294593887e-08,8.196219636655682e-09,-7.599602408006576e-11,5.795869689031988e-09,2.4463071722522337e-09,6.381102732453749e-10,3.72410491112945e-09,2.1618138949858578e-09,5.762765170849504e-10,2.393375680781005e-09,2.9226458113754245e-09
F12treat_p5,-1.101419078172937e-09,-6.424242770856648e-11,1.6650877207613044e-09,-1.0769309578224148e-09,1.0759087197438604e-09,-5.992652001708928e-09,-1.6697412664399831e-09,2.8060525584287387e-09,-5.664795763221318e-10,-1.253491093061017e-09,1.425267461964971e-09,3.6410463394843705e-09,-5.2359244741429805e-09,1.217547524324108e-09,-2.5889315894073713e-09,2.171022372609349e-09,1.0154147651349722e-09,-1.7593484385728738e-09,-9.46449336185132e-10,9.555571579283629e-10,4.218943066550019e-09,-6.748501393541118e-10,1.7556267981906198e-09,-6.175604088794012e-09,-3.4452343201827535e-10,3.8976012886917033e-11,-3.674539769570226e-09,-4.2515894612974846e-10,-2.5422722718118243e-10,1.7986104026016205e-10,-5.381937166863072e-09,1.2335360850744077e-09,-4.238169927577217e-09,-1.4571249161136074e-13,4.632468967449789e-09,-4.264597992868422e-10,7.482693819398794e-10,-9.369714211213813e-10,2.4881333322097906e-09,5.453276783361831e-09,8.282624410401376e-10,-8.758826405333467e-09,-1.754899456617704e-09,-2.5679972398521356e-09,-2.3308195462955914e-09,7.3655414847390296e-09,2.624805231444973e-10,-8.79869627832776e-10,-3.6198838408280864e-10,-4.864242393598246e-10,-1.9729886034044828e-10,-3.045788225010043e-09,-1.1561334996844646e-09,-2.363906789964312e-09,-1.930002746003109e-09,-1.7574206920296912e-09,2.538441611944819e-09,7.929833591024341e-10,5.780720133920565e-09,-1.4906057872664213e-09,-2.0883177827494364e-09,3.6594313666048477e-09,1.8896851466781295e-09,5.87752558230174e-10,-3.0256946712045003e-09,-3.0151866621985834e-09,-2.4142232263408967e-09,-1.2496287730358954e-09,-8.57994902134065e-11,2.5425499658820233e-09,-1.0740531872852929e-09,7.442668827217379e-09,-2.1710214609659957e-09,3.5254864338175265e-10,-5.323608881375693e-10,-4.757199406927452e-10,7.106970276929752e-10,-4.925008074195715e-09,-7.186069272443744e-10,-2.677137531400034e-09,-3.1595228247570264e-09,-1.1092711302377278e-10,3.1384034294272593e-09,-1.0227763836646192e-09,4.943285896283191e-09,2.6391826770705543e-09,1.7983148944137779e-09,-7.236053483479916e-10,-3.3273441087313256e-10,-3.5626264228269335e-10,-2.74341714252899e-09,-4.166533874054076e-09,6.130614800268564e-10,-2.677003426831675e-10,-9.309544415377666e-10,4.505527595983443e-09,-2.1434888286857477e-09,7.69419768101237e-09,-5.240369107376698e-10,7.557191781426579e-10,-2.4678501873618325e-09,2.1937285305370936e-09,-1.56763151946314e-09,-5.526027718607651e-09,-7.26181583089925e-10,-2.2188303497248388e-09,-3.7983580336987727e-10,9.45814425703264e-10,2.3434879000912913e-09,-1.7358938411254e-09,1.128650592253111e-09,7.789002374444185e-10,1.6198323617370765e-09,-2.1730874603398433e-09,-1.529987473969201e-09,-1.284885638393282e-09,1.3002043694551998e-09,-6.111301595507671e-10,2.147242571572958e-09,1.2684731779410089e-10,1.1983663740533643e-09,2.109079342471388e-09,-6.0793739569170666e-09,-6.1174123207333484e-09,-3.525179398526634e-10,-2.8467859139355255e-11,1.0596975779799726e-09,-9.07893922958669e-11,-8.082717404588767e-10,-2.897066140546786e-10,-2.1502704231496917e-09,3.275495698367138e-09,4.5594955834718515e-09,5.8357498237859364e-09,1.3400400871032913e-09,-1.4085501684497292e-10,1.3704705357280328e-09,9.11704929400046e-09,-2.690803396795191e-09,-1.3993907385074658e-09,-1.3191221429467928e-09,-1.2462148576304701e-09,1.0610588873610695e-09,-2.55852731215086e-09,-9.095221665354724e-10,-2.0825925364766946e-09,-9.949901732759382e-10,-1.5273858370556983e-09,2.4387480272792448e-09,2.377606970550037e-10,5.055766557186953e-09,-2.6058362369645457e-09,2.0700166101899085e-09,-1.8674116852173188e-09,9.621617755694978e-10,8.238176711033456e-10,-3.1148364717467355e-09,-5.730676151756564e-10,-1.997465874899506e-09,-3.8406536888634063e-10,2.8090881192515533e-10,2.831910167225577e-09,9.310424907923205e-10,-5.8802188728605844e-09,4.0272796718790673e-10,-3.5782999220606815e-10,-6.178829718592606e-10,-1.6333843205193257e-09,-1.1523407599986933e-09,1.0731822063970624e-09,3.2760164062716126e-10,8.879466574080307e-10,5.949121021307215e-10,5.127186216805712e-10,-2.2261809759008673e-09,8.673143164297194e-10
F12treat_p6,1.4176893130726028e-09,1.6792643733085243e-10,2.9483116964517747e-09,6.5661372746314466e-09,-5.388624167255577e-09,-1.0456782222803694e-09,2.6165235485048296e-09,2.5330471229821875e-10,-1.5015191526531867e-09,1.2492151497207898e-09,-1.0805086078897345e-09,-6.099949483163462e-10,9.287616911160508e-09,-2.7233502149749368e-09,-2.882895454366234e-09,-1.0922521262317384e-09,8.880889906461696e-10,-1.4527776773185944e-09,2.0695205356100764e-09,-7.165096370009146e-11,1.8299783668941387e-09,5.2245853672758315e-09,-2.3522978840919573e-09,4.2742573334156674e-10,-3.0279615540383446e-09,9.65908359349006e-10,-9.331307703832392e-10,2.7034039497409213e-09,1.5633380263607718e-09,9.968139547873463e-10,7.964846831369785e-09,6.714920402199344e-10,1.615571417966506e-09,-3.046548957590652e-10,-1.6879098760978618e-09,-3.241183851280483e-09,1.564436087693271e-09,2.654265117394112e-09,9.6240603554057e-10,5.359372662535112e-09,4.390860766079205e-12,3.5982775935184052e-09,1.1570031525663704e-10,7.563053870640206e-10,-3.1887265754473498e-09,-3.833177156942765e-09,2.715991840312436e-09,-2.37114459036625e-09,-1.271527157416298e-09,5.830697039773709e-10,-3.661218413530251e-10,3.389225342770945e-09,2.3136793482959252e-09,2.274860980285025e-09,3.7477249770111806e-10,1.0756396957430175e-09,1.9928020259493242e-10,-1.1616064000873048e-09,-3.2113687019711526e-09,3.3683702554173213e-09,-8.445656754102443e-10,-2.3669227294867715e-09,8.717097775632103e-10,-4.87868083738305e-10,3.0364652538367e-09,1.1880886982596101e-09,-1.2683876636349111e-09,-4.5155899399820596e-10,6.659642422403992e-10,-2.853951123403406e-10,-1.0402850427812924e-09,-3.4236712738302314e-09,4.1007112573529586e-09,-1.8388599082545331e-09,-2.743184171227462e-09,1.0689183190680454e-09,3.084251599493689e-10,2.4199340958195624e-09,7.778301245662742e-10,-1.4447572944128454e-09,1.3591576254956267e-09,-1.914203176928849e-10,-6.190942758531658e-10,-2.126738361790217e-10,-4.828010104581661e-09,6.044167450232181e-10,-2.8351386721264285e-09,-2.876339261231827e-09,7.652896543410548e-10,-7.686176540805864e-10,1.680812399058939e-09,5.652173302897943e-10,-1.2473192542343729e-09,-1.6314230928804595e-09,8.159756701584074e-10,-1.8677765400876214e-09,-1.5832452252905733e-09,-4.367916338003205e-09,1.4488964221696187e-09,-3.1676868060477582e-09,-2.7307391618809876e-09,-1.4665581027900585e-09,-1.1312563491055743e-09,4.6574396181992766e-09,-1.603716373184685e-09,2.101167681907462e-09,-2.1119778408170744e-09,2.7055239439450182e-11,-1.3267542300644496e-09,-6.301933330827463e-10,1.4204939592465454e-09,1.5912964171195959e-09,1.3516657189702976e-09,4.562985519356985e-09,3.6150005205034456e-09,4.4155387726016895e-10,7.194594284033443e-10,1.692283045735984e-09,-1.7954102261659013e-09,1.4991297991886476e-09,-4.985092418800151e-10,6.773058048415193e-10,5.040012300133241e-09,1.8591271830461884e-09,9.298418289883323e-10,3.099760726743884e-10,-4.3124622934595774e-10,-6.747251973738968e-10,-6.309004308453914e-10,3.6587608870453247e-10,1.0491665116334443e-09,-9.743970775921275e-09,-8.782549324092996e-10,-7.594843834022496e-10,2.3750014109089785e-10,-3.3225466140189473e-10,2.080122672133752e-09,-2.6908033967952195e-09,4.185270287423342e-09,-1.314348919962613e-09,-4.652497180979784e-10,1.213200142655546e-09,-1.3529799153953532e-09,2.4770830396172327e-09,-7.000465131362256e-10,-3.962751175143679e-10,-3.483286850355983e-10,-1.1703173652519066e-09,-5.059791752823146e-10,-1.1311757936930056e-09,9.311199867348694e-11,1.8871872627220994e-09,-1.7637713368341544e-09,-2.187221270837001e-09,1.237227381810119e-10,-1.2027395655628114e-09,2.318805699794338e-09,7.486391454695179e-10,8.731471634800613e-10,-3.7745877645700144e-10,-6.694553776254313e-10,-1.5834116723397807e-09,-1.129080393171042e-09,3.3637456828968732e-09,-1.2484170204342974e-09,2.235459127897975e-09,2.6405679992481374e-09,-6.288122221799957e-11,1.0217737774731094e-09,-9.608491790985283e-10,2.5915016226219233e-11,1.0412336797481848e-10,1.0415423050412336e-09,1.94224088055908e-10,1.4729340330390357e-09,1.7339040109765025e-09
F12treat_p7,-5.741326910899746e-10,-1.1732226903504082e-09,-1.2806269164904919e-08,-2.2366545435541342e-08,3.349975162531981e-08,1.184231670928803e-08,-1.396710948545781e-09,-2.6277569251034566e-09,1.070169506240297e-09,-8.661747694189839e-10,-2.6797044934653625e-10,-3.6834522067421246e-09,-2.9745760119499286e-08,2.1329138722365394e-08,1.2180491691895552e-08,2.7003671699384986e-09,-2.9958122763397995e-09,-6.791168676838003e-10,-1.9113212154464464e-09,-2.0588045571354037e-09,-1.1484330562703434e-08,-2.8249885661838555e-08,2.377063463045662e-08,1.4967062189638486e-09,6.000674405251954e-09,-6.3897223302324055e-09,3.1561777344236825e-10,-5.148694961360839e-09,-7.132307763621361e-09,-3.4200146677846598e-09,-3.2559668405609974e-08,1.88957252050562e-08,-2.5340669386755587e-09,-1.5344160496977004e-09,7.111949442059375e-10,5.022822873930909e-09,-2.56747879790569e-09,-7.216678022327104e-09,-1.2632907995031527e-09,-2.5403960185714982e-08,1.5098138592569266e-08,-3.763891142712115e-09,-6.371295656357096e-09,-6.920475546757178e-10,3.157857521367059e-09,4.499260480439703e-09,-3.5667741583148093e-09,7.926975823230217e-09,6.412183034902606e-09,-2.873128571515642e-09,1.2071616718996831e-09,-2.4143716851029755e-09,-2.585373437120674e-09,3.2252797157504637e-10,-2.121544453071442e-09,-2.6756777516883837e-09,-1.9178024463701835e-09,-1.413323424015048e-10,-3.629692775212211e-09,-1.1460294958346605e-09,1.9708713900354025e-09,2.5049574271827654e-09,-8.736671588798666e-09,1.5236832706875845e-09,-1.872447221363016e-09,-2.688453345103113e-09,9.006311441032966e-09,-1.8462829195403358e-10,-1.4038498845538443e-09,1.1949261553098625e-09,6.126657890391385e-10,-3.8758708144203496e-11,-9.545105612646658e-09,5.2470246833302015e-09,4.24251292383215e-09,-6.55316360021919e-09,-2.5185378745794585e-09,3.4536779495175107e-09,-2.202229060182565e-10,1.059576559418335e-08,-5.140035516580741e-09,4.361851278800555e-10,7.456489275037733e-10,-1.1201065722935152e-09,2.953933490616033e-09,-4.422628657182905e-09,8.461088702394563e-09,2.936525272701971e-09,-4.944029399016496e-09,2.8423344573335205e-09,-2.787078437740031e-09,-6.247405565571864e-10,4.9765369489949666e-09,9.907725645790056e-10,-1.502858187878871e-09,1.1373133149521737e-09,5.270780620697076e-09,-1.3847622717836546e-09,-5.776716015892115e-09,7.907136727508288e-09,6.340715361004613e-09,-3.0891835833716565e-09,2.5084415189286864e-09,-6.934963303761844e-09,3.525413710580018e-09,-3.4368036194210715e-09,1.5905095286747436e-09,-2.1606734702750385e-09,2.3912360181368863e-09,2.856382222408273e-09,-2.620665104744922e-09,-5.750089664164371e-09,-6.7459505131058095e-09,-1.1356531570545104e-08,-1.6168680755312011e-09,2.2706422015524507e-09,2.6923681085980234e-10,-1.839292371000212e-09,5.688327843244957e-11,-2.981304108449167e-09,-9.78085046330327e-10,-4.373475656232342e-09,-7.099228978761548e-09,2.630040277934187e-09,-8.026641253390589e-10,2.365584039361259e-10,3.8730484919021054e-10,-4.9241975887842e-10,8.068690734549052e-10,5.897390887613671e-10,3.792873862147172e-10,4.042029219894862e-08,-1.1984032164774623e-08,-7.496912591749915e-09,-6.27394560219037e-09,-4.803534848823121e-09,-7.335844824546447e-09,-1.3993907385074016e-09,-1.3143489199624399e-09,8.562226499684967e-09,2.3343267441393872e-09,-2.0570457495719154e-09,2.654334916543247e-09,-1.7798829548491546e-09,8.664154397786492e-10,5.552318569709521e-09,-1.033766884755873e-09,2.0519352814713722e-09,7.705965420555589e-10,-3.538606863444031e-11,-2.0136079279440014e-09,3.950434585612147e-10,4.841056496607541e-09,7.218787134173449e-09,-1.8001384910013448e-09,4.653919587760199e-09,6.809133085493906e-10,1.1920031185207897e-10,3.2562267901474975e-09,3.0987211692083e-09,2.765648720073817e-09,1.708892920232318e-09,-1.1450221874528738e-09,-4.2916223161753134e-09,-1.9779518644610485e-09,-9.956252424092488e-09,-7.559125883973366e-09,1.0159395191709093e-09,-4.769113416547567e-09,-2.4686378824228392e-09,-1.5641524783811222e-09,-4.203434378322293e-09,-1.6368123280649684e-09,-1.3789437623504372e-09,-3.086255472997771e-09,-3.363418718732226e-09
F12treat_p8,-3.2420023285292527e-10,-1.9755879979122064e-10,-4.321361666338611e-09,-6.659596692053597e-09,1.092487182473324e-08,3.903259202663393e-09,-3.948953061113709e-10,-1.3967363699196394e-09,-5.097742637289834e-11,-3.080163276296246e-10,-3.416861078833099e-11,-2.2051720652968467e-09,-8.66753999079117e-09,6.234497828509512e-09,2.8142018980606104e-09,7.595023177377856e-10,-1.109098316852283e-09,-5.195806000733997e-10,-8.716356822527814e-10,-3.756763249901867e-10,-4.934306410272971e-09,-7.588730567963815e-09,8.57777690287166e-09,1.466872002832469e-09,1.8618667149173939e-09,-2.0726198872809063e-09,-1.6574453500679573e-10,-1.4542114014614488e-09,-1.8099095883296699e-09,-2.699358564545425e-09,-9.44493066628106e-09,7.833281119502259e-09,-3.9607786022559234e-10,-4.833562777508017e-11,-1.179252532793938e-09,6.513319388576727e-10,-8.166294187899755e-10,-1.9981597040752587e-09,-2.24599787290582e-09,-7.980008360918314e-09,6.422377668574275e-09,1.7318168508234151e-10,-1.2471847634176557e-09,-1.327366355318981e-10,2.0010190051147943e-09,5.652999170427004e-10,-7.707249523763519e-10,1.0343657989964993e-09,1.926852251211509e-09,-5.878781328950499e-10,-2.138150948074715e-10,-3.5360007840794424e-10,-6.578795384630344e-10,6.634661167654234e-10,-5.978006659194105e-10,2.1377352130677886e-10,-8.832808847830707e-10,-9.684463346301571e-11,-1.2319483961048627e-09,-6.571826528652366e-10,3.9881952030599996e-10,1.3845538180436668e-09,-2.379229366784715e-09,-1.7206186864853314e-10,-1.25841404037385e-10,-1.6896280618119206e-10,2.3681142377547637e-09,-4.4218011118227845e-11,-7.058071291709033e-10,4.2254399665085665e-10,4.4938942798420007e-10,-9.566763757060683e-10,-3.1211181425168323e-09,2.7220270202642343e-10,1.9686351703113695e-09,-2.088644505498738e-09,-4.772866026516216e-10,1.2046669860461552e-09,-2.2205158122667166e-10,2.870661206180113e-09,-1.2715204647372476e-09,9.605271736082704e-10,-3.449824062747776e-10,-2.9564840892170975e-10,1.2184959154684477e-09,-2.1986920512571845e-09,1.0982907140762946e-09,1.7776973247807938e-09,-1.5079152545009106e-09,1.7262535646050123e-09,-1.9500596030542765e-10,4.3537448920035216e-10,8.848830498517509e-10,2.2811025598905906e-10,3.0072989263577977e-12,-5.166778487482692e-10,1.7058470833038637e-09,-3.202457775425531e-10,-2.2935233429251953e-09,1.0217111272969399e-09,2.4810863257203496e-09,-2.012484810735166e-09,6.698968042698462e-10,-1.359326595269292e-09,4.718177418132436e-10,-2.528118665271478e-10,1.0420382221054395e-09,1.5851331396372184e-10,5.918267714445037e-10,4.145754704198293e-10,-6.542592934432202e-10,-1.4889039132590322e-09,-2.1151893605595e-09,-3.298713094198962e-09,-2.6733140025137257e-10,-2.30685272547081e-10,-9.244769139954959e-10,-1.548918681884457e-09,4.0069593371798266e-10,-6.424990530480948e-10,-3.738831761319398e-10,-2.0799263656231752e-09,-2.9350230018512254e-09,2.5835623679165183e-09,-3.501383022844761e-10,-1.322027689375857e-10,-9.478378644054364e-10,5.885456654957775e-10,3.205789618292521e-11,5.156904595591143e-13,1.9065697410925638e-10,1.1915193726486067e-08,-4.605088007293443e-09,-2.0924949030217412e-09,-1.948109399280895e-09,-3.9066189324220505e-10,-2.131252584938844e-09,-1.31912214294676e-09,-4.65249718097942e-10,2.3343267441393136e-09,2.2586559163119496e-09,4.343444812728948e-11,6.319001768515518e-10,-7.860924068556665e-10,2.653277195762837e-10,1.5001059611508918e-09,-3.363633791096513e-11,1.5188828615778222e-09,1.2165279583162622e-10,1.0138230476157313e-10,-1.1418497736144647e-09,-2.501914863012575e-10,7.910126185550298e-10,2.7511727721691375e-09,-5.607477833526363e-10,1.2655452365441477e-09,9.864372560220212e-10,4.644751949169029e-10,7.332225748248078e-10,7.30287413031198e-10,1.4238219927314138e-09,8.354685944224092e-11,-2.568555676276706e-10,-5.15296836275831e-10,6.330836376178847e-11,-2.088718737714726e-09,-2.6332018863199958e-09,5.64335267567793e-10,-1.1417289033036289e-09,-7.095755314163459e-10,-4.669402152762206e-10,-1.1007493489605228e-09,-4.3962571068050255e-10,-9.55058404947554e-10,-5.341752233945611e-10,-1.2607900171185453e-09
F12treat_p9,1.4231661539907194e-09,9.008317662230248e-10,2.294170473851896e-09,8.550635665813192e-09,-1.0311044350584948e-08,-1.9906222570637198e-09,9.035261955339602e-10,-1.578831389834733e-11,-1.2918240702655888e-09,9.901841128496553e-10,-9.190940776386328e-10,-2.1759625028730745e-09,1.2911121280054106e-08,-8.113525049636025e-09,-2.2679234564630273e-09,4.0585302471222183e-10,2.5182070718327867e-09,1.3327176475772733e-10,1.7665274659580423e-09,3.8118974091825463e-10,1.9874012209677517e-09,1.0097747812065729e-08,-5.8628709892863504e-09,1.7480538322564766e-09,-1.7768346259860853e-09,2.7234316950328893e-09,1.1173739300888429e-09,2.7577313659544286e-09,2.5826975814675377e-09,1.2012238911779218e-09,1.2164725760026908e-08,-4.035807223021928e-09,2.034430682019976e-09,1.6495203073401834e-09,5.250657861594155e-10,-1.559705197167793e-09,1.0300511332932544e-09,2.8574720200703116e-09,-4.0467488485689024e-11,5.637196636466289e-09,-3.4740982563924887e-09,3.6872730661715245e-09,2.526265182153033e-09,1.0221165476772809e-09,-5.732500377003673e-10,-3.605762764291079e-09,-2.6210114546416556e-09,-3.4300178808812586e-09,-3.0372077259931046e-09,3.031218338761657e-09,-5.450170148680557e-11,2.740379587624216e-09,-1.4909156903676585e-09,7.324447086077747e-10,6.996248869207057e-11,2.386394353101118e-09,1.0022005593860493e-09,-6.971030806460306e-11,-2.557228780341262e-09,2.2277453193817717e-10,4.962765355594592e-12,-7.188604727619884e-10,4.725899380999696e-09,-2.577524378332764e-09,5.48239439422683e-10,2.3532981986650233e-10,-1.602877798601125e-09,1.8453349627281172e-10,1.7664047736829766e-09,-9.818475407777869e-13,-6.696052838291274e-11,-8.725580515833072e-10,2.5199521567011804e-09,-4.597506195347367e-09,-1.3802504336485468e-09,5.103203384894742e-09,-3.469199895471684e-10,1.2655033661145523e-09,-2.354488834308246e-10,-4.1470470484708987e-10,1.8188531642268216e-09,6.610643538849258e-10,-1.9783463279614145e-09,3.7877836422936e-10,-3.2576059415552257e-09,3.582438160304707e-11,-3.1938188788235118e-09,1.3896196417180836e-09,3.7101283338958347e-09,-1.007392951827939e-09,1.5110985576350593e-09,1.2039934414946485e-09,-7.976696567828246e-10,-1.4355615910178594e-09,2.9593229998878846e-09,-2.772080147224379e-10,-1.948139424286823e-09,1.1805984566403456e-09,1.5918955063021785e-09,-2.6611506926689595e-09,-1.4570280221572833e-09,2.5035660148350614e-09,-2.633799803158604e-10,4.0473941333010115e-09,-1.708849809199194e-09,1.8088219308404003e-09,-2.7535758480848713e-10,2.1379686748535035e-10,-5.557482620423102e-12,-2.823446110335268e-10,3.173311919001968e-10,2.1232503511151865e-09,1.592884403850329e-09,3.791566290713397e-10,-3.848279841132477e-09,-3.052079626043678e-09,2.981432977267547e-10,9.370459673333434e-10,-1.2269471501219036e-09,9.955216317244459e-10,-3.690008271144199e-10,-2.309039495466527e-09,5.9944774248697565e-09,-4.571319243482029e-09,6.77854432184041e-10,2.593477928933855e-09,4.995013827304842e-10,1.4603989215361171e-10,-6.748561070723156e-11,-8.170289359420304e-10,1.5600393840575796e-12,-1.2595936933101107e-08,5.63726177010974e-09,8.22985785232397e-10,2.8356724609351614e-10,1.096002389102799e-09,1.9160631152441957e-09,-1.2462148576304685e-09,1.2132001426555342e-09,-2.057045749571984e-09,4.3434448127251715e-11,6.552841177940437e-09,-5.763930611436784e-10,1.5354128530280334e-09,-6.76809815292529e-10,-1.6844451258542356e-09,7.170777604619372e-10,1.130599262360335e-09,-4.519582214175113e-10,1.3030147700690706e-09,-1.6328027665673466e-09,-1.3474707061034118e-09,-4.781181215533319e-09,-6.216482449572532e-10,3.189092344994992e-09,-2.63045995338363e-09,1.7272363425426735e-09,-8.746368018438588e-10,-2.592625729558681e-10,-4.3162357690753475e-10,-1.6323625280437313e-10,-2.2457804101615335e-10,3.105589123562032e-10,2.892249646944519e-09,2.0981482566368523e-09,5.215106536117164e-09,2.5181379594154316e-09,-2.1838317701042183e-09,2.4255925951832997e-09,4.32982757779826e-10,1.8743605861418394e-09,1.2026651775022218e-09,6.995271493040151e-10,-6.880462370103291e-10,8.281137840738883e-10,5.458385330251312e-10
F12treat_p10,-2.916506987529681e-10,-1.0202158234273596e-09,-7.399808213210262e-09,-1.7282298584833814e-08,1.6191593470207788e-08,3.5123193603848567e-09,-2.7778290354826132e-09,1.0955064514637965e-10,3.0219619459280657e-09,-8.702168843491336e-10,9.429569326140779e-11,-1.2751977727058935e-10,-2.1878322315406835e-08,8.436924966508692e-09,5.389793736102247e-09,-7.290833737886844e-10,-2.2514190066273154e-09,1.7873173951191035e-09,2.4482270493973318e-11,-8.783541217591975e-10,-5.1328243394799275e-09,-1.90774741645808e-08,9.844674692796352e-09,-4.684576209971894e-09,-8.350871215488801e-10,-5.609985860482622e-09,-1.5153494689617041e-09,-2.708329912861855e-09,-3.485696128874111e-09,2.19766049348163e-10,-2.2740719506405167e-08,8.034951975815335e-09,-6.7886156924137855e-09,-2.80163308571842e-09,1.9219618856326563e-10,4.878230072757399e-09,-1.4176561831135428e-09,-2.1412940993282493e-09,7.854928567783776e-10,-1.4160076641068274e-08,7.97248954055526e-09,-8.653224038593198e-09,-7.530027784780132e-09,-2.764268196718322e-09,1.2935274049757246e-09,1.1946217509776856e-09,-1.7610468270806821e-09,3.6007681176871328e-09,1.9732239611427068e-09,-1.1654628164408108e-09,3.163853520517621e-09,1.2345385190769872e-09,-1.3086379506639114e-09,6.521194250356825e-10,-1.970982255699855e-09,-1.8514721142755147e-09,-7.383616412342713e-10,1.3859497353444261e-09,-3.350242557402443e-09,-2.118495004752005e-09,-2.165542472301185e-09,-4.751900875570344e-10,-3.5569980219608514e-09,4.304669846182391e-09,2.2891480131516203e-09,-2.753975448385729e-09,4.326033653437947e-09,1.1539026332797923e-09,-6.169330931144698e-10,1.9560612913039552e-09,1.3328411514632044e-09,-3.222179499835053e-09,-6.620754705116193e-09,2.7173376353852262e-09,1.5043084005479853e-09,-3.886777903985644e-09,-1.456933059602713e-09,4.478062498338735e-09,-1.9354530018131254e-09,7.017790981655429e-09,-3.2196596404382275e-09,-2.964788717163659e-10,2.8791285328027766e-09,1.9668089811621356e-09,-2.892778301503873e-10,-2.0703492684512034e-09,3.6795478553664884e-09,-2.037187822554421e-09,-5.322895485888003e-09,4.661216946733651e-09,2.3180608510889502e-09,-2.026637882215748e-09,3.851407431995943e-09,2.1250357604477612e-09,-4.1801275899101706e-10,3.3970176611264643e-09,3.3878018140113183e-09,-5.45155565707587e-09,-1.9684216849677955e-09,2.719420389760312e-09,1.3561611296068868e-09,-1.0954246986028959e-09,4.126975334678778e-09,1.1093539301784518e-09,-5.893706145718493e-11,-2.374912669093554e-09,2.2457193109927714e-09,-3.130042659377782e-10,2.635035700555718e-09,1.8144636806540902e-09,-8.090722576274498e-10,-2.850030974844736e-09,-5.84482880381764e-09,-5.818514272466656e-09,-7.3398342524983195e-09,-6.414799349989388e-10,8.699774703614843e-10,4.830876532597086e-10,8.19350733835008e-10,-1.2351622030815757e-09,4.5305041396998514e-11,-3.5729826555228147e-09,-8.323670812296594e-09,-1.5050193536609958e-09,-1.4978012572649244e-09,-7.332196274909901e-10,1.9716767779071666e-09,-8.327323533799362e-10,7.860742073728873e-10,-1.1859199153455616e-09,1.5047615339800143e-09,2.7326777233830842e-08,-5.291426233688808e-09,-2.6722875592932788e-09,-2.7837152864821025e-09,-3.1989379322592753e-09,-4.801492325976258e-09,1.0610588873610267e-09,-1.3529799153955255e-09,2.6543349165432282e-09,6.319001768517098e-10,-5.763930611437445e-10,6.126490332997202e-09,3.7110372408841955e-10,-2.048165730645023e-10,2.4808726701376466e-09,-4.744609243641393e-11,8.041973198838436e-10,-4.381007707306309e-11,8.648338885536862e-10,6.516950819910908e-10,-3.212803042575069e-10,3.2180740268468543e-09,2.990086784824211e-09,6.578417138354391e-10,6.849384420251112e-09,5.770636924877342e-10,-7.553106535890246e-10,2.091881323795988e-09,1.5072936509833674e-09,1.3923401194312828e-09,8.599201989113381e-10,9.886900441472166e-10,-2.743917838361205e-09,-1.7654551633172496e-09,-5.6300676001959324e-09,-3.0504006189978277e-09,-2.2395968593832287e-11,-5.779098123566151e-09,-3.220504582910482e-09,5.166892129735628e-10,-1.654933871926121e-09,-2.7400280217209445e-10,-1.2453555501100382e-10,-1.316326994911525e-09,-1.6296215794456773e-09
F12treat_p11,1.5911288340086976e-09,5.172552079271984e-10,3.5619946928107544e-09,9.961776241332346e-09,-1.430277412193815e-08,-1.7268728213361595e-09,1.451774631854029e-09,7.650680016138407e-10,1.3214377378300238e-09,1.5894747301611741e-09,-1.4213928084500332e-09,-3.305385021611078e-10,1.2579346668656156e-08,-9.637745857875377e-09,-2.0885065974292335e-09,-2.6867660994570703e-09,2.3606650420848654e-09,1.288487011499338e-09,3.0363565837753025e-09,-2.542379308245965e-11,3.068125389815508e-09,9.215178167577019e-09,-8.864379154657143e-09,5.641234939437005e-10,-3.952467180364169e-09,3.060802603413212e-09,9.349261197025534e-10,3.107841491785418e-09,3.028762120663305e-09,2.964093965547752e-09,1.3162871238693129e-08,-8.358058615992596e-09,1.6075971863704053e-09,5.331181699334935e-10,-1.031446022336195e-09,9.837221897172261e-11,1.6304667647999964e-09,4.495946590836968e-09,1.2386264409906788e-09,6.900705639643787e-09,-6.519011931704438e-09,5.415935960352284e-09,-2.1631281816981652e-10,9.099569833368834e-10,-1.31952558966361e-09,-5.187781350340898e-09,9.863215028932338e-11,-2.2820612673796663e-09,-3.3689316821014953e-09,6.394195966084906e-10,7.603018525235097e-10,3.899499669447055e-09,1.4576757843257643e-09,1.4681401367439184e-09,8.045169415848738e-10,3.518448296667013e-10,-4.160956277673709e-10,-3.140657433573219e-10,-3.3611891860376915e-09,1.5884413963284854e-09,-1.2307877022454783e-09,-4.767520894324089e-09,2.289047862636198e-09,2.1004499922379211e-10,2.8930429897254675e-09,1.136813246773143e-09,-1.7358947941250539e-09,5.732548802941397e-10,8.749970524455774e-10,-1.0089924288144013e-09,-2.7398370887535206e-10,-4.235637667910472e-09,2.1479994203972534e-09,-3.0145653433461455e-09,-3.5376207756509062e-09,1.941033116839373e-09,-1.0007330135572769e-09,2.6764250827966104e-09,-1.0720223859472702e-09,-1.8339185544668135e-09,2.671616141752119e-09,-1.0162963064202622e-09,-5.811263087766532e-10,1.1514704612760133e-09,-5.574192883053657e-09,-1.0113167047996592e-09,-3.6688585821155433e-09,-4.0178931053332146e-09,5.386132653776379e-10,-1.605883370515052e-09,3.9105583488979035e-09,1.1376061723093818e-09,-9.665138681703318e-10,-4.261600104067712e-10,5.241068262108717e-10,-1.784968656828214e-09,-1.8759941520872876e-09,-6.594198537647314e-09,2.1090177273960696e-09,-4.827695874552101e-09,-3.7253578139060494e-09,-2.1303063715421618e-10,-1.4124768645643635e-10,7.798818759320792e-09,-3.2092069179319863e-09,8.111229873530648e-10,-3.9088903014398495e-10,-1.0732000386095174e-10,-1.5740942594844792e-09,-1.45597578986971e-10,1.1629554369355542e-09,2.1881423301514354e-09,4.880246991387169e-10,4.768412096598888e-09,-1.698213422020725e-09,-1.3632630238712352e-09,-6.571183657041011e-11,4.234028015743861e-09,-4.5132352300642755e-10,1.0115856194442276e-09,-1.0773893655421168e-10,-9.56131884385614e-10,6.294153886127639e-09,-1.0719601514871141e-09,-5.7161162194995194e-11,-1.923114467814491e-10,1.7748944023072582e-09,-4.3100504339114435e-10,-1.2220133066984195e-10,-6.489962976211108e-10,2.2596752021941676e-09,-1.5221782001820835e-08,2.7873207861776925e-09,-1.8546768982628854e-09,1.195934406895931e-09,-1.1486566931071625e-09,1.1403330995804388e-09,-2.5585273121508678e-09,2.477083039617159e-09,-1.7798829548491412e-09,-7.860924068556828e-10,1.5354128530278953e-09,3.71103724088474e-10,4.336537842561927e-09,3.0989285782846263e-10,-9.656999823364004e-10,5.300998678629693e-10,-1.168356868047559e-09,-1.7187121409560783e-09,1.11393845644409e-10,-3.745258071261441e-10,5.440969719584955e-10,-2.2943886472855815e-09,-2.1598309000549213e-09,5.33328185069939e-10,-9.524480263696754e-10,1.5010813457410188e-09,-7.206686940534559e-10,3.725693909081532e-10,-3.637580609725655e-10,-1.1448735452359284e-09,-1.7100719127407863e-09,5.97732209713036e-10,3.536579910585885e-09,3.2042794642753403e-10,3.361614870800237e-09,4.2311089162866295e-09,4.769216902938167e-10,1.664658620771158e-09,-5.060787874107164e-10,1.502544578491329e-09,1.5024207608229018e-09,7.820317495125255e-10,9.313608703033866e-10,2.2090279011980585e-09,1.1399591385966564e-09
F12treat_p12,1.5596507265413125e-10,-1.0773578225210637e-11,-1.1301159179169705e-10,2.1108091495194364e-09,-1.6520323234284297e-09,1.1470313231384566e-09,-1.0611413383127357e-09,-2.487005609750206e-10,1.0980968651988457e-09,5.008673565338669e-10,-2.8209835053023366e-10,-2.90857809735409e-10,2.6756372426612884e-09,-1.2080051600467907e-09,3.258795791458219e-10,-2.3572971097357963e-09,-1.2400552839404834e-10,7.913502160836196e-10,-1.3507958239246478e-10,-5.654467777086342e-10,-8.22644870807515e-10,2.210783340094434e-09,-2.3450700496008585e-09,7.706634417571687e-11,-1.5566555671271324e-09,9.314363053820262e-10,1.8665855786616007e-09,1.0442450716761281e-11,-2.954426459814371e-10,-2.6106627622913203e-10,4.509743060182758e-09,-3.738485331497542e-09,1.2696633309134226e-09,-6.990061923562942e-10,-3.9281005477316014e-10,6.807323625167636e-10,-4.186373969789467e-10,-5.73049036139499e-10,-1.1835097557481874e-09,-6.398184872895801e-11,-2.50121283288807e-09,8.020495537453999e-10,-1.0372893340897294e-09,9.324501267459647e-10,7.208394366248916e-10,-4.61659654614262e-10,-1.2538303113163224e-09,6.663253346346128e-10,-9.959634769030664e-11,-6.192372982927577e-10,-4.542715540031911e-11,-2.0308761897289068e-10,5.410467093305904e-10,-7.97946649111608e-10,1.1341237048534204e-09,2.1045723962620962e-10,-1.1655259909409408e-09,-5.3488202612454785e-11,-4.898358634970278e-10,-1.2191995982996396e-09,1.2678235483104832e-09,-9.444044759125816e-10,-9.766333864248292e-10,-8.792391695777629e-10,-6.491308138171049e-10,1.3522528497364076e-09,2.569139100864642e-10,1.061574641249524e-09,9.553235335217037e-12,-1.5648684970039896e-09,6.492901450239227e-10,-9.709162419211685e-10,-1.0009825033451171e-09,8.621623414774457e-12,-1.826477257468048e-10,-2.29168965519084e-10,-7.592012902773536e-10,-2.9537165825161655e-10,1.943829739572078e-10,-2.8244306350563217e-10,1.2237884541263004e-09,-3.7777051964185625e-10,-5.512539938268897e-10,5.073081742268877e-10,-1.568234255433767e-10,-9.890696278543576e-10,-5.512025961715976e-10,6.839267970689417e-10,-1.797566126176477e-10,-1.3583274981879573e-09,5.7610604382971255e-11,8.944197294641646e-10,-7.471740971999245e-10,5.103427871820702e-10,3.685151621061785e-10,-1.2270099148532863e-09,3.4342217188837516e-10,-1.8262033246109805e-09,-6.889852559239533e-11,-1.6721148142803568e-10,2.112701425807474e-10,-7.025621206555976e-10,-5.828906786715671e-11,5.193317607817363e-10,3.6413282090603265e-10,-3.926058549439384e-10,7.564119897891159e-10,1.0226990799554069e-10,-8.508946304762165e-10,6.205195397104917e-10,-7.096006228557311e-10,-5.87168548783902e-11,-6.770406608310327e-10,8.965891503857524e-10,-8.707629883184915e-10,7.662458392477878e-11,-9.521388721505123e-10,1.4417723968910318e-09,-1.195934613991587e-10,-3.01074573833005e-10,-2.3848490365100234e-10,-9.770814475544266e-10,2.2432008739722886e-09,1.402763717944847e-09,1.0999181189008932e-10,-1.2580977597348878e-09,5.531239701112588e-10,7.886997963387157e-10,2.9167939902483495e-10,2.729682284719499e-10,5.536823455763792e-10,-3.4120801093222454e-09,-1.2796100888777798e-10,-1.5733459202931811e-09,6.478809340741542e-10,-7.70716072835291e-10,-5.480263050968236e-10,-9.095221665355119e-10,-7.000465131362144e-10,8.664154397786512e-10,2.6532771957633187e-10,-6.768098152926612e-10,-2.0481657306445544e-10,3.0989285782850745e-10,2.3167962229553184e-09,4.725127174995631e-10,9.43743878046861e-10,3.069634632650484e-10,-1.3488437310423567e-09,2.0982047501013035e-10,-4.950463220366803e-10,-1.8476775493007623e-10,3.7108200926413e-10,1.0293499749947557e-10,-1.2881252592766278e-09,-5.143343091383289e-10,5.014162994298584e-10,9.20196503448288e-11,-1.2269488540602911e-10,1.0258401339681031e-10,-3.952482764905221e-10,-5.38498562085508e-10,2.0742823280769303e-10,7.109308660475475e-10,6.191431151901819e-10,4.121751844098319e-11,4.666724147820242e-10,1.2770496523995692e-09,7.663745001484163e-10,2.9193659009693294e-10,-4.276601664645807e-10,3.121364592314501e-10,-6.492457790062861e-10,1.0596986100068208e-10,6.641472371818735e-10,-6.781701520778696e-10
F12treat_p13,-7.732656622643918e-10,-9.44112938041731e-10,-1.2922831601479954e-08,-1.8010917006811318e-08,2.9678662630913644e-08,6.776499903349834e-09,-1.996316354593148e-09,-3.2156287990650804e-09,-4.5175381235398364e-10,-1.700201999929695e-09,1.912797597362001e-09,-3.846414414275958e-09,-2.6624933572421372e-08,2.0219951792866043e-08,4.243758672389878e-09,1.7687094071134015e-09,-7.0162675047643956e-09,-1.6685886851102497e-09,-2.216853974379923e-09,-7.255697949069281e-10,-1.0210058406583165e-08,-2.2650658529146907e-08,2.2181170325724806e-08,-7.681894837186712e-09,2.6008468492603702e-09,-8.894496852678666e-09,-1.9710267354037543e-09,-4.85478760968872e-09,-5.969408436810507e-09,-4.929536243720975e-09,-2.710393500388642e-08,1.7060366284306615e-08,-8.528332743315982e-09,-2.0252732958086752e-09,-1.7802274786551407e-09,2.437601955274586e-09,-2.7110559734907075e-09,-5.69831442508853e-09,-1.9390394045886283e-09,-1.6471239130555242e-08,1.6478262483500536e-08,-9.759277053461289e-09,-7.070961839853514e-09,-2.836982464087725e-09,4.485772105537522e-11,3.307051074263766e-09,-1.354429208386183e-09,5.17584516880894e-09,6.234906402081702e-09,-2.5108030867036526e-09,3.87937332667522e-10,3.6773484102778994e-10,-6.165506918807688e-10,2.3544888143519975e-09,-2.8659746394282773e-09,5.0803608114485006e-11,-1.885460455247365e-09,1.1472238591365657e-10,-4.965808527993145e-09,-2.137709128067112e-09,1.4801895849747877e-09,3.235907077680739e-09,-6.964480932280216e-09,1.834004966628954e-09,2.6141110595830835e-09,-1.0133975131677751e-09,7.777241605763847e-09,1.3356102492181303e-09,-5.598681012412888e-10,2.5720864688667218e-09,6.317904025456011e-10,-3.066459136801594e-09,-7.74270526910395e-09,5.692952226885452e-09,3.680635026638567e-09,-6.850019094960878e-09,5.786380761457498e-10,7.128263802624122e-09,1.2072456077121678e-09,1.0108648937415608e-08,-4.57918721171708e-09,2.260289729009202e-09,1.491171389117093e-09,-1.2132706364616509e-10,2.9780154296830307e-09,-3.3218507974723944e-09,6.957139910969214e-09,1.8520180536948663e-09,-5.111988284815173e-09,4.743801391823523e-09,7.00211534108953e-10,-9.419377833409345e-10,3.730644900539304e-09,1.6960517195326419e-09,1.1928817543653293e-09,2.4864138614786244e-09,4.6705708372855795e-09,-2.958151452452527e-09,-4.519672215934197e-09,7.809382311899329e-09,2.3595933249022797e-09,-3.8616230135608915e-09,3.6634187767419135e-09,-3.0908574679667776e-09,2.6415083279024603e-09,9.703065043507248e-11,1.7357605560035559e-09,-1.1183681237677943e-10,2.1687314183778036e-09,1.9884339578151002e-09,-7.578676318930785e-10,-3.501340880599754e-09,-7.441113576774439e-09,-5.678189037216093e-09,-1.3129177484347676e-09,1.723031550064406e-10,1.0554395495010193e-09,-3.7197922808401234e-09,-1.5546676882206359e-09,-1.0750906534566309e-09,-4.131890679208095e-10,-4.899200931927747e-09,-7.659373185821182e-09,4.516717794296026e-09,3.8090296357435806e-10,2.678416079542968e-10,-3.784761309448549e-09,-8.814754268954463e-10,5.599337903889443e-10,-3.3206073169952677e-10,2.126621981475169e-09,3.371068339275318e-08,-1.2207156219905268e-08,-2.1542297789060906e-09,-5.044771490531562e-09,-2.7371674020749747e-09,-4.1226754952933794e-09,-2.0825925364767273e-09,-3.9627511751435077e-10,5.55231856970958e-09,1.50010596115086e-09,-1.6844451258542578e-09,2.480872670137608e-09,-9.65699982336301e-10,4.72512717499574e-10,7.970457638745638e-09,-2.060166300470936e-09,8.87023458678137e-10,7.024587990153008e-10,-9.987179015591507e-10,-2.312366205188351e-09,2.4129284192839518e-09,4.441435648056343e-09,4.959445708783794e-09,-1.0776217555104154e-09,4.86355665998908e-09,1.9512090808818105e-09,2.539442794676526e-09,3.039802966800201e-09,9.97814579237273e-10,2.179764057999126e-09,1.2177794105714744e-09,-1.7585589252138496e-09,-2.504867669548636e-09,-3.0178547229533125e-09,-9.341050212134755e-09,-6.38580397891416e-09,-4.5235426400435317e-10,-6.633448349083994e-09,-5.464772002688381e-09,-2.9924804267233135e-09,-5.42485404940175e-09,-5.932663158733837e-10,-1.2629422052134988e-09,-1.9720526849843418e-09,-1.4798783878993547e-09
F12treat_p14,-3.2916746895182074e-11,-4.8309677061750875e-11,3.893314804325972e-09,2.3380296285323804e-09,-1.1017019731953114e-08,-4.987152385773892e-10,-1.346642983228396e-09,2.005503133299982e-09,1.094993146902088e-09,2.764660389620101e-10,-5.270034979378721e-10,2.0697441385610227e-09,7.612772404075417e-09,-8.884364562677221e-09,1.1806453199356974e-10,-3.740040580629203e-09,1.9996624028620156e-09,2.0654997991021925e-09,-3.3959741776731083e-10,-7.580300745655639e-10,2.7037370724408954e-09,6.228178081316963e-09,-1.139194114588858e-08,2.3640156607302536e-09,-2.6714192891531323e-09,3.304019710552949e-09,2.489194676815651e-09,-9.930133180944657e-11,8.576727613601553e-10,4.03829425354989e-09,9.655612157054395e-09,-1.0474077676989237e-08,3.0288762019163645e-09,-1.3309014630907228e-09,4.290617207394684e-10,1.939441571501593e-09,-1.3743884483653668e-09,7.586050201482636e-10,6.814618273028614e-10,1.3521550832742065e-09,-6.93754607389952e-09,2.503508870937511e-09,6.739093182656632e-10,2.4378766043640854e-09,2.000715271199981e-09,-3.759864157943905e-09,-1.2483828606559146e-09,4.2320722952996056e-10,-1.8126107747675952e-09,1.9395871267007282e-09,5.443169401911656e-10,2.6752577178093364e-10,2.4209775050156037e-10,-1.0479963079917825e-09,3.149307330141748e-09,7.671968166293037e-10,-1.4386790642870072e-09,4.033485624553376e-10,2.9721958775675625e-11,-5.012579353477636e-10,1.9688406886028202e-10,-2.1897910240844153e-09,1.7698166231042664e-09,-9.313137199246466e-10,-4.0882759509588824e-10,6.726513444136454e-10,-1.4117164763142877e-09,2.390713618033993e-09,-2.2929910417415343e-11,-2.345925383409406e-09,1.1005076019156883e-09,-1.975867297661915e-09,1.5737174789859847e-09,-1.4978045370212708e-09,-7.427047143500983e-10,2.530735635948554e-09,-1.573890314491683e-09,-1.1230640612318086e-09,-1.0776641804696785e-09,-1.1984285561803065e-09,4.233774137307543e-09,-1.1595246762671538e-09,-1.7804801566734933e-09,1.6491271191024917e-09,-2.171371215189109e-09,-3.4252072867518604e-11,-3.0715779231133578e-09,2.5626331328578314e-10,8.924954050024392e-10,-1.7117931526987083e-09,1.2813759360246362e-09,7.760515022005724e-10,-1.5321367278359646e-09,2.079711714916985e-09,3.2847954525520634e-10,-2.20210008805953e-09,-2.8910224865677853e-10,-2.1639679476528098e-09,2.064245998569725e-09,-1.89419707433968e-09,-1.2389698428839587e-10,1.4089099893287713e-09,-3.0255711728291086e-10,1.933160608824307e-09,-2.0146642088325227e-10,-2.9793083829150435e-10,1.804738162027829e-09,-1.4096488594515693e-10,-1.475811507104805e-09,4.813837535906007e-10,-1.506214020197591e-09,4.4452670175046787e-10,8.533742676157434e-10,1.181617132753646e-09,-3.240406757837654e-09,2.0311043300768256e-10,-1.3813498019535729e-09,2.4568242580562477e-09,6.663864205076439e-10,-4.130570994900506e-10,-2.1764880517380667e-10,-2.740318653895337e-11,2.573586819158444e-09,-3.029590877329882e-10,-3.4617775235327936e-10,-1.4495772163650213e-09,2.517632737345784e-09,5.016213139012081e-10,1.5596434988132137e-09,1.0899465103508426e-10,-5.82911449179535e-10,-9.528686122696979e-09,3.2918625415531656e-09,-1.0544204424873888e-09,2.1935480331415317e-09,7.223831794846305e-11,-1.551715448472809e-10,-9.94990173275946e-10,-3.4832868503563123e-10,-1.033766884755905e-09,-3.363633791097161e-11,7.170777604619446e-10,-4.74460924364661e-11,5.300998678629503e-10,9.437438780468448e-10,-2.060166300470947e-09,3.441567945277156e-09,1.2415119553016627e-09,-2.0767701406878146e-09,1.2107805583094186e-09,-7.109818925278128e-10,-8.905033958710078e-10,-4.030210303503022e-10,-4.902272778802737e-10,4.964646909756657e-10,-1.1676510210771246e-09,5.207915129435044e-10,-3.986187360983473e-10,-2.3734562379770897e-10,1.006641955638591e-09,-1.259254805781199e-09,-1.6569238231382208e-09,9.1001853581284e-10,1.875436649100285e-09,8.900612359095708e-10,2.3712292420408943e-09,2.11586894619344e-09,6.042318639132314e-10,2.122664550688844e-09,1.1182297401977678e-09,1.0162076846921973e-09,1.7337622858603884e-09,-1.6893287338940401e-09,4.0187925544882774e-10,1.85414392335896e-09,1.5512802633723062e-10
F12treat_p15,4.599496344712155e-10,-2.1294592779635038e-10,-6.616360161390728e-09,-4.5065110579871575e-09,1.0188549835606375e-08,4.8323918393671796e-09,-9.455092356944545e-10,-5.066975007804494e-10,-4.252841875605729e-10,1.178196739699019e-09,-8.826068192288913e-11,-4.734134719990788e-09,-1.1238643111170336e-09,3.2738102564690176e-09,2.54725784486239e-09,2.7724053125976056e-10,-6.051743849012405e-11,3.2286584608638385e-10,1.200964106681863e-10,-9.300308817605887e-10,-4.952391794643711e-09,1.7738338604558444e-10,3.5283851643850966e-09,1.5797992282214667e-09,2.2645199240442486e-09,7.691782305172933e-10,1.331233924672984e-09,-5.454295076745721e-10,-1.879961332587267e-09,-1.8017056057071324e-09,-1.989598071137382e-09,1.761338409181116e-09,6.749073602007269e-10,-9.26123263226247e-11,-2.3453016427574728e-11,4.170896666190532e-11,-1.29157900333702e-09,-2.104550178147988e-09,-2.802088749980788e-09,-6.384143373711848e-09,2.0338027517973855e-09,-9.496033425780706e-10,1.6872250126271716e-09,1.342216930770441e-09,1.8995895500924613e-09,-7.991075277228548e-10,-2.615823105544976e-09,1.8822406888995374e-09,2.7754684073482218e-09,-7.959758801675216e-10,-2.155361490579145e-10,-1.5853249300266535e-09,-2.210403862958282e-09,-1.0852054418241013e-10,-4.2422978933426906e-10,3.7657442753578544e-09,6.960262992353766e-10,-9.374234840336747e-11,-1.927675951722608e-09,-2.3318411750508324e-09,1.2542126802069264e-09,2.1537493521165775e-09,-1.809042958726605e-09,-1.3324814086897592e-09,-9.97180994156198e-10,2.44394259185027e-10,1.6015930542016027e-09,-4.0503512239001565e-10,5.267653148602039e-10,6.084425586275706e-10,9.35409206112213e-10,-2.7229909649599404e-09,-4.071159337369272e-09,-6.849479191240647e-10,2.4447826761507252e-09,-1.9558961914447086e-09,-2.2668007548923753e-09,-3.7224834304357196e-10,-6.396049107660971e-10,3.5276814504716592e-09,-7.058328181133102e-10,2.8169517883976604e-09,-4.158515047007067e-10,-5.474232152067809e-10,1.1652361740257233e-09,-1.5877760914410721e-09,1.2231138023398521e-09,4.55800647672511e-09,-1.4103150858654866e-09,9.355659403471898e-10,-1.8801117521643104e-09,8.775592818301955e-10,1.2176239081297908e-10,1.9620441496636374e-10,3.1436238448951784e-09,4.008129226076339e-10,1.1548873874000548e-09,7.610951646683624e-10,-2.5033538346121845e-09,2.1230649957380258e-09,4.69163232852767e-09,-1.7239998827362007e-09,5.594952942146026e-10,-2.630713218080043e-09,1.986575039622973e-09,-5.658606336071318e-10,1.9421185127049154e-09,1.4786173758913808e-09,7.236393313187213e-10,5.879722124837191e-10,-1.7200752326096793e-09,-3.18212491396185e-09,-2.704570116363977e-09,-4.553442787381605e-10,-6.160013866460704e-09,-4.878747562470662e-10,-5.392417395381704e-10,-9.855483250851285e-10,3.339474278701474e-10,-3.0749043151607197e-10,-9.198971367325699e-10,-3.5856193034435426e-09,1.5464130929380522e-09,-1.3053450209016058e-09,-1.3629283389328626e-09,2.1955078741098785e-09,-1.1743697180756152e-10,1.1782736703039685e-09,5.061852463171382e-10,1.1278745626063378e-10,3.1027262992955165e-10,7.313159645033835e-09,-1.2960865757965856e-09,-9.007209812387054e-10,-1.4776671236681191e-09,6.421728749595414e-11,-1.7767463791768685e-09,-1.5273858370557219e-09,-1.1703173652518834e-09,2.0519352814713888e-09,1.518882861577789e-09,1.1305992623603233e-09,8.041973198838012e-10,-1.168356868047577e-09,3.069634632650401e-10,8.870234586781446e-10,1.2415119553016797e-09,5.93478671237475e-09,2.2580919687309314e-10,9.059077102101688e-10,-2.6687881156724964e-09,-8.320983750110309e-10,4.4006452252846614e-10,3.644283492974937e-09,-6.693946139339932e-10,-3.472005802298102e-10,2.472419301732097e-09,-6.383417053607345e-10,-2.2752298780011723e-10,1.1542482143566812e-09,3.0987354163162933e-09,-4.977160126125099e-10,7.854500133643477e-11,-2.937493015803001e-11,2.077439979623528e-10,-1.966896020485245e-09,-3.7343357505630114e-09,-3.5387639977796696e-11,-1.3293346654036608e-09,-1.1757890199943478e-09,-5.978235453768734e-10,-9.038016073201695e-10,-1.1167634805925405e-09,-3.3674835614836317e-09,-1.412147538445522e-09,-1.3753029358568031e-09
F12treat_p16,-4.3979872036183295e-10,-2.2344607171504625e-10,-3.131954961953161e-09,-4.909491113968439e-09,1.0035576498148509e-08,6.059048531532143e-10,3.032478340391206e-09,-1.2403946570791446e-09,-3.295795207121354e-09,-7.963898681264228e-10,4.431898512580804e-10,-1.3703334463389084e-09,-5.399085182908485e-09,8.459635844396687e-09,-2.4057697638429866e-09,7.643959200882291e-09,-2.8543820452583564e-09,-2.758083654420099e-09,-7.820204043899975e-10,1.6283561165431114e-10,-2.288654150826985e-09,-4.849782139319635e-09,6.625636369271093e-09,-9.553104213417212e-10,6.345012407439405e-09,-5.221924335888215e-09,-3.201325328661606e-09,-1.3249493392979418e-09,-2.2297125623163154e-09,-3.84616679571614e-09,-1.1150765529210025e-08,9.152409865059906e-09,-1.7821852980987475e-09,2.6893999787045956e-09,-3.232436236846622e-11,-1.2807064040196208e-09,1.1629252436297403e-10,-2.8533511406297636e-09,-1.856136688792595e-09,-1.9895190626822857e-09,2.8685325915010578e-09,-1.9953340484899657e-09,3.955776388269368e-09,-2.5205655859227727e-09,-3.046972982870551e-11,4.5283887553239635e-09,1.0162766866401465e-09,5.703475367855346e-10,2.8003728038343887e-09,-1.562899378132673e-09,-1.029273652218496e-09,-2.8091760066977637e-09,-6.982974176851189e-10,3.7835534580193764e-11,-2.3322507653480396e-09,1.5570275485402724e-10,3.380549851651515e-09,-1.2020736268295054e-10,2.4754791615415845e-09,2.1474931133770138e-10,-1.2456229323459573e-09,3.936513401586836e-09,-6.669674321533502e-10,2.9705375528683403e-10,-2.4047369618573985e-10,-2.2708979632636962e-09,1.7347325855055024e-09,-2.6396962082429184e-09,-2.397782341645812e-11,3.886126423710408e-09,-1.7360659889681562e-09,4.605307357755836e-09,-2.7801982525656494e-10,1.331759325493368e-09,1.0083080640065101e-09,-2.268043773776564e-09,1.8731494118161854e-09,-1.5133362098497591e-09,7.531551605110267e-10,1.5159742712177142e-09,-4.184530760824171e-09,2.2337611898286045e-09,3.474814508113983e-09,-2.0754327613716917e-09,3.937703777790964e-09,1.0345871599862167e-09,2.7199378316628556e-09,9.584433539541664e-10,5.501950796834761e-10,2.0421222719338845e-09,-3.2560711627502313e-09,-1.7960142803765028e-09,3.2401059953845827e-09,-1.974928106362924e-09,-2.4369604550527165e-10,3.576954579252867e-09,1.8698425531942504e-10,6.0864986508380465e-09,-2.4624327811312958e-09,2.5226302899575407e-09,1.7652141116963177e-09,-6.52065002375215e-10,1.416140611265569e-10,-5.776991166338741e-09,2.14937042210618e-09,-4.3643890588742053e-10,-2.0208989511274335e-09,8.438100696638915e-10,2.583032011895402e-09,-6.872427380703984e-10,3.645250489764261e-10,-1.828973684004926e-09,4.994530316397085e-10,-1.6754506777639341e-09,1.317068777522082e-09,1.5786667234058551e-09,1.2675718527706923e-09,-5.5015204961947736e-09,-2.8599962344422565e-10,-7.298846469146632e-11,6.451587773404486e-11,1.3824111093894828e-09,-3.418303945534623e-09,-1.5550411431873845e-09,1.2001346985201525e-09,2.052781867312116e-09,-3.261111778438913e-09,-7.512422081974687e-11,-6.677644774312931e-10,1.372128271987612e-09,-1.5650182900661598e-09,9.329363643693192e-09,-1.2579000213964009e-09,5.524286699001693e-10,-4.636861267417436e-09,1.1548944456389565e-09,-2.1708203696428745e-10,2.438748027279239e-09,-5.059791752823202e-10,7.705965420555724e-10,1.2165279583159802e-10,-4.519582214175457e-10,-4.381007707306243e-11,-1.7187121409560928e-09,-1.3488437310423538e-09,7.024587990152863e-10,-2.0767701406878394e-09,2.2580919687311371e-10,5.58962660236633e-09,-3.87756162774973e-10,2.8287080752142915e-09,1.441383791110037e-09,1.5351058557882904e-09,4.781403173178728e-10,5.011929048323254e-10,1.8103761530425667e-09,-1.987503785287453e-09,2.5087030357024845e-10,3.556962659949922e-11,-1.5276113187819906e-09,1.7785888691634827e-09,2.9035676126451015e-09,-8.647095951436504e-10,-4.145436235790637e-09,-1.441905876716415e-09,-2.713705720677922e-09,-3.3982180069833744e-09,-1.4774492539341825e-09,-2.0442238448329023e-09,3.4412819925920995e-10,-8.718438639293279e-10,-1.5031678905125815e-09,1.734632662196228e-09,-7.838766481400886e-10,-3.2067809273378104e-09,1.937681041624668e-09
F12treat_p17,3.1058460489475183e-10,2.2788079354181858e-10,-1.714660785851343e-10,-4.666787781089985e-10,-3.6913874943816723e-09,1.9172132444760607e-10,-3.1585401142420104e-10,-2.810953371300772e-10,1.3485696746928942e-09,7.378940177713437e-11,-7.485193705326884e-10,-2.1071048359448312e-10,1.3029002608043802e-09,-3.603622854336375e-09,1.5745235034885086e-09,3.7038709338489893e-11,1.2570581059673602e-09,1.5461722550318192e-09,2.1575741126504743e-10,-8.255367038838598e-11,2.8940683681159404e-10,9.593086799293869e-10,-3.978167986667613e-09,2.0128584217547694e-09,7.392129636236687e-10,6.289909636352953e-10,1.3163378436639503e-09,-3.0662952808647283e-10,4.816985994547747e-10,1.2594312490576143e-09,1.3210937875714883e-09,-5.316061652158229e-09,6.520647972984161e-10,5.345089735280992e-10,4.0203059116453594e-10,2.2253539187835193e-09,-4.642023990792734e-10,1.9092437400274128e-10,-2.7433296861675484e-10,-1.6927212018035746e-09,-5.392140405426064e-09,1.8166955616384572e-09,8.916543873152962e-10,4.169348886119649e-10,2.4386686842059637e-09,-9.593685964017227e-10,-2.2880789285338445e-09,7.592492283218388e-11,-1.1731054004306173e-09,3.9354387380830624e-10,9.291517719572993e-10,-3.014280626457467e-10,-1.670913317860677e-09,-6.412253994587342e-10,3.8999041169409984e-10,-6.07832437567095e-10,3.4465968252337447e-11,5.537559451034643e-10,8.239253114360303e-11,-8.277492886196249e-10,-4.899764637865331e-10,-1.2527396946686285e-09,1.0951432943674873e-09,1.5193947656778854e-10,-1.217360063847529e-09,-6.902886586068838e-10,-7.680187051851119e-11,3.674405848883408e-10,4.190320873230955e-12,-2.632152789044735e-10,8.018600577007029e-10,-2.5122918043707767e-10,-8.125794280604652e-10,-1.4261797511160292e-09,-3.3428076465583776e-10,1.3292916328329587e-09,-1.2121563402051006e-09,-9.42380000132824e-10,-1.507282160054406e-09,3.363528766224256e-10,4.2174838945042454e-10,-6.988285148678759e-10,-3.3408369198901316e-10,1.1703545882833895e-09,-5.152623229831382e-10,-9.951433721178556e-10,-8.816571441002673e-10,5.8159731785449185e-11,9.92972045195563e-10,-4.843272384489071e-10,2.5948690733633066e-10,2.01268899325969e-10,5.324348592767583e-10,4.364302310671468e-10,-4.5185378310708335e-10,1.294285284192677e-10,8.899971693214836e-10,-5.916061490339986e-10,3.530167236821963e-10,-5.145802500530103e-10,9.85789292536191e-10,1.3669726988905698e-09,6.84467019560521e-10,8.774399990354786e-10,-8.77216772088309e-10,-1.6031585052950888e-09,7.328461672380248e-10,-9.668630755938475e-10,2.586727511899398e-10,1.1529667012485404e-09,-9.96006658306433e-10,-5.2272169559007e-10,-7.137150421114859e-10,-2.3714646786393894e-09,-4.476728115791015e-09,-1.1740608377353197e-09,-9.30536337886639e-10,5.103751422059975e-10,5.3988493774341e-10,-8.535442937908061e-10,-1.002388806969864e-10,-1.5511116552366399e-09,6.906257137918246e-10,-3.231622144642197e-09,-1.0846037609563845e-09,5.617490393717931e-12,1.2154458403146877e-09,-3.0596301619905624e-10,4.776664671979697e-10,-3.82227162944968e-10,-5.265142829140572e-10,-1.3128963995890246e-09,3.6669836410752746e-09,-1.0853783891795517e-09,4.774478582317227e-11,2.965600291191763e-10,-8.964002546911475e-10,2.3776069705500663e-10,-1.1311757936929971e-09,-3.5386068634459283e-11,1.0138230476156591e-10,1.303014770069081e-09,8.648338885536906e-10,1.1139384564441142e-10,2.098204750101338e-10,-9.987179015591645e-10,1.2107805583094246e-09,9.05907710210156e-10,-3.8775616277497074e-10,2.1652772757974767e-09,-4.617142298989702e-10,-1.352041165060864e-09,-1.0591649895751906e-09,4.4439803841921364e-10,1.0161834663011683e-09,5.362486060970402e-10,-4.5457655291246745e-10,-1.8375341212295162e-09,-2.972801033584028e-11,2.7579814021414293e-11,-4.214751528820745e-11,5.838400316815587e-10,1.7946774041717058e-09,2.1970325777904166e-10,1.2457540715475851e-09,1.5389321191653887e-09,8.111430090134803e-10,2.895714745672336e-10,9.827692079348105e-10,1.2263841848805923e-09,1.7941977322639088e-09,1.1039345570280199e-09,-1.9560949695947032e-10,2.364409341906777e-10,-1.7804531918521886e-10,-1.2105656753072911e-09
F8treat_p5,-2.0133587607919305e-10,-2.1398603111725907e-10,3.931897773958704e-09,-2.4724937062587764e-09,-2.8195156557315535e-09,-4.167321776154921e-09,1.4355849018270793e-09,1.2157133758235106e-09,-1.1130523230559844e-09,-6.75759630612549e-10,2.0639722979001927e-10,4.3898942651512515e-09,-2.1152162536401474e-09,-2.9206627664565407e-10,-3.767344561519434e-09,2.914039861202121e-09,-1.3818425034982397e-09,-8.674673276089874e-10,4.186934699957295e-10,6.75365430535009e-11,3.692674873398031e-09,-2.662086167765458e-09,-2.6528718607728243e-09,-2.654117567183552e-09,-1.7951310491715095e-09,-2.378439155679913e-09,-2.6407507041068477e-09,9.192876346824601e-10,-6.479874622992378e-11,9.138840985751885e-10,-5.263173946997002e-09,3.312192407046314e-09,-7.870125610607448e-10,3.3268565820005573e-10,6.421759282430544e-10,-9.215923609216762e-10,1.1599460662633778e-09,9.343152021290112e-11,2.2024847368943703e-09,3.738734759645817e-09,5.068407071637362e-10,-3.989228921517865e-09,-5.373277465325958e-10,-2.4552601162430596e-09,-1.7716854815766667e-09,2.8130636914374835e-09,2.2544668125893165e-09,-7.627908264414341e-10,-5.839661643833935e-10,-3.286165391065157e-10,-1.5580288284987645e-10,-1.4892738788932264e-09,1.4306166692888321e-09,-2.7956702667287377e-10,-3.3421853406551436e-10,-1.8662936380012445e-09,1.6876489289477965e-09,5.154055721495799e-10,3.2750887954775866e-09,5.737753584884769e-10,-2.970544397145231e-09,3.560573349964963e-11,1.1115706762888118e-09,1.053999414929825e-09,4.5090218766964687e-10,-1.7839152277487968e-09,-1.7643124616195951e-09,-7.045490225056402e-10,-2.445649335149039e-10,1.974996228373106e-09,-1.476368911666132e-09,4.0351885937007996e-09,1.984231121360359e-09,5.524259100956142e-10,-1.7640247924084918e-09,3.876348567731166e-10,1.312116165352802e-09,-2.7279485259448187e-09,-1.6556691764659416e-10,-2.474660877060363e-09,-1.328369830794002e-09,-1.0734154473500196e-09,3.413913390927296e-09,-5.346128852308481e-10,7.646511961870996e-10,2.862478896565172e-09,-1.887315384441559e-10,-3.831103081274193e-09,-4.749606232728977e-10,3.1644708990965274e-10,-1.2210959891017248e-09,-2.3504573593846827e-09,1.7132827357926588e-09,-1.0001977116086285e-09,-1.6082312826718873e-09,2.7977550237366335e-09,-2.6098319595223478e-09,1.8649221373680526e-09,7.741038016903295e-10,-1.1493213342689998e-09,-3.2194244412987227e-09,7.375168939501867e-10,-6.860297817706544e-10,-8.888827229095232e-10,-1.1165967835815653e-09,-7.215134074431617e-10,-2.080608385597847e-09,1.4315998576415582e-09,1.2850550509698355e-09,-2.248054282226691e-09,1.4603165643319835e-09,1.303737163131497e-09,2.807755201864074e-09,-7.024000613977274e-10,2.130753508936781e-09,9.977551279081199e-10,8.421282726972343e-10,-1.1875795293970932e-09,1.3904365921999455e-09,1.0439811003179805e-09,6.844147023157977e-10,3.2576236600298504e-09,-5.310868545969888e-09,-1.2136213661928866e-09,1.5006032420966602e-09,-1.5120379406493267e-09,-3.239396299387359e-10,7.352160784592173e-10,-6.366538538609152e-10,8.506034857868308e-10,-1.3292181951501674e-09,8.02040841358554e-10,8.950296668855746e-10,1.211225947803797e-09,-7.686020784068472e-10,-1.53384295255367e-11,4.1335701720224683e-10,5.055766557186832e-09,9.311199867346765e-11,-2.0136079279439997e-09,-1.1418497736144645e-09,-1.632802766567364e-09,6.516950819912002e-10,-3.74525807126157e-10,-4.950463220366559e-10,-2.3123662051883737e-09,-7.10981892527822e-10,-2.6687881156724687e-09,2.8287080752143027e-09,-4.617142298989763e-10,7.14293369660194e-09,8.353393497993449e-10,1.5849673600295876e-09,-3.0222626928579645e-09,2.946372039858498e-10,2.183457231919369e-09,-3.0725921346726273e-09,4.422900754194606e-10,-3.2309600877780617e-10,-9.08306197394946e-10,-4.3617500913038806e-10,1.3074061573616748e-09,-1.9010099915538604e-10,-4.0011598087616155e-09,-1.5374499923815517e-09,-4.694510041499198e-10,7.220658536319388e-10,-1.0963182547883956e-09,-9.068709884795001e-10,1.2666812556004658e-09,2.8373930292916712e-11,7.367504113458534e-10,1.5095393126567318e-09,1.251072295496274e-09,-5.912709531735611e-10,2.833483400221628e-09
F8treat_p6,-1.1540585726824084e-10,-3.657727449552934e-10,-1.181629630799784e-09,-3.217267078774472e-09,2.434420562806012e-09,4.4118953826573765e-10,1.8193553114561452e-09,-1.7586673578601079e-09,-2.0213691143668515e-09,-7.799727100455509e-10,8.831324032163046e-10,2.3034109446554866e-11,-2.8018126035610835e-09,3.974131283933113e-09,-3.7426065139888495e-09,1.7949345756520677e-09,-5.0229341472251095e-09,-2.4236336302844425e-10,-3.973405474563321e-10,-1.6650334795815783e-10,-1.449663734181424e-09,-3.3895981852521594e-09,7.176285619145104e-10,-3.5238789849134376e-09,2.695044140701114e-10,-5.215051914804924e-09,-7.454610532482105e-10,-8.22105071903878e-10,-1.2632309618587885e-09,-7.346194965297963e-10,-4.398906814086739e-09,4.117778690581413e-09,-2.676485856774835e-09,-1.961379246881219e-10,-3.457147391518343e-09,-1.9839694189849337e-10,-7.361842114798975e-10,-6.860171803481449e-10,-2.6164638009222234e-10,-1.2006634949118677e-09,2.608431913345872e-09,-1.9924397044855342e-09,8.733035709979119e-10,-1.5483140835707834e-09,-3.9911349857594825e-10,-1.7044486141554335e-09,2.790648742074466e-09,1.6215480121888412e-09,1.7775611070830435e-09,-3.604391265403127e-10,-4.0203701464088727e-10,6.276789161256114e-10,2.4844771709874958e-09,1.9318271176330028e-09,1.189141905094771e-10,9.495188819741317e-10,-3.270369946371258e-10,-5.3266122003957456e-11,-1.522213532692129e-09,1.3576202216345793e-09,3.259219613028287e-11,-5.444882598253955e-10,-1.682814199423706e-09,9.378910967113269e-10,4.005240671564755e-09,1.1185256580632047e-09,1.9310274017920956e-09,7.359258688834193e-10,1.1123668863830413e-10,8.317111612363239e-10,-5.473868900480021e-10,-1.9070724886528618e-09,2.7009365341480027e-09,2.977971511282743e-09,4.771226832265037e-10,-1.8139013067041623e-09,2.2442373657618423e-09,3.4266184815042777e-09,1.3928394249401561e-09,2.161626037257596e-09,-9.274925314358234e-11,1.2709566816249347e-09,1.1279392290546577e-09,-2.8326122889160674e-10,-1.5313638137429382e-10,7.981953677459464e-10,1.000725522270764e-09,-1.2289186205580675e-09,-8.533810944040636e-10,2.490584552756709e-09,1.3666525301452586e-09,9.495105686107924e-10,1.749513537928168e-09,8.927648010291118e-11,4.3576402448469563e-10,8.532685910430172e-11,2.426358004185203e-10,-3.140537603930571e-09,7.953875905082565e-10,2.045738901605099e-09,-8.513351126889054e-11,-1.630579388333789e-09,1.924384219636529e-09,1.1182477911968464e-09,1.6293399416046039e-09,1.9724318237040025e-09,-1.0456404849426184e-09,1.1028545684097493e-09,-3.9232094006246444e-10,-6.609945217515857e-10,5.63105812532033e-10,1.692109933230924e-10,9.326445593631558e-11,2.367923278802215e-09,2.7492724419320115e-09,1.7966847004663091e-09,3.4005324089551994e-10,-2.9818195004837334e-09,-1.7066565149739048e-09,8.856039374969388e-10,1.51997797373214e-10,8.291902942275536e-10,-1.7359502977250443e-09,4.556108657097647e-09,1.519122509207696e-09,-8.390169880584876e-10,-3.552341218443246e-09,-2.489677052949905e-10,3.174418977835457e-10,6.477558461981492e-10,9.288597437901446e-10,4.069555811452656e-09,-4.666555243106307e-09,-4.830397452499509e-10,-2.2845742876737795e-09,7.235674955434827e-10,-5.425588541259252e-11,-2.6058362369645114e-09,1.8871872627220547e-09,3.9504345856118516e-10,-2.5019148630138893e-10,-1.3474707061035307e-09,-3.2128030425741284e-10,5.440969719585387e-10,-1.847677549301094e-10,2.412928419283931e-09,-8.905033958710551e-10,-8.320983750110905e-10,1.4413837911100253e-09,-1.3520411650608765e-09,8.353393497994583e-10,4.830807543438576e-09,2.062858158264959e-09,-1.7443661523305453e-10,-6.151236399024025e-10,1.997489110382213e-09,-1.7944695918154031e-10,2.270295218709926e-09,1.3662756354971217e-09,-1.1145987564422889e-09,-1.9199743898283625e-10,-6.945190083429156e-10,-1.6509500166125739e-09,2.330739116243603e-10,-3.203151953916127e-09,-3.304157331118587e-09,-1.0294249037487567e-09,-5.329374237883708e-10,-2.4376593427044194e-09,-1.9156111083749085e-09,-2.148639564345361e-09,-2.1080280488958735e-09,7.182479372110048e-10,5.268687548363761e-11,3.849140941454779e-10,1.8267985015225929e-09
F8treat_p7,-2.122398038565901e-09,-1.7878178693186265e-09,-8.698888441514171e-09,-2.123423958212596e-08,2.6270189430913626e-08,2.8703339193648486e-09,-2.785424728659417e-09,1.4777516260927677e-09,-1.360353629047413e-09,-2.4386400250794033e-09,2.613595269699941e-09,1.9533479491998097e-09,-2.9369823395834905e-08,1.9813619798335695e-08,2.200770412512014e-09,5.087699069166935e-10,-4.64303295808779e-09,-1.923966627924507e-09,-3.2251274387680437e-09,-1.122053121908238e-09,-5.947434568592192e-09,-2.5026344940463592e-08,1.7114972697209448e-08,-1.0782006551413326e-08,1.2193480102130145e-09,-7.722491058418212e-09,-2.8562873792180895e-09,-5.944578624683038e-09,-6.755816100658409e-09,-8.294786796931465e-10,-3.1270706294659365e-08,1.502750286326061e-08,-1.060001742059721e-08,-4.18630239470476e-09,1.3803017244636931e-09,5.74416985041865e-09,-3.3877636650584775e-09,-6.236389522379956e-09,1.545753672521441e-09,-1.7001732040593577e-08,1.2422944199224252e-08,-1.4737616859929096e-08,-7.418571285291518e-09,-2.0390560657811864e-09,1.4119123438958578e-09,4.860143952337114e-09,-2.508013543930368e-10,8.475327161087434e-09,6.1465655698371866e-09,-1.6787104345593363e-09,5.167625384912805e-10,-2.0075190835614283e-09,1.1157672045648158e-09,-1.9918044479742142e-10,-1.707197263858492e-09,-1.4354696458271634e-09,-1.4442372041845348e-09,2.4673133915502447e-10,-1.5590648111268368e-09,-1.862077015118383e-09,-1.9713022538742843e-10,3.016386802890668e-09,-6.5155725326443806e-09,3.371049853901288e-09,2.1008051253033197e-09,-2.373536917188429e-09,6.946248947893556e-09,2.2186080274806984e-09,-2.1895127270447746e-10,2.326313724797845e-09,-3.1148046823633044e-12,-1.4519365719304452e-10,-6.583402450475835e-09,8.31372354734732e-09,2.711648604590153e-09,-7.475801681265128e-09,-3.2225039376467276e-10,4.128422932701285e-09,8.000247384609303e-10,8.001326075680658e-09,-4.035312774260559e-09,2.3643653573704584e-09,4.477479472582558e-09,-9.258341393100554e-10,4.491631568495479e-09,-1.4628096103093204e-09,7.277823646446963e-09,-1.2502107391856659e-09,-5.437734169034477e-09,4.87740378776387e-09,7.994222547561267e-10,-2.8934338226585544e-09,5.288415980124023e-09,3.895968712954928e-09,-8.219641428623114e-10,3.383624630091787e-09,3.443709114259231e-09,-1.9473157104669753e-09,-4.131869597703886e-09,8.053311258517156e-09,2.6457051354415154e-09,-1.8687054740063944e-09,3.056869449566194e-09,-5.961124385682828e-09,5.04879378327815e-09,-2.23302116458094e-09,1.7312976855893328e-09,2.165608253124325e-09,2.6555182511318943e-09,5.690540738987335e-10,-7.899746776433596e-10,-3.238627271645417e-09,-6.068472117469845e-09,-4.637892581754856e-09,-1.2596596034422836e-09,3.4132640118306025e-09,7.765920549732801e-10,-8.913461469566776e-10,-2.6416531929722225e-10,-1.6359964300002072e-09,6.208986671679574e-10,-4.625070797052107e-10,-1.1543434639837046e-08,3.988774317039736e-09,-7.810744527824525e-10,-2.854193701701866e-09,3.1427183507002973e-10,-1.9681492274751658e-09,1.2238947412861976e-09,3.316496435153978e-10,-9.439873101048162e-11,3.6669501716919673e-08,-1.060792853333352e-08,-8.367706586991638e-10,-3.869308216087109e-09,-5.027447655288673e-09,-4.677544260562829e-09,2.0700166101897956e-09,-1.7637713368339676e-09,4.8410564966075445e-09,7.910126185552189e-10,-4.781181215533298e-09,3.2180740268468274e-09,-2.2943886472856084e-09,3.710820092640652e-10,4.441435648056314e-09,-4.030210303502664e-10,4.400645225284409e-10,1.5351058557882859e-09,-1.0591649895751762e-09,1.5849673600293649e-09,2.0628581582649863e-09,1.0360543491581784e-08,4.016872836722549e-09,-6.96579381333952e-10,6.285278250297141e-09,3.7959088706774336e-11,2.277162020135347e-09,2.2316217884442128e-09,1.9180187975907475e-09,1.716898642201754e-09,6.579878876669239e-10,-1.5041536022160033e-09,-5.948785003696023e-09,-4.601737640892411e-09,-1.2365153729417144e-08,-6.719354289329979e-09,-8.466610732021732e-10,-7.793099778169035e-09,-4.502704428517555e-09,-3.644030145245036e-09,-4.1644930253831266e-09,-1.5097062771560767e-09,-8.817595988096607e-10,-2.0841936546447014e-09,-2.612643821536345e-10
F8treat_p8,-8.113904668539397e-10,-9.754370970921088e-10,-1.4127723623527833e-08,-2.5095225124581328e-08,3.3986733215316916e-08,1.2518060080524596e-08,-2.3835189191746803e-09,-2.3164970287403005e-09,1.3804855616164812e-09,-8.903821894005189e-10,6.17936832536378e-10,-3.887667111965419e-09,-3.125170420670461e-08,2.0417848411884298e-08,1.2183407827083379e-08,2.4696075872879808e-09,-3.4518729157301505e-09,4.935739416531537e-10,-1.7073768387392474e-09,-1.6660938025550593e-09,-1.172251966911952e-08,-2.8412232456980546e-08,2.3403093986756972e-08,1.5546565251896272e-09,5.3080375680355556e-09,-5.682968215954207e-09,1.1222575308053736e-09,-4.921974720592117e-09,-6.69459704797685e-09,-2.7121897204762723e-09,-3.357859381501803e-08,1.928350585629915e-08,-2.282108101841224e-09,-1.025601321366454e-09,3.979080366962372e-10,4.762847537826795e-09,-2.876784300181111e-09,-6.625885882467807e-09,-1.535730253894095e-09,-2.6800548244336574e-08,1.6891411959091675e-08,-4.535961988878066e-09,-5.590863652808098e-09,-5.896494751276213e-10,4.781521691717167e-09,3.027180368836543e-09,-4.699130870895929e-09,7.97666568095033e-09,6.761069871994918e-09,-1.5059251399695108e-09,1.0522374902374816e-09,-2.586691434926921e-09,-3.604684304108476e-09,6.906781974626996e-10,-2.212889499497506e-09,-1.469306553268152e-09,-2.0624391014039835e-09,4.733978015224792e-10,-4.619837707301739e-09,-2.9985872073276196e-09,1.456192983855962e-09,3.36986645394134e-09,-7.512861146880732e-09,8.09455780047146e-10,-8.047268130879911e-10,-3.1040455156851763e-09,9.087686418231264e-09,5.318079946460405e-10,-1.259246394683377e-09,1.609686641975687e-09,1.2069473727533717e-09,-1.484620862699421e-09,-9.987685095795685e-09,4.6514906018919836e-09,6.0054605684573155e-09,-5.935294207046661e-09,-3.2975794924909693e-09,3.794788875809744e-09,-8.323616649205638e-10,1.1373494087555566e-08,-4.786196087391276e-09,1.0929490055546943e-09,5.39675645020903e-10,-8.739106819080319e-10,3.223878337235842e-09,-4.449219805680323e-09,8.099031597806473e-09,4.747568672642377e-09,-5.433712623882305e-09,4.1796218800645405e-09,-1.855927510076917e-09,-2.2619749549455424e-10,5.509542077862168e-09,1.9120092616767244e-09,-1.647668439004476e-10,1.7687150383279858e-09,4.552741352717062e-09,-7.95833558557571e-10,-5.24289172960835e-09,8.00563645813087e-09,7.601172980131785e-09,-2.841183736242218e-09,3.3651618892618885e-09,-5.9677050766657415e-09,3.646837329220128e-09,-2.9565326347148475e-09,3.034686189047536e-09,-9.111851238959839e-10,3.0782804661768557e-09,1.7949772848253478e-09,-2.9721502683442442e-09,-5.512901923640684e-09,-6.704200646874494e-09,-1.1927616712746161e-08,-4.942740013963181e-09,6.489349696748306e-10,-3.759042330501546e-10,-3.0183268532047976e-09,6.572394886184841e-10,-2.655059735125447e-09,-9.850459476868574e-10,-5.863020960168857e-09,-8.944895105527065e-09,2.1068669721128498e-09,-7.171923176487345e-10,7.092755921293967e-10,1.1442856046420937e-10,3.4463505053683757e-10,1.3244429662729293e-09,-1.5924285609109033e-11,7.059024804556838e-10,4.28847332398899e-08,-1.1790876201881998e-08,-6.432150122072577e-09,-5.952064642381127e-09,-4.001265778987523e-09,-7.722587799458458e-09,-1.8674116852173903e-09,-2.1872212708370066e-09,7.218787134173466e-09,2.7511727721692434e-09,-6.216482449572237e-10,2.990086784823886e-09,-2.1598309000549838e-09,1.029349974994198e-10,4.959445708783804e-09,-4.902272778802595e-10,3.64428349297495e-09,4.78140317317882e-10,4.443980384192266e-10,-3.0222626928580567e-09,-1.7443661523295591e-10,4.016872836722471e-09,9.047902788998e-09,-5.942730670050757e-10,4.322941363203776e-09,5.109421852068676e-10,4.838557280312529e-10,2.7671922234303645e-09,3.515398449031483e-09,3.172879777407221e-09,1.3346927577781482e-09,-9.668265260676197e-10,-4.343315188126902e-09,-1.8984858984747477e-09,-9.95152814249251e-09,-8.970117982248439e-09,-2.1345934270357682e-10,-5.43170323457209e-09,-3.044361464016603e-09,-1.6207338749237696e-09,-4.243839379423103e-09,-2.262028236440893e-09,-2.3744307920442537e-09,-2.9917124188350384e-09,-3.1083692184784595e-09
F8treat_p9,-4.2558339634293406e-11,3.104065310178905e-10,1.99053689068587e-09,2.554818410345727e-10,-5.209624307603353e-09,-3.1345501018150983e-09,-1.1209086798770216e-10,1.4225002510980306e-09,-1.2080026434176257e-09,-6.610552100950588e-10,4.928137502041106e-10,1.5111308952519088e-09,1.1638350674855349e-09,-2.666979268902567e-09,-2.3381544216504657e-09,1.0424617592016925e-09,1.2458049175426867e-09,-1.98293481372681e-10,5.315840350486186e-11,7.195065532532899e-10,2.5993890807271704e-09,2.799212351125605e-10,-3.3531499278225633e-09,-2.449248061232984e-09,-9.72204753197194e-10,-1.1981429629923106e-10,-5.38259512169487e-10,-9.96748167288044e-12,9.151718817695229e-10,2.4142710952046075e-09,-4.0313521454712404e-10,-1.6561659818088572e-09,-2.4856360776115396e-09,2.1353609255230672e-10,1.6367638272081074e-09,1.2159252143435305e-09,-1.5567219480367222e-10,1.3077283727080177e-09,1.7765952245674929e-09,1.3522185020616747e-09,-2.1499557918601095e-09,-1.5393551201438328e-09,4.494384415248214e-11,-4.738415094119931e-10,4.1874606086088626e-10,-1.0771080993936117e-09,-1.1805201093177924e-09,-8.348471712183438e-10,-1.7032373831491392e-09,2.6976729279724875e-09,1.6305092928198717e-10,1.4474811411720657e-09,-6.534363478084786e-10,3.648687733094373e-10,-4.023098012344747e-10,-2.2785537764174023e-10,5.612939528373971e-10,4.3231762516252763e-10,-1.0420218806130783e-09,8.543501456658781e-11,-1.7290858961543505e-09,2.3496962415226047e-11,3.559630915602826e-09,-4.224297836786502e-11,1.563628805430946e-09,-1.8432128654723316e-09,1.10403538590726e-10,7.053641901192595e-10,8.355043229913232e-10,9.985434108101833e-10,-1.8341638932654594e-10,5.997528827403153e-10,1.569649150334417e-09,-1.271678058839335e-09,-1.1067795946337603e-09,2.617598222473246e-09,1.6613620201991683e-10,1.352532823721117e-09,-3.1057037221919234e-10,5.69870140278038e-10,3.3339728191086294e-10,2.41316605393739e-10,6.80310903302873e-10,6.545620855168758e-10,-1.1498425803077357e-09,8.745959521471512e-10,-8.603752718654911e-10,-1.5223844538291798e-09,2.1646481827530967e-09,8.409964047592137e-10,2.271506370874843e-09,-1.0932829284369231e-09,1.5954936724656398e-09,5.963579594999705e-10,4.781172398334767e-10,1.285331207342787e-09,-5.748972900799443e-10,8.988479491756291e-10,1.13771772205658e-09,-7.836044010529016e-10,-1.8195745716598835e-09,2.933431601048218e-09,4.693983738594379e-10,1.8339681499890505e-09,-3.5107968448697285e-10,2.7156098174703716e-10,-4.180212565846661e-11,3.7048688684462606e-10,1.0566190032323395e-09,-7.687096849854663e-11,3.8626949845586333e-10,1.4965103059154793e-09,2.3049692197648946e-11,-8.210490983777262e-10,-2.753356151545624e-09,-1.093333894703936e-09,2.8796489260234683e-10,4.0286466812700306e-10,-5.824496817300792e-10,2.1889138533161062e-11,4.1662499659651677e-10,-3.970137189796593e-10,-5.11588289211081e-10,-3.6424863165533163e-09,4.469772395401621e-10,4.756512886933059e-10,1.0772410217037754e-09,-1.0098886191060396e-09,5.089750372640573e-10,-6.537065033550552e-10,-6.833739261574236e-10,-1.2933718378834135e-09,3.4909577182487043e-09,1.1012214056799406e-09,-5.308064737826904e-10,-5.988343641241955e-10,4.3355141328180867e-10,9.621617755696061e-10,1.2372273818102e-10,-1.8001384910012095e-09,-5.607477833527715e-10,3.1890923449949556e-09,6.57841713835345e-10,5.333281850699816e-10,-1.2881252592765406e-09,-1.0776217555104313e-09,4.964646909756435e-10,-6.693946139340043e-10,5.011929048323336e-10,1.016183466301191e-09,2.946372039859762e-10,-6.151236399022029e-10,-6.965793813337912e-10,-5.942730670051951e-10,3.7983277027759385e-09,6.36012025135574e-10,-1.0638167589505007e-10,-2.654143670818424e-10,3.825695869229129e-10,-2.860243030172834e-10,-7.617450979866263e-10,5.740895839754159e-10,3.7491610429452847e-10,-2.823039826483891e-10,-1.2979681844879337e-10,1.123788371807116e-09,9.892404752531788e-10,-2.5556797126332473e-09,-2.1363921688031152e-10,-2.650820708769798e-10,1.1146104118884921e-09,3.008419739037766e-10,4.332846087590038e-10,5.523222750340029e-10,2.662451043047977e-10,1.2024128196905326e-09
F8treat_p10,-1.2089772201583136e-09,-1.7764716780620513e-09,-1.2103913310519353e-08,-3.0533552378744565e-08,3.1211305641514764e-08,6.400994615195258e-09,-2.3266127707118756e-09,-1.5090503452756148e-09,2.266323390821877e-09,-2.6166001656869918e-09,8.059569270781491e-10,5.1712639065998356e-11,-3.83098258041178e-08,2.0437817299038817e-08,6.708880003124213e-09,2.9527612833302345e-09,-6.314937903549874e-09,1.3259797780595357e-09,-1.7556203287206742e-09,-9.860508661364923e-10,-9.758453985878035e-09,-3.4881629679311105e-08,1.9092796831697027e-08,-6.422659959397975e-09,2.244475096231682e-09,-1.2578190740367805e-08,-3.333852871433374e-09,-5.810148889359022e-09,-6.707940859177695e-09,-2.6969176782677906e-09,-4.173019973877775e-08,1.897000613493325e-08,-1.1250549378332807e-08,-3.512315936613987e-09,-2.116629912671466e-09,6.637031093784328e-09,-2.8005425045996506e-09,-5.3323508642996065e-09,-2.748908652394175e-10,-2.38025932531085e-08,1.4666949372188431e-08,-1.285221314376006e-08,-9.42644004440428e-09,-4.979753523406155e-09,2.7029162879687085e-09,3.2725307858998904e-09,-5.541939467515028e-10,6.089035068296864e-09,5.237601566605012e-09,-2.5938814387053184e-09,3.5479329773035833e-09,7.161245058312219e-10,-8.947878647205383e-10,1.5954979963304003e-09,-3.096305869440734e-09,-3.779040884464836e-09,-1.3782430064476102e-09,1.5955315653580003e-09,-4.201742701925108e-09,-2.0915398911239657e-09,-3.1253549015202183e-09,7.294001401601894e-10,-7.0592244612714775e-09,6.231261782469042e-09,4.126305325219012e-09,-4.142491560654733e-09,8.112653173574804e-09,1.3520149801473422e-09,-1.9771917189982066e-09,3.5697251392467595e-09,1.2986361993150272e-09,-3.670090664812205e-09,-7.761770448682916e-09,6.458931247511257e-09,2.980320187185071e-09,-7.558154629746287e-09,-2.292708887523861e-10,6.644066494850159e-09,-1.545059514876738e-09,1.086472501005433e-08,-6.5237677966490175e-09,-1.7813295964697445e-10,5.068208348765909e-09,1.9639549947502097e-09,1.5963278784918616e-09,-2.34082571887745e-09,6.4084740405470345e-09,-3.4744418402841222e-09,-7.179724243295194e-09,8.231807841632833e-09,2.4091774128910347e-09,-3.4074630819320257e-09,7.229185712200872e-09,2.5981119333228167e-09,-2.328708112117732e-09,4.65030464220888e-09,6.253131610860259e-09,-6.964713185254371e-09,-4.047308431732902e-09,5.9884982299823495e-09,3.137819754807094e-09,-2.8779834728669898e-09,6.2395845208416186e-09,-1.2639434771408424e-09,1.1994693711353965e-09,-3.337971657788568e-09,1.3308478305923724e-09,-6.701330228410589e-10,3.768427711975217e-09,2.5576185294607808e-09,-1.0363668489250482e-09,-4.667795685633604e-09,-8.365330404399559e-09,-9.11137311440215e-09,-5.277550652209027e-09,1.6391435145186653e-09,1.1868539301107473e-09,-3.01911714360672e-09,5.392532596249792e-11,-1.99552320565467e-09,2.1130402452675625e-10,-3.2356831744643124e-09,-1.5570399062569882e-08,1.7142721593380357e-09,-6.949194753325957e-10,-2.1985453418000384e-09,-1.5720502976782157e-10,-1.5281600893272203e-09,9.922284123207492e-10,-7.156308153545524e-10,1.424948751153483e-09,4.699343172778751e-08,-1.1492966852179663e-08,-4.7399693395673706e-09,-6.658212400319688e-09,-3.897506419135269e-09,-7.494987212224202e-09,8.238176711033282e-10,-1.202739565563103e-09,4.653919587760281e-09,1.265545236544094e-09,-2.6304599533836547e-09,6.849384420251257e-09,-9.524480263700286e-10,-5.143343091384337e-10,4.863556659989143e-09,-1.1676510210770642e-09,-3.472005802297825e-10,1.8103761530426055e-09,5.362486060970438e-10,2.183457231919329e-09,1.9974891103819704e-09,6.285278250297201e-09,4.322941363203924e-09,6.360120251357763e-10,1.1826550633338899e-08,1.450291991834095e-10,-2.253398042847372e-10,4.030200936424536e-09,1.0801806756249768e-09,1.905423716970983e-09,1.806957899540668e-09,4.2289430549306047e-10,-5.289695411703265e-09,-4.616696062029984e-09,-1.071580896133617e-08,-6.18268775944575e-09,-1.2396059131484804e-10,-9.4005168928848e-09,-4.684468972298628e-09,-6.880178531329282e-10,-4.092160663925264e-09,2.0768179038637652e-10,3.4053360685591887e-10,-2.5162966452567928e-09,-1.811491705061752e-09
F8treat_p11,1.090819057892851e-09,-1.4606778340912378e-10,-5.007006102098021e-09,1.3221457358599797e-09,8.510598934220615e-09,1.456553994226999e-09,-1.609944164199424e-09,1.191077448230018e-09,-1.0144792524016283e-09,1.2983790699515237e-09,-1.894861880465318e-11,-4.9005621402207355e-09,2.6802714812467968e-09,4.160201970079073e-09,-1.5972196655628807e-09,-3.5255149348288964e-09,1.026789938979759e-09,-1.7072415164364482e-09,8.481214602045208e-10,-6.007180089813576e-11,-3.7737494100182896e-09,2.444087841596402e-09,5.573180091276939e-09,-3.723756365520651e-09,-3.1871892988097717e-09,1.175031580615727e-09,-1.4672151321441546e-09,9.564785364598228e-10,-2.7926403582819144e-10,-2.516103697393881e-09,3.3252388840629846e-09,4.1739198525834355e-09,-3.444626595768995e-09,-2.7822770819009937e-09,-1.4699740820943448e-09,-2.5116258130428088e-09,-1.5233647031070859e-10,7.598210748634333e-10,-1.8504830368994033e-09,-6.80948557023049e-11,5.6601585378747084e-09,-3.083833239962066e-09,-3.834965820184262e-09,1.3869633228048986e-09,-3.059507718200736e-09,-2.617314683917713e-09,-3.3720532133944287e-10,-1.8188885838840954e-09,1.222387581931744e-09,-7.709604771340972e-10,-9.168275821443286e-11,4.043824811520504e-09,8.785430072907644e-10,2.205427272154143e-09,-9.204084428313302e-10,3.737599135097062e-09,-7.270098079437442e-10,-1.2944813622359878e-09,-5.761673572305236e-09,-2.3717187297807817e-10,2.2224998777680708e-10,1.917630845969073e-10,-1.5391131369651699e-09,-9.740168467219518e-10,3.3770062389208328e-09,1.5072347861031075e-09,7.957248670452336e-10,4.250246213422603e-10,7.074339078574193e-10,7.34550768744753e-12,4.956714776795166e-10,-7.417966487206156e-09,-2.315568617951796e-09,-1.5806238626949297e-09,-1.1290509356356886e-09,-2.8718087915549953e-09,-8.230177487475661e-10,4.552965039858653e-09,2.1866385144630815e-10,2.1587937228940483e-09,-5.801801331236824e-10,1.9888557881232423e-09,-4.829979975288034e-10,3.2812634502599336e-10,-2.988516355601533e-09,-1.8256834360273603e-09,-1.8080190016825942e-09,-2.453912683499263e-10,-1.6363478106446694e-09,9.902228991500012e-10,2.7954627246943475e-09,-2.319013295583562e-10,-1.9444052706818075e-09,-2.290454032920687e-10,3.413265631694636e-09,-1.5625434074112801e-09,9.76092940296471e-10,-4.878470446960915e-09,-2.4986803355249464e-09,-1.3072649570166483e-09,-1.2301706065341175e-09,-3.93926829217312e-09,-1.743744395154865e-10,3.0726702451927782e-09,-7.766445264888659e-10,1.5077541554009924e-09,3.3849742799871e-10,1.2783820642548805e-09,-8.706523432432344e-10,9.002030934357798e-10,3.184317378882265e-10,-6.360301310203497e-10,-4.2196371808534514e-09,5.5602304756638506e-09,-2.1429094931210844e-09,-1.2531453034296307e-09,1.4412164373256595e-10,2.5473014729975853e-09,-2.264551822839148e-09,9.355349083765997e-10,-8.525445553357208e-10,-3.570769765870132e-09,4.573083178692512e-09,1.2414501081028707e-09,-1.1309850076053625e-09,3.575471752755602e-10,3.600987671956768e-10,-2.2598775710339735e-10,-2.1332668617833002e-10,-8.59275589568835e-10,2.3216936423457843e-09,9.47532923324008e-10,-3.536196655898912e-09,5.052512911881757e-10,2.0802106551360527e-10,-1.9091402886350942e-09,6.333957729622488e-10,-3.114836471746722e-09,2.318805699794077e-09,6.809133085492948e-10,9.864372560221175e-10,1.7272363425425426e-09,5.770636924877029e-10,1.5010813457408673e-09,5.014162994298615e-10,1.9512090808817807e-09,5.207915129434715e-10,2.4724193017320854e-09,-1.987503785287429e-09,-4.5457655291246854e-10,-3.0725921346726124e-09,-1.7944695918173292e-10,3.7959088706741656e-11,5.109421852070168e-10,-1.0638167589508366e-10,1.4502919918362003e-10,6.736979628240212e-09,2.0092679746319974e-10,1.0159320525814244e-09,1.690112871170978e-10,1.1206366698336962e-09,-2.201303291552726e-09,-4.743849666562901e-10,3.2681664542540786e-09,-6.435097253228708e-10,-3.648172836539596e-10,-2.1887938093628949e-10,3.445304945712676e-10,-1.8044231753770753e-09,-4.300669167170738e-09,-8.879207725875647e-10,-1.341964732452054e-09,6.509579775437832e-12,-1.943233658833046e-09,8.065185526187695e-10,-3.96651612464221e-10
F8treat_p12,-6.979674477557854e-10,-2.6922806345745283e-10,8.640230648458838e-11,-3.3101549670043888e-09,3.769700294689483e-09,-1.4825819042476848e-09,-5.867188918160786e-10,2.265477415646369e-10,-2.461810122833162e-09,-8.376563306746148e-10,2.284236612562729e-09,2.3661066534029842e-09,-5.384200692624226e-09,3.912948503444103e-09,-4.202262406151319e-09,-7.81669394972184e-10,-4.696723669950165e-09,-2.663288352207475e-09,-9.684933955835155e-10,-3.484822810653046e-11,5.115412201654368e-10,-3.5964904284960193e-09,4.414514170381067e-09,-7.604181121738386e-09,-3.457252417560521e-09,-2.510525944744353e-09,-1.467968179492698e-09,-7.499307141604642e-10,-1.6354356656691419e-09,8.686600258286888e-10,-4.685047742898218e-09,6.550101283162529e-09,-2.5574500709346882e-09,-9.112674158046449e-10,-7.8600951003472e-10,-1.964381988445395e-09,-8.441351955951633e-10,-1.2519728767331002e-09,1.3081604982177373e-09,5.428754879842441e-10,8.632928282271467e-09,-5.543241655254772e-09,-2.2440510641067343e-09,-1.1461823721293652e-09,-1.7405642901994478e-09,-2.9339954667145717e-10,1.9367450766907134e-09,1.0848121371231652e-09,2.1675525746039596e-09,1.5316861736011052e-09,-1.4339854441118506e-09,8.002149111015943e-11,2.2992641067865755e-09,1.3953303787268317e-09,2.1261932195270553e-10,1.7096305980683064e-09,-1.1684722667757292e-09,-1.1586884311596905e-10,-2.1163899768713534e-09,-4.649078204432185e-10,3.023755444508906e-10,2.0509580331347625e-09,-4.826584508135637e-10,-7.755959788191047e-10,2.9501902516378335e-09,6.821890081410415e-10,1.6606966531036404e-09,2.2019914706371932e-09,5.838068872081083e-10,6.44950827188286e-10,-6.9589307161883e-10,-7.504998232642605e-10,6.052589190577455e-10,2.4530752526647546e-09,1.2973135801991553e-09,-8.477472444506777e-10,1.561949017837336e-09,2.416501402006701e-09,2.3838635911119902e-09,1.7308843734367108e-09,1.1096073709214748e-09,2.009572831458468e-09,4.464590000159666e-10,-1.3675299866872096e-09,6.991624079226151e-10,6.091481557250847e-10,1.420177904721252e-09,5.336832535076222e-10,-1.5743692531891589e-09,1.4703108803682458e-09,9.255022771345975e-10,-3.1048538844665907e-11,5.393518090597986e-10,1.7664011563050612e-09,2.398145702950764e-09,7.797477241263975e-10,-2.0620594196639857e-09,-5.096047650838158e-10,8.597436585079018e-10,2.4073224355465117e-09,-1.8619785089191328e-09,-1.108250219245876e-09,3.9144001889192253e-10,-5.549526817973806e-10,2.0113249495805354e-09,3.041845487320672e-09,8.374110466599107e-10,2.2438241159989067e-09,7.841259184824648e-10,-2.8109664947000425e-09,9.996668591698754e-10,1.6097325528261632e-09,3.354673171863257e-10,4.669689740582729e-10,2.9574603910942066e-09,-3.4480765940535514e-11,7.330410376194747e-10,-2.0907981595480036e-09,-8.003056938400426e-10,1.1919206896373875e-09,1.3512411800858573e-10,-3.628749447858048e-10,-3.6738803390896302e-09,5.188212032079375e-09,2.1034010554652314e-09,-5.60488325489029e-10,-3.407916957142569e-09,6.126184511644537e-10,2.726822446746571e-10,3.7727351287207697e-10,1.1167955754289427e-10,5.180417426362317e-09,-6.2059268132787015e-09,2.016318659706377e-09,-6.266670911703032e-10,-2.7849464012331823e-10,1.01904337606565e-09,-5.730676151756825e-10,7.486391454696131e-10,1.1920031185207972e-10,4.64475194916969e-10,-8.74636801843908e-10,-7.553106535890329e-10,-7.206686940534149e-10,9.201965034480265e-11,2.5394427946765486e-09,-3.986187360983262e-10,-6.38341705360735e-10,2.5087030357026427e-10,-1.8375341212295162e-09,4.422900754194713e-10,2.2702952187100665e-09,2.2771620201354433e-09,4.838557280313515e-10,-2.6541436708183594e-10,-2.2533980428472444e-10,2.0092679746312744e-10,5.077763772430267e-09,2.0445555569267141e-10,6.517059905825657e-10,-1.9081127707373454e-10,-2.5524921925765577e-10,-2.4190151473931555e-09,-3.0881256958819657e-10,-2.034844645288565e-09,-3.112937189655717e-09,-1.7420893223448436e-09,-1.824110547728251e-09,-2.263605481641315e-09,-2.3860211016337122e-09,-3.1993943409466552e-09,-2.1882463242905258e-09,-8.393366181830888e-10,-5.339918850931725e-10,8.178694080948275e-10,2.7013212105174335e-09
F8treat_p13,1.985600498271683e-11,-5.452528710574045e-10,-5.467486041182411e-09,-1.4029394428897695e-08,1.5665437647902342e-08,5.181914394241111e-09,-3.297168363851347e-10,-9.915424549745342e-10,3.317542864044544e-10,-9.755027962605965e-10,-3.061266999047772e-10,-1.003470825898996e-09,-1.6643074873482798e-08,1.050965740240183e-08,5.32796464261325e-09,9.264020493446616e-10,-2.3892080244707802e-09,8.818456488390309e-11,-8.562042375530157e-10,-7.298777260312877e-10,-5.489851567101389e-09,-1.8204584549873202e-08,1.0758682810331518e-08,-8.980810284904169e-11,1.154276122330811e-09,-5.21515016201703e-09,-6.051868720904872e-10,-2.524113347504059e-09,-2.965104844948853e-09,-5.867823295808938e-10,-1.972754501170605e-08,1.0770823292127748e-08,-3.1083125987354662e-09,-1.9732960544352264e-09,-1.235058367210807e-09,2.845622904242303e-09,-1.4332855402335043e-09,-2.3977951764162344e-09,3.4320272657212593e-10,-1.50538848847595e-08,8.690015690847146e-09,-2.6571365259831392e-09,-5.141747616950021e-09,-1.1865017646878604e-09,7.676505543628741e-10,3.4305030275270336e-11,-1.2632069634262513e-09,3.93867838240504e-09,2.436434230593025e-09,-7.496574505269196e-10,1.377175013978703e-09,1.1291531643907415e-09,-3.5376466333826733e-10,1.9665409983053464e-09,-8.505806989087098e-10,-1.9749856984259066e-09,-1.884042843367763e-09,1.886656346932555e-10,-3.605146264294098e-09,7.515080076243488e-10,-1.9864656040599892e-10,-6.648984732293849e-10,-4.26451131284983e-09,1.959608271244906e-09,1.8590673885007635e-09,-1.871743330533567e-09,4.901501280144224e-09,6.227323729433555e-10,-8.347622550406631e-10,8.376108407037366e-10,6.228586394601579e-10,-2.17172754865186e-09,-2.97360606661684e-09,2.462364553454132e-09,1.1089875103793827e-09,-2.864956449233897e-09,-4.3384374036569855e-10,4.429849201666874e-09,-3.777870665223104e-10,6.397283109203467e-09,-2.2078693054201604e-09,-8.290028612255182e-10,3.8194784499279983e-10,1.1443196824162225e-09,-9.998553822363235e-10,-1.6218345493503207e-09,3.1513714794611853e-09,-9.430910092959364e-10,-2.6184055514871335e-09,2.7656154353787836e-09,1.0657311707953052e-09,-4.628156097301628e-10,3.1779588925403493e-09,6.112168800890886e-10,-1.7173400537017943e-09,-1.814543397862293e-10,3.6832486802501626e-09,-3.5151529278950274e-09,-2.31706581903953e-09,2.588427452625137e-09,1.1752902631149904e-09,-1.6031110688714869e-09,2.259946561738804e-09,-3.2501720893133653e-10,6.6288344743328e-10,-1.0015378937727093e-09,1.9467770358171328e-10,-1.235498977141795e-09,4.751873239553717e-10,2.6294739495253832e-09,-1.1218824248945103e-09,-2.2618151796583206e-09,-3.9329066474346536e-09,-5.772018122411127e-09,6.584005674349516e-10,7.404978135267069e-10,3.62630534112947e-11,-5.879935944170493e-10,-6.751214331421657e-10,-1.2497978625077469e-09,-4.936377615238573e-10,-1.9385070431205668e-09,-4.998571669724518e-09,2.418811653823711e-09,-4.359878713853248e-10,-9.874938897397072e-10,7.35035600513489e-10,-8.546473059954713e-10,7.624258467996121e-10,-1.933553145256965e-10,5.581880024979451e-10,2.211706523276937e-08,-7.42874275140431e-09,-4.5536016484865186e-09,-3.5731868373074813e-09,-2.841630710617635e-09,-4.054104957857617e-09,-1.99746587489952e-09,8.731471634800792e-10,3.2562267901475355e-09,7.332225748248216e-10,-2.592625729558662e-10,2.091881323795928e-09,3.72569390908215e-10,-1.2269488540600174e-10,3.0398029668001726e-09,-2.3734562379770954e-10,-2.2752298780013538e-10,3.55696265995165e-11,-2.9728010335824606e-11,-3.2309600877780276e-10,1.36627563549717e-09,2.231621788444252e-09,2.7671922234304e-09,3.8256958692298964e-10,4.03020093642447e-09,1.015932052581402e-09,2.0445555569266288e-10,3.6655927849273684e-09,1.209789180791192e-09,3.7511867357325684e-10,1.1130678301373409e-12,-8.053146945368668e-10,-1.2382705360237434e-09,-2.0382656264557486e-09,-4.809484087298886e-09,-2.434800870442194e-09,2.837530122041322e-10,-3.0651554547853358e-09,-2.0061365659239597e-09,-1.3355905095815472e-10,-2.4586796168779797e-09,-1.571228754552809e-10,4.357433393595695e-10,-3.2824016905755335e-10,-1.056214578874297e-09
F8treat_p14,2.4626205474320176e-12,-7.318835374381014e-10,-3.085622054638907e-09,-1.1903642757690505e-08,1.1867059607705552e-08,5.3839959152672676e-09,-1.373375555524235e-09,6.588532345093518e-10,1.6400895507202087e-09,2.9599494052227797e-10,-1.9246359509939197e-10,1.7294824836826608e-09,-1.4116615090642497e-08,5.335172805756059e-09,8.172156504951767e-09,-1.9044832887536324e-09,7.555590068188492e-10,6.153649322599791e-10,7.384480750206295e-11,-1.7533744190192988e-09,-2.348366161450987e-09,-1.4956516868498655e-08,8.187368220065334e-09,1.2164224961596895e-09,-1.147106085437955e-09,3.436391665489517e-10,1.4636569358540743e-09,-1.8239630950156846e-09,-3.2312822462364965e-09,3.4263695799242983e-09,-1.475998254566591e-08,6.2934627144495e-09,1.3729612547100284e-09,-1.7301932499997562e-09,2.361749252434009e-09,3.6108820142158723e-09,-1.3847023722125243e-09,-2.6377926674368853e-09,2.892181013210586e-09,-1.2614190904362398e-08,7.480833465253237e-09,-1.5651850786446433e-09,-4.886548603524535e-09,1.4560597093642048e-09,1.7850546247285888e-09,-3.2003455799090074e-10,-2.430101373708488e-09,4.555473761857034e-09,1.7676200837479461e-09,8.469265589880382e-10,1.0470638208992545e-09,-6.676797876601434e-10,-1.235734152581177e-09,-4.286664700988865e-10,5.229505872535089e-10,-1.4753000505035159e-09,-2.020481454775897e-09,-3.654624795334618e-11,-3.42069706064936e-09,-9.358635204145315e-10,3.547360412956128e-10,-3.9887893276585184e-10,-2.6647736371824733e-09,5.661373050077643e-10,-1.3215702999668753e-09,-1.6199386403039401e-09,3.6926205101667137e-09,1.756902237364883e-09,-3.185148599111799e-11,-5.750771075067757e-10,2.4734619711956676e-10,-1.3748510819844778e-09,-4.286139265141802e-09,1.8238341788635774e-09,1.7097193728477523e-09,-1.2667238043614457e-10,-3.5872457662088e-09,1.502048200613138e-09,-3.865389686390378e-10,4.912361724299037e-09,5.597389191231701e-10,-8.503431185208006e-10,-6.794702880348471e-10,-5.924810881441342e-10,-1.4683464967740414e-09,-2.167700763380318e-09,2.983576715158681e-09,4.1695193259377635e-10,-2.841414376779622e-09,3.0878912808218666e-11,-8.496086741122688e-10,-3.818928643951092e-10,2.060232990025037e-09,2.2628557990462087e-09,1.3579283124190384e-10,4.914231004127284e-10,5.989080529289735e-10,-2.758957516380762e-09,-1.5483610064309874e-09,2.927700581554621e-09,2.3117860189483647e-09,3.4127431849883817e-10,5.494385323537336e-10,-1.2902457757928872e-09,1.2508909018990277e-09,-1.566234722338325e-09,2.067302815787241e-09,-9.401845193395825e-10,1.4520044392983075e-09,-1.1456701995970835e-10,-1.3095367246696991e-09,-1.8174888667772268e-09,-2.127920023962957e-09,-7.112138025201226e-09,-1.919210351406262e-09,1.5013814276454804e-09,6.478671933164587e-10,2.2088667199324565e-09,1.0178640935574253e-09,-1.2952678375828909e-09,-6.865301914897144e-10,-2.0892043223514933e-09,-3.648481478909137e-09,1.2643862740902344e-09,1.3360668796224307e-10,1.7938589152704154e-10,2.7979796341633622e-09,-1.3547692156202877e-11,1.1140477843745206e-09,3.1769242431977796e-10,-2.966383808500102e-10,1.8852864735836215e-08,-5.349860270549758e-09,-4.566664129048767e-09,-1.66541886580386e-09,-4.018907500812729e-09,-4.262451617578255e-09,-3.8406536888638577e-10,-3.7745877645705526e-10,3.098721169208266e-09,7.302874130312023e-10,-4.316235769075168e-10,1.5072936509833076e-09,-3.6375806097253055e-10,1.025840133967556e-10,9.97814579237273e-10,1.006641955638615e-09,1.154248214356672e-09,-1.5276113187819744e-09,2.757981402140369e-11,-9.083061973949579e-10,-1.1145987564422502e-09,1.9180187975907074e-09,3.5153984490315113e-09,-2.8602430301721137e-10,1.0801806756249197e-09,1.690112871171984e-10,6.517059905825169e-10,1.2097891807911954e-09,4.093763849953192e-09,1.1627913032366052e-09,-1.212738379408792e-10,-8.071030654493977e-10,-1.4823710810814747e-09,-8.160285828009515e-10,-4.10852111519697e-09,-2.7620246073320117e-09,-5.698672835479843e-10,-1.6377125738792455e-09,-9.948813827014624e-10,-3.748832965114926e-10,-1.1255978858872049e-09,-2.4420814549828797e-09,-8.345129518275562e-10,-3.956625685217248e-10,-9.165645126293045e-10
F8treat_p15,4.1931531286280975e-10,-4.1378502863002467e-10,-8.197986825334743e-09,-8.931855890581183e-09,1.9060031831398516e-08,4.3336741906488105e-09,6.599298011421293e-10,-1.8561604401785128e-09,-8.035854435719811e-10,5.188244377159862e-10,1.6543966641965018e-10,-3.6394531139072657e-09,-1.1872590459860098e-08,1.0647368095191368e-08,3.2450403100180794e-09,2.9487542613539107e-09,-1.2865073068349309e-09,-1.4045294177591198e-09,4.28739526772701e-10,-6.795324543140116e-10,-6.271714143900707e-09,-1.0668591182660671e-08,1.3649619769144459e-08,-1.6356512714667737e-09,3.0384585863124325e-09,-2.830414665534282e-09,-1.4140402322323613e-09,-1.1869805342970278e-09,-3.155535130198501e-09,-3.798453557859142e-09,-1.5157558051656493e-08,1.0595677352580188e-08,-2.8752286626804705e-09,5.124838975356485e-10,-9.974707899538709e-12,6.636771309550082e-10,-3.006988305179449e-10,-3.1365040280519566e-09,-1.980962588634091e-09,-8.741369950473546e-09,7.393060490353442e-09,-3.7055085410249633e-09,-9.57021858265384e-10,-8.485474054219658e-10,9.684753606761196e-10,2.1878761833231704e-09,-1.2384891600415256e-09,2.015223387595719e-09,3.426551897695047e-09,-2.0446240275525606e-09,-1.5347517590558375e-10,-1.194987589101451e-09,-1.5118323822450666e-09,5.921954608145864e-10,-2.5820947696080046e-09,1.37913460898441e-09,1.1917771129867566e-09,-3.813304354213308e-10,-2.189214052489023e-09,-1.4590960613811392e-09,-6.683075794299538e-11,2.480310681416923e-09,-2.8068906465129434e-09,7.623566929823646e-10,-6.2511694835428e-10,-6.877566726871809e-10,2.765280010681468e-09,-1.22017141940918e-09,4.781589220516141e-10,2.690121244609565e-09,-4.119139522036149e-10,-1.0862282235522874e-09,-5.331297260103401e-09,1.2169024131287252e-09,2.174147235977657e-09,-2.687281753456022e-09,-1.2671996038434192e-09,1.267119293079093e-09,1.1493299591508931e-10,4.604376228959963e-09,-3.438963254193975e-09,2.870393195823111e-09,1.7067310026068498e-09,-1.4812574963889533e-09,1.963930406439985e-09,-2.342227952348082e-09,3.1682503160971963e-09,1.7190325210013407e-09,-2.1613574030212628e-09,2.2182780072439036e-09,-2.0827764086146313e-09,-4.317827130322996e-10,2.442649116678675e-09,-5.092131916295227e-10,1.8259720096706201e-09,2.9042051358779436e-09,1.5832935696476171e-09,4.437864760749058e-10,-4.2756890218301374e-09,3.39034473588117e-09,3.851185073133604e-09,-1.9656490121392877e-09,1.0104030939633082e-09,-2.5883276304096458e-09,1.2629276095948653e-09,-7.957471407724054e-10,6.198676413945023e-10,1.310841629401558e-09,2.5828057179900223e-09,-5.948439609338983e-12,6.592652167812499e-11,-2.8999608112330517e-09,-3.456086429380066e-09,-3.632814241600372e-09,-2.453437536047861e-09,2.7603205747230836e-10,7.346539257600226e-10,-1.8947009348636622e-09,7.602538425830955e-11,-2.0586464886731445e-10,-5.869905899663982e-10,-2.8619161445165142e-09,-3.4599029727671998e-09,1.3238907565535192e-10,-5.262139197666664e-10,2.181574658970861e-09,-1.7846106267214455e-09,-1.1383617022671085e-10,-6.975349803538944e-10,2.908867692137865e-10,4.3047769199900406e-10,1.8964646140501697e-08,-4.2958581335971875e-09,-1.1224320046726236e-09,-3.4632048946618785e-09,-1.0473102029732393e-09,-2.412195680274784e-09,2.8090881192514597e-10,-6.69455377625402e-10,2.765648720073826e-09,1.4238219927313577e-09,-1.632362528043848e-10,1.3923401194312537e-09,-1.1448735452358986e-09,-3.9524827649053534e-10,2.179764057999111e-09,-1.259254805781205e-09,3.0987354163163148e-09,1.77858886916349e-09,-4.214751528822014e-11,-4.361750091303907e-10,-1.9199743898278137e-10,1.7168986422017743e-09,3.1728797774072054e-09,-7.617450979866011e-10,1.905423716970964e-09,1.120636669833746e-09,-1.9081127707372944e-10,3.751186735732531e-10,1.1627913032365876e-09,4.113627786796706e-09,1.2080941836266765e-09,-5.118375241884162e-10,-2.040944448834698e-09,-8.710752746167644e-10,-4.243262925239664e-09,-4.57351317017936e-09,-8.470118522572045e-10,-3.2306599440408483e-09,-1.7967803291492535e-09,-1.0534456484706075e-09,-2.046251222559569e-09,6.116647859225649e-11,-2.807985453457318e-09,-2.716917394994185e-09,-1.205451650706292e-09
F8treat_p16,-3.9841405423908694e-10,-1.440850680366281e-10,-3.730918550798545e-09,-6.497718981797626e-09,1.0786727772803089e-08,1.1941341681134437e-09,1.0076096166511417e-09,-1.4589534032086787e-09,-3.645308199270439e-10,-7.182903356246842e-10,1.0235769691088113e-10,-3.032130019323193e-10,-1.0568263195469089e-08,7.743141420250156e-09,2.1152136374449134e-09,4.529818081980278e-09,-1.6563556127758851e-09,-1.8045475489541593e-09,-5.586426654976341e-10,-7.552787408914542e-11,-2.2856602874723002e-09,-9.102910824857625e-09,8.669921115497477e-09,-1.4566716869726062e-09,4.0388356014187e-09,-3.775494396535838e-09,-1.9561115381172426e-09,-1.7024706778646257e-09,-2.4272208870677885e-09,-2.5205725460400015e-09,-1.286907521486119e-08,6.713269156279957e-09,-1.9410360617853796e-09,1.6031575868075373e-09,1.5683804280020744e-09,3.581274461992397e-10,6.325572161333289e-11,-3.1721353792930785e-09,-1.070158816559107e-09,-4.423550477796823e-09,3.005609118350789e-09,-2.390533214421801e-09,-2.1528947437672812e-10,-2.284838137877634e-09,5.271474301887923e-10,4.892891119015782e-09,-6.913349823052331e-10,1.0956471055735228e-09,1.9698447228330024e-09,-1.2141257184036175e-09,1.0078273101301644e-10,-2.3483120708708512e-09,-1.9500513523651215e-09,-7.232880318014517e-10,-2.3778624540561246e-09,-2.110268396009331e-09,1.8580699901721627e-09,3.126573156734339e-10,1.2085266381486539e-09,-6.790235300365704e-10,-9.103051224167145e-10,2.7437314352102804e-09,-9.744968486295428e-10,8.690621670295412e-10,-1.878345513946069e-09,-2.699564842327046e-09,2.2504883152958484e-09,-1.4742826857343764e-09,-2.401450944123827e-10,2.5872671529026246e-09,-7.331071252800934e-10,4.055051231294018e-09,-2.822645874737138e-09,1.3726993689229187e-09,1.2238970488189997e-09,-1.2102215351579128e-09,2.1488817112719334e-10,-1.2660048018236291e-09,1.9763321874490168e-10,2.2554096867278367e-09,-3.5075480395705865e-09,5.187659399345743e-10,2.4204518324996632e-09,-1.1258764321369056e-09,3.1415922198765653e-09,-4.2542844730331326e-10,3.6295261038622456e-09,8.333934539585087e-10,2.6855308970908695e-12,8.036067413148666e-10,-2.843871163572518e-09,-1.999693212711859e-09,3.0431158727781694e-09,-6.204121179401686e-10,-6.907695782786521e-10,3.754163670395246e-09,9.534318106440998e-10,3.752858286407894e-09,-1.4935345250872877e-09,3.024661238911764e-09,1.6982955378085198e-09,4.3360228033339867e-10,6.72010060606161e-10,-4.2444715523151425e-09,9.555718592197264e-10,-1.739559224328081e-09,-3.287734935110567e-10,-1.0419545954189362e-09,3.08065425029905e-09,8.894134139660315e-11,-1.7773192847931965e-10,-1.7465639655613442e-09,-1.5671243180622342e-09,-5.5515812655771125e-09,-9.989856340137633e-10,-2.581207396450088e-10,1.0373354743350885e-09,-3.196038465704335e-09,-1.2117413910856288e-10,-1.0959364400994506e-09,-6.943006020775109e-11,-1.103087792873696e-09,-3.874307064602806e-09,-2.5759460386337372e-09,3.9799465805902975e-10,1.5391113523243656e-09,-1.686196290627034e-09,-7.701500163402956e-10,-5.334461508003849e-10,6.446852058123032e-10,-1.0987891448624952e-09,1.2820834595680534e-08,-7.524914209902573e-10,-4.0173916034609183e-10,-3.1730083719977727e-09,-3.075314737599909e-10,-1.0980722020075657e-09,2.8319101672255735e-09,-1.5834116723397842e-09,1.7088929202323067e-09,8.354685944225673e-11,-2.2457804101620267e-10,8.599201989113436e-10,-1.710071912740773e-09,-5.384985620855022e-10,1.217779410571471e-09,-1.65692382313826e-09,-4.977160126125047e-10,2.9035676126450838e-09,5.838400316815016e-10,1.3074061573616659e-09,-6.94519008342909e-10,6.579878876669153e-10,1.3346927577781523e-09,5.740895839753992e-10,1.8069578995406204e-09,-2.20130329155273e-09,-2.5524921925765985e-10,1.1130678301288342e-12,-1.2127383794091453e-10,1.2080941836266507e-09,3.8298607235324146e-09,1.7054547498778608e-10,-3.5977569691488834e-09,-3.1131552450529754e-10,-2.150989368679548e-09,-2.71006336665732e-09,-8.773756044972542e-10,-1.483485431266258e-09,5.772395490757545e-10,1.7640216662089793e-10,-1.0294712123995153e-09,5.826995161872145e-10,-6.052793380220848e-11,-3.0386556939951272e-09,-5.227647031535788e-10
F8treat_p17,2.716776518079218e-10,4.180036572678377e-10,1.1843124230851172e-09,3.939503566836695e-09,-8.293299634518768e-09,-1.6174832341484998e-09,-4.4302431636082934e-10,5.667973478767181e-10,2.485077160459868e-09,2.2380592672565654e-10,-8.906589636832097e-10,-3.182487047533051e-10,4.6977929863661894e-09,-6.439321011975135e-09,1.3374179154834982e-10,-8.255946698475351e-10,2.174961808730018e-09,1.961168379358898e-09,7.341375647740922e-10,5.650699834980465e-10,1.5148622654846843e-09,5.564428846262552e-09,-6.628664837683973e-09,1.5270678759916712e-09,5.619130274901997e-11,1.9253798453443663e-09,5.804380110485405e-10,6.886948950836473e-10,1.980575484664696e-09,5.152519413958113e-10,6.479040531526707e-09,-8.735606126383849e-09,-6.324837299174061e-11,6.349225938826174e-10,-1.0550900487894733e-10,1.3686818750710875e-09,5.458975716970509e-10,1.8864673555518956e-09,-8.10195259634788e-10,3.1978572750852905e-09,-7.892558700459512e-09,2.4787115538234497e-09,9.372559996613253e-10,4.747997023804839e-11,1.51194659301722e-09,-8.452374861733473e-10,-8.486779131723099e-10,-1.718542056044169e-09,-2.2187214785389554e-09,-3.6163471541843457e-10,1.1893598021455399e-09,3.6619882022223593e-10,-1.077227958493295e-09,-7.293850714355322e-10,1.8027408577123858e-10,-9.224332512545216e-10,3.2973977224021887e-10,6.775866678570187e-10,1.1657291181025952e-09,-5.127358821984399e-10,-1.1052008282009715e-09,-1.9588172891872134e-09,1.6596323448327304e-09,9.382290986624383e-10,-9.279949162252139e-10,-9.726529177873985e-11,-2.072393520584844e-09,-2.0951483797747225e-10,-5.727835095445529e-10,-4.761364514103043e-10,8.839848160147923e-10,-6.715868025242779e-10,-5.06220276245924e-10,-2.058219244658062e-09,-1.1106895848557828e-09,6.513288086484337e-10,-6.464048648680741e-10,-1.710145744826339e-09,-2.2467717484448076e-09,-2.208731794153202e-09,2.2132136361503953e-10,-1.134348651368205e-09,-5.001436150025568e-11,1.725477283321035e-09,-3.6528422381982436e-10,-7.833821779125554e-10,-2.1737402153198143e-09,-1.1186396145321762e-09,4.91835169016094e-10,-6.432609444424049e-10,9.94772645100397e-10,-4.100510360403531e-11,-7.286959713537781e-10,1.1116903855401143e-10,-1.2022918317989165e-09,-3.997627154493298e-10,5.572084912587544e-10,-1.4007479317954938e-09,9.693977205962262e-10,-2.676231376390274e-09,-7.953621263258548e-11,4.388564116004447e-10,3.4788217977432635e-10,2.1438640883882997e-09,-2.4876089379545102e-09,-1.7186266744177805e-09,6.286446414615316e-10,-1.0186257448841583e-09,-4.677000056559356e-10,1.0566342421650201e-09,-2.0331625473430596e-10,2.2195631626844112e-10,-3.0561103779514757e-10,7.570479518976046e-10,-4.025117682730266e-09,-1.9653407044968776e-09,-1.0448442972941512e-09,1.3991594281214837e-09,9.751410308715566e-10,-4.305363293721644e-10,2.616011491716109e-10,-8.038815106455805e-10,1.1631364947710943e-09,-3.5490107516589795e-09,-1.851972249618659e-09,-5.775776961133466e-10,1.4780503531480312e-09,-3.3507288398810287e-10,-1.3374218837350076e-10,-8.98521803590282e-10,3.8404379412464697e-10,-7.639275547270786e-09,5.243741845251476e-09,5.939700544772959e-10,1.880931841905767e-09,1.0832729875883911e-09,5.128869098037073e-10,9.310424907923309e-10,-1.1290803931710472e-09,-1.1450221874528847e-09,-2.568555676276705e-10,3.10558912356205e-10,9.886900441472392e-10,5.977322097130259e-10,2.0742823280770228e-10,-1.758558925213866e-09,9.100185358128857e-10,7.854500133639779e-11,-8.64709595143652e-10,1.7946774041717606e-09,-1.901009991553828e-10,-1.6509500166125972e-09,-1.5041536022160364e-09,-9.668265260676106e-10,3.749161042945079e-10,4.2289430549306657e-10,-4.743849666562834e-10,-2.4190151473931427e-09,-8.053146945368884e-10,-8.071030654493531e-10,-5.118375241884217e-10,1.7054547498787457e-10,2.590003138027126e-09,9.728073247266644e-10,1.7391235084494297e-09,3.0820139360109086e-09,2.2542761227116956e-09,1.3853760272040453e-09,1.4095600957431127e-09,1.4648915595272584e-09,2.2397340251387154e-09,2.0010280539661353e-09,3.078156856743565e-10,8.308919701088583e-10,2.228669442847751e-10,-1.3984287260570784e-09
window_p5,2.0590525585518037e-09,1.1262649562122882e-09,8.357453037596602e-09,2.2290904948091032e-08,-2.659807917743242e-08,-4.7078557487416046e-09,2.2860340278563174e-09,1.4126318606846603e-10,5.804512782780843e-10,2.645734531032453e-09,-1.8243306348848437e-09,-1.2614712992085027e-09,2.9245238242292264e-08,-1.834401959041944e-08,-5.692344848082643e-09,-5.899247597061624e-09,3.526477994491758e-09,6.497646103239756e-10,3.2255634259385254e-09,7.437395191585948e-10,5.4700670619196555e-09,2.4693084654990096e-08,-1.7029644123231925e-08,3.144178587146342e-09,-5.568664501059909e-09,7.177578114377878e-09,2.0281089110178125e-09,5.238172107432864e-09,6.229739092768122e-09,2.368154844494301e-09,3.277771551291009e-08,-1.7161557386713887e-08,5.195195315651403e-09,6.631294618133489e-10,-3.617945110241207e-09,-4.263536985601153e-09,2.2884285424167726e-09,6.854364847065391e-09,-1.1262691265132568e-09,1.641751593477802e-08,-1.3016957323491942e-08,1.1204330800128484e-08,4.7469991262015e-09,3.2982585579910495e-09,-1.8262245585713703e-09,-9.339658603057389e-09,1.8060628102419123e-09,-6.2016177526061074e-09,-5.387074995295034e-09,2.048429550228008e-09,-2.4259572478427e-10,5.022672247081886e-09,2.4592455917216103e-09,1.3874197243459188e-09,2.9565880776255683e-09,3.314683173363148e-09,-7.333365515536764e-10,-9.450945126885896e-10,-3.0245749010123917e-09,2.30813459303811e-09,7.218589173754164e-10,-5.923504200547798e-09,5.020882085954529e-09,-1.2659957629057712e-09,2.225904764370622e-09,5.156715895203936e-09,-5.898169921115445e-09,1.08822656421627e-09,1.1853671775759806e-09,-3.6504716576606365e-09,5.957967625288213e-10,-6.819403941298423e-09,7.250438082118268e-09,-5.289537007869466e-09,-3.875694564777724e-09,5.576159908275288e-09,6.440677507775188e-10,7.688781090343181e-10,2.47945811337903e-10,-6.617752815494831e-09,6.685990991518387e-09,-3.4120642638437397e-10,-4.040189233697123e-09,1.7408305938277756e-09,-7.331196806427567e-09,-4.808250653873431e-10,-8.14306207755435e-09,-1.9329967877726795e-09,3.911794310850295e-09,-3.3092563066991e-09,3.8627173263647744e-09,4.0603627836534795e-09,-5.795580581892386e-09,-6.606690325528568e-10,2.0310654193633637e-09,-5.28238268646838e-09,-2.0378869167240933e-09,-6.517126940295311e-09,4.767379229592381e-09,-7.10986350208121e-09,-3.1175401130156576e-09,-1.3153414193467166e-10,-1.2556346764327008e-09,1.0409816669764614e-08,-3.2237893927979745e-09,3.971712474143338e-09,-3.354607169497575e-10,-2.732793787714757e-10,-3.89536774963023e-09,-3.1410035648171877e-10,1.4407559285623071e-09,3.7238082056947378e-09,2.7407504538299213e-09,1.0192237876181142e-08,2.363392947516879e-09,-2.2179328760165434e-09,-1.1021171680841533e-09,4.284508984508703e-09,-2.166846615716418e-09,1.9549488128073766e-09,-6.167548776772018e-10,1.4472083564227759e-10,1.2916241072159655e-08,2.2553730799566217e-09,-7.663626250468907e-10,2.689089523243165e-10,-4.5182813225638077e-10,-6.426243123821156e-10,-8.035483736375254e-10,-6.596679520320565e-10,1.904813230188919e-09,-3.632528713495559e-08,6.421515053123343e-09,1.99997260496409e-09,5.763076772170267e-09,4.000691116879237e-09,6.454363683337859e-09,-5.88021887286044e-09,3.3637456828969162e-09,-4.291622316175314e-09,-5.15296836275622e-10,2.892249646944506e-09,-2.743917838361267e-09,3.5365799105858155e-09,7.10930866047561e-10,-2.5048676695486295e-09,1.8754366491003018e-09,-2.937493015805759e-11,-4.14543623579065e-09,2.1970325777903848e-10,-4.001159808761573e-09,2.3307391162452895e-10,-5.94878500369616e-09,-4.343315188126812e-09,-2.8230398264831437e-10,-5.289695411703291e-09,3.2681664542540923e-09,-3.088125695881526e-10,-1.2382705360237453e-09,-1.4823710810814507e-09,-2.0409444488346907e-09,-3.5977569691488975e-09,9.72807324726665e-10,1.051474357700905e-08,3.3264206876578577e-09,9.888373312393267e-09,8.12465514227155e-09,2.049962882700566e-09,5.822943147974609e-09,1.5421676904523796e-09,1.848406222939151e-09,3.349424331177281e-09,5.151157448428301e-10,5.284528095709825e-10,4.14181369537604e-09,5.206980111057574e-11
window_p6,7.226751985394113e-10,1.3201699657081387e-09,5.3854005992750715e-09,1.4334056340136373e-08,-1.604342502870529e-08,-2.718729591442821e-09,5.139538371989523e-10,9.369835103631506e-11,1.3244708527354515e-09,1.2044065834586045e-09,-1.0220344258865194e-09,-7.352490348153696e-10,1.6795445765777155e-08,-1.2529083322043373e-08,-5.920883405547961e-10,-9.770398079071069e-10,3.869675655594021e-09,6.271384996318332e-10,9.010938959828643e-10,9.881143187561313e-10,3.847044838186027e-09,1.5907275163906387e-08,-8.647093153679149e-09,5.624394590499871e-09,3.930832564562279e-10,6.396988002335655e-09,1.731502889768909e-09,2.6093275499115613e-09,4.378336829439622e-09,5.965038602590907e-10,1.7910611124655737e-08,-1.0902620924271195e-08,5.634679489584046e-09,2.704282221852616e-09,3.8629936240027123e-10,-1.7713624533537024e-09,1.563600664995089e-09,3.278160441088218e-09,-7.989534193951837e-10,8.813104886154394e-09,-8.60943388738341e-09,8.526581233784145e-09,4.373317841698217e-09,1.964451431624341e-09,2.6041736404182724e-10,-7.900976056397527e-10,-2.4752489793924666e-09,-4.325123130309853e-09,-4.0435356713242726e-09,6.798293531260001e-10,-5.646995437548851e-10,-3.79731698811597e-10,-1.63629669040649e-09,-1.272481440967287e-09,1.1256846663835528e-09,5.183270361238501e-10,9.8066694253216e-11,-1.7298998226116076e-10,2.980302631496668e-09,-5.318330139236946e-10,1.148914071779422e-09,-1.4264266731070249e-09,3.8226627773207695e-09,-2.012960973344635e-09,-3.829979290183782e-09,1.5139054140353086e-09,-4.2532989124551036e-09,-8.253528956588743e-10,1.433010454808065e-10,-1.920663609456588e-09,3.081637257628638e-10,2.6597064467414008e-09,1.0816704230603173e-09,-4.869755680377507e-09,-1.43324712353137e-09,4.2828664788391895e-09,3.1073888073685236e-10,-4.284306539001428e-09,-1.164904947598133e-09,-5.369818726784425e-09,2.6353293628189557e-09,-9.300736388044909e-10,-2.9927294296507226e-09,3.16213138146609e-10,-2.476020035968909e-10,-7.72003558078229e-10,-3.617226535021788e-09,1.4307728316686144e-09,3.552749696817994e-09,-3.778640463309359e-09,-8.343716044431887e-10,1.8563877146445246e-09,-3.798910643411146e-09,-1.2864752056396554e-09,-4.4691885108942627e-10,-2.6087087024166373e-09,-1.5391493958973668e-09,4.308362772185408e-09,8.229094139548239e-10,-4.105771094990186e-09,-1.6261234323298118e-09,1.77481403887892e-09,-2.1745467065057452e-09,1.259182172406964e-09,-2.5832760475218485e-09,2.896378773663961e-10,3.174283275190523e-10,-9.965356991075931e-10,-1.6738158625676289e-09,-5.06638578458985e-11,7.055342806660841e-11,1.77655186025778e-09,3.182186988588051e-09,1.228473545327648e-09,7.331619552732785e-10,-2.926951382395061e-09,-1.1552814783513061e-09,1.572920157832493e-09,1.1604897031471547e-09,6.302549881786255e-11,-1.416531066197658e-10,4.573508061766117e-10,6.020834005523383e-09,-2.6627077232668505e-09,-1.3369557049773993e-09,9.92457550786041e-10,1.0096523252991208e-09,9.63052786423522e-10,-7.477357554630605e-10,-6.505356168329526e-10,-9.09640626570446e-10,-2.177358142340466e-08,7.691299260310357e-09,2.1362238791565452e-09,3.9162121267916884e-09,3.4901260920614193e-09,3.490365942664085e-09,4.027279671878887e-10,-1.248417020434419e-09,-1.977951864461076e-09,6.330836376172541e-11,2.098148256636767e-09,-1.7654551633172817e-09,3.204279464275294e-10,6.191431151901128e-10,-3.017854722953314e-09,8.900612359095418e-10,2.0774399796238152e-10,-1.4419058767164376e-09,1.2457540715476046e-09,-1.5374499923816596e-09,-3.203151953916375e-09,-4.6017376408924325e-09,-1.8984858984748804e-09,-1.297968184488316e-10,-4.6166960620302054e-09,-6.435097253230357e-10,-2.0348446452885494e-09,-2.0382656264557536e-09,-8.160285828009875e-10,-8.710752746167335e-10,-3.113155245053127e-10,1.739123508449425e-09,3.3264206876580074e-09,5.716210974739918e-09,7.75589886438948e-09,4.614087590374671e-09,1.5981687552834128e-09,5.646615574495679e-09,3.966974162227948e-09,2.6161355252726373e-09,3.3516480095613438e-09,2.562910640889743e-10,5.649643539461081e-10,1.1478554648051203e-09,-1.0667870958749e-09
window_p7,2.3932936145149096e-09,2.717016187680423e-09,2.0245287847650377e-08,4.2055681638592284e-08,-5.473830256029808e-08,-1.2797596105758774e-08,3.50840370817944e-09,1.5275422930364677e-09,5.081488442994915e-10,3.1368150738257034e-09,-3.049953721190133e-09,1.3238967933581658e-09,5.516430317234117e-08,-3.76880645870665e-08,-1.1245733100706769e-08,-4.512183123996976e-09,8.871376761412534e-09,1.4464457608419047e-09,3.8452652608880726e-09,2.443498590420339e-09,1.5443614667590836e-08,4.9554442179103426e-08,-3.6564997434357634e-08,9.963396601218719e-09,-5.5881316276473505e-09,1.4011052817195253e-08,2.5463003040392895e-09,9.268662708037918e-09,1.239084464072688e-08,3.864383112879693e-09,5.958436381805681e-08,-3.317841806560524e-08,1.2685052452471363e-08,4.322059617364072e-09,-1.273595797881315e-09,-8.348529687459333e-09,5.042508425778505e-09,1.127389907668865e-08,-7.152215521274601e-10,3.6336141340202965e-08,-2.8009452066361486e-08,1.9212604200137065e-08,1.1805634675488734e-08,3.642423906031968e-09,-3.306492116424297e-09,-7.35200057684053e-09,2.437906565344383e-09,-1.3917254363298732e-08,-1.1823090396270789e-08,3.359881658831956e-09,-1.4653099145606665e-09,3.1252867690451572e-09,1.423004693332081e-09,-1.1566285935107052e-09,4.190455071702857e-09,2.8413328885996812e-09,2.3095454126027848e-09,-6.489696913391191e-10,6.193090199817332e-09,3.6765833285474596e-09,-6.156046590616111e-10,-5.674995612860417e-09,1.2590861394869148e-08,-4.611407028950142e-09,-2.770603598148547e-09,4.942934543452986e-09,-1.4385343969326775e-08,-2.0408524958570477e-09,1.277166221955875e-09,-4.399616423603673e-09,-3.935636922504757e-10,1.8210123041129265e-09,1.3186587998982184e-08,-1.269885753908245e-08,-7.0080310147700234e-09,1.2084025940920454e-08,2.048846052910496e-09,-8.422622884983678e-09,-1.0629767958441768e-09,-1.7383194094429655e-08,8.855370713758773e-09,-2.7967659966642346e-09,-5.627791561959273e-09,1.86185721283482e-09,-5.901608997129655e-09,3.687940738247054e-09,-1.4335183877450072e-08,-1.1562959212923351e-09,1.0071508978844334e-08,-8.870885034918412e-09,1.0243755751345212e-09,3.491456570194926e-09,-1.0278998112792502e-08,-4.355114360419073e-09,5.08531560035782e-10,-6.178991617724975e-09,-6.539651889237408e-09,3.612056031655892e-09,8.028703954860533e-09,-1.4829826593153881e-08,-7.443990456459343e-09,4.166595459441205e-09,-5.9796679019171015e-09,9.819824185784559e-09,-7.459295533053657e-09,3.6839537068604054e-09,-2.495363360735433e-09,-1.0119391531318502e-09,-5.58991544040685e-09,-1.5506580520130326e-09,2.1652623230249937e-09,7.410056932325279e-09,1.1201109021226396e-08,1.344020204870007e-08,3.5849714438807535e-09,-4.916222816948014e-09,-2.167522124739505e-09,4.235297486094874e-09,3.793741871913044e-10,2.916780277602793e-09,1.623745914406899e-10,4.6649769413698005e-09,1.8850794679298105e-08,-5.582153015863826e-09,-5.012234423687343e-10,1.1032168828853445e-09,9.695692112356318e-10,1.4245876876872096e-09,-1.849528265670644e-09,-5.948254430922294e-10,-1.3205764944722716e-09,-7.14958703010335e-08,2.119225734799326e-08,6.543551530905003e-09,1.0337454486080406e-08,8.57000007734102e-09,1.104070829459371e-08,-3.578299922060376e-10,2.2354591278977557e-09,-9.956252424092672e-09,-2.0887187377147406e-09,5.215106536117062e-09,-5.630067600195957e-09,3.361614870800164e-09,4.121751844101979e-11,-9.341050212134688e-09,2.3712292420408442e-09,-1.966896020485214e-09,-2.7137057206779114e-09,1.5389321191653658e-09,-4.694510041497971e-10,-3.3041573311186855e-09,-1.2365153729417254e-08,-9.951528142492469e-09,1.1237883718072137e-09,-1.0715808961336068e-08,-3.64817283654094e-10,-3.1129371896556425e-09,-4.809484087298864e-09,-4.108521115197008e-09,-4.243262925239643e-09,-2.1509893686795746e-09,3.0820139360108776e-09,9.888373312393216e-09,7.755898864389548e-09,2.0966983593822234e-08,1.402005788015391e-08,2.075525721353889e-09,1.3241664105659395e-08,7.845883390504496e-09,5.44500689009198e-09,8.478347863743176e-09,2.263008641184029e-09,2.4461282907527196e-09,4.6818772901166855e-09,1.5528938593049253e-09
window_p8,1.883323194822885e-09,1.8110495220266051e-09,1.747028967322973e-08,3.1256859257589493e-08,-4.566259855491294e-08,-1.2227883587009737e-08,2.699827989512678e-09,2.6216858736222263e-09,1.1090453584726799e-09,1.9375096751515322e-09,-2.112553458194682e-09,3.969831814667703e-09,3.9117094743684964e-08,-2.9629525453890535e-08,-9.570617103706676e-09,-5.398385038617007e-09,6.109280417059877e-09,1.4757085289746095e-09,3.2906245052261488e-09,1.6596175956621856e-09,1.3835686278293014e-08,3.376801837134024e-08,-2.987770917272834e-08,2.7666833783161332e-09,-7.398023636769588e-09,9.632915109987253e-09,1.3898582384524752e-09,6.678682211086077e-09,9.426941025710952e-09,6.141467993862401e-09,4.2741422354172865e-08,-2.7295945735486898e-08,6.033626693554594e-09,1.6104615168571028e-09,-9.720629270703232e-10,-3.566894901516779e-09,3.57480496746771e-09,9.623293079688332e-09,2.4952628719762078e-09,2.716728697513835e-08,-2.235632498387965e-08,1.202478657172128e-08,5.560573564169139e-09,2.287105083628101e-09,-3.5904306492198808e-09,-7.359180502733648e-09,2.3582305725397645e-09,-8.694685357830938e-09,-9.941417587353477e-09,2.8821243372203806e-09,-2.234490560384128e-11,4.2690045917973055e-09,2.9385873057771736e-09,-2.783740679903113e-10,3.6668091249864928e-09,5.791137097125891e-10,2.3640289563859884e-10,-3.99775721972408e-10,2.6450344457266713e-09,3.6984263356189647e-09,-1.0783687852418847e-09,-7.660069674163825e-09,9.056203648339415e-09,-1.0502824678256146e-09,2.801088782087371e-10,3.8852120020576915e-09,-1.0132407062489758e-08,4.400752532290976e-10,1.2901033032928318e-09,-3.974230282005219e-09,-3.137373196197092e-10,-6.042301347533164e-10,1.0601984494549951e-08,-7.47528786428046e-09,-7.453819058636544e-09,8.91680119978334e-09,1.9488649743466673e-09,-3.4664334088628455e-09,-8.097511830743623e-10,-1.25278810039864e-08,7.988415217640126e-09,-2.9308107567049506e-09,-3.291512896450022e-09,2.339000862174977e-09,-6.955972375686627e-09,2.4138713777132944e-09,-1.0542931514636169e-08,-5.767188662545224e-09,6.579871269369391e-09,-6.308061973292019e-09,3.894642109647213e-09,2.3531431085743885e-09,-6.755172896046111e-09,-1.473685933873044e-09,-7.988728248650371e-10,-4.977767934807745e-09,-4.840416800803266e-09,-2.8141587299548997e-09,7.182375698023302e-09,-1.1286729501279379e-08,-8.752670308680036e-09,3.6610065369290864e-09,-3.259294024220404e-09,1.0816186821707281e-08,-6.05431708926468e-09,2.6679686653878637e-09,-1.9196867525668384e-09,-7.146748231201099e-10,-4.720820642306555e-09,-9.322557115638627e-10,2.4149695657852525e-09,6.738487421079085e-09,7.240374911313795e-09,1.1201933182550761e-08,3.68956713669753e-09,-2.9804987281301745e-09,-9.258715929532484e-10,6.3807315702641935e-09,-4.4198908098118363e-10,2.2423173429340133e-09,5.945428410737534e-10,4.322318801351165e-09,1.3327140809603439e-08,-2.7689460708024588e-09,-6.870826878541397e-10,-1.1958712755536664e-09,2.398866570122306e-09,-6.175474889042034e-10,-1.0219126093024228e-09,-8.651827010583308e-10,-1.5631826363617452e-10,-5.33477683433346e-08,1.4430108306335147e-08,4.224946102597266e-09,8.053074696942059e-09,4.133831349472498e-09,8.196219636655746e-09,-6.1788297185919e-10,2.6405679992481332e-09,-7.559125883973444e-09,-2.633201886320114e-09,2.5181379594153522e-09,-3.050400618997635e-09,4.231108916286513e-09,4.666724147820288e-10,-6.385803978914166e-09,2.115868946193375e-09,-3.734335750563015e-09,-3.3982180069833967e-09,8.111430090134594e-10,7.220658536320331e-10,-1.029424903748891e-09,-6.719354289329989e-09,-8.9701179822485e-09,9.892404752530004e-10,-6.1826877594457834e-09,-2.1887938093628628e-10,-1.7420893223447855e-09,-2.4348008704421767e-09,-2.762024607332032e-09,-4.573513170179374e-09,-2.71006336665731e-09,2.2542761227116733e-09,8.12465514227164e-09,4.614087590374505e-09,1.4020057880153963e-08,1.2730345858943959e-08,1.7804235323963196e-09,8.72567408555099e-09,4.800759966800076e-09,3.978178294751201e-09,6.267299147273192e-09,1.7015227527152485e-09,3.430450382757058e-09,5.080689797712124e-09,1.919188460136936e-09
window_p9,2.967899171530383e-10,1.0905875863432315e-10,2.301516466037865e-10,2.67225938541124e-09,-1.928312228072287e-09,2.4976469828135826e-09,2.7867767549977616e-10,-3.7069096174466347e-10,2.9887023159698042e-09,7.169202391622982e-10,-1.8611441270851301e-09,-1.8320631353557092e-09,3.0285306705372385e-09,-1.8006614629037929e-09,3.1306219721447403e-09,-1.8752117350378184e-09,1.2199272017374065e-09,1.2414687365695726e-09,2.3061579000952347e-10,-1.7078849002415526e-10,-1.5910845720990336e-09,2.3330245611182294e-09,-1.9005156990753538e-09,5.739996928605342e-09,1.2360447190329683e-09,1.3887332805397926e-09,8.218938070327594e-10,5.216111387749563e-10,1.0226204090767286e-09,-1.7070891310858747e-09,4.441134751123297e-09,-3.5816698529241344e-09,3.31452815105883e-09,-2.496509987960839e-10,-2.0539406974938366e-09,-5.116436141934253e-10,6.612754554800103e-10,6.135743380483858e-10,-2.510002053699465e-09,-1.6351800406525548e-09,-3.5759958721789146e-09,6.127547827628372e-09,1.5721924128195173e-11,6.819417847230967e-10,5.418218657301418e-10,-4.056725931872358e-10,5.866820340419273e-10,-5.598130948662953e-10,-5.334862519892839e-10,-2.3948118185677845e-09,8.650198826172533e-10,-1.6313027507573513e-10,1.3554315077341625e-10,-2.2027199027509704e-10,7.984596760942739e-10,-1.5529629580164365e-09,-9.18819107426456e-10,-1.6743069812431445e-10,1.314607463944786e-09,1.0651514823128937e-09,5.034901844346554e-10,-2.268284299220503e-09,-2.449370758167023e-09,8.113781041767991e-10,-1.4508726342138767e-09,1.0208864871970607e-09,-9.806209013914778e-10,-1.2612441673548553e-09,-1.767024839894325e-09,-1.8535645026419606e-09,1.0153551646604853e-09,-1.2124139106361418e-09,-7.299053397183425e-10,-1.0154904116078819e-09,-4.4621567008195554e-10,-2.092369539806395e-09,-4.037605032897129e-10,-1.8967504021992816e-09,-1.4328240405149034e-09,-2.097935956591447e-09,1.0968978187069539e-10,-2.0375296415874387e-09,-1.1872244073332205e-09,1.4020300209520638e-09,-5.205267968273696e-10,-1.3820234215804283e-09,-1.266613772852298e-09,-2.805314632857111e-10,-1.1108118738978267e-09,-1.3178592070946282e-09,-5.466553245652503e-10,9.06140874728957e-10,-2.07705277769433e-09,-8.196352956728878e-10,-2.923833821517801e-09,-3.4871299372885866e-09,2.114344462042018e-09,-2.5348045847630914e-09,-1.0046566347588075e-10,-2.741532555367074e-09,1.055037657567422e-09,-2.8754351801173796e-09,-4.136264939984084e-10,4.058979694111162e-10,-1.56113079786262e-09,-1.6353004500414534e-09,3.270039102945024e-11,-2.1061941840033632e-09,-2.1274737494309203e-09,2.2187382703941645e-09,-1.0290122695406843e-09,-1.4044560354559688e-09,-6.419177861298286e-10,1.2676683235537602e-09,1.960278342240878e-09,-1.3060736253333139e-10,-1.4043423987035955e-09,1.2904164680571992e-09,6.519724591786004e-10,-9.230153519938539e-10,-4.813591063011829e-10,3.4284103520548866e-10,2.421860409782136e-09,1.7595832067878094e-09,-1.9983738657392254e-09,-1.6196988425950545e-09,1.394119480470123e-09,3.0651538328718534e-10,-4.1485327124824166e-10,2.660170326724654e-11,6.935094090947901e-10,-5.245702834119738e-09,-6.163659319430432e-10,-2.352948037391877e-09,1.54305090545314e-09,8.49655641707634e-10,-7.599602408016149e-11,-1.6333843205192705e-09,-6.28812222179031e-11,1.0159395191708952e-09,5.643352675678263e-10,-2.183831770104106e-09,-2.2395968593670402e-11,4.76921690293709e-10,1.2770496523995444e-09,-4.523542640043893e-10,6.042318639131652e-10,-3.538763997782116e-11,-1.4774492539342044e-09,2.8957147456724533e-10,-1.0963182547883422e-09,-5.329374237884404e-10,-8.466610732022467e-10,-2.1345934270352282e-10,-2.555679712633129e-09,-1.239605913146313e-10,3.4453049457117844e-10,-1.82411054772819e-09,2.837530122041394e-10,-5.69867283548024e-10,-8.470118522572182e-10,-8.773756044972825e-10,1.3853760272040352e-09,2.0499628827004997e-09,1.5981687552832577e-09,2.075525721353843e-09,1.780423532396247e-09,4.3683752571111025e-09,2.1747899063286005e-09,1.8873712672148315e-09,1.4211104641295926e-09,1.4566952488634173e-09,1.4160285638468552e-10,1.1690139875745533e-09,6.805497982186887e-10,-2.2331414722384766e-09
window_p10,1.386267209810842e-09,1.7811437929116177e-09,1.5046444547585926e-08,2.830004236079374e-08,-3.700884745411607e-08,-5.550998998375983e-09,3.2679698872235153e-09,3.686038377027218e-10,3.2396048103197317e-10,2.2868374180623605e-09,-2.787955848621762e-09,1.5938009389354017e-09,3.7790579107342446e-08,-2.462413675065297e-08,-3.403311949197726e-09,-2.4232874864411803e-09,7.4132072544057805e-09,1.079017679045732e-09,1.7829287225384718e-09,6.943789797733666e-10,1.0223122680583435e-08,3.152773699786236e-08,-2.4771955591466078e-08,1.2802656942763928e-08,-8.766574036402863e-10,1.1306820351153037e-08,4.300006262480654e-09,5.3756418438927126e-09,7.499869614973187e-09,3.847499951158824e-09,3.9837382524778995e-08,-2.2754654587075852e-08,1.3992528850530313e-08,3.827034068836331e-09,6.287930716825849e-10,-4.016823169709354e-09,2.846426841223249e-09,5.892834117670087e-09,8.225048575354014e-11,2.0004392591335883e-08,-2.0476193634217927e-08,1.8428227979794828e-08,9.764564288268632e-09,4.454477923763204e-09,-6.211103444022669e-11,-4.408175894717259e-09,3.923234949586534e-10,-6.637224445210956e-09,-7.439403372229619e-09,2.388529389276285e-09,-1.9027761770007236e-09,-5.051780559129218e-10,5.28567859388059e-10,-2.0282759283066486e-09,4.216815322445717e-09,3.165339830456168e-10,6.813675466130596e-10,-9.689441215309518e-10,5.8073230342517665e-09,3.3602379170721903e-09,1.6191246399243952e-09,-3.9753665883642284e-09,7.294064047218118e-09,-4.5780028098615395e-09,-5.122452657566082e-09,3.2470964454396286e-09,-8.56911128531551e-09,-1.791282303704886e-09,4.812508190465195e-10,-4.571224682160261e-09,-5.582712953523712e-10,4.1201402913542105e-09,9.110125228852098e-09,-7.762265697050832e-09,-4.1383668608901585e-09,9.043581583963493e-09,-3.234123541221935e-11,-7.941823819909132e-09,-1.0865258832238862e-10,-1.1894550000885828e-08,7.108011365782292e-09,-3.04645998697294e-09,-5.3766799296568516e-09,1.7596533173482653e-10,-3.471092071217575e-09,1.953046824889202e-09,-8.182463679235943e-09,7.163785466757701e-10,8.00229384371175e-09,-8.63766802056111e-09,-1.926935310189632e-09,3.55168804961683e-09,-6.685874525285173e-09,-3.016210433387547e-09,-1.501431356976575e-09,-6.1434992943322704e-09,-4.193341422383401e-09,4.431030496795226e-09,4.971526123442167e-09,-8.629919177761417e-09,-2.9561876724376873e-09,3.847475989138864e-09,-5.630927187450171e-09,3.2049324013278325e-09,-3.217429489948875e-09,1.2685357937029113e-09,-1.960472057504338e-09,-2.0080115086318837e-09,-4.505235441306691e-09,-4.6334874801211466e-10,7.517187222113873e-11,4.080156207530987e-09,8.822942260356868e-09,6.039097236435467e-09,5.6599731638749866e-09,-6.496635520686829e-10,-2.1421374432761224e-09,3.418311115117134e-09,1.0239700753673401e-09,7.111320896503425e-10,-2.617258928060331e-10,4.542106213419658e-09,1.444404983295233e-08,-2.263810611507393e-09,3.0987773338395436e-10,5.412232147748895e-10,1.945521846750888e-09,1.3335499760834424e-09,-7.254243828183517e-10,8.553501838813367e-10,-2.34415819989378e-09,-4.843098221781377e-08,1.3420901887194233e-08,6.492057956962251e-10,6.178924486100453e-09,4.639033982344354e-09,5.795869689032113e-09,-1.1523407599987864e-09,1.021773777473206e-09,-4.769113416547689e-09,-1.1417289033036392e-09,2.425592595183366e-09,-5.779098123566138e-09,1.6646586207713358e-09,7.663745001485544e-10,-6.633448349083994e-09,2.122664550688794e-09,-1.329334665403669e-09,-2.044223844832918e-09,9.827692079348056e-10,-9.068709884796107e-10,-2.437659342704449e-09,-7.793099778169257e-09,-5.43170323457228e-09,-2.1363921688044252e-10,-9.400516892884558e-09,-1.8044231753769285e-09,-2.2636054816412437e-09,-3.0651554547853333e-09,-1.6377125738792759e-09,-3.2306599440408627e-09,-1.4834854312662848e-09,1.4095600957431156e-09,5.82294314797472e-09,5.646615574495714e-09,1.3241664105659604e-08,8.725674085551013e-09,2.174789906328789e-09,1.138165069037027e-08,7.514842939765376e-09,3.4737752613195218e-09,5.957498027679757e-09,5.027182695703033e-10,2.0295758969339495e-09,3.16598255544064e-09,6.651902206958172e-10
window_p11,4.5964922755576297e-10,1.1323209094172703e-09,1.0490645382040723e-08,1.3584416135808159e-08,-2.2398627186577695e-08,-2.8712126256383192e-09,3.4983025293059637e-09,-2.1482342782438886e-10,9.00375698795135e-10,9.321331902462456e-10,-2.4437962285820964e-09,2.557192549890607e-09,1.893349306542164e-08,-1.4556371947288752e-08,4.2342343637101285e-10,1.7572515484559716e-09,4.417170927016128e-09,1.2656113250961626e-09,7.213258994866353e-10,3.671383775547624e-10,6.422830290217861e-09,1.454697848413984e-08,-1.556526822385351e-08,1.1469404268491982e-08,2.816216356844303e-09,5.677265868118468e-09,2.8492337713237327e-09,2.639594503256167e-09,4.143531675844818e-09,2.2827086062299205e-09,1.8103666312434565e-08,-1.338965258538473e-08,1.026250380278799e-08,3.8999098929761484e-09,1.04319255193387e-09,-1.1632877821891536e-09,2.002210107524092e-09,2.4801835105682004e-09,-1.6464779552261808e-10,8.51533067283241e-09,-1.502477997531757e-08,1.3476760705203413e-08,8.281363492088623e-09,1.8342296881702281e-09,2.02680643898534e-09,-7.654840297351875e-10,1.4813667932611344e-10,-2.649738331307315e-09,-4.567937790161449e-09,1.0174805642901399e-09,-6.066907677315941e-10,-3.029531249545469e-09,-8.898421809999177e-10,-2.573647790398302e-09,2.5070693035382372e-09,-2.1763953777616986e-09,1.3124947202314046e-09,4.34297712354443e-11,6.383822086945607e-09,2.327922866194603e-09,5.770953805023403e-10,-2.439869294290365e-09,4.174185028096333e-09,-1.4009317175017947e-09,-5.695570287058656e-09,6.085069956220317e-10,-5.160613423158062e-09,-2.235831306018807e-09,-5.151399217370325e-10,-2.4786244182764283e-09,-3.6595582493064464e-10,6.3929589916822886e-09,5.890468539879085e-09,-3.934710791057127e-09,-1.7130102166951562e-09,6.160397494434544e-09,2.9792764751760984e-10,-8.233991016962194e-09,-5.642795456085164e-10,-7.89030830621127e-09,3.431512121063771e-09,-2.7059479913900887e-09,-2.4444589269846992e-09,-2.543785336011637e-12,-2.9950057778102023e-10,1.7679366311896283e-09,-3.6066752926577434e-09,5.334087125717868e-10,5.530924552121581e-09,-5.07799430181923e-09,-3.84421610135041e-09,2.022408146082342e-09,-2.3267813028767945e-09,-2.166691443355131e-09,-3.4908538228439762e-09,-2.908473743146849e-09,-1.7700232103253674e-09,5.517530657172069e-09,3.13380790865216e-09,-4.79248563254461e-09,3.7982833115947103e-10,3.6690130430469804e-09,-3.0690544676750717e-09,-9.784386475053967e-10,-1.2409398571497263e-09,-9.9276503312245e-10,-1.6782995764441907e-09,-2.192018137823637e-09,-1.7712604984553677e-09,1.0315854502910862e-10,-4.610102736631908e-10,1.4736946371250756e-09,6.529772686104566e-09,-5.483183525758895e-10,4.971875522537948e-09,4.944283505091414e-10,-1.4208274576545943e-09,6.017497366280861e-10,1.6498951823672285e-09,-5.386770260847421e-10,-2.3400973297479337e-12,4.51319136541693e-09,5.7427068334270854e-09,-2.352737520465283e-09,-1.553575074849201e-10,3.8044106400706544e-10,1.6603004870256102e-09,7.870599405706221e-10,-7.192030921798587e-10,1.1485799878049755e-09,-3.077437923862919e-09,-2.5650010445320966e-08,9.113220075808027e-09,-9.861121190542852e-10,2.430480898560659e-09,3.5663541577732733e-09,2.4463071722522507e-09,1.0731822063970386e-09,-9.608491790984686e-10,-2.4686378824229174e-09,-7.095755314163263e-10,4.3298275778005375e-10,-3.220504582910372e-09,-5.060787874108849e-10,2.919365900969447e-10,-5.464772002688363e-09,1.1182297401977545e-09,-1.175789019994349e-09,3.4412819925917924e-10,1.226384184880584e-09,1.2666812556004356e-09,-1.9156111083749573e-09,-4.5027044285176405e-09,-3.044361464016666e-09,-2.6508207087682385e-10,-4.684468972298799e-09,-4.300669167171052e-09,-2.3860211016337247e-09,-2.006136565923986e-09,-9.948813827013948e-10,-1.7967803291492103e-09,5.772395490757407e-10,1.4648915595272624e-09,1.5421676904523837e-09,3.966974162227994e-09,7.845883390504503e-09,4.8007599668e-09,1.8873712672146223e-09,7.514842939765394e-09,7.602584105946525e-09,3.075151648427391e-09,4.396424596926858e-09,5.667127350695162e-10,1.997401906084333e-09,8.009102649565455e-10,-1.935412039347701e-10
window_p12,8.854241745373727e-10,6.871179208520356e-10,4.050876052342633e-09,6.161805692787062e-09,-1.2558880491365244e-08,-1.377088229453223e-09,1.2097084404755867e-09,5.060232420985194e-10,2.4066472990017387e-09,7.096854342359544e-10,-2.2152923029113077e-09,4.6102862289294056e-11,8.45412412628169e-09,-9.695339367782166e-09,2.046438940118969e-09,-1.4958729634399607e-10,3.981826331404491e-09,1.8612419473794807e-09,1.5440874994288639e-09,3.137276022719773e-10,2.804289371063646e-09,6.044656100052312e-09,-8.393386516778818e-09,5.920116402076338e-09,2.890886493136444e-10,3.0502414843835423e-09,9.004386721455036e-10,1.7958216790704375e-09,2.9784775470592748e-09,1.8672187106596984e-09,8.354986890028474e-09,-8.949702429913285e-09,3.3906581092734736e-09,1.3463852157647957e-09,5.331464624771729e-10,8.232989686933125e-10,1.3758081921992169e-09,2.9210244752567706e-09,1.3877922287316313e-10,2.9092327442787626e-09,-8.742744346505186e-09,7.170952217087995e-09,1.6871154670990192e-09,6.030584244311279e-10,8.507153654958424e-10,-1.861139071986896e-09,-1.1172424155376094e-09,-2.349932583807319e-09,-3.76974692555213e-09,5.468460905072045e-10,1.4214817350794556e-09,1.0686148573251442e-09,-1.613106342064381e-09,-4.6033211415685244e-10,6.542745783274516e-10,-1.902699477469014e-09,4.821379226537032e-10,4.854603013636062e-10,1.0839261330155507e-09,1.3326476585000201e-09,-1.2786712281326228e-09,-3.2660272952824377e-09,2.6693845511867175e-09,6.847273495697423e-10,-1.769373582205017e-09,-8.674370681732413e-10,-2.6355673330687976e-09,-9.505651671586116e-10,-4.491890761982832e-10,-8.736095177824101e-10,5.150956188426169e-10,5.250787076611926e-10,1.3382396767873797e-09,-3.853548910105551e-09,-2.163252153082574e-09,3.102044520315422e-09,-9.73234019248308e-10,-2.110503623270097e-09,-2.437401307028711e-09,-2.8316413497646427e-09,1.278325958421789e-09,-2.4889629152767712e-09,-1.2556307803134962e-09,1.876101700705144e-09,-2.6508256180442613e-09,-3.7358584310893603e-10,-2.963567023205867e-09,-1.7482231074730422e-09,1.904851016875647e-09,-1.928311413146796e-09,4.728398599181861e-10,1.8704694052925338e-10,-9.434805628930526e-10,-9.699612166469042e-10,-2.161971032878619e-09,-1.4046900085956862e-09,1.8814924453656567e-10,-7.626650416486801e-10,1.6704143696385203e-09,-4.502653588387866e-09,-9.70322664608986e-10,1.689809917037249e-09,-5.543160223168796e-10,3.136853778232705e-09,-3.4638596487476965e-09,-1.5767105880971748e-09,-2.0763568793173877e-10,-2.2998045054514454e-09,-8.941630807232921e-10,1.5480243326534594e-09,-2.577839436692489e-10,5.543057410567549e-10,1.1708633454526214e-09,-1.0239703703559165e-09,-1.76249865182025e-09,-1.8666353177982846e-09,-6.053411113999505e-10,2.3760482562074277e-09,1.0236931484805532e-09,-5.721207596002797e-10,-7.65712503073763e-11,4.397671725051762e-11,3.2757492800884373e-09,-4.416560411179615e-09,-1.4666086654280624e-09,3.8161423185222155e-10,2.8907553854452834e-09,-5.314916805168558e-10,-2.4503560192105114e-10,-6.368974376802375e-10,-2.8032008881139885e-10,-1.1745713778731503e-08,6.297418074174084e-09,-1.3083132932165375e-09,1.5482092108475212e-09,9.300578294527741e-10,6.381102732453833e-10,3.276016406272423e-10,2.5915016226169847e-11,-1.5641524783811533e-09,-4.669402152762753e-10,1.874360586141915e-09,5.166892129736537e-10,1.5025445784912439e-09,-4.2766016646458496e-10,-2.9924804267232944e-09,1.0162076846921596e-09,-5.978235453768782e-10,-8.718438639293332e-10,1.7941977322639084e-09,2.8373930292983203e-11,-2.148639564345449e-09,-3.6440301452451685e-09,-1.6207338749238514e-09,1.1146104118885566e-09,-6.880178531328504e-10,-8.879207725875296e-10,-3.199394340946678e-09,-1.3355905095813758e-10,-3.7488329651155707e-10,-1.0534456484706179e-09,1.7640216662089395e-10,2.239734025138724e-09,1.8484062229391307e-09,2.6161355252726067e-09,5.4450068900920685e-09,3.978178294751208e-09,1.4211104641296149e-09,3.4737752613195027e-09,3.075151648427397e-09,3.819622728101671e-09,2.90416136289318e-09,6.980962727242843e-10,1.5847321469000983e-09,7.112883510607883e-10,-1.2377289256520167e-09
window_p13,8.12268638544431e-10,7.815989732120828e-10,1.0129837885643778e-08,1.709405600614842e-08,-2.6666414505936556e-08,-5.7755579259387e-09,1.3158822600128585e-09,1.715411101020852e-09,1.5971781161830259e-09,1.550518846779741e-09,-1.8534551036192105e-09,2.3779271882482196e-09,2.3045357278080645e-08,-1.825275414872129e-08,-3.2488866850791074e-09,-2.7524219499422443e-09,5.380319861358543e-09,1.6898768603522969e-09,2.008414331412941e-09,5.066541828571471e-10,8.01018576686729e-09,2.0211603176968693e-08,-1.8914894913582576e-08,5.649571289490573e-09,-2.6376595498127524e-09,7.232329441557982e-09,1.8174667432461976e-09,3.9396830446056276e-09,5.222147270600207e-09,3.8443028329244446e-09,2.489287661626397e-08,-1.6967552266999515e-08,6.760136563244816e-09,1.7076590591891784e-09,8.05837164699714e-10,-1.55952925587863e-09,2.210953094005815e-09,4.989605604430011e-09,9.725404719343613e-10,1.420203531803731e-08,-1.5118549008884677e-08,8.943136530150584e-09,5.14431408033575e-09,2.0045734418573905e-09,-1.320962788996262e-10,-3.2535737859622176e-09,7.041924371630847e-10,-4.550156404476209e-09,-5.606648070147462e-09,1.5251196651045518e-09,5.3493779232307424e-11,3.6926355214455794e-10,5.378433380592421e-10,-1.8693339022081713e-09,2.4691378347702444e-09,-1.386070757721463e-10,1.0129268514188089e-09,3.614939208975642e-11,3.654282835411776e-09,1.4095453043425747e-09,-8.556844862017665e-10,-3.5499305484738275e-09,5.477809351617701e-09,-1.1761843527676799e-09,-2.138413694163525e-09,1.5332446276791623e-09,-6.4558461924857646e-09,-7.16561537743851e-10,4.329119372648145e-10,-2.5061076379777634e-09,-7.597412346026558e-11,1.4364551935715987e-09,5.419237452567343e-09,-4.996734333418365e-09,-3.283256021064755e-09,5.3606956427662896e-09,-6.017050651274034e-10,-5.068775797649417e-09,-1.1497556906846632e-09,-8.199820760418537e-09,4.400965721249977e-09,-2.1272597784557314e-09,-1.8086239876504384e-09,8.476376812207724e-10,-2.9634170032714286e-09,1.5611070238671636e-09,-5.910236044593803e-09,-1.6984426271875937e-09,3.7877821074191895e-09,-4.452876986165115e-09,3.0026239172390003e-10,1.2592414656821393e-09,-3.883455410066631e-09,-1.0680058219872387e-09,-9.622020247401183e-10,-2.5754806622105003e-09,-3.2234326703078733e-09,5.498210772665544e-10,4.084106026118261e-09,-6.660729405287931e-09,-2.4688833087100684e-09,2.7198816068754334e-09,-2.5753473277777058e-09,3.935448901621014e-09,-2.8646994402375603e-09,-8.304192836128779e-11,-7.283304554956489e-10,-6.184273985768515e-10,-2.2672565502442607e-09,-9.355228560397266e-10,5.455012559251551e-10,2.8529193336654782e-09,5.10165300824158e-09,4.918235667365887e-09,2.794292974155827e-10,-9.567216206683118e-10,-8.103510995244909e-10,3.737159081364042e-09,1.3268572267267663e-09,6.504080577390118e-10,2.6020225549423587e-10,2.9915695235947187e-09,7.482884897025008e-09,-3.396355755690948e-09,-6.310232180706466e-10,-2.9197455148584094e-10,2.875746820872023e-09,4.59799747365799e-10,-5.226524350556419e-10,-9.100054298984161e-11,-9.514870745778454e-10,-3.040606001012552e-08,1.0051653959068635e-08,1.4797687856128755e-09,4.702755745076094e-09,2.5500463826418787e-09,3.724104911129421e-09,8.879466574080409e-10,1.0412336797478006e-10,-4.203434378322317e-09,-1.1007493489604864e-09,1.2026651775022363e-09,-1.6549338719260752e-09,1.502420760822808e-09,3.1213645923142097e-10,-5.424854049401776e-09,1.7337622858603757e-09,-9.038016073201671e-10,-1.5031678905125914e-09,1.103934557028011e-09,7.367504113458438e-10,-2.1080280488958855e-09,-4.16449302538316e-09,-4.243839379423088e-09,3.0084197390373746e-10,-4.092160663925205e-09,-1.3419647324520584e-09,-2.1882463242905283e-09,-2.458679616878025e-09,-1.1255978858872092e-09,-2.046251222559586e-09,-1.0294712123995149e-09,2.0010280539661258e-09,3.3494243311772954e-09,3.3516480095613326e-09,8.47834786374321e-09,6.267299147273168e-09,1.4566952488634171e-09,5.957498027679756e-09,4.396424596926847e-09,2.9041613628932204e-09,4.753750648652897e-09,5.374009147031424e-10,1.5265947793265091e-09,2.090350901824622e-09,4.122409451952229e-10
window_p14,8.002534550299717e-10,5.625102471351907e-10,1.1096442586859914e-09,5.9944943771061555e-09,-3.418456413001169e-09,-2.9772935573408363e-09,2.3663645371903186e-09,-8.800831243339675e-10,-1.1136909540440657e-09,3.732672221243829e-10,-5.339889064513216e-10,-1.6308276778044753e-09,6.318899038798286e-09,-8.840864337329239e-10,-4.082412289042819e-09,2.6557814551331604e-09,-1.5985420413254227e-10,-1.2182179270709785e-09,1.2114366950303538e-09,1.0700823544133076e-09,8.287026683251007e-10,5.17381372916204e-09,-7.635470198416597e-10,-6.174212407249124e-10,8.50466821822699e-10,-1.1008114937510205e-09,-2.156469677981236e-09,2.007805639829599e-09,1.9007939313723575e-09,-2.512511237242527e-09,3.84141773522301e-09,1.0943883053797429e-09,-1.1106060935283572e-09,1.6108391758527863e-09,-1.5307055669499507e-09,-2.835716437853179e-09,1.9955718719670452e-09,1.939003503283999e-09,-1.1592101932915049e-09,5.696504988946479e-09,-2.073490600659353e-09,1.373633025793338e-09,2.0057737343484244e-09,-1.8360612284607179e-09,-2.1520793382030802e-09,5.840985658635174e-10,1.60411336776238e-09,-3.2040954883644014e-09,-1.1849429624571704e-09,-1.10746145070708e-09,-4.45654807233371e-10,9.139974937527693e-10,6.413139387744642e-10,1.1766979329554441e-09,-1.7750928346117306e-09,1.4693348526063426e-10,2.003894194415604e-09,-3.502613758668996e-10,9.525378883761301e-10,1.4537218691838576e-09,-1.3139011340563757e-09,-2.9434052359844626e-10,1.2623577632621819e-09,4.534259548853652e-10,1.1107292729263992e-09,2.0398329783187516e-10,-1.8575028575903645e-09,-2.4785290845474045e-09,2.34706763044308e-10,1.5740143327035448e-09,-8.30401534340899e-10,8.614630165095702e-10,1.9460554783035815e-09,-1.7220484452386191e-09,-1.825244514213851e-09,-5.477067254649109e-11,2.008690261847283e-09,-3.154988873855125e-10,2.1869658175038223e-10,-2.3973615945434665e-09,-1.8319049650952485e-09,4.969609520140372e-10,1.41392860352071e-09,-5.8004986796089074e-11,-2.71680925722891e-10,8.948072960047819e-10,-1.3432362243639223e-09,-2.094786532620842e-09,1.3792320399990634e-09,3.032862491476505e-10,1.4364415822359373e-10,-1.6565942208860052e-10,-1.778630932567489e-10,-2.760500536703307e-09,-5.215787643246667e-10,4.778320782221424e-10,-4.1813206495903846e-10,8.645964162403615e-10,-9.648244040053127e-11,-2.512985227236728e-09,-2.0440108237936734e-09,-7.486710508919823e-10,-4.662084092736197e-10,1.5574047174611725e-09,-1.6018383184785155e-09,6.496537334817909e-10,-2.407062232842814e-09,4.762660994663361e-10,1.9466896584581218e-11,7.892748596934066e-11,1.533130646976085e-09,8.29247714244464e-10,8.625010709988702e-10,3.0673619658037818e-09,2.3255530067939568e-09,-8.782814549024299e-10,4.104339445124638e-10,-1.0540136197858826e-09,-7.386810645356444e-10,1.0014119435776603e-09,1.5143892200582527e-10,1.0607781966843834e-09,1.777993896441049e-09,-1.3454432210584447e-09,-7.708189069820268e-11,6.996130048095043e-10,-1.4933107802861843e-09,-3.24345896443352e-10,-1.4920724300935087e-09,-1.0369898710640013e-10,2.1255107071176947e-10,-7.584371938355021e-09,1.9167804826022537e-09,1.5564916862827102e-09,-5.204275143717169e-10,1.5659740559702542e-09,2.1618138949857866e-09,5.949121021307511e-10,1.0415423050413002e-09,-1.6368123280649784e-09,-4.3962571068048916e-10,6.995271493040187e-10,-2.740028021720731e-10,7.820317495125474e-10,-6.49245779006301e-10,-5.932663158733887e-10,-1.6893287338940625e-09,-1.1167634805925647e-09,1.7346326621962256e-09,-1.9560949695947665e-10,1.5095393126567538e-09,7.182479372109772e-10,-1.5097062771561129e-09,-2.262028236440895e-09,4.332846087589627e-10,2.0768179038640076e-10,6.509579775399993e-12,-8.393366181831035e-10,-1.5712287545528725e-10,-2.4420814549828855e-09,6.116647859220413e-11,5.826995161871875e-10,3.078156856743919e-10,5.151157448428492e-10,2.5629106408890826e-10,2.263008641184025e-09,1.7015227527152214e-09,1.4160285638461968e-10,5.027182695702909e-10,5.667127350695151e-10,6.980962727242892e-10,5.374009147031392e-10,2.569695626100453e-09,4.5986646293271513e-10,-3.426084542961951e-10,8.639618364217124e-10
window_p15,-4.409599524418642e-10,2.0837660074086688e-10,5.633350200824632e-09,3.256165014131915e-09,-1.1788098933170031e-08,-2.8794500084767985e-09,3.8697266720857864e-10,7.01915007714311e-10,1.5238993139075732e-09,-9.409578733207702e-10,-6.923340734714617e-10,3.173289464721828e-09,3.025339686521099e-09,-6.06956241444299e-09,-3.148823089420916e-10,-5.863188036104738e-10,7.647858919891044e-10,1.2228159561647718e-09,-4.872470223972162e-10,4.3888546362878666e-10,3.6599964718798953e-09,1.7954313416088206e-09,-7.627885743016857e-09,1.9602052542707475e-09,-5.69202995866199e-10,2.1248053172165912e-10,1.3342383647410845e-10,-6.407489283052315e-12,1.8019554750126137e-09,2.234727738874147e-09,4.3562414523229485e-09,-6.13441490518696e-09,1.02415443827054e-09,1.3760505877510086e-10,-4.970294677251983e-11,1.2057602616076008e-09,3.020544079600349e-10,1.7479930750270406e-09,1.3747174113264654e-09,3.1932002097144436e-09,-5.236630228962501e-09,3.31214290056509e-09,-4.456134901193459e-11,-6.459819901163456e-10,-1.2552589624877425e-10,-7.26377195039247e-10,1.1017582568497912e-09,-7.757170366476612e-10,-2.6438615773561567e-09,7.077809882014566e-10,9.056578803946382e-10,7.872871260372491e-10,7.702418455877392e-10,-4.09008530572196e-10,1.2893025305461013e-09,-3.0851411067311627e-09,-8.845131042170653e-10,6.292908299499112e-10,2.0991657121565658e-09,1.6606205370968681e-09,-6.882230375828122e-10,-2.514173942090611e-09,1.3649380313725114e-09,1.194164821988332e-09,-6.128400533043632e-11,-4.746309937965024e-10,-1.5060387095265602e-09,4.712595888726537e-10,-1.084312723134677e-09,-1.3710418933713204e-09,3.016803474413839e-10,1.6080804204177956e-09,2.9758578490687727e-09,-3.165224695290452e-10,-1.7580550779977051e-09,1.5749847628687968e-09,1.1043122549846214e-09,-8.292132553092512e-10,-5.903784010127928e-10,-2.772035734468806e-09,1.5885720438076675e-09,-2.939999346238971e-09,-6.85473564353907e-10,1.6350040312078938e-09,-1.3062780804984595e-09,1.0100226982124178e-09,-1.4976123107626015e-09,-2.812867246201674e-09,1.1100488101171883e-09,-1.078781855509894e-09,1.3944028932512042e-09,-2.0385588920615055e-10,-5.769837245710934e-10,4.144488206542712e-10,-3.300037714587477e-09,-1.6345875762234145e-09,1.386462275792679e-10,-1.020078997181712e-09,2.500599888133716e-09,-2.5634099700900142e-09,-2.7705799101988223e-09,1.5646453302728073e-09,-1.6294486973947335e-10,1.726604629999746e-09,-1.6929478162268455e-09,-5.178155986142264e-10,-6.46435890408435e-10,-2.083502243165075e-09,-1.4564137903022171e-09,9.048442032771007e-10,8.925042001457257e-11,1.5068198164270215e-09,1.6636963333978925e-09,-8.764735289141011e-11,2.8775401788605744e-09,4.76426283743018e-11,-1.6699713836752553e-10,1.238737832243367e-09,4.732313128203622e-10,-4.985795616255413e-10,5.900802794551113e-10,2.413837941420644e-09,-2.0146422194730264e-10,-1.4716492789590287e-10,1.6163017444706964e-10,-1.7278652553148758e-09,1.6559737853463306e-09,-6.380999545578678e-10,2.6043377776213356e-10,-2.733124775894833e-10,-4.4685129341852005e-10,-8.704800880942568e-09,2.1241962162817192e-09,-7.214010913745429e-10,1.2011095701432538e-09,2.525234047492475e-10,5.762765170848621e-10,5.127186216805608e-10,1.9422408805588754e-10,-1.3789437623504496e-09,-9.550584049475293e-10,-6.880462370103317e-10,-1.2453555501099172e-10,9.313608703034027e-10,1.059698610007108e-10,-1.2629422052134945e-09,4.0187925544880323e-10,-3.36748356148364e-09,-7.838766481400846e-10,2.3644093419067143e-10,1.2510722954962762e-09,5.26868754835819e-11,-8.817595988096835e-10,-2.3744307920442595e-09,5.523222750339636e-10,3.405336068559244e-10,-1.9432336588330524e-09,-5.339918850931586e-10,4.3574333935955854e-10,-8.345129518275708e-10,-2.807985453457309e-09,-6.052793380222439e-11,8.308919701088319e-10,5.284528095710031e-10,5.649643539461317e-10,2.4461282907527515e-09,3.4304503827570843e-09,1.1690139875745355e-09,2.029575896933959e-09,1.997401906084324e-09,1.5847321469000764e-09,1.5265947793264986e-09,4.5986646293269574e-10,3.09312949520436e-09,1.645251150051494e-09,2.9023638576523254e-10
window_p16,2.620706178921195e-10,5.127065707280351e-10,7.907091623394185e-09,1.066406504118143e-08,-2.0759710391344768e-08,-4.5589023426119586e-09,-5.821535737128427e-10,1.5101969324460758e-09,6.659658147444261e-10,2.6636128523064405e-10,-2.1075023943334804e-10,2.6911345801283976e-09,1.4725235410804011e-08,-1.3626595895239927e-08,-3.948085001863308e-09,-4.76522884384656e-09,1.585351639396024e-09,1.7172819825080118e-09,5.502989083778451e-10,4.878962567942846e-10,5.606320540686414e-09,1.2811799202888893e-08,-1.4283143970552593e-08,8.685798695690691e-10,-5.37245606372509e-09,4.1805705954459e-09,1.841251922184858e-09,2.2277664496262332e-09,3.887562191356722e-09,4.20973731727276e-09,1.8185385249539576e-08,-1.1395507831863985e-08,2.5626477321032635e-09,-7.432418477258143e-10,-1.3359071496938312e-09,-5.272410783113075e-10,3.606980279542466e-10,4.4523553829774914e-09,1.863760517032853e-09,9.224693762257524e-09,-6.476869822269196e-09,4.194031394778484e-09,7.273602654824128e-10,1.5188877621310527e-09,-9.569685099810332e-10,-5.526094912476259e-09,1.128785224551306e-09,-2.4987502883756056e-09,-3.9608997219085876e-09,2.476691626018525e-09,3.39882136656031e-11,2.7930688697022794e-09,2.2506351990816592e-09,4.4118861145615295e-10,3.0083239832924003e-09,9.124065082608571e-10,-2.1469813139260414e-09,1.2305115649039739e-10,-2.7012417540188977e-10,1.3465683464449327e-09,3.47783621486984e-10,-3.756702383720138e-09,3.231088922440335e-09,-9.34925110255149e-10,1.7996962611628662e-09,2.5048952758083143e-09,-3.5556069486677182e-09,2.1429186706171602e-09,3.369995695080252e-10,-3.1577719243305703e-09,6.416065207076284e-10,-2.515192908077672e-09,4.999460323374319e-09,-2.406273221497699e-09,-2.2549813987306016e-09,3.5394793594091646e-09,6.434154888661664e-10,5.029733071231547e-10,-6.723100410363844e-11,-4.301040704717291e-09,5.303189818498314e-09,-1.5150923031118325e-09,-2.963240485078424e-09,1.563679095751031e-09,-3.8979885940405335e-09,1.099101935885961e-09,-4.869988635323561e-09,-1.9972348213886775e-09,1.5817735310789393e-09,-1.9450134437112762e-09,3.696876240219898e-09,2.0135401549754113e-09,-3.4482279291333346e-09,1.010706071034221e-09,4.363704912300683e-11,-3.963219086655881e-09,-2.2518425173628113e-09,-3.4535083886159987e-09,3.785664632544234e-09,-4.709581457634774e-09,-4.198382333748499e-09,1.3270115282433266e-09,-8.316161652825417e-10,5.804051539432055e-09,-2.149032003972234e-09,2.2376490850722013e-09,3.232025423439996e-10,3.098296054122845e-10,-3.4013491883066533e-09,-7.089962276806894e-10,6.471923972706841e-10,3.588174223144939e-09,3.0246456231899433e-09,5.099073105889604e-09,2.0391855844256686e-09,-1.1471746500906136e-09,-9.822147073301726e-10,3.399519147315621e-09,1.6762756456346443e-10,1.1514385531102504e-09,4.300529881579343e-10,1.6302636694671308e-09,4.2703326620110336e-09,1.8848333141340846e-09,1.0114621672002494e-10,-1.8551846826455572e-09,1.6330583424932994e-09,5.448693792423874e-10,5.094341527641923e-10,-8.596785039169172e-10,5.3832412885539e-10,-2.1254944587930402e-08,3.0148455708105536e-09,9.944871872783577e-10,3.91733435231558e-09,9.99020951808876e-10,2.3933756807810165e-09,-2.2261809759008507e-09,1.4729340330390237e-09,-3.086255472997764e-09,-5.341752233945223e-10,8.28113784073922e-10,-1.316326994911527e-09,2.2090279011980416e-09,6.641472371818734e-10,-1.9720526849843385e-09,1.8541439233589686e-09,-1.4121475384455354e-09,-3.206780927337813e-09,-1.7804531918522545e-10,-5.912709531735129e-10,3.849140941454533e-10,-2.0841936546446906e-09,-2.991712418835028e-09,2.662451043048137e-10,-2.516296645256753e-09,8.065185526187664e-10,8.178694080948392e-10,-3.2824016905754596e-10,-3.9566256852171e-10,-2.716917394994169e-09,-3.0386556939951438e-09,2.228669442847758e-10,4.141813695376012e-09,1.1478554648051115e-09,4.681877290116657e-09,5.080689797712103e-09,6.805497982186563e-10,3.1659825554406227e-09,8.00910264956525e-10,7.112883510607773e-10,2.09035090182462e-09,-3.4260845429620135e-10,1.6452511500514939e-09,4.065608568791873e-09,1.099372348145561e-09
window_p17,6.386067627757827e-10,4.5623987721048093e-10,6.0499429994148496e-09,8.025684462805202e-09,-1.1907778749108805e-08,-4.859671704580235e-09,2.649850557605697e-09,2.3625601939031323e-09,-2.6726536907055267e-09,6.663368600560585e-10,1.0972951704831168e-09,2.9873495202440716e-09,1.2621338694371456e-08,-6.352621939632026e-09,-8.472356832046632e-09,1.6516777255103046e-09,-1.1046508456702786e-09,-2.1575336190874842e-09,1.2414379859035745e-09,3.047056037518573e-10,6.480486951618238e-09,1.0041154841202022e-08,-8.624547059627436e-09,-3.942015926234173e-09,-2.5189210735622246e-09,1.5458967369871292e-09,-1.6178550269953436e-09,2.045503146842858e-09,1.438800893235508e-09,3.9372006195455675e-09,9.205297227848522e-09,-2.508109441361147e-09,2.036009969418399e-09,2.174735876675539e-09,3.31545999136927e-11,-3.2776335904618936e-09,8.503022043814075e-10,2.151988357183897e-09,2.9330773503072045e-09,1.0524477877457428e-08,-2.127871356218516e-09,1.0008605884002649e-09,3.3770817793011024e-09,-3.7648826035413875e-12,-2.6843454037506945e-09,-2.1495927645941645e-09,1.6918014499212035e-09,-2.3842366710038592e-09,-1.0066030334915493e-09,1.905889979986101e-09,-1.9374582086907403e-09,1.199828288034949e-10,2.1564276957165307e-09,9.025419518279085e-10,5.513483625510607e-10,1.8692625780803745e-09,1.3388351541549992e-09,-6.318543524172294e-10,-4.881350606257099e-10,4.175046982826253e-10,-1.9460778222829082e-09,2.4145274391634375e-12,3.81738355875739e-09,-1.8632707097654802e-09,2.795213131159189e-09,-1.0832752149564174e-10,-1.706520746821178e-09,2.627593643841956e-10,9.00067257201794e-10,1.2007765263084235e-09,-2.078737644191263e-09,4.694865057419167e-10,4.124852497318631e-09,-1.678939196930286e-09,-2.7090959732693136e-09,1.8415684983916859e-09,1.1626170320563758e-09,-7.978725733439129e-10,1.134057577826019e-09,-3.175650191847727e-09,2.0460831793075193e-09,9.310842671836057e-10,1.799318864832643e-09,-1.5513138066582994e-09,-2.109984703542458e-09,2.0105081021005757e-09,-2.4740231394697504e-09,-3.1261906211585457e-09,1.2858852407702244e-09,-1.2428346932285192e-09,5.78611023260093e-10,-6.876219068773659e-10,2.6517158993258695e-11,-3.9722462027099957e-10,1.8071631160403557e-09,4.2716050966947114e-10,-5.07161114877755e-09,5.659535129629241e-10,1.599511860817439e-09,-2.632321575507307e-09,-5.075053062266589e-09,-3.7427397329334545e-11,-2.0943909257677003e-09,1.0394901743959083e-09,-7.226172801748681e-11,2.259869774568818e-09,-1.748652916414443e-09,2.1404514265324563e-09,4.5480869352800494e-10,-3.6483776829127575e-09,1.5937942526034871e-09,2.708339197722056e-09,3.926535723793658e-09,6.080170180063705e-09,2.205258365438531e-09,1.2542975250977942e-09,1.8826473492782695e-09,-3.0973837636737443e-10,-1.6648237070784868e-10,1.953730392258639e-09,-2.255591213460808e-11,2.1899967382507724e-09,2.8143662213836173e-09,6.453413987506116e-11,3.1890637044297177e-09,9.015183283085303e-10,-1.2696750025160514e-09,1.283937797224349e-09,1.3793467533029492e-10,1.215530190697485e-09,-7.287332912177705e-10,-1.5417853016693602e-08,1.0530101629319617e-09,1.6008235811015687e-09,-9.160391199539804e-10,1.6897992846871616e-10,2.9226458113754274e-09,8.67314316429697e-10,1.7339040109765041e-09,-3.36341871873222e-09,-1.2607900171185468e-09,5.458385330251219e-10,-1.6296215794456844e-09,1.1399591385966386e-09,-6.781701520778611e-10,-1.4798783878993504e-09,1.5512802633717947e-10,-1.37530293585677e-09,1.9376810416246828e-09,-1.210565675307256e-09,2.8334834002216016e-09,1.8267985015225844e-09,-2.6126438215363106e-10,-3.1083692184784665e-09,1.202412819690547e-09,-1.8114917050617496e-09,-3.9665161246424286e-10,2.701321210517443e-09,-1.0562145788742909e-09,-9.165645126293473e-10,-1.2054516507062746e-09,-5.227647031536232e-10,-1.3984287260569465e-09,5.206980111059749e-11,-1.066787095874891e-09,1.5528938593049177e-09,1.9191884601369356e-09,-2.233141472238479e-09,6.651902206958076e-10,-1.9354120393476053e-10,-1.237728925652028e-09,4.1224094519522185e-10,8.639618364217474e-10,2.90236385765209e-10,1.099372348145543e-09,6.3822834965884754e-09
