,treat_m4,treat_m3,treat_m2,treat_m1,treat_p0,treat_p1,treat_p2,treat_p3,treat_p4,L4treat_m4,L4treat_m3,L4treat_m2,L4treat_m1,L4treat_p0,L4treat_p1,L4treat_p2,L4treat_p3,L4treat_p4,L8treat_m4,L8treat_m3,L8treat_m2,L8treat_m1,L8treat_p0,L8treat_p1,L8treat_p2,L8treat_p3,L8treat_p4,L12treat_m4,L12treat_m3,L12treat_m2,L12treat_m1,L12treat_p0,L12treat_p1,L12treat_p2,L12treat_p3,L12treat_p4,L16treat_m4,L16treat_m3,L16treat_m2,L16treat_m1,L16treat_p0,L16treat_p1,L16treat_p2,L16treat_p3,L16treat_p4,F12treat_m4,F12treat_m3,F12treat_m2,F12treat_m1,F12treat_p0,F12treat_p1,F12treat_p2,F12treat_p3,F12treat_p4,F8treat_m4,F8treat_m3,F8treat_m2,F8treat_m1,F8treat_p0,F8treat_p1,F8treat_p2,F8treat_p3,F8treat_p4,window_m4,window_m3,window_m2,window_m1,window_p0,window_p1,window_p2,window_p3,window_p4
treat_m4,3.245219356264803e-13,-1.338428248219973e-13,2.349916261130947e-13,1.2418850354289397e-12,-8.562700679390566e-13,5.539692241122232e-13,1.1032906072492372e-13,-1.361916290241131e-12,-4.184605855679482e-13,1.8425456325804018e-13,-9.196769113082203e-14,1.7655001368116812e-13,3.9485759474035917e-13,-4.753843058077474e-13,1.2952236566381298e-13,4.3197368662067943e-13,-1.395933237204469e-12,-8.432431348760402e-13,3.251835193461475e-13,-1.680184260419937e-13,2.4303473577742897e-13,1.0143226383362454e-12,-3.396663414423336e-13,1.1968582745607337e-13,-1.355291067269419e-13,-7.970740592059242e-13,-1.2457393326104584e-12,1.9911345255785894e-13,-1.847994460046405e-14,-3.5845692051151684e-14,4.771780251876775e-13,-5.448166508718028e-13,4.656380354393423e-13,-4.2949492213408016e-14,-1.8296262549411585e-12,-1.2488954713719407e-12,2.3395662750858915e-13,-9.971857727534152e-14,-3.6750014584975525e-13,7.336724253001552e-13,-5.955470894329115e-13,8.641905904032619e-13,-2.1957986956851083e-13,-1.8904359013487736e-12,-7.410681951057404e-13,3.620913670693624e-14,-2.090425486539188e-13,3.175678768629954e-13,4.675214629426514e-13,1.0588277254869279e-13,1.385638517694521e-12,7.25613853884321e-13,3.7122749769453287e-13,2.787816368260454e-13,2.4786349185383916e-13,-2.073473680778682e-15,2.365278815340755e-13,3.0876699356568007e-13,1.257280003552042e-14,5.861814986135956e-13,2.2759688733570163e-13,4.174273767811379e-13,-3.313389939523114e-13,-2.012919740585991e-13,1.813668196146477e-13,6.087315549129985e-14,-7.755258833060726e-13,4.645638348215084e-13,-5.808270919865977e-13,5.174746107985871e-13,1.149140546684105e-12,1.1218183581015216e-12
treat_m3,-1.3384282482199658e-13,7.435739148029637e-13,-5.690374580956096e-14,-2.1991962791681474e-12,1.3949770058763321e-12,-1.0776809971479199e-13,-1.9437376487692625e-12,8.380374286901012e-13,9.370467430486915e-13,8.993911240218412e-14,2.2217836683714926e-13,-3.3357540297021053e-14,-1.8074115513495837e-12,1.2108166854517863e-12,-9.423699999152802e-15,-1.6183771944413994e-12,2.181757690823775e-12,5.54712566359256e-13,-1.85865379881161e-13,5.407910534213277e-13,-1.335528712723569e-13,-2.2935889079410424e-12,1.1149034143434986e-12,4.429531826758214e-13,-1.1375209050410518e-12,1.351205037499571e-12,1.5021252759298032e-12,-1.429846722424697e-13,2.6434462546242583e-13,-9.281656222946015e-14,-1.7985204195263073e-12,7.933649349560157e-13,-7.310980993409284e-15,-2.2698667686840286e-12,2.0016961938559577e-12,7.389605962525508e-13,-2.0210134362047907e-13,4.915951754594967e-13,6.606233295784184e-13,-1.8592085395067176e-12,-3.9302813144652206e-13,-1.9355909459210557e-12,-2.483374021792148e-12,3.0801004954204273e-12,1.270529153863837e-12,3.59927375826777e-13,6.650424350330153e-13,-4.650417545345477e-13,-2.439384167807802e-13,1.9657015657278661e-13,-7.843342285958698e-13,-2.761648512522339e-12,-1.5999792482685236e-12,1.6852124984141986e-13,-4.9417514331104945e-14,3.156711383930848e-13,-5.891265857954232e-13,-1.3179097035149792e-12,-1.153936437630258e-12,-3.643894322216972e-13,-2.0253669929731287e-12,-1.0572530336010073e-12,2.4991030915525553e-13,5.915315102445303e-14,-6.317178152729944e-13,-1.174384813098474e-13,2.0392924475382573e-12,-1.6599908095038904e-13,6.238645214045747e-13,9.406351033381246e-13,-1.1395162631082884e-12,-1.5441342741971593e-12
treat_m2,2.349916261130953e-13,-5.690374580955866e-14,9.477667418500944e-13,9.993653711393291e-14,-8.947299323624926e-13,8.079644846125338e-13,4.414592577483557e-14,-1.6344500793193235e-12,-6.364091712427734e-13,3.5979688161528037e-13,8.769832952811857e-14,1.0462871807848922e-12,-3.2993798911662783e-13,-1.1258860881707986e-13,1.9442653598227022e-12,8.054532049021244e-13,-2.9963577178177562e-12,-2.6435869078014238e-12,2.202274439995576e-13,2.056011367995453e-14,8.281999031186261e-13,-9.084285672233968e-13,1.3113010784090038e-14,7.704222873612071e-13,5.665165372361758e-13,-5.523333408777962e-13,-1.133631976747848e-12,3.6954248263228295e-14,-1.5378331193881376e-13,1.7553505207530202e-13,-1.0230204070865446e-12,-7.813934765400755e-13,1.550867883152934e-12,-6.688367360781849e-13,-1.9825346727247362e-12,-6.229960859922039e-13,1.6892531729771004e-13,-7.690292781464125e-14,6.539751248348082e-13,-3.9511334961372466e-13,-7.837619671664876e-13,3.6597972394558864e-13,-2.822604093212939e-13,-4.978688260280723e-13,-5.095663087279486e-13,4.179324577017855e-14,-1.0457469441028753e-13,1.5468276484818896e-14,-2.585628737299671e-13,-6.214615623802692e-13,2.328699744032047e-12,-7.746948969981196e-13,-8.57086689890934e-13,4.164437707721077e-13,3.342576111366587e-13,7.457160782877104e-14,4.2240874160296083e-13,3.679336846629861e-14,-5.804145825213784e-13,1.9139730835907633e-12,7.507997064066705e-13,-2.2180286429508675e-13,-9.10277220992167e-13,-1.271695251688192e-13,1.5811045352485196e-13,-3.3875360877986214e-13,7.061592695157319e-13,1.335910948066201e-12,-8.134582492187192e-13,8.142154840227176e-13,1.5244849550282557e-12,1.6015118999747577e-12
treat_m1,1.2418850354289385e-12,-2.1991962791681543e-12,9.993653711394543e-14,1.9280537706150667e-11,-3.973764979826664e-12,4.099930809963508e-12,1.4034843931707505e-11,-7.767542728750576e-12,-6.303546001525539e-12,-9.566280130504278e-14,-9.119945529329181e-13,-1.938602230752126e-12,1.3430126514793504e-11,-3.848873516164239e-12,-3.686877217624757e-12,1.1213773318211567e-11,-8.503658867544394e-12,-2.3521401368533267e-12,1.1555947121246367e-12,-2.676425728481783e-12,3.0455824623878895e-15,1.9041550824669566e-11,-4.7071402753476584e-12,2.522347928750848e-12,8.885265825602245e-12,-7.2640635766800685e-12,-6.820558983219509e-12,6.073600962533926e-13,-5.646361405457626e-13,-8.948478874436802e-13,1.358873747642706e-11,-4.245422187184485e-12,7.454008127123124e-13,1.4829779000618085e-11,-1.1352850562785573e-11,-8.248039465770253e-12,1.7326810958702197e-12,-1.7928586261525464e-12,-5.404202537531241e-12,1.2764117934394077e-11,-3.581621889872102e-13,1.2312537762657079e-11,1.4028841026766058e-11,-1.8572772316192404e-11,-6.969642410702041e-12,-2.1534846878162525e-12,-2.9529155064392514e-12,3.4682610948186956e-12,2.839629506932214e-12,1.8094359086678093e-13,7.924423467952884e-12,1.4034349334446847e-11,4.952131151240787e-12,-2.0583196984779355e-12,-2.411493056832643e-13,7.177722554568748e-13,3.775522334129949e-12,8.980018589515271e-12,1.0175944311853738e-11,2.892420622044773e-12,1.3662284136536264e-11,3.0756099137898815e-12,-4.796982927619674e-12,-6.320281763185715e-13,2.612869254628579e-12,1.1868185331009537e-12,-1.640622095432363e-11,-7.991281240422435e-13,-4.22890075289252e-12,-6.6306565060112935e-12,8.137138382002023e-12,1.0104372128847969e-11
treat_p0,-8.562700679390551e-13,1.3949770058763416e-12,-8.947299323624766e-13,-3.973764979826664e-12,9.458427790322657e-12,1.7669657407555346e-12,-1.4806885341485764e-12,4.768067508540414e-12,1.955624652527271e-12,-1.547525258179662e-13,5.966593734781411e-13,-7.207761993121163e-13,-2.038242293327975e-12,4.6447106228659676e-12,-5.841192952567413e-13,-2.6637051018824524e-12,7.860341304717328e-12,2.040844981838785e-12,-1.0572153129134172e-12,1.306080009752093e-12,-1.4627782713511809e-12,-4.228343992935066e-12,5.0504368940969256e-12,2.2325899320687978e-12,-1.2173122521565312e-12,1.9148193043147305e-12,4.0122261401588505e-12,-7.643238659204714e-13,5.543440761307627e-13,-6.418878114165068e-13,-2.8387152822845503e-12,3.5949715929456685e-12,1.4988472714926628e-12,-9.49799801412052e-13,6.825200336023065e-12,2.906417570096055e-12,-7.61504312551426e-13,1.0046864186415375e-12,5.011835951603282e-13,-3.8649229758417316e-12,2.536247192133678e-12,-7.07101172446727e-13,-3.3821728177525156e-12,5.840666734496109e-12,3.1050411802514992e-12,4.566472563091385e-13,1.2593158483509055e-12,-1.95408784991838e-12,-1.2429068732107359e-12,2.704136891661111e-12,-3.3184695913843487e-12,-4.4880378611402135e-12,-2.741499649452586e-12,2.212753950288736e-12,-7.435917382505365e-13,6.618816566546738e-13,-1.7713765767217277e-12,-2.3091855922924527e-12,1.4576137665378376e-12,1.1599967913980877e-12,-1.966070740184289e-12,-2.738104718624968e-12,1.7378795159079682e-12,5.889769666770143e-13,-1.1413069080393895e-12,4.948214899033463e-13,3.4724420044422435e-12,-3.995823589943512e-12,4.885113473329782e-13,-1.397100471182385e-12,-4.203312530021976e-12,-5.023848120617334e-12
treat_p1,5.539692241122224e-13,-1.0776809971479229e-13,8.079644846125439e-13,4.09993080996351e-12,1.7669657407554905e-12,9.454428868750596e-12,3.746962728196728e-12,-5.4015807491008e-12,-3.82812944087529e-12,6.957138086713096e-13,1.8177681641586304e-13,6.228093773829528e-13,6.662649604609036e-13,1.0533853667407997e-12,4.8336117762225425e-12,1.8922712254684276e-12,-3.064855151703686e-12,-6.277339447670659e-12,5.570117617988701e-13,1.631637753893041e-13,3.577239064978e-14,1.4042546088062795e-12,1.1628344397218782e-12,5.750540753045418e-12,2.2796990269416832e-12,-2.1127551538389808e-12,-1.709288218606696e-12,-1.5324508823579222e-13,-2.9638827655109216e-13,-9.99316172142682e-13,-4.8041470304479026e-14,-2.4768521775144937e-12,6.431609474541695e-12,4.711875530725092e-13,-3.522926001639747e-12,-2.007224409966601e-12,6.544705779031403e-13,-1.640864000003374e-13,-9.430617236626957e-13,1.0969149876191777e-12,-2.121806230148836e-12,8.706633105096365e-12,9.186469594484744e-13,-1.9439582016798648e-12,-8.634144834988737e-13,7.63822273887404e-14,-1.4567137566504497e-13,-3.3199423503137277e-13,-6.478528817150757e-13,1.8189125242650296e-12,8.50403976303158e-12,5.029096730658577e-13,-1.9572356926093317e-12,1.1186822936051452e-12,1.9502318309365195e-13,8.180735597188297e-13,-3.398881593312215e-13,1.8418072108463983e-12,2.465377572626376e-12,8.224424683034324e-12,1.556835422115052e-12,-3.4347933658418367e-13,-3.14984837841644e-12,-2.35369614715317e-13,4.953464394978983e-13,8.616187064864184e-13,-1.6587589047682003e-12,1.134638481792995e-12,-5.86831362419251e-12,4.5198123820470675e-13,3.872576235961945e-12,4.776015173544717e-12
treat_p2,1.1032906072492114e-13,-1.943737648769273e-12,4.4145925774829955e-14,1.4034843931707494e-11,-1.4806885341485646e-12,3.746962728196708e-12,1.9526407123828013e-11,-2.5193054704079116e-12,-4.815847170587035e-12,-3.985170589758406e-13,-3.512504006663073e-13,-1.538808174197652e-12,1.1422187199408999e-11,-1.1559691497619064e-12,-2.4932391512748036e-12,1.1884860737792738e-11,-2.522078119206357e-12,-2.234056446572863e-12,-9.215988331209874e-14,-1.9713261561642223e-12,-3.6202757735637386e-13,1.4302026414062206e-11,-4.5017581323519224e-12,3.0274387538188784e-12,1.3756510532076065e-11,-1.9063960058844867e-12,-3.744103920603709e-12,2.972074857555521e-14,-5.234695680235286e-13,-1.6180647746426367e-14,1.0768692433406516e-11,-1.6034806458093268e-12,7.061390002534371e-13,1.833690269695538e-11,-5.009192213794368e-12,-5.36516410053614e-12,1.0861129147087398e-12,-1.663204372888192e-12,-3.95666948193766e-12,9.45523867625472e-12,7.901318626525308e-13,1.1433108957021307e-11,1.7422874240245598e-11,-1.024324689464306e-11,-4.040987855474799e-12,-2.3722819703152355e-12,-2.1149964012747064e-12,1.0181759652020314e-12,-4.3922786139823755e-13,4.077697836763611e-13,6.165956700487566e-12,1.3699345417979853e-11,3.3004137247266873e-12,-1.6016555524415348e-12,-9.36802084861575e-13,9.324653534067602e-13,2.948863431630301e-12,7.010155705360902e-12,9.92791391747513e-12,3.709243784177564e-12,1.6962388151527127e-11,1.2154862387364021e-12,-4.820212263656827e-12,2.4310954346732995e-14,2.056664769633013e-12,8.328191332864343e-13,-1.261979611262916e-11,-1.7327733158835877e-12,-3.4582725686296537e-12,-1.1324417116982073e-11,4.4781164838700325e-12,7.75983084694857e-12
treat_p3,-1.3619162902411324e-12,8.380374286900972e-13,-1.6344500793193318e-12,-7.767542728750586e-12,4.768067508540445e-12,-5.401580749100815e-12,-2.5193054704078724e-12,1.8354713184174862e-11,6.807865717270043e-12,-1.3051068018993515e-12,5.000609692526595e-13,-2.595877097658257e-12,-1.7746874921837745e-12,3.647186090657985e-12,-2.682016605695014e-12,-4.317735345399441e-12,1.8007825095648758e-11,9.503895622580106e-12,-1.3032664365613184e-12,2.9962087855967305e-13,-2.0432086800044376e-12,-3.4809026209610965e-12,2.5998913390055706e-12,-3.444343159646488e-12,-2.647276334993992e-12,9.967625831172805e-12,6.754097644418547e-12,-2.921152341969774e-13,-1.2607067652424787e-13,6.428797389824024e-13,-1.6102573310640214e-12,5.176011069157207e-12,-4.8240517572634e-12,-8.873300849719493e-13,1.424749946251549e-11,5.000400225821887e-12,-1.3305726913647183e-12,4.3365712815419866e-13,4.244174880685133e-13,-3.967627644303344e-12,6.4035570679747625e-12,-7.946788884659209e-12,5.543306560417747e-13,9.97360109408819e-12,1.825758087559739e-12,2.944832818804068e-13,1.046142013188747e-12,-2.053219441702996e-12,-1.3210472040143026e-12,1.7869453914042316e-12,-1.0417615438533775e-11,3.7260343842508707e-13,6.5916158198447105e-12,1.389746352743065e-12,-1.1111109428011162e-12,-9.010235809355159e-13,-2.013697289512743e-12,-2.4936387459036965e-12,1.3025287551456596e-12,-5.76566125377755e-12,1.5845359172394881e-12,5.898461188304605e-12,6.502178335673148e-12,9.691976528297738e-13,-9.309762648220822e-13,4.3369914638786577e-13,3.7015710771666515e-12,-6.25068628448002e-12,4.650293928677076e-12,-4.795684909998856e-12,-1.3643895648790828e-11,-9.797092989548628e-12
treat_p4,-4.184605855679499e-13,9.370467430486753e-13,-6.364091712427708e-13,-6.303546001525511e-12,1.955624652527276e-12,-3.828129440875312e-12,-4.815847170587004e-12,6.807865717270021e-12,9.328289882445285e-12,-3.000792120505725e-13,3.583975255663987e-13,-2.246524646570989e-13,-4.284224640361391e-12,1.602388382374905e-12,-2.6599817762411812e-12,-2.9368542448958856e-12,7.894146409790126e-12,9.426696993837376e-12,-2.671645857213786e-13,1.015782295294631e-12,-5.326269450911046e-13,-4.370900470214525e-12,5.3203483719912986e-14,-3.223599629635938e-12,-3.1232384329768583e-12,3.837909203329415e-12,6.1064528165044275e-12,6.318490546198005e-13,5.978128223919793e-13,1.1644903855994138e-12,-2.8162641461158906e-12,3.3797152750995135e-12,-3.6989835391049785e-12,-2.467495247601674e-12,6.00555355309955e-12,4.055805253349255e-12,-5.742753794183375e-13,8.488643593682521e-13,7.368114563268052e-13,-3.2518457469908487e-12,6.071849598365069e-13,-6.505239106797201e-12,-3.841773530747663e-12,6.231362232619563e-12,5.254423285724294e-12,1.0227391858250442e-12,1.1740308490396545e-12,-1.1147475505957194e-12,-5.887905661194089e-13,1.3607184100191706e-12,-6.303476663599209e-12,8.146334423364954e-13,2.051882921936641e-12,2.804729285491698e-12,1.0670608489495055e-13,-2.960982037585425e-13,-1.3295884277462791e-12,-4.3404973700145065e-12,-3.7901809913567576e-12,-5.503078180571957e-12,-3.2911947071816933e-12,2.274940763198753e-12,6.984668476071719e-12,-1.9492493453761486e-14,-1.3285907442106262e-12,-4.1772697873589954e-13,4.264845566572797e-12,-1.982711758559041e-12,3.3522313947578408e-12,-1.10146241935124e-12,-5.631543084507365e-12,-8.551690734324424e-12
L4treat_m4,1.8425456325804086e-13,8.993911240218362e-14,3.597968816152792e-13,-9.566280130504177e-14,-1.547525258179649e-13,6.957138086713094e-13,-3.9851705897584064e-13,-1.3051068018993521e-12,-3.0007921205057225e-13,3.1677545900254476e-13,3.4010271370263036e-14,5.364228778307105e-13,-5.775035904593521e-13,9.55824426040198e-14,9.646798028606088e-13,-1.1896612149788158e-13,-1.363561780554038e-12,-1.5785876875868805e-12,1.603440662931126e-13,7.686706028843295e-14,2.9430960060298004e-13,-7.4029873129432e-13,3.7807413466063584e-13,4.2923544243469987e-13,-1.631344500598261e-13,-3.0638211466109797e-13,-9.010418669569822e-13,1.4661514787325822e-14,5.6489190344236383e-14,-1.0706563249930995e-13,-9.15193716535681e-13,-2.566304240103666e-13,1.11763624679242e-12,-1.051035296322332e-12,-1.303598348322152e-12,-8.785859794196534e-13,1.1587752073330457e-13,4.059846824499979e-14,1.0176093573508003e-13,-4.686155906694979e-13,-7.250346409412052e-13,3.362155701493203e-13,-1.4699007195758611e-12,-4.566682433030553e-13,-1.8370717327115346e-13,1.4794890218328038e-13,5.5217508956322883e-14,-1.3959938703620955e-13,-8.700271596719595e-15,-7.448583043302567e-14,1.2748301381784783e-12,-1.1008470746132602e-12,-9.647156144085206e-13,6.45984791280806e-13,2.3131289337650595e-13,9.300654963894407e-14,-1.1425511322536241e-15,-3.944600341223511e-13,-4.347792122166456e-13,1.1087216038782469e-12,-4.51127619927336e-13,-5.128182161562796e-13,-4.98800860963654e-13,-1.168297580002704e-13,-2.1096076775350743e-14,-2.983033863122251e-14,6.116871924116624e-13,6.039328641891737e-13,-5.782493778668482e-13,1.050897004555951e-12,1.0585631395846453e-12,7.925198011557913e-13
L4treat_m3,-9.196769113082133e-14,2.2217836683714578e-13,8.769832952811483e-14,-9.119945529329137e-13,5.966593734781347e-13,1.8177681641586243e-13,-3.5125040066629027e-13,5.000609692526594e-13,3.58397525566393e-13,3.4010271370263585e-14,2.0888563617851835e-13,1.7559938576900045e-13,-5.949175901683401e-13,6.126254341695793e-13,5.051650160134567e-13,-2.540692543822611e-13,8.465830316744657e-13,1.744553662020338e-13,-9.75017424049224e-14,2.524485400674496e-13,7.466672375052372e-14,-1.0295481564032551e-12,4.187604941157702e-13,3.8935635518760024e-13,-3.609390165593807e-14,8.335535218715582e-13,9.431582410084916e-13,-5.817165075909935e-14,5.815796374910193e-14,8.55217996435616e-14,-6.704037557648018e-13,2.8136467509600424e-13,3.5007311093797223e-13,-5.557431170938118e-13,9.982588805038942e-13,6.197591290262656e-13,-9.174971202953069e-14,1.508672051280382e-13,4.3541627635177407e-13,-6.886658923418486e-13,6.174504785981395e-14,-4.4634991375685354e-13,-3.4666138164335154e-13,1.542771326846569e-12,6.18774501763815e-13,1.1090076365507326e-13,2.3130875836589346e-13,-2.1691090180545414e-13,-3.269087339449107e-13,4.703947899312527e-14,-1.1670815759105047e-13,-7.744800876136301e-13,-4.441892090736719e-13,8.2622306353952e-14,-3.02779427187724e-14,1.0604556259666406e-13,-2.0798354927305874e-13,-2.6366646266349157e-13,-4.1765711363276206e-13,2.992540349840294e-13,-3.091262850078845e-13,-3.5823569689732917e-13,-2.6852650185683963e-14,5.03549925452697e-14,-2.158079854532505e-13,-9.383057610972326e-14,9.071171866655546e-13,1.1130890451965326e-13,1.614606717443585e-13,2.4881150600328014e-13,-4.288145440672576e-13,-3.842323094348093e-13
L4treat_m2,1.7655001368116908e-13,-3.335754029702299e-14,1.0462871807848847e-12,-1.938602230752106e-12,-7.207761993121308e-13,6.228093773829443e-13,-1.5388081741976426e-12,-2.5958770976582557e-12,-2.2465246465711158e-13,5.364228778307112e-13,1.7559938576900088e-13,2.162890742154796e-12,-2.0601005177213005e-12,-7.675606825146972e-14,3.235364511669266e-12,5.3052905112896604e-14,-4.455503089242871e-12,-3.456890267425288e-12,1.6858300583222123e-13,3.813051378666749e-13,1.2617506778331523e-12,-3.5051992120492673e-12,5.006389679692325e-13,3.768508621993779e-13,-4.656661705619143e-13,-7.62139058307229e-13,-8.542179830556625e-13,4.309194982003051e-14,-1.5998549691065065e-14,4.5046755006223226e-13,-2.732054103802277e-12,-6.365471666072457e-13,2.3094113426817153e-12,-2.1876897965086688e-12,-1.7373246359500646e-12,1.9414971977630519e-13,5.3471248340688194e-14,5.4061312068613344e-14,1.4571878168230395e-12,-1.5114470440136785e-12,-1.268508847430296e-12,1.7121978632928279e-13,-2.1871613622031925e-12,1.0604153029596033e-12,4.463476690000276e-13,3.208875494558349e-13,8.62116803537596e-14,-1.7710963976749134e-13,-6.445273636289557e-13,-4.833867316772187e-13,2.1230137685885756e-12,-2.0970326293002785e-12,-1.6555091889167407e-12,7.500495229151386e-13,5.709302594103401e-13,-7.887263063432198e-14,1.2925390936610835e-13,-9.89795063948375e-13,-2.5086296674728545e-12,2.5023768956228178e-12,-1.365079110801296e-12,-1.2232517923710989e-12,-8.256748792434969e-13,-1.4234231567252767e-13,-4.5221890842019865e-14,-6.449139331353148e-13,2.8510461041614275e-12,2.2761374757857943e-12,-8.561837559155107e-13,2.3930042614426726e-12,2.0226679169550897e-12,1.4355456436684736e-12
L4treat_m1,3.948575947403585e-13,-1.8074115513495928e-12,-3.299379891166244e-13,1.3430126514793522e-11,-2.0382422933279952e-12,6.662649604609123e-13,1.1422187199409033e-11,-1.7746874921837743e-12,-4.284224640361412e-12,-5.775035904593541e-13,-5.949175901683484e-13,-2.0601005177213187e-12,1.233337795783466e-11,-2.7991732750180614e-12,-4.067949871987653e-12,8.843294730335772e-12,-3.5939067682077653e-12,3.311335159187349e-13,2.9362187283914523e-13,-2.1964561310132693e-12,-5.191708973215313e-13,1.4757468290312948e-11,-3.783767395135526e-12,7.685249143650571e-13,7.1976434852531735e-12,-4.393653068451667e-12,-3.796964334584076e-12,2.53057869367886e-13,-4.821335412365862e-13,-3.517924322154084e-13,1.1545064412941724e-11,-2.352009746779685e-12,-1.2295263372269208e-12,1.3345917150634636e-11,-5.195831053693513e-12,-4.244515635714687e-12,8.695156318780317e-13,-1.3407040799021561e-12,-3.946156191976535e-12,9.675623527539167e-12,2.0436428058891115e-12,7.60061636057998e-12,1.3533100892272628e-11,-1.3018953463611374e-11,-5.299261301928804e-12,-2.0000959848394346e-12,-2.334341774273618e-12,2.2945013777463943e-12,2.1215944306787704e-12,1.0654722934103592e-14,2.6682992217678703e-12,1.1524224793772337e-11,4.867933446270989e-12,-2.7732762017381503e-12,-7.269726448994067e-13,2.625239776032068e-13,2.9723672563804413e-12,7.174885275217288e-12,9.52883779952672e-12,4.3813060422785533e-13,1.2235630043272557e-11,2.6061695661276403e-12,-2.3225702887189323e-12,-6.833845428975245e-14,2.120218394022333e-12,1.0175556605106073e-12,-1.284469297374084e-11,-2.2361751985509903e-12,-1.765346705317757e-12,-7.37000975748375e-12,3.161792871295055e-12,5.8340004414885965e-12
L4treat_p0,-4.753843058077489e-13,1.2108166854517893e-12,-1.1258860881708255e-13,-3.8488735161642804e-12,4.644710622865954e-12,1.0533853667407714e-12,-1.1559691497619306e-12,3.6471860906579556e-12,1.6023883823748964e-12,9.558244260401821e-14,6.126254341695817e-13,-7.675606825146233e-14,-2.7991732750180844e-12,5.56591926644153e-12,1.3665482202818307e-12,-8.564802007151402e-13,4.2957342450449534e-12,-4.759939224147562e-13,-4.116482359552833e-13,1.0162956593798743e-12,-4.4575596152072534e-13,-4.290395019500774e-12,4.47985073894178e-12,2.254836750324853e-12,9.501581849516454e-13,4.279737049536216e-12,4.314747840360209e-12,-4.0274374842274495e-13,1.5149030603827637e-13,-5.435406011974424e-13,-3.6876252729717384e-12,2.747988322230165e-12,2.3062763611756952e-12,-2.0323647017007366e-12,4.5243330715170604e-12,2.16307418910951e-12,-2.476029257799953e-13,6.611177008783305e-13,1.2073160609451312e-12,-4.157547488443132e-12,1.0753183650605541e-12,-1.7044532730489507e-12,-2.3214759441559217e-12,7.1627473336852805e-12,2.9677428298796386e-12,4.091185872249587e-13,8.927533944223344e-13,-1.18759334274221e-12,-1.826138749739403e-12,6.838204724790021e-13,-6.28485724635155e-13,-5.445386864348815e-12,-2.4834584847250178e-12,2.5068420764917486e-12,-2.2647070938892416e-13,7.933673713435213e-13,-1.4498920090174613e-12,-1.891083354614043e-12,3.348060971797679e-13,1.834561969658227e-12,5.210523263494295e-13,-1.6107322064238566e-12,8.90243284555545e-14,2.4040597007441787e-13,-1.015162669164236e-12,-8.988907132109847e-14,4.127436234778e-12,-1.3705218632487531e-12,8.861034667490996e-13,2.555796324818115e-13,-2.154159156983493e-12,-2.4269611041822355e-12
L4treat_p1,1.2952236566381068e-13,-9.42369999915364e-15,1.944265359822714e-12,-3.686877217624756e-12,-5.841192952568127e-13,4.833611776222547e-12,-2.4932391512748367e-12,-2.6820166056950226e-12,-2.659981776241173e-12,9.646798028606058e-13,5.051650160134551e-13,3.2353645116692867e-12,-4.067949871987664e-12,1.366548220281831e-12,1.0727023956854624e-11,-1.53410593640396e-12,-6.215419549656916e-12,-9.341728347873074e-12,1.3514696348280648e-13,4.578803667947213e-13,1.6400915150055097e-12,-7.234408183234904e-12,3.0367974755179705e-12,3.548707895261477e-12,-2.2323678999786682e-13,1.3948598237082776e-12,-9.117985116103553e-13,-6.965232470331291e-13,-6.036572158926751e-13,-2.2962270059816496e-13,-6.41353148506161e-12,-1.8835593636891833e-12,7.747952233077119e-12,-6.239012779263734e-12,-1.5254086496643942e-12,8.458229770586732e-13,6.08384382082713e-14,-2.6936610325531746e-13,2.4964837958054e-12,-3.9213985814651926e-12,-1.5336204179070041e-12,2.1514169827438775e-12,-3.825158977422823e-12,5.128321133026172e-12,-6.301158517819866e-13,4.202198824163939e-13,3.7539626010668165e-13,-1.0812614787276382e-12,-2.5403921169569754e-12,-1.199128236045478e-12,5.999176247479888e-12,-6.487846651337127e-12,-3.4263092000258176e-12,1.4584951801287907e-12,5.648639629726434e-13,8.208808529830668e-15,-4.4852768464848627e-13,-8.730570993837074e-13,-2.312025584028218e-12,7.44214975891435e-12,-1.3107022564549517e-12,-6.628143501353604e-13,-3.4267977444858434e-12,9.713516947702687e-14,1.5886608675712193e-13,-5.441230778938234e-13,5.694627143801936e-12,3.3625271585160395e-12,-3.981926445223905e-12,4.949818629555572e-12,1.8499103934012543e-12,3.8224855184371244e-12
L4treat_p2,4.3197368662067857e-13,-1.6183771944413976e-12,8.054532049021303e-13,1.1213773318211538e-11,-2.6637051018824504e-12,1.8922712254683852e-12,1.188486073779263e-11,-4.3177353453994435e-12,-2.9368542448958444e-12,-1.1896612149788125e-13,-2.54069254382268e-13,5.305290511290135e-14,8.843294730335736e-12,-8.564802007151341e-13,-1.5341059364039438e-12,1.3817269172831675e-11,-8.952057965258208e-12,-3.051042190158199e-12,5.608865387358917e-13,-1.1549123272079616e-12,9.711052205263839e-13,9.622033092111778e-12,-2.8086588715165256e-12,1.7650370768926915e-12,1.0568433885243921e-11,-4.929469133564273e-12,-1.1046857105273935e-12,4.825158416475267e-13,-6.826329901866514e-13,-3.152054954497359e-13,7.586956129813532e-12,-2.9637742220202963e-12,1.2039010957335126e-12,1.4143548115682165e-11,-6.503376588112874e-12,-1.5921328629239875e-12,1.1899173712049007e-12,-1.1825702907012272e-12,-1.7430558284007766e-12,6.8943094317556475e-12,1.050130711562121e-13,8.548110404896617e-12,1.2486608871668763e-11,-9.92540507130053e-12,-1.6935927364292299e-12,-1.7033812629756534e-12,-2.448908398324825e-12,2.380730336146313e-12,-1.8496877001725015e-13,-1.3558713881104007e-12,5.720100800429055e-12,8.602345171240167e-12,2.139047044994695e-12,6.216250854527377e-13,1.2806924113116842e-13,9.1273565254484e-13,2.912281733522081e-12,5.799083815889925e-12,6.725050647754818e-12,4.885239694455866e-12,1.415399112724741e-11,1.6058714865670164e-12,-2.0405630311835895e-12,-4.1108185379963063e-13,1.6840467814046683e-12,-2.0608478672546277e-13,-9.090853733722252e-12,9.625860639991693e-13,-2.0435876039702323e-12,-7.0694082904367045e-12,6.3824336902031976e-12,5.771167443729569e-12
L4treat_p3,-1.3959332372044717e-12,2.181757690823772e-12,-2.9963577178177562e-12,-8.503658867544393e-12,7.86034130471737e-12,-3.0648551517036863e-12,-2.5220781192063456e-12,1.8007825095648803e-11,7.894146409790171e-12,-1.363561780554038e-12,8.465830316744718e-13,-4.455503089242877e-12,-3.5939067682077624e-12,4.295734245044986e-12,-6.215419549656909e-12,-8.95205796525822e-12,3.3939929059777705e-11,1.6520197697437714e-11,-1.5452939711992075e-12,1.1166924443004561e-12,-3.857813529311336e-12,-1.243443105572815e-12,5.412783811616561e-14,-2.565539860529898e-12,-6.0860584005689786e-12,1.3611754175249116e-11,7.677741117754211e-12,5.884954809548764e-14,1.064562839434075e-12,1.1316757526977004e-12,1.4543722716225574e-12,8.298184124572796e-12,-7.921717125021541e-12,-1.887038394301197e-12,2.0641801988809767e-11,2.200759560689546e-12,-1.5892422643329505e-12,1.3215433054419624e-12,-1.2997307323216559e-12,-2.151530379680454e-12,4.9651946334013165e-12,-7.604803768363643e-12,-1.2171108332868312e-12,1.335366664219016e-11,1.551092922054073e-12,1.2059014871452494e-12,3.0315156858994394e-12,-3.1387701302062894e-12,1.748547112654048e-13,5.914252660206102e-12,-1.158337168838078e-11,3.709803360079159e-12,6.984681226572695e-12,-1.7199880055503971e-12,-1.8357319039276056e-12,-4.0058157803566974e-13,-3.52526523412983e-12,-3.205599663014768e-12,-1.39502575544493e-12,-1.0024982395943416e-11,-5.8981727312953514e-12,2.500743363949996e-12,5.326076589056877e-12,8.764658829164918e-13,-2.3807905472406833e-12,1.1406748906595252e-12,2.4256349464901164e-12,-8.424445056902453e-12,4.8176907324810205e-12,-5.936257460033517e-12,-1.750464771138123e-11,-1.2143890555695969e-11
L4treat_p4,-8.432431348760399e-13,5.547125663592505e-13,-2.6435869078014217e-12,-2.3521401368533194e-12,2.040844981838815e-12,-6.277339447670659e-12,-2.2340564465727967e-12,9.503895622580146e-12,9.426696993837556e-12,-1.5785876875868818e-12,1.744553662020426e-13,-3.456890267425279e-12,3.3113351591874366e-13,-4.759939224147388e-13,-9.341728347873071e-12,-3.0510421901582184e-12,1.6520197697437727e-11,2.113448242918431e-11,-8.507960043784784e-13,2.9549921721938665e-13,-2.1944654952434783e-12,3.695031600262825e-12,-3.70176076665378e-12,-4.31450232115129e-12,-3.5321288792158605e-12,3.778124762616051e-12,9.36108082311866e-12,9.90192800620704e-13,9.240475229337647e-13,1.6096029123361948e-12,5.558074889887356e-12,4.3851809859602e-12,-1.0261937236809504e-11,2.5649284675735405e-12,1.0958545393573618e-11,5.289031351180895e-12,-9.770193920515915e-13,7.516768361307293e-13,-1.2983282433862213e-12,2.2917496924750164e-12,3.430621216213136e-12,-7.163387929475159e-12,3.4098543676292736e-12,4.0904272183631155e-12,4.729034058459515e-12,3.3415407579937214e-13,8.953919045757294e-13,-7.36998115769896e-14,9.249622096506296e-13,2.6165999496891384e-12,-1.1193596794169342e-11,9.264880133378303e-12,7.193716634978268e-12,-2.1112244683118256e-12,-1.1085852551159519e-12,-5.258880618098663e-13,-7.658374471790766e-13,-1.5728443504675645e-12,-1.411785534855455e-13,-1.2483645995412626e-11,-3.660579451543756e-12,3.672582856939526e-12,8.392862721580406e-12,2.4180229385923166e-13,-1.3400803244162285e-12,1.9497634269766814e-13,-2.1627191417218525e-12,-5.019872467213689e-12,5.46117709332268e-12,-5.076134996679196e-12,-9.531231729495726e-12,-1.1217356615931307e-11
L8treat_m4,3.2518351934614776e-13,-1.8586537988116162e-13,2.2022744399955752e-13,1.1555947121246383e-12,-1.0572153129134198e-12,5.570117617988707e-13,-9.215988331209316e-14,-1.3032664365613192e-12,-2.671645857213814e-13,1.6034406629311175e-13,-9.750174240492266e-14,1.68583005832219e-13,2.9362187283914684e-13,-4.1164823595528303e-13,1.3514696348280855e-13,5.608865387358969e-13,-1.5452939711992081e-12,-8.507960043784785e-13,4.2681383881754404e-13,-1.5870693916032152e-13,2.1802391993281794e-13,9.549652117936174e-13,-4.1005653850939717e-13,-5.326905571872363e-14,-2.261675666793646e-13,-7.2629348418146e-13,-1.047250345550338e-12,2.579164631176265e-13,-8.895713799200868e-14,-4.735959499238593e-14,4.080111035775545e-13,-5.581394182289728e-13,4.1715917104891156e-13,-1.2813761484768505e-13,-1.936370280575752e-12,-1.103401861938032e-12,2.7260575482723194e-13,-1.142623218172188e-13,-3.57755722787021e-13,6.771313433861551e-13,-6.110153380215551e-13,8.665134263506853e-13,-1.957051588122002e-13,-1.9395003453713907e-12,-5.986407896383096e-13,7.653385216820874e-14,-2.2970819460644375e-13,4.270911107088533e-13,5.113413333375256e-13,2.7679546193248097e-14,1.3459398160535012e-12,6.847414006171273e-13,5.679990972239893e-13,4.346402027214138e-13,2.9213278453847417e-13,-7.052234547008312e-14,1.702127326477911e-13,4.2658266792427923e-13,-1.614699540974667e-13,5.372461683261956e-13,2.181493643060033e-13,6.30032203637721e-13,-1.010574879801651e-13,-2.2129549609244885e-13,2.1310545996931096e-13,7.628095480988382e-14,-7.037817200805136e-13,5.760353817468805e-13,-4.693091524910064e-13,6.313284123303499e-13,1.269775066998906e-12,1.1087098944668669e-12
L8treat_m3,-1.680184260419929e-13,5.40791053421326e-13,2.0560113679953635e-14,-2.6764257284817733e-12,1.3060800097520834e-12,1.631637753893036e-13,-1.971326156164196e-12,2.99620878559672e-13,1.0157822952946395e-12,7.68670602884332e-14,2.52448540067452e-13,3.8130513786667733e-13,-2.1964561310132584e-12,1.0162956593798626e-12,4.578803667947202e-13,-1.1549123272079532e-12,1.1166924443004479e-12,2.9549921721938397e-13,-1.5870693916032073e-13,6.980825425950594e-13,8.088546562270756e-14,-3.0578810359159856e-12,8.846036368672066e-13,3.466141778426522e-13,-1.0178738301401177e-12,8.227226982392487e-13,1.8109243091562292e-12,-6.66864356720295e-14,1.8991268409109573e-13,9.312858011214644e-14,-2.143420371239898e-12,6.010099767856509e-13,3.311209362165445e-13,-1.9454382758008555e-12,1.8698774775337542e-12,1.6355030422591134e-12,-2.0783288362565715e-13,4.499946808825253e-13,9.998442242168923e-13,-2.0003706442122716e-12,-4.2417403561839767e-13,-1.2751679379241707e-12,-2.2766901831234445e-12,3.3944204576001906e-12,1.7860940824642566e-12,4.1793778594649833e-13,5.763413583676821e-13,-4.293962293072638e-13,-5.146741017264502e-13,2.0070333714187502e-13,-7.826335873348115e-13,-2.5442429668261406e-12,-1.512032622892958e-12,3.321171629900005e-13,6.446402486746733e-14,1.8943808104180787e-13,-6.40066811085114e-13,-1.352553164300098e-12,-1.8638871844154027e-12,1.589021977358344e-13,-2.332957125622477e-12,-1.1254243425921014e-12,4.72871594416625e-13,4.0019041804864815e-14,-5.79892094172019e-13,-2.6127365629405524e-13,2.546162186488254e-12,3.676014363486352e-13,4.601466712269181e-13,1.0049941701682762e-12,-7.091504507723652e-13,-1.5440407937024303e-12
L8treat_m2,2.43034735777429e-13,-1.335528712723589e-13,8.281999031186272e-13,3.0455824624042978e-15,-1.4627782713511914e-12,3.577239064978188e-14,-3.620275773563682e-13,-2.043208680004436e-12,-5.326269450911182e-13,2.9430960060297974e-13,7.466672375052353e-14,1.2617506778331578e-12,-5.191708973215141e-13,-4.4575596152072923e-13,1.6400915150055014e-12,9.711052205263802e-13,-3.8578135293113386e-12,-2.194465495243485e-12,2.1802391993281913e-13,8.088546562270412e-14,1.2998394026499392e-12,-9.818339585704324e-13,-2.303359787704707e-13,1.9148380709388612e-13,3.0023335645566984e-13,-5.025795080806168e-13,-7.035214663077478e-13,1.5893473929646841e-13,-1.4455232377977388e-13,5.508581334680294e-13,-6.469123840382423e-13,-6.27892203356422e-13,1.0616532298102444e-12,-2.909483527854671e-13,-1.6331624843623267e-12,7.588370442115824e-14,1.4307589288866672e-13,-1.1507669469550832e-13,1.1488155130085345e-12,9.321124454800548e-14,-6.209946262116718e-13,2.5551954606710334e-13,2.545842541729664e-13,2.1056271681840765e-13,3.2011092332398564e-14,7.551369899020829e-14,-2.0088721215181275e-13,4.638727560263787e-13,-2.430207773645916e-13,-4.59690741784787e-13,1.7451983004605741e-12,-2.0530178558417967e-13,-5.024147473068431e-14,-5.2906124727795444e-14,4.197335074969831e-13,-4.651364392548184e-14,5.598327043833889e-13,7.990743729595949e-14,-1.6229788700587223e-12,1.3359285237958006e-12,2.3955547996070306e-13,-2.0826075784392933e-13,-1.0095776175830976e-12,-1.6153554121732855e-13,1.2555669778288195e-13,-6.249270478298638e-13,9.075221033869422e-13,1.833539910071558e-12,-3.002189905028317e-13,1.2109547570489924e-12,1.6283227961893034e-12,1.6471728178007306e-12
L8treat_m1,1.0143226383362446e-12,-2.293588907941048e-12,-9.08428567223382e-13,1.9041550824669544e-11,-4.228343992935077e-12,1.4042546088062878e-12,1.4302026414062192e-11,-3.4809026209610856e-12,-4.370900470214522e-12,-7.402987312943197e-13,-1.0295481564032612e-12,-3.505199212049284e-12,1.4757468290312912e-11,-4.290395019500763e-12,-7.234408183234885e-12,9.622033092111778e-12,-1.2434431055728099e-12,3.695031600262832e-12,9.549652117936152e-13,-3.0578810359159936e-12,-9.818339585704457e-13,2.2172637920781924e-11,-6.604265103829247e-12,4.883888973141761e-13,7.544284535489661e-12,-4.917512479015291e-12,-5.714323983810819e-12,9.716997858359681e-13,-4.037344273837367e-13,-1.9125901664547884e-13,1.685049287796248e-11,-2.407833838831129e-12,-3.2592223185819727e-12,1.6272511996362307e-11,-7.451991493680707e-12,-8.130582500399005e-12,1.4521588301512364e-12,-1.8022601044415884e-12,-6.447154659209985e-12,1.4631695305661785e-11,1.5360181280309149e-12,1.0194373653589051e-11,1.6667584541790748e-11,-1.8285456545491867e-11,-7.332659348461401e-12,-2.18606870456233e-12,-2.779770572194122e-12,3.504570109752458e-12,3.8994822328839416e-12,1.4332679088669664e-12,4.194610917212024e-12,1.8361421971723056e-11,8.999808592924572e-12,-3.5727159683752557e-12,-7.444655260794077e-13,2.5770663639228495e-13,3.6121607059080764e-12,9.277699833161772e-12,1.0704624772021396e-11,-1.888399280995603e-12,1.3479277956126828e-11,4.733556266517906e-12,-2.8931551685754653e-12,-4.986484772968278e-13,2.4931765802976897e-12,1.4886039874340798e-12,-1.8318996191951727e-11,-3.0350599588878075e-12,-2.277435831588907e-12,-8.970367104074604e-12,4.095082604669982e-12,7.56284951573179e-12
L8treat_p0,-3.3966634144233125e-13,1.1149034143434992e-12,1.3113010784091603e-14,-4.707140275347665e-12,5.0504368940969555e-12,1.1628344397218664e-12,-4.501758132351926e-12,2.5998913390055524e-12,5.3203483719928707e-14,3.78074134660637e-13,4.1876049411577005e-13,5.006389679692439e-13,-3.783767395135524e-12,4.479850738941855e-12,3.0367974755179636e-12,-2.8086588715165086e-12,5.412783811615052e-14,-3.701760766653775e-12,-4.1005653850939223e-13,8.846036368672096e-13,-2.303359787704662e-13,-6.604265103829245e-12,7.259812039138942e-12,1.6341615031038456e-12,-1.4422845728610218e-12,2.151849549752938e-12,1.872328417887508e-12,-9.364288239399345e-13,3.91683850518388e-14,-1.382534359272899e-12,-6.182778604151073e-12,1.4357164591374937e-12,4.077156778162341e-12,-5.8306176902034725e-12,2.627862457884435e-12,2.090672795994625e-12,-4.2146974907078317e-13,5.620728767374578e-13,1.466081647443324e-12,-5.674130266615399e-12,1.4064296173972078e-12,-1.8695453372027865e-12,-6.940242099375119e-12,5.411182832739519e-12,1.6659786076733403e-12,4.2525247510451647e-13,6.158839855451455e-13,-1.2654076337303207e-12,-1.8440385457798112e-12,-2.3019152347784446e-13,-1.0947209217656601e-12,-9.845181575017175e-12,-4.207515126539006e-12,3.828901635081087e-12,2.7452203942126393e-14,4.614501072315456e-13,-1.6767312021509842e-12,-2.7176273637294235e-12,7.295716642576886e-13,3.177683524388718e-12,-1.5691569460251152e-12,-1.760849066410482e-12,3.002775889280848e-13,3.4919177599455727e-13,-7.245784947013041e-13,1.332197084144709e-13,5.8827604694536414e-12,-9.956825261494623e-13,3.9195854498302367e-13,3.860666030138166e-12,-9.964473942889348e-13,-1.6521803699998026e-12
L8treat_p1,1.1968582745607242e-13,4.429531826758198e-13,7.70422287361216e-13,2.5223479287508396e-12,2.2325899320687323e-12,5.7505407530454115e-12,3.027438753818856e-12,-3.444343159646489e-12,-3.223599629635932e-12,4.29235442434703e-13,3.8935635518759897e-13,3.7685086219939093e-13,7.685249143650374e-13,2.2548367503248767e-12,3.5487078952614576e-12,1.7650370768926983e-12,-2.5655398605299073e-12,-4.314502321151301e-12,-5.326905571872419e-14,3.466141778426502e-13,1.9148380709388271e-13,4.883888973141612e-13,1.6341615031038666e-12,6.985635694626438e-12,3.1282705340466185e-12,-1.957483765698834e-14,2.5379402707780356e-12,-5.167544732775333e-13,-1.498190295551252e-13,-7.646027292555487e-13,-3.9063367015171396e-13,-1.3118855125236207e-12,5.081923173504253e-12,5.788604405636367e-13,-1.2141244494268315e-13,6.241639487664762e-13,4.041318134607304e-13,1.546850314653498e-13,3.4740232287216577e-13,-1.2836958467506562e-13,-1.1852382608701748e-12,4.316432387632651e-12,1.6748841530299628e-12,2.149392258330958e-12,1.1103850489455893e-12,-1.6463078884169306e-13,2.6354941314153676e-13,-3.751667949770559e-14,-1.2388454005411709e-12,2.5621440869729e-13,6.038509387210373e-12,-2.9137651744180563e-12,-3.4455544758906616e-12,-1.890900623320338e-13,-2.62544932495399e-13,1.4773138486417485e-12,3.6609822395145024e-13,1.3352500397476862e-12,2.42661015255849e-12,5.418323317345836e-12,2.306023593366304e-12,-1.7381848142519842e-12,-3.976113455148823e-12,-1.8489332266558283e-14,-9.067229869185199e-14,-5.716323416449224e-15,-8.461924918228769e-13,6.525443800015705e-13,-3.62546227692731e-12,-7.32504629855652e-14,1.8635789864984445e-12,2.7645219373078897e-12
L8treat_p2,-1.3552910672694217e-13,-1.1375209050410518e-12,5.665165372361731e-13,8.885265825602213e-12,-1.2173122521565347e-12,2.279699026941643e-12,1.3756510532076104e-11,-2.6472763349939686e-12,-3.1232384329767828e-12,-1.6313445005982348e-13,-3.6093901655945736e-14,-4.656661705619179e-13,7.197643485253145e-12,9.501581849516472e-13,-2.232367899978485e-13,1.0568433885244088e-11,-6.086058400568949e-12,-3.532128879215839e-12,-2.261675666793691e-13,-1.0178738301401288e-12,3.002333564556627e-13,7.544284535489647e-12,-1.4422845728610537e-12,3.1282705340466165e-12,1.31892238756044e-11,-1.1421218115188188e-12,3.420011005252531e-13,-3.4881210406846e-13,-5.661798249299301e-13,-4.2873474670183364e-13,5.148683832980236e-12,-1.6387801041096165e-12,1.7764419091780454e-12,1.3140822781866305e-11,-3.6526217102792244e-12,-6.270206883806916e-13,8.258698113747521e-13,-1.1520460491802867e-12,-1.234538558361665e-12,4.425382802777903e-12,-9.031623176692861e-14,6.708781721877579e-12,1.2489715620276057e-11,-3.641545952890153e-12,-3.674614961906437e-13,-1.902511282678239e-12,-1.6026399904430962e-12,8.196273880345001e-13,-1.990988103752143e-12,-2.0099773689372277e-12,4.574773101422839e-12,5.083658958766544e-12,-1.1089529517389325e-12,-4.765195639681624e-13,-5.97598634857514e-13,1.3055726079764026e-12,2.209655727460376e-12,4.3831339481599456e-12,6.9420280519406345e-12,3.557394099989574e-12,1.38533170906302e-11,-2.3636216958076974e-13,-3.977933791950931e-12,4.904857895800111e-14,1.2419369231714501e-12,-1.9339101416729334e-13,-7.0607004339569514e-12,-2.3943809937055976e-14,-1.830706171202645e-12,-7.711289833494612e-12,4.668376685756169e-12,5.282955339156342e-12
L8treat_p3,-7.970740592059244e-13,1.3512050374995705e-12,-5.52333340877796e-13,-7.264063576680056e-12,1.9148193043147652e-12,-2.112755153838989e-12,-1.906396005884471e-12,9.967625831172846e-12,3.837909203329469e-12,-3.0638211466109625e-13,8.335535218715641e-13,-7.621390583072256e-13,-4.393653068451654e-12,4.279737049536273e-12,1.3948598237082917e-12,-4.929469133564316e-12,1.361175417524911e-11,3.778124762616052e-12,-7.262934841814566e-13,8.227226982392568e-13,-5.025795080806139e-13,-4.91751247901529e-12,2.1518495497529776e-12,-1.957483765697382e-14,-1.1421218115188548e-12,1.3103941919150859e-11,6.70173104703708e-12,-4.1395853514040737e-13,1.3377362029356134e-13,9.054683213531894e-13,-3.6035320092495874e-12,4.009201010817769e-12,-8.649430792290431e-13,-3.958117966235139e-12,1.2455799191371734e-11,3.562573954170198e-12,-7.354097114484326e-13,4.757009339385478e-13,1.797399753462564e-12,-4.136181663507063e-12,1.5537603627310036e-12,-5.585183984510512e-12,-1.538193918198851e-12,1.530629487562433e-11,2.6983091220821353e-12,7.035228962399924e-13,1.8985896952899784e-12,-1.5496355088729484e-12,-1.9469370064929082e-12,7.104417996279439e-13,-4.980878449679064e-12,-4.263042194225353e-12,1.7670003447712001e-12,-4.370728816058948e-13,-7.388247408823853e-13,-6.366845950199695e-14,-1.871004184499654e-12,-2.3589478498240494e-12,-3.5914159718931397e-12,-4.085794110616565e-12,-2.074452735084915e-12,1.5747171228897663e-12,3.42502658965287e-13,5.673578143579829e-13,-1.3969773642726487e-12,-3.380658521012619e-13,5.452997437978931e-12,-1.7720929606708909e-12,2.8689285350818214e-12,-7.521276738019375e-14,-9.164215452543129e-12,-4.459974527745563e-12
L8treat_p4,-1.2457393326104598e-12,1.5021252759297977e-12,-1.1336319767478779e-12,-6.820558983219485e-12,4.012226140158861e-12,-1.7092882186067264e-12,-3.744103920603651e-12,6.754097644418588e-12,6.106452816504554e-12,-9.010418669569826e-13,9.431582410085007e-13,-8.542179830556689e-13,-3.796964334584039e-12,4.314747840360221e-12,-9.117985116103632e-13,-1.1046857105274295e-12,7.677741117754228e-12,9.361080823118587e-12,-1.0472503455503386e-12,1.810924309156231e-12,-7.035214663077646e-13,-5.714323983810804e-12,1.8723284178874975e-12,2.537940270778034e-12,3.4200110052518803e-13,6.7017310470370925e-12,1.6818702466286623e-11,-2.7541845413596265e-13,2.1678928666076443e-13,5.567525351610256e-13,-2.8061588601484e-12,2.252953573749592e-12,-2.248359147771392e-12,-9.988657685669903e-13,1.411984092440761e-11,1.286853695223922e-11,-7.999827212156443e-13,1.1935360602199652e-12,3.1401009855651434e-12,-4.50240036007476e-12,8.07642035772382e-13,-5.880658106900918e-12,7.301200886111608e-13,1.6374625674004484e-11,1.0702715957152178e-11,5.8795997402313e-13,1.6366258659751603e-12,-1.0633790692524265e-13,-2.8590682488044373e-12,-4.903254519137988e-13,-6.839985408231897e-12,-6.050675890192848e-12,-1.0810040473039587e-12,-6.655913389151005e-13,-8.966841538275115e-13,1.1331617175650749e-12,-1.2516707215007874e-12,-2.25080103842067e-12,-2.8317800422801244e-12,-4.868877328144781e-12,-3.3815300845622387e-12,5.777972736032519e-13,4.0316698410423115e-12,4.782869361703146e-13,-1.919129569274703e-12,-1.141598462363116e-12,4.679709978277941e-12,-1.2337830842460635e-12,3.03385556888644e-12,-1.3343542996996362e-12,-7.493149580597607e-12,-9.429998331911422e-12
L12treat_m4,1.99113452557859e-13,-1.4298467224246957e-13,3.695424826322779e-14,6.073600962533935e-13,-7.643238659204715e-13,-1.5324508823578886e-13,2.972074857555953e-14,-2.921152341969762e-13,6.318490546198013e-13,1.4661514787325242e-14,-5.817165075909966e-14,4.309194982002889e-14,2.5305786936788556e-13,-4.02743748422743e-13,-6.965232470331259e-13,4.825158416475293e-13,5.884954809548792e-14,9.901928006207044e-13,2.579164631176267e-13,-6.668643567202954e-14,1.5893473929646753e-13,9.716997858359681e-13,-9.364288239399374e-13,-5.167544732775307e-13,-3.488121040684591e-13,-4.1395853514040904e-13,-2.7541845413596225e-13,3.995831306323313e-13,2.8615401388724644e-14,2.952524380936959e-13,8.973542412554625e-13,3.481778089172702e-14,-6.209673103758869e-13,5.452305966449283e-13,-7.497420059896448e-13,-5.974011400747422e-13,1.3928440474247192e-13,-1.6525270283452705e-14,-2.7838874408948774e-13,8.409870141249105e-13,-2.0680306903230236e-13,2.1712485334954948e-13,5.069495005847959e-13,-1.3475399998698478e-12,-5.491331669952599e-14,1.186254205588643e-13,-1.5122311003044836e-13,2.8145413966253905e-13,4.822716310748736e-13,4.707682979396058e-13,3.448771433257785e-13,1.969383797123222e-12,1.3860382470518451e-12,1.4980950324125933e-13,2.0810630931674299e-13,-1.3125471208765853e-13,1.2733047218409443e-13,1.3434035684631542e-13,-3.8158692192975895e-13,-3.012457725612293e-13,8.525233018990635e-14,7.686950325829939e-13,6.113664067824854e-13,-1.876132633124534e-13,5.188193598105927e-14,-1.2950729388589715e-14,-6.755950004222868e-13,1.8268431650633992e-13,3.875673486882867e-14,-2.2124014801278512e-13,2.8335715670248934e-13,6.254860477491882e-15
L12treat_m3,-1.8479944600463182e-14,2.6434462546242557e-13,-1.5378331193881359e-13,-5.646361405457648e-13,5.543440761307554e-13,-2.9638827655109045e-13,-5.234695680235116e-13,-1.2607067652425047e-13,5.978128223919848e-13,5.6489190344236794e-14,5.815796374910417e-14,-1.5998549691061777e-14,-4.821335412365826e-13,1.5149030603827152e-13,-6.036572158926734e-13,-6.826329901866479e-13,1.0645628394340713e-12,9.240475229337584e-13,-8.895713799200838e-14,1.89912684091097e-13,-1.445523237797696e-13,-4.037344273837377e-13,3.9168385051837564e-14,-1.4981902955512286e-13,-5.66179824929922e-13,1.3377362029355433e-13,2.167892866607591e-13,2.861540138872454e-14,2.8760184252362155e-13,2.221780476818065e-14,-2.460046428204594e-13,4.208329013504533e-13,-3.578061804438341e-13,-5.583459166599463e-13,4.38250387342092e-13,-2.583916294756602e-13,-7.666033188930694e-14,2.303224386597826e-13,-7.263910932220813e-14,-3.1729922515664907e-13,-3.572853510477143e-13,-6.148839608907391e-13,-1.1376006423994339e-12,4.359844984241521e-13,4.5188002917841154e-13,1.4629133050475834e-13,2.6168342257361043e-13,-2.3910321674864676e-13,1.7713473196968217e-13,3.060984237619903e-13,-5.397577379787155e-13,-2.7424104139298343e-13,-6.219545355624204e-13,-8.222190551122586e-15,-1.3333133503191527e-14,1.1193015780181539e-13,-1.9706957107005574e-13,-6.484824144944275e-13,-4.938528090574041e-13,-5.302661792861819e-13,-1.1664819255384273e-12,-7.690082636190626e-13,2.3693872052367e-13,-2.1909902627501064e-14,-2.871356770858091e-13,1.968716438074931e-14,3.903202121413987e-13,-1.5622498722524615e-13,2.853508432868664e-13,2.721507688301112e-13,-1.842323754126224e-13,-6.811182943364964e-13
L12treat_m2,-3.5845692051152347e-14,-9.281656222946093e-14,1.7553505207530152e-13,-8.948478874436831e-13,-6.418878114165179e-13,-9.99316172142679e-13,-1.6180647746410685e-14,6.428797389824176e-13,1.1644903855994197e-12,-1.0706563249930956e-13,8.552179964356417e-14,4.5046755006223645e-13,-3.517924322154075e-13,-5.435406011974401e-13,-2.296227005981739e-13,-3.1520549544973524e-13,1.1316757526977079e-12,1.6096029123361926e-12,-4.735959499238494e-14,9.312858011214692e-14,5.508581334680275e-13,-1.9125901664547544e-13,-1.3825343592729041e-12,-7.646027292555468e-13,-4.2873474670182516e-13,9.054683213531959e-13,5.567525351610499e-13,2.952524380936963e-13,2.221780476817823e-14,1.113521808840318e-12,5.578279068507164e-13,8.179891255170158e-13,-1.2336365294987264e-12,8.277683245152324e-13,1.3613210643812922e-12,7.978692766374584e-13,-1.0352078786266909e-13,-3.390138875945375e-15,6.727307633815057e-13,5.593778106331087e-13,2.7499914124122204e-13,-8.353623825185911e-13,1.6817544400033453e-12,1.54973435902715e-12,5.217309549696675e-13,1.496962622774733e-13,1.7342019366497513e-13,1.0381941255415686e-13,4.535111859720887e-14,7.480636275750515e-13,-6.136079517502637e-13,2.4294629388945547e-12,1.8764343747920566e-12,-9.985362722695252e-13,3.2641032923940806e-14,-3.2540942538584e-13,2.485915877008876e-13,-2.1443483430886411e-13,-1.8073989782987233e-12,-1.3939846517733893e-12,-5.374878712023987e-13,4.013635037184584e-13,3.494394064111345e-13,-1.2747593702318336e-14,-8.019452268401007e-14,-4.519507128063084e-13,4.1148650263252804e-13,1.9748073006540565e-13,5.558582615773542e-13,-8.161590034902583e-13,-1.1649613177297075e-12,-5.54064620987187e-13
L12treat_m1,4.77178025187678e-13,-1.7985204195263122e-12,-1.0230204070865355e-12,1.3588737476427034e-11,-2.838715282284547e-12,-4.804147030446265e-14,1.076869243340653e-11,-1.6102573310640166e-12,-2.816264146115891e-12,-9.151937165356799e-13,-6.704037557648035e-13,-2.732054103802288e-12,1.1545064412941674e-11,-3.687625272971689e-12,-6.413531485061598e-12,7.586956129813532e-12,1.4543722716225582e-12,5.5580748898873535e-12,4.0801110357755506e-13,-2.143420371239902e-12,-6.469123840382492e-13,1.685049287796246e-11,-6.1827786041510666e-12,-3.9063367015169124e-13,5.148683832980246e-12,-3.603532009249591e-12,-2.806158860148416e-12,8.973542412554631e-13,-2.4600464282045525e-13,5.578279068507172e-13,1.4404021563392342e-11,-1.057193176743439e-12,-4.296715595746e-12,1.3976528467798578e-11,-3.0243621624495968e-12,-4.507271094486568e-12,8.142926419953262e-13,-1.2951348952098843e-12,-4.322326201186213e-12,1.2031639499959765e-11,2.210244402292772e-12,7.160704555650896e-12,1.4908041841856616e-11,-1.2753922460779621e-11,-4.8782781597291374e-12,-1.6655515964663073e-12,-2.0458193095903808e-12,2.839100072129535e-12,2.9013094286028053e-12,1.73003659476797e-12,1.411613989964748e-12,1.614828640038181e-11,8.336348577410978e-12,-4.1518783088373296e-12,-7.952504284980805e-13,-4.065569036388096e-15,2.8140487870542327e-12,7.367399663669571e-12,7.482759417676142e-12,-2.7784021331097385e-12,9.664469905966527e-12,3.142873996005916e-12,-1.5677694249633247e-12,-2.489243076917643e-13,1.7425021279500501e-12,8.655870931773978e-13,-1.3993589344191639e-11,-2.5479996256888046e-12,-8.090484368239528e-13,-7.963957192586514e-12,1.564924564055166e-12,4.452997956969421e-12
L12treat_p0,-5.448166508718047e-13,7.933649349560197e-13,-7.813934765400662e-13,-4.2454221871845186e-12,3.5949715929456463e-12,-2.4768521775145062e-12,-1.6034806458093418e-12,5.176011069157204e-12,3.3797152750995522e-12,-2.566304240103707e-13,2.81364675096005e-13,-6.365471666072367e-13,-2.352009746779708e-12,2.7479883222301717e-12,-1.883559363689171e-12,-2.9637742220203064e-12,8.298184124572796e-12,4.385180985960221e-12,-5.581394182289734e-13,6.010099767856571e-13,-6.278922033564088e-13,-2.407833838831136e-12,1.4357164591374412e-12,-1.3118855125236243e-12,-1.6387801041096137e-12,4.009201010817775e-12,2.252953573749618e-12,3.4817780891724624e-14,4.208329013504563e-13,8.179891255170269e-13,-1.0571931767434656e-12,5.261016246326688e-12,-2.1923502549956682e-12,-7.710953065465855e-14,5.503067690718706e-12,7.640399865679651e-13,-4.74462042236961e-13,4.785890864032935e-13,4.604087227035595e-13,-1.934483929727895e-12,2.593871363268598e-12,-3.783173941148464e-12,-1.0902370407416181e-12,4.794983493336341e-12,1.4302691652816469e-12,5.627072524091584e-13,1.1433649071724791e-12,-1.057897012371558e-12,-4.997374942866747e-13,2.5144042271701987e-12,-4.202275995107386e-12,-6.59737050338791e-14,1.5617466824183011e-12,9.387274053321838e-13,-3.908106948255934e-13,-1.862664403266176e-13,-9.80590180813085e-13,-2.576443271410516e-12,-1.295675712579912e-12,-3.605691749065178e-12,-1.6828982179266362e-12,-1.1408073829721789e-12,1.599752349833099e-12,2.5412824538217446e-13,-9.384155743081143e-13,-2.0178626307735362e-13,2.7484817665775576e-12,-3.2741960888457385e-12,2.6013069832197695e-12,-1.6297190921601644e-12,-4.4895321113971055e-12,-4.068681036269903e-12
L12treat_p1,4.656380354393411e-13,-7.31098099341168e-15,1.5508678831529383e-12,7.454008127122958e-13,1.4988472714925731e-12,6.431609474541686e-12,7.061390002534082e-13,-4.824051757263421e-12,-3.6989835391049744e-12,1.1176362467924223e-12,3.5007311093797435e-13,2.3094113426817267e-12,-1.2295263372269454e-12,2.3062763611756964e-12,7.747952233077107e-12,1.2039010957335177e-12,-7.921717125021562e-12,-1.0261937236809512e-11,4.171591710489114e-13,3.311209362165451e-13,1.0616532298102417e-12,-3.259222318582e-12,4.077156778162364e-12,5.081923173504271e-12,1.7764419091780446e-12,-8.649430792290544e-13,-2.248359147771386e-12,-6.209673103758883e-13,-3.578061804438351e-13,-1.2336365294987262e-12,-4.29671559574603e-12,-2.1923502549956783e-12,9.498733792583318e-12,-3.1241115951647996e-12,-4.723135609524799e-12,-1.592941383576503e-12,4.960950545389062e-13,-1.989532700604332e-13,6.280947839959953e-13,-2.2375647078113605e-12,-1.4938225047877784e-12,6.020247682631354e-12,-3.605059331710047e-12,2.925980897638962e-14,-6.55349140491631e-13,1.1358497380516057e-13,-2.2407949674163268e-13,-6.303897594998221e-13,-1.7143525172923758e-12,-5.798040964124324e-13,7.206702063973048e-12,-5.7860685066830246e-12,-4.820124643906768e-12,3.5553578409248814e-12,6.045440538485599e-13,7.372971132105287e-13,-2.547921641543423e-13,2.8806392101701163e-13,1.0860347602707235e-12,9.40289258309953e-12,1.8161957124534723e-12,-1.8189999911377984e-12,-3.7834277006180025e-12,-1.2918373046290901e-13,3.974704259619057e-13,2.2346623457561114e-13,2.438731289785763e-12,2.4249444252140177e-12,-4.628087340549039e-12,3.919736113215043e-12,4.844519379140762e-12,5.228918598864069e-12
L12treat_p2,-4.294949221340714e-14,-2.2698667686840298e-12,-6.68836736078173e-13,1.4829779000618076e-11,-9.497998014120627e-13,4.711875530724986e-13,1.8336902696955316e-11,-8.873300849719571e-13,-2.467495247601662e-12,-1.0510352963223286e-12,-5.557431170938155e-13,-2.1876897965086623e-12,1.3345917150634594e-11,-2.032364701700711e-12,-6.23901277926369e-12,1.4143548115682217e-11,-1.8870383943011657e-12,2.5649284675735143e-12,-1.281376148476861e-13,-1.9454382758008664e-12,-2.909483527854606e-13,1.627251199636229e-11,-5.83061769020348e-12,5.78860440563659e-13,1.3140822781866187e-11,-3.9581179662351015e-12,-9.988657685669929e-13,5.452305966449288e-13,-5.583459166599516e-13,8.277683245152359e-13,1.3976528467798556e-11,-7.710953065465682e-14,-3.1241115951647693e-12,2.3301384133841892e-11,-2.8302117635988142e-12,-1.695091600549224e-12,1.025589648023338e-12,-1.6974460615570262e-12,-3.743178049371834e-12,1.1507595934620006e-11,2.759581664862412e-12,1.0139808451346488e-11,2.0899560024077016e-11,-1.1217185676591251e-11,-2.3127795621307906e-12,-2.468544228278417e-12,-2.5261260810114753e-12,2.430908926451016e-12,3.781153785754953e-13,1.4404417416255191e-12,2.1144487089267068e-12,1.7288017985359177e-11,7.106719467037843e-12,-2.2479740400409123e-12,-9.96625832985481e-13,6.012912399489709e-13,3.668671461816662e-12,7.548424906629849e-12,9.387450376386129e-12,-7.468980949979959e-14,1.7521223611992675e-11,2.6579123287526164e-12,-2.0824721512385492e-12,-5.688818914793044e-14,2.1049261514654593e-12,2.063551324404629e-13,-1.462950133110786e-11,-3.53101215821131e-12,-1.4407387878049442e-12,-1.4542524015663593e-11,2.531041850734416e-12,4.418285982784457e-12
L12treat_p3,-1.82962625494116e-12,2.001696193855956e-12,-1.982534672724744e-12,-1.135285056278557e-11,6.825200336023091e-12,-3.5229260016397514e-12,-5.00919221379433e-12,1.4247499462515555e-11,6.005553553099601e-12,-1.303598348322151e-12,9.982588805038992e-13,-1.7373246359500547e-12,-5.1958310536935055e-12,4.524333071517083e-12,-1.5254086496643907e-12,-6.503376588112909e-12,2.0641801988809787e-11,1.0958545393573618e-11,-1.93637028057575e-12,1.8698774775337627e-12,-1.6331624843623263e-12,-7.451991493680715e-12,2.6278624578844443e-12,-1.2141244494267505e-13,-3.65262171027924e-12,1.2455799191371756e-11,1.4119840924407595e-11,-7.497420059896437e-13,4.3825038734209665e-13,1.3613210643812806e-12,-3.0243621624495996e-12,5.503067690718704e-12,-4.7231356095247835e-12,-2.8302117635988377e-12,2.290605443844201e-11,1.1851142542477276e-11,-1.750409793249311e-12,1.3084117796292905e-12,3.2210066529913298e-12,-5.299984734080689e-12,3.757480645390926e-12,-8.198876452701661e-12,-3.68032678262509e-13,2.223990948393154e-11,7.200208704185602e-12,8.978011123851873e-13,2.720196030481452e-12,-1.7823567679608863e-12,-2.456336621336228e-12,2.357109089902926e-12,-1.1575948194321508e-11,-5.389728375964942e-12,2.416138343520733e-12,-3.234838210315603e-12,-1.6421294604682054e-12,1.1936321168688277e-13,-2.5476588726873034e-12,-3.642949364130014e-12,-4.192800922885917e-12,-7.804567688046222e-12,-6.865391317723246e-12,1.137926803632836e-12,3.809050290174293e-12,1.1394637304193037e-12,-2.3293560740178315e-12,-7.42531387066413e-13,6.782500890498497e-12,-4.448621341492535e-12,4.404696162061696e-12,-2.8916372800317623e-12,-1.565605075502346e-11,-1.171833012049546e-11
L12treat_p4,-1.2488954713719399e-12,7.389605962525482e-13,-6.229960859922118e-13,-8.248039465770206e-12,2.9064175700960846e-12,-2.007224409966644e-12,-5.3651641005361036e-12,5.000400225821902e-12,4.055805253349305e-12,-8.785859794196535e-13,6.197591290262755e-13,1.941497197763045e-13,-4.244515635714641e-12,2.163074189109528e-12,8.458229770586513e-13,-1.5921328629240266e-12,2.2007595606895486e-12,5.2890313511808004e-12,-1.1034018619380311e-12,1.6355030422591166e-12,7.588370442116161e-14,-8.13058250039899e-12,2.0906727959946194e-12,6.241639487664596e-13,-6.270206883807501e-13,3.5625739541701726e-12,1.2868536952239173e-11,-5.974011400747386e-13,-2.583916294756549e-13,7.978692766374495e-13,-4.507271094486542e-12,7.640399865679511e-13,-1.5929413835765273e-12,-1.6950916005492505e-12,1.1851142542477272e-11,1.4996941474565067e-11,-1.0460259750188915e-12,7.11204968291048e-13,4.286641036555456e-12,-5.258370711046248e-12,1.4656296537886214e-12,-5.121585630738979e-12,2.2839700770794784e-13,1.5585747261026247e-11,9.609520542564122e-12,3.804586827433949e-13,9.91350787515705e-13,-2.0877578531363263e-13,-2.9275290098468073e-12,-1.3199382748017197e-12,-7.162037972105431e-12,-7.2256015627091046e-12,-1.5242847692592114e-12,-1.00525197757972e-12,-5.962106578658343e-13,1.0027057216308996e-13,-1.0375075641841511e-12,-2.4157026227577716e-12,-4.219521465406344e-12,-3.6123355159753838e-12,-5.065576777417585e-12,7.149188070088313e-13,4.034648168189705e-12,6.446840007968304e-13,-1.1674441759342047e-12,-1.4163445624928926e-12,6.307566002661742e-12,3.629985647794225e-14,2.4247926241279454e-12,-4.20796847515616e-13,-6.653662105991924e-12,-8.693294332478553e-12
L16treat_m4,2.3395662750858915e-13,-2.0210134362047983e-13,1.6892531729770984e-13,1.7326810958702209e-12,-7.615043125514284e-13,6.5447057790314e-13,1.0861129147087485e-12,-1.3305726913647175e-12,-5.742753794183382e-13,1.1587752073330422e-13,-9.174971202953145e-14,5.347124834068602e-14,8.695156318780327e-13,-2.4760292577999507e-13,6.083843820827001e-14,1.1899173712049078e-12,-1.5892422643329501e-12,-9.770193920515884e-13,2.7260575482723184e-13,-2.0783288362565833e-13,1.4307589288866553e-13,1.4521588301512393e-12,-4.214697490707889e-13,4.0413181346073156e-13,8.258698113747578e-13,-7.354097114484361e-13,-7.999827212156438e-13,1.3928440474247238e-13,-7.66603318893071e-14,-1.0352078786266962e-13,8.142926419953274e-13,-4.744620422369586e-13,4.960950545389042e-13,1.0255896480233442e-12,-1.7504097932493117e-12,-1.0460259750188913e-12,2.8745269817236513e-13,-1.6504496720443962e-13,-4.563029908896916e-13,9.592582315091051e-13,-5.001290715928668e-13,1.2808400237012952e-12,7.683526631144928e-13,-1.850753430713008e-12,-5.971268106781772e-13,-9.937416376255802e-14,-2.6022850739584254e-13,3.9366208859113454e-13,2.6344248728999206e-13,-3.370890086465418e-14,1.432345004046018e-12,8.778511289651593e-13,2.6196233634605953e-13,1.95789777699583e-13,1.3854840703651193e-13,1.1170718330247592e-13,3.4538387990977647e-13,6.686961229140057e-13,5.100742987539469e-13,6.777632696523274e-13,1.2004987254559282e-12,2.9341374086396447e-13,-6.230730516362954e-13,-1.6293207777866326e-13,2.3776730685075236e-13,4.5163839227055723e-14,-1.2575884284660703e-12,2.8949039742812845e-13,-6.140152298752157e-13,-2.0908626968942786e-13,1.317379575234434e-12,1.298106351711099e-12
L16treat_m3,-9.97185772753406e-14,4.91595175459494e-13,-7.690292781464611e-14,-1.7928586261525458e-12,1.004686418641527e-12,-1.6408640000033206e-13,-1.663204372888165e-12,4.3365712815420027e-13,8.488643593682537e-13,4.059846824500022e-14,1.5086720512804036e-13,5.4061312068613534e-14,-1.3407040799021517e-12,6.611177008783229e-13,-2.693661032553144e-13,-1.1825702907012139e-12,1.3215433054419592e-12,7.516768361307194e-13,-1.1426232181721793e-13,4.4999468088252427e-13,-1.150766946955069e-13,-1.8022601044415886e-12,5.620728767374577e-13,1.546850314653567e-13,-1.1520460491802701e-12,4.757009339385426e-13,1.1935360602199557e-12,-1.6525270283452623e-14,2.303224386597814e-13,-3.390138875947448e-15,-1.2951348952098869e-12,4.785890864032893e-13,-1.9895327006042872e-13,-1.6974460615570096e-12,1.3084117796292819e-12,7.112049682910375e-13,-1.6504496720443856e-13,4.337463121392623e-13,4.731507993193985e-13,-1.3758411762447392e-12,-3.697089987620756e-13,-1.4262087176923517e-12,-1.9106662218179293e-12,1.881587847742714e-12,1.145668764963296e-12,3.127084131431217e-13,4.618421418560625e-13,-3.1764787131045514e-13,-2.723519397463539e-14,2.2548393532122698e-13,-7.359345238479876e-13,-1.7346740910421221e-12,-1.105638776732048e-12,8.701156688966257e-14,1.4554310532826874e-14,1.760956537989738e-13,-4.618738171726824e-13,-1.0452164313248076e-12,-1.020682989031132e-12,-2.948028605056196e-13,-1.8500023265446945e-12,-8.017406293328696e-13,5.662965505933012e-13,1.9905036622669753e-14,-4.699336286918644e-13,-6.795293661266002e-14,1.5435367738032729e-12,9.352750579192667e-15,4.93547319327598e-13,7.688832537057651e-13,-6.799176856038365e-13,-1.3349266630218435e-12
L16treat_m2,-3.6750014584975414e-13,6.606233295784178e-13,6.539751248348059e-13,-5.404202537531215e-12,5.011835951603144e-13,-9.430617236626972e-13,-3.956669481937642e-12,4.24417488068509e-13,7.368114563267954e-13,1.0176093573508061e-13,4.354162763517786e-13,1.457187816823049e-12,-3.946156191976514e-12,1.207316060945124e-12,2.496483795805382e-12,-1.7430558284007773e-12,-1.2997307323216597e-12,-1.2983282433862233e-12,-3.5775572278701917e-13,9.998442242168923e-13,1.1488155130085341e-12,-6.447154659209961e-12,1.4660816474433165e-12,3.474023228721631e-13,-1.2345385583616587e-12,1.7973997534625506e-12,3.1401009855651515e-12,-2.783887440894861e-13,-7.263910932220924e-14,6.727307633815075e-13,-4.322326201186196e-12,4.604087227035516e-13,6.280947839959973e-13,-3.743178049371835e-12,3.2210066529913213e-12,4.286641036555452e-12,-4.56302990889689e-13,4.731507993194021e-13,3.2432660109750173e-12,-3.7348307124228284e-12,-2.8370279105229784e-13,-3.502505646563978e-12,-2.254002938356507e-12,7.615468962985497e-12,3.072895158780519e-12,5.001135368622307e-13,7.247344669051931e-13,-3.0670733090426727e-13,-1.4219029998468912e-12,-8.941694120222022e-13,-9.676046068283875e-13,-5.330434064593137e-12,-2.3047998376618406e-12,-5.844377775775981e-13,1.7498059167998932e-13,3.1062258569802316e-14,-4.778168000049707e-13,-1.937543944893731e-12,-4.032080690603932e-12,3.5859888442242926e-13,-3.3071350146574643e-12,-1.5712612580484104e-12,-1.3535365285504893e-13,1.8666425060730767e-13,-7.236534711586389e-13,-1.1312378083852117e-12,5.428981611919349e-12,1.8880985875713346e-12,1.1421412759263843e-12,2.3815678464376816e-12,-1.2191678462403105e-12,-1.6766500066511003e-12
L16treat_m1,7.336724253001576e-13,-1.8592085395067273e-12,-3.951133496137163e-13,1.2764117934394106e-11,-3.864922975841729e-12,1.0969149876191912e-12,9.45523867625475e-12,-3.967627644303342e-12,-3.251845746990865e-12,-4.686155906694989e-13,-6.886658923418543e-13,-1.511447044013696e-12,9.675623527539167e-12,-4.157547488443087e-12,-3.921398581465195e-12,6.894309431755683e-12,-2.151530379680458e-12,2.2917496924750346e-12,6.771313433861574e-13,-2.0003706442122825e-12,9.321124454799574e-14,1.463169530566183e-11,-5.674130266615385e-12,-1.2836958467504836e-13,4.425382802777933e-12,-4.1361816635070775e-12,-4.502400360074788e-12,8.409870141249131e-13,-3.1729922515664943e-13,5.593778106331092e-13,1.2031639499959815e-11,-1.9344839297278674e-12,-2.2375647078113407e-12,1.1507595934620056e-11,-5.299984734080696e-12,-5.258370711046277e-12,9.592582315091073e-13,-1.3758411762447408e-12,-3.734830712422854e-12,1.1048509882702762e-11,8.907908502197176e-13,7.991034463505443e-12,1.2233910679165813e-11,-1.2373941108131984e-11,-5.229730615818913e-12,-1.393570315120158e-12,-1.9667385219874164e-12,2.7142439105945008e-12,2.5872922757134878e-12,1.3974078865349706e-12,3.4272762382879685e-12,1.4416042223042528e-11,7.1393528449915e-12,-3.333465876445266e-12,-3.360500310268638e-13,-1.137118395986808e-13,2.733837600484665e-12,6.622809918873992e-12,5.541267104692574e-12,-8.675389514254481e-13,8.221382886812134e-12,2.8225665456846817e-12,-2.4631277776329435e-12,-3.9440152230490575e-13,1.805812278248646e-12,6.3171257369834e-13,-1.2196014702996816e-11,-8.844682511626623e-13,-1.9282604303296785e-12,-5.707714982901698e-12,3.350600686123e-12,5.993954969287033e-12
L16treat_p0,-5.955470894329144e-13,-3.9302813144652464e-13,-7.837619671664929e-13,-3.581621889872078e-13,2.536247192133651e-12,-2.1218062301488286e-12,7.901318626525131e-13,6.403557067974743e-12,6.071849598365156e-13,-7.250346409412106e-13,6.174504785981113e-14,-1.2685088474302986e-12,2.043642805889126e-12,1.0753183650605846e-12,-1.5336204179069742e-12,1.0501307115621678e-13,4.965194633401292e-12,3.4306212162131302e-12,-6.110153380215558e-13,-4.2417403561840044e-13,-6.209946262116792e-13,1.5360181280309482e-12,1.406429617397169e-12,-1.185238260870158e-12,-9.03162317669275e-14,1.5537603627309828e-12,8.076420357723834e-13,-2.068030690323033e-13,-3.5728535104771535e-13,2.7499914124121386e-13,2.210244402292785e-12,2.5938713632686028e-12,-1.493822504787743e-12,2.759581664862407e-12,3.757480645390909e-12,1.465629653788605e-12,-5.001290715928678e-13,-3.697089987620794e-13,-2.8370279105231304e-13,8.907908502197135e-13,5.7717542295779805e-12,-3.7906573208042873e-13,3.841628935642642e-12,-4.483061878280503e-13,-1.2951478119300006e-12,-4.203238303822144e-13,-4.457568419977594e-13,-2.3417111669978316e-13,-3.451795645890498e-13,1.4553629608543036e-12,-3.680247987989776e-12,3.2187894386963503e-12,4.574016084744606e-12,4.769910984205697e-13,-6.521928012602575e-13,-7.087890496671243e-13,-6.862848003920794e-14,9.750749851518243e-13,3.4986754503997685e-12,-1.478063517757357e-12,3.2860168728862817e-12,1.9039455433757337e-12,1.7397675838028631e-12,5.120782497959253e-13,3.481244643176268e-13,3.137576485660545e-13,-8.625960953715212e-13,-3.4820947848173156e-12,1.7578751522178514e-12,-2.8396498292106654e-12,-3.97339220861384e-12,-1.9884721890353057e-12
L16treat_p1,8.641905904032589e-13,-1.935590945921054e-12,3.6597972394560343e-13,1.2312537762657032e-11,-7.071011724467602e-13,8.706633105096348e-12,1.1433108957021336e-11,-7.946788884659197e-12,-6.505239106797213e-12,3.3621557014932274e-13,-4.4634991375685496e-13,1.7121978632929283e-13,7.600616360579928e-12,-1.704453273048888e-12,2.1514169827438617e-12,8.548110404896659e-12,-7.604803768363635e-12,-7.163387929475207e-12,8.665134263506815e-13,-1.2751679379241683e-12,2.5551954606709894e-13,1.0194373653589008e-11,-1.869545337202737e-12,4.3164323876326585e-12,6.708781721877625e-12,-5.5851839845105015e-12,-5.880658106900951e-12,2.1712485334954408e-13,-6.148839608907419e-13,-8.353623825185922e-13,7.160704555650852e-12,-3.783173941148431e-12,6.0202476826313395e-12,1.0139808451346478e-11,-8.198876452701648e-12,-5.121585630738974e-12,1.2808400237012917e-12,-1.4262087176923586e-12,-3.5025056465639698e-12,7.991034463505387e-12,-3.7906573208042545e-13,1.607472571722371e-11,9.018665505302942e-12,-1.1341978342281805e-11,-4.442502212308278e-12,-1.1634809419939628e-12,-2.061096767952411e-12,1.3496887323315273e-12,5.988538880399664e-13,2.03993369605677e-12,9.553192779008074e-12,9.7243619878616e-12,2.4264642600835423e-12,4.721569298012837e-13,1.2482173303242847e-13,4.0906553173430843e-13,1.5959563666642767e-12,6.332547321133027e-12,6.161959744655558e-12,8.682714885643897e-12,8.616419848014884e-12,8.494769344692004e-13,-4.684993963325694e-12,-3.9612652068432497e-13,2.1054660294819594e-12,1.2802930922814632e-12,-9.250850168744334e-12,8.340211720295747e-13,-6.6725250638603935e-12,-3.690342244232936e-12,7.541114647560364e-12,9.40358202480853e-12
L16treat_p2,-2.1957986956851065e-13,-2.483374021792153e-12,-2.8226040932127616e-13,1.4028841026766038e-11,-3.38217281775249e-12,9.186469594484703e-13,1.7422874240245592e-11,5.543306560417696e-13,-3.841773530747591e-12,-1.469900719575859e-12,-3.4666138164336007e-13,-2.1871613622031824e-12,1.3533100892272602e-11,-2.3214759441558737e-12,-3.825158977422777e-12,1.248660887166889e-11,-1.2171108332868159e-12,3.4098543676293213e-12,-1.9570515881220334e-13,-2.2766901831234586e-12,2.545842541729708e-13,1.6667584541790748e-11,-6.940242099375116e-12,1.6748841530299846e-12,1.2489715620276012e-11,-1.5381939181988354e-12,7.301200886112199e-13,5.069495005847941e-13,-1.1376006423994391e-12,1.681754440003356e-12,1.490804184185662e-11,-1.0902370407415776e-12,-3.605059331710016e-12,2.089956002407705e-11,-3.6803267826250815e-13,2.283970077080095e-13,7.683526631144858e-13,-1.910666221817948e-12,-2.2540029383565007e-12,1.2233910679165784e-11,3.8416289356426575e-12,9.018665505302947e-12,2.5612082802739758e-11,-7.024103913444579e-12,-2.7422968412988253e-12,-2.617060015170594e-12,-2.554880972340288e-12,2.8833718544725417e-12,2.414167532740644e-13,1.160750623784148e-12,3.771433520418741e-12,1.9398290444858603e-11,9.630004938642233e-12,-6.263837245590997e-12,-1.3441465716967297e-12,1.1428750383750377e-13,3.77123763882913e-12,9.329047628841715e-12,9.240701483162331e-12,-2.804786058644231e-13,1.7387499658277787e-11,4.462274082450359e-12,-3.2753433038207985e-12,2.0992668763657379e-13,2.3378551884500552e-12,-5.664773761586039e-14,-1.425646945487321e-11,-2.121523789529286e-12,-1.5792881214431696e-12,-1.3527753176903873e-11,6.128373199182387e-13,5.760136145791091e-12
L16treat_p3,-1.890435901348776e-12,3.080100495420421e-12,-4.978688260280932e-13,-1.857277231619239e-11,5.840666734496121e-12,-1.943958201679885e-12,-1.0243246894643015e-11,9.973601094088234e-12,6.231362232619615e-12,-4.566682433030559e-13,1.5427713268465707e-12,1.0604153029596065e-12,-1.3018953463611353e-11,7.162747333685301e-12,5.128321133026158e-12,-9.925405071300554e-12,1.335366664219017e-11,4.0904272183631115e-12,-1.9395003453713895e-12,3.3944204576001947e-12,2.1056271681840263e-13,-1.828545654549187e-11,5.411182832739534e-12,2.1493922583309468e-12,-3.641545952890158e-12,1.5306294875624322e-11,1.6374625674004484e-11,-1.3475399998698458e-12,4.3598449842415585e-13,1.5497343590271238e-12,-1.2753922460779616e-11,4.794983493336312e-12,2.925980897640192e-14,-1.121718567659124e-11,2.2239909483931514e-11,1.5585747261026266e-11,-1.850753430713004e-12,1.881587847742714e-12,7.615468962985502e-12,-1.2373941108131971e-11,-4.4830618782808137e-13,-1.134197834228184e-11,-7.0241039134445584e-12,3.5202731653218105e-11,1.1675836548624928e-11,1.7805620633685265e-12,4.002586384046067e-12,-2.649175655904311e-12,-5.025847471442419e-12,1.4517576329875107e-13,-8.523934487177135e-12,-1.5873209611779424e-11,-5.131019578882365e-12,-3.254212832817473e-12,-9.582091823127035e-13,5.841038425543056e-13,-3.712415047385575e-12,-7.536590698582444e-12,-1.1555025313214382e-11,-4.646745805126816e-12,-1.2584311861856223e-11,-2.429558393822827e-12,7.701600867218311e-13,1.0729222728013308e-12,-3.405937362597167e-12,-2.2744117428592652e-12,1.5908300832028086e-11,4.1553831740221855e-13,3.82503767129754e-12,3.0090498401036026e-12,-1.3444142558535875e-11,-1.1160723908596644e-11
L16treat_p4,-7.410681951057369e-13,1.270529153863836e-12,-5.095663087279459e-13,-6.9696424107020296e-12,3.1050411802515174e-12,-8.634144834989015e-13,-4.040987855474736e-12,1.825758087559788e-12,5.254423285724302e-12,-1.8370717327115008e-13,6.187745017638304e-13,4.4634766900004006e-13,-5.299261301928787e-12,2.9677428298796423e-12,-6.30115851781993e-13,-1.693592736429223e-12,1.5510929220540908e-12,4.7290340584593645e-12,-5.98640789638304e-13,1.7860940824642608e-12,3.2011092332402723e-14,-7.332659348461396e-12,1.6659786076733298e-12,1.1103850489455806e-12,-3.674614961906668e-13,2.698309122082151e-12,1.070271595715209e-11,-5.4913316699520646e-14,4.5188002917841643e-13,5.217309549696571e-13,-4.878278159729137e-12,1.4302691652816049e-12,-6.553491404916361e-13,-2.3127795621307736e-12,7.200208704185618e-12,9.60952054256408e-12,-5.971268106781725e-13,1.1456687649633071e-12,3.0728951587805315e-12,-5.229730615818906e-12,-1.295147811930005e-12,-4.442502212308259e-12,-2.7422968412988636e-12,1.1675836548624962e-11,1.1445617549740986e-11,8.331801178185414e-13,1.2699721636543016e-12,-7.755942695383817e-13,-1.989421650225931e-12,-4.247128181716921e-13,-4.004216833854119e-12,-6.336064018450299e-12,-3.765998100653494e-12,1.978431067812638e-12,-3.25850150354889e-14,7.430712496529012e-13,-1.2422850321371953e-12,-3.680795994443607e-12,-4.643102568815353e-12,-1.7034571005474605e-12,-4.912010080953805e-12,-1.5664164191465393e-12,4.151110164931876e-12,1.3803526121242348e-13,-1.6188663432113415e-12,-9.651175767484514e-13,6.042070684972284e-12,6.904422465143099e-13,1.700692884629572e-12,4.586801147307609e-13,-3.005298770335024e-12,-7.865365798620876e-12
F12treat_m4,3.620913670693653e-14,3.599273758267766e-13,4.1793245770177e-14,-2.1534846878162513e-12,4.566472563091385e-13,7.638222738874238e-14,-2.37228197031523e-12,2.9448328188040654e-13,1.022739185825052e-12,1.4794890218327975e-13,1.1090076365507338e-13,3.208875494558352e-13,-2.0000959848394338e-12,4.091185872249591e-13,4.2021988241639573e-13,-1.70338126297565e-12,1.2059014871452492e-12,3.341540757993746e-13,7.65338521682094e-14,4.179377859464988e-13,7.551369899020955e-14,-2.1860687045623323e-12,4.2525247510451334e-13,-1.6463078884169357e-13,-1.90251128267824e-12,7.035228962399904e-13,5.879599740231338e-13,1.186254205588647e-13,1.4629133050475832e-13,1.4969626227747301e-13,-1.6655515964663105e-12,5.627072524091605e-13,1.1358497380516009e-13,-2.468544228278416e-12,8.978011123851854e-13,3.8045868274339813e-13,-9.937416376255763e-14,3.1270841314312195e-13,5.001135368622307e-13,-1.3935703151201589e-12,-4.203238303822138e-13,-1.1634809419939628e-12,-2.6170600151705976e-12,1.7805620633685263e-12,8.331801178185429e-13,5.074075595724669e-13,4.67373024701378e-13,-3.175397018676665e-13,5.5387196039223323e-14,5.082082244645204e-13,-3.79535467292927e-13,-1.4857644421586057e-12,-3.2903527155613937e-13,5.322194577836642e-13,2.0480387273077182e-13,-7.046348004107933e-14,-5.637011962094726e-13,-1.2556643587344865e-12,-1.8831140370187973e-12,-1.995176647807461e-13,-2.5800867351875535e-12,-2.556354520639967e-13,7.008162125946607e-13,-6.773022721373262e-14,-3.9395066015418306e-13,-8.73887126394323e-14,1.9746786947442146e-12,2.613521373059551e-13,2.274022886875002e-13,1.3978922268510881e-12,-6.741456707415841e-13,-1.111275642665958e-12
F12treat_m3,-2.0904254865391844e-13,6.65042435033015e-13,-1.045746944102931e-13,-2.952915506439248e-12,1.2593158483508999e-12,-1.4567137566504037e-13,-2.1149964012746778e-12,1.0461420131887506e-12,1.1740308490396688e-12,5.5217508956323186e-14,2.313087583658965e-13,8.62116803537605e-14,-2.33434177427361e-12,8.927533944223294e-13,3.753962601066842e-13,-2.448908398324812e-12,3.031515685899438e-12,8.953919045757306e-13,-2.297081946064435e-13,5.763413583676834e-13,-2.0088721215181204e-13,-2.7797705721941152e-12,6.15883985545143e-13,2.6354941314154116e-13,-1.6026399904430793e-12,1.8985896952899747e-12,1.636625865975169e-12,-1.5122311003044823e-13,2.6168342257361104e-13,1.734201936649734e-13,-2.0458193095903795e-12,1.1433649071724793e-12,-2.2407949674163033e-13,-2.5261260810114652e-12,2.7201960304814486e-12,9.913507875157092e-13,-2.602285073958422e-13,4.618421418560644e-13,7.247344669051902e-13,-1.9667385219874103e-12,-4.457568419977573e-13,-2.0610967679524086e-12,-2.5548809723402733e-12,4.002586384046069e-12,1.269972163654306e-12,4.673730247013784e-13,9.039909475498639e-13,-6.382165967989748e-13,-3.151043141376304e-13,4.322066910283691e-13,-1.1514414904433787e-12,-2.501726090411656e-12,-1.266645965081321e-12,-1.96589447355688e-13,-1.0529633607766649e-13,1.4497983753857094e-13,-6.769695019234764e-13,-1.564801157190778e-12,-2.026609277143741e-12,-1.0425502713145121e-12,-3.021966697081189e-12,-1.0900187289773202e-12,2.304967611770852e-13,1.0493108982732964e-13,-6.628239735547179e-13,-1.6023224420743108e-13,2.4309385585758614e-12,-2.352377373706403e-13,5.541379367746559e-13,8.793601398051945e-13,-1.747306058460361e-12,-1.7645333801405077e-12
F12treat_m2,3.1756787686299513e-13,-4.650417545345487e-13,1.5468276484815646e-14,3.4682610948187125e-12,-1.9540878499183856e-12,-3.319942350313718e-13,1.0181759652020286e-12,-2.0532194417029904e-12,-1.1147475505957347e-12,-1.3959938703620856e-13,-2.169109018054529e-13,-1.7710963976748975e-13,2.2945013777464064e-12,-1.1875933427422098e-12,-1.0812614787276497e-12,2.38073033614631e-12,-3.1387701302062898e-12,-7.369981157700363e-14,4.2709111070885346e-13,-4.2939622930726527e-13,4.638727560263701e-13,3.5045701097524808e-12,-1.2654076337303172e-12,-3.7516679497707604e-14,8.196273880344983e-13,-1.5496355088729504e-12,-1.0633790692523315e-13,2.814541396625401e-13,-2.3910321674864736e-13,1.0381941255415181e-13,2.83910007212955e-12,-1.05789701237156e-12,-6.303897594998233e-13,2.430908926451005e-12,-1.7823567679608827e-12,-2.0877578531363594e-13,3.9366208859113494e-13,-3.176478713104536e-13,-3.067073309042782e-13,2.7142439105945137e-12,-2.3417111669977317e-13,1.3496887323315366e-12,2.8833718544725243e-12,-2.649175655904314e-12,-7.755942695383931e-13,-3.175397018676673e-13,-6.382165967989747e-13,1.7334124536599783e-12,8.53101654497805e-13,-3.486696825753781e-13,8.242639945554855e-13,2.041987299327358e-12,1.535523889253476e-12,-1.2781695792167993e-12,1.1238855786047605e-13,7.678778507600144e-14,9.231890157077548e-13,2.013385856055639e-12,5.088896001615395e-13,-6.729489562136382e-13,1.7280333204088063e-12,9.054983999954557e-13,-9.259678649716154e-13,-2.2557083705542106e-13,4.74387459679143e-13,-2.275143342715922e-13,-2.9098092954951434e-12,6.931308779895491e-13,9.976757569909732e-14,-2.3870078414614787e-13,1.7549337164620174e-12,1.997513001478388e-12
F12treat_m1,4.675214629426482e-13,-2.439384167807892e-13,-2.5856287372996106e-13,2.8396295069322273e-12,-1.2429068732107144e-12,-6.478528817150704e-13,-4.3922786139824315e-13,-1.3210472040142981e-12,-5.887905661194e-13,-8.70027159672323e-15,-3.2690873394491237e-13,-6.445273636289629e-13,2.1215944306787643e-12,-1.826138749739371e-12,-2.540392116956967e-12,-1.8496877001725018e-13,1.748547112654081e-13,9.249622096506558e-13,5.113413333375236e-13,-5.146741017264551e-13,-2.4302077736459595e-13,3.899482232883938e-12,-1.8440385457798173e-12,-1.2388454005411636e-12,-1.990988103752141e-12,-1.9469370064929095e-12,-2.8590682488044623e-12,4.822716310748716e-13,1.771347319696815e-13,4.5351118597213596e-14,2.9013094286028396e-12,-4.99737494286655e-13,-1.7143525172923584e-12,3.781153785755037e-13,-2.456336621336225e-12,-2.9275290098468295e-12,2.6344248728998923e-13,-2.7235193974634272e-14,-1.421902999846893e-12,2.5872922757134886e-12,-3.4517956458905837e-13,5.988538880399928e-13,2.414167532740589e-13,-5.025847471442406e-12,-1.989421650225909e-12,5.538719603922372e-14,-3.151043141376354e-13,8.531016544977973e-13,2.533190063933191e-12,8.438444641595493e-13,3.26672564274956e-13,3.1707883851639656e-12,2.121945067627774e-12,-1.0393286320671864e-12,1.7452706076661184e-13,-3.3828730975242415e-13,4.648411551776337e-13,1.209879737342474e-12,1.246722527724274e-13,-1.3916796702609855e-12,-9.247973805063549e-13,7.851280929741442e-13,1.8329875352246866e-13,-2.7761866377697645e-13,3.415169931089033e-13,4.4376517166199304e-13,-3.0797550531237044e-12,-2.769122579133258e-13,3.805712357722902e-14,1.3276451522077827e-13,7.750098852003476e-13,9.402092700979208e-13
F12treat_p0,1.0588277254869281e-13,1.9657015657279116e-13,-6.214615623802608e-13,1.8094359086679628e-13,2.704136891661133e-12,1.8189125242650171e-12,4.07769783676334e-13,1.7869453914042294e-12,1.3607184100191902e-12,-7.448583043302644e-14,4.7039478993126857e-14,-4.833867316772122e-13,1.0654722934121796e-14,6.838204724790333e-13,-1.1991282360454741e-12,-1.3558713881104178e-12,5.914252660206105e-12,2.6165999496891565e-12,2.7679546193249482e-14,2.007033371418821e-13,-4.596907417847836e-13,1.4332679088670074e-12,-2.3019152347785214e-13,2.5621440869728083e-13,-2.0099773689372298e-12,7.104417996279407e-13,-4.903254519137831e-13,4.70768297939606e-13,3.0609842376199424e-13,7.48063627575056e-13,1.7300365947679833e-12,2.514404227170232e-12,-5.798040964124187e-13,1.4404417416255068e-12,2.3571090899029315e-12,-1.319938274801708e-12,-3.3708900864653845e-14,2.2548393532122956e-13,-8.941694120221958e-13,1.3974078865349872e-12,1.455362960854333e-12,2.0399336960567463e-12,1.160750623784109e-12,1.4517576329877144e-13,-4.2471281817166956e-13,5.082082244645237e-13,4.3220669102837474e-13,-3.4866968257537516e-13,8.43844464159584e-13,4.697243723034344e-12,7.430599123970832e-13,5.311466632051549e-12,3.9029280865594495e-12,-7.254583379368007e-14,-7.723614337275102e-14,-2.4290276026369493e-13,-6.512205307109608e-13,-5.358873995493611e-13,7.1752624626432e-14,8.32564026000422e-14,-1.0149995821865445e-12,1.0798852500214805e-12,8.887113671046156e-13,-8.691156257548862e-14,-2.1519766022350363e-13,4.455244498830562e-13,-7.81498908830818e-13,-2.454186759923183e-12,-9.237720558462116e-13,-1.953881907597519e-12,-2.5360321431997046e-12,-1.1051499317134376e-12
F12treat_p1,1.3856385176945195e-12,-7.843342285958689e-13,2.3286997440320504e-12,7.924423467952866e-12,-3.3184695913843883e-12,8.50403976303158e-12,6.165956700487525e-12,-1.0417615438533769e-11,-6.303476663599249e-12,1.2748301381784812e-12,-1.1670815759105343e-13,2.1230137685885784e-12,2.668299221767846e-12,-6.284857246351254e-13,5.999176247479888e-12,5.720100800429057e-12,-1.1583371688380783e-11,-1.1193596794169373e-11,1.3459398160534992e-12,-7.826335873348151e-13,1.7451983004605693e-12,4.1946109172120006e-12,-1.0947209217656282e-12,6.038509387210386e-12,4.574773101422841e-12,-4.980878449679066e-12,-6.839985408231925e-12,3.4487714332577555e-13,-5.397577379787186e-13,-6.136079517502631e-13,1.4116139899647256e-12,-4.2022759951073675e-12,7.206702063973041e-12,2.1144487089266826e-12,-1.1575948194321498e-11,-7.162037972105423e-12,1.432345004046016e-12,-7.359345238479966e-13,-9.676046068283918e-13,3.427276238287941e-12,-3.680247987989784e-12,9.553192779008087e-12,3.771433520418701e-12,-8.5239344871771e-12,-4.004216833854151e-12,-3.7953546729292607e-13,-1.1514414904433823e-12,8.242639945554836e-13,3.2667256427494797e-13,7.43059912397101e-13,1.5618031445243986e-11,4.095906563621992e-12,-1.3480610126638417e-12,8.606915512699875e-13,1.0200199364613644e-12,8.837155758819274e-13,1.6431013214407982e-12,3.309155563354697e-12,2.9995347228921893e-12,1.1038595907398531e-11,6.3104520211132394e-12,-2.399721009484683e-14,-5.9754291966311135e-12,-8.06547192761426e-13,1.2769450686324136e-12,1.9209021130091548e-13,-3.928682029412354e-12,3.904548411292742e-12,-7.0434669755605315e-12,8.889314758464709e-13,9.032856044232757e-12,1.0144323073052686e-11
F12treat_p2,7.256138538843213e-13,-2.7616485125223294e-12,-7.746948969981079e-13,1.4034349334446803e-11,-4.4880378611402176e-12,5.029096730658286e-13,1.3699345417979805e-11,3.726034384250988e-13,8.146334423365292e-13,-1.1008470746132575e-12,-7.744800876136259e-13,-2.097032629300283e-12,1.1524224793772301e-11,-5.4453868643487885e-12,-6.487846651337092e-12,8.602345171240251e-12,3.709803360079205e-12,9.264880133378284e-12,6.847414006171267e-13,-2.544242966826137e-12,-2.0530178558417765e-13,1.8361421971723043e-11,-9.845181575017182e-12,-2.9137651744180648e-12,5.083658958766465e-12,-4.263042194225305e-12,-6.050675890192792e-12,1.9693837971232193e-12,-2.7424104139297747e-13,2.4294629388945596e-12,1.6148286400381805e-11,-6.597370503389572e-14,-5.786068506683017e-12,1.7288017985359206e-11,-5.389728375964932e-12,-7.2256015627090666e-12,8.778511289651521e-13,-1.7346740910421256e-12,-5.330434064593144e-12,1.4416042223042493e-11,3.2187894386963523e-12,9.72436198786162e-12,1.9398290444858564e-11,-1.587320961177941e-11,-6.3360640184502905e-12,-1.4857644421586015e-12,-2.5017260904116514e-12,2.041987299327358e-12,3.170788385163954e-12,5.311466632051566e-12,4.095906563621996e-12,2.9357546440955613e-11,1.5161019872842177e-11,-3.359821616350475e-12,-3.209524909015182e-13,-1.2696628014605496e-12,2.8406437240770943e-12,7.029663280827656e-12,6.694737424021482e-12,-1.7911197385267147e-12,1.232563975205359e-11,7.192706376556695e-12,1.3631517665129204e-12,-4.993584289010554e-13,2.2484316225391305e-12,1.0677947707302982e-12,-1.4905954926563915e-11,-2.8901380594195056e-12,-2.0753910055501334e-12,-1.1790613728657573e-11,7.83544981173104e-13,4.2169626341754385e-12
F12treat_p3,3.7122749769452843e-13,-1.5999792482685306e-12,-8.570866898909306e-13,4.952131151240777e-12,-2.7414996494525686e-12,-1.9572356926093304e-12,3.3004137247267216e-12,6.5916158198447444e-12,2.0518829219366594e-12,-9.647156144085212e-13,-4.441892090736713e-13,-1.655509188916743e-12,4.867933446270978e-12,-2.4834584847249823e-12,-3.4263092000257934e-12,2.1390470449946616e-12,6.984681226572706e-12,7.193716634978258e-12,5.679990972239877e-13,-1.5120326228929582e-12,-5.024147473067929e-14,8.999808592924564e-12,-4.2075151265389835e-12,-3.4455544758906447e-12,-1.1089529517389537e-12,1.7670003447711973e-12,-1.0810040473039767e-12,1.3860382470518423e-12,-6.219545355624203e-13,1.87643437479205e-12,8.336348577410968e-12,1.5617466824183062e-12,-4.8201246439067446e-12,7.106719467037818e-12,2.416138343520721e-12,-1.5242847692592011e-12,2.619623363460566e-13,-1.105638776732052e-12,-2.304799837661835e-12,7.139352844991482e-12,4.574016084744626e-12,2.426464260083577e-12,9.630004938642231e-12,-5.131019578882356e-12,-3.76599810065352e-12,-3.290352715561414e-13,-1.2666459650813261e-12,1.5355238892534708e-12,2.121945067627758e-12,3.902928086559445e-12,-1.348061012663827e-12,1.5161019872842126e-11,1.5080820534245762e-11,-1.1341664464658845e-12,-1.3030735515299222e-13,-1.7111967567820005e-12,1.1902644636043986e-12,3.5282343087621565e-12,2.2248971877708705e-12,-3.627237245424798e-12,4.900574651942609e-12,9.268723498180958e-12,2.972014803901976e-12,-1.7905893841950926e-13,1.1466616044092693e-12,3.5064947094113906e-13,-6.795314792868422e-12,-3.5103015492092462e-12,8.913709110144827e-14,-6.015651872285751e-12,-5.596131758508544e-12,-7.991803170200936e-13
F12treat_p4,2.787816368260447e-13,1.6852124984142168e-13,4.1644377077211434e-13,-2.058319698477939e-12,2.21275395028874e-12,1.1186822936051165e-12,-1.601655552441479e-12,1.3897463527430506e-12,2.8047292854917645e-12,6.459847912808041e-13,8.26223063539658e-14,7.500495229151495e-13,-2.773276201738135e-12,2.506842076491759e-12,1.4584951801287804e-12,6.216250854527226e-13,-1.7199880055504272e-12,-2.111224468311892e-12,4.346402027214116e-13,3.321171629900065e-13,-5.290612472779545e-14,-3.57271596837527e-12,3.828901635081085e-12,-1.8909006233203467e-13,-4.765195639681957e-13,-4.370728816059361e-13,-6.655913389151179e-13,1.4980950324126135e-13,-8.222190551113058e-15,-9.98536272269524e-13,-4.151878308837338e-12,9.387274053321636e-13,3.5553578409248705e-12,-2.247974040040906e-12,-3.234838210315623e-12,-1.0052519775796828e-12,1.9578977769958237e-13,8.701156688967787e-14,-5.844377775775835e-13,-3.3334658764452703e-12,4.769910984205619e-13,4.721569298012903e-13,-6.263837245591052e-12,-3.2542128328174906e-12,1.9784310678127196e-12,5.322194577836618e-13,-1.965894473556931e-13,-1.2781695792167916e-12,-1.039328632067202e-12,-7.254583379370202e-14,8.606915512699976e-13,-3.359821616350496e-12,-1.1341664464658932e-12,8.792158667487627e-12,8.260942746758203e-13,6.46531412449748e-14,-8.480500310542324e-13,-2.5607719630774356e-12,9.183304988056716e-13,3.903460971569843e-12,1.8660042340829496e-12,7.539380280792617e-13,3.844186892275558e-12,-2.5515523384604205e-13,-1.24960100844526e-13,4.659645930279523e-13,3.166953303248021e-12,-6.57543943392466e-13,-6.497968040689643e-13,1.4918629333174244e-12,1.500805183140185e-12,-2.1454625651173112e-12
F8treat_m4,2.478634918538393e-13,-4.941751433110554e-14,3.342576111366584e-13,-2.41149305683264e-13,-7.435917382505408e-13,1.9502318309365162e-13,-9.368020848615703e-13,-1.1111109428011114e-12,1.0670608489495623e-13,2.3131289337650514e-13,-3.027794271877206e-14,5.709302594103398e-13,-7.269726448994056e-13,-2.2647070938892515e-13,5.648639629726466e-13,1.2806924113117044e-13,-1.835731903927602e-12,-1.1085852551159496e-12,2.9213278453847407e-13,6.446402486746745e-14,4.197335074969841e-13,-7.444655260794095e-13,2.7452203942122162e-14,-2.625449324954006e-13,-5.975986348575133e-13,-7.388247408823847e-13,-8.966841538275062e-13,2.0810630931674284e-13,-1.3333133503192197e-14,3.264103292394097e-14,-7.952504284980828e-13,-3.9081069482559326e-13,6.045440538485592e-13,-9.966258329854829e-13,-1.6421294604682024e-12,-5.962106578658299e-13,1.3854840703651173e-13,1.4554310532826697e-14,1.749805916799897e-13,-3.3605003102686423e-13,-6.521928012602572e-13,1.2482173303242723e-13,-1.3441465716967295e-12,-9.582091823126988e-13,-3.258501503548929e-14,2.0480387273077187e-13,-1.0529633607766677e-13,1.1238855786047534e-13,1.745270607666148e-13,-7.723614337275311e-14,1.0200199364613638e-12,-3.20952490901521e-13,-1.3030735515298508e-13,8.260942746758284e-13,3.9769192600829494e-13,-7.881786124544542e-14,-7.695790555333595e-15,-3.845320889638829e-13,-9.28830871099163e-13,8.888373295918329e-13,-4.879877081865021e-13,1.7155352846739426e-13,1.8598979340414655e-13,-1.9188954644431635e-13,3.411864167324128e-14,-9.881745066895854e-14,6.73018330905991e-13,8.986815766040402e-13,-2.5481959489266064e-13,1.1378793377218038e-12,1.1532225367252463e-12,5.377810887978359e-13
F8treat_m3,-2.073473680776915e-15,3.1567113839308516e-13,7.457160782876935e-14,7.177722554568778e-13,6.618816566546647e-13,8.180735597188347e-13,9.324653534067832e-13,-9.010235809355201e-13,-2.960982037585466e-13,9.300654963894572e-14,1.0604556259666792e-13,-7.887263063432008e-14,2.625239776032141e-13,7.933673713435171e-13,8.208808529831527e-15,9.127356525448447e-13,-4.005815780356741e-13,-5.258880618098827e-13,-7.052234547008214e-14,1.8943808104180883e-13,-4.651364392548138e-14,2.577066363922904e-13,4.614501072315442e-13,1.4773138486417544e-12,1.3055726079764131e-12,-6.366845950200538e-14,1.133161717565065e-12,-1.3125471208765815e-13,1.1193015780181505e-13,-3.254094253858401e-13,-4.065569036388277e-15,-1.8626644032662318e-13,7.372971132105319e-13,6.012912399489772e-13,1.1936321168687183e-13,1.0027057216307682e-13,1.117071833024768e-13,1.760956537989756e-13,3.106225856979897e-14,-1.1371183959867755e-13,-7.087890496671191e-13,4.090655317343179e-13,1.1428750383750986e-13,5.841038425542986e-13,7.430712496528805e-13,-7.046348004107922e-14,1.4497983753857188e-13,7.678778507600138e-14,-3.382873097524183e-13,-2.42902760263698e-13,8.837155758819384e-13,-1.269662801460558e-12,-1.7111967567819969e-12,6.465314124496531e-14,-7.881786124544358e-14,6.744593050480982e-13,8.636375937015041e-14,6.064629250944146e-14,6.183629611570025e-13,7.928159984517949e-13,9.5378637133513e-13,-1.020764975745635e-12,-8.373020432215803e-13,-3.6978957645551374e-14,-2.0818913399937968e-13,-7.932127642889665e-14,-3.375690040472793e-13,1.2160130943768764e-13,-2.9560202448238116e-13,-2.611802820707106e-13,7.309690127603714e-13,3.137861612244808e-13
F8treat_m2,2.3652788153407524e-13,-5.891265857954253e-13,4.224087416029665e-13,3.775522334129945e-12,-1.7713765767217406e-12,-3.398881593312156e-13,2.9488634316303e-12,-2.013697289512734e-12,-1.3295884277463058e-12,-1.1425511322536194e-15,-2.0798354927305793e-13,1.2925390936610956e-13,2.9723672563804365e-12,-1.449892009017446e-12,-4.4852768464848975e-13,2.9122817335220682e-12,-3.525265234129827e-12,-7.658374471791008e-13,1.702127326477912e-13,-6.400668110851174e-13,5.598327043833853e-13,3.6121607059080832e-12,-1.6767312021509852e-12,3.660982239514541e-13,2.2096557274603753e-12,-1.8710041844996523e-12,-1.2516707215007963e-12,1.273304721840945e-13,-1.9706957107005864e-13,2.4859158770088934e-13,2.8140487870542387e-12,-9.805901808130831e-13,-2.5479216415433417e-13,3.668671461816649e-12,-2.5476588726872986e-12,-1.037507564184172e-12,3.453838799097757e-13,-4.618738171726813e-13,-4.778168000049739e-13,2.7338376004846626e-12,-6.862848003919705e-14,1.595956366664284e-12,3.77123763882911e-12,-3.712415047385559e-12,-1.2422850321372204e-12,-5.637011962094725e-13,-6.769695019234754e-13,9.231890157077566e-13,4.648411551776304e-13,-6.51220530710964e-13,1.6431013214408083e-12,2.8406437240770902e-12,1.1902644636044034e-12,-8.480500310542559e-13,-7.695790555333962e-15,8.636375937014792e-14,1.4947411534506536e-12,1.8502767014020733e-12,1.5317535296856183e-12,6.562991959626297e-14,3.17579128489564e-12,6.063522340315767e-13,-1.178707031599497e-12,-1.2266179090638977e-13,6.242895318504206e-13,-2.410970469301688e-13,-3.294752715230117e-12,2.6900227626759094e-13,-6.86792821702645e-13,-1.737341667683876e-12,1.6675339500343639e-12,2.0625299752282765e-12
F8treat_m1,3.0876699356567987e-13,-1.3179097035149859e-12,3.6793368466307186e-14,8.980018589515283e-12,-2.309185592292414e-12,1.8418072108464015e-12,7.010155705360887e-12,-2.4936387459036776e-12,-4.3404973700145025e-12,-3.9446003412235063e-13,-2.63666462663494e-13,-9.897950639483848e-13,7.17488527521728e-12,-1.8910833546139537e-12,-8.730570993837001e-13,5.79908381588993e-12,-3.2055996630147537e-12,-1.572844350467552e-12,4.2658266792427954e-13,-1.352553164300106e-12,7.990743729595056e-14,9.27769983316179e-12,-2.7176273637294017e-12,1.3352500397476935e-12,4.383133948159959e-12,-2.3589478498240397e-12,-2.2508010384206773e-12,1.343403568463168e-13,-6.484824144944288e-13,-2.1443483430886363e-13,7.367399663669603e-12,-2.576443271410464e-12,2.880639210170341e-13,7.548424906629859e-12,-3.642949364129994e-12,-2.415702622757785e-12,6.686961229140038e-13,-1.0452164313248098e-12,-1.937543944893742e-12,6.62280991887398e-12,9.750749851518358e-13,6.3325473211330415e-12,9.329047628841697e-12,-7.53659069858241e-12,-3.680795994443602e-12,-1.2556643587344802e-12,-1.5648011571907835e-12,2.0133858560556222e-12,1.2098797373424794e-12,-5.358873995493485e-13,3.309155563354701e-12,7.029663280827661e-12,3.528234308762167e-12,-2.560771963077425e-12,-3.8453208896388115e-13,6.064629250943299e-14,1.8502767014020697e-12,6.1772217290322094e-12,4.772157581307581e-12,1.6644860055235642e-12,7.204093398823857e-12,1.8100484274494814e-12,-3.1370960780432243e-12,-5.5452888086223636e-14,1.4739494358490768e-12,4.850780109234744e-13,-8.025382160439739e-12,1.5788128217011707e-13,-1.6826332052804927e-12,-3.3981912623672985e-12,3.0094233140788356e-12,5.530559477798616e-12
F8treat_p0,1.2572800035521717e-14,-1.153936437630259e-12,-5.804145825213673e-13,1.0175944311853733e-11,1.457613766537846e-12,2.465377572626403e-12,9.927913917475132e-12,1.3025287551456458e-12,-3.7901809913567705e-12,-4.3477921221664136e-13,-4.1765711363276984e-13,-2.5086296674728545e-12,9.52883779952669e-12,3.348060971798154e-13,-2.3120255840281772e-12,6.7250506477548306e-12,-1.3950257554449581e-12,-1.4117855348558015e-13,-1.6146995409746536e-13,-1.8638871844154068e-12,-1.622978870058721e-12,1.0704624772021416e-11,7.2957166425769e-13,2.42661015255852e-12,6.942028051940669e-12,-3.5914159718931724e-12,-2.831780042280144e-12,-3.815869219297578e-13,-4.938528090574055e-13,-1.807398978298724e-12,7.48275941767612e-12,-1.2956757125798701e-12,1.0860347602707578e-12,9.38745037638613e-12,-4.19280092288592e-12,-4.219521465406375e-12,5.100742987539468e-13,-1.0206829890311408e-12,-4.032080690603945e-12,5.541267104692542e-12,3.498675450399803e-12,6.1619597446555755e-12,9.24070148316232e-12,-1.1555025313214395e-11,-4.643102568815388e-12,-1.8831140370187973e-12,-2.0266092771437456e-12,5.088896001615245e-13,1.246722527724252e-13,7.175262462644687e-14,2.9995347228922127e-12,6.694737424021499e-12,2.224897187770859e-12,9.183304988056553e-13,-9.288308710991593e-13,6.183629611569901e-13,1.5317535296856119e-12,4.7721575813075534e-12,1.322779895365767e-11,3.3298500810241715e-12,1.2805509435725127e-11,2.364895230543926e-12,-7.528480862756119e-13,2.3004479174626764e-13,1.641403580447588e-12,1.6511010492568359e-12,-9.43263979738557e-12,-4.096387882339826e-12,-2.3307645034094416e-12,-6.199343407266974e-12,1.951369033728852e-12,3.704391251747804e-12
F8treat_p1,5.86181498613597e-13,-3.6438943222169927e-13,1.9139730835907726e-12,2.8924206220447893e-12,1.159996791398007e-12,8.224424683034275e-12,3.709243784177522e-12,-5.765661253777561e-12,-5.503078180571958e-12,1.1087216038782489e-12,2.9925403498402745e-13,2.5023768956228222e-12,4.381306042278574e-13,1.834561969658241e-12,7.442149758914305e-12,4.885239694455873e-12,-1.0024982395943418e-11,-1.248364599541266e-11,5.372461683261972e-13,1.5890219773583184e-13,1.335928523795797e-12,-1.8883992809955875e-12,3.1776835243887235e-12,5.418323317345808e-12,3.5573940999895532e-12,-4.085794110616572e-12,-4.86887732814478e-12,-3.012457725612291e-13,-5.302661792861825e-13,-1.3939846517733928e-12,-2.778402133109728e-12,-3.6056917490651538e-12,9.402892583099486e-12,-7.468980949982243e-14,-7.804567688046227e-12,-3.612335515975362e-12,6.77763269652329e-13,-2.948028605056267e-13,3.5859888442242194e-13,-8.675389514254353e-13,-1.4780635177573674e-12,8.682714885643873e-12,-2.8047860586445057e-13,-4.646745805126819e-12,-1.7034571005474625e-12,-1.9951766478074524e-13,-1.04255027131452e-12,-6.729489562136382e-13,-1.3916796702609728e-12,8.325640260006224e-14,1.1038595907398491e-11,-1.7911197385267208e-12,-3.6272372454248114e-12,3.903460971569838e-12,8.888373295918352e-13,7.928159984517885e-13,6.5629919596263e-14,1.6644860055235709e-12,3.32985008102413e-12,1.42184209074874e-11,5.828120153075796e-12,-1.1958522260028287e-12,-3.922544556195504e-12,-2.5816547689141245e-13,8.18867625265278e-13,4.125034884017831e-13,7.560847764043329e-13,3.2235262775972255e-12,-6.046369543485065e-12,1.7949360414810759e-12,6.878214535127816e-12,6.906674156287848e-12
F8treat_p2,2.275968873356999e-13,-2.0253669929731203e-12,7.507997064066699e-13,1.3662284136536233e-11,-1.966070740184299e-12,1.5568354221150106e-12,1.6962388151527123e-11,1.5845359172394263e-12,-3.2911947071816573e-12,-4.511276199273336e-13,-3.0912628500788545e-13,-1.365079110801299e-12,1.2235630043272518e-11,5.210523263494406e-13,-1.310702256454911e-12,1.4153991127247558e-11,-5.898172731295404e-12,-3.660579451543761e-12,2.1814936430600088e-13,-2.3329571256224802e-12,2.395554799607082e-13,1.3479277956126817e-11,-1.569156946025137e-12,2.3060235933663043e-12,1.385331709063017e-11,-2.0744527350849855e-12,-3.381530084562202e-12,8.525233018990712e-14,-1.1664819255384251e-12,-5.374878712023984e-13,9.664469905966524e-12,-1.6828982179266253e-12,1.816195712453486e-12,1.752122361199276e-11,-6.865391317723314e-12,-5.065576777417531e-12,1.2004987254559244e-12,-1.8500023265447018e-12,-3.3071350146574703e-12,8.2213828868121e-12,3.28601687288628e-12,8.616419848014862e-12,1.738749965827783e-11,-1.2584311861856296e-11,-4.9120100809537975e-12,-2.580086735187555e-12,-3.021966697081193e-12,1.728033320408803e-12,-9.247973805063561e-13,-1.014999582186543e-12,6.310452021113263e-12,1.2325639752053634e-11,4.900574651942568e-12,1.866004234082973e-12,-4.879877081865018e-13,9.537863713351295e-13,3.175791284895651e-12,7.204093398823853e-12,1.2805509435725092e-11,5.828120153075827e-12,2.3539104119034525e-11,4.192343251818861e-12,-2.7237330809250143e-12,-3.8378057490644175e-14,2.4236722563677947e-12,5.511950063099031e-13,-1.1645501071921082e-11,-2.139007032394254e-12,-2.104304326905175e-12,-1.0870343497890432e-11,4.300473898461278e-12,7.407860428156478e-12
F8treat_p3,4.174273767811347e-13,-1.0572530336010128e-12,-2.2180286429508408e-13,3.075609913789877e-12,-2.738104718624951e-12,-3.4347933658420407e-13,1.2154862387364078e-12,5.898461188304657e-12,2.274940763198818e-12,-5.128182161562788e-13,-3.5823569689732957e-13,-1.2232517923710953e-12,2.606169566127639e-12,-1.610732206423825e-12,-6.628143501353579e-13,1.605871486566965e-12,2.5007433639499915e-12,3.6725828569395075e-12,6.300322036377215e-13,-1.1254243425921e-12,-2.0826075784392392e-13,4.733556266517896e-12,-1.7608490664104808e-12,-1.7381848142519751e-12,-2.363621695808226e-13,1.5747171228897642e-12,5.777972736032492e-13,7.686950325829935e-13,-7.690082636190606e-13,4.0136350371845485e-13,3.1428739960059097e-12,-1.1408073829721755e-12,-1.8189999911377846e-12,2.657912328752578e-12,1.1379268036328276e-12,7.149188070088689e-13,2.9341374086396437e-13,-8.017406293328708e-13,-1.5712612580483971e-12,2.822566545684677e-12,1.9039455433757636e-12,8.494769344692043e-13,4.462274082450347e-12,-2.4295583938228057e-12,-1.566416419146552e-12,-2.5563545206399436e-13,-1.0900187289773208e-12,9.054983999954533e-13,7.851280929741448e-13,1.0798852500214728e-12,-2.3997210094854635e-14,7.192706376556648e-12,9.268723498180956e-12,7.539380280793193e-13,1.7155352846739048e-13,-1.0207649757456349e-12,6.063522340315793e-13,1.81004842744948e-12,2.36489523054395e-12,-1.1958522260028356e-12,4.19234325181891e-12,9.986840807585629e-12,3.6401485199809475e-12,-1.728365856953491e-13,9.296776595003983e-13,4.3630029926443397e-13,-3.841001162875485e-12,-1.949126580702316e-12,-1.0453797879521413e-12,-3.4029384224541e-12,-4.466933851368617e-12,-1.6050112899628616e-12
F8treat_p4,-3.313389939523121e-13,2.4991030915525023e-13,-9.102772209921652e-13,-4.796982927619619e-12,1.7378795159079853e-12,-3.1498483784164496e-12,-4.8202122636567444e-12,6.502178335673187e-12,6.984668476071866e-12,-4.988008609636542e-13,-2.6852650185673238e-14,-8.256748792434853e-13,-2.322570288718892e-12,8.90243284555753e-14,-3.4267977444858446e-12,-2.040563031183573e-12,5.326076589056882e-12,8.392862721580379e-12,-1.0105748798016272e-13,4.728715944166253e-13,-1.0095776175830898e-12,-2.8931551685754326e-12,3.0027758892808237e-13,-3.976113455148807e-12,-3.977933791950964e-12,3.425026589652911e-13,4.031669841042345e-12,6.113664067824871e-13,2.369387205236747e-13,3.4943940641113036e-13,-1.5677694249632902e-12,1.599752349833073e-12,-3.783427700617991e-12,-2.0824721512385436e-12,3.809050290174313e-12,4.0346481681897915e-12,-6.230730516362929e-13,5.662965505933078e-13,-1.353536528550391e-13,-2.463127777632914e-12,1.7397675838028692e-12,-4.684993963325656e-12,-3.2753433038208324e-12,7.701600867218407e-13,4.151110164932019e-12,7.008162125946567e-13,2.304967611770799e-13,-9.259678649716025e-13,1.8329875352249123e-13,8.887113671046025e-13,-5.9754291966310715e-12,1.3631517665129023e-12,2.972014803902003e-12,3.844186892275618e-12,1.8598979340414243e-13,-8.373020432215678e-13,-1.1787070315994649e-12,-3.137096078043189e-12,-7.528480862755749e-13,-3.922544556195484e-12,-2.7237330809250276e-12,3.640148519980966e-12,8.889489055932352e-12,5.697074084798683e-14,-5.695099552269853e-13,3.5371475309389927e-13,2.6184464247835796e-12,-2.253481876378857e-12,2.4303688325954503e-12,-8.257025699204782e-13,-4.6962596274792475e-12,-8.269825451933296e-12
window_m4,-2.0129197405859942e-13,5.915315102445331e-14,-1.271695251688194e-13,-6.320281763185667e-13,5.88976966677017e-13,-2.3536961471531717e-13,2.431095434673232e-14,9.691976528297716e-13,-1.9492493453765146e-14,-1.1682975800027028e-13,5.0354992545269877e-14,-1.4234231567252777e-13,-6.833845428974802e-14,2.404059700744166e-13,9.71351694770231e-14,-4.1108185379963194e-13,8.764658829164911e-13,2.4180229385923136e-13,-2.212954960924491e-13,4.0019041804864853e-14,-1.6153554121732916e-13,-4.986484772968215e-13,3.491917759945599e-13,-1.848933226655676e-14,4.9048578958002365e-14,5.673578143579836e-13,4.782869361703124e-13,-1.8761326331245384e-13,-2.1909902627500777e-14,-1.2747593702318606e-14,-2.4892430769175847e-13,2.5412824538217295e-13,-1.2918373046290957e-13,-5.688818914792783e-14,1.1394637304193029e-12,6.446840007968296e-13,-1.629320777786629e-13,1.9905036622669822e-14,1.8666425060730735e-13,-3.9440152230489914e-13,5.120782497959242e-13,-3.9612652068432537e-13,2.099266876365756e-13,1.0729222728013284e-12,1.3803526121242555e-13,-6.773022721373312e-14,1.0493108982732956e-13,-2.255708370554201e-13,-2.7761866377697685e-13,-8.691156257548828e-14,-8.06547192761427e-13,-4.993584289010522e-13,-1.7905893841951282e-13,-2.551552338460458e-13,-1.9188954644431723e-13,-3.697895764554985e-14,-1.2266179090638914e-13,-5.545288808621986e-14,2.3004479174627143e-13,-2.5816547689141134e-13,-3.8378057490642433e-14,-1.728365856953507e-13,5.697074084798515e-14,1.630174245905669e-13,-4.693167270770422e-14,2.3309380957931047e-14,3.927760633286224e-13,-3.695183605334823e-13,2.5116757677625424e-13,-2.6851349565257976e-13,-8.05535191324727e-13,-4.750450769439429e-13
window_m3,1.8136681961464696e-13,-6.317178152729929e-13,1.581104535248569e-13,2.6128692546285763e-12,-1.1413069080393826e-12,4.953464394978942e-13,2.056664769632989e-12,-9.309762648220771e-13,-1.3285907442106335e-12,-2.109607677535146e-14,-2.1580798545325269e-13,-4.5221890842019126e-14,2.1202183940223275e-12,-1.0151626691642315e-12,1.5886608675711984e-13,1.6840467814046592e-12,-2.380790547240674e-12,-1.3400803244162258e-12,2.1310545996931e-13,-5.798920941720198e-13,1.2555669778288081e-13,2.4931765802976864e-12,-7.245784947013047e-13,-9.067229869185574e-14,1.241936923171438e-12,-1.3969773642726378e-12,-1.919129569274702e-12,5.1881935981058926e-14,-2.8713567708580877e-13,-8.019452268400723e-14,1.7425021279500503e-12,-9.38415574308111e-13,3.974704259619038e-13,2.1049261514654504e-12,-2.3293560740178226e-12,-1.167444175934203e-12,2.3776730685075145e-13,-4.699336286918659e-13,-7.23653471158635e-13,1.8058122782486406e-12,3.4812446431762614e-13,2.1054660294819562e-12,2.337855188450041e-12,-3.4059373625971634e-12,-1.6188663432113377e-12,-3.9395066015418327e-13,-6.628239735547167e-13,4.743874596791461e-13,3.4151699310890264e-13,-2.151976602234998e-13,1.276945068632411e-12,2.2484316225391333e-12,1.1466616044092715e-12,-1.2496010084451797e-13,3.411864167324089e-14,-2.0818913399937953e-13,6.242895318504229e-13,1.4739494358490732e-12,1.6414035804475806e-12,8.188676252652723e-13,2.4236722563677894e-12,9.296776595004034e-13,-5.695099552269833e-13,-4.693167270770399e-14,6.820547803914381e-13,2.2025339410212278e-13,-2.19852129383819e-12,7.728403121858051e-14,-8.062273800201437e-13,-8.287008463888172e-13,1.3470933173085743e-12,1.9680886280822595e-12
window_m2,6.087315549130066e-14,-1.17438481309846e-13,-3.387536087798605e-13,1.1868185331009476e-12,4.948214899033519e-13,8.616187064864217e-13,8.328191332864201e-13,4.3369914638785996e-13,-4.1772697873589974e-13,-2.983033863122223e-14,-9.383057610972379e-14,-6.449139331353211e-13,1.0175556605106002e-12,-8.98890713211029e-14,-5.441230778938102e-13,-2.0608478672546595e-13,1.1406748906595232e-12,1.9497634269767086e-13,7.628095480988301e-14,-2.6127365629405373e-13,-6.249270478298631e-13,1.4886039874340711e-12,1.3321970841446872e-13,-5.716323416444415e-15,-1.9339101416730483e-13,-3.3806585210126087e-13,-1.1415984623631368e-12,-1.2950729388589913e-14,1.9687164380752288e-14,-4.5195071280630867e-13,8.655870931773922e-13,-2.0178626307735097e-13,2.2346623457561228e-13,2.0635513244046445e-13,-7.425313870664132e-13,-1.4163445624928967e-12,4.516383922705537e-14,-6.795293661266165e-14,-1.1312378083852103e-12,6.317125736983342e-13,3.137576485660428e-13,1.2802930922814688e-12,-5.664773761585974e-14,-2.274411742859278e-12,-9.651175767484519e-13,-8.738871263943096e-14,-1.6023224420743125e-13,-2.275143342715977e-13,4.437651716619936e-13,4.455244498830594e-13,1.9209021130091516e-13,1.0677947707302976e-12,3.506494709411409e-13,4.65964593027957e-13,-9.881745066895764e-14,-7.932127642889649e-14,-2.410970469301686e-13,4.850780109234712e-13,1.6511010492568316e-12,4.1250348840178464e-13,5.511950063098955e-13,4.3630029926443675e-13,3.537147530939037e-13,2.3309380957930245e-14,2.2025339410212621e-13,6.874551801582154e-13,-1.2067584339799956e-12,-7.595484441734235e-13,-5.011260539020365e-13,-2.136914165741383e-13,1.3287432147165632e-13,3.694348634289077e-13
window_m1,-7.755258833060702e-13,2.0392924475382605e-12,7.061592695157193e-13,-1.6406220954323624e-11,3.472442004442237e-12,-1.6587589047681963e-12,-1.2619796112629162e-11,3.701571077166643e-12,4.2648455665728e-12,6.116871924116644e-13,9.071171866655579e-13,2.8510461041614417e-12,-1.2844692973740807e-11,4.127436234777928e-12,5.69462714380193e-12,-9.090853733722253e-12,2.425634946490105e-12,-2.162719141721874e-12,-7.037817200805122e-13,2.5461621864882605e-12,9.075221033869547e-13,-1.831899619195173e-11,5.882760469453635e-12,-8.461924918228742e-13,-7.0607004339569635e-12,5.4529974379789255e-12,4.679709978277948e-12,-6.75595000422286e-13,3.9032021214139617e-13,4.114865026325254e-13,-1.3993589344191665e-11,2.7484817665775305e-12,2.438731289785749e-12,-1.462950133110786e-11,6.782500890498492e-12,6.307566002661764e-12,-1.2575884284660667e-12,1.54353677380327e-12,5.428981611919364e-12,-1.2196014702996784e-11,-8.625960953715175e-13,-9.250850168744367e-12,-1.4256469454873207e-11,1.590830083202807e-11,6.042070684972269e-12,1.97467869474421e-12,2.4309385585758614e-12,-2.909809295495127e-12,-3.079755053123715e-12,-7.814989088307966e-13,-3.928682029412355e-12,-1.4905954926563927e-11,-6.79531479286843e-12,3.166953303248009e-12,6.730183309059891e-13,-3.375690040472752e-13,-3.2947527152301163e-12,-8.025382160439737e-12,-9.432639797385585e-12,7.560847764043567e-13,-1.164550107192108e-11,-3.841001162875484e-12,2.6184464247836034e-12,3.9277606332862673e-13,-2.19852129383819e-12,-1.2067584339799992e-12,1.586103463768749e-11,2.5169930038500296e-12,2.683279324033566e-12,8.331539330357199e-12,-3.811808337701137e-12,-6.284472408322406e-12
window_p0,4.645638348215083e-13,-1.6599908095038795e-13,1.3359109480661913e-12,-7.991281240422259e-13,-3.995823589943539e-12,1.1346384817929605e-12,-1.7327733158835754e-12,-6.250686284480008e-12,-1.9827117585590567e-12,6.039328641891726e-13,1.1130890451965518e-13,2.276137475785792e-12,-2.236175198550972e-12,-1.3705218632488157e-12,3.3625271585159967e-12,9.62586063999167e-13,-8.424445056902438e-12,-5.019872467213689e-12,5.7603538174688e-13,3.6760143634863627e-13,1.8335399100715543e-12,-3.0350599588878365e-12,-9.956825261494855e-13,6.525443800015374e-13,-2.3943809937064174e-14,-1.772092960670876e-12,-1.23378308424607e-12,1.8268431650633946e-13,-1.562249872252456e-13,1.9748073006540292e-13,-2.547999625688808e-12,-3.2741960888457866e-12,2.4249444252139705e-12,-3.5310121582113157e-12,-4.4486213414925254e-12,3.6299856477945845e-14,2.8949039742812866e-13,9.35275057919451e-15,1.8880985875713383e-12,-8.844682511626558e-13,-3.4820947848173625e-12,8.340211720295591e-13,-2.12152378952926e-12,4.1553831740221497e-13,6.904422465143077e-13,2.6135213730595295e-13,-2.352377373706379e-13,6.931308779895501e-13,-2.76912257913327e-13,-2.4541867599231856e-12,3.904548411292722e-12,-2.8901380594195238e-12,-3.51030154920925e-12,-6.575439433924704e-13,8.986815766040369e-13,1.216013094376893e-13,2.6900227626758786e-13,1.578812821701438e-13,-4.096387882339817e-12,3.22352627759718e-12,-2.1390070323942653e-12,-1.949126580702297e-12,-2.2534818763788504e-12,-3.6951836053348007e-13,7.72840312185788e-14,-7.595484441734229e-13,2.516993003850028e-12,5.5702470780475615e-12,-8.031197424458036e-13,4.761795154066147e-12,5.202152341367044e-12,3.7728982309623926e-12
window_p1,-5.808270919865972e-13,6.238645214045758e-13,-8.134582492187272e-13,-4.228900752892517e-12,4.885113473330206e-13,-5.868313624192523e-12,-3.458272568629665e-12,4.650293928677087e-12,3.3522313947578246e-12,-5.782493778668496e-13,1.614606717443581e-13,-8.561837559155175e-13,-1.765346705317743e-12,8.861034667490707e-13,-3.981926445223901e-12,-2.043587603970258e-12,4.817690732481036e-12,5.461177093322679e-12,-4.693091524910063e-13,4.601466712269179e-13,-3.002189905028266e-13,-2.277435831588903e-12,3.919585449829957e-13,-3.6254622769273323e-12,-1.8307061712026523e-12,2.8689285350818388e-12,3.0338555688864293e-12,3.8756734868831495e-14,2.853508432868679e-13,5.55858261577357e-13,-8.090484368239475e-13,2.6013069832197533e-12,-4.6280873405490435e-12,-1.4407387878049432e-12,4.404696162061706e-12,2.4247926241279134e-12,-6.140152298752163e-13,4.935473193276038e-13,1.142141275926391e-12,-1.9282604303296664e-12,1.757875152217856e-12,-6.672525063860433e-12,-1.579288121443165e-12,3.8250376712975375e-12,1.7006928846295586e-12,2.274022886875017e-13,5.541379367746609e-13,9.976757569909649e-14,3.805712357723795e-14,-9.237720558462335e-13,-7.0434669755605404e-12,-2.0753910055501334e-12,8.913709110145628e-14,-6.497968040689808e-13,-2.5481959489266155e-13,-2.9560202448237783e-13,-6.867928217026392e-13,-1.682633205280492e-12,-2.330764503409432e-12,-6.046369543485114e-12,-2.1043043269051734e-12,-1.045379787952147e-12,2.430368832595454e-12,2.5116757677625424e-13,-8.062273800201473e-13,-5.011260539020363e-13,2.683279324033574e-12,-8.031197424458203e-13,5.320789457818077e-12,5.036071476099463e-13,-2.8962219435998486e-12,-4.000490871821008e-12
window_p2,5.174746107985828e-13,9.406351033381222e-13,8.14215484022722e-13,-6.630656506011289e-12,-1.397100471182386e-12,4.519812382047158e-13,-1.1324417116982034e-11,-4.795684909998846e-12,-1.1014624193512715e-12,1.0508970045559462e-12,2.4881150600328464e-13,2.3930042614426794e-12,-7.370009757483738e-12,2.555796324817898e-13,4.949818629555535e-12,-7.069408290436793e-12,-5.9362574600335455e-12,-5.076134996679166e-12,6.313284123303491e-13,1.0049941701682855e-12,1.210954757049e-12,-8.970367104074623e-12,3.860666030138195e-12,-7.325046298557682e-14,-7.711289833494504e-12,-7.521276738020803e-14,-1.3343542996996498e-12,-2.2124014801278654e-13,2.7215076883011555e-13,-8.161590034902472e-13,-7.963957192586524e-12,-1.6297190921601822e-12,3.9197361132150235e-12,-1.454252401566362e-11,-2.8916372800317716e-12,-4.2079684751561784e-13,-2.0908626968942788e-13,7.688832537057792e-13,2.3815678464376937e-12,-5.707714982901681e-12,-2.839649829210675e-12,-3.6903422442329375e-12,-1.352775317690384e-11,3.0090498401036203e-12,4.586801147307647e-13,1.3978922268510853e-12,8.793601398052083e-13,-2.3870078414614727e-13,1.3276451522076668e-13,-1.9538819075975372e-12,8.889314758464574e-13,-1.1790613728657555e-11,-6.015651872285778e-12,1.4918629333174375e-12,1.137879337721802e-12,-2.6118028207070576e-13,-1.7373416676838818e-12,-3.3981912623672957e-12,-6.199343407266952e-12,1.7949360414810488e-12,-1.0870343497890376e-11,-3.402938422454126e-12,-8.257025699204567e-13,-2.6851349565257507e-13,-8.287008463888282e-13,-2.1369141657415038e-13,8.331539330357212e-12,4.7617951540661515e-12,5.036071476099537e-13,1.2535299364219442e-11,3.68200414455373e-12,1.5730974993548038e-12
window_p3,1.1491405466841078e-12,-1.1395162631082843e-12,1.5244849550282621e-12,8.13713838200203e-12,-4.203312530022001e-12,3.8725762359619456e-12,4.478116483869984e-12,-1.364389564879085e-11,-5.631543084507407e-12,1.0585631395846457e-12,-4.2881454406726e-13,2.0226679169550945e-12,3.1617928712950524e-12,-2.1541591569835096e-12,1.849910393401241e-12,6.382433690203232e-12,-1.750464771138123e-11,-9.531231729495713e-12,1.2697750669989047e-12,-7.091504507723692e-13,1.6283227961893032e-12,4.095082604669989e-12,-9.96447394288951e-13,1.863578986498429e-12,4.668376685756189e-12,-9.164215452543122e-12,-7.493149580597608e-12,2.8335715670248995e-13,-1.8423237541262373e-13,-1.1649613177296956e-12,1.5649245640551635e-12,-4.489532111397097e-12,4.844519379140738e-12,2.531041850734435e-12,-1.5656050755023433e-11,-6.653662105991934e-12,1.3173795752344333e-12,-6.799176856038386e-13,-1.2191678462403146e-12,3.350600686122994e-12,-3.9733922086138505e-12,7.541114647560366e-12,6.128373199182463e-13,-1.3444142558535867e-11,-3.005298770334991e-12,-6.741456707415845e-13,-1.7473060584603618e-12,1.7549337164620186e-12,7.750098852003443e-13,-2.5360321431996905e-12,9.03285604423276e-12,7.835449811731503e-13,-5.596131758508538e-12,1.5008051831401695e-12,1.1532225367252497e-12,7.309690127603654e-13,1.66753395003437e-12,3.009423314078852e-12,1.9513690337288434e-12,6.878214535127796e-12,4.300473898461231e-12,-4.466933851368603e-12,-4.696259627479236e-12,-8.05535191324729e-13,1.3470933173085782e-12,1.328743214716523e-13,-3.811808337701146e-12,5.202152341367047e-12,-2.89622194359983e-12,3.682004144553718e-12,1.4243007591275389e-11,1.0187213906004355e-11
window_p4,1.1218183581015202e-12,-1.5441342741971558e-12,1.6015118999747463e-12,1.010437212884794e-11,-5.023848120617352e-12,4.776015173544728e-12,7.759830846948505e-12,-9.797092989548642e-12,-8.551690734324579e-12,7.925198011557905e-13,-3.8423230943482225e-13,1.435545643668465e-12,5.834000441488562e-12,-2.426961104182251e-12,3.8224855184371365e-12,5.77116744372959e-12,-1.2143890555695953e-11,-1.1217356615931284e-11,1.108709894466864e-12,-1.5440407937024323e-12,1.6471728178007195e-12,7.562849515731781e-12,-1.652180369999795e-12,2.7645219373079e-12,5.2829553391563965e-12,-4.45997452774554e-12,-9.429998331911464e-12,6.254860477489767e-15,-6.811182943365036e-13,-5.540646209871827e-13,4.452997956969405e-12,-4.068681036269877e-12,5.228918598864078e-12,4.418285982784446e-12,-1.1718330120495429e-11,-8.69329433247863e-12,1.2981063517110965e-12,-1.3349266630218532e-12,-1.6766500066511145e-12,5.993954969287011e-12,-1.9884721890353134e-12,9.403582024808518e-12,5.7601361457911596e-12,-1.116072390859662e-11,-7.865365798621002e-12,-1.1112756426659544e-12,-1.7645333801405025e-12,1.9975130014783666e-12,9.402092700979192e-13,-1.1051499317134196e-12,1.0144323073052677e-11,4.216962634175462e-12,-7.991803170200886e-13,-2.1454625651173557e-12,5.377810887978395e-13,3.137861612244695e-13,2.062529975228248e-12,5.530559477798609e-12,3.704391251747774e-12,6.9066741562878406e-12,7.407860428156483e-12,-1.6050112899628412e-12,-8.26982545193329e-12,-4.75045076943944e-13,1.9680886280822623e-12,3.6943486342891363e-13,-6.284472408322398e-12,3.772898230962396e-12,-4.000490871821014e-12,1.5730974993548092e-12,1.018721390600434e-11,1.3458884983661484e-11
