,treat_m4,treat_m3,treat_m2,treat_m1,treat_p0,treat_p1,treat_p2,treat_p3,treat_p4,L4treat_m4,L4treat_m3,L4treat_m2,L4treat_m1,L4treat_p0,L4treat_p1,L4treat_p2,L4treat_p3,L4treat_p4,L8treat_m4,L8treat_m3,L8treat_m2,L8treat_m1,L8treat_p0,L8treat_p1,L8treat_p2,L8treat_p3,L8treat_p4,L12treat_m4,L12treat_m3,L12treat_m2,L12treat_m1,L12treat_p0,L12treat_p1,L12treat_p2,L12treat_p3,L12treat_p4,L16treat_m4,L16treat_m3,L16treat_m2,L16treat_m1,L16treat_p0,L16treat_p1,L16treat_p2,L16treat_p3,L16treat_p4,F12treat_m4,F12treat_m3,F12treat_m2,F12treat_m1,F12treat_p0,F12treat_p1,F12treat_p2,F12treat_p3,F12treat_p4,F8treat_m4,F8treat_m3,F8treat_m2,F8treat_m1,F8treat_p0,F8treat_p1,F8treat_p2,F8treat_p3,F8treat_p4,window_m4,window_m3,window_m2,window_m1,window_p0,window_p1,window_p2,window_p3,window_p4
treat_m4,5.743052820368152e-13,-4.673824237375752e-14,2.5223729735803165e-12,4.508785765533413e-12,-1.8083782039306167e-12,-3.2855695878736555e-13,5.667570531350983e-15,-2.183412282557147e-12,5.953622549632933e-13,2.040764270929672e-13,-9.701408422756029e-14,2.1637815617916906e-12,7.663595494188756e-12,-3.3147407394443386e-12,-1.1718847778381035e-12,-5.715813784267578e-13,-3.184664850112699e-12,-2.1442261768264494e-12,1.213001655040914e-13,-3.2292321252297535e-13,3.074252622451332e-12,5.753193135131047e-12,-2.972268996367536e-12,-1.9568612839088747e-12,-1.7803911205860581e-12,-1.848335782828844e-12,4.4961771749106014e-13,-8.17017165473872e-14,-5.671084483421575e-13,2.551096317257613e-12,7.147186981839703e-12,-3.424146443573145e-12,4.858481580604981e-13,3.3819157452588335e-14,-4.992150429490675e-13,-1.1648643882913435e-12,6.165364586354591e-15,-2.1031098989409026e-13,2.2888177165578716e-12,6.4344380504891564e-12,-8.235604074719671e-13,1.2532706855305712e-12,2.132526608282724e-12,-1.8426965080335234e-12,-2.4538649033978593e-13,-2.7693346590727104e-13,-1.864912487792279e-13,2.4147204157160337e-12,2.6525244105262047e-12,2.3381771363768693e-12,2.412518220089519e-12,1.99991135046183e-12,5.845905241430124e-13,2.423231187159242e-12,2.6282400318917755e-14,-1.0661136873036336e-12,2.1702463569995812e-12,1.7751365011022784e-12,9.239197512141612e-13,2.157219010323217e-12,2.615793864895509e-12,1.6515473304652976e-15,1.8982464362740693e-12,3.77812234533025e-13,1.0989481557621674e-12,-1.0627108318242303e-12,-7.1067071606685725e-12,-1.3562177980630172e-12,-1.249786513780992e-12,-2.0384674108559922e-13,1.4031532563302093e-12,1.1171020926226063e-12
treat_m3,-4.673824237372317e-14,5.969978584645675e-13,-9.782722587285654e-13,-2.4855832692246325e-12,1.673754987913716e-12,-2.533134317034311e-13,-8.698929941783495e-13,1.073298535960507e-12,3.571491360356413e-13,1.207508622502892e-14,3.5323471086519e-13,-8.665811025056182e-13,-4.055610290980837e-12,2.1023407391162008e-12,-6.462447030589374e-13,-7.732025752267455e-13,4.934413958698775e-13,1.2892381597795635e-12,1.9135939370958249e-13,6.878552042613384e-13,-1.2634603504472567e-12,-2.7186111081537258e-12,2.8006858006192035e-12,-1.4422053988539158e-13,1.6534722429162798e-13,5.376156983994698e-13,-6.280363828583017e-13,3.4850136155768635e-13,7.276306462743116e-13,-1.2921445490986472e-12,-3.577444776381091e-12,2.99216421195072e-12,-6.647378881661413e-13,-6.059843710986878e-13,-6.378122647843308e-13,1.2759964851513527e-12,1.3408941786255963e-13,5.283034290869774e-13,-1.0459967640281567e-12,-3.2233772491306905e-12,2.6514508778553383e-12,-1.0375580120360307e-14,-1.2718068962895538e-12,1.3368429932614653e-12,8.190464977107844e-13,2.2131534068958738e-13,1.1420259395007612e-13,-1.2639281224747927e-12,-1.5212798330405395e-12,-1.6834457230990162e-13,-1.0983028482344202e-12,-1.9238484179884585e-12,-6.099076599955556e-13,-1.1228473393218006e-12,1.118731644631219e-13,8.0649510648217e-13,-1.1281868780877108e-12,-1.143399057601521e-12,8.027989424351161e-13,-1.896083703259354e-12,-2.781060033119937e-12,2.593214688049823e-13,-2.805557235816653e-13,-3.487800647425189e-13,-1.1034211535804456e-12,1.376929726658353e-13,3.5921515930544293e-12,-1.0087014905719446e-12,1.9089603095003803e-13,3.1289613330849853e-13,-1.1180972884140565e-12,-1.1987361985398154e-12
treat_m2,2.522372973580279e-12,-9.782722587284768e-13,1.4003659906632957e-11,2.566786030999523e-11,-1.1799707538821948e-11,-6.938269637473928e-13,2.5314754808558978e-12,-1.1595692013210314e-11,1.4240131632122178e-12,8.651172258569601e-13,-7.242996445107033e-13,1.2552241600737334e-11,4.202646717878589e-11,-1.9651739096339645e-11,-4.955692166979661e-12,-1.8605263655038744e-12,-1.651033166445131e-11,-1.3569240544159435e-11,3.1500852211377443e-13,-2.192166183734806e-12,1.7005711835213248e-11,3.083096774594638e-11,-1.8177766153605903e-11,-1.0238509280506648e-11,-9.22140953450953e-12,-1.1432435182336023e-11,3.1046503265650597e-13,-8.497963362473085e-13,-3.224870396542442e-12,1.4827267881605476e-11,3.945185393269553e-11,-1.965820154507062e-11,2.3055870033653685e-12,4.091530503068089e-13,-3.342128234981756e-12,-8.805716695662713e-12,-1.8214055292141445e-13,-1.4709017223201377e-12,1.3442489307927407e-11,3.7116224496948814e-11,-6.1467933655982925e-12,6.309953068366394e-12,1.1485485388379417e-11,-1.1275908735756017e-11,-3.119103315128935e-12,-1.5088381653446933e-12,-8.388308689981538e-13,1.3447703507795318e-11,1.5491305583215805e-11,1.302606300229747e-11,1.3730973528786396e-11,1.267208894626431e-11,3.0786410563152466e-12,1.3575368184948279e-11,-2.4591737717443243e-13,-5.986246156165683e-12,1.2232256456278821e-11,9.574882881493996e-12,3.3877115485544736e-12,1.3525207370334877e-11,1.5642808914665595e-11,4.591211198793899e-13,8.64420239827252e-12,2.1520024830012344e-12,6.555752401846389e-12,-6.0069247223571215e-12,-3.990133557745413e-11,-6.3576216603126585e-12,-7.409686334227178e-12,-2.098513375717255e-12,7.834918237193877e-12,6.886188822407205e-12
treat_m1,4.508785765533495e-12,-2.4855832692245966e-12,2.566786030999548e-11,5.317719604007689e-11,-2.4853897566898382e-11,-1.6718409014569758e-12,4.761527762818252e-12,-2.2033103221741856e-11,1.6421655696167794e-12,1.902310728878217e-12,-1.244429061050996e-12,2.3595427152096166e-11,8.614743939469469e-11,-3.964034231771377e-11,-7.787580239592748e-12,-4.207614845088985e-12,-3.1548255994833454e-11,-2.534677396254976e-11,4.936762598402985e-13,-4.703978848582239e-12,3.3316808653385326e-11,6.405399362587721e-11,-3.688991833556006e-11,-1.7934992450813927e-11,-1.716993050005328e-11,-1.99093760769446e-11,3.6641541467907787e-13,-1.7730516216842057e-12,-6.6767527479154986e-12,2.907505982049238e-11,7.904763036213576e-11,-3.940957188477704e-11,6.478237543001504e-12,2.739764866451771e-12,-7.353105787458737e-12,-1.8167386890143805e-11,3.342934989651259e-14,-2.988673657576274e-12,2.5743598198512754e-11,7.535416200571996e-11,-1.2412001475847817e-11,1.4365469103663222e-11,2.5228389521447456e-11,-2.0663249329791958e-11,-5.6838457672980165e-12,-3.3684197599508525e-12,-1.4142738464181928e-12,2.5783255002717636e-11,3.0601951697365916e-11,2.3155618480061524e-11,2.9760244914636675e-11,2.5680404132727045e-11,8.829179559892141e-12,2.779972313856975e-11,-5.851048182636578e-13,-1.231084596766043e-11,2.3505724947047838e-11,2.0933908155795697e-11,5.1286926901682645e-12,2.893804524725782e-11,3.2387889919533105e-11,2.2859957424885765e-12,1.6467310895057713e-11,4.253150678503346e-12,1.3380898220036106e-11,-1.0890744502249333e-11,-8.079760445790781e-11,-1.124510941303947e-11,-1.4813763777842768e-11,-4.078060891124692e-12,1.7326296823708183e-11,1.658458438561017e-11
treat_p0,-1.8083782039304715e-12,1.6737549879140001e-12,-1.1799707538821953e-11,-2.4853897566897432e-11,2.3917381888638594e-11,8.800318219694693e-12,9.607616645086599e-13,1.3707307864115167e-11,2.617625214329006e-12,-1.2620266641256697e-12,9.137122747625574e-13,-1.2063786982758629e-11,-4.0381521987759304e-11,2.6906746821034524e-11,8.138599550556697e-12,6.042326767793018e-12,2.1268212016586558e-11,1.1635417597934326e-11,5.1497044542298583e-14,2.7476227355571146e-12,-1.673933300650999e-11,-3.0459773747008467e-11,2.5121332104075286e-11,1.6813957824501266e-11,1.2688462238988141e-11,1.3825605539483548e-11,2.221210772946079e-12,1.0073049342257067e-12,3.2282438609766615e-12,-1.3949369109679194e-11,-4.032111684051559e-11,2.194385950815246e-11,7.506934499605344e-13,1.8338931012049656e-12,6.985781872507924e-12,1.356365942566022e-11,3.9622884332585027e-13,2.024326198362865e-12,-1.2442001698434659e-11,-4.069735243408478e-11,1.3107213462722811e-11,-1.654940959366164e-12,-6.935005264504331e-12,1.3540907950701845e-11,8.472757596384342e-12,1.4400937312466387e-12,4.377033945058462e-13,-1.3588055961843592e-11,-1.6487144702307578e-11,-6.0402094444890964e-12,-1.2893496149324365e-11,-1.2849442209010264e-11,-3.996184984766084e-12,-1.523184202303261e-11,1.2266674925099693e-13,5.7232711760397915e-12,-1.1220054981017008e-11,-8.34661114255205e-12,4.983950509511869e-12,-1.1288254005960343e-11,-1.2399995617769737e-11,-1.5846131038056569e-15,-6.204361966236444e-12,-2.013701208988652e-12,-6.316488681863231e-12,6.2642381498837845e-12,4.2136065751271016e-11,1.4725109150955937e-12,5.713588897832983e-12,1.1679602667851219e-12,-8.37197545456886e-12,-1.0061168725801597e-11
treat_p1,-3.2855695878735964e-13,-2.533134317034044e-13,-6.938269637472229e-13,-1.671840901456979e-12,8.800318219694783e-12,1.0655327259837136e-11,5.958733307621687e-12,4.080245961392926e-12,1.6475424441868811e-13,-3.983365252053532e-13,-1.893566757329438e-13,-9.523925436510602e-13,-2.1111525741341784e-12,5.944768441420467e-12,6.637099248743466e-12,5.000172029133806e-12,8.411952376869915e-12,-3.135950736938709e-13,-1.463025376503732e-13,2.1579380154698398e-13,-1.9279422659274916e-12,-3.988461519169469e-12,3.7012480690119344e-12,1.2126053672644991e-11,5.603617245477807e-12,3.2364148006405818e-12,8.657897579062842e-13,2.672027348958154e-14,-1.105232734298237e-13,-1.1263047780489326e-13,-5.8677257272237e-12,1.958903724478505e-12,5.923318039555224e-12,2.2577662607738435e-12,3.21173101624449e-12,2.897965555814647e-12,6.769798978325536e-13,1.2712250507206573e-13,-2.023466115146908e-13,-6.350935469019995e-12,3.498736042118337e-12,5.1830630906502015e-12,3.639254617134942e-12,4.372980425980703e-12,5.20036672567352e-12,-4.65936212166846e-14,-3.6203927352823226e-13,-2.7754413024824297e-12,-2.8001801249970846e-12,1.3949368015611064e-12,6.768619355893361e-13,-5.916889177485974e-13,-1.6850686580872148e-12,-3.8236038633082696e-12,-5.247923960672399e-13,6.679251402214772e-14,-6.55596333733984e-13,-3.743121782087986e-13,2.63734579265829e-12,3.406693853903165e-12,1.876380254075225e-12,1.0743882595266212e-12,-5.562162254965197e-14,-2.1068266898622423e-13,6.115401752165691e-13,1.6266525354796972e-12,5.394478873139558e-12,-1.6389944425772156e-12,-3.981825557746367e-12,-4.232893137840024e-12,-3.6449979796412276e-12,-3.608133171830209e-12
treat_p2,5.667570531331949e-15,-8.698929941783862e-13,2.5314754808558663e-12,4.761527762818259e-12,9.607616645087673e-13,5.9587333076217265e-12,1.3277987455290652e-11,2.811767224754446e-12,-3.0066106785575655e-12,-1.9622216223860334e-13,-1.3185818226936224e-13,2.61689289954852e-12,4.1506615319021e-12,1.6587050059073261e-12,3.429239779451006e-12,7.94390239338587e-12,1.8648458272926515e-12,-6.638372574806295e-12,-1.6335334840316834e-13,-3.7301634220738103e-13,1.6073918583254e-12,8.715146000162052e-13,-8.547537791020589e-13,3.3249341361010046e-12,4.810365461725241e-12,-1.7129316277226165e-12,-2.5989456051405905e-12,-5.706399141278486e-13,-1.1073421873033423e-12,2.1223890122313683e-12,2.503092093359678e-12,-3.6039562159727592e-12,5.436160895344866e-13,6.155772887901361e-12,3.3050452144795086e-12,-2.3023241236174477e-13,-3.1458991612000997e-13,-1.2011253841182864e-12,2.0489942244286114e-12,3.177104703006123e-12,-3.035460565384542e-12,2.9352950506966672e-12,5.712301607192821e-12,2.4535077801941187e-12,-2.4942776959853678e-12,-3.338647292325671e-13,-3.6263068836291607e-13,1.1133170892786937e-13,2.7948641509737225e-12,2.3026271510112043e-12,1.6177193104448782e-12,5.421097803986145e-12,-5.04847085788609e-13,1.2550218992767686e-14,-8.060185820088834e-13,-3.6309789542017816e-13,2.5549431983261898e-12,-3.7903745758239623e-13,-2.338975893787114e-12,6.242057257341236e-12,7.477827001247906e-12,8.405287712381659e-13,-2.749890359952985e-12,4.772016841239823e-13,2.173326607784077e-12,2.2048985047555072e-13,-3.4545163821024947e-12,1.7045715869488206e-12,-1.880602230932922e-12,-5.1492419117259636e-12,-3.580335939340337e-13,2.1463708542026e-12
treat_p3,-2.1834122825571164e-12,1.0732985359605323e-12,-1.15956920132103e-11,-2.203310322174174e-11,1.370730786411544e-11,4.080245961392618e-12,2.8117672247543333e-12,1.7404536519910332e-11,5.202614885868076e-14,-5.939393904254982e-13,1.249637117154469e-12,-9.840241181437652e-12,-3.974584683842063e-11,2.2264475220679704e-11,7.505644681268412e-12,3.7439149097347045e-12,2.067701445419975e-11,1.213155307794151e-11,-7.526716098911563e-14,2.308599395231982e-12,-1.5214758240870075e-11,-2.960607305989124e-11,1.9901043724499502e-11,1.2211993002957797e-11,1.2360882902469e-11,1.4256828677821702e-11,-1.8803183606572353e-13,1.103788773023007e-12,3.364184164962044e-12,-1.2193026163537842e-11,-3.800880314021551e-11,1.9178061536602465e-11,-5.992773283858424e-13,3.4456307221612265e-12,6.69125557863326e-12,1.0484261012880691e-11,2.6601908392877114e-13,1.6009753662512843e-12,-1.1284859116702714e-11,-3.5095703183712486e-11,7.065115285442477e-12,-2.877008130171754e-12,-9.209564630641998e-12,1.6368834388724048e-11,4.328378014110784e-12,1.897078207068608e-12,6.220572460411881e-13,-1.3269872163778385e-11,-1.3244504509536037e-11,-8.53055797738335e-12,-1.1445034802745462e-11,-1.0460824919208208e-11,7.646396132534502e-14,-1.129094431464336e-11,2.272026910131649e-13,5.448959719739018e-12,-1.0894122448065485e-11,-9.685425707609346e-12,-2.553642834404319e-12,-9.070630747667604e-12,-1.3861324195456526e-11,1.7059493634078657e-12,-7.975188595114974e-12,-2.2414046053377334e-12,-5.703472596012996e-12,6.025810834914022e-12,3.8864220879845685e-11,6.271836721031378e-12,6.3668924919876434e-12,2.2965985382772037e-12,-8.998969956514968e-12,-6.16158051941427e-12
treat_p4,5.953622549633448e-13,3.571491360356181e-13,1.424013163212219e-12,1.6421655696167693e-12,2.6176252143291497e-12,1.647542444185195e-13,-3.0066106785574395e-12,5.202614885861603e-14,8.295954944705003e-12,5.776308494517995e-13,3.08716443321391e-13,1.0178205323606635e-12,3.5546102858388243e-12,-1.0480079413285286e-12,-2.4509701512507703e-12,-4.111461183616022e-12,4.0786199697247643e-13,4.684026349433159e-12,4.216638761912324e-13,7.148385049020434e-13,2.2238810654490833e-12,1.9844368172143e-12,-4.5006244973016984e-14,1.1218871851113736e-12,-8.534205655105698e-13,1.4542021135898278e-12,5.905470222636923e-12,6.74052911466475e-13,5.143993218181239e-13,1.9184906395701812e-12,2.1570437067337898e-12,-1.3047469322148338e-12,1.1257047960889312e-13,-2.4164597527782144e-12,-4.4637736885838687e-13,2.4936936888061373e-12,6.225463952917433e-13,7.958630137254979e-13,1.668206506396139e-12,1.2514251682936165e-12,2.709121514161777e-14,2.672270609540208e-13,-1.638731521663963e-12,1.0736972078380455e-13,2.410409102133541e-12,1.0818841589537151e-13,-3.8280811522331464e-13,1.2525988302981093e-12,2.041065355921056e-12,4.800025873995648e-12,2.3334840359147215e-12,-1.3142428627710706e-12,1.9881794093523938e-12,2.9188401338504377e-12,1.9388493415245666e-13,-9.327207294979583e-13,1.8394581803474626e-12,1.0630317533666279e-12,5.246726926209339e-12,-6.381735543836949e-13,4.901044065508392e-13,2.552500388180758e-12,4.033542335414335e-12,2.2932537675393213e-13,5.808302654157357e-13,-2.56855221685255e-13,-2.1016954311278756e-12,-1.5454909480144176e-12,1.7270171497460846e-12,5.166516199982459e-12,1.8045370187028764e-12,-1.3108202176577453e-12
L4treat_m4,2.0407642709297317e-13,1.2075086225018183e-14,8.651172258570016e-13,1.9023107288782438e-12,-1.262026664125845e-12,-3.983365252053826e-13,-1.9622216223861333e-13,-5.939393904255449e-13,5.776308494517684e-13,2.998318786602694e-13,6.517114016847662e-14,9.869429035242497e-13,3.2491114267710334e-12,-1.8708681619440735e-12,-7.731015439626612e-13,-1.2517055234655894e-12,-1.176690441641537e-12,1.7926840879059957e-13,1.4581084293688887e-13,-2.8048229526255842e-14,1.362294151005447e-12,2.373616886536443e-12,-1.4667099472378312e-12,-6.366195423178861e-13,-4.721487363438682e-13,-8.200736299470164e-13,5.284312836026937e-13,1.846392602447236e-13,-8.805231450793879e-14,1.1276842560703733e-12,2.679737335530466e-12,-1.345293427320573e-12,3.9056234995649845e-13,7.72334060982044e-14,-4.017399252340394e-13,9.750042061878186e-14,2.5261323187709557e-13,3.028626108923867e-14,9.192108467718099e-13,2.7204646803797163e-12,-4.3957606071062596e-13,7.453084987939488e-13,7.655935251846084e-13,-2.0142365139543802e-13,3.5452085755643603e-13,-7.715213773773122e-14,-1.4597324172290668e-13,8.565156818507942e-13,1.3489170961217686e-12,5.58509166682978e-13,1.3905911918388969e-12,4.128187038821681e-13,5.330822773325327e-13,1.303524961600433e-12,3.8845612485047726e-14,-3.9963184915600193e-13,9.062629399656143e-13,7.518348832691749e-13,1.3828737501851268e-14,9.386368064550815e-13,3.6900961859270077e-13,5.471455538035592e-13,8.07873064589286e-13,9.839235675046709e-14,4.969771375400939e-13,-3.8203136069976975e-13,-3.068576915866691e-12,-5.380493552306186e-13,-6.603638637440115e-13,1.1242740971344831e-14,3.1297803787082236e-13,1.9058751385347446e-13
L4treat_m3,-9.701408422754898e-14,3.532347108651875e-13,-7.242996445108196e-13,-1.2444290610511324e-12,9.137122747623506e-13,-1.8935667573298296e-13,-1.3185818226929827e-13,1.2496371171544464e-12,3.0871644332132853e-13,6.517114016847548e-14,4.656101954706813e-13,-3.92952522613236e-13,-2.9436551148506563e-12,1.4683709551447056e-12,-2.777637293348556e-13,-8.002892554675738e-13,2.4354788366611485e-13,9.33420642616434e-13,1.9352588992421574e-13,5.935892552284782e-13,-8.36150626628949e-13,-1.9387674272644247e-12,1.7381609184073352e-12,-6.094204171824933e-13,7.906815266196565e-14,4.6078824812235316e-14,-1.1396117588204896e-12,3.039186409544773e-13,6.457650712397131e-13,-8.189940296859283e-13,-2.681459783906562e-12,2.2892223007606337e-12,-6.009454692284624e-13,8.965147748395963e-14,-9.711388978948225e-13,7.363467385879795e-13,1.3111738944152622e-13,4.0779532364726073e-13,-6.580286879845495e-13,-1.840687095632909e-12,2.0084865915954376e-12,2.073135269854075e-13,-7.94485361122307e-13,1.2056889080389415e-12,2.396886417304448e-13,1.2914329443699877e-13,5.586070670783108e-14,-1.0722679654490593e-12,-7.77442878800395e-13,2.287061606636129e-13,-1.303227222034321e-13,-1.0589563881562306e-12,2.337523836838228e-13,-2.8661396051314584e-13,5.2791127850849936e-14,4.621815054345428e-13,-7.747468805151477e-13,-1.0354277908266014e-12,6.540675304452607e-13,-7.353446406775979e-13,-1.7764851771396873e-12,5.893059668003291e-13,-6.708567609817374e-13,-2.7068940455422107e-13,-8.061171651589913e-13,4.2392029260444224e-14,2.358791958827107e-12,-5.117868275259561e-13,2.652272102761096e-13,5.939164293715415e-13,-2.681904288035252e-13,-2.912254959543432e-14
L4treat_m2,2.163781561791723e-12,-8.665811025055788e-13,1.2552241600737505e-11,2.3595427152096027e-11,-1.2063786982758537e-11,-9.523925436511376e-13,2.616892899548558e-12,-9.84024118143775e-12,1.0178205323606454e-12,9.869429035242816e-13,-3.9295252261318296e-13,1.2152813409256308e-11,3.8147275276478996e-11,-1.854941064462972e-11,-4.81837056642399e-12,-2.9355010864683042e-12,-1.515690695878034e-11,-1.1146104731616601e-11,3.81053925863356e-13,-1.6754279487672794e-12,1.5897439540083893e-11,2.7746506988890287e-11,-1.7156621269866392e-11,-9.762763208589116e-12,-8.08021376172839e-12,-1.0440835245006174e-11,-4.179225525857112e-13,-5.496400651548151e-13,-2.5460610243033204e-12,1.3979157102135643e-11,3.547139705046416e-11,-1.7503740720518298e-11,1.9070709907250423e-12,1.6681830862100462e-13,-4.2282426187699604e-12,-8.331284091570752e-12,6.369775589828485e-14,-1.0710164239618003e-12,1.2748619184099452e-11,3.4550857244523924e-11,-5.271231533745056e-12,6.164671362171023e-12,9.6279161940914e-12,-9.114866119765538e-12,-3.159637667242849e-12,-1.2703862536596082e-12,-7.183346459688521e-13,1.2102862888079854e-11,1.4583582223704127e-11,1.1671596265003957e-11,1.293309686921181e-11,1.1247147722259718e-11,2.7825441971367413e-12,1.265281112313132e-11,-2.972934008727885e-13,-5.414275893828586e-12,1.0937060224390575e-11,7.988980340898014e-12,2.06411742538808e-12,1.2422559538176983e-11,1.2713768191027478e-11,9.825705939739422e-13,7.39506257702544e-12,1.8826576722066016e-12,5.9898185286222105e-12,-5.387251289033864e-12,-3.589776918358445e-11,-5.064332285952097e-12,-6.413843044353697e-12,-1.0596052061523192e-12,7.453182883415972e-12,7.364089788814799e-12
L4treat_m1,7.663595494188827e-12,-4.055610290980869e-12,4.202646717878609e-11,8.614743939469476e-11,-4.0381521987759976e-11,-2.111152574134047e-12,4.15066153190217e-12,-3.9745846838420896e-11,3.5546102858387924e-12,3.2491114267710128e-12,-2.9436551148506397e-12,3.814727527647893e-11,1.479401249725523e-10,-6.657094951613345e-11,-1.4575545288346405e-11,-8.06642283771869e-12,-5.137577350237127e-11,-3.893635976519068e-11,7.457695736593823e-13,-7.923799291807291e-12,5.609085858301646e-11,1.0875245368630624e-10,-6.081392290263102e-11,-2.372551598586837e-11,-2.5468221620293033e-11,-3.121911958311508e-11,6.154448219425078e-12,-2.726250087857688e-12,-1.1543722890476319e-11,4.8582060822835564e-11,1.3242862138347473e-10,-6.524892815215683e-11,1.4564516483967788e-11,2.0429399157936104e-12,-1.1365303158293786e-11,-2.9036289097038455e-11,1.0498561026495541e-12,-4.625779280382384e-12,4.312381840482051e-11,1.2439358265229386e-10,-1.8680069657591974e-11,2.56193798340989e-11,4.2760241035266903e-11,-3.40438843520246e-11,-6.47321156531306e-12,-5.936835420870889e-12,-2.922195451165558e-12,4.3482967814807265e-11,5.088533753094773e-11,3.672483679790639e-11,4.750797088392715e-11,4.003660931200134e-11,1.2072968229784915e-11,4.237046503638833e-11,-1.1237616010709076e-12,-2.042930961999246e-11,3.9362817731878205e-11,3.558419906299798e-11,8.32071261380464e-12,4.5139003103741824e-11,5.109269865687795e-11,2.1097247996932505e-12,2.984561718400831e-11,7.419812647812539e-12,2.3184099524725875e-11,-1.740169105672673e-11,-1.3496621010299647e-10,-1.971364124485777e-11,-2.4477837448694114e-11,-6.426932607724856e-12,2.7641989100058296e-11,2.5298186183955077e-11
L4treat_p0,-3.314740739444281e-12,2.1023407391164863e-12,-1.9651739096339445e-11,-3.9640342317713664e-11,2.6906746821034133e-11,5.9447684414203565e-12,1.6587050059073758e-12,2.22644752206796e-11,-1.0480079413284985e-12,-1.870868161943974e-12,1.4683709551449054e-12,-1.8549410644629572e-11,-6.657094951613365e-11,4.226246540274742e-11,1.0851933024377644e-11,9.1774934601927e-12,2.971393893906637e-11,1.6714686793486512e-11,-3.2563961129012087e-13,3.692553121577907e-12,-2.6909718516433293e-11,-4.938546672851389e-11,3.625667035502215e-11,1.8592512154372575e-11,1.8655224133763996e-11,1.9594629500263202e-11,-3.983613167439445e-13,1.2449758719967898e-12,4.851205899891337e-12,-2.3062631823081037e-11,-6.408832143921209e-11,3.4505616699299784e-11,-2.0800633526137827e-12,4.900818759021991e-12,9.952885591834912e-12,1.7356999615501153e-11,-1.7759856950097302e-13,2.163686621801274e-12,-2.0984542673060537e-11,-6.15913781047797e-11,1.5259768268166962e-11,-6.201087492534251e-12,-1.5281024239264623e-11,2.0323209672142223e-11,7.1211756061470906e-12,2.5317033441823217e-12,9.669840148032698e-13,-2.1473306568983125e-11,-2.3726732116522793e-11,-1.4716898741818534e-11,-2.2932788241582242e-11,-1.8882868521320585e-11,-4.873247989318135e-12,-2.4276106194412024e-11,2.7914198565106044e-13,9.766843320081582e-12,-1.8231489524745656e-11,-1.485812421989059e-11,-1.1490536192603639e-12,-1.8968795692526397e-11,-2.2483139537884073e-11,-1.875907963029904e-12,-1.3275108079839946e-11,-3.0945841334681515e-12,-9.956629157889603e-12,9.900154973609366e-12,6.583649112430472e-11,8.112706184901186e-12,1.2461118382495458e-11,3.435438180497489e-12,-1.2125591722659769e-11,-1.07811180426312e-11
L4treat_p1,-1.1718847778381284e-12,-6.46244703058958e-13,-4.955692166979645e-12,-7.787580239592873e-12,8.138599550556104e-12,6.637099248743368e-12,3.4292397794510014e-12,7.505644681268519e-12,-2.4509701512507355e-12,-7.731015439626635e-13,-2.7776372933485797e-13,-4.8183705664240036e-12,-1.4575545288346628e-11,1.08519330243772e-11,1.103293848661148e-11,4.757260845717634e-12,1.1838742995337951e-11,4.452336344406446e-12,-5.81122558989179e-13,-6.072537987552815e-13,-7.903989428077672e-12,-1.1146459586070834e-11,6.4767766061891465e-12,1.1577437124902409e-11,7.134648976923663e-12,6.952571043457335e-12,1.888798291875668e-13,-3.5661555952461423e-13,3.079377672991652e-14,-5.202928793952829e-12,-1.5839486611994944e-11,5.963930466161866e-12,5.7526689418452445e-12,4.257652795871017e-12,5.6986344522195466e-12,3.7275776086584714e-12,-1.3467827807569347e-13,-2.6225395046008037e-13,-5.047082789596263e-12,-1.5655271593831393e-11,2.1159250666873097e-12,5.558311501066883e-13,-3.601759687507415e-13,7.047272706124083e-12,3.776099588918735e-12,6.015607516399935e-13,3.3188539480854413e-13,-5.920968800510911e-12,-7.166012911454539e-12,-5.7281342385407396e-12,-3.083697166243835e-12,-1.365612209808298e-12,7.124161974526102e-13,-5.840001264254709e-12,6.52286538508722e-14,1.4454001631573026e-12,-5.6082422015847524e-12,-1.5547243215881933e-12,-1.7658595259040743e-12,6.544889127116058e-13,-1.0378661105842187e-12,1.4878701933040986e-15,-4.294382924916104e-12,-6.866047565980153e-13,-1.0729368042650245e-12,3.8056597696134496e-12,1.6576738888982953e-11,3.5644309939463192e-12,-1.8171564982227392e-14,-2.614406180961339e-12,-4.034312900016533e-12,-2.183813374610239e-12
L4treat_p2,-5.71581378426772e-13,-7.73202575226742e-13,-1.8605263655038832e-12,-4.2076148450890946e-12,6.042326767792969e-12,5.0001720291338905e-12,7.943902393385503e-12,3.7439149097353766e-12,-4.111461183615945e-12,-1.2517055234655854e-12,-8.002892554676044e-13,-2.9355010864683006e-12,-8.06642283771886e-12,9.177493460192502e-12,4.757260845717691e-12,1.5710942882250693e-11,8.037693902063882e-12,-7.071752781269004e-12,-5.980657421255174e-13,-5.636499606804743e-13,-4.078126558664146e-12,-6.364940140561655e-12,7.352491034083852e-12,7.759814144044584e-12,6.28318403630576e-12,5.282298534684667e-12,-1.1589755795364552e-12,-1.1539359790166527e-12,-1.2750041454831242e-12,-3.70372608836299e-12,-6.532941982433339e-12,2.4378425210760324e-12,1.4915896054672474e-13,6.70897166096118e-12,8.230916025064223e-12,1.907307040918764e-13,-1.318174934177449e-12,-1.7594422135793007e-12,-3.804284844702974e-12,-8.898343909099609e-12,-1.528790155990335e-12,1.5631571268549613e-12,4.4799447872187775e-12,3.3246986780811143e-12,-2.501731161097645e-12,-4.964980716691706e-13,-2.1999672171477856e-13,-3.449555228971067e-12,-3.790652713140979e-12,-1.3104568959876664e-12,-2.872754651285296e-12,2.8433044335485065e-12,-2.810013681846e-13,-5.6502513988491495e-12,-7.727517786445251e-13,9.04708370400234e-13,-1.6494320117665732e-12,-3.8079906437749976e-12,-1.3041571407908156e-12,7.565714842362297e-13,4.185427484783055e-12,-2.286672385754926e-12,-3.3946165742970596e-12,8.898285471705713e-14,-2.8916447750000205e-13,1.850667786729059e-12,8.349231016160281e-12,3.975468189763319e-12,7.266700386391999e-13,-3.999545715513008e-12,-2.2101035267076026e-12,1.0484925932194547e-12
L4treat_p3,-3.1846648501126887e-12,4.934413958698964e-13,-1.6510331664451277e-11,-3.154825599483307e-11,2.1268212016586616e-11,8.411952376869541e-12,1.8648458272924233e-12,2.0677014454199457e-11,4.078619969723494e-13,-1.176690441641513e-12,2.4354788366610894e-13,-1.5156906958780198e-11,-5.137577350237077e-11,2.971393893906634e-11,1.1838742995337843e-11,8.037693902063134e-12,3.435513380614391e-11,1.7859944857087567e-11,-6.299478731772779e-13,1.7340742347047801e-12,-2.112883290054462e-11,-3.922172692998033e-11,2.6077936089205813e-11,2.4182537992611638e-11,2.0257809647988207e-11,2.3694049235624248e-11,6.422009199556486e-12,9.452920339635325e-13,3.3178307600083287e-12,-1.6320604884051058e-11,-5.062770811550591e-11,2.239343634358207e-11,2.3479097670394364e-12,3.3923105912282097e-12,1.465148410104672e-11,1.6177149311745924e-11,5.657815615243183e-13,1.7323093805939914e-12,-1.5378718889047528e-11,-5.0549551994348795e-11,5.374034795590359e-12,-4.79795554116643e-12,-1.0744527134626812e-11,2.0602460021111643e-11,8.969785078765057e-12,2.336677242019075e-12,7.155709479314722e-13,-1.671471878348403e-11,-1.878664089936588e-11,-1.3677978358117203e-11,-1.687059822737962e-11,-1.370002929336853e-11,-1.4246783243928502e-12,-1.7992432184731046e-11,1.6750107059282984e-13,7.095944477681964e-12,-1.4475502543510112e-11,-1.0523162443788965e-11,-3.1878908281955794e-12,-1.280269403687033e-11,-1.619038136007415e-11,-1.1930634600324086e-14,-7.73773165099212e-12,-2.5498971376150902e-12,-6.410410109674283e-12,9.435814781735595e-12,5.35803280648963e-11,9.745876833687375e-12,8.454818775748039e-12,1.2397601347955663e-12,-1.3771991088201427e-11,-1.1925723326665079e-11
L4treat_p4,-2.1442261768263932e-12,1.289238159779581e-12,-1.3569240544159398e-11,-2.534677396254974e-11,1.1635417597934542e-11,-3.1359507369398216e-13,-6.638372574806019e-12,1.2131553077941314e-11,4.684026349433431e-12,1.7926840879063057e-13,9.334206426165193e-13,-1.1146104731616483e-11,-3.8936359765190665e-11,1.6714686793486567e-11,4.452336344406451e-12,-7.071752781268852e-12,1.7859944857087483e-11,2.8551817575757747e-11,2.8702002126213724e-14,2.452711395052847e-12,-1.5254074577789747e-11,-2.862954738041238e-11,1.7224637153886756e-11,1.2823682347951819e-11,1.177159208750115e-11,1.5068033702545873e-11,8.089544528443176e-12,2.103272273593036e-12,4.419591335676985e-12,-1.250348560898862e-11,-3.800097655182649e-11,1.841965210901921e-11,1.9503812942468376e-12,-3.9280012806348466e-12,4.381689209119764e-12,1.5800446819088562e-11,1.2753229407778707e-12,3.175848019840564e-12,-1.059891780629419e-11,-3.619022748130871e-11,7.279311792188904e-12,-5.052559884117374e-12,-1.4448291612924482e-11,1.664862704811828e-11,6.275429191409909e-12,2.4245266273463374e-12,1.147749898959144e-12,-1.1443906132860662e-11,-1.4272956797617203e-11,-1.2899332209927207e-11,-1.0766999856095725e-11,-1.4218734003960867e-11,-2.235199188198046e-12,-9.662694238707228e-12,9.430459211352825e-13,6.293959288185226e-12,-1.2389181189853086e-11,-7.689512890490361e-12,-2.061708823840118e-12,-1.4876794864300668e-11,-2.099955743159906e-11,2.368611701552682e-12,-2.1945082205111767e-12,-2.291130773228405e-12,-6.384305302364172e-12,5.964701525937979e-12,4.049723114004813e-11,5.783488769364079e-12,8.052416256734644e-12,6.5165017377169905e-12,-7.90813714684721e-12,-9.321790649160868e-12
L8treat_m4,1.2130016550409672e-13,1.9135939370960437e-13,3.1500852211383305e-13,4.936762598403123e-13,5.1497044542203226e-14,-1.463025376503759e-13,-1.633533484031494e-13,-7.526716098912443e-14,4.2166387619124147e-13,1.4581084293689051e-13,1.935258899242486e-13,3.8105392586333283e-13,7.457695736594065e-13,-3.256396112901265e-13,-5.811225589891564e-13,-5.980657421255063e-13,-6.299478731772758e-13,2.8702002126217315e-14,2.0892806646004405e-13,2.5937766755412596e-13,4.4422283291685003e-13,7.028086519411085e-13,2.9094717052455956e-13,-4.3300565925325885e-13,-1.3882940612169712e-13,-5.184990220609666e-13,-1.8549506891760075e-13,2.025003173554805e-13,1.725895840458177e-13,2.486061569717434e-13,4.665188288174049e-13,3.0332692048994955e-13,2.0032376416539686e-14,5.4871848389041686e-14,-5.973968503182449e-13,1.3665151975288644e-13,1.7916517495025483e-13,1.7720682412700014e-13,2.513130770348879e-13,6.151186231452905e-13,9.13307401259585e-13,6.925939916982363e-13,4.689274785748486e-13,2.6148069076892045e-13,2.79675198218348e-13,-4.748116688973876e-14,-9.903791687469871e-14,4.514602422952894e-14,2.957904168015928e-13,7.516184809364855e-13,9.108502374956105e-13,5.77708633185451e-14,2.9839940794531154e-13,4.848864841053681e-13,1.14220931585155e-14,-6.868453873503228e-14,1.3022827921781528e-13,-2.0446224268717586e-13,7.039876759599285e-13,8.826487914815905e-14,-4.699486047820878e-13,3.8172798406128183e-13,-7.3972460707856e-15,-1.608696553070967e-14,-4.1729415542448754e-14,-1.567933711517352e-13,-5.937099185672132e-13,-5.728170649072433e-13,-4.156164449703199e-14,5.515356189078355e-13,4.871374138951601e-13,5.320811488707937e-13
L8treat_m3,-3.229232125229493e-13,6.878552042613795e-13,-2.192166183734848e-12,-4.7039788485820905e-12,2.74762273555691e-12,2.157938015469714e-13,-3.7301634220726334e-13,2.3085993952319768e-12,7.148385049021224e-13,-2.804822952625994e-14,5.9358925522853e-13,-1.675427948767285e-12,-7.92379929180713e-12,3.692553121577646e-12,-6.072537987552589e-13,-5.636499606804045e-13,1.7340742347048183e-12,2.4527113950528714e-12,2.5937766755409855e-13,1.2845016679587096e-12,-2.485183606396046e-12,-5.937090725853972e-12,4.387331071803592e-12,1.0053676388132016e-12,1.0808578069987815e-12,1.109065246977537e-12,-1.2166040656241717e-12,5.148522870513999e-13,1.2546192409194826e-12,-2.40636545085023e-12,-7.525042465846488e-12,5.027972681834476e-12,-1.2015663209976476e-12,-9.35508287527622e-13,-1.3753750454504847e-12,1.4312320818301516e-12,2.6115489427232886e-13,7.910716657128056e-13,-1.9314703057130197e-12,-6.310980077294542e-12,3.533080478664637e-12,-2.1410494220557059e-13,-2.569979590881661e-12,2.6211591939157522e-12,5.105477146059671e-13,2.773565601843883e-13,9.786056085056242e-14,-2.759325449182584e-12,-2.586191337715438e-12,-3.752192135970836e-13,-1.75457638751762e-12,-2.896704567574303e-12,-8.032626848000728e-13,-2.2682980040010217e-12,-2.6934153306128896e-14,1.2733684527506667e-12,-2.090120788002295e-12,-2.934437108940922e-12,9.570460882716567e-13,-3.0313487014915287e-12,-4.221398936098344e-12,7.768451884970037e-13,-1.5354815213904967e-12,-5.15128317185376e-13,-1.6316221034603246e-12,7.051404880345804e-13,7.303119926329456e-12,-3.142569579499716e-13,1.2094625173773776e-12,1.3013389738727376e-12,-1.2544817525902936e-12,-8.587560471920099e-13
L8treat_m2,3.0742526224513613e-12,-1.2634603504471708e-12,1.700571183521368e-11,3.331680865338507e-11,-1.6739333006509916e-11,-1.9279422659275667e-12,1.6073918583254407e-12,-1.521475824087003e-11,2.2238810654490142e-12,1.3622941510054578e-12,-8.361506266289124e-13,1.5897439540084048e-11,5.6090858583016245e-11,-2.6909718516433458e-11,-7.903989428077625e-12,-4.078126558664153e-12,-2.1128832900544644e-11,-1.5254074577789892e-11,4.4422283291685236e-13,-2.485183606396033e-12,2.2937776989759197e-11,4.116521336162025e-11,-2.3593201682648623e-11,-1.2140000395210175e-11,-1.1030616230305002e-11,-1.2484127072365802e-11,1.6481404165802858e-12,-8.865877305889941e-13,-3.856217938808469e-12,1.968380939783956e-11,5.171985143853279e-11,-2.5605018431897948e-11,2.9843211996647223e-12,-9.635064038022564e-13,-5.881966869596554e-12,-1.1878260218037062e-11,2.299616710832808e-13,-1.4057756877022901e-12,1.7747550434714406e-11,4.909571989873849e-11,-8.062888481559203e-12,8.935847696244449e-12,1.4314498279315842e-11,-1.3884384452153517e-11,-4.1505413709108534e-12,-2.0742346140504483e-12,-9.436051024608688e-13,1.7446543433601185e-11,2.032697643699347e-11,1.5815802234711846e-11,1.8101423364763814e-11,1.5241728171094994e-11,3.9276120600153195e-12,1.7640675169047466e-11,-4.616673342364388e-13,-7.823650872674716e-12,1.5739004328329365e-11,1.2401013470548792e-11,3.742110555594926e-12,1.6378444339654893e-11,1.8313800022691657e-11,1.1657963461926412e-12,1.2182940026566464e-11,2.8153260607075582e-12,8.62016756366405e-12,-7.33769818062424e-12,-5.20170306613981e-11,-7.170531332882931e-12,-8.297191839468953e-12,-4.257468690880171e-13,1.159073437248242e-11,1.0378868511777175e-11
L8treat_m1,5.7531931351310386e-12,-2.718611108153859e-12,3.0830967745946437e-11,6.405399362587668e-11,-3.04597737470094e-11,-3.988461519169476e-12,8.715146000161488e-13,-2.960607305989134e-11,1.984436817214222e-12,2.373616886536338e-12,-1.938767427264383e-12,2.774650698889019e-11,1.0875245368630568e-10,-4.9385466728513944e-11,-1.1146459586070605e-11,-6.364940140561565e-12,-3.922172692998075e-11,-2.8629547380412388e-11,7.028086519409973e-13,-5.937090725854187e-12,4.1165213361620236e-11,8.235658539470484e-11,-4.3514234099910766e-11,-2.037475346496081e-11,-1.9961001276664406e-11,-2.2303829602282964e-11,3.878846097296814e-12,-2.0239974665445893e-12,-8.358873285054995e-12,3.5246171849261095e-11,9.906730357362902e-11,-4.719443914063628e-11,1.0375613158398907e-11,2.127122638953351e-12,-8.028818324999592e-12,-2.0947581122045768e-11,4.755378393490697e-13,-3.1598848186213522e-12,3.1388897846265586e-11,9.290776856009202e-11,-1.1844845493895632e-11,1.9179569441227013e-11,3.253039736980728e-11,-2.4569363129760782e-11,-5.11082985908882e-12,-4.359264319394638e-12,-1.7965206280657937e-12,3.244060085990874e-11,3.7001068182046036e-11,2.7570258699442056e-11,3.679064928950321e-11,3.0720305652378027e-11,1.0902406390692135e-11,3.342568780325595e-11,-5.368224808115463e-13,-1.4880564412805474e-11,2.8193633702069043e-11,2.6866684289979756e-11,7.284423732298576e-12,3.322368917109202e-11,3.706324346754898e-11,1.6349473655314896e-12,2.2397562588787043e-11,5.308687372063996e-12,1.616053539579052e-11,-1.3127817122906391e-11,-9.98654902769623e-11,-1.5269316242147856e-11,-1.7788135768088112e-11,-3.764705620072422e-12,2.1494392964467472e-11,2.0201972767718084e-11
L8treat_p0,-2.9722689963675345e-12,2.8006858006192774e-12,-1.8177766153606004e-11,-3.688991833555957e-11,2.5121332104075218e-11,3.7012480690119506e-12,-8.547537791019964e-13,1.9901043724499318e-11,-4.500624497305321e-14,-1.4667099472377728e-12,1.7381609184073451e-12,-1.7156621269866408e-11,-6.081392290263078e-11,3.625667035502246e-11,6.47677660618962e-12,7.352491034083994e-12,2.60779360892056e-11,1.7224637153886556e-11,2.909471705245263e-13,4.387331071803627e-12,-2.3593201682648678e-11,-4.351423409991034e-11,3.892043881112777e-11,1.7039093496061008e-11,1.7803432881365815e-11,2.0413914994603524e-11,-5.957809382920655e-13,1.7557794067251172e-12,5.459848346216754e-12,-2.1075746522995175e-11,-5.7808556172542107e-11,3.409036814321264e-11,-3.017300313996049e-12,1.2504316374779536e-12,7.444575529665772e-12,1.628682615732915e-11,4.1395700671607394e-14,2.935696352915636e-12,-1.8764389450916756e-11,-5.611231031222956e-11,1.7911994816923282e-11,-3.0160699451755822e-12,-1.246249348285832e-11,2.1166185025277245e-11,4.999431127117767e-12,2.2246673715780864e-12,1.1416310025060552e-12,-1.965817594986571e-11,-2.3256447874964555e-11,-1.1845638252149599e-11,-1.8396151908474873e-11,-1.8438187405737344e-11,-5.280482774208053e-12,-2.0387773286751734e-11,1.737202994073374e-13,9.472914468056913e-12,-1.7469969599790194e-11,-1.6410302607472267e-11,1.442956757172034e-12,-2.064873688738729e-11,-2.5929733295513804e-11,-4.972615635014301e-13,-1.1216368406816757e-11,-3.1240435926360857e-12,-1.0478323581151647e-11,8.2156114416116e-12,6.12147907574724e-11,6.140383421552952e-12,1.2982035827646774e-11,7.76127445324227e-12,-7.991342276563898e-12,-6.741507323635625e-12
L8treat_p1,-1.9568612839088973e-12,-1.4422053988539653e-13,-1.02385092805066e-11,-1.7934992450813792e-11,1.681395782450084e-11,1.21260536726451e-11,3.324934136100769e-12,1.2211993002957868e-11,1.1218871851114535e-12,-6.366195423178725e-13,-6.094204171824617e-13,-9.762763208589113e-12,-2.3725515985868176e-11,1.859251215437229e-11,1.1577437124902514e-11,7.759814144044355e-12,2.4182537992611845e-11,1.2823682347951803e-11,-4.330056592532721e-13,1.0053676388131816e-12,-1.2140000395210188e-11,-2.0374753464960753e-11,1.7039093496060417e-11,2.969684787373167e-11,1.8250741261365204e-11,1.768180973416101e-11,7.496157242605044e-12,6.892419352224274e-13,1.1198192695007663e-12,-8.956789660364955e-12,-2.9206337141806384e-11,1.3040608859518258e-11,1.0627342427006525e-11,2.8903235394283282e-12,1.0985606108970695e-11,1.021751786540941e-11,1.4770164748408145e-12,8.38256313512646e-13,-8.775461392525654e-12,-3.025781609474411e-11,6.4833281487590766e-12,4.7843089705596505e-12,-5.239323041903211e-13,1.719506101223444e-11,9.325940391823752e-12,6.850411716550178e-13,-2.645644176073109e-13,-1.1168287796838734e-11,-1.1959802062226777e-11,-8.865189737065097e-12,-6.572883034228178e-12,-7.565575971579599e-12,-1.2133072393151481e-12,-1.4168033297104424e-11,-4.906797067501837e-13,3.568397478342535e-12,-8.664176627520972e-12,-5.925918378305124e-12,-1.0383825016312116e-12,-4.774311385143027e-12,-7.972453073484354e-12,1.6298339846914454e-12,-3.129852003017101e-12,-1.0789308741624504e-12,-1.7294266345460822e-12,7.255149596917814e-12,3.0153940489559854e-11,4.206988757810283e-12,1.181028108428465e-12,-1.6396986001508797e-12,-1.0218244267677317e-11,-7.239344891794057e-12
L8treat_p2,-1.7803911205860638e-12,1.6534722429159287e-13,-9.221409534509637e-12,-1.7169930500053194e-11,1.2688462238988017e-11,5.6036172454777345e-12,4.810365461724978e-12,1.2360882902468813e-11,-8.534205655108353e-13,-4.721487363438477e-13,7.906815266189801e-14,-8.080213761728437e-12,-2.5468221620293e-11,1.865522413376374e-11,7.134648976923667e-12,6.2831840363058765e-12,2.02578096479882e-11,1.1771592087500727e-11,-1.3882940612170333e-13,1.080857806998681e-12,-1.103061623030509e-11,-1.996100127666438e-11,1.7803432881365628e-11,1.8250741261365453e-11,1.9413747459430464e-11,1.4817625889943587e-11,6.31299669081258e-12,7.651534400733819e-13,1.6763316861238382e-12,-8.777953256183012e-12,-2.7200091265423458e-11,1.3542762691889868e-11,4.367716509973592e-12,5.659554172153738e-12,1.0688236014424334e-11,1.18482816011961e-11,8.9764993456831e-13,1.175824893019163e-12,-7.902962856209932e-12,-2.756711830856784e-11,5.327147869592395e-12,1.2044179882519604e-12,-1.6991188992997336e-12,1.6096768450568327e-11,5.1013963225957005e-12,1.1492404386499587e-12,1.5785772487416133e-13,-9.051779763539895e-12,-9.091470010085616e-12,-9.028639149348165e-12,-8.943737252304718e-12,-6.2666161507261576e-12,-1.3115163103139175e-12,-1.197013849500997e-11,-2.4416150973663793e-13,4.44803790649406e-12,-7.896522903089383e-12,-6.1314929063189795e-12,-3.3816832205564314e-12,-6.999429474142932e-12,-1.0407451411338493e-11,-5.869622277471213e-14,-5.081408830080356e-12,-1.0186944559800595e-12,-2.6196594128247813e-12,6.054261885149009e-12,3.0100643436869684e-11,7.551067929225204e-12,7.053787625284449e-12,2.262740264960192e-12,-5.374519390054236e-12,-3.639669988009448e-12
L8treat_p3,-1.848335782828835e-12,5.376156983994537e-13,-1.1432435182336094e-11,-1.9909376076944832e-11,1.382560553948315e-11,3.236414800640267e-12,-1.7129316277223879e-12,1.4256828677821051e-11,1.4542021135891883e-12,-8.200736299469877e-13,4.60788248122362e-14,-1.044083524500614e-11,-3.1219119583115155e-11,1.9594629500263028e-11,6.9525710434573426e-12,5.282298534684204e-12,2.3694049235624025e-11,1.506803370254567e-11,-5.18499022060973e-13,1.1090652469774923e-12,-1.2484127072365913e-11,-2.230382960228319e-11,2.041391499460323e-11,1.768180973416104e-11,1.4817625889943965e-11,2.5240256969289887e-11,7.427508473306442e-12,5.142569372664675e-13,2.246043763116708e-12,-1.0081884709416501e-11,-3.036048560986223e-11,1.4006669302948052e-11,1.999898006027628e-12,9.659112796329898e-14,1.2139519290235309e-11,1.1272982082907538e-11,-5.2246167666176545e-14,1.655562190272272e-12,-9.491349220642542e-12,-3.208801069263185e-11,3.8977401164756356e-12,-1.7885485591103983e-12,-7.008154733520158e-12,1.7656440754601673e-11,3.951973303005762e-12,1.6195805816864811e-12,1.0628416908631424e-12,-9.932357646199707e-12,-1.3326237470148008e-11,-9.449143502805878e-12,-1.1413549976166046e-11,-9.68284436444088e-12,2.2910790612173513e-13,-1.1084380321312593e-11,3.3772244543014185e-13,4.526600861796158e-12,-9.987679785335604e-12,-7.049312593346492e-12,-1.9686970048810217e-12,-9.879551834262256e-12,-1.1898632736045547e-11,-1.15881026725695e-13,-1.0892079199078864e-12,-1.5865240068867468e-12,-4.534334685768327e-12,6.5406772001149554e-12,3.550316084308798e-11,7.904084379625489e-12,7.798669883675577e-12,4.810841284297489e-12,-7.772837293701366e-12,-4.443782889988839e-12
L8treat_p4,4.496177174910986e-13,-6.280363828583277e-13,3.1046503265664633e-13,3.664154146790445e-13,2.2212107729462164e-12,8.657897579061137e-13,-2.5989456051410643e-12,-1.8803183606626967e-13,5.905470222636704e-12,5.28431283602707e-13,-1.1396117588204454e-12,-4.179225525855274e-13,6.1544482194250184e-12,-3.983613167439672e-13,1.8887982918747397e-13,-1.15897557953695e-12,6.4220091995562575e-12,8.0895445284426e-12,-1.8549506891762736e-13,-1.2166040656242505e-12,1.6481404165805267e-12,3.878846097296782e-12,-5.957809382919793e-13,7.496157242604916e-12,6.31299669081225e-12,7.42750847330658e-12,1.4834417548297747e-11,2.2670324242642654e-13,-1.0098049398914729e-12,1.9357986986467038e-12,3.907134621102068e-12,-4.720992966861296e-12,4.209283151066366e-12,4.813360663507432e-13,8.440431827724859e-12,7.561394271384383e-12,7.906121611135203e-13,2.9365159321502354e-13,1.4152025005950505e-12,-5.667773928277455e-13,-4.471424154847303e-12,4.299904377075463e-13,1.2333450235417936e-12,3.2413642555303986e-12,5.57818817884078e-12,3.159164239517064e-13,-3.0443475764717466e-13,2.6586833549820023e-12,1.8181463236011396e-12,-1.0822847271377344e-12,-3.321604541025088e-13,-4.1553681883101927e-13,1.0627805131404395e-12,1.1462470668801447e-12,2.574280785538386e-13,-6.569011087251676e-13,1.4583444775544817e-12,4.3709381110132326e-12,5.71795403807759e-13,-4.711033047456681e-13,9.864146019985779e-13,-1.0524432958066447e-13,6.0992013463723094e-12,5.898970855289583e-13,2.0662071797569848e-12,1.6923105429723161e-12,-5.283810828467124e-13,3.042899036088793e-12,3.012597539924064e-12,3.304703176580015e-12,6.00693734409852e-14,-3.997425860388197e-12
L12treat_m4,-8.170171654739451e-14,3.485013615576645e-13,-8.497963362472665e-13,-1.773051621684224e-12,1.0073049342255597e-12,2.6720273489563856e-14,-5.70639914127839e-13,1.1037887730229794e-12,6.740529114664534e-13,1.8463926024471711e-13,3.0391864095447976e-13,-5.496400651548419e-13,-2.726250087857671e-12,1.2449758719967359e-12,-3.5661555952459535e-13,-1.1539359790166442e-12,9.452920339635027e-13,2.1032722735930065e-12,2.0250031735547113e-13,5.148522870513891e-13,-8.865877305890039e-13,-2.0239974665445243e-12,1.7557794067250829e-12,6.89241935222427e-13,7.651534400733805e-13,5.142569372664594e-13,2.2670324242641132e-13,4.687301044536533e-13,6.130127561849305e-13,-8.11462842022826e-13,-2.9448119186608385e-12,2.1651823932526207e-12,2.7042698328293743e-13,-8.372682033704363e-14,-2.4577886827344283e-13,1.8050801791835509e-12,3.6757311696034693e-13,4.4686009129126165e-13,-7.278351957699427e-13,-2.4893056783459e-12,1.744263477229627e-12,4.494707121619542e-13,-7.670647288289739e-13,1.5382680115448646e-12,1.152188657175197e-12,1.759915393566646e-13,-6.099500559628946e-14,-1.0708861085423522e-12,-8.992697737683707e-13,-5.957786821940224e-13,-3.703597831029595e-13,-1.7943924068754303e-12,-1.8564425633613633e-13,-7.709563129674034e-13,9.684994953433598e-14,5.744773780291118e-13,-7.191425812118271e-13,-8.23306905700187e-13,2.8355386594617403e-13,-1.0716518885482584e-12,-2.5162437814142694e-12,6.627333422539114e-13,-4.222306725754273e-14,-3.1109271710918355e-13,-7.067902579432167e-13,1.0298255283318205e-13,2.5002093051432535e-12,-6.431062301726596e-13,-2.134494209295025e-13,8.914886511192995e-14,-1.1918226204458737e-12,-1.3165440477744842e-12
L12treat_m3,-5.671084483421475e-13,7.27630646274345e-13,-3.2248703965425175e-12,-6.676752747915757e-12,3.228243860976352e-12,-1.1052327342988942e-13,-1.1073421873033241e-12,3.3641841649620178e-12,5.143993218180701e-13,-8.805231450794292e-14,6.457650712397556e-13,-2.5460610243033632e-12,-1.1543722890476455e-11,4.8512058998910015e-12,3.07937767298933e-14,-1.2750041454831279e-12,3.31783076000835e-12,4.419591335676908e-12,1.7258958404579223e-13,1.2546192409194852e-12,-3.856217938808493e-12,-8.358873285055158e-12,5.459848346216651e-12,1.1198192695007277e-12,1.6763316861238497e-12,2.246043763116713e-12,-1.0098049398915569e-12,6.130127561849368e-13,1.6470032459143342e-12,-3.3090235610053763e-12,-1.0289598750640973e-11,6.401092082635273e-12,-1.230983369033968e-12,-1.2401264786370854e-12,-8.390042117467445e-13,2.633741025355621e-12,2.2000438205947858e-13,1.0450499454193775e-12,-2.6802643336425674e-12,-8.92846098920013e-12,3.780353130412359e-12,-1.1621013880811037e-12,-4.005502556414973e-12,3.3665967036389e-12,9.069117972946319e-13,6.024751769074054e-13,3.495155197640343e-13,-3.4061163089409843e-12,-3.8017286441827435e-12,-1.7491743290871218e-12,-2.965581260099676e-12,-4.036882897570265e-12,-1.0322391390910372e-12,-2.784738055376615e-12,1.3857497211486804e-13,1.8536630726591634e-12,-3.1176402973338145e-12,-3.131032303160376e-12,4.630800222478422e-13,-4.093205652918662e-12,-6.013661072247292e-12,7.246928375312591e-13,-1.5850499323697319e-12,-8.01364462621885e-13,-2.370263828387489e-12,8.581326417184657e-13,1.041248156172837e-11,1.2001663808546993e-13,1.5434633595965095e-12,1.3895004601846542e-12,-2.109128868722115e-12,-2.0755932843640165e-12
L12treat_m2,2.551096317257626e-12,-1.292144549098554e-12,1.4827267881605734e-11,2.907505982049194e-11,-1.3949369109679081e-11,-1.1263047780491346e-13,2.1223890122314507e-12,-1.2193026163537894e-11,1.918490639570093e-12,1.1276842560703666e-12,-8.189940296858764e-13,1.3979157102135723e-11,4.858206082283527e-11,-2.3062631823081114e-11,-5.202928793952752e-12,-3.703726088362925e-12,-1.6320604884051158e-11,-1.250348560898878e-11,2.486061569717376e-13,-2.406365450850187e-12,1.9683809397839397e-11,3.52461718492608e-11,-2.1075746522994962e-11,-8.956789660364953e-12,-8.777953256182914e-12,-1.0081884709416509e-11,1.9357986986464885e-12,-8.114628420228258e-13,-3.309023561005294e-12,1.7725843285751233e-11,4.4656370568389993e-11,-2.2667799256008713e-11,3.927591109927393e-12,-8.489723297091532e-13,-4.242903117609403e-12,-9.868387795825491e-12,2.756596361132375e-13,-1.096727703946628e-12,1.6001724845427057e-11,4.240770739521749e-11,-7.30994401521315e-12,7.954561033154787e-12,1.2296072184007498e-11,-1.1346459991519505e-11,-2.518021347908785e-12,-1.562986223917276e-12,-6.72824004641618e-13,1.5248167306555188e-11,1.755755990035509e-11,1.3772809252549801e-11,1.5721988697529337e-11,1.3325052984020854e-11,3.369441304130161e-12,1.5423614250288047e-11,-3.6782506308074363e-13,-6.815380267053761e-12,1.3596706085837261e-11,1.1487537699577824e-11,3.0606857006710554e-12,1.514695742904238e-11,1.618547146499913e-11,1.2358338151401854e-12,1.0962950415810002e-11,2.3362995769870415e-12,7.633999272119928e-12,-6.276636794187515e-12,-4.4570815602037714e-11,-6.10825115284904e-12,-7.878079710396046e-12,-9.038810983240682e-13,9.389674560657956e-12,8.087915258254054e-12
L12treat_m1,7.147186981839756e-12,-3.5774447763811877e-12,3.94518539326957e-11,7.904763036213573e-11,-4.032111684051622e-11,-5.86772572722351e-12,2.5030920933597075e-12,-3.8008803140215677e-11,2.157043706733721e-12,2.6797373355303894e-12,-2.6814597839065615e-12,3.547139705046421e-11,1.324286213834745e-10,-6.408832143921188e-11,-1.583948661199468e-11,-6.532941982433135e-12,-5.062770811550631e-11,-3.800097655182655e-11,4.665188288173309e-13,-7.525042465846725e-12,5.171985143853295e-11,9.906730357362955e-11,-5.7808556172542314e-11,-2.92063371418064e-11,-2.7200091265423493e-11,-3.036048560986207e-11,3.907134621102054e-12,-2.944811918660879e-12,-1.0289598750640854e-11,4.465637056839038e-11,1.2608694366189088e-10,-6.165277911362507e-11,8.83906493626551e-12,7.74647376417216e-13,-9.520213250440054e-12,-2.7555651035205553e-11,-3.899607740401717e-13,-4.372530472414888e-12,4.000656527895586e-11,1.1759680573425028e-10,-2.0384319113451382e-11,1.989337539589303e-11,3.7354558360663446e-11,-3.391848868007534e-11,-9.578462971903782e-12,-4.987752780889454e-12,-1.7436006100609706e-12,4.2012040109563246e-11,4.681294352953233e-11,3.383475610337776e-11,4.266477638976799e-11,3.8480142449132296e-11,1.1154055833212946e-11,4.242853862425705e-11,-6.699992057965368e-13,-1.826841276547793e-11,3.644528230358831e-11,3.281687951427177e-11,7.50028158251783e-12,4.0421312681580006e-11,4.766273644981905e-11,1.1626284815118087e-12,2.8867854111255997e-11,6.5243592069688e-12,1.9665224180667785e-11,-1.82130246337901e-11,-1.259308887240472e-10,-1.774215939116771e-11,-2.2585681502386404e-11,-6.47576281598439e-12,2.5087910727509038e-11,2.2094471484054353e-11
L12treat_p0,-3.4241464435731932e-12,2.9921642119506528e-12,-1.9658201545070592e-11,-3.9409571884776547e-11,2.1943859508152743e-11,1.9589037244784624e-12,-3.603956215972741e-12,1.917806153660231e-11,-1.3047469322144564e-12,-1.3452934273205136e-12,2.289222300760483e-12,-1.7503740720518114e-11,-6.524892815215665e-11,3.4505616699300966e-11,5.963930466162198e-12,2.4378425210761927e-12,2.239343634358193e-11,1.841965210901952e-11,3.033269204898672e-13,5.027972681834365e-12,-2.5605018431897793e-11,-4.719443914063589e-11,3.4090368143213296e-11,1.304060885951863e-11,1.354276269189014e-11,1.4006669302948418e-11,-4.720992966860919e-12,2.165182393252626e-12,6.401092082635228e-12,-2.2667799256008804e-11,-6.165277911362465e-11,3.7974160853439684e-11,-3.5668613970901995e-12,7.949211170902674e-13,2.1091038293365345e-12,1.4414172788782908e-11,6.428447151689771e-13,3.3847002832481992e-12,-1.982246226734873e-11,-5.6001789257503663e-11,2.1587557212918078e-11,-5.074681907024823e-12,-1.5972935700169235e-11,1.9340881509377446e-11,6.40170789254257e-12,2.3640191339874552e-12,8.673201598098837e-13,-2.1529622816638862e-11,-2.3648754075645152e-11,-1.3696756495490423e-11,-1.958426212398177e-11,-2.1091556694652244e-11,-4.893102427794641e-12,-2.1580607282092008e-11,3.5810986208865263e-13,9.821404999718778e-12,-1.884603298161376e-11,-1.693041459756348e-11,-2.1168525455573424e-13,-2.1086720119384876e-11,-2.824857715878286e-11,1.2328766928931895e-13,-1.4268156819760017e-11,-3.7524789237726784e-12,-1.1708045606150402e-11,7.430166594486329e-12,6.140266558754388e-11,3.2676318206061952e-12,9.55101341249839e-12,3.875787056590142e-12,-1.2358875226801082e-11,-1.0316739682570017e-11
L12treat_p1,4.858481580605082e-13,-6.647378881662264e-13,2.305587003365415e-12,6.478237543001276e-12,7.506934499606286e-13,5.923318039555366e-12,5.436160895342198e-13,-5.992773283857663e-13,1.1257047960903972e-13,3.905623499565183e-13,-6.009454692285419e-13,1.907070990725019e-12,1.4564516483967578e-11,-2.0800633526135957e-12,5.752668941845384e-12,1.4915896054642083e-13,2.3479097670395427e-12,1.950381294246962e-12,2.0032376416538916e-14,-1.2015663209977553e-12,2.9843211996646944e-12,1.037561315839866e-11,-3.0173003139959338e-12,1.0627342427006478e-11,4.367716509973281e-12,1.9998980060277233e-12,4.209283151066579e-12,2.7042698328294793e-13,-1.2309833690340138e-12,3.9275911099273395e-12,8.839064936265264e-12,-3.5668613970900505e-12,1.2954445313119802e-11,3.4059697255284833e-12,3.633887962538033e-12,2.426388332772282e-12,1.2679101534152428e-12,-9.643465575292074e-14,3.1740073720466048e-12,7.224219974528824e-12,3.0755203030744805e-12,9.270979242904416e-12,8.47333146558954e-12,3.856252202529379e-12,5.928917784894034e-12,-4.7595359192223e-13,-6.346983467600535e-13,1.904384497397056e-12,2.2936743150563463e-12,5.402356767171278e-13,7.398419919185124e-12,3.288478267745031e-12,2.8488189997827837e-12,7.515077175379554e-13,7.511895084828578e-14,-1.53190443430416e-12,1.8146653777211483e-12,4.4665299515057065e-12,9.042832927584777e-13,7.261178027078395e-12,2.791625868136028e-12,1.6028815213936787e-12,4.851664038664241e-12,2.926063430209062e-13,2.3993326632176195e-12,-2.3911572036941294e-13,-9.548983805173876e-12,-3.5405084267761766e-12,-7.392613921539167e-12,-4.347416429161942e-12,-2.2893607974794558e-12,-7.981689192308046e-13
L12treat_p2,3.381915745257619e-14,-6.059843710987152e-13,4.091530503067888e-13,2.739764866451792e-12,1.833893101205121e-12,2.257766260773887e-12,6.1557728879008896e-12,3.445630722161375e-12,-2.4164597527781364e-12,7.723340609821236e-14,8.965147748389963e-14,1.6681830862100245e-13,2.0429399157935684e-12,4.90081875902201e-12,4.257652795871071e-12,6.7089716609611266e-12,3.3923105912285296e-12,-3.9280012806349726e-12,5.4871848389031185e-14,-9.355082875277285e-13,-9.635064038022653e-13,2.127122638953429e-12,1.2504316374780008e-12,2.890323539428624e-12,5.659554172153529e-12,9.659112796323404e-14,4.813360663513055e-13,-8.372682033705087e-14,-1.2401264786370975e-12,-8.489723297091894e-13,7.746473764172551e-13,7.949211170902956e-13,3.4059697255287846e-12,1.1921057232823802e-11,6.9460062178278425e-12,4.517485739035607e-12,2.3527174121505994e-13,-1.0982482119931855e-12,-1.5207896128153295e-12,4.0633544201676865e-13,1.2618391647360163e-12,3.88628015235445e-12,7.93047089881298e-12,3.6812372380683355e-12,2.8715149405487322e-12,-4.1074336510238846e-13,-8.84203965936249e-13,-1.2349034436659385e-12,1.4680189528304933e-12,-1.625117284648747e-12,1.2659194301320713e-12,2.915839117799221e-12,4.210848749904427e-12,-1.608055243186008e-12,-2.920188019196884e-14,-2.0323749385893065e-13,6.44639870005699e-13,2.1682310710187787e-12,-2.1312935978695696e-12,5.742584357479464e-12,4.946173006664422e-12,2.3049277127621847e-13,-2.1943933311761e-12,5.4773804673128e-14,8.487144279621901e-13,5.013207914160206e-13,-2.5302153036663817e-12,4.976349670637908e-14,-3.339648141795724e-12,-7.099148494638093e-12,-3.6124845309921963e-12,-1.5677294445069748e-12
L12treat_p3,-4.992150429490589e-13,-6.378122647843369e-13,-3.3421282349818278e-12,-7.353105787458727e-12,6.985781872508082e-12,3.2117310162441255e-12,3.305045214479484e-12,6.691255578632972e-12,-4.4637736885875704e-13,-4.017399252340203e-13,-9.711388978948193e-13,-4.228242618769968e-12,-1.136530315829369e-11,9.952885591835035e-12,5.698634452219418e-12,8.230916025063693e-12,1.4651484101046745e-11,4.381689209119713e-12,-5.973968503182546e-13,-1.3753750454505304e-12,-5.881966869596676e-12,-8.028818324999518e-12,7.444575529665998e-12,1.09856061089705e-11,1.0688236014424573e-11,1.2139519290235517e-11,8.440431827724964e-12,-2.4577886827342986e-13,-8.390042117467553e-13,-4.242903117609429e-12,-9.520213250440018e-12,2.1091038293366415e-12,3.6338879625378904e-12,6.946006217827809e-12,1.704967296708268e-11,1.1454202093071111e-11,-4.663967125872466e-13,-7.052755323185471e-13,-4.5064502001610055e-12,-1.3619020430946617e-11,-2.924893044798379e-12,-6.144579237972409e-13,2.4059247210627118e-12,1.051405383375126e-11,4.336375408672244e-12,7.404300501020868e-13,-9.987988731518443e-14,-2.811122710972941e-12,-4.151726296879632e-12,-5.67976696812378e-12,-5.897507212125292e-12,-7.509607351608285e-13,1.934841535068836e-12,-5.145681292283567e-12,3.565576440694769e-13,2.0135338535194083e-12,-2.678971721831146e-12,9.576965652186999e-15,-3.330843876535328e-12,-1.1188462241251541e-13,9.926241926851357e-13,-1.6105772338609793e-12,1.0342692809633023e-12,-3.3370699598819133e-13,-6.701333831070132e-13,2.8548652359460083e-12,1.2286897962468691e-11,3.780861502183383e-12,-1.5985898734074399e-13,-5.899396561256949e-12,-1.0130936839461096e-11,-7.962756332100001e-12
L12treat_p4,-1.1648643882913154e-12,1.2759964851513582e-12,-8.805716695662692e-12,-1.8167386890143795e-11,1.3563659425660405e-11,2.89796555581468e-12,-2.302324123617809e-13,1.048426101288027e-11,2.4936936888062884e-12,9.750042061879042e-14,7.363467385880478e-13,-8.331284091570672e-12,-2.9036289097038552e-11,1.7356999615501237e-11,3.727577608658587e-12,1.9073070409174173e-13,1.6177149311745766e-11,1.580044681908851e-11,1.366515197528593e-13,1.4312320818301129e-12,-1.1878260218036928e-11,-2.094758112204576e-11,1.6286826157329325e-11,1.021751786540952e-11,1.1848281601196166e-11,1.127298208290772e-11,7.561394271384817e-12,1.8050801791835588e-12,2.6337410253557045e-12,-9.868387795825391e-12,-2.7555651035205563e-11,1.4414172788782641e-11,2.4263883327722423e-12,4.517485739035399e-12,1.1454202093071134e-11,2.1621979821772652e-11,1.0003753569604148e-12,1.906247989750105e-12,-8.949831683495437e-12,-2.852260429131879e-11,7.1986869777459656e-12,-1.4911038400620911e-12,-4.383992277880263e-12,1.4084669742283653e-11,9.896110465781614e-12,1.7432193412410727e-12,3.0138472254089435e-13,-8.295129289161788e-12,-1.0551543104729871e-11,-9.671365219354426e-12,-1.0285220610791009e-11,-1.189471522713772e-11,-2.327250833152938e-12,-9.356020455828832e-12,8.883358921814256e-13,5.598817399737014e-12,-6.9895987376577416e-12,-2.988573669119952e-12,-8.628729047162637e-13,-7.711396280585669e-12,-1.1824885706977663e-11,1.3079289365065963e-12,3.8879230726825236e-15,-1.986407661979843e-12,-5.33090531844142e-12,3.1518088439171862e-12,2.777609899273887e-11,1.8895281638535667e-14,1.0921895440753897e-13,-5.737178395161094e-12,-1.426307637377091e-11,-1.680323243347768e-11
L16treat_m4,6.165364586347958e-15,1.3408941786255209e-13,-1.821405529214041e-13,3.342934989644948e-14,3.962288433257468e-13,6.769798978325595e-13,-3.1458991612001507e-13,2.660190839287558e-13,6.225463952917238e-13,2.5261323187708815e-13,1.3111738944153886e-13,6.369775589823314e-14,1.0498561026495222e-12,-1.7759856950098195e-13,-1.346782780756563e-13,-1.3181749341774552e-12,5.657815615243197e-13,1.2753229407778516e-12,1.7916517495024542e-13,2.6115489427233103e-13,2.299616710832243e-13,4.755378393490679e-13,4.139570067162012e-14,1.4770164748408395e-12,8.976499345682905e-13,-5.2246167666168334e-14,7.90612161113514e-13,3.6757311696034956e-13,2.20004382059487e-13,2.756596361132059e-13,-3.899607740402159e-13,6.428447151690281e-13,1.2679101534152477e-12,2.3527174121504803e-13,-4.663967125872471e-13,1.0003753569604144e-12,6.187197089530175e-13,3.5272617926589675e-13,2.001486104348921e-13,-4.086102038387772e-14,1.4079268015080266e-12,1.2170949039496634e-12,5.966981000552831e-13,7.93248436840412e-13,1.7924329776075505e-12,-2.8372526777567307e-14,-2.3305366571306505e-13,-3.52222300852802e-13,2.381098987059939e-13,-1.4627935855941208e-13,5.771556811260948e-13,-9.945681069447687e-13,1.0793989855351059e-13,-4.740248293146976e-13,-3.1381042834158126e-16,2.7495132527887036e-15,1.0631342401708493e-13,3.832690836063404e-13,2.370809480567015e-13,1.7317489800123312e-13,-9.888725150872918e-13,6.995484899527346e-13,2.5180355251276894e-13,-1.0023300902775123e-13,1.2010699681093466e-13,1.1420407466678635e-13,-4.1053774259848623e-13,-1.005276982680989e-12,-9.064115499868189e-13,-4.752892352863218e-13,-7.565791424435986e-13,-9.73873277150963e-13
L16treat_m3,-2.103109898940748e-13,5.283034290870391e-13,-1.470901722320115e-12,-2.9886736575760944e-12,2.0243261983627264e-12,1.2712250507201983e-13,-1.2011253841182186e-12,1.6009753662512448e-12,7.958630137255972e-13,3.028626108923346e-14,4.0779532364731667e-13,-1.071016423961748e-12,-4.62577928038219e-12,2.1636866218010257e-12,-2.6225395046010915e-13,-1.7594422135792717e-12,1.7323093805939767e-12,3.1758480198406044e-12,1.7720682412696705e-13,7.910716657128301e-13,-1.4057756877022429e-12,-3.1598848186210606e-12,2.9356963529156396e-12,8.38256313512608e-13,1.1758248930192323e-12,1.6555621902722822e-12,2.9365159321511083e-13,4.4686009129126786e-13,1.045049945419396e-12,-1.096727703946661e-12,-4.372530472414573e-12,3.384700283248365e-12,-9.643465575284903e-14,-1.0982482119931258e-12,-7.052755323185554e-13,1.9062479897501368e-12,3.527261792658897e-13,9.761140875319809e-13,-6.575372071495396e-13,-3.711104927916286e-12,3.2558324131085336e-12,7.204167182001539e-14,-1.8276686052569647e-12,2.1678330623791535e-12,1.4614741121265423e-12,3.6853210258451587e-13,2.495664582510889e-13,-1.3547718099816528e-12,-1.6973798546979482e-12,-1.667818723278797e-13,-1.0763900610035916e-12,-2.2693318806572638e-12,-5.124636962246997e-13,-1.0158008890030983e-12,1.0972414074284907e-13,9.142232151173497e-13,-1.5020296323886583e-12,-9.322418721287987e-13,1.068749469210024e-12,-2.123609330467906e-12,-3.6137140948294094e-12,6.57386514095173e-13,3.074597504108308e-14,-4.2979308261438705e-13,-1.212534890536681e-12,4.2042724841953824e-13,4.821833787666781e-12,-6.9989565508754e-13,7.090819268235119e-13,1.2468814776197728e-12,-8.397774879918724e-13,-1.2569996246128118e-12
L16treat_m2,2.2888177165578684e-12,-1.0459967640281794e-12,1.3442489307927644e-11,2.574359819851273e-11,-1.2442001698434328e-11,-2.0234661151469148e-13,2.0489942244287294e-12,-1.1284859116702695e-11,1.668206506396185e-12,9.1921084677179e-13,-6.580286879845498e-13,1.2748619184099502e-11,4.312381840482069e-11,-2.098454267306036e-11,-5.04708278959622e-12,-3.804284844702919e-12,-1.5378718889047547e-11,-1.0598917806294287e-11,2.513130770348578e-13,-1.9314703057131085e-12,1.7747550434714426e-11,3.1388897846265786e-11,-1.8764389450916326e-11,-8.775461392525591e-12,-7.902962856209835e-12,-9.491349220642463e-12,1.4152025005948954e-12,-7.278351957699633e-13,-2.680264333642604e-12,1.6001724845427066e-11,4.0006565278955973e-11,-1.9822462267348553e-11,3.1740073720466686e-12,-1.520789612815256e-12,-4.506450200160894e-12,-8.949831683495458e-12,2.0014861043490815e-13,-6.575372071496639e-13,1.4952777215432652e-11,3.830364822312174e-11,-5.3768525213492754e-12,6.9873387969084845e-12,1.0630183860152795e-11,-9.899877992515715e-12,-2.8056477619371224e-12,-1.3199586018768364e-12,-4.800030943770482e-13,1.3825613221700269e-11,1.5651059832036098e-11,1.3142542873496583e-11,1.4184232494799479e-11,1.2291768651422215e-11,2.5296825083942264e-12,1.403630743379738e-11,-3.477935014580133e-13,-5.921730262955988e-12,1.1981316575818894e-11,9.876503039412763e-12,3.248059339954487e-12,1.2985235232407191e-11,1.3931988935540773e-11,1.0499416468550593e-12,9.841677204937093e-12,2.065048973434142e-12,6.556606888099904e-12,-5.828879169386996e-12,-3.943214409114299e-11,-5.8698301903907256e-12,-6.7684764330886484e-12,-3.427391065672001e-13,8.799473140735437e-12,7.696589114626748e-12
L16treat_m1,6.4344380504892485e-12,-3.223377249130716e-12,3.7116224496949014e-11,7.535416200572003e-11,-4.069735243408553e-11,-6.350935469019863e-12,3.1771047030061094e-12,-3.5095703183712744e-11,1.251425168293491e-12,2.7204646803797038e-12,-1.840687095632784e-12,3.4550857244523943e-11,1.2439358265229386e-10,-6.159137810477972e-11,-1.5655271593831283e-11,-8.898343909099476e-12,-5.054955199434935e-11,-3.619022748130885e-11,6.151186231452531e-13,-6.310980077294712e-12,4.909571989873868e-11,9.290776856009271e-11,-5.611231031222975e-11,-3.0257816094744356e-11,-2.7567118308567906e-11,-3.2088010692631754e-11,-5.667773928277965e-13,-2.48930567834592e-12,-8.928460989199923e-12,4.240770739521783e-11,1.175968057342505e-10,-5.600178925750391e-11,7.224219974528942e-12,4.063354420167657e-13,-1.3619020430946753e-11,-2.852260429131892e-11,-4.086102038380861e-14,-3.7111049279164714e-12,3.830364822312158e-11,1.1344544647371901e-10,-1.6253755459379104e-11,1.9190024391429968e-11,3.3649391757732395e-11,-3.169670076970189e-11,-1.0031165189961946e-11,-4.7146237500837715e-12,-1.6948001116359808e-12,3.874831054186633e-11,4.5301901575473714e-11,3.3358060971368727e-11,4.153664259598611e-11,3.61908777319605e-11,1.1303617859724137e-11,4.0909157875528404e-11,-8.287800352170172e-13,-1.7214021598229345e-11,3.4093160495853655e-11,2.966922715249733e-11,6.3929684392761295e-12,3.902104335676916e-11,4.360734572674777e-11,2.6751074129961864e-12,2.4650849201707613e-11,5.9848608823497386e-12,1.8357014393895724e-11,-1.7424840126052776e-11,-1.197094017590231e-10,-1.7877944206446793e-11,-2.1930450902462023e-11,-5.786422102096218e-12,2.372162325524861e-11,2.2655490196064685e-11
L16treat_p0,-8.23560407471958e-13,2.6514508778552684e-12,-6.146793365598466e-12,-1.2412001475847886e-11,1.3107213462723e-11,3.49873604211828e-12,-3.0354605653844996e-12,7.0651152854423925e-12,2.709121514166149e-14,-4.395760607105517e-13,2.0084865915953592e-12,-5.2712315337452095e-12,-1.8680069657592193e-11,1.5259768268167737e-11,2.1159250666878533e-12,-1.5287901559901783e-12,5.374034795590408e-12,7.27931179218893e-12,9.133074012595658e-13,3.5330804786645147e-12,-8.062888481559513e-12,-1.1844845493895638e-11,1.7911994816923638e-11,6.483328148759582e-12,5.327147869592717e-12,3.897740116475916e-12,-4.4714241548472694e-12,1.7442634772296757e-12,3.780353130412351e-12,-7.309944015213409e-12,-2.0384319113451563e-11,2.1587557212917888e-11,3.0755203030743375e-12,1.2618391647359521e-12,-2.924893044798505e-12,7.198686977746045e-12,1.4079268015080246e-12,3.2558324131083704e-12,-5.376852521349833e-12,-1.625375545937921e-11,2.5147148465933148e-11,6.571724040007849e-12,-8.730710499769957e-13,1.1555938993765196e-11,7.687964404917806e-12,6.087211632124351e-13,1.758266086938175e-13,-8.368752628077626e-12,-8.8995665293774e-12,1.487829970514523e-12,-2.647682501394433e-12,-8.917424822972712e-12,-7.437953476173791e-13,-7.79053488407321e-12,1.2565758201782334e-13,3.899840407095725e-12,-7.579452233404548e-12,-5.318376495893048e-12,6.750175351886222e-12,-6.052394614724295e-12,-1.370275179359012e-11,2.1296150299503835e-12,-3.877017713263912e-12,-1.8341919343631698e-12,-5.631647362682601e-12,1.5440978655203297e-12,1.9559482411382496e-11,-8.547050695257099e-12,-1.4403854265966875e-12,3.237085738010652e-14,-5.9617659994190386e-12,-4.306415570226995e-12
L16treat_p1,1.2532706855305623e-12,-1.0375580120407456e-14,6.309953068366406e-12,1.436546910366298e-11,-1.6549409593662242e-12,5.183063090650634e-12,2.935295050696634e-12,-2.8770081301713496e-12,2.6722706095407025e-13,7.453084987939572e-13,2.0731352698538656e-13,6.1646713621709495e-12,2.5619379834098587e-11,-6.201087492534244e-12,5.558311501071163e-13,1.563157126854884e-12,-4.797955541165873e-12,-5.052559884117371e-12,6.92593991698222e-13,-2.141049422056233e-13,8.935847696244365e-12,1.9179569441226752e-11,-3.0160699451756925e-12,4.7843089705599276e-12,1.2044179882519208e-12,-1.7885485591100881e-12,4.2999043770765446e-13,4.494707121619566e-13,-1.1621013880810734e-12,7.95456103315472e-12,1.9893375395892682e-11,-5.074681907024825e-12,9.270979242904689e-12,3.886280152354358e-12,-6.144579237967869e-13,-1.491103840062185e-12,1.2170949039496521e-12,7.204167181999678e-14,6.987338796908403e-12,1.9190024391429826e-11,6.571724040007778e-12,1.443377644955994e-11,1.3345456447179179e-11,2.2507735141956574e-12,3.0331839470206898e-12,-1.265690186043762e-12,-8.849775289906126e-13,4.639504541063593e-12,6.4998470147361466e-12,8.148040014953047e-12,1.3122990352286786e-11,6.254493351758301e-12,3.0431014380625477e-12,5.6013634796980335e-12,-5.170583245612063e-13,-2.9607719126706613e-12,5.295117536575681e-12,3.996350743450646e-12,4.439476170572245e-12,9.889749850653386e-12,4.419137969027479e-12,2.559896211331161e-12,5.915537190536916e-12,7.745166158550612e-13,3.1973085365428315e-12,-2.554011985918836e-12,-2.048363273482974e-11,-6.640344781509261e-12,-7.733562114630345e-12,-1.5168748299437216e-12,3.62017901417046e-12,5.635595914419049e-12
L16treat_p2,2.132526608282711e-12,-1.271806896289575e-12,1.1485485388379454e-11,2.5228389521447453e-11,-6.93500526450408e-12,3.6392546171350045e-12,5.7123016071925046e-12,-9.20956463064177e-12,-1.638731521663982e-12,7.655935251846107e-13,-7.944853611223605e-13,9.627916194091357e-12,4.276024103526682e-11,-1.528102423926451e-11,-3.6017596875063587e-13,4.4799447872188954e-12,-1.0744527134626387e-11,-1.4448291612924657e-11,4.689274785748266e-13,-2.569979590881761e-12,1.4314498279315821e-11,3.253039736980729e-11,-1.2462493482858294e-11,-5.2393230419006e-13,-1.6991188992997445e-12,-7.008154733520181e-12,1.2333450235423175e-12,-7.670647288289785e-13,-4.005502556414964e-12,1.2296072184007487e-11,3.7354558360663394e-11,-1.5972935700169132e-11,8.47333146558986e-12,7.930470898813166e-12,2.405924721062829e-12,-4.383992277880105e-12,5.966981000553102e-13,-1.8276686052570285e-12,1.063018386015271e-11,3.364939175773227e-11,-8.730710499769132e-13,1.3345456447179334e-11,2.1960316335826006e-11,-4.55478940045485e-12,1.0043460200225869e-12,-2.332094951062549e-12,-1.4279975478292565e-12,1.0429199439739726e-11,1.2583476439593511e-11,9.857260550394965e-12,1.65340257240109e-11,1.3589610980985594e-11,5.294617123782756e-12,1.0239347653722518e-11,-5.506817355895234e-13,-5.656161762978304e-12,1.0532807423195257e-11,1.0198474995271788e-11,3.2821584476536817e-12,1.642419414801694e-11,1.7233431459517097e-11,7.482101782322721e-13,6.757081531399585e-12,1.968273197924417e-12,6.367858971124182e-12,-4.751654174707261e-12,-3.847235816931719e-11,-7.433264962072339e-12,-1.057612425298972e-11,-7.182697910570307e-12,5.823254973175755e-12,7.315944899438637e-12
L16treat_p3,-1.842696508033517e-12,1.336842993261452e-12,-1.1275908735756104e-11,-2.066324932979218e-11,1.3540907950701827e-11,4.372980425980484e-12,2.4535077801943126e-12,1.6368834388723783e-11,1.0736972078346116e-13,-2.0142365139541565e-13,1.2056889080389318e-12,-9.114866119765524e-12,-3.404388435202469e-11,2.0323209672142268e-11,7.047272706124129e-12,3.324698678080694e-12,2.060246002111165e-11,1.6648627048118244e-11,2.6148069076891247e-13,2.6211591939157058e-12,-1.3884384452153638e-11,-2.4569363129761027e-11,2.116618502527726e-11,1.719506101223442e-11,1.6096768450568863e-11,1.7656440754601915e-11,3.241364255530528e-12,1.5382680115448785e-12,3.366596703638873e-12,-1.1346459991519502e-11,-3.391848868007556e-11,1.9340881509377446e-11,3.856252202529369e-12,3.681237238068435e-12,1.051405383375124e-11,1.4084669742283679e-11,7.932484368404076e-13,2.167833062379157e-12,-9.899877992515798e-12,-3.1696700769702e-11,1.1555938993765142e-11,2.250773514195295e-12,-4.554789400454776e-12,2.4744392192752863e-11,5.893457810559436e-12,1.6918169540653655e-12,4.672113710358195e-13,-1.2472275277638195e-11,-1.2683929420471408e-11,-7.616441100331196e-12,-7.522425171070497e-12,-8.400210709312584e-12,1.4965022510580208e-12,-1.015482378498422e-11,2.1412437607285858e-13,5.669013109513684e-12,-1.1415886582886681e-11,-1.0210720371615099e-11,-2.427350130104471e-12,-7.981571202432706e-12,-1.4936771188146466e-11,2.3150166464827033e-12,-5.462667568098638e-12,-2.0379543784434058e-12,-5.288679810039398e-12,6.401073926450687e-12,3.657094445343206e-11,4.416338804287213e-12,4.476732715562537e-12,1.5162385724167026e-12,-1.1446615196563571e-11,-4.7759771534096744e-12
L16treat_p4,-2.453864903397676e-13,8.190464977107804e-13,-3.1191033151289664e-12,-5.683845767298041e-12,8.472757596384482e-12,5.2003667256735654e-12,-2.4942776959853678e-12,4.328378014110222e-12,2.4104091021336687e-12,3.5452085755643755e-13,2.396886417305008e-13,-3.1596376672428585e-12,-6.4732115653131275e-12,7.121175606147015e-12,3.7760995889188375e-12,-2.5017311610977584e-12,8.969785078764776e-12,6.275429191409721e-12,2.796751982183098e-13,5.105477146058998e-13,-4.150541370910805e-12,-5.11082985908884e-12,4.999431127117818e-12,9.325940391823844e-12,5.1013963225957215e-12,3.951973303005893e-12,5.578188178841257e-12,1.1521886571751922e-12,9.069117972947072e-13,-2.5180213479087353e-12,-9.578462971903796e-12,6.401707892542186e-12,5.928917784894031e-12,2.8715149405485675e-12,4.336375408672153e-12,9.896110465781582e-12,1.7924329776075366e-12,1.4614741121264726e-12,-2.8056477619371385e-12,-1.0031165189961897e-11,7.68796440491775e-12,3.0331839470208546e-12,1.004346020022466e-12,5.8934578105593104e-12,1.3180861811467927e-11,6.32514056878456e-13,-3.440527386274296e-13,-3.5379922954285913e-12,-4.04555040437897e-12,-2.7396957633920433e-12,-2.155363085480893e-12,-6.343386647649282e-12,1.4593900125440252e-14,-4.296077616573294e-12,4.65041636303972e-13,1.2929558437517965e-12,-2.8440836394522902e-12,2.6999492465894907e-12,2.081126344633953e-12,-4.3915445076404346e-13,-4.198028259601193e-12,1.4085337548477055e-12,1.473645318841267e-12,-9.177396950388026e-13,-1.106457727954085e-12,2.1949006379682063e-12,8.529449780339286e-12,-4.280417418149329e-12,-4.244509131980104e-12,-5.385725810781404e-12,-8.787051883231752e-12,-1.1623311010013841e-11
F12treat_m4,-2.7693346590726917e-13,2.2131534068957262e-13,-1.5088381653446848e-12,-3.368419759950914e-12,1.4400937312465078e-12,-4.6593621216683744e-14,-3.3386472923256006e-13,1.8970782070685827e-12,1.0818841589535509e-13,-7.715213773773235e-14,1.2914329443700425e-13,-1.2703862536596402e-12,-5.936835420870934e-12,2.5317033441822838e-12,6.015607516400301e-13,-4.964980716691676e-13,2.336677242019069e-12,2.4245266273463273e-12,-4.748116688974195e-14,2.7735656018438964e-13,-2.0742346140504765e-12,-4.359264319394646e-12,2.2246673715780957e-12,6.850411716550352e-13,1.1492404386499575e-12,1.6195805816864815e-12,3.1591642395171083e-13,1.759915393566732e-13,6.024751769074106e-13,-1.5629862239172889e-12,-4.987752780889475e-12,2.364019133987502e-12,-4.759535919222214e-13,-4.1074336510238487e-13,7.404300501020809e-13,1.7432193412410751e-12,-2.8372526777562905e-14,3.6853210258451643e-13,-1.3199586018768241e-12,-4.714623750083826e-12,6.087211632124229e-13,-1.265690186043758e-12,-2.3320949510625487e-12,1.69181695406537e-12,6.325140568784708e-13,4.522583098898858e-13,2.711029876386977e-13,-1.371277320860485e-12,-1.821047137563276e-12,-1.4487254508913716e-12,-2.0759280102826693e-12,-1.7478383604874595e-12,-5.327185753031567e-13,-1.250798917345584e-12,1.5136568932145e-13,9.383734286610207e-13,-1.5235809483223432e-12,-9.845406545164346e-13,-4.697802292454819e-13,-1.8328485559173793e-12,-2.5252935092475412e-12,7.861449740722215e-14,-5.262473361248843e-13,-3.6745357374414723e-13,-9.805756960124e-13,6.063817575330071e-13,5.462379405501621e-12,7.386378012702554e-13,8.992359637512892e-13,3.5310564522793417e-13,-1.4904743857929726e-12,-1.7133999089633193e-12
F12treat_m3,-1.8649124877920055e-13,1.1420259395014625e-13,-8.388308689982392e-13,-1.414273846418209e-12,4.3770339450578937e-13,-3.620392735282324e-13,-3.626306883628885e-13,6.220572460411635e-13,-3.828081152233639e-13,-1.4597324172290214e-13,5.5860706707893945e-14,-7.18334645968918e-13,-2.9221954511655605e-12,9.669840148031387e-13,3.3188539480856907e-13,-2.1999672171478263e-13,7.15570947931498e-13,1.1477498989591022e-12,-9.903791687471717e-14,9.786056085058223e-14,-9.436051024609595e-13,-1.796520628065759e-12,1.141631002506152e-12,-2.645644176073318e-13,1.5785772487419872e-13,1.0628416908631386e-12,-3.044347576472359e-13,-6.099500559627422e-14,3.49515519764052e-13,-6.728240046417418e-13,-1.7436006100608836e-12,8.673201598100733e-13,-6.346983467599581e-13,-8.842039659362149e-13,-9.98798873151807e-14,3.013847225408263e-13,-2.330536657130586e-13,2.495664582510905e-13,-4.800030943770391e-13,-1.6948001116359673e-12,1.7582660869400526e-13,-8.84977528990587e-13,-1.4279975478292573e-12,4.67211371035821e-13,-3.440527386274789e-13,2.7110298763870834e-13,4.781244869586589e-13,-2.916603248895354e-13,-1.0643449179321782e-12,-6.056443464513867e-13,-7.629274756482419e-13,-3.2429148829888333e-13,-3.94035408317212e-13,6.246796533729577e-14,7.466707863261411e-14,5.624546733877387e-13,-9.260127419532773e-13,-1.7772824513368188e-13,-3.77033860251239e-14,-1.032169491042438e-12,-1.1194873231772837e-12,5.189077964134312e-14,1.9680737176399807e-14,-1.7086015551630867e-13,-6.432183634368864e-13,2.3375637004640753e-13,2.6547046900935217e-12,5.891090056888597e-13,8.498655867871379e-13,7.433156026042296e-13,1.502637925635361e-13,-1.700360604341304e-13
F12treat_m2,2.4147204157160615e-12,-1.2639281224747801e-12,1.3447703507795588e-11,2.5783255002717672e-11,-1.3588055961843532e-11,-2.7754413024825084e-12,1.1133170892790172e-13,-1.3269872163778312e-11,1.2525988302981299e-12,8.565156818508038e-13,-1.0722679654490262e-12,1.2102862888079969e-11,4.348296781480738e-11,-2.1473306568983225e-11,-5.920968800510881e-12,-3.4495552289710766e-12,-1.671471878348404e-11,-1.1443906132860762e-11,4.514602422952327e-14,-2.7593254491825875e-12,1.7446543433601224e-11,3.244060085990906e-11,-1.9658175949865608e-11,-1.11682877968387e-11,-9.05177976353987e-12,-9.93235764619957e-12,2.6586833549818637e-12,-1.0708861085423455e-12,-3.406116308940968e-12,1.524816730655536e-11,4.201204010956352e-11,-2.152962281663903e-11,1.904384497397126e-12,-1.2349034436659338e-12,-2.81112271097282e-12,-8.295129289161867e-12,-3.5222230085276303e-13,-1.354771809981723e-12,1.38256132217004e-11,3.87483105418665e-11,-8.368752628077394e-12,4.639504541063701e-12,1.0429199439739703e-11,-1.2472275277638077e-11,-3.5379922954285707e-12,-1.371277320860478e-12,-2.916603248894683e-13,1.529029872006458e-11,1.608098166380106e-11,1.13933360763104e-11,1.2805366478255751e-11,1.2677843134612625e-11,2.759801483905535e-12,1.4775053929757568e-11,-1.1916808715559122e-13,-5.911246505610896e-12,1.2414912137004444e-11,1.1537868452376671e-11,2.5321461975416763e-12,1.2511919890072662e-11,1.547952642072985e-11,-1.7423083656047442e-13,1.0339016291507992e-11,2.3323552663717752e-12,6.675587955989505e-12,-6.051225775366888e-12,-4.084612834534886e-11,-4.752563977739067e-12,-5.582805854202681e-12,-4.566785461495519e-13,9.351980880762916e-12,6.792821194563503e-12
F12treat_m1,2.6525244105262758e-12,-1.521279833040624e-12,1.5491305583215827e-11,3.060195169736609e-11,-1.6487144702308075e-11,-2.8001801249969404e-12,2.794864150973776e-12,-1.3244504509536139e-11,2.0410653559210675e-12,1.3489170961217502e-12,-7.774428788004209e-13,1.4583582223704046e-11,5.088533753094777e-11,-2.3726732116522496e-11,-7.166012911454258e-12,-3.790652713140777e-12,-1.878664089936618e-11,-1.427295679761712e-11,2.9579041680155076e-13,-2.5861913377156493e-12,2.0326976436993496e-11,3.7001068182046676e-11,-2.3256447874964513e-11,-1.1959802062226722e-11,-9.091470010085466e-12,-1.33262374701478e-11,1.818146323601246e-12,-8.992697737683563e-13,-3.801728644182641e-12,1.7557559900355344e-11,4.6812943529532455e-11,-2.3648754075645313e-11,2.2936743150566322e-12,1.4680189528305572e-12,-4.151726296879723e-12,-1.0551543104729802e-11,2.381098987060595e-13,-1.6973798546982066e-12,1.5651059832035868e-11,4.530190157547376e-11,-8.899566529377167e-12,6.499847014736392e-12,1.2583476439593606e-11,-1.2683929420471195e-11,-4.0455504043788745e-12,-1.8210471375632048e-12,-1.0643449179322519e-12,1.6080981663800863e-11,2.0938369604912726e-11,1.4440370316314027e-11,1.591282306393482e-11,1.5341548819940272e-11,5.7060381772987425e-12,1.6158850569684055e-11,-4.1455532926222777e-13,-6.9415952313312944e-12,1.5000583355697997e-11,1.2316862981401042e-11,2.035237471567978e-12,1.613932272480403e-11,1.864358191594509e-11,1.3567280066744776e-12,9.657162663832277e-12,2.7473960979970887e-12,8.460572935938308e-12,-6.312504718432612e-12,-4.837116601068677e-11,-5.812723588261049e-12,-7.017826815420411e-12,-1.3346883573589916e-12,9.410220083020543e-12,8.777711609349676e-12
F12treat_p0,2.338177136376822e-12,-1.6834457230989226e-13,1.3026063002297607e-11,2.315561848006128e-11,-6.04020944448904e-12,1.394936801561099e-12,2.3026271510111853e-12,-8.53055797738349e-12,4.800025873995555e-12,5.585091666830028e-13,2.287061606635801e-13,1.1671596265003965e-11,3.672483679790609e-11,-1.4716898741818008e-11,-5.728134238540233e-12,-1.3104568959876034e-12,-1.3677978358117444e-11,-1.2899332209927312e-11,7.516184809364229e-13,-3.752192135971498e-13,1.5815802234711833e-11,2.7570258699441972e-11,-1.1845638252149386e-11,-8.865189737064714e-12,-9.028639149347908e-12,-9.44914350280567e-12,-1.082284727137748e-12,-5.957786821940197e-13,-1.7491743290870778e-12,1.3772809252549743e-11,3.383475610337777e-11,-1.3696756495490646e-11,5.402356767169383e-13,-1.6251172846488315e-12,-5.679766968123909e-12,-9.671365219354408e-12,-1.4627935855944408e-13,-1.667818723279555e-13,1.3142542873496363e-11,3.3358060971368694e-11,1.4878299705144438e-12,8.148040014953102e-12,9.857260550394916e-12,-7.616441100331275e-12,-2.739695763392022e-12,-1.448725450891385e-12,-6.05644346451484e-13,1.1393336076310346e-11,1.4440370316313772e-11,2.141974929618939e-11,1.655411109794497e-11,1.3686630885124199e-11,5.888419078564392e-12,1.5404025031063272e-11,-6.329667874619565e-13,-5.483152237621277e-12,1.058092030318878e-11,6.473962859275961e-12,1.0691057392596734e-11,1.2359246004430501e-11,1.4096085405229133e-11,2.6936009983653913e-12,7.638039416627393e-12,1.9991893285684375e-12,5.303378533035948e-12,-4.795908378092283e-12,-3.319683205539267e-11,-8.405290743196613e-12,-4.082406735275273e-12,4.376348684233925e-12,1.0376616666114736e-11,1.0097438416013721e-11
F12treat_p1,2.4125182200895284e-12,-1.09830284823447e-12,1.3730973528786527e-11,2.976024491463641e-11,-1.2893496149324333e-11,6.76861935589527e-13,1.6177193104448856e-12,-1.1445034802745304e-11,2.3334840359146108e-12,1.3905911918388977e-12,-1.3032272220345894e-13,1.2933096869211745e-11,4.750797088392692e-11,-2.2932788241582184e-11,-3.083697166243661e-12,-2.8727546512853083e-12,-1.6870598227379325e-11,-1.076699985609575e-11,9.10850237495618e-13,-1.7545763875177043e-12,1.8101423364763746e-11,3.679064928950305e-11,-1.8396151908474954e-11,-6.572883034228095e-12,-8.943737252304738e-12,-1.1413549976165925e-11,-3.3216045410240586e-13,-3.703597831029411e-13,-2.9655812600996603e-12,1.5721988697529343e-11,4.266477638976775e-11,-1.9584262123981653e-11,7.398419919185203e-12,1.2659194301320539e-12,-5.897507212125001e-12,-1.0285220610791117e-11,5.771556811261088e-13,-1.0763900610035873e-12,1.4184232494799429e-11,4.153664259598592e-11,-2.647682501394317e-12,1.3122990352286626e-11,1.653402572401083e-11,-7.522425171070424e-12,-2.1553630854810246e-12,-2.0759280102826698e-12,-7.629274756483077e-13,1.2805366478255662e-11,1.5912823063934626e-11,1.6554111097944975e-11,2.625709133484959e-11,1.837054191344387e-11,9.177325104803746e-12,1.977096323672587e-11,-4.5284220471208e-13,-6.831831544465708e-12,1.1271487462218695e-11,9.46609070053221e-12,7.222158045772867e-12,1.7444759846502192e-11,1.5578604911646627e-11,4.6351546130522815e-12,9.423199014287967e-12,2.132921708554388e-12,6.8471542832617366e-12,-5.5097125978113805e-12,-4.3371329496857725e-11,-7.640766551830459e-12,-9.196852821043338e-12,1.352557150179348e-12,1.2239793791849218e-11,1.3475435900990736e-11
F12treat_p2,1.999911350461819e-12,-1.9238484179884028e-12,1.267208894626437e-11,2.5680404132727106e-11,-1.2849442209010242e-11,-5.916889177487735e-13,5.42109780398549e-12,-1.0460824919207969e-11,-1.3142428627710308e-12,4.1281870388216264e-13,-1.0589563881562623e-12,1.1247147722259698e-11,4.003660931200131e-11,-1.8882868521320737e-11,-1.3656122098083752e-12,2.843304433548271e-12,-1.3700029293368074e-11,-1.4218734003961074e-11,5.777086331853664e-14,-2.8967045675743736e-12,1.5241728171095013e-11,3.072030565237806e-11,-1.843818740573754e-11,-7.565575971579481e-12,-6.266616150726614e-12,-9.682844364440781e-12,-4.1553681883049885e-13,-1.7943924068754408e-12,-4.036882897570247e-12,1.3325052984020807e-11,3.8480142449132335e-11,-2.109155669465244e-11,3.2884782677451433e-12,2.9158391177989975e-12,-7.509607351606648e-13,-1.1894715227137533e-11,-9.945681069447485e-13,-2.2693318806572916e-12,1.2291768651422098e-11,3.6190877731960455e-11,-8.91742482297286e-12,6.254493351758268e-12,1.3589610980985218e-11,-8.400210709312529e-12,-6.343386647649108e-12,-1.7478383604874508e-12,-3.242914882988427e-13,1.2677843134612596e-11,1.5341548819940292e-11,1.3686630885124117e-11,1.8370541913443717e-11,2.1050783206311053e-11,8.01984177824705e-12,1.6309223508020754e-11,-5.89547033347918e-13,-5.998462145225255e-12,1.0070012215080339e-11,8.595237219935817e-12,2.8263593624737363e-12,1.5727162897091537e-11,1.9578141511467798e-11,8.538296198525521e-13,5.7286001142647875e-12,2.64276010319041e-12,7.319272041009523e-12,-3.6329065887308074e-12,-3.6719615531728204e-11,-1.6174820029392387e-12,-4.1970919681885624e-12,4.3669826736246784e-13,1.114725625960202e-11,1.3783575301057347e-11
F12treat_p3,5.845905241430252e-13,-6.099076599955923e-13,3.078641056315221e-12,8.829179559892064e-12,-3.996184984766028e-12,-1.6850686580873033e-12,-5.048470857884683e-13,7.64639613251894e-14,1.9881794093523804e-12,5.330822773325536e-13,2.3375238368380366e-13,2.782544197136746e-12,1.2072968229784923e-11,-4.873247989318084e-12,7.124161974527667e-13,-2.810013681850569e-13,-1.4246783243927555e-12,-2.235199188197887e-12,2.983994079453011e-13,-8.0326268480015e-13,3.927612060015218e-12,1.0902406390692105e-11,-5.28048277420797e-12,-1.213307239315023e-12,-1.3115163103136091e-12,2.291079061221341e-13,1.0627805131407412e-12,-1.8564425633612873e-13,-1.032239139091063e-12,3.3694413041301768e-12,1.1154055833212929e-11,-4.893102427794674e-12,2.848818999782877e-12,4.210848749904357e-12,1.9348415350689933e-12,-2.3272508331526435e-12,1.0793989855351614e-13,-5.124636962247148e-13,2.529682508394124e-12,1.1303617859724119e-11,-7.437953476173894e-13,3.0431014380623708e-12,5.294617123782629e-12,1.4965022510582163e-12,1.4593900125755314e-14,-5.327185753031516e-13,-3.940354083172198e-13,2.759801483905436e-12,5.7060381772987e-12,5.888419078564462e-12,9.177325104803786e-12,8.019841778246889e-12,1.0626668335113551e-11,7.95020113922168e-12,2.1292112261919838e-13,-2.2155242483999385e-12,2.4034342206570045e-12,3.3603208948277403e-12,2.3612498280615988e-12,7.510464181380843e-12,7.618460029582525e-12,3.2085548115627014e-12,1.8883790920122698e-12,5.506771410424384e-13,2.004103670042695e-12,-4.2974738601922055e-13,-1.2019162020862083e-11,-1.6118213710514201e-12,-2.433450908385263e-12,2.1505460549198215e-13,5.319543724287373e-13,3.9131336241915e-12
F12treat_p4,2.4232311871592515e-12,-1.1228473393218123e-12,1.3575368184948327e-11,2.7799723138569628e-11,-1.5231842023032388e-11,-3.823603863308153e-12,1.2550218993015781e-14,-1.1290944314643609e-11,2.9188401338505952e-12,1.3035249616004347e-12,-2.8661396051307834e-13,1.265281112313125e-11,4.2370465036388155e-11,-2.4276106194411972e-11,-5.8400012642545604e-12,-5.65025139884904e-12,-1.7992432184731056e-11,-9.66269423870731e-12,4.848864841053218e-13,-2.268298004001138e-12,1.7640675169047498e-11,3.342568780325593e-11,-2.0387773286751608e-11,-1.41680332971043e-11,-1.1970138495009635e-11,-1.1084380321312288e-11,1.1462470668806645e-12,-7.709563129674103e-13,-2.7847380553765583e-12,1.542361425028806e-11,4.242853862425706e-11,-2.1580607282092405e-11,7.515077175379324e-13,-1.6080552431859224e-12,-5.145681292283452e-12,-9.356020455828763e-12,-4.740248293146917e-13,-1.015800889003207e-12,1.4036307433797419e-11,4.090915787552834e-11,-7.790534884073124e-12,5.6013634796982395e-12,1.023934765372268e-11,-1.0154823784984166e-11,-4.2960776165733235e-12,-1.250798917345583e-12,6.246796533731472e-14,1.4775053929757613e-11,1.615885056968403e-11,1.5404025031063327e-11,1.9770963236726076e-11,1.630922350802093e-11,7.950201139221538e-12,2.2856971595255814e-11,-1.9136275234456728e-14,-6.422314488902686e-12,1.1361381402354537e-11,1.040541967208271e-11,5.334688158199971e-12,1.462087109111394e-11,1.578986598750552e-11,3.4206961195198036e-12,9.511237572020779e-12,2.0642239516102574e-12,6.174799310355914e-12,-5.821525058253608e-12,-4.090010612298881e-11,-4.474438761597796e-12,-4.654509305193437e-12,3.732708700976018e-12,1.2437628446005778e-11,1.038118715497596e-11
F8treat_m4,2.6282400318913476e-14,1.1187316446310329e-13,-2.459173771744007e-13,-5.851048182636585e-13,1.2266674925083646e-13,-5.247923960672372e-13,-8.060185820088494e-13,2.2720269101309823e-13,1.9388493415240897e-13,3.88456124850355e-14,5.2791127850858803e-14,-2.9729340087281386e-13,-1.1237616010708525e-12,2.791419856509771e-13,6.522865385089739e-14,-7.727517786445128e-13,1.6750107059277486e-13,9.430459211352144e-13,1.142209315849617e-14,-2.6934153306140877e-14,-4.616673342364535e-13,-5.368224808114154e-13,1.7372029940732589e-13,-4.906797067501742e-13,-2.441615097366346e-13,3.3772244543010136e-13,2.5742807855380444e-13,9.684994953433351e-14,1.3857497211486067e-13,-3.678250630807665e-13,-6.699992057964425e-13,3.58109862088693e-13,7.511895084831772e-14,-2.920188019194085e-14,3.565576440694475e-13,8.883358921813768e-13,-3.138104283444181e-16,1.097241407428376e-13,-3.477935014579963e-13,-8.287800352169717e-13,1.2565758201785089e-13,-5.170583245611738e-13,-5.506817355894955e-13,2.1412437607282004e-13,4.650416363039522e-13,1.5136568932143704e-13,7.46670786325864e-14,-1.191680871556078e-13,-4.1455532926219334e-13,-6.329667874618915e-13,-4.528422047120549e-13,-5.895470333478714e-13,2.1292112261918142e-13,-1.9136275234468235e-14,1.9420647238871962e-13,2.1261016158166163e-13,-3.113006607963154e-13,2.517447866932852e-13,-6.506501875096531e-14,-3.612874983818427e-13,-5.632349137432554e-13,1.1330059215421082e-14,3.960405371905987e-13,-1.4632102302224136e-13,-3.66855210581831e-13,-8.428270696098855e-14,6.662011455370608e-13,-3.241351800084262e-13,-3.346860118155007e-13,-4.545793019977646e-13,-9.014178813543797e-13,-1.0735845079909982e-12
F8treat_m3,-1.0661136873035895e-12,8.064951064822617e-13,-5.9862461561656965e-12,-1.2310845967660454e-11,5.723271176039484e-12,6.679251402204621e-14,-3.630978954201341e-13,5.448959719738923e-12,-9.327207294979585e-13,-3.996318491559929e-13,4.62181505434635e-13,-5.414275893828565e-12,-2.042930961999231e-11,9.766843320081217e-12,1.4454001631572568e-12,9.047083704002251e-13,7.095944477681902e-12,6.2939592881851705e-12,-6.868453873505234e-14,1.273368452750724e-12,-7.823650872674768e-12,-1.4880564412805335e-11,9.472914468056811e-12,3.5683974783424557e-12,4.448037906494072e-12,4.526600861796128e-12,-6.56901108725186e-13,5.744773780291249e-13,1.853663072659195e-12,-6.8153802670538285e-12,-1.8268412765477827e-11,9.821404999718775e-12,-1.5319044343040858e-12,-2.0323749385890344e-13,2.0135338535193853e-12,5.598817399736943e-12,2.7495132527945676e-15,9.142232151173604e-13,-5.921730262955933e-12,-1.7214021598229277e-11,3.899840407095784e-12,-2.9607719126706545e-12,-5.656161762978295e-12,5.6690131095136535e-12,1.2929558437517951e-12,9.38373428661027e-13,5.624546733877578e-13,-5.9112465056108964e-12,-6.9415952313311724e-12,-5.48315223762127e-12,-6.831831544465692e-12,-5.998462145225244e-12,-2.215524248399945e-12,-6.422314488902646e-12,2.1261016158169548e-13,3.5132887562606978e-12,-5.38268316779171e-12,-4.504970919059729e-12,-1.417170498526215e-12,-6.682441520435393e-12,-8.181249086762918e-12,-4.693955542574629e-14,-3.2872047291826297e-12,-1.1650205555310707e-12,-3.58191976088902e-12,2.1216006972759854e-12,1.8510799969141467e-11,1.5374368343027583e-12,2.4179951220937038e-12,-4.764941862572474e-13,-5.302785260479017e-12,-4.962118842818225e-12
F8treat_m2,2.170246356999623e-12,-1.1281868780876522e-12,1.2232256456279209e-11,2.3505724947047816e-11,-1.122005498101712e-11,-6.555963337339789e-13,2.5549431983262124e-12,-1.089412244806554e-11,1.8394581803476016e-12,9.062629399656208e-13,-7.747468805150835e-13,1.0937060224390765e-11,3.936281773187835e-11,-1.8231489524745636e-11,-5.608242201584664e-12,-1.6494320117665864e-12,-1.4475502543510244e-11,-1.2389181189853018e-11,1.3022827921781268e-13,-2.0901207880023313e-12,1.57390043283294e-11,2.819363370206932e-11,-1.74699695997902e-11,-8.664176627520948e-12,-7.896522903089346e-12,-9.987679785335486e-12,1.4583444775545165e-12,-7.191425812118126e-13,-3.1176402973337548e-12,1.359670608583745e-11,3.6445282303588375e-11,-1.8846032981613845e-11,1.8146653777212353e-12,6.446398700056849e-13,-2.6789717218311034e-12,-6.9895987376576576e-12,1.0631342401713703e-13,-1.5020296323887353e-12,1.1981316575818983e-11,3.40931604958537e-11,-7.579452233404264e-12,5.2951175365758025e-12,1.0532807423195257e-11,-1.1415886582886588e-11,-2.844083639452111e-12,-1.5235809483223178e-12,-9.260127419532041e-13,1.2414912137004415e-11,1.5000583355698123e-11,1.0580920303188782e-11,1.1271487462218743e-11,1.0070012215080305e-11,2.403434220657042e-12,1.1361381402354664e-11,-3.113006607963008e-13,-5.382683167791655e-12,1.2467061952564223e-11,9.808101146905994e-12,2.2155373586056952e-12,1.2316084363703661e-11,1.516192315582612e-11,6.641199539348777e-13,8.810084123696787e-12,1.977845723789487e-12,6.175631950522436e-12,-5.81608360619054e-12,-3.828866133488503e-11,-5.873847600615531e-12,-7.45768423818673e-12,-3.507082873571565e-12,5.955764145165738e-12,4.180350155618456e-12
F8treat_m1,1.7751365011023422e-12,-1.143399057601559e-12,9.57488288149403e-12,2.0933908155795484e-11,-8.346611142552223e-12,-3.7431217820831653e-13,-3.790374575822683e-13,-9.685425707609404e-12,1.0630317533666004e-12,7.518348832691581e-13,-1.0354277908265227e-12,7.988980340897935e-12,3.558419906299754e-11,-1.4858124219890046e-11,-1.5547243215876311e-12,-3.807990643774806e-12,-1.0523162443789285e-11,-7.689512890490273e-12,-2.0446224268722695e-13,-2.9344371089411484e-12,1.2401013470548788e-11,2.6866684289979862e-11,-1.6410302607472134e-11,-5.925918378304941e-12,-6.13149290631888e-12,-7.049312593346175e-12,4.370938111013266e-12,-8.23306905700192e-13,-3.131032303160223e-12,1.1487537699578055e-11,3.2816879514271484e-11,-1.6930414597563598e-11,4.466529951506147e-12,2.1682310710188324e-12,9.576965652130454e-15,-2.988573669119955e-12,3.83269083606391e-13,-9.322418721290521e-13,9.87650303941243e-12,2.966922715249689e-11,-5.3183764958925125e-12,3.996350743450963e-12,1.019847499527185e-11,-1.0210720371614745e-11,2.699949246589582e-12,-9.845406545163867e-13,-1.7772824513383733e-13,1.1537868452376353e-11,1.2316862981400477e-11,6.473962859276485e-12,9.46609070053241e-12,8.595237219935822e-12,3.3603208948278005e-12,1.0405419672082648e-11,2.5174478669325503e-13,-4.50497091905976e-12,9.808101146905815e-12,1.4574416598953178e-11,1.937696343643321e-12,1.2036977296802964e-11,1.4855898491112547e-11,5.561856493237161e-13,9.368433329998341e-12,1.6039366167648152e-12,5.459808268581575e-12,-4.208341765605935e-12,-3.3745577958327397e-11,-6.639416844516843e-12,-8.285199645336468e-12,-6.177970192127453e-12,3.3919404013889792e-12,-6.292524724721864e-13
F8treat_p0,9.239197512142143e-13,8.027989424352597e-13,3.3877115485546267e-12,5.128692690168164e-12,4.983950509511362e-12,2.637345792658369e-12,-2.3389758937871024e-12,-2.553642834404426e-12,5.246726926209604e-12,1.3828737501962605e-14,6.540675304453532e-13,2.0641174253881557e-12,8.320712613804254e-12,-1.1490536192606353e-12,-1.7658595259034257e-12,-1.30415714079068e-12,-3.1878908281957563e-12,-2.0617088238399546e-12,7.03987675959941e-13,9.570460882717197e-13,3.7421105555949204e-12,7.284423732298571e-12,1.442956757171616e-12,-1.0383825016304985e-12,-3.3816832205563644e-12,-1.9686970048807216e-12,5.717954038080686e-13,2.8355386594624274e-13,4.630800222480098e-13,3.0606857006710603e-12,7.500281582517694e-12,-2.1168525455663645e-13,9.042832927584909e-13,-2.1312935978696807e-12,-3.330843876535371e-12,-8.628729047160356e-13,2.370809480567351e-13,1.068749469210078e-12,3.2480593399542083e-12,6.392968439276116e-12,6.7501753518855424e-12,4.439476170572434e-12,3.2821584476534564e-12,-2.4273501301044623e-12,2.081126344634209e-12,-4.697802292454466e-13,-3.770338602513616e-14,2.5321461975416112e-12,2.035237471567643e-12,1.06910573925962e-11,7.222158045773076e-12,2.8263593624738248e-12,2.361249828061627e-12,5.334688158200291e-12,-6.506501875092888e-14,-1.4171704985260647e-12,2.2155373586055805e-12,1.9376963436423876e-12,1.1025308692078189e-11,2.3883376881591375e-12,2.8380156263527513e-12,2.092950310274129e-12,4.0207007289702505e-12,3.3414069796944106e-13,1.188402129489121e-13,-1.524465884256309e-12,-6.5326196079693414e-12,-6.265817903874145e-12,-8.637739509432672e-13,4.553858385595067e-12,5.1635994454700835e-12,2.2304201225647465e-12
F8treat_p1,2.157219010323214e-12,-1.896083703259431e-12,1.3525207370334993e-11,2.8938045247257948e-11,-1.1288254005960448e-11,3.4066938539033786e-12,6.242057257341199e-12,-9.070630747667615e-12,-6.381735543836752e-13,9.38636806455109e-13,-7.353446406776189e-13,1.2422559538176962e-11,4.5139003103741895e-11,-1.8968795692526484e-11,6.544889127118106e-13,7.565714842361807e-13,-1.2802694036870176e-11,-1.48767948643007e-11,8.826487914814903e-14,-3.0313487014916014e-12,1.637844433965491e-11,3.322368917109218e-11,-2.0648736887387495e-11,-4.7743113851430204e-12,-6.9994294741429596e-12,-9.87955183426239e-12,-4.711033047454933e-13,-1.071651888548249e-12,-4.093205652918645e-12,1.5146957429042313e-11,4.0421312681580115e-11,-2.108672011938496e-11,7.261178027078481e-12,5.742584357479501e-12,-1.1188462241243472e-13,-7.71139628058577e-12,1.7317489800124004e-13,-2.12360933046791e-12,1.2985235232407121e-11,3.9021043356769395e-11,-6.0523946147243485e-12,9.88974985065325e-12,1.6424194148016885e-11,-7.981571202432827e-12,-4.3915445076412465e-13,-1.8328485559173793e-12,-1.0321694910425077e-12,1.2511919890072615e-11,1.613932272480413e-11,1.2359246004430474e-11,1.7444759846502247e-11,1.5727162897091682e-11,7.51046418138067e-12,1.462087109111384e-11,-3.612874983818728e-13,-6.6824415204354086e-12,1.231608436370361e-11,1.2036977296802927e-11,2.388337688158898e-12,2.0686252751810836e-11,2.120366796944641e-11,2.5337372868141902e-12,7.860609077972883e-12,2.1198721437920923e-12,7.698361999310478e-12,-5.0234546353636875e-12,-4.298639471967155e-11,-7.021397881534213e-12,-1.2465010112509383e-11,-8.039390043296776e-12,3.991432080359048e-12,5.80578440401963e-12
F8treat_p2,2.615793864895492e-12,-2.781060033119992e-12,1.5642808914665586e-11,3.23878899195331e-11,-1.2399995617769524e-11,1.876380254075212e-12,7.477827001248085e-12,-1.3861324195456253e-11,4.901044065509288e-13,3.6900961859270416e-13,-1.776485177139806e-12,1.2713768191027426e-11,5.1092698656877774e-11,-2.2483139537884196e-11,-1.0378661105842072e-12,4.185427484783596e-12,-1.619038136007354e-11,-2.0999557431599106e-11,-4.699486047821253e-13,-4.2213989360985084e-12,1.8313800022691592e-11,3.7063243467549e-11,-2.592973329551381e-11,-7.972453073484133e-12,-1.0407451411337945e-11,-1.1898632736045327e-11,9.864146019992544e-13,-2.516243781414297e-12,-6.013661072247349e-12,1.618547146499908e-11,4.766273644981904e-11,-2.8248577158782994e-11,2.7916258681362495e-12,4.946173006665179e-12,9.926241926854237e-13,-1.1824885706977363e-11,-9.888725150872788e-13,-3.613714094829544e-12,1.3931988935540618e-11,4.36073457267477e-11,-1.3702751793590092e-11,4.419137969027546e-12,1.7233431459517627e-11,-1.493677118814642e-11,-4.198028259600866e-12,-2.525293509247544e-12,-1.1194873231773184e-12,1.5479526420729743e-11,1.864358191594508e-11,1.4096085405229212e-11,1.5578604911646614e-11,1.9578141511468703e-11,7.618460029582725e-12,1.578986598750553e-11,-5.632349137433264e-13,-8.18124908676304e-12,1.5161923155826097e-11,1.485589849111248e-11,2.838015626352898e-12,2.1203667969446533e-11,3.178373460727672e-11,4.4751390367257384e-13,7.964749312508809e-12,3.2185284451017288e-12,9.632421715870123e-12,-5.337796554724637e-12,-4.977848971873191e-11,-5.618079829151838e-12,-1.0233443869370981e-11,-9.193360525234796e-12,6.415587420624924e-12,6.7133841675883105e-12
F8treat_p3,1.6515473304757648e-15,2.593214688049756e-13,4.591211198793642e-13,2.285995742488491e-12,-1.5846131038597798e-15,1.0743882595263681e-12,8.40528771237881e-13,1.7059493634074277e-12,2.5525003881804345e-12,5.471455538035746e-13,5.893059668003451e-13,9.825705939739933e-13,2.1097247996932436e-12,-1.875907963029919e-12,1.48787019330819e-15,-2.2866723857558236e-12,-1.1930634600341429e-14,2.368611701552706e-12,3.817279840612553e-13,7.768451884969385e-13,1.165796346192513e-12,1.6349473655314733e-12,-4.972615635013846e-13,1.629833984691444e-12,-5.869622277472408e-14,-1.1588102672535325e-13,-1.052443295804712e-13,6.627333422539186e-13,7.246928375312601e-13,1.2358338151402456e-12,1.1626284815118025e-12,1.2328766928917322e-13,1.6028815213936167e-12,2.304927712758114e-13,-1.610577233860937e-12,1.3079289365067215e-12,6.995484899527277e-13,6.573865140951664e-13,1.0499416468549951e-12,2.675107412996207e-12,2.1296150299502837e-12,2.5598962113308887e-12,7.482101782317982e-13,2.3150166464827134e-12,1.4085337548479141e-12,7.861449740721859e-14,5.189077964136597e-14,-1.742308365606389e-13,1.3567280066744625e-12,2.693600998365449e-12,4.635154613052146e-12,8.538296198520588e-13,3.208554811562543e-12,3.420696119519783e-12,1.1330059215451088e-14,-4.693955542571549e-14,6.641199539347705e-13,5.561856493236795e-13,2.0929503102739932e-12,2.5337372868141705e-12,4.475139036719138e-13,4.55030162712009e-12,1.1324968185203851e-12,-2.8308638824948803e-13,-1.1934003972969434e-14,-4.2527859754232834e-13,-2.8301441921450888e-12,-2.599873552856574e-12,-2.7746438617806156e-12,-6.108403575856173e-13,-1.6422522009480187e-12,-1.362784939576155e-12
F8treat_p4,1.898246436274093e-12,-2.805557235816923e-13,8.644202398272522e-12,1.6467310895057742e-11,-6.204361966236267e-12,-5.562162254951392e-14,-2.7498903599531552e-12,-7.975188595115394e-12,4.033542335414265e-12,8.078730645892878e-13,-6.708567609817055e-13,7.395062577025449e-12,2.984561718400821e-11,-1.327510807983991e-11,-4.2943829249158665e-12,-3.3946165742972995e-12,-7.737731650992295e-12,-2.194508220511525e-12,-7.397246070829324e-15,-1.5354815213906114e-12,1.2182940026566582e-11,2.239756258878699e-11,-1.1216368406816518e-11,-3.1298520030168775e-12,-5.081408830080399e-12,-1.089207919907723e-12,6.099201346372485e-12,-4.222306725755488e-14,-1.5850499323697002e-12,1.0962950415810075e-11,2.8867854111256062e-11,-1.4268156819760295e-11,4.851664038664331e-12,-2.1943933311763866e-12,1.034269280963315e-12,3.887923072487187e-15,2.5180355251275203e-13,3.074597504094411e-14,9.841677204937109e-12,2.465084920170769e-11,-3.877017713263793e-12,5.915537190537228e-12,6.757081531399325e-12,-5.46266756809867e-12,1.4736453188410204e-12,-5.262473361249008e-13,1.9680737176437357e-14,1.0339016291508024e-11,9.657162663832264e-12,7.638039416627526e-12,9.423199014288277e-12,5.7286001142645484e-12,1.8883790920120024e-12,9.511237572020603e-12,3.96040537190598e-13,-3.287204729182668e-12,8.810084123696645e-12,9.368433329998372e-12,4.020700728970088e-12,7.86060907797302e-12,7.964749312508327e-12,1.1324968185202886e-12,1.4970000891380486e-11,1.0131270232721894e-12,3.465995772754026e-12,-4.841802161762686e-12,-2.7925695558674403e-11,-7.346413980242631e-12,-8.8056274899299e-12,-3.764388497182178e-12,1.191782942929319e-13,-2.530337582684047e-12
window_m4,3.7781223453302013e-13,-3.487800647425151e-13,2.1520024830011657e-12,4.253150678503268e-12,-2.013701208988563e-12,-2.106826689862469e-13,4.772016841239647e-13,-2.2414046053377225e-12,2.2932537675389285e-13,9.839235675046446e-14,-2.70689404554228e-13,1.882657672206609e-12,7.419812647812452e-12,-3.094584133468138e-12,-6.866047565980779e-13,8.898285471704835e-14,-2.5498971376150894e-12,-2.291130773228423e-12,-1.608696553071036e-14,-5.151283171853812e-13,2.815326060707554e-12,5.308687372063853e-12,-3.124043592636126e-12,-1.078930874162489e-12,-1.018694455980054e-12,-1.5865240068867583e-12,5.898970855289063e-13,-3.110927171091962e-13,-8.01364462621891e-13,2.336299576987026e-12,6.5243592069687e-12,-3.752478923772733e-12,2.926063430208747e-13,5.4773804673119466e-14,-3.3370699598819936e-13,-1.9864076619798917e-12,-1.0023300902775731e-13,-4.2979308261438907e-13,2.0650489734341045e-12,5.984860882349647e-12,-1.8341919343631924e-12,7.745166158550273e-13,1.968273197924411e-12,-2.0379543784434122e-12,-9.177396950388685e-13,-3.6745357374415066e-13,-1.7086015551629264e-13,2.3323552663717494e-12,2.7473960979970277e-12,1.9991893285683825e-12,2.1329217085543694e-12,2.642760103190407e-12,5.506771410424201e-13,2.0642239516101964e-12,-1.463210230222648e-13,-1.1650205555310814e-12,1.977845723789459e-12,1.603936616764724e-12,3.3414069796944636e-13,2.119872143792061e-12,3.2185284451016956e-12,-2.8308638824952196e-13,1.0131270232721213e-12,5.915010055755156e-13,1.527109227914064e-12,-4.894754004515573e-13,-6.3169423540494535e-12,3.904063959885089e-14,4.412406678272438e-14,7.085329191438071e-13,2.4555498448072306e-12,2.327052144245301e-12
window_m3,1.098948155762152e-12,-1.103421153580495e-12,6.555752401846471e-12,1.3380898220036075e-11,-6.316488681863139e-12,6.115401752165996e-13,2.1733266077840374e-12,-5.703472596012913e-12,5.808302654157034e-13,4.969771375400962e-13,-8.061171651590216e-13,5.989818528622231e-12,2.3184099524725823e-11,-9.956629157889443e-12,-1.0729368042650301e-12,-2.8916447750000816e-13,-6.4104101096742396e-12,-6.384305302364165e-12,-4.17294155424225e-14,-1.6316221034603236e-12,8.620167563664056e-12,1.616053539579042e-11,-1.0478323581151702e-11,-1.72942663454606e-12,-2.6196594128248124e-12,-4.53433468576832e-12,2.0662071797569516e-12,-7.067902579432237e-13,-2.370263828387503e-12,7.633999272119991e-12,1.9665224180667662e-11,-1.1708045606150626e-11,2.3993326632175323e-12,8.487144279621561e-13,-6.701333831069887e-13,-5.33090531844142e-12,1.2010699681094426e-13,-1.2125348905366744e-12,6.556606888099846e-12,1.8357014393895724e-11,-5.631647362682763e-12,3.1973085365428234e-12,6.367858971124181e-12,-5.288679810039388e-12,-1.1064577279541203e-12,-9.805756960123983e-13,-6.432183634368656e-13,6.675587955989491e-12,8.460572935938183e-12,5.303378533035863e-12,6.847154283261719e-12,7.319272041009526e-12,2.0041036700427066e-12,6.174799310355892e-12,-3.668552105818493e-13,-3.5819197608889923e-12,6.175631950522431e-12,5.459808268581481e-12,1.188402129489321e-13,7.698361999310446e-12,9.632421715870084e-12,-1.1934003972931774e-14,3.4659957727539873e-12,1.5271092279140582e-12,4.792909039679387e-12,-1.4962913250324511e-12,-1.9934543216885782e-11,-6.603744844503688e-13,-2.183186517583624e-12,-1.4507268828716567e-13,5.101362801227009e-12,4.963943783358032e-12
window_m2,-1.0627108318242474e-12,1.3769297266577312e-13,-6.006924722357352e-12,-1.0890744502249132e-11,6.264238149883722e-12,1.6266525354797493e-12,2.204898504755489e-13,6.025810834914134e-12,-2.568552216852719e-13,-3.8203136069978525e-13,4.2392029260348936e-14,-5.387251289033958e-12,-1.7401691056726576e-11,9.900154973609483e-12,3.805659769613405e-12,1.8506677867291115e-12,9.435814781735724e-12,5.964701525938059e-12,-1.5679337115174764e-13,7.051404880345284e-13,-7.337698180624197e-12,-1.3127817122906332e-11,8.21561144161142e-12,7.2551495969178265e-12,6.054261885149023e-12,6.5406772001149506e-12,1.6923105429724652e-12,1.0298255283316795e-13,8.581326417183921e-13,-6.2766367941875985e-12,-1.821302463378989e-11,7.430166594486306e-12,-2.39115720369452e-13,5.013207914160691e-13,2.8548652359460366e-12,3.1518088439172387e-12,1.1420407466674798e-13,4.204272484195485e-13,-5.8288791693869955e-12,-1.7424840126052618e-11,1.5440978655200304e-12,-2.5540119859188764e-12,-4.751654174707208e-12,6.401073926450706e-12,2.1949006379681776e-12,6.06381757532979e-13,2.3375637004629716e-13,-6.0512257753668e-12,-6.312504718432575e-12,-4.795908378092315e-12,-5.509712597811383e-12,-3.6329065887307205e-12,-4.2974738601914604e-13,-5.821525058253619e-12,-8.428270696102724e-14,2.121600697275909e-12,-5.816083606190406e-12,-4.2083417656058286e-12,-1.5244658842563083e-12,-5.023454635363662e-12,-5.337796554724566e-12,-4.25278597542295e-13,-4.8418021617627194e-12,-4.894754004515734e-13,-1.496291325032411e-12,4.657924480587435e-12,1.952506365143239e-11,5.213659412383662e-12,5.756348914986649e-12,3.304497784682746e-12,-1.6313886058792498e-12,-5.846950165752106e-13
window_m1,-7.106707160668605e-12,3.592151593054476e-12,-3.990133557745436e-11,-8.079760445790781e-11,4.2136065751271766e-11,5.394478873139509e-12,-3.4545163821025258e-12,3.886422087984564e-11,-2.1016954311278396e-12,-3.0685769158666413e-12,2.3587919588269992e-12,-3.589776918358452e-11,-1.349662101029964e-10,6.583649112430462e-11,1.657673888898275e-11,8.349231016160081e-12,5.358032806489653e-11,4.049723114004809e-11,-5.937099185671373e-13,7.30311992632962e-12,-5.201703066139825e-11,-9.9865490276963e-11,6.121479075747259e-11,3.015394048955988e-11,3.01006434368696e-11,3.550316084308765e-11,-5.283810828467649e-13,2.500209305143284e-12,1.0412481561728157e-11,-4.4570815602038115e-11,-1.2593088872404737e-10,6.14026655875442e-11,-9.54898380517408e-12,-2.530215303666462e-12,1.2286897962468587e-11,2.7776098992738834e-11,-4.1053774259852207e-13,4.821833787666985e-12,-3.9432144091142796e-11,-1.197094017590229e-10,1.955948241138243e-11,-2.048363273482998e-11,-3.8472358169317294e-11,3.657094445343168e-11,8.529449780339238e-12,5.462379405501573e-12,2.6547046900935762e-12,-4.084612834534867e-11,-4.837116601068688e-11,-3.319683205539294e-11,-4.337132949685788e-11,-3.671961553172824e-11,-1.2019162020862235e-11,-4.090010612298885e-11,6.662011455371352e-13,1.8510799969141558e-11,-3.828866133488503e-11,-3.3745577958328036e-11,-6.5326196079697195e-12,-4.2986394719671416e-11,-4.977848971873201e-11,-2.8301441921452685e-12,-2.7925695558674332e-11,-6.316942354049555e-12,-1.9934543216885853e-11,1.95250636514326e-11,1.3222903037066766e-10,2.257658411208334e-11,2.8891325739526424e-11,1.378573435549745e-11,-1.9533484641282065e-11,-1.753047915660147e-11
window_p0,-1.3562177980630693e-12,-1.0087014905720779e-12,-6.357621660312719e-12,-1.1245109413039611e-11,1.4725109150962934e-12,-1.6389944425770316e-12,1.7045715869489533e-12,6.271836721031688e-12,-1.5454909480143716e-12,-5.38049355230733e-13,-5.117868275259966e-13,-5.0643322859520876e-12,-1.9713641244857614e-11,8.11270618490133e-12,3.5644309939459396e-12,3.975468189763186e-12,9.745876833687452e-12,5.783488769364164e-12,-5.728170649072617e-13,-3.142569579500124e-13,-7.170531332882957e-12,-1.52693162421481e-11,6.140383421553398e-12,4.206988757810049e-12,7.551067929225096e-12,7.904084379625303e-12,3.0428990360887783e-12,-6.431062301727364e-13,1.2001663808530567e-13,-6.108251152849037e-12,-1.7742159391167874e-11,3.267631820607114e-12,-3.540508426775856e-12,4.976349670656624e-14,3.780861502183553e-12,1.8895281638555713e-14,-1.0052769826810312e-12,-6.998956550875593e-13,-5.869830190390409e-12,-1.7877944206446942e-11,-8.547050695256345e-12,-6.640344781509239e-12,-7.433264962072105e-12,4.416338804287185e-12,-4.280417418149343e-12,7.386378012702086e-13,5.891090056889083e-13,-4.75256397773901e-12,-5.8127235882609306e-12,-8.405290743195873e-12,-7.640766551830336e-12,-1.6174820029392557e-12,-1.611821371051344e-12,-4.474438761597858e-12,-3.2413518000845957e-13,1.5374368343026254e-12,-5.873847600615494e-12,-6.63941684451653e-12,-6.265817903874009e-12,-7.0213978815340656e-12,-5.618079829151611e-12,-2.599873552856567e-12,-7.346413980242433e-12,3.9040639598868807e-14,-6.603744844503811e-13,5.213659412383603e-12,2.2576584112083354e-11,1.552786397422221e-11,1.4219150148584244e-11,1.1252353411392964e-11,6.722765600916887e-12,7.092177622226122e-12
window_p1,-1.249786513780983e-12,1.9089603095010442e-13,-7.409686334227247e-12,-1.4813763777842807e-11,5.71358889783301e-12,-3.981825557746445e-12,-1.8806022309328657e-12,6.366892491987343e-12,1.7270171497459255e-12,-6.603638637440193e-13,2.652272102761455e-13,-6.413843044353704e-12,-2.447783744869408e-11,1.2461118382495437e-11,-1.8171564982228357e-14,7.266700386392761e-13,8.454818775747522e-12,8.052416256734608e-12,-4.156164449701723e-14,1.209462517377462e-12,-8.29719183946896e-12,-1.7788135768088164e-11,1.2982035827646862e-11,1.1810281084286485e-12,7.053787625284519e-12,7.798669883675341e-12,3.012597539923851e-12,-2.1344942092950455e-13,1.5434633595965192e-12,-7.878079710396012e-12,-2.258568150238639e-11,9.55101341249832e-12,-7.392613921539059e-12,-3.339648141795683e-12,-1.5985898734117338e-13,1.0921895440753307e-13,-9.064115499868083e-13,7.090819268235508e-13,-6.768476433088592e-12,-2.193045090246215e-11,-1.4403854265967392e-12,-7.733562114630074e-12,-1.0576124252989695e-11,4.476732715562313e-12,-4.2445091319800884e-12,8.992359637513004e-13,8.498655867872003e-13,-5.582805854202666e-12,-7.0178268154204476e-12,-4.082406735275256e-12,-9.196852821043157e-12,-4.19709196818863e-12,-2.4334509083853484e-12,-4.65450930519338e-12,-3.346860118154775e-13,2.4179951220937143e-12,-7.457684238186719e-12,-8.285199645336371e-12,-8.637739509430312e-13,-1.2465010112509228e-11,-1.0233443869370968e-11,-2.7746438617809254e-12,-8.805627489929746e-12,4.4124066782687796e-14,-2.183186517583663e-12,5.756348914986653e-12,2.8891325739526457e-11,1.4219150148584435e-11,2.0873861997999245e-11,1.985899921559701e-11,1.2460810201798655e-11,1.0332696331927786e-11
window_p2,-2.0384674108558311e-13,3.1289613330848217e-13,-2.0985133757172173e-12,-4.078060891124721e-12,1.1679602667850746e-12,-4.232893137839912e-12,-5.149241911725696e-12,2.296598538276971e-12,5.166516199982454e-12,1.1242740971336037e-14,5.939164293715704e-13,-1.0596052061522942e-12,-6.42693260772479e-12,3.435438180497635e-12,-2.6144061809612756e-12,-3.999545715513046e-12,1.2397601347951253e-12,6.5165017377172e-12,5.515356189078489e-13,1.3013389738728152e-12,-4.257468690879908e-13,-3.764705620072512e-12,7.761274453242383e-12,-1.6396986001509433e-12,2.2627402649602644e-12,4.8108412842975126e-12,3.3047031765795406e-12,8.914886511193667e-14,1.3895004601846348e-12,-9.038810983239878e-13,-6.47576281598441e-12,3.875787056590299e-12,-4.34741642916207e-12,-7.099148494638313e-12,-5.899396561257067e-12,-5.7371783951611856e-12,-4.75289235286331e-13,1.2468814776197911e-12,-3.427391065671115e-13,-5.786422102096194e-12,3.237085738014634e-14,-1.5168748299437646e-12,-7.182697910570273e-12,1.5162385724167456e-12,-5.385725810781571e-12,3.5310564522793513e-13,7.433156026042248e-13,-4.566785461495465e-13,-1.3346883573589896e-12,4.376348684233953e-12,1.352557150179439e-12,4.366982673620838e-13,2.1505460549193336e-13,3.7327087009761695e-12,-4.545793019977447e-13,-4.764941862572561e-13,-3.5070828735715723e-12,-6.177970192127379e-12,4.553858385595122e-12,-8.039390043296613e-12,-9.193360525234283e-12,-6.108403575860315e-13,-3.764388497182433e-12,7.085329191437954e-13,-1.450726882871554e-13,3.3044977846827632e-12,1.378573435549738e-11,1.1252353411393018e-11,1.9858999215596872e-11,2.737159679130072e-11,2.1218430080684018e-11,1.8514378909074466e-11
window_p3,1.4031532563302024e-12,-1.1180972884140333e-12,7.834918237193885e-12,1.732629682370828e-11,-8.371975454568813e-12,-3.644997979641309e-12,-3.5803359393427826e-13,-8.998969956514519e-12,1.8045370187028049e-12,3.1297803787080524e-13,-2.681904288035345e-13,7.453182883415888e-12,2.7641989100058315e-11,-1.2125591722659801e-11,-4.0343129000168026e-12,-2.2101035267072193e-12,-1.377199108820145e-11,-7.90813714684754e-12,4.871374138951779e-13,-1.2544817525902417e-12,1.1590734372482486e-11,2.149439296446755e-11,-7.991342276563917e-12,-1.0218244267677582e-11,-5.374519390054631e-12,-7.77283729370159e-12,6.006937344048677e-14,-1.1918226204458755e-12,-2.1091288687221076e-12,9.389674560657874e-12,2.5087910727509064e-11,-1.2358875226801007e-11,-2.2893607974797034e-12,-3.6124845309922217e-12,-1.0130936839461077e-11,-1.4263076373771272e-11,-7.565791424435842e-13,-8.397774879918711e-13,8.799473140735465e-12,2.3721623255248592e-11,-5.96176599941897e-12,3.6201790141704467e-12,5.823254973175776e-12,-1.1446615196563523e-11,-8.78705188323231e-12,-1.4904743857929663e-12,1.5026379256353954e-13,9.35198088076301e-12,9.410220083020615e-12,1.0376616666114663e-11,1.2239793791849079e-11,1.1147256259602082e-11,5.319543724288793e-13,1.2437628446005566e-11,-9.014178813544148e-13,-5.3027852604790624e-12,5.95576414516576e-12,3.391940401389095e-12,5.163599445470093e-12,3.991432080358686e-12,6.415587420625106e-12,-1.6422522009480385e-12,1.191782942925168e-13,2.455549844807209e-12,5.1013628012270315e-12,-1.6313886058791476e-12,-1.9533484641282282e-11,6.72276560091692e-12,1.2460810201798729e-11,2.121843008068404e-11,2.9898134759085454e-11,2.529669072452048e-11
window_p4,1.1171020926225691e-12,-1.1987361985398647e-12,6.886188822407282e-12,1.658458438561007e-11,-1.0061168725801883e-11,-3.608133171830327e-12,2.1463708542024515e-12,-6.161580519414162e-12,-1.3108202176579043e-12,1.9058751385345103e-13,-2.912254959556074e-14,7.364089788814786e-12,2.5298186183954967e-11,-1.0781118042631252e-11,-2.1838133746103633e-12,1.0484925932194131e-12,-1.1925723326665247e-11,-9.321790649160604e-12,5.32081148870807e-13,-8.587560471919798e-13,1.0378868511777097e-11,2.0201972767717878e-11,-6.7415073236358145e-12,-7.239344891794104e-12,-3.639669988009648e-12,-4.443782889989342e-12,-3.997425860388535e-12,-1.3165440477745074e-12,-2.075593284364136e-12,8.087915258254e-12,2.2094471484054166e-11,-1.0316739682569737e-11,-7.981689192308426e-13,-1.567729444507038e-12,-7.962756332100365e-12,-1.680323243347758e-11,-9.738732771509756e-13,-1.2569996246127853e-12,7.69658911462677e-12,2.2655490196064433e-11,-4.306415570227063e-12,5.6355959144188236e-12,7.315944899438592e-12,-4.7759771534099685e-12,-1.1623311010013756e-11,-1.7133999089633316e-12,-1.700360604342168e-13,6.792821194563439e-12,8.777711609349561e-12,1.0097438416013621e-11,1.3475435900990636e-11,1.3783575301057304e-11,3.9131336241914766e-12,1.0381187154976069e-11,-1.0735845079910687e-12,-4.962118842818287e-12,4.180350155618586e-12,-6.292524724723082e-13,2.2304201225649137e-12,5.805784404019479e-12,6.713384167588342e-12,-1.3627849395763496e-12,-2.5303375826842382e-12,2.3270521442452603e-12,4.9639437833580366e-12,-5.846950165752245e-13,-1.7530479156601315e-11,7.092177622226229e-12,1.0332696331927817e-11,1.851437890907461e-11,2.5296690724520398e-11,2.9157349142347367e-11
