,treat_m4,treat_m3,treat_m2,treat_m1,treat_p0,treat_p1,treat_p2,treat_p3,treat_p4,L4treat_m4,L4treat_m3,L4treat_m2,L4treat_m1,L4treat_p0,L4treat_p1,L4treat_p2,L4treat_p3,L4treat_p4,L8treat_m4,L8treat_m3,L8treat_m2,L8treat_m1,L8treat_p0,L8treat_p1,L8treat_p2,L8treat_p3,L8treat_p4,L12treat_m4,L12treat_m3,L12treat_m2,L12treat_m1,L12treat_p0,L12treat_p1,L12treat_p2,L12treat_p3,L12treat_p4,L16treat_m4,L16treat_m3,L16treat_m2,L16treat_m1,L16treat_p0,L16treat_p1,L16treat_p2,L16treat_p3,L16treat_p4,F12treat_m4,F12treat_m3,F12treat_m2,F12treat_m1,F12treat_p0,F12treat_p1,F12treat_p2,F12treat_p3,F12treat_p4,F8treat_m4,F8treat_m3,F8treat_m2,F8treat_m1,F8treat_p0,F8treat_p1,F8treat_p2,F8treat_p3,F8treat_p4,window_m4,window_m3,window_m2,window_m1,window_p0,window_p1,window_p2,window_p3,window_p4
treat_m4,6.631756638040137e-11,7.870682546040282e-11,1.1053429098965149e-10,4.556944161294783e-10,-5.464740640311745e-10,-2.4941787261452847e-10,3.046078580750069e-11,3.2482801659486677e-11,1.215384816612428e-10,1.9956831262712302e-11,-1.4480422012823977e-12,-1.1636846957681936e-10,6.723662511687554e-10,-3.610134795849378e-10,-1.1847468549120796e-10,-7.830211294843558e-11,1.941232446534523e-10,2.02808819728155e-10,4.987980105664144e-11,2.6822128145480896e-11,7.403015040821717e-11,5.700653626037722e-10,-3.4260919647002273e-10,2.365982700998867e-11,-2.503203327885329e-10,2.6553190898171527e-10,5.977059516263348e-11,7.586550326663279e-11,7.571178374955416e-11,2.725288628260629e-11,5.644474849228899e-10,-4.0241475735479853e-10,-1.6845535201773288e-11,1.3260694639026782e-10,-5.766320394106811e-12,-3.9110353577380376e-11,4.7842169949076447e-11,5.917062611778208e-11,9.015594181290815e-11,4.020145512223835e-10,-1.9359739954465755e-10,1.5471059709417573e-10,1.506557442807469e-10,8.322436163210731e-11,-1.8700271566563194e-11,1.2755037546173829e-11,7.53249799406903e-11,1.527886819699743e-10,6.901886411067162e-11,-2.6745845773043936e-11,-1.9826203367702652e-10,-1.5899168487706242e-10,1.254950151798286e-10,4.801090031919098e-11,-2.667093337304106e-11,1.0653652883464279e-11,1.3776579633141747e-11,1.1020250067685673e-10,-2.0658177061025648e-10,-1.3038209782231065e-10,-1.117221740341229e-10,-1.8597891107870135e-11,1.1198277609412702e-10,-1.6148292486975318e-11,2.6474909705254724e-11,-4.818202940912533e-11,-5.948298338697063e-10,2.033350185652787e-10,1.2358833050718483e-10,8.764180932199601e-11,-2.5082310395074997e-11,-3.689444353466561e-11
treat_m3,7.87068254604024e-11,2.3141900756776485e-10,1.0369879560952463e-10,5.616053940853466e-10,-9.229731711625383e-10,-7.059969994905786e-11,4.959475082616547e-11,-2.1852845503797557e-10,3.9724186816091545e-11,6.125094915286295e-11,-1.077822952370828e-12,-2.2716228307805077e-10,9.41755934395306e-10,-4.730588302727609e-10,4.0499456323239984e-11,-1.8472666292589952e-10,1.0827517024935708e-10,2.2390775501903605e-10,6.667933261802925e-11,1.013210836284679e-10,-6.802307059240635e-11,6.092979557659462e-10,-8.003877701646308e-10,1.7479664807892594e-10,-4.548874597936676e-10,3.1700400830182893e-10,7.077389043117287e-11,1.2332867648033043e-10,2.018027840788257e-10,-3.6130429757070766e-11,7.510353220298657e-10,-6.867371565464899e-10,7.841052186394795e-11,2.0212273284029796e-10,-3.31983960097316e-10,-2.597060371662165e-10,7.950289571569726e-11,1.4623852572576103e-10,2.570160424011371e-11,2.271349920197936e-10,-4.770430479051631e-10,6.352641240942825e-10,3.828376858112877e-10,1.5445674596442118e-10,7.247685214626532e-11,-1.7022754602056235e-11,1.0858040530388223e-10,1.335930324860391e-10,-1.0807973663829096e-11,2.6895713944982918e-11,-1.4441062280846131e-10,-5.341699426545245e-10,1.3423931387046178e-10,8.729027327032192e-12,-4.990322171946553e-11,3.2231350208239655e-11,-1.4944379222606368e-11,2.7788426054345857e-10,-1.5150823879562854e-10,-1.6223098517584183e-10,-2.550653440255915e-10,1.8423766260514287e-11,-1.2481970706335672e-11,-1.1504250481683606e-11,1.473124971983951e-11,-2.3915521432178728e-11,-7.285649081477743e-10,2.5577605362150436e-10,-1.2620093795649208e-10,1.243781809685642e-10,4.5087954800824025e-11,-1.7216778564513203e-11
treat_m2,1.1053429098965005e-10,1.0369879560952593e-10,1.0196588076193043e-09,1.305831442108442e-09,-2.4314374279299834e-09,-6.232536738991249e-10,1.5237272754872537e-10,1.0709435391872675e-10,5.089077257374671e-10,-4.6440433791901626e-11,-2.699013186011831e-11,2.922987178338922e-10,1.8100295195752888e-09,-1.4589939986870367e-09,1.7895336481011413e-10,-3.35907122951775e-10,7.297738655762613e-10,1.0022664295365542e-09,1.1880498564055982e-10,-4.576743344585985e-12,7.037831879592062e-10,1.448516417860093e-09,-1.3972462051384244e-09,3.5325412530743343e-10,-1.2443484987501382e-09,5.488393473973863e-10,3.5305973979191377e-10,2.6207660449165503e-10,4.8110909556469695e-11,5.750111534486022e-10,1.4570402486953427e-09,-1.1731082395558548e-09,7.822110272483434e-10,4.0810286270343597e-10,2.2396161384871723e-10,5.864827090468387e-10,1.3307637765566158e-10,2.8185474291444516e-11,7.875135092070667e-10,1.1612522376552746e-09,-6.38457601581685e-10,6.562710032285135e-10,3.1822337072384526e-10,6.18896297550273e-11,1.4659395746517524e-10,1.0590953155978745e-11,2.7335306550591907e-10,9.213862052225702e-10,-3.2799187642767114e-10,-1.292025350979001e-10,-1.5350154675837786e-10,-4.5567766602976315e-10,7.579283290236093e-10,6.080039144476494e-10,-6.542183919497787e-11,1.6084199535397438e-11,2.7946000892989095e-10,1.822793298145111e-11,-4.514704043625323e-10,-3.230858480114825e-11,-7.744911863322612e-10,3.1025736492498963e-10,6.170770992525432e-10,-6.7692234097400336e-12,2.0499278988169182e-10,-4.054096286156419e-10,-1.715058191251248e-09,5.378010557911993e-10,-1.1533064381547799e-11,3.5384796261683993e-10,-7.70653117475601e-11,-4.5332712667160245e-10
treat_m1,4.5569441612947297e-10,5.616053940853279e-10,1.305831442108463e-09,6.6237667497137355e-09,-7.80948424753274e-09,-4.2608176381538115e-09,7.129400820138774e-10,2.9405117390902577e-12,4.693669199230802e-10,7.08469836026861e-11,-1.2496519711288902e-11,-1.8393950740152586e-09,9.770191300638326e-09,-4.160267551467233e-09,-2.533247480386232e-09,-4.2235587928635166e-10,2.7148478011412943e-09,2.5878662887815016e-09,6.102014883406766e-10,1.131832449488711e-11,6.972813752773064e-10,8.6691491220032e-09,-4.636941366082811e-09,5.203437603828805e-10,-2.8380943337631065e-09,2.4314332025514017e-09,1.9050436819673175e-10,1.0924035186946952e-09,8.348053803369173e-10,1.4099195480119166e-10,8.230568354565618e-09,-4.951746205160805e-09,-1.3362227206060713e-10,2.1876440122187416e-09,8.493904720145326e-10,-4.708484581858161e-10,5.491803512820796e-10,3.1251061990109775e-10,9.45002352588444e-10,6.218850094952207e-09,-3.265993694907252e-09,1.680953021391764e-09,3.3905456060266683e-09,7.630393979631629e-10,-4.95636019108814e-10,2.1784697882347123e-10,9.390537181810594e-10,2.973065763660973e-09,1.1096386564321243e-09,2.770845024088556e-10,-2.1930634591449165e-09,-1.6667193260010306e-09,4.6114573428021e-10,7.33770832408184e-10,-5.04676450630211e-10,-8.843163144144829e-11,7.040247822117015e-10,1.989099782078249e-09,-2.776920480846737e-09,-1.867762370701394e-09,-1.50906214155427e-09,-1.2399644934689993e-09,1.5454562147806722e-09,-2.262547389079773e-10,6.57543342776079e-10,-1.0260749227307742e-09,-9.32188240924275e-09,2.793836330696056e-09,2.4517095215646526e-09,1.0179207712084146e-09,4.168933961124983e-10,-2.405388928141339e-10
treat_p0,-5.464740640311695e-10,-9.229731711625273e-10,-2.4314374279299875e-09,-7.809484247532719e-09,1.4490191311300542e-08,5.103090029170875e-09,-7.036672565532337e-10,8.02386038429619e-11,-2.057856225997605e-09,-6.4233933640645435e-12,1.9113216662066808e-10,1.7617543810366202e-09,-1.1575551476251658e-08,8.59465633067416e-09,2.511708834870296e-09,1.4599527324848122e-09,-3.503482942723371e-09,-4.426847414261052e-09,-5.522719792778585e-10,-1.8094660814009124e-10,-1.4663604400837334e-09,-1.058204834482925e-08,9.666152183891257e-09,-3.057016421433544e-10,5.238200954172363e-09,-2.405742476591278e-09,-3.3883702476206183e-10,-1.34006922147445e-09,-1.4592854786294874e-09,-9.703442457666088e-10,-1.0243850371892859e-08,1.0435914291766357e-08,-4.989316596001546e-10,-2.5515474620278298e-09,-2.5599755400272315e-10,-1.2158215532050682e-09,-7.487829960957969e-10,-9.065088269338401e-10,-1.918994310925765e-09,-6.957510305277375e-09,6.318227206362836e-09,-3.4625001022791337e-09,-4.525389341457126e-09,-4.391597570310056e-10,-4.0006803050659307e-10,-1.1797257102070178e-11,-1.566702839530297e-09,-4.14895236725046e-09,4.625357674264288e-10,7.570560901017783e-10,2.184800895636129e-09,2.726915970969867e-09,-2.108705241790313e-09,-1.760896009369167e-09,8.318415013801958e-10,-1.2290291486649033e-10,-8.794220942704669e-10,-1.668938793766044e-09,4.124468980289676e-09,2.5428720946137255e-09,3.1148425273149906e-09,-3.244661932470259e-10,-1.625564547767265e-09,-6.118848826061129e-12,-7.513243610583292e-10,1.1580857015866792e-09,1.1347652393709929e-08,-4.7955890211836845e-09,-1.733012870287008e-09,-1.5288993949995902e-09,-5.281359851548172e-10,1.1910033438426025e-09
treat_p1,-2.4941787261452547e-10,-7.059969994905342e-11,-6.232536738991211e-10,-4.2608176381537924e-09,5.103090029170866e-09,6.284123142830192e-09,-1.2380787898305867e-09,-9.517846743546002e-10,-4.782170633445927e-10,3.3261041286371217e-10,-5.339012328660931e-10,1.3050959503634929e-09,-6.776370740609561e-09,2.8734572530350817e-09,4.673106859852689e-09,-2.682938970730509e-10,-1.7186022273676423e-09,-2.9182502820910476e-09,-3.0441842382725474e-10,1.521007404533584e-10,-8.339282793445646e-10,-6.863885440507869e-09,1.2289030935642068e-09,1.7710783320475912e-09,1.963680288463744e-09,-6.387912628709781e-10,-5.141843332267882e-10,-7.060535370436038e-10,-5.669565835101729e-10,-2.7150415175126494e-10,-6.091104252973266e-09,2.556949805875667e-09,2.9155360576284805e-09,-1.5516098986441918e-09,-1.405266676025775e-09,-1.2308593647825599e-09,-1.1983032435768796e-10,-3.1238550474871264e-10,-6.459497136753695e-10,-6.435191247926618e-09,9.970209500197206e-10,2.3568977298354155e-09,-2.69299509829065e-09,4.319441952524951e-10,-1.0045524525011669e-10,-3.4879495607053864e-10,-1.0446626541617066e-09,-2.3652680355849537e-09,-1.686490721402979e-09,-9.887149043127854e-10,3.158069400006418e-09,1.0637894278444077e-10,5.04322355052133e-10,-6.081781482570736e-10,3.1028441364309097e-10,-1.4750279750906418e-10,-4.310667461807846e-10,-6.46803584581875e-10,1.7404075346583457e-09,1.325340365007714e-09,8.608472158856471e-10,2.5494333704417482e-09,-2.0122560432565062e-09,1.1574278960619512e-10,-2.778246583293452e-10,7.025023554061176e-10,7.881010206546332e-09,-1.327152326535332e-09,-4.679921030425183e-09,2.8608855303945468e-11,-8.878078805386746e-10,5.00993622404425e-10
treat_p2,3.0460785807500265e-11,4.9594750826166847e-11,1.52372727548729e-10,7.12940082013871e-10,-7.036672565532136e-10,-1.2380787898305919e-09,1.4304865865363423e-09,-8.93929203225375e-12,-5.941920893100867e-13,-1.3826703994419051e-10,1.5665293971689817e-10,9.285723282595731e-12,1.587966609206486e-09,-2.89157629024826e-10,-1.0029618055033922e-09,1.1208791507088726e-09,-2.547355587742772e-10,9.749131438588871e-10,8.778968597916978e-11,-1.929236452964779e-10,2.6121318865948373e-10,8.438608109652481e-10,1.645904275120276e-10,-1.6780537008713708e-10,1.937181583819311e-10,-3.280507366929324e-10,5.065320335501867e-10,9.21307928193517e-11,3.762173663787407e-12,2.2052323475671488e-10,7.999189385567398e-10,-5.1034065231357724e-11,-6.907517709027905e-10,1.0175314621891438e-09,6.415520054914102e-11,3.9673845686867344e-10,-2.4753184698879518e-11,-9.373200071094724e-12,1.5353937755134746e-10,1.3980509286918037e-09,1.502528864192255e-11,-1.3232072470895716e-10,1.591946608398759e-09,-2.1053779400278355e-10,5.873543504108385e-10,1.0002409065397996e-10,1.9076345747814461e-10,4.298039860903728e-10,5.28313565779495e-10,7.766813809678373e-10,-4.4164658762396063e-10,4.165212617025566e-10,-7.355915158511372e-10,2.7405081362093473e-10,-6.258388551639944e-12,-4.200486787570676e-11,-9.749982591190165e-11,2.743558219270228e-10,6.620947293790673e-11,4.123346661838168e-10,4.4524673102477653e-10,-1.03547413173337e-09,6.497877898805883e-10,1.9297947192950047e-12,1.7204020820726538e-10,-9.132198683046214e-11,-1.7090088117492624e-09,-2.500516187284511e-10,6.731269560965108e-10,-9.99001102358295e-10,4.136482028691495e-10,-2.679922366844015e-10
treat_p3,3.248280165948821e-11,-2.1852845503797257e-10,1.0709435391873006e-10,2.940511739088154e-12,8.023860384296494e-11,-9.51784674354602e-10,-8.939292032257592e-12,1.7379829835657095e-09,2.0343547093950484e-10,-1.1856934293223108e-10,-1.294903499097395e-12,3.533457206013117e-10,6.8706378518437035e-12,-1.965970916542869e-10,-9.159101376109077e-10,1.4051947548084514e-10,7.078666593175816e-10,4.5005658051571974e-11,-1.0085504300069075e-10,-2.1060344927558083e-10,5.967645013647189e-10,3.4524922290436204e-10,-1.5380999885464505e-10,-8.95448310433507e-10,-6.313294803481055e-11,4.857903084619857e-10,-8.055202355847266e-11,-9.367616695233494e-11,-2.4486317640813665e-10,3.9743072866179846e-10,1.468712176012426e-10,-3.1224320481492415e-11,-9.291756636589789e-10,-4.976161847217664e-11,1.0763984528400705e-09,9.557763613243899e-10,-1.4751155483734785e-10,-1.2565780477859808e-10,2.803320258423192e-10,8.963376769945223e-10,2.049471260086225e-10,-1.5810141015743282e-09,-6.14906432976919e-10,1.1496661097980802e-10,-4.1666861307618344e-11,2.4669819517284672e-11,4.417597991130868e-11,1.4467695847203377e-10,3.2929421695687965e-10,-4.605335011841248e-10,-3.365434660340737e-10,7.119126024576575e-10,7.124376090979092e-10,2.7513621332085806e-11,-1.9190697314210384e-11,8.265444345065766e-11,-3.130698100987207e-11,-2.4884513712780494e-10,-7.201848083801322e-10,-1.8092259322855186e-10,-8.385683892496809e-11,3.8752661286541945e-10,2.0587862223269796e-10,9.61191638822724e-11,-3.2165567677178585e-11,-7.86906528281788e-11,-3.792140907283923e-10,3.1726883085139e-10,9.306457542089518e-10,-1.7743643440983602e-10,-6.764443762684669e-10,-2.7144616801201724e-11
treat_p4,1.2153848166124298e-10,3.972418681609074e-11,5.089077257374706e-10,4.693669199230732e-10,-2.057856225997612e-09,-4.782170633445924e-10,-5.941920893106841e-13,2.0343547093950694e-10,2.0521301862393373e-09,-4.0860760491560856e-11,-2.6271694129868725e-11,2.0726131670379724e-10,9.697838205564357e-11,-1.8870314045005564e-09,7.308314986342841e-11,-5.441711111830762e-10,1.2611812227569776e-10,1.4008282374169815e-09,-5.5375308633252955e-12,1.7636790982840001e-10,6.606405928574172e-10,1.0176447496581609e-09,-6.151843788878035e-10,-3.123358204753967e-10,-5.111516994386802e-10,3.357901806239757e-10,9.407377642555907e-10,-6.278999543003373e-12,1.7001204951867027e-10,3.1832940710482054e-10,7.657990538586893e-10,-2.3758735670235593e-09,3.030363721923162e-10,1.582694401094666e-10,6.588172050416804e-11,1.2782859407213137e-09,-1.6943870084541577e-11,2.7089873165125433e-10,5.297217549287911e-10,1.021942876897069e-09,-5.912402414125718e-10,2.0359689627672838e-10,-3.700756674412684e-11,-1.345883809592202e-10,9.255341151184959e-10,-5.867749169954262e-11,2.5026061295363103e-10,3.2244278948094416e-10,-4.486714574073188e-10,-5.714896973899099e-10,-5.118997435606206e-10,-1.7187640150902696e-10,7.868017601949023e-10,6.879128025463917e-10,-9.676690458202935e-11,1.3000811850696027e-10,2.6149348928048302e-11,-8.130545841317062e-10,-2.917833223528537e-10,-4.4808305845899504e-10,-5.616720962941622e-10,5.422011928009044e-10,6.271478810912109e-10,7.66178379629287e-11,-3.680112204932346e-11,9.52452417427786e-11,-6.638112211674948e-10,6.235213487529957e-10,7.028320554423239e-11,3.2788939262993045e-10,-1.2275729640083424e-10,-8.872462349434612e-10
L4treat_m4,1.995683126271186e-11,6.125094915286124e-11,-4.644043379190143e-11,7.08469836026872e-11,-6.423393364067567e-12,3.326104128637111e-10,-1.3826703994418994e-10,-1.1856934293223152e-10,-4.086076049156063e-11,8.685281229415954e-11,-3.9704482869877076e-11,-1.1295426683378242e-10,1.5908470741780248e-10,4.13041141186993e-11,2.1937124211970032e-10,-1.3231484588166584e-10,5.489082273373006e-11,-1.765427271505503e-10,3.548345084579188e-11,3.2659269492110896e-11,-1.1259169678415341e-10,6.42305838270232e-11,-3.364847118331163e-10,1.6896850512426708e-10,4.393032901902934e-11,2.3647774099474596e-10,-3.2599486701355736e-11,3.001142944870845e-11,4.244191271510478e-11,-7.578770297141844e-11,1.3502103992685585e-10,-1.772536417839048e-10,2.2796502867084584e-10,-2.0639830015696862e-11,-1.2202640102793722e-10,-2.9548958195830685e-10,3.663697881883453e-11,-4.826105135112534e-13,-7.462005961734649e-11,-2.3948499475481907e-10,-1.7184167404093977e-10,3.3992982714410993e-10,6.899377298433607e-11,2.154056014256459e-10,-8.633669914008663e-11,-3.419403117078154e-11,-6.640487638414253e-11,-8.048328873003096e-11,-1.74691685024104e-11,-8.335464744571644e-11,1.4741298545978883e-10,-1.5642742724259482e-10,5.509616358298534e-11,-6.845687910410156e-11,-1.2223489770801987e-11,-2.5338956894445387e-11,-4.721788068938012e-12,1.9569109990711146e-10,-2.039242121136089e-11,-8.775001424249997e-11,-4.1779355265788585e-12,1.0886773093347508e-10,-1.2015094479462816e-10,-1.1475805343791252e-11,1.1585849799257949e-11,2.2440888233190084e-11,5.903068487795708e-11,9.932349722833859e-11,-2.3657226183587436e-10,1.13853462212143e-10,-4.195255346368842e-11,1.0113261952708533e-10
L4treat_m3,-1.4480422012825716e-12,-1.0778229523654383e-12,-2.6990131860118127e-11,-1.249651971127968e-11,1.911321666206619e-10,-5.339012328661011e-10,1.5665293971690078e-10,-1.2949034990954837e-12,-2.6271694129867504e-11,-3.970448286987623e-11,2.547833544654373e-10,-1.1946365955574731e-11,3.1480298600425434e-10,3.359247950999975e-10,-4.6494156325418795e-10,-1.453665680960811e-10,-5.741431552378319e-11,3.517743376462912e-10,2.2462492498084282e-11,2.783339634486388e-11,-6.962486137014387e-12,3.7395528961364604e-10,5.162778289902912e-10,-3.115167028486351e-10,-1.7776962116485586e-10,-4.8545043683911545e-11,3.505783044681248e-10,5.080201693260705e-11,8.264907316653579e-11,4.006125429525494e-11,5.101233517973792e-10,4.2803418963112844e-10,-3.002157881469887e-10,5.8469183585707044e-12,4.497102006238412e-12,1.2316881375158394e-10,-6.021808876742902e-11,5.914922754611856e-11,4.1938594414875535e-12,5.377178886660554e-10,5.411064743979017e-10,-7.143704228151802e-10,6.488062696458308e-11,-2.7198457975632647e-11,5.666640227484543e-12,3.673070148227539e-11,1.104545574128701e-10,1.0010350091632967e-10,1.5647275305073568e-10,2.782833255321073e-10,-4.353918141060365e-10,5.845925470188214e-11,-2.9234212997996395e-10,2.8691303466258042e-11,3.6696990323334194e-11,3.502769700773354e-11,-4.3992152411143496e-11,1.5269055434971393e-11,2.9242686283538066e-10,1.7440057567064365e-10,-7.711563137470397e-11,-5.995720992035905e-10,4.552720886826431e-10,-9.663601378473389e-12,-6.862233647221624e-11,-4.0946752269095105e-11,-4.823984164077389e-10,-3.714177434459833e-10,6.450432826213357e-10,-5.7758465955929474e-11,2.0744720125265288e-10,-1.2111674142343137e-10
L4treat_m2,-1.1636846957681823e-10,-2.2716228307804795e-10,2.922987178339093e-10,-1.839395074015255e-09,1.7617543810366268e-09,1.305095950363492e-09,9.285723282597481e-12,3.533457206013084e-10,2.0726131670379688e-10,-1.1295426683378136e-10,-1.1946365955574043e-11,1.401690781178715e-09,-2.9919241474824157e-09,6.867235056760288e-10,1.2528801398584497e-09,3.48891315019695e-13,-6.134435701120065e-10,-2.993053764550279e-10,-1.7332707486488988e-10,-8.169116870072465e-11,4.723887543188521e-10,-3.0605605195903953e-09,1.0572560208441213e-09,-1.9709124419315139e-10,1.4077559146810616e-10,-7.165749079310706e-10,3.183617649387739e-10,-2.9973570145227776e-10,-4.318855296190975e-10,6.122725405803248e-10,-2.682946292216458e-09,1.5511734862792347e-09,4.222704533643603e-10,-6.579623856436232e-10,-8.71238122839888e-11,1.0165245241073279e-09,-1.5523945288793896e-10,-1.3528192831849263e-10,3.7873127360855977e-10,-1.6922402110490266e-09,8.541500703050674e-10,-5.154261451748159e-10,-1.420007968756913e-09,-2.9914588783830325e-10,5.591045952207537e-10,-1.0716944133614384e-11,-1.4889957910616128e-10,-5.687951541061638e-10,-5.330583347394166e-10,-1.874010544718612e-10,1.0661523818114208e-09,5.17328139481188e-10,6.313280467236474e-10,1.3920943769762328e-10,2.2388855879055693e-10,1.1773654125756004e-10,-6.845201031117276e-11,-9.005891650396017e-10,1.0488455353149497e-09,9.96769984937694e-10,1.4829621507570136e-10,9.63694397266329e-10,-2.4532060738780345e-10,8.549719707784619e-11,-1.641821191489739e-10,7.352738992463889e-11,2.8154469841673128e-09,-9.41958900260216e-10,-1.1848095442367293e-09,-3.5470221573953495e-10,-4.885026805211499e-10,-3.040603551238588e-10
L4treat_m1,6.723662511687468e-10,9.417559343952884e-10,1.8100295195752996e-09,9.770191300638346e-09,-1.1575551476251719e-08,-6.776370740609612e-09,1.5879666092065093e-09,6.87063785185372e-12,9.697838205565176e-11,1.590847074178013e-10,3.148029860042516e-10,-2.991924147482431e-09,1.6460387140294713e-08,-5.282998256845567e-09,-4.65751675643318e-09,-5.937655382479699e-10,4.1918736816743246e-09,4.093841202542155e-09,1.0031473984038671e-09,-1.566316574918227e-10,7.717753125571482e-10,1.396363770077961e-08,-7.913669239250191e-09,7.9083879803595e-10,-4.314206336852514e-09,3.962419545316858e-09,8.196817285806709e-10,1.7952704141538462e-09,1.3448908476759678e-09,2.2104893088966764e-10,1.374263563898081e-08,-6.79485814095693e-09,-1.6582709776784789e-10,3.58405532992033e-09,9.622620916221503e-10,-1.1786076898232222e-09,7.050070342769447e-10,3.3207158157719957e-10,1.1485872421013843e-09,9.925586202757045e-09,-4.22336062964554e-09,1.6348581787008554e-09,6.384318860937939e-09,1.6719582632323604e-09,-8.072673531621236e-10,1.3242941937624942e-10,1.2670742975936325e-09,4.661690186178593e-09,2.157488156736514e-09,7.152618700870762e-10,-3.4801208151731316e-09,-2.13022720354632e-09,-2.362350182406859e-10,1.279487118561842e-09,-7.458430545077728e-10,-2.4503803262673295e-10,9.397292997570856e-10,4.035232017283498e-09,-4.062661883156627e-09,-2.2592188155069407e-09,-2.20842730877415e-09,-3.0940693412174926e-09,3.0072634749482128e-09,-2.503591662004401e-10,1.1105704590934043e-09,-1.5987183722286246e-09,-1.517629330429631e-08,3.749602380127791e-09,4.480207054356284e-09,1.0951822882468103e-09,1.23048470778871e-09,-2.973215608509829e-10
L4treat_p0,-3.6101347958493775e-10,-4.730588302727564e-10,-1.458993998687043e-09,-4.160267551467232e-09,8.594656330674203e-09,2.8734572530350837e-09,-2.8915762902483626e-10,-1.9659709165427717e-10,-1.887031404500564e-09,4.130411411869934e-11,3.359247950999969e-10,6.867235056760261e-10,-5.28299825684558e-09,6.391450475460659e-09,1.3009900591504052e-09,7.131094865946842e-10,-1.863404017521645e-09,-2.5497868424381733e-09,-2.502135750887483e-10,-1.0098711602009493e-10,-1.2480355480368001e-09,-5.201114200753687e-09,5.631831354153898e-09,4.992009767700121e-10,2.9518570626513297e-09,-1.005251130809928e-09,-8.899017678141967e-11,-5.60560756717958e-10,-6.952326446535588e-10,-7.507015088973994e-10,-4.7343165012752374e-09,7.2603741870608805e-09,2.674372373533101e-10,-1.1362936882139749e-09,-1.9767436089986726e-10,-1.4885627725980287e-09,-4.5488554171541884e-10,-6.17366260845314e-10,-1.3088370463860091e-09,-3.538310687392821e-09,4.317974087730949e-09,-1.7874443709693877e-09,-1.9221043208224566e-09,1.6559058022896436e-10,-5.230181162487403e-10,-5.781351798041406e-11,-9.479012375997995e-10,-2.051178180046264e-09,5.732031043855402e-10,1.1305379919735887e-09,1.0454173325395996e-09,1.3974120781425519e-09,-1.8024885177618272e-09,-9.801111330549886e-10,4.791402637772411e-10,-1.7117339045242622e-10,-4.1816245422627765e-10,-2.6265785638270096e-10,2.7181856211397627e-09,1.5745513690593585e-09,1.4346986959313019e-09,-1.0874570339060714e-09,-4.622037095312076e-10,-5.170620934790312e-11,-3.778163275682758e-10,4.745537636005887e-10,5.448774091630768e-09,-3.4329167856837655e-09,-5.854493900689907e-10,-7.807247532525702e-10,6.238550952394347e-11,8.973599833651826e-10
L4treat_p1,-1.1847468549120553e-10,4.049945632324313e-11,1.7895336481011566e-10,-2.5332474803862392e-09,2.5117088348702853e-09,4.673106859852704e-09,-1.002961805503386e-09,-9.159101376109058e-10,7.308314986342803e-11,2.1937124211970174e-10,-4.649415632541835e-10,1.252880139858452e-09,-4.6575167564331475e-09,1.3009900591504124e-09,4.347775883578585e-09,-6.069052319157391e-10,-1.0179773972104122e-09,-1.616194836614953e-09,-1.5905701321672142e-10,2.562050166686109e-10,-2.2738219544066662e-10,-4.9151000908350855e-09,4.0121510816622637e-10,1.7409719867629013e-09,5.205049308848757e-10,-3.265059501388843e-10,-1.993793878952956e-10,-3.7783813109053104e-10,-3.4043184903434057e-10,1.0324418898910587e-10,-4.136185116641916e-09,1.28585396697368e-09,2.850467603379595e-09,-1.1106089651405818e-09,-1.1093566329892993e-09,-5.977911168294902e-10,7.08394698957657e-11,-9.664075424966563e-11,1.956050336303812e-11,-4.570408861011634e-09,2.521149903929936e-10,2.671169969670361e-09,-2.297179458416043e-09,1.1966298857337694e-10,2.0422021029841134e-11,-2.0006084031505634e-10,-5.504299172647349e-10,-1.4294091308383564e-09,-1.7064847261248665e-09,-7.473469946899414e-10,2.3956916414334435e-09,-5.882583590409039e-10,1.1288725016582347e-09,-1.7306218640667138e-10,2.1736774034896696e-10,-3.4759908208772706e-11,-1.6797083692177803e-10,-7.457782033825975e-10,1.3426248718074023e-09,9.527068009997116e-10,1.1411490485004462e-10,2.5274154001561445e-09,-1.3974511847870525e-09,3.568057521437424e-11,-1.6952438724154409e-10,3.720258569039288e-10,5.48644398108688e-09,-7.612751901054104e-10,-4.002823194464893e-09,5.238992953319239e-10,-8.233633263505518e-10,9.356890217748746e-11
L4treat_p2,-7.830211294843466e-11,-1.8472666292589388e-10,-3.3590712295177336e-10,-4.2235587928636216e-10,1.4599527324848167e-09,-2.6829389707305657e-10,1.1208791507088718e-09,1.4051947548084157e-10,-5.441711111830787e-10,-1.3231484588166522e-10,-1.4536656809607984e-10,3.4889131501853166e-13,-5.937655382479779e-10,7.131094865946796e-10,-6.069052319157454e-10,2.4445180301021343e-09,-6.3447206631041e-10,-3.0494098159697775e-10,4.527402845847605e-12,-2.926693711920871e-10,8.557885253502585e-11,-8.714880139211062e-10,1.6494341345699226e-09,1.5425113668491397e-10,1.9373571109390177e-09,-5.73099268441695e-10,-3.974605349912571e-10,-1.8973068465755033e-10,-3.5496657760255284e-10,-7.479339009041052e-11,-1.6258254624474345e-09,1.2803921079260178e-09,-7.400235628302624e-10,1.0891662297268422e-09,3.9190858110819457e-10,-6.640295900398315e-11,1.650173665737222e-13,-2.2528743296849286e-10,-1.7592868434891406e-10,1.0391055675577541e-10,6.811617518328578e-10,-1.5690401505124315e-11,1.3775224896977835e-09,-3.0972591048918485e-10,2.603633115173339e-10,1.0833897653556138e-10,-2.1823425475145113e-10,-1.7060582150983766e-10,5.125278598413359e-10,7.695232049476311e-10,-1.8981026373410172e-10,1.2536621533728211e-09,-1.0968980318997379e-09,-2.0027310238755331e-10,3.3105630590175815e-11,-2.315564803485035e-10,-1.5580318679171275e-10,-1.6806160754700106e-10,-2.3173764305486568e-10,3.1658704557176245e-10,1.4520612143481682e-09,-7.224586067046469e-10,-1.508749560630942e-10,-1.8469515360197546e-11,1.741537934052925e-10,6.07025669899529e-11,4.945654004002011e-10,-3.2496429551589413e-10,3.3945357467673606e-10,-1.3620508690224862e-09,2.976679565858269e-10,3.024342109353677e-10
L4treat_p3,1.941232446534497e-10,1.0827517024935975e-10,7.297738655762642e-10,2.714847801141269e-09,-3.5034829427233923e-09,-1.718602227367673e-09,-2.547355587742753e-10,7.078666593175691e-10,1.261181222756936e-10,5.489082273372749e-11,-5.741431552378343e-11,-6.134435701120053e-10,4.191873681674296e-09,-1.863404017521661e-09,-1.0179773972104325e-09,-6.344720663104062e-10,2.188884637780134e-09,8.257046334856514e-10,2.397707104158973e-10,-4.118879883546157e-11,4.976985158540275e-10,3.9329558107509735e-09,-2.713656440755832e-09,2.3656406672093543e-10,-1.2623627064652867e-09,1.7659263696785074e-09,-1.4783194326279413e-10,4.362851073215023e-10,2.3037142901083973e-10,2.3153284883917819e-10,3.6588428664759313e-09,-2.24970985686972e-09,2.175190795868887e-10,5.624514031687568e-10,9.566818037912833e-10,9.585796614263654e-11,1.8162683979668628e-10,-1.0112121660373405e-11,4.882850249038715e-10,2.525105105326302e-09,-1.4237024420071933e-09,3.7326863179448194e-10,8.658424391176951e-10,8.880849312577715e-10,-4.135726439170336e-10,-1.0058523431615018e-11,2.622477893344357e-10,1.3969454397589258e-09,3.4291679065222753e-10,-3.2341609009827775e-10,-6.338965930831173e-10,-6.313721706790843e-10,8.405838792515573e-10,4.903628070318687e-10,-2.6389213740899133e-10,-4.9414710633450524e-11,4.230277820489323e-10,8.464169930653365e-10,-1.5177451408478867e-09,-1.0034983086188574e-09,-9.347779282007712e-10,1.0236997742918074e-11,5.7676089444057e-10,-2.28989071816362e-11,3.3526849723542173e-10,-5.231842839719287e-10,-3.8505352858297e-09,1.5173607140669198e-09,1.169205854004233e-09,8.1844401235494e-10,-2.5017858556478813e-10,-4.188777074361374e-11
L4treat_p4,2.0280881972815512e-10,2.239077550190324e-10,1.0022664295365592e-09,2.5878662887814772e-09,-4.426847414261056e-09,-2.9182502820910575e-09,9.749131438588871e-10,4.5005658051569447e-11,1.4008282374169813e-09,-1.7654272715055062e-10,3.5177433764628767e-10,-2.9930537645503075e-10,4.093841202542133e-09,-2.549786842438164e-09,-1.6161948366149621e-09,-3.0494098159697594e-10,8.257046334856514e-10,2.8757132506665136e-09,2.1398694399562486e-10,9.087319935938835e-11,8.476190140630474e-10,4.102101183057392e-09,-1.5012128673009097e-09,-4.201939956489468e-10,-1.6883636022485057e-09,4.314028743588783e-10,1.2235018523347292e-09,4.3087183038949295e-10,4.801648726391766e-10,5.346131092176141e-10,3.833401708270787e-09,-2.875521194778284e-09,-4.4669264806860767e-10,1.06342942268199e-09,3.499711113004203e-10,1.4224105854287991e-09,5.542342684290706e-11,3.1049603583291683e-10,8.710530501510645e-10,3.713269828370381e-09,-1.0719438323262714e-09,-2.045363964148146e-10,1.7355912166743918e-09,-1.9167123193668037e-10,7.377536573838197e-10,6.860907229814078e-11,6.89500234517266e-10,1.6040092953424095e-09,1.5788466430251694e-10,4.249159656426828e-10,-1.5283807127255344e-09,-5.782241958017582e-10,8.186196763253712e-11,1.008940133107386e-09,-2.1506249276109772e-10,1.0579254228353104e-10,2.8700185955890336e-10,1.475474211963769e-10,-6.47752134273955e-10,-4.837996726278499e-10,-1.0747947566646641e-09,-1.108418382283683e-09,1.689487007074642e-09,1.0661221069273663e-11,2.3010905089098964e-10,-4.2899663041179956e-10,-4.646826633899007e-09,8.148998792558946e-10,1.8290648649699065e-09,1.5103729560739503e-10,6.42989611217787e-10,-1.089634983109536e-09
L8treat_m4,4.9879801056640955e-11,6.667933261802967e-11,1.188049856405601e-10,6.102014883406738e-10,-5.522719792778665e-10,-3.0441842382725847e-10,8.778968597917068e-11,-1.008550430006926e-10,-5.537530863325215e-12,3.5483450845791845e-11,2.246249249808471e-11,-1.7332707486489125e-10,1.0031473984038665e-09,-2.502135750887499e-10,-1.5905701321672305e-10,4.527402845846377e-12,2.3977071041589907e-10,2.1398694399562597e-10,1.2023426226445794e-10,1.0230467209375136e-11,5.065353626020152e-11,7.784843452513453e-10,-3.619541184766878e-10,1.3251596604260837e-10,-2.383800659933123e-10,3.2336129164790934e-10,1.3138020636637018e-10,1.435308207561602e-10,7.507814584929583e-11,-7.344331502756735e-12,7.79086893244364e-10,-2.5853220418739703e-10,1.0088071730488938e-10,2.335070958090175e-10,2.0563782070597048e-11,-1.7169410998454013e-10,9.203404196351659e-11,3.000148927927024e-11,8.104055243591733e-11,5.886015705559889e-10,-1.8223130038648675e-10,1.361064776634242e-10,4.1005205275812744e-10,1.4017064278704492e-10,-4.094439113787805e-11,3.124694352747553e-11,5.485343140911762e-11,2.5942401078289486e-10,1.7340465211219378e-10,7.032036080779514e-11,-2.0366339367285845e-10,-1.9348260154226684e-10,-4.9831162483766076e-11,6.713872971458272e-11,-1.748974443465243e-11,-3.131168218508575e-11,5.93890104200152e-11,2.42057112009841e-10,-2.1780159354041508e-10,-7.483760395620465e-11,-6.850710980384224e-11,-2.407268693945619e-10,1.7944319071995202e-10,-4.92900324078409e-11,6.708239139336133e-11,-1.0071911297949549e-10,-8.294522878057272e-10,2.246072598418287e-10,2.4124027618454887e-10,1.1971446317783622e-10,1.1616225394837859e-10,2.627369157372356e-11
L8treat_m3,2.6822128145481694e-11,1.0132108362847588e-10,-4.576743344582572e-12,1.1318324494901204e-11,-1.8094660814010947e-10,1.5210074045335067e-10,-1.9292364529647536e-10,-2.1060344927558424e-10,1.7636790982840014e-10,3.2659269492113106e-11,2.7833396344865157e-11,-8.169116870072627e-11,-1.5663165749180695e-10,-1.0098711602010393e-10,2.5620501666860746e-10,-2.9266937119208955e-10,-4.118879883546471e-11,9.087319935939198e-11,1.0230467209376404e-11,1.8539304102740275e-10,-9.505915495553216e-11,-2.4146726807931123e-12,8.790307919932365e-11,1.127010370206585e-10,-1.1872160035008064e-10,5.526996226388551e-11,6.420206893784369e-11,2.8095893842411905e-11,1.5156519630204205e-10,-1.0320168999332301e-10,-3.844432977715184e-12,-2.0875620323628848e-10,9.878865469942223e-11,-1.0380887406854083e-10,-1.9180228204312086e-10,-5.405109576470031e-11,2.850889959693439e-11,1.433122320695997e-10,-2.8898238020176114e-11,-1.4082823629191331e-10,-8.879396091383447e-11,3.469283310001288e-10,-1.8540830489557143e-10,-1.861925787520418e-11,7.308376051897567e-11,-1.7427525379815697e-13,4.808669320255549e-11,-9.083603635909484e-11,-1.1774572907552181e-10,6.278151071171929e-11,-9.824077498290678e-11,-4.219043455023505e-10,1.229641052241441e-10,-2.4708745433168906e-11,-6.110160688970669e-12,5.225124043986037e-11,5.839387829384334e-12,-1.53146306081878e-10,1.360378278521174e-10,-1.951571680176501e-10,-2.297052130337775e-10,9.742474782358437e-11,-6.626466987717708e-11,-2.485606671745296e-11,-8.618564550635436e-11,4.978507682775174e-11,1.0761699307921696e-10,-1.0977639764691955e-11,-1.3388159641627712e-10,2.2956098351177712e-10,1.4621046147009786e-11,-6.94883966590132e-11
L8treat_m2,7.40301504082172e-11,-6.8023070592404e-11,7.037831879592147e-10,6.972813752772971e-10,-1.4663604400837402e-09,-8.339282793445677e-10,2.612131886594839e-10,5.967645013647177e-10,6.606405928574184e-10,-1.125916967841531e-10,-6.962486137013624e-12,4.72388754318844e-10,7.717753125571469e-10,-1.2480355480368061e-09,-2.2738219544066848e-10,8.55788525350254e-11,4.976985158540291e-10,8.476190140630477e-10,5.065353626020247e-11,-9.505915495553325e-11,9.114209821172949e-10,7.939258967765744e-10,-5.725176853106911e-10,-2.809519583930788e-10,-6.904393553850356e-10,3.456084743621737e-10,3.444357304329465e-10,9.974709916195836e-11,-7.390461813430956e-11,6.968259572469541e-10,6.509398401875838e-10,-8.29631236950736e-10,8.960829085264328e-11,3.851521401332483e-10,4.960106175049198e-10,9.801971049049131e-10,6.101610240546715e-11,4.4770684665616127e-11,8.08960606404261e-10,1.1404062873738587e-09,-2.185911765709961e-10,-2.190390519870894e-10,1.346905690282137e-10,-1.0537214253199438e-10,2.7889851978031604e-10,6.70118992472051e-11,2.395493726401669e-10,6.185609414282525e-10,-1.3477786790545657e-10,-2.1237794758647393e-10,-3.7709477729870324e-10,2.0870799126059667e-10,6.606273275390989e-10,4.420408974744232e-10,-2.0420239825490823e-11,4.319267078919229e-11,1.4361624593853224e-10,-2.9048691320606146e-10,-5.301707955035767e-10,-1.1232223025146582e-11,-2.421859040298588e-10,3.812909868801159e-10,5.243827922428832e-10,2.1486544005486166e-11,8.183229067750045e-11,-3.087212893468829e-10,-9.812925606350303e-10,4.4217535277389743e-10,3.4608196416886735e-10,2.886323239089353e-11,-2.40128166907494e-10,-3.9378967337988466e-10
L8treat_m1,5.700653626037626e-10,6.092979557659372e-10,1.4485164178601018e-09,8.669149122003154e-09,-1.0582048344829279e-08,-6.863885440507898e-09,8.438608109652456e-10,3.4524922290436e-10,1.017644749658164e-09,6.423058382702005e-11,3.7395528961364304e-10,-3.0605605195904036e-09,1.396363770077953e-08,-5.201114200753671e-09,-4.915100090835101e-09,-8.714880139210943e-10,3.9329558107509826e-09,4.1021011830574014e-09,7.784843452513466e-10,-2.414672680795493e-12,7.939258967765727e-10,1.3795475432663498e-08,-5.9043429638674104e-09,2.0127711342068442e-10,-3.3062092763577443e-09,3.562247791057848e-09,7.876244820523787e-10,1.446053843721533e-09,1.2810755930266928e-09,-2.952609960985089e-11,1.2714544007303919e-08,-7.168229602895257e-09,-4.1998286255911246e-10,3.004528280968182e-09,1.6582437357428726e-09,-4.3484134152807137e-10,4.609077052862769e-10,3.3311605636976305e-10,9.538428114662033e-10,9.758838497717593e-09,-3.401067232417291e-09,5.192847756444941e-10,5.161339265820094e-09,1.2307841900536861e-09,-9.107463543671599e-10,8.77673348373773e-11,1.1845793439689464e-09,4.256500335848783e-09,1.5368885499763145e-09,2.179735621142672e-10,-4.137244836091024e-09,-1.576362860379502e-09,-4.4631585959674007e-10,1.2226226482810718e-09,-8.054181807816889e-10,-2.508585944355215e-10,8.522198002546225e-10,2.832910017920251e-09,-4.0882226451050435e-09,-2.8137214798408005e-09,-2.205448949920492e-09,-3.066112159604843e-09,3.183775478997788e-09,-1.7317399733343496e-10,9.174123718470308e-10,-1.3354024641142497e-09,-1.3779376846935025e-08,3.7691535377792955e-09,5.2055125296295216e-09,1.4152508862653938e-09,1.2384848064738895e-09,-5.964442396075753e-10
L8treat_p0,-3.42609196470017e-10,-8.003877701646173e-10,-1.3972462051384285e-09,-4.636941366082767e-09,9.666152183891342e-09,1.2289030935642045e-09,1.6459042751202962e-10,-1.538099988546478e-10,-6.151843788878129e-10,-3.364847118331136e-10,5.162778289902932e-10,1.0572560208441181e-09,-7.913669239250141e-09,5.631831354153896e-09,4.0121510816621774e-10,1.64943413456993e-09,-2.7136564407558245e-09,-1.5012128673009103e-09,-3.619541184766808e-10,8.790307919933639e-11,-5.725176853106805e-10,-5.904342963867365e-09,1.0356153487980774e-08,-6.099552343186097e-10,3.820918332451449e-09,-2.222519250336033e-09,2.8986586574716975e-10,-8.500276814643433e-10,-8.723064969113578e-10,-6.806769586488653e-10,-6.751038123765635e-09,8.040225645100792e-09,-1.1770219734651008e-09,-1.0464697529669498e-09,5.394900689478535e-10,1.2257660926319543e-10,-5.440570152332315e-10,-3.552640315761689e-10,-9.038760123532361e-10,-2.552296116954046e-09,5.937121934762871e-09,-3.0686851219275255e-09,-2.998175131861802e-09,-1.2557915975841108e-09,9.941375418317062e-11,3.4086344770256893e-10,-5.508143783403119e-10,-2.2417027802934053e-09,4.985289432819045e-10,1.8369698856756468e-09,-5.750141617643979e-10,2.0464907660158663e-09,-2.199752605672136e-09,-9.381607617782709e-10,6.057431388540819e-10,-3.0815298420708405e-11,-5.823432746135171e-10,-2.5559754245241415e-09,3.2436348448164175e-09,1.437262075557242e-09,1.9802776188289007e-09,-1.7110307434155828e-09,1.5646787779862206e-10,-1.6890564672217582e-10,-6.180680129182192e-10,6.192421901925465e-10,6.338917713590956e-09,-4.082690192988608e-09,7.41269962165666e-10,-1.195924709831982e-09,2.390317595535017e-10,2.1224483439462328e-10
L8treat_p1,2.365982700998944e-11,1.7479664807892198e-10,3.5325412530743813e-10,5.203437603828485e-10,-3.057016421433798e-10,1.771078332047584e-09,-1.6780537008712685e-10,-8.954483104334941e-10,-3.123358204753982e-10,1.689685051242671e-10,-3.11516702848634e-10,-1.9709124419315105e-10,7.908387980359459e-10,4.992009767700128e-10,1.7409719867628818e-09,1.542511366849213e-10,2.365640667209626e-10,-4.201939956489408e-10,1.325159660426079e-10,1.1270103702065727e-10,-2.809519583930764e-10,2.0127711342067447e-10,-6.099552343186121e-10,2.3184994099601285e-09,4.888894514451524e-10,7.028934059883158e-10,-2.935253632866447e-10,1.1146573020094527e-10,1.0431591265122622e-11,-2.5235829415351196e-10,8.212743998725396e-12,2.2248098310701731e-10,2.3140532131262083e-09,5.543233438812053e-10,-2.596285735653212e-10,-1.3098545342183474e-09,1.6869758379744376e-10,-1.6972779061747603e-10,-8.776645424250338e-13,-7.618655787033325e-10,-1.9294675418148065e-10,2.7569351536147908e-09,5.395624197743805e-10,5.213480836372629e-10,-4.2692900289140925e-10,-1.4279366601620048e-10,-3.4823899455030016e-10,1.6770170956045108e-10,-4.728810502969622e-10,6.147082984849131e-11,6.501213572055704e-10,-5.813699966177945e-10,-1.4379544395852293e-10,1.1121435644031861e-10,-6.901048709755577e-11,-2.717254185687874e-10,1.5733763232849022e-10,4.981035379844601e-10,-2.4495281866859285e-10,-1.3852278219118355e-11,-1.3859062599245577e-10,3.6730348647180756e-10,-1.7891029609643088e-10,-5.963870545624596e-11,3.067043369265378e-10,-1.2093705576484473e-10,1.4070040500943416e-10,1.2968125928548515e-10,-1.4437681397192622e-09,3.629208914563409e-10,9.538860628916612e-11,2.348765312186218e-10
L8treat_p2,-2.503203327885312e-10,-4.5488745979365863e-10,-1.2443484987501356e-09,-2.8380943337630863e-09,5.238200954172387e-09,1.963680288463748e-09,1.9371815838193874e-10,-6.313294803480434e-11,-5.111516994386794e-10,4.393032901903136e-11,-1.7776962116485317e-10,1.4077559146810725e-10,-4.314206336852503e-09,2.9518570626513317e-09,5.205049308848802e-10,1.937357110939029e-09,-1.2623627064652832e-09,-1.688363602248509e-09,-2.383800659933102e-10,-1.1872160035007478e-10,-6.904393553850312e-10,-3.306209276357724e-09,3.8209183324514414e-09,4.888894514451548e-10,4.343244591543731e-09,-8.786991363446385e-10,-5.816130347251497e-10,-7.159205226479628e-10,-5.935772449467581e-10,-6.871494142336956e-10,-4.383842242602042e-09,2.78893870322976e-09,-3.781713333463218e-10,-4.599070533497363e-11,4.3361105160993644e-10,-4.5011197734282424e-10,-3.6098043530986103e-10,-5.015384761216697e-10,-1.0892969715089142e-09,-2.5872705467078113e-09,1.8285331834722798e-09,-1.0312799960910503e-10,-2.3591137002868433e-11,9.866044670834353e-11,2.501539566454444e-10,-1.235532077492107e-10,-9.64327987615472e-10,-1.6250975988760915e-09,3.6605807571388027e-10,6.131046260861448e-10,8.742777659154478e-10,1.6776332953083639e-09,-1.565093676992013e-09,-6.012549575259815e-10,1.1037647167501757e-10,-2.8157570125647303e-10,-2.5407050554904977e-10,-6.334559260586617e-10,1.0013195350134739e-09,1.420142277478348e-10,2.03198171751505e-09,-4.4978770412797076e-10,-9.273633225786536e-10,6.514514617169604e-11,-3.219357695942848e-11,6.068209857449065e-10,4.1027820008848835e-09,-1.332607154651606e-09,-5.367726260122993e-10,-1.310254884867165e-09,6.521697762147883e-11,5.289775231348223e-10
L8treat_p3,2.655319089817158e-10,3.170040083018299e-10,5.488393473973911e-10,2.4314332025513885e-09,-2.4057424765912978e-09,-6.387912628709842e-10,-3.280507366929449e-10,4.857903084619673e-10,3.3579018062396804e-10,2.364777409947448e-10,-4.854504368391518e-11,-7.165749079310674e-10,3.962419545316843e-09,-1.005251130809943e-09,-3.265059501388805e-10,-5.730992684417002e-10,1.7659263696785006e-09,4.314028743588767e-10,3.233612916479103e-10,5.526996226388642e-11,3.456084743621763e-10,3.562247791057847e-09,-2.2225192503360335e-09,7.028934059883148e-10,-8.786991363446544e-10,2.776360975426233e-09,3.284787102301527e-10,4.64478185688945e-10,2.59982684106065e-10,9.614459032154496e-11,3.5907888721751164e-09,-1.5284185771012122e-09,1.0287306610957069e-09,9.253458280848364e-10,4.89407988715389e-10,-8.328513915506762e-10,2.220587688621725e-10,5.563521607432486e-11,3.5567240100952887e-10,2.032865122793013e-09,-5.019753682940239e-10,1.1621670651793501e-09,9.513734295919094e-10,1.4971311326902913e-09,-2.4499478810987455e-10,-6.967020964303736e-11,1.4294131916366908e-10,9.439412039015263e-10,3.471552691515378e-10,-3.7979251513920056e-10,-9.073683775173679e-10,-7.725216952301873e-10,7.73172283058459e-10,3.215775206035269e-10,-2.0166726749707386e-10,-1.425075518350066e-10,7.924979859440258e-11,1.0023163667137714e-09,-1.3001051368950887e-09,-8.39262773128637e-10,-6.510235876964143e-10,8.0207902237953e-11,7.327984029823647e-10,-5.6632296657013543e-11,2.473149090196588e-10,-3.938249963796432e-10,-3.179878281565907e-09,1.133712709037961e-09,6.403400678001512e-10,8.496173421735099e-10,-4.4084539060400855e-10,1.420939642713044e-10
L8treat_p4,5.977059516263389e-11,7.077389043117263e-11,3.530597397919152e-10,1.9050436819673457e-10,-3.388370247620695e-10,-5.141843332267941e-10,5.065320335501859e-10,-8.055202355847389e-11,9.407377642555925e-10,-3.259948670135583e-11,3.5057830446812513e-10,3.1836176493877233e-10,8.196817285806757e-10,-8.899017678141525e-11,-1.9937938789530108e-10,-3.9746053499125695e-10,-1.4783194326279346e-10,1.2235018523347309e-09,1.3138020636637043e-10,6.42020689378431e-11,3.4443573043294644e-10,7.876244820523871e-10,2.8986586574717135e-10,-2.9352536328664803e-10,-5.816130347251505e-10,3.2847871023015383e-10,1.5597663451270231e-09,1.2661400989123957e-10,5.747368058375657e-11,2.4828226134195277e-10,1.1389366344697164e-09,-1.4749678329242325e-10,3.197641373894623e-10,2.2251030187232526e-10,-9.708301620622687e-11,7.150950932499738e-10,-9.149036462553298e-11,8.373428017662328e-11,2.723976549364802e-10,1.2305171949952946e-09,6.0162947915111e-10,-7.594917689380008e-10,2.815892687573545e-10,1.2569235324986463e-10,8.361746790053446e-10,-3.662576498968098e-12,1.953316485831411e-10,2.673498529725093e-10,1.121748011342974e-10,1.2365358338898638e-10,-4.767860879137598e-10,-1.6087572680733556e-10,-1.5714730051076946e-10,6.337990463343526e-10,7.524643442248547e-11,5.86644437223208e-11,-1.0807263960830366e-10,-1.4829161910224055e-10,5.396501537411374e-10,5.108953047342171e-10,-3.123387496802375e-10,-7.48312124326396e-10,1.1534034917732618e-09,1.1160508765848691e-11,-2.2449633066262788e-11,-1.0490358150491697e-11,-9.51001892414998e-10,-3.87981129197311e-10,5.257426142012872e-10,-2.6732581202945398e-11,2.4865546735969116e-10,-7.357683102659904e-10
L12treat_m4,7.586550326663239e-11,1.233286764803305e-10,2.6207660449165637e-10,1.0924035186946977e-09,-1.3400692214744515e-09,-7.060535370436091e-10,9.213079281935176e-11,-9.367616695233735e-11,-6.278999543003505e-12,3.001142944870851e-11,5.080201693260792e-11,-2.9973570145227916e-10,1.7952704141538476e-09,-5.605607567179566e-10,-3.77838131090536e-10,-1.8973068465755222e-10,4.362851073215028e-10,4.308718303894935e-10,1.4353082075616039e-10,2.8095893842411605e-11,9.974709916195839e-11,1.4460538437215418e-09,-8.50027681464346e-10,1.1146573020094191e-10,-7.159205226479656e-10,4.6447818568894365e-10,1.266140098912396e-10,2.7711054032362026e-10,1.8796897156606203e-10,5.4092723719776146e-11,1.5036634063416945e-09,-5.388886501286328e-10,1.1539865908473095e-10,3.4874906159434204e-10,9.309126863256511e-12,-1.9610715144455845e-10,1.4687468907910676e-10,9.804728610847178e-11,2.0329350185408802e-10,1.0458845051902766e-09,-3.720300675516889e-10,2.579841557236946e-10,6.156585145375896e-10,1.377858639151929e-10,-9.312718321475643e-11,4.6313368997119834e-11,1.8444072273139842e-10,5.368449426770057e-10,2.3286915673184417e-10,1.3813486017010101e-10,-4.298109711022599e-10,-3.857074892175371e-10,7.384862828102335e-11,1.3419974639067573e-10,-4.3332834638659806e-11,-7.000924529608151e-12,1.2558522270899447e-10,3.846403858677797e-10,-3.8153491604614607e-10,-2.367630379195641e-10,-3.6310520753158403e-10,-2.8609723913161957e-10,3.345032524498635e-10,-7.106950234090396e-11,7.66189616740944e-11,-2.1767328459426086e-10,-1.611872221788362e-09,3.4140643532828514e-10,4.2962254670923073e-10,2.6518113714779457e-10,1.5447338623180241e-10,5.07264209789965e-12
L12treat_m3,7.571178374955586e-11,2.0180278407883393e-10,4.811090955647404e-11,8.348053803369353e-10,-1.459285478629494e-09,-5.669565835101819e-10,3.762173663784592e-12,-2.448631764081383e-10,1.700120495186706e-10,4.244191271510726e-11,8.264907316653722e-11,-4.318855296190965e-10,1.3448908476759901e-09,-6.952326446535624e-10,-3.4043184903434775e-10,-3.549665776025553e-10,2.3037142901084094e-10,4.801648726391802e-10,7.507814584929691e-11,1.5156519630204249e-10,-7.390461813430728e-11,1.2810755930267127e-09,-8.723064969113716e-10,1.0431591265118769e-11,-5.935772449467638e-10,2.599826841060677e-10,5.747368058375586e-11,1.8796897156606296e-10,3.649984606652802e-10,-5.384573457359964e-11,1.3584913108174765e-09,-1.084888280143208e-09,-1.204952775819422e-10,2.335533546560333e-10,-2.690169885905592e-10,-1.5602564724296676e-10,1.023572176356009e-10,2.608601719892541e-10,6.126211683091595e-11,7.328700705475965e-10,-5.822417371091455e-10,4.417569620681043e-10,5.686928334909636e-10,6.259462818239985e-11,-3.1946194848134994e-11,1.083118386981469e-11,2.166688301608589e-10,3.2368882138261855e-10,2.9072889862883767e-11,9.281391944880409e-11,-5.14952311272256e-10,-5.297525583911514e-10,4.9887917895754326e-11,1.518504877190925e-11,-8.711105824827858e-11,5.672242094331247e-11,4.6588376243030346e-11,2.9142399328805845e-10,-2.904222406263639e-10,-4.2547268621718e-10,-3.9432974482866807e-10,-1.8606043820699604e-10,1.4307057305643124e-10,-3.018994779628348e-11,-3.5866464500048176e-11,-7.258124122112693e-11,-1.3183338674156735e-09,3.644519078902098e-10,3.2262658862818595e-10,2.611746363284136e-10,2.0111050652565543e-10,-5.147492720463672e-11
L12treat_m2,2.7252886282606507e-11,-3.613042975707011e-11,5.75011153448611e-10,1.4099195480118085e-10,-9.703442457666126e-10,-2.7150415175126794e-10,2.205232347567148e-10,3.974307286617976e-10,3.18329407104822e-10,-7.57877029714177e-11,4.0061254295253733e-11,6.12272540580319e-10,2.210489308896636e-10,-7.507015088974016e-10,1.0324418898910567e-10,-7.479339009041116e-11,2.3153284883917824e-10,5.346131092176118e-10,-7.344331502755996e-12,-1.0320168999332532e-10,6.968259572469552e-10,-2.952609960985453e-11,-6.806769586488693e-10,-2.523582941535149e-10,-6.871494142336997e-10,9.614459032154367e-11,2.482822613419541e-10,5.409272371977674e-11,-5.384573457360325e-11,7.424711462693573e-10,1.5994072335542765e-10,-3.5414075779791204e-10,1.734873166100297e-10,1.523832163257607e-10,1.2505125798320075e-10,8.208748822806045e-10,3.1988238072598355e-11,5.7910368883944844e-11,7.066203271703595e-10,3.0404088076615196e-10,-8.413697775008541e-11,-7.432500386879316e-11,-5.656524904433558e-12,-5.088065471067448e-11,2.1788075005566009e-10,2.829891180100398e-11,1.7663557662343248e-10,3.6249630739622976e-10,-2.8169779493319216e-10,-1.5739919638024308e-10,9.255128344231521e-12,2.1894485177091047e-10,6.385672327058374e-10,2.88279595137979e-10,2.612587579656662e-11,7.157383461708467e-11,7.41646839843857e-11,-1.4210946491393618e-10,-1.204739403343305e-10,2.4523538828776065e-10,-1.9074732675064142e-10,5.134678698039341e-10,3.0200156553766133e-10,4.440741969821201e-11,5.42496006616934e-12,-2.5612536889286195e-10,-2.5628734749295963e-10,5.7866946163606216e-11,-1.1831212171268577e-10,-8.887344347511308e-11,-2.4546474781784493e-10,-2.8744356824615947e-10
L12treat_m1,5.644474849228858e-10,7.510353220298521e-10,1.457040248695353e-09,8.230568354565635e-09,-1.0243850371892859e-08,-6.091104252973301e-09,7.999189385567545e-10,1.468712176012388e-10,7.657990538586919e-10,1.350210399268565e-10,5.101233517973759e-10,-2.6829462922164643e-09,1.37426356389808e-08,-4.734316501275199e-09,-4.136185116641945e-09,-1.625825462447427e-09,3.658842866475941e-09,3.833401708270793e-09,7.790868932443661e-10,-3.8444329777195305e-12,6.509398401875888e-10,1.271454400730399e-08,-6.751038123765656e-09,8.212743998712728e-12,-4.383842242602048e-09,3.5907888721751243e-09,1.1389366344697077e-09,1.503663406341694e-09,1.3584913108174569e-09,1.5994072335543357e-10,1.3052451855720077e-08,-6.719355675578551e-09,-9.028409596658894e-11,2.5197127788710273e-09,8.182329139007184e-10,-7.54615955266711e-10,4.966887398087004e-10,4.676840388962469e-10,9.4218754963168e-10,9.035410552802164e-09,-3.313235798659911e-09,3.6888963052540353e-10,4.568772796628668e-09,1.4312575763879414e-09,-9.580792786314354e-10,8.505173131245276e-11,1.346582093483333e-09,4.022604638918438e-09,1.3112900748661917e-09,-4.14929135565376e-11,-3.623779568886508e-09,-1.906436518022797e-09,7.214728764863008e-11,1.1095756231110639e-09,-6.720007228563969e-10,-1.1016257171912076e-10,6.580232795349572e-10,3.243231014585869e-09,-3.3349858862868172e-09,-2.0028583180670615e-09,-2.366256931444732e-09,-2.610766672833512e-09,3.1226462252091466e-09,-1.5742702922659866e-10,7.23465466033343e-10,-1.2741385850278635e-09,-1.3212901109361698e-08,3.2604876557589934e-09,4.361239490323401e-09,1.525434590436805e-09,9.516392922137115e-10,-5.70682931007459e-10
L12treat_p0,-4.024147573547959e-10,-6.867371565464574e-10,-1.1731082395558618e-09,-4.9517462051607885e-09,1.0435914291766387e-08,2.5569498058756813e-09,-5.103406523135993e-11,-3.1224320481487264e-11,-2.3758735670235634e-09,-1.7725364178390393e-10,4.280341896311505e-10,1.5511734862792355e-09,-6.794858140956916e-09,7.2603741870608665e-09,1.2858539669736855e-09,1.2803921079260283e-09,-2.2497098568697003e-09,-2.8755211947782846e-09,-2.585322041873928e-10,-2.0875620323625785e-10,-8.296312369507358e-10,-7.16822960289526e-09,8.040225645100764e-09,2.2248098310702784e-10,2.788938703229762e-09,-1.5284185771011998e-09,-1.4749678329242258e-10,-5.38888650128635e-10,-1.084888280143182e-09,-3.5414075779790987e-10,-6.719355675578571e-09,1.072456641956013e-08,-1.1013058064780713e-10,-1.2985671875357534e-09,-1.6525965407337133e-10,-1.234929417045146e-09,-3.829519340567721e-10,-6.512095840023178e-10,-8.927588729539558e-10,-3.826315136486073e-09,6.2887984589512436e-09,-2.7811430571607767e-09,-2.9299103880637395e-09,-4.5230339717920045e-10,-3.601325709549139e-10,2.0653208959608782e-10,-8.741822317942283e-10,-2.174223320919359e-09,1.0555480074106275e-09,1.7788536457925833e-09,8.215313870299485e-10,1.9733645759929064e-09,-1.7342435522064746e-09,-1.1581720508584838e-09,7.993202775253804e-10,-6.293839202108827e-11,-4.061908353179388e-10,-1.1660466960063814e-09,3.467392332681402e-09,2.377129645748461e-09,1.770450247536222e-09,-1.199210482851468e-09,-3.1983351271558493e-10,-1.9846919308516683e-10,-5.274800368186867e-10,2.781253064710436e-10,6.735165978192783e-09,-4.732326547912303e-09,-3.7085578009961407e-10,-1.1677725088913821e-09,-3.272690738337147e-11,1.0747434046522375e-09
L12treat_p1,-1.6845535201770638e-11,7.841052186394796e-11,7.822110272483459e-10,-1.3362227206060925e-10,-4.989316596001651e-10,2.9155360576284747e-09,-6.907517709027922e-10,-9.291756636589758e-10,3.0303637219231843e-10,2.279650286708469e-10,-3.0021578814698415e-10,4.222704533643577e-10,-1.658270977678221e-10,2.6743723735331555e-10,2.8504676033795718e-09,-7.400235628302644e-10,2.175190795869063e-10,-4.466926480686028e-10,1.0088071730489213e-10,9.878865469942102e-11,8.960829085264424e-11,-4.199828625590887e-10,-1.1770219734651016e-09,2.3140532131262054e-09,-3.781713333463334e-10,1.02873066109571e-09,3.19764137389467e-10,1.1539865908473442e-10,-1.2049527758193746e-10,1.7348731661003062e-10,-9.028409596656214e-11,-1.1013058064781201e-10,3.99509374768713e-09,1.0158190058283959e-10,-4.221636089574167e-10,-1.0065566332968414e-09,1.6006985134211815e-10,-2.3214424081540407e-10,4.2377637848543986e-10,-1.4382414807225892e-09,1.4735646708605367e-10,2.767103435872976e-09,-4.5874195529322134e-10,7.025904640311053e-10,-4.5228183563672876e-10,-2.544542241822792e-10,-3.1678989039392566e-10,1.7319985041774124e-10,-1.4981970044839068e-09,-7.184972257864114e-10,1.082262359343589e-09,-5.280124360252263e-10,5.160517471522946e-10,5.391508520652491e-10,8.061164985836205e-12,-3.2824077858996405e-10,3.7218853569972554e-11,1.6532201627928916e-10,-1.5490049637415498e-11,6.023943284616027e-10,-5.718400094549995e-10,1.2306678589431296e-09,2.8430257455761516e-10,3.651106809963827e-12,2.6225153022302955e-10,-1.8464283589857983e-10,1.2526684244505098e-09,1.0236009654556268e-10,-2.379300215034695e-09,8.954010708499575e-10,-2.2330843176261248e-10,-1.5790067932125534e-10
L12treat_p2,1.3260694639026875e-10,2.0212273284030745e-10,4.0810286270344156e-10,2.1876440122187416e-09,-2.5515474620278157e-09,-1.5516098986441988e-09,1.0175314621891438e-09,-4.9761618472168615e-11,1.5826944010946626e-10,-2.0639830015696623e-11,5.846918358573597e-12,-6.579623856436287e-10,3.5840553299203233e-09,-1.1362936882139749e-09,-1.1106089651405843e-09,1.089166229726839e-09,5.624514031687698e-10,1.0634294226819896e-09,2.335070958090187e-10,-1.0380887406853707e-10,3.8515214013324916e-10,3.004528280968185e-09,-1.0464697529669632e-09,5.543233438812114e-10,-4.599070533498675e-11,9.2534582808486e-10,2.2251030187232397e-10,3.487490615943426e-10,2.335533546560387e-10,1.5238321632576145e-10,2.5197127788710277e-09,-1.2985671875357643e-09,1.0158190058284681e-10,1.8748154409073802e-09,3.5074036370935365e-10,-2.907845653182211e-10,1.8793768251141327e-10,1.0790191589454904e-10,3.840016147267982e-10,2.436841571918718e-09,-5.762816861214141e-10,1.194585370142719e-09,2.507927349601388e-09,2.984544615268549e-10,2.3875966363324763e-10,8.723151397961192e-11,2.9078430375861847e-10,1.1023211049276077e-09,4.845618297171483e-10,5.891075908351505e-10,-1.1722581975908357e-09,1.1497911509859307e-11,-4.349581000974964e-10,3.0836283885000496e-10,-1.95193736438176e-10,-1.8314684813922812e-10,4.9924060996177804e-11,6.320200749362157e-10,-1.1087349656632295e-09,-4.2591838776690825e-10,1.380531165334786e-10,-8.309021128969243e-10,8.167823055675523e-10,-5.5928787829740263e-11,3.3257765484896675e-10,-3.3752916534276253e-10,-3.403355957031847e-09,7.144141587790455e-10,9.37578649638923e-10,-4.351761857461022e-10,3.437113218633972e-10,-5.074523063826085e-11
L12treat_p3,-5.76632039410599e-12,-3.3198396009731587e-10,2.2396161384872217e-10,8.493904720145193e-10,-2.559975540027302e-10,-1.4052666760257815e-09,6.415520054913713e-11,1.0763984528400577e-09,6.5881720504166e-11,-1.220264010279378e-10,4.497102006234339e-12,-8.712381228398826e-11,9.622620916221377e-10,-1.9767436089987915e-10,-1.109356632989301e-09,3.919085811081949e-10,9.566818037912816e-10,3.4997111130042627e-10,2.0563782070598082e-11,-1.9180228204312042e-10,4.960106175049209e-10,1.6582437357428744e-09,5.394900689478538e-10,-2.596285735653319e-10,4.336110516099277e-10,4.894079887153968e-10,-9.708301620622632e-11,9.309126863258776e-12,-2.6901698859056085e-10,1.2505125798320191e-10,8.182329139007116e-10,-1.6525965407338297e-10,-4.22163608957424e-10,3.507403637093413e-10,1.6756747146449374e-09,7.006535660139499e-10,-1.0135207661009239e-10,-3.17502361324363e-10,2.2670763451169626e-10,1.608564116908743e-09,8.947136001922891e-11,-1.0607666249790556e-09,2.5510318812344424e-11,1.0194447225988469e-10,-3.196252860920917e-10,8.566239401958579e-11,-5.365527505919188e-12,5.878193209476725e-10,3.6055351456101076e-10,-5.872560888924639e-11,-4.903671751519324e-10,5.978475729695084e-10,-1.2055432860719812e-11,2.7087367956048603e-10,-1.1362596420709026e-10,-1.3025615510887629e-10,1.8568986461099834e-10,-1.6743417109189599e-10,-8.773826821259581e-10,-4.5236447271563135e-10,1.703768012475652e-11,-3.472965496868644e-10,5.986192282451647e-10,-2.07146187923559e-12,2.228341430442424e-10,-2.4199451165611225e-10,-1.4334100748209019e-09,5.66142435870194e-10,1.3908643566928714e-09,2.7954515339231722e-11,-2.395055695071782e-10,-8.139597339430245e-11
L12treat_p4,-3.911035357738021e-11,-2.597060371662171e-10,5.864827090468485e-10,-4.708484581858234e-10,-1.215821553205079e-09,-1.2308593647825609e-09,3.967384568686716e-10,9.55776361324388e-10,1.2782859407213131e-09,-2.954895819583075e-10,1.2316881375158438e-10,1.0165245241073347e-09,-1.1786076898232244e-09,-1.488562772598031e-09,-5.977911168294897e-10,-6.640295900398225e-11,9.585796614263797e-11,1.4224105854287995e-09,-1.7169410998454044e-10,-5.405109576469964e-11,9.801971049049173e-10,-4.3484134152807354e-10,1.2257660926319316e-10,-1.3098545342183456e-09,-4.5011197734282646e-10,-8.32851391550674e-10,7.150950932499731e-10,-1.9610715144455884e-10,-1.5602564724296562e-10,8.208748822806089e-10,-7.546159552667118e-10,-1.2349294170451544e-09,-1.006556633296841e-09,-2.9078456531821966e-10,7.006535660139486e-10,2.8859739063317757e-09,-2.1038475064402953e-10,8.934773233761477e-11,7.492358783684676e-10,6.920327530537735e-10,-4.139898685383444e-10,-1.456902699725619e-09,-5.437692076229454e-10,-6.465304292230065e-10,1.1683904086188943e-09,5.843703223806155e-11,2.9115930094918214e-10,3.1200414995129234e-10,-4.026825556878043e-10,-1.7988317219396e-10,1.6930157907296066e-11,3.7524813985575946e-10,8.807525472380752e-10,8.384720810440985e-10,-9.280785072667696e-12,2.716521499231774e-10,1.7615578712540998e-10,-1.228842157042913e-09,1.2220769779324862e-10,4.252721012018021e-11,-4.769768454924556e-10,4.34609203322773e-10,4.652929137848031e-10,1.4836067943409164e-10,-1.0421544689857352e-10,-4.8162638352269756e-11,8.332891978982932e-11,1.3346871349055735e-10,5.407967461415044e-10,-2.984421339778614e-10,-1.9305488210674376e-10,-1.0409361525770634e-09
L16treat_m4,4.784216994907533e-11,7.950289571569513e-11,1.330763776556622e-10,5.491803512820776e-10,-7.487829960958031e-10,-1.198303243576913e-10,-2.475318469887834e-11,-1.475115548373483e-10,-1.694387008454181e-11,3.66369788188341e-11,-6.021808876742984e-11,-1.5523945288793974e-10,7.050070342769428e-10,-4.548855417154196e-10,7.083946989576396e-11,1.6501736657364351e-13,1.816268397966889e-10,5.542342684290734e-11,9.203404196351598e-11,2.850889959693211e-11,6.10161024054668e-11,4.6090770528627555e-10,-5.440570152332349e-10,1.6869758379744365e-10,-3.609804353098619e-10,2.2205876886217337e-10,-9.149036462553328e-11,1.4687468907910625e-10,1.0235721763559867e-10,3.198823807259767e-11,4.966887398086969e-10,-3.8295193405677664e-10,1.6006985134211678e-10,1.879376825114133e-10,-1.0135207661009127e-10,-2.103847506440293e-10,1.628503479608003e-10,1.0814667529477116e-10,1.476975929284955e-10,2.799527824810243e-10,-3.418091699242421e-10,4.642828800628523e-10,2.766073819161458e-10,2.1614143614085717e-11,-1.1148390470157875e-10,5.080890335581138e-11,9.446920637611926e-11,2.1322729293422718e-10,2.8750253948942347e-11,-2.1954771014014013e-11,-1.5009369788875716e-10,-2.400787438400496e-10,1.7382100197034384e-10,-1.3084087472499803e-11,-1.1091592885258956e-11,-6.6954895604280236e-12,5.320069541760539e-11,1.4318121592915632e-10,-3.2408614172049957e-10,-1.5086199587550914e-10,-7.627467336356772e-11,1.2311808692708824e-10,-5.077554707777989e-11,-6.187888107354415e-11,2.2806638068540158e-11,-9.44806984915148e-11,-5.118090521825936e-10,3.1585649779368804e-10,-6.330311225313738e-11,1.8821339778840885e-10,2.2842135514282094e-11,1.0297630278157364e-10
L16treat_m3,5.917062611778247e-11,1.4623852572576408e-10,2.818547429144574e-11,3.125106199010832e-10,-9.065088269338511e-10,-3.1238550474871e-10,-9.373200071091508e-12,-1.2565780477859953e-10,2.708987316512557e-10,-4.82610513509777e-13,5.914922754611522e-11,-1.3528192831849405e-10,3.3207158157718644e-10,-6.173662608453178e-10,-9.664075424965943e-11,-2.252874329684931e-10,-1.0112121660373045e-11,3.1049603583292216e-10,3.000148927927088e-11,1.4331223206959452e-10,4.477068466561454e-11,3.331160563697421e-10,-3.552640315761742e-10,-1.6972779061746696e-10,-5.015384761216747e-10,5.5635216074325654e-11,8.373428017662416e-11,9.8047286108472e-11,2.608601719892476e-10,5.7910368883946104e-11,4.676840388962334e-10,-6.5120958400234e-10,-2.3214424081539919e-10,1.0790191589454889e-10,-3.175023613243616e-10,8.934773233761548e-11,1.0814667529477298e-10,3.250023916252732e-10,1.4706842141168208e-10,3.2617528157980105e-10,-2.595646521658072e-10,2.7458610228624514e-10,1.2544526627702872e-10,-1.1695363229972473e-10,1.2578495950645723e-10,6.702850440138327e-11,2.33208432508074e-10,9.516293633208722e-11,-4.254455836148282e-11,9.751783710499922e-13,-4.594198615331246e-10,-3.5806273236723666e-10,2.5982609656142143e-10,-3.791233062793933e-11,-5.4410875610492545e-12,1.1684879212084888e-10,-4.3588623142500163e-11,-1.1130040779270486e-10,-1.6171408789213605e-10,-2.218258697429513e-10,-2.0127575985393049e-10,1.2441011484618314e-10,-1.3309393228001769e-11,-3.131218813552717e-11,-1.4040155598407878e-10,1.0970853774382606e-11,-4.0896958216342526e-10,1.8148725213496512e-10,7.554762773439533e-11,1.453266078741149e-10,2.040481528667852e-11,-6.434073256684896e-11
L16treat_m2,9.015594181290825e-11,2.57016042401173e-11,7.87513509207079e-10,9.450023525884341e-10,-1.9189943109257745e-09,-6.459497136753785e-10,1.5353937755134839e-10,2.803320258423217e-10,5.297217549287925e-10,-7.462005961734607e-11,4.193859441488766e-12,3.78731273608552e-10,1.148587242101386e-09,-1.3088370463860137e-09,1.9560503363033377e-11,-1.7592868434891486e-10,4.882850249038764e-10,8.710530501510698e-10,8.104055243591805e-11,-2.889823802017667e-11,8.089606064042639e-10,9.538428114662055e-10,-9.038760123532448e-10,-8.776645424290224e-13,-1.0892969715089144e-09,3.556724010095301e-10,2.7239765493648344e-10,2.0329350185408839e-10,6.126211683091591e-11,7.066203271703592e-10,9.421875496316785e-10,-8.927588729539623e-10,4.2377637848543567e-10,3.840016147267983e-10,2.2670763451169703e-10,7.492358783684625e-10,1.4769759292849586e-10,1.4706842141168428e-10,9.146142122685008e-10,1.0567964442196838e-09,-3.626381932229008e-10,3.072897164259059e-10,1.7081274655126203e-10,-9.968548244569135e-11,6.40031485245425e-11,8.565731456601035e-11,3.016166527177677e-10,7.348762256098241e-10,-2.6995216992493195e-10,-1.5504218963164187e-10,-3.947217673846236e-10,-9.956348385223811e-11,7.352064673927006e-10,3.9096677793943434e-10,-1.5498299677683668e-11,5.647595891071579e-11,1.9254864921991875e-10,-1.2947875244611792e-10,-5.542089562258707e-10,-5.567810456103339e-11,-4.866017305126584e-10,4.3566041215692896e-10,5.150540028557316e-10,-2.1573781157722354e-11,6.075501118593539e-11,-3.9200978848723945e-10,-1.1707067452504896e-09,4.383132040226142e-10,1.1438154601399766e-10,2.3594820852106324e-10,-1.538076811235749e-10,-3.469741148124174e-10
L16treat_m1,4.02014551222376e-10,2.2713499201977358e-10,1.1612522376552794e-09,6.218850094952194e-09,-6.9575103052774284e-09,-6.435191247926665e-09,1.398050928691829e-09,8.963376769945161e-10,1.0219428768970777e-09,-2.394849947548213e-10,5.377178886660383e-10,-1.692240211049048e-09,9.925586202757019e-09,-3.538310687392809e-09,-4.570408861011675e-09,1.0391055675579346e-10,2.525105105326315e-09,3.7132698283704114e-09,5.88601570555992e-10,-1.4082823629192924e-10,1.1404062873738544e-09,9.75883849771762e-09,-2.552296116954092e-09,-7.618655787033297e-10,-2.587270546707831e-09,2.0328651227930146e-09,1.2305171949952932e-09,1.045884505190275e-09,7.328700705475746e-10,3.04040880766151e-10,9.035410552802124e-09,-3.8263151364860685e-09,-1.4382414807226192e-09,2.4368415719187275e-09,1.608564116908746e-09,6.920327530537797e-10,2.7995278248102457e-10,3.261752815798115e-10,1.0567964442196807e-09,8.730610028874233e-09,-1.3217961098900416e-09,-1.5596072760870346e-09,3.5999595257737273e-09,2.1880687019704392e-10,-1.8606214473778656e-10,3.295832200608281e-10,1.155453533747979e-09,3.3626185911302503e-09,1.8204031811449558e-09,6.195841619623511e-10,-3.8984658107625785e-09,-4.6432249633763646e-10,-5.605365129932937e-10,1.0373621812894884e-09,-3.990662164775687e-10,-3.953555946526507e-11,5.70021694371384e-10,1.3944286289760141e-09,-2.8185551444992472e-09,-1.4404396305847657e-09,-1.3034873893434402e-09,-3.0222533108340715e-09,3.02380036879465e-09,-1.7977540569718236e-10,5.226594076884722e-10,-1.056628480752688e-09,-1.0479341739916517e-08,2.1242138305597597e-09,5.035811187347629e-09,4.588774442735443e-10,9.988392358229134e-10,-7.473865542248135e-10
L16treat_p0,-1.9359739954465448e-10,-4.770430479051504e-10,-6.38457601581697e-10,-3.2659936949072146e-09,6.31822720636289e-09,9.970209500197084e-10,1.5025288641924728e-11,2.0494712600862802e-10,-5.912402414125717e-10,-1.7184167404093877e-10,5.411064743979036e-10,8.541500703050554e-10,-4.223360629645513e-09,4.3179740877309554e-09,2.5211499039298515e-10,6.811617518328683e-10,-1.4237024420071834e-09,-1.071943832326266e-09,-1.822313003864832e-10,-8.879396091382293e-11,-2.1859117657099962e-10,-3.4010672324172575e-09,5.937121934762853e-09,-1.9294675418148616e-10,1.828533183472291e-09,-5.019753682940111e-10,6.016294791511116e-10,-3.720300675516887e-10,-5.822417371091374e-10,-8.413697775009286e-11,-3.313235798659911e-09,6.2887984589512675e-09,1.473564670860452e-10,-5.762816861214051e-10,8.947136001923747e-11,-4.139898685383401e-10,-3.4180916992423905e-10,-2.595646521658022e-10,-3.626381932229047e-10,-1.3217961098900108e-09,5.2395550047225856e-09,-2.5121065871345465e-09,-1.8875384706648575e-09,-2.6618272020752646e-10,-3.015141860018511e-10,9.235062370101931e-11,-3.824817982551196e-10,-1.2006954023001302e-09,2.82094217555585e-10,8.870218310940102e-10,-8.419000314056158e-10,1.7194967600134454e-09,-1.374153000736937e-09,-4.6461129802472797e-10,4.852907825124953e-10,-8.882803132451009e-11,-5.497264046123099e-10,-1.195189707607508e-09,1.9137727499784322e-09,1.5341646134758422e-09,1.0694056953195797e-09,-1.2994538005205949e-09,8.705239682048894e-10,-5.853672978851123e-11,-4.0427616244670154e-10,2.181238952016373e-10,3.76073035242829e-09,-3.072529873578793e-09,7.818048543225596e-10,-6.574835590191312e-10,1.9204851836120181e-10,2.6458763472944186e-10
L16treat_p1,1.5471059709417635e-10,6.352641240942754e-10,6.562710032285136e-10,1.6809530213917383e-09,-3.462500102279155e-09,2.356897729835403e-09,-1.3232072470895383e-10,-1.5810141015743135e-09,2.035968962767301e-10,3.3992982714410967e-10,-7.143704228151799e-10,-5.154261451748282e-10,1.634858178700872e-09,-1.7874443709693841e-09,2.6711699696703355e-09,-1.5690401505125914e-11,3.732686317945211e-10,-2.0453639641479645e-10,1.3610647766342383e-10,3.469283310001238e-10,-2.190390519870914e-10,5.19284775644506e-10,-3.068685121927523e-09,2.756935153614804e-09,-1.0312799960911576e-10,1.1621670651793691e-09,-7.594917689379916e-10,2.579841557236998e-10,4.4175696206810537e-10,-7.432500386879639e-11,3.6888963052542405e-10,-2.781143057160791e-09,2.767103435872989e-09,1.194585370142714e-09,-1.060766624979037e-09,-1.4569026997256197e-09,4.642828800628519e-10,2.7458610228623067e-10,3.07289716425906e-10,-1.5596072760870335e-09,-2.5121065871345345e-09,6.28699519081619e-09,1.5294306465008814e-09,7.796492107597861e-10,3.0508470459929615e-10,-1.6488302252376867e-10,-5.226689697124891e-11,2.5999780442551063e-10,-1.0887208277681425e-09,1.1163468723927558e-10,1.0776513221756978e-09,-1.872349669373061e-09,1.0117381634875404e-09,1.5278039960320028e-10,-2.72101863616092e-10,-1.838775511614674e-10,1.1539733047782421e-10,6.059105099571497e-10,-5.899181166314704e-10,-9.582328041804424e-10,-4.896890236541973e-10,1.907800662526245e-09,-1.1544971983720726e-09,-6.014985792174521e-11,3.375603263295887e-10,-7.334254519035882e-11,-3.684208572499867e-10,1.1124375429848293e-09,-3.2420980015456837e-09,5.639614349301895e-10,-3.5397253512048707e-10,2.0742132298681584e-10
L16treat_p2,1.506557442807459e-10,3.828376858112895e-10,3.18223370723847e-10,3.3905456060266517e-09,-4.525389341457107e-09,-2.6929950982906633e-09,1.59194660839876e-09,-6.149064329769077e-10,-3.700756674412499e-11,6.899377298433528e-11,6.488062696457879e-11,-1.4200079687569148e-09,6.384318860937922e-09,-1.922104320822453e-09,-2.2971794584160536e-09,1.3775224896977796e-09,8.658424391176968e-10,1.7355912166743866e-09,4.1005205275812614e-10,-1.8540830489557556e-10,1.3469056902821266e-10,5.161339265820097e-09,-2.9981751318618087e-09,5.395624197743734e-10,-2.3591137002875147e-11,9.513734295919365e-10,2.815892687573563e-10,6.156585145375899e-10,5.686928334909602e-10,-5.6565249044346496e-12,4.568772796628667e-09,-2.9299103880637503e-09,-4.58741955293216e-10,2.507927349601385e-09,2.5510318812351297e-11,-5.437692076229442e-10,2.7660738191614476e-10,1.2544526627702313e-10,1.7081274655125697e-10,3.5999595257736983e-09,-1.8875384706648765e-09,1.5294306465008715e-09,4.966719833398684e-09,6.124533969211202e-10,5.869066069566115e-10,-2.2222014794311962e-11,2.9264689518502685e-10,1.738986568823595e-09,1.154516165815575e-09,1.119865107323986e-09,-1.289001531917776e-09,-2.1606044428007206e-10,-1.1979929862257628e-09,5.066335703276497e-10,-3.643556843522415e-10,-2.5011046919845966e-10,3.261997841027023e-10,1.7646871762488653e-09,-1.39844070832772e-09,-9.31419870917275e-10,1.0211330341129075e-10,-1.8915472130468817e-09,8.715154708836387e-10,-4.7801227950500805e-11,5.708098172672301e-10,-4.780434994801839e-10,-5.87200647671841e-09,1.2654892216531438e-09,1.6860515338633077e-09,-6.813983734535575e-10,1.1744429772003083e-09,9.467179192700923e-13
L16treat_p3,8.322436163210671e-11,1.5445674596441926e-10,6.188962975502751e-11,7.630393979631384e-10,-4.39159757031003e-10,4.31944195252492e-10,-2.1053779400278606e-10,1.1496661097979817e-10,-1.3458838095922433e-10,2.1540560142564455e-10,-2.7198457975638528e-11,-2.991458878383042e-10,1.6719582632323354e-09,1.6559058022895927e-10,1.1966298857338027e-10,-3.0972591048918454e-10,8.880849312577712e-10,-1.916712319366792e-10,1.401706427870439e-10,-1.861925787520473e-11,-1.0537214253199409e-10,1.230784190053682e-09,-1.2557915975841048e-09,5.21348083637253e-10,9.866044670833868e-11,1.4971311326903012e-09,1.2569235324986367e-10,1.3778586391519392e-10,6.259462818239707e-11,-5.088065471067521e-11,1.4312575763879238e-09,-4.5230339717920495e-10,7.025904640311019e-10,2.9845446152684095e-10,1.0194447225988908e-10,-6.465304292230072e-10,2.161414361408463e-11,-1.1695363229972646e-10,-9.968548244569433e-11,2.1880687019703172e-10,-2.6618272020753183e-10,7.796492107597717e-10,6.124533969211152e-10,1.285600118638719e-09,-3.291271053302966e-11,-1.4275589973840622e-10,-1.585244412660291e-10,2.2603140167600513e-10,2.3076135311105956e-10,-1.1561777251153368e-10,1.9809090163036276e-10,-3.2582438814212275e-10,2.7623353493880887e-10,1.0350548054530568e-10,-9.761745146699681e-11,-1.1825139317253434e-10,3.545535979184328e-11,8.375957235687819e-10,-1.6756367656291167e-10,-2.852766948056847e-10,-1.689527961352134e-10,4.030913273864941e-11,8.696167574747465e-11,2.0796464530955376e-11,1.497065719444085e-10,-1.2415709506645248e-10,-9.986470801133242e-10,2.681450738423143e-10,-1.2314104255703513e-10,2.632066270829194e-10,-2.838741804882503e-10,1.8140599087265905e-10
L16treat_p4,-1.87002715665631e-11,7.247685214626524e-11,1.465939574651801e-10,-4.956360191088224e-10,-4.000680305065915e-10,-1.0045524525010996e-10,5.873543504108383e-10,-4.1666861307616425e-11,9.255341151184974e-10,-8.633669914008712e-11,5.666640227484818e-12,5.591045952207545e-10,-8.072673531621304e-10,-5.230181162487317e-10,2.04220210298454e-11,2.603633115173342e-10,-4.135726439170321e-10,7.377536573838234e-10,-4.0944391137878075e-11,7.308376051897606e-11,2.788985197803168e-10,-9.10746354367164e-10,9.941375418317817e-11,-4.2692900289140325e-10,2.501539566454419e-10,-2.449947881098717e-10,8.361746790053473e-10,-9.312718321475655e-11,-3.1946194848134717e-11,2.1788075005565918e-10,-9.58079278631442e-10,-3.6013257095490955e-10,-4.522818356367242e-10,2.3875966363324773e-10,-3.1962528609209135e-10,1.1683904086188982e-09,-1.1148390470157882e-10,1.2578495950645718e-10,6.400314852454293e-11,-1.860621447377927e-10,-3.015141860018464e-10,3.0508470459930096e-10,5.869066069566087e-10,-3.291271053302806e-11,2.0168899137935693e-09,-4.657088632783975e-11,8.343280078729028e-11,-1.1911991626843919e-10,2.298215264272951e-10,4.42814985350491e-10,4.3034704065093263e-10,-2.571434949053217e-10,2.8411674849348397e-10,6.193066484893659e-10,3.2864117427900197e-11,1.7595780065821918e-10,6.140754337441719e-12,-6.919347214479453e-10,8.759349057736736e-10,8.398651353623777e-11,-6.909404410998357e-11,1.1895769269859888e-10,-1.3869009446231285e-10,7.449743152235649e-11,-8.302685623046556e-11,1.817401618097732e-10,3.8379997040263986e-10,-4.188369932925946e-10,-4.734066281841209e-10,-5.264887662940371e-10,-3.8323727779727344e-11,-6.004748360162641e-10
F12treat_m4,1.275503754617311e-11,-1.7022754602054907e-11,1.0590953155978592e-11,2.178469788234724e-10,-1.1797257102072871e-11,-3.487949560705401e-10,1.0002409065398081e-10,2.4669819517283796e-11,-5.86774916995428e-11,-3.4194031170781655e-11,3.673070148227611e-11,-1.0716944133614818e-11,1.3242941937624919e-10,-5.7813517980414115e-11,-2.000608403150579e-10,1.0833897653556113e-10,-1.005852343161365e-11,6.860907229814045e-11,3.124694352747544e-11,-1.7427525379829114e-13,6.701189924720437e-11,8.776733483737832e-11,3.408634477025653e-10,-1.4279366601620017e-10,-1.235532077492123e-10,-6.967020964303657e-11,-3.662576498968244e-12,4.6313368997119504e-11,1.083118386981418e-11,2.8298911801003555e-11,8.505173131245167e-11,2.065320895960844e-10,-2.544542241822809e-10,8.723151397961174e-11,8.566239401958575e-11,5.843703223806208e-11,5.080890335581165e-11,6.702850440138421e-11,8.565731456600983e-11,3.2958322006082925e-10,9.235062370101732e-11,-1.648830225237684e-10,-2.2222014794310124e-11,-1.4275589973840526e-10,-4.657088632783944e-11,1.0811510926892436e-10,1.0915066182866192e-10,8.471916425842054e-11,1.4189205721474827e-10,1.3662411224516345e-10,-2.3401300717247836e-10,-8.196391253031332e-13,7.681522071266226e-12,-5.5419079165531176e-11,3.223797705372777e-11,3.283511873883772e-11,2.7771043246248627e-12,-9.625684772328686e-11,-4.5606079396899026e-11,1.1540627561289242e-11,5.828120626920072e-11,-1.1595884199925411e-10,6.473863937461824e-11,-5.4041543826912115e-11,-3.952546453942359e-11,-4.612189406198043e-11,-2.4161349998183484e-10,-2.964726845115029e-11,2.2174583073298391e-10,-2.736996772794468e-11,-1.1797942249779456e-11,3.257680734904317e-11
F12treat_m3,7.532497994069089e-11,1.0858040530388992e-10,2.7335306550592046e-10,9.39053718181061e-10,-1.5667028395303068e-09,-1.0446626541617128e-09,1.9076345747814678e-10,4.4175979911311726e-11,2.502606129536318e-10,-6.640487638414075e-11,1.1045455741287196e-10,-1.4889957910616188e-10,1.2670742975936317e-09,-9.479012375998037e-10,-5.504299172647414e-10,-2.1823425475145142e-10,2.622477893344343e-10,6.895002345172676e-10,5.485343140911794e-11,4.8086693202554505e-11,2.3954937264016613e-10,1.1845793439689385e-09,-5.508143783403125e-10,-3.4823899455030357e-10,-9.64327987615474e-10,1.4294131916367153e-10,1.9533164858314135e-10,1.8444072273139866e-10,2.1666883016085892e-10,1.7663557662343365e-10,1.3465820934833363e-09,-8.741822317942549e-10,-3.167898903939319e-10,2.907843037586144e-10,-5.365527505915842e-12,2.9115930094918137e-10,9.446920637612049e-11,2.332084325080765e-10,3.016166527177661e-10,1.155453533747981e-09,-3.824817982551246e-10,-5.226689697125432e-11,2.9264689518503037e-10,-1.5852444126602528e-10,8.343280078729023e-11,1.0915066182866197e-10,3.9812696048056433e-10,5.179693178170942e-10,1.0562723888570155e-11,7.468580751920478e-11,-6.574717136054462e-10,-3.2320338222358964e-10,2.8641621188314873e-10,1.575672090505922e-10,-4.254301494370985e-11,9.352312325796354e-11,1.223610755994075e-11,2.15067538445502e-12,-2.8085244168164607e-10,-1.4675374217103938e-10,-3.834503171538758e-10,-1.2270142894735245e-10,3.9152366875048994e-10,-3.354935680471498e-11,-3.2468118240048284e-11,-1.4960612388857316e-10,-1.4887165271758299e-09,2.9957886868305867e-10,5.044409673658614e-10,1.4328545569324262e-10,2.372987874933792e-11,-2.151927669381313e-10
F12treat_m2,1.5278868196997319e-10,1.3359303248603542e-10,9.213862052225791e-10,2.9730657636609567e-09,-4.148952367250467e-09,-2.365268035584968e-09,4.2980398609037813e-10,1.4467695847203506e-10,3.224427894809435e-10,-8.04832887300322e-11,1.0010350091632721e-10,-5.687951541061743e-10,4.661690186178577e-09,-2.051178180046269e-09,-1.4294091308383645e-09,-1.7060582150983626e-10,1.3969454397589285e-09,1.6040092953424104e-09,2.5942401078289465e-10,-9.083603635910094e-11,6.185609414282512e-10,4.256500335848777e-09,-2.2417027802934037e-09,1.6770170956044387e-10,-1.6250975988760948e-09,9.439412039015253e-10,2.6734985297250855e-10,5.368449426770048e-10,3.236888213826121e-10,3.62496307396228e-10,4.02260463891842e-09,-2.1742233209193636e-09,1.7319985041773635e-10,1.1023211049276077e-09,5.878193209476726e-10,3.120041499512881e-10,2.1322729293422576e-10,9.516293633208621e-11,7.348762256098195e-10,3.36261859113024e-09,-1.20069540230013e-09,2.599978044254991e-10,1.7389865688235972e-09,2.260314016760093e-10,-1.1911991626843965e-10,8.471916425842021e-11,5.179693178170918e-10,1.8480030172471184e-09,3.3802546525797073e-10,1.5978503829752292e-10,-1.1501670665297823e-09,-4.71535701643203e-10,2.018329828731495e-10,6.920757903687453e-10,-2.2307086254581415e-10,-5.538935253035742e-11,4.586137272238694e-10,7.309343283420838e-10,-1.3326967769221384e-09,-5.786375938463844e-10,-9.561646458311596e-10,-7.672292142991306e-10,1.1493836510656571e-09,-5.988146300247865e-11,3.4739622495078797e-10,-6.6387386060155e-10,-4.676454233851787e-09,1.168464434248626e-09,1.4860175397365217e-09,4.266900532349266e-10,3.785367255918342e-10,-3.53402923748678e-10
F12treat_m1,6.901886411066551e-11,-1.0807973663845062e-11,-3.2799187642767346e-10,1.1096386564321325e-09,4.6253576742642896e-10,-1.68649072140298e-09,5.283135657794982e-10,3.292942169568821e-10,-4.4867145740731776e-10,-1.746916850241077e-11,1.5647275305072518e-10,-5.330583347394267e-10,2.157488156736473e-09,5.732031043855638e-10,-1.7064847261248793e-09,5.125278598413459e-10,3.4291679065224485e-10,1.5788466430251407e-10,1.7340465211219747e-10,-1.177457290755277e-10,-1.3477786790546262e-10,1.5368885499763286e-09,4.98528943281858e-10,-4.728810502969602e-10,3.6605807571386843e-10,3.471552691515503e-10,1.1217480113428757e-10,2.328691567318385e-10,2.907288986285196e-11,-2.8169779493319407e-10,1.3112900748661586e-09,1.0555480074106209e-09,-1.4981970044839243e-09,4.845618297171449e-10,3.605535145610181e-10,-4.0268255568780446e-10,2.8750253948942793e-11,-4.254455836146753e-11,-2.699521699249362e-10,1.8204031811449885e-09,2.8209421755554753e-10,-1.0887208277681365e-09,1.1545161658155625e-09,2.3076135311108176e-10,2.2982152642729765e-10,1.4189205721474566e-10,1.0562723888562721e-11,3.3802546525797254e-10,1.8500524810478984e-09,8.385561775232859e-10,-7.13643744832429e-10,1.9210987022913163e-10,-6.946221333844204e-10,-1.79384276213664e-10,4.422122615079388e-11,4.145530818005735e-11,2.0001157461276892e-10,6.671096590111192e-10,-1.2296630540045744e-10,-4.321274635659889e-10,3.4189793353995056e-10,-1.3842468378650514e-09,1.9593226892455454e-10,-1.3392113663844938e-10,4.4385048309451976e-11,-1.4222377657478807e-10,-2.1018477852016663e-09,-2.307946020706202e-10,1.5986689767686781e-09,-3.6435763221705374e-10,2.635023789083843e-10,3.426669689168099e-10
F12treat_p0,-2.674584577304476e-11,2.6895713944990544e-11,-1.2920253509789644e-10,2.77084502408848e-10,7.570560901018252e-10,-9.88714904312788e-10,7.766813809678339e-10,-4.605335011841083e-10,-5.714896973899074e-10,-8.335464744571671e-11,2.782833255321052e-10,-1.8740105447186047e-10,7.152618700870707e-10,1.1305379919736003e-09,-7.47346994689953e-10,7.695232049476352e-10,-3.2341609009825847e-10,4.2491596564268577e-10,7.032036080779612e-11,6.27815107117254e-11,-2.1237794758646602e-10,2.1797356211426885e-10,1.836969885675648e-09,6.147082984849283e-11,6.131046260861512e-10,-3.797925151391781e-10,1.2365358338898578e-10,1.381348601700997e-10,9.281391944880775e-11,-1.5739919638023685e-10,-4.1492913556547083e-11,1.7788536457925922e-09,-7.184972257864131e-10,5.891075908351472e-10,-5.872560888923317e-11,-1.7988317219395522e-10,-2.1954771014013687e-11,9.751783710497006e-13,-1.5504218963163192e-10,6.195841619623359e-10,8.870218310940101e-10,1.1163468723926291e-10,1.1198651073239869e-09,-1.1561777251152282e-10,4.428149853504869e-10,1.3662411224516368e-10,7.468580751921339e-11,1.597850382975228e-10,8.385561775233e-10,1.8060565824707775e-09,-5.104385128663006e-10,-5.304172911234449e-11,-9.219178532392045e-10,-2.3830855168016046e-11,6.94894783480612e-11,-3.440891071218214e-13,1.1644920905277945e-10,7.212057292828119e-11,1.0476917496635413e-09,-2.098494272353948e-11,1.5950442516873268e-10,-1.380660919173751e-09,3.071673336957794e-10,-1.23816893539393e-10,1.1801837488318016e-11,-1.331736554364118e-10,-9.321383537927345e-10,-1.2100827483650257e-09,8.159192636316218e-10,-5.156066339989879e-10,5.72234965585743e-10,6.884474627011928e-11
F12treat_p1,-1.9826203367702368e-10,-1.4441062280846005e-10,-1.5350154675837484e-10,-2.19306345914491e-09,2.1848008956361214e-09,3.158069400006429e-09,-4.4164658762396684e-10,-3.3654346603406793e-10,-5.118997435606221e-10,1.4741298545979116e-10,-4.353918141060322e-10,1.0661523818114206e-09,-3.480120815173094e-09,1.0454173325396058e-09,2.3956916414334356e-09,-1.89810263734108e-10,-6.338965930830972e-10,-1.528380712725527e-09,-2.0366339367285625e-10,-9.824077498290431e-11,-3.7709477729870133e-10,-4.137244836091007e-09,-5.75014161764392e-10,6.50121357205583e-10,8.742777659154293e-10,-9.073683775173614e-10,-4.767860879137557e-10,-4.29810971102255e-10,-5.149523112722507e-10,9.255128344232239e-12,-3.623779568886466e-09,8.215313870299435e-10,1.0822623593436054e-09,-1.1722581975908459e-09,-4.903671751519282e-10,1.6930157907296044e-11,-1.5009369788875434e-10,-4.5941986153312917e-10,-3.947217673846194e-10,-3.898465810762535e-09,-8.419000314056057e-10,1.0776513221757112e-09,-1.289001531917786e-09,1.980909016303695e-10,4.3034704065092746e-10,-2.340130071724765e-10,-6.574717136054412e-10,-1.1501670665297756e-09,-7.136437448324118e-10,-5.10438512866297e-10,3.0751438250948e-09,9.29589344825249e-12,6.095465900970304e-10,-2.396366511585138e-11,1.194983536081426e-10,-2.5219613335766806e-11,6.427799398218328e-11,-1.2682005160131741e-10,1.2490878523928338e-09,8.251675193662445e-10,3.738631162584244e-10,1.7017813344967906e-09,-1.5548160651002691e-09,1.2530616552979456e-10,3.7315604437752635e-11,3.44354127576767e-10,4.061388438838153e-09,-4.679041536075281e-10,-2.963017703054138e-09,-2.573585600468264e-10,-6.391424164958168e-10,1.3896955292047977e-10
F12treat_p2,-1.589916848770615e-10,-5.341699426545194e-10,-4.556776660297614e-10,-1.666719326001031e-09,2.7269159709698858e-09,1.0637894278443838e-10,4.1652126170256156e-10,7.119126024576622e-10,-1.718764015090272e-10,-1.5642742724259415e-10,5.845925470187943e-11,5.173281394811869e-10,-2.1302272035463197e-09,1.3974120781425453e-09,-5.882583590409065e-10,1.253662153372826e-09,-6.313721706790811e-10,-5.782241958017621e-10,-1.9348260154226604e-10,-4.219043455023511e-10,2.087079912605971e-10,-1.5763628603795039e-09,2.046490766015857e-09,-5.813699966177995e-10,1.6776332953083616e-09,-7.725216952301722e-10,-1.608757268073362e-10,-3.8570748921753625e-10,-5.297525583911512e-10,2.1894485177091055e-10,-1.906436518022794e-09,1.9733645759929047e-09,-5.280124360252246e-10,1.1497911509866094e-11,5.978475729695143e-10,3.752481398557608e-10,-2.400787438400495e-10,-3.580627323672381e-10,-9.956348385223801e-11,-4.6432249633763827e-10,1.719496760013437e-09,-1.8723496693730604e-09,-2.160604442800679e-10,-3.258243881421169e-10,-2.57143494905321e-10,-8.196391253035245e-13,-3.232033822235917e-10,-4.71535701643204e-10,1.92109870229131e-10,-5.304172911235138e-11,9.295893448262622e-12,2.2680498729187286e-09,-8.145656310524948e-10,-2.096108743740596e-10,1.434801473746893e-10,-1.6524317667560265e-10,-2.2965488859433483e-10,-3.9055004095700287e-10,1.7895693599779953e-10,7.218131631951916e-10,1.3579161214698177e-09,-3.4388369140060564e-10,2.9971923959621623e-10,8.95008093106494e-11,-1.5265194723961953e-11,1.1375021653177543e-10,1.811713060672052e-09,-8.404591876213702e-10,5.593087855290839e-10,-1.0657993014480406e-09,-1.2227310591148543e-11,1.3117851852281487e-10
F12treat_p3,1.2549501517982845e-10,1.3423931387046075e-10,7.579283290236151e-10,4.6114573428020137e-10,-2.1087052417903143e-09,5.043223550521469e-10,-7.355915158511351e-10,7.124376090978927e-10,7.868017601948978e-10,5.5096163582984305e-11,-2.923421299799691e-10,6.313280467236473e-10,-2.362350182406942e-10,-1.8024885177618359e-09,1.1288725016582484e-09,-1.0968980318997327e-09,8.405838792515477e-10,8.186196763253957e-11,-4.983116248376629e-11,1.229641052241436e-10,6.606273275390966e-10,-4.4631585959673945e-10,-2.199752605672127e-09,-1.4379544395851376e-10,-1.565093676992017e-09,7.73172283058455e-10,-1.5714730051077008e-10,7.384862828102367e-11,4.98879178957523e-11,6.385672327058388e-10,7.21472876486217e-11,-1.7342435522064752e-09,5.160517471523062e-10,-4.3495810009750384e-10,-1.2055432860724775e-11,8.807525472380751e-10,1.7382100197034275e-10,2.5982609656141843e-10,7.352064673926986e-10,-5.605365129932981e-10,-1.3741530007369397e-09,1.0117381634875522e-09,-1.1979929862257682e-09,2.7623353493880147e-10,2.8411674849348185e-10,7.681522071265338e-12,2.8641621188314413e-10,2.0183298287314801e-10,-6.946221333844314e-10,-9.219178532392103e-10,6.095465900970392e-10,-8.14565631052499e-10,2.3450926212214727e-09,2.6293680118618453e-10,-3.510474625268098e-11,2.651879516866367e-10,1.4410009433440683e-10,-4.4133581475628356e-10,-3.951384609610418e-10,-3.651564106163971e-10,-9.561833977147743e-10,2.19580627297691e-09,-5.198172888595213e-10,4.268577018112312e-11,-1.2368343428240663e-10,-1.0620087243205767e-10,3.291920137356104e-10,8.258028814880289e-10,-1.2698122544405575e-09,7.671722375182857e-10,-1.1257982085835496e-09,-2.378088248687098e-10
F12treat_p4,4.801090031919064e-11,8.729027327032368e-12,6.08003914447656e-10,7.337708324081771e-10,-1.7608960093691751e-09,-6.081781482570763e-10,2.740508136209362e-10,2.7513621332087096e-11,6.879128025463907e-10,-6.845687910410218e-11,2.8691303466258533e-11,1.3920943769762594e-10,1.279487118561836e-09,-9.801111330549895e-10,-1.7306218640667353e-10,-2.0027310238755158e-10,4.903628070318685e-10,1.0089401331073885e-09,6.713872971458233e-11,-2.470874543316849e-11,4.420408974744271e-10,1.222622648281068e-09,-9.381607617782742e-10,1.1121435644031913e-10,-6.012549575259819e-10,3.215775206035283e-10,6.33799046334351e-10,1.3419974639067534e-10,1.518504877190956e-11,2.8827959513797974e-10,1.1095756231110618e-09,-1.1581720508584863e-09,5.391508520652486e-10,3.0836283885000775e-10,2.7087367956048484e-10,8.384720810440985e-10,-1.3084087472500049e-11,-3.791233062794047e-11,3.9096677793943656e-10,1.0373621812894778e-09,-4.6461129802473515e-10,1.5278039960319594e-10,5.066335703276509e-10,1.0350548054530531e-10,6.193066484893608e-10,-5.5419079165531344e-11,1.5756720905059387e-10,6.920757903687465e-10,-1.793842762136633e-10,-2.3830855168020586e-11,-2.3963665115852054e-11,-2.096108743740588e-10,2.6293680118618546e-10,9.80902473068597e-10,-7.247973941859844e-11,-1.9776226130049495e-11,2.1705544193613604e-10,-9.15733995775879e-11,-2.7225206434707115e-10,1.9784806436349522e-11,-5.343118566170868e-10,-1.2480380124051074e-10,7.039742052057952e-10,4.309762517823924e-11,1.6860951374289403e-10,-2.1220840876144761e-10,-1.3861645335913699e-09,4.0836577694972866e-10,1.9045120971116695e-10,1.7822723854248514e-10,1.225634784230797e-10,-6.111362804881179e-10
F8treat_m4,-2.6670933373041446e-11,-4.990322171946254e-11,-6.542183919497481e-11,-5.046764506302054e-10,8.318415013801891e-10,3.102844136430914e-10,-6.25838855164016e-12,-1.91906973142119e-11,-9.676690458202929e-11,-1.2223489770801496e-11,3.6696990323336424e-11,2.238885587905567e-10,-7.458430545077662e-10,4.791402637772396e-10,2.1736774034896603e-10,3.310563059017455e-11,-2.638921374089884e-10,-2.1506249276109648e-10,-1.7489744434652034e-11,-6.1101606889699184e-12,-2.042023982548944e-11,-8.054181807816788e-10,6.057431388540724e-10,-6.901048709755391e-11,1.1037647167501257e-10,-2.0166726749707428e-10,7.524643442248553e-11,-4.3332834638659554e-11,-8.71110582482783e-11,2.6125875796568075e-11,-6.720007228563945e-10,7.993202775253717e-10,8.061164985837028e-12,-1.9519373643817575e-10,-1.1362596420709053e-10,-9.280785072667306e-12,-1.1091592885257684e-11,-5.441087561046163e-12,-1.5498299677682443e-11,-3.990662164775603e-10,4.852907825124921e-10,-2.721018636160851e-10,-3.6435568435224e-10,-9.761745146699409e-11,3.286411742790017e-11,3.2237977053727816e-11,-4.254301494370968e-11,-2.230708625458093e-10,4.4221226150796415e-11,6.948947834806075e-11,1.1949835360814114e-10,1.4348014737468805e-10,-3.510474625267959e-11,-7.247973941859787e-11,1.0150891700600252e-10,2.8053295657177204e-11,-4.8474636663458094e-11,-1.7025205756877073e-10,3.315433532982832e-10,2.7675066839424684e-10,1.3848730217156673e-10,8.437967705720516e-12,-5.11556786222868e-11,-2.1222915589207065e-11,-8.44934128709857e-11,4.23154274106903e-11,7.542450653552316e-10,-3.9074677432672024e-10,-1.6365049044647995e-10,-8.595567103677657e-11,-3.875338455331915e-11,3.702271694096873e-11
F8treat_m3,1.0653652883465038e-11,3.223135020824949e-11,1.6084199535401306e-11,-8.843163144144695e-11,-1.2290291486649312e-10,-1.4750279750906296e-10,-4.200486787570095e-11,8.265444345065547e-11,1.3000811850696184e-10,-2.533895689444369e-11,3.502769700773638e-11,1.177365412575567e-10,-2.4503803262673243e-10,-1.7117339045242565e-10,-3.475990820876923e-11,-2.3155648034850444e-10,-4.941471063345429e-11,1.0579254228353635e-10,-3.131168218508467e-11,5.225124043986214e-11,4.3192670789191844e-11,-2.508585944355219e-10,-3.081529842071088e-11,-2.717254185687803e-10,-2.815757012564799e-10,-1.4250755183500548e-10,5.866444372232112e-11,-7.0009245296071e-12,5.672242094331394e-11,7.157383461708605e-11,-1.1016257171912491e-10,-6.293839202110997e-11,-3.2824077858995785e-10,-1.8314684813922677e-10,-1.302561551088755e-10,2.716521499231758e-10,-6.695489560425871e-12,1.16848792120857e-10,5.647595891071484e-11,-3.9535559465256184e-11,-8.88280313245113e-11,-1.838775511614511e-10,-2.501104691984538e-10,-1.1825139317253134e-10,1.7595780065821897e-10,3.283511873883739e-11,9.352312325796719e-11,-5.5389352530353683e-11,4.145530818005555e-11,-3.4408910711648597e-13,-2.5219613335764e-11,-1.6524317667560205e-10,2.6518795168663917e-10,-1.977622613004871e-11,2.8053295657175498e-11,1.2588447161567292e-10,1.814251445473519e-11,-1.5327879685066253e-10,1.5871013019762529e-10,-4.8563813376374277e-11,-1.692814083421293e-10,1.4858919229052948e-10,-1.0060006793841454e-10,2.4342533614539945e-12,-1.0393430707597387e-10,3.2415157485958695e-11,1.0277886068188923e-10,-8.148076309099264e-11,-7.123975500158067e-12,3.8552004112001003e-11,-8.620668970830335e-11,-7.527753610201308e-11
F8treat_m2,1.377657963314101e-11,-1.4944379222605974e-11,2.7946000892990563e-10,7.040247822116974e-10,-8.794220942704669e-10,-4.31066746180792e-10,-9.74998259118989e-11,-3.130698100987141e-11,2.6149348928049246e-11,-4.721788068937321e-12,-4.399215241114271e-11,-6.845201031117514e-11,9.397292997570852e-10,-4.181624542262755e-10,-1.6797083692178227e-10,-1.5580318679170812e-10,4.230277820489366e-10,2.870018595589065e-10,5.93890104200169e-11,5.839387829383271e-12,1.4361624593853933e-10,8.52219800254635e-10,-5.823432746135302e-10,1.5733763232848808e-10,-2.54070505549052e-10,7.924979859440287e-11,-1.0807263960830368e-10,1.2558522270899462e-10,4.658837624302457e-11,7.416468398439148e-11,6.580232795349542e-10,-4.061908353179413e-10,3.7218853569969504e-11,4.9924060996179194e-11,1.856898646109986e-10,1.761557871254075e-10,5.32006954176065e-11,-4.358862314249525e-11,1.9254864921992322e-10,5.700216943714003e-10,-5.497264046123084e-10,1.1539733047782929e-10,3.261997841027051e-10,3.54553597918485e-11,6.140754337442237e-12,2.7771043246253244e-12,1.2236107559941657e-11,4.586137272238787e-10,2.0001157461277409e-10,1.1644920905277187e-10,6.427799398217843e-11,-2.2965488859433225e-10,1.4410009433440887e-10,2.1705544193613526e-10,-4.847463666345913e-11,1.8142514454738818e-11,3.8573823134095544e-10,1.9268975556615067e-10,-1.9937968819299113e-10,-3.470184538374401e-10,-3.571025053729129e-10,-1.0478925726304237e-10,3.6340803904031035e-11,-3.543153854539011e-11,9.649954384365736e-11,-2.4163651500894223e-10,-9.473001989310387e-10,2.721649028956783e-10,2.4395254992521016e-10,2.517133346266279e-10,1.1449612278680518e-10,-5.7194294087422556e-11
F8treat_m1,1.1020250067684576e-10,2.778842605434451e-10,1.8227932981448294e-11,1.989099782078199e-09,-1.6689387937660464e-09,-6.46803584581876e-10,2.743558219270241e-10,-2.488451371278057e-10,-8.13054584131699e-10,1.9569109990711016e-10,1.5269055434961105e-11,-9.005891650396057e-10,4.035232017283422e-09,-2.626578563827e-10,-7.457782033826059e-10,-1.68061607546992e-10,8.464169930653472e-10,1.4754742119638509e-10,2.420571120098405e-10,-1.5314630608188463e-10,-2.904869132060672e-10,2.8329100179202305e-09,-2.555975424524206e-09,4.981035379844639e-10,-6.334559260586718e-10,1.0023163667137802e-09,-1.4829161910224317e-10,3.846403858677717e-10,2.914239932880404e-10,-1.42109464913937e-10,3.243231014585786e-09,-1.1660466960063903e-09,1.6532201627927955e-10,6.320200749362077e-10,-1.6743417109188296e-10,-1.2288421570429064e-09,1.431812159291579e-10,-1.113004077926851e-10,-1.29478752446121e-10,1.3944286289759833e-09,-1.1951897076075522e-09,6.059105099571646e-10,1.7646871762488537e-09,8.375957235688001e-10,-6.919347214479381e-10,-9.625684772329075e-11,2.1506753844520136e-12,7.309343283420815e-10,6.671096590110654e-10,7.212057292826047e-11,-1.268200516013349e-10,-3.9055004095700287e-10,-4.413358147562693e-10,-9.15733995775808e-11,-1.7025205756877668e-10,-1.532787968506602e-10,1.9268975556613332e-10,1.9616749789403913e-09,-7.669498103380428e-10,-3.63596273271185e-10,-1.3903771922487347e-10,-7.555673980419295e-10,2.5018282957095346e-10,-3.206283537696707e-11,3.1675727381924927e-10,-3.3941929348277727e-10,-3.0731692933402413e-09,7.4477266083485e-10,5.243087708264343e-10,1.5509930742156335e-10,3.1105767174827737e-10,3.9025540073539814e-10
F8treat_p0,-2.0658177061025428e-10,-1.515082387956178e-10,-4.51470404362532e-10,-2.776920480846733e-09,4.124468980289728e-09,1.740407534658338e-09,6.620947293791024e-11,-7.201848083801345e-10,-2.9178332235285446e-10,-2.039242121136097e-11,2.9242686283538077e-10,1.0488455353149426e-09,-4.062661883156593e-09,2.7181856211397875e-09,1.3426248718073911e-09,-2.3173764305485917e-10,-1.517745140847881e-09,-6.477521342739526e-10,-2.1780159354041273e-10,1.3603782785212639e-10,-5.301707955035707e-10,-4.0882226451050195e-09,3.2436348448164257e-09,-2.4495281866859554e-10,1.001319535013469e-09,-1.3001051368950819e-09,5.396501537411396e-10,-3.8153491604614576e-10,-2.9042224062635565e-10,-1.2047394033433146e-10,-3.3349858862868292e-09,3.4673923326814195e-09,-1.5490049637422923e-11,-1.1087349656632223e-09,-8.773826821259553e-10,1.222076977932527e-10,-3.240861417204971e-10,-1.617140878921344e-10,-5.542089562258641e-10,-2.8185551444992422e-09,1.913772749978443e-09,-5.899181166314665e-10,-1.398440708327703e-09,-1.6756367656291692e-10,8.759349057736687e-10,-4.560607939689743e-11,-2.80852441681637e-10,-1.3326967769221367e-09,-1.2296630540043513e-10,1.0476917496635528e-09,1.2490878523928271e-09,1.7895693599780348e-10,-3.951384609610535e-10,-2.722520643470662e-10,3.315433532982849e-10,1.587101301976217e-10,-1.9937968819298787e-10,-7.669498103380079e-10,3.1684677492773477e-09,1.1716357257686261e-09,3.4448665319853427e-10,-1.8367808813596263e-10,-3.871825964605649e-10,1.6665433554268137e-11,-3.409855052622389e-10,4.0488984192287e-10,3.733720714673926e-09,-2.6075424987412146e-09,-1.2093192044486409e-09,-5.394731369796983e-10,2.434054402828211e-12,-1.669953249376852e-10
F8treat_p1,-1.3038209782230902e-10,-1.6223098517583956e-10,-3.230858480114379e-11,-1.8677623707014063e-09,2.5428720946137156e-09,1.325340365007719e-09,4.1233466618381944e-10,-1.8092259322854607e-10,-4.480830584589913e-10,-8.775001424249827e-11,1.7440057567064836e-10,9.96769984937697e-10,-2.2592188155069192e-09,1.5745513690593598e-09,9.527068009996959e-10,3.16587045571761e-10,-1.0034983086188274e-09,-4.837996726278433e-10,-7.48376039562038e-11,-1.9515716801764676e-10,-1.1232223025145215e-11,-2.813721479840797e-09,1.43726207555724e-09,-1.3852278219107104e-11,1.4201422774781997e-10,-8.392627731286271e-10,5.108953047342233e-10,-2.3676303791956054e-10,-4.254726862171727e-10,2.452353882877626e-10,-2.0028583180670355e-09,2.377129645748454e-09,6.023943284616157e-10,-4.2591838776691156e-10,-4.523644727156245e-10,4.252721012018243e-11,-1.5086199587550668e-10,-2.2182586974295402e-10,-5.567810456102886e-11,-1.4404396305847419e-09,1.5341646134758457e-09,-9.58232804180443e-10,-9.314198709172741e-10,-2.852766948056766e-10,8.398651353623955e-11,1.1540627561290187e-11,-1.467537421710332e-10,-5.786375938463771e-10,-4.3212746356598083e-10,-2.098494272353572e-11,8.251675193662412e-10,7.218131631951891e-10,-3.651564106164049e-10,1.978480643635136e-11,2.7675066839424663e-10,-4.856381337637641e-11,-3.470184538374352e-10,-3.6359627327117517e-10,1.171635725768635e-09,1.8318364012022295e-09,6.143704267888487e-10,-4.0259557894876746e-11,2.1423243575268487e-10,5.321529736228119e-11,-8.707748513473759e-11,1.6062211667206097e-10,2.3936365778483135e-09,-1.273499928815094e-09,-8.942334036993374e-10,-6.512310152780721e-10,-3.3437598667460676e-11,-1.0869075504557419e-10
F8treat_p2,-1.1172217403412118e-10,-2.5506534402558473e-10,-7.744911863322573e-10,-1.5090621415542608e-09,3.114842527315012e-09,8.608472158856528e-10,4.4524673102478667e-10,-8.385683892496038e-11,-5.61672096294163e-10,-4.1779355265774634e-12,-7.711563137470469e-11,1.4829621507570146e-10,-2.2084273087741475e-09,1.434698695931296e-09,1.1411490485004627e-10,1.4520612143481806e-09,-9.347779282007612e-10,-1.0747947566646662e-09,-6.850710980383983e-11,-2.2970521303377448e-10,-2.4218590402985515e-10,-2.2054489499204804e-09,1.9802776188288895e-09,-1.3859062599245758e-10,2.0319817175150527e-09,-6.51023587696393e-10,-3.123387496802377e-10,-3.631052075315814e-10,-3.9432974482866285e-10,-1.9074732675063865e-10,-2.3662569314447258e-09,1.770450247536211e-09,-5.718400094549871e-10,1.3805311653349284e-10,1.7037680124767146e-11,-4.769768454924545e-10,-7.627467336356673e-11,-2.012757598539298e-10,-4.866017305126557e-10,-1.3034873893434314e-09,1.0694056953195722e-09,-4.896890236541889e-10,1.021133034113043e-10,-1.6895279613520133e-10,-6.909404410998226e-11,5.828120626920129e-11,-3.834503171538771e-10,-9.56164645831157e-10,3.418979335399451e-10,1.5950442516872624e-10,3.738631162584382e-10,1.357916121469821e-09,-9.561833977147663e-10,-5.34311856617088e-10,1.384873021715693e-10,-1.6928140834212725e-10,-3.571025053729116e-10,-1.3903771922486848e-10,3.4448665319853515e-10,6.143704267888542e-10,1.8169283514327198e-09,-1.9537325451005104e-10,-4.900522361937662e-10,-1.2661583465456976e-12,-4.032280147620771e-11,3.353424086027239e-10,2.302798424150008e-09,-6.44767334512481e-10,-3.0770827830646113e-10,-1.0461852600071353e-09,-4.290478455621636e-11,4.5671268213885886e-10
F8treat_p3,-1.8597891107868662e-11,1.84237662605163e-11,3.102573649249996e-10,-1.239964493469005e-09,-3.244661932470207e-10,2.54943337044177e-09,-1.0354741317333635e-09,3.87526612865409e-10,5.422011928009026e-10,1.0886773093347494e-10,-5.995720992035938e-10,9.63694397266335e-10,-3.0940693412174996e-09,-1.0874570339060772e-09,2.527415400156166e-09,-7.224586067046357e-10,1.0236997742919554e-11,-1.1084183822836753e-09,-2.407268693945597e-10,9.742474782358764e-11,3.812909868801198e-10,-3.0661121596048417e-09,-1.7110307434155731e-09,3.6730348647182193e-10,-4.497877041279685e-10,8.020790223796111e-11,-7.483121243263925e-10,-2.8609723913161787e-10,-1.8606043820699614e-10,5.134678698039376e-10,-2.610766672833518e-09,-1.1992104828514718e-09,1.230667858943148e-09,-8.309021128969275e-10,-3.4729654968686066e-10,4.346092033227762e-10,1.2311808692708785e-10,1.2441011484618283e-10,4.35660412156931e-10,-3.0222533108340624e-09,-1.2994538005205949e-09,1.907800662526275e-09,-1.8915472130468784e-09,4.0309132738647295e-11,1.1895769269859878e-10,-1.1595884199925397e-10,-1.2270142894735315e-10,-7.672292142991242e-10,-1.3842468378650649e-09,-1.380660919173756e-09,1.7017813344968057e-09,-3.4388369140060626e-10,2.195806272976919e-09,-1.248038012405082e-10,8.43796770572079e-12,1.4858919229053266e-10,-1.0478925726303713e-10,-7.555673980419523e-10,-1.836780881359506e-10,-4.0259557894861675e-11,-1.9537325451005549e-10,3.288902736213314e-09,-1.4825432375038906e-09,1.2050116297554048e-10,-1.7746731785684923e-10,2.2730396064411168e-10,3.4025415753359493e-09,6.71694287792382e-10,-2.9074404241291147e-09,5.077601361655643e-10,-1.3784882592291274e-09,5.7919403178504817e-11
F8treat_p4,1.1198277609412664e-10,-1.2481970706336327e-11,6.170770992525469e-10,1.5454562147806716e-09,-1.6255645477672726e-09,-2.0122560432565124e-09,6.497877898805879e-10,2.0587862223270104e-10,6.271478810912115e-10,-1.2015094479462875e-10,4.552720886826437e-10,-2.453206073878019e-10,3.0072634749482053e-09,-4.622037095312031e-10,-1.397451184787061e-09,-1.5087495606309143e-10,5.767608944405687e-10,1.6894870070746442e-09,1.7944319071995096e-10,-6.626466987717762e-11,5.243827922428836e-10,3.183775478997794e-09,1.564678777986186e-10,-1.789102960964311e-10,-9.273633225786553e-10,7.327984029823693e-10,1.1534034917732587e-09,3.345032524498628e-10,1.4307057305643093e-10,3.020015655376618e-10,3.1226462252091503e-09,-3.198335127155892e-10,2.843025745576063e-10,8.167823055675498e-10,5.986192282451644e-10,4.652929137848044e-10,-5.0775547077780297e-11,-1.3309393228003948e-11,5.150540028557311e-10,3.0238003687946424e-09,8.705239682048846e-10,-1.1544971983720914e-09,8.715154708836386e-10,8.696167574747338e-11,-1.3869009446231637e-10,6.473863937461812e-11,3.915236687504902e-10,1.1493836510656575e-09,1.9593226892456875e-10,3.071673336957776e-10,-1.5548160651002727e-09,2.99719239596217e-10,-5.198172888595212e-10,7.039742052057955e-10,-5.115567862228759e-11,-1.0060006793841469e-10,3.6340803904032973e-11,2.501828295709568e-10,-3.8718259646056985e-10,2.1423243575268184e-10,-4.900522361937645e-10,-1.482543237503892e-09,2.0899724870996278e-09,-3.096601978631763e-11,1.8352259372852864e-10,-4.0429684940309646e-10,-3.294293800765166e-09,-4.4894226712251e-11,1.923612928175755e-09,5.2120462848280186e-11,5.031458593608186e-10,-6.618197575098551e-10
window_m4,-1.6148292486975095e-11,-1.1504250481685291e-11,-6.7692234097407065e-12,-2.2625473890797383e-10,-6.1188488260591685e-12,1.15742789606196e-10,1.929794719293221e-12,9.611916388227301e-11,7.661783796292904e-11,-1.1475805343791493e-11,-9.663601378475247e-12,8.549719707784624e-11,-2.503591662004347e-10,-5.170620934790405e-11,3.568057521437513e-11,-1.8469515360198563e-11,-2.289890718163803e-11,1.0661221069273884e-11,-4.929003240784125e-11,-2.4856066717453785e-11,2.1486544005486382e-11,-1.7317399733343132e-10,-1.6890564672217365e-10,-5.963870545624635e-11,6.514514617169596e-11,-5.663229665701391e-11,1.1160508765848594e-11,-7.10695023409036e-11,-3.0189947796283403e-11,4.440741969821208e-11,-1.5742702922659316e-10,-1.9846919308516836e-10,3.651106809965281e-12,-5.5928787829740994e-11,-2.0714618792357116e-12,1.483606794340912e-10,-6.187888107354462e-11,-3.131218813552888e-11,-2.1573781157721892e-11,-1.7977540569718034e-10,-5.853672978851005e-11,-6.014985792174432e-11,-4.780122795050333e-11,2.079646453095413e-11,7.44974315223563e-11,-5.404154382691248e-11,-3.3549356804715815e-11,-5.988146300247919e-11,-1.33921136638447e-10,-1.2381689353939282e-10,1.2530616552979608e-10,8.950080931064766e-11,4.2685770181122586e-11,4.3097625178239086e-11,-2.1222915589207744e-11,2.4342533614526673e-12,-3.54315385453887e-11,-3.2062835376967084e-11,1.6665433554267145e-11,5.321529736228113e-11,-1.2661583465463186e-12,1.2050116297554084e-10,-3.096601978631786e-11,5.689147076834484e-11,1.0146803940213449e-11,4.9638310089221545e-11,2.12759656968282e-10,2.4652808543609856e-11,-9.29750421124747e-11,-7.330113813412423e-11,-4.0810834547047674e-11,-6.931033958948863e-11
window_m3,2.6474909705255e-11,1.4731249719836552e-11,2.0499278988169032e-10,6.575433427760692e-10,-7.513243610583248e-10,-2.778246583293413e-10,1.7204020820726253e-10,-3.21655676771786e-11,-3.680112204932321e-11,1.1585849799256658e-11,-6.862233647221338e-11,-1.6418211914897485e-10,1.1105704590933888e-09,-3.7781632756827334e-10,-1.6952438724154217e-10,1.741537934052915e-10,3.3526849723542457e-10,2.3010905089098806e-10,6.708239139336129e-11,-8.618564550635046e-11,8.183229067749987e-11,9.174123718470289e-10,-6.180680129182141e-10,3.0670433692653726e-10,-3.219357695942606e-11,2.4731490901965687e-10,-2.2449633066261948e-11,7.661896167409493e-11,-3.586646450004255e-11,5.424960066167476e-12,7.234654660333414e-10,-5.274800368186641e-10,2.6225153022303104e-10,3.3257765484896773e-10,2.2283414304424024e-10,-1.0421544689857282e-10,2.2806638068538946e-11,-1.4040155598407956e-10,6.075501118593606e-11,5.226594076884548e-10,-4.042761624466977e-10,3.3756032632958015e-10,5.708098172672211e-10,1.4970657194440468e-10,-8.30268562304647e-11,-3.9525464539422356e-11,-3.2468118240043644e-11,3.4739622495078373e-10,4.438504830944154e-11,1.1801837488318772e-11,3.731560443775516e-11,-1.5265194723963992e-11,-1.236834342824108e-10,1.6860951374289535e-10,-8.449341287098367e-11,-1.0393430707596856e-10,9.649954384365644e-11,3.1675727381924337e-10,-3.409855052622353e-10,-8.707748513473375e-11,-4.0322801476208425e-11,-1.7746731785684892e-10,1.835225937285309e-10,1.0146803940211156e-11,2.181092945393858e-10,-1.0902733001299982e-10,-9.357054392558652e-10,3.6187183722434866e-10,1.393015553641792e-10,-3.1298709119410323e-12,1.1331864007478592e-10,-2.5194576022312733e-11
window_m2,-4.818202940912447e-11,-2.3915521432179028e-11,-4.054096286156523e-10,-1.026074922730764e-09,1.158085701586683e-09,7.025023554061248e-10,-9.132198683046228e-11,-7.869065282817864e-11,9.524524174277868e-11,2.244088823319031e-11,-4.094675226909469e-11,7.35273899246444e-11,-1.5987183722286212e-09,4.745537636005924e-10,3.7202585690393206e-10,6.070256698995209e-11,-5.231842839719297e-10,-4.289966304118005e-10,-1.0071911297949581e-10,4.9785076827753575e-11,-3.0872128934688725e-10,-1.3354024641142501e-09,6.19242190192557e-10,-1.2093705576484057e-10,6.068209857449081e-10,-3.938249963796413e-10,-1.0490358150492889e-11,-2.1767328459426024e-10,-7.258124122112281e-11,-2.5612536889286195e-10,-1.274138585027857e-09,2.781253064710468e-10,-1.84642835898576e-10,-3.375291653427611e-10,-2.4199451165611055e-10,-4.8162638352268004e-11,-9.448069849151445e-11,1.09708537743823e-11,-3.9200978848724017e-10,-1.0566284807526909e-09,2.1812389520163388e-10,-7.3342545190356e-11,-4.78043499480184e-10,-1.2415709506645336e-10,1.8174016180977324e-10,-4.612189406198056e-11,-1.4960612388857192e-10,-6.638738606015533e-10,-1.42223776574793e-10,-1.331736554364026e-10,3.443541275767713e-10,1.1375021653177514e-10,-1.0620087243205712e-10,-2.1220840876144627e-10,4.23154274106918e-11,3.241515748595892e-11,-2.4163651500893804e-10,-3.394192934827842e-10,4.0488984192287423e-10,1.6062211667206384e-10,3.353424086027255e-10,2.273039606441143e-10,-4.0429684940309594e-10,4.963831008922145e-11,-1.090273300130006e-10,3.759055825660638e-10,1.5155354334607058e-09,-2.593532352983206e-10,-4.680444627066492e-10,-1.9560203849361305e-10,-8.101887630616328e-11,4.623243121801789e-11
window_m1,-5.948298338696978e-10,-7.285649081477567e-10,-1.7150581912512534e-09,-9.321882409242712e-09,1.1347652393709938e-08,7.881010206546386e-09,-1.7090088117492686e-09,-3.792140907283842e-10,-6.638112211674978e-10,5.90306848779574e-11,-4.823984164077302e-10,2.815446984167322e-09,-1.5176293304296246e-08,5.448774091630741e-09,5.486443981086927e-09,4.945654004001996e-10,-3.850535285829715e-09,-4.646826633899013e-09,-8.294522878057275e-10,1.076169930792294e-10,-9.812925606350301e-10,-1.377937684693502e-08,6.338917713591003e-09,1.4070040500946683e-10,4.102782000884905e-09,-3.1798782815659155e-09,-9.51001892414989e-10,-1.611872221788361e-09,-1.3183338674156566e-09,-2.562873474929636e-10,-1.3212901109361647e-08,6.735165978192768e-09,1.2526684244505549e-09,-3.403355957031839e-09,-1.4334100748209077e-09,8.332891978982802e-11,-5.118090521825938e-10,-4.089695821634341e-10,-1.1707067452504844e-09,-1.0479341739916488e-08,3.760730352428316e-09,-3.684208572499424e-10,-5.872006476718419e-09,-9.98647080113346e-10,3.8379997040263583e-10,-2.416134999818324e-10,-1.4887165271758251e-09,-4.676454233851795e-09,-2.1018477852016564e-09,-9.321383537927314e-10,4.061388438838201e-09,1.8117130606720507e-09,3.291920137355993e-10,-1.3861645335913697e-09,7.542450653552368e-10,1.0277886068189502e-10,-9.473001989310325e-10,-3.0731692933402843e-09,3.733720714673957e-09,2.3936365778483573e-09,2.302798424150015e-09,3.402541575335944e-09,-3.2942938007651584e-09,2.1275965696828478e-10,-9.357054392558741e-10,1.5155354334607062e-09,1.5095793588696195e-08,-3.409774679052031e-09,-5.368999851067015e-09,-8.833896603084534e-10,-1.2905597944997983e-09,6.885506484391638e-10
window_p0,2.0333501856527703e-10,2.557760536215001e-10,5.378010557911953e-10,2.7938363306960422e-09,-4.795589021183716e-09,-1.3271523265353322e-09,-2.500516187284434e-10,3.172688308513868e-10,6.235213487529976e-10,9.932349722833849e-11,-3.714177434459801e-10,-9.419589002602194e-10,3.7496023801277736e-09,-3.4329167856837634e-09,-7.612751901054068e-10,-3.2496429551589346e-10,1.517360714066913e-09,8.148998792558915e-10,2.2460725984182777e-10,-1.0977639764695608e-11,4.4217535277388503e-10,3.769153537779276e-09,-4.0826901929885935e-09,1.2968125928548603e-10,-1.332607154651589e-09,1.1337127090379497e-09,-3.879811291973158e-10,3.414064353282847e-10,3.644519078902045e-10,5.786694616360038e-11,3.2604876557589868e-09,-4.732326547912306e-09,1.0236009654556337e-10,7.144141587790487e-10,5.661424358701887e-10,1.3346871349055047e-10,3.1585649779368556e-10,1.8148725213496845e-10,4.383132040226028e-10,2.1242138305597402e-09,-3.072529873578785e-09,1.1124375429848315e-09,1.2654892216531552e-09,2.681450738423148e-10,-4.188369932925915e-10,-2.9647268451150157e-11,2.995788686830583e-10,1.1684644342486155e-09,-2.3079460207064768e-10,-1.210082748365023e-09,-4.679041536075232e-10,-8.404591876213616e-10,8.25802881488029e-10,4.083657769497239e-10,-3.907467743267216e-10,-8.148076309098675e-11,2.7216490289566664e-10,7.447726608348158e-10,-2.6075424987411997e-09,-1.2734999288150897e-09,-6.447673345124766e-10,6.716942877923848e-10,-4.489422671225666e-11,2.4652808543609297e-11,3.6187183722434514e-10,-2.593532352983067e-10,-3.4097746790520077e-09,2.9256518040534165e-09,4.874840889489179e-10,8.117225754238336e-10,-8.186910213345193e-11,-6.512074691980357e-11
window_p1,1.2358833050718232e-10,-1.2620093795649867e-10,-1.1533064381549948e-11,2.4517095215646476e-09,-1.7330128702869857e-09,-4.679921030425178e-09,6.73126956096517e-10,9.306457542089623e-10,7.028320554423662e-11,-2.365722618358767e-10,6.4504328262133e-10,-1.1848095442367264e-09,4.4802070543562475e-09,-5.85449390068987e-10,-4.002823194464865e-09,3.394535746767407e-10,1.1692058540042189e-09,1.8290648649699007e-09,2.4124027618454665e-10,-1.338815964162846e-10,3.460819641688675e-10,5.205512529629499e-09,7.412699621656734e-10,-1.4437681397192519e-09,-5.367726260122866e-10,6.40340067800156e-10,5.257426142012841e-10,4.296225467092257e-10,3.2262658862817514e-10,-1.1831212171268396e-10,4.361239490323366e-09,-3.70855780099597e-10,-2.3793002150346887e-09,9.375786496389286e-10,1.390864356692874e-09,5.407967461415068e-10,-6.330311225314059e-11,7.554762773439627e-11,1.1438154601399379e-10,5.035811187347593e-09,7.818048543225575e-10,-3.2420980015456866e-09,1.6860515338633084e-09,-1.231410425570337e-10,-4.734066281841136e-10,2.2174583073298223e-10,5.044409673658541e-10,1.4860175397365157e-09,1.598668976768656e-09,8.159192636316271e-10,-2.963017703054113e-09,5.593087855290907e-10,-1.2698122544405385e-09,1.9045120971116834e-10,-1.6365049044648083e-10,-7.1239755001573545e-12,2.4395254992520556e-10,5.243087708264234e-10,-1.2093192044486326e-09,-8.942334036993111e-10,-3.0770827830644903e-10,-2.9074404241290836e-09,1.9236129281757567e-09,-9.297504211247329e-11,1.3930155536418384e-10,-4.680444627066472e-10,-5.368999851066971e-09,4.874840889489127e-10,4.634072393648423e-09,5.898269426049497e-12,1.0081262433360462e-09,-1.392656712425679e-10
window_p2,8.76418093219946e-11,1.2437818096855658e-10,3.538479626168358e-10,1.0179207712084042e-09,-1.5288993949996105e-09,2.860885530394452e-11,-9.990011023583028e-10,-1.774364344098427e-10,3.2788939262993e-10,1.1385346221214212e-10,-5.7758465955931464e-11,-3.547022157395337e-10,1.0951822882468029e-09,-7.807247532525687e-10,5.238992953319251e-10,-1.3620508690224907e-09,8.184440123549375e-10,1.5103729560739621e-10,1.1971446317783408e-10,2.29560983511773e-10,2.886323239089172e-11,1.4152508862653872e-09,-1.195924709831976e-09,3.62920891456343e-10,-1.310254884867161e-09,8.496173421734906e-10,-2.673258120294666e-11,2.65181137147793e-10,2.611746363284083e-10,-8.887344347511396e-11,1.5254345904367947e-09,-1.1677725088913766e-09,8.954010708499507e-10,-4.351761857461142e-10,2.7954515339222682e-11,-2.984421339778635e-10,1.8821339778840803e-10,1.4532660787411315e-10,2.359482085210625e-10,4.588774442735355e-10,-6.574835590191237e-10,5.639614349301794e-10,-6.813983734535681e-10,2.6320662708291065e-10,-5.264887662940385e-10,-2.7369967727945004e-11,1.4328545569324174e-10,4.26690053234926e-10,-3.6435763221706377e-10,-5.156066339989875e-10,-2.5735856004683964e-10,-1.0657993014480392e-09,7.671722375182815e-10,1.7822723854248553e-10,-8.595567103677897e-11,3.855200411199815e-11,2.5171333462662744e-10,1.5509930742155317e-10,-5.39473136979696e-10,-6.512310152780791e-10,-1.0461852600071293e-09,5.077601361655642e-10,5.2120462848279216e-11,-7.330113813412503e-11,-3.1298709119399086e-12,-1.9560203849361135e-10,-8.833896603084381e-10,8.117225754238402e-10,5.898269426058384e-12,1.3898022644958588e-09,-9.38704218035061e-11,9.827458054975614e-12
window_p3,-2.5082310395075197e-11,4.5087954800821414e-11,-7.706531174756227e-11,4.1689339611250123e-10,-5.28135985154822e-10,-8.878078805386944e-10,4.136482028691434e-10,-6.764443762684573e-10,-1.2275729640083305e-10,-4.195255346368729e-11,2.07447201252653e-10,-4.88502680521148e-10,1.23048470778871e-09,6.238550952394931e-11,-8.233633263505669e-10,2.976679565858165e-10,-2.5017858556479077e-10,6.429896112177835e-10,1.1616225394837913e-10,1.46210461470055e-11,-2.4012816690749284e-10,1.2384848064738833e-09,2.3903175955349373e-10,9.538860628916041e-11,6.521697762147893e-11,-4.4084539060401547e-10,2.486554673596891e-10,1.5447338623180187e-10,2.0111050652565282e-10,-2.4546474781784405e-10,9.51639292213716e-10,-3.2726907383366036e-11,-2.233084317626252e-10,3.4371132186339755e-10,-2.395055695071854e-10,-1.9305488210674643e-10,2.2842135514283393e-11,2.0404815286677316e-11,-1.5380768112357288e-10,9.98839235822901e-10,1.9204851836120145e-10,-3.5397253512049906e-10,1.1744429772003046e-09,-2.83874180488251e-10,-3.832372777972842e-11,-1.1797942249778878e-11,2.3729878749338586e-11,3.785367255918335e-10,2.6350237890838063e-10,5.722349655857492e-10,-6.391424164958246e-10,-1.22273105911496e-11,-1.1257982085835583e-09,1.2256347842307778e-10,-3.8753384553319365e-11,-8.620668970830676e-11,1.1449612278680478e-10,3.1105767174827577e-10,2.4340544028183217e-12,-3.3437598667469406e-11,-4.290478455621665e-11,-1.378488259229127e-09,5.031458593608168e-10,-4.0810834547048495e-11,1.1331864007478658e-10,-8.101887630616386e-11,-1.2905597944998011e-09,-8.186910213344999e-11,1.008126243336065e-09,-9.38704218035053e-11,1.0103957093835117e-09,-6.119884529139557e-11
window_p4,-3.689444353466591e-11,-1.7216778564513113e-11,-4.5332712667160183e-10,-2.4053889281412944e-10,1.191003343842611e-09,5.009936224044248e-10,-2.679922366843985e-10,-2.7144616801203547e-11,-8.872462349434616e-10,1.0113261952708539e-10,-1.211167414234316e-10,-3.040603551238564e-10,-2.9732156085098003e-10,8.973599833651809e-10,9.356890217748878e-11,3.0243421093536777e-10,-4.188777074361477e-11,-1.089634983109539e-09,2.6273691573723566e-11,-6.948839665901295e-11,-3.9378967337988223e-10,-5.964442396075768e-10,2.1224483439462413e-10,2.348765312186205e-10,5.289775231348259e-10,1.4209396427130166e-10,-7.357683102659888e-10,5.072642097899553e-12,-5.1474927204637134e-11,-2.87443568246158e-10,-5.706829310074595e-10,1.0747434046522408e-09,-1.579006793212556e-10,-5.07452306382606e-11,-8.139597339430248e-11,-1.040936152577062e-09,1.0297630278157357e-10,-6.434073256684768e-11,-3.4697411481241433e-10,-7.473865542248068e-10,2.64587634729445e-10,2.0742132298681812e-10,9.467179192720346e-13,1.8140599087265763e-10,-6.004748360162603e-10,3.2576807349042964e-11,-2.1519276693813096e-10,-3.5340292374867735e-10,3.4266696891680664e-10,6.884474627012276e-11,1.3896955292048047e-10,1.311785185228164e-10,-2.378088248687115e-10,-6.111362804881185e-10,3.7022716940968976e-11,-7.527753610201283e-11,-5.719429408742103e-11,3.902554007354e-10,-1.6699532493768344e-10,-1.0869075504557185e-10,4.5671268213885995e-10,5.791940317850581e-11,-6.618197575098554e-10,-6.931033958948857e-11,-2.51945760223123e-11,4.623243121801585e-11,6.885506484391654e-10,-6.512074691980962e-11,-1.3926567124256507e-10,9.827458054973862e-12,-6.119884529139648e-11,7.655280390487469e-10
