,treat_m4,treat_m3,treat_m2,treat_m1,treat_p0,treat_p1,treat_p2,treat_p3,treat_p4,L4treat_m4,L4treat_m3,L4treat_m2,L4treat_m1,L4treat_p0,L4treat_p1,L4treat_p2,L4treat_p3,L4treat_p4,L8treat_m4,L8treat_m3,L8treat_m2,L8treat_m1,L8treat_p0,L8treat_p1,L8treat_p2,L8treat_p3,L8treat_p4,L12treat_m4,L12treat_m3,L12treat_m2,L12treat_m1,L12treat_p0,L12treat_p1,L12treat_p2,L12treat_p3,L12treat_p4,L16treat_m4,L16treat_m3,L16treat_m2,L16treat_m1,L16treat_p0,L16treat_p1,L16treat_p2,L16treat_p3,L16treat_p4,F12treat_m4,F12treat_m3,F12treat_m2,F12treat_m1,F12treat_p0,F12treat_p1,F12treat_p2,F12treat_p3,F12treat_p4,F8treat_m4,F8treat_m3,F8treat_m2,F8treat_m1,F8treat_p0,F8treat_p1,F8treat_p2,F8treat_p3,F8treat_p4,window_m4,window_m3,window_m2,window_m1,window_p0,window_p1,window_p2,window_p3,window_p4
treat_m4,6.015969588615194e-13,-4.01899510943446e-14,2.7840012607812255e-12,4.909547705884901e-12,-2.106647024068408e-12,-3.6224337906323765e-13,-5.415816231496916e-13,-2.356651570714588e-12,6.197392891477467e-13,1.7145018557263507e-13,4.1707194219972835e-14,2.4889440261926882e-12,7.952391814079772e-12,-3.601740145947491e-12,-1.4507227170548963e-12,-9.629116477389607e-13,-3.756886788388502e-12,-2.4619626749389777e-12,1.5488700971705996e-13,-2.202874434259132e-13,3.3417277676363546e-12,6.2196975625528936e-12,-3.20528473150656e-12,-1.9962722300065547e-12,-2.8319129555385105e-12,-1.6084824325414899e-12,8.565372864773323e-14,-6.716016590267338e-14,-5.664506412601228e-13,2.902729732902311e-12,7.502725470760827e-12,-3.6346384843287797e-12,7.403184788724571e-13,-3.585205102904398e-13,-4.987129344819078e-13,-1.4267521608100763e-12,6.899681802772741e-15,-1.3713135116094879e-13,2.480509872834202e-12,7.37271211948974e-12,-1.0915097421604712e-12,1.8677885510420844e-12,2.0009623979332563e-12,-1.8062469044506089e-12,-3.8896514022561654e-13,-2.5388985776468186e-13,-9.893891992832916e-14,2.787961757412867e-12,2.4203291712704235e-12,3.5206200569029155e-12,3.765295376326213e-12,2.081581101329703e-12,1.1136356029852912e-12,2.5881122235731886e-12,-1.1270102767358885e-14,-1.0395888263572262e-12,2.5689185256758262e-12,1.5735542462484638e-12,1.8948924066595907e-12,2.3652095950224236e-12,2.3936533005412503e-12,3.7498598601529113e-13,1.6471055946965435e-12,3.413293343512588e-13,1.080718420959793e-12,-1.241095490071033e-12,-7.796803159995757e-12,-1.8214788844943163e-12,-1.4581909052135556e-12,4.648794800861221e-13,1.604232368031347e-12,1.7535582590987174e-12
treat_m3,-4.0189951094356605e-14,6.032986937869416e-13,-1.0925755596289082e-12,-2.7421740724456042e-12,1.5535825262109728e-12,-1.5323139417730189e-13,-6.404546848193089e-13,9.739819549917512e-13,1.9697725554406927e-13,1.4153935131487025e-13,3.1203171641340906e-13,-1.0167811778656108e-12,-4.7317069854597595e-12,1.870206397092323e-12,-5.602407162098736e-13,-7.958805025771381e-13,5.38153484989277e-13,1.540313347965822e-12,2.441128718639943e-13,6.87758096055005e-13,-1.4147028954439097e-12,-3.2328340672042335e-12,2.8686823050826993e-12,-2.2716417105961098e-13,3.769213942341944e-13,-1.0327169944834479e-13,-7.40366160803513e-13,4.374817535834553e-13,7.744783355115978e-13,-1.4513523595527601e-12,-4.1639801449226195e-12,2.952026871718827e-12,-5.976113753853506e-13,-3.8453927072351585e-13,-8.246091308494934e-13,1.5306617683860202e-12,1.9792437351910147e-13,4.567768725824669e-13,-1.1531980392579026e-12,-3.841523097003495e-12,2.7168789997237122e-12,-4.395188794725675e-13,-1.343193461609496e-12,1.3503874363687992e-12,1.134556172781645e-12,2.2719609189907332e-13,5.36700879064463e-15,-1.3662324159979333e-12,-1.282459233267343e-12,-6.3633297508427e-13,-1.5168555216606552e-12,-1.7656963071786295e-12,-7.419628398091052e-13,-1.1807590674144018e-12,1.5061639633960736e-13,8.067103781655545e-13,-1.2072416946678098e-12,-1.1214249313528468e-12,4.4645950467011297e-13,-1.6144963024882337e-12,-2.438454324622292e-12,1.1549833440756224e-13,-4.1951326932200566e-13,-3.7837139144635847e-13,-1.1030531190523464e-12,2.244838242830036e-13,4.0186459960362755e-12,-9.685768309057853e-13,-1.1469222515570026e-14,-3.935439066224271e-13,-1.4857598613890298e-12,-1.7878960628647606e-12
treat_m2,2.784001260781206e-12,-1.0925755596287624e-12,1.7903253838464724e-11,3.1123072004472987e-11,-1.496700222283578e-11,-1.5939084152731754e-12,4.791975998722883e-14,-1.4912638439373585e-11,1.82131163337173e-12,6.279929073592502e-13,-9.392809940870852e-14,1.636099251387251e-11,4.9369692081930246e-11,-2.3958086091960694e-11,-7.103788293502359e-12,-4.886821038497184e-12,-2.1877866871033365e-11,-1.5480896713173897e-11,2.938919092638134e-13,-2.081307268292607e-12,2.0789125057857328e-11,3.699865677151697e-11,-2.273690810279169e-11,-1.11209952385611e-11,-1.5856857162827326e-11,-1.1588278594235867e-11,-4.469940986424462e-13,-1.0333194546664093e-12,-3.644716337987595e-12,1.9047404506025994e-11,4.6793390579072654e-11,-2.344669689685084e-11,3.3121521206246986e-12,-1.774625068569351e-12,-4.099217283979242e-12,-1.0682989357532519e-11,-3.224607216762232e-13,-1.034800887245495e-12,1.671575629224072e-11,4.7645877048232355e-11,-9.812786464203267e-12,1.048344335492523e-11,1.2011533188489277e-11,-1.42833050990073e-11,-4.5911049923277465e-12,-1.4126998999305186e-12,-2.3234872442122857e-13,1.7273878395749683e-11,1.6148954501745355e-11,2.0697817820477e-11,2.2093011243912742e-11,1.3237903049950814e-11,4.868545666888068e-12,1.5831945831878776e-11,-5.24716259270116e-13,-6.2139140862432574e-12,1.6653307971388206e-11,1.04359589800536e-11,8.395578978197372e-12,1.5811564933362013e-11,1.5770157748045692e-11,2.3580719716998925e-12,8.386800515245205e-12,2.3298219338656367e-12,7.333613838689947e-12,-8.244525189131673e-12,-4.954043716639986e-11,-9.903287010672546e-12,-9.949420750517476e-12,1.2773978918324214e-12,9.955225957515198e-12,1.0030648633614482e-11
treat_m1,4.909547705884883e-12,-2.742174072445746e-12,3.112307200447346e-11,6.122261642816092e-11,-2.792595017436763e-11,-2.621298896739944e-12,5.852332915129299e-13,-2.593703853087272e-11,2.4401045582101382e-12,1.4148835947958604e-12,-2.46984885331685e-13,2.925015405962713e-11,9.663785161244686e-11,-4.478227512745169e-11,-1.041283188082879e-11,-9.446918333221939e-12,-3.844712692700573e-11,-2.7630571454110785e-11,4.859577911428189e-13,-4.533198833857417e-12,3.8909599028544154e-11,7.266287938428151e-11,-4.257982688167468e-11,-1.6662427986686373e-11,-2.7425519779955554e-11,-1.7436759341229018e-11,5.009792686019144e-13,-2.0354706511412233e-12,-7.37666337366303e-12,3.5554824975982865e-11,8.824443540195824e-11,-4.4393637095416997e-11,8.549837127053861e-12,-1.5014842516277683e-12,-7.202486477777684e-12,-2.041388907498905e-11,-2.144097528926412e-14,-2.0803544991549977e-12,3.054406255692042e-11,9.03858602660027e-11,-1.8766843291866492e-11,2.207115380580958e-11,2.52495176680845e-11,-2.415512982162004e-11,-8.005488332404522e-12,-2.9914415695823847e-12,-2.73557305475269e-13,3.1950120697421515e-11,3.0182387144451223e-11,3.647855420533503e-11,4.48465702173416e-11,2.638661250418144e-11,1.2464733533322038e-11,3.1426994077969616e-11,-1.058315914891659e-12,-1.233293328034674e-11,2.99707507658036e-11,2.121260481764887e-11,1.533823605890243e-11,3.1913092493274086e-11,3.116219622821293e-11,6.286836490380542e-12,1.498081409659511e-11,4.337416035103066e-12,1.4723959664488212e-11,-1.3616101151488496e-11,-9.372147273059542e-11,-1.6496379667265017e-11,-1.755647749204417e-11,4.0403704401358255e-12,2.1934569795223077e-11,2.3159086915817923e-11
treat_p0,-2.106647024068438e-12,1.5535825262108211e-12,-1.4967002222835968e-11,-2.7925950174368276e-11,2.6683863976650358e-11,1.2146779859441652e-11,3.975375897076902e-12,1.8249824626194306e-11,2.421001777715168e-12,-6.575901820899592e-13,1.7190980999595406e-13,-1.5169726178510696e-11,-4.407877193554354e-11,2.998406655975573e-11,1.2258879800158871e-11,7.488044398175388e-12,2.8205130815888607e-11,1.4568510755171662e-11,6.095510842909302e-14,2.2821560050382474e-12,-1.9567571593281397e-11,-3.4052704688609466e-11,2.8306319691369694e-11,2.0590666301278834e-11,1.9362107329251678e-11,1.3739583663650171e-11,3.284503341379644e-12,1.259147767855305e-12,3.342445354700995e-12,-1.7026688469590656e-11,-4.615006248505535e-11,2.3856790448289936e-11,2.4041286951172343e-12,3.3180792686791582e-12,7.947665657862357e-12,1.59535057593763e-11,8.62458982519028e-13,1.3747996368768375e-12,-1.483993095112011e-11,-4.8477336092025533e-11,1.7350932506466874e-11,-3.3896803358104343e-12,-7.330502604930809e-12,1.732714584006921e-11,1.1272768197306141e-11,1.3055386701160453e-12,-3.7505288000592687e-13,-1.7232458863207274e-11,-1.6149492725830655e-11,-1.46645243212524e-11,-1.9844675309923596e-11,-1.4838444783733656e-11,-5.485432985301755e-12,-1.7856565233010676e-11,3.0738184023400903e-13,5.507241121692678e-12,-1.5307822737128183e-11,-7.865499254023758e-12,-2.7294796885172787e-13,-1.2583659821105852e-11,-1.3886493197773067e-11,-1.5924389311142004e-12,-4.756078269379167e-12,-2.068951733712999e-12,-6.082763513638331e-12,9.04301961559145e-12,4.919001768764489e-11,4.360611212279641e-12,6.201045808820251e-12,-2.3228545179801307e-12,-1.1606207622357659e-11,-1.3791273921889928e-11
treat_p1,-3.62243379063238e-13,-1.5323139417734876e-13,-1.5939084152733263e-12,-2.6212988967397507e-12,1.2146779859441782e-11,1.2643349780729597e-11,6.425351766824794e-12,6.679929923807703e-12,1.867364223294373e-12,-2.388382215471782e-13,-3.3034308281743324e-13,-1.962547187663698e-12,-3.0357251689327692e-12,8.54670018507632e-12,8.038968442019256e-12,5.811441632907876e-12,1.2884247430407141e-11,1.4169385945854072e-12,-1.1659204691588827e-13,1.7794110586483734e-13,-2.746080695338391e-12,-4.859915641527497e-12,7.119676339526949e-12,1.4934306211745756e-11,7.249071111325565e-12,6.101371513746975e-12,3.2211145730035382e-12,1.2610256069049766e-13,3.113459147966069e-14,-1.075527717354576e-12,-8.191459976763809e-12,3.606112900758651e-12,6.271250105878121e-12,2.119401023608004e-12,5.931654614348072e-12,5.9514504835545895e-12,6.914417311197235e-13,1.6548616509370616e-13,-1.0944266413116615e-12,-9.078055735754329e-12,6.141902922720383e-12,6.754216538117019e-12,4.0206072918751624e-12,6.594402289902298e-12,6.767313459177357e-12,1.1672267127552759e-14,-4.647369694434408e-13,-4.267009637608378e-12,-3.432076222934394e-12,-4.679618140142774e-13,-1.0515627818830329e-12,-3.513349797109199e-12,-1.952082061232682e-12,-4.735212274285815e-12,-4.866058530843134e-13,2.4183143423646084e-13,-2.3267911447726033e-12,-7.429369908274118e-13,3.554910189110417e-12,2.1738634502885683e-12,-1.285558071776112e-12,5.746395302289331e-13,1.4448984485664715e-12,-2.248929700119784e-13,5.119689240104762e-13,2.6855522299766216e-12,8.422275993134422e-12,-1.3447030362233478e-12,-3.730561855082965e-12,-2.9749991382988812e-12,-4.524967363330716e-12,-4.97214781645073e-12
treat_p2,-5.415816231496591e-13,-6.404546848194074e-13,4.7919759987082994e-14,5.852332915129539e-13,3.975375897076897e-12,6.425351766824772e-12,1.4454645170068349e-11,6.391965193428818e-12,-1.6761324734005702e-12,-1.1051368050413976e-13,7.914469358813854e-15,3.071579314054417e-13,-2.9197587961820786e-12,6.28277772304322e-12,5.627085258360532e-12,8.502622315766303e-12,7.00789006757611e-12,-2.140704883502636e-12,-2.4400556708986654e-13,-3.618039464656663e-13,-1.9602151676310207e-12,-4.711395026127965e-12,1.5684819462452213e-12,5.016813394044988e-12,8.024522904884226e-12,1.3908419040634394e-12,-7.6245226667963e-13,-5.739266607222611e-13,-6.370270860252672e-13,-1.2199174604572456e-12,-5.145214920694492e-12,1.4992240141349958e-12,-1.6308081900927237e-13,7.629409617955489e-12,6.073781866667339e-12,4.944468084028227e-12,-4.089587052751831e-13,-1.0718661000642916e-12,-4.447761709414775e-13,-3.902092506250614e-12,-3.6524758885502636e-13,2.1053032783490215e-12,5.335017260083617e-12,7.418714505202079e-12,-9.346236364923999e-13,-4.328361343192851e-14,-3.2504519853227273e-13,-4.1223680053875335e-12,-1.435351588522226e-13,-1.5073831176819602e-12,-7.754398461947202e-13,2.4220755816913277e-12,5.471654952393407e-13,-2.3114165282908483e-13,-7.437595596127003e-13,6.922461905301198e-13,-1.1233777760289878e-12,-1.8901524020050686e-12,-4.502886571874344e-12,4.8309878250268076e-12,3.948456861216425e-12,2.1092480081189496e-12,-3.1816897250658156e-12,1.7621454958289775e-13,1.24613442405556e-12,2.027305528229158e-12,4.37223121365829e-12,3.1277953369456567e-12,-1.1320772623294687e-12,-5.220013199076972e-12,-3.603907313186187e-12,-3.696549624004496e-13
treat_p3,-2.356651570714557e-12,9.739819549917615e-13,-1.491263843937374e-11,-2.5937038530872338e-11,1.8249824626193974e-11,6.679929923807397e-12,6.391965193428754e-12,2.1911958672164892e-11,9.79885072834806e-13,-3.372987248460553e-13,2.7661271207505385e-13,-1.3484440371489053e-11,-4.476747486600393e-11,2.794448667882477e-11,1.1687523971174112e-11,7.946086001389319e-12,2.958722861979756e-11,1.4344579024351163e-11,-2.0265704509390644e-13,1.505616790893414e-12,-1.857491178989494e-11,-3.434358485649759e-11,2.4383052870150728e-11,1.5411255106593123e-11,2.0948181436123898e-11,1.739576210084614e-11,4.333253435609082e-12,8.254020170327499e-13,2.9757909227466024e-12,-1.5898947507483394e-11,-4.428250644998182e-11,2.152597363694856e-11,-6.679425173035088e-13,7.154185558849417e-12,1.0900276670463093e-11,1.4900354514912583e-11,2.0935896363598397e-13,8.143466650843677e-13,-1.4167461885054192e-11,-4.537725062451938e-11,9.068847602220217e-12,-6.318795212110037e-12,-8.158501501832286e-12,2.079601749060518e-11,7.365917494446526e-12,1.7803152379494088e-12,-5.485932936124635e-14,-1.6838710067671118e-11,-1.3785425694447556e-11,-1.6035820789834213e-11,-1.9398800420865183e-11,-1.0974860806923595e-11,-5.31786708703087e-13,-1.3040482344137037e-11,4.1399984587850663e-13,5.259523524680742e-12,-1.5017031679731153e-11,-9.523763388388852e-12,-8.019497851055598e-12,-1.0332663263837803e-11,-1.26374667831967e-11,-4.136528538681141e-13,-5.7927151358765304e-12,-2.0069576597312468e-12,-5.356016057520272e-12,9.336621012522784e-12,4.829192821531464e-11,1.1231563981934552e-11,9.771522746723173e-12,1.6843171218924224e-13,-1.0931189419892378e-11,-9.433225820855956e-12
treat_p4,6.197392891477017e-13,1.9697725554411024e-13,1.821311633371481e-12,2.4401045582102554e-12,2.421001777714906e-12,1.8673642232943736e-12,-1.6761324734008144e-12,9.798850728346752e-13,8.565802928593154e-12,4.4294167929929995e-13,3.198197327182134e-13,1.2325768564374008e-12,3.5799209431823133e-12,-1.0063587133571605e-12,-9.017666580986104e-13,-2.4940682500142825e-12,1.555725966100184e-12,2.169132363893695e-12,3.9529700093214135e-13,7.213539082350277e-13,1.8838468248334068e-12,1.3108713690574931e-12,-1.3443951233373228e-12,1.7495460033414816e-12,-2.383834109875692e-12,2.222141471543739e-13,6.0554830532205006e-12,4.042037219959263e-13,4.1326645982164855e-14,1.840420379767491e-12,1.865516519252085e-12,-3.3315827379738155e-12,4.640887937362955e-13,-2.088514732837174e-12,2.2052496401038527e-13,1.0407184480493921e-12,4.586367664570379e-13,4.828691260098745e-13,1.0736548650490594e-12,7.372145652374633e-13,-3.138348814364395e-12,5.858352011521935e-13,-2.0912003998383173e-12,-1.3262648948311845e-12,2.52726030421285e-12,-6.819808250442683e-15,-6.524584731204158e-13,1.1806276480232775e-12,2.083972075171188e-12,5.61779520398877e-12,3.3100113851863596e-12,-1.4455622380906623e-12,2.644029527954198e-12,1.9516689541126246e-12,2.2203445049082756e-14,-1.1900044613135862e-12,2.3772704572598596e-12,8.920993932939476e-13,5.3361310711991305e-12,3.370357195365038e-13,1.3745753680967114e-12,1.916711902742462e-12,2.4005358308124897e-12,4.5035851566894994e-13,1.1753164768729545e-12,4.956004072876999e-13,-2.038558832167522e-12,2.738096493003133e-13,2.367478370422911e-12,6.899606256183742e-12,3.1881370231536744e-12,4.733204052455421e-13
L4treat_m4,1.7145018557264085e-13,1.4153935131486694e-13,6.279929073592933e-13,1.4148835947958994e-12,-6.575901820899234e-13,-2.3883822154719884e-13,-1.1051368050416034e-13,-3.372987248460859e-13,4.429416792992817e-13,3.272097615249319e-13,1.700187593691268e-13,8.239153667981544e-13,2.261384713598963e-12,-1.2974196602111926e-12,-6.768574362524552e-13,-1.3174299400320858e-12,-9.699187907989519e-13,4.43586481562912e-13,2.1074310343783878e-13,1.4342851407261378e-13,1.0381484132198247e-12,1.5997710179137244e-12,-7.198894812072937e-13,-2.387890719649905e-13,-3.385535439750855e-13,-6.321039223813198e-13,4.1119729926349236e-13,2.845687628664593e-13,5.871542197253066e-14,8.907775020990534e-13,1.5854112471159465e-12,-5.901632860213754e-13,6.346666263063849e-13,2.703499234058508e-13,-4.0024402532343133e-13,5.130063434586209e-13,3.4299669166345464e-13,1.7180236794396241e-13,6.611216511160639e-13,1.8711274648995226e-12,1.5812116323534728e-13,1.1191292919806854e-12,8.412273843816931e-13,1.2932480810903665e-13,6.171314724501644e-13,-2.173699565299909e-14,-1.3634233910256274e-13,6.144951177514732e-13,9.9615123797387e-13,8.266612519557019e-13,1.659524517242444e-12,2.0184743909228876e-13,7.482623526223978e-13,9.645135425355752e-13,4.6694901239696164e-14,-1.652672838130487e-13,7.806680331803178e-13,3.4331286888788513e-13,5.451551462871273e-13,9.678183161089561e-13,5.424228234428327e-14,8.28975486749471e-13,3.2136326473670533e-13,1.3067468002146487e-14,3.2158997617029965e-13,-2.8227642021505454e-13,-2.1910216174091108e-12,-8.136286883381544e-13,-7.402382338447008e-13,4.65836776457311e-14,1.7150496042711246e-13,1.834385954104817e-13
L4treat_m3,4.1707194219958036e-14,3.1203171641350453e-13,-9.392809940881739e-14,-2.4698488533151146e-13,1.7190980999592432e-13,-3.303430828174303e-13,7.914469358796567e-15,2.766127120751511e-13,3.198197327182717e-13,1.7001875936912432e-13,4.944534807634574e-13,2.570470562750597e-13,-1.4582363667167408e-12,2.4891488762810015e-13,-5.922015542007167e-13,-1.0603884029521417e-12,-1.1919782738367734e-12,2.4941880588081217e-13,2.6257105228386164e-13,5.899179423349308e-13,-9.40620932896714e-14,-1.1059938931222754e-12,8.840849095246203e-13,-1.2547808593595619e-12,-6.880275112668872e-13,-1.240882943682506e-12,-1.6146511944010665e-12,3.3994284053492697e-13,5.96018839238928e-13,-2.1546695887441086e-13,-1.233595208515253e-12,1.6480159848196904e-12,-7.043034987159837e-13,-3.3795689664657096e-14,-1.7993757089458373e-12,2.8514450362463674e-13,1.771362794023237e-13,3.6034736179239623e-13,-6.593194477199442e-14,-2.748776803880115e-13,1.6774620105237639e-12,2.3873924695678553e-13,-3.233473406569795e-13,2.680046833087338e-13,-1.3428566537142948e-13,4.532811477995986e-14,-2.7083540948616633e-14,-3.7116925493652165e-13,-8.473203847670956e-14,9.765622879949007e-13,5.748378589598349e-13,-5.736763936512013e-13,2.0530306773886412e-13,3.3411212422316643e-13,6.451304468062653e-14,2.350969449685163e-13,-7.580265045759853e-14,-8.62295685842846e-13,8.745896943492933e-13,6.164773717366738e-14,-9.18271971846691e-13,5.882788267230336e-13,-5.024900271204756e-13,-2.256511425960264e-13,-6.106240595459121e-13,-4.112394578323301e-13,5.900044493487049e-13,-9.344663445026181e-13,-1.7363626686615694e-13,4.772148544098003e-13,3.8983157191493667e-13,3.1349419922725575e-13
L4treat_m2,2.488944026192694e-12,-1.0167811778654695e-12,1.636099251387287e-11,2.9250154059627076e-11,-1.5169726178510527e-11,-1.9625471876636496e-12,3.0715793140549955e-13,-1.348444037148915e-11,1.232576856437136e-12,8.239153667981372e-13,2.5704705627521166e-13,1.61573566825391e-11,4.5806800523959816e-11,-2.3340742021080148e-11,-6.5563711916109436e-12,-5.967011686439684e-12,-2.1087412963996865e-11,-1.2845409453940251e-11,4.1731799909691864e-13,-1.574456769374731e-12,1.977066745133005e-11,3.380391816244233e-11,-2.1575753747687886e-11,-1.0769003025578074e-11,-1.4917874607675738e-11,-1.0802290926004168e-11,-1.5578213121131887e-12,-6.716863288013424e-13,-2.9026901836016045e-12,1.8264964229056664e-11,4.28774644185315e-11,-2.0911811939471228e-11,2.9861871658571765e-12,-1.8137836805559317e-12,-5.72862936621688e-12,-1.0542043211170073e-11,-2.65491362566316e-14,-6.5225131995004e-13,1.6080818111413957e-11,4.5025237940979464e-11,-8.58186138961217e-12,1.0540501365404262e-11,1.0920709549803548e-11,-1.2593077698642184e-11,-4.884613816764523e-12,-1.2388454025605738e-12,-1.9094694243407683e-13,1.5905147766471695e-11,1.5222709497042083e-11,1.9226436334395e-11,2.1510043288231253e-11,1.2086003484159146e-11,4.5465476993469e-12,1.5182036104563994e-11,-4.984941908538157e-13,-5.828830137635517e-12,1.5239389880168216e-11,8.352683302621945e-12,7.184121568734902e-12,1.5329285169038964e-11,1.3405630669187702e-11,2.7836275153426846e-12,7.0214018869980216e-12,2.0237732587496918e-12,6.717329190557699e-12,-7.84501831621274e-12,-4.561783753206872e-11,-8.636512620890238e-12,-9.178286185789646e-12,2.2167519533051214e-12,1.037513193454759e-11,1.1188246377401228e-11
L4treat_m1,7.952391814079734e-12,-4.731706985459991e-12,4.93696920819306e-11,9.663785161244674e-11,-4.407877193554316e-11,-3.035725168932981e-12,-2.919758796182073e-12,-4.4767474866004276e-11,3.5799209431820104e-12,2.261384713598902e-12,-1.4582363667168823e-12,4.580680052395964e-11,1.6195202728208346e-10,-7.347956870223833e-11,-1.8529786403533437e-11,-1.522253247228649e-11,-6.005214947983874e-11,-4.283170914414798e-11,6.299560978126637e-13,-7.704871842438502e-12,6.34539275931589e-11,1.210936545197434e-10,-6.79581738381431e-11,-1.970124270151919e-11,-4.0784284471472623e-11,-2.4602221493281123e-11,6.28536601962506e-12,-3.0124195889110764e-12,-1.2608904467257429e-11,5.7728127918318605e-11,1.449596416428881e-10,-7.24623343434365e-11,1.936683432264223e-11,-4.2644246674037314e-12,-8.242732267090376e-12,-3.283777878766106e-11,1.0700138665260977e-12,-3.3266100844086905e-12,4.926261691413001e-11,1.4550041795909668e-10,-2.8002669369915212e-11,3.903208079000869e-11,4.3587851644166594e-11,-3.783626660910014e-11,-1.0307193030166314e-11,-5.370792948195548e-12,-1.1348309113476302e-12,5.199783141967781e-11,4.887051030941312e-11,5.5987310788094154e-11,7.054754092775598e-11,4.016314782415779e-11,1.840682813146228e-11,4.469879980483317e-11,-1.867767242698926e-12,-2.021122220955445e-11,4.8758004455391775e-11,3.490278981023204e-11,2.5034269513664373e-11,4.825116728836155e-11,4.764392477290912e-11,8.070586974137202e-12,2.5700709899770857e-11,7.429610422148459e-12,2.4851200223971783e-11,-2.161604060706074e-11,-1.5335105814532203e-10,-2.7645379317988992e-11,-2.912206332572264e-11,5.542582574499241e-12,3.341710825221975e-11,3.653981086632791e-11
L4treat_p0,-3.6017401459474144e-12,1.870206397092207e-12,-2.395808609196097e-11,-4.4782275127452074e-11,2.998406655975415e-11,8.546700185076748e-12,6.282777723043245e-12,2.7944486678824888e-11,-1.0063587133570797e-12,-1.2974196602111157e-12,2.4891488762812266e-13,-2.3340742021080358e-11,-7.347956870223853e-11,4.9556235728535136e-11,1.5357918635681986e-11,1.4081136505945926e-11,3.922874854972429e-11,1.8479371628951166e-11,-4.458317623336655e-13,2.4864236470455757e-12,-3.146240959819267e-11,-5.496965899673093e-11,4.137857697105316e-11,1.9743591901693546e-11,2.9667729575038055e-11,1.992817468456535e-11,1.7865658419913867e-12,1.2065857733210818e-12,4.5428738515098286e-12,-2.839304837384678e-11,-7.180530071648301e-11,3.8598579913346726e-11,-2.0302266525869407e-12,9.931208616226931e-12,1.199826742829082e-11,2.138957519536914e-11,-1.8534993195081188e-13,6.526260324073639e-13,-2.5026165560746292e-11,-7.354882189806103e-11,2.0847390965734635e-11,-1.1301172216283991e-11,-1.5225855155943556e-11,2.6312080015395608e-11,1.061505702275441e-11,2.19088663460988e-12,-1.888706438675487e-13,-2.698888459098898e-11,-2.2970393712414912e-11,-2.5736118657049107e-11,-3.466946327968742e-11,-1.8678926959043006e-11,-5.945017032058433e-12,-2.5389507558026105e-11,5.514986238074026e-13,9.340498990157207e-12,-2.4083786779121817e-11,-1.397839757887785e-11,-1.0983887906648504e-11,-2.018741918396244e-11,-2.2160283682744612e-11,-3.886170593166449e-12,-9.894939821404976e-12,-3.0058723444311315e-12,-9.743493786816015e-12,1.3720699872627702e-11,7.67996310302232e-11,1.3923316854226118e-11,1.565965717837914e-11,-1.84967328282822e-12,-1.6332700122604857e-11,-1.6590314472315187e-11
L4treat_p1,-1.4507227170548818e-12,-5.602407162099065e-13,-7.1037882935024125e-12,-1.0412831880828568e-11,1.2258879800159367e-11,8.03896844201922e-12,5.627085258360197e-12,1.168752397117409e-11,-9.017666580986555e-13,-6.768574362524069e-13,-5.922015542007435e-13,-6.556371191610917e-12,-1.8529786403533094e-11,1.5357918635681815e-11,1.455054036158562e-11,6.0181697238353465e-12,1.7621442406784553e-11,8.11704844504944e-12,-6.80726640488258e-13,-7.970111762423405e-13,-1.0228796498929161e-11,-1.499571852049209e-11,1.0082447385242544e-11,1.4952026079131038e-11,1.2498355546088896e-11,9.170081884878009e-12,2.295879570913594e-12,-4.2733864609758856e-13,2.491547206538405e-13,-7.34596840035235e-12,-2.1166055701002366e-11,9.391129648324323e-12,6.21637733580585e-12,5.5540539658194435e-12,6.8737146257243316e-12,6.2981048461419036e-12,-1.4503906324977957e-13,-3.5985313286536036e-13,-6.734154959229599e-12,-2.162284148257955e-11,5.272363903534135e-12,-3.6407575602851827e-13,-1.0351848925628034e-12,1.0015652492896056e-11,5.679013098534722e-12,7.525166272979326e-13,6.47925989453721e-14,-8.383612281796403e-12,-8.077183925585453e-12,-9.101034883672157e-12,-7.0012018161044415e-12,-2.141384271976222e-12,-1.0966539318880262e-13,-6.184307573726593e-12,1.4821189287178894e-13,1.5495853786881134e-12,-8.710342191081316e-12,-2.203820059756832e-12,-3.336511060979222e-12,-3.730707404352001e-13,-1.6092884560178846e-12,-4.913923599470775e-13,-3.2997404651684815e-12,-7.342025552974685e-13,-1.224025434744711e-12,5.745617163174258e-12,2.321019427888465e-11,5.2938423386614994e-12,1.6899363408303183e-12,-3.1284907412948136e-12,-5.5932925011895375e-12,-4.381062682218527e-12
L4treat_p2,-9.629116477389217e-13,-7.9588050257727e-13,-4.886821038497247e-12,-9.446918333221658e-12,7.488044398175529e-12,5.8114416329073594e-12,8.502622315765393e-12,7.946086001388565e-12,-2.4940682500140325e-12,-1.3174299400320571e-12,-1.0603884029521658e-12,-5.967011686439716e-12,-1.5222532472286294e-11,1.4081136505946128e-11,6.018169723835155e-12,1.7748666327521597e-11,1.352417942651678e-11,-4.97808193180132e-12,-7.283695966326505e-13,-7.40391027173452e-13,-7.946350269749135e-12,-1.1149831236670313e-11,9.385903487642972e-12,8.435124794024197e-12,1.0247880736799685e-11,7.997029688575341e-12,1.806952326777773e-13,-1.1515991432090113e-12,-9.346926036743191e-13,-7.67551707898018e-12,-1.3230385905870812e-11,6.246304052604505e-12,-6.073177082525515e-13,8.20460483056092e-12,1.270760525775201e-11,4.1913384528356205e-12,-1.5220032211365342e-12,-2.2160701869477265e-12,-6.8377015188688916e-12,-1.6053846879080046e-11,1.039278837788509e-12,-6.464317940900961e-13,3.4534247941950003e-12,1.053912648396224e-11,-6.777971029769485e-13,-2.4291713688426955e-13,-1.6569887441968597e-13,-7.706313073630764e-12,-6.295181466933701e-12,-6.688931752043615e-12,-7.704437075231699e-12,1.1602541154482862e-12,-6.017503658383547e-15,-6.364104742247757e-12,-6.295645645756923e-13,1.6113876248887998e-12,-6.111383791004901e-12,-4.602533155050797e-12,-5.416474657302392e-12,-1.5079489905969635e-12,2.0118021532316024e-13,-1.853409433374507e-12,-1.8764667910880318e-12,-2.6352265087043906e-13,-1.278709994298459e-12,3.741849724864497e-12,1.633517551446471e-11,6.181611158892875e-12,1.200909635526492e-12,-6.4050371976977325e-12,-7.868359327940758e-12,-3.5158875724733793e-12
L4treat_p3,-3.756886788388489e-12,5.381534849893274e-13,-2.1877866871033582e-11,-3.844712692700538e-11,2.8205130815888132e-11,1.2884247430406603e-11,7.007890067576009e-12,2.9587228619796966e-11,1.555725966100135e-12,-9.699187907989268e-13,-1.1919782738368285e-12,-2.1087412963996803e-11,-6.005214947983845e-11,3.922874854972421e-11,1.762144240678433e-11,1.3524179426517315e-11,5.0065673315006286e-11,2.1778835763283422e-11,-9.84077064868968e-13,8.552089646053793e-13,-2.6563161470931822e-11,-4.681084366866861e-11,3.3537902364705255e-11,3.031647652898811e-11,3.3048782685301437e-11,2.954080242930171e-11,1.320763863462408e-11,6.773602955048183e-13,3.1045100896201666e-12,-2.1814001421408694e-11,-6.09950654439513e-11,2.5981140679607138e-11,2.6177521783426585e-12,7.520996653067656e-12,2.173152468264994e-11,2.2156444674842856e-11,5.475314126195382e-13,9.822026282100243e-13,-1.9941429557656116e-11,-6.661654597815065e-11,8.889970172546422e-12,-9.063676634826241e-12,-1.121440093878845e-11,2.7829378060650445e-11,1.3699836162123953e-11,2.417086433498579e-12,-7.925134553206306e-14,-2.2958009971226848e-11,-1.962652517608908e-11,-2.5904446813050956e-11,-3.014755511285684e-11,-1.695723599357153e-11,-2.657346145877067e-12,-2.2549918471954865e-11,3.6479701528905654e-13,7.409638165017787e-12,-2.0950909434467593e-11,-1.0487140145251558e-11,-1.1459613914741118e-11,-1.6678410238298208e-11,-1.7643848179908253e-11,-2.7753922649313783e-12,-4.980914360727798e-12,-2.295841977496922e-12,-6.1638227446315456e-12,1.452481951536815e-11,6.850549284709749e-11,1.693058019068431e-11,1.3173371958415696e-11,-1.6658327246947592e-12,-1.88087471334053e-11,-1.7984230880367002e-11
L4treat_p4,-2.4619626749390375e-12,1.540313347965843e-12,-1.5480896713174275e-11,-2.7630571454110698e-11,1.4568510755171274e-11,1.416938594585197e-12,-2.1407048835032535e-12,1.4344579024351179e-11,2.169132363893935e-12,4.4358648156293137e-13,2.4941880588078864e-13,-1.2845409453940156e-11,-4.28317091441478e-11,1.8479371628950988e-11,8.117048445049312e-12,-4.978081931801842e-12,2.1778835763283525e-11,3.081815546674549e-11,-2.391698060307352e-14,2.220600479019012e-12,-1.7231602247367802e-11,-3.2332090957490114e-11,1.9921095434261352e-11,1.4244875366846804e-11,1.7290525560984852e-11,1.3530278742896341e-11,8.268807790995596e-12,2.069474379178021e-12,4.608762750428033e-12,-1.429043801399673e-11,-4.1807185502261476e-11,2.031265387078089e-11,2.490385455168102e-12,-2.1254586642989067e-12,3.537604283839118e-12,1.481842483928251e-11,1.317309089674404e-12,2.9990936497933813e-12,-1.1892522536504606e-11,-4.265716214505421e-11,1.1154489201412135e-11,-7.92936097759803e-12,-1.4125336030896874e-11,1.652697423670031e-11,8.338456462451632e-12,2.40241399223512e-12,5.00630027011339e-13,-1.323957123363909e-11,-1.3189975547750443e-11,-1.7484053034961355e-11,-1.625762270686416e-11,-1.2381937658357218e-11,-3.519976422690471e-12,-1.230763655574316e-11,1.048652897714945e-12,6.050377427070734e-12,-1.5014527346033307e-11,-8.127743542018746e-12,-4.776773083234288e-12,-1.4270067148646209e-11,-1.7011716713185595e-11,-3.000556468869095e-13,-4.9226835294401575e-12,-2.042748744967461e-12,-6.1721484884173486e-12,7.98373792917139e-12,4.678032202011334e-11,8.071052462305066e-12,9.808073594315987e-12,3.2528352763748834e-12,-8.189517682041467e-12,-9.692973278871849e-12
L8treat_m4,1.5488700971705158e-13,2.441128718639952e-13,2.9389190926386463e-13,4.859577911428349e-13,6.095510842916208e-14,-1.1659204691589683e-13,-2.4400556708986876e-13,-2.0265704509391465e-13,3.952970009321472e-13,2.1074310343783108e-13,2.625710522838668e-13,4.1731799909693404e-13,6.299560978126917e-13,-4.4583176233370725e-13,-6.807266404882986e-13,-7.283695966326658e-13,-9.840770648689791e-13,-2.391698060307764e-14,3.0665980827529773e-13,3.7622882201603225e-13,4.695550330626424e-13,6.574072895637402e-13,5.73480991157247e-13,-3.3533526365617484e-13,-2.6580315688410613e-13,-7.533621047724869e-13,-5.383718354931532e-13,3.055129984968638e-13,2.590197754690265e-13,2.2752601229823913e-13,2.415115956334903e-13,5.409742234978921e-13,1.9667563747463006e-13,2.111424841544136e-14,-8.481359812552714e-13,5.742190167550428e-14,2.707077705050554e-13,2.3451037307526814e-13,2.1858248959173225e-13,5.509218892131403e-13,1.2947130204467599e-12,1.0305863672633976e-12,7.294268126616668e-13,4.279482724837316e-13,3.287967468124546e-13,-6.362970356957673e-14,-1.5261416513084036e-13,6.835892413975123e-14,2.214107328386468e-13,1.1414951119197931e-12,1.4237755387749562e-12,2.091544427332984e-13,4.5112100137686755e-13,4.636467823533955e-13,1.2729798378480414e-14,-5.941542288080703e-14,1.454224568955737e-13,-4.4335794276834504e-13,1.1945342479828076e-12,3.0966624539920653e-13,-5.217459123149048e-13,4.78844468412851e-13,-3.1485235784900547e-13,-5.318530674663529e-14,-8.477641871892496e-14,-1.4442084824633037e-13,-4.783893332345017e-13,-7.260739064174514e-13,-4.5897462409445626e-14,8.110649117379233e-13,8.342676506169157e-13,9.609828614269699e-13
L8treat_m3,-2.2028744342589866e-13,6.877580960551875e-13,-2.0813072682926616e-12,-4.533198833857111e-12,2.282156005038374e-12,1.7794110586490393e-13,-3.618039464656421e-13,1.505616790893462e-12,7.213539082351206e-13,1.4342851407263885e-13,5.899179423349836e-13,-1.5744567693748706e-12,-7.704871842438163e-12,2.4864236470456937e-12,-7.970111762423047e-13,-7.403910271734019e-13,8.552089646054129e-13,2.2206004790190496e-12,3.7622882201605997e-13,1.362191088494521e-12,-2.2723138656060097e-12,-6.046588372797312e-12,3.988753400979302e-12,3.675301425541503e-13,4.0679433261581484e-13,-3.9375440410008704e-13,-1.7652914908045279e-12,6.292083038575275e-13,1.356133158047754e-12,-2.3800568716676864e-12,-7.314178677703211e-12,4.744608994553057e-12,-1.4296221566980326e-12,-1.2386584791602221e-12,-2.3815884104481026e-12,1.0331446521462056e-12,3.53193520757873e-13,7.566258512761026e-13,-1.808287064762258e-12,-6.2582223406830165e-12,3.608117298386054e-12,-6.434819284687851e-13,-2.392380536124198e-12,1.7659127695649899e-12,4.848394655967519e-13,1.8604809818216813e-13,-8.247473487662046e-14,-2.673879632952218e-12,-2.0622383013202644e-12,-5.658213889094777e-13,-1.973966715189597e-12,-2.7799792132631092e-12,-1.079646105071628e-12,-2.0670779074976835e-12,3.525119643306247e-14,1.0770166441935236e-12,-2.0369301693192487e-12,-2.967890593845338e-12,9.037620041575682e-13,-2.4680286681134088e-12,-3.713203887272804e-12,3.921101120051538e-13,-1.6826637761383318e-12,-5.100414839900327e-13,-1.6101945783139023e-12,5.645476567912138e-13,6.90859057072585e-12,-3.928695640362607e-13,8.774025964467759e-13,9.666368800432098e-13,-8.418421045917796e-13,-8.913914233166289e-13
L8treat_m2,3.3417277676363526e-12,-1.4147028954438458e-12,2.078912505785759e-11,3.890959902854388e-11,-1.9567571593281633e-11,-2.7460806953384515e-12,-1.9602151676308656e-12,-1.857491178989489e-11,1.8838468248333474e-12,1.0381484132197684e-12,-9.40620932895502e-14,1.9770667451329883e-11,6.345392759315873e-11,-3.1462409598192955e-11,-1.022879649892928e-11,-7.946350269749025e-12,-2.656316147093184e-11,-1.7231602247367624e-11,4.69555033062602e-13,-2.2723138656060004e-12,2.7006093757731306e-11,4.7720623328712117e-11,-2.73499077087398e-11,-1.1841620243034664e-11,-1.895353740654285e-11,-1.0806269432458189e-11,8.16382984070346e-13,-9.753193374762892e-13,-4.191501935111065e-12,2.435855143052899e-11,5.875514563181174e-11,-2.925104068318082e-11,4.602926807919602e-12,-4.0755470994375675e-12,-6.2387651149373726e-12,-1.4198379933748956e-11,2.2083750298872098e-13,-6.936372219512248e-13,2.1198161963439028e-11,6.004027851273253e-11,-1.1856515021624074e-11,1.453483742738397e-11,1.4727783915735677e-11,-1.6662462942957348e-11,-5.856539848726624e-12,-1.8740018119775293e-12,-1.1756789734185018e-13,2.1749852704813857e-11,2.0206291835693165e-11,2.4811729355421275e-11,2.8299890595628447e-11,1.5471806140750948e-11,6.513825788755609e-12,1.9401293268162867e-11,-7.436810612954519e-13,-7.8875759106542e-12,2.0352099111318632e-11,1.2533995656822563e-11,1.0752923481300795e-11,1.8504203366047367e-11,1.7357738896116118e-11,3.4280707999397237e-12,1.0770284093961979e-11,2.869389213090443e-12,9.333771678531465e-12,-9.618459311107133e-12,-6.158138365949663e-11,-1.1161226627330588e-11,-1.0793541664150524e-11,4.79148642478187e-12,1.4792049299673033e-11,1.5312917441356198e-11
L8treat_m1,6.219697562552877e-12,-3.2328340672045275e-12,3.6998656771517504e-11,7.266287938428146e-11,-3.405270468860902e-11,-4.859915641527688e-12,-4.711395026127809e-12,-3.4343584856497944e-11,1.3108713690572962e-12,1.5997710179136846e-12,-1.1059938931224604e-12,3.380391816244234e-11,1.2109365451974332e-10,-5.496965899673042e-11,-1.4995718520492395e-11,-1.1149831236670483e-11,-4.681084366866899e-11,-3.2332090957490256e-11,6.574072895637241e-13,-6.046588372797667e-12,4.77206233287124e-11,9.425688342055646e-11,-4.8546635424941744e-11,-1.761641210637159e-11,-3.023067364714046e-11,-1.7041362760331418e-11,4.295795295494176e-12,-2.2521628592213194e-12,-9.399749902092832e-12,4.288383886781757e-11,1.1119969570879681e-10,-5.367839536817866e-11,1.4316981261232847e-11,-2.7720605167146957e-12,-4.479763416975604e-12,-2.4152931714279142e-11,4.2568575437880896e-13,-2.2621192954579097e-12,3.6869622273133764e-11,1.1061466103100307e-10,-1.86078966819357e-11,2.929936459191046e-11,3.420467318310515e-11,-2.6320341384345018e-11,-7.826794156668429e-12,-3.970405910395341e-12,-4.078561171761913e-13,4.0372054754572283e-11,3.5797741340495415e-11,4.3052631502660956e-11,5.49407122729423e-11,3.3095085581160284e-11,1.519796418579055e-11,3.563617176173669e-11,-1.1012673510483308e-12,-1.4933093147890577e-11,3.578743271358443e-11,2.7170217367005705e-11,2.029496826578752e-11,3.532260696306322e-11,3.5384459640746426e-11,5.161396249872272e-12,2.0199890994796078e-11,5.384114049955048e-12,1.7571844872288263e-11,-1.6473478570478584e-11,-1.1469156014568861e-10,-2.111942403557237e-11,-2.0335831731425925e-11,5.464640917819474e-12,2.696393221418808e-11,2.960522287562805e-11
L8treat_p0,-3.205284731506601e-12,2.868682305082455e-12,-2.273690810279167e-11,-4.257982688167429e-11,2.830631969136819e-11,7.119676339527462e-12,1.5684819462451543e-12,2.438305287015093e-11,-1.3443951233371247e-12,-7.19889481207326e-13,8.840849095245786e-13,-2.1575753747687967e-11,-6.795817383814272e-11,4.1378576971052895e-11,1.0082447385242707e-11,9.38590348764273e-12,3.3537902364705255e-11,1.9921095434261704e-11,5.734809911571922e-13,3.9887534009791224e-12,-2.7349907708739434e-11,-4.854663542494155e-11,4.5596341434791964e-11,1.9455600806020185e-11,2.7562862195235932e-11,2.096571148775103e-11,-5.958894949057601e-13,2.3933776018705355e-12,6.0630501749300315e-12,-2.5564130739326082e-11,-6.658619411116956e-11,3.909191557612201e-11,-1.6943192019672897e-12,4.340989718909046e-12,7.862448308636689e-12,1.8706812478153977e-11,7.168300327219847e-13,2.3014174539560767e-12,-2.1912963515527715e-11,-6.793231786884614e-11,2.6124304713012148e-11,-5.923708123036522e-12,-1.1922526664358153e-11,2.79479633265616e-11,9.441733640509407e-12,2.0673763995103216e-12,1.1090798191052414e-13,-2.4544515462210896e-11,-2.3479942665922374e-11,-2.1266158711387764e-11,-2.7748652253590656e-11,-1.876159143521486e-11,-7.122043647332912e-12,-2.356266045584386e-11,5.635565106321226e-13,9.06351064532489e-12,-2.341968188695507e-11,-1.674768717240432e-11,-4.935031560201897e-12,-2.22535390716359e-11,-2.7864871271991873e-11,-3.5319905259498817e-12,-9.563683347949442e-12,-3.370534083788664e-12,-1.0890403559297049e-11,1.1640945775514282e-11,7.319471823592736e-11,1.0139270487377098e-11,1.5255495892847352e-11,3.940502577654563e-12,-1.0289962001837779e-11,-1.0112300582255158e-11
L8treat_p1,-1.9962722300065914e-12,-2.271641710596602e-13,-1.1120995238561206e-11,-1.6662427986685956e-11,2.0590666301279694e-11,1.493430621174625e-11,5.016813394044924e-12,1.541125510659286e-11,1.749546003341601e-12,-2.38789071964984e-13,-1.2547808593595948e-12,-1.0769003025578027e-11,-1.9701242701518762e-11,1.974359190169355e-11,1.495202607913147e-11,8.435124794024456e-12,3.0316476528987895e-11,1.4244875366847012e-11,-3.3533526365618514e-13,3.675301425540954e-13,-1.1841620243034714e-11,-1.7616412106371216e-11,1.9455600806020314e-11,3.416707114447785e-11,2.2725423547307658e-11,2.0094715278198938e-11,1.1168155637408486e-11,7.523486934037643e-13,9.979184182885986e-13,-9.020894613723934e-12,-2.8462620217733477e-11,1.3863328642039007e-11,1.3627631526986853e-11,3.9769153578139335e-12,1.3471453870953224e-11,1.0973146464923174e-11,1.988037855468019e-12,7.777911137680608e-13,-8.820144760799796e-12,-3.1108196405656464e-11,1.1998656793116262e-11,7.480899687481275e-12,2.272796262016249e-12,1.931562973650043e-11,1.272374675477184e-11,5.079687485625899e-13,-8.153656405932065e-13,-1.2228237117145937e-11,-9.925481483103982e-12,-1.1589772597010398e-11,-8.801462866386757e-12,-7.74740408089133e-12,-1.2932921629400932e-13,-1.4413283076651866e-11,-3.5561351860725e-13,2.498093474205638e-12,-1.0978989956966818e-11,-4.383086435518265e-12,-4.942248182023278e-14,-3.3792937569712e-12,-7.787667283904916e-12,4.867432622705809e-13,-1.995386674570002e-12,-7.040565049694096e-13,-5.387695930813942e-13,9.156151574103896e-12,3.081325399412937e-11,4.415817507567773e-12,7.514687710111049e-13,-2.2100531697257e-12,-1.0924477042878564e-11,-7.604322975419004e-12
L8treat_p2,-2.831912955538471e-12,3.769213942341016e-13,-1.5856857162827385e-11,-2.7425519779955205e-11,1.9362107329251462e-11,7.249071111325044e-12,8.024522904884553e-12,2.0948181436123733e-11,-2.3838341098756507e-12,-3.3855354397505617e-13,-6.880275112668722e-13,-1.4917874607675702e-11,-4.078428447147245e-11,2.9667729575037945e-11,1.2498355546088928e-11,1.0247880736800756e-11,3.3048782685301314e-11,1.729052556098511e-11,-2.658031568840884e-13,4.0679433261578157e-13,-1.8953537406542898e-11,-3.023067364714056e-11,2.756286219523592e-11,2.2725423547307503e-11,3.1945597306941685e-11,2.1202291429776356e-11,9.230883274146201e-12,9.847180818991453e-13,2.174127082636879e-12,-1.6510936099967433e-11,-4.271212287119439e-11,2.2509104477516913e-11,5.05326890477708e-12,1.1087933853228496e-11,1.700691594193278e-11,1.8290597820163153e-11,1.072034619595867e-12,7.115677083073804e-13,-1.4353458028854362e-11,-4.619375255620735e-11,1.3036368975133558e-11,-2.292126279730311e-12,-1.3037453796530696e-12,2.6168239626816436e-11,9.063976600136807e-12,1.407548091790917e-12,-4.902768394426898e-13,-1.6922601431419487e-11,-1.3433400124919133e-11,-2.016955562513988e-11,-1.9480567995553664e-11,-8.780985014174773e-12,-6.263953366230456e-13,-1.7242063652234687e-11,1.0275328345975686e-13,5.68875318692756e-12,-1.58265722866541e-11,-8.386201292662193e-12,-1.0012698978781165e-11,-1.1687062436841341e-11,-1.4039548965110758e-11,-1.554453145213561e-12,-6.95441686648887e-12,-1.4469740559515758e-12,-4.139216437199291e-12,1.0741756209126506e-11,4.908945878084478e-11,1.3241238034463787e-11,1.1653056975658518e-11,-7.075237336525858e-13,-1.0540321252207688e-11,-7.318786879311991e-12
L8treat_p3,-1.6084824325414808e-12,-1.0327169944828695e-13,-1.1588278594236044e-11,-1.7436759341228924e-11,1.3739583663649772e-11,6.101371513746496e-12,1.3908419040635702e-12,1.7395762100845607e-11,2.2221414715463482e-13,-6.321039223813145e-13,-1.2408829436825746e-12,-1.0802290926004087e-11,-2.4602221493280945e-11,1.9928174684565196e-11,9.170081884877963e-12,7.99702968857598e-12,2.9540802429301717e-11,1.3530278742896506e-11,-7.533621047724954e-13,-3.937544041001399e-13,-1.0806269432458182e-11,-1.7041362760331243e-11,2.0965711487751025e-11,2.0094715278198883e-11,2.1202291429776738e-11,2.987395789450415e-11,1.2567252564546067e-11,2.551201244575634e-14,9.97301841949978e-13,-9.03309201546832e-12,-2.5268262520816203e-11,1.042128477621559e-11,4.022030416971721e-12,2.2448051912120744e-12,1.86250259135669e-11,1.1796426734240816e-11,-1.00070441684746e-13,6.103839043374131e-13,-8.40601086043551e-12,-3.1105670825027065e-11,3.7406949264290614e-12,-1.7437526176434753e-12,-4.095936617740556e-12,2.2377792178528433e-11,5.4920703290364974e-12,1.4087162208760257e-12,6.615837982855452e-13,-9.195038534287376e-12,-1.0564183577854742e-11,-1.3759647341854311e-11,-1.481924619052952e-11,-7.461402037767307e-12,1.2345985905448686e-12,-1.1732755265664206e-11,3.4542039898377074e-13,2.9826548932688137e-12,-1.081512086702101e-11,-5.522787624661155e-12,-6.167476535466626e-12,-9.564892498919751e-12,-9.568509475349806e-12,-2.802401279426079e-12,1.7869117055011656e-12,-8.359288236924797e-13,-2.408206515165601e-12,8.324546252981664e-12,3.444160639001608e-11,1.1930091526392033e-11,1.0006260047057779e-11,4.4048937936782706e-12,-7.881988003510227e-12,-2.9849664000117723e-12
L8treat_p4,8.565372864768576e-14,-7.403661608034785e-13,-4.469940986429056e-13,5.009792686019163e-13,3.2845033413794107e-12,3.2211145730039013e-12,-7.624522666795939e-13,4.333253435609049e-12,6.055483053221428e-12,4.1119729926349857e-13,-1.6146511944010918e-12,-1.557821312113277e-12,6.285366019625123e-12,1.7865658419912338e-12,2.2958795709140677e-12,1.8069523267769337e-13,1.320763863462408e-11,8.268807790996103e-12,-5.383718354931584e-13,-1.7652914908045806e-12,8.163829840700108e-13,4.295795295494306e-12,-5.958894949060097e-13,1.1168155637408749e-11,9.230883274146416e-12,1.2567252564545904e-11,1.8909485999857208e-11,-7.782026238311669e-14,-1.6509135158510558e-12,1.8008344282404441e-12,3.651821267746645e-12,-6.373654718886486e-12,6.30469637720024e-12,1.6557005786892373e-12,1.3963955129322577e-11,8.249846199146492e-12,7.89734715136552e-13,4.718421065758157e-14,5.66333305946478e-13,-2.3517377538940745e-12,-5.790855306273813e-12,1.4280648632508026e-12,1.2458088767069992e-12,6.598333952222185e-12,7.885215339266464e-12,4.4576849852865e-13,-5.091889942034213e-13,1.4635332488926352e-12,1.9808803976030747e-12,-3.0486284809794455e-12,-1.7083853441317197e-12,-1.3905407207673902e-12,3.5554432998369258e-12,-1.199837330876262e-12,1.09598135773868e-13,-8.129621727809003e-13,1.0645109342631538e-12,4.95397508627391e-12,-1.1188084719647525e-12,-9.33034408297836e-13,1.3642420554049627e-12,1.7266490133090005e-13,5.7087204738624475e-12,8.530404951608759e-13,3.042313388262668e-12,3.486581564170416e-12,6.746922187264626e-13,5.228819242028602e-12,3.714217428490841e-12,3.334088847683457e-12,-2.8900885463442747e-12,-4.249862432954592e-12
L12treat_m4,-6.716016590266365e-14,4.3748175358346553e-13,-1.0333194546663477e-12,-2.0354706511411897e-12,1.2591477678553091e-12,1.261025606904906e-13,-5.73926660722254e-13,8.254020170327207e-13,4.0420372199594287e-13,2.8456876286646086e-13,3.39942840534937e-13,-6.716863288012999e-13,-3.0124195889110227e-12,1.2065857733209974e-12,-4.2733864609760855e-13,-1.1515991432090243e-12,6.773602955047938e-13,2.0694743791780373e-12,3.055129984968761e-13,6.292083038575167e-13,-9.753193374762442e-13,-2.2521628592212915e-12,2.393377601870515e-12,7.523486934037801e-13,9.84718081899126e-13,2.551201244574878e-14,-7.782026238309474e-14,6.30640604090009e-13,7.655034297426803e-13,-9.522570784891217e-13,-3.2870390378745783e-12,2.737184416163265e-12,5.369729937469223e-13,2.0019637660472695e-13,-6.366102422162981e-13,1.9094318544048153e-12,5.168047272215686e-13,5.207367771577337e-13,-8.453473095504261e-13,-2.9142138744378486e-12,2.7889405433416423e-12,7.522428883403927e-13,-1.9402122290781278e-13,1.4680260330993185e-12,1.5021423983960959e-12,1.3653704955241522e-13,-1.4968675860545027e-13,-1.1269548252973122e-12,-8.215903355169161e-13,-7.153596353762526e-13,-4.0516612848571367e-13,-1.8105383717800778e-12,-2.535104433663275e-13,-1.111190888218546e-12,1.3895886460584606e-13,6.083743464554911e-13,-7.994230787556115e-13,-9.950073025030621e-13,6.224986536701565e-13,-9.26619746516302e-13,-2.554280580827239e-12,5.458770466459751e-13,-2.1409527148297613e-13,-3.771358380788556e-13,-8.650266048131194e-13,-1.4968429599931707e-14,2.7102016227091237e-12,-1.0679401670447899e-12,-5.353773811113234e-13,-3.800516183403236e-13,-1.0899171411162933e-12,-1.3948341520755262e-12
L12treat_m3,-5.66450641260119e-13,7.744783355116399e-13,-3.644716337987688e-12,-7.376663373662973e-12,3.3424453547008936e-12,3.113459147964677e-14,-6.370270860253063e-13,2.9757909227466056e-12,4.132664598211172e-14,5.871542197254463e-14,5.960188392388848e-13,-2.9026901836016756e-12,-1.2608904467257304e-11,4.5428738515097195e-12,2.491547206538412e-13,-9.346926036743012e-13,3.104510089620154e-12,4.60876275042797e-12,2.590197754690386e-13,1.3561331580476602e-12,-4.1915019351111165e-12,-9.3997499020927e-12,6.0630501749299516e-12,9.979184182886333e-13,2.1741270826368603e-12,9.973018419499514e-13,-1.6509135158511176e-12,7.65503429742681e-13,1.8565300810060163e-12,-3.805407455013604e-12,-1.1228571548342756e-11,7.075218863995032e-12,-1.4899464739911936e-12,-9.482035709303697e-13,-1.8912634642880177e-12,2.589911551256636e-12,3.3058849357522846e-13,1.025245398716278e-12,-2.950497344530488e-12,-1.0214628106041652e-11,4.785218076064574e-12,-1.8043211174941253e-12,-3.685315435247013e-12,2.884003449483213e-12,1.1532195469636463e-12,5.128529047163213e-13,1.4261629854865675e-13,-3.807665922033189e-12,-3.601626921407298e-12,-2.8696105912790076e-12,-4.208729544458327e-12,-4.126208775369244e-12,-1.7714461803135456e-12,-3.2757201699639918e-12,2.0762272648828771e-13,1.8096202008486714e-12,-3.527791999330665e-12,-3.408770980017129e-12,-1.6925464657953483e-13,-3.929995660574281e-12,-5.5876796426003024e-12,2.259350866011075e-14,-1.8153490178500786e-12,-8.649772699769295e-13,-2.606335853154326e-12,8.145841747770656e-13,1.1341678757052915e-11,1.1667280319978649e-13,1.2443250802107784e-12,2.3341060454949994e-13,-2.1288666012123447e-12,-2.6897878066449926e-12
L12treat_m2,2.9027297329023088e-12,-1.4513523595525982e-12,1.9047404506026327e-11,3.5554824975982736e-11,-1.7026688469590662e-11,-1.0755277173546047e-12,-1.2199174604571873e-12,-1.589894750748343e-11,1.8404203797672165e-12,8.907775020990145e-13,-2.1546695887426015e-13,1.8264964229056577e-11,5.7728127918318734e-11,-2.839304837384678e-11,-7.345968400352413e-12,-7.675517078980124e-12,-2.181400142140876e-11,-1.4290438013996746e-11,2.275260122982112e-13,-2.380056871667544e-12,2.4358551430529134e-11,4.288383886781761e-11,-2.5564130739326393e-11,-9.020894613723939e-12,-1.6510936099967404e-11,-9.03309201546837e-12,1.8008344282405514e-12,-9.522570784891508e-13,-3.805407455013485e-12,2.291888817070525e-11,5.3309055704768136e-11,-2.708318684755168e-11,5.5545428408580095e-12,-3.7746944079569565e-12,-5.012923270347908e-12,-1.2194056814606182e-11,2.4238777195923173e-13,-4.744676018606695e-13,1.991666571161702e-11,5.44512888067203e-11,-1.1326797262702415e-11,1.3366437393573188e-11,1.3136870702869796e-11,-1.528258094836409e-11,-3.989328979784022e-12,-1.450435632274447e-12,3.23643963414709e-14,1.997617809423761e-11,1.8306336523395926e-11,2.2047249263901065e-11,2.5205444512168783e-11,1.342233453748486e-11,5.456852718985652e-12,1.760484878943941e-11,-6.012026020956728e-13,-7.211436867020248e-12,1.8522562629238434e-11,1.2188099042553785e-11,9.426295359995278e-12,1.7481635385793846e-11,1.5932455147527e-11,3.015732352190463e-12,1.0447776692886618e-11,2.5152965699651496e-12,8.608588045411318e-12,-8.836289276753828e-12,-5.561077250163903e-11,-1.007156438470573e-11,-1.0597517698629051e-11,3.768448882501854e-12,1.2702535078442221e-11,1.2436914980841423e-11
L12treat_m1,7.502725470760834e-12,-4.163980144922794e-12,4.6793390579073183e-11,8.824443540195755e-11,-4.615006248505515e-11,-8.191459976763963e-12,-5.145214920694343e-12,-4.428250644998198e-11,1.8655165192519424e-12,1.5854112471159194e-12,-1.2335952085153698e-12,4.287746441853142e-11,1.4495964164288744e-10,-7.180530071648275e-11,-2.1166055701002557e-11,-1.3230385905870912e-11,-6.099506544395145e-11,-4.1807185502261553e-11,2.4151159563349753e-13,-7.31417867770341e-12,5.875514563181175e-11,1.1119969570879622e-10,-6.658619411117033e-11,-2.846262021773385e-11,-4.271212287119442e-11,-2.526826252081631e-11,3.651821267746564e-12,-3.2870390378746017e-12,-1.1228571548342709e-11,5.3309055704768065e-11,1.4010632028981913e-10,-6.945595840952673e-11,1.1777701407285283e-11,-5.369927679467858e-12,-6.362315803380813e-12,-3.1100155615840244e-11,-6.81678534921999e-13,-3.1867796727342135e-12,4.62092899561995e-11,1.3913077783873138e-10,-3.0673610995845175e-11,2.98870498364031e-11,3.7857561598650074e-11,-3.755663372299123e-11,-1.3886439168413032e-11,-4.414531962867535e-12,1.9888862578010565e-13,5.101389468710528e-11,4.4797479990318125e-11,5.153730392522764e-11,6.34980621094559e-11,3.912844207278315e-11,1.626560349788401e-11,4.462990909832397e-11,-1.2732484211727041e-12,-1.797786035650789e-11,4.602701493286048e-11,3.277121494554375e-11,2.1575885249936122e-11,4.22664580235246e-11,4.523543022160121e-11,5.749096010848145e-12,2.6063476289905174e-11,6.490804539378246e-12,2.053509506998994e-11,-2.3447235044227878e-11,-1.4458511721420202e-10,-2.5441023729710862e-11,-2.713252746862149e-11,3.2503484250861254e-12,2.9599012264526264e-11,3.136619873789883e-11
L12treat_p0,-3.6346384843287166e-12,2.952026871718596e-12,-2.3446696896850898e-11,-4.439363709541728e-11,2.3856790448288595e-11,3.6061129007588517e-12,1.4992240141349722e-12,2.1525973636948637e-11,-3.331582737973821e-12,-5.90163286021361e-13,1.648015984819579e-12,-2.0911811939471405e-11,-7.246233434343683e-11,3.859857991334685e-11,9.391129648324317e-12,6.246304052604326e-12,2.5981140679607225e-11,2.0312653870781004e-11,5.409742234978831e-13,4.744608994552813e-12,-2.925104068318067e-11,-5.3678395368179454e-11,3.909191557612174e-11,1.3863328642038724e-11,2.250910447751671e-11,1.0421284776215688e-11,-6.373654718886399e-12,2.73718441616331e-12,7.075218863994979e-12,-2.7083186847551718e-11,-6.945595840952676e-11,4.3943616643696416e-11,-3.869745047522597e-12,5.499718210230414e-12,-1.4526673103572842e-13,1.6322033209612232e-11,1.146032666410126e-12,2.581821824570151e-12,-2.2823277032240818e-11,-6.601311680237445e-11,2.951878437865237e-11,-8.309511653499e-12,-1.4125193647477408e-11,2.2613872381841204e-11,9.137215191548127e-12,2.0251676092254914e-12,-2.9048086555760486e-13,-2.605846965286161e-11,-2.2876071884671952e-11,-2.2200233776531756e-11,-2.9049769304641357e-11,-1.9930515361257584e-11,-7.843810708641231e-12,-2.2788208785323105e-11,7.075811654030007e-13,9.631427302777302e-12,-2.3699064928548287e-11,-1.725565558823175e-11,-7.135327342581033e-12,-2.0214764386471582e-11,-2.668875221030139e-11,-2.4697583285327636e-12,-1.3754299374287281e-11,-4.071775887515367e-12,-1.2343960464862871e-11,9.46974328233726e-12,7.052083147260301e-11,5.851750657411348e-12,9.912847769755465e-12,-3.413195022397908e-12,-1.497093632572623e-11,-1.5035750158648478e-11
L12treat_p1,7.403184788724284e-13,-5.976113753854179e-13,3.3121521206246562e-12,8.549837127053593e-12,2.4041286951176293e-12,6.271250105878034e-12,-1.6308081900957807e-13,-6.679425173036193e-13,4.64088793736275e-13,6.346666263063903e-13,-7.043034987159854e-13,2.9861871658571903e-12,1.9366834322641954e-11,-2.0302266525871237e-12,6.216377335805824e-12,-6.073177082523688e-13,2.6177521783427745e-12,2.490385455168271e-12,1.9667563747462708e-13,-1.429622156698107e-12,4.602926807919696e-12,1.4316981261232556e-11,-1.6943192019674149e-12,1.3627631526986343e-11,5.053268904777169e-12,4.0220304169718214e-12,6.3046963771999025e-12,5.369729937469119e-13,-1.4899464739912267e-12,5.554542840858111e-12,1.1777701407284955e-11,-3.869745047522689e-12,1.708242857613526e-11,3.996885891119351e-12,5.614404457419377e-12,2.782228642142291e-12,1.6860283357250329e-12,2.941935867132589e-14,4.074658311286392e-12,1.0405822931069033e-11,5.623599745223819e-12,1.3570200992990708e-11,1.1203404009759616e-11,5.041036495813474e-12,7.690829497389898e-12,-5.004372929840838e-13,-7.510121922235159e-13,3.4622629992594096e-12,3.2733862598963698e-12,3.209182877570358e-12,1.146602189525857e-11,5.1880989856083295e-12,4.8991863591255706e-12,9.206901482085728e-13,1.439316877503925e-13,-1.9981770600115687e-12,2.565314077892591e-12,4.514416382274829e-12,5.3223131457243995e-12,8.654704900049917e-12,2.716000448281831e-12,2.1432578091539666e-12,5.450651018100549e-12,4.21612833806361e-13,3.2292447171954604e-12,-3.7446866382439457e-13,-1.28179350367208e-11,-5.900621596736224e-12,-8.800649014799826e-12,-3.971156128261385e-12,-2.1918907367005254e-12,7.358988915469626e-13
L12treat_p2,-3.585205102904088e-13,-3.8453927072366064e-13,-1.7746250685694101e-12,-1.5014842516275704e-12,3.3180792686788695e-12,2.119401023607841e-12,7.629409617955482e-12,7.154185558849225e-12,-2.0885147328371238e-12,2.7034992340587883e-13,-3.379568966468229e-14,-1.8137836805559354e-12,-4.2644246674035295e-12,9.931208616226779e-12,5.554053965819673e-12,8.204604830561775e-12,7.520996653067567e-12,-2.1254586642986466e-12,2.1114248415453296e-14,-1.2386584791602827e-12,-4.075547099437636e-12,-2.7720605167146396e-12,4.3409897189089e-12,3.976915357814001e-12,1.1087933853228375e-11,2.2448051912116495e-12,1.655700578688997e-12,2.0019637660473182e-13,-9.482035709303847e-13,-3.7746944079569606e-12,-5.369927679467833e-12,5.49971821023027e-12,3.99688589111968e-12,1.5366105297324166e-11,1.0080852378529682e-11,9.325397943844663e-12,3.801190167532973e-13,-1.4452303219919176e-12,-4.0271631386699466e-12,-5.734122624251534e-12,4.26812909773628e-12,3.520599059028111e-12,8.699570236033576e-12,9.471384270652735e-12,4.623262099840095e-12,-1.1230450019112739e-13,-9.87306334944361e-13,-4.3362360122075014e-12,-5.124307439089903e-13,-5.275391304328745e-12,-1.345235648337871e-12,2.102109993800053e-12,4.79464966049041e-12,-1.8169331260319428e-12,1.2350380943066506e-13,7.880608055827948e-13,-2.031274960221313e-12,7.60457388742452e-13,-5.770891738890684e-12,4.33939273571778e-12,1.6937857865505855e-12,2.1203042044070957e-12,-5.118984875563704e-13,-4.738948834838525e-13,2.5540446741546492e-14,1.477165481662379e-12,3.4752388464432835e-12,7.593183991198629e-13,-3.76700052590275e-12,-1.0547167654663208e-11,-8.583483667643432e-12,-5.91523792810025e-12
L12treat_p3,-4.987129344818998e-13,-8.24609130849451e-13,-4.099217283979415e-12,-7.202486477777803e-12,7.947665657862616e-12,5.931654614347728e-12,6.0737818666670135e-12,1.0900276670462993e-11,2.205249640104461e-13,-4.0024402532342683e-13,-1.7993757089458853e-12,-5.7286293662168424e-12,-8.242732267090512e-12,1.1998267428291141e-11,6.8737146257243025e-12,1.2707605257752331e-11,2.173152468265031e-11,3.537604283839236e-12,-8.481359812552806e-13,-2.3815884104481373e-12,-6.238765114937436e-12,-4.479763416975618e-12,7.862448308637104e-12,1.3471453870953245e-11,1.700691594193265e-11,1.8625025913567205e-11,1.3963955129322546e-11,-6.366102422162871e-13,-1.891263464287979e-12,-5.0129232703479264e-12,-6.3623158033809476e-12,-1.4526673103534287e-13,5.6144044574192666e-12,1.0080852378529697e-11,2.7738459432917554e-11,1.56323309167228e-11,-6.593813990560787e-13,-1.554727972678584e-12,-5.258424311680411e-12,-1.4924479927716728e-11,-3.349970367503192e-12,-3.658969238181249e-13,7.168141826333281e-12,1.910677648389328e-11,6.169402856746029e-12,5.432259497924497e-13,-2.7352189483537286e-13,-3.95156321094491e-12,-4.327345543574367e-12,-9.78036807014616e-12,-7.133704796624374e-12,5.584844991478796e-13,4.828043016501521e-12,-5.784260080021491e-12,3.913761828788426e-13,1.6131681363508016e-12,-3.761469992852511e-12,9.266260466422843e-13,-6.799607495635562e-12,-8.329071380993459e-13,2.3184073116684263e-12,-1.8962601007366697e-12,5.292859003229837e-12,-2.7758464033331552e-14,-1.1680686930226886e-14,4.11993232643201e-12,1.2293594990498223e-11,5.746206256113582e-12,-5.956751648213457e-13,-1.0014848440768587e-11,-1.5942263091109178e-11,-9.85244583063214e-12
L12treat_p4,-1.4267521608101399e-12,1.5306617683860717e-12,-1.0682989357532886e-11,-2.0413889074989053e-11,1.595350575937606e-11,5.951450483554638e-12,4.944468084027999e-12,1.49003545149127e-11,1.040718448049674e-12,5.130063434586245e-13,2.851445036246199e-13,-1.054204321116995e-11,-3.283777878766102e-11,2.1389575195369075e-11,6.298104846141946e-12,4.191338452835258e-12,2.215644467484307e-11,1.481842483928259e-11,5.742190167550438e-14,1.0331446521462074e-12,-1.4198379933749044e-11,-2.4152931714279068e-11,1.8706812478153764e-11,1.0973146464923139e-11,1.8290597820162994e-11,1.1796426734240908e-11,8.249846199146032e-12,1.9094318544047902e-12,2.5899115512567223e-12,-1.2194056814606114e-11,-3.110015561584027e-11,1.632203320961217e-11,2.7822286421422797e-12,9.325397943844509e-12,1.5632330916722942e-11,2.5223882546200835e-11,1.144765731579333e-12,1.2154129150258316e-12,-1.0842677033175612e-11,-3.46486022155201e-11,1.0814351202646526e-11,-3.419409901268243e-12,-1.9849923255504824e-12,1.8878960858144976e-11,1.2511206570590013e-11,1.6481550694574903e-12,-3.1451180209444284e-13,-1.1492906931240948e-11,-9.97728127099868e-12,-1.5878951099139296e-11,-1.5687191112844047e-11,-1.2196415781631467e-11,-1.3186318551089008e-12,-1.1599953461653617e-11,1.0789424993913036e-12,5.842307756875814e-12,-9.076750132875161e-12,-3.017414858169696e-12,-6.059325571482356e-12,-7.754000581772012e-12,-1.0238460456575152e-11,8.54487900096813e-13,1.4712247861370091e-12,-2.2381058259274303e-12,-5.625402534462151e-12,4.3568584333220355e-12,3.193958999607727e-11,7.036879599687184e-13,-1.8220079020037855e-12,-1.3815880774436554e-11,-2.114578868119248e-11,-2.214271074970377e-11
L16treat_m4,6.899681802765739e-15,1.9792437351911911e-13,-3.224607216761759e-13,-2.1440975289205842e-14,8.624589825190554e-13,6.914417311197248e-13,-4.08958705275184e-13,2.0935896363596166e-13,4.586367664570305e-13,3.4299669166344424e-13,1.7713627940234323e-13,-2.6549136256614517e-14,1.0700138665261431e-12,-1.8534993195087214e-13,-1.4503906324979015e-13,-1.5220032211365528e-12,5.475314126195303e-13,1.317309089674408e-12,2.7070777050505586e-13,3.5319352075786633e-13,2.2083750298876768e-13,4.256857543788489e-13,7.168300327219995e-13,1.988037855468044e-12,1.072034619595851e-12,-1.0007044168475082e-13,7.897347151365446e-13,5.168047272215587e-13,3.30588493575235e-13,2.423877719592572e-13,-6.816785349219811e-13,1.146032666410111e-12,1.6860283357250494e-12,3.8011901675328676e-13,-6.593813990560865e-13,1.1447657315793406e-12,7.98207749335803e-13,4.704685835083317e-13,8.562182206044992e-14,-2.6770631753302125e-13,2.3482717676284534e-12,1.9740802590257333e-12,1.1749167720701826e-12,6.655660224994912e-13,2.06460893050267e-12,-6.664912755868759e-14,-3.218401526261933e-13,-3.7206587030388224e-13,3.2793804207406846e-13,-5.197887133388834e-14,8.257915588719906e-13,-1.2253117302081532e-12,2.9561565526685164e-13,-7.586962882500553e-13,2.5924033094524417e-14,4.0848986182366286e-14,9.71005278234873e-14,1.98525475055751e-13,9.613512335859904e-13,2.4331465579272635e-13,-1.193015372804104e-12,8.198016200703041e-13,-1.2626599182360867e-13,-1.492755904510372e-13,7.035603342805164e-14,8.206117858367314e-14,-4.215662926636469e-13,-1.4277730035271109e-12,-1.1048517930828319e-12,-4.4957117340850904e-13,-5.064436442732593e-13,-7.267312876386786e-13
L16treat_m3,-1.3713135116093687e-13,4.567768725826326e-13,-1.0348008872454478e-12,-2.0803544991548988e-12,1.374799636877006e-12,1.6548616509372764e-13,-1.0718661000643338e-12,8.14346665084368e-13,4.828691260098519e-13,1.7180236794398185e-13,3.603473617924529e-13,-6.522513199500568e-13,-3.326610084408576e-12,6.526260324073877e-13,-3.598531328653577e-13,-2.216070186947727e-12,9.822026282099799e-13,2.9990936497933155e-12,2.345103730752903e-13,7.566258512761041e-13,-6.936372219512105e-13,-2.2621192954577413e-12,2.3014174539562884e-12,7.77791113768065e-13,7.11567708307336e-13,6.103839043373938e-13,4.7184210657527025e-14,5.207367771577396e-13,1.025245398716373e-12,-4.744676018606883e-13,-3.1867796727341985e-12,2.5818218245703805e-12,2.941935867136539e-14,-1.4452303219919073e-12,-1.554727972678603e-12,1.215412915025754e-12,4.704685835083308e-13,9.883262698578287e-13,-9.133911821048674e-14,-2.5625808247341275e-12,3.0742985237187706e-12,1.9230713686727212e-13,-1.3822061863945727e-12,1.0353911271309588e-12,1.40237511567635e-12,2.5557819817152365e-13,7.180356010083789e-14,-7.905630124881508e-13,-8.834075544069798e-13,1.4874502183875367e-13,-5.591134385352147e-13,-1.8874580219981892e-12,-5.900778989398939e-13,-8.437054321081006e-13,1.1616024224593023e-13,6.181592898342862e-13,-9.300377584618037e-13,-7.828717571071627e-13,1.3830897648458087e-12,-1.504057998494692e-12,-2.718404590574715e-12,2.3581080316612814e-13,-1.8396176509481667e-13,-3.650294877042796e-13,-9.753727698451915e-13,1.6116146885784504e-13,3.389189140259848e-12,-9.566173005334676e-13,3.8864790681453847e-13,1.1995088430107374e-12,-5.130317590930815e-14,-7.191806720547752e-13
L16treat_m2,2.4805098728342108e-12,-1.1531980392578629e-12,1.6715756292240808e-11,3.0544062556920225e-11,-1.4839930951119988e-11,-1.0944266413116475e-12,-4.447761709415432e-13,-1.416746188505438e-11,1.0736548650489223e-12,6.611216511160534e-13,-6.593194477196432e-14,1.608081811141366e-11,4.926261691413015e-11,-2.5026165560746244e-11,-6.734154959229638e-12,-6.837701518868983e-12,-1.9941429557656265e-11,-1.1892522536504507e-11,2.1858248959173054e-13,-1.8082870647622756e-12,2.1198161963438866e-11,3.6869622273133655e-11,-2.1912963515527792e-11,-8.820144760799818e-12,-1.435345802885456e-11,-8.406010860435689e-12,5.663333059466959e-13,-8.453473095504466e-13,-2.9504973445305397e-12,1.9916665711616677e-11,4.620928995619954e-11,-2.282327703224081e-11,4.0746583112863715e-12,-4.0271631386700645e-12,-5.2584243116805364e-12,-1.0842677033175517e-11,8.562182206044703e-14,-9.13391182105873e-14,1.7912518326513125e-11,4.755955031667559e-11,-8.414814507154843e-12,1.1376224083649478e-11,1.1207489318868953e-11,-1.2922688865849758e-11,-4.263605804361272e-12,-1.1952526202263585e-12,1.6600106622392835e-13,1.7314298566975153e-11,1.5655662153240046e-11,1.9911646860617585e-11,2.2065465820544544e-11,1.2161557691130379e-11,4.1046547444709335e-12,1.534939258436397e-11,-5.777806795607645e-13,-6.024066440168472e-12,1.581202534646143e-11,9.977647094405105e-12,8.635990440647794e-12,1.4615866017675494e-11,1.3429957697543408e-11,2.377300279637131e-12,8.627239840232853e-12,2.1254609957502767e-12,7.048864020773491e-12,-7.924426737101661e-12,-4.76012036739597e-11,-9.160365559222109e-12,-8.933349433587198e-12,3.572502993455084e-12,1.1542964905608805e-11,1.1569533264597483e-11
L16treat_m1,7.37271211948972e-12,-3.841523097003612e-12,4.7645877048232956e-11,9.038586026600205e-11,-4.847733609202533e-11,-9.078055735754521e-12,-3.902092506250572e-12,-4.5377250624519694e-11,7.372145652373801e-13,1.871127464899498e-12,-2.7487768038805605e-13,4.502523794097951e-11,1.4550041795909624e-10,-7.354882189806103e-11,-2.1622841482579894e-11,-1.605384687908027e-11,-6.661654597815094e-11,-4.265716214505427e-11,5.509218892131469e-13,-6.2582223406831514e-12,6.004027851273272e-11,1.106146610310028e-10,-6.793231786884704e-11,-3.1108196405656974e-11,-4.619375255620739e-11,-3.110567082502717e-11,-2.351737753894105e-12,-2.9142138744378845e-12,-1.0214628106041597e-11,5.4451288806720414e-11,1.3913077783873182e-10,-6.60131168023737e-11,1.0405822931069282e-11,-5.734122624251684e-12,-1.4924479927716596e-11,-3.464860221552007e-11,-2.6770631753302913e-13,-2.5625808247341275e-12,4.7559550316675545e-11,1.4339589509765328e-10,-2.6493464066261914e-11,3.19421954252276e-11,3.6770402709914066e-11,-4.04185886396573e-11,-1.491580799527835e-11,-4.506833531340623e-12,1.379504071342067e-13,5.052461425110973e-11,4.6251448053078245e-11,5.5172295846651057e-11,6.606696536933441e-11,3.9143784999933846e-11,1.588275303057057e-11,4.696842095877384e-11,-1.4975906749555936e-12,-1.8017356546781663e-11,4.646198393500244e-11,3.147818664866928e-11,2.2522623709531653e-11,4.532381669214259e-11,4.459739738699343e-11,7.615468547523736e-12,2.3080346562871012e-11,6.207733562612582e-12,2.0344489783413072e-11,-2.435818120638855e-11,-1.4714435292833547e-10,-2.8305893571735088e-11,-2.9255821449178856e-11,3.55769017545901e-12,3.152126873415129e-11,3.3227767966810634e-11
L16treat_p0,-1.0915097421604488e-12,2.7168789997236367e-12,-9.812786464203739e-12,-1.8766843291867164e-11,1.7350932506466008e-11,6.141902922720574e-12,-3.652475888551424e-13,9.068847602220251e-12,-3.1383488143645083e-12,1.5812116323536854e-13,1.677462010523837e-12,-8.58186138961252e-12,-2.800266936991593e-11,2.084739096573505e-11,5.2723639035340235e-12,1.0392788377882168e-12,8.88997017254647e-12,1.1154489201412283e-11,1.2947130204467592e-12,3.608117298385967e-12,-1.185651502162409e-11,-1.860789668193653e-11,2.6124304713012533e-11,1.1998656793115695e-11,1.3036368975133575e-11,3.740694926429259e-12,-5.790855306273797e-12,2.7889405433416985e-12,4.785218076064697e-12,-1.1326797262702593e-11,-3.067361099584549e-11,2.9518784378652925e-11,5.6235997452236e-12,4.268129097736336e-12,-3.3499703675035322e-12,1.0814351202646571e-11,2.3482717676284857e-12,3.0742985237186503e-12,-8.41481450715511e-12,-2.6493464066262405e-11,3.508332175412961e-11,8.257570309973193e-12,1.1132899706928564e-12,1.6202384648186266e-11,1.1810883284099511e-11,5.885410387330246e-13,-7.402990592575667e-13,-1.230297974960565e-11,-1.1262462155544294e-11,-4.0122917368024e-12,-7.450628116916504e-12,-9.643387303660522e-12,-3.984751087737871e-12,-1.2288713412905665e-11,3.648870238366487e-13,4.69821253377729e-12,-1.1725780392453449e-11,-7.18531622216994e-12,5.8563706096642015e-12,-6.840646979311808e-12,-1.6605306922549586e-11,-2.3831609622287184e-13,-5.089328711853998e-12,-2.6844421857871108e-12,-6.998363692150671e-12,3.1902226836169016e-12,2.9896078583783266e-11,-9.207172464082922e-12,-2.8311680999640646e-12,-5.474007353028795e-12,-8.805341964558732e-12,-8.157244561224626e-12
L16treat_p1,1.8677885510420594e-12,-4.3951887947264795e-13,1.0483443354925144e-11,2.2071153805809743e-11,-3.3896803358101483e-12,6.754216538117244e-12,2.105303278349191e-12,-6.31879521211015e-12,5.85835201152343e-13,1.1191292919806872e-12,2.3873924695672884e-13,1.0540501365404163e-11,3.903208079000877e-11,-1.1301172216284288e-11,-3.6407575602825196e-13,-6.464317940895353e-13,-9.063676634826047e-12,-7.929360977597572e-12,1.0305863672633913e-12,-6.434819284688894e-13,1.4534837427383904e-11,2.929936459191061e-11,-5.923708123036667e-12,7.480899687481089e-12,-2.292126279729743e-12,-1.7437526176434034e-12,1.42806486325063e-12,7.522428883403807e-13,-1.8043211174941655e-12,1.3366437393573175e-11,2.988704983640322e-11,-8.309511653499128e-12,1.3570200992990944e-11,3.5205990590282976e-12,-3.658969238181083e-13,-3.4194099012681004e-12,1.9740802590257164e-12,1.923071368672225e-13,1.1376224083649346e-11,3.194219542522763e-11,8.25757030997326e-12,2.2804586091960906e-11,1.8901508738521846e-11,1.3291974145373927e-12,4.723067057899361e-12,-1.5101757931838598e-12,-1.0081732160917256e-12,8.830796704564891e-12,9.458767616729494e-12,1.584208827891234e-11,2.2790361299609575e-11,9.184652491113647e-12,5.195217880987465e-12,8.200697361219442e-12,-7.729677355172194e-13,-4.484613030467559e-12,9.051283277508734e-12,5.425625762156443e-12,1.1336362524146362e-11,1.492940002523721e-11,4.9466456154971315e-12,4.2077732625551976e-12,6.650314855684006e-12,1.0632617458094443e-12,5.4273870427894956e-12,-4.112930235503463e-12,-3.243649755799434e-11,-1.1294837298179986e-11,-1.1932927559105891e-11,5.192988814440674e-13,6.8470128015109136e-12,9.59965002240808e-12
L16treat_p2,2.000962397933292e-12,-1.3431934616095807e-12,1.20115331884893e-11,2.5249517668084606e-11,-7.330502604930922e-12,4.0206072918744e-12,5.3350172600833265e-12,-8.158501501832435e-12,-2.0912003998380055e-12,8.412273843817246e-13,-3.2334734065696077e-13,1.0920709549803488e-11,4.358785164416664e-11,-1.522585515594352e-11,-1.0351848925630552e-12,3.453424794195559e-12,-1.1214400938788585e-11,-1.4125336030896325e-11,7.294268126616738e-13,-2.3923805361242507e-12,1.4727783915735677e-11,3.4204673183105164e-11,-1.1922526664358038e-11,2.2727962620157132e-12,-1.3037453796534806e-12,-4.095936617740896e-12,1.2458088767070993e-12,-1.9402122290781188e-13,-3.6853154352469835e-12,1.3136870702869812e-11,3.785756159865e-11,-1.4125193647477193e-11,1.1203404009759301e-11,8.699570236033308e-12,7.168141826333335e-12,-1.9849923255500603e-12,1.1749167720702072e-12,-1.3822061863945311e-12,1.1207489318869081e-11,3.6770402709913995e-11,1.1132899706930634e-12,1.8901508738521112e-11,2.5736905506746524e-11,1.3946993832103754e-12,1.381904668904691e-12,-2.023507833330253e-12,-1.0959891353866302e-12,1.0884417377004008e-11,1.058479854093286e-11,1.284999191270723e-11,2.3423706267175375e-11,1.4003795154124824e-11,7.51619231646664e-12,1.0187996160264412e-11,-6.304828783703299e-13,-4.9523544724081735e-12,1.0896781331740586e-11,8.456380746449914e-12,7.048432367149003e-12,1.6377971802688e-11,1.2850699658493385e-11,3.214641929733819e-12,5.79839963835285e-12,1.4286100206337777e-12,5.9440947801477755e-12,-5.687084615522519e-12,-3.9994640317283896e-11,-9.983972773502563e-12,-1.3018127044614318e-11,-6.523798815174507e-12,4.49525695555476e-12,9.467068066535636e-12
L16treat_p3,-1.8062469044505947e-12,1.350387436368843e-12,-1.42833050990075e-11,-2.415512982162012e-11,1.732714584006877e-11,6.594402289901721e-12,7.418714505201528e-12,2.0796017490604695e-11,-1.326264894830896e-12,1.293248081090515e-13,2.6800468330868063e-13,-1.2593077698642112e-11,-3.7836266609100155e-11,2.6312080015395265e-11,1.0015652492895922e-11,1.0539126483962541e-11,2.7829378060650607e-11,1.6526974236700548e-11,4.2794827248372397e-13,1.7659127695649697e-12,-1.6662462942957354e-11,-2.6320341384344976e-11,2.794796332656144e-11,1.931562973650049e-11,2.6168239626816275e-11,2.237779217852854e-11,6.598333952222469e-12,1.4680260330993283e-12,2.8840034494832373e-12,-1.5282580948364076e-11,-3.755663372299139e-11,2.2613872381841133e-11,5.041036495813406e-12,9.471384270652558e-12,1.9106776483892984e-11,1.887896085814505e-11,6.65566022499504e-13,1.0353911271310058e-12,-1.2922688865849587e-11,-4.0418588639657333e-11,1.6202384648186056e-11,1.3291974145372737e-12,1.3946993832101648e-12,3.398044851529575e-11,8.266801782198937e-12,1.4104585395400625e-12,-2.581039772386096e-13,-1.590277912576097e-11,-1.3828035343013065e-11,-1.4267867468868621e-11,-1.200941751772192e-11,-5.33716236835602e-12,2.8438539981982824e-12,-1.2609951242032438e-11,4.3414683958300983e-13,5.55045238467276e-12,-1.564814294301673e-11,-1.147695288395818e-11,-6.180957001441003e-12,-8.489082855114682e-12,-1.3560044485018749e-11,-3.396417509755441e-13,-4.3690109129914906e-12,-1.935318233697335e-12,-5.4180169634612705e-12,9.172159349469108e-12,4.488290858408171e-11,8.604307139751823e-12,7.097872546200329e-12,-2.1064521334964133e-12,-1.3644779664641366e-11,-4.540361259451553e-12
L16treat_p4,-3.889651402256651e-13,1.134556172781658e-12,-4.591104992328204e-12,-8.005488332404455e-12,1.1272768197305915e-11,6.767313459177527e-12,-9.346236364922151e-13,7.365917494446474e-12,2.5272603042135183e-12,6.171314724501794e-13,-1.3428566537148032e-13,-4.88461381676456e-12,-1.0307193030166163e-11,1.0615057022754413e-11,5.67901309853493e-12,-6.777971029769087e-13,1.3699836162123986e-11,8.338456462451916e-12,3.287967468124562e-13,4.848394655966939e-13,-5.856539848726785e-12,-7.826794156668237e-12,9.441733640509199e-12,1.2723746754771887e-11,9.063976600137102e-12,5.492070329036303e-12,7.885215339266296e-12,1.5021423983960722e-12,1.1532195469636873e-12,-3.989328979784096e-12,-1.3886439168412924e-11,9.137215191548061e-12,7.69082949739001e-12,4.623262099840394e-12,6.169402856746027e-12,1.2511206570590328e-11,2.064608930502672e-12,1.402375115676393e-12,-4.263605804361451e-12,-1.4915807995278213e-11,1.1810883284099539e-11,4.723067057899308e-12,1.3819046689047531e-12,8.266801782198717e-12,1.6095323693731134e-11,7.00751864916907e-13,-9.171123450232033e-13,-5.581900675393564e-12,-4.403293276249346e-12,-5.578355151053807e-12,-5.023482763533678e-12,-7.752435941959303e-12,-9.200850163167068e-13,-6.128432992077647e-12,5.336717307695905e-13,1.7410347744171053e-12,-4.590608218233401e-12,1.9737443467457532e-12,1.477681688536772e-12,-1.5121041840626816e-12,-6.244374542668404e-12,9.17330102829083e-13,2.383690817857782e-12,-1.2199616170707554e-12,-1.4765990148668705e-12,3.265321553536399e-12,1.2869941394786665e-11,-4.4899638026096286e-12,-4.987475846813587e-12,-7.866276281929044e-12,-1.1795774155287326e-11,-1.4930916902736236e-11
F12treat_m4,-2.538898577646831e-13,2.2719609189908904e-13,-1.4126998999305019e-12,-2.9914415695823286e-12,1.3055386701160916e-12,1.1672267127546536e-14,-4.3283613431946013e-14,1.7803152379493767e-12,-6.8198082504447466e-15,-2.1736995653003626e-14,4.532811477997322e-14,-1.2388454025605732e-12,-5.370792948195484e-12,2.1908866346098308e-12,7.525166272979132e-13,-2.429171368842941e-13,2.4170864334985563e-12,2.4024139922351194e-12,-6.36297035695711e-14,1.8604809818215268e-13,-1.8740018119775087e-12,-3.970405910395304e-12,2.0673763995103664e-12,5.079687485626133e-13,1.4075480917908927e-12,1.4087162208760146e-12,4.457684985286471e-13,1.3653704955240931e-13,5.128529047163269e-13,-1.4504356322744352e-12,-4.4145319628675155e-12,2.0251676092255177e-12,-5.00437292984067e-13,-1.1230450019114505e-13,5.432259497924338e-13,1.6481550694575039e-12,-6.664912755868516e-14,2.555781981715175e-13,-1.195252620226371e-12,-4.506833531340604e-12,5.885410387330158e-13,-1.5101757931838485e-12,-2.023507833330275e-12,1.4104585395400538e-12,7.007518649169022e-13,3.8483908373804637e-13,1.8671457902833223e-13,-1.3249889320504774e-12,-1.4146418125759703e-12,-1.8841971784812013e-12,-2.464913790145147e-12,-1.5293590016256747e-12,-6.145743085823104e-13,-1.1027484595521905e-12,1.578969449122583e-13,7.571580497489759e-13,-1.4405363507208806e-12,-8.264712857191326e-13,-1.0125058757180848e-12,-1.537720545200962e-12,-1.8163215875299334e-12,-1.8261255377191754e-13,-1.669198676542964e-13,-3.0199706876116537e-13,-8.622399694606142e-13,5.657722405900698e-13,4.985705345029656e-12,7.946917350811405e-13,7.204904081051721e-13,-2.269185112160819e-13,-1.586028438524827e-12,-1.9545214675690897e-12
F12treat_m3,-9.893891992834264e-14,5.367008790742366e-15,-2.323487244212568e-13,-2.735573054754298e-13,-3.750528800059607e-13,-4.647369694434517e-13,-3.250451985323239e-13,-5.485932936121033e-14,-6.524584731204289e-13,-1.3634233910256281e-13,-2.7083540948600313e-14,-1.9094694243415357e-13,-1.1348309113477714e-12,-1.8887064386747866e-13,6.479259894539553e-14,-1.656988744196736e-13,-7.925134553204172e-14,5.006300270113512e-13,-1.5261416513084056e-13,-8.247473487666622e-14,-1.17567897341868e-13,-4.0785611717629426e-13,1.1090798191067063e-13,-8.153656405931939e-13,-4.902768394427145e-13,6.615837982855298e-13,-5.091889942034368e-13,-1.4968675860546123e-13,1.4261629854869706e-13,3.236439634134783e-14,1.9888862577984743e-13,-2.904808655573895e-13,-7.510121922235129e-13,-9.873063349443543e-13,-2.7352189483538154e-13,-3.145118020944457e-13,-3.218401526262089e-13,7.180356010078287e-14,1.6600106622397859e-13,1.3795040713388885e-13,-7.402990592575586e-13,-1.008173216091715e-12,-1.0959891353866747e-12,-2.5810397723859e-13,-9.171123450231914e-13,1.8671457902832065e-13,4.611615613105226e-13,3.9967631222601744e-13,-4.300369159044011e-13,-5.034332270490691e-13,-4.108150504886292e-13,1.0768728550401198e-13,-5.143712599985636e-13,4.2361143304884734e-13,6.131437968168682e-14,2.530291239086375e-13,-2.4727490965498e-13,1.5529331095452526e-13,-3.1200017233137846e-13,-5.925063886180257e-13,-2.663637690299543e-13,-2.4252241049502793e-13,4.1676078199189577e-13,-9.129628688679558e-14,-4.1203351921209253e-13,-2.5270808113350955e-13,6.375696672845318e-13,3.82738998949005e-13,3.412091190043585e-13,3.3871342604774267e-13,3.947798767308606e-13,8.051567010666198e-14
F12treat_m2,2.787961757412864e-12,-1.3662324159978981e-12,1.7273878395749676e-11,3.1950120697421257e-11,-1.7232458863207442e-11,-4.267009637608386e-12,-4.122368005387591e-12,-1.6838710067671254e-11,1.1806276480232296e-12,6.144951177514392e-13,-3.711692549364567e-13,1.5905147766471394e-11,5.199783141967769e-11,-2.698888459098909e-11,-8.383612281796418e-12,-7.706313073630871e-12,-2.2958009971226967e-11,-1.3239571233639019e-11,6.835892413973684e-14,-2.673879632952195e-12,2.174985270481365e-11,4.037205475457208e-11,-2.454451546221135e-11,-1.2228237117145914e-11,-1.6922601431419665e-11,-9.195038534287484e-12,1.4635332488928565e-12,-1.1269548252973546e-12,-3.807665922033175e-12,1.997617809423728e-11,5.101389468710517e-11,-2.6058469652861895e-11,3.462262999259454e-12,-4.336236012207644e-12,-3.951563210944911e-12,-1.1492906931240894e-11,-3.7206587030390824e-13,-7.905630124881759e-13,1.7314298566975085e-11,5.052461425110953e-11,-1.2302979749605566e-11,8.830796704565046e-12,1.0884417377003828e-11,-1.5902779125761073e-11,-5.581900675393391e-12,-1.3249889320504828e-12,3.996763122260449e-13,2.0000045905559694e-11,1.647429647238804e-11,1.928046430784678e-11,2.245320319604712e-11,1.3449421406713504e-11,5.60701557134527e-12,1.7111931362867384e-11,-2.1377535330420846e-13,-6.441258338539057e-12,1.7236906637280285e-11,1.2585211339121405e-11,8.604978607596188e-12,1.4380435662686875e-11,1.6187834503545317e-11,1.7221582820598205e-12,1.0164154842601321e-11,2.378300035202179e-12,7.1744165393702885e-12,-8.931916438778794e-12,-5.199649179042527e-11,-8.991651560259109e-12,-8.361702674326538e-12,3.33571039883727e-12,1.2133428812446161e-11,1.1218595091292117e-11
F12treat_m1,2.420329171270399e-12,-1.2824592332675853e-12,1.6148954501745653e-11,3.0182387144450984e-11,-1.6149492725830658e-11,-3.4320762229347997e-12,-1.4353515885214667e-13,-1.3785425694447758e-11,2.0839720751710136e-12,9.961512379738423e-13,-8.473203847688579e-14,1.522270949704204e-11,4.887051030941291e-11,-2.2970393712415245e-11,-8.077183925585705e-12,-6.2951814669339566e-12,-1.9626525176089112e-11,-1.3189975547750504e-11,2.2141073283866048e-13,-2.0622383013206025e-12,2.0206291835693327e-11,3.579774134049532e-11,-2.3479942665923046e-11,-9.92548148310439e-12,-1.3433400124919266e-11,-1.0564183577854748e-11,1.980880397602992e-12,-8.215903355169176e-13,-3.6016269214074453e-12,1.8306336523395732e-11,4.4797479990318435e-11,-2.2876071884671633e-11,3.2733862598966145e-12,-5.124307439091686e-13,-4.327345543574276e-12,-9.977281270998663e-12,3.2793804207406846e-13,-8.834075544071129e-13,1.565566215324e-11,4.625144805307827e-11,-1.1262462155543994e-11,9.458767616729208e-12,1.0584798540932735e-11,-1.3828035343012877e-11,-4.403293276249482e-12,-1.4146418125759887e-12,-4.3003691590429083e-13,1.647429647238816e-11,1.8190338454491397e-11,1.8857562901561057e-11,2.0896671160414804e-11,1.2559520490917315e-11,7.263705580652517e-12,1.5136178334673643e-11,-5.707996525446969e-13,-5.777456984641069e-12,1.67250074547012e-11,1.1077869694529528e-11,6.089685820851371e-12,1.5428485667971777e-11,1.5189083829089618e-11,3.884663826603963e-12,7.757320134772686e-12,2.4220984927592603e-12,7.973369456996404e-12,-6.961481109469133e-12,-4.8863851663589355e-11,-8.03316512137634e-12,-8.195410046567326e-12,2.1372407943705088e-12,9.363370159169403e-12,9.788487598222809e-12
F12treat_p0,3.520620056902939e-12,-6.363329750843469e-13,2.069781782047718e-11,3.6478554205334874e-11,-1.4664524321253752e-11,-4.679618140135684e-13,-1.507383117681965e-12,-1.6035820789834165e-11,5.617795203988648e-12,8.266612519557093e-13,9.76562287994932e-13,1.9226436334395038e-11,5.5987310788094005e-11,-2.5736118657049262e-11,-9.101034883671637e-12,-6.688931752043706e-12,-2.590444681305097e-11,-1.748405303496127e-11,1.1414951119197753e-12,-5.65821388909624e-13,2.4811729355421763e-11,4.3052631502660956e-11,-2.1266158711387686e-11,-1.1589772597010148e-11,-2.0169555625140037e-11,-1.3759647341854128e-11,-3.048628480979516e-12,-7.153596353762066e-13,-2.8696105912789337e-12,2.2047249263901333e-11,5.153730392522793e-11,-2.2200233776531665e-11,3.2091828775706644e-12,-5.275391304328569e-12,-9.780368070146502e-12,-1.5878951099139212e-11,-5.197887133384825e-14,1.4874502183856e-13,1.9911646860617785e-11,5.517229584665066e-11,-4.012291736802635e-12,1.5842088278912908e-11,1.2849991912707072e-11,-1.4267867468868443e-11,-5.578355151053793e-12,-1.8841971784811896e-12,-5.034332270491182e-13,1.9280464307847042e-11,1.8857562901561422e-11,3.461442312472562e-11,3.25196684511763e-11,1.8059551620742643e-11,9.810394235572092e-12,2.2108595913632475e-11,-9.281185994801595e-13,-7.575905378027817e-12,1.8287137730153778e-11,9.02349772482864e-12,1.8614753120180707e-11,1.9523544365092912e-11,1.656295629678646e-11,4.195105077123185e-12,8.423452725904416e-12,2.6920565680056126e-12,7.957428475334677e-12,-8.159161652923881e-12,-5.3702804807276834e-11,-1.2817264877843979e-11,-7.470624733514533e-12,1.2055772929950568e-11,1.8688630258848624e-11,1.9352835366073712e-11
F12treat_p1,3.765295376326185e-12,-1.5168555216606768e-12,2.209301124391264e-11,4.48465702173413e-11,-1.9844675309923033e-11,-1.0515627818826766e-12,-7.754398461950583e-13,-1.939880042086554e-11,3.3100113851863475e-12,1.6595245172424504e-12,5.7483785895982e-13,2.1510043288231127e-11,7.05475409277557e-11,-3.46694632796876e-11,-7.0012018161040424e-12,-7.704437075231534e-12,-3.014755511285705e-11,-1.6257622706864037e-11,1.4237755387749645e-12,-1.9739667151897313e-12,2.8299890595628447e-11,5.494071227294211e-11,-2.7748652253590775e-11,-8.801462866386807e-12,-1.9480567995553693e-11,-1.481924619052968e-11,-1.708385344132098e-12,-4.051661284857209e-13,-4.208729544458343e-12,2.5205444512168844e-11,6.349806210945572e-11,-2.9049769304641338e-11,1.1466021895258959e-11,-1.3452356483380459e-12,-7.1337047966244594e-12,-1.5687191112843814e-11,8.257915588719824e-13,-5.591134385352146e-13,2.206546582054449e-11,6.606696536933415e-11,-7.450628116916343e-12,2.2790361299609747e-11,2.3423706267175663e-11,-1.2009417517722145e-11,-5.0234827635338315e-12,-2.4649137901451455e-12,-4.1081505048868187e-13,2.2453203196046976e-11,2.0896671160414737e-11,3.2519668451175994e-11,4.678075638193629e-11,2.6459104569185808e-11,1.4281566369893168e-11,2.7657307947902842e-11,-7.933339630494048e-13,-8.97744875308938e-12,1.9717679402582786e-11,1.193137447381992e-11,1.8928850939451964e-11,2.595601104718754e-11,1.9903839414341887e-11,7.636550182042138e-12,1.010018829945864e-11,2.8350358694813818e-12,9.844594603492235e-12,-9.423207800936343e-12,-6.65402081261865e-11,-1.4039704150469919e-11,-1.3585421652616531e-11,7.896557003869848e-12,2.1287547412120737e-11,2.470818530611707e-11
F12treat_p2,2.0815811013297146e-12,-1.7656963071788068e-12,1.3237903049950787e-11,2.6386612504181432e-11,-1.483844478373394e-11,-3.5133497971094804e-12,2.4220755816901802e-12,-1.0974860806924363e-11,-1.445562238090272e-12,2.0184743909229007e-13,-5.736763936512626e-13,1.2086003484159062e-11,4.0163147824157766e-11,-1.8678926959043058e-11,-2.1413842719760898e-12,1.1602541154481165e-12,-1.6957235993572105e-11,-1.2381937658356638e-11,2.0915444273327647e-13,-2.7799792132631747e-12,1.547180614075088e-11,3.3095085581160116e-11,-1.8761591435214852e-11,-7.747404080891402e-12,-8.780985014176077e-12,-7.461402037768127e-12,-1.3905407207670741e-12,-1.8105383717800896e-12,-4.1262087753692846e-12,1.3422334537484821e-11,3.912844207278304e-11,-1.9930515361257577e-11,5.188098985608356e-12,2.102109993799063e-12,5.584844991476177e-13,-1.2196415781630989e-11,-1.2253117302081411e-12,-1.887458021998252e-12,1.2161557691130415e-11,3.9143784999933684e-11,-9.643387303660503e-12,9.184652491113372e-12,1.4003795154123848e-11,-5.337162368356261e-12,-7.752435941959298e-12,-1.5293590016256596e-12,1.076872855039921e-13,1.3449421406713617e-11,1.2559520490917327e-11,1.80595516207427e-11,2.6459104569185944e-11,2.3569604120185708e-11,1.1025015197190401e-11,1.8226169919214466e-11,-6.813367198744421e-13,-5.511495004479579e-12,1.0093315774743149e-11,6.937715403028221e-12,6.566787792268688e-12,1.6242714413152514e-11,1.6820410396051635e-11,2.567484611217573e-12,3.809220174625779e-12,2.47576665242866e-12,6.943544651241681e-12,-3.573191479662273e-12,-3.71158875412233e-11,-1.998589801783275e-12,-3.14491358914329e-12,5.426118237780237e-12,1.3695250059570943e-11,1.9347030337609868e-11
F12treat_p3,1.1136356029852932e-12,-7.419628398090512e-13,4.868545666887952e-12,1.2464733533321986e-11,-5.4854329853016634e-12,-1.9520820612331324e-12,5.47165495238893e-13,-5.317867087032812e-13,2.6440295279547535e-12,7.482623526224026e-13,2.0530306773874666e-13,4.5465476993470004e-12,1.840682813146219e-11,-5.9450170320583834e-12,-1.0966539318896551e-13,-6.017503658254218e-15,-2.657346145876737e-12,-3.5199764226899504e-12,4.511210013768543e-13,-1.079646105071755e-12,6.513825788755723e-12,1.5197964185790686e-11,-7.122043647332699e-12,-1.2932921629406698e-13,-6.263953366232315e-13,1.2345985905452325e-12,3.5554432998375337e-12,-2.535104433663259e-13,-1.7714461803135697e-12,5.456852718985832e-12,1.6265603497884e-11,-7.843810708641074e-12,4.899186359125372e-12,4.794649660490358e-12,4.828043016501502e-12,-1.3186318551084747e-12,2.956156552668648e-13,-5.900778989399435e-13,4.104654744471115e-12,1.5882753030570457e-11,-3.984751087737758e-12,5.195217880987352e-12,7.516192316466482e-12,2.843853998198532e-12,-9.200850163161575e-13,-6.145743085823013e-13,-5.143712599986024e-13,5.607015571345391e-12,7.263705580652443e-12,9.810394235572326e-12,1.4281566369893281e-11,1.1025015197190521e-11,1.3453438322919328e-11,1.0292466516503461e-11,1.4924659685754262e-13,-2.574596048041909e-12,4.981879031369888e-12,3.724282586151929e-12,4.146947653939947e-12,1.0124024301894477e-11,9.881394931349321e-12,4.2033153730291106e-12,3.338668843434603e-12,8.804702393061459e-13,3.3604203759136813e-12,-5.625817919148386e-13,-1.701212969444922e-11,-1.3121385565834179e-12,-1.9586803272241874e-12,2.1878504074111417e-12,2.0215331870507803e-12,6.77282289737922e-12
F12treat_p4,2.5881122235731466e-12,-1.1807590674143095e-12,1.583194583187838e-11,3.142699407796963e-11,-1.7856565233010915e-11,-4.735212274285814e-12,-2.3114165282923927e-13,-1.3040482344137448e-11,1.9516689541132797e-12,9.645135425355772e-13,3.3411212422321656e-13,1.5182036104563977e-11,4.4698799804833317e-11,-2.5389507558026086e-11,-6.184307573726598e-12,-6.364104742247876e-12,-2.254991847195516e-11,-1.2307636555742645e-11,4.636467823533833e-13,-2.0670779074977263e-12,1.940129326816259e-11,3.563617176173688e-11,-2.35626604558441e-11,-1.4413283076651947e-11,-1.7242063652234613e-11,-1.1732755265664746e-11,-1.1998373308762478e-12,-1.1111908882185776e-12,-3.275720169963889e-12,1.7604848789439424e-11,4.462990909832402e-11,-2.2788208785323363e-11,9.20690148208528e-13,-1.8169331260319102e-12,-5.784260080021835e-12,-1.159995346165307e-11,-7.58696288250042e-13,-8.437054321079835e-13,1.5349392584363707e-11,4.696842095877391e-11,-1.2288713412905623e-11,8.200697361219201e-12,1.0187996160264186e-11,-1.2609951242032974e-11,-6.128432992077488e-12,-1.1027484595521662e-12,4.236114330488641e-13,1.7111931362867148e-11,1.513617833467381e-11,2.210859591363235e-11,2.7657307947902658e-11,1.822616991921411e-11,1.0292466516502689e-11,2.470446058752586e-11,-3.1844387084520004e-13,-6.2195925439951676e-12,1.4305044076590363e-11,9.651507497631213e-12,9.155264823326673e-12,1.7938959005961227e-11,1.732872410177424e-11,4.709590112024152e-12,6.188687251108869e-12,1.9761974572252503e-12,6.594286962720498e-12,-6.716738652174456e-12,-4.549693110933331e-11,-5.733308104149677e-12,-5.550468419378178e-12,6.9614662855493495e-12,1.5144832601732055e-11,1.4483584063464858e-11
F8treat_m4,-1.1270102767361045e-14,1.5061639633962505e-13,-5.247162592700192e-13,-1.0583159148916311e-12,3.0738184023404266e-13,-4.866058530843158e-13,-7.437595596126852e-13,4.139998458784638e-13,2.2203445049021635e-14,4.6694901239689267e-14,6.451304468064305e-14,-4.984941908537874e-13,-1.8677672426988526e-12,5.514986238073937e-13,1.4821189287176167e-13,-6.29564564575695e-13,3.647970152890117e-13,1.048652897714886e-12,1.2729798378485672e-14,3.525119643303479e-14,-7.436810612953763e-13,-1.1012673510483237e-12,5.635565106321612e-13,-3.556135186072522e-13,1.0275328345973396e-13,3.4542039898374933e-13,1.0959813577381072e-13,1.3895886460583359e-13,2.0762272648828516e-13,-6.012026020956429e-13,-1.273248421172695e-12,7.07581165403039e-13,1.4393168775042107e-13,1.235038094306872e-13,3.9137618287882623e-13,1.0789424993912416e-12,2.592403309452303e-14,1.161602422459051e-13,-5.777806795607163e-13,-1.4975906749555995e-12,3.6488702383663623e-13,-7.729677355171971e-13,-6.30482878370306e-13,4.341468395829783e-13,5.336717307695326e-13,1.5789694491225098e-13,6.131437968170359e-14,-2.1377535330416055e-13,-5.707996525447017e-13,-9.281185994801159e-13,-7.933339630493656e-13,-6.813367198743876e-13,1.4924659685755037e-13,-3.1844387084523604e-13,2.160112467088736e-13,3.096198147117328e-13,-4.050197469125034e-13,4.2564288316131964e-14,-2.39432026332752e-13,-5.210175216678787e-13,-4.3436370453091573e-13,-5.67710851887607e-14,3.800747916582169e-13,-2.0766614443906617e-13,-5.470495712902299e-13,-1.3142977885782086e-13,1.1961927174039505e-12,-4.4262051885012024e-13,-4.373785080583019e-13,-1.0321033425413154e-12,-1.3839414946699766e-12,-1.4624247098697626e-12
F8treat_m3,-1.0395888263572432e-12,8.06710378165621e-13,-6.213914086243174e-12,-1.233293328034659e-11,5.507241121692743e-12,2.4183143423649613e-13,6.922461905300327e-13,5.25952352468069e-12,-1.1900044613136371e-12,-1.652672838130545e-13,2.350969449685249e-13,-5.828830137635487e-12,-2.0211222209554112e-11,9.340498990157204e-12,1.5495853786881084e-12,1.6113876248887274e-12,7.409638165017742e-12,6.050377427070699e-12,-5.941542288081554e-14,1.0770166441934525e-12,-7.887575910654136e-12,-1.4933093147890383e-11,9.063510645324957e-12,2.4980934742056763e-12,5.688753186927427e-12,2.982654893268793e-12,-8.1296217278087e-13,6.083743464554686e-13,1.8096202008487087e-12,-7.211436867020257e-12,-1.797786035650766e-11,9.631427302777593e-12,-1.998177060011511e-12,7.880608055827383e-13,1.6131681363507812e-12,5.8423077568757356e-12,4.0848986182331513e-14,6.181592898341925e-13,-6.0240664401683136e-12,-1.8017356546781473e-11,4.698212533777371e-12,-4.484613030467464e-12,-4.9523544724082284e-12,5.550452384672696e-12,1.7410347744171307e-12,7.571580497489483e-13,2.530291239086333e-13,-6.441258338538902e-12,-5.777456984640841e-12,-7.575905378027708e-12,-8.977448753089292e-12,-5.511495004479535e-12,-2.574596048041848e-12,-6.219592543995197e-12,3.096198147117156e-13,3.1694902318191766e-12,-5.781424000896557e-12,-3.869459915940984e-12,-3.4275729821531795e-12,-6.164996177850725e-12,-6.6317864217247835e-12,-6.398349485829494e-13,-2.489711476754346e-12,-1.0941529490887802e-12,-3.478320995911787e-12,2.174376115655915e-12,1.838487414787502e-11,1.7036937699604362e-12,1.8282153915965767e-12,-3.213112992257235e-12,-6.52005199843518e-12,-6.604580134371843e-12
F8treat_m2,2.5689185256758295e-12,-1.207241694667867e-12,1.665330797138848e-11,2.997075076580326e-11,-1.5307822737128112e-11,-2.3267911447726413e-12,-1.1233777760289944e-12,-1.5017031679731325e-11,2.377270457259497e-12,7.806680331802727e-13,-7.580265045761651e-14,1.5239389880168035e-11,4.875800445539161e-11,-2.4083786779121736e-11,-8.710342191081394e-12,-6.111383791004974e-12,-2.0950909434467712e-11,-1.5014527346033323e-11,1.454224568955415e-13,-2.036930169319305e-12,2.0352099111318567e-11,3.578743271358412e-11,-2.3419681886955273e-11,-1.0978989956966776e-11,-1.5826572286654223e-11,-1.0815120867021167e-11,1.0645109342631706e-12,-7.994230787556545e-13,-3.5277919993307032e-12,1.852256262923827e-11,4.6027014932860345e-11,-2.3699064928548277e-11,2.565314077892662e-12,-2.0312749602213974e-12,-3.7614699928525946e-12,-9.076750132875266e-12,9.710052782344588e-14,-9.300377584619689e-13,1.5812025346461563e-11,4.6461983935002295e-11,-1.1725780392453129e-11,9.051283277508767e-12,1.089678133174043e-11,-1.5648142943016797e-11,-4.590608218233444e-12,-1.440536350720898e-12,-2.4727490965499006e-13,1.723690663728052e-11,1.6725007454701057e-11,1.8287137730153474e-11,1.9717679402582916e-11,1.0093315774743167e-11,4.981879031369724e-12,1.4305044076590418e-11,-4.050197469125659e-13,-5.7814240008967265e-12,1.7621613374830145e-11,1.1449995414328507e-11,7.178758655921405e-12,1.4445351198069297e-11,1.530612600763559e-11,2.9094718636110667e-12,9.352141486788253e-12,2.171868078578561e-12,7.021287736500415e-12,-8.78852149841692e-12,-5.049920614850994e-11,-1.0157008550858877e-11,-1.0587494656459494e-11,-2.7305518565487196e-13,7.913096736813747e-12,6.997451833835086e-12
F8treat_m1,1.5735542462484612e-12,-1.1214249313530285e-12,1.0435958980053674e-11,2.121260481764838e-11,-7.8654992540237e-12,-7.429369908275765e-13,-1.8901524020049034e-12,-9.523763388388841e-12,8.920993932939207e-13,3.4331286888787433e-13,-8.62295685842948e-13,8.352683302621623e-12,3.4902789810231596e-11,-1.3978397578877758e-11,-2.2038200597571206e-12,-4.602533155050933e-12,-1.0487140145251429e-11,-8.127743542018768e-12,-4.4335794276835433e-13,-2.9678905938456346e-12,1.2533995656822423e-11,2.7170217367005304e-11,-1.6747687172404637e-11,-4.383086435518719e-12,-8.386201292662229e-12,-5.522787624661008e-12,4.9539750862737595e-12,-9.950073025030587e-13,-3.4087709800171763e-12,1.218809904255344e-11,3.277121494554398e-11,-1.725565558823124e-11,4.514416382275172e-12,7.604573887424567e-13,9.266260466424208e-13,-3.0174148581696474e-12,1.9852547505570146e-13,-7.828717571072996e-13,9.9776470944048e-12,3.14781866486693e-11,-7.185316222169655e-12,5.42562576215626e-12,8.456380746449825e-12,-1.1476952883957885e-11,1.973744346745615e-12,-8.264712857191717e-13,1.5529331095469884e-13,1.2585211339121336e-11,1.1077869694529459e-11,9.023497724828074e-12,1.1931374473820103e-11,6.937715403028356e-12,3.7242825861519875e-12,9.651507497630984e-12,4.256428831612214e-14,-3.869459915941151e-12,1.1449995414328365e-11,1.452820184101447e-11,4.496505174952004e-12,1.0209785733125553e-11,1.3560837805973218e-11,1.6827527753811831e-12,8.215428820952504e-12,1.4578620262469358e-12,5.264333588379705e-12,-4.970868453921989e-12,-3.544839682028869e-11,-8.540877707851926e-12,-8.786810366399374e-12,-4.774091798803066e-12,2.7057713072450694e-12,-6.145875494867677e-13
F8treat_p0,1.89489240665967e-12,4.464595046700175e-13,8.395578978197319e-12,1.5338236058902887e-11,-2.72947968853148e-13,3.5549101891108635e-12,-4.502886571874474e-12,-8.019497851055561e-12,5.336131071199216e-12,5.451551462871717e-13,8.745896943493063e-13,7.184121568734788e-12,2.503426951366489e-11,-1.0983887906648542e-11,-3.3365110609791033e-12,-5.416474657302423e-12,-1.1459613914740908e-11,-4.7767730832340274e-12,1.1945342479828298e-12,9.037620041574561e-13,1.0752923481301015e-11,2.0294968265788043e-11,-4.935031560201895e-12,-4.942248182038793e-14,-1.0012698978781239e-11,-6.1674765354663546e-12,-1.1188084719647305e-12,6.224986536702385e-13,-1.6925464657944486e-13,9.426295359995459e-12,2.1575885249936765e-11,-7.135327342580947e-12,5.322313145724449e-12,-5.77089173889054e-12,-6.799607495635771e-12,-6.059325571482232e-12,9.613512335860708e-13,1.3830897648456746e-12,8.635990440647868e-12,2.252262370953237e-11,5.8563706096637475e-12,1.1336362524146643e-11,7.0484323671490315e-12,-6.180957001440675e-12,1.477681688536775e-12,-1.0125058757180258e-12,-3.120001723314221e-13,8.604978607596442e-12,6.089685820852638e-12,1.8614753120180565e-11,1.892885093945208e-11,6.566787792268763e-12,4.146947653939962e-12,9.155264823326917e-12,-2.394320263327298e-13,-3.427572982153333e-12,7.1787586559217315e-12,4.496505174953044e-12,1.7540809004904092e-11,7.88453093601701e-12,5.041494285257437e-12,2.5633699236625877e-12,5.371724699746599e-12,7.594036689554661e-13,2.2995939850807206e-12,-3.779741698709436e-12,-2.23234412646486e-11,-1.0863274585269775e-11,-5.170014677111029e-12,7.776311443344839e-12,1.0621985161032824e-11,8.492482280906651e-12
F8treat_p1,2.3652095950223938e-12,-1.6144963024883074e-12,1.5811564933361926e-11,3.1913092493273666e-11,-1.2583659821105631e-11,2.1738634502887973e-12,4.8309878250266816e-12,-1.0332663263838056e-11,3.370357195365164e-13,9.678183161089487e-13,6.164773717363299e-14,1.532928516903891e-11,4.825116728836123e-11,-2.0187419183962936e-11,-3.7307074043492543e-13,-1.5079489905965525e-12,-1.6678410238298218e-11,-1.427006714864603e-11,3.096662453991921e-13,-2.468028668113505e-12,1.8504203366047393e-11,3.532260696306293e-11,-2.2253539071636256e-11,-3.3792937569714273e-12,-1.168706243684137e-11,-9.56489249891981e-12,-9.330344082982765e-13,-9.266197465163323e-13,-3.929995660574339e-12,1.748163538579393e-11,4.2266458023524245e-11,-2.021476438647189e-11,8.6547049000502e-12,4.3393927357176674e-12,-8.32907138099257e-13,-7.754000581772027e-12,2.4331465579269136e-13,-1.5040579984947375e-12,1.46158660176755e-11,4.53238166921422e-11,-6.840646979311703e-12,1.4929400025237222e-11,1.6377971802688597e-11,-8.489082855114674e-12,-1.5121041840629373e-12,-1.537720545200986e-12,-5.925063886179944e-13,1.4380435662686775e-11,1.5428485667971622e-11,1.9523544365092424e-11,2.5956011047187482e-11,1.6242714413152757e-11,1.0124024301894647e-11,1.7938959005961318e-11,-5.210175216679367e-13,-6.164996177850824e-12,1.4445351198069195e-11,1.0209785733125218e-11,7.884530936016702e-12,2.334753041559924e-11,1.923904199346955e-11,5.521294164532077e-12,7.167796208312324e-12,1.911730396002863e-12,7.90204334602886e-12,-6.218410413711013e-12,-4.7815918611447164e-11,-1.0726886699576882e-11,-1.519410878388264e-11,-4.897192109940142e-12,4.325167755150722e-12,7.899552880382669e-12
F8treat_p2,2.3936533005412882e-12,-2.4384543246224046e-12,1.5770157748045605e-11,3.1162196228212604e-11,-1.388649319777355e-11,-1.285558071776366e-12,3.948456861215529e-12,-1.2637466783197055e-11,1.3745753680965157e-12,5.424228234431223e-14,-9.182719718467084e-13,1.3405630669187543e-11,4.764392477290883e-11,-2.216028368274477e-11,-1.6092884560176235e-12,2.0118021532320356e-13,-1.7643848179908382e-11,-1.7011716713185453e-11,-5.217459123149201e-13,-3.713203887272885e-12,1.73577388961158e-11,3.538445964074615e-11,-2.786487127199185e-11,-7.787667283904919e-12,-1.4039548965111915e-11,-9.56850947535015e-12,1.3642420554046293e-12,-2.554280580827232e-12,-5.587679642600312e-12,1.5932455147526824e-11,4.523543022160091e-11,-2.6688752210301504e-11,2.716000448281924e-12,1.6937857865497516e-12,2.3184073116684735e-12,-1.023846045657528e-11,-1.1930153728040813e-12,-2.7184045905747422e-12,1.3429957697543458e-11,4.459739738699307e-11,-1.6605306922549522e-11,4.946645615496893e-12,1.2850699658492792e-11,-1.3560044485018418e-11,-6.244374542668955e-12,-1.816321587529899e-12,-2.6636376902991586e-13,1.6187834503545333e-11,1.5189083829089495e-11,1.6562956296786364e-11,1.990383941434221e-11,1.6820410396051968e-11,9.881394931349496e-12,1.7328724101774115e-11,-4.3436370453095677e-13,-6.63178642172479e-12,1.5306126007635513e-11,1.356083780597286e-11,5.0414942852572466e-12,1.9239041993469444e-11,2.759717219010947e-11,2.8664316696302643e-12,5.99681407411893e-12,2.7657070644663152e-12,8.484818314974677e-12,-5.845547863584119e-12,-4.891718679955394e-11,-6.7283169496953415e-12,-9.980118014485883e-12,-5.121936387376711e-12,4.637254095358606e-12,7.628534849573703e-12
F8treat_p3,3.7498598601527225e-13,1.1549833440760402e-13,2.358071971699566e-12,6.286836490380389e-12,-1.5924389311143527e-12,5.746395302290415e-13,2.1092480081185396e-12,-4.1365285386821147e-13,1.9167119027428228e-12,8.289754867494555e-13,5.882788267229554e-13,2.783627515342691e-12,8.070586974137161e-12,-3.886170593166364e-12,-4.913923599466357e-13,-1.8534094333742977e-12,-2.7753922649309663e-12,-3.000556468866168e-13,4.788444684128123e-13,3.921101120050416e-13,3.4280707999395484e-12,5.1613962498723715e-12,-3.5319905259498886e-12,4.867432622711269e-13,-1.5544531452138222e-12,-2.8024012794257574e-12,1.7266490133105815e-13,5.458770466459663e-13,2.2593508660133255e-14,3.0157323521904884e-12,5.749096010848081e-12,-2.4697583285326465e-12,2.1432578091543475e-12,2.1203042044070145e-12,-1.8962601007366256e-12,8.544879000968671e-13,8.198016200702969e-13,2.358108031661244e-13,2.377300279637195e-12,7.615468547523496e-12,-2.383160962228236e-13,4.207773262555654e-12,3.2146419297335738e-12,-3.3964175097519294e-13,9.173301028292668e-13,-1.8261255377191062e-13,-2.4252241049501097e-13,1.722158282059728e-12,3.8846638266038914e-12,4.1951050771233806e-12,7.63655018204278e-12,2.567484611217714e-12,4.20331537302907e-12,4.7095901120246405e-12,-5.6771085188762513e-14,-6.398349485829455e-13,2.9094718636110914e-12,1.6827527753810472e-12,2.5633699236625242e-12,5.5212941645326075e-12,2.8664316696301447e-12,4.55461065183063e-12,1.105102779396311e-12,2.890276434105966e-14,1.2580824881890455e-12,-1.0538112010362608e-12,-8.98118744810613e-12,-3.311721046189278e-12,-4.353309594503558e-12,-1.3825965905821326e-12,-1.258712424601058e-13,2.7531721247752224e-14
F8treat_p4,1.6471055946964547e-12,-4.195132693220315e-13,8.386800515244804e-12,1.4980814096594915e-11,-4.756078269379557e-12,1.444898448566779e-12,-3.1816897250660074e-12,-5.7927151358768325e-12,2.4005358308130366e-12,3.213632647366947e-13,-5.02490027120496e-13,7.021401886998085e-12,2.5700709899770802e-11,-9.894939821404994e-12,-3.2997404651681544e-12,-1.8764667910883323e-12,-4.98091436072793e-12,-4.922683529439808e-12,-3.1485235784903384e-13,-1.6826637761383984e-12,1.0770284093961801e-11,2.0199890994795962e-11,-9.563683347949641e-12,-1.9953866745697834e-12,-6.954416866488956e-12,1.7869117055007568e-12,5.708720473862186e-12,-2.140952714830355e-13,-1.8153490178499984e-12,1.0447776692886561e-11,2.6063476289905106e-11,-1.3754299374287305e-11,5.450651018100801e-12,-5.118984875564776e-13,5.292859003229722e-12,1.471224786137341e-12,-1.2626599182364008e-13,-1.8396176509476863e-13,8.627239840232645e-12,2.3080346562870795e-11,-5.0893287118538404e-12,6.6503148556841656e-12,5.798399638352546e-12,-4.369010912991984e-12,2.383690817857785e-12,-1.6691986765431432e-13,4.167607819919211e-13,1.0164154842601134e-11,7.757320134772613e-12,8.423452725904556e-12,1.0100188299458996e-11,3.80922017462529e-12,3.338668843433912e-12,6.1886872511086595e-12,3.800747916582395e-13,-2.48971147675439e-12,9.35214148678825e-12,8.215428820952386e-12,5.371724699746504e-12,7.1677962083126236e-12,5.996814074119084e-12,1.1051027793959686e-12,1.4146801352296864e-11,6.424285836611122e-13,2.793915369350358e-12,-5.215954630298368e-12,-2.6506640286641162e-11,-8.917365250406373e-12,-1.1069594643585632e-11,-5.741031925449581e-12,-3.828648405478037e-12,-4.680572026984593e-12
window_m4,3.4132933435126116e-13,-3.783713914463702e-13,2.3298219338656246e-12,4.3374160351029886e-12,-2.068951733713082e-12,-2.2489297001197685e-13,1.7621454958285928e-13,-2.0069576597312383e-12,4.5035851566892025e-13,1.3067468002151908e-14,-2.2565114259604627e-13,2.0237732587497003e-12,7.429610422148377e-12,-3.0058723444310975e-12,-7.342025552974372e-13,-2.6352265087045627e-13,-2.2958419774969165e-12,-2.042748744967486e-12,-5.318530674663841e-14,-5.100414839900186e-13,2.8693892130904326e-12,5.384114049954979e-12,-3.3705340837887166e-12,-7.040565049694147e-13,-1.446974055951579e-12,-8.359288236924937e-13,8.530404951608447e-13,-3.7713583807884676e-13,-8.649772699769353e-13,2.5152965699651597e-12,6.490804539378195e-12,-4.071775887515392e-12,4.216128338063499e-13,-4.738948834838835e-13,-2.7758464033332934e-14,-2.238105825927459e-12,-1.492755904510366e-13,-3.650294877042696e-13,2.1254609957502823e-12,6.207733562612512e-12,-2.684442185787124e-12,1.0632617458094372e-12,1.4286100206337626e-12,-1.9353182336973385e-12,-1.2199616170707853e-12,-3.019970687611645e-13,-9.129628688681005e-14,2.3783000352021687e-12,2.422098492759207e-12,2.692056568005607e-12,2.8350358694813773e-12,2.4757666524286145e-12,8.804702393061383e-13,1.9761974572252265e-12,-2.076661444390751e-13,-1.0941529490888063e-12,2.1718680785785326e-12,1.4578620262468528e-12,7.594036689555009e-13,1.911730396002823e-12,2.76570706446629e-12,2.8902764341028396e-14,6.42428583661043e-13,6.457394519775525e-13,1.6624714542771247e-12,-3.223225800055381e-13,-6.233272129627533e-12,3.7265853436507854e-13,5.275491395035506e-13,1.9839356353022934e-12,2.8360091924299557e-12,3.105732530877852e-12
window_m3,1.080718420959783e-12,-1.1030531190524462e-12,7.33361383869004e-12,1.4723959664488248e-11,-6.082763513638338e-12,5.119689240104616e-13,1.246134424055597e-12,-5.35601605752029e-12,1.1753164768730066e-12,3.215899761702829e-13,-6.106240595459035e-13,6.71732919055784e-12,2.4851200223971747e-11,-9.743493786816073e-12,-1.2240254347447345e-12,-1.2787099942984649e-12,-6.163822744631565e-12,-6.172148488417336e-12,-8.477641871894489e-14,-1.6101945783138465e-12,9.33377167853155e-12,1.7571844872288237e-11,-1.0890403559297152e-11,-5.387695930814242e-13,-4.139216437199242e-12,-2.408206515165623e-12,3.0423133882626853e-12,-8.650266048131189e-13,-2.6063358531543685e-12,8.608588045411491e-12,2.0535095069990055e-11,-1.2343960464863143e-11,3.229244717195412e-12,2.5540446741534883e-14,-1.1680686930227618e-14,-5.625402534462111e-12,7.035603342805741e-14,-9.753727698451353e-13,7.048864020773503e-12,2.03444897834132e-11,-6.998363692150712e-12,5.427387042789429e-12,5.944094780147808e-12,-5.418016963461275e-12,-1.4765990148668673e-12,-8.622399694606105e-13,-4.120335192120878e-13,7.174416539370344e-12,7.973369456996343e-12,7.957428475334645e-12,9.844594603492216e-12,6.943544651241686e-12,3.3604203759136147e-12,6.594286962720586e-12,-5.470495712902431e-13,-3.478320995911801e-12,7.021287736500397e-12,5.264333588379738e-12,2.2995939850806504e-12,7.902043346028787e-12,8.484818314974669e-12,1.2580824881890237e-12,2.7939153693503754e-12,1.662471454277123e-12,5.289397702927431e-12,-1.2653853204834087e-12,-2.126964068139321e-11,-7.979089558044577e-13,-1.6773443762092743e-12,3.1561538190532453e-12,6.362694924409672e-12,7.126804579432108e-12
window_m2,-1.241095490071057e-12,2.2448382428286645e-13,-8.244525189131753e-12,-1.3616101151488053e-11,9.043019615591655e-12,2.6855522299765844e-12,2.0273055282291225e-12,9.336621012522858e-12,4.95600407287914e-13,-2.822764202150458e-13,-4.1123945783248876e-13,-7.845018316212447e-12,-2.161604060706065e-11,1.3720699872627796e-11,5.745617163174268e-12,3.741849724864497e-12,1.452481951536819e-11,7.983737929171295e-12,-1.4442084824633627e-13,5.645476567910897e-13,-9.618459311106913e-12,-1.6473478570478257e-11,1.1640945775514718e-11,9.156151574103851e-12,1.0741756209126551e-11,8.324546252981766e-12,3.4865815641702565e-12,-1.496842959991911e-14,8.145841747769546e-13,-8.836289276753553e-12,-2.3447235044227784e-11,9.469743282337575e-12,-3.7446866382442643e-13,1.4771654816624007e-12,4.119932326432041e-12,4.356858433322024e-12,8.206117858368429e-14,1.611614688578195e-13,-7.924426737101676e-12,-2.4358181206388375e-11,3.1902226836168653e-12,-4.1129302355036065e-12,-5.687084615522431e-12,9.172159349469175e-12,3.2653215535362732e-12,5.657722405900573e-13,-2.52708081133593e-13,-8.931916438778897e-12,-6.961481109468937e-12,-8.159161652923465e-12,-9.423207800936406e-12,-3.5731914796623127e-12,-5.625817919146923e-13,-6.716738652174651e-12,-1.3142977885781232e-13,2.174376115655934e-12,-8.788521498416767e-12,-4.970868453921935e-12,-3.779741698709115e-12,-6.218410413711064e-12,-5.845547863584174e-12,-1.0538112010362307e-12,-5.215954630298471e-12,-3.223225800055191e-13,-1.2653853204832512e-12,7.442071037913507e-12,2.6784793033765795e-11,8.905806544948617e-12,9.34054119279751e-12,4.568591203536826e-12,-1.445340422341116e-12,-5.350408525981839e-13
window_m1,-7.796803159995676e-12,4.018645996036509e-12,-4.9540437166400174e-11,-9.372147273059403e-11,4.9190017687644585e-11,8.422275993134723e-12,4.372231213658219e-12,4.829192821531479e-11,-2.0385588321673397e-12,-2.1910216174090175e-12,5.900044493489414e-13,-4.5617837532068457e-11,-1.5335105814532087e-10,7.679963103022324e-11,2.3210194278885e-11,1.6335175514464848e-11,6.850549284709762e-11,4.6780322020113385e-11,-4.783893332344525e-13,6.9085905707262705e-12,-6.158138365949659e-11,-1.1469156014568742e-10,7.31947182359276e-11,3.0813253994129835e-11,4.90894587808445e-11,3.444160639001611e-11,6.746922187265084e-13,2.7102016227091884e-12,1.1341678757053066e-11,-5.5610772501638767e-11,-1.445851172142016e-10,7.052083147260238e-11,-1.2817935036720998e-11,3.475238846443342e-12,1.2293594990498018e-11,3.1939589996077236e-11,-4.215662926635488e-13,3.3891891402599325e-12,-4.7601203673959536e-11,-1.4714435292833446e-10,2.9896078583782594e-11,-3.2436497557994096e-11,-3.999464031728391e-11,4.488290858408148e-11,1.2869941394786786e-11,4.985705345029721e-12,6.375696672843587e-13,-5.199649179042525e-11,-4.886385166358842e-11,-5.370280480727645e-11,-6.654020812618662e-11,-3.711588754122339e-11,-1.7012129694449278e-11,-4.5496931109333157e-11,1.1961927174040632e-12,1.8384874147875383e-11,-5.0499206148509765e-11,-3.544839682028781e-11,-2.2323441264648058e-11,-4.781591861144732e-11,-4.891718679955427e-11,-8.98118744810624e-12,-2.6506640286641204e-11,-6.233272129627675e-12,-2.126964068139324e-11,2.678479303376579e-11,1.5880516252408954e-10,3.474241949247234e-11,3.8151545926178214e-11,7.334069858445883e-12,-2.28350832899196e-11,-2.4375979600339984e-11
window_p0,-1.82147888449435e-12,-9.685768309055095e-13,-9.903287010671977e-12,-1.6496379667263857e-11,4.360611212280281e-12,-1.344703036223973e-12,3.1277953369454636e-12,1.1231563981934414e-11,2.738096493002552e-13,-8.136286883381896e-13,-9.344663445025272e-13,-8.636512620889724e-12,-2.7645379317987964e-11,1.3923316854225603e-11,5.293842338661259e-12,6.181611158892947e-12,1.6930580190684223e-11,8.071052462304822e-12,-7.26073906417457e-13,-3.9286956403595537e-13,-1.1161226627330345e-11,-2.111942403557124e-11,1.0139270487376462e-11,4.415817507567799e-12,1.3241238034463562e-11,1.1930091526391697e-11,5.228819242028503e-12,-1.0679401670448567e-12,1.1667280319985765e-13,-1.0071564384705397e-11,-2.544102372971005e-11,5.85175065741061e-12,-5.90062159673644e-12,7.593183991196338e-13,5.74620625611386e-12,7.036879599685661e-13,-1.4277730035271587e-12,-9.566173005331244e-13,-9.160365559221621e-12,-2.8305893571734225e-11,-9.207172464083197e-12,-1.1294837298180479e-11,-9.983972773502639e-12,8.604307139751468e-12,-4.489963802609742e-12,7.946917350811163e-13,3.827389989492227e-13,-8.991651560258878e-12,-8.033165121375929e-12,-1.2817264877844528e-11,-1.4039704150470051e-11,-1.9985898017834415e-12,-1.3121385565833296e-12,-5.7333081041498125e-12,-4.426205188500767e-13,1.7036937699608324e-12,-1.0157008550858407e-11,-8.540877707851524e-12,-1.0863274585270628e-11,-1.0726886699577271e-11,-6.728316949695636e-12,-3.3117210461894117e-12,-8.917365250406494e-12,3.726585343650778e-13,-7.979089558047076e-13,8.905806544948491e-12,3.474241949247147e-11,2.362987775557203e-11,2.2835360376416957e-11,1.690338871392223e-11,9.482554964059208e-12,9.549335616571715e-12
window_p1,-1.4581909052135314e-12,-1.1469222515543553e-14,-9.949420750517344e-12,-1.7556477492043923e-11,6.201045808819653e-12,-3.7305618550833965e-12,-1.13207726232913e-12,9.771522746723514e-12,2.36747837042303e-12,-7.402382338447005e-13,-1.7363626686614603e-13,-9.178286185789596e-12,-2.9122063325722516e-11,1.565965717837907e-11,1.6899363408299679e-12,1.2009096355264062e-12,1.3173371958415653e-11,9.808073594315863e-12,-4.589746240944148e-14,8.774025964468346e-13,-1.079354166415049e-11,-2.0335831731425795e-11,1.5255495892847245e-11,7.514687710111164e-13,1.1653056975658716e-11,1.0006260047057784e-11,3.714217428491397e-12,-5.353773811113094e-13,1.2443250802107705e-12,-1.0597517698629054e-11,-2.7132527468621245e-11,9.912847769755366e-12,-8.800649014800287e-12,-3.767000525902394e-12,-5.956751648213251e-13,-1.822007902003727e-12,-1.1048517930828089e-12,3.886479068145497e-13,-8.933349433587147e-12,-2.9255821449178604e-11,-2.8311680999644466e-12,-1.1932927559106342e-11,-1.301812704461466e-11,7.0978725462003254e-12,-4.987475846813352e-12,7.204904081051861e-13,3.412091190043472e-13,-8.361702674326412e-12,-8.195410046567396e-12,-7.470624733514327e-12,-1.3585421652616557e-11,-3.1449135891430847e-12,-1.958680327224324e-12,-5.550468419378165e-12,-4.373785080582843e-13,1.828215391596605e-12,-1.0587494656459431e-11,-8.786810366399208e-12,-5.1700146771112044e-12,-1.5194108783882785e-11,-9.980118014485568e-12,-4.353309594503014e-12,-1.1069594643585197e-11,5.275491395035386e-13,-1.6773443762092782e-12,9.340541192797414e-12,3.815154592617811e-11,2.2835360376416996e-11,3.033075821904323e-11,2.7564945699528357e-11,1.8762086698965547e-11,1.6232998330008746e-11
window_p2,4.648794800860862e-13,-3.935439066223066e-13,1.2773978918324669e-12,4.040370440135648e-12,-2.322854517979928e-12,-2.9749991382990056e-12,-5.220013199076683e-12,1.684317121898167e-13,6.899606256183668e-12,4.658367764570305e-14,4.772148544098053e-13,2.2167519533050762e-12,5.5425825744990935e-12,-1.8496732828281296e-12,-3.1284907412952805e-12,-6.405037197698113e-12,-1.665832724694276e-12,3.2528352763745147e-12,8.110649117379103e-13,9.666368800432447e-13,4.791486424781884e-12,5.464640917819403e-12,3.9405025776546115e-12,-2.2100531697258743e-12,-7.075237336518588e-13,4.404893793678883e-12,3.334088847683685e-12,-3.800516183403313e-13,2.33410604549492e-13,3.7684488825018245e-12,3.2503484250860765e-12,-3.413195022397845e-12,-3.971156128261759e-12,-1.0547167654662828e-11,-1.0014848440768335e-11,-1.3815880774436604e-11,-4.495711734085192e-13,1.1995088430107093e-12,3.572502993454904e-12,3.5576901754589322e-12,-5.474007353028833e-12,5.192988814438296e-13,-6.523798815174401e-12,-2.106452133496348e-12,-7.866276281928694e-12,-2.2691851121610578e-13,3.3871342604771743e-13,3.3357103988370713e-12,2.1372407943703335e-12,1.2055772929950539e-11,7.89655700386944e-12,5.4261182377795665e-12,2.1878504074112544e-12,6.9614662855494505e-12,-1.0321033425413144e-12,-3.2131129922573426e-12,-2.730551856550408e-13,-4.774091798803139e-12,7.776311443344908e-12,-4.897192109940336e-12,-5.121936387377189e-12,-1.3825965905821146e-12,-5.741031925449771e-12,1.9839356353022712e-12,3.1561538190532607e-12,4.568591203536913e-12,7.334069858445903e-12,1.6903388713922024e-11,2.7564945699528958e-11,4.159958005550025e-11,3.603649204310716e-11,3.223088542894303e-11
window_p3,1.6042323680313332e-12,-1.4857598613890745e-12,9.95522595751546e-12,2.1934569795223003e-11,-1.1606207622357402e-11,-4.524967363330683e-12,-3.6039073131860225e-12,-1.093118941989203e-11,3.1881370231538295e-12,1.715049604271037e-13,3.8983157191500013e-13,1.0375131934547552e-11,3.341710825221969e-11,-1.633270012260465e-11,-5.593292501189677e-12,-7.868359327941e-12,-1.8808747133405584e-11,-8.189517682041252e-12,8.342676506169209e-13,-8.418421045917199e-13,1.4792049299673062e-11,2.69639322141879e-11,-1.0289962001837648e-11,-1.0924477042878875e-11,-1.054032125220747e-11,-7.88198800351036e-12,-2.890088546343949e-12,-1.0899171411163002e-12,-2.1288666012123694e-12,1.2702535078442213e-11,2.959901226452623e-11,-1.497093632572614e-11,-2.191890736700719e-12,-8.583483667643425e-12,-1.5942263091108997e-11,-2.114578868119215e-11,-5.064436442732656e-13,-5.130317590931775e-14,1.1542964905608652e-11,3.1521268734151234e-11,-8.805341964558606e-12,6.847012801510567e-12,4.495256955554871e-12,-1.3644779664641548e-11,-1.1795774155287199e-11,-1.5860284385248416e-12,3.947798767308744e-13,1.2133428812446116e-11,9.363370159169377e-12,1.8688630258848685e-11,2.1287547412120536e-11,1.3695250059570775e-11,2.0215331870508866e-12,1.5144832601731964e-11,-1.3839414946700097e-12,-6.5200519984352035e-12,7.913096736813692e-12,2.7057713072451454e-12,1.062198516103313e-11,4.325167755150479e-12,4.637254095358714e-12,-1.2587124245987982e-13,-3.82864840547799e-12,2.8360091924299574e-12,6.362694924409652e-12,-1.4453404223410332e-12,-2.2835083289919635e-11,9.48255496405896e-12,1.876208669896582e-11,3.603649204310731e-11,4.342802392246178e-11,3.8383355313803004e-11
window_p4,1.7535582590987665e-12,-1.7878960628647814e-12,1.003064863361505e-11,2.3159086915817807e-11,-1.3791273921889902e-11,-4.972147816450956e-12,-3.6965496240065475e-13,-9.433225820856098e-12,4.733204052445647e-13,1.8343859541046753e-13,3.134941992272385e-13,1.1188246377401217e-11,3.6539810866327715e-11,-1.6590314472315304e-11,-4.381062682218759e-12,-3.5158875724733087e-12,-1.7984230880367355e-11,-9.692973278872277e-12,9.609828614269656e-13,-8.913914233165982e-13,1.5312917441356463e-11,2.96052228756279e-11,-1.011230058225509e-11,-7.604322975419046e-12,-7.318786879312224e-12,-2.9849664000118656e-12,-4.249862432954472e-12,-1.3948341520754985e-12,-2.689787806645071e-12,1.2436914980841515e-11,3.1366198737898744e-11,-1.503575015864859e-11,7.35898891546777e-13,-5.915237928100506e-12,-9.852445830632472e-12,-2.2142710749704154e-11,-7.267312876386635e-13,-7.191806720548331e-13,1.1569533264597695e-11,3.322776796681055e-11,-8.157244561224813e-12,9.599650022408022e-12,9.467068066535644e-12,-4.540361259451589e-12,-1.4930916902736462e-11,-1.954521467569088e-12,8.051567010663788e-14,1.1218595091292335e-11,9.788487598222636e-12,1.935283536607357e-11,2.4708185306116975e-11,1.9347030337609946e-11,6.7728228973795054e-12,1.4483584063464937e-11,-1.4624247098698325e-12,-6.6045801343718895e-12,6.997451833835138e-12,-6.145875494869097e-13,8.49248228090661e-12,7.899552880382457e-12,7.628534849573147e-12,2.7531721247571676e-14,-4.680572026984661e-12,3.1057325308778127e-12,7.126804579432145e-12,-5.350408525983515e-13,-2.4375979600339835e-11,9.549335616571744e-12,1.6232998330009034e-11,3.223088542894336e-11,3.8383355313803495e-11,4.3448775362477336e-11
