,treat_m4,treat_m3,treat_m2,treat_m1,treat_p0,treat_p1,treat_p2,treat_p3,treat_p4,L4treat_m4,L4treat_m3,L4treat_m2,L4treat_m1,L4treat_p0,L4treat_p1,L4treat_p2,L4treat_p3,L4treat_p4,L8treat_m4,L8treat_m3,L8treat_m2,L8treat_m1,L8treat_p0,L8treat_p1,L8treat_p2,L8treat_p3,L8treat_p4,L12treat_m4,L12treat_m3,L12treat_m2,L12treat_m1,L12treat_p0,L12treat_p1,L12treat_p2,L12treat_p3,L12treat_p4,L16treat_m4,L16treat_m3,L16treat_m2,L16treat_m1,L16treat_p0,L16treat_p1,L16treat_p2,L16treat_p3,L16treat_p4,F12treat_m4,F12treat_m3,F12treat_m2,F12treat_m1,F12treat_p0,F12treat_p1,F12treat_p2,F12treat_p3,F12treat_p4,F8treat_m4,F8treat_m3,F8treat_m2,F8treat_m1,F8treat_p0,F8treat_p1,F8treat_p2,F8treat_p3,F8treat_p4,window_m4,window_m3,window_m2,window_m1,window_p0,window_p1,window_p2,window_p3,window_p4
treat_m4,1.5821908948775793e-08,3.991112767073701e-09,-2.4619009898755594e-09,2.9203072813604888e-08,-1.3218254870836192e-08,-2.1915966301259015e-08,3.0087297535683316e-09,-7.226230230659593e-09,-2.1262958988166367e-10,1.4376250634127485e-08,-8.295949744429231e-09,2.5361814786142895e-09,1.851900864098817e-08,-1.3981788417496525e-08,-2.317896815393747e-08,5.241050393962783e-10,-1.0580994831480195e-08,-6.106649855713179e-09,1.042004347988087e-08,-2.210386289996285e-09,1.1022190469253558e-08,2.8656081853572424e-09,-4.965219311489351e-10,4.772433109783029e-09,-1.7333706161272824e-08,-6.7326067956254266e-09,2.1433126204819556e-10,1.7849076204825687e-08,2.0426643417483723e-09,3.3806694757521143e-09,1.2348732871753689e-08,9.592603191863242e-09,-1.5505261362306746e-09,-8.057538825712731e-09,-1.1249686193252978e-08,-1.2794147219302256e-08,1.4401081125773764e-08,-3.2999124895877755e-09,2.2042925348824513e-08,-3.1770153604088656e-08,-4.125083357985563e-09,1.7582995183580038e-09,-8.193028302454293e-09,-1.6533235985365837e-08,-3.9001652637392805e-09,8.001676779955201e-09,3.6078357941930764e-09,3.5342157241994805e-08,-1.2302536943357687e-08,6.713861101565535e-09,-8.398246699749562e-09,2.8869600053448574e-09,-8.879472843937187e-09,2.4622398542166445e-09,1.1219494375158327e-08,-1.8541148992856785e-09,7.133958120452204e-09,2.5233564599282947e-08,-1.2895732929413888e-08,-7.1658562588878985e-09,3.1595430512695115e-09,-1.4039383642316653e-08,1.501139369534549e-09,-1.081884868629388e-08,7.508183368877135e-09,-1.720464751372491e-08,4.427534717630433e-10,2.529546988071825e-08,1.0762895946807368e-08,7.858085431399208e-09,1.1562439688134616e-08,2.3968231840700497e-09
treat_m3,3.9911127670736e-09,2.2091737515014583e-08,2.0155901581585795e-08,1.6712216009506245e-08,-8.002117533858046e-08,-5.6266844096142945e-08,1.3272296777916635e-09,-7.961063533540278e-09,2.318340367150588e-09,3.98121321909373e-09,-1.0348177940430475e-09,-5.782012126911544e-09,-5.72948414838952e-08,-9.982950103043998e-09,-3.238437211874727e-08,2.570674174723203e-09,-6.904318622626305e-09,-9.733559697729264e-10,1.2704400140240735e-08,2.5984036804257576e-08,1.2150325116737868e-08,-8.599779303615937e-09,-3.277880438467966e-08,-8.297076558830285e-10,-3.421809313974841e-08,-1.3103344185552376e-08,-1.0852180465213638e-09,1.6954477785366362e-08,2.2529271124271466e-08,-2.7635993147309615e-08,1.2092104447296108e-08,-3.789026251526269e-08,-1.9926869157557404e-08,-2.21599007778538e-09,-8.895034768463282e-09,-1.1984380414786105e-08,2.475450174987388e-08,2.2431769004949215e-08,2.25548923988877e-09,3.794086659243214e-11,-1.3501818236795673e-08,-4.333451745959352e-09,-9.081590796130054e-09,-2.3855913352721742e-08,-7.836927496752103e-09,9.39152085869025e-09,1.3247354885549855e-08,-3.562231232649205e-09,-4.320940887888366e-08,-9.80991308065839e-09,-1.6556232163217473e-08,-1.004410624733141e-08,-1.6448834960631752e-08,-3.677841642853196e-11,3.398201611871494e-09,9.762945646725254e-09,-1.0845752001720454e-09,3.43323182530299e-08,-5.220757884880664e-08,-3.837487989367737e-08,-3.1689379858319324e-09,-8.588622948216959e-09,4.950046677117978e-09,-1.3508097902943705e-08,-8.94972615960528e-09,-1.717147836161915e-09,6.417068371936132e-09,7.158921410689166e-08,2.2005516925753056e-08,2.074532990929344e-08,1.68510473092924e-08,6.985583729744456e-09
treat_m2,-2.4619009898754423e-09,2.01559015815825e-08,3.9693766007015046e-07,-1.8957025698230604e-07,-6.348913995579253e-07,-1.415068640273748e-07,-7.684474973141415e-08,9.760591655984004e-08,8.529735286344627e-08,4.45759803291455e-08,-3.7695299642735536e-08,2.968927441253284e-07,-6.521505412502517e-07,1.2346456955868983e-08,-1.4743665626649808e-07,-1.2543672692571193e-07,-2.1455855561796793e-08,-6.91785184825159e-09,1.1262473727562475e-07,8.90258458409685e-08,3.478792627153638e-07,-4.277628094722601e-07,-1.435472792957367e-07,1.5432107311093164e-07,-1.7460121738826654e-07,-2.844429812311497e-09,2.6491793206384723e-08,8.082055342151651e-08,1.1412223889942855e-07,1.377710088848773e-07,-3.4355189700696523e-07,-3.5003432802777405e-07,-5.91300106991442e-08,-1.0278536161938862e-07,-3.335734337098044e-08,-1.4593487837698723e-07,1.4955747797222487e-07,1.8147306895612977e-07,3.022014653134708e-07,-1.238723038323888e-07,-3.330003181634614e-07,6.997864305705218e-09,-2.0075686453231387e-07,-1.3449580107534846e-07,-1.3031600408303802e-08,5.7952638230309866e-08,8.55504202086802e-08,2.8350448646694675e-07,-4.5970265989862957e-07,-1.0474986730301421e-07,-6.257066711596174e-08,-2.365203530474448e-08,-1.126781815317683e-07,-2.3332641036815496e-08,6.215516193944663e-08,9.111954706232768e-08,3.62761534480795e-07,-1.927066061798399e-07,-1.8201810603319305e-07,-1.4978672691539552e-07,-1.0315314014969448e-07,-6.57930432152568e-08,-9.05896061970451e-09,-6.183503575143544e-08,-1.2283507611512312e-08,-5.9464388312967206e-08,1.9258811195503408e-07,5.036503957712422e-07,1.3526855240513798e-07,1.981650732969184e-07,1.0447897773904673e-07,3.89837104158368e-08
treat_m1,2.9203072813604726e-08,1.6712216009504643e-08,-1.8957025698230525e-07,9.185195755931407e-07,-2.0535974837685517e-07,-2.767286563809498e-07,-5.9177822884837224e-08,-9.002521396470657e-08,6.123672736150356e-08,1.1009502745470039e-07,-2.9038925337161225e-08,-2.9256034793044495e-07,7.291560348455854e-07,-3.2609082699397634e-07,-2.936004347950844e-07,-1.5154523022208713e-07,-1.1686709358324969e-07,-5.4471345829960276e-08,7.699898627839959e-08,-7.783223931026932e-09,-7.124959730565147e-08,7.446279728594979e-07,-8.372921877057544e-08,-2.884286384186231e-07,-2.059495177511904e-07,-1.3205540617680766e-07,-4.146099552345642e-08,1.1779436569594105e-07,1.5091483225035377e-09,-1.7702626570856733e-07,7.489820579641754e-07,-3.445140097658801e-07,-1.852041154646316e-07,-2.520837152879685e-07,-1.7667220114054942e-07,-4.848337629532607e-08,1.1032037373988478e-07,2.483822564292696e-08,-2.114254413886591e-08,6.709731443226083e-07,-2.1965442434021427e-07,-1.6290414345072135e-07,-2.1024494972686522e-07,-1.664585411671629e-07,-9.109003680372275e-08,1.1184431418663026e-08,7.129035986553948e-08,-9.595559838022331e-08,4.170504233439215e-07,-1.1602286740037584e-07,-1.305697257936928e-07,-2.733222843152064e-08,-8.378188143804924e-08,7.567827991909157e-08,-3.381274843884177e-09,-6.1501751711749e-08,-4.110295114325722e-07,6.317977450933075e-07,-6.281672000390962e-08,-1.6392379888533248e-07,1.6820261863708948e-09,-1.3154415013976776e-07,6.52487300576369e-08,-3.3814164317683684e-08,8.791558928659821e-08,2.0657198048702122e-07,-6.698771207741317e-07,1.592944123198685e-07,1.8495049800017632e-07,1.3599169867992307e-07,1.345507826483237e-07,-1.8966294914672653e-09
treat_p0,-1.3218254870836603e-08,-8.002117533858084e-08,-6.348913995579267e-07,-2.0535974837685673e-07,1.975969966625919e-06,7.521398347936468e-07,1.8471583593260359e-07,-1.304118420270303e-07,-2.482770238146691e-07,-1.9346099000053856e-07,8.446635110890632e-08,-2.878777142784299e-07,9.782200778628698e-07,2.5136443211699466e-07,7.148735868100421e-07,3.510196217261324e-07,1.7057032550029468e-07,4.816159388632185e-08,-2.844074941130269e-07,-2.3249376399914665e-07,-7.011251434716133e-07,2.7232778825078165e-07,8.633632453761775e-07,8.753747780087581e-08,4.849788705268795e-07,1.24879344278769e-07,-4.537966751098448e-08,-2.3710448327242118e-07,-2.465065727970337e-07,-4.16554746193785e-09,1.2976615803812568e-07,1.3528404460180627e-06,3.330829945140567e-07,3.936070303169218e-07,2.1044238113262308e-07,3.556432076842481e-07,-3.831607023727856e-07,-4.3222362305199517e-07,-5.020692533174293e-07,-3.567772386101611e-07,1.0970077177713808e-06,1.424691765548573e-07,5.36572428695448e-07,4.360679359913979e-07,7.20331511483887e-08,-1.197458168558874e-07,-2.4104045889683167e-07,-4.35793569194948e-07,6.64736459629383e-07,6.629433362958643e-07,3.923401115874005e-07,3.809805600469195e-08,3.319818659765548e-07,-7.746998345874103e-09,-1.3086628675604438e-07,-1.998145998159519e-07,-5.034300908924271e-07,-6.012667233221999e-08,7.670306525052942e-07,5.385527307357892e-07,1.6600300919795648e-07,2.5516000054114115e-07,-4.761337928998875e-08,1.552816828829134e-07,-2.4740873546045096e-08,-1.1200643115490992e-07,2.408211806557231e-07,-1.6029856519851036e-06,-6.080390805510673e-07,-5.711128589475584e-07,-3.9446453113917934e-07,-1.0320891859783832e-07
treat_p1,-2.191596630125911e-08,-5.6266844096143176e-08,-1.4150686402737328e-07,-2.7672865638094974e-07,7.521398347936445e-07,4.6282879875549045e-07,6.775126712524601e-08,-1.4928067709571299e-09,-1.1060181617346877e-07,-1.1032058066486313e-07,5.220920774516364e-08,4.645173853376999e-08,1.8713662594389064e-07,1.6364428418256107e-07,3.9061288318238907e-07,1.0265425731654933e-07,8.79557200132488e-08,1.3289220540652186e-08,-1.2689640196512374e-07,-1.0116170108191824e-07,-2.1504091606879267e-07,-1.3195143355559059e-07,3.98767069825205e-07,1.5940577372575187e-07,2.504341594881338e-07,1.0944178116859379e-07,-2.599121203065067e-08,-1.421824690081181e-07,-1.0103910088506849e-07,1.32523684388472e-07,-1.922864452206541e-07,5.206629923782699e-07,2.0607207482122562e-07,1.7703639717193785e-07,1.269226544632151e-07,1.2528332095102347e-07,-1.8307632590721051e-07,-1.550126135783528e-07,-1.0908995157751126e-07,-2.8056083956489103e-07,4.3247857217873817e-07,1.0271882667306744e-07,2.383404571471315e-07,2.3621583669099613e-07,4.671002826411405e-08,-5.28141994934328e-08,-8.666063804281431e-08,-1.117947667128571e-07,1.6016786188604457e-07,3.287814653061647e-07,2.3084255685045846e-07,-3.6112955280445945e-09,1.6351216680379137e-07,-4.4228893917355364e-08,-5.341492816592737e-08,-5.517456894035895e-08,-6.797647213954527e-08,-2.1761467461712726e-07,3.969927288681872e-07,2.5821796197714717e-07,3.241591692757563e-08,1.2432091308336487e-07,-4.998103887361673e-08,8.485122154096285e-08,-2.528993067111015e-08,-7.662848171429279e-08,2.435832754125738e-07,-7.057713697242477e-07,-3.0854287785679785e-07,-2.3685026993510752e-07,-1.9698253225422885e-07,-3.363087986264851e-08
treat_p2,3.0087297535678837e-09,1.3272296777922328e-09,-7.68447497314149e-08,-5.917782288483702e-08,1.847158359326038e-07,6.775126712524647e-08,1.5231247484082353e-07,-2.7035179970260756e-09,-3.6221030443357645e-08,-1.1832267614988647e-08,5.896165679548548e-11,-8.114827434898682e-08,2.2048028955927587e-09,6.893548958464078e-08,9.494091855689993e-08,1.4296294841406346e-07,2.5761267934205052e-08,-2.4930524249897084e-09,-3.949260521828035e-08,-3.019369239670748e-08,-1.1980288461587332e-07,1.8758569628659245e-08,6.068829002234967e-08,2.9582026599594134e-08,1.518656088918392e-07,1.0315243112421205e-08,-1.3926829580869453e-08,-2.6796951013099668e-08,-3.633548030091475e-08,-1.0228015628607365e-07,-2.7208009215759896e-08,2.1541207951469215e-07,1.3145547606198798e-07,1.2750091869493486e-07,5.010886473264293e-08,3.3203267322708534e-08,-4.5507090555812175e-08,-9.127724873592e-08,-1.0710574873621422e-07,-1.051548444757822e-07,8.752555007656216e-08,1.223090420029821e-07,2.215667586660329e-07,5.856090294663962e-08,1.0964684799687038e-08,3.898315407740868e-09,-6.602321783127414e-08,-4.646841297680503e-08,3.3984270642370837e-08,1.0255005390419136e-07,4.5621051099048104e-08,3.404639224529451e-08,2.6291318771064164e-09,1.210318603163566e-09,-6.7913121676771405e-09,1.0411962348393989e-08,1.105998848334478e-08,1.6897673601478346e-08,4.1376711058953445e-08,9.011102428210251e-08,1.1070261395469283e-07,3.019729397327147e-08,-1.4561330328198604e-08,5.6891256701196464e-09,7.098599342052075e-09,-4.911064470860134e-08,1.0875971471168253e-07,-9.717493742110205e-08,-1.0126894119387324e-07,-1.427324910315672e-07,-4.869816000150518e-08,-2.9471508932757255e-09
treat_p3,-7.226230230660128e-09,-7.961063533539872e-09,9.76059165598423e-08,-9.002521396470376e-08,-1.3041184202702803e-07,-1.4928067709568751e-09,-2.703517997025608e-09,7.237712036786911e-08,2.356635232687452e-08,7.205409356109734e-09,3.3155665068341055e-09,9.222746336517968e-08,-1.8409331159844905e-07,-4.690069959692256e-09,-2.2015126767342287e-08,-4.166723836984684e-08,1.5941791478878879e-09,-6.685803224079219e-09,1.81920687147178e-08,1.0945135305534995e-08,9.962968714257468e-08,-1.2392521368498975e-07,-4.091540780529262e-08,-1.21251390071477e-08,-1.237976130055607e-08,2.198572135041944e-08,5.753285760915061e-09,7.400191740036483e-09,1.6300339505659283e-08,5.614648363821585e-08,-1.59052744686242e-07,-9.796931052598459e-08,-1.46318093983303e-08,-4.376189286689579e-08,1.4376696704896164e-08,-2.833489371968467e-08,1.9220011523278247e-08,3.809748895507931e-08,8.077614974613197e-08,-1.8238065813540257e-08,-1.1013382042921537e-07,-8.703275910134574e-09,-2.349272538372793e-08,-2.3004910812143272e-10,-1.5329198422170953e-09,1.3674801744445517e-08,1.9611198410950746e-08,7.213692522929898e-08,-9.115587440612796e-08,-8.174173622934706e-08,4.14611292779056e-09,1.3329303869943407e-08,-4.493926749131889e-09,-2.941440836443691e-09,2.0199522125388764e-08,3.928161063635776e-08,1.2217870814051067e-07,-1.2274013690955408e-07,-4.589558066662513e-08,9.155104093605689e-09,-1.0121664280688997e-08,2.4737280749775574e-08,-2.0720915687273597e-08,-8.065483083737833e-09,-5.508229066949906e-09,-1.8438387686240998e-08,5.716290961214235e-08,1.1193487495228622e-07,1.7448962908174344e-08,2.3006144347236753e-08,-5.5287240517445446e-09,4.0724483595577666e-09
treat_p4,-2.12629589881611e-10,2.318340367150681e-09,8.529735286344678e-08,6.123672736150504e-08,-2.4827702381466893e-07,-1.1060181617346825e-07,-3.6221030443357195e-08,2.356635232687531e-08,9.02502471069993e-08,4.6406189464672054e-08,-3.5617338031033265e-08,-5.257386752990125e-09,-1.1700633893611946e-07,-2.6054133107552127e-08,-9.387296409029759e-08,-5.63072020076014e-08,-3.116527665249543e-08,1.6250207176417157e-08,6.148053436347504e-08,2.38507663450753e-08,8.636452865472706e-08,1.9501137518165862e-08,-9.588165474163778e-08,3.295400658648395e-08,-9.94291077242625e-08,-2.872267428912505e-08,3.164369932412808e-08,5.520683445923499e-08,4.5582251629486386e-08,-6.879546707887538e-08,7.144395721438897e-08,-1.9699833000401928e-07,-1.506625551389671e-08,-7.519206612132498e-08,-5.3331953543201355e-08,-4.352268340558753e-08,6.628280936320968e-08,6.378288455632453e-08,3.513007945513872e-08,1.044983405825403e-07,-1.825394487723935e-07,-2.5674072843401052e-09,-1.283628856181878e-07,-1.0661114154427731e-07,-3.1489598546120127e-09,8.947692493819273e-09,1.4727102021489935e-08,7.467262945225129e-08,-8.218414751446871e-08,-1.2496244163681323e-07,-1.0111057647435277e-07,-2.160057426962396e-09,-8.330220748923806e-08,2.5742790590707635e-08,2.6422859386714685e-08,1.3630157112832416e-08,6.877016120215932e-08,4.979775088623178e-08,-1.3371122679570926e-07,-1.010714989038374e-07,-4.0719168164826526e-08,-6.097841353306668e-08,3.610037417932534e-08,-1.76207832723649e-08,2.6225190428507515e-08,6.986981426802578e-08,-9.422413005242919e-08,2.801905537716939e-07,9.899915317266163e-08,1.10984545552192e-07,7.97827120221288e-08,-3.5195624729891853e-09
L4treat_m4,1.4376250634127038e-08,3.9812132190937145e-09,4.4575980329145266e-08,1.1009502745470048e-07,-1.9346099000053848e-07,-1.1032058066486328e-07,-1.1832267614988383e-08,7.205409356109948e-09,4.640618946467209e-08,6.698361772286582e-08,-2.5101208412588668e-08,-1.2303385596436675e-08,-2.2231155768067797e-08,-6.934886898024921e-08,-1.3155630344172162e-07,-4.3996365130801686e-08,-4.608951956940408e-08,-1.609859406266121e-08,5.9099310139123426e-08,9.043144723425002e-09,6.331639427052681e-08,7.341470129782552e-08,-1.0627669988953338e-07,-2.59836003883956e-08,-8.078983054377517e-08,-4.963440929285066e-08,4.087929775872287e-09,6.94014996424824e-08,2.8475143071480867e-08,-5.037462212470664e-08,8.765124687118619e-08,-1.587219276401828e-07,-4.366404696927511e-08,-7.349961653122856e-08,-6.20364021804449e-08,-5.026926635797606e-08,7.013382473326158e-08,3.399789763755213e-08,3.490786964919566e-08,9.742763563448359e-08,-1.9268966804065173e-07,-6.095371835930033e-09,-9.04952706564619e-08,-1.0275819651474225e-07,-2.07005339208773e-08,2.323908624395267e-08,1.450457904734957e-08,8.284284698910774e-08,-2.2511812914796823e-08,-8.86232809255743e-08,-7.971258332452698e-08,-3.377969206377963e-09,-8.213926827512501e-08,2.930074016119129e-08,2.7649722033313227e-08,1.1764679584143967e-08,3.905627607364394e-08,4.7029982662448115e-08,-6.665848874700595e-08,-8.433191222083766e-08,-7.69420058177879e-09,-6.788581466168738e-08,1.800490569909663e-08,-3.373935024325521e-08,3.1938496672115254e-08,2.9630453008713584e-08,-8.251795215886735e-08,2.1968077438757294e-07,9.688731728096882e-08,7.769698560426103e-08,7.963043779227564e-08,5.239550324076241e-09
L4treat_m3,-8.29594974442928e-09,-1.0348177940443625e-09,-3.7695299642734087e-08,-2.9038925337159935e-08,8.446635110890579e-08,5.220920774516394e-08,5.896165679482309e-11,3.3155665068337817e-09,-3.5617338031033615e-08,-2.510120841258879e-08,4.923349296271282e-08,1.802144448248108e-08,5.5059545531795106e-08,-4.751222302777246e-08,5.6466680465434185e-08,-7.145369150238893e-09,8.368856015810324e-09,-9.029589618219768e-09,-3.690046115679362e-08,4.494759092291576e-09,-2.5207573648297653e-08,2.954338855068618e-08,-1.5493480153680803e-08,-5.288363547420793e-08,3.732602621686208e-08,1.9880470233364113e-08,-1.0703979676207415e-08,-4.535920620475846e-08,-1.6237594355605927e-08,5.939339031019893e-08,-1.9432641873701344e-08,-2.0008474507179852e-08,-1.9843500723945278e-08,1.4810588454553932e-08,2.7102461236350076e-08,3.3812466807690915e-08,-4.6237108145684115e-08,-1.49685393652157e-08,-1.4735078366886772e-08,1.9729812177561073e-08,4.30796470225301e-08,-2.4298361521967037e-08,4.9572387444166895e-08,6.666325894502233e-08,1.8414744550220185e-09,-1.5357531578643885e-08,8.062110834580398e-09,-5.901289580832296e-08,7.306982838909154e-08,-1.7681058915770183e-09,5.016014416364678e-08,-1.830184872223764e-08,4.505391302970828e-08,-7.436509072726354e-09,-1.8603320616117896e-08,4.7978587976275085e-09,-3.852782770566077e-08,-6.250868303275772e-08,4.497940249248195e-08,3.488108284035125e-08,5.6621609615376414e-09,4.290912933984028e-08,-1.3205803550877973e-08,2.005273553531423e-08,-2.31873940786827e-08,-1.8137455966845048e-08,4.803725414862851e-09,-1.0022489177848449e-07,-2.6723583700823577e-08,-3.373044302219629e-08,-4.2731192060571216e-08,-4.094280459524515e-09
L4treat_m2,2.5361814786142415e-09,-5.782012126912297e-09,2.9689274412533076e-07,-2.92560347930444e-07,-2.8787771427842923e-07,4.645173853376937e-08,-8.114827434898682e-08,9.22274633651826e-08,-5.257386752988918e-09,-1.2303385596436082e-08,1.802144448248127e-08,4.0944861748785224e-07,-4.947937770146708e-07,-1.917659289032896e-08,-5.395477724375721e-09,-1.2316447115341645e-07,1.0142960199561491e-08,-3.2002497398404105e-08,2.538580296058917e-08,3.3255651112298174e-08,3.094836670905247e-07,-4.6140825682947467e-07,-5.202798327193189e-08,1.1876693526220906e-07,-6.834557133859222e-08,5.29323679055379e-08,9.658773875036063e-09,1.0007899312208263e-09,2.4825275854671478e-08,3.206848772420751e-07,-4.1221253368020916e-07,-1.6599893555504283e-07,-8.592587811819776e-08,-6.960765155638141e-08,1.2531455722128527e-08,-8.082341668931345e-08,5.129295110768162e-08,9.118470975054708e-08,3.4122088230904633e-07,-1.9610732130494848e-07,-1.4277269255541411e-07,-5.419477716373423e-08,-8.458350136699843e-08,1.3838172884856297e-08,-1.2341311131315715e-09,3.033962981951985e-08,9.449129763074912e-08,2.990906488109716e-07,-3.4753059575590843e-07,7.943772733890649e-09,5.996083869795456e-08,-2.9420296482849192e-08,2.5344626444815923e-09,-4.934131688598387e-08,4.400788619478117e-08,6.456769233997411e-08,3.263755862118579e-07,-3.2419353641445466e-07,-2.5888439713235673e-08,2.5380557384110442e-09,-9.83153281098352e-08,2.7293976321044477e-09,-4.64586711040503e-08,-3.011844471963654e-08,-3.2110729611322927e-08,-1.8226125287411162e-07,2.8442474913276286e-07,1.398923202055648e-07,1.6299568895059945e-08,8.25237455592101e-08,-9.009933620597758e-09,2.1279914150194726e-08
L4treat_m1,1.851900864098804e-08,-5.7294841483895977e-08,-6.521505412502575e-07,7.291560348455769e-07,9.78220077862865e-07,1.8713662594389027e-07,2.2048028955931343e-09,-1.8409331159845164e-07,-1.1700633893612022e-07,-2.2231155768067575e-08,5.505954553179455e-08,-4.947937770146752e-07,1.7161816178649885e-06,-2.0365123229049172e-07,1.1335746780967917e-07,4.297031382824817e-08,-4.321759647202929e-08,-1.8285832550183136e-08,-1.4147040042393541e-07,-1.923380334194249e-07,-5.1223237659111e-07,1.0989265937771834e-06,2.488725070482943e-07,-3.75648741102934e-07,2.2826908905794226e-07,4.484393934442661e-09,-3.503499983561079e-08,-1.1363865539979135e-07,-1.9717639383476896e-07,-4.581196076717999e-08,9.702189001665802e-07,3.512794320233255e-07,6.814928982154256e-08,3.4862417608526934e-08,-2.070720852542523e-08,1.9921048941952824e-07,-2.4974121260150437e-07,-2.4490299461942205e-07,-3.827456322614507e-07,5.155348991019963e-07,4.400724143665793e-07,-1.3791043118180866e-07,1.0924047820777261e-07,1.869896938877774e-07,3.12698993392109e-08,-1.1464443624766804e-07,-8.186621673432072e-08,-4.840386143512052e-07,1.0493214066347775e-06,5.6176408225769026e-08,7.453616090080583e-09,3.952809156476864e-08,1.969152600958808e-07,3.098318680733428e-08,-9.533584103114382e-08,-1.7850006128143112e-07,-7.83765704676849e-07,5.805910822110071e-07,4.110324336734093e-07,2.2827843084385424e-07,1.3013351328897315e-07,1.8778211600019633e-08,3.992936512917919e-08,1.3849621073956405e-07,6.37214007325607e-08,2.0312393017125754e-07,-7.69986898918557e-07,-9.053426347907437e-07,-1.7001806467248098e-07,-2.7383081505756124e-07,-1.4346471774105737e-07,-8.213305879864163e-08
L4treat_p0,-1.398178841749745e-08,-9.982950103043642e-09,1.2346456955869703e-08,-3.260908269939762e-07,2.513644321169999e-07,1.636442841825625e-07,6.893548958463963e-08,-4.690069959693771e-09,-2.6054133107551005e-08,-6.934886898024964e-08,-4.7512223027771574e-08,-1.917659289033072e-08,-2.0365123229048793e-07,4.399387583588239e-07,1.874567358406983e-07,1.4617964232903225e-07,9.024511864212415e-08,6.65087113127374e-08,-4.910790785220296e-08,-2.194282452736961e-08,-9.838681511690088e-08,-3.168666172025231e-07,3.0992834477243587e-07,1.9225065872903837e-07,1.5971449917303176e-07,8.670314697193997e-08,4.373978611709415e-08,-5.9908823531925e-08,-5.366873051253174e-09,-4.607116207813263e-08,-2.1958255886105185e-07,4.2997633109018537e-07,2.2681868997904753e-07,2.2216023751450365e-07,1.1391199635818853e-07,3.58349262092258e-08,-8.598455975784608e-08,-5.2068472683499597e-08,-1.0248872859418352e-07,-3.386367831285477e-07,2.951512403419743e-07,1.5922389816523156e-07,1.475398260879952e-07,1.088631574490677e-07,8.590954540816584e-08,-8.20206607004826e-09,-9.352476562745554e-08,-1.0419551160755203e-07,-1.2761720629300903e-07,1.93018150835315e-07,1.7193286391259026e-08,8.361557033753461e-08,6.478714566736279e-08,-6.181511395332551e-08,-9.121728561373941e-09,-2.3463622252051256e-08,8.640821670027646e-08,-5.495758760371398e-08,6.417564464239096e-08,9.944599732166738e-08,4.3025498559339546e-08,5.9349098249343864e-08,-9.993716547914269e-09,2.961733456466704e-08,-2.4557556181447022e-08,-3.775083570829173e-08,2.521004605475876e-07,-2.2614854720515585e-07,-1.615276392711765e-07,-1.2327336664999934e-07,-8.180358356187087e-08,2.6845593513645807e-09
L4treat_p1,-2.3178968153937493e-08,-3.238437211874746e-08,-1.474366562664978e-07,-2.936004347950841e-07,7.148735868100408e-07,3.906128831823905e-07,9.494091855689891e-08,-2.201512676734333e-08,-9.387296409029764e-08,-1.3155630344172155e-07,5.6466680465434085e-08,-5.39547772437528e-09,1.1335746780967872e-07,1.8745673584069743e-07,4.810543157070598e-07,1.7553991207992076e-07,1.1509631646314599e-07,4.108862990137224e-08,-1.4603030566382765e-07,-6.101881957008851e-08,-2.408782310128844e-07,-1.1387242906625007e-07,3.9521589051449086e-07,2.2394252148131e-07,2.642080303347336e-07,1.1858538118266363e-07,1.4988036518657742e-08,-1.6781699412168198e-07,-8.697780323736485e-08,5.5991322471810016e-08,-1.4429581107268518e-07,5.43474605876137e-07,2.641096743896012e-07,2.4876814739446914e-07,1.5108678982034033e-07,1.6106564603352554e-07,-1.956549722655694e-07,-1.5347635462632973e-07,-1.558227736745914e-07,-2.7835277383812724e-07,4.746547820066385e-07,1.379316907866524e-07,2.862444922990477e-07,2.60793197016569e-07,7.213993525702222e-08,-6.670700666448477e-08,-1.062912707115417e-07,-1.6777923944369717e-07,3.6314878807850975e-08,3.290442672603702e-07,2.1984845574679447e-07,-4.007033611956381e-09,1.495322720671501e-07,-4.3197728460009816e-08,-5.797804747435206e-08,-4.6813420029729915e-08,-7.468605204689475e-08,-1.3791803126059917e-07,2.6278078829354046e-07,2.546182397812198e-07,5.642247058063421e-08,1.3694552885688642e-07,-1.1083657050149034e-08,9.346185076454876e-08,-4.373688992185437e-08,-8.619535251506085e-08,2.762164124153274e-07,-5.833867367473775e-07,-3.073390328754151e-07,-2.386042470299368e-07,-1.9900986626653376e-07,-3.78375972269997e-08
L4treat_p2,5.241050393962322e-10,2.5706741747231963e-09,-1.2543672692571325e-07,-1.5154523022208795e-07,3.510196217261328e-07,1.026542573165485e-07,1.4296294841406224e-07,-4.1667238369846635e-08,-5.6307202007601135e-08,-4.3996365130801494e-08,-7.145369150238652e-09,-1.2316447115341624e-07,4.297031382824724e-08,1.4617964232903344e-07,1.7553991207992078e-07,2.3667024640521914e-07,5.4528711228324417e-08,2.3881830055643305e-08,-6.131481896062899e-08,-3.169041225110133e-08,-1.7601162249205974e-07,1.612419694226437e-08,1.2668391380582527e-07,1.0772481368199644e-07,1.9418402024062375e-07,1.0750836253781034e-08,8.066284567716829e-09,-4.277588128315296e-08,-5.530777438851924e-08,-1.229561923211755e-07,-1.291595653092954e-08,4.1454687962418395e-07,1.8240799166019833e-07,2.1236246132145171e-07,6.273068638673988e-08,7.791506195695705e-08,-6.82034216352109e-08,-1.2130929928538072e-07,-1.7044240615508938e-07,-1.8140070001114184e-07,2.52701791625794e-07,1.5448791949491013e-07,2.541585918238531e-07,7.976400331514682e-08,3.3323267578882714e-08,-1.3359448250473075e-08,-1.0367432316982931e-07,-7.66567531276507e-08,-1.7690106015519724e-08,1.8619856750495282e-07,4.4748731611250305e-08,3.13124791484589e-08,1.733310400693053e-08,-4.383045756692766e-09,-1.9171736871059764e-08,-1.640592196626558e-08,-2.3188852634219905e-08,8.19940288176462e-09,5.202826952392141e-08,1.270691090186562e-07,1.1801820190781495e-07,3.4338366290761037e-08,4.354190341631743e-10,1.69544450603696e-08,-5.705517415031301e-09,-6.939480556615178e-08,1.8487305885307564e-07,-2.0989372393545878e-07,-1.4488461543446752e-07,-1.8415398481554925e-07,-7.138239415562928e-08,-1.5070612192620568e-08
L4treat_p3,-1.0580994831480192e-08,-6.904318622626311e-09,-2.1455855561796962e-08,-1.1686709358324904e-07,1.7057032550029338e-07,8.795572001324631e-08,2.576126793420461e-08,1.5941791478871705e-09,-3.1165276652495655e-08,-4.608951956940399e-08,8.368856015809975e-09,1.0142960199559107e-08,-4.3217596472028466e-08,9.024511864212303e-08,1.1509631646314452e-07,5.452871122832374e-08,5.568703840798568e-08,1.763223036955861e-08,-4.308546440006915e-08,-8.535822743742516e-09,-5.231761691491422e-08,-1.130976983996623e-07,1.1744601996200387e-07,5.0574840772846046e-08,7.481186266231706e-08,4.3148066594092595e-08,5.179264947708491e-09,-4.3293667779730694e-08,-1.9065861792478578e-08,8.839299659366824e-09,-1.184078192739624e-07,1.8880140931435897e-07,4.3571821673965495e-08,7.356792077944403e-08,5.771907417400877e-08,3.677425511956239e-08,-4.833407716645144e-08,-3.469612604414363e-08,-3.012657086077966e-08,-1.1560471826650316e-07,1.415223987387296e-07,3.3714317530148384e-08,8.77692262197059e-08,7.886381284287121e-08,1.975650047206225e-08,-1.1526048618073907e-08,-2.146568642501971e-08,-3.45051144164987e-08,-2.715297977733166e-08,8.52788257704172e-08,6.587149286795606e-08,1.758676896074531e-08,5.048168273508684e-08,-1.5817594785817105e-08,-1.381456967614244e-08,-7.150627756369565e-09,1.4657633589079598e-08,-5.985340252897367e-08,3.429821306785351e-08,8.277547273858761e-08,1.6729139515692057e-08,6.120079798826136e-08,-1.5705163534065126e-08,1.8027652450405785e-08,-2.2578299603841594e-08,-4.494276843636104e-08,1.257570132143402e-07,-1.4794231396974702e-07,-8.388364798096657e-08,-6.84058976772136e-08,-5.967521243485562e-08,-1.3727346659702405e-09
L4treat_p4,-6.106649855713195e-09,-9.733559697729148e-10,-6.917851848252132e-09,-5.447134582996064e-08,4.81615938863217e-08,1.3289220540652354e-08,-2.493052424989493e-09,-6.685803224078722e-09,1.62502071764174e-08,-1.6098594062661225e-08,-9.02958961821982e-09,-3.200249739840502e-08,-1.8285832550183423e-08,6.650871131273608e-08,4.1088629901372e-08,2.3881830055643252e-08,1.7632230369558992e-08,3.853963195618689e-08,-9.653531582664453e-09,3.2966330849276225e-09,-2.294508036012673e-08,-2.0079020157403044e-08,4.494928725744921e-08,3.787702329885131e-08,9.288119433279844e-09,1.3686640647082447e-08,2.4855223150405504e-08,-1.7825069404836513e-08,9.025721179338242e-09,-3.255205273463731e-08,7.793884371446858e-09,5.0802031897565954e-08,3.285879442620816e-08,3.785427108825508e-08,1.7995554067459393e-08,2.177660351036217e-08,-2.2691433470213215e-08,-2.5777541625246147e-10,-4.4093807434695336e-08,-2.7331750846607564e-08,5.999819317469696e-08,2.0933290558679962e-08,-4.1065448884991054e-09,8.083467917687921e-09,2.343757898634143e-08,-1.3465857593536947e-08,-2.358021705142373e-08,-4.8119101793878643e-08,4.65803367100709e-09,-1.4426443349665986e-08,-2.090681755166195e-08,1.7464526074408426e-08,3.4609577002270802e-09,-1.8276755127094624e-10,-5.0016434817702665e-09,-1.0948369396988535e-08,6.442694682218442e-10,1.814831409414097e-09,-3.2317092625561354e-08,-2.732359497346881e-09,-2.4618619160705495e-09,1.0200011528770997e-08,1.4487669102514818e-08,1.601905348810883e-08,-6.228208732228642e-09,2.4054726850042013e-08,6.874497450806893e-09,-1.2970512647897064e-08,-8.528737714470397e-09,-3.805916665676851e-09,-8.152012153201456e-09,-1.0659935134069157e-08
L8treat_m4,1.0420043479880341e-08,1.2704400140240745e-08,1.1262473727562509e-07,7.699898627839976e-08,-2.8440749411302713e-07,-1.268964019651235e-07,-3.9492605218280236e-08,1.8192068714717805e-08,6.148053436347502e-08,5.909931013912349e-08,-3.6900461156793367e-08,2.5385802960589095e-08,-1.4147040042393536e-07,-4.910790785220255e-08,-1.4603030566382733e-07,-6.131481896062907e-08,-4.308546440006951e-08,-9.653531582664408e-09,8.990996861839326e-08,3.635410532658409e-08,1.1127519905109483e-07,-2.3798011846028127e-08,-8.632444607427841e-08,2.7310631230367822e-08,-1.3707727880004902e-07,-4.760700780598358e-08,-1.4867104362450673e-10,9.208736689532064e-08,6.291376232288269e-08,-3.374655538914065e-08,7.474263584186563e-09,-1.8406370785747207e-07,-4.245216865336274e-08,-9.09837601190341e-08,-6.730575656025572e-08,-7.743389224523102e-08,1.1169118314322372e-07,8.655272140051683e-08,7.901092396820536e-08,2.7583003938844914e-08,-1.7478092958264846e-07,-6.984060946733064e-09,-1.4772804590966954e-07,-1.351079433868038e-07,-3.0694831996020656e-08,3.498377334519192e-08,3.120217839123068e-08,1.1508774356377324e-07,-1.2129088836232513e-07,-6.74154106038844e-08,-8.18718490728789e-08,-2.8014664888913123e-08,-9.181962458677275e-08,1.8081774939710415e-08,3.1867631674775076e-08,2.1831375222703215e-08,6.872892725556504e-08,3.475901705713231e-08,-8.056909311011054e-08,-1.2504119525307315e-07,-4.663225094948098e-08,-7.138313113441031e-08,1.3239257449109797e-08,-4.390617547549048e-08,2.2082384854666278e-08,5.008706463718849e-08,-3.917005513754234e-08,2.583496450760634e-07,1.0548391503218954e-07,1.2177017286888184e-07,9.133742396383598e-08,1.3459732575176166e-08
L8treat_m3,-2.210386289996327e-09,2.5984036804257364e-08,8.902584584097212e-08,-7.783223931027506e-09,-2.324937639991466e-07,-1.011617010819185e-07,-3.019369239670812e-08,1.0945135305534023e-08,2.3850766345075298e-08,9.043144723424987e-09,4.494759092292962e-09,3.3255651112298935e-08,-1.9233803341942628e-07,-2.1942824527370138e-08,-6.101881957008902e-08,-3.169041225110149e-08,-8.535822743742983e-09,3.29663308492757e-09,3.635410532658415e-08,6.657619216691569e-08,9.258950600525636e-08,-7.129326701505747e-08,-8.217279710467339e-08,4.507207347377504e-09,-9.048472383308464e-08,-1.9200437586712998e-08,3.6731814421535822e-09,2.9332093205171696e-08,5.699317674636089e-08,-1.8561730932804719e-09,-6.558965748399925e-08,-1.474627831607465e-07,-6.11830856746716e-08,-3.734431823998194e-08,-1.5866380566114712e-08,-3.5407360344057394e-08,5.779837278077635e-08,7.948476351195025e-08,5.905827353034357e-08,1.708223405388262e-08,-8.101773295320834e-08,-1.5618282966549172e-08,-7.373797988427477e-08,-4.919688284495256e-08,-1.6196770908948894e-08,1.4771757442078107e-08,3.3150677102123086e-08,3.094774953003838e-08,-1.3336587107413797e-07,-5.543871305541458e-08,-3.4918596760388485e-08,-2.5463553293926023e-08,-3.863202482263203e-08,1.8517881796544925e-09,8.112787237118193e-09,2.8918337626719237e-08,5.50817691870761e-08,-1.8393280044462312e-08,-1.2090487058144673e-07,-8.654557596529798e-08,-2.777598892665996e-08,-8.36613798596352e-09,6.998243163587932e-09,-2.2409368809890672e-08,-2.2148539689877237e-08,8.859493800590847e-09,2.4911836644318437e-08,1.958733403863196e-07,7.984186760900316e-08,8.545152944233896e-08,4.279557593014679e-08,1.5261612962888936e-08
L8treat_m2,1.1022190469253346e-08,1.2150325116736652e-08,3.4787926271536023e-07,-7.124959730565502e-08,-7.011251434716143e-07,-2.1504091606879722e-07,-1.198028846158757e-07,9.962968714257183e-08,8.636452865472755e-08,6.331639427052711e-08,-2.520757364829722e-08,3.094836670905184e-07,-5.12232376591109e-07,-9.838681511690114e-08,-2.408782310128859e-07,-1.7601162249206148e-07,-5.231761691491577e-08,-2.294508036012594e-08,1.1127519905109426e-07,9.258950600525546e-08,4.738166427585324e-07,-2.7610767869348345e-07,-2.75673316811875e-07,-8.526613458197472e-09,-2.2732692188996387e-07,-3.706794485713934e-08,2.3837420056733316e-08,8.92527597032861e-08,8.218373355398084e-08,2.4985695826166263e-07,-2.813970858184195e-07,-4.5923728383802996e-07,-1.90353605741059e-07,-2.088961488752308e-07,-7.414244385921558e-08,-1.5236287273489797e-07,1.6159598453548923e-07,1.8681266736592462e-07,4.141921029086491e-07,8.733339465217138e-08,-4.143644897673383e-07,-9.664561776453861e-08,-2.6792164944819624e-07,-1.4955738286735788e-07,-3.266698680789519e-08,4.743914757634361e-08,1.1728035819307017e-07,3.58669680787949e-07,-3.96098100923536e-07,-2.3570047207873223e-07,-1.1271265712466141e-07,5.491445543998031e-10,-1.0705246109958126e-07,2.441606834226847e-09,6.92440023990551e-08,8.534351421043361e-08,3.3380664624060797e-07,-1.6079281236527325e-07,-2.897224756190604e-07,-1.348211715628345e-07,-8.351426737415903e-08,-7.648058623357553e-08,-2.9824337071718937e-09,-6.861328151430678e-08,-2.0466198863298106e-09,-9.888377518828962e-08,5.532119579742939e-08,5.727675777474935e-07,2.327754348768118e-07,2.379508994457459e-07,1.2200472967758227e-07,2.9221638932022747e-08
L8treat_m1,2.865608185356751e-09,-8.599779303616715e-09,-4.277628094722584e-07,7.446279728595011e-07,2.7232778825078097e-07,-1.3195143355559154e-07,1.8758569628658044e-08,-1.2392521368499255e-07,1.9501137518165505e-08,7.341470129782518e-08,2.9543388550684935e-08,-4.6140825682947557e-07,1.0989265937771891e-06,-3.168666172025266e-07,-1.1387242906625204e-07,1.6124196942263795e-08,-1.1309769839966282e-07,-2.007902015740287e-08,-2.3798011846028203e-08,-7.129326701505556e-08,-2.761076786934804e-07,1.1388813062013651e-06,-1.675385132021578e-07,-3.911086776653364e-07,3.485026118560464e-08,-1.3020845895738508e-07,-9.130729029894622e-09,4.11680554166846e-09,-9.952033540993257e-08,-2.529948966694888e-07,1.0199623577864537e-06,-1.7636989525106303e-07,-6.107344515828804e-08,-8.055058745621598e-08,-1.3361944340568317e-07,1.1991785454701023e-07,-5.4174084798190036e-08,-1.1319584099184405e-07,-3.342932850251133e-07,8.157391734419723e-07,-2.537336841474395e-08,-1.2489751628534724e-07,-9.952421630969118e-09,-3.829532500888317e-08,-2.7243057792146075e-08,-6.16553046655412e-08,-4.9969990426628056e-08,-3.439243554951006e-07,7.38198748293491e-07,-1.6785369441266735e-07,-1.7266129681550424e-07,-1.7624483668866956e-08,-4.426403478046749e-08,9.303239336806307e-08,-5.40374757347858e-08,-8.85147709179299e-08,-5.580977482147337e-07,5.430377056581909e-07,6.550875339866699e-08,-5.1884713372521526e-08,1.0720697019068322e-07,-1.038505603573953e-07,1.035192848507236e-07,4.32326723524011e-08,8.432539149934048e-08,2.623356062565218e-07,-7.606179999083818e-07,-1.5654608757537418e-07,1.0152819644392698e-07,-6.012190391262983e-08,3.800764007411802e-08,-7.027084543352527e-08
L8treat_p0,-4.965219311495765e-10,-3.27788043846791e-08,-1.4354727929573548e-07,-8.372921877057392e-08,8.633632453761947e-07,3.9876706982520943e-07,6.06882900223478e-08,-4.091540780529105e-08,-9.588165474163692e-08,-1.0627669988953362e-07,-1.5493480153679632e-08,-5.202798327193248e-08,2.488725070482976e-07,3.0992834477244857e-07,3.9521589051449393e-07,1.266839138058226e-07,1.1744601996200651e-07,4.494928725744971e-08,-8.632444607427831e-08,-8.217279710467308e-08,-2.7567331681187276e-07,-1.6753851320215475e-07,7.873013639252707e-07,2.527076033901273e-07,1.4746586456231708e-07,1.1145261457744777e-07,-1.7394126647004268e-08,-7.701763958092243e-08,-3.1668065418304065e-08,4.431523058475777e-08,-1.1484596028932958e-07,7.883093756313936e-07,2.7567035730822783e-07,1.9692137454143773e-07,1.2388199134152746e-07,1.1059445951468116e-07,-1.2205555897343951e-07,-1.2651974396885496e-07,-1.145959191073227e-07,-3.7740863439716333e-07,6.062465374347359e-07,1.2257842438690552e-07,1.6544598930521477e-07,1.9496353737276516e-07,4.372625250310427e-08,-2.51466952660828e-08,-1.0863099640143557e-07,-1.7473852961079482e-07,6.58474519367494e-08,5.174671942463192e-07,2.479448129870731e-07,3.689315384561542e-08,1.703542591117801e-07,-4.584736471709434e-08,-4.604233560345835e-08,-1.0217805134163219e-07,-1.889700525365025e-07,4.85455641920916e-08,4.310979964787089e-07,2.3643592227533197e-07,3.591882927908559e-08,1.2892286661452734e-07,-2.8203779804251104e-08,5.835481560234781e-08,-1.9481064604088745e-08,-5.2865781532938266e-08,2.5434353616896894e-07,-7.743219073289446e-07,-3.588017460467183e-07,-2.2336748275901026e-07,-1.9243734148544253e-07,-2.5043330592310765e-08
L8treat_p1,4.7724331097829605e-09,-8.29707655883236e-10,1.5432107311093206e-07,-2.88428638418623e-07,8.753747780087294e-08,1.594057737257549e-07,2.9582026599593667e-08,-1.2125139007148787e-08,3.295400658648386e-08,-2.598360038839528e-08,-5.288363547420772e-08,1.187669352622087e-07,-3.7564874110293525e-07,1.9225065872903937e-07,2.2394252148131175e-07,1.0772481368199767e-07,5.057484077284753e-08,3.787702329885142e-08,2.731063123036751e-08,4.507207347377795e-09,-8.526613458195607e-09,-3.911086776653364e-07,2.52707603390125e-07,5.197723235542059e-07,2.6192653406591965e-08,3.582325372257683e-08,4.894341351016633e-08,1.681372496120438e-08,3.6731614146904574e-08,-3.080195305070375e-08,-1.8784797032189343e-07,3.0153575403141337e-07,2.408709669366425e-07,1.5345540135914117e-07,9.278495993017072e-09,-2.2488615380493622e-08,2.808904148916397e-08,-5.309717825528957e-09,4.537209058882837e-08,-3.9081776888078843e-07,1.153640862428368e-07,2.2337040265395824e-07,3.587989760669074e-08,-3.304083575044279e-08,3.9178488174379836e-08,5.879245900079394e-10,-5.0954587473720116e-08,1.9361278763437166e-07,-4.1091364466839624e-07,3.021562141936524e-07,3.761322755795458e-08,-5.3370426175835845e-08,-7.056211912525915e-08,-2.4770767252709503e-08,2.2153841944635664e-08,-7.630827264513017e-09,2.0178471355773112e-07,-7.47403002653504e-08,4.149977548890743e-08,8.16180575031288e-09,-4.8963018396777416e-08,-5.067292909889972e-08,2.0323915674764045e-08,4.53384221825773e-09,1.0800077606907927e-08,-7.833046751288839e-08,3.540245607980364e-07,6.091176674029624e-09,-1.4510335345779387e-07,-9.178758171886673e-10,3.1982487706665007e-09,-3.629968553855515e-09
L8treat_p2,-1.7333706161273098e-08,-3.4218093139748904e-08,-1.746012173882681e-07,-2.0594951775119054e-07,4.849788705268802e-07,2.504341594881342e-07,1.518656088918387e-07,-1.237976130055558e-08,-9.9429107724262e-08,-8.078983054377524e-08,3.7326026216861744e-08,-6.834557133859271e-08,2.2826908905794192e-07,1.597144991730328e-07,2.6420803033473404e-07,1.9418402024062473e-07,7.481186266231814e-08,9.288119433279804e-09,-1.3707727880004904e-07,-9.048472383308501e-08,-2.2732692188996215e-07,3.4850261185606794e-08,1.4746586456231978e-07,2.61926534065921e-08,3.6590340748143107e-07,9.94873894668773e-08,1.268082082059127e-08,-1.4170844604715768e-07,-1.2049653299661115e-07,-1.4722332943357403e-08,-2.3724834935463507e-08,4.05069396738917e-07,2.21988585119194e-07,2.484848821718351e-07,1.2759016888857054e-07,1.234006536615556e-07,-1.96759120557087e-07,-1.69521241362693e-07,-1.9029711023691006e-07,-1.276045404940414e-07,2.5764833342289827e-07,1.2284737110368505e-07,3.5688008571477817e-07,2.3633824498206333e-07,8.234701102566854e-08,-4.861554827104143e-08,-9.956978341551486e-08,-1.569026280559759e-07,1.6614823542778252e-07,1.3316765100925682e-07,9.052506598451493e-08,6.687913431110818e-08,1.1234276223587404e-07,-4.184050580380343e-08,-3.588165842039279e-08,-1.3346646946551005e-08,-3.230834191291955e-08,-7.925639003085726e-08,1.542003389648818e-07,2.5487788166844633e-07,1.4402477716661837e-07,9.052209162499421e-08,-2.8351299944500446e-08,7.754242826842576e-08,-1.8734674459486506e-08,-7.735353257209073e-08,1.1743273778766415e-07,-4.1450989062880766e-07,-2.2686721535234424e-07,-2.88033224588801e-07,-1.5828200151304742e-07,-2.4665150063417576e-08
L8treat_p3,-6.73260679562559e-09,-1.3103344185552983e-08,-2.8444298123102787e-09,-1.3205540617680737e-07,1.2487934427876886e-07,1.0944178116859224e-07,1.0315243112421705e-08,2.198572135041991e-08,-2.872267428912521e-08,-4.9634409292850664e-08,1.9880470233363196e-08,5.2932367905536145e-08,4.484393934443319e-09,8.670314697193995e-08,1.18585381182663e-07,1.075083625378092e-08,4.314806659409354e-08,1.3686640647082239e-08,-4.7607007805983523e-08,-1.920043758671281e-08,-3.706794485713623e-08,-1.3020845895738484e-07,1.1145261457744634e-07,3.5823253722576564e-08,9.948738946687737e-08,9.246087230274056e-08,1.8978008399374402e-08,-6.462387323291652e-08,-1.8087788557247195e-08,7.751944128114631e-08,-1.175905650898071e-07,1.0853426827348045e-07,8.489309799480568e-08,7.743739875876758e-08,7.548586953038284e-08,3.3756642535973724e-08,-7.94572368039036e-08,-1.685703801312107e-08,-2.7350278330347125e-09,-1.4877499431547992e-07,1.224223030267882e-07,1.5896678440122598e-08,8.068507594972584e-08,1.198477243720336e-07,4.7983933362192086e-08,-1.638673990551897e-08,-4.371743956030324e-09,-5.2809068196874923e-08,2.976710388525271e-09,3.337863447086531e-08,5.752424140755477e-08,2.2209303466735957e-08,8.247512221654967e-08,-4.129489137857995e-08,-6.006028681656324e-09,4.22877643314479e-09,2.124468070931397e-08,-6.945108415274726e-08,4.9911054779803294e-08,9.30028045712927e-08,3.626607460789934e-09,6.510533371807569e-08,-2.0106481684928797e-08,3.79267048570064e-08,-2.829287571958978e-08,-2.9522585797010367e-08,6.997486096308956e-08,-1.6059389836000111e-07,-1.001934213493013e-07,-7.534275510634452e-08,-8.157312417418456e-08,-4.0957531208426045e-09
L8treat_p4,2.143312620481874e-10,-1.0852180465215727e-09,2.6491793206384356e-08,-4.146099552345653e-08,-4.5379667510984434e-08,-2.5991212030650297e-08,-1.3926829580869756e-08,5.753285760915128e-09,3.1643699324128435e-08,4.087929775872277e-09,-1.0703979676207612e-08,9.658773875035284e-09,-3.503499983561144e-08,4.3739786117093435e-08,1.4988036518657606e-08,8.06628456771632e-09,5.179264947708678e-09,2.4855223150405567e-08,-1.486710436245482e-10,3.6731814421534416e-09,2.3837420056732505e-08,-9.130729029895451e-09,-1.7394126647004615e-08,4.8943413510166296e-08,1.2680820820590743e-08,1.8978008399374214e-08,5.681433181320112e-08,-3.1281387748175475e-09,1.4197796597314363e-09,-1.810015905736592e-08,6.204779304252721e-08,-2.1233829446061336e-08,2.3032678872538633e-08,3.118599308614054e-08,-1.6409352637140191e-09,1.0918903077071762e-08,-1.3248083677651938e-08,9.307643523015295e-09,9.613777402532894e-10,3.060457312923881e-08,-3.736223484517935e-08,1.2383757884561614e-08,-1.707484126007967e-08,4.908118945589349e-09,3.907681612895151e-08,-1.060227474737561e-08,-5.106508585911752e-09,1.5363652525571476e-08,-5.547578722619012e-08,-6.379727528689438e-08,-7.315836784032093e-08,1.4086506670522931e-08,-2.4772447297433256e-08,-1.569911565259621e-09,1.6675046505944545e-08,1.6834837152345518e-09,5.0681265238222846e-08,1.2076952042651713e-09,-1.0201288924928947e-07,-1.2144469981602572e-08,-6.116103975472918e-09,-1.904251258911074e-08,2.5669441240186513e-08,9.685958185018258e-09,1.2976834249954334e-09,-3.7725355614453955e-09,-1.7782425274449445e-08,9.46907457827351e-08,1.8324564910437685e-08,1.2975417208427122e-08,7.872310823207509e-09,-1.4107952603022431e-08
L12treat_m4,1.7849076204825306e-08,1.695447778536624e-08,8.082055342151631e-08,1.1779436569594059e-07,-2.371044832724209e-07,-1.421824690081181e-07,-2.679695101309942e-08,7.400191740036427e-09,5.520683445923465e-08,6.940149964248232e-08,-4.535920620475831e-08,1.000789931220338e-09,-1.1363865539979133e-07,-5.990882353192501e-08,-1.6781699412168174e-07,-4.277588128315289e-08,-4.3293667779730945e-08,-1.782506940483649e-08,9.208736689532056e-08,2.933209320517151e-08,8.925275970328567e-08,4.116805541667826e-09,-7.701763958092226e-08,1.681372496120424e-08,-1.4170844604715736e-07,-6.462387323291644e-08,-3.128138774817524e-09,1.1766314959276834e-07,5.428434608292975e-08,-7.557586311152085e-08,4.415212033380358e-08,-1.1826941883806565e-07,-7.330931722189343e-08,-9.640392708149199e-08,-8.439008487675063e-08,-7.406586494447937e-08,1.2821067908227007e-07,6.771072450831092e-08,6.554587545915851e-08,4.560262795568976e-08,-1.6724385115790327e-07,-1.3194055064215144e-08,-1.331295332326575e-07,-1.504057286213891e-07,-4.1296662694909305e-08,4.3128896445903576e-08,3.276623974441146e-08,1.4258426906335144e-07,-1.2171572405308097e-07,-4.525328768865153e-08,-8.412449720357117e-08,-2.3635227570739637e-08,-1.0201069698927337e-07,3.203821096442857e-08,3.851113948113424e-08,1.3186130137428247e-08,5.4199185156861685e-08,5.6974984125004574e-08,-9.228167247472255e-08,-1.166517733953607e-07,-3.4180589321313007e-08,-7.731283921905344e-08,1.2972526787721402e-08,-6.055326156199802e-08,2.6857780644911878e-08,2.6327525156439107e-08,-2.772331969077077e-08,2.4990198580871814e-07,1.0508907396614166e-07,1.0941968702387446e-07,9.801161153903492e-08,1.228962268491174e-08
L12treat_m3,2.042664341748343e-09,2.252927112427154e-08,1.1412223889943374e-07,1.50914832250361e-09,-2.4650657279703133e-07,-1.0103910088506727e-07,-3.633548030091492e-08,1.6300339505658823e-08,4.558225162948597e-08,2.8475143071480774e-08,-1.6237594355604445e-08,2.4825275854673314e-08,-1.9717639383476906e-07,-5.3668730512508834e-09,-8.697780323736365e-08,-5.530777438851919e-08,-1.906586179247818e-08,9.025721179338416e-09,6.291376232288275e-08,5.6993176746361125e-08,8.218373355398263e-08,-9.952033540993326e-08,-3.1668065418302066e-08,3.6731614146905236e-08,-1.204965329966101e-07,-1.8087788557246272e-08,1.4197796597316229e-09,5.42843460829298e-08,8.6508709814415e-08,-2.744560297986366e-08,-6.017608330448432e-08,-1.5417276569221733e-07,-2.6096598816528008e-08,-5.103962612823339e-08,-2.632735364813145e-08,-5.376861285992112e-08,7.552926636325504e-08,9.581689115974351e-08,4.680020860750544e-08,-3.240635894888189e-08,-1.0702855476778557e-07,-6.901154410689392e-09,-1.2038389957277094e-07,-8.8594850685434e-08,-1.4666652837565339e-08,2.4465158481072937e-08,2.7307403949172624e-08,3.365789423326327e-08,-1.3236903274695378e-07,-5.623093231481241e-08,-4.1858997901513954e-08,-1.8097381863785547e-08,-5.00570597130687e-08,3.646750386166083e-09,1.636948073067062e-08,2.418347888237853e-08,5.644368157463326e-08,-1.8670390390390362e-09,-7.342199361508763e-08,-1.1249086880198246e-07,-4.5041709718719404e-08,-2.6729879219769368e-08,9.63122229167558e-09,-2.6883118535043926e-08,-1.0579434669601779e-08,4.837362160773337e-08,7.622467419478157e-09,2.117206665007525e-07,7.672232090430947e-08,1.038061508024586e-07,6.18206306854519e-08,1.6540842846834267e-08
L12treat_m2,3.380669475752173e-09,-2.7635993147311055e-08,1.377710088848774e-07,-1.7702626570856481e-07,-4.1655474619368535e-09,1.3252368438847175e-07,-1.0228015628607387e-07,5.614648363821488e-08,-6.879546707887498e-08,-5.037462212470607e-08,5.939339031019883e-08,3.2068487724207285e-07,-4.5811960767174946e-08,-4.607116207813363e-08,5.599132247181061e-08,-1.22956192321176e-07,8.839299659366827e-09,-3.255205273463671e-08,-3.3746555389140765e-08,-1.8561730932816483e-09,2.498569582616664e-07,-2.529948966694849e-07,4.4315230584757034e-08,-3.080195305070209e-08,-1.4722332943356473e-08,7.751944128114493e-08,-1.8100159057365195e-08,-7.557586311152059e-08,-2.7445602979866224e-08,4.975876956828247e-07,-3.4036224569252996e-07,-6.690339947073093e-08,-4.868232144472729e-08,-5.758483294529761e-08,5.09589417502801e-08,-3.2369071706411346e-08,-4.896939877841682e-08,3.748276096593518e-08,3.4112864560165443e-07,-1.4851781552411265e-07,2.9344244609722535e-08,-9.019108204471162e-08,-6.061996017609023e-08,1.1252004564363161e-07,9.193589042784935e-09,-9.729412659081172e-09,7.582580631392012e-08,1.4869095102991882e-07,-8.244894480478066e-08,2.3307517138273054e-08,1.241548008018427e-07,-2.1565673109445667e-10,1.1883952019673202e-07,-6.003769061086368e-08,-2.2024013521575873e-10,2.3012201048093405e-08,1.0960940772744757e-07,-2.191019561569204e-07,1.2047055141597513e-07,1.1666018393416348e-07,-5.2581747211792194e-08,5.399686256864244e-08,-5.869020106718616e-08,2.6093489297105374e-08,-3.692591805149849e-08,-1.8380555243953176e-07,1.1692616662745708e-07,-1.7225663550813544e-07,-4.5268435354511275e-08,8.364663045627659e-09,-8.137167217640289e-08,9.17192855864855e-09
L12treat_m1,1.2348732871753175e-08,1.209210444729573e-08,-3.435518970069669e-07,7.489820579641778e-07,1.2976615803812833e-07,-1.9228644522065188e-07,-2.7208009215760217e-08,-1.5905274468624385e-07,7.144395721438869e-08,8.765124687118579e-08,-1.9432641873700725e-08,-4.1221253368021027e-07,9.702189001665927e-07,-2.1958255886105277e-07,-1.442958110726849e-07,-1.291595653092963e-08,-1.1840781927396306e-07,7.793884371447929e-09,7.474263584186025e-09,-6.558965748399769e-08,-2.813970858184179e-07,1.0199623577864575e-06,-1.1484596028933128e-07,-1.8784797032189287e-07,-2.372483493546289e-08,-1.1759056508980668e-07,6.204779304252839e-08,4.4152120333803365e-08,-6.017608330448299e-08,-3.403622456925327e-07,1.2312570628294895e-06,-2.30272765976892e-07,-3.229227027909398e-08,-3.6838404273534916e-08,-1.8728768495166864e-07,8.76817530563443e-08,-2.5612480415019763e-08,-8.225670721422161e-08,-3.2130367546482483e-07,7.829382346723144e-07,-8.057035340796653e-08,-1.1153864244514696e-07,-8.611256567178243e-08,-1.0659119169879295e-07,1.4269389589159975e-08,-5.605561038653497e-08,-2.364926133920777e-08,-2.769688697469524e-07,6.047538060409307e-07,-1.294193505292124e-07,-2.9622798182313707e-07,-3.9162023125134805e-08,-1.1088283142313999e-07,6.712504893375169e-08,-2.3551845026548125e-08,-1.1173073735117825e-07,-5.075439954062747e-07,6.871044511081534e-07,-2.703619445892069e-08,-1.6980332933065128e-07,2.6138476664649322e-08,-1.9816846946842945e-07,1.439238120006104e-07,3.592156428357314e-08,1.0339108167886042e-07,2.734800033302425e-07,-7.900263938639234e-07,-2.340512304669415e-08,1.0189241844751799e-07,2.3488958905488783e-09,8.740196723079677e-08,-7.60549004311883e-08
L12treat_p0,9.592603191862987e-09,-3.789026251526339e-08,-3.500343280277824e-07,-3.445140097658817e-07,1.3528404460180881e-06,5.206629923782779e-07,2.1541207951469088e-07,-9.796931052598747e-08,-1.9699833000402336e-07,-1.5872192764018547e-07,-2.0008474507176768e-08,-1.6599893555504606e-07,3.5127943202334456e-07,4.2997633109018457e-07,5.434746058761433e-07,4.145468796241852e-07,1.888014093143622e-07,5.080203189756639e-08,-1.8406370785747567e-07,-1.4746278316074828e-07,-4.5923728383803605e-07,-1.7636989525105747e-07,7.883093756313879e-07,3.01535754031409e-07,4.0506939673892067e-07,1.08534268273482e-07,-2.1233829446062772e-08,-1.1826941883806911e-07,-1.5417276569222207e-07,-6.690339947072795e-08,-2.3027276597688898e-07,1.404523248890002e-06,3.47345418989832e-07,4.0617700339536574e-07,1.8945329901332962e-07,2.0370588287224955e-07,-2.1201616042832392e-07,-3.1278646467205317e-07,-2.9670329849294607e-07,-5.868026323513907e-07,9.162399065204116e-07,2.4312212723732975e-07,4.892814680873698e-07,2.8998667467811136e-07,6.948271257293461e-08,-4.856190051258692e-08,-2.093415980000385e-07,-1.4257052068455042e-07,7.423734670749593e-08,6.667657975942366e-07,3.1087077112622217e-07,1.0482380926090291e-07,2.192314329050084e-07,-2.557743474052751e-08,-5.8591620528779995e-08,-1.241254155043393e-07,-1.6241039320745817e-07,-7.33901901586241e-08,4.3523596156830356e-07,4.7510529334708e-07,1.8922455932399555e-07,1.959331466106279e-07,-5.336116891096064e-08,6.614225354850429e-08,-3.170875900222442e-08,-2.2509315427912602e-07,5.239845482051835e-07,-1.0706095196917893e-06,-5.124359959501379e-07,-4.7304783773240404e-07,-2.8201473209607226e-07,-4.310504642672782e-08
L12treat_p1,-1.5505261362306794e-09,-1.9926869157557603e-08,-5.913001069914307e-08,-1.8520411546462819e-07,3.3308299451405876e-07,2.060720748212297e-07,1.3145547606198933e-07,-1.4631809398330508e-08,-1.5066255513896007e-08,-4.36640469692746e-08,-1.98435007239451e-08,-8.592587811819735e-08,6.814928982154423e-08,2.268186899790491e-07,2.6410967438960327e-07,1.8240799166019995e-07,4.3571821673967044e-08,3.285879442620841e-08,-4.245216865336274e-08,-6.118308567467134e-08,-1.9035360574105563e-07,-6.107344515828402e-08,2.7567035730822725e-07,2.4087096693664424e-07,2.2198858511919458e-07,8.489309799480642e-08,2.3032678872538805e-08,-7.330931722189318e-08,-2.6096598816528346e-08,-4.868232144472767e-08,-3.2292270279091985e-08,3.4734541898983407e-07,4.3896587849290885e-07,2.4537948182044793e-07,9.193490085099156e-08,6.14946371314732e-08,-1.0716131018528499e-07,-9.807173200881025e-08,-1.5032232483842047e-07,-3.122709715113685e-07,2.330873031942078e-07,2.277290999211841e-07,2.299377085387411e-07,1.0452554165143448e-07,7.95098639060901e-08,-2.3801370503933608e-08,-1.2536702527287172e-07,-1.199142161058413e-07,-3.204249810532936e-08,2.1910966623928457e-07,6.081699696308013e-08,3.027979952377564e-08,3.808857673209649e-08,-4.8694170209992915e-08,-1.7467470925683796e-08,-1.7841850612431096e-08,-2.8050126659701642e-08,7.23600243519474e-08,1.9730412575449863e-07,1.37951071518934e-07,8.38849391695612e-08,4.359699317470476e-09,1.5119318566270195e-08,5.979817642364399e-08,1.6921439086175915e-08,1.1095138319714087e-08,1.2394128647640324e-07,-2.3600910246006052e-07,-2.3188526614592988e-07,-1.783583871833223e-07,-8.571057602104383e-08,-1.6438429799914648e-08
L12treat_p2,-8.057538825712987e-09,-2.21599007778511e-09,-1.0278536161938824e-07,-2.5208371528796933e-07,3.9360703031692173e-07,1.770363971719377e-07,1.2750091869493438e-07,-4.376189286689598e-08,-7.519206612132522e-08,-7.349961653122873e-08,1.481058845455427e-08,-6.960765155638029e-08,3.486241760852634e-08,2.2216023751450336e-07,2.4876814739446973e-07,2.123624613214527e-07,7.356792077944527e-08,3.785427108825487e-08,-9.098376011903433e-08,-3.73443182399817e-08,-2.0889614887522792e-07,-8.055058745621543e-08,1.9692137454143905e-07,1.5345540135914088e-07,2.484848821718355e-07,7.743739875876809e-08,3.118599308614075e-08,-9.640392708149224e-08,-5.103962612823363e-08,-5.7584832945296156e-08,-3.683840427353554e-08,4.06177003395363e-07,2.4537948182044724e-07,2.883607299218097e-07,1.0903544557215328e-07,9.670331406029267e-08,-1.3307725653883971e-07,-1.17517486197458e-07,-1.8297137655362808e-07,-2.8699304514214207e-07,3.140681064011428e-07,1.7259232197674507e-07,2.858289699887246e-07,1.600708203382545e-07,7.920890890861557e-08,-2.6895920485764414e-08,-9.965253028977846e-08,-1.5508877500339094e-07,1.5396273519129085e-08,2.141031206334267e-07,5.8723009861351644e-08,2.3803306897175408e-08,6.066747539948971e-08,-4.6438605446120216e-08,-2.909649344204974e-08,-1.7714003379660856e-08,-1.9464096328566233e-08,-3.056579490332021e-08,1.2166410600706514e-07,1.336629450303327e-07,9.215074914788473e-08,5.397793755677196e-08,-3.748684247247137e-09,4.9977037072891936e-08,-2.6191745116819123e-08,-6.738007294872532e-08,2.0544251134406428e-07,-3.175430781742533e-07,-2.0366837259416727e-07,-2.11350334911306e-07,-1.1336149593569032e-07,-1.592604975662717e-08
L12treat_p3,-1.12496861932529e-08,-8.895034768463303e-09,-3.33573433709809e-08,-1.7667220114054868e-07,2.1044238113262676e-07,1.2692265446321507e-07,5.0108864732643165e-08,1.4376696704894919e-08,-5.333195354320232e-08,-6.203640218044503e-08,2.710246123635008e-08,1.2531455722126244e-08,-2.070720852542304e-08,1.1391199635818921e-07,1.5108678982034083e-07,6.27306863867401e-08,5.7719074174009267e-08,1.79955540674591e-08,-6.730575656025616e-08,-1.5866380566114305e-08,-7.414244385921445e-08,-1.336194434056805e-07,1.2388199134152855e-07,9.278495993017067e-09,1.275901688885712e-07,7.548586953038238e-08,-1.6409352637140719e-09,-8.439008487675106e-08,-2.632735364813203e-08,5.0958941750280474e-08,-1.8728768495166835e-07,1.8945329901333004e-07,9.193490085099144e-08,1.0903544557215332e-07,1.0667996765544979e-07,5.013078956845992e-08,-9.394144257740125e-08,-4.605814959620729e-08,-5.114298645001944e-08,-1.8348253887636559e-07,1.8547891296084425e-07,4.634766840767229e-08,1.4116510966876997e-07,1.3708633850194293e-07,3.688442027167948e-08,-1.619831584762947e-08,-3.4845006451383574e-08,-1.0852655350031545e-07,2.957763970532666e-08,6.868195465688764e-08,9.924522683861057e-08,3.5707880077324314e-08,9.55038689222316e-08,-3.5240916387560544e-08,-2.228143982514466e-08,3.963675221109936e-09,1.1060601235357763e-08,-1.0119414074848603e-07,7.711074079542537e-08,1.1878438476620261e-07,4.000363881129748e-08,9.74001520308983e-08,-3.0670538266586086e-08,3.665204425649733e-08,-3.6184350893626464e-08,-4.4193434151579296e-08,1.348372646482023e-07,-2.1439399124537144e-07,-1.1617174647785095e-07,-1.1087568204898811e-07,-9.735949041045743e-08,1.1669104755795351e-09
L12treat_p4,-1.2794147219302181e-08,-1.1984380414786107e-08,-1.4593487837698779e-07,-4.8483376295326804e-08,3.556432076842486e-07,1.2528332095102392e-07,3.320326732270863e-08,-2.833489371968456e-08,-4.35226834055873e-08,-5.026926635797613e-08,3.381246680769074e-08,-8.08234166893137e-08,1.9921048941952806e-07,3.583492620922428e-08,1.6106564603352552e-07,7.791506195695672e-08,3.677425511956274e-08,2.177660351036215e-08,-7.743389224523094e-08,-3.5407360344057533e-08,-1.523628727348979e-07,1.1991785454701015e-07,1.1059445951468098e-07,-2.2488615380493864e-08,1.2340065366155554e-07,3.3756642535973684e-08,1.0918903077071783e-08,-7.406586494447962e-08,-5.376861285992155e-08,-3.2369071706411465e-08,8.768175305634267e-08,2.0370588287224507e-07,6.149463713147306e-08,9.670331406029281e-08,5.013078956845959e-08,1.0911473664532939e-07,-1.0034914358976033e-07,-8.182168504015856e-08,-1.4892782787374154e-07,2.427818107911581e-08,2.0389210012297868e-07,-5.985972110743636e-10,1.2609869354926544e-07,1.1587247214217433e-07,3.379746615226436e-08,-3.816135648988973e-08,-4.930722047491239e-08,-1.525630911642145e-07,1.4248465944977442e-07,6.387549866442e-08,5.861261487375493e-08,9.794052838804363e-09,7.077340724887088e-08,-2.516421677808968e-09,-3.395154433749301e-08,-3.6067349462169575e-08,-1.2386495202162495e-07,-1.9075760215868138e-08,9.903035082541883e-08,1.0041238549390436e-07,4.061274259076326e-08,5.5722605388486935e-08,1.0036104570492295e-08,4.2451755751112336e-08,-2.016623759098042e-08,1.0941948525571623e-09,6.488805583003003e-09,-2.71469939617227e-07,-9.733810012724342e-08,-1.174551824540911e-07,-8.203992287481432e-08,-2.9162372801647227e-08
L16treat_m4,1.4401081125773244e-08,2.4754501749874045e-08,1.4955747797222598e-07,1.1032037373988487e-07,-3.8316070237278593e-07,-1.830763259072108e-07,-4.550709055581216e-08,1.922001152327838e-08,6.628280936320955e-08,7.013382473326161e-08,-4.6237108145683804e-08,5.1292951107681355e-08,-2.49741212601505e-07,-8.59845597578453e-08,-1.956549722655694e-07,-6.820342163521152e-08,-4.83340771664517e-08,-2.2691433470213225e-08,1.116911831432239e-07,5.7798372780776414e-08,1.6159598453549013e-07,-5.4174084798190896e-08,-1.220555589734393e-07,2.8089041489164142e-08,-1.9675912055708736e-07,-7.94572368039038e-08,-1.3248083677651877e-08,1.2821067908227033e-07,7.55292663632553e-08,-4.896939877841697e-08,-2.5612480415019134e-08,-2.120161604283203e-07,-1.071613101852856e-07,-1.3307725653884e-07,-9.394144257740096e-08,-1.0034914358976037e-07,1.6865101451924935e-07,1.0738792096357243e-07,1.26356347639925e-07,4.8406143441839946e-08,-2.135394715870321e-07,-2.6534566662986263e-08,-1.7586375244916743e-07,-1.7939343101568978e-07,-6.048055620446026e-08,5.394521354240634e-08,5.30432567523019e-08,1.7875891207713838e-07,-2.122202530744254e-07,-4.560521582174903e-08,-7.566635757510115e-08,-4.3765944805674855e-08,-1.2021479709462867e-07,2.906627297432175e-08,3.998932030762003e-08,3.045327096488146e-08,9.709670228552476e-08,3.3706617366518904e-08,-1.232320224086826e-07,-1.5969885608223143e-07,-5.7737970072131586e-08,-8.496125329816732e-08,1.1763615923182786e-08,-7.623372435753808e-08,2.1906453706735274e-08,2.5175458939877134e-08,5.750280527710033e-09,3.450034558248558e-07,1.4430137589721703e-07,1.6142547397866274e-07,1.2036829318336849e-07,2.3577845342915735e-08
L16treat_m3,-3.29991248958783e-09,2.243176900494776e-08,1.814730689561337e-07,2.4838225642927864e-08,-4.322236230519958e-07,-1.5501261357835376e-07,-9.127724873592053e-08,3.809748895507926e-08,6.378288455632465e-08,3.3997897637552383e-08,-1.4968539365215846e-08,9.118470975054674e-08,-2.44902994619422e-07,-5.2068472683499425e-08,-1.5347635462632986e-07,-1.213092992853813e-07,-3.469612604414371e-08,-2.577754162525244e-10,8.655272140051696e-08,7.948476351194858e-08,1.8681266736592409e-07,-1.1319584099184474e-07,-1.2651974396885592e-07,-5.309717825529477e-09,-1.6952124136269226e-07,-1.6857038013120483e-08,9.307643523015632e-09,6.771072450831144e-08,9.581689115974171e-08,3.748276096593557e-08,-8.225670721422173e-08,-3.127864646720503e-07,-9.807173200881065e-08,-1.1751748619745825e-07,-4.6058149596207055e-08,-8.182168504015831e-08,1.0738792096357236e-07,1.6099755774080388e-07,1.361205670100012e-07,5.284004998157695e-08,-1.9936129134178942e-07,-7.169446533764728e-08,-2.0799445610163981e-07,-1.0544162261482149e-07,-1.861899617858968e-08,2.8294105145784742e-08,6.978075424300838e-08,8.569356414464449e-08,-1.8807723055488298e-07,-1.4713663185231014e-07,-8.567754787930145e-08,-3.468045165878638e-08,-6.3165172231722e-08,-4.298866451527343e-09,2.7531678220160957e-08,4.430496662166345e-08,9.496426448566646e-08,-3.357567108159558e-08,-1.5029047426592896e-07,-1.5065440134573528e-07,-8.04320295688745e-08,-4.275121167420198e-08,8.92699432198281e-09,-3.263688332597005e-08,-1.9010489449685626e-08,6.450002691694182e-08,-4.643211351689957e-08,3.168554825079998e-07,1.437265639620073e-07,1.6600134132782316e-07,8.35915870677209e-08,2.085859755944623e-08
L16treat_m2,2.204292534882457e-08,2.255489239887972e-09,3.02201465313472e-07,-2.1142544138864848e-08,-5.020692533174342e-07,-1.0908995157751429e-07,-1.071057487362159e-07,8.077614974613097e-08,3.513007945513905e-08,3.490786964919614e-08,-1.4735078366886371e-08,3.412208823090448e-07,-3.827456322614464e-07,-1.0248872859418707e-07,-1.5582277367459266e-07,-1.704424061550906e-07,-3.0126570860780124e-08,-4.4093807434694945e-08,7.901092396820528e-08,5.905827353034247e-08,4.141921029086541e-07,-3.3429328502511317e-07,-1.1459591910732694e-07,4.5372090588828115e-08,-1.9029711023691202e-07,-2.735027833036029e-09,9.613777402538869e-10,6.554587545915904e-08,4.680020860750321e-08,3.411286456016532e-07,-3.2130367546482314e-07,-2.967032984929455e-07,-1.5032232483842217e-07,-1.8297137655363134e-07,-5.114298645001892e-08,-1.4892782787374215e-07,1.2635634763992504e-07,1.3612056700999954e-07,4.736580830503135e-07,-4.021457161717182e-08,-2.938403592964042e-07,-7.693039936400954e-08,-2.056908083120454e-07,-8.592798396971126e-08,-3.948355150513155e-08,4.5180822075620536e-08,1.2799866861523764e-07,3.8491589338867924e-07,-3.614831717285864e-07,-7.834041425025888e-08,-1.068280927645171e-08,-9.615740504554243e-09,-4.9724794043766924e-08,-1.7846484960575456e-08,6.061825654577907e-08,6.189432882095677e-08,2.791432618701215e-07,-1.1419373102828874e-07,-1.7081734580411677e-07,-5.0516837762638475e-08,-8.304048958783718e-08,-4.9666898937181305e-08,-3.1421061576212165e-08,-5.5279302767059026e-08,-4.765552752403043e-10,-1.7547174408183402e-07,1.0688739369997062e-07,3.548984569363277e-07,1.2630434667708394e-07,1.7960455735312206e-07,6.898896083137816e-08,3.5186212041460955e-08
L16treat_m1,-3.177015360408888e-08,3.794086659197973e-11,-1.238723038323858e-07,6.709731443226069e-07,-3.567772386101637e-07,-2.8056083956489256e-07,-1.0515484447578248e-07,-1.8238065813541905e-08,1.0449834058254032e-07,9.74276356344834e-08,1.9729812177560256e-08,-1.9610732130494822e-07,5.15534899101999e-07,-3.3863678312854656e-07,-2.7835277383812915e-07,-1.8140070001114218e-07,-1.1560471826650406e-07,-2.7331750846606558e-08,2.758300393884549e-08,1.7082234053884317e-08,8.73333946521754e-08,8.157391734419662e-07,-3.7740863439716476e-07,-3.9081776888078875e-07,-1.276045404940418e-07,-1.487749943154801e-07,3.060457312923987e-08,4.5602627955690716e-08,-3.2406358948880785e-08,-1.485178155241142e-07,7.829382346723069e-07,-5.868026323513899e-07,-3.1227097151137285e-07,-2.8699304514214154e-07,-1.8348253887636657e-07,2.427818107911634e-08,4.8406143441840496e-08,5.284004998157638e-08,-4.021457161717137e-08,1.174514330866121e-06,-5.032132968597146e-07,-2.702954712506612e-07,-2.2986535434906025e-07,-1.3111517861460452e-07,-4.20942084373125e-08,-4.428331734868575e-08,6.540155028438971e-08,-9.108020647657394e-08,3.59356420023898e-07,-4.488881908163193e-07,-2.5614103388675827e-07,1.637057728485655e-08,-1.220025115296906e-07,1.0549458071115588e-07,-7.889714178581063e-09,-2.8486269073209776e-08,-2.6763363539708357e-07,3.5092995559389204e-07,-2.88424083785903e-07,-1.337560036748159e-07,2.6671133299566685e-08,-1.296640680633042e-07,1.0237011931654498e-07,1.760742382209003e-09,5.6777064341091406e-08,1.9469850866632228e-07,-7.169485522644481e-07,3.9656894059076496e-07,2.9856634134033124e-07,1.454037729130397e-07,1.3617649712599765e-07,-4.531188244785126e-08
L16treat_p0,-4.125083357986077e-09,-1.3501818236795481e-08,-3.330003181634599e-07,-2.1965442434021332e-07,1.0970077177713819e-06,4.3247857217873817e-07,8.75255500765605e-08,-1.1013382042921635e-07,-1.8253944877239323e-07,-1.926896680406518e-07,4.307964702253073e-08,-1.427726925554153e-07,4.4007241436658344e-07,2.95151240341975e-07,4.7465478200663816e-07,2.5270179162579304e-07,1.4152239873873158e-07,5.999819317469683e-08,-1.747809295826478e-07,-8.101773295320763e-08,-4.1436448976733513e-07,-2.537336841474182e-08,6.062465374347222e-07,1.1536408624283653e-07,2.576483334228962e-07,1.224223030267883e-07,-3.736223484517968e-08,-1.6724385115790282e-07,-1.0702855476778778e-07,2.9344244609723832e-08,-8.05703534079659e-08,9.162399065203975e-07,2.3308730319420566e-07,3.1406810640114265e-07,1.854789129608417e-07,2.0389210012297833e-07,-2.135394715870313e-07,-1.9936129134178857e-07,-2.938403592964011e-07,-5.032132968597134e-07,1.0066291413369122e-06,8.602360021922186e-08,3.3449760811407055e-07,3.0860002678033046e-07,5.3320586275225435e-08,-6.288298005420413e-08,-1.2517994598190714e-07,-3.58566785282966e-07,2.796021594776633e-07,5.522987388602754e-07,2.7277155262399053e-07,-1.993338245789814e-09,2.7881497876366955e-07,-7.748648817261845e-08,-9.801966082741107e-08,-1.1418687110871658e-07,-3.1768289494151464e-07,-2.4668709158157174e-09,4.543135296432058e-07,2.7789385201846395e-07,5.3021617272273364e-08,2.0570193098401862e-07,-4.134416219904237e-08,9.04084595137808e-08,-6.915871909927677e-08,-4.104474447427482e-08,2.6300243336984793e-07,-1.0876009360200168e-06,-4.0044135811193033e-07,-3.338159771249581e-07,-2.810714057609462e-07,-3.757590544478957e-08
L16treat_p1,1.7582995183579108e-09,-4.333451745959866e-09,6.997864305704994e-09,-1.6290414345072363e-07,1.4246917655485534e-07,1.0271882667306767e-07,1.2230904200298156e-07,-8.703275910136396e-09,-2.5674072843403414e-09,-6.095371835929745e-09,-2.4298361521967096e-08,-5.419477716373415e-08,-1.3791043118181128e-07,1.592238981652312e-07,1.3793169078665144e-07,1.544879194949108e-07,3.3714317530149324e-08,2.0933290558679932e-08,-6.984060946733285e-09,-1.561828296654905e-08,-9.664561776453595e-08,-1.248975162853495e-07,1.2257842438690184e-07,2.2337040265395578e-07,1.2284737110368436e-07,1.5896678440122535e-08,1.2383757884561595e-08,-1.3194055064214957e-08,-6.901154410689809e-09,-9.019108204471272e-08,-1.1153864244514938e-07,2.431221272373312e-07,2.2772909992117936e-07,1.7259232197674462e-07,4.634766840767183e-08,-5.985972110746239e-10,-2.653456666298608e-08,-7.169446533764709e-08,-7.693039936400927e-08,-2.702954712506622e-07,8.602360021922135e-08,2.510466533578381e-07,1.7304650854172417e-07,2.2100024544377603e-08,2.491277755620583e-08,2.0833241651745108e-09,-8.600959256639353e-08,1.1613121761942368e-08,-9.963585450553377e-08,1.875128615945664e-07,2.3939015237632147e-08,1.6059546464676655e-09,-4.563995713214947e-08,-4.577457721890737e-09,-2.2691136038024034e-09,7.77817840592482e-09,9.99464934805496e-08,-1.012411869548077e-08,5.122890868642581e-08,4.5437266427386545e-08,6.835502545361325e-08,-4.462965935465598e-09,-7.678356566682405e-11,1.0345767029787104e-08,2.1720959871720513e-08,-4.399823427779453e-08,2.0598606469665222e-07,-3.483238557255944e-08,-1.1362873924619134e-07,-8.293655603896092e-08,-1.5799785582138537e-08,4.128501042163041e-09
L16treat_p2,-8.193028302454447e-09,-9.081590796130376e-09,-2.0075686453231583e-07,-2.102449497268657e-07,5.365724286954471e-07,2.383404571471314e-07,2.2156675866603184e-07,-2.349272538372787e-08,-1.2836288561818818e-07,-9.04952706564622e-08,4.957238744416714e-08,-8.458350136699966e-08,1.0924047820777356e-07,1.4753982608799414e-07,2.862444922990481e-07,2.5415859182385407e-07,8.776922621970748e-08,-4.10654488849919e-09,-1.4772804590966986e-07,-7.373797988427495e-08,-2.6792164944819523e-07,-9.952421630967563e-09,1.6544598930521474e-07,3.5879897606690344e-08,3.568800857147788e-07,8.068507594972642e-08,-1.7074841260079353e-08,-1.331295332326578e-07,-1.2038389957277136e-07,-6.06199601760908e-08,-8.611256567178216e-08,4.892814680873649e-07,2.2993770853873998e-07,2.8582896998872454e-07,1.4116510966876976e-07,1.260986935492656e-07,-1.758637524491673e-07,-2.079944561016402e-07,-2.056908083120461e-07,-2.2986535434906017e-07,3.3449760811407055e-07,1.7304650854172404e-07,4.721157730557685e-07,2.387329790405561e-07,4.9252937147956606e-08,-2.957538417401687e-08,-1.0402025567033686e-07,-1.5575367014515635e-07,1.2965209894842376e-07,2.4659504128678774e-07,1.5823040392817226e-07,4.891535627539041e-08,1.0970047347771985e-07,-3.5400442573189824e-08,-4.3203150982707265e-08,-6.053701825817589e-09,-3.890013577217957e-08,-4.783588361314986e-08,1.6366054454448576e-07,2.5762541382186743e-07,1.7169826426943627e-07,1.155201171510217e-07,-4.1350177048898156e-08,5.075945433273953e-08,-2.1945870628736286e-08,-1.4166155197805394e-07,2.390053137455908e-07,-4.3185968447121806e-07,-2.6776647413637563e-07,-3.2042965177298895e-07,-1.716615803917234e-07,-1.288644980128774e-08
L16treat_p3,-1.6533235985366003e-08,-2.385591335272196e-08,-1.3449580107534838e-07,-1.6645854116716145e-07,4.360679359913957e-07,2.362158366909951e-07,5.856090294664035e-08,-2.3004910812133165e-10,-1.0661114154427728e-07,-1.027581965147421e-07,6.666325894502174e-08,1.383817288485411e-08,1.8698969388777873e-07,1.0886315744906683e-07,2.6079319701656823e-07,7.976400331514705e-08,7.88638128428718e-08,8.083467917687614e-09,-1.3510794338680355e-07,-4.919688284495204e-08,-1.4955738286735552e-07,-3.829532500888053e-08,1.9496353737276272e-07,-3.304083575044238e-08,2.3633824498206317e-07,1.19847724372033e-07,4.908118945589471e-09,-1.5040572862138903e-07,-8.859485068543464e-08,1.125200456436324e-07,-1.0659119169879248e-07,2.89986674678104e-07,1.045255416514337e-07,1.6007082033825402e-07,1.3708633850194222e-07,1.158724721421741e-07,-1.7939343101568925e-07,-1.054416226148215e-07,-8.592798396971012e-08,-1.3111517861460203e-07,3.086000267803295e-07,2.210002454437796e-08,2.3873297904055496e-07,2.66200750411551e-07,6.196858749894063e-08,-4.609825903670093e-08,-3.859786178898758e-08,-1.8738537623978893e-07,1.4864962106141052e-07,1.3120985574065612e-07,1.421330209062208e-07,2.9170507796109884e-08,1.662126895795561e-07,-5.4550152119875005e-08,-4.381278386779018e-08,-1.572994361179293e-08,-7.581590837336437e-08,-1.1018432222738915e-07,1.5722355453661e-07,2.0880044714031688e-07,6.796079585823896e-08,1.3836150313927567e-07,-3.626516287253421e-08,7.355126267731738e-08,-5.1305547540126296e-08,-7.811208979814342e-08,1.0902179290381372e-07,-4.5151467433207367e-07,-1.9004299427835192e-07,-2.0058862476062784e-07,-1.7484467888342775e-07,-1.5606268791775155e-08
L16treat_p4,-3.900165263739384e-09,-7.836927496752351e-09,-1.3031600408303878e-08,-9.109003680372275e-08,7.203315114838964e-08,4.6710028264114556e-08,1.0964684799687287e-08,-1.5329198422166298e-09,-3.1489598546119275e-09,-2.070053392087736e-08,1.841474455021838e-09,-1.2341311131320916e-09,3.126989933921081e-08,8.590954540816528e-08,7.213993525702225e-08,3.332326757888269e-08,1.9756500472062627e-08,2.3437578986341338e-08,-3.0694831996020696e-08,-1.6196770908948954e-08,-3.2666986807895465e-08,-2.724305779214614e-08,4.37262525031047e-08,3.9178488174379816e-08,8.234701102566845e-08,4.79839333621922e-08,3.907681612895145e-08,-4.129666269490946e-08,-1.4666652837565594e-08,9.193589042784647e-09,1.4269389589158946e-08,6.948271257293448e-08,7.950986390609021e-08,7.920890890861576e-08,3.6884420271679613e-08,3.379746615226425e-08,-6.048055620446028e-08,-1.8618996178589917e-08,-3.94835515051315e-08,-4.209420843731289e-08,5.332058627522647e-08,2.491277755620605e-08,4.92529371479567e-08,6.196858749894079e-08,5.399666453678273e-08,-1.9414177415032272e-08,-2.3695587396130287e-08,-4.93539145997373e-08,7.061567066868222e-10,-1.5247183885998944e-08,-2.128633672847676e-08,2.9246084446222297e-08,2.761129445263535e-08,-2.058693319578656e-08,9.772497244264252e-11,-4.52412552443446e-09,1.349921033124685e-08,-1.6436958740099217e-08,-1.0290514843354301e-08,4.5957127536961644e-08,1.7665017419068877e-08,1.1047874471324534e-08,1.0501244715498044e-08,2.989415325803019e-08,-9.742620714972262e-09,-6.8641319305920716e-09,7.369705807093635e-09,-5.102273232517645e-08,-4.4445436701169234e-08,-5.063076692733603e-08,-3.38838164389974e-08,-1.2518289071382483e-08
F12treat_m4,8.001676779955012e-09,9.391520858690217e-09,5.795263823031023e-08,1.1184431418662943e-08,-1.1974581685588753e-07,-5.281419949343268e-08,3.8983154077410275e-09,1.367480174444563e-08,8.947692493819195e-09,2.3239086243952806e-08,-1.5357531578643815e-08,3.033962981951978e-08,-1.1464443624766833e-07,-8.202066070047983e-09,-6.67070066644846e-08,-1.3359448250473171e-08,-1.1526048618074058e-08,-1.3465857593536975e-08,3.4983773345192086e-08,1.4771757442077982e-08,4.743914757634378e-08,-6.165530466554123e-08,-2.5146695266082628e-08,5.87924590007958e-10,-4.8615548271041356e-08,-1.6386739905518944e-08,-1.060227474737562e-08,4.3128896445903715e-08,2.4465158481072864e-08,-9.729412659081292e-09,-5.60556103865348e-08,-4.856190051258565e-08,-2.38013705039337e-08,-2.6895920485764176e-08,-1.6198315847629538e-08,-3.816135648988978e-08,5.3945213542406405e-08,2.8294105145784725e-08,4.5180822075620364e-08,-4.4283317348686015e-08,-6.288298005420439e-08,2.083324165174554e-09,-2.957538417401681e-08,-4.6098259036701e-08,-1.9414177415032216e-08,3.0334405690040697e-08,1.7848018501864862e-08,5.520527565160244e-08,-7.491474725103174e-08,1.4698747215570467e-09,-6.565195369417083e-09,-6.474737970750471e-09,-3.1282520438996155e-08,1.6274821228194286e-09,1.794371285443504e-08,1.6991303516526118e-08,4.888012582076244e-08,-7.114894249588968e-09,-2.0714023633066668e-08,-4.146893678369314e-08,-9.417467102376128e-09,-1.811934791552432e-08,-8.9039961636719e-09,-3.288210743613676e-08,3.0902368247848665e-09,-1.213490753396565e-08,4.38163495323067e-08,9.794677581044289e-08,3.04834246827299e-08,3.345447361428916e-08,2.9400415204203304e-08,1.3949888274171663e-08
F12treat_m3,3.6078357941929573e-09,1.3247354885548935e-08,8.555042020868287e-08,7.129035986554127e-08,-2.4104045889682923e-07,-8.666063804281354e-08,-6.602321783127483e-08,1.9611198410950538e-08,1.4727102021489773e-08,1.4504579047349299e-08,8.06211083458106e-09,9.449129763074855e-08,-8.186621673431949e-08,-9.35247656274545e-08,-1.0629127071154104e-07,-1.0367432316982951e-07,-2.1465686425019174e-08,-2.3580217051423638e-08,3.1202178391230073e-08,3.315067710212217e-08,1.1728035819307125e-07,-4.996999042662609e-08,-1.0863099640143488e-07,-5.095458747372001e-08,-9.956978341551421e-08,-4.371743956029173e-09,-5.106508585911562e-09,3.276623974441137e-08,2.7307403949171205e-08,7.582580631392072e-08,-2.364926133920767e-08,-2.0934159800003615e-07,-1.2536702527287127e-07,-9.965253028977883e-08,-3.4845006451383e-08,-4.9307220474912014e-08,5.304325675230144e-08,6.97807542430089e-08,1.2799866861523724e-07,6.540155028439072e-08,-1.2517994598190613e-07,-8.600959256639325e-08,-1.0402025567033649e-07,-3.859786178898722e-08,-2.3695587396129913e-08,1.7848018501864713e-08,8.052536400563842e-08,8.611353149444727e-08,-6.0582360215643e-08,-8.182553164487792e-08,-1.7937249826465052e-08,-2.6357879595512517e-08,-1.1929520711786893e-08,-4.9881975802547205e-09,1.669248821205486e-08,2.2305819403231765e-08,3.8431279570803355e-08,-1.5197356416497575e-09,-8.0615423626042e-08,-6.271393798767174e-08,-5.8833118025409625e-08,-1.6994031650535127e-08,-8.256425317834978e-09,-2.4315915291376068e-08,-1.107282476279509e-08,-1.4922792024528212e-08,-4.6583726554265956e-08,1.4485182981490678e-07,7.51258806249431e-08,8.964067663642844e-08,3.57381985824627e-08,1.5424499566828387e-08
F12treat_m2,3.534215724199429e-08,-3.5622312326493515e-09,2.8350448646694887e-07,-9.595559838022363e-08,-4.3579356919494753e-07,-1.1179476671285946e-07,-4.646841297680476e-08,7.213692522929666e-08,7.467262945225102e-08,8.284284698910805e-08,-5.9012895808322314e-08,2.990906488109694e-07,-4.840386143512016e-07,-1.0419551160755189e-07,-1.6777923944369812e-07,-7.665675312765068e-08,-3.450511441649963e-08,-4.811910179387789e-08,1.1508774356377246e-07,3.094774953003863e-08,3.586696807879544e-07,-3.439243554951024e-07,-1.747385296107951e-07,1.936127876343716e-07,-1.5690262805597595e-07,-5.280906819687666e-08,1.536365252557199e-08,1.4258426906335115e-07,3.365789423326264e-08,1.4869095102991916e-07,-2.7696886974695113e-07,-1.4257052068454423e-07,-1.1991421610584192e-07,-1.5508877500339184e-07,-1.0852655350031525e-07,-1.5256309116421462e-07,1.7875891207713777e-07,8.569356414464518e-08,3.8491589338867754e-07,-9.108020647657583e-08,-3.585667852829674e-07,1.1613121761941399e-08,-1.5575367014515585e-07,-1.8738537623979015e-07,-4.9353914599737124e-08,5.5205275651602245e-08,8.611353149444816e-08,5.800430383360302e-07,-4.738857709512049e-07,-4.083110643440277e-08,-6.492410414740218e-08,-2.495647487131374e-08,-1.5651168758841552e-07,3.014128667836006e-08,9.119045748451385e-08,5.610040165706361e-08,4.0303517309410626e-07,-1.656344144507849e-07,-2.2139108542139745e-07,-5.1511536752871685e-08,-6.955718772260601e-08,-1.1312595798416391e-07,-1.521987037256287e-08,-8.690920594680717e-08,4.19846318183974e-08,-1.917662189654576e-07,2.238314995463569e-07,4.7177847141941807e-07,1.2735318590515796e-07,1.6519453382224174e-07,1.262330066510035e-07,2.2654548755324275e-08
F12treat_m1,-1.2302536943357872e-08,-4.320940887888377e-08,-4.597026598986284e-07,4.1705042334392274e-07,6.64736459629379e-07,1.6016786188604155e-07,3.398427064237016e-08,-9.115587440612882e-08,-8.218414751446933e-08,-2.2511812914796866e-08,7.306982838909111e-08,-3.4753059575590944e-07,1.0493214066347847e-06,-1.2761720629301056e-07,3.6314878807847495e-08,-1.769010601551875e-08,-2.7152979777331216e-08,4.658033671007415e-09,-1.2129088836232524e-07,-1.3336587107413644e-07,-3.960981009235355e-07,7.381987482934936e-07,6.58474519367437e-08,-4.109136446683986e-07,1.6614823542778318e-07,2.9767103885266346e-09,-5.5475787226189615e-08,-1.2171572405308065e-07,-1.3236903274695245e-07,-8.244894480478381e-08,6.047538060409276e-07,7.423734670748115e-08,-3.20424981053331e-08,1.539627351912972e-08,2.957763970532509e-08,1.4248465944977505e-07,-2.122202530744246e-07,-1.8807723055488317e-07,-3.6148317172858925e-07,3.5935642002390273e-07,2.7960215947765854e-07,-9.963585450553357e-08,1.296520989484234e-07,1.4864962106141015e-07,7.061567066870055e-10,-7.491474725103141e-08,-6.058236021564392e-08,-4.7388577095120527e-07,9.898911628617497e-07,-5.1463794564849914e-08,2.2380048861208267e-08,3.000511567286723e-08,1.491808978208001e-07,2.3330944581473333e-08,-9.033360382072389e-08,-1.0657257309292989e-07,-5.165104522616629e-07,2.818994516831439e-07,3.432378877526922e-07,8.95085872298505e-08,7.119926411288104e-08,6.832937708647794e-08,-3.880269938091976e-09,1.0115330296579357e-07,3.938572060067957e-08,2.043219437503931e-07,-5.440635527163962e-07,-6.76912389539022e-07,-9.61611523812293e-08,-1.9437160032842566e-07,-1.1895929358447225e-07,-5.31576401531564e-08
F12treat_p0,6.713861101564512e-09,-9.809913080659103e-09,-1.0474986730301247e-07,-1.1602286740037711e-07,6.629433362958629e-07,3.287814653061672e-07,1.0255005390419066e-07,-8.174173622934759e-08,-1.249624416368131e-07,-8.862328092557505e-08,-1.7681058915765836e-09,7.943772733890131e-09,5.617640822577442e-08,1.930181508353149e-07,3.290442672603724e-07,1.8619856750495253e-07,8.527882577041952e-08,-1.4426443349666173e-08,-6.741541060388489e-08,-5.5438713055414585e-08,-2.3570047207872956e-07,-1.678536944126667e-07,5.174671942463048e-07,3.0215621419365484e-07,1.3316765100925518e-07,3.337863447086542e-08,-6.37972752868952e-08,-4.5253287688651455e-08,-5.6230932314814784e-08,2.3307517138274798e-08,-1.2941935052921163e-07,6.667657975942286e-07,2.191096662392847e-07,2.1410312063342723e-07,6.868195465688734e-08,6.387549866441963e-08,-4.5605215821749546e-08,-1.4713663185231035e-07,-7.834041425025519e-08,-4.4888819081632085e-07,5.522987388602727e-07,1.8751286159457e-07,2.465950412867884e-07,1.312098557406579e-07,-1.524718388600005e-08,1.469874721556454e-09,-8.18255316448789e-08,-4.0831106434400964e-08,-5.146379456484952e-08,6.658387847745627e-07,2.56494003487029e-07,-7.20071960592202e-08,8.976625266957299e-08,-4.710224547976468e-08,-5.251196390586464e-08,-6.990454732268172e-08,-1.0476644547449363e-07,1.3818697788652615e-08,4.459092324013222e-07,1.4258862966291428e-07,2.5669722013853484e-08,5.530424615371709e-08,-3.521363394359418e-08,7.299878198391083e-09,-3.714153827715185e-09,-1.2067165719362396e-07,3.763373732365502e-07,-6.630022259499715e-07,-3.1038730246896415e-07,-1.896985077134011e-07,-1.3269268731300486e-07,2.329156696929192e-09
F12treat_p1,-8.398246699749764e-09,-1.6556232163217648e-08,-6.257066711596328e-08,-1.3056972579369332e-07,3.9234011158739904e-07,2.3084255685046036e-07,4.5621051099047296e-08,4.146112927789045e-09,-1.0111057647435308e-07,-7.971258332452691e-08,5.0160144163646746e-08,5.996083869795374e-08,7.453616090079266e-09,1.7193286391257802e-08,2.1984845574679508e-07,4.4748731611250715e-08,6.587149286795685e-08,-2.0906817551662094e-08,-8.187184907287925e-08,-3.491859676038777e-08,-1.1271265712466087e-07,-1.7266129681550376e-07,2.4794481298707107e-07,3.761322755795373e-08,9.05250659845141e-08,5.7524241407554906e-08,-7.315836784032097e-08,-8.41244972035712e-08,-4.18589979015146e-08,1.2415480080184062e-07,-2.9622798182313824e-07,3.1087077112621857e-07,6.081699696307873e-08,5.87230098613509e-08,9.92452268386096e-08,5.861261487375468e-08,-7.566635757510152e-08,-8.567754787930103e-08,-1.068280927645266e-08,-2.561410338867579e-07,2.7277155262399106e-07,2.3939015237634026e-08,1.5823040392817202e-07,1.4213302090622042e-07,-2.1286336728477105e-08,-6.565195369417309e-09,-1.793724982646548e-08,-6.492410414740306e-08,2.2380048861209885e-08,2.564940034870274e-07,2.8947535413870287e-07,-4.900526652601331e-09,1.418229989966714e-07,-2.2604186748379246e-08,-4.327997880995629e-08,-1.6719580048604976e-08,-5.789991809963258e-08,-1.4766361909419074e-07,2.801052960825958e-07,1.7972011492698342e-07,1.5994279272342113e-08,1.2737972228902685e-07,-5.792286081493554e-08,1.9450756274959565e-08,-3.8014628566274944e-08,-1.0310545076457147e-07,2.5102503566055063e-07,-4.036394260418267e-07,-1.9241040719564397e-07,-1.2745401477703697e-07,-1.2199046609736434e-07,1.0799608934041553e-08
F12treat_p2,2.8869600053447346e-09,-1.0044106247331941e-08,-2.3652035304746007e-08,-2.733222843152063e-08,3.809805600468882e-08,-3.6112955280455694e-09,3.404639224529303e-08,1.3329303869942522e-08,-2.160057426963008e-09,-3.3779692063779643e-09,-1.8301848722238013e-08,-2.9420296482849775e-08,3.9528091564767424e-08,8.361557033753327e-08,-4.007033611956928e-09,3.131247914845894e-08,1.758676896074522e-08,1.7464526074408025e-08,-2.8014664888913044e-08,-2.5463553293926523e-08,5.491445544009469e-10,-1.762448366886552e-08,3.689315384561426e-08,-5.337042617583665e-08,6.687913431110714e-08,2.2209303466735613e-08,1.4086506670523146e-08,-2.3635227570739517e-08,-1.8097381863786298e-08,-2.1565673109502487e-10,-3.91620231251356e-08,1.04823809260901e-07,3.0279799523774095e-08,2.3803306897173913e-08,3.570788007732387e-08,9.79405283880392e-09,-4.376594480567445e-08,-3.468045165878753e-08,-9.615740504553088e-09,1.6370577284855895e-08,-1.9933382457915585e-09,1.6059546464671609e-09,4.891535627538942e-08,2.9170507796109117e-08,2.9246084446221774e-08,-6.474737970750474e-09,-2.635787959551259e-08,-2.495647487131383e-08,3.000511567286647e-08,-7.200719605922191e-08,-4.900526652601683e-09,1.083354405941306e-07,3.8170701414474846e-08,2.659990193601761e-09,8.187367936329083e-09,-2.6842665008305754e-09,2.40596548601995e-08,1.5100009249054867e-08,-5.3756115655582036e-08,9.235392044249161e-08,6.481576698485488e-08,3.07759476154287e-08,-3.2165415025460013e-09,1.0248362088876474e-08,2.3410197752240963e-10,-3.7930537908356404e-08,-1.3952366471649444e-08,6.797998313608761e-09,-2.1498727385050178e-08,-6.20516178312596e-08,-2.308212755781288e-08,-3.577671105977573e-09
F12treat_p3,-8.879472843937167e-09,-1.644883496063164e-08,-1.1267818153176818e-07,-8.378188143804963e-08,3.319818659765545e-07,1.6351216680379047e-07,2.6291318771070013e-09,-4.493926749131856e-09,-8.330220748923805e-08,-8.21392682751248e-08,4.505391302970781e-08,2.534462644480119e-09,1.9691526009588043e-07,6.478714566736142e-08,1.4953227206714928e-07,1.7333104006930497e-08,5.0481682735087246e-08,3.4609577002268833e-09,-9.181962458677241e-08,-3.863202482263126e-08,-1.0705246109957861e-07,-4.4264034780467026e-08,1.7035425911177728e-07,-7.056211912525893e-08,1.1234276223587379e-07,8.247512221654934e-08,-2.4772447297433044e-08,-1.0201069698927333e-07,-5.0057059713068974e-08,1.1883952019673297e-07,-1.1088283142314129e-07,2.1923143290500234e-07,3.8088576732096395e-08,6.06674753994889e-08,9.550386892223129e-08,7.077340724887074e-08,-1.2021479709462827e-07,-6.316517223172193e-08,-4.972479404376608e-08,-1.220025115296905e-07,2.788149787636689e-07,-4.563995713214904e-08,1.0970047347771916e-07,1.6621268957955616e-07,2.761129445263532e-08,-3.128252043899603e-08,-1.192952071178737e-08,-1.5651168758841412e-07,1.4918089782079966e-07,8.976625266957215e-08,1.4182299899667188e-07,3.817070141447505e-08,1.7170230149479352e-07,-4.09433383683314e-08,-3.827362426219438e-08,-2.6368731389114465e-08,-1.1692003671386018e-07,-5.1730223021464545e-08,1.6501440376749486e-07,1.5842081505496794e-07,2.0931803987505244e-08,1.2067375157997983e-07,-4.012807710846083e-08,5.102361747948067e-08,-4.1453534270308594e-08,-3.3171676874930854e-08,3.408439222068868e-08,-3.896502607671161e-07,-1.4140313688723583e-07,-1.2600662905558895e-07,-1.2938907053813711e-07,-4.801922916537812e-09
F12treat_p4,2.4622398542166176e-09,-3.677841642874575e-11,-2.3332641036815535e-08,7.567827991909112e-08,-7.74699834587406e-09,-4.422889391735513e-08,1.210318603163871e-09,-2.9414408364434134e-09,2.5742790590707913e-08,2.930074016119124e-08,-7.436509072726514e-09,-4.934131688598426e-08,3.0983186807333784e-08,-6.181511395332603e-08,-4.319772846000978e-08,-4.383045756692717e-09,-1.5817594785816823e-08,-1.8276755127074975e-10,1.8081774939710372e-08,1.8517881796543874e-09,2.4416068342265364e-09,9.303239336806221e-08,-4.5847364717094e-08,-2.4770767252709397e-08,-4.184050580380346e-08,-4.1294891378579856e-08,-1.5699115652594434e-09,3.203821096442856e-08,3.646750386166142e-09,-6.003769061086408e-08,6.712504893375071e-08,-2.5577434740526367e-08,-4.869417020999307e-08,-4.6438605446119825e-08,-3.524091638756007e-08,-2.516421677808866e-09,2.906627297432176e-08,-4.298866451527593e-09,-1.7846484960575783e-08,1.0549458071115494e-07,-7.748648817261779e-08,-4.577457721890656e-09,-3.5400442573189526e-08,-5.455015211987495e-08,-2.058693319578631e-08,1.6274821228194122e-09,-4.9881975802548694e-09,3.014128667835986e-08,2.3330944581472634e-08,-4.710224547976369e-08,-2.260418674837909e-08,2.6599901936023234e-09,-4.09433383683314e-08,4.077707664258253e-08,5.7801278081764914e-09,-4.8694374011499e-09,-1.2226027818862099e-08,2.2746262269413362e-08,-4.5855100832895294e-08,-1.964903466744404e-08,9.639414981350602e-09,-1.7402858508335565e-08,1.541001542509066e-08,-1.3674500518961712e-08,1.74184172637117e-08,1.428845972287908e-08,-4.492872647947842e-08,8.497785088797342e-08,4.452578937417636e-08,2.8274749208113857e-08,3.5338732748794606e-08,-7.2931746830929095e-09
F8treat_m4,1.1219494375157974e-08,3.39820161187137e-09,6.215516193944762e-08,-3.38127484388346e-09,-1.308662867560436e-07,-5.341492816592713e-08,-6.791312167676971e-09,2.0199522125388936e-08,2.6422859386714552e-08,2.764972203331335e-08,-1.8603320616117704e-08,4.400788619478148e-08,-9.533584103114318e-08,-9.12172856137347e-09,-5.7978047474351794e-08,-1.917173687105981e-08,-1.3814569676142477e-08,-5.00164348177022e-09,3.186763167477523e-08,8.112787237118027e-09,6.924400239905583e-08,-5.403747573478496e-08,-4.6042335603457923e-08,2.2153841944635737e-08,-3.588165842039237e-08,-6.006028681656218e-09,1.6675046505944552e-08,3.8511139481134356e-08,1.6369480730670258e-08,-2.202401352153082e-10,-2.3551845026547463e-08,-5.8591620528777864e-08,-1.7467470925683984e-08,-2.909649344204951e-08,-2.2281439825144627e-08,-3.395154433749295e-08,3.9989320307620044e-08,2.753167822016099e-08,6.061825654577948e-08,-7.88971417858057e-09,-9.801966082741046e-08,-2.2691136038023124e-09,-4.3203150982706974e-08,-4.3812783867790076e-08,9.772497244274249e-11,1.7943712854434962e-08,1.669248821205498e-08,9.119045748451445e-08,-9.033360382072357e-08,-5.2511963905863944e-08,-4.327997880995604e-08,8.187367936329305e-09,-3.827362426219444e-08,5.780127808176556e-09,2.941678342248632e-08,1.6929415068003887e-08,8.08422947316231e-08,-1.6350743622251e-08,-7.957578939834058e-08,-2.7033592876733825e-08,-8.96372056430894e-09,-2.7286317650966742e-08,2.8307627155677855e-09,-2.1766672032058182e-08,8.068872981624082e-09,-2.048295110801505e-08,1.5197789793721253e-08,1.4449171954215732e-07,4.02600177237204e-08,3.713712536930302e-08,3.175135542143014e-08,3.3285141922205643e-09
F8treat_m3,-1.8541148992856622e-09,9.76294564672378e-09,9.111954706233042e-08,-6.150175171174899e-08,-1.9981459981595456e-07,-5.517456894035968e-08,1.0411962348393046e-08,3.9281610636357465e-08,1.3630157112832082e-08,1.1764679584144007e-08,4.797858797628001e-09,6.456769233997389e-08,-1.7850006128143072e-07,-2.346362225205379e-08,-4.681342002973011e-08,-1.6405921966266042e-08,-7.150627756369153e-09,-1.0948369396988646e-08,2.183137522270306e-08,2.8918337626718086e-08,8.534351421043514e-08,-8.851477091793057e-08,-1.021780513416358e-07,-7.630827264513495e-09,-1.3346646946550653e-08,4.228776433145374e-09,1.6834837152346006e-09,1.3186130137428267e-08,2.4183478882377034e-08,2.301220104809475e-08,-1.1173073735117999e-07,-1.241254155043404e-07,-1.7841850612431953e-08,-1.771400337966167e-08,3.9636752211103216e-09,-3.606734946216943e-08,3.045327096488117e-08,4.430496662166391e-08,6.189432882095775e-08,-2.848626907321087e-08,-1.1418687110871943e-07,7.778178405924167e-09,-6.053701825817475e-09,-1.5729943611792235e-08,-4.52412552443436e-09,1.699130351652613e-08,2.230581940323159e-08,5.61004016570634e-08,-1.0657257309293085e-07,-6.99045473226844e-08,-1.6719580048605277e-08,-2.684266500830184e-09,-2.6368731389114637e-08,-4.869437401149879e-09,1.6929415068003768e-08,4.663901153991686e-08,1.0715313287871704e-07,-7.230489252787602e-08,-8.08393879291679e-08,-2.4942817013385283e-08,1.8020771436668622e-09,1.7161423619432605e-09,-1.1237583429815683e-08,-1.5247770367751224e-08,-1.0390241060010547e-08,-1.9947240002864566e-08,4.8933438165927196e-08,1.6194619638322455e-07,3.833544534603675e-08,2.7981666682565564e-08,1.6385484963309206e-08,1.2551310040863785e-08
F8treat_m2,7.133958120452061e-09,-1.084575200172163e-09,3.627615344808004e-07,-4.110295114325702e-07,-5.034300908924286e-07,-6.797647213954723e-08,1.105998848334446e-08,1.221787081405122e-07,6.877016120215977e-08,3.905627607364432e-08,-3.852782770566009e-08,3.26375586211858e-07,-7.837657046768431e-07,8.640821670027634e-08,-7.46860520468959e-08,-2.3188852634220567e-08,1.4657633589081095e-08,6.442694682226477e-10,6.872892725556426e-08,5.508176918707643e-08,3.338066462406167e-07,-5.580977482147326e-07,-1.889700525365049e-07,2.0178471355773045e-07,-3.2308341912920305e-08,2.1244680709314952e-08,5.068126523822333e-08,5.419918515686217e-08,5.6443681574632055e-08,1.0960940772745048e-07,-5.075439954062722e-07,-1.6241039320745068e-07,-2.8050126659702942e-08,-1.9464096328567858e-08,1.1060601235359775e-08,-1.2386495202162485e-07,9.709670228552459e-08,9.496426448566748e-08,2.791432618701254e-07,-2.676336353970831e-07,-3.1768289494151464e-07,9.994649348054982e-08,-3.8900135772179565e-08,-7.581590837336358e-08,1.3499210331247087e-08,4.8880125820762374e-08,3.843127957080447e-08,4.030351730941094e-07,-5.165104522616619e-07,-1.0476644547449457e-07,-5.7899918099631796e-08,2.405965486019993e-08,-1.1692003671385933e-07,-1.2226027818861924e-08,8.084229473162255e-08,1.0715313287871808e-07,5.523051216491118e-07,-3.7267166706060396e-07,-2.6463484263245483e-07,-3.873082008291062e-08,-3.481753834276548e-08,-2.753344827549691e-08,-3.1572764161519666e-08,-5.7563569523895036e-08,-6.480358630632107e-09,-1.737622213817038e-07,3.832123356673869e-07,5.05312123062893e-07,9.664693720323329e-08,1.0896566805846817e-07,6.98329884436509e-08,3.163261821870557e-08
F8treat_m1,2.523356459928288e-08,3.433231825302995e-08,-1.9270660617983508e-07,6.317977450933139e-07,-6.012667233221817e-08,-2.1761467461712808e-07,1.689767360147764e-08,-1.2274013690955704e-07,4.9797750886230694e-08,4.7029982662448036e-08,-6.250868303275726e-08,-3.241935364144519e-07,5.805910822110206e-07,-5.495758760371427e-08,-1.3791803126059997e-07,8.199402881765045e-09,-5.985340252897408e-08,1.8148314094144342e-09,3.4759017057132646e-08,-1.8393280044459867e-08,-1.607928123652676e-07,5.430377056581938e-07,4.854556419208693e-08,-7.474030026535079e-08,-7.925639003085793e-08,-6.94510841527472e-08,1.2076952042652545e-09,5.6974984125005434e-08,-1.8670390390373967e-09,-2.1910195615691875e-07,6.871044511081568e-07,-7.339019015862214e-08,7.23600243519445e-08,-3.056579490331958e-08,-1.0119414074848722e-07,-1.9075760215867416e-08,3.370661736651901e-08,-3.357567108159497e-08,-1.1419373102828512e-07,3.5092995559389845e-07,-2.466870915816562e-09,-1.0124118695478227e-08,-4.783588361315099e-08,-1.1018432222739026e-07,-1.6436958740099352e-08,-7.114894249588699e-09,-1.5197356416501143e-09,-1.6563441445078093e-07,2.8189945168314724e-07,1.3818697788653497e-08,-1.4766361909419108e-07,1.5100009249054804e-08,-5.17302230214639e-08,2.2746262269413683e-08,-1.6350743622251185e-08,-7.230489252787268e-08,-3.7267166706060216e-07,7.38629158509643e-07,-6.61276366294314e-08,-9.869076205967817e-08,3.825936295121631e-08,-1.2270266034559738e-07,7.862137426526452e-08,4.020539331825097e-09,8.212979330113432e-08,1.6171202816546694e-07,-5.113438659169484e-07,6.336847799353808e-08,2.825859808588333e-08,2.5572374350025753e-08,7.503753199069302e-08,-6.759425310544645e-09
F8treat_p0,-1.2895732929414598e-08,-5.2207578848806076e-08,-1.8201810603319254e-07,-6.281672000390885e-08,7.670306525052956e-07,3.969927288681898e-07,4.137671105894919e-08,-4.589558066662744e-08,-1.3371122679570873e-07,-6.665848874700571e-08,4.497940249248275e-08,-2.588843971323595e-08,4.11032433673414e-07,6.417564464238994e-08,2.6278078829354305e-07,5.202826952391845e-08,3.429821306785384e-08,-3.23170926255609e-08,-8.056909311011004e-08,-1.2090487058144594e-07,-2.897224756190571e-07,6.550875339866903e-08,4.3109799647869514e-07,4.149977548891007e-08,1.542003389648763e-07,4.991105477980241e-08,-1.0201288924928882e-07,-9.22816724747215e-08,-7.34219936150896e-08,1.204705514159758e-07,-2.7036194458921174e-08,4.352359615682932e-07,1.9730412575449826e-07,1.2166410600706233e-07,7.711074079542363e-08,9.903035082541936e-08,-1.23232022408682e-07,-1.5029047426592846e-07,-1.7081734580411153e-07,-2.88424083785903e-07,4.543135296432043e-07,5.122890868643011e-08,1.6366054454448412e-07,1.5722355453661022e-07,-1.0290514843354738e-08,-2.071402363306666e-08,-8.061542362604284e-08,-2.2139108542139642e-07,3.432378877526965e-07,4.459092324013226e-07,2.8010529608259775e-07,-5.375611565558279e-08,1.6501440376749447e-07,-4.585510083289534e-08,-7.957578939834093e-08,-8.083938792916458e-08,-2.646348426324528e-07,-6.612763662943099e-08,7.019533989230952e-07,1.577257356890823e-07,-5.989708808443728e-10,7.405443012286044e-08,-5.2650575946981644e-08,5.196575896753573e-08,6.8542612346839886e-09,2.4815638045917576e-08,1.02404091538222e-07,-8.393394777114349e-07,-2.935742234021708e-07,-2.0669722522633878e-07,-1.554776298156699e-07,-1.4745480056928125e-08
F8treat_p1,-7.165856258887937e-09,-3.83748798936776e-08,-1.4978672691539624e-07,-1.639237988853325e-07,5.385527307357884e-07,2.582179619771482e-07,9.01110242821024e-08,9.155104093605226e-09,-1.0107149890383738e-07,-8.433191222083747e-08,3.4881082840351114e-08,2.5380557384113606e-09,2.2827843084385263e-07,9.944599732166827e-08,2.546182397812191e-07,1.2706910901865768e-07,8.277547273858912e-08,-2.732359497346962e-09,-1.2504119525307328e-07,-8.654557596529813e-08,-1.3482117156283272e-07,-5.188471337252118e-08,2.3643592227533147e-07,8.161805750310693e-09,2.5487788166844617e-07,9.300280457129347e-08,-1.2144469981602638e-08,-1.1665177339536066e-07,-1.1249086880198334e-07,1.1666018393416217e-07,-1.6980332933065371e-07,4.751052933470757e-07,1.379510715189311e-07,1.3366294503033226e-07,1.1878438476620232e-07,1.0041238549390403e-07,-1.5969885608223116e-07,-1.5065440134573518e-07,-5.051683776263843e-08,-1.3375600367481406e-07,2.7789385201846554e-07,4.5437266427387134e-08,2.5762541382186765e-07,2.08800447140317e-07,4.595712753696154e-08,-4.146893678369319e-08,-6.27139379876719e-08,-5.151153675287132e-08,8.95085872298521e-08,1.4258862966291428e-07,1.7972011492698236e-07,9.235392044249314e-08,1.5842081505496805e-07,-1.9649034667444125e-08,-2.7033592876733924e-08,-2.4942817013385147e-08,-3.873082008291099e-08,-9.869076205967776e-08,1.5772573568908225e-07,3.2490836675734573e-07,1.1304243603132442e-07,1.3034582332022556e-07,-4.533876813334546e-08,6.026818834023601e-08,-2.3318254365750027e-08,-1.461042497682569e-07,1.5867463747394563e-07,-4.437675072266599e-07,-2.3695350225909892e-07,-2.473097244261109e-07,-1.6857031641464504e-07,-2.1887998798247204e-08
F8treat_p2,3.1595430512691794e-09,-3.1689379858322033e-09,-1.0315314014969616e-07,1.6820261863720206e-09,1.66003009197955e-07,3.241591692757615e-08,1.1070261395469213e-07,-1.0121664280690096e-08,-4.071916816482634e-08,-7.694200581778828e-09,5.662160961537689e-09,-9.831532810983654e-08,1.301335132889724e-07,4.302549855933931e-08,5.642247058063575e-08,1.1801820190781507e-07,1.6729139515691934e-08,-2.4618619160706906e-09,-4.663225094948118e-08,-2.777598892665998e-08,-8.351426737415709e-08,1.0720697019068547e-07,3.5918829279086226e-08,-4.896301839677589e-08,1.4402477716661758e-07,3.626607460788747e-09,-6.116103975472345e-09,-3.4180589321312854e-08,-4.5041709718719933e-08,-5.25817472117924e-08,2.6138476664649818e-08,1.8922455932399457e-07,8.388493916956095e-08,9.215074914788369e-08,4.0003638811296544e-08,4.06127425907633e-08,-5.773797007213112e-08,-8.043202956887473e-08,-8.30404895878364e-08,2.6671133299567665e-08,5.30216172722727e-08,6.835502545361518e-08,1.7169826426943558e-07,6.796079585823758e-08,1.766501741906872e-08,-9.41746710237617e-09,-5.883311802540963e-08,-6.955718772260591e-08,7.119926411288148e-08,2.5669722013852474e-08,1.5994279272343615e-08,6.481576698485545e-08,2.0931803987504185e-08,9.639414981350382e-09,-8.963720564309185e-09,1.8020771436667572e-09,-3.481753834276548e-08,3.825936295121732e-08,-5.989708808414392e-10,1.130424360313252e-07,1.3014557662806842e-07,3.2778551781201114e-08,-4.8788293263248795e-09,1.4410856138955207e-08,2.2341343887658357e-09,-4.9655022165438634e-08,1.6164113255911683e-08,-8.374600539496009e-08,-6.109277078175667e-08,-1.3334931869687603e-07,-4.5783936170741276e-08,-7.564657010011718e-09
F8treat_p3,-1.403938364231675e-08,-8.588622948216747e-09,-6.579304321525711e-08,-1.315441501397672e-07,2.551600005411415e-07,1.243209130833636e-07,3.019729397327112e-08,2.4737280749774773e-08,-6.097841353306729e-08,-6.788581466168736e-08,4.2909129339840374e-08,2.729397632101353e-09,1.8778211600021013e-08,5.934909824934385e-08,1.3694552885688537e-07,3.4338366290760355e-08,6.120079798826147e-08,1.020001152877048e-08,-7.138313113441012e-08,-8.366137985962758e-09,-7.648058623357405e-08,-1.0385056035739401e-07,1.2892286661452594e-07,-5.067292909890035e-08,9.052209162499356e-08,6.51053337180746e-08,-1.904251258911092e-08,-7.731283921905346e-08,-2.6729879219769438e-08,5.399686256864255e-08,-1.981684694684293e-07,1.9593314661062424e-07,4.359699317469569e-09,5.39779375567711e-08,9.740015203089766e-08,5.572260538848672e-08,-8.496125329816716e-08,-4.275121167420155e-08,-4.9666898937180935e-08,-1.296640680633029e-07,2.0570193098401883e-07,-4.462965935465851e-09,1.1552011715102074e-07,1.3836150313927567e-07,1.1047874471324128e-08,-1.8119347915524286e-08,-1.699403165053547e-08,-1.1312595798416416e-07,6.832937708647802e-08,5.530424615371659e-08,1.2737972228902656e-07,3.077594761542841e-08,1.2067375157997927e-07,-1.7402858508336e-08,-2.7286317650966832e-08,1.7161423619431635e-09,-2.753344827549903e-08,-1.2270266034559664e-07,7.405443012286101e-08,1.3034582332022474e-07,3.277855178120143e-08,1.3776752377502197e-07,-4.293699100955693e-08,3.267579217306968e-08,-4.443192941803545e-08,-4.0793195820827177e-08,1.1618811411346174e-07,-2.56729757252786e-07,-1.0684713602614769e-07,-1.0148719138773926e-07,-1.1075115857350494e-07,-7.924536516045865e-10
F8treat_p4,1.5011393695346128e-09,4.9500466771180605e-09,-9.058960619704487e-09,6.524873005763655e-08,-4.7613379289987986e-08,-4.998103887361654e-08,-1.4561330328198845e-08,-2.0720915687273233e-08,3.610037417932593e-08,1.800490569909667e-08,-1.3205803550877879e-08,-4.6458671104050894e-08,3.9929365129178646e-08,-9.993716547914914e-09,-1.1083657050149137e-08,4.354190341627744e-10,-1.5705163534064795e-08,1.4487669102515091e-08,1.3239257449109756e-08,6.998243163588058e-09,-2.9824337071724814e-09,1.0351928485072272e-07,-2.8203779804251048e-08,2.0323915674763727e-08,-2.835129994450089e-08,-2.010648168492868e-08,2.5669441240186768e-08,1.297252678772146e-08,9.631222291675951e-09,-5.8690201067186666e-08,1.439238120006094e-07,-5.336116891095917e-08,1.5119318566269785e-08,-3.748684247247177e-09,-3.067053826658567e-08,1.0036104570492593e-08,1.1763615923182743e-08,8.926994321982792e-09,-3.142106157621251e-08,1.023701193165439e-07,-4.134416219904191e-08,-7.678356566687442e-11,-4.1350177048898276e-08,-3.626516287253417e-08,1.0501244715498388e-08,-8.903996163671897e-09,-8.256425317834856e-09,-1.5219870372563205e-08,-3.880269938092766e-09,-3.5213633943593174e-08,-5.792286081493566e-08,-3.216541502545973e-09,-4.012807710846079e-08,1.5410015425090733e-08,2.830762715567839e-09,-1.1237583429815375e-08,-3.157276416152012e-08,7.862137426526414e-08,-5.2650575946981776e-08,-4.533876813334565e-08,-4.878829326325193e-09,-4.2936991009556507e-08,4.131862030202435e-08,4.3300703002119163e-10,1.2861192374912153e-08,3.918921182316174e-08,-8.236340176526492e-08,9.246163657931707e-08,3.868503998388717e-08,3.363841172869739e-08,3.5129129547443907e-08,-1.1773022372203617e-08
window_m4,-1.0818848686293482e-08,-1.350809790294365e-08,-6.183503575143577e-08,-3.3814164317683625e-08,1.5528168288291327e-07,8.48512215409627e-08,5.689125670119693e-09,-8.06548308373797e-09,-1.7620783272364863e-08,-3.3739350243255204e-08,2.0052735535314065e-08,-3.0118444719636434e-08,1.38496210739564e-07,2.9617334564666544e-08,9.346185076454855e-08,1.6954445060369815e-08,1.802765245040592e-08,1.601905348810875e-08,-4.390617547549053e-08,-2.2409368809890583e-08,-6.861328151430694e-08,4.323267235240136e-08,5.835481560234756e-08,4.5338422182575756e-09,7.75424282684258e-08,3.792670485700637e-08,9.685958185018164e-09,-6.055326156199807e-08,-2.6883118535043956e-08,2.6093489297105423e-08,3.5921564283572796e-08,6.614225354850259e-08,5.979817642364414e-08,4.99770370728919e-08,3.665204425649713e-08,4.2451755751112276e-08,-7.623372435753804e-08,-3.2636883325970044e-08,-5.5279302767058874e-08,1.7607423822094072e-09,9.040845951378064e-08,1.0345767029787047e-08,5.0759454332739526e-08,7.355126267731749e-08,2.9894153258030094e-08,-3.288210743613663e-08,-2.4315915291376403e-08,-8.690920594680738e-08,1.0115330296579397e-07,7.299878198390205e-09,1.9450756274959397e-08,1.0248362088876621e-08,5.102361747948072e-08,-1.3674500518961777e-08,-2.1766672032058123e-08,-1.5247770367751254e-08,-5.756356952389497e-08,4.0205393318253824e-09,5.1965758967535804e-08,6.026818834023601e-08,1.4410856138955276e-08,3.2675792173069564e-08,4.330070300211834e-10,4.5982482579068154e-08,-6.687229314575007e-09,1.979294768854852e-08,-4.184416905246606e-08,-1.5125483215905112e-07,-6.084826415622567e-08,-5.750753335736133e-08,-5.0979372569274124e-08,-1.4064626960459323e-08
window_m3,7.508183368877237e-09,-8.94972615960424e-09,-1.2283507611515704e-08,8.791558928659674e-08,-2.4740873546046197e-08,-2.5289930671111048e-08,7.09859934205228e-09,-5.508229066948903e-09,2.6225190428507797e-08,3.193849667211541e-08,-2.3187394078682926e-08,-3.2110729611323794e-08,6.372140073255975e-08,-2.455755618144764e-08,-4.373688992185515e-08,-5.705517415031494e-09,-2.2578299603841415e-08,-6.2282087322285944e-09,2.2082384854666655e-08,-2.2148539689876268e-08,-2.0466198863313918e-09,8.432539149933966e-08,-1.9481064604089377e-08,1.0800077606907152e-08,-1.8734674459487624e-08,-2.8292875719590002e-08,1.2976834249953277e-09,2.6857780644911977e-08,-1.0579434669600121e-08,-3.692591805150003e-08,1.0339108167886089e-07,-3.170875900222435e-08,1.6921439086175148e-08,-2.6191745116818842e-08,-3.618435089362585e-08,-2.0166237590980472e-08,2.1906453706735634e-08,-1.9010489449686367e-08,-4.76555275241312e-10,5.677706434109038e-08,-6.915871909927805e-08,2.1720959871719613e-08,-2.194587062873674e-08,-5.1305547540126025e-08,-9.742620714972412e-09,3.090236824784923e-09,-1.1072824762794847e-08,4.198463181839718e-08,3.938572060067951e-08,-3.7141538277163913e-09,-3.801462856627557e-08,2.341019775215346e-10,-4.145353427030836e-08,1.7418417263711623e-08,8.068872981624226e-09,-1.0390241060010621e-08,-6.480358630632513e-09,8.212979330113485e-08,6.854261234683348e-09,-2.3318254365751228e-08,2.234134388765203e-09,-4.4431929418034864e-08,1.2861192374912377e-08,-6.687229314575164e-09,4.081862747043984e-08,2.3513512205652186e-08,-7.114222974192144e-08,5.26437805665217e-08,1.8752007831075098e-08,1.9037476032303107e-08,3.28987143712202e-08,-4.233938122006001e-09
window_m2,-1.7204647513724448e-08,-1.717147836159627e-09,-5.94643883129664e-08,2.065719804870252e-07,-1.1200643115491063e-07,-7.662848171429165e-08,-4.9110644708602645e-08,-1.8438387686241825e-08,6.986981426802517e-08,2.9630453008713382e-08,-1.8137455966844327e-08,-1.8226125287411114e-07,2.031239301712586e-07,-3.77508357082919e-08,-8.61953525150605e-08,-6.939480556615259e-08,-4.4942768436362694e-08,2.405472685004125e-08,5.008706463718909e-08,8.85949380059226e-09,-9.888377518829543e-08,2.623356062565257e-07,-5.286578153293843e-08,-7.833046751288883e-08,-7.73535325720927e-08,-2.952258579701071e-08,-3.772535561446011e-09,2.632752515643971e-08,4.8373621607736195e-08,-1.838055524395324e-07,2.734800033302448e-07,-2.250931542791271e-07,1.1095138319714532e-08,-6.738007294872478e-08,-4.419343415158051e-08,1.0941948525573044e-09,2.5175458939877455e-08,6.450002691694264e-08,-1.7547174408183455e-07,1.9469850866632644e-07,-4.104474447427535e-08,-4.399823427779459e-08,-1.416615519780558e-07,-7.811208979814456e-08,-6.864131930592393e-09,-1.2134907533965263e-08,-1.4922792024527064e-08,-1.9176621896545823e-07,2.0432194375039594e-07,-1.2067165719362372e-07,-1.0310545076457275e-07,-3.7930537908358204e-08,-3.3171676874931906e-08,1.4288459722878735e-08,-2.0482951108013956e-08,-1.9947240002862628e-08,-1.737622213817002e-07,1.6171202816547435e-07,2.4815638045918003e-08,-1.4610424976825788e-07,-4.965502216544097e-08,-4.079319582082886e-08,3.9189211823161314e-08,1.979294768854821e-08,2.3513512205650204e-08,2.7287517578866143e-07,-3.015815605404249e-07,5.169473201610991e-08,8.348948953513103e-08,8.49057573735947e-08,5.632646092196354e-08,-9.000693476608246e-09
window_m1,4.4275347176342075e-10,6.417068371936495e-09,1.925881119550356e-07,-6.698771207741345e-07,2.408211806557246e-07,2.435832754125752e-07,1.0875971471168276e-07,5.716290961214459e-08,-9.422413005242821e-08,-8.251795215886725e-08,4.803725414863347e-09,2.844247491327675e-07,-7.69986898918565e-07,2.521004605475884e-07,2.762164124153297e-07,1.8487305885307525e-07,1.2575701321434134e-07,6.874497450806463e-09,-3.9170055137542415e-08,2.4911836644316935e-08,5.532119579743049e-08,-7.606179999083819e-07,2.5434353616897153e-07,3.5402456079803745e-07,1.1743273778766407e-07,6.997486096308975e-08,-1.7782425274450057e-08,-2.7723319690771543e-08,7.622467419476504e-09,1.169261666274627e-07,-7.900263938639205e-07,5.239845482051842e-07,1.2394128647640758e-07,2.054425113440642e-07,1.348372646482033e-07,6.4888055830019855e-09,5.750280527710346e-09,-4.6432113516899535e-08,1.0688739369997436e-07,-7.169485522644516e-07,2.630024333698491e-07,2.0598606469665138e-07,2.390053137455909e-07,1.0902179290381552e-07,7.369705807093288e-09,4.3816349532306436e-08,-4.658372655426475e-08,2.2383149954635912e-07,-5.440635527163951e-07,3.763373732365501e-07,2.5102503566055153e-07,-1.3952366471650023e-08,3.408439222068845e-08,-4.4928726479479137e-08,1.5197789793721835e-08,4.893343816592662e-08,3.8321233566739076e-07,-5.113438659169448e-07,1.024040915382219e-07,1.5867463747394693e-07,1.616411325591256e-08,1.1618811411346271e-07,-8.236340176526567e-08,-4.1844169052465815e-08,-7.114222974192215e-08,-3.015815605404241e-07,8.321528816565989e-07,-1.590671437247098e-07,-1.9960161229540108e-07,-1.1676237012512167e-07,-9.94896433513227e-08,3.269700531061382e-08
window_p0,2.529546988071915e-08,7.158921410689193e-08,5.036503957712435e-07,1.5929441231986636e-07,-1.6029856519851138e-06,-7.05771369724251e-07,-9.717493742110116e-08,1.1193487495228645e-07,2.80190553771694e-07,2.196807743875732e-07,-1.0022489177848495e-07,1.3989232020556575e-07,-9.053426347907515e-07,-2.2614854720515738e-07,-5.833867367473806e-07,-2.098937239354576e-07,-1.4794231396974921e-07,-1.2970512647897691e-08,2.5834964507606373e-07,1.9587334038631922e-07,5.727675777474927e-07,-1.5654608757538003e-07,-7.743219073289359e-07,6.091176674026863e-09,-4.145098906288058e-07,-1.6059389836000164e-07,9.469074578273523e-08,2.499019858087184e-07,2.117206665007553e-07,-1.7225663550813552e-07,-2.340512304669588e-08,-1.0706095196917719e-06,-2.3600910246006238e-07,-3.175430781742528e-07,-2.1439399124536906e-07,-2.714699396172273e-07,3.450034558248555e-07,3.168554825079994e-07,3.5489845693632525e-07,3.965689405907621e-07,-1.087600936020022e-06,-3.483238557256292e-08,-4.318596844712184e-07,-4.5151467433207584e-07,-5.1022732325175777e-08,9.794677581044314e-08,1.4485182981490887e-07,4.717784714194201e-07,-6.769123895390277e-07,-6.630022259499782e-07,-4.0363942604182947e-07,6.797998313607081e-09,-3.8965026076711855e-07,8.49778508879736e-08,1.444917195421583e-07,1.619461963832223e-07,5.053121230628942e-07,6.3368477993535e-08,-8.393394777114422e-07,-4.437675072266607e-07,-8.374600539496074e-08,-2.5672975725278615e-07,9.246163657931708e-08,-1.5125483215905157e-07,5.2643780566520696e-08,5.169473201610794e-08,-1.5906714372470537e-07,1.6384668266748178e-06,5.639283952204454e-07,4.992335138162119e-07,3.996950570231577e-07,6.378872313594247e-08
window_p1,1.0762895946807403e-08,2.2005516925753582e-08,1.352685524051395e-07,1.8495049800017624e-07,-6.080390805510665e-07,-3.0854287785679997e-07,-1.012689411938735e-07,1.7448962908176e-08,9.89991531726614e-08,9.688731728096845e-08,-2.672358370082306e-08,1.6299568895060872e-08,-1.7001806467248048e-07,-1.6152763927117588e-07,-3.073390328754156e-07,-1.4488461543446876e-07,-8.388364798096737e-08,-8.528737714470513e-09,1.0548391503218952e-07,7.984186760900293e-08,2.3277543487680994e-07,1.0152819644392632e-07,-3.588017460467167e-07,-1.4510335345779307e-07,-2.2686721535234437e-07,-1.0019342134930143e-07,1.832456491043739e-08,1.0508907396614154e-07,7.672232090431041e-08,-4.526843535450877e-08,1.0189241844751873e-07,-5.124359959501326e-07,-2.3188526614592856e-07,-2.036683725941679e-07,-1.1617174647784982e-07,-9.733810012724337e-08,1.443013758972167e-07,1.437265639620072e-07,1.2630434667708296e-07,2.9856634134032923e-07,-4.004413581119317e-07,-1.1362873924619429e-07,-2.677664741363761e-07,-1.9004299427835158e-07,-4.4445436701169214e-08,3.0483424682729895e-08,7.512588062494368e-08,1.273531859051578e-07,-9.616115238123123e-08,-3.103873024689631e-07,-1.9241040719564416e-07,-2.1498727385051306e-08,-1.4140313688723544e-07,4.452578937417621e-08,4.026001772372046e-08,3.833544534603653e-08,9.66469372032334e-08,2.825859808588277e-08,-2.9357422340216904e-07,-2.3695350225910024e-07,-6.109277078175583e-08,-1.0684713602614776e-07,3.86850399838868e-08,-6.084826415622564e-08,1.875200783107406e-08,8.348948953513015e-08,-1.996016122953997e-07,5.63928395220443e-07,3.11124403944465e-07,2.4731912814840815e-07,1.7650986875472262e-07,2.2095750641131918e-08
window_p2,7.858085431399299e-09,2.0745329909293754e-08,1.981650732969197e-07,1.35991698679923e-07,-5.711128589475592e-07,-2.3685026993510728e-07,-1.4273249103156576e-07,2.3006144347237346e-08,1.1098454555219187e-07,7.769698560426094e-08,-3.373044302219603e-08,8.252374555921e-08,-2.738308150575611e-07,-1.2327336665000117e-07,-2.38604247029937e-07,-1.8415398481554907e-07,-6.840589767721422e-08,-3.805916665676692e-09,1.217701728688818e-07,8.545152944233925e-08,2.37950899445744e-07,-6.012190391263219e-08,-2.2336748275901266e-07,-9.178758171884417e-10,-2.8803322458879946e-07,-7.534275510634458e-08,1.2975417208426708e-08,1.0941968702387462e-07,1.038061508024595e-07,8.364663045627434e-09,2.3488958905484155e-09,-4.7304783773239885e-07,-1.7835838718332195e-07,-2.1135033491130466e-07,-1.1087568204898699e-07,-1.1745518245409084e-07,1.6142547397866213e-07,1.6600134132782345e-07,1.7960455735312e-07,1.454037729130385e-07,-3.3381597712495967e-07,-8.293655603896115e-08,-3.204296517729872e-07,-2.0058862476062773e-07,-5.063076692733579e-08,3.345447361428924e-08,8.964067663642852e-08,1.6519453382224124e-07,-1.9437160032842572e-07,-1.8969850771340238e-07,-1.2745401477703705e-07,-6.20516178312598e-08,-1.2600662905558868e-07,2.8274749208114056e-08,3.713712536930326e-08,2.798166668256551e-08,1.0896566805846629e-07,2.5572374350025356e-08,-2.0669722522634357e-07,-2.4730972442611074e-07,-1.3334931869687576e-07,-1.0148719138773965e-07,3.3638411728697047e-08,-5.7507533357361256e-08,1.9037476032302558e-08,8.490575737359395e-08,-1.167623701251216e-07,4.992335138162125e-07,2.473191281484075e-07,2.8800340476982044e-07,1.671563465226586e-07,2.7914797694979873e-08
window_p3,1.1562439688134732e-08,1.685104730929217e-08,1.044789777390463e-07,1.3455078264832198e-07,-3.9446453113917823e-07,-1.9698253225422819e-07,-4.8698160001505126e-08,-5.528724051744213e-09,7.978271202212933e-08,7.963043779227551e-08,-4.2731192060571236e-08,-9.009933620595958e-09,-1.4346471774105923e-07,-8.180358356186987e-08,-1.990098662665336e-07,-7.13823941556288e-08,-5.967521243485638e-08,-8.152012153200902e-09,9.133742396383588e-08,4.279557593014594e-08,1.2200472967757983e-07,3.800764007411533e-08,-1.924373414854395e-07,3.198248770666346e-09,-1.5828200151304658e-07,-8.157312417418441e-08,7.872310823207713e-09,9.80116115390348e-08,6.182063068545204e-08,-8.137167217640333e-08,8.740196723079613e-08,-2.82014732096067e-07,-8.571057602104387e-08,-1.1336149593568936e-07,-9.735949041045684e-08,-8.203992287481376e-08,1.2036829318336827e-07,8.359158706772047e-08,6.898896083137715e-08,1.3617649712599527e-07,-2.81071405760945e-07,-1.5799785582139265e-08,-1.7166158039172238e-07,-1.74844678883428e-07,-3.3883816438996896e-08,2.9400415204203228e-08,3.573819858246326e-08,1.2623300665100275e-07,-1.1895929358447307e-07,-1.3269268731300336e-07,-1.2199046609736474e-07,-2.3082127557812894e-08,-1.2938907053813711e-07,3.5338732748795095e-08,3.1751355421430094e-08,1.6385484963309e-08,6.983298844365116e-08,7.503753199069129e-08,-1.5547762981566945e-07,-1.6857031641464496e-07,-4.578393617074179e-08,-1.1075115857350532e-07,3.51291295474444e-08,-5.0979372569274104e-08,3.289871437122068e-08,5.6326460921962506e-08,-9.948964335132077e-08,3.996950570231563e-07,1.7650986875472336e-07,1.6715634652265814e-07,1.4499503540179236e-07,1.8752976579640847e-08
window_p4,2.396823184070037e-09,6.985583729744466e-09,3.8983710415836334e-08,-1.896629491466794e-09,-1.0320891859783801e-07,-3.363087986264864e-08,-2.9471508932753128e-09,4.072448359557933e-09,-3.5195624729894947e-09,5.239550324076152e-09,-4.094280459524433e-09,2.1279914150194928e-08,-8.213305879864063e-08,2.6845593513661482e-09,-3.7837597226999336e-08,-1.5070612192619966e-08,-1.3727346659701812e-09,-1.0659935134069182e-08,1.3459732575176042e-08,1.5261612962888893e-08,2.922163893202262e-08,-7.027084543352421e-08,-2.5043330592310374e-08,-3.6299685538556303e-09,-2.4665150063416868e-08,-4.095753120842222e-09,-1.410795260302244e-08,1.2289622684911645e-08,1.6540842846834124e-08,9.171928558648606e-09,-7.605490043118666e-08,-4.310504642672627e-08,-1.6438429799914532e-08,-1.5926049756626813e-08,1.1669104755798915e-09,-2.9162372801646992e-08,2.357784534291558e-08,2.0858597559446305e-08,3.518621204146072e-08,-4.5311882447850113e-08,-3.757590544478967e-08,4.128501042163044e-09,-1.2886449801287187e-08,-1.5606268791774563e-08,-1.2518289071382527e-08,1.3949888274171593e-08,1.5424499566828436e-08,2.2654548755324007e-08,-5.315764015315521e-08,2.3291566969290614e-09,1.0799608934041588e-08,-3.5776711059774917e-09,-4.801922916537217e-09,-7.2931746830927945e-09,3.3285141922205254e-09,1.255131004086358e-08,3.1632618218705575e-08,-6.75942531054405e-09,-1.4745480056927554e-08,-2.1887998798247072e-08,-7.564657010011223e-09,-7.924536516043818e-10,-1.1773022372203368e-08,-1.4064626960459315e-08,-4.233938122005985e-09,-9.000693476608327e-09,3.269700531061296e-08,6.378872313594143e-08,2.2095750641131574e-08,2.7914797694979327e-08,1.8752976579640705e-08,1.9028690324887003e-08
