,treat_m4,treat_m3,treat_m2,treat_m1,treat_p0,treat_p1,treat_p2,treat_p3,treat_p4,L4treat_m4,L4treat_m3,L4treat_m2,L4treat_m1,L4treat_p0,L4treat_p1,L4treat_p2,L4treat_p3,L4treat_p4,L8treat_m4,L8treat_m3,L8treat_m2,L8treat_m1,L8treat_p0,L8treat_p1,L8treat_p2,L8treat_p3,L8treat_p4,L12treat_m4,L12treat_m3,L12treat_m2,L12treat_m1,L12treat_p0,L12treat_p1,L12treat_p2,L12treat_p3,L12treat_p4,L16treat_m4,L16treat_m3,L16treat_m2,L16treat_m1,L16treat_p0,L16treat_p1,L16treat_p2,L16treat_p3,L16treat_p4,treat_p5,treat_p6,treat_p7,treat_p8,treat_p9,treat_p10,treat_p11,treat_p12,treat_p13,treat_p14,treat_p15,treat_p16,treat_p17,L4treat_p5,L4treat_p6,L4treat_p7,L4treat_p8,L4treat_p9,L4treat_p10,L4treat_p11,L4treat_p12,L4treat_p13,L4treat_p14,L4treat_p15,L4treat_p16,L4treat_p17,L8treat_p5,L8treat_p6,L8treat_p7,L8treat_p8,L8treat_p9,L8treat_p10,L8treat_p11,L8treat_p12,L8treat_p13,L8treat_p14,L8treat_p15,L8treat_p16,L8treat_p17,L12treat_p5,L12treat_p6,L12treat_p7,L12treat_p8,L12treat_p9,L12treat_p10,L12treat_p11,L12treat_p12,L12treat_p13,L12treat_p14,L12treat_p15,L12treat_p16,L12treat_p17,L16treat_p5,L16treat_p6,L16treat_p7,L16treat_p8,L16treat_p9,L16treat_p10,L16treat_p11,L16treat_p12,L16treat_p13,L16treat_p14,L16treat_p15,L16treat_p16,L16treat_p17,F12treat_m4,F12treat_m3,F12treat_m2,F12treat_m1,F12treat_p0,F12treat_p1,F12treat_p2,F12treat_p3,F12treat_p4,F8treat_m4,F8treat_m3,F8treat_m2,F8treat_m1,F8treat_p0,F8treat_p1,F8treat_p2,F8treat_p3,F8treat_p4,window_m4,window_m3,window_m2,window_m1,window_p0,window_p1,window_p2,window_p3,window_p4,F12treat_p5,F12treat_p6,F12treat_p7,F12treat_p8,F12treat_p9,F12treat_p10,F12treat_p11,F12treat_p12,F12treat_p13,F12treat_p14,F12treat_p15,F12treat_p16,F12treat_p17,F8treat_p5,F8treat_p6,F8treat_p7,F8treat_p8,F8treat_p9,F8treat_p10,F8treat_p11,F8treat_p12,F8treat_p13,F8treat_p14,F8treat_p15,F8treat_p16,F8treat_p17,window_p5,window_p6,window_p7,window_p8,window_p9,window_p10,window_p11,window_p12,window_p13,window_p14,window_p15,window_p16,window_p17
treat_m4,1.0783712944400564e-08,5.718896276442691e-09,-5.370596694245809e-09,3.5704078091683255e-08,-3.509115559277355e-09,-1.5449727826060112e-08,2.4340528764909244e-09,-4.784483535620179e-09,2.8321316281529696e-09,1.0161640857523728e-08,-3.2997983728867504e-09,-1.1404225737216571e-08,3.9996380188319404e-08,-1.4697613628236463e-08,-1.511088343068371e-08,2.865710680661927e-10,-1.3897176340508165e-08,-1.7887514702729485e-09,1.4766060493752316e-08,-2.108122251375545e-10,6.351533968724914e-09,2.5564769807771624e-08,6.529431083585213e-09,-1.179853751254998e-08,-1.9644278890714158e-08,-5.6651724356123366e-09,-1.560714415845188e-09,1.3745849427219059e-08,3.903563580288338e-09,5.309422345827315e-09,1.318330752929122e-08,1.881781469531815e-10,-3.4360699955949617e-10,-1.438023765216355e-08,-5.444493821887443e-09,-1.0910124177726243e-08,1.2071837782356906e-08,3.483718656843251e-09,1.0747332024743687e-08,3.6676131741886166e-09,2.0452485737667172e-10,-3.6009303938373188e-09,-7.714411952057046e-09,-1.7966480963551882e-08,-6.90381290430555e-09,-3.2369443637799476e-10,-1.1241998060897178e-09,-7.06122347555572e-10,-3.6494096813999316e-09,1.051574027873625e-09,-6.371590034039831e-10,4.4846683875656803e-10,-1.0732565654653044e-09,1.874318336621155e-09,-1.6606388980625881e-09,1.0735065020471718e-10,2.8127132160764236e-10,-4.202609091172761e-11,-7.191698468451316e-09,-9.712252579847247e-10,1.872623973100904e-09,-3.5461353081272167e-09,9.962617336474888e-10,4.4409099841988586e-10,1.625819964245436e-09,4.853730910150364e-11,4.995564873494838e-10,-6.710199892383753e-10,-2.4674103313104685e-10,-8.718489086827752e-10,-3.20839221309345e-10,-1.7776440785215812e-09,-3.49726471012983e-09,-1.8369690864310403e-09,-6.31682657960639e-10,1.196684714357642e-09,3.061877566582588e-10,-9.771820249301173e-10,-2.484830259557996e-09,1.6505933803653605e-09,-1.2808917202517863e-09,2.2444171551025305e-12,-2.2065226485198458e-10,-1.9904614543314927e-10,-4.699503973828915e-09,-7.606246815605927e-09,-2.5183404522794e-09,-3.263193880082292e-09,1.4351410652961327e-09,-1.3958328440175686e-09,-5.711338903945614e-10,-3.723844693250052e-10,1.4134516802815913e-09,-6.179036264340947e-10,-4.591420627343553e-10,-3.431212997714323e-10,-2.594304354153398e-10,8.57705433939706e-10,-4.15759562479293e-09,1.5079260704597903e-09,-4.480197607556572e-09,2.647026701689443e-09,-1.0246260202279413e-09,6.010473111311613e-10,-1.1865733905505668e-09,1.4094812411790247e-09,-1.6838026191401313e-09,1.8631007558793108e-10,6.119412521190927e-11,-1.0197441672151188e-09,3.774433471907577e-09,6.7511982811733485e-09,6.2331946236659875e-09,-5.940182502886505e-09,8.098117647012511e-10,-6.343202757899744e-09,-3.0474867740804705e-10,1.6205170607042577e-09,7.390114139180513e-09,6.0571586737174505e-09,-4.948291593143753e-09,-1.8961136928120256e-08,2.5520502345879972e-08,-8.140456048474741e-09,-3.048036977695696e-09,-4.8669806746722345e-09,-3.4532614461148023e-09,2.35085341164526e-09,-5.438726332364473e-09,4.6568497130890504e-09,-1.0493274235175657e-09,-2.5839195480556466e-08,9.242093725783651e-09,4.5467298468111195e-09,6.853538336940892e-09,5.574428320788391e-09,8.521308141009688e-10,1.1833956065222276e-11,2.7041195824060115e-11,4.153717985594498e-09,-1.9167649857595467e-09,3.1162928649027348e-09,-2.9492375056346846e-11,-6.281810756179931e-10,-1.1803244918349836e-09,5.966133010550785e-10,-9.39593143634887e-10,1.0419261028772301e-10,-4.044003710431855e-11,4.952796357440637e-10,-5.24919361454084e-10,1.7214640106747836e-09,1.63397013601214e-10,-7.633914487056346e-10,1.2916320711634646e-09,-1.3858832975843317e-11,-6.798170474442574e-10,-6.191215483212808e-10,1.3342537284172868e-09,-1.003932675558668e-09,-5.360465861963739e-10,3.117804576494542e-10,-2.459842917372993e-10,1.6360617602804233e-09,2.702132057927663e-09,7.360392544260728e-10,2.8638887476414998e-09,-1.8308293698877353e-09,9.189204120718314e-10,3.3486939679928295e-10,1.4723921969361832e-09,-7.305112376944808e-10,8.08444489558818e-10,-1.0246458851191058e-10,5.1775255894837494e-11,1.5415299072021245e-10
treat_m3,5.718896276442663e-09,1.9471907713274303e-08,1.1307537043153686e-09,4.775839160497009e-08,-4.820152321131097e-08,-3.097076712700659e-08,-6.606521369451083e-09,-1.0091675028132041e-08,-5.431249318010997e-10,1.5443872276494084e-09,5.9026475063737e-09,-8.943070276993055e-09,1.7428369925816048e-08,-3.6262972105856384e-08,-1.9076038345268897e-08,-1.3486279099691608e-08,-1.1720218850729283e-08,-1.7411501391319053e-09,8.863357413256098e-09,1.996159502467938e-08,4.534404489926803e-09,3.443505284724726e-08,-1.9112420527472494e-08,-7.804393828467007e-09,-2.739602467236934e-08,-1.1159116547865211e-08,-9.704041763722688e-10,1.493330538629517e-08,1.2559979497159693e-08,-1.0942954007562731e-08,3.0704511757007356e-08,-2.2355559832385544e-08,-7.14727711314696e-09,-1.4816300927558482e-08,-1.3762783997390638e-08,-1.3380181417856023e-08,1.229929241404296e-08,1.546397082809822e-08,-6.191017215451041e-12,4.0774887782351235e-08,-1.4547919212027856e-08,-1.0184795802773465e-08,-1.622538294097517e-08,-1.4216761591651201e-08,-1.0510539111251704e-08,4.239053936683696e-09,-2.0854827057554058e-10,2.403661843353368e-09,-5.516111311341744e-09,4.678917695132638e-10,3.0986291681157416e-09,-1.0581203278797693e-09,-2.536062719266899e-09,1.5153040977764829e-09,7.637321592590231e-10,-1.0014119638149435e-09,1.5716835310096937e-10,1.8740153433548387e-10,-1.5221192792691256e-09,-5.76649606274246e-09,5.037335108682e-09,-3.540051757759559e-09,3.731313796234905e-09,1.2468022714187569e-09,2.833314410364457e-09,-1.1174076348931445e-09,9.489340908939485e-10,-7.26644238584562e-10,-1.0550001176945764e-09,-7.276204492367534e-10,5.735368358140372e-10,3.905082569960259e-09,-1.5565924125839444e-09,-4.2578336798878494e-09,-7.441619885803885e-09,-3.394992723698939e-10,-1.2144688312759753e-09,-1.9700434365283217e-09,-3.7570764986204966e-09,2.445852465055328e-09,-3.0151835128564397e-10,-1.507714341280223e-09,5.161443074230831e-10,-5.107433318425801e-10,3.6944309191589684e-10,-6.205492230196137e-09,-1.7283843661929633e-09,-4.535241953621585e-09,5.574388166034393e-09,1.6219436797584502e-09,1.7740753379877172e-09,-2.098860121827298e-09,1.868361028674729e-09,8.181370370365325e-10,-1.6183553753613774e-09,5.059711243490234e-10,-3.7394788676207387e-10,-1.5371625494221818e-09,-8.895935413207889e-10,-4.72587835896569e-09,-9.982613962929077e-09,3.0251326837008758e-09,-4.6207963459471107e-10,6.049725170529344e-10,-2.2005809356661434e-09,7.518589961385079e-10,-1.2699389443754197e-10,-7.954598016175777e-10,-6.941739896971408e-11,8.072739837418293e-11,5.32453253657372e-09,1.707409630819649e-08,-5.6863505378761855e-09,-1.6400227126348673e-08,-1.6883249174449985e-08,-8.216299912788585e-09,-2.168178432815213e-08,-5.04740076060657e-09,1.5191298443226095e-09,1.3948066392610502e-09,2.861616680813639e-09,-2.3040996888998387e-08,2.7640785371616532e-08,-3.5912715406963495e-08,-9.306007044901385e-09,-7.59592036261655e-09,-3.4080041038276516e-09,7.636703253891754e-09,-7.361455602547269e-09,-8.906070760466633e-09,1.8006423478785105e-09,-3.578352003933285e-08,3.572125137919711e-08,9.481196007993882e-09,1.8068505482847875e-08,9.15134220823731e-09,4.189812399495236e-09,5.134758939084849e-09,1.8696688771231454e-09,2.7651583565645536e-09,-5.833407104296116e-10,4.338143830509277e-09,1.7153334258346575e-09,1.2932011535772067e-09,-1.8930621559418212e-11,1.5725999860790008e-09,3.321000866249759e-10,-1.8768106851968246e-09,-1.0849122945009796e-09,-1.6189719595137883e-10,5.8179626253924025e-09,1.564199766536206e-09,-2.6851583766347125e-09,-4.029641014021867e-09,-1.4475255522495997e-09,9.197745310488368e-10,-1.622842233165553e-09,-2.1266991443219335e-09,1.2334129829120923e-09,3.322648377441041e-10,-8.506199367236614e-10,1.741158052488577e-09,-2.2303288984599208e-10,9.087489186664026e-10,3.7760403935836665e-09,2.9509070816458854e-09,5.0725056543270436e-09,-1.8482987646616603e-09,4.1377331845266345e-10,-1.311911558864848e-10,1.96463362562481e-09,-2.135741264404288e-09,-8.717774744277577e-10,9.193597561558638e-10,-1.867980710904504e-10,2.7131991549923305e-10
treat_m2,-5.370596694246173e-09,1.1307537043145937e-09,2.1665400746484395e-07,7.791156006751243e-08,-3.843860972009969e-07,-1.0469427779930469e-07,-4.3825976765300935e-08,1.0676249264731797e-07,3.90582656985727e-08,3.3028189931915284e-08,-2.4315121944717828e-08,1.2240594333175477e-07,-9.880821225133481e-08,-7.348020870972504e-08,-5.858104397578256e-08,-4.444321309643311e-08,9.049165895140513e-09,5.082218410863425e-08,5.634170352959573e-08,3.383852197573075e-08,1.712989078509135e-07,-2.128847016833434e-08,-1.366368456196627e-07,9.038133568556986e-08,-8.286779489911472e-08,6.46936485350208e-08,2.6263882150060282e-08,6.530668727077365e-08,7.001389281793672e-08,5.866968001756082e-08,3.439961258743174e-08,-2.7269654434635866e-07,-2.976907737333916e-08,-6.186166324835122e-08,4.31426136155306e-08,-4.927501379109657e-08,6.56130901331248e-08,7.17568265000062e-08,9.443368277703619e-08,1.4263291017917216e-07,-3.427124433119895e-07,8.421658386610063e-08,-8.009154516896595e-08,5.937219077396954e-09,2.658993407498297e-08,-1.1292853617642623e-08,-2.8501514353843712e-08,1.6917403158597497e-08,-1.422876532324529e-08,2.517391735593463e-09,1.2037144326301927e-08,-6.107651786298754e-09,1.9575164192652732e-09,-5.3117901388434155e-09,-6.757974857528873e-09,3.8934265477795883e-10,-2.2725398884396282e-09,-9.470593170027306e-10,3.000775392029337e-08,-4.232793718737268e-08,3.325772859428237e-08,2.246623771113509e-08,1.3640830031663291e-08,-1.919152017807042e-08,2.7768749306100246e-09,3.762920273250891e-09,-2.3729905563451347e-08,-1.0971276280392145e-08,4.296735477197908e-09,-1.0183960654655173e-09,-1.9567482810674833e-09,-1.5705031736149575e-08,3.208268546114381e-11,4.478072088347094e-08,1.776851233175874e-08,-1.716847214131033e-08,1.1343516797335365e-08,-2.83084844571505e-08,-2.2405046138141636e-08,4.2712408393410454e-09,-1.8233342492262659e-09,6.386136755656243e-10,-4.5561405270515925e-09,-6.780548562588229e-09,-3.883453870777132e-08,-4.359075240925785e-09,5.017401296019638e-09,3.108039916570748e-09,-1.4817846939134406e-08,2.032115778889516e-09,-1.1012919499310843e-09,-2.5553003621280963e-09,-7.658240424886566e-09,-1.0094410928306698e-09,-9.895593276380884e-09,-4.9161869199610395e-09,-2.3216687540935484e-09,-5.464858443381655e-08,-8.044017259314495e-08,2.7588534489656502e-08,-3.4785179338101556e-08,1.3785205235320653e-08,2.1162108134627743e-08,-4.832859709471515e-09,-1.858914594451312e-08,9.8583186982465e-09,-1.3482406596170113e-08,8.007497247421639e-10,-1.740286054474493e-08,-3.137459534090323e-09,3.117915041131038e-08,4.345192750029478e-08,1.2718915896740957e-07,-1.3116376983999046e-07,-2.8930180297454158e-08,-3.786294594126899e-09,-1.2864115116695354e-08,-4.0289774737070905e-08,-2.5030861364792963e-08,4.3099673657064084e-08,2.6764646450650113e-08,1.7152758876434282e-07,-7.082938332081318e-09,-1.1806431460824956e-07,-5.659458277285326e-08,-6.562575111576855e-08,4.660001935730991e-08,2.9493874610532745e-08,-1.9599570650661205e-08,1.0696034568366089e-08,-7.459458885056006e-09,-1.3696794048963386e-07,3.1171444553007894e-07,6.82699246339947e-08,1.2536654256209918e-07,2.6609261879802214e-08,2.267512354049053e-08,-3.0919374923302726e-08,-1.9120728743207453e-08,1.8748551323116464e-08,1.1895100656309687e-08,6.157399956957904e-09,2.2229919114324564e-09,-1.3518581054380803e-08,1.4525767809473411e-08,-4.948660587460058e-09,-5.980160718678647e-11,4.620629343744599e-09,-2.7499822045843077e-09,-5.270585150520813e-09,-2.5135899132586853e-08,-1.0757374748625313e-08,3.891693776869951e-08,1.2952680974945705e-08,-1.1741352572453414e-08,1.6132157039286277e-08,-1.5122557437287933e-08,-8.452332806980781e-09,-1.296179610128042e-08,-4.3482910314867175e-10,1.6416324334812418e-08,-2.9867655100641897e-09,-4.173843697518591e-09,4.945378350603525e-08,3.734257475414994e-08,-4.336357863696867e-09,4.511562953656179e-09,4.998387922236306e-10,-5.964108259009338e-09,1.205611436518088e-08,5.552132813868805e-09,4.5289243678652155e-09,5.62501921018831e-09,-3.195040103210923e-09,5.141539247225491e-09,3.2277595971119004e-09
treat_m1,3.5704078091683056e-08,4.775839160497082e-08,7.791156006752119e-08,9.642463875174213e-07,-6.613981029601569e-07,-3.9824267699786047e-07,-7.772258125710376e-08,5.1330079786336756e-08,1.1800805396107392e-07,1.7590513376604346e-07,-3.1547754801046364e-08,-2.073667464375923e-07,6.129770548330363e-07,-3.962207458804937e-07,-3.7079388384571756e-07,-1.5420117417370696e-07,-8.926666094911202e-08,9.84181409331111e-08,1.7087153625901106e-07,6.176884456444879e-08,8.504340566560027e-08,8.41992741310605e-07,-3.365679407594852e-07,-2.1658548242860794e-07,-2.919978436787961e-07,-1.995724772938746e-08,5.720126273131654e-08,2.1048817573217456e-07,1.291042093522707e-07,-2.1400939059866217e-07,7.776719341585852e-07,-7.262455596103197e-07,-1.411514524654531e-07,-2.470587022440296e-07,-1.0616187058567655e-07,-1.0770855322200361e-07,1.9570340840018766e-07,1.5700774896243257e-07,-6.821194339249307e-08,8.719522330069318e-07,-6.729885270519553e-07,3.551399968481594e-08,-2.2768903634456548e-07,-1.309510631874137e-07,4.389775002880929e-09,-2.6340597665105045e-08,-5.337961332985203e-08,1.3182571077761119e-08,-3.806594045634578e-08,9.647695543716825e-09,2.0407921432650574e-08,2.7211581863184037e-09,5.4897429652012576e-09,2.195197683929758e-08,-1.88888100609094e-08,-5.803174598604749e-10,1.1947976012322854e-09,-1.1600113215274227e-08,-4.887110224859648e-08,-1.2744171596067008e-07,7.399133072773283e-08,-1.0140066319931626e-08,5.0244181005920275e-08,-1.7766572193535496e-08,2.7966450371303614e-08,1.2963438539515532e-08,-1.9470337987047516e-08,-3.498201117139933e-08,-6.2107622824475025e-09,-5.516578558711224e-09,-8.616233577810132e-09,-8.211769308207529e-08,-3.7846891409392974e-10,2.0292044438150862e-08,-1.8511994654819038e-08,-2.2394496743573224e-08,1.4736699803711483e-08,-4.628755032678332e-08,-3.012307916633148e-08,1.1066535794894712e-08,-1.4664109408588244e-08,6.600978941275971e-10,-6.2465312884536e-09,-2.3981900706132303e-08,-9.21547416159879e-08,-1.200906656959105e-07,-8.711782411508982e-08,-3.385055745133508e-08,4.144373195501808e-08,8.16761030229662e-09,-2.6160830526257873e-09,-1.0860788681252454e-08,1.161517961461512e-08,-9.197699619784485e-09,-1.7827805744218103e-08,-1.269455020587863e-08,-1.235136487323174e-08,-1.0913444220351947e-07,-1.6068008378077818e-07,-8.195574228507576e-10,-9.308850534366574e-08,2.520109674321987e-08,2.8794760550646554e-08,1.7384213234300097e-08,-1.804771594290299e-08,3.226822813777377e-08,-2.8521405877206578e-08,-7.950113446409522e-09,-1.3600737400011018e-08,-1.6760431421941698e-08,7.092384984269198e-08,1.401916436909748e-07,-1.1359225507210236e-08,2.0507518084539518e-07,-2.6787285365800177e-07,-1.5136470724115184e-07,-9.284381260466708e-08,-5.1174536369729786e-08,4.355342288740293e-08,8.705711319866141e-08,1.7293213220685127e-08,-1.0230223119989499e-07,4.234932666697659e-07,-3.4811290195027377e-07,-1.7877510877335562e-07,-7.331666540190416e-08,-6.940509814237061e-08,1.5197462856161438e-07,-7.022131559855992e-08,6.12823754508496e-08,2.3976616020523654e-07,-9.266050394878669e-07,6.644161947760622e-07,2.6586474507528983e-07,2.9294230614103594e-07,1.3581175169009582e-07,2.8510124962342383e-08,-9.350645630661264e-08,-2.4223707725083968e-08,7.037262780492666e-08,-2.9375706571357133e-09,5.701319374141255e-08,3.793978583366539e-08,-5.341899497147855e-09,3.106260409817608e-08,1.1387992450852113e-08,1.00104149954831e-08,6.553028922022038e-09,-9.037103194082864e-09,-1.197365078384292e-08,-5.987976557841294e-08,2.826546438049697e-08,6.721862207664901e-08,-1.5705597783774369e-09,1.502643718742288e-08,3.490484448713051e-08,-3.474283815138775e-08,-1.1431631612036688e-08,-6.9291965385370065e-09,-9.851778754836364e-10,2.3984897225057375e-08,4.188870524625004e-09,-1.8554435085934584e-08,1.2820963561339673e-07,8.154547797850126e-08,1.2587478247964312e-08,3.5808097898219525e-08,-3.2191172642923824e-08,-1.83885593561757e-08,2.1240060007494074e-09,9.925960336253245e-09,-3.689759250652563e-09,1.2367095427465473e-08,-3.825636660064307e-09,5.213965146173586e-09,1.4386543938145613e-08
treat_p0,-3.5091155592773908e-09,-4.8201523211311844e-08,-3.843860972010004e-07,-6.613981029601591e-07,1.3947445193080663e-06,5.688527355282595e-07,1.54427226287237e-07,-2.033211140137599e-07,-1.279879752467847e-07,-1.5730304519738781e-07,5.741920958905731e-08,-3.53025529862828e-08,-2.028810484823904e-07,4.812906580414943e-07,4.1905463132255936e-07,1.334163426297425e-07,7.747939993799917e-08,-1.3945433535907235e-07,-1.7118184822637298e-07,-1.2482885778612836e-07,-3.2617670699544534e-07,-5.309251436963055e-07,7.592311508202127e-07,-3.17641837855643e-09,3.2075973773278506e-07,-6.244390998968003e-08,-1.0543290823276299e-07,-2.3983553542708594e-07,-2.0603295233594572e-07,1.4538579033107705e-07,-5.311308672798828e-07,1.0265146630148982e-06,1.5452900437761577e-07,2.7770498506522226e-07,2.6601010633309178e-08,1.7701644566517958e-07,-2.213149273692432e-07,-2.0517309511313672e-07,-1.74896161819703e-08,-8.941874800944089e-07,1.2029478255371878e-06,-1.6381767214520907e-07,2.513499375423271e-07,9.438914327311701e-08,-7.59304662242897e-08,6.083917580112242e-08,1.0264013537165557e-07,-5.3441695122238456e-08,4.784348626853764e-08,-5.159840435232661e-09,-4.045904883213889e-08,2.1858204812036036e-08,-2.815063693045691e-09,-1.9023985709097156e-08,1.3592397998108736e-08,4.551163747817828e-09,5.637953637693035e-09,5.9815432711860015e-09,-4.270237578050605e-08,1.933663832609504e-07,-9.837948705653644e-08,-2.8231629674148816e-08,-5.138817032513915e-08,4.51610143201596e-08,-3.073771461043226e-08,-1.98201479864586e-08,5.6555483009986814e-08,4.2920721533211354e-08,4.363654607768258e-09,6.249016647375046e-09,5.2623946140203965e-09,6.997897599863687e-08,3.1282850124357033e-09,-7.77213166261435e-08,-1.5697426374491644e-08,5.3872639848497404e-08,-2.9153447730436778e-08,9.039868385660569e-08,6.09045266011465e-08,-1.7155861293456596e-08,7.534514408661517e-09,1.4080638408495988e-09,1.300873820390675e-08,3.0538974009884886e-08,1.4611625904476733e-07,8.786372956916479e-08,7.589220751731567e-08,-1.0195634262672658e-10,-6.009741127999968e-09,-1.1083612259379667e-08,-5.245802702759328e-09,1.0515927347214903e-08,-2.9453664711927352e-09,9.515182616035073e-09,3.441717409718051e-08,1.867333889683188e-08,1.4674261076051326e-08,1.483350908791677e-07,2.46486434969019e-07,-3.015583124937179e-08,1.264143159021597e-07,-2.700061023512953e-08,-6.098902087087172e-08,2.6240595141028384e-09,3.751660838435502e-08,-4.007459260966103e-08,3.549236867776623e-08,4.871620904462765e-09,3.69633262144553e-08,1.4726207063294056e-08,-7.836309826966559e-08,-1.6985047701097759e-07,-2.377022827390792e-07,1.6881849563381095e-07,3.454979214967472e-07,1.4453448382374975e-07,1.4153119938514388e-07,1.6840142985367265e-07,2.670390923310166e-08,-1.2508709060485966e-07,-8.431184822418377e-08,-2.606257633633536e-07,-1.7439306939794815e-07,6.742959193764918e-07,2.093165131254667e-07,1.4563208984182814e-07,-2.4183686116144942e-08,-1.813780687609855e-07,7.176685686081772e-08,-3.97670462193417e-08,-1.1298185268735152e-07,8.637789588110835e-07,-1.2118020688097502e-06,-3.8372876957556274e-07,-4.5350256439985986e-07,-2.018588003532222e-07,-8.530832589716048e-08,1.2692859218753824e-07,7.767824899607084e-08,-7.190197956326246e-08,-2.211099074757733e-08,-4.593554962476023e-08,-4.712522086510802e-08,1.545977213629111e-08,-5.4885596471204326e-08,-7.224539287367045e-10,-1.0507629881029188e-08,-5.578932017660272e-09,1.416396892824331e-08,1.737324087544339e-08,9.263293601306817e-08,3.048556296775758e-08,-1.1778862387005016e-07,-1.2919115846878296e-08,3.060231329801381e-08,-5.287241088973586e-08,5.6656364004483264e-08,3.2084604454263834e-08,1.6102367493227916e-08,8.004206307334939e-10,-4.99848324648831e-08,6.128326017953037e-10,2.0867301159010786e-08,-1.9696973546857096e-07,-1.5161034459199214e-07,-2.3285213565385924e-08,-3.3670912548520566e-08,1.0961140699636897e-08,2.351871505093058e-08,-2.0328226177747704e-08,-1.3550020633151709e-08,2.5149114488107186e-09,-1.4447221990377813e-08,5.260250393544317e-09,-1.3598543209971922e-08,-1.6715384599652327e-08
treat_p1,-1.5449727826060096e-08,-3.097076712700557e-08,-1.0469427779930288e-07,-3.9824267699785766e-07,5.688527355282617e-07,3.134868920865447e-07,5.0155040684666235e-08,-5.2721890077817174e-08,-5.5359960572619764e-08,-8.56955518899695e-08,3.433671516252631e-08,6.082527765216765e-08,-2.2810386863836875e-07,2.1874093861873732e-07,2.6553960227702633e-07,5.109756785248785e-08,5.346171677421059e-08,-4.970105945991647e-08,-8.544801297647793e-08,-4.7616300371274165e-08,-1.1204158311322301e-07,-3.3943238590455843e-07,3.219478083788418e-07,9.134529166866507e-08,1.585604018580177e-07,-9.105929783954306e-10,-4.8339670278043835e-08,-1.2792149234126924e-07,-9.009878648077461e-08,1.0680836860934155e-07,-3.2607143915494455e-07,4.2780414714513694e-07,9.84845830142254e-08,1.2821244707985286e-07,3.331937727402067e-08,8.264051523664645e-08,-1.1347747418496905e-07,-9.14505678834768e-08,2.54018417429621e-08,-4.35221324808966e-07,5.049935787279288e-07,-3.71992005635162e-08,1.2103403374086431e-07,8.085747838913745e-08,-3.2523543383848025e-08,2.3077412419487318e-08,4.862058597220445e-08,-2.9046826488843383e-08,2.1281406239240136e-08,-2.2882902357962677e-09,-1.571735381172379e-08,5.686421690678121e-09,2.4979918997031483e-10,-1.4626339033368087e-08,7.031222196526735e-09,1.3814470721076506e-09,6.240464257523381e-10,3.4128707004718733e-09,-8.991638045719221e-09,9.403876012476011e-08,-4.663938739140069e-08,-2.3805534625494336e-09,-2.170998719338074e-08,1.8517277462009183e-08,-1.7630869242953595e-08,-7.90667855991652e-09,2.121921942916119e-08,2.2267229671714022e-08,3.523549830294902e-09,2.970091726250188e-09,2.5790786143965013e-09,3.174357584264509e-08,2.793111791878553e-09,-2.650388228628891e-08,-1.1603567884099282e-09,2.2939062749714395e-08,-9.184737924150921e-09,3.89036148001441e-08,3.009238113148678e-08,-7.692381173579202e-09,6.821811945401291e-09,-4.5771025891063605e-10,4.098262609060015e-09,1.429155032401098e-08,5.4415367964374184e-08,6.02600535239407e-08,4.2985699698065175e-08,4.200037697695048e-09,-8.127726717407744e-09,3.638091710328388e-11,-1.1278284955575163e-09,7.178839111374328e-09,-6.925930514997202e-09,4.736580358745906e-09,1.4250306020492804e-08,7.802271719334091e-09,7.394164511252661e-09,5.088370943299401e-08,1.0788071319514038e-07,-8.825479568937188e-09,6.009327262570454e-08,-6.21693773178786e-09,-2.146750583486854e-08,-1.9238116348287043e-09,1.585822229888607e-08,-1.8723138271362512e-08,1.4295477471048144e-08,1.1411127100005038e-09,1.1647277142421373e-08,7.76073319303666e-09,-4.094342746044386e-08,-7.963040211041462e-08,-6.066550742613217e-08,1.2851695060489462e-08,1.5951082474375107e-07,1.0215990706835764e-07,5.887584170680047e-08,6.18310543910639e-08,-2.6758489789996247e-09,-5.6716653355754046e-08,-2.6100731460585954e-08,-3.9124204519915387e-08,-1.669926027841778e-07,3.1876697430028236e-07,1.1220265629624178e-07,3.6356056765233225e-08,7.66751832929607e-09,-8.576229240937708e-08,4.6390176779451534e-08,-2.3107590476704067e-08,-6.554675416506218e-08,4.5624812307670036e-07,-5.164364645398562e-07,-1.949655888830063e-07,-1.8623830585141417e-07,-1.0063894372665184e-07,-3.867525389990601e-08,5.296141948483642e-08,3.55731442353932e-08,-4.168475154107859e-08,-1.6502886368900028e-09,-2.844391605625338e-08,-2.6161880426835934e-08,3.810043414973898e-09,-2.3468492622215474e-08,-2.6869726371603655e-09,-5.682131187028524e-09,-3.075373479432598e-09,5.939917013905052e-09,7.238087059516719e-09,3.484597951506948e-08,6.7870412085904995e-09,-5.4997340501238664e-08,-2.5653763632990506e-09,1.1880925178961108e-08,-1.824742824725404e-08,2.4878656216253954e-08,1.497665867026126e-08,2.773402392286761e-09,-3.1948758146006045e-10,-2.0543556343453288e-08,-2.422960887444898e-09,1.0190803553024556e-08,-8.68667792606783e-08,-7.327872691324597e-08,-9.54680461624234e-09,-1.850561501204745e-08,7.712704313464318e-09,9.001668087303517e-09,-6.012519299220059e-09,-7.777690251804233e-09,3.6964548100681755e-09,-6.305368111679302e-09,2.9693418551135935e-09,-4.169363970589825e-09,-7.950275561886888e-09
treat_p2,2.434052876491533e-09,-6.60652136944921e-09,-4.3825976765300856e-08,-7.772258125710182e-08,1.5442722628723735e-07,5.015504068466885e-08,1.4389993230066501e-07,-3.591320463730824e-08,-2.740034125388499e-08,-2.413720107770671e-08,-2.746991064092977e-08,-5.7431317892619227e-08,-2.4769555871621212e-08,1.170147196832658e-07,4.081246432181505e-08,1.0295840158950288e-07,1.6731663411454393e-09,-2.5346817102731898e-08,-1.9692869120625966e-08,-2.9429241162478438e-08,-5.204648563311249e-08,-8.759383716031729e-08,1.169033129208576e-07,1.0493420880969933e-07,1.0901717104710316e-07,-6.587677667438576e-09,-4.879040035920163e-09,-9.862202497420491e-09,-3.4551788005114996e-08,-5.7368601722939574e-08,-4.220663296608559e-08,1.9243568755942796e-07,9.149066589659859e-08,9.132038149428242e-08,1.5826752026036906e-08,2.507559517551807e-09,-1.2826015545386371e-08,-5.3868930558148173e-08,-2.2682364031630673e-08,-1.692647698855457e-07,9.424366220298394e-08,8.804688935865739e-08,1.078179284695946e-07,-2.2817514230219343e-08,-5.990102890497748e-09,2.878784291847547e-09,-3.1691429626309315e-09,-6.587104235408992e-09,3.9897996098073796e-09,-1.3712095695503024e-08,-1.0137739854193628e-09,5.62398331424257e-09,-9.859051339476533e-10,3.922894492659591e-09,-1.896318653263804e-09,1.3919194291345954e-09,3.341895618519157e-09,2.41397401585231e-09,2.6480078453198548e-08,-5.435925414545027e-09,-1.3204439589130453e-09,1.1961306678859182e-09,-6.459118074268919e-09,8.073529999138831e-09,-3.052686457069102e-09,7.742494560435111e-11,5.504968950309055e-09,2.3315154894108247e-09,1.5695555179904454e-09,2.2872615679557476e-09,1.120929783748516e-09,6.435955160060882e-09,-1.586884497237427e-08,-3.8541476893530483e-10,-4.084734643914677e-10,-1.5641612588882413e-09,-4.954400497110045e-09,-6.630659355534341e-10,-1.0455573556689507e-08,-3.291248373464074e-10,-1.8217919143464187e-09,1.9665445708200334e-09,1.8451516730888047e-09,3.852160337716874e-09,3.3827909210276926e-08,-8.130125322601002e-09,8.756278543815754e-09,6.301664337526504e-09,-9.13279439894804e-09,-1.4213329668754858e-08,1.551601894047616e-09,1.3135595285012922e-09,4.257204591590759e-09,1.9401515678651746e-09,3.035341416920852e-09,5.653825123109601e-09,5.012777694597116e-10,5.1409170373113224e-08,8.702732388051112e-09,4.611720972128102e-09,2.843665877237412e-09,-7.650156178135898e-09,-6.922511920214042e-09,-4.223241355482229e-09,-5.3022012319016585e-09,-3.048641169227245e-09,6.213182137831618e-09,5.846751080975532e-09,5.101996473729824e-09,2.5140040266706913e-09,-1.3303452438797769e-08,-5.787734040829238e-08,9.732266526456175e-09,-4.470178435656116e-08,1.264722822303137e-07,-2.8592788534868733e-09,1.5164902340587685e-08,-3.786027651226909e-08,9.544134437846113e-10,-1.3452629986303561e-08,-2.0689664678470685e-08,4.083711131425249e-09,7.485681187332483e-08,-1.008346846533542e-09,3.4554753196451105e-08,8.624682724818055e-08,-2.1462129166253285e-09,-2.6179587199626095e-08,6.994787877415116e-10,2.5125496611916203e-08,-4.965979282771652e-08,1.3629265730863209e-07,-7.887053861049157e-08,-5.927025749069238e-08,-9.968442660181677e-08,-9.725733599809467e-09,-3.75836617808586e-09,3.568084193570927e-09,-2.3776102363275874e-08,-2.503738921185727e-09,-1.1582127837694386e-08,-4.169422385492278e-09,2.2582272753970818e-09,5.559278110916813e-09,-5.150776750002141e-09,4.964705829053147e-09,-1.8624445307073736e-09,-1.9888441048696156e-09,6.581194364141476e-10,3.1351943502718897e-09,7.338514225576876e-09,-2.5740957343145287e-08,-7.915324066026229e-09,-1.3452705133939573e-08,-1.140130635145384e-08,-2.1418251054596562e-08,8.979180135561277e-09,-6.5609315894770075e-09,5.9494065476482475e-09,1.9506096008127625e-09,-3.1180450725335543e-09,2.159658402889868e-09,3.0053746134093585e-09,-1.9720262442567976e-08,4.159141341346285e-09,-9.821730607685139e-09,-3.6402240255122458e-09,1.464258870164742e-09,5.598082066605709e-09,-1.6821589433581448e-09,2.149979907458853e-09,-5.890267235942468e-09,-1.9532116130919e-09,-9.363034600185045e-10,-3.889371756343978e-09,-3.384907304119374e-09
treat_p3,-4.7844835356202545e-09,-1.0091675028131515e-08,1.0676249264731665e-07,5.1330079786337384e-08,-2.033211140137577e-07,-5.2721890077812376e-08,-3.5913204637308844e-08,1.1190476774049924e-07,4.50498920508857e-08,2.3282486352807307e-08,-1.1440507990418393e-08,6.720786909374585e-08,-8.109095659915464e-08,-4.828642842825808e-08,-5.270204674420507e-08,-4.190198131361275e-08,1.2941575435275621e-08,3.0793664923083095e-08,3.440783033545762e-08,1.6828824913837018e-08,8.046340567204848e-08,-9.615818960820815e-09,-9.441009965818633e-08,4.689136426811856e-08,-6.444596908714602e-08,4.9654108771475475e-08,8.118290488830281e-09,4.554811121852689e-08,4.115680779009653e-08,-7.160081253139244e-09,1.377635685252544e-08,-1.7385226245298145e-07,-4.679961960764292e-08,-6.749366393122946e-08,2.4785467184539177e-08,-2.0137820297852095e-08,4.9737407304233765e-08,3.720724538489171e-08,2.5147775399619893e-08,1.2101410764162546e-07,-2.095251259775219e-07,4.998385153069926e-08,-4.719096482988676e-08,2.4760264240808005e-08,1.631141357503223e-08,-4.713070352796418e-09,-1.2183497817513388e-08,6.335868729634489e-09,-2.8753880020083392e-09,4.2771783873400344e-09,4.307973374096861e-09,-5.850738532583127e-09,1.3478585206437388e-09,-9.325108760128266e-11,-1.9976686005790903e-09,1.115727577274057e-09,-2.805298576010491e-09,-4.924296377708696e-10,3.3301516763599087e-09,-2.662875618390828e-08,1.569340714582674e-08,1.315296288851481e-08,9.42486480464906e-09,-1.326277683060006e-08,3.148174331192312e-09,4.609175767244063e-09,-1.2375642582582926e-08,-8.692616428712874e-09,-3.2109867415606966e-11,-2.9040022354315215e-09,-8.947517093758517e-10,-2.0540915261093156e-08,-4.187021312438392e-09,2.207944389890662e-08,1.9269961272532742e-08,-1.0857045122491632e-08,8.562721945868647e-09,-1.718903328590819e-08,-4.707868670936188e-09,4.9833611446263725e-09,-1.7280476215517964e-09,-1.6590870698358353e-09,-5.284884842989723e-09,-4.993759905881919e-09,-3.6007598330250534e-08,-8.15020834921456e-09,-6.976490661120231e-09,5.019205042420845e-09,6.780640808311801e-10,5.125302948648093e-09,-1.3762739991173343e-09,-7.951713393428165e-10,-3.2239187063705193e-09,-3.114600649497995e-09,-7.400674298044364e-09,-7.343671419566763e-09,-5.959625218103056e-10,-4.581298101160313e-08,-5.7833185930432455e-08,6.426651619484787e-09,-1.7010041156957453e-08,2.6939698125909883e-09,1.284758796111131e-08,-1.136151589672377e-11,-7.390456764086494e-09,9.351357592682297e-09,-1.2266202361447594e-08,-2.0740531329743053e-09,-9.697554044634547e-09,-3.6272148739738434e-09,2.4343639485831252e-08,2.5248273928132884e-08,7.555314043867973e-08,-4.309231209492708e-08,-3.2479200640427986e-08,1.9881808148756304e-08,-2.7194672352743727e-10,-5.663707906370792e-09,-5.864514007143467e-09,3.451971397105562e-08,2.155250117961533e-08,1.1833751048276685e-07,-6.629772776926389e-08,-3.857630937504363e-08,-3.770688063150279e-08,-5.552189613674141e-08,5.2006283299363946e-08,2.1698451996966803e-08,-2.157312011938025e-08,8.893449468826364e-09,1.695954251357271e-08,-8.033312603685609e-08,1.863851079250293e-07,5.0110044068363504e-08,8.658250752194279e-08,6.913441153402866e-10,9.5689245627199e-09,-3.4310369983813524e-08,-1.0217562275287913e-08,6.186565145820851e-09,1.2068341066659023e-08,7.734498703071818e-09,5.7114623199831375e-09,-8.75850665615789e-09,8.751474851263576e-09,-2.6038756106143652e-09,6.572994492284657e-10,3.3655268737843943e-09,-3.76655391245523e-09,-4.2436727723945334e-09,-6.0964141217831464e-09,8.836964642151468e-09,2.6658232477463685e-08,6.9275209205376244e-09,1.329608417428817e-09,1.1690759105569594e-08,-8.427463783854029e-09,-6.280839020721358e-09,-3.1605413293069974e-09,1.800641988849596e-09,1.084377870879876e-08,-3.0180255166607307e-09,-2.9980842486103276e-09,3.846745771576366e-08,2.023700510002686e-08,2.3300387408155187e-09,-7.863620213552769e-10,-3.0031707296309507e-09,-6.185473736036427e-09,4.7204766736225205e-09,1.6060946294485838e-09,1.0422596803136703e-09,4.285904954058075e-09,-1.0558174578896445e-09,4.569846601452153e-09,3.0265681461720795e-09
treat_p4,2.8321316281530317e-09,-5.43124931801517e-10,3.905826569857223e-08,1.180080539610745e-07,-1.2798797524678676e-07,-5.5359960572623026e-08,-2.740034125388482e-08,4.504989205088519e-08,6.400225178277278e-08,3.9971115064466375e-08,-2.1055779764638663e-08,-2.4587588133990652e-08,7.004159149774463e-08,-5.775787508134662e-08,-5.0186751330236714e-08,-3.212551214351886e-08,8.69593361023526e-10,5.412685912583363e-08,4.043996670487093e-08,5.585341856241682e-09,2.522363346414216e-08,9.64010809046438e-08,-7.059965601204067e-08,2.5707261273357276e-08,-7.893779580230753e-08,2.3733779922895648e-08,2.9584500586971544e-08,4.9913553088980843e-08,4.055324608670151e-08,-4.36472585447307e-08,1.1974784072142995e-07,-1.4253634022704585e-07,-2.603916152312044e-08,-5.3185560720518124e-08,5.227188295958536e-10,-1.846310919011656e-08,3.822212106888552e-08,3.5350888032923496e-08,-3.168280121430238e-08,1.3274996551781025e-07,-1.3230509608628145e-07,3.740140277052324e-08,-5.182513538914668e-08,-1.566997900940615e-08,2.996155644083271e-08,-5.6645591895626366e-09,-5.711815561765527e-09,-7.432116956118339e-10,-1.136572301792733e-08,6.227160472933814e-09,1.681226086433932e-09,-8.101786356019401e-10,3.4311730244457224e-09,7.829178812185728e-09,-8.066215768916867e-09,-5.960659561456691e-10,1.0048802595374911e-09,-2.996603326745884e-09,-1.1091011850495214e-08,-1.686315142805294e-08,1.5851045145889105e-08,-2.0031537225866604e-09,9.257656613330764e-09,-9.531756011903325e-09,3.502026832720345e-09,3.5765155772975498e-09,-8.360832609299273e-09,-1.2081010697534635e-08,8.192857150416891e-10,4.677760353317223e-10,-2.3579443364255347e-09,-2.417529720405058e-08,1.1640622290546988e-08,1.0637362033260212e-08,-4.122939331696761e-09,-4.656538609491389e-09,7.58191288235941e-09,-1.209948761006842e-08,-6.650749858834339e-09,6.952619874309677e-09,-3.2470397183409466e-09,1.0801303457461019e-09,-1.1740011284783714e-09,-6.175590590684396e-09,-2.6789906556884068e-08,-2.6403384103925187e-08,-1.9505401597338636e-08,-7.766204995573552e-09,2.817899666591771e-09,1.3953198925585865e-09,-3.3787359224084996e-09,3.760403953213819e-11,1.9077670226533926e-09,-6.601407943520874e-09,-5.2981077156715175e-09,-3.220846842935432e-09,-2.3722932457611577e-09,-4.008751546803809e-08,-4.1681836314610876e-08,6.625277467846508e-09,-2.8323473443492264e-08,7.464058597154772e-09,3.6234886230466223e-09,6.851742260258005e-10,-2.094244930728408e-09,1.1623755434062105e-08,-1.1108988114892244e-08,-9.916310587596232e-10,-5.815081921867796e-09,-5.266695026665491e-09,6.50251674856497e-09,2.0246498088447106e-08,2.0196643686525558e-08,3.1579833908554563e-08,-2.3936165867397915e-08,-3.348422679933082e-08,-1.7025918738986596e-08,-6.338259941300929e-09,1.2376844857412109e-08,2.2596650633281425e-08,-6.138684109350074e-09,1.28732942402017e-08,2.4597686625734177e-08,-6.315700864320673e-08,-5.6109580653083455e-08,-4.204955463539553e-08,6.151393614864531e-09,4.8410537964341456e-08,-8.305459643151997e-09,1.7500886232994705e-08,6.108237458664374e-08,-1.6405345846911621e-07,1.2943141203586626e-07,5.116879302464862e-08,7.640643957537107e-08,2.365441112798784e-08,-7.429169871147588e-09,-3.098683680405115e-08,-2.08941207382153e-09,1.2760884841630019e-08,-2.6476766556988127e-10,1.5761068587429866e-08,5.059423742054512e-09,-7.292311472970232e-09,1.0297906985953043e-08,4.798811111315561e-10,-8.326834536187404e-10,4.54832638307192e-09,3.7954559839516605e-10,-2.565937776024372e-09,-8.507953669223059e-09,1.3371634974866215e-08,1.498736425189464e-08,3.358980646551391e-09,4.112859746273117e-09,5.203721383246767e-09,-9.027886716184009e-09,-3.47826961548969e-11,-4.834658415229338e-10,-3.5597125331083712e-09,6.5519547930909386e-09,-7.806041855093292e-10,-4.640614660168675e-09,3.448457302149825e-08,1.389252339804713e-08,4.753278578187856e-09,1.0101711485837838e-08,-6.2473135182748586e-09,-2.714603613280153e-09,4.207468037835306e-09,4.259648247323502e-10,-2.3817486547624864e-10,5.80979223641947e-09,-1.5062457831635449e-09,1.9819959380335945e-09,3.4819349162019777e-09
L4treat_m4,1.0161640857524123e-08,1.544387227650154e-09,3.3028189931915006e-08,1.7590513376604494e-07,-1.5730304519738607e-07,-8.56955518899699e-08,-2.413720107770656e-08,2.328248635280757e-08,3.997111506446602e-08,5.713423699746107e-08,-2.2337508397770715e-08,-4.11581003734141e-08,1.489308841939742e-07,-8.555152729354016e-08,-7.597360489695648e-08,-2.3197515984828503e-08,-2.7120578495780573e-08,3.541017441863844e-08,4.9386533650255875e-08,-1.9505630756870253e-09,3.264242442544819e-08,1.7361483706747523e-07,-9.485873478871848e-08,-1.1399743719706909e-08,-7.665837070162835e-08,3.37048847087305e-09,2.3843310463322956e-08,5.73899719848328e-08,3.527477408322287e-08,-4.124250746732048e-08,1.6749639879990292e-07,-1.7834784902051835e-07,-2.077315076160068e-08,-6.156209465042777e-08,-1.6516691215565447e-08,-3.343921381164248e-08,4.611954944582586e-08,3.2255208410555645e-08,-1.8149321039287528e-08,1.796187967613281e-07,-1.964920014047783e-07,3.5983118079996435e-08,-5.6202624572791336e-08,-3.714794441311746e-08,1.7923152586783676e-08,-1.4464746128948224e-08,-1.5411882775348746e-08,2.6510928444898165e-09,-8.619747940417543e-09,6.916826322515381e-09,1.3133695216537046e-09,-6.715991308960627e-10,3.09647319815819e-09,8.611693456770391e-09,-8.72530076059816e-09,1.8758358945379052e-10,9.619870900252385e-10,-3.2693242370055366e-09,-7.474470553284547e-09,-2.6814713480313732e-08,1.8679239244002132e-08,-7.052858790113754e-11,9.40129938638074e-09,-9.15117840157994e-09,5.02675914087199e-09,4.967588207045304e-09,-8.719220833276097e-09,-9.994608862237019e-09,3.6504902965803094e-10,1.283098155850891e-10,-2.9869798431305793e-09,-2.783686797333692e-08,2.5503331325718153e-09,1.2725810585908846e-08,1.9599688713555967e-10,-3.900594712920342e-09,6.819103455175816e-09,-1.486898597250975e-08,-1.031224083922572e-08,2.5706376196233502e-09,-5.098868656766636e-09,2.330606675774109e-09,-1.410400269484695e-09,-6.589305517113426e-09,-3.4394606558013684e-08,-3.1524867305670374e-08,-2.1850496922899074e-08,-4.727555161085479e-09,2.9214508551145594e-09,-1.4399819593105845e-09,-4.777315797346272e-09,1.0758453290126032e-10,3.5168770433493424e-09,-5.565291249629551e-09,-4.229073660014733e-09,-3.6264483682888772e-09,-3.7223226278811967e-09,-2.6570052967150543e-08,-4.549099045942098e-08,1.1607720788525341e-08,-2.229119743876188e-08,1.0653674979897645e-08,6.379176152978589e-09,1.108575532947555e-09,-3.125869892056239e-09,1.0668630524203028e-08,-1.0558232256779503e-08,-3.1268900910055965e-10,-4.806777787364922e-09,-5.7835613436180235e-09,9.403261837348939e-09,2.2922996903049722e-08,2.899622857407415e-08,3.1139331146407476e-08,-5.854964672723693e-08,-5.1713589828143775e-08,-1.3010348602475592e-08,-2.022423898592454e-08,1.5092283634111262e-08,2.940530173894597e-08,-2.8822250476366296e-09,-1.502689144407689e-09,6.865666272579583e-08,-1.0201414628631331e-07,-4.439851290406996e-08,-2.4796027559146408e-08,-1.7897366646458582e-08,3.8585249857481067e-08,-1.1112203216455469e-08,2.6839084648275386e-08,4.831535174199295e-08,-2.104704577080177e-07,1.8377423279550164e-07,6.446713758742055e-08,7.499918544892895e-08,4.2272416264609734e-08,3.5139742132489665e-09,-3.178621958477057e-08,-1.0747187844504271e-08,2.3106625538109565e-08,-3.96168332671468e-10,1.6511520391297903e-08,7.948580031796987e-09,-5.479274564952775e-09,1.116253546707857e-08,1.3581129536777104e-09,-5.423051042163012e-10,4.791475616957932e-09,1.967547729941008e-10,-1.7930877582776505e-09,-2.7072392757005582e-08,3.995927149980748e-09,2.452388013265667e-08,5.604415133964401e-09,4.109295805222782e-09,6.22838587146555e-09,-1.0953729283393462e-08,-7.907497284093827e-10,-1.5208937982340993e-09,-4.068139017607756e-09,8.541034702289454e-09,-1.5331669124802223e-10,-5.324599883546543e-09,3.6807202779696195e-08,2.19765121966136e-08,7.298494596816767e-10,7.568296532558715e-09,-8.211900932715029e-09,-3.612654238865642e-09,4.3972106180772925e-09,1.5535956970059926e-09,5.225622800606521e-10,6.15309673750955e-09,-2.6142187328171117e-09,1.5194023029520573e-09,3.6174115129353593e-09
L4treat_m3,-3.299798372886979e-09,5.9026475063743466e-09,-2.4315121944717854e-08,-3.154775480104554e-08,5.7419209589055825e-08,3.433671516252568e-08,-2.7469910640930513e-08,-1.1440507990418681e-08,-2.1055779764638422e-08,-2.2337508397771546e-08,4.3188259135805245e-08,3.790913405724187e-08,-4.903777777964395e-08,-1.654641200450874e-08,1.7443701273702336e-08,-3.599237434481896e-08,-2.6031784475861414e-09,-2.7732620893675232e-08,-2.7876375690168465e-08,1.7322765696888986e-08,-9.278596925441604e-09,-2.1715232381083724e-08,4.736312190704558e-09,-6.719324304653335e-08,1.598628943409834e-08,-7.708947909558679e-09,-1.7547564733928134e-08,-3.633006473132955e-08,-1.4069472642526777e-08,5.086986158990879e-08,-5.365525317404959e-08,1.895937718850689e-08,-1.9813982743550762e-08,-5.714420428141065e-10,-1.966594076572919e-08,1.2853500499687508e-08,-2.5031947130492286e-08,-5.250036482192108e-09,2.4531190551850238e-08,-3.197228659928818e-08,8.877859839272233e-08,-6.669332653952352e-08,5.302821830789233e-09,3.037078779095209e-08,-1.9742424790799292e-08,7.392304968286547e-09,1.1553164289379731e-08,8.11705515753304e-10,5.669150270488666e-09,-2.575143504393165e-10,-1.6092021645299625e-09,-2.7636874489984414e-10,-4.119361936561995e-09,-6.022437114049241e-09,7.094681739297207e-09,-1.9254215049576005e-09,-2.4317974559518303e-09,6.197976034692129e-10,-1.4990705381856204e-08,1.2848257662960486e-08,-1.2970859535049906e-08,-2.3753838046707755e-09,-1.4777256105010737e-09,4.062021936206109e-09,1.6374410741053842e-10,-3.6053887920770243e-09,7.776516898420362e-09,7.395053750126942e-09,-2.270945298545249e-09,-2.785394254969556e-09,1.6928908400797522e-09,7.871625532519511e-09,-2.585949527525075e-09,-1.2531892196808527e-08,-3.889683901691818e-09,5.542537830016862e-09,-3.631239100786613e-09,1.1265058612644267e-08,1.2666176660938315e-08,-2.8482974336275957e-09,3.3632926050434044e-09,-4.237258013095466e-09,-1.1357059920315977e-09,2.5190155644129837e-09,6.254040200080427e-09,2.2307543117756013e-08,6.693099507681551e-09,-4.2355885265691374e-09,1.1425736723226402e-08,7.06760588709312e-09,3.843289515610767e-09,-1.0377850996782423e-09,-5.637560568120752e-10,3.8285341383976896e-09,1.6500526247776318e-09,-8.996491480642109e-10,1.8195734088759232e-09,1.41039501985059e-09,2.9362628223934617e-08,-1.609503655148064e-08,1.459716430147409e-08,-6.410688697534601e-09,-4.160559482324519e-09,4.376284641631162e-09,3.2271047085309684e-09,-6.367605912183957e-09,4.847204897638285e-09,-3.715496151848375e-09,3.400176524284011e-09,2.5384190794681812e-09,-1.7328754660041376e-09,1.1439329126428905e-08,-2.9912668577488665e-08,4.2893869257966784e-08,-1.8763304891826887e-08,2.826008528279901e-08,-3.151531162802841e-09,2.3068178255072473e-08,-7.09132810394424e-09,-1.4914733809921743e-08,1.382702139047916e-08,-1.3910244209200537e-08,-5.3865853906532946e-08,8.03170059656398e-08,1.4920906490015516e-08,-9.832003239232536e-09,-6.597024624104787e-09,-1.5447323055705373e-08,6.160915758829232e-09,-2.5573981465846467e-08,-1.3485965439306287e-08,5.472173297980368e-08,-9.545484785973548e-08,-1.2359076399527658e-08,-1.427452757077749e-08,-2.304540995409557e-08,-1.4654257964332564e-09,1.4838099230917937e-08,1.4346193598714674e-08,-1.4943808451742553e-08,3.7003055372173793e-09,-7.669536274331646e-09,-3.500753119963241e-09,4.08941498400584e-09,-7.243704239749717e-09,-1.1754441712880902e-09,1.968156599093042e-09,-4.15553958936065e-09,-2.239985935902102e-09,-3.860830695624147e-10,1.2189981959804281e-08,1.1123743405074532e-08,-1.2110708708052747e-08,-2.0855445687722875e-09,6.878925081071034e-09,3.142667719367631e-09,4.176825041967958e-09,9.18608976388778e-11,7.925210657586289e-10,2.744156048239299e-09,-6.601399102656299e-09,-3.810899389048942e-10,2.1140068687389203e-09,-1.7323558766734434e-08,-1.857140803580216e-08,2.718342445526021e-09,-3.893598826932757e-09,2.9767256991554304e-10,-8.752523872373968e-10,-5.172831300889752e-09,-9.591973850387733e-10,4.129075383310288e-10,-4.0779525166632465e-09,3.527696712564007e-09,3.4313533197577605e-10,-8.240471388141541e-10
L4treat_m2,-1.14042257372165e-08,-8.94307027699328e-09,1.2240594333175858e-07,-2.0736674643758774e-07,-3.530255298627637e-08,6.082527765216729e-08,-5.743131789262167e-08,6.720786909374703e-08,-2.4587588133990133e-08,-4.115810037341387e-08,3.790913405724213e-08,2.4158677508119026e-07,-3.0493493502037413e-07,1.6659652975836807e-08,5.313844685744448e-08,-5.9223119836066976e-08,1.442686747695523e-08,-4.051856549493941e-08,-2.5960147086357563e-08,2.454051840415983e-08,1.2571895273745534e-07,-2.626876480496336e-07,2.7370301870421962e-08,6.152409548874736e-09,4.393460556867657e-09,4.06442867600155e-08,-2.4866344472114482e-08,-3.93183163633489e-08,-1.6000324833543648e-08,1.8837717217225625e-07,-2.4665141486071284e-07,2.6294157989656233e-08,-4.295885475546109e-08,-1.7937836393909342e-08,1.936211878752471e-08,-4.4768680924861025e-09,-1.024261864862545e-08,-4.6215624765123867e-10,1.7038138259337763e-07,-1.45216537254254e-07,4.899318837208209e-08,-6.078174277418794e-08,2.36504774588364e-09,7.334686486242142e-08,-1.9842196152211102e-08,1.4277459829153748e-08,1.133852827807356e-08,8.986225644422627e-09,-3.271640410055271e-10,-1.823210937517864e-09,-3.7743933759685885e-09,-4.034783476026103e-09,-5.1992504406953194e-09,-1.8098949095600654e-08,9.468678253195863e-09,-3.970309922737442e-10,-6.125922355444929e-09,3.356314850534393e-09,3.2978079519931467e-09,1.8486518659034908e-08,-1.227897589148908e-08,1.2827885509955915e-08,-1.933450748635723e-09,-5.239886393115911e-09,-2.936954318865157e-10,-6.039693030437888e-09,-4.191077740427173e-09,8.340568659621754e-09,1.721563263291191e-09,-4.366789957468339e-09,2.163796144020678e-09,1.3150916802557275e-08,-4.026765720319318e-09,9.225979422612948e-09,2.1116643758757005e-08,2.8923451124744365e-09,-1.8053225059370863e-09,7.2013890920423416e-09,1.2777077962606046e-08,-5.011707034249568e-09,6.682089654432183e-09,-4.626468037343291e-09,-4.4340655277003485e-09,4.519842737805285e-09,-7.59336701572864e-09,5.328144186450042e-08,3.093481838310004e-08,-7.146260875658984e-10,-2.883472762629227e-09,1.2090947233217936e-08,5.735273703338202e-09,-5.958035591528088e-10,-8.89734484118385e-09,5.987663594987026e-09,3.3606705097434426e-10,-3.985606373090858e-09,4.371033417267684e-09,-1.970809396495104e-08,1.6611108983551547e-08,-1.1011495362882614e-09,1.3784303673765607e-08,-5.9094144885462434e-09,1.8183912432294437e-09,5.2937718609884585e-09,-7.643144905030776e-09,-1.0550082019466536e-08,1.3688109934725965e-09,-2.3122474826853253e-09,-5.059003468328647e-09,3.7104386496459202e-09,1.8680997223536226e-08,3.012036931941002e-08,1.0073661427471457e-07,-1.2266402461562807e-07,5.59167248670918e-08,1.0114547817131293e-07,3.503234070052101e-08,1.7706223696021493e-08,-3.224282663796098e-08,2.6297628396581185e-09,3.144105571370256e-08,1.4554799856509472e-07,-2.2163351281243376e-07,1.8060868399466345e-07,3.759809474325264e-08,-6.498710158675486e-08,3.266421973124659e-08,-2.9995795147115776e-08,-5.939745706596093e-09,-3.0021743333986127e-08,-9.932081065782547e-08,2.2393098175273227e-07,-9.281435803932798e-08,-3.474057268026902e-08,2.512863718620126e-09,-4.923412394836916e-08,5.592543421600159e-09,1.5441167154527393e-08,1.3234964076268105e-08,-2.8222101878208506e-08,1.4126358019912995e-08,-2.0669691930126922e-08,-1.8257963038628698e-08,-5.224033620846893e-09,-8.799492987853933e-09,-1.056095299028026e-08,7.788508710773251e-10,-2.1481110325078393e-09,-3.124505764658452e-09,-2.391928586707897e-09,1.4644845523236284e-08,9.494370337220374e-09,-3.066256612947992e-09,5.17766529006681e-09,1.2313510103678853e-09,1.2214823156430354e-08,3.77528621676297e-09,-3.507095811029637e-09,-5.592822795292034e-09,4.893543289877636e-09,-2.843636667586725e-09,-3.6116119405004873e-09,4.1835127204598995e-09,-1.5480056105103397e-08,-1.916302224919993e-08,-1.0375880102043321e-10,-8.014803989173878e-09,7.406791446118361e-09,-1.323365367531474e-09,-1.3754977087548835e-09,1.2898731382054624e-09,5.803505049638283e-09,-3.5695171289978245e-09,2.135811252579376e-09,3.507824069280468e-09,-1.663435203991212e-09
L4treat_m1,3.9996380188320966e-08,1.742836992581818e-08,-9.880821225132286e-08,6.129770548330471e-07,-2.0288104848239793e-07,-2.2810386863837494e-07,-2.4769555871622433e-08,-8.109095659915214e-08,7.004159149774537e-08,1.4893088419397454e-07,-4.9037777779643724e-08,-3.049349350203767e-07,7.316670409369822e-07,-2.205221304622239e-07,-2.1262341488962812e-07,-2.3032191877014663e-08,-9.062442088155267e-08,8.037710285265609e-08,1.0465483532720381e-07,-4.140762295584878e-08,-5.289668260153538e-08,6.934574440938062e-07,-2.0140683729448868e-07,-1.9430277847036047e-07,-1.4435534664165047e-07,-4.990932422490428e-08,6.718946462578139e-08,1.1475818633518751e-07,4.800520293147586e-08,-1.6574284928532616e-07,6.145433584550824e-07,-3.5670548436098734e-07,-2.9277052826830945e-08,-1.125402316131043e-07,-8.461781153910721e-08,-5.7825171103307925e-08,7.04199552180672e-08,5.174817885093116e-08,-1.412343576921707e-07,4.768407063273379e-07,-3.0806770706622646e-07,5.45562541891341e-09,-1.2427484425613925e-07,-1.4299286476889495e-07,3.8566622986207563e-08,-3.9169416264095706e-08,-3.949873770781159e-08,6.177524641252992e-09,-1.5710992678096903e-08,1.2310877447324464e-08,5.319164494362656e-10,7.347654561052847e-09,1.067030191995828e-08,2.750565602014299e-08,-2.5216673794671893e-08,-2.000159260670524e-10,6.420096053224097e-09,-1.2080745369722512e-08,-3.60048509164489e-08,-5.136502110928841e-08,4.109896880597452e-08,-2.186575208767431e-08,1.649164434194623e-08,-9.603162844843477e-09,1.5434446845514714e-08,9.766766973922801e-09,-8.418706297524453e-09,-2.0280165644824673e-08,-7.894974796319414e-11,4.084318673925881e-09,-9.868765373674941e-09,-5.490421342286508e-08,8.576679045095978e-09,7.538095926963014e-09,-2.524546489607969e-08,-1.8690615382092015e-09,7.832711605381537e-09,-1.679748483029944e-08,-2.1562484432546977e-08,-7.300449090161104e-10,-1.5292033148254426e-08,1.0059601582519873e-08,1.9124151132464513e-09,-1.6235230194136974e-08,-4.440235885264055e-08,-9.712346751727463e-08,-6.711377172534612e-08,-1.5265322008982432e-08,1.1598860616692381e-08,-1.3040221871442052e-08,-1.0358890907071634e-08,6.264936555868314e-10,1.476548469115153e-08,-1.3633413147255887e-08,-3.8299472127135476e-09,-2.974269115366514e-09,-1.2959301436451623e-08,-1.3192877662870035e-08,-7.55762493109388e-08,1.847872258943108e-08,-4.081859563399438e-08,2.1124122520990418e-08,3.2877487967086764e-09,6.668186925670618e-09,6.285499998103178e-09,1.9952062100443452e-08,-1.5479512311454094e-08,4.606898399946533e-11,1.4586746884946482e-09,-1.501159751058585e-08,-7.31117008026927e-09,4.854349351692589e-08,-8.178921687954095e-08,2.791115770554022e-07,-2.1072854412441042e-07,-2.1037932423752756e-07,-3.7749115473177555e-08,-1.72352895485163e-08,5.9455336217737634e-08,4.4704014896300545e-08,-3.0907176076722156e-08,-2.2599617719299478e-07,4.0719341015361585e-07,-3.0163542860309877e-07,-9.030344490727328e-08,1.2164864652731857e-08,-1.1338643749541473e-07,9.678290886216629e-08,8.277520215033527e-11,7.442816691236008e-08,1.8245007466115554e-07,-6.885612230115165e-07,3.1136387751015284e-07,1.4967761398358088e-07,1.1586048036425092e-07,1.1654792198257353e-07,-2.5815221724031457e-09,-4.660562917091754e-08,-1.999738670085455e-08,7.447109820258294e-08,-1.6895127600142266e-08,4.2402730263445854e-08,2.393977437237479e-08,4.505087204309436e-10,2.130237381416417e-08,9.606139292438064e-09,-1.3368064956109526e-09,9.40337927619633e-09,5.768456442750643e-09,-9.456522040404636e-10,-6.991331052307331e-08,7.108689001804392e-09,5.1277704835545793e-08,1.2694098821820844e-08,1.1616640388568263e-08,7.158882862600335e-09,-2.0835454607199688e-08,6.9144431658573416e-09,-1.4550409527031486e-09,-1.51118195688528e-08,1.2388802656029885e-08,3.8238205854639434e-09,-1.5048139927634572e-08,5.9390529714126765e-08,4.565347360842809e-08,-3.98194771787355e-09,2.0515507781489725e-08,-2.126197182303365e-08,-5.1538915833375694e-09,1.968636984345959e-09,3.2102926083979056e-10,5.904247998591548e-10,1.362681576433373e-08,-5.831408422241628e-09,-1.6053017272064738e-09,9.489830455154625e-09
L4treat_p0,-1.4697613628236126e-08,-3.626297210585631e-08,-7.348020870972615e-08,-3.9622074588049375e-07,4.812906580414694e-07,2.1874093861873285e-07,1.1701471968326603e-07,-4.8286428428259855e-08,-5.775787508134697e-08,-8.555152729354137e-08,-1.6546412004507764e-08,1.6659652975836248e-08,-2.2052213046221687e-07,3.3290595558853525e-07,1.7110887342195448e-07,1.2844236194031837e-07,8.163334532506018e-08,-4.208063481142489e-08,-7.120243661203946e-08,-5.8498602438835335e-08,-8.722270295226584e-08,-4.0568153628973877e-07,3.289337111287779e-07,9.167127302850221e-08,1.916426089174956e-07,2.2336422620967137e-08,-3.023858521054026e-08,-9.088039149182991e-08,-7.124563817833286e-08,6.040541852021833e-08,-3.226071885133777e-07,4.684866814095058e-07,7.810466163741414e-08,1.7387978781511017e-07,9.280876050704562e-08,7.784422732077055e-08,-8.975298886746652e-08,-7.66746611292188e-08,4.303947761793619e-09,-4.7020923740156303e-07,4.319152786878559e-07,2.7546156230582016e-10,1.3146781320872039e-07,4.661525782895298e-08,2.0026868658901827e-09,2.1501016451309494e-08,1.813960972787103e-08,-6.409778053114171e-09,2.1849432228166252e-08,-1.4825438567547178e-08,-8.749527735970052e-09,7.512104759300176e-09,-2.8615475996788963e-09,-1.4963221980787338e-08,2.4334155037627663e-09,3.2797924037409804e-09,3.0015482870503404e-09,4.471421678202557e-09,2.9709350162051197e-08,6.378401251999973e-08,-2.447454122139227e-08,4.7138759505435696e-09,-3.0899789889974614e-08,1.1752816831854691e-08,-1.8311747140168025e-08,-8.562847269998677e-09,1.1135213005657788e-08,1.4441207317530219e-08,7.128453966942794e-09,4.939826319704841e-09,1.7516040490440124e-09,5.2641408924197284e-08,3.2876381072465148e-09,-2.265422628628761e-10,1.1274962671100777e-08,4.880002402589277e-09,-9.564796030399982e-09,2.5729646827699813e-08,6.8843093840138115e-09,-7.738627367861098e-09,2.42265620830515e-09,3.762183633727541e-09,5.9868191627757115e-09,1.3105789348268686e-08,8.380695735381046e-08,4.591725612178319e-08,5.242601699045124e-08,1.9452459011763853e-08,-3.575076629256326e-08,-1.4523723761756583e-08,-1.851617714265874e-09,2.8444938127575937e-09,-8.303851626507115e-09,5.104958867216156e-09,1.1956313405033192e-08,1.1592489329107368e-08,6.1494172082782184e-09,7.81090324899718e-08,7.078417354118016e-08,1.1910405662041725e-08,4.725384288341291e-08,-1.8568378069678782e-08,-1.4960868570366395e-08,-1.0688731484117017e-08,3.662183216363117e-09,-1.875570909362488e-08,1.704348734789518e-08,9.330354401742152e-09,9.076300227403798e-09,8.57612212351532e-09,-2.8228673115489706e-08,-9.75603268850825e-08,-5.235383923140762e-08,-4.5142833428883644e-08,2.0299989395105747e-07,4.990790691486663e-08,9.107850630229908e-08,5.812861288551339e-08,-1.8874142433152687e-08,-4.757707847095848e-08,-3.492040898929841e-08,7.885452873560012e-09,-4.4113969502568246e-08,1.9718997548322054e-07,7.878022477605246e-08,9.094011504846902e-08,5.9352653308877077e-08,-9.502117486779249e-08,3.026071565157913e-08,-8.735652617151126e-09,-7.247681366369507e-08,4.3402053152347063e-07,-4.4055052101768594e-07,-1.628185875319394e-07,-2.091035538624677e-07,-9.574511956341104e-08,-2.032076966429847e-08,5.86208540845275e-08,7.134801859456225e-09,-2.2103454073734653e-08,-1.127702133939847e-08,-2.8396491751418696e-08,-2.0000044964686573e-08,1.8124428456980502e-09,-1.904277726793249e-08,-4.101640185092351e-09,-4.674770806217376e-09,1.960506560059872e-10,6.723137948306893e-09,6.7618840723956966e-09,3.729768778275986e-08,-2.1558552149864935e-08,-2.94856084570462e-08,2.812507494749773e-09,-1.211667630264171e-08,-2.639639298703827e-08,2.1952806752711427e-08,6.310068792957875e-09,-8.115161976790812e-13,1.120382048143031e-09,-1.3640774195267617e-08,-1.8237719731249195e-09,9.659540733426068e-09,-7.86793130581098e-08,-3.7235740811389424e-08,-2.234836856861485e-08,-2.056468301514205e-08,1.8958970015254403e-08,1.0438751216644899e-08,-1.4370347318785978e-09,-2.7800294022051727e-09,3.140246200244726e-09,-5.146671895071605e-09,-1.133415083585321e-09,-5.271655419864631e-09,-8.1718083228999e-09
L4treat_p1,-1.5110883430684306e-08,-1.907603834526914e-08,-5.858104397578138e-08,-3.707938838457138e-07,4.1905463132256095e-07,2.655396022770236e-07,4.0812464321812596e-08,-5.270204674420637e-08,-5.018675133023432e-08,-7.59736048969564e-08,1.7443701273701625e-08,5.313844685744544e-08,-2.1262341488962267e-07,1.7110887342195512e-07,3.113771525891175e-07,6.469433342263289e-08,3.7262777376885695e-08,-2.15000437949029e-08,-6.918038699491156e-08,-3.12682049475538e-08,-8.655333054706844e-08,-2.9357551908810875e-07,2.469529660539753e-07,1.9122849912342925e-07,1.2165988191086613e-07,5.633001704388543e-10,-2.734326206746752e-08,-9.941232625521076e-08,-6.301334335270407e-08,6.476230762171523e-08,-2.421407012319324e-07,3.4582102917260015e-07,1.6333149058162986e-07,1.207113174038655e-07,2.395029314488779e-08,6.102368773641523e-08,-1.0309543532256938e-07,-7.145509071005682e-08,9.670579762631993e-09,-3.4891919375559967e-07,3.6981946349933473e-07,-8.699873232021878e-11,9.65718990248577e-08,6.012138545454672e-08,-2.1559918517992374e-08,4.472892863425134e-09,3.865307771900433e-08,-2.754287495927149e-08,1.1857546566341297e-08,-4.555992851770753e-09,-8.323800019432514e-09,2.7523823593169793e-09,2.2146126955185163e-09,-1.1269111031732672e-08,2.611406215791678e-09,1.88338171369316e-09,2.796565002468635e-09,3.909001408028772e-09,9.604721688062902e-09,7.297377848472577e-08,-3.178312185225213e-08,2.0567546289022913e-09,-1.886586058437881e-08,1.506098941821128e-08,-1.5567847750246402e-08,-5.8168080245528225e-09,1.372851779613667e-08,2.1389837495141986e-08,5.38967876911327e-09,6.843674243904333e-09,2.5487447795657846e-09,2.3587627915583895e-08,3.198307575228382e-09,-1.3383325432182606e-08,-9.33640900812133e-09,1.4851611124632757e-08,-3.842950594526076e-09,2.647241725072939e-08,1.6660050839860333e-08,-5.456402140898132e-09,5.92471794630827e-09,2.296091452273232e-09,6.178833704635531e-09,1.2525437929292502e-08,4.383707279506253e-08,4.163565280918644e-08,3.709566802266481e-08,9.532011067428366e-09,-1.3362436057218221e-08,-1.3944425704775002e-09,-1.1662258703102167e-09,8.044078932197318e-09,-7.090859806632777e-09,3.8880639692758414e-09,1.1523630053719757e-08,1.036758095245277e-08,5.3292748879293645e-09,2.990966542750135e-08,8.708030060083508e-08,2.5246529367898e-10,3.965254985655518e-08,8.298609167320953e-09,-1.441030704751091e-08,-7.051407019701592e-09,1.5559548772685937e-08,-1.3162857606338526e-08,1.0782404479626993e-08,2.1910695911094357e-09,6.103397179411948e-09,7.69413165364389e-09,-4.769984088370636e-08,-7.1923866990397e-08,-1.7781087449334187e-08,-8.183156186017676e-08,1.1066667455284291e-07,8.564907186664759e-08,1.1875119816153349e-08,1.5082567765791246e-08,-7.14159039168306e-09,-4.5485651713473096e-08,-2.6077769321352044e-08,-1.626339433862293e-08,-1.39019960544899e-07,1.851823513636929e-07,1.1569849767688758e-07,2.3063497460400436e-08,-1.4030045460440127e-08,-6.328324278311545e-08,4.749305525189566e-08,-1.9815900036734226e-08,-6.295421095061232e-08,3.856337008227451e-07,-3.2736077292616487e-07,-1.8082483488734855e-07,-1.3544227458217775e-07,-5.679343781367151e-08,-3.019703891005814e-08,4.5168601090839844e-08,1.8989099062588737e-08,-3.3092964776771934e-08,-1.2926129274163255e-09,-2.422822228523679e-08,-2.1835899839739347e-08,2.552205474566794e-09,-1.280893774083229e-08,-1.6212685758716609e-09,-7.809161922910307e-09,-3.548230772132424e-09,6.8312717097313e-09,7.845941726523931e-09,7.261769652201201e-09,-1.2863702489804717e-08,-5.440314063925217e-08,-4.221118564157888e-09,-1.4516258246631987e-09,-1.9678795078757274e-08,1.7897719708177416e-08,1.2958603283448564e-08,-1.907531870574683e-09,-3.5181918704927656e-09,-1.3496578712614133e-08,-9.380982812433205e-11,8.91045767848929e-09,-6.336268717196387e-08,-5.510097459068004e-08,-6.3051934266754e-09,-1.1215308115961173e-08,8.100382163043419e-09,8.372222276547904e-09,-8.255606930748257e-10,-7.599272545382272e-09,2.265514596518099e-09,-4.562052590351685e-09,7.112214273212927e-10,-4.6738131139121234e-09,-7.811707629320274e-09
L4treat_p2,2.8657106806584874e-10,-1.3486279099690445e-08,-4.444321309643301e-08,-1.54201174173704e-07,1.3341634262974327e-07,5.109756785248806e-08,1.0295840158950048e-07,-4.1901981313610995e-08,-3.212551214351837e-08,-2.3197515984829238e-08,-3.599237434481839e-08,-5.922311983606545e-08,-2.303219187701289e-08,1.2844236194031906e-07,6.469433342263305e-08,1.3227986064234882e-07,7.963729185291345e-09,-1.0658448839804033e-08,-1.6409049374700357e-08,-3.670882027346761e-08,-4.904175208108664e-08,-1.1098322342363217e-07,8.521534436628975e-08,1.0295947374154067e-07,1.0731566168552566e-07,-1.5874797309918446e-08,6.241818220229033e-10,-1.6191924757964957e-08,-3.139402623401017e-08,-4.529402714867599e-08,-8.110923196763565e-08,1.931504392045973e-07,8.913950575008056e-08,9.389984130273239e-08,3.026199687498776e-08,1.6186441521491724e-08,-2.6758197834121016e-08,-4.5112995770729854e-08,-3.377926125123587e-08,-1.6721415164583173e-07,8.834674551999845e-08,6.341165503401755e-08,9.263815931378041e-08,-2.757527382399843e-08,1.0087385902590298e-08,-5.764640078390161e-09,-5.872651513831095e-10,-4.506346577184483e-09,8.684727222226803e-09,-8.537266784902383e-09,-2.902526487220391e-09,2.013047143752707e-09,1.4265328093106353e-09,3.878143511409782e-09,-1.7413858553101133e-09,2.166749381780938e-09,4.275205807286954e-09,2.7714036183420444e-09,3.3538231280871185e-08,8.89066332007003e-09,-7.473957724586962e-09,2.6405545720673355e-09,-1.4354712784596897e-08,4.994943542941906e-09,-6.8468149040580205e-09,2.3029815526330606e-09,2.473433732041246e-09,3.671243995248151e-09,2.4392870322547607e-09,4.251546301891551e-09,5.480107433339964e-10,1.792452414332557e-08,-2.392636391940174e-09,1.3779583974175036e-09,6.171560762478316e-09,-1.74456298094212e-09,-3.0615660035740226e-09,9.343296473745299e-10,-9.67176040959961e-09,-2.339119453650179e-09,-1.0348017316690658e-09,4.780404038475534e-09,4.0247178313355875e-09,4.356807345512019e-09,3.2703129027151075e-08,-5.931356402219373e-10,8.486388680016683e-09,1.7279312919454343e-08,-2.0138047798000632e-08,-1.5911722130028833e-08,-1.126714086282723e-09,4.2046727110285685e-09,1.3370799909283182e-09,2.874167149355875e-10,3.7156168248278053e-09,6.087247529935677e-09,9.404070712431583e-11,5.51765047113814e-08,1.7164382977453376e-08,1.1910598444995116e-08,1.4434616375194418e-08,1.9387000762938157e-10,-4.49803596725578e-09,-9.321812008954934e-09,1.728248870999948e-09,-3.1942203769844823e-09,7.0229673956496584e-09,6.893362826421316e-09,4.296338429371178e-09,3.191602545017303e-09,-2.081958809700278e-08,-6.196705280025995e-08,1.5772629451692336e-08,-7.84962086332319e-08,7.91799282911991e-08,-1.7384750211609923e-08,2.6271165949501997e-08,-3.120076394328514e-08,-2.9776998574681824e-10,-1.2146015145038545e-08,-2.1494798867389435e-08,-3.3361982209619842e-09,2.750186303231989e-08,-4.8294559869763154e-08,4.2598885988135444e-08,8.216345318466784e-08,-8.818505880364172e-10,-3.4932644322080326e-08,1.2715002537705661e-08,1.6931618637753373e-08,-4.4777849905756213e-08,1.4776259160093075e-07,-5.852749574430484e-08,-4.962378604969626e-08,-9.744629429370538e-08,2.579709775445938e-09,-3.0714281840182844e-09,1.3942560214684044e-08,-1.7470128893648576e-08,1.1197291416391119e-09,-9.262741418081518e-09,-7.279441647082738e-09,-8.145757269657266e-10,3.981118441246367e-09,-1.6783944506906884e-09,2.690494475153141e-09,-3.5677318511491464e-09,-3.0759963853580165e-10,4.0745410860649575e-09,5.237630322556512e-09,-3.545217441943099e-09,-3.136290299705085e-08,-6.816967622830593e-09,-3.079410899890942e-09,-1.6343024062691083e-08,-1.980527260086812e-08,6.758613368243068e-09,-1.522697603471804e-11,3.256020925213116e-09,-1.6129539335423762e-09,-1.0114183552235677e-09,1.4227620008139933e-09,3.099880610303676e-09,-2.2135265427120305e-08,1.2980438811290485e-09,-8.449210822770265e-09,-7.521208827107142e-09,6.7734385247623494e-09,6.970463264329933e-09,1.7316284768675874e-09,-1.0292490361756192e-09,-2.4587373943986924e-09,-8.201204880868056e-10,-2.387284152471227e-09,-3.758587638866499e-09,-3.7404424040383275e-09
L4treat_p3,-1.3897176340508348e-08,-1.1720218850729073e-08,9.049165895140635e-09,-8.926666094910967e-08,7.747939993800292e-08,5.346171677421292e-08,1.6731663411460399e-09,1.2941575435275206e-08,8.695933610227592e-10,-2.71205784957808e-08,-2.603178447586383e-09,1.4426867476954746e-08,-9.062442088155356e-08,8.163334532506384e-08,3.726277737688601e-08,7.963729185291057e-09,6.529098141625367e-08,1.0811935752755595e-08,-1.915419827435843e-08,-4.139785372278458e-09,-2.0880405286563726e-08,-1.2631170342474404e-07,7.264898963531752e-08,2.5350392177342823e-08,3.632467094716862e-08,2.7622442196075755e-08,-9.313121829908658e-09,-2.621261826209031e-08,5.414740410949866e-10,1.1689409640051797e-08,-9.32556091388818e-08,7.566076738168148e-08,-1.2384316030597202e-08,4.6656403575066534e-08,5.522876728217443e-08,3.8714247482553315e-08,-2.383117469368283e-08,-3.474245205237854e-11,-1.3177442768988739e-08,-9.872915327237546e-08,9.189880473662143e-08,5.117192673246046e-09,7.095938472167702e-09,3.5299921243857235e-08,9.045006993267691e-09,1.2116886903966648e-08,1.125615651921325e-09,8.463547946132243e-11,5.538282980674306e-09,-1.7071468290305764e-09,2.495021416414731e-09,3.37751188352835e-10,2.949063360428434e-09,-7.892532541036495e-09,2.3337125653080557e-10,1.5741545426195507e-09,-2.1236356545299948e-10,-2.36804465414307e-10,8.601830998237545e-09,1.740524981235105e-08,-2.099746724470883e-09,6.096411681033001e-09,-3.36941647402213e-09,9.219761789976818e-10,-7.990398811167607e-09,-2.6916270516979892e-09,-8.158744997266437e-10,-2.4532565734875e-10,3.01374705737821e-09,1.9690388029158424e-09,-7.281158406166709e-12,2.0717449371383072e-08,7.933879556002104e-09,4.7013749064859635e-09,3.0510381010862764e-09,-2.032288016408975e-09,-9.45853323046655e-10,5.4139685560822686e-09,3.823091318808534e-09,1.2390378830257164e-09,1.4190913363145748e-09,1.214576292027069e-09,1.2117139701831978e-09,1.3881629079496918e-09,2.1855025999260727e-08,8.480566785327915e-09,1.5435963844395113e-08,7.052311565388072e-09,-1.1270468633863315e-08,-1.0652690764783441e-09,-1.267800407452442e-09,-8.27380068348739e-10,-7.989666318949145e-09,1.0077877086056705e-09,2.496839059564663e-09,3.1038687780448874e-09,1.8132794172993253e-09,1.2386667231082588e-09,5.551036877276177e-09,3.785055466857261e-09,1.0110297464956395e-08,-5.946554429621813e-09,-1.5097335656176112e-10,-4.6760050971606785e-09,1.589753964759003e-09,-3.5395454380271773e-09,2.909270644810777e-09,1.6528781577851626e-09,-1.3603799341217627e-09,1.569965642677123e-09,-1.2114186121318907e-09,-1.615372119986845e-08,-4.085101375600649e-08,1.0140991263952429e-08,3.394209948663085e-08,2.7755483193456483e-08,2.0574463907270074e-08,3.8639554376792406e-08,-1.2649802630912185e-08,-1.5895752245658675e-08,-2.0618819660969766e-09,1.492031853597296e-08,-1.1260299105449058e-08,5.9028528799502845e-08,-1.5885200226246386e-09,5.339008388027798e-09,5.049570678540297e-08,-1.4200658930442624e-08,9.149264403962948e-09,-1.3615095518849663e-08,1.0557109645380007e-08,8.711841647699801e-08,-1.0236776366388254e-07,-3.553150355495667e-08,-3.300150606204636e-08,-3.839037327915955e-08,-4.304507575276332e-09,1.5963031331972516e-08,8.413626615455021e-09,-4.050186591267954e-09,1.2696949051840516e-09,-7.75816749128702e-09,-5.265307594769533e-09,-2.1806038673162094e-09,-2.724964728682822e-09,-3.0308626055681808e-09,-7.125349283632097e-10,2.0058744601835595e-09,2.0204435746625504e-09,-4.094040440847056e-10,2.4133967448978726e-08,-6.91634320308029e-10,-6.416217327258883e-09,5.120453082769026e-09,-3.294678771700975e-09,-1.2527491286544003e-10,5.286071853508981e-09,5.077673634796183e-09,-4.565285155886418e-09,1.119532722152867e-09,-7.732480481320975e-10,-1.53874627783635e-09,1.406800400799319e-09,-1.6188289543344523e-08,-6.5938172234451745e-09,-4.771170678594193e-09,-5.629927495362166e-09,7.305701722952919e-09,1.6732693052614685e-09,1.5811485296575234e-09,-2.2107547648465026e-09,2.9700927176106914e-09,-6.543225953240518e-10,-7.702847342414119e-10,-1.8059528646200152e-10,-7.461464199813848e-10
L4treat_p4,-1.7887514702729266e-09,-1.741150139131885e-09,5.082218410863606e-08,9.841814093311043e-08,-1.3945433535907346e-07,-4.970105945991867e-08,-2.5346817102731372e-08,3.079366492308335e-08,5.4126859125832796e-08,3.541017441863851e-08,-2.773262089367517e-08,-4.051856549493805e-08,8.03771028526539e-08,-4.208063481142342e-08,-2.1500043794904238e-08,-1.065844883980457e-08,1.0811935752756526e-08,8.154379432275425e-08,3.6313823338053334e-08,-2.5348459839256484e-10,3.3802653203989224e-08,1.1396711991635354e-07,-8.099303515848596e-08,4.0484538166123145e-08,-5.773975073900042e-08,2.5582583347800765e-08,3.9991631397682945e-08,3.968637685315765e-08,4.8265238507493165e-08,-3.607251631967825e-08,1.4528573753418932e-07,-1.718484129404218e-07,2.1504637900161827e-09,-3.1347178618342336e-08,1.9826831069331842e-08,-1.3519155526640612e-09,2.0179543711833786e-08,4.173302137772633e-08,-4.4247472327427836e-08,1.5120032302237552e-07,-1.5579295265240331e-07,4.1453622840538395e-08,-6.717237790606075e-08,-1.2577665879642107e-08,4.281228030312681e-08,-1.4671637834740755e-08,-6.160194372317517e-09,1.4903186833185773e-09,-6.8679674475599845e-09,6.439111381296875e-09,6.308697927776212e-09,3.180093447864299e-10,6.337753942044174e-09,5.343935878976519e-09,-8.659634996067271e-09,-1.951589744426846e-10,2.5635063833046283e-09,-2.977500140873054e-09,3.865540034305734e-09,-1.3005650801725631e-08,1.4776148303069431e-08,2.746362504550941e-09,5.715711951644713e-09,-9.752262239350143e-09,-1.3916298327418255e-09,4.98712272121429e-09,-1.0376526672807725e-08,-1.0017480088916961e-08,2.6772217815199453e-09,3.2906685188646208e-09,-2.5513807662256595e-09,-2.3525525840706586e-08,1.418304274199866e-08,2.0991892625950352e-08,-8.680400640736742e-09,-7.888132679878158e-09,1.0342052809017458e-08,-1.246980283049769e-08,-1.2560929268259162e-08,5.1050825843509785e-09,-1.8485926828078551e-09,3.640657430992312e-09,1.340207598033514e-09,-5.732994174596567e-09,-2.118560423978649e-08,-1.6348250316053985e-08,-9.845749613476707e-09,-1.954769349482545e-09,-7.782959301393648e-09,-1.747339377477007e-09,-4.342210329924834e-09,5.512021701588787e-10,-1.9608207080622073e-09,-4.9487642511101114e-09,-5.1798392879119464e-09,-4.666204496425789e-10,-2.9860130669795723e-09,-3.8665237963476746e-08,-3.8007878880009164e-08,1.682394221659661e-08,-2.4823365607841193e-08,1.4062852100860322e-08,9.05717368215977e-09,-5.090429209827222e-09,-1.5888533993785398e-09,1.168424306489934e-08,-8.256272975791362e-09,9.262221033706014e-10,-6.965371223812499e-09,-3.40113257284466e-09,-5.811358005867487e-09,1.0219614148245e-09,-3.941253385357365e-09,3.2591135221199634e-08,-6.659115201215224e-08,-5.675980021193191e-08,-1.3766957700866614e-08,-1.068272711323547e-08,5.219955154730903e-09,1.587367496081583e-08,-1.0269080735713804e-08,1.2572255440268266e-08,6.558146778653647e-08,-1.2785476171625348e-07,-5.628806704082075e-08,-1.341557438223318e-08,6.745634231102824e-09,3.940911579590019e-08,6.905416440272193e-09,1.5162918462668032e-08,6.730804272910904e-08,-1.893709319759852e-07,1.6352744167114348e-07,5.149747578101455e-08,7.111597281282388e-08,2.7645218092450027e-08,-9.586927341523861e-09,-2.249071431130283e-08,3.0729069175514796e-10,1.6975324606679198e-08,-6.206627613383938e-11,1.1655177034353158e-08,6.452323347727986e-09,-7.423950137581563e-09,1.4063585509545697e-08,1.3827142443286704e-09,-1.2029571052191679e-09,4.6439102390166905e-09,2.1380183120690853e-09,-1.7471262804175838e-09,-2.379429476473481e-08,2.6368088113667323e-09,1.5388902320240828e-08,9.44349674632725e-09,-3.450455838737634e-09,4.243936904201609e-09,-9.507012723327955e-09,2.63973188123282e-09,-6.368156697655238e-09,-4.976578549581813e-09,8.757594659656955e-09,-4.742233305710829e-10,-4.3831090422176245e-09,3.372779166958826e-08,1.2816722528726718e-08,-2.4323258799783844e-10,8.379254611637894e-09,-2.636008267661398e-09,-3.003688110173164e-09,7.837637854006204e-09,-2.5784607789771396e-10,1.9693619409190447e-09,5.31467408422601e-09,-2.361904468942663e-09,1.1801827686280716e-09,2.630407894160384e-09
L8treat_m4,1.4766060493752466e-08,8.863357413255802e-09,5.6341703529596124e-08,1.7087153625901305e-07,-1.7118184822637173e-07,-8.544801297647791e-08,-1.969286912062613e-08,3.440783033545776e-08,4.0439966704870464e-08,4.9386533650255736e-08,-2.7876375690168614e-08,-2.5960147086356497e-08,1.0465483532720424e-07,-7.12024366120394e-08,-6.918038699491117e-08,-1.6409049374699878e-08,-1.915419827435851e-08,3.631382333805318e-08,7.130627166084194e-08,1.3031996664713391e-08,5.343341916850773e-08,1.3642885677991098e-07,-5.643862799250141e-08,1.3377091855851922e-08,-9.635564854794671e-08,9.682949249731136e-10,9.161938169755994e-09,7.585413569378388e-08,4.658939731972873e-08,-2.803200870740825e-08,1.1886349763730943e-07,-1.410514476721725e-07,-1.954301914785482e-08,-6.995262433762592e-08,-5.241998385587199e-09,-3.731663043649831e-08,7.014531772808334e-08,5.597961208943684e-08,8.434719596826352e-09,1.631762308020335e-07,-1.638460866511252e-07,4.10574356628356e-08,-6.234598386207094e-08,-5.115358944060857e-08,4.013616822305895e-09,-4.153738055395703e-09,-1.0445283374473416e-08,-6.976544288426487e-10,-1.2594405884162619e-08,7.896172620193928e-09,3.881242410742492e-09,-2.379572543677243e-09,2.6229243285654388e-09,6.870612738582295e-09,-6.8126361580101625e-09,3.8402546883827555e-10,9.866945144887393e-10,-1.9648022890473445e-09,-1.7274301949669962e-09,-2.093448239706778e-08,1.9286538435971687e-08,8.496560293919029e-10,1.1544372723594216e-08,-7.455097918703918e-09,5.939400132989067e-09,5.3388080194357325e-09,-8.635880883340944e-09,-1.0202003511282168e-08,1.6851487919313827e-10,-1.3355037931816352e-09,-2.601595427056348e-09,-1.5331710199882433e-08,3.1965871896073975e-09,9.794186047881826e-09,4.569037965578762e-09,-5.763555238014281e-09,7.686600820592578e-09,-1.557557145826212e-08,-1.3507581456110903e-08,6.487734023034855e-09,-4.088034215818457e-09,7.259334404005124e-10,-7.883591309358857e-10,-5.313761327399075e-09,-2.5105290041089855e-08,-2.8039714341020087e-08,-1.4929576766333924e-08,-3.979914006616066e-09,3.156478330236055e-10,-3.608674320807993e-10,-3.1053011803179623e-09,-3.1891757350013267e-10,1.921804889145109e-09,-3.622606573834346e-09,-6.233366141215449e-09,-3.640868377699105e-09,-2.7716976337065565e-09,-2.7182489732250396e-08,-4.9954455387689086e-08,1.0242794274402922e-08,-2.718022456344129e-08,1.519937869887693e-08,8.963108662471617e-09,1.8970512298074824e-10,-5.237600161912647e-09,1.2167028581076847e-08,-1.1017893784002164e-08,-6.680990105308724e-10,-6.784298583897713e-09,-4.844400925320409e-09,2.370327121654983e-08,3.244673420066959e-08,4.9626838612768555e-08,-3.1628931142548226e-08,-2.7553471236996037e-08,-3.540178125577873e-08,-1.5952198507513968e-08,-2.3284134576359676e-08,1.460959882683153e-08,3.39515951555005e-08,1.276028320083603e-09,-1.891377630191024e-09,6.628787664438073e-08,-9.495084602254457e-08,-4.503701255626683e-08,-3.4780765480753964e-08,4.297108653789571e-09,3.171309192514873e-08,-2.3107478335466386e-08,1.8651545775474424e-08,5.0478212280399555e-08,-1.7783683116128807e-07,1.749918889814228e-07,5.355049920840496e-08,8.056280787621971e-08,3.63718787021233e-08,6.077170889916968e-09,-2.2800570991690225e-08,-4.184531172255171e-09,2.1512549466886354e-08,2.465880850640129e-10,1.7852562242277043e-08,6.082929248743238e-09,-6.857829939614078e-09,8.511093300572623e-09,1.7263436544972095e-09,-1.605884641674576e-09,3.3739799447462715e-09,-4.694477166934198e-10,-1.4319602034043112e-09,-1.3820023159925718e-08,7.2057105920148696e-09,1.979683784102918e-08,4.729968932490126e-09,1.6382200106067986e-09,8.322098962459692e-09,-9.954198993533539e-09,-2.0181808041895918e-10,-1.510581620300675e-09,-2.4260881294414632e-09,7.598784592109921e-09,-1.75444159850584e-10,-4.442473987456767e-09,3.034144424183816e-08,2.036250075616391e-08,7.462836347103768e-10,7.869430001276392e-09,-7.986817169274487e-09,-3.117369311054131e-09,5.183125890893849e-09,2.7552804433769408e-09,-4.68235832961308e-10,4.933185923774049e-09,-1.968428289379988e-09,1.8946196958620068e-09,2.857625485019881e-09
L8treat_m3,-2.1081222513805554e-10,1.9961595024680863e-08,3.3838521975731556e-08,6.176884456444712e-08,-1.2482885778612537e-07,-4.7616300371274e-08,-2.942924116247783e-08,1.682882491383634e-08,5.585341856241991e-09,-1.950563075688662e-09,1.7322765696889568e-08,2.4540518404160272e-08,-4.140762295585142e-08,-5.849860243883331e-08,-3.126820494755282e-08,-3.6708820273467165e-08,-4.139785372278599e-09,-2.534845983929309e-10,1.3031996664712926e-08,4.5465853825271236e-08,3.2449453498293856e-08,2.9195824731922476e-08,-5.356411941498451e-08,-6.987456448370344e-09,-4.533746779148101e-08,-3.836499247157845e-09,-7.759185900039043e-09,2.222728197854753e-08,2.9149215856100515e-08,-5.73949978086739e-09,1.725662618588604e-08,-7.575820181311585e-08,-2.9794530171697392e-08,-3.674217552516715e-08,-1.7859790648233145e-08,-1.6840773940490244e-08,2.6889656053182304e-08,3.962560975070931e-08,1.5589651682241536e-08,9.341965187459628e-08,-6.31101463764043e-08,-1.3831245647125079e-08,-3.2798073897197045e-08,4.282729218384758e-10,-1.3429998304828683e-08,5.712755827971301e-09,8.660381737627107e-10,2.174337513201061e-09,-7.103169450827408e-09,4.623257212895007e-11,6.043244629496841e-09,-3.0130682832503723e-09,-4.154798701716676e-09,-6.931175778733194e-10,3.8718584909279515e-09,-2.048726740754512e-09,-1.448086130657507e-09,5.296070260229192e-10,-2.03659357273407e-09,-1.3498981902651191e-08,4.346999060187283e-09,-5.461863567659086e-11,7.391653844066077e-09,-9.185507737395006e-10,4.516024460056696e-09,-1.9232198353310684e-10,-1.614636829822251e-10,-1.6224293897848196e-09,-2.124921191364418e-09,-2.617399480242002e-09,1.3098085733863805e-09,3.011920896992047e-09,-3.7565987221079545e-10,-4.7469634974598625e-09,-5.84041537976463e-09,-4.942245427378275e-09,2.5303591533182494e-10,-4.721947130903851e-09,-2.4472201609698007e-09,3.5137469945210783e-09,1.311176175872943e-09,-4.251654126508307e-09,-1.2266850085143302e-09,-1.3689315145195987e-09,-7.3832341927455855e-09,5.4587100451775356e-11,-3.9166612522264145e-09,-6.048307502757103e-09,1.0034529225567417e-08,7.457622076746689e-09,4.539837505318227e-09,-3.432182760688861e-09,1.036614800363494e-09,1.6953774979468453e-09,-4.6704565496085175e-09,-1.9199752978655183e-09,2.2935641263490899e-10,-2.0540143422215183e-08,-1.126079666179444e-08,-1.2944701958120822e-08,-1.4939474266872627e-08,2.364977253995101e-09,4.532470685715436e-09,1.8022435249995844e-09,-5.096951832907798e-09,1.7623065868217316e-09,-1.6712227345396722e-09,-3.112821922123674e-09,-2.7524448669063892e-09,7.684535127109925e-10,1.623429637527696e-08,3.2144469099076445e-08,1.4202246072349545e-08,-3.5866070827189745e-08,-2.9851999187412834e-08,6.970862863341246e-09,-3.116631504483226e-08,-1.2865258868081838e-08,-6.242370586218579e-09,5.090579492551362e-09,1.7005571850684135e-08,1.7001562991280863e-08,-1.891381023582529e-08,-3.6518353884844035e-08,-2.0977155919038338e-08,-2.537916405214534e-08,9.818812870439697e-09,1.2451126503778684e-08,-1.6023237656810163e-08,-2.180809874506398e-08,8.518116187245553e-09,-4.168383262385548e-08,8.45737282966838e-08,3.385953148920194e-08,5.07621585454434e-08,1.1268933048312825e-08,1.0738601028647868e-08,-2.4800010273939133e-09,4.641782412818973e-09,-3.34719037330859e-09,4.678499231219371e-09,5.155460242651981e-09,3.579707751351998e-09,6.839585642881803e-10,2.2054818587623473e-09,1.1621486117993267e-09,2.3299894685182983e-09,-3.374673830912945e-09,-3.850689628025642e-09,-2.0026294380237217e-09,6.731722631756852e-09,5.555685230423354e-09,-2.470229725192503e-09,-5.67700081045349e-09,-1.7279023278108568e-09,6.225785702373069e-09,-3.418965765250228e-09,-4.9143517189802545e-09,2.6611050546047904e-10,3.176342705875673e-09,3.910901406242775e-10,1.1191709083209395e-09,-4.2321659896294564e-10,1.1288922087534771e-08,5.664776854659639e-09,7.88454707069764e-09,5.605596888651199e-09,-2.0724141082643867e-09,-2.649434792394372e-09,-7.904081728116413e-10,2.367487926150805e-09,-2.610572658941007e-09,-1.9212695116183975e-09,2.1318227320430883e-09,1.4893680796783065e-09,8.114778825346408e-10
L8treat_m2,6.3515339687250355e-09,4.534404489928264e-09,1.7129890785091838e-07,8.504340566560842e-08,-3.2617670699543777e-07,-1.1204158311322279e-07,-5.2046485633114764e-08,8.046340567204921e-08,2.52236334641419e-08,3.264242442544797e-08,-9.27859692543961e-09,1.2571895273745505e-07,-5.2896682601531775e-08,-8.722270295226445e-08,-8.655333054706864e-08,-4.90417520810873e-08,-2.0880405286563415e-08,3.380265320398738e-08,5.343341916850726e-08,3.244945349829566e-08,1.9901879938209847e-07,4.180718644113438e-08,-1.3394680522404173e-07,-1.2475100789924766e-08,-8.614154311341041e-08,3.993112729293592e-08,1.6033167637837927e-08,5.582490983042261e-08,5.123162372044368e-08,1.1375070196496651e-07,3.2458312912235134e-08,-2.5266622262405995e-07,-5.520147146577214e-08,-9.351711100782033e-08,1.3780998834289011e-08,-5.241147051986042e-08,6.269353671378285e-08,6.66101441913253e-08,1.3867789020856306e-07,1.7269329096334636e-07,-2.742605488873927e-07,5.823835215394154e-09,-8.796395556191067e-08,1.2207573605338976e-09,1.2926265887068608e-08,-1.386863579196352e-08,-1.90058949226741e-08,1.7665589553867845e-08,-1.326631757115811e-08,1.8803887378377703e-09,8.360677731031169e-09,-3.2536042050873495e-09,-2.6363675928453945e-09,-4.968982111296664e-09,-1.731384310590837e-09,-1.284557130729816e-09,-2.430646613152627e-09,-3.590405095716051e-10,1.4641293631132292e-08,-3.01913823386879e-08,1.7626903885820044e-08,1.4296844310902168e-08,9.871645497263098e-09,-1.4935342823601287e-08,7.614120957247668e-09,3.1999372323754583e-09,-1.705073942890758e-08,-6.878585610123986e-09,2.4048893624861492e-09,-3.235298120719766e-09,-2.0327852658341226e-09,-2.1362042889109534e-08,-8.991527333310836e-09,3.113909862814906e-08,1.3707808711499383e-08,-1.4224681717913502e-08,8.561144681882167e-09,-1.8417333398455957e-08,-1.7767655920275324e-08,-5.797436519038856e-10,2.5208219478228802e-11,-1.1875926904454655e-09,-4.089341058718683e-09,-5.349740150043129e-09,-4.631327385817237e-08,1.5598822037108612e-08,4.454634509086377e-09,-4.155855134113738e-09,-9.070203038149704e-09,5.234956744375099e-09,3.7119589305888823e-09,-3.3232444017083976e-09,-3.50494202993305e-09,9.652472109540978e-10,-1.0178638776439405e-08,-7.1909890292643906e-09,-2.417432302689872e-09,-4.580879231652106e-08,-6.167058052077116e-08,1.5044644697684878e-08,-2.905618969865329e-08,1.0598113360335239e-08,1.9494081667825037e-08,7.904203678708598e-10,-1.9728223072170557e-08,6.47005851823263e-09,-1.0309811086337466e-08,-5.69445707264372e-10,-1.1897205795104475e-08,-2.5569820210844233e-09,2.6752442184173734e-08,4.880036016571329e-08,1.296808744514913e-07,-1.0394035342351136e-07,-7.261725956490461e-08,-1.8604808218846455e-08,1.683646514350107e-08,-2.9327199321288556e-08,-1.5386907646427525e-08,4.123878731182676e-08,2.414123499912899e-08,1.4074820046352986e-07,-1.8077717911341592e-08,-1.1463986309843893e-07,-3.208809218417411e-08,-4.311055472999751e-08,2.8752079504721083e-08,1.8597483225903134e-08,-2.0940329602639037e-08,5.7482476589299515e-09,-3.354810706466187e-08,-1.498855709346702e-07,2.6082474897780376e-07,8.79531058606991e-08,1.1438510198306732e-07,2.622415346220034e-08,1.989057147067082e-08,-1.8462403188141227e-08,-5.2044191344079534e-09,1.4218884922634219e-08,1.2356825739271068e-08,4.32542939660543e-09,2.6573187123781367e-09,-8.57499524010874e-09,1.0309479989970954e-08,-3.2521557760755167e-09,9.37293242707655e-10,1.2791184538310727e-09,-3.464778770264225e-09,-4.4750316300673706e-09,-3.5171317440380955e-08,-2.331711277766222e-09,3.56522458418203e-08,1.058779030980502e-08,-8.860108202388217e-09,1.9037313259044332e-08,-1.2742777689840142e-08,-9.651418637383046e-09,-9.474007012799629e-09,6.090603138518975e-10,1.1792613609602537e-08,-1.476748166501292e-09,-3.81826940831119e-09,4.204655951763309e-08,2.6237313576340516e-08,-3.3074691686119575e-10,6.044269535462038e-09,2.11290165240221e-11,-7.3392138482322786e-09,6.375191077526942e-09,7.039456238441319e-09,3.7187820183250314e-09,3.1585927631492295e-09,-9.740635713453714e-10,4.60053716987412e-09,3.0173923089460604e-09
L8treat_m1,2.556476980777174e-08,3.443505284724827e-08,-2.1288470168323813e-08,8.419927413106178e-07,-5.309251436963033e-07,-3.3943238590456023e-07,-8.759383716031688e-08,-9.615818960816426e-09,9.64010809046464e-08,1.736148370674742e-07,-2.1715232381085514e-08,-2.6268764804963637e-07,6.934574440938064e-07,-4.0568153628973755e-07,-2.93575519088113e-07,-1.1098322342363356e-07,-1.2631170342474267e-07,1.1396711991635717e-07,1.3642885677991005e-07,2.9195824731923607e-08,4.180718644113153e-08,9.978903392893162e-07,-4.204739992832559e-07,-2.4678687731448666e-07,-2.3532927179824846e-07,-7.240660872503571e-08,6.717365048592638e-08,1.616852507091957e-07,9.18227499048021e-08,-2.3338431549717025e-07,8.494881658324293e-07,-7.250580786114046e-07,-7.858476831660995e-08,-2.3131305788326134e-07,-1.5071960012354004e-07,-7.621684636892267e-08,1.407418809765982e-07,1.1814785242509874e-07,-1.4839886131526765e-07,9.55387716479547e-07,-6.142766929461372e-07,-1.5056305985589866e-08,-2.0516526772530228e-07,-1.2364520649802496e-07,2.3287289548007945e-08,-5.6035154127937763e-08,-3.1135493399575023e-08,-2.101541543133671e-09,-2.029873180857758e-08,1.8592413235660638e-08,1.4813863832959608e-08,2.4780809477900886e-09,8.620261360299489e-09,2.8350192115279352e-08,-1.3091867713059393e-08,-3.248186926357493e-09,4.829826645016716e-09,-1.1082631692762354e-08,-4.104363015211926e-08,-1.0204584849585578e-07,4.3547151413640934e-08,-9.715424701814761e-09,4.2567407064254e-08,-1.134241032246591e-08,2.5704632146923317e-08,1.7780597884805107e-08,-1.0103785040588229e-08,-2.5132788481979395e-08,-7.874851289370718e-09,-9.634813676340204e-10,-8.660959935869616e-09,-1.0580629833210377e-07,-4.048373570740726e-12,3.201863484177827e-09,-3.291549946665905e-08,-1.2588356332231562e-08,1.7671405247513622e-08,-3.4807538002128145e-08,-2.188097160220369e-08,1.7839313462569457e-10,-1.0500688307408174e-08,2.3792591425283824e-09,8.00112388075095e-10,-2.18256010073416e-08,-9.924602281862757e-08,-8.749454407553046e-08,-9.171019191522293e-08,-2.3108372844647044e-08,4.5573907316379116e-08,1.0073045084672694e-08,-2.230649431030744e-09,-2.922813720501745e-09,1.7401697779861575e-08,-8.754068318824707e-09,-1.4774945752192012e-08,-1.1346300271191716e-08,-1.4655392862932001e-08,-9.045723868853796e-08,-1.0818852692488093e-07,-1.1753604226846885e-08,-6.683136064833606e-08,3.504335845570343e-08,2.9230568634701468e-08,1.6097610471308277e-08,-1.169021046447411e-09,3.26974250702933e-08,-2.1576349004016236e-08,-9.620286510848272e-09,-4.235378389222854e-09,-1.4179430712553497e-08,1.7891110500702887e-08,8.61198645427095e-08,-5.203741953333212e-08,2.865150011850504e-07,-3.8437817418293275e-07,-2.11200060367602e-07,-8.383900787335489e-08,-7.945764369170268e-08,5.5355936151514027e-08,6.339420266816099e-08,1.131507821390419e-08,-1.6513026333344595e-07,3.7113203436425147e-07,-4.2023987488211936e-07,-1.276336095556516e-07,-1.1403507464808117e-09,-1.3540382587693074e-07,1.387221948102853e-07,-3.14768877340679e-08,6.435590933298869e-08,2.4615241176928393e-07,-9.317247797984636e-07,6.396172854751738e-07,2.665078746287687e-07,2.49194367447655e-07,1.5911720688746073e-07,7.199480216406368e-09,-8.691315742148811e-08,-9.149309476639132e-09,6.498512720321514e-08,4.299096427492048e-10,5.530834648419131e-08,4.7728616981310685e-08,4.528285773015648e-09,3.638813910454754e-08,1.668139610975311e-08,7.664100482985726e-09,3.1345920921448045e-09,-4.2949399731119355e-09,-7.599942033674885e-09,-1.0867430678774254e-07,2.6974833081878554e-08,5.6760449829978674e-08,3.086271939393645e-09,1.8429878449520707e-08,3.041999093976305e-08,-3.15380610391645e-08,-2.0372584186619167e-09,-5.622935452072283e-09,-4.954697451910729e-09,2.2363403501456173e-08,7.363607398438662e-09,-1.8647550532088195e-08,1.1975847980099204e-07,5.367993334515651e-08,1.6237599043940513e-08,2.7669230737510735e-08,-3.5999834967428885e-08,-2.176409205641809e-08,-1.0357635849009123e-09,2.6928113013658364e-09,-3.492645281373855e-09,1.0109651861983999e-08,-2.0639248369732995e-09,1.3255554088221055e-09,1.2775090074673985e-08
L8treat_p0,6.529431083584926e-09,-1.9112420527472027e-08,-1.366368456196661e-07,-3.3656794075949103e-07,7.592311508202072e-07,3.2194780837884225e-07,1.1690331292085919e-07,-9.441009965818871e-08,-7.059965601204038e-08,-9.485873478872083e-08,4.736312190706288e-09,2.737030187042009e-08,-2.0140683729448245e-07,3.289337111287933e-07,2.469529660539763e-07,8.52153443662901e-08,7.26489896353154e-08,-8.099303515848722e-08,-5.643862799250326e-08,-5.35641194149869e-08,-1.3394680522404562e-07,-4.2047399928326053e-07,5.938053137705174e-07,7.49207015827972e-08,1.5600209634284945e-07,-1.6159431310520705e-08,-7.2704928589113e-08,-9.684730758356476e-08,-9.977904888370968e-08,1.071034728705663e-07,-3.733625833635204e-07,6.659944348657805e-07,8.393866316257757e-08,1.6399372597096518e-07,5.1485769920842006e-08,8.639862670482413e-08,-7.95347424713899e-08,-8.293992173977918e-08,7.41654287200768e-08,-5.580668591385691e-07,6.995369789162615e-07,-5.506878782038173e-08,1.4621741507468836e-07,3.390295059960238e-08,-6.655220035912084e-08,5.491597709785438e-08,5.0023772027254945e-08,-3.168961412298625e-08,8.863206057170369e-09,-8.935442550266329e-09,-1.7053600160455827e-08,1.495652373153695e-08,-3.1347132631853243e-09,-1.715009602417271e-08,3.781747303289511e-09,6.662436762340877e-09,3.5261707462130127e-09,4.716349992605e-09,-1.3785014177599109e-08,1.0718765585111696e-07,-3.847505799550141e-08,-1.413445127642961e-08,-2.2527072665151627e-08,2.8454902758138855e-08,-1.8538792879497597e-08,-1.3018494424765137e-08,2.663947338450495e-08,2.0405343984178914e-08,6.171248373885749e-09,3.0197806869771434e-09,2.166303573478681e-09,6.35298994865721e-08,5.703811495764025e-09,-3.550462911324038e-08,2.3912325142721766e-09,2.7239895088337944e-08,-1.586971402442033e-08,4.5179450069175495e-08,2.3747988582370728e-08,-4.107410804238064e-09,2.6220367615865814e-09,3.075577754491383e-09,7.2542012403439076e-09,1.8984508475444546e-08,9.907907860924457e-08,4.0853545693206087e-08,5.604588377775825e-08,-6.403629874963366e-09,-1.4952911901341007e-08,-6.2512027595324916e-09,-3.0047348559155095e-09,2.480652200318095e-09,-6.654963984331228e-09,7.030274293656902e-09,1.926978694062805e-08,1.3393245364987556e-08,1.0177375669576363e-08,8.374265255643548e-08,1.1791105760280607e-07,-3.523786841033844e-09,5.4916345675330284e-08,-7.2652941253815395e-09,-2.7754830622256527e-08,1.0890874580053657e-09,8.14346841765748e-09,-2.304355184061015e-08,1.7627474306263375e-08,7.130225176233254e-09,1.4774200764706162e-08,8.408718442069095e-09,-8.813367441110937e-09,-7.238593987629845e-08,-7.816584255120609e-08,-5.2714062391006844e-08,3.047699629081576e-07,1.296235538773606e-07,1.0569829216456681e-07,9.703610967580944e-08,9.510731898013154e-09,-5.5438291293905305e-08,-5.615468629290646e-08,-1.1789292027659101e-07,-5.3986504405743485e-08,4.3486101206477804e-07,1.2411188441527457e-07,6.105791603752426e-08,2.510480985908352e-08,-1.1075886218934034e-07,1.4631464844020494e-08,-1.9298856952868705e-08,-7.712123117490554e-08,5.507510403215634e-07,-6.984988137150378e-07,-2.534816196017758e-07,-2.606997235566913e-07,-1.2909117289038152e-07,-4.2201013651433455e-08,7.904911389572744e-08,4.246331451890703e-08,-3.769690499579815e-08,-1.8287949088247673e-08,-2.7651396771042483e-08,-3.623376860402897e-08,1.2651783988131973e-09,-3.445575947713985e-08,-1.960504187823571e-09,-6.106785534248928e-09,-3.282814736449962e-10,7.464028863053003e-09,9.284534203875993e-09,7.236141699980874e-08,7.00049398980707e-09,-7.12357280698765e-08,-1.1538412543670257e-08,9.087883024329482e-09,-2.612977982862675e-08,3.205435191039157e-08,1.66765167845638e-08,5.455211778071624e-09,2.7737107495089138e-09,-2.7395829434338462e-08,-2.274074130336406e-10,1.3106631124890604e-08,-1.1778823222214693e-07,-7.489171944523008e-08,-1.7759638566944177e-08,-1.3533329287729954e-08,8.466652847523871e-09,1.4354187907073335e-08,-7.76562850122089e-09,-2.2102484683483233e-09,1.6290080082603924e-09,-7.56513254606405e-09,-4.532518897082254e-10,-7.0668856210998335e-09,-1.0556933866176092e-08
L8treat_p1,-1.179853751254954e-08,-7.804393828467287e-09,9.038133568556953e-08,-2.1658548242860341e-07,-3.176418378550175e-09,9.134529166866291e-08,1.0493420880969562e-07,4.689136426811602e-08,2.5707261273359195e-08,-1.139974371970623e-08,-6.719324304653433e-08,6.152409548874873e-09,-1.9430277847035478e-07,9.167127302850628e-08,1.9122849912342962e-07,1.029594737415402e-07,2.5350392177342055e-08,4.0484538166124773e-08,1.3377091855853059e-08,-6.9874564483708304e-09,-1.2475100789925845e-08,-2.467868773144817e-07,7.49207015828012e-08,4.776148612186255e-07,2.9419826098183386e-08,4.5365062539339676e-08,1.4201184860478666e-08,3.7932284625212405e-08,2.5444688036658653e-08,-1.1190030438757498e-07,-8.889177165218492e-08,1.2783688102185769e-07,1.963551123927761e-07,7.03310093545482e-08,4.59794447276069e-08,-3.473467320574819e-08,9.380351782597367e-09,-1.9783822121809995e-08,-4.307646588976096e-08,-1.661809163413602e-07,-1.1244415669097596e-07,2.747685828373171e-07,7.11209941725222e-08,4.3705611216353766e-10,1.9644596268599907e-08,-9.69908173734025e-09,-1.5263214920787636e-09,-2.2514432356490837e-08,-9.755677129025124e-09,-2.7762016638971266e-09,2.170140154396874e-09,-4.496243734184222e-09,7.53077405470233e-09,1.1931428508159748e-08,-1.4393903515150664e-08,2.0783555970271485e-09,5.248851424470475e-09,2.3915449868846652e-09,6.106981073950566e-08,-5.4325728328544295e-09,1.9149543313106962e-08,1.5138506415687823e-08,2.368406509450985e-09,-6.382806036439582e-09,-6.96569100244228e-09,7.046670853467245e-09,-1.2036054480620684e-08,-6.011088837706902e-09,7.4781548532239e-09,9.087968272337128e-09,9.267453040247086e-10,-1.254782738410141e-08,-3.4639601844630903e-09,2.649684290619444e-08,-2.3289803715831345e-09,-8.209788701976466e-09,5.166034806943126e-09,-2.419962505689903e-08,-2.744977624358706e-08,1.0151360399042606e-08,-3.748652197372753e-09,4.965394510412402e-09,1.5016315910019297e-09,1.4756997734998913e-10,-8.282171110344459e-09,-3.280492219829743e-08,4.733292127676225e-09,1.2988532622464882e-08,-2.142721632203426e-08,-1.5651855586146793e-08,-5.091368463612356e-09,7.185553815332357e-09,8.299145974499484e-10,-7.949441568692374e-09,-4.121083723597421e-09,5.3160741762768065e-09,-6.410957614401619e-10,-1.427307074019422e-09,-3.735371029018664e-08,2.8499500367004804e-08,-2.860454847771914e-08,2.6945625463751913e-08,-1.2022579635136483e-09,-1.7499619549596516e-08,-7.915443032657786e-09,9.369897058452831e-09,-1.1612832162651736e-08,6.553609457843705e-09,-1.0283294622846235e-08,-4.1780327425500325e-10,-2.365386626366669e-08,-6.220702367549596e-08,1.423734940662567e-07,-2.668856984013793e-07,1.5916868119217213e-07,2.015983149398822e-08,-6.371924374799857e-08,-1.067090869842848e-07,-2.5372131593015177e-09,1.3406620854236824e-08,-2.6150354177219313e-08,1.3346116420705206e-07,-7.285687421305767e-08,-1.2092789906367542e-07,3.0147274099659494e-08,2.134601601964922e-09,3.111425907824893e-08,8.021961910599727e-09,6.682869298592727e-09,3.346488872773728e-08,-5.601504817510923e-08,1.9691448558678422e-07,1.5861918519313104e-07,-8.991274429752173e-08,4.5085667547112936e-10,3.0481821403701826e-08,-1.428583154518066e-09,-3.137318978352865e-08,-3.788065664420911e-08,8.134848195786593e-09,2.7528560420601484e-09,1.3024361117306249e-08,-2.8081030998451568e-09,-8.023199719435633e-09,1.4365806740520449e-08,4.064234636887829e-09,-1.0571797052489547e-08,2.6642676120463247e-09,4.3593268948049e-09,4.664273552508582e-09,-1.5267517740309833e-08,-4.24113715505603e-08,-6.442848531914066e-09,-1.2575730062328896e-08,-2.0704228315749512e-08,-2.6656151493862314e-08,-1.6740013624570489e-09,-5.247714567276712e-09,1.7630737014545478e-09,-6.2274835949178226e-09,9.30212979608254e-09,1.6108028523483256e-09,1.2766343634525635e-09,1.6608826924625818e-08,1.7615513469540377e-08,-4.3905608045087796e-09,5.780050795703315e-09,-2.365655923596898e-09,8.721096559276615e-09,1.3865428033490119e-08,-7.43555644773091e-12,-6.560737805613786e-09,6.310679929039849e-09,-4.5881541142235805e-09,-1.6111057739175233e-09,-3.176356029436066e-09
L8treat_p2,-1.9644278890714515e-08,-2.739602467236917e-08,-8.286779489911837e-08,-2.9199784367879477e-07,3.207597377327845e-07,1.5856040185801808e-07,1.0901717104710181e-07,-6.444596908714495e-08,-7.893779580230696e-08,-7.665837070162914e-08,1.598628943409844e-08,4.393460556866664e-09,-1.4435534664164946e-07,1.9164260891749695e-07,1.2165988191086721e-07,1.07315661685527e-07,3.6324670947168054e-08,-5.773975073899989e-08,-9.635564854794759e-08,-4.533746779148298e-08,-8.614154311341361e-08,-2.3532927179824804e-07,1.56002096342848e-07,2.9419826098184935e-08,2.2673178620753801e-07,1.271516266621855e-09,-1.7788440837153573e-08,-1.1110983719381272e-07,-8.430147859300272e-08,3.166140527782639e-08,-2.1289571070692037e-07,3.0007639901448885e-07,7.681218493323703e-08,1.5806351337872716e-07,3.761616453349377e-08,5.979321869421062e-08,-1.0322508323991854e-07,-9.696893525173962e-08,-4.287951677075359e-09,-3.228674798542438e-07,2.668937606183768e-07,-3.6043913220445252e-09,1.5202416007430825e-07,5.760237898539399e-08,-5.4309457480164615e-09,2.9025277416146807e-09,8.498347911262308e-09,-3.95332622686901e-09,2.4450607678453977e-08,-1.880921116327612e-08,-6.220077089215405e-09,6.885387070112938e-09,-2.7292805173017465e-09,-1.0430359242219674e-08,6.9613751252035835e-09,6.939920010295982e-10,6.545233451707581e-10,3.3979170100339044e-09,2.8472356505666245e-08,3.4910278546573634e-08,-2.999424385559151e-08,5.6122969364330175e-09,-2.2989152893614383e-08,1.4068740774207943e-08,-1.2536738613369938e-08,-4.672372477102352e-09,1.311843631504137e-08,1.6526015336904205e-08,2.507568169694502e-09,3.4257239127211648e-09,2.487659621898202e-09,3.436500936204807e-08,-9.385197421640148e-09,-7.208977910285401e-09,5.009752665768427e-09,4.702447127781922e-09,-1.1329208494709044e-08,2.2667880772595162e-08,1.0848882225561508e-08,-1.2803389416979425e-08,4.067546311794755e-09,1.713325919789063e-09,2.200007867165055e-09,9.692655125465613e-09,5.9558601355542205e-08,4.761272564945034e-08,3.080765628534856e-08,1.7255789370816213e-08,-1.6375953637897785e-08,-1.00558350215793e-08,4.442385181808387e-09,3.12766128640892e-09,-2.7422089252660075e-09,6.475952508486832e-09,1.0668804990894684e-08,8.12541437118142e-09,3.4764007080203175e-09,8.127589840875984e-08,7.073696303091799e-08,-1.595634710788085e-09,5.174941383918496e-08,-2.1622432900217258e-08,-1.1076835642728432e-08,-4.5390144322763466e-09,3.4983527856699298e-09,-1.915783787199296e-08,1.9189869514886215e-08,5.452649485371676e-09,1.1503045938672448e-08,8.23446777276513e-09,-3.8255865355731426e-08,-8.357318818155297e-08,-5.308815114366508e-08,2.082106586269476e-08,9.762340032898877e-08,3.4143397965643614e-08,6.16524834703167e-08,1.1585525440940563e-08,-2.382685528420922e-08,-4.8979494632103846e-08,-1.0628651214102245e-08,1.6413960798415424e-08,-3.9847982604346766e-08,1.1608788261680687e-07,8.78344158414324e-08,1.1240518170964205e-07,3.00844780716767e-09,-7.738172292014672e-08,3.8949052366194654e-08,-8.24113472582313e-09,-8.914377510965531e-08,3.1990722334604234e-07,-2.8931725381359885e-07,-1.0542818865017302e-07,-1.843018941669284e-07,-6.025731164072822e-08,-9.397327837243526e-09,3.583561373192694e-08,-5.564689060431953e-09,-2.4006977775937155e-08,-5.851851151176063e-09,-3.1111389713355036e-08,-9.031203974747852e-09,1.1622140939868807e-08,-1.4546712587421925e-08,4.8197933133464365e-11,2.7244364841236797e-10,-4.551838604580643e-09,2.36710864329303e-09,4.52723664034993e-09,1.2105220307877051e-08,-3.206004234005572e-08,-2.1877954266721527e-08,-5.2450987164192225e-09,-1.1696307921595135e-08,-2.0703094051978015e-08,1.9286879221836063e-08,-6.544921631972118e-10,2.119458556932059e-09,2.9487311019551567e-09,-1.1100389980247414e-08,-6.178248903381488e-10,7.419452029558389e-09,-6.032222649903226e-08,-2.7362449027584784e-08,-1.3864990793851824e-08,-2.0311567744152796e-08,1.4485010904111282e-08,6.303427625233556e-09,-6.824750581399695e-09,-3.2210853864133776e-09,6.426281135713338e-10,-6.9137546942719615e-09,1.2254294125824552e-09,-4.384198624958697e-09,-6.001752986656647e-09
L8treat_p3,-5.665172435612868e-09,-1.1159116547866e-08,6.469364853502172e-08,-1.9957247729382814e-08,-6.244390998967568e-08,-9.105929783924374e-10,-6.58767766743757e-09,4.965410877147306e-08,2.373377992289584e-08,3.37048847087247e-09,-7.708947909559956e-09,4.064428676001552e-08,-4.990932422490273e-08,2.2336422620970774e-08,5.633001704388204e-10,-1.5874797309917536e-08,2.7622442196074157e-08,2.5582583347800904e-08,9.68294924972738e-10,-3.8364992471584715e-09,3.99311272929369e-08,-7.240660872503358e-08,-1.615943131051649e-08,4.5365062539341436e-08,1.2715162666236259e-09,6.095586268632991e-08,1.8674218421627205e-08,5.196381769920868e-09,1.88053670190891e-08,2.5192661831799795e-08,-1.6127972321201066e-08,-5.5996307974535595e-08,-5.272994277138684e-09,-3.047647085201235e-10,4.2974702216609714e-08,-3.2556440269110385e-09,-3.0648949741399155e-09,8.943844355954873e-09,1.9087050405803175e-08,-3.4104247791824996e-08,-7.090138015895077e-08,2.8580330519583924e-08,-1.9278770068313376e-08,3.644962286346502e-08,2.4743294593102376e-08,-5.746965672406885e-09,-1.3956286938495306e-08,8.723709572650042e-09,-2.0086523835728924e-09,-4.901773531676e-09,3.1320390740802616e-09,6.590981693473192e-10,-3.521298098475935e-10,-4.223396230234673e-09,-6.24556768462572e-09,1.8644378677429302e-11,-9.825307677888162e-10,-1.25708674018093e-09,6.8782162203165335e-09,-6.830696158655659e-09,1.2767442764685559e-08,7.944978220643615e-09,-1.613001466531614e-09,-8.448837820698074e-09,-1.773693560519295e-09,-1.0719099095055324e-09,-8.508859553649108e-09,-3.078725336355779e-09,4.108444518003279e-09,1.0297253995965235e-09,-1.1910707317835528e-09,-4.479704701974661e-09,-4.3873251053432167e-11,2.453510828031647e-08,5.18841050889984e-09,-8.55515421281027e-09,4.268673917432865e-09,-5.720223075547882e-09,-6.118650458819708e-09,5.851621074861825e-10,-1.5938041826471639e-09,1.247832278433162e-09,-2.742617452480455e-09,-2.0775967890557737e-09,-6.770424524342442e-09,2.7846407141448892e-09,7.753670318357413e-09,2.6001574450609925e-09,-1.1765272904097897e-08,-2.0923990552766038e-09,-9.186637196854208e-10,-1.110356646242581e-09,-4.131456090828651e-09,-2.213635160498168e-09,-2.4848993095977342e-09,-6.457788435107902e-10,-3.1343311826983823e-10,-1.6599136184119e-08,-2.835353047595902e-08,1.6149948391578414e-08,-7.914439715544805e-09,-3.525599291808573e-09,4.355508014742885e-09,-3.318937452835852e-09,-7.2124163939623755e-09,8.816026697423681e-10,-4.711006154967126e-09,1.6272080879790298e-09,-5.495627261670182e-09,-1.3071250021015134e-09,-6.51338545522361e-10,8.40769011225436e-10,2.0309666953596525e-08,5.579135125857961e-10,3.9506691807594e-09,-2.8817440475817173e-09,8.286499350315751e-09,1.61994958694195e-08,-1.3252302398370569e-08,1.078708959735444e-08,2.4742983799179644e-11,7.98340265322603e-08,3.072325274253361e-10,-1.5283320610416316e-08,-1.9118074881311077e-08,-2.358120730676179e-08,3.980116202968891e-08,7.140553287323659e-09,5.6587193273369075e-09,7.104534973890846e-09,7.866241791889341e-10,-2.2026634152737317e-08,4.291522286675471e-08,4.5331372963000665e-09,2.436951019610609e-08,-1.8143109291119792e-08,1.1507762365201556e-09,-1.1149217079454598e-08,-8.844737479966847e-09,6.085381257739598e-09,2.851416511544911e-09,-2.9783890039507554e-09,-2.2145752471062287e-09,-6.069400314150861e-09,3.6053102897420566e-09,-3.4365767886748936e-09,-8.124359083996033e-10,2.7007910008025224e-09,3.522920341225304e-11,-1.9563267031955565e-09,-6.341039426667644e-09,-5.832015927478805e-09,1.6041378826890486e-08,6.95868185955306e-09,-5.766394452185422e-09,1.7656641489044946e-09,-3.2050562887987223e-09,-4.660974651957852e-09,-5.2600476494752126e-09,-2.179983096255297e-09,4.063236957249339e-09,-2.899468856943612e-09,-1.053146046346559e-09,1.2016669122756918e-08,1.0436999902329674e-08,-6.722602422273752e-09,-4.577492706575606e-10,4.761757196621081e-09,-1.523764337057622e-09,4.0497569672369726e-09,1.5629993761727015e-09,2.9090653768484843e-09,3.359994297589853e-09,-1.13501413827457e-09,1.9852797076468835e-09,1.044561218168308e-09
L8treat_p4,-1.5607144158449238e-09,-9.704041763720771e-10,2.6263882150060478e-08,5.720126273131776e-08,-1.054329082327664e-07,-4.833967027804664e-08,-4.8790400359205875e-09,8.118290488829429e-09,2.958450058697188e-08,2.3843310463323353e-08,-1.7547564733927737e-08,-2.486634447211425e-08,6.718946462578078e-08,-3.023858521054151e-08,-2.7343262067469234e-08,6.241818220223066e-10,-9.313121829908394e-09,3.999163139768384e-08,9.161938169756834e-09,-7.759185900038737e-09,1.6033167637839002e-08,6.71736504859254e-08,-7.270492858911506e-08,1.4201184860477058e-08,-1.7788440837154894e-08,1.8674218421626563e-08,4.9186357594767457e-08,1.9169169871330172e-08,1.5109333630388343e-08,-2.963396433410218e-08,1.1195990154747027e-07,-1.0946949289387541e-07,8.842665265212838e-09,-7.0705562617592336e-09,-3.494585529631357e-10,-8.343234282431004e-09,1.8867810929970347e-09,3.6102640251099587e-09,-2.58070082375097e-08,8.045053672872569e-08,-1.2623850463080952e-07,1.9162073668668293e-08,-1.7267893330163323e-08,-8.549834562356007e-09,4.0297148761961796e-08,-1.3311777317613935e-08,-1.1715397306726008e-08,8.997959923391476e-09,-5.673688765714605e-09,-1.8377247389193406e-09,2.0784801700812744e-09,1.6991211891554727e-09,1.485590752629513e-09,5.510971417439755e-09,-6.365481151989945e-09,1.2994729113506347e-10,2.017633124405382e-09,-1.700201723414709e-09,5.402357599505388e-09,-2.0032439406036332e-08,1.3626726792283355e-08,-6.716879201192603e-10,1.0215643072317115e-10,-6.724689851328257e-09,1.0971380304960043e-09,1.7041476325467935e-09,-7.353320607073069e-09,-6.279636602576434e-09,1.6425404320771252e-09,2.7639942348234325e-09,-1.6557109162328394e-09,-1.4500337837640592e-08,9.735128386600206e-09,1.947736311687528e-08,-4.6397225574385165e-09,-3.977355829854422e-09,4.6389564294494376e-09,-1.018605027988398e-08,-9.119805550559037e-09,6.319418064125181e-10,-1.8828245594528994e-09,3.9092475511740505e-09,3.6909172537667344e-10,-3.7607882663623365e-09,-1.0858571534322735e-08,-1.4335766895748782e-08,-1.0696287499170819e-08,-2.017476670584876e-09,-3.81007848756145e-09,-2.840275360855074e-09,-2.073135386175551e-09,1.3866338168294368e-10,2.5258776809387275e-09,-3.684190490739974e-09,-1.6591006077806178e-09,5.265856969472981e-10,-2.2921720616363382e-09,-1.2937249185549886e-08,-1.8241186299018897e-08,1.5912040518522392e-08,-1.6592763529041885e-08,3.290906030167061e-09,2.4082113591154554e-09,-1.7885557498351224e-09,-2.4704078646737693e-09,5.6438393900642225e-09,-3.528159546826979e-09,2.211408642881043e-09,-2.574239361507066e-09,-2.433517504893541e-09,-8.73938784094205e-09,2.867618904912082e-09,4.524932823704654e-09,2.1779709897641773e-08,-3.7894942733026975e-08,-4.8017275852834836e-08,-9.548250323943348e-09,-1.7357659817023056e-08,1.134116979015494e-09,1.0633450287018177e-08,-1.1694488153697851e-08,1.2923139710725491e-08,4.8259923230332606e-08,-9.015407957947852e-08,-2.9881981727056335e-08,-3.368187759536164e-09,-2.21462702164227e-08,3.4178422092726654e-08,6.319417608335633e-09,1.8180588940135662e-08,1.8088329552405386e-08,-1.1872436242063406e-07,1.2054356519642025e-07,3.9586358295250284e-08,3.541890129716935e-08,2.688291645441969e-08,-6.045044430558973e-09,-1.9019006316853617e-08,-1.4379964704617961e-08,1.0276669913216426e-08,-5.293633951626627e-09,4.013546180526077e-09,3.170048746961701e-09,-3.966474593373503e-09,9.789501299315043e-09,1.8506806957528587e-10,8.120341159644864e-10,3.485603774649017e-09,1.5022273589735165e-09,-1.1809827821694472e-09,-2.1035662420245545e-08,-6.760345333574185e-09,1.4051876274685679e-08,3.039022160990496e-09,-5.329766036124408e-09,-1.4779078207732192e-09,-7.772220922498086e-09,-1.5345430258414498e-09,-1.6308432041034355e-09,-3.472446513154162e-09,5.788439595575566e-09,2.448215124466353e-10,-2.925241319705208e-09,2.4326982025941047e-08,1.494784735096607e-08,-1.2091649638863701e-09,6.602408024535231e-09,-5.499420524127478e-11,-1.2417727818079944e-09,3.922763228368855e-09,5.594655247643328e-10,2.0334177125431248e-10,3.5429152295550766e-09,-2.4370781003016643e-09,6.516376507271188e-11,1.7983075243294409e-09
L12treat_m4,1.374584942721914e-08,1.493330538629519e-08,6.530668727077424e-08,2.1048817573217377e-07,-2.3983553542708414e-07,-1.2792149234126985e-07,-9.862202497421722e-09,4.554811121852734e-08,4.9913553088980334e-08,5.738997198483261e-08,-3.633006473132924e-08,-3.931831636334774e-08,1.1475818633518457e-07,-9.08803914918287e-08,-9.941232625521114e-08,-1.6191924757965252e-08,-2.6212618262089668e-08,3.968637685315743e-08,7.585413569378371e-08,2.2227281978548588e-08,5.582490983042285e-08,1.6168525070919365e-07,-9.684730758356121e-08,3.793228462521096e-08,-1.1110983719381276e-07,5.196381769921574e-09,1.916916987132951e-08,1.03118862402658e-07,6.01868908962666e-08,-8.261833485387241e-08,1.7663537037104338e-07,-1.7556258659011973e-07,-2.436572307406921e-08,-8.204673893352937e-08,-1.8806399338146625e-08,-5.318122596093655e-08,8.712378928019517e-08,6.484050753578404e-08,-1.2330963760760942e-08,2.1421230057705373e-07,-2.40822063669103e-07,5.794246990197127e-08,-6.858115331264113e-08,-5.95695936991921e-08,1.1435808488512838e-08,-6.289901560854325e-09,-1.861104800067014e-08,6.156421789916248e-09,-1.643118182028098e-08,4.142700228222087e-09,6.175160138124742e-09,-2.653893874836856e-09,1.2718546639707742e-09,1.1857593249500124e-08,-8.05703121256323e-09,4.013002815251184e-10,1.544595808505324e-09,-2.1127270724276754e-09,5.176835157357749e-09,-4.051267461813355e-08,2.9006763449113068e-08,1.2832191419594647e-09,1.2915808918841058e-08,-1.089293487520813e-08,9.356354288600477e-09,6.304298265778209e-09,-1.1558519234040684e-08,-1.3675074255510801e-08,1.2733264328463458e-10,-5.538827621868891e-10,-2.243547425454537e-09,-2.028977196150875e-08,2.716014411956311e-09,1.6306604667079495e-08,3.0046121430577613e-09,-1.1430134842810854e-08,8.277216009045124e-09,-2.2807528764276726e-08,-1.969548356087583e-08,7.423959026953274e-09,-5.731530621469917e-09,1.1704257532042298e-09,-1.1385335257203034e-09,-7.204107996001023e-09,-2.646600370646166e-08,-4.16211277456126e-08,-2.158307679363034e-08,-2.829924754522689e-09,2.848218532157614e-09,-6.866433079922027e-10,-2.1854051218789685e-09,-1.6959743368787677e-09,5.840368839960553e-09,-5.0406621698263125e-09,-8.60107726946065e-09,-4.123265753378997e-09,-3.7053642904142384e-09,-3.010513046955829e-08,-6.62522846171279e-08,1.0850272773988519e-08,-3.9984135035703156e-08,1.3647574538426969e-08,1.0609921499223423e-08,2.9268478364792705e-10,-8.706920868161814e-09,1.4675533579588553e-08,-1.2843273738121081e-08,1.1734865910057006e-10,-7.551562043568423e-09,-5.607037118885662e-09,2.898860619820107e-08,4.193115553511803e-08,7.021266440236756e-08,-5.173235375101105e-08,-3.682763719693481e-08,-5.190825314806032e-08,-3.1674910618883566e-08,-4.338089000673109e-08,1.5493519055170494e-08,4.516433669865696e-08,5.184802194522623e-09,2.2206366804999008e-08,6.964329183654276e-08,-1.5613847291576968e-07,-5.701222021184079e-08,-3.572917234570464e-08,-2.1831815459936696e-10,4.701261790678085e-08,-3.5127011434789835e-08,2.0754776750371752e-08,5.222938620096692e-08,-2.1424595324939926e-07,2.6022014108740487e-07,7.609473567853272e-08,9.930906634863377e-08,5.204106612971755e-08,1.0451458310406338e-08,-3.563994008191915e-08,-1.720949776608253e-08,2.608059616357621e-08,-4.1163776673619716e-10,2.3350140581533754e-08,1.1123784768537648e-08,-7.293637846833878e-09,1.4249825460967852e-08,3.0195559894488347e-09,-4.2398722209671656e-10,3.3093436898504285e-09,-1.7945149301592857e-09,-2.3528209710286203e-09,-1.8356196094981588e-08,3.1268873621020694e-09,2.8464544850451014e-08,6.195510568326476e-10,-3.681836372612139e-09,5.664793157199326e-09,-1.3833974267116055e-08,-5.9039761664546905e-09,4.523821132462688e-10,-1.4722901895479962e-09,1.0500273489270542e-08,1.1968406204094669e-09,-5.602433276166266e-09,4.366073765188639e-08,3.33925902408919e-08,8.969512584647142e-10,1.089984247225709e-08,-9.296711177763479e-09,-4.8379147695702365e-09,5.255169889800086e-09,4.054009480931298e-09,-3.304159446447504e-09,5.531216369838608e-09,-2.726718331444697e-09,1.8267629380767464e-09,3.6780442401349017e-09
L12treat_m3,3.903563580288671e-09,1.2559979497161688e-08,7.00138928179402e-08,1.2910420935227463e-07,-2.0603295233594342e-07,-9.009878648077586e-08,-3.455178800511662e-08,4.1156807790094463e-08,4.055324608670143e-08,3.527477408322224e-08,-1.4069472642526176e-08,-1.6000324833541706e-08,4.8005202931476994e-08,-7.12456381783312e-08,-6.301334335270489e-08,-3.139402623401144e-08,5.414740410940128e-10,4.826523850749285e-08,4.6589397319729724e-08,2.914921585610105e-08,5.123162372044453e-08,9.182274990480743e-08,-9.97790488837077e-08,2.544468803665921e-08,-8.430147859300367e-08,1.88053670190891e-08,1.510933363038816e-08,6.018689089626715e-08,6.834347041282467e-08,-3.318549796382364e-08,1.0460662377775854e-07,-1.7909729062753958e-07,-2.6706770514491887e-08,-5.145137860447614e-08,8.883084488251133e-09,-2.573744624426891e-08,4.709058214489776e-08,6.520773246564849e-08,-2.085655952352172e-08,1.4729780662639803e-07,-1.9299737672965163e-07,4.18749081715117e-08,-7.929505147357817e-08,-2.1670732522209642e-08,1.869806917451411e-08,-7.599933636650628e-09,-1.4590207937293741e-08,6.937065573703514e-09,-9.057935926635125e-09,6.896267752112341e-09,9.598818074812026e-09,-3.3204483242743975e-09,9.843979936220107e-10,4.367367415372549e-09,-5.693019517560091e-09,-8.978800120312386e-10,4.657352590270505e-11,-1.9514767189893985e-09,3.99929674037249e-09,-2.7110997131264497e-08,2.047925496976713e-08,5.147520653162398e-09,9.151898554324386e-09,-1.0315173886545273e-08,1.9615929748616327e-09,3.6952279053486367e-09,-9.536090982500817e-09,-8.749881332743603e-09,8.101068291913316e-10,-3.1206911928004386e-10,-7.152972626901887e-10,-1.41250098364017e-08,3.2026160881664607e-09,1.5692520744967002e-08,-4.570965965339552e-09,-1.0523742592770497e-08,8.91292037038242e-09,-1.6969672957055655e-08,-1.5400646806219508e-08,7.313518576482681e-09,-3.06059911563463e-09,-3.9308576471452223e-10,-1.1214709382925142e-09,-5.708100170010409e-09,-2.1806696067052435e-08,-2.1389887388478048e-08,-7.842364035318341e-09,-2.1069734494141453e-09,-1.8117184666982584e-09,8.499522941857144e-10,-2.92991886170537e-09,-2.5409520301474314e-09,-2.9789881297804785e-10,-2.9326139780944536e-09,-7.559179013128062e-09,-2.479847220956273e-09,-2.176024101506137e-09,-3.670474166064548e-08,-5.048278063439672e-08,7.749668828734425e-09,-2.8792293797084537e-08,1.0296939120845145e-08,1.1169271874977712e-08,-4.74026305372854e-09,-6.078287269520007e-09,1.0841177570550093e-08,-9.388269744906417e-09,-6.266128605580385e-10,-8.328715972799079e-09,-2.8399199017510125e-09,1.4759403202506714e-08,2.4947971509095247e-08,1.901070649751827e-08,-1.1348805595950736e-08,-5.6700637546801185e-08,-4.293661046809594e-08,-3.447963548777555e-08,-1.4937573878733844e-08,2.4366456658381345e-10,2.3330161168109686e-08,9.991055020793824e-09,3.484836579607071e-08,4.813589722644529e-08,-1.2864809120986984e-07,-6.688333035092053e-08,-3.2836567925914805e-08,2.4936641200780916e-08,3.0324648754392e-08,-1.373903159913072e-08,-8.585693574329627e-10,5.0046191346465905e-08,-1.6910400068743323e-07,2.0198497242429783e-07,6.533997704500914e-08,9.214178171781207e-08,3.052591801164985e-08,9.80276241463823e-09,-2.2918638921463643e-08,-5.500279918356623e-09,1.8317639370621678e-08,3.6887464586134514e-09,1.5503269584690356e-08,1.0046416780627468e-08,-6.966034568404211e-09,1.1720273990794932e-08,9.275317804382262e-10,-5.369846026225397e-10,2.3451815963243593e-09,-1.545947940920293e-09,-2.5023507127006684e-09,-1.1908259100699632e-08,2.130513665121654e-09,1.9358397120317766e-08,5.977561665988985e-09,-3.7138652360883547e-09,6.647218880801845e-09,-1.107094237578026e-08,-3.3188238912557442e-09,-4.257975301235428e-09,-1.8770623769232397e-09,8.45682673546115e-09,-6.04405294801957e-10,-3.786193908561779e-09,3.457370253003919e-08,2.3718170777814734e-08,1.1185486523709437e-09,7.510791790231892e-09,-4.049302236129557e-09,-4.292552030623752e-09,7.460472624486115e-09,2.728714698338121e-09,-3.5806275322091976e-10,3.790801967816772e-09,-1.000384720688437e-09,2.4928141290889393e-09,2.537985687304529e-09
L12treat_m2,5.309422345827819e-09,-1.0942954007560374e-08,5.8669680017566304e-08,-2.1400939059866248e-07,1.4538579033108224e-07,1.0680836860934105e-07,-5.7368601722941116e-08,-7.160081253136432e-09,-4.3647258544729194e-08,-4.1242507467319524e-08,5.086986158991142e-08,1.8837717217225885e-07,-1.657428492853289e-07,6.040541852021808e-08,6.476230762171448e-08,-4.5294027148677245e-08,1.168940964005292e-08,-3.607251631967931e-08,-2.8032008707408256e-08,-5.739499780865282e-09,1.1375070196496667e-07,-2.3338431549717255e-07,1.071034728705659e-07,-1.1190030438757371e-07,3.166140527782791e-08,2.5192661831800466e-08,-2.9633964334102145e-08,-8.261833485387165e-08,-3.318549796382253e-08,3.253663814987403e-07,-2.929106590822916e-07,9.531550308685562e-08,-3.3948402507360324e-08,1.5147551688595107e-08,4.11201781509925e-08,1.7064999629435507e-08,-4.997954540045966e-08,-8.621571171422038e-09,2.107296029853978e-07,-2.701223563970366e-07,2.277313552961823e-07,-1.1254184084432583e-07,-1.2946942551123152e-08,5.5824223383220846e-08,-1.9288173657206434e-08,1.549032172605329e-08,2.140272151999022e-08,5.959503361514431e-09,8.279176259497362e-09,5.29612461678426e-09,-8.560465728208328e-09,1.6647783902087926e-09,-4.900883179999413e-09,-2.3884133895585415e-08,7.251499074241528e-09,-2.671207455488632e-09,-4.390876523953816e-09,1.455730711949822e-09,-1.0889268940966567e-08,6.087170252574288e-08,-2.6390748414078988e-08,4.6302984695614136e-09,-1.1399789061763581e-08,2.9140785375421475e-10,-5.331348525696871e-09,-9.587598346579611e-09,4.22175363203867e-09,1.4504890391956203e-08,3.871402521414267e-09,-4.7284640994473334e-09,2.2787756866389434e-10,2.5660438549476503e-08,-3.740056643925473e-09,1.2223124813191052e-10,1.0971113138427798e-08,1.306352770928097e-08,-5.847131626787438e-09,2.426022368792162e-08,1.4028428017570202e-08,-8.004561571926414e-09,6.732652780274503e-09,-4.266560436841191e-09,-1.552369744526785e-09,7.097180121177099e-09,7.933885239895715e-09,7.591366333082467e-08,4.7217183449906904e-08,-8.239867165443907e-09,-1.4124119692598922e-08,2.7580079841599022e-09,3.32706290323533e-09,3.3701236979370076e-10,-1.1894180936593508e-08,8.830433116037701e-09,4.186301505456133e-09,-1.4878008354400885e-09,4.1892444344699426e-09,7.753550722959455e-09,4.971160105350155e-08,4.76475101088689e-09,3.2926579427662206e-08,-4.840184533062648e-09,-8.535766456908606e-09,2.1104403508725293e-09,-3.3085626857260097e-09,-1.5024853655615942e-08,6.252523427700066e-09,-2.1712059999610216e-09,-2.7199567232402916e-10,4.11068846505486e-09,-2.244837918625302e-09,1.1882281402729326e-08,1.679457262069474e-08,-1.646782548208413e-08,4.656520971148104e-08,6.414363753118499e-08,6.862506590642234e-08,7.060782769567531e-08,-2.4423396290882543e-08,-2.2329481687799368e-08,8.58069433376505e-09,3.523972122690418e-08,-1.0880567726744656e-07,2.219178822348155e-07,3.77440297677573e-08,-2.9786739037418498e-08,2.7165974593565155e-08,-6.135735904997542e-08,2.4501845718320193e-08,-3.1994363342883683e-08,-1.0466304282800013e-07,2.0099994706508949e-07,-2.7605743658546686e-07,-5.5790809538041636e-08,-4.106577485739715e-08,-6.655888416843799e-08,-2.6973842437950367e-09,5.6011124467386074e-08,4.0742202630055307e-08,-1.8528896064588115e-08,8.436097469687121e-09,-2.4552645915331015e-08,-2.6446028675454443e-08,-3.3384662608975963e-09,-2.0528243095057053e-08,-1.0908818403201384e-08,-3.6737745923469796e-09,-2.280023540809479e-09,2.186920775789119e-09,1.0183466279331771e-09,1.646921692970286e-08,1.6971412592234365e-08,-1.0323985460318094e-08,1.66948617964767e-08,8.800782371242933e-09,9.512695121752945e-09,9.764071927725333e-09,7.879705524852422e-09,-8.768735032432627e-09,-4.810239814633762e-10,-1.1214027443526858e-08,-4.600971047683938e-09,5.100475759820386e-09,-4.879719375480673e-08,-4.16952237190181e-08,-9.249633155463129e-09,-9.78960119962055e-09,1.0197909162997242e-08,5.314269154476989e-09,-6.146593855475464e-10,1.3121935431781568e-09,1.0873152910890106e-08,-3.958511240599891e-09,4.046207091317388e-09,1.7379288604026518e-09,-3.0820498592659094e-09
L12treat_m1,1.3183307529292648e-08,3.0704511757009494e-08,3.4399612587439576e-08,7.776719341585949e-07,-5.311308672798787e-07,-3.2607143915494746e-07,-4.220663296608666e-08,1.3776356852527759e-08,1.1974784072143143e-07,1.6749639879990358e-07,-5.365525317405037e-08,-2.4665141486071777e-07,6.145433584550802e-07,-3.2260718851337324e-07,-2.4214070123193655e-07,-8.110923196763795e-08,-9.325560913888247e-08,1.452857375341902e-07,1.1886349763731021e-07,1.7256626185888362e-08,3.245831291222933e-08,8.494881658324268e-07,-3.73362583363511e-07,-8.889177165218633e-08,-2.128957107069222e-07,-1.6127972321203574e-08,1.1195990154747046e-07,1.7663537037104714e-07,1.046066237777574e-07,-2.929106590822931e-07,9.268493809473658e-07,-7.108389338681741e-07,-2.9036971067028e-08,-1.6902563932564916e-07,-1.2002813457835264e-07,-7.677187791614023e-08,1.203303516088928e-07,1.041560158446877e-07,-1.869641216902521e-07,8.656127092619858e-07,-6.705798465458606e-07,5.48096371224015e-08,-1.942670693711649e-07,-1.0521771566793383e-07,6.624054586354938e-08,-5.5564038128357506e-08,-3.823628678240495e-08,1.3419955082458908e-08,-2.5388218116250023e-08,7.511637350991395e-09,1.3768656506489532e-08,6.638031088629242e-09,9.837747723464999e-09,2.7726667702786655e-08,-2.598850895711082e-08,-2.8297366534968724e-10,8.736787806872843e-09,-1.1624544848303042e-08,-2.186636474390221e-08,-1.192772440005493e-07,7.131633490366019e-08,-4.738592834244787e-09,3.3300785435892474e-08,-2.6152868856966715e-08,1.9606800466778298e-08,1.2842537969847556e-08,-2.1998758893314814e-08,-3.2309941558004177e-08,2.5619485782373885e-10,6.053207783440321e-09,-8.75923381468791e-09,-1.0497460106121828e-07,1.793345380899907e-08,4.179550364388987e-08,-4.0326590419114353e-08,-2.1069152913274504e-08,1.5326366839244243e-08,-4.478677100320373e-08,-3.6835631148410566e-08,4.495012478190462e-10,-1.571791078162246e-08,1.0011954231893466e-08,2.251556601072919e-09,-2.2682521728119783e-08,-7.852085969797938e-08,-1.1646532724485389e-07,-8.47286388023465e-08,-1.8732387401184678e-08,2.9881304666259333e-08,-3.6211227483227834e-09,-7.0630795773048695e-09,-4.106370615754437e-09,1.3853420572372639e-08,-1.4407537507631344e-08,-1.3552004075759835e-08,-5.085005527583809e-09,-1.4779883072867094e-08,-9.716569467763024e-08,-1.2587660455116995e-07,1.650610083957669e-08,-8.660726833216497e-08,3.771623136239463e-08,2.0113775902329225e-08,9.054279536837348e-09,-9.090304074655044e-09,3.0192066141087245e-08,-2.4764582957934554e-08,-2.26594933137292e-09,-9.455667653297401e-09,-1.3604300711002007e-08,8.948581905198462e-09,6.986736556403739e-08,-3.483079370956627e-08,2.3737367596787353e-07,-3.00695659219071e-07,-2.2645939729806278e-07,-1.0638682768372639e-07,-8.795453220113645e-08,3.648221077873789e-08,6.6952438543523e-08,-1.3337939044284403e-08,-9.414169616140388e-08,4.01076633286881e-07,-4.4139211944913776e-07,-1.568013789577579e-07,-1.6312266334366573e-08,-1.3553672836430426e-07,1.5515022994030278e-07,-2.4719317449989386e-08,8.190776113221687e-08,2.4172414998422294e-07,-8.969070507656368e-07,6.649602327470708e-07,2.305328663011709e-07,2.351322597432816e-07,1.5041587313158456e-07,-3.6079772029918847e-09,-9.292627709049488e-08,-3.20424298365172e-08,7.088891790790787e-08,-6.000894489032515e-09,5.373892228338456e-08,3.634885769913891e-08,-2.9055066888302717e-09,4.517217560098819e-08,1.1869275513700939e-08,6.113119104203859e-09,8.728434280324444e-09,-6.225028073377705e-10,-7.680822207838402e-09,-1.0576150450586662e-07,1.1756909102454043e-08,6.216596833824935e-08,4.0097865220601995e-09,2.1248543807574863e-09,9.710972458639076e-09,-3.4435094418828636e-08,-9.004772346230814e-09,-1.1685317329371715e-08,-8.817803965733094e-09,2.6660179193707938e-08,9.202004680179811e-09,-1.7357806478102245e-08,1.261075271111631e-07,6.315218323235923e-08,3.974723124496847e-09,3.3142414369143695e-08,-3.0444217414332384e-08,-1.4200179358433943e-08,5.941480947398141e-09,4.2864638376831716e-09,-1.6309357440399207e-09,1.4936869380302614e-08,-7.19110918720028e-09,-3.292178044619152e-10,1.1831875463155167e-08
L12treat_p0,1.8817814695297472e-10,-2.2355559832385723e-08,-2.7269654434636046e-07,-7.262455596103214e-07,1.0265146630148887e-06,4.278041471451317e-07,1.9243568755942873e-07,-1.7385226245298368e-07,-1.4253634022704548e-07,-1.783478490205197e-07,1.895937718850804e-08,2.629415798965233e-08,-3.567054843609817e-07,4.684866814095161e-07,3.458210291725965e-07,1.931504392045962e-07,7.566076738167803e-08,-1.7184841294042193e-07,-1.410514476721734e-07,-7.575820181311775e-08,-2.5266622262406455e-07,-7.250580786114077e-07,6.659944348657753e-07,1.2783688102185319e-07,3.0007639901448885e-07,-5.5996307974539e-08,-1.0946949289387371e-07,-1.7556258659012137e-07,-1.7909729062754032e-07,9.53155030868548e-08,-7.108389338681771e-07,1.128205077056007e-06,1.3809866408382256e-07,2.6723227624573134e-07,4.254529656705542e-08,1.038484764216751e-07,-1.5286407401980693e-07,-1.7253586529202066e-07,3.85515277398103e-08,-9.813089453252126e-07,1.083588309887281e-06,-9.792699196509832e-08,3.050423761002202e-07,3.076496312832358e-08,-8.22790507357949e-08,7.785232959099832e-08,6.934482567126242e-08,-3.41607723221862e-08,2.242663205811137e-08,-2.333500235337292e-08,-2.957746810990567e-08,1.1061814404023251e-08,-8.688032971523365e-09,-1.2268964545364743e-08,1.662011035935216e-08,2.9757308150447542e-09,1.905315864723792e-09,9.807544331987305e-09,1.3859118877278695e-08,1.5030526136050965e-07,-7.706624449638883e-08,-2.6109784162512268e-08,-4.634708171934575e-08,4.122371053726728e-08,-1.630578024197878e-08,-1.80482593443003e-08,4.241081886180046e-08,3.5853961940353706e-08,3.838014913092241e-09,4.059104484991798e-09,7.439805181353001e-09,1.1996207691521948e-07,-1.1573963795051396e-09,-7.202531952482215e-08,4.481294674241192e-09,3.4099753078170525e-08,-3.116074305924421e-08,7.23324664935978e-08,4.0678774898064145e-08,-7.758117982667769e-09,8.980831873714667e-09,-1.306392170196753e-09,9.313096061673931e-09,2.8687335463966067e-08,1.61412663257097e-07,7.030257878871224e-08,7.480434736136404e-08,1.1660326612913273e-08,-2.2029594330797586e-08,-1.167487205951323e-08,8.615780243658519e-09,7.613996876478845e-09,2.3521485388793437e-09,1.0486360026406966e-08,2.6073325224603153e-08,1.8784990074533214e-08,1.3488022307059904e-08,1.719636845966997e-07,1.9547425971191661e-07,-2.713792621398762e-08,8.894236264964966e-08,-3.93166101588491e-08,-5.188795340664e-08,7.391243341155099e-10,2.250811194105987e-08,-3.8313146150094815e-08,3.619696701443716e-08,8.739720924320913e-09,2.980416292222495e-08,1.509526297823147e-08,-4.152713529796739e-08,-1.1837939955615815e-07,-7.378262832632579e-08,-1.2978042971473864e-07,4.525646928679612e-07,1.708303589982578e-07,1.1527159132876124e-07,7.932627780623516e-08,4.0325445376846174e-09,-9.657975687591239e-08,-5.076457853463442e-08,-1.4347474034354832e-07,-2.3031151040908293e-07,5.278417829727601e-07,2.21831524404291e-07,1.1546221954785014e-07,2.430704331180222e-08,-1.566886285679333e-07,3.1799587778709474e-08,-5.181779864934226e-08,-1.8338746587443853e-07,9.7594290250219e-07,-1.0164129745296865e-06,-3.4819417750022347e-07,-4.1786043144297874e-07,-1.5698038459647301e-07,-4.401757825203573e-08,1.2201833791151355e-07,3.4107895365145315e-08,-7.072450787079401e-08,-2.556124335277772e-08,-4.55545149862179e-08,-4.3490849140201704e-08,1.625938696385893e-08,-5.2039398208925945e-08,-2.6001535148786166e-09,-1.0536245881752889e-08,-1.0095237882722976e-08,9.371672446664484e-09,1.5355192334817208e-08,1.2359646021942231e-07,-7.48027418273671e-09,-9.94532494323313e-08,-2.4617223610669975e-08,-3.3817196288105205e-09,-4.67133886731743e-08,5.1444729732918695e-08,1.5927918779025525e-08,2.4563705846045022e-08,2.9433613371814096e-09,-4.440131527933812e-08,5.166356153753687e-10,1.951700875920133e-08,-1.8591145706566905e-07,-9.893020660458207e-08,-1.624011265708745e-08,-2.7754262531655693e-08,2.2647458335313925e-08,2.4069597671698428e-08,-2.097422142869825e-08,-8.546967127559767e-09,-6.498941044794019e-09,-1.6386451710952204e-08,4.58026830810174e-09,-1.1087099639309079e-08,-1.556585438382247e-08
L12treat_p1,-3.4360699955903585e-10,-7.1472771131465685e-09,-2.9769077373336758e-08,-1.4115145246544912e-07,1.5452900437760978e-07,9.848458301422054e-08,9.149066589659615e-08,-4.679961960764474e-08,-2.6039161523118212e-08,-2.0773150761598688e-08,-1.9813982743551397e-08,-4.295885475546111e-08,-2.927705282682609e-08,7.810466163741229e-08,1.633314905816274e-07,8.913950575008064e-08,-1.2384316030599037e-08,2.1504637900175835e-09,-1.9543019147853096e-08,-2.9794530171697174e-08,-5.52014714657719e-08,-7.858476831660551e-08,8.393866316257101e-08,1.9635511239277576e-07,7.681218493323544e-08,-5.272994277140222e-09,8.842665265214346e-09,-2.4365723074066443e-08,-2.6706770514490183e-08,-3.394840250736212e-08,-2.9036971067023994e-08,1.3809866408381812e-07,1.908545930488241e-07,9.076000215332758e-08,1.0582366930555704e-08,8.713937659837333e-09,-4.145128851278622e-08,-5.200127168519741e-08,-3.5066937165692246e-08,-1.6662536472143336e-07,6.08186204033144e-08,1.0211888383425597e-07,7.917214224680143e-08,-1.3692580292443034e-08,1.317806281769596e-09,-1.7295770105354965e-08,4.236955583340458e-09,-1.569001566009027e-08,3.7573304748470585e-09,-6.221525440167027e-09,6.398471299586959e-10,2.5902710992560784e-09,4.722457554250489e-09,3.066420972050685e-09,-4.740308122611588e-09,1.7036552695299946e-09,4.941254605665405e-09,2.979186624753873e-09,2.6942747224983363e-08,8.340119698082053e-09,-2.6952898291890602e-09,4.367053208192081e-09,-8.115574174987264e-09,8.810783004853843e-09,-7.731187823626077e-09,1.4290143681123524e-09,3.4582867124139584e-09,8.583178620115867e-09,2.7545752013117467e-09,5.864780707486246e-09,1.3053922809034485e-09,-5.073166527846861e-09,-9.28175756723658e-09,7.970008924014248e-09,-8.018362316152626e-09,3.1743844632166076e-09,3.289519196144217e-09,-3.1748577014787525e-09,-1.040651849906614e-08,9.480755525428489e-10,1.0358388397345315e-09,4.294159142511291e-09,4.24362794532139e-09,5.182320540457677e-09,2.0277961224219907e-08,-4.45629732057099e-09,1.1587840775676493e-08,1.0030673638441021e-08,-1.2243718330595561e-08,-1.209832392950108e-08,-3.671402703566719e-09,6.389303651839826e-09,2.9528332647113804e-10,1.1787733819715592e-09,4.237665953102979e-09,7.930863042085086e-09,6.052959451875609e-10,2.6601962788221067e-08,2.1576780052617205e-08,1.7852945434448165e-08,6.639375083948892e-09,1.2788486781696984e-08,-3.5364748752653812e-09,-1.0826770005363637e-08,5.1733187014670355e-09,5.18757885170026e-10,4.113164330973023e-09,4.457898849472027e-09,9.37780026481591e-10,3.480169713462299e-09,-3.70490648859012e-08,-6.89322496924015e-08,1.7457465771416157e-08,-8.175116979005539e-08,7.470894353609003e-08,-1.9526572008629827e-09,-3.9842831663926127e-08,-5.630310394366446e-08,8.701726278074024e-10,-1.6561697320064302e-08,-2.7675817623994194e-08,-8.422240225434197e-09,4.256548581347134e-08,-3.020696750868089e-08,5.306500306692408e-08,4.884125116413671e-08,-3.736856264354565e-08,-1.8176568063297742e-08,2.6982519029647013e-08,2.411000047908801e-08,-3.816284181945867e-08,1.2748130468716675e-07,-2.1955954978295423e-08,-9.042692011033228e-08,-6.102295699646693e-08,1.1460559552558265e-08,-1.0905603928978342e-08,4.383260437130229e-09,-2.12125317940798e-08,-4.410992227333695e-09,-8.209911764979741e-09,-7.191504225084996e-09,-1.6224744763499487e-09,1.989513146898161e-09,1.5439927312493024e-10,3.6675785093327316e-09,-5.3125364072187486e-09,-1.6175168326567637e-09,3.829448509398224e-09,5.669371689300344e-09,-2.2847992222458084e-08,-3.1968081733094914e-08,-2.2617443088974335e-08,-8.442775112296423e-09,-1.0564305018426137e-08,-2.187740508319325e-08,4.38490498444535e-09,1.8102379774473775e-09,-5.021367533992263e-10,-2.907403516056343e-09,-7.96361950553733e-10,1.5244451659726303e-09,3.854649546013434e-09,-1.3408892631392912e-08,-6.339766137884516e-09,-8.713113962893869e-09,-2.331835081474657e-09,9.680027607874888e-10,5.684928123168682e-09,5.0332319067907986e-09,-2.0765477040905276e-09,-3.029696554378912e-09,-8.042270876566531e-10,-1.747870481663812e-09,-4.0660426623667614e-09,-4.8388705660180395e-09
L12treat_p2,-1.4380237652163983e-08,-1.4816300927557214e-08,-6.186166324835322e-08,-2.4705870224402584e-07,2.7770498506522194e-07,1.2821244707985265e-07,9.132038149427839e-08,-6.749366393122943e-08,-5.318556072051758e-08,-6.156209465042858e-08,-5.714420428135323e-10,-1.7937836393909213e-08,-1.1254023161310228e-07,1.7387978781511065e-07,1.2071131740386567e-07,9.389984130273116e-08,4.665640357506589e-08,-3.134717861834232e-08,-6.995262433762665e-08,-3.6742175525167996e-08,-9.351711100782224e-08,-2.3131305788325893e-07,1.639937259709627e-07,7.033100935454962e-08,1.5806351337872406e-07,-3.0476470852174267e-10,-7.070556261758737e-09,-8.204673893352914e-08,-5.14513786044748e-08,1.5147551688594617e-08,-1.6902563932564606e-07,2.672322762457304e-07,9.076000215332823e-08,1.683289998492952e-07,5.374321832839044e-08,5.914806472210322e-08,-8.467787650375199e-08,-6.99945866217292e-08,-3.566079972196597e-08,-3.203713649854823e-07,2.3874909473902734e-07,2.879123521643881e-08,1.1701724310532986e-07,2.1671382346461184e-08,7.288132480030852e-09,5.855802782593052e-09,6.004337637400766e-09,-4.5683435850463135e-09,1.5493800474400094e-08,-8.877075721488344e-09,-3.1018991897715874e-09,4.38521213300684e-09,1.1965643273027267e-09,-8.765265053479369e-09,1.407226337406547e-09,2.651928738303421e-09,3.0683260028998953e-09,3.095764701874808e-09,2.4767756337989193e-08,2.8431329809217327e-08,-1.2909054145981e-08,4.8944834487564995e-09,-1.7081588510561455e-08,1.068820204771323e-08,-1.6083781074247503e-08,-6.166812753438426e-09,8.298355625162098e-09,1.0320113701928718e-08,3.4837769988520772e-09,5.056312652914498e-09,2.438311837019427e-09,3.665566410843188e-08,6.317127080934217e-09,-4.167022510042709e-09,-9.82914639072588e-10,8.675836100290946e-09,-6.989638135311949e-09,1.1974385427071751e-08,2.586772275029271e-09,-3.6390117168079386e-09,1.5112302168938445e-09,4.45223803913349e-09,5.341482481906902e-09,8.422978655394759e-09,6.39250482740468e-08,1.7576319021689867e-08,2.6969651800607747e-08,1.4654050618065702e-08,-1.8320826783598646e-08,-1.3739107487579398e-08,-3.986299128804493e-09,3.038342412628447e-09,-6.090643650948574e-09,4.50818035210098e-09,1.0949201964355681e-08,1.092738037850536e-08,3.42978570234262e-09,5.99717815474319e-08,5.799228548907747e-08,8.370524651387904e-09,3.498289050965663e-08,-9.411769929022045e-09,-1.2342909663221624e-08,-1.0378446438167997e-08,8.096881002899159e-09,-1.2013820847149937e-08,1.4837732808235252e-08,6.470869950279947e-09,5.992445848116742e-09,6.728044693587907e-09,-2.9546255087478777e-08,-7.217433412582737e-08,-7.125432748125178e-08,-8.961386942598363e-09,1.3103013204666639e-07,3.0381335451320036e-08,1.9361375171694125e-08,1.607994426511935e-08,-2.034576183635576e-08,-4.708512448478336e-08,-2.0260571462950292e-08,-2.981371848260135e-08,1.9379488918097457e-08,1.174141946650751e-07,4.479211416701776e-08,7.520039716588282e-08,2.9862235706961424e-09,-5.3158133322009936e-08,3.2356073348300724e-08,-7.58324694768871e-09,-5.422736265104571e-08,2.614549582866043e-07,-2.526996513925628e-07,-1.1292052269415714e-07,-1.490176144724993e-07,-4.4434105888828885e-08,-1.1299112308328185e-08,3.820674106372051e-08,-3.2643400326253156e-09,-1.4907352403427227e-08,-1.0930913102094156e-08,-2.1884648823950278e-08,-1.0062567400845777e-08,4.195682028996798e-09,-1.1276209277942081e-08,-2.424647546284843e-09,-2.3815402176007144e-09,-1.597689545896139e-10,5.34071024894334e-09,4.8290805385444235e-09,2.4432006466391447e-08,-2.5407142530039624e-08,-2.9371833349441573e-08,-2.2624378802919137e-09,-9.776589675048304e-09,-2.2800900712830197e-08,1.3586424935596334e-08,5.668235453633859e-09,-2.4630399821437963e-09,7.399200697851786e-10,-7.52168315932604e-09,4.3852984738522076e-10,6.930065159214473e-09,-5.037833814686124e-08,-2.008523788678619e-08,-1.2268804731203059e-08,-1.347989435270331e-08,1.1068083563226796e-08,9.844672114999069e-09,1.4186758593218679e-09,-3.439456526367834e-09,1.5722649524194177e-09,-4.1647638655241795e-09,-1.4430507455040454e-09,-4.956801937612723e-09,-5.9582190978625e-09
L12treat_p3,-5.444493821887835e-09,-1.3762783997389613e-08,4.314261361553189e-08,-1.0616187058567038e-07,2.6601010633310548e-08,3.331937727402095e-08,1.5826752026036318e-08,2.4785467184538333e-08,5.227188295952408e-10,-1.6516691215565652e-08,-1.9665940765728795e-08,1.936211878752514e-08,-8.461781153910532e-08,9.280876050704813e-08,2.39502931448859e-08,3.026199687498705e-08,5.52287672821743e-08,1.9826831069331184e-08,-5.241998385587248e-09,-1.7859790648232248e-08,1.378099883428943e-08,-1.5071960012353956e-07,5.148576992084343e-08,4.597944472760516e-08,3.7616164533493336e-08,4.2974702216611084e-08,-3.494585529632492e-10,-1.8806399338146827e-08,8.88308448825306e-09,4.112017815099206e-08,-1.2002813457835047e-07,4.2545296567057684e-08,1.0582366930556028e-08,5.374321832839055e-08,9.351000326186953e-08,2.873690362459048e-08,-1.986274340959177e-08,-3.8682844951887495e-09,4.999886460108046e-09,-1.3389527686818076e-07,2.285562754689469e-08,4.093777446923181e-08,1.968327748874164e-09,2.4569465864053217e-08,1.7816983420403877e-08,1.4413441237741753e-11,-1.149976055463434e-08,3.945624376348836e-09,5.705310661548194e-09,-3.4792754999199227e-10,5.266928449549335e-09,-6.173297188494185e-10,2.7327206001959386e-09,-8.960389523460818e-09,-3.525835064306007e-09,2.216900688079859e-09,1.0659190632457296e-10,7.590505483516695e-10,1.68766765144599e-08,1.0425053407375602e-08,5.620351304321608e-09,1.1614883547526186e-08,-5.07133202179984e-09,-1.054443271926722e-09,-1.090358194660354e-08,-2.0349755133842246e-09,-6.005264406742407e-09,-5.710474554793558e-10,3.7663629620631565e-09,1.699534507694855e-09,-4.2082392230171193e-10,1.4945678537931388e-08,-6.0253360239330735e-12,1.717757879693754e-08,1.0746629409599197e-08,-4.552434763923321e-09,3.4191419883544175e-09,-3.0983954591827005e-09,-6.6241089775837324e-09,3.0538695874337164e-09,-2.495231261635107e-10,2.3458425827144128e-09,5.683178787060538e-10,1.3169533655442787e-09,1.2467169184718261e-08,7.867348193189533e-09,2.146758066443462e-08,1.1572790339357369e-08,-2.3859986768700355e-08,-7.463159334341935e-09,-5.422334175116984e-09,-6.245912969469361e-10,-1.1084929815030339e-08,9.432187011196278e-10,1.2566555872509598e-09,3.4264527762285795e-09,1.4195813754778029e-09,3.421558922484688e-09,-1.0863441579398355e-08,2.0343366358311748e-08,8.54725630963816e-09,-2.7450597361230017e-09,5.246729637750912e-09,-1.1092813560328081e-08,-2.1958737455974037e-09,-1.1947140897641064e-09,1.0684311158541441e-09,4.151653082760004e-09,-4.757177944870057e-09,1.1399412796309284e-09,-3.5112466634388113e-09,-3.257784593565742e-08,-2.2890033973158776e-08,-2.0604267816461837e-08,3.526820299366929e-08,1.1352510610353542e-08,2.671462146106167e-08,3.840104941310733e-08,-1.6084080862976644e-08,-7.691883364377907e-09,-8.35709965466397e-09,4.014446124523625e-08,3.724480073562623e-08,1.048477103350275e-08,-1.1408066873376764e-08,1.1848639897491232e-08,7.073879810553073e-08,-2.2254909180128876e-08,1.240835971023e-08,1.4611311231765244e-09,-9.945669419840381e-09,6.015640277680068e-08,-4.208252651266683e-08,-3.3413909921357684e-08,-2.5004288762900423e-08,-3.5021409448650675e-08,3.5631296351987897e-09,1.4155268923603105e-08,-1.2852283453754669e-09,5.494296100777807e-09,1.6392368286987994e-10,-9.337991332667278e-09,-2.891075032520322e-09,-5.4702227854740635e-09,-2.6416461130262722e-09,-3.945969614408715e-09,-2.3748434939793253e-09,3.8346423764054e-09,2.589317762734541e-09,3.630493724433869e-10,1.090388390357729e-08,-1.3005306772470921e-08,3.00391905893201e-09,1.1066920336905092e-08,-7.860717978479223e-09,-3.05902426738935e-10,2.289328923527542e-09,2.820227050287719e-09,-7.916478481476943e-09,-1.1691545421491213e-09,3.164831376608217e-09,-3.1604276472036312e-09,1.5778111030565578e-09,-7.150279316463409e-09,6.496154176808283e-09,-9.020775515000356e-09,-6.646475208286228e-09,9.950165413577948e-09,2.681811575705304e-09,7.83932124796657e-09,4.4751754163495606e-10,4.695149357282602e-09,1.4591250793479717e-09,-2.0341711938948973e-09,5.322806403313053e-10,-1.2517916840119222e-09
L12treat_p4,-1.091012417772638e-08,-1.3380181417856073e-08,-4.9275013791095914e-08,-1.0770855322200337e-07,1.7701644566517826e-07,8.264051523664501e-08,2.507559517552165e-09,-2.013782029785205e-08,-1.8463109190115942e-08,-3.343921381164245e-08,1.285350049968779e-08,-4.476868092486667e-09,-5.7825171103309507e-08,7.784422732076992e-08,6.102368773641482e-08,1.6186441521490963e-08,3.871424748255427e-08,-1.3519155526627592e-09,-3.731663043649832e-08,-1.6840773940490518e-08,-5.241147051986052e-08,-7.621684636892467e-08,8.639862670482183e-08,-3.473467320574837e-08,5.979321869420964e-08,-3.2556440269107924e-09,-8.343234282430805e-09,-5.318122596093673e-08,-2.5737446244268765e-08,1.706499962943506e-08,-7.677187791614014e-08,1.0384847642167447e-07,8.713937659838354e-09,5.914806472210325e-08,2.8736903624591646e-08,6.227687339342631e-08,-4.829105982318144e-08,-2.4902600951748146e-08,-2.9304638422414756e-08,-9.853682616426131e-08,1.6353579504825982e-07,-4.547866836558861e-08,2.685785027255877e-08,3.1580129857310164e-08,4.049772733835121e-09,5.1715556391692955e-09,1.4409670114699025e-08,-4.976075457006225e-09,1.25510697570986e-08,3.728448355023346e-11,-1.5638759576527964e-09,2.3856044251615776e-09,2.0785256342491226e-09,-8.121382573173279e-09,5.192507237845108e-09,2.2781329263183695e-09,6.72025916409203e-10,1.3999828049958318e-09,-6.251836013109945e-09,2.6437865953880514e-08,-1.7347269763819262e-08,4.124474556054145e-10,-8.48158264566437e-09,7.125307055590963e-09,-1.0236799646877945e-08,-2.836154277114946e-09,6.99546167475574e-09,6.626313149542333e-09,-1.571170216887948e-11,1.438917625945333e-09,1.259286306490673e-09,1.5492990579812232e-08,9.46033397039311e-09,-7.599432205280937e-09,6.480297128809532e-10,6.7077068115630275e-09,-8.349318641445041e-10,1.244337331620072e-08,1.2364903796339586e-08,-2.236900525653602e-09,3.791406490624344e-09,1.657161574532445e-09,3.1635203686746263e-09,4.788762682375883e-09,2.8128872570384157e-08,1.9949830490532263e-08,1.4020365419101235e-08,6.258397963006745e-09,-3.795146594118595e-09,8.537468493413138e-10,-2.7291546694439855e-09,1.2305456422548407e-09,-6.496607765887643e-09,3.247073327241776e-09,6.434094771542623e-09,4.0137050729480266e-09,3.0881346067768074e-09,1.0430185078576225e-08,4.121275011667871e-08,-2.370774178972257e-09,2.7065277501328643e-08,-5.0155598692684465e-09,-2.2923492687685838e-09,-2.965432668192924e-09,1.0213998275682725e-08,-5.9314244052720074e-09,8.657838811972917e-09,1.0453665545225174e-09,4.010854492774004e-09,3.849800993726173e-09,-1.1722958395697457e-08,-3.2352282878453e-08,-7.947017975007521e-08,5.435570732642649e-08,1.414505903883127e-08,2.931366756176535e-08,2.525445195257373e-08,4.26943012423483e-08,-5.7775890161628265e-09,-2.7706781060685683e-08,-7.893015748719706e-09,-4.03448590413434e-08,-2.0317320431383953e-08,1.0637231027101562e-07,1.7530163335601433e-08,2.7599499197914577e-08,8.909394634985801e-09,-2.6445929304714757e-08,1.7537756967406943e-08,-1.6122607019665917e-08,9.215437033336001e-09,1.0742337884514233e-07,-1.7062153053590347e-07,-4.6990519649141324e-08,-6.520614326151864e-08,-3.952236476266399e-08,-1.5592357487041704e-08,2.2985652471761286e-08,1.6702099601912112e-08,-1.6094338163519476e-08,-2.6049189911947003e-09,-1.4026930000171236e-08,-4.900964073329013e-09,9.938218921203693e-10,-6.471998854922354e-09,-2.0426099502570545e-09,1.1720710231225496e-09,4.3186820069932716e-10,2.195247737100844e-09,1.4229065558377624e-09,1.557249383927824e-08,4.979410680519398e-09,-2.1876574104080124e-08,3.5831974172380823e-09,3.0183464651001822e-09,-3.4364334157404254e-09,7.859846546305569e-09,8.35212332184797e-09,-3.4707373432756287e-09,2.4573420094841017e-09,-4.869031681474232e-09,-6.516507411293597e-10,3.751452375978048e-09,-2.5071283305580924e-08,-2.3827646365905958e-08,-2.2239431576317717e-09,-9.055400185716779e-09,5.563611173458161e-09,1.3066267407073933e-09,-9.679627679716057e-10,-4.267875785746237e-09,3.219661093887146e-09,-3.531212929865038e-09,1.3780979038110645e-11,-1.7127944814760163e-09,-2.59876021170477e-09
L16treat_m4,1.2071837782356823e-08,1.229929241404344e-08,6.561309013312514e-08,1.9570340840018605e-07,-2.2131492736924423e-07,-1.1347747418496935e-07,-1.282601554538733e-08,4.973740730423293e-08,3.822212106888501e-08,4.611954944582582e-08,-2.503194713049166e-08,-1.0242618648625285e-08,7.041995521806465e-08,-8.975298886746745e-08,-1.0309543532256895e-07,-2.6758197834121184e-08,-2.383117469368347e-08,2.017954371183376e-08,7.014531772808329e-08,2.6889656053183532e-08,6.269353671378313e-08,1.4074188097659648e-07,-7.953474247138926e-08,9.380351782596959e-09,-1.0322508323991874e-07,-3.064894974140308e-09,1.886781092996583e-09,8.712378928019499e-08,4.7090582144897864e-08,-4.997954540046027e-08,1.2033035160888976e-07,-1.528640740198079e-07,-4.1451288512788e-08,-8.467787650375221e-08,-1.9862743409592312e-08,-4.829105982318168e-08,9.081465166486745e-08,5.90805445005824e-08,1.4139729250373153e-08,1.9640834876649868e-07,-1.9670059315236195e-07,4.618770759684561e-08,-5.7283921758578054e-08,-4.8766515434589137e-08,-3.6774348633923892e-09,1.860470971776386e-09,-1.084292530415503e-08,7.490092329972361e-10,-1.3617888340094884e-08,5.616140445286832e-09,4.956209391704238e-09,-3.4467408857556123e-09,5.798174241324387e-10,8.018048470253581e-09,-3.0315189562541165e-09,-1.0654514896367456e-10,-1.4428677462443072e-10,-1.1689991981293972e-09,2.3164116100792714e-09,-3.470692276055014e-08,2.009577693985441e-08,2.4181944335495813e-09,1.5595531890760317e-08,-7.969608607550985e-09,9.96810263869226e-09,5.761020726156314e-09,-8.301446680055216e-09,-1.1534188324151582e-08,-1.6677992883005695e-09,-3.168004170572219e-09,-1.4797390253417062e-09,-1.695830401448378e-08,-2.5182297046324734e-09,6.400251773047305e-09,7.013029049196545e-09,-8.458105178628342e-09,5.5220298616414225e-09,-1.8822816318054638e-08,-1.3031470228410192e-08,6.882285627901867e-09,-3.475001228239439e-09,-1.877978381172777e-09,-2.1193071906644737e-09,-5.883169723219321e-09,-2.7073137648217312e-08,-3.0217556952075935e-08,-1.8311696283632107e-08,-5.2028294829053256e-09,8.03045615026085e-09,2.9578119547201407e-09,1.6936609213052217e-10,-1.9310876169814434e-09,4.592228586023001e-09,-2.278842858174866e-09,-8.205266005084064e-09,-5.808832104420664e-09,-2.422944419289377e-09,-3.088600277915843e-08,-5.680685296562106e-08,3.612555234650321e-10,-3.315822219377194e-08,9.828157211078e-09,1.00477652670024e-08,3.42631185466284e-09,-8.88642452211665e-09,1.2474873425896094e-08,-1.1348359937431737e-08,-2.10047512065269e-09,-6.709385805335195e-09,-4.4912143096188085e-09,3.5808034249774e-08,4.272053956652421e-08,6.704486860018126e-08,-5.3374161537897705e-08,-1.5167767787665327e-08,-2.1265631867489648e-08,-2.321001751719319e-08,-3.8441913102517175e-08,1.2832084867331555e-08,3.7484793667547286e-08,1.3104089866506666e-08,2.3016860397128213e-08,3.6218096990961856e-08,-9.037257359328134e-08,-4.851598431998483e-08,-3.5594074088712717e-08,7.407169464835084e-09,3.714335344455014e-08,-3.9776939523572065e-08,1.562042487155081e-08,4.027626390486879e-08,-1.6543072080528654e-07,2.0891163895470854e-07,7.083207483306838e-08,9.16985473278249e-08,4.029686495973338e-08,1.376913088274285e-08,-2.9962737425243e-08,-9.066479801332833e-09,1.6884167486556584e-08,2.9256306656804395e-09,2.0699347486262163e-08,9.990508895422401e-09,-5.25939534949445e-09,8.869052030467196e-09,2.4387825181823415e-09,4.4902880806698796e-10,1.5013254938244644e-09,-3.3540936815293124e-09,-2.9610833831350547e-09,-6.494035701598532e-09,1.0937190975584155e-08,2.2410800811601907e-08,-1.468214601194693e-09,1.6490331265121583e-09,9.630041048082739e-09,-9.941149824565126e-09,-4.885359108845019e-09,1.3301805317151804e-09,1.663577998750106e-09,8.186525849616419e-09,7.513289484149394e-10,-4.550645000846336e-09,3.7088555528813524e-08,2.585220526610502e-08,4.254559437150163e-09,8.517392425787968e-09,-9.858400883248225e-09,-4.8613827388115965e-09,2.509732116256486e-09,3.932303600582353e-09,-3.2430867624235013e-09,3.30192724563566e-09,-9.340678731106403e-10,2.3364073537039557e-09,3.3061537701322214e-09
L16treat_m3,3.4837186568433165e-09,1.5463970828099884e-08,7.175682650000654e-08,1.570077489624379e-07,-2.0517309511312925e-07,-9.145056788347457e-08,-5.386893055814769e-08,3.720724538489062e-08,3.535088803292354e-08,3.225520841055471e-08,-5.250036482191475e-09,-4.621562476510464e-10,5.174817885093561e-08,-7.667466112921414e-08,-7.145509071005411e-08,-4.511299577072915e-08,-3.474245205289145e-11,4.1733021377726e-08,5.5979612089436916e-08,3.9625609750709695e-08,6.661014419132393e-08,1.181478524251049e-07,-8.293992173977435e-08,-1.978382212180745e-08,-9.696893525173789e-08,8.943844355955093e-09,3.610264025109641e-09,6.484050753578379e-08,6.520773246564788e-08,-8.621571171424217e-09,1.0415601584469164e-07,-1.725358652920156e-07,-5.200127168519542e-08,-6.999458662172836e-08,-3.868284495190307e-09,-2.4902600951748047e-08,5.908054450058164e-08,8.741077327511948e-08,9.143547735863905e-09,1.8333498712516577e-07,-1.546375412425265e-07,1.9785769921692774e-11,-9.17239286864933e-08,-2.501403611673428e-08,7.850900886278875e-09,6.057838888960315e-10,-7.349707275425386e-09,6.826272432002154e-09,-9.79715254507823e-09,7.071227536936491e-09,8.605365955905229e-09,-3.3725998838334966e-09,1.9032654146020242e-10,1.5250267435474604e-09,-2.3230446511595464e-09,-1.5161014067564621e-09,-3.6681318397299367e-10,-2.1504620249099104e-09,2.289408518528008e-09,-1.8034079499943042e-08,1.6806755929465132e-08,3.7074759009989323e-09,9.679819104298778e-09,-9.700985331684158e-09,5.044263051969575e-09,3.471086998110782e-09,-7.949805589272023e-09,-7.427246929000785e-09,2.6341361853943475e-10,-1.6014753778580152e-09,-1.2587358351583082e-09,-4.476570515086444e-09,1.0740266860024693e-08,9.171675901554908e-09,-1.3498319976160523e-09,-1.0452904591355063e-08,7.587161987882017e-09,-1.139668771756904e-08,-1.1422509114028679e-08,4.846201222393012e-09,-1.57433780333449e-09,-1.6711339182652053e-09,-5.046652310407571e-10,-5.059252547149693e-09,-1.1854886923753508e-08,-8.424491500093851e-09,-6.163633526409024e-09,-3.597946973843653e-09,5.950260881143999e-11,5.295820465666963e-09,-1.1373656418545623e-10,-2.6037774424408744e-09,-3.562072072551057e-10,-9.43296344906285e-10,-8.153424397738819e-09,-3.754040457769375e-09,-2.098564456242106e-09,-3.5538724604191966e-08,-4.414906058983019e-08,5.139766033607126e-10,-2.5490576144795108e-08,1.1227790837855761e-08,1.2403662290621434e-08,-5.828764064110212e-10,-5.36733861111624e-09,8.792988036996168e-09,-7.740124844738292e-09,-2.396416590472289e-09,-7.453859956627882e-09,-2.111922593558785e-09,2.5925761664061727e-08,4.5553850914005325e-08,2.52295853757677e-08,-1.3536139909752351e-08,-6.21307883105019e-08,-3.703584018261786e-08,-2.58371482501624e-08,-1.059144071063104e-08,-3.2796284709922106e-10,2.608922104773887e-08,2.0003653055336517e-08,1.759962084048271e-08,3.210014807050655e-08,-1.0070845120492825e-07,-6.05176419339657e-08,-4.207215307119594e-08,1.9520453323888903e-08,2.5517651439282257e-08,-1.9606929251310965e-08,-1.1677775171626848e-08,6.38338951269804e-08,-1.7663545940750937e-07,1.6310688724053832e-07,6.748353323959649e-08,9.343461914093938e-08,2.5573491403764755e-08,9.056557637446045e-09,-1.2578675197787152e-08,7.201770718998813e-09,1.566342975205469e-08,5.2633262176187215e-09,1.4635218496436093e-08,6.915359154912098e-09,-6.115278768909016e-09,9.617346210493275e-09,4.200728410275823e-10,5.483941019513695e-10,8.489182562511343e-10,-1.8818743371849817e-09,-2.807259500566917e-09,-7.867481858566189e-09,1.1545850551200614e-08,1.9013807306684675e-08,7.750802062814748e-09,-2.007383503973133e-09,1.2048577342649841e-08,-1.0811817302031904e-08,-1.2398754607641525e-09,-5.178745919812128e-09,-3.6021147924670985e-10,6.0503025227159885e-09,-5.287188802981471e-10,-3.8821708326272305e-09,2.467140497039012e-08,1.40916192428813e-08,5.284732074394142e-10,5.548347045617299e-09,-4.4421843981622125e-09,-6.164116790708419e-09,4.274554056038183e-09,2.218066264108102e-09,7.954759114807744e-10,2.0524970697466653e-09,-1.9988284592066823e-11,2.6222652021590754e-09,2.67840879434595e-09
L16treat_m2,1.074733202474358e-08,-6.191017215446961e-12,9.443368277703254e-08,-6.821194339249522e-08,-1.748961618196237e-08,2.5401841742962734e-08,-2.268236403163384e-08,2.51477753996193e-08,-3.168280121430418e-08,-1.814932103928718e-08,2.4531190551851253e-08,1.7038138259337234e-07,-1.412343576921731e-07,4.303947761794558e-09,9.670579762632823e-09,-3.3779261251237994e-08,-1.3177442768988956e-08,-4.424747232743088e-08,8.434719596825101e-09,1.5589651682241487e-08,1.3867789020855568e-07,-1.4839886131527146e-07,7.416542872007936e-08,-4.307646588975939e-08,-4.287951677073763e-09,1.908705040580158e-08,-2.5807008237511417e-08,-1.2330963760762158e-08,-2.085655952352366e-08,2.1072960298539048e-07,-1.8696412169025376e-07,3.855152773981598e-08,-3.506693716569053e-08,-3.566079972196653e-08,4.999886460107072e-09,-2.9304638422415265e-08,1.4139729250372357e-08,9.143547735863322e-09,2.2368015556297649e-07,-1.0310506855829607e-07,4.5182675829102207e-08,-5.900497638953951e-08,-3.4561341169350314e-09,2.2975582775687656e-08,-3.667145451351701e-08,1.3663265321905392e-08,3.512982915586161e-09,7.926338402635835e-09,-6.301069106146085e-09,-4.998824915662385e-09,-4.39144229584272e-09,1.238582865245174e-09,-6.235276631730991e-09,-1.3454412696472356e-08,5.635214349033736e-09,-3.763809672160827e-10,-3.761780442782904e-09,1.8130218852607795e-09,1.8642040404800826e-10,2.014920328071115e-08,-7.618326150212928e-09,4.29272403695984e-09,-1.0673988695866276e-09,3.881236267331229e-10,5.2702323633258175e-09,-3.897660029319229e-09,-1.2744547724921711e-09,6.5554700685421955e-09,1.9148264526571314e-09,-5.022963451778819e-09,-5.892501844216019e-10,1.4818810559413646e-08,-1.1631314915825684e-08,5.412426782576323e-09,2.0369996632559366e-08,1.925305644016325e-09,-4.987935751070304e-09,8.346878235569959e-09,3.5706784227849946e-09,-5.835094334910404e-09,3.2970380206829157e-09,-3.2171848527257017e-09,-4.1383752084346425e-09,3.5872121702627734e-09,-8.553143638659469e-09,4.430719785459105e-08,2.4015724518000934e-08,-8.55344708933438e-09,-5.38574281430117e-09,5.432543601947261e-09,7.717214139518578e-09,-1.9004578326363643e-09,-3.8258429569755415e-09,6.48261238885791e-09,-4.993725653644361e-10,-4.2809465409801644e-09,2.231684249369704e-09,3.268055747772891e-09,6.419400811808567e-09,3.852799141643117e-09,8.036129817764063e-09,-1.5644973541927998e-09,4.4978209100069134e-10,7.692437282386606e-09,-1.3915800714525763e-08,-8.553752182828126e-09,5.557851298874929e-10,-1.248029177982977e-09,-2.361411416822233e-09,1.079359716667834e-09,2.5819458994419415e-08,4.455429380434788e-08,1.1368271345551857e-07,-1.200779450707422e-07,3.878596208875243e-08,6.671574503314923e-08,5.649550181787893e-08,1.084345557552397e-08,-1.3369118590337313e-08,1.4870307619374418e-08,1.6263905684469602e-08,8.366189526753242e-08,-9.228046502872033e-08,1.1189594693389968e-07,4.996796977633923e-08,-3.324926628402259e-08,1.2710893596869688e-08,-3.352929620711005e-08,-1.3661693996120852e-08,-1.4063916622999463e-08,-1.1152464663506973e-07,1.2473009797061274e-07,-6.704549354229151e-08,-1.847671023694009e-08,-1.1750415604786404e-09,-2.7242937296984248e-08,1.154851920814988e-08,2.2782570485971242e-08,1.2436269285054088e-08,-9.541311234763846e-09,7.504732911478333e-09,-1.4448807815009253e-08,-1.8212179022591032e-08,-2.735116857225162e-09,-1.1066028462360594e-08,-5.262885715341673e-09,-8.18459129415541e-11,-2.6842695594351965e-09,-2.20545819145866e-09,-7.774086959314463e-10,2.168474328120287e-09,2.395189613035652e-09,4.254986177911559e-09,1.7521962569835404e-09,1.3676405221764651e-12,1.1648603673607759e-08,2.8565542801431875e-09,-3.5195796361719024e-09,-2.559777861798219e-09,3.1345427846222127e-09,-4.2588976137038945e-09,-2.0751587852418986e-09,2.1713871672253772e-09,-1.8928509386106717e-08,-1.1021192184391054e-08,-4.428549929602404e-09,-2.4869879936905352e-09,4.738235781280983e-09,4.4456390324289145e-10,-3.1709138223383492e-09,5.206347282813166e-09,3.849847063379616e-09,-2.461949649035998e-09,1.5313965272548235e-09,2.32258649648007e-09,-9.607917128119545e-10
L16treat_m1,3.6676131741894388e-09,4.0774887782352234e-08,1.4263291017917404e-07,8.719522330069363e-07,-8.941874800943994e-07,-4.352213248089628e-07,-1.6926476988554297e-07,1.2101410764162758e-07,1.3274996551781048e-07,1.7961879676132636e-07,-3.1972286599288716e-08,-1.4521653725426165e-07,4.768407063273306e-07,-4.70209237401561e-07,-3.4891919375559877e-07,-1.6721415164583093e-07,-9.872915327237415e-08,1.5120032302237537e-07,1.6317623080203093e-07,9.341965187459691e-08,1.7269329096333675e-07,9.553877164795415e-07,-5.580668591385591e-07,-1.6618091634136212e-07,-3.228674798542406e-07,-3.410424779182662e-08,8.045053672872469e-08,2.1421230057705413e-07,1.4729780662639138e-07,-2.701223563970392e-07,8.656127092619802e-07,-9.813089453252024e-07,-1.6662536472143696e-07,-3.203713649854809e-07,-1.338952768681829e-07,-9.853682616425931e-08,1.9640834876649956e-07,1.833349871251583e-07,-1.0310506855829526e-07,1.2733770321250639e-06,-9.589080063930308e-07,1.945396360218941e-08,-2.741256819856688e-07,-7.527571048030554e-08,3.481887105793104e-08,-6.279490892978221e-08,-4.6362996970862105e-08,1.1451618981840869e-08,-2.947783636001465e-08,1.9400038612342085e-08,2.6696019450213264e-08,-7.832731072778798e-09,5.724235697965422e-09,2.5099444341743702e-08,-8.554502718567483e-09,-1.0428059624457014e-09,2.2099646314783838e-09,-9.528472431035685e-09,-2.0066417038994515e-08,-1.4287071874690565e-07,6.585280427818496e-08,7.438312871972572e-09,5.646748129486257e-08,-2.364986760098769e-08,2.990650381330718e-08,2.3026143014185313e-08,-2.7970899578020412e-08,-3.773411535349854e-08,-9.162397955796001e-09,-2.3130961329816607e-09,-9.151324845986244e-09,-1.1766729996043675e-07,4.967533845829383e-09,2.7651963436929303e-08,-1.3300599566087674e-08,-3.1266623099652527e-08,2.360328104159208e-08,-5.998438564219378e-08,-2.983934191613377e-08,2.622483052289933e-09,-1.0299030906102647e-08,1.3794385829131037e-09,-2.9934648325622853e-09,-2.762368487000983e-08,-1.5269276458072411e-07,-8.473930460529757e-08,-1.0542347754722051e-07,-1.6760964385481917e-08,4.819541063907658e-08,2.55971613350254e-08,9.226391665914339e-10,-8.398473004505208e-09,1.1818791795316132e-08,-1.1013686316717002e-08,-2.4530093607889214e-08,-1.8018970568605218e-08,-1.522226332279848e-08,-1.5461257763444667e-07,-1.682399744227584e-07,-1.3932383011024933e-08,-9.32586250552335e-08,4.602913701563136e-08,5.313626622663738e-08,1.570284812464107e-08,-1.6494878591413552e-08,4.016367102147233e-08,-3.255859977918533e-08,-1.1152372138813755e-08,-1.694338616697436e-08,-1.607970620866828e-08,5.3706617414918314e-08,1.3723108011113135e-07,6.430119870995492e-08,1.157877173917603e-07,-5.068176511038882e-07,-1.6855776770319349e-07,-7.870201777663607e-08,-1.0675699953827517e-07,3.2943123572359706e-08,1.0218989140498717e-07,3.958618797976314e-08,9.3950893689543e-09,2.4290110636551237e-07,-5.681402512179111e-07,-1.4431726524690139e-07,-5.8085537956284034e-08,-7.066103276331186e-08,1.6375111674729108e-07,-6.434205839821128e-08,4.734908572183704e-08,2.3594954935745613e-07,-1.0119161224754748e-06,9.927262941677554e-07,3.492246230583715e-07,3.761563070009485e-07,1.8274771932900438e-07,3.280861528263809e-08,-1.1707531876407204e-07,-1.809904433020765e-08,6.831280905402455e-08,2.019606178119255e-08,6.203070363928766e-08,5.3658074885166556e-08,-2.459083939334764e-09,5.4865471585464226e-08,1.5799192665766378e-08,1.4185177944459192e-08,6.0148030015652065e-09,-1.0398694554462483e-08,-1.3500956783055598e-08,-1.2552043813427738e-07,1.9057692625470283e-08,7.95531427805876e-08,3.3259275462480377e-09,7.695938905364829e-09,5.0246747990759796e-08,-4.560819600284346e-08,-1.245296020708573e-08,-1.1267134954472255e-08,1.3041056335109064e-09,3.9761691629689607e-08,8.114925091512114e-09,-2.1752557277580688e-08,1.7711634430160425e-07,8.663608957062529e-08,3.173013168545938e-08,3.309839478334696e-08,-3.45984874148212e-08,-3.1014443080934085e-08,4.814215282099859e-09,6.528767911178773e-09,-3.5592227878424167e-09,1.2556040062403764e-08,-5.027590466675067e-09,6.32213870056222e-09,1.6429583236597433e-08
L16treat_p0,2.0452485737719298e-10,-1.4547919212028534e-08,-3.427124433119936e-07,-6.729885270519608e-07,1.2029478255371816e-06,5.049935787279285e-07,9.424366220298434e-08,-2.0952512597752438e-07,-1.323050960862809e-07,-1.9649200140478038e-07,8.877859839272427e-08,4.8993188372081676e-08,-3.0806770706622265e-07,4.319152786878685e-07,3.6981946349933473e-07,8.83467455199963e-08,9.189880473661994e-08,-1.5579295265240315e-07,-1.6384608665112669e-07,-6.311014637640792e-08,-2.7426054888739703e-07,-6.142766929461439e-07,6.995369789162593e-07,-1.1244415669098202e-07,2.668937606183778e-07,-7.09013801589531e-08,-1.2623850463080695e-07,-2.4082206366910677e-07,-1.9299737672965496e-07,2.2773135529618318e-07,-6.705798465458663e-07,1.0835883098872868e-06,6.081862040331909e-08,2.387490947390292e-07,2.2855627546893092e-08,1.6353579504826318e-07,-1.9670059315236184e-07,-1.5463754124253363e-07,4.518267582909933e-08,-9.589080063930422e-07,1.376975784332995e-06,-2.9592923030038434e-07,2.292817871699777e-07,7.410867041658671e-08,-9.80859157410266e-08,9.49823838991342e-08,1.1531578882338189e-07,-4.4306895972953015e-08,2.79893353525536e-08,-1.2472265377378247e-08,-3.404022010296921e-08,1.5673168281044845e-08,-9.918268268056125e-09,-2.8677429839136427e-08,2.448521201370379e-08,-1.996860703459134e-09,3.4848340848536433e-10,7.433597396363802e-09,-4.993843370024786e-08,2.0391818913010657e-07,-1.0558871113275552e-07,-3.96132105110486e-08,-4.676444589057551e-08,4.6547840685351745e-08,-1.957352215288259e-08,-2.7670615392120125e-08,5.715387963267036e-08,4.457360716940331e-08,2.2744263735588248e-09,1.0507568301133064e-10,7.425611524562472e-09,1.2273997260497627e-07,1.5900402110983778e-08,-1.0190169415599385e-07,-2.3052380802933142e-08,4.887749913208698e-08,-3.473300277554737e-08,1.0469144438359746e-07,7.043943263024375e-08,-1.0645249552287056e-08,1.60224240910736e-08,-7.946437979238314e-09,1.2252375271814567e-08,3.1590751336697964e-08,1.754206670816887e-07,1.1094694667616497e-07,8.691743330528332e-08,-9.986083545272388e-09,-2.782910481077773e-09,3.3617166475606096e-09,1.1650815914302678e-08,5.946762861723854e-09,-6.127827307935307e-09,1.5733733679698334e-08,2.9785159769751325e-08,1.865910441137205e-08,1.6200059225866426e-08,1.3459682015082534e-07,2.5849172416547195e-07,-5.730440842020303e-08,1.0520536077555128e-07,-4.1987346855097735e-08,-6.302048307845278e-08,1.095843781054758e-08,3.60959830015653e-08,-4.625492130932389e-08,4.241017956588169e-08,-2.900645889367386e-10,3.554726839539458e-08,1.8164598646447265e-08,-5.174797809438184e-08,-9.722039696859324e-08,-2.379193621302492e-07,1.0187887046549786e-07,3.9016221232196567e-07,1.8721322699686397e-07,1.2322341161713494e-07,1.8456583600339898e-07,5.490085746534502e-09,-1.380499524615208e-07,-5.018924051973919e-08,-2.832399246304161e-07,-2.3320629692867437e-07,7.40258550142097e-07,1.9264666425173657e-07,7.536433154804089e-08,6.77756604045808e-09,-1.5889221691844948e-07,5.673291715704562e-08,-9.263336447782196e-08,-9.362743067323411e-08,9.057892941628746e-07,-1.3153571348908193e-06,-3.5811813916337355e-07,-4.193062673045235e-07,-2.1663651160848164e-07,-7.531957780779865e-08,1.6758456084811884e-07,1.0341782045606683e-07,-9.639896656040112e-08,-2.2584022159421113e-08,-5.4566506452670265e-08,-5.5114299391278306e-08,1.960569896736824e-08,-6.774833002342108e-08,-6.898211950613121e-09,-9.09082196445288e-09,-1.470931111671213e-08,1.0262499841251945e-08,1.3806448585823086e-08,1.5292256576301555e-07,5.417804426628439e-08,-1.335712340494893e-07,-1.5400017470965083e-08,2.27574266978745e-08,-3.321037983328708e-08,6.117168194150153e-08,3.0413967643907296e-08,1.6926496809322814e-08,3.3178798103356533e-09,-6.03883495728703e-08,-1.1835168058978422e-10,2.1748162661355248e-08,-2.186627371676976e-07,-1.5874476801212606e-07,-8.301630701468463e-09,-2.536123237813863e-08,2.098446909177803e-08,2.403526182425514e-08,-2.904961583295975e-08,-1.2860966276196946e-08,1.6941581162388153e-09,-2.126040764989204e-08,1.1895687364499017e-08,-1.1002505493593583e-08,-1.5458665638216706e-08
L16treat_p1,-3.600930393837276e-09,-1.0184795802771026e-08,8.421658386610042e-08,3.5513999684817826e-08,-1.6381767214520526e-07,-3.719920056351708e-08,8.804688935865926e-08,4.9983851530695915e-08,3.7401402770524214e-08,3.5983118079996276e-08,-6.669332653952206e-08,-6.07817427741875e-08,5.455625418918043e-09,2.7546156230642136e-10,-8.699873231946484e-11,6.341165503402107e-08,5.1171926732453094e-09,4.1453622840539117e-08,4.105743566283535e-08,-1.38312456471229e-08,5.8238352153924375e-09,-1.505630598558901e-08,-5.506878782037768e-08,2.7476858283731643e-07,-3.6043913220402934e-09,2.858033051958222e-08,1.916207366866911e-08,5.794246990197166e-08,4.1874908171513504e-08,-1.125418408443259e-07,5.480963712240087e-08,-9.792699196509429e-08,1.0211888383425576e-07,2.8791235216442847e-08,4.093777446923286e-08,-4.547866836558788e-08,4.6187707596845076e-08,1.9785769921539687e-11,-5.900497638954021e-08,1.9453963602187686e-08,-2.9592923030037857e-07,2.7852333772752053e-07,2.5292605801768344e-08,-3.3081238546693414e-08,2.6521090392845075e-08,-1.767487218076673e-08,-2.6640840716709767e-08,-1.2272690160841734e-08,-4.4652630060772125e-09,5.078418033779373e-09,6.3019224780592204e-09,-4.563961410859664e-09,9.880289810607304e-09,1.338194917852628e-08,-1.4123550296050769e-08,1.6774840741901663e-09,2.672893450311074e-09,-8.337804604880906e-10,4.478891838369578e-08,-4.12169526482334e-08,2.8967661122710427e-08,1.639306689099391e-08,1.2368749400969472e-08,-9.150831809061247e-09,-3.338328779714003e-09,1.045502621764658e-08,-1.4890878553008983e-08,-1.4803814222747943e-08,2.6021562593227797e-09,3.4762867497659253e-09,-1.1461733735225248e-09,-2.9441944948420655e-08,-1.2910227601115682e-08,2.614476904887106e-08,5.385711986809933e-09,-1.0336795894179924e-08,6.732546401244627e-09,-3.469003587149176e-08,-3.016575452138659e-08,1.0562123717128692e-08,-6.931322601027091e-09,3.4965950102670855e-09,-2.294391775671176e-09,-6.480853169455893e-09,-3.07693274204756e-08,-4.997812241175768e-08,-1.530767846210759e-08,8.458513568137577e-09,-1.3534105403208104e-08,-1.7396484584981846e-08,-8.857173158499733e-09,3.667655928078776e-09,9.860033174862695e-10,-7.433204925476243e-09,-6.620287529439532e-09,-6.794564553798793e-10,-3.4532508483779213e-09,-6.197587914018135e-09,-7.616045292517205e-08,2.578666270554509e-08,-2.956643199738996e-08,1.7069166916270905e-08,7.049711073132368e-09,-1.4321387668270385e-08,-1.094530293110806e-08,1.4915026013703984e-08,-1.4569589396504274e-08,4.280132830321001e-09,-1.1507288175157534e-08,-4.870912584050378e-09,-2.9909960697494894e-09,-4.2593414442158394e-08,8.560610500614336e-08,-1.1347939888336651e-07,7.688875448524825e-08,-2.8431863586236183e-08,-5.722050989103655e-08,-9.208189585259124e-08,3.2172504719541712e-09,2.1730227092856046e-08,-1.0930467428078457e-08,9.391545137204301e-08,7.678635092684609e-08,-1.7297743756690832e-07,-4.118210169225296e-08,1.761037852227528e-08,3.125787757800684e-08,2.4919714026731446e-08,-5.730637980725797e-09,5.353306164962614e-08,-5.0814904003490794e-09,-5.712435158114673e-08,2.794003234311425e-07,7.987616079952888e-09,5.378355797920858e-08,5.3767413730370084e-08,1.765918706376184e-08,-5.146224459923257e-08,-4.4077646529777093e-08,2.9312832943310754e-08,3.238223169641204e-09,2.1928937466074308e-08,1.2186043473857605e-08,-6.8486502418662495e-09,1.5351436677971037e-08,4.863963511025981e-09,-5.352377152753105e-09,5.867664685685188e-09,1.0723513849389723e-09,2.881504863557686e-10,-2.0645416964528213e-08,-3.450330681172813e-08,2.3729366902175508e-08,-4.625760071201925e-09,-9.400338315227811e-09,-1.3416450503284965e-08,-8.611812048167084e-09,-5.849295238216272e-09,7.936154592282734e-11,-3.0390730498970897e-09,1.632755923274263e-08,-2.057845998335443e-10,-3.5322608112610766e-09,4.412315498876028e-08,4.418613522360979e-08,-4.445657158896855e-09,5.339053939431732e-09,-7.499459031397686e-09,4.2884786127275556e-09,1.4467124729491978e-08,2.5447480294371057e-09,-4.328388011312859e-09,8.148056697908051e-09,-4.574215985392264e-09,8.550047387733598e-10,1.0535996059103734e-09
L16treat_p2,-7.714411952057533e-09,-1.622538294097441e-08,-8.009154516896516e-08,-2.2768903634456392e-07,2.5134993754233086e-07,1.210340337408657e-07,1.0781792846959138e-07,-4.719096482988679e-08,-5.182513538914701e-08,-5.620262457279266e-08,5.3028218307897674e-09,2.3650477458871078e-09,-1.2427484425613843e-07,1.3146781320872557e-07,9.657189902485899e-08,9.263815931378068e-08,7.095938472166822e-09,-6.717237790606143e-08,-6.234598386207219e-08,-3.279807389719864e-08,-8.796395556190964e-08,-2.0516526772530284e-07,1.4621741507469096e-07,7.11209941725227e-08,1.5202416007430693e-07,-1.927877006831518e-08,-1.7267893330163204e-08,-6.858115331264164e-08,-7.929505147357777e-08,-1.2946942551119684e-08,-1.9426706937116522e-07,3.0504237610022494e-07,7.917214224680266e-08,1.1701724310533207e-07,1.9683277488741014e-09,2.6857850272558867e-08,-5.728392175857818e-08,-9.172392868649503e-08,-3.4561341169312636e-09,-2.741256819856743e-07,2.2928178716998148e-07,2.52926058017639e-08,1.735203679192716e-07,9.93834500200437e-09,-1.6831163779294666e-08,1.0571544260891424e-08,7.446308127110323e-09,-1.0024068080356938e-08,9.723045253485407e-09,-1.311053936501291e-08,-9.278351609646666e-09,2.545849182890791e-09,-7.300739088251771e-10,-2.720721316944739e-10,5.660641115927483e-09,2.0026635374936054e-09,5.374142477071955e-10,3.757729901536377e-09,1.781277064777064e-08,2.0208248118308418e-08,-2.032509737041944e-08,-1.925273350348058e-09,-1.0161614306327925e-08,1.5142049126126227e-08,-4.179433206530821e-09,-2.502595522889722e-09,1.1289623437656484e-08,9.418398786032931e-09,-8.752781535016218e-10,1.3147607804831515e-09,1.9613107351631397e-09,2.7826028234977934e-08,-6.545056694437563e-09,-1.8524636470023114e-08,1.1901800121748061e-08,1.1932013591833322e-08,-8.730769072217562e-09,1.3518938915912318e-08,1.2058548162504726e-08,-4.307351112859e-09,2.2535807300033825e-09,1.1551720057587635e-09,1.139593196613582e-09,7.675748322179835e-09,4.4099440657226156e-08,1.5913420928031892e-08,8.416810357463254e-09,1.0719889936967773e-08,-2.1207247560524855e-09,-6.01120640506187e-09,3.225615214849129e-09,5.144162888583169e-09,3.2479846159939586e-09,2.7576992085855105e-09,9.419929929376499e-09,5.501159996328028e-09,2.6769853733513133e-09,6.941153500207196e-08,5.308414206326139e-08,-8.029073868252741e-09,3.2218762667688004e-08,-1.5489698444588484e-08,-1.3504985084020738e-08,1.6542739276906998e-09,7.126275266829652e-09,-1.0966712695516929e-08,1.2324732097497388e-08,3.759612075063076e-09,9.704210654214807e-09,3.802117188167373e-09,-2.0790855956761626e-08,-5.046823513982787e-08,1.4013328648683111e-08,-5.1102141570227e-08,1.4788010104730078e-07,6.211369575232631e-08,3.574607927332834e-08,-1.9976412353421554e-08,-5.1697903824009544e-09,-2.89824450196813e-08,-9.05807807623162e-09,-5.79344381942915e-09,-6.488927078572612e-08,1.3865905601417022e-07,9.152557025081361e-08,6.29484322146609e-08,-1.8302741289785346e-08,-4.2544553797288126e-08,1.5069852501919006e-08,5.798403822154696e-09,-8.254313963319539e-08,2.9762773715257196e-07,-2.2805443401702287e-07,-1.052399958414326e-07,-1.4941971736914964e-07,-3.3184925207301224e-08,-1.1335879416520184e-08,1.6641198649713476e-08,-1.5828617491944003e-08,-2.4318261967261168e-08,-9.879897140953444e-09,-1.873209902979728e-08,-7.459972217016711e-09,9.11866426708757e-09,-1.3500639595574384e-08,5.290040734616824e-10,-9.273470900010411e-10,-2.710336250960282e-09,1.3678391990002493e-09,3.917842162515907e-09,2.5548384802654438e-08,-2.1844175170183418e-08,-2.4331199237879597e-08,-1.3766110886995695e-08,-3.81027981900806e-09,-1.7176808343176944e-08,1.4981653034868015e-08,4.4697837912670796e-10,9.805104223544417e-09,3.0458062708048595e-09,-8.598938993902582e-09,3.686009601453375e-10,5.256346104192061e-09,-4.587252256268814e-08,-1.696232584021328e-08,-3.4267478098233956e-09,-1.3348549806594973e-08,4.66917315829863e-09,6.044386124453255e-09,-7.800211936356545e-09,-3.6842075402185802e-09,-4.341198581620355e-09,-4.806094860249548e-09,-1.35231533668935e-10,-3.886729245158314e-09,-4.315945226346015e-09
L16treat_p3,-1.796648096355234e-08,-1.4216761591650855e-08,5.937219077397181e-09,-1.3095106318741155e-07,9.438914327311831e-08,8.085747838913866e-08,-2.2817514230219267e-08,2.476026424080868e-08,-1.5669979009405855e-08,-3.7147944413118375e-08,3.0370787790952116e-08,7.334686486242197e-08,-1.4299286476889617e-07,4.661525782895476e-08,6.012138545454638e-08,-2.7575273823998583e-08,3.529992124385839e-08,-1.2577665879642595e-08,-5.1153589440608944e-08,4.282729218386483e-10,1.2207573605336641e-09,-1.2364520649802766e-07,3.3902950599603314e-08,4.370561121629185e-10,5.760237898539491e-08,3.644962286346795e-08,-8.549834562355653e-09,-5.9569593699193116e-08,-2.16707325222082e-08,5.5824223383220574e-08,-1.0521771566793324e-07,3.076496312832533e-08,-1.3692580292441699e-08,2.1671382346462444e-08,2.4569465864055007e-08,3.158012985731027e-08,-4.87665154345886e-08,-2.5014036116733905e-08,2.2975582775688685e-08,-7.527571048030738e-08,7.410867041658657e-08,-3.308123854669393e-08,9.938345002005112e-09,9.158519773087599e-08,-1.2039913088855622e-09,1.3713785864715755e-09,8.989245824479797e-09,-8.663412338221608e-10,1.1036133068751831e-08,-4.812334677012435e-09,-7.250154794547757e-10,1.219244277855576e-09,-3.3935208572322865e-09,-1.1220602901187844e-08,4.759961636494843e-09,-6.940110505937495e-10,-2.6494433322214937e-09,8.014480989550298e-10,-1.9930472082274943e-09,1.9925783451812896e-08,-1.4025009512940636e-08,6.735725906940149e-09,-6.241358229675938e-09,1.2039669208388117e-09,-5.451068857458157e-09,-3.8391353635559755e-09,3.4824376535728213e-09,7.471781285340674e-09,1.2608249141900066e-09,3.5383921508815946e-11,1.3621477292357047e-09,2.5457524264234287e-09,-6.504612178490117e-09,1.7920713760796355e-09,-3.2353621284983483e-10,-8.700192148769755e-11,-3.5311842168492095e-09,1.1054543394175125e-08,1.2163773261481724e-08,-6.401955591017748e-09,3.5535291634503033e-09,-2.3666982378533056e-09,-1.9164468908617906e-09,2.825316716055686e-09,9.087912349383208e-10,3.623698768458671e-08,1.6662762792382284e-08,1.4795240193839175e-09,-2.1068578347000852e-10,5.818236436626085e-09,3.188731523762302e-09,-1.0824572715361718e-09,-5.4121284765857895e-09,2.251115382672563e-09,1.7095958717841657e-09,-5.016395939365393e-10,2.6318465994348933e-09,-4.351792768536551e-09,2.4551583631791076e-08,-8.326617689888205e-09,2.0399374597100513e-08,-9.543822199491915e-09,-4.832383694542053e-10,2.9952934360896053e-10,-1.7260724850360527e-09,-9.733543563533087e-09,3.5032125218152412e-09,-1.5115422978626505e-09,1.4587201194630605e-09,3.3489087318321237e-09,-1.3702568673773079e-08,-1.7550097258262274e-08,-3.066502990396361e-08,3.244231455637558e-08,-1.516499070647592e-08,4.166246984608855e-08,2.2222887235961535e-08,4.039084749382367e-08,-1.910704021979215e-08,-1.9113324845165605e-08,6.236100177307009e-09,5.9266010827824284e-08,-9.944801039353506e-08,8.647422972442356e-08,2.7851514350541803e-08,2.053306808837714e-09,3.4080300738489706e-08,-2.6605638637931658e-08,1.785790129563185e-08,-1.892506418140011e-08,-3.1824151171590425e-08,1.1853636389250955e-07,-1.0461979853622578e-07,-3.0003303953175236e-08,-2.6448023428503165e-08,-4.8480246618949216e-08,-2.555132464056334e-09,9.996577993405162e-09,1.1850821933597146e-08,-1.692968397453459e-08,1.0036825020383705e-08,-1.4169207572464484e-08,-5.7647794239969974e-09,1.9926564240993613e-09,-4.547213044100037e-09,-2.7486691463163475e-09,1.6694418332920108e-09,-2.253964996031146e-09,-9.926792670319998e-10,-7.574174576817761e-10,3.3636121007402915e-09,7.763021087276403e-10,-8.28184785622552e-09,7.309017107867909e-10,1.131484556232136e-09,1.1333739209421555e-09,6.490768212509153e-09,-1.7683360930806473e-09,-3.0815316319670254e-09,2.403985514918243e-09,-3.6776606569928407e-09,-1.7416748695462195e-09,2.8932112463633263e-09,-1.358621844068716e-08,-1.8095822537707058e-08,-2.1811210581355418e-11,-6.834939954641605e-09,6.649406331940647e-09,-1.129401325366625e-09,-2.714841598672581e-09,-1.1183671551219001e-09,3.0855760039610615e-09,-2.4791952494563463e-09,2.4217119575103943e-09,8.821649365719642e-10,-1.278856971438116e-09
L16treat_p4,-6.90381290430552e-09,-1.0510539111251631e-08,2.6589934074984092e-08,4.389775002883732e-09,-7.593046622428918e-08,-3.2523543383850295e-08,-5.990102890496356e-09,1.6311413575031705e-08,2.9961556440832505e-08,1.792315258678388e-08,-1.974242479079919e-08,-1.9842196152210364e-08,3.856662298620874e-08,2.0026868658910483e-09,-2.1559918517993876e-08,1.008738590259085e-08,9.045006993268161e-09,4.281228030312734e-08,4.013616822306124e-09,-1.3429998304828615e-08,1.2926265887070464e-08,2.3287289548008666e-08,-6.65522003591205e-08,1.9644596268598586e-08,-5.430945748016113e-09,2.47432945931021e-08,4.029714876196161e-08,1.1435808488513018e-08,1.8698069174514336e-08,-1.9288173657206103e-08,6.624054586355159e-08,-8.227905073579445e-08,1.3178062817682336e-09,7.288132480031893e-09,1.7816983420404264e-08,4.049772733834477e-09,-3.6774348633921754e-09,7.850900886278937e-09,-3.667145451351448e-08,3.4818871057933544e-08,-9.808591574102647e-08,2.6521090392844592e-08,-1.6831163779293184e-08,-1.2039913088857858e-09,4.918645938242043e-08,-1.1363195068910097e-08,-9.652134848148935e-09,8.901667331086143e-09,1.4408966924792588e-10,8.639007368755484e-10,1.2103137765174203e-09,4.070096933457908e-10,2.9072354301004413e-09,3.734267612518462e-09,-5.743130060984843e-09,3.060015298938085e-11,1.6974289732991594e-09,-1.7636618295681432e-09,1.118221865511956e-08,-1.3007065973453167e-08,9.605135416043442e-09,3.42024949879268e-09,-2.714873994471294e-09,-9.517249765261551e-09,-1.6782804529304896e-09,1.9487484859470586e-09,-7.915082685058914e-09,-5.89525974216854e-09,2.627272951761453e-09,2.9744210586965833e-09,-1.3883513849290944e-09,-9.901192013246272e-09,1.2714762382141015e-08,1.9611634724705564e-08,-8.541579197351711e-10,-4.960506744668371e-09,5.199613915091541e-09,-8.55755119760921e-09,-7.94941631308105e-09,3.4428207517824224e-10,-1.5161717293574453e-09,3.7246539075131007e-09,7.564410746661702e-10,-3.432107269105459e-09,-3.995207545877527e-09,-8.379441457355326e-09,-5.042816194957286e-09,3.6292269472174014e-09,-9.514866010221927e-09,-4.359366430675724e-09,-3.5481749817452374e-09,1.2276570946128498e-09,3.4610677781213187e-10,-3.68366961431987e-09,-1.6361307601546814e-09,2.1227768940192664e-10,-1.9184509617901945e-09,-1.1527792444418984e-08,-1.9094202584345445e-08,1.5353886783156247e-08,-1.0190163294774314e-08,6.59405478233336e-10,2.435127711636519e-09,-4.4929415991893925e-09,1.246743893101737e-10,5.196859385962454e-09,-3.1798397095595385e-09,2.365156877335036e-09,-3.1062177013522572e-09,-1.8255043438389294e-09,-1.058665313331681e-08,-8.661329944898798e-09,-6.081419548686665e-10,3.0091283361350345e-08,-2.1662201515937566e-08,-4.631570590883751e-08,-7.160147722494294e-10,-8.9600940060279e-09,-2.9478210716649432e-09,6.311499889128149e-09,-6.667351572862882e-09,2.7058728764021465e-08,1.985107143291944e-08,-7.046740857880194e-08,-3.6255641330829786e-08,8.512329113480735e-10,-2.3444379723448888e-09,2.4254769731904458e-08,1.0043104925085863e-08,1.340922555761392e-08,2.3579550202865333e-08,-8.146301326702481e-08,8.250104857672216e-08,3.488089171947359e-08,2.486633497666619e-08,1.7134727955914814e-08,-6.360912494626518e-09,-1.5158209936745757e-08,-1.03917691313807e-08,9.688815671640027e-09,-2.740096981018325e-09,3.6510600319467037e-09,3.3990535879170656e-09,-5.108078388223864e-09,9.537511513276747e-09,-1.622336525592633e-09,-5.141052895869547e-10,4.320790899889669e-09,2.477642186614361e-09,-9.7997623226064e-10,-1.516474038832976e-08,-3.7193498631555805e-09,1.6353685494941244e-08,8.398023295737834e-09,-5.2910397722058665e-09,-2.360197704867227e-09,-6.378437418290034e-09,6.50101138004196e-10,-3.2065103712656593e-09,-3.441792215973085e-09,6.092898642021387e-09,-8.097030197610823e-10,-2.566867486506824e-09,1.8968952074699856e-08,1.1079901381604132e-08,-3.83313704212184e-09,1.3619465117476616e-09,1.6581924581052984e-09,-1.0609171761403278e-09,4.931131536272101e-09,-1.1193125426873809e-09,1.7434925616936016e-09,3.502963905214186e-09,-2.3868911828546802e-09,2.2537865333177304e-10,1.4159321824242142e-09
treat_p5,-3.236944363779585e-10,4.239053936683433e-09,-1.1292853617643266e-08,-2.634059766510577e-08,6.083917580112325e-08,2.3077412419487407e-08,2.8787842918469687e-09,-4.71307035279738e-09,-5.664559189562562e-09,-1.4464746128948143e-08,7.392304968286614e-09,1.4277459829152575e-08,-3.916941626409802e-08,2.1501016451310206e-08,4.472892863425533e-09,-5.76464007839038e-09,1.211688690396663e-08,-1.467163783474056e-08,-4.153738055395625e-09,5.712755827970625e-09,-1.3868635791963933e-08,-5.60351541279395e-08,5.491597709785468e-08,-9.699081737340343e-09,2.9025277416139412e-09,-5.746965672408064e-09,-1.3311777317614228e-08,-6.289901560854378e-09,-7.599933636650923e-09,1.5490321726052675e-08,-5.55640381283587e-08,7.785232959099985e-08,-1.729577010535348e-08,5.85580278259267e-09,1.4413441237415878e-11,5.171555639168819e-09,1.8604709717765532e-09,6.057838888951331e-10,1.3663265321904917e-08,-6.279490892978412e-08,9.498238389913485e-08,-1.7674872180767713e-08,1.0571544260891092e-08,1.3713785864714632e-09,-1.1363195068910607e-08,2.020108846042904e-08,1.024203711260068e-08,-4.147718056208953e-10,8.668787683708711e-10,4.581749692541877e-10,-2.2341457597251584e-09,2.7756835733278733e-10,-1.6568798497481451e-10,-1.3574936749002223e-09,2.9885735900450125e-09,-3.470736135533147e-10,-7.072229044473926e-10,1.7556887269638006e-10,1.4699545262193368e-10,1.2792547790047962e-08,-4.960518568236212e-09,-2.630772179766936e-09,7.43392672047539e-12,1.7413987083373393e-09,7.760643815525191e-10,-2.2512892876822928e-09,3.4772763104785928e-09,7.671333002257058e-10,-8.002032064311954e-11,-1.108199639333592e-09,6.754404328845291e-10,1.502989365003884e-08,2.4747084015556798e-09,-6.694492783826652e-09,2.6531181728761405e-10,3.029791390780727e-09,-4.563956037839448e-09,6.9607122150129546e-09,5.272976264365382e-09,1.3972579254162778e-09,1.4140296439259332e-09,-2.0593069567407654e-09,1.7915492012161216e-10,1.434083074132499e-09,1.6130193225325668e-08,3.5499734542649525e-09,7.374434102819683e-09,-2.646361672791517e-09,3.0578610258485793e-09,1.5389731280985366e-09,2.230103091920492e-09,-7.293372469238783e-10,1.4451069071207372e-10,1.652893653163941e-09,9.292478080982095e-10,1.803898392386852e-10,1.3323997318904397e-09,7.999604392348561e-09,1.3074256823363468e-08,-6.6918436982127335e-09,2.5570593865310426e-09,-4.746829475372816e-09,-6.4498001942968054e-09,2.76339514084159e-09,5.657149811224642e-10,-2.547855627124151e-09,1.949570269300915e-09,-8.787721277428721e-10,1.6907688522993605e-09,8.213062854165427e-10,6.799575330454347e-09,6.68749848304638e-09,-9.606058433416177e-09,-5.203400360271638e-10,4.2463212524653904e-08,2.0490881097987752e-08,4.838782359717496e-09,1.1350040430527155e-08,3.6185979545391034e-10,-7.084959396984559e-09,2.9359135852925384e-09,-1.6626912827278566e-08,-2.635565459867938e-08,6.466642493078998e-08,8.385904710438704e-10,-6.070604806690868e-09,8.794940771098021e-09,-6.461368506178693e-09,-5.234677568942559e-09,-1.0470181367059817e-08,-4.788459255089315e-09,7.089364374428575e-08,-9.491605385625256e-08,-2.0741640947664653e-08,-2.1610359789324353e-08,-1.766735611825127e-08,-3.4995206658937628e-09,1.2796319089360611e-08,8.630343332655748e-09,-6.322807205933448e-09,-3.438909669803153e-10,-4.410026165034703e-10,-4.8535507160953265e-09,8.05180846163187e-10,-5.3679300440424224e-09,-7.503978845531015e-10,-4.829406633539469e-10,-9.94459028901197e-10,-1.367654239296083e-10,-1.2868445915486978e-10,2.686248929443765e-08,1.1221590356444295e-08,-6.049464670671395e-09,-1.5396488720245799e-09,2.800602434962466e-09,-6.614841837946014e-10,4.6369180064857056e-09,2.4386316751468643e-09,3.0017311294573766e-09,1.7848977483396618e-09,-4.437967889166361e-09,1.0032696089890155e-10,9.511434785226532e-10,-1.8429191866736264e-08,-1.0543806802534139e-08,-1.3833348346473327e-09,-1.219759155469358e-09,2.2007374256246288e-10,2.1741573299760806e-09,-3.029238471292159e-09,-5.028209081746346e-10,-9.638448657395343e-10,-2.036949250694793e-09,1.2914121935871786e-09,-3.039946326037295e-10,-4.4185156813504996e-10
treat_p6,-1.1241998060897134e-09,-2.0854827057534937e-10,-2.8501514353843534e-08,-5.3379613329852574e-08,1.0264013537165598e-07,4.862058597220446e-08,-3.1691429626307466e-09,-1.2183497817513432e-08,-5.711815561765321e-09,-1.5411882775348795e-08,1.1553164289380245e-08,1.1338528278072671e-08,-3.949873770781259e-08,1.8139609727871803e-08,3.8653077719004424e-08,-5.872651513830322e-10,1.1256156519213509e-09,-6.160194372317289e-09,-1.0445283374473562e-08,8.660381737628632e-10,-1.9005894922673894e-08,-3.113549339957699e-08,5.00237720272549e-08,-1.5263214920781666e-09,8.498347911262335e-09,-1.3956286938495773e-08,-1.1715397306725655e-08,-1.86110480006704e-08,-1.4590207937293703e-08,2.1402721519989543e-08,-3.823628678240497e-08,6.934482567126333e-08,4.23695558334112e-09,6.004337637401038e-09,-1.1499760554633782e-08,1.4409670114699188e-08,-1.0842925304155076e-08,-7.349707275425685e-09,3.512982915586117e-09,-4.636299697086421e-08,1.1531578882338181e-07,-2.6640840716710128e-08,7.446308127110398e-09,8.989245824480178e-09,-9.652134848148593e-09,1.0242037112600846e-08,2.390677746924885e-08,-9.803723512970218e-09,3.391895746282742e-09,2.906126127506042e-09,-5.405363996940347e-09,1.193395090796414e-09,-2.23182652435076e-10,-1.4364997517700713e-09,3.612593594859703e-09,-1.0895773803490495e-09,4.693515486130886e-10,8.342858888019419e-10,-8.687315267624098e-09,2.2235390835461483e-08,-1.4683428593921208e-08,-4.638701192107496e-09,-2.5381514691001223e-09,1.882537885244331e-09,-1.0694457891725164e-09,-1.117295911912314e-09,6.200244497509431e-09,3.123768432231786e-09,-7.36928901657589e-10,-5.267358560549616e-10,1.1278890488483522e-09,2.819381970373737e-09,6.024108548593681e-09,-1.3001824732010459e-08,-5.9488950211139635e-09,5.612779385923214e-09,-3.842131487864357e-09,9.852484046559546e-09,8.159117918471319e-09,-5.043078565232877e-10,2.3396808231540217e-09,-2.0172136615493458e-09,1.3145166187765361e-09,2.7058445479462032e-09,8.003919028903033e-09,1.22012134829112e-08,3.994803002564645e-09,-4.8141913746097225e-09,5.632649989471157e-09,1.6159120831467727e-09,1.6145126320744558e-09,1.2583810623338207e-09,8.054030004757901e-11,1.1235484007221446e-09,1.1942921422416614e-09,6.558921935325627e-11,1.7238619631091378e-09,-6.195633027036859e-10,2.7797347267539216e-08,-1.0474618555376637e-08,7.154371533054037e-09,1.5881585378530144e-09,-7.576562023858355e-09,2.477955056264106e-09,3.6732897687567552e-09,-2.644675283174047e-09,2.196734615216194e-09,-2.0271164406268124e-09,2.852676672241199e-09,2.1211139046982435e-09,-3.4189321574661704e-09,-7.967195449116382e-09,-1.998025764849845e-08,1.0034732934849079e-08,3.178758728708876e-08,1.9198765468674573e-08,5.104704319708834e-10,7.4196871144543856e-09,3.1159571196385614e-09,-1.2888946438083438e-08,-4.8254757887766626e-09,-2.982207033251329e-08,-5.3215001593175996e-08,7.503628105783584e-08,7.874491817902653e-09,2.510601001247257e-10,-9.96950520293529e-09,-9.683686315133713e-09,2.81152506859101e-09,-1.0575571243252949e-08,-4.089475334307138e-10,7.495284070813988e-08,-1.1005528437584676e-07,-2.278826734659949e-08,-2.264038754701782e-08,-1.3925034176927196e-08,-1.0758654549531684e-08,1.1896669345160468e-08,1.9402892374663505e-08,-1.3269746405009569e-08,9.886931262047592e-10,-1.088400447379145e-09,-5.973572081018138e-09,1.7952843137992763e-09,-4.781363895498099e-09,1.3352931313956692e-10,-7.353008536065647e-10,-2.2832629335665946e-09,5.824641822614286e-10,1.2149197552134176e-09,1.2911783263516434e-08,1.560816965888992e-08,-1.6843775385710547e-08,-2.656052112801957e-09,5.966361055953027e-09,-3.634757677792037e-09,5.493214594766702e-09,3.507333384660472e-09,1.9336724269579654e-09,6.460935497190267e-10,-6.134485422497207e-09,8.056729962000978e-10,2.169739479250525e-09,-1.5472361701830004e-08,-2.3524811572713866e-08,3.2244831407347336e-09,-1.6049759960317587e-10,-1.3644386907521355e-09,3.0621617463211087e-09,-2.9783394291774582e-09,-1.5484966523849041e-09,-5.478214647352194e-11,-2.1091786318682203e-09,2.1906779889492367e-09,-7.820144928951062e-10,-1.463094123940345e-09
treat_p7,-7.061223475554516e-10,2.403661843353621e-09,1.6917403158597878e-08,1.3182571077761716e-08,-5.34416951222375e-08,-2.904682648884347e-08,-6.587104235408789e-09,6.335868729634158e-09,-7.432116956119478e-10,2.6510928444899194e-09,8.117055157531809e-10,8.986225644422604e-09,6.177524641253909e-09,-6.409778053114138e-09,-2.7542874959271837e-08,-4.506346577184016e-09,8.463547946131343e-11,1.490318683318574e-09,-6.97654428842524e-10,2.1743375132015972e-09,1.7665589553867915e-08,-2.101541543134934e-09,-3.168961412298557e-08,-2.2514432356490228e-08,-3.953326226869069e-09,8.723709572649683e-09,8.997959923391411e-09,6.156421789916294e-09,6.937065573703664e-09,5.95950336151444e-09,1.3419955082459605e-08,-3.4160772322185364e-08,-1.569001566009033e-08,-4.568343585046075e-09,3.9456243763486725e-09,-4.976075457006329e-09,7.490092329973038e-10,6.82627243200206e-09,7.926338402635773e-09,1.1451618981841743e-08,-4.4306895972951407e-08,-1.2272690160842384e-08,-1.0024068080356816e-08,-8.663412338224063e-10,8.901667331086113e-09,-4.14771805620759e-10,-9.803723512970011e-09,1.3463051090914125e-08,6.928685390570229e-10,-1.9121903536905084e-09,2.0108805490725243e-09,-6.975028982137824e-10,-3.787998642398649e-10,-2.009678913542489e-10,-2.0903252067931686e-10,2.1240626300193823e-10,-5.394961901979005e-10,-4.612448044657256e-10,6.394998458022553e-09,-9.439581184108396e-09,6.894782966692139e-09,2.001821068563586e-09,-1.5958245687436742e-09,-3.4261674398460883e-09,1.0820542801961266e-09,-5.748515885222476e-10,-3.4375838278292174e-09,-8.252963254543199e-10,5.245548818065115e-10,5.579702921056059e-11,-2.955853063378992e-10,3.1828907915023816e-09,-7.044755581892651e-10,1.1100205790012417e-08,3.6788824526053836e-09,-3.2879609600621486e-09,5.589783961192469e-10,-2.5791337386739034e-09,-3.0058471923670323e-09,-9.214776128414806e-10,-3.474512956513217e-10,7.089938279861318e-10,-5.727922046467554e-10,-1.1251457599162098e-09,1.6877058394568528e-09,-7.973236765742686e-10,3.1313765039042786e-09,3.2765524805181485e-09,-3.3105999993465916e-09,-6.969537115999831e-10,3.100859869889122e-10,-1.2171077421703943e-09,-1.7157857688317665e-10,4.862553344482569e-10,-6.387760194027353e-10,-2.7146761140333016e-10,-7.633015578713836e-10,2.463291123738796e-09,-8.995969836090544e-09,6.1222106211487206e-09,-2.115612438581231e-09,-3.4097587332582317e-09,1.6775136847566748e-09,-3.865212460293408e-10,-1.8999098615452686e-09,-4.154750440900049e-10,4.660045191711481e-10,9.672286822391118e-10,-8.949406637881684e-10,-4.3315259371534775e-10,2.4135400205502066e-09,1.0172926352574917e-08,8.1924824827528e-09,9.301808051600714e-10,-2.4898655479818154e-08,-1.3616445701759313e-08,2.7577308668880346e-09,3.4278104282791844e-09,-4.759602045521997e-09,6.0416519751272815e-09,6.589375812653014e-09,1.9754441108724528e-08,1.316939085565418e-08,-3.583518777389193e-08,-7.165063967816633e-09,-2.8404416403656796e-09,4.357425576514305e-09,2.7158424013784125e-09,-8.587428987056335e-10,-1.2028040154854413e-09,-6.147834736402178e-09,-2.8253214335604334e-08,3.9519012333481836e-08,1.4612696391547246e-08,8.26102046590803e-09,1.2488436839826598e-09,3.662898857688264e-09,1.1291061388530279e-09,-8.375062020774216e-09,5.616129743127055e-09,-2.997272992698942e-10,-1.3612790707119716e-09,8.720128726972038e-10,-9.801330455803173e-10,1.8908055659339188e-09,-1.351354892017269e-09,8.278912566888278e-10,7.441800248842721e-10,-3.94932052984587e-10,-9.37691819656117e-10,-1.0169963469859195e-09,-4.003168269622955e-09,1.230571641455924e-08,3.8343551378145845e-09,-4.113345700949035e-09,1.711648741914032e-09,-2.776328284189556e-09,-1.9811714947507778e-09,-1.0738896012150807e-09,1.40830823530075e-10,2.217093988653231e-09,-3.3468214645676046e-10,-8.69810436198395e-10,2.252318828047579e-09,8.481887630112483e-09,-4.647309662942409e-09,-1.233663533823648e-09,2.2782609026655372e-09,-1.2546388249118254e-09,6.689081302052389e-10,6.433320544520046e-10,5.419333420927129e-10,1.0561400385900685e-10,-6.85411220367906e-10,3.859003299834826e-10,7.701673635502392e-10
treat_p8,-3.6494096813998782e-09,-5.516111311341609e-09,-1.4228765323245116e-08,-3.806594045634556e-08,4.784348626853734e-08,2.1281406239240152e-08,3.989799609807152e-09,-2.875388002008338e-09,-1.1365723017927414e-08,-8.619747940417498e-09,5.669150270488703e-09,-3.2716404100534517e-10,-1.5710992678096886e-08,2.1849432228165862e-08,1.1857546566341537e-08,8.684727222226815e-09,5.538282980674374e-09,-6.867967447560124e-09,-1.259440588416262e-08,-7.103169450827347e-09,-1.3266317571158136e-08,-2.029873180857799e-08,8.863206057169973e-09,-9.755677129025147e-09,2.4450607678453885e-08,-2.0086523835729417e-09,-5.673688765714657e-09,-1.6431181820280935e-08,-9.057935926635133e-09,8.27917625949738e-09,-2.5388218116249457e-08,2.242663205811122e-08,3.757330474847421e-09,1.5493800474399942e-08,5.705310661548166e-09,1.2551069757098582e-08,-1.3617888340094816e-08,-9.797152545078093e-09,-6.301069106146226e-09,-2.9477836360014918e-08,2.7989335352552895e-08,-4.465263006077523e-09,9.72304525348516e-09,1.1036133068751775e-08,1.4408966924790929e-10,8.668787683707772e-10,3.391895746282745e-09,6.928685390570111e-10,8.277610603725674e-09,1.1155049607220409e-09,-1.3302140003603022e-09,-2.5822808771667516e-10,5.773110013966237e-10,-1.6526408012971197e-09,2.1562212684565284e-09,1.903181499496275e-10,-1.2246218082430624e-10,3.623844667418629e-10,3.935050909322645e-09,6.3050039920415535e-09,-5.290474163884893e-09,2.790095035807132e-09,-3.3822215246624173e-09,4.1927715181911264e-10,-2.269467512983306e-09,-1.1435407248582831e-11,2.083836738511142e-09,2.6568725819036574e-09,-2.552806000724987e-10,-4.024735912262338e-12,4.554872381194172e-10,2.586276512429052e-09,-1.972934049634857e-09,2.0405716451202318e-10,2.8856205151596447e-09,1.2901662469595692e-09,-1.3151128871020266e-09,3.136062994402105e-09,2.8664299687945795e-09,-1.9233540395066548e-09,6.778389542475801e-10,-3.2238752759505785e-10,3.841827396717544e-10,1.1800133373771006e-09,6.00133040417413e-09,7.872390546512993e-09,5.5034830596956865e-09,4.928425466275799e-09,-9.415878378596174e-10,-1.3897588624808802e-09,-5.109310182581926e-10,7.363511288022725e-10,-1.0569854136684868e-09,1.3835623184354107e-09,1.2169887592999587e-09,5.437314670006542e-11,5.162262920291885e-10,8.521294701957666e-09,1.0031696898954979e-08,-9.643979018340882e-10,1.1294119578691925e-08,-2.3178786442507567e-09,-1.479993441215976e-09,-1.0311130925454778e-09,2.419449445497914e-09,-1.8742358904859393e-09,2.17570456100918e-09,-2.049282819294218e-10,1.460518181881649e-09,1.1558363932857904e-09,-4.5774987069378115e-09,-1.228045166539415e-08,-1.582361325150866e-08,1.821830198755381e-08,-4.878152585702448e-09,3.7154251079702226e-09,6.558789319503998e-09,7.76949963400604e-09,-2.383256014939752e-09,-6.629686566846718e-09,2.7324683947779832e-09,-4.2913995628021677e-10,-1.3339314309819916e-08,1.5783485203797473e-08,6.628488038366743e-09,1.3933902045632465e-08,4.185777740363888e-09,-1.4399454017408532e-08,5.486020594541904e-09,-2.8508866406627067e-09,-6.735077615225991e-09,3.6071232543463486e-08,-3.5568663930393974e-08,-1.051082653372082e-08,-2.0085894239020824e-08,-1.0298141024909412e-08,-8.529690576018844e-10,6.168164241967578e-09,1.7561121067908986e-09,-1.7238957354887826e-09,1.8446461822799341e-09,-2.813194594323896e-09,-2.0460790624313133e-10,1.3420835337827451e-09,-1.8361212358027416e-09,-2.827552360026293e-10,-2.154718217245456e-10,-4.290116671326386e-10,3.3608541861465e-10,5.88135813457694e-10,2.3205184596093862e-09,2.1816163086748028e-10,-1.1898474497464707e-10,2.5347923559698903e-09,1.205569930047722e-09,-2.124962835818854e-09,2.3950883493796718e-09,1.501935493435511e-09,-1.586932315580691e-10,8.210881633496942e-10,-8.492541779753718e-10,-2.66847100927944e-10,9.209635165425155e-10,-8.424617001698273e-09,-6.088637614834062e-09,-3.1964363221037402e-09,-5.383738749957684e-09,9.984943259545843e-10,5.935721742126798e-10,-4.93835402798614e-10,-1.2028403874829519e-09,6.704299690431288e-10,-1.0809246417796224e-09,4.800968365378046e-10,-4.290539174118749e-10,-7.254702162454446e-10
treat_p9,1.0515740278736306e-09,4.678917695131824e-10,2.5173917355931763e-09,9.647695543717012e-09,-5.159840435232427e-09,-2.2882902357961734e-09,-1.3712095695503017e-08,4.277178387339968e-09,6.227160472933872e-09,6.916826322515371e-09,-2.57514350439316e-10,-1.8232109375178454e-09,1.2310877447324375e-08,-1.482543856754724e-08,-4.5559928517708305e-09,-8.537266784902354e-09,-1.7071468290305596e-09,6.439111381296762e-09,7.896172620193933e-09,4.623257212891622e-11,1.88038873783775e-09,1.859241323566052e-08,-8.935442550266349e-09,-2.7762016638972755e-09,-1.8809211163276203e-08,-4.9017735316760275e-09,-1.8377247389193553e-09,4.142700228222106e-09,6.896267752112403e-09,5.296124616784219e-09,7.511637350991186e-09,-2.3335002353372892e-08,-6.221525440167104e-09,-8.87707572148837e-09,-3.479275499920941e-10,3.728448355026695e-11,5.6161404452869e-09,7.071227536936396e-09,-4.998824915662297e-09,1.9400038612342247e-08,-1.2472265377378146e-08,5.078418033779151e-09,-1.3110539365012998e-08,-4.8123346770124195e-09,8.639007368755229e-10,4.581749692541615e-10,2.906126127506093e-09,-1.912190353690554e-09,1.1155049607220372e-09,6.30662938377724e-09,-6.569128347505116e-10,-1.3724030598770476e-09,1.7741570400080276e-09,9.755443046492185e-10,-1.9706125791413194e-10,9.877335426615521e-11,1.1166178417158034e-10,-3.451138249447301e-10,-2.3493592884609463e-09,2.6747775317859476e-09,1.0494306254190813e-10,7.126333922770109e-10,2.5204024186474353e-09,-1.2540412170671813e-09,-6.956487330661291e-10,9.82865750178806e-10,-4.0964117050364394e-10,-1.1530711781176177e-09,-4.804051327654414e-10,-3.012145235044882e-10,-1.6493799164639125e-10,-3.924500503289639e-09,2.1098385795035706e-09,-1.3822511586703525e-09,6.21038119531512e-10,2.827665150715195e-09,1.1884594514162443e-09,-1.2350196772498986e-09,4.6230560034087816e-10,1.4389153067453512e-09,-3.523389988214861e-10,-1.506779229792852e-10,3.5566660258523934e-10,-5.835402978079971e-10,-5.9043226301624716e-09,-2.2087902440530068e-09,-1.5004133074450749e-09,-3.333010432922261e-10,1.8202363960445708e-09,1.6715448128968292e-10,-2.173585654895965e-09,7.499977631653269e-10,-5.68122335185032e-10,-5.500926039327579e-10,-3.7129167735132126e-10,-9.517421264622871e-10,-1.9205305711644165e-10,-5.9098332693946104e-09,-1.4732679155433703e-09,3.549418587632918e-11,3.0963470727110995e-10,4.397858857741197e-09,4.446875554806754e-11,-4.348153687323377e-10,2.1907642437156464e-09,2.313728881348666e-09,-1.8936156287804828e-09,-8.897549626718272e-10,-9.147276032945867e-10,-7.056075975375933e-10,1.2281314759042087e-09,2.0082555149636498e-09,-3.16804341128005e-09,6.686394744837712e-09,-7.443958640501025e-09,-1.0780379031852913e-09,-4.33085576440374e-09,3.2287331408525492e-09,3.559491172178769e-09,1.3317316515694727e-09,1.3353799065730573e-09,-1.0508524281612866e-08,-4.313204148665837e-09,3.059454798298112e-09,-9.107010803824114e-09,-8.292193080739117e-09,1.0864928291887782e-09,1.6137532138180595e-09,-2.004240374297964e-10,3.98627168537045e-10,9.240806694302267e-09,-1.821265437351612e-08,8.61843441241369e-09,3.032527904699786e-09,1.1127799541969903e-08,2.920199132159541e-09,-1.2977109372869017e-09,-1.1824341502718714e-09,4.9185427451161825e-09,2.763808177037977e-09,1.833211581145846e-09,3.799912418767713e-09,6.228157121268339e-10,-1.3565647221140394e-09,6.393953420588135e-10,-1.4386720768785598e-10,-9.080987966874184e-10,9.896452479055896e-10,5.947384671746323e-10,8.248610014298126e-11,8.027647115876966e-10,5.9652799410864265e-09,8.700513251698691e-10,2.8517752304222123e-09,4.245032067123325e-09,1.5904389024970804e-09,-1.0769598362483747e-09,2.86540881837737e-09,-4.850287620169143e-10,-6.136048954738885e-10,9.712393114203815e-10,-1.2137715000528397e-10,-4.88992984944878e-10,2.0840326064731183e-09,-2.0515066120270794e-09,7.085248842025566e-10,-2.5544102934959676e-10,-2.6581823629340524e-09,1.8807692813336015e-10,1.5913794235117697e-09,-6.345961671818454e-10,6.525229871355903e-10,7.689587085836838e-10,-4.185809535152749e-11,2.440309711539204e-10,2.813289614153084e-10
treat_p10,-6.371590034039591e-10,3.098629168115806e-09,1.2037144326302034e-08,2.0407921432650785e-08,-4.0459048832138846e-08,-1.5717353811723748e-08,-1.0137739854193028e-09,4.30797337409696e-09,1.6812260864340506e-09,1.3133695216537558e-09,-1.6092021645299538e-09,-3.774393375968353e-09,5.319164494364435e-10,-8.749527735969978e-09,-8.323800019432661e-09,-2.902526487220319e-09,2.4950214164146895e-09,6.30869792777618e-09,3.8812424107425074e-09,6.043244629496971e-09,8.360677731031394e-09,1.4813863832959833e-08,-1.7053600160455595e-08,2.170140154396833e-09,-6.220077089215365e-09,3.132039074080309e-09,2.078480170081299e-09,6.175160138124801e-09,9.598818074812147e-09,-8.5604657282084e-09,1.3768656506489386e-08,-2.9577468109905593e-08,6.398471299585587e-10,-3.101899189771667e-09,5.266928449549361e-09,-1.563875957652806e-09,4.956209391704287e-09,8.605365955905393e-09,-4.391442295842662e-09,2.669601945021354e-08,-3.404022010296901e-08,6.301922478059356e-09,-9.278351609646599e-09,-7.250154794548572e-10,1.210313776517435e-09,-2.234145759725141e-09,-5.405363996940379e-09,2.0108805490725243e-09,-1.3302140003603099e-09,-6.569128347505079e-10,4.066510457882182e-09,-5.072592704018749e-10,-2.2912547730637388e-10,-3.394715678130231e-10,6.369892319815392e-11,5.405037901925956e-11,-1.2568383327715972e-10,8.028991924875724e-11,3.806843509009886e-09,-7.219082160415951e-09,3.832238726616124e-09,2.219524830933581e-09,1.6529252375058012e-09,3.8417233291536055e-10,-1.235701651881282e-10,3.472121224203001e-10,-1.232266161860159e-09,-3.649349259131093e-10,-7.546387540492233e-11,1.7908117128835134e-12,1.2341092099962053e-10,-5.08334931186683e-10,-2.6861877132432144e-09,3.0187277926140837e-09,-8.633691375997618e-10,-2.7401004410161918e-09,1.9082999056112364e-09,-3.255674605048189e-09,-3.200740908759489e-09,1.101787106838328e-09,1.2285011549600326e-10,-1.6950355878340953e-10,5.984701179250899e-12,-6.095347361401199e-10,-7.596414796780554e-10,-1.2150102346025584e-09,8.753656664526639e-10,9.258251119328836e-10,-1.0074194420908504e-09,9.309084403705481e-10,1.8967876115166257e-10,-9.804554738672915e-10,-5.541943929150993e-10,6.43926095393591e-10,-1.1133794657071781e-09,2.5227461600078114e-10,-2.2385648496556894e-10,-3.790953307716923e-09,-7.761238598228954e-09,8.201291482573576e-10,-4.161649656421486e-09,3.2313190563932516e-10,4.165801253375645e-09,-1.4984764853464335e-09,-1.5585751271053119e-09,1.327194122374719e-09,-2.0964708326355173e-10,1.9273357605767223e-10,-1.2602103061962197e-09,1.1909254306481053e-10,1.4951161879106347e-09,1.2034944773456858e-09,-1.978747171404236e-09,-5.482963045551289e-09,-1.6390568076430048e-08,-5.781236188541861e-09,-5.8934632557061754e-09,-3.126993009055117e-09,-2.33063953617127e-09,1.560144479515635e-09,3.113569107542187e-09,8.221315353693272e-09,1.9226545074041917e-08,-3.042791671294723e-08,-6.3919776932525634e-09,1.5922820996806856e-09,7.279391515559848e-09,2.959310040093716e-09,-1.4580780431496827e-09,-1.0620710145285783e-09,5.4519452160778174e-09,-2.6857459481320577e-08,4.044179079902551e-08,8.975638063131105e-09,1.2231898749430579e-08,3.668045483107785e-09,3.6767414896241437e-09,-1.9360050787708355e-09,-3.3318263691170854e-09,2.2322019084150585e-09,4.5554407598446065e-10,3.9574111522872043e-10,3.4014702401777087e-09,-2.8877441904616906e-10,1.5998769581162312e-09,5.998268699721672e-10,5.317416633403048e-10,-2.1739392186241767e-10,-7.17058318692556e-10,-5.611036603669502e-10,-2.7604959588210273e-09,-3.886734346306456e-09,2.3224070391360993e-09,1.161686906427518e-11,-2.6517244184846314e-09,1.9415819613741226e-09,-1.560014989012717e-09,-1.1905524192970448e-09,-1.1835381668584945e-09,6.064440721823921e-10,1.706068520068143e-09,-5.429449235914808e-11,-3.957125283357031e-10,5.2348656305954624e-09,6.431479638527389e-09,-1.6372840897256574e-11,7.402066811703701e-10,5.19123174856305e-10,-1.6610621710606195e-09,1.1928731351209467e-09,7.252314082070636e-10,-4.306516949891425e-10,-1.9876016121819856e-10,-1.0550973728448093e-10,2.8582057651820707e-10,2.1527243019433873e-10
treat_p11,4.484668387565514e-10,-1.0581203278797863e-09,-6.107651786298916e-09,2.7211581863185104e-09,2.18582048120363e-08,5.686421690678278e-09,5.623983314242562e-09,-5.8507385325830835e-09,-8.101786356018467e-10,-6.715991308960479e-10,-2.7636874489987624e-10,-4.034783476026045e-09,7.347654561052807e-09,7.512104759300143e-09,2.752382359316918e-09,2.0130471437527144e-09,3.377511883527784e-10,3.1800934478643024e-10,-2.379572543677319e-09,-3.0130682832504062e-09,-3.253604205087425e-09,2.478080947790108e-09,1.495652373153698e-08,-4.4962437341842365e-09,6.885387070112958e-09,6.590981693473696e-10,1.6991211891554008e-09,-2.6538938748369116e-09,-3.320448324274343e-09,1.6647783902088143e-09,6.638031088629107e-09,1.1061814404023362e-08,2.5902710992561565e-09,4.385212133006881e-09,-6.173297188493881e-10,2.3856044251616024e-09,-3.4467408857556296e-09,-3.372599883833561e-09,1.2385828652452058e-09,-7.832731072778846e-09,1.5673168281044792e-08,-4.5639614108598306e-09,2.5458491828908125e-09,1.219244277855548e-09,4.070096933457348e-10,2.7756835733280005e-10,1.1933950907964152e-09,-6.975028982138118e-10,-2.582280877166631e-10,-1.3724030598770507e-09,-5.072592704018807e-10,1.6913428573937991e-09,-1.52515582652627e-10,-2.5565880987067036e-10,-5.24270697885069e-10,2.738649178384492e-11,3.4022954992081357e-10,-1.3840451473436422e-10,-1.4908012486272237e-09,1.8217018923914817e-09,-9.936257917501647e-10,-1.1164139849533598e-09,-8.463041854622342e-10,6.842511992741688e-10,-2.778005818008841e-10,-4.2410085856140824e-10,7.730808246661366e-10,2.6819424413849756e-10,4.371548768860684e-10,3.5518439379606255e-10,-9.8452225520087e-11,-5.287744139886602e-10,4.956117817253228e-10,1.3011277796516698e-10,-1.7940832532208917e-09,2.523332782664701e-10,-5.118049423037378e-10,1.5801308322934333e-09,1.819921545590361e-10,-6.705998264300028e-10,-4.104432907653266e-11,3.8508263601898687e-10,1.9835987183729813e-10,2.9286656630131355e-10,2.494200183445955e-09,8.292696585163391e-10,7.531415226112821e-10,-1.58028176344115e-09,-3.2832782387972766e-10,-5.039057053895495e-10,2.352682864689379e-10,-1.734749171820105e-10,2.1888346058839513e-10,1.3642711717545253e-11,5.253886064072181e-10,5.240584012922092e-10,1.2672625315535125e-10,1.666532421449231e-09,3.1632681544308358e-09,6.373895983115769e-10,3.633421605054852e-10,-6.926378059235376e-10,-8.697509506080532e-10,4.983817786724782e-10,-5.895544058712406e-10,-7.534666728215814e-10,6.115046778519008e-10,3.901884877695248e-10,6.893744571113483e-10,1.9291264663865723e-10,-1.6309696794248611e-09,-3.0322033552947618e-09,-6.213032797478086e-09,1.0313325254487491e-08,5.66941516091887e-09,-2.4091591229612137e-09,4.509234307900965e-09,1.948879120465933e-09,4.542703404866176e-10,-1.7886695571576963e-09,-3.884024222005088e-09,-4.598885739360924e-09,8.483988145939892e-09,8.31726429608493e-09,1.1198760302248365e-09,5.589696271463197e-09,-4.078051018563093e-09,-8.456508976515106e-10,1.2859416682984798e-09,1.352362030779664e-09,-2.6029792147456785e-11,1.7726812499642723e-09,-1.810083564777322e-08,-2.76770139520885e-09,-7.517857375337923e-09,-2.3776320983221717e-09,-2.3682668960542434e-09,5.677584213860091e-10,9.952498259703494e-10,-8.491908427952114e-10,-1.3563111791444528e-09,-8.847201620760227e-10,-7.93645218388843e-10,2.89883729249242e-10,-4.303029023544371e-10,2.2238733997616762e-10,1.9321529946603437e-10,9.641344438343323e-12,2.147999265937552e-10,9.501505239806688e-11,-9.289134039174492e-10,5.180201990730871e-11,-1.6286252818459007e-09,-6.909460632777703e-10,-1.1883514734416677e-10,-1.160355290278534e-09,8.640722228673066e-10,-6.764298114050974e-11,-5.1197288316212776e-11,-9.446492098163032e-11,-9.129289666047633e-10,1.3186888813101785e-10,1.8833045880230549e-10,-1.7639501073390203e-09,-2.0468978001891937e-09,-7.698616819713623e-10,5.448954725209756e-10,2.3685817157516883e-10,2.2152731004465286e-10,-5.879916220138604e-10,1.9237070340050206e-10,9.519103595937088e-11,-8.962148897338913e-11,-5.724043425723326e-11,-3.0800573341439225e-10,-1.8788546743241633e-10
treat_p12,-1.0732565654653009e-09,-2.5360627192669262e-09,1.957516419265344e-09,5.4897429652015214e-09,-2.815063693045495e-09,2.497991899703243e-10,-9.859051339475263e-10,1.3478585206437067e-09,3.4311730244457245e-09,3.096473198158222e-09,-4.1193619365620025e-09,-5.199250440695233e-09,1.067030191995815e-08,-2.861547599678867e-09,2.2146126955184187e-09,1.426532809310649e-09,2.9490633604284103e-09,6.337753942044196e-09,2.6229243285654462e-09,-4.154798701716697e-09,-2.6363675928452443e-09,8.620261360299259e-09,-3.1347132631852375e-09,7.530774054702439e-09,-2.7292805173015534e-09,-3.521298098475189e-10,1.485590752629394e-09,1.2718546639707329e-09,9.84397993621927e-10,-4.900883179999372e-09,9.837747723464853e-09,-8.688032971523388e-09,4.722457554250443e-09,1.19656432730287e-09,2.7327206001957976e-09,2.0785256342491292e-09,5.798174241323437e-10,1.9032654146008242e-10,-6.235276631730769e-09,5.72423569796557e-09,-9.918268268055892e-09,9.880289810607294e-09,-7.300739088250518e-10,-3.393520857232253e-09,2.90723543010044e-09,-1.6568798497483142e-10,-2.2318265243508452e-10,-3.787998642398646e-10,5.773110013966568e-10,1.7741570400080264e-09,-2.291254773063798e-10,-1.525155826526298e-10,3.223840294622575e-09,8.649468248977172e-10,-8.125277513757363e-10,5.054524000212937e-10,2.0087255126466226e-10,-4.952961394556038e-10,2.2723169453718216e-09,9.673867996234212e-10,5.500999401832089e-10,8.141128256240289e-10,1.337325052500191e-09,-4.6565971095859735e-10,-4.592648604912992e-10,1.0964006416751865e-09,-1.4523587929908309e-09,-1.310435237128696e-09,1.5466697216616115e-10,6.834774238010604e-10,-4.5993793920540394e-10,-2.029485520809331e-09,1.6116868233436716e-09,2.1378860499691523e-09,1.3442676240449925e-09,4.56452596791216e-10,8.470694270125416e-10,-6.130306511450015e-10,3.483616208474989e-10,5.641269772990447e-10,5.108510528101741e-11,8.180169358375694e-10,2.058577341732524e-10,-6.198061889482391e-10,-1.1346626876423314e-09,-3.3293201359564984e-09,-1.1602738064763113e-09,1.4194250412992135e-09,-1.1938308096274456e-09,-7.520902952660903e-10,-1.11118303050325e-09,9.365994692763607e-10,-9.653855709622727e-10,-5.555614723255157e-10,2.4681326710808594e-10,-5.609433112295246e-11,-4.079214686482865e-10,-1.977680846145151e-09,-3.4144008986494816e-09,2.5412684281372646e-09,1.7228692090577886e-10,1.654440857991047e-09,2.679744447144725e-10,-1.058143003761904e-10,1.7150249610496522e-09,1.152672178238757e-09,-6.728864290704759e-10,4.7392844865235293e-11,-7.353433737328127e-10,-6.573954966898486e-10,-9.592775445361288e-10,-1.7385405064235722e-09,1.1390934653992293e-09,4.682701739949556e-09,-8.609711576304921e-10,2.171916397623265e-10,-1.0661642622783926e-09,-2.7524644160769575e-09,1.290735282694155e-09,1.0537820636489287e-09,9.375432903441388e-11,-1.967192417341158e-09,3.756842751871206e-09,-2.1831462043681856e-09,-9.0621512142717e-10,-6.592285557824595e-10,-1.646376148910475e-09,3.2050016664272996e-09,1.6311673036479606e-09,3.429867768714631e-09,6.723547572210562e-09,-1.0425343608569897e-08,7.602349197909024e-09,-2.036719011132664e-09,1.6797794874384493e-09,2.424009011591489e-09,-1.8113069356163537e-09,-2.100693739544298e-09,-9.427705391078046e-10,1.7505356644283633e-09,2.326445042096343e-10,6.955814847146938e-10,1.465771311418381e-12,-6.071278637939209e-10,1.1887141580305192e-09,-1.7894575877966005e-10,-4.3336689650392504e-10,9.936484370137902e-10,6.63804299493389e-10,-1.4412109904969433e-10,-5.588628289750751e-11,6.299396477458673e-10,1.739389798666179e-09,1.6225975784426813e-09,6.192910704512945e-10,5.967117342356522e-10,-1.5737396455222765e-10,2.2208882403060467e-09,-6.969410146273083e-10,-3.500729270773508e-10,1.3324211356480785e-09,-2.1345416331244047e-10,-5.962770711767463e-10,1.2948727320877036e-09,3.721497134371156e-10,-8.896078957117378e-10,-4.988420588353299e-10,-5.687649348034963e-10,1.0749069519875108e-10,6.168001801006345e-10,-1.1449774253835962e-09,5.554887530354264e-10,5.81413738758511e-10,-6.147693019270314e-10,-2.0906577404163094e-11,3.6054459857327924e-10
treat_p13,1.8743183366211734e-09,1.5153040977764043e-09,-5.311790138843242e-09,2.1951976839297785e-08,-1.9023985709097136e-08,-1.4626339033368024e-08,3.922894492659648e-09,-9.325108760123624e-11,7.829178812185706e-09,8.611693456770366e-09,-6.022437114049217e-09,-1.8098949095600644e-08,2.7505656020143037e-08,-1.4963221980787186e-08,-1.1269111031732738e-08,3.878143511409806e-09,-7.892532541036453e-09,5.343935878976556e-09,6.8706127385823745e-09,-6.931175778733258e-10,-4.968982111296606e-09,2.835019211527957e-08,-1.7150096024172437e-08,1.1931428508159906e-08,-1.0430359242219623e-08,-4.223396230234567e-09,5.51097141743977e-09,1.1857593249500237e-08,4.36736741537254e-09,-2.388413389558535e-08,2.7726667702786575e-08,-1.2268964545364874e-08,3.0664209720504015e-09,-8.765265053479345e-09,-8.960389523460694e-09,-8.12138257317326e-09,8.018048470253588e-09,1.5250267435474697e-09,-1.3454412696472386e-08,2.5099444341743937e-08,-2.8677429839135944e-08,1.3381949178526337e-08,-2.720721316943787e-10,-1.1220602901187733e-08,3.73426761251845e-09,-1.3574936749002097e-09,-1.4364997517700686e-09,-2.009678913542717e-10,-1.652640801297125e-09,9.755443046492191e-10,-3.394715678130223e-10,-2.5565880987067465e-10,8.64946824897727e-10,4.4538231565821206e-09,-1.1146767622006925e-09,-1.8159410366644695e-10,4.985868057589596e-10,-4.271111902111026e-10,8.649739686109769e-10,-4.8592116998768456e-09,1.926672573612907e-09,-1.7385846495147182e-09,1.4709228626878085e-09,-7.985890205272824e-10,1.658009783940885e-09,1.6458297266334973e-09,-6.163732987474431e-10,-2.095683469447884e-09,-4.726912371230928e-10,3.2877400523887575e-10,-2.447310326324684e-10,-5.320938709168812e-09,2.6432007995470397e-10,1.0440633490302617e-10,-1.2079891959599854e-09,-3.6041346987701944e-10,7.643071090470337e-10,-2.602693190198233e-09,-1.9258901661297038e-09,1.3193110012607978e-09,-7.322319094773172e-10,2.9730095697038394e-10,-7.941593493405143e-11,-1.1401753018651664e-09,-5.132913786537864e-09,-7.998038904083963e-09,-6.153967390388434e-09,-8.571503215018496e-10,1.893498992863295e-09,-6.865194164885301e-10,-2.2984502859877496e-10,4.149698709181991e-10,2.599283317188599e-09,-1.4000239158277045e-09,-9.60359547599701e-10,-6.25586798318469e-10,-7.729916407124402e-10,-4.2666913058071376e-10,-6.067412716447193e-09,3.8106081634170705e-10,-5.159439098039438e-09,1.3271355426224273e-09,-4.291591067115262e-10,3.4554425146445616e-10,1.4919851296317775e-10,2.685994774001549e-09,-1.5655993720453932e-09,1.0635912341552811e-11,6.774960842673389e-11,-1.0932138876250844e-09,-7.278560732614087e-10,1.314832278146707e-09,9.4537146141615e-09,-3.6109328861191924e-10,-5.385326424513625e-09,-1.1867774594823926e-08,-6.33250086509597e-09,-1.123918544693244e-08,5.89719267530031e-09,4.955254886422327e-09,-1.7782729316022579e-09,-3.405041080895944e-09,4.6702324415608936e-09,-3.023205377585876e-08,-4.791456501457501e-09,8.414249729297866e-10,-7.000351644447735e-09,9.225449837395055e-09,-2.4403939255649037e-09,5.456392530112462e-09,4.826682641884841e-09,-2.4634109539048097e-08,3.481092741739526e-08,1.0379554138459201e-08,8.686071904109199e-09,1.1687243075179288e-08,-8.22668896859599e-10,-7.855049088156076e-09,-4.179565537565312e-09,3.335014985851038e-09,-1.020696299772513e-09,4.378365995966038e-09,2.413598992379472e-09,-6.077154492478327e-11,2.525442591651145e-09,1.425367546800949e-09,-2.4210260253076495e-10,3.8255065801073437e-10,7.065010521454078e-12,9.689939878091073e-12,-2.942826022156037e-09,-3.161554304635685e-10,3.345212559625022e-09,-1.4623530802578215e-09,7.334047041765783e-11,-9.53284653319371e-10,-1.6501713375584427e-09,-3.975534485718086e-10,2.2915754525750466e-09,-6.950529070023458e-10,1.1297942855635783e-09,3.6359799475972035e-10,-1.0439423282526619e-09,5.882623616944593e-09,4.22515436264651e-09,1.042996210137876e-09,2.0165374869984514e-09,-1.995912807840015e-09,-1.9283557038167922e-10,1.4741237801348367e-10,-3.502605354448699e-11,-1.5470153773050369e-09,8.205964426263238e-10,-2.6993500225250407e-10,-3.7908206671849186e-11,5.832603090640145e-10
treat_p14,-1.6606388980625675e-09,7.637321592589602e-10,-6.7579748575289e-09,-1.8888810060909524e-08,1.3592397998109002e-08,7.031222196526914e-09,-1.896318653263765e-09,-1.9976686005791043e-09,-8.066215768916942e-09,-8.725300760598196e-09,7.094681739297212e-09,9.468678253195828e-09,-2.5216673794671943e-08,2.4334155037629818e-09,2.6114062157918273e-09,-1.7413858553101302e-09,2.333712565308331e-10,-8.659634996067276e-09,-6.812636158010174e-09,3.871858490927855e-09,-1.7313843105908123e-09,-1.3091867713059503e-08,3.781747303289485e-09,-1.4393903515150607e-08,6.96137512520363e-09,-6.245567684625725e-09,-6.365481151989917e-09,-8.057031212563347e-09,-5.693019517560099e-09,7.251499074241589e-09,-2.5988508957110918e-08,1.6620110359352346e-08,-4.740308122611456e-09,1.4072263374065633e-09,-3.5258350643058546e-09,5.192507237845143e-09,-3.031518956254117e-09,-2.3230446511596565e-09,5.635214349033682e-09,-8.55450271856778e-09,2.4485212013703827e-08,-1.4123550296050707e-08,5.660641115927479e-09,4.7599616364948615e-09,-5.743130060984851e-09,2.988573590044981e-09,3.6125935948596992e-09,-2.0903252067934377e-10,2.1562212684565475e-09,-1.9706125791414282e-10,6.369892319814941e-11,-5.242706978850745e-10,-8.125277513757406e-10,-1.1146767622006914e-09,3.4152961225457956e-09,-1.9701552258055552e-10,-5.270716146822612e-10,7.79668611118142e-10,-6.932869979679857e-11,2.828583278591085e-09,-4.9647375814494185e-09,-6.79946243200473e-11,-6.643861188942379e-10,2.0806935500373105e-09,3.796902561966693e-11,-2.760585495250424e-10,2.1940278172947736e-09,2.010144929980302e-09,-1.1262650687946792e-09,-8.368376390355061e-10,7.569985206105653e-10,3.4693780293883988e-09,-1.36093906563986e-09,-4.3496683180440925e-09,1.0546218505872472e-09,8.597729770520159e-10,-9.144093727430595e-10,2.32981931189815e-09,3.0282799731838466e-09,-3.9019453929672063e-10,1.5823456151579167e-09,-1.1936965101023809e-09,6.749474635039555e-11,1.075398678147794e-09,3.463266149435936e-09,7.392766956000219e-09,2.48966358271622e-09,4.638335281353543e-10,2.235565247521404e-09,2.093771995200834e-09,1.3573135204224675e-09,-2.2762267085775899e-10,2.253331769019986e-11,1.6967933869654522e-09,3.1380399333900277e-10,-2.8315397333309523e-10,7.352091532329405e-10,2.676138959713522e-09,8.546115134297338e-09,-4.867770112019775e-09,4.4442418459550125e-09,-2.3183946660937283e-09,2.9527853751556066e-11,7.358122067033045e-10,9.2704379460568e-10,-1.1813426911696437e-09,2.098008545083334e-09,-7.214316776063801e-10,1.1111668034108063e-09,1.0924291632134526e-09,1.371665758380701e-09,-1.3383558666388453e-10,-3.8454828300689184e-09,-3.541139698412545e-09,-1.600315873130147e-09,1.0324005714405922e-08,1.5043932163674342e-09,1.5340338043887816e-09,-1.2713327256001398e-09,-4.005687880529115e-09,4.4286425846678845e-09,-9.482042259278355e-10,-2.0068275932134853e-08,1.5866579106080306e-08,6.481111212991529e-09,3.893074844994421e-09,6.948996044304217e-10,-5.986442264458343e-09,-1.2907454124151558e-09,-6.7140545352449745e-09,-7.459511474494872e-09,2.925633266598204e-08,-2.055689951816741e-08,-2.7040728767962887e-09,-7.068977942714119e-09,-4.733329182379587e-09,5.925724568195727e-10,4.38024416036438e-09,2.9995000772537577e-09,-5.289453425306649e-09,9.457090942832425e-10,-2.374405670817627e-09,7.817218739475102e-11,1.3438420673203115e-09,-1.882017202527615e-09,1.703225552666389e-10,8.818799503170677e-10,-1.3402502330392109e-09,-8.164564184715032e-10,-1.1116483238283654e-11,4.554654677503703e-09,1.8401260639246955e-09,-3.762949685270798e-09,-1.3939914092513095e-09,6.848296780601645e-10,7.62874905828332e-10,1.412380921973906e-09,1.4942058265763625e-10,9.75452832208755e-10,1.813775416385009e-09,-1.363030452140897e-09,6.4464873766142e-11,7.974453220723297e-10,-4.639213801159725e-09,-3.962199276754565e-09,1.1931346384838596e-09,-1.604648616472365e-09,6.510207034317359e-10,-4.1832839149757e-10,-1.3698988327089571e-09,-2.836729820227996e-10,-5.18646960209984e-10,-1.7573857240668914e-09,8.821645856031982e-10,-2.9332815198840584e-11,-4.652544968110111e-10
treat_p15,1.0735065020473441e-10,-1.0014119638148768e-09,3.893426547779187e-10,-5.80317459860718e-10,4.551163747817585e-09,1.3814470721075127e-09,1.3919194291345902e-09,1.1157275772741409e-09,-5.960659561456163e-10,1.8758358945380078e-10,-1.9254215049575943e-09,-3.970309922737902e-10,-2.0001592606730938e-10,3.2797924037409477e-09,1.883381713693147e-09,2.1667493817810054e-09,1.57415454261951e-09,-1.9515897444267782e-10,3.8402546883829436e-10,-2.04872674075447e-09,-1.2845571307298115e-09,-3.248186926357824e-09,6.66243676234071e-09,2.078355597027065e-09,6.939920010296845e-10,1.8644378677431017e-11,1.2994729113504408e-10,4.013002815251458e-10,-8.978800120311704e-10,-2.671207455488709e-09,-2.8297366534999355e-10,2.975730815044582e-09,1.7036552695299096e-09,2.6519287383034597e-09,2.216900688079882e-09,2.2781329263184047e-09,-1.0654514896363667e-10,-1.5161014067563937e-09,-3.763809672160448e-10,-1.0428059624457967e-09,-1.9968607034592874e-09,1.6774840741901605e-09,2.0026635374936777e-09,-6.940110505937824e-10,3.060015298943466e-11,-3.470736135532548e-10,-1.0895773803490446e-09,2.1240626300192104e-10,1.9031814994961227e-10,9.877335426615868e-11,5.405037901926117e-11,2.7386491783840167e-11,5.054524000212894e-10,-1.8159410366644997e-10,-1.9701552258055208e-10,7.322870569466669e-10,1.2530237012227266e-10,1.0172445057138795e-10,2.354289210140021e-10,-5.268781999374155e-10,7.707411328466264e-10,5.061130808084302e-10,-3.582613340440058e-11,2.6475945851582855e-10,-6.088653740252078e-10,1.0831362031594082e-10,-3.371942251195467e-10,-7.996382569212869e-11,6.067637269172207e-11,2.139406152001303e-10,-6.486713748569337e-11,4.880409333647289e-10,1.7899664801624397e-10,8.600564122419127e-10,1.6860983079506513e-09,4.330554098764217e-10,3.4076894185923736e-10,-5.647175703999207e-10,-1.4607507128828405e-11,2.476327064698508e-11,-2.2668414953903772e-10,6.619980048257187e-10,1.332765449845537e-10,1.3344770713485183e-10,8.639060922888987e-10,-1.6218382004455911e-09,1.5187730970398812e-11,1.0888615799158157e-09,-5.578233485649226e-10,-2.9818982781026416e-10,-7.626913102257469e-10,1.396726183383388e-10,-4.969758531658497e-10,-7.034045280875155e-11,5.175450745560735e-10,2.1999666469695827e-10,8.930971185980784e-11,7.151928715781892e-10,-4.663328622489907e-10,1.3969594360748314e-09,1.1441727369042799e-09,5.212419382215937e-10,5.493640338518099e-10,-2.8138433508566385e-10,4.939673776876339e-10,6.162411036540303e-11,5.527965439440148e-12,4.1508359302734403e-10,-1.3253099033381463e-10,-8.959540444888934e-11,8.911330647459403e-10,-6.816933972379727e-10,5.928464447926228e-10,-3.76058733810703e-09,1.2525200642473158e-09,3.043225983386263e-09,2.115183498815998e-09,1.2393931004888604e-09,2.5723172704951743e-10,8.675550197931789e-10,-6.431857942227612e-10,-6.041237314230196e-10,2.162088723273111e-09,3.812304915267257e-09,2.195912745660546e-09,3.7319277951255855e-10,1.157068815980876e-10,-9.12719719307904e-10,-6.116299070656504e-10,1.1799437900557905e-09,-7.017628165495713e-10,2.333196637446021e-09,8.06245175456803e-10,-3.2691884857807267e-09,-2.6218251874427832e-09,-7.070016650817603e-10,-2.669712649948171e-10,-1.3742655702709495e-10,-1.1842967165304273e-09,4.117702766214813e-10,-3.1604304307277215e-10,-5.66797176340255e-10,-1.4216348576816517e-10,-4.5030761298523576e-10,1.0406143851602774e-10,-2.2164546495223437e-10,3.1605107530006375e-11,5.669036092615432e-10,2.1991962672011232e-10,9.342665374378626e-11,-1.1389818220493122e-10,-1.0406707833653757e-09,-1.210668529406715e-10,3.545261290164845e-10,-1.0485962268666491e-10,-1.083444286316038e-10,-6.265711688113707e-11,4.512226561670046e-10,-4.0383371001571454e-10,1.4979544923605552e-10,5.523792231374983e-10,-2.5178207356002524e-12,8.976235238429101e-11,5.2957828621757006e-11,8.012365835054073e-10,-4.3383367747655055e-10,-6.126835942273052e-10,4.6175304623220885e-11,-3.534048610952501e-11,3.8097730752780667e-10,-1.6157446136915768e-10,2.2335989673943653e-10,1.5872121277544912e-10,-5.356524403627332e-10,-9.873974591008502e-11,-8.123983122216773e-11
treat_p16,2.8127132160761925e-10,1.5716835310094445e-10,-2.2725398884395943e-09,1.194797601232349e-09,5.63795363769298e-09,6.240464257523582e-10,3.3418956185192025e-09,-2.8052985760105295e-09,1.0048802595375093e-09,9.61987090025198e-10,-2.431797455951861e-09,-6.125922355444868e-09,6.420096053224227e-09,3.001548287050305e-09,2.796565002468647e-09,4.275205807286922e-09,-2.1236356545298888e-10,2.563506383304587e-09,9.866945144886992e-10,-1.4480861306575493e-09,-2.430646613152519e-09,4.829826645016842e-09,3.526170746212959e-09,5.248851424470411e-09,6.545233451707619e-10,-9.825307677888108e-10,2.0176331244053564e-09,1.5445958085053315e-09,4.657352590269527e-11,-4.390876523953753e-09,8.736787806872863e-09,1.9053158647236943e-09,4.9412546056653355e-09,3.0683260028999267e-09,1.065919063245737e-10,6.720259164092092e-10,-1.4428677462443832e-10,-3.668131839730163e-10,-3.761780442782897e-09,2.209964631478519e-09,3.484834084853744e-10,2.6728934503110697e-09,5.37414247707202e-10,-2.6494433322214945e-09,1.6974289732990899e-09,-7.072229044473944e-10,4.693515486130877e-10,-5.394961901978929e-10,-1.224621808243075e-10,1.1166178417157962e-10,-1.2568383327715884e-10,3.4022954992081145e-10,2.0087255126466342e-10,4.985868057589604e-10,-5.270716146822589e-10,1.2530237012227498e-10,5.669726348936498e-10,-8.93247509397968e-12,8.059210267397322e-10,2.1529246314556835e-10,6.232338621667103e-10,-1.4742693684702345e-10,-1.9671768928427158e-10,4.839082860101713e-11,-3.085581128545549e-10,1.0287725957839853e-10,1.28405243192328e-11,-2.838122845971208e-10,2.381031636640681e-10,4.3804025220990037e-10,-1.0640222549438975e-10,-5.276935999279007e-10,1.1509557114595073e-09,4.634545712218566e-10,-7.987632212521899e-10,1.699467321192997e-10,6.026586558014095e-11,-3.933295826941652e-10,-9.609455042624165e-10,6.581184995606306e-11,-2.5953454232260497e-10,4.680178005804374e-10,5.162402082720997e-10,3.478295641106197e-11,9.357920736592463e-10,-1.402064511095529e-09,-4.182175671551231e-10,1.4909448038156733e-10,-4.19719560524967e-10,-7.97305643940712e-10,-3.9341640960035167e-10,1.6214039943660911e-10,2.046256592856293e-10,-1.6993843033699475e-10,1.396798172081239e-10,4.1019265416941957e-10,-1.0603915638939378e-10,6.42800241809209e-10,6.53330254536446e-10,1.1263155733937668e-09,-5.75777134106401e-10,1.2393111636713553e-09,-3.314705317604958e-10,-4.2784816295144867e-10,1.6086652750978772e-10,4.242216015938681e-10,-2.3633778270375392e-11,2.9539948535989265e-10,1.0107918781270242e-10,3.815570315350092e-12,-1.0885469763044868e-09,-1.9881592730438387e-09,-1.3677244857288687e-09,-9.80878438082778e-10,9.097155017217528e-10,-3.5070580970947745e-09,-5.589358066919393e-10,-1.3738193611222733e-09,9.835952623052014e-10,-1.5736030658529242e-10,-2.4881183083537038e-09,-4.511077835272392e-09,6.87885423391633e-09,-5.278612051295043e-09,-3.2901780519564844e-10,2.958847529381593e-09,-2.58805901123183e-09,6.268586147236424e-10,4.2062834784536807e-10,1.477071567914817e-09,1.3785314610240309e-09,-3.614085765419863e-09,1.7484480435959322e-09,-1.2496772571320209e-09,-1.883276172683562e-09,1.6194196580429036e-09,-1.1913636669630235e-09,3.243370344641597e-10,4.448889135426171e-11,9.513504588416405e-10,-7.074391945028098e-10,5.817849763224488e-10,-2.3197305978668386e-11,-9.553440646334098e-11,4.779464268589183e-10,2.9100669403800055e-10,-2.130730906991252e-10,2.0443868148905617e-10,4.1579503907428675e-10,2.6023508252355437e-10,-1.368973292246566e-09,-4.84915136833279e-10,-6.318945791146362e-10,-1.3371491487467045e-10,-3.6386321733003164e-10,-1.1029050423623719e-09,-1.2955050358741533e-10,3.1999041539000386e-10,-1.2885997915951444e-10,-2.6251700499170874e-10,1.0885622078639799e-10,3.3127602652475034e-10,2.7520631681070507e-12,1.6987668231858853e-10,-2.48426382567192e-10,-3.2446200407983076e-10,3.69958264741654e-10,-2.757881368426451e-10,3.5649943338372556e-10,3.6357156388209793e-10,2.417239662758806e-12,-8.394059507518788e-11,1.862330775696388e-10,-2.477901449837811e-10,-3.173052491237394e-10,-1.0857662488345048e-10
treat_p17,-4.2026090911732e-11,1.87401534335493e-10,-9.470593170027546e-10,-1.1600113215274217e-08,5.981543271186094e-09,3.4128707004718464e-09,2.413974015852312e-09,-4.924296377708752e-10,-2.996603326745856e-09,-3.2693242370055184e-09,6.197976034692073e-10,3.356314850534347e-09,-1.2080745369722446e-08,4.471421678202567e-09,3.9090014080287135e-09,2.771403618342045e-09,-2.368044654143067e-10,-2.977500140873058e-09,-1.9648022890473424e-09,5.296070260229097e-10,-3.590405095716383e-10,-1.108263169276235e-08,4.716349992605073e-09,2.391544986884632e-09,3.39791701003394e-09,-1.2570867401809356e-09,-1.7002017234146957e-09,-2.112727072427712e-09,-1.9514767189893683e-09,1.455730711949857e-09,-1.1624544848303068e-08,9.80754433198734e-09,2.9791866247539192e-09,3.0957647018748494e-09,7.590505483517057e-10,1.3999828049958293e-09,-1.1689991981293957e-09,-2.150462024909895e-09,1.813021885260754e-09,-9.528472431035763e-09,7.433597396363745e-09,-8.33780460488095e-10,3.757729901536399e-09,8.014480989550355e-10,-1.7636618295681521e-09,1.7556887269638254e-10,8.342858888019277e-10,-4.6124480446572575e-10,3.62384466741864e-10,-3.4511382494473057e-10,8.028991924875472e-11,-1.3840451473437032e-10,-4.952961394556044e-10,-4.271111902110992e-10,7.796686111181424e-10,1.0172445057138324e-10,-8.932475093980937e-12,4.957491744072878e-10,3.650813652069189e-10,4.776210461068836e-10,-1.1010879426821913e-09,1.3472302648439327e-10,-5.834906019666794e-10,7.616277995583099e-10,-3.684510858266964e-10,-1.787410703046155e-10,5.702274483123483e-10,7.394300489523571e-10,-2.417663557406301e-10,-1.860801013982672e-10,3.429698154991371e-10,1.2276185278774115e-09,-6.535159352501741e-10,-9.813246902838198e-10,5.685080517762567e-10,2.320858786229956e-10,-1.3585557828331215e-10,1.1497593745250165e-10,1.7661907618494072e-10,9.833630833923192e-11,3.5689420585408524e-10,-1.7247117065328165e-10,9.671924071280909e-11,5.730140235734354e-10,1.3794175134834307e-09,1.7503218416145858e-09,1.1416252994613237e-09,4.5821675986050073e-10,-1.0832908546649615e-11,1.0942581547758402e-10,1.2956657201159e-10,-3.2843678812117424e-11,-1.2486131630589951e-10,4.607666124153597e-10,1.6208485633142176e-10,1.6687794909766552e-10,3.5525235132125866e-10,1.3527750158710846e-09,2.604594460482979e-09,-5.142282607179062e-10,1.2117143491728548e-09,-2.201925055808785e-10,1.1553479492011199e-10,-3.576754387694624e-10,5.0666785200296166e-11,-3.458090794920314e-10,6.306677211134457e-10,8.177603476348215e-11,1.925027302183183e-10,4.892661889568709e-10,2.5631187485826477e-10,-1.9861583203329336e-09,6.277314395592013e-10,-8.054450732552146e-09,4.4543697724373164e-09,3.904482486971316e-09,-2.0753101524840177e-10,-3.884690983687021e-10,-7.382022109691808e-10,-1.1760266734664314e-09,3.118279812340543e-11,1.2119057224156602e-09,-4.848410495343248e-09,4.689551727522728e-09,2.69250897882524e-09,1.624820176752471e-09,8.357841428099912e-10,-2.7898388639881035e-09,-5.093939876469759e-10,-1.2282415449078678e-09,-4.619621831426791e-09,1.4336988511553166e-08,-5.500363760833348e-09,-3.2019781663899924e-09,-3.465909362085158e-09,-1.463159353216758e-09,4.095058415714778e-10,1.397751384460083e-09,2.0573772453846571e-10,-1.8007830786170112e-09,-4.6355201301391946e-11,-1.040513647165087e-09,-1.4592119738524196e-10,2.1529366747615873e-10,-6.648782183428461e-10,1.6623907159033415e-11,1.5900626432461425e-10,-3.648133174072121e-10,-1.90342295290895e-10,1.9305508809836182e-10,8.612195147745733e-10,-6.960609358638895e-10,-2.08970300818943e-09,-7.507673128938456e-10,-3.863126582743142e-10,-5.22263436068337e-10,4.165989465260971e-10,-3.045236126748626e-10,1.8768648174785014e-10,4.927530403234009e-10,-3.579978156460512e-10,5.7580558750346244e-11,5.013182820814348e-10,-1.1861429504278587e-09,-7.310825884609449e-10,3.864412035656156e-10,-3.8547348645788254e-10,4.155964471336653e-10,1.758508082522139e-10,1.3201883435760511e-11,1.2945875273811496e-10,-2.1052285486477868e-10,-4.573083235559503e-10,1.3529626940094067e-10,-6.68722883532379e-11,-3.5924678625879247e-10
L4treat_p5,-7.191698468451423e-09,-1.5221192792684287e-09,3.000775392029459e-08,-4.88711022485965e-08,-4.2702375780506183e-08,-8.99163804571819e-09,2.6480078453198425e-08,3.3301516763601643e-09,-1.1091011850495014e-08,-7.474470553284512e-09,-1.4990705381855493e-08,3.2978079519934598e-09,-3.6004850916450555e-08,2.970935016205061e-08,9.604721688063643e-09,3.3538231280871225e-08,8.601830998238076e-09,3.865540034305888e-09,-1.7274301949669593e-09,-2.036593572733882e-09,1.464129363113344e-08,-4.10436301521195e-08,-1.378501417759948e-08,6.106981073950652e-08,2.8472356505665815e-08,6.878216220315976e-09,5.402357599505374e-09,5.176835157357726e-09,3.999296740373133e-09,-1.0889268940965852e-08,-2.1866364743902843e-08,1.3859118877277976e-08,2.6942747224985302e-08,2.4767756337989637e-08,1.68766765144598e-08,-6.251836013110328e-09,2.316411610079281e-09,2.2894085185279195e-09,1.864204040488542e-10,-2.0066417038994177e-08,-4.993843370024769e-08,4.478891838369649e-08,1.7812770647771227e-08,-1.9930472082270153e-09,1.1182218655119465e-08,1.4699545262219184e-10,-8.687315267624624e-09,6.394998458022281e-09,3.935050909322706e-09,-2.3493592884607403e-09,3.8068435090099394e-09,-1.4908012486271962e-09,2.2723169453718287e-09,8.64973968610969e-10,-6.932869979677743e-11,2.3542892101393156e-10,8.059210267397537e-10,3.650813652069085e-10,3.579537030747049e-08,-6.304436380235063e-09,5.924319492208605e-09,9.704348447588244e-09,-1.0557256404138036e-09,-1.944372240847088e-09,-1.4054604298437685e-10,1.968882565219438e-09,-4.312014486309747e-09,-2.833531755909151e-10,2.055685011804911e-09,2.264384842346072e-09,-1.5220095956193496e-10,8.189014164621547e-09,-4.1905366820928505e-09,1.364733091158374e-08,5.907411161624946e-09,-5.4625441027519704e-09,1.273689152718618e-10,-5.315132327391231e-09,-9.093726412691433e-09,-1.2932780425938232e-09,2.727160918867574e-11,1.049881299222622e-09,1.2554252494536722e-09,-3.85464641769532e-10,1.178401385216509e-08,4.2721129304652925e-09,9.745886754098104e-09,1.1292182640918985e-08,-1.0436831545235763e-08,-4.124033507990188e-09,1.2421005876853828e-09,9.7916731510495e-10,8.648034257715452e-11,1.5071329374829047e-09,-1.2772469738637884e-09,1.2764924378501749e-09,-1.1379564515084864e-09,1.6715325553879548e-08,-9.87609248182119e-09,8.273175602812714e-09,-1.1857274798865215e-09,5.050494650324225e-10,3.497977041065254e-09,-4.099077090373563e-09,-3.1895212494359252e-09,6.198819598459561e-10,9.373136072158775e-10,2.137386000619949e-09,-1.589284147681665e-09,7.690990382886148e-10,-3.9448780323646565e-09,-1.2257520554888737e-08,2.8355548393112667e-08,-5.4477354673580656e-08,5.175580405114379e-09,-1.3046450177637054e-08,9.748260260079283e-10,-2.8964548546270675e-08,-9.282611897787588e-09,2.0682395493631228e-09,7.958168016046346e-09,4.2140764067281724e-08,2.908872588046552e-09,-6.893752527000712e-08,9.05201436413294e-09,2.5587412414521015e-08,1.2599344425684117e-08,-8.461249058340948e-09,1.6028725818228697e-09,3.322459517193148e-09,-2.2794724237096054e-08,3.376349752907703e-08,5.7647407869432595e-08,-5.36024775697338e-09,-1.1307710350254989e-08,7.514718964310437e-09,6.764780467212311e-09,2.2891471063184005e-09,-1.4335271162726953e-08,7.674704819706757e-09,1.9606417397487963e-09,8.715288574491606e-11,3.105246856274779e-09,4.699760454096069e-10,3.822754296924174e-09,5.864754035158314e-10,-1.6426996476217968e-09,-7.243994871053037e-11,9.198144249137725e-10,3.2104733911862105e-10,-4.051363396191935e-09,-1.5809374085379534e-08,1.2650958912842266e-08,2.6339522495647097e-09,-1.0697296882617198e-08,-3.091736948409878e-09,-2.9625876985791484e-10,-8.847493489034904e-10,-9.85624833704268e-10,4.2858866425232516e-10,4.0698329253808574e-09,4.660828876921708e-10,-6.220502612565941e-10,-2.8689454153841737e-09,9.982954856244303e-09,-8.104206778204586e-09,-4.796912996446703e-09,2.598966058810762e-09,-3.264169738442581e-10,2.1050440844641233e-09,-1.620797197030825e-10,-1.0193636587384987e-09,-4.109612186815297e-10,-1.1373176566432253e-09,-8.445158439511779e-10,-3.6550910764834695e-10
L4treat_p6,-9.712252579847493e-10,-5.766496062742584e-09,-4.232793718737268e-08,-1.274417159606697e-07,1.9336638326095076e-07,9.403876012476057e-08,-5.435925414545107e-09,-2.6628756183908476e-08,-1.6863151428052767e-08,-2.6814713480313755e-08,1.2848257662960569e-08,1.84865186590342e-08,-5.136502110928858e-08,6.378401251999967e-08,7.297377848472599e-08,8.890663320069763e-09,1.7405249812350915e-08,-1.3005650801725574e-08,-2.0934482397067912e-08,-1.3498981902651549e-08,-3.01913823386879e-08,-1.0204584849585673e-07,1.0718765585111576e-07,-5.432572832853739e-09,3.491027854657351e-08,-6.83069615865613e-09,-2.0032439406036167e-08,-4.0512674618133724e-08,-2.7110997131264662e-08,6.08717025257424e-08,-1.192772440005488e-07,1.5030526136051015e-07,8.340119698083221e-09,2.8431329809217367e-08,1.0425053407375815e-08,2.6437865953880477e-08,-3.4706922760550185e-08,-1.8034079499943677e-08,2.0149203280710903e-08,-1.4287071874690724e-07,2.0391818913010554e-07,-4.1216952648233496e-08,2.0208248118308028e-08,1.9925783451812767e-08,-1.3007065973453043e-08,1.2792547790047924e-08,2.2235390835461543e-08,-9.4395811841086e-09,6.305003992041572e-09,2.674777531785942e-09,-7.219082160415931e-09,1.8217018923914397e-09,9.673867996234239e-10,-4.859211699876838e-09,2.828583278591054e-09,-5.268781999373969e-10,2.1529246314557019e-10,4.776210461068813e-10,-6.304436380234826e-09,4.468262389748359e-08,-1.9275494581632475e-08,-4.869998761958498e-09,-7.548126201134617e-09,5.64675045305342e-09,-4.261217554770951e-09,-2.850927798793259e-09,7.28875744341302e-09,6.540127207676093e-09,1.1915601322692167e-09,7.755145194937779e-10,3.032932345784405e-10,1.6709236790790195e-08,6.190048101168543e-09,-1.3594723043092712e-08,-1.887857479771399e-09,8.76143761978944e-09,-4.823718946048854e-09,1.7944880904313905e-08,1.1710763980225578e-08,-2.509964182352153e-09,2.688526967876662e-09,-6.715556184578259e-10,2.055205129774672e-09,4.55796336654588e-09,1.902781820527552e-08,2.532335710843924e-08,1.5175840928442576e-08,-8.476434055581011e-10,-3.986977315258112e-09,1.7526573834655723e-10,5.778058245227468e-10,2.355926150705564e-09,-2.757148850706906e-09,1.3790588751397797e-09,4.208237607899259e-09,1.9478842825440268e-09,2.1613569761517526e-09,1.777083231799175e-08,4.083892258917717e-08,-4.778083204266287e-09,2.061870018490256e-08,-6.47910626381718e-10,-9.532022323339958e-09,8.590060600731817e-10,6.456539814189791e-09,-6.841552324593399e-09,4.816996615771318e-09,-5.227121359043527e-10,4.438360824000648e-09,2.2047849207923467e-09,-1.1430616869913026e-08,-1.5201737266895828e-08,-2.9083433405192595e-08,1.2148611696590465e-08,4.112093094038673e-08,2.8107344878732724e-08,2.522387784141372e-08,3.311806254313337e-08,2.02265770479216e-09,-1.896326631048517e-08,-8.723548485794213e-09,-3.8878439425448725e-08,-5.8828954287733197e-08,1.0669856888963345e-07,3.326461619128888e-08,5.0060417643220785e-09,5.723220644963122e-09,-2.9512885477741485e-08,1.537990609596526e-08,-1.5431985827257862e-08,-1.5619260073232218e-08,1.3959480526646302e-07,-2.0178447743853457e-07,-5.864305778406806e-08,-5.752008290544476e-08,-3.4474537726850914e-08,-1.390090468846937e-08,2.737435604871176e-08,2.3999189787443484e-08,-1.1594595325021988e-08,4.87660609507839e-10,-7.750216289147558e-09,-1.1752052341203377e-08,1.6864555220731337e-09,-9.304992119069218e-09,-1.4206006671407074e-09,-2.7666290678342643e-09,-1.3300908430160621e-09,3.0732561764328623e-09,2.6784051015945752e-09,1.759152852230349e-08,1.0332853900264794e-08,-1.8296287825071788e-08,2.305542510769323e-09,5.312361680912567e-09,-3.301639667570737e-09,9.003053434855497e-09,8.095627145162965e-09,1.1030032193927188e-09,-1.3586701140111525e-09,-8.615591679585e-09,-6.441809229530271e-10,2.929658822357869e-09,-3.517788975898636e-08,-3.037223108848056e-08,-2.1905438814217e-09,-4.840645471155226e-09,3.196633893905539e-09,4.44448690298954e-09,-2.902156983403322e-09,-2.9218031150745347e-09,2.3751261325315716e-09,-2.086116492024158e-09,1.699302214915706e-09,-1.2756252098198773e-09,-2.1914454318877072e-09
L4treat_p7,1.8726239731009605e-09,5.037335108682015e-09,3.325772859428258e-08,7.39913307277319e-08,-9.837948705653642e-08,-4.6639387391400305e-08,-1.3204439589129597e-09,1.569340714582629e-08,1.585104514588905e-08,1.867923924400219e-08,-1.2970859535050092e-08,-1.2278975891488795e-08,4.109896880597448e-08,-2.4474541221392586e-08,-3.178312185225212e-08,-7.473957724586596e-09,-2.0997467244709304e-09,1.4776148303069529e-08,1.928653843597182e-08,4.346999060187955e-09,1.762690388581991e-08,4.3547151413638856e-08,-3.847505799550088e-08,1.9149543313107955e-08,-2.9994243855591506e-08,1.2767442764685344e-08,1.362672679228346e-08,2.9006763449113184e-08,2.047925496976713e-08,-2.6390748414078975e-08,7.131633490365964e-08,-7.706624449638921e-08,-2.695289829189226e-09,-1.2909054145980812e-08,5.620351304321276e-09,-1.7347269763819087e-08,2.0095776939854383e-08,1.680675592946507e-08,-7.618326150212843e-09,6.585280427818493e-08,-1.0558871113275476e-07,2.8967661122710364e-08,-2.0325097370419316e-08,-1.4025009512940921e-08,9.605135416043556e-09,-4.960518568235957e-09,-1.4683428593921108e-08,6.894782966692059e-09,-5.290474163884877e-09,1.0494306254191474e-10,3.8322387266160954e-09,-9.936257917501612e-10,5.500999401832134e-10,1.9266725736129227e-09,-4.964737581449359e-09,7.707411328466532e-10,6.23233862166702e-10,-1.101087942682203e-09,5.9243194922089594e-09,-1.9275494581632485e-08,1.8221989992838832e-08,3.3924542784613517e-09,4.4687561885907e-09,-4.596576987349435e-09,1.8196889592212685e-09,5.387854073681536e-10,-6.249603443837989e-09,-5.097355157034916e-09,1.16246900074444e-09,7.123721034284029e-10,-1.2151349179481447e-09,-4.878507032371734e-09,6.976141581070543e-10,1.2632329091198994e-08,1.6888928007369052e-09,-4.332810714607686e-09,2.6491056886549983e-09,-9.993369689115801e-09,-8.987842631013658e-09,1.9550149467029497e-09,-3.2919206181924633e-09,1.6919659489132733e-09,-3.6492723247964353e-10,-2.926188947222674e-09,-6.704044032825589e-09,-1.7731472610170987e-08,-5.327013077681074e-09,1.5490645244754846e-09,-2.3092767736011903e-09,-2.225362764449848e-09,-2.010174081289388e-09,-1.1053058175691833e-09,-3.778820455024642e-11,-1.8444044709308748e-09,-1.9777906728254934e-09,-7.408380396544536e-11,-1.7234071612543823e-09,-8.749408456478899e-09,-2.719678096820376e-08,9.385965621467009e-09,-1.3343370945232598e-08,3.833195671024362e-09,4.057846981944752e-09,-1.395477194276259e-09,-3.6454321437918025e-09,4.098551301145188e-09,-4.3587993013649804e-09,1.0256059690514608e-09,-3.6730519229467256e-09,-2.1948961971655237e-09,6.850731905935054e-09,1.4028302426558666e-08,1.6793271402839e-08,-1.2236005966008e-08,-1.6063651890292818e-08,-1.8829360024805477e-08,-1.3253010677918408e-08,-7.992543155502023e-09,-1.199106625676538e-09,1.3737541100434212e-08,1.4874815560614013e-09,1.462044827668497e-08,5.5356501285971055e-08,-6.100564420488302e-08,-2.035865947206722e-08,-1.4808339383847439e-08,4.197199298265048e-09,1.6307557793982364e-08,-6.3498103061867226e-09,1.0631938658575922e-08,1.5416151631315575e-08,-9.001079104495273e-08,1.0157800053201791e-07,1.8360000346713657e-08,3.246942337529458e-08,1.4288084181850606e-08,6.052845779326077e-09,-9.83145329872216e-09,-1.1929555053525835e-08,1.383137257640374e-08,-6.561607945265996e-10,5.983375837807876e-09,3.3576091349874222e-09,-2.762449094373122e-09,5.0706698490956726e-09,-2.47897005050121e-10,-2.9730488435709914e-10,2.352009942754184e-09,7.14216418742393e-11,-1.090452169009992e-09,-7.719468825968988e-09,-5.722095934078618e-09,1.3582084884649417e-08,2.4209581200092216e-09,-3.236573149821187e-09,1.7471474383071317e-09,-5.717013551940931e-09,-2.5073172973920976e-09,-2.574709574150506e-09,-1.48125274721392e-09,5.2960972281970265e-09,3.1747802567013506e-10,-2.1202708053456344e-09,1.5409211618446065e-08,1.709139733959049e-08,-2.8342083206162217e-09,2.8297096448232287e-09,-1.710028948872769e-09,-1.2396086472066723e-09,3.309919266147951e-09,1.6660386683438695e-09,1.0004249657976539e-10,2.834670520996616e-09,-1.938181357555103e-09,4.3017682597626165e-10,1.442833549918314e-09
L4treat_p8,-3.5461353081272212e-09,-3.5400517577595995e-09,2.2466237711134727e-08,-1.0140066319932283e-08,-2.8231629674148138e-08,-2.3805534625491987e-09,1.1961306678859993e-09,1.3152962888514756e-08,-2.003153722586781e-09,-7.052858790124638e-11,-2.375383804670752e-09,1.2827885509955938e-08,-2.1865752087674828e-08,4.71387595054407e-09,2.0567546289026884e-09,2.640554572067465e-09,6.096411681033031e-09,2.746362504550815e-09,8.496560293917556e-10,-5.461863567666265e-11,1.4296844310901753e-08,-9.71542470181564e-09,-1.4134451276428805e-08,1.5138506415687708e-08,5.612296936433271e-09,7.94497822064358e-09,-6.716879201192648e-10,1.2832191419593207e-09,5.14752065316217e-09,4.630298469561248e-09,-4.738592834245382e-09,-2.6109784162511606e-08,4.367053208192207e-09,4.894483448756546e-09,1.161488354752612e-08,4.1244745560566707e-10,2.4181944335494485e-09,3.707475900998899e-09,4.292724036959577e-09,7.438312871971734e-09,-3.961321051104761e-08,1.63930668909936e-08,-1.92527335034798e-09,6.735725906940197e-09,3.4202494987927674e-09,-2.6307721797668072e-09,-4.638701192107485e-09,2.001821068563535e-09,2.79009503580721e-09,7.126333922770033e-10,2.2195248309335825e-09,-1.1164139849533447e-09,8.141128256240122e-10,-1.7385846495147304e-09,-6.7994624320026e-11,5.061130808084316e-10,-1.4742693684701978e-10,1.347230264843866e-10,9.704348447588289e-09,-4.869998761958423e-09,3.3924542784612417e-09,7.039672907617862e-09,7.828186664368881e-10,-1.6852080983212713e-09,-1.2853136243943639e-09,5.97492313499063e-10,-2.265730068232218e-09,1.1600281467091915e-10,7.387429676235744e-10,2.6880400705245564e-10,-7.550085526879546e-11,-7.701720318169454e-10,-2.870394883392856e-09,6.8225478678985415e-09,4.597739244277794e-09,-1.9374916693617093e-09,1.5312252308702396e-09,-3.5096465374675548e-09,-2.686328674756353e-09,-4.812301656439992e-10,-2.8864285767315057e-10,1.747978319258765e-10,1.997742802186164e-11,-3.3363565587678987e-10,-1.9964370722328903e-10,2.162597353439973e-09,4.023543743763725e-09,5.24935918339912e-09,-3.00712363924643e-09,-6.710700463407672e-10,-8.716806182529125e-10,2.1361792993236647e-10,-1.7180510842307488e-09,8.06052227138318e-10,-5.929134569761366e-10,-2.1167463035205836e-10,-1.8196440090725275e-10,-1.2287579578622175e-09,-7.69040562081826e-09,3.233973914052821e-09,1.3561936908820667e-09,1.0449598786568975e-09,3.5403741139566544e-09,-1.9894457125752036e-09,-1.0760795606897437e-09,7.351312294127027e-10,-7.817846258308004e-10,2.4837783585860737e-10,-1.81416855376231e-09,2.1167417517862114e-10,1.1800651806674854e-09,-3.5545557314284325e-09,9.503402537203515e-09,-1.213546351577122e-08,-7.4383299743238476e-09,1.39108027652637e-09,1.3108949864117227e-09,-4.2707671645768126e-09,-5.318997607236506e-09,2.3589647728734847e-09,6.339767430959269e-09,2.576967369891381e-08,-2.495322752046413e-09,-1.3545765687747459e-08,-1.0976875385638508e-09,2.4812889443890245e-09,1.0153809087053465e-08,-4.68664112419076e-09,-9.901116669042516e-11,1.4220408611163473e-09,-4.130033935326132e-09,-5.666001945082438e-10,3.3087791748960734e-08,5.782181769899641e-10,3.7365141021589385e-09,-1.2212271995435455e-09,3.8912662952133635e-09,-1.5425796812435028e-09,-4.2576751229827565e-09,2.9492216598936703e-09,2.9630746821867024e-09,-4.6127715240158584e-10,1.9511438660575497e-09,-9.68851549650169e-10,1.50973290703561e-09,-6.352063350184691e-10,-5.088615770725395e-10,4.945844793344702e-10,-2.6643464669202506e-11,-3.394185581417302e-10,-4.192053020130085e-09,-3.941100766215607e-09,5.728281624859078e-09,3.097055699804877e-09,-1.866717444418754e-09,9.180533234463168e-10,-7.564009559562574e-10,-2.817120939471824e-10,-2.427398685062001e-09,5.864173794163556e-10,2.6362445726261635e-09,-3.683464957609968e-10,-1.652379158785688e-10,2.7324263676854333e-09,4.065380238190923e-09,-2.944075835527291e-09,-3.311076791130245e-09,2.7633055450208e-10,-1.1711793993051094e-09,1.7760603551359182e-09,-2.63507806098489e-11,7.516523756753128e-10,2.5506333181357213e-10,-5.245884182947524e-10,1.9387576251250948e-10,-4.1468044707007324e-11
L4treat_p9,9.96261733647492e-10,3.731313796234914e-09,1.3640830031663124e-08,5.024418100592048e-08,-5.138817032513907e-08,-2.1709987193380748e-08,-6.459118074268842e-09,9.424864804649076e-09,9.257656613330824e-09,9.401299386380753e-09,-1.4777256105011177e-09,-1.9334507486356897e-09,1.6491644341946174e-08,-3.089978988997451e-08,-1.8865860584378906e-08,-1.4354712784596841e-08,-3.3694164740221127e-09,5.71571195164465e-09,1.1544372723594245e-08,7.391653844066152e-09,9.871645497263228e-09,4.256740706425397e-08,-2.252707266515144e-08,2.3684065094510532e-09,-2.2989152893614403e-08,-1.6130014665315701e-09,1.0215643072320268e-10,1.2915808918841072e-08,9.151898554324571e-09,-1.139978906176351e-08,3.3300785435892316e-08,-4.634708171934575e-08,-8.115574174987494e-09,-1.7081588510561505e-08,-5.071332021799843e-09,-8.481582645664392e-09,1.5595531890760387e-08,9.679819104298823e-09,-1.0673988695864002e-09,5.646748129486308e-08,-4.67644458905753e-08,1.236874940096955e-08,-1.0161614306327936e-08,-6.2413582296759725e-09,-2.714873994471313e-09,7.433926720418692e-12,-2.5381514691001066e-09,-1.595824568743683e-09,-3.3822215246624363e-09,2.5204024186474262e-09,1.6529252375058092e-09,-8.463041854622224e-10,1.3373250525001973e-09,1.4709228626878196e-09,-6.6438611889424e-10,-3.5826133404410344e-11,-1.967176892842685e-10,-5.834906019666814e-10,-1.0557256404139454e-09,-7.548126201134637e-09,4.468756188590726e-09,7.828186664369299e-10,6.682114996513156e-09,-3.3503091553225306e-10,1.8741748934341698e-09,1.1146361001377007e-09,-1.7186151985343176e-09,-2.9075872486579965e-09,-6.198906980622809e-10,-4.616914829475458e-10,-4.908273073768464e-10,-6.427696634078728e-09,-1.190079903102471e-09,-2.3960938464122666e-10,-1.7221904137723076e-10,8.163513983362103e-11,1.3734619723905894e-09,-3.947804209500082e-09,-1.2036581029060964e-09,1.875221089712586e-09,-4.659604969255475e-10,-4.875209917612642e-10,-4.3867045477198007e-10,-1.6908730783559074e-09,-9.646743952880707e-09,-7.564482349771763e-09,-5.503542036496259e-09,-2.4114066781766004e-09,4.2177099301096476e-09,1.8766563607480045e-09,-1.3392779644157108e-10,-3.5712759724191395e-10,2.2434966059020592e-10,-5.098241788366076e-10,-1.2921756045105183e-09,-1.0575198504364218e-09,-7.394612724418257e-10,-1.0375356452892325e-08,-1.1292707293993767e-08,-1.5141605381007817e-09,-7.145374651204368e-09,3.0817806808436223e-09,2.4711144840576305e-09,1.4372584232935433e-09,-9.69160615948255e-10,2.889964321105049e-09,-2.6004277598372037e-09,-9.877393400009172e-10,-1.6383797207124931e-09,-1.3720399298533302e-09,5.244617516481143e-09,9.794169247688343e-09,7.87917833128221e-09,-1.4801014063750065e-09,-1.0072424343692764e-08,1.4632320018163781e-09,-7.227049970444594e-09,-7.106875515222406e-09,2.484379523032621e-09,5.212951851909227e-09,3.3622244747959012e-09,1.4085125948706576e-10,1.2673991797042122e-08,-1.328488053188367e-08,-7.845381488024376e-09,-8.567636226621085e-09,3.6155695562680714e-10,1.1174803882180082e-08,-5.7840788657501485e-09,3.4182475895389304e-09,1.0834658714033244e-08,-4.58766971123534e-08,4.8170467682553344e-08,1.2013853397198434e-08,2.1439489318223986e-08,8.131292785152226e-09,2.009022256037704e-09,-7.439920646429455e-09,-9.17812157967719e-10,3.295372465637326e-09,1.2782590761023458e-09,4.62655487474277e-09,2.8288258586716445e-09,-5.013474218114649e-10,1.9630975114844606e-09,7.291989073757215e-10,2.273288224094171e-10,5.341075971492612e-10,-7.138844892253235e-10,-1.0258204432943737e-09,-9.92927371048427e-10,2.833297105789895e-09,2.8044734593741477e-09,-9.42662522040693e-10,2.300775902976632e-09,3.899978010155279e-09,-1.7871768136849286e-09,3.852101688902304e-11,-3.125272594419378e-10,4.055835500069725e-10,2.2058187734798664e-09,3.3949177435734713e-10,-1.3355063187696239e-09,9.295109005531122e-09,5.187307290465014e-09,2.4882286868282884e-09,2.3318601049901067e-09,-3.35806508244165e-09,-1.3796685810041087e-09,3.7412641899147276e-10,3.674145826938958e-10,-5.652531991411519e-10,7.62699677498328e-10,-2.1014330380591386e-10,4.5176819031017317e-10,1.0486377831818144e-09
L4treat_p10,4.440909984199067e-10,1.2468022714187687e-09,-1.9191520178070386e-08,-1.7766572193535625e-08,4.516101432015951e-08,1.8517277462009028e-08,8.073529999138838e-09,-1.3262776830599988e-08,-9.53175601190317e-09,-9.15117840157995e-09,4.06202193620602e-09,-5.239886393115661e-09,-9.603162844843348e-09,1.1752816831854638e-08,1.506098941821117e-08,4.994943542941967e-09,9.219761789976673e-10,-9.752262239350143e-09,-7.455097918703989e-09,-9.185507737395893e-10,-1.4935342823601347e-08,-1.1342410322465956e-08,2.8454902758138597e-08,-6.382806036439748e-09,1.4068740774208158e-08,-8.448837820698004e-09,-6.724689851328251e-09,-1.0892934875208157e-08,-1.031517388654526e-08,2.914078537540433e-10,-2.6152868856966695e-08,4.122371053726735e-08,8.810783004854035e-09,1.0688202047713317e-08,-1.0544432719265578e-09,7.125307055590918e-09,-7.969608607550997e-09,-9.700985331684175e-09,3.881236267326605e-10,-2.3649867600988214e-08,4.6547840685351374e-08,-9.150831809061249e-09,1.5142049126126184e-08,1.2039669208386994e-09,-9.517249765261558e-09,1.7413987083373151e-09,1.8825378852443194e-09,-3.426167439846068e-09,4.192771518191196e-10,-1.2540412170671803e-09,3.8417233291538263e-10,6.842511992741536e-10,-4.6565971095858934e-10,-7.985890205272798e-10,2.0806935500373055e-09,2.647594585158274e-10,4.839082860101199e-11,7.616277995583093e-10,-1.944372240847162e-09,5.646750453053433e-09,-4.59657698734942e-09,-1.6852080983212986e-09,-3.350309155322385e-10,5.537313458553557e-09,-8.55080257800666e-10,-6.931213902944363e-10,3.3325419370931754e-09,2.4400715941246386e-09,-7.945007908649338e-10,-1.2635072100418024e-10,4.584981097547139e-10,4.33168499178669e-09,-2.7232391227312764e-09,-6.536662744280208e-09,-6.573250938302244e-10,2.367795541091581e-09,-7.671928365028188e-10,3.2286854091668715e-09,2.7973005583614188e-09,5.285308568023187e-11,1.1541762761322267e-09,-3.6584649364378277e-10,6.13815472640423e-10,1.5618353707001372e-09,5.4861518435461465e-09,4.630885422687772e-09,2.188547125911836e-09,-3.7665606362446974e-10,1.296893106004099e-09,1.395447100625362e-09,6.70142388300677e-10,-9.25713590476949e-11,3.53927258821911e-11,1.3827169286593503e-09,1.5416771717833253e-09,1.1309785234954409e-09,7.729295928227749e-10,7.68717388823177e-09,1.1716130177168831e-08,-3.249829172203926e-09,5.161327674116349e-09,-1.5287894434784223e-09,-2.2229345278134446e-10,2.6578040707295994e-10,1.4923559842751526e-09,-1.3963591719049936e-09,2.6306211339294128e-09,6.324816376280568e-11,1.866030931356724e-09,8.573485986553265e-10,-2.114200293776753e-09,-5.488132336421169e-09,-1.114615726607165e-08,-2.0022470667079988e-09,5.725401419236851e-09,1.0961228727956036e-08,3.940617669382846e-09,3.9160048603222884e-09,1.5376465362838949e-09,-6.418913572590389e-09,-2.208585019560451e-09,-1.5817731623943613e-08,2.7837166653721174e-09,1.9006902456465507e-08,1.5010603093183303e-08,1.0155703937453942e-08,-1.5402808818054966e-09,-7.408182256712591e-09,1.395388973697672e-09,-3.296750873875864e-09,-7.379619338545702e-09,3.3251573055773796e-08,-3.728952780239321e-08,-1.53593722891293e-08,-1.8196946746544396e-08,-5.954071413133612e-09,-1.1321687432858774e-09,5.602063044269636e-09,1.96636568021509e-09,-4.446873966094896e-09,-1.4858472147971704e-09,-3.211289933189012e-09,-1.2753670948308236e-10,1.876079547784165e-09,-2.8977914234068715e-09,1.0149898487415156e-09,5.05329867260656e-10,-1.0241994419689492e-09,-1.9454320007603966e-10,5.909385321467566e-10,3.456127267461156e-09,-2.066777398789785e-09,-8.026364951860276e-09,-3.1907431056132508e-09,5.867074465213387e-10,-2.368127245656852e-10,2.4175680389822997e-09,1.0742954240648774e-09,1.3047149814273661e-09,1.1886544649524172e-09,-2.042198565874706e-09,2.1925497246847554e-10,9.74596022847493e-10,-7.282308551020658e-09,-3.601598902428255e-09,1.1630269616888273e-09,-6.715470247470356e-10,7.139392157353053e-10,1.8595532834552357e-11,-1.2814189643263302e-09,-2.2071986414048842e-10,-8.281260433236885e-10,-1.5168210962874805e-09,4.114852448224494e-10,-5.906889337436284e-10,-7.516342254519754e-10
L4treat_p11,1.6258199642454583e-09,2.833314410364513e-09,2.776874930609959e-09,2.7966450371303485e-08,-3.073771461043226e-08,-1.7630869242953486e-08,-3.0526864570690663e-09,3.1481743311924528e-09,3.502026832720394e-09,5.026759140872011e-09,1.6374410741046974e-10,-2.9369543188654435e-10,1.543444684551462e-08,-1.831174714016813e-08,-1.5567847750246392e-08,-6.846814904058015e-09,-7.990398811167625e-09,-1.3916298327417254e-09,5.939400132989044e-09,4.516024460056672e-09,7.614120957247695e-09,2.5704632146923204e-08,-1.8538792879497587e-08,-6.965691002442054e-09,-1.2536738613369993e-08,-1.7736935605191907e-09,1.0971380304959679e-09,9.356354288600414e-09,1.9615929748617287e-09,-5.331348525696801e-09,1.9606800466778053e-08,-1.6305780241978946e-08,-7.731187823626113e-09,-1.6083781074247477e-08,-1.0903581946603399e-08,-1.0236799646877917e-08,9.968102638692263e-09,5.0442630519695905e-09,5.270232363325896e-09,2.990650381330725e-08,-1.9573522152882635e-08,-3.3383287797138984e-09,-4.179433206530866e-09,-5.4510688574582086e-09,-1.6782804529305142e-09,7.760643815524344e-10,-1.0694457891725286e-09,1.082054280196123e-09,-2.269467512983278e-09,-6.95648733066115e-10,-1.2357016518812484e-10,-2.778005818008548e-10,-4.592648604912869e-10,1.6580097839408828e-09,3.7969025619667116e-11,-6.088653740252053e-10,-3.085581128545553e-10,-3.6845108582669276e-10,-1.40546042984395e-10,-4.261217554770917e-09,1.819688959221343e-09,-1.2853136243943238e-09,1.87417489343416e-09,-8.55080257800649e-10,3.3341746520092516e-09,4.376146881371665e-10,-5.664348712997211e-10,-1.1868704350479054e-09,-4.1477286486758855e-10,-5.074599780847125e-10,-3.0278258910651695e-10,-2.137147032195779e-09,-1.3430278478846589e-09,-5.218312496854393e-10,-2.1023516828107783e-10,-1.3263054372727896e-09,-4.0531005003733276e-10,-6.944794908463515e-10,-4.074971310109498e-10,-3.2962619277032236e-11,-2.792905689146651e-10,-7.105330854719919e-10,-6.025656664589283e-10,-9.455898881949095e-10,-4.00434626641843e-09,-2.590100116482505e-09,-3.763185701912817e-09,-1.601785152941219e-09,2.5826437018197267e-09,1.1576657413867152e-09,1.718987868090015e-09,-2.7862853835871635e-10,1.8378558400378507e-09,-3.3104852526668893e-10,-1.1852125608719051e-09,-1.0820251536267913e-09,-6.266611120162602e-10,-2.2929652823749355e-09,-5.828998582969835e-09,-2.4764122923962783e-09,-4.879469353737964e-09,-7.220109956518837e-10,2.7306310546022433e-11,2.2281935614301346e-09,-1.2273135070690972e-09,8.303777272804104e-10,-1.142453743171122e-09,-7.536699573787759e-10,7.666145550130655e-12,-7.831694624239943e-10,3.1074156064843187e-09,9.834654577838507e-09,1.248223368456156e-08,-2.3832900867681013e-09,-7.3645206940499545e-09,-3.6916371965485184e-09,-3.1663564103399147e-09,-7.396713941670851e-09,1.9047026387531373e-09,4.900817158101186e-09,3.1774042862133716e-09,2.0897646140920986e-09,-2.3268513384277723e-10,-1.4449091871014513e-08,-6.718759983810875e-10,-5.592420420652563e-09,-4.460852009325103e-09,6.937631027251853e-09,-4.602827757993225e-09,1.3336312581278106e-09,1.6771982121074106e-09,-2.299133372605012e-08,2.415260550467265e-08,1.1247689980394444e-08,1.1752136909307895e-08,6.490245996409498e-09,1.8211343610426683e-09,-3.539544101690734e-09,-1.8583958980157466e-09,1.462123051359839e-09,4.4002985939362685e-10,2.5704339817148055e-09,1.0854634824410777e-09,7.263782215417658e-10,8.395962892359111e-10,5.023687253912078e-10,1.9038974948396637e-10,-5.50267315070581e-10,-6.844827019746989e-10,-5.411943532582584e-10,-1.0613396425093817e-09,1.8638340695438507e-09,3.8835977099297385e-09,-1.248241579450157e-09,8.592825846781694e-11,1.6426511938474214e-09,-9.30179713101949e-10,-1.3594046448981749e-09,1.3371590981814433e-09,9.803267761891017e-12,3.60272683222495e-10,3.3573877223437585e-10,-9.059351535999144e-10,3.6860608757177904e-09,2.8351456865017495e-09,1.0951704183053452e-09,1.5807405928673738e-09,-1.2304524896370726e-09,-8.327237396384883e-10,-1.4107917777206675e-09,3.9966913297222504e-10,-9.236622350764171e-10,1.7227833759852692e-10,3.090892405385463e-10,2.5659895699641325e-10,7.237466650491902e-10
L4treat_p12,4.853730910150657e-11,-1.1174076348931627e-09,3.762920273250857e-09,1.2963438539516104e-08,-1.982014798645824e-08,-7.906678559916518e-09,7.742494560441017e-11,4.609175767243949e-09,3.5765155772975225e-09,4.9675882070453335e-09,-3.6053887920770463e-09,-6.03969303043793e-09,9.76676697392303e-09,-8.562847269998374e-09,-5.816808024553022e-09,2.302981552633083e-09,-2.6916270516980562e-09,4.987122721214344e-09,5.338808019435763e-09,-1.9232198353309477e-10,3.199937232375546e-09,1.7780597884805312e-08,-1.3018494424764476e-08,7.046670853467364e-09,-4.6723724771022965e-09,-1.071909909505575e-09,1.7041476325467015e-09,6.304298265778183e-09,3.6952279053485453e-09,-9.587598346579682e-09,1.284253796984776e-08,-1.804825934430001e-08,1.4290143681120916e-09,-6.166812753438358e-09,-2.0349755133843747e-09,-2.8361542771149636e-09,5.761020726156235e-09,3.4710869981107333e-09,-3.897660029319167e-09,2.3026143014185942e-08,-2.7670615392119526e-08,1.0455026217646621e-08,-2.502595522889642e-09,-3.8391353635559995e-09,1.948748485947057e-09,-2.251289287682267e-09,-1.1172959119123382e-09,-5.748515885222718e-10,-1.1435407248559649e-11,9.828657501788053e-10,3.472121224202942e-10,-4.2410085856141015e-10,1.0964006416751806e-09,1.6458297266335e-09,-2.760585495250434e-10,1.0831362031594208e-10,1.028772595783983e-10,-1.787410703046164e-10,1.968882565219471e-09,-2.850927798793275e-09,5.387854073681412e-10,5.974923134990942e-10,1.1146361001376962e-09,-6.93121390294446e-10,4.3761468813716445e-10,1.6998974112836163e-09,-9.328709352582014e-10,-1.0736984860640745e-09,-3.5220101302017837e-10,6.115543452893264e-11,-2.1867745640578252e-10,-3.7183620754729614e-09,-1.8263689813566236e-10,1.1309624063280416e-09,1.257399829291552e-09,-8.2701311842062e-10,1.177334167410173e-09,-2.0617855267025743e-09,-1.0793610864190288e-09,3.9235886248530775e-10,-1.772831385368626e-10,2.1643487578164843e-10,-2.0930554176991482e-10,-6.857097448362253e-10,-4.304710765296832e-09,-1.923670184947703e-09,-2.905510167680481e-09,7.426468681052081e-10,1.4295107451508694e-10,-9.75342693761959e-11,-2.9102637917454704e-10,4.865296142439152e-10,5.467629686764812e-10,-5.356855005049575e-10,-7.894390621520383e-10,-7.183289274954858e-10,-4.2524162312589227e-10,-1.901829147109945e-09,-5.5155105677439935e-09,7.679639300790338e-10,-1.447561564307906e-09,1.6735840507363932e-09,1.6373526715146503e-09,-1.279462899380024e-10,-3.7287856484384466e-11,1.6964933878692469e-09,-1.0405751346943351e-09,-1.2434351320918644e-10,-5.582772103043067e-10,-4.91357743028713e-10,7.439917759620526e-10,-1.695360493756809e-10,7.645581836750396e-09,-3.0022377451519183e-09,-7.593368940810966e-09,-4.182395974847857e-09,-1.3840322672258095e-09,-7.285120029135886e-09,1.8525587702418756e-09,3.783809830089441e-09,1.1597831237383606e-09,4.5955787272553505e-09,-6.499723823649265e-10,-1.8190419179373518e-08,-1.935874966519607e-09,1.4825768977588672e-09,-9.845156881439958e-10,2.9741273655888543e-09,-1.3224892521273086e-09,2.922626581680336e-09,3.920686112113258e-09,-1.6881306368865622e-08,2.8671667119958166e-08,7.7423892363912e-09,7.685608332609692e-09,6.371361665329211e-09,5.647302740028522e-10,-5.261847839636853e-09,-1.8887960877362317e-09,1.8406156819669658e-09,6.236828101732173e-10,1.7815183497991497e-09,1.6845629832355336e-09,-3.6766793056739065e-10,1.8095387596515038e-09,6.913870904243641e-10,6.657471261225411e-11,2.6248220403478797e-10,-1.5382519366825193e-10,-1.1792672862963768e-10,-3.995048656877362e-09,-8.285695196425942e-10,2.9336567990483215e-09,1.7098944946329286e-10,-9.15150838237748e-11,6.24429875188396e-10,-1.1563403064225366e-09,-1.954871660820777e-11,2.8668033996998053e-10,-5.0446055400759573e-11,1.370499669367104e-09,-1.1403234099510554e-10,-5.945079430191366e-10,4.736236947081181e-09,2.5179961445583384e-09,3.9007037747948086e-10,1.214140374343327e-10,-9.6862126906738e-10,-7.089528260593531e-10,4.943108654752852e-10,-1.8633303850354576e-10,-3.2136207999143933e-10,4.5879101473214056e-10,-2.2380496657338943e-10,2.2971211814190353e-10,3.2723936002159597e-10
L4treat_p13,4.995564873494838e-10,9.489340908938333e-10,-2.372990556345121e-08,-1.9470337987047278e-08,5.655548300998665e-08,2.1219219429161263e-08,5.5049689503089945e-09,-1.237564258258302e-08,-8.360832609299339e-09,-8.719220833276169e-09,7.776516898420357e-09,-4.191077740427346e-09,-8.418706297524283e-09,1.1135213005657787e-08,1.3728517796136812e-08,2.4734337320412027e-09,-8.158744997266207e-10,-1.037652667280766e-08,-8.635880883340982e-09,-1.614636829823219e-10,-1.705073942890766e-08,-1.0103785040587987e-08,2.663947338450466e-08,-1.2036054480620656e-08,1.3118436315041342e-08,-8.508859553649079e-09,-7.353320607073e-09,-1.1558519234040688e-08,-9.536090982500848e-09,4.2217536320387596e-09,-2.1998758893314496e-08,4.241081886180023e-08,3.4582867124140316e-09,8.298355625162125e-09,-6.005264406742238e-09,6.9954616747557405e-09,-8.301446680055194e-09,-7.949805589272119e-09,-1.2744547724923293e-09,-2.7970899578020723e-08,5.7153879632670105e-08,-1.4890878553008905e-08,1.1289623437656447e-08,3.48243765357283e-09,-7.915082685058891e-09,3.477276310478597e-09,6.200244497509441e-09,-3.437583827829241e-09,2.0838367385111354e-09,-4.096411705036616e-10,-1.2322661618601586e-09,7.730808246661241e-10,-1.4523587929908278e-09,-6.163732987474602e-10,2.1940278172947686e-09,-3.3719422511954916e-10,1.2840524319225639e-11,5.702274483123455e-10,-4.312014486309694e-09,7.288757443413028e-09,-6.249603443837984e-09,-2.2657300682322467e-09,-1.7186151985343056e-09,3.332541937093174e-09,-5.664348712997196e-10,-9.328709352582053e-10,4.383087113036015e-09,2.7279339853527966e-09,-7.449829044751603e-10,-5.108179992749337e-10,7.020007089363902e-10,3.511145838639607e-09,-1.2449980966911363e-09,-7.549044091872756e-09,-2.427362502767372e-09,2.6325445507134775e-09,-1.7924545931951695e-09,4.572147511361737e-09,3.597594975845101e-09,-4.388339061696396e-10,8.253634383513198e-10,-1.021554331869984e-09,4.6509054141828757e-10,1.5864400205746792e-09,6.246175418199994e-09,5.369375434125542e-09,2.0787502216300986e-09,-1.378576859242726e-09,3.1389857448059584e-09,8.710228338091898e-10,9.434919986572175e-10,-3.0035676219229884e-12,9.019230422262725e-10,1.1882030054428652e-09,1.1502008783252568e-09,5.161083888667044e-10,8.734362255404415e-10,6.680456172069536e-09,1.417558089714536e-08,-5.695388376752861e-09,5.608644190935602e-09,-1.9953289387216658e-09,-2.698393972575078e-09,8.25351773068661e-10,1.6060957443049818e-09,-1.712814203522691e-09,2.234512746760461e-09,-5.849139012647881e-10,2.3445751025904607e-09,1.1105097432256218e-09,-2.2952088707898046e-09,-5.0212356600197155e-09,-1.5417603992114777e-08,1.077485230338129e-08,9.006389773342698e-09,7.454890737527356e-09,2.0371707049413823e-09,5.912011408981852e-09,1.771362703176338e-09,-7.352589287009464e-09,-1.5033830637785673e-09,-1.7977659153983196e-08,-9.156125433411977e-09,2.8891581665816687e-08,8.760156717540397e-09,7.869470874779843e-09,-3.80244236696481e-09,-8.048181492435875e-09,1.4267644312213413e-09,-5.195421406872895e-09,-4.795450279653468e-09,3.628163841706311e-08,-5.2364286372625586e-08,-1.1912878418373304e-08,-1.7987578346989717e-08,-7.497433888918602e-09,-2.573830722375983e-09,6.089269030477045e-09,5.205004955927992e-09,-5.3109551033044965e-09,-7.789381528124782e-10,-1.791550918609232e-09,-8.435598444849015e-10,1.929347119402286e-09,-3.2129602758115334e-09,7.578812465667855e-10,1.280350715828299e-10,-1.4595923838659719e-09,-2.0257948129882612e-10,6.852987681183047e-10,5.3921047660950064e-09,2.6569867631805793e-09,-7.774430516981575e-09,-2.5990422682439325e-09,2.085467331481864e-09,-1.8273069649666512e-09,2.73355730161121e-09,6.70949200624168e-10,1.8220807317674324e-09,8.102618246039235e-10,-3.195963917819963e-09,3.116916472157137e-10,1.137661169231247e-09,-8.943075377835716e-09,-7.621184810967666e-09,9.086654043086042e-10,-9.660486769475233e-10,-7.45803216702902e-11,6.719759483177462e-10,-1.861914208241505e-09,-2.754880337461261e-10,-8.306919185853726e-10,-1.499146178045154e-09,1.057825612330612e-09,-5.552264086307209e-10,-8.319462488701637e-10
L4treat_p14,-6.710199892383807e-10,-7.266442385846209e-10,-1.0971276280392248e-08,-3.4982011171399435e-08,4.2920721533211434e-08,2.2267229671714108e-08,2.3315154894109057e-09,-8.692616428712894e-09,-1.2081010697534632e-08,-9.99460886223704e-09,7.395053750126949e-09,8.34056865962166e-09,-2.0280165644824636e-08,1.4441207317530196e-08,2.1389837495142105e-08,3.671243995248194e-09,-2.453256573487123e-10,-1.001748008891688e-08,-1.020200351128221e-08,-1.6224293897848988e-09,-6.878585610124082e-09,-2.5132788481979438e-08,2.04053439841786e-08,-6.011088837706893e-09,1.6526015336904245e-08,-3.0787253363557484e-09,-6.279636602576341e-09,-1.3675074255510866e-08,-8.749881332743654e-09,1.4504890391956269e-08,-3.230994155800399e-08,3.585396194035372e-08,8.583178620116103e-09,1.0320113701928787e-08,-5.710474554791955e-10,6.6263131495424225e-09,-1.1534188324151619e-08,-7.427246929000888e-09,6.5554700685420805e-09,-3.773411535349877e-08,4.4573607169403046e-08,-1.4803814222747962e-08,9.418398786032875e-09,7.471781285340674e-09,-5.895259742168479e-09,7.671333002257073e-10,3.1237684322317694e-09,-8.252963254543515e-10,2.656872581903665e-09,-1.1530711781176179e-09,-3.649349259131065e-10,2.6819424413848443e-10,-1.3104352371287142e-09,-2.0956834694478825e-09,2.0101449299803e-09,-7.99638256921225e-11,-2.8381228459712367e-10,7.394300489523548e-10,-2.833531755909129e-10,6.540127207676085e-09,-5.097355157034967e-09,1.1600281467087655e-10,-2.9075872486579845e-09,2.440071594124646e-09,-1.186870435047913e-09,-1.0736984860640766e-09,2.7279339853528037e-09,3.915641020509072e-09,-1.165580244075154e-10,-1.9149932395230074e-10,6.834896496896222e-10,4.4121911145588625e-09,-2.4274485814950576e-09,-3.2269410311062733e-09,-1.0228447612209144e-10,1.4759577999201232e-09,-8.197032987847499e-10,3.9421791898306315e-09,2.6369583735144348e-09,-1.4416985793232395e-09,1.117330169534334e-09,-5.770602384235928e-10,3.193947342102102e-10,1.7781766664765196e-09,6.639803744465366e-09,8.890713379601191e-09,5.659865403388315e-09,1.1365138704557293e-09,-3.3447176902092226e-10,8.234483449142733e-10,6.856960388808376e-10,1.9240230549015754e-10,-3.4367889453162923e-10,1.5815847189805044e-09,1.2017383596816572e-09,6.848790967656094e-10,8.13748799675947e-10,6.8592394161355035e-09,1.2161968475966671e-08,-2.3759517794664175e-09,6.997917659656256e-09,-1.7758610226586605e-09,-7.394889692658947e-10,-2.594728347192315e-10,1.3641714179661829e-09,-2.476630827612912e-09,2.499202175747652e-09,-6.946337910034294e-11,1.5199436627125924e-09,1.4041126348349329e-09,-3.4053709285274498e-09,-5.7379962864663395e-09,-7.138213115696743e-09,-1.0854009004924484e-09,3.6809255432529614e-09,8.053232721595524e-09,3.733254446701759e-09,5.310878424355417e-09,-1.890228841175034e-09,-5.7708499813303055e-09,1.2354062919815426e-09,-3.049570319541391e-09,-1.458479034754845e-08,2.2492084271713635e-08,1.2908147643076712e-08,5.902315446094871e-09,-1.281930048679283e-09,-1.146913835088726e-08,3.835056968746935e-09,-5.430003447241058e-09,-1.064160131835167e-08,4.1790618137860354e-08,-4.166836751036199e-08,-1.4293921759439857e-08,-1.6890386324506794e-08,-8.398596717286781e-09,-7.395146121563164e-10,7.159510446125336e-09,2.469526096508887e-09,-4.75257503215693e-09,1.3616387982956162e-10,-4.126151819492528e-09,-1.210148026814974e-09,1.233905892290209e-09,-2.7421237122062034e-09,-1.6340799087613486e-10,-2.5816431175650836e-11,-1.271734647354472e-09,-8.184990253888722e-11,7.137450692654214e-10,1.1963724350393737e-09,-1.0964015675534545e-09,-5.052493230549705e-09,-3.8510569508948246e-10,-1.459290245759133e-11,-1.054869069204404e-09,2.1307818794790653e-09,3.324233801733762e-10,1.4502546777985246e-10,5.660906463031248e-10,-2.2520762840602875e-09,-1.9129486501736408e-10,1.2713537433800941e-09,-8.893201918521231e-09,-5.909984884640788e-09,-9.107698521595834e-10,-2.4380385258426372e-09,1.4370683156956652e-09,5.91989066032964e-11,-9.723352584241723e-10,-3.3688289976286626e-10,1.3546223217222266e-10,-1.466176435514113e-09,6.944293347952004e-10,-3.533967137846262e-10,-9.804120837334422e-10
L4treat_p15,-2.4674103313106035e-10,-1.0550001176945352e-09,4.296735477197923e-09,-6.210762282447455e-09,4.3636546077681575e-09,3.5235498302948545e-09,1.569555517990348e-09,-3.210986741545887e-11,8.192857150417311e-10,3.650490296580384e-10,-2.270945298545256e-09,1.7215632632912096e-09,-7.894974796316378e-11,7.128453966942749e-09,5.3896787691133125e-09,2.4392870322547198e-09,3.013747057378232e-09,2.677221781519943e-09,1.6851487919312506e-10,-2.1249211913644e-09,2.4048893624862456e-09,-7.87485128937076e-09,6.171248373885696e-09,7.478154853223895e-09,2.5075681696944306e-09,4.108444518003368e-09,1.6425404320770959e-09,1.2733264328466379e-10,8.101068291913698e-10,3.871402521414253e-09,2.5619485782377886e-10,3.838014913092101e-09,2.754575201311708e-09,3.483776998852011e-09,3.7663629620632285e-09,-1.5711702168859804e-11,-1.6677992883005615e-09,2.6341361853950175e-10,1.914826452657256e-09,-9.16239795579586e-09,2.274426373558695e-09,2.6021562593228165e-09,-8.752781535016743e-10,1.26082491419005e-09,2.6272729517614864e-09,-8.002032064310942e-11,-7.36928901657588e-10,5.245548818065067e-10,-2.5528060007250223e-10,-4.804051327654326e-10,-7.546387540492364e-11,4.371548768860676e-10,1.546669721661633e-10,-4.726912371230956e-10,-1.1262650687946786e-09,6.067637269173037e-11,2.3810316366407004e-10,-2.41766355740631e-10,2.055685011804928e-09,1.1915601322692024e-09,1.1624690007444333e-09,7.387429676235785e-10,-6.198906980622825e-10,-7.945007908649375e-10,-4.147728648675954e-10,-3.522010130201762e-10,-7.449829044751637e-10,-1.1655802440752108e-10,1.0235016585361378e-09,5.587390378504021e-10,-2.6128584089307973e-10,9.621813659816742e-10,5.628061839762395e-10,2.568081981826379e-09,-3.2591331498754224e-10,-4.762301737706354e-10,-6.144996373696729e-11,1.5861642742963118e-10,-1.0715179143947397e-09,-3.988429469596313e-10,-3.313170030419998e-10,5.391866345454265e-10,2.225874286697058e-10,-8.104282734854392e-11,1.3679548756534226e-09,-2.102900471136251e-10,1.7814100390357807e-09,5.10068292102257e-10,-2.1297719840061163e-09,-8.521605110015246e-10,-1.9033075763368287e-10,7.989280747603257e-11,-3.955431052147231e-10,-2.750836315709465e-10,1.6367250393766073e-10,4.5374673574388414e-10,-1.4116616306313265e-10,6.630802370646525e-10,-1.1109817500724316e-09,2.424447225979063e-09,-5.792475570478261e-10,4.93256940295219e-10,-3.35466151034371e-10,-5.242452953096578e-10,-5.812518015680272e-10,-2.8504679811794793e-10,-3.0754330036234866e-10,5.209062606304579e-10,-3.164450599320155e-10,-9.753215470408077e-11,-1.483967489077589e-09,-1.1885357345249653e-09,1.7196958177808417e-09,-1.5021395879796068e-09,2.9110847907141086e-09,-2.689804699185298e-09,3.0006289085950074e-09,8.652053606418242e-10,-1.0155674386340459e-09,1.0259828818430267e-10,-1.597172694922049e-09,3.872177258533134e-09,3.2169154099705723e-09,-1.458813038116264e-09,7.828433289267498e-11,3.7958825080734264e-10,1.5039598340455775e-09,-6.081207023669893e-10,1.6964091598105292e-09,1.1522702637237855e-09,-6.03283232622186e-10,2.0115586072304693e-09,-3.398856557729359e-09,-2.7847868605702462e-09,-2.2331302059205988e-09,-1.2095412806941649e-09,-6.986549868366201e-10,1.080770628659761e-09,-4.019566939456828e-10,1.525292888880831e-09,-1.3044209167120202e-10,-1.467605698757858e-10,-9.160940802877713e-10,-5.137955339253556e-10,3.62750190876486e-10,-4.028269730063521e-10,-5.903106848827631e-10,4.547512718689963e-10,5.597248428391758e-10,9.758872612352942e-11,-9.500248706934424e-10,-1.0759501263170703e-09,1.1435889990944995e-09,1.1181032238401374e-09,-1.0595116337715395e-09,-6.472046042636628e-10,1.4018181061114365e-10,1.9992720728854526e-10,-7.808744140734319e-10,-6.333868894202676e-10,1.7843776302651785e-10,-4.001456138350763e-12,-7.722054931996332e-11,-1.0433177312048267e-09,7.32527294374276e-11,-1.4897536986275497e-09,-4.5713519366557274e-11,5.078691538021268e-10,3.264440190747838e-10,4.420682050632408e-10,3.8997740259295895e-11,4.730349789131839e-10,4.285517912510091e-10,-3.4784150943690746e-10,-1.3056580772322046e-10,-1.7708573783806702e-11
L4treat_p16,-8.718489086827861e-10,-7.276204492367555e-10,-1.018396065465461e-09,-5.516578558711274e-09,6.249016647375069e-09,2.9700917262502882e-09,2.287261567955785e-09,-2.904002235431621e-09,4.677760353317311e-10,1.2830981558507208e-10,-2.7853942549695495e-09,-4.366789957468226e-09,4.084318673925924e-09,4.939826319704842e-09,6.843674243904389e-09,4.251546301891533e-09,1.969038802915805e-09,3.29066851886457e-09,-1.3355037931816492e-09,-2.617399480242028e-09,-3.235298120719652e-09,-9.634813676340039e-10,3.0197806869771438e-09,9.087968272337082e-09,3.4257239127211875e-09,1.0297253995964501e-09,2.7639942348234106e-09,-5.538827621868741e-10,-3.1206911928005363e-10,-4.728464099447231e-09,6.053207783440264e-09,4.059104484991797e-09,5.864780707486244e-09,5.056312652914541e-09,1.699534507694792e-09,1.4389176259453476e-09,-3.168004170572227e-09,-1.6014753778580295e-09,-5.022963451778809e-09,-2.3130961329816914e-09,1.0507568301143228e-10,3.476286749765904e-09,1.3147607804831577e-09,3.538392150876064e-11,2.974421058696529e-09,-1.1081996393335743e-09,-5.267358560549678e-10,5.5797029210561715e-11,-4.024735912261084e-12,-3.0121452350448773e-10,1.7908117128813924e-12,3.551843937960627e-10,6.834774238010625e-10,3.287740052388742e-10,-8.368376390355042e-10,2.1394061520013024e-10,4.380402522098981e-10,-1.8608010139826732e-10,2.26438484234606e-09,7.755145194937753e-10,7.123721034284034e-10,2.6880400705244453e-10,-4.6169148294755354e-10,-1.2635072100417572e-10,-5.07459978084713e-10,6.115543452893272e-11,-5.108179992749281e-10,-1.914993239522961e-10,5.587390378503996e-10,8.635817914900286e-10,-2.0191703916067582e-10,-1.5350450936259845e-10,1.1108451612982506e-09,1.53779278439829e-09,-8.715821358420712e-10,-1.0926754220243152e-10,1.1957291032971504e-10,-3.177457982422128e-11,-7.280542753051269e-10,-3.4253439534996837e-10,-2.2757480784197863e-10,7.574327458709827e-10,4.850526318584967e-10,-7.241036928089731e-11,1.3052928492151254e-09,-1.0901747476242108e-09,2.271009153781503e-10,8.116608772339962e-10,-1.504119716462895e-09,-7.811611173733151e-10,-4.067445641564777e-10,2.884247605043732e-10,-1.1773714138671588e-10,-3.5458069268393293e-10,3.5369923450341937e-10,6.200352149771425e-10,-2.1573536292282378e-10,1.0832526168276507e-09,3.6181074867618955e-10,1.775766003718028e-09,-1.645972251855224e-10,7.749124267848417e-10,-1.797645246381747e-10,-5.398014084107679e-10,3.6473653565286444e-10,-3.4358560061601575e-11,7.842421673956559e-11,5.066604505559965e-10,1.520154726734098e-11,-7.595985344094408e-11,-2.6162545759089405e-09,-2.73197456010635e-09,-1.1076316465811615e-09,-4.994669512829219e-10,-7.073973212642749e-10,-3.2240611494149927e-09,5.718245585224903e-10,-1.2120236342615743e-09,3.5219664816452024e-11,-4.2898441199153524e-10,-2.104160878535036e-09,-8.478159016294697e-10,3.707185212959426e-09,-6.617868384790949e-09,1.9653954061401183e-09,3.1057632523565938e-09,-1.8593360259200036e-09,6.759789822126058e-10,2.0866690427465127e-09,1.2201849411181225e-09,4.3649437755618787e-10,-4.1464401790898176e-11,1.1461949663196842e-09,-3.1543752903070386e-09,-3.2925499476414808e-09,1.1001479753839154e-09,-1.2594818102948319e-09,1.671872149672184e-10,-1.0412138361926954e-09,1.1482692204201503e-09,-4.972693160493978e-10,-3.6489718664450566e-11,-1.967692701624457e-10,-1.2635228301414074e-10,8.545225026378624e-10,4.184889566366608e-11,-3.438577252403503e-10,3.996209503641704e-10,6.3361949413113e-10,2.1160919808956124e-10,-1.9373670518543005e-09,-1.879345449939856e-09,1.5468677640259344e-10,3.8189593332528324e-10,-1.0505098223499202e-09,-9.67263668862733e-10,-2.3996839297092483e-12,5.352157581215894e-10,-4.389930136739975e-10,-5.567974388316062e-10,3.6011601948339096e-10,1.9759399672070514e-10,-1.2007675462529908e-10,-2.2652008121850653e-10,2.2173109223575586e-10,-7.742743029875698e-10,6.826991167312323e-11,2.868196062511512e-10,2.182583864941932e-10,3.6076398576866304e-10,-3.1953353293481607e-10,1.7283839485254638e-10,3.0332400006524457e-10,-4.416380265877011e-10,-3.206999201471375e-10,-3.302815300828863e-11
L4treat_p17,-3.20839221309342e-10,5.735368358140327e-10,-1.9567482810674705e-09,-8.616233577810211e-09,5.262394614020404e-09,2.5790786143965174e-09,1.12092978374852e-09,-8.94751709375866e-10,-2.3579443364255244e-09,-2.9869798431305656e-09,1.6928908400797505e-09,2.1637961440206475e-09,-9.868765373674949e-09,1.751604049043996e-09,2.5487447795657656e-09,5.480107433339934e-10,-7.281158406164815e-12,-2.5513807662256603e-09,-2.6015954270563408e-09,1.3098085733863584e-09,-2.0327852658341458e-09,-8.660959935869704e-09,2.166303573478701e-09,9.267453040247263e-10,2.48765962189822e-09,-1.1910707317835501e-09,-1.655710916232838e-09,-2.2435474254545657e-09,-7.152972626901852e-10,2.278775686639209e-10,-8.759233814687992e-09,7.439805181352979e-09,1.3053922809035008e-09,2.4383118370194457e-09,-4.208239223016814e-10,1.259286306490676e-09,-1.4797390253417056e-09,-1.2587358351583123e-09,-5.892501844216011e-10,-9.151324845986388e-09,7.4256115245623756e-09,-1.1461733735225057e-09,1.961310735163136e-09,1.3621477292357117e-09,-1.3883513849290988e-09,6.754404328845241e-10,1.1278890488483595e-09,-2.95585306337885e-10,4.554872381194162e-10,-1.6493799164639265e-10,1.2341092099961857e-10,-9.845222552009217e-11,-4.5993793920540445e-10,-2.447310326324676e-10,7.569985206105646e-10,-6.486713748569373e-11,-1.0640222549439018e-10,3.4296981549913863e-10,-1.5220095956192451e-10,3.0329323457845566e-10,-1.2151349179481292e-09,-7.550085526879935e-11,-4.908273073768437e-10,4.584981097547136e-10,-3.0278258910652393e-10,-2.1867745640578244e-10,7.020007089363918e-10,6.834896496896246e-10,-2.6128584089307776e-10,-2.0191703916067646e-10,4.1978578114734327e-10,9.296548231924828e-10,-5.194015642614285e-10,-1.2144644238431758e-09,-4.047823374463189e-10,1.6459856024535943e-10,-2.529936345088827e-10,3.413331479254543e-10,3.7201510388197543e-10,1.9558787693373904e-10,3.552474928144911e-10,-3.460639812041748e-10,-4.745077005717878e-12,4.237124073620721e-10,1.434637274896254e-09,1.2639960752328679e-09,9.57657698737075e-10,-1.416489154354277e-11,5.202616394242567e-10,2.105386175778871e-10,2.0856693325136813e-10,-1.3013935748737413e-10,3.4974781625288214e-11,3.933624193899677e-10,5.1372613690987595e-11,8.488738503449978e-11,3.35666800353054e-10,6.520488450803671e-10,2.5026244581609275e-09,-1.1752761447659943e-09,8.124136497363003e-10,-6.167706242103324e-10,-2.231569598213414e-10,-2.545631309078435e-10,1.1777063149815366e-10,-3.420622647657969e-10,5.630426114412239e-10,-8.045532443491341e-11,2.2443544841812839e-10,4.773143284010077e-10,3.3605475612479506e-11,-1.5005516593786344e-09,-2.0121744912272743e-09,-2.7842811962915307e-09,3.669222895495493e-09,2.6744892417388472e-09,-2.1175961676459824e-09,-1.2114901275533785e-10,-7.243900173663501e-10,-1.6575549239629546e-09,6.152103584767237e-10,5.854440216043612e-10,-5.5405035763903425e-09,4.8282582333489e-09,2.4398541027772664e-10,8.668597538151283e-10,4.962111471592395e-10,-1.843524949209652e-09,-2.804570062316831e-10,-2.0167153176410934e-09,-2.7826250645296475e-09,1.2014598209734886e-08,-6.424091414623194e-09,-1.7071007582560203e-09,-2.185391372641066e-09,-1.2856511249793072e-09,3.0984529839019793e-10,8.96543626304948e-10,4.928031275127625e-10,-1.8580345995077585e-09,9.417927983813159e-11,-6.312723440908544e-10,5.98465444321413e-11,2.7584828703650894e-10,-5.483202278749644e-10,3.677496923301081e-11,1.7023905270178408e-10,-4.4274767206338287e-10,-2.602724394314463e-10,8.987345325538341e-11,1.6320669328319102e-09,8.763585980413331e-11,-1.9314864485675503e-09,-7.631950921186921e-10,-1.2041997904463472e-10,-5.967002493501924e-10,4.134364981850606e-10,-3.4457062727733764e-10,3.070325623115894e-10,4.3760937342620095e-10,-5.136002285854906e-10,3.145086933035985e-11,4.225514965217496e-10,-1.1437016038018292e-09,-9.45415340561081e-10,4.33139737356779e-10,-1.9902689207390094e-10,2.675233315933973e-10,1.6366988248354415e-10,-1.0496569548699438e-10,6.544980427415872e-11,-2.7579170901144395e-10,-4.791866941000351e-10,2.822157914625335e-10,-1.5522475522805676e-11,-2.8556601296618467e-10
L8treat_p5,-1.7776440785216143e-09,3.905082569960684e-09,-1.570503173615024e-08,-8.21176930820754e-08,6.997897599863559e-08,3.174357584264426e-08,6.43595516006034e-09,-2.054091526109392e-08,-2.417529720405056e-08,-2.783686797333686e-08,7.871625532520214e-09,1.3150916802556372e-08,-5.490421342286616e-08,5.264140892419471e-08,2.3587627915583568e-08,1.7924524143325655e-08,2.0717449371382595e-08,-2.352552584070656e-08,-1.53317101998825e-08,3.0119208969917765e-09,-2.136204288911009e-08,-1.0580629833210412e-07,6.352989948656915e-08,-1.2547827384101435e-08,3.436500936204768e-08,-4.479704701975939e-09,-1.4500337837640612e-08,-2.0289771961508737e-08,-1.412500983640149e-08,2.5660438549475987e-08,-1.0497460106121811e-07,1.1996207691521866e-07,-5.073166527845624e-09,3.665566410843195e-08,1.4945678537930726e-08,1.5492990579811845e-08,-1.695830401448384e-08,-4.476570515086964e-09,1.4818810559412804e-08,-1.1766729996043826e-07,1.2273997260497335e-07,-2.9441944948421476e-08,2.7826028234977977e-08,2.545752426422977e-09,-9.901192013246398e-09,1.5029893650039145e-08,2.81938197037352e-09,3.1828907915022038e-09,2.5862765124291013e-09,-3.924500503289681e-09,-5.083349311866327e-10,-5.287744139886588e-10,-2.029485520809289e-09,-5.320938709168794e-09,3.469378029388394e-09,4.880409333647212e-10,-5.276935999278761e-10,1.2276185278774192e-09,8.189014164621766e-09,1.6709236790790195e-08,-4.878507032371876e-09,-7.701720318171068e-10,-6.4276966340787616e-09,4.33168499178681e-09,-2.1371470321957303e-09,-3.7183620754729614e-09,3.5111458386396377e-09,4.412191114558838e-09,9.621813659817077e-10,-1.535045093625963e-10,9.296548231924848e-10,3.407967405604009e-08,4.870446951954255e-09,-5.914429190485959e-09,4.67419904541775e-09,2.09420764209953e-09,-4.8121709157105465e-09,8.437187835790042e-09,3.7029704047883606e-09,-8.356282665547516e-10,1.5502779842180519e-09,-2.1296209405758642e-10,1.2942885654049938e-09,3.3524610144083284e-09,3.2337055675648405e-08,1.2172625453815862e-08,1.370304174079843e-08,5.785190118222402e-09,-5.726137180795417e-09,-6.159802673630927e-10,2.0866223039684274e-09,-3.0867814396846713e-10,-2.0947106100885643e-09,2.7277230450591488e-09,2.980406020158566e-09,2.9142051836242634e-09,1.7547978926745792e-09,2.6900377073323854e-08,2.190333369173251e-08,-1.7210949668161358e-09,1.2692776707525338e-08,-6.003522187345846e-09,-4.302699427131201e-09,-1.3054434054676074e-09,2.297923890194609e-09,-6.39753760319008e-09,6.047989290715954e-09,1.2803204844021692e-09,2.343844597797543e-09,2.53106880173333e-09,3.101203869516391e-09,2.665104095776134e-09,-1.6776885818348026e-08,-2.865961824933257e-08,4.102797211045652e-08,2.193875313830554e-08,1.1099263060214022e-08,1.7104042511274142e-08,-9.057083460531414e-09,-1.2421248362660674e-08,4.286853298073396e-09,-1.914677289987623e-08,-1.6813365560473565e-08,5.381357640381649e-08,1.83760870580613e-08,3.3935048257222062e-09,1.4448900712940909e-08,-2.232301292137479e-08,2.4099335059432712e-09,-1.8910392823330882e-08,-1.7449284672864313e-08,1.1052673949213034e-07,-1.1580044066232067e-07,-3.581809107111892e-08,-4.487206561667322e-08,-2.2276856677220184e-08,1.4665275818534891e-09,2.6260289296175834e-08,5.259505869690904e-09,-5.961260393909424e-09,-2.007530910953623e-09,-8.585320088348832e-09,-7.00372084973167e-09,1.69620890843135e-09,-7.322616986089754e-09,-2.3402982508442943e-09,-5.613355403363174e-10,-1.375132532178161e-09,1.0567939115754962e-09,1.2603340838099134e-09,2.4892512523788303e-08,-2.8570778274962784e-09,-8.960372030167401e-09,9.328738163601968e-10,-4.6517621084643915e-09,-2.2898134269347554e-09,5.254348894056768e-09,2.54352561887308e-09,5.360166184022947e-10,1.2986641469385477e-09,-4.929430060997488e-09,-1.9010446416279632e-10,2.451537578356237e-09,-2.8822212804259858e-08,-8.266136827103498e-09,-3.970336794370711e-09,-5.652221713253062e-09,6.1478322454347e-09,2.9508052837043763e-09,-1.8998972282743713e-09,-9.148551168289962e-10,5.019542589064973e-10,-2.849084597414076e-09,4.474783281051986e-10,-9.093444100639967e-10,-1.663458927100414e-09
L8treat_p6,-3.497264710129876e-09,-1.5565924125840232e-09,3.2082685460729306e-11,-3.7846891409414636e-10,3.1282850124353186e-09,2.7931117918784085e-09,-1.586884497237384e-08,-4.187021312438568e-09,1.1640622290547175e-08,2.550333132571815e-09,-2.5859495275249986e-09,-4.026765720320621e-09,8.576679045095419e-09,3.287638107246839e-09,3.1983075752279933e-09,-2.3926363919400665e-09,7.933879556001922e-09,1.418304274199864e-08,3.196587189607349e-09,-3.756598722108115e-10,-8.991527333311013e-09,-4.0483735725744565e-12,5.703811495763783e-09,-3.46396018446265e-09,-9.385197421639898e-09,-4.387325105402617e-11,9.735128386600396e-09,2.716014411956175e-09,3.2026160881661617e-09,-3.740056643926826e-09,1.7933453808998668e-08,-1.1573963795049464e-09,-9.28175756723661e-09,6.31712708093437e-09,-6.025336023667815e-12,9.46033397039301e-09,-2.518229704632491e-09,1.0740266860024296e-08,-1.1631314915825907e-08,4.967533845828202e-09,1.5900402110983527e-08,-1.2910227601115762e-08,-6.545056694437356e-09,-6.504612178489935e-09,1.2714762382141216e-08,2.47470840155552e-09,6.024108548593802e-09,-7.04475558189476e-10,-1.972934049634944e-09,2.1098385795035677e-09,-2.686187713243187e-09,4.956117817252871e-10,1.6116868233436588e-09,2.6432007995467915e-10,-1.3609390656398694e-09,1.789966480162537e-10,1.1509557114595141e-09,-6.535159352501689e-10,-4.190536682092829e-09,6.19004810116855e-09,6.97614158107054e-10,-2.870394883392883e-09,-1.1900799031024557e-09,-2.7232391227312933e-09,-1.34302784788466e-09,-1.826368981356638e-10,-1.244998096691217e-09,-2.427448581495055e-09,5.62806183976239e-10,1.1108451612982582e-09,-5.194015642614473e-10,4.870446951954126e-09,1.9713510974120496e-08,-5.698050600323042e-10,-6.6293411503185e-10,2.222536054157012e-09,7.325517547988853e-10,1.1473411128131119e-09,1.7344724555612108e-09,4.4426928132133537e-10,-4.1976649613702096e-11,1.8393111722153543e-09,1.403604285555856e-09,-1.578173897914718e-10,8.107129753146038e-09,-1.0442360732817584e-09,-4.1096768675819155e-09,-1.320713399508228e-09,-1.3058617453164016e-09,-3.1331758374772714e-10,-2.0003783908553053e-09,1.1675269633404975e-09,-7.965248199551321e-10,-1.6073707727359362e-09,7.768012232526264e-10,7.830160667922886e-10,5.991645282767718e-11,-5.007404497701326e-09,6.084765206857674e-09,3.349217467366174e-09,3.042518590724586e-12,3.5087073582963783e-09,-2.1384944367126693e-09,1.2497561079565084e-10,3.708654486575494e-09,6.541325755365516e-10,2.838514896418346e-10,2.3044869651361695e-10,-5.592351503644328e-10,-3.364553547512312e-11,2.122008250661534e-09,7.577978780629243e-09,-9.208879931926888e-09,1.0227634449857911e-08,1.4990252243216853e-08,-4.190224343405105e-09,-2.2621892124512348e-09,4.071273827031731e-09,-2.8481135901086826e-10,-2.222448007652144e-10,-3.899421904816917e-09,-2.0786662258051232e-08,-8.182531957260364e-09,2.2431074602448446e-08,-1.4341978095389452e-08,-1.4372209596367753e-08,-1.2731419930027179e-08,9.273557226234035e-09,2.71279707556431e-09,-3.864532285013673e-09,2.457442025394632e-08,-1.3213793944519836e-08,-2.82005917615062e-08,-3.706018941403538e-10,4.771712748561627e-10,1.7705181006649782e-09,-8.466600792417433e-09,1.0455827377705932e-09,8.59692279579096e-09,-1.473065095650731e-09,-2.949810477732202e-09,3.2638712633873336e-10,-4.542799279836307e-09,-2.588923499635888e-09,1.6412379545193323e-09,-1.6618421099991797e-09,3.922765160988892e-10,1.7887310049740422e-09,1.8178557913768554e-09,9.218177649392109e-11,3.0254289313532095e-09,6.7459338949799535e-09,-3.6115717940810636e-09,3.1227413895564766e-09,1.2766348381170669e-09,-5.839883617786836e-10,-1.8337725155241419e-09,3.677310285311611e-09,-1.7409718159328934e-09,-1.4506107695060335e-09,-7.228933146435691e-10,-1.0940460987805125e-10,-1.3818137124132356e-10,-1.4611298395622856e-09,-7.341179679531407e-09,3.633594756046379e-10,6.543017327610874e-10,-3.9999544141976847e-11,1.1011035904757897e-09,8.975086092173805e-10,-1.6626885871030893e-09,1.8911193915418807e-09,8.585425492388597e-10,-8.493349203966603e-10,-2.20492522903296e-10,7.644037655630546e-11
L8treat_p7,-1.8369690864308873e-09,-4.257833679887562e-09,4.478072088347166e-08,2.0292044438150018e-08,-7.772131662614399e-08,-2.6503882286288787e-08,-3.8541476893490763e-10,2.207944389890664e-08,1.0637362033259982e-08,1.2725810585908997e-08,-1.2531892196808659e-08,9.225979422613435e-09,7.538095926962214e-09,-2.2654226286337338e-10,-1.3383325432182543e-08,1.377958397417954e-09,4.701374906486096e-09,2.0991892625950154e-08,9.794186047881996e-09,-4.7469634974592025e-09,3.113909862814935e-08,3.2018634841750123e-09,-3.550462911324047e-08,2.6496842906195375e-08,-7.208977910285305e-09,2.4535108280316375e-08,1.9477363116875138e-08,1.630660466707959e-08,1.5692520744967197e-08,1.2223124813210017e-10,4.179550364388941e-08,-7.202531952482233e-08,7.970008924014348e-09,-4.167022510042416e-09,1.7177578796937613e-08,-7.599432205281033e-09,6.400251773047425e-09,9.171675901554901e-09,5.412426782576589e-09,2.7651963436928982e-08,-1.0190169415599304e-07,2.6144769048870836e-08,-1.8524636470022925e-08,1.7920713760795584e-09,1.9611634724705375e-08,-6.694492783826743e-09,-1.3001824732010306e-08,1.110020579001256e-08,2.0405716451203357e-10,-1.3822511586702903e-09,3.0187277926140564e-09,1.301127779651769e-10,2.1378860499691184e-09,1.0440633490302795e-10,-4.349668318044054e-09,8.600564122419513e-10,4.6345457122186434e-10,-9.813246902838184e-10,1.3647330911583694e-08,-1.3594723043092632e-08,1.2632329091199175e-08,6.822547867898601e-09,-2.3960938464123493e-10,-6.536662744280272e-09,-5.218312496854976e-10,1.1309624063280164e-09,-7.549044091872761e-09,-3.226941031106225e-09,2.56808198182639e-09,1.537792784398301e-09,-1.2144644238431866e-09,-5.9144291904860965e-09,-5.698050600320886e-10,2.3892135514775476e-08,5.037372169542851e-09,-5.698368484782781e-09,3.616994317199027e-09,-8.193169738925947e-09,-8.559341717141628e-09,-2.700501097817882e-10,-1.347881797099897e-09,2.4635831972187645e-09,-4.968182615279621e-10,-2.266634063853193e-09,-6.167937385904515e-09,-6.154094326431553e-09,4.0820573412314205e-09,5.1871287273886086e-09,-8.14766312110949e-09,-3.5145340980884426e-09,-1.8080277504154923e-09,-2.6553145188926735e-10,-1.6498321940688023e-09,-9.210578796780675e-10,-1.497472985874495e-09,4.1564773880663215e-11,-1.3184681052383674e-09,-6.821750726926431e-09,-2.235145288180882e-08,1.7650475223274654e-08,-6.980298013842532e-09,2.525479790215005e-09,4.433398300988053e-09,-2.9200675289776997e-09,-4.496182729272692e-09,2.6317377192627786e-09,-2.9342139837680925e-09,2.0600780742880845e-09,-3.948932647896173e-09,-1.29049836353964e-09,-1.436300490033532e-10,9.07621488556893e-10,2.125399024284937e-08,-9.135870943804764e-09,-2.3493826474960863e-08,-2.1805871195908297e-08,6.194076830619202e-10,-7.3265833770378736e-09,-5.4033216518056844e-09,1.1934888256471903e-08,8.297529608118014e-11,4.385485902800534e-08,3.0134274775071826e-08,-6.119089364554438e-08,-1.531543348518488e-08,-3.539078294548944e-09,7.75903964643212e-09,8.190544111051542e-09,1.6227610755893395e-09,1.17403687739971e-08,1.1915209819423996e-09,-5.300170738734825e-08,9.007545064710897e-08,1.532968017206631e-08,2.1686322863209824e-08,6.363907724332685e-09,1.961558087628508e-09,-8.549789006224232e-09,-1.3786408602931778e-08,1.1418627566699247e-08,4.669639622836514e-10,8.041298235580598e-10,9.351033347681445e-10,-4.055737468768907e-09,5.895593264561331e-09,-1.3759891644864789e-09,-4.2498679207353605e-10,2.72976176824563e-09,5.160735301802908e-10,-1.0647894620796004e-09,-1.2941219042812687e-08,-8.507165118712198e-09,1.7553552374575385e-08,6.56654355695095e-09,-5.708496810300579e-09,4.715446992008337e-10,-4.5070403860315655e-09,-1.8163415456152446e-09,-3.896240192181525e-09,-1.2469955739075783e-09,5.662845501539617e-09,-7.180361925742792e-10,-1.587131699267287e-09,1.2369544712682905e-08,1.2831881324532622e-08,-8.076227877532897e-09,-5.004374502335792e-10,1.4257199542724663e-09,-1.3271766567498456e-09,4.022304253151402e-09,9.157236662385803e-10,1.5315825245871727e-09,2.2949597816950593e-09,-2.091604016587278e-09,5.585287116935366e-10,9.630894622022128e-10
L8treat_p8,-6.316826579605378e-10,-7.441619885803814e-09,1.7768512331758908e-08,-1.851199465481921e-08,-1.5697426374491416e-08,-1.1603567884097437e-09,-4.084734643916506e-10,1.9269961272532696e-08,-4.122939331696786e-09,1.9599688713561157e-10,-3.889683901691863e-09,2.111664375875741e-08,-2.5245464896080275e-08,1.1274962671100908e-08,-9.336409008120903e-09,6.171560762478201e-09,3.051038101086187e-09,-8.680400640736835e-09,4.5690379655787945e-09,-5.840415379764665e-09,1.37078087114996e-08,-3.291549946665969e-08,2.391232514272897e-09,-2.328980371583071e-09,5.009752665768269e-09,5.188410508899702e-09,-4.639722557438518e-09,3.0046121430577927e-09,-4.570965965339708e-09,1.0971113138427927e-08,-4.032659041911453e-08,4.481294674241522e-09,-8.018362316152201e-09,-9.829146390727722e-10,1.074662940959905e-08,6.480297128810032e-10,7.013029049196623e-09,-1.3498319976159696e-09,2.0369996632559512e-08,-1.3300599566087793e-08,-2.3052380802932933e-08,5.385711986810121e-09,1.1901800121747889e-08,-3.2353621284986114e-10,-8.541579197351246e-10,2.6531181728752074e-10,-5.948895021114041e-09,3.678882452605357e-09,2.885620515159608e-09,6.210381195315154e-10,-8.633691375997521e-10,-1.7940832532208915e-09,1.34426762404499e-09,-1.2079891959599796e-09,1.0546218505872395e-09,1.6860983079506575e-09,-7.987632212521915e-10,5.685080517762463e-10,5.907411161624844e-09,-1.887857479771404e-09,1.6888928007368889e-09,4.5977392442777586e-09,-1.7221904137720905e-10,-6.573250938302104e-10,-2.1023516828107077e-10,1.2573998292915557e-09,-2.4273625027673846e-09,-1.0228447612209144e-10,-3.259133149875537e-10,-8.715821358420714e-10,-4.047823374463197e-10,4.67419904541767e-09,-6.62934115031831e-10,5.0373721695428395e-09,1.5336645220672123e-08,2.47669574033399e-10,1.4779022060845376e-09,-2.374951826911249e-09,1.1382382609675731e-09,-4.708534578636256e-10,-1.800812129561708e-10,7.477342009540891e-10,-9.81282726407688e-10,3.1198555574514857e-10,4.0491118239680353e-10,3.0395151742730563e-09,1.8273154616827824e-09,7.187157600915106e-09,-3.2657104639826214e-09,-1.1350735326267913e-10,-1.3353736905797819e-09,1.059779060470581e-09,-1.4870041582861085e-09,4.2430754712727716e-10,5.118212111381233e-10,-1.3455194027817804e-09,2.6495328824857717e-10,5.754123302586531e-09,-6.625212798967678e-09,5.373833432247576e-09,7.494281262602957e-09,-1.000580252308804e-09,3.2733757100677108e-09,1.3196003785069473e-11,8.464495670235434e-10,4.071518610522564e-10,-3.783815779311933e-10,5.208072506965723e-10,-1.0772204057384981e-09,-5.263385683527967e-10,8.590188967340445e-09,3.9630289262800705e-09,2.7383074333189666e-08,-2.6535059264241852e-08,7.536670873818198e-09,1.6801741277147656e-08,1.574816020726939e-08,1.3070641845765943e-09,-1.93279423252037e-09,8.756139032254601e-09,7.899702650256684e-09,2.4323455547881644e-08,-2.118769172842817e-08,1.5591372995653927e-08,1.0483547140140656e-08,-5.78038067559656e-09,1.0490221312726833e-08,-8.754196710864637e-09,-5.01911396604023e-09,3.3824057943989016e-09,-1.117670382648958e-08,2.405886987500988e-08,1.0305111411959043e-08,-5.164017546662776e-09,-5.519873505205706e-09,-5.691323274786897e-09,3.3518017847662763e-09,-1.8489710561595556e-09,-5.6663308605399044e-09,1.272230260514667e-09,1.5244121585743894e-09,-2.896022389223728e-09,-7.537052824138974e-10,-1.7745197842503547e-09,-7.340847782348078e-10,-1.6376071642631957e-09,2.471624141174681e-10,1.4852847795585296e-09,-2.782823816706499e-10,-1.96933928467999e-10,9.325654746997864e-10,-2.374635835456446e-09,7.5115584684556e-09,3.880984415758639e-09,2.3323459183024537e-10,2.916886971928726e-09,-7.088970099499197e-10,6.046265857799257e-10,-4.714510675572853e-10,1.2910855282767167e-09,2.3307021833575944e-09,-1.363158159771832e-09,6.628149107041576e-12,-7.398357425692514e-10,3.748058410538859e-09,-3.174864275378843e-09,-5.991042677987307e-09,8.027883581728077e-10,-1.2520776105597117e-09,6.541663051923409e-10,-5.796521798077947e-10,1.0666441448805743e-09,3.3245594841861116e-10,-1.1458750891556273e-09,6.383658284493151e-10,8.06578656828436e-11
L8treat_p9,1.1966847143576377e-09,-3.394992723699293e-10,-1.7168472141310553e-08,-2.239449674357302e-08,5.3872639848497384e-08,2.2939062749714468e-08,-1.5641612588882386e-09,-1.0857045122491645e-08,-4.6565386094912524e-09,-3.9005947129203315e-09,5.5425378300168015e-09,2.892345112474334e-09,-1.8690615382091982e-09,4.880002402589196e-09,1.485161112463266e-08,-1.7445629809420436e-09,-2.0322880164089365e-09,-7.888132679878225e-09,-5.763555238014288e-09,-4.942245427378405e-09,-1.422468171791361e-08,-1.2588356332231788e-08,2.7239895088337523e-08,-8.209788701976379e-09,4.702447127781886e-09,-8.55515421281025e-09,-3.977355829854412e-09,-1.1430134842810842e-08,-1.0523742592770305e-08,1.3063527709281016e-08,-2.1069152913274332e-08,3.409975307817047e-08,3.1743844632169744e-09,8.675836100291004e-09,-4.552434763923226e-09,6.707706811562982e-09,-8.458105178628288e-09,-1.0452904591355142e-08,1.9253056440162057e-09,-3.126662309965257e-08,4.887749913208623e-08,-1.0336795894180076e-08,1.1932013591833092e-08,-8.700192148769646e-11,-4.960506744668359e-09,3.0297913907806926e-09,5.612779385923222e-09,-3.2879609600621862e-09,1.2901662469595466e-09,2.8276651507152103e-09,-2.7401004410161727e-09,2.523332782664803e-10,4.5645259679122497e-10,-3.604134698770147e-10,8.597729770520002e-10,4.330554098764241e-10,1.699467321192955e-10,2.3208587862299737e-10,-5.462544102752088e-09,8.761437619789411e-09,-4.33281071460768e-09,-1.9374916693617064e-09,8.16351398336503e-11,2.367795541091574e-09,-1.3263054372727749e-09,-8.270131184205996e-10,2.6325445507134576e-09,1.4759577999201149e-09,-4.762301737706323e-10,-1.0926754220243514e-10,1.6459856024535956e-10,2.0942076420995144e-09,2.222536054157004e-09,-5.698368484782825e-09,2.476695740333938e-10,6.312313114940883e-09,-9.584045898926976e-10,3.3933631354882106e-09,4.179729436358922e-09,-1.5180504372732495e-10,3.9277697632209113e-10,2.1101731540708323e-10,7.061596015818305e-10,1.2177557372419658e-09,3.1246359714165585e-09,2.339136128491863e-09,9.677224683140387e-10,-1.4183601008295148e-09,2.9608566694914294e-09,2.9300138406629645e-10,-1.234178529934909e-09,1.020124642122072e-09,-5.15339169968038e-11,2.35193538554839e-10,2.0733891812603462e-09,5.014508725047056e-10,6.112221073450498e-10,5.166928214049589e-09,1.4080587661418848e-08,-1.51351260867591e-09,6.416430722295213e-09,1.3426874270968576e-09,-3.252944916623187e-09,9.583191271752373e-10,3.2696495700100003e-09,-1.1444861391316374e-09,1.1386440606837752e-09,-2.428448420827466e-10,1.4998716984967296e-09,1.827150939746502e-10,-2.3468986854323467e-09,-1.8877744463192524e-09,-1.0206885508476963e-08,6.946438349984714e-09,1.5486717601466248e-08,1.1520275925237454e-08,3.529034156544697e-09,7.914002577155437e-09,3.172742719721307e-09,-5.431281263560963e-09,-3.0673777895277267e-09,-2.2912606263351224e-08,-1.1832085700226377e-08,4.3994751807792076e-08,9.208730053766e-09,-1.3025370323442317e-09,-8.531928890223288e-09,-4.7654787287617246e-09,3.0068366708994776e-09,-1.0547627689964464e-09,-5.343623699760855e-09,3.16148805991405e-08,-5.3272515237127116e-08,-1.7910329291888598e-08,-1.6646726522296598e-08,-6.318189536375456e-09,-5.1440954314738636e-09,5.027796400120075e-09,5.25233178023738e-09,-3.3313302850686447e-09,-1.0415683943438106e-09,-1.153270648789696e-09,-2.693586288486865e-09,1.6557339850687042e-10,-2.8980860529776536e-09,-4.891540215445035e-10,-4.997981725949451e-10,2.935785796779247e-10,8.98076412653682e-10,7.601789949574571e-10,5.13281398009282e-09,4.000500025092692e-09,-6.755337810874917e-09,-1.7103349491116759e-10,4.549717403307126e-09,-8.473374308938308e-10,1.8444049085341701e-09,3.0287538204101604e-09,7.896937591898074e-10,-1.0328887256001222e-10,-2.083189265806114e-09,1.4055998543883344e-10,7.749728508778944e-10,-8.125849141942179e-09,-8.027532224696952e-09,5.002982598093267e-10,-1.2430579504824252e-09,-1.4790512468527918e-09,1.2744423470961005e-09,-5.306593434336914e-10,-9.510688813645092e-10,3.8494852356365525e-10,-4.248100653542827e-10,8.586605663245102e-11,-5.813193036201771e-10,-5.777609240433284e-10
L8treat_p10,3.061877566582875e-10,-1.2144688312759726e-09,1.1343516797335516e-08,1.473669980371149e-08,-2.915344773043679e-08,-9.18473792415085e-09,-4.954400497110097e-09,8.562721945868796e-09,7.58191288235951e-09,6.819103455175839e-09,-3.6312391007866766e-09,-1.8053225059368346e-09,7.83271160538158e-09,-9.564796030399944e-09,-3.8429505945262126e-09,-3.0615660035740644e-09,-9.458533230466771e-10,1.0342052809017448e-08,7.686600820592573e-09,2.530359153318784e-10,8.561144681882418e-09,1.76714052475138e-08,-1.586971402442011e-08,5.166034806943076e-09,-1.1329208494709032e-08,4.268673917432922e-09,4.638956429449422e-09,8.27721600904521e-09,8.912920370382429e-09,-5.847131626787544e-09,1.5326366839243902e-08,-3.1160743059244136e-08,3.289519196144037e-09,-6.989638135312056e-09,3.4191419883544447e-09,-8.349318641445058e-10,5.522029861641441e-09,7.58716198788211e-09,-4.987935751070249e-09,2.360328104159218e-08,-3.473300277554716e-08,6.732546401244797e-09,-8.730769072217547e-09,-3.531184216849284e-09,5.199613915091549e-09,-4.563956037839424e-09,-3.842131487864388e-09,5.589783961192284e-10,-1.3151128871020392e-09,1.1884594514162369e-09,1.9082999056112505e-09,-5.118049423037144e-10,8.470694270125467e-10,7.643071090470299e-10,-9.144093727430613e-10,3.407689418592381e-10,6.026586558014482e-11,-1.3585557828331102e-10,1.2736891527183378e-10,-4.823718946048878e-09,2.6491056886550107e-09,1.531225230870241e-09,1.3734619723905725e-09,-7.671928365028108e-10,-4.0531005003732454e-10,1.1773341674101762e-09,-1.7924545931951794e-09,-8.197032987847514e-10,-6.14499637369653e-11,1.1957291032972062e-10,-2.529936345088806e-10,-4.812170915710586e-09,7.325517547988513e-10,3.6169943171990127e-09,1.4779022060845267e-09,-9.584045898927185e-10,3.661201354255594e-09,-3.4364427524978264e-09,-1.9141349512014643e-09,1.1727185704108092e-09,-1.0356845062441876e-10,5.473685845458475e-10,-6.4378898250262e-11,-6.879864383030879e-10,-4.259503603853706e-09,-1.7958327242278894e-09,-1.3584417552022754e-09,8.914651199911534e-10,-1.1828613773012121e-09,7.443511694897069e-10,-1.4035129377353827e-09,3.138477513535757e-10,-3.060646889655839e-10,-4.3047283135551726e-10,-7.701959355555019e-10,-2.787912991883143e-10,-2.9590753194180874e-10,-6.445965570807441e-09,-7.803236103676596e-09,3.48774295757161e-09,-2.829913114297999e-09,2.151035306983621e-09,3.854817975410675e-09,-1.1399162735841402e-09,3.779329407597722e-10,2.497457504024566e-09,-1.2466889359185103e-09,2.0017740336394397e-10,-1.4578723908759323e-09,-5.369797487447972e-10,8.39168260413777e-10,3.6546267000271843e-10,5.624133613757596e-09,-1.3840031564161587e-09,-1.1323576984649442e-08,-5.836736411435333e-09,-2.335072740690914e-09,-3.1505655696030895e-09,9.762076956449265e-10,5.04025126230569e-09,1.015019757063383e-09,7.476631721051874e-09,6.535953679558322e-09,-1.785832769376719e-08,-6.330858598523973e-09,-4.382251053967661e-09,1.509097251607016e-09,5.127152755618559e-09,-4.019763858303238e-10,2.7493299479046895e-09,1.0169246844245278e-08,-2.836391874087215e-08,3.5065426568911585e-08,7.442551991555712e-09,1.2811262406178888e-08,4.60508712545508e-09,-5.655018638575638e-10,-6.4082075961433335e-09,-2.506911444267617e-09,1.900749592592949e-09,-2.9409286695766257e-10,9.005023615197393e-10,2.428432931110751e-09,-1.8811750218588544e-09,2.2657080059678424e-09,8.084467528815049e-11,1.0559132251153462e-10,8.48460953070853e-10,-1.6647208140675213e-10,-3.324563503346096e-10,-6.322329931174004e-09,-1.1593921548450422e-09,3.0493153270718535e-09,1.7282679024825556e-09,-2.3186464594552653e-10,1.9787893209067345e-09,-2.3726855338384884e-09,1.4738942006449638e-10,-1.1110843329528697e-09,-3.067405614083494e-10,1.969845007534187e-09,-6.44451032412219e-10,-6.160689708589291e-10,7.046740111229746e-09,3.9421840054520845e-09,-1.9645481319247716e-10,1.0306644478157422e-10,-6.546466844851804e-10,-1.892071861921351e-09,1.7081699115012192e-09,-5.183299025968294e-11,2.374416825851397e-10,6.79391835311328e-10,-5.556930863213238e-10,4.3668741271905094e-10,2.9528828451140724e-10
L8treat_p11,-9.771820249301994e-10,-1.9700434365283184e-09,-2.830848445715066e-08,-4.6287550326782975e-08,9.039868385660592e-08,3.890361480014425e-08,-6.630659355534507e-10,-1.7189033285908e-08,-1.2099487610068311e-08,-1.48689859725098e-08,1.1265058612644294e-08,7.201389092042371e-09,-1.6797484830299415e-08,2.5729646827699906e-08,2.6472417250729443e-08,9.343296473745524e-10,5.413968556082162e-09,-1.2469802830497648e-08,-1.557557145826228e-08,-4.7219471309038785e-09,-1.8417333398456215e-08,-3.4807538002128e-08,4.517945006917517e-08,-2.419962505689891e-08,2.2667880772595122e-08,-5.720223075547841e-09,-1.0186050279884096e-08,-2.280752876427684e-08,-1.6969672957055573e-08,2.4260223687921724e-08,-4.478677100320324e-08,7.233246649359814e-08,-3.174857701478359e-09,1.1974385427071726e-08,-3.0983954591825636e-09,1.2443373316200727e-08,-1.8822816318054612e-08,-1.139668771756905e-08,8.346878235569944e-09,-5.998438564219393e-08,1.0469144438359674e-07,-3.469003587149198e-08,1.3518938915912181e-08,1.1054543394175056e-08,-8.557551197609301e-09,6.960712215012999e-09,9.852484046559532e-09,-2.579133738673951e-09,3.1360629944021186e-09,-1.235019677249916e-09,-3.2556746050481774e-09,1.5801308322934385e-09,-6.13030651145006e-10,-2.602693190198232e-09,2.3298193118981514e-09,-5.647175703999163e-10,-3.9332958269417907e-10,1.1497593745250382e-10,-5.315132327391341e-09,1.7944880904313882e-08,-9.99336968911579e-09,-3.509646537467613e-09,-3.947804209500061e-09,3.2286854091668947e-09,-6.944794908463412e-10,-2.061785526702563e-09,4.572147511361739e-09,3.9421791898306315e-09,1.5861642742962104e-10,-3.177457982423867e-11,3.4133314792545674e-10,8.437187835790049e-09,1.1473411128131621e-09,-8.193169738925946e-09,-2.37495182691124e-09,3.3933631354882015e-09,-3.4364427524978334e-09,1.0475691859791688e-08,7.334913119595651e-09,-2.365090316440348e-09,1.5265457209936753e-09,-8.567872706217761e-10,5.343764175234469e-10,2.1570223728780046e-09,1.1416930289436956e-08,1.2434425746920694e-08,6.2662957480053305e-09,-1.3471224478095572e-09,4.175660249657389e-10,1.2050492366240493e-09,1.983320577356214e-09,4.0456104421614587e-10,-4.837739661171105e-10,1.2160816012202323e-09,2.2149613869780554e-09,8.436266623470564e-10,9.796011586451059e-10,9.979197414740709e-09,2.1263221900178035e-08,-6.185000498055752e-09,1.0076662229680042e-08,-4.169329719426572e-09,-4.9767395500484755e-09,2.2758122871489387e-09,2.8078873586569773e-09,-4.6385624968905906e-09,3.5269798246254072e-09,-5.632252840517354e-10,3.249873311943674e-09,1.3347080342153829e-09,-5.377280019667383e-09,-4.228801710613959e-09,-1.9156746066215725e-08,2.1502011155377345e-08,1.4031300772557145e-08,1.2943215019154932e-08,1.353195227345115e-08,1.65035376102923e-08,-1.4173323679458387e-10,-1.0674742531690006e-08,-1.455330115394795e-09,-1.9902213351572394e-08,-2.4656707287950696e-08,5.494805842241633e-08,1.771483151481263e-08,5.484509971349611e-09,-2.6205332359869235e-09,-1.3289938045923364e-08,6.815158909649242e-09,-8.858172015740695e-09,-6.594296246461556e-09,6.084537830607863e-08,-1.0353860229664184e-07,-2.3058927077845334e-08,-3.118175235405988e-08,-1.7440431579971954e-08,-5.950151665531784e-09,1.32090720442199e-08,1.0041149226195893e-08,-7.580116101948706e-09,-3.3965291191839505e-10,-4.9907937651249035e-09,-4.711375500384706e-09,2.5489649597073137e-09,-5.1465787899324644e-09,-5.397227216008927e-10,-3.5165605799129247e-10,-1.4991301215575779e-09,6.517991224580719e-10,8.064466099512103e-10,9.39696803788707e-09,5.150295773375281e-09,-8.454975762512637e-09,-2.442955787631758e-10,2.229506979276388e-09,-1.0567769297513722e-09,5.017953160918129e-09,2.4031613742964786e-09,1.1887853492852867e-09,-1.5708768994698403e-11,-5.00428608947808e-09,-1.4233054602961925e-10,1.3515278437674786e-09,-1.7820850745484946e-08,-1.4202008515941876e-08,-6.380457055508143e-10,-2.3415487932287794e-09,1.906674822726422e-09,1.3402681195308768e-09,-3.493683601743948e-09,-1.2988782759871253e-09,6.770649726594929e-10,-1.753292245892899e-09,1.2526684359734273e-09,-6.421910233321932e-10,-8.595502047149239e-10
L8treat_p12,-2.4848302595580286e-09,-3.757076498620519e-09,-2.2405046138141722e-08,-3.0123079166331085e-08,6.09045266011465e-08,3.0092381131486805e-08,-1.0455573556689559e-08,-4.707868670936351e-09,-6.65074985883431e-09,-1.0312240839225696e-08,1.2666176660938325e-08,1.2777077962605935e-08,-2.1562484432547172e-08,6.884309384013653e-09,1.666005083986034e-08,-9.67176040959969e-09,3.823091318808569e-09,-1.2560929268259134e-08,-1.3507581456110984e-08,-2.4472201609699074e-09,-1.7767655920275446e-08,-2.188097160220422e-08,2.3747988582370424e-08,-2.744977624358689e-08,1.0848882225561627e-08,-6.118650458819647e-09,-9.11980555055916e-09,-1.969548356087598e-08,-1.5400646806219654e-08,1.402842801757017e-08,-3.683563114841029e-08,4.0678774898064264e-08,-1.040651849906579e-08,2.586772275029407e-09,-6.6241089775837845e-09,1.2364903796339578e-08,-1.3031470228410293e-08,-1.1422509114028793e-08,3.570678422784852e-09,-2.9839341916134166e-08,7.043943263024347e-08,-3.016575452138662e-08,1.2058548162504664e-08,1.21637732614817e-08,-7.949416313081005e-09,5.272976264365379e-09,8.159117918471312e-09,-3.0058471923670667e-09,2.8664299687946006e-09,4.6230560034085634e-10,-3.200740908759471e-09,1.8199215455901155e-10,3.483616208474818e-10,-1.925890166129702e-09,3.028279973183825e-09,-1.460750712882554e-11,-9.60945504262419e-10,1.7661907618494214e-10,-9.093726412691405e-09,1.1710763980225533e-08,-8.987842631013672e-09,-2.686328674756367e-09,-1.2036581029060803e-09,2.7973005583614212e-09,-4.0749713101092883e-10,-1.0793610864190212e-09,3.5975949758451115e-09,2.6369583735144348e-09,-1.0715179143947376e-09,-7.28054275305133e-10,3.7201510388197486e-10,3.702970404788337e-09,1.734472455561275e-09,-8.559341717141608e-09,1.1382382609675808e-09,4.17972943635893e-09,-1.9141349512014503e-09,7.334913119595607e-09,9.518568969263805e-09,-1.2932929061670613e-09,1.6455567503932992e-09,-1.0182594889880047e-09,-2.640692496635082e-10,1.4384286407588564e-09,3.6001553707668956e-09,8.088142664795134e-09,8.256039729466089e-10,-1.0878862497536155e-09,4.203129098379598e-09,3.301240379571296e-09,8.453140983785945e-10,6.721772511145966e-10,-6.291856783205414e-10,7.368104465469567e-10,2.1037651099495424e-09,-3.4863630488407025e-10,1.0494890061236602e-09,1.5236477733537364e-09,1.647830212207055e-08,-7.171221329012931e-09,9.644331121853946e-09,-3.9548946088269725e-09,-3.2399945834916773e-09,3.0699969451234616e-09,4.266770169210267e-09,-2.7620700047509583e-09,2.210744321286763e-09,-1.3998190101917803e-09,2.2893039908591e-09,5.892720799779629e-10,-1.2536889886706282e-09,4.40617884808153e-10,-1.3784800448341074e-08,2.2428249045975255e-08,7.026797593065216e-09,2.2578993964863745e-08,9.179200178733489e-09,1.4164447989344088e-08,9.032327546016321e-10,-7.177019792864867e-09,2.197195677654184e-09,-1.4016219797915065e-08,-3.888452953206735e-08,6.281162637163702e-08,1.429986063028471e-08,-4.804055112516125e-09,-4.459066899850458e-09,-6.2570209036870114e-09,2.989234050601075e-09,-7.261491609362663e-09,-1.1669734325867854e-09,4.6115877756939146e-08,-7.469768149104228e-08,-1.4990979849554314e-08,-1.7815042547568348e-08,-1.3365449915046255e-08,-4.761429211235531e-09,5.669443289157597e-09,7.76641840386774e-09,-9.057302090206605e-09,5.928426988475602e-10,-4.217507645029903e-09,-3.1902222857390573e-09,1.4939080354947151e-09,-3.909747147620312e-09,-9.006597194024853e-10,6.260750242446425e-10,-7.336610277816359e-10,-1.6593740619414719e-10,4.4508856827425874e-11,9.004754039579134e-09,7.730325979675933e-09,-7.625671957731993e-09,-6.935613833607085e-10,5.0951711953562406e-09,1.5077898231042304e-09,3.3819326369925395e-09,2.700803833260398e-09,1.3538685859825187e-09,9.418444882996712e-10,-3.2647571644556576e-09,-5.380182198815521e-10,9.063220354834632e-10,-9.945718894484188e-09,-1.1353113634667969e-08,2.1576518925067872e-09,-2.4609734837822976e-09,4.036510815168565e-10,1.0005437310532371e-10,-3.116740271779243e-09,-1.907039374689054e-09,6.046359168447681e-10,-1.379145384326449e-09,9.525378928150923e-10,-2.3219347408165035e-11,-2.9349481498691864e-10
L8treat_p13,1.6505933803653873e-09,2.4458524650552477e-09,4.271240839341328e-09,1.1066535794894977e-08,-1.715586129345659e-08,-7.692381173579114e-09,-3.2912483734634064e-10,4.983361144626418e-09,6.952619874309594e-09,2.5706376196233643e-09,-2.8482974336275924e-09,-5.011707034249573e-09,-7.300449090159501e-10,-7.738627367860937e-09,-5.456402140898114e-09,-2.3391194536501176e-09,1.2390378830257057e-09,5.1050825843509264e-09,6.487734023034937e-09,3.513746994521077e-09,-5.797436519037654e-10,1.7839313462606594e-10,-4.107410804237813e-09,1.0151360399042697e-08,-1.280338941697936e-08,5.851621074862172e-10,6.319418064125378e-10,7.423959026953356e-09,7.3135185764826776e-09,-8.004561571926303e-09,4.495012478190717e-10,-7.758117982667776e-09,9.480755525427465e-10,-3.6390117168079357e-09,3.0538695874337958e-09,-2.2369005256536482e-09,6.882285627901914e-09,4.846201222393019e-09,-5.8350943349104316e-09,2.622483052290326e-09,-1.0645249552286691e-08,1.0562123717128826e-08,-4.307351112858845e-09,-6.401955591017672e-09,3.4428207517822843e-10,1.3972579254163046e-09,-5.043078565232545e-10,-9.214776128414718e-10,-1.923354039506646e-09,1.4389153067453444e-09,1.1017871068383165e-09,-6.705998264299958e-10,5.641269772990479e-10,1.3193110012607866e-09,-3.901945392967108e-10,2.476327064698714e-11,6.581184995606633e-11,9.833630833923224e-11,-1.2932780425938062e-09,-2.509964182352141e-09,1.9550149467029675e-09,-4.812301656439838e-10,1.8752210897125805e-09,5.2853085680216125e-11,-3.29626192770364e-11,3.9235886248530315e-10,-4.3883390616963483e-10,-1.4416985793232362e-09,-3.9884294695962936e-10,-3.4253439534996413e-10,1.955878769337386e-10,-8.356282665547291e-10,4.44269281321379e-10,-2.700501097817858e-10,-4.708534578636191e-10,-1.5180504372731712e-10,1.1727185704108063e-09,-2.3650903164403307e-09,-1.2932929061670698e-09,2.89646580939643e-09,-7.056997461260525e-11,-3.1780186290735156e-10,-1.2464301989578758e-10,-3.9998132990091165e-10,-2.1279068234881882e-09,-5.4841730046466964e-09,-1.6885280200660132e-09,-9.781593754256548e-10,8.872590366647064e-10,-1.9863764421350216e-12,-6.529546181839158e-10,-2.32637273061646e-10,3.716298811108702e-11,-3.311262743131786e-10,-7.376170732289263e-10,-1.243468939693663e-10,1.2806444160007905e-10,-4.753770157401163e-09,-4.908253305890636e-09,6.025848451276052e-10,-4.240573136944682e-09,1.0343999828566602e-09,3.272793449273851e-10,-7.983035143610561e-10,6.419833883300062e-11,2.295459115423984e-09,-1.1412508113260895e-09,-1.8219157444710602e-10,-1.0380046687747522e-09,-3.918411302716469e-10,2.6190516664820424e-09,1.6357558383542659e-09,9.762525438681002e-10,-6.031843704832868e-09,5.208117191131005e-09,9.654726720201133e-10,-7.99954700428042e-09,-1.5904549265593963e-09,1.9856292044791632e-09,1.5687316267336973e-09,-7.468346394293664e-10,-2.079313990823602e-09,6.691041698643361e-09,-6.2943495982805775e-09,-9.386241647187558e-09,-6.400879651338819e-09,4.742052322212644e-09,5.538257659633805e-09,-2.879756763563401e-09,5.586784739649687e-10,5.990429511139303e-09,-9.208471016670384e-09,1.5766199005658823e-08,2.9187402937975e-09,9.634950683423553e-09,2.7303884347166918e-09,1.5596484939477272e-10,-2.9083599250524607e-09,-3.903762240889781e-10,5.530095324054725e-10,-5.709507962608196e-10,2.1047324916373144e-09,1.0543370660677627e-09,-9.880538618618468e-10,4.2786734328389766e-10,3.5704011906527495e-10,-2.193632986436258e-10,2.8181655346668024e-10,-3.0249354116124294e-10,-2.2533589974012607e-10,3.983382507368694e-09,1.5541458688092217e-09,-1.090928193528355e-09,-8.065635274759044e-10,4.839532591683922e-10,3.2210496850036515e-10,-8.351354483426005e-10,1.8865925757200677e-10,6.472107054533831e-10,8.344179324721207e-11,5.673068525306738e-10,-1.3751435088107742e-10,-1.9762249855680608e-10,3.5224587713554533e-09,2.6096274349309714e-09,1.3635522641835169e-09,1.6399515632427956e-09,-7.63454223471426e-10,2.5573494985262576e-10,1.0957900534659302e-09,2.643962770682719e-10,-8.012799870314381e-10,2.98432556758166e-10,1.9332205760684758e-11,3.026464761734489e-10,1.6327641441838575e-10
L8treat_p14,-1.2808917202517689e-09,-3.0151835128568657e-10,-1.8233342492262913e-09,-1.4664109408588125e-08,7.53451440866148e-09,6.821811945401342e-09,-1.8217919143463459e-09,-1.728047621551816e-09,-3.2470397183409776e-09,-5.098868656766605e-09,3.3632926050433953e-09,6.6820896544320986e-09,-1.529203314825424e-08,2.4226562083051068e-09,5.924717946308311e-09,-1.0348017316690323e-09,1.4190913363145775e-09,-1.8485926828078237e-09,-4.088034215818437e-09,1.3111761758729107e-09,2.5208219478269554e-11,-1.0500688307408108e-08,2.622036761586319e-09,-3.748652197372704e-09,4.067546311794785e-09,-1.5938041826472065e-09,-1.882824559452898e-09,-5.731530621469938e-09,-3.0605991156346145e-09,6.732652780274482e-09,-1.571791078162233e-08,8.980831873714601e-09,1.0358388397346177e-09,1.5112302168938724e-09,-2.495231261634783e-10,3.791406490624334e-09,-3.4750012282393713e-09,-1.574337803334541e-09,3.297038020682897e-09,-1.0299030906102616e-08,1.6022424091073382e-08,-6.931322601027048e-09,2.2535807300034197e-09,3.553529163450244e-09,-1.5161717293574533e-09,1.4140296439259052e-09,2.339680823154019e-09,-3.4745129565133246e-10,6.778389542475806e-10,-3.52338998821495e-10,1.2285011549600734e-10,-4.104432907653187e-11,5.108510528101027e-11,-7.322319094773119e-10,1.582345615157908e-09,-2.2668414953904083e-10,-2.5953454232260393e-10,3.568942058540839e-10,2.72716091886548e-11,2.6885269678766778e-09,-3.2919206181924716e-09,-2.8864285767316794e-10,-4.659604969255506e-10,1.154176276132232e-09,-2.7929056891466395e-10,-1.772831385368654e-10,8.25363438351323e-10,1.1173301695343313e-09,-3.313170030420015e-10,-2.2757480784197901e-10,3.552474928144901e-10,1.5502779842180605e-09,-4.1976649613687324e-11,-1.3478817970999083e-09,-1.8008121295618112e-10,3.927769763220928e-10,-1.0356845062441521e-10,1.52654572099368e-09,1.6455567503932965e-09,-7.056997461260723e-11,1.3606404429468527e-09,-4.954204269404748e-10,7.59738288208627e-11,5.72666482482837e-10,1.6570426250160456e-09,4.725212417075059e-09,2.1125685115649886e-09,-2.712089355621418e-10,2.976612814702194e-10,1.2237757576053365e-09,7.65167067739529e-10,1.2304902590625926e-11,-3.583754522038824e-10,8.499423453707962e-10,1.9588470774670003e-10,5.20576462916051e-11,4.1154892625140196e-10,1.196683778357177e-10,4.996504793855699e-09,-1.336809519137217e-09,1.8384115063254918e-09,-9.57899346644183e-10,1.0223083357838207e-10,1.2735694944799792e-10,5.27376620335953e-10,-6.983087899317085e-10,1.2616309396947492e-09,-2.392770990279911e-10,3.5621180388593426e-10,6.290826868373043e-10,-8.50786179208665e-10,-1.3958973552299893e-09,-2.1152165299266337e-09,-1.6236740864878935e-09,3.375636142755689e-10,4.702256932859859e-09,3.005835142202089e-10,3.787003279314251e-10,-9.509704324781236e-10,-2.910948663844905e-09,1.0806641664871968e-09,6.722537368316647e-10,-1.122696889696597e-08,8.772031602514261e-09,3.1054149801847704e-09,1.4963997464439851e-09,-6.734009558856565e-11,-1.7818661885707917e-09,1.1788605851891053e-09,-3.113664090678699e-09,-2.8906538121253355e-09,1.6628827774597142e-08,-1.3552918072000066e-08,-2.4447107047737533e-09,-3.051785642312884e-09,-2.678108563458384e-09,-8.420519814816545e-10,2.2658975449593812e-09,1.8426424800860537e-09,-3.5105025684599633e-09,1.980452758074641e-10,-1.8967830480875455e-09,-5.060465150944597e-10,4.073814744556676e-10,-8.075879914101871e-10,-6.464085488668212e-11,4.58240463175164e-10,-6.215976307516213e-10,-2.7955668325116605e-10,-4.225038815620618e-11,1.887087006795874e-09,7.56503315145096e-10,-2.7008563336782113e-09,-5.21601096865878e-10,1.8662131660576022e-11,5.372611707044618e-10,7.984045926879737e-10,4.565867452415996e-10,1.9393746223328866e-10,8.102178436510673e-10,-7.904696482229266e-10,-1.430599743722523e-10,4.229579176152605e-10,-2.403967351161141e-09,-2.7139757674645857e-09,5.419279333333353e-10,-3.7749861322622504e-10,7.912997028970224e-10,-1.637773649425138e-10,-5.13108852903884e-10,-3.126915204463739e-10,-4.805508150765272e-11,-9.609076111963842e-10,4.622939291745967e-10,3.258185650068943e-11,-2.545691068019796e-10
L8treat_p15,2.244417155088423e-12,-1.5077143412802651e-09,6.386136755657011e-10,6.600978941275452e-10,1.4080638408495583e-09,-4.5771025891067456e-10,1.966544570819996e-09,-1.659087069835797e-09,1.08013034574612e-09,2.3306066757741325e-09,-4.2372580130955625e-09,-4.626468037343257e-09,1.0059601582519803e-08,3.762183633727577e-09,2.296091452273276e-09,4.780404038475579e-09,1.214576292026998e-09,3.640657430992277e-09,7.259334404005224e-10,-4.251654126508374e-09,-1.1875926904453723e-09,2.379259142528266e-09,3.075577754491461e-09,4.965394510412378e-09,1.7133259197890796e-09,1.2478322784331318e-09,3.909247551173985e-09,1.1704257532042702e-09,-3.930857647145589e-10,-4.266560436841198e-09,1.0011954231893384e-08,-1.3063921701968543e-09,4.294159142511244e-09,4.452238039133481e-09,2.3458425827143954e-09,1.6571615745324397e-09,-1.877978381172763e-09,-1.671133918265207e-09,-3.2171848527255735e-09,1.379438582913177e-09,-7.946437979238391e-09,3.496595010267129e-09,1.155172005758804e-09,-2.3666982378533668e-09,3.724653907513111e-09,-2.0593069567407397e-09,-2.017213661549327e-09,7.089938279861473e-10,-3.2238752759507873e-10,-1.5067792297928604e-10,-1.6950355878341268e-10,3.8508263601898305e-10,8.180169358375721e-10,2.9730095697038254e-10,-1.1936965101023844e-09,6.619980048257266e-10,4.680178005804393e-10,-1.724711706532784e-10,1.0498812992226685e-09,-6.715556184578213e-10,1.6919659489132853e-09,1.7479783192587037e-10,-4.875209917612682e-10,-3.658464936437855e-10,-7.105330854719972e-10,2.1643487578165202e-10,-1.0215543318699904e-09,-5.770602384235971e-10,5.39186634545424e-10,7.574327458709867e-10,-3.46063981204176e-10,-2.1296209405761552e-10,1.8393111722153714e-09,2.463583197218775e-09,7.477342009540837e-10,2.110173154070726e-10,5.473685845458482e-10,-8.5678727062178e-10,-1.0182594889880142e-09,-3.1780186290735404e-10,-4.95420426940478e-10,1.3302593321414244e-09,3.785251573370301e-10,-1.5262659268219526e-10,5.489054232054916e-10,-2.515197049553797e-09,-6.928563845754848e-10,1.0897627346470905e-09,-1.8513260065249273e-09,-1.1462631432769555e-09,-1.017178958577488e-09,3.532699532678046e-10,-3.518434000775026e-10,-5.899282398607151e-10,5.777521885113874e-10,5.408659792610322e-10,-2.4518922076389106e-10,1.2208103616287048e-09,-1.2324144479947236e-09,3.5714881006188277e-09,2.993603672145323e-10,1.300710521707678e-09,3.682788787721337e-10,-6.17095105659458e-10,4.223277460562285e-10,2.1070040543666748e-10,-1.0943182998319271e-10,8.30320556797661e-10,-2.1389089047138175e-10,-2.9803255046187464e-10,-1.208693080586511e-09,-1.4219787997892606e-09,8.761020344858583e-10,-1.3707738932747104e-09,-8.449535433754816e-10,-3.258855424278664e-09,2.480318793888476e-09,-2.7963588123333454e-10,3.274756594848954e-10,1.2254294515538505e-09,-2.7138650659389225e-09,-1.5921419245464786e-09,8.957940489574726e-09,-5.491815425687263e-09,1.2050999392827302e-09,1.7854794465831855e-09,-2.952403750145509e-09,1.120568841408468e-09,1.4964937265171696e-09,3.073964874915613e-09,1.1052311721714618e-09,-6.9551506969943285e-09,5.887009891508983e-09,-1.7999192933537466e-09,-2.470062226392485e-09,1.7978209671591754e-09,-1.2608598350511073e-09,-7.432744807141394e-10,-1.813932282634952e-09,2.0194305172798585e-09,-9.975886990876236e-10,-3.6077241729987813e-10,-4.4912264376415235e-10,-6.673506278583283e-10,9.972506804693323e-10,-2.4464307252560365e-10,-1.3408636032022154e-10,9.522487657167938e-10,7.082466420565158e-10,1.9128800619010202e-10,-2.9869117100110383e-09,-2.4468604575968604e-09,9.73550228667213e-10,9.790818260420872e-10,-9.292016167822668e-10,-6.485967244154469e-10,-5.874002916057275e-10,5.895579455978864e-10,-7.913884596036136e-10,-5.919524710526654e-10,8.669525491926742e-10,8.339523076030525e-11,-1.6580872924940667e-10,9.314752886078592e-10,1.4117808329218842e-09,-1.016100304382237e-09,-8.986418016539475e-11,2.4021704438661775e-10,1.7526726427268655e-10,7.612071417318255e-10,-2.1883197795880615e-10,5.048764491491513e-10,6.141804757822893e-10,-8.494000772752393e-10,-2.3219716947792412e-10,2.5689771416043848e-11
L8treat_p16,-2.2065226485199763e-10,5.161443074230545e-10,-4.556140527051606e-09,-6.24653128845349e-09,1.3008738203906782e-08,4.0982626090600975e-09,1.8451516730888576e-09,-5.2848848429897894e-09,-1.1740011284783514e-09,-1.4104002694847237e-09,-1.135705992031609e-09,-4.434065527700266e-09,1.9124151132466527e-09,5.986819162775748e-09,6.178833704635584e-09,4.024717831335567e-09,1.2117139701831966e-09,1.3402075980335019e-09,-7.88359130935908e-10,-1.2266850085143842e-09,-4.089341058718626e-09,8.00112388075281e-10,7.254201240343904e-09,1.501631591001955e-09,2.2000078671651006e-09,-2.7426174524805e-09,3.690917253766705e-10,-1.138533525720301e-09,-1.1214709382925254e-09,-1.5523697445267345e-09,2.251556601073049e-09,9.313096061673969e-09,4.243627945321457e-09,5.341482481906959e-09,5.68317878706058e-10,3.1635203686746437e-09,-2.11930719066447e-09,-5.046652310407896e-10,-4.138375208434724e-09,-2.9934648325621935e-09,1.2252375271814583e-08,-2.294391775671167e-09,1.1395931966135867e-09,-1.916446890861819e-09,7.564410746661241e-10,1.79154920121621e-10,1.3145166187765268e-09,-5.727922046467489e-10,3.8418273967175867e-10,3.556666025852471e-10,5.984701179253809e-12,1.983598718372951e-10,2.0585773417325445e-10,-7.94159349340511e-11,6.749474635039517e-11,1.3327654498455452e-10,5.162402082720982e-10,9.671924071280995e-11,1.2554252494536642e-09,2.055205129774663e-09,-3.6492723247963696e-10,1.9977428021851737e-11,-4.386704547719763e-10,6.138154726404247e-10,-6.025656664589309e-10,-2.0930554176991614e-10,4.6509054141829186e-10,3.1939473421021293e-10,2.225874286697047e-10,4.850526318584982e-10,-4.7450770057169664e-12,1.2942885654049806e-09,1.4036042855558486e-09,-4.968182615279655e-10,-9.812827264076844e-10,7.061596015818423e-10,-6.437889825026647e-11,5.34376417523458e-10,-2.6406924966350646e-10,-1.2464301989578861e-10,7.597382882086237e-11,3.7852515733702895e-10,8.747004939457841e-10,3.452970942501269e-10,3.258893697661998e-09,4.1325037531835965e-10,1.1105396684749471e-09,6.255456534922287e-10,-5.76673596406691e-10,-3.9177892750166837e-10,-3.4420881315900133e-10,2.0989818871704493e-10,-1.0498066532641811e-10,2.634599405226337e-10,4.6332687843473533e-10,6.956125436524979e-10,2.2437544734697412e-11,1.843832655851446e-09,3.6428379782935677e-09,3.680650559439004e-10,7.331434514930733e-10,1.0078864049017944e-09,-3.79143870924555e-10,-4.708801476386406e-10,8.260162509600908e-10,-6.60037792932782e-11,6.248989951840168e-10,2.651714220297188e-10,3.506448275499153e-10,2.74635018585386e-10,-1.4733659664230333e-09,-2.330352873957404e-09,-5.211241734001439e-09,-9.499166947642302e-10,6.513148999808939e-10,-1.6929837032761371e-09,4.0020148540256034e-10,5.552386563268108e-10,4.984737552484587e-10,-1.8928067774957218e-09,-1.635856809583834e-09,-7.897123792058333e-09,4.18135133203207e-09,1.0005584507855586e-10,1.5657885566293881e-09,3.871007569473787e-09,-2.080160786771162e-09,-1.1829360827442815e-09,1.0393978072423952e-09,-6.005437012874091e-10,1.2857140810345189e-09,4.222282902062831e-09,-8.575703781056368e-09,-4.307723445772609e-09,-5.309996031320278e-09,-2.4855006031209865e-10,-1.597821017215987e-09,2.90425218394746e-09,1.3107194046026859e-09,1.6024434930078198e-10,-6.4017899402835e-10,-7.318090393538983e-11,-2.0316385817944933e-10,9.103387487749427e-11,-5.7908145387920745e-11,9.68827373385723e-11,-2.959147800903097e-10,3.718360296770273e-11,5.572450854486045e-10,3.428717829045107e-10,5.114198631226722e-11,-1.1186720530678072e-10,-1.776025002456619e-09,2.1236770476582013e-10,-3.097505596720723e-10,-8.552955827175175e-10,3.4605473888228076e-10,9.772948732354893e-10,-3.1302158925423585e-10,-9.685530865675519e-11,-2.649165497831662e-10,3.8605158410102404e-10,1.895978078348023e-10,-2.18754149854714e-09,-1.6580540603766172e-09,-4.801731104386679e-10,-1.993553292107629e-10,5.0107682195904915e-12,3.068400277655754e-10,2.02211566832323e-10,-2.5770401864452857e-10,5.381611523566509e-11,-1.9614199827474402e-10,-1.5768816030836264e-10,-4.588710859109154e-10,-2.586031607204204e-10
L8treat_p17,-1.990461454331607e-10,-5.107433318425893e-10,-6.780548562588221e-09,-2.3981900706132326e-08,3.053897400988492e-08,1.4291550324010992e-08,3.852160337716884e-09,-4.99375990588194e-09,-6.175590590684376e-09,-6.589305517113412e-09,2.519015564412985e-09,4.519842737805216e-09,-1.6235230194136888e-08,1.3105789348268691e-08,1.2525437929292502e-08,4.356807345512014e-09,1.3881629079497084e-09,-5.732994174596571e-09,-5.3137613273990885e-09,-1.3689315145196434e-09,-5.349740150043158e-09,-2.182560100734161e-08,1.8984508475444496e-08,1.4756997735001932e-10,9.69265512546563e-09,-2.0775967890557877e-09,-3.760788266362299e-09,-7.2041079960010475e-09,-5.7081001700103885e-09,7.0971801211771605e-09,-2.2682521728119697e-08,2.8687335463966064e-08,5.182320540457871e-09,8.422978655394805e-09,1.3169533655443526e-09,4.788762682375877e-09,-5.8831697232193485e-09,-5.059252547149703e-09,3.5872121702627308e-09,-2.7623684870010024e-08,3.159075133669767e-08,-6.480853169455914e-09,7.675748322179824e-09,2.825316716055737e-09,-3.432107269105447e-09,1.4340830741324832e-09,2.7058445479461854e-09,-1.1251457599162036e-09,1.1800133373770966e-09,-5.835402978080032e-10,-6.095347361401177e-10,2.928665663013024e-10,-6.198061889482438e-10,-1.1401753018651662e-09,1.0753986781477912e-09,1.3344770713485307e-10,3.478295641106299e-11,5.730140235734366e-10,-3.854646417694974e-10,4.557963366545871e-09,-2.9261889472226674e-09,-3.3363565587680274e-10,-1.6908730783559072e-09,1.5618353707001361e-09,-9.45589888194917e-10,-6.857097448362257e-10,1.5864400205746763e-09,1.7781766664765183e-09,-8.104282734854083e-11,-7.241036928089735e-11,4.2371240736207073e-10,3.35246101440831e-09,-1.5781738979147003e-10,-2.2666340638531905e-09,3.119855557451524e-10,1.2177557372419631e-09,-6.879864383030846e-10,2.157022372878001e-09,1.4384286407588523e-09,-3.999813299009147e-10,5.726664824828352e-10,-1.5262659268219595e-10,3.452970942501276e-10,1.2033612074529162e-09,4.832432261578465e-09,4.320699927247703e-09,3.119204286567711e-09,4.6049776857550136e-10,-3.9782093247614436e-10,2.7400583471155712e-11,1.5167539095707757e-10,1.3730517086239975e-10,-3.4002933036956685e-10,7.847354143608215e-10,8.525508763925241e-10,5.815622646342324e-10,6.37160925189405e-10,4.2790708683978e-09,7.719708494651247e-09,-9.02694762297023e-10,3.879263206439826e-09,-7.496738032441526e-10,-9.479747583769082e-10,-2.351851775316344e-10,7.654467040160945e-10,-1.3348847121700522e-09,1.4783954186999678e-09,1.4930138275418828e-10,8.525180695201799e-10,8.495992597234001e-10,-9.891126879662637e-10,-4.050730924458838e-09,-4.075883519567064e-09,-4.840949332135082e-09,1.0336587792691288e-08,6.871727029977761e-09,2.707687775900938e-09,3.3849385258087718e-09,-8.207306544954343e-10,-3.6022745086972396e-09,-9.610250379901116e-10,-3.6796794276205376e-09,-8.072254180365033e-09,1.8494435765274564e-08,6.8859148394302875e-09,3.4183230549782347e-09,-1.0586566682746295e-11,-6.639719180619071e-09,1.236183455479122e-09,-2.7853121414646893e-09,-6.523787196675333e-09,3.059618241827186e-08,-3.023800127106724e-08,-1.0740036458665349e-08,-1.2124797576549611e-08,-5.7324205356415794e-09,-1.138852321402149e-09,4.532716209802248e-09,2.071108105835268e-09,-3.2378568169432067e-09,-4.603592609248165e-10,-2.3273403301112475e-09,-1.3628164599973077e-09,4.841954945719077e-10,-1.8426574335747717e-09,-1.4559782841303866e-10,-1.861234784964031e-11,-5.413915937755056e-10,8.977122085251215e-11,5.021492081989858e-10,2.5614965144661056e-09,-1.7845369755315658e-10,-4.2341807762488006e-09,-6.516299225838198e-10,5.6799335085682784e-11,-1.2147286338486814e-09,1.4676737113005256e-09,3.7362197676570093e-10,2.337391005168983e-10,4.3260562037510924e-10,-1.448230507227926e-09,-7.808426182107705e-12,9.164024369800851e-10,-5.569105211862805e-09,-3.941700122990894e-09,-3.1031843476967303e-10,-1.1639006832115507e-09,8.351625354613699e-10,5.589202274399651e-10,-4.166089227273192e-10,-1.3791117446959996e-10,2.4818076865218745e-11,-7.948306894162942e-10,2.678183903166213e-10,-2.9799970505683153e-10,-6.859064595012023e-10
L12treat_p5,-4.699503973828923e-09,3.6944309191623397e-10,-3.8834538707771164e-08,-9.215474161598812e-08,1.4611625904476606e-07,5.441536796437432e-08,3.382790921027603e-08,-3.6007598330250964e-08,-2.6789906556883902e-08,-3.4394606558013525e-08,6.254040200080823e-09,-7.593367015729326e-09,-4.4402358852642216e-08,8.380695735380932e-08,4.383707279506266e-08,3.2703129027150585e-08,2.1855025999260895e-08,-2.1185604239786413e-08,-2.510529004108992e-08,-7.383234192745956e-09,-4.6313273858172585e-08,-9.924602281862845e-08,9.907907860924249e-08,-8.282171110344505e-09,5.95586013555415e-08,-6.770424524343149e-09,-1.08585715343229e-08,-2.6466003706461617e-08,-2.180669606705235e-08,7.933885239895746e-09,-7.852085969797944e-08,1.6141266325709672e-07,2.0277961224221733e-08,6.392504827404646e-08,1.2467169184718099e-08,2.8128872570383796e-08,-2.707313764821714e-08,-1.1854886923753914e-08,-8.553143638659783e-09,-1.5269276458072626e-07,1.7542066708168662e-07,-3.076932742047682e-08,4.409944065722558e-08,9.087912349383085e-10,-3.995207545877796e-09,1.6130193225325777e-08,8.003919028902696e-09,1.6877058394566338e-09,6.001330404174111e-09,-5.9043226301624674e-09,-7.596414796780614e-10,2.49420018344588e-09,-1.1346626876423215e-09,-5.132913786537864e-09,3.4632661494359313e-09,8.639060922888577e-10,9.357920736592421e-10,1.3794175134834235e-09,1.1784013852165104e-08,1.9027818205275462e-08,-6.704044032825968e-09,-1.9964370722364518e-10,-9.646743952880682e-09,5.48615184354614e-09,-4.004346266418437e-09,-4.30471076529684e-09,6.2461754181999684e-09,6.639803744465322e-09,1.3679548756534232e-09,1.305292849215107e-09,1.4346372748962514e-09,3.233705567564829e-08,8.107129753146023e-09,-6.167937385904527e-09,4.0491118239680973e-10,3.1246359714165647e-09,-4.2595036038537165e-09,1.1416930289436859e-08,3.6001553707668874e-09,-2.1279068234882015e-09,1.6570426250160602e-09,5.489054232054589e-10,3.2588936976619827e-09,4.832432261578454e-09,5.352953551631936e-08,1.463229130219633e-08,1.8377066253909363e-08,6.9660933024790166e-09,-6.797121253135382e-09,-2.7522189144138247e-09,1.1051976853376874e-09,6.876656847038411e-10,-1.2849899456590617e-09,3.892373574829711e-09,4.317793250196233e-09,4.831078074609189e-09,2.1086970995986676e-09,3.550243363079642e-08,3.2750026832065565e-08,-3.162492177046639e-09,1.55749411590488e-08,-8.167611455167745e-09,-6.129154277992386e-09,-1.6330933173372834e-09,5.0117298226989556e-09,-7.394404280771423e-09,8.980331042794238e-09,2.1171405227559303e-09,4.419178383995662e-09,4.094924291640827e-09,-3.0897466887021387e-09,-1.4192223836341723e-08,-4.0361119975608997e-08,2.7357557679557104e-09,6.951422151923488e-08,1.247967650431561e-08,9.0576657531102e-09,1.4449304674332364e-08,-8.659642108481218e-09,-1.891627777848356e-08,1.3177472971302636e-09,-3.587969030559649e-08,-7.707410512114334e-10,7.995235135264831e-08,1.7204789751282784e-08,2.3378340044250816e-08,5.3738504330373373e-11,-2.696181374652653e-08,6.173674811730674e-09,-1.6693125600551948e-08,-6.343955592718891e-09,1.2742198485712575e-07,-1.7352704095958457e-07,-5.510230138870064e-08,-7.44539706830338e-08,-2.9808324278105906e-08,-7.825055572222011e-09,2.82759171767803e-08,5.153318705267543e-09,-9.97811772024096e-09,-5.7977909859535265e-09,-1.0163365640623997e-08,-5.664620259990053e-09,2.390905870762316e-09,-8.09000992571859e-09,-1.714311656046906e-09,-7.115216031743558e-10,-1.950159890291205e-09,1.9590203763057876e-09,1.9723967511808617e-09,2.5234819122123605e-08,-1.4529678497342386e-09,-1.3181853693154278e-08,2.9492836732480444e-10,-5.284297623210859e-09,-8.657057680700655e-09,7.36831980245701e-09,3.216679873770325e-09,4.3718782212496773e-11,1.8938962131064997e-09,-7.0064658689401245e-09,2.2379683040364942e-10,3.4024186985963894e-09,-3.754263325025689e-08,-1.6052560012693074e-08,-8.858301661265024e-09,-8.367309474839105e-09,5.420367644912014e-09,2.6237320858762515e-09,-2.8966467209809314e-09,-2.014905963538618e-09,1.427500472908106e-10,-4.103196410565066e-09,4.763179323583357e-10,-2.4749654111689106e-09,-2.90987817003459e-09
L12treat_p6,-7.606246815605956e-09,-6.205492230196165e-09,-4.3590752409257885e-09,-1.200906656959101e-07,8.786372956916527e-08,6.026005352394118e-08,-8.130125322601308e-09,-8.150208349214843e-09,-2.6403384103924955e-08,-3.152486730567038e-08,2.2307543117756238e-08,5.3281441864499664e-08,-9.71234675172748e-08,4.59172561217835e-08,4.1635652809186706e-08,-5.931356402222184e-10,8.480566785327822e-09,-1.634825031605384e-08,-2.8039714341020325e-08,5.4587100451654465e-11,1.5598822037108764e-08,-8.749454407553103e-08,4.0853545693205795e-08,-3.2804922198296835e-08,4.761272564945e-08,2.7846407141444785e-09,-1.4335766895748558e-08,-4.162112774561297e-08,-2.1389887388478313e-08,7.591366333082426e-08,-1.1646532724485343e-07,7.030257878871246e-08,-4.456297320570501e-09,1.7576319021689828e-08,7.867348193189869e-09,1.9949830490532382e-08,-3.021755695207601e-08,-8.424491500094316e-09,4.430719785459097e-08,-8.473930460529868e-08,1.1094694667616465e-07,-4.997812241175782e-08,1.591342092803162e-08,3.6236987684586905e-08,-8.379441457355165e-09,3.549973454265053e-09,1.2201213482911201e-08,-7.973236765743607e-10,7.872390546513014e-09,-2.2087902440530022e-09,-1.21501023460254e-09,8.292696585163298e-10,-3.329320135956498e-09,-7.99803890408398e-09,7.392766956000205e-09,-1.6218382004455911e-09,-1.4020645110955383e-09,1.7503218416145858e-09,4.272112930465642e-09,2.5323357108439397e-08,-1.7731472610170924e-08,2.162597353439893e-09,-7.564482349771763e-09,4.630885422687771e-09,-2.5901001164825142e-09,-1.92367018494769e-09,5.369375434125536e-09,8.89071337960121e-09,-2.102900471136178e-10,-1.0901747476242186e-09,1.263996075232849e-09,1.2172625453815885e-08,-1.044236073281798e-09,-6.154094326431588e-09,3.039515174273064e-09,2.339136128491885e-09,-1.7958327242278695e-09,1.2434425746920736e-08,8.088142664795182e-09,-5.484173004646734e-09,4.725212417075078e-09,-2.515197049553809e-09,4.13250375318354e-10,4.320699927247715e-09,1.4632291302196558e-08,4.4548580673792186e-08,1.896384535795127e-08,1.7315045091716046e-09,-4.333725549033959e-09,4.547515510518832e-09,4.127783024286929e-09,5.114162674030951e-10,-2.273010229985811e-09,4.617735969470767e-09,1.223211438923147e-09,8.411991866394676e-11,2.1354738163174593e-09,1.4648996257312284e-08,3.2067686533316705e-08,-6.63388263812446e-09,1.9773651778628774e-08,-5.574308798137893e-09,8.198348684380743e-10,5.182683569921815e-10,4.4494242983045407e-10,-7.328210898803809e-09,6.910466043040913e-09,-8.944762301874262e-10,3.1907275398993925e-09,4.077068056683651e-09,-7.227081537601433e-09,-1.133792281797502e-08,-8.622738108916535e-09,-4.14133609805005e-09,3.729724897222585e-09,2.1553426224875668e-08,2.7346017186485898e-08,1.7133132330765917e-08,-1.1323221560274106e-08,-1.4724168123076283e-08,8.506998767634005e-09,2.0332292450894938e-08,-7.047100087618493e-08,6.047556667480192e-08,3.1147044691155335e-08,1.5378728817482798e-08,1.0856609649064993e-08,-3.3697674893032756e-08,1.2293776872677959e-08,-2.011777668181147e-08,-3.192808861497143e-08,1.1462343401140753e-07,-1.1800772291844408e-07,-2.6379583876644956e-08,-3.801314903271058e-08,-3.044223500222134e-08,-3.6911836125792656e-09,2.0089204687765724e-08,1.6036297909528167e-08,-1.5263659760617628e-08,4.065779503058813e-09,-1.2851182175992063e-08,-5.189037485381659e-09,2.6646180660523216e-09,-6.872645480240166e-09,-1.0601676963966079e-09,1.0603219076495764e-09,-3.7620130930847305e-09,-4.955860372544508e-10,8.6842013697392e-10,1.713880966211957e-09,1.0239038523332665e-09,-8.340241585772627e-09,2.1286965365740923e-09,-4.439518719890378e-10,1.8781454081656325e-09,5.3275407013424825e-09,8.652077268000558e-10,-8.619222623097184e-10,2.214783599195168e-09,-5.8890639159880806e-09,-1.442251341017599e-09,2.972715564668357e-09,-2.3589373862942595e-08,-2.0932712843996967e-08,-2.497208797757371e-09,-7.557006868511453e-09,5.552613739328707e-09,-1.2865074370474536e-09,-2.963923093167463e-09,-6.681592728903263e-10,2.0236771806022558e-09,-4.267585339466262e-09,2.7744550843016464e-09,-1.6786223890409292e-11,-2.177824442273373e-09
L12treat_p7,-2.518340452279431e-09,-1.7283843661931262e-09,5.017401296020146e-09,-8.711782411509043e-08,7.589220751731579e-08,4.298569969806522e-08,8.756278543816277e-09,-6.976490661119989e-09,-1.9505401597338252e-08,-2.185049692289883e-08,6.693099507681117e-09,3.093481838309997e-08,-6.711377172534599e-08,5.2426016990451e-08,3.709566802266496e-08,8.486388680017302e-09,1.543596384439544e-08,-9.845749613476394e-09,-1.4929576766333944e-08,-3.9166612522263376e-09,4.454634509086239e-09,-9.171019191522528e-08,5.6045883777757845e-08,4.733292127677061e-09,3.080765628534866e-08,7.753670318357557e-09,-1.0696287499170532e-08,-2.1583076793630352e-08,-7.84236403531838e-09,4.721718344990684e-08,-8.472863880234595e-08,7.480434736136391e-08,1.1587840775677255e-08,2.6969651800608217e-08,2.1467580664434878e-08,1.4020365419101377e-08,-1.8311696283632028e-08,-6.163633526409494e-09,2.401572451800043e-08,-1.0542347754722163e-07,8.691743330528287e-08,-1.530767846210791e-08,8.416810357463292e-09,1.666276279238224e-08,-5.042816194957035e-09,7.374434102819691e-09,3.994803002564662e-09,3.1313765039044547e-09,5.503483059695766e-09,-1.5004133074450573e-09,8.753656664526548e-10,7.531415226112565e-10,-1.1602738064763468e-09,-6.1539673903884016e-09,2.4896635827162213e-09,1.51877309704246e-11,-4.182175671551285e-10,1.1416252994613262e-09,9.745886754098246e-09,1.5175840928442526e-08,-5.327013077680867e-09,4.023543743763737e-09,-5.503542036496237e-09,2.1885471259117716e-09,-3.763185701912875e-09,-2.9055101676804693e-09,2.078750221630071e-09,5.659865403388308e-09,1.781410039035803e-09,2.2710091537814946e-10,9.576576987370615e-10,1.370304174079829e-08,-4.109676867581788e-09,4.082057341231604e-09,1.827315461682837e-09,9.677224683140162e-10,-1.3584417552022775e-09,6.266295748005317e-09,8.25603972946579e-10,-1.6885280200660183e-09,2.112568511564979e-09,-6.92856384575488e-10,1.110539668474939e-09,3.1192042865676877e-09,1.8377066253909393e-08,1.8963845357951098e-08,2.1353447833520568e-08,4.047963520896757e-09,-7.592086749664064e-09,-7.76019544205032e-10,7.399822465089674e-10,-3.107297824826937e-10,-3.2703213551493382e-09,3.629598601791873e-09,1.7535166006310746e-09,2.1429529651788764e-09,1.620181238631806e-09,1.334512703870506e-08,1.687854706698023e-08,3.860741986104026e-09,1.0371507627073316e-08,-3.2236679762973266e-09,-1.0877269816329469e-09,-2.604976012228122e-09,-6.344047024792784e-10,-4.747981051327503e-09,4.247987672068007e-09,1.1559779728393812e-09,8.321147564943826e-10,2.6772229207837286e-09,-4.001248331294976e-09,-1.3116490260588376e-08,-1.2762801502511656e-08,-1.46934152243145e-08,2.3897693429482654e-08,1.2695122689010146e-08,1.400389721610495e-08,1.6652355503829295e-08,-8.399475750777748e-09,-1.0682793693483386e-08,1.7786160767663776e-09,1.2077174931000907e-08,-1.5116342441467356e-08,4.0405647169280085e-08,1.337376209731556e-08,1.1326268675655639e-08,1.8613325645939914e-08,-2.5220290826401885e-08,6.8310911388969674e-09,-1.0483718743954984e-08,-2.3830147677302404e-08,9.46636674436519e-08,-8.710629819539516e-08,-3.364652120646201e-08,-3.36723137839194e-08,-2.5685403369954733e-08,-1.691941779401381e-09,1.9240661646112406e-08,4.708785883025543e-09,-4.690040797134969e-09,7.513152633158531e-10,-7.691061163079378e-09,-4.3314510561493755e-09,-1.1923048019580782e-10,-5.257968849581381e-09,-1.7249221253192493e-09,-1.251949492168416e-09,-1.1985030488481955e-09,6.46388782304741e-10,9.290256261417374e-10,9.362623441540588e-09,-2.2825648858102505e-09,-3.918547986505035e-09,3.451009941262481e-09,-2.7468843589772945e-09,-1.996880088210635e-09,4.533790400958613e-09,1.3723601031530802e-09,-1.967368751578096e-09,1.0199521860673212e-09,-3.2094770954845123e-09,-7.247607024353221e-10,2.35312694357067e-09,-2.0457734929488446e-08,-9.699378894921733e-09,-7.558537067989182e-09,-5.435649823069556e-09,4.522149890447448e-09,1.053499602508527e-09,3.2404148035090276e-10,1.105517195996904e-10,1.4195582185583925e-09,-2.4286945717519682e-09,7.772357468503554e-10,-6.238946318787151e-10,-1.892855438070534e-09
L12treat_p8,-3.2631938800822314e-09,-4.535241953621535e-09,3.1080399165709803e-09,-3.385055745133499e-08,-1.019563426266832e-10,4.200037697695364e-09,6.301664337526409e-09,5.019205042420997e-09,-7.766204995573493e-09,-4.727555161085438e-09,-4.235588526569088e-09,-7.146260875655753e-10,-1.526532200898253e-08,1.9452459011763847e-08,9.53201106742873e-09,1.7279312919454273e-08,7.052311565388056e-09,-1.954769349482644e-09,-3.979914006616057e-09,-6.0483075027570445e-09,-4.155855134113604e-09,-2.3108372844647355e-08,-6.403629874963023e-09,1.2988532622465069e-08,1.7255789370816146e-08,2.6001574450609995e-09,-2.0174766705848305e-09,-2.8299247545226277e-09,-2.1069734494142363e-09,-8.239867165443797e-09,-1.873238740118451e-08,1.1660326612913427e-08,1.0030673638441369e-08,1.4654050618065571e-08,1.1572790339357341e-08,6.25839796300688e-09,-5.202829482905281e-09,-3.597946973843554e-09,-8.55344708933435e-09,-1.676096438548188e-08,-9.986083545272263e-09,8.458513568137647e-09,1.0719889936967569e-08,1.479524019383919e-09,3.6292269472174928e-09,-2.6463616727914787e-09,-4.8141913746097415e-09,3.276552480518137e-09,4.928425466275835e-09,-3.3330104329221374e-10,9.258251119328849e-10,-1.5802817634411613e-09,1.4194250412992135e-09,-8.571503215018409e-10,4.6383352813535586e-10,1.0888615799158252e-09,1.4909448038156596e-10,4.582167598604989e-10,1.1292182640918965e-08,-8.476434055580931e-10,1.549064524475467e-09,5.249359183399089e-09,-2.4114066781765996e-09,-3.7665606362446106e-10,-1.6017851529412357e-09,7.426468681052115e-10,-1.3785768592427206e-09,1.136513870455729e-09,5.10068292102251e-10,8.116608772339968e-10,-1.4164891543539588e-11,5.785190118222409e-09,-1.3207133995081869e-09,5.187128727388591e-09,7.1871576009151826e-09,-1.4183601008295088e-09,8.914651199911634e-10,-1.347122447809537e-09,-1.0878862497536004e-09,-9.781593754256685e-10,-2.7120893556213674e-10,1.0897627346470981e-09,6.255456534922254e-10,4.604977685755015e-10,6.9660933024791464e-09,1.7315045091716161e-09,4.047963520896722e-09,9.721710760124618e-09,-4.991312797486294e-09,-1.9957321031766725e-09,-1.0242104008411408e-09,1.114630173240304e-09,-1.4652018239799788e-09,6.00421997771966e-10,6.873136625060113e-10,6.171747987919597e-10,-1.406894530898004e-10,9.10176731195643e-09,-1.8215173027651747e-09,4.241803999605761e-09,6.916266879915062e-09,-4.160609772857867e-10,2.160246879855519e-09,-2.470968466936867e-09,2.1181019695480507e-09,-1.621521266764381e-10,1.002284861079465e-09,9.367116971106506e-10,-3.0291738121191243e-10,4.4919211188119345e-10,-1.452359307685773e-09,-7.068691353144069e-09,5.291148757583921e-09,-1.4612923823087177e-08,-6.849812773475852e-09,1.8315751055872426e-09,4.584011370450633e-09,-1.6058429013316357e-09,-4.107288363430899e-09,1.1478309367164805e-09,5.59994365834976e-09,1.3161864433164278e-08,-4.311644890297135e-09,-1.5595933145350934e-08,9.498301761886146e-09,8.10944131523621e-09,8.3776350076829e-09,-9.690179436178885e-09,2.169199097787215e-09,2.1934064400432854e-11,-4.754121686359561e-09,2.1187494297617564e-08,1.1333787097249137e-08,-8.84562540764327e-09,-1.2383165014103122e-08,-3.0566001017868144e-09,2.4644134930733898e-09,3.157286854631291e-09,-6.023390035351486e-09,2.736106440583886e-09,1.344227296055333e-09,-2.560098664156889e-09,1.1889199988661499e-09,8.729893026738869e-11,5.789585939525045e-10,-7.384623574273543e-10,-7.480262407956934e-10,4.674843072214216e-10,6.546353749107784e-10,5.049862479658472e-10,-1.44021864447114e-09,-6.495193291869264e-09,4.631716083206818e-09,3.609919904851258e-09,-3.397555519219363e-09,-9.148222454126963e-10,2.4329962472396534e-10,7.594940807956194e-10,-1.273064687524199e-09,2.3830158877125395e-10,1.957441313475837e-09,-2.86798460254223e-10,2.5410483572690136e-10,-3.4782609805006814e-09,2.925867184445916e-09,-4.011013933704305e-09,-5.615279405699241e-09,1.87654443467745e-09,-4.0715923623352577e-10,1.0301245048538937e-09,-1.1962154638115956e-09,5.780139492769566e-10,-5.822805070671568e-11,-8.7482317805727e-10,-3.3605525794228964e-10,-3.734984153313696e-10
L12treat_p9,1.435141065296125e-09,5.574388166034375e-09,-1.4817846939134532e-08,4.144373195501859e-08,-6.00974112799988e-09,-8.127726717407707e-09,-9.132794398947891e-09,6.780640808311769e-10,2.817899666591865e-09,2.9214508551146223e-09,1.1425736723226394e-08,-2.883472762629253e-09,1.159886061669254e-08,-3.575076629256308e-08,-1.3362436057218284e-08,-2.0138047798000496e-08,-1.1270468633863355e-08,-7.78295930139365e-09,3.1564783302355916e-10,1.0034529225567434e-08,-9.07020303814967e-09,4.5573907316379354e-08,-1.4952911901341014e-08,-2.142721632203408e-08,-1.63759536378978e-08,-1.1765272904097789e-08,-3.810078487561413e-09,2.8482185321576107e-09,-1.8117184666981024e-09,-1.4124119692599003e-08,2.988130466625973e-08,-2.2029594330797477e-08,-1.224371833059561e-08,-1.8320826783598627e-08,-2.385998676870033e-08,-3.795146594118636e-09,8.030456150261042e-09,5.950260881144193e-11,-5.385742814301143e-09,4.819541063907698e-08,-2.782910481077891e-09,-1.3534105403208069e-08,-2.120724756052497e-09,-2.106857834700037e-10,-9.514866010221964e-09,3.057861025848518e-09,5.632649989471189e-09,-3.3105999993466048e-09,-9.4158783785964e-10,1.8202363960445476e-09,-1.0074194420908481e-09,-3.2832782387973464e-10,-1.1938308096274435e-09,1.8934989928633063e-09,2.235565247521393e-09,-5.57823348564923e-10,-4.1971956052496364e-10,-1.0832908546644164e-11,-1.0436831545235883e-08,-3.986977315258158e-09,-2.309276773601154e-09,-3.0071236392464016e-09,4.2177099301096906e-09,1.2968931060040932e-09,2.5826437018197597e-09,1.429510745151059e-10,3.138985744805942e-09,-3.344717690209267e-10,-2.1297719840061092e-09,-1.504119716462891e-09,5.202616394242591e-10,-5.726137180795381e-09,-1.305861745316378e-09,-8.147663121109482e-09,-3.265710463982635e-09,2.9608566694914323e-09,-1.182861377301209e-09,4.1756602496568e-10,4.2031290983795816e-09,8.872590366646937e-10,2.9766128147021376e-10,-1.8513260065249107e-09,-5.766735964066978e-10,-3.9782093247613956e-10,-6.7971212531354035e-09,-4.333725549033969e-09,-7.592086749664088e-09,-4.991312797486304e-09,1.1977256508737508e-08,3.7175347820522585e-09,1.3104753821656398e-09,-5.380522015460461e-10,2.6140172030981553e-09,1.7533543601344312e-10,-3.8837605763748245e-10,-1.5296889954867572e-09,2.019426335029714e-10,-7.300038036946976e-09,4.44586448011543e-09,-9.753999467963292e-09,-2.0487226207701432e-09,2.1272382282588777e-10,-1.8690961327382904e-09,3.800780061113807e-09,9.592571179810693e-10,1.1464786249424199e-09,-7.944747771742414e-10,-2.3178644512199763e-09,1.2329299648212479e-09,-3.2983583983986497e-10,4.177954102177268e-09,1.0739015846217553e-08,-6.4823624129334944e-09,1.824017500929078e-08,-1.0590433447466299e-08,8.292315770510525e-09,-1.1440119675278755e-08,-2.629244994221885e-09,5.31014859650573e-09,-3.0066637739102175e-10,3.208941057799969e-09,-1.7612672929836613e-08,-1.3511084982004575e-08,1.8264333673627304e-08,-2.502198639099367e-09,-8.199453245491258e-09,-1.3234865687602716e-08,8.422187860578158e-09,-6.644096110320765e-09,-2.6662109555510163e-09,6.748822377792778e-09,-1.84598123402723e-08,6.124486722607985e-09,9.784883184526896e-09,1.1134140240702802e-08,3.982380473738558e-09,-9.982616858069922e-10,-4.770810503489729e-09,3.751737459457404e-09,-4.0105517840853955e-09,1.0429104291888135e-09,3.526616037803976e-09,1.7456473670672906e-09,1.6507462286473151e-09,-5.593088987729991e-10,1.2915105929087686e-09,1.2007177330457754e-09,-1.2854340911244943e-09,-1.5664721528477867e-09,-6.374857907355046e-10,3.90141720686189e-09,9.127650761514976e-09,-4.607592811059722e-09,-4.706573549144961e-09,5.837152999003464e-09,1.467173499387934e-09,6.658002264641035e-11,-6.366062038489299e-10,2.688335777815648e-09,1.5856273113296761e-09,-1.2754297086676889e-09,9.67912448405079e-10,-2.1111631400042586e-10,3.6152353903225694e-09,-3.348989208143232e-09,5.160106994411103e-09,2.125872181104469e-09,-4.31186274148235e-09,-7.632708208067334e-10,-2.479590302840154e-09,2.904320115508695e-11,-1.8485159696349453e-09,-7.737146176380737e-10,1.1887473215438858e-09,1.1625010307826226e-10,4.827961234387413e-10
L12treat_p10,-1.3958328440175252e-09,1.6219436797584187e-09,2.03211577888939e-09,8.167610302296663e-09,-1.1083612259379793e-08,3.638091710333698e-11,-1.4213329668754815e-08,5.1253029486482076e-09,1.3953198925586814e-09,-1.4399819593105676e-09,7.0676058870930585e-09,1.2090947233218048e-08,-1.3040221871441833e-08,-1.4523723761756553e-08,-1.3944425704775534e-09,-1.5911722130028813e-08,-1.06526907647837e-09,-1.7473393774770092e-09,-3.6086743208082426e-10,7.45762207674665e-09,5.234956744375051e-09,1.0073045084672826e-08,-6.251202759532618e-09,-1.5651855586146873e-08,-1.0055835021579223e-08,-2.092399055276574e-09,-2.840275360855046e-09,-6.866433079921983e-10,8.499522941856567e-10,2.7580079841596996e-09,-3.621122748322775e-09,-1.1674872059513209e-08,-1.2098323929501186e-08,-1.3739107487579429e-08,-7.463159334341872e-09,8.537468493413224e-10,2.9578119547201465e-09,5.295820465666978e-09,5.432543601947065e-09,2.55971613350254e-08,3.361716647560479e-09,-1.7396484584981842e-08,-6.01120640506184e-09,5.818236436626015e-09,-4.359366430675731e-09,1.53897312809854e-09,1.6159120831467981e-09,-6.969537115999587e-10,-1.3897588624808597e-09,1.6715448128966633e-10,9.309084403705548e-10,-5.039057053895439e-10,-7.520902952660852e-10,-6.865194164885352e-10,2.093771995200826e-09,-2.981898278102704e-10,-7.973056439407117e-10,1.0942581547758454e-10,-4.12403350799023e-09,1.752657383465808e-10,-2.2253627644498166e-09,-6.710700463407557e-10,1.8766563607479933e-09,1.3954471006253455e-09,1.1576657413867435e-09,-9.753426937618249e-11,8.710228338091815e-10,8.234483449142725e-10,-8.521605110015211e-10,-7.811611173733148e-10,2.1053861757789027e-10,-6.159802673631e-10,-3.133175837476974e-10,-3.5145340980884074e-09,-1.1350735326266868e-10,2.9300138406629485e-10,7.443511694896931e-10,1.205049236624036e-09,3.3012403795713067e-09,-1.986376442142137e-12,1.2237757576053314e-09,-1.1462631432769511e-09,-3.9177892750166873e-10,2.7400583471157735e-11,-2.7522189144137825e-09,4.547515510518845e-09,-7.760195442049916e-10,-1.9957321031766754e-09,3.7175347820522685e-09,4.683666945564852e-09,1.2379884658510653e-09,-4.894353198678033e-10,2.7734253060811097e-10,6.245870488305825e-10,-3.205407108653274e-10,-8.090902681933609e-10,3.292347279997059e-10,-6.3739529917368474e-09,2.0541204573490176e-09,-4.9984687661658505e-09,-5.363969801000023e-10,-1.006333631025634e-09,1.9773874830601752e-09,1.883965246072773e-09,5.213835426226505e-10,9.479639802790525e-11,1.7511147193864807e-10,-1.1374541570793495e-09,1.880826654118469e-10,7.317619508758798e-11,2.7452354981620743e-09,7.64762410557653e-09,1.2098379329667634e-09,2.485317026770642e-09,-1.314368539648189e-08,8.206460454716468e-09,8.774937705798327e-10,1.928710177809256e-09,3.5262765494052323e-10,5.634772742143685e-10,4.903385804755334e-09,2.4301402165908655e-09,-2.1022067234870334e-08,1.134714837718874e-08,2.6559190388339114e-09,-8.148666762508626e-09,-4.3228139929480636e-10,2.7364447165467584e-09,-2.5189878600419647e-09,-5.589957770957089e-09,4.315748460132749e-09,-2.308301793831397e-09,7.571949490015089e-10,5.1541807721415975e-09,8.669873221058166e-09,-1.2139842633291072e-09,-1.5543591193379342e-10,-1.1879251348271625e-09,3.061968567815185e-09,-4.055768497840827e-09,1.2703687492044823e-09,-5.650901592242917e-10,8.931305780170687e-10,1.9421499011078913e-10,-1.494481529150025e-10,1.306047856030834e-10,1.0872227429680422e-09,-6.634565089224962e-10,-1.0625648845649316e-09,-6.803983776338509e-10,7.80767137705567e-10,4.091027153854896e-09,-1.8211736973331835e-09,-1.0730533608279762e-09,1.8559017932108369e-09,3.8690731023155415e-09,-2.346058917191099e-10,1.2884501097976514e-10,4.206061451125391e-10,1.1716263946267622e-09,-4.614338842251346e-10,-2.309043262915555e-10,-1.4295776779933577e-10,1.3619324443567741e-09,-1.7486149803976709e-09,2.750236283743932e-09,4.3000921466950853e-10,-4.796534002834439e-10,-2.1687825205470783e-09,-1.286195313073762e-09,-2.441016508031894e-10,-2.763847128481204e-10,-8.629384873113225e-10,6.029500985110391e-10,4.769157683188761e-10,2.9368613965223866e-10
L12treat_p11,-5.711338903945692e-10,1.7740753379877523e-09,-1.1012919499312193e-09,-2.6160830526259263e-09,-5.245802702759108e-09,-1.1278284955573463e-09,1.5516018940477019e-09,-1.376273999117392e-09,-3.3787359224084723e-09,-4.777315797346278e-09,3.84328951561077e-09,5.735273703338195e-09,-1.0358890907071918e-08,-1.851617714265823e-09,-1.1662258703102136e-09,-1.1267140862826372e-09,-1.267800407452523e-09,-4.342210329924825e-09,-3.105301180318069e-09,4.539837505318236e-09,3.7119589305887905e-09,-2.230649431030996e-09,-3.004734855915392e-09,-5.091368463612292e-09,4.4423851818084576e-09,-9.186637196854632e-10,-2.073135386175612e-09,-2.1854051218790673e-09,-2.9299188617053077e-09,3.3270629032353536e-09,-7.063079577305235e-09,8.61578024365867e-09,-3.671402703566708e-09,-3.986299128804391e-09,-5.422334175116948e-09,-2.729154669443923e-09,1.6936609213052274e-10,-1.1373656418549394e-10,7.717214139518594e-09,9.226391665911873e-10,1.1650815914302708e-08,-8.857173158499753e-09,3.2256152148492147e-09,3.188731523762208e-09,-3.548174981745289e-09,2.2301030919204585e-09,1.614512632074441e-09,3.1008598698887773e-10,-5.10931018258162e-10,-2.173585654895963e-09,1.8967876115166952e-10,2.3526828646896525e-10,-1.1111830305032546e-09,-2.2984502859878184e-10,1.3573135204224741e-09,-7.626913102257473e-10,-3.9341640960035364e-10,1.295665720115921e-10,1.2421005876853526e-09,5.778058245227783e-10,-2.010174081289379e-09,-8.716806182529118e-10,-1.3392779644157097e-10,6.701423883007074e-10,1.7189878680900165e-09,-2.910263791745565e-10,9.434919986572251e-10,6.85696038880845e-10,-1.9033075763368479e-10,-4.0674456415648174e-10,2.0856693325137232e-10,2.0866223039684105e-09,-2.0003783908552946e-09,-1.8080277504155018e-09,-1.3353736905797864e-09,-1.2341785299349133e-09,-1.4035129377353955e-09,1.9833205773562206e-09,8.453140983785961e-10,-6.529546181839228e-10,7.651670677395301e-10,-1.0171789585774838e-09,-3.442088131590009e-10,1.5167539095708473e-10,1.1051976853377308e-09,4.12778302428693e-09,7.399822465089903e-10,-1.0242104008411317e-09,1.3104753821656516e-09,1.237988465851066e-09,2.6811062391632943e-09,-4.858878984657953e-10,8.681979210569505e-10,6.836077540855805e-10,-5.544164330736295e-10,-2.872193364889073e-10,3.13703479497986e-11,1.59089806186016e-09,2.0141301729325915e-09,-3.696953989199038e-09,-8.964208993067204e-10,-2.2390415842996775e-09,-4.863267676204867e-10,1.468599519482666e-09,-1.3984503183735539e-09,-1.0557549594319124e-09,8.243430136766475e-10,-5.197257141791271e-10,7.316979716280023e-10,4.373024576146876e-10,1.0627194758923188e-10,3.163643560677106e-09,3.9975719993592656e-09,-3.3687650838409695e-09,-1.5779595283463733e-09,1.930419851680889e-09,8.342888806374914e-10,-3.1424286402063894e-09,-1.4232393872977466e-09,-1.316408714754933e-09,2.4971955085781465e-09,4.78194561331447e-09,-8.276642624815301e-09,-2.387591138553274e-09,4.970194191922679e-09,2.1460825826293015e-09,-2.4178304558211768e-12,-4.2050975611449355e-10,-8.794518401351795e-10,-3.0980872504311182e-09,-5.365503462825173e-09,9.423675137595406e-09,-5.2321920603312536e-09,2.7007783020548268e-09,-1.0824503861264373e-09,-1.0808520357115328e-09,1.004389173570461e-09,1.7961191350912645e-09,6.967404058679991e-10,-2.3878759757956065e-09,6.462106392234825e-10,-7.829334201861904e-10,-1.2897494519949433e-10,1.6802322609666975e-09,-7.861884644721404e-10,4.662142439837067e-10,3.9346138477546567e-10,-1.41338519083064e-09,-7.028568767745578e-10,-2.4549258817929136e-10,1.823530232785365e-09,1.5367607902180438e-10,-4.975968239866067e-10,-1.8976983299357462e-09,-1.2061474983537855e-09,5.829742114767478e-10,1.0633514446780172e-09,-1.3903685390134882e-09,1.0923134628600088e-09,5.903956497653593e-10,-1.1101209589082116e-09,2.6672911515906704e-10,5.913008340508421e-11,-2.08549071226813e-09,-1.049568175573356e-09,8.477169135862907e-10,5.25668300863058e-10,6.602244231082639e-10,-2.4526473387771054e-10,-1.8499799596507435e-09,3.23743890852137e-10,-7.863765695074999e-10,-8.732706669172264e-10,8.206852222249902e-10,5.213254346100053e-11,5.291290704658966e-11
L12treat_p12,-3.7238446932500415e-10,-2.098860121827274e-09,-2.5553003621280396e-09,-1.0860788681252058e-08,1.0515927347214845e-08,7.178839111374291e-09,1.3135595285013143e-09,-7.951713393428754e-10,3.7604039532113737e-11,1.0758453290129895e-10,-1.0377850996782053e-09,-5.95803559152811e-10,6.264936555869627e-10,2.8444938127574895e-09,8.044078932197254e-09,4.204672711028497e-09,-8.273800683487774e-10,5.512021701589038e-10,-3.1891757350012124e-10,-3.4321827606888573e-09,-3.3232444017083442e-09,-2.922813720501742e-09,2.4806522003179757e-09,7.185553815332421e-09,3.1276612864089373e-09,-1.1103566462425979e-09,1.3866338168284809e-10,-1.6959743368787905e-09,-2.5409520301474505e-09,3.37012369793672e-10,-4.106370615754178e-09,7.61399687647872e-09,6.389303651839835e-09,3.0383424126284916e-09,-6.24591296947051e-10,1.2305456422548134e-09,-1.93108761698151e-09,-2.603777442440902e-09,-1.900457832636299e-09,-8.398473004504963e-09,5.9467628617238e-09,3.6676559280787804e-09,5.1441628885831624e-09,-1.0824572715361975e-09,1.227657094612835e-09,-7.29337246923909e-10,1.258381062333799e-09,-1.217107742170418e-09,7.363511288022857e-10,7.499977631653327e-10,-9.804554738672954e-10,-1.7347491718201105e-10,9.365994692763607e-10,4.1496987091820145e-10,-2.276226708577654e-10,1.3967261833834398e-10,1.621403994366089e-10,-3.284367881211718e-11,9.791673151049342e-10,2.355926150705539e-09,-1.105305817569199e-09,2.136179299323656e-10,-3.5712759724191053e-10,-9.25713590477018e-11,-2.7862853835871434e-10,4.865296142439221e-10,-3.003567621922522e-12,1.924023054901585e-10,7.989280747602968e-11,2.884247605043725e-10,-1.3013935748737333e-10,-3.0867814396853123e-10,1.1675269633405123e-09,-2.655314518892479e-10,1.0597790604705803e-09,1.0201246421220725e-09,3.13847751353581e-10,4.0456104421614297e-10,6.721772511145971e-10,-2.326372730616455e-10,1.2304902590629338e-11,3.532699532678047e-10,2.0989818871704465e-10,1.3730517086240083e-10,6.876656847038109e-10,5.114162674030624e-10,-3.107297824827029e-10,1.1146301732402925e-09,-5.380522015460464e-10,-4.89435319867808e-10,-4.858878984657893e-10,9.826213740999705e-10,1.2107180279569624e-11,-3.013083894355343e-10,3.499730760898786e-10,9.802340294232002e-12,-8.77203866477343e-11,1.6785137346398876e-09,1.579121311112199e-09,6.957642082441568e-10,1.7879834211442532e-09,1.0031827671929653e-09,-4.877202570401235e-10,-4.456362551978858e-11,1.3693842544439538e-09,1.3472944122841677e-10,-8.63136878248817e-11,1.8360345618921893e-11,1.0288832057408477e-10,-1.0213845982284433e-10,-1.7672016262609793e-09,-2.416695894282492e-09,3.169855842551313e-09,-1.473254921045475e-09,4.764819730633831e-09,1.2193281930780226e-09,6.018851534201645e-10,-2.4354113945752007e-09,7.888299854898707e-10,6.382443148714345e-12,-1.7240974138289596e-10,-1.5762150965621001e-09,-7.247742965359612e-09,5.416146159731886e-09,3.733973171175661e-09,1.2129458349021938e-10,-3.164321469977209e-09,-8.099559842320227e-10,1.8018844198544748e-09,1.4870889687975015e-09,1.443762509259525e-10,7.761087283445529e-09,-6.9027441944624115e-09,-4.838067918671297e-09,-3.880378175241215e-09,4.5734002296264247e-10,-1.7788563344909962e-09,-3.4073469528157316e-10,1.4749414977549493e-11,-2.682269402320312e-10,-1.9324671620416484e-11,-1.3172454794591004e-10,-5.360182383722088e-10,-1.4957365024245212e-10,3.169035330116873e-11,-1.8481580598788892e-10,-5.121116196899353e-10,2.244154853552777e-10,4.984172988423175e-10,3.1354942460303353e-10,-9.204569194697219e-10,8.371390354250392e-11,-2.1952192955734913e-10,6.473299147637228e-10,5.193792820134008e-10,-5.833380227946375e-10,2.2266246719962427e-10,1.0254844308005284e-09,4.045933235270355e-11,-4.2735493685477214e-10,3.059015038253006e-11,-1.220451079753486e-10,9.035782756063176e-12,-1.329937327328109e-09,-1.792361817649119e-09,-4.385462169550336e-10,-9.509902365489426e-10,-3.66372069956127e-10,2.2513982655889345e-10,7.72339247715241e-11,-7.196134381787387e-10,2.2782613591642865e-10,2.0652315019066342e-10,-1.6442438035592368e-10,-1.3912904385707382e-10,-1.0630145137330289e-10
L12treat_p13,1.4134516802815691e-09,1.8683610286746596e-09,-7.65824042488633e-09,1.1615179614615277e-08,-2.9453664711929246e-09,-6.925930514997233e-09,4.257204591590764e-09,-3.223918706370522e-09,1.907767022653393e-09,3.5168770433493163e-09,-5.637560568120933e-10,-8.897344841183826e-09,1.4765484691151661e-08,-8.303851626507114e-09,-7.090859806632815e-09,1.3370799909283217e-09,-7.989666318949194e-09,-1.9608207080621478e-09,1.921804889145114e-09,1.0366148003634668e-09,-3.5049420299329217e-09,1.7401697779861873e-08,-6.654963984331189e-09,8.299145974499807e-10,-2.742208925266057e-09,-4.1314560908286016e-09,2.5258776809387933e-09,5.8403688399606196e-09,-2.978988129780476e-10,-1.1894180936593394e-08,1.3853420572372808e-08,2.3521485388790273e-09,2.952833264709634e-10,-6.090643650948629e-09,-1.1084929815030236e-08,-6.496607765887661e-09,4.59222858602301e-09,-3.562072072550958e-10,-3.8258429569755796e-09,1.18187917953163e-08,-6.127827307935276e-09,9.860033174863774e-10,3.24798461599395e-09,-5.412128476585781e-09,3.461067778121599e-10,1.4451069071205814e-10,8.054030004756788e-11,-1.7157857688317215e-10,-1.0569854136684876e-09,-5.681223351850294e-10,-5.541943929151129e-10,2.1888346058838924e-10,-9.653855709622628e-10,2.5992833171885885e-09,2.2533317690189855e-11,-4.96975853165847e-10,2.0462565928563108e-10,-1.2486131630590502e-10,8.648034257714526e-11,-2.757148850706918e-09,-3.778820455023675e-11,-1.718051084230749e-09,2.2434966059020297e-10,3.539272588217847e-11,1.8378558400378627e-09,5.467629686764874e-10,9.019230422262557e-10,-3.436788945316389e-10,-3.955431052147167e-10,-1.177371413867129e-10,3.497478162528358e-11,-2.0947106100886205e-09,-7.965248199550931e-10,-1.6498321940687795e-09,-1.4870041582861002e-09,-5.1533916996799303e-11,-3.0606468896558286e-10,-4.837739661171253e-10,-6.291856783205539e-10,3.716298811107381e-11,-3.583754522038895e-10,-3.518434000774943e-10,-1.0498066532641772e-10,-3.4002933036957233e-10,-1.2849899456591296e-09,-2.2730102299858252e-09,-3.270321355149362e-09,-1.465201823979978e-09,2.6140172030981462e-09,2.773425306081031e-10,8.681979210569519e-10,1.2107180279572348e-11,2.8189893879950953e-09,-4.1963541872779775e-10,-5.65515155290229e-10,-4.4426587059434335e-10,-3.204273321454793e-10,2.4605437725256226e-09,-2.226063620475967e-10,-1.938877757509853e-09,-2.744710912891115e-09,-6.154131594897111e-10,-9.662075211536999e-10,1.0577274758638765e-09,-5.251428737274147e-10,9.205636856576014e-10,-3.9627319415767674e-10,-2.1530285169164156e-10,9.208132788676992e-10,-3.5382940410502505e-10,-2.803918955842617e-10,2.0743531824719226e-09,5.79708213951108e-09,8.341071865957429e-10,-8.345263757392198e-10,-7.526006099673237e-09,-2.686615187317516e-09,-7.916106831630312e-09,3.661836011315533e-09,2.161407705556625e-09,-4.1894901357268423e-10,-3.023937171269038e-09,-2.2973609403772726e-09,-1.2776547118470035e-08,1.9310989838227694e-10,2.3071400089688902e-09,-7.496592562881797e-09,4.1647254120623395e-09,-2.4357114423653563e-09,1.8368848319343095e-09,-1.0040638500819493e-09,-6.025899164891163e-09,1.0608480518638463e-08,6.515676432270817e-09,1.6916833838098668e-09,6.2454076908301875e-09,-4.217959502151155e-10,-3.7644853710301645e-09,-2.1158340195511216e-09,5.761094248555665e-10,-8.657389916203438e-10,2.3865339511147426e-09,1.4275857045499695e-09,6.41844188544748e-10,7.916539306010746e-10,1.128455793953279e-09,5.357760187080511e-11,-4.938292487384337e-10,-3.322303489085154e-10,6.775283353045911e-11,-1.614997719038717e-09,3.850216265564223e-10,1.3788347675428116e-09,-2.1239667663677308e-09,1.687339725989191e-10,-1.0365623720676734e-09,-5.820865714744301e-10,-1.1054677814894309e-09,2.306030652544654e-09,-1.198377888503454e-10,-3.917211562558552e-10,4.086587354590318e-10,-4.31001305281466e-10,1.473998758183764e-09,1.1164812374394086e-09,6.688442055027545e-10,1.1462788682748694e-09,-1.3231791520598411e-09,-3.9757234962496177e-10,-9.319898763696498e-10,3.071869903693809e-10,-1.4710752127928556e-09,-2.9678803720492746e-12,2.756654181313745e-10,-1.6226037095257435e-10,1.930230119224107e-10
L12treat_p14,-6.179036264340988e-10,8.181370370365123e-10,-1.0094410928307356e-09,-9.197699619784376e-09,9.515182616035142e-09,4.736580358745947e-09,1.9401515678652056e-09,-3.1146006494979868e-09,-6.601407943520886e-09,-5.565291249629555e-09,3.828534138397694e-09,5.987663594986951e-09,-1.3633413147255814e-08,5.104958867216253e-09,3.888063969275855e-09,2.8741671493558866e-10,1.0077877086057015e-09,-4.948764251110073e-09,-3.622606573834365e-09,1.6953774979468145e-09,9.652472109540833e-10,-8.754068318824689e-09,7.0302742936567966e-09,-7.949441568692414e-09,6.475952508486827e-09,-2.2136351604981895e-09,-3.6841904907399625e-09,-5.040662169826382e-09,-2.932613978094442e-09,8.830433116037706e-09,-1.4407537507631288e-08,1.0486360026407019e-08,1.1787733819716448e-09,4.5081803521010075e-09,9.432187011197134e-10,3.247073327241809e-09,-2.2788428581748288e-09,-9.4329634490632e-10,6.482612388857894e-09,-1.1013686316716984e-08,1.5733733679698308e-08,-7.4332049254762044e-09,2.757699208585519e-09,2.2511153826725404e-09,-3.6836696143198627e-09,1.6528936531639375e-09,1.1235484007221413e-09,4.862553344482372e-10,1.383562318435412e-09,-5.500926039327585e-10,6.439260953935918e-10,1.3642711717536805e-11,-5.555614723255227e-10,-1.4000239158276977e-09,1.69679338696546e-09,-7.034045280875465e-11,-1.6993843033699666e-10,4.6076661241535984e-10,1.5071329374828813e-09,1.3790588751397886e-09,-1.8444044709309006e-09,8.060522271382957e-10,-5.098241788366018e-10,1.382716928659357e-09,-3.310485252666934e-10,-5.356855005049584e-10,1.1882030054428718e-09,1.5815847189804957e-09,-2.7508363157094733e-10,-3.5458069268393743e-10,3.9336241938996867e-10,2.7277230450591513e-09,-1.6073707727359397e-09,-9.210578796781005e-10,4.243075471272668e-10,2.351935385548366e-10,-4.304728313555172e-10,1.2160816012202381e-09,7.368104465469625e-10,-3.3112627431317294e-10,8.49942345370802e-10,-5.899282398607167e-10,2.634599405226329e-10,7.847354143608222e-10,3.8923735748297015e-09,4.617735969470767e-09,3.6295986017918808e-09,6.004219977719566e-10,1.7533543601345511e-10,6.245870488305913e-10,6.83607754085581e-10,-3.0130838943553426e-10,-4.196354187277862e-10,1.5322069148540734e-09,3.5129712664651995e-10,2.938488094093294e-10,4.263596977072032e-10,2.4932520334245922e-09,4.917702424526531e-09,-1.2639745307254771e-09,2.59802537346329e-09,-1.185848976419517e-09,2.39484270023148e-10,-6.280940092954263e-12,3.668814552169095e-11,-8.713022054248483e-10,1.5122803713405215e-09,-1.824854619362336e-10,4.5809761576851983e-10,8.163896595234741e-10,7.348247203118044e-10,-1.1074800524783603e-09,-4.268794572011868e-09,-2.6560033143384965e-09,3.5510584767847284e-10,4.981601959437434e-09,1.2063130723739045e-09,1.7054358140474506e-09,-1.721548463135856e-09,-2.9274187169292954e-09,2.2064513430535692e-09,-7.272606672045091e-10,-1.2055348720218077e-09,8.519752157606016e-09,3.64999167780375e-09,4.491350188314849e-09,1.111929748585231e-09,-5.167141727877357e-09,-2.28381673917757e-10,-3.4704777658745483e-09,-5.4374764853694454e-09,1.6519861249654945e-08,-1.3291783128259226e-08,-4.2238157960039255e-09,-6.2716029929190865e-09,-4.067087482728727e-09,6.832889037711805e-10,4.325154536933635e-09,1.2093888970729101e-09,-2.1561676588169695e-09,1.1538062949206771e-10,-1.9211318085524045e-09,-8.163365992960973e-11,6.753948768224635e-10,-1.4261405442022778e-09,9.65029487119586e-12,3.0116831863904705e-10,-8.052489347228403e-10,-3.6403410997134676e-10,4.7231661892152196e-11,2.170120937943089e-09,-1.5075038756754446e-10,-1.889536829066858e-09,-3.6285780948564523e-10,-2.1015831071645566e-10,2.2758624621477665e-10,9.672861798041522e-10,9.840406773769519e-11,-1.6086013644946198e-10,1.0242731286109095e-09,-8.069190195249012e-10,5.3887835994296976e-11,5.72681672797037e-10,-3.819865672527575e-09,-1.978086833341977e-09,-7.159126866374626e-10,-1.1806021557850172e-09,6.670489659797214e-10,-1.6181574157317558e-10,-4.6456425188447016e-10,1.0827276302380666e-10,-9.936152757331633e-11,-1.117985891094485e-09,4.347866875306283e-10,-1.6933499074790465e-10,-4.195670076486937e-10
L12treat_p15,-4.5914206273434514e-10,-1.6183553753613323e-09,-9.895593276380758e-09,-1.7827805744218222e-08,3.4417174097180314e-08,1.4250306020492852e-08,3.0353414169207884e-09,-7.400674298044315e-09,-5.2981077156715415e-09,-4.229073660014701e-09,1.6500526247776395e-09,3.360670509743111e-10,-3.82994721271375e-09,1.1956313405033151e-08,1.152363005371991e-08,3.7156168248277755e-09,2.496839059564639e-09,-5.179839287911961e-09,-6.233366141215464e-09,-4.670456549608546e-09,-1.0178638776439418e-08,-1.4774945752192373e-08,1.9269786940627763e-08,-4.121083723597351e-09,1.0668804990894664e-08,-2.484899309597651e-09,-1.65910060778066e-09,-8.60107726946063e-09,-7.559179013127938e-09,4.186301505456074e-09,-1.3552004075759721e-08,2.6073325224603e-08,4.237665953103162e-09,1.0949201964355698e-08,1.2566555872510649e-09,6.434094771542614e-09,-8.205266005084047e-09,-8.153424397738736e-09,-4.993725653644122e-10,-2.4530093607889353e-08,2.978515976975088e-08,-6.6202875294393925e-09,9.419929929376393e-09,1.7095958717840935e-09,-1.6361307601546423e-09,9.292478080981914e-10,1.1942921422416686e-09,-6.387760194026974e-10,1.2169887592999569e-09,-3.712916773513155e-10,-1.1133794657071771e-09,5.253886064072083e-10,2.468132671080834e-10,-9.603595475997002e-10,3.138039933389912e-10,5.175450745560823e-10,1.3967981720812598e-10,1.6208485633142005e-10,-1.2772469738638068e-09,4.2082376078992316e-09,-1.97779067282546e-09,-5.92913456976141e-10,-1.2921756045105073e-09,1.54167717178332e-09,-1.1852125608719142e-09,-7.894390621520318e-10,1.15020087832525e-09,1.201738359681646e-09,1.6367250393766267e-10,3.5369923450342185e-10,5.1372613690983375e-11,2.980406020158498e-09,7.768012232526523e-10,-1.4974729858744721e-09,5.118212111381331e-10,2.0733891812603574e-09,-7.701959355555007e-10,2.2149613869780397e-09,2.103765109949538e-09,-7.37617073228923e-10,1.9588470774670094e-10,5.777521885113909e-10,4.63326878434736e-10,8.525508763925201e-10,4.317793250196206e-09,1.2232114389231334e-09,1.7535166006310926e-09,6.873136625060198e-10,-3.8837605763748054e-10,-3.205407108653311e-10,-5.54416433073642e-10,3.4997307608987894e-10,-5.655151552902286e-10,3.512971266465158e-10,1.6653943672494642e-09,8.881840453840404e-10,3.755331690228697e-10,4.693327753735274e-09,7.609208588812335e-09,5.324524374716589e-10,4.6249083555590696e-09,-8.372737318081435e-10,-1.506562545578923e-09,1.091978798737084e-10,1.6362628976474735e-09,-1.3725127081768982e-09,1.382841888907859e-09,4.1641116106699817e-10,9.69141229646189e-10,3.1896372524506735e-10,-2.027912139425913e-09,-3.6830698473604606e-09,-7.683799426979454e-09,4.314971937581783e-09,7.736397457699682e-09,6.2877090229523956e-09,5.018722548490727e-09,5.308812311095488e-09,-2.3970941244270192e-11,-3.810853354873376e-09,-2.3606765756649017e-09,-9.08790812006439e-09,-1.2431270234473937e-09,2.183499959508995e-08,7.595550940630743e-09,3.5801298345737384e-09,-3.4894688344128277e-09,-4.423670976797144e-09,2.577399031880218e-09,-6.270028332692158e-10,-4.129981987231697e-09,2.2982557043557993e-08,-3.16491432081716e-08,-1.1748911959374189e-08,-1.4404857173619576e-08,-4.974292165424619e-09,-2.154741829951498e-09,3.970735122849036e-09,8.129635428341848e-10,-1.7860594167438025e-09,-1.2155077096547747e-09,-2.3682150557353043e-09,-1.6854834110608967e-09,3.4075788209539706e-10,-1.524185852198648e-09,-4.708332396559106e-10,-8.270039097599682e-11,2.814562195688134e-10,5.667387650639593e-10,4.2629042218219763e-10,2.250959756049549e-09,-5.112217079756819e-10,-3.3411506081903267e-09,1.7085072840949455e-11,7.627527855055576e-10,-1.0297917138021022e-09,1.4213438469854494e-09,1.3487923194563844e-09,-9.006200162307245e-11,3.527509487143412e-11,-9.901309268305479e-10,3.781478414599275e-11,5.748922242353667e-10,-5.316516420537285e-09,-3.2188159728380653e-09,-7.51370631620611e-10,-1.2444141039049415e-09,6.302730501842965e-10,6.835490365288366e-10,-4.228209433164709e-10,-5.864937873444426e-10,4.497478562939824e-10,-3.464442091238055e-10,-2.7767554073114634e-10,-4.677898027056676e-10,-4.143944433847375e-10
L12treat_p16,-3.431212997714571e-10,5.059711243489986e-10,-4.916186919961005e-09,-1.2694550205878678e-08,1.867333889683183e-08,7.802271719334144e-09,5.653825123109635e-09,-7.343671419566831e-09,-3.2208468429353754e-09,-3.6264483682888946e-09,-8.996491480642233e-10,-3.985606373090825e-09,-2.9742691153664937e-09,1.1592489329107383e-08,1.0367580952452837e-08,6.08724752993564e-09,3.1038687780449014e-09,-4.666204496425915e-10,-3.640868377699135e-09,-1.9199752978655754e-09,-7.190989029264374e-09,-1.1346300271191709e-08,1.3393245364987494e-08,5.316074176276843e-09,8.125414371181428e-09,-6.45778843510782e-10,5.265856969472923e-10,-4.1232657533789975e-09,-2.47984722095629e-09,-1.4878008354400715e-09,-5.085005527583791e-09,1.878499007453316e-08,7.930863042085205e-09,1.0927380378505399e-08,3.4264527762286245e-09,4.013705072948049e-09,-5.808832104420666e-09,-3.754040457769405e-09,-4.280946540980293e-09,-1.8018970568605298e-08,1.8659104411371962e-08,-6.794564553799058e-10,5.501159996327992e-09,-5.016395939365612e-10,2.1227768940188096e-10,1.8038983923867712e-10,6.558921935324398e-11,-2.714676114033201e-10,5.4373146700068106e-11,-9.517421264622859e-10,2.5227461600078585e-10,5.240584012922037e-10,-5.609433112294939e-11,-6.255867983184661e-10,-2.8315397333309554e-10,2.1999666469696057e-10,4.101926541694223e-10,1.668779490976665e-10,1.276492437850171e-09,1.9478842825440198e-09,-7.408380396543386e-11,-2.1167463035207712e-10,-1.0575198504364205e-09,1.130978523495444e-09,-1.0820251536267992e-09,-7.183289274954852e-10,5.161083888667081e-10,6.848790967656081e-10,4.537467357438829e-10,6.20035214977147e-10,8.488738503450079e-11,2.914205183624245e-09,7.830160667922847e-10,4.156477388066173e-11,-1.34551940278178e-09,5.014508725047092e-10,-2.7879129918831437e-10,8.436266623470683e-10,-3.486363048840638e-10,-1.243468939693656e-10,5.205764629160346e-11,5.408659792610316e-10,6.956125436525006e-10,5.815622646342309e-10,4.831078074609203e-09,8.411991866395202e-11,2.1429529651788855e-09,6.171747987919645e-10,-1.5296889954867618e-09,-8.090902681933606e-10,-2.872193364889113e-10,9.80234029423299e-12,-4.442658705943378e-10,2.938488094093308e-10,8.881840453840392e-10,1.2606108859628713e-09,1.8256943163713818e-10,3.544754853936959e-09,4.3761934779573955e-09,1.369500370262436e-09,1.160343819622664e-09,-2.9706070525009654e-11,-6.567443119375383e-10,-8.254673718639479e-10,4.797770088366282e-10,-7.952711379407595e-10,1.122538317908864e-09,6.646562773065291e-10,4.150584221759292e-10,4.4123493897970117e-10,-2.437742990952864e-09,-4.260267705614078e-09,-7.3896854558071216e-09,-1.6401181418684584e-09,6.298577087510642e-09,7.606755763451498e-11,5.918673105878696e-10,1.6452125051909793e-09,-8.857952568675868e-10,-3.3253376372955386e-09,-2.956834504061216e-09,-6.415163863084208e-09,8.712542171623895e-09,3.501243707716548e-09,3.1855408672671252e-09,4.9146897594834496e-09,-9.739990921320074e-10,-2.347785051940416e-09,2.369702949354846e-09,-6.594095321008236e-10,-1.3216933347525703e-09,1.294508825252857e-08,-1.5825105118152988e-08,-8.548048806023199e-09,-9.661183818399915e-09,-2.2939875530862348e-09,-1.3026115780860264e-09,3.5566319063701726e-09,-1.5346436598625614e-10,-4.704893027191119e-10,-1.4418490465279158e-09,-1.4176099681884413e-09,-7.554333049458784e-10,2.1392606018949535e-10,-5.933258714476197e-10,-6.432148736577587e-11,-2.2497152402372796e-10,3.918751909422417e-11,5.16659563250605e-10,3.8981249233017947e-10,1.0175702106630681e-09,-2.2937900147968796e-09,-2.7941928986147917e-09,-2.7423734208877556e-10,-1.156610032424866e-09,-1.4625169895305796e-09,7.987233712154663e-10,5.189151090566466e-10,-4.059566451552501e-10,-2.167430265901499e-10,-5.946639666181638e-10,2.3474994404133107e-10,4.417098091293233e-10,-3.403993732621958e-09,-1.0321955178211754e-09,-8.760559995033591e-10,-1.488123383231923e-10,8.706606301421482e-10,6.30593022302082e-10,2.128055116121123e-10,-1.0280431519101486e-10,8.878466374941505e-11,-2.48871788039446e-10,-2.47466402564805e-10,-4.915849555322563e-10,-4.118319745930586e-10
L12treat_p17,-2.5943043541533837e-10,-3.739478867620883e-10,-2.3216687540935385e-09,-1.2351364873231805e-08,1.467426107605145e-08,7.394164511252748e-09,5.012777694597653e-10,-5.959625218102881e-10,-2.3722932457611366e-09,-3.7223226278811983e-09,1.819573408875941e-09,4.3710334172676705e-09,-1.295930143645157e-08,6.149417208278255e-09,5.329274887929402e-09,9.404070712434065e-11,1.8132794172993323e-09,-2.9860130669795656e-09,-2.7716976337065643e-09,2.293564126348833e-10,-2.417432302689868e-09,-1.465539286293206e-08,1.0177375669576424e-08,-6.410957614401363e-10,3.476400708020369e-09,-3.134331182698258e-10,-2.2921720616363283e-09,-3.7053642904142744e-09,-2.1760241015061108e-09,4.189244434470009e-09,-1.4779883072867074e-08,1.348802230705999e-08,6.052959451877059e-10,3.42978570234269e-09,1.4195813754778465e-09,3.088134606776819e-09,-2.4229444192893846e-09,-2.098564456242134e-09,2.2316842493697206e-09,-1.5222263322798628e-08,1.6200059225866333e-08,-3.4532508483778853e-09,2.6769853733513526e-09,2.6318465994349123e-09,-1.9184509617901932e-09,1.3323997318904254e-09,1.7238619631091336e-09,-7.633015578713764e-10,5.162262920291867e-10,-1.920530571164408e-10,-2.2385648496556806e-10,1.2672625315534613e-10,-4.0792146864828783e-10,-7.729916407124383e-10,7.352091532329362e-10,8.93097118598076e-11,-1.0603915638939264e-10,3.552523513212625e-10,-1.1379564515084792e-09,2.161356976151757e-09,-1.7234071612543668e-09,-1.8196440090725657e-10,-7.394612724418206e-10,7.729295928227806e-10,-6.266611120162673e-10,-4.252416231258917e-10,8.734362255404441e-10,8.137487996759494e-10,-1.4116616306313035e-10,-2.1573536292282287e-10,3.3566680035305403e-10,1.754797892674567e-09,5.991645282768109e-11,-1.3184681052383596e-09,2.6495328824857924e-10,6.112221073450564e-10,-2.959075319418067e-10,9.796011586451055e-10,1.04948900612366e-09,1.2806444160007869e-10,4.1154892625140154e-10,-2.4518922076389e-10,2.2437544734697884e-11,6.371609251894081e-10,2.1086970995986667e-09,2.135473816317463e-09,1.6201812386318222e-09,-1.406894530898025e-10,2.0194263350297228e-10,3.2923472799970506e-10,3.137034794979344e-11,-8.772038664773149e-11,-3.204273321454752e-10,4.263596977072019e-10,3.7553316902287564e-10,1.825694316371389e-10,5.146196326821261e-10,7.254951864935653e-10,3.825703161685709e-09,-7.319221342263129e-10,1.8395496047567997e-09,-7.009193008683665e-10,-4.2983946092135405e-10,-1.3593858605892392e-10,2.799655451465755e-10,-5.904468230405612e-10,6.579965899612043e-10,-2.6466465296352303e-11,2.8394930694298123e-10,4.844711431448722e-10,4.1131971566539324e-10,-1.706913258622771e-09,-3.065766648227511e-09,-2.028521942788575e-09,6.83096885749033e-09,5.5029970437342496e-09,7.827973356942116e-10,2.794377165072229e-09,-6.086947062214303e-10,-2.006679056211962e-09,-3.6076428895593737e-10,-5.806374271270943e-10,-6.9734259653736934e-09,1.3671803636355958e-08,1.5777101422285577e-09,-2.2881109610800362e-11,1.3823103675977783e-09,-2.991606768054567e-09,-8.880376208473856e-11,-2.106093521390024e-09,-2.8612357037045857e-09,1.7671683395290073e-08,-1.66028406853399e-08,-4.736503435382595e-09,-4.671776709739454e-09,-3.749903566254141e-09,-4.615193238923739e-10,1.8130878496507477e-09,1.5050912192957203e-09,-2.4222621402551748e-09,-9.693786380372839e-11,-1.251694137168782e-09,-7.624410569175164e-10,1.441732872303253e-11,-1.059717746564846e-09,-1.8368259882259702e-10,1.5038541326509264e-10,-2.5313910963785193e-10,-1.2890477465996744e-10,1.3274002313827825e-10,2.484515798535837e-09,7.269879081465535e-10,-2.75452857435602e-09,-5.051526394504517e-10,3.6808933655587964e-10,-4.4001961723543714e-10,7.656461249878171e-10,1.2669490985832809e-10,1.638773509385464e-10,4.6078762674421836e-10,-8.063592824900677e-10,-1.0902868806775982e-10,5.562029756687736e-10,-2.340019524055354e-09,-2.1267310990190454e-09,2.380448258222268e-10,-4.4896977944149867e-10,4.772907943201073e-10,2.710950467097832e-10,-1.4984335272799994e-10,-1.262640982789526e-11,-3.178847883153712e-12,-4.6452623182766343e-10,2.1070147232140548e-10,-2.2086528513032984e-11,-3.583775535546216e-10
L16treat_p5,8.577054339396365e-10,-1.537162549421976e-09,-5.464858443381658e-08,-1.0913444220351816e-07,1.4833509087916977e-07,5.088370943299474e-08,5.1409170373112324e-08,-4.5812981011604026e-08,-4.008751546803744e-08,-2.6570052967150474e-08,1.4103950198510688e-09,-1.9708093964951613e-08,-1.3192877662870574e-08,7.810903248997301e-08,2.990966542750148e-08,5.5176504711380865e-08,1.23866672310828e-09,-3.866523796347623e-08,-2.7182489732250446e-08,-2.0540143422215752e-08,-4.5808792316521723e-08,-9.045723868853788e-08,8.37426525564365e-08,-1.4273070740189533e-09,8.127589840875914e-08,-1.6599136184119756e-08,-1.2937249185549711e-08,-3.0105130469558325e-08,-3.67047416606454e-08,7.753550722959822e-09,-9.716569467762886e-08,1.7196368459670169e-07,2.6601962788223466e-08,5.997178154743145e-08,3.4215589224846815e-09,1.043018507857628e-08,-3.088600277915852e-08,-3.5538724604192436e-08,3.2680557477720646e-09,-1.5461257763444757e-07,1.3459682015082621e-07,-6.197587914019193e-09,6.941153500207128e-08,-4.3517927685366295e-09,-1.1527792444418797e-08,7.999604392349149e-09,-6.195633027038928e-10,2.4632911237385864e-09,8.521294701957737e-09,-5.909833269394548e-09,-3.7909533077169076e-09,1.6665324214491934e-09,-1.9776808461451423e-09,-4.2666913058071485e-10,2.6761389597134826e-09,7.15192871578177e-10,6.428002418092055e-10,1.3527750158710983e-09,1.671532555387999e-08,1.777083231799161e-08,-8.749408456479224e-09,-1.2287579578624036e-09,-1.0375356452892233e-08,7.687173888231823e-09,-2.2929652823749313e-09,-1.9018291471099707e-09,6.680456172069479e-09,6.859239416135505e-09,6.630802370646825e-10,1.0832526168276282e-09,6.520488450803691e-10,2.6900377073323996e-08,-5.007404497701233e-09,-6.821750726926378e-09,5.754123302586655e-09,5.166928214049646e-09,-6.4459655708074215e-09,9.979197414740653e-09,1.5236477733537397e-09,-4.753770157401202e-09,1.196683778357274e-10,1.2208103616287126e-09,1.8438326558514265e-09,4.2790708683978055e-09,3.550243363079678e-08,1.464899625731221e-08,1.3345127038705049e-08,9.101767311956416e-09,-7.300038036946947e-09,-6.373952991736864e-09,1.5908980618601398e-09,1.6785137346399e-09,2.4605437725256495e-09,2.493252033424602e-09,4.693327753735338e-09,3.5447548539369546e-09,7.254951864935733e-10,5.801267689497469e-08,3.103428075772307e-08,4.832101903160025e-10,2.2094377798903526e-08,-7.696345392811495e-09,-7.109322789923801e-09,-1.4162513086909397e-09,2.2486328401117643e-09,-8.207271480994466e-09,8.385657184376353e-09,3.24906193707799e-09,6.6971265793241435e-09,2.441771455617619e-09,-1.0636563840303086e-08,-2.173595001464898e-08,-1.0862057409723248e-08,-1.639971260106305e-08,4.8269372623190144e-08,1.200404898079439e-09,2.5484040920920503e-08,2.8851276302837415e-09,-1.8188145868887115e-09,-1.3901182627251724e-08,-2.591676235947959e-09,-2.611682639812524e-08,2.731711340038326e-09,2.7601797391063342e-08,4.5011548327770114e-08,4.644802057003559e-08,-3.2966331738407608e-09,-3.73787218824988e-08,9.765793361593956e-09,-3.0899326222127247e-09,-4.5553461498830364e-08,1.3881472892716444e-07,-1.3390049203367158e-07,-5.185515708805235e-08,-8.77712550763703e-08,-1.9152963544636138e-08,-1.4429987233601563e-09,2.2644025420733112e-08,-5.653223319982346e-09,-1.3687230740500548e-09,-4.911409264840929e-09,-9.031573876752085e-09,-4.13885456460689e-09,5.4668613464864005e-09,-8.124539263009124e-09,7.320734235035836e-10,-1.43796733218256e-09,-1.864067493299777e-09,2.0495110396748386e-09,3.2545061056963327e-09,1.2066137878850196e-08,-1.5772303533115934e-08,-3.813035516521945e-09,-1.6723486664325913e-09,-5.66790205700385e-09,-9.87459241041262e-09,7.286060086885453e-09,9.110951658566962e-10,4.786830420136037e-09,3.7114712271955913e-10,-5.676444468908489e-09,4.491149191586007e-10,2.5985797291928688e-09,-3.6932791785907457e-08,-7.701860944449254e-09,-9.42877163963176e-09,-9.381980886079433e-09,4.647674925840422e-09,3.736597599695667e-09,-3.2951716444842803e-09,-7.594635383869621e-10,-1.360412611012941e-09,-2.895141682487046e-09,9.627971372424174e-11,-2.5907962424000554e-09,-2.514242105196871e-09
L16treat_p6,-4.157595624792944e-09,-8.895935413210185e-10,-8.044017259314471e-08,-1.606800837807782e-07,2.4648643496901894e-07,1.0788071319514054e-07,8.702732388050781e-09,-5.783318593043255e-08,-4.1681836314610373e-08,-4.54909904594211e-08,2.9362628223934653e-08,1.6611108983550187e-08,-7.557624931093955e-08,7.078417354118045e-08,8.708030060083534e-08,1.7164382977453105e-08,5.551036877276149e-09,-3.800787888000915e-08,-4.995445538768925e-08,-1.1260796661795057e-08,-6.167058052077157e-08,-1.0818852692488204e-07,1.1791105760280521e-07,-3.735371029018576e-08,7.073696303091783e-08,-2.8353530475959386e-08,-1.824118629901853e-08,-6.625228461712851e-08,-5.0482780634397044e-08,4.971160105350121e-08,-1.258766045511695e-07,1.9547425971191706e-07,2.1576780052618647e-08,5.7992285489077554e-08,-1.0863441579397625e-08,4.121275011667875e-08,-5.6806852965621126e-08,-4.414906058983082e-08,6.419400811808073e-09,-1.682399744227613e-07,2.5849172416547094e-07,-7.616045292517236e-08,5.308414206326094e-08,2.4551583631791463e-08,-1.909420258434524e-08,1.307425682336338e-08,2.779734726753918e-08,-8.995969836090752e-09,1.003169689895496e-08,-1.4732679155434243e-09,-7.76123859822891e-09,3.163268154430797e-09,-3.414400898649509e-09,-6.067412716447212e-09,8.546115134297313e-09,-4.663328622489697e-10,6.533302545364252e-10,2.604594460482989e-09,-9.876092481821116e-09,4.0838922589177186e-08,-2.7196780968203804e-08,-7.690405620818417e-09,-1.1292707293993742e-08,1.171613017716882e-08,-5.828998582969849e-09,-5.515510567744012e-09,1.4175580897145331e-08,1.2161968475966674e-08,-1.1109817500724167e-09,3.6181074867617373e-10,2.502624458160915e-09,2.1903333691732323e-08,6.084765206857765e-09,-2.2351452881808915e-08,-6.625212798967622e-09,1.4080587661418875e-08,-7.803236103676564e-09,2.1263221900178042e-08,1.647830212207055e-08,-4.908253305890682e-09,4.996504793855693e-09,-1.2324144479947182e-09,3.642837978293554e-09,7.719708494651262e-09,3.2750026832065624e-08,3.2067686533316725e-08,1.6878547066980298e-08,-1.8215173027651836e-09,4.445864480115439e-09,2.054120457348989e-09,2.014130172932554e-09,1.5791213111122106e-09,-2.2260636204758876e-10,4.91770242452653e-09,7.60920858881237e-09,4.3761934779573856e-09,3.825703161685704e-09,3.10342807577229e-08,7.340674520655123e-08,-1.2019350994681216e-08,3.0301912403690325e-08,-5.6054595475684625e-09,-1.281888622229971e-08,1.781980351030926e-09,9.206526674721323e-09,-1.0822320794204715e-08,1.1939111153950231e-08,-3.5577962890255983e-10,8.979339345299146e-09,5.4675294020536895e-09,-1.677376193493808e-08,-2.460680507428286e-08,-6.198265442723218e-08,2.1113777828549786e-08,4.691511094009106e-08,3.7209621521997575e-08,1.8681214929062965e-08,3.0152453988590245e-08,-7.740035530733535e-10,-3.5132898130694684e-08,-1.0670149724918437e-08,-6.627387391564663e-08,-6.669222914564649e-08,1.426032752763582e-07,4.7703271194829586e-08,2.8028920630368557e-08,-2.385068173856372e-08,-3.69300198700432e-08,1.734747584806273e-08,-2.3812674170363715e-08,-3.599098783622885e-08,1.9792008545630314e-07,-2.50804853717433e-07,-6.942418363527094e-08,-9.179982516602886e-08,-3.6799543638262826e-08,-1.6481573896309163e-08,3.5618053282834573e-08,2.3096847604269178e-08,-2.4456460878561666e-08,-4.182555527088159e-09,-1.4693716497366007e-08,-1.1248175928181358e-08,5.6614570220918066e-09,-1.2883238692785455e-08,-6.199639946532352e-10,1.9821248207174223e-10,-4.014829256631089e-09,1.934944431334426e-09,3.450091000223429e-09,2.038161367963334e-08,7.114696150030621e-09,-3.344967205859821e-08,-4.9046160859760435e-09,5.612017138334211e-09,-8.376168316587597e-09,1.1593617986321267e-08,6.657394874281867e-09,3.4540424143606724e-09,1.9269098968931413e-09,-1.27371490949487e-08,1.1121819939960278e-09,5.601808616397751e-09,-4.4094654941717216e-08,-3.7926742118046075e-08,3.7620956980186164e-10,-6.17359458364861e-09,3.940758248607363e-09,4.9429190108603725e-09,-5.6706808664108795e-09,-2.9252306711200155e-09,3.397228651820107e-10,-6.0401936140323816e-09,2.7225466439835184e-09,-2.963221864967252e-09,-4.072006287894395e-09
L16treat_p7,1.5079260704598651e-09,-4.725878358965541e-09,2.7588534489656826e-08,-8.19557422850806e-10,-3.01558312493723e-08,-8.8254795689372e-09,4.61172097212794e-09,6.426651619485056e-09,6.625277467846644e-09,1.1607720788525439e-08,-1.609503655148083e-08,-1.101149536288371e-09,1.8478722589432163e-08,1.1910405662041134e-08,2.524652936788646e-10,1.191059844499525e-08,3.785055466857621e-09,1.6823942216596847e-08,1.0242794274403035e-08,-1.2944701958120313e-08,1.5044644697684722e-08,-1.1753604226848195e-08,-3.5237868410343437e-09,2.8499500367005774e-08,-1.5956347107883938e-09,1.614994839157853e-08,1.591204051852261e-08,1.0850272773988636e-08,7.749668828734455e-09,4.7647510108867466e-09,1.6506100839577543e-08,-2.7137926213987916e-08,1.7852945434448304e-08,8.370524651387844e-09,2.0343366358311937e-08,-2.3707741789720557e-09,3.612555234650015e-10,5.139766033605815e-10,3.852799141642899e-09,-1.3932383011024001e-08,-5.730440842020215e-08,2.5786662705544824e-08,-8.029073868252961e-09,-8.326617689888216e-09,1.535388678315645e-08,-6.691843698212577e-09,-1.0474618555376462e-08,6.122210621148757e-09,-9.64397901834117e-10,3.549418587637954e-11,8.201291482573707e-10,6.373895983115512e-10,2.5412684281372266e-09,3.8106081634170167e-10,-4.8677701120197496e-09,1.396959436074863e-09,1.1263155733937705e-09,-5.142282607179073e-10,8.27317560281289e-09,-4.778083204266222e-09,9.385965621467146e-09,3.233973914052832e-09,-1.5141605381007772e-09,-3.249829172203893e-09,-2.476412292396352e-09,7.679639300790417e-10,-5.695388376752884e-09,-2.3759517794664072e-09,2.4244472259790797e-09,1.775766003718031e-09,-1.1752761447660042e-09,-1.7210949668160916e-09,3.3492174673663957e-09,1.765047522327459e-08,5.373833432247546e-09,-1.5135126086758748e-09,3.4877429575716415e-09,-6.185000498055744e-09,-7.171221329012922e-09,6.025848451275898e-10,-1.3368095191372192e-09,3.5714881006188228e-09,3.6806505594390443e-10,-9.026947622970273e-10,-3.1624921770464864e-09,-6.6338826381244424e-09,3.860741986103883e-09,4.24180399960573e-09,-9.753999467963269e-09,-4.998468766165852e-09,-3.6969539891990455e-09,6.957642082441702e-10,-1.938877757509882e-09,-1.2639745307254521e-09,5.324524374716438e-10,1.3695003702624339e-09,-7.319221342263223e-10,4.832101903160893e-10,-1.2019350994680963e-08,2.087764932118645e-08,-1.9062005982910726e-09,4.603604943160476e-09,2.50073020088626e-09,-3.934541522395559e-09,-1.7559950395683076e-09,2.4101717916027903e-09,-1.6006537818173972e-09,2.867522924042182e-09,-2.8450048499874135e-09,-1.1475897093364009e-09,-1.5680861698682893e-09,-4.756057765434339e-09,1.3225736567326458e-08,-1.4948731025894777e-08,-7.853054598992584e-10,-1.680878618651706e-08,4.2300074085493306e-09,-1.9285706944675666e-09,-1.2965701584742613e-09,8.186264268068565e-09,-8.035868911891361e-09,1.6742724077893154e-08,3.936865063125558e-08,-3.5787303879671e-08,-8.348151980462153e-09,-1.2076764100617563e-09,1.955180076001988e-09,3.5084883370824775e-09,4.389011060956567e-09,1.2888938014811106e-08,-9.599352600720837e-10,-2.6631393894453417e-08,4.564905149189437e-08,-1.1346826419464753e-09,5.053116788027679e-09,4.659857051104416e-09,-1.298320247702918e-09,-4.073945580349747e-09,-9.27162214066643e-09,1.0175163887467062e-08,-2.93334945506357e-09,-9.2735556240667e-10,-1.899331702989878e-09,-4.429521744166815e-09,3.433694221784175e-09,-1.34529856643562e-09,-9.330942529815843e-10,3.383277392885211e-09,1.7139768499911237e-09,2.0810290294344934e-10,-1.0843091246187516e-08,-9.181522177080909e-09,9.716074721902636e-09,5.859369204680801e-09,-3.866445727637374e-09,-1.0524764602986774e-09,-3.4692233108764316e-09,8.198760445681334e-10,-3.295382539134671e-09,-2.2387259415307638e-09,3.78068142365331e-09,-8.416359181632067e-10,-6.903806648235295e-10,6.110953192313469e-09,8.390948353048585e-09,-7.361232751033624e-09,-3.048401821633022e-10,1.7248645275262875e-09,6.224510159082686e-10,4.793346677889635e-09,5.822650230027954e-10,2.010183462285553e-09,2.4422411450611994e-09,-2.4856111712251075e-09,3.597475975314893e-11,1.8352158004079767e-10
L16treat_p8,-4.480197607556543e-09,-9.98261396292901e-09,-3.47851793381018e-08,-9.308850534366574e-08,1.2641431590215974e-07,6.009327262570479e-08,2.8436658772370644e-09,-1.70100411569574e-08,-2.832347344349236e-08,-2.2291197438762015e-08,1.459716430147417e-08,1.3784303673765567e-08,-4.0818595633994496e-08,4.7253842883412665e-08,3.965254985655595e-08,1.443461637519437e-08,1.0110297464956427e-08,-2.4823365607841517e-08,-2.7180224563441374e-08,-1.4939474266872845e-08,-2.9056189698653835e-08,-6.683136064833627e-08,5.491634567532981e-08,-2.8604548477719143e-08,5.174941383918502e-08,-7.914439715544784e-09,-1.659276352904189e-08,-3.998413503570336e-08,-2.8792293797084587e-08,3.292657942766213e-08,-8.660726833216407e-08,8.89423626496499e-08,6.639375083949871e-09,3.4982890509656655e-08,8.547256309638326e-09,2.706527750132871e-08,-3.315822219377204e-08,-2.5490576144795197e-08,8.036129817763581e-09,-9.325862505523433e-08,1.0520536077555042e-07,-2.9566431997390398e-08,3.2218762667687765e-08,2.0399374597100623e-08,-1.0190163294774399e-08,2.557059386530946e-09,7.154371533054019e-09,-2.115612438581253e-09,1.1294119578691945e-08,3.096347072711003e-10,-4.161649656421476e-09,3.633421605054654e-10,1.7228692090574818e-10,-5.159439098039451e-09,4.444241845955e-09,1.1441727369042803e-09,-5.757771341064024e-10,1.211714349172845e-09,-1.1857274798866545e-09,2.061870018490258e-08,-1.3343370945232618e-08,1.3561936908819376e-09,-7.1453746512043435e-09,5.161327674116358e-09,-4.87946935373799e-09,-1.4475615643079285e-09,5.6086441909356166e-09,6.997917659656273e-09,-5.792475570478319e-10,-1.645972251855258e-10,8.124136497363003e-10,1.269277670752532e-08,3.0425185907842316e-12,-6.980298013842525e-09,7.49428126260298e-09,6.416430722295258e-09,-2.829913114298e-09,1.0076662229680057e-08,9.644331121853953e-09,-4.240573136944701e-09,1.8384115063255057e-09,2.993603672145442e-10,7.331434514930765e-10,3.879263206439836e-09,1.5574941159048865e-08,1.9773651778628764e-08,1.0371507627073365e-08,6.916266879915026e-09,-2.048722620770097e-09,-5.363969801000287e-10,-8.964208993067487e-10,1.7879834211442524e-09,-2.7447109128911123e-09,2.5980253734633004e-09,4.624908355559071e-09,1.1603438196226714e-09,1.839549604756798e-09,2.209437779890347e-08,3.030191240369039e-08,-1.90620059829105e-09,2.683150213474498e-08,-4.213941557874711e-09,-3.0920935457224093e-09,-3.7785007679313847e-10,6.186552873301012e-09,-6.210894987694449e-09,5.9944428604639815e-09,1.7194006707227464e-10,3.867205266503007e-09,2.467075798979775e-09,-6.560757183337402e-09,-1.689786910196079e-08,-2.5321591459041812e-08,1.821589186989782e-08,1.1749056051372351e-08,2.5991755828626908e-08,2.1993534319808657e-08,2.3307200940224606e-08,-4.035275456416722e-09,-1.4115764214509972e-08,2.0784432978781224e-09,-1.526445373439467e-08,-3.6359497525118107e-08,7.628360474693213e-08,3.164875726808319e-08,1.7470953507401058e-08,7.658990675687677e-10,-3.192706098557689e-08,1.155016264275831e-08,-9.185336232803113e-09,-2.1152608423472396e-08,1.0431423122024059e-07,-1.2118038600924158e-07,-3.9281127425846195e-08,-5.387983744047179e-08,-2.627658171506435e-08,-4.024041094559236e-09,1.666445076628263e-08,7.757796838360832e-09,-8.535451570688868e-09,9.221452116230596e-10,-1.0737316861395007e-08,-5.082174485296525e-09,2.567135335710221e-09,-6.9337361730138e-09,-1.5071119726803149e-09,1.3635973065069865e-10,-7.30838633663804e-10,1.0579761905016837e-09,1.755690916608703e-09,6.6041457896073384e-09,-1.375985971322933e-09,-9.142398628080944e-09,2.8218899941253902e-09,3.2134426413758063e-09,-2.1932649131901115e-09,5.782315221133981e-09,4.125433849887706e-09,-2.1031372509614304e-10,1.279463742703033e-09,-4.145746218219061e-09,-9.614523525393363e-10,2.7710974873910168e-09,-2.3813825828752535e-08,-1.6232441159477356e-08,-3.8677337613282995e-09,-9.94258522575758e-09,3.3325193573580757e-09,1.4365081657365219e-09,-2.033120596469828e-09,-2.4498844216634603e-09,2.1733803402883457e-09,-2.4217631067502896e-09,5.303072119514309e-10,-8.87105999511742e-10,-1.9706188840928937e-09
L16treat_p9,2.6470267016895105e-09,3.0251326837008497e-09,1.3785205235320511e-08,2.5201096743220013e-08,-2.7000610235129255e-08,-6.216937731787823e-09,-7.650156178135824e-09,2.6939698125909407e-09,7.464058597154833e-09,1.0653674979897712e-08,-6.410688697534642e-09,-5.909414488546204e-09,2.1124122520990445e-08,-1.856837806967843e-08,8.298609167320896e-09,1.9387000762952972e-10,-5.946554429621797e-09,1.4062852100860234e-08,1.5199378698876936e-08,2.3649772539951643e-09,1.0598113360335253e-08,3.504335845570332e-08,-7.26529412538117e-09,2.694562546375193e-08,-2.1622432900217215e-08,-3.5255992918085066e-09,3.2909060301670765e-09,1.3647574538427126e-08,1.029693912084532e-08,-4.840184533062766e-09,3.771623136239456e-08,-3.931661015884907e-08,1.2788486781696832e-08,-9.411769929021952e-09,-2.745059736122992e-09,-5.0155598692684895e-09,9.828157211078067e-09,1.122779083785576e-08,-1.5644973541926505e-09,4.602913701563175e-08,-4.198734685509727e-08,1.706916691627091e-08,-1.548969844458844e-08,-9.543822199491898e-09,6.594054782333612e-10,-4.74682947537288e-09,1.5881585378530392e-09,-3.4097587332582532e-09,-2.317878644250759e-09,4.3978588577411975e-09,3.2313190563933726e-10,-6.926378059235085e-10,1.6544408579910666e-09,1.3271355426224376e-09,-2.318394666093735e-09,5.212419382215962e-10,1.2393111636713633e-09,-2.201925055808769e-10,5.050494650322854e-10,-6.479106263817284e-10,3.8331956710244064e-09,1.0449598786569486e-09,3.0817806808436082e-09,-1.5287894434784378e-09,-7.220109956519004e-10,1.673584050736412e-09,-1.995328938721682e-09,-1.7758610226586608e-09,4.932569402952209e-10,7.749124267848518e-10,-6.167706242103345e-10,-6.003522187345833e-09,3.508707358296386e-09,2.5254797902149875e-09,-1.0005802523088176e-09,1.3426874270968175e-09,2.1510353069836355e-09,-4.169329719426552e-09,-3.954894608826986e-09,1.0343999828566573e-09,-9.578993466441872e-10,1.3007105217076848e-09,1.0078864049017925e-09,-7.496738032441535e-10,-8.167611455167743e-09,-5.574308798137899e-09,-3.2236679762973506e-09,-4.1606097728575306e-10,2.12723822825836e-10,-1.006333631025632e-09,-2.2390415842996705e-09,1.003182767192965e-09,-6.154131594897223e-10,-1.1858489764195185e-09,-8.37273731808158e-10,-2.9706070525007256e-11,-7.009193008683752e-10,-7.696345392811548e-09,-5.605459547568467e-09,4.6036049431604646e-09,-4.21394155787471e-09,1.0801648801741315e-08,1.975721323060161e-09,-1.4543443112153909e-09,1.2175030800385835e-10,2.8039796516428625e-09,-2.81280637130858e-09,5.700288219885799e-11,-2.00079090059558e-09,-6.96880334725253e-10,6.123076503195668e-10,2.806965531909608e-09,1.014618899988838e-08,-2.06723431467474e-08,-1.1877990133153408e-08,-7.062618810394856e-09,-9.051714454155112e-09,-8.242093578180705e-09,3.4812519732570212e-09,5.631513296547126e-09,-3.630719536770306e-09,-7.969888814669354e-09,1.2554682644137178e-08,-2.604549092954126e-08,-4.253651693577784e-09,-6.587851135238513e-09,-6.314906535507427e-09,4.639111436063471e-09,-3.5480079123175063e-10,4.543380097249227e-09,9.942296805350328e-09,-3.842122314920869e-08,4.691584659037374e-08,2.358419658620445e-09,1.7384827067061052e-08,1.1146480968367201e-08,-1.4562788472939627e-09,-3.0187947259524417e-09,2.596291761873522e-09,5.5843484365607585e-09,1.0667929246286365e-09,4.411447129470249e-09,-1.5506915019005982e-10,-1.9376381834404296e-09,3.0421442365508304e-09,5.990567538965275e-10,-1.0723510448276868e-09,1.0721186440996444e-09,1.0269460684760853e-09,5.87602613505797e-10,-9.31936032082951e-09,-2.0063360499603546e-11,-1.7456584957026196e-10,1.4692968988746476e-09,7.876749098486798e-10,2.7098146940171237e-10,-2.569887283494731e-09,1.6275224841532543e-09,-2.152225970669521e-09,-1.3708896414278796e-09,2.1875495107550096e-09,7.501762200307018e-10,-5.108027478227667e-10,6.75391661947413e-09,4.5820715972851506e-10,6.539644108841115e-10,2.083324642982947e-09,-3.1429004401479266e-09,3.9591389304764537e-10,2.8993449433368202e-09,1.632830827214387e-10,6.732231372012132e-10,1.5231148927063282e-09,-9.1383463876685e-10,-1.0463760369085589e-10,9.910063823914123e-11
L16treat_p10,-1.0246260202278954e-09,-4.6207963459467597e-10,2.1162108134627687e-08,2.8794760550646683e-08,-6.098902087087173e-08,-2.1467505834868593e-08,-6.922511920214046e-09,1.284758796111139e-08,3.623488623046658e-09,6.379176152978617e-09,-4.16055948232454e-09,1.8183912432297043e-09,3.2877487967088526e-09,-1.4960868570366352e-08,-1.4410307047511062e-08,-4.498035967255759e-09,-1.509733565617906e-10,9.057173682159771e-09,8.963108662471635e-09,4.532470685715544e-09,1.9494081667825166e-08,2.9230568634701756e-08,-2.7754830622256123e-08,-1.2022579635137104e-09,-1.1076835642728385e-08,4.3555080147428895e-09,2.4082113591154885e-09,1.0609921499223463e-08,1.116927187497774e-08,-8.53576645690882e-09,2.0113775902328904e-08,-5.18879534066399e-08,-3.536474875265717e-09,-1.2342909663221773e-08,5.246729637750955e-09,-2.2923492687685796e-09,1.0047765267002407e-08,1.2403662290621566e-08,4.497820910008032e-10,5.3136266226637786e-08,-6.302048307845241e-08,7.049711073132547e-09,-1.3504985084020653e-08,-4.832383694542321e-10,2.4351277116365524e-09,-6.449800194296784e-09,-7.576562023858357e-09,1.6775136847566696e-09,-1.4799934412159727e-09,4.4468755548063095e-11,4.165801253375645e-09,-8.697509506080493e-10,2.6797444471447437e-10,-4.291591067115251e-10,2.952785375156251e-11,5.493640338518054e-10,-3.314705317604936e-10,1.155347949201135e-10,3.4979770410652043e-09,-9.532022323339946e-09,4.0578469819447945e-09,3.540374113956675e-09,2.4711144840576128e-09,-2.2229345278135105e-10,2.7306310546019243e-11,1.6373526715146531e-09,-2.6983939725750765e-09,-7.394889692658898e-10,-3.3546615103437555e-10,-1.7976452463817083e-10,-2.2315695982133786e-10,-4.302699427131262e-09,-2.1384944367126954e-09,4.433398300988044e-09,3.2733757100677046e-09,-3.2529449166232127e-09,3.854817975410656e-09,-4.976739550048491e-09,-3.2399945834916876e-09,3.272793449273976e-10,1.0223083357838526e-10,3.682788787721298e-10,-3.791438709245539e-10,-9.479747583769065e-10,-6.1291542779923984e-09,8.198348684380885e-10,-1.0877269816329326e-09,2.160246879855512e-09,-1.8690961327383024e-09,1.977387483060177e-09,-4.863267676204966e-10,-4.877202570401273e-10,-9.662075211536866e-10,2.3948427002315137e-10,-1.5065625455789312e-09,-6.567443119375397e-10,-4.298394609213528e-10,-7.109322789923814e-09,-1.2818886222299708e-08,2.5007302008862355e-09,-3.092093545722393e-09,1.9757213230601278e-09,7.746813854421129e-09,-1.3157147200959876e-09,-1.5316188618641704e-09,2.0890165618622287e-09,-1.0083412125575275e-09,2.477789143241215e-10,-1.982402976281041e-09,-2.473893502465687e-10,3.983699792470934e-09,2.8030716318187257e-09,9.529144558787447e-09,-1.1410289890143563e-08,-2.5937578668200084e-08,-5.419616890790514e-09,-1.4723070531837828e-10,-5.653205783291174e-09,-2.0833078184946203e-09,6.857302490677345e-09,5.397261863915195e-09,1.8568810743360986e-08,1.2014990769579712e-08,-3.588611007837765e-08,-4.2225075661761374e-09,-5.316995909548246e-10,7.232468187359117e-09,2.934913448255581e-09,-2.9463939333421394e-09,1.5456456246364442e-09,8.536442124264183e-09,-4.2365605975704796e-08,6.379163722457459e-08,1.5678579701532694e-08,1.9419931862324316e-08,6.426360595500441e-09,4.452317593055513e-09,-6.9918027845644754e-09,-4.029100283149833e-09,2.928549810460361e-09,1.4810428494354726e-09,1.5243356645661992e-10,4.430466829753759e-09,-1.2130190741209243e-09,3.0304260854055796e-09,4.3154575545223214e-10,1.1229198274384594e-09,4.395208769292397e-10,-9.494436900989383e-10,-7.668323801070183e-10,-1.0186407279292816e-08,-4.806777730041794e-09,5.457725390447479e-09,1.564600564846899e-09,-2.29700703119056e-09,4.411824063003199e-09,-3.053413499446658e-09,-1.3315940586040225e-09,-2.199913808429942e-09,7.49063716123405e-10,3.2871156305205802e-09,-5.563648861141475e-10,-7.603922886483758e-10,1.0387921911494355e-08,8.273779248536254e-09,3.3688145382098406e-10,-3.1556704467344046e-10,7.973269710476694e-11,-3.366976034172066e-09,1.7005594810509908e-09,6.163810277017966e-10,3.5090707422641116e-10,2.946486862060708e-10,-6.282402517580427e-10,7.374383981748411e-10,4.5356470381226144e-10
L16treat_p11,6.010473111311464e-10,6.049725170529507e-10,-4.832859709471614e-09,1.7384213234300292e-08,2.624059514102697e-09,-1.9238116348286795e-09,-4.223241355482086e-09,-1.1361515896638517e-11,6.851742260259064e-10,1.108575532947611e-09,4.376284641631093e-09,5.293771860988444e-09,6.6681869256706145e-09,-1.068873148411716e-08,-7.0514070197016816e-09,-9.32181200895484e-09,-4.676005097160755e-09,-5.090429209827193e-09,1.8970512298069143e-10,1.8022435249995823e-09,7.904203678707909e-10,1.6097610471308294e-08,1.089087458005154e-09,-1.7499619549596427e-08,-4.53901443227629e-09,-3.318937452835784e-09,-1.7885557498351522e-09,2.92684783647909e-10,-4.740263053728467e-09,2.1104403508724577e-09,9.054279536837323e-09,7.391243341154041e-10,-1.0826770005363602e-08,-1.0378446438167932e-08,-1.1092813560328061e-08,-2.965432668192934e-09,3.4263118546629136e-09,-5.828764064110719e-10,7.692437282386688e-09,1.5702848124641278e-08,1.0958437810547124e-08,-1.4321387668270431e-08,1.6542739276907713e-09,2.995293436089032e-10,-4.4929415991894e-09,2.763395140841529e-09,2.47795505626408e-09,-3.865212460293776e-10,-1.031113092545482e-09,-4.348153687323416e-10,-1.4984764853464263e-09,4.983817786724958e-10,-1.0581430037619038e-10,3.455442514644635e-10,7.358122067033086e-10,-2.81384335085661e-10,-4.278481629514524e-10,-3.576754387694621e-10,-4.099077090373609e-09,8.590060600731511e-10,-1.3954771942762414e-09,-1.989445712575194e-09,1.437258423293554e-09,2.657804070729662e-10,2.228193561430153e-09,-1.2794628993799746e-10,8.253517730686579e-10,-2.5947283471922646e-10,-5.242452953096596e-10,-5.39801408410774e-10,-2.5456313090784135e-10,-1.3054434054676573e-09,1.2497561079565348e-10,-2.9200675289777017e-09,1.3196003785067718e-11,9.58319127175226e-10,-1.1399162735841573e-09,2.275812287148906e-09,3.0699969451234644e-09,-7.983035143610649e-10,1.273569494479973e-10,-6.170951056594511e-10,-4.708801476386467e-10,-2.351851775316341e-10,-1.6330933173372825e-09,5.182683569921428e-10,-2.6049760122281425e-09,-2.4709684669368747e-09,3.80078006111382e-09,1.8839652460727688e-09,1.468599519482662e-09,-4.4563625519794614e-11,1.0577274758638829e-09,-6.2809400929541124e-12,1.0919787987371337e-10,-8.254673718639517e-10,-1.359385860589217e-10,-1.4162513086909623e-09,1.7819803510308904e-09,-3.934541522395564e-09,-3.778500767931475e-10,-1.4543443112153892e-09,-1.3157147200959818e-09,3.3613934112549238e-09,8.425847044361123e-11,-5.406943338058539e-10,-1.352040325958335e-10,-9.232852777942904e-10,8.636557733332593e-10,-4.466497247311353e-10,2.5223209215366307e-09,7.808151730499186e-09,3.5586769314402916e-09,9.846278052004834e-09,-2.8166857075171083e-10,5.473353475381017e-09,3.6634086895753416e-09,3.5228628252659186e-10,1.965932595946055e-09,1.3248494749488878e-09,2.0505459374017523e-09,-4.670454486588298e-09,-9.516390940771618e-09,1.7390392306356466e-08,4.28921631064238e-09,-4.7540002586570084e-09,-7.006201816406046e-09,3.136403728129312e-09,-2.7426272955429726e-09,-2.2064030814074897e-10,1.5200867805194562e-09,-4.404540743312161e-09,-1.235686742806035e-08,2.242923564255005e-09,2.5570488618374716e-10,-8.966950875165371e-10,-1.5338200706771399e-09,-1.008029830940224e-09,1.915586744071041e-09,-1.8609444561519626e-09,1.3655568964261137e-10,4.2652859771292015e-10,-7.847601450647178e-10,9.806349842762117e-10,-8.147766961071311e-10,3.960252855149707e-11,4.688795816020013e-10,-4.308124215066625e-10,-4.887456593896154e-10,-4.675854337548872e-10,2.0159267401508815e-09,4.577743840515639e-09,2.529058415716055e-10,-1.253790326224936e-09,2.3223904198634363e-09,1.7540924610824007e-09,6.645692048722751e-10,-4.411465971997292e-11,1.1532102946575242e-09,3.2986968797046763e-10,-9.567440414288095e-10,1.7587885024142185e-10,-3.8394596304961365e-10,-8.898874932984957e-10,-2.586145174769622e-09,1.1559121557082089e-09,5.402731947144696e-10,-1.229880297838522e-09,-5.596123947793723e-10,-2.3028328893835203e-09,-2.0753308510707382e-10,-2.663371600451762e-10,-2.257961440235207e-10,3.849358462256315e-10,7.744118482193119e-11,4.597856503073795e-10
L16treat_p12,-1.1865733905505377e-09,-2.2005809356661372e-09,-1.8589145944513008e-08,-1.804771594290259e-08,3.7516608384354896e-08,1.585822229888598e-08,-5.302201231901642e-09,-7.3904567640865545e-09,-2.0942449307283295e-09,-3.1258698920561437e-09,3.227104708530914e-09,-7.64314490503093e-09,6.2854999981032445e-09,3.6621832163631335e-09,1.555954877268586e-08,1.7282488709998623e-09,1.5897539647589565e-09,-1.5888533993784139e-09,-5.237600161912568e-09,-5.0969518329078665e-09,-1.9728223072170527e-08,-1.1690210464474798e-09,8.143468417657248e-09,-7.915443032657574e-09,3.49835278566987e-09,-7.212416393962373e-09,-2.4704078646738194e-09,-8.706920868161773e-09,-6.078287269520031e-09,-3.3085626857261577e-09,-9.090304074654718e-09,2.2508111941059723e-08,5.1733187014672746e-09,8.096881002899132e-09,-2.195873745597496e-09,1.0213998275682692e-08,-8.886424522116641e-09,-5.36733861111632e-09,-1.391580071452585e-08,-1.649487859141341e-08,3.609598300156496e-08,-1.094530293110795e-08,7.1262752668294855e-09,-1.7260724850361393e-09,1.246743893102108e-10,5.657149811224575e-10,3.673289768756749e-09,-1.8999098615452943e-09,2.4194494454979154e-09,2.19076424371565e-09,-1.5585751271052976e-09,-5.89554405871248e-10,1.7150249610496696e-09,1.49198512963182e-10,9.270437946056537e-10,4.939673776876411e-10,1.6086652750978635e-10,5.066678520029405e-11,-3.1895212494358413e-09,6.456539814189741e-09,-3.6454321437917896e-09,-1.076079560689753e-09,-9.691606159482355e-10,1.4923559842751487e-09,-1.227313507069093e-09,-3.7287856484357635e-11,1.6060957443049648e-09,1.364171417966166e-09,-5.812518015680261e-10,3.647365356528612e-10,1.1777063149815053e-10,2.2979238901945814e-09,3.708654486575535e-09,-4.496182729272645e-09,8.464495670235479e-10,3.26964957000999e-09,3.7793294075978816e-10,2.8078873586569417e-09,4.266770169210251e-09,6.419833883300946e-11,5.273766203359487e-10,4.223277460562366e-10,8.260162509600852e-10,7.654467040160893e-10,5.011729822698944e-09,4.4494242983040175e-10,-6.34404702479267e-10,2.1181019695480337e-09,9.592571179810768e-10,5.213835426226382e-10,-1.3984503183735628e-09,1.3693842544439617e-09,-5.251428737274196e-10,3.6688145521685034e-11,1.6362628976474683e-09,4.797770088366228e-10,2.7996554514656955e-10,2.2486328401117725e-09,9.206526674721264e-09,-1.755995039568277e-09,6.1865528733009756e-09,1.217503080038815e-10,-1.5316188618641487e-09,8.425847044361193e-11,5.443260983506335e-09,-1.095555995602541e-10,1.2363463771936514e-09,-4.110804813753446e-10,1.0936076379141646e-09,1.5201762557203918e-10,-3.156556381057025e-09,-3.0467045554404997e-09,-1.2477822314722216e-08,1.353741470943286e-08,8.587094072366824e-10,6.690475769670293e-09,-6.563658631495143e-10,5.741985977538848e-09,2.291931338395031e-09,-3.9261134322480486e-09,4.300676280935927e-10,-2.0251054321835308e-08,-1.136833300652302e-08,2.4264818121472966e-08,6.1527594758489135e-09,-1.6761850852497144e-09,-6.735324441199378e-09,-2.1201789818220767e-09,3.950231448934876e-09,-2.7562980084089273e-09,7.443110722661577e-09,1.5645249525903416e-08,-3.422787435051986e-08,-1.1793135343570784e-08,-1.1138907439696025e-08,-2.9174116816354285e-09,-4.280311961821505e-09,3.497903787545877e-09,3.1113769370733507e-09,-2.739350481560747e-09,-7.732330915079839e-10,-1.359414904192355e-09,-6.721732603084349e-10,2.5626186295706343e-10,-1.1258477506284555e-09,-4.958482349732374e-10,-3.98310193508584e-10,3.12427086136819e-10,8.608910631296252e-10,5.701073430429004e-10,3.427642125836762e-09,3.396314275865954e-09,-4.5076859204057885e-09,1.3161346737939305e-09,2.6592260829191473e-09,-3.139340954269322e-10,1.0162247533972207e-09,3.4400683044471165e-09,1.515154796087559e-10,-2.6453537313703165e-10,-9.197712093759432e-10,-1.88906069194577e-10,3.4438298187489936e-10,-5.455693585583156e-09,-5.705166169057966e-09,3.8902135127943767e-10,-2.3278874570765636e-09,-3.0980091047492164e-10,2.3871459216498744e-10,-4.3856008273026975e-10,-2.0529739872064365e-09,4.974122125125532e-10,-3.6980884674493726e-10,-9.013944624336035e-11,-4.297476781627426e-10,-2.943580058706942e-10
L16treat_p13,1.4094812411790055e-09,7.5185899613833e-10,9.85831869824642e-09,3.226822813777356e-08,-4.0074592609661144e-08,-1.8723138271362476e-08,-3.0486411692271664e-09,9.351357592682258e-09,1.1623755434062095e-08,1.0668630524203008e-08,-6.36760591218403e-09,-1.0550082019466678e-08,1.9952062100443346e-08,-1.8755709093624874e-08,-1.316285760633857e-08,-3.194220376984486e-09,-3.5395454380271794e-09,1.168424306489942e-08,1.2167028581076855e-08,1.7623065868216435e-09,6.470058518232484e-09,3.2697425070293284e-08,-2.3043551840609768e-08,9.369897058452828e-09,-1.9157837871992953e-08,8.816026697424444e-10,5.643839390064267e-09,1.4675533579588664e-08,1.0841177570549994e-08,-1.502485365561612e-08,3.019206614108697e-08,-3.831314615009499e-08,5.187578851697292e-10,-1.2013820847149975e-08,-1.194714089764057e-09,-5.9314244052720116e-09,1.2474873425896115e-08,8.792988036996114e-09,-8.55375218282828e-09,4.016367102147256e-08,-4.6254921309323486e-08,1.4915026013704172e-08,-1.0966712695516867e-08,-9.733543563532983e-09,5.196859385962485e-09,-2.5478556271240983e-09,-2.6446752831740277e-09,-4.1547504409002817e-10,-1.8742358904859413e-09,2.313728881348667e-09,1.327194122374697e-09,-7.53466672821561e-10,1.1526721782387887e-09,2.685994774001537e-09,-1.1813426911696433e-09,6.16241103654034e-11,4.2422160159387235e-10,-3.458090794920307e-10,6.198819598459507e-10,-6.841552324593367e-09,4.0985513011451655e-09,7.351312294127192e-10,2.889964321105043e-09,-1.3963591719050029e-09,8.303777272804191e-10,1.6964933878692483e-09,-1.7128142035226854e-09,-2.4766308276129153e-09,-2.8504679811794493e-10,-3.435856006159808e-11,-3.420622647657972e-10,-6.397537603190064e-09,6.541325755366052e-10,2.6317377192627555e-09,4.0715186105224906e-10,-1.144486139131627e-09,2.497457504024559e-09,-4.638562496890561e-09,-2.7620700047509517e-09,2.29545911542399e-09,-6.983087899317119e-10,2.1070040543666663e-10,-6.600377929327655e-11,-1.3348847121700469e-09,-7.394404280771448e-09,-7.328210898803779e-09,-4.7479810513275375e-09,-1.621521266764365e-10,1.1464786249424205e-09,9.479639802790738e-11,-1.0557549594318907e-09,1.3472944122842455e-10,9.205636856576078e-10,-8.713022054248509e-10,-1.3725127081769077e-09,-7.952711379407613e-10,-5.90446823040558e-10,-8.207271480994444e-09,-1.0822320794204657e-08,2.4101717916027957e-09,-6.210894987694422e-09,2.8039796516428688e-09,2.0890165618622134e-09,-5.406943338058402e-10,-1.0955559956025454e-10,4.283285215301694e-09,-2.4690045121153065e-09,-3.0721838837515647e-10,-1.486032438133734e-09,-1.1070162322609687e-09,2.501798662982225e-09,3.0016383275882037e-09,8.198243323176269e-09,-1.039679694841476e-09,-1.1138568726398537e-08,-8.413901043225593e-09,-6.7714641155698624e-09,-8.049375626825532e-09,3.747082460450375e-09,6.2702603421901125e-09,1.917880835088261e-11,2.5318057384818653e-09,1.2141951521944595e-08,-2.8127756681243467e-08,-1.197996010003298e-08,-5.072021884353689e-09,-5.108097749554199e-10,9.987186432790422e-09,-3.647188065818761e-09,5.022259737324494e-09,1.1586488506927026e-08,-4.077704299340723e-08,5.074852000007422e-08,1.4129338281434666e-08,1.916146490836183e-08,1.0346903442817048e-08,3.096935134549671e-10,-8.170732691435347e-09,-2.4646607426782603e-09,4.056648974191755e-09,-6.307057767433745e-11,4.257395255419172e-09,2.9958669668488855e-09,-1.4937660010514008e-09,2.9078422543462543e-09,9.041197427982874e-10,-2.0849043951599397e-10,8.629388072210353e-10,-2.2691464826784205e-10,-4.532462188050474e-10,-3.932582737204879e-09,1.416402258848714e-09,3.924206639441028e-09,4.228143938221661e-10,6.881736746981398e-10,1.2791329737420723e-09,-2.5829488892160523e-09,1.599808694206365e-10,2.4170172311825937e-10,-3.573167657258866e-10,2.2965913684579487e-09,-3.3736469489208594e-11,-1.1120522147187858e-09,9.6062259727043e-09,5.32001902486486e-09,8.998407188637641e-10,1.696924007523417e-09,-2.070335120495381e-09,-1.0058156864144227e-09,1.5521179608088257e-09,1.9150460160551833e-10,-7.413725447038728e-10,1.0896801290061736e-09,-4.2740104613920606e-10,3.6563927912099816e-10,6.70435958305468e-10
L16treat_p14,-1.6838026191401559e-09,-1.2699389443754642e-10,-1.3482406596170035e-08,-2.8521405877206568e-08,3.5492368677766405e-08,1.429547747104821e-08,6.2131821378316456e-09,-1.2266202361447599e-08,-1.1108988114892259e-08,-1.0558232256779486e-08,4.847204897638299e-09,1.3688109934725048e-09,-1.5479512311454058e-08,1.7043487347895317e-08,1.0782404479627045e-08,7.022967395649654e-09,2.9092706448108177e-09,-8.256272975791291e-09,-1.1017893784002202e-08,-1.6712227345397261e-09,-1.0309811086337437e-08,-2.1576349004016385e-08,1.7627474306263203e-08,-1.1612832162651797e-08,1.9189869514886265e-08,-4.711006154967121e-09,-3.5281595468269432e-09,-1.2843273738121188e-08,-9.388269744906363e-09,6.2525234277000785e-09,-2.4764582957934428e-08,3.6196967014437295e-08,4.113164330973315e-09,1.4837732808235347e-08,1.068431115854262e-09,8.657838811972929e-09,-1.134835993743173e-08,-7.740124844738335e-09,5.557851298874077e-10,-3.255859977918568e-08,4.2410179565881505e-08,-1.4569589396504267e-08,1.232473209749737e-08,3.503212521815217e-09,-3.179839709559511e-09,1.949570269300869e-09,2.196734615216169e-09,4.660045191711352e-10,2.175704561009191e-09,-1.893615628780476e-09,-2.096470832635492e-10,6.115046778518972e-10,-6.728864290704839e-10,-1.5655993720453895e-09,2.0980085450833185e-09,5.527965439440257e-12,-2.3633778270373635e-11,6.306677211134432e-10,9.3731360721586e-10,4.816996615771335e-09,-4.358799301365006e-09,-7.817846258308385e-10,-2.600427759837194e-09,2.630621133929415e-09,-1.1424537431711233e-09,-1.0405751346943322e-09,2.234512746760461e-09,2.499202175747648e-09,-3.075433003623446e-10,7.842421673956754e-11,5.630426114412222e-10,6.04798929071593e-09,2.8385148964185e-10,-2.934213983768094e-09,-3.783815779311853e-10,1.138644060683792e-09,-1.2466889359185035e-09,3.5269798246254097e-09,2.2107443212867625e-09,-1.1412508113260967e-09,1.2616309396947496e-09,-1.094318299831833e-10,6.248989951840185e-10,1.4783954186999705e-09,8.980331042794242e-09,6.910466043040886e-09,4.2479876720680335e-09,1.0022848610794708e-09,-7.944747771742295e-10,1.75111471938648e-10,8.243430136766387e-10,-8.631368782487836e-11,-3.9627319415766837e-10,1.5122803713405178e-09,1.3828418889078655e-09,1.1225383179088687e-09,6.579965899612041e-10,8.385657184376355e-09,1.193911115395022e-08,-1.600653781817398e-09,5.994442860463969e-09,-2.812806371308567e-09,-1.0083412125575304e-09,-1.3520403259582852e-10,1.2363463771936684e-09,-2.4690045121153073e-09,3.329158251118587e-09,3.645608518968547e-10,1.6702556164392574e-09,1.344199669411817e-09,-2.58806698485814e-09,-5.461889017739001e-09,-1.1985143914107629e-08,2.476261233570618e-09,6.5587313199481435e-09,5.017983805116581e-09,4.267447712671161e-09,4.249517420988589e-09,-2.3555305022296085e-09,-6.864437771753699e-09,-1.5252906685724967e-10,-8.124994237994773e-09,-3.125418950948184e-09,1.706120710833823e-08,9.261101491780321e-09,1.0490185411774408e-08,-2.255175932864923e-09,-8.07747486711479e-09,3.189986598094589e-09,-5.028672213722343e-09,-7.703796196693634e-09,3.4932994258411055e-08,-4.0609903690098696e-08,-1.1194791542373133e-08,-1.956904114798697e-08,-7.039666875337393e-09,-1.278483686302013e-09,7.3212119491730316e-09,1.7589145360452226e-09,-4.439972462225443e-09,-1.3455554353358524e-09,-4.25032196036595e-09,-1.1630645636028953e-09,1.5074201372865793e-09,-2.312793010696665e-09,-7.44334818093688e-11,6.403763908192423e-10,-9.616192879392954e-10,3.413577012100967e-11,4.53170754131568e-10,3.5993806852055445e-09,-1.835306728426867e-09,-4.894221379805595e-09,-8.995644524428497e-10,-9.97802240191725e-10,-1.2393253031152698e-09,2.0300605296503946e-09,4.649801217198921e-10,2.719221265577467e-10,9.201749726950929e-10,-1.999206511429952e-09,8.541728599400086e-11,1.0680398003590637e-09,-8.372583470472616e-09,-4.457853497971562e-09,-8.108792839783105e-10,-1.8256791100017816e-09,1.9506922880738372e-09,4.1462052567138603e-10,-1.1453228775927575e-09,-3.8560956295357295e-10,5.03912294068687e-12,-1.597824029771279e-09,4.1553435666310625e-10,-5.528574009111917e-10,-7.866995127437277e-10
L16treat_p15,1.8631007558794085e-10,-7.954598016175829e-10,8.00749724742269e-10,-7.95011344640927e-09,4.871620904462868e-09,1.1411127100005121e-09,5.846751080975525e-09,-2.0740531329742002e-09,-9.916310587595912e-10,-3.126890091005463e-10,-3.7154961518484474e-09,-2.3122474826852786e-09,4.6068983999634506e-11,9.330354401742245e-09,2.1910695911094833e-09,6.893362826421335e-09,1.6528781577851586e-09,9.262221033705771e-10,-6.680990105308657e-10,-3.1128219221237063e-09,-5.694457072642649e-10,-9.620286510848096e-09,7.130225176233439e-09,6.553609457843708e-09,5.452649485371709e-09,1.6272080879790737e-09,2.211408642881001e-09,1.1734865910058979e-10,-6.266128605580487e-10,-2.171205999960998e-09,-2.2659493313727117e-09,8.739720924320931e-09,4.457898849472018e-09,6.4708699502799605e-09,4.15165308276006e-09,1.0453665545225472e-09,-2.1004751206526806e-09,-2.396416590472277e-09,-1.2480291779828466e-09,-1.1152372138813464e-08,-2.9006458893659413e-10,4.280132830321039e-09,3.7596120750631125e-09,-1.5115422978626443e-09,2.365156877335066e-09,-8.787721277428383e-10,-2.027116440626806e-09,9.672286822390998e-10,-2.0492828192944603e-10,-8.897549626718329e-10,1.9273357605766983e-10,3.901884877695257e-10,4.739284486522968e-11,1.0635912341551023e-11,-7.214316776063827e-10,4.150835930273486e-10,2.953994853598929e-10,8.177603476348511e-11,2.1373860006199935e-09,-5.227121359043455e-10,1.0256059690514467e-09,2.483778358585921e-10,-9.87739340000926e-10,6.324816376280994e-11,-7.536699573787823e-10,-1.2434351320918947e-10,-5.849139012647932e-10,-6.946337910034594e-11,5.209062606304528e-10,5.066604505559996e-10,-8.04553244349143e-11,1.2803204844021463e-09,2.304486965136242e-10,2.060078074288064e-09,5.208072506965618e-10,-2.428448420827606e-10,2.001774033639435e-10,-5.632252840517314e-10,-1.3998190101917909e-09,-1.8219157444710757e-10,-2.392770990279916e-10,8.303205567976598e-10,2.6517142202971996e-10,1.4930138275418968e-10,2.1171405227559464e-09,-8.944762301874135e-10,1.1559779728393734e-09,9.367116971106427e-10,-2.317864451219993e-09,-1.137454157079348e-09,-5.197257141791262e-10,1.8360345618918345e-11,-2.153028516916456e-10,-1.8248546193623364e-10,4.1641116106699316e-10,6.646562773065297e-10,-2.6466465296354274e-11,3.249061937077985e-09,-3.557796289025538e-10,2.86752292404216e-09,1.7194006707226156e-10,5.700288219884285e-11,2.4777891432412677e-10,-9.232852777942915e-10,-4.110804813753541e-10,-3.0721838837516035e-10,3.645608518968517e-10,9.604775049484566e-10,-2.8219430521199888e-11,4.322101468350646e-11,-1.1781236834985403e-09,-3.169742956791402e-09,1.1033538141283713e-09,-5.578652037494492e-09,4.306780393812378e-09,-2.7657105408160702e-09,3.1397240120147223e-09,-3.2614906746358755e-10,-4.86503565065637e-10,9.644568809282468e-11,-2.4420366373132503e-09,2.0233662996074667e-09,7.112846449460477e-09,-5.071828952694433e-09,1.3017281733827958e-09,4.247881642094572e-09,7.245632447697761e-10,-1.2696700557934089e-09,1.0095615337066513e-09,1.8916460582530235e-09,-3.073168516139434e-09,5.181587317280745e-09,-2.2175960384218505e-10,-3.061377215611355e-09,-5.397604133144027e-09,-1.455535035383807e-10,-3.4150662632038013e-10,4.2194471518832535e-10,-2.258468889589414e-09,1.085568259358328e-09,-1.0892993728891136e-09,-8.000167462840041e-10,-2.824072627458933e-10,-3.9514103370648324e-10,2.9790934229017734e-10,-1.3655134673572556e-10,-1.075730685206759e-10,5.200249187992869e-10,4.066248636953385e-10,2.276054337125058e-10,-1.129195228985777e-09,-3.248622229011605e-09,5.154660283117947e-10,3.514339130589941e-10,-1.6325364743036276e-09,-1.1080111102060182e-09,-6.158247614362376e-11,-1.539869083911999e-10,-3.166998168062964e-10,-2.4901316764170074e-10,3.5996652055588776e-10,1.90319680612189e-11,1.1811008199947366e-10,-5.909416087761735e-10,1.6050190449562147e-09,-1.1883446904901284e-09,-1.5843601163610143e-10,8.00375926917734e-10,2.9032250207002264e-10,6.180852453155063e-10,1.7287087271753165e-10,1.471070038320316e-10,1.9773224793498412e-10,-5.528077732001618e-10,-2.145350088978491e-10,-1.7892019061610949e-10
L16treat_p16,6.119412521190755e-11,-6.941739896978159e-11,-1.740286054474497e-08,-1.3600737400010975e-08,3.696332621445531e-08,1.1647277142421442e-08,5.10199647372989e-09,-9.697554044634676e-09,-5.815081921867773e-09,-4.806777787364957e-09,3.400176524283979e-09,-5.059003468328645e-09,1.4586746884946826e-09,9.076300227403802e-09,6.103397179412057e-09,4.2963384293711375e-09,-1.36037993412175e-09,-6.965371223812537e-09,-6.784298583897767e-09,-2.752444866906536e-09,-1.1897205795104474e-08,-4.235378389222838e-09,1.4774200764706038e-08,-1.0283294622846311e-08,1.1503045938672484e-08,-5.4956272616701994e-09,-2.574239361507059e-09,-7.551562043568455e-09,-8.328715972799119e-09,-2.719956723239063e-10,-9.45566765329735e-09,2.980416292222497e-08,9.377800264817736e-10,5.992445848116841e-09,-4.757177944870001e-09,4.010854492774041e-09,-6.70938580533519e-09,-7.453859956627943e-09,-2.3614114168224144e-09,-1.6943386166974575e-08,3.5547268395394444e-08,-1.1507288175157635e-08,9.70421065421475e-09,1.45872011946302e-09,-3.106217701352343e-09,1.6907688522993621e-09,2.8526766722411896e-09,-8.949406637881554e-10,1.4605181818816616e-09,-9.14727603294587e-10,-1.2602103061962162e-09,6.893744571113392e-10,-7.35343373732816e-10,6.774960842673276e-11,1.1111668034108059e-09,-1.325309903338142e-10,1.0107918781269879e-10,1.925027302183198e-10,-1.5892841476816743e-09,4.4383608240006445e-09,-3.6730519229467194e-09,-1.8141685537623244e-09,-1.638379720712486e-09,1.8660309313567344e-09,7.666145550139172e-12,-5.58277210304308e-10,2.3445751025904644e-09,1.5199436627125943e-09,-3.164450599320153e-10,1.520154726733711e-11,2.2443544841813017e-10,2.3438445977975558e-09,-5.592351503644324e-10,-3.948932647896157e-09,-1.0772204057384758e-09,1.49987169849675e-09,-1.4578723908759356e-09,3.2498733119436715e-09,2.289303990859101e-09,-1.0380046687747545e-09,3.56211803885936e-10,-2.138908904713829e-10,3.506448275499135e-10,8.525180695201811e-10,4.419178383995685e-09,3.1907275398993966e-09,8.321147564944197e-10,-3.0291738121190406e-10,1.2329299648212557e-09,1.8808266541184402e-10,7.316979716280038e-10,1.0288832057408177e-10,9.208132788677013e-10,4.5809761576852107e-10,9.691412296461912e-10,4.1505842217592683e-10,2.8394930694298165e-10,6.697126579324188e-09,8.97933934529917e-09,-2.8450048499874028e-09,3.86720526650301e-09,-2.000790900595578e-09,-1.982402976281042e-09,8.63655773333265e-10,1.0936076379141784e-09,-1.486032438133739e-09,1.6702556164392566e-09,-2.8219430521199493e-11,1.910350990536106e-09,4.965811686165566e-10,-2.617394214357305e-09,-3.3633811670825225e-09,-8.399785500645798e-09,8.954565245757651e-09,3.6971218679126776e-09,1.4490636937254133e-09,4.4874679052867985e-09,3.2463895439178227e-09,1.4506484259321083e-09,-4.00348466436414e-09,-1.5212949208056363e-09,-1.133533161593232e-08,-4.613205237909734e-09,1.3453888102150532e-08,8.18240884548068e-09,7.457708498260864e-09,-4.532411266368391e-09,-4.591241725604986e-09,1.6125244140164668e-09,-1.8383553053553385e-09,-4.358149227149865e-09,2.1154281707025792e-08,-3.3205291804480026e-08,-7.0497874690626604e-09,-1.4598851254507266e-08,-4.03266798666101e-09,-2.062938284399581e-09,3.802111865987455e-09,1.7941007034398863e-09,-2.5021944921257106e-09,-9.303153337126557e-10,-1.3739273457981483e-09,-6.056223488638228e-10,1.4944810044487468e-09,-1.6888513272103786e-09,4.48148768680617e-10,1.4446057448637444e-10,-6.916293849468354e-10,1.2079587019756384e-10,4.685151568580833e-10,2.2762102056413304e-09,6.895051748980432e-10,-3.1292052505921223e-09,-1.310996289291326e-09,7.082086009169678e-10,-1.3655296643736621e-09,1.7111599633170585e-09,3.356334058352357e-10,1.3584129454148804e-09,2.4063059731560883e-10,-1.8408349268058805e-09,2.853914947841061e-10,5.005555533784867e-10,-5.998007050855242e-09,-4.1143291907316e-09,-5.8019068228338976e-12,-8.333256968695069e-10,2.741889926291167e-10,3.7588697521749205e-10,-1.5373238661069205e-09,-3.204923938798616e-10,-4.3685999926943463e-10,-7.953383591392316e-10,4.151828187763111e-10,-5.052736142534361e-10,-3.787439915373577e-10
L16treat_p17,-1.0197441672151461e-09,8.072739837418015e-11,-3.137459534090343e-09,-1.676043142194173e-08,1.4726207063294053e-08,7.760733193036685e-09,2.514004026670662e-09,-3.6272148739738765e-09,-5.266695026665473e-09,-5.783561343618027e-09,2.5384190794681804e-09,3.710438649645886e-09,-1.501159751058586e-08,8.576122123515298e-09,7.694131653643879e-09,3.1916025450172617e-09,1.5699656426771177e-09,-3.401132572844656e-09,-4.8444009253204186e-09,7.68453512710946e-10,-2.556982021084461e-09,-1.417943071255357e-08,8.408718442069098e-09,-4.1780327425498314e-10,8.234467772765123e-09,-1.3071250021015418e-09,-2.4335175048935212e-09,-5.607037118885709e-09,-2.839919901751021e-09,4.110688465054899e-09,-1.3604300711001996e-08,1.5095262978231477e-08,3.4801697134624008e-09,6.728044693587912e-09,1.1399412796309497e-09,3.849800993726172e-09,-4.491214309618829e-09,-2.111922593558782e-09,1.0793597166677847e-09,-1.6079706208668484e-08,1.8164598646447107e-08,-4.8709125840503685e-09,3.802117188167335e-09,3.3489087318321042e-09,-1.825504343838939e-09,8.213062854165412e-10,2.121113904698227e-09,-4.3315259371534656e-10,1.155836393285789e-09,-7.056075975375935e-10,1.1909254306481327e-10,1.9291264663865596e-10,-6.57395496689847e-10,-1.0932138876250821e-09,1.0924291632134508e-09,-8.959540444889201e-11,3.81557031535071e-12,4.892661889568746e-10,7.690990382886256e-10,2.2047849207923455e-09,-2.1948961971655076e-09,2.116741751786108e-10,-1.3720399298533298e-09,8.573485986553278e-10,-7.831694624239978e-10,-4.913577430287117e-10,1.110509743225623e-09,1.4041126348349335e-09,-9.753215470407771e-11,-7.59598534409442e-11,4.773143284010079e-10,2.531068801733317e-09,-3.364553547512319e-11,-1.2904983635396382e-09,-5.263385683527947e-10,1.8271509397465202e-10,-5.369797487447954e-10,1.3347080342153868e-09,5.892720799779679e-10,-3.918411302716447e-10,6.29082686837306e-10,-2.980325504618724e-10,2.7463501858538533e-10,8.495992597234018e-10,4.094924291640831e-09,4.077068056683644e-09,2.677222920783742e-09,4.4919211188119123e-10,-3.298358398398685e-10,7.317619508758542e-11,4.373024576146842e-10,-1.0213845982284172e-10,-3.538294041050203e-10,8.163896595234728e-10,3.189637252450724e-10,4.4123493897970086e-10,4.844711431448718e-10,2.4417714556176155e-09,5.467529402053676e-09,-1.1475897093363953e-09,2.4670757989797708e-09,-6.968803347252506e-10,-2.473893502465691e-10,-4.466497247311313e-10,1.520176255720449e-10,-1.107016232260969e-09,1.3441996694118179e-09,4.322101468350724e-11,4.965811686165552e-10,9.44711675088562e-10,-8.210324639771922e-10,-3.503484976619974e-09,-4.926666487576492e-09,-3.040727785444502e-09,5.230506272174371e-09,3.169587654668784e-09,-2.5193650191926544e-10,1.1828519471806772e-09,-2.0127444786237637e-09,-3.446342387818274e-09,2.988804938518004e-10,-2.9428630016840134e-10,-5.372991505029227e-09,8.659922128758699e-09,2.6888867883715454e-09,3.886863939636128e-09,4.5016723545645775e-10,-4.8607357451103995e-09,1.092255533735394e-09,-3.1319824714048912e-09,-3.827795210459191e-09,1.985097713384206e-08,-1.7340391518452837e-08,-5.133119397058764e-09,-7.2208299936344955e-09,-3.6906924995610146e-09,-1.4875294186721681e-10,3.4207740399825607e-09,1.670218098807084e-09,-2.7530273100560603e-09,4.4855753825480075e-12,-1.8603172907588315e-09,-5.501986579112959e-10,5.792538881583555e-10,-1.0572291798540776e-09,-4.96446621290792e-11,2.2808992692590543e-10,-7.040523700508377e-10,-1.2145590877198135e-10,2.6159243284600417e-10,1.4928332470168539e-09,-5.145440049428877e-10,-3.096754315433486e-09,-5.427496055949324e-10,-6.653698540388577e-10,-9.524613546078483e-10,9.58219408849888e-10,-1.8320741038332883e-10,-1.2789754966418081e-10,5.399269348500974e-10,-1.007445388297183e-09,5.643759625655764e-11,7.404531765892562e-10,-3.5164746197680592e-09,-2.690069738837129e-09,-1.5288730322151098e-10,-8.047856768578726e-10,8.862366850509578e-10,2.9284277583251846e-10,-2.523995860649407e-10,1.2775026655222272e-11,-7.417437687215257e-12,-8.14104707546762e-10,3.73296674693666e-10,-1.8014067625867588e-10,-5.495249364733392e-10
F12treat_m4,3.774433471907836e-09,5.324532536573668e-09,3.117915041131e-08,7.092384984269331e-08,-7.836309826966515e-08,-4.094342746044404e-08,-1.3303452438798392e-08,2.4343639485830716e-08,6.5025167485646185e-09,9.403261837348797e-09,-1.732875466004028e-09,1.868099722353621e-08,-7.3111700802697734e-09,-2.822867311548972e-08,-4.769984088370602e-08,-2.0819588097002592e-08,-1.2114186121321045e-09,-5.811358005867636e-09,2.3703271216549807e-08,1.6234296375277256e-08,2.675244218417327e-08,1.78911105007038e-08,-8.813367441109917e-09,-2.3653866263667567e-08,-3.825586535573118e-08,-6.513385455221605e-10,-8.73938784094233e-09,2.8988606198200802e-08,1.47594032025062e-08,-2.244837918626089e-09,8.948581905197978e-09,-4.152713529796668e-08,-3.704906488590245e-08,-2.954625508747852e-08,-3.511246663438923e-09,-1.172295839569732e-08,3.580803424977422e-08,2.592576166406136e-08,2.5819458994419034e-08,5.3706617414918467e-08,-5.17479780943816e-08,-2.99099606974969e-09,-2.0790855956761067e-08,-1.3702568673773e-08,-1.05866531333168e-08,6.7995753304544765e-09,-3.4189321574661138e-09,2.413540020550034e-09,-4.577498706937844e-09,1.2281314759041872e-09,1.4951161879106171e-09,-1.6309696794248777e-09,-9.592775445361472e-10,-7.278560732614432e-10,1.3716657583807598e-09,8.911330647459317e-10,-1.088546976304472e-09,2.5631187485827263e-10,-3.94487803236451e-09,-1.1430616869912963e-08,6.850731905934923e-09,1.1800651806675166e-09,5.244617516481158e-09,-2.1142002937767163e-09,3.10741560648433e-09,7.439917759620596e-10,-2.295208870789772e-09,-3.4053709285274134e-09,-1.4839674890775753e-09,-2.6162545759089455e-09,3.360547561248435e-11,3.101203869516571e-09,2.12200825066152e-09,-1.4363004900353531e-10,8.590188967340398e-09,-2.346898685432302e-09,8.391682604137491e-10,-5.377280019667354e-09,-1.253688988670568e-09,2.6190516664820192e-09,-8.507861792086636e-10,-1.2086930805864946e-09,-1.4733659664230333e-09,-9.891126879662351e-10,-3.0897466887020365e-09,-7.227081537601407e-09,-4.001248331294962e-09,-1.4523593076858518e-09,4.1779541021772664e-09,2.7452354981620776e-09,1.0627194758922794e-10,-1.7672016262609886e-09,-2.8039189558421587e-10,7.348247203118163e-10,-2.027912139425888e-09,-2.437742990952855e-09,4.113197156654288e-10,-1.063656384030293e-08,-1.6773761934937932e-08,-1.5680861698685376e-09,-6.560757183337374e-09,6.123076503195791e-10,3.983699792470906e-09,2.522320921536613e-09,-3.1565563810570344e-09,2.501798662982231e-09,-2.5880669848580863e-09,-1.1781236834985307e-09,-2.6173942143572766e-09,-8.210324639771575e-10,2.567587293790361e-08,2.7021152408737757e-08,2.1576779736533265e-08,-2.8538498946084527e-08,9.295514121145698e-09,1.5636793759744114e-08,-3.456957447944037e-09,-1.411479645197368e-09,3.045791120400951e-10,1.4134660831435535e-08,1.1027741767453998e-08,9.314336493573819e-09,-9.546267686261369e-10,1.3563289426583411e-08,-1.7421248062234873e-08,-2.4174653901882673e-08,9.157968347672644e-09,6.322630995395782e-09,-2.1827735461683792e-08,-3.780511479373077e-09,1.0295189319288118e-08,-3.148621330146355e-08,4.461749795659156e-08,2.038109822828359e-08,2.8166588573797242e-08,3.1997072186193193e-09,7.885269911631176e-09,-5.88906488472449e-09,6.132015674094961e-10,1.510385513254153e-09,1.3081788307906588e-09,3.5733036389491218e-09,5.565961827237466e-10,-2.6151443562263765e-09,7.966977614946192e-11,-7.998687727843957e-10,1.6975257653544127e-09,3.959902195240282e-10,-2.2497414535262385e-09,-1.5798364702564903e-09,8.20228898465545e-09,7.465427078632504e-09,5.157845528557295e-09,-5.127823002455004e-10,2.023530354637631e-09,5.732803140355336e-09,-2.9151806898309845e-09,-1.9291840317590617e-09,-3.0481837822856186e-10,2.7667425230312273e-09,1.7392620994793557e-09,-2.961776101741339e-10,-5.355753922447089e-10,8.386676159506515e-09,6.998087195045517e-09,1.590717211345457e-09,7.62880935735849e-10,-2.215777147290162e-09,-1.7796871050843215e-09,9.791412720834513e-11,1.7404463620022449e-09,-2.5603659517521573e-10,8.21073677537139e-11,-2.4068788582538347e-10,1.345566209059128e-09,8.396117721717165e-10
F12treat_m3,6.751198281173261e-09,1.7074096308197728e-08,4.345192750029565e-08,1.4019164369097368e-07,-1.6985047701097624e-07,-7.963040211041515e-08,-5.787734040829232e-08,2.5248273928133192e-08,2.0246498088447228e-08,2.2922996903048617e-08,1.143932912642947e-08,3.012036931941089e-08,4.8543493516923636e-08,-9.756032688508202e-08,-7.192386699039631e-08,-6.196705280025991e-08,-1.615372119986784e-08,1.0219614148242008e-09,3.244673420066962e-08,3.214446909907633e-08,4.880036016571167e-08,8.611986454270952e-08,-7.238593987629778e-08,-6.220702367549517e-08,-8.357318818155154e-08,8.407690112267515e-10,2.8676189049116605e-09,4.193115553511762e-08,2.4947971509094492e-08,1.1882281402726846e-08,6.986736556403482e-08,-1.1837939955615688e-07,-6.893224969240198e-08,-7.217433412582706e-08,-3.257784593565756e-08,-3.2352282878452776e-08,4.272053956652344e-08,4.55538509140053e-08,4.455429380434828e-08,1.3723108011113206e-07,-9.722039696859165e-08,-4.2593414442160743e-08,-5.046823513982732e-08,-1.7550097258261662e-08,-8.661329944898852e-09,6.687498483046795e-09,-7.96719544911626e-09,1.0172926352574787e-08,-1.2280451665394408e-08,2.0082555149636585e-09,1.2034944773456486e-09,-3.032203355294792e-09,-1.7385405064236258e-09,1.3148322781466329e-09,-1.3383558666378992e-10,-6.816933972380016e-10,-1.9881592730438358e-09,-1.9861583203329146e-09,-1.225752055488917e-08,-1.5201737266895478e-08,1.4028302426558586e-08,-3.5545557314284007e-09,9.794169247688262e-09,-5.488132336420982e-09,9.83465457783846e-09,-1.6953604937569714e-10,-5.021235660019642e-09,-5.7379962864662146e-09,-1.188535734524984e-09,-2.731974560106355e-09,-1.5005516593786107e-09,2.6651040957761055e-09,7.577978780629467e-09,9.076214885564817e-10,3.963028926279962e-09,-1.887774446319183e-09,3.654626700026776e-10,-4.228801710614028e-09,4.406178848081285e-10,1.6357558383542347e-09,-1.3958973552299072e-09,-1.4219787997892014e-09,-2.330352873957391e-09,-4.0507309244587964e-09,-1.4192223836341671e-08,-1.1337922817974814e-08,-1.311649026058822e-08,-7.06869135314424e-09,1.0739015846217522e-08,7.64762410557661e-09,3.163643560677092e-09,-2.4166958942825765e-09,2.074353182471873e-09,-1.1074800524783146e-09,-3.683069847360464e-09,-4.260267705614048e-09,-1.706913258622742e-09,-2.173595001464888e-08,-2.4606805074282146e-08,-4.756057765434351e-09,-1.6897869101960765e-08,2.8069655319095593e-09,2.8030716318187087e-09,7.808151730499145e-09,-3.046704555440509e-09,3.0016383275882182e-09,-5.461889017738925e-09,-3.1697429567913492e-09,-3.3633811670824774e-09,-3.5034849766199475e-09,2.7021152408737906e-08,6.960705107276964e-08,4.066847407942323e-08,-1.5516779355074536e-08,-4.859239313323873e-08,4.0274634698394e-09,-1.3603397051173423e-08,2.497528804206868e-10,2.598079341081865e-09,2.4440023111455427e-08,2.01588683297933e-08,4.2186200381606266e-10,-4.5394652808928496e-09,-2.208261218723953e-08,-1.9696376109677592e-08,-6.035538452868554e-08,-8.925038996468011e-09,2.9723007298389176e-08,-2.1501810988370802e-08,-9.898612340651707e-09,2.0679912281761105e-08,-1.2146932281700986e-07,9.947728249889357e-08,4.6540865198491206e-08,6.823019023513548e-08,1.7743807228549998e-08,8.344213697443931e-09,-7.194963016381611e-09,1.9783841631019176e-09,8.281221588016248e-09,3.2822569459837503e-09,7.862592298692103e-09,-1.1306409491988384e-09,-2.4614704973005465e-09,2.9905582326585898e-09,-1.8171055466933566e-09,1.7654439840602353e-09,3.2885582852759987e-10,-2.132137674762176e-09,-3.0389251110813946e-09,3.5628281260288464e-09,1.292562062512643e-08,1.4019207195882706e-08,1.4780009747820902e-09,3.3155334783237497e-09,1.322847458555515e-08,-7.401340324186449e-09,-1.861548443608705e-09,-2.0525708116150822e-10,2.986877376287782e-10,2.493474708729649e-09,3.82657998500501e-10,-3.410655811436356e-09,1.4486138231973208e-08,1.0774046656913217e-08,4.6634261925262084e-09,5.9024358523572626e-09,-4.359005276016596e-09,-3.5592542141791737e-09,-2.1199191397899074e-09,1.4987561426079337e-09,1.3977879475250548e-10,1.4461538509481295e-09,-2.0954570437415616e-11,2.1633112949486773e-09,3.32480358628738e-09
F12treat_m2,6.233194623666246e-09,-5.6863505378755775e-09,1.2718915896741267e-07,-1.1359225507213032e-08,-2.3770228273907549e-07,-6.066550742613336e-08,9.732266526455835e-09,7.555314043868079e-08,2.0196643686525042e-08,2.8996228574074582e-08,-2.9912668577487474e-08,1.0073661427471433e-07,-8.17892168795469e-08,-5.235383923140924e-08,-1.7781087449335136e-08,1.5772629451692154e-08,-4.085101375600602e-08,-3.941253385359029e-09,4.962683861276778e-08,1.4202246072350205e-08,1.296808744514887e-07,-5.203741953333692e-08,-7.81658425512049e-08,1.4237349406625674e-07,-5.308815114366205e-08,2.0309666953595767e-08,4.524932823703987e-09,7.021266440236717e-08,1.9010706497517106e-08,1.6794572620693708e-08,-3.483079370956874e-08,-7.378262832632323e-08,1.7457465771414857e-08,-7.125432748125006e-08,-2.2890033973159183e-08,-7.947017975007515e-08,6.70448686001811e-08,2.5229585375767825e-08,1.1368271345552413e-07,6.430119870995565e-08,-2.3791936213024703e-07,8.560610500614294e-08,1.4013328648682059e-08,-3.066502990396373e-08,-6.081419548702892e-10,-9.606058433415783e-09,-1.998025764849808e-08,8.192482482752376e-09,-1.5823613251508867e-08,-3.168043411279952e-09,-1.9787471714042748e-09,-6.213032797478022e-09,1.139093465399161e-09,9.453714614161451e-09,-3.845482830068916e-09,5.928464447926294e-10,-1.3677244857288565e-09,6.27731439559192e-10,2.8355548393111724e-08,-2.9083433405192202e-08,1.6793271402838497e-08,9.503402537203796e-09,7.879178331282202e-09,-1.1146157266071462e-08,1.2482233684561634e-08,7.645581836750442e-09,-1.541760399211473e-08,-7.138213115696735e-09,1.7196958177807848e-09,-1.107631646581171e-09,-2.012174491227278e-09,-1.677688581834761e-08,-9.208879931926207e-09,2.1253990242848548e-08,2.738307433318947e-08,-1.0206885508476806e-08,5.6241336137575505e-09,-1.915674606621568e-08,-1.3784800448340989e-08,9.762525438679966e-10,-2.1152165299266553e-09,8.761020344857839e-10,-5.211241734001398e-09,-4.075883519567034e-09,-4.036111997560897e-08,-8.622738108916201e-09,-1.2762801502511939e-08,5.291148757583832e-09,-6.482362412933522e-09,1.2098379329669082e-09,3.997571999359379e-09,3.16985584255128e-09,5.79708213951098e-09,-4.268794572011844e-09,-7.683799426979485e-09,-7.389685455807047e-09,-3.065766648227533e-09,-1.0862057409722922e-08,-6.198265442723149e-08,1.3225736567326074e-08,-2.5321591459041464e-08,1.0146188999888375e-08,9.529144558787513e-09,3.558676931440285e-09,-1.2477822314722184e-08,8.198243323176335e-09,-1.1985143914107707e-08,1.1033538141282772e-09,-8.399785500645664e-09,-4.926666487576496e-09,2.1576779736533702e-08,4.066847407942426e-08,2.3666810709488675e-07,-2.1113968465074827e-07,2.1902501536306928e-08,1.3701433680946938e-08,8.742611803260517e-09,-8.716089703594624e-08,1.6944898950410623e-09,5.572088839262751e-08,2.1914778760360658e-08,1.62011597059868e-07,-1.1397868844727708e-07,-1.0785251511413236e-07,3.1330609935464724e-08,-4.548395592528317e-08,-2.971233426995793e-09,1.898128603098377e-08,-2.7282212437288125e-08,2.557960553449017e-08,-7.156577872453608e-08,2.529717832608774e-09,2.4862223508993533e-07,3.279076340877821e-08,6.597246325684501e-08,4.689102079901815e-08,1.639888737108412e-08,-3.7955064542934334e-08,-3.347313913659088e-08,1.1049889476637355e-08,7.75952041180581e-09,8.232448041591852e-09,-2.803295770094297e-10,-5.8774330115046606e-09,1.1460338055929423e-08,-5.310445562460226e-10,-2.3312176158585448e-09,1.8462880449984827e-09,-2.4109020038947558e-09,-1.3030885560747543e-09,-3.0403473045929355e-08,-1.796528418806069e-08,3.360311057271963e-08,-1.823816314105083e-09,-1.0745822740155063e-08,6.264443828804837e-09,-1.0598856317459003e-08,-1.0317252917151928e-08,3.9342760445377585e-09,-8.706224997312764e-10,1.1381439473522884e-08,-1.0910739526489661e-09,-3.92431030694487e-09,3.198617147082888e-08,3.0432725400986066e-08,4.068976360156322e-10,2.2558467888452176e-09,-3.86297759484633e-09,-4.118897286580849e-09,2.247425865933351e-09,2.976742018845715e-09,-3.0933612173239183e-09,4.673231938848997e-09,-3.1792731680314208e-09,3.1265505316352982e-09,2.3575723868304443e-09
F12treat_m1,-5.940182502885635e-09,-1.6400227126348256e-08,-1.3116376983998376e-07,2.0507518084539486e-07,1.688184956338119e-07,1.2851695060487758e-08,-4.470178435656308e-08,-4.309231209492475e-08,3.157983390855602e-08,3.113933114640755e-08,4.289386925796515e-08,-1.2266402461563525e-07,2.7911157705539004e-07,-4.5142833428884465e-08,-8.183156186017806e-08,-7.849620863323448e-08,1.0140991263952257e-08,3.259113522120116e-08,-3.162893114254847e-08,-3.586607082719072e-08,-1.0394035342351888e-07,2.86515001185038e-07,-5.2714062391005143e-08,-2.668856984013823e-07,2.0821065862691767e-08,5.579135125839629e-10,2.1779709897641466e-08,-5.173235375100968e-08,-1.1348805595955165e-08,-1.6467825482084153e-08,2.373736759678633e-07,-1.297804297147367e-07,-8.175116979005388e-08,-8.961386942602016e-09,-2.0604267816462145e-08,5.435570732642704e-08,-5.3374161537895436e-08,-1.35361399097592e-08,-1.2007794507074513e-07,1.1578771739175096e-07,1.0187887046549766e-07,-1.134793988833671e-07,-5.1102141570229064e-08,3.244231455637582e-08,3.009128336134824e-08,-5.20340036025406e-10,1.0034732934849957e-08,9.301808051593881e-10,1.8218301987553862e-08,6.686394744837663e-09,-5.482963045551297e-09,1.0313325254487392e-08,4.682701739949497e-09,-3.610932886119535e-10,-3.5411396984126234e-09,-3.760587338106906e-09,-9.808784380829369e-10,-8.054450732552191e-09,-5.447735467357955e-08,1.214861169659087e-08,-1.2236005966007054e-08,-1.2135463515770974e-08,-1.4801014063749303e-09,-2.0022470667080252e-09,-2.3832900867679544e-09,-3.0022377451523732e-09,1.0774852303381192e-08,-1.085400900492543e-09,-1.5021395879796728e-09,-4.994669512829845e-10,-2.784281196291506e-09,-2.8659618249331388e-08,1.0227634449859001e-08,-9.135870943803158e-09,-2.6535059264241442e-08,6.946438349984801e-09,-1.3840031564162013e-09,2.1502011155377348e-08,2.24282490459753e-08,-6.03184370483298e-09,-1.6236740864880366e-09,-1.3707738932746426e-09,-9.499166947644175e-10,-4.8409493321351434e-09,2.735755767957265e-09,-4.141336098050066e-09,-1.4693415224313558e-08,-1.4612923823087184e-08,1.8240175009290637e-08,2.4853170267704984e-09,-3.368765083840804e-09,-1.4732549210456186e-09,8.34107186595659e-10,-2.656003314338612e-09,4.314971937581799e-09,-1.6401181418685205e-09,-2.0285219427885908e-09,-1.6399712601063005e-08,2.1113777828549856e-08,-1.4948731025894738e-08,1.821589186989766e-08,-2.0672343146747444e-08,-1.1410289890143722e-08,9.84627805200486e-09,1.3537414709432942e-08,-1.039679694841404e-09,2.476261233570623e-09,-5.578652037494749e-09,8.954565245757545e-09,-3.040727785444525e-09,-2.8538498946085067e-08,-1.5516779355076243e-08,-2.1113968465074877e-07,4.395033282077221e-07,-1.1029443701175596e-07,-8.022225996357792e-08,1.6373808701682103e-08,8.730397639744345e-08,1.3314077968651947e-08,-2.925193488827777e-08,-9.138990635567422e-09,-1.3655705418341597e-07,1.3347823618252806e-07,8.926723358558004e-08,-7.48819531375265e-08,2.1774224033458293e-08,-3.633497841527531e-08,2.4001684235474717e-08,3.664319485080618e-08,6.484563824084695e-09,1.3720776760776488e-07,-2.52287697543318e-07,-1.846120131066368e-07,4.821336972726499e-08,-1.4301717817597352e-08,-3.1258965365141876e-08,-3.013272810658205e-08,-7.185499874873377e-09,2.696557998196309e-08,4.281821841810354e-09,-5.035403727398793e-09,2.891623593903973e-09,7.60442774750567e-09,5.6795428274557236e-09,-2.854323914518009e-09,9.085794497941556e-10,3.5908283106357344e-09,2.4410261140146872e-09,1.1433285591342633e-09,-3.671407807270082e-09,3.543117419309854e-09,4.304345797362946e-08,7.759830537486891e-09,1.3637425844443734e-08,2.6585163663817555e-08,4.893115893146647e-09,4.343979331219056e-09,9.556626948123978e-09,-1.8321444522186649e-09,-3.987403481580853e-09,-7.357290317473724e-09,-2.638358901347588e-09,-4.286483753640429e-09,-6.11369138331558e-09,-2.655119342878469e-08,-5.4953051785963735e-09,-2.8915984939061163e-09,-5.564847825109355e-09,-4.305426904349579e-09,-8.843000006394508e-09,-5.733226563486405e-09,5.56659713854884e-09,1.4008517886384236e-09,3.577559418237945e-09,-1.4473338071516453e-10,3.99763893918704e-09
F12treat_p0,8.098117647020391e-10,-1.6883249174448566e-08,-2.893018029745437e-08,-2.678728536580058e-07,3.454979214967408e-07,1.5951082474375044e-07,1.2647228223031367e-07,-3.247920064042853e-08,-2.3936165867396423e-08,-5.8549646727237955e-08,-1.8763304891824223e-08,5.591672486709189e-08,-2.107285441244051e-07,2.0299989395107367e-07,1.106666745528413e-07,7.917992829119794e-08,3.3942099486630396e-08,-6.659115201215271e-08,-2.7553471236996172e-08,-2.98519991874138e-08,-7.261725956490474e-08,-3.843781741829364e-07,3.047699629081616e-07,1.5916868119216808e-07,9.76234003289897e-08,3.950669180757786e-09,-3.789494273302486e-08,-3.682763719693727e-08,-5.670063754680233e-08,4.656520971148274e-08,-3.0069565921907953e-07,4.525646928679666e-07,7.47089435360929e-08,1.3103013204666691e-07,3.526820299366903e-08,1.414505903883302e-08,-1.516776778766443e-08,-6.213078831050465e-08,3.87859620887524e-08,-5.068176511038942e-07,3.9016221232197043e-07,7.688875448524746e-08,1.4788010104729778e-07,-1.5164990706475308e-08,-2.1662201515938207e-08,4.246321252465305e-08,3.1787587287088666e-08,-2.4898655479819047e-08,-4.878152585702235e-09,-7.443958640501105e-09,-1.6390568076430207e-08,5.669415160918965e-09,-8.609711576303159e-10,-5.385326424513633e-09,-1.60031587313022e-09,1.252520064247477e-09,9.097155017217405e-10,4.454369772437332e-09,5.175580405112686e-09,4.112093094038725e-08,-1.6063651890292834e-08,-7.438329974324624e-09,-1.0072424343692873e-08,5.725401419236952e-09,-7.364520694049837e-09,-7.593368940811133e-09,9.006389773342923e-09,3.6809255432531884e-09,2.9110847907141777e-09,-7.073973212643493e-10,3.6692228954955263e-09,4.1027972110458396e-08,1.4990252243217045e-08,-2.3493826474961045e-08,7.536670873817314e-09,1.54867176014665e-08,-1.1323576984649517e-08,1.4031300772557497e-08,7.026797593065517e-09,5.208117191130944e-09,3.3756361427569077e-10,-8.449535433755268e-10,6.513148999808434e-10,1.0336587792691396e-08,6.951422151923533e-08,3.729724897222922e-09,2.3897693429482495e-08,-6.849812773476296e-09,-1.0590433447466347e-08,-1.3143685396481768e-08,-1.577959528346345e-09,4.764819730634142e-09,-8.34526375739152e-10,3.5510584767846575e-10,7.736397457699836e-09,6.298577087510647e-09,6.830968857490333e-09,4.82693726231876e-08,4.691511094009125e-08,-7.853054598994188e-10,1.174905605137241e-08,-1.1877990133153737e-08,-2.5937578668200147e-08,-2.8166857075146976e-10,8.58709407236982e-10,-1.1138568726398474e-08,6.558731319948264e-09,4.306780393812245e-09,3.6971218679126776e-09,5.230506272174427e-09,9.295514121145999e-09,-4.859239313323809e-08,2.1902501536307514e-08,-1.1029443701175551e-07,4.0299321154813597e-07,9.560032863026957e-08,8.765909891735266e-09,-7.263958289776833e-09,-8.168823141329661e-09,-3.105940195121536e-08,-2.6188861866760592e-08,-1.2618864269156905e-08,-9.021612817264867e-08,3.442769646069113e-07,2.802630970320687e-08,-9.909303308911773e-10,9.525094628863296e-09,-3.776175056848641e-08,-7.66677989265281e-09,5.164709072485243e-09,-6.169445613346449e-08,4.2353774110983964e-07,-4.345992088296809e-07,-1.5293140955731968e-07,-1.461357750652761e-07,-5.986261734280682e-08,-1.8639963274927044e-08,2.2756519372275095e-08,7.909018832979106e-09,-3.5929387673810333e-08,-1.5580778642715102e-08,-1.101640821695859e-08,-2.4956683419120705e-08,-2.941741770720555e-09,-2.231841120519958e-08,-6.035229777631701e-09,-5.372959648760615e-09,-6.677224875445804e-10,3.2279371541178203e-09,4.466193581765393e-09,7.17806624547106e-08,9.339289173114186e-09,-4.337249094670879e-08,-1.4657481030014996e-08,3.1057145484043465e-09,-2.6766227788210667e-08,1.8464573896539796e-08,1.6211982554361142e-09,7.2849648492743905e-09,1.4664710409980648e-09,-1.685813519230956e-08,-1.769469694842098e-09,8.890301284422039e-09,-5.912358252320924e-08,-3.560940104863472e-08,-6.2972256184854775e-09,-5.17145144526663e-09,2.994703999274444e-09,1.5687341607610144e-08,-2.7612480454378495e-09,-6.495896420565428e-10,-1.5889033237904355e-09,-2.5847900028589324e-09,8.910004160281961e-10,-2.8491506172206914e-09,-6.845561390150462e-09
F12treat_p1,-6.343202757900018e-09,-8.21629991278874e-09,-3.7862945941257955e-09,-1.5136470724114885e-07,1.4453448382375134e-07,1.021599070683576e-07,-2.8592788534868328e-09,1.98818081487555e-08,-3.348422679932875e-08,-5.171358982814345e-08,2.8260085282798348e-08,1.0114547817131412e-07,-2.1037932423752468e-07,4.990790691486738e-08,8.564907186664917e-08,-1.73847502116079e-08,2.7755483193456582e-08,-5.6759800211930697e-08,-3.5401781255779136e-08,6.970862863340708e-09,-1.8604808218846224e-08,-2.1120006036760017e-07,1.2962355387736085e-07,2.015983149398998e-08,3.4143397965645136e-08,-2.881744047581958e-09,-4.801727585283383e-08,-5.19082531480599e-08,-4.2936610468095147e-08,6.41436375311853e-08,-2.2645939729806045e-07,1.7083035899826129e-07,-1.9526572008598175e-09,3.0381335451322014e-08,1.135251061035566e-08,2.931366756176546e-08,-2.1265631867489407e-08,-3.7035840182619956e-08,6.671574503314883e-08,-1.6855776770319505e-07,1.8721322699686635e-07,-2.8431863586234215e-08,6.211369575232793e-08,4.166246984608932e-08,-4.631570590883643e-08,2.0490881097987646e-08,1.9198765468674308e-08,-1.3616445701759263e-08,3.7154251079701623e-09,-1.0780379031853297e-09,-5.7812361885417765e-09,-2.409159122961323e-09,2.1719163976228987e-10,-1.1867774594823828e-08,1.0324005714405847e-08,3.043225983386335e-09,-3.5070580970947166e-09,3.904482486971389e-09,-1.3046450177638068e-08,2.810734487873223e-08,-1.8829360024805666e-08,1.3910802765263575e-09,1.4632320018164433e-09,1.0961228727956177e-08,-3.6916371965485143e-09,-4.182395974847753e-09,7.454890737527377e-09,8.053232721595455e-09,-2.689804699185272e-09,-3.2240611494149952e-09,2.6744892417388402e-09,2.1938753138305723e-08,-4.190224343405061e-09,-2.180587119590841e-08,1.680174127714742e-08,1.152027592523738e-08,-5.836736411435263e-09,1.2943215019154614e-08,2.2578993964863662e-08,9.65472672020165e-10,4.702256932859843e-09,-3.258855424278633e-09,-1.6929837032761278e-09,6.87172702997777e-09,1.2479676504315515e-08,2.15534262248754e-08,1.2695122689009863e-08,1.831575105586928e-09,8.292315770510611e-09,8.206460454716545e-09,1.9304198516808116e-09,1.2193281930780257e-09,-7.526006099673114e-09,4.981601959437423e-09,6.287709022952349e-09,7.606755763452519e-11,5.502997043734201e-09,1.2004048980794118e-09,3.7209621521997085e-08,-1.6808786186517346e-08,2.5991755828626663e-08,-7.062618810394809e-09,-5.419616890790368e-09,5.47335347538096e-09,6.690475769670303e-09,-8.413901043225483e-09,5.017983805116581e-09,-2.765710540816065e-09,1.4490636937253905e-09,3.1695876546687787e-09,1.563679375974388e-08,4.027463469839171e-09,1.3701433680948309e-08,-8.022225996357732e-08,9.560032863027189e-08,1.3967691089155663e-07,2.1760879478149864e-08,2.969153946718829e-08,-9.115575680359302e-09,-1.6477093289578356e-08,1.1756405994382783e-08,1.6138265634980367e-08,-1.408288598218329e-07,2.301471377814642e-07,6.49003590486563e-08,-2.8903460013237466e-08,2.2205735894495918e-08,-3.518848877572206e-08,-8.843484281280409e-09,-2.4513931247909786e-08,-5.61909362706669e-08,2.5294078103013956e-07,-1.892897187792823e-07,-8.577264755776852e-08,-5.5288676759211693e-08,-5.128167198280184e-08,-3.2882477794055437e-10,2.084179149738714e-08,1.5094634203098248e-08,-3.210003152411638e-08,5.3627913378952816e-09,-1.6764186011330006e-08,-1.363079285246226e-08,1.4135375392444607e-09,-1.5388392248255223e-08,-4.632132636687298e-09,7.491805543020587e-10,-2.39031746510605e-09,-2.0733935590201555e-09,3.29061259677835e-10,3.998748824698055e-08,1.0363092056917346e-08,-3.241111228867069e-08,-8.25796272349399e-09,9.993781628407895e-09,3.533122590359015e-09,1.1851700988191307e-08,4.306573540360762e-09,1.2565221488466534e-09,6.812165326634951e-09,-6.884516741063442e-09,-1.2639835415380804e-09,5.638732235851846e-09,-2.814326734631735e-08,-2.4618150667403776e-08,7.954329915798126e-09,-8.577829240451907e-09,2.574278966752039e-09,3.018400311018517e-09,-5.3427528917085335e-09,-2.8898384678520332e-09,8.870000854306532e-10,-4.74916698350108e-09,1.3901562292821547e-09,3.6805847160072076e-10,-2.809369015585753e-09
F12treat_p2,-3.047486774080945e-10,-2.1681784328151406e-08,-1.2864115116697477e-08,-9.284381260466598e-08,1.415311993851436e-07,5.887584170680254e-08,1.5164902340586435e-08,-2.719467235269447e-10,-1.702591873898684e-08,-1.3010348602476237e-08,-3.15153116280242e-09,3.5032340700522116e-08,-3.774911547317707e-08,9.10785063023002e-08,1.1875119816155425e-08,2.6271165949502752e-08,2.0574463907269157e-08,-1.3766957700867022e-08,-1.5952198507514497e-08,-3.116631504483326e-08,1.6836465143501118e-08,-8.38390078733561e-08,1.0569829216456581e-07,-6.37192437479956e-08,6.16524834703157e-08,8.286499350313935e-09,-9.548250323943367e-09,-3.167491061888337e-08,-3.4479635487774485e-08,6.862506590642345e-08,-1.0638682768372614e-07,1.1527159132876172e-07,-3.98428316639238e-08,1.936137517169654e-08,2.6714621461061225e-08,2.5254451952573587e-08,-2.3210017517192722e-08,-2.583714825016328e-08,5.649550181788066e-08,-7.87020177766381e-08,1.232234116171353e-07,-5.722050989103806e-08,3.574607927332899e-08,2.22228872359603e-08,-7.160147722506853e-10,4.838782359717942e-09,5.104704319707479e-10,2.757730866887902e-09,6.558789319504196e-09,-4.330855764403702e-09,-5.893463255706162e-09,4.509234307900886e-09,-1.0661642622784207e-09,-6.332500865096014e-09,1.5043932163674298e-09,2.1151834988159542e-09,-5.589358066919432e-10,-2.0753101524842057e-10,9.748260260077328e-10,2.522387784141375e-08,-1.3253010677918549e-08,1.3108949864117518e-09,-7.227049970444613e-09,3.940617669382687e-09,-3.1663564103399023e-09,-1.3840322672257946e-09,2.03717070494138e-09,3.733254446701741e-09,3.000628908595059e-09,5.718245585224786e-10,-2.117596167645995e-09,1.109926306021419e-08,-2.2621892124515657e-09,6.194076830618062e-10,1.5748160207269625e-08,3.529034156544724e-09,-2.335072740690897e-09,1.3531952273451138e-08,9.179200178733612e-09,-7.999547004280438e-09,3.005835142201878e-10,2.480318793888476e-09,4.0020148540253537e-10,2.7076877759009046e-09,9.057665753110676e-09,2.7346017186486047e-08,1.4003897216104668e-08,4.584011370450747e-09,-1.1440119675278791e-08,8.774937705797809e-10,8.342888806374383e-10,6.018851534202236e-10,-2.6866151873175193e-09,1.2063130723738917e-09,5.018722548490781e-09,5.918673105878624e-10,7.827973356941548e-10,2.5484040920921035e-08,1.8681214929062945e-08,4.23000740854952e-09,2.1993534319808845e-08,-9.051714454155151e-09,-1.4723070531833227e-10,3.663408689575243e-09,-6.563658631494015e-10,-6.77146411556986e-09,4.2674477126711884e-09,3.1397240120146975e-09,4.487467905286783e-09,-2.519365019192527e-10,-3.456957447943995e-09,-1.3603397051173956e-08,8.74261180325945e-09,1.6373808701683596e-08,8.765909891734914e-09,2.1760879478149768e-08,1.0385985669296804e-07,4.049785797593045e-08,-1.8090941483269184e-10,-1.6358661345677319e-09,-7.384301091363351e-09,1.9302828230646048e-08,-3.855379098947251e-08,8.03225219200178e-08,4.781257731490208e-08,3.6950032077613834e-08,2.108137933353836e-08,-3.571174241423083e-08,6.661623747512168e-09,1.649317513789472e-09,-3.7293990898336594e-08,9.811554213030704e-08,-1.3918683705524254e-07,-2.5590536619778483e-08,-7.39577069544729e-08,-3.724581737497919e-08,-9.098425039977261e-09,1.5323063990401755e-08,7.708037969032273e-09,-3.251160511194912e-09,-1.949934011203302e-09,-1.217174637662415e-08,-6.70657323181159e-09,-6.916967068347312e-11,-6.075284084158543e-09,-2.045183961288607e-09,-2.8540121413704166e-10,2.695846093191372e-09,1.990613359254463e-09,6.359784466938303e-10,2.074882157329716e-10,-1.6618482979301374e-09,5.257388591509047e-09,7.52058099050177e-09,6.944831675717716e-10,4.110715360958996e-09,7.310933836540151e-09,3.834851944010558e-09,-4.1347854076794255e-10,3.050206886879718e-11,-2.7177005790900247e-09,-1.8085526870551416e-09,6.636316585443958e-10,-2.2446438298014952e-08,-1.1378494800226153e-08,-6.713408513210877e-09,-9.38602262519026e-09,5.626755837941206e-09,-1.555897923558897e-09,-3.989553127365488e-09,-7.438972993399378e-10,3.800669408349051e-09,-2.762782154639132e-10,-1.7242777502640665e-09,-6.69274265669134e-10,-4.80911870532738e-10
F12treat_p3,1.6205170607039742e-09,-5.047400760607203e-09,-4.0289774737070574e-08,-5.1174536369726736e-08,1.684014298536743e-07,6.183105439106659e-08,-3.786027651226915e-08,-5.66370790637154e-09,-6.3382599413011565e-09,-2.0224238985925128e-08,2.3068178255071795e-08,1.7706223696021437e-08,-1.7235289548516776e-08,5.8128612885514514e-08,1.5082567765791514e-08,-3.1200763943285864e-08,3.8639554376792466e-08,-1.0682727113235834e-08,-2.328413457636002e-08,-1.2865258868082569e-08,-2.9327199321288543e-08,-7.945764369170408e-08,9.703610967580891e-08,-1.0670908698428372e-07,1.1585525440940492e-08,1.6199495869421352e-08,-1.7357659817023036e-08,-4.338089000673185e-08,-1.4937573878733672e-08,7.060782769567435e-08,-8.795453220113548e-08,7.932627780623717e-08,-5.6303103943661805e-08,1.607994426511975e-08,3.840104941310768e-08,4.269430124234782e-08,-3.844191310251681e-08,-1.0591440710631365e-08,1.084345557552449e-08,-1.0675699953827545e-07,1.8456583600339808e-07,-9.20818958525911e-08,-1.9976412353421657e-08,4.0390847493822546e-08,-8.960094006027866e-09,1.1350040430527278e-08,7.419687114454222e-09,3.4278104282792667e-09,7.769499634006012e-09,3.2287331408525616e-09,-3.1269930090551113e-09,1.948879120465849e-09,-2.752464416077004e-09,-1.1239185446932486e-08,1.5340338043887355e-09,1.2393931004889257e-09,-1.3738193611222822e-09,-3.884690983687436e-10,-2.896454854627093e-08,3.311806254313335e-08,-7.992543155502043e-09,-4.270767164576926e-09,-7.10687551522238e-09,3.916004860322337e-09,-7.396713941670929e-09,-7.28512002913581e-09,5.912011408981832e-09,5.310878424355322e-09,8.652053606418105e-10,-1.2120236342615435e-09,-1.2114901275535447e-10,1.71040425112744e-08,4.0712738270316455e-09,-7.326583377038028e-09,1.3070641845766336e-09,7.91400257715545e-09,-3.1505655696030858e-09,1.6503537610292236e-08,1.4164447989344075e-08,-1.590454926559454e-09,3.787003279314182e-10,-2.796358812332514e-10,5.552386563268248e-10,3.384938525808741e-09,1.4449304674332364e-08,1.71331323307658e-08,1.665235550382906e-08,-1.6058429013317784e-09,-2.6292449942218066e-09,1.9287101778092755e-09,-3.142428640206397e-09,-2.4354113945751692e-09,-7.916106831630297e-09,1.7054358140474555e-09,5.308812311095559e-09,1.645212505190986e-09,2.794377165072192e-09,2.8851276302839553e-09,3.0152453988590264e-08,-1.9285706944679227e-09,2.3307200940224547e-08,-8.242093578180657e-09,-5.653205783291169e-09,3.522862825266169e-10,5.741985977538917e-09,-8.049375626825574e-09,4.2495174209885715e-09,-3.2614906746357804e-10,3.246389543917806e-09,1.182851947180667e-09,-1.4114796451974087e-09,2.497528804195637e-10,-8.716089703594611e-08,8.730397639744275e-08,-7.263958289779161e-09,2.969153946718837e-08,4.0497857975930795e-08,1.005324494339366e-07,-1.8480127288760494e-09,-1.7899347941910175e-08,-7.785657436059699e-09,-4.971971679696926e-08,4.9430102147835505e-09,1.3109670751789166e-07,3.946701630630405e-09,-1.4427341268259935e-08,4.0020147426670025e-08,-2.8285203236308316e-08,1.241867734519457e-08,-1.942879910529543e-08,1.070646268163435e-08,5.2636359159911735e-08,-2.0588649015915262e-07,-4.018033589984862e-08,-4.150522714247384e-08,-6.05706570338129e-08,-9.284263428865824e-09,3.1560059679519465e-08,2.6018372008384618e-08,-4.9839745044603095e-09,-2.3343175200815137e-10,-1.0783887321907192e-08,-9.646805551942249e-09,-1.1237268885447037e-09,-1.1978297393306296e-08,-4.6651730540590155e-09,-6.319234039139088e-11,1.4849029778994068e-09,1.909093638859669e-09,5.540002486640593e-10,2.526297358563949e-08,1.5619844581276876e-08,-1.1611152838057868e-08,9.079246221857143e-09,9.744834771135155e-09,4.379393303014726e-09,6.411358909837282e-09,6.573114868108912e-09,-3.7248801762668988e-09,-6.223563969080679e-10,-7.182357912108309e-09,-2.135916421748019e-09,2.65166388025174e-09,-2.7929997487879968e-08,-2.059562531315892e-08,-3.0962000583596967e-09,-5.399037680067566e-09,5.880816597258546e-09,2.1958346924301936e-09,-1.1954744757656005e-09,-8.431097051221034e-10,5.7205581356857886e-09,-8.768228612406219e-10,1.0193936933576494e-09,1.0192087722474513e-10,-8.863493164993451e-10
F12treat_p4,7.390114139180614e-09,1.5191298443226461e-09,-2.50308613647926e-08,4.3553422887403975e-08,2.6703909233102094e-08,-2.6758489790011836e-09,9.54413443784481e-10,-5.86451400714484e-09,1.2376844857412389e-08,1.5092283634111395e-08,-7.091328103944143e-09,-3.224282663796122e-08,5.945533621773755e-08,-1.887414243315153e-08,-7.1415903916838145e-09,-2.9776998574734376e-10,-1.2649802630912324e-08,5.219955154731861e-09,1.4609598826831922e-08,-6.242370586218663e-09,-1.5386907646426873e-08,5.53559361515134e-08,9.510731898013558e-09,-2.5372131593019967e-09,-2.3826855284210258e-08,-1.325230239837173e-08,1.1341169790153186e-09,1.5493519055170745e-08,2.436645665840109e-10,-2.4423396290882764e-08,3.6482210778738444e-08,4.032544537685302e-09,8.701726278073685e-10,-2.03457618363558e-08,-1.608408086297667e-08,-5.777589016163142e-09,1.2832084867331851e-08,-3.279628470991946e-10,-1.3369118590336243e-08,3.294312357236007e-08,5.490085746533571e-09,3.2172504719539454e-09,-5.169790382400978e-09,-1.910704021979299e-08,-2.947821071664689e-09,3.618597954540465e-10,3.1159571196384783e-09,-4.759602045521767e-09,-2.3832560149396196e-09,3.5594911721787823e-09,-2.330639536171285e-09,4.5427034048666524e-10,1.2907352826941354e-09,5.8971926753003555e-09,-1.2713327256001613e-09,2.5723172704947783e-10,9.835952623052047e-10,-7.38202210969185e-10,-9.282611897787614e-09,2.022657704792113e-09,-1.199106625676588e-09,-5.3189976072365015e-09,2.484379523032656e-09,1.537646536283918e-09,1.9047026387531936e-09,1.8525587702418665e-09,1.7713627031763837e-09,-1.890228841175104e-09,-1.0155674386340463e-09,3.521966481645484e-11,-7.243900173663535e-10,-9.05708346053137e-09,-2.848113590108213e-10,-5.403321651805318e-09,-1.9327942325203055e-09,3.1727427197213585e-09,9.762076956449187e-10,-1.4173323679457198e-10,9.03232754601611e-10,1.9856292044791975e-09,-9.509704324781377e-10,3.2747565948490496e-10,4.984737552484656e-10,-8.207306544954435e-10,-8.659642108481198e-09,-1.1323221560274267e-08,-8.39947575077787e-09,-4.107288363430914e-09,5.310148596505747e-09,3.5262765494051496e-10,-1.423239387297706e-09,7.888299854898623e-10,3.6618360113155436e-09,-1.7215484631358637e-09,-2.3970941244252382e-11,-8.857952568675922e-10,-6.086947062214476e-10,-1.8188145868890503e-09,-7.740035530734267e-10,-1.2965701584742278e-09,-4.035275456416599e-09,3.4812519732570833e-09,-2.0833078184946323e-09,1.965932595946094e-09,2.291931338394962e-09,3.7470824604503635e-09,-2.3555305022296473e-09,-4.865035650656418e-10,1.4506484259320996e-09,-2.012744478623785e-09,3.0457911204017523e-10,2.5980793410820186e-09,1.6944898950414275e-09,1.3314077968652495e-08,-8.168823141328901e-09,-9.115575680359866e-09,-1.8090941483260375e-10,-1.8480127288766847e-09,1.736869912659645e-08,6.277998025202329e-09,-7.919976244950473e-09,-3.215281273081537e-08,9.463429517046563e-09,-1.0947898245038519e-08,-3.2307579400223755e-10,-1.5421139652103743e-09,-1.3021913255847415e-08,1.032794985915184e-08,-4.720978485257668e-09,8.90220749628986e-09,1.3130359723786619e-08,-3.0845915583457185e-08,8.391616758503557e-09,4.618459512681358e-09,5.81699286156827e-09,1.0498697614236099e-08,-6.0095567947725576e-09,-6.828274839995786e-09,1.1131868443940655e-09,3.928810194676994e-09,-2.1945086122982625e-09,6.865527749915033e-09,1.7647451392896768e-09,-5.404396258018588e-10,9.654116022175213e-10,2.3539797461107234e-09,-8.815224051567171e-10,8.809906003788796e-10,5.362956071158923e-10,5.931987420085717e-10,-1.9897231871912135e-09,6.269795148672804e-09,-2.55077652532614e-10,-2.072479982268725e-09,5.44831348637064e-09,-2.0803026236593996e-10,-8.780174448128781e-10,2.3422024620907207e-09,3.913071254169059e-09,-1.0410727448643491e-09,-2.9297367009893673e-10,5.905487435469286e-10,-1.1793191232816503e-09,3.6964604134204814e-09,-6.433660637816667e-10,2.118849503752377e-09,3.2046905826140902e-09,-4.5075107595915224e-09,-1.0197492068805282e-10,-5.805301533263155e-10,-3.303114819116324e-10,-1.8130530014606037e-09,1.0651411664445514e-09,-2.92981334553523e-10,-4.006509373039397e-10,6.569509349438198e-10
F8treat_m4,6.057158673717681e-09,1.3948066392619227e-09,4.309967365706472e-08,8.705711319866097e-08,-1.2508709060485847e-07,-5.6716653355754026e-08,-1.3452629986304305e-08,3.451971397105583e-08,2.2596650633280985e-08,2.9405301738945605e-08,-1.491473380992092e-08,2.6297628396585234e-09,4.470401489629806e-08,-4.7577078470958135e-08,-4.5485651713472765e-08,-1.2146015145038552e-08,-1.5895752245658298e-08,1.587367496081544e-08,3.395159515550059e-08,5.090579492552492e-09,4.123878731182646e-08,6.339420266815945e-08,-5.543829129390333e-08,1.340662085423624e-08,-4.8979494632103436e-08,1.078708959735539e-08,1.0633450287017502e-08,4.5164336698656883e-08,2.3330161168109543e-08,-2.2329481687799987e-08,6.69524385435205e-08,-9.657975687591113e-08,-1.6561697320065814e-08,-4.708512448478305e-08,-7.69188336437764e-09,-2.7706781060685686e-08,3.748479366754737e-08,2.6089221047739095e-08,1.4870307619374996e-08,1.0218989140498677e-07,-1.380499524615192e-07,2.1730227092855484e-08,-2.8982445019680722e-08,-1.9113324845164883e-08,6.311499889128008e-09,-7.084959396984343e-09,-1.2888946438083349e-08,6.041651975127068e-09,-6.629686566846676e-09,1.3317316515694441e-09,1.5601444795155774e-09,-1.7886695571576084e-09,1.053782063648923e-09,4.9552548864224115e-09,-4.005687880529038e-09,8.675550197931627e-10,-1.573603065852702e-10,-1.1760266734664285e-09,2.0682395493631033e-09,-1.8963266310485073e-08,1.373754110043403e-08,2.3589647728736555e-09,5.2129518519091375e-09,-6.418913572590372e-09,4.9008171581012224e-09,3.783809830089447e-09,-7.35258928700933e-09,-5.7708499813302525e-09,1.0259828818429954e-10,-4.289844119915243e-10,-1.6575549239629532e-09,-1.242124836266043e-08,-2.2224480076518545e-10,1.1934888256471584e-08,8.756139032254678e-09,-5.431281263560968e-09,5.040251262305644e-09,-1.0674742531689807e-08,-7.177019792864751e-09,1.5687316267337601e-09,-2.910948663844895e-09,1.225429451553857e-09,-1.892806777495696e-09,-3.602274508697205e-09,-1.8916277778483452e-08,-1.4724168123076077e-08,-1.0682793693483346e-08,1.147830936716499e-09,-3.006663773910534e-10,5.634772742143652e-10,-1.3164087147548582e-09,6.382443148716291e-12,2.1614077055567077e-09,-2.927418716929253e-09,-3.810853354873345e-09,-3.325337637295497e-09,-2.006679056211952e-09,-1.3901182627251618e-08,-3.513289813069459e-08,8.18626426806832e-09,-1.4115764214509782e-08,5.631513296546989e-09,6.85730249067729e-09,1.3248494749489328e-09,-3.926113432248064e-09,6.2702603421901795e-09,-6.864437771753648e-09,9.64456880928326e-11,-4.003484664364082e-09,-3.4463423878182483e-09,1.4134660831435737e-08,2.444002311145598e-08,5.5720888392627495e-08,-2.9251934888278937e-08,-3.1059401951214836e-08,-1.647709328957831e-08,-1.635866134567693e-09,-1.7899347941909407e-08,6.277998025201972e-09,2.8845351892510464e-08,6.875782610835952e-09,3.3728954500525006e-08,7.471499648783344e-09,-6.915489663331823e-08,-1.4102556493728715e-08,-2.4296897792338497e-08,3.775123980259936e-10,1.8999881894265122e-08,-1.4805895254818116e-08,1.2298598578786959e-08,1.2295740608840051e-08,-9.87306649751537e-08,1.360393896356976e-07,3.581668299511994e-08,4.823305378886657e-08,2.1994663428681083e-08,5.609642131298208e-09,-2.0973400191457508e-08,-1.1662076925317322e-08,1.2831973723558589e-08,1.71846642152874e-09,8.031814788272767e-09,4.048308846678629e-09,-4.341606446873115e-09,7.138711153322499e-09,3.4822440050720075e-10,2.048113504099526e-11,2.3530500807744832e-09,-1.00206584704637e-09,-1.3461382500614822e-09,-1.5572107359437802e-08,-1.0397229506229221e-09,1.9827403572033975e-08,2.95302690387634e-09,-1.350598035317492e-09,5.4303760819787326e-09,-7.572829481363271e-09,-3.354003929714456e-09,-2.834554456988885e-10,-1.1779752438946296e-09,6.312890741216237e-09,-5.94319549158209e-10,-3.038768225291271e-09,2.2405070571215068e-08,1.718640342039775e-08,-7.412049779255186e-10,2.4011395491314385e-09,-3.6534120483160922e-09,-3.7179819210150957e-09,2.2298133982144794e-09,1.4768844016264333e-09,-3.3444032940572326e-10,3.392141754499173e-09,-1.8749030254131097e-09,1.579629896366418e-09,2.1545566536891013e-09
F8treat_m3,-4.948291593143853e-09,2.8616166808148275e-09,2.676464645065119e-08,1.7293213220688148e-08,-8.431184822417951e-08,-2.6100731460585633e-08,-2.0689664678470334e-08,2.155250117961431e-08,-6.138684109350982e-09,-2.882225047637853e-09,1.382702139047942e-08,3.144105571370227e-08,-3.0907176076720376e-08,-3.492040898929637e-08,-2.60777693213509e-08,-2.149479886738896e-08,-2.0618819660976106e-09,-1.0269080735714795e-08,1.276028320083195e-09,1.700557185068374e-08,2.4141234999127122e-08,1.1315078213908085e-08,-5.615468629290413e-08,-2.6150354177217785e-08,-1.062865121409968e-08,2.4742983798881898e-11,-1.1694488153698994e-08,5.184802194522079e-09,9.991055020792875e-09,8.580694333762255e-09,-1.3337939044281776e-08,-5.076457853463155e-08,-2.7675817623994108e-08,-2.0260571462949478e-08,-8.357099654665646e-09,-7.893015748720458e-09,1.310408986650605e-08,2.000365305533605e-08,1.6263905684470892e-08,3.958618797976741e-08,-5.0189240519736555e-08,-1.0930467428079767e-08,-9.058078076230437e-09,6.236100177305819e-09,-6.667351572863861e-09,2.935913585292977e-09,-4.825475788776657e-09,6.589375812652822e-09,2.7324683947778612e-09,1.3353799065731444e-09,3.1135691075421e-09,-3.8840242220049495e-09,9.375432903448339e-11,-1.7782729316022601e-09,4.4286425846679515e-09,-6.43185794222769e-10,-2.4881183083536926e-09,3.118279812344622e-11,7.958168016045851e-09,-8.723548485793826e-09,1.487481556061315e-09,6.339767430959255e-09,3.3622244747958905e-09,-2.2085850195603873e-09,3.1774042862134737e-09,1.1597831237383952e-09,-1.5033830637785265e-09,1.2354062919816278e-09,-1.5971726949220547e-09,-2.104160878535048e-09,6.152103584767367e-10,4.286853298073264e-09,-3.899421904816573e-09,8.297529608093013e-11,7.899702650256543e-09,-3.067377789527687e-09,1.015019757063327e-09,-1.4553301153947438e-09,2.1971956776543486e-09,-7.46834639429365e-10,1.080664166487264e-09,-2.7138650659388555e-09,-1.6358568095838142e-09,-9.610250379900659e-10,1.3177472971302368e-09,8.5069987676342e-09,1.778616076766681e-09,5.599943658349599e-09,3.2089410578000028e-09,4.903385804755384e-09,2.4971955085782015e-09,-1.7240974138291597e-10,-4.1894901357269214e-10,2.206451343053604e-09,-2.360676575664853e-09,-2.9568345040611944e-09,-3.607642889559078e-10,-2.5916762359480774e-09,-1.0670149724918102e-08,-8.035868911891378e-09,2.0784432978781965e-09,-3.6307195367703065e-09,5.3972618639150815e-09,2.0505459374018743e-09,4.300676280937004e-10,1.9178808351053764e-11,-1.525290668571878e-10,-2.4420366373132015e-09,-1.5212949208055844e-09,2.9888049385186296e-10,1.1027741767454082e-08,2.0158868329792893e-08,2.191477876035958e-08,-9.138990635562877e-09,-2.6188861866759814e-08,1.1756405994383665e-08,-7.384301091362596e-09,-7.785657436059699e-09,-7.919976244951087e-09,6.875782610835227e-09,2.8923280781001594e-08,3.3762883574862026e-08,-3.947058258834942e-08,-7.178051105748727e-09,-2.025699456999334e-09,-1.5161344427234835e-08,9.984415222347825e-09,-3.134810637291133e-09,-7.4327186681892524e-09,-1.247399263517874e-08,4.857927456543908e-10,-1.1032115288407839e-08,4.414130247062375e-08,1.6853464718050662e-08,2.0125750574322525e-08,-7.999783937696812e-12,9.321771217637139e-09,-1.7485144335723055e-09,-2.3590950383747312e-09,-8.203592522413717e-10,6.930219305428346e-09,-3.603350209469577e-10,4.1977754747340595e-09,9.008417180613365e-10,4.402745999140557e-10,-1.17215704613799e-09,1.01355168445787e-09,-1.8547905888240793e-09,-2.4106667045754355e-09,-1.7080915345299e-09,3.789644618418261e-09,2.760826735623939e-09,1.0522907036235712e-08,2.9778295520955174e-09,-3.3081410420665025e-10,7.187556339269289e-09,-1.7502165831548243e-09,-1.672098724113143e-09,-7.60144902929223e-10,2.594194935597557e-09,1.9227305983821967e-09,-9.619442015103274e-10,-8.016735347242603e-10,8.128913479846093e-10,4.081014700724335e-09,-6.634475703985231e-10,-5.542067136027088e-09,-5.800642267738247e-10,-4.1659778565633624e-09,-1.5915609966767977e-09,-8.019398906310593e-10,-5.009389797935366e-12,-1.5485152715045627e-09,1.2143376260747072e-09,1.3887201980351237e-09,8.346354046026805e-10
F8treat_m2,-1.8961136928120252e-08,-2.3040996888999026e-08,1.7152758876434529e-07,-1.0230223119990016e-07,-2.6062576336334956e-07,-3.91242045199151e-08,4.083711131424533e-09,1.1833751048276829e-07,1.2873294240202166e-08,-1.5026891444075304e-09,-1.3910244209200752e-08,1.4554799856509165e-07,-2.2599617719300396e-07,7.88545287356027e-09,-1.6263394338622644e-08,-3.3361982209623883e-09,1.492031853597341e-08,1.2572255440267027e-08,-1.891377630191994e-09,1.700156299128016e-08,1.4074820046352678e-07,-1.6513026333345564e-07,-1.1789292027658826e-07,1.3346116420705312e-07,1.6413960798418766e-08,7.983402653225862e-08,1.2923139710725387e-08,2.220636680499854e-08,3.4848365796067586e-08,3.523972122690154e-08,-9.414169616141165e-08,-1.4347474034354604e-07,-8.422240225433817e-09,-2.981371848259949e-08,4.0144461245235146e-08,-4.034485904134278e-08,2.301686039712839e-08,1.759962084048038e-08,8.366189526753794e-08,9.395089368950071e-09,-2.83239924630414e-07,9.391545137204547e-08,-5.793443819430733e-09,5.92660108278242e-08,2.7058728764020307e-08,-1.6626912827277084e-08,-2.982207033251319e-08,1.975444110872395e-08,-4.2913995628026185e-10,-1.0508524281612674e-08,8.221315353693098e-09,-4.598885739360862e-09,-1.9671924173412837e-09,-3.4050410808959196e-09,-9.48204225927739e-10,-6.041237314229601e-10,-4.51107783527244e-09,1.2119057224157053e-09,4.214076406728121e-08,-3.8878439425448506e-08,1.4620448276684699e-08,2.576967369891423e-08,1.4085125948702463e-10,-1.581773162394356e-08,2.0897646140921064e-09,4.5955787272552976e-09,-1.7977659153983034e-08,-3.0495703195411493e-09,3.872177258533072e-09,-8.478159016295109e-10,5.854440216043882e-10,-1.9146772899875504e-08,-2.0786662258050683e-08,4.385485902800486e-08,2.4323455547881558e-08,-2.2912606263351002e-08,7.476631721051733e-09,-1.9902213351572384e-08,-1.4016219797914921e-08,-2.0793139908236722e-09,6.722537368317236e-10,-1.5921419245465773e-09,-7.897123792058337e-09,-3.6796794276205e-09,-3.587969030559599e-08,2.0332292450895282e-08,1.2077174931000902e-08,1.3161864433164184e-08,-1.7612672929836564e-08,2.430140216590922e-09,4.78194561331457e-09,-1.5762150965621311e-09,-3.0239371712690516e-09,-7.272606672044012e-10,-9.087908120064373e-09,-6.4151638630841485e-09,-5.806374271270766e-10,-2.6116826398125012e-08,-6.62738739156461e-08,1.674272407789298e-08,-1.526445373439431e-08,-7.969888814669314e-09,1.856881074336082e-08,-4.670454486588258e-09,-2.0251054321835242e-08,2.5318057384821085e-09,-8.124994237994639e-09,2.023366299607322e-09,-1.1335331615932308e-08,-2.942863001683382e-10,9.314336493574057e-09,4.2186200381548146e-10,1.6201159705986668e-07,-1.3655705418341785e-07,-1.261886426915651e-08,1.61382656349811e-08,1.9302828230647097e-08,-4.971971679696897e-08,-3.215281273081513e-08,3.3728954500524516e-08,3.376288357486098e-08,2.7128855489695727e-07,-1.3395823791232166e-07,-1.1029010100929104e-07,-3.8169690370469956e-09,-1.9589380892933857e-08,6.457728588857271e-08,-3.397078691579362e-09,-9.575652478654716e-09,8.790284674436987e-09,-7.403256195759386e-08,4.832043721794942e-08,2.4854250396463596e-07,4.844982350919198e-08,6.338158005568097e-08,3.62408564064353e-09,2.4711770331059253e-08,-4.063678279576152e-08,-3.749550488033632e-08,1.4008431147480516e-09,1.643345358624834e-08,-5.513454345829292e-09,5.775073622362481e-09,-6.644912442203491e-09,1.2692338172056375e-08,-3.384344016672491e-09,1.498791054171635e-09,8.243497684564176e-10,-5.693224668116289e-09,-4.58241059289682e-09,-3.037471631479344e-08,-2.815919340132113e-08,4.089934556794024e-08,4.8499605043096675e-09,-1.8772145110393514e-08,6.468965829766484e-09,-7.888285637299922e-09,-1.767676644106069e-08,-4.099839547556247e-09,2.977840583762711e-09,1.344278713224568e-08,-4.5878360719409105e-09,-1.6518506620677781e-09,3.8868913760545905e-08,3.484815966071074e-08,-5.9077512573101805e-09,-5.2356048124922705e-09,7.777022932815044e-09,-8.03193979354513e-09,5.486124735827615e-09,4.1638665786793525e-09,4.047691525327907e-10,2.4482789609581176e-09,-1.2587811860740867e-09,5.184127556055319e-09,1.446876446620943e-09
F8treat_m1,2.5520502345880598e-08,2.7640785371616585e-08,-7.08293833207299e-09,4.234932666697833e-07,-1.7439306939795022e-07,-1.669926027841821e-07,7.485681187332017e-08,-6.629772776926291e-08,2.4597686625737353e-08,6.865666272579546e-08,-5.386585390653525e-08,-2.216335128124392e-07,4.07193410153623e-07,-4.411396950256678e-08,-1.3901996054490333e-07,2.7501863032314935e-08,-1.1260299105450924e-08,6.558146778653855e-08,6.628787664437937e-08,-1.891381023582586e-08,-1.8077717911348024e-08,3.711320343642556e-07,-5.398650440574233e-08,-7.285687421306183e-08,-3.984798260435143e-08,3.072325274207952e-10,4.825992323033386e-08,6.964329183654506e-08,4.813589722644211e-08,-1.0880567726744652e-07,4.0107663328688657e-07,-2.303115104090824e-07,4.2565485813470084e-08,1.9379488918091108e-08,3.72448007356217e-08,-2.0317320431382493e-08,3.621809699096473e-08,3.210014807049861e-08,-9.228046502872247e-08,2.429011063655209e-07,-2.3320629692867347e-07,7.678635092684458e-08,-6.488927078573011e-08,-9.94480103935362e-08,1.985107143291875e-08,-2.6355654598678487e-08,-5.3215001593175784e-08,1.3169390855653422e-08,-1.3339314309820287e-08,-4.3132041486657205e-09,1.922654507404178e-08,8.48398814593973e-09,3.756842751871174e-09,4.6702324415608985e-09,-2.0068275932134724e-08,2.1620887232734564e-09,6.87885423391628e-09,-4.848410495343318e-09,2.908872588046722e-09,-5.8828954287733164e-08,5.535650128597191e-08,-2.4953227520462075e-09,1.2673991797042279e-08,2.783716665371957e-09,-2.326851338429956e-10,-6.499723823653509e-10,-9.156125433412116e-09,-1.4584790347548528e-08,3.2169154099705517e-09,3.7071852129594986e-09,-5.540503576390324e-09,-1.6813365560473684e-08,-8.182531957259784e-09,3.013427477507283e-08,-2.118769172842814e-08,-1.183208570022644e-08,6.535953679558298e-09,-2.4656707287950954e-08,-3.888452953206745e-08,6.691041698643348e-09,-1.1226968896966023e-08,8.95794048957481e-09,4.181351332031923e-09,-8.072254180365117e-09,-7.707410512113794e-10,-7.047100087618505e-08,-1.511634244146696e-08,-4.311644890297351e-09,-1.3511084982004732e-08,-2.102206723487052e-08,-8.276642624815331e-09,-7.247742965359831e-09,-2.297360940377198e-09,-1.2055348720217951e-09,-1.2431270234472866e-09,8.712542171623862e-09,-6.9734259653737695e-09,2.7317113400367252e-09,-6.669222914564636e-08,3.9368650631255414e-08,-3.635949752511863e-08,1.255468264413728e-08,1.2014990769579532e-08,-9.51639094077177e-09,-1.136833300652327e-08,1.2141951521944954e-08,-3.125418950948227e-09,7.112846449460268e-09,-4.613205237909821e-09,-5.3729915050292955e-09,-9.546267686266473e-10,-4.539465280894124e-09,-1.1397868844727316e-07,1.334782361825417e-07,-9.021612817264733e-08,-1.4082885982183566e-07,-3.855379098947609e-08,4.943010214781872e-09,9.463429517046971e-09,7.471499648784323e-09,-3.947058258835528e-08,-1.339582379123147e-07,5.317264877174008e-07,-2.667025465384838e-07,-8.577243085381589e-08,6.153065306237611e-08,-1.1120122106085234e-08,4.063025268296753e-08,4.586012961677016e-09,5.861959079844214e-08,1.0870916662645332e-07,-4.675932449898105e-07,2.4155474676005463e-07,5.3976592123603074e-08,4.435810884324844e-08,4.486155974116219e-08,1.1827454205711394e-08,-3.830256806361112e-09,-2.8492527085849175e-08,6.052238654058343e-08,-2.162423341937811e-08,1.5873623050011035e-08,1.8119100890285044e-08,9.520372880949829e-10,8.39245751596973e-09,7.623121568227145e-09,9.100172911574471e-10,6.331413993551158e-09,2.549959547157964e-09,-1.2282861207853217e-09,-3.390659182059401e-08,-3.270417669999315e-08,2.5398769286408922e-08,5.149715663084883e-09,-1.1629303634739573e-08,-9.918212937790176e-10,-1.1893351818709488e-08,-2.8327916828267836e-09,-1.210241585968805e-08,-6.375254039052598e-09,1.1531670436816475e-08,3.924304560185006e-09,-6.2951708868821126e-09,3.4720690758562914e-08,5.482070645906333e-08,-1.6752202976777032e-08,1.5674292365741282e-08,-3.7833888081716235e-09,8.177291614010871e-10,1.0633955442096168e-08,8.814762737843055e-09,5.667781097283757e-10,6.911349719244449e-09,-5.894621466417099e-09,-2.8936868064876362e-09,3.293040920637072e-09
F8treat_p0,-8.140456048474842e-09,-3.5912715406961913e-08,-1.1806431460825264e-07,-3.481129019502761e-07,6.742959193764887e-07,3.1876697430027966e-07,-1.0083468465347168e-09,-3.857630937504509e-08,-6.315700864320461e-08,-1.020141462863145e-07,8.031700596564299e-08,1.8060868399466183e-07,-3.016354286030928e-07,1.9718997548324354e-07,1.8518235136369077e-07,-4.829455986976343e-08,5.902852879950025e-08,-1.2785476171625292e-07,-9.495084602254453e-08,-3.651835388484499e-08,-1.146398630984405e-07,-4.202398748821228e-07,4.348610120647828e-07,-1.2092789906368133e-07,1.1608788261680604e-07,-1.5283320610418394e-08,-9.015407957947571e-08,-1.5613847291577069e-07,-1.286480912098695e-07,2.219178822348138e-07,-4.4139211944914406e-07,5.278417829727718e-07,-3.020696750867669e-08,1.1741419466507574e-07,1.0484771033501428e-08,1.0637231027101691e-07,-9.037257359327993e-08,-1.0070845120493163e-07,1.1189594693389733e-07,-5.681402512179168e-07,7.402585501421014e-07,-1.7297743756690965e-07,1.3865905601416635e-07,8.647422972442322e-08,-7.046740857880107e-08,6.466642493078937e-08,7.503628105783535e-08,-3.583518777389218e-08,1.5783485203797777e-08,3.0594547982981488e-09,-3.042791671294721e-08,8.317264296084932e-09,-2.1831462043682232e-09,-3.0232053775858816e-08,1.5866579106080078e-08,3.812304915267504e-09,-5.2786120512949885e-09,4.689551727522765e-09,-6.893752527000822e-08,1.0669856888963323e-07,-6.100564420488236e-08,-1.3545765687747954e-08,-1.3284880531883458e-08,1.9006902456465656e-08,-1.4449091871014197e-08,-1.819041917937387e-08,2.8891581665816694e-08,2.2492084271713695e-08,-1.4588130381161466e-09,-6.617868384790982e-09,4.828258233348933e-09,5.381357640381826e-08,2.2431074602448714e-08,-6.119089364554363e-08,1.5591372995653646e-08,4.3994751807792394e-08,-1.785832769376718e-08,5.49480584224158e-08,6.281162637163716e-08,-6.2943495982806106e-09,8.772031602514425e-09,-5.4918154256872506e-09,1.0005584507850359e-10,1.849443576527457e-08,7.995235135264908e-08,6.047556667480163e-08,4.0405647169279966e-08,-1.559593314535119e-08,1.826433367362748e-08,1.1347148377188858e-08,-2.3875911385533047e-09,5.416146159731982e-09,-1.2776547118469913e-08,8.519752157606008e-09,2.1834999595090028e-08,3.5012437077165423e-09,1.3671803636355915e-08,2.7601797391060933e-08,1.4260327527635754e-07,-3.5787303879670386e-08,7.628360474693234e-08,-2.6045490929541044e-08,-3.588611007837767e-08,1.7390392306356638e-08,2.4264818121473002e-08,-2.8127756681243427e-08,1.7061207108338167e-08,-5.071828952694443e-09,1.3453888102150493e-08,8.659922128758714e-09,1.3563289426583376e-08,-2.20826121872383e-08,-1.0785251511413252e-07,8.926723358557845e-08,3.4427696460691314e-07,2.301471377814612e-07,8.032252192001718e-08,1.310967075178913e-07,-1.0947898245038385e-08,-6.915489663331857e-08,-7.1780511057497965e-09,-1.102901010092929e-07,-2.667025465384838e-07,7.63681702585386e-07,8.758052166561471e-08,-5.178174219409362e-08,-1.1128050245759084e-08,-8.348900359943762e-08,8.636797626013747e-09,-4.6435657575086613e-08,-5.223976300765083e-08,5.710782161231155e-07,-8.46059882585115e-07,-2.2106427756437456e-07,-2.137947554528013e-07,-1.5814068459691386e-07,-4.5178093971773626e-08,6.760366619897089e-08,7.099929970247135e-08,-8.039326055886012e-08,-5.897310792903154e-09,-3.9244874889389834e-08,-4.422790023021326e-08,2.8043086167622625e-11,-4.5823256808838586e-08,-1.605554684107447e-08,-7.462427971894998e-10,-1.8669406728342707e-09,2.591185672482971e-09,3.0846506462029175e-09,1.0730512077519663e-07,6.783650701567936e-08,-8.421067911709604e-08,-5.001110427103105e-09,4.174693428565523e-08,-6.706997930790432e-09,3.441332967169192e-08,2.069399279413415e-08,1.5790084186690347e-09,8.376878907094057e-09,-3.2697079037165404e-08,-4.873757207981745e-09,1.4431087693097557e-08,-1.0993081378961077e-07,-1.0687537146955024e-07,1.745527943050495e-09,-2.260264565934227e-08,2.608189036160057e-09,1.1686945277746062e-08,-1.660688792696123e-08,-9.470200876308918e-09,9.421752612985166e-09,-9.953582458305659e-09,5.144415430608358e-09,-2.2180331423835544e-09,-8.26200908953605e-09
F8treat_p1,-3.0480369776959955e-09,-9.30600704490119e-09,-5.659458277285192e-08,-1.787751087733515e-07,2.0931651312546747e-07,1.1220265629624212e-07,3.455475319645006e-08,-3.770688063150368e-08,-5.6109580653081443e-08,-4.439851290406986e-08,1.492090649001488e-08,3.759809474325404e-08,-9.030344490726725e-08,7.878022477605233e-08,1.156984976768904e-07,4.259888598813743e-08,-1.5885200226246589e-09,-5.628806704081961e-08,-4.5037012556266976e-08,-2.0977155919039175e-08,-3.2088092184173397e-08,-1.276336095556486e-07,1.2411188441527333e-07,3.014727409966177e-08,8.783441584143348e-08,-1.911807488131136e-08,-2.988198172705525e-08,-5.701222021184025e-08,-6.688333035091983e-08,3.7744029767758455e-08,-1.5680137895775505e-07,2.2183152440429258e-07,5.306500306692858e-08,4.479211416701996e-08,-1.1408066873374105e-08,1.7530163335601592e-08,-4.851598431998486e-08,-6.051764193396872e-08,4.996796977633928e-08,-1.4431726524690178e-07,1.9264666425173604e-07,-4.118210169225225e-08,9.152557025081503e-08,2.7851514350542922e-08,-3.625564133082852e-08,8.38590471044245e-10,7.874491817902387e-09,-7.1650639678167595e-09,6.628488038366785e-09,-9.10701080382395e-09,-6.391977693252558e-09,1.1198760302248099e-09,-9.062151214272235e-10,-4.791456501457413e-09,6.481111212991422e-09,2.1959127456605536e-09,-3.2901780519562424e-10,2.6925089788252383e-09,9.05201436413226e-09,3.326461619128865e-08,-2.03586594720676e-08,-1.0976875385638351e-09,-7.845381488024247e-09,1.5010603093183193e-08,-6.718759983810322e-10,-1.9358749665196155e-09,8.760156717540326e-09,1.2908147643076608e-08,7.828433289265225e-11,1.9653954061400827e-09,2.43985410277711e-10,1.8376087058062077e-08,-1.4341978095389371e-08,-1.5315433485185208e-08,1.0483547140140697e-08,9.208730053766052e-09,-6.330858598523961e-09,1.771483151481244e-08,1.429986063028466e-08,-9.386241647187532e-09,3.105414980184721e-09,1.2050999392827081e-09,1.5657885566293507e-09,6.885914839430263e-09,1.720478975128315e-08,3.114704469115508e-08,1.337376209731507e-08,9.49830176188589e-09,-2.5021986390993133e-09,2.655919038833883e-09,4.9701941919226374e-09,3.733973171175624e-09,1.9310989838232262e-10,3.6499916778037087e-09,7.595550940630587e-09,3.1855408672670963e-09,1.5777101422284716e-09,4.5011548327770524e-08,4.770327119482923e-08,-8.34815198046225e-09,3.164875726808333e-08,-4.253651693577619e-09,-4.2225075661761226e-09,4.2892163106424295e-09,6.15275947584894e-09,-1.197996010003283e-08,9.261101491780245e-09,1.3017281733827557e-09,8.182408845480636e-09,2.6888867883715107e-09,-1.742124806223479e-08,-1.9696376109677764e-08,3.133060993546651e-08,-7.48819531375238e-08,2.8026309703204845e-08,6.490035904865701e-08,4.781257731490177e-08,3.9467016306304324e-09,-3.230757940017369e-10,-1.4102556493728917e-08,-2.025699457000164e-09,-3.816969037046757e-09,-8.577243085381172e-08,8.758052166561537e-08,1.2355878681613294e-07,3.64897416691411e-08,-1.3459343393854528e-08,-4.667909835996156e-08,1.3417515826864433e-08,-7.097077707759023e-09,-8.158723559003699e-08,2.2045120298580636e-07,-1.615701566113639e-07,-9.153779937987875e-08,-9.97628219392073e-08,-2.990355407510845e-08,-4.865396466793823e-09,2.727292692823659e-08,-1.1169058881941112e-09,-1.6201754746675974e-08,3.9511378582897063e-10,-1.8095709031915293e-08,-9.005997168440499e-09,8.06226074813575e-09,-1.0278330766997258e-08,5.707438162629827e-10,-1.3628263326487507e-09,-3.692528335353898e-09,1.6028164990192024e-09,3.861843050624178e-09,-1.5891010081979432e-09,-1.732071758005359e-08,-1.8397512615623983e-08,-7.433323776795109e-09,-2.3047504000369316e-09,-3.007034039619712e-09,1.1438772921227499e-08,2.9645255086072962e-09,3.9862583236525e-09,1.3968233658873265e-09,-6.636498773733632e-09,9.925573439480938e-10,3.733108532446228e-09,-3.885422661481335e-08,-1.9804763912079676e-08,-1.6519388556720761e-09,-1.0666187698252514e-08,4.765295518291237e-09,7.890928751014829e-10,-7.847899915583182e-09,-3.2566535242027073e-09,-7.077127502366304e-10,-4.191497565086007e-09,-3.7595600215083365e-11,-2.8777084044356877e-09,-3.0203379926732024e-09
F8treat_p2,-4.86698067467214e-09,-7.595920362615703e-09,-6.56257511157693e-08,-7.331666540189897e-08,1.4563208984182644e-07,3.6356056765233304e-08,8.624682724817892e-08,-5.552189613674041e-08,-4.2049554635395816e-08,-2.4796027559146997e-08,-9.832003239232357e-09,-6.498710158675311e-08,1.2164864652735621e-08,9.094011504846742e-08,2.3063497460400536e-08,8.216345318466845e-08,5.33900838802718e-09,-1.3415574382233369e-08,-3.47807654807546e-08,-2.5379164052146982e-08,-4.311055472999829e-08,-1.1403507464787994e-09,6.105791603752144e-08,2.134601601965688e-09,1.1240518170964197e-07,-2.3581207306763015e-08,-3.3681877595355783e-09,-3.572917234570458e-08,-3.283656792591367e-08,-2.9786739037417747e-08,-1.631226633436323e-08,1.1546221954784809e-07,4.884125116413628e-08,7.520039716588538e-08,1.1848639897491514e-08,2.7599499197914696e-08,-3.55940740887122e-08,-4.2072153071197097e-08,-3.324926628402022e-08,-5.808553795628399e-08,7.536433154804025e-08,1.7610378522270505e-08,6.294843221466222e-08,2.0533068088371266e-09,8.512329113471028e-10,-6.0706048066910185e-09,2.5106010012452805e-10,-2.840441640365276e-09,1.3933902045632784e-08,-8.292193080739005e-09,1.5922820996806436e-09,5.589696271463233e-09,-6.592285557825797e-10,8.414249729297167e-10,3.893074844994394e-09,3.7319277951248984e-10,2.9588475293815852e-09,1.6248201767524409e-09,2.5587412414520274e-08,5.006041764322227e-09,-1.4808339383846881e-08,2.4812889443890307e-09,-8.56763622662114e-09,1.0155703937453823e-08,-5.592420420652517e-09,1.48257689775879e-09,7.869470874779859e-09,5.902315446094845e-09,3.795882508074184e-10,3.105763252356579e-09,8.668597538151221e-10,3.393504825721729e-09,-1.4372209596368009e-08,-3.5390782945485725e-09,-5.78038067559634e-09,-1.3025370323441384e-09,-4.382251053967589e-09,5.484509971349706e-09,-4.804055112516211e-09,-6.40087965133888e-09,1.4963997464439384e-09,1.7854794465831882e-09,3.871007569473745e-09,3.4183230549782e-09,2.3378340044250657e-08,1.5378728817483115e-08,1.1326268675655776e-08,8.109441315236382e-09,-8.199453245491297e-09,-8.148666762508602e-09,2.146082582629268e-09,1.212945834902033e-10,2.3071400089688807e-09,4.491350188314828e-09,3.580129834573814e-09,4.914689759483445e-09,-2.2881109610849427e-11,4.644802057003515e-08,2.802892063036855e-08,-1.2076764100609542e-09,1.747095350740124e-08,-6.587851135238534e-09,-5.316995909547213e-10,-4.75400025865705e-09,-1.676185085249671e-09,-5.072021884353733e-09,1.0490185411774384e-08,4.247881642094552e-09,7.45770849826079e-09,3.886863939636156e-09,-2.4174653901882554e-08,-6.035538452868613e-08,-4.548395592528298e-08,2.177422403346331e-08,-9.909303308941295e-10,-2.890346001323945e-08,3.695003207761428e-08,-1.44273412682597e-08,-1.5421139652101102e-09,-2.4296897792338286e-08,-1.5161344427235947e-08,-1.958938089293379e-08,6.15306530623823e-08,-5.178174219409546e-08,3.648974166913911e-08,1.157052442624901e-07,-4.295287686825668e-09,-3.6136417355116105e-08,1.3626480736699608e-08,5.9055042892502354e-09,-3.9981079985926896e-08,7.930911700556495e-08,-5.599163269502797e-08,-1.990554862016539e-08,-9.033926680947767e-08,-5.2295969175244426e-09,-1.715968904227486e-09,1.3785839467693796e-08,-7.647132900956998e-09,-1.0088506665792376e-09,-5.927529892850909e-09,-7.326434158211337e-09,6.976990518705923e-09,8.434711879426982e-09,-1.6243603043243971e-09,6.054394795968875e-09,8.627786402963622e-10,-2.6997799170639055e-09,1.1601251685239282e-09,2.7791735056256164e-09,-1.089415305475739e-08,-2.414520117486746e-08,-6.232054538705839e-09,-6.136551078985788e-09,-1.0097049927532361e-08,-1.2890443210594604e-08,8.238911356621856e-09,-1.1689345714582587e-09,2.3885280784081885e-09,2.8880931318823725e-09,-2.263019166484238e-09,2.5879596455638938e-09,2.1508234385926984e-09,-1.808395124105153e-08,-2.6564743600239303e-09,-6.889719773439424e-09,-6.205541346336334e-09,4.226594435976187e-09,1.5022521013283304e-09,-2.2338637100493688e-09,3.8448244013844963e-10,-2.9341608872305527e-09,-4.1716768363077815e-09,-4.843909700722214e-12,-3.895199312785399e-09,-2.7765999905305274e-09
F8treat_p3,-3.4532614461149926e-09,-3.408004103827739e-09,4.660001935731049e-08,-6.940509814236926e-08,-2.418368611614487e-08,7.667518329296196e-09,-2.1462129166249426e-09,5.200628329936138e-08,6.151393614864151e-09,-1.789736664645884e-08,-6.5970246241052365e-09,3.266421973124668e-08,-1.133864374954173e-07,5.935265330887818e-08,-1.4030045460441955e-08,-8.818505880367268e-10,5.0495706785402224e-08,6.74563423110248e-09,4.297108653789627e-09,9.818812870439581e-09,2.8752079504720583e-08,-1.3540382587693455e-07,2.510480985908402e-08,3.1114259078247874e-08,3.0084478071681685e-09,3.9801162029689675e-08,-2.214627021642242e-08,-2.1831815460000495e-10,2.4936641200781734e-08,2.7165974593564143e-08,-1.355367283643047e-07,2.4307043311803493e-08,-3.736856264354562e-08,2.9862235706968637e-09,7.073879810553013e-08,8.909394634985006e-09,7.407169464835651e-09,1.952045332388916e-08,1.271089359687067e-08,-7.066103276331447e-08,6.777566040458687e-09,3.125787757800533e-08,-1.830274128978412e-08,3.4080300738487364e-08,-2.344437972344202e-09,8.79494077109802e-09,-9.969505202935648e-09,4.357425576514428e-09,4.185777740363791e-09,1.0864928291888754e-09,7.279391515559853e-09,-4.07805101856315e-09,-1.6463761489105463e-09,-7.000351644447745e-09,6.948996044304757e-10,1.1570688159815045e-10,-2.5880590112318173e-09,8.357841428099738e-10,1.2599344425683574e-08,5.723220644963028e-09,4.19719929826516e-09,1.0153809087053316e-08,3.6155695562689007e-10,-1.5402808818055322e-09,-4.460852009325233e-09,-9.845156881440495e-10,-3.802442366964813e-09,-1.2819300486793151e-09,1.5039598340455616e-09,-1.8593360259199422e-09,4.962111471592293e-10,1.4448900712941314e-08,-1.273141993002745e-08,7.759039646431925e-09,1.0490221312726808e-08,-8.53192889022318e-09,1.5090972516070083e-09,-2.6205332359870278e-09,-4.459066899850529e-09,4.742052322212697e-09,-6.734009558852777e-11,-2.9524037501454227e-09,-2.0801607867711373e-09,-1.0586566682761484e-11,5.3738504330273944e-11,1.0856609649064918e-08,1.8613325645939627e-08,8.37763500768275e-09,-1.3234865687602618e-08,-4.32281399294819e-10,-2.4178304558269558e-12,-3.1643214699772623e-09,-7.496592562881733e-09,1.111929748585215e-09,-3.489468834412774e-09,-9.739990921319925e-10,1.382310367597757e-09,-3.296633173840957e-09,-2.3850681738564178e-08,1.9551800760017743e-09,7.658990675686374e-10,-6.314906535507315e-09,7.232468187359066e-09,-7.00620181640609e-09,-6.7353244411994075e-09,-5.108097749553292e-10,-2.255175932864904e-09,7.245632447698143e-10,-4.532411266368367e-09,4.5016723545646824e-10,9.1579683476729e-09,-8.925038996468481e-09,-2.9712334269958e-09,-3.633497841527788e-08,9.525094628860644e-09,2.2205735894493856e-08,2.108137933353964e-08,4.002014742666901e-08,-1.3021913255846606e-08,3.7751239802537886e-10,9.984415222348473e-09,6.457728588857231e-08,-1.1120122106085772e-08,-1.11280502457603e-08,-1.345934339385659e-08,-4.2952876868252624e-09,1.0041812158616817e-07,-2.3331550362612213e-08,-4.178211136664914e-09,-1.23901060821601e-08,-8.053452802482399e-09,5.711744300859364e-08,-5.078771296001424e-09,-7.894930903798056e-09,6.94626814104618e-09,-3.756135509878238e-08,1.341464388084106e-08,9.254107083286464e-09,2.33837639254178e-09,4.900939747795249e-09,8.340911446069009e-09,-1.3156200671157984e-09,2.2913334442863484e-09,-2.9516741673645357e-09,-3.3173417738887534e-09,-1.7425207852313992e-09,-1.6989543954300781e-09,4.102440014712197e-10,-1.389490507342919e-09,-1.117469194070336e-09,2.194392739732217e-08,-4.114265895890083e-09,8.758627938769048e-09,6.372167003887526e-09,-5.260346063222807e-09,5.595412036172385e-09,2.317289933479992e-09,-2.6127397267732198e-09,-2.5948568617934946e-09,1.6515846939393271e-09,2.426914215763912e-09,-2.8655354892055513e-09,6.974666931796323e-10,-3.3605304957657496e-09,1.0446748212823313e-08,-3.109326325413102e-09,-4.979002998733604e-09,6.7449766234282185e-09,-4.917556559151897e-10,4.1127089736528094e-09,2.287598211545607e-09,1.0833583366664817e-09,2.2915782402928653e-10,8.849673039052296e-10,2.3122425240192143e-09,-3.851394674969321e-12
F8treat_p4,2.3508534116449877e-09,7.636703253891496e-09,2.9493874610532093e-08,1.5197462856161539e-07,-1.81378068760987e-07,-8.576229240937936e-08,-2.6179587199626767e-08,2.169845199696699e-08,4.841053796434188e-08,3.858524985748095e-08,-1.5447323055705214e-08,-2.9995795147116464e-08,9.678290886216531e-08,-9.502117486779297e-08,-6.328324278311688e-08,-3.4932644322081325e-08,-1.4200658930441346e-08,3.940911579590122e-08,3.171309192514878e-08,1.245112650377844e-08,1.859748322590377e-08,1.3872219481028303e-07,-1.1075886218934111e-07,8.021961910598731e-09,-7.738172292014799e-08,7.1405532873240344e-09,3.417842209272656e-08,4.7012617906780804e-08,3.032464875439184e-08,-6.135735904997679e-08,1.5515022994030225e-07,-1.5668862856793428e-07,-1.817656806329945e-08,-5.3158133322010717e-08,-2.2254909180127724e-08,-2.6445929304715177e-08,3.7143353444550274e-08,2.551765143928196e-08,-3.3529296207108916e-08,1.6375111674729203e-07,-1.5889221691845083e-07,2.4919714026730797e-08,-4.254455379728814e-08,-2.6605638637930947e-08,2.4254769731904795e-08,-6.4613685061784295e-09,-9.683686315133963e-09,2.7158424013784456e-09,-1.43994540174084e-08,1.6137532138180601e-09,2.959310040093719e-09,-8.456508976514613e-10,3.2050016664273145e-09,9.225449837395053e-09,-5.9864422644582975e-09,-9.127197193079163e-10,6.268586147236515e-10,-2.789838863988099e-09,-8.461249058340958e-09,-2.9512885477741542e-08,1.630755779398233e-08,-4.68664112419067e-09,1.1174803882180094e-08,-7.408182256712494e-09,6.937631027251921e-09,2.9741273655888902e-09,-8.048181492435837e-09,-1.1469138350887276e-08,-6.081207023669934e-10,6.759789822126037e-10,-1.8435249492096481e-09,-2.232301292137453e-08,9.273557226233985e-09,8.190544111051655e-09,-8.754196710864643e-09,-4.765478728761704e-09,5.127152755618554e-09,-1.328993804592347e-08,-6.25702090368702e-09,5.538257659633825e-09,-1.7818661885707677e-09,1.1205688414084776e-09,-1.182936082744284e-09,-6.6397191806190665e-09,-2.6961813746526387e-08,-3.369767489303296e-08,-2.5220290826402193e-08,-9.690179436178903e-09,8.42218786057812e-09,2.7364447165467754e-09,-4.205097561144297e-10,-8.099559842319915e-10,4.164725412062307e-09,-5.167141727877334e-09,-4.423670976797138e-09,-2.3477850519404213e-09,-2.991606768054547e-09,-3.7378721882498965e-08,-3.6930019870043275e-08,3.5084883370823162e-09,-3.192706098557668e-08,4.639111436063485e-09,2.9349134482555758e-09,3.1364037281293367e-09,-2.1201789818221325e-09,9.987186432790386e-09,-8.0774748671148e-09,-1.269670055793404e-09,-4.591241725604997e-09,-4.860735745110396e-09,6.322630995395721e-09,2.9723007298389104e-08,1.898128603098397e-08,2.4001684235474422e-08,-3.776175056848747e-08,-3.518848877572375e-08,-3.57117424142313e-08,-2.828520323630757e-08,1.0327949859151693e-08,1.8999881894265307e-08,-3.1348106372905867e-09,-3.3970786915799544e-09,4.063025268296547e-08,-8.348900359943983e-08,-4.667909835996291e-08,-3.613641735511651e-08,-2.3331550362611303e-08,6.202951579726818e-08,-1.0772482395118156e-08,1.6872179977450178e-08,4.993371557141413e-08,-1.8210596090886338e-07,1.6620619827321599e-07,6.30524611879032e-08,8.083814957272851e-08,4.207609181096961e-08,-1.375709048156134e-09,-3.087175629394384e-08,-1.0748113864820409e-08,1.0112056597735386e-08,-2.78424301308565e-09,1.3867535357225532e-08,6.559642811992788e-09,-3.947293748755122e-09,1.1303500451903748e-08,9.870358829656005e-10,1.2433664691008077e-09,2.8348706092234856e-09,-6.414304873201795e-10,-3.1851558698029186e-09,-1.0664903081241501e-08,7.63626633267489e-09,1.2452230463876409e-08,-2.3324049276972605e-09,1.1417249620566215e-09,5.914606143798182e-09,-9.600239565711938e-09,-1.6618884785225442e-09,6.030586802659151e-10,-2.236534520992516e-09,6.611480959190868e-09,8.47136354181134e-10,-5.032907944009581e-09,3.812135489011981e-08,2.0029998707163033e-08,7.921475984800462e-09,1.3153854338163805e-08,-5.915446920635007e-09,-2.8402473567046868e-09,1.6631656626811418e-09,3.601828497694105e-10,-1.934966300291817e-09,4.073810257600319e-09,-1.4185768048432168e-09,1.355255581390155e-09,3.916225697224952e-09
window_m4,-5.438726332364807e-09,-7.3614556025471e-09,-1.959957065066142e-08,-7.022131559855997e-08,7.176685686081639e-08,4.6390176779451984e-08,6.994787877420569e-10,-2.157312011937969e-08,-8.30545964315147e-09,-1.1112203216455321e-08,6.160915758829188e-09,-5.93974570659651e-09,8.277520215210425e-11,3.026071565157826e-08,4.749305525189564e-08,1.271500253770543e-08,9.1492644039633e-09,6.905416440272618e-09,-2.3107478335466452e-08,-1.6023237656810447e-08,-2.0940329602638915e-08,-3.147688773406726e-08,1.4631464844018666e-08,6.682869298594168e-09,3.894905236619418e-08,5.658719327336977e-09,6.3194176083361196e-09,-3.5127011434789385e-08,-1.3739031599130056e-08,2.4501845718320498e-08,-2.471931744998806e-08,3.179958777870802e-08,2.6982519029648618e-08,3.235607334830032e-08,1.2408359710230292e-08,1.753775696740682e-08,-3.9776939523572316e-08,-1.9606929251310644e-08,-1.3661693996121175e-08,-6.43420583982105e-08,5.673291715704397e-08,-5.730637980725163e-09,1.506985250191835e-08,1.7857901295631785e-08,1.0043104925086047e-08,-5.234677568942627e-09,2.8115250685908783e-09,-8.587428987057407e-10,5.486020594541831e-09,-2.004240374298196e-10,-1.4580780431496618e-09,1.2859416682984523e-09,1.6311673036479577e-09,-2.4403939255649074e-09,-1.2907454124151783e-09,-6.116299070656188e-10,4.2062834784539863e-10,-5.093939876469755e-10,1.6028725818228335e-09,1.537990609596512e-08,-6.349810306186755e-09,-9.901116669054536e-11,-5.784078865750161e-09,1.3953889736975892e-09,-4.60282775799324e-09,-1.3224892521273247e-09,1.4267644312212793e-09,3.8350569687468955e-09,1.696409159810543e-09,2.086669042746547e-09,-2.8045700623168406e-10,2.409933505943169e-09,2.7127970755641954e-09,1.622761075589329e-09,-5.019113966040253e-09,3.006836670899404e-09,-4.019763858302849e-10,6.815158909649182e-09,2.9892340506009824e-09,-2.8797567635633692e-09,1.1788605851891036e-09,1.4964937265171868e-09,1.0393978072424225e-09,1.236183455479104e-09,6.173674811730623e-09,1.22937768726778e-08,6.831091138896712e-09,2.1691990977872125e-09,-6.644096110320779e-09,-2.518987860041987e-09,-8.794518401352024e-10,1.8018844198544642e-09,-2.4357114423653906e-09,-2.2838167391777162e-10,2.577399031880217e-09,2.3697029493548578e-09,-8.880376208474944e-11,9.765793361593868e-09,1.7347475848062455e-08,4.389011060956509e-09,1.1550162642758125e-08,-3.548007912317321e-10,-2.946393933342102e-09,-2.7426272955429623e-09,3.950231448934863e-09,-3.6471880658187505e-09,3.1899865980945574e-09,1.0095615337066676e-09,1.6125244140164792e-09,1.0922555337353639e-09,-2.182773546168386e-08,-2.1501810988370567e-08,-2.7282212437288022e-08,3.6643194850806666e-08,-7.66677989265369e-09,-8.84348428128014e-09,6.661623747512029e-09,1.2418677345194725e-08,-4.720978485257503e-09,-1.4805895254817949e-08,-7.432718668189125e-09,-9.575652478654915e-09,4.586012961677195e-09,8.636797626012863e-09,1.341751582686488e-08,1.3626480736699615e-08,-4.178211136664492e-09,-1.0772482395118157e-08,2.5333191128454585e-08,2.8638794475372096e-10,-2.920853854418103e-09,2.9174011618872222e-08,-6.50517075268331e-08,-2.4517918194511172e-08,-2.773898170708962e-08,-1.1015783983152132e-08,-7.95274474564991e-09,9.820118832257391e-09,3.880429505173498e-09,-1.6087896394508441e-09,-7.052226960178558e-10,-6.7324208627965325e-09,-3.5067522596925025e-09,1.5356085194222173e-09,-1.5939699596012084e-09,-8.316816443290564e-10,-1.2903293212204559e-09,2.442157807278373e-10,2.4402336083611096e-09,1.2824479786833542e-09,-5.15737614469828e-09,-6.320651040297752e-09,-4.51116651125082e-09,4.433597134831436e-09,-9.215065286994268e-10,-2.9263804201314115e-09,2.5855604865025987e-09,3.5327820113272497e-09,-2.1325415228124165e-09,-3.0230605804901866e-09,-1.9997031196963324e-09,-8.840641509818034e-10,7.87284645512967e-10,-1.2533100022243579e-08,-9.735752557017984e-09,-3.5267964464902706e-09,-2.9610378801254254e-09,3.622640779145045e-09,1.8061216411983742e-09,5.79900358895201e-10,-2.0998467924139524e-09,2.4359556894749036e-09,-1.760916435393825e-11,1.5936175424979572e-10,-7.384019739125331e-10,-8.457208491205661e-10
window_m3,4.656849713089394e-09,-8.906070760467204e-09,1.0696034568365764e-08,6.128237545085086e-08,-3.9767046219340184e-08,-2.3107590476703743e-08,2.512549661191562e-08,8.893449468826183e-09,1.750088623299435e-08,2.6839084648276583e-08,-2.557398146584639e-08,-3.002174333398562e-08,7.442816691236233e-08,-8.735652617149092e-09,-1.98159000367356e-08,1.6931618637752705e-08,-1.3615095518850044e-08,1.5162918462668204e-08,1.8651545775474685e-08,-2.1808098745062963e-08,5.748247658932211e-09,6.43559093329893e-08,-1.9298856952865373e-08,3.346488872773587e-08,-8.24113472582509e-09,7.104534973889488e-09,1.8180588940135868e-08,2.075477675037225e-08,-8.585693574319346e-10,-3.1994363342880745e-08,8.190776113221816e-08,-5.181779864934058e-08,2.4110000479087174e-08,-7.583246947689543e-09,1.4611311231768224e-09,-1.6122607019665867e-08,1.5620424871551662e-08,-1.1677775171625852e-08,-1.4063916622998479e-08,4.734908572183838e-08,-9.263336447781894e-08,5.353306164962745e-08,5.798403822153817e-09,-1.8925064181400218e-08,1.3409225557613846e-08,-1.0470181367060332e-08,-1.0575571243252687e-08,-1.2028040154857757e-09,-2.850886640662625e-09,3.9862716853699357e-10,-1.0620710145285405e-09,1.3523620307796901e-09,3.4298677687146495e-09,5.456392530112465e-09,-6.71405453524501e-09,1.1799437900558391e-09,1.477071567914841e-09,-1.2282415449078666e-09,3.322459517193339e-09,-1.5431985827257928e-08,1.0631938658575453e-08,1.422040861116409e-09,3.41824758953893e-09,-3.2967508738759547e-09,1.3336312581278385e-09,2.922626581680332e-09,-5.195421406872867e-09,-5.4300034472410804e-09,1.1522702637238117e-09,1.2201849411181516e-09,-2.016715317641099e-09,-1.891039282333084e-08,-3.864532285013742e-09,1.1740368773996766e-08,3.3824057943989868e-09,-1.0547627689965113e-09,2.7493299479046978e-09,-8.858172015740606e-09,-7.261491609362668e-09,5.586784739649813e-10,-3.1136640906787277e-09,3.073964874915564e-09,-6.005437012873994e-10,-2.7853121414646947e-09,-1.6693125600552143e-08,-2.0117776681811425e-08,-1.0483718743955734e-08,2.1934064400536503e-11,-2.6662109555510655e-09,-5.589957770957153e-09,-3.0980872504310446e-09,1.4870889687975423e-09,1.8368848319342938e-09,-3.470477765874545e-09,-6.270028332692109e-10,-6.594095321008272e-10,-2.1060935213900233e-09,-3.0899326222131064e-09,-2.381267417036379e-08,1.2888938014810587e-08,-9.185336232803014e-09,4.543380097249206e-09,1.5456456246364936e-09,-2.2064030814072185e-10,-2.756298008408948e-09,5.0222597373244236e-09,-5.028672213722338e-09,1.8916460582530094e-09,-1.8383553053553178e-09,-3.1319824714049193e-09,-3.780511479372807e-09,-9.898612340650997e-09,2.5579605534491383e-08,6.484563824084903e-09,5.164709072489261e-09,-2.4513931247910895e-08,1.6493175137885285e-09,-1.942879910529638e-08,8.902207496289805e-09,1.2298598578788089e-08,-1.2473992635178061e-08,8.790284674437031e-09,5.861959079844227e-08,-4.643565757508227e-08,-7.097077707760216e-09,5.905504289248876e-09,-1.2390106082160658e-08,1.6872179977450036e-08,2.8638794475352745e-10,3.421710130890532e-08,1.0354527463562675e-08,-7.889204826322637e-08,7.927726348665508e-08,1.1355036928718404e-08,1.3257005552264864e-08,1.8361299509683098e-08,-1.6558626284274482e-09,-1.931426621557893e-08,-1.5410221538497234e-08,1.2650367298233669e-08,-2.8728801520907463e-09,6.044829908118196e-09,3.144919272368839e-09,-1.911292007138148e-09,4.778467257358056e-09,1.1286316567815308e-09,-1.1036186670248832e-09,3.5135452689442884e-09,1.1350066859510398e-09,-2.0066908828663763e-10,-1.7615629752140314e-08,-7.042743927048913e-09,1.3048266277992914e-08,1.1390021523495052e-09,3.6278211851595485e-10,-1.6365865034687057e-09,-3.4887652407666393e-09,-9.753774509663281e-10,5.277113616871298e-11,-2.577779461241207e-09,5.2616658831966196e-09,-2.637101444142507e-11,-2.346122554801627e-09,1.7275787324614462e-08,1.358726454716266e-08,-2.9651443681271566e-09,2.8113591668572186e-09,-3.5875761575205096e-09,7.909501052249948e-11,2.5410481795292583e-09,8.371063299264678e-10,-1.4921891888472497e-10,3.957672065371324e-09,-2.4642829176551033e-09,-9.870171838246311e-11,1.3014386796277095e-09
window_m2,-1.0493274235176505e-09,1.8006423478801057e-09,-7.459458885058403e-09,2.39766160205234e-07,-1.1298185268735665e-07,-6.554675416506326e-08,-4.9659792827713505e-08,1.695954251357239e-08,6.108237458664427e-08,4.8315351741992784e-08,-1.3485965439305483e-08,-9.932081065782378e-08,1.824500746611566e-07,-7.247681366369594e-08,-6.295421095061337e-08,-4.4777849905754036e-08,1.0557109645380205e-08,6.730804272911131e-08,5.047821228040052e-08,8.518116187247553e-09,-3.3548107064658917e-08,2.4615241176928334e-07,-7.712123117490698e-08,-5.6015048175111586e-08,-8.914377510965622e-08,7.866241791903231e-10,1.8088329552406362e-08,5.222938620096763e-08,5.0046191346469015e-08,-1.0466304282799721e-07,2.417241499842201e-07,-1.833874658744401e-07,-3.81628418194613e-08,-5.422736265104596e-08,-9.945669419839696e-09,9.215437033336215e-09,4.027626390486914e-08,6.383389512698294e-08,-1.1152464663507485e-07,2.35949549357452e-07,-9.362743067323524e-08,-5.081490400350723e-09,-8.254313963319294e-08,-3.1824151171589327e-08,2.3579550202867242e-08,-4.788459255089645e-09,-4.0894753343074496e-10,-6.1478347364020525e-09,-6.735077615226125e-09,9.240806694302295e-09,5.451945216078143e-09,-2.6029792147449735e-11,6.723547572210718e-09,4.826682641884699e-09,-7.459511474494854e-09,-7.017628165495554e-10,1.378531461024039e-09,-4.619621831426823e-09,-2.2794724237095214e-08,-1.5619260073232466e-08,1.5416151631315674e-08,-4.1300339353263284e-09,1.0834658714033395e-08,-7.379619338545663e-09,1.6771982121074284e-09,3.92068611211329e-09,-4.795450279653694e-09,-1.0641601318351677e-08,-6.032832326220894e-10,4.36494377556197e-10,-2.7826250645296384e-09,-1.7449284672864396e-08,2.4574420253945683e-08,1.1915209819427994e-09,-1.1176703826489486e-08,-5.343623699760818e-09,1.0169246844245551e-08,-6.594296246461546e-09,-1.1669734325868243e-09,5.990429511139218e-09,-2.8906538121253223e-09,1.1052311721715497e-09,1.2857140810344531e-09,-6.523787196675345e-09,-6.343955592718812e-09,-3.1928088614971636e-08,-2.3830147677302586e-08,-4.754121686359512e-09,6.748822377792813e-09,4.315748460132816e-09,-5.365503462825158e-09,1.4437625092600744e-10,-1.0040638500820697e-09,-5.437476485369477e-09,-4.129981987231637e-09,-1.3216933347526677e-09,-2.8612357037045542e-09,-4.5553461498830106e-08,-3.5990987836229175e-08,-9.599352600721799e-10,-2.1152608423472605e-08,9.942296805350433e-09,8.536442124264468e-09,1.520086780519416e-09,7.443110722661534e-09,1.1586488506926672e-08,-7.703796196693567e-09,-3.073168516139335e-09,-4.358149227149951e-09,-3.827795210459226e-09,1.0295189319288207e-08,2.0679912281762885e-08,-7.156577872453545e-08,1.3720776760776114e-07,-6.169445613346464e-08,-5.619093627066776e-08,-3.7293990898335244e-08,1.0706462681635123e-08,1.3130359723787168e-08,1.2295740608841058e-08,4.857927456556608e-10,-7.403256195759482e-08,1.0870916662644866e-07,-5.2239763007653205e-08,-8.15872355900374e-08,-3.99810799859249e-08,-8.053452802481942e-09,4.993371557141465e-08,-2.920853854418545e-09,1.0354527463561882e-08,1.6604222880920385e-07,-2.751290467983596e-07,8.585974543435184e-08,5.748391114185489e-08,7.68971064236422e-08,2.062126027816269e-08,-1.2302188611464816e-08,-2.3705723508695045e-08,1.2473478060456069e-08,1.4095453360674843e-08,-2.6611776851907938e-09,1.688923500633073e-08,1.00725869247414e-08,-4.678056312544303e-09,1.0006584299120844e-08,1.194410564898046e-09,1.3076454216554215e-09,3.949758441225899e-09,3.43950765199284e-10,-3.0313291865396384e-09,-5.924570642957953e-09,2.554255067794086e-08,9.238137254304355e-09,9.68058729535132e-09,9.114684176322874e-09,1.027662535064859e-08,-8.769970105265984e-09,6.3137526477792914e-09,-5.783047591857864e-09,-3.442144753723241e-09,4.574568280641418e-09,-1.0729151366802088e-09,-5.113603819544627e-09,2.7738939644883755e-08,4.050758377230293e-09,2.564671774122768e-09,6.163327965565897e-09,-8.319868323457149e-09,-6.440954668344106e-09,2.2440974466213e-09,-3.021786368085675e-09,2.466114542296311e-09,4.432402227129542e-09,-8.387433735160167e-10,1.4345123170331505e-09,3.806256722601794e-09
window_m1,-2.5839195480556705e-08,-3.578352003933461e-08,-1.3696794048964199e-07,-9.266050394878653e-07,8.637789588110819e-07,4.562481230766986e-07,1.3629265730863082e-07,-8.033312603686016e-08,-1.6405345846911833e-07,-2.1047045770801694e-07,5.472173297980443e-08,2.239309817527345e-07,-6.885612230115034e-07,4.3402053152346793e-07,3.8563370082274605e-07,1.4776259160093088e-07,8.711841647699697e-08,-1.8937093197598633e-07,-1.7783683116128715e-07,-4.1683832623857365e-08,-1.4988557093466644e-07,-9.317247797984514e-07,5.507510403215559e-07,1.969144855867845e-07,3.199072233460405e-07,-2.2026634152735924e-08,-1.1872436242063548e-07,-2.1424595324940153e-07,-1.6910400068743003e-07,2.0099994706508814e-07,-8.969070507656229e-07,9.759429025021868e-07,1.274813046871692e-07,2.6145495828660465e-07,6.015640277680211e-08,1.0742337884514043e-07,-1.6543072080528805e-07,-1.766354594075048e-07,1.2473009797060837e-07,-1.0119161224754729e-06,9.057892941628663e-07,-5.712435158114942e-08,2.976277371525688e-07,1.185363638925066e-07,-8.146301326702362e-08,7.089364374428407e-08,7.495284070813876e-08,-2.8253214335603973e-08,3.6071232543463605e-08,-1.8212654373516094e-08,-2.685745948132038e-08,1.7726812499643294e-09,-1.042534360857002e-08,-2.4634109539048008e-08,2.925633266598199e-08,2.333196637445804e-09,-3.6140857654198036e-09,1.4336988511553188e-08,3.376349752907674e-08,1.395948052664628e-07,-9.001079104495349e-08,-5.666001945092075e-10,-4.5876697112353223e-08,3.3251573055773703e-08,-2.299133372605001e-08,-1.6881306368865368e-08,3.628163841706321e-08,4.179061813786045e-08,2.011558607230563e-09,-4.1464401790979556e-11,1.2014598209734795e-08,1.105267394921299e-07,-1.3213793944520876e-08,-5.300170738734891e-08,2.4058869875009448e-08,3.161488059914074e-08,-2.8363918740872093e-08,6.084537830607883e-08,4.611587775693888e-08,-9.208471016670116e-09,1.662882777459722e-08,-6.9551506969944195e-09,4.222282902062945e-09,3.059618241827192e-08,1.274219848571246e-07,1.1462343401140737e-07,9.466366744365164e-08,2.118749429761747e-08,-1.8459812340271906e-08,-2.308301793831294e-09,9.423675137595214e-09,7.76108728344565e-09,-6.025899164890933e-09,1.6519861249655047e-08,2.298255704355801e-08,1.2945088252528566e-08,1.7671683395290046e-08,1.388147289271652e-07,1.9792008545630264e-07,-2.6631393894452947e-08,1.043142312202404e-07,-3.842122314920845e-08,-4.23656059757047e-08,-4.404540743311963e-09,1.564524952590357e-08,-4.077704299340719e-08,3.493299425841101e-08,5.181587317281004e-09,2.1154281707025782e-08,1.9850977133842045e-08,-3.1486213301463096e-08,-1.2146932281701197e-07,2.5297178326044153e-09,-2.522876975433184e-07,4.2353774110983217e-07,2.529407810301394e-07,9.81155421303048e-08,5.263635915991066e-08,-3.084591558345706e-08,-9.873066497515566e-08,-1.1032115288404782e-08,4.8320437217942155e-08,-4.675932449897907e-07,5.710782161231116e-07,2.2045120298580655e-07,7.930911700556518e-08,5.711744300859052e-08,-1.821059609088643e-07,2.9174011618872732e-08,-7.889204826322476e-08,-2.7512904679835903e-07,1.1551174556862238e-06,-8.864521155257231e-07,-3.3191426952055144e-07,-3.6863233929335874e-07,-1.7015592911362718e-07,-2.579772576402137e-08,1.0800644139352525e-07,3.103216219282073e-08,-9.593968202061942e-08,-2.687168262727352e-09,-5.955868840405538e-08,-4.697083015234454e-08,1.1196411397295877e-08,-4.934192540800577e-08,-8.692455942052862e-09,-7.294541985080823e-09,-1.2455863029441115e-08,3.50961351900982e-09,1.239209283906788e-08,1.175438451755668e-07,-1.144643699565166e-08,-9.745090808021646e-08,-2.1952012795641715e-08,-3.0685245352162317e-09,-4.065017241520711e-08,4.930296272738542e-08,1.0023389947354995e-08,1.9306073859020453e-08,1.1737491191744404e-08,-3.792872874572388e-08,-2.5394953238471513e-09,2.3563172560592036e-08,-1.675923514685295e-07,-1.0202290145077713e-07,-1.1113941117001848e-08,-3.747163469042592e-08,2.686896845824036e-08,2.1900419218020625e-08,-1.467041793044347e-08,-8.055099706333494e-09,-3.523353178456031e-09,-2.0055997537261084e-08,6.925562715641976e-09,-6.716502056164709e-09,-1.7269724265086928e-08
window_p0,9.242093725783472e-09,3.572125137919704e-08,3.117144455300786e-07,6.644161947760614e-07,-1.211802068809742e-06,-5.164364645398532e-07,-7.887053861049288e-08,1.863851079250294e-07,1.294314120358634e-07,1.837742327955029e-07,-9.545484785973674e-08,-9.281435803932777e-08,3.113638775101433e-07,-4.4055052101770293e-07,-3.273607729261635e-07,-5.852749574430448e-08,-1.0236776366388173e-07,1.6352744167114318e-07,1.749918889814236e-07,8.457372829668633e-08,2.6082474897780535e-07,6.396172854751733e-07,-6.984988137150351e-07,1.5861918519313691e-07,-2.8931725381359827e-07,4.2915222866756025e-08,1.2054356519641766e-07,2.6022014108740604e-07,2.019849724242993e-07,-2.76057436585468e-07,6.649602327470715e-07,-1.0164129745296929e-06,-2.1955954978301038e-08,-2.5269965139256344e-07,-4.208252651266635e-08,-1.706215305359058e-07,2.0891163895470743e-07,1.6310688724054337e-07,-6.704549354228995e-08,9.927262941677592e-07,-1.3153571348908174e-06,2.794003234311488e-07,-2.2805443401701874e-07,-1.0461979853622723e-07,8.25010485767221e-08,-9.491605385625114e-08,-1.1005528437584645e-07,3.9519012333482134e-08,-3.556866393039374e-08,8.618434412414018e-09,4.0441790799025606e-08,-1.8100835647773054e-08,7.60234919790918e-09,3.481092741739538e-08,-2.0556899518167132e-08,8.062451754566753e-10,1.7484480435959595e-09,-5.500363760833293e-09,5.7647407869433283e-08,-2.017844774385346e-07,1.0157800053201791e-07,3.308779174896202e-08,4.817046768255346e-08,-3.728952780239341e-08,2.4152605504672525e-08,2.8671667119958566e-08,-5.236428637262576e-08,-4.166836751036197e-08,-3.3988565577294934e-09,1.1461949663197975e-09,-6.424091414623212e-09,-1.1580044066232228e-07,-2.8200591761506486e-08,9.007545064710858e-08,1.0305111411959797e-08,-5.327251523712733e-08,3.50654265689116e-08,-1.035386022966416e-07,-7.469768149104225e-08,1.576619900565892e-08,-1.3552918072000134e-08,5.887009891508897e-09,-8.575703781056239e-09,-3.023800127106725e-08,-1.7352704095958507e-07,-1.1800772291844382e-07,-8.710629819539558e-08,1.1333787097249792e-08,6.1244867226080336e-09,7.571949490014701e-10,-5.232192060331073e-09,-6.902744194462536e-09,1.060848051863833e-08,-1.3291783128259151e-08,-3.1649143208171824e-08,-1.582510511815294e-08,-1.660284068533987e-08,-1.3390049203366997e-07,-2.5080485371743275e-07,4.5649051491893996e-08,-1.2118038600924108e-07,4.69158465903741e-08,6.379163722457468e-08,-1.2356867428060612e-08,-3.422787435052011e-08,5.074852000007432e-08,-4.060990369009859e-08,-2.2175960384205327e-10,-3.320529180447989e-08,-1.7340391518452844e-08,4.4617497956591754e-08,9.947728249889444e-08,2.4862223508993395e-07,-1.8461201310664066e-07,-4.345992088296786e-07,-1.8928971877927966e-07,-1.3918683705524244e-07,-2.0588649015915386e-07,8.391616758503735e-09,1.3603938963569817e-07,4.4141302470625536e-08,2.485425039646354e-07,2.415547467600486e-07,-8.460598825851121e-07,-1.6157015661136278e-07,-5.5991632695030064e-08,-5.078771296002356e-09,1.66206198273214e-07,-6.505170752683407e-08,7.927726348665719e-08,8.585974543435236e-08,-8.864521155257236e-07,1.377426249134976e-06,3.5869530714283175e-07,4.2629562161230656e-07,2.3880902631600456e-07,7.705382192363495e-08,-1.5395738838007614e-07,-1.0619987732983817e-07,9.472256824949369e-08,1.9829759271471597e-08,5.974088050713788e-08,6.159194404199202e-08,-1.4786837805881603e-08,6.872392582443803e-08,1.2972548331337825e-08,6.784951306757618e-09,9.522207139459689e-09,-1.0927520885490713e-08,-1.1872610686104514e-08,-1.5075283123893555e-07,-6.047087162975029e-08,1.1876551331724667e-07,4.107178558226423e-09,-3.1622394890222816e-08,3.179842306454202e-08,-5.881678800107453e-08,-3.054700741500287e-08,-1.1027606555061256e-08,-2.5119577224965252e-09,5.881574454274568e-08,3.937278829445602e-09,-2.1599922043174493e-08,2.1882004196797423e-07,1.639643658924178e-07,1.735918490853498e-08,3.3655898935308274e-08,-2.045416823789767e-08,-2.419468573126626e-08,2.69775530192765e-08,1.3200536352785424e-08,-8.904836246764974e-09,1.8211573962727527e-08,-1.0528552429808083e-08,9.138503310833631e-09,1.4875796769325921e-08
window_p1,4.546729846811665e-09,9.481196007993626e-09,6.826992463399393e-08,2.6586474507528755e-07,-3.837287695755644e-07,-1.9496558888300603e-07,-5.9270257490690534e-08,5.011004406836688e-08,5.116879302464774e-08,6.446713758742076e-08,-1.2359076399527206e-08,-3.474057268026916e-08,1.4967761398357646e-07,-1.6281858753194099e-07,-1.8082483488735133e-07,-4.962378604969735e-08,-3.553150355495524e-08,5.1497475781014296e-08,5.355049920840531e-08,3.385953148920264e-08,8.79531058607008e-08,2.665078746287659e-07,-2.5348161960177473e-07,-8.99127442975231e-08,-1.0542818865017344e-07,4.533137296301821e-09,3.9586358295249946e-08,7.609473567853258e-08,6.533997704500827e-08,-5.5790809538041186e-08,2.3053286630116763e-07,-3.481941775002275e-07,-9.042692011033791e-08,-1.1292052269415848e-07,-3.341390992135772e-08,-4.6990519649140596e-08,7.083207483306864e-08,6.748353323959898e-08,-1.8476710236938472e-08,3.4922462305837316e-07,-3.581181391633735e-07,7.987616079950969e-09,-1.0523999584143258e-07,-3.000330395317441e-08,3.488089171947327e-08,-2.074164094766472e-08,-2.2788267346599583e-08,1.4612696391547214e-08,-1.0510826533720827e-08,3.032527904699735e-09,8.975638063131024e-09,-2.7677013952087254e-09,-2.0367190111326414e-09,1.037955413845919e-08,-2.704072876796174e-09,-3.2691884857808313e-09,-1.2496772571320798e-09,-3.20197816638999e-09,-5.360247756973185e-09,-5.8643057784067985e-08,1.8360000346713945e-08,5.782181769901653e-10,1.2013853397198322e-08,-1.5359372289129348e-08,1.1247689980394563e-08,7.742389236391193e-09,-1.1912878418373159e-08,-1.4293921759439843e-08,-2.7847868605702702e-09,-3.154375290307048e-09,-1.7071007582560023e-09,-3.581809107111957e-08,-3.7060189414062904e-10,1.5329680172066656e-08,-5.164017546662714e-09,-1.7910329291888565e-08,7.442551991555667e-09,-2.3058927077845062e-08,-1.4990979849554245e-08,2.9187402937975238e-09,-2.444710704773729e-09,-1.7999192933537842e-09,-4.307723445772602e-09,-1.0740036458665312e-08,-5.510230138870084e-08,-2.637958387664488e-08,-3.364652120646162e-08,-8.845625407643035e-09,9.784883184526831e-09,5.15418077214158e-09,2.700778302054942e-09,-4.838067918671266e-09,6.515676432270774e-09,-4.2238157960039065e-09,-1.1748911959374172e-08,-8.548048806023204e-09,-4.736503435382517e-09,-5.1855157088052566e-08,-6.942418363527072e-08,-1.1346826419462282e-09,-3.928112742584598e-08,2.3584196586203367e-09,1.567857970153264e-08,2.242923564255094e-09,-1.179313534357081e-08,1.4129338281434704e-08,-1.1194791542373101e-08,-3.061377215611371e-09,-7.0497874690626e-09,-5.13311939705872e-09,2.038109822828395e-08,4.6540865198491305e-08,3.279076340877819e-08,4.821336972726388e-08,-1.5293140955731905e-07,-8.577264755776854e-08,-2.5590536619777192e-08,-4.0180335899846614e-08,4.6184595126817455e-09,3.581668299512042e-08,1.685346471805159e-08,4.8449823509192976e-08,5.3976592123599024e-08,-2.2106427756437763e-07,-9.153779937987879e-08,-1.9905548620166016e-08,-7.894930903797866e-09,6.305246118790306e-08,-2.4517918194511123e-08,1.1355036928717515e-08,5.748391114185306e-08,-3.319142695205511e-07,3.586953071428354e-07,1.7241015726030506e-07,1.484623215959321e-07,7.237783995381527e-08,2.1251421640320547e-08,-4.777731981035605e-08,-1.3430222197688604e-08,2.137149061440057e-08,5.285788593811898e-09,2.031698081516538e-08,1.9663667283356916e-08,-3.0953912779318374e-09,1.9208968847107433e-08,3.2175344204746958e-09,5.4220884104726895e-09,1.2994899668707202e-09,-5.196232719788591e-09,-5.7975705299597485e-09,-3.643243627954795e-08,5.502869329637367e-09,3.816568773257004e-08,2.7901698176860926e-09,-3.384523941283673e-09,1.485784463434768e-08,-1.7422680574155407e-08,-1.027687214216517e-08,-6.998801651860876e-10,2.5750256553596836e-10,1.286001110711616e-08,3.185405502361961e-10,-7.610114690015751e-09,6.909576736266512e-08,4.092103704391437e-08,1.166747382364457e-08,1.4155855399891704e-08,-5.532606763029335e-09,-8.862623079835476e-09,2.8565563549926537e-09,4.574826655181984e-09,-1.996052557850872e-09,4.216877555814654e-09,3.019984136030086e-11,4.309580596980675e-09,6.0844066346561246e-09
window_p2,6.85353833694114e-09,1.8068505482846564e-08,1.253665425620985e-07,2.929423061410349e-07,-4.5350256439985346e-07,-1.8623830585141324e-07,-9.968442660181468e-08,8.65825075219416e-08,7.640643957537073e-08,7.499918544892998e-08,-1.4274527570778186e-08,2.512863718617805e-09,1.1586048036425004e-07,-2.091035538624629e-07,-1.3544227458217894e-07,-9.744629429370568e-08,-3.3001506062046243e-08,7.111597281282379e-08,8.056280787622039e-08,5.0762158545444443e-08,1.1438510198306646e-07,2.4919436744765584e-07,-2.606997235566836e-07,4.5085667547015933e-10,-1.8430189416692753e-07,2.436951019610743e-08,3.5418901297168995e-08,9.930906634863394e-08,9.214178171781076e-08,-4.1065774857399326e-08,2.3513225974327933e-07,-4.178604314429729e-07,-6.10229569964686e-08,-1.4901761447250128e-07,-2.5004288762901287e-08,-6.52061432615192e-08,9.16985473278246e-08,9.34346191409403e-08,-1.1750415604810202e-09,3.761563070009536e-07,-4.1930626730451536e-07,5.3783557979213367e-08,-1.4941971736914895e-07,-2.644802342850282e-08,2.486633497666694e-08,-2.1610359789324872e-08,-2.26403875470177e-08,8.261020465907768e-09,-2.0085894239020897e-08,1.1127799541969848e-08,1.2231898749430537e-08,-7.517857375337839e-09,1.6797794874384878e-09,8.686071904109283e-09,-7.068977942714076e-09,-2.6218251874427448e-09,-1.8832761726835743e-09,-3.465909362085149e-09,-1.1307710350255206e-08,-5.7520082905444764e-08,3.246942337529425e-08,3.736514102159294e-09,2.1439489318223943e-08,-1.8196946746544323e-08,1.1752136909307887e-08,7.68560833260968e-09,-1.7987578346989687e-08,-1.6890386324506764e-08,-2.23313020592066e-09,-3.2925499476414774e-09,-2.185391372641066e-09,-4.487206561667364e-08,4.771712748565722e-10,2.1686322863209784e-08,-5.5198735052056546e-09,-1.664672652229675e-08,1.2811262406178831e-08,-3.1181752354059753e-08,-1.781504254756842e-08,9.634950683423669e-09,-3.0517856423128386e-09,-2.4700622263925014e-09,-5.309996031320268e-09,-1.2124797576549628e-08,-7.445397068303473e-08,-3.801314903271061e-08,-3.3672313783919486e-08,-1.2383165014103165e-08,1.113414024070276e-08,8.669873221058176e-09,-1.0824503861263124e-09,-3.880378175241272e-09,1.6916833838098825e-09,-6.2716029929190625e-09,-1.4404857173619657e-08,-9.661183818399943e-09,-4.671776709739404e-09,-8.777125507637115e-08,-9.179982516602873e-08,5.053116788027139e-09,-5.3879837440471626e-08,1.7384827067061052e-08,1.941993186232429e-08,2.55704886183833e-10,-1.113890743969622e-08,1.916146490836186e-08,-1.956904114798692e-08,-5.397604133144001e-09,-1.4598851254507278e-08,-7.220829993634532e-09,2.816658857379747e-08,6.823019023513542e-08,6.597246325684402e-08,-1.430171781759855e-08,-1.4613577506526903e-07,-5.52886767592104e-08,-7.395770695447246e-08,-4.1505227142473956e-08,5.8169928615679756e-09,4.823305378886698e-08,2.0125750574323064e-08,6.338158005567954e-08,4.435810884324593e-08,-2.1379475545279565e-07,-9.976282193920565e-08,-9.033926680947681e-08,6.946268141047276e-09,8.083814957272793e-08,-2.7738981707090073e-08,1.3257005552263977e-08,7.68971064236452e-08,-3.6863233929336123e-07,4.2629562161230005e-07,1.4846232159593188e-07,2.1418871449273183e-07,7.588743759493202e-08,2.358670648833369e-08,-5.3462533080217554e-08,-1.0662094282740456e-08,2.5753402586213776e-08,1.1777943261697947e-08,2.6886892959629027e-08,1.5846801459771038e-08,-9.456660703187297e-09,2.1115455361278567e-08,1.166892505673534e-09,2.5111025263049557e-09,2.7964864669662025e-09,-4.943407194169915e-09,-6.290029018957483e-09,-3.660423176206795e-08,1.1769359927479115e-08,3.4942175915006013e-08,4.448811098999238e-09,1.7135267919259337e-09,2.082139713327566e-08,-2.2577947539712055e-08,-7.691735525991747e-09,-5.353642219870079e-09,-1.9124841737997763e-09,1.6554152348457356e-08,-5.615643380636548e-10,-8.26195198604069e-09,8.20668767451713e-08,4.3591255894861604e-08,1.4337795105891864e-08,1.9648299034709687e-08,-9.820379919962719e-09,-8.789518619910433e-09,8.681429180896429e-09,4.524113127376192e-09,-4.47793360922745e-10,7.147121289371386e-09,-4.72568370012031e-10,6.069329656338053e-09,6.733936003492806e-09
window_p3,5.574428320788486e-09,9.151342208236846e-09,2.660926187980231e-08,1.3581175169009245e-07,-2.0185880035322356e-07,-1.0063894372665335e-07,-9.725733599809002e-09,6.913441153430126e-10,2.3654411127988498e-08,4.227241626460984e-08,-2.3045409954095543e-08,-4.9234123948368236e-08,1.1654792198257517e-07,-9.574511956341096e-08,-5.6793437813671464e-08,2.579709775446782e-09,-3.839037327915825e-08,2.764521809245044e-08,3.637187870212363e-08,1.12689330483128e-08,2.622415346220119e-08,1.5911720688746314e-07,-1.2909117289038144e-07,3.048182140370108e-08,-6.025731164072844e-08,-1.8143109291120195e-08,2.6882916454419537e-08,5.2041066129718196e-08,3.0525918011648336e-08,-6.655888416843683e-08,1.5041587313158416e-07,-1.5698038459647362e-07,1.1460559552555707e-08,-4.443410588882926e-08,-3.5021409448649755e-08,-3.952236476266305e-08,4.0296864959732636e-08,2.5573491403764292e-08,-2.7242937296984155e-08,1.827477193290066e-07,-2.1663651160847928e-07,5.37674137303701e-08,-3.318492520730145e-08,-4.848024661894623e-08,1.713472795591497e-08,-1.7667356118251553e-08,-1.3925034176926505e-08,1.2488436839822314e-09,-1.0298141024909458e-08,2.9201991321595274e-09,3.6680454831077884e-09,-2.377632098322069e-09,2.42400901159156e-09,1.1687243075179353e-08,-4.7333291823794896e-09,-7.070016650818249e-10,1.6194196580429098e-09,-1.4631593532167515e-09,7.514718964310829e-09,-3.447453772685039e-08,1.4288084181850192e-08,-1.221227199543408e-09,8.13129278515215e-09,-5.954071413133638e-09,6.490245996409603e-09,6.371361665329219e-09,-7.497433888918571e-09,-8.398596717286685e-09,-1.2095412806941564e-09,1.1001479753838732e-09,-1.2856511249793111e-09,-2.227685667722069e-08,1.770518100665527e-09,6.363907724332471e-09,-5.6913232747870154e-09,-6.3181895363755e-09,4.60508712545504e-09,-1.7440431579971805e-08,-1.3365449915046123e-08,2.7303884347166926e-09,-2.6781085634583873e-09,1.7978209671590789e-09,-2.4855006031210827e-10,-5.732420535641553e-09,-2.980832427810602e-08,-3.044223500222076e-08,-2.5685403369954826e-08,-3.056600101786797e-09,3.982380473738545e-09,-1.213984263329059e-09,-1.0808520357114991e-09,4.57340022962661e-10,6.245407690830158e-09,-4.0670874827286995e-09,-4.974292165424725e-09,-2.2939875530862306e-09,-3.7499035662541135e-09,-1.9152963544636412e-08,-3.679954363826193e-08,4.659857051104373e-09,-2.6276581715064162e-08,1.1146480968367112e-08,6.426360595500452e-09,-8.966950875165011e-10,-2.91741168163544e-09,1.0346903442817061e-08,-7.039666875337386e-09,-1.4555350353839205e-10,-4.032667986660974e-09,-3.690692499561024e-09,3.199707218619111e-09,1.774380722855068e-08,4.689102079901892e-08,-3.1258965365140354e-08,-5.986261734280413e-08,-5.1281671982801635e-08,-3.724581737497929e-08,-6.057065703381144e-08,1.0498697614235512e-08,2.1994663428681784e-08,-7.999783938439945e-12,3.6240856406441264e-09,4.486155974116019e-08,-1.581406845969138e-07,-2.9903554075108064e-08,-5.22959691752366e-09,-3.756135509878183e-08,4.207609181097071e-08,-1.1015783983151825e-08,1.8361299509682807e-08,2.062126027816264e-08,-1.7015592911362893e-07,2.388090263160026e-07,7.237783995381658e-08,7.588743759493137e-08,6.900291578234302e-08,1.1271065903546558e-08,-3.003883658152584e-08,-1.85144311578417e-08,1.6613062982969967e-08,-9.452366031778545e-10,1.5436235118676382e-08,1.0637633518826227e-08,-1.5044224791616598e-09,1.374320429002276e-08,3.6254942699495104e-09,5.232682569513239e-10,1.5577359432637577e-09,-5.305567832097502e-10,-9.70036852850764e-10,-3.0582295372876166e-08,-9.147320119335355e-09,1.5565558910666278e-08,-3.0158846535615853e-09,-4.4373537073659306e-09,1.7288187641528054e-09,-1.1116810266061845e-08,-2.9981405648950305e-09,1.1473860743518021e-09,-2.2641947665966966e-09,8.882028037447105e-09,1.96043326985543e-09,-4.489821399254512e-09,3.9766516640712324e-08,2.7053297973703025e-08,7.118123784440664e-09,1.0607343404627049e-08,-6.125801517426429e-09,-2.293989305958169e-09,3.748605147322169e-09,1.2242113225862947e-09,-3.0249990984722077e-09,3.5593672234240293e-09,-2.0321305331843155e-09,6.278286484307857e-10,2.66600761390716e-09
window_p4,8.521308141010966e-10,4.189812399494782e-09,2.267512354048981e-08,2.851012496234023e-08,-8.530832589715928e-08,-3.867525389990396e-08,-3.758366178085302e-09,9.568924562720562e-09,-7.429169871148309e-09,3.5139742132490165e-09,-1.465425796433742e-09,5.592543421599973e-09,-2.581522172403542e-09,-2.0320769664298244e-08,-3.019703891005719e-08,-3.0714281840173104e-09,-4.3045075752767284e-09,-9.586927341525178e-09,6.077170889916917e-09,1.0738601028647465e-08,1.9890571470669506e-08,7.199480216407021e-09,-4.2201013651432164e-08,-1.4285831545172129e-09,-9.39732783724201e-09,1.1507762365206573e-09,-6.045044430559376e-09,1.0451458310406342e-08,9.802762414637833e-09,-2.6973842437950454e-09,-3.607977202993671e-09,-4.401757825203548e-08,-1.0905603928978317e-08,-1.1299112308327682e-08,3.5631296351984266e-09,-1.559235748704172e-08,1.3769130882742793e-08,9.056557637445602e-09,1.1548519208148313e-08,3.280861528263724e-08,-7.531957780779641e-08,1.7659187063762535e-08,-1.1335879416519713e-08,-2.5551324640558814e-09,-6.360912494627042e-09,-3.499520665894484e-09,-1.0758654549531679e-08,3.662898857688219e-09,-8.529690576019806e-10,-1.2977109372869662e-09,3.676741489624091e-09,-2.368266896054259e-09,-1.8113069356163957e-09,-8.226688968596193e-10,5.925724568195745e-10,-2.6697126499481845e-10,-1.1913636669630367e-09,4.0950584157146847e-10,6.764780467211622e-09,-1.3900904688469366e-08,6.052845779326326e-09,3.891266295213464e-09,2.0090222560376095e-09,-1.1321687432859251e-09,1.821134361042674e-09,5.647302740028096e-10,-2.5738307223759943e-09,-7.395146121562513e-10,-6.986549868366309e-10,-1.2594818102948343e-09,3.098452983901992e-10,1.4665275818527748e-09,-8.466600792417367e-09,1.961558087628486e-09,3.3518017847662466e-09,-5.144095431474029e-09,-5.655018638575941e-10,-5.950151665531775e-09,-4.761429211235597e-09,1.5596484939473506e-10,-8.420519814816783e-10,-1.2608598350511544e-09,-1.5978210172159979e-09,-1.1388523214021494e-09,-7.82505557222262e-09,-3.691183612579105e-09,-1.6919417794010827e-09,2.4644134930734456e-09,-9.982616858070665e-10,-1.5543591193380379e-10,1.0043891735704475e-09,-1.7788563344910547e-09,-4.2179595021511285e-10,6.832889037711693e-10,-2.1547418299515066e-09,-1.3026115780860272e-09,-4.615193238923715e-10,-1.4429987233604497e-09,-1.6481573896309017e-08,-1.2983202477026558e-09,-4.024041094559234e-09,-1.4562788472940758e-09,4.452317593055481e-09,-1.5338200706771661e-09,-4.280311961821543e-09,3.096935134549677e-10,-1.2784836863020008e-09,-3.4150662632038995e-10,-2.0629382843995827e-09,-1.4875294186721348e-10,7.885269911631277e-09,8.344213697443526e-09,1.6398887371083282e-08,-3.0132728106582985e-08,-1.8639963274925853e-08,-3.2882477793987153e-10,-9.09842503997706e-09,-9.284263428865593e-09,-6.009556794772944e-09,5.609642131298049e-09,9.321771217635966e-09,2.4711770331058575e-08,1.1827454205711278e-08,-4.517809397177219e-08,-4.865396466792968e-09,-1.7159689042268868e-09,1.3414643880841136e-08,-1.375709048156693e-09,-7.952744745649934e-09,-1.6558626284270363e-09,-1.2302188611463665e-08,-2.5797725764021196e-08,7.70538219236332e-08,2.12514216403207e-08,2.3586706488332868e-08,1.1271065903546656e-08,1.6793176360814585e-08,-2.9845192494593933e-09,-8.139409153206142e-09,5.228988614315173e-09,3.5090174841646735e-09,1.499997308759664e-09,3.8894645471517865e-09,7.40337887777751e-10,1.2576053870809184e-09,1.6834435027296182e-10,7.906314367219988e-10,-8.29925718777783e-10,-1.7787471611839567e-09,-7.330542203047206e-10,-3.783344961417211e-09,-8.049268435295796e-09,7.274532312797067e-09,-9.033704501921892e-10,-3.83717642762388e-09,2.7390850782657822e-09,-2.2912058745955454e-09,-4.071032173790476e-09,-7.456042773138233e-10,1.2274750980404632e-09,2.936550110849292e-09,-2.50507659449156e-11,-5.09031382670841e-10,9.60409494447079e-09,1.4173221804178083e-08,1.654521025470352e-09,4.751276232005484e-10,1.1825914774985286e-09,-8.077561850464784e-10,1.1120250502731328e-09,1.928835478561933e-09,-5.599701307563949e-10,8.356383184868898e-11,1.1652585997220363e-10,9.91761438016648e-10,5.400229885805359e-10
F12treat_p5,1.18339560652715e-11,5.1347589390852545e-09,-3.091937492330202e-08,-9.350645630661096e-08,1.2692859218753883e-07,5.2961419484836323e-08,3.5680841935712747e-09,-3.4310369983813326e-08,-3.0986836804050696e-08,-3.1786219584770395e-08,1.4838099230918422e-08,1.544116715452692e-08,-4.660562917091791e-08,5.862085408452746e-08,4.516860109083977e-08,1.394256021468442e-08,1.5963031331972937e-08,-2.2490714311302486e-08,-2.2800570991690288e-08,-2.4800010273942334e-09,-1.8462403188141184e-08,-8.691315742148752e-08,7.90491138957269e-08,-3.137318978352845e-08,3.5835613731927215e-08,-1.1149217079455122e-08,-1.9019006316853617e-08,-3.563994008191898e-08,-2.291863892146348e-08,5.601112446738621e-08,-9.292627709049345e-08,1.2201833791151424e-07,4.38326043713198e-09,3.820674106372091e-08,1.4155268923603352e-08,2.298565247176103e-08,-2.9962737425242866e-08,-1.2578675197787618e-08,2.2782570485971152e-08,-1.1707531876407226e-07,1.6758456084811825e-07,-5.146224459923358e-08,1.6641198649713833e-08,9.996577993405428e-09,-1.515820993674573e-08,1.2796319089360662e-08,1.1896669345160413e-08,1.1291061388526651e-09,6.1681642419676226e-09,-1.1824341502718787e-09,-1.936005078770813e-09,5.677584213859547e-10,-2.100693739544275e-09,-7.855049088156078e-09,4.380244160364358e-09,-1.3742655702714265e-10,3.243370344641471e-10,1.397751384460047e-09,2.2891471063184096e-09,2.737435604871176e-08,-9.831453298722536e-09,-1.5425796812436264e-09,-7.439920646429399e-09,5.602063044269663e-09,-3.53954410169077e-09,-5.2618478396368585e-09,6.089269030476959e-09,7.159510446125306e-09,1.0807706286597444e-09,1.6718721496719755e-10,8.965436263049321e-10,2.626028929617567e-08,1.0455827377709317e-09,-8.549789006224366e-09,-1.8489710561594575e-09,5.027796400120046e-09,-6.4082075961433235e-09,1.3209072044219809e-08,5.669443289157584e-09,-2.9083599250525136e-09,2.265897544959381e-09,-7.432744807141602e-10,2.9042521839474415e-09,4.532716209802221e-09,2.8275917176780297e-08,2.008920468776574e-08,1.9240661646112243e-08,3.1572868546312827e-09,-4.770810503489693e-09,-1.1879251348271767e-09,1.7961191350912343e-09,-3.407346952815567e-10,-3.764485371030149e-09,4.325154536933624e-09,3.970735122849024e-09,3.5566319063701573e-09,1.813087849650729e-09,2.2644025420732755e-08,3.561805328283475e-08,-4.073945580350047e-09,1.6664450766282607e-08,-3.018794725952421e-09,-6.991802784564477e-09,-1.0080298309401964e-09,3.497903787545876e-09,-8.170732691435375e-09,7.32121194917302e-09,4.219447151882992e-10,3.802111865987431e-09,3.420774039982537e-09,-5.889064884724596e-09,-7.194963016381624e-09,-3.795506454293408e-08,-7.18549987487375e-09,2.275651937227571e-08,2.084179149738703e-08,1.532306399040216e-08,3.1560059679519716e-08,-6.82827483999567e-09,-2.0973400191457627e-08,-1.7485144335722129e-09,-4.063678279576148e-08,-3.830256806359958e-09,6.760366619897157e-08,2.7272926928236082e-08,1.3785839467695183e-08,9.254107083287012e-09,-3.087175629394389e-08,9.820118832257352e-09,-1.9314266215578923e-08,-2.370572350869538e-08,1.0800644139352431e-07,-1.5395738838007682e-07,-4.77773198103557e-08,-5.3462533080217554e-08,-3.003883658152628e-08,-2.9845192494590372e-09,3.898325079276486e-08,1.5831467361993785e-08,-6.931826877091442e-09,-5.662832477081629e-10,-9.529043098591858e-09,-8.646630136377675e-09,3.29278682282983e-09,-9.71464936829658e-09,-2.054983439881756e-09,-1.5031686012998842e-09,-2.4207916148047603e-09,2.007606684529116e-09,2.1093804710974303e-09,2.042010030889628e-08,2.635083437050535e-09,-1.4834080845288911e-08,1.9380121119731497e-09,-1.183604448825e-09,-3.031084874238365e-09,7.456285501161472e-09,4.569900430780189e-09,-1.4701892541497757e-09,7.036112604309593e-10,-6.869439441402038e-09,9.775712710762485e-10,3.3119179439978357e-09,-3.431002467303003e-08,-1.902814161583164e-08,-4.31650609544343e-09,-5.0601829772591886e-09,5.369933239922626e-09,4.354998939660066e-09,-2.204305036979399e-09,-8.602158051896082e-10,1.824533817884277e-09,-3.586532144160775e-09,1.3749192914258108e-09,-1.8645354351373842e-09,-2.3225209621469784e-09
F12treat_p6,2.7041195824071347e-11,1.869668877123045e-09,-1.9120728743207218e-08,-2.4223707725083534e-08,7.76782489960708e-08,3.5573144235393364e-08,-2.377610236327579e-08,-1.0217562275288067e-08,-2.089412073821302e-09,-1.0747187844504235e-08,1.4346193598714722e-08,1.3234964076266978e-08,-1.9997386700854513e-08,7.1348018594566675e-09,1.8989099062588754e-08,-1.747012889364862e-08,8.413626615454714e-09,3.0729069175539943e-10,-4.184531172255221e-09,4.64178241281896e-09,-5.204419134407782e-09,-9.149309476639989e-09,4.246331451890611e-08,-3.788065664420852e-08,-5.56468906043218e-09,-8.844737479967325e-09,-1.4379964704617751e-08,-1.720949776608263e-08,-5.50027991835678e-09,4.074220263005412e-08,-3.204242983651683e-08,3.410789536514564e-08,-2.1212531794079186e-08,-3.2643400326253388e-09,-1.2852283453753017e-09,1.6702099601912145e-08,-9.066479801332747e-09,7.201770718998396e-09,1.2436269285053835e-08,-1.8099044330208445e-08,1.0341782045606602e-07,-4.407764652977688e-08,-1.582861749194416e-08,1.1850821933596997e-08,-1.0391769131380374e-08,8.630343332655744e-09,1.9402892374663564e-08,-8.375062020774307e-09,1.7561121067908454e-09,4.918542745116164e-09,-3.3318263691170834e-09,9.95249825970312e-10,-9.427705391077976e-10,-4.179565537565289e-09,2.9995000772537457e-09,-1.1842967165304178e-09,4.448889135425481e-11,2.057377245384708e-10,-1.4335271162726829e-08,2.3999189787443414e-08,-1.19295550535257e-08,-4.257675122982781e-09,-9.178121579677067e-10,1.9663656802150557e-09,-1.8583958980157553e-09,-1.888796087736204e-09,5.205004955927967e-09,2.4695260965088712e-09,-4.019566939456763e-10,-1.0412138361927028e-09,4.928031275127507e-10,5.259505869690772e-09,8.596922795790888e-09,-1.378640860293184e-08,-5.666330860539936e-09,5.252331780237388e-09,-2.5069114442676074e-09,1.0041149226195859e-08,7.76641840386774e-09,-3.90376224088975e-10,1.84264248008604e-09,-1.8139322826349654e-09,1.3107194046026823e-09,2.0711081058352647e-09,5.153318705267538e-09,1.603629790952798e-08,4.708785883025533e-09,-6.023390035351533e-09,3.751737459457433e-09,3.061968567815157e-09,6.967404058679849e-10,1.4749414977566027e-11,-2.11583401955111e-09,1.2093888970728917e-09,8.12963542834174e-10,-1.5346436598626723e-10,1.505091219295715e-09,-5.653223319982344e-09,2.3096847604269065e-08,-9.271622140666479e-09,7.757796838360721e-09,2.5962917618735553e-09,-4.029100283149862e-09,1.915586744071067e-09,3.111376937073362e-09,-2.4646607426782764e-09,1.7589145360452125e-09,-2.258468889589426e-09,1.7941007034398685e-09,1.670218098807084e-09,6.132015674094989e-10,1.9783841631016434e-09,-3.347313913659128e-08,2.696557998196265e-08,7.909018832978671e-09,1.509463420309855e-08,7.708037969032248e-09,2.6018372008384526e-08,1.113186844394232e-09,-1.1662076925317365e-08,-2.3590950383750753e-09,-3.7495504880336636e-08,-2.8492527085849374e-08,7.099929970247122e-08,-1.1169058881939054e-09,-7.64713290095712e-09,2.3383763925417343e-09,-1.0748113864820127e-08,3.880429505173564e-09,-1.5410221538497184e-08,1.247347806045636e-08,3.103216219282087e-08,-1.0619987732983761e-07,-1.343022219768874e-08,-1.0662094282740503e-08,-1.851443115784199e-08,-8.139409153206268e-09,1.5831467361993607e-08,2.685779340399363e-08,-8.782954187510978e-09,2.1818906724749824e-09,-1.5015066067563848e-09,-5.748265856170763e-09,7.327946595662492e-10,-5.088020894790702e-09,-5.833171738232235e-10,-2.547024268559871e-10,-1.5037158122725137e-09,7.331595613677009e-10,6.481975561257632e-10,1.1238598206936138e-08,1.7233127426865963e-08,-1.4665542634175255e-08,1.1975103143328263e-09,6.920946428720228e-09,1.8126202852106873e-09,3.777891140336298e-09,4.487921293874902e-09,-1.0014241729855664e-09,3.179872582486405e-11,-5.591950813379071e-09,1.8139098079938047e-10,1.6207293049615584e-09,-1.423790932837643e-08,-2.1937392495683074e-08,3.4713422497226265e-09,4.005116225742639e-11,-5.531782137703994e-10,1.7564889860379886e-09,-1.75354092357551e-09,-7.924423465691176e-10,1.942352417250167e-09,-1.4831168770935472e-09,2.102695315635326e-09,-1.2553739260131446e-10,-9.034802249648376e-10
F12treat_p7,4.153717985594434e-09,2.7651583565649486e-09,1.8748551323116772e-08,7.037262780492724e-08,-7.190197956326158e-08,-4.1684751541078376e-08,-2.5037389211854843e-09,6.1865651458208046e-09,1.2760884841629892e-08,2.310662553810952e-08,-1.4943808451742354e-08,-2.8222101878208487e-08,7.447109820258446e-08,-2.2103454073734667e-08,-3.30929647767719e-08,1.1197291416394597e-09,-4.050186591267796e-09,1.6975324606679396e-08,2.15125494668864e-08,-3.3471903733076666e-09,1.4218884922634062e-08,6.498512720321488e-08,-3.769690499579744e-08,8.134848195787539e-09,-2.400697777593727e-08,6.085381257739561e-09,1.0276669913216618e-08,2.608059616357629e-08,1.8317639370622098e-08,-1.8528896064588267e-08,7.088891790790908e-08,-7.072450787079367e-08,-4.410992227333485e-09,-1.4907352403427147e-08,5.4942961007776395e-09,-1.6094338163519446e-08,1.688416748655658e-08,1.5663429752055008e-08,-9.54131123476397e-09,6.831280905402591e-08,-9.639896656039981e-08,2.93128329433107e-08,-2.431826196726102e-08,-1.6929683974534678e-08,9.688815671640085e-09,-6.32280720593359e-09,-1.3269746405009536e-08,5.616129743127054e-09,-1.723895735488732e-09,2.7638081770379894e-09,2.232201908415035e-09,-8.491908427952041e-10,1.7505356644283585e-09,3.3350149858510276e-09,-5.289453425306609e-09,4.1177027662150985e-10,9.513504588416382e-10,-1.8007830786169808e-09,7.67470481970674e-09,-1.1594595325022039e-08,1.3831372576403766e-08,2.9492216598937625e-09,3.295372465637283e-09,-4.446873966094909e-09,1.4621230513597872e-09,1.8406156819669693e-09,-5.310955103304519e-09,-4.752575032156892e-09,1.5252928888808456e-09,1.1482692204201482e-09,-1.8580345995077513e-09,-5.9612603939096626e-09,-1.4730650956506133e-09,1.1418627566699196e-08,1.2722302605147336e-09,-3.331330285068674e-09,1.9007495925929566e-09,-7.580116101948703e-09,-9.057302090206622e-09,5.530095324054492e-10,-3.5105025684599525e-09,2.019430517279852e-09,1.6024434930078115e-10,-3.237856816943198e-09,-9.978117720241026e-09,-1.526365976061771e-08,-4.6900407971352195e-09,2.7361064405839277e-09,-4.010551784085438e-09,-4.05576849784085e-09,-2.3878759757955924e-09,-2.6822694023201995e-10,5.761094248555371e-10,-2.156167658816938e-09,-1.7860594167438344e-09,-4.704893027191184e-10,-2.422262140255155e-09,-1.3687230740501087e-09,-2.445646087856159e-08,1.0175163887467025e-08,-8.535451570688835e-09,5.584348436560725e-09,2.9285498104603545e-09,-1.860944456151976e-09,-2.73935048156077e-09,4.056648974191764e-09,-4.439972462225432e-09,1.0855682593583472e-09,-2.502194492125708e-09,-2.753027310056041e-09,1.51038551325433e-09,8.281221588016765e-09,1.1049889476637658e-08,4.281821841810727e-09,-3.5929387673809665e-08,-3.21000315241161e-08,-3.251160511194945e-09,-4.983974504460169e-09,3.92881019467691e-09,1.283197372355878e-08,-8.203592522408161e-10,1.4008431147485563e-09,6.05223865405844e-08,-8.039326055885977e-08,-1.62017547466757e-08,-1.0088506665798346e-09,4.900939747795397e-09,1.0112056597735457e-08,-1.608789639450805e-09,1.2650367298233776e-08,1.4095453360674914e-08,-9.593968202062054e-08,9.472256824949389e-08,2.137149061440025e-08,2.575340258621411e-08,1.6613062982970288e-08,5.228988614315024e-09,-6.931826877091367e-09,-8.78295418751101e-09,1.9137057818519124e-08,5.708266500912702e-10,7.932978056872042e-09,3.702901947651157e-09,-1.842757532580972e-09,5.216765976747076e-09,7.162019489986003e-10,-1.5662919566644449e-09,2.5976693066933168e-09,1.2100666559678109e-09,-2.973625340459292e-10,-1.1791095959079225e-08,-6.1366353238077786e-09,1.70053800378831e-08,5.088418153818068e-09,-2.1378370874482134e-09,1.4621044878866535e-09,-4.809227740330912e-09,-2.2459952677547782e-10,-1.875050920314645e-09,-2.6885106427873404e-09,5.175990312403231e-09,4.257200187317285e-10,-2.6944954338022625e-09,1.1518614564241098e-08,1.4778708055824834e-08,-4.570619550693925e-09,1.5601072524379853e-09,-2.168026177117845e-09,-5.451212605599296e-10,3.267211353275421e-09,1.1371065357301883e-09,5.172896882049532e-10,3.2142399593962463e-09,-1.8516624765812796e-09,1.1765170978627317e-10,1.6176509915632195e-09
F12treat_p8,-1.916764985759497e-09,-5.833407104295855e-10,1.18951006563098e-08,-2.937570657136008e-09,-2.2110990747577405e-08,-1.6502886368898104e-09,-1.1582127837694306e-08,1.2068341066659222e-08,-2.647676655699768e-10,-3.9616833267149626e-10,3.7003055372174256e-09,1.4126358019913235e-08,-1.689512760014285e-08,-1.1277021339398676e-08,-1.292612927416061e-09,-9.26274141808144e-09,1.2696949051841118e-09,-6.206627613405586e-11,2.4658808506399666e-10,4.678499231219367e-09,1.2356825739271308e-08,4.2990964274858197e-10,-1.8287949088247636e-08,2.752856042060115e-09,-5.851851151175997e-09,2.8514165115449203e-09,-5.293633951626696e-09,-4.1163776673621727e-10,3.688746458613313e-09,8.436097469687162e-09,-6.000894489032899e-09,-2.5561243352777726e-08,-8.209911764979759e-09,-1.0930913102094195e-08,1.6392368286989382e-10,-2.6049189911946713e-09,2.9256306656804623e-09,5.263326217618778e-09,7.504732911478532e-09,2.019606178119215e-08,-2.258402215942124e-08,3.238223169641125e-09,-9.879897140953366e-09,1.0036825020383814e-08,-2.740096981018326e-09,-3.438909669803131e-10,9.886931262047668e-10,-2.997272992698642e-10,1.8446461822799329e-09,1.8332115811458337e-09,4.5554407598446675e-10,-1.3563111791444563e-09,2.3264450420961284e-10,-1.0206962997725136e-09,9.45709094283251e-10,-3.160430430727638e-10,-7.074391945028105e-10,-4.635520130139885e-11,1.9606417397487595e-09,4.876606095078513e-10,-6.56160794526608e-10,2.9630746821866523e-09,1.278259076102336e-09,-1.4858472147971494e-09,4.400298593936149e-10,6.236828101731971e-10,-7.789381528124674e-10,1.3616387982957183e-10,-1.3044209167120562e-10,-4.972693160493989e-10,9.417927983813121e-11,-2.007530910953562e-09,-2.949810477732189e-09,4.669639622836985e-10,1.52441215857438e-09,-1.0415683943438038e-09,-2.940928669576532e-10,-3.396529119184e-10,5.928426988475586e-10,-5.709507962608282e-10,1.9804527580747257e-10,-9.975886990876124e-10,-6.401789940283521e-10,-4.6035926092481136e-10,-5.797790985953425e-09,4.065779503058822e-09,7.513152633158641e-10,1.3442272960552807e-09,1.0429104291888184e-09,1.270368749204483e-09,6.462106392234787e-10,-1.9324671620421183e-11,-8.65738991620346e-10,1.153806294920733e-10,-1.215507709654777e-09,-1.4418490465279187e-09,-9.693786380372316e-11,-4.911409264840905e-09,-4.182555527088135e-09,-2.9333494550635074e-09,9.22145211623091e-10,1.0667929246286185e-09,1.4810428494354668e-09,1.3655568964261615e-10,-7.73233091507989e-10,-6.307057767434407e-11,-1.3455554353358456e-09,-1.0892993728891004e-09,-9.303153337126549e-10,4.4855753825499995e-12,1.3081788307906983e-09,3.28225694598382e-09,7.759520411805914e-09,-5.035403727399129e-09,-1.5580778642714946e-08,5.3627913378954156e-09,-1.9499340112033224e-09,-2.334317520080585e-10,-2.19450861229835e-09,1.718466421528675e-09,6.930219305428461e-09,1.6433453586248345e-08,-2.1624233419378486e-08,-5.897310792903242e-09,3.9511378582895884e-10,-5.927529892850892e-09,8.340911446069214e-09,-2.7842430130857367e-09,-7.052226960178202e-10,-2.8728801520908505e-09,-2.6611776851908306e-09,-2.6871682627267645e-09,1.9829759271471243e-08,5.285788593811769e-09,1.1777943261697734e-08,-9.452366031779815e-10,3.5090174841646975e-09,-5.662832477081793e-10,2.181890672474998e-09,5.708266500912533e-10,4.953127359879918e-09,1.0120814542936385e-09,6.749543198197135e-10,2.600736265241595e-10,5.675250558556262e-10,-2.2924743194951743e-10,-2.352520704598344e-10,-5.147802159542244e-10,-4.825552357213271e-10,-3.790344305206841e-10,-1.2803746482977242e-09,1.8200522907238581e-09,2.7851996095947237e-09,1.3544743536191903e-09,6.897460873138029e-10,2.1137163141680514e-09,-1.393948429519915e-10,-4.156603144264949e-10,-7.650049522423154e-10,4.413320910107328e-10,1.0055116165412034e-09,-1.0590409218547376e-10,-1.958810534270152e-10,2.031848542681613e-09,-2.6864062699955776e-10,8.066044746106888e-10,-1.1762478262896828e-09,-5.017327845439658e-10,-6.325430046213104e-10,5.209777853630162e-11,-9.737077952991343e-11,4.394724853258017e-10,4.777836730188646e-11,5.266316763728725e-10,5.942546055389895e-10,2.801234700734424e-10
F12treat_p9,3.116292864902687e-09,4.338143830509214e-09,6.15739995695791e-09,5.7013193741412837e-08,-4.5935549624760167e-08,-2.8443916056253396e-08,-4.169422385492207e-09,7.734498703071754e-09,1.5761068587429895e-08,1.6511520391297956e-08,-7.669536274331662e-09,-2.0669691930126843e-08,4.2402730263445933e-08,-2.8396491751418653e-08,-2.4228222285236967e-08,-7.279441647082605e-09,-7.758167491287028e-09,1.1655177034353075e-08,1.785256224227712e-08,5.155460242652091e-09,4.32542939660558e-09,5.530834648419136e-08,-2.765139677104233e-08,1.3024361117306354e-08,-3.1111389713355016e-08,-2.978389003950784e-09,4.0135461805261415e-09,2.3350140581533814e-08,1.5503269584690498e-08,-2.4552645915331127e-08,5.3738922283384445e-08,-4.555451498621795e-08,-7.191504225085311e-09,-2.1884648823950288e-08,-9.337991332667405e-09,-1.4026930000171246e-08,2.0699347486262206e-08,1.4635218496436081e-08,-1.4448807815009069e-08,6.203070363928823e-08,-5.4566506452670014e-08,2.192893746607439e-08,-1.873209902979719e-08,-1.4169207572464442e-08,3.651060031946707e-09,-4.4100261650352494e-10,-1.0884004473791037e-09,-1.3612790707119683e-09,-2.813194594323901e-09,3.799912418767718e-09,3.9574111522873697e-10,-8.847201620760006e-10,6.955814847147053e-10,4.378365995966051e-09,-2.374405670817621e-09,-5.667971763402595e-10,5.817849763224515e-10,-1.0405136471650842e-09,8.715288574481206e-11,-7.750216289147577e-09,5.983375837807904e-09,-4.612771524015281e-10,4.626554874742773e-09,-3.211289933189014e-09,2.570433981714818e-09,1.7815183497991566e-09,-1.7915509186092458e-09,-4.126151819492525e-09,-1.467605698757861e-10,-3.648971866444467e-11,-6.312723440908546e-10,-8.585320088348809e-09,3.263871263387254e-10,8.041298235580453e-10,-2.8960223892237292e-09,-1.1532706487897162e-09,9.005023615197566e-10,-4.990793765124908e-09,-4.217507645029914e-09,2.1047324916373053e-09,-1.8967830480875504e-09,-3.6077241729987534e-10,-7.318090393539562e-11,-2.327340330111245e-09,-1.0163365640624007e-08,-1.2851182175992046e-08,-7.691061163079413e-09,-2.5600986641568763e-09,3.5266160378039464e-09,-5.650901592242833e-10,-7.829334201861722e-10,-1.3172454794591185e-10,2.386533951114734e-09,-1.9211318085524103e-09,-2.3682150557353184e-09,-1.4176099681884415e-09,-1.2516941371687827e-09,-9.031573876752141e-09,-1.4693716497365997e-08,-9.273555624066753e-10,-1.0737316861394998e-08,4.411447129470262e-09,1.5243356645664298e-10,4.2652859771291575e-10,-1.3594149041923803e-09,4.257395255419163e-09,-4.250321960365961e-09,-8.000167462839948e-10,-1.3739273457981527e-09,-1.8603172907588306e-09,3.5733036389491396e-09,7.862592298692156e-09,8.232448041591967e-09,2.891623593904e-09,-1.1016408216958404e-08,-1.6764186011330115e-08,-1.2171746376624159e-08,-1.0783887321907248e-08,6.8655277499150205e-09,8.031814788272866e-09,-3.603350209469282e-10,-5.513454345829274e-09,1.5873623050010975e-08,-3.9244874889389966e-08,-1.8095709031915432e-08,-7.3264341582113524e-09,-1.3156200671158875e-09,1.3867535357225537e-08,-6.7324208627965276e-09,6.044829908118239e-09,1.6889235006330587e-08,-5.9558688404055565e-08,5.974088050713778e-08,2.0316980815165483e-08,2.688689295962903e-08,1.5436235118676508e-08,1.4999973087597428e-09,-9.529043098591888e-09,-1.5015066067564301e-09,7.932978056872055e-09,1.012081454293655e-09,9.616429687534522e-09,3.5716863901542067e-09,-1.0375898396617349e-09,3.712991043557569e-09,1.4495584467952304e-09,-9.444763342154828e-10,7.995940229276333e-10,-1.9824119629905787e-11,-4.306387617202511e-10,-3.005472521882402e-09,4.317854656352533e-09,6.402163387261669e-09,-1.7676898619120983e-10,1.9582783935713073e-09,4.020479057912828e-10,-2.8459269376773297e-09,-3.79083274208663e-10,1.0939076594392161e-09,-1.054124130867692e-09,2.2564319989314126e-09,7.861804409842404e-10,-1.8066650183433418e-09,1.1009360695868817e-08,6.0163355985353164e-09,1.4961766799793662e-09,3.561825633339828e-09,-4.372842485709665e-09,-3.4497641953422143e-10,1.0495117799367293e-09,6.24152248587516e-10,-1.2758610448566388e-09,1.7515340438119033e-09,-2.0484949530888175e-10,2.3465954055417514e-10,1.1518798435625286e-09
F12treat_p10,-2.949237505633448e-11,1.7153334258346324e-09,2.222991911432269e-09,3.793978583366536e-08,-4.7125220865108045e-08,-2.6161880426835934e-08,2.2582272753970905e-09,5.7114623199832335e-09,5.059423742054584e-09,7.948580031797005e-09,-3.5007531199633354e-09,-1.825796303862866e-08,2.393977437237482e-08,-2.000004496468653e-08,-2.1835899839739562e-08,-8.145757269657424e-10,-5.265307594769588e-09,6.4523233477279765e-09,6.0829292487432095e-09,3.5797077513519956e-09,2.657318712378014e-09,4.772861698131083e-08,-3.6233768604028715e-08,-2.8081030998452387e-09,-9.03120397474783e-09,-2.214575247106212e-09,3.170048746961774e-09,1.1123784768537684e-08,1.0046416780627445e-08,-2.644602867545479e-08,3.634885769913859e-08,-4.34908491402017e-08,-1.6224744763503226e-09,-1.0062567400845977e-08,-2.8910750325203245e-09,-4.900964073329044e-09,9.990508895422388e-09,6.915359154912176e-09,-1.82121790225913e-08,5.3658074885166814e-08,-5.5114299391278015e-08,1.2186043473857777e-08,-7.45997221701664e-09,-5.7647794239970454e-09,3.3990535879170912e-09,-4.853550716095273e-09,-5.9735720810181425e-09,8.720128726971938e-10,-2.0460790624313715e-10,6.228157121268461e-10,3.4014702401777413e-09,-7.936452183888292e-10,1.4657713114172316e-12,2.413598992379467e-09,7.817218739476182e-11,-1.4216348576817e-10,-2.3197305978671074e-11,-1.4592119738524165e-10,3.1052468562747304e-09,-1.1752052341203374e-08,3.3576091349874413e-09,1.951143866057546e-09,2.828825858671644e-09,-1.275367094830541e-10,1.0854634824410835e-09,1.6845629832355356e-09,-8.43559844484908e-10,-1.2101480268149678e-09,-9.160940802877736e-10,-1.9676927016244864e-10,5.984654443214477e-11,-7.00372084973169e-09,-4.542799279836306e-09,9.351033347681521e-10,-7.53705282413916e-10,-2.69358628848686e-09,2.428432931110761e-09,-4.711375500384723e-09,-3.1902222857390676e-09,1.0543370660677636e-09,-5.060465150944522e-10,-4.4912264376415814e-10,-2.031638581794513e-10,-1.3628164599973059e-09,-5.664620259990023e-09,-5.189037485381645e-09,-4.331451056149376e-09,1.188919998866138e-09,1.7456473670672906e-09,8.931305780170967e-10,-1.289749451994969e-10,-5.36018238372215e-10,1.4275857045499662e-09,-8.163365992960886e-11,-1.6854834110608971e-09,-7.55433304945881e-10,-7.624410569175139e-10,-4.138854564606888e-09,-1.1248175928181336e-08,-1.8993317029898944e-09,-5.082174485296517e-09,-1.5506915019007065e-10,4.430466829753783e-09,-7.847601450647251e-10,-6.721732603084534e-10,2.9958669668488913e-09,-1.1630645636028904e-09,-2.824072627458959e-10,-6.056223488638227e-10,-5.501986579112944e-10,5.565961827237549e-10,-1.1306409491988816e-09,-2.803295770096669e-10,7.604427747505658e-09,-2.4956683419120566e-08,-1.363079285246245e-08,-6.706573231811645e-09,-9.646805551942298e-09,1.76474513928968e-09,4.048308846678641e-09,4.197775474734019e-09,5.7750736223622926e-09,1.8119100890285018e-08,-4.422790023021329e-08,-9.005997168440635e-09,6.976990518705872e-09,2.2913334442863873e-09,6.55964281199279e-09,-3.506752259692511e-09,3.144919272368902e-09,1.0072586924741463e-08,-4.6970830152344616e-08,6.159194404199205e-08,1.9663667283357058e-08,1.5846801459771074e-08,1.0637633518826247e-08,3.8894645471518295e-09,-8.64663013637768e-09,-5.748265856170757e-09,3.702901947651164e-09,6.749543198197074e-10,3.5716863901541963e-09,6.885558943377133e-09,4.235655380107605e-10,3.030233696299498e-09,1.6606809364213054e-09,5.918710583178531e-10,-1.4982277348052809e-10,-1.035739230302491e-09,-6.328460934183965e-10,-6.606230037379386e-09,-2.483060349800763e-09,5.3109223416056665e-09,-6.127977262290495e-10,-1.0041738656745979e-09,1.6544699241961096e-09,-2.244083123672163e-09,-1.7056943712219318e-09,3.671593875103094e-10,5.86804095396854e-10,2.570798682261656e-09,1.6160402427596794e-10,-1.0998516464683342e-09,1.0225397881571685e-08,8.594062700248888e-09,1.239072332093861e-09,5.379639977178639e-10,-1.5978340509765919e-09,-2.5676308475908456e-09,6.331524508712015e-10,4.508680097847936e-10,-1.38186676810252e-09,1.8073780323970902e-10,-3.636369543307752e-11,2.5241286625131267e-10,6.245547556968095e-10
F12treat_p11,-6.281810756179652e-10,1.2932011535772468e-09,-1.3518581054380887e-08,-5.3418994971479675e-09,1.5459772136291295e-08,3.810043414974012e-09,5.559278110916827e-09,-8.758506656157885e-09,-7.2923114729701605e-09,-5.47927456495277e-09,4.089414984005818e-09,-5.224033620847031e-09,4.5050872043073276e-10,1.8124428456980103e-09,2.5522054745667795e-09,3.981118441246361e-09,-2.1806038673162255e-09,-7.423950137581499e-09,-6.8578299396141465e-09,6.839585642881588e-10,-8.574995240108927e-09,4.528285773015417e-09,1.2651783988131553e-09,-8.023199719435557e-09,1.1622140939868817e-08,-6.069400314150799e-09,-3.96647459337353e-09,-7.293637846833944e-09,-6.966034568404156e-09,-3.3384662608975317e-09,-2.9055066888303718e-09,1.625938696385889e-08,1.989513146898284e-09,4.195682028996835e-09,-5.470222785473978e-09,9.938218921204173e-10,-5.259395349494437e-09,-6.1152787689090535e-09,-2.735116857225291e-09,-2.459083939335072e-09,1.960569896736807e-08,-6.848650241866343e-09,9.118664267087525e-09,1.992656424099339e-09,-5.108078388223872e-09,8.05180846163171e-10,1.7952843137992534e-09,-9.80133045580358e-10,1.3420835337827643e-09,-1.3565647221140504e-09,-2.8877441904617273e-10,2.89883729249263e-10,-6.071278637939296e-10,-6.077154492478948e-11,1.3438420673203047e-09,-4.5030761298523307e-10,-9.553440646334186e-11,2.152936674761581e-10,4.699760454095945e-10,1.6864555220731463e-09,-2.7624490943731194e-09,-9.688515496501844e-10,-5.013474218114713e-10,1.8760795477841757e-09,7.263782215417491e-10,-3.6766793056739587e-10,1.9293471194022873e-09,1.233905892290215e-09,-5.137955339253547e-10,-1.263522830141424e-10,2.7584828703651003e-10,1.696208908431332e-09,-2.5889234996358756e-09,-4.055737468768906e-09,-1.7745197842503564e-09,1.6557339850685912e-10,-1.8811750218588734e-09,2.548964959707313e-09,1.4939080354947232e-09,-9.88053861861854e-10,4.073814744556654e-10,-6.673506278583203e-10,9.103387487749453e-11,4.841954945719127e-10,2.390905870762362e-09,2.6646180660523154e-09,-1.1923048019578954e-10,8.729893026738956e-11,1.6507462286473133e-09,1.942149901107784e-10,1.680232260966678e-09,-1.495736502424616e-10,6.418441885447458e-10,6.753948768224624e-10,3.4075788209540947e-10,2.1392606018950093e-10,1.441732872303473e-11,5.466861346486429e-09,5.661457022091825e-09,-4.42952174416678e-09,2.5671353357102457e-09,-1.93763818344044e-09,-1.213019074120926e-09,9.806349842762066e-10,2.562618629570689e-10,-1.4937660010514213e-09,1.5074201372865826e-09,-3.951410337064783e-10,1.4944810044487485e-09,5.792538881583552e-10,-2.61514435622637e-09,-2.461470497300531e-09,-5.8774330115048765e-09,5.6795428274556615e-09,-2.941741770720716e-09,1.4135375392444913e-09,-6.91696706834452e-11,-1.1237268885446206e-09,-5.404396258018712e-10,-4.341606446873176e-09,9.008417180612538e-10,-6.644912442203664e-09,9.520372880950978e-10,2.8043086167576325e-11,8.06226074813574e-09,8.434711879426941e-09,-2.951674167364513e-09,-3.947293748755144e-09,1.5356085194222434e-09,-1.9112920071381825e-09,-4.6780563125442125e-09,1.1196411397295905e-08,-1.478683780588167e-08,-3.0953912779319437e-09,-9.456660703187351e-09,-1.5044224791617653e-09,7.40337887777746e-10,3.292786822829872e-09,7.327946595662521e-10,-1.842757532580977e-09,2.6007362652415703e-10,-1.037589839661751e-09,4.235655380107517e-10,2.6530635602592137e-09,-1.3622302497575606e-09,7.781708568343029e-10,2.673655906937724e-10,-1.2790531267551983e-09,-3.070503923026071e-10,2.1984900483543106e-10,1.4080822931868895e-09,-1.090150736560041e-09,-2.4369562709892385e-09,-1.9897362065438922e-09,-3.493169662426287e-10,-6.822790772491097e-10,1.7268028960581895e-09,-5.532854594308881e-10,1.0822147339282291e-09,4.425834041032158e-10,-1.2441752215063645e-09,5.192797167684533e-10,3.1839386925833404e-10,-4.0734954448403065e-09,-1.94339859758758e-09,8.050555256619824e-10,-4.488836491623109e-10,3.2992011344396085e-10,3.304285180557435e-10,-1.8054244931113732e-09,-9.67834695407468e-11,-6.905849149699421e-10,-9.079413606703776e-10,6.633610490570534e-10,-3.6977585230866653e-10,-1.977899689592333e-10
F12treat_p12,-1.1803244918349365e-09,-1.893062155943482e-11,1.4525767809473358e-08,3.1062604098176324e-08,-5.488559647120433e-08,-2.346849262221557e-08,-5.15077675000198e-09,8.751474851263576e-09,1.0297906985953015e-08,1.1162535467078651e-08,-7.243704239749772e-09,-8.7994929878539e-09,2.1302373814164132e-08,-1.9042777267932597e-08,-1.2808937740832456e-08,-1.6783944506907076e-09,-2.7249647286829343e-09,1.4063585509545833e-08,8.511093300572724e-09,2.2054818587624734e-09,1.0309479989971222e-08,3.638813910454748e-08,-3.445575947713957e-08,1.4365806740520489e-08,-1.4546712587421866e-08,3.6053102897420194e-09,9.78950129931501e-09,1.4249825460967877e-08,1.1720273990794917e-08,-2.0528243095057086e-08,4.517217560098811e-08,-5.20393982089261e-08,1.5439927312462488e-10,-1.1276209277942038e-08,-2.641646113026639e-09,-6.471998854922314e-09,8.869052030467158e-09,9.61734621049327e-09,-1.1066028462360374e-08,5.4865471585464736e-08,-6.774833002342066e-08,1.5351436677971236e-08,-1.3500639595574338e-08,-4.547213044100044e-09,9.53751151327679e-09,-5.367930044042428e-09,-4.781363895498094e-09,1.890805565933897e-09,-1.8361212358027288e-09,6.393953420588207e-10,1.5998769581162314e-09,-4.303029023544261e-10,1.1887141580305252e-09,2.5254425916511444e-09,-1.882017202527619e-09,1.0406143851603344e-10,4.779464268589243e-10,-6.648782183428478e-10,3.8227542969241405e-09,-9.304992119069213e-09,5.070669849095661e-09,1.5097329070356488e-09,1.9630975114844503e-09,-2.8977914234068876e-09,8.395962892359173e-10,1.809538759651509e-09,-3.2129602758115346e-09,-2.742123712206198e-09,3.6275019087648805e-10,8.545225026378696e-10,-5.48320227874965e-10,-7.322616986089854e-09,1.6412379545193517e-09,5.89559326456139e-09,-7.340847782348244e-10,-2.89808605297768e-09,2.2657080059678486e-09,-5.146578789932472e-09,-3.90974714762032e-09,4.278673432839046e-10,-8.075879914101877e-10,9.972506804693352e-10,-5.7908145387917876e-11,-1.8426574335747725e-09,-8.090009925718645e-09,-6.87264548024016e-09,-5.2579688495813885e-09,5.789585939524976e-10,-5.593088987730289e-10,-1.494481529150139e-10,-7.861884644721206e-10,3.169035330117171e-11,7.916539306010611e-10,-1.4261405442022772e-09,-1.5241858521986626e-09,-5.933258714476217e-10,-1.0597177465648466e-09,-8.124539263009153e-09,-1.2883238692785458e-08,3.433694221784187e-09,-6.933736173013784e-09,3.0421442365508168e-09,3.0304260854055887e-09,-8.14776696107131e-10,-1.1258477506284847e-09,2.9078422543462572e-09,-2.312793010696668e-09,2.979093422901866e-10,-1.6888513272103788e-09,-1.0572291798540818e-09,7.966977614948663e-11,2.990558232658755e-09,1.1460338055929491e-08,-2.854323914517974e-09,-2.2318411205199697e-08,-1.5388392248255263e-08,-6.075284084158565e-09,-1.1978297393306316e-08,9.654116022175819e-10,7.138711153322548e-09,4.4027459991403524e-10,1.2692338172056452e-08,8.392457515969774e-09,-4.582325680883872e-08,-1.0278330766997284e-08,-1.624360304324345e-09,-3.317341773888619e-09,1.1303500451903803e-08,-1.593969959601267e-09,4.778467257358025e-09,1.0006584299120856e-08,-4.934192540800574e-08,6.872392582443814e-08,1.9208968847107387e-08,2.1115455361278607e-08,1.3743204290022786e-08,1.2576053870809488e-09,-9.71464936829662e-09,-5.088020894790728e-09,5.216765976747076e-09,5.675250558556421e-10,3.712991043557568e-09,3.030233696299509e-09,-1.3622302497575457e-09,5.0410915197885836e-09,6.303110156637995e-10,2.21514859665955e-10,1.0928056981869716e-09,2.4269923554455007e-11,-5.83350446438697e-10,-9.67609051052358e-09,-2.4603112829301505e-09,6.656734661787883e-09,9.541187898456671e-10,-1.929119668113221e-09,8.383089952251148e-10,-3.364618506767911e-09,-8.294671156937596e-10,-8.488973381647034e-10,-6.793173035259378e-10,3.285630161701238e-09,2.3317375607233545e-10,-1.4054062625206533e-09,1.1942887191035013e-08,7.352794648698132e-09,3.9848465972917257e-10,1.9053399721455763e-09,-1.1676427485692976e-09,-1.43801494373907e-09,1.5943018683402822e-09,1.0149465695763913e-10,-1.9959417391888044e-10,1.3293983147759859e-09,-9.077531153028164e-10,3.0213598338674407e-10,8.640334003958449e-10
F12treat_p13,5.966133010550621e-10,1.5725999860789105e-09,-4.9486605874598455e-09,1.1387992450852194e-08,-7.224539287368182e-10,-2.686972637160334e-09,4.9647058290531885e-09,-2.6038756106143578e-09,4.798811111315089e-10,1.3581129536776718e-09,-1.175444171288104e-09,-1.0560952990280262e-08,9.606139292438002e-09,-4.101640185092258e-09,-1.6212685758716565e-09,2.6904944751531542e-09,-3.030862605568176e-09,1.382714244328669e-09,1.7263436544972064e-09,1.1621486117992866e-09,-3.252155776075443e-09,1.6681396109753162e-08,-1.960504187823497e-09,4.064234636887882e-09,4.819793313347411e-11,-3.4365767886748295e-09,1.8506806957530694e-10,3.019555989448886e-09,9.275317804381785e-10,-1.0908818403201247e-08,1.1869275513700844e-08,-2.6001535148787726e-09,3.6675785093326055e-09,-2.42464754628485e-09,-3.945969614408606e-09,-2.042609950257065e-09,2.438782518182351e-09,4.2007284102756373e-10,-5.262885715341686e-09,1.579919266576637e-08,-6.898211950612891e-09,4.8639635110260435e-09,5.290040734617333e-10,-2.74866914631631e-09,-1.6223365255926428e-09,-7.503978845530759e-10,1.3352931313957255e-10,-1.3513548920172734e-09,-2.8275523600262074e-10,-1.4386720768786477e-10,5.99826869972167e-10,2.2238733997616956e-10,-1.789457587796563e-10,1.4253675468009326e-09,1.7032255526663818e-10,-2.2164546495223613e-10,2.910066940379978e-10,1.662390715903134e-11,5.864754035158425e-10,-1.4206006671406986e-09,-2.478970050501248e-10,-6.352063350184592e-10,7.291989073757201e-10,1.0149898487415158e-09,5.023687253912067e-10,6.91387090424361e-10,7.578812465667845e-10,-1.6340799087613988e-10,-4.0282697300635055e-10,4.184889566366543e-11,3.6774969233010405e-11,-2.3402982508442893e-09,-1.6618421099991451e-09,-1.3759891644864774e-09,-1.6376071642631857e-09,-4.891540215444952e-10,8.084467528815595e-11,-5.39722721600886e-10,-9.006597194024916e-10,3.5704011906527227e-10,-6.464085488668685e-11,-2.446430725256033e-10,9.688273733856989e-11,-1.4559782841303623e-10,-1.714311656046911e-09,-1.060167696396595e-09,-1.7249221253192517e-09,-7.384623574273451e-10,1.2915105929087682e-09,1.306047856030918e-10,4.6621424398371e-10,-1.8481580598789042e-10,1.1284557939532838e-09,9.650294871190929e-12,-4.708332396559132e-10,-6.432148736577941e-11,-1.8368259882259565e-10,7.320734235036004e-10,-6.199639946532038e-10,-1.3452985664356067e-09,-1.5071119726803002e-09,5.990567538965312e-10,4.3154575545222986e-10,3.9602528551497415e-11,-4.958482349732384e-10,9.041197427982824e-10,-7.44334818093709e-11,-1.365513467357252e-10,4.481487686806156e-10,-4.964466212908009e-11,-7.998687727844077e-10,-1.8171055466933426e-09,-5.310445562459637e-10,9.085794497941266e-10,-6.0352297776317256e-09,-4.632132636687376e-09,-2.0451839612885903e-09,-4.665173054058985e-09,2.353979746110682e-09,3.4822440050711194e-10,-1.1721570461380158e-09,-3.3843440166725204e-09,7.623121568226994e-09,-1.6055546841074526e-08,5.707438162629378e-10,6.054394795968906e-09,-1.7425207852314178e-09,9.870358829655781e-10,-8.316816443290501e-10,1.1286316567815275e-09,1.1944105648981564e-09,-8.692455942052846e-09,1.2972548331337861e-08,3.2175344204746863e-09,1.1668925056734733e-09,3.625494269949492e-09,1.6834435027298504e-10,-2.054983439881719e-09,-5.833171738232254e-10,7.162019489986078e-10,-2.2924743194950853e-10,1.4495584467952345e-09,1.6606809364213101e-09,7.781708568343085e-10,6.303110156637964e-10,1.4098316985287211e-09,1.8209754692938365e-10,-4.707036348071466e-10,-3.187221665797056e-10,1.0384203007690922e-10,-2.043398217522076e-09,-9.775033971796301e-10,-3.3212379014968497e-10,-1.707016730295754e-09,-1.7253351487835036e-10,-4.297820646542031e-10,-1.1334593715081699e-10,-5.336467963233471e-10,1.0366990802430685e-09,1.5470431491234208e-10,2.1241966011186383e-11,3.4101968386538057e-10,-2.0160563631314678e-10,1.5966027360337906e-09,1.0064134703182406e-09,7.230429435384226e-10,8.981869288198998e-10,-7.911872641857341e-10,-3.232296693535412e-10,-2.3479000993137075e-10,3.1395405719781605e-10,-9.831045997870728e-10,-1.368568089139491e-10,2.1557773550027468e-10,-1.3984805540139338e-10,3.565319199700672e-11
F12treat_p14,-9.395931436348866e-10,3.3210008662493385e-10,-5.980160718682884e-11,1.0010414995483023e-08,-1.0507629881029092e-08,-5.682131187028488e-09,-1.8624445307073252e-09,6.572994492284811e-10,-8.326834536187719e-10,-5.423051042163151e-10,1.968156599093031e-09,7.788508710772205e-10,-1.3368064956109056e-09,-4.6747708062172824e-09,-7.809161922910325e-09,-3.5677318511491257e-09,-7.12534928363165e-10,-1.2029571052191315e-09,-1.6058846416745933e-09,2.3299894685182867e-09,9.372932427077455e-10,7.664100482985635e-09,-6.106785534248946e-09,-1.0571797052489606e-08,2.7244364841241016e-10,-8.124359083996456e-10,8.120341159645414e-10,-4.239872220967857e-10,-5.369846026225549e-10,-3.673774592346962e-09,6.113119104203706e-09,-1.053624588175278e-08,-5.312536407218821e-09,-2.3815402176006743e-09,-2.374843493979266e-09,1.1720710231226069e-09,4.4902880806699965e-10,5.483941019513323e-10,-8.18459129414957e-11,1.4185177944459199e-08,-9.090821964452795e-09,-5.352377152753143e-09,-9.273470900009836e-10,1.669441833292006e-09,-5.141052895869292e-10,-4.829406633539551e-10,-7.35300853606553e-10,8.278912566888113e-10,-2.1547182172454075e-10,-9.080987966874254e-10,5.317416633403043e-10,1.9321529946603194e-10,-4.333668965039349e-10,-2.4210260253076345e-10,8.818799503170671e-10,3.160510753000486e-11,-2.1307309069912626e-10,1.5900626432461495e-10,-1.6426996476217983e-09,-2.766629067834236e-09,-2.9730488435713073e-10,-5.088615770725438e-10,2.2732882240941318e-10,5.053298672606628e-10,1.9038974948397493e-10,6.657471261225406e-11,1.2803507158283423e-10,-2.5816431175645443e-11,-5.903106848827646e-10,-3.4385772524035e-10,1.7023905270178406e-10,-5.613355403362715e-10,3.9227651609889507e-10,-4.2498679207355554e-10,2.4716241411746664e-10,-4.997981725949493e-10,1.0559132251153444e-10,-3.5165605799129733e-10,6.260750242446482e-10,-2.193632986436318e-10,4.5824046317516405e-10,-1.3408636032022172e-10,-2.959147800903079e-10,-1.861234784963928e-11,-7.115216031743394e-10,1.0603219076496028e-09,-1.2519494921684124e-09,-7.48026240795699e-10,1.2007177330457725e-09,1.087222742968048e-09,3.934613847754684e-10,-5.121116196899353e-10,5.357760187080517e-11,3.011683186390462e-10,-8.270039097599256e-11,-2.2497152402372744e-10,1.5038541326509403e-10,-1.4379673321825258e-09,1.982124820717692e-10,-9.330942529816067e-10,1.3635973065070036e-10,-1.0723510448276912e-09,1.122919827438456e-09,4.688795816019953e-10,-3.983101935085795e-10,-2.0849043951599534e-10,6.403763908192443e-10,-1.0757306852067596e-10,1.4446057448637775e-10,2.2808992692590587e-10,1.6975257653543982e-09,1.7654439840601606e-09,-2.3312176158585138e-09,3.5908283106357146e-09,-5.372959648760562e-09,7.491805543020219e-10,-2.85401214137026e-10,-6.319234039136375e-11,-8.815224051566612e-10,2.0481135040973137e-11,1.0135516844578332e-09,1.4987910541715571e-09,9.100172911573379e-10,-7.462427971894638e-10,-1.362826332648756e-09,8.627786402964382e-10,-1.6989543954300734e-09,1.2433664691007974e-09,-1.290329321220456e-09,-1.1036186670248853e-09,1.3076454216553574e-09,-7.294541985080766e-09,6.7849513067574546e-09,5.422088410472724e-09,2.511102526304865e-09,5.232682569512865e-10,7.906314367219808e-10,-1.5031686012998538e-09,-2.5470242685596976e-10,-1.5662919566644908e-09,-2.35252070459838e-10,-9.444763342154923e-10,5.918710583178496e-10,2.6736559069377466e-10,2.215148596659512e-10,1.820975469293835e-10,1.2106038201107659e-09,-2.068478233140525e-10,-6.54810402588366e-10,-3.665530037542626e-10,-7.685887973505063e-10,-1.7923411100743492e-10,-3.946107707808437e-10,-9.404349699202576e-10,-6.914788663176016e-11,8.947252386893982e-10,-4.67442835538411e-10,-7.920419881902454e-10,1.2247772914384605e-11,8.63931726474249e-10,7.257188552751666e-11,-3.659133685277103e-11,5.840980682080779e-11,2.0702281679397265e-09,8.400344807088195e-10,9.496697836228422e-10,3.0023210584601094e-10,2.9050765951060705e-10,-7.101403338986468e-10,-3.8493062921483794e-10,2.2092947238051757e-10,-9.326781100166952e-11,-4.3866929182986697e-10,1.0037068311581352e-10,1.8057384801393722e-10,7.791451715023391e-11
F12treat_p15,1.0419261028772897e-10,-1.876810685196829e-09,4.620629343744586e-09,6.553028922022008e-09,-5.578932017660494e-09,-3.0753734794326274e-09,-1.988844104869635e-09,3.3655268737844977e-09,4.548326383071921e-09,4.791475616957939e-09,-4.1555395893607225e-09,-2.1481110325078377e-09,9.403379276196255e-09,1.9605065600591995e-10,-3.548230772132388e-09,-3.0759963853577823e-10,2.0058744601835417e-09,4.643910239016685e-09,3.373979944746286e-09,-3.374673830912963e-09,1.2791184538311465e-09,3.134592092144725e-09,-3.28281473645078e-10,2.6642676120463574e-09,-4.55183860458064e-09,2.7007910008025423e-09,3.4856037746489905e-09,3.3093436898504815e-09,2.345181596324362e-09,-2.2800235408095466e-09,8.728434280324285e-09,-1.0095237882723208e-08,-1.617516832656821e-09,-1.5976895458962006e-10,3.834642376405394e-09,4.3186820069933315e-10,1.5013254938244927e-09,8.489182562511552e-10,-2.684269559435108e-09,6.014803001565354e-09,-1.4709311116712264e-08,5.867664685685318e-09,-2.710336250960265e-09,-2.2539649960311555e-09,4.3207908998896986e-09,-9.944590289011773e-10,-2.283262933566593e-09,7.441800248842751e-10,-4.2901166713265223e-10,9.896452479055894e-10,-2.1739392186241827e-10,9.641344438345087e-12,9.936484370137974e-10,3.825506580107323e-10,-1.3402502330392131e-09,5.669036092615494e-10,2.044386814890569e-10,-3.6481331740720843e-10,-7.243994871050492e-11,-1.3300908430160894e-09,2.35200994275419e-09,4.945844793344819e-10,5.34107597149259e-10,-1.0241994419689525e-09,-5.502673150705799e-10,2.624822040347944e-10,-1.4595923838659748e-09,-1.2717346473544772e-09,4.547512718689942e-10,3.996209503641736e-10,-4.427476720633832e-10,-1.375132532178179e-09,1.7887310049740273e-09,2.7297617682456328e-09,1.4852847795585334e-09,2.935785796779147e-10,8.484609530708541e-10,-1.499130121557575e-09,-7.336610277816383e-10,2.818165534666805e-10,-6.215976307516238e-10,9.522487657167936e-10,3.718360296770315e-11,-5.413915937755065e-10,-1.9501598902911994e-09,-3.762013093084742e-09,-1.1985030488482063e-09,4.674843072214206e-10,-1.2854340911245008e-09,-6.634565089224962e-10,-1.4133851908306344e-09,2.2441548535527742e-10,-4.938292487384427e-10,-8.052489347228409e-10,2.8145621956880547e-10,3.918751909422294e-11,-2.53139109637852e-10,-1.8640674932998004e-09,-4.0148292566311216e-09,3.383277392885209e-09,-7.308386336638071e-10,1.0721186440996425e-09,4.395208769292441e-10,-4.308124215066632e-10,3.1242708613681134e-10,8.62938807221032e-10,-9.616192879393057e-10,5.200249187992897e-10,-6.916293849468365e-10,-7.040523700508361e-10,3.9599021952402926e-10,3.288558285275799e-10,1.8462880449984818e-09,2.4410261140146165e-09,-6.67722487544668e-10,-2.390317465106053e-09,2.6958460931913605e-09,1.4849029778993893e-09,8.809906003788832e-10,2.3530500807744915e-09,-1.8547905888241341e-09,8.243497684564294e-10,6.331413993551031e-09,-1.8669406728344556e-09,-3.692528335353858e-09,-2.699779917063901e-09,4.102440014711919e-10,2.8348706092234984e-09,2.442157807278002e-10,3.5135452689443053e-09,3.94975844122588e-09,-1.24558630294411e-08,9.522207139459912e-09,1.299489966870718e-09,2.796486466966211e-09,1.5577359432637939e-09,-8.299257187777731e-10,-2.4207916148047524e-09,-1.5037158122725261e-09,2.5976693066933205e-09,-5.147802159542256e-10,7.995940229276373e-10,-1.4982277348052188e-10,-1.2790531267551989e-09,1.0928056981869743e-09,-4.70703634807146e-10,-2.0684782331405332e-10,1.363550486583252e-09,5.368326840907657e-10,-1.1736230748709253e-10,-1.3971254475753923e-09,-2.5697872663777003e-10,2.390465745979282e-09,1.6471685594137393e-09,4.0923527987156066e-10,3.325923158103259e-10,-9.246043145564423e-10,8.657233665981513e-10,-7.165873637834748e-10,-5.531605960450008e-10,1.231808136069617e-09,-2.013976097289113e-10,-4.4925693684069447e-10,2.560401515790656e-09,2.08941310595899e-09,-7.655263044244391e-10,3.56428696695733e-11,-3.0043445990711427e-10,-3.015608286748522e-11,1.0096940232503493e-09,-1.8629485816353057e-10,6.1188261551295e-10,8.967241964813089e-10,-8.179951209883031e-10,6.452592931639581e-11,2.961506632081851e-10
F12treat_p16,-4.0440037104348705e-11,-1.0849122945010045e-09,-2.749982204584284e-09,-9.037103194082982e-09,1.4163968928243267e-08,5.9399170139051375e-09,6.581194364141882e-10,-3.7665539124553085e-09,3.795455983951789e-10,1.9675477299407284e-10,-2.239985935902115e-09,-3.1245057646584013e-09,5.768456442750647e-09,6.723137948306858e-09,6.831271709731359e-09,4.074541086064936e-09,2.020443574662548e-09,2.1380183120690597e-09,-4.694477166934496e-10,-3.850689628025694e-09,-3.4647787702641678e-09,-4.29493997311195e-09,7.464028863052938e-09,4.359326894804911e-09,2.3671086432930493e-09,3.5229203412226844e-11,1.50222735897351e-09,-1.7945149301592667e-09,-1.5459479409203074e-09,2.186920775789155e-09,-6.225028073378411e-10,9.371672446664469e-09,3.829448509398285e-09,5.340710248943385e-09,2.58931776273453e-09,2.195247737100856e-09,-3.354093681529343e-09,-1.881874337185013e-09,-2.2054581914587247e-09,-1.0398694554462559e-08,1.0262499841251896e-08,1.0723513849389354e-09,1.367839199000249e-09,-9.926792670320141e-10,2.477642186614308e-09,-1.3676542392960717e-10,5.824641822614268e-10,-3.9493205298458483e-10,3.3608541861464566e-10,5.947384671746288e-10,-7.170583186925561e-10,2.147999265937542e-10,6.63804299493391e-10,7.0650105214545915e-12,-8.164564184715026e-10,2.1991962672011398e-10,4.1579503907428665e-10,-1.9034229529089336e-10,9.198144249137627e-10,3.0732561764328565e-09,7.142164187423898e-11,-2.6643464669214924e-11,-7.138844892253285e-10,-1.9454320007603725e-10,-6.844827019747035e-10,-1.5382519366825433e-10,-2.0257948129881842e-10,-8.184990253888418e-11,5.597248428391749e-10,6.336194941311314e-10,-2.602724394314431e-10,1.0567939115754892e-09,1.817855791376862e-09,5.160735301802841e-10,-2.782823816706529e-10,8.980764126536871e-10,-1.6647208140675679e-10,6.517991224580878e-10,-1.6593740619414362e-10,-3.0249354116124873e-10,-2.7955668325116527e-10,7.082466420565147e-10,5.572450854486046e-10,8.977122085251397e-11,1.959020376305808e-09,-4.95586037254446e-10,6.463887823047494e-10,6.546353749107748e-10,-1.566472152847789e-09,-1.0625648845649334e-09,-7.028568767745571e-10,4.98417298842317e-10,-3.3223034890851963e-10,-3.6403410997134314e-10,5.667387650639591e-10,5.166595632506039e-10,-1.289047746599666e-10,2.0495110396748576e-09,1.9349444313344405e-09,1.7139768499911253e-09,1.0579761905016808e-09,1.0269460684760805e-09,-9.494436900989414e-10,-4.88745659389611e-10,8.608910631296278e-10,-2.2691464826784735e-10,3.4135770121008186e-11,4.0662486369533786e-10,1.2079587019756673e-10,-1.2145590877197934e-10,-2.2497414535262414e-09,-2.1321376747621923e-09,-2.4109020038948054e-09,1.143328559134285e-09,3.2279371541178203e-09,-2.073393559020153e-09,1.9906133592544763e-09,1.909093638859665e-09,5.362956071158866e-10,-1.0020658470464e-09,-2.4106667045754636e-09,-5.693224668116301e-09,2.5499595471579203e-09,2.591185672482954e-09,1.6028164990192283e-09,1.1601251685239454e-09,-1.3894905073429515e-09,-6.414304873201818e-10,2.4402336083611e-09,1.1350066859510307e-09,3.4395076519934637e-10,3.5096135190099134e-09,-1.092752088549076e-08,-5.196232719788598e-09,-4.943407194169908e-09,-5.305567832097376e-10,-1.7787471611839482e-09,2.007606684529132e-09,7.331595613677097e-10,1.2100666559678115e-09,-4.825552357213312e-10,-1.9824119629908352e-11,-1.0357392303024913e-09,-3.0705039230260765e-10,2.4269923554449983e-11,-3.1872216657970356e-10,-6.54810402588366e-10,5.368326840907657e-10,9.180682034406239e-10,3.725886480254541e-10,-2.451036740546209e-10,-3.549198072471481e-10,-3.352110115670167e-10,1.1214597528842478e-09,-7.964911436772923e-11,-9.169601242627591e-10,2.691520398818955e-10,1.245078393173548e-09,-4.540064653013116e-10,-7.555148177903387e-10,-4.4539742147715777e-11,1.0324028651119535e-10,-1.2899815876400667e-11,-2.125865637958181e-09,-1.3097560481748316e-09,-9.003740361586776e-10,-2.923771823111444e-10,1.5775273902888585e-10,6.913824992923668e-10,4.0871322305103915e-10,-4.234350709343292e-10,4.957557358113325e-10,3.744393521669587e-10,-3.712211880059328e-10,-3.2159606738117976e-10,-9.539594031786771e-11
F12treat_p17,4.952796357440559e-10,-1.618971959513774e-10,-5.270585150520808e-09,-1.1973650783842939e-08,1.7373240875443435e-08,7.2380870595167225e-09,3.135194350271873e-09,-4.2436727723945376e-09,-2.565937776024333e-09,-1.7930877582776299e-09,-3.860830695624182e-10,-2.391928586707929e-09,-9.456522040404415e-10,6.761884072395719e-09,7.845941726523911e-09,5.237630322556497e-09,-4.094040440847036e-10,-1.7471262804175838e-09,-1.4319602034043048e-09,-2.0026294380237432e-09,-4.475031630067394e-09,-7.599942033674885e-09,9.284534203876022e-09,4.664273552508575e-09,4.5272366403499455e-09,-1.956326703195545e-09,-1.1809827821694346e-09,-2.3528209710286224e-09,-2.5023507127006514e-09,1.0183466279332388e-09,-7.680822207838376e-09,1.535519233481722e-08,5.669371689300433e-09,4.8290805385444566e-09,3.6304937244341206e-10,1.4229065558377572e-09,-2.9610833831350733e-09,-2.8072595005669193e-09,-7.774086959314416e-10,-1.3500956783055692e-08,1.3806448585823e-08,2.8815048635575913e-10,3.917842162515893e-09,-7.574174576817674e-10,-9.799762322606363e-10,-1.2868445915486657e-10,1.2149197552134083e-09,-9.376918196561137e-10,5.8813581345769e-10,8.248610014297817e-11,-5.61103660366951e-10,9.501505239806674e-11,-1.4412109904969276e-10,9.689939878090312e-12,-1.1116483238285743e-11,9.34266537437849e-11,2.602350825235543e-10,1.930550880983628e-10,3.210473391186387e-10,2.678405101594566e-09,-1.0904521690099833e-09,-3.394185581417347e-10,-1.025820443294378e-09,5.909385321467572e-10,-5.411943532582621e-10,-1.179267286296371e-10,6.852987681183041e-10,7.137450692654224e-10,9.758872612353106e-11,2.1160919808956086e-10,8.987345325538438e-11,1.260334083809903e-09,9.218177649391808e-11,-1.0647894620795993e-09,-1.9693392846799744e-10,7.601789949574525e-10,-3.3245635033460953e-10,8.064466099512187e-10,4.4508856827424045e-11,-2.2533589974012917e-10,-4.225038815620678e-11,1.9128800619010114e-10,3.4287178290451123e-10,5.021492081989864e-10,1.9723967511808683e-09,8.684201369739145e-10,9.290256261417442e-10,5.049862479658459e-10,-6.374857907355138e-10,-6.803983776338538e-10,-2.4549258817929085e-10,3.1354942460303395e-10,6.775283353045781e-11,4.7231661892152455e-11,4.262904221822007e-10,3.8981249233018035e-10,1.3274002313827595e-10,3.2545061056963244e-09,3.450091000223423e-09,2.081029029434576e-10,1.755690916608703e-09,5.876026135057902e-10,-7.668323801070196e-10,-4.675854337548837e-10,5.701073430429019e-10,-4.5324621880505233e-10,4.5317075413156774e-10,2.276054337125045e-10,4.685151568580821e-10,2.615924328460031e-10,-1.5798364702564942e-09,-3.038925111081415e-09,-1.3030885560747837e-09,-3.6714078072700593e-09,4.466193581765389e-09,3.2906125967782424e-10,6.359784466938236e-10,5.540002486640712e-10,5.931987420085768e-10,-1.3461382500614822e-09,-1.7080915345299231e-09,-4.582410592896857e-09,-1.2282861207852845e-09,3.0846506462029146e-09,3.861843050624181e-09,2.7791735056256395e-09,-1.1174691940703316e-09,-3.1851558698029228e-09,1.2824479786833553e-09,-2.0066908828663515e-10,-3.0313291865396355e-09,1.239209283906788e-08,-1.1872610686104524e-08,-5.797570529959766e-09,-6.290029018957487e-09,-9.70036852850769e-10,-7.330542203047211e-10,2.1093804710974555e-09,6.481975561257607e-10,-2.973625340459436e-10,-3.79034430520684e-10,-4.30638761720255e-10,-6.328460934183953e-10,2.198490048354331e-10,-5.833504464386966e-10,1.038420300769082e-10,-3.665530037542628e-10,-1.173623074870932e-10,3.7258864802545307e-10,5.046538825503262e-10,-1.1018264755086561e-11,-8.460840216084578e-10,-1.7409344948249737e-09,-1.512171098477138e-10,-1.2424602919850064e-10,-1.240714099866284e-09,5.540049799016653e-10,3.822664383037009e-10,1.9964614356138552e-10,-2.5420459651648956e-10,-5.651954115137382e-10,1.1863296311731917e-10,3.560324526638214e-10,-2.658910672713372e-09,-1.6431910088585838e-09,-3.2722075729651264e-10,-4.230233197953533e-10,1.6815448306440058e-10,5.861595687644669e-10,7.730759804797739e-11,-1.129439709604241e-10,-1.4068585358041794e-11,-9.92613912845447e-11,-1.0539832320614506e-11,-2.7188866429094194e-10,-3.4340899003811065e-10
F8treat_p5,-5.249193614540064e-10,5.817962625392826e-09,-2.513589913258668e-08,-5.98797655784115e-08,9.263293601306825e-08,3.484597951506983e-08,7.338514225575874e-09,-6.096414121784085e-09,-8.50795366922232e-09,-2.7072392757005417e-08,1.2189981959804976e-08,1.4644845523235598e-08,-6.991331052307361e-08,3.729768778275941e-08,7.261769652201662e-09,-3.5452174419436607e-09,2.4133967448978716e-08,-2.3794294764734256e-08,-1.3820023159925718e-08,6.731722631756612e-09,-3.5171317440381015e-08,-1.0867430678774217e-07,7.236141699980775e-08,-1.5267517740308685e-08,1.210522030787606e-08,-6.34103942666846e-09,-2.103566242024519e-08,-1.835619609498129e-08,-1.190825910069938e-08,1.6469216929702717e-08,-1.0576150450586543e-07,1.2359646021942237e-07,-2.28479922224553e-08,2.443200646639083e-08,1.0903883903576897e-08,1.5572493839278232e-08,-6.494035701598309e-09,-7.867481858566766e-09,2.168474328120242e-09,-1.2552043813427738e-07,1.5292256576301428e-07,-2.0645416964528657e-08,2.5548384802653845e-08,3.3636121007402034e-09,-1.5164740388329494e-08,2.686248929443784e-08,1.2911783263516435e-08,-1.0169963469860522e-09,2.3205184596094123e-09,8.027647115876412e-10,-2.760495958821024e-09,-9.289134039174847e-10,-5.5886282897447524e-11,-2.9428260221560172e-09,4.554654677503719e-09,-1.1389818220497086e-10,-1.3689732922465554e-09,8.612195147745721e-10,-4.051363396191988e-09,1.7591528522303635e-08,-7.719468825969243e-09,-4.19205302013022e-09,-9.9292737104843e-10,3.4561272674611562e-09,-1.0613396425093351e-09,-3.995048656877312e-09,5.39210476609495e-09,1.196372435039331e-09,-9.500248706934515e-10,-1.9373670518543112e-09,1.6320669328319102e-09,2.4892512523788277e-08,3.0254289313535052e-09,-1.2941219042812667e-08,9.325654746998617e-10,5.132813980092807e-09,-6.322329931174026e-09,9.396968037887034e-09,9.004754039579166e-09,3.9833825073686534e-09,1.8870870067958924e-09,-2.9869117100110552e-09,5.114198631226416e-11,2.561496514466104e-09,2.5234819122123674e-08,1.71388096621202e-09,9.362623441540549e-09,-1.4402186444711854e-09,3.901417206861904e-09,7.80767137705538e-10,1.8235302327853638e-09,-9.204569194696682e-10,-1.6149977190386715e-09,2.1701209379430876e-09,2.250959756049558e-09,1.0175702106630675e-09,2.4845157985358464e-09,1.2066137878850115e-08,2.0381613679633577e-08,-1.0843091246187692e-08,6.604145789607241e-09,-9.319360320829493e-09,-1.0186407279292862e-08,2.0159267401509253e-09,3.427642125836813e-09,-3.9325827372049045e-09,3.5993806852055383e-09,-1.1291952289858032e-09,2.2762102056413e-09,1.4928332470168551e-09,8.202288984655403e-09,3.562828126028797e-09,-3.0403473045928925e-08,3.543117419309643e-09,7.178066245471028e-08,3.9987488246980986e-08,2.074882157322765e-10,2.526297358563935e-08,-1.9897231871908553e-09,-1.5572107359437733e-08,3.78964461841852e-09,-3.037471631479325e-08,-3.3906591820593e-08,1.0730512077519598e-07,-1.5891010081980873e-09,-1.089415305475733e-08,2.1943927397322404e-08,-1.0664903081241415e-08,-5.157376144698311e-09,-1.761562975214035e-08,-5.924570642958325e-09,1.1754384517556587e-07,-1.507528312389356e-07,-3.643243627954826e-08,-3.660423176206687e-08,-3.0582295372876126e-08,-3.783344961416936e-09,2.0420100308896358e-08,1.1238598206936316e-08,-1.1791095959079054e-08,-1.2803746482977812e-09,-3.0054725218824195e-09,-6.606230037379395e-09,1.408082293186903e-09,-9.676090510523515e-09,-2.043398217522102e-09,-7.685887973505173e-10,-1.397125447575406e-09,-2.451036740546223e-10,-1.1018264755084165e-11,4.623491421426243e-08,1.4769657062230097e-08,-1.3631022769497335e-08,-2.7732180509034023e-09,4.119257686393884e-09,-2.2215081468188337e-09,7.547316540842701e-09,3.4622227029262756e-09,4.0937525973286134e-09,2.6875101023667883e-09,-6.49759943903487e-09,-2.427301433371051e-10,2.237327623588055e-09,-2.6640190820698193e-08,-1.352737350004004e-08,4.74994920776488e-10,-2.521308666722714e-09,1.918242512500005e-09,4.620625321120336e-09,-3.432240100750148e-09,-1.2585420282988965e-09,-1.234889833437594e-09,-2.938314876700082e-09,1.93474611563965e-09,-3.265777070588081e-10,-9.53120293953172e-10
F8treat_p6,1.7214640106747604e-09,1.564199766536032e-09,-1.0757374748625123e-08,2.8265464380497832e-08,3.048556296775702e-08,6.787041208590249e-09,-2.574095734314532e-08,8.836964642151543e-09,1.3371634974866445e-08,3.99592714998073e-09,1.112374340507455e-08,9.494370337219858e-09,7.10868900180471e-09,-2.155855214986509e-08,-1.2863702489804974e-08,-3.136290299705096e-08,-6.916343203079902e-10,2.6368088113668585e-09,7.2057105920148174e-09,5.5556852304233795e-09,-2.331711277765529e-09,2.697483308187762e-08,7.00049398980575e-09,-4.241137155055979e-08,-3.206004234005592e-08,-5.8320159274791664e-09,-6.7603453335739854e-09,3.1268873621018696e-09,2.1305136651214032e-09,1.6971412592233683e-08,1.1756909102454574e-08,-7.480274182737243e-09,-3.196808173309488e-08,-2.5407142530039674e-08,-1.3005306772470544e-08,4.979410680519522e-09,1.093719097558422e-08,1.1545850551200154e-08,2.395189613036013e-09,1.905769262547e-08,5.4178044266283486e-08,-3.450330681172815e-08,-2.1844175170183553e-08,7.76302108727986e-10,-3.719349863155271e-09,1.1221590356444493e-08,1.5608169658890278e-08,-4.00316826962298e-09,2.1816163086740635e-10,5.965279941086405e-09,-3.886734346306484e-09,5.1802019907306226e-11,6.299396477458804e-10,-3.16155430463564e-10,1.840126063924697e-09,-1.0406707833653653e-09,-4.849151368332822e-10,-6.960609358638751e-10,-1.5809374085379174e-08,1.033285390026496e-08,-5.722095934078412e-09,-3.941100766215666e-09,2.8332971057899153e-09,-2.066777398789838e-09,1.863834069543896e-09,-8.285695196425644e-10,2.6569867631805707e-09,-1.0964015675534428e-09,-1.0759501263170711e-09,-1.8793454499398556e-09,8.763585980411701e-11,-2.8570778274960117e-09,6.745933894980109e-09,-8.507165118712221e-09,-2.374635835456518e-09,4.000500025092734e-09,-1.1593921548450451e-09,5.150295773375292e-09,7.730325979675964e-09,1.5541458688092148e-09,7.56503315145087e-10,-2.44686045759688e-09,-1.118672053067766e-10,-1.7845369755315268e-10,-1.4529678497339243e-09,1.0239038523333116e-09,-2.2825648858102277e-09,-6.495193291869345e-09,9.12765076151499e-09,4.091027153854847e-09,1.536760790218427e-10,8.371390354251754e-11,3.850216265564065e-10,-1.5075038756755948e-10,-5.112217079757031e-10,-2.2937900147968858e-09,7.269879081465642e-10,-1.5772303533115735e-08,7.114696150030835e-09,-9.181522177080892e-09,-1.3759859713230321e-09,-2.0063360499572704e-11,-4.8067777300418225e-09,4.577743840515679e-09,3.3963142758659662e-09,1.416402258848695e-09,-1.8353067284268661e-09,-3.248622229011616e-09,6.895051748980388e-10,-5.145440049428774e-10,7.465427078632504e-09,1.2925620625126274e-08,-1.7965284188060545e-08,4.304345797362938e-08,9.339289173113561e-09,1.0363092056917384e-08,-1.6618482979302689e-09,1.5619844581277164e-08,6.2697951486728285e-09,-1.039722950622933e-09,2.7608267356235473e-09,-2.8159193401320845e-08,-3.270417669999323e-08,6.783650701567827e-08,-1.7320717580053624e-08,-2.414520117486771e-08,-4.114265895889765e-09,7.636266332675125e-09,-6.320651040297611e-09,-7.04274392704878e-09,2.554255067794094e-08,-1.1446436995651656e-08,-6.047087162974961e-08,5.502869329637529e-09,1.1769359927479115e-08,-9.14732011933603e-09,-8.049268435295899e-09,2.635083437050656e-09,1.723312742686618e-08,-6.136635323807663e-09,1.8200522907238e-09,4.317854656352567e-09,-2.483060349800783e-09,-1.0901507365600032e-09,-2.4603112829301435e-09,-9.775033971796386e-10,-1.7923411100745317e-10,-2.5697872663776414e-10,-3.549198072471489e-10,-8.460840216084501e-10,1.4769657062230224e-08,2.5701015598136215e-08,-4.7184998708067085e-09,1.3261343069566338e-09,1.0114550138067277e-08,3.011777236947816e-09,1.4549664542888972e-09,3.5108513525758017e-09,1.004572154353824e-09,6.315816739365753e-10,-3.154051776373048e-09,-4.8787170848810243e-11,-1.708832976290269e-10,-3.1828403590986235e-09,-1.469849100133326e-08,3.177622843557331e-09,9.936445148838447e-10,-4.1325627957091496e-09,1.1264844458526345e-10,-2.392570686110457e-09,-1.2323883093436635e-09,5.828919653600984e-10,-3.1062555059048357e-10,1.7089522509328257e-09,4.871878621833316e-10,6.103247886312467e-10
F8treat_p7,1.63397013601262e-10,-2.6851583766346654e-09,3.8916937768700095e-08,6.721862207664953e-08,-1.1778862387005046e-07,-5.4997340501238955e-08,-7.91532406602618e-09,2.665823247746391e-08,1.4987364251894788e-08,2.4523880132656818e-08,-1.2110708708053134e-08,-3.066256612947073e-09,5.1277704835546726e-08,-2.9485608457047117e-08,-5.440314063925258e-08,-6.816967622830299e-09,-6.4162173272584045e-09,1.538890232024104e-08,1.979683784102928e-08,-2.4702297251921218e-09,3.56522458418208e-08,5.6760449829977536e-08,-7.1235728069877e-08,-6.442848531913487e-09,-2.1877954266721898e-08,1.6041378826890774e-08,1.405187627468585e-08,2.846454485045118e-08,1.935839712031756e-08,-1.032398546031762e-08,6.216596833825064e-08,-9.945324943233202e-08,-2.2617443088974795e-08,-2.9371833349441758e-08,3.003919058932022e-09,-2.187657410407993e-08,2.2410800811601844e-08,1.9013807306684384e-08,4.254986177912339e-09,7.955314278058895e-08,-1.3357123404948875e-07,2.3729366902175326e-08,-2.433119923787955e-08,-8.281847856225288e-09,1.635368549494145e-08,-6.049464670671314e-09,-1.684377538571069e-08,1.2305716414559163e-08,-1.18984744974632e-10,8.70051325169908e-10,2.3224070391361167e-09,-1.6286252818459032e-09,1.7393897986662026e-09,3.3452125596250213e-09,-3.762949685270768e-09,-1.2106685294061315e-10,-6.318945791146054e-10,-2.0897030081894194e-09,1.265095891284234e-08,-1.829628782507191e-08,1.3582084884649595e-08,5.7282816248592065e-09,2.8044734593741308e-09,-8.02636495186025e-09,3.883597709929689e-09,2.9336567990483384e-09,-7.774430516981595e-09,-5.052493230549668e-09,1.1435889990945227e-09,1.5468677640262464e-10,-1.931486448567554e-09,-8.960372030167456e-09,-3.6115717940811463e-09,1.755355237457534e-08,7.511558468455636e-09,-6.755337810874914e-09,3.049315327071873e-09,-8.454975762512672e-09,-7.62567195773194e-09,-1.0909281935283826e-09,-2.7008563336782134e-09,9.735502286672354e-10,-1.776025002456593e-09,-4.234180776248784e-09,-1.3181853693154207e-08,-8.340241585772842e-09,-3.918547986505262e-09,4.631716083206782e-09,-4.607592811059742e-09,-1.8211736973331835e-09,-4.975968239865987e-10,-2.1952192955731227e-10,1.3788347675427738e-09,-1.889536829066838e-09,-3.3411506081903284e-09,-2.794192898614775e-09,-2.754528574356008e-09,-3.8130355165219506e-09,-3.344967205859829e-08,9.716074721902538e-09,-9.142398628080851e-09,-1.7456584957027884e-10,5.4577253904475124e-09,2.529058415715871e-10,-4.507685920405781e-09,3.92420663944102e-09,-4.894221379805596e-09,5.154660283118408e-10,-3.1292052505920913e-09,-3.096754315433482e-09,5.157845528557474e-09,1.4019207195882766e-08,3.360311057272092e-08,7.759830537486848e-09,-4.33724909467092e-08,-3.241111228867083e-08,5.257388591508779e-09,-1.1611152838057474e-08,-2.5507765253262054e-10,1.9827403572034224e-08,1.052290703623588e-08,4.0899345567941555e-08,2.5398769286409742e-08,-8.421067911709741e-08,-1.8397512615623973e-08,-6.232054538706503e-09,8.758627938769543e-09,1.24522304638764e-08,-4.511166511250707e-09,1.3048266277993579e-08,9.238137254303577e-09,-9.745090808021681e-08,1.1876551331724731e-07,3.816568773257006e-08,3.4942175915006596e-08,1.5565558910666228e-08,7.274532312796731e-09,-1.4834080845288838e-08,-1.4665542634175416e-08,1.7005380037883123e-08,2.785199609594708e-09,6.40216338726163e-09,5.310922341605698e-09,-2.436956270989235e-09,6.6567346617879055e-09,-3.321237901496974e-10,-3.946107707808316e-10,2.3904657459793073e-09,-3.352110115669919e-10,-1.7409344948249694e-09,-1.363102276949733e-08,-4.718499870806941e-09,2.850386029805352e-08,7.311710150296003e-09,-3.0577224842478797e-09,4.780634834846136e-09,-6.092989386458852e-09,-2.737522327691855e-09,-1.2507481054131477e-09,-1.6356369568036817e-09,6.6040751056591205e-09,-9.64322658967492e-10,-3.5758621492372013e-09,1.5894884465402065e-08,1.8110791858793492e-08,-6.354099502223651e-09,-1.068708225516371e-09,-1.225848419159487e-09,-3.4273802917016847e-09,1.8540328271311557e-09,9.070374298171451e-10,6.90773863688676e-10,2.9613126899689482e-09,-1.4606375665512203e-09,1.2583318881279214e-09,2.4497155065152586e-09
F8treat_p8,-7.633914487055457e-10,-4.029641014021923e-09,1.2952680974945594e-08,-1.5705597783775535e-09,-1.2919115846878724e-08,-2.5653763632990585e-09,-1.3452705133939537e-08,6.927520920537814e-09,3.3589806465514246e-09,5.604415133964481e-09,-2.085544568772347e-09,5.177665290067166e-09,1.2694098821820349e-08,2.8125074947494453e-09,-4.221118564157664e-09,-3.0794108998908594e-09,5.1204530827690836e-09,9.44349674632708e-09,4.729968932490175e-09,-5.67700081045354e-09,1.058779030980524e-08,3.0862719393929345e-09,-1.1538412543670494e-08,-1.2575730062329063e-08,-5.245098716419159e-09,6.9586818595530725e-09,3.039022160990501e-09,6.195510568328067e-10,5.977561665988807e-09,1.669486179647661e-08,4.009786522060075e-09,-2.4617223610670054e-08,-8.442775112296276e-09,-2.262437880292004e-09,1.1066920336905037e-08,3.5831974172381443e-09,-1.4682146011946507e-09,7.750802062814748e-09,1.7521962569835886e-09,3.325927546247888e-09,-1.5400017470965533e-08,-4.625760071202073e-09,-1.3766110886995728e-08,7.309017107868114e-10,8.398023295737834e-09,-1.539648872024589e-09,-2.6560521128020254e-09,3.8343551378145945e-09,2.5347923559698775e-09,2.851775230422202e-09,1.161686906428751e-11,-6.909460632777843e-10,1.6225975784426831e-09,-1.4623530802578162e-09,-1.3939914092513124e-09,3.5452612901650235e-10,-1.3371491487466996e-10,-7.507673128938537e-10,2.633952249564645e-09,2.305542510769268e-09,2.420958120009219e-09,3.0970556998048283e-09,-9.426625220406963e-10,-3.1907431056132425e-09,-1.2482415794501733e-09,1.7098944946329097e-10,-2.599042268243929e-09,-3.8510569508948536e-10,1.1181032238401374e-09,3.818959333252851e-10,-7.63195092118695e-10,9.328738163602357e-10,3.122741389556463e-09,6.566543556950955e-09,3.880984415758673e-09,-1.7103349491117818e-10,1.7282679024825686e-09,-2.442955787631596e-10,-6.935613833607081e-10,-8.065635274759173e-10,-5.216010968658768e-10,9.79081826042107e-10,2.123677047658123e-10,-6.516299225838246e-10,2.94928367324891e-10,2.128696536574052e-09,3.451009941262457e-09,3.609919904851222e-09,-4.706573549144959e-09,-1.0730533608279743e-09,-1.8976983299357553e-09,6.473299147637311e-10,-2.1239667663677407e-09,-3.628578094856383e-10,1.7085072840948505e-11,-2.742373420887734e-10,-5.051526394504523e-10,-1.6723486664326089e-09,-4.904616085976106e-09,5.8593692046808595e-09,2.8218899941254014e-09,1.469296898874621e-09,1.5646005648469024e-09,-1.2537903262249296e-09,1.3161346737939263e-09,4.2281439382215793e-10,-8.995644524428594e-10,3.514339130590178e-10,-1.3109962892913336e-09,-5.427496055949376e-10,-5.127823002454651e-10,1.4780009747821551e-09,-1.8238163141049499e-09,1.3637425844443227e-08,-1.465748103001491e-08,-8.257962723493895e-09,7.520580990501735e-09,9.079246221857234e-09,-2.0724799822687444e-09,2.9530269038762915e-09,2.977829552095524e-09,4.849960504309544e-09,5.149715663084589e-09,-5.001110427103378e-09,-7.433323776795184e-09,-6.136551078985866e-09,6.3721670038876515e-09,-2.332404927697315e-09,4.433597134831404e-09,1.1390021523494605e-09,9.680587295351248e-09,-2.195201279564144e-08,4.1071785582263036e-09,2.7901698176860517e-09,4.448811098999092e-09,-3.015884653561612e-09,-9.033704501921582e-10,1.938012111973137e-09,1.197510314332815e-09,5.088418153818047e-09,1.354474353619216e-09,-1.7676898619122172e-10,-6.127977262290367e-10,-1.989736206543906e-09,9.54118789845674e-10,-1.707016730295765e-09,-9.404349699202495e-10,1.6471685594137508e-09,1.1214597528842538e-09,-1.5121710984771666e-10,-2.7732180509033857e-09,1.3261343069566694e-09,7.311710150296026e-09,7.337633859424977e-09,3.328301336753913e-10,2.195740060223779e-09,-1.2431736508660224e-09,2.279569625164602e-09,-2.817708501925572e-09,-1.4140732125440158e-09,1.6197182629428946e-09,-9.513307831690232e-10,-6.583452776377887e-10,-6.082512468670613e-10,1.1539245805461123e-10,-3.971808856867894e-09,-2.9210240020369045e-09,6.583764802949888e-10,-5.727390370814488e-10,1.703042619698242e-09,-7.813394960371986e-10,2.3501862069818607e-09,1.0796697928009977e-09,-7.181287219505015e-10,3.4668987435032395e-10,3.8941633107840227e-10
F8treat_p9,1.2916320711634783e-09,-1.4475255522495347e-09,-1.1741352572453682e-08,1.5026437187423257e-08,3.060231329801361e-08,1.1880925178960982e-08,-1.1401306351453922e-08,1.3296084174287443e-09,4.112859746273262e-09,4.109295805222809e-09,6.878925081071072e-09,1.2313510103679e-09,1.1616640388568356e-08,-1.2116676302641953e-08,-1.4516258246633648e-09,-1.6343024062691103e-08,-3.294678771700984e-09,-3.4504558387376647e-09,1.6382200106067934e-09,-1.7279023278107842e-09,-8.86010820238827e-09,1.84298784495207e-08,9.087883024328989e-09,-2.0704228315749737e-08,-1.169630792159523e-08,-5.766394452185352e-09,-5.329766036124342e-09,-3.681836372612112e-09,-3.7138652360881004e-09,8.800782371242809e-09,2.1248543807577308e-09,-3.3817196288107355e-09,-1.0564305018426099e-08,-9.776589675048334e-09,-7.860717978479233e-09,3.0183464651001607e-09,1.649033126512282e-09,-2.007383503973094e-09,1.3676405220944107e-12,7.695938905364948e-09,2.2757426697873807e-08,-9.40033831522804e-09,-3.810279819008239e-09,1.1314845562320694e-09,-5.291039772205875e-09,2.8006024349624706e-09,5.966361055953123e-09,-4.113345700949071e-09,1.2055699300477005e-09,4.24503206712335e-09,-2.6517244184846075e-09,-1.1883514734416297e-10,6.192910704513018e-10,7.334047041766302e-11,6.848296780601474e-10,-1.0485962268667131e-10,-3.638632173300315e-10,-3.863126582743121e-10,-1.0697296882617302e-08,5.312361680912572e-09,-3.23657314982118e-09,-1.8667174444187493e-09,2.3007759029766813e-09,5.867074465213437e-10,8.592825846783978e-11,-9.151508382375709e-11,2.08546733148185e-09,-1.4592902457605123e-11,-1.0595116337715391e-09,-1.0505098223499198e-09,-1.2041997904463557e-10,-4.651762108464303e-09,1.2766348381170904e-09,-5.708496810300621e-09,2.3323459183023777e-10,4.549717403307162e-09,-2.318646459455031e-10,2.229506979276359e-09,5.095171195356244e-09,4.839532591683904e-10,1.8662131660568923e-11,-9.292016167822581e-10,-3.097505596720836e-10,5.6799335085683e-11,-5.2842976232108395e-09,-4.439518719890598e-10,-2.7468843589773056e-09,-3.39755551921938e-09,5.837152999003499e-09,1.8559017932108522e-09,-1.2061474983537853e-09,5.193792820134026e-10,1.6873397259892538e-10,-2.1015831071646318e-10,7.627527855055521e-10,-1.156610032424867e-09,3.6808933655587586e-10,-5.667902057003899e-09,5.612017138334229e-09,-3.8664457276374115e-09,3.2134426413757724e-09,7.876749098487338e-10,-2.297007031190529e-09,2.322390419863442e-09,2.65922608291915e-09,6.881736746981311e-10,-9.978022401917453e-10,-1.6325364743036175e-09,7.082086009169586e-10,-6.653698540388584e-10,2.0235303546376014e-09,3.3155334783238262e-09,-1.0745822740155063e-08,2.658516366381755e-08,3.1057145484039494e-09,9.993781628407827e-09,6.944831675717537e-10,9.744834771135093e-09,5.448313486370627e-09,-1.3505980353174321e-09,-3.308141042066368e-10,-1.8772145110393676e-08,-1.1629303634739564e-08,4.1746934285654776e-08,-2.304750400037238e-09,-1.0097049927532497e-08,-5.260346063222937e-09,1.141724962056653e-09,-9.215065286994011e-10,3.6278211851593256e-10,9.114684176322843e-09,-3.0685245352165262e-09,-3.1622394890222644e-08,-3.3845239412835113e-09,1.7135267919261049e-09,-4.437353707365866e-09,-3.837176427623807e-09,-1.1836044488249634e-09,6.920946428720237e-09,-2.1378370874481877e-09,6.89746087313796e-10,1.9582783935713482e-09,-1.0041738656745966e-09,-3.4931696624262335e-10,-1.9291196681132002e-09,-1.7253351487835556e-10,-6.914788663176011e-11,4.09235279871568e-10,-7.964911436773003e-11,-1.2424602919849544e-10,4.119257686393963e-09,1.01145501380673e-08,-3.0577224842478685e-09,3.328301336753965e-10,7.734567251812276e-09,1.7419004573828559e-09,7.313043512469322e-10,2.509686571106937e-09,8.251885666079955e-10,1.2567254147409356e-10,-1.3516272290369127e-09,-2.8995401311273534e-10,-5.500742473958484e-11,-1.18242468831875e-09,-6.931615511035135e-09,1.7217585645500125e-09,-2.982920478510914e-10,-3.1356174860006117e-09,3.643287471572716e-11,-8.854355218554542e-10,-7.660623202208167e-10,4.5442194822630134e-10,1.6213380649401987e-10,5.722044562437093e-10,1.846708292250588e-10,2.358895037121833e-10
F8treat_p10,-1.3858832975807114e-11,9.197745310488465e-10,1.6132157039286277e-08,3.490484448713076e-08,-5.2872410889735984e-08,-1.8247428247253932e-08,-2.141825105459656e-08,1.1690759105569855e-08,5.203721383246925e-09,6.2283858714656026e-09,3.1426677193675324e-09,1.2214823156430594e-08,7.158882862600592e-09,-2.6396392987038315e-08,-1.967879507875736e-08,-1.9805272600868128e-08,-1.2527491286543528e-10,4.243936904201619e-09,8.322098962459707e-09,6.22578570237316e-09,1.9037313259044365e-08,3.041999093976341e-08,-2.6129779828626715e-08,-2.665615149386227e-08,-2.0703094051978038e-08,1.7656641489045504e-09,-1.4779078207732056e-09,5.664793157199392e-09,6.6472188808018545e-09,9.512695121752537e-09,9.710972458638784e-09,-4.671338867317408e-08,-2.1877405083193318e-08,-2.2800900712830322e-08,-3.0590242673891454e-10,-3.4364334157403915e-09,9.630041048082802e-09,1.204857734264995e-08,1.1648603673607732e-08,5.0246747990760305e-08,-3.3210379833287094e-08,-1.3416450503284735e-08,-1.71768083431769e-08,1.133373920942126e-09,-2.360197704867194e-09,-6.614841837945952e-10,-3.6347576777920134e-09,1.7116487419140245e-09,-2.1249628358188587e-09,1.590438902497088e-09,1.941581961374138e-09,-1.1603552902785246e-09,5.967117342356572e-10,-9.53284653319367e-10,7.628749058283343e-10,-1.0834442863160281e-10,-1.1029050423623715e-09,-5.222634360683342e-10,-3.0917369484099043e-09,-3.3016396675707386e-09,1.7471474383071787e-09,9.180533234463416e-10,3.899978010155281e-09,-2.368127245656887e-10,1.642651193847436e-09,6.24429875188409e-10,-1.827306964966654e-09,-1.0548690692044068e-09,-6.472046042636666e-10,-9.67263668862733e-10,-5.967002493501872e-10,-2.2898134269347893e-09,-5.839883617786755e-10,4.715446992008541e-10,2.9168869719287252e-09,-8.47337430893824e-10,1.97878932090672e-09,-1.0567769297514106e-09,1.5077898231042226e-09,3.221049685003808e-10,5.372611707044633e-10,-6.485967244154447e-10,-8.55295582717518e-10,-1.2147286338486819e-09,-8.657057680700624e-09,1.8781454081656358e-09,-1.996880088210609e-09,-9.148222454127164e-10,1.4671734993879663e-09,3.869073102315555e-09,5.829742114767498e-10,-5.833380227946372e-10,-1.036562372067661e-09,2.2758624621477228e-10,-1.0297917138021013e-09,-1.4625169895305813e-09,-4.400196172354346e-10,-9.874592410412637e-09,-8.376168316587616e-09,-1.0524764602986728e-09,-2.1932649131901028e-09,2.709814694017228e-10,4.411824063003213e-09,1.754092461082404e-09,-3.1393409542693683e-10,1.2791329737420866e-09,-1.2393253031152708e-09,-1.1080111102060184e-09,-1.365529664373664e-09,-9.524613546078473e-10,5.732803140355372e-09,1.3228474585555205e-08,6.264443828804774e-09,4.893115893146678e-09,-2.67662277882107e-08,3.5331225903590055e-09,4.1107153609589675e-09,4.379393303014777e-09,-2.0803026236593298e-10,5.430376081978778e-09,7.187556339269333e-09,6.468965829766563e-09,-9.91821293778742e-10,-6.706997930790466e-09,-3.007034039619679e-09,-1.2890443210594654e-08,5.595412036172461e-09,5.9146061437982304e-09,-2.9263804201314404e-09,-1.6365865034687262e-09,1.0276625350648283e-08,-4.065017241520734e-08,3.1798423064542114e-08,1.4857844634347659e-08,2.0821397133275717e-08,1.728818764152734e-09,2.739085078265796e-09,-3.031084874238357e-09,1.8126202852107057e-09,1.462104487886678e-09,2.113716314168047e-09,4.0204790579129017e-10,1.6544699241960956e-09,-6.822790772490973e-10,8.383089952251211e-10,-4.297820646542018e-10,8.947252386894004e-10,3.325923158103265e-10,-9.169601242627593e-10,-1.2407140998662846e-09,-2.2215081468187936e-09,3.011777236947858e-09,4.7806348348461175e-09,2.1957400602237672e-09,1.7419004573828586e-09,7.38659799850209e-09,-1.8655865268008765e-09,5.51220577637384e-10,-1.2430045829971157e-09,3.8571624698447237e-10,1.620223529171767e-09,-7.391994737432807e-10,-1.1692436191812661e-09,6.096765053567033e-09,3.4601254893746594e-09,1.7313922946488647e-09,3.3895128388944674e-10,-5.123910668797984e-10,-2.729256204273008e-09,-2.1543289694649213e-10,2.0710140083743273e-11,8.33189754602072e-10,2.3049271712405694e-10,6.665845439031886e-11,1.0279105779642818e-09,1.0944889490000448e-09
F8treat_p11,-6.798170474442849e-10,-1.6228422331655753e-09,-1.5122557437288118e-08,-3.474283815138776e-08,5.665636400448349e-08,2.487865621625415e-08,8.979180135561249e-09,-8.427463783854098e-09,-9.027886716183898e-09,-1.0953729283393469e-08,4.176825041967952e-09,3.775286216762858e-09,-2.0835454607199777e-08,2.195280675271146e-08,1.789771970817747e-08,6.7586133682430245e-09,5.286071853508929e-09,-9.507012723327864e-09,-9.954198993533683e-09,-3.4189657652503345e-09,-1.2742777689840353e-08,-3.1538061039164604e-08,3.2054351910391415e-08,-1.6740013624570106e-09,1.928687922183608e-08,-3.205056288798704e-09,-7.772220922498149e-09,-1.3833974267116125e-08,-1.107094237578023e-08,9.764071927725338e-09,-3.443509441882862e-08,5.1444729732918754e-08,4.3849049844457135e-09,1.3586424935596376e-08,2.2893289235276285e-09,7.859846546305593e-09,-9.941149824565121e-09,-1.081181730203202e-08,2.8565542801430527e-09,-4.560819600284387e-08,6.11716819415013e-08,-8.611812048167206e-09,1.4981653034867916e-08,6.490768212509075e-09,-6.378437418290059e-09,4.6369180064856295e-09,5.493214594766687e-09,-2.7763282841895923e-09,2.395088349379692e-09,-1.0769598362483816e-09,-1.560014989012723e-09,8.640722228673138e-10,-1.573739645522333e-10,-1.6501713375584452e-09,1.4123809219739073e-09,-6.265711688113374e-11,-1.295505035874201e-10,4.165989465260991e-10,-2.962587698579259e-10,9.003053434855508e-09,-5.7170135519409266e-09,-7.564009559562995e-10,-1.787176813684921e-09,2.4175680389823105e-09,-9.301797131019688e-10,-1.1563403064225314e-09,2.7335573016112136e-09,2.1307818794790715e-09,1.401818106111421e-10,-2.3996839297143834e-12,4.134364981850641e-10,5.254348894056727e-09,-1.8337725155241082e-09,-4.507040386031548e-09,-7.088970099499244e-10,1.8444049085341635e-09,-2.3726855338385094e-09,5.0179531609181296e-09,3.3819326369925643e-09,-8.351354483426092e-10,7.984045926879738e-10,-5.874002916057204e-10,3.460547388822781e-10,1.467673711300533e-09,7.368319802457069e-09,5.327540701342452e-09,4.53379040095865e-09,2.43299624723967e-10,6.65800226464332e-11,-2.3460589171911956e-10,1.063351444677999e-09,2.226624671996254e-10,-5.820865714744252e-10,9.672861798041545e-10,1.4213438469854653e-09,7.987233712154663e-10,7.656461249878191e-10,7.286060086885474e-09,1.1593617986321288e-08,-3.4692233108764026e-09,5.782315221133978e-09,-2.56988728349474e-09,-3.0534134994466554e-09,6.645692048722742e-10,1.0162247533972416e-09,-2.5829488892160787e-09,2.030060529650396e-09,-6.158247614362231e-11,1.7111599633170593e-09,9.582194088498875e-10,-2.9151806898310238e-09,-7.401340324186487e-09,-1.0598856317459217e-08,4.343979331218933e-09,1.8464573896539505e-08,1.185170098819142e-08,7.310933836540171e-09,6.411358909837342e-09,-8.780174448128692e-10,-7.572829481363432e-09,-1.7502165831550245e-09,-7.888285637300066e-09,-1.1893351818709344e-08,3.441332967169198e-08,1.1438772921227535e-08,8.238911356621845e-09,2.3172899334800426e-09,-9.600239565712009e-09,2.585560486502663e-09,-3.488765240766658e-09,-8.769970105265958e-09,4.9302962727385437e-08,-5.881678800107462e-08,-1.742268057415554e-08,-2.2577947539712104e-08,-1.1116810266061921e-08,-2.2912058745955975e-09,7.456285501161536e-09,3.777891140336322e-09,-4.8092277403309246e-09,-1.3939484295199965e-10,-2.845926937677334e-09,-2.2440831236721656e-09,1.7268028960581886e-09,-3.3646185067679118e-09,-1.133459371508227e-10,-4.674428355384129e-10,-9.246043145564427e-10,2.6915203988189555e-10,5.540049799016636e-10,7.54731654084269e-09,1.4549664542888675e-09,-6.092989386458855e-09,-1.2431736508660156e-09,7.313043512469337e-10,-1.8655865268008765e-09,3.861660004005902e-09,1.0112304951965235e-09,8.475290360322344e-10,5.465006741456139e-10,-2.5940551755211392e-09,1.3372323547324897e-10,1.0878163956147013e-09,-1.0275099900638798e-08,-6.998021891035593e-09,-3.772258278874709e-10,-1.6860867399719376e-09,1.0361524201150724e-09,1.3754194620771805e-09,-1.7529983588947225e-09,-5.589561741285953e-10,-7.220686539359865e-11,-1.134032537721629e-09,6.322440077993848e-10,-5.457700949279393e-10,-7.376444405116002e-10
F8treat_p12,-6.191215483212908e-10,-2.1266991443220324e-09,-8.452332806980784e-09,-1.1431631612036344e-08,3.208460445426377e-08,1.497665867026121e-08,-6.560931589476967e-09,-6.280839020721378e-09,-3.478269615488258e-11,-7.907497284093566e-10,9.186089763882779e-11,-3.5070958110297453e-09,6.914443165857357e-09,6.310068792957827e-09,1.2958603283448524e-08,-1.5226976034800152e-11,5.077673634796205e-09,2.6397318812328615e-09,-2.0181808041891245e-10,-4.914351718980352e-09,-9.651418637383023e-09,-2.0372584186620466e-09,1.6676516784563578e-08,-5.247714567276547e-09,-6.544921631971707e-10,-4.660974651957796e-09,-1.534543025841527e-09,-5.9039761664546954e-09,-3.318823891255841e-09,7.879705524852318e-09,-9.004772346230635e-09,1.5927918779025343e-08,1.8102379774475575e-09,5.6682354536339e-09,2.820227050287656e-09,8.352123321847928e-09,-4.885359108845098e-09,-1.2398754607642941e-09,-3.5195796361719558e-09,-1.2452960207085663e-08,3.0413967643907124e-08,-5.8492952382161965e-09,4.4697837912664897e-10,-1.7683360930806262e-09,6.501011380042193e-10,2.438631675146872e-09,3.5073333846604715e-09,-1.9811714947508046e-09,1.5019354934355247e-09,2.86540881837738e-09,-1.1905524192970398e-09,-6.764298114052591e-11,2.2208882403060438e-09,-3.9755344857181694e-10,1.494205826576259e-10,4.512226561670106e-10,3.199904153900035e-10,-3.045236126748629e-10,-8.8474934890345e-10,8.095627145162937e-09,-2.507317297392114e-09,-2.8171209394718393e-10,3.852101688903561e-11,1.074295424064864e-09,-1.359404644898189e-09,-1.9548716608201695e-11,6.709492006241563e-10,3.3242338017337425e-10,1.999272072885458e-10,5.352157581215923e-10,-3.4457062727734023e-10,2.5435256188730518e-09,3.6773102853116526e-09,-1.8163415456152145e-09,6.046265857799233e-10,3.0287538204101566e-09,1.473894200645099e-10,2.4031613742964604e-09,2.7008038332603886e-09,1.8865925757200584e-10,4.565867452415998e-10,5.895579455978919e-10,9.772948732354882e-10,3.736219767657005e-10,3.2166798737703266e-09,8.652077268000149e-10,1.3723601031530862e-09,7.594940807956141e-10,-6.366062038489213e-10,1.2884501097975958e-10,-1.3903685390134936e-09,1.025484430800527e-09,-1.105467781489436e-09,9.840406773769307e-11,1.3487923194563805e-09,5.189151090566451e-10,1.2669490985832444e-10,9.110951658567254e-10,6.65739487428185e-09,8.198760445681392e-10,4.125433849887698e-09,1.6275224841532582e-09,-1.331594058604012e-09,-4.411465971997146e-11,3.440068304447105e-09,1.5998086942062005e-10,4.6498012171988354e-10,-1.5398690839119269e-10,3.356334058352336e-10,-1.83207410383334e-10,-1.9291840317590836e-09,-1.8615484436087356e-09,-1.0317252917151977e-08,9.556626948123984e-09,1.6211982554357332e-09,4.306573540360774e-09,3.834851944010484e-09,6.573114868108936e-09,2.3422024620907456e-09,-3.354003929714515e-09,-1.6720987241132734e-09,-1.7676766441060797e-08,-2.832791682826697e-09,2.0693992794134106e-08,2.964525508607309e-09,-1.1689345714582443e-09,-2.61273972677314e-09,-1.6618884785225427e-09,3.5327820113272997e-09,-9.75377450966272e-10,6.3137526477793866e-09,1.0023389947354982e-08,-3.054700741500269e-08,-1.0276872142165225e-08,-7.691735525991612e-09,-2.9981405648951152e-09,-4.071032173790422e-09,4.569900430780198e-09,4.487921293874887e-09,-2.2459952677547348e-10,-4.156603144264868e-10,-3.790832742086469e-10,-1.7056943712219182e-09,-5.532854594308908e-10,-8.294671156937587e-10,-5.336467963233491e-10,-7.920419881902444e-10,8.65723366598153e-10,1.245078393173549e-09,3.822664383037012e-10,3.4622227029262595e-09,3.510851352575788e-09,-2.737522327691874e-09,2.279569625164602e-09,2.5096865711069336e-09,5.512205776373827e-10,1.0112304951965063e-09,4.249064717093282e-09,-5.261851070061019e-10,-4.668563145606498e-10,-4.883741298753357e-10,-1.6748840645086671e-10,-1.0967575848943535e-11,-5.3036237633375684e-09,-5.181983377540436e-09,-7.426707937987495e-10,-1.2910278468741268e-09,-3.1527228722181166e-10,5.853798883499623e-10,2.4836277783852803e-10,-1.5174693541721554e-09,9.309772118548466e-10,2.4321312578019784e-12,-3.2206320700224344e-10,-3.727269117938796e-10,-9.929282905322121e-11
F8treat_p13,1.3342537284173215e-09,1.233412982912051e-09,-1.2961796101280143e-08,-6.9291965385367575e-09,1.610236749322789e-08,2.773402392286828e-09,5.9494065476482955e-09,-3.160541329306977e-09,-4.834658415229691e-10,-1.520893798234119e-09,7.925210657586829e-10,-5.592822795292038e-09,-1.4550409527030505e-09,-8.115161975488408e-13,-1.907531870574652e-09,3.2560209252131673e-09,-4.565285155886445e-09,-6.368156697655248e-09,-1.5105816203006414e-09,2.6611050546044885e-10,-9.474007012799505e-09,-5.622935452072103e-09,5.45521177807162e-09,1.7630737014545602e-09,2.1194585569321143e-09,-5.260047649475167e-09,-1.6308432041033966e-09,4.5238211324633006e-10,-4.257975301235419e-09,-8.768735032432454e-09,-1.16853173293715e-08,2.4563705846044942e-08,-5.021367533992605e-10,-2.463039982143755e-09,-7.916478481476812e-09,-3.4707373432756333e-09,1.3301805317152394e-09,-5.178745919812143e-09,-2.5597778617981815e-09,-1.1267134954472346e-08,1.6926496809322896e-08,7.93615459228737e-11,9.805104223544508e-09,-3.0815316319669654e-09,-3.2065103712656555e-09,3.0017311294573807e-09,1.9336724269579824e-09,-1.0738896012150944e-09,-1.5869323155806418e-10,-4.85028762016923e-10,-1.1835381668585007e-09,-5.119728831621889e-11,-6.969410146273056e-10,2.291575452575037e-09,9.754528322087525e-10,-4.038337100157139e-10,-1.288599791595171e-10,1.8768648174785095e-10,-9.856248337042473e-10,1.103003219392736e-09,-2.5747095741505264e-09,-2.4273986850620054e-09,-3.1252725944193454e-10,1.3047149814273678e-09,1.3371590981814539e-09,2.866803399699762e-10,1.8220807317674436e-09,1.4502546777985258e-10,-7.808744140734274e-10,-4.3899301367400015e-10,3.0703256231159097e-10,5.360166184023084e-10,-1.7409718159328564e-09,-3.896240192181528e-09,-4.71451067557276e-10,7.896937591898204e-10,-1.1110843329528722e-09,1.1887853492852884e-09,1.353868585982514e-09,6.472107054533843e-10,1.9393746223328698e-10,-7.913884596036084e-10,-3.130215892542363e-10,2.3373910051690236e-10,4.3718782212493264e-11,-8.619222623096843e-10,-1.967368751578084e-09,-1.2730646875241998e-09,2.688335777815661e-09,4.206061451125442e-10,1.0923134628600099e-09,4.0459332352700524e-11,2.306030652544674e-09,-1.6086013644946738e-10,-9.006200162306725e-11,-4.0595664515525173e-10,1.638773509385472e-10,4.786830420136067e-09,3.454042414360724e-09,-3.295382539134663e-09,-2.1031372509613268e-10,-2.1522259706695197e-09,-2.1999138084299536e-09,1.1532102946575228e-09,1.5151547960876362e-10,2.4170172311825885e-10,2.7192212655774853e-10,-3.1669981680629353e-10,1.358412945414881e-09,-1.2789754966417957e-10,-3.0481837822854723e-10,-2.0525708116151295e-10,3.9342760445378156e-09,-1.8321444522184513e-09,7.284964849274361e-09,1.2565221488465911e-09,-4.1347854076789866e-10,-3.7248801762668603e-09,3.913071254169045e-09,-2.8345544569895267e-10,-7.601449029292002e-10,-4.0998395475562e-09,-1.210241585968798e-08,1.579008418669028e-09,3.986258323652493e-09,2.3885280784082484e-09,-2.5948568617935496e-09,6.030586802659049e-10,-2.1325415228124326e-09,5.277113616868034e-11,-5.783047591857822e-09,1.9306073859020278e-08,-1.1027606555061274e-08,-6.998801651861105e-10,-5.3536422198702e-09,1.1473860743517657e-09,-7.456042773138127e-10,-1.470189254149744e-09,-1.0014241729855635e-09,-1.8750509203146446e-09,-7.650049522423185e-10,1.093907659439221e-09,3.6715938751031196e-10,1.0822147339282393e-09,-8.488973381647033e-10,1.0366990802430763e-09,1.2247772914384396e-11,-7.165873637834744e-10,-4.5400646530131397e-10,1.9964614356138947e-10,4.093752597328628e-09,1.0045721543538362e-09,-1.2507481054131333e-09,-2.817708501925571e-09,8.251885666080043e-10,-1.2430045829971253e-09,8.475290360322371e-10,-5.261851070060959e-10,3.3167182527005317e-09,3.1556740263413477e-10,-1.2660564647048127e-09,1.5064520334080497e-10,3.128199189900801e-11,-2.2069834415606873e-09,-7.604558661911009e-10,1.2778944870493683e-09,5.939078213711485e-10,-5.73874189217957e-10,3.7538012026553926e-10,-1.4077377637395883e-09,3.277661982654174e-11,-1.6857578566241808e-09,-4.606006518036475e-10,5.649665276646665e-10,-9.743276897355298e-11,-2.4567395539547623e-11
F8treat_p14,-1.0039326755586423e-09,3.322648377440641e-10,-4.348291031487437e-10,-9.851778754837305e-10,8.004206307335124e-10,-3.194875814599841e-10,1.950609600812794e-09,1.800641988849638e-09,-3.559712533108375e-09,-4.068139017607765e-09,2.744156048239292e-09,4.893543289877589e-09,-1.511181956885277e-08,1.120382048143087e-09,-3.5181918704927354e-09,-1.6129539335423599e-09,1.1195327221529076e-09,-4.976578549581786e-09,-2.42608812944149e-09,3.1763427058756246e-09,6.090603138519198e-10,-4.954697451910817e-09,2.7737107495087918e-09,-6.227483594917834e-09,2.9487311019552146e-09,-2.1799830962552987e-09,-3.472446513154131e-09,-1.4722901895481056e-09,-1.877062376923258e-09,-4.810239814633574e-10,-8.817803965733168e-09,2.9433613371814113e-09,-2.9074035160563135e-09,7.399200697852062e-10,-1.1691545421490392e-09,2.4573420094841563e-09,1.6635779987501154e-09,-3.60211479246776e-10,3.1345427846222487e-09,1.304105633510798e-09,3.317879810335651e-09,-3.039073049897049e-09,3.045806270804898e-09,2.403985514918241e-09,-3.4417922159730618e-09,1.7848977483396465e-09,6.460935497190407e-10,1.4083082353006564e-10,8.210881633497035e-10,-6.136048954738878e-10,6.064440721823973e-10,-9.446492098162854e-11,-3.5007292707735297e-10,-6.95052907002341e-10,1.8137754163850164e-09,1.4979544923605232e-10,-2.625170049917086e-10,4.927530403234035e-10,4.2858866425230086e-10,-1.3586701140111145e-09,-1.4812527472139447e-09,5.864173794163436e-10,4.0558355000697825e-10,1.1886544649524305e-09,9.803267761893236e-12,-5.0446055400757454e-11,8.102618246039312e-10,5.660906463031334e-10,-6.333868894202697e-10,-5.567974388316076e-10,4.376093734261999e-10,1.298664146938552e-09,-1.4506107695060232e-09,-1.2469955739076056e-09,1.2910855282767068e-09,-1.0328887256000038e-10,-3.0674056140834714e-10,-1.5708768994696357e-11,9.41844488299689e-10,8.344179324720699e-11,8.102178436510773e-10,-5.919524710526661e-10,-9.685530865675242e-11,4.3260562037511524e-10,1.8938962131064935e-09,2.2147835991951996e-09,1.019952186067337e-09,2.3830158877125163e-10,1.5856273113296834e-09,1.1716263946267676e-09,5.903956497653604e-10,-4.2735493685476893e-10,-1.1983778885033708e-10,1.0242731286109126e-09,3.5275094871437514e-11,-2.1674302659014668e-10,4.607876267442216e-10,3.7114712271956916e-10,1.92690989689318e-09,-2.23872594153078e-09,1.279463742703043e-09,-1.3708896414278708e-09,7.490637161234035e-10,3.2986968797046246e-10,-2.6453537313701723e-10,-3.5731676572588736e-10,9.201749726951071e-10,-2.490131676416997e-10,2.4063059731561157e-10,5.399269348500989e-10,2.7667425230311876e-09,2.9868773762868447e-10,-8.70622499731275e-10,-3.987403481580847e-09,1.4664710409980084e-09,6.8121653266349285e-09,3.050206886877785e-11,-6.223563969080285e-10,-1.0410727448643078e-09,-1.177975243894672e-09,2.59419493559751e-09,2.9778405837626397e-09,-6.375254039052664e-09,8.376878907093973e-09,1.3968233658873617e-09,2.8880931318824184e-09,1.6515846939393323e-09,-2.236534520992523e-09,-3.0230605804902098e-09,-2.5777794612411943e-09,-3.442144753723301e-09,1.1737491191744457e-08,-2.5119577224965575e-09,2.5750256553595466e-10,-1.912484173799837e-09,-2.264194766596739e-09,1.2274750980404423e-09,7.036112604309667e-10,3.1798725824886514e-11,-2.6885106427873677e-09,4.413320910107217e-10,-1.0541241308676933e-09,5.868040953968513e-10,4.4258340410322124e-10,-6.793173035259327e-10,1.5470431491234474e-10,8.639317264742509e-10,-5.531605960450036e-10,-7.555148177903391e-10,-2.54204596516488e-10,2.687510102366768e-09,6.315816739365891e-10,-1.6356369568037096e-09,-1.4140732125440205e-09,1.2567254147410622e-10,3.8571624698446994e-10,5.465006741456202e-10,-4.66856314560643e-10,3.155674026341383e-10,1.6917367952316806e-09,-1.9769429894038553e-10,1.0700808794102361e-10,4.1607197539417917e-10,-5.794761122322416e-10,-3.5314997657184785e-10,5.577749235410508e-10,-6.835139630499451e-10,1.1804180149248973e-10,-4.883827075275695e-10,-5.553913870749812e-10,1.2668940506667152e-10,-4.5003651722480314e-10,-9.861351277830717e-10,2.86900430420733e-10,2.760400663819423e-11,-2.0149568605282536e-10
F8treat_p15,-5.360465861963702e-10,-8.506199367236746e-10,1.6416324334812533e-08,2.398489722505743e-08,-4.9984832464883075e-08,-2.0543556343453364e-08,-3.1180450725335245e-09,1.0843778708798887e-08,6.551954793091015e-09,8.541034702289424e-09,-6.601399102656409e-09,-2.843636667586618e-09,1.238880265602975e-08,-1.3640774195267483e-08,-1.3496578712614188e-08,-1.011418355223451e-09,-7.732480481321789e-10,8.757594659656939e-09,7.598784592109923e-09,3.910901406243251e-10,1.1792613609602804e-08,2.2363403501456094e-08,-2.7395829434338015e-08,9.302129796082561e-09,-1.1100389980247366e-08,4.063236957249444e-09,5.788439595575506e-09,1.0500273489270603e-08,8.456826735461106e-09,-1.121402744352691e-08,2.6660179193707643e-08,-4.4401315279338284e-08,-7.963619505541566e-10,-7.52168315932602e-09,3.1648313766082324e-09,-4.869031681474179e-09,8.18652584961642e-09,6.050302522716114e-09,-4.258897613703655e-09,3.976169162969005e-08,-6.038834957286992e-08,1.6327559232742728e-08,-8.598938993902367e-09,-3.6776606569928084e-09,6.092898642021435e-09,-4.437967889166298e-09,-6.134485422497171e-09,2.2170939886532594e-09,-8.492541779753937e-10,9.712393114203877e-10,1.7060685200681406e-09,-9.129289666047603e-10,1.3324211356480747e-09,1.1297942855635762e-09,-1.3630304521408935e-09,5.523792231375053e-10,1.0885622078640118e-10,-3.5799781564604826e-10,4.069832925380866e-09,-8.615591679584994e-09,5.296097228197066e-09,2.636244572626195e-09,2.2058187734798585e-09,-2.042198565874708e-09,3.602726832224842e-10,1.370499669367098e-09,-3.1959639178199645e-09,-2.252076284060293e-09,1.784377630265102e-10,3.6011601948339655e-10,-5.136002285854915e-10,-4.929430060997512e-09,-7.228933146435573e-10,5.662845501539619e-09,2.330702183357582e-09,-2.083189265806124e-09,1.9698450075341834e-09,-5.004286089478085e-09,-3.2647571644556745e-09,5.673068525306762e-10,-7.904696482229244e-10,8.669525491926707e-10,-2.6491654978316265e-10,-1.4482305072279288e-09,-7.006465868940125e-09,-5.8890639159880475e-09,-3.2094770954845235e-09,1.95744131347583e-09,-1.2754297086677063e-09,-4.614338842251323e-10,-1.110120958908207e-09,3.059015038251897e-11,-3.9172115625586463e-10,-8.06919019524897e-10,-9.901309268305644e-10,-5.946639666181608e-10,-8.063592824900671e-10,-5.676444468908527e-09,-1.273714909494869e-08,3.780681423653321e-09,-4.145746218219051e-09,2.1875495107550013e-09,3.2871156305205848e-09,-9.56744041428821e-10,-9.197712093759687e-10,2.2965913684579558e-09,-1.999206511429958e-09,3.5996652055589335e-10,-1.8408349268058755e-09,-1.0074453882971832e-09,1.7392620994793428e-09,2.4934747087296323e-09,1.138143947352297e-08,-7.357290317473732e-09,-1.6858135192309445e-08,-6.88451674106357e-09,-2.7177005790899606e-09,-7.1823579121083874e-09,-2.929736700988936e-10,6.3128907412162526e-09,1.9227305983821735e-09,1.3442787132245851e-08,1.1531670436816306e-08,-3.269707903716539e-08,-6.636498773733633e-09,-2.2630191664841463e-09,2.426914215763871e-09,6.611480959190905e-09,-1.9997031196963816e-09,5.2616658831966154e-09,4.5745682806412466e-09,-3.7928728745723976e-08,5.881574454274566e-08,1.2860011107116232e-08,1.6554152348457297e-08,8.882028037447162e-09,2.9365501108493028e-09,-6.869439441402032e-09,-5.591950813379063e-09,5.1759903124032355e-09,1.0055116165411961e-09,2.2564319989314134e-09,2.5707986822616604e-09,-1.2441752215063657e-09,3.285630161701226e-09,2.124196601118792e-11,7.257188552751856e-11,1.2318081360696144e-09,-4.453974214771124e-11,-5.651954115137371e-10,-6.497599439034859e-09,-3.1540517763730235e-09,6.604075105659086e-09,1.6197182629428852e-09,-1.3516272290369193e-09,1.6202235291717552e-09,-2.594055175521147e-09,-4.883741298753516e-10,-1.266056464704811e-09,-1.9769429894037925e-10,3.4111101690600684e-09,-2.958493664806595e-11,-1.0734517184911426e-09,9.562585577898915e-09,7.869300309868049e-09,-2.1267908585123357e-10,4.4708031708833836e-10,-7.133612375327618e-10,-1.1213971862910764e-09,1.713294540638227e-09,1.745224898578093e-10,2.06688142205786e-10,1.1535874304984254e-09,-9.871493178274001e-10,3.7586052965549113e-10,7.1765776049869e-10
F8treat_p16,3.1178045764946787e-10,1.7411580524885884e-09,-2.986765510064187e-09,4.188870524624933e-09,6.128326017953339e-10,-2.4229608874448293e-09,2.1596584028899493e-09,-3.0180255166607683e-09,-7.806041855092957e-10,-1.5331669124802083e-10,-3.810899389048858e-10,-3.6116119405004356e-09,3.823820585463952e-09,-1.823771973124891e-09,-9.380982812431984e-11,1.422762000813987e-09,-1.5387462778363355e-09,-4.742233305711122e-10,-1.754441598505757e-10,1.1191709083209089e-09,-1.4767481665012287e-09,7.363607398438667e-09,-2.274074130335728e-10,1.610802852348286e-09,-6.178248903380988e-10,-2.89946885694362e-09,2.448215124466169e-10,1.1968406204094726e-09,-6.04405294801951e-10,-4.600971047683848e-09,9.202004680179704e-09,5.166356153754181e-10,1.5244451659725854e-09,4.3852984738528006e-10,-3.160427647203605e-09,-6.516507411293388e-10,7.513289484149616e-10,-5.287188802981565e-10,-2.0751587852419503e-09,8.114925091512056e-09,-1.1835168058969106e-10,-2.057845998335568e-10,3.68600960145397e-10,-1.7416748695461947e-09,-8.097030197611498e-10,1.0032696089891163e-10,8.056729962001174e-10,-3.346821464567613e-10,-2.66847100927937e-10,-1.2137715000528302e-10,-5.429449235914979e-11,1.318688881310196e-10,-2.1345416331243956e-10,3.6359799475972283e-10,6.446487376614998e-11,-2.5178207356010452e-12,3.312760265247506e-10,5.758055875034813e-11,4.660828876921603e-10,-6.441809229530139e-10,3.174780256701319e-10,-3.68346495760996e-10,3.394917743573451e-10,2.1925497246848154e-10,3.3573877223438153e-10,-1.1403234099510745e-10,3.1169164721572127e-10,-1.912948650173574e-10,-4.001456138353556e-12,1.9759399672070576e-10,3.145086933036168e-11,-1.9010446416279342e-10,-1.0940460987803398e-10,-7.180361925743063e-10,-1.3631581597718284e-09,1.4055998543884076e-10,-6.444510324122245e-10,-1.4233054602960671e-10,-5.380182198815457e-10,-1.3751435088108018e-10,-1.4305997437225024e-10,8.339523076030196e-11,3.8605158410102503e-10,-7.808426182106535e-12,2.2379683040366854e-10,-1.4422513410175734e-09,-7.247607024353276e-10,-2.8679846025422083e-10,9.679124484050773e-10,-2.3090432629155516e-10,2.6672911515907356e-10,-1.2204510797534927e-10,4.0865873545903293e-10,5.3887835994298915e-11,3.7814784145992556e-11,2.347499440413284e-10,-1.0902868806775873e-10,4.4911491915862265e-10,1.1121819939960673e-09,-8.416359181632223e-10,-9.61452352539324e-10,7.501762200306977e-10,-5.563648861141523e-10,1.7587885024142886e-10,-1.8890606919457257e-10,-3.3736469489210126e-11,8.541728599400189e-11,1.9031968061215944e-11,2.853914947841118e-10,5.6437596256559065e-11,-2.961776101741151e-10,3.826579985005223e-10,-1.0910739526490036e-09,-2.638358901347536e-09,-1.7694696948420049e-09,-1.2639835415381176e-09,-1.8085526870551046e-09,-2.1359164217479927e-09,5.905487435469275e-10,-5.943195491582059e-10,-9.619442015103183e-10,-4.587836071940924e-09,3.9243045601849545e-09,-4.873757207981707e-09,9.925573439480893e-10,2.5879596455639517e-09,-2.865535489205552e-09,8.471363541811279e-10,-8.840641509818466e-10,-2.6371014441465927e-11,-1.0729151366801891e-09,-2.5394953238470574e-09,3.937278829445453e-09,3.185405502362273e-10,-5.615643380636841e-10,1.960433269855405e-09,-2.5050765944908533e-11,9.775712710762797e-10,1.8139098079939337e-10,4.257200187317158e-10,-1.0590409218546937e-10,7.861804409842397e-10,1.6160402427596801e-10,5.192797167684601e-10,2.3317375607233064e-10,3.410196838653845e-10,-3.6591336852770616e-11,-2.01397609728914e-10,1.0324028651119531e-10,1.186329631173201e-10,-2.4273014333709666e-10,-4.878717084879601e-11,-9.64322658967535e-10,-9.513307831690191e-10,-2.899540131127309e-10,-7.391994737432814e-10,1.3372323547325582e-10,-1.6748840645086695e-10,1.506452033408101e-10,1.0700808794102618e-10,-2.958493664807323e-11,6.253725371449662e-10,2.0342441227156357e-11,1.3754551453528045e-10,-7.477511950301495e-11,4.5047850317515736e-10,6.599656929438292e-10,-4.715974061020366e-10,3.364645553171926e-10,-2.1544970937057195e-10,1.421071414204261e-10,-3.5110188208352404e-10,-1.0062518759954181e-10,-3.2055206991278734e-11,-3.051790146861717e-10,-3.456501028248551e-11
F8treat_p17,-2.4598429173729797e-10,-2.2303288984600966e-10,-4.173843697518595e-09,-1.8554435085934565e-08,2.0867301159010823e-08,1.0190803553024622e-08,3.0053746134093473e-09,-2.9980842486103516e-09,-4.640614660168647e-09,-5.324599883546523e-09,2.11400686873891e-09,4.183512720459847e-09,-1.5048139927634503e-08,9.659540733426118e-09,8.91045767848932e-09,3.0998806103036554e-09,1.4068004007992968e-09,-4.38310904221762e-09,-4.442473987456766e-09,-4.232165989629912e-10,-3.818269408311226e-09,-1.864755053208822e-08,1.3106631124890623e-08,1.2766343634526067e-09,7.419452029558402e-09,-1.0531460463465536e-09,-2.9252413197052067e-09,-5.6024332761662914e-09,-3.786193908561774e-09,5.100475759820404e-09,-1.7357806478102145e-08,1.951700875920137e-08,3.854649546013601e-09,6.930065159214507e-09,1.577811103056597e-09,3.751452375978047e-09,-4.550645000846337e-09,-3.882170832627235e-09,2.1713871672253226e-09,-2.1752557277580863e-08,2.1748162661355082e-08,-3.5322608112610476e-09,5.256346104192046e-09,2.8932112463633246e-09,-2.566867486506805e-09,9.511434785226586e-10,2.169739479250513e-09,-8.698104361983815e-10,9.209635165425146e-10,-4.889929849448759e-10,-3.9571252833570394e-10,1.8833045880230236e-10,-5.962770711767453e-10,-1.0439423282526596e-09,7.974453220723266e-10,8.976235238428951e-11,2.752063168107911e-12,5.013182820814376e-10,-6.22050261256573e-10,2.929658822357862e-09,-2.120270805345613e-09,-1.6523791587857382e-10,-1.3355063187696208e-09,9.74596022847493e-10,-9.059351535999166e-10,-5.945079430191338e-10,1.1376611692312475e-09,1.2713537433800954e-09,-7.722054931995834e-11,-1.200767546252991e-10,4.225514965217502e-10,2.4515375783562324e-09,-1.3818137124132325e-10,-1.5871316992672722e-09,6.628149107043133e-12,7.749728508778991e-10,-6.160689708589292e-10,1.3515278437674835e-09,9.063220354834624e-10,-1.9762249855680745e-10,4.2295791761526217e-10,-1.6580872924940465e-10,1.8959780783480296e-10,9.16402436980087e-10,3.4024186985964e-09,2.9727155646683474e-09,2.3531269435706886e-09,2.541048357268998e-10,-2.111163140004282e-10,-1.4295776779933994e-10,5.913008340508256e-11,9.035782756066065e-12,-4.3100130528146194e-10,5.726816727970388e-10,5.748922242353731e-10,4.417098091293227e-10,5.56202975668772e-10,2.5985797291928737e-09,5.60180861639774e-09,-6.903806648235165e-10,2.771097487391013e-09,-5.108027478227618e-10,-7.603922886483796e-10,-3.83945963049609e-10,3.443829818749062e-10,-1.112052214718787e-09,1.068039800359066e-09,1.1811008199947288e-10,5.00555553378485e-10,7.404531765892564e-10,-5.355753922447333e-10,-3.410655811436416e-09,-3.924310306944892e-09,-4.286483753640374e-09,8.890301284422003e-09,5.638732235851874e-09,6.636316585443996e-10,2.6516638802517705e-09,-1.1793191232816379e-09,-3.0387682252912897e-09,-8.016735347243416e-10,-1.651850662067808e-09,-6.295170886881989e-09,1.4431087693097578e-08,3.7331085324462895e-09,2.1508234385927183e-09,6.974666931796533e-10,-5.032907944009579e-09,7.872846455129854e-10,-2.3461225548015764e-09,-5.113603819544595e-09,2.3563172560592026e-08,-2.159992204317448e-08,-7.610114690015806e-09,-8.261951986040668e-09,-4.489821399254506e-09,-5.090313826708378e-10,3.311917943997871e-09,1.6207293049615542e-09,-2.6944954338022758e-09,-1.9588105342701825e-10,-1.806665018343341e-09,-1.099851646468334e-09,3.183938692583351e-10,-1.4054062625206471e-09,-2.0160563631314786e-10,5.840980682080825e-11,-4.492569368406944e-10,-1.2899815876401958e-11,3.5603245266382304e-10,2.2373276235880708e-09,-1.708832976290412e-10,-3.575862149237201e-09,-6.583452776377817e-10,-5.500742473958432e-11,-1.169243619181269e-09,1.0878163956147026e-09,-1.0967575848940744e-11,3.1281991899005526e-11,4.1607197539417767e-10,-1.0734517184911411e-09,2.0342441227154955e-11,8.090699966297029e-10,-3.730478159509907e-09,-2.8613718939594013e-09,-2.8367349238570084e-11,-7.240701062703929e-10,7.050592009193268e-10,6.099418651242638e-10,-1.5866830767418947e-10,9.274257238336184e-12,5.574795998587395e-11,-6.003481837343533e-10,2.4144731127643165e-10,-1.779030927511945e-10,-5.622768120465138e-10
window_p5,1.6360617602803764e-09,9.087489186659132e-10,4.9453783506035907e-08,1.2820963561339734e-07,-1.969697354685695e-07,-8.686677926067825e-08,-1.9720262442567507e-08,3.846745771576442e-08,3.448457302149799e-08,3.6807202779696096e-08,-1.7323558766735122e-08,-1.5480056105102252e-08,5.939052971412864e-08,-7.867931305810803e-08,-6.336268717196402e-08,-2.2135265427120544e-08,-1.618828954334446e-08,3.3727791669588127e-08,3.034144424183815e-08,1.1288922087535211e-08,4.2046559517634256e-08,1.197584798009931e-07,-1.1778823222214452e-07,1.6608826924626308e-08,-6.03222264990319e-08,1.2016669122758177e-08,2.4326982025941146e-08,4.3660737651886325e-08,3.457370253003882e-08,-4.8797193754806473e-08,1.2610752711116313e-07,-1.8591145706566903e-07,-1.3408892631395215e-08,-5.0378338146861595e-08,-7.150279316463221e-09,-2.5071283305580593e-08,3.7088555528813425e-08,2.4671404970390474e-08,-1.892850938610578e-08,1.7711634430160706e-07,-2.186627371676957e-07,4.412315498876127e-08,-4.5872522562687934e-08,-1.3586218440686895e-08,1.8968952074699853e-08,-1.842919186673693e-08,-1.547236170182978e-08,2.2523188280476584e-09,-8.424617001698309e-09,2.0840326064731047e-09,5.234865630595416e-09,-1.7639501073389277e-09,1.294872732087661e-09,5.882623616944562e-09,-4.6392138011597185e-09,5.295782862178047e-11,1.6987668231856925e-10,-1.1861429504278458e-09,-2.868945415384692e-09,-3.5177889758986334e-08,1.5409211618446214e-08,2.732426367685668e-09,9.29510900553107e-09,-7.282308551020727e-09,3.6860608757178384e-09,4.736236947081169e-09,-8.943075377835737e-09,-8.893201918521213e-09,-1.043317731204855e-09,-2.2652008121850113e-10,-1.1437016038018184e-09,-2.8822212804260023e-08,-1.4611298395622664e-09,1.236954471268276e-08,-7.398357425692779e-10,-8.125849141942217e-09,7.0467401112297155e-09,-1.782085074548486e-08,-9.945718894484214e-09,3.52245877135546e-09,-2.4039673511611526e-09,9.314752886078533e-10,-2.1875414985471517e-09,-5.569105211862808e-09,-3.754263325025724e-08,-2.35893738629424e-08,-2.0457734929488628e-08,-3.4782609805005867e-09,3.6152353903225086e-09,1.361932444356762e-09,-2.0854907122680673e-09,-1.3299373273281658e-09,1.473998758183706e-09,-3.819865672527582e-09,-5.316516420537333e-09,-3.4039937326219717e-09,-2.3400195240553562e-09,-3.6932791785907424e-08,-4.409465494171727e-08,6.110953192313532e-09,-2.3813825828752508e-08,6.7539166194740744e-09,1.0387921911494345e-08,-8.89887493298498e-10,-5.455693585583209e-09,9.606225972704321e-09,-8.372583470472618e-09,-5.909416087761653e-10,-5.998007050855238e-09,-3.5164746197680526e-09,8.386676159506639e-09,1.4486138231973043e-08,3.1986171470829674e-08,-6.113691383313705e-09,-5.912358252320865e-08,-2.8143267346317466e-08,-2.244643829801501e-08,-2.7929997487879786e-08,3.6964604134202945e-09,2.2405070571215237e-08,8.12891347984678e-10,3.8868913760546864e-08,3.4720690758563305e-08,-1.0993081378961011e-07,-3.8854226614812616e-08,-1.808395124105232e-08,-3.360530495765482e-09,3.8121354890119907e-08,-1.2533100022243632e-08,1.7275787324614462e-08,2.7738939644883308e-08,-1.6759235146853062e-07,2.1882004196797328e-07,6.909576736266483e-08,8.206687674517094e-08,3.976651664071211e-08,9.604094944470254e-09,-3.4310024673030465e-08,-1.4237909328376468e-08,1.1518614564240863e-08,2.0318485426817016e-09,1.1009360695868784e-08,1.0225397881571678e-08,-4.073495444840241e-09,1.1942887191034932e-08,1.5966027360337825e-09,2.0702281679397385e-09,2.5604015157906405e-09,-2.125865637958187e-09,-2.6589106727133685e-09,-2.664019082069838e-08,-3.1828403590983166e-09,1.589488446540193e-08,-6.082512468669952e-10,-1.1824246883187884e-09,6.096765053567015e-09,-1.0275099900638739e-08,-5.303623763337595e-09,-2.206983441560689e-09,-5.794761122322384e-10,9.56258557789891e-09,1.3754551453527994e-10,-3.7304781595098965e-09,4.590633327216918e-08,2.589686862009415e-08,7.274430594400688e-09,8.734717219129817e-09,-4.457607155721702e-09,-4.343623373895685e-09,4.521614267837451e-09,2.1843794961023983e-09,-8.48747965353126e-10,4.0173751478403565e-09,-1.7277784862443156e-09,2.0757447228579376e-09,2.857310520745275e-09
window_p6,2.702132057927631e-09,3.7760403935837575e-09,3.734257475414976e-08,8.15454779785007e-08,-1.5161034459199217e-07,-7.327872691324607e-08,4.159141341346397e-09,2.0237005100026967e-08,1.3892523398047087e-08,2.1976512196613555e-08,-1.857140803580223e-08,-1.9163022249198964e-08,4.565347360842811e-08,-3.723574081139024e-08,-5.5100974590680116e-08,1.2980438811291416e-09,-6.593817223444999e-09,1.2816722528726668e-08,2.0362500756163998e-08,5.6647768546597886e-09,2.623731357634044e-08,5.3679933345156996e-08,-7.489171944522926e-08,1.7615513469539794e-08,-2.73624490275846e-08,1.0436999902330091e-08,1.4947847350965935e-08,3.339259024089207e-08,2.371817077781483e-08,-4.16952237190173e-08,6.315218323235845e-08,-9.89302066045825e-08,-6.3397661378853095e-09,-2.008523788678618e-08,6.4961541768081265e-09,-2.3827646365905878e-08,2.5852205266105007e-08,1.4091619242881868e-08,-1.1021192184390826e-08,8.663608957062651e-08,-1.58744768012125e-07,4.418613522360988e-08,-1.6962325840212937e-08,-1.8095822537706853e-08,1.107990138160402e-08,-1.0543806802534041e-08,-2.3524811572714064e-08,8.481887630112673e-09,-6.088637614834008e-09,-2.051506612027065e-09,6.4314796385273785e-09,-2.0468978001891453e-09,3.721497134371378e-10,4.225154362646509e-09,-3.962199276754547e-09,8.012365835053957e-10,-2.4842638256719633e-10,-7.310825884609562e-10,9.98295485624416e-09,-3.0372231088480605e-08,1.709139733959052e-08,4.0653802381910455e-09,5.187307290464983e-09,-3.6015989024282306e-09,2.835145686501761e-09,2.517996144558336e-09,-7.621184810967636e-09,-5.909984884640787e-09,7.325272943741066e-11,2.2173109223575607e-10,-9.454153405610668e-10,-8.266136827103501e-09,-7.341179679531487e-09,1.2831881324532803e-08,3.748058410538866e-09,-8.02753222469698e-09,3.942184005452065e-09,-1.4202008515941832e-08,-1.1353113634667938e-08,2.609627434930991e-09,-2.7139757674645807e-09,1.4117808329218946e-09,-1.658054060376622e-09,-3.941700122990894e-09,-1.6052560012693126e-08,-2.0932712843996914e-08,-9.699378894921643e-09,2.9258671844459856e-09,-3.348989208143251e-09,-1.7486149803976215e-09,-1.0495681755733341e-09,-1.7923618176491068e-09,1.1164812374394022e-09,-1.978086833341967e-09,-3.218815972838078e-09,-1.0321955178211814e-09,-2.1267310990190404e-09,-7.701860944449206e-09,-3.792674211804611e-08,8.390948353048723e-09,-1.623244115947725e-08,4.5820715972849004e-10,8.273779248536268e-09,-2.5861451747696314e-09,-5.705166169057983e-09,5.320019024864891e-09,-4.4578534979715585e-09,1.6050190449562203e-09,-4.1143291907315955e-09,-2.690069738837134e-09,6.99808719504557e-09,1.077404665691352e-08,3.043272540098643e-08,-2.655119342878476e-08,-3.56094010486344e-08,-2.4618150667404057e-08,-1.1378494800226097e-08,-2.0595625313159004e-08,-6.433660637816833e-10,1.7186403420397813e-08,4.081014700724699e-09,3.484815966071098e-08,5.482070645906317e-08,-1.0687537146955052e-07,-1.980476391207976e-08,-2.6564743600237616e-09,1.0446748212823447e-08,2.002999870716307e-08,-9.735752557018118e-09,1.3587264547162554e-08,4.050758377229965e-09,-1.0202290145077713e-07,1.6396436589241763e-07,4.0921037043914153e-08,4.359125589486155e-08,2.7053297973703435e-08,1.4173221804177997e-08,-1.9028141615831514e-08,-2.1937392495683207e-08,1.4778708055824908e-08,-2.6864062699951315e-10,6.016335598535289e-09,8.594062700248891e-09,-1.9433985975875634e-09,7.3527946486981365e-09,1.00641347031825e-09,8.400344807088373e-10,2.089413105958965e-09,-1.309756048174829e-09,-1.6431910088585885e-09,-1.3527373500039864e-08,-1.4698491001333193e-08,1.8110791858793436e-08,1.1539245805460755e-10,-6.931615511035127e-09,3.460125489374679e-09,-6.9980218910355744e-09,-5.18198337754043e-09,-7.604558661910741e-10,-3.5314997657182743e-10,7.869300309868042e-09,-7.477511950300356e-11,-2.8613718939594063e-09,2.5896868620094197e-08,2.9577858447888106e-08,5.05344860965661e-10,3.98522674970914e-09,-1.5998284366813825e-10,-2.7362804754914625e-09,3.620873591379398e-09,2.383550727681284e-09,-1.4636273190022869e-09,2.6469379417372326e-09,-2.1219172217170666e-09,1.1439997575916262e-09,2.0037914963495637e-09
window_p7,7.360392544261656e-10,2.9509070816458544e-09,-4.336357863696842e-09,1.2587478247965405e-08,-2.328521356538646e-08,-9.54680461624281e-09,-9.821730607685076e-09,2.3300387408159547e-09,4.753278578188032e-09,7.298494596816837e-10,2.7183424455262523e-09,-1.0375880102019153e-10,-3.9819477178733965e-09,-2.2348368568614717e-08,-6.305193426675791e-09,-8.44921082277042e-09,-4.771170678594181e-09,-2.432325879978606e-10,7.462836347104265e-10,7.884547070697327e-09,-3.307469168606045e-10,1.6237599043942882e-08,-1.775963856694423e-08,-4.390560804510115e-09,-1.3864990793851423e-08,-6.7226024222734955e-09,-1.2091649638862752e-09,8.969512584648436e-10,1.1185486523709205e-09,-9.249633155462851e-09,3.974723124496733e-09,-1.6240112657087613e-08,-8.71311396289463e-09,-1.2268804731203057e-08,-9.020775515000212e-09,-2.22394315763168e-09,4.254559437150279e-09,5.284732074395855e-10,-4.428549929601843e-09,3.17301316854602e-08,-8.301630701469303e-09,-4.445657158896907e-09,-3.4267478098230792e-09,-2.1811210581001488e-11,-3.833137042121758e-09,-1.383334834647277e-09,3.2244831407347928e-09,-4.647309662942167e-09,-3.1964363221036807e-09,7.085248842025487e-10,-1.6372840897254535e-11,-7.698616819713511e-10,-8.896078957117286e-10,1.0429962101378754e-09,1.1931346384838426e-09,-4.338336774765764e-10,-3.2446200407983004e-10,3.864412035655943e-10,-8.104206778204721e-09,-2.190543881421592e-09,-2.834208320616062e-09,-2.9440758355272555e-09,2.488228686828264e-09,1.1630269616888362e-09,1.095170418305405e-09,3.9007037747946313e-10,9.086654043085934e-10,-9.107698521596045e-10,-1.4897536986275673e-09,-7.74274302987572e-10,4.331397373567808e-10,-3.970336794370593e-09,3.6335947560465477e-10,-8.07622787753261e-09,-3.1748642753788306e-09,5.002982598093212e-10,-1.9645481319248336e-10,-6.380457055508112e-10,2.1576518925067665e-09,1.3635522641835458e-09,5.419279333333356e-10,-1.0161003043822353e-09,-4.801731104386702e-10,-3.103184347696748e-10,-8.85830166126508e-09,-2.4972087977572155e-09,-7.55853706798882e-09,-4.011013933704244e-09,5.160106994411101e-09,2.750236283743964e-09,8.477169135862954e-10,-4.3854621695505047e-10,6.688442055027761e-10,-7.159126866374804e-10,-7.513706316205966e-10,-8.760559995033585e-10,2.380448258222268e-10,-9.42877163963177e-09,3.7620956980182276e-10,-7.36123275103339e-09,-3.867733761328213e-09,6.539644108841232e-10,3.368814538209864e-10,1.1559121557082167e-09,3.8902135127942655e-10,8.998407188637666e-10,-8.108792839783166e-10,-1.1883446904901476e-09,-5.801906822829683e-12,-1.5288730322151207e-10,1.5907172113454414e-09,4.663426192526232e-09,4.0689763601562386e-10,-5.495305178595362e-09,-6.297225618485742e-09,7.954329915797671e-09,-6.71340851321058e-09,-3.0962000583596276e-09,2.118849503752592e-09,-7.412049779254999e-10,-6.634475703984593e-10,-5.907751257310023e-09,-1.6752202976776704e-08,1.7455279430503396e-09,-1.6519388556727108e-09,-6.8897197734386374e-09,-3.1093263254129498e-09,7.921475984800578e-09,-3.5267964464905117e-09,-2.9651443681276798e-09,2.564671774122455e-09,-1.1113941117002366e-08,1.735918490853522e-08,1.1667473823645208e-08,1.4337795105891303e-08,7.118123784440226e-09,1.6545210254703414e-09,-4.316506095443603e-09,3.4713422497227063e-09,-4.570619550693771e-09,8.066044746107649e-10,1.4961766799793713e-09,1.2390723320938747e-09,8.050555256619923e-10,3.984846597291485e-10,7.230429435384346e-10,9.496697836228351e-10,-7.655263044244481e-10,-9.003740361586783e-10,-3.272207572965178e-10,4.7499492077647e-10,3.1776228435575345e-09,-6.354099502223401e-09,-3.9718088568678385e-09,1.7217585645499937e-09,1.7313922946488816e-09,-3.772258278874537e-10,-7.426707937987661e-10,1.2778944870493818e-09,5.577749235410479e-10,-2.1267908585122855e-10,4.504785031751502e-10,-2.8367349238569696e-11,7.274430594400609e-09,5.053448609656471e-10,7.65792523121866e-09,3.5994040982032416e-09,-1.0319742561676921e-09,-7.967015513257688e-11,-7.102376808121626e-10,1.5100780910023545e-10,-9.548006661381507e-10,-1.3036970808747019e-10,6.17924859600558e-10,4.5388013630927023e-10,3.0928796968837664e-10
window_p8,2.86388874764145e-09,5.072505654327069e-09,4.511562953656211e-09,3.580809789821978e-08,-3.367091254852024e-08,-1.8505615012047512e-08,-3.6402240255122888e-09,-7.863620213554594e-10,1.0101711485837837e-08,7.568296532558685e-09,-3.893598826932733e-09,-8.014803989174088e-09,2.051550778149019e-08,-2.0564683015141638e-08,-1.121530811596153e-08,-7.521208827107207e-09,-5.629927495362231e-09,8.37925461163804e-09,7.869430001276443e-09,5.605596888651285e-09,6.044269535462081e-09,2.7669230737511486e-08,-1.3533329287729603e-08,5.780050795703382e-09,-2.031156774415286e-08,-4.5774927065765145e-10,6.6024080245352196e-09,1.0899842472257081e-08,7.510791790232054e-09,-9.789601199620553e-09,3.314241436914368e-08,-2.775426253165566e-08,-2.331835081475047e-09,-1.347989435270326e-08,-6.646475208286301e-09,-9.055400185716847e-09,8.517392425787905e-09,5.548347045617308e-09,-2.4869879936904082e-09,3.3098394783347686e-08,-2.5361232378137983e-08,5.33905393943201e-09,-1.3348549806594884e-08,-6.834939954641691e-09,1.3619465117475981e-09,-1.2197591554692738e-09,-1.6049759960311747e-10,-1.233663533823652e-09,-5.383738749957648e-09,-2.5544102934958896e-10,7.402066811703647e-10,5.448954725209811e-10,-4.988420588353153e-10,2.0165374869984456e-09,-1.6046486164723616e-09,-6.126835942273079e-10,3.699582647416554e-10,-3.854734864578763e-10,-4.796912996446591e-09,-4.840645471155197e-09,2.82970964482324e-09,-3.3110767911301116e-09,2.3318601049900997e-09,-6.715470247470485e-10,1.5807405928673682e-09,1.2141403743434287e-10,-9.66048676947526e-10,-2.4380385258426372e-09,-4.571351936654606e-11,6.826991167312635e-11,-1.9902689207390083e-10,-5.652221713253004e-09,6.54301732761066e-10,-5.004374502335964e-10,-5.991042677987296e-09,-1.24305795048245e-09,1.0306644478156686e-10,-2.3415487932287856e-09,-2.4609734837823047e-09,1.6399515632428074e-09,-3.7749861322623047e-10,-8.986418016539926e-11,-1.9935532921075826e-10,-1.1639006832115505e-09,-8.367309474839107e-09,-7.557006868511424e-09,-5.435649823069548e-09,-5.615279405699159e-09,2.125872181104447e-09,4.3000921466951546e-10,5.25668300863065e-10,-9.509902365489382e-10,1.1462788682748683e-09,-1.1806021557850178e-09,-1.244414103904929e-09,-1.488123383231918e-10,-4.4896977944149753e-10,-9.38198088607936e-09,-6.173594583648599e-09,-3.048401821633453e-10,-9.942585225757544e-09,2.0833246429829558e-09,-3.1556704467343436e-10,5.402731947144543e-10,-2.327887457076572e-09,1.6969240075234267e-09,-1.825679110001778e-09,-1.5843601163610892e-10,-8.333256968695019e-10,-8.047856768578719e-10,7.628809357358453e-10,5.9024358523572295e-09,2.2558467888452234e-09,-2.8915984939056283e-09,-5.171451445266564e-09,-8.5778292404521e-09,-9.386022625190245e-09,-5.399037680067686e-09,3.2046905826141026e-09,2.401139549131529e-09,-5.542067136027096e-09,-5.235604812492098e-09,1.5674292365741523e-08,-2.2602645659342076e-08,-1.066618769825252e-08,-6.205541346336325e-09,-4.979002998733787e-09,1.3153854338163855e-08,-2.961037880125481e-09,2.81135916685724e-09,6.163327965565779e-09,-3.747163469042643e-08,3.365589893530832e-08,1.4155855399891811e-08,1.9648299034709843e-08,1.0607343404627171e-08,4.751276232005823e-10,-5.060182977259097e-09,4.005116225740275e-11,1.5601072524380105e-09,-1.1762478262896572e-09,3.5618256333398274e-09,5.379639977178562e-10,-4.488836491623111e-10,1.905339972145578e-09,8.981869288199115e-10,3.0023210584601037e-10,3.564286966957449e-11,-2.923771823111454e-10,-4.2302331979535227e-10,-2.5213086667226686e-09,9.93644514883788e-10,-1.068708225516352e-09,-2.921024002036851e-09,-2.9829204785111225e-10,3.3895128388943707e-10,-1.6860867399719452e-09,-1.291027846874122e-09,5.939078213711487e-10,-6.835139630499443e-10,4.4708031708833675e-10,6.599656929438353e-10,-7.240701062703922e-10,8.734717219129802e-09,3.9852267497091626e-09,3.5994040982033065e-09,5.928709502765666e-09,-1.0355100867822648e-09,4.449416510918596e-10,4.6406690415519475e-10,1.1611575610772485e-09,-8.545371425158514e-10,7.963981372476309e-10,3.591065887361669e-11,2.409093098472831e-10,6.178374387037881e-10
window_p9,-1.8308293698877337e-09,-1.848298764661686e-09,4.998387922237507e-10,-3.2191172642923976e-08,1.0961140699636555e-08,7.71270431346424e-09,1.4642588701646807e-09,-3.0031707296308705e-09,-6.24731351827492e-09,-8.211900932715027e-09,2.9767256991552665e-10,7.40679144611831e-09,-2.126197182303367e-08,1.8958970015254168e-08,8.100382163043515e-09,6.773438524762244e-09,7.305701722952932e-09,-2.636008267661353e-09,-7.986817169274502e-09,-2.0724141082644744e-09,2.112901652397413e-11,-3.599983496742879e-08,8.466652847523671e-09,-2.3656559235969162e-09,1.4485010904111265e-08,4.7617571966210584e-09,-5.499420524129118e-11,-9.29671117776351e-09,-4.049302236129771e-09,1.0197909162997239e-08,-3.044421741433234e-08,2.2647458335313773e-08,9.680027607875827e-10,1.1068083563226723e-08,9.950165413577956e-09,5.563611173458177e-09,-9.858400883248266e-09,-4.442184398162248e-09,4.738235781280903e-09,-3.459848741482149e-08,2.0984469091777815e-08,-7.499459031397652e-09,4.669173158298633e-09,6.649406331940665e-09,1.6581924581053052e-09,2.200737425624706e-10,-1.3644386907521688e-09,2.2782609026655364e-09,9.984943259545768e-10,-2.6581823629340702e-09,5.191231748562897e-10,2.368581715751512e-10,-5.687649348035028e-10,-1.995912807840016e-09,6.510207034317453e-10,4.617530462322431e-11,-2.757881368426423e-10,4.155964471336668e-10,2.598966058810882e-09,3.196633893905563e-09,-1.7100289488727925e-09,2.763305545020472e-10,-3.3580650824416674e-09,7.139392157353028e-10,-1.2304524896370918e-09,-9.686212690673873e-10,-7.458032167027514e-11,1.4370683156956698e-09,5.078691538021273e-10,2.868196062511506e-10,2.675233315934002e-10,6.147832245434643e-09,-3.999954414196839e-11,1.4257199542724686e-09,8.027883581728026e-10,-1.4790512468527864e-09,-6.546466844851973e-10,1.9066748227264237e-09,4.036510815168767e-10,-7.634542234714203e-10,7.912997028970255e-10,2.4021704438661377e-10,5.0107682196007674e-12,8.35162535461368e-10,5.420367644911992e-09,5.552613739328716e-09,4.522149890447442e-09,1.876544434677435e-09,-4.311862741482329e-09,-4.796534002834504e-10,6.602244231082552e-10,-3.663720699561221e-10,-1.3231791520598337e-09,6.670489659797258e-10,6.302730501843079e-10,8.706606301421486e-10,4.772907943201121e-10,4.647674925840436e-09,3.940758248607356e-09,1.7248645275262888e-09,3.332519357358074e-09,-3.1429004401479527e-09,7.973269710474415e-11,-1.2298802978385198e-09,-3.0980091047490546e-10,-2.070335120495377e-09,1.950692288073847e-09,8.003759269177253e-10,2.7418899262912684e-10,8.862366850509624e-10,-2.2157771472901488e-09,-4.359005276016642e-09,-3.862977594846334e-09,-5.564847825109399e-09,2.994703999274249e-09,2.5742789667520957e-09,5.626755837941161e-09,5.880816597258598e-09,-4.507510759591501e-09,-3.6534120483161406e-09,-5.80064226773871e-10,7.777022932815087e-09,-3.783388808171641e-09,2.6081890361601078e-09,4.765295518291337e-09,4.226594435976172e-09,6.744976623428329e-09,-5.915446920635016e-09,3.622640779145023e-09,-3.587576157520477e-09,-8.319868323457054e-09,2.6868968458240553e-08,-2.045416823789737e-08,-5.5326067630293836e-09,-9.820379919962732e-09,-6.125801517426492e-09,1.1825914774984504e-09,5.369933239922621e-09,-5.531782137703684e-10,-2.168026177117882e-09,-5.017327845439835e-10,-4.372842485709671e-09,-1.5978340509766016e-09,3.2992011344394674e-10,-1.167642748569298e-09,-7.911872641857296e-10,2.905076595106056e-10,-3.004344599071142e-10,1.5775273902888541e-10,1.6815448306439753e-10,1.918242512499977e-09,-4.132562795709126e-09,-1.2258484191595128e-09,6.583764802949623e-10,-3.135617486000585e-09,-5.123910668797944e-10,1.0361524201150668e-09,-3.1527228722180194e-10,-5.738741892179487e-10,1.180418014924992e-10,-7.13361237532763e-10,-4.715974061020312e-10,7.050592009193302e-10,-4.45760715572171e-09,-1.5998284366815314e-10,-1.0319742561676797e-09,-1.0355100867822625e-09,3.616519271885708e-09,5.210179823387963e-10,-6.354314200902271e-12,-1.6669746116902888e-11,5.993072014632601e-10,-6.380259852881801e-10,3.363640918796642e-11,1.4099684152123648e-11,-4.4101809431693176e-10
window_p10,9.189204120717959e-10,4.13773318452647e-10,-5.964108259009324e-09,-1.83885593561757e-08,2.3518715050930594e-08,9.001668087303491e-09,5.598082066605704e-09,-6.185473736036543e-09,-2.714603613280258e-09,-3.6126542388656655e-09,-8.752523872373439e-10,-1.32336536753164e-09,-5.153891583337621e-09,1.0438751216644843e-08,8.372222276547977e-09,6.970463264329915e-09,1.6732693052614818e-09,-3.0036881101731968e-09,-3.1173693110541395e-09,-2.6494347923944187e-09,-7.339213848232342e-09,-2.1764092056418233e-08,1.435418790707323e-08,8.721096559276598e-09,6.303427625233531e-09,-1.5237643370576445e-09,-1.241772781808017e-09,-4.837914769570276e-09,-4.292552030623774e-09,5.314269154477226e-09,-1.420017935843371e-08,2.4069597671698368e-08,5.6849281231687784e-09,9.844672114999137e-09,2.6818115757052537e-09,1.3066267407073792e-09,-4.861382738811621e-09,-6.164116790708508e-09,4.445639032430006e-10,-3.1014443080934224e-08,2.4035261824255064e-08,4.288478612727354e-09,6.04438612445324e-09,-1.129401325366587e-09,-1.0609171761403626e-09,2.1741573299760454e-09,3.0621617463211294e-09,-1.2546388249118177e-09,5.935721742126744e-10,1.8807692813335694e-10,-1.6610621710606306e-09,2.2152731004464373e-10,1.0749069519874962e-10,-1.9283557038167733e-10,-4.1832839149756806e-10,-3.534048610952288e-11,3.564994333837259e-10,1.758508082522109e-10,-3.2641697384424356e-10,4.444486902989556e-09,-1.2396086472066861e-09,-1.171179399305118e-09,-1.3796685810041066e-09,1.8595532834555692e-11,-8.327237396385065e-10,-7.089528260593588e-10,6.719759483177501e-10,5.919890660329451e-11,3.2644401907478234e-10,2.1825838649419246e-10,1.6366988248354183e-10,2.950805283704408e-09,1.1011035904758153e-09,-1.3271766567498498e-09,-1.2520776105597167e-09,1.274442347096105e-09,-1.892071861921334e-09,1.3402681195308985e-09,1.00054373105339e-10,2.5573494985262235e-10,-1.6377736494251395e-10,1.7526726427268454e-10,3.068400277655746e-10,5.589202274399652e-10,2.6237320858762234e-09,-1.2865074370474395e-09,1.0534996025085146e-09,-4.071592362335258e-10,-7.632708208067321e-10,-2.1687825205470667e-09,-2.4526473387771147e-10,2.2513982655889673e-10,-3.975723496249647e-10,-1.6181574157317385e-10,6.835490365288385e-10,6.305930223020839e-10,2.710950467097832e-10,3.736597599695665e-09,4.942919010860406e-09,6.224510159082806e-10,1.4365081657365078e-09,3.9591389304764837e-10,-3.366976034172069e-09,-5.596123947793719e-10,2.387145921649964e-10,-1.0058156864144334e-09,4.146205256713854e-10,2.903225020700225e-10,3.7588697521749406e-10,2.928427758325181e-10,-1.7796871050843446e-09,-3.5592542141791564e-09,-4.118897286580816e-09,-4.305426904349578e-09,1.5687341607610098e-08,3.0184003110185887e-09,-1.5558979235588803e-09,2.1958346924301986e-09,-1.0197492068805369e-10,-3.717981921015142e-09,-4.1659778565633765e-09,-8.03193979354512e-09,8.177291614010276e-10,1.1686945277746082e-08,7.890928751014679e-10,1.5022521013283537e-09,-4.917556559152525e-10,-2.8402473567047025e-09,1.8061216411983947e-09,7.909501052249825e-11,-6.440954668343929e-09,2.1900419218020698e-08,-2.419468573126628e-08,-8.86262307983549e-09,-8.789518619910447e-09,-2.29398930595813e-09,-8.077561850465079e-10,4.3549989396600476e-09,1.75648898603799e-09,-5.451212605599344e-10,-6.325430046213088e-10,-3.4497641953421156e-10,-2.567630847590824e-09,3.304285180557309e-10,-1.4380149437390753e-09,-3.232296693535415e-10,-7.101403338986448e-10,-3.015608286748575e-11,6.913824992923652e-10,5.861595687644663e-10,4.620625321120311e-09,1.1264844458525984e-10,-3.427380291701669e-09,-5.727390370814474e-10,3.643287471574496e-11,-2.729256204272996e-09,1.3754194620771685e-09,5.853798883499713e-10,3.7538012026554174e-10,-4.883827075275678e-10,-1.1213971862910828e-09,3.3646455531719225e-10,6.099418651242626e-10,-4.343623373895702e-09,-2.7362804754914707e-09,-7.967015513256926e-11,4.4494165109186055e-10,5.210179823387884e-10,2.4535596277120844e-09,1.6525477997751492e-10,-2.750525958773971e-12,1.0718428008556692e-10,5.557304684127205e-11,7.532473304768256e-11,-3.5337794832371336e-10,-4.079837147024005e-10
window_p11,3.348693967992146e-10,-1.311911558864607e-10,1.2056114365180792e-08,2.1240060007490993e-09,-2.0328226177747512e-08,-6.0125192992201015e-09,-1.6821589433581907e-09,4.720476673622417e-09,4.207468037835218e-09,4.397210618077205e-09,-5.172831300889653e-09,-1.3754977087548953e-09,1.968636984345828e-09,-1.4370347318784295e-09,-8.255606930747719e-10,1.7316284768675692e-09,1.5811485296576067e-09,7.837637854006163e-09,5.1831258908938156e-09,-7.904081728115804e-10,6.375191077526914e-09,-1.0357635849010832e-09,-7.765628501220645e-09,1.3865428033489995e-08,-6.824750581399642e-09,4.049756967236873e-09,3.922763228368904e-09,5.255169889800045e-09,7.460472624486074e-09,-6.146593855475322e-10,5.941480947397952e-09,-2.0974221428698053e-08,5.033231906790643e-09,1.418675859321883e-09,7.839321247966506e-09,-9.67962767971563e-10,2.5097321162563606e-09,4.274554056038272e-09,-3.1709138223384167e-09,4.8142152820996404e-09,-2.9049615832959176e-08,1.4467124729491968e-08,-7.800211936356517e-09,-2.7148415986725213e-09,4.931131536272155e-09,-3.0292384712921167e-09,-2.9783394291774276e-09,6.689081302052521e-10,-4.938354027986095e-10,1.5913794235117653e-09,1.1928731351209361e-09,-5.879916220138716e-10,6.1680018010063e-10,1.4741237801346733e-10,-1.3698988327089548e-09,3.8097730752780657e-10,3.635715638821037e-10,1.320188343575928e-11,2.105044084464132e-09,-2.9021569834032866e-09,3.3099192661479104e-09,1.7760603551359358e-09,3.7412641899145027e-10,-1.2814189643263434e-09,-1.4107917777206855e-09,4.943108654752718e-10,-1.8619142082414998e-09,-9.72335258424167e-10,4.4206820506324506e-10,3.6076398576867084e-10,-1.0496569548699715e-10,-1.8998972282743295e-09,8.975086092173675e-10,4.022304253151368e-09,6.541663051923399e-10,-5.306593434336809e-10,1.708169911501229e-09,-3.493683601743909e-09,-3.1167402717792393e-09,1.0957900534659288e-09,-5.131088529038797e-10,7.612071417318232e-10,2.0221156683232873e-10,-4.1660892272732033e-10,-2.896646720980933e-09,-2.9639230931674104e-09,3.240414803509043e-10,1.030124504853899e-09,-2.479590302840168e-09,-1.2861953130737566e-09,-1.849979959650731e-09,7.723392477152624e-11,-9.319898763696663e-10,-4.645642518844685e-10,-4.2282094331646997e-10,2.1280551161211716e-10,-1.4984335272800082e-10,-3.295171644484269e-09,-5.670680866410829e-09,4.793346677889595e-09,-2.0331205964697978e-09,2.8993449433368227e-09,1.7005594810509716e-09,-2.3028328893835137e-09,-4.385600827302783e-10,1.5521179608088249e-09,-1.1453228775927486e-09,6.180852453155102e-10,-1.5373238661069097e-09,-2.5239958606493526e-10,9.791412720830651e-11,-2.119919139789914e-09,2.247425865933294e-09,-8.843000006394488e-09,-2.7612480454376096e-09,-5.342752891708603e-09,-3.989553127365505e-09,-1.1954744757656049e-09,-5.805301533262809e-10,2.2298133982144893e-09,-1.591560996676671e-09,5.4861247358275725e-09,1.0633955442095926e-08,-1.6606887926961075e-08,-7.847899915583235e-09,-2.233863710049341e-09,4.112708973652739e-09,1.6631656626811383e-09,5.799003588952577e-10,2.5410481795292298e-09,2.2440974466213115e-09,-1.4670417930443103e-08,2.6977553019276225e-08,2.8565563549927567e-09,8.681429180896397e-09,3.7486051473222146e-09,1.112025050273099e-09,-2.204305036979395e-09,-1.753540923575506e-09,3.267211353275394e-09,5.2097778536306786e-11,1.0495117799367183e-09,6.331524508711852e-10,-1.8054244931113736e-09,1.5943018683402677e-09,-2.347900099313738e-10,-3.8493062921483876e-10,1.0096940232503506e-09,4.0871322305104587e-10,7.730759804798074e-11,-3.432240100750132e-09,-2.3925706861104323e-09,1.8540328271311048e-09,1.703042619698248e-09,-8.854355218554532e-10,-2.1543289694649818e-10,-1.7529983588947095e-09,2.483627778385206e-10,-1.4077377637395906e-09,-5.553913870749794e-10,1.7132945406382149e-09,-2.154497093705641e-10,-1.5866830767418437e-10,4.521614267837454e-09,3.620873591379384e-09,-7.102376808121431e-10,4.6406690415517474e-10,-6.354314200896866e-12,1.6525477997751813e-10,2.518167214291794e-09,3.424679744113753e-10,5.218009521973989e-10,8.42091766978401e-10,-6.415972487763602e-10,1.836388853428975e-10,-5.176564093696018e-12
window_p12,1.472392196936168e-09,1.9646336256248365e-09,5.55213281386876e-09,9.925960336252775e-09,-1.3550020633151846e-08,-7.777690251804261e-09,2.1499799074588154e-09,1.6060946294485488e-09,4.2596482473234734e-10,1.5535956970059447e-09,-9.591973850387373e-10,1.2898731382055187e-09,3.2102926083964533e-10,-2.7800294022052496e-09,-7.599272545382234e-09,-1.0292490361755553e-09,-2.210754764846533e-09,-2.578460778977499e-10,2.7552804433769106e-09,2.367487926150854e-09,7.039456238441272e-09,2.6928113013658037e-09,-2.2102484683483895e-09,-7.435556447863618e-12,-3.2210853864134235e-09,1.5629993761726252e-09,5.594655247644186e-10,4.054009480931311e-09,2.7287146983381892e-09,1.3121935431781922e-09,4.286463837682851e-09,-8.546967127559808e-09,-2.0765477040906248e-09,-3.4394565263679005e-09,4.475175416349999e-10,-4.267875785746219e-09,3.932303600582394e-09,2.21806626410819e-09,5.206347282813133e-09,6.528767911178487e-09,-1.2860966276196994e-08,2.544748029437038e-09,-3.684207540218563e-09,-1.118367155121951e-09,-1.1193125426873902e-09,-5.028209081746345e-10,-1.5484966523848917e-09,6.433320544520294e-10,-1.2028403874829695e-09,-6.345961671818498e-10,7.252314082070565e-10,1.9237070340051214e-10,-1.1449774253835855e-09,-3.502605354448544e-11,-2.836729820227863e-10,-1.615744613691582e-10,2.417239662761778e-12,1.294587527381162e-10,-1.620797197030856e-10,-2.9218031150745136e-09,1.6660386683438904e-09,-2.6350780609847682e-11,3.674145826938928e-10,-2.207198641404893e-10,3.996691329722267e-10,-1.863330385035497e-10,-2.75488033746124e-10,-3.368828997628618e-10,3.8997740259297995e-11,-3.1953353293481307e-10,6.544980427416047e-11,-9.148551168289605e-10,-1.66268858710312e-09,9.157236662385528e-10,-5.796521798077997e-10,-9.510688813645075e-10,-5.183299025969621e-11,-1.2988782759871092e-09,-1.907039374689045e-09,2.643962770682719e-10,-3.126915204463703e-10,-2.188319779588062e-10,-2.5770401864452526e-10,-1.3791117446959934e-10,-2.014905963538616e-09,-6.681592728902985e-10,1.1055171959968865e-10,-1.1962154638115857e-09,2.9043201155090568e-11,-2.441016508031853e-10,3.237438908521361e-10,-7.196134381787361e-10,3.071869903693838e-10,1.0827276302381128e-10,-5.864937873444389e-10,-1.0280431519100996e-10,-1.2626409827892506e-11,-7.594635383869737e-10,-2.9252306711200105e-09,5.822650230027901e-10,-2.4498844216634628e-09,1.632830827214382e-10,6.163810277017834e-10,-2.0753308510707082e-10,-2.052973987206427e-09,1.9150460160552857e-10,-3.8560956295356726e-10,1.7287087271752896e-10,-3.2049239387985736e-10,1.2775026655225495e-11,1.7404463620022416e-09,1.4987561426079337e-09,2.976742018845713e-09,-5.733226563486629e-09,-6.495896420563809e-10,-2.889838467852038e-09,-7.438972993398716e-10,-8.431097051221441e-10,-3.3031148191164526e-10,1.4768844016264413e-09,-8.019398906309785e-10,4.1638665786793376e-09,8.814762737842747e-09,-9.470200876309e-09,-3.256653524202749e-09,3.8448244013842274e-10,2.2875982115454744e-09,3.6018284976942265e-10,-2.0998467924139685e-09,8.371063299264301e-10,-3.021786368085655e-09,-8.0550997063333e-09,1.3200536352785503e-08,4.574826655182061e-09,4.524113127376113e-09,1.2242113225863948e-09,1.928835478561888e-09,-8.602158051896104e-10,-7.924423465691004e-10,1.137106535730201e-09,-9.737077952992368e-11,6.241522485875137e-10,4.508680097847792e-10,-9.678346954074568e-11,1.0149465695764203e-10,3.139540571978167e-10,2.209294723805229e-10,-1.8629485816352659e-10,-4.234350709343271e-10,-1.1294397096042362e-10,-1.258542028298864e-09,-1.2323883093436438e-09,9.070374298171832e-10,-7.813394960372011e-10,-7.660623202208155e-10,2.0710140083739816e-11,-5.589561741285855e-10,-1.5174693541721554e-09,3.2776619826545346e-11,1.2668940506668308e-10,1.7452248985780265e-10,1.4210714142042932e-10,9.27425723833978e-12,2.1843794961023714e-09,2.383550727681302e-09,1.5100780910021919e-10,1.161157561077254e-09,-1.6669746116895685e-11,-2.7505259587652946e-12,3.424679744113685e-10,1.0746190149688807e-09,-3.0005795874899283e-10,8.903983595126064e-11,7.989894010298776e-11,1.406274451975835e-10,1.3066158837670906e-11
window_p13,-7.305112376944987e-10,-2.13574126440421e-09,4.528924367865051e-09,-3.689759250652649e-09,2.5149114488107347e-09,3.696454810068097e-09,-5.890267235942541e-09,1.0422596803136926e-09,-2.381748654761991e-10,5.225622800606744e-10,4.129075383310286e-10,5.80350504963831e-09,5.904247998591667e-10,3.140246200244609e-09,2.2655145965180785e-09,-2.4587373943987404e-09,2.9700927176107328e-09,1.9693619409190314e-09,-4.682358329613267e-10,-2.610572658940964e-09,3.7187820183249917e-09,-3.4926452813739685e-09,1.6290080082603111e-09,-6.5607378056138365e-09,6.426281135712838e-10,2.9090653768484574e-09,2.033417712542873e-10,-3.3041594464475704e-09,-3.580627532209007e-10,1.0873152910889978e-08,-1.6309357440398755e-09,-6.498941044793862e-09,-3.0296965543788176e-09,1.572264952419396e-09,4.695149357282518e-09,3.2196610938871696e-09,-3.243086762423552e-09,7.954759114808058e-10,3.849847063379683e-09,-3.559222787842402e-09,1.6941581162386035e-09,-4.328388011312976e-09,-4.341198581620445e-09,3.0855760039610553e-09,1.7434925616936064e-09,-9.63844865739528e-10,-5.47821464735141e-11,5.41933342092715e-10,6.704299690431302e-10,6.525229871356018e-10,-4.306516949891351e-10,9.519103595936701e-11,5.554887530354182e-10,-1.5470153773050317e-09,-5.186469602099867e-10,2.2335989673943785e-10,-8.394059507518536e-11,-2.105228548647742e-10,-1.0193636587385149e-09,2.3751261325315773e-09,1.0004249657976212e-10,7.516523756753132e-10,-5.652531991411457e-10,-8.281260433236835e-10,-9.236622350764257e-10,-3.2136207999144124e-10,-8.306919185853818e-10,1.3546223217222462e-10,4.730349789131826e-10,1.7283839485254785e-10,-2.757917090114427e-10,5.019542589065141e-10,1.8911193915418596e-09,1.5315825245871612e-09,1.0666441448805757e-09,3.8494852356365447e-10,2.3744168258513545e-10,6.77064972659488e-10,6.04635916844771e-10,-8.01279987031446e-10,-4.805508150765103e-11,5.048764491491501e-10,5.381611523566758e-11,2.4818076865219103e-11,1.4275004729082787e-10,2.0236771806022516e-09,1.4195582185583945e-09,5.780139492769574e-10,-1.8485159696349404e-09,-2.763847128481241e-10,-7.863765695075033e-10,2.278261359164268e-10,-1.4710752127928786e-09,-9.936152757330914e-11,4.497478562939845e-10,8.87846637494184e-11,-3.1788478831519464e-12,-1.3604126110129394e-09,3.3972286518199766e-10,2.0101834622855318e-09,2.1733803402883424e-09,6.732231372012212e-10,3.50907074226418e-10,-2.6633716004518096e-10,4.974122125125442e-10,-7.413725447038836e-10,5.039122940685292e-12,1.471070038320322e-10,-4.368599992694334e-10,-7.417437687212771e-12,-2.5603659517521966e-10,1.3977879475248535e-10,-3.0933612173239245e-09,5.56659713854883e-09,-1.5889033237904994e-09,8.870000854307179e-10,3.800669408349021e-09,5.720558135685788e-09,-1.813053001460573e-09,-3.344403294056471e-10,-5.0093897979122905e-12,4.0476915253284966e-10,5.667781097284804e-10,9.42175261298515e-09,-7.07712750236607e-10,-2.9341608872306044e-09,1.083358336666551e-09,-1.9349663002918017e-09,2.4359556894749152e-09,-1.492189188847324e-10,2.466114542296167e-09,-3.5233531784559747e-09,-8.904836246764982e-09,-1.9960525578508576e-09,-4.4779336092266e-10,-3.024999098472231e-09,-5.599701307564251e-10,1.8245338178842595e-09,1.9423524172501754e-09,5.172896882049417e-10,4.3947248532580684e-10,-1.275861044856639e-09,-1.381866768102525e-09,-6.905849149699518e-10,-1.9959417391888563e-10,-9.831045997870836e-10,-9.326781100167291e-11,6.118826155129498e-10,4.957557358113345e-10,-1.4068585358041768e-11,-1.2348898334375946e-09,5.828919653600973e-10,6.907738636886494e-10,2.350186206981865e-09,4.5442194822630414e-10,8.331897546020766e-10,-7.220686539360447e-11,9.309772118548359e-10,-1.685757856624184e-09,-4.500365172248006e-10,2.0668814220578554e-10,-3.5110188208352073e-10,5.5747959985876065e-11,-8.487479653531508e-10,-1.4636273190022842e-09,-9.548006661381325e-10,-8.54537142515854e-10,5.993072014632595e-10,1.07184280085567e-10,5.218009521973956e-10,-3.0005795874898565e-10,1.4063034402264976e-09,3.4647966059017425e-10,-2.869853079405869e-10,1.1219328783055508e-10,1.2707135278427714e-11
window_p14,8.084444895588308e-10,-8.717774744276672e-10,5.6250192101883375e-09,1.23670954274655e-08,-1.444722199037791e-08,-6.3053681116793245e-09,-1.9532116130918903e-09,4.285904954058084e-09,5.809792236419502e-09,6.153096737509558e-09,-4.077952516663226e-09,-3.569517128997784e-09,1.3626815764333622e-08,-5.146671895071696e-09,-4.562052590351682e-09,-8.201204880867869e-10,-6.543225953240836e-10,5.314674084225983e-09,4.93318592377411e-09,-1.921269511618337e-09,3.1585927631491947e-09,1.0109651861984016e-08,-7.565132546063901e-09,6.310679929039913e-09,-6.913754694271965e-09,3.359994297589886e-09,3.5429152295550493e-09,5.531216369838693e-09,3.790801967816819e-09,-3.958511240599971e-09,1.4936869380302535e-08,-1.6386451710952264e-08,-8.04227087656724e-10,-4.164763865524193e-09,1.4591250793479096e-09,-3.531212929865097e-09,3.301927245635667e-09,2.0524970697467703e-09,-2.4619496490359926e-09,1.2556040062403876e-08,-2.1260407649891982e-08,8.148056697908139e-09,-4.806094860249536e-09,-2.479195249456316e-09,3.502963905214182e-09,-2.036949250694799e-09,-2.109178631868225e-09,1.0561400385900738e-10,-1.0809246417796392e-09,7.689587085836909e-10,-1.987601612181993e-10,-8.962148897338383e-11,5.814137387585166e-10,8.205964426263195e-10,-1.7573857240668951e-09,1.5872121277544925e-10,1.8623307756963868e-10,-4.573083235559501e-10,-4.1096121868153263e-10,-2.0861164920241772e-09,2.834670520996644e-09,2.5506333181359473e-10,7.626996774983335e-10,-1.5168210962874867e-09,1.722783375985298e-10,4.5879101473213674e-10,-1.4991461780451574e-09,-1.4661764355141167e-09,4.2855179125100914e-10,3.0332400006524535e-10,-4.791866941000346e-10,-2.8490845974140904e-09,8.585425492388584e-10,2.294959781695074e-09,3.324559484186101e-10,-4.248100653542866e-10,6.793918353113282e-10,-1.7532922458929043e-09,-1.3791453843264615e-09,2.98432556758169e-10,-9.609076111963913e-10,6.141804757822881e-10,-1.961419982747449e-10,-7.948306894162966e-10,-4.103196410565081e-09,-4.267585339466272e-09,-2.428694571751992e-09,-5.822805070671525e-11,-7.737146176380776e-10,-8.62938487311328e-10,-8.732706669172257e-10,2.0652315019066024e-10,-2.967880372055269e-12,-1.117985891094485e-09,-3.4644420912380933e-10,-2.488717880394473e-10,-4.645262318276645e-10,-2.8951416824870666e-09,-6.040193614032399e-09,2.4422411450612077e-09,-2.4217631067502925e-09,1.5231148927063304e-09,2.946486862060764e-10,-2.2579614402352037e-10,-3.69808846744954e-10,1.0896801290061769e-09,-1.5978240297712884e-09,1.977322479349837e-10,-7.953383591392344e-10,-8.141047075467621e-10,8.210736775375141e-11,1.446153850948208e-09,4.673231938848992e-09,1.4008517886382521e-09,-2.584790002858869e-09,-4.749166983501056e-09,-2.7627821546388155e-10,-8.768228612406304e-10,1.0651411664444997e-09,3.3921417544992392e-09,-1.5485152715044988e-09,2.4482789609581887e-09,6.91134971924442e-09,-9.953582458305637e-09,-4.191497565086014e-09,-4.171676836307786e-09,2.2915782402930367e-10,4.07381025760031e-09,-1.7609164353950972e-11,3.957672065371289e-09,4.432402227129595e-09,-2.0055997537261024e-08,1.821157396272756e-08,4.2168775558146385e-09,7.1471212893714e-09,3.5593672234240293e-09,8.356383184871275e-11,-3.5865321441608017e-09,-1.4831168770935608e-09,3.214239959396276e-09,4.777836730189161e-11,1.7515340438119116e-09,1.80737803239716e-10,-9.079413606703808e-10,1.3293983147759823e-09,-1.368568089139504e-10,-4.3866929182986867e-10,8.967241964813081e-10,3.744393521669605e-10,-9.926139128454483e-11,-2.9383148767000843e-09,-3.106255505904892e-10,2.961312689968953e-09,1.0796697928009975e-09,1.6213380649401591e-10,2.3049271712405696e-10,-1.1340325377216313e-09,2.4321312577959385e-12,-4.606006518036501e-10,-9.861351277830677e-10,1.1535874304984264e-09,-1.0062518759953878e-10,-6.003481837343528e-10,4.017375147840375e-09,2.646937941737239e-09,-1.3036970808747298e-10,7.963981372476359e-10,-6.380259852881829e-10,5.55730468412711e-11,8.420917669784065e-10,8.903983595126905e-11,3.464796605901767e-10,1.1572339223282572e-09,-5.188163784967275e-10,1.748386512301048e-10,4.119865061713686e-10
window_p15,-1.0246458851193187e-10,9.193597561558091e-10,-3.1950401032109813e-09,-3.82563666006441e-09,5.260250393544278e-09,2.969341855113581e-09,-9.363034600185438e-10,-1.0558174578897273e-09,-1.5062457831635856e-09,-2.6142187328171357e-09,3.5276967125640185e-09,2.1358112525793513e-09,-5.831408422241651e-09,-1.1334150835854994e-09,7.112214273212384e-10,-2.387284152471293e-09,-7.702847342413654e-10,-2.3619044689426685e-09,-1.968428289380008e-09,2.131822732043051e-09,-9.740635713454726e-10,-2.063924836973324e-09,-4.532518897084329e-10,-4.588154114223597e-09,1.2254294125823777e-09,-1.1350141382745784e-09,-2.4370781003016333e-09,-2.726718331444743e-09,-1.000384720688483e-09,4.046207091317409e-09,-7.191109187200302e-09,4.580268308101689e-09,-1.7478704816637606e-09,-1.4430507455040936e-09,-2.034171193894905e-09,1.3780979038070658e-11,-9.340678731106589e-10,-1.9988284592141124e-11,1.5313965272546954e-09,-5.02759046667532e-09,1.1895687364498842e-08,-4.5742159853923844e-09,-1.3523153366903123e-10,2.4217119575104175e-09,-2.386891182854725e-09,1.291412193587162e-09,2.1906779889492263e-09,-6.854112203679261e-10,4.800968365378168e-10,-4.1858095351533204e-11,-1.0550973728447903e-10,-5.7240434257238436e-11,-6.147693019270371e-10,-2.6993500225250045e-10,8.821645856031966e-10,-5.356524403627388e-10,-2.477901449837825e-10,1.3529626940093897e-10,-1.1373176566432401e-09,1.6993022149157113e-09,-1.9381813575551286e-09,-5.245884182947553e-10,-2.1014330380591187e-10,4.114852448224489e-10,3.0908924053854136e-10,-2.2380496657339535e-10,1.0578256123306167e-09,6.944293347952037e-10,-3.478415094369035e-10,-4.416380265877047e-10,2.822157914625356e-10,4.4747832810523253e-10,-8.49334920396671e-10,-2.091604016587294e-09,-1.1458750891556192e-09,8.58660566324531e-11,-5.556930863213232e-10,1.2526684359734137e-09,9.525378928150937e-10,1.9332205760683782e-11,4.6229392917459565e-10,-8.49400077275238e-10,-1.576881603083644e-10,2.6781839031662315e-10,4.763179323583374e-10,2.7744550843016435e-09,7.772357468503528e-10,-8.748231780572654e-10,1.1887473215438918e-09,6.029500985110384e-10,8.206852222249837e-10,-1.644243803559239e-10,2.7566541813137967e-10,4.3478668753062547e-10,-2.776755407311412e-10,-2.4746640256480823e-10,2.107014723214068e-10,9.627971372426745e-11,2.722546643983514e-09,-2.485611171225112e-09,5.303072119514343e-10,-9.138346387668503e-10,-6.282402517580456e-10,3.8493584622562867e-10,-9.013944624335744e-11,-4.274010461392092e-10,4.1553435666310874e-10,-5.52807773200162e-10,4.151828187763102e-10,3.732966746936663e-10,-2.4068788582539557e-10,-2.0954570437433485e-11,-3.179273168031461e-09,3.5775594182378585e-09,8.910004160280404e-10,1.3901562292821636e-09,-1.7242777502641147e-09,1.0193936933576976e-09,-2.9298133455354085e-10,-1.874903025413131e-09,1.2143376260746807e-09,-1.2587811860741694e-09,-5.8946214664172e-09,5.144415430608219e-09,-3.75956002151445e-11,-4.843909700795037e-12,8.849673039052872e-10,-1.418576804843228e-09,1.593617542498352e-10,-2.4642829176550607e-09,-8.387433735159366e-10,6.925562715642054e-09,-1.0528552429807944e-08,3.01998413603011e-11,-4.725683700119655e-10,-2.0321305331843668e-09,1.1652585997219525e-10,1.3749192914258075e-09,2.10269531563532e-09,-1.851662476581284e-09,5.2663167637288e-10,-2.048494953088835e-10,-3.6363695433081303e-11,6.633610490570504e-10,-9.077531153028176e-10,2.155777355002741e-10,1.0037068311581067e-10,-8.179951209883013e-10,-3.712211880059346e-10,-1.0539832320614593e-11,1.9347461156396434e-09,1.7089522509328183e-09,-1.460637566551215e-09,-7.18128721950488e-10,5.722044562437082e-10,6.665845439032203e-11,6.322440077993792e-10,-3.2206320700224354e-10,5.649665276646679e-10,2.869004304207296e-10,-9.871493178273993e-10,-3.205520699128191e-11,2.4144731127643397e-10,-1.7277784862443323e-09,-2.1219172217170657e-09,6.179248596005692e-10,3.5910658873614985e-11,3.3636409187968956e-11,7.532473304768229e-11,-6.415972487763551e-10,7.989894010299096e-11,-2.869853079405872e-10,-5.188163784967261e-10,7.005201637607474e-10,8.346879558624069e-11,-1.1811371199773928e-10
window_p16,5.1775255894875176e-11,-1.8679807109043038e-10,5.141539247225478e-09,5.213965146173641e-09,-1.3598543209971905e-08,-4.169363970589877e-09,-3.889371756344051e-09,4.569846601452174e-09,1.981995938033559e-09,1.519402302952103e-09,3.431353319757769e-10,3.5078240692804403e-09,-1.6053017272065313e-09,-5.271655419864642e-09,-4.673813113912141e-09,-3.7585876388665105e-09,-1.8059528646204611e-10,1.1801827686280865e-09,1.894619695862062e-09,1.4893680796783592e-09,4.600537169874131e-09,1.325555408822101e-09,-7.066885621099814e-09,-1.6111057739175077e-09,-4.384198624958754e-09,1.9852797076468694e-09,6.516376507272388e-11,1.8267629380767764e-09,2.492814129088941e-09,1.7379288604026106e-09,-3.2921780446190254e-10,-1.1087099639309089e-08,-4.066042662366804e-09,-4.956801937612815e-09,5.322806403312576e-10,-1.7127944814760345e-09,2.3364073537039905e-09,2.6222652021591023e-09,2.322586496480156e-09,6.3221387005623e-09,-1.1002505493593576e-08,8.550047387734056e-10,-3.886729245158344e-09,8.821649365719412e-10,2.253786533318227e-10,-3.03994632603743e-10,-7.820144928950982e-10,3.8590032998347914e-10,-4.2905391741187994e-10,2.4403097115391847e-10,2.858205765182065e-10,-3.080057334143868e-10,-2.0906577404164593e-11,-3.7908206671847196e-11,-2.9332815198840435e-11,-9.87397459100851e-11,-3.173052491237376e-10,-6.687228835323942e-11,-8.445158439511698e-10,-1.2756252098198705e-09,4.3017682597625896e-10,1.9387576251251473e-10,4.5176819031017183e-10,-5.906889337436332e-10,2.565989569964152e-10,2.2971211814190386e-10,-5.552264086307234e-10,-3.5339671378462915e-10,-1.3056580772321886e-10,-3.206999201471377e-10,-1.5522475522806875e-11,-9.093444100639904e-10,-2.204925229032933e-10,5.585287116935458e-10,6.383658284493072e-10,-5.813193036201851e-10,4.3668741271905337e-10,-6.421910233322012e-10,-2.321934740817064e-11,3.0264647617345434e-10,3.2581856500688383e-11,-2.3219716947792257e-10,-4.588710859109141e-10,-2.979997050568319e-10,-2.4749654111689268e-09,-1.678622389041267e-11,-6.238946318787245e-10,-3.3605525794229466e-10,1.1625010307826413e-10,4.769157683188766e-10,5.213254346100094e-11,-1.39129043857074e-10,-1.622603709525714e-10,-1.6933499074790682e-10,-4.677898027056669e-10,-4.915849555322534e-10,-2.2086528513033078e-11,-2.590796242400074e-09,-2.963221864967266e-09,3.597475975315122e-11,-8.871059995117437e-10,-1.0463760369085433e-10,7.374383981748438e-10,7.744118482192979e-11,-4.2974767816274934e-10,3.6563927912100375e-10,-5.528574009111905e-10,-2.1453500889784764e-10,-5.052736142534372e-10,-1.80140676258677e-10,1.3455662090591544e-09,2.1633112949486856e-09,3.1265505316353574e-09,-1.4473338071522201e-10,-2.8491506172207324e-09,3.680584716007457e-10,-6.692742656691993e-10,1.0192087722470805e-10,-4.0065093730393973e-10,1.579629896366471e-09,1.3887201980351367e-09,5.1841275560553554e-09,-2.8936868064876536e-09,-2.218033142383552e-09,-2.877708404435691e-09,-3.895199312785464e-09,2.3122425240192035e-09,1.3552555813901501e-09,-7.38401973912542e-10,-9.870171838244899e-11,1.4345123170330845e-09,-6.716502056164762e-09,9.138503310833739e-09,4.309580596980662e-09,6.06932965633809e-09,6.2782864843082e-10,9.917614380166476e-10,-1.8645354351374045e-09,-1.2553739260131898e-10,1.1765170978626927e-10,5.942546055389872e-10,2.346595405541758e-10,2.5241286625131127e-10,-3.697758523086649e-10,3.0213598338674743e-10,-1.3984805540139281e-10,1.8057384801393781e-10,6.452592931639681e-11,-3.215960673811786e-10,-2.718886642909424e-10,-3.2657770705881314e-10,4.871878621833313e-10,1.2583318881279506e-09,3.4668987435031713e-10,1.8467082922505566e-10,1.0279105779642818e-09,-5.457700949279404e-10,-3.727269117938808e-10,-9.743276897355086e-11,2.760400663819491e-11,3.7586052965549547e-10,-3.0517901468616916e-10,-1.7790309275119474e-10,2.0757447228579335e-09,1.1439997575916214e-09,4.538801363092695e-10,2.409093098472889e-10,1.409968415212787e-11,-3.5337794832371393e-10,1.8363888534290092e-10,1.4062744519758714e-10,1.121932878305548e-10,1.7483865123010504e-10,8.34687955862386e-11,3.758334204851857e-10,2.0127704860461395e-10
window_p17,1.5415299072024303e-10,2.713199154992354e-10,3.2277595971119067e-09,1.4386543938145643e-08,-1.6715384599652354e-08,-7.950275561886876e-09,-3.3849073041193657e-09,3.026568146172126e-09,3.4819349162019644e-09,3.6174115129353663e-09,-8.240471388141508e-10,-1.6634352039911704e-09,9.48983045515462e-09,-8.171808322899903e-09,-7.811707629320244e-09,-3.740442404038312e-09,-7.461464199813764e-10,2.6304078941603757e-09,2.857625485019905e-09,8.114778825346589e-10,3.0173923089461196e-09,1.2775090074674042e-08,-1.0556933866176095e-08,-3.1763560294360525e-09,-6.001752986656666e-09,1.0445612181683045e-09,1.7983075243294363e-09,3.678044240134941e-09,2.53798568730452e-09,-3.0820498592659644e-09,1.1831875463155168e-08,-1.5565854383822453e-08,-4.838870566018121e-09,-5.95821909786253e-09,-1.2517916840119415e-09,-2.598760211704774e-09,3.30615377013225e-09,2.678408794345951e-09,-9.607917128119377e-10,1.6429583236597582e-08,-1.545866563821654e-08,1.0535996059104026e-09,-4.315945226345998e-09,-1.2788569714381104e-09,1.4159321824242164e-09,-4.418515681350289e-10,-1.4630941239403347e-09,7.701673635502431e-10,-7.254702162454404e-10,2.8132896141530625e-10,2.1527243019433705e-10,-1.878854674324113e-10,3.6054459857328027e-10,5.832603090640112e-10,-4.652544968110077e-10,-8.123983122216703e-11,-1.0857662488345095e-10,-3.592467862587936e-10,-3.6550910764835393e-10,-2.1914454318877072e-09,1.4428335499183086e-09,-4.146804470699881e-11,1.0486377831818117e-09,-7.516342254519783e-10,7.237466650491966e-10,3.272393600215966e-10,-8.319462488701639e-10,-9.804120837334438e-10,-1.7708573783808437e-11,-3.302815300828811e-11,-2.855660129661845e-10,-1.663458927100395e-09,7.644037655630079e-11,9.630894622022186e-10,8.065786568284539e-11,-5.777609240433283e-10,2.9528828451140373e-10,-8.595502047149253e-10,-2.934948149869147e-10,1.6327641441838497e-10,-2.5456910680197913e-10,2.5689771416044636e-11,-2.5860316072042006e-10,-6.859064595012029e-10,-2.909878170034582e-09,-2.177824442273373e-09,-1.892855438070535e-09,-3.734984153313673e-10,4.827961234387434e-10,2.936861396522388e-10,5.291290704659401e-11,-1.0630145137330178e-10,1.9302301192240602e-10,-4.1956700764869387e-10,-4.1439444338474147e-10,-4.1183197459305844e-10,-3.583775535546195e-10,-2.5142421051968532e-09,-4.0720062878943875e-09,1.8352158004079708e-10,-1.970618884092888e-09,9.91006382391394e-11,4.5356470381226025e-10,4.597856503073798e-10,-2.9435800587069606e-10,6.704359583054694e-10,-7.866995127437268e-10,-1.7892019061610856e-10,-3.787439915373558e-10,-5.495249364733383e-10,8.396117721717496e-10,3.324803586287412e-09,2.3575723868304344e-09,3.997638939187031e-09,-6.84556139015042e-09,-2.809369015585724e-09,-4.809118705327391e-10,-8.863493164993526e-10,6.569509349438182e-10,2.15455665368913e-09,8.346354046027087e-10,1.4468764466209728e-09,3.293040920637027e-09,-8.262009089536007e-09,-3.0203379926732135e-09,-2.776599990530538e-09,-3.851394674959633e-12,3.9162256972249514e-09,-8.457208491206029e-10,1.3014386796277027e-09,3.806256722601785e-09,-1.7269724265086935e-08,1.4875796769325905e-08,6.0844066346561345e-09,6.733936003492797e-09,2.6660076139071495e-09,5.400229885805429e-10,-2.3225209621469954e-09,-9.034802249648406e-10,1.6176509915632456e-09,2.8012347007344305e-10,1.1518798435625274e-09,6.245547556968077e-10,-1.9778996895923214e-10,8.640334003958437e-10,3.565319199700639e-11,7.791451715023374e-11,2.96150663208185e-10,-9.539594031786599e-11,-3.434089900381111e-10,-9.531202939531623e-10,6.103247886312512e-10,2.449715506515273e-09,3.894163310784006e-10,2.358895037121823e-10,1.0944889490000427e-09,-7.376444405115971e-10,-9.929282905322027e-11,-2.4567395539546624e-11,-2.0149568605282392e-10,7.176577604986891e-10,-3.4565010282484065e-11,-5.622768120465125e-10,2.8573105207452725e-09,2.0037914963495637e-09,3.0928796968836284e-10,6.178374387037873e-10,-4.410180943169289e-10,-4.07983714702398e-10,-5.176564093696151e-12,1.3066158837670804e-11,1.2707135278430273e-11,4.119865061713676e-10,-1.1811371199773726e-10,2.0127704860461317e-10,4.565716219408519e-10
