,treat_m4,treat_m3,treat_m2,treat_m1,treat_p0,treat_p1,treat_p2,treat_p3,treat_p4,L4treat_m4,L4treat_m3,L4treat_m2,L4treat_m1,L4treat_p0,L4treat_p1,L4treat_p2,L4treat_p3,L4treat_p4,L8treat_m4,L8treat_m3,L8treat_m2,L8treat_m1,L8treat_p0,L8treat_p1,L8treat_p2,L8treat_p3,L8treat_p4,L12treat_m4,L12treat_m3,L12treat_m2,L12treat_m1,L12treat_p0,L12treat_p1,L12treat_p2,L12treat_p3,L12treat_p4,L16treat_m4,L16treat_m3,L16treat_m2,L16treat_m1,L16treat_p0,L16treat_p1,L16treat_p2,L16treat_p3,L16treat_p4,F12treat_m4,F12treat_m3,F12treat_m2,F12treat_m1,F12treat_p0,F12treat_p1,F12treat_p2,F12treat_p3,F12treat_p4,F8treat_m4,F8treat_m3,F8treat_m2,F8treat_m1,F8treat_p0,F8treat_p1,F8treat_p2,F8treat_p3,F8treat_p4,window_m4,window_m3,window_m2,window_m1,window_p0,window_p1,window_p2,window_p3,window_p4
treat_m4,3.701817264749732e-09,2.894236943255449e-10,-1.8979772506642455e-09,9.430012427700094e-10,3.165657357132837e-09,3.4512227064268476e-09,1.576476024260528e-09,-1.4703124148611035e-09,-2.484099367151579e-10,3.596240113671798e-09,-2.1528778929865704e-09,-1.6262390562851444e-09,2.9640793281304586e-09,1.7332874979232052e-09,3.1924368707844337e-09,3.2429144904864683e-10,-1.8735575123710485e-09,-9.795577094590946e-10,4.86439560405888e-09,-1.1842185422601703e-09,-1.1340715507980023e-09,-3.0446943321139244e-09,3.528747623086565e-09,1.2548663300093536e-09,-1.9299927915789514e-09,2.998196563252592e-09,-2.272202921395552e-10,3.5297408237328243e-09,7.184085183878566e-10,2.04331281867713e-09,-5.193235573372993e-10,1.2833731269572506e-09,4.437542182813456e-09,1.9804740953533885e-09,-8.354201065694244e-10,-2.1610877331940637e-09,2.3792886031053708e-09,1.2580755870033871e-09,9.085204846881454e-10,-4.0453769604056155e-09,1.132082878520458e-09,6.028940425109371e-09,-3.701454398453705e-10,-7.73285201554072e-10,-1.2231473831427867e-09,8.299194376332854e-10,-3.477535390526214e-10,-5.5102951125924806e-11,-1.2637563811947462e-09,-2.196988376997786e-09,-1.2010604906057308e-09,-8.141538938764228e-10,1.3412830387573839e-09,1.3148309130326956e-09,1.1764826842351412e-09,-1.5393850240548106e-09,-3.7291083284963014e-09,1.9442643110231625e-09,-3.774438119817064e-10,-1.3452423466001263e-10,2.0517941300146225e-09,1.276758063554297e-09,4.6457033231373305e-10,-1.4820866163965258e-09,4.0219351705828306e-10,7.078248727656947e-10,5.641074301340062e-10,-1.4287476592009718e-09,-4.402126917714938e-09,-1.2529498976661377e-09,-4.3138720101078626e-10,-4.573709104233995e-10
treat_m3,2.8942369432557244e-10,2.3541132697875074e-09,3.9526887713246905e-09,1.1636870509632954e-08,-1.0363673517654591e-08,-5.65679439644061e-09,9.332225656593522e-10,-3.4554739673235336e-11,9.94669685400747e-10,1.2858818488709742e-10,1.5396319820693717e-10,-1.999477347985997e-09,1.1625706237590222e-08,-6.184944517455886e-09,-3.4773367736542583e-09,1.1480135702115397e-09,2.979510389781194e-09,1.3818715357742853e-09,-3.5412744399321665e-11,1.7896043083037717e-09,1.9642212627892145e-09,1.4825993488476768e-08,-5.345603931689635e-09,1.4224796808745911e-09,-7.265593562243638e-10,3.2686776064536164e-09,1.2427053319700076e-09,2.150960631226427e-09,3.8968193588925105e-09,-1.6191314165801079e-09,1.437322487540119e-08,-6.3139610690025e-09,5.044915040529757e-10,2.5967694185793316e-09,1.5891201691925376e-09,-4.0191236740236874e-09,3.9252824097711734e-10,2.155985604020716e-09,-3.5711888664748756e-10,1.0697759099129222e-08,-5.772045798437753e-09,-5.3626689352802e-11,3.0048558755772176e-09,8.601682661877707e-10,-3.786756652637189e-09,4.07922611687644e-10,2.5470104167122074e-09,2.5845802084755017e-09,2.363430832676175e-09,1.6074020276450038e-09,-2.7827985360878593e-09,-1.3421729719506008e-09,-1.084003637420214e-09,-2.3089472034471407e-09,5.715722336600142e-10,7.677771195861611e-10,8.074478988216384e-10,6.144732300691819e-09,-2.714513234314005e-10,-3.678805359732061e-09,2.3714198204076086e-10,-3.7367167877659667e-10,1.446245441856202e-09,-6.305893416216836e-10,-1.0751685438182827e-09,-1.9108443121319215e-09,-1.663466629768378e-08,6.7451145697222385e-09,5.242779013465674e-09,2.918558596850331e-09,2.4726105432856893e-09,3.229558110162276e-09
treat_m2,-1.8979772506642683e-09,3.952688771324791e-09,5.49122679499172e-08,7.726462309205801e-08,-1.2411304649835832e-07,-5.5136234445648234e-08,3.422596104783399e-09,7.047361784333961e-09,1.125236539634219e-08,4.28626218711771e-10,-5.928018697268079e-09,2.1311204108187075e-08,8.333645697557725e-08,-7.336999571453102e-08,-4.238051437505415e-08,-2.029144727449524e-08,2.1357532727981674e-08,2.481364199604811e-08,2.1918903430102916e-09,1.46023300732987e-09,3.9052164862909095e-08,9.752054147699553e-08,-8.885751280852141e-08,-8.016861630249775e-09,-1.3300681231683159e-08,2.7341704226179862e-08,9.12981060464876e-09,9.871266165617968e-09,1.8765127356314783e-08,2.0131846865437205e-08,1.0924631869032285e-07,-5.6336854175879784e-08,-8.721627167711894e-09,6.590138462165215e-09,4.237943502330428e-09,-2.8494649318601928e-09,-4.110767115559393e-09,1.9005196593300082e-08,2.2993388693750908e-08,7.544169814301503e-08,-5.788705261978343e-08,-1.2937368373411644e-08,1.10256989294853e-08,1.2955129398639606e-08,-1.5002174645653782e-08,2.291294991946966e-09,1.7768773403360116e-08,2.679644443817402e-08,3.6054418027086215e-08,9.261619293122797e-09,-1.0504781294223515e-08,-7.97302666469566e-09,7.722353925071341e-09,-1.0467133990204327e-09,3.6931142462250368e-09,3.949615941661648e-09,2.6935568669412698e-08,4.672198838919784e-08,2.9438824364806944e-09,-2.508773673668671e-08,4.387891587499089e-09,4.608808512271624e-09,3.0438997712476988e-09,1.8296204445349828e-09,-1.7512946168200058e-09,-1.8177522014281305e-08,-1.301252371018958e-07,4.600119502508187e-08,3.5757311914245505e-08,2.4751709998240298e-08,1.6371177780840666e-08,1.878795518093041e-08
treat_m1,9.430012427701978e-10,1.1636870509633316e-08,7.726462309205792e-08,1.9783621456711138e-07,-2.262872703620043e-07,-1.0865804287662767e-07,1.7225368230805637e-08,1.0611119849813144e-08,1.7557187767509196e-08,4.394141830816294e-09,-3.995835454338302e-09,6.004666332568968e-09,2.0002876335125512e-07,-1.2720470652110515e-07,-9.943733468386653e-08,-2.3348436683526645e-08,3.90114925293024e-08,3.1196927426770613e-08,1.0401280267448348e-08,8.217867344098777e-09,5.995143607084376e-08,2.3740034315452895e-07,-1.4524177353737795e-07,-3.610538672102861e-08,-3.1324397365666036e-08,4.464589428827342e-08,1.3230987183294572e-08,2.9611542442343733e-08,4.520853060301895e-08,1.2168243849973521e-08,2.456185690799336e-07,-1.065122307111547e-07,-3.66758507940769e-08,1.8127861728930995e-08,7.678439651843135e-09,-3.159496884928561e-08,1.8982032947881105e-09,4.296550397027593e-08,2.2879484891038573e-08,1.935763766519773e-07,-1.1554263749426328e-07,-2.6926845754227912e-08,2.363785470714323e-08,1.625452429154682e-08,-4.3691840403578735e-08,1.586775283001785e-08,4.074584942290335e-08,3.6868130345866076e-08,9.686378618573208e-08,1.0186137282164325e-08,-2.6538577576812e-08,-5.202190328914715e-09,8.454942612090775e-09,-1.9883248346806466e-08,1.7278587404868533e-08,7.921794929321583e-09,2.8302819592437932e-08,1.1236703959192197e-07,-1.6576127609012996e-09,-4.045305526640091e-08,6.576735375252754e-09,-1.2756222588696438e-08,3.0784665453783895e-09,-4.775179818020634e-09,-6.960250028372108e-09,-1.5792205143908574e-08,-2.81221758131035e-07,9.151387528519213e-08,8.167144924674353e-08,4.707208079491825e-08,3.097413944146908e-08,5.3756183048273616e-08
treat_p0,3.1656573571328123e-09,-1.0363673517654735e-08,-1.2411304649835838e-07,-2.2628727036200223e-07,3.515742756915499e-07,1.4202958989763853e-07,-1.3186784083699862e-08,-1.6870620797914242e-08,-3.1572889081446984e-08,-2.1986725037494077e-09,1.2775026091940182e-08,-3.2356320206409844e-08,-2.4327351197989294e-07,2.055480489167708e-07,1.2582375102340953e-07,4.0537290249303794e-08,-5.1145703784688525e-08,-7.005881355779068e-08,-8.552837420210039e-09,-4.588358636575194e-09,-9.526561098079667e-08,-2.9546560220022797e-07,2.5586452173037613e-07,3.573749769124179e-08,2.8887540274995724e-08,-6.866298930335684e-08,-2.811759982754689e-08,-2.8250892544690656e-08,-5.373960392806139e-08,-4.350090134670098e-08,-3.1638059194709534e-07,1.7420886109582102e-07,2.981904832537518e-08,-2.605849951276044e-08,-6.9107465564308264e-09,8.492316080853114e-09,1.0827883586923964e-08,-5.632593224269224e-08,-4.6946190018760407e-08,-2.2274401187811714e-07,1.7757787500131788e-07,3.264229756495575e-08,-3.992480017321163e-08,-3.3553184752498983e-08,3.660780608818394e-08,-8.172587891284002e-09,-4.738153874090723e-08,-6.127232823712302e-08,-1.1348579582994079e-07,8.348588833080905e-09,2.7594573449896547e-08,1.3000182488789452e-08,-1.3625829838892568e-08,4.804930595811579e-09,-1.4683571023599266e-08,-1.1791767878308857e-08,-5.525011175356971e-08,-1.3587012241335581e-07,1.3730371140020496e-08,6.160000857498224e-08,-2.067296657876908e-08,7.59883659696407e-10,-4.300667553267629e-09,-5.974943778393674e-09,7.402171735944707e-09,3.023151891117755e-08,3.6300426055214965e-07,-1.3882581231821443e-07,-9.880631625859626e-08,-5.9106126905833075e-08,-4.512572059502181e-08,-5.261318129649601e-08
treat_p1,3.451222706426856e-09,-5.6567943964406414e-09,-5.513623444564824e-08,-1.0865804287662594e-07,1.4202958989763888e-07,8.455360065123355e-08,-7.052511846550725e-09,-1.1218601769386679e-08,-1.0340937183062567e-08,2.67138740831274e-09,7.131297150293064e-10,-1.6283248970255946e-08,-1.1052785869023244e-07,8.130257721422191e-08,6.54593905540985e-08,1.5803862922351044e-08,-2.921918155353022e-08,-2.064859325751115e-08,-2.3692559682122242e-09,-6.235296097654607e-09,-4.520752183905266e-08,-1.3731753985777434e-07,9.52274176117445e-08,2.939242240957747e-08,1.8899609003594826e-08,-2.3934312056511254e-08,-2.455064707722411e-09,-1.4779246455671292e-08,-2.5869686032674467e-08,-1.2985204521003597e-08,-1.3896400865418406e-07,5.876883957532172e-08,3.580753746048834e-08,-6.5417128115944535e-09,-8.798378483046436e-09,1.3363343296539601e-08,1.3072463934943406e-09,-2.5344817851677706e-08,-2.2346774038315736e-08,-1.219409368139928e-07,6.9460607400174e-08,3.6876366369091566e-08,-1.111103360559866e-08,-7.1051768797140646e-09,2.4812947569584233e-08,-1.0525114476599598e-08,-2.5874926181605496e-08,-2.461162255353726e-08,-5.39565678232397e-08,-1.5815597979142586e-08,1.542167667138262e-08,-1.5279487111044819e-09,-7.358665832556406e-09,1.0654354441049162e-08,-9.420822869132363e-09,-7.364412285789231e-09,-2.5963101007741317e-08,-5.978413288057555e-08,3.760415325413066e-09,2.845242232002679e-08,-4.924335373311597e-09,2.7755720414641744e-09,-6.917912195738952e-10,2.1749194255044276e-09,5.644699890126303e-09,1.629714196451305e-08,1.6417762293080388e-07,-5.764319409822369e-08,-6.074427862799055e-08,-2.9103535623376304e-08,-1.8910345970588607e-08,-3.2625761425129877e-08
treat_p2,1.5764760242605761e-09,9.332225656595423e-10,3.4225961047843586e-09,1.7225368230806177e-08,-1.3186784083699451e-08,-7.0525118465514644e-09,1.2634306311559076e-08,2.2446947316329913e-10,7.304372348171421e-10,1.9451456662515343e-09,-1.853583236994836e-09,-3.5287740973242383e-09,2.015028370498458e-08,-4.125464975275627e-09,-6.454151687345789e-09,8.426948275705932e-09,1.9094836096975564e-09,-6.179926716894689e-10,4.026911714102681e-09,-3.437572372070441e-10,2.3279036883388264e-09,2.0624798531955524e-08,-7.407959302587016e-09,3.756163342970751e-09,3.802975366311953e-09,4.2725537681589095e-09,1.386630698717502e-10,5.170136565961105e-09,4.172045542440441e-09,-2.4338871556268234e-09,1.6928151258499563e-08,-1.7581132186616072e-09,2.9692353220491487e-09,7.430802560929404e-09,6.52632872412338e-10,-7.542668395258323e-09,3.2983162291816448e-09,1.358324272350855e-09,-2.8658365016686076e-09,1.927583240834352e-08,-1.1836123204930232e-08,4.644221236210057e-09,1.3580146022568104e-08,1.43559732209411e-09,-1.846058957227789e-09,2.8365891238963456e-09,1.934676498484682e-09,4.168491697939203e-09,9.157863808453956e-09,3.878219136321013e-09,-1.5799058409963215e-09,2.8733680414109637e-09,-2.9835075359466896e-09,-1.3031564114263836e-09,3.13457423483614e-09,-5.524025806087813e-10,1.1245202221971889e-09,1.0767719207629594e-08,2.363207793343206e-09,-1.092256435320945e-09,4.437854899930216e-09,-3.4229723814331616e-09,3.233674896700446e-10,-2.8279552146586227e-09,2.2520687779991655e-09,-1.702957786538908e-09,-2.4607423625082898e-08,5.868579783562117e-09,5.532048311282375e-09,-1.314534282348814e-09,4.720168665332959e-09,5.996634366676262e-09
treat_p3,-1.4703124148610994e-09,-3.4554739673152075e-11,7.047361784334398e-09,1.0611119849811306e-08,-1.6870620797914305e-08,-1.1218601769387106e-08,2.2446947316334056e-10,8.461690165865913e-09,1.8185333541234854e-09,-3.5137146863920557e-10,7.291885948692835e-10,4.013139182657266e-09,1.1199623590372261e-08,-1.012761733680073e-08,-1.0028676854160191e-08,-2.4293130423471672e-09,6.710345830013532e-09,2.0842899592459623e-09,3.896277194598088e-10,4.6256383873205185e-10,7.600160108544349e-09,1.5826263991413164e-08,-1.4054168205790748e-08,-8.802782048999194e-09,-3.0548937142060006e-09,5.012893204295291e-09,-5.502410880667522e-10,1.9495279263826896e-09,2.1957482648048884e-09,2.9571220082597417e-09,1.5179857216468066e-08,-7.533927844755765e-09,-8.755496513150467e-09,-3.5825550138005777e-10,4.9300618552693316e-09,-9.850515455169587e-10,6.2680292300836e-10,2.8023255785655546e-09,4.254370712598697e-09,1.638406527508358e-08,-1.0156073839646282e-08,-1.0222099049762124e-08,-1.1707763002590521e-09,3.3258464243902287e-09,-3.0185776037686504e-09,1.4892449879451454e-09,3.2657256732195726e-09,1.7893443357225502e-09,8.786666605223976e-09,4.9937305936072846e-11,-2.2742846929162564e-09,2.259288526034278e-09,3.259328382552212e-09,-1.980500022043098e-09,1.091493865900944e-09,7.805415315897136e-10,3.031992199210556e-09,5.444611662876777e-09,-5.132479956161597e-09,-3.910631462727519e-09,-3.847280970672106e-11,2.0601172835710773e-09,2.2311050279116102e-10,-1.368396570215813e-11,-3.966269484052203e-12,-1.2962478886190144e-09,-1.7061719437797307e-08,9.532061026955788e-09,1.1162842605489991e-08,4.384858861441219e-09,-6.91059735994616e-10,4.802930637568273e-09
treat_p4,-2.484099367151152e-10,9.946696854008898e-10,1.1252365396342359e-08,1.7557187767510185e-08,-3.1572889081447335e-08,-1.0340937183062418e-08,7.304372348170241e-10,1.8185333541239325e-09,1.661081083791278e-08,7.23309641200958e-10,-5.6120582606998e-10,4.774007666933952e-09,1.3544367265015564e-08,-2.194098596759037e-08,-7.92577985413421e-09,-1.5062150735258155e-09,2.681763557971916e-09,1.3595329960058977e-08,3.10737131672081e-09,1.3777891147560257e-09,8.327921761838684e-09,2.0629165946587322e-08,-2.3356045718613444e-08,-2.319488359707938e-09,1.1491011082313366e-09,8.87645524850119e-09,7.130028944690979e-09,2.9056309563792863e-09,5.18898301460503e-09,4.540390192153544e-09,2.3732881015272338e-08,-1.7194929013193488e-08,-4.4330349087782585e-09,7.896296322446188e-09,-7.857106862856252e-10,5.581855999907415e-09,1.108944979215863e-10,8.670784038848045e-09,4.3819912906718814e-09,1.60841802387276e-08,-1.2944335211270697e-08,-1.986227617449145e-09,3.6018760157690233e-09,2.800601735176694e-09,2.956539908551216e-09,-1.9589762588804868e-10,3.969632128548117e-09,2.897429239949758e-09,9.487313840537395e-09,-1.7884820172991826e-09,-6.639174794843197e-09,-4.0770915257820613e-10,2.2506587344793105e-09,7.575524938895733e-09,1.4262125264903687e-09,6.660310465309559e-10,3.074494887404177e-09,6.496796800162344e-09,-4.963981487905692e-10,-5.133486038050123e-09,3.4612298505243953e-09,3.6691869248912295e-09,7.035981727266847e-09,-8.653103631329746e-11,-2.663058517237226e-09,-2.2474802593268263e-10,-2.9471180119446628e-08,9.231717116528065e-09,9.701332737815968e-09,4.286029138829336e-09,6.112812507059376e-09,3.5397332573995307e-10
L4treat_m4,3.5962401136718298e-09,1.2858818488707286e-10,4.286262187117758e-10,4.394141830816181e-09,-2.198672503749326e-09,2.6713874083127605e-09,1.9451456662515157e-09,-3.513714686391804e-10,7.233096412009379e-10,5.551019640223915e-09,-3.1856021726428443e-09,-6.664777114615167e-10,7.34950642761534e-09,-1.5596750575731096e-09,3.273610758622715e-09,-1.8184888206367387e-09,1.846591331691876e-10,1.0966109212388067e-10,6.586907082752874e-09,-1.9890785642011293e-09,9.361854681936408e-10,9.625481016117796e-10,-7.877733516008082e-10,3.7177588591473564e-09,-1.903867470885725e-09,7.92876832849934e-09,8.685384958720025e-10,5.140032974740864e-09,1.739664330882618e-09,4.462425719688339e-09,5.2581017104637065e-09,-2.179023643848741e-09,8.470926260227756e-09,4.2391095579148365e-09,8.494008743576507e-10,-2.2411812159378653e-09,3.4869027152665257e-09,2.2455669800488615e-09,2.359230334234285e-09,-3.318657574581454e-09,-1.3214154199586129e-09,9.265942929619232e-09,2.8481834998145588e-09,1.1109892578951822e-09,-1.7869600601773703e-09,5.289912524734873e-10,-3.4586150069895303e-10,1.446010479685508e-09,-2.0868881210563796e-10,-3.2409567293692525e-09,-1.3948761945705309e-09,-6.198119467933885e-11,3.5461563416180355e-09,1.8975643092288114e-09,8.317891844817043e-10,-2.0760860888883695e-09,-3.1145736535923948e-09,4.761844303980012e-09,-1.6726850025816485e-09,-1.992176354569957e-09,3.791724063262485e-09,3.416854258803537e-09,1.5463246704759513e-09,-1.7989490665697425e-09,9.469774892982842e-10,3.170685879130476e-10,-4.895153752458156e-09,7.320379102346556e-10,-4.303624427645037e-09,-2.33827773425514e-10,-6.759339392922802e-10,-6.394367560151023e-11
L4treat_m3,-2.1528778929865766e-09,1.5396319820686487e-10,-5.928018697268198e-09,-3.995835454338801e-09,1.2775026091940444e-08,7.13129715029458e-10,-1.8535832369949884e-09,7.291885948692989e-10,-5.612058260701534e-10,-3.1856021726428514e-09,6.213975113419902e-09,-7.831528380823386e-10,-7.75931963622852e-09,6.6075348888161105e-09,-2.4710488551858745e-09,1.5441689994840363e-09,-2.282660601487619e-09,-4.205668218123458e-09,-3.5635750277317787e-09,2.3190339436099814e-09,-2.115109049086166e-09,-2.2713897516947627e-09,1.035240912224372e-08,-8.161886525696459e-09,-2.010079664564702e-09,-7.432561106873901e-09,-1.3939303847421104e-09,-2.4337860892814368e-09,-1.357798464474392e-09,-3.6277965262622164e-09,-8.341727274839767e-09,7.146633572162746e-09,-9.815896497300612e-09,-4.146353872851652e-09,2.3523818868966604e-10,-1.501028497527009e-09,-7.016574060409106e-10,-1.8957547104597498e-09,-1.7984457694404277e-09,4.028028451934413e-09,7.94775179236506e-09,-1.0288006650788194e-08,-5.722994670800774e-09,-1.4758980401280988e-09,2.4059321762000026e-09,1.6283436257093009e-09,9.692237986957736e-10,-3.847375207486283e-09,2.7906111926764085e-09,1.5061806102814957e-09,1.7907197545244709e-09,2.601384756208715e-09,-3.7250806661842986e-09,-3.6289484611454492e-09,1.4306734274156303e-09,1.6455104907907718e-09,-2.4730964026444015e-09,-6.756264283659465e-09,1.4753375385578846e-09,5.5230576756450584e-09,-5.755228846289403e-09,-6.908134600074362e-09,3.8608519798209556e-10,1.1268158110118059e-11,-1.1987055642739256e-09,2.5652288908178865e-09,9.823566777492657e-09,-4.830542653225244e-09,4.193495142307543e-09,1.2951838217153988e-10,-1.0219319071116561e-09,1.2810798147746758e-09
L4treat_m2,-1.6262390562851092e-09,-1.9994773479859982e-09,2.1311204108187078e-08,6.004666332569017e-09,-3.2356320206410115e-08,-1.6283248970255906e-08,-3.5287740973244376e-09,4.013139182657482e-09,4.774007666934071e-09,-6.664777114614767e-10,-7.831528380822977e-10,2.316385797552918e-08,6.86794212131072e-09,-2.197803526817235e-08,-1.0357489101225768e-08,-1.4689241998625556e-08,4.077746168203799e-09,9.529740757650667e-09,1.115646383843658e-09,-2.170205222998576e-09,1.8579728542567243e-08,5.153777269960367e-09,-2.6843000263743518e-08,-8.859149432807874e-09,-7.075052452463006e-09,6.757134810651849e-09,2.2441674755316196e-09,-4.529958724374786e-10,-2.418801626286137e-10,1.8620189915806148e-08,1.3599802734431808e-08,-1.0716716952647085e-08,-6.3308644239069106e-09,-3.7862194216087894e-09,2.3185824658863685e-09,1.1472521241671418e-08,-3.333841562692837e-09,3.3585714271026703e-09,1.7829347171805786e-08,9.22914360720984e-09,-1.1407920062193698e-08,-1.0758619876920144e-08,-6.032948742324215e-09,2.9601193670704966e-09,4.154320949531276e-09,1.431933864903549e-10,4.59472440261799e-09,8.800983051289493e-09,4.7465332845509425e-09,5.229643982287219e-09,-9.823464958099567e-10,-2.95771074052342e-09,6.630749683387303e-09,5.780290923767952e-09,-9.226822028175247e-11,1.356881557852858e-09,1.1264736213630167e-08,3.597305145394749e-09,3.621076444912688e-09,-5.541690274628228e-09,-2.0521903510092313e-09,5.368376157408583e-09,-3.619713818066983e-10,2.2407312591391455e-09,7.775953821080793e-10,-8.145966514940435e-09,-1.9231459256095127e-08,6.116511190347688e-09,7.068048444778194e-09,6.948282756510344e-09,1.4317291380190349e-09,-3.059564436001029e-10
L4treat_m1,2.9640793281305504e-09,1.1625706237590384e-08,8.333645697557668e-08,2.000287633512532e-07,-2.432735119798932e-07,-1.1052785869023232e-07,2.0150283704984363e-08,1.1199623590373378e-08,1.354436726501388e-08,7.349506427615438e-09,-7.759319636228118e-09,6.8679421213106545e-09,2.1776384426203563e-07,-1.3870512804763603e-07,-1.0039044245811249e-07,-2.5871547056417416e-08,3.965350265306251e-08,3.411575112554983e-08,1.2041161969792183e-08,5.384924137043291e-09,6.519246050702198e-08,2.522926882933541e-07,-1.6709973339455376e-07,-3.0372964241510936e-08,-3.316146100878638e-08,5.3102649136190913e-08,1.4237893353173166e-08,3.214194718115472e-08,4.7121590479670025e-08,1.915552521628902e-08,2.6463072881847746e-07,-1.208433791537506e-07,-2.502651513332646e-08,2.2908510466122158e-08,6.922920314047671e-09,-3.705133668617117e-08,6.255008969066856e-10,4.1939861391562793e-08,2.512410256448016e-08,1.9806632030823057e-07,-1.27093713521118e-07,-2.3710400596254474e-08,3.247408397265164e-08,2.482736449087359e-08,-4.749152159555089e-08,1.3479962169986673e-08,3.939990861188781e-08,4.292519586854567e-08,1.0097792803394226e-07,1.4681236643571042e-09,-2.2231794904283174e-08,-4.4455260858236125e-09,8.175352875019133e-09,-2.1565976294298022e-08,1.741133616241546e-08,6.604007487946971e-09,3.140265967585549e-08,1.210749904223188e-07,-4.780379230450219e-09,-4.186305924273275e-08,1.3972704124882731e-08,-1.3232021210114532e-08,3.1436677722222914e-09,-2.920434111969022e-09,-4.527909821391199e-09,-2.1331242261177645e-08,-3.0069125200171256e-07,1.027171171437265e-07,7.995022522614678e-08,4.691904225776567e-08,3.394327090652431e-08,5.5821829543300515e-08
L4treat_p0,1.733287497923101e-09,-6.184944517455861e-09,-7.33699957145314e-08,-1.2720470652110348e-07,2.0554804891677158e-07,8.130257721422215e-08,-4.125464975275524e-09,-1.012761733680039e-08,-2.1940985967589846e-08,-1.5596750575732476e-09,6.607534888816187e-09,-2.197803526817269e-08,-1.387051280476353e-07,1.314793590986609e-07,6.88788902334868e-08,2.8044616701956642e-08,-2.9578879820719264e-08,-4.290338928287137e-08,-4.389101587898328e-09,-1.976596392997939e-09,-5.642528254712721e-08,-1.7217899216074202e-07,1.5708187088677974e-07,2.007597659035812e-08,1.776992456698908e-08,-4.2840099138862324e-08,-1.6143205877142365e-08,-1.497432388392737e-08,-3.074921374124545e-08,-2.9604546459212252e-08,-1.8638092737643977e-07,1.1272591582417743e-07,1.5382415249421082e-08,-1.7466041540750905e-08,-5.101786814253576e-09,1.6062660427464462e-09,8.41638553771026e-09,-3.3210707426916306e-08,-2.936797941938518e-08,-1.2834796098747185e-07,1.0160524344865134e-07,2.252747557152591e-08,-2.2731874206828235e-08,-2.400842437932482e-08,2.1256265799007407e-08,-3.584822085358452e-09,-2.6387027908799412e-08,-3.4844565512236235e-08,-6.314879123015623e-08,1.4103719500503766e-08,1.4660627798180482e-08,4.922099803114084e-09,-1.076305379590367e-08,7.212281346688808e-10,-7.99499740386981e-09,-6.886056398198039e-09,-2.959739903365221e-08,-7.378365909208754e-08,1.1563643388049137e-08,3.5384537808133995e-08,-1.5345394452709387e-08,5.468293683692851e-10,-4.72485867172589e-09,-4.867976593659263e-09,6.283383668297238e-09,1.889430968725969e-08,2.1027090755801053e-07,-8.493933273228664e-08,-5.685685722168689e-08,-3.4975750197696016e-08,-2.8377661602760195e-08,-2.9079375129617302e-08
L4treat_p1,3.192436870784444e-09,-3.477336773654244e-09,-4.238051437505409e-08,-9.943733468386576e-08,1.2582375102340992e-07,6.545939055409868e-08,-6.454151687345247e-09,-1.0028676854160314e-08,-7.925779854134192e-09,3.2736107586226834e-09,-2.471048855185976e-09,-1.0357489101225938e-08,-1.0039044245811292e-07,6.88788902334869e-08,6.8111239308982e-08,1.5285611320365652e-08,-1.8809693208414805e-08,-1.692415208839533e-08,2.272458369155513e-10,-5.011227472906887e-09,-3.6902829107903406e-08,-1.2592268777828774e-07,8.591698257593411e-08,3.90471941255326e-08,2.015723156438885e-08,-1.3661288419597997e-08,-5.3958357644122786e-09,-1.0592982336902734e-08,-2.034389471477385e-08,-7.884468315364415e-09,-1.242824973542367e-07,5.231038580085996e-08,3.9492868282394305e-08,-1.3503451247312872e-09,-1.7282801877720318e-09,1.2647160050209698e-08,2.546998533502615e-09,-2.1343197340885704e-08,-1.4049738658039412e-08,-1.1000412861020517e-07,6.566356054023283e-08,3.4456969288421504e-08,-3.435451964391247e-09,-8.723059121375937e-09,1.5753382104504074e-08,-9.418589643538425e-09,-2.281694848011499e-08,-1.6764599050588827e-08,-6.203836811260473e-08,-5.533509091812083e-09,1.2163843173957033e-08,1.5736131478696897e-09,-1.696488354324876e-09,1.2006010328139154e-08,-1.0355808192618778e-08,-6.7143081703046184e-09,-1.9277298826901218e-08,-5.4716572053004267e-08,6.907297683877548e-10,1.6629071491625442e-08,6.8585622375128e-10,1.2601437835312528e-08,1.9072247088336344e-09,1.8624503213353797e-10,3.295330039113745e-09,8.072028141059724e-09,1.4501669498269685e-07,-4.701610961293459e-08,-5.137857600594266e-08,-2.4791683937160376e-08,-1.5065649199868993e-08,-2.973886965751459e-08
L4treat_p2,3.2429144904860924e-10,1.1480135702114433e-09,-2.0291447274494718e-08,-2.334843668352618e-08,4.053729024930424e-08,1.5803862922350786e-08,8.42694827570568e-09,-2.4293130423474874e-09,-1.5062150735256644e-09,-1.81848882063679e-09,1.5441689994839883e-09,-1.4689241998625503e-08,-2.587154705641704e-08,2.8044616701956424e-08,1.528561132036558e-08,2.731317601220879e-08,-5.8958357033079044e-09,-7.46218699295855e-09,-1.4364028521581713e-09,1.6723005959799588e-09,-1.582432037086008e-08,-2.4778234535880252e-08,3.1202065114046986e-08,1.224209988873078e-08,1.9016942487582974e-08,-1.0830240863612413e-08,-2.6525243657536527e-09,-3.010550360829926e-09,-4.076761991363292e-09,-1.4350007160041634e-08,-3.9474602175265695e-08,2.1801170012434307e-08,6.9380245535040705e-09,7.05123347478054e-09,5.860464919278093e-10,-1.4499648433355633e-09,2.74403490124332e-09,-8.390797153128536e-09,-1.4539586245408192e-08,-1.846647187771173e-08,1.1433212450819342e-08,9.462044863610593e-09,1.1878254583127594e-08,-7.055855698447771e-09,6.541490566996659e-09,-1.3513905192229195e-09,-7.100326728110935e-09,-7.464007489642315e-09,-1.7660169403469882e-08,1.261861682856001e-09,6.655256757641666e-10,6.925695289992846e-09,-8.994274037511052e-09,1.5914682761064322e-09,-1.7231976302223366e-09,-6.451584685699021e-10,-9.372909900806068e-09,-1.4520081248487681e-08,-3.8077756741996806e-09,5.375251487151868e-09,3.418865616296437e-09,-6.487348253590109e-10,1.4254032956225665e-09,-2.1383029523934778e-09,1.0462105069189574e-09,3.426012455115412e-09,3.829307484610454e-08,-1.1009256379940733e-08,-8.266484555937786e-09,-1.535850807430296e-08,-1.931591745983708e-09,-5.883464040160236e-09
L4treat_p3,-1.873557512371092e-09,2.979510389781122e-09,2.1357532727981866e-08,3.901149252930073e-08,-5.114570378468887e-08,-2.9219181553530436e-08,1.9094836096970964e-09,6.7103458300131165e-09,2.6817635579715726e-09,1.8465913316913194e-10,-2.28266060148776e-09,4.077746168203503e-09,3.965350265306173e-08,-2.9578879820719664e-08,-1.8809693208414702e-08,-5.895835703307889e-09,1.9140588256493888e-08,8.498688356116871e-09,3.5699637064147745e-10,2.870503512246624e-09,1.588323116695551e-08,4.863706563919091e-08,-3.431070725437944e-08,-1.9510920938096954e-09,-2.3661529847568673e-09,1.6192988943509845e-08,1.2892754760120796e-09,5.617686892148342e-09,1.1281059694001932e-08,3.4854567395863547e-09,5.085560854096845e-08,-2.550462514184322e-08,-6.035058080155743e-09,4.493282024068733e-09,8.488271342188774e-09,-2.969787774094045e-09,6.272134364692612e-10,9.791019448085062e-09,8.240094106781946e-09,3.80579657251818e-08,-2.932531394378709e-08,-7.461499749107281e-09,9.250222481347611e-09,5.558178448391069e-09,-1.12856682531985e-08,2.205257547027075e-09,7.883221110515488e-09,9.535838560904622e-09,1.5564453401072326e-08,6.896124817680056e-09,-7.94109060491482e-09,-1.2098754166229347e-09,7.673236666938519e-09,-3.3495090465960584e-09,3.518912372680576e-10,2.18195984883675e-09,1.2218213875007755e-08,2.2190409290849287e-08,-5.550192346292837e-09,-1.7216608595860033e-08,3.6439272909441874e-09,6.405294201520789e-09,-2.6064115465197974e-11,-1.3748967733286604e-09,-2.0813662148250257e-09,-7.4396029831477674e-09,-5.7664364200034635e-08,2.624114194156965e-08,2.2141457749280362e-08,1.2489659259470728e-08,4.448051364807178e-09,1.0284872145518103e-08
L4treat_p4,-9.795577094590855e-10,1.3818715357743916e-09,2.4813641996048153e-08,3.1196927426769376e-08,-7.005881355779108e-08,-2.0648593257510957e-08,-6.179926716901487e-10,2.0842899592458647e-09,1.3595329960058897e-08,1.0966109212388796e-10,-4.205668218123291e-09,9.52974075765064e-09,3.4115751125549165e-08,-4.2903389282871456e-08,-1.6924152088395325e-08,-7.46218699295926e-09,8.4986883561165e-09,2.5651042077382607e-08,1.2439374135635811e-09,-4.311029042375079e-11,1.81494719483639e-08,4.291250173842331e-08,-5.796524979797443e-08,-1.7060509423773545e-09,5.41280292088258e-10,1.6156762345228504e-08,1.1115540723732292e-08,2.470213478939179e-09,8.255475981018072e-09,1.1909771898046843e-08,5.219799132149712e-08,-4.077794600064442e-08,-1.2276802806553628e-09,7.876496784971809e-09,3.720787949873385e-11,1.0755115867559612e-08,-4.673058423871404e-09,1.0810646068604199e-08,1.0869917181450297e-08,2.7842222223112455e-08,-3.778416591819083e-08,-3.0564509252529183e-09,9.397730176459933e-09,8.070541878256857e-09,2.0613482882093174e-10,-2.825145007109804e-09,5.918906260721898e-09,1.1766416083153694e-08,1.5469883618241184e-08,-7.419895053528146e-09,-5.686120788493768e-09,-3.460953322715019e-09,5.2865882395568165e-09,7.222810555129524e-09,1.8126852988597253e-10,2.289373951829484e-09,1.3746764881794436e-08,1.966865222932474e-08,-5.490511335399932e-09,-1.3589757464283015e-08,7.2965808486374105e-09,7.749152685839187e-09,3.2393651369664127e-09,3.480695943832191e-09,-1.869457816993322e-09,-5.537628468895471e-09,-5.874914916722458e-08,2.7546279153917375e-08,1.3804965676273946e-08,8.369174184024915e-09,7.381762389769333e-09,2.743325611298364e-10
L8treat_m4,4.864395604058961e-09,-3.541274439931728e-11,2.1918903430102966e-09,1.0401280267448175e-08,-8.552837420209913e-09,-2.369255968212193e-09,4.026911714102601e-09,3.896277194597134e-10,3.10737131672077e-09,6.586907082752908e-09,-3.5635750277317266e-09,1.1156463838435915e-09,1.2041161969792112e-08,-4.3891015878981505e-09,2.2724583691558507e-10,-1.4364028521581634e-09,3.56996370641442e-10,1.2439374135635842e-09,1.0546646473415538e-08,-2.0134238582409306e-09,3.4342966827729544e-09,5.044556871512164e-09,-2.867756905073297e-09,-5.029528713621375e-10,-3.972766178327323e-09,9.27266337271507e-09,3.2912956004313523e-10,8.41602644806016e-09,3.3620918138758858e-09,6.3058108218905785e-09,9.546122128434566e-09,-3.2756090595857376e-10,4.046499334660547e-09,4.866098763154355e-09,7.290716994932495e-10,-2.700318237470796e-09,5.332544633306478e-09,5.638209580310295e-09,5.079339481075331e-09,4.3317930959306425e-09,-2.705110384790816e-09,6.861781189851966e-09,1.3408577390028341e-09,-1.5533361760804047e-09,-1.893011019568672e-09,3.171059286381512e-09,2.0859981857887363e-09,2.173103981500644e-09,3.093780167638895e-09,-2.2272692837785912e-09,-3.773502195012285e-09,5.258066544096802e-10,3.8887393199394365e-09,3.240539657428735e-09,3.2590675842846996e-09,-1.9838972878528925e-09,-3.6729665459753024e-09,6.9294554769978045e-09,-2.2884434643874137e-09,-2.563619208324375e-09,4.274618182673052e-09,3.606161481889023e-09,1.8235355919063327e-09,-3.2130441146315966e-09,4.117758198009889e-10,1.5828785700302364e-09,-1.08024075294588e-08,1.5680545967031552e-09,-9.787747717263126e-10,3.729235575460862e-10,1.7344414880582114e-10,1.5644521039747835e-09
L8treat_m3,-1.1842185422602e-09,1.7896043083036627e-09,1.4602330073297177e-09,8.217867344098201e-09,-4.5883586365749485e-09,-6.235296097654563e-09,-3.4375723720732443e-10,4.625638387320418e-10,1.3777891147558352e-09,-1.989078564201144e-09,2.3190339436099657e-09,-2.1702052229986405e-09,5.384924137042912e-09,-1.9765963929980403e-09,-5.0112274729069554e-09,1.6723005959799122e-09,2.8705035122467802e-09,-4.311029042394502e-11,-2.0134238582409815e-09,3.3842976715308228e-09,7.80938246924009e-10,1.110032476547163e-08,8.13173041497906e-10,-2.359520199185048e-09,-6.834967463319243e-10,-9.722415047071344e-10,2.375356110274542e-10,5.306951634431887e-10,3.3886834735056997e-09,-4.2370502254779715e-09,7.511446726987215e-09,-4.3904633030117205e-10,-5.9930980048949845e-09,-1.8602360958481546e-10,6.850383540382296e-10,-3.814118978950776e-09,1.3326196486026968e-10,2.440946262217974e-09,-1.252195330644437e-09,1.0441435448826818e-08,-1.1581519288411672e-09,-4.858008424514928e-09,-1.2188059925362667e-10,-1.007518732253272e-09,-2.18383276601878e-09,1.2140530494657996e-09,2.755884006636524e-09,2.4287641306509716e-10,3.6455673382103145e-09,4.467650462404822e-09,-3.0811620760831463e-09,-1.244277616924228e-09,-2.454779007890285e-09,-2.9524249500810024e-09,7.09694593333645e-10,1.4283123666479347e-09,1.3515977604879767e-09,2.0110315503419163e-09,9.9544682302493e-10,-2.0892950238728906e-09,-2.321701739866285e-09,-2.238847296667076e-09,1.0497668936859852e-09,-7.465152457098575e-10,-2.0189062300269834e-09,-2.694604954626108e-10,-9.1175748125962e-09,3.2516154138040345e-09,7.751271408978845e-09,3.241595811269527e-09,2.158678511623627e-09,3.422771620952295e-09
L8treat_m2,-1.1340715507980344e-09,1.9642212627891193e-09,3.905216486290901e-08,5.995143607084279e-08,-9.526561098079787e-08,-4.520752183905303e-08,2.3279036883385307e-09,7.600160108544784e-09,8.32792176183879e-09,9.361854681936583e-10,-2.115109049086167e-09,1.8579728542567104e-08,6.519246050702138e-08,-5.6425282547127374e-08,-3.6902829107903704e-08,-1.5824320370860167e-08,1.588323116695601e-08,1.8149471948363916e-08,3.434296682773041e-09,7.809382469240432e-10,3.409476435643593e-08,7.67210321483448e-08,-6.893299216328354e-08,-1.5826765854159017e-08,-1.1851240348935656e-08,2.0404325468207063e-08,6.1711268194186995e-09,7.935855286592186e-09,1.3773768355373132e-08,2.067985394443085e-08,8.415889913779939e-08,-4.4252543160313296e-08,-1.3303334228614377e-08,4.617127334639775e-09,4.966822099779151e-09,-6.064653985680411e-10,-2.5826633575246495e-09,1.5146474044165738e-08,2.1616794233804848e-08,6.293533448729004e-08,-4.675572295790502e-08,-1.5725146500090516e-08,6.638227217998333e-09,8.731285620476163e-09,-9.395660290800256e-09,3.248829818719621e-09,1.4086177070053216e-08,1.8553737619574932e-08,3.125758604376452e-08,3.592485233728266e-09,-7.610529419390172e-09,-1.8174217066451818e-09,7.537115696573492e-09,-1.3200837326879533e-09,4.1118494082409695e-09,3.1913834538457852e-09,1.7890559164884085e-08,3.692021011026435e-08,-2.57639187757942e-09,-1.8124402967427203e-08,3.840801444122668e-09,1.6342048672038445e-09,9.240159163678913e-10,1.1850749191261661e-09,-1.3280690633126531e-09,-1.2287685799728837e-08,-9.899726772536278e-08,3.578323176637564e-08,3.052436476001342e-08,1.814107575381525e-08,1.0563148846723238e-08,1.503662417377637e-08
L8treat_m1,-3.0446943321137817e-09,1.4825993488477051e-08,9.752054147699552e-08,2.3740034315452856e-07,-2.95465602200227e-07,-1.3731753985777458e-07,2.0624798531955107e-08,1.5826263991414587e-08,2.0629165946585794e-08,9.625481016118817e-10,-2.2713897516943412e-09,5.1537772699605815e-09,2.5229268829335573e-07,-1.7217899216074276e-07,-1.259226877782878e-07,-2.4778234535880576e-08,4.863706563919169e-08,4.29125017384238e-08,5.044556871512291e-09,1.1100324765472098e-08,7.672103214834588e-08,3.162103790376103e-07,-2.050636666723363e-07,-4.1048539858289474e-08,-3.584494778631783e-08,5.474830019234984e-08,1.6509529922290484e-08,3.301240694555303e-08,5.7137177139031304e-08,1.4145147521984789e-08,3.192398745793782e-07,-1.4818773645455269e-07,-4.172483624838512e-08,2.6250776336171435e-08,8.218942946163885e-09,-4.437236318886115e-08,-2.9212682823668466e-09,5.0060965223694406e-08,2.4987395619373554e-08,2.5044251548961414e-07,-1.4983637039138125e-07,-4.472304389970183e-08,3.935261680955816e-08,2.9506211898561986e-08,-5.522422106754377e-08,1.5381449735522696e-08,4.8607778863715846e-08,5.00070345948668e-08,1.2359495967856662e-07,-1.008867770922991e-09,-2.6217526955342876e-08,-1.2600061479724681e-09,2.7884316258579217e-09,-2.8881910488398146e-08,2.0878738062115994e-08,1.2139412206408679e-08,3.972449466596738e-08,1.3575290724318897e-07,-9.91506733592352e-09,-4.818837981576966e-08,1.3217893630689129e-08,-2.3094054442865802e-08,5.913781614941442e-09,-1.5207155258949318e-09,-9.377477243276735e-09,-2.3651208249930635e-08,-3.589134151528771e-07,1.2779018981108652e-07,1.0801055158138172e-07,5.744438936981862e-08,4.514721140222846e-08,6.902321740367761e-08
L8treat_p0,3.528747623086594e-09,-5.345603931689596e-09,-8.88575128085221e-08,-1.4524177353737453e-07,2.558645217303775e-07,9.522741761174502e-08,-7.407959302586387e-09,-1.405416820579011e-08,-2.3356045718613212e-08,-7.877733516008647e-10,1.0352409122243726e-08,-2.6843000263744048e-08,-1.6709973339455223e-07,1.5708187088678027e-07,8.591698257593422e-08,3.120206511404758e-08,-3.4310707254378914e-08,-5.79652497979743e-08,-2.867756905073263e-09,8.13173041497923e-10,-6.893299216328364e-08,-2.0506366667233504e-07,2.0881771192720453e-07,2.5235084184421573e-08,1.6932443022859038e-08,-5.000775583178677e-08,-2.234475766134784e-08,-1.4847026799355925e-08,-3.3005625019069326e-08,-3.604204228447809e-08,-2.24944947335189e-07,1.4376583177328927e-07,1.681035665958022e-08,-2.1183202810821802e-08,-5.223628522252789e-09,-3.752898590706579e-09,1.251353226388802e-08,-3.447652825657619e-08,-3.233891047821014e-08,-1.5078272619310566e-07,1.3969742952226136e-07,2.9888636241028744e-08,-3.180435303905676e-08,-3.2943296247339815e-08,2.038351282994586e-08,-4.4401653108707873e-10,-2.7764792758346626e-08,-4.26996597682349e-08,-8.042113732782745e-08,2.6290556054861134e-08,1.2628565466339722e-08,4.140128557310289e-09,-1.2372825942645085e-08,1.2676664034030455e-10,-7.878097941028639e-09,-8.738519398448102e-09,-4.17300831061663e-08,-9.115668197447269e-08,2.0182245193759184e-08,4.011278166175635e-08,-2.3007542757382566e-08,-1.825154637396217e-09,-1.3844385922200915e-09,-8.703615830346184e-09,3.2818535273968775e-09,2.3473468927629904e-08,2.5250264220236286e-07,-1.0943927426716039e-07,-6.529335131815392e-08,-3.7145239057282866e-08,-3.0833026742743264e-08,-3.055987629691128e-08
L8treat_p1,1.2548663300093432e-09,1.4224796808745955e-09,-8.016861630249921e-09,-3.610538672102844e-08,3.573749769124227e-08,2.9392422409577433e-08,3.75616334297116e-09,-8.802782048999242e-09,-2.319488359708008e-09,3.717758859147345e-09,-8.161886525696575e-09,-8.859149432808023e-09,-3.037296424151166e-08,2.0075976590357982e-08,3.90471941255323e-08,1.2242099888731004e-08,-1.951092093809818e-09,-1.7060509423772172e-09,-5.029528713621573e-10,-2.3595201991850234e-09,-1.5826765854158875e-08,-4.1048539858290274e-08,2.5235084184421493e-08,4.967657462149532e-08,2.0965233600679427e-08,7.756764418715318e-09,2.955219599381384e-09,-2.8382717779565202e-09,-3.0677809842140983e-09,-4.35670889954788e-09,-3.73365705121416e-08,1.0139169563757005e-08,4.678307740524212e-08,1.1306723360020597e-08,8.598793793467041e-10,2.436433137745344e-09,7.136567251667763e-10,-9.330773330195044e-09,-8.811397478977396e-09,-5.2540293870761804e-08,1.9951589333210923e-08,4.0190181865968137e-08,2.345094855863911e-08,2.8450550476670824e-09,2.3221863787013196e-09,-9.172796540232818e-09,-1.2185522736381222e-08,3.816654665229132e-09,-3.666673979453037e-08,3.5892783645803732e-09,5.63155279326835e-09,-3.125555284564158e-09,-1.6374635357896158e-09,8.217203780188749e-09,-8.690354374054983e-09,-4.471969597801546e-09,-8.279819446399603e-10,-1.3973990756555158e-08,4.203219096338174e-09,-3.2291549759358433e-09,8.259878656627827e-09,1.2256891698134142e-08,5.0939666679037885e-09,3.8286855481423024e-10,2.911671884265871e-09,-4.778625931008343e-09,4.048572363662066e-08,-1.144074883658887e-08,-2.689445767342454e-08,-1.0081660022144328e-08,7.235728340050769e-10,-1.3754168984992832e-08
L8treat_p2,-1.9299927915789857e-09,-7.265593562244523e-10,-1.3300681231682608e-08,-3.1324397365666036e-08,2.888754027499676e-08,1.8899609003595058e-08,3.80297536631208e-09,-3.05489371420614e-09,1.1491011082314077e-09,-1.9038674708857786e-09,-2.0100796645647266e-09,-7.075052452462938e-09,-3.3161461008786564e-08,1.7769924566989315e-08,2.015723156438921e-08,1.9016942487583292e-08,-2.366152984756642e-09,5.412802920888862e-10,-3.972766178327315e-09,-6.834967463318822e-10,-1.1851240348935616e-08,-3.58449477863181e-08,1.6932443022858942e-08,2.0965233600679606e-08,2.752226233047618e-08,-5.043303377659006e-09,1.815394403655251e-09,-9.005812028206997e-09,-6.969942040710615e-09,-5.320117772216855e-09,-4.3847961619115003e-08,8.285654173014074e-09,1.6102774977866344e-08,8.03866322276243e-09,2.1255365888049147e-09,1.4365389535888865e-08,-1.7711447574190795e-09,-8.467685887026945e-09,-9.735964002619777e-09,-3.551623298519927e-08,3.1113012988134522e-09,1.8691602138754438e-08,1.7105375453404783e-08,-2.556311672059404e-09,1.31166467789479e-08,-6.166085011281116e-09,-1.1367517991359053e-08,-6.527616513382924e-09,-2.4592766996263915e-08,-2.0549556696337456e-09,2.4751472894042734e-09,4.202988194109065e-09,-1.6324415679298186e-09,9.551175017729857e-09,-7.466878352985879e-09,-1.2164529738998398e-09,-3.1422283412628263e-09,-1.5275333124261027e-08,-5.558867985225614e-09,-2.644928324234713e-10,8.238966532468875e-09,8.210776887678033e-09,-1.5500064788864732e-10,1.6267170384411727e-09,1.7708107291259364e-09,6.311811055681605e-10,4.2878278113527863e-08,-8.484618593226524e-09,-1.515235611863324e-08,-1.523637902245979e-08,-3.642740996699868e-09,-1.3951720610815213e-08
L8treat_p3,2.998196563252629e-09,3.2686776064535866e-09,2.734170422617993e-08,4.4645894288271213e-08,-6.866298930335627e-08,-2.393431205651158e-08,4.2725537681584355e-09,5.0128932042950136e-09,8.876455248500583e-09,7.928768328499342e-09,-7.432561106873996e-09,6.757134810651514e-09,5.3102649136189855e-08,-4.2840099138862204e-08,-1.3661288419598268e-08,-1.0830240863612433e-08,1.6192988943509862e-08,1.6156762345228346e-08,9.272663372715206e-09,-9.722415047072698e-10,2.0404325468206352e-08,5.474830019234868e-08,-5.000775583178668e-08,7.756764418715048e-09,-5.043303377659239e-09,3.228161697431165e-08,8.030579002830055e-09,1.2345109067029928e-08,1.4340861319161243e-08,1.5107212661831882e-08,6.694403652612507e-08,-3.9395500491057e-08,1.2704758314472303e-08,1.3756326059403531e-08,7.259560643197954e-09,-2.7509265558502046e-09,2.4450191441331607e-09,1.3603381808683182e-08,1.3599389727380343e-08,3.2440523125121744e-08,-3.473075423647874e-08,8.876699162051098e-09,1.7040892108034455e-08,1.254328684753556e-08,-1.0104263447125653e-08,1.9330440721770252e-10,7.88575569443157e-09,1.526916034019036e-08,1.542761467219308e-08,-2.9146215949120812e-09,-8.262774988951488e-09,-3.3002894891369876e-09,1.0298222833496535e-08,2.7906034857573215e-09,1.5843704241659256e-09,-9.368896492741018e-10,9.096877715320074e-09,2.994650969145187e-08,-5.4449759613942664e-09,-1.960945905913984e-08,1.0278429576021259e-08,1.0073661168026203e-08,5.52360036503468e-09,-1.1731904059942254e-09,-5.667706999916215e-10,-8.350966481304235e-09,-7.453815461355215e-08,3.0992312655804265e-08,1.5094454341387175e-08,1.3330277043331401e-08,7.89836760085734e-09,8.521273998132142e-09
L8treat_p4,-2.2722029213948347e-10,1.2427053319700988e-09,9.129810604648411e-09,1.3230987183293707e-08,-2.8117599827547373e-08,-2.4550647077223934e-09,1.3866306987187853e-10,-5.502410880665601e-10,7.130028944691162e-09,8.685384958720484e-10,-1.3939303847419607e-09,2.244167475531309e-09,1.4237893353173017e-08,-1.6143205877142593e-08,-5.39583576441242e-09,-2.652524365753824e-09,1.2892754760119007e-09,1.1115540723732258e-08,3.2912956004320973e-10,2.375356110276072e-10,6.171126819418438e-09,1.6509529922290186e-08,-2.23447576613482e-08,2.955219599381105e-09,1.8153944036552202e-09,8.030579002830398e-09,9.747121761131106e-09,5.112678229099245e-10,3.5339186790134887e-09,4.828557865123311e-09,2.1891198597389598e-08,-1.9102196842805837e-08,4.672866467416192e-09,4.911719019128338e-09,-6.706674035737654e-10,5.092633686234599e-09,-2.1378962514895507e-09,3.936850533908633e-09,2.253844835496231e-09,6.8842011703668926e-09,-1.6166861195836327e-08,6.323643038625414e-09,5.6659994069140345e-09,4.5851183077317406e-09,3.6107435990494865e-09,-2.6401814831514802e-09,2.08801566833951e-09,4.08689237028303e-09,6.042302541353148e-09,-4.944843881727872e-09,-2.836440937205399e-09,-4.734908140778537e-09,-4.006597164098309e-10,3.3086861496587513e-09,-7.048256684148068e-10,2.9744658106885126e-10,3.389603588925027e-09,1.0187294826980127e-08,1.406145504890077e-12,-4.546768466935993e-09,1.9829807241977505e-09,1.5720563525099999e-09,2.7203213245926276e-09,2.0099854420146033e-09,1.3500421947285765e-12,-1.0821205338892594e-09,-2.49882429274022e-08,9.903359172622992e-09,2.084789752797262e-09,3.4114506046444384e-09,3.289759200929552e-09,-1.455848239890184e-09
L12treat_m4,3.5297408237328483e-09,2.150960631226463e-09,9.871266165618e-09,2.9611542442343677e-08,-2.8250892544690573e-08,-1.4779246455671315e-08,5.170136565960947e-09,1.9495279263826896e-09,2.9056309563792346e-09,5.14003297474088e-09,-2.433786089281392e-09,-4.529958724374924e-10,3.2141947181154815e-08,-1.4974323883927224e-08,-1.059298233690275e-08,-3.0105503608299075e-09,5.617686892148389e-09,2.470213478939153e-09,8.416026448060083e-09,5.30695163443231e-10,7.935855286592169e-09,3.301240694555313e-08,-1.4847026799355938e-08,-2.8382717779565256e-09,-9.005812028206979e-09,1.2345109067029968e-08,5.112678229098246e-10,1.1442630588424487e-08,9.084859191509156e-09,2.5939274855367217e-09,3.588885509484709e-08,-8.476302148145035e-09,-5.471847737083321e-10,5.292935425461878e-09,1.6278931910730944e-09,-1.1460279080964142e-08,5.440719497591817e-09,8.782308315347672e-09,4.923984230670559e-09,2.6774323752447113e-08,-1.1257997254797885e-08,-3.733501730291104e-10,3.6214296634183666e-09,1.2224660410582506e-09,-9.413260573313269e-09,4.733686152968007e-09,7.0673010666784846e-09,6.97807143836299e-09,1.3862129512068555e-08,2.3928737367931564e-09,-5.935990790354705e-09,-4.614266692278995e-10,1.8786726729511048e-09,-2.6830640205158056e-09,5.243836865063346e-09,-1.6188852370763906e-10,1.5580950195508676e-09,1.6404309907728614e-08,-7.594958717314432e-10,-6.416848346505513e-09,2.3557642204709254e-09,1.8274959508563808e-10,2.9534456200160344e-09,-4.001889006346789e-09,-8.299642588343771e-10,-1.2397811277646446e-09,-3.984184270923221e-08,1.1604007407800743e-08,1.092016780615792e-08,7.137144414676959e-09,4.4839591472198915e-09,9.516152397856588e-09
L12treat_m3,7.184085183878522e-10,3.896819358892529e-09,1.876512735631478e-08,4.5208530603018545e-08,-5.373960392806112e-08,-2.5869686032674387e-08,4.172045542440177e-09,2.195748264804802e-09,5.188983014605037e-09,1.7396643308826278e-09,-1.3577984644742952e-09,-2.4188016262859013e-10,4.712159047966978e-08,-3.074921374124551e-08,-2.0343894714773854e-08,-4.076761991363273e-09,1.1281059694001875e-08,8.255475981018145e-09,3.3620918138758692e-09,3.3886834735058333e-09,1.377376835537311e-08,5.7137177139031244e-08,-3.300562501906908e-08,-3.067780984214062e-09,-6.969942040710568e-09,1.4340861319161233e-08,3.5339186790135533e-09,9.084859191509145e-09,1.3790210912369172e-08,2.2511591149813374e-09,5.822105755098124e-08,-2.3898582366520454e-08,-4.634766861674655e-09,6.623307068242632e-09,1.8276581398429859e-09,-1.0621885071218979e-08,1.594214076889603e-09,1.2335938422665391e-08,5.62803045020019e-09,4.3551578841348e-08,-2.45190744157473e-08,-4.015906598579507e-09,8.691551051305492e-09,4.532097340599149e-09,-1.1067675935943495e-08,3.5422374649249976e-09,9.916421774670401e-09,1.0284175573016365e-08,2.0778956429742824e-08,3.3447993478583467e-09,-7.979099183927735e-09,-2.588343444823805e-09,6.843138148947977e-10,-4.3455315725011565e-09,4.182359557958234e-09,1.6709646666159136e-09,7.424792583069609e-09,2.4925379882572317e-08,-7.428622412280388e-10,-1.2162675454765089e-08,2.769797405393596e-09,-1.673061924927836e-09,3.066730989233636e-09,-1.8736818868635e-09,-2.888403076663012e-09,-4.643056591390884e-09,-6.624717999750884e-08,2.3427299389541193e-08,2.09238355623433e-08,1.2406316492581113e-08,9.562142986588546e-09,1.3020838800250215e-08
L12treat_m2,2.043312818677139e-09,-1.619131416580164e-09,2.013184686543691e-08,1.2168243849973101e-08,-4.35009013467007e-08,-1.2985204521003572e-08,-2.433887155627122e-09,2.9571220082599332e-09,4.540390192153507e-09,4.462425719688368e-09,-3.6277965262621886e-09,1.8620189915805837e-08,1.9155525216288904e-08,-2.9604546459211766e-08,-7.88446831536437e-09,-1.435000716004163e-08,3.4854567395866264e-09,1.1909771898046666e-08,6.305810821890613e-09,-4.237050225477941e-09,2.0679853944430718e-08,1.4145147521984073e-08,-3.604204228447748e-08,-4.356708899547861e-09,-5.320117772216925e-09,1.510721266183221e-08,4.828557865123466e-09,2.5939274855367246e-09,2.251159114981308e-09,2.7169954968035723e-08,2.4466762603951528e-08,-2.347438921013463e-08,4.434592385703732e-09,1.9061256271173633e-09,2.40264627988434e-09,1.1053169349391013e-08,-2.8511351420779976e-09,6.5162553293382324e-09,2.1199868488926822e-08,7.330420749584568e-09,-1.7926181127659137e-08,2.3339434758515318e-09,1.3781942155191016e-09,5.555896190603633e-09,2.6008896309414166e-09,-8.213519535219235e-10,3.143271361350619e-09,1.0736268492884454e-08,4.962369354061038e-09,-5.002775755036457e-09,5.490746265399884e-10,-8.775266115509765e-10,9.129785499885064e-09,7.79746064716195e-09,2.896735780736027e-10,-9.236579870857167e-10,6.258309965991777e-09,1.2618072334560465e-08,-3.1207848544083804e-09,-8.734104200307398e-09,5.32711304049393e-09,6.688304592138876e-09,8.245503048183648e-10,2.9578831650291727e-09,1.0594489866895352e-09,-7.149335460186243e-09,-3.088196873502943e-08,1.135899162695139e-08,2.1480883678592315e-09,5.471479089084394e-09,1.7512291760266996e-09,-1.116005165984383e-09
L12treat_m1,-5.193235573371494e-10,1.4373224875401354e-08,1.0924631869032236e-07,2.456185690799313e-07,-3.163805919470935e-07,-1.3896400865418358e-07,1.692815125849889e-08,1.5179857216468552e-08,2.3732881015270386e-08,5.258101710463816e-09,-8.341727274839305e-09,1.3599802734431963e-08,2.6463072881847656e-07,-1.8638092737643894e-07,-1.2428249735423593e-07,-3.94746021752658e-08,5.0855608540968725e-08,5.2197991321496996e-08,9.54612212843468e-09,7.511446726987522e-09,8.415889913779951e-08,3.1923987457937616e-07,-2.2494494733518827e-07,-3.733657051214095e-08,-4.384796161911497e-08,6.694403652612516e-08,2.1891198597389323e-08,3.588885509484685e-08,5.8221057550981106e-08,2.446676260395191e-08,3.4324024612723053e-07,-1.6857843073348017e-07,-3.315405109725865e-08,2.7212872476493824e-08,8.568085964435692e-09,-3.867605818880804e-08,-3.913068746405683e-09,5.375067829751198e-08,3.310541948958962e-08,2.500590761287166e-07,-1.5965884702135546e-07,-3.7429887569021764e-08,3.604735103604281e-08,3.3745754551860994e-08,-6.00517781745874e-08,1.310360761891755e-08,5.0402417183423126e-08,5.5024771574987803e-08,1.2478812441660116e-07,-4.1227134941327546e-09,-2.7847685616031996e-08,-7.26709966097117e-09,1.1627812418709684e-08,-2.5346309267054152e-08,1.9710937643781893e-08,1.0434926609538806e-08,4.3548532339001165e-08,1.4731901203512658e-07,-9.381324310194004e-09,-5.403090755224889e-08,1.5664714397533245e-08,-1.4763391989759167e-08,5.1366015016810745e-09,-1.4790509540493989e-10,-8.436807670180011e-09,-2.5527117590603035e-08,-3.7857593704377866e-07,1.3455170112710934e-07,1.030901279399597e-07,6.355475336549791e-08,4.4278316539217756e-08,6.592307853671394e-08
L12treat_p0,1.2833731269572345e-09,-6.313961069002362e-09,-5.63368541758803e-08,-1.0651223071115397e-07,1.7420886109582165e-07,5.876883957532214e-08,-1.758113218661375e-09,-7.533927844755623e-09,-1.719492901319327e-08,-2.179023643848828e-09,7.146633572162969e-09,-1.0716716952647422e-08,-1.2084337915375068e-07,1.1272591582417694e-07,5.231038580086019e-08,2.180117001243447e-08,-2.5504625141842644e-08,-4.07779460006445e-08,-3.2756090595866697e-10,-4.3904633030099085e-10,-4.425254316031311e-08,-1.4818773645455327e-07,1.4376583177328876e-07,1.0139169563757331e-08,8.285654173013909e-09,-3.939550049105723e-08,-1.910219684280561e-08,-8.476302148145074e-09,-2.3898582366520408e-08,-2.3474389210135044e-08,-1.685784307334817e-07,1.2360034537565337e-07,2.22807047166696e-09,-2.0156869440176868e-08,-8.205772551485264e-09,-4.644674612857829e-09,1.017843967463749e-08,-2.3138975099539925e-08,-1.8530756659581837e-08,-1.013659190794905e-07,1.0362422813428751e-07,9.620917560737703e-09,-2.7937513981337825e-08,-2.577621175112072e-08,2.0301234927966604e-08,2.83997050891793e-09,-1.721977517196985e-08,-2.677782607706248e-08,-4.8716575379255315e-08,2.5258032408168442e-08,1.008805122889909e-08,3.1332851001523122e-09,-1.244215734710818e-08,1.8528241225622583e-09,-2.154523380467037e-09,-5.200221834915072e-09,-2.2328251757749683e-08,-6.903278632743881e-08,1.9112316679803435e-08,3.259620596307306e-08,-1.8619089699345138e-08,-1.7103742745068637e-09,-1.9716643484259492e-10,-6.77542124957851e-09,3.9142960384022615e-09,1.4322798107910573e-08,1.811293514424136e-07,-8.333403535916527e-08,-4.193102751685096e-08,-2.8154349403695397e-08,-2.128284367608054e-08,-1.960806280172038e-08
L12treat_p1,4.437542182813407e-09,5.044915040529507e-10,-8.721627167711894e-09,-3.667585079407612e-08,2.9819048325375464e-08,3.5807537460488244e-08,2.9692353220495826e-09,-8.755496513150477e-09,-4.433034908778296e-09,8.470926260227707e-09,-9.815896497300713e-09,-6.330864423907004e-09,-2.502651513332672e-08,1.538241524942094e-08,3.949286828239406e-08,6.938024553504137e-09,-6.035058080155777e-09,-1.227680280655197e-09,4.0464993346604995e-09,-5.9930980048949746e-09,-1.330333422861403e-08,-4.1724836248385303e-08,1.6810356659580073e-08,4.678307740524226e-08,1.6102774977866043e-08,1.2704758314472631e-08,4.672866467416402e-09,-5.471847737083019e-10,-4.634766861674611e-09,4.43459238570374e-09,-3.315405109725848e-08,2.2280704716667184e-09,5.734468305168057e-08,1.3225628042336162e-08,5.876735262304468e-10,3.809410002684656e-09,1.297432060749703e-09,-1.0474250798473078e-08,-5.283091754399059e-09,-6.011447832575788e-08,1.4088865282140838e-08,4.6702467933619914e-08,2.3463462734539433e-08,7.501498191880487e-09,5.353240945238825e-09,-1.0567583626721888e-08,-1.2615724845336244e-08,6.961004254370163e-09,-3.686410735325258e-08,-8.832437501069558e-09,8.105751949762792e-09,-4.594558881080141e-09,-1.111784050223153e-09,9.465563346234312e-09,-8.38953954030296e-09,-5.688821138046433e-09,-5.67251102763385e-09,-1.224205913277219e-08,1.3396966978343107e-09,-1.2397136027827824e-09,9.66237412486783e-09,1.2193719505410843e-08,4.919797964358465e-09,1.609538307227057e-09,5.3136547863678026e-09,-4.193233877764179e-09,3.994791308753696e-08,-7.725619161031265e-09,-3.353211084906198e-08,-1.061441043086026e-08,-3.4702978346505906e-10,-1.4818062628500319e-08
L12treat_p2,1.9804740953533732e-09,2.596769418579478e-09,6.590138462165914e-09,1.8127861728931425e-08,-2.6058499512759568e-08,-6.541712811594855e-09,7.430802560929309e-09,-3.5825550138032474e-10,7.896296322446183e-09,4.239109557914822e-09,-4.146353872851476e-09,-3.786219421608671e-09,2.2908510466122217e-08,-1.746604154075064e-08,-1.3503451247315574e-09,7.051233474780785e-09,4.4932820240687595e-09,7.876496784972387e-09,4.8660987631544006e-09,-1.8602360958455208e-10,4.6171273346397525e-09,2.6250776336171812e-08,-2.118320281082165e-08,1.1306723360020155e-08,8.038663222762338e-09,1.375632605940362e-08,4.9117190191283285e-09,5.292935425461905e-09,6.623307068242774e-09,1.906125627117462e-09,2.7212872476494476e-08,-2.015686944017658e-08,1.3225628042335948e-08,1.6893884394043703e-08,2.502829949112514e-09,-1.793105814462325e-09,2.1962561205461072e-09,4.252714534124767e-09,-1.737395927103643e-09,1.3179375478874445e-08,-1.9792286844937866e-08,1.1244698449028642e-08,2.060145646207995e-08,5.021547905342313e-09,-1.0767939941702792e-09,-1.6958069975776335e-09,5.945187066282044e-10,5.3819098408523734e-09,1.1436483672305923e-09,-6.277885695675141e-09,-5.0324902019765836e-09,2.775142128230675e-09,2.853964739514011e-10,3.6820543646178045e-09,-2.691722888809816e-10,-8.679362486617866e-10,-7.85615579891266e-10,1.1667460488211999e-08,-5.2978400094985985e-09,-7.992093112851193e-09,1.1597894295823228e-08,3.970187321466252e-09,5.182730552644958e-09,-1.2199652800230636e-09,-1.3723966476769632e-10,-3.4220941874163878e-09,-3.1724669486079464e-08,1.5896794469664573e-08,4.468614345543328e-09,-1.0310855342800899e-09,6.98271575120704e-09,2.0379703802019216e-09
L12treat_p3,-8.354201065694463e-10,1.5891201691927025e-09,4.23794350233134e-09,7.67843965184317e-09,-6.9107465564307305e-09,-8.79837848304681e-09,6.526328724123031e-10,4.930061855269071e-09,-7.857106862857385e-10,8.49400874357611e-10,2.352381886896726e-10,2.3185824658864988e-09,6.922920314048487e-09,-5.101786814253588e-09,-1.7282801877720742e-09,5.86046491928043e-10,8.488271342188938e-09,3.7207879499172374e-11,7.290716994932996e-10,6.850383540383114e-10,4.96682209977915e-09,8.218942946164855e-09,-5.223628522253103e-09,8.59879379346718e-10,2.1255365888049866e-09,7.259560643198065e-09,-6.706674035735196e-10,1.6278931910731002e-09,1.8276581398433116e-09,2.4026462798844898e-09,8.568085964437128e-09,-8.205772551485355e-09,5.876735262304862e-10,2.50282994911293e-09,1.0703024194334466e-08,1.6940145072119839e-09,1.3106131810159395e-09,-2.1387397609113698e-10,3.256681657272962e-09,8.0402693228866e-09,-9.593942903227326e-09,-2.2645487721809085e-09,4.958353565453931e-09,1.2563208347108774e-09,-3.535335331633856e-09,6.515648065210094e-10,1.1346742395844303e-09,1.5470049711596722e-09,-3.198728922865773e-09,2.0801075877123513e-09,-2.540993187401349e-09,2.750329354139039e-09,5.593307897658839e-09,-1.4623373223723521e-09,-1.321342555064527e-09,7.575403089000373e-10,6.754766487918275e-10,4.950436872606127e-09,-7.421971559490791e-09,-7.146267661577089e-09,1.992372951917968e-09,5.8936471321407526e-09,-9.225474620783975e-10,-1.244203478066526e-09,1.4367528701028862e-10,-2.831168368057907e-09,-9.561450495251492e-09,9.931390505957636e-09,6.661030172018487e-09,2.1397471114314616e-09,-2.8947731360053226e-09,1.610622898994156e-09
L12treat_p4,-2.1610877331940533e-09,-4.019123674023671e-09,-2.8494649318602664e-09,-3.1594968849285065e-08,8.49231608085251e-09,1.3363343296539507e-08,-7.542668395258512e-09,-9.850515455169579e-10,5.581855999907472e-09,-2.2411812159378756e-09,-1.5010284975269358e-09,1.1472521241671246e-08,-3.70513366861701e-08,1.6062660427461503e-09,1.264716005020949e-08,-1.4499648433360654e-09,-2.9697877740942323e-09,1.0755115867559518e-08,-2.700318237470789e-09,-3.814118978950676e-09,-6.06465398568064e-10,-4.4372363188860106e-08,-3.752898590706787e-09,2.436433137745091e-09,1.4365389535888437e-08,-2.750926555850061e-09,5.092633686234486e-09,-1.1460279080964084e-08,-1.062188507121901e-08,1.1053169349390919e-08,-3.867605818880681e-08,-4.6446746128580305e-09,3.809410002684488e-09,-1.7931058144625945e-09,1.6940145072117818e-09,3.343341883790814e-08,-6.205377019619032e-09,-4.615709321547987e-09,5.383789160218655e-09,-3.843506672821735e-08,-3.3939707483192995e-09,6.533792320812108e-09,-2.3507644532233517e-09,-2.0742480124105267e-09,1.9791744547834785e-08,-6.405619576104958e-09,-7.898352799501264e-09,-6.059132193909083e-09,-1.9636613133408948e-08,-8.870726597969084e-09,2.149293791788513e-09,-9.550128988761592e-10,7.888690882067526e-09,1.6775552889201917e-08,-7.19509076223571e-09,-1.989708555888143e-10,1.8919559405923544e-10,-1.700383101724371e-08,-5.922658524198506e-09,-9.657167251619316e-10,3.247071967352952e-09,1.2569083553693826e-08,-2.787070501324286e-09,4.992390176097705e-09,8.17950362176838e-10,1.655322839298316e-09,4.186884679296904e-08,-7.53548031771718e-09,-1.51931250647118e-08,-8.719641546156706e-09,-7.883747565830165e-09,-1.9457480664513763e-08
L16treat_m4,2.3792886031053906e-09,3.925282409771096e-10,-4.1107671155593515e-09,1.8982032947880426e-09,1.0827883586923908e-08,1.3072463934942537e-09,3.2983162291815972e-09,6.268029230083271e-10,1.1089449792155302e-10,3.4869027152665137e-09,-7.01657406040886e-10,-3.333841562692879e-09,6.255008969066516e-10,8.416385537710293e-09,2.5469985335025667e-09,2.744034901243325e-09,6.272134364692945e-10,-4.6730584238714096e-09,5.3325446333064366e-09,1.3326196486031205e-10,-2.58266335752464e-09,-2.9212682823668925e-09,1.2513532263887933e-08,7.136567251667452e-10,-1.77114475741909e-09,2.445019144133101e-09,-2.1378962514896157e-09,5.4407194975918395e-09,1.5942140768896305e-09,-2.8511351420780274e-09,-3.913068746405778e-09,1.0178439674637463e-08,1.2974320607496879e-09,2.196256120546109e-09,1.3106131810159531e-09,-6.205377019619058e-09,5.735731028601163e-09,1.4045317902379553e-09,-1.2845418612976053e-09,-8.830929211943135e-10,5.413756898904465e-09,2.8558593163258357e-09,2.2214079933230146e-10,-2.7842599466782135e-09,-2.2175149885633285e-09,2.7061587280286102e-09,3.915712485792732e-10,-1.1775573698392681e-09,1.9985432675235444e-10,3.259012157890536e-09,-2.84880275397094e-09,1.3423348047964125e-09,9.295009783369528e-10,-5.701962476707575e-10,1.9175396979604533e-09,-1.0592614229468918e-09,-3.2219391200854097e-09,-3.668358286724873e-10,-2.5944069035997634e-10,1.037276473886932e-11,3.0250148270393003e-10,1.366052961661847e-09,1.532206569398897e-09,-3.998590698451697e-09,2.713529668261349e-10,1.964783287000363e-09,4.666265895469341e-09,-3.869528918861636e-09,-2.4407171413037502e-11,-4.853624446591641e-10,-1.1493152612070667e-09,2.0101329074896403e-09
L16treat_m3,1.2580755870033803e-09,2.155985604020799e-09,1.900519659330006e-08,4.296550397027556e-08,-5.632593224269208e-08,-2.5344817851677604e-08,1.3583242723505558e-09,2.80232557856562e-09,8.6707840388479e-09,2.2455669800488776e-09,-1.8957547104596112e-09,3.3585714271026538e-09,4.193986139156275e-08,-3.321070742691629e-08,-2.13431973408857e-08,-8.390797153128567e-09,9.791019448085236e-09,1.081064606860412e-08,5.638209580310285e-09,2.4409462622181653e-09,1.514647404416581e-08,5.0060965223694367e-08,-3.4476528256576074e-08,-9.33077333019492e-09,-8.467685887027005e-09,1.3603381808683345e-08,3.936850533908514e-09,8.782308315347672e-09,1.2335938422665479e-08,6.516255329338326e-09,5.3750678297512315e-08,-2.3138975099539978e-08,-1.0474250798473017e-08,4.252714534124598e-09,-2.1387397609128202e-10,-4.615709321548085e-09,1.4045317902379164e-09,1.5945407200791935e-08,9.468446273489526e-09,4.0181739577179945e-08,-2.246971085736278e-08,-5.214255349750248e-09,1.8398981824492909e-09,2.06543775773944e-09,-7.9127240990949e-09,4.598180441624361e-09,1.0331779709695077e-08,7.689754433297562e-09,2.2582315712921984e-08,1.3932046552789713e-09,-9.388299872607887e-09,-3.3120494242334982e-09,3.7188474173671618e-09,2.2725277364595644e-10,4.883420154369985e-09,1.3740786506290951e-09,6.389606560140555e-09,2.286260959744728e-08,-1.9091344788496107e-09,-1.168597450445621e-08,2.8615678579769194e-09,5.24218384750629e-10,2.878967618185189e-09,-1.4660992224491879e-09,-3.88791487476166e-09,-1.2843758140393186e-09,-6.074400617271067e-08,1.923814372855019e-08,1.8984722841985883e-08,1.213581371073588e-08,7.538812794910783e-09,1.0133078745273756e-08
L16treat_m2,9.085204846881195e-10,-3.5711888664748777e-10,2.2993388693750964e-08,2.287948489103936e-08,-4.694619001876193e-08,-2.2346774038316084e-08,-2.8658365016689434e-09,4.254370712598581e-09,4.381991290671739e-09,2.3592303342342767e-09,-1.7984457694403986e-09,1.7829347171805772e-08,2.5124102564481073e-08,-2.9367979419385407e-08,-1.4049738658039481e-08,-1.4539586245408394e-08,8.240094106782085e-09,1.0869917181450171e-08,5.079339481075371e-09,-1.25219533064437e-09,2.1616794233805083e-08,2.498739561937407e-08,-3.2338910478210497e-08,-8.81139747897733e-09,-9.735964002619999e-09,1.359938972738061e-08,2.2538448354962996e-09,4.923984230670556e-09,5.628030450200247e-09,2.1199868488927033e-08,3.310541948959062e-08,-1.853075665958204e-08,-5.283091754399088e-09,-1.7373959271037781e-09,3.256681657272549e-09,5.383789160218549e-09,-1.2845418612976266e-09,9.468446273489638e-09,2.2274711506312647e-08,2.1760876452770684e-08,-1.6398095727494247e-08,-7.191355038134144e-09,-3.701239683106947e-09,3.113309150293607e-09,-4.125725824525639e-09,2.38746230157575e-09,7.500509574379304e-09,1.2279835948497474e-08,1.1104332275078168e-08,4.951098325627892e-09,-2.4492125570139887e-09,-1.3618374579821804e-09,9.348021024399135e-09,3.676660084436453e-09,2.182896011625797e-09,9.654660574378304e-10,1.0912841490396816e-08,1.469160398456637e-08,-9.027268622664378e-10,-1.1443875096417075e-08,7.082739957192037e-12,6.320367726878209e-09,1.1186255450973377e-09,7.53145398882303e-10,-8.85183557662784e-10,-7.405314907168048e-09,-4.01997366873825e-08,1.289816183295926e-08,1.1542311131341241e-08,1.0483601089081944e-08,2.141886612547834e-09,3.8200196906137575e-09
L16treat_m1,-4.045376960405667e-09,1.069775909912937e-08,7.54416981430147e-08,1.9357637665197444e-07,-2.2274401187811976e-07,-1.219409368139944e-07,1.9275832408343492e-08,1.6384065275084664e-08,1.6084180238726407e-08,-3.3186575745815358e-09,4.028028451934623e-09,9.229143607209656e-09,1.980663203082305e-07,-1.2834796098747468e-07,-1.1000412861020604e-07,-1.8466471877711894e-08,3.8057965725182825e-08,2.7842222223113564e-08,4.33179309593054e-09,1.0441435448827104e-08,6.293533448729065e-08,2.504425154896125e-07,-1.5078272619310908e-07,-5.25402938707619e-08,-3.551623298519904e-08,3.244052312512314e-08,6.884201170367706e-09,2.6774323752446977e-08,4.3551578841348274e-08,7.330420749584593e-09,2.500590761287165e-07,-1.0136591907949212e-07,-6.011447832575855e-08,1.3179375478874556e-08,8.040269322885647e-09,-3.843506672821819e-08,-8.830929211944864e-10,4.0181739577179965e-08,2.1760876452769636e-08,2.2455800237110994e-07,-1.107195867895626e-07,-5.867345032470258e-08,1.784470188838069e-08,1.540477474205446e-08,-4.5918593878618636e-08,2.0127216484733283e-08,4.4040003717955125e-08,3.487166655887563e-08,1.0835404728083926e-07,1.109710348031736e-08,-2.1348754397541132e-08,6.065282379149453e-09,1.6680640155612664e-09,-2.8165829918356136e-08,2.2046113481852222e-08,1.1722695594647755e-08,3.0456330248456916e-08,1.056255391620625e-07,-4.607170799217292e-09,-3.1113719548372104e-08,3.916710731329184e-09,-2.4528535320336685e-08,1.8004073225184755e-09,-3.92251054655892e-09,-8.37843207482108e-09,-1.5584397468752864e-08,-2.8404531190298073e-07,9.36566065935263e-08,9.67585010365142e-08,4.532838778801279e-08,3.244319214152762e-08,5.968487776771743e-08
L16treat_p0,1.132082878520353e-09,-5.772045798437928e-09,-5.788705261978399e-08,-1.1554263749426152e-07,1.7757787500131896e-07,6.946060740017409e-08,-1.1836123204929992e-08,-1.0156073839645995e-08,-1.2944335211270112e-08,-1.321415419958757e-09,7.947751792365066e-09,-1.14079200621939e-08,-1.2709371352111715e-07,1.0160524344865182e-07,6.566356054023257e-08,1.1433212450819535e-08,-2.932531394378631e-08,-3.778416591819055e-08,-2.7051103847909784e-09,-1.1581519288412272e-09,-4.675572295790492e-08,-1.4983637039138058e-07,1.396974295222612e-07,1.9951589333210622e-08,3.1113012988132798e-09,-3.4730754236478506e-08,-1.616686119583585e-08,-1.1257997254798017e-08,-2.4519074415747414e-08,-1.7926181127659534e-08,-1.5965884702135636e-07,1.036242281342879e-07,1.4088865282140634e-08,-1.9792286844938233e-08,-9.593942903226965e-09,-3.393970748318854e-09,5.413756898904466e-09,-2.2469710857363003e-08,-1.639809572749392e-08,-1.1071958678955996e-07,1.1892008801155302e-07,1.5946213566567154e-08,-3.1148491348672566e-08,-1.955475810656423e-08,1.365093769663564e-08,-1.376092879476029e-09,-1.8983640783690004e-08,-2.6573747564256665e-08,-5.6427768974041216e-08,1.4514228067100913e-08,1.5846703820075618e-08,3.641201556131376e-09,-9.70752919229683e-09,2.049751018619894e-09,-3.787924788567021e-09,-6.576508391146341e-09,-2.7898834172083174e-08,-7.236445936264769e-08,1.8082758099632465e-08,3.414792153722583e-08,-1.7491244388481096e-08,-3.6888293805454885e-09,4.382014364286899e-09,-2.862218296945766e-09,4.879534426989882e-10,1.6069253178268792e-08,1.8241782584457776e-07,-8.432242302102217e-08,-4.995258361198397e-08,-2.4366228216862736e-08,-1.8952778384627368e-08,-2.347528889154118e-08
L16treat_p1,6.028940425109408e-09,-5.3626689352806155e-11,-1.2937368373411896e-08,-2.6926845754227743e-08,3.264229756495652e-08,3.687636636909181e-08,4.644221236210324e-09,-1.0222099049762185e-08,-1.986227617449418e-09,9.265942929619257e-09,-1.0288006650788335e-08,-1.0758619876920356e-08,-2.3710400596255698e-08,2.2527475571526015e-08,3.4456969288421537e-08,9.462044863610604e-09,-7.46149974910726e-09,-3.0564509252529423e-09,6.861781189851991e-09,-4.858008424514932e-09,-1.5725146500090516e-08,-4.472304389970284e-08,2.9888636241028897e-08,4.019018186596837e-08,1.8691602138754034e-08,8.876699162051475e-09,6.323643038625461e-09,-3.7335017302914485e-10,-4.015906598579677e-09,2.3339434758515198e-09,-3.7429887569022684e-08,9.620917560737628e-09,4.67024679336201e-08,1.124469844902886e-08,-2.264548772180906e-09,6.533792320812192e-09,2.855859316325889e-09,-5.214255349750441e-09,-7.1913550381342955e-09,-5.867345032470253e-08,1.5946213566567518e-08,5.5436843236958746e-08,1.9431583968814978e-08,-1.0937328677811129e-09,7.551364591452344e-09,-7.55435376519942e-09,-1.153472489576618e-08,-5.100245132135665e-10,-3.197181479246084e-08,-1.4456389894972146e-09,1.5952401471392002e-09,-7.673996793758034e-09,2.7410751741990333e-10,1.2147537817140905e-08,-7.206103891245824e-09,-7.298225294456827e-09,-1.1297915700035702e-08,-4.9179531106552035e-09,4.8605690696411725e-09,-2.3051492516303145e-09,8.567697788494125e-09,1.1400924295123398e-08,2.783364071566965e-09,-4.115229907998475e-11,4.332562978749678e-09,2.173888805937262e-09,3.8880551498738844e-08,-1.9036384059665142e-08,-3.574985762765111e-08,-1.2258494421427988e-08,-3.290904906625829e-09,-1.556554095800241e-08
L16treat_p2,-3.7014543984543894e-10,3.0048558755770878e-09,1.102569892948591e-08,2.363785470714269e-08,-3.992480017321168e-08,-1.1111033605598989e-08,1.3580146022568265e-08,-1.1707763002592709e-09,3.6018760157688703e-09,2.848183499814505e-09,-5.722994670800866e-09,-6.032948742324151e-09,3.247408397265128e-08,-2.273187420682856e-08,-3.4354519643913673e-09,1.1878254583128026e-08,9.250222481347608e-09,9.397730176460388e-09,1.3408577390028198e-09,-1.218805992536843e-10,6.638227217998196e-09,3.9352616809558004e-08,-3.180435303905726e-08,2.3450948558639023e-08,1.710537545340496e-08,1.7040892108034594e-08,5.665999406913812e-09,3.6214296634183637e-09,8.691551051305433e-09,1.3781942155191436e-09,3.604735103604292e-08,-2.7937513981338e-08,2.346346273453922e-08,2.0601456462080286e-08,4.9583535654534095e-09,-2.3507644532232143e-09,2.2214079933225407e-10,1.839898182449189e-09,-3.701239683106911e-09,1.7844701888380066e-08,-3.1148491348672923e-08,1.9431583968814978e-08,3.935457835695183e-08,8.867108616411312e-09,-1.6036946592117067e-09,-3.279086704734842e-09,-9.212294250351802e-10,1.2041667026576103e-08,3.6100853643648895e-10,-1.6474148862405827e-09,-1.0813979082632046e-09,4.859929392411983e-09,-1.4079939472423199e-09,2.157536622833102e-09,-1.9868098021680623e-09,-4.161058254321544e-10,6.006778447797909e-09,1.773414291697739e-08,-3.942981515358348e-09,-1.2755795147911627e-08,1.6096823372816352e-08,2.92139193797369e-09,3.045687264513981e-09,-3.3198335412473014e-10,1.7777979855696415e-09,-8.097261971843656e-09,-4.520481260478876e-08,2.300609139627511e-08,7.157688338204023e-09,-1.2582504994526143e-09,1.0720908670254e-08,3.825549162848225e-09
L16treat_p3,-7.732852015540949e-10,8.601682661879064e-10,1.2955129398640445e-08,1.625452429154794e-08,-3.355318475249829e-08,-7.105176879714744e-09,1.4355973220938836e-09,3.325846424389501e-09,2.8006017351760054e-09,1.1109892578951123e-09,-1.4758980401280982e-09,2.9601193670706253e-09,2.482736449087539e-08,-2.4008424379324536e-08,-8.723059121376305e-09,-7.055855698447554e-09,5.558178448390824e-09,8.07054187825673e-09,-1.553336176080358e-09,-1.0075187322532443e-09,8.731285620476231e-09,2.9506211898564305e-08,-3.2943296247339643e-08,2.845055047666723e-09,-2.556311672059392e-09,1.2543286847535268e-08,4.585118307731381e-09,1.2224660410582194e-09,4.5320973405994125e-09,5.555896190603772e-09,3.3745754551863694e-08,-2.5776211751120488e-08,7.501498191880065e-09,5.021547905342668e-09,1.2563208347104214e-09,-2.0742480124107823e-09,-2.784259946678195e-09,2.065437757739488e-09,3.1133091502940127e-09,1.540477474205656e-08,-1.9554758106564144e-08,-1.0937328677813584e-09,8.867108616411638e-09,1.527977865164534e-08,-2.7230655365281325e-09,-2.626171436195882e-09,1.8289171420260426e-09,7.698218262421195e-09,1.2859676728363418e-08,-8.371457038670233e-09,2.688661318343943e-09,-6.578280914064797e-10,1.9416105133899544e-09,-1.3727271176938042e-09,-2.3848131050705177e-10,1.0484446230407776e-10,6.749708338703054e-09,1.0770320852178753e-08,-5.170155290462636e-10,-3.4536624587466796e-09,3.5718046050669393e-09,-7.607556280903903e-10,2.7249478208538315e-09,2.674001968932676e-09,1.1182086635622707e-09,-5.445219082520682e-09,-3.639548567388253e-08,1.8751915152958967e-08,7.349582089044452e-09,6.74088597587047e-09,5.6670273239125904e-09,4.935918338120402e-09
L16treat_p4,-1.2231473831427486e-09,-3.786756652637218e-09,-1.500217464565402e-08,-4.36918404035787e-08,3.660780608818363e-08,2.4812947569584686e-08,-1.8460589572274058e-09,-3.0185776037683025e-09,2.9565399085513834e-09,-1.7869600601773664e-09,2.4059321762000476e-09,4.1543209495308935e-09,-4.749152159555021e-08,2.1256265799007275e-08,1.5753382104504336e-08,6.54149056699661e-09,-1.1285668253198319e-08,2.0613482882094854e-10,-1.893011019568641e-09,-2.183832766018748e-09,-9.395660290800418e-09,-5.5224221067543294e-08,2.0383512829945413e-08,2.3221863787014863e-09,1.3116646778947975e-08,-1.0104263447125137e-08,3.6107435990492955e-09,-9.413260573313244e-09,-1.1067675935943623e-08,2.6008896309411685e-09,-6.00517781745871e-08,2.0301234927966396e-08,5.353240945239083e-09,-1.0767939941701572e-09,-3.535335331633738e-09,1.979174454783492e-08,-2.217514988563289e-09,-7.912724099094857e-09,-4.1257258245256705e-09,-4.591859387861805e-08,1.3650937696635209e-08,7.551364591452685e-09,-1.6036946592113744e-09,-2.72306553652753e-09,2.670751229415166e-08,-4.483299207908709e-09,-9.024298340447616e-09,-9.801189987065324e-09,-1.7483710814893347e-08,-8.884813931162685e-09,3.983576818842562e-09,-1.218206677635268e-09,-4.645136327877586e-09,1.2353824716666374e-08,-4.0485477547711415e-09,-9.443167691478788e-10,-6.811733552349675e-09,-2.7709286403792695e-08,1.0226813763941751e-09,1.1050540864828878e-08,-2.1402882552276886e-10,1.674121626100424e-09,1.1472026340222271e-10,2.769796053014009e-09,2.2298380653493095e-09,5.137441388295314e-09,6.303397902464623e-08,-1.9107816401251844e-08,-1.7696274965483136e-08,-1.325843214690789e-08,-5.39903655908486e-09,-1.6457659708131725e-08
F12treat_m4,8.299194376332359e-10,4.079226116876106e-10,2.2912949919469486e-09,1.5867752830017634e-08,-8.172587891283924e-09,-1.0525114476599593e-08,2.836589123896293e-09,1.4892449879451508e-09,-1.9589762588810601e-10,5.289912524734099e-10,1.6283436257093079e-09,1.4319338649032175e-10,1.3479962169986494e-08,-3.5848220853583778e-09,-9.41858964353841e-09,-1.3513905192228868e-09,2.2052575470271347e-09,-2.8251450071097964e-09,3.17105928638138e-09,1.2140530494658238e-09,3.248829818719636e-09,1.538144973552254e-08,-4.4401653108710897e-10,-9.172796540232776e-09,-6.166085011281074e-09,1.9330440721770754e-10,-2.640181483151532e-09,4.733686152967931e-09,3.542237464924984e-09,-8.213519535219386e-10,1.3103607618917356e-08,2.8399705089179887e-09,-1.0567583626721878e-08,-1.6958069975776554e-09,6.515648065210406e-10,-6.40561957610498e-09,2.7061587280285346e-09,4.5981804416243245e-09,2.3874623015757243e-09,2.0127216484733247e-08,-1.376092879475958e-09,-7.554353765199393e-09,-3.2790867047347974e-09,-2.626171436195852e-09,-4.4832992079087505e-09,5.544190324020969e-09,4.943995316522577e-09,6.172595676474331e-10,1.080838253994023e-08,5.1464768026088946e-09,-2.2967912965735283e-09,1.9047089391326974e-09,2.1664933580243474e-10,-3.3631589979269575e-09,4.450692710559121e-09,8.49423257726718e-10,-1.3153031784441244e-10,6.069652027008193e-09,1.2212660280233992e-09,-6.575017825620714e-11,-1.9204032164567698e-09,-4.024771138341113e-09,-4.592257267516541e-10,-2.7752834005208887e-09,-1.127586849722843e-09,1.51340534388045e-09,-1.601731973435338e-08,1.362268396592652e-09,8.634961504388241e-09,3.464211164896093e-09,9.353167717095312e-10,6.679437631478755e-09
F12treat_m3,-3.47753539052614e-10,2.5470104167122136e-09,1.776877340336012e-08,4.074584942290287e-08,-4.738153874090692e-08,-2.587492618160543e-08,1.9346764984843742e-09,3.2657256732195317e-09,3.969632128548045e-09,-3.4586150069892367e-10,9.692237986958516e-10,4.594724402618007e-09,3.939990861188759e-08,-2.6387027908799386e-08,-2.2816948480114995e-08,-7.100326728110954e-09,7.88322111051562e-09,5.918906260721639e-09,2.08599818578874e-09,2.7558840066366337e-09,1.4086177070053234e-08,4.860777886371547e-08,-2.7764792758346504e-08,-1.2185522736381202e-08,-1.1367517991359092e-08,7.885755694431725e-09,2.088015668339407e-09,7.067301066678479e-09,9.916421774670394e-09,3.1432713613506775e-09,5.040241718342322e-08,-1.72197751719699e-08,-1.2615724845336277e-08,5.945187066278925e-10,1.1346742395842905e-09,-7.898352799501358e-09,3.9157124857925775e-10,1.0331779709694997e-08,7.500509574379218e-09,4.4040003717954735e-08,-1.8983640783689783e-08,-1.1534724895766081e-08,-9.212294250351529e-10,1.8289171420260404e-09,-9.024298340447758e-09,4.943995316522601e-09,1.1764571075962797e-08,8.87561948228743e-09,2.1362206862964584e-08,5.815432955378884e-09,-6.4878611702867835e-09,-2.9037005499057485e-09,-4.723718723896626e-10,-5.257799181232396e-09,5.171571741632914e-09,2.6890238351739558e-09,6.293615739379729e-09,2.0430576437258524e-08,2.239024326486894e-09,-7.450269684779535e-09,-3.0226988056846473e-09,-4.1487454846673615e-09,1.469412265167915e-09,-1.125431385114313e-09,-2.4171739697637902e-09,-2.908483463146319e-09,-5.734372176605242e-08,1.7161974800173288e-08,2.0361137641391235e-08,1.2205563713601263e-08,6.8245127710237756e-09,1.2565571513265511e-08
F12treat_m2,-5.510295112595778e-11,2.58458020847548e-09,2.6796444438173796e-08,3.6868130345865276e-08,-6.127232823712325e-08,-2.4611622553537475e-08,4.168491697938795e-09,1.7893443357226654e-09,2.8974292399495e-09,1.446010479685494e-09,-3.847375207486236e-09,8.80098305128933e-09,4.292519586854524e-08,-3.4844565512236044e-08,-1.6764599050588923e-08,-7.464007489642387e-09,9.535838560904835e-09,1.1766416083153566e-08,2.173103981500643e-09,2.428764130651792e-10,1.855373761957483e-08,5.000703459486585e-08,-4.269965976823467e-08,3.816654665229093e-09,-6.527616513383006e-09,1.5269160340190717e-08,4.0868923702831925e-09,6.978071438362925e-09,1.0284175573016294e-08,1.0736268492884575e-08,5.502477157498743e-08,-2.6777826077062324e-08,6.9610042543701085e-09,5.381909840852224e-09,1.5470049711593502e-09,-6.059132193909146e-09,-1.1775573698392992e-09,7.689754433297496e-09,1.2279835948497135e-08,3.487166655887533e-08,-2.657374756425655e-08,-5.100245132135418e-10,1.2041667026576024e-08,7.698218262420795e-09,-9.801189987065167e-09,6.172595676474215e-10,8.875619482287435e-09,2.1008969933847835e-08,1.3864769800913333e-08,5.5073936783061585e-09,-1.742691682397707e-09,-3.1615925717005437e-09,5.105601162069043e-10,-2.456641352390099e-09,2.351610091991804e-09,2.002937610835681e-09,1.4998824819787915e-08,2.2279065210766525e-08,3.0760138709360497e-09,-1.2731134369690678e-08,2.3340171711125097e-09,1.3881267666177343e-09,2.6815174573441095e-09,6.012867930058201e-10,2.5136377798057857e-10,-1.0821676400456897e-08,-6.424772530830623e-08,2.420614217853665e-08,1.5951857115883656e-08,1.2159472823136195e-08,1.048991296136258e-08,1.0041440241759113e-08
F12treat_m1,-1.2637563811946947e-09,2.3634308326761184e-09,3.605441802708591e-08,9.68637861857298e-08,-1.1348579582994212e-07,-5.395656782324068e-08,9.157863808453575e-09,8.786666605224846e-09,9.487313840536042e-09,-2.0868881210564962e-10,2.790611192676647e-09,4.746533284551218e-09,1.0097792803394149e-07,-6.314879123015765e-08,-6.203836811260508e-08,-1.7660169403470372e-08,1.556445340107329e-08,1.5469883618241855e-08,3.093780167638874e-09,3.645567338210499e-09,3.125758604376561e-08,1.235949596785638e-07,-8.042113732782992e-08,-3.6666739794530496e-08,-2.4592766996264058e-08,1.542761467219393e-08,6.042302541353553e-09,1.3862129512068478e-08,2.077895642974294e-08,4.9623693540613785e-09,1.247881244166006e-07,-4.871657537925622e-08,-3.686410735325307e-08,1.143648367230164e-09,-3.198728922866169e-09,-1.9636613133409434e-08,1.9985432675233983e-10,2.2582315712921927e-08,1.1104332275077842e-08,1.0835404728083997e-07,-5.642776897404291e-08,-3.197181479246082e-08,3.610085364368347e-10,1.2859676728361408e-08,-1.748371081489388e-08,1.0808382539940306e-08,2.1362206862964766e-08,1.3864769800913917e-08,7.373926666205078e-08,6.343991904631039e-10,-8.079862482143097e-09,-1.0185193889923138e-10,1.60767953560632e-09,-1.3054441093832165e-08,1.3539050011467973e-08,4.7501237546985944e-09,1.7863491827430756e-08,5.31637443540088e-08,2.435576415537381e-09,-8.47246053089999e-09,-8.57569764482103e-10,-1.6858438856037445e-08,7.380053792994646e-10,-1.5877286158375295e-09,-2.4975799518555543e-09,-2.853561377292066e-09,-1.4143379362064345e-07,4.0912034717722754e-08,4.5862253020476315e-08,2.4613795974171036e-08,1.4344375558013086e-08,2.9706711067093304e-08
F12treat_p0,-2.1969883769977886e-09,1.6074020276450451e-09,9.261619293122167e-09,1.0186137282164644e-08,8.348588833081168e-09,-1.5815597979142583e-08,3.878219136320879e-09,4.9937305936118515e-11,-1.7884820172989926e-09,-3.2409567293692885e-09,1.5061806102816557e-09,5.2296439822868364e-09,1.4681236643566747e-09,1.4103719500503624e-08,-5.533509091812428e-09,1.2618616828561495e-09,6.8961248176802455e-09,-7.419895053528281e-09,-2.2272692837786487e-09,4.467650462404887e-09,3.5924852337279507e-09,-1.0088677709240772e-09,2.629055605486099e-08,3.5892783645802822e-09,-2.0549556696340876e-09,-2.9146215949121797e-09,-4.944843881727616e-09,2.3928737367930943e-09,3.3447993478583393e-09,-5.00277575503676e-09,-4.122713494133793e-09,2.525803240816863e-08,-8.832437501070065e-09,-6.277885695675406e-09,2.0801075877120507e-09,-8.870726597969048e-09,3.2590121578905252e-09,1.3932046552788087e-09,4.951098325627795e-09,1.109710348031741e-08,1.4514228067100648e-08,-1.4456389894974955e-09,-1.647414886240552e-09,-8.371457038670521e-09,-8.88481393116275e-09,5.1464768026089e-09,5.815432955378859e-09,5.5073936783059e-09,6.343991904629912e-10,4.296002698265997e-08,-4.457162966280632e-09,-2.7266948146100644e-09,2.816046000251672e-10,-3.718389429904603e-09,1.2725460848991619e-09,7.141784772220018e-10,1.0810264603258245e-08,4.022531764646548e-09,2.0041087469958822e-08,-6.889443305943598e-09,-1.0446825865618691e-08,1.7375380653083681e-09,1.904123382312698e-09,-4.990573775658747e-09,-2.337130422492811e-10,-6.496435066973229e-09,-9.104563797113468e-09,-1.6833759034643492e-08,9.606356364651156e-09,6.212160559356588e-09,2.6168675189592247e-10,6.342032881651562e-09
F12treat_p1,-1.2010604906057285e-09,-2.782798536087848e-09,-1.0504781294223585e-08,-2.6538577576812097e-08,2.759457344989709e-08,1.5421676671382888e-08,-1.5799058409959596e-09,-2.2742846929164893e-09,-6.6391747948432355e-09,-1.3948761945705385e-09,1.7907197545243602e-09,-9.823464958100836e-10,-2.2231794904284103e-08,1.4660627798180628e-08,1.2163843173957153e-08,6.655256757642694e-10,-7.941090604915197e-09,-5.6861207884936464e-09,-3.7735021950123165e-09,-3.0811620760831223e-09,-7.610529419389944e-09,-2.6217526955343862e-08,1.2628565466339803e-08,5.6315527932687046e-09,2.4751472894038946e-09,-8.262774988951415e-09,-2.8364409372051604e-09,-5.935990790354702e-09,-7.979099183927694e-09,5.490746265400238e-10,-2.7847685616032783e-08,1.0088051228899137e-08,8.105751949762972e-09,-5.0324902019763495e-09,-2.5409931874015824e-09,2.1492937917886944e-09,-2.84880275397092e-09,-9.388299872608002e-09,-2.4492125570140698e-09,-2.134875439754119e-08,1.5846703820076012e-08,1.5952401471394188e-09,-1.0813979082631583e-09,2.6886613183440487e-09,3.983576818842319e-09,-2.296791296573557e-09,-6.48786117028674e-09,-1.7426916823976377e-09,-8.079862482143061e-09,-4.457162966280107e-09,1.4140881792899703e-08,6.110539585045708e-09,-1.8409832039061453e-09,-8.699353918227382e-10,-1.3557466525705287e-09,-9.600024292137949e-10,-1.7867438414852525e-09,-1.3378464891738385e-08,2.0661874816537514e-09,1.1478955374099771e-08,-4.658790726470531e-10,-4.175506952434798e-09,-1.0407980051905585e-09,2.592950475798347e-09,2.6480009531947926e-09,1.2562743067138402e-09,3.208423721237066e-08,-1.1649953743160083e-08,-1.2796956437163132e-08,-6.874768989971095e-09,-3.592255824641931e-09,-5.438532740211586e-09
F12treat_p2,-8.141538938764283e-10,-1.342172971950604e-09,-7.973026664695205e-09,-5.202190328914343e-09,1.3000182488790046e-08,-1.527948711104351e-09,2.8733680414111477e-09,2.2592885260338896e-09,-4.0770915257849415e-10,-6.198119467934885e-11,2.6013847562087476e-09,-2.9577107405234962e-09,-4.445526085823199e-09,4.922099803114157e-09,1.5736131478699232e-09,6.92569528999331e-09,-1.2098754166229334e-09,-3.4609533227147253e-09,5.258066544097197e-10,-1.2442776169241087e-09,-1.8174217066453007e-09,-1.2600061479719718e-09,4.140128557310037e-09,-3.1255552845641404e-09,4.2029881941091845e-09,-3.3002894891370157e-09,-4.734908140778907e-09,-4.61426669227832e-10,-2.588343444823765e-09,-8.775266115510635e-10,-7.267099660970689e-09,3.1332851001521455e-09,-4.594558881079995e-09,2.7751421282309446e-09,2.7503293541387545e-09,-9.55012898876096e-10,1.3423348047964384e-09,-3.3120494242333977e-09,-1.361837457982168e-09,6.065282379149716e-09,3.641201556131281e-09,-7.673996793757736e-09,4.8599293924120266e-09,-6.57828091406784e-10,-1.21820667763565e-09,1.9047089391327135e-09,-2.9037005499055984e-09,-3.1615925717005585e-09,-1.0185193889870285e-10,-2.7266948146099234e-09,6.110539585045955e-09,1.5287738331311045e-08,2.6123390134740974e-09,-1.373937718941178e-09,1.6316647606125438e-09,2.296972022418712e-12,-3.2224352228585216e-09,-4.44902230169221e-09,-6.593683554493435e-09,4.442314901422892e-09,5.1381482219989556e-09,-1.7946322112636466e-09,9.937310128093167e-10,-1.3573171367935515e-09,8.496104870994709e-11,1.4072916301013317e-09,7.974845083545239e-09,-2.3383352175053997e-09,1.9762930832307872e-09,-6.388014979884043e-09,-2.3911313978536307e-09,2.492387207112638e-10
F12treat_p3,1.341283038757385e-09,-1.0840036374199969e-09,7.722353925071846e-09,8.454942612090262e-09,-1.3625829838892525e-08,-7.35866583255644e-09,-2.9835075359470276e-09,3.2593283825512467e-09,2.250658734478776e-09,3.5461563416180156e-09,-3.725080666184225e-09,6.630749683387167e-09,8.175352875019075e-09,-1.0763053795904193e-08,-1.6964883543247572e-09,-8.994274037511105e-09,7.673236666938039e-09,5.2865882395569365e-09,3.888739319939511e-09,-2.454779007890161e-09,7.537115696573175e-09,2.7884316258582063e-09,-1.2372825942645535e-08,-1.6374635357893321e-09,-1.6324415679300915e-09,1.0298222833496014e-08,-4.006597164099555e-10,1.8786726729511213e-09,6.843138148951039e-10,9.12978549988494e-09,1.1627812418710508e-08,-1.2442157347108606e-08,-1.1117840502229067e-09,2.8539647395132733e-10,5.593307897658289e-09,7.88869088206756e-09,9.295009783369866e-10,3.718847417367348e-09,9.34802102439925e-09,1.668064015561411e-09,-9.707529192297427e-09,2.7410751742009596e-10,-1.4079939472423234e-09,1.941610513389824e-09,-4.645136327877943e-09,2.166493358024445e-10,-4.723718723895715e-10,5.105601162069193e-10,1.6076795356064934e-09,2.8160460002493123e-10,-1.8409832039057605e-09,2.612339013474096e-09,1.487395871974751e-08,4.43375696991582e-09,-1.373661233055901e-09,-1.1562578722260546e-09,3.746827148205527e-09,7.932413642519776e-09,-6.022352992229803e-09,-8.405234247283297e-09,4.62593794368297e-09,1.0864027004974797e-08,-1.322080054883126e-09,-8.918261783937595e-10,-1.8046842128394653e-10,-2.2907308976961216e-09,-1.169929559890094e-08,5.211163858422821e-09,7.144127352097181e-10,3.038515406093142e-09,-4.645539004989923e-09,-1.9044196155207416e-09
F12treat_p4,1.3148309130326344e-09,-2.308947203447224e-09,-1.0467133990205365e-09,-1.9883248346807188e-08,4.80493059581159e-09,1.065435444104916e-08,-1.303156411426484e-09,-1.980500022042909e-09,7.57552493889555e-09,1.897564309228741e-09,-3.6289484611454348e-09,5.780290923767859e-09,-2.156597629429821e-08,7.212281346688068e-10,1.2006010328138982e-08,1.5914682761061536e-09,-3.3495090465961436e-09,7.222810555129118e-09,3.240539657428664e-09,-2.952424950081011e-09,-1.3200837326879605e-09,-2.888191048839853e-08,1.2676664034007682e-10,8.21720378018842e-09,9.551175017729784e-09,2.790603485757531e-09,3.308686149658296e-09,-2.6830640205159065e-09,-4.345531572501396e-09,7.797460647161979e-09,-2.534630926705444e-08,1.8528241225621748e-09,9.465563346234028e-09,3.682054364617638e-09,-1.4623373223724485e-09,1.677555288920174e-08,-5.701962476708187e-10,2.2725277364589512e-10,3.676660084436593e-09,-2.8165829918356596e-08,2.0497510186196786e-09,1.2147537817140753e-08,2.1575366228330773e-09,-1.3727271176934433e-09,1.2353824716666098e-08,-3.363158997927057e-09,-5.257799181232433e-09,-2.4566413523900535e-09,-1.3054441093832472e-08,-3.7183894299047925e-09,-8.699353918230362e-10,-1.3739377189410085e-09,4.433756969915991e-09,1.555298272121764e-08,-3.1157270314521666e-09,-1.7885428817980085e-09,-1.1911814903575898e-09,-1.1345240050813856e-08,-1.5352676521881434e-09,-1.2689262670469842e-09,4.758920443969834e-09,1.0493591486943715e-08,2.649031119549513e-09,1.048604873526428e-09,3.46171452171547e-10,8.647264073201133e-10,2.4350738725626315e-08,-7.617408889113166e-09,-1.2081518665229877e-08,-6.297091054551725e-09,-1.9806643965607404e-09,-1.209022113364815e-08
F8treat_m4,1.1764826842351929e-09,5.715722336599888e-10,3.6931142462249842e-09,1.7278587404868308e-08,-1.4683571023599051e-08,-9.420822869132328e-09,3.134574234836053e-09,1.0914938659009226e-09,1.4262125264902438e-09,8.317891844817124e-10,1.4306734274156582e-09,-9.226822028183575e-11,1.7411336162415366e-08,-7.994997403869647e-09,-1.035580819261872e-08,-1.7231976302222932e-09,3.5189123726811604e-10,1.812685298859019e-10,3.2590675842846727e-09,7.096945933336905e-10,4.111849408240923e-09,2.0878738062115908e-08,-7.878097941028565e-09,-8.690354374054914e-09,-7.466878352985838e-09,1.5843704241658941e-09,-7.048256684149463e-10,5.2438368650633665e-09,4.182359557958229e-09,2.896735780735313e-10,1.9710937643781793e-08,-2.1545233804669057e-09,-8.38953954030294e-09,-2.691722888810223e-10,-1.3213425550645398e-09,-7.1950907622358004e-09,1.9175396979604785e-09,4.883420154369937e-09,2.1828960116257397e-09,2.2046113481852315e-08,-3.787924788566869e-09,-7.206103891245756e-09,-1.986809802168005e-09,-2.384813105070605e-10,-4.048547754771247e-09,4.45069271055922e-09,5.171571741632862e-09,2.3516100919918047e-09,1.3539050011468044e-08,1.2725460848992022e-09,-1.3557466525704865e-09,1.6316647606125267e-09,-1.3736612330559442e-09,-3.1157270314521294e-09,5.212311715757737e-09,8.099632319079677e-10,2.662179434947601e-10,7.51371988711247e-09,1.541967657665156e-09,9.161429958143332e-10,-1.1577106259668642e-09,-5.6842597542033744e-09,1.0212459825559455e-09,-1.8618079454085146e-09,-9.640143326557224e-10,1.2507624536937722e-09,-2.2406356922897748e-08,3.5872878939673988e-09,8.538436562019023e-09,3.7659130476699795e-09,2.8549157651285215e-09,6.700214916499234e-09
F8treat_m3,-1.5393850240548118e-09,7.677771195861544e-10,3.949615941661419e-09,7.92179492932056e-09,-1.1791767878308435e-08,-7.364412285789132e-09,-5.524025806090107e-10,7.805415315898162e-10,6.660310465307192e-10,-2.0760860888883687e-09,1.645510490790855e-09,1.356881557852741e-09,6.604007487946177e-09,-6.886056398197988e-09,-6.7143081703045274e-09,-6.451584685698073e-10,2.181959848836997e-09,2.2893739518292925e-09,-1.9838972878529153e-09,1.4283123666480317e-09,3.1913834538457116e-09,1.2139412206407809e-08,-8.738519398447834e-09,-4.471969597801513e-09,-1.2164529738997462e-09,-9.368896492738921e-10,2.974465810686922e-10,-1.6188852370769394e-10,1.6709646666158454e-09,-9.236579870857316e-10,1.0434926609537915e-08,-5.200221834915035e-09,-5.688821138046366e-09,-8.67936248661933e-10,7.57540308899994e-10,-1.9897085558885516e-10,-1.059261422946914e-09,1.3740786506290041e-09,9.654660574377076e-10,1.1722695594647174e-08,-6.576508391146138e-09,-7.298225294456769e-09,-4.161058254320461e-10,1.0484446230402156e-10,-9.443167691478743e-10,8.494232577267061e-10,2.689023835173917e-09,2.0029376108355236e-09,4.750123754698053e-09,7.141784772220321e-10,-9.60002429213781e-10,2.2969720224834573e-12,-1.156257872226097e-09,-1.7885428817979913e-09,8.099632319079619e-10,2.1105163327270055e-09,3.2666826187267815e-09,2.405832501539233e-09,-1.0251046936342214e-09,-1.476383218117394e-09,-1.4974996211332319e-09,-1.6225933814541865e-09,-4.475184161587118e-10,2.81183449287194e-10,-1.0553923880134467e-09,-9.845326127307773e-10,-1.1324370927151769e-08,6.027356502725234e-09,6.845703019504602e-09,2.669791443850494e-09,1.525174201690694e-09,2.418305911786784e-09
F8treat_m2,-3.729108328496221e-09,8.074478988216675e-10,2.6935568669412582e-08,2.8302819592437634e-08,-5.5250111753569976e-08,-2.5963101007741525e-08,1.1245202221968529e-09,3.031992199210944e-09,3.074494887403872e-09,-3.1145736535923274e-09,-2.4730964026442852e-09,1.1264736213630145e-08,3.140265967585542e-08,-2.9597399033652157e-08,-1.9277298826901208e-08,-9.372909900806162e-09,1.2218213875008186e-08,1.3746764881794426e-08,-3.672966545975215e-09,1.351597760488104e-09,1.7890559164884264e-08,3.972449466596667e-08,-4.173008310616632e-08,-8.279819446398984e-10,-3.1422283412628457e-09,9.09687771532053e-09,3.3896035889252757e-09,1.5580950195508858e-09,7.4247925830695935e-09,6.258309965992055e-09,4.354853233900093e-08,-2.2328251757749425e-08,-5.672511027633933e-09,-7.856155798914525e-10,6.75476648791522e-10,1.8919559405917596e-10,-3.221939120085326e-09,6.389606560140494e-09,1.0912841490396667e-08,3.045633024845741e-08,-2.789883417208328e-08,-1.1297915700035601e-08,6.0067784477979295e-09,6.749708338702445e-09,-6.811733552349456e-09,-1.3153031784433063e-10,6.29361573937974e-09,1.499882481978814e-08,1.7863491827430583e-08,1.0810264603258564e-08,-1.78674384148522e-09,-3.2224352228584927e-09,3.746827148205537e-09,-1.1911814903575369e-09,2.6621794349484177e-10,3.2666826187270255e-09,2.3544781955976707e-08,1.723697390016455e-08,3.5901040116368615e-09,-1.2531812683867049e-08,7.258695470437481e-11,3.728264970923948e-09,-3.7442345181742055e-10,1.264888132273629e-09,-6.040211880734904e-11,-1.0767914319933695e-08,-5.241078911876522e-08,2.0715867394479442e-08,1.863984018870517e-08,1.2592758750829243e-08,7.181385652317107e-09,7.195983010613108e-09
F8treat_m1,1.944264311023282e-09,6.144732300691748e-09,4.6721988389197375e-08,1.1236703959192269e-07,-1.3587012241335515e-07,-5.978413288057617e-08,1.076771920762989e-08,5.444611662878145e-09,6.496796800161282e-09,4.761844303980067e-09,-6.756264283659345e-09,3.5973051453950797e-09,1.2107499042232081e-07,-7.37836590920886e-08,-5.471657205300452e-08,-1.4520081248487562e-08,2.2190409290850584e-08,1.966865222932548e-08,6.9294554769978475e-09,2.0110315503419117e-09,3.6920210110265277e-08,1.3575290724319003e-07,-9.115668197447474e-08,-1.3973990756555118e-08,-1.527533312426066e-08,2.994650969145325e-08,1.0187294826980891e-08,1.6404309907728402e-08,2.4925379882572314e-08,1.2618072334560879e-08,1.4731901203512824e-07,-6.903278632743872e-08,-1.224205913277219e-08,1.1667460488212224e-08,4.950436872605579e-09,-1.7003831017244284e-08,-3.6683582867243135e-10,2.2862609597447075e-08,1.4691603984566004e-08,1.0562553916206613e-07,-7.236445936264777e-08,-4.917953110655014e-09,1.7734142916978014e-08,1.0770320852176844e-08,-2.7709286403792903e-08,6.069652027008308e-09,2.0430576437258438e-08,2.2279065210767322e-08,5.316374435401143e-08,4.022531764647394e-09,-1.3378464891738137e-08,-4.449022301692154e-09,7.932413642519686e-09,-1.134524005081329e-08,7.513719887112462e-09,2.4058325015397158e-09,1.7236973900165113e-08,7.593917871459708e-08,-3.926318127681747e-09,-2.6296144391667968e-08,8.987416877284745e-09,-3.406461439557895e-09,-1.3683459962013191e-09,-8.795455572576699e-10,-1.239532370145232e-09,-1.1316465355924738e-08,-1.6899269863283888e-07,5.395135871960129e-08,3.92553469155836e-08,2.4662138826565862e-08,1.5284296172884445e-08,2.817194721283737e-08
F8treat_p0,-3.7744381198170297e-10,-2.714513234311707e-10,2.9438824364801373e-09,-1.6576127609007642e-09,1.373037114002148e-08,3.760415325413175e-09,2.363207793343052e-09,-5.13247995616142e-09,-4.96398148790357e-10,-1.6726850025816584e-09,1.4753375385581299e-09,3.6210764449122935e-09,-4.780379230450659e-09,1.1563643388049355e-08,6.907297683875494e-10,-3.807775674199505e-09,-5.550192346292495e-09,-5.4905113353997625e-09,-2.2884434643874604e-09,9.95446823025183e-10,-2.5763918775794856e-09,-9.915067335924555e-09,2.018224519375964e-08,4.203219096338124e-09,-5.558867985226076e-09,-5.44497596139432e-09,1.4061455049973188e-12,-7.594958717313995e-10,-7.428622412278689e-10,-3.120784854408758e-09,-9.3813243101951e-09,1.911231667980401e-08,1.3396966978339035e-09,-5.297840009499046e-09,-7.421971559491211e-09,-5.922658524198517e-09,-2.5944069035994967e-10,-1.9091344788495966e-09,-9.0272686226641e-10,-4.607170799216912e-09,1.8082758099632816e-08,4.86056906964107e-09,-3.942981515358302e-09,-5.170155290464838e-10,1.0226813763941276e-09,1.2212660280234585e-09,2.239024326487063e-09,3.076013870935823e-09,2.435576415537826e-09,2.004108746995924e-08,2.0661874816531922e-09,-6.5936835544936366e-09,-6.022352992229396e-09,-1.5352676521879755e-09,1.5419676576651888e-09,-1.0251046936341902e-09,3.5901040116366837e-09,-3.926318127682192e-09,2.4400243270342468e-08,6.018020650110334e-09,-9.880022435014038e-09,-7.878873031509506e-09,3.066900739130789e-09,-9.224355898094096e-10,1.2797450225883672e-09,-2.4930247763893785e-09,3.021106737843822e-09,-1.884771618229521e-08,-3.358274944865097e-09,3.1668283086357596e-09,4.1940140156286005e-09,2.5690396837763304e-09
F8treat_p1,-1.3452423465999696e-10,-3.6788053597320647e-09,-2.5087736736686833e-08,-4.0453055266400934e-08,6.160000857498292e-08,2.845242232002697e-08,-1.092256435320385e-09,-3.9106314627274495e-09,-5.133486038050563e-09,-1.992176354569986e-09,5.523057675644947e-09,-5.54169027462836e-09,-4.186305924273383e-08,3.538453780813379e-08,1.6629071491625608e-08,5.375251487152097e-09,-1.7216608595860066e-08,-1.3589757464283053e-08,-2.5636192083244124e-09,-2.089295023872846e-09,-1.8124402967427057e-08,-4.818837981577069e-08,4.011278166175629e-08,-3.22915497593559e-09,-2.644928324236858e-10,-1.9609459059139554e-08,-4.546768466936036e-09,-6.416848346505544e-09,-1.2162675454765144e-08,-8.734104200307464e-09,-5.403090755225003e-08,3.25962059630728e-08,-1.2397136027826386e-09,-7.99209311285091e-09,-7.146267661577031e-09,-9.657167251618348e-10,1.0372764738887711e-11,-1.1685974504456344e-08,-1.144387509641714e-08,-3.111371954837199e-08,3.4147921537225936e-08,-2.305149251630048e-09,-1.2755795147911558e-08,-3.453662458746316e-09,1.1050540864828376e-08,-6.575017825623379e-11,-7.4502696847795554e-09,-1.2731134369690671e-08,-8.472460530899733e-09,-6.889443305943427e-09,1.1478955374099796e-08,4.4423149014227586e-09,-8.40523424728337e-09,-1.2689262670469363e-09,9.161429958142468e-10,-1.476383218117478e-09,-1.2531812683867147e-08,-2.629614439166825e-08,6.018020650110306e-09,2.400637403583843e-08,-6.022668742686112e-09,-1.0720708462562727e-08,-6.656887193028721e-10,6.385158192253312e-10,2.2839365022462023e-09,9.099610496498247e-09,6.213962515782187e-08,-2.7407126167255393e-08,-1.835815062324073e-08,-1.2367123083936102e-08,-6.305348835793634e-09,-7.170919485610716e-09
F8treat_p2,2.0517941300145977e-09,2.3714198204087946e-10,4.387891587499995e-09,6.576735375253148e-09,-2.067296657876859e-08,-4.9243353733117365e-09,4.437854899930128e-09,-3.8472809706823265e-11,3.4612298505243436e-09,3.791724063262454e-09,-5.755228846289284e-09,-2.052190351009132e-09,1.397270412488325e-08,-1.534539445270948e-08,6.858562237512675e-10,3.41886561629664e-09,3.6439272909444624e-09,7.296580848638169e-09,4.2746181826731024e-09,-2.3217017398660748e-09,3.840801444122756e-09,1.321789363068962e-08,-2.3007542757382877e-08,8.25987865662794e-09,8.238966532468746e-09,1.0278429576021532e-08,1.982980724197705e-09,2.3557642204709833e-09,2.769797405393877e-09,5.327113040494047e-09,1.566471439753432e-08,-1.8619089699345207e-08,9.662374124867914e-09,1.1597894295823238e-08,1.992372951917817e-09,3.24707196735326e-09,3.0250148270393825e-10,2.861567857977162e-09,7.082739957464395e-12,3.91671073132948e-09,-1.749124438848118e-08,8.567697788494396e-09,1.609682337281624e-08,3.5718046050671676e-09,-2.1402882552308841e-10,-1.920403216456758e-09,-3.022698805684382e-09,2.334017171112803e-09,-8.575697644818561e-10,-1.0446825865618446e-08,-4.65879072646888e-10,5.138148221998728e-09,4.625937943683319e-09,4.758920443969858e-09,-1.1577106259668192e-09,-1.4974996211331386e-09,7.25869547046625e-11,8.987416877284795e-09,-9.880022435013523e-09,-6.022668742686034e-09,1.582648518122449e-08,6.1442411331192656e-09,8.831540418760302e-10,1.4120460067535e-10,2.9949730073812466e-10,-2.6693758261465208e-09,-1.8313953651451057e-08,1.2566381106127425e-08,-1.0453291611769003e-09,-4.600188371034931e-09,2.5846049663501383e-09,-1.8194667118617693e-09
F8treat_p3,1.276758063554304e-09,-3.7367167877648376e-10,4.608808512271684e-09,-1.2756222588697426e-08,7.598836596962836e-10,2.775572041463723e-09,-3.422972381433497e-09,2.060117283570599e-09,3.669186924891052e-09,3.416854258803511e-09,-6.908134600074332e-09,5.368376157408275e-09,-1.3232021210114836e-08,5.46829368369035e-10,1.260143783531236e-08,-6.48734825358992e-10,6.405294201520721e-09,7.74915268583946e-09,3.606161481889109e-09,-2.2388472966670357e-09,1.6342048672033334e-09,-2.3094054442865663e-08,-1.8251546373964778e-09,1.225689169813396e-08,8.210776887677843e-09,1.0073661168026105e-08,1.5720563525101283e-09,1.8274959508560466e-10,-1.6730619249276558e-09,6.688304592138539e-09,-1.4763391989758614e-08,-1.710374274507139e-09,1.2193719505410805e-08,3.97018732146643e-09,5.8936471321406665e-09,1.2569083553694132e-08,1.3660529616618968e-09,5.242183847507495e-10,6.32036772687823e-09,-2.4528535320336748e-08,-3.6888293805459554e-09,1.140092429512315e-08,2.921391937973748e-09,-7.607556280900258e-10,1.6741216261003515e-09,-4.0247711383410955e-09,-4.148745484667306e-09,1.388126766617554e-09,-1.6858438856037607e-08,1.7375380653083156e-09,-4.17550695243473e-09,-1.7946322112634853e-09,1.0864027004975322e-08,1.0493591486943803e-08,-5.684259754203353e-09,-1.6225933814542797e-09,3.72826497092364e-09,-3.406461439558341e-09,-7.878873031509778e-09,-1.0720708462562884e-08,6.144241133118974e-09,2.143877710191325e-08,1.4190636751863233e-09,-1.4297745438084514e-10,5.947991814106667e-10,-3.528695752006877e-09,1.5196867714685202e-08,1.5281858973665146e-09,-8.205830646690668e-09,-2.987695263234915e-09,-6.594280689785878e-09,-1.049344531942647e-08
F8treat_p4,4.645703323137102e-10,1.446245441856175e-09,3.0438997712476074e-09,3.0784665453769986e-09,-4.300667553267997e-09,-6.917912195740743e-10,3.2336748966947773e-10,2.2311050279135057e-10,7.0359817272666805e-09,1.5463246704759192e-09,3.860851979821416e-10,-3.619713818067704e-10,3.143667772221762e-09,-4.724858671726176e-09,1.907224708833333e-09,1.4254032956219449e-09,-2.606411546511351e-11,3.2393651369661956e-09,1.823535591906302e-09,1.0497668936860487e-09,9.240159163678855e-10,5.913781614940691e-09,-1.3844385922206296e-09,5.093966667903295e-09,-1.5500064788910982e-10,5.5236003650350155e-09,2.720321324592278e-09,2.953445620016018e-09,3.066730989233501e-09,8.24550304818456e-10,5.136601501680646e-09,-1.9716643484285762e-10,4.9197979643580155e-09,5.18273055264444e-09,-9.225474620785335e-10,-2.7870705013245e-09,1.5322065693988689e-09,2.8789676181851924e-09,1.1186255450975058e-09,1.8004073225175637e-09,4.3820143642864055e-09,2.7833640715667197e-09,3.045687264513621e-09,2.724947820854278e-09,1.1472026340197026e-10,-4.592257267516938e-10,1.4694122651679864e-09,2.681517457344151e-09,7.380053792987267e-10,1.904123382312462e-09,-1.0407980051910223e-09,9.937310128091635e-10,-1.3220800548829047e-09,2.649031119549617e-09,1.0212459825559823e-09,-4.4751841615863575e-10,-3.7442345181751314e-10,-1.368345996202268e-09,3.0669007391305027e-09,-6.656887193030321e-10,8.831540418755e-10,1.4190636751862556e-09,8.591543783902096e-09,-8.627109230442167e-10,-1.4189424563224696e-09,-1.3795882030093871e-09,-8.188441811957644e-09,-9.392859330998344e-10,1.7186352028478758e-09,7.972511257859853e-10,3.035183524603763e-09,2.425564806394206e-10
window_m4,-1.4820866163965546e-09,-6.305893416216704e-10,1.8296204445349762e-09,-4.775179818020403e-09,-5.974943778393786e-09,2.1749194255044387e-09,-2.8279552146585677e-09,-1.36839657021826e-11,-8.653103631326154e-11,-1.7989490665697398e-09,1.126815811009774e-11,2.2407312591391873e-09,-2.9204341119688693e-09,-4.867976593659409e-09,1.8624503213353017e-10,-2.138302952393493e-09,-1.3748967733287294e-09,3.4806959438321866e-09,-3.213044114631541e-09,-7.465152457098934e-10,1.1850749191261822e-09,-1.5207155258947436e-09,-8.703615830346192e-09,3.828685548142193e-10,1.6267170384411403e-09,-1.1731904059942335e-09,2.009985442014643e-09,-4.0018890063467974e-09,-1.873681886863491e-09,2.9578831650292037e-09,-1.4790509540468315e-10,-6.775421249578602e-09,1.6095383072270237e-09,-1.2199652800230524e-09,-1.2442034780665794e-09,4.992390176097702e-09,-3.998590698451702e-09,-1.466099222449189e-09,7.531453988823023e-10,-3.9225105465589205e-09,-2.862218296945848e-09,-4.115229907995467e-11,-3.3198335412477134e-10,2.6740019689326206e-09,2.7697960530140183e-09,-2.77528340052096e-09,-1.1254313851143023e-09,6.012867930058032e-10,-1.5877286158374319e-09,-4.9905737756587865e-09,2.59295047579834e-09,-1.3573171367935343e-09,-8.918261783937689e-10,1.0486048735263498e-09,-1.8618079454084879e-09,2.8118344928718183e-10,1.2648881322737337e-09,-8.79545557257515e-10,-9.224355898094098e-10,6.385158192253286e-10,1.4120460067535542e-10,-1.4297745438085654e-10,-8.627109230442611e-10,3.4359223134661755e-09,3.3527718328928154e-10,-6.63228796828303e-10,9.050804719969559e-10,2.4362601148061893e-09,-2.177515551096472e-09,-3.7081126386404303e-10,2.4556193220885285e-10,-2.499719148691784e-09
window_m3,4.0219351705827013e-10,-1.0751685438182763e-09,-1.7512946168200426e-09,-6.960250028371467e-09,7.40217173594451e-09,5.644699890126201e-09,2.2520687779992557e-09,-3.966269484078978e-12,-2.663058517237175e-09,9.46977489298264e-10,-1.1987055642739861e-09,7.775953821080412e-10,-4.52790982139072e-09,6.283383668297325e-09,3.2953300391137064e-09,1.0462105069188116e-09,-2.081366214825167e-09,-1.869457816993248e-09,4.1177581980099016e-10,-2.0189062300270794e-09,-1.3280690633127594e-09,-9.377477243276222e-09,3.281853527396875e-09,2.9116718842658323e-09,1.7708107291258074e-09,-5.667706999917713e-10,1.350042194755383e-12,-8.299642588343663e-10,-2.8884030766629906e-09,1.0594489866894445e-09,-8.436807670179563e-09,3.914296038402419e-09,5.313654786367745e-09,-1.3723966476761572e-10,1.4367528701037193e-10,8.179503621768226e-10,2.713529668261372e-10,-3.887914874761581e-09,-8.851835576628203e-10,-8.378432074820683e-09,4.879534426989278e-10,4.332562978749628e-09,1.7777979855694647e-09,1.1182086635623234e-09,2.22983806534923e-09,-1.12758684972286e-09,-2.4171739697637663e-09,2.5136377798052677e-10,-2.497579951855231e-09,-2.337130422491866e-10,2.648000953194758e-09,8.496104870988253e-11,-1.8046842128383024e-10,3.4617145217141585e-10,-9.640143326557501e-10,-1.055392388013449e-09,-6.040211880732178e-11,-1.2395323701450041e-09,1.2797450225885794e-09,2.283936502246165e-09,2.994973007381653e-10,5.947991814106664e-10,-1.4189424563225662e-09,3.352771832892884e-10,2.8484496857206966e-09,-4.2282271708010813e-10,8.343052365524718e-09,-3.1933898059834856e-09,-5.456302959281728e-09,-2.7906051506657425e-09,-1.8699108845340454e-09,-1.7807337405165026e-09
window_m2,7.07824872765686e-10,-1.9108443121318603e-09,-1.817752201428125e-08,-1.5792205143908637e-08,3.023151891117787e-08,1.6297141964513124e-08,-1.7029577865388933e-09,-1.2962478886192915e-09,-2.2474802593255713e-10,3.17068587913036e-10,2.5652288908178844e-09,-8.14596651494038e-09,-2.13312422611777e-08,1.8894309687259683e-08,8.072028141059628e-09,3.4260124551152214e-09,-7.439602983148081e-09,-5.537628468895265e-09,1.5828785700301698e-09,-2.694604954626451e-10,-1.2287685799728928e-08,-2.3651208249930248e-08,2.3473468927629725e-08,-4.778625931008391e-09,6.311811055679518e-10,-8.350966481304644e-09,-1.0821205338894525e-09,-1.239781127764636e-09,-4.643056591390786e-09,-7.149335460186431e-09,-2.5527117590602972e-08,1.4322798107910526e-08,-4.193233877764197e-09,-3.4220941874165305e-09,-2.8311683680577003e-09,1.655322839298376e-09,1.964783287000341e-09,-1.284375814039283e-09,-7.405314907168015e-09,-1.5584397468753095e-08,1.6069253178268802e-08,2.1738888059371516e-09,-8.097261971843909e-09,-5.4452190825204036e-09,5.1374413882951255e-09,1.5134053438804436e-09,-2.908483463146259e-09,-1.0821676400457014e-08,-2.853561377291921e-09,-6.496435066973445e-09,1.256274306713761e-09,1.4072916301010383e-09,-2.2907308976961273e-09,8.647264073201754e-10,1.2507624536937315e-09,-9.845326127308468e-10,-1.076791431993366e-08,-1.131646535592446e-08,-2.4930247763895696e-09,9.099610496498045e-09,-2.669375826146624e-09,-3.528695752007142e-09,-1.379588203009308e-09,-6.632287968282822e-10,-4.22822717080196e-10,1.2213635801028057e-08,3.4399922323249893e-08,-1.3554580131078787e-08,-8.658366940466149e-09,-5.557406578683605e-09,-5.561834201596621e-09,-4.693181141712015e-09
window_m1,5.641074301339414e-10,-1.6634666297683842e-08,-1.3012523710189533e-07,-2.812217581310334e-07,3.6300426055214944e-07,1.6417762293080422e-07,-2.460742362508296e-08,-1.706171943779779e-08,-2.947118011944497e-08,-4.895153752458241e-09,9.823566777492465e-09,-1.9231459256095273e-08,-3.0069125200171335e-07,2.1027090755801112e-07,1.4501669498269672e-07,3.8293074846104475e-08,-5.766436420003502e-08,-5.8749149167225496e-08,-1.0802407529458862e-08,-9.117574812596306e-09,-9.899726772536308e-08,-3.5891341515287603e-07,2.525026422023648e-07,4.0485723636620133e-08,4.2878278113527645e-08,-7.453815461355232e-08,-2.4988242927402874e-08,-3.984184270923205e-08,-6.624717999750873e-08,-3.0881968735029875e-08,-3.7857593704378014e-07,1.8112935144241284e-07,3.9947913087537146e-08,-3.172466948607929e-08,-9.561450495249947e-09,4.186884679296982e-08,4.666265895469395e-09,-6.074400617271026e-08,-4.019973668738174e-08,-2.840453119029806e-07,1.824178258445782e-07,3.888055149873782e-08,-4.52048126047895e-08,-3.639548567388005e-08,6.30339790246466e-08,-1.6017319734353464e-08,-5.734372176605238e-08,-6.424772530830665e-08,-1.4143379362064416e-07,-9.10456379711424e-09,3.208423721237008e-08,7.974845083545522e-09,-1.169929559890004e-08,2.435073872562551e-08,-2.240635692289776e-08,-1.1324370927152463e-08,-5.2410789118765356e-08,-1.68992698632837e-07,3.0211067378433603e-09,6.213962515782115e-08,-1.8313953651450237e-08,1.5196867714685774e-08,-8.18844181195888e-09,9.05080471997071e-10,8.343052365525105e-09,3.439992232325004e-08,4.3644518679914327e-07,-1.4627639515720686e-07,-1.1840910603250612e-07,-6.904393978332707e-08,-5.185717966135984e-08,-7.539521700155877e-08
window_p0,-1.4287476592009292e-09,6.745114569722161e-09,4.600119502508182e-08,9.151387528519245e-08,-1.3882581231821422e-07,-5.764319409822397e-08,5.868579783561868e-09,9.532061026955497e-09,9.231717116527914e-09,7.320379102347401e-10,-4.830542653225402e-09,6.116511190347513e-09,1.0271711714372788e-07,-8.493933273228618e-08,-4.701610961293487e-08,-1.1009256379941026e-08,2.6241141941569257e-08,2.7546279153917335e-08,1.5680545967032626e-09,3.2516154138039083e-09,3.578323176637514e-08,1.2779018981108813e-07,-1.0943927426715981e-07,-1.144074883658913e-08,-8.484618593226395e-09,3.099231265580432e-08,9.90335917262288e-09,1.1604007407800814e-08,2.3427299389541153e-08,1.1358991626951278e-08,1.3455170112711172e-07,-8.333403535916523e-08,-7.725619161031393e-09,1.589679446966482e-08,9.931390505957651e-09,-7.535480317717372e-09,-3.869528918861603e-09,1.9238143728550143e-08,1.2898161832958726e-08,9.365660659352638e-08,-8.432242302102163e-08,-1.9036384059665185e-08,2.3006091396274763e-08,1.87519151529593e-08,-1.9107816401251834e-08,1.3622683965926745e-09,1.716197480017321e-08,2.4206142178536507e-08,4.0912034717723574e-08,-1.683375903464322e-08,-1.1649953743160081e-08,-2.3383352175055163e-09,5.211163858422588e-09,-7.617408889113156e-09,3.5872878939675096e-09,6.027356502725222e-09,2.07158673944793e-08,5.395135871960292e-08,-1.8847716182294305e-08,-2.7407126167255548e-08,1.2566381106127473e-08,1.5281858973664908e-09,-9.392859330999942e-10,2.436260114806131e-09,-3.1933898059833582e-09,-1.3554580131078462e-08,-1.462763951572086e-07,7.622207348633018e-08,4.5983284430514647e-08,2.4798728011644948e-08,1.9149075344223058e-08,2.3898831321808182e-08
window_p1,-4.402126917714948e-09,5.24277901346573e-09,3.575731191424563e-08,8.167144924674258e-08,-9.880631625859683e-08,-6.074427862799075e-08,5.532048311281639e-09,1.1162842605489986e-08,9.701332737816094e-09,-4.30362442764504e-09,4.193495142307734e-09,7.068048444778359e-09,7.995022522614695e-08,-5.685685722168709e-08,-5.13785760059427e-08,-8.266484555938082e-09,2.2141457749280372e-08,1.3804965676273918e-08,-9.787747717262975e-10,7.751271408978882e-09,3.052436476001318e-08,1.0801055158138171e-07,-6.529335131815388e-08,-2.6894457673424723e-08,-1.515235611863314e-08,1.5094454341386775e-08,2.084789752797158e-09,1.092016780615792e-08,2.0923835562343403e-08,2.1480883678593105e-09,1.0309012793996029e-07,-4.19310275168508e-08,-3.353211084906224e-08,4.46861434554285e-09,6.661030172018337e-09,-1.5193125064712033e-08,-2.4407171413101156e-11,1.898472284198596e-08,1.1542311131341233e-08,9.675850103651295e-08,-4.995258361198426e-08,-3.574985762765109e-08,7.157688338203726e-09,7.34958208904402e-09,-1.7696274965482802e-08,8.634961504388264e-09,2.0361137641391298e-08,1.595185711588359e-08,4.586225302047566e-08,9.606356364650745e-09,-1.2796956437162937e-08,1.976293083230751e-09,7.144127352097818e-10,-1.2081518665230021e-08,8.538436562019084e-09,6.845703019504728e-09,1.863984018870509e-08,3.925534691558286e-08,-3.3582749448652608e-09,-1.835815062324058e-08,-1.0453291611770138e-09,-8.20583064669085e-09,1.7186352028476262e-09,-2.1775155510964696e-09,-5.456302959281831e-09,-8.658366940466268e-09,-1.1840910603250619e-07,4.598328443051447e-08,5.4027040513658234e-08,2.5276341297706273e-08,1.661749759539738e-08,2.8346331547010186e-08
window_p2,-1.2529498976661414e-09,2.9185585968502843e-09,2.4751709998239686e-08,4.707208079491733e-08,-5.9106126905833684e-08,-2.9103535623376238e-08,-1.3145342823489856e-09,4.384858861441185e-09,4.2860291388292845e-09,-2.338277734254902e-10,1.2951838217147446e-10,6.948282756510269e-09,4.6919042257764955e-08,-3.4975750197695877e-08,-2.4791683937160452e-08,-1.5358508074303236e-08,1.2489659259470465e-08,8.369174184024212e-09,3.7292355754605123e-10,3.2415958112693544e-09,1.8141075753815146e-08,5.744438936981781e-08,-3.7145239057282614e-08,-1.0081660022144219e-08,-1.5236379022459773e-08,1.3330277043331153e-08,3.4114506046443933e-09,7.137144414676915e-09,1.2406316492580936e-08,5.471479089084409e-09,6.355475336549725e-08,-2.8154349403695453e-08,-1.0614410430860317e-08,-1.0310855342801856e-09,2.1397471114313553e-09,-8.719641546157141e-09,-4.85362444659203e-10,1.2135813710735667e-08,1.04836010890817e-08,4.5328387788012103e-08,-2.4366228216862607e-08,-1.2258494421428031e-08,-1.2582504994526284e-09,6.74088597587033e-09,-1.3258432146907835e-08,3.4642111648960785e-09,1.2205563713601084e-08,1.2159472823136052e-08,2.4613795974170067e-08,6.21216055935655e-09,-6.874768989971111e-09,-6.388014979883924e-09,3.0385154060928455e-09,-6.29709105455185e-09,3.7659130476699646e-09,2.6697914438504843e-09,1.2592758750829089e-08,2.4662138826565462e-08,3.1668283086355553e-09,-1.2367123083935958e-08,-4.600188371035177e-09,-2.9876952632351707e-09,7.972511257855191e-10,-3.7081126386403244e-10,-2.790605150665743e-09,-5.557406578683791e-09,-6.904393978332642e-08,2.4798728011644743e-08,2.5276341297706148e-08,2.0886448315290296e-08,9.957136928836997e-09,1.57303243152787e-08
window_p3,-4.313872010107712e-10,2.4726105432856227e-09,1.637117778084024e-08,3.097413944146948e-08,-4.512572059502221e-08,-1.8910345970588465e-08,4.720168665333217e-09,-6.910597359946359e-10,6.112812507059357e-09,-6.7593393929221e-10,-1.0219319071116427e-09,1.431729138019158e-09,3.394327090652403e-08,-2.837766160276051e-08,-1.506564919986903e-08,-1.9315917459837607e-09,4.448051364806709e-09,7.3817623897689396e-09,1.7344414880577017e-10,2.158678511623602e-09,1.0563148846723533e-08,4.514721140222806e-08,-3.08330267427431e-08,7.235728340051059e-10,-3.642740996699738e-09,7.898367600857026e-09,3.2897592009292714e-09,4.483959147219977e-09,9.562142986588387e-09,1.7512291760269064e-09,4.4278316539217345e-08,-2.1282843676080522e-08,-3.4702978346514426e-10,6.9827157512068846e-09,-2.89477313600577e-09,-7.883747565830577e-09,-1.1493152612070973e-09,7.538812794910706e-09,2.1418866125476624e-09,3.2443192141526893e-08,-1.8952778384626957e-08,-3.290904906625752e-09,1.0720908670253873e-08,5.66702732391178e-09,-5.3990365590849265e-09,9.353167717095554e-10,6.824512771023749e-09,1.0489912961362586e-08,1.4344375558012716e-08,2.616867518956879e-10,-3.5922558246421684e-09,-2.3911313978537598e-09,-4.6455390049909234e-09,-1.980664396560839e-09,2.8549157651285347e-09,1.525174201690801e-09,7.181385652317147e-09,1.5284296172884207e-08,4.194014015628594e-09,-6.305348835793399e-09,2.584604966350199e-09,-6.594280689786363e-09,3.035183524603673e-09,2.455619322088045e-10,-1.8699108845340532e-09,-5.5618342015967015e-09,-5.185717966135916e-08,1.9149075344223306e-08,1.6617497595397315e-08,9.957136928836777e-09,1.4796711709729637e-08,1.1509477158586277e-08
window_p4,-4.573709104233859e-10,3.229558110162266e-09,1.878795518093044e-08,5.3756183048273503e-08,-5.2613181296495946e-08,-3.262576142512999e-08,5.996634366676141e-09,4.802930637568195e-09,3.53973325739943e-10,-6.394367560147015e-11,1.2810798147746096e-09,-3.0595644359999483e-10,5.5821829543300144e-08,-2.9079375129617414e-08,-2.973886965751454e-08,-5.8834640401600955e-09,1.0284872145518176e-08,2.743325611301061e-10,1.5644521039748144e-09,3.4227716209522234e-09,1.503662417377633e-08,6.902321740367732e-08,-3.055987629691124e-08,-1.3754168984992616e-08,-1.3951720610815258e-08,8.52127399813201e-09,-1.4558482398900054e-09,9.516152397856586e-09,1.3020838800250303e-08,-1.1160051659843764e-09,6.59230785367136e-08,-1.9608062801720386e-08,-1.4818062628500294e-08,2.0379703802019394e-09,1.6106228989942198e-09,-1.9457480664513716e-08,2.0101329074896333e-09,1.0133078745273662e-08,3.820019690613514e-09,5.968487776771718e-08,-2.3475288891541017e-08,-1.5565540958002344e-08,3.825549162847996e-09,4.9359183381200295e-09,-1.6457659708131642e-08,6.679437631478789e-09,1.2565571513265446e-08,1.0041440241759019e-08,2.9706711067092983e-08,6.342032881651506e-09,-5.438532740211457e-09,2.4923872071098856e-10,-1.9044196155208045e-09,-1.2090221133648265e-08,6.700214916499205e-09,2.4183059117867265e-09,7.195983010613067e-09,2.817194721283722e-08,2.5690396837761112e-09,-7.170919485610737e-09,-1.8194667118619014e-09,-1.0493445319426275e-08,2.4255648063938184e-10,-2.4997191486918195e-09,-1.7807337405165538e-09,-4.693181141711896e-09,-7.539521700155867e-08,2.3898831321808374e-08,2.83463315470102e-08,1.5730324315278613e-08,1.1509477158586067e-08,2.2416744954590517e-08
