,treat_m4,treat_m3,treat_m2,treat_m1,treat_p0,treat_p1,treat_p2,treat_p3,treat_p4,L4treat_m4,L4treat_m3,L4treat_m2,L4treat_m1,L4treat_p0,L4treat_p1,L4treat_p2,L4treat_p3,L4treat_p4,L8treat_m4,L8treat_m3,L8treat_m2,L8treat_m1,L8treat_p0,L8treat_p1,L8treat_p2,L8treat_p3,L8treat_p4,L12treat_m4,L12treat_m3,L12treat_m2,L12treat_m1,L12treat_p0,L12treat_p1,L12treat_p2,L12treat_p3,L12treat_p4,L16treat_m4,L16treat_m3,L16treat_m2,L16treat_m1,L16treat_p0,L16treat_p1,L16treat_p2,L16treat_p3,L16treat_p4,F12treat_m4,F12treat_m3,F12treat_m2,F12treat_m1,F12treat_p0,F12treat_p1,F12treat_p2,F12treat_p3,F12treat_p4,F8treat_m4,F8treat_m3,F8treat_m2,F8treat_m1,F8treat_p0,F8treat_p1,F8treat_p2,F8treat_p3,F8treat_p4,window_m4,window_m3,window_m2,window_m1,window_p0,window_p1,window_p2,window_p3,window_p4
treat_m4,3.236262560434025e-09,1.3542141518271668e-09,1.6421742546309877e-09,1.3782621000930466e-08,-1.0976352804798715e-08,-6.886139066457418e-10,2.7021471035680896e-09,-1.433513245415025e-09,9.027765813992502e-10,3.225617886412076e-09,-1.982048758176555e-09,-5.530652200207261e-09,2.3306654433797095e-08,-9.576193464942623e-09,-7.787959684771111e-10,-3.089747622574509e-09,1.8109800741019992e-09,1.2090215420833893e-09,3.8783264552329115e-09,-1.6073510570752837e-09,-4.484733376490117e-10,1.9100131566414258e-08,-9.317604831497735e-09,3.3338839863149106e-09,-5.494619896621426e-09,3.170343631182588e-09,1.6122618206643528e-09,3.783389147031058e-09,9.731416521941484e-10,1.6877795658301983e-09,1.9119162895428167e-08,-8.572506831664585e-09,6.2920004420382596e-09,1.1031873623531882e-09,-2.0443800809756007e-09,-2.962432938738206e-09,2.474745158344863e-09,1.2671647904700123e-09,2.4238311926029925e-10,1.0489993770259546e-08,-5.811371437939401e-09,8.311748981123123e-09,1.5254795618423894e-09,-1.8616439364761175e-10,-2.144081485895436e-09,2.882913068911218e-10,5.956502251144413e-10,3.035153477800976e-09,3.103692846049185e-09,1.962954451353259e-09,-1.0790981220634995e-09,-6.165912932645748e-10,2.8997774459972984e-09,1.1446396542409994e-09,6.24684400083855e-10,-1.849313082981711e-09,3.653509815079469e-10,8.096213550193581e-09,3.4581108343923213e-10,-1.1093409607447683e-11,7.206593767141103e-10,-1.4170297786720906e-10,1.6709324474368858e-09,-7.094115887431368e-10,2.6887959518454027e-09,3.044050586400093e-10,-2.1312461639476057e-08,2.7546406424555037e-09,-9.025526713924902e-10,9.358999611791165e-10,4.947853276354756e-10,5.415240787884103e-10
treat_m3,1.3542141518271532e-09,1.5916071429055725e-09,1.0481622962329783e-09,7.893195383361139e-09,-4.4636841260259605e-09,-7.936254603426415e-10,1.1717243525791048e-09,-7.784204854403159e-10,-3.14200913453911e-10,1.080389320438942e-09,1.3584092150944635e-10,-3.006555713325316e-09,1.1241588506504522e-08,-3.217678051643634e-09,-1.7032403990854438e-09,-9.819906625759077e-10,1.5727601780045668e-10,6.741966401954143e-11,1.2760943905621468e-09,6.000929125450358e-10,-3.342653878820732e-10,1.0234124740908392e-08,-1.5877545988893012e-09,7.711732114092738e-10,-2.40462475968583e-09,1.2982308443090229e-09,2.146330632605006e-10,1.7272728114205674e-09,1.3902693060326063e-09,-1.149243696175282e-10,9.131704706822631e-09,-2.214573997605604e-09,1.5533563304543179e-09,7.566928833600094e-10,-1.5775527555261937e-09,-2.450197312066063e-09,1.34332083347826e-09,1.0115977684439805e-09,-2.4807546182400343e-10,5.9015149421245786e-09,-6.65315495707818e-10,3.718546671426257e-09,2.9911358313805166e-10,-6.00535736177487e-10,-1.4178302417725607e-09,3.373432414204969e-10,1.0740102887681061e-09,1.6744774666765288e-09,1.5339506212429982e-09,2.9320524900268025e-09,-2.0731105188832283e-09,-1.4972785049702315e-09,5.37979930779299e-10,7.943464404888265e-10,4.923391077672793e-10,-5.451250410045199e-10,1.2619512143997438e-10,3.2655379324701523e-09,1.1702222871211337e-09,-3.36789603538389e-10,-4.955169412523161e-11,-9.596618045233163e-10,1.298941753573201e-09,-6.443115994003533e-10,1.0098277198469755e-09,-5.3140149152198647e-11,-1.139080769082254e-08,6.36462704996455e-10,1.0779111133304639e-09,8.487949147895376e-10,7.80730115825202e-10,8.315846781170845e-10
treat_m2,1.6421742546309957e-09,1.048162296233128e-09,1.5188581027891342e-08,2.1179546439165622e-08,-2.7162564648342926e-08,-8.551489633817654e-09,3.582591708669962e-09,2.178611424964605e-09,1.3882053692441616e-09,1.1809046992606827e-09,-4.104242894601272e-10,5.137449076106942e-09,3.237739033258307e-08,-1.7690055708972856e-08,-4.892973535099672e-09,-5.959964650471691e-09,2.624392263916663e-09,1.5282018629600666e-09,1.9040516167535846e-09,-2.4617450874887772e-09,9.266993829228658e-09,2.768512489826807e-08,-2.1046073544531884e-08,-1.2805247715745598e-09,-1.1704993233516702e-08,2.0588155566367918e-09,-1.881338877216894e-10,1.9558577876686305e-09,-8.56632035326684e-11,1.0966670937279686e-08,2.6868535476874587e-08,-1.4729203101245182e-08,5.32871850437865e-09,-1.65773239626172e-09,7.979742246543014e-10,-1.5831409310781908e-09,1.081324782603064e-09,2.4975311812241755e-10,8.177499394216985e-09,2.256929324648246e-08,-9.677760695133912e-09,2.931730334096506e-09,-8.212958592698204e-10,-2.957676066270864e-09,-4.391564580220947e-09,-1.8972117364548688e-11,3.1468167497943057e-09,7.959769778539806e-09,9.87708060278351e-10,7.28613468513902e-09,1.118791075266764e-09,-9.077179834326547e-10,4.3332223295141545e-09,4.725168541206766e-09,-6.617305207273708e-10,-1.2330351564824788e-09,7.269058350519852e-09,3.0592990491919224e-09,2.52583162807855e-09,2.781564853250179e-09,-3.0112483685103055e-09,2.7492805932387407e-09,2.161322830524434e-09,1.5429258435335384e-09,5.397879645157892e-09,-2.6464569163299087e-09,-3.709447838689763e-08,5.479200980976399e-09,4.046984718940403e-09,4.6406281735158355e-09,4.22984435292735e-10,1.989149054834282e-09
treat_m1,1.378262100093053e-08,7.893195383361177e-09,2.117954643916535e-08,1.6391511121917271e-07,-1.2346922175525906e-07,-3.429764912311905e-08,1.792705866039769e-08,-3.702820173129034e-09,-4.046658539351807e-09,1.5978925040718488e-08,-7.132468849683601e-09,-5.154740469100129e-08,2.4620323747541467e-07,-8.744596238687411e-08,-4.7783249558549747e-08,-2.545052711995152e-08,1.82574484206746e-08,9.843545460600695e-10,1.6452576142770493e-08,-1.0987453277473278e-08,1.8798549039641508e-09,2.415200897565734e-07,-1.0284148688395905e-07,4.95439598352673e-09,-3.566927238240876e-08,2.5154425575583575e-08,6.853572876337446e-11,2.1993236220593445e-08,4.20974092076139e-09,5.499537577378461e-09,2.253357472886981e-07,-1.0838232652988086e-07,2.5410862946782526e-08,7.641163295932797e-09,-7.486157901873509e-09,-3.359085946513781e-08,1.550711588258505e-08,1.3042434613689518e-09,-3.848520356148123e-09,1.579434203980002e-07,-7.557522256341581e-08,4.13381105890065e-08,2.9348392818537298e-08,-3.6547191659936096e-09,-3.1639829461879866e-08,4.014405811083252e-10,7.99603124474772e-09,4.185799286207128e-08,5.378683745186859e-08,2.5948451848280815e-08,-6.539763163504218e-09,-8.301766426704307e-09,1.2897505451484377e-08,1.2756044625609271e-08,6.622421603270771e-10,-1.0697985362676874e-08,2.7885407870545707e-08,6.950147735112686e-08,2.201161261042135e-09,3.625124382655615e-09,3.045919662444962e-10,-7.2286647202131215e-09,1.2042483839595506e-08,-2.855717163938437e-09,3.117460174834855e-08,-2.2357577138228058e-09,-2.60906895186823e-07,4.992027279038965e-08,3.3368874512931275e-08,2.28473453495067e-08,1.4664825333145388e-08,2.454567122397e-08
treat_p0,-1.0976352804798847e-08,-4.463684126025764e-09,-2.7162564648343178e-08,-1.234692217552563e-07,1.4759420045895104e-07,3.5955728254643244e-08,-1.4854801289138706e-08,-3.423713936600694e-09,-6.602743329745534e-09,-1.0973684146162258e-08,1.0045541144299733e-08,3.3160540718630204e-08,-2.0458618343210312e-07,1.0605734008416531e-07,4.0565912307380785e-08,2.6133223200723067e-08,-1.5405460197633604e-08,-1.2984763511257725e-08,-1.5769536655202298e-08,1.4494225348958668e-08,-1.2113625412596516e-08,-2.026130511252698e-07,1.3074025201894586e-07,-2.4337007898255844e-09,4.238410412909327e-08,-1.7097539657369387e-08,-3.121198186187944e-09,-1.581570015114177e-08,-3.4839476302221577e-09,-2.453364097319268e-08,-1.9164223922939278e-07,1.2066814353825563e-07,-2.0705503520362274e-08,-4.513694873248606e-09,6.5995228321154705e-09,1.553971721731378e-08,-9.355337312520734e-09,-6.223464250523682e-09,-5.907339827508192e-09,-1.3250232369961622e-07,8.385497422521561e-08,-3.416007668135779e-08,-2.3027756998604918e-08,8.661654774443781e-09,1.9149151773913404e-08,2.708597717900183e-09,-9.003533358663314e-09,-4.082729573885195e-08,-3.4811404980395045e-08,-5.1114608210913254e-09,6.446579320190709e-09,3.5382359784002483e-09,-1.6923527283345466e-08,-1.7164624210458697e-08,3.021536889164602e-09,9.378599620844049e-09,-2.4930670541640612e-08,-4.541957731058735e-08,8.594265241923314e-09,-2.5772179859119864e-09,3.873351047490281e-09,-4.339644795108897e-09,-9.672075494679741e-09,-5.27426143971282e-09,-2.6022338340509483e-08,1.3289621244201315e-09,2.2564252007781492e-07,-4.9673935811945886e-08,-2.3516064934731616e-08,-1.9020432715060062e-08,-1.0751086760748114e-08,-1.3860705221401463e-08
treat_p1,-6.886139066457441e-10,-7.936254603428212e-10,-8.55148963381758e-09,-3.429764912311856e-08,3.595572825464297e-08,2.6161460602215044e-08,-2.9015287903609256e-09,-5.460077043295377e-09,4.359753860329336e-09,1.1327833883475478e-09,-1.2678652929857355e-09,4.367081173232809e-09,-4.332704669069459e-08,2.2074170401431166e-08,2.6000895725002008e-08,3.372449824477551e-09,-9.863615912106451e-10,4.0269307486910195e-09,-1.2451358528851526e-09,9.93327457238418e-10,-8.18143163724e-09,-5.217395153475411e-08,2.625325066995839e-08,2.2428220750182685e-08,1.215602492173028e-08,-1.1548840341543926e-09,1.0109569137117674e-08,-3.6377512842262073e-09,-5.793384318118954e-10,-2.970799197479234e-09,-4.586774791334113e-08,2.5028670440488002e-08,1.630381759715715e-08,8.246822397354116e-10,2.2874566530029945e-10,9.058574816318459e-09,-3.214548529173882e-09,-1.3589694788750514e-09,-3.360267807825974e-09,-5.081088827310082e-08,1.782052762617352e-08,1.5806508329028012e-08,-2.0382308011027676e-09,7.27203476366632e-09,1.3874742603878343e-08,-3.0165041632314013e-09,-5.6347211382455345e-09,-9.292431083773037e-09,-1.2774495435786048e-08,-2.9472555447323698e-09,7.59001131967911e-09,-1.609303266102896e-09,1.9651626564089105e-10,-1.108646496620942e-09,-1.7994999427478175e-09,-7.088723036732302e-10,-9.164242326071914e-09,-2.5905739903167856e-09,5.166645130929073e-09,1.9412631135128826e-09,1.7957826800834531e-09,4.373690421821217e-09,3.0816997608743423e-09,1.0134198190217252e-09,-4.85443167550477e-09,1.564278260893735e-09,5.8780212023900116e-08,-1.8362864275344477e-08,-2.5367196379145875e-08,-9.248932226734382e-09,-6.085859027665214e-09,-1.2969260974534402e-08
treat_p2,2.702147103568073e-09,1.1717243525789077e-09,3.5825917086699644e-09,1.7927058660397838e-08,-1.4854801289139235e-08,-2.9015287903609417e-09,9.716772698897432e-09,-1.9826016004669425e-09,-1.7552285816727642e-09,2.0947644680858873e-09,-2.830322647224672e-09,-6.0218343229782695e-09,2.9419184011086483e-08,-8.370069127709318e-09,-4.4120525286766895e-09,5.842024280782984e-09,6.808309162471978e-10,-3.8226349975840465e-10,3.5849660248806174e-09,-1.799522757739163e-09,3.3951362017289677e-10,2.0640607851183445e-08,-8.964306966026935e-09,4.24843873462348e-09,2.3906381795432765e-09,-3.668765308700756e-10,-5.961648771396276e-10,2.7022571829426404e-09,-1.4275500613847833e-11,1.1743909783623043e-09,1.7625497541101617e-08,-5.889307650920345e-09,6.640956027397231e-09,6.219961808237709e-09,-2.5653278434255056e-09,-3.3029087056427996e-09,2.8806675667015067e-09,2.089614162021565e-10,-1.3205518995686604e-11,1.4848172434130751e-08,-1.0816238954208404e-08,1.3837653470953273e-08,9.023736662444527e-09,-1.6135070157592637e-09,-2.088497026692562e-09,1.3145400120771545e-09,3.6895444709738593e-10,3.966134812951766e-09,6.8596978441024425e-09,6.178452724702288e-09,1.0777849158730776e-09,1.2510178087440045e-09,-1.1052595036337279e-10,1.0874332527700075e-09,2.413081010020214e-11,-1.9829883778779085e-09,2.714500278151831e-09,9.846098929814077e-09,-2.904709097460709e-10,1.4778646027243914e-09,4.6120174123868774e-09,-2.4468276218519594e-09,6.054267820936634e-10,-1.0179737668367263e-09,5.0209667433031094e-09,-6.995835254924836e-10,-2.9195466871402797e-08,4.66927301441743e-09,-1.432430796861873e-09,-3.890697247286015e-09,1.4941806430662705e-09,2.270276434043212e-09
treat_p3,-1.4335132454149967e-09,-7.78420485440361e-10,2.178611424964641e-09,-3.70282017312942e-09,-3.4237139366007713e-09,-5.460077043295301e-09,-1.9826016004669024e-09,1.164491232845971e-08,-7.654137951405489e-10,-1.527917809147295e-09,8.835899798545229e-10,4.955851347330486e-09,-8.619700762848974e-09,-1.7859191728722358e-09,-4.252424630462931e-09,-2.4782180688931935e-10,3.1217535524107085e-09,-2.8561810677959623e-09,-1.1950396315814674e-09,-2.899226254522877e-10,5.966026923095683e-09,-3.4753373491860354e-09,-5.212936655871929e-09,-1.059607711504176e-08,-2.07764283112575e-09,5.840018395547067e-09,-3.833430236468022e-09,-8.392851134688888e-10,-4.362070703738837e-10,4.452518612301932e-09,-2.6599513767577784e-09,-3.6143395887741326e-09,-8.319596257600515e-09,-7.764620486814935e-10,5.5556227969663324e-09,8.536569388574503e-10,-1.0880767208420325e-09,1.2192438476943782e-09,3.4937048516161347e-09,3.3979867987298335e-09,-4.752146350631694e-10,-1.0779072119622736e-08,-4.210165495472364e-09,1.409254754427811e-09,-3.160921071443047e-09,2.2016972913218824e-10,1.6963849565092017e-09,-1.429396767388743e-09,8.061950551281821e-10,-6.413462070603194e-09,-2.054475694307245e-09,2.2749806304372452e-09,4.324594321350782e-09,-1.2972339792882012e-09,-5.160095000742679e-10,8.515587675529467e-10,-9.239262718851627e-10,-4.0925120693045035e-09,-6.061060425407521e-09,-2.278845035681509e-09,-1.475944589518088e-09,5.769613786790114e-09,-3.058469652169324e-09,1.5044866624089326e-09,-2.0335791985594696e-09,-2.2834172882830325e-10,3.2196943435743558e-09,4.42362923605393e-09,5.778837185727613e-09,1.38539092956753e-09,-4.311391765206811e-09,3.0830178805074906e-09
treat_p4,9.027765813992515e-10,-3.1420091345390933e-10,1.3882053692441852e-09,-4.046658539351708e-09,-6.602743329745415e-09,4.359753860329305e-09,-1.755228581672747e-09,-7.654137951405446e-10,1.075854320666894e-08,1.4917610680729796e-09,-2.4502716168900485e-09,2.4751418320526254e-09,-4.26083013463217e-09,-9.163677131950099e-09,1.0098962585232897e-08,-5.311366181975597e-09,2.030443974290089e-09,6.82683632214187e-09,2.1863243171672445e-09,-1.1920019798158503e-09,1.4397243912374099e-09,-4.689704933175757e-09,-5.901118695369781e-09,7.603616178764126e-09,-3.188921900323001e-09,2.2494918732350592e-09,5.13307832628641e-09,1.7456973289596784e-10,9.991958593674146e-10,4.48338092150137e-09,-2.1218533966850877e-09,-8.676360736874387e-09,7.420965252694067e-09,-7.349836497504596e-10,-1.6800534657047404e-10,5.541978314219241e-09,8.422059197928334e-11,1.2890788555065828e-09,1.783928061401843e-09,-7.679198607066674e-09,-4.380486329686867e-09,9.3269872915026e-09,-1.810730462552655e-09,9.86594112905228e-10,6.14850857068105e-09,-1.5232828250531352e-09,-6.547439699755998e-10,-1.6994029719061434e-11,-4.907058972278397e-09,-2.91790670815046e-09,9.651526588638968e-10,-4.1537654597440416e-10,5.569485050047557e-09,4.046435131509022e-09,-2.0026695129873973e-09,-7.41992965544716e-10,5.213465035522688e-11,-3.2737029540957328e-09,2.8584700572897204e-10,-9.120716070794635e-10,-2.2995491557841404e-09,5.759548724701152e-09,2.0048711201272733e-09,1.1535633348974569e-09,-5.893593294597806e-10,1.4758867462715415e-09,4.021090657760339e-09,-1.7837064238502855e-09,-8.494766603832785e-09,1.1631407617774762e-09,-2.600585516453607e-09,-6.460903454533997e-09
L4treat_m4,3.2256178864120666e-09,1.0803893204388676e-09,1.180904699260697e-09,1.5978925040718955e-08,-1.0973684146162167e-08,1.132783388347491e-09,2.094764468085853e-09,-1.5279178091472936e-09,1.491761068073027e-09,4.4314732191514385e-09,-2.4318308833137815e-09,-7.349133726092369e-09,2.8581011592317408e-08,-1.0962840439610474e-08,3.7689477932536175e-10,-4.388210368642405e-09,3.8282337379238625e-09,1.3370273802546922e-09,4.28980418479154e-09,-2.2080367978913483e-09,-1.730081062912411e-09,2.371028802948381e-08,-1.1455222112565635e-08,6.997638308813949e-09,-5.151215548668269e-09,5.398166677104423e-09,2.842042668876541e-09,4.452351998193447e-09,7.320195148810138e-10,1.140973839403884e-09,2.2917725458144463e-08,-1.0353087589465021e-08,1.021332605059372e-08,9.490620482442488e-10,-1.1579466865150534e-09,-3.5434005446054595e-09,2.80195119943778e-09,7.643912379424375e-10,-9.228291331734851e-10,1.0606452272808682e-08,-7.305512916621379e-09,1.1248573017705581e-08,3.1000756585501542e-09,1.249116187042424e-09,-1.3266055849863372e-09,-3.9643366130660593e-10,-4.704973115926847e-10,4.069431297395158e-09,4.60884783424035e-09,1.7558423768987078e-09,5.958365841668263e-10,-1.1600866117559808e-09,3.883756456452471e-09,1.9757836451862856e-09,1.2055594006805993e-10,-2.425734659266335e-09,1.2989494141343006e-09,1.0536797940144335e-08,4.31927942604764e-10,9.700375136170534e-11,9.867017553675546e-10,1.0158793174558159e-09,2.6214362167359665e-09,-6.643273829946699e-10,3.6885156799553076e-09,4.454036938268084e-10,-2.4614925378204544e-08,3.3418302509079315e-09,-2.1563572235113927e-09,1.2026183915449682e-09,1.632889067764585e-10,1.6233711947006957e-11
L4treat_m3,-1.9820487581765416e-09,1.3584092150936562e-10,-4.1042428946016104e-10,-7.132468849683199e-09,1.0045541144299508e-08,-1.267865292985841e-09,-2.830322647224609e-09,8.835899798545202e-10,-2.45027161689012e-09,-2.431830883313709e-09,4.339804198119631e-09,4.866418190052717e-09,-1.5096274043225643e-08,8.366960646432925e-09,-3.732111106228755e-09,1.3075345798951566e-09,-3.9157014423216315e-09,-2.017371328858262e-09,-3.281092001127317e-09,2.8199508789233377e-09,1.3466489696850308e-09,-9.984532481379032e-09,9.18329812961907e-09,-7.536964073367718e-09,8.203163608823663e-10,-2.1465755137294487e-09,-1.9001113354645333e-09,-1.9695272380552194e-09,4.499363384509533e-10,-1.4666332001680909e-09,-1.063072633934913e-08,9.3606671224608e-09,-7.4101696298139246e-09,-1.4628424164223732e-09,-3.5400714106590104e-10,-1.2461933441588058e-09,-1.6538028170503912e-09,-4.9678749402220455e-11,8.302397977709224e-10,-1.9579558341834e-09,9.450535528037147e-09,-1.1429460045633852e-08,-2.8711293613766898e-09,-7.71557605898301e-10,-9.062002792987278e-10,6.010183798688006e-10,1.2289232971590756e-09,-1.5849952860338364e-09,-1.4406712959478926e-09,8.940237861559339e-10,-1.2933289332066634e-09,-1.8584934616183363e-10,-4.2759010165176566e-09,-7.057489694723264e-10,1.4482893170706071e-09,1.7045323054784224e-09,-9.248865873269867e-10,-7.840981713324119e-09,3.2712661716659857e-09,1.0356840805967298e-09,-1.3211049142613302e-09,-3.3910019357119453e-09,3.105051088265113e-10,-3.6053017413407436e-12,-2.600417044020033e-09,-7.359810775043054e-10,1.240073515283875e-08,-3.161180248869849e-09,6.23108441992928e-09,1.5830578872142977e-09,2.0697542185910608e-09,2.037906283872517e-09
L4treat_m2,-5.530652200207241e-09,-3.006555713325255e-09,5.137449076107095e-09,-5.1547404691000626e-08,3.316054071863051e-08,4.367081173232933e-09,-6.021834322978199e-09,4.955851347330454e-09,2.475141832052698e-09,-7.349133726092351e-09,4.8664181900526565e-09,3.184879070503325e-08,-8.550142488563765e-08,2.6340372363435043e-08,1.3278505746732057e-08,4.8621532294736264e-09,-7.576177282979146e-09,-4.709716230031959e-10,-6.971317063307792e-09,3.2630124571656446e-09,1.0685211666140567e-08,-8.325738017000865e-08,3.0744943794103096e-08,-1.2573120460284192e-08,4.032057590462964e-09,-9.477652738221003e-09,-1.8294210074158102e-09,-9.16675490154833e-09,-2.5191116385818897e-09,7.552376173865293e-09,-7.542105457691251e-08,3.447568965111636e-08,-1.3019559757845361e-08,-5.642868608586279e-09,5.172127624071903e-09,1.3540479627739707e-08,-6.71300254486153e-09,-1.0166816312172952e-09,1.1010849700850309e-08,-4.331983254393751e-08,2.604642073886847e-08,-2.4373649189006847e-08,-1.681842415492802e-08,-1.12516303964998e-09,7.513070302249693e-09,1.0910672392572147e-09,9.803986704044788e-10,-1.2720174343334381e-08,-2.162291218994093e-08,-5.1149756596945166e-09,3.593846946056948e-09,3.5389318158511447e-09,-2.3995913940085174e-09,-2.4549405605163094e-09,-1.2854944687948667e-10,4.931390873195936e-09,-5.933071224985747e-09,-3.0457723910295775e-08,3.142832881129893e-09,2.0547195313731296e-09,-4.22641210751251e-09,4.02905440803194e-09,-4.440680198054763e-09,2.381621559499336e-09,-1.0269781394993696e-08,-1.7878912581677837e-09,8.336713325561968e-08,-1.5598535824845015e-08,-6.046914991866634e-09,-3.2177804299533595e-09,-6.143049584247698e-09,-6.358376966416778e-09
L4treat_m1,2.3306654433797015e-08,1.1241588506504492e-08,3.2377390332582846e-08,2.4620323747541313e-07,-2.045861834321062e-07,-4.332704669069552e-08,2.9419184011086423e-08,-8.619700762848656e-09,-4.2608301346322e-09,2.85810115923169e-08,-1.5096274043225967e-08,-8.550142488563824e-08,4.072361418742496e-07,-1.5189632075884956e-07,-6.950002931493824e-08,-4.14255305546131e-08,2.9538465829930034e-08,8.683521290639364e-09,2.7340846323673845e-08,-2.17519134362511e-08,-1.295056785087579e-09,3.883893500066055e-07,-1.9085262767012802e-07,2.8787917922761196e-08,-5.5698462624658425e-08,3.895804891406659e-08,8.146536890492846e-09,3.4435219578477966e-08,5.039865984713016e-09,1.4169373804214668e-08,3.6102674420620937e-07,-1.816767304698344e-07,5.966963455965874e-08,1.1436650625559933e-08,-1.61393187685094e-08,-5.0192241190172626e-08,2.1275952220467227e-08,8.57061066523023e-10,-8.943888792558221e-09,2.3502670411369108e-07,-1.296556695483125e-07,7.935981403818142e-08,5.6302507857071416e-08,-3.952094089376014e-09,-4.1230954994338295e-08,-6.260597778481412e-09,5.151842720687536e-09,7.019730844146199e-08,8.362556997153997e-08,3.400626720999513e-08,-3.17839807297184e-09,-1.4461385105422553e-08,1.9197019551909796e-08,2.385308196481549e-08,-1.4490895419984223e-09,-2.1570698142714157e-08,4.5972082387836524e-08,1.1385513607069681e-07,9.28117025623861e-10,6.209136078347741e-09,1.0269807671756096e-09,-8.507849646260277e-09,2.3767349721313686e-08,5.809691013319757e-10,5.458186276022008e-08,-2.834932413106716e-09,-4.1451001439834246e-07,7.719142829646942e-08,4.057637737110799e-08,3.019703304334191e-08,2.5217540612041523e-08,3.050450347532449e-08
L4treat_p0,-9.576193464942606e-09,-3.217678051643499e-09,-1.7690055708972687e-08,-8.744596238687442e-08,1.0605734008416572e-07,2.2074170401431394e-08,-8.370069127709219e-09,-1.7859191728721444e-09,-9.163677131950053e-09,-1.0962840439610299e-08,8.3669606464332e-09,2.634037236343519e-08,-1.5189632075885038e-07,8.760565795516778e-08,2.3769672654591967e-08,2.2734576704531445e-08,-1.4336910530467071e-08,-1.150283385791021e-08,-1.345282609988123e-08,1.1935756582871345e-08,-8.228530327177154e-09,-1.504286670867374e-07,9.978290549941474e-08,-7.559117029914945e-09,3.281594299334375e-08,-1.7867360481547e-08,-5.039217052547955e-09,-1.2929695699759214e-08,-2.5985854148034873e-09,-1.9475596895006818e-08,-1.4129215650698713e-07,9.370530259995544e-08,-2.1871252913272494e-08,-3.096734788201139e-09,4.253524750885301e-09,1.1092847428797648e-08,-6.801239171393802e-09,-4.565183991720163e-09,-4.184760268837171e-09,-9.230081881360024e-08,6.065292427365708e-08,-2.8896995784114846e-08,-1.7685581899278736e-08,4.029220078880956e-09,1.1614658408423753e-08,3.5332341912972434e-09,-4.468644381609115e-09,-3.069987923338753e-08,-2.131314352212531e-08,2.2523456785107595e-09,5.992293608842128e-09,1.8533316246958984e-09,-1.3674441847650896e-08,-1.403356836772256e-08,2.4342792687018098e-09,8.634428194361562e-09,-1.6155319163048324e-08,-3.315225671295404e-08,9.204845451190692e-09,-8.834215639178664e-10,3.4522864247976707e-10,-4.871667600308155e-09,-9.380225076866148e-09,-4.470475369685205e-09,-1.9602039148173186e-08,-1.3239198865893648e-10,1.6045266919635614e-07,-3.7891241712042305e-08,-1.5063885004108485e-08,-1.400716312398687e-08,-7.398439595052882e-09,-6.497206270999203e-09
L4treat_p1,-7.787959684770954e-10,-1.70324039908561e-09,-4.892973535099624e-09,-4.778324955854984e-08,4.056591230738059e-08,2.6000895725001882e-08,-4.412052528676766e-09,-4.252424630463065e-09,1.0098962585232935e-08,3.7689477932543284e-10,-3.732111106228737e-09,1.3278505746732006e-08,-6.950002931493772e-08,2.3769672654591775e-08,3.958990636337378e-08,1.8858288163507687e-09,2.572478699845158e-09,5.277331454762029e-09,-7.766441136788454e-11,7.486648905504314e-10,-3.5293181449195727e-09,-7.989620663330082e-08,3.6299701300683006e-08,2.4660378277569092e-08,1.072943029246801e-08,-1.3072203603230607e-09,9.72134928044082e-09,-4.207294021325277e-09,-6.123850018313886e-10,1.9763187153312145e-09,-6.905808347364302e-08,3.0205447669604187e-08,1.6249354476130335e-08,-1.900138054828695e-09,5.212642685128438e-09,1.5772511992090352e-08,-2.545816143162722e-09,-9.909301822655346e-10,2.3107060507875783e-09,-6.75063440786449e-08,2.1837113730528947e-08,1.605347164474456e-08,-9.42204235426541e-09,6.9925679955839935e-09,1.6291728698409516e-08,-2.2184856585016657e-09,-5.3823060860768585e-09,-1.2486289637398246e-08,-2.54522145598003e-08,-3.0363265924412316e-09,6.853770672062829e-09,-9.211451377828378e-11,5.66124613750244e-09,-1.4192403674742345e-09,-3.4013554255212914e-09,2.7354248729226753e-10,-9.711581300198738e-09,-1.01047875554423e-08,1.1265959169678965e-09,-5.9875508731731e-10,1.3971658116904383e-09,1.1367417769555895e-08,-9.65046618078322e-10,3.6469266209303865e-10,-8.035010183032165e-09,1.0867706339132015e-09,8.4438954933668e-08,-2.156104624924822e-08,-3.1937374870725415e-08,-8.883950724155465e-09,-1.1380115481425511e-08,-1.7545435638058715e-08
L4treat_p2,-3.089747622574489e-09,-9.819906625760223e-10,-5.9599646504716795e-09,-2.5450527119951028e-08,2.6133223200722835e-08,3.3724498244775695e-09,5.842024280782959e-09,-2.4782180688935823e-10,-5.311366181975599e-09,-4.388210368642332e-09,1.3075345798950937e-09,4.862153229473619e-09,-4.142553055461277e-08,2.2734576704531365e-08,1.8858288163508075e-09,2.4414859424175907e-08,-7.054719300400563e-09,-5.616483780547238e-09,-3.08296727223202e-09,3.4916227101394373e-09,-1.0546832480706247e-09,-4.304831649794285e-08,2.758505550462393e-08,-1.4322526915268547e-09,2.2858474923845522e-08,-8.339827848275783e-09,-5.091210885527108e-09,-3.599554610237849e-09,-1.761536252521599e-09,-7.192328718895273e-09,-4.7057071184510976e-08,3.100300173012869e-08,-5.922530203852769e-09,9.49102047702324e-09,9.838275928446782e-10,9.345198215515168e-10,-5.048206162168155e-10,-2.071101813205472e-09,-2.1310510441378077e-09,-2.0929439375864328e-08,1.2430598741536109e-08,-2.5176223983044193e-09,7.310140607561033e-09,-2.2203630179505428e-09,3.461234846778e-09,2.5508550208827255e-09,-1.594643905501039e-09,-6.0799702613778115e-09,-4.785273876885833e-09,-1.518393004476551e-10,9.470268218038544e-10,5.935536226983804e-09,-1.0328960168607665e-08,-3.7062606794264418e-09,8.618616120763356e-10,2.352276999475562e-09,-4.178071876559809e-09,-1.1115209517665275e-08,-5.693980885934873e-09,1.5816502699010903e-09,9.341031624097266e-09,-5.986552262961537e-09,-3.02975932806648e-09,-2.2981584578192434e-09,-3.903618729552462e-09,-1.1815848417919925e-09,4.202601685336158e-08,-4.96215746473935e-09,-3.0773438407806598e-09,-1.2814612552252638e-08,1.226954018010603e-10,5.555144994865408e-10
L4treat_p3,1.8109800741020176e-09,1.572760178003991e-10,2.6243922639167358e-09,1.8257448420674565e-08,-1.5405460197633545e-08,-9.863615912107332e-10,6.808309162471654e-10,3.1217535524107403e-09,2.0304439742901003e-09,3.82823373792387e-09,-3.915701442321682e-09,-7.576177282979146e-09,2.9538465829930034e-08,-1.4336910530467081e-08,2.5724786998451028e-09,-7.054719300400625e-09,1.2425074722226465e-08,3.0387979426037765e-10,3.5208784642244686e-09,-2.9670411214014364e-09,-3.435446832916318e-10,2.6322224091363542e-08,-1.434004369413946e-08,8.950831144092382e-09,-4.289454768637763e-09,1.0436056200302599e-08,1.480274136596433e-09,3.173157695034154e-09,1.5488866173056642e-10,3.001517587230368e-09,2.5680495686413558e-08,-1.841646304589771e-08,8.950998678639146e-09,-5.430422801876509e-10,5.2230238289422506e-09,1.5876437422625435e-10,2.4273955800751223e-09,2.126709655995551e-10,-3.844171881813853e-10,1.1063938888186765e-08,-1.2995090616830228e-08,1.2707335093672313e-08,2.7374081513630218e-09,4.482918348785355e-09,-4.5740314498428465e-10,-8.923034507066753e-10,-5.128135092135856e-10,5.0022096744412066e-09,4.112588096097176e-09,7.579117273624137e-10,1.6648761688173626e-09,-1.7231415435201876e-09,9.05614538690515e-09,2.110799984705991e-09,-2.400643886902613e-09,-2.175201555757208e-09,3.6333192886514793e-09,1.2154737986496064e-08,-4.323356248252348e-09,-1.9925954803878915e-09,4.783298490218858e-10,7.413915213311302e-09,-4.6211253626043237e-10,1.7694192235705256e-10,3.973520291333061e-09,4.575827866260288e-10,-2.7530977849778085e-08,7.77638021692278e-09,-2.516011812202895e-09,2.825082493535757e-09,-4.092132077559875e-09,-5.125162342752541e-10
L4treat_p4,1.209021542083395e-09,6.741966401951951e-11,1.5282018629601404e-09,9.843545460602508e-10,-1.2984763511257717e-08,4.026930748691017e-09,-3.8226349975841586e-10,-2.8561810677959388e-09,6.826836322141874e-09,1.337027380254657e-09,-2.0173713288582235e-09,-4.709716230031975e-10,8.68352129063947e-09,-1.1502833857910215e-08,5.277331454762034e-09,-5.616483780547255e-09,3.0387979426040867e-10,8.985805719277467e-09,1.6536973759770364e-09,-2.019058615303114e-09,-1.7519542673551518e-10,7.364640740848002e-09,-1.4960858814828187e-08,8.329344255845112e-09,-4.363841618783441e-09,-2.5948280924225254e-10,7.127055906864553e-09,-3.535626325566981e-10,7.176331697463258e-10,5.2244575247244885e-09,9.87468418786513e-09,-1.4615327507915211e-08,7.003967391994277e-09,-8.714191578260303e-10,-2.326582885404076e-09,6.043180870091646e-09,-1.1982125382791176e-09,1.1886772443328244e-09,1.2395784364765781e-09,-1.60365552160799e-09,-9.42739407924e-09,9.039930324663748e-09,1.7420190158785855e-09,5.489020889878018e-10,5.591328509664033e-09,-2.1720216103829772e-09,-9.13915633505045e-10,2.636052842716207e-09,-1.927156186099147e-09,-3.0577244022721094e-09,2.3601050347610126e-09,-1.6808093087276458e-09,3.6935891947348966e-09,3.4385108506083212e-09,-1.617687815149728e-09,-1.1518520600596802e-09,1.1320823807278916e-09,1.713556520573924e-09,1.3824284701360232e-09,5.453886969798928e-10,-2.575452417219296e-09,3.624940332240942e-09,2.8931704686198885e-09,2.3359900113850355e-09,1.0288412586085161e-09,7.275634628779173e-10,-8.009548077984605e-09,3.9328149762642873e-10,-6.9763907875014205e-09,1.0777793372101112e-09,1.0642387345912393e-11,-5.8265664340371825e-09
L8treat_m4,3.8783264552328735e-09,1.2760943905620976e-09,1.9040516167535403e-09,1.6452576142770364e-08,-1.5769536655202192e-08,-1.2451358528851175e-09,3.5849660248806745e-09,-1.1950396315814283e-09,2.1863243171672916e-09,4.289804184791503e-09,-3.281092001127381e-09,-6.971317063307871e-09,2.7340846323673785e-08,-1.3452826099881259e-08,-7.766441136787391e-11,-3.0829672722320317e-09,3.5208784642244913e-09,1.6536973759770643e-09,5.890402290949894e-09,-2.3734365076680794e-09,-3.315876634444773e-10,2.2538698089610068e-08,-1.2554723391432932e-08,4.732948440380803e-09,-6.553031638468973e-09,4.538861451487875e-09,1.79369166958289e-09,5.49188294365361e-09,1.2937511461106031e-09,2.4788189288921007e-09,2.2465650659990866e-08,-1.1200305613811177e-08,8.472188527848233e-09,2.017152485144361e-09,-1.6602475923524294e-09,-3.4020168760867694e-09,4.0252322144811235e-09,2.2667062518608073e-09,3.453390444455637e-10,1.3104837813247844e-08,-8.815291220072676e-09,1.1687952728828988e-08,2.2505022073493818e-09,-4.375350282236203e-10,-2.0161615145120826e-09,8.597299520689071e-10,1.0454215171563001e-09,4.321719128124708e-09,3.828937918971513e-09,1.0069403958370634e-09,-1.223971812180859e-09,4.0908283044673726e-11,4.589613189943861e-09,1.8196532232320415e-09,5.474395887269431e-10,-2.135883813174081e-09,5.836908189502655e-10,9.659796398392561e-09,-1.3241651270363595e-09,-2.263068166563536e-10,1.7991267638435417e-09,9.022459280303465e-10,1.5507941695853854e-09,-1.1745116027140952e-09,2.993447887422099e-09,5.321436731045557e-10,-2.5913382703230805e-08,4.557128637414676e-09,-1.963934650265752e-09,8.625661983564705e-10,2.9010818441247157e-11,6.259723193342302e-10
L8treat_m3,-1.6073510570752734e-09,6.000929125452901e-10,-2.46174508748879e-09,-1.0987453277472457e-08,1.4494225348958564e-08,9.933274572383264e-10,-1.799522757739129e-09,-2.8992262545235853e-10,-1.1920019798158594e-09,-2.2080367978912875e-09,2.8199508789236583e-09,3.2630124571656914e-09,-2.1751913436250374e-08,1.1935756582871164e-08,7.486648905503639e-10,3.491622710139457e-09,-2.967041121401458e-09,-2.019058615303091e-09,-2.3734365076680186e-09,3.909878014665526e-09,-7.786298251336366e-10,-1.9111829779581928e-08,1.6650255912094715e-08,-3.5430813245811237e-09,4.332464438842327e-09,-2.9385009055627673e-09,-2.112708308828567e-09,-1.5850738729684423e-09,1.4316876826821526e-09,-3.744989628592095e-09,-2.0144475178726348e-08,1.4453317863092964e-08,-6.372359327723867e-09,-4.696869546511228e-10,-6.912713465489576e-10,-2.782815300599613e-10,-3.4235554203871233e-10,5.595176715884318e-10,-7.714412707060449e-10,-1.0326340323944285e-08,1.063654669585346e-08,-5.991393701979402e-09,-3.084242144889643e-09,-8.820943670105301e-10,8.29213467782106e-10,1.0719076393274607e-09,6.495956685141919e-10,-3.395053874929354e-09,-2.7511465458020866e-09,2.539633170293724e-09,-2.276752643585184e-09,-9.738632274723481e-10,-3.4278447884332447e-09,-1.2612790561289473e-09,8.20058774035625e-10,1.7815758335177483e-09,-1.6477319017048511e-09,-7.58208399193626e-09,1.7012006091984884e-09,-1.2839790488569953e-09,-5.934041509604775e-10,-2.2608630628590993e-09,-9.166722530889791e-10,-1.2746620169119738e-09,-3.5174532446691794e-09,-1.6849345731224e-10,2.0834919832264556e-08,-5.313586280177962e-09,1.7154241633405106e-09,-5.238359687829685e-10,6.362719345539426e-10,2.6813086686821513e-10
L8treat_m2,-4.484733376490241e-10,-3.342653878821367e-10,9.266993829228664e-09,1.8798549039640726e-09,-1.2113625412596619e-08,-8.181431637240152e-09,3.395136201728904e-10,5.966026923095667e-09,1.4397243912373753e-09,-1.7300810629124327e-09,1.3466489696848658e-09,1.0685211666140434e-08,-1.2950567850876035e-09,-8.228530327177477e-09,-3.5293181449196873e-09,-1.05468324807068e-09,-3.4354468329163445e-10,-1.7519542673562494e-10,-3.3158766344443235e-10,-7.786298251338264e-10,1.2016469756071937e-08,1.885414146631401e-09,-8.994108682496457e-09,-1.0623776518355491e-08,-5.592990641013931e-09,1.4040371136493457e-09,-2.355785953470094e-09,-9.16933266538474e-10,-6.315551436524711e-10,1.0531314384133476e-08,2.37745428800108e-09,-7.755326933356626e-09,-4.915307872497776e-09,-5.026820722182656e-10,3.736214752355306e-09,1.5377646966571325e-09,-1.0689214172054942e-09,4.820517934534841e-10,9.407888749871291e-09,1.0428970571281878e-08,-3.40525269590121e-09,-9.056275360904453e-09,-3.50773058211454e-09,-2.2504226060945648e-09,-3.289453188187583e-09,7.051836627344207e-10,3.183912074867922e-09,2.5100684835779334e-09,-3.3335364744966484e-09,-1.674928647063967e-09,-1.1056507541706678e-09,2.6079474998467494e-09,1.7571675558678953e-09,1.3111492635305098e-09,-1.9795816202309873e-10,9.590771257809163e-10,2.318307197619254e-09,-6.030700113066151e-09,-3.1406798190066748e-09,1.1949232184067022e-09,-1.069467736182142e-09,2.4744574701584872e-09,-1.5100398179284613e-09,1.6805917519639024e-09,-2.793010844125954e-10,-2.4998338629371656e-09,-5.8301916115564524e-09,5.556599174689895e-09,6.316397594650327e-09,3.038220856652981e-09,-1.4381617869529001e-09,2.4630439422577605e-09
L8treat_m1,1.910013156641429e-08,1.023412474090855e-08,2.7685124898267888e-08,2.415200897565745e-07,-2.0261305112527222e-07,-5.217395153475482e-08,2.0640607851183167e-08,-3.4753373491857115e-09,-4.689704933175962e-09,2.3710288029483332e-08,-9.984532481379231e-09,-8.3257380170009e-08,3.8838935000660725e-07,-1.5042866708673685e-07,-7.989620663330096e-08,-4.3048316497943125e-08,2.632222409136359e-08,7.364640740847825e-09,2.2538698089610187e-08,-1.9111829779582398e-08,1.8854141466316057e-09,3.927762522651527e-07,-1.898517385504192e-07,1.0244681052270571e-08,-5.6538452100928236e-08,3.974442763865386e-08,4.3228990361632546e-09,3.1622238429573785e-08,5.282329536855645e-09,1.1086616081563888e-08,3.650195403579111e-07,-1.9020314541941506e-07,3.9334255515305714e-08,9.236645447896914e-09,-1.3058220594564083e-08,-5.087404373562494e-08,1.868954562043445e-08,1.1138069933556614e-09,-9.76243536162029e-09,2.4801745658932603e-07,-1.277392435600121e-07,5.623089230672678e-08,5.3129111542840286e-08,-4.936550794674525e-09,-4.4404572324952744e-08,-5.818870672893229e-09,7.985141151602824e-09,6.963356741427103e-08,8.437036906224178e-08,2.397598297069346e-08,-9.783901825323796e-09,-1.360957961397849e-08,1.5097643317633556e-08,2.2259234160369995e-08,-4.0766697314124396e-10,-1.7987824286496552e-08,4.4909759165150946e-08,1.0297331380217103e-07,-2.427613795740898e-09,4.586654469149133e-09,-1.650494533183506e-09,-1.1501079780503979e-08,2.152204660204108e-08,1.1884921399111502e-09,4.9698073920188535e-08,-2.6397486389532065e-09,-4.101516657028962e-07,8.369573983592279e-08,5.7325519355415947e-08,3.754354630542324e-08,2.790202085576292e-08,3.5897336672340636e-08
L8treat_p0,-9.31760483149778e-09,-1.5877545988893988e-09,-2.104607354453163e-08,-1.0284148688395768e-07,1.307402520189454e-07,2.6253250669958434e-08,-8.964306966026783e-09,-5.212936655871862e-09,-5.901118695369862e-09,-1.145522211256555e-08,9.183298129619203e-09,3.074494379410337e-08,-1.9085262767012643e-07,9.97829054994142e-08,3.6299701300682933e-08,2.758505550462405e-08,-1.4340043694139408e-08,-1.496085881482813e-08,-1.2554723391433005e-08,1.6650255912094543e-08,-8.994108682495966e-09,-1.8985173855041776e-07,1.3828609630724437e-07,-7.150582646622702e-09,3.8118157947712466e-08,-1.8898507610131425e-08,-8.175736807494626e-09,-1.257284120387416e-08,3.3713196254625083e-10,-2.346150069021565e-08,-1.824104931966217e-07,1.209991291118559e-07,-2.4080535115486927e-08,-1.2482992817269695e-09,4.9249584437194495e-09,1.2637973359567144e-08,-3.961950568223297e-09,-2.405593588359861e-09,-2.628589861568651e-09,-1.1666221739654758e-07,8.236452615506047e-08,-2.5639934810108834e-08,-2.522718196796116e-08,3.634747586652554e-09,1.5058931012607044e-08,7.488787220164212e-09,-2.2730915813604032e-09,-3.686689395819984e-08,-3.502392286645772e-08,7.147751293514541e-09,-1.0396914539579749e-09,2.0779570620467636e-09,-1.4805682259578729e-08,-1.4736695817568554e-08,3.806767547296966e-09,1.0641969540238221e-08,-2.2921350206331197e-08,-4.461451346982649e-08,1.0041875160334913e-08,-4.103841938835003e-09,4.136905621307073e-09,-6.2140542944667335e-09,-1.079603311900214e-08,-8.721525668348752e-09,-2.5598778110055638e-08,1.9230872508397035e-10,2.0222723650696548e-07,-4.812588057159058e-08,-1.9990923225921457e-08,-1.6778320146526922e-08,-1.0109717822670802e-08,-1.0203833328761637e-08
L8treat_p1,3.3338839863148742e-09,7.711732114090369e-10,-1.2805247715745492e-09,4.9543959835273265e-09,-2.433700789825622e-09,2.2428220750182503e-08,4.248438734623404e-09,-1.0596077115041799e-08,7.603616178764136e-09,6.997638308813963e-09,-7.536964073367724e-09,-1.2573120460284336e-08,2.8787917922762003e-08,-7.559117029915006e-09,2.4660378277569046e-08,-1.4322526915269327e-09,8.950831144092536e-09,8.32934425584505e-09,4.732948440380707e-09,-3.5430813245811246e-09,-1.0623776518355394e-08,1.0244681052271173e-08,-7.1505826466225065e-09,4.5405575560925934e-08,7.811822369163073e-09,4.8404190208554254e-09,1.4010576637126064e-08,2.6521583621002742e-09,6.064383552311043e-10,2.5766831065047945e-10,1.0211254816176963e-08,-4.799648462933556e-09,3.83852184181351e-08,3.6538801770464885e-09,-1.2614034177213612e-09,3.752656203505837e-09,1.844545383900866e-09,-2.056218930894916e-09,-5.328210203973713e-09,-2.1258164081864103e-08,-7.865357747879295e-09,4.474493173413311e-08,1.2924672883182647e-08,6.9796296625779815e-09,1.2346379426871788e-08,-5.6707581565593245e-09,-7.738535553984551e-09,6.350696592096388e-09,-4.391496116096217e-09,7.549237263777835e-09,9.771323214958718e-09,-5.115872298990212e-09,5.517912580791248e-09,6.4483770371330405e-09,-4.766599570429694e-09,-5.475310069969305e-09,3.2446038133261577e-09,1.7653668071046077e-08,2.025704329410505e-09,1.7184058088099295e-09,3.773031970006183e-09,7.38698237343101e-09,7.348692690142765e-09,8.437464059929892e-10,6.610969278034005e-09,3.481610508561997e-10,-1.0288988264042196e-08,-7.31415126085602e-09,-2.771724154381292e-08,-6.726183737854208e-09,-2.6630634855565906e-09,-1.3462755837801492e-08
L8treat_p2,-5.494619896621431e-09,-2.404624759685971e-09,-1.1704993233516749e-08,-3.566927238240845e-08,4.238410412909295e-08,1.2156024921730444e-08,2.390638179543318e-09,-2.0776428311257906e-09,-3.1889219003230074e-09,-5.151215548668198e-09,8.203163608822783e-10,4.032057590462984e-09,-5.569846262465832e-08,3.281594299334358e-08,1.0729430292468212e-08,2.2858474923845552e-08,-4.289454768637756e-09,-4.3638416187834265e-09,-6.553031638468973e-09,4.332464438842329e-09,-5.592990641013864e-09,-5.653845210092813e-08,3.811815794771231e-08,7.811822369163288e-09,3.312948749251691e-08,-7.738339328808944e-09,-1.435003273130764e-09,-8.065695178116417e-09,-2.7859380824573374e-09,-1.1259968019688228e-08,-5.993514864931723e-08,3.225236283142257e-08,-3.736480756263913e-09,8.063809221107575e-09,3.757521614539172e-09,6.728444855284145e-09,-3.487895680769493e-09,-4.875547426938344e-09,-6.270091597896309e-09,-3.938932932616725e-08,1.2258021408296504e-08,2.1571550475816966e-09,9.833324764830946e-09,3.2039346811050536e-09,9.74797876028394e-09,3.2099808598750123e-12,-6.335940157738601e-09,-1.054660032440135e-08,-4.305878794286521e-09,-1.2792426676446377e-09,5.967242073855879e-09,3.4364236378212043e-09,-1.0136349688556849e-08,-4.910350542186792e-09,-2.113245051350391e-09,2.6546726310525094e-09,-3.525884265116824e-09,-9.537939202663362e-09,-4.9650987730734225e-09,-5.866887767677622e-10,8.500813649193036e-09,-2.7309092657059515e-09,-4.4236050718289815e-09,-1.5109031838802562e-09,-5.008835286041595e-09,-3.2214510437159883e-10,6.108533927648714e-08,-8.216609279461601e-09,-1.0573271561712837e-08,-1.3912782443804265e-08,-2.5529868009550533e-09,-4.1079687990813815e-09
L8treat_p3,3.1703436311825956e-09,1.298230844308891e-09,2.0588155566367206e-09,2.515442557558319e-08,-1.709753965736952e-08,-1.1548840341542673e-09,-3.6687653087005667e-10,5.840018395547084e-09,2.2494918732350237e-09,5.398166677104404e-09,-2.1465755137295348e-09,-9.47765273822106e-09,3.8958048914066366e-08,-1.786736048154715e-08,-1.3072203603229089e-09,-8.339827848275814e-09,1.0436056200302544e-08,-2.5948280924231877e-10,4.53886145148782e-09,-2.9385009055628058e-09,1.4040371136492495e-09,3.97444276386537e-08,-1.88985076101316e-08,4.840419020855512e-09,-7.738339328808911e-09,1.637302502766281e-08,3.260058393180903e-09,5.480650498933748e-09,1.046132813213784e-09,4.081936394190823e-09,3.9156807579816134e-08,-2.309413280119041e-08,1.0212035258336278e-08,1.4546966552180314e-09,4.798448656518731e-09,-3.949997779546867e-09,2.787372086442921e-09,1.2349528015786755e-09,4.552409331368435e-10,2.0933652090874e-08,-1.1699204593169889e-08,1.1066105285859672e-08,3.193291376510569e-09,5.8655531660434724e-09,-3.1915213230900538e-09,-9.98397569503988e-10,6.463644852541148e-10,5.578743391146144e-09,6.840258274089048e-09,-1.4585376682280877e-09,-8.749724477961466e-10,-1.5153236300063028e-09,9.394892491162634e-09,2.815816616468269e-09,-8.387903820064534e-10,-2.9055447392090047e-09,9.918599426049721e-10,1.4584520654336718e-08,-3.10890235360845e-09,-1.2033165696204653e-09,7.858598932458925e-10,5.893052678419562e-09,2.780130661468317e-09,1.4351859520242832e-10,3.901058000721403e-09,4.5292792167233637e-10,-3.86358252005783e-08,9.619362865717676e-09,2.0689359424027957e-09,4.875659946270166e-09,-3.4378927494907418e-09,2.0915331229939334e-09
L8treat_p4,1.6122618206643646e-09,2.1463306326055393e-10,-1.8813388772174724e-10,6.853572876347277e-11,-3.1211981861877834e-09,1.010956913711772e-08,-5.961648771395522e-10,-3.833430236467994e-09,5.13307832628638e-09,2.8420426688764992e-09,-1.900111335464445e-09,-1.829421007415905e-09,8.146536890492892e-09,-5.039217052547918e-09,9.721349280440878e-09,-5.091210885527066e-09,1.4802741365964487e-09,7.1270559068645266e-09,1.7936916695828737e-09,-2.112708308828525e-09,-2.355785953470092e-09,4.322899036163482e-09,-8.175736807494459e-09,1.40105766371262e-08,-1.4350032731307012e-09,3.26005839318095e-09,1.0447629609742662e-08,3.4367772123846383e-10,3.3299689829936974e-10,3.89749120486773e-09,8.014215511666157e-09,-9.513124004607803e-09,1.3612438986732325e-08,2.991767840471885e-10,-5.468574104103088e-10,5.601628850958465e-09,-1.14551293911681e-09,2.499460751925313e-10,2.0716162200912554e-10,-8.064339165966234e-09,-5.369879910028997e-09,1.4539597911544191e-08,3.2225444963829424e-09,4.3708373442674284e-09,7.283597567777263e-09,-2.474820670425173e-09,-2.1555651542464722e-09,9.878617518133156e-10,-2.058033995408145e-09,-1.4261171050365838e-09,5.181029567697548e-09,-2.81027064076304e-09,4.100659482469101e-09,3.302279961475832e-09,-1.4519453138852857e-09,-1.8143591532140455e-09,-1.1706908385835602e-09,6.138041309026919e-09,4.117083655825199e-09,1.6924762821919592e-09,-9.606688484120051e-10,3.5031820194793144e-09,4.547900129847475e-09,1.7147798410608762e-09,1.0232280788529217e-09,3.831981664232852e-10,-3.269482673414563e-09,-2.704371393211585e-09,-1.1438763609489983e-08,-1.1982937840515837e-10,-1.6243770561545108e-09,-6.750412837120435e-09
L12treat_m4,3.783389147031116e-09,1.727272811420549e-09,1.9558577876686466e-09,2.199323622059332e-08,-1.5815700151141728e-08,-3.6377512842262693e-09,2.7022571829426607e-09,-8.392851134689076e-10,1.74569732895973e-10,4.45235199819349e-09,-1.969527238055247e-09,-9.166754901548355e-09,3.44352195784779e-08,-1.2929695699759254e-08,-4.2072940213253294e-09,-3.5995546102378476e-09,3.173157695034145e-09,-3.5356263255669295e-10,5.491882943653702e-09,-1.5850738729684822e-09,-9.16933266538476e-10,3.162223842957377e-08,-1.257284120387417e-08,2.652158362100223e-09,-8.065695178116415e-09,5.480650498933747e-09,3.43677721238457e-10,6.9556711626095146e-09,1.825574379262075e-09,4.296509176392137e-10,2.971471935964617e-08,-9.62641894328183e-09,7.366926167871714e-09,1.3377820425198063e-09,-2.158259060657142e-09,-7.59844192733009e-09,5.0236329530996795e-09,2.154379093864486e-09,-4.680556464992643e-10,2.0174688226055243e-08,-6.600373235702864e-09,8.431984582319427e-09,2.332735245158858e-09,-1.1496398691198805e-09,-5.1120317170333684e-09,1.102533965978484e-09,1.6545244998167183e-09,6.301828045196581e-09,6.449622100557479e-09,3.726471497195958e-09,-2.7491109767952935e-09,-7.105346495903257e-10,3.2800329413702852e-09,2.102194781441269e-09,1.5610023855326136e-09,-2.0287688239865568e-09,2.0363577994004313e-09,1.0301216842001472e-08,-2.988136455424194e-10,-4.238579049068982e-10,1.1487169974709453e-09,-9.005730861470734e-10,2.550884538163014e-09,-2.0680752620030565e-09,3.604594141728999e-09,-9.704365920790079e-11,-3.388492701229497e-08,4.814771997072025e-09,3.1324238734361177e-09,2.9343577731250557e-09,1.9438728915215397e-09,3.2922116490700685e-09
L12treat_m3,9.731416521941418e-10,1.3902693060327907e-09,-8.56632035327686e-11,4.209740920761665e-09,-3.483947630222221e-09,-5.793384318120094e-10,-1.4275500613848265e-11,-4.362070703739729e-10,9.99195859367371e-10,7.320195148810787e-10,4.4993633845123534e-10,-2.5191116385819083e-09,5.0398659847131334e-09,-2.598585414803644e-09,-6.123850018314667e-10,-1.7615362525216075e-09,1.5488866173052295e-10,7.176331697463312e-10,1.293751146110671e-09,1.4316876826820976e-09,-6.315551436523826e-10,5.2823295368556325e-09,3.3713196254632295e-10,6.064383552310421e-10,-2.7859380824573333e-09,1.0461328132137661e-09,3.3299689829929757e-10,1.8255743792621187e-09,2.591432489171523e-09,1.223322223709479e-10,4.2942520060168435e-09,-4.18445285176228e-10,3.093573400678916e-10,-1.543864671337371e-11,-2.1514871960702013e-09,-1.625395612728097e-09,1.6174384447176158e-09,2.4683203022810313e-09,3.6602427396391134e-11,2.4430776636498353e-09,9.804618460788114e-10,2.901893326579393e-09,-9.730463859485842e-10,-7.70135287700752e-10,-4.5647891976095996e-10,6.613596338021539e-10,1.4900812691074214e-09,1.5106911994589826e-09,6.512570696944116e-10,2.699838659061106e-09,-3.1755310595478997e-09,-1.8823903309538354e-09,9.33801884558115e-10,1.2535031059349095e-09,5.959216776711548e-10,-7.338835319239401e-11,2.8563786633159517e-11,2.7152824241976355e-10,1.2220157003737466e-09,-1.6096299469438598e-09,-1.0355386015362184e-09,-3.022062615898014e-10,1.013308223930103e-09,-8.202271561427801e-10,-6.10152682703577e-10,6.404836315529274e-11,-5.981250426029797e-09,-1.0046980233432762e-09,1.0913917638896622e-09,1.8110151626007724e-09,1.1377753352019437e-09,3.7792647400988913e-10
L12treat_m2,1.687779565830132e-09,-1.149243696175709e-10,1.0966670937279804e-08,5.499537577378464e-09,-2.4533640973192593e-08,-2.9707991974792885e-09,1.17439097836232e-09,4.452518612301951e-09,4.483380921501418e-09,1.1409738394038555e-09,-1.466633200168181e-09,7.552376173865183e-09,1.4169373804214685e-08,-1.9475596895007115e-08,1.9763187153311934e-09,-7.1923287188953295e-09,3.0015175872303987e-09,5.224457524724453e-09,2.4788189288921094e-09,-3.744989628592237e-09,1.0531314384133464e-08,1.1086616081563814e-08,-2.3461500690216065e-08,2.5766831065048276e-10,-1.1259968019688256e-08,4.081936394190928e-09,3.897491204867806e-09,4.2965091763915816e-10,1.2233222237092457e-10,1.6927965613640447e-08,1.3747149120805665e-08,-1.8367166591582155e-08,6.3967259269178224e-09,-1.2163341577194327e-09,2.262791700086241e-09,5.270620994845819e-09,-1.3079321473277617e-09,2.5411834721042305e-09,1.0937441274384551e-08,6.45123234737547e-09,-9.998758184227111e-09,3.7265842730299936e-09,-1.7577360855077168e-09,3.374655861752984e-11,7.540288849411122e-10,-1.1546292526301367e-09,2.36246231677542e-09,5.3514579579716965e-09,-4.868035942817652e-09,-2.6478395726347603e-09,1.4940723144125354e-09,1.312388274757191e-09,6.72638321345412e-09,3.777765352488623e-09,-1.3596076405173054e-09,-1.1210507162572537e-09,1.9590723528984548e-09,3.5996297323966524e-10,-1.5263536503885312e-09,1.653640282206239e-09,-1.8714071669110978e-09,7.100148461394816e-09,1.27988454326468e-09,3.833806024706882e-09,1.45165148475469e-09,-2.1844300567421545e-09,-1.645688235109314e-08,4.2278731686247656e-09,-2.2307132526003017e-09,2.7215933569429993e-09,-2.5749683305349456e-09,-2.1984170353863422e-09
L12treat_m1,1.9119162895428e-08,9.131704706822528e-09,2.6868535476874578e-08,2.253357472886992e-07,-1.9164223922939522e-07,-4.5867747913342425e-08,1.762549754110149e-08,-2.659951376757354e-09,-2.1218533966849925e-09,2.2917725458143924e-08,-1.0630726339349526e-08,-7.542105457691285e-08,3.6102674420621165e-07,-1.4129215650698657e-07,-6.905808347364344e-08,-4.7057071184511267e-08,2.568049568641351e-08,9.87468418786513e-09,2.246565065999088e-08,-2.0144475178726974e-08,2.3774542880013854e-09,3.6501954035791085e-07,-1.8241049319662315e-07,1.021125481617584e-08,-5.993514864931736e-08,3.915680757981637e-08,8.01421551166621e-09,2.971471935964602e-08,4.29425200601661e-09,1.3747149120805718e-08,3.4921604248363256e-07,-1.856082816984659e-07,3.8069867319030834e-08,6.1577918487238095e-09,-1.1718065432158786e-08,-4.4079734506827276e-08,1.6471359239553118e-08,1.8837046691825623e-09,-7.488520567312105e-09,2.317355276242021e-07,-1.2113537690123164e-07,5.380954873295987e-08,4.4537115736062516e-08,-2.123601330673835e-09,-4.134742638002523e-08,-5.743146899985394e-09,8.197146138261356e-09,6.251293859024601e-08,7.709589863187475e-08,1.9783902864125618e-08,-7.81421162842434e-09,-1.2775000750948911e-08,1.9799913256523823e-08,1.9705603292714205e-08,-4.4335828238837457e-10,-1.7314557813534853e-08,3.8841578300305714e-08,9.997074927432006e-08,1.5220203143907698e-09,5.880145670780732e-09,-4.0389896204100205e-09,-7.362452886633461e-09,1.9682536713007122e-08,2.3708427132470627e-09,4.527497390911983e-08,-1.121686640811588e-09,-3.8355759594568395e-07,7.609065080829888e-08,4.874079784162536e-08,3.7490523446187825e-08,2.289546208310036e-08,3.1512080919100784e-08
L12treat_p0,-8.572506831664558e-09,-2.2145739976054926e-09,-1.4729203101245247e-08,-1.0838232652988061e-07,1.206681435382557e-07,2.5028670440488432e-08,-5.889307650920225e-09,-3.6143395887741524e-09,-8.676360736874398e-09,-1.0353087589464985e-08,9.360667122461188e-09,3.4475689651116404e-08,-1.8167673046983326e-07,9.37053025999559e-08,3.020544766960456e-08,3.100300173012869e-08,-1.8416463045897764e-08,-1.4615327507915127e-08,-1.1200305613811103e-08,1.4453317863093073e-08,-7.755326933356388e-09,-1.9020314541941458e-07,1.2099912911185645e-07,-4.799648462933359e-09,3.2252362831422666e-08,-2.3094132801190426e-08,-9.513124004608017e-09,-9.626418943281821e-09,-4.184452851761016e-10,-1.836716659158205e-08,-1.8560828169846577e-07,1.3536645618397808e-07,-1.6168402401678266e-08,-2.2401311204563558e-09,-1.2838660938735009e-09,7.61397382498008e-09,-3.1023911726386145e-09,-6.87237700696213e-10,7.526879455222139e-10,-1.1556587378804452e-07,8.892221765798284e-08,-2.902505998991375e-08,-2.5272392074789494e-08,-1.8765283517161547e-09,1.3480072841233788e-08,6.752249311739555e-09,-2.372393825448248e-09,-3.143824142867897e-08,-3.4684985941535e-08,8.134678871747135e-09,1.428385512242393e-09,5.088223380578808e-09,-1.7932957045722156e-08,-1.1363500112109472e-08,6.096425038227907e-09,9.384463512706236e-09,-2.0442687145155182e-08,-5.018108435892592e-08,1.1251492828110655e-08,-5.212093413876605e-10,3.3384008142707886e-09,-6.857879602087416e-09,-5.651537295006724e-09,-7.037236321407628e-09,-2.288186066341633e-08,-1.4494181430826287e-09,1.9823611771423314e-07,-5.400083921427199e-08,-1.961092486796181e-08,-2.0811776472428632e-08,-5.98715091749309e-09,-1.0071519490409739e-08
L12treat_p1,6.2920004420381835e-09,1.5533563304540108e-09,5.3287185043787e-09,2.541086294678231e-08,-2.0705503520362575e-08,1.6303817597156712e-08,6.640956027397145e-09,-8.319596257600612e-09,7.420965252694089e-09,1.0213326050593711e-08,-7.410169629813978e-09,-1.3019559757845493e-08,5.966963455965917e-08,-2.1871252913272686e-08,1.6249354476130047e-08,-5.922530203852841e-09,8.950998678639202e-09,7.003967391994252e-09,8.472188527848114e-09,-6.372359327723883e-09,-4.9153078724976444e-09,3.9334255515305965e-08,-2.4080535115486834e-08,3.8385218418134836e-08,-3.736480756264102e-09,1.0212035258336124e-08,1.3612438986732235e-08,7.366926167871677e-09,3.0935734006786644e-10,6.396725926917861e-09,3.806986731903124e-08,-1.61684024016786e-08,4.376021623666309e-08,4.71123255419186e-09,-1.8075926637152526e-09,-2.695571377231965e-09,4.101495758858676e-09,-1.2705966571971743e-09,-8.487535582385491e-10,2.4617935364448986e-09,-1.3540730096006993e-08,4.433424898962891e-08,1.2505679173010205e-08,5.7681458075908695e-09,6.2635844831821945e-09,-4.855459008938239e-09,-4.539018492209575e-09,1.1626181210321756e-08,3.6558520107204566e-10,8.520897696013244e-09,9.346816908373067e-09,-3.293212702332132e-09,7.855555684308544e-09,9.008864686343476e-09,-2.900812623385296e-09,-7.14218428590448e-09,4.071880649625934e-09,2.3326443847588765e-08,3.900832896626352e-09,5.226686396076236e-09,3.933874104664934e-09,6.032985025536984e-09,1.0960002295157505e-08,9.629314924561438e-10,1.037487009772302e-08,-6.839072352458932e-10,-4.3035709823491876e-08,-1.2626230152045126e-09,-2.156110790828004e-08,-3.383402455244472e-09,-1.539672929877762e-09,-8.66717819334421e-09
L12treat_p2,1.103187362353192e-09,7.56692883359939e-10,-1.6577323962616935e-09,7.641163295932767e-09,-4.5136948732490694e-09,8.246822397353784e-10,6.219961808237662e-09,-7.764620486815606e-10,-7.34983649750511e-10,9.490620482442869e-10,-1.4628424164223635e-09,-5.642868608586343e-09,1.1436650625559915e-08,-3.096734788201335e-09,-1.9001380548286244e-09,9.491020477023178e-09,-5.430422801876106e-10,-8.714191578260341e-10,2.0171524851443567e-09,-4.696869546510776e-10,-5.026820722182459e-10,9.236645447897044e-09,-1.2482992817271428e-09,3.653880177046577e-09,8.063809221107476e-09,1.4546966552180531e-09,2.9917678404709e-10,1.3377820425198011e-09,-1.543864671327432e-11,-1.2163341577194171e-09,6.157791848723892e-09,-2.2401311204565295e-09,4.711232554192005e-09,8.756983370586768e-09,-5.787029201507034e-10,-1.8372439413406527e-09,1.6688968648813836e-09,6.151051070818978e-11,-1.6593683308313269e-09,6.809769852388556e-09,-5.9561023895857e-09,1.131438894300575e-08,9.775839067501134e-09,2.5909167697955987e-11,8.039873140786716e-10,9.709391987847614e-10,1.1355261198133132e-10,1.8952358393882605e-09,3.498154447088286e-09,3.312982014847259e-10,-1.8955782486475353e-10,2.5015644578622462e-09,-1.7854999475051872e-09,8.886844949984995e-10,-3.525053303161383e-11,-8.782575031479646e-10,-9.461684440178587e-10,5.242526049186385e-09,-2.982614189894993e-09,1.7126895233866474e-09,6.570431561206461e-09,-2.5167004520159102e-09,1.1753146282142152e-09,-9.57743222914496e-10,1.8084051658406906e-09,-1.737259115794902e-10,-1.2326912488168133e-08,4.149995557214883e-09,-1.946914946128568e-09,-5.3718812388377314e-09,3.7950729261244383e-10,1.1649225806387258e-09
L12treat_p3,-2.044380080975577e-09,-1.5775527555262428e-09,7.979742246543391e-10,-7.486157901873457e-09,6.5995228321155425e-09,2.287456653003515e-10,-2.565327843425446e-09,5.55562279696637e-09,-1.680053465704459e-10,-1.1579466865150637e-09,-3.5400714106595527e-10,5.172127624071914e-09,-1.6139318768509375e-08,4.253524750885294e-09,5.212642685128517e-09,9.838275928447082e-10,5.223023828942264e-09,-2.32658288540408e-09,-1.6602475923524741e-09,-6.912713465489345e-10,3.736214752355305e-09,-1.3058220594564041e-08,4.924958443719396e-09,-1.2614034177213616e-09,3.757521614539235e-09,4.798448656518767e-09,-5.468574104103056e-10,-2.1582590606571428e-09,-2.1514871960701802e-09,2.2627917000861934e-09,-1.1718065432158888e-08,-1.283866093873457e-09,-1.8075926637151872e-09,-5.7870292015066e-10,1.024335619958918e-08,4.399500731133978e-09,-1.4731468794536437e-09,-2.2644265959564297e-09,2.4495083811558773e-09,-8.026867879308498e-09,1.6702201474452364e-11,-4.6724301956736976e-09,-2.068141417317513e-09,3.680308720400122e-09,6.727379173985414e-10,-3.8259704733958914e-10,-7.010693460437031e-10,-2.2532310940728055e-09,-5.428024240089418e-09,-5.343779218515489e-09,2.303521557645878e-09,1.5781412024717613e-09,3.5581796942751695e-09,-1.5393103453760046e-09,-1.9855556329659153e-09,8.586304922883865e-10,-1.0659132988938164e-09,-1.4228216707762853e-09,-7.119324908964626e-09,-1.176343684897328e-10,1.47647449113878e-09,6.1910671733534094e-09,-3.456412010527515e-09,6.346461612134967e-10,-1.6942352737133268e-09,-7.816754680410894e-10,1.53070737658534e-08,4.210004435620684e-09,-1.2180803457480703e-09,-2.0083231153913977e-10,-6.093304632739053e-09,-5.861372632012903e-10
L12treat_p4,-2.9624329387381822e-09,-2.450197312066035e-09,-1.5831409310781627e-09,-3.359085946513762e-08,1.5539717217313745e-08,9.05857481631854e-09,-3.3029087056428377e-09,8.536569388574229e-10,5.541978314219158e-09,-3.5434005446054806e-09,-1.2461933441587177e-09,1.3540479627739717e-08,-5.019224119017253e-08,1.1092847428797514e-08,1.577251199209041e-08,9.345198215514844e-10,1.5876437422621728e-10,6.0431808700915715e-09,-3.4020168760867677e-09,-2.7828153005989184e-10,1.5377646966572175e-09,-5.087404373562482e-08,1.2637973359567112e-08,3.752656203505944e-09,6.728444855284106e-09,-3.949997779546883e-09,5.601628850958437e-09,-7.598441927330074e-09,-1.625395612728028e-09,5.270620994845826e-09,-4.407973450682735e-08,7.61397382498002e-09,-2.6955713772318988e-09,-1.837243941340627e-09,4.399500731133912e-09,1.9037502251400403e-08,-5.717900101162778e-09,-4.594988653787697e-10,3.880458689920698e-09,-3.745974576237202e-08,3.930860279178573e-09,-1.2053400024714092e-09,-5.341006021722344e-09,3.956811296679742e-09,1.3378000228918005e-08,-1.1064308151002269e-09,-2.040451980652659e-09,-8.950867205571949e-09,-1.423526126391339e-08,-8.744593289676486e-09,5.8357775742368795e-09,1.5054423495417944e-10,3.9648917023964924e-09,-3.17326118197899e-10,-3.1740702707837877e-09,2.136497931780631e-09,-4.723076038945255e-09,-1.2300279806609664e-08,-1.2254271331229214e-09,-9.825907528539076e-10,-2.487436004024095e-09,7.897053374965007e-09,-3.0698489446598897e-09,3.032583034341227e-09,-6.1475819044210824e-09,6.263032542727546e-10,5.2204022633798394e-08,-7.383616999475103e-09,-1.5112969621920612e-08,-4.382399824404543e-09,-7.303063978588688e-09,-1.0880736408037388e-08
L16treat_m4,2.474745158344845e-09,1.3433208334782397e-09,1.0813247826030408e-09,1.5507115882585062e-08,-9.355337312520482e-09,-3.2145485291739217e-09,2.88066756670151e-09,-1.08807672084205e-09,8.422059197928303e-11,2.8019511994377635e-09,-1.6538028170504356e-09,-6.713002544861575e-09,2.1275952220467207e-08,-6.801239171393775e-09,-2.5458161431627718e-09,-5.048206162168164e-10,2.4273955800751166e-09,-1.1982125382791313e-09,4.025232214481158e-09,-3.4235554203873466e-10,-1.0689214172055126e-09,1.8689545620434496e-08,-3.961950568223179e-09,1.844545383900856e-09,-3.4878956807694907e-09,2.787372086442905e-09,-1.145512939116836e-09,5.023632953099612e-09,1.617438444717568e-09,-1.307932147327773e-09,1.6471359239553134e-08,-3.1023911726385355e-09,4.101495758858654e-09,1.6688968648813663e-09,-1.4731468794536433e-09,-5.7179001011627925e-09,4.518573551149241e-09,1.639796031110563e-09,-8.462073932843128e-10,1.3165951382578699e-08,-3.737608602324725e-09,7.010185944103231e-09,1.6055613271926895e-09,-1.6044303531683835e-09,-3.770453358407056e-09,1.6694125703272703e-09,1.4582958952499153e-09,4.024738189217722e-09,4.819523540341259e-09,4.501235767930439e-09,-2.461321680596212e-09,-4.146137603320803e-10,1.937483723102155e-09,1.2553799823947234e-09,1.0716928345737476e-09,-9.907613786774523e-10,1.8442751811550806e-09,6.609794650929359e-09,-8.374635956619422e-10,-9.282861977358449e-10,1.5086651584181017e-09,-1.038466289988672e-09,8.873943792330726e-10,-2.4723673424292425e-09,2.200481445042499e-09,-7.320968075588657e-11,-2.1581822482546412e-08,2.995582593190771e-09,1.8850663294881733e-09,1.3313121232599626e-09,1.2187698765106296e-09,2.683848596209759e-09
L16treat_m3,1.2671647904699687e-09,1.0115977684441048e-09,2.497531181221588e-10,1.3042434613689824e-09,-6.223464250524167e-09,-1.3589694788751782e-09,2.0896141620227917e-10,1.2192438476943215e-09,1.2890788555065305e-09,7.643912379424757e-10,-4.967874940203304e-11,-1.0166816312174428e-09,8.570610665232097e-10,-4.565183991720382e-09,-9.909301822655846e-10,-2.0711018132054014e-09,2.1267096559954657e-10,1.1886772443328105e-09,2.266706251860834e-09,5.595176715883097e-10,4.820517934534456e-10,1.1138069933557644e-09,-2.405593588359947e-09,-2.056218930894948e-09,-4.8755474269382564e-09,1.234952801578697e-09,2.4994607519244325e-10,2.154379093864464e-09,2.468320302280954e-09,2.541183472104181e-09,1.8837046691825304e-09,-6.872377006965346e-10,-1.2705966571971487e-09,6.151051070820617e-11,-2.264426595956431e-09,-4.5949886537885805e-10,1.6397960311105662e-09,4.16375640317385e-09,1.5895398695695035e-09,1.7533641514508608e-09,9.180853658243988e-10,1.6847118981252024e-09,-2.5635617534126642e-09,-1.0557755209456014e-09,-2.531371910145104e-10,1.483539316994195e-09,2.398148799415536e-09,4.815978434317303e-10,4.825301203689819e-10,-2.401163219033908e-10,-3.5150774817098276e-09,-2.805515565224424e-10,2.319017626246362e-09,8.43919617877649e-10,1.104951239017098e-09,1.9682813902410722e-10,-1.780715375916608e-09,-9.570796793009532e-10,6.445937375392992e-10,-1.6051436322070225e-09,-8.09963179115645e-10,7.132647015597703e-10,3.8689588249801755e-10,-3.493146131904638e-10,-1.7204137586219922e-09,5.521797847935205e-10,-3.055617720694712e-09,-1.1879791288069193e-09,4.150163316454765e-10,1.2009147067737764e-09,1.4891380890176866e-10,2.4898119312551045e-10
L16treat_m2,2.423831192602387e-10,-2.4807546182400436e-10,8.177499394217157e-09,-3.848520356147523e-09,-5.907339827508276e-09,-3.360267807825934e-09,-1.3205518995595275e-11,3.4937048516161086e-09,1.783928061401886e-09,-9.228291331735239e-10,8.302397977708173e-10,1.1010849700850233e-08,-8.943888792557631e-09,-4.184760268837634e-09,2.3107060507875956e-09,-2.1310510441378313e-09,-3.8441718818139627e-10,1.2395784364765469e-09,3.453390444455706e-10,-7.714412707061531e-10,9.407888749871429e-09,-9.762435361619872e-09,-2.6285898615692126e-09,-5.328210203973574e-09,-6.270091597896318e-09,4.5524093313692916e-10,2.07161622009204e-10,-4.680556464993041e-10,3.660242739639031e-11,1.093744127438466e-08,-7.488520567311815e-09,7.526879455219994e-10,-8.487535582384367e-10,-1.6593683308312737e-09,2.4495083811558707e-09,3.880458689920671e-09,-8.462073932843102e-10,1.5895398695696094e-09,1.0330679779982723e-08,-1.210982021396988e-09,2.840915554157258e-09,-5.439498762242071e-09,-5.719046457320918e-09,-1.2462092551526689e-09,-9.169105258096749e-10,1.0527323350001736e-09,2.786787773038256e-09,1.3318317287598844e-09,-7.295110529037491e-09,1.7192847759442087e-10,-2.796805856152688e-13,2.060543624360059e-09,2.7135873701893454e-09,1.1327634675215653e-09,3.9336710151916177e-10,9.129904934120247e-10,4.048755549740039e-10,-6.327612134039533e-09,-6.199319288897726e-10,1.2430814477747186e-09,-1.4069133243976962e-09,3.3640032577545827e-09,-4.3665323947846086e-10,1.255433369687189e-09,-1.7320277937303343e-09,-2.6342698266751187e-09,6.280283316541871e-09,-6.370816753250335e-10,7.262349394798457e-10,1.822754125120155e-09,-2.0392941028521526e-09,-6.500853488299779e-10
L16treat_m1,1.0489993770259887e-08,5.901514942124922e-09,2.2569293246482378e-08,1.5794342039800097e-07,-1.3250232369961926e-07,-5.081088827310148e-08,1.4848172434130717e-08,3.3979867987301222e-09,-7.679198607066608e-09,1.0606452272808432e-08,-1.9579558341836065e-09,-4.331983254393806e-08,2.3502670411369317e-07,-9.230081881359998e-08,-6.750634407864506e-08,-2.0929439375864808e-08,1.1063938888186785e-08,-1.6036555216080858e-09,1.3104837813248174e-08,-1.0326340323944723e-08,1.042897057128203e-08,2.4801745658932614e-07,-1.1666221739654891e-07,-2.1258164081864752e-08,-3.938932932616768e-08,2.0933652090874313e-08,-8.064339165966166e-09,2.0174688226055528e-08,2.443077663649871e-09,6.451232347375647e-09,2.3173552762420233e-07,-1.1556587378804457e-07,2.461793536444995e-09,6.809769852388471e-09,-8.026867879308569e-09,-3.745974576237209e-08,1.3165951382578908e-08,1.7533641514509872e-09,-1.2109820213973974e-09,1.8593541990149064e-07,-7.789250376328974e-08,1.0614675096765185e-08,2.812972546953614e-08,-9.865468188775025e-09,-3.84814167452981e-08,2.4764427871787247e-09,1.1532657891430912e-08,4.348689627902636e-08,5.8042130948803896e-08,1.522885158306943e-08,-1.1846891536872756e-08,-3.2331878051493455e-09,5.610801955715356e-09,1.2054730671687903e-08,3.765202475652645e-09,-7.809177344653392e-09,2.9597375577709134e-08,5.3570148114616154e-08,-2.62032989207415e-09,5.1523882898441015e-09,-9.61284562754811e-10,-1.4970470706047372e-08,9.052747811961059e-09,-1.464936758770648e-09,2.900302345388855e-08,-2.3636109870746153e-09,-2.655285825287844e-07,6.003187817495547e-08,5.5803523970294053e-08,2.7803700578029635e-08,2.0709065127269928e-08,3.3393378694102685e-08
L16treat_p0,-5.811371437939373e-09,-6.653154957075541e-10,-9.677760695133783e-09,-7.55752225634147e-08,8.38549742252156e-08,1.7820527626173582e-08,-1.081623895420834e-08,-4.75214635063188e-10,-4.380486329686982e-09,-7.305512916621291e-09,9.450535528037585e-09,2.6046420738868443e-08,-1.2965566954831116e-07,6.06529242736572e-08,2.1837113730528964e-08,1.2430598741536148e-08,-1.299509061683021e-08,-9.427394079240009e-09,-8.815291220072679e-09,1.0636546695853702e-08,-3.4052526959009905e-09,-1.2773924356001119e-07,8.236452615506095e-08,-7.865357747879424e-09,1.2258021408296603e-08,-1.169920459316981e-08,-5.369879910029187e-09,-6.600373235702822e-09,9.804618460790786e-10,-9.998758184226987e-09,-1.211353769012304e-07,8.892221765798251e-08,-1.3540730096007029e-08,-5.9561023895855646e-09,1.6702201474383866e-11,3.9308602791785735e-09,-3.737608602324777e-09,9.180853658248492e-10,2.8409155541573605e-09,-7.789250376328879e-08,7.055488162050144e-08,-2.7822450675710476e-08,-2.5809597122434068e-08,-5.444209521059354e-11,6.880971175425729e-09,3.6121356571217787e-09,6.544033160022587e-10,-2.1674769504503732e-08,-3.019295433711199e-08,2.0806570906628043e-09,-4.049825864712752e-09,2.194127145747408e-09,-1.114389459327259e-08,-7.4058386008045904e-09,5.395033913865675e-09,6.548660747271858e-09,-1.8139380566150138e-08,-3.8544124264697694e-08,1.0534490938239856e-08,5.219139282014014e-10,-9.987354121938336e-10,-3.920168563706837e-09,-1.3421491180329142e-09,-3.3823352005655627e-09,-1.813764789152669e-08,-4.6273595859813234e-10,1.3859231586632895e-07,-3.940607653571589e-08,-8.738221438420678e-09,-8.560384136110267e-09,-4.218445620372754e-09,-7.067286857011594e-09
L16treat_p1,8.311748981123068e-09,3.7185466714258824e-09,2.9317303340966126e-09,4.133811058900602e-08,-3.4160076681358604e-08,1.5806508329027532e-08,1.3837653470953104e-08,-1.0779072119622855e-08,9.326987291502612e-09,1.1248573017705581e-08,-1.1429460045633947e-08,-2.4373649189007135e-08,7.935981403818179e-08,-2.8896995784115402e-08,1.6053471644744227e-08,-2.517622398304633e-09,1.2707335093672388e-08,9.039930324663696e-09,1.1687952728828877e-08,-5.9913937019795775e-09,-9.05627536090439e-09,5.623089230672691e-08,-2.5639934810109337e-08,4.4744931734132914e-08,2.157155047581394e-09,1.1066105285859577e-08,1.453959791154412e-08,8.431984582319444e-09,2.901893326579286e-09,3.726584273030008e-09,5.380954873296041e-08,-2.9025059989914573e-08,4.433424898962904e-08,1.1314388943005566e-08,-4.67243019567382e-09,-1.2053400024715713e-09,7.010185944103216e-09,1.6847118981250906e-09,-5.439498762242255e-09,1.061467509676475e-08,-2.782245067571073e-08,6.646105968671338e-08,2.0844496565046865e-08,6.247082800757261e-09,8.796977536297061e-09,-3.0939203465985495e-09,-3.6706461339063706e-09,1.1519029590178231e-08,9.283216501693289e-09,1.3905009428507098e-08,6.508107521837428e-09,-5.902887288832667e-09,1.1214177085982919e-08,9.33056219892719e-09,-4.684052144509727e-09,-7.930721397783315e-09,4.189697925327499e-09,3.4272200873505687e-08,4.056913413310397e-09,1.1096195595349078e-09,6.714366298264561e-09,6.004309422941254e-09,9.220046763739278e-09,-5.164674084323443e-10,1.2273366237824117e-08,1.4198296174625736e-09,-6.741699671847033e-08,2.0017403338875137e-09,-2.736660346406095e-08,-6.1856874912245645e-09,-2.6729754880491338e-09,-9.212958882920502e-09
L16treat_p2,1.5254795618423836e-09,2.9911358313787883e-10,-8.212958592697988e-10,2.934839281853711e-08,-2.3027756998605322e-08,-2.0382308011029165e-09,9.023736662444345e-09,-4.21016549547241e-09,-1.8107304625527263e-09,3.1000756585501757e-09,-2.871129361376713e-09,-1.681842415492807e-08,5.6302507857071065e-08,-1.768558189927895e-08,-9.422042354265464e-09,7.310140607560901e-09,2.7374081513630747e-09,1.742019015878529e-09,2.2505022073493516e-09,-3.0842421448896785e-09,-3.507730582114556e-09,5.312911154284033e-08,-2.5227181967961336e-08,1.2924672883182553e-08,9.833324764830726e-09,3.193291376510589e-09,3.222544496382794e-09,2.3327352451588176e-09,-9.730463859485727e-10,-1.7577360855077022e-09,4.453711573606266e-08,-2.5272392074789517e-08,1.2505679173010112e-08,9.775839067501033e-09,-2.0681414173175595e-09,-5.341006021722383e-09,1.6055613271926858e-09,-2.563561753412805e-09,-5.71904645732098e-09,2.812972546953596e-08,-2.580959712243422e-08,2.0844496565046756e-08,2.5081383105860948e-08,1.4064699213041374e-09,3.7122797006554556e-10,-2.0695327955638577e-09,-3.5950098155411938e-09,1.0608060266784944e-08,1.5204094473284336e-08,4.165273028002701e-09,4.414220033966571e-09,6.914077088422083e-10,-3.776354243347745e-09,3.324933843338421e-09,-1.695873817670533e-09,-3.460204495045685e-09,8.203228750305757e-09,1.7330402059365965e-08,-2.273359717350266e-09,2.1047002735026857e-09,7.705390741110285e-09,-4.647930564024639e-09,3.3713316551065154e-09,2.6269043415146724e-10,9.344630500052824e-09,-1.1469477998978388e-09,-5.546345894136258e-08,1.3003040367514087e-08,2.5315557498194804e-09,-3.0935326713846113e-09,6.129416555456038e-09,3.2069538767621784e-09
L16treat_p3,-1.861643936475852e-10,-6.005357361775668e-10,-2.957676066270869e-09,-3.654719165993673e-09,8.661654774443791e-09,7.272034763666299e-09,-1.613507015759258e-09,1.4092547544278216e-09,9.865941129052092e-10,1.2491161870424243e-09,-7.715576058983587e-10,-1.1251630396499884e-09,-3.952094089375944e-09,4.0292200788809175e-09,6.9925679955840125e-09,-2.220363017950562e-09,4.482918348785353e-09,5.489020889877371e-10,-4.375350282236538e-10,-8.820943670105104e-10,-2.250422606094599e-09,-4.93655079467441e-09,3.6347475866524694e-09,6.979629662577901e-09,3.203934681105071e-09,5.865553166043469e-09,4.370837344267375e-09,-1.1496398691198645e-09,-7.701352877007377e-10,3.374655861747051e-11,-2.1236013306738787e-09,-1.8765283517161035e-09,5.768145807590884e-09,2.590916769796831e-11,3.680308720400098e-09,3.956811296679767e-09,-1.604430353168362e-09,-1.0557755209455964e-09,-1.246209255152684e-09,-9.865468188775e-09,-5.444209521057492e-11,6.247082800757281e-09,1.4064699213041423e-09,6.992985650636261e-09,4.357366462895108e-09,-1.4703206013237493e-09,-2.2073702982253945e-09,-2.8310076075450835e-09,-6.343643531988096e-10,-1.7464960524902524e-09,4.128195050776188e-09,-1.1095164976413849e-09,3.756060070825782e-09,-5.780695044332561e-10,-1.4248498787321106e-09,-8.028897061511155e-10,-2.4663791619562365e-09,4.492780638646018e-09,1.4646510199653476e-09,-1.9180155171736409e-10,3.4543531600741444e-10,3.862044657039872e-09,3.8355364464283756e-10,8.987120666316262e-10,-5.124690391283107e-10,6.736565877472411e-10,7.870990436611449e-09,-1.9405288891949497e-09,-6.460048000373006e-09,-6.917597184772623e-10,-3.976681174873886e-09,-3.069208337191667e-09
L16treat_p4,-2.1440814858954224e-09,-1.417830241772576e-09,-4.391564580220933e-09,-3.163982946187968e-08,1.9149151773913417e-08,1.3874742603878439e-08,-2.088497026692586e-09,-3.160921071443085e-09,6.148508570681029e-09,-1.3266055849863645e-09,-9.062002792986914e-10,7.5130703022497e-09,-4.123095499433821e-08,1.1614658408423677e-08,1.629172869840963e-08,3.4612348467779635e-09,-4.574031449843026e-10,5.591328509664026e-09,-2.0161615145120975e-09,8.29213467782082e-10,-3.2894531881874814e-09,-4.4404572324952565e-08,1.505893101260704e-08,1.234637942687193e-08,9.747978760283858e-09,-3.1915213230900736e-09,7.283597567777284e-09,-5.112031717033363e-09,-4.5647891976092837e-10,7.540288849411344e-10,-4.134742638002518e-08,1.348007284123375e-08,6.263584483182321e-09,8.039873140786993e-10,6.727379173984833e-10,1.3378000228918061e-08,-3.770453358407047e-09,-2.531371910144941e-10,-9.169105258096424e-10,-3.848141674529804e-08,6.880971175425745e-09,8.796977536297253e-09,3.7122797006558175e-10,4.357366462895085e-09,1.6329221373414105e-08,-1.8574003803817065e-09,-3.3424043564731467e-09,-7.035681472975234e-09,-1.1154214551214986e-08,-4.930034975322475e-09,6.713839509128179e-09,-1.1239382425227662e-09,7.403620667636123e-10,2.2562405047421617e-09,-2.4678665078737443e-09,8.713156306523861e-10,-4.917115948553776e-09,-1.059671743645318e-08,3.1137569219660505e-09,-3.205953252436724e-13,-1.0805499865873766e-10,4.102577318200658e-09,9.355925368959098e-10,1.894399460383657e-09,-4.35945702617018e-09,1.2799442179061093e-09,4.7086058325291265e-08,-1.1399156824723542e-08,-1.7571103690670856e-08,-6.35732098383412e-09,-4.2555234761139146e-09,-1.1565807220371163e-08
F12treat_m4,2.8829130689111667e-10,3.3734324142047307e-10,-1.8972117364547024e-11,4.0144058110834965e-10,2.708597717900351e-09,-3.0165041632313794e-09,1.31454001207713e-09,2.2016972913218555e-10,-1.5232828250531178e-09,-3.9643366130661265e-10,6.010183798687768e-10,1.0910672392572463e-09,-6.260597778481334e-09,3.533234191297184e-09,-2.2184856585016665e-09,2.550855020882675e-09,-8.923034507066718e-10,-2.1720216103829615e-09,8.597299520689533e-10,1.0719076393274156e-09,7.051836627344619e-10,-5.818870672893216e-09,7.488787220164281e-09,-5.6707581565592765e-09,3.209980859834095e-12,-9.983975695039596e-10,-2.4748206704251694e-09,1.1025339659784338e-09,6.61359633802101e-10,-1.1546292526300513e-09,-5.743146899985388e-09,6.752249311739552e-09,-4.8554590089381996e-09,9.709391987847254e-10,-3.825970473395735e-10,-1.1064308151002265e-09,1.6694125703272732e-09,1.483539316994182e-09,1.0527323350002474e-09,2.4764427871785486e-09,3.6121356571217746e-09,-3.0939203465984796e-09,-2.0695327955638734e-09,-1.4703206013237451e-09,-1.8574003803816918e-09,2.8547907950753414e-09,2.029672908402775e-09,-1.3456516834785882e-09,7.047718909574321e-10,1.7689530278833977e-09,-1.9982119937710182e-09,1.0204136579949605e-09,-3.8033685279767086e-10,-9.051116044746081e-10,1.5994943504832203e-09,1.121374382878181e-09,-1.1964368399711103e-09,-2.1487613810653738e-09,2.763815705353414e-10,-3.793666252108578e-10,9.77295530266957e-10,-2.172484232202153e-09,-1.3711067563329231e-09,-1.8619678559880273e-09,-1.6456619679762486e-09,-4.25396785166291e-11,3.6793979404994168e-09,-4.5180395975502373e-10,2.495396883199517e-09,-6.523309631142677e-11,1.2576329921350094e-10,2.1383361181044523e-09
F12treat_m3,5.956502251144209e-10,1.0740102887681318e-09,3.1468167497942424e-09,7.996031244748082e-09,-9.003533358663362e-09,-5.634721138245764e-09,3.689544470973144e-10,1.6963849565090394e-09,-6.547439699757082e-10,-4.704973115926275e-10,1.2289232971591617e-09,9.803986704045136e-10,5.151842720687849e-09,-4.468644381609264e-09,-5.382306086076995e-09,-1.5946439055010706e-09,-5.128135092137204e-10,-9.139156335050784e-10,1.0454215171563206e-09,6.495956685140028e-10,3.183912074868053e-09,7.985141151603087e-09,-2.2730915813603226e-09,-7.738535553984684e-09,-6.335940157738638e-09,6.463644852540404e-10,-2.1555651542465467e-09,1.6545244998167365e-09,1.4900812691073004e-09,2.362462316775523e-09,8.197146138261685e-09,-2.372393825448314e-09,-4.539018492209705e-09,1.135526119811776e-10,-7.010693460437963e-10,-2.040451980652736e-09,1.4582958952499569e-09,2.398148799415485e-09,2.786787773038311e-09,1.1532657891430958e-08,6.544033160019789e-10,-3.6706461339065063e-09,-3.5950098155412756e-09,-2.2073702982254677e-09,-3.3424043564731723e-09,2.029672908402808e-09,4.305665237531798e-09,2.1602416145238705e-09,2.958274089664042e-10,1.4444026676515296e-09,-3.869336500133053e-09,2.1077237255284754e-10,1.0176997485658279e-09,8.672052090189945e-10,1.4049325118704171e-09,8.020247443982276e-10,-5.646518639770276e-10,-1.458440325017175e-09,1.016813587860525e-09,6.571767012347509e-10,-1.0116514005172583e-09,-1.0851079088596835e-09,3.242678293666281e-10,-5.259650896171443e-10,-7.668067270257113e-10,-5.03324854548096e-10,-1.1216508292986116e-08,1.8826234852859493e-09,5.398541618589239e-09,2.8335795052414576e-09,6.743317586488964e-10,3.017250465673766e-09
F12treat_m2,3.035153477800981e-09,1.6744774666764792e-09,7.959769778539958e-09,4.185799286207134e-08,-4.082729573885211e-08,-9.292431083773137e-09,3.966134812951817e-09,-1.4293967673887367e-09,-1.6994029719045938e-11,4.069431297395123e-09,-1.5849952860339824e-09,-1.2720174343334462e-08,7.019730844146213e-08,-3.069987923338774e-08,-1.248628963739828e-08,-6.079970261377866e-09,5.002209674441182e-09,2.636052842716146e-09,4.32171912812475e-09,-3.395053874929513e-09,2.5100684835780223e-09,6.963356741427109e-08,-3.686689395820033e-08,6.3506965920964135e-09,-1.0546600324401368e-08,5.578743391146218e-09,9.878617518133675e-10,6.301828045196582e-09,1.5106911994589615e-09,5.351457957971775e-09,6.251293859024597e-08,-3.1438241428679153e-08,1.1626181210321741e-08,1.895235839388268e-09,-2.253231094072825e-09,-8.950867205571985e-09,4.024738189217745e-09,4.815978434317426e-10,1.331831728759869e-09,4.348689627902622e-08,-2.1674769504503894e-08,1.1519029590178178e-08,1.0608060266784967e-08,-2.831007607545089e-09,-7.035681472975288e-09,-1.3456516834786039e-09,2.1602416145237936e-09,1.8515914413485586e-08,1.0506592474232035e-08,5.743079224902832e-09,-1.2249579985011083e-09,-1.7670879016214768e-09,1.7834922008690683e-09,6.692331852840312e-09,-1.5717903770777153e-10,-3.084750784679074e-09,1.1085196456941922e-08,1.4926399105579238e-08,-2.6378724422231288e-09,2.416793622435281e-09,5.254950083786649e-10,-1.0967598742285102e-09,5.239521840203781e-09,4.803283770135174e-10,9.219343911250949e-09,-2.7758638231204504e-09,-7.322842827133e-08,1.4760144636840569e-08,9.90147677654965e-09,6.5749240773421945e-09,6.408413205825267e-09,5.121429883480557e-09
F12treat_m1,3.103692846049433e-09,1.5339506212431585e-09,9.877080602780116e-10,5.378683745186944e-08,-3.481140498039618e-08,-1.2774495435785962e-08,6.859697844102437e-09,8.061950551286115e-10,-4.907058972278447e-09,4.608847834240089e-09,-1.4406712959481692e-09,-2.162291218994115e-08,8.362556997154133e-08,-2.131314352212434e-08,-2.5452214559799724e-08,-4.785273876885908e-09,4.112588096097227e-09,-1.9271561860991787e-09,3.8289379189718265e-09,-2.7511465458025875e-09,-3.3335364744964664e-09,8.437036906224127e-08,-3.502392286645799e-08,-4.391496116096593e-09,-4.305878794286475e-09,6.840258274089247e-09,-2.0580339954081047e-09,6.4496221005576225e-09,6.51257069694089e-10,-4.868035942817697e-09,7.709589863187394e-08,-3.4684985941534733e-08,3.6558520107234986e-10,3.4981544470883777e-09,-5.428024240089339e-09,-1.4235261263913311e-08,4.819523540341326e-09,4.825301203689545e-10,-7.295110529037872e-09,5.8042130948804214e-08,-3.0192954337112274e-08,9.28321650169408e-09,1.5204094473284525e-08,-6.343643531986418e-10,-1.1154214551214885e-08,7.04771890957634e-10,2.958274089658519e-10,1.050659247423193e-08,3.490387417799779e-08,7.2319319251940715e-09,8.248016236838299e-10,-2.8716794040252937e-09,1.124683861451699e-09,1.6270349490400867e-09,9.136599428938907e-10,-2.884605674905717e-09,1.1142882468853157e-08,2.5927259903638704e-08,2.3770266201634536e-09,-1.5641818766585683e-09,-2.9546292356525185e-10,-6.358806399686248e-09,1.8604414577353643e-09,-1.5273471437366962e-09,1.0513732643160435e-08,8.314772982085255e-10,-9.001362916807759e-08,1.7629224617312914e-08,1.541402150085111e-08,6.459404367476235e-09,7.08566871032893e-09,1.2273902369454308e-08
F12treat_p0,1.9629544513533455e-09,2.932052490026841e-09,7.286134685139048e-09,2.59484518482801e-08,-5.111460821091458e-09,-2.9472555447324103e-09,6.178452724702195e-09,-6.413462070603217e-09,-2.9179067081505006e-09,1.7558423768988536e-09,8.940237861561661e-10,-5.114975659694643e-09,3.4006267209995e-08,2.2523456785108555e-09,-3.036326592441298e-09,-1.5183930044779097e-10,7.579117273624173e-10,-3.057724402272123e-09,1.006940395837115e-09,2.539633170293723e-09,-1.674928647063948e-09,2.3975982970693435e-08,7.147751293514569e-09,7.549237263777653e-09,-1.2792426676448128e-09,-1.4585376682279698e-09,-1.4261171050366758e-09,3.726471497196035e-09,2.699838659061138e-09,-2.6478395726346436e-09,1.9783902864125647e-08,8.13467887174677e-09,8.52089769601308e-09,3.312982014846001e-10,-5.3437792185155385e-09,-8.744593289676382e-09,4.501235767930431e-09,-2.401163219032732e-10,1.7192847759437354e-10,1.5228851583068545e-08,2.0806570906625483e-09,1.3905009428507115e-08,4.165273028002526e-09,-1.7464960524902495e-09,-4.930034975322404e-09,1.7689530278834901e-09,1.4444026676517248e-09,5.743079224902817e-09,7.23193192519349e-09,2.7025091329680587e-08,1.4717782502190274e-10,-5.147921286233019e-09,-1.4358305813795155e-09,2.7612072718041143e-09,1.0721628593341823e-09,-9.155842108097848e-10,8.281946257611166e-09,8.034170387241387e-09,1.2915197313367255e-08,4.216440094812148e-10,-1.5895815701412491e-09,-4.988988604462625e-09,3.6372375838316674e-09,-3.5947438031002013e-09,5.275847666611124e-09,-2.5171457694439557e-09,-3.359614539116368e-08,-7.215960840137988e-09,2.275749573823285e-09,2.7251632942131072e-09,4.598384009989381e-09,3.6762298106661567e-09
F12treat_p1,-1.079098122063488e-09,-2.0731105188832676e-09,1.1187910752668588e-09,-6.539763163504416e-09,6.4465793201904486e-09,7.590011319678892e-09,1.077784915873025e-09,-2.0544756943072574e-09,9.651526588638715e-10,5.958365841668691e-10,-1.2933289332065143e-09,3.593846946056907e-09,-3.178398072971768e-09,5.992293608841943e-09,6.85377067206278e-09,9.470268218038107e-10,1.6648761688175e-09,2.3601050347609385e-09,-1.2239718121808692e-09,-2.2767526435849877e-09,-1.1056507541705626e-09,-9.783901825323906e-09,-1.0396914539580175e-09,9.771323214958679e-09,5.967242073855727e-09,-8.749724477961946e-10,5.181029567697431e-09,-2.749110976795259e-09,-3.175531059547706e-09,1.4940723144125742e-09,-7.814211628423972e-09,1.4283855122421309e-09,9.346816908373255e-09,-1.8955782486483144e-10,2.3035215576459125e-09,5.835777574236788e-09,-2.4613216805961623e-09,-3.515077481709668e-09,-2.796805856806935e-13,-1.184689153687295e-08,-4.049825864712756e-09,6.508107521837523e-09,4.414220033966612e-09,4.128195050776283e-09,6.713839509128046e-09,-1.9982119937709934e-09,-3.869336500132772e-09,-1.2249579985011101e-09,8.248016236832794e-10,1.4717782502191874e-10,1.1766590141688279e-08,4.237795032307547e-10,1.009907503694033e-09,8.814356352811132e-10,-1.9966692104126054e-09,-6.448930316298352e-10,2.1271593717964355e-09,2.685100775438341e-09,3.1423824317797088e-09,3.6064614654740016e-09,4.426471766596335e-10,2.4285513609208494e-09,8.717094515700935e-10,1.5783168474591185e-09,1.7631137282261463e-09,-5.656836651315313e-10,8.596528914808675e-09,-2.669567657782104e-09,-1.0077950412033817e-08,-3.3742051077606637e-09,-2.2235102933396166e-09,-4.3447376354076465e-09
F12treat_p2,-6.165912932645737e-10,-1.497278504970349e-09,-9.077179834326593e-10,-8.301766426704167e-09,3.5382359784000282e-09,-1.6093032661030234e-09,1.25101780874397e-09,2.2749806304372014e-09,-4.153765459744918e-10,-1.1600866117559515e-09,-1.8584934616189652e-10,3.538931815851125e-09,-1.4461385105422607e-08,1.8533316246957983e-09,-9.211451377836157e-11,5.935536226983827e-09,-1.7231415435201768e-09,-1.6808093087276998e-09,4.090828304465056e-11,-9.738632274723562e-10,2.6079474998467556e-09,-1.3609579613978425e-08,2.0779570620467094e-09,-5.115872298990265e-09,3.436423637821198e-09,-1.5153236300063107e-09,-2.8102706407631655e-09,-7.10534649590349e-10,-1.8823903309538114e-09,1.3123882747571864e-09,-1.2775000750948958e-08,5.088223380578756e-09,-3.293212702332221e-09,2.5015644578623153e-09,1.5781412024717053e-09,1.5054423495413906e-10,-4.1461376033207727e-10,-2.805515565225156e-10,2.0605436243600467e-09,-3.2331878051492305e-09,2.194127145747388e-09,-5.90288728883266e-09,6.914077088423487e-10,-1.109516497641403e-09,-1.123938242522797e-09,1.0204136579949741e-09,2.1077237255290038e-10,-1.7670879016214923e-09,-2.8716794040253297e-09,-5.1479212862328655e-09,4.2377950323064183e-10,6.685993234882879e-09,-1.9689907193790625e-09,-2.406343524512036e-09,7.351020175737749e-10,7.419187669625096e-10,-2.2986863935116256e-09,-4.6993895267080875e-09,-4.3975322318982025e-09,2.0670663387147067e-09,4.3586193675305584e-09,-2.1721090076589043e-10,-2.035104963898168e-09,1.0128268467265888e-10,-1.7505076383087958e-09,-1.8521192771215531e-10,1.3131262993915119e-08,1.2815189152275141e-09,9.522805490149417e-10,-3.768983934330836e-09,-7.016273991326983e-10,1.200815121333204e-09
F12treat_p3,2.8997774459973277e-09,5.379799307792109e-10,4.333222329514253e-09,1.289750545148438e-08,-1.692352728334552e-08,1.9651626564094304e-10,-1.1052595036334151e-10,4.324594321350757e-09,5.569485050047502e-09,3.883756456452462e-09,-4.275901016517689e-09,-2.39959139400848e-09,1.9197019551909826e-08,-1.3674441847650999e-08,5.6612461375025244e-09,-1.0328960168607672e-08,9.056145386905091e-09,3.6935891947348143e-09,4.589613189943828e-09,-3.427844788433227e-09,1.757167555867938e-09,1.5097643317633636e-08,-1.4805682259578842e-08,5.51791258079125e-09,-1.0136349688556831e-08,9.394892491162612e-09,4.100659482469033e-09,3.280032941370294e-09,9.33801884558143e-10,6.726383213454114e-09,1.9799913256523816e-08,-1.7932957045722126e-08,7.8555556843086e-09,-1.7854999475051818e-09,3.558179694275126e-09,3.96489170239647e-09,1.9374837231021922e-09,2.3190176262463835e-09,2.7135873701894074e-09,5.610801955715287e-09,-1.1143894593272565e-08,1.1214177085983046e-08,-3.776354243347761e-09,3.756060070825756e-09,7.403620667635751e-10,-3.8033685279767293e-10,1.017699748565925e-09,1.783492200869126e-09,1.1246838614516783e-09,-1.4358305813795512e-09,1.0099075036940276e-09,-1.968990719379037e-09,1.3407476295931966e-08,2.784518649053634e-09,-1.971404399605036e-09,-1.7162456477236436e-09,5.943141303448855e-10,9.377184787980501e-09,-1.785814347646415e-09,-2.280091209232005e-09,-3.2546073905529127e-09,1.0238011571480363e-08,3.122473855143578e-12,7.636381940186322e-10,1.5687441995025638e-09,1.2318064123611774e-09,-1.9394954978953264e-08,4.027018200080057e-09,-6.742824251022827e-09,3.5959306385269013e-09,-6.5774596219364204e-09,-2.9529083589204458e-09
F12treat_p4,1.1446396542410143e-09,7.943464404888258e-10,4.725168541206824e-09,1.275604462560938e-08,-1.7164624210458678e-08,-1.108646496620989e-09,1.087433252769967e-09,-1.2972339792882655e-09,4.0464351315089085e-09,1.975783645186251e-09,-7.057489694722688e-10,-2.4549405605163255e-09,2.385308196481553e-08,-1.4033568367722638e-08,-1.419240367474257e-09,-3.7062606794264806e-09,2.1107999847059423e-09,3.4385108506082174e-09,1.8196532232320253e-09,-1.2612790561290017e-09,1.3111492635305874e-09,2.2259234160370104e-08,-1.473669581756855e-08,6.448377037133065e-09,-4.91035054218683e-09,2.8158166164682437e-09,3.3022799614757615e-09,2.1021947814412753e-09,1.253503105934902e-09,3.777765352488636e-09,1.9705603292714103e-08,-1.1363500112109449e-08,9.008864686343455e-09,8.886844949985076e-10,-1.539310345376086e-09,-3.1732611819792713e-10,1.2553799823947338e-09,8.439196178776358e-10,1.1327634675215606e-09,1.2054730671687816e-08,-7.4058386008045664e-09,9.330562198927127e-09,3.3249338433384573e-09,-5.780695044332873e-10,2.2562405047420807e-09,-9.051116044746045e-10,8.672052090190623e-10,6.692331852840323e-09,1.6270349490401721e-09,2.7612072718040564e-09,8.814356352811485e-10,-2.4063435245120185e-09,2.7845186490536456e-09,7.362429331204632e-09,-6.563976199330457e-10,-1.2798255158119019e-09,4.105076534628484e-09,1.5206184955268904e-09,1.7445200426922436e-09,1.2675244707613276e-09,-1.7645332407947755e-09,1.054108682845791e-09,4.757269467838206e-09,7.512297628501018e-10,3.4099070318356164e-09,-3.062327271994961e-10,-2.496932804337013e-08,2.5949877045538895e-09,-7.42626265471082e-10,2.719301549001592e-09,1.4503544382692172e-09,-1.772158638021495e-09
F8treat_m4,6.246844000838727e-10,4.923391077671754e-10,-6.617305207274461e-10,6.622421603273936e-10,3.021536889164649e-09,-1.7994999427477531e-09,2.413081010024639e-11,-5.160095000742684e-10,-2.002669512987382e-09,1.2055594006808658e-10,1.4482893170704954e-09,-1.2854944687958583e-10,-1.449089541997901e-09,2.434279268701638e-09,-3.4013554255212658e-09,8.618616120763024e-10,-2.400643886902598e-09,-1.617687815149711e-09,5.474395887270061e-10,8.200587740354402e-10,-1.9795816202309803e-10,-4.076669731408943e-10,3.806767547296857e-09,-4.766599570429561e-09,-2.1132450513504257e-09,-8.387903820063926e-10,-1.4519453138852853e-09,1.561002385532582e-09,5.95921677671004e-10,-1.3596076405172764e-09,-4.4335828238796165e-10,6.096425038227716e-09,-2.900812623385142e-09,-3.525053303161171e-11,-1.9855556329659137e-09,-3.174070270783817e-09,1.0716928345737668e-09,1.104951239017001e-09,3.9336710151917537e-10,3.765202475652696e-09,5.395033913865516e-09,-4.684052144509493e-09,-1.6958738176704593e-09,-1.4248498787321058e-09,-2.4678665078737538e-09,1.5994943504832223e-09,1.4049325118703021e-09,-1.5717903770776065e-10,9.13659942893888e-10,1.0721628593340328e-09,-1.9966692104125773e-09,7.351020175737916e-10,-1.9714043996050202e-09,-6.563976199330312e-10,2.281426308888374e-09,4.740896343446028e-10,-1.3793503728788114e-09,-1.7410536006247108e-09,1.9157055651050844e-09,5.528000795190493e-10,3.0314470165502075e-10,-3.574282049561206e-09,5.32080036662442e-10,-1.2318297865944707e-09,-1.0008492666741503e-09,-1.701673428388902e-10,8.397376867230892e-10,-1.603681101511915e-09,3.9597790227262904e-09,7.276882687552071e-10,1.9879787732603796e-09,2.237088110286823e-09
F8treat_m3,-1.8493130829817396e-09,-5.451250410044172e-10,-1.2330351564824457e-09,-1.069798536267579e-08,9.378599620843718e-09,-7.088723036733058e-10,-1.982988377877936e-09,8.515587675528486e-10,-7.419929655447466e-10,-2.4257346592663033e-09,1.7045323054785529e-09,4.9313908731959345e-09,-2.157069814271318e-08,8.634428194361264e-09,2.735424872922265e-10,2.3522769994755025e-09,-2.1752015557572285e-09,-1.1518520600596575e-09,-2.1358838131740464e-09,1.7815758335175506e-09,9.590771257811262e-10,-1.798782428649584e-08,1.0641969540238064e-08,-5.475310069969259e-09,2.654672631052403e-09,-2.905544739208963e-09,-1.8143591532140823e-09,-2.028768823986548e-09,-7.338835319251819e-11,-1.1210507162571038e-09,-1.7314557813534033e-08,9.384463512705911e-09,-7.142184285904367e-09,-8.782575031480374e-10,8.5863049228835e-10,2.136497931780518e-09,-9.90761378677443e-10,1.9682813902409978e-10,9.129904934121417e-10,-7.809177344652736e-09,6.548660747271441e-09,-7.930721397783085e-09,-3.460204495045711e-09,-8.028897061511359e-10,8.713156306523473e-10,1.1213743828781618e-09,8.020247443982688e-10,-3.084750784678851e-09,-2.8846056749052124e-09,-9.155842108098034e-10,-6.448930316299216e-10,7.419187669624555e-10,-1.7162456477236542e-09,-1.279825515811895e-09,4.740896343447164e-10,2.080000744062288e-09,-1.3685182041382473e-09,-7.165607287815467e-09,2.031079304218245e-11,-5.208031633130897e-10,-7.490315983607573e-10,-5.495538598905724e-10,-1.8134414545712118e-09,-4.0010112510819087e-10,-3.329241057250731e-09,-2.6825649709676307e-10,1.8949877141739312e-08,-2.8737810954594e-09,1.2978651973649218e-09,-2.540742001768759e-10,-5.483400118160812e-10,8.289937942213467e-11
F8treat_m2,3.6535098150798847e-10,1.2619512144004813e-10,7.269058350519887e-09,2.7885407870545912e-08,-2.4930670541640807e-08,-9.164242326071977e-09,2.714500278151831e-09,-9.239262718851128e-10,5.213465035528098e-11,1.2989494141342495e-09,-9.248865873270876e-10,-5.933071224985945e-09,4.597208238783698e-08,-1.6155319163048403e-08,-9.71158130019869e-09,-4.178071876559856e-09,3.6333192886514445e-09,1.1320823807278477e-09,5.836908189503859e-10,-1.6477319017050281e-09,2.318307197619286e-09,4.490975916515087e-08,-2.292135020633169e-08,3.2446038133260808e-09,-3.5258842651168046e-09,9.918599426050588e-10,-1.170690838583457e-09,2.036357799400476e-09,2.8563786633195295e-11,1.9590723528984486e-09,3.884157830030556e-08,-2.0442687145155298e-08,4.071880649625957e-09,-9.461684440178238e-10,-1.0659132988938179e-09,-4.723076038945249e-09,1.8442751811551224e-09,-1.7807153759165097e-09,4.048755549738561e-10,2.9597375577709118e-08,-1.8139380566150363e-08,4.189697925327619e-09,8.203228750305842e-09,-2.4663791619562076e-09,-4.917115948553775e-09,-1.196436839971098e-09,-5.646518639771544e-10,1.1085196456941824e-08,1.1142882468853219e-08,8.281946257611267e-09,2.1271593717964955e-09,-2.2986863935115987e-09,5.943141303448369e-10,4.105076534628499e-09,-1.379350372878775e-09,-1.368518204138489e-09,1.336017569032102e-08,8.43616839635466e-09,-5.067645435948145e-10,-2.8569090366880554e-10,-2.212421164373346e-09,-5.009019818537834e-10,1.0813986135217045e-09,1.0330286969663948e-10,7.381485926595867e-09,-2.199319590223052e-09,-4.8820362694304184e-08,1.0091144369695397e-08,8.53156314992222e-09,5.684985769064979e-09,4.847825584109269e-09,4.1155550098666665e-09
F8treat_m1,8.096213550193666e-09,3.2655379324697144e-09,3.0592990491915377e-09,6.950147735112679e-08,-4.541957731058864e-08,-2.590573990317344e-09,9.846098929813893e-09,-4.0925120693041114e-09,-3.273702954095594e-09,1.0536797940143875e-08,-7.840981713324941e-09,-3.0457723910296106e-08,1.1385513607069862e-07,-3.315225671295304e-08,-1.0104787555442315e-08,-1.1115209517665449e-08,1.215473798649602e-08,1.7135565205739213e-09,9.659796398392698e-09,-7.582083991937385e-09,-6.0307001130659124e-09,1.0297331380216968e-07,-4.461451346982725e-08,1.7653668071045e-08,-9.537939202663194e-09,1.4584520654337043e-08,6.138041309027051e-09,1.0301216842001512e-08,2.7152824241913546e-10,3.599629732394616e-10,9.997074927431873e-08,-5.0181084358925385e-08,2.332644384758829e-08,5.242526049186384e-09,-1.4228216707762714e-09,-1.2300279806609453e-08,6.609794650929289e-09,-9.570796793014249e-10,-6.327612134039927e-09,5.357014811461542e-08,-3.854412426469805e-08,3.4272200873505885e-08,1.7330402059366084e-08,4.492780638646107e-09,-1.0596717436452905e-08,-2.1487613810653783e-09,-1.458440325018086e-09,1.4926399105579162e-08,2.592725990363796e-08,8.034170387241769e-09,2.6851007754381907e-09,-4.699389526707996e-09,9.377184787980422e-09,1.5206184955269495e-09,-1.7410536006250512e-09,-7.165607287816669e-09,8.436168396354507e-09,4.7326220141071604e-08,-1.6436509661341114e-09,7.808362836656266e-10,3.962410126440894e-09,1.150137966948247e-09,4.2280878636430775e-09,-9.25767532537397e-10,1.5075503581461724e-08,2.3176258394401474e-10,-1.0913854286598236e-07,2.0903448833813965e-08,3.3266693454564254e-11,4.253183349456927e-09,1.4859490963132177e-09,6.540643044121295e-09
F8treat_p0,3.458110834390814e-10,1.1702222871208802e-09,2.5258316280783823e-09,2.2011612610410685e-09,8.594265241922763e-09,5.166645130929137e-09,-2.904709097460407e-10,-6.061060425407606e-09,2.858470057289646e-10,4.3192794260467393e-10,3.2712661716660035e-09,3.1428328811295887e-09,9.281170256239042e-10,9.204845451190478e-09,1.12659591696806e-09,-5.69398088593491e-09,-4.323356248252377e-09,1.3824284701361121e-09,-1.3241651270365316e-09,1.70120060919834e-09,-3.1406798190068294e-09,-2.427613795741028e-09,1.0041875160334782e-08,2.025704329410521e-09,-4.965098773073559e-09,-3.108902353608408e-09,4.117083655825152e-09,-2.988136455425467e-10,1.2220157003736308e-09,-1.5263536503886969e-09,1.5220203143909694e-09,1.125149282811003e-08,3.900832896626458e-09,-2.9826141898950144e-09,-7.119324908964728e-09,-1.2254271331228248e-09,-8.374635956621102e-10,6.445937375392734e-10,-6.199319288899525e-10,-2.6203298920748472e-09,1.0534490938239479e-08,4.0569134133107316e-09,-2.273359717350264e-09,1.464651019965341e-09,3.113756921966141e-09,2.7638157053519045e-10,1.0168135878605306e-09,-2.6378724422232524e-09,2.37702662016305e-09,1.2915197313367317e-08,3.142382431779889e-09,-4.397532231898244e-09,-1.7858143476464377e-09,1.744520042692339e-09,1.915705565104883e-09,2.0310793041956143e-11,-5.067645435951315e-10,-1.643650966135044e-09,2.0846655113742754e-08,3.094818556933253e-09,-5.157842722548366e-09,-5.023675278656065e-09,5.120020725647029e-09,-1.4076361818956733e-10,2.2264907114609316e-10,2.9147251526237865e-10,-9.433237924771643e-10,-1.4797397968913914e-08,-2.5953670393459267e-09,2.7800631357064147e-09,3.366200720734031e-09,-1.497740679172831e-09
F8treat_p1,-1.1093409607433253e-11,-3.367896035386805e-10,2.781564853250221e-09,3.625124382655947e-09,-2.5772179859120886e-09,1.94126311351274e-09,1.4778646027243757e-09,-2.278845035681636e-09,-9.120716070794333e-10,9.700375136174935e-11,1.0356840805966864e-09,2.054719531372981e-09,6.209136078348336e-09,-8.834215639178914e-10,-5.987550873173131e-10,1.5816502699011124e-09,-1.9925954803878485e-09,5.453886969798817e-10,-2.2630681665640477e-10,-1.2839790488570184e-09,1.1949232184068106e-09,4.586654469149538e-09,-4.10384193883487e-09,1.7184058088099485e-09,-5.866887767679493e-10,-1.2033165696206615e-09,1.6924762821918873e-09,-4.238579049068616e-10,-1.609629946943787e-09,1.6536402822062513e-09,5.880145670781776e-09,-5.212093413877339e-10,5.226686396076441e-09,1.712689523386672e-09,-1.176343684897988e-10,-9.825907528539185e-10,-9.282861977358009e-10,-1.6051436322070003e-09,1.243081447774574e-09,5.152388289844485e-09,5.219139282015574e-10,1.109619559535118e-09,2.1047002735028863e-09,-1.9180155171736566e-10,-3.2059532532623227e-13,-3.793666252108531e-10,6.571767012348609e-10,2.4167936224352605e-09,-1.564181876658376e-09,4.2164400948142195e-10,3.606461465474107e-09,2.0670663387148506e-09,-2.2800912092320848e-09,1.2675244707613185e-09,5.528000795189516e-10,-5.208031633131966e-10,-2.85690903668764e-10,7.808362836664754e-10,3.094818556933276e-09,6.64717177958334e-09,1.931562625027962e-09,-2.344778515755495e-09,2.9506109192891747e-09,1.0080602356590543e-09,1.593657248043586e-09,-6.837360391430383e-10,-6.684209530525313e-09,1.4602226406385143e-10,-8.421403521337252e-10,-1.277226235708349e-09,1.3190707505258062e-09,2.343296011232254e-10
F8treat_p2,7.206593767141308e-10,-4.9551694125330324e-11,-3.0112483685102745e-09,3.045919662448805e-10,3.873351047490025e-09,1.7957826800834717e-09,4.612017412386939e-09,-1.475944589518091e-09,-2.2995491557841797e-09,9.867017553676028e-10,-1.3211049142613463e-09,-4.226412107512518e-09,1.0269807671757984e-09,3.452286424797322e-10,1.3971658116905218e-09,9.341031624097344e-09,4.783298490219347e-10,-2.5754524172193102e-09,1.7991267638435288e-09,-5.934041509604409e-10,-1.0694677361820977e-09,-1.650494533183094e-09,4.1369056213070325e-09,3.773031970006256e-09,8.500813649193089e-09,7.858598932459155e-10,-9.606688484121125e-10,1.1487169974709608e-09,-1.0355386015361386e-09,-1.8714071669110717e-09,-4.038989620409722e-09,3.33840081427079e-09,3.933874104664997e-09,6.570431561206618e-09,1.4764744911387466e-09,-2.4874360040241007e-09,1.5086651584181234e-09,-8.099631791156951e-10,-1.406913324397718e-09,-9.612845627544317e-10,-9.987354121938387e-10,6.714366298264691e-09,7.705390741110546e-09,3.454353160074332e-10,-1.0805499865871201e-10,9.772955302669947e-10,-1.0116514005171477e-09,5.254950083787083e-10,-2.954629235651357e-10,-1.5895815701410839e-09,4.4264717665967017e-10,4.358619367530628e-09,-3.254607390552896e-09,-1.7645332407947542e-09,3.031447016550254e-10,-7.490315983606438e-10,-2.212421164373313e-09,3.962410126441145e-09,-5.1578427225482264e-09,1.931562625028007e-09,9.003176877889343e-09,-2.4363467671028823e-09,-5.981926315379202e-10,-1.293901384349127e-09,7.947345965514234e-10,-3.7314072012464094e-10,1.4703060447499267e-09,3.34019393554926e-09,-1.8173951457446926e-09,-6.013874785591747e-09,1.5700992097749452e-10,1.136954307485836e-09
F8treat_p3,-1.41702977867168e-10,-9.596618045234776e-10,2.7492805932387514e-09,-7.228664720213179e-09,-4.339644795108778e-09,4.373690421821281e-09,-2.446827621851951e-09,5.769613786790043e-09,5.75954872470109e-09,1.0158793174558103e-09,-3.391001935712083e-09,4.0290544080319444e-09,-8.507849646260285e-09,-4.871667600308113e-09,1.136741776955597e-08,-5.986552262961556e-09,7.413915213311234e-09,3.6249403322408465e-09,9.022459280303021e-10,-2.2608630628591804e-09,2.4744574701585087e-09,-1.1501079780503916e-08,-6.21405429446659e-09,7.3869823734309715e-09,-2.7309092657059407e-09,5.8930526784194845e-09,3.5031820194792466e-09,-9.005730861470533e-10,-3.0220626158984617e-10,7.100148461394765e-09,-7.362452886633551e-09,-6.857879602087334e-09,6.0329850255370105e-09,-2.516700452015906e-09,6.191067173353322e-09,7.897053374965e-09,-1.0384662899886412e-09,7.132647015596908e-10,3.364003257754576e-09,-1.4970470706047422e-08,-3.920168563706735e-09,6.0043094229413685e-09,-4.647930564024649e-09,3.862044657039806e-09,4.102577318200644e-09,-2.1724842322021636e-09,-1.0851079088596804e-09,-1.096759874228529e-09,-6.358806399686393e-09,-4.988988604462528e-09,2.428551360920817e-09,-2.1721090076587254e-10,1.0238011571480329e-08,1.0541086828458073e-09,-3.5742820495612324e-09,-5.495538598906363e-10,-5.009019818537726e-10,1.1501379669481994e-09,-5.023675278655924e-09,-2.3447785157554793e-09,-2.436346767102923e-09,1.3303327991635833e-08,-1.4321900793536844e-09,2.3200322413115064e-09,-1.0998149076815206e-09,3.3073611650370294e-10,1.0447225553304152e-08,-2.5813200892900726e-10,-1.02293092428498e-08,-2.235062072838709e-10,-8.219518988565815e-09,-5.970663059732606e-09
F8treat_p4,1.670932447436889e-09,1.2989417535731177e-09,2.16132283052446e-09,1.2042483839595708e-08,-9.672075494679675e-09,3.081699760874249e-09,6.054267820936339e-10,-3.058469652169366e-09,2.0048711201271794e-09,2.62143621673593e-09,3.105051088265377e-10,-4.440680198054781e-09,2.3767349721313795e-08,-9.380225076866112e-09,-9.65046618078387e-10,-3.029759328066508e-09,-4.621125362604574e-10,2.8931704686198397e-09,1.5507941695853573e-09,-9.166722530890545e-10,-1.5100398179283873e-09,2.1522046602041406e-08,-1.079603311900211e-08,7.348692690142775e-09,-4.423605071829003e-09,2.7801306614683002e-09,4.547900129847449e-09,2.5508845381630127e-09,1.0133082239300983e-09,1.2798845432646923e-09,1.968253671300718e-08,-5.6515372950066875e-09,1.0960002295157502e-08,1.1753146282142268e-09,-3.4564120105275643e-09,-3.0698489446598574e-09,8.873943792330774e-10,3.868958824980063e-10,-4.3665323947847854e-10,9.052747811961024e-09,-1.3421491180328278e-09,9.220046763739197e-09,3.3713316551065415e-09,3.8355364464283767e-10,9.355925368958732e-10,-1.3711067563329258e-09,3.242678293666393e-10,5.2395218402038165e-09,1.8604414577354977e-09,3.63723758383165e-09,8.717094515700989e-10,-2.0351049638981167e-09,3.122473855177126e-12,4.757269467838254e-09,5.32080036662421e-10,-1.8134414545712506e-09,1.0813986135217111e-09,4.2280878636430536e-09,5.120020725646956e-09,2.9506109192891114e-09,-5.981926315379021e-10,-1.4321900793536654e-09,7.05355201367159e-09,5.764517550057366e-10,3.2283148950714047e-09,-1.9899832202764963e-10,-2.168307136502538e-08,-1.1457254098400584e-09,-1.2480837871324672e-09,1.141807633020671e-09,2.607226982764594e-09,-1.309066761182639e-09
window_m4,-7.094115887431573e-10,-6.44311599400378e-10,1.542925843533569e-09,-2.8557171639383962e-09,-5.274261439713055e-09,1.0134198190217587e-09,-1.0179737668367265e-09,1.5044866624089349e-09,1.153563334897455e-09,-6.6432738299468e-10,-3.605301741355159e-12,2.3816215594993715e-09,5.809691013319621e-10,-4.470475369685202e-09,3.6469266209310374e-10,-2.2981584578192206e-09,1.769419223570657e-10,2.335990011385051e-09,-1.174511602714165e-09,-1.2746620169119796e-09,1.6805917519639096e-09,1.1884921399111756e-09,-8.721525668348924e-09,8.437464059930208e-10,-1.510903183880256e-09,1.4351859520240922e-10,1.71477984106088e-09,-2.0680752620030134e-09,-8.202271561427812e-10,3.833806024706846e-09,2.370842713246987e-09,-7.037236321407696e-09,9.629314924561785e-10,-9.577432229144914e-10,6.346461612134912e-10,3.032583034341254e-09,-2.472367342429253e-09,-3.4931461319050564e-10,1.2554333696871477e-09,-1.4649367587704326e-09,-3.382335200565648e-09,-5.164674084323697e-10,2.6269043415144827e-10,8.987120666316348e-10,1.894399460383667e-09,-1.8619678559880443e-09,-5.259650896171604e-10,4.803283770135505e-10,-1.5273471437364714e-09,-3.5947438031001694e-09,1.578316847459196e-09,1.0128268467264258e-10,7.636381940186498e-10,7.512297628501116e-10,-1.2318297865944997e-09,-4.0010112510824247e-10,1.0330286969669965e-10,-9.257675325374016e-10,-1.4076361818981597e-10,1.0080602356591096e-09,-1.2939013843491182e-09,2.320032241311527e-09,5.764517550057445e-10,2.606363797930237e-09,4.90999144702075e-10,8.026816193545175e-11,-8.7992258142785e-10,8.697746033717265e-10,-1.3222312544686173e-09,7.257978355033139e-11,-6.668962049956978e-10,-1.7209293753446613e-09
window_m3,2.6887959518454007e-09,1.0098277198468117e-09,5.397879645157989e-09,3.1174601748348045e-08,-2.6022338340509443e-08,-4.854431675504716e-09,5.020966743303128e-09,-2.0335791985594167e-09,-5.893593294597853e-10,3.6885156799552555e-09,-2.6004170440202025e-09,-1.0269781394993736e-08,5.458186276021959e-08,-1.9602039148173027e-08,-8.03501018303213e-09,-3.903618729552441e-09,3.973520291333049e-09,1.0288412586084896e-09,2.9934478874220306e-09,-3.5174532446691066e-09,-2.793010844127558e-10,4.969807392018826e-08,-2.559877811005575e-08,6.610969278034059e-09,-5.008835286041567e-09,3.901058000721342e-09,1.0232280788529471e-09,3.604594141728959e-09,-6.101526827034981e-10,1.4516514847545984e-09,4.527497390911942e-08,-2.2881860663416207e-08,1.0374870097723017e-08,1.8084051658407462e-09,-1.6942352737133428e-09,-6.147581904421036e-09,2.200481445042468e-09,-1.72041375862202e-09,-1.73202779373043e-09,2.9003023453888136e-08,-1.8137647891526417e-08,1.2273366237823905e-08,9.344630500052804e-09,-5.124690391283391e-10,-4.359457026170219e-09,-1.6456619679762689e-09,-7.66806727025744e-10,9.219343911250776e-09,1.0513732643160054e-08,5.27584766661114e-09,1.7631137282262907e-09,-1.750507638308771e-09,1.5687441995025462e-09,3.409907031835596e-09,-1.0008492666743075e-09,-3.329241057250815e-09,7.3814859265957595e-09,1.5075503581461032e-08,2.2264907114591338e-10,1.5936572480435886e-09,7.947345965515036e-10,-1.0998149076816217e-09,3.2283148950713695e-09,4.909991447020499e-10,8.81899815613249e-09,-5.169937515259017e-10,-5.371771676724802e-08,9.995099443880426e-09,3.5290911394454622e-09,2.335378503093689e-09,3.2175577762133556e-09,3.0110843611617225e-09
window_m2,3.0440505864002367e-10,-5.314014915223839e-11,-2.6464569163299e-09,-2.2357577138229464e-09,1.328962124419914e-09,1.5642782608937045e-09,-6.995835254925782e-10,-2.2834172882832158e-10,1.4758867462715022e-09,4.454036938268258e-10,-7.359810775042463e-10,-1.7878912581676284e-09,-2.8349324131068946e-09,-1.323919886588159e-10,1.086770633913163e-09,-1.1815848417920084e-09,4.575827866260357e-10,7.275634628779604e-10,5.321436731044942e-10,-1.68493457312154e-10,-2.4998338629371333e-09,-2.6397486389531494e-09,1.9230872508424895e-10,3.481610508561432e-10,-3.2214510437167586e-10,4.5292792167224647e-10,3.831981664232075e-10,-9.704365920790445e-11,6.404836315526475e-11,-2.184430056742105e-09,-1.1216866408114938e-09,-1.4494181430826016e-09,-6.839072352459325e-10,-1.737259115795611e-10,-7.816754680411072e-10,6.263032542727702e-10,-7.320968075591195e-11,5.52179784793382e-10,-2.634269826675019e-09,-2.3636109870746174e-09,-4.627359585981553e-10,1.4198296174624957e-09,-1.1469477998979091e-09,6.73656587747204e-10,1.279944217906135e-09,-4.253967851660708e-11,-5.033248545480576e-10,-2.77586382312034e-09,8.314772982084456e-10,-2.517145769444043e-09,-5.656836651315578e-10,-1.8521192771222157e-10,1.231806412361208e-09,-3.0623272719947576e-10,-1.7016734283893278e-10,-2.6825649709664923e-10,-2.19931959022302e-09,2.3176258394398245e-10,2.914725152620414e-10,-6.837360391431003e-10,-3.731407201246824e-10,3.3073611650368816e-10,-1.989983220276347e-10,8.026816193547398e-11,-5.169937515259446e-10,2.2301199852015355e-09,3.1327447638102708e-09,-5.502650200760088e-10,-2.115211452293013e-09,-5.501819863297462e-10,-9.408461303337089e-10,-1.1227780010271274e-09
window_m1,-2.1312461639476143e-08,-1.1390807690822439e-08,-3.709447838689747e-08,-2.609068951868233e-07,2.2564252007781656e-07,5.878021202390087e-08,-2.9195466871402758e-08,3.21969434357391e-09,4.021090657760411e-09,-2.4614925378204064e-08,1.2400735152839071e-08,8.336713325562008e-08,-4.1451001439834384e-07,1.604526691963546e-07,8.443895493366828e-08,4.2026016853361945e-08,-2.7530977849778134e-08,-8.009548077984529e-09,-2.5913382703230964e-08,2.0834919832265207e-08,-5.830191611556675e-09,-4.101516657028957e-07,2.022272365069659e-07,-1.0288988264041231e-08,6.108533927648723e-08,-3.863582520057861e-08,-3.2694826734145592e-09,-3.388492701229501e-08,-5.9812504260294775e-09,-1.6456882351093203e-08,-3.835575959456836e-07,1.9823611771423232e-07,-4.303570982349131e-08,-1.232691248816807e-08,1.530707376585334e-08,5.2204022633798374e-08,-2.1581822482546382e-08,-3.0556177206946402e-09,6.280283316542262e-09,-2.6552858252878357e-07,1.3859231586632918e-07,-6.741699671846981e-08,-5.546345894136254e-08,7.870990436611385e-09,4.7086058325291324e-08,3.6793979404993522e-09,-1.1216508292985724e-08,-7.322842827132992e-08,-9.001362916807801e-08,-3.359614539116456e-08,8.59652891480888e-09,1.3131262993915168e-08,-1.9394954978953307e-08,-2.4969328043370173e-08,8.397376867234857e-10,1.8949877141740205e-08,-4.882036269430422e-08,-1.0913854286598355e-07,-9.433237924779119e-10,-6.684209530524642e-09,1.4703060447501746e-09,1.0447225553303992e-08,-2.1683071365025278e-08,-8.799225814277983e-10,-5.371771676724824e-08,3.132744763810281e-09,4.4336543353667153e-07,-8.594638167216615e-08,-5.5751240848271466e-08,-3.701885516270999e-08,-2.7609170919102534e-08,-3.8314025785166904e-08
window_p0,2.754640642455531e-09,6.364627049966445e-10,5.479200980976395e-09,4.992027279039064e-08,-4.967393581194533e-08,-1.8362864275344444e-08,4.669273014417401e-09,4.423629236053921e-09,-1.7837064238502638e-09,3.341830250907932e-09,-3.161180248869866e-09,-1.559853582484496e-08,7.71914282964699e-08,-3.789124171204233e-08,-2.1561046249248185e-08,-4.962157464739302e-09,7.776380216922799e-09,3.932814976263564e-10,4.557128637414744e-09,-5.313586280177766e-09,5.55659917468975e-09,8.369573983592315e-08,-4.812588057159077e-08,-7.314151260855819e-09,-8.216609279461515e-09,9.619362865717615e-09,-2.7043713932115064e-09,4.814771997072091e-09,-1.0046980233430708e-09,4.227873168624682e-09,7.60906508082991e-08,-5.4000839214271635e-08,-1.2626230152044323e-09,4.1499955572148895e-09,4.210004435620732e-09,-7.3836169994752594e-09,2.995582593190882e-09,-1.1879791288069476e-09,-6.370816753251622e-10,6.0031878174956e-08,-3.940607653571567e-08,2.001740333887291e-09,1.3003040367514108e-08,-1.9405288891949716e-09,-1.1399156824723615e-08,-4.5180395975492824e-10,1.882623485286064e-09,1.4760144636840557e-08,1.7629224617313814e-08,-7.215960840137967e-09,-2.669567657782075e-09,1.2815189152275472e-09,4.027018200080049e-09,2.5949877045538725e-09,-1.6036811015118609e-09,-2.873781095459321e-09,1.0091144369695517e-08,2.0903448833814954e-08,-1.4797397968913854e-08,1.460222640640898e-10,3.3401939355493725e-09,-2.581320089289238e-10,-1.1457254098400805e-09,8.697746033715717e-10,9.99509944388027e-09,-5.502650200760894e-10,-8.594638167216739e-08,3.3243916162039854e-08,1.7665871584206832e-08,7.216423162014006e-09,3.3362394327611233e-09,1.0295286881673912e-08
window_p1,-9.025526713924891e-10,1.0779111133306382e-09,4.046984718940389e-09,3.3368874512931454e-08,-2.3516064934731348e-08,-2.5367196379145987e-08,-1.4324307968619216e-09,5.778837185727676e-09,-8.494766603832898e-09,-2.156357223511443e-09,6.231084419929207e-09,-6.046914991866502e-09,4.0576377371107584e-08,-1.5063885004108323e-08,-3.193737487072569e-08,-3.0773438407806473e-09,-2.516011812203008e-09,-6.976390787501468e-09,-1.9639346502657145e-09,1.7154241633404049e-09,6.316397594650269e-09,5.732551935541574e-08,-1.9990923225921523e-08,-2.7717241543813218e-08,-1.0573271561712735e-08,2.0689359424028685e-09,-1.1438763609489977e-08,3.1324238734360933e-09,1.0913917638895371e-09,-2.2307132526003083e-09,4.8740797841625037e-08,-1.961092486796153e-08,-2.156110790828061e-08,-1.946914946128578e-09,-1.2180803457480579e-09,-1.5112969621920575e-08,1.885066329488132e-09,4.150163316453857e-10,7.262349394799541e-10,5.580352397029391e-08,-8.738221438420661e-09,-2.7366603464061623e-08,2.531555749819277e-09,-6.460048000373095e-09,-1.757110369067081e-08,2.4953968831995384e-09,5.398541618589036e-09,9.901476776549652e-09,1.5414021500851612e-08,2.2757495738231002e-09,-1.007795041203406e-08,9.522805490147707e-10,-6.742824251022839e-09,-7.426262654711406e-10,3.959779022726381e-09,1.297865197364884e-09,8.531563149922288e-09,3.32666934542841e-11,-2.5953670393458837e-09,-8.421403521339248e-10,-1.8173951457447373e-09,-1.0229309242849851e-08,-1.2480837871325487e-09,-1.322231254468571e-09,3.529091139445516e-09,-2.1152114522931058e-09,-5.5751240848270884e-08,1.7665871584206968e-08,3.549801690312323e-08,1.2134780149817702e-08,1.0600510544881688e-08,1.706174994919547e-08
window_p2,9.358999611791053e-10,8.487949147897073e-10,4.640628173515799e-09,2.284734534950625e-08,-1.9020432715059748e-08,-9.248932226734314e-09,-3.890697247285957e-09,1.3853909295675931e-09,1.1631407617775272e-09,1.2026183915449203e-09,1.5830578872143944e-09,-3.217780429953357e-09,3.0197033043341613e-08,-1.400716312398673e-08,-8.883950724155419e-09,-1.2814612552252632e-08,2.825082493535744e-09,1.077779337210128e-09,8.625661983564685e-10,-5.238359687829263e-10,3.038220856652928e-09,3.754354630542287e-08,-1.6778320146526836e-08,-6.726183737854199e-09,-1.391278244380418e-08,4.875659946270174e-09,-1.1982937840505686e-10,2.934357773125051e-09,1.8110151626007836e-09,2.7215933569429663e-09,3.7490523446187573e-08,-2.0811776472428592e-08,-3.383402455244456e-09,-5.371881238837755e-09,-2.0083231153907962e-10,-4.3823998244045164e-09,1.331312123259937e-09,1.2009147067739067e-09,1.8227541251201283e-09,2.7803700578029182e-08,-8.56038413611024e-09,-6.185687491224717e-09,-3.093532671384718e-09,-6.917597184772425e-10,-6.3573209838341215e-09,-6.523309631145637e-11,2.833579505241446e-09,6.574924077342142e-09,6.459404367476117e-09,2.7251632942129422e-09,-3.3742051077605946e-09,-3.7689839343307925e-09,3.595930638526927e-09,2.7193015490015814e-09,7.27688268755206e-10,-2.5407420017691065e-10,5.684985769064928e-09,4.253183349456767e-09,2.780063135706368e-09,-1.2772262357082252e-09,-6.013874785591618e-09,-2.235062072838648e-10,1.1418076330206744e-09,7.257978355033476e-11,2.3353785030936855e-09,-5.501819863297721e-10,-3.701885516270974e-08,7.216423162014035e-09,1.2134780149817576e-08,1.1614741760345678e-08,3.22142951369226e-09,4.76651696489665e-09
window_p3,4.947853276354604e-10,7.80730115825297e-10,4.229844352927345e-10,1.4664825333145438e-08,-1.0751086760748112e-08,-6.0858590276653075e-09,1.4941806430662573e-09,-4.31139176520678e-09,-2.600585516453609e-09,1.632889067764708e-10,2.0697542185911286e-09,-6.1430495842477085e-09,2.5217540612041537e-08,-7.398439595052796e-09,-1.1380115481425638e-08,1.2269540180105507e-10,-4.09213207755984e-09,1.0642387345942463e-11,2.90108184412904e-11,6.362719345539586e-10,-1.4381617869528962e-09,2.7902020855763022e-08,-1.010971782267079e-08,-2.6630634855566125e-09,-2.5529868009550753e-09,-3.437892749490718e-09,-1.6243770561544936e-09,1.943872891521524e-09,1.137775335201942e-09,-2.574968330534899e-09,2.2895462083100526e-08,-5.987150917493148e-09,-1.5396729298778388e-09,3.795072926124393e-10,-6.093304632739015e-09,-7.303063978588733e-09,1.218769876510622e-09,1.4891380890177546e-10,-2.039294102852163e-09,2.0709065127269954e-08,-4.218445620372776e-09,-2.6729754880493315e-09,6.12941655545605e-09,-3.976681174873861e-09,-4.255523476113953e-09,1.2576329921351562e-10,6.743317586488475e-10,6.4084132058252635e-09,7.085668710329171e-09,4.598384009989405e-09,-2.2235102933396174e-09,-7.016273991327184e-10,-6.577459621936437e-09,1.450354438269157e-09,1.9879787732603916e-09,-5.483400118160782e-10,4.847825584109283e-09,1.4859490963133329e-09,3.3662007207339968e-09,1.3190707505257189e-09,1.5700992097751993e-10,-8.219518988565855e-09,2.607226982764575e-09,-6.668962049956989e-10,3.217557776213299e-09,-9.408461303337335e-10,-2.760917091910267e-08,3.336239432761098e-09,1.0600510544881714e-08,3.2214295136922847e-09,8.765818225923232e-09,4.955063138800284e-09
window_p4,5.415240787883807e-10,8.315846781170422e-10,1.9891490548342557e-09,2.4545671223969515e-08,-1.3860705221401516e-08,-1.2969260974534514e-08,2.270276434043147e-09,3.0830178805075188e-09,-6.46090345453393e-09,1.6233711947015462e-11,2.0379062838724142e-09,-6.35837696641676e-09,3.0504503475324137e-08,-6.497206270999161e-09,-1.7545435638058817e-08,5.555144994865068e-10,-5.125162342752309e-10,-5.826566434037133e-09,6.259723193342218e-10,2.6813086686815977e-10,2.463043942257666e-09,3.589733667234025e-08,-1.0203833328761667e-08,-1.3462755837801647e-08,-4.1079687990813955e-09,2.09153312299393e-09,-6.750412837120403e-09,3.2922116490700412e-09,3.7792647400981034e-10,-2.19841703538633e-09,3.151208091910058e-08,-1.007151949040976e-08,-8.667178193344332e-09,1.1649225806386385e-09,-5.861372632012433e-10,-1.0880736408037392e-08,2.683848596209725e-09,2.489811931254145e-10,-6.500853488299919e-10,3.339337869410236e-08,-7.0672868570116404e-09,-9.212958882920697e-09,3.2069538767620527e-09,-3.0692083371916644e-09,-1.1565807220371138e-08,2.138336118104436e-09,3.0172504656736584e-09,5.121429883480517e-09,1.2273902369454116e-08,3.676229810666197e-09,-4.344737635407806e-09,1.2008151213331014e-09,-2.9529083589204814e-09,-1.7721586380215382e-09,2.237088110286785e-09,8.289937942203054e-11,4.115555009866647e-09,6.540643044121194e-09,-1.4977406791727888e-09,2.3432960112311134e-10,1.1369543074857658e-09,-5.970663059732625e-09,-1.3090667611826389e-09,-1.7209293753446289e-09,3.0110843611617664e-09,-1.1227780010271159e-09,-3.8314025785166607e-08,1.029528688167385e-08,1.7061749949195524e-08,4.766516964896696e-09,4.955063138800252e-09,1.1358665417235412e-08
