,treat_m4,treat_m3,treat_m2,treat_m1,treat_p0,treat_p1,treat_p2,treat_p3,treat_p4,L4treat_m4,L4treat_m3,L4treat_m2,L4treat_m1,L4treat_p0,L4treat_p1,L4treat_p2,L4treat_p3,L4treat_p4,L8treat_m4,L8treat_m3,L8treat_m2,L8treat_m1,L8treat_p0,L8treat_p1,L8treat_p2,L8treat_p3,L8treat_p4,L12treat_m4,L12treat_m3,L12treat_m2,L12treat_m1,L12treat_p0,L12treat_p1,L12treat_p2,L12treat_p3,L12treat_p4,L16treat_m4,L16treat_m3,L16treat_m2,L16treat_m1,L16treat_p0,L16treat_p1,L16treat_p2,L16treat_p3,L16treat_p4,F12treat_m4,F12treat_m3,F12treat_m2,F12treat_m1,F12treat_p0,F12treat_p1,F12treat_p2,F12treat_p3,F12treat_p4,F8treat_m4,F8treat_m3,F8treat_m2,F8treat_m1,F8treat_p0,F8treat_p1,F8treat_p2,F8treat_p3,F8treat_p4,window_m4,window_m3,window_m2,window_m1,window_p0,window_p1,window_p2,window_p3,window_p4
treat_m4,1.8530671373955902e-09,5.91310900820623e-10,3.2632153889535556e-10,3.6336656051968716e-09,-2.296253106040097e-09,2.807708007927949e-10,1.5830156528533856e-09,-3.742004560409077e-10,4.535313140835196e-10,1.7567536753227341e-09,-1.1164320642449132e-09,-1.430760936259011e-09,5.697546903333683e-09,-2.534256986990958e-09,8.47306961088185e-10,-2.391302703602404e-10,1.3900363249603015e-09,3.459173302597117e-10,2.2311220896889748e-09,-5.858923304255702e-10,3.9650199938760603e-10,2.7123558092984798e-09,-6.521755757028281e-10,1.3445142330669125e-09,-1.8480563076258329e-09,1.8420082433562909e-09,4.292178052629004e-10,1.881115396846148e-09,6.948495850142641e-10,9.962731864076256e-10,3.625772449067053e-09,-4.347230723345425e-10,2.778533409191733e-09,1.0678061545452304e-09,-4.560810968540115e-10,-9.697079320018834e-10,9.937979506735655e-10,1.1796842521254316e-09,5.544126078196339e-10,1.4285260665647323e-09,-7.22728910736772e-10,4.159779915933055e-09,-3.11778349616065e-10,9.505909629343109e-11,-1.0824163981684682e-09,6.294326588110962e-10,3.920550203193911e-10,2.8019312780754287e-10,7.999270652179041e-10,-7.578198254302245e-10,-9.338107629042853e-10,4.755387068087764e-10,1.7671160180031507e-09,3.65619412481012e-11,6.284739409100828e-10,-6.882138190486425e-10,-1.3372340875264948e-09,3.5533741109347435e-09,-1.4223442458495873e-09,-4.537868265864621e-10,9.62741580565084e-10,6.22974012665677e-10,4.969693652249437e-10,-6.614899302698339e-10,-9.042330546393445e-12,-1.2431901449008187e-10,-4.083521171641909e-09,-8.92160078934133e-11,-2.1734997700302942e-09,-9.873189254239e-10,-6.965130194522669e-10,-6.047066256400414e-10
treat_m3,5.913109008206145e-10,1.096642413679362e-09,2.6857563801113166e-09,6.649489297857165e-09,-7.273559355677694e-09,-1.7927268777601395e-09,7.055655799648064e-10,4.309261391265827e-10,6.114658070824656e-11,4.681263586071834e-10,2.419133667817905e-10,-6.811002485959114e-10,7.507814996912708e-09,-5.631488683578514e-09,-1.461792578434443e-09,4.2272420937982995e-11,1.2290357766948495e-09,3.115310696049427e-10,5.534878228402454e-10,9.62951718700742e-10,1.7242563107329274e-09,6.9663708588740185e-09,-4.593892821802884e-09,9.703387574928727e-10,-9.525733576542347e-10,2.3285817600451523e-09,3.00346337679649e-10,1.289600077301954e-09,2.3364179265115798e-09,6.815756404002736e-10,7.238012402896324e-09,-5.7907076778345505e-09,8.88376469338074e-10,8.875381055621014e-10,-2.627406755834507e-10,-1.3785307158986651e-09,7.048373797920799e-10,2.018992196151096e-09,1.313284429526987e-10,4.386408862384253e-09,-4.3067237063790975e-09,2.9280823887319513e-09,8.718981323151801e-10,-2.3208877762725825e-10,-1.1336046349212054e-09,4.811065945048951e-10,1.2535560412041592e-09,1.3828586332129835e-09,1.7813447098852974e-09,-3.2071210438275053e-10,-2.3148717356157084e-09,-6.594468257318845e-10,3.9233199042242594e-10,2.580475327591156e-10,6.00125070765112e-10,8.521222249602466e-11,-1.6691417445123676e-10,2.6801006112340016e-09,-1.918150156374681e-09,-9.1554647870621e-10,2.779340005113631e-10,-1.1701531231814318e-10,4.251941266351718e-10,-6.375140238270053e-10,-6.931184179187692e-10,-5.832066760815141e-10,-1.0228401478874182e-08,3.2502351418662617e-09,1.8455486617421577e-09,8.261485411341552e-10,1.0482891419717337e-09,1.3020293208850981e-09
treat_m2,3.2632153889536104e-10,2.6857563801113154e-09,3.787674539466752e-08,4.821829819503455e-08,-7.758066869357355e-08,-2.0692006902533858e-08,4.228154741897626e-09,5.695224140568746e-09,3.2076542359630506e-10,9.782993354986785e-10,6.621967721026934e-10,1.0478506959762111e-08,6.034793378385334e-08,-5.196807148528718e-08,-1.3866709365825264e-08,-7.617570173242368e-09,1.1953969190949363e-08,3.1093976706142178e-09,9.028463326818377e-10,4.254592963877161e-09,2.554838889473904e-08,4.945033218283573e-08,-6.088600086623266e-08,9.205993290810236e-09,-1.47795879521888e-08,1.4669738694039505e-08,4.0810305446153906e-10,7.061443782698096e-09,1.5659659182113546e-08,1.533706478336776e-08,5.892231489638941e-08,-5.34305168054996e-08,1.3140121548473627e-08,-8.296345911530699e-11,2.3100524724971747e-09,-5.9589510396297276e-09,2.6831531872199565e-09,1.4540073121977282e-08,8.808443473783937e-09,3.7234595462284e-08,-4.243959903676896e-08,1.5845413307951537e-08,8.718218599044953e-09,8.850632437965205e-10,-8.666518941322674e-09,2.677559911346915e-09,1.044247834411094e-08,1.815719857014404e-08,1.6287836320975384e-08,3.1331710833682423e-09,-4.048143006699264e-09,-9.70527610902233e-10,5.756719306727809e-09,3.517392299986811e-09,3.440343258313371e-09,1.8285634102269372e-09,1.4698562209696874e-08,1.8359610088910532e-08,-9.023577471296487e-09,-7.175116412583811e-10,-2.6495651812904704e-09,3.757838569420579e-09,6.489202267262184e-10,-2.6167963414052927e-09,-3.2722199757480443e-09,-7.020431210555686e-09,-8.740180436031669e-08,2.85726084596135e-08,1.858667913190444e-08,1.124654344291604e-08,9.540398585660777e-09,1.1961973410662297e-08
treat_m1,3.6336656051968476e-09,6.649489297857188e-09,4.821829819503477e-08,1.2515488523712337e-07,-1.3833930719244063e-07,-3.928106363441244e-08,9.252442830855216e-09,7.450590633514707e-09,-4.3952803349095545e-09,6.612478944639664e-09,2.6153139140218712e-09,-6.925506177876443e-09,1.451243309129004e-07,-9.163126229239853e-08,-3.975957784987371e-08,-1.0928404428269674e-08,2.4992570630870966e-08,-4.576294486801061e-10,6.3136509128369356e-09,1.0440329416150594e-08,3.474152612188115e-08,1.3095810437203326e-07,-9.894396628532641e-08,7.164089196420833e-09,-1.984915003793951e-08,3.763743431896835e-08,5.781165987606507e-10,1.9373928837865773e-08,3.3818279701802715e-08,1.1985127805081222e-08,1.4679851822418153e-07,-1.0650835561426494e-07,1.5016376202542797e-08,7.479190291086206e-09,1.607130375527895e-09,-2.269596878920363e-08,9.772156379164852e-09,3.169761207442471e-08,2.4601126655498984e-09,9.378001104488013e-08,-8.464355677172999e-08,3.3696045222192535e-08,2.5646817982038798e-08,5.4780818593350855e-09,-2.3542894784684805e-08,8.827368511402027e-09,1.94643399694432e-08,2.7888545533261066e-08,5.160311597854225e-08,-4.464716265406856e-09,-1.724226219456653e-08,-2.1065371829483487e-09,1.0816206452208539e-08,2.0746570845498337e-10,9.923369696554694e-09,2.3918722954359762e-09,1.435362270366229e-08,5.7377030236877146e-08,-2.5445156420908863e-08,-6.053067571922052e-09,2.97904809476889e-09,-1.3694170361501385e-09,1.4641900447655962e-09,-9.745659960452157e-09,-8.258752806932795e-09,-8.142348778562392e-09,-1.9304640695789845e-07,5.843326862160721e-08,3.837238807260666e-08,1.7207107107077135e-08,1.6106595901512177e-08,2.9704213408199435e-08
treat_p0,-2.29625310604006e-09,-7.273559355677742e-09,-7.758066869357352e-08,-1.3833930719244002e-07,2.1167427343677328e-07,5.114631536339068e-08,-8.399365779348791e-09,-1.1668587460690615e-08,-3.081784096219895e-09,-4.304868549623816e-09,-1.4871177980292127e-09,-8.427643777020177e-09,-1.7433494275591807e-07,1.4224443125360062e-07,4.30853627606079e-08,1.9490152151729207e-08,-2.8806499606352575e-08,-1.2861178258357198e-08,-5.391717613547162e-09,-1.0471882860878377e-08,-5.327835903695073e-08,-1.5575570732925712e-07,1.647848507101564e-07,-1.8291804559419528e-08,3.2623510538858125e-08,-4.061524703486489e-08,-6.3792887199657956e-09,-1.957966193914889e-08,-4.2740297788928747e-08,-3.178020155795628e-08,-1.8304292641792524e-07,1.5731256149888954e-07,-2.4899155692577823e-08,-4.977379532879177e-09,1.120576038697304e-09,1.476616116189936e-08,-6.571992184561093e-09,-4.192131077338965e-08,-1.1310149876907483e-08,-1.1241686724755979e-07,1.2122175905599552e-07,-4.531321726019239e-08,-3.063473072362905e-08,-1.938317509499793e-09,2.0966443225083815e-08,-6.662035472588751e-09,-2.670517633487777e-08,-4.090373411728063e-08,-5.2220032933312104e-08,1.41863728383653e-08,1.8275782706448322e-08,4.024317260514353e-09,-1.566573106054058e-08,-8.916697979377566e-09,-9.441132826789145e-09,-5.115341673501025e-09,-2.3787034857928432e-08,-5.812533363856048e-08,3.356888078259364e-08,6.549278137542279e-09,3.109957828787731e-09,-6.996957512733881e-09,-3.6636869674415657e-09,5.001923929949223e-09,1.1280181166616632e-08,1.192734531505135e-08,2.415822478045664e-07,-8.149183893996359e-08,-4.6095740986681e-08,-2.8183883707580118e-08,-2.5891775762930165e-08,-2.9608457106697822e-08
treat_p1,2.8077080079281333e-10,-1.792726877760118e-09,-2.0692006902534066e-08,-3.928106363441272e-08,5.1146315363390354e-08,2.547626666072529e-08,-1.9592880789617013e-09,-5.885243257983177e-09,3.3545600720126183e-09,5.774085132826085e-10,-3.765583161540594e-09,-5.07231793027116e-09,-4.169630511076546e-08,3.07660342676786e-08,2.2574434194198864e-08,3.221308441769072e-09,-5.615937735692902e-09,2.606125384763131e-09,-1.3665326384356083e-09,-5.9887106578571995e-09,-1.861420322038588e-08,-4.103707445412211e-08,3.388850408648552e-08,1.0223896905136968e-08,1.0233933934297188e-08,-8.47196157585081e-09,6.408175869975171e-09,-6.766614381763852e-09,-1.3080970238026934e-08,-7.428499716134873e-09,-4.3528308757674436e-08,3.2360900276725845e-08,5.927070815150934e-09,-1.1705864772347801e-09,-2.4431880064975524e-09,7.006565382690486e-09,-4.403649101940561e-09,-1.2953937026817236e-08,-6.2917404234801125e-09,-4.014050135695769e-08,2.5535485776950933e-08,2.8539852848323553e-09,-6.874708090268572e-09,1.730673422813697e-09,1.080063463070383e-08,-5.458430679170214e-09,-9.597658478530269e-09,-9.684560099511096e-09,-1.7422643165601336e-08,1.5995462406046503e-09,8.519507037880617e-09,-5.772431887362362e-10,-2.6777193629079193e-09,6.299458573046257e-10,-4.648155248957809e-09,-3.280958444767868e-09,-8.72660550616942e-09,-1.0060871437902905e-08,1.0097412968977974e-08,3.018221437289685e-09,1.05989935643564e-09,1.0166618771880818e-09,3.2039213732909752e-09,4.600885894357772e-09,5.436619415725564e-09,5.480402675529179e-09,6.426923417169725e-08,-2.3820121156808658e-08,-2.429830670234418e-08,-8.89564073424398e-09,-6.5159586630018965e-09,-1.4266265916930282e-08
treat_p2,1.5830156528533968e-09,7.055655799648434e-10,4.228154741897545e-09,9.25244283085493e-09,-8.39936577934868e-09,-1.9592880789616107e-09,8.580126462706773e-09,-1.1659948963236054e-09,-1.6362424077388219e-09,1.1229677470443908e-09,-1.73645929917182e-09,-3.8132277222251505e-10,9.861204074607632e-09,-3.3143111730313117e-09,-2.9967605522411814e-09,6.921728621880433e-09,7.575527058383482e-10,-1.5315157763636778e-09,2.1948627599100543e-09,1.4044900338276691e-11,3.5446169234168904e-09,3.6598222794471155e-09,-3.517880046524467e-09,3.75640499981454e-09,3.76606873476707e-09,4.67028218661917e-12,-1.5504083937244633e-09,1.8705833070708604e-09,1.2962406544320863e-09,1.4135471492426347e-09,3.175413223200954e-09,-1.5678532505947149e-09,4.186319601942952e-09,5.436509621680136e-09,-1.1688004049938774e-09,-1.896264446306879e-09,1.8149003883060647e-09,1.2885637598462074e-09,7.891648066725368e-10,3.793242371948457e-09,-7.306944721731225e-09,1.0565652370000017e-08,7.406461034132894e-09,-5.964352482065655e-10,-4.033523183624868e-10,1.6725172066220439e-09,5.36550270973978e-10,2.427011009749307e-09,1.8815166208144497e-09,4.405986962493522e-09,7.581415971887571e-10,2.0769127751651277e-09,-9.289049073191735e-10,-5.313698964494567e-10,6.02764626834945e-10,-7.217989772107688e-10,1.4890864528061449e-09,5.371803333774927e-09,-1.1659107436309165e-09,1.147604308826781e-09,3.221713374247876e-09,-1.990920828393402e-09,-9.168317719400811e-10,-1.732190414315721e-09,1.1603198711674449e-09,-1.1565327553972563e-09,-1.3751972238157255e-08,2.9548585228522225e-09,-1.0193713437527544e-09,-3.9275926431765355e-09,1.6174824427790566e-09,2.5656439476802943e-09
treat_p3,-3.7420045604089226e-10,4.309261391266537e-10,5.695224140568778e-09,7.450590633514564e-09,-1.1668587460690626e-08,-5.885243257983239e-09,-1.165994896323764e-09,8.296675190262793e-09,2.788340571366841e-10,2.2104105145437373e-10,1.115574484816212e-09,3.071257093608079e-09,7.986452419688405e-09,-6.623221558815361e-09,-4.486263993848327e-09,-2.339636582436037e-09,4.26949263680714e-09,-1.1259676998864547e-09,6.69402480307571e-10,1.1308764694125267e-09,6.214563650016756e-09,9.557173824953619e-09,-7.884586166621215e-09,-4.861091532988229e-09,-4.1999272980308035e-09,6.514476292016211e-09,-2.071763601442227e-09,1.7960982606422594e-09,2.4559537767077242e-09,4.60223285495749e-09,1.0389176071871767e-08,-6.141483034372177e-09,-1.3157476203959785e-09,-1.7444097695860986e-10,5.351175073891638e-09,-7.691955296299159e-10,1.0427409279187098e-09,3.274678130756269e-09,3.3221423282095486e-09,1.1413458155760847e-08,-1.7958109343007652e-09,-2.3902565829571103e-09,-5.559946061919925e-10,2.3409528876992824e-09,-3.2383901507835233e-09,9.397144669048071e-10,2.541194595480917e-09,1.4851237670899234e-09,5.1308245259136115e-09,-3.4642891849402468e-09,-2.475049710715761e-09,6.754219913813618e-10,4.393571929301084e-09,2.7320061060679227e-10,7.839069837752975e-10,9.255687517986735e-10,1.44201119354855e-09,1.0965946959637835e-09,-4.505198573371908e-09,-1.4117332865428142e-09,-1.1456049065747733e-09,4.668814445728673e-09,-6.991930809335622e-10,-3.4518835003330556e-10,-1.7517656323313966e-09,-1.8305406727051452e-09,-1.2627965992729602e-08,5.0261171682893645e-09,5.478632920950908e-09,2.264493976585698e-09,-2.658998257305952e-09,2.96962411350403e-09
treat_p4,4.53531314083538e-10,6.114658070828011e-11,3.2076542359648146e-10,-4.395280334909869e-09,-3.0817840962200726e-09,3.354560072012743e-09,-1.636242407738913e-09,2.7883405713663014e-10,6.924701901676815e-09,5.223561057508784e-10,-2.030095274955828e-09,1.916127248077108e-09,-4.933438266088892e-09,-4.226008336266534e-09,8.060441558147626e-09,-2.7499855336098378e-09,1.18134916106992e-09,4.881863613051685e-09,8.527787909313215e-10,-1.8905549244482645e-09,-5.359604935558706e-10,-3.1145668641269215e-09,-2.8581310436618728e-09,4.213783459400954e-09,-9.287760514387173e-10,1.3437233739992056e-09,2.6635938120686564e-09,-9.67781907250556e-10,-1.449653752553903e-09,2.084048246163366e-09,-6.820137243650891e-10,-4.316392418463094e-09,3.6092283447825263e-09,2.3516594071087425e-10,6.383503486832221e-11,3.4341521481418732e-09,-6.311066253639844e-10,-1.0884928545159594e-09,5.826647374438057e-10,-1.8788047675992486e-09,-5.454255118277215e-10,4.209050807592756e-09,-2.7745052008762753e-09,-5.856418481049837e-10,2.5100464669354896e-09,-1.3154036439327189e-09,-7.716286602829423e-10,-7.954869750066273e-10,-4.312507845983743e-09,-3.590787971245276e-09,-1.1592536054518671e-10,3.754461685295706e-11,3.0787452726349915e-09,3.010212485633464e-09,-1.5898912664392177e-09,-1.2434213969886976e-10,-1.3467965457597846e-09,-3.0232593776029512e-09,-7.980125020745235e-10,-8.125394636441738e-10,-1.307978523774551e-09,4.118556799173195e-09,1.145345595182921e-09,1.3527330578118673e-09,3.237212262728208e-10,1.1504181871738812e-09,5.358377152066466e-09,-1.3351722998196593e-09,-4.832593106505618e-09,1.120587636742398e-09,-1.2150577958376384e-09,-4.411821511683755e-09
L4treat_m4,1.7567536753227136e-09,4.681263586071842e-10,9.78299335498686e-10,6.612478944639691e-09,-4.304868549623854e-09,5.774085132825818e-10,1.1229677470443904e-09,2.2104105145437942e-10,5.223561057508768e-10,2.5710588893588625e-09,-9.948673469509145e-10,-1.986738456731603e-09,1.0221781594271199e-08,-4.4932967382303295e-09,4.1631653358723795e-10,-1.4859578760344366e-09,2.9027853137374246e-09,1.9569323515642736e-10,2.569495827072529e-09,-6.248851544716542e-10,6.287257010760207e-10,6.930094949180917e-09,-3.4650708117961276e-09,2.322082466418722e-09,-2.6993532027154457e-09,4.2864471196175524e-09,1.0475058880271665e-09,2.593983011333436e-09,1.219278797107911e-09,1.0668460392579847e-09,7.988868936854843e-09,-3.1394529308872066e-09,4.6792621621791634e-09,7.015406470996949e-10,3.503444192353443e-10,-2.3402646483974445e-09,1.2683186974183158e-09,1.71018083922748e-09,-4.5059109515892676e-11,3.277445679375356e-09,-2.6969673776514224e-09,4.7743828296179925e-09,4.927021419792251e-10,1.161323601642015e-09,-1.413472708992478e-09,5.813306427989944e-10,2.5995158093263815e-10,1.0224964896422895e-09,2.933855972243476e-09,-1.7282891476026312e-09,-4.441416982246882e-10,4.200298040590158e-10,2.255652577015939e-09,3.7517197312237096e-10,8.369891723492453e-10,-8.670210423260174e-10,-1.002841442267057e-09,5.716362790401951e-09,-1.987504946826838e-09,-2.374184449020442e-10,1.252842834442567e-09,1.0397906018264995e-09,1.2787394183016745e-09,-8.361022649725733e-10,1.6425261680003504e-10,-1.9929005877361528e-10,-8.415995022800237e-09,1.2340527981700326e-09,-1.6037872653876326e-09,-4.872866980908984e-10,-5.996299394914385e-10,-2.586666412450323e-11
L4treat_m3,-1.1164320642449157e-09,2.4191336678178027e-10,6.621967721026966e-10,2.6153139140218663e-09,-1.487117798029219e-09,-3.765583161540619e-09,-1.736459299171859e-09,1.115574484816192e-09,-2.0300952749558546e-09,-9.94867346950916e-10,3.458932569379155e-09,1.3239867694582124e-09,1.2921209936687168e-09,-5.935224654058693e-10,-6.554122929783063e-09,-7.293693136616067e-10,-2.5042533403522986e-09,-1.546790650943433e-09,-9.190053019918362e-10,2.3845126369088445e-09,2.2205729206661737e-09,4.806901495084019e-09,-7.768053893804513e-10,-6.569519463405038e-09,-2.227290729496422e-09,-9.510451440850662e-11,-1.492004006491678e-09,5.860931787702989e-10,2.2407797651041907e-09,5.052060077463328e-10,2.9595199979467145e-09,-1.1746331619523778e-09,-4.509076640574647e-09,-9.885568011462682e-10,-3.3923125825300256e-10,-2.7060124673553484e-09,3.02265311220716e-10,1.988933119919333e-09,1.105744899470407e-09,6.107112564726606e-09,1.2837300198575324e-09,-7.119843857217891e-09,-3.2801648435990813e-10,-6.685616449720361e-10,-2.0799780032201424e-09,1.0824024996613242e-09,2.0023593254888177e-09,1.148112131494992e-09,3.235893783081797e-09,-3.9818595410458456e-10,-1.8225514260333402e-09,-3.4338892902465224e-10,-2.192166994133176e-09,-2.1385504467933868e-10,1.5365410655542646e-09,8.862910436126931e-10,4.912897383822126e-10,-2.3917211485759424e-09,1.2666259005866472e-09,7.330823749976388e-10,-5.476557468866918e-10,-2.916452198404759e-09,5.206577906626592e-10,-6.818950004817458e-10,-1.705275201586042e-09,-1.3590392701593745e-09,-4.627270237963556e-09,2.3332944796239856e-09,7.136395497518536e-09,2.3488728017997494e-09,1.760107663872583e-09,3.3978179649835003e-09
L4treat_m2,-1.4307609362590171e-09,-6.811002485959171e-10,1.0478506959761899e-08,-6.9255061778766815e-09,-8.427643777020363e-09,-5.0723179302712075e-09,-3.8132277222247757e-10,3.0712570936080316e-09,1.916127248076997e-09,-1.986738456731615e-09,1.3239867694582155e-09,1.3653795607848297e-08,-9.497779177875808e-09,-3.7926770252317955e-09,4.9098171555978205e-11,-2.2326419010989537e-09,-1.6253094042115463e-09,1.2803523636622568e-09,-7.603379594297106e-10,-3.109952282922265e-11,9.914798208417775e-09,-9.370060702671957e-09,-6.468644855972141e-09,-4.9756070045111046e-09,-5.909840939146607e-09,-2.7429892354399383e-09,-1.7725825437446446e-09,-1.2619280982715857e-09,-5.707348810130003e-10,9.275271874760563e-09,-8.794802842935143e-09,-5.280700869719544e-10,-2.53256357242993e-10,-1.9955881986839866e-09,2.499304136908006e-09,3.7834524108819424e-09,-6.593929597974766e-10,-1.763417725912005e-10,8.596870358466721e-09,1.6368093403033317e-09,1.3677492772627777e-09,-5.965280333369421e-09,-3.822112810696422e-09,-1.7829976842269992e-09,5.892258607481855e-10,4.83951529224574e-10,2.6345444062337713e-09,3.028170524401879e-09,-4.859350187359604e-09,2.2491455520781255e-09,2.491934917645291e-09,1.0383914383284253e-09,1.4421672655890133e-09,2.3712772173455895e-09,-3.7876263630460346e-10,1.361113948015181e-09,5.529349960529777e-09,-9.40413913589939e-09,3.012577558720326e-09,2.5241593950183254e-09,-3.4526261884608597e-09,2.4462801636110973e-09,-1.0600843701800402e-09,7.401904021744807e-10,-3.9023945262208636e-10,-3.11581605674164e-09,4.865467647614199e-09,1.4228954175441204e-09,3.4585988857266785e-09,3.0910144876428847e-09,-5.552996422113373e-10,2.003680005357169e-10
L4treat_m1,5.697546903333681e-09,7.507814996912762e-09,6.034793378385333e-08,1.4512433091289977e-07,-1.7433494275591818e-07,-4.1696305110765333e-08,9.861204074607817e-09,7.986452419688453e-09,-4.933438266088663e-09,1.02217815942712e-08,1.292120993668728e-09,-9.49777917787587e-09,1.8883545594469017e-07,-1.2090588309495367e-07,-4.595113656868029e-08,-1.7614508331891015e-08,3.098569305966813e-08,4.117460198378303e-09,7.821803252632998e-09,1.002555056869914e-08,4.0285867659121905e-08,1.6360632151212146e-07,-1.4020965390567785e-07,2.0099284195653545e-08,-2.7108036663192574e-08,4.729121937547115e-08,5.988685187913808e-09,2.3329014826963452e-08,4.075107183728274e-08,1.7940028198762713e-08,1.8560333801132383e-07,-1.3819118137124932e-07,2.8582350071788057e-08,5.758435748421637e-09,-2.0862275427632414e-09,-2.70332848432162e-08,8.59686136950809e-09,3.873972343114946e-08,1.143647090577762e-09,1.0656793774108195e-07,-1.1074545548566828e-07,4.57894105743318e-08,3.348297388422719e-08,8.750010446414671e-09,-2.5624520686312097e-08,6.993794889342164e-09,2.053022761665404e-08,3.5434396896906755e-08,6.559450300415702e-08,-1.0514044991412003e-08,-1.6034933342436497e-08,-3.8812201149069634e-09,1.2434674197694946e-08,2.798033276496666e-09,1.1973683674603334e-08,8.844750724355696e-10,1.809878334659003e-08,7.456767933017406e-08,-3.113758325476311e-08,-6.770644227263872e-09,2.275129521596629e-09,1.4704547884064108e-10,6.298607301128581e-09,-8.49738338845908e-09,-8.150413623089645e-09,-9.825651928508541e-09,-2.39937005011755e-07,7.19813922333811e-08,4.127570474210081e-08,2.074461164131912e-08,2.3486631434736473e-08,3.1798225514205155e-08
L4treat_p0,-2.534256986990952e-09,-5.631488683578495e-09,-5.1968071485287104e-08,-9.163126229239749e-08,1.4224443125360044e-07,3.0766034267678277e-08,-3.3143111730313125e-09,-6.6232215588154436e-09,-4.226008336266536e-09,-4.493296738230334e-09,-5.935224654058355e-10,-3.792677025231702e-09,-1.2090588309495283e-07,1.0458646544258925e-07,2.38738971752037e-08,1.640413964090622e-08,-2.098301539845884e-08,-1.1077474364926388e-08,-3.839646585733897e-09,-6.102448727104683e-09,-3.3832674418673276e-08,-1.0843476093236602e-07,1.1620020464184579e-07,-1.6897571067159617e-08,2.364467928285147e-08,-3.021442430835052e-08,-6.787995556155837e-09,-1.3018518639274019e-08,-2.8869663710772168e-08,-2.2149321398383522e-08,-1.2586587776714154e-07,1.1321490189115476e-07,-2.056841358402415e-08,-1.793232586408363e-09,9.849024609772723e-10,9.55644012357841e-09,-3.223362147926215e-09,-2.7918965688383106e-08,-6.821520952715308e-09,-7.213583191851709e-08,8.419083509319055e-08,-3.110438424771318e-08,-1.9155510029259405e-08,-1.6000579888511494e-09,1.3364427360180442e-08,-2.9891712735803926e-09,-1.6312520315675827e-08,-2.860478325472922e-08,-3.242213301151861e-08,1.415607415414231e-08,1.42013182707073e-08,3.6440525080034485e-09,-1.002125778814689e-08,-7.845681745491012e-09,-6.408348555995937e-09,-2.606238126542844e-09,-1.4063551798020074e-08,-4.010714301992972e-08,2.5107611820781005e-08,5.83978600182842e-09,7.491134255843011e-11,-5.786701628437833e-09,-5.0163625831395145e-09,2.3829373148770845e-09,6.948204192798671e-09,8.263706559624583e-09,1.6120551070375205e-07,-5.606619744259778e-08,-2.990664719560372e-08,-1.9856883423583084e-08,-1.875891738972725e-08,-1.6795797232228143e-08
L4treat_p1,8.473069610881943e-10,-1.4617925784344206e-09,-1.386670936582556e-08,-3.9759577849874115e-08,4.3085362760607556e-08,2.257443419419905e-08,-2.9967605522411996e-09,-4.4862639938482026e-09,8.060441558147544e-09,4.16316533587253e-10,-6.554122929783039e-09,4.909817155595399e-11,-4.5951136568680486e-08,2.3873897175204027e-08,3.233869419964793e-08,-1.2238607928259757e-10,9.337427110781543e-12,5.3412365055645405e-09,-7.253380400695949e-10,-7.568974924828688e-09,-1.4643157090843696e-08,-4.6246101898139195e-08,3.171832453190999e-08,1.4074529562947746e-08,6.718680541691876e-09,-5.649310579272848e-09,6.159266704508415e-09,-6.922291461382583e-09,-1.331842889704071e-08,-3.761933353654012e-09,-4.506135264610561e-08,2.7999094446733748e-08,8.438117145297885e-09,-1.882829367219138e-09,1.9308820323483467e-09,1.2020676159570876e-08,-4.024056090149688e-09,-1.3268678737535155e-08,-2.150538447700019e-09,-4.096119986587881e-08,2.389091157226323e-08,5.83788480435743e-09,-1.1527703314068084e-08,1.2524806054901952e-09,1.061989739887859e-08,-5.396899511353823e-09,-8.54473282286369e-09,-9.033050581074412e-09,-2.5028919915652495e-08,3.522259020841121e-09,6.68086405329194e-09,-3.983691614358834e-10,3.1629073852974645e-09,1.745468507987691e-09,-6.138108837766363e-09,-2.636456184929995e-09,-6.320728094686856e-09,-1.2114150756734202e-08,7.0972733479606045e-09,3.8194427605007306e-10,2.3473415668259887e-10,7.72814207735933e-09,6.274984395830872e-10,4.55567244501145e-09,5.218485714764234e-09,5.193856091531156e-09,6.685856971284572e-08,-2.3580781976508214e-08,-2.6178174388580216e-08,-6.738273876312464e-09,-9.659933168144186e-09,-1.71883002554106e-08
L4treat_p2,-2.3913027036024925e-10,4.2272420937996876e-11,-7.617570173242361e-09,-1.0928404428269571e-08,1.9490152151729267e-08,3.221308441768981e-09,6.921728621880341e-09,-2.339636582435917e-09,-2.7499855336097625e-09,-1.4859578760344554e-09,-7.293693136615898e-10,-2.2326419010989562e-09,-1.7614508331890965e-08,1.6404139640906236e-08,-1.223860792827506e-10,1.5875473507178573e-08,-5.334194981330379e-09,-3.326229744251961e-09,-2.8658524825902725e-10,1.1623723560738604e-10,-3.634969145544602e-09,-1.702738504216191e-08,1.7027333968005105e-08,5.007399190823637e-10,1.3800687187595203e-08,-7.95448999428682e-09,-3.831707112718542e-09,-1.902866105425667e-09,-4.053447905112288e-09,-4.8825494300208636e-09,-2.502724784450501e-08,1.7831651642992423e-08,-3.6171835680470986e-09,6.888980499217866e-09,-5.471572805005199e-10,9.94619503551204e-10,7.283354273628608e-10,-4.719449028800807e-09,-1.4067476191044811e-09,-1.0594685875201058e-08,6.0455686021014935e-09,9.865218410494308e-10,6.65854310912041e-09,-3.0860043293510867e-09,3.2838851991536537e-09,6.10544837002189e-10,-3.0999990266673336e-09,-2.3701486222411567e-09,-6.9934278277751335e-09,4.385165946661846e-09,1.6831628039070266e-09,2.91713846766391e-09,-6.935957060470493e-09,-2.028039833303692e-09,-8.843890313695379e-10,-1.9061168475275267e-11,-9.89464945456885e-10,-6.354625349705353e-09,-1.739412236901392e-09,2.0653302165100192e-09,4.574997718836042e-09,-4.286355179325271e-09,-1.8119966953798937e-09,-1.135234107825492e-09,1.7918253198465922e-09,-1.3319157471546884e-10,1.8944772334039558e-08,-3.0855197939025525e-09,-3.595954035349968e-09,-8.445243763553824e-09,1.6926664606817482e-10,2.0628406780704446e-10
L4treat_p3,1.3900363249603135e-09,1.2290357766948795e-09,1.1953969190949498e-08,2.4992570630871022e-08,-2.8806499606352566e-08,-5.6159377356927496e-09,7.575527058383112e-10,4.26949263680721e-09,1.1813491610700264e-09,2.902785313737421e-09,-2.504253340352304e-09,-1.625309404211408e-09,3.098569305966835e-08,-2.098301539845895e-08,9.33742711085714e-12,-5.3341949813304146e-09,1.472077513127378e-08,1.3063768537317391e-09,2.1570622964882253e-09,1.9969812857537414e-10,6.390760321149474e-09,2.4081027122824493e-08,-2.1249941083648738e-08,9.153741742300596e-09,-4.897213338977545e-09,1.4344843768264126e-08,2.0160425662737917e-09,4.0016399657259726e-09,5.899586040807599e-09,3.497414337324109e-09,2.9297357458902336e-08,-2.289922975228611e-08,8.505292155971889e-09,3.5918289761307184e-10,5.610978138266734e-09,-7.178711247340622e-10,2.0481862638457364e-09,5.8727333885954865e-09,6.576439380646136e-10,1.392057784470495e-08,-1.915096086934223e-08,1.2894463244776074e-08,3.230462359037706e-09,4.998289354528187e-09,-2.1101241071081783e-09,1.0013745646352617e-09,3.0577877567685515e-09,5.4436516289395445e-09,8.34507359605209e-09,-1.576178437550246e-09,-1.7351063158085848e-09,-1.4216584093272778e-09,8.257086076388315e-09,1.0933969618591396e-09,4.251405663910935e-10,8.692773256661093e-11,3.5064822020264874e-09,1.4786139326666421e-08,-8.941143727544783e-09,-3.0494340237605206e-09,3.947182673883984e-10,7.131549634002187e-09,-2.1101296324507902e-10,-1.3567472231590283e-09,-8.207649710422762e-10,-9.520171222467944e-10,-3.685984210887395e-08,1.1851274531977257e-08,2.1616720868387523e-09,3.193098533194605e-09,-1.2402706739387698e-09,2.0508680980697945e-09
L4treat_p4,3.459173302597388e-10,3.11531069604948e-10,3.1093976706142658e-09,-4.576294486802115e-10,-1.2861178258357335e-08,2.6061253847632336e-09,-1.5315157763637512e-09,-1.1259676998864888e-09,4.881863613051635e-09,1.9569323515644874e-10,-1.54679065094343e-09,1.280352363662298e-09,4.117460198378191e-09,-1.10774743649264e-08,5.341236505564598e-09,-3.3262297442520186e-09,1.3063768537316295e-09,7.533708279300763e-09,1.593462870798266e-10,-1.4057796129202913e-09,2.6577101326798903e-10,3.7152614601780173e-09,-1.3992352664844161e-08,7.107172068719278e-09,-1.958735291901896e-09,1.1053230712216609e-09,5.239218722585818e-09,-7.49204196557329e-10,6.560781306658206e-10,2.8272961215886827e-09,8.29424892475127e-09,-1.2891674000058224e-08,4.165396829718753e-09,-7.661362341399672e-10,-2.159456160628822e-09,4.433966463121366e-09,-1.694691759105683e-09,9.793581538277471e-10,2.642599326159138e-10,4.75411542130177e-10,-8.283173313397458e-09,5.486193278855356e-09,2.0754958755742137e-11,-2.461419735561745e-10,2.993451375655904e-09,-1.6814889563475615e-09,1.897429280396339e-10,1.6332401832199993e-09,-1.210660628922497e-09,-4.638790882945693e-09,7.558396608707016e-10,-1.4591229916516827e-09,2.377311306459132e-09,3.0444478494061897e-09,-8.093687059957283e-10,1.9399175706334926e-10,2.6084059280007787e-10,4.93282292383402e-10,-1.2640746400316824e-09,-6.186611209630147e-10,-2.0088009298953676e-09,3.165885747869438e-09,1.8234306598077035e-09,2.1202485248406047e-09,-1.64300254263996e-10,1.0802274950576299e-09,-5.280656429789986e-09,3.4141911008480546e-09,-3.17746193143506e-09,2.628489353089016e-09,1.763186065193813e-09,-4.027950083828812e-09
L8treat_m4,2.23112208968897e-09,5.534878228402504e-10,9.028463326818299e-10,6.313650912836949e-09,-5.391717613547199e-09,-1.3665326384355996e-09,2.194862759910053e-09,6.694024803075664e-10,8.527787909313e-10,2.5694958270725517e-09,-9.190053019918377e-10,-7.603379594297112e-10,7.821803252633e-09,-3.8396465857338805e-09,-7.253380400695875e-10,-2.8658524825900404e-10,2.1570622964882216e-09,1.5934628707979628e-10,4.1663385418340865e-09,-3.4896719295538913e-10,2.1026336815487365e-09,5.301076125870427e-09,-1.094906674548038e-09,-4.2974496012310637e-10,-3.92384421272601e-09,3.157973729976031e-09,-4.97042510022761e-10,3.804032803124347e-09,1.681950718947317e-09,2.247379751841231e-09,6.331362141635054e-09,-5.406275068655207e-12,2.8589857602197823e-09,1.8284614406528425e-09,1.4541481274779348e-10,-2.3623839381620283e-09,2.59763103756978e-09,3.0083009539907175e-09,1.7326531463941048e-09,6.726771155943067e-09,-1.4470739163368216e-10,4.225284212252068e-09,-4.713982758599196e-10,-4.6120124426833464e-10,-2.298954680201727e-09,2.075806216840562e-09,1.6994845314201133e-09,9.458283833193514e-10,2.3926284910647278e-09,-2.5808330334897626e-09,-1.9536788752908337e-09,1.1658035084315173e-09,2.793533708283952e-09,6.429765441571591e-10,1.5318365578879733e-09,-3.620756073052417e-10,-1.5687746382150581e-09,3.4597337953200044e-09,-2.7595083214809876e-09,-2.1692446665954974e-10,1.3184187396794082e-09,7.702471952419815e-10,6.595174325242132e-10,-1.6275977729611404e-09,-8.539839719496506e-10,-6.318053684697371e-10,-7.139071224444431e-09,1.4134413491009865e-09,-7.201550294989872e-10,-4.764375658140048e-10,-1.0426271262975565e-09,3.599730272096398e-10
L8treat_m3,-5.858923304255759e-10,9.629517187007107e-10,4.254592963877184e-09,1.0440329416150531e-08,-1.0471882860878445e-08,-5.988710657857186e-09,1.404490033826049e-11,1.1308764694125147e-09,-1.890554924448265e-09,-6.248851544716606e-10,2.384512636908829e-09,-3.109952282919997e-11,1.0025550568699068e-08,-6.102448727104734e-09,-7.568974924828675e-09,1.1623723560739728e-10,1.9969812857539616e-10,-1.4057796129202656e-09,-3.4896719295539316e-10,3.2312929543390123e-09,3.6842863987721012e-09,1.1502951952732686e-08,-6.381055940569446e-09,-2.7155010778666675e-09,-1.6269853016983982e-09,1.8325545638847325e-09,-1.7330629596175667e-09,1.9543713685772194e-09,4.6933346123541924e-09,-4.8311379817352886e-11,1.0722636181337888e-08,-7.035032537992611e-09,-2.823564825352673e-09,2.446895352674586e-10,-5.849022888006513e-10,-4.062553080951104e-09,1.5062436384702248e-09,4.158819944159443e-09,2.7338288781535163e-10,1.0162830433541112e-08,-5.447850972504933e-09,-1.5021111351729141e-09,1.9004205513678293e-09,-9.08131221244595e-10,-3.1043571366488398e-09,1.6838649719674777e-09,2.866251625028738e-09,2.791883636827275e-09,5.698271702981668e-09,9.998099475126607e-10,-3.4698632359248304e-09,-8.456661746231277e-10,-1.5926951451061346e-09,-4.5620661486283907e-10,1.707245501894973e-09,9.647905966630307e-10,1.8491059717767274e-09,1.6072749370357839e-09,-1.439542120845107e-09,-7.79684124069789e-10,-4.015011395595056e-10,-2.4161485534440055e-09,-7.896018825236798e-11,-1.7079142985836826e-09,-2.1317616942216622e-09,-1.4935979715996887e-09,-1.7347586143459543e-08,6.034772728472842e-09,8.33745580912012e-09,2.7608262527395113e-09,3.200526342078644e-09,4.898261684445019e-09
L8treat_m2,3.965019993876029e-10,1.724256310732918e-09,2.5548388894739033e-08,3.474152612188093e-08,-5.327835903695099e-08,-1.8614203220385945e-08,3.544616923416777e-09,6.2145636500167045e-09,-5.359604935560147e-10,6.287257010760071e-10,2.2205729206661597e-09,9.914798208417848e-09,4.028586765912185e-08,-3.383267441867333e-08,-1.4643157090843646e-08,-3.6349691455447126e-09,6.390760321149328e-09,2.6577101326796086e-10,2.102633681548731e-09,3.6842863987720636e-09,2.2403535620954987e-08,3.49382596281565e-08,-3.8990191294876976e-08,-2.5122185132643343e-09,-1.1559834254742253e-08,9.96987572003297e-09,-2.959547949882485e-09,6.188588539135532e-09,1.1161063954637899e-08,1.4130787398573826e-08,3.907742803468981e-08,-3.3506532871485094e-08,4.8510562756294986e-09,1.6077076469548341e-09,3.2870040355625376e-09,-5.189340393425583e-09,3.1718456875350564e-09,1.1242372764397707e-08,1.0820372759576387e-08,3.304473784135713e-08,-2.5595449701891763e-08,5.069303271884603e-09,5.876043156968309e-09,-2.7366977226935094e-10,-8.740982489469527e-09,3.8274711350520065e-09,9.04452237216973e-09,1.3235799102619892e-08,1.315362070259519e-08,8.058762923597388e-10,-4.0217345342692095e-09,1.6990602900946363e-09,4.121364719679981e-09,1.9222081365785077e-09,3.6472909924701145e-09,2.1958662945523827e-09,1.054280982618037e-08,1.0385878754706462e-08,-8.122471767983842e-09,2.0952193683995773e-10,-7.632109562786651e-10,2.047003337358017e-09,-4.627908003341489e-10,-3.029859502036554e-09,-3.7158640037612395e-09,-6.957953352531933e-09,-6.025399543713443e-08,2.1023555502866627e-08,1.680156076635765e-08,7.235326586017321e-09,4.70345828437582e-09,1.0582561593751285e-08
L8treat_m1,2.7123558092984897e-09,6.966370858874031e-09,4.945033218283609e-08,1.30958104372034e-07,-1.5575570732925767e-07,-4.103707445412242e-08,3.6598222794470055e-09,9.55717382495344e-09,-3.1145668641268305e-09,6.930094949180916e-09,4.8069014950840066e-09,-9.370060702671709e-09,1.6360632151212273e-07,-1.0843476093236736e-07,-4.624610189813953e-08,-1.7027385042162204e-08,2.4081027122824467e-08,3.7152614601781e-09,5.301076125870431e-09,1.1502951952732716e-08,3.493825962815689e-08,1.54909060341477e-07,-1.2328936484312551e-07,8.01260593126482e-09,-2.3463812946160092e-08,4.226056191298264e-08,3.89609192279516e-09,2.0219333264825633e-08,3.7896751120065e-08,1.3240878922364911e-08,1.7245287155763736e-07,-1.2853992221442453e-07,1.4617801056120754e-08,4.608280994213962e-09,-1.4623676765819867e-09,-2.5298107815781396e-08,7.893029695722609e-09,3.579341318509214e-08,-6.19218612864392e-10,1.0703227437627213e-07,-9.710836283676304e-08,2.950547507356738e-08,2.9057849660878173e-08,5.992311102243871e-09,-2.442365357391373e-08,6.971689077365957e-09,1.9553736074700818e-08,3.0201711681714336e-08,6.116188262967194e-08,-1.675326696803018e-08,-2.017295737190189e-08,-4.956647062951227e-09,8.731796319451243e-09,2.9748695821682636e-09,1.1494098568419287e-08,2.9756254550270766e-09,1.388403011125806e-08,6.03380650096619e-08,-2.988097710987085e-08,-8.53140164626437e-09,7.926939872637677e-10,-2.3901558066839604e-09,5.029308379901906e-09,-7.953626783266551e-09,-1.0021567189639701e-08,-8.475913091257875e-09,-2.1465560232738752e-07,6.822619480453154e-08,4.640681908536014e-08,2.3094022010816874e-08,2.244197900498732e-08,3.1408815119667694e-08
L8treat_p0,-6.521755757028233e-10,-4.593892821802881e-09,-6.08860008662328e-08,-9.894396628532589e-08,1.647848507101563e-07,3.388850408648561e-08,-3.5178800465248325e-09,-7.884586166621301e-09,-2.858131043661977e-09,-3.4650708117961226e-09,-7.768053893804442e-10,-6.46864485597208e-09,-1.4020965390567735e-07,1.1620020464184571e-07,3.171832453191012e-08,1.7027333968004827e-08,-2.1249941083648765e-08,-1.3992352664844277e-08,-1.094906674548034e-09,-6.38105594056941e-09,-3.899019129487698e-08,-1.2328936484312456e-07,1.464479377835397e-07,-2.2341402213738236e-08,2.3249829834218058e-08,-3.086216770682527e-08,-1.0020465963509453e-08,-1.2194560213602927e-08,-3.1031163016074724e-08,-2.4776803987919644e-08,-1.4478501434339113e-07,1.3411932998985677e-07,-2.4591054795237877e-08,2.1652191834509593e-11,2.1311887085580296e-09,9.851927165551581e-09,-8.220890491016534e-10,-2.9203651924020582e-08,-5.583671314642219e-09,-7.945171404288984e-08,1.0484663185770319e-07,-3.2106352819661563e-08,-2.7989371340345888e-08,-3.365892979474764e-09,1.2253581322046139e-08,-5.624065105873025e-10,-1.5961883510228974e-08,-3.3384441679580285e-08,-4.2211766228435686e-08,1.6389180047912644e-08,7.752175398856598e-09,4.085622902406273e-09,-8.072705903363094e-09,-8.16752807273151e-09,-6.313899967133506e-09,-2.992022557282916e-09,-2.129125677968267e-08,-4.677734863579678e-08,2.7705657157875113e-08,3.45732082874595e-09,2.872891863260863e-09,-5.671430881627964e-09,-5.943263946944281e-09,6.78775809322346e-10,6.03423689273243e-09,8.842454648249364e-09,1.8814949377864278e-07,-6.754297856624713e-08,-3.4266253302850054e-08,-2.2348591782959847e-08,-2.4588741358239942e-08,-2.0362205746478238e-08
L8treat_p1,1.3445142330669222e-09,9.703387574928776e-10,9.205993290809854e-09,7.164089196420607e-09,-1.8291804559419925e-08,1.0223896905136909e-08,3.75640499981447e-09,-4.8610915329880214e-09,4.213783459400813e-09,2.3220824664187426e-09,-6.569519463405036e-09,-4.975607004511116e-09,2.009928419565353e-08,-1.689757106715929e-08,1.4074529562947547e-08,5.007399190824929e-10,9.153741742300581e-09,7.107172068719143e-09,-4.297449601231257e-10,-2.7155010778666882e-09,-2.5122185132643657e-09,8.012605931265153e-09,-2.2341402213738375e-08,3.368714521929196e-08,4.720198883216437e-09,6.837290041372301e-09,7.928253578215088e-09,1.9338089866534696e-10,2.240486006000451e-09,-1.3275806604415922e-09,1.4064837488886324e-08,-1.7250447761467663e-08,2.2681438725680916e-08,1.4822644389350626e-09,-3.703888741912524e-09,4.0343263725215227e-10,-1.3688564268144664e-09,4.886351543633069e-10,-5.138572158257078e-09,-1.1089188928692933e-08,-1.980802207218445e-08,2.841613425657335e-08,6.944532275566926e-09,2.8226449545372875e-09,5.151815787309542e-09,-3.862943961610351e-09,-2.892723392093026e-09,6.666329686872666e-09,-1.4931235513303358e-09,6.743846231373557e-09,4.26472411895626e-09,-2.870718676205332e-09,5.61453644548297e-10,4.019633564467252e-09,-2.1633273756476e-09,-2.3530433698408805e-09,4.5771361648360325e-09,1.1800827505578644e-08,-1.7938037098806851e-09,-9.150633436224364e-10,2.0572553053934742e-10,4.10990073749879e-09,4.109666345386181e-09,1.6100806635232246e-09,3.198755569099726e-09,1.345121264864058e-09,-2.169800822107924e-08,2.5632640487231302e-09,-1.0891757342430668e-08,-7.088214012346815e-10,5.787602920741202e-09,-5.001126649474534e-09
L8treat_p2,-1.8480563076258415e-09,-9.525733576542196e-10,-1.4779587952188764e-08,-1.9849150037939773e-08,3.262351053885809e-08,1.0233933934297063e-08,3.766068734766925e-09,-4.19992729803077e-09,-9.28776051438663e-10,-2.6993532027154714e-09,-2.22729072949641e-09,-5.909840939146619e-09,-2.710803666319284e-08,2.364467928285146e-08,6.718680541691712e-09,1.3800687187595148e-08,-4.897213338977581e-09,-1.958735291901851e-09,-3.923844212726014e-09,-1.6269853016984166e-09,-1.1559834254742129e-08,-2.3463812946160056e-08,2.3249829834218333e-08,4.720198883216314e-09,2.2214887199038116e-08,-9.226805515426258e-09,-5.815178233823166e-10,-7.239785294566717e-09,-8.442297441580683e-09,-9.685959735351615e-09,-3.167903685104022e-08,1.7926287706719177e-08,-5.38249218760609e-09,5.2929456373450935e-09,-4.858388131814019e-10,6.213104122795764e-09,-2.6754258173188513e-09,-9.92475170369137e-09,-6.496369129087577e-09,-2.241257331870356e-08,6.205200027338228e-09,1.0955113795006964e-09,7.999377561524801e-09,-2.929864074969887e-10,8.730107548846118e-09,-2.905748413444415e-09,-8.34362287703891e-09,-7.147490134802268e-09,-8.589251268326747e-09,4.387537502132025e-09,5.446763266181254e-09,8.410658455130039e-10,-7.4424060874860595e-09,-2.2241071367144834e-09,-4.224386670360713e-09,-4.6449919479881844e-10,-1.845702613676635e-09,-7.07816018778903e-09,1.057223515064394e-09,-2.4511161864184535e-10,3.750948442611603e-09,-2.5851616376593953e-09,-2.959075822104326e-09,1.5570999670779785e-09,4.117551455415748e-09,3.223510031579606e-09,3.38780269795423e-08,-7.97466173470597e-09,-9.632867454929642e-09,-9.354451880753104e-09,-1.3503576649717465e-09,-4.158830387911849e-09
L8treat_p3,1.8420082433562938e-09,2.3285817600451358e-09,1.4669738694039526e-08,3.763743431896837e-08,-4.061524703486492e-08,-8.471961575850701e-09,4.670282186571155e-12,6.514476292016434e-09,1.343723373999264e-09,4.2864471196175375e-09,-9.510451440859087e-11,-2.742989235439872e-09,4.729121937547123e-08,-3.0214424308350636e-08,-5.649310579272819e-09,-7.954489994286884e-09,1.4344843768264212e-08,1.1053230712217022e-09,3.1579737299760245e-09,1.8325545638846348e-09,9.969875720033043e-09,4.226056191298277e-08,-3.086216770682544e-08,6.837290041372285e-09,-9.226805515426255e-09,2.111304050051463e-08,2.8738683970298922e-09,7.064998142651622e-09,1.0101998458832193e-08,5.425273671943007e-09,4.846145212636347e-08,-3.381823095315673e-08,1.054989801837439e-08,1.2295419751924236e-09,4.839782941266198e-09,-6.5168675894626576e-09,2.932126520733667e-09,9.78141769531801e-09,1.1362198305147058e-09,2.7138452512744158e-08,-2.359914641108482e-08,1.3400590088976426e-08,5.106596237276883e-09,6.249148649582602e-09,-6.284230229124208e-09,1.9221053143612313e-09,5.368589467088876e-09,8.183398750455171e-09,1.598985921556159e-08,-3.2597787876165116e-09,-5.242616834395677e-09,-1.8329203442301685e-09,8.416281106869951e-09,2.1666713328259284e-09,2.7302778497111464e-09,-4.169541353569064e-11,2.9602025724914e-09,1.933836684089204e-08,-8.9845151619379e-09,-3.482168315388282e-09,4.0044877457766554e-10,5.170091368632778e-09,2.6893411149714294e-09,-2.4689318560867927e-09,-2.3646401311565898e-09,-2.4942631121811243e-09,-5.7791484265965394e-08,1.5685596563328436e-08,8.448794069446002e-09,6.0312664520095725e-09,8.329554217620408e-10,6.072424563780719e-09
L8treat_p4,4.2921780526291386e-10,3.003463376796734e-10,4.0810305446157137e-10,5.781165987603515e-10,-6.379288719966071e-09,6.4081758699752265e-09,-1.550408393724446e-09,-2.071763601442186e-09,2.6635938120686436e-09,1.0475058880271791e-09,-1.49200400649165e-09,-1.7725825437446084e-09,5.988685187913644e-09,-6.787995556155882e-09,6.159266704508517e-09,-3.831707112718529e-09,2.0160425662737574e-09,5.239218722585878e-09,-4.970425100227361e-10,-1.73306295961756e-09,-2.959547949882481e-09,3.896091922794969e-09,-1.0020465963509428e-08,7.928253578215235e-09,-5.815178233822638e-10,2.87386839702991e-09,7.852449953797183e-09,-1.1114590220901905e-09,-4.155597889282385e-10,5.84005190259939e-10,8.297175366523294e-09,-1.1885378028375824e-08,6.342104947594418e-09,-1.2667771626123987e-09,-1.3247577137571507e-09,3.533866273054824e-09,-2.320395533184643e-09,-8.425822138122856e-10,-2.5285603705371264e-09,-5.0247286194645275e-09,-8.3872443189111e-09,6.9750207143142335e-09,8.799791454131459e-10,2.472908858326976e-09,4.474597808946562e-09,-2.6395913129793836e-09,-1.2436201287794707e-09,4.852777130220383e-10,-8.297199399372923e-10,-3.405663250425671e-09,2.781604594773977e-09,-2.588096438105093e-09,2.3098263545593883e-09,2.2346574768316896e-09,-1.2855019379803073e-09,-8.88554143679254e-10,-1.4597531963020591e-09,4.7906145077999294e-09,6.269696719147992e-10,1.5307981461026163e-10,-1.0524682884337517e-09,2.228339414162637e-09,2.719817276624487e-09,2.2680065711515005e-09,1.2483685368339133e-09,2.042141654834433e-09,-3.243538072332264e-09,1.1932389657042444e-09,-6.629432269304491e-09,9.200438524731461e-10,5.4189639798454543e-11,-4.47714322581244e-09
L12treat_m4,1.881115396846133e-09,1.2896000773019584e-09,7.061443782698091e-09,1.937392883786582e-08,-1.9579661939148907e-08,-6.766614381763845e-09,1.870583307070856e-09,1.7960982606422598e-09,-9.677819072505422e-10,2.5939830113334418e-09,5.860931787702986e-10,-1.2619280982715774e-09,2.3329014826963456e-08,-1.3018518639273996e-08,-6.922291461382567e-09,-1.9028661054256493e-09,4.001639965725966e-09,-7.492041965573364e-10,3.804032803124333e-09,1.95437136857723e-09,6.188588539135527e-09,2.021933326482558e-08,-1.2194560213602954e-08,1.933808986653619e-10,-7.239785294566693e-09,7.064998142651642e-09,-1.111459022090179e-09,6.363735084537212e-09,6.535114806248876e-09,2.482152203397888e-09,2.2400877333206473e-08,-1.0146780911420828e-08,3.739919940520699e-09,1.217436456001026e-09,2.3401854220387293e-11,-6.916258771024665e-09,3.846351467447055e-09,7.113818962686254e-09,1.7935307327977743e-09,1.704526313814355e-08,-7.893066463492147e-09,4.6431922834139806e-09,1.4588810925162496e-09,-2.1743697049321515e-10,-6.166105524152993e-09,3.1074956282214186e-09,4.394386471583094e-09,5.096836192932095e-09,8.82917382311074e-09,-1.078183798000052e-09,-4.597529935988345e-09,2.423228196220397e-10,2.351882372141421e-09,4.529022422538269e-10,3.309169259196942e-09,2.0386615733078468e-10,1.4048831241561788e-09,8.25546781412681e-09,-4.50012312894582e-09,-9.240326472714129e-10,6.246847294701706e-10,-4.4736560864233855e-10,1.317694333614358e-09,-3.1434675922634626e-09,-2.4451409753363213e-09,-2.1866862198563433e-09,-2.9409402230295872e-08,7.673994596756644e-09,6.8024793699307176e-09,2.8773331234561305e-09,2.224650271802337e-09,5.063504033725581e-09
L12treat_m3,6.948495850142632e-10,2.336417926511579e-09,1.565965918211355e-08,3.381827970180288e-08,-4.274029778892881e-08,-1.308097023802695e-08,1.2962406544320816e-09,2.4559537767077003e-09,-1.4496537525539805e-09,1.2192787971079123e-09,2.2407797651042e-09,-5.707348810130158e-10,4.075107183728294e-08,-2.8869663710772224e-08,-1.331842889704068e-08,-4.053447905112292e-09,5.899586040807624e-09,6.560781306657711e-10,1.6819507189473193e-09,4.6933346123542305e-09,1.1161063954637907e-08,3.7896751120065096e-08,-3.1031163016074803e-08,2.240486006000458e-09,-8.442297441580666e-09,1.0101998458832304e-08,-4.1555978892828454e-10,6.535114806248883e-09,1.2252387862849832e-08,4.3513003397659545e-09,4.19156882019207e-08,-3.016872985586989e-08,3.3432931238361996e-09,9.261971795210495e-10,-1.5063086727212669e-09,-8.055682128223678e-09,3.2919489320600098e-09,1.1759316392170897e-08,1.6871907241688645e-09,2.796490014319413e-08,-2.3069807171921323e-08,7.585291661923656e-09,5.724567302192381e-09,-1.4740776068343106e-10,-7.440093346225848e-09,3.1274111956071275e-09,7.273110169406705e-09,9.584490719731767e-09,1.4993702657888703e-08,-8.131401183518811e-10,-7.123149360963977e-09,-1.7114611561291889e-09,1.6198258352012288e-09,1.139980338996027e-09,3.878191888899766e-09,1.2627965208512719e-09,4.933996170091394e-09,1.2672952841956771e-08,-6.468060855841399e-09,-2.336543554254749e-09,-6.495051976212093e-10,-1.2599870621926668e-09,1.3660925280138613e-09,-3.0710680317388936e-09,-4.174181358333146e-09,-3.3601331813794438e-09,-5.705350263068139e-08,1.7471550547189906e-08,1.4785275837080388e-08,7.251840372093489e-09,7.274796851852486e-09,9.163059854099185e-09
L12treat_m2,9.962731864076365e-10,6.815756404003112e-10,1.5337064783367745e-08,1.1985127805081538e-08,-3.178020155795639e-08,-7.4284997161348726e-09,1.413547149242678e-09,4.6022328549574574e-09,2.0840482461632815e-09,1.0668460392579756e-09,5.052060077463597e-10,9.275271874760656e-09,1.7940028198763262e-08,-2.2149321398383595e-08,-3.761933353653947e-09,-4.882549430020857e-09,3.4974143373239807e-09,2.8272961215886434e-09,2.2473797518412396e-09,-4.831137981734433e-11,1.4130787398573836e-08,1.3240878922365209e-08,-2.4776803987919713e-08,-1.327580660441534e-09,-9.68595973535159e-09,5.425273671942949e-09,5.84005190259911e-10,2.4821522033979004e-09,4.351300339766008e-09,1.495769752245677e-08,1.656978287829007e-08,-1.871405474528588e-08,5.9880899487506125e-09,1.3599246224105483e-10,2.3161164954480956e-09,1.4426677198624412e-09,1.8850560264063992e-10,5.920440361003277e-09,1.0192405455061524e-08,1.2759469306109049e-08,-1.17933872726239e-08,4.570161790706386e-09,9.227394796415627e-10,2.403293966595012e-10,-2.1447913634857174e-09,9.956295267826113e-10,4.97249253223789e-09,7.512581751819793e-09,2.7864396489797265e-09,-2.684309379858667e-09,-1.9376437505102537e-10,1.7987773438142735e-09,5.295275038219104e-09,3.5086283187762864e-09,1.1285525700238748e-09,9.107883201297467e-10,4.399613210669054e-09,3.422798628007615e-09,-3.6694008627942077e-09,1.0490693870526278e-09,-3.815261335059834e-10,5.049899594401577e-09,1.0638236346794958e-09,6.270553507354517e-10,-1.795608242845966e-09,-4.586389085155932e-09,-2.4290371521527023e-08,9.004115993306676e-09,3.791284927504165e-09,3.2199075880171113e-09,-1.0093966139366564e-11,1.4110392601368342e-09
L12treat_m1,3.625772449067047e-09,7.238012402896414e-09,5.892231489638959e-08,1.4679851822418052e-07,-1.830429264179265e-07,-4.352830875767443e-08,3.1754132232008885e-09,1.0389176071871705e-08,-6.820137243648917e-10,7.988868936854844e-09,2.9595199979467695e-09,-8.794802842935093e-09,1.8560333801132357e-07,-1.2586587776714284e-07,-4.5061352646105584e-08,-2.5027247844505248e-08,2.9297357458902197e-08,8.294248924751388e-09,6.331362141635055e-09,1.072263618133799e-08,3.907742803469e-08,1.7245287155763588e-07,-1.44785014343392e-07,1.4064837488886435e-08,-3.1679036851040214e-08,4.8461452126363106e-08,8.297175366523438e-09,2.240087733320649e-08,4.191568820192062e-08,1.6569782878289646e-08,2.0214971474386853e-07,-1.5009378989077224e-07,2.1149946396075577e-08,2.8792899673033068e-09,-2.6134588856297807e-09,-2.5490280532745685e-08,7.629159409563076e-09,4.032635147754767e-08,-8.908560461701056e-10,1.2072841768320349e-07,-1.1043367971415723e-07,3.917614518480921e-08,2.896775923710574e-08,8.420482214596884e-09,-2.7215583030506652e-08,6.922419181073969e-09,2.293305172963175e-08,3.343312450984845e-08,6.794984049350405e-08,-1.8238991701446144e-08,-2.0926181516511056e-08,-6.262327508648453e-09,1.5060607872825705e-08,3.8473591120099635e-09,1.2198217597945365e-08,2.738659291959434e-09,1.550593994257961e-08,7.088801193546487e-08,-3.007179186100397e-08,-8.983743618181928e-09,-1.6418430946893956e-09,4.4770154581257986e-10,5.545443603624761e-09,-7.254928642686378e-09,-1.0843121495992952e-08,-7.178770246085502e-09,-2.435078814466959e-07,7.3796167916921e-08,4.662326367126384e-08,2.8229950672372258e-08,2.353052750330514e-08,3.211256448746996e-08
L12treat_p0,-4.3472307233455003e-10,-5.790707677834554e-09,-5.343051680549953e-08,-1.0650835561426559e-07,1.573125614988894e-07,3.2360900276726096e-08,-1.5678532505948456e-09,-6.141483034372336e-09,-4.31639241846316e-09,-3.139452930887222e-09,-1.1746331619523263e-09,-5.280700869718071e-10,-1.3819118137124987e-07,1.1321490189115463e-07,2.7999094446733986e-08,1.783165164299225e-08,-2.289922975228619e-08,-1.2891674000058339e-08,-5.406275068676996e-12,-7.035032537992574e-09,-3.350653287148495e-08,-1.2853992221442495e-07,1.3411932998985735e-07,-1.7250447761467422e-08,1.792628770671905e-08,-3.38182309531566e-08,-1.1885378028375888e-08,-1.0146780911420859e-08,-3.016872985586987e-08,-1.871405474528575e-08,-1.500937898907728e-07,1.426333634770299e-07,-1.7980657057887843e-08,-2.0273205533364154e-09,-5.688102123182803e-10,7.498744764534869e-09,-5.220127573615867e-10,-2.6634687842525434e-08,-7.620429626440658e-10,-8.283518870654504e-08,1.0803461732932821e-07,-3.184443538393933e-08,-2.8381002508513323e-08,-5.383856695438917e-09,1.0937582409631771e-08,-6.538038854619066e-10,-1.4824632021488642e-08,-2.8816626466172562e-08,-4.081574131373486e-08,1.8546443986613295e-08,1.195788295270444e-08,6.05930036609719e-09,-9.407709144026839e-09,-6.2619651442411915e-09,-5.001880825057085e-09,-3.232440575421135e-09,-1.58769420791224e-08,-4.995981988006685e-08,2.90103696215229e-08,6.416150585573814e-09,2.311571382921825e-10,-3.988178023532621e-09,-3.3547564606129504e-09,1.4143695262660769e-09,5.873056057019514e-09,5.816520423961928e-09,1.8583524538850806e-07,-6.831683764523954e-08,-3.364461938613248e-08,-2.252589580232648e-08,-2.0748941045472402e-08,-2.0042578364903475e-08
L12treat_p1,2.7785334091917527e-09,8.883764693381589e-10,1.3140121548473505e-08,1.501637620254296e-08,-2.4899155692578028e-08,5.927070815151159e-09,4.186319601942937e-09,-1.3157476203958362e-09,3.6092283447823426e-09,4.679262162179184e-09,-4.509076640574596e-09,-2.5325635724292935e-10,2.858235007178859e-08,-2.0568413584023866e-08,8.438117145297865e-09,-3.6171835680469386e-09,8.505292155971737e-09,4.165396829718603e-09,2.8589857602197707e-09,-2.823564825352634e-09,4.85105627562955e-09,1.461780105612152e-08,-2.459105479523811e-08,2.268143872568118e-08,-5.3824921876059066e-09,1.0549898018374243e-08,6.342104947594264e-09,3.739919940520689e-09,3.343293123836204e-09,5.988089948750598e-09,2.114994639607593e-08,-1.7980657057888082e-08,2.5083521531275652e-08,1.133609162029763e-09,-7.705207517939611e-10,-3.671684470395384e-09,3.2037529748388603e-10,2.7291911329161202e-09,6.78904621090675e-10,-1.0559552064404765e-09,-1.636136132515869e-08,2.429915750565766e-08,3.56776543154865e-09,3.900442507711731e-09,2.495057715536952e-10,-1.8876649231935633e-09,4.1020834256940555e-10,8.811560237719818e-09,1.5639348309008317e-09,4.436022776294393e-09,3.806348098496749e-09,4.285974485373407e-11,4.221913612906823e-09,4.222763778061869e-09,-3.645756088259721e-11,-2.8615991675111355e-09,3.4692346143820047e-09,1.4623057050995492e-08,-1.0795342671832524e-09,2.362147496656429e-09,9.615405587472432e-10,4.5017874222545975e-09,5.65308247836595e-09,3.564059108797062e-10,2.431321617481207e-09,-1.3325627717451198e-09,-2.9375096306910878e-08,3.0543239960131287e-09,-8.249686471608794e-09,-1.8115544092496849e-10,2.308689280618282e-09,-2.106288161897063e-09
L12treat_p2,1.0678061545452312e-09,8.875381055621088e-10,-8.296345911526673e-11,7.479190291086032e-09,-4.977379532879294e-09,-1.1705864772348177e-09,5.4365096216800185e-09,-1.7444097695844974e-10,2.3516594071090733e-10,7.015406470996914e-10,-9.885568011462516e-10,-1.9955881986840172e-09,5.758435748421516e-09,-1.793232586408432e-09,-1.8828293672192108e-09,6.88898049921784e-09,3.5918289761311434e-10,-7.661362341399679e-10,1.8284614406528415e-09,2.446895352674455e-10,1.607707646954953e-09,4.608280994214057e-09,2.1652191834643503e-11,1.4822644389350564e-09,5.292945637345112e-09,1.2295419751925386e-09,-1.2667771626124775e-09,1.217436456001039e-09,9.26197179521041e-10,1.3599246224103583e-10,2.8792899673033812e-09,-2.027320553336463e-09,1.1336091620297568e-09,6.24203655279975e-09,-3.967789477020783e-10,-7.191360085047573e-10,1.5524010856404048e-09,9.453125866326673e-10,9.428301120162079e-11,5.1386334752110576e-09,-4.968215810302592e-09,7.650316457232619e-09,6.330454072062846e-09,-7.512865624614399e-10,7.64096244310235e-11,1.4244420847288305e-09,4.1794756149292377e-10,8.619945677112121e-10,8.435509521533476e-10,6.692298413267151e-10,-1.5735270621653913e-09,1.778106620215215e-09,-5.558322226010539e-10,1.676856540958167e-10,2.1439798872538082e-10,-4.7113035840459866e-11,-7.423493899964216e-10,2.6039478633970404e-09,-3.399457595161666e-09,-3.067369306685672e-11,3.1195911491501347e-09,-1.053198282554554e-09,-4.3732738181011803e-10,-1.3790639603824857e-09,1.3910824871741782e-10,-6.055435013829949e-10,-9.073891625787133e-09,3.0265586904330813e-09,-6.418733075366145e-10,-3.3938250738240583e-09,2.665355765199702e-10,1.5935382961708804e-09
L12treat_p3,-4.5608109685398545e-10,-2.627406755834019e-10,2.310052472497276e-09,1.6071303755284664e-09,1.1205760386972271e-09,-2.443188006497601e-09,-1.168800404993933e-09,5.351175073891837e-09,6.383503486846657e-11,3.503444192353452e-10,-3.3923125825301125e-10,2.4993041369081057e-09,-2.086227542762745e-09,9.849024609771844e-10,1.9308820323481983e-09,-5.471572805005612e-10,5.610978138266875e-09,-2.159456160628716e-09,1.4541481274780922e-10,-5.849022888006625e-10,3.287004035562693e-09,-1.4623676765812189e-09,2.131188708557919e-09,-3.7038887419126652e-09,-4.858388131813631e-10,4.8397829412662715e-09,-1.3247577137571276e-09,2.340185422040291e-11,-1.5063086727212594e-09,2.3161164954481733e-09,-2.6134588856290697e-09,-5.688102123182238e-10,-7.705207517940488e-10,-3.967789477021178e-10,9.452276142522787e-09,2.5293033197693463e-09,5.650815912731007e-10,-1.4374952879675578e-09,3.051796316342234e-09,1.1759909096352827e-09,5.727749203811913e-10,-4.194830784190851e-09,-1.2986954281360852e-09,3.01326565881711e-09,-7.927277142331237e-10,2.617302683116253e-10,-1.7278298343685026e-10,-2.972314528901274e-10,-1.946184191501179e-09,-1.5675585310499594e-09,3.197622386824953e-10,1.3061718847688612e-09,4.330935094748987e-09,-8.907597815620656e-10,-6.916630651138507e-10,6.326566480123599e-10,1.320570986021808e-09,5.790264163969087e-10,-5.664482111438512e-09,-3.35023471729129e-10,1.2744517923969529e-09,5.484095799957007e-09,-2.319001232830771e-09,-5.038587575170349e-10,2.7151451615551985e-10,-8.290997305920065e-10,3.425919731516082e-09,2.4944820523071524e-09,6.794451771891469e-10,-4.0466224884045426e-10,-6.101830905142237e-09,2.4160493653709766e-10
L12treat_p4,-9.697079320018729e-10,-1.3785307158986608e-09,-5.958951039629771e-09,-2.269596878920333e-08,1.4766161161899187e-08,7.006565382690472e-09,-1.8962644463070087e-09,-7.691955296299103e-10,3.4341521481418844e-09,-2.3402646483974337e-09,-2.706012467355347e-09,3.783452410881912e-09,-2.7033284843215822e-08,9.556440123578417e-09,1.2020676159570843e-08,9.946195035511286e-10,-7.178711247341402e-10,4.4339664631214125e-09,-2.3623839381620043e-09,-4.062553080951135e-09,-5.189340393425625e-09,-2.529810781578103e-08,9.851927165551575e-09,4.034326372521887e-10,6.213104122795712e-09,-6.516867589462682e-09,3.5338662730548e-09,-6.9162587710246724e-09,-8.055682128223638e-09,1.442667719862415e-09,-2.549028053274529e-08,7.498744764534934e-09,-3.671684470395352e-09,-7.191360085047644e-10,2.529303319769269e-09,1.524004789615829e-08,-4.344997295981768e-09,-7.395559524453277e-09,1.4525072356526198e-09,-1.941255591173615e-08,5.844751297608664e-09,-2.5827559752275423e-09,-2.8530909569603845e-09,8.374307995929137e-10,9.806549538949988e-09,-3.1716875464621012e-09,-3.944713440626517e-09,-5.470668533564794e-09,-1.362546962459155e-08,-2.9106514524703295e-09,5.847633437974787e-09,-3.76370667348562e-10,2.9431610154696658e-09,1.62850556355003e-09,-4.370577800717504e-09,4.43368887769179e-10,-1.5628502594832447e-09,-1.0117489095395363e-08,1.4271156736158944e-09,-1.9103649095968908e-10,-1.3705947262052522e-09,5.82873345432263e-09,-2.322984731237058e-09,4.292668639449926e-09,2.304525343260478e-09,2.5456806355416402e-09,3.601469694384075e-08,-6.336662522466081e-09,-1.1906866859129252e-08,-3.0565931402237367e-09,-6.0462720959577585e-09,-9.885834905783144e-09
L16treat_m4,9.937979506735471e-10,7.048373797920814e-10,2.68315318721996e-09,9.772156379164852e-09,-6.571992184561128e-09,-4.40364910194057e-09,1.81490038830607e-09,1.0427409279187003e-09,-6.311066253639801e-10,1.2683186974183197e-09,3.022653112207176e-10,-6.593929597974654e-10,8.596861369508066e-09,-3.2233621479262216e-09,-4.024056090149683e-09,7.28335427362885e-10,2.0481862638457294e-09,-1.6946917591056877e-09,2.5976310375697677e-09,1.506243638470229e-09,3.1718456875350655e-09,7.893029695722563e-09,-8.220890491016866e-10,-1.3688564268144695e-09,-2.6754258173188257e-09,2.932126520733674e-09,-2.3203955331846368e-09,3.8463514674470594e-09,3.2919489320600035e-09,1.88505602640629e-10,7.629159409563053e-09,-5.220127573615782e-10,3.2037529748388205e-10,1.5524010856404044e-09,5.650815912730833e-10,-4.344997295981768e-09,3.2716814573691325e-09,3.6957649708368562e-09,1.111812771491164e-09,9.347005557365466e-09,-1.3655498611989967e-09,1.7933207424896744e-09,3.259089891270563e-10,-1.0130162872893315e-09,-3.682727926889605e-09,2.629055197692719e-09,2.508004527506203e-09,2.1221058384846125e-09,4.0893563894095004e-09,6.42300388993656e-10,-3.172566851363559e-09,5.466666629355014e-10,8.871974441825885e-10,-1.0853508990786814e-10,1.8563255274313687e-09,3.7938223507799984e-10,7.037535602988304e-10,2.625082833638348e-09,-2.6670080959855813e-09,-7.037771640569389e-10,6.997949888650667e-10,-7.074245630759628e-10,-1.3554872031785043e-10,-2.6962184645276316e-09,-1.5559789839847576e-09,-1.2556704349295536e-09,-1.2342830570693774e-08,3.258068953881809e-09,4.175462235661237e-09,9.459093945070959e-10,6.110444685186177e-10,3.3392306391927944e-09
L16treat_m3,1.1796842521254308e-09,2.0189921961510977e-09,1.4540073121977325e-08,3.169761207442484e-08,-4.192131077338968e-08,-1.2953937026817225e-08,1.2885637598461925e-09,3.2746781307562315e-09,-1.0884928545159761e-09,1.7101808392274836e-09,1.988933119919331e-09,-1.7634177259117706e-10,3.873972343114951e-08,-2.791896568838313e-08,-1.3268678737535133e-08,-4.719449028800805e-09,5.872733388595505e-09,9.793581538277508e-10,3.0083009539907204e-09,4.158819944159465e-09,1.1242372764397758e-08,3.579341318509227e-08,-2.920365192402066e-08,4.886351543633263e-10,-9.924751703691378e-09,9.781417695318082e-09,-8.425822138122882e-10,7.113818962686265e-09,1.1759316392170882e-08,5.920440361003284e-09,4.032635147754767e-08,-2.663468784252548e-08,2.729191132916111e-09,9.453125866326737e-10,-1.43749528796756e-09,-7.395559524453272e-09,3.6957649708368604e-09,1.2606741732040727e-08,3.0337468824350563e-09,2.8676058980163915e-08,-1.931968540152951e-08,7.342088423169485e-09,4.4544800902657705e-09,-2.8241574451382135e-10,-7.740747392480892e-09,3.79881615537776e-09,7.694367488185406e-09,8.77249378267032e-09,1.5193514557033e-08,-2.39693847003681e-09,-7.154803240489787e-09,-8.914177475345013e-10,3.1275921616964557e-09,1.4871167787847714e-09,4.167458748494329e-09,1.3761409229347757e-09,3.950261099310028e-09,1.168809478576783e-08,-6.387860887132743e-09,-2.324554168910602e-09,-6.011630944005879e-10,-1.951896051994526e-10,1.3703288562369743e-09,-2.8758975595708834e-09,-4.6657520380739306e-09,-3.2892440866586568e-09,-5.3347707288510895e-08,1.5933872804247997e-08,1.3571062369373272e-08,6.871410302487725e-09,5.887263505299651e-09,8.183115673233708e-09
L16treat_m2,5.544126078196269e-10,1.313284429526902e-10,8.808443473783742e-09,2.4601126655497e-09,-1.1310149876907671e-08,-6.291740423480031e-09,7.891648066725848e-10,3.322142328209549e-09,5.826647374437112e-10,-4.505910951590679e-11,1.105744899470404e-09,8.59687035846678e-09,1.143647090577754e-09,-6.821520952715337e-09,-2.1505384476998467e-09,-1.4067476191044517e-09,6.576439380644875e-10,2.6425993261587346e-10,1.732653146394102e-09,2.7338288781531927e-10,1.0820372759576332e-08,-6.192186128647244e-10,-5.583671314642323e-09,-5.138572158256899e-09,-6.496369129087558e-09,1.1362198305146444e-09,-2.528560370537143e-09,1.7935307327977685e-09,1.6871907241688463e-09,1.0192405455061502e-08,-8.908560461702146e-10,-7.620429626442281e-10,6.789046210907376e-10,9.428301120164582e-11,3.0517963163421555e-09,1.4525072356526519e-09,1.111812771491152e-09,3.03374688243501e-09,1.0535810018660683e-08,6.437337227799203e-09,1.5612118938856484e-09,-2.643938066537637e-09,-2.7088634067129627e-09,-8.963011534162283e-10,-2.9688458234969682e-09,2.100825619151173e-09,3.8625316171312025e-09,4.701867741343611e-09,-7.881451914853779e-10,1.9376066678875992e-09,-7.129629801369103e-11,2.495555928692787e-09,3.166954542224187e-09,1.642546849041288e-09,1.3087173259540724e-09,1.2556797766722526e-09,4.403880810158319e-09,-3.118056937809845e-09,-1.1730961386609153e-09,1.034319656102361e-09,-4.2394885305256035e-10,3.0404973918915658e-09,-5.654239866898842e-10,-7.79784728939478e-10,-1.8817882641523847e-09,-4.213816934040292e-09,-4.476569585755318e-09,2.2398502850002417e-09,3.7095734356110935e-09,1.5297962499083778e-09,-2.0383601341770403e-09,1.0108748086134118e-09
L16treat_m1,1.4285260665647351e-09,4.386408862384296e-09,3.723459546228428e-08,9.37800110448795e-08,-1.1241686724756028e-07,-4.0140501356957496e-08,3.79324237194858e-09,1.1413458155760917e-08,-1.8788047675989918e-09,3.2774456793753623e-09,6.107112564726598e-09,1.6368093403036293e-09,1.0656793774108204e-07,-7.213583191851792e-08,-4.096119986587853e-08,-1.0594685875201146e-08,1.3920577844704748e-08,4.754115421301991e-10,6.726771155943079e-09,1.0162830433541165e-08,3.304473784135752e-08,1.0703227437627137e-07,-7.945171404289037e-08,-1.1089188928692846e-08,-2.2412573318703326e-08,2.7138452512743966e-08,-5.0247286194644075e-09,1.7045263138143572e-08,2.7964900143193915e-08,1.275946930610881e-08,1.207284176832039e-07,-8.28351887065443e-08,-1.0559552064408975e-09,5.138633475211116e-09,1.1759909096346334e-09,-1.9412555911736497e-08,9.347005557365496e-09,2.8676058980163855e-08,6.437337227799509e-09,9.794876503834941e-08,-5.85386508505353e-08,9.26361749210296e-09,1.636652941702031e-08,7.013637572616667e-10,-2.3341647068963872e-08,1.0766721186597313e-08,1.9312135591602242e-08,2.0250723756568765e-08,4.6702252608344943e-08,-1.3523990174976725e-08,-1.8650507796526816e-08,-2.1907327348710388e-10,7.973461796642495e-09,1.743295600423958e-09,1.1082622508130672e-08,4.7052987609959955e-09,1.091031731207784e-08,3.284855545171477e-08,-2.1112382292721765e-08,-4.699796689601755e-09,-1.059822361384676e-09,-4.069529013424831e-09,-2.644866069595113e-10,-8.769853224724147e-09,-1.0574862013408422e-08,-7.6268960622065e-09,-1.5196052824023496e-07,5.065127502822046e-08,4.34667554823222e-08,1.9555455036871898e-08,1.385466938053025e-08,2.7572316993779574e-08
L16treat_p0,-7.227289107367426e-10,-4.306723706379143e-09,-4.243959903676903e-08,-8.464355677172957e-08,1.2122175905599525e-07,2.5535485776950992e-08,-7.306944721731339e-09,-1.795810934300831e-09,-5.454255118277414e-10,-2.696967377651383e-09,1.2837300198575392e-09,1.3677492772628274e-09,-1.1074545548566785e-07,8.41908350931904e-08,2.3890911572263344e-08,6.045568602101404e-09,-1.9150960869342218e-08,-8.283173313397495e-09,-1.447073916336567e-10,-5.4478509725049415e-09,-2.5595449701891813e-08,-9.710836283676267e-08,1.0484663185770357e-07,-1.9808022072184325e-08,6.205200027338148e-09,-2.3599146411084705e-08,-8.387244318911064e-09,-7.893066463492114e-09,-2.3069807171921293e-08,-1.1793387272623878e-08,-1.104336797141567e-07,1.0803461732932845e-07,-1.6361361325158438e-08,-4.968215810302571e-09,5.727749203812653e-10,5.84475129760859e-09,-1.3655498611989504e-09,-1.9319685401529522e-08,1.5612118938856693e-09,-5.8538650850535256e-08,9.327759751795563e-08,-3.088156974111098e-08,-3.042576837413361e-08,-3.644996539541231e-09,5.158029415985995e-09,-5.862794415658545e-10,-9.461467916899674e-09,-2.3830490968374384e-08,-3.199249999277479e-08,9.940554285741528e-09,4.929169529881761e-09,3.950382788115912e-09,-4.375843421942227e-09,-3.4054423978997662e-09,-3.012822026644466e-09,-2.0726738052586804e-09,-1.5890264539629947e-08,-4.2422039085373467e-08,2.49372045874082e-08,4.542646102986166e-09,-1.7108911510959376e-09,-1.6526546098561607e-09,-8.016984852839222e-10,2.5004557095096845e-09,2.5865892743670853e-09,4.876916322260344e-09,1.481014990951129e-07,-5.641949358908642e-08,-2.379979128939426e-08,-1.2919009355953596e-08,-1.8494175494110432e-08,-1.6695604996814656e-08
L16treat_p1,4.15977991593306e-09,2.928082388732022e-09,1.5845413307951384e-08,3.369604522219224e-08,-4.531321726019276e-08,2.8539852848326837e-09,1.056565236999993e-08,-2.390256582956975e-09,4.209050807592578e-09,4.7743828296180016e-09,-7.119843857217846e-09,-5.965280333369337e-09,4.578941057433165e-08,-3.110438424771294e-08,5.83788480435754e-09,9.865218410495224e-10,1.2894463244775958e-08,5.486193278855241e-09,4.225284212252038e-09,-1.5021111351728558e-09,5.069303271884632e-09,2.950547507356743e-08,-3.210635281966166e-08,2.8416134256573752e-08,1.0955113795007463e-09,1.340059008897636e-08,6.975020714314093e-09,4.643192283413951e-09,7.585291661923699e-09,4.570161790706404e-09,3.917614518480907e-08,-3.1844435383939687e-08,2.4299157505657767e-08,7.650316457232584e-09,-4.194830784190784e-09,-2.58275597522757e-09,1.7933207424896705e-09,7.342088423169483e-09,-2.643938066537703e-09,9.263617492102703e-09,-3.088156974111112e-08,4.294608448584087e-08,1.1576349617715131e-08,3.5587743598326246e-09,1.0141026504030897e-09,-2.8828123968218026e-10,2.4589955647153174e-09,8.565227913907426e-09,7.587465327425696e-09,5.773705656443754e-09,-4.395232524295502e-10,-1.5109485555399222e-09,6.537221252696171e-09,3.666309131105257e-09,-7.754980606213447e-10,-2.529922184628847e-09,1.6738775725673307e-09,2.416590311336146e-08,-4.75748881533143e-09,-1.7162531634910915e-09,2.245548084274948e-09,4.329155337514258e-09,3.4180747650599243e-09,-3.594178140018435e-10,1.5705942105654602e-09,3.8061942215595205e-10,-5.582294835258647e-08,9.382958398751613e-09,-9.832805920575389e-09,-1.6966097547890924e-09,3.982722640787512e-09,-1.364598639572476e-10
L16treat_p2,-3.117783496160502e-10,8.718981323152226e-10,8.718218599044981e-09,2.5646817982038338e-08,-3.063473072362903e-08,-6.874708090268663e-09,7.40646103413271e-09,-5.559946061919745e-10,-2.7745052008762133e-09,4.927021419792249e-10,-3.280164843598775e-10,-3.822112810696426e-09,3.348297388422688e-08,-1.9155510029259617e-08,-1.1527703314068217e-08,6.658543109120325e-09,3.230462359037631e-09,2.0754958755800934e-11,-4.713982758599128e-10,1.900420551367827e-09,5.876043156968413e-09,2.905784966087792e-08,-2.7989371340345672e-08,6.944532275566782e-09,7.999377561524728e-09,5.106596237276831e-09,8.799791454130866e-10,1.4588810925162414e-09,5.724567302192379e-09,9.227394796415643e-10,2.8967759237105642e-08,-2.8381002508513214e-08,3.5677654315485252e-09,6.3304540720627774e-09,-1.2986954281361952e-09,-2.853090956960317e-09,3.2590898912704576e-10,4.4544800902658e-09,-2.7088634067129763e-09,1.636652941702005e-08,-3.0425768374133615e-08,1.1576349617715091e-08,1.9405050875417776e-08,1.5291627423002717e-09,2.020108791554756e-10,4.941754223953943e-10,3.1280285887015324e-10,6.739449963312268e-09,1.210615763760035e-08,-9.802876285363392e-11,1.035529281745914e-09,1.0438084265328381e-09,-3.1873547205330167e-09,-2.454827916485921e-10,9.251366275702338e-10,4.6205745945957335e-10,5.694065337606665e-09,1.3584627706710123e-08,-7.099151337516318e-09,-5.162981349282263e-10,4.172788340642383e-09,-3.0008493275921307e-09,-6.955132545071111e-10,-1.3371651282167707e-09,5.584916371224379e-10,-1.696344141712305e-09,-4.522657812180172e-08,1.7077542404040617e-08,7.479023644289648e-09,-9.585469634289288e-10,7.3900627891815625e-09,7.167340317220994e-09
L16treat_p3,9.505909629344482e-11,-2.3208877762720606e-10,8.850632437965336e-10,5.478081859334786e-09,-1.938317509499965e-09,1.7306734228136585e-09,-5.964352482066298e-10,2.3409528876993755e-09,-5.856418481049005e-10,1.1613236016420147e-09,-6.685616449720353e-10,-1.7829976842269574e-09,8.750010446414516e-09,-1.6000579888512814e-09,1.2524806054900813e-09,-3.086004329351137e-09,4.998289354528208e-09,-2.461419735561353e-10,-4.612012442683281e-10,-9.081312212446059e-10,-2.7366977226929743e-10,5.992311102243705e-09,-3.365892979474886e-09,2.822644954537127e-09,-2.929864074969777e-10,6.249148649582542e-09,2.472908858326959e-09,-2.1743697049323024e-10,-1.4740776068341384e-10,2.4032939665951594e-10,8.420482214596886e-09,-5.383856695438908e-09,3.90044250771166e-09,-7.512865624614992e-10,3.013265658817006e-09,8.374307995929361e-10,-1.0130162872893309e-09,-2.824157445138249e-10,-8.963011534162338e-10,7.013637572614685e-10,-3.6449965395413205e-09,3.5587743598325452e-09,1.5291627423003429e-09,5.798184994068734e-09,6.555313876825773e-10,-7.979090614141036e-10,-7.497833640535103e-10,1.3454739882175405e-10,4.385644644781368e-09,1.023123160428818e-09,2.8757755627677367e-09,-5.583889293065775e-10,3.7882577046164445e-09,-2.7160778398058537e-10,-3.758680804045286e-10,-7.790948049804545e-10,6.664057257346738e-10,6.5813511303600586e-09,7.635037223096108e-10,-3.3680760934402163e-10,-2.038614345039405e-10,2.73113550098092e-09,3.1973729133293817e-10,5.658529511868811e-10,9.303869314520884e-10,6.597204982121134e-10,-7.4130648642949085e-09,-1.1082067555709772e-10,-2.2681309086848348e-09,-2.2366053860058135e-10,-2.9525768374894404e-09,-5.713145938636063e-10
L16treat_p4,-1.0824163981684595e-09,-1.1336046349211998e-09,-8.666518941322651e-09,-2.354289478468472e-08,2.096644322508366e-08,1.0800634630703892e-08,-4.0335231836253156e-10,-3.2383901507835506e-09,2.510046466935526e-09,-1.4134727089924733e-09,-2.0799780032201325e-09,5.892258607482301e-10,-2.5624520686311948e-08,1.336442736018047e-08,1.061989739887864e-08,3.2838851991536305e-09,-2.11012410710828e-09,2.993451375656012e-09,-2.29895468020171e-09,-3.1043571366488646e-09,-8.740982489469526e-09,-2.4423653573913512e-08,1.2253581322046243e-08,5.151815787309625e-09,8.730107548846114e-09,-6.2842302291242485e-09,4.4745978089466055e-09,-6.166105524153012e-09,-7.4400933462258155e-09,-2.144791363485701e-09,-2.721558303050647e-08,1.0937582409631872e-08,2.4950577155380923e-10,7.640962443106194e-11,-7.927277142332146e-10,9.806549538950041e-09,-3.6827279268896138e-09,-7.740747392480895e-09,-2.968845823496944e-09,-2.334164706896369e-08,5.15802941598606e-09,1.0141026504032039e-09,2.0201087915550526e-10,6.555313876825439e-10,1.1948777849227242e-08,-3.5082201065879044e-09,-5.292814622286733e-09,-4.9696028978570885e-09,-1.215889465481092e-08,-1.1109866794408658e-09,7.080981039370425e-09,-1.4316498903379538e-09,-1.4031595335870657e-09,2.3786148171271135e-09,-4.011619417749995e-09,-5.931826980760292e-10,-2.9574572849336085e-09,-9.3304046749724e-09,4.1656275441095065e-09,1.2682451318693019e-09,-5.723545597596139e-10,1.6641160161926085e-09,2.482220648198272e-10,3.5211909721412247e-09,3.2302392639323486e-09,2.7820810064832186e-09,3.4980460361727856e-08,-7.68178410889662e-09,-1.246045456356128e-08,-4.367976640347363e-09,-2.551930027203009e-09,-8.898515853539532e-09
F12treat_m4,6.294326588110745e-10,4.811065945048958e-10,2.677559911346912e-09,8.827368511402023e-09,-6.6620354725887856e-09,-5.458430679170198e-09,1.672517206622047e-09,9.397144669048034e-10,-1.3154036439327325e-09,5.813306427989911e-10,1.0824024996613259e-09,4.839515292245773e-10,6.993794889342143e-09,-2.989171273580407e-09,-5.3968995113538e-09,6.105448370022165e-10,1.0013745646352557e-09,-1.6814889563475785e-09,2.075806216840547e-09,1.683864971967486e-09,3.827471135052015e-09,6.971689077365938e-09,-5.624065105873232e-10,-3.862943961610315e-09,-2.9057484134443937e-09,1.9221053143612416e-09,-2.63959131297939e-09,3.107495628221419e-09,3.1274111956071213e-09,9.956295267826007e-10,6.922419181073952e-09,-6.538038854618892e-10,-1.887664923193543e-09,1.4244420847288322e-09,2.61730268311612e-10,-3.171687546462117e-09,2.6290551976927134e-09,3.7988161553777575e-09,2.1008256191511803e-09,1.0766721186597305e-08,-5.862794415658941e-10,-2.8828123968215053e-10,4.941754223954032e-10,-7.979090614141075e-10,-3.508220106587914e-09,3.0502165711603355e-09,3.0108283549955633e-09,1.7881640891719442e-09,4.350618151031758e-09,9.814451612318009e-10,-2.7822805310663364e-09,7.486767842505177e-10,7.135236511965295e-10,-2.3862985373511367e-10,2.081916483874906e-09,7.186448786535004e-10,8.824106621982182e-10,1.2271344440295949e-09,-1.1356853384309413e-09,-2.625574313196717e-10,5.490633181620191e-10,-1.6278097732252105e-09,-5.984334024199261e-10,-2.3942331350383017e-09,-1.83906842057515e-09,-1.3640486583536102e-09,-1.1496673734243597e-08,3.1797470957162262e-09,5.3710370431651555e-09,1.2264841435303991e-09,5.73436048240221e-10,3.5477496905164427e-09
F12treat_m3,3.9205502031939225e-10,1.2535560412041658e-09,1.0442478344110919e-08,1.9464339969443304e-08,-2.6705176334877817e-08,-9.597658478530239e-09,5.365502709739844e-10,2.5411945954808875e-09,-7.716286602829817e-10,2.5995158093263676e-10,2.0023593254888264e-09,2.6345444062337647e-09,2.0530227616654162e-08,-1.631252031567581e-08,-8.54473282286367e-09,-3.0999990266673018e-09,3.0577877567685416e-09,1.8974292803964423e-10,1.6994845314201141e-09,2.866251625028771e-09,9.04452237216974e-09,1.9553736074700944e-08,-1.596188351022902e-08,-2.8927233920929724e-09,-8.343622877038873e-09,5.36858946708893e-09,-1.2436201287794915e-09,4.394386471583095e-09,7.273110169406708e-09,4.9724925322378536e-09,2.2933051729631733e-08,-1.4824632021488738e-08,4.1020834256940545e-10,4.179475614929409e-10,-1.7278298343685253e-10,-3.944713440626496e-09,2.5080045275062065e-09,7.69436748818542e-09,3.862531617131203e-09,1.931213559160233e-08,-9.46146791689964e-09,2.4589955647152967e-09,3.128028588701678e-10,-7.497833640535397e-10,-5.292814622286722e-09,3.0108283549955686e-09,6.598824996270896e-09,6.0049283780487385e-09,7.304711586522783e-09,-4.857641324267886e-10,-5.006387060758706e-09,-4.2430757358334237e-10,2.6249516661515003e-09,9.748486403882229e-10,2.752729901787602e-09,1.3322514562128066e-09,2.4459336441940035e-09,4.960847516395291e-09,-2.8962361145117547e-09,-2.6930752536526746e-10,-1.1631195514585581e-09,-2.584072110353659e-10,6.024777060730784e-10,-1.9836279580534092e-09,-3.4600359568867012e-09,-2.6442521874793618e-09,-3.1099387801847545e-08,9.526293127510359e-09,9.419139615944586e-09,5.022336187085304e-09,2.577627015063111e-09,5.551661099483674e-09
F12treat_m2,2.8019312780754086e-10,1.3828586332129976e-09,1.815719857014399e-08,2.7888545533260752e-08,-4.090373411728078e-08,-9.684560099511165e-09,2.42701100974931e-09,1.4851237670899196e-09,-7.954869750066954e-10,1.0224964896422827e-09,1.1481121314950093e-09,3.0281705244019625e-09,3.5434396896906835e-08,-2.860478325472936e-08,-9.033050581074414e-09,-2.3701486222412035e-09,5.443651628939443e-09,1.6332401832200001e-09,9.45828383319358e-10,2.7918836368272637e-09,1.323579910261994e-08,3.020171168171396e-08,-3.338444167958038e-08,6.666329686872645e-09,-7.147490134802285e-09,8.183398750455135e-09,4.852777130220264e-10,5.0968361929321015e-09,9.584490719731784e-09,7.512581751819798e-09,3.3433124509848406e-08,-2.8816626466172698e-08,8.811560237719732e-09,8.619945677111777e-10,-2.972314528902351e-10,-5.47066853356476e-09,2.1221058384846104e-09,8.772493782670312e-09,4.701867741343685e-09,2.0250723756568533e-08,-2.3830490968374427e-08,8.56522791390738e-09,6.739449963312251e-09,1.3454739882177152e-10,-4.96960289785711e-09,1.7881640891719454e-09,6.004928378048781e-09,1.3402492108625033e-08,9.463328412633874e-09,1.7822619981336853e-09,-2.43401412499075e-09,5.415542667320623e-11,5.516191659887036e-10,2.402332504291835e-09,3.0194658848366685e-09,1.0728298681100957e-09,8.220623898602029e-09,1.0593880542737355e-08,-5.882385109378478e-09,4.2253080438029144e-10,3.8622937908941766e-10,1.3231010410751752e-10,2.1836489973678895e-09,-2.2034650814250296e-09,-2.4726859379096656e-09,-4.979012482387507e-09,-4.930071974347627e-08,1.614058749074403e-08,1.1295058842544832e-08,5.6019036574134815e-09,6.918580424658292e-09,6.806965212982367e-09
F12treat_m1,7.999270652178942e-10,1.7813447098852763e-09,1.6287836320975605e-08,5.1603115978541307e-08,-5.222003293331288e-08,-1.7422643165601455e-08,1.881516620814333e-09,5.13082452591362e-09,-4.3125078459834986e-09,2.9338559722434694e-09,3.235893783081744e-09,-4.859350187359362e-09,6.559450300415692e-08,-3.242213301151965e-08,-2.5028919915652512e-08,-6.993427827775483e-09,8.345073596052034e-09,-1.2106606289223743e-09,2.392628491064733e-09,5.698271702981639e-09,1.3153620702595578e-08,6.116188262967091e-08,-4.221176622843644e-08,-1.4931235513304394e-09,-8.58925126832681e-09,1.598985921556158e-08,-8.297199399370842e-10,8.829173823110768e-09,1.4993702657888557e-08,2.7864396489795292e-09,6.794984049350461e-08,-4.0815741313734346e-08,1.5639348309002387e-09,8.435509521531908e-10,-1.9461841915017115e-09,-1.3625469624591926e-08,4.089356389409518e-09,1.5193514557032842e-08,-7.881451914850609e-10,4.6702252608344586e-08,-3.199249999277499e-08,7.58746532742588e-09,1.2106157637600352e-08,4.385644644781608e-09,-1.2158894654811046e-08,4.350618151031759e-09,7.30471158652272e-09,9.46332841263414e-09,3.526101839409835e-08,-3.2605371782744754e-09,-4.6928205367663e-09,-1.3570764935079734e-09,3.063074215867767e-09,-1.0049604483620496e-09,5.89502354305366e-09,1.0447440930289148e-09,7.496918221586078e-09,2.4941086490540397e-08,-7.006909315087791e-09,-3.0240338083550523e-09,-1.6182807292110199e-09,-3.4259033205389725e-09,1.0011861980459206e-09,-4.31087709408352e-09,-4.323303628743306e-09,-2.786263298125492e-09,-8.644066955976744e-08,2.3682577650711405e-08,2.0818898129087748e-08,8.771026690667454e-09,8.59903124645721e-09,1.5364650755681188e-08
F12treat_p0,-7.578198254301911e-10,-3.2071210438269857e-10,3.1331710833681853e-09,-4.464716265406869e-09,1.418637283836535e-08,1.5995462406049061e-09,4.4059869624935845e-09,-3.464289184940209e-09,-3.5907879712452853e-09,-1.7282891476025923e-09,-3.9818595410451337e-10,2.2491455520782095e-09,-1.0514044991412118e-08,1.41560741541425e-08,3.522259020841275e-09,4.385165946661892e-09,-1.5761784375502487e-09,-4.6387908829457035e-09,-2.580833033489739e-09,9.998099475127559e-10,8.058762923598368e-10,-1.675326696803027e-08,1.6389180047913077e-08,6.74384623137393e-09,4.387537502132045e-09,-3.2597787876162903e-09,-3.405663250425601e-09,-1.0781837980000082e-09,-8.131401183517611e-10,-2.6843093798585827e-09,-1.8238991701446035e-08,1.8546443986613278e-08,4.436022776294731e-09,6.692298413267933e-10,-1.5675585310498402e-09,-2.910651452470334e-09,6.423003889936973e-10,-2.3969384700367527e-09,1.937606667887681e-09,-1.3523990174976792e-08,9.940554285741651e-09,5.773705656444209e-09,-9.802876285340047e-11,1.023123160429025e-09,-1.1109866794408607e-09,9.814451612318375e-10,-4.857641324266573e-10,1.782261998133717e-09,-3.2605371782745937e-09,2.4957208910330214e-08,4.182898591447129e-09,6.008059334546961e-10,-3.013060236543991e-09,-2.155525028835734e-09,-4.0716543715205216e-10,-7.656313068311815e-10,6.531674811458183e-09,-2.7630889206398043e-09,1.3050190667974135e-08,1.1785797878119203e-09,-7.55898010742621e-10,-3.072329330290565e-09,-1.072648805045013e-09,-2.117213396400779e-09,1.328723074161804e-09,-1.4320888530810766e-09,7.651395168628348e-09,-1.3014356309976052e-08,-1.7650725812238407e-09,-2.7457443883040527e-09,2.0112441369792e-10,1.6557175996563952e-09
F12treat_p1,-9.338107629042443e-10,-2.314871735615626e-09,-4.0481430066993666e-09,-1.7242262194566374e-08,1.8275782706448233e-08,8.51950703788103e-09,7.581415971887143e-10,-2.4750497107157083e-09,-1.1592536054529801e-10,-4.4414169822464996e-10,-1.8225514260332746e-09,2.491934917645402e-09,-1.6034933342436167e-08,1.4201318270707769e-08,6.680864053292136e-09,1.6831628039071567e-09,-1.7351063158087848e-09,7.558396608706043e-10,-1.9536788752908184e-09,-3.469863235924798e-09,-4.021734534269088e-09,-2.017295737190119e-08,7.752175398856673e-09,4.264724118956695e-09,5.4467632661813805e-09,-5.242616834395852e-09,2.781604594773884e-09,-4.597529935988345e-09,-7.1231493609639655e-09,-1.937643750509684e-10,-2.0926181516510662e-08,1.1957882952704401e-08,3.80634809849699e-09,-1.5735270621653632e-09,3.197622386825066e-10,5.847633437974785e-09,-3.172566851363534e-09,-7.154803240489773e-09,-7.129629801370093e-11,-1.8650507796526498e-08,4.9291695298818336e-09,-4.3952325242946844e-10,1.0355292817460279e-09,2.875775562767744e-09,7.080981039370362e-09,-2.7822805310663356e-09,-5.006387060758706e-09,-2.434014124990599e-09,-4.6928205367657555e-09,4.182898591447072e-09,1.198753941955399e-08,1.3648718395322244e-09,-7.292236388414207e-10,1.46752506083387e-10,-2.6466073569836487e-09,-1.2188173946721275e-09,2.3767504260064524e-09,-3.342337354629332e-09,6.705525297079076e-09,4.0894493464987665e-09,-5.94740655427672e-10,8.847147194472976e-10,-5.825650675838398e-11,2.4275011617235846e-09,3.935191754405208e-09,1.393040437143843e-09,2.4055780845186845e-08,-8.179086131267896e-09,-1.0387806531087667e-08,-4.510368626509602e-09,-2.626213972578133e-09,-5.291661638734066e-09
F12treat_p2,4.755387068087755e-10,-6.59446825731868e-10,-9.70527610902207e-10,-2.106537182948546e-09,4.024317260514266e-09,-5.772431887361929e-10,2.0769127751650826e-09,6.754219913814138e-10,3.7544616853034145e-11,4.20029804059002e-10,-3.4338892902464495e-10,1.03839143832841e-09,-3.881220114907158e-09,3.6440525080033906e-09,-3.9836916143586206e-10,2.9171384676639044e-09,-1.4216584093272978e-09,-1.4591229916516254e-09,1.1658035084315108e-09,-8.456661746231358e-10,1.6990602900947326e-09,-4.956647062951253e-09,4.085622902406449e-09,-2.8707186762053157e-09,8.410658455130609e-10,-1.8329203442301843e-09,-2.588096438105108e-09,2.42322819622029e-10,-1.711461156129205e-09,1.79877734381425e-09,-6.262327508648448e-09,6.059300366097372e-09,4.285974485371971e-11,1.7781066202152545e-09,1.3061718847688291e-09,-3.7637066734848216e-10,5.466666629354854e-10,-8.914177475345051e-10,2.4955559286927567e-09,-2.1907327348719384e-10,3.95038278811596e-09,-1.5109485555398192e-09,1.0438084265329212e-09,-5.583889293065942e-10,-1.431649890337938e-09,7.486767842505018e-10,-4.243075735833716e-10,5.415542667321778e-11,-1.3570764935078773e-09,6.008059334545901e-10,1.3648718395322786e-09,4.1469763761012795e-09,-5.195563651856641e-11,-9.690129172545097e-10,2.445944948273495e-10,-9.767586510519574e-11,4.685337044760536e-10,-1.0751468524094346e-09,-9.106240082714571e-10,1.9673382771497727e-09,2.7272083577960706e-09,4.079496912452651e-10,-7.703675900093919e-10,-4.793412207499684e-10,3.422383037352129e-10,-9.06990329959158e-10,5.173145960581891e-09,-1.8284575885059755e-09,-9.44620225289609e-10,-2.953667135142008e-09,-1.6895468453573707e-09,2.7658814756968887e-10
F12treat_p3,1.767116018003144e-09,3.9233199042241684e-10,5.756719306727801e-09,1.0816206452208408e-08,-1.5665731060540618e-08,-2.677719362907966e-09,-9.289049073192232e-10,4.3935719293012895e-09,3.0787452726351304e-09,2.2556525770159208e-09,-2.1921669941332196e-09,1.4421672655890607e-09,1.2434674197694842e-08,-1.0021257788146927e-08,3.1629073852973007e-09,-6.935957060470547e-09,8.257086076388409e-09,2.3773113064592126e-09,2.7935337082839437e-09,-1.5926951451061923e-09,4.121364719679962e-09,8.731796319451165e-09,-8.072705903363094e-09,5.614536445481299e-10,-7.442406087486046e-09,8.416281106870034e-09,2.309826354559421e-09,2.351882372141405e-09,1.6198258352012069e-09,5.2952750382191105e-09,1.5060607872825698e-08,-9.407709144026712e-09,4.221913612906777e-09,-5.558322226010978e-10,4.330935094748974e-09,2.943161015469731e-09,8.871974441825772e-10,3.1275921616964147e-09,3.1669545422241547e-09,7.973461796642407e-09,-4.375843421942268e-09,6.537221252696028e-09,-3.187354720532968e-09,3.788257704616545e-09,-1.4031595335869896e-09,7.135236511965155e-10,2.6249516661514817e-09,5.51619165988703e-10,3.063074215867641e-09,-3.013060236543946e-09,-7.292236388414855e-10,-5.195563651853959e-11,1.0374472436968034e-08,1.2291994444044884e-09,-2.0532166449457524e-10,-1.976128408044512e-11,-2.0792482763431016e-10,7.0704411158735105e-09,-3.072511215079071e-09,-1.9901682309848157e-09,-1.6235614223517668e-09,7.895117309371538e-09,-4.982002879957889e-10,1.7935597928308905e-10,-8.715111864560781e-10,3.9481717581599156e-10,-1.2878708991649571e-08,2.3194654527105243e-09,-3.1543930916185793e-09,2.0905701370303955e-09,-5.54562089424241e-09,-1.7718537675066097e-09
F12treat_p4,3.6561941248114644e-11,2.5804753275910696e-10,3.5173922999868324e-09,2.074657084547364e-10,-8.916697979377773e-09,6.299458573046506e-10,-5.313698964494954e-10,2.732006106068379e-10,3.010212485633537e-09,3.751719731223768e-10,-2.138550446793427e-10,2.3712772173455895e-09,2.7980332764964743e-09,-7.845681745491121e-09,1.7454685079877127e-09,-2.028039833303724e-09,1.0933969618590947e-09,3.044447849406278e-09,6.429765441571754e-10,-4.562066148628661e-10,1.922208136578515e-09,2.974869582168124e-09,-8.167528072731492e-09,4.019633564467322e-09,-2.2241071367145095e-09,2.1666713328259685e-09,2.234657476831761e-09,4.5290224225381204e-10,1.1399803389960611e-09,3.5086283187762633e-09,3.847359112009824e-09,-6.261965144241211e-09,4.2227637780619575e-09,1.6768565409580983e-10,-8.907597815621076e-10,1.6285055635500998e-09,-1.0853508990787709e-10,1.48711677878476e-09,1.6425468490412796e-09,1.7432956004238221e-09,-3.405442397899767e-09,3.6663091311053197e-09,-2.4548279164860734e-10,-2.716077839805653e-10,2.3786148171271172e-09,-2.3862985373510566e-10,9.748486403882272e-10,2.4023325042917868e-09,-1.0049604483622326e-09,-2.1555250288357858e-09,1.4675250608340816e-10,-9.690129172545517e-10,1.2291994444044705e-09,4.696953938454297e-09,4.8060477250124765e-11,2.941059937181417e-10,6.070946456877683e-10,-2.5788786728424393e-09,4.68994213186032e-12,1.4307905053024784e-10,-1.5135641889781016e-09,1.661761372343356e-09,2.546225876864282e-09,6.352507481947496e-10,-4.3698889337248993e-10,-7.33203385160291e-10,-4.456622456503655e-09,2.0240540655581795e-09,-5.090709061237934e-10,2.199248518613802e-09,1.2797313002898303e-09,-2.0123369255891267e-09
F8treat_m4,6.284739409100632e-10,6.001250707651111e-10,3.4403432583133574e-09,9.923369696554685e-09,-9.441132826789173e-09,-4.648155248957821e-09,6.02764626834941e-10,7.839069837752754e-10,-1.589891266439233e-09,8.369891723492421e-10,1.5365410655542636e-09,-3.787626363046067e-10,1.1973683674603309e-08,-6.408348555995944e-09,-6.138108837766359e-09,-8.843890313695165e-10,4.251405663910721e-10,-8.09368705995747e-10,1.5318365578879557e-09,1.7072455018949803e-09,3.647290992470115e-09,1.149409856841923e-08,-6.31389996713351e-09,-2.1633273756475974e-09,-4.2243866703606904e-09,2.730277849711145e-09,-1.2855019379803179e-09,3.309169259196943e-09,3.878191888899759e-09,1.1285525700238485e-09,1.2198217597945332e-08,-5.001880825057055e-09,-3.64575608826138e-11,2.1439798872537953e-10,-6.916630651138939e-10,-4.370577800717521e-09,1.8563255274313642e-09,4.167458748494323e-09,1.3087173259540742e-09,1.1082622508130637e-08,-3.0128220266444907e-09,-7.754980606213476e-10,9.251366275702341e-10,-3.7586808040454823e-10,-4.011619417750005e-09,2.081916483874907e-09,2.7527299017875954e-09,3.019465884836658e-09,5.8950235430536475e-09,-4.0716543715210086e-10,-2.646607356983681e-09,2.445944948273606e-10,-2.0532166449457638e-10,4.8060477250125314e-11,2.5646112825569677e-09,3.962195867132327e-10,1.1193159434034881e-09,3.002593340532738e-09,-1.220526868308702e-09,4.512246532391394e-11,2.642285685809505e-10,-2.1388618887298507e-09,7.59545994476333e-10,-1.8404961885379781e-09,-1.7733655995817964e-09,-1.5741397225055643e-09,-1.6148215001465105e-08,4.337895718908618e-09,6.275128836829886e-09,2.2315153141163553e-09,2.273383386290851e-09,3.753885861562571e-09
F8treat_m3,-6.882138190486491e-10,8.521222249600836e-11,1.8285634102269118e-09,2.3918722954359642e-09,-5.115341673501068e-09,-3.2809584447679223e-09,-7.217989772107813e-10,9.255687517986455e-10,-1.2434213969890104e-10,-8.670210423260181e-10,8.862910436126911e-10,1.361113948015197e-09,8.844750724356326e-10,-2.606238126542927e-09,-2.6364561849300297e-09,-1.906116847527694e-11,8.692773256660411e-11,1.9399175706334698e-10,-3.620756073052438e-10,9.647905966630398e-10,2.1958662945523935e-09,2.9756254550270928e-09,-2.992022557283029e-09,-2.353043369840889e-09,-4.6449919479880644e-10,-4.169541353560964e-11,-8.885541436792723e-10,2.0386615733078042e-10,1.2627965208512706e-09,9.107883201297113e-10,2.7386592919593995e-09,-3.232440575421208e-09,-2.861599167511245e-09,-4.711303584044965e-11,6.32656648012348e-10,4.4336888776917765e-10,3.793822350779984e-10,1.376140922934774e-09,1.255679776672258e-09,4.705298760995955e-09,-2.07267380525867e-09,-2.5299221846289177e-09,4.620574594595657e-10,-7.790948049804569e-10,-5.931826980760376e-10,7.186448786534995e-10,1.3322514562127808e-09,1.0728298681100794e-09,1.0447440930289227e-09,-7.656313068312838e-10,-1.2188173946722301e-09,-9.767586510518408e-11,-1.9761284080396594e-11,2.9410599371816197e-10,3.962195867132361e-10,1.120961163190935e-09,1.3525251470434666e-09,-1.4588769531114108e-09,-1.5061462623034448e-09,-5.58910333235746e-10,-5.480505190422631e-10,1.0091680210405891e-10,-7.389571836914869e-10,-3.66770250162867e-10,-1.1521897582971194e-09,-6.791209965814795e-10,-4.165773933710261e-09,3.188777730935207e-09,3.7130487025958786e-09,1.6667770642058675e-09,6.219772344308994e-10,1.39837106833485e-09
F8treat_m2,-1.3372340875264969e-09,-1.6691417445123035e-10,1.4698562209696889e-08,1.4353622703662188e-08,-2.378703485792866e-08,-8.726605506169397e-09,1.489086452806179e-09,1.4420111935485386e-09,-1.3467965457598425e-09,-1.0028414422670703e-09,4.912897383822124e-10,5.529349960529927e-09,1.8098783346590297e-08,-1.4063551798020253e-08,-6.320728094686758e-09,-9.894649454569391e-10,3.5064822020263923e-09,2.608405928000676e-10,-1.5687746382150517e-09,1.8491059717767088e-09,1.054280982618047e-08,1.38840301112578e-08,-2.1291256779682804e-08,4.577136164836095e-09,-1.8457026136766323e-09,2.9602025724913735e-09,-1.4597531963020353e-09,1.4048831241561817e-09,4.933996170091393e-09,4.399613210669026e-09,1.550593994257979e-08,-1.5876942079122425e-08,3.469234614381915e-09,-7.42349389996408e-10,1.3205709860216219e-09,-1.5628502594832772e-09,7.037535602988269e-10,3.950261099309998e-09,4.403880810158445e-09,1.091031731207771e-08,-1.5890264539629984e-08,1.673877572567337e-09,5.694065337606703e-09,6.664057257347243e-10,-2.957457284933642e-09,8.824106621982189e-10,2.445933644193989e-09,8.220623898602107e-09,7.496918221586e-09,6.531674811458156e-09,2.3767504260063027e-09,4.68533704476072e-10,-2.079248276342519e-10,6.070946456878226e-10,1.1193159434035005e-09,1.3525251470434718e-09,1.1443170165974096e-08,4.151549789456408e-09,-1.5673079860879853e-09,-7.894013497020757e-11,-1.7998716466216087e-09,7.152257429190284e-10,-1.2672892893703524e-09,-1.550937509034968e-09,-7.541829445111344e-10,-3.5371196450890053e-09,-2.9428554209616827e-08,1.0054781663484699e-08,9.295853243504178e-09,4.207460553789171e-09,4.757408640788096e-09,5.4863852372391664e-09
F8treat_m1,3.5533741109347414e-09,2.680100611234069e-09,1.8359610088910678e-08,5.737703023687768e-08,-5.812533363856077e-08,-1.0060871437902941e-08,5.371803333774578e-09,1.0965946959636155e-09,-3.0232593776028586e-09,5.716362790401949e-09,-2.3917211485758883e-09,-9.404139135899337e-09,7.456767933017513e-08,-4.0107143019930876e-08,-1.2114150756734216e-08,-6.3546253497059515e-09,1.4786139326666264e-08,4.932822923834697e-10,3.4597337953200106e-09,1.6072749370359143e-09,1.03858787547067e-08,6.033806500966155e-08,-4.677734863579728e-08,1.1800827505578546e-08,-7.07816018778932e-09,1.9338366840891788e-08,4.79061450780011e-09,8.255467814126829e-09,1.2672952841956806e-08,3.4227986280071045e-09,7.088801193546616e-08,-4.995981988006631e-08,1.4623057050994932e-08,2.603947863396713e-09,5.790264163960847e-10,-1.0117489095395874e-08,2.6250828336383897e-09,1.1688094785767839e-08,-3.1180569378098142e-09,3.284855545171536e-08,-4.242203908537358e-08,2.4165903113361677e-08,1.3584627706709986e-08,6.581351130360058e-09,-9.33040467497267e-09,1.2271344440296348e-09,4.960847516395183e-09,1.059388054273755e-08,2.4941086490541316e-08,-2.7630889206393643e-09,-3.3423373546299212e-09,-1.0751468524097566e-09,7.070441115873571e-09,-2.578878672842323e-09,3.0025933405327883e-09,-1.4588769531113541e-09,4.15154978945635e-09,3.852580973651592e-08,-1.259859542272193e-08,-2.5544850463180504e-09,3.6365689440392183e-09,1.5249861898130037e-09,1.21838221532487e-09,-2.7147216126709437e-09,-6.090838139994995e-10,-1.1355315105063293e-09,-8.754365851647265e-08,2.345514957215706e-08,6.869604983999114e-09,3.4162914984804775e-09,4.904728641789838e-09,1.0044192994828458e-08
F8treat_p0,-1.4223442458495656e-09,-1.9181501563746886e-09,-9.023577471296614e-09,-2.5445156420908324e-08,3.356888078259397e-08,1.0097412968977958e-08,-1.1659107436311597e-09,-4.505198573371972e-09,-7.980125020745599e-10,-1.9875049468268114e-09,1.2666259005866687e-09,3.0125775587204035e-09,-3.11375832547627e-08,2.5107611820781117e-08,7.097273347960567e-09,-1.7394122369015222e-09,-8.941143727544911e-09,-1.264074640031691e-09,-2.75950832148099e-09,-1.4395421208450726e-09,-8.122471767983809e-09,-2.988097710987025e-08,2.77056571578756e-08,-1.7938037098805877e-09,1.0572235150642974e-09,-8.9845151619379e-09,6.269696719148292e-10,-4.500123128945823e-09,-6.468060855841379e-09,-3.6694008627942242e-09,-3.0071791861003554e-08,2.901036962152307e-08,-1.0795342671831163e-09,-3.3994575951618126e-09,-5.664482111438526e-09,1.4271156736158462e-09,-2.6670080959855487e-09,-6.387860887132687e-09,-1.1730961386609118e-09,-2.1112382292721315e-08,2.493720458740828e-08,-4.757488815331207e-09,-7.099151337516397e-09,7.635037223096567e-10,4.1656275441094536e-09,-1.1356853384309136e-09,-2.8962361145117625e-09,-5.882385109378475e-09,-7.0069093150872685e-09,1.3050190667973898e-08,6.705525297078942e-09,-9.106240082715912e-10,-3.072511215079181e-09,4.6899421318661275e-12,-1.2205268683086942e-09,-1.5061462623034103e-09,-1.5673079860879374e-09,-1.2598595422721759e-08,2.137979362731898e-08,3.2981045129742706e-09,-4.007032448142627e-09,-4.797104278606929e-09,1.3144508945947364e-09,1.7935234898894569e-09,2.113573369561691e-09,2.07818191031179e-09,3.8973722883211345e-08,-2.2039967212958165e-08,-7.778253635099351e-09,-1.73598250012237e-09,-1.5263145468298258e-09,-4.6781652266356156e-09
F8treat_p1,-4.537868265864492e-10,-9.155464787061736e-10,-7.175116412585585e-10,-6.05306757192213e-09,6.549278137541975e-09,3.018221437289759e-09,1.1476043088267597e-09,-1.4117332865426719e-09,-8.125394636442469e-10,-2.3741844490202965e-10,7.330823749976743e-10,2.524159395018387e-09,-6.770644227263861e-09,5.839786001828636e-09,3.81944276049986e-10,2.0653302165101946e-09,-3.0494340237606555e-09,-6.186611209630649e-10,-2.1692446665956556e-10,-7.796841240697901e-10,2.0952193684003021e-10,-8.531401646263852e-09,3.4573208287458176e-09,-9.150633436223095e-10,-2.451116186416343e-10,-3.4821683153883615e-09,1.530798146101627e-10,-9.240326472714302e-10,-2.336543554254773e-09,1.0490693870526034e-09,-8.983743618181741e-09,6.416150585573613e-09,2.3621474966563203e-09,-3.0673693066793266e-11,-3.350234717290742e-10,-1.9103649095968595e-10,-7.037771640569389e-10,-2.324554168910634e-09,1.0343196561022831e-09,-4.699796689601649e-09,4.5426461029860346e-09,-1.7162531634912783e-09,-5.162981349280514e-10,-3.368076093439587e-10,1.2682451318692392e-09,-2.6255743131969656e-10,-2.6930752536533353e-10,4.2253080438038703e-10,-3.0240338083546924e-09,1.1785797878115628e-09,4.089449346498418e-09,1.967338277149766e-09,-1.9901682309847008e-09,1.4307905053023166e-10,4.512246532391539e-11,-5.58910333235711e-10,-7.89401349701578e-11,-2.5544850463177393e-09,3.2981045129741825e-09,5.306043974025358e-09,9.386660228560399e-10,-2.102626394052478e-09,1.2794666953339667e-09,5.706032084929144e-10,1.1785810829820526e-09,-2.7422647361547564e-10,8.547212001718365e-09,-2.7526352284088455e-09,-2.4925953600395515e-09,-1.9918086641571477e-09,-2.2382278980355384e-10,-4.874220581150124e-10
F8treat_p2,9.627415805650968e-10,2.7793400051139286e-10,-2.6495651812904605e-09,2.9790480947686465e-09,3.1099578287876356e-09,1.0598993564355518e-09,3.2217133742476626e-09,-1.1456049065747243e-09,-1.3079785237744432e-09,1.2528428344425652e-09,-5.47655746886673e-10,-3.45262618846088e-09,2.2751295215964074e-09,7.491134255830368e-11,2.347341566824509e-10,4.574997718835936e-09,3.947182673883786e-10,-2.00880092989528e-09,1.318418739679418e-09,-4.01501139559513e-10,-7.632109562785609e-10,7.92693987263819e-10,2.8728918632609863e-09,2.0572553053918394e-10,3.750948442611547e-09,4.004487745776566e-10,-1.052468288433746e-09,6.246847294701675e-10,-6.495051976212091e-10,-3.8152613350598704e-10,-1.6418430946893435e-09,2.31157138292221e-10,9.615405587471018e-10,3.1195911491500557e-09,1.2744517923968805e-09,-1.3705947262051527e-09,6.997949888650601e-10,-6.011630944005883e-10,-4.2394885305258976e-10,-1.0598223613847797e-09,-1.7108911510959827e-09,2.2455480842748993e-09,4.172788340642395e-09,-2.0386143450397198e-10,-5.72354559759563e-10,5.490633181620164e-10,-1.1631195514585658e-09,3.862293790894463e-10,-1.6182807292109332e-09,-7.558980107427964e-10,-5.947406554277785e-10,2.7272083577959763e-09,-1.6235614223518189e-09,-1.5135641889780388e-09,2.642285685809535e-10,-5.480505190422673e-10,-1.7998716466216294e-09,3.6365689440395636e-09,-4.007032448142582e-09,9.386660228558945e-10,6.045764177811503e-09,-1.0806050806871187e-09,-3.483468403121211e-10,-8.23072613041097e-10,7.968892139053121e-10,-4.5022856583399924e-10,1.9785784326806096e-10,1.1419956418594038e-09,-1.3048802183771321e-09,-4.069294871007532e-09,-6.405566330226335e-10,5.048013751677487e-10
F8treat_p3,6.229740126656897e-10,-1.1701531231812212e-10,3.757838569420475e-09,-1.3694170361504361e-09,-6.9969575127340926e-09,1.0166618771881345e-09,-1.990920828393403e-09,4.66881444572867e-09,4.1185567991732815e-09,1.0397906018264973e-09,-2.916452198404792e-09,2.446280163611027e-09,1.4704547884064519e-10,-5.786701628437897e-09,7.728142077359271e-09,-4.286355179325282e-09,7.131549634002089e-09,3.1658857478695e-09,7.702471952419957e-10,-2.41614855344406e-09,2.0470033373579244e-09,-2.3901558066838616e-09,-5.671430881628132e-09,4.109900737498726e-09,-2.5851616376593523e-09,5.170091368632632e-09,2.228339414162618e-09,-4.4736560864234093e-10,-1.2599870621926914e-09,5.049899594401482e-09,4.4770154581265374e-10,-3.988178023532481e-09,4.501787422254574e-09,-1.0531982825545674e-09,5.4840957999567885e-09,5.828733454322665e-09,-7.074245630759623e-10,-1.9518960519949363e-10,3.0404973918914454e-09,-4.069529013424983e-09,-1.652654609856174e-09,4.329155337514228e-09,-3.000849327592019e-09,2.731135500980821e-09,1.6641160161926497e-09,-1.6278097732252043e-09,-2.5840721103538375e-10,1.3231010410740086e-10,-3.4259033205390408e-09,-3.0723293302906233e-09,8.847147194473686e-10,4.079496912453057e-10,7.895117309371342e-09,1.6617613723433278e-09,-2.1388618887298374e-09,1.0091680210401264e-10,7.152257429188962e-10,1.5249861898130904e-09,-4.797104278606912e-09,-2.1026263940524456e-09,-1.0806050806870674e-09,1.0422235264703336e-08,-4.820370733492778e-10,1.8279714749906472e-09,2.3077836014524786e-10,2.1285267690218373e-10,3.000918520549427e-09,1.5159362583634255e-10,-6.053249941854494e-09,1.4793895615859151e-10,-5.681907408045634e-09,-4.7091712706824396e-09
F8treat_p4,4.969693652249469e-10,4.2519412663516244e-10,6.489202267261768e-10,1.4641900447653441e-09,-3.6636869674417857e-09,3.2039213732909947e-09,-9.168317719401173e-10,-6.991930809335071e-10,1.145345595182996e-09,1.2787394183016824e-09,5.206577906626534e-10,-1.060084370180057e-09,6.29860730112853e-09,-5.016362583139476e-09,6.274984395830978e-10,-1.8119966953799154e-09,-2.110129632451064e-10,1.8234306598078174e-09,6.595174325242301e-10,-7.896018825240398e-11,-4.62790800334209e-10,5.029308379901853e-09,-5.9432639469441405e-09,4.109666345386212e-09,-2.9590758221043165e-09,2.6893411149714497e-09,2.7198172766245465e-09,1.3176943336143335e-09,1.3660925280138805e-09,1.0638236346794604e-09,5.5454436036246055e-09,-3.354756460612818e-09,5.653082478366021e-09,-4.373273818100946e-10,-2.319001232830811e-09,-2.3229847312369787e-09,-1.3554872031785948e-10,1.3703288562369346e-09,-5.654239866899002e-10,-2.644866069595858e-10,-8.016984852838368e-10,3.418074765059992e-09,-6.955132545070997e-10,3.197372913329521e-10,2.4822206481984476e-10,-5.984334024199236e-10,6.024777060730713e-10,2.1836489973678307e-09,1.0011861980458224e-09,-1.0726488050450344e-09,-5.825650675835739e-11,-7.703675900094022e-10,-4.982002879958048e-10,2.5462258768642787e-09,7.59545994476331e-10,-7.389571836915165e-10,-1.2672892893704095e-09,1.2183822153247992e-09,1.3144508945947705e-09,1.2794666953339539e-09,-3.483468403121605e-10,-4.820370733492556e-10,4.460997507986943e-09,4.521027662465628e-10,-1.682415292396906e-10,-4.855053069410706e-10,-5.318195580705428e-09,-2.0923287657074792e-10,-1.0137388932338474e-09,8.771789417418079e-10,1.8790995685034795e-09,-9.939533031819054e-10
window_m4,-6.614899302698119e-10,-6.37514023827007e-10,-2.6167963414052886e-09,-9.745659960452168e-09,5.0019239299492524e-09,4.600885894357751e-09,-1.732190414315718e-09,-3.4518835003329796e-10,1.3527330578118737e-09,-8.361022649725755e-10,-6.81895000481747e-10,7.40190402174478e-10,-8.49738338845908e-09,2.3829373148770907e-09,4.555672445011424e-09,-1.1352341078255141e-09,-1.356747223159021e-09,2.120248524840618e-09,-1.6275977729611253e-09,-1.7079142985836921e-09,-3.029859502036556e-09,-7.953626783266538e-09,6.787758093223581e-10,1.610080663523201e-09,1.5570999670779684e-09,-2.4689318560867964e-09,2.2680065711515034e-09,-3.143467592263463e-09,-3.071068031738889e-09,6.270553507354686e-10,-7.254928642686383e-09,1.4143695262660558e-09,3.5640591087969685e-10,-1.3790639603824838e-09,-5.038587575170127e-10,4.2926686394499335e-09,-2.6962184645276254e-09,-2.875897559570877e-09,-7.797847289394848e-10,-8.769853224724145e-09,2.50045570950971e-09,-3.594178140018713e-10,-1.3371651282167732e-09,5.658529511868846e-10,3.5211909721412243e-09,-2.394233135038302e-09,-1.9836279580534063e-09,-2.203465081425026e-09,-4.310877094083523e-09,-2.117213396400742e-09,2.427501161723596e-09,-4.793412207499835e-10,1.7935597928308245e-10,6.352507481947477e-10,-1.8404961885379773e-09,-3.667702501628686e-10,-1.550937509034969e-09,-2.714721612670937e-09,1.7935234898894761e-09,5.706032084928872e-10,-8.23072613041097e-10,1.8279714749906463e-09,4.5210276624655424e-10,2.776302887904828e-09,1.2192015511592076e-09,1.3291932619933006e-09,1.2686452006073756e-08,-3.36284681436819e-09,-5.08954812509811e-09,-8.872675921130163e-10,-1.1495962842634562e-09,-3.841814516684147e-09
window_m3,-9.042330546385243e-12,-6.931184179187444e-10,-3.272219975748008e-09,-8.25875280693275e-09,1.1280181166616687e-08,5.436619415725563e-09,1.1603198711674523e-09,-1.7517656323313393e-09,3.2372122627287956e-10,1.6425261680003964e-10,-1.7052752015860285e-09,-3.9023945262206987e-10,-8.150413623089583e-09,6.948204192798738e-09,5.218485714764224e-09,1.7918253198465839e-09,-8.207649710422596e-10,-1.6430025426397297e-10,-8.539839719496449e-10,-2.1317616942216606e-09,-3.7158640037612387e-09,-1.002156718963966e-08,6.034236892732447e-09,3.1987555690996984e-09,4.117551455415738e-09,-2.3646401311566427e-09,1.2483685368339641e-09,-2.445140975336318e-09,-4.174181358333118e-09,-1.7956082428459157e-09,-1.0843121495992861e-08,5.873056057019537e-09,2.4313216174812665e-09,1.3910824871740875e-10,2.715145161555494e-10,2.304525343260506e-09,-1.5559789839847516e-09,-4.665752038073917e-09,-1.881788264152364e-09,-1.057486201340838e-08,2.586589274367104e-09,1.5705942105655138e-09,5.584916371224523e-10,9.303869314521152e-10,3.2302392639323776e-09,-1.8390684205751444e-09,-3.460035956886669e-09,-2.4726859379096337e-09,-4.32330362874331e-09,1.328723074161884e-09,3.93519175440526e-09,3.4223830373520636e-10,-8.715111864560987e-10,-4.3698889337247716e-10,-1.7733655995817883e-09,-1.152189758297107e-09,-7.541829445111107e-10,-6.09083813999416e-10,2.1135733695616978e-09,1.1785810829820437e-09,7.968892139053133e-10,2.3077836014524254e-10,-1.6824152923968122e-10,1.2192015511592032e-09,2.8070279858564988e-09,1.3288761036776784e-09,1.3508332263750713e-08,-4.503843552459149e-09,-6.362193781391056e-09,-3.158851265949593e-09,-1.4275191919738973e-09,-2.871238330282031e-09
window_m2,-1.2431901449008552e-10,-5.832066760815419e-10,-7.020431210555603e-09,-8.14234877856246e-09,1.1927345315051363e-08,5.480402675529063e-09,-1.1565327553973233e-09,-1.8305406727051245e-09,1.150418187173979e-09,-1.9929005877361117e-10,-1.3590392701594008e-09,-3.1158160567417247e-09,-9.825651928508892e-09,8.263706559624568e-09,5.193856091530982e-09,-1.3319157471550632e-10,-9.520171222466374e-10,1.0802274950576576e-09,-6.318053684697443e-10,-1.493597971599691e-09,-6.95795335253193e-09,-8.475913091257839e-09,8.842454648249344e-09,1.3451212648638998e-09,3.223510031579558e-09,-2.4942631121810404e-09,2.0421416548344573e-09,-2.1866862198563544e-09,-3.3601331813794723e-09,-4.58638908515589e-09,-7.178770246085637e-09,5.816520423961902e-09,-1.3325627717451393e-09,-6.055435013830416e-10,-8.290997305918875e-10,2.5456806355416042e-09,-1.2556704349295578e-09,-3.2892440866586597e-09,-4.213816934040329e-09,-7.626896062206484e-09,4.876916322260234e-09,3.8061942215585496e-10,-1.6963441417123606e-09,6.597204982121136e-10,2.782081006483245e-09,-1.3640486583536183e-09,-2.6442521874793762e-09,-4.979012482387499e-09,-2.7862632981255253e-09,-1.432088853081067e-09,1.3930404371438447e-09,-9.069903299591961e-10,3.9481717581599327e-10,-7.33203385160319e-10,-1.5741397225055808e-09,-6.791209965815094e-10,-3.537119645088975e-09,-1.1355315105065687e-09,2.0781819103117424e-09,-2.742264736155837e-10,-4.502285658340369e-10,2.1285267690207798e-10,-4.855053069411025e-10,1.3291932619933075e-09,1.3288761036777274e-09,3.419647222589743e-09,1.4521887310522149e-08,-5.092937650838309e-09,-6.039950944571975e-09,-1.5094124695237947e-09,-1.8976050736170517e-09,-3.3847677490904762e-09
window_m1,-4.083521171641895e-09,-1.0228401478874217e-08,-8.740180436031655e-08,-1.9304640695789888e-07,2.4158224780456655e-07,6.426923417169732e-08,-1.3751972238157105e-08,-1.262796599272975e-08,5.358377152066193e-09,-8.415995022800219e-09,-4.6272702379635294e-09,4.865467647614192e-09,-2.3993700501175645e-07,1.6120551070375316e-07,6.685856971284559e-08,1.8944772334039773e-08,-3.685984210887394e-08,-5.280656429790072e-09,-7.139071224444415e-09,-1.7347586143459593e-08,-6.025399543713451e-08,-2.1465560232738718e-07,1.8814949377864373e-07,-2.1698008221079324e-08,3.387802697954231e-08,-5.7791484265965454e-08,-3.2435380723324128e-09,-2.9409402230295872e-08,-5.7053502630681214e-08,-2.429037152152652e-08,-2.43507881446697e-07,1.8583524538850708e-07,-2.9375096306910435e-08,-9.073891625787002e-09,3.4259197315167055e-09,3.601469694384118e-08,-1.2342830570693796e-08,-5.334770728851077e-08,-4.476569585755467e-09,-1.5196052824023565e-07,1.4810149909511282e-07,-5.582294835258672e-08,-4.5226578121801766e-08,-7.413064864295109e-09,3.498046036172801e-08,-1.1496673734243612e-08,-3.109938780184742e-08,-4.930071974347637e-08,-8.644066955976836e-08,7.65139516862847e-09,2.4055780845187405e-08,5.173145960581867e-09,-1.2878708991649812e-08,-4.456622456503834e-09,-1.6148215001465128e-08,-4.165773933710279e-09,-2.9428554209616794e-08,-8.754365851647259e-08,3.8973722883211795e-08,8.547212001718721e-09,1.9785784326808407e-10,3.0009185205493394e-09,-5.31819558070555e-09,1.2686452006073756e-08,1.3508332263750763e-08,1.4521887310521904e-08,3.258546689063533e-07,-9.962498032264034e-08,-6.600445889352884e-08,-3.181038378576375e-08,-3.5306342844733625e-08,-4.77132081606125e-08
window_p0,-8.92160078934008e-11,3.250235141866263e-09,2.857260845961364e-08,5.84332686216065e-08,-8.149183893996388e-08,-2.3820121156808807e-08,2.954858522852138e-09,5.026117168289588e-09,-1.3351722998196347e-09,1.2340527981700374e-09,2.333294479623959e-09,1.4228954175441566e-09,7.198139223338037e-08,-5.60661974425979e-08,-2.3580781976508333e-08,-3.085519793902565e-09,1.1851274531977452e-08,3.4141911008481237e-09,1.4134413491010082e-09,6.034772728472817e-09,2.102355550286667e-08,6.822619480453076e-08,-6.754297856624756e-08,2.5632640487228527e-09,-7.974661734706017e-09,1.5685596563328492e-08,1.1932389657042408e-09,7.673994596756638e-09,1.7471550547189866e-08,9.004115993306702e-09,7.379616791692005e-08,-6.83168376452396e-08,3.054323996012867e-09,3.0265586904329663e-09,2.4944820523072413e-09,-6.3366625224660615e-09,3.2580689538818074e-09,1.5933872804247978e-08,2.2398502850002417e-09,5.065127502821995e-08,-5.641949358908648e-08,9.382958398751202e-09,1.7077542404040406e-08,-1.1082067555700831e-10,-7.681784108896522e-09,3.179747095716217e-09,9.526293127510316e-09,1.6140587490744012e-08,2.368257765071077e-08,-1.3014356309975984e-08,-8.179086131267868e-09,-1.8284575885060764e-09,2.3194654527107447e-09,2.024054065558167e-09,4.337895718908623e-09,3.188777730935153e-09,1.005478166348468e-08,2.345514957215673e-08,-2.203996721295811e-08,-2.7526352284089915e-09,1.141995641859264e-09,1.5159362583646378e-10,-2.092328765707365e-10,-3.362846814368194e-09,-4.503843552459118e-09,-5.092937650838386e-09,-9.962498032263955e-08,4.3250950664196675e-08,2.4937138699362224e-08,1.0983291280765402e-08,1.199900859818859e-08,1.4964840676239772e-08
window_p1,-2.17349977003031e-09,1.8455486617420975e-09,1.8586679131904546e-08,3.8372388072606254e-08,-4.6095740986680835e-08,-2.429830670234427e-08,-1.019371343752666e-09,5.47863292095091e-09,-4.832593106505476e-09,-1.6037872653876537e-09,7.136395497518479e-09,3.4585988857265606e-09,4.127570474210022e-08,-2.990664719560409e-08,-2.617817438858014e-08,-3.595954035350076e-09,2.16167208683896e-09,-3.177461931434968e-09,-7.20155029498983e-10,8.337455809120108e-09,1.6801560766357502e-08,4.640681908535909e-08,-3.4266253302849915e-08,-1.0891757342430808e-08,-9.632867454929797e-09,8.448794069446144e-09,-6.629432269304401e-09,6.802479369930715e-09,1.4785275837080345e-08,3.791284927504102e-09,4.662326367126317e-08,-3.3644619386132266e-08,-8.249686471608689e-09,-6.418733075366989e-10,6.794451771891194e-10,-1.1906866859129232e-08,4.175462235661221e-09,1.3571062369373275e-08,3.7095734356111344e-09,4.346675548232175e-08,-2.3799791289394217e-08,-9.832805920575104e-09,7.479023644289579e-09,-2.268130908684854e-09,-1.2460454563561195e-08,5.371037043165168e-09,9.419139615944596e-09,1.129505884254466e-08,2.081889812908694e-08,-1.7650725812235756e-09,-1.0387806531087341e-08,-9.446202252895648e-10,-3.1543930916186314e-09,-5.090709061237628e-10,6.275128836829858e-09,3.713048702595776e-09,9.295853243503973e-09,6.86960498399825e-09,-7.77825363509933e-09,-2.49259536003957e-09,-1.3048802183772488e-09,-6.0532499418544365e-09,-1.0137388932338306e-09,-5.089548125098109e-09,-6.362193781391021e-09,-6.039950944571975e-09,-6.600445889352798e-08,2.493713869936208e-08,3.179932938049014e-08,1.1978568338899279e-08,1.1084829589406847e-08,1.7206836035845796e-08
window_p2,-9.87318925423908e-10,8.261485411341072e-10,1.1246543442916016e-08,1.7207107107077314e-08,-2.8183883707580138e-08,-8.895640734244111e-09,-3.927592643176434e-09,2.2644939765856315e-09,1.1205876367422945e-09,-4.872866980908913e-10,2.3488728017997027e-09,3.091014487642872e-09,2.0744611641319336e-08,-1.985688342358306e-08,-6.738273876312543e-09,-8.445243763553779e-09,3.193098533194639e-09,2.628489353088947e-09,-4.764375658140071e-10,2.7608262527394997e-09,7.235326586017198e-09,2.3094022010816814e-08,-2.2348591782960056e-08,-7.088214012347947e-10,-9.354451880753114e-09,6.031266452009549e-09,9.200438524731644e-10,2.877333123456134e-09,7.251840372093464e-09,3.2199075880171163e-09,2.822995067237219e-08,-2.2525895802326617e-08,-1.8115544092502354e-10,-3.3938250738240856e-09,-4.046622488404476e-10,-3.056593140223823e-09,9.459093945071064e-10,6.871410302487682e-09,1.529796249908372e-09,1.9555455036871925e-08,-1.2919009355953658e-08,-1.6966097547892768e-09,-9.585469634290029e-10,-2.2366053860058146e-10,-4.367976640347386e-09,1.226484143530405e-09,5.0223361870853076e-09,5.601903657413419e-09,8.771026690667297e-09,-2.7457443883040324e-09,-4.510368626509712e-09,-2.953667135141962e-09,2.0905701370303752e-09,2.199248518613745e-09,2.231515314116355e-09,1.6667770642058441e-09,4.207460553789137e-09,3.416291498480067e-09,-1.7359825001224856e-09,-1.991808664157179e-09,-4.06929487100758e-09,1.4793895615862501e-10,8.771789417417941e-10,-8.872675921130255e-10,-3.158851265949571e-09,-1.5094124695238094e-09,-3.181038378576369e-08,1.0983291280765359e-08,1.1978568338899363e-08,9.484519540236513e-09,4.845801811919758e-09,4.856983901767117e-09
window_p3,-6.965130194522735e-10,1.0482891419717335e-09,9.540398585660723e-09,1.610659590151209e-08,-2.5891775762930185e-08,-6.515958663002023e-09,1.6174824427790297e-09,-2.6589982573061884e-09,-1.2150577958377606e-09,-5.996299394914279e-10,1.760107663872627e-09,-5.552996422114678e-10,2.3486631434736257e-08,-1.8758917389727366e-08,-9.659933168144215e-09,1.6926664606817327e-10,-1.2402706739389294e-09,1.7631860651937606e-09,-1.0426271262975598e-09,3.200526342078705e-09,4.703458284375674e-09,2.2441979004986986e-08,-2.458874135823998e-08,5.78760292074118e-09,-1.3503576649718412e-09,8.329554217619988e-10,5.418963979846316e-11,2.224650271802349e-09,7.274796851852526e-09,-1.0093966139459474e-11,2.3530527503304918e-08,-2.0748941045472514e-08,2.3086892806181603e-09,2.6653557651997827e-10,-6.1018309051422656e-09,-6.046272095957809e-09,6.110444685186183e-10,5.887263505299681e-09,-2.0383601341771185e-09,1.3854669380530046e-08,-1.8494175494110472e-08,3.982722640787448e-09,7.390062789181401e-09,-2.9525768374895847e-09,-2.5519300272030714e-09,5.734360482402258e-10,2.577627015063143e-09,6.918580424658193e-09,8.599031246457075e-09,2.0112441369785964e-10,-2.626213972578254e-09,-1.6895468453574425e-09,-5.5456208942424544e-09,1.2797313002898278e-09,2.2733833862908418e-09,6.219772344309272e-10,4.757408640787967e-09,4.904728641789415e-09,-1.5263145468299896e-09,-2.238227898036834e-10,-6.405566330227697e-10,-5.681907408045901e-09,1.8790995685034737e-09,-1.1495962842634585e-09,-1.4275191919739147e-09,-1.897605073616942e-09,-3.530634284473355e-08,1.1999008598188842e-08,1.1084829589407017e-08,4.845801811919818e-09,1.12516208659145e-08,6.329623578131285e-09
window_p4,-6.047066256400511e-10,1.302029320885085e-09,1.196197341066224e-08,2.970421340819959e-08,-2.9608457106697593e-08,-1.426626591693025e-08,2.5656439476803087e-09,2.9696241135040523e-09,-4.411821511683751e-09,-2.5866664124513023e-11,3.3978179649834825e-09,2.0036800053567416e-10,3.179822551420518e-08,-1.6795797232228107e-08,-1.7188300255410594e-08,2.062840678070287e-10,2.05086809806987e-09,-4.0279500838288824e-09,3.5997302720961203e-10,4.898261684445044e-09,1.0582561593751285e-08,3.14088151196677e-08,-2.0362205746478284e-08,-5.00112664947455e-09,-4.15883038791188e-09,6.072424563780728e-09,-4.47714322581245e-09,5.063504033725594e-09,9.163059854099132e-09,1.4110392601368127e-09,3.211256448746997e-08,-2.0042578364903565e-08,-2.1062881618970807e-09,1.5935382961708159e-09,2.416049365371664e-10,-9.885834905783189e-09,3.339230639192798e-09,8.183115673233727e-09,1.0108748086133814e-09,2.757231699377955e-08,-1.6695604996814676e-08,-1.3645986395729268e-10,7.167340317220958e-09,-5.713145938635858e-10,-8.898515853539507e-09,3.547749690516432e-09,5.5516610994836716e-09,6.806965212982349e-09,1.5364650755681208e-08,1.6557175996563666e-09,-5.29166163873404e-09,2.765881475696837e-10,-1.7718537675065686e-09,-2.0123369255890663e-09,3.753885861562561e-09,1.3983710683348319e-09,5.486385237239138e-09,1.0044192994828383e-08,-4.6781652266356354e-09,-4.874220581149616e-10,5.04801375167769e-10,-4.709171270682401e-09,-9.93953303181836e-10,-3.841814516684148e-09,-2.8712383302819932e-09,-3.3847677490904423e-09,-4.771320816061253e-08,1.496484067623981e-08,1.7206836035845803e-08,4.85698390176712e-09,6.3296235781312275e-09,1.2498810584389911e-08
