,treat_m4,treat_m3,treat_m2,treat_m1,treat_p0,treat_p1,treat_p2,treat_p3,treat_p4,L4treat_m4,L4treat_m3,L4treat_m2,L4treat_m1,L4treat_p0,L4treat_p1,L4treat_p2,L4treat_p3,L4treat_p4,L8treat_m4,L8treat_m3,L8treat_m2,L8treat_m1,L8treat_p0,L8treat_p1,L8treat_p2,L8treat_p3,L8treat_p4,L12treat_m4,L12treat_m3,L12treat_m2,L12treat_m1,L12treat_p0,L12treat_p1,L12treat_p2,L12treat_p3,L12treat_p4,L16treat_m4,L16treat_m3,L16treat_m2,L16treat_m1,L16treat_p0,L16treat_p1,L16treat_p2,L16treat_p3,L16treat_p4,F12treat_m4,F12treat_m3,F12treat_m2,F12treat_m1,F12treat_p0,F12treat_p1,F12treat_p2,F12treat_p3,F12treat_p4,F8treat_m4,F8treat_m3,F8treat_m2,F8treat_m1,F8treat_p0,F8treat_p1,F8treat_p2,F8treat_p3,F8treat_p4,window_m4,window_m3,window_m2,window_m1,window_p0,window_p1,window_p2,window_p3,window_p4
treat_m4,8.147606057835754e-12,6.655011937118894e-13,-2.4802502579657907e-12,-3.2004332088272657e-12,-4.9545924859166955e-12,1.4656614706886006e-12,2.2909117956593635e-12,-4.524479552673556e-13,-1.0807124911690123e-12,8.38541507275003e-12,-5.592068607696224e-12,-7.539903929493542e-12,7.1495880432928615e-12,-1.9625691495632e-12,1.1673855723755989e-12,-3.341544844026353e-13,6.036311413292093e-14,4.3826168561735854e-13,1.1903762938873855e-11,-3.569585736575237e-12,-3.2072269825480907e-12,4.164064299150583e-12,6.774417705086022e-13,7.940662905700082e-12,1.7756047634515341e-12,-2.2991273153481923e-12,4.081749310268632e-13,7.759083309831854e-12,8.2912144481726e-13,2.0152039300748306e-12,-3.433630128050123e-13,3.1296334501490325e-12,6.124127171938772e-12,-3.815062390780243e-12,-4.036081687508908e-12,-9.117833674647832e-13,3.734271369466904e-12,4.077382758095669e-12,-2.358891913349028e-12,-5.287701943667212e-12,-2.5045405122304795e-13,6.272104086601161e-12,-3.875112554658011e-12,5.104547446444962e-13,-1.6532728829938051e-12,1.9626363181609834e-13,6.568373018387694e-13,-1.7025817465524023e-12,-2.2669734509261046e-12,6.000664044566639e-13,3.028838174763477e-13,8.386957563552779e-13,6.404580112788382e-13,-6.360631832853927e-13,2.519241500427267e-12,-1.866668036247325e-12,-5.1930940224470205e-12,2.5761369701366565e-12,2.3119565650163527e-12,-1.2256276690076006e-13,-7.68989766385781e-13,5.423722029851424e-13,-4.2926789858293207e-13,-7.452368297414766e-13,1.6892541551797392e-12,2.1339632071959363e-12,-5.27069726410589e-12,-8.049356400292315e-13,-4.2600748968905174e-13,5.509569565217361e-13,7.436024155338939e-13,-3.5811503688112936e-13
treat_m3,6.65501193711866e-13,4.299497488096425e-12,6.527270408318248e-13,7.717203022907746e-12,3.2813401080981387e-13,-1.3381960745326258e-12,-1.5375587407039021e-13,-4.5164508099608336e-13,-8.268021826079046e-13,-3.8882622694774855e-14,1.266466446005852e-12,-3.321592931512827e-12,7.774196144555374e-12,-2.0629011122740055e-12,-3.5557748461534093e-12,-2.961635818327139e-13,6.792168247493669e-13,-2.3036467337536016e-12,-4.748367907245454e-13,1.8173745299185564e-12,-9.175775568170406e-13,7.429248904309465e-12,1.1744041775489704e-13,5.238746968813827e-14,-2.014873221036074e-12,-4.168429082578509e-14,-2.673413851619072e-12,2.3962366697961874e-12,1.117711709331749e-12,-2.5517441930562156e-12,6.734441458121537e-12,-1.4399151110427456e-12,-3.997445089066347e-12,-3.5704326070288e-12,-1.1897261313541412e-12,-3.9224903015476605e-12,2.1928411754282817e-12,-7.814800128182406e-14,-1.028875058950924e-12,3.286631652960687e-12,-1.5549023134934303e-12,-2.6692950142842442e-12,-1.4733012189274243e-12,-1.4001090379962884e-12,-3.372632432559174e-12,1.302362504734692e-12,3.537736458193057e-12,1.5883781583314016e-12,-1.1881726786829798e-12,6.4129417980249154e-12,-2.061182389646935e-12,-1.2495232022922527e-12,-5.914424006902425e-13,-3.6306871773738513e-13,1.960017083356044e-12,1.4734751125869617e-12,-2.0613905746698365e-12,2.0808334552837718e-12,2.974755591984968e-12,-1.0269374554723472e-12,-1.6853297761403577e-12,-4.589829437133824e-13,-1.3785716685752652e-12,-1.7379956946333112e-12,3.709167604305728e-13,3.295395683761556e-13,-6.824654351410479e-12,1.0715714161687632e-12,3.0372473844537437e-12,1.228524583826465e-12,6.201562000445175e-13,2.0428696557305994e-12
treat_m2,-2.4802502579657548e-12,6.527270408318226e-13,7.387796363468385e-12,5.774488389572907e-12,-9.57676990157659e-12,-2.5519187764156223e-12,1.1650570530208715e-12,1.1432465232841976e-12,-7.120549047656555e-13,-3.4487494952939812e-12,5.764779866426577e-13,6.301116734238533e-12,5.969659858671396e-12,-3.1221767935289258e-12,-7.112957996218966e-13,9.238649690661523e-13,1.9024440711991605e-12,-1.1361672093547966e-12,-2.1264555112840445e-12,-6.862371116030167e-13,5.7067575562163015e-12,7.5768182779904e-12,-1.354861061919031e-11,-2.6086357437102896e-13,3.6974732039207926e-13,9.880303571730691e-13,-1.742957556296727e-12,-3.4660027781196906e-12,-2.6527020526648918e-12,3.9574116888868135e-12,1.141516528686688e-11,-9.382926524905659e-12,-2.6882046829058672e-12,5.211894653841838e-13,-3.1385323079511283e-13,-1.7641222182778738e-12,-1.4685542745150111e-12,-1.1745030762909475e-12,4.198622347906069e-12,1.0317139697410674e-11,-6.419610244576116e-12,-2.9020236754336893e-12,-3.679220041096515e-13,8.236226113939528e-13,-2.4432908185553335e-12,-2.421043640316293e-13,1.3921692146289408e-12,-6.567409051796403e-13,5.304399919157314e-13,-1.209355267807432e-12,-7.637093730026082e-14,-1.2766973960360616e-12,-1.7115005299216015e-13,-1.7403796200253803e-12,-1.110437651059539e-12,1.8048020506957764e-13,3.4170955175926258e-12,-1.7356260439918357e-12,9.448298877472513e-13,1.5093414076283857e-12,-8.747760885280428e-13,1.2847558159832742e-12,-2.3222882719579577e-12,2.1326013908706354e-12,1.6390675620765807e-12,-1.7093824178619508e-12,-1.2233368202267107e-11,7.1487910284630426e-12,3.118532978726894e-12,1.7858373109310442e-12,8.83917614712363e-14,2.3286271405213845e-12
treat_m1,-3.2004332088272464e-12,7.717203022907733e-12,5.774488389573022e-12,5.228725573614405e-11,-1.7636382271413584e-11,-9.585882958578126e-12,3.7729489530218966e-12,2.925590715362631e-12,-5.8395377139633846e-12,-2.4077821283252795e-12,-3.6382348292671333e-13,-1.374090702322551e-11,6.326376795415906e-11,-2.1081438969765137e-11,-1.561286640245351e-11,-1.2701616899986096e-12,4.048659073081693e-12,-1.2062137225730338e-11,-7.020497377306725e-12,-3.367572654322659e-12,-3.892074885794328e-12,7.494538285133494e-11,-2.94303801747039e-11,3.756345168648884e-12,-5.221155730486479e-12,2.095170625154515e-12,-1.4379161297755412e-11,1.0884128243615335e-12,-5.597157090423722e-12,-9.004640068040183e-12,7.686619034686701e-11,-3.701406068948766e-11,-1.5381798149444275e-11,-1.1252345985918643e-11,-3.482564167257535e-12,-1.7296237878210777e-11,4.209389960656395e-12,-7.0259018991655065e-12,-5.8930373703949375e-12,5.222582344986339e-11,-2.706187554050889e-11,-6.4998242877725376e-12,-1.98539072139145e-12,2.0394547401629937e-12,-1.6256042934892983e-11,2.791945438855551e-12,7.838255633025583e-12,-7.810706818997095e-12,2.1460816201888123e-11,1.3328747243519374e-11,-1.0043680912103128e-11,-5.6407145631794145e-12,-2.1377572049995652e-12,-3.848232900597856e-12,3.3402100508651534e-12,-8.938562035093136e-13,4.0593936658793085e-13,1.556662223752635e-11,7.446959648006828e-12,-4.95956162203217e-12,-8.396076933600765e-12,8.474113481887826e-13,-7.714588498260463e-12,-1.5269773100755297e-12,1.1521764759568184e-11,4.798495245118196e-12,-7.555918868608122e-11,2.4079117619873564e-11,1.8886341955103968e-11,8.955898288439939e-12,2.75435379919916e-12,1.1686339100375872e-11
treat_p0,-4.95459248591674e-12,3.281340108099036e-13,-9.576769901576646e-12,-1.76363822714136e-11,5.330192451697355e-11,2.8249070399704107e-13,-1.0946262184349635e-11,-5.893068477822827e-12,3.6044225139328254e-12,-6.759115466423485e-12,1.2668014788021458e-11,9.489361113353555e-12,-5.102072074283573e-11,3.0291807496020905e-11,-9.091987751928654e-13,-8.540828280665658e-13,-7.981800834978118e-12,1.385132136836257e-12,-1.503027932357603e-11,1.1516649990019443e-11,-9.860242064666257e-13,-5.7363457090769186e-11,5.958883575307884e-11,-2.181261342890573e-11,-7.807587755955508e-12,2.509562022759179e-12,4.767973958059854e-12,-1.397671988286806e-12,7.340546949049018e-12,-1.0942363297344554e-11,-5.5371220822028245e-11,4.338392818662153e-11,-1.2875471042224276e-11,7.972479441883344e-12,9.282506579858611e-12,6.644118624449019e-12,-1.360108503346721e-12,-6.346414671371673e-12,2.1854999876883548e-12,-3.131410761245988e-11,3.5319039964037834e-11,-1.4239418509952478e-11,5.76711465104457e-12,-6.46445651015339e-12,1.0381189127223787e-11,2.8214574020835186e-12,-3.0737910960289686e-12,1.2318459809026166e-11,-8.860520089932468e-12,1.9360462657568643e-11,-5.217938344599004e-14,3.619413222119554e-12,-1.9013793149987496e-12,5.793302608446767e-12,1.8783977771080654e-12,7.193973659957489e-12,2.5848570072840473e-12,-5.318798661050128e-12,-1.1793523065594905e-12,-6.0598760764026875e-12,2.6519290337839604e-12,-7.441243223849453e-12,4.906763725042732e-12,-9.432813184961547e-12,-1.275423813870283e-11,-6.951933020191112e-12,7.071132910855605e-11,-3.4084710429606563e-11,-6.812276954344764e-12,-7.228885427382202e-12,-1.3599734409951952e-12,-5.856545325515041e-12
treat_p1,1.4656614706886267e-12,-1.3381960745323021e-12,-2.55191877641565e-12,-9.58588295857771e-12,2.824907039968687e-13,8.6822424480318e-12,1.587236441274433e-12,3.541309283793625e-13,1.0573587374313211e-12,2.3910069399807556e-12,-8.569534100346134e-13,-2.6905133974517247e-12,-2.2371231878364625e-12,-2.0875994389567335e-12,4.638982582537582e-12,5.501688106049066e-13,-1.810424299124044e-14,1.2952429436182773e-12,3.540512563945301e-12,-2.5780349776006086e-13,-1.9957198811693996e-12,-1.0061423978648756e-12,-4.740683855245881e-12,9.02384663634643e-12,1.3402398555383588e-12,-1.3280965957447968e-12,2.0478892581890703e-12,8.261893800565131e-13,9.082277128200014e-13,1.880587939738545e-12,-3.545993817117013e-12,2.3083609515833657e-12,9.80433218035796e-12,7.689221053944302e-13,-2.32704578161753e-13,4.068941672127073e-13,-2.114870428009887e-13,2.811178412156906e-12,-2.6448419785575582e-12,-9.686747780966901e-12,2.7327278595776713e-12,8.414046015542468e-12,-2.887405724183238e-13,1.5809256782363895e-13,1.6209151527495275e-12,-3.1584620180926604e-12,-6.417457975921321e-13,3.9528504351498245e-13,-3.3470314386524724e-12,-4.621554720353243e-12,2.326059772299852e-12,7.394325652098e-13,1.1180583758073814e-12,-8.002516794135819e-14,-9.056653487016935e-13,-1.5423307923225415e-12,-1.9447247332575164e-12,-1.9915255572075284e-12,2.2457063369833203e-12,4.550729250243517e-12,7.422407973518975e-13,8.421054533458606e-14,2.0938629421851023e-12,2.7648231876745312e-12,2.2323579819748703e-13,1.7778946353444631e-12,1.6202253058919501e-12,-2.8428755343507275e-12,-5.149170859512809e-12,-4.466115514496021e-13,6.104536361883403e-14,-1.2824393340304838e-12
treat_p2,2.290911795659425e-12,-1.537558740703558e-13,1.1650570530208458e-12,3.772948953022504e-12,-1.0946262184349639e-11,1.587236441274509e-12,4.827536833809027e-12,2.1135938606640915e-12,-8.39075888577523e-13,3.5950409234841828e-12,-3.900046117858116e-12,-4.714621304564223e-12,1.3893217242729549e-11,-6.7068250880714994e-12,7.101216464296112e-13,4.633434537314527e-13,1.687612506707669e-12,-8.903767239635978e-13,5.655668726499248e-12,-3.731448380764586e-12,-2.348822374127448e-12,1.5323814259427566e-11,-1.1982425240846185e-11,7.75727010931972e-12,2.3573822259800683e-12,-6.707837935298764e-13,-6.501731827723081e-13,2.0072096314150256e-12,-1.7247875453327707e-12,7.315749563781835e-13,1.4534592359220348e-11,-7.77066353731681e-12,4.160819371059198e-12,-2.0900721531461894e-12,-2.8469928115641746e-12,-2.670959359294841e-12,1.934021102400795e-12,2.6293027653685865e-12,-2.913280146118e-12,6.6435904401374785e-12,-5.593424434752994e-12,5.156654713273482e-12,-1.4357730600108213e-12,1.7397526151071738e-12,-2.364370671580254e-12,-4.589272856421641e-13,9.060795123806464e-13,-4.065444447969514e-12,3.71299099569777e-12,-2.7500550353535342e-12,-4.149559742827516e-13,-5.639772802630853e-13,6.269697130712489e-13,-1.689194346343414e-12,6.559773097774549e-14,-2.669160228606888e-12,-1.2832347609246506e-12,1.5821765422040762e-12,3.024935657397913e-12,8.79950388534417e-13,-8.401530230493929e-13,1.475533481068714e-12,-4.2206642755876407e-13,2.1915169396211995e-12,4.409442130861787e-12,3.9978592233717685e-12,-1.8699809962113678e-11,5.228844324237668e-12,1.449334943634142e-12,1.5300723408034438e-12,5.436388930174176e-13,1.2279414967742327e-12
treat_p3,-4.5244795526732093e-13,-4.516450809960878e-13,1.1432465232842376e-12,2.925590715362462e-12,-5.8930684778228225e-12,3.541309283794071e-13,2.113593860664109e-12,4.527967631685413e-12,1.0077209184065589e-12,2.3299054723356423e-12,-1.7816840632924851e-12,-1.0500365136880047e-12,1.0015980927964894e-11,-4.967437849961905e-12,4.692543425377351e-13,-4.679695898891178e-13,3.0562747800112037e-12,-5.288500964990864e-13,2.7058287706951886e-12,-2.171550795965885e-12,2.267005016511511e-13,8.890241795006424e-12,-6.499275087311631e-12,4.44686342062523e-12,5.830558033477551e-13,1.9998101106053333e-12,-7.277017522357471e-13,1.7737287478163937e-12,-5.432226518132795e-13,1.7008475106193822e-12,9.798733850086093e-12,-3.5041905356062384e-12,2.5207877611662687e-12,-2.431430605619571e-12,-5.958189916063176e-13,-7.517257611479683e-13,1.7429877351822374e-12,8.55877539094039e-13,-4.4036273908907774e-13,5.673369971062848e-12,-1.87466350110688e-12,2.6781273461070672e-12,-3.327024237028564e-13,3.8496813549689226e-12,-5.025346719353798e-13,-5.66291061364775e-13,9.311717181496227e-13,-1.8770670946223306e-12,3.025816594491377e-12,-1.1255073609690713e-12,-1.3186567917535426e-12,1.2577510838016602e-13,1.3013394629430656e-12,-8.827773526953585e-13,-1.506532443616806e-12,-1.4595296252245088e-12,2.5228625046155966e-12,-3.234087694942829e-13,1.7730794357351934e-12,4.1289282682558406e-13,-1.290154489159637e-12,2.822829904636801e-12,-2.211875095896075e-13,1.2466013474532768e-12,2.304428631939857e-12,1.6324046325545285e-12,-1.2316243371005646e-11,2.248691673310247e-12,1.2488778832231814e-12,5.553353784959502e-13,-1.885859423111112e-12,1.4946185907739452e-14
treat_p4,-1.0807124911689874e-12,-8.268021826078943e-13,-7.120549047656534e-13,-5.839537713963331e-12,3.604422513932844e-12,1.0573587374313569e-12,-8.390758885775351e-13,1.007720918406557e-12,2.240983022141911e-12,-1.1495630879955001e-13,1.4663585435059516e-12,3.8132334906878825e-12,-1.1231610053444896e-11,2.9259640673915924e-12,2.3814200681249495e-12,3.542857024314423e-13,2.4768455098280574e-13,1.925132598111501e-12,1.6439622907134077e-13,1.5668171238454927e-12,1.682550418101944e-12,-1.327297076558173e-11,5.8613581376271e-12,-3.5570199151435376e-12,1.3044228046440738e-13,8.608081590060938e-13,2.1775424719239373e-12,4.066548095458628e-13,1.7748012809048573e-12,8.441160108959797e-13,-1.2106631958860154e-11,4.868785718329791e-12,-1.4385102385283e-13,1.7689717215914537e-12,1.1369470119721313e-12,2.930521101095613e-12,4.5320983644526445e-13,1.2457345257663531e-12,1.5691833055203454e-12,-5.742523990104587e-12,3.991647259516339e-12,-1.0918006734750025e-12,9.822528429108984e-13,-2.1692761567203063e-13,3.126966880565937e-12,4.0300238822303185e-13,-4.452036145663101e-13,1.9589822806575954e-12,-2.5631303796765395e-12,-1.8956038682894807e-12,1.0118952098291639e-12,9.946981497613462e-13,5.809004439000024e-13,1.1367017853615023e-12,-9.72145103454519e-13,9.056790067792674e-13,1.0022355620794274e-12,-2.6300449727470557e-12,-1.3126284585352471e-12,4.772733603387267e-13,1.273481256788856e-12,1.78798892392319e-13,1.592991128112554e-12,-6.19542516834398e-13,-2.739014063529271e-12,-7.371605411240811e-13,1.2368851288044306e-11,-3.680796993700293e-12,-2.5179687436757277e-12,-1.90480996284168e-12,-1.4113690291769861e-12,-2.346170813177956e-12
L4treat_m4,8.385415072750164e-12,-3.888262269471688e-14,-3.4487494952940277e-12,-2.4077821283254705e-12,-6.7591154664234394e-12,2.3910069399806187e-12,3.5950409234841585e-12,2.3299054723356205e-12,-1.1495630879956362e-13,1.169465462366659e-11,-7.313753775967255e-12,-9.986701640361956e-12,1.2674453737328703e-11,-4.652656516354244e-12,1.8079941295766e-12,-9.976441134064808e-13,1.5312629841728522e-12,3.095741866636652e-13,1.4736327818439755e-11,-5.165130108967838e-12,-4.359240404698435e-12,9.124719694421058e-12,2.0238713805804204e-13,1.0586062235380554e-11,2.4242360034388203e-12,-1.0707343144665762e-12,8.063557777238175e-13,9.993112968101712e-12,1.350316335998414e-12,2.6904421989522647e-12,3.883676648994203e-12,2.329135635341953e-12,9.18472056988682e-12,-5.658240701370097e-12,-4.30393909834337e-12,-7.147772605815919e-13,5.579195866161306e-12,5.417695937732736e-12,-3.880377399773411e-12,-4.25583256243743e-12,-5.178359602907828e-13,9.363055588565036e-12,-3.786028743713008e-12,3.0404780986717035e-12,-1.1429606099830877e-12,-6.813939551880752e-13,4.706739935919149e-13,-3.3581899708722038e-12,2.079001625123291e-12,-9.815790271425829e-14,-2.346933349111081e-13,1.30524391564375e-12,1.6757788373055914e-12,-8.367996503776179e-13,1.1963228822765489e-12,-3.0267695861898087e-12,-4.0741992846010516e-12,4.703441182814711e-12,3.6091211987214972e-12,-1.7549818366129648e-13,-1.3255718066271332e-12,1.9912104162107704e-12,6.364743060203545e-14,-2.3084427462901065e-13,2.9659417273350266e-12,3.4913069442929932e-12,-1.1909609307212485e-11,-1.1950071358445302e-12,-4.2797843341651276e-13,2.997983171914567e-13,-6.630605581972228e-13,-1.1190043021438456e-12
L4treat_m3,-5.59206860769615e-12,1.2664664460063332e-12,5.764779866427767e-13,-3.6382348292587393e-13,1.2668014788021603e-11,-8.569534100346887e-13,-3.9000461178581144e-12,-1.781684063292444e-12,1.4663585435059498e-12,-7.313753775967211e-12,9.533898428909558e-12,9.438060684021477e-12,-1.928748720625737e-11,6.7754456493186795e-12,-1.7714838753145508e-12,7.93394229573662e-13,-2.001485006141928e-12,-6.433620242496641e-13,-1.0845591484645295e-11,6.4031176881336266e-12,4.07473624919638e-12,-1.703347779341838e-11,8.942808469519775e-12,-1.4143391969320129e-11,-3.514169480281547e-12,1.1005183486035201e-12,-9.27256080580128e-13,-4.556014980869335e-12,2.2493631814870547e-12,-2.8024963710886132e-12,-1.346762192416135e-11,2.9329049678671673e-12,-1.1351887630788275e-11,4.9005021812703905e-12,3.196604089444073e-12,5.022040461114739e-13,-2.3878664313458756e-12,-2.5621805075443216e-12,3.5679186863341225e-12,-1.0795988201285012e-12,4.031312179542234e-12,-1.215087020167824e-11,2.4182501492087054e-12,-4.9021343307104825e-12,2.1386236625485546e-12,2.33716283625075e-12,1.3704411955781148e-12,5.450101157857401e-12,-4.3088090969222055e-12,2.3747651224115414e-12,7.907030084306634e-13,8.753175867747023e-13,-7.442062639975775e-13,1.7153001526503225e-12,9.635774078215585e-13,3.977054269262031e-12,7.219182796781699e-13,-5.486756450360005e-12,-2.0524232855683537e-12,-8.87233665621616e-13,2.1989512604712353e-12,-2.274063239044509e-12,7.250175080686283e-13,-2.0939191039968134e-12,-5.568836655137553e-12,-3.2146756765323223e-12,2.0459198169374958e-11,-3.3324974909348024e-12,1.233125034302986e-13,-2.0279880624984686e-12,-9.797641972859795e-14,-4.1009958000043574e-13
L4treat_m2,-7.539903929493513e-12,-3.3215929315127446e-12,6.301116734238687e-12,-1.3740907023225265e-11,9.489361113353583e-12,-2.690513397451678e-12,-4.714621304564212e-12,-1.0500365136880412e-12,3.813233490687877e-12,-9.98670164036192e-12,9.43806068402149e-12,2.93594603951022e-11,-4.600310849690866e-11,1.5382663730305225e-11,7.002841113408258e-12,3.828261746861826e-12,-1.8706741213595936e-12,4.942119790955154e-12,-8.246899994103583e-12,6.063441032420187e-12,1.6028629768951268e-11,-4.9650831533927514e-11,1.2755745594088338e-11,-2.2399568763827e-11,-5.481716154398045e-13,2.0005451992951444e-12,5.463277394273266e-12,-8.541853520318694e-12,2.1186453458123483e-12,8.293660292475467e-12,-3.584250696154167e-11,8.970177542853626e-12,-1.1083358967702626e-11,1.4383058302140336e-11,6.285251462473797e-12,8.73289263721784e-12,-5.008086939149452e-12,-1.4134115858398572e-12,1.4582484968647728e-11,-1.0400575056128342e-11,9.373392134602938e-12,-1.3966760367813102e-11,4.550352278000796e-12,-5.378071968713276e-12,8.573715035648292e-12,1.6530262794877058e-12,-2.914524407369356e-12,6.571392293463175e-12,-9.480389526588308e-12,-6.981350621196044e-12,5.2072549526681745e-12,2.5592407961117624e-12,-1.1520890167557887e-13,1.9161117009524154e-12,-3.254250251243809e-12,4.974972219174848e-12,5.896260488754913e-12,-1.0965733407434137e-11,-6.0106014247846215e-12,3.2496108710856004e-12,6.614915318890907e-12,-2.7045978221390815e-12,1.4735229569287013e-12,-6.372260255706106e-13,-1.1182046012594745e-11,-8.915958733355021e-12,4.458377369550333e-11,-7.041299250763079e-12,-5.3697265120194484e-12,-5.631470005242949e-12,-2.172316681786475e-12,-4.126972023590443e-12
L4treat_m1,7.1495880432926256e-12,7.774196144555555e-12,5.969659858671864e-12,6.326376795415962e-11,-5.102072074283528e-11,-2.2371231878367654e-12,1.3893217242729101e-11,1.001598092796499e-11,-1.1231610053444962e-11,1.2674453737328571e-11,-1.9287487206257934e-11,-4.600310849690869e-11,1.4941797685981835e-10,-5.0937961826340934e-11,-1.8146454003109e-11,-5.457993707885949e-12,1.2510399445477836e-11,-1.7822706149049184e-11,9.497088583432757e-12,-1.901268731961993e-11,-1.9100585324134205e-11,1.6007549560635642e-10,-7.562841987737423e-11,5.486870050422519e-11,-1.4388565743778637e-12,1.1124027810308724e-12,-2.142547223594233e-11,9.172194216253615e-12,-1.3171218366569296e-11,-6.104528720774721e-12,1.4733154363652628e-10,-5.123114442995829e-11,1.8643728480200928e-11,-3.12807348934103e-11,-1.2137179248491085e-11,-2.8197164682034854e-11,8.323504346218807e-12,-8.174234398782212e-12,-2.245437078412516e-11,6.964894265244364e-11,-4.135236768923847e-11,2.643410611183636e-11,-9.34115661784084e-12,1.9781422083541977e-11,-2.839895872020235e-11,-6.719838829634828e-12,8.7489508395558e-12,-2.1828433530031885e-11,3.1774571864037247e-11,1.514341061545443e-11,-1.5328872190966075e-11,-9.157411021153036e-12,9.39273387294493e-13,-1.0028164794370162e-11,8.899131264218906e-13,-1.3922802690379164e-11,2.6445935018141385e-12,2.3028830629959345e-11,2.053189318668583e-11,-1.9686473770868997e-12,-2.0040750071862142e-11,1.1456631615994638e-11,-1.1005606573673122e-11,6.623505481663945e-12,3.3897960385758036e-11,1.4982633447557422e-11,-1.6232830811520465e-10,3.9674930458302514e-11,2.4310246166491884e-11,1.9262172618743277e-11,2.571450619868859e-12,1.8186227790181412e-11
L4treat_p0,-1.9625691495631175e-12,-2.0629011122737256e-12,-3.1221767935287683e-12,-2.1081438969764587e-11,3.029180749602132e-11,-2.0875994389565538e-12,-6.706825088071509e-12,-4.967437849961893e-12,2.9259640673916227e-12,-4.65265651635427e-12,6.7754456493187466e-12,1.5382663730305354e-11,-5.093796182634059e-11,3.1454049931373436e-11,3.806802192930757e-12,2.1881279800755103e-12,-5.863735532083066e-12,4.614556129722901e-12,-4.850190368200165e-12,6.300704725818269e-12,4.057574519735531e-12,-6.158268418161073e-11,4.4162304526855034e-11,-2.1348817180077915e-11,-1.1485064244017494e-12,1.4199065776832958e-12,6.953645859535573e-12,-1.1260699579738828e-12,3.4284417048142187e-12,-4.5777705838817736e-12,-5.482214678848729e-11,3.662122411845504e-11,-9.023706271071334e-12,1.0839908277218401e-11,5.106930246586066e-12,9.595691506977466e-12,4.039809348410141e-13,-4.501563635073204e-12,5.34444964477731e-12,-2.5569762505567924e-11,2.3761125333135344e-11,-1.1054065764512016e-11,4.553674602318428e-12,-5.786621300013709e-12,8.972948451733026e-12,3.856211171686984e-12,-3.934870443235489e-12,8.262152263769942e-12,-1.0747087226013456e-11,6.9909375980798165e-12,3.877589752848006e-12,3.1269609417768412e-12,-7.018165548933552e-13,3.741801074300319e-12,1.251134514288736e-13,5.71090633749056e-12,2.7007414313325184e-12,-2.8231214186635253e-12,-4.7545177425339495e-12,-2.6957581991262343e-12,4.903586839432937e-12,-5.1535676397824616e-12,3.797426660903607e-12,-7.505709479510533e-12,-1.0666585576469992e-11,-6.817111355430335e-12,6.457157173568812e-11,-2.1879107136821568e-11,-8.729767554442039e-12,-7.30397949826634e-12,-1.7132945975332835e-12,-5.789822093922027e-12
L4treat_p1,1.167385572375581e-12,-3.55577484615349e-12,-7.112957996219565e-13,-1.561286640245254e-11,-9.091987751929009e-13,4.6389825825376215e-12,7.10121646429555e-13,4.692543425377377e-13,2.3814200681249362e-12,1.8079941295766496e-12,-1.7714838753147578e-12,7.002841113408262e-12,-1.8146454003108278e-11,3.806802192930672e-12,9.678685429482151e-12,1.929622888076035e-12,6.069441440111174e-14,5.247504974864236e-12,6.338095807907798e-12,1.417088655674609e-13,3.315277441611229e-12,-2.2917281201276234e-11,4.610276971486233e-12,2.4295086115349163e-12,3.1744968145413404e-12,-8.700984177667973e-13,6.135995636597272e-12,4.0960520615329653e-13,2.471360095384727e-12,6.73884676216387e-12,-1.9462364021902445e-11,7.780916993071886e-12,8.438013828439637e-12,5.195946486262909e-12,8.493513107088981e-13,6.239260604043055e-12,-1.5149046645827853e-13,3.861819677355611e-12,3.12852291188503e-12,-1.5228223532217106e-11,6.075564447886872e-12,7.653669802348902e-12,1.5320200681475688e-12,-1.5314374997502483e-13,5.4682761630553124e-12,-1.6035049064758813e-12,-3.6011631400032486e-12,1.1334079283861756e-12,-5.326943547898278e-12,-9.582518488144888e-12,4.218910002761588e-12,1.2466799118671964e-12,8.803526597486227e-13,9.39678784485343e-13,-3.0462159495694723e-12,-5.193213432769638e-13,1.0987222449542828e-12,-2.7172556562707762e-12,-1.8252984143567194e-12,4.857929752634646e-12,3.2916541422137275e-12,-5.524759370675788e-13,2.789287162967169e-12,1.082654739131983e-12,-3.994037678092205e-12,-1.4147846823312469e-12,1.8595482307529588e-11,-5.5063169144599206e-12,-8.276707763760139e-12,-3.0812906825076367e-12,-1.2996332614732962e-12,-4.258701187649431e-12
L4treat_p2,-3.341544844026137e-13,-2.9616358183270085e-13,9.238649690660915e-13,-1.2701616899986625e-12,-8.54082828066575e-13,5.501688106048241e-13,4.63343453731436e-13,-4.679695898891348e-13,3.542857024314332e-13,-9.976441134064633e-13,7.933942295736657e-13,3.828261746861821e-12,-5.457993707886022e-12,2.1881279800754937e-12,1.929622888075977e-12,2.2300341766282262e-12,-8.657997757844985e-14,7.202713714030073e-13,5.615473910442012e-13,4.0844048260690856e-13,1.9888726320291976e-12,-5.198973696249146e-12,-3.6284436187299895e-13,-2.766069832985873e-12,8.97696896365238e-13,-3.599617337830474e-13,9.018644225207035e-13,-3.1026110151034947e-13,2.0058245025074174e-13,6.636694170073292e-13,-2.4126045171980282e-12,-5.115917184984945e-13,-1.2036089081955748e-12,3.2935841455225636e-12,2.337973680188635e-14,5.806115283890252e-13,5.132519823886428e-13,1.232634235016015e-13,1.3105607203904648e-12,1.918013201073089e-13,-5.342568292717126e-13,-7.01201789877511e-13,9.704253530012365e-13,-1.657570061347073e-12,4.205515859401995e-13,7.96898213202191e-13,-1.5366132000719892e-13,3.723942682037271e-13,-1.3212513369976104e-12,-2.182928743469206e-12,1.0409848417740623e-12,4.227727295324576e-13,1.22566402132869e-13,-1.3701885445227943e-13,-1.2998263732382876e-13,5.381916585856861e-13,-2.586100145264682e-13,-1.448353522316065e-13,-9.031814813860763e-14,1.2033441451285637e-12,1.6089802468830962e-12,-1.1325376817662189e-12,3.605797093677634e-13,-5.08062525274235e-13,-1.0986196898767141e-12,-5.261897117155168e-13,3.7234839761182085e-12,6.646651083591303e-13,-1.235669347562288e-12,-9.866398141957082e-13,1.3750140887473377e-13,-2.482682978973005e-13
L4treat_p3,6.036311413295226e-14,6.792168247494059e-13,1.9024440711991786e-12,4.048659073081499e-12,-7.981800834978127e-12,-1.8104242991193904e-14,1.6876125067076956e-12,3.056274780011211e-12,2.476845509828076e-13,1.5312629841728574e-12,-2.0014850061419325e-12,-1.8706741213596025e-12,1.25103994454777e-11,-5.863735532083082e-12,6.06944144011113e-14,-8.657997757842916e-14,3.3826329388067896e-12,-3.142411682889049e-13,2.7213098639837558e-12,-1.4297772542280077e-12,2.1061973132482166e-13,1.1459039515239357e-11,-9.431188114081022e-12,5.687426967945829e-12,4.41483182610502e-13,1.0009247452507614e-12,-1.333027163801519e-12,1.7791364602934543e-12,-4.1470247652166276e-13,1.6973033110334495e-12,1.1807674130895733e-11,-4.6836136128485946e-12,2.9401556445260166e-12,-2.9981204118577835e-12,-1.0441875605583327e-12,-1.2835295915085308e-12,1.771567646200356e-12,4.915055974620916e-13,-4.620217771456505e-13,6.037031553148301e-12,-3.6329242179555888e-12,3.387501475955378e-12,-9.24674734143827e-13,3.302471647565834e-12,-1.7820016504407593e-12,-5.305757335355442e-13,1.7439449651253317e-12,-1.0067389989648495e-12,1.1269187181858958e-12,-1.239081378019428e-12,-1.2088499763996165e-12,-6.267607245924027e-13,9.052095735885522e-13,-9.545542188128817e-13,-1.0101187998677711e-12,-9.823809900416127e-13,2.142640125748253e-12,-3.472562785009237e-14,1.908662667176605e-12,1.0460786567948264e-12,-1.6972599465921863e-12,2.4296059937107926e-12,-6.632139817501392e-13,8.596746805676548e-13,2.4176301516873024e-12,1.0496256956581784e-12,-1.4485285972697961e-11,4.216680014322682e-12,1.437917501042058e-12,1.359369128314952e-12,-1.1976176747302149e-12,7.817073379711691e-13
L4treat_p4,4.382616856173787e-13,-2.3036467337535757e-12,-1.1361672093548022e-12,-1.2062137225730258e-11,1.3851321368362756e-12,1.2952429436183265e-12,-8.903767239636088e-13,-5.288500964990846e-13,1.925132598111503e-12,3.095741866636739e-13,-6.433620242496351e-13,4.9421197909551575e-12,-1.782270614904908e-11,4.614556129722875e-12,5.247504974864256e-12,7.202713714030169e-13,-3.142411682889041e-13,5.44247072751878e-12,2.98772517524375e-12,1.4244273230338877e-12,1.995407745721029e-12,-2.1303464531458053e-11,6.881212958490018e-12,-2.0184331192929107e-12,1.963220504859991e-12,-5.548556864322268e-13,5.0782542677833004e-12,-2.3555491615773234e-13,1.9368954355418463e-12,3.5784523459203e-12,-1.9905778751053082e-11,6.3609495298581e-12,4.020633097420036e-12,4.064246132829224e-12,1.912036080027701e-12,6.544330711809641e-12,-9.721793029337534e-13,2.57161559932768e-12,2.7656478909391448e-12,-1.2584932003464582e-11,5.2404136548977275e-12,3.0532834196507773e-12,1.2136554210889122e-12,-2.1822100325851828e-13,5.214255252230101e-12,-6.889596348876986e-13,-2.2863951251097085e-12,1.913298068808391e-12,-4.7121144770853506e-12,-7.325129954498748e-12,3.3932930527073094e-12,9.922563037144155e-13,5.139316785844859e-13,1.738335004916605e-12,-1.7618170181460755e-12,7.863405068727497e-13,2.8110383546114593e-13,-2.0779077821428047e-12,-4.182226353027782e-12,2.149396289679966e-12,2.6417383990984623e-12,-3.7376094167041327e-13,2.355102296699573e-12,1.9460834314457628e-13,-4.361797510676736e-12,-1.756754125209377e-12,2.025507067765578e-11,-4.09589589152799e-12,-5.755471810604107e-12,-2.679716551990572e-12,-1.1277113772517355e-12,-3.849359233914725e-12
L8treat_m4,1.1903762938873826e-11,-4.748367907244418e-13,-2.126455511284012e-12,-7.020497377306972e-12,-1.503027932357602e-11,3.5405125639451694e-12,5.655668726499215e-12,2.7058287706951716e-12,1.6439622907134759e-13,1.473632781843961e-11,-1.0845591484645355e-11,-8.246899994103575e-12,9.497088583432833e-12,-4.850190368200134e-12,6.3380958079077774e-12,5.615473910441745e-13,2.7213098639837635e-12,2.98772517524375e-12,2.3531405056517692e-11,-6.5490738416040145e-12,-2.3482961986935783e-12,2.0845104601700045e-12,-3.1750849795413204e-12,1.4087823937684577e-11,5.011382358249071e-12,-2.605093262977907e-12,2.989514404311206e-12,1.3352367437294528e-11,1.8247569243822268e-12,7.175954964887844e-12,-1.1311770557456122e-12,3.1905834751205918e-12,1.325410847616172e-11,-4.7594458967126234e-12,-6.348258248985908e-12,1.0441436149059218e-12,7.917022611007065e-12,8.976373894160804e-12,-1.958284492253955e-12,-8.55217692937197e-12,-1.4751336813018784e-12,1.4130814659650421e-11,-5.169774908728429e-12,2.752025326958766e-12,-9.3128508536729e-13,-3.62650819501042e-13,7.924551152394347e-13,-3.4620571380961495e-12,-2.2300579810395715e-12,-5.263966646258875e-12,1.672495728929504e-12,1.3948524926649132e-12,2.172960839884362e-12,-1.3479015822252234e-12,1.0368761728850455e-12,-3.289578681199425e-12,-5.3101561185219846e-12,4.8435025032167426e-12,3.6795312715776506e-12,2.7459318757602728e-12,-3.2405706944205887e-13,2.2062219789696614e-12,2.2093286353223253e-13,-9.43438415074114e-14,2.0778724792795656e-12,3.59152596864517e-12,-1.0147252292066243e-11,1.1619494802854233e-14,-3.3566655979285026e-12,-2.0600742258766853e-13,-8.116169887208299e-13,-2.1771938116995405e-12
L8treat_m3,-3.5695857365752164e-12,1.817374529918641e-12,-6.862371116029431e-13,-3.367572654322209e-12,1.1516649990019539e-11,-2.5780349776016577e-13,-3.731448380764537e-12,-2.17155079596588e-12,1.5668171238454848e-12,-5.165130108967856e-12,6.403117688133172e-12,6.06344103242014e-12,-1.9012687319619846e-11,6.300704725818088e-12,1.4170886556767777e-13,4.0844048260693754e-13,-1.4297772542280497e-12,1.4244273230338732e-12,-6.549073841604021e-12,6.906810970640698e-12,2.541657684814598e-12,-2.0416839686715803e-11,1.2567743776046282e-11,-9.529487782428088e-12,-2.523703978246063e-12,1.2161201684303315e-13,1.1281186312949703e-12,-2.245589026764229e-12,3.9150255568132625e-12,-1.7178158119329308e-12,-1.7996909394069256e-11,6.598654810259307e-12,-6.46832365780911e-12,3.213141691036052e-12,2.837901255105323e-12,2.1115064979627985e-12,-1.0036590655031843e-12,-2.9622702024004585e-13,2.879507782237083e-12,-8.376612025516826e-12,6.2578675863229875e-12,-6.263011105007998e-12,2.2296688017768795e-12,-4.075274559626968e-12,2.7217792571363013e-12,1.6138867934688475e-12,9.279036394985322e-13,6.169976344148291e-12,-5.3594747341042385e-12,1.900818420557689e-12,8.259469151903404e-13,-1.0243201905135589e-13,-9.345977375726848e-13,2.099968686749049e-12,1.9070003151728663e-13,3.88302113933288e-12,5.300784694106995e-13,-2.80208548256631e-12,-2.2245347671431885e-12,-1.6703020614347883e-13,1.7466752796560659e-12,-2.5143043447895622e-12,1.292831964311625e-12,-2.5567217491460243e-12,-6.301923697729546e-12,-3.2728676922419916e-12,2.282274977142154e-11,-5.6408630133799404e-12,-2.3378338736852067e-12,-2.250982477613054e-12,-2.667588056346647e-13,-1.517806489785884e-12
L8treat_m2,-3.2072269825480503e-12,-9.175775568169687e-13,5.706757556216417e-12,-3.892074885794133e-12,-9.860242064665178e-13,-1.995719881169311e-12,-2.348822374127474e-12,2.267005016511186e-13,1.6825504181019357e-12,-4.359240404698377e-12,4.074736249196381e-12,1.6028629768951216e-11,-1.910058532413427e-11,4.05757451973546e-12,3.3152774416112336e-12,1.988872632029193e-12,2.1061973132483169e-13,1.9954077457210268e-12,-2.3482961986935666e-12,2.541657684814639e-12,1.2360776423848446e-11,-1.8959812291407968e-11,-7.815880214134156e-13,-1.1099861659827985e-11,-3.3236243124608594e-13,1.0189911595443126e-12,1.6403011685542252e-12,-3.1153312240239916e-12,1.0868153664259468e-12,8.628294192309457e-12,-1.159607596948662e-11,-3.404749502292203e-12,-6.232746870595455e-12,5.840817759886968e-12,2.475712274450784e-12,3.1773093310296983e-12,-2.2268444367051828e-12,7.133381189280147e-13,1.0620445704061525e-11,-9.375654298907874e-13,-1.307910491908869e-12,-7.795923237140563e-12,9.86967873436803e-13,-2.158242009700433e-12,2.6818095342995938e-12,3.1339117677802014e-13,-5.182974422771597e-13,3.397698050171182e-12,-3.091962321133835e-12,-3.920832370257641e-12,1.5868618663282012e-12,9.344799690572902e-13,2.950293416645814e-13,-1.2446339657760797e-13,-1.6767443901143446e-12,2.4984446365665843e-12,3.6424525934895906e-12,-4.4602323219765474e-12,-3.549470169879055e-12,2.1167401117116963e-12,2.8729626083604124e-12,-4.894876049919679e-13,-9.774396285189327e-13,4.239596051323676e-13,-5.7263815129703085e-12,-6.332277317160199e-12,1.3355235416642546e-11,8.322507402977541e-13,-5.625965007003022e-13,-1.84367754002596e-12,-1.3141305384700927e-12,-1.097280429081515e-12
L8treat_m1,4.164064299150392e-12,7.429248904309606e-12,7.576818277990879e-12,7.494538285133446e-11,-5.73634570907689e-11,-1.0061423978649468e-12,1.5323814259427198e-11,8.890241795006639e-12,-1.3272970765581718e-11,9.124719694420945e-12,-1.703347779341902e-11,-4.9650831533927475e-11,1.6007549560635552e-10,-6.158268418161125e-11,-2.2917281201276858e-11,-5.198973696248891e-12,1.145903951523953e-11,-2.1303464531458076e-11,2.084510460169986e-12,-2.041683968671597e-11,-1.895981229140792e-11,1.9092881062525226e-10,-9.860029089202829e-11,5.354611507844208e-11,-1.863497179601148e-12,9.426407653164202e-15,-2.616035219265295e-11,4.448178938372381e-12,-1.7620142812245677e-11,-7.848202413868956e-12,1.7308037392319624e-10,-7.99974340506631e-11,1.3528362868648536e-11,-3.023770543702264e-11,-1.2040017739099341e-11,-3.3334120367746635e-11,3.746044731058101e-12,-8.333909748865827e-12,-2.3572477728755475e-11,8.975862589105479e-11,-5.820146191625463e-11,2.2067289084373237e-11,-9.715306908963373e-12,1.8115317546483207e-11,-3.1815061611796906e-11,-7.823516113686555e-12,9.663870859363968e-12,-2.4744622951602496e-11,4.1767232121156285e-11,1.0190795930034897e-11,-1.6500936305191908e-11,-9.262593350646152e-12,1.7590402642252996e-13,-1.1645561177418707e-11,3.34425661664655e-12,-1.4416867515166075e-11,4.815160370576643e-13,2.355649431253189e-11,1.846349429650908e-11,-2.242992092537377e-12,-1.9754146712247484e-11,1.060538901430371e-11,-1.3199349887661934e-11,1.0699162935046546e-11,3.765191626112248e-11,1.7028370032263037e-11,-1.8779756143283817e-10,5.2967248559492255e-11,3.094209624002278e-11,2.242906514365157e-11,5.927233000962304e-12,2.206228953661904e-11
L8treat_p0,6.77441770508854e-13,1.1744041775520686e-13,-1.3548610619190156e-11,-2.9430380174703474e-11,5.95888357530792e-11,-4.7406838552457655e-12,-1.1982425240846122e-11,-6.4992750873116966e-12,5.861358137627101e-12,2.0238713805824122e-13,8.942808469519829e-12,1.2755745594088537e-11,-7.562841987737433e-11,4.416230452685488e-11,4.610276971486302e-12,-3.6284436187295306e-13,-9.431188114081067e-12,6.881212958490018e-12,-3.175084979541038e-12,1.2567743776046444e-11,-7.815880214134131e-13,-9.860029089202859e-11,9.644276662894552e-11,-3.1386230071263583e-11,-4.513992506187665e-12,2.84151332953997e-12,1.2618041807283593e-11,6.178734356577518e-12,1.3705165493887595e-11,-9.090670457321647e-12,-9.224534225320181e-11,6.623426997858112e-11,-1.2660010293744367e-11,9.571362519749954e-12,7.928049036113271e-12,1.5036561755817256e-11,4.258293410400858e-12,-1.3988786074265885e-12,5.227986751307917e-12,-5.168123925414692e-11,4.746121612406828e-11,-1.1835054451797681e-11,7.681433683843361e-12,-8.508772727728649e-12,1.5703462213834747e-11,7.606496564402746e-12,-5.692351405857665e-12,1.4205897128508158e-11,-1.3250159806981727e-11,2.0976915115967424e-11,3.110556844737391e-12,4.560935523728951e-12,-2.0249871787670587e-12,8.684319313515984e-12,1.0384642330082875e-12,9.02618436457637e-12,-1.209679812339703e-12,2.12142994723672e-12,-4.556403584180015e-12,-8.820525119131244e-12,6.122582553494255e-12,-9.331042789976724e-12,7.615005540724477e-12,-1.588904848137684e-11,-2.0088925734652462e-11,-9.649352054355451e-12,1.0656716756929469e-10,-4.6274545358106616e-11,-1.393889721240213e-11,-1.3325517894625129e-11,-3.684029415803421e-12,-1.203285920482723e-11
L8treat_p1,7.940662905700045e-12,5.238746968829656e-14,-2.6086357437113074e-13,3.756345168648706e-12,-2.1812613428905907e-11,9.023846636346354e-12,7.757270109319608e-12,4.44686342062525e-12,-3.557019915143542e-12,1.058606223538064e-11,-1.414339196932006e-11,-2.2399568763827057e-11,5.4868700504224776e-11,-2.1348817180078142e-11,2.4295086115349696e-12,-2.7660698329858044e-12,5.687426967945766e-12,-2.0184331192929062e-12,1.4087823937684656e-11,-9.529487782428033e-12,-1.1099861659828116e-11,5.354611507844137e-11,-3.1386230071263525e-11,4.4461475081037326e-11,2.9584327567402145e-12,-1.5734944669093282e-12,-2.845722111343365e-12,5.59625094552698e-12,-4.2222971181483804e-12,4.323089938079762e-12,4.405424424271666e-11,-6.928681687751053e-12,2.88906324346731e-11,-1.3252283051153704e-11,-5.614813099443123e-12,-6.984410195204335e-12,1.8492236413749487e-12,1.7402939841338149e-12,-1.0882373275615246e-11,4.875008947250324e-12,-5.729274305694948e-12,3.0902231613862455e-11,-4.943173803944214e-12,1.1823685346542539e-11,-7.627236102444864e-12,-7.736795097251911e-12,4.804129988552045e-13,-7.0388482732918985e-12,2.5955230943925794e-12,-1.378119519923035e-12,-2.2046783857948816e-12,-3.5254302913664e-12,1.076616488693581e-12,-3.754172231019311e-12,-1.959308632701997e-12,-8.297646209870521e-12,1.6277764667673623e-12,3.782360609873666e-12,1.0621528566444758e-11,6.634768744420942e-12,-8.392565203440524e-12,5.529518473265891e-12,-1.5319083518798206e-12,6.784611322751913e-12,1.3728608281671941e-11,7.2364364566423405e-12,-5.539737682846856e-11,6.722997834467788e-12,-5.342235946624354e-13,7.480335944149918e-12,9.21530232869913e-13,3.716185825042213e-12
L8treat_p2,1.77560476345153e-12,-2.014873221036079e-12,3.697473203920244e-13,-5.221155730486552e-12,-7.807587755955544e-12,1.340239855538335e-12,2.3573822259800494e-12,5.830558033477707e-13,1.3044228046441048e-13,2.4242360034387933e-12,-3.5141694802815723e-12,-5.481716154398122e-13,-1.4388565743779766e-12,-1.1485064244018096e-12,3.1744968145413235e-12,8.97696896365215e-13,4.414831826105067e-13,1.9632205048599943e-12,5.011382358249057e-12,-2.5237039782461153e-12,-3.323624312460847e-13,-1.8634971796014057e-12,-4.513992506187753e-12,2.9584327567402177e-12,4.1377603705262075e-12,-7.410106797653852e-13,2.4642185139740457e-12,-1.6309441423179618e-13,-8.429309588218084e-13,2.7551716672120275e-12,-2.4604760764827154e-12,-2.8141821307688025e-12,5.744897323970739e-12,1.3854805320042693e-12,-1.5897323115720014e-12,2.192178102892411e-12,-1.9669717409525883e-13,2.934998035863736e-12,-1.4304637166945991e-13,-2.1945010300008034e-12,-2.8322570054760958e-12,5.148952898807037e-12,2.8153676172928116e-13,6.244723193334008e-13,8.603355394082778e-13,-6.157358580448467e-13,-1.4094013576862447e-12,-2.201019253794748e-12,8.661455109064511e-13,-7.194139590132032e-12,2.2854446435360054e-12,2.3155847081534004e-13,6.414807257915352e-13,-6.318345843994994e-13,-1.0968258180642393e-12,-1.4541763797869113e-12,-1.366166851510243e-12,1.1561849787621999e-12,-1.3272992492405163e-12,1.834949200798323e-12,1.7165723314486467e-12,7.435714055474097e-13,5.663256352428965e-13,2.1468816195933718e-12,8.415515142870752e-13,1.2737864858654678e-12,-1.0665326709864234e-12,2.871141952287581e-12,-2.5551259564439324e-12,-6.807861150680641e-13,1.0991334082217592e-13,-1.0067346968310868e-12
L8treat_p3,-2.2991273153481434e-12,-4.1684290825787746e-14,9.88030357173057e-13,2.0951706251544507e-12,2.5095620227591896e-12,-1.3280965957447388e-12,-6.707837935298645e-13,1.999810110605328e-12,8.608081590060968e-13,-1.070734314466548e-12,1.1005183486034965e-12,2.0005451992951424e-12,1.1124027810308518e-12,1.41990657768326e-12,-8.70098417766799e-13,-3.599617337830494e-13,1.0009247452507527e-12,-5.548556864322242e-13,-2.6050932629778976e-12,1.216120168430482e-13,1.0189911595442952e-12,9.426407653055273e-15,2.8415133295400107e-12,-1.573494466909343e-12,-7.410106797654076e-13,2.6724566057343983e-12,-1.4139567130057598e-13,-7.331001111761958e-13,-3.848087184781597e-13,-6.397584960976639e-13,2.0659182171546624e-12,1.7451690055250632e-12,-1.280742000510889e-12,-3.632845531413682e-13,1.470967762261343e-12,2.967093633441278e-13,4.519275897574522e-14,-2.2009628414329138e-12,8.318899788272801e-13,3.0970954909407886e-12,1.6673942983158228e-12,-1.2350442030441914e-12,1.373203045835824e-12,2.0637998814620017e-12,4.084035111400521e-13,-2.3123437285462287e-14,9.536397046541996e-14,1.5963554784518725e-13,1.7897010738786334e-12,2.4835352284278783e-12,-7.942565483476343e-13,-5.6258850727691826e-14,3.260835415222196e-13,1.8814664560198728e-13,-1.2888990417121712e-12,4.325694591127683e-13,2.7829831880512142e-12,3.487175898924761e-13,3.7841924552551873e-13,-5.568230454977207e-13,-8.834230742999338e-13,9.610742884675759e-13,2.6849351964838542e-14,-4.61016556704467e-13,9.07421524908108e-14,-9.5883946847972e-13,-8.240996137587303e-13,-1.154752815787426e-12,6.375434091219434e-13,-2.413584813669235e-13,-1.5113177226126402e-12,-1.0857378284578817e-13
L8treat_p4,4.0817493102688826e-13,-2.673413851619035e-12,-1.7429575562967265e-12,-1.4379161297755252e-11,4.767973958059879e-12,2.0478892581891216e-12,-6.501731827723174e-13,-7.277017522357472e-13,2.177542471923934e-12,8.063557777238369e-13,-9.272560805801004e-13,5.463277394273284e-12,-2.1425472235942213e-11,6.9536458595355495e-12,6.135995636597302e-12,9.018644225207064e-13,-1.3330271638015198e-12,5.078254267783294e-12,2.9895144043112027e-12,1.1281186312949901e-12,1.6403011685542414e-12,-2.616035219265289e-11,1.2618041807283593e-11,-2.845722111343339e-12,2.4642185139740364e-12,-1.413956713005793e-13,6.9869210638770256e-12,-6.794025638442949e-13,2.4028249142117235e-12,3.500363489500672e-12,-2.3803171503977414e-11,1.0438703864905712e-11,4.998983051552284e-12,4.784297951245139e-12,2.4293105635594033e-12,6.754061255514512e-12,-9.661114880305136e-13,3.1279996841179273e-12,2.5736292453188522e-12,-1.6968852962909187e-11,8.969803829174923e-12,3.669934983462927e-12,2.1225116949877792e-12,-7.162726243517211e-13,6.208558131964371e-12,-1.3130883864369797e-12,-3.4277813184178655e-12,1.022795450331277e-12,-3.057643597819674e-12,-5.006333704610795e-12,3.476502772637158e-12,1.1052289328593563e-12,4.510708775521838e-13,1.6851215254161319e-12,-2.5230542300447502e-12,3.1665929089698337e-13,-5.789480573964108e-13,-5.662149994261961e-13,-2.4531003957819802e-12,1.899367350944646e-12,3.045102112173034e-12,-1.1505647413957626e-12,3.081198675062386e-12,4.862922296868474e-13,-4.609247882634731e-12,-1.677406590257196e-12,2.3882780093848615e-11,-8.300455580875816e-12,-6.875126204674623e-12,-3.497354390582829e-12,-1.1892601281357024e-12,-4.368382677402275e-12
L12treat_m4,7.759083309831822e-12,2.3962366697962625e-12,-3.4660027781196818e-12,1.0884128243615174e-12,-1.3976719882867606e-12,8.261893800564408e-13,2.0072096314149836e-12,1.7737287478164145e-12,4.0665480954586746e-13,9.993112968101611e-12,-4.5560149808693975e-12,-8.541853520318691e-12,9.172194216253777e-12,-1.126069957973976e-12,4.096052061532779e-13,-3.1026110151035477e-13,1.7791364602934743e-12,-2.3555491615773183e-13,1.3352367437294478e-11,-2.2455890267642035e-12,-3.1153312240240187e-12,4.448178938372506e-12,6.1787343565773165e-12,5.596250945526913e-12,-1.6309441423177742e-13,-7.331001111761943e-13,-6.794025638443055e-13,1.2831264624523017e-11,2.878994824448918e-12,-3.82133480083403e-13,1.1694458174266276e-12,6.1857617405045065e-12,2.6492979297520505e-12,-6.1068691363917845e-12,-3.960908757923984e-12,-1.8012905059116149e-12,8.461232404756702e-12,3.8675891615882806e-12,-2.9953401920415416e-12,-2.5686596378859386e-12,9.975863241789294e-13,4.2756082496347674e-12,-3.908608538578887e-12,1.4390871390183613e-12,-1.924461183020996e-12,1.879926588516141e-12,2.7842194527373908e-12,-1.5151984370583026e-13,-7.462747730878639e-13,5.4683481979890944e-12,-1.977281692212764e-12,1.2430875350202736e-12,1.3767127695011536e-12,-1.7882284092707015e-13,2.854696077057005e-12,-6.855334525964474e-13,-3.0440364997707413e-12,4.457808608790391e-12,3.826270349137847e-12,-1.7906800296515621e-12,-1.9835240412523085e-12,1.0075071418573502e-12,-9.286405812910804e-14,-4.2063519106513834e-12,9.815778973143028e-13,2.2925353199749957e-12,-6.764496845485102e-12,-3.085352106642347e-12,7.882835395837837e-13,5.6691342944858743e-14,-1.075271627103157e-12,-8.784913854178372e-13
L12treat_m3,8.291214448172916e-13,1.1177117093318515e-12,-2.6527020526649402e-12,-5.597157090423332e-12,7.340546949049038e-12,9.082277128198202e-13,-1.7247875453327872e-12,-5.432226518132539e-13,1.774801280904859e-12,1.3503163359984329e-12,2.2493631814866836e-12,2.1186453458122404e-12,-1.3171218366569084e-11,3.4284417048140696e-12,2.4713600953848578e-12,2.0058245025073528e-13,-4.147024765216781e-13,1.9368954355418193e-12,1.8247569243821864e-12,3.9150255568133005e-12,1.086815366425819e-12,-1.762014281224546e-11,1.3705165493887432e-11,-4.222297118148513e-12,-8.429309588217871e-13,-3.8480871847814947e-13,2.4028249142117126e-12,2.8789948244489087e-12,5.664243226590975e-12,1.4638147518874023e-12,-1.6589467570492374e-11,7.855591337371247e-12,-7.28664949344474e-13,9.025266238066192e-13,5.998273053275912e-13,2.3218063994207196e-12,1.8854442484850015e-12,3.299232191501179e-12,1.753237606676293e-12,-1.1673100065208623e-11,6.572782997736463e-12,-4.257103518342243e-13,6.849142798740961e-13,-2.253502722983459e-12,2.7464751694421426e-12,1.1562846284876528e-12,3.587447935618243e-13,3.863975428136225e-12,-3.415505029331409e-12,8.42101923003268e-13,7.054705275700446e-13,7.090003079326021e-13,2.2343067743401006e-14,1.6672693688998658e-12,2.8100547325112955e-14,1.670973716173159e-12,-1.2266837816543933e-12,-4.1444594501023773e-13,-1.1255246769275323e-13,-9.297202543920434e-14,1.601241816129173e-12,-1.3596796129103017e-12,1.6916667639008043e-12,-2.566894391613817e-12,-5.288476929081491e-12,-1.7920292716167111e-12,1.7049578330257663e-11,-6.8783682066597374e-12,-3.0895307134947942e-12,-2.5587199933291436e-12,-9.997030861471783e-13,-2.655027397751052e-12
L12treat_m2,2.015203930074849e-12,-2.551744193056195e-12,3.957411688886864e-12,-9.00464006803987e-12,-1.0942363297344462e-11,1.8805879397385787e-12,7.31574956378162e-13,1.700847510619357e-12,8.441160108959788e-13,2.6904421989522247e-12,-2.802496371088629e-12,8.293660292475365e-12,-6.1045287207746335e-12,-4.577770583881806e-12,6.738846762163874e-12,6.636694170073249e-13,1.697303311033462e-12,3.578452345920296e-12,7.175954964887726e-12,-1.7178158119329195e-12,8.62829419230939e-12,-7.848202413868872e-12,-9.090670457321749e-12,4.323089938079807e-12,2.7551716672120166e-12,-6.397584960976483e-13,3.5003634895006634e-12,-3.8213348008345405e-13,1.4638147518875095e-12,1.4949546893357162e-11,-4.689065067681217e-12,-6.3711968742681366e-12,8.056782015682087e-12,2.5562202789426453e-12,1.2637616956366744e-13,3.768377214933421e-12,-2.5371848804918204e-12,5.597764898195687e-12,8.312069593755453e-12,-7.244121455721047e-12,-2.149095146608394e-12,6.165873586928018e-12,-8.537255970917935e-13,1.6234560956993285e-12,2.58885668061207e-12,-3.443520120354402e-12,-1.8336770321316885e-12,-4.398240572071521e-13,-2.2431372503897476e-12,-9.265006985525532e-12,3.0415438405103944e-12,9.439461006144706e-13,1.1245471573622183e-12,-1.054576723144985e-12,-3.0536884707115976e-12,-1.33572766480615e-12,1.054802073172279e-12,-2.7486880529705948e-12,-9.436876622038874e-13,5.460161347559703e-12,1.9241761722868417e-12,1.6057156351872515e-12,-8.078274917094941e-13,4.40604760442315e-12,-2.928009670189209e-12,-4.063875109163094e-12,-1.707563486396149e-13,1.7826446035516195e-12,-3.0146444247172835e-12,-7.858638181778395e-13,-1.1273468880598874e-12,-1.8903922873873662e-12
L12treat_m1,-3.4336301280507055e-13,6.734441458121769e-12,1.1415165286867372e-11,7.686619034686625e-11,-5.5371220822028374e-11,-3.545993817117548e-12,1.453459235922e-11,9.79873385008622e-12,-1.2106631958860185e-11,3.883676648994181e-12,-1.346762192416186e-11,-3.5842506961541545e-11,1.4733154363652462e-10,-5.4822146788487975e-11,-1.94623640219033e-11,-2.4126045171977867e-12,1.180767413089584e-11,-1.9905778751053153e-11,-1.1311770557455226e-12,-1.799690939406935e-11,-1.1596075969486518e-11,1.7308037392319536e-10,-9.224534225320186e-11,4.405424424271702e-11,-2.4604760764824827e-12,2.0659182171546716e-12,-2.3803171503977488e-11,1.1694458174265777e-12,-1.658946757049258e-11,-4.689065067681182e-12,1.6840420359800535e-10,-7.693528905265808e-11,7.404634484239222e-12,-2.3669004193896642e-11,-8.95452793539174e-12,-3.1173162114033527e-11,3.733189343016111e-12,-1.067222994096931e-11,-1.6981241609793517e-11,9.134442903575368e-11,-5.483651228496646e-11,1.7963111583080332e-11,-5.786717220811948e-12,1.6416556223129375e-11,-2.9685992745212077e-11,-6.5309302337024995e-12,9.003361256351042e-12,-2.3825482305761264e-11,4.120860818476974e-11,1.0308072582570041e-11,-1.5806787126821717e-11,-9.63184643369345e-12,-1.355046265609255e-13,-1.1236571615845518e-11,4.72009397156379e-13,-1.247863491539204e-11,4.4911499951446375e-12,2.3840269054529225e-11,1.8569162409686904e-11,-1.1425375851210476e-13,-1.7783525992226133e-11,8.879866349941423e-12,-1.2792997124397408e-11,9.123717858976684e-12,3.329834599643283e-11,1.3118026755678772e-11,-1.7698277808387806e-10,5.070824914725129e-11,2.9083961998603768e-11,2.0256155850975733e-11,4.376984485889877e-12,2.129460938257135e-11
L12treat_p0,3.1296334501491153e-12,-1.4399151110426118e-12,-9.38292652490566e-12,-3.7014060689486895e-11,4.338392818662195e-11,2.3083609515836367e-12,-7.770663537316723e-12,-3.5041905356062214e-12,4.868785718329823e-12,2.3291356353419753e-12,2.932904967867155e-12,8.97017754285373e-12,-5.1231144429957996e-11,3.662122411845506e-11,7.780916993071912e-12,-5.115917184983888e-13,-4.683613612848545e-12,6.360949529858115e-12,3.190583475120616e-12,6.598654810259369e-12,-3.4047495022921806e-12,-7.999743405066259e-11,6.623426997858118e-11,-6.928681687751005e-12,-2.8141821307686898e-12,1.7451690055251064e-12,1.0438703864905728e-11,6.1857617405045864e-12,7.855591337371353e-12,-6.371196874268141e-12,-7.693528905265745e-11,7.420170402535566e-11,4.085482443627001e-12,4.43533686005655e-12,4.969240839491116e-12,1.2299167128830683e-11,5.036576232961797e-12,-4.147145971532936e-12,-3.45862703810501e-13,-5.209464947149396e-11,4.839314551001386e-11,-1.492126486409325e-14,2.3913952540606706e-12,-1.0228266059510266e-12,1.2342204694192173e-11,2.236831708345239e-12,-4.523444637183481e-12,1.1398644458076257e-11,-2.2999267737312494e-11,1.62066038162281e-11,3.861971347669808e-12,4.124626265573661e-12,7.325012126072271e-13,5.3934092220196364e-12,-9.964370995243868e-13,4.275936174908458e-12,4.554005069084985e-12,-8.270382994800489e-12,2.4505128781979205e-12,-2.4579369656354695e-12,1.6366668268156218e-12,-3.4601905018269406e-12,7.458175264814599e-12,-1.0364775784483708e-11,-1.0665099182780554e-11,-5.222637893400098e-12,8.46713152450093e-11,-4.270419677258268e-11,-1.6112383421379574e-11,-8.788953278113193e-12,-4.797386530268164e-12,-9.748184269674847e-12
L12treat_p1,6.124127171938852e-12,-3.997445089066134e-12,-2.6882046829059565e-12,-1.538179814944402e-11,-1.2875471042224531e-11,9.804332180357886e-12,4.160819371059135e-12,2.52078776116626e-12,-1.438510238528364e-13,9.184720569886986e-12,-1.1351887630788285e-11,-1.108335896770263e-11,1.8643728480200993e-11,-9.02370627107145e-12,8.43801382843962e-12,-1.203608908195503e-12,2.940155644526001e-12,4.0206330974200065e-12,1.3254108476161863e-11,-6.468323657809121e-12,-6.232746870595538e-12,1.3528362868648188e-11,-1.2660010293744441e-11,2.8890632434673014e-11,5.7448973239707385e-12,-1.2807420005109028e-12,4.998983051552253e-12,2.6492979297521074e-12,-7.286649493444002e-13,8.056782015682053e-12,7.404634484239346e-12,4.085482443626783e-12,3.020012973609071e-11,-4.24628971682526e-12,-1.8545601698796513e-12,3.209298509199728e-12,-5.232561442233779e-13,3.835138959440484e-12,-5.573817676245568e-12,-1.4640523471484518e-11,2.5981907341019767e-12,2.8082355495326524e-11,-4.915113557819696e-13,8.773744085231064e-12,1.3759594896097543e-12,-8.247827930058639e-12,-4.032489462029468e-12,-4.66288671302796e-12,-7.324212012885993e-13,-8.88836793710956e-12,3.420788414408567e-12,-6.040565843863666e-13,2.133903119300752e-12,-1.0988430670582948e-12,-5.0901488356902866e-12,-6.299316243770048e-12,6.639020486417415e-13,2.457629972535715e-12,3.929619968854076e-12,7.864167536473031e-12,-2.174263668767248e-12,4.06974237299141e-12,2.3098566361170983e-12,6.287131307601056e-12,5.4867727771698265e-12,2.4347681196395056e-12,-1.6750895729899226e-11,-1.4410600414928494e-12,-8.781153583326585e-12,1.2011055140583487e-12,-1.2254987640497032e-12,-2.2879651287295405e-12
L12treat_p2,-3.815062390780206e-12,-3.570432607028714e-12,5.211894653842138e-13,-1.1252345985918242e-11,7.97247944188345e-12,7.689221053945712e-13,-2.0900721531461825e-12,-2.431430605619574e-12,1.768971721591456e-12,-5.658240701370081e-12,4.900502181270423e-12,1.4383058302140392e-11,-3.128073489341003e-11,1.0839908277218428e-11,5.195946486262977e-12,3.2935841455225753e-12,-2.9981204118577964e-12,4.064246132829223e-12,-4.759445896712596e-12,3.2131416910360714e-12,5.840817759887039e-12,-3.0237705437022514e-11,9.571362519749994e-12,-1.3252283051153591e-11,1.3854805320042916e-12,-3.632845531413594e-13,4.7842979512451505e-12,-6.106869136391775e-12,9.025266238066552e-13,2.556220278942706e-12,-2.3669004193896436e-11,4.435336860056533e-12,-4.246289716825178e-12,1.2138822508290423e-11,4.074227580342532e-12,6.476128393119222e-12,-3.9010204912853996e-12,-4.856722727260119e-13,5.8348799043749795e-12,-9.347352521446356e-12,6.224506249147587e-12,-5.098801537349822e-12,4.446976809194755e-12,-4.86721678198574e-12,6.483447591416969e-12,4.927008070910874e-13,-3.529452068214305e-12,2.4259627647330446e-12,-3.8921367711563096e-12,-7.807073082286367e-12,4.9243953378591665e-12,2.2004019464701292e-12,-3.812573769559208e-13,1.5630386258928102e-12,-1.6663936333171413e-12,2.574562872365921e-12,9.20385849313631e-13,-3.702493102694547e-12,-4.869766275984219e-12,2.5710065723689287e-12,5.864349841612125e-12,-3.523840576539066e-12,2.2039283524322056e-12,7.594519883181089e-14,-6.7718819523733536e-12,-3.723620760428936e-12,3.0600590644495274e-11,-4.716691089732579e-12,-5.784434452439034e-12,-4.56420144073132e-12,-2.8907227018508255e-14,-3.168556155629611e-12
L12treat_p3,-4.036081687508861e-12,-1.189726131354136e-12,-3.138532307951257e-13,-3.4825641672575277e-12,9.282506579858671e-12,-2.3270457816165835e-13,-2.8469928115641495e-12,-5.95818991606326e-13,1.1369470119721326e-12,-4.303939098343334e-12,3.196604089444055e-12,6.285251462473812e-12,-1.2137179248491046e-11,5.106930246586072e-12,8.493513107089124e-13,2.3379736801904506e-14,-1.044187560558346e-12,1.9120360800277025e-12,-6.34825824898589e-12,2.83790125510535e-12,2.475712274450779e-12,-1.2040017739099435e-11,7.928049036113339e-12,-5.614813099443117e-12,-1.5897323115719981e-12,1.4709677622613399e-12,2.4293105635594033e-12,-3.960908757923992e-12,5.998273053275824e-13,1.2637616956367418e-13,-8.954527935391737e-12,4.9692408394911086e-12,-1.8545601698796214e-12,4.074227580342542e-12,5.402606151854557e-12,3.4982749883562853e-12,-2.8074954776238473e-12,-2.6184185199105645e-12,2.621050786887505e-12,-5.887562243816196e-12,6.9106278030947775e-12,-2.585015680087541e-12,2.7364796820113992e-12,3.082027346650674e-14,4.079684122940766e-12,-1.7896904121361616e-12,-2.08530505017754e-12,1.7920238387598983e-12,5.410124240655826e-13,2.8404102558840527e-13,9.400663046133433e-13,4.865883530238637e-13,-2.5657014529607807e-14,1.3918899817387153e-12,-2.129631894315607e-12,1.5310364974946865e-12,2.924047708051189e-12,-8.045314698174986e-13,-2.348816036081839e-12,2.518898165179446e-13,9.75527946587678e-13,-1.1836166708871347e-12,1.2232638497100281e-12,3.625143041335568e-15,-3.411020190281988e-12,-3.0963802944158418e-12,1.4150678700979455e-11,-5.608034919182747e-12,-2.18502062536411e-12,-1.6994560210567299e-12,-1.2059410587624634e-12,-1.5199722895536862e-12
L12treat_p4,-9.117833674647492e-13,-3.9224903015476436e-12,-1.7641222182778956e-12,-1.729623787821059e-11,6.6441186244490825e-12,4.068941672128249e-13,-2.6709593592948397e-12,-7.517257611479696e-13,2.9305211010956146e-12,-7.14777260581559e-13,5.02204046111486e-13,8.732892637217868e-12,-2.8197164682034624e-11,9.595691506977463e-12,6.239260604043119e-12,5.806115283890347e-13,-1.2835295915085298e-12,6.5443307118096445e-12,1.044143614905946e-12,2.1115064979628195e-12,3.1773093310297205e-12,-3.333412036774656e-11,1.5036561755817285e-11,-6.98441019520429e-12,2.1921781028924177e-12,2.967093633441299e-13,6.754061255514517e-12,-1.8012905059115928e-12,2.3218063994207382e-12,3.768377214933438e-12,-3.1173162114033423e-11,1.2299167128830701e-11,3.2092985091997796e-12,6.476128393119223e-12,3.4982749883562812e-12,9.808807239729676e-12,-2.034893178070478e-12,1.5041176594313335e-12,4.36935211825899e-12,-1.7443667254140607e-11,9.55365271794543e-12,1.0032372654102073e-12,2.793058705269186e-12,-3.57571183943549e-13,8.055850436361775e-12,-4.995245239528061e-13,-4.172943080844792e-12,2.838858466787374e-12,-5.1515915277325515e-12,-8.007418735373878e-12,4.712673667052389e-12,1.996600950403228e-12,5.848237606400386e-13,2.6011637006909066e-12,-2.7882580395439687e-12,1.574610936524294e-12,1.9363784252463813e-12,-2.8368144129251305e-12,-6.425945278546718e-12,1.4966757774261646e-12,3.965638481293818e-12,-6.423371269636023e-13,3.1835699589114505e-12,-4.744568563055026e-13,-6.426082949921422e-12,-3.516017830418627e-12,3.314504553105966e-11,-7.82306401625334e-12,-7.69683709701458e-12,-4.49082757124162e-12,-2.0155612340058536e-12,-5.553888813758356e-12
L16treat_m4,3.734271369466932e-12,2.1928411754283815e-12,-1.468554274515037e-12,4.209389960656271e-12,-1.360108503346584e-12,-2.1148704280101568e-13,1.934021102400743e-12,1.74298773518223e-12,4.5320983644527273e-13,5.57919586616118e-12,-2.387866431345863e-12,-5.008086939149458e-12,8.323504346218816e-12,4.0398093484094244e-13,-1.5149046645826253e-13,5.132519823886282e-13,1.7715676462003474e-12,-9.721793029337562e-13,7.917022611007062e-12,-1.0036590655031215e-12,-2.2268444367052224e-12,3.746044731058037e-12,4.258293410400747e-12,1.8492236413749334e-12,-1.9669717409525795e-13,4.5192758975765495e-14,-9.661114880305211e-13,8.461232404756755e-12,1.885444248485019e-12,-2.537184880491868e-12,3.7331893430159346e-12,5.036576232961778e-12,-5.232561442234963e-13,-3.901020491285429e-12,-2.8074954776238485e-12,-2.034893178070489e-12,7.58759280760682e-12,1.3129594595988593e-12,-2.9519807210651888e-12,1.7010958528594593e-12,2.2544915109190022e-13,1.3582431012379956e-12,-1.7848888590171207e-12,7.008880606545994e-13,-2.146531396978446e-12,2.2996631531702187e-12,2.51073149552109e-12,-1.887648618742015e-13,1.4010280566293241e-12,4.875368826706248e-12,-2.0082963216531155e-12,1.704067991282259e-13,8.34541519136021e-13,-3.4280203613976144e-13,1.4087910222381143e-12,-6.55566113938792e-14,-2.2749028754744125e-13,4.797929579999742e-12,3.544727780534941e-12,-1.7524976164195306e-12,-1.5687181082210855e-12,5.232061352366007e-13,1.1598884533349873e-13,-4.0387240289501815e-12,1.2925010123083998e-12,2.0837187497927614e-12,-6.746202072580621e-12,-1.2874958931353856e-12,9.286283038378219e-13,-9.236345260560237e-15,-1.1238375691959915e-12,-2.1077289955699663e-14
L16treat_m3,4.0773827580956176e-12,-7.814800128156884e-14,-1.174503076290921e-12,-7.025901899165416e-12,-6.346414671371655e-12,2.811178412156677e-12,2.6293027653685542e-12,8.558775390940137e-13,1.245734525766333e-12,5.417695937732655e-12,-2.562180507544595e-12,-1.4134115858399517e-12,-8.174234398782402e-12,-4.501563635073359e-12,3.8618196773557866e-12,1.2326342350158393e-13,4.915055974620305e-13,2.5716155993276296e-12,8.976373894160733e-12,-2.9622702023986546e-13,7.133381189279254e-13,-8.333909748866042e-12,-1.3988786074267832e-12,1.7402939841337147e-12,2.9349980358637265e-12,-2.2009628414329497e-12,3.1279996841178816e-12,3.8675891615882305e-12,3.2992321915013137e-12,5.597764898195685e-12,-1.0672229940969446e-11,-4.147145971532985e-12,3.835138959440399e-12,-4.856722727261001e-13,-2.618418519910611e-12,1.50411765943129e-12,1.3129594595988257e-12,9.682347394758777e-12,1.5863409057354026e-12,-8.830986800523975e-12,-1.1593735039153237e-12,3.2772768611415378e-12,-2.2268891233523034e-12,-1.7259030222816889e-12,1.8112772689976293e-12,1.5853460718131774e-13,1.0222495122740261e-12,1.568694892611609e-13,-1.6340304173600325e-12,-6.3667209628252895e-12,1.4553725604700214e-12,9.707639769267844e-13,7.30552385124266e-13,-1.3719828426672803e-13,8.771750682838342e-13,-6.836205645398942e-13,-5.313109067154824e-12,-1.9446785147853547e-12,2.716655316342402e-13,1.5417614451274295e-12,2.311092275432686e-12,2.8520519918942107e-13,8.821381085059831e-13,2.126340930287951e-12,-2.3603260620393756e-12,1.9076153745086895e-12,3.7815142623159145e-12,-6.455519289886759e-13,-1.902622474410063e-12,-1.173056822245702e-12,3.6557764249581617e-13,-2.2518650652158357e-12
L16treat_m2,-2.3588919133490595e-12,-1.028875058950916e-12,4.198622347906038e-12,-5.893037370395015e-12,2.1854999876884323e-12,-2.644841978557616e-12,-2.9132801461180446e-12,-4.403627390891013e-13,1.5691833055203397e-12,-3.8803773997734294e-12,3.567918686334068e-12,1.4582484968647525e-11,-2.2454370784125374e-11,5.3444496447772585e-12,3.128522911884924e-12,1.310560720390451e-12,-4.620217771456436e-13,2.7656478909391347e-12,-1.958284492254019e-12,2.8795077822371143e-12,1.062044570406138e-11,-2.3572477728755707e-11,5.227986751307846e-12,-1.088237327561526e-11,-1.4304637166946327e-13,8.318899788272889e-13,2.5736292453188344e-12,-2.995340192041585e-12,1.7532376066763958e-12,8.312069593755369e-12,-1.6981241609793817e-11,-3.4586270381050356e-13,-5.5738176762455765e-12,5.834879904374899e-12,2.621050786887484e-12,4.369352118258965e-12,-2.9519807210652203e-12,1.5863409057354262e-12,1.1009463278845875e-11,-4.636093730455658e-12,2.2483836754257333e-12,-6.678650853351832e-12,1.3357833200950257e-12,-2.372383602028764e-12,3.5814449427870838e-12,8.482827980693948e-13,-4.937348457574452e-13,4.157825365815877e-12,-4.269467684515883e-12,-2.7808376099091047e-12,1.886187723060836e-12,1.0401731322411326e-12,-3.818485585190384e-13,5.420556392619941e-13,-1.0279036981316924e-12,2.9250653329456267e-12,2.41710775837238e-12,-4.842878085671599e-12,-3.6283949202886927e-12,1.7414590539399384e-12,3.0155833231819078e-12,-9.255549192992962e-13,-6.238910748682978e-13,6.561248928141061e-14,-6.848485478986412e-12,-6.484225301261346e-12,1.8696170763790395e-11,-2.152606915430181e-12,-1.3491826834294875e-12,-2.253347405437931e-12,-8.834394564257577e-13,-1.865174697369634e-12
L16treat_m1,-5.287701943667224e-12,3.286631652960856e-12,1.031713969741107e-11,5.222582344986383e-11,-3.1314107612459866e-11,-9.68674778096713e-12,6.643590440137007e-12,5.6733699710629895e-12,-5.742523990104631e-12,-4.255832562437277e-12,-1.0795988201291069e-12,-1.0400575056128389e-11,6.964894265244359e-11,-2.556976250556874e-11,-1.5228223532217968e-11,1.9180132010740647e-13,6.037031553148515e-12,-1.258493200346466e-11,-8.552176929371649e-12,-8.37661202551688e-12,-9.375654298908225e-13,8.975862589105516e-11,-5.1681239254147224e-11,4.875008947250838e-12,-2.1945010300006907e-12,3.09709549094085e-12,-1.696885296290932e-11,-2.5686596378859346e-12,-1.1673100065208854e-11,-7.24412145572117e-12,9.134442903575481e-11,-5.209464947149474e-11,-1.4640523471484492e-11,-9.347352521446729e-12,-5.887562243816219e-12,-1.744366725414081e-11,1.7010958528596108e-12,-8.830986800523739e-12,-4.636093730455468e-12,7.246035285928985e-11,-4.049480345587651e-11,-7.369121847924966e-12,-1.7013973173714955e-12,5.628640961599887e-12,-1.7685148711465683e-11,4.298979808494131e-12,7.464015682378436e-12,-1.0757754021002034e-11,2.410850672969052e-11,3.798181127564402e-12,-9.524476965559341e-12,-4.6880430665926445e-12,-1.0423482129525068e-12,-5.48893127157287e-12,3.3393387888697153e-12,-3.352776048881761e-12,5.050532534843586e-12,8.458985663054254e-12,3.7169698063109655e-12,-4.587779668733967e-12,-7.986825365153505e-12,4.49131646877349e-12,-8.299927804715747e-12,1.5169256486281866e-12,1.657261552132423e-11,6.102360888732105e-12,-9.256224079066383e-11,3.7190740096559284e-11,2.1736936747520027e-11,1.0839331843678512e-11,2.775715290828632e-12,1.2692961466064987e-11
L16treat_p0,-2.504540512231182e-13,-1.5549023134933043e-12,-6.419610244576005e-12,-2.7061875540508222e-11,3.531903996403819e-11,2.732727859577904e-12,-5.593424434752928e-12,-1.8746635011068513e-12,3.9916472595163574e-12,-5.178359602909004e-13,4.031312179542201e-12,9.373392134603019e-12,-4.135236768923806e-11,2.3761125333135253e-11,6.07556444788696e-12,-5.342568292716438e-13,-3.632924217955569e-12,5.240413654897739e-12,-1.4751336813019945e-12,6.257867586323017e-12,-1.3079104919088554e-12,-5.820146191625415e-11,4.7461216124068265e-11,-5.7292743056947535e-12,-2.8322570054760005e-12,1.6673942983158499e-12,8.969803829174923e-12,9.97586324178864e-13,6.572782997736522e-12,-2.1490951466084188e-12,-5.4836512284965845e-11,4.839314551001383e-11,2.5981907341022016e-12,6.224506249147571e-12,6.9106278030947605e-12,9.55365271794541e-12,2.2544915109180361e-13,-1.1593735039152774e-12,2.2483836754257697e-12,-4.049480345587569e-11,3.9775114523862944e-11,-3.5890912404142947e-13,3.1224475443929482e-12,-1.0962685979364464e-12,1.1509428845426918e-11,-6.124934873850242e-13,-3.4701783211730605e-12,8.386756040121573e-12,-1.434127722194177e-11,1.092854469954998e-11,2.8836116469135204e-12,3.4846146436244253e-12,1.0775858992350806e-14,4.0997064425571024e-12,-1.6810390590112221e-12,3.2976036930754955e-12,3.2461834052780712e-12,-8.790300792881371e-12,3.112116901366549e-12,-7.364150825094688e-13,2.0199189339761455e-12,-3.2301659427263693e-12,5.705191464539548e-12,-4.661110240803274e-12,-9.524400800868547e-12,-4.25824384754181e-12,6.236800350568564e-11,-3.415061725297775e-11,-1.13808169183392e-11,-6.915695367032824e-12,-3.192686773699745e-12,-7.494330644161191e-12
L16treat_p1,6.2721040866011316e-12,-2.6692950142841404e-12,-2.902023675433669e-12,-6.499824287771518e-12,-1.4239418509952658e-11,8.414046015542545e-12,5.156654713273491e-12,2.6781273461070826e-12,-1.091800673475021e-12,9.363055588565143e-12,-1.2150870201678396e-11,-1.3966760367813177e-11,2.6434106111837395e-11,-1.10540657645121e-11,7.653669802348882e-12,-7.012017898774601e-13,3.387501475955356e-12,3.053283419650713e-12,1.4130814659650457e-11,-6.263011105008135e-12,-7.795923237140583e-12,2.20672890843742e-11,-1.1835054451797838e-11,3.090223161386274e-11,5.148952898807052e-12,-1.2350442030442138e-12,3.6699349834628565e-12,4.275608249634823e-12,-4.257103518342764e-13,6.165873586928067e-12,1.7963111583081605e-11,-1.4921264864308106e-14,2.8082355495326663e-11,-5.098801537349989e-12,-2.5850156800876214e-12,1.0032372654100815e-12,1.3582431012380206e-12,3.2772768611415297e-12,-6.678650853351794e-12,-7.36912184792411e-12,-3.589091240415904e-13,3.082056661655157e-11,5.764788471018387e-13,8.562330281514908e-12,-1.064856044998246e-12,-6.54564913692498e-12,-3.105804381724236e-12,-4.991845172668377e-12,2.5071360236983403e-12,-7.049423576952399e-12,2.073362043566736e-12,-2.0891162893789296e-12,9.574550663079936e-13,-1.0925752543233748e-12,-4.514604091326043e-12,-5.791409342695137e-12,8.754152421603628e-13,7.579727144957422e-12,4.895590234302984e-12,7.686155372136302e-12,-3.268723912473807e-12,2.4995917612074407e-12,1.6906460224122919e-12,4.348123371248667e-12,6.057415346876503e-12,2.9964050576479364e-12,-2.5782011899867847e-11,7.522154296057514e-13,-7.724402394220775e-12,1.956976990078192e-12,-4.840292009922936e-13,-1.1040833071608852e-12
L16treat_p2,-3.8751125546580026e-12,-1.4733012189273605e-12,-3.6792200410969885e-13,-1.9853907213911846e-12,5.767114651044681e-12,-2.8874057241829496e-13,-1.4357730600107912e-12,-3.327024237028589e-13,9.822528429109014e-13,-3.7860287437130015e-12,2.418250149208721e-12,4.550352278000773e-12,-9.341156617840619e-12,4.553674602318443e-12,1.532020068147568e-12,9.704253530012391e-13,-9.246747341438434e-13,1.213655421088913e-12,-5.1697749087284285e-12,2.2296688017768727e-12,9.869678734368116e-13,-9.715306908963273e-12,7.681433683843398e-12,-4.943173803944199e-12,2.8153676172931827e-13,1.3732030458358288e-12,2.1225116949877845e-12,-3.908608538578894e-12,6.849142798741177e-13,-8.537255970917944e-13,-5.7867172208118224e-12,2.391395254060635e-12,-4.91511355781941e-13,4.446976809194739e-12,2.7364796820113803e-12,2.793058705269173e-12,-1.7848888590171379e-12,-2.2268891233522618e-12,1.3357833200950343e-12,-1.7013973173712344e-12,3.1224475443929547e-12,5.764788471018769e-13,4.905807235082524e-12,-4.3648059099466387e-13,2.7244880407133555e-12,7.492178223519578e-14,-2.1475260948965557e-12,9.035557589525881e-13,1.7476998949758314e-12,-6.464887621902303e-13,1.1215183057486097e-12,-1.6147253576229664e-13,-5.689105025441007e-13,1.161371038946429e-12,-2.4001110413706383e-12,1.0871231881229285e-12,2.821217592620903e-12,1.343690765641527e-12,-2.027170626379794e-12,6.416032374830361e-13,1.4636326816163633e-12,-1.4744417171872287e-12,1.4774817409414242e-12,-7.496375926658276e-13,-2.4854256288081797e-12,-2.245800687930815e-12,9.716492014456547e-12,-2.635152172508787e-12,-2.9662503093253955e-12,-2.1018560261485046e-12,-6.807024797222774e-13,-1.4091336533206897e-12
L16treat_p3,5.104547446445135e-13,-1.400109037996304e-12,8.236226113939701e-13,2.0394547401629356e-12,-6.464456510153326e-12,1.5809256782361227e-13,1.7397526151071637e-12,3.8496813549689105e-12,-2.1692761567203522e-13,3.0404780986716914e-12,-4.90213433071053e-12,-5.378071968713289e-12,1.9781422083541964e-11,-5.786621300013666e-12,-1.5314374997508922e-13,-1.657570061347073e-12,3.302471647565819e-12,-2.1822100325852315e-13,2.7520253269587593e-12,-4.075274559627e-12,-2.1582420097004515e-12,1.8115317546483188e-11,-8.508772727728584e-12,1.1823685346542436e-11,6.244723193333699e-13,2.0637998814619904e-12,-7.1627262435173e-13,1.4390871390183274e-12,-2.253502722983479e-12,1.6234560956993174e-12,1.6416556223129426e-11,-1.0228266059510157e-12,8.773744085231033e-12,-4.867216781985756e-12,3.0820273466498036e-14,-3.5757118394356093e-13,7.008880606545763e-13,-1.7259030222816798e-12,-2.372383602028782e-12,5.628640961599832e-12,-1.0962685979364327e-12,8.562330281514822e-12,-4.364805909946834e-13,7.830634489040219e-12,-1.1336900319751078e-12,-2.8508560049418096e-12,-8.199354455964315e-13,-3.434974975532615e-12,4.793142510599532e-12,6.386237949846332e-13,-1.9277518774963935e-12,-6.683255653594918e-13,1.315804934290905e-12,-1.0811462091191526e-12,-2.4688038528887594e-12,-3.1563029788733054e-12,5.0881079729669664e-12,1.0074340725548582e-12,1.788638559686117e-12,7.418492859292659e-14,-3.648868347828363e-12,3.9576413268603426e-12,-3.7052013599658626e-13,1.7754656508819371e-12,5.135212538261195e-12,1.0683365684618072e-12,-1.984666226167603e-11,1.9076646243178545e-12,1.1025830208389573e-12,2.1322048208298894e-12,-1.989607722743987e-12,4.1741024914952023e-13
L16treat_p4,-1.6532728829937702e-12,-3.3726324325591473e-12,-2.4432908185553384e-12,-1.6256042934892828e-11,1.0381189127223826e-11,1.6209151527496182e-12,-2.3643706715802632e-12,-5.02534671935384e-13,3.1269668805659305e-12,-1.142960609983052e-12,2.138623662548565e-12,8.573715035648308e-12,-2.83989587202022e-11,8.972948451732997e-12,5.468276163055374e-12,4.2055158594020673e-13,-1.7820016504407609e-12,5.2142552522300964e-12,-9.312850853672842e-13,2.7217792571363187e-12,2.6818095342996067e-12,-3.1815061611796835e-11,1.570346221383475e-11,-7.627236102444843e-12,8.603355394082938e-13,4.084035111400409e-13,6.208558131964374e-12,-1.92446118302098e-12,2.746475169442149e-12,2.588856680612077e-12,-2.9685992745212006e-11,1.2342204694192143e-11,1.3759594896098149e-12,6.483447591416961e-12,4.079684122940758e-12,8.055850436361772e-12,-2.146531396978448e-12,1.8112772689976866e-12,3.581444942787104e-12,-1.7685148711465473e-11,1.1509428845426899e-11,-1.0648560449981385e-12,2.7244880407133623e-12,-1.1336900319751026e-12,8.339280928811924e-12,-8.288908598659258e-13,-3.7403201771687986e-12,2.6797883563762673e-12,-4.454663972280287e-12,-4.992590429652428e-12,3.520931859754729e-12,2.4348925855601914e-12,6.107409580565278e-13,2.4848565329689033e-12,-2.3000627182623447e-12,1.368402888850273e-12,1.380897464529804e-12,-4.653548412583902e-12,-4.296872925698479e-12,9.016749832537125e-13,3.786374934955446e-12,-1.113608593722801e-12,3.3664238635307974e-12,-1.3052747413817596e-13,-6.237534425051259e-12,-2.4859286319794565e-12,3.2463999412042695e-11,-1.0345262166675785e-11,-6.53479080802188e-12,-4.468503355940009e-12,-1.7880152760423665e-12,-5.253073534351994e-12
F12treat_m4,1.9626363181620262e-13,1.3023625047347596e-12,-2.421043640315947e-13,2.791945438855446e-12,2.8214574020836067e-12,-3.1584620180926487e-12,-4.589272856421889e-13,-5.662910613647694e-13,4.0300238822303635e-13,-6.813939551881076e-13,2.337162836250666e-12,1.6530262794877413e-12,-6.719838829634736e-12,3.856211171686951e-12,-1.6035049064758207e-12,7.968982132021768e-13,-5.305757335355387e-13,-6.889596348876951e-13,-3.626508195009715e-13,1.6138867934688594e-12,3.133911767780215e-13,-7.823516113686507e-12,7.606496564402553e-12,-7.736795097251891e-12,-6.157358580448056e-13,-2.312343728547081e-14,-1.3130883864369785e-12,1.879926588516234e-12,1.1562846284876607e-12,-3.4435201203543428e-12,-6.5309302337025964e-12,2.236831708345261e-12,-8.247827930058684e-12,4.927008070910771e-13,-1.7896904121361676e-12,-4.995245239528163e-13,2.2996631531702623e-12,1.5853460718139733e-13,8.482827980694761e-13,4.298979808494007e-12,-6.124934873849223e-13,-6.545649136924894e-12,7.492178223521037e-14,-2.850856004941794e-12,-8.288908598659335e-13,5.13797878491877e-12,2.004490775022555e-12,2.5023665916278268e-12,-2.209159690606346e-12,2.306350558517364e-12,-7.034375234815727e-13,2.580894699716527e-13,-8.171779051398432e-13,7.819257874582399e-13,2.7041088181098125e-12,1.9849675119853777e-12,-8.282250610305138e-13,-1.191242295838637e-12,-1.1640280731769716e-12,-2.821767715741674e-12,8.792425671052753e-13,-1.1255423903144114e-12,2.1963246940396372e-14,-3.7967094182916795e-12,-1.7659670552554624e-12,1.3940916117703763e-13,7.908008437685152e-12,2.044816091482955e-13,1.5367872108116282e-12,-8.348563066543885e-13,4.3307414747704543e-13,-1.7250971990173708e-13
F12treat_m3,6.568373018388101e-13,3.5377364581932924e-12,1.3921692146290567e-12,7.838255633026094e-12,-3.0737910960288244e-12,-6.417457975922225e-13,9.060795123806676e-13,9.31171718149635e-13,-4.4520361456631916e-13,4.706739935919276e-13,1.3704411955779472e-12,-2.9145244073694047e-12,8.748950839556068e-12,-3.934870443235509e-12,-3.6011631400030406e-12,-1.5366132000717908e-13,1.7439449651252883e-12,-2.2863951251097275e-12,7.924551152394079e-13,9.279036394987228e-13,-5.182974422771656e-13,9.663870859364352e-12,-5.692351405857664e-12,4.804129988551339e-13,-1.409401357686215e-12,9.536397046540919e-14,-3.4277813184178913e-12,2.7842194527373928e-12,3.5874479356199487e-13,-1.8336770321316413e-12,9.003361256351241e-12,-4.523444637183412e-12,-4.032489462029522e-12,-3.5294520682143063e-12,-2.0853050501775446e-12,-4.172943080844796e-12,2.510731495521065e-12,1.0222495122740815e-12,-4.937348457573904e-13,7.464015682378732e-12,-3.4701783211729704e-12,-3.1058043817241702e-12,-2.147526094896547e-12,-8.199354455964091e-13,-3.7403201771688244e-12,2.0044907750225872e-12,5.3363349417763175e-12,1.6902390822450576e-12,-1.5720348403387305e-12,3.951648099052156e-12,-1.7234587640166822e-12,-5.706237077955048e-13,-3.0878519793993624e-14,-7.450768287832485e-13,2.6117138216265953e-12,1.2448493683966518e-12,-1.892107181305576e-12,-8.622383955034756e-13,3.5656044497531155e-12,-2.931232171781581e-13,-1.6196480662311433e-12,7.356998529733215e-13,-1.2793331684321663e-12,-8.499994594109998e-13,9.659935070148418e-13,1.2196090941786078e-12,-1.0848168435435394e-11,3.4544016983139087e-12,3.6268368818299925e-12,1.6555760355246025e-12,4.152485326661745e-13,2.133220605478776e-12
F12treat_m2,-1.7025817465523908e-12,1.5883781583314371e-12,-6.567409051795965e-13,-7.810706818996873e-12,1.2318459809026334e-11,3.952850435150619e-13,-4.065444447969556e-12,-1.8770670946223665e-12,1.9589822806575865e-12,-3.3581899708721517e-12,5.450101157857368e-12,6.5713922934631265e-12,-2.1828433530031953e-11,8.262152263769824e-12,1.1334079283861328e-12,3.723942682037578e-13,-1.006738998964835e-12,1.913298068808381e-12,-3.462057138096153e-12,6.169976344148306e-12,3.397698050171163e-12,-2.474462295160252e-11,1.4205897128508105e-11,-7.038848273291778e-12,-2.201019253794725e-12,1.5963554784519372e-13,1.02279545033126e-12,-1.5151984370581877e-13,3.863975428136288e-12,-4.3982405720711684e-13,-2.382548230576133e-11,1.1398644458076175e-11,-4.662886713027914e-12,2.4259627647329885e-12,1.7920238387598957e-12,2.8388584667873428e-12,-1.887648618741881e-13,1.5686948926125854e-13,4.157825365816006e-12,-1.0757754021001997e-11,8.38675604012154e-12,-4.991845172668356e-12,9.035557589525878e-13,-3.4349749755325964e-12,2.6797883563762487e-12,2.502366591627813e-12,1.6902390822450138e-12,9.005290444215302e-12,-9.254329123682171e-12,1.9170381945135116e-12,1.0989234246136106e-12,3.7165671359606664e-13,-9.92093136421382e-13,2.0698526810246993e-12,1.2033246168691327e-12,4.482556988227998e-12,1.7827183319328808e-12,-5.400698659197144e-12,-1.9549176946421696e-12,5.363862071403959e-13,1.4932213801290466e-12,-2.0490324685648883e-12,1.2624165136904064e-12,-3.2922609663145415e-12,-6.635040471256887e-12,-4.196983429633068e-12,2.683651326400605e-11,-7.557766842870221e-12,-3.3943696361403174e-12,-2.2121916390218187e-12,-4.4847631686140784e-13,-2.0823765170857393e-12
F12treat_m1,-2.2669734509263324e-12,-1.1881726786827695e-12,5.304399919158935e-13,2.1460816201887783e-11,-8.860520089932146e-12,-3.347031438652331e-12,3.712990995697302e-12,3.0258165944914123e-12,-2.5631303796765484e-12,2.0790016251231393e-12,-4.308809096922759e-12,-9.480389526588247e-12,3.17745718640363e-11,-1.0747087226013755e-11,-5.3269435478986785e-12,-1.3212513369975563e-12,1.1269187181859572e-12,-4.71211447708537e-12,-2.2300579810395735e-12,-5.359474734104256e-12,-3.0919623211338344e-12,4.1767232121155535e-11,-1.325015980698134e-11,2.595523094392944e-12,8.661455109065155e-13,1.7897010738786686e-12,-3.057643597819693e-12,-7.462747730880133e-13,-3.4155050293316716e-12,-2.243137250389906e-12,4.120860818476978e-11,-2.2999267737312866e-11,-7.324212012883847e-13,-3.892136771156518e-12,5.410124240656588e-13,-5.1515915277326186e-12,1.4010280566293084e-12,-1.634030417359979e-12,-4.269467684515651e-12,2.410850672968967e-11,-1.4341277221942219e-11,2.5071360236978823e-12,1.7476998949756327e-12,4.793142510599464e-12,-4.454663972280343e-12,-2.2091596906063723e-12,-1.5720348403391291e-12,-9.254329123682165e-12,2.6924697347418384e-11,2.1763350386605986e-12,-5.069619115336091e-12,-1.9419024169274885e-12,9.246618255265354e-14,-2.5446338382235815e-12,-1.957644463654395e-12,-3.897628453256704e-12,3.571101303739602e-12,1.503912783333166e-11,1.2858877760392438e-12,-4.393703648191406e-12,-2.898936948260483e-12,1.1541963348928523e-12,-2.2828845263167e-12,1.888210930652541e-12,7.535717861919765e-12,2.9330853849640316e-12,-4.3724251330502014e-11,1.042877571417808e-11,8.037278601250555e-12,3.2558991281464486e-12,2.1491018158745707e-13,3.841106500703213e-12
F12treat_p0,6.000664044568017e-13,6.4129417980250204e-12,-1.209355267807424e-12,1.332874724351927e-11,1.9360462657568805e-11,-4.621554720353118e-12,-2.750055035353478e-12,-1.1255073609690567e-12,-1.8956038682894673e-12,-9.815790271417518e-14,2.3747651224115402e-12,-6.981350621196038e-12,1.5143410615454093e-11,6.990937598079724e-12,-9.582518488144837e-12,-2.182928743469132e-12,-1.2390813780194366e-12,-7.32512995449873e-12,-5.263966646258776e-12,1.9008184205576135e-12,-3.920832370257695e-12,1.0190795930034745e-11,2.097691511596732e-11,-1.3781195199230515e-12,-7.194139590131927e-12,2.4835352284278916e-12,-5.006333704610781e-12,5.468348197989206e-12,8.421019230033635e-13,-9.26500698552557e-12,1.0308072582570136e-11,1.6206603816227955e-11,-8.888367937109435e-12,-7.807073082286359e-12,2.8404102558837437e-13,-8.007418735373887e-12,4.87536882670632e-12,-6.366720962825338e-12,-2.7808376099091515e-12,3.798181127564215e-12,1.0928544699549931e-11,-7.0494235769523766e-12,-6.464887621902234e-13,6.386237949845884e-13,-4.992590429652395e-12,2.3063505585174267e-12,3.951648099052103e-12,1.9170381945134542e-12,2.1763350386603255e-12,3.0580744842163945e-11,-7.876932054304537e-12,-1.1527452057847428e-12,-1.3786818393076578e-12,-3.8711339609190573e-13,3.4408908593061276e-12,1.3374201708177535e-12,1.4319175699019948e-12,4.157674853121883e-12,9.93639819801051e-12,-7.287762701373969e-12,-6.348242380961327e-12,-1.1394020509473251e-12,-2.132580172811118e-12,-6.700068381484593e-12,2.4389267349925564e-12,-1.3029379627632673e-12,-7.616162475327774e-12,-1.23314050903864e-11,7.315542923954638e-12,1.9761911891575703e-12,3.447450744983894e-14,3.428769643305602e-12
F12treat_p1,3.0288381747628867e-13,-2.061182389646861e-12,-7.637093730027868e-14,-1.0043680912102486e-11,-5.217938344603516e-14,2.326059772299829e-12,-4.1495597428284645e-13,-1.3186567917535357e-12,1.01189520982915e-12,-2.346933349110616e-13,7.907030084306158e-13,5.207254952668255e-12,-1.5328872190965684e-11,3.877589752847944e-12,4.2189100027615815e-12,1.0409848417741301e-12,-1.2088499763995878e-12,3.393293052707287e-12,1.6724957289295132e-12,8.259469151902596e-13,1.5868618663282396e-12,-1.65009363051919e-11,3.1105568447372914e-12,-2.2046783857949587e-12,2.2854446435360042e-12,-7.942565483476174e-13,3.4765027726371117e-12,-1.977281692212798e-12,7.054705275700545e-13,3.041543840510421e-12,-1.58067871268212e-11,3.8619713476696625e-12,3.4207884144085806e-12,4.924395337859081e-12,9.400663046133522e-13,4.712673667052336e-12,-2.0082963216531777e-12,1.4553725604699826e-12,1.886187723060972e-12,-9.524476965558824e-12,2.883611646913372e-12,2.073362043566673e-12,1.121518305748601e-12,-1.9277518774963346e-12,3.5209318597546658e-12,-7.034375234816561e-13,-1.7234587640167913e-12,1.0989234246136916e-12,-5.069619115335958e-12,-7.876932054304652e-12,5.710619595095503e-12,1.2527851387478898e-12,4.3941692471384165e-13,1.1549916627653637e-12,-1.0796526921291883e-12,8.319726941246783e-13,-1.9999388403316915e-12,-1.0784326649321376e-12,-2.723602355841216e-12,3.4529458776820748e-12,3.0884748357623347e-12,-7.850273506935189e-13,1.6934850372944132e-12,1.1620868888544547e-12,-3.3382788961026803e-12,-1.4886839844135205e-12,1.6864545818213277e-11,-1.3786329426574027e-12,-5.65331292716579e-12,-2.455456097538373e-12,-1.7675850217952553e-13,-2.422053349465028e-12
F12treat_p2,8.386957563552904e-13,-1.2495232022921774e-12,-1.2766973960361238e-12,-5.640714563179488e-12,3.619413222119549e-12,7.394325652097155e-13,-5.639772802630948e-13,1.2577510838015226e-13,9.946981497613452e-13,1.3052439156437438e-12,8.753175867747453e-13,2.5592407961117555e-12,-9.157411021153132e-12,3.1269609417768154e-12,1.2466799118671178e-12,4.2277272953244946e-13,-6.26760724592423e-13,9.92256303714413e-13,1.394852492664909e-12,-1.0243201905132175e-13,9.344799690572813e-13,-9.262593350646393e-12,4.560935523728925e-12,-3.5254302913664583e-12,2.3155847081535745e-13,-5.625885072769039e-14,1.1052289328593644e-12,1.2430875350202629e-12,7.090003079326529e-13,9.439461006144613e-13,-9.631846433693683e-12,4.124626265573561e-12,-6.040565843864656e-13,2.200401946470122e-12,4.865883530238519e-13,1.9966009504032214e-12,1.7040679912822017e-13,9.707639769268567e-13,1.0401731322411316e-12,-4.6880430665927415e-12,3.484614643624383e-12,-2.0891162893789946e-12,-1.6147253576230782e-13,-6.683255653594952e-13,2.4348925855601934e-12,2.58089469971646e-13,-5.70623707795472e-13,3.7165671359605013e-13,-1.941902416927536e-12,-1.15274520578482e-12,1.252785138747817e-12,2.2842716631286093e-12,9.118632524134297e-13,4.0226147323569897e-13,5.11626905733337e-13,2.2679882647916734e-13,-8.689690443441472e-13,-2.6936152938189305e-12,-6.474168574274096e-13,-2.2231815955817159e-13,1.6042452145552324e-12,-8.89451487359239e-14,7.119028887386449e-13,-3.441581768734192e-13,-1.6880676186819167e-12,-2.7438541751103484e-13,9.942150990459702e-12,-3.3644000723443836e-12,-1.152823732104585e-12,-1.6559122456303603e-12,-6.172524910491665e-13,-1.6197636294723521e-12
F12treat_p3,6.4045801127887e-13,-5.914424006902103e-13,-1.7115005299214395e-13,-2.1377572049995555e-12,-1.901379314998712e-12,1.1180583758074511e-12,6.269697130712674e-13,1.301339462943066e-12,5.809004439000035e-13,1.6757788373056056e-12,-7.442062639975779e-13,-1.1520890167556494e-13,9.392733872945266e-13,-7.01816554893334e-13,8.803526597486339e-13,1.2256640213287942e-13,9.052095735885475e-13,5.13931678584486e-13,2.1729608398843697e-12,-9.345977375726426e-13,2.950293416645796e-13,1.7590402642250896e-13,-2.024987178767007e-12,1.0766164886935977e-12,6.414807257915235e-13,3.2608354152222135e-13,4.5107087755218375e-13,1.3767127695011382e-12,2.234306774342633e-14,1.1245471573622246e-12,-1.3550462656085945e-13,7.325012126072313e-13,2.1339031193007763e-12,-3.812573769559161e-13,-2.5657014529602664e-14,5.848237606400367e-13,8.345415191360282e-13,7.305523851243274e-13,-3.818485585190319e-13,-1.04234821295249e-12,1.0775858992361561e-14,9.574550663080334e-13,-5.689105025440966e-13,1.3158049342909198e-12,6.107409580565278e-13,-8.17177905139849e-13,-3.087851979396398e-14,-9.920931364213773e-13,9.24661825526927e-14,-1.3786818393076406e-12,4.394169247138346e-13,9.118632524134377e-13,1.3897216838756393e-12,-2.9471559208009684e-13,-5.531578915611033e-13,-8.674379589573592e-13,-1.0849989553821976e-13,-5.121446613030428e-13,1.4497874080752702e-13,3.1265936669605343e-13,1.7597505840821988e-13,1.2539272370927207e-12,3.068889379392333e-13,6.422753083285107e-13,4.796562958957451e-13,5.223953886360927e-13,-1.1409905858165323e-12,1.1248212907015391e-13,-4.6139728820664e-13,-3.373536671156546e-13,-1.0423349651383789e-12,-5.631456694908033e-13
F12treat_p4,-6.360631832853644e-13,-3.630687177373827e-13,-1.7403796200253936e-12,-3.848232900597785e-12,5.793302608446776e-12,-8.002516794132422e-14,-1.689194346343418e-12,-8.827773526953596e-13,1.1367017853615002e-12,-8.367996503775903e-13,1.7153001526503397e-12,1.9161117009524247e-12,-1.00281647943701e-11,3.741801074300295e-12,9.39678784485365e-13,-1.3701885445227155e-13,-9.545542188128845e-13,1.7383350049166042e-12,-1.3479015822252074e-12,2.0999686867490553e-12,-1.2446339657760375e-13,-1.1645561177418682e-11,8.684319313515995e-12,-3.75417223101933e-12,-6.318345843994964e-13,1.8814664560198138e-13,1.6851215254161371e-12,-1.7882284092705993e-13,1.667269368899872e-12,-1.0545767231449837e-12,-1.12365716158455e-11,5.393409222019618e-12,-1.0988430670582809e-12,1.5630386258928128e-12,1.3918899817387099e-12,2.601163700690914e-12,-3.4280203613976326e-13,-1.3719828426670329e-13,5.420556392620028e-13,-5.488931271572795e-12,4.099706442557097e-12,-1.0925752543233522e-12,1.1613710389464329e-12,-1.08114620911915e-12,2.4848565329689094e-12,7.819257874582511e-13,-7.450768287832384e-13,2.0698526810247107e-12,-2.5446338382235783e-12,-3.871133960919268e-13,1.1549916627653865e-12,4.0226147323570023e-13,-2.947155920800972e-13,1.8200522303593777e-12,-1.2234819414765054e-13,1.2246359867444873e-12,-1.1225864726092125e-13,-7.371529744659139e-13,-2.015400691941975e-12,-2.971713879996693e-13,8.616736577764045e-13,-8.72345973658497e-13,1.5167042382382258e-12,-1.5323379589131142e-12,-2.836023540104921e-12,-1.012577368630942e-12,1.323857504632988e-11,-3.654317132791077e-12,-2.1828178191137894e-12,-1.4721891499244137e-12,-4.2115079541388726e-13,-1.8720546160384898e-12
F8treat_m4,2.5192415004273936e-12,1.9600170833561966e-12,-1.110437651059513e-12,3.340210050865052e-12,1.878397777108028e-12,-9.056653487016309e-13,6.559773097774133e-14,-1.5065324436167828e-12,-9.72145103454535e-13,1.196322882276559e-12,9.635774078214478e-13,-3.2542502512439002e-12,8.899131264220706e-13,1.2511345142872404e-13,-3.046215949569337e-12,-1.299826373238591e-13,-1.010118799867752e-12,-1.7618170181460874e-12,1.036876172885155e-12,1.907000315173204e-13,-1.6767443901143856e-12,3.344256616646714e-12,1.038464233007955e-12,-1.959308632701806e-12,-1.0968258180642088e-12,-1.28889904171217e-12,-2.5230542300447616e-12,2.854696077057083e-12,2.8100547325165367e-14,-3.0536884707115435e-12,4.720093971563765e-13,-9.964370995245067e-13,-5.0901488356901395e-12,-1.6663936333172132e-12,-2.1296318943156273e-12,-2.7882580395440034e-12,1.4087910222381432e-12,8.771750682839767e-13,-1.0279036981316462e-12,3.339338788869585e-12,-1.6810390590111512e-12,-4.5146040913258344e-12,-2.400111041370682e-12,-2.468803852888704e-12,-2.3000627182623826e-12,2.704108818109742e-12,2.6117138216266074e-12,1.203324616869098e-12,-1.9576444636542896e-12,3.440890859306009e-12,-1.0796526921290373e-12,5.116269057333165e-13,-5.531578915610907e-13,-1.2234819414769005e-13,4.15035867553395e-12,9.46688195233226e-13,-3.690847579266755e-12,-1.390561858175987e-12,8.257168937830549e-13,-2.142130741847345e-12,-2.4711593912347846e-13,-8.476711590114761e-13,-9.504063402055102e-13,-1.816633131498052e-12,2.3472572485800413e-13,1.3648172586986902e-12,-8.596163080923241e-13,7.144495622938621e-13,2.894692855112202e-12,8.533515308649901e-13,1.6150538680778328e-12,1.2204711545951775e-12
F8treat_m3,-1.8666680362472635e-12,1.4734751125871804e-12,1.804802050696924e-13,-8.938562035089719e-13,7.193973659957582e-12,-1.5423307923225195e-12,-2.6691602286067834e-12,-1.4595296252244603e-12,9.056790067792595e-13,-3.0267695861897683e-12,3.9770542692617014e-12,4.9749722191747714e-12,-1.3922802690379207e-11,5.710906337490391e-12,-5.193213432766602e-13,5.381916585857491e-13,-9.823809900416147e-13,7.863405068727033e-13,-3.289578681199418e-12,3.883021139333001e-12,2.498444636566544e-12,-1.441686751516592e-11,9.026184364576205e-12,-8.297646209870378e-12,-1.4541763797868337e-12,4.3256945911279504e-13,3.1665929089696115e-13,-6.855334525964249e-13,1.6709737161732335e-12,-1.3357276648061396e-12,-1.2478634915391972e-11,4.275936174908376e-12,-6.299316243769933e-12,2.5745628723658756e-12,1.5310364974946817e-12,1.5746109365242654e-12,-6.555661139387268e-14,-6.836205645398865e-13,2.9250653329456485e-12,-3.352776048881719e-12,3.2976036930754737e-12,-5.791409342694883e-12,1.0871231881229425e-12,-3.156302978873245e-12,1.3684028888502356e-12,1.9849675119854015e-12,1.2448493683965965e-12,4.482556988227994e-12,-3.897628453256681e-12,1.337420170817832e-12,8.319726941248104e-13,2.2679882647914768e-13,-8.674379589573703e-13,1.2246359867444836e-12,9.466881952332413e-13,3.7709878187264145e-12,3.2274676876564193e-13,-8.883566667692085e-13,-1.6930772895309212e-12,3.4511949403423396e-14,1.3613341285731448e-12,-1.9530774393679763e-12,2.185447011770167e-13,-2.445841923012581e-12,-4.416817133104266e-12,-2.6301070921886854e-12,1.5694446030108192e-11,-3.1233898700352725e-12,-1.0591635659061625e-12,-1.5887480802579414e-12,-5.3748324233874814e-14,-7.600790401220468e-13
F8treat_m2,-5.193094022447028e-12,-2.061390574669736e-12,3.4170955175927187e-12,4.059393665880702e-13,2.584857007284245e-12,-1.944724733257479e-12,-1.283234760924747e-12,2.5228625046155663e-12,1.0022355620794221e-12,-4.0741992846010354e-12,7.21918279678054e-13,5.896260488754816e-12,2.6445935018139697e-12,2.7007414313323625e-12,1.0987222449541717e-12,-2.586100145264398e-13,2.142640125748268e-12,2.8110383546113926e-13,-5.3101561185219934e-12,5.300784694107248e-13,3.642452593489525e-12,4.815160370576016e-13,-1.2096798123396884e-12,1.6277764667675283e-12,-1.3661668515102028e-12,2.7829831880512296e-12,-5.789480573964257e-13,-3.0440364997707627e-12,-1.2266837816543184e-12,1.0548020731722508e-12,4.49114999514464e-12,4.554005069084912e-12,6.639020486418398e-13,9.20385849313544e-13,2.9240477080511793e-12,1.936378425246342e-12,-2.2749028754743216e-13,-5.3131090671547376e-12,2.417107758372494e-12,5.050532534843584e-12,3.24618340527798e-12,8.75415242160241e-13,2.821217592620882e-12,5.088107972966958e-12,1.3808974645297825e-12,-8.282250610305337e-13,-1.8921071813056504e-12,1.7827183319328402e-12,3.5711013037396673e-12,1.4319175699020738e-12,-1.999938840331781e-12,-8.689690443441012e-13,-1.084998955382384e-13,-1.1225864726092476e-13,-3.690847579266721e-12,3.227467687656569e-13,1.366122418013738e-11,-2.0829487260656063e-12,-7.149273468937467e-13,-7.862647202117363e-14,-2.0794135707775144e-12,1.606055386417106e-12,7.73295438337496e-14,-1.0528127879929546e-12,8.30300357935726e-13,-3.1524397904541303e-12,-2.321490204583503e-12,-1.974529537241227e-12,-1.608154548464944e-13,3.945240676754173e-13,-2.4301743693798502e-12,-4.0384587031869197e-13
F8treat_m1,2.5761369701364905e-12,2.0808334552840153e-12,-1.735626043991736e-12,1.556662223752639e-11,-5.3187986610497585e-12,-1.9915255572082202e-12,1.5821765422034714e-12,-3.2340876949423917e-13,-2.63004497274706e-12,4.7034411828145795e-12,-5.486756450360556e-12,-1.0965733407433964e-11,2.302883062995897e-11,-2.8231214186641913e-12,-2.717255656271811e-12,-1.448353522315636e-13,-3.4725627850080045e-14,-2.0779077821428333e-12,4.843502503216798e-12,-2.802085482566316e-12,-4.4602323219765426e-12,2.3556494312531892e-11,2.1214299472369515e-12,3.782360609873371e-12,1.1561849787623154e-12,3.4871758989248974e-13,-5.662149994262068e-13,4.457808608790202e-12,-4.144459450103024e-13,-2.74868805297085e-12,2.384026905452983e-11,-8.27038299480108e-12,2.4576299725354258e-12,-3.702493102694765e-12,-8.045314698175145e-13,-2.8368144129252327e-12,4.797929579999724e-12,-1.944678514785205e-12,-4.8428780856713175e-12,8.458985663054652e-12,-8.790300792881953e-12,7.579727144956128e-12,1.3436907656413298e-12,1.0074340725547495e-12,-4.653548412583928e-12,-1.1912422958386765e-12,-8.622383955039373e-13,-5.4006986591970915e-12,1.5039127833332404e-11,4.157674853121863e-12,-1.0784326649326752e-12,-2.6936152938187876e-12,-5.121446613031417e-13,-7.371529744659326e-13,-1.390561858176067e-12,-8.88356666769086e-13,-2.0829487260655474e-12,2.3694948388513888e-11,1.4372852728614888e-12,-1.1062267781857494e-12,-2.245005037386332e-12,-1.62825295924744e-12,-1.4978072148034285e-12,-2.2511489444864542e-12,3.2939080838808523e-12,4.1318275503722543e-13,-2.4382347579778473e-11,5.952463834596476e-12,1.5397719038087486e-12,1.1054935241569218e-12,4.004322201742609e-13,2.4479140741907477e-12
F8treat_p0,2.31195656501636e-12,2.9747555919851975e-12,9.448298877473343e-13,7.44695964800679e-12,-1.1793523065592724e-12,2.2457063369831495e-12,3.02493565739794e-12,1.7730794357352167e-12,-1.312628458535252e-12,3.6091211987214027e-12,-2.0524232855683658e-12,-6.010601424784613e-12,2.0531893186685552e-11,-4.754517742534065e-12,-1.8252984143568733e-12,-9.03181481385647e-14,1.908662667176625e-12,-4.182226353027786e-12,3.679531271577527e-12,-2.224534767143148e-12,-3.5494701698791154e-12,1.8463494296508934e-11,-4.5564035841800035e-12,1.0621528566444506e-11,-1.327299249240444e-12,3.7841924552554044e-13,-2.4531003957819936e-12,3.8262703491377945e-12,-1.1255246769266006e-13,-9.436876622039425e-13,1.8569162409687107e-11,2.450512878197786e-12,3.929619968853948e-12,-4.869766275984294e-12,-2.348816036081859e-12,-6.425945278546764e-12,3.5447277805349134e-12,2.7166553163422104e-13,-3.6283949202887533e-12,3.716969806310902e-12,3.1121169013664023e-12,4.895590234302604e-12,-2.027170626379867e-12,1.7886385596860734e-12,-4.296872925698498e-12,-1.1640280731771027e-12,3.565604449753168e-12,-1.954917694642227e-12,1.285887776039156e-12,9.936398198010523e-12,-2.723602355841342e-12,-6.474168574273358e-13,1.4497874080750733e-13,-2.0154006919419777e-12,8.257168937829699e-13,-1.6930772895309773e-12,-7.149273468938211e-13,1.4372852728618952e-12,1.1916027742895672e-11,1.3753041662714698e-12,-3.7326959333359515e-12,5.622884079811555e-13,-1.0020118004986685e-12,5.014346391892176e-13,4.77948023278308e-12,2.9138538574342954e-12,-2.1306549193335532e-11,-3.1435153638437707e-12,2.792179039617836e-12,2.4635095478635787e-12,4.553809383904987e-13,2.728871666875959e-12
F8treat_p1,-1.225627669006442e-13,-1.026937455472095e-12,1.509341407628469e-12,-4.959561622031317e-12,-6.0598760764026875e-12,4.5507292502434834e-12,8.799503885343152e-13,4.128928268255883e-13,4.772733603387162e-13,-1.754981836610824e-13,-8.872336656216241e-13,3.249610871085716e-12,-1.968647377086474e-12,-2.6957581991262763e-12,4.857929752634607e-12,1.2033441451286275e-12,1.0460786567948206e-12,2.149396289679942e-12,2.745931875760472e-12,-1.6703020614344346e-13,2.116740111711815e-12,-2.242992092537187e-12,-8.820525119131238e-12,6.634768744420929e-12,1.8349492007983383e-12,-5.56823045497701e-13,1.8993673509446224e-12,-1.7906800296514444e-12,-9.297202543915133e-14,5.460161347559783e-12,-1.14253758511369e-13,-2.45793696563546e-12,7.864167536473008e-12,2.5710065723688205e-12,2.5188981651795606e-13,1.4966757774260963e-12,-1.752497616419418e-12,1.5417614451275014e-12,1.7414590539401494e-12,-4.587779668733292e-12,-7.364150825095765e-13,7.686155372136184e-12,6.416032374830427e-13,7.418492859299338e-14,9.016749832536715e-13,-2.8217677157415854e-12,-2.9312321717813394e-13,5.363862071405471e-13,-4.3937036481911905e-12,-7.287762701373998e-12,3.4529458776820578e-12,-2.2231815955807493e-13,3.1265936669605045e-13,-2.971713879996843e-13,-2.142130741847303e-12,3.451194940334248e-14,-7.862647202098238e-14,-1.106226778184664e-12,1.3753041662716796e-12,7.018839204718788e-12,1.0788358668533778e-12,-2.0321665471358302e-14,5.335397327827877e-13,3.0948304458066215e-12,-9.927701303751595e-13,-8.432430800005752e-13,-6.443411742502348e-13,1.4609715804934053e-12,-4.688419078209889e-12,-1.9872099081793014e-13,1.1497989564680861e-14,-5.387301472006444e-13
F8treat_p2,-7.689897663857754e-13,-1.68532977614033e-12,-8.747760885280636e-13,-8.396076933600571e-12,2.6519290337840287e-12,7.422407973519022e-13,-8.401530230493792e-13,-1.29015448915964e-12,1.2734812567888658e-12,-1.32557180662715e-12,2.1989512604712438e-12,6.6149153188909464e-12,-2.0040750071862003e-11,4.90358683943296e-12,3.2916541422137226e-12,1.6089802468831296e-12,-1.6972599465921838e-12,2.641738399098476e-12,-3.2405706944207023e-13,1.746675279656073e-12,2.872962608360463e-12,-1.9754146712247536e-11,6.122582553494299e-12,-8.39256520344054e-12,1.716572331448695e-12,-8.834230742999217e-13,3.045102112173042e-12,-1.98352404125233e-12,1.6012418161291943e-12,1.9241761722868684e-12,-1.778352599222618e-11,1.6366668268155832e-12,-2.1742636687672734e-12,5.864349841612154e-12,9.755279465876764e-13,3.965638481293826e-12,-1.568718108221105e-12,2.311092275432744e-12,3.0155833231819663e-12,-7.986825365153303e-12,2.019918933976133e-12,-3.2687239124737985e-12,1.463632681616387e-12,-3.648868347828345e-12,3.786374934955465e-12,8.792425671052563e-13,-1.619648066231157e-12,1.4932213801290707e-12,-2.8989369482604093e-12,-6.348242380961382e-12,3.0884748357623254e-12,1.6042452145552625e-12,1.7597505840821988e-13,8.616736577764061e-13,-2.471159391234737e-13,1.3613341285731314e-12,-2.0794135707774724e-12,-2.2450050373861765e-12,-3.732695933335922e-12,1.0788358668533584e-12,4.510493436461795e-12,-1.6680571879133014e-12,1.3681827334431328e-12,1.8724654028252356e-13,-4.4305411232960355e-12,-1.275796875366328e-12,1.98207579698826e-11,-1.9899995328774267e-12,-3.4906547827164987e-12,-3.0900312185910165e-12,4.681994428200102e-14,-2.3328680155437855e-12
F8treat_p3,5.423722029851936e-13,-4.589829437133992e-13,1.2847558159832817e-12,8.474113481887164e-13,-7.441243223849452e-12,8.421054533462711e-14,1.4755334810687045e-12,2.822829904636808e-12,1.7879889239232335e-13,1.991210416210793e-12,-2.2740632390445513e-12,-2.704597822139078e-12,1.1456631615994627e-11,-5.153567639782486e-12,-5.5247593706759e-13,-1.1325376817662118e-12,2.42960599371079e-12,-3.7376094167041054e-13,2.206221978969667e-12,-2.5143043447895764e-12,-4.894876049919799e-13,1.0605389014303614e-11,-9.331042789976701e-12,5.529518473265867e-12,7.435714055473866e-13,9.610742884675803e-13,-1.1505647413957628e-12,1.0075071418573439e-12,-1.3596796129103267e-12,1.6057156351872396e-12,8.87986634994142e-12,-3.4601905018269535e-12,4.069742372991406e-12,-3.5238405765390806e-12,-1.1836166708871292e-12,-6.423371269636026e-13,5.232061352366088e-13,2.852051991894339e-13,-9.255549192993047e-13,4.491316468773417e-12,-3.2301659427264077e-12,2.499591761207407e-12,-1.4744417171872354e-12,3.95764132686037e-12,-1.1136085937227975e-12,-1.1255423903144102e-12,7.356998529733004e-13,-2.0490324685649044e-12,1.154196334892846e-12,-1.139402050947323e-12,-7.85027350693544e-13,-8.894514873591529e-14,1.253927237092722e-12,-8.723459736584928e-13,-8.476711590115035e-13,-1.953077439368039e-12,1.6060553864171086e-12,-1.6282529592473458e-12,5.622884079811362e-13,-2.032166547138075e-14,-1.6680571879133082e-12,3.619659028303606e-12,-4.661852766784728e-13,1.7456722661191776e-12,3.0913363918335483e-12,1.31143486072968e-12,-1.2678913626359651e-11,3.874759705887568e-12,1.5647319178936645e-12,1.3942883344997834e-12,-1.266983174899258e-12,4.1269791195556335e-13
F8treat_p4,-4.292678985829145e-13,-1.3785716685752601e-12,-2.3222882719579666e-12,-7.71458849826038e-12,4.90676372504277e-12,2.0938629421851322e-12,-4.2206642755877033e-13,-2.2118750958960502e-13,1.5929911281125555e-12,6.364743060205322e-14,7.25017508068634e-13,1.4735229569287076e-12,-1.100560657367305e-11,3.7974266609035976e-12,2.7892871629671774e-12,3.605797093677707e-13,-6.632139817501386e-13,2.3551022966995712e-12,2.2093286353222463e-13,1.2928319643116305e-12,-9.774396285189256e-13,-1.319934988766192e-11,7.615005540724495e-12,-1.5319083518798258e-12,5.663256352428973e-13,2.6849351964839246e-14,3.0811986750623902e-12,-9.2864058129106e-14,1.6916667639008016e-12,-8.078274917094971e-13,-1.2792997124397367e-11,7.458175264814591e-12,2.3098566361170967e-12,2.203928352432201e-12,1.2232638497100326e-12,3.1835699589114537e-12,1.1598884533349436e-13,8.821381085059944e-13,-6.238910748682956e-13,-8.29992780471569e-12,5.705191464539545e-12,1.6906460224123205e-12,1.4774817409414315e-12,-3.7052013599657914e-13,3.3664238635308047e-12,2.1963246940395908e-14,-1.2793331684321595e-12,1.2624165136904137e-12,-2.2828845263166824e-12,-2.132580172811112e-12,1.693485037294429e-12,7.119028887386513e-13,3.0688893793923534e-13,1.5167042382382284e-12,-9.504063402054906e-13,2.185447011770141e-13,7.732954383375392e-14,-1.4978072148034151e-12,-1.002011800498655e-12,5.335397327827997e-13,1.368182733443129e-12,-4.661852766784701e-13,2.7444500803789004e-12,-6.063249595844081e-13,-2.1441213521926154e-12,8.460825541516996e-14,1.3671548005665227e-11,-5.055064978468059e-12,-3.97670859386986e-12,-1.9484054214409883e-12,-8.35626041836337e-13,-2.580171165604926e-12
window_m4,-7.452368297414849e-13,-1.7379956946333839e-12,2.1326013908706564e-12,-1.526977310075411e-12,-9.432813184961526e-12,2.7648231876746144e-12,2.191516939621263e-12,1.2466013474533095e-12,-6.195425168344035e-13,-2.308442746288521e-13,-2.0939191039967464e-12,-6.372260255706282e-13,6.623505481663854e-12,-7.505709479510384e-12,1.0826547391320077e-12,-5.080625252741903e-13,8.596746805676595e-13,1.9460834314457098e-13,-9.43438415073836e-14,-2.5567217491460562e-12,4.2395960513238445e-13,1.0699162935046527e-11,-1.5889048481376516e-11,6.7846113227519695e-12,2.146881619593366e-12,-4.610165567044475e-13,4.862922296868421e-13,-4.206351910651359e-12,-2.5668943916138247e-12,4.406047604423098e-12,9.123717858976852e-12,-1.036477578448358e-11,6.2871313076011654e-12,7.59451988318617e-14,3.6251430413745505e-15,-4.744568563054908e-13,-4.038724028950071e-12,2.1263409302878544e-12,6.561248928136875e-14,1.5169256486283316e-12,-4.6611102408032955e-12,4.348123371248643e-12,-7.496375926658084e-13,1.7754656508819357e-12,-1.3052747413817028e-13,-3.7967094182915494e-12,-8.499994594109847e-13,-3.2922609663145225e-12,1.88821093065255e-12,-6.700068381484434e-12,1.1620868888544571e-12,-3.441581768734015e-13,6.422753083285211e-13,-1.532337958913108e-12,-1.816633131498007e-12,-2.4458419230125846e-12,-1.052812787992929e-12,-2.2511489444864017e-12,5.01434639189221e-13,3.094830445806819e-12,1.8724654028253908e-13,1.7456722661191982e-12,-6.063249595844122e-13,6.147062960658643e-12,2.712646610332621e-12,1.5479824130162706e-12,-1.2168251734425198e-11,5.103564848257937e-12,1.225577042282166e-13,1.463382183840251e-12,6.232232025907563e-13,9.380285853409683e-13
window_m3,1.6892541551796714e-12,3.7091676043033635e-13,1.639067562076555e-12,1.152176475956795e-11,-1.2754238138702896e-11,2.232357981974278e-13,4.409442130861761e-12,2.3044286319398463e-12,-2.739014063529264e-12,2.965941727335007e-12,-5.568836655137274e-12,-1.1182046012594691e-11,3.389796038575803e-11,-1.066658557646986e-11,-3.99403767809255e-12,-1.0986196898767268e-12,2.4176301516873347e-12,-4.361797510676698e-12,2.0778724792795475e-12,-6.301923697729747e-12,-5.726381512970236e-12,3.7651916261122555e-11,-2.008892573465233e-11,1.3728608281671859e-11,8.415515142870471e-13,9.074215249081964e-14,-4.609247882634703e-12,9.815778973142992e-13,-5.288476929081612e-12,-2.928009670189163e-12,3.329834599643294e-11,-1.0665099182780496e-11,5.4867727771697004e-12,-6.771881952373328e-12,-3.411020190281981e-12,-6.426082949921396e-12,1.2925010123083974e-12,-2.360326062039384e-12,-6.8484854789864215e-12,1.657261552132415e-11,-9.524400800868532e-12,6.057415346876232e-12,-2.4854256288081785e-12,5.135212538261171e-12,-6.237534425051221e-12,-1.7659670552554839e-12,9.65993507014916e-13,-6.635040471256877e-12,7.535717861919856e-12,2.4389267349925564e-12,-3.3382788961028572e-12,-1.688067618681884e-12,4.796562958957753e-13,-2.836023540104906e-12,2.347257248579725e-13,-4.416817133104336e-12,8.303003579358041e-13,3.2939080838811023e-12,4.779480232783131e-12,-9.927701303752534e-13,-4.43054112329602e-12,3.0913363918335402e-12,-2.144121352192606e-12,2.7126466103326424e-12,1.0087978280400595e-11,5.224500562911532e-12,-3.758731371497127e-11,9.21709729847389e-12,5.626180215061463e-12,4.702443246127665e-12,9.975956526903422e-13,4.2248557074190695e-12
window_m2,2.1339632071959266e-12,3.295395683761291e-13,-1.7093824178619266e-12,4.798495245117924e-12,-6.951933020191269e-12,1.7778946353443835e-12,3.9978592233717895e-12,1.632404632554583e-12,-7.371605411240709e-13,3.4913069442929726e-12,-3.214675676532273e-12,-8.915958733354885e-12,1.4982633447557442e-11,-6.817111355430227e-12,-1.4147846823312372e-12,-5.261897117155299e-13,1.0496256956581871e-12,-1.7567541252093758e-12,3.5915259686452066e-12,-3.272867692242002e-12,-6.332277317160105e-12,1.7028370032263053e-11,-9.649352054355451e-12,7.236436456642217e-12,1.273786485865448e-12,-9.588394684797168e-13,-1.6774065902571871e-12,2.292535319974995e-12,-1.792029271616803e-12,-4.063875109163056e-12,1.3118026755678867e-11,-5.222637893400061e-12,2.434768119639442e-12,-3.723620760428892e-12,-3.096380294415829e-12,-3.51601783041861e-12,2.0837187497927513e-12,1.907615374508623e-12,-6.484225301261381e-12,6.102360888732028e-12,-4.2582438475417655e-12,2.996405057647934e-12,-2.2458006879308322e-12,1.0683365684618206e-12,-2.485928631979442e-12,1.3940916117706083e-13,1.219609094178677e-12,-4.196983429632984e-12,2.9330853849639625e-12,-1.3029379627632395e-12,-1.4886839844134813e-12,-2.743854175110602e-13,5.223953886361126e-13,-1.0125773686309347e-12,1.3648172586986653e-12,-2.6301070921886794e-12,-3.1524397904540826e-12,4.131827550371927e-13,2.9138538574343217e-12,-8.432430800004719e-13,-1.2757968753663094e-12,1.311434860729697e-12,8.460825541517339e-14,1.5479824130162726e-12,5.224500562911573e-12,6.580526286982994e-12,-1.6308673509806084e-11,3.999170334890319e-12,2.3175487934757253e-12,1.873315201004216e-12,9.984158878173736e-13,1.3413032919943225e-12
window_m1,-5.2706972641056494e-12,-6.824654351410904e-12,-1.2233368202267587e-11,-7.555918868608116e-11,7.071132910855604e-11,1.6202253058924604e-12,-1.8699809962113132e-11,-1.2316243371005716e-11,1.236885128804434e-11,-1.1909609307212367e-11,2.045919816937539e-11,4.458377369550336e-11,-1.6232830811520357e-10,6.457157173568884e-11,1.8595482307530544e-11,3.723483976118135e-12,-1.4485285972698055e-11,2.0255070677655843e-11,-1.0147252292066156e-11,2.2822749771421546e-11,1.3355235416642514e-11,-1.8779756143283815e-10,1.0656716756929479e-10,-5.5397376828468805e-11,-1.0665326709865823e-12,-8.240996137587292e-13,2.38827800938487e-11,-6.764496845484962e-12,1.7049578330257702e-11,-1.7075634863948579e-13,-1.769827780838785e-10,8.467131524500982e-11,-1.6750895729899054e-11,3.060059064449554e-11,1.415067870097947e-11,3.31450455310598e-11,-6.746202072580706e-12,3.7815142623156285e-12,1.8696170763790247e-11,-9.256224079066305e-11,6.236800350568634e-11,-2.5782011899866464e-11,9.716492014456767e-12,-1.9846662261675995e-11,3.246399941204278e-11,7.908008437685175e-12,-1.0848168435435373e-11,2.683651326400612e-11,-4.3724251330502505e-11,-7.616162475328028e-12,1.68645458182139e-11,9.94215099045953e-12,-1.1409905858164636e-12,1.3238575046329918e-11,-8.596163080921354e-13,1.5694446030108118e-11,-2.3214902045834592e-12,-2.4382347579778163e-11,-2.1306549193335396e-11,-6.443411742493782e-13,1.9820757969882678e-11,-1.2678913626359655e-11,1.3671548005665271e-11,-1.2168251734425154e-11,-3.758731371497108e-11,-1.630867350980612e-11,1.9910292474668149e-10,-5.5986587845548675e-11,-3.0616023438677045e-11,-2.2543257770966856e-11,-4.383994864599643e-12,-2.167914678606364e-11
window_p0,-8.049356400292842e-13,1.0715714161686777e-12,7.148791028463098e-12,2.4079117619873296e-11,-3.408471042960686e-11,-2.842875534350771e-12,5.228844324237662e-12,2.2486916733102594e-12,-3.68079699370031e-12,-1.1950071358445054e-12,-3.3324974909347063e-12,-7.04129925076307e-12,3.967493045830248e-11,-2.1879107136821552e-11,-5.506316914459864e-12,6.646651083590797e-13,4.21668001432268e-12,-4.095895891528e-12,1.1619494802853379e-14,-5.640863013379888e-12,8.322507402978677e-13,5.296724855949223e-11,-4.627454535810656e-11,6.72299783446793e-12,2.871141952287522e-12,-1.1547528157874301e-12,-8.300455580875826e-12,-3.0853521066423875e-12,-6.878368206659756e-12,1.7826446035517506e-12,5.070824914725097e-11,-4.2704196772582625e-11,-1.4410600414928787e-12,-4.716691089732557e-12,-5.608034919182724e-12,-7.823064016253323e-12,-1.2874958931353852e-12,-6.455519289886079e-13,-2.1526069154301176e-12,3.719074009655889e-11,-3.415061725297771e-11,7.522154296057365e-13,-2.6351521725087672e-12,1.907664624317912e-12,-1.0345262166675802e-11,2.0448160914834145e-13,3.4544016983140343e-12,-7.55776684287017e-12,1.042877571417808e-11,-1.2331405090386366e-11,-1.3786329426573706e-12,-3.3644000723444293e-12,1.1248212907018553e-13,-3.6543171327910834e-12,7.144495622938549e-13,-3.123389870035265e-12,-1.974529537241139e-12,5.952463834596376e-12,-3.1435153638437485e-12,1.460971580493507e-12,-1.9899995328774255e-12,3.874759705887572e-12,-5.055064978468055e-12,5.1035648482580094e-12,9.217097298473879e-12,3.999170334890253e-12,-5.5986587845548397e-11,3.248210570708172e-11,9.677276808111298e-12,6.4066286200383455e-12,2.498830920960123e-12,7.0421879377204605e-12
window_p1,-4.2600748968899256e-13,3.0372473844537134e-12,3.1185329787270143e-12,1.8886341955103622e-11,-6.812276954344725e-12,-5.149170859512876e-12,1.4493349436342103e-12,1.2488778832232085e-12,-2.5179687436757277e-12,-4.2797843341656355e-13,1.2331250343045647e-13,-5.3697265120194145e-12,2.4310246166491603e-11,-8.729767554441955e-12,-8.276707763760187e-12,-1.2356693475623292e-12,1.4379175010420945e-12,-5.7554718106040885e-12,-3.3566655979284897e-12,-2.337833873685099e-12,-5.625965007002077e-13,3.094209624002294e-11,-1.3938897212402107e-11,-5.342235946625242e-13,-2.555125956443936e-12,6.375434091219648e-13,-6.8751262046746075e-12,7.882835395838066e-13,-3.089530713494741e-12,-3.014644424717208e-12,2.9083961998603465e-11,-1.6112383421379468e-11,-8.781153583326698e-12,-5.78443445243893e-12,-2.185020625364069e-12,-7.696837097014526e-12,9.28628303837893e-13,-1.902622474410035e-12,-1.3491826834295192e-12,2.1736936747519775e-11,-1.1380816918339068e-11,-7.724402394220832e-12,-2.9662503093253733e-12,1.1025830208389169e-12,-6.534790808021841e-12,1.5367872108117365e-12,3.6268368818301197e-12,-3.394369636140254e-12,8.037278601250804e-12,7.31554292395467e-12,-5.65331292716585e-12,-1.152823732104635e-12,-4.613972882066119e-13,-2.1828178191137785e-12,2.894692855112366e-12,-1.059163565905946e-12,-1.6081545484641906e-13,1.5397719038083954e-12,2.7921790396176177e-12,-4.688419078209924e-12,-3.4906547827164967e-12,1.5647319178936641e-12,-3.97670859386987e-12,1.2255770422819314e-13,5.626180215061198e-12,2.317548793475618e-12,-3.06160234386767e-11,9.67727680811136e-12,1.097125899329444e-11,4.249854869058858e-12,1.3933268954387303e-12,4.977991420016701e-12
window_p2,5.509569565217083e-13,1.2285245838264048e-12,1.7858373109311502e-12,8.955898288439803e-12,-7.228885427382248e-12,-4.466115514496115e-13,1.5300723408034483e-12,5.553353784959667e-13,-1.9048099628416884e-12,2.9979831719144656e-13,-2.0279880624984945e-12,-5.631470005242918e-12,1.9262172618743193e-11,-7.30397949826635e-12,-3.081290682507629e-12,-9.866398141957118e-13,1.359369128314973e-12,-2.6797165519905817e-12,-2.0600742258768547e-13,-2.250982477613072e-12,-1.84367754002592e-12,2.2429065143651665e-11,-1.332551789462514e-11,7.480335944149926e-12,-6.807861150680835e-13,-2.413584813669252e-13,-3.49735439058284e-12,5.669134294486273e-14,-2.5587199933291876e-12,-7.858638181777929e-13,2.0256155850975817e-11,-8.788953278113112e-12,1.2011055140583499e-12,-4.564201440731321e-12,-1.6994560210567194e-12,-4.490827571241627e-12,-9.236345260560914e-15,-1.1730568222457618e-12,-2.2533474054379035e-12,1.0839331843678363e-11,-6.915695367032801e-12,1.9569769900781627e-12,-2.1018560261485037e-12,2.1322048208298805e-12,-4.468503355940019e-12,-8.348563066543879e-13,1.6555760355246128e-12,-2.2121916390217747e-12,3.2558991281464163e-12,1.9761911891576035e-12,-2.4554560975383576e-12,-1.6559122456303633e-12,-3.3735366711564946e-13,-1.4721891499244125e-12,8.533515308649475e-13,-1.5887480802579426e-12,3.945240676754647e-13,1.1054935241569075e-12,2.4635095478635714e-12,-1.9872099081791469e-13,-3.0900312185909883e-12,1.3942883344997781e-12,-1.9484054214409956e-12,1.4633821838402874e-12,4.702443246127678e-12,1.8733152010041524e-12,-2.2543257770966762e-11,6.4066286200383325e-12,4.2498548690588674e-12,3.6074582657816273e-12,1.1249114716933006e-12,3.124281939686632e-12
window_p3,7.436024155338508e-13,6.201562000444724e-13,8.839176147124124e-14,2.754353799199199e-12,-1.3599734409952146e-12,6.104536361876235e-14,5.436388930174027e-13,-1.8858594231110982e-12,-1.4113690291769882e-12,-6.630605581972486e-13,-9.797641972860437e-14,-2.1723166817864833e-12,2.5714506198688475e-12,-1.713294597533267e-12,-1.2996332614733096e-12,1.3750140887471837e-13,-1.1976176747301977e-12,-1.1277113772517387e-12,-8.116169887208448e-13,-2.66758805634717e-13,-1.3141305384700828e-12,5.9272330009623944e-12,-3.6840294158034795e-12,9.215302328699197e-13,1.0991334082218317e-13,-1.5113177226126315e-12,-1.189260128135706e-12,-1.075271627103151e-12,-9.997030861472094e-13,-1.1273468880598796e-12,4.376984485889859e-12,-4.797386530268146e-12,-1.2254987640497234e-12,-2.8907227018516863e-14,-1.205941058762462e-12,-2.015561234005857e-12,-1.1238375691959905e-12,3.655776424957398e-13,-8.834394564257579e-13,2.7757152908286438e-12,-3.192686773699728e-12,-4.84029200992335e-13,-6.807024797222897e-13,-1.9896077227439848e-12,-1.7880152760423734e-12,4.3307414747703614e-13,4.152485326661403e-13,-4.484763168614121e-13,2.1491018158747194e-13,3.44745074498496e-14,-1.7675850217951536e-13,-6.172524910491806e-13,-1.0423349651383694e-12,-4.211507954138922e-13,1.6150538680778205e-12,-5.374832423389771e-14,-2.430174369379851e-12,4.0043222017424336e-13,4.553809383905079e-13,1.1497989564682796e-14,4.6819944282003076e-14,-1.2669831748992404e-12,-8.356260418363371e-13,6.232232025907821e-13,9.975956526903876e-13,9.984158878173859e-13,-4.38399486459965e-12,2.49883092096013e-12,1.3933268954387584e-12,1.124911471693315e-12,2.100422516520853e-12,1.442357700836175e-12
window_p4,-3.5811503688114653e-13,2.0428696557305736e-12,2.3286271405214023e-12,1.1686339100375831e-11,-5.856545325515071e-12,-1.2824393340305254e-12,1.2279414967742444e-12,1.4946185907737382e-14,-2.346170813177956e-12,-1.1190043021438545e-12,-4.100995800004523e-13,-4.126972023590454e-12,1.818622779018136e-11,-5.78982209392201e-12,-4.258701187649448e-12,-2.482682978973055e-13,7.817073379711695e-13,-3.849359233914723e-12,-2.1771938116995393e-12,-1.517806489785891e-12,-1.0972804290815284e-12,2.2062289536619046e-11,-1.2032859204827237e-11,3.716185825042213e-12,-1.0067346968310878e-12,-1.0857378284578768e-13,-4.368382677402278e-12,-8.784913854178371e-13,-2.655027397751064e-12,-1.890392287387369e-12,2.129460938257135e-11,-9.748184269674845e-12,-2.287965128729536e-12,-3.168556155629611e-12,-1.5199722895536806e-12,-5.553888813758356e-12,-2.1077289955697075e-14,-2.251865065215873e-12,-1.8651746973696494e-12,1.2692961466064914e-11,-7.494330644161186e-12,-1.1040833071609415e-12,-1.4091336533206943e-12,4.1741024914951715e-13,-5.253073534351996e-12,-1.725097199017338e-13,2.1332206054787714e-12,-2.0823765170857482e-12,3.841106500703214e-12,3.428769643305616e-12,-2.4220533494650525e-12,-1.6197636294723548e-12,-5.631456694908028e-13,-1.8720546160384894e-12,1.2204711545951618e-12,-7.600790401220895e-13,-4.038458703186946e-13,2.4479140741907986e-12,2.728871666875948e-12,-5.3873014720068e-13,-2.3328680155437807e-12,4.126979119555671e-13,-2.580171165604925e-12,9.380285853409602e-13,4.22485570741909e-12,1.3413032919943263e-12,-2.167914678606362e-11,7.0421879377204565e-12,4.977991420016708e-12,3.1242819396866265e-12,1.44235770083617e-12,4.0222811409876996e-12
