,treat_m4,treat_m3,treat_m2,treat_m1,treat_p0,treat_p1,treat_p2,treat_p3,treat_p4,L4treat_m4,L4treat_m3,L4treat_m2,L4treat_m1,L4treat_p0,L4treat_p1,L4treat_p2,L4treat_p3,L4treat_p4,L8treat_m4,L8treat_m3,L8treat_m2,L8treat_m1,L8treat_p0,L8treat_p1,L8treat_p2,L8treat_p3,L8treat_p4,L12treat_m4,L12treat_m3,L12treat_m2,L12treat_m1,L12treat_p0,L12treat_p1,L12treat_p2,L12treat_p3,L12treat_p4,L16treat_m4,L16treat_m3,L16treat_m2,L16treat_m1,L16treat_p0,L16treat_p1,L16treat_p2,L16treat_p3,L16treat_p4,F12treat_m4,F12treat_m3,F12treat_m2,F12treat_m1,F12treat_p0,F12treat_p1,F12treat_p2,F12treat_p3,F12treat_p4,F8treat_m4,F8treat_m3,F8treat_m2,F8treat_m1,F8treat_p0,F8treat_p1,F8treat_p2,F8treat_p3,F8treat_p4,window_m4,window_m3,window_m2,window_m1,window_p0,window_p1,window_p2,window_p3,window_p4
treat_m4,2.1323822812929725e-09,9.902565397829422e-10,5.330778071177629e-09,1.3983024914616615e-08,-1.1327677781591624e-08,-4.2895022345352836e-09,2.9622580532623084e-09,5.251983899756251e-10,-1.0426804272190122e-09,2.3314306951895596e-09,-4.676106553774326e-10,4.4733767768739133e-10,2.0270144686991546e-08,-9.151461972158056e-09,-5.91528139696476e-09,-2.2092490264876948e-09,-1.1881794744075215e-10,-2.5474455422973985e-09,2.811539597819077e-09,8.42530100822301e-10,6.232534024808817e-09,1.1978028313655761e-08,-8.579249725724963e-09,-2.1658019417733785e-09,-1.3078940701356693e-09,3.5116453318002784e-09,-1.640111582873607e-09,3.5391267004467534e-09,2.5839957551162404e-09,3.734516579451352e-09,1.4846656626718126e-08,-6.297102040403325e-09,4.766052595753443e-10,3.214839892906339e-10,-1.573252595814631e-11,-9.257627028362626e-10,1.999497907648868e-09,3.4168584459291845e-09,1.3882291032737095e-09,8.35821403487162e-09,-1.0382880709707197e-08,4.2287583239978885e-09,3.376286101344771e-09,2.528314386998968e-09,-3.2535379662118612e-09,8.894876438361731e-10,1.026052405282464e-09,2.6469536964331953e-09,5.100905782420302e-09,6.373470932874896e-10,-1.3238274980280393e-09,-2.505913304993129e-10,1.5400097089705149e-09,-6.609479287848125e-10,1.3255690067254835e-09,-6.555985322918698e-10,-8.270519743435099e-10,7.932747257396502e-09,-1.4682282301889857e-09,3.480987816610635e-10,-9.935940912611805e-11,-4.354583195187099e-10,3.0840316049142997e-10,-7.664466382396851e-10,1.304585997702638e-09,9.643020749954113e-10,-2.0345160522802482e-08,3.4759947383152206e-09,-3.618210417061139e-10,6.66921332514411e-10,2.0585046644303508e-10,2.673870758240285e-09
treat_m3,9.902565397829051e-10,2.715152277857246e-09,5.083973475048483e-09,1.571372076681969e-08,-1.004462524706436e-08,-1.0506974661582686e-09,8.795613306967426e-10,1.2341058265931649e-09,-1.7538732312790448e-09,6.91741640804877e-10,1.0736223968300125e-09,3.627281992185232e-10,1.4067278048850748e-08,-6.683572180311801e-09,-1.5378572392063e-09,-1.7719452410123092e-09,-2.722948420014727e-10,-5.12013273501456e-09,8.780066494845489e-10,2.5040496135813396e-09,4.956539580211727e-09,1.2280653243494231e-08,-3.748862579758055e-09,5.423002584165854e-10,-4.066014029850239e-11,2.8693310262773885e-09,-1.5253361258236808e-09,1.9548734427391796e-09,4.12840974485353e-09,1.0304941058361158e-09,1.4172348078364331e-08,-6.2887780363100455e-09,-1.1475544825421092e-09,2.2579823677574378e-09,1.067876903416426e-09,-8.407832425432632e-10,1.711584028952206e-09,2.9961910057468093e-09,5.693619983250915e-10,9.591524372789422e-09,-5.859178425457929e-09,5.78478413441344e-09,3.149465356879511e-09,3.043672152114488e-10,-4.043976139905763e-09,5.340828001769437e-10,2.029994641574487e-09,2.463254227982623e-09,4.205703077308655e-09,4.240895047862467e-09,-1.6032970910812e-09,-1.2455608201324832e-09,-2.2049620046441543e-10,-1.3580692120449256e-09,8.662022895070048e-10,8.138846439668535e-10,3.3005293969299536e-11,5.5026690102426285e-09,-2.445392280738857e-10,6.041324588033974e-10,1.8047703188128613e-09,-2.4854763103703783e-09,-1.1061165183811364e-10,-6.860644734063075e-10,-3.574719887391255e-10,-1.8792184329278148e-10,-1.7324195075377362e-08,3.5343983650693593e-09,1.2552854181838445e-09,1.051847352550227e-09,1.4461842697680472e-09,3.3192181280318215e-09
treat_m2,5.3307780711776404e-09,5.083973475048178e-09,1.1768085665384717e-07,1.2950384755116785e-07,-2.1707231063533364e-07,-4.877451353938891e-08,1.6799871503810906e-08,2.0778800921955168e-08,-3.913638492229721e-09,9.538628374764757e-09,-1.2823367365545468e-09,6.14986142701737e-08,1.6992126201602295e-07,-1.343944961900956e-07,-4.2021308812083126e-08,-4.7522592263465784e-08,-6.8519033773692845e-09,-2.205755168682291e-08,1.2053127798510074e-08,5.9266790784576445e-09,1.0047088192381801e-07,1.1530984784486618e-07,-1.5194781238968832e-07,1.8720809612441665e-08,-5.415242252850261e-08,3.835384180859403e-08,-4.7483463183370135e-09,2.8371640032158743e-08,3.313220309377919e-08,6.070201243582362e-08,1.7028120500770923e-07,-1.3436806634525752e-07,1.945010770417322e-08,-1.2835815628386649e-08,8.887363362266254e-09,1.1866816596655888e-08,1.753397125257009e-08,3.442032954233057e-08,2.7059931824952396e-08,1.0927691211267249e-07,-1.3846174072435052e-07,5.6996296287384725e-08,1.3316878613261016e-08,2.570128108242478e-08,-1.8194300779607993e-08,8.307802521485368e-09,2.0309745448920414e-08,5.762101033483921e-08,1.692685910840802e-08,2.9298924485771498e-08,-9.10994875079249e-10,-1.3692485505874038e-08,1.535179150496779e-08,-2.3939655804457303e-09,1.2848369116896869e-08,3.2121744258462457e-09,4.293650680443974e-08,2.56506406368345e-08,-1.179290380663133e-09,1.7418033260805284e-08,-2.3847005279600206e-08,-1.2499837722388689e-09,3.9726630426341153e-10,-3.834923424547675e-09,1.2507066239914881e-08,-6.054637324956124e-09,-2.2402237568309708e-07,5.895988329753758e-08,4.006478736900663e-09,4.234737836352487e-08,8.825751769259885e-09,2.7186455503697875e-08
treat_m1,1.3983024914616925e-08,1.5713720766821258e-08,1.295038475511674e-07,2.8603622969370613e-07,-3.008075481780116e-07,-7.01970353704571e-08,2.4420609234218558e-08,2.2589127895684216e-08,-1.9747222254437828e-08,2.2515572495276417e-08,4.979760399351867e-09,3.8887543299830467e-08,3.226206268442603e-07,-1.890888515974049e-07,-7.723030097282578e-08,-7.502750484142754e-08,-7.939071544377373e-09,-5.7973805641446935e-08,2.8953394283481606e-08,1.9993892284158738e-08,1.2705170621512698e-07,2.561404243977302e-07,-1.960428550959182e-07,-1.220241388828761e-08,-5.737539215126844e-08,6.398353494248816e-08,-1.7957927401065267e-08,5.106317458010633e-08,5.9283147325831287e-08,5.4717100774640123e-08,3.333866506656449e-07,-1.9708192531687263e-07,-1.7850009298009228e-09,-1.700910844923049e-08,3.596637315657508e-09,1.5055389829923655e-09,3.541388664508599e-08,6.389133850462527e-08,1.8887426376181992e-08,2.2742077897452363e-07,-2.0301092238971062e-07,8.342223870267032e-08,3.315037922327052e-08,3.5259099502186035e-08,-4.89335392941938e-08,1.740087015259885e-08,3.629234662116001e-08,6.385919447769276e-08,9.003063090226913e-08,2.101033327183632e-08,-1.8256817253851536e-08,-1.6801472353023428e-08,3.279263316017746e-08,-1.0320703634527915e-08,2.2357917092470806e-08,6.949339518859039e-09,2.5898040981083522e-08,9.956223477011218e-08,-1.278974420279679e-08,1.3733378088436023e-08,-6.650867709579665e-09,-1.587179201581163e-08,-1.7715705763291832e-09,-1.1383714901744492e-08,9.882694842389066e-09,1.4318667654618775e-08,-3.898647392674789e-07,8.554568108227952e-08,1.9814337663741985e-08,5.568367295545319e-08,1.4831736326615081e-08,5.7243947450552825e-08
treat_p0,-1.1327677781591766e-08,-1.0044625247066545e-08,-2.1707231063533433e-07,-3.008075481780224e-07,5.096370318135347e-07,1.1679975276497794e-07,-1.2849724468176159e-08,-3.274978136232359e-08,5.054635166864256e-09,-1.880033194992237e-08,-6.332676601467761e-09,-1.0491725684978704e-07,-3.838781112603475e-07,3.198410868438032e-07,1.035702317174575e-07,1.1551396291238893e-07,2.99476399747002e-08,3.461244890795761e-08,-2.8189051380975883e-08,-1.5754716651438144e-08,-2.00861443443322e-07,-3.051171769144379e-07,3.7144055419692716e-07,5.212989257438178e-09,1.1618737486672838e-07,-6.86416837435867e-08,2.899851127084156e-09,-5.601059118802603e-08,-7.240682513630632e-08,-1.1915892156990658e-07,-4.096167776755617e-07,3.5533811966287455e-07,-6.68742005605085e-09,4.3410314891057766e-08,7.1303462912950775e-09,-3.653124229805034e-08,-3.2791208876359636e-08,-8.202579667512544e-08,-4.5985338650375395e-08,-2.738283745422098e-07,3.319757895329504e-07,-9.915098520340507e-08,-7.2088738653830635e-09,-4.172336951512524e-08,3.3163249906032214e-08,-1.7679502286406e-08,-4.7918946399569313e-08,-1.0173294426974366e-07,-7.88783036158723e-08,4.72804034570297e-09,2.3052795616032758e-08,2.554048749293829e-08,-3.892561361791072e-08,1.1252502779582515e-09,-2.925766138597415e-08,-9.977920806851662e-09,-6.246602175664416e-08,-6.173367994024722e-08,3.585581294120425e-08,-1.4124664495745383e-08,4.8900196817977207e-08,6.9919738739865625e-09,-1.58839025190935e-09,3.977661818065473e-09,-1.5516448443585297e-08,-7.737574072329076e-09,5.059905765232962e-07,-1.4630057162125045e-07,-2.6727756470425345e-08,-1.0109853282516243e-07,-2.3971628210848462e-08,-5.618104734338749e-08
treat_p1,-4.2895022345352794e-09,-1.0506974661583964e-09,-4.877451353938929e-08,-7.01970353704578e-08,1.1679975276497834e-07,4.2484403769952656e-08,-3.884012205885768e-09,-4.442359096468581e-09,4.023496889826373e-09,-5.388209031601129e-09,-1.8424917969601856e-09,-2.59568331315744e-08,-8.403755536713123e-08,7.234720599957655e-08,3.568031326786765e-08,2.27188745791391e-08,7.88889123684474e-09,8.537354796726793e-09,-1.0863963393044282e-08,-4.513818232549623e-09,-5.14354009984189e-08,-6.24614376283583e-08,8.2534590671594e-08,1.8680043364652038e-08,2.9491402655281544e-08,-6.4957725009004566e-09,7.344807237738924e-09,-1.7053731118209356e-08,-1.5971520131835035e-08,-2.9093039760692186e-08,-7.73938397105755e-08,7.366082263767658e-08,4.245150026652753e-09,9.647687861285791e-09,4.0975757979961903e-10,-6.194718355665634e-09,-1.1744950590925755e-08,-2.0441608478023503e-08,-1.537618631505253e-08,-6.760648631761023e-08,7.907758257380891e-08,-7.834128382121377e-09,1.891059670074846e-09,-3.913352381160592e-09,1.2186842559091524e-08,-6.8319436911055434e-09,-1.2792568299368734e-08,-2.2186501888752872e-08,-1.8641384510778673e-08,6.875352186554196e-09,9.063379653869934e-09,1.5698692434546654e-09,-9.541421619987208e-09,3.3817546643820777e-09,-9.024125683236709e-09,-3.500917153900804e-09,-1.5978580060614735e-08,-8.935784282590729e-09,1.764137294346925e-08,3.365750329914388e-09,8.994988016132682e-09,1.8187224104707087e-09,3.5644366587080412e-09,4.0715357488149985e-09,-3.4025071513475996e-09,-1.4126973063743568e-09,1.0970052458169325e-07,-3.885180832067474e-08,-1.1926587394366624e-08,-2.1334135164532955e-08,-6.10275172858166e-09,-1.7349932911955427e-08
treat_p2,2.9622580532622753e-09,8.795613306966322e-10,1.6799871503810456e-08,2.4420609234218786e-08,-1.2849724468177011e-08,-3.884012205885455e-09,1.772183558526526e-08,-1.097366576226027e-09,-5.479012377757594e-09,4.744080252337114e-09,-5.037432168344259e-09,2.776194609288439e-09,3.781619965583826e-08,-9.91722550572426e-09,-9.334377729773169e-09,3.4484770531997364e-09,2.4810864263613042e-09,-5.979058336836038e-09,4.839984824791961e-09,1.6154580725369825e-10,9.97253589325548e-09,1.4728366022758489e-08,-4.90042878212155e-09,1.2188723711510717e-08,4.624994554348459e-09,6.821447656729805e-09,-7.484045304671971e-09,7.866108817558908e-09,4.443336625007212e-09,1.326720262378642e-09,2.4857084266300266e-08,2.381773550963556e-09,8.099804391317168e-09,7.802815450753653e-09,2.9417428019281273e-09,-2.912031300261806e-09,6.447207767380607e-09,4.534946717583586e-09,-3.199061333436797e-09,1.4601976092198985e-08,-1.6963832953533293e-08,1.8499888282686676e-08,1.9594783711389384e-08,6.89035447864818e-09,-5.3324940843055975e-09,2.9164732121434193e-09,-8.69155517322332e-10,9.122626333812554e-09,8.41693146651519e-10,1.8204759958466715e-08,2.661680756371317e-09,-2.360736892202371e-09,-1.7325764263084017e-09,-3.3479239874113275e-09,1.3806021768819497e-09,-2.0472578841571677e-09,4.014952079885145e-09,1.5265799886478188e-08,7.932920656196517e-09,6.898784750086649e-09,1.907755950991685e-09,-1.6768729348838923e-09,-4.228325976383209e-10,-3.0679486565216155e-09,6.0138953748530235e-09,7.705260145835802e-10,-3.7261208007291305e-08,2.6170138819603545e-09,-6.596838346529265e-09,-4.097881892832367e-09,2.149353907720913e-09,6.57493679185206e-09
treat_p3,5.251983899756355e-10,1.2341058265932908e-09,2.0778800921954692e-08,2.2589127895684222e-08,-3.274978136232343e-08,-4.442359096468391e-09,-1.0973665762261419e-09,1.8379786027765258e-08,2.11692192505481e-09,2.328173940990548e-09,-1.9425616489232514e-10,1.1701986065444975e-08,2.7762162268745243e-08,-2.0303843561105148e-08,-1.9238526003835985e-09,-1.1154893673401419e-08,7.647889702139138e-09,-7.281079389388176e-09,3.135238575500066e-09,1.4850120439339566e-09,2.059531241291252e-08,1.7196579695477322e-08,-2.394003721331204e-08,7.896700434433565e-09,-1.4112973878706904e-08,1.924019185443488e-08,2.9236612868136035e-09,5.458556305055404e-09,6.496598209142106e-09,1.527347669608623e-08,2.8263271004321833e-08,-1.5948314881823422e-08,9.1761500483573e-09,-7.628216392521937e-09,1.3077463852602841e-08,-7.841101938312386e-10,2.9732376830355535e-09,8.177577361584668e-09,1.0657488076545574e-08,1.4912424151622118e-08,-1.546745810815624e-08,1.2570753335583993e-08,-2.775104185704155e-10,1.3806385618489269e-08,-4.457947013844846e-09,9.509974540837e-10,4.0206874117752995e-09,1.1719567053488704e-08,1.0534144676012782e-09,6.426089938085895e-09,1.187777618412705e-09,-1.8325163891222297e-09,8.979558427707123e-09,3.0609238928948347e-09,1.992044383648736e-09,4.693149440458696e-10,9.730652339213976e-09,7.299610975530243e-09,-5.6329858714870234e-09,4.736705465576072e-09,-6.221938083831609e-09,1.013849541685484e-08,1.7008496624885275e-09,1.8204277503142003e-11,1.6620564179917185e-09,-2.5278011382713183e-09,-3.4641724394438896e-08,8.803244461563838e-09,2.1071110113470677e-09,1.2180433651627947e-08,-4.433580001812283e-09,4.5595202721098984e-09
treat_p4,-1.0426804272189729e-09,-1.7538732312789196e-09,-3.913638492230359e-09,-1.9747222254437027e-08,5.054635166865584e-09,4.023496889826573e-09,-5.479012377757399e-09,2.116921925054853e-09,1.775459979683e-08,-6.658559824837293e-10,-2.1324307880308447e-09,-6.49065113648953e-10,-1.747223898705261e-08,8.485230117582931e-10,1.3103742182828617e-08,-3.9692688898433565e-09,2.439689935664887e-09,1.743668015353985e-08,-3.4096277466811364e-09,-2.9980216755534567e-09,-6.062552902309947e-09,-1.5617728513307105e-08,-6.349838738613831e-09,6.4721639369360456e-09,-4.9690814091242695e-09,3.648162530817763e-09,1.587662922197527e-08,-3.7502869775068426e-09,-1.6970926111212216e-09,2.1255829894134155e-09,-9.886427730932183e-09,-1.4563427027935122e-08,3.7079701597091554e-10,-6.6083542298605575e-09,3.0280845084062626e-10,1.1678853617530802e-08,-4.223784434149529e-09,-1.6070351989956218e-09,-1.946605181304871e-09,-2.147076151745367e-08,-5.917880470996965e-09,-4.528603167101664e-09,-1.2895972836917044e-08,1.7694278039306705e-09,1.604757563179377e-08,-3.3639507511204165e-09,-4.888298108265404e-09,-8.185726933729132e-09,-9.417152693447884e-09,-1.0070143656526219e-08,9.103982561435592e-11,-4.1806624110130755e-09,6.115033505737502e-09,7.819296123504587e-09,-3.639035251985615e-09,-1.7964185663919982e-09,-2.751223752714131e-09,-4.387011184768762e-09,-5.145251699753392e-09,-5.002804724035724e-09,-1.0291247400096471e-08,1.0748086288975036e-08,5.89326705867247e-09,2.5476024698715813e-09,-2.14092421248991e-09,1.4644710447371235e-09,1.4169846034581368e-08,1.7855957101771304e-09,-1.0901114473146346e-09,6.146174515600835e-09,-3.1239882425881573e-09,-1.2443592451190934e-08
L4treat_m4,2.3314306951895612e-09,6.917416408048866e-10,9.538628374764757e-09,2.2515572495276364e-08,-1.880033194992228e-08,-5.388209031601121e-09,4.744080252337116e-09,2.3281739409904975e-09,-6.658559824837345e-10,5.284474211885035e-09,-8.4402772080327e-10,2.2590099793910126e-09,3.1015473039924917e-08,-1.6665312466058628e-08,-7.55694498811635e-09,-6.41373427349517e-09,2.5694364990003778e-09,-3.1577923629598713e-09,5.677001850986918e-09,6.459839918270306e-10,1.0412515066268507e-08,1.9679082952121486e-08,-1.4734324129121461e-08,-5.830350445839145e-10,-5.0280405756286735e-09,9.218705480613347e-09,-9.163852564584751e-10,7.4158592466492765e-09,4.386660680387706e-09,7.127351863201914e-09,2.533729398633511e-08,-1.1887755412711905e-08,4.54820793498832e-09,-1.4462938972405027e-09,1.843007577175202e-09,-3.4298397762038945e-09,4.2123684092043074e-09,5.769641024635753e-09,1.9603587160873953e-09,1.4712625871914636e-08,-1.752747690137835e-08,9.385707692112773e-09,4.6337106446744804e-09,6.482913475081753e-09,-3.983550810203719e-09,1.8961009664575793e-09,1.4231538147045544e-09,5.166101022120882e-09,7.107395380481012e-09,5.496601602975794e-10,-1.920018266353723e-09,-1.548253132397459e-09,3.116111881190876e-09,1.3391914340810436e-09,2.309799030624292e-09,-1.0937337120307945e-09,-9.918322683423545e-10,1.2112170684561365e-08,-3.073820320205652e-09,1.2095738653751404e-09,-1.3110997363290676e-09,2.758800943375352e-10,1.6358809068069173e-09,-1.754345882349321e-09,2.6609318488130984e-09,2.8075179940845544e-09,-3.276596034216335e-08,4.924170773402495e-09,-8.847572963775163e-10,3.824508470576478e-09,-5.149190557639719e-10,4.5455106778816604e-09
L4treat_m3,-4.676106553775098e-10,1.0736223968299265e-09,-1.2823367365547922e-09,4.979760399350362e-09,-6.332676601467131e-09,-1.842491796960233e-09,-5.037432168344398e-09,-1.9425616489243613e-10,-2.1324307880308583e-09,-8.440277208033099e-10,5.035939692259876e-09,2.2979069843179144e-09,-3.1841198297644283e-09,-2.440269492698799e-09,-3.007333225072684e-09,-5.424990160739459e-09,-3.6074212603575726e-09,-4.452619097574738e-09,-5.175934005430939e-10,2.4867538958574046e-09,2.7069770724603103e-09,5.900062862196336e-09,-1.5881793855359864e-09,-9.502006305963542e-09,-3.7357390566855325e-09,-2.8715449755165653e-09,-2.579948112110648e-09,-9.676707838965416e-10,1.2948644475350166e-09,1.7717003194760842e-09,-4.939743068151694e-10,-5.536148118231025e-09,-4.2711599273295225e-09,-1.7026601973838848e-09,-2.5632851945370547e-09,-2.589277612470014e-09,-4.458883840180123e-10,5.211062621598631e-10,3.88815074004998e-09,7.368578776899581e-09,1.8746369651541162e-09,-4.490658939489019e-09,-4.502637853286635e-09,-3.4546715993499437e-09,-3.79523350718371e-09,1.7011733356486037e-10,3.3260300336334275e-09,5.620929737040947e-10,7.052937697641112e-09,-3.423366143724341e-09,-9.59028307389649e-10,1.387533739997324e-09,2.456293307182417e-11,-1.3423979328651062e-09,1.521974849446573e-09,2.131759585136417e-09,9.689925655548158e-10,-4.930031820274284e-09,-9.53818487036632e-12,-1.5961437009659211e-09,1.5916811787177095e-09,-4.246951176003874e-09,-9.130047164934758e-10,3.13910475704921e-10,-1.6371284570480483e-09,-7.954524301182535e-10,1.1200793887205634e-10,2.1423487980739316e-09,5.108232101885042e-09,3.259490540336971e-09,1.7137538826914692e-09,2.905012821996137e-09
L4treat_m2,4.473376776873371e-10,3.6272819921792125e-10,6.149861427017233e-08,3.8887543299831856e-08,-1.0491725684978681e-07,-2.5956833131574202e-08,2.7761946092877906e-09,1.170198606544495e-08,-6.490651136487764e-10,2.259009979391024e-09,2.297906984317851e-09,4.563213074529493e-08,4.926542340848867e-08,-6.328143825623232e-08,-1.683287813506478e-08,-2.6283654067645614e-08,-4.550708708489469e-09,-7.3076340021291546e-09,3.264509718007275e-09,1.0470357823428401e-09,5.439472373323091e-08,2.964846756364905e-08,-7.411937904656416e-08,3.803718320144819e-09,-3.607031087767774e-08,1.272484670084858e-08,-6.344509742780861e-10,1.046369877286025e-08,1.1781044857821641e-08,4.001220249745313e-08,5.106660896088066e-08,-6.540114325989288e-08,1.234371719433899e-08,-9.665795569438943e-09,6.812675507537316e-09,6.928221717592502e-09,5.6427878658594634e-09,1.110179566981725e-08,2.4373904208804973e-08,3.9742384693962225e-08,-6.089918779019594e-08,1.6429031056050017e-08,-6.799599534512539e-09,9.544777061031184e-09,-6.7681242560124215e-09,3.0230385524607774e-09,1.1238300819139177e-08,3.1274835700200796e-08,-3.940489654499892e-09,1.227007438022684e-08,1.3537900810114397e-09,-4.8017503275284595e-09,7.3780770373173506e-09,-1.208398637715695e-09,6.7892312437908206e-09,2.6863257997722094e-09,2.9326810133684273e-08,-7.60499773736224e-09,-7.283463914624456e-10,7.3427270650110036e-09,-1.5024626867011815e-08,-4.6186917449834285e-10,-1.1836720578396733e-09,-6.080367026749657e-10,6.596027775665613e-09,-1.0036896451012927e-08,-8.006422552924566e-08,2.8523526566923995e-08,3.475549056728194e-09,2.3790373411797465e-08,2.2755729147189014e-09,1.0774716570499349e-08
L4treat_m1,2.027014468699164e-08,1.4067278048852397e-08,1.699212620160246e-07,3.2262062684426353e-07,-3.8387811126034293e-07,-8.403755536713058e-08,3.7816199655838725e-08,2.7762162268745246e-08,-1.7472238987053048e-08,3.101547303992489e-08,-3.184119829762811e-09,4.926542340848924e-08,4.496909675562466e-07,-2.525932269302162e-07,-1.076509961673707e-07,-8.9181465141217e-08,-1.3374328472817831e-08,-6.136434628987366e-08,3.6695342693686204e-08,1.7240980474992938e-08,1.632618373366045e-07,3.3317613269770286e-07,-2.867799246943351e-07,7.491108347291182e-09,-7.014942595301409e-08,9.414504955063206e-08,-1.6693342133092807e-08,6.430266869691803e-08,6.943634988668003e-08,8.051322892709517e-08,4.3648000977183673e-07,-2.5059747456396203e-07,1.853869692321712e-08,-2.2338260559578395e-08,-4.3860805422012845e-09,1.4190128297845954e-09,3.65477174887218e-08,7.791400094591734e-08,1.5730693220850032e-08,2.6265347926028534e-07,-2.7242974720174175e-07,1.2039145939468112e-07,6.957797955542651e-08,6.099430741407577e-08,-4.869406720068058e-08,1.6708834699522283e-08,3.591837313253303e-08,9.057768800666853e-08,1.0194921321308735e-07,1.7965109368476264e-08,-1.3392335531569553e-08,-2.2756069384581017e-08,2.98466986564618e-08,-5.661578569614392e-09,2.738478208777539e-08,-6.638161442805299e-11,3.176135663206399e-08,1.284853275894172e-07,-9.192123964049015e-09,3.524218622698987e-08,-2.270045281992207e-08,-1.676885068639535e-08,7.889426181939956e-09,-8.625652288713702e-09,2.2097156629154774e-08,1.3353678634830238e-08,-5.080847678104231e-07,1.1044751990313834e-07,1.2108516638098917e-08,6.540956599584998e-08,2.248298917184742e-08,6.24330365510117e-08
L4treat_p0,-9.15146197215805e-09,-6.683572180312252e-09,-1.34394496190095e-07,-1.890888515974051e-07,3.198410868438029e-07,7.234720599957591e-08,-9.91722550572429e-09,-2.030384356110515e-08,8.485230117578971e-10,-1.6665312466058483e-08,-2.4402694926982424e-09,-6.328143825623165e-08,-2.5259322693021403e-07,2.2204531232835742e-07,6.153500265099687e-08,7.614141944538903e-08,1.4145221713616987e-08,1.6295133391599115e-08,-2.3462216850615372e-08,-8.993377391505118e-09,-1.2767292100112143e-07,-1.9743444608209218e-07,2.404045843388369e-07,2.9318139576962505e-10,7.642736828177971e-08,-4.89204882871508e-08,6.116577592002872e-11,-4.0800993962530353e-08,-4.791850727616841e-08,-8.008271700109394e-08,-2.630829590257947e-07,2.3109201996989077e-07,-5.7071595348185125e-09,3.0059816623267496e-08,8.048971479372919e-09,-1.8439198212192355e-08,-2.1570554464016694e-08,-5.632941948986169e-08,-3.097705203280652e-08,-1.7130626227942803e-07,2.174583078718897e-07,-6.678412470169574e-08,-2.6054911307343694e-09,-2.844464570223058e-08,2.4436608197156375e-08,-1.156680610749042e-08,-2.8319368962711223e-08,-6.348019182015531e-08,-5.037061479801488e-08,1.3763422188969786e-08,1.9967321680493927e-08,1.808780037238085e-08,-2.236811977127943e-08,-4.610983373590418e-09,-2.0324291528642345e-08,-3.773321996900838e-09,-3.1965888133295425e-08,-4.278961019689264e-08,3.360834932644386e-08,-6.911002533720881e-09,3.2191702733315325e-08,2.994329214468251e-09,-4.817862627009898e-09,2.89579331119977e-09,-9.935979919386719e-09,-9.41008215665956e-09,3.2628807171173175e-07,-9.500481699535985e-08,-1.4477173427464173e-08,-6.651309314206159e-08,-1.4591991320991013e-08,-3.306941001824295e-08
L4treat_p1,-5.915281396964764e-09,-1.5378572392063535e-09,-4.202130881208318e-08,-7.723030097282588e-08,1.0357023171745731e-07,3.568031326786769e-08,-9.334377729773426e-09,-1.9238526003838124e-09,1.310374218282861e-08,-7.556944988116345e-09,-3.0073332250726484e-09,-1.6832878135064747e-08,-1.0765099616737083e-07,6.153500265099716e-08,5.3405528146990554e-08,2.366578437128412e-08,1.3625028623878015e-08,2.1495097170898995e-08,-1.3053033702743737e-08,-6.24686201901768e-09,-4.710173931852836e-08,-8.231646183086065e-08,7.306527172556283e-08,2.4617543834384544e-08,2.3189712578584154e-08,-7.100980932869943e-09,1.860275394134374e-08,-1.9464310746070823e-08,-1.5124347661757664e-08,-2.1159143677326942e-08,-8.963785865124894e-08,4.991565370181557e-08,3.6768304812067697e-09,5.706512395651749e-09,9.518012107288082e-09,8.932664420350061e-09,-1.2415219734373955e-08,-1.9935885034118226e-08,-6.881382940093986e-09,-7.969242519212204e-08,6.22523850162286e-08,-1.3109578667912848e-08,-1.3732752737519973e-08,-4.450409383524533e-09,2.1167303126050838e-08,-7.681973920541456e-09,-1.424771574709717e-08,-2.3944379603382386e-08,-3.699639671370815e-08,3.537203215979627e-09,9.680329604968267e-09,-1.2522909638054024e-10,-3.8111116532113064e-09,8.721830020975824e-09,-1.1338755461759556e-08,-2.12003636684789e-09,-8.27541801139597e-09,-1.683362243428352e-08,4.200382707277405e-09,-4.164461388347322e-09,5.985204974610039e-09,1.2925715644396305e-08,1.6955534489523996e-09,4.586995532061039e-09,-7.123883546303746e-09,-4.250486915983651e-09,1.2062068522718387e-07,-3.0303295801582167e-08,-1.0755305412805382e-08,-1.5161748890669166e-08,-9.494719240976375e-09,-2.451993290828809e-08
L4treat_p2,-2.209249026487658e-09,-1.7719452410125414e-09,-4.7522592263466273e-08,-7.502750484142768e-08,1.1551396291238837e-07,2.271887457913901e-08,3.448477053199747e-09,-1.1154893673401277e-08,-3.969268889843641e-09,-6.413734273495113e-09,-5.4249901607394265e-09,-2.6283654067645306e-08,-8.918146514121724e-08,7.614141944538909e-08,2.3665784371283974e-08,5.2102850326361105e-08,6.466538764724564e-09,1.0691048829938226e-08,-6.864553702672701e-09,-3.6668062054452275e-09,-4.715730748938258e-08,-7.376807005491762e-08,8.054663043402096e-08,1.0185509684472733e-08,4.558440710529824e-08,-2.285841938865033e-08,-1.00491207538478e-09,-1.513912917365825e-08,-1.8106592197074425e-08,-3.291243686274446e-08,-1.0223918424639818e-07,8.189557485199936e-08,2.783626964987541e-09,2.455039421209637e-08,8.843410004788499e-09,-1.587713989693633e-09,-6.395890723953771e-09,-2.1220930274733736e-08,-1.583338518582489e-08,-6.495550770652163e-08,6.54412233262623e-08,-1.804260927450119e-08,1.9037172194233842e-08,-9.936350476783912e-09,1.1008778734899852e-08,-3.92300112324477e-09,-1.5227390276348823e-08,-1.8631783311308955e-08,-2.8305121729327578e-08,4.406364735177237e-09,1.0615160102972266e-08,9.553615346602564e-09,-1.980498532423296e-08,-2.3397321354257944e-09,-8.255860304692736e-09,-6.820271549514889e-10,-7.892939239204055e-09,-1.4060638201541403e-08,-3.126661963521301e-10,-3.1125898915413665e-10,1.8268610033390718e-08,7.955086495066483e-10,-4.303466841046331e-09,8.079039772974927e-10,-1.7217622493792261e-09,-5.316718232320784e-09,1.1724795270761085e-07,-2.5750299352558007e-08,-9.038683188176544e-09,-3.605403921604366e-08,-1.796930285391417e-09,-1.15352368316081e-08
L4treat_p3,-1.1881794744074542e-10,-2.7229484200146234e-10,-6.851903377369456e-09,-7.93907154437675e-09,2.994763997470041e-08,7.888891236844676e-09,2.4810864263610912e-09,7.647889702138994e-09,2.4396899356646505e-09,2.5694364990004104e-09,-3.6074212603575556e-09,-4.550708708489239e-09,-1.3374328472817252e-08,1.4145221713616911e-08,1.3625028623878023e-08,6.466538764724391e-09,1.9167895936248548e-08,4.902134104782552e-09,2.1118365746519916e-09,-1.940759570951084e-09,-6.730906892053912e-09,-2.1057320231660047e-08,2.2462859384116464e-08,1.2534640835733173e-08,4.601068989674835e-09,1.2831953993537227e-08,8.323914642261878e-09,2.108479574137139e-09,-1.57174478714117e-09,8.209707167985953e-11,-1.7234239726315255e-08,2.1149506443789002e-08,6.910943951634535e-09,1.2616358318263307e-09,1.5962871941904913e-08,1.8415158880219712e-09,1.2409475934746908e-09,-5.948332333900567e-10,3.2538055118975697e-09,-1.9655620842145576e-08,1.1770950107210809e-08,4.174014874747832e-09,3.153696493057723e-11,1.1488502299189177e-08,5.704281578217014e-09,7.725746985944171e-10,-2.471554327847525e-09,-3.3990822532032765e-09,-1.3210681628719846e-08,3.6052835779891235e-09,3.573184083625033e-09,-1.0277639213917809e-09,6.308810322344225e-09,6.0730682059505e-09,-1.7053227943535658e-09,-1.5398534479892528e-09,-3.5690651090016967e-09,6.667921779743189e-09,-5.756021686188763e-09,8.860550526295632e-10,2.3575804068340895e-09,1.3257309039343292e-08,2.9755294080352256e-09,-1.1494255534070476e-09,-2.9529208328299975e-10,-5.327602907607276e-10,2.288647409106316e-08,-4.295430765387996e-09,-6.169318428278859e-09,-3.7899123744675034e-09,-9.946076334658427e-09,-6.008419390249534e-09
L4treat_p4,-2.5474455422973704e-09,-5.120132735014462e-09,-2.2057551686823065e-08,-5.7973805641447285e-08,3.4612448907957694e-08,8.537354796726735e-09,-5.979058336836063e-09,-7.281079389388321e-09,1.743668015353985e-08,-3.1577923629598763e-09,-4.452619097574749e-09,-7.307634002129048e-09,-6.13643462898739e-08,1.6295133391598794e-08,2.149509717089892e-08,1.0691048829938304e-08,4.902134104782536e-09,3.729629238912075e-08,-5.072001078661232e-09,-7.943923716869194e-09,-2.6064705752193468e-08,-5.051382408580324e-08,1.1556191869151903e-08,5.019940109351024e-09,7.603477311654323e-09,-1.0100377886246786e-08,2.2024822351171075e-08,-9.81289588087071e-09,-1.110642124677083e-08,-3.4806134056588967e-09,-5.4502651938903265e-08,-1.073361330670436e-09,-4.742664245599472e-09,-3.377939699677404e-09,-3.016832333631552e-09,2.11630045592506e-08,-8.500816060398504e-09,-8.277741998311921e-09,-4.508580715315656e-09,-5.168856934032161e-08,6.015699889919691e-09,-1.768633177902897e-08,-1.9878418069453223e-08,-3.985772869779192e-09,2.9110107487635708e-08,-3.594229140870397e-09,-9.518891516379636e-09,-1.8827793183888343e-08,-2.2245712676161908e-08,-2.3663432361859023e-08,-1.3705114378697749e-09,-2.0094406805108103e-09,2.788202284389144e-09,1.0052552957202498e-08,-6.318206349608843e-09,-2.6679121504698915e-09,-1.130222791808154e-08,-1.5838753836642306e-08,-1.0912305208763446e-08,-1.3494266683306675e-08,-1.0433075802169866e-08,1.612867348506763e-08,4.643876753938226e-09,4.125745673047228e-09,-4.1864133751686465e-09,4.3269756259960914e-09,6.655722450712192e-08,-5.032311966163965e-09,-7.320799431239577e-09,-3.856049323381192e-09,-7.57941606595975e-09,-2.3693073985313332e-08
L8treat_m4,2.8115395978190964e-09,8.780066494847065e-10,1.2053127798510072e-08,2.8953394283481752e-08,-2.8189051380975863e-08,-1.0863963393044308e-08,4.839984824792034e-09,3.1352385755000546e-09,-3.409627746681155e-09,5.677001850986926e-09,-5.1759340054295e-10,3.2645097180072672e-09,3.6695342693686534e-08,-2.3462216850615498e-08,-1.30530337027438e-08,-6.864553702672805e-09,2.1118365746519552e-09,-5.072001078661283e-09,8.520130080979142e-09,2.0121406475235216e-09,1.4899968059432427e-08,2.433305424122819e-08,-1.9131199840256702e-08,-4.957928949931352e-09,-7.681233188016718e-09,7.750625836963718e-09,-4.169564098369121e-09,1.0688591670785257e-08,6.602494129411677e-09,8.437224778191944e-09,2.848229567671769e-08,-1.2124822412911946e-08,1.394466434733451e-09,-2.2746151946530452e-09,5.75362371017497e-10,-5.2951100546662805e-09,6.834279926186159e-09,9.832168430937672e-09,4.278884740568376e-09,2.2609651337129714e-08,-2.03322816226733e-08,7.321320076230875e-09,3.411952307308845e-09,4.2986829439825936e-09,-8.39528917846247e-09,3.852337006692697e-09,4.028808012106175e-09,7.24430016639778e-09,1.0051876890369255e-08,-1.0794080170419636e-09,-6.1221464995523775e-09,-7.38804856927619e-10,2.9423676384593346e-09,6.7148026827551046e-12,4.087383994939798e-09,-4.721610055803645e-10,-7.847872019789535e-10,1.1302069544843693e-08,-8.220553548385888e-09,-1.109123641275258e-09,-1.2333516965198924e-09,-7.479409022154995e-12,4.2799499336038684e-10,-3.0935054538472983e-09,1.8918810737144586e-09,4.57153725486367e-09,-3.924322992559236e-08,8.196686354945998e-09,2.1734501321553317e-09,5.460660432143715e-09,3.8799338209957613e-10,7.818840652436245e-09
L8treat_m3,8.425301008222819e-10,2.5040496135813793e-09,5.926679078457332e-09,1.9993892284158254e-08,-1.5754716651437697e-08,-4.513818232549831e-09,1.6154580725352025e-10,1.4850120439338338e-09,-2.998021675553619e-09,6.459839918270512e-10,2.486753895857492e-09,1.0470357823427454e-09,1.724098047499205e-08,-8.993377391505773e-09,-6.24686201901786e-09,-3.6668062054453404e-09,-1.9407595709510718e-09,-7.94392371686923e-09,2.012140647523423e-09,4.369050205681928e-09,8.031049110078124e-09,1.6641575537877123e-08,-6.2549760837816826e-09,-3.1346364439359802e-09,-2.591959099880107e-09,9.231290099117542e-10,-5.138159577146571e-09,3.609496315244829e-09,6.188832801099897e-09,6.404237141957058e-10,1.5759387642300445e-08,-6.483679818637856e-09,-3.6150043070888023e-09,1.2705461553251656e-09,-1.026900755041161e-09,-3.1921256824970424e-09,3.481983657493419e-09,5.699183051005479e-09,1.3450736637805286e-09,1.703462553008916e-08,-6.661432372528545e-09,3.713566402253243e-09,2.7318441029677495e-09,-2.327274145337447e-09,-7.243071522606922e-09,1.733039772764404e-09,3.933290124410572e-09,3.701173889521129e-09,8.436485648511856e-09,3.7777917435984846e-09,-2.9436667913605946e-09,-9.164688086592694e-10,-9.11948311142368e-10,-2.2875771378752598e-09,1.8931572756926683e-09,1.7565975197925316e-09,1.6692533596665162e-09,2.8561173406074074e-09,-1.8062008874139921e-09,-2.6337368702007894e-10,1.7489706156110255e-09,-3.634240647052957e-09,-5.367762463529327e-10,-1.6086376237962888e-09,-1.117767533084571e-09,5.437072988922497e-10,-2.1480949132569817e-08,6.364899240219485e-09,4.816505077696863e-09,3.457822410539978e-09,3.7965220657462216e-09,6.24444106331849e-09
L8treat_m2,6.232534024808696e-09,4.956539580211591e-09,1.0047088192381744e-07,1.270517062151278e-07,-2.0086144344332247e-07,-5.1435400998418857e-08,9.972535893255046e-09,2.059531241291208e-08,-6.062552902309931e-09,1.041251506626853e-08,2.706977072460725e-09,5.439472373323137e-08,1.6326183733660252e-07,-1.2767292100112434e-07,-4.7101739318528255e-08,-4.715730748938262e-08,-6.7309068920544266e-09,-2.6064705752193696e-08,1.489996805943243e-08,8.031049110078557e-09,9.822719585330342e-08,1.1768000164386209e-07,-1.4436217448790064e-07,-1.871100853140538e-09,-5.441423926775975e-08,3.403750144044702e-08,-8.451713211091223e-09,2.8900780706871045e-08,3.153833465574287e-08,5.873126441678608e-08,1.5919916570352138e-07,-1.2594744893990907e-07,1.2212533802260021e-08,-1.531947489761576e-08,7.011433840314886e-09,4.371486749540778e-09,1.7272665387940674e-08,3.395178888617597e-08,3.016092885527051e-08,1.1493550768297905e-07,-1.2889016773905902e-07,4.188041840190237e-08,8.839895347954457e-09,2.14216535354198e-08,-2.421923653756826e-08,8.482531437954977e-09,2.197729287274346e-08,5.275248718172404e-08,2.7118085521294118e-08,1.2050712333489571e-08,-5.216778399955293e-09,-9.130340291506292e-09,1.4589040872449708e-08,-3.0565237851065275e-09,1.4649430033044324e-08,4.262996870969691e-09,3.615113637054096e-08,2.4957423965932953e-08,-1.2968390445668332e-08,1.2711276298543635e-08,-1.7969405286078053e-08,-4.369400252803695e-09,2.5385757219121956e-10,-4.219076775671169e-09,1.0334032483775137e-08,-5.38612435237361e-09,-2.0986235108217615e-07,6.123659449906172e-08,1.1570890626538258e-08,4.114462206775528e-08,8.97812941688877e-09,2.9837716986738897e-08
L8treat_m1,1.1978028313655684e-08,1.228065324349557e-08,1.1530984784486641e-07,2.5614042439773276e-07,-3.051171769144321e-07,-6.246143762835803e-08,1.4728366022759296e-08,1.719657969547787e-08,-1.561772851330783e-08,1.967908295212141e-08,5.900062862197596e-09,2.9648467563647274e-08,3.3317613269770286e-07,-1.9743444608209467e-07,-8.231646183086092e-08,-7.376807005491713e-08,-2.1057320231660557e-08,-5.051382408580334e-08,2.4333054241227768e-08,1.664157553787749e-08,1.1768000164386209e-07,2.8394288731739625e-07,-2.2687476703929e-07,-1.312312426654326e-08,-5.33893325101261e-08,6.087597238733475e-08,-1.4457172463577025e-08,4.2889077799272746e-08,5.399988800765e-08,4.893624179493699e-08,3.486211630497348e-07,-2.1879524762050732e-07,-1.5450148982938593e-09,-2.2719962091492484e-08,-1.2937721397796087e-08,5.982792976348684e-10,2.497513301124932e-08,5.796058006861081e-08,3.697028961127893e-09,2.2913961052400342e-07,-2.0997145344938753e-07,8.075882557914737e-08,4.636504154375677e-08,3.5657167222729256e-08,-3.8783612654929316e-08,1.168347185032668e-08,2.983973335574444e-08,6.294920754164841e-08,9.879070962617824e-08,-1.0415884414997005e-08,-1.4443500545820464e-08,-1.7317406444832636e-08,1.8730474250394882e-08,-5.361292465384908e-09,2.2185949704361372e-08,5.935236628421218e-09,2.081357958361136e-08,9.013738530804172e-08,-1.3279447524036785e-08,2.0696335787216698e-08,-1.3241618453992771e-08,-2.5278991691720925e-08,4.255887781117353e-09,-4.810130803348708e-09,1.1127679988707225e-08,1.4155814632692995e-08,-3.8935667389205904e-07,9.225545800944257e-08,2.2280382327749173e-08,5.692580573716893e-08,2.4340950061749956e-08,5.154785243680037e-08
L8treat_p0,-8.579249725724816e-09,-3.748862579758339e-09,-1.5194781238968583e-07,-1.9604285509591836e-07,3.714405541969264e-07,8.253459067159223e-08,-4.90042878212045e-09,-2.3940037213311923e-08,-6.3498387386142324e-09,-1.473432412912137e-08,-1.5881793855352208e-09,-7.41193790465632e-08,-2.867799246943317e-07,2.40404584338836e-07,7.306527172556206e-08,8.054663043402153e-08,2.2462859384116225e-08,1.155619186915212e-08,-1.9131199840256503e-08,-6.254976083780876e-09,-1.4436217448789778e-07,-2.268747670392869e-07,3.0128413814543194e-07,3.2386538882274396e-09,8.192753889585956e-08,-5.5514612139265954e-08,-1.147564550028189e-08,-3.574002951776908e-08,-4.611684795040262e-08,-9.382486543410161e-08,-3.0578252579494066e-07,2.818031478897462e-07,-1.2960926962552468e-08,3.669489554994983e-08,5.327011121078013e-09,-3.434579436506188e-08,-1.6173301939135245e-08,-5.4788776931104934e-08,-3.0552699125759434e-08,-1.889258538880876e-07,2.6141394330244314e-07,-6.90676895993297e-08,-9.58062340465434e-09,-3.867394779852824e-08,9.788569799182012e-09,-7.967241393599192e-09,-2.7542247855555537e-08,-7.284002383915234e-08,-5.432601004319145e-08,2.988018964990773e-08,1.1882654913098162e-08,1.6995824649600717e-08,-2.621613607735315e-08,-4.6511603055736625e-09,-1.907493486018834e-08,-4.339174324698962e-09,-4.191574896188539e-08,-4.96782766532858e-08,3.7311798202827464e-08,-1.5022742735227902e-08,4.071802614548354e-08,5.928747441687806e-10,-5.34166810246025e-09,-2.3990790442307197e-09,-1.388999649712058e-08,-3.816171090567044e-09,3.691364033840952e-07,-1.1481500590706306e-07,-1.6101486964802832e-08,-7.251191294767708e-08,-1.6328525686507486e-08,-3.1964417001207384e-08
L8treat_p1,-2.165801941773367e-09,5.423002584166747e-10,1.872080961244159e-08,-1.22024138882871e-08,5.212989257438077e-09,1.8680043364651654e-08,1.2188723711510313e-08,7.896700434433304e-09,6.4721639369360935e-09,-5.83035044583912e-10,-9.502006305963393e-09,3.803718320144995e-09,7.491108347291117e-09,2.9318139576963916e-10,2.461754383438409e-08,1.0185509684472856e-08,1.25346408357332e-08,5.019940109351052e-09,-4.957928949931343e-09,-3.1346364439357073e-09,-1.871100853140604e-09,-1.3123124266543316e-08,3.2386538882282965e-09,5.974539606216287e-08,8.350632786740695e-09,2.030823897848238e-08,7.352933280440281e-09,-9.567665187042716e-10,3.744501990025465e-09,-1.4508378456837077e-09,8.744410937731288e-09,8.252869888271503e-09,2.494523686562121e-08,9.235827292563663e-09,1.145779420865869e-08,5.4520135832648185e-09,-7.838269303975805e-10,2.295874842064586e-10,-6.760778190687765e-09,-2.5302702416916882e-08,-4.2380563195337247e-10,3.695142398361764e-08,2.26800041466669e-08,1.6932157256088556e-08,1.0131375964317158e-08,-2.190067372844265e-09,-7.574778228375027e-09,1.1576312828221617e-08,-2.9491601815218395e-08,3.642261399042883e-08,1.631018905976492e-08,-8.50557985464678e-09,-5.367664766347156e-09,8.645429739138142e-09,-5.114989503160275e-09,-3.395330588438185e-09,1.2889121349680447e-08,3.4472907886574317e-09,1.5870218481269538e-08,1.794721425661136e-08,-5.441998678397736e-09,1.1323204446134528e-08,6.0598633624678175e-09,1.3037530996085557e-09,3.858079611580077e-09,-4.875108270298034e-09,-7.739103488084016e-09,-6.005627617151541e-09,-1.7001427151158358e-08,-2.3149295201164202e-09,-7.023310359069359e-10,-8.743757764207325e-09
L8treat_p2,-1.30789407013562e-09,-4.066014029848938e-11,-5.4152422528503365e-08,-5.737539215126834e-08,1.1618737486672771e-07,2.9491402655281422e-08,4.624994554348427e-09,-1.4112973878706734e-08,-4.969081409124348e-09,-5.028040575628611e-09,-3.735739056685348e-09,-3.607031087767767e-08,-7.014942595301435e-08,7.642736828177946e-08,2.3189712578584068e-08,4.558440710529819e-08,4.601068989675071e-09,7.60347731165447e-09,-7.68123318801661e-09,-2.5919590998797634e-09,-5.441423926775974e-08,-5.3389332510126554e-08,8.192753889585865e-08,8.350632786740467e-09,5.2968404130328425e-08,-1.8563193987431994e-08,5.38249488495182e-10,-1.7459676964351207e-08,-1.734830915334046e-08,-3.6551867553406424e-08,-7.781642614799564e-08,7.535245479633463e-08,-2.051363143074028e-10,2.4689932438617198e-08,4.569756406922287e-09,-8.702929229664223e-10,-8.42798001789763e-09,-2.0280155383134946e-08,-2.139230823839272e-08,-5.794397199186572e-08,6.321448150356633e-08,-1.0870202887738215e-08,2.2995394446134472e-08,-7.370528276842069e-09,1.1495482708274228e-08,-4.8924116308550674e-09,-1.5529190041917137e-08,-2.3831170281730892e-08,-1.5235959150531233e-08,1.5768114366136972e-09,9.303586133277897e-09,9.457700932541985e-09,-1.6510031452475144e-08,-3.684611154947216e-09,-9.637937460357525e-09,-1.9379744060744768e-09,-1.784297048058143e-08,2.4947452581005173e-09,6.198975323259381e-09,-1.9242290881702396e-10,2.238844155626643e-08,-9.050511998639909e-10,-3.725726098422781e-09,2.385564086972578e-09,-2.7106826087754135e-09,-1.0922418830808727e-09,1.0148525845379133e-07,-2.985114581566885e-08,-1.0985391222327748e-08,-3.7864198473829004e-08,-2.0492181062523434e-09,-1.148776713497975e-08
L8treat_p3,3.511645331800261e-09,2.8693310262775916e-09,3.835384180859368e-08,6.39835349424883e-08,-6.864168374358654e-08,-6.495772500900542e-09,6.8214476567293235e-09,1.9240191854434917e-08,3.6481625308174545e-09,9.218705480613383e-09,-2.871544975516493e-09,1.272484670084862e-08,9.414504955063229e-08,-4.8920488287150695e-08,-7.100980932869909e-09,-2.2858419388650543e-08,1.2831953993537564e-08,-1.0100377886246867e-08,7.750625836963675e-09,9.231290099118828e-10,3.403750144044751e-08,6.08759723873342e-08,-5.55146121392661e-08,2.0308238978482298e-08,-1.856319398743235e-08,4.365229232539539e-08,1.0147743203518592e-08,1.4330194012532948e-08,1.415718442994629e-08,2.4779012072513915e-08,9.469244578914286e-08,-4.7178751103510886e-08,1.8291597042381485e-08,-9.286507745378562e-09,1.474190126226207e-08,1.0466567042700738e-09,6.023472412009513e-09,1.6145428429732045e-08,9.234754553905639e-09,3.648536814205749e-08,-5.094041210819739e-08,3.673254883753337e-08,1.4669868093839866e-08,3.164847084291665e-08,-3.293420902150863e-09,1.97593336368147e-09,5.7508549051436206e-09,2.1997894313904612e-08,9.470907281753227e-09,1.1333064943027042e-08,3.655209679544978e-09,-6.74688648448636e-09,1.587080513191391e-08,7.092462874308537e-09,4.27042134923147e-09,-2.3214518246391775e-09,7.942076509250171e-09,3.562572247307259e-08,-4.202814378441983e-12,1.4145193151027757e-08,-7.895291968317546e-09,9.709787595018706e-09,6.888377417315721e-09,-5.442257424275177e-10,5.637795440713743e-09,3.87209925289954e-10,-1.0123897605371836e-07,1.7050705515213723e-08,-3.5545866936230285e-09,1.7059467414583437e-08,-5.833777106653149e-09,6.606813786846389e-09
L8treat_p4,-1.6401115828735924e-09,-1.5253361258237398e-09,-4.748346318336949e-09,-1.795792740106529e-08,2.8998511270848587e-09,7.344807237739015e-09,-7.484045304671973e-09,2.923661286813443e-09,1.5876629221975325e-08,-9.163852564584708e-10,-2.579948112110825e-09,-6.344509742776578e-10,-1.6693342133093072e-08,6.116577592012272e-11,1.8602753941343745e-08,-1.0049120753847728e-09,8.323914642261933e-09,2.2024822351171188e-08,-4.1695640983691095e-09,-5.1381595771466266e-09,-8.451713211090444e-09,-1.4457172463576778e-08,-1.1475645500281755e-08,7.352933280440275e-09,5.382494884949882e-10,1.0147743203518792e-08,2.9306974150834288e-08,-5.71285587613313e-09,-4.10171912854054e-09,7.951867028781278e-09,6.351772309260273e-11,-2.3579291647977795e-08,2.0500602871607105e-09,-6.145721026587521e-09,7.120517858457962e-09,2.026396266317482e-08,-6.776707956924499e-09,-2.882003191557439e-09,1.8112713771061988e-09,-2.8011865555380336e-08,-1.0971796267617744e-08,-3.525464282615351e-09,-1.187133094453929e-08,9.206406751374431e-09,2.36093046874584e-08,-3.764118382785095e-09,-3.6134367462450104e-09,-6.4667148843058206e-09,-1.4059637413994083e-08,-1.718428877879303e-08,6.384423677462663e-10,-1.542325094700855e-09,1.1014533604763659e-08,9.25007511310296e-09,-4.153944311908955e-09,-1.752386674140667e-09,-6.0840713512086445e-09,5.592536965804735e-09,-8.178000865101416e-09,-3.72710848801389e-09,-6.174874803432123e-09,1.4388512020171771e-08,5.441425883672838e-09,4.407140765878252e-09,-3.1366008593328737e-09,-2.3199826828920316e-12,1.643699102321698e-08,2.8797310003922204e-09,-5.039873228023947e-09,1.943049552622036e-09,-1.0163261594912135e-08,-1.7055210846730223e-08
L12treat_m4,3.53912670044676e-09,1.954873442739372e-09,2.8371640032158776e-08,5.1063174580106384e-08,-5.601059118802561e-08,-1.7053731118209276e-08,7.866108817559025e-09,5.458556305055334e-09,-3.750286977506834e-09,7.41585924664928e-09,-9.676707838963532e-10,1.0463698772860375e-08,6.430266869691796e-08,-4.0800993962530234e-08,-1.9464310746070813e-08,-1.513912917365828e-08,2.1084795741370856e-09,-9.812895880870724e-09,1.0688591670785234e-08,3.6094963152449164e-09,2.89007807068712e-08,4.288907779927292e-08,-3.5740029517768973e-08,-9.56766518704247e-10,-1.74596769643512e-08,1.4330194012532956e-08,-5.7128558761331295e-09,1.7348505212526902e-08,1.3436160460635001e-08,1.3563115172226184e-08,5.618106673986481e-08,-2.674433720281797e-08,2.5505722045209148e-09,-3.898809896719652e-09,-1.262700992602237e-10,-5.801876751769168e-09,1.1113189979851615e-08,1.591955869892032e-08,5.72814124126621e-09,4.0978783651049005e-08,-3.634980242955235e-08,1.5840702447167212e-08,5.656024907269756e-09,6.996136248878109e-09,-1.2389123924142058e-08,5.761821215635448e-09,8.23632719242166e-09,1.55071241659136e-08,1.3693506202409168e-08,6.012441601394269e-09,-7.138297385163816e-09,-4.8442236648769066e-09,4.98149491330371e-09,1.28680874576713e-10,6.667657876343037e-09,1.0458369972094904e-10,4.692405910467116e-09,1.496841631596272e-08,-5.8928178895480296e-09,1.9789355090917787e-09,-5.3695975606831735e-09,-2.1891475738747474e-09,1.9815473332445e-09,-5.035954190395069e-09,3.2284114859953683e-09,4.573863519927716e-09,-7.383825838142355e-08,1.6243624993843856e-08,3.3136716591466136e-09,1.2528789755100478e-08,2.5061549953839447e-09,1.2147157997136107e-08
L12treat_m3,2.5839957551163276e-09,4.128409744853786e-09,3.3132203093779945e-08,5.928314732583358e-08,-7.240682513630493e-08,-1.5971520131834976e-08,4.44333662500714e-09,6.496598209142224e-09,-1.697092611121289e-09,4.386660680387777e-09,1.2948644475351546e-09,1.1781044857822204e-08,6.943634988668144e-08,-4.7918507276168825e-08,-1.5124347661757737e-08,-1.8106592197074534e-08,-1.5717447871410672e-09,-1.1106421246770938e-08,6.602494129411603e-09,6.188832801099957e-09,3.153833465574362e-08,5.3999888007651644e-08,-4.611684795040316e-08,3.744501990025417e-09,-1.7348309153340648e-08,1.4157184429946496e-08,-4.1017191285405476e-09,1.3436160460635032e-08,1.750520548546707e-08,1.3604049335623707e-08,6.999173245359016e-08,-4.527469510557333e-08,-1.3641201054979429e-09,-3.752271300260206e-09,-1.430564516802607e-09,2.6098419021815184e-10,9.212616735470848e-09,1.7744385209908466e-08,4.852063029489738e-09,4.726021853360786e-08,-4.5807302417694384e-08,2.0779990553258176e-08,5.908256598333572e-09,5.1807806584688444e-09,-1.0660811462612229e-08,4.301558134759598e-09,9.162770932509401e-09,1.6522349819547704e-08,1.5383083981293138e-08,8.153491441147133e-09,-6.063951155843264e-09,-7.499347672450513e-09,4.1509141526121315e-09,-1.5313505971001593e-10,5.33945216899587e-09,1.881162198986516e-09,8.031040787756075e-09,1.4196164238088811e-08,-4.380200554765077e-09,2.1488905373417177e-09,-5.927127531132171e-09,-2.6952599910941616e-09,1.71952622447765e-09,-3.2616514719760562e-09,7.198080634390882e-10,2.5847431637563454e-09,-8.627915009829369e-08,2.2892909783948596e-08,6.268592048863634e-09,1.686053023210561e-08,6.516199992098449e-09,1.1921805288240718e-08
L12treat_m2,3.734516579451456e-09,1.0304941058356832e-09,6.070201243582462e-08,5.471710077464406e-08,-1.1915892156990545e-07,-2.9093039760691653e-08,1.326720262379137e-09,1.5273476696086445e-08,2.1255829894138175e-09,7.127351863202088e-09,1.7717003194759337e-09,4.0012202497455216e-08,8.051322892709712e-08,-8.00827170010946e-08,-2.1159143677327147e-08,-3.291243686274409e-08,8.209707167990302e-11,-3.4806134056588785e-09,8.437224778192123e-09,6.404237141956159e-10,5.873126441678786e-08,4.893624179494052e-08,-9.382486543410326e-08,-1.450837845683546e-09,-3.6551867553405855e-08,2.4779012072514047e-08,7.951867028780905e-09,1.356311517222635e-08,1.3604049335623082e-08,5.4867110775826176e-08,7.642352465348054e-08,-8.115965474630247e-08,1.4514468444833944e-08,-1.4215951170223474e-08,8.683619386033533e-09,9.178091638936246e-09,4.740711480149503e-09,1.817095830720222e-08,3.120937425044683e-08,3.8306128563533594e-08,-7.833211504978667e-08,2.24494251677833e-08,-6.779995244853911e-09,1.9446571116157742e-08,-4.393064643920397e-09,2.7797901078754406e-09,1.1821795279574892e-08,3.16433365219653e-08,3.3359383050158225e-09,3.536808750117856e-10,-3.783963882470517e-09,-2.6029437497638276e-09,1.5009496733981873e-08,3.529547699418274e-09,6.576464816341385e-09,-1.4090041593700757e-10,1.7708306560241852e-08,1.4056112049476992e-08,-1.247522707758672e-08,3.856359142434178e-09,-1.5325492964385806e-08,8.793605002520228e-09,1.4029117887234915e-09,1.0531551801692895e-09,6.17420323468342e-09,-6.0401558211317935e-09,-1.0458217155179731e-07,3.1557582132571194e-08,1.6848145596722098e-09,2.537112058587672e-08,-3.247884739955608e-09,9.168943087839564e-09
L12treat_m1,1.4846656626718315e-08,1.417234807836628e-08,1.7028120500771093e-07,3.3338665066564976e-07,-4.096167776755563e-07,-7.739383971057523e-08,2.485708426630083e-08,2.8263271004321982e-08,-9.886427730932115e-09,2.533729398633528e-08,-4.939743068135098e-10,5.1066608960880764e-08,4.364800097718392e-07,-2.630829590257963e-07,-8.963785865124925e-08,-1.0223918424639839e-07,-1.723423972631647e-08,-5.450265193890307e-08,2.8482295676717433e-08,1.575938764230151e-08,1.591991657035221e-07,3.486211630497367e-07,-3.0578252579494426e-07,8.74441093773126e-09,-7.781642614799579e-08,9.469244578914292e-08,6.351772309294106e-11,5.6181066739865094e-08,6.999173245358907e-08,7.642352465347839e-08,4.7155627553949033e-07,-2.9613879354936785e-07,8.380267881580371e-09,-3.4437302170292046e-08,-8.886921834475606e-09,1.682283124822062e-08,3.130533970887532e-08,7.664371322593954e-08,1.2072625523838892e-08,2.7975392346871017e-07,-2.859036613399892e-07,1.163404992708539e-07,4.971470381825984e-08,5.7987105609508126e-08,-3.86006190841129e-08,1.4312212087896855e-08,3.849915617482043e-08,8.694847108557728e-08,1.068119276183582e-07,3.402480061175651e-09,-1.5675022338864997e-08,-2.6574454010448922e-08,3.920632671795217e-08,-3.6037236727066967e-09,2.5270713568552062e-08,3.423682121655119e-09,3.283672290011785e-08,1.2987462173210158e-07,-1.0247250400189862e-08,3.138297629431802e-08,-2.472183037045521e-08,-1.7732908590590835e-08,7.032236829542029e-09,-4.963328205977419e-09,1.5644137270617638e-08,1.6345657080844712e-08,-5.188011137364235e-07,1.1554524874268794e-07,1.69451388269769e-08,7.792868921551286e-08,2.1078377219015466e-08,5.6279702340749294e-08
L12treat_p0,-6.297102040403219e-09,-6.28877803630958e-09,-1.3436806634525683e-07,-1.970819253168688e-07,3.5533811966287847e-07,7.366082263767634e-08,2.3817735509631638e-09,-1.594831488182321e-08,-1.4563427027936144e-08,-1.1887755412711832e-08,-5.536148118229957e-09,-6.540114325989284e-08,-2.5059747456395695e-07,2.3109201996989357e-07,4.991565370181531e-08,8.189557485199942e-08,2.114950644378918e-08,-1.0733613306702914e-09,-1.2124822412911752e-08,-6.483679818636635e-09,-1.2594744893990695e-07,-2.1879524762050083e-07,2.8180314788975007e-07,8.25286988827135e-09,7.535245479633446e-08,-4.717875110351086e-08,-2.3579291647978407e-08,-2.6744337202818e-08,-4.5274695105572644e-08,-8.115965474630195e-08,-2.961387935493632e-07,3.1321573969047013e-07,1.4567155497730898e-09,3.77334868926394e-08,5.269607253493794e-09,-4.959943967769621e-08,-1.2367197909805637e-08,-4.808867766742308e-08,-2.2941292151897718e-08,-1.8380855562312972e-07,2.6949997850596015e-07,-6.141420032359061e-08,7.359984317857069e-09,-3.302765226392155e-08,-3.722043095789506e-09,-5.516344599659519e-09,-2.4139888301836932e-08,-5.5491850081265264e-08,-5.4062259992919494e-08,4.338876545462881e-08,1.2256932015231727e-08,2.2635175328060648e-08,-3.1590999189199656e-08,-9.124621773655956e-09,-1.5364830733954268e-08,-7.819348064825027e-09,-3.463234296934139e-08,-4.468569637266222e-08,3.8541030442074e-08,-2.251857891520892e-09,3.625631777350616e-08,2.2050642358351164e-09,-6.646449679648435e-09,-3.8635665966231335e-09,-7.28442068457375e-09,-7.145270760394497e-09,3.4493495971404363e-07,-1.2056307232746115e-07,-1.9829630741501914e-08,-7.682824211958067e-08,-1.59269475731906e-08,-2.327300582033204e-08
L12treat_p1,4.766052595753467e-10,-1.147554482541942e-09,1.94501077041729e-08,-1.7850009298006112e-09,-6.687420056050992e-09,4.245150026652677e-09,8.099804391317087e-09,9.176150048357242e-09,3.707970159709643e-10,4.548207934988335e-09,-4.271159927329317e-09,1.2343717194338907e-08,1.853869692321691e-08,-5.707159534818449e-09,3.6768304812067693e-09,2.7836269649877675e-09,6.910943951634653e-09,-4.74266424559946e-09,1.3944664347334665e-09,-3.6150043070885265e-09,1.2212533802259753e-08,-1.545014898294008e-09,-1.2960926962551682e-08,2.4945236865621494e-08,-2.051363143070261e-10,1.8291597042381667e-08,2.0500602871606745e-09,2.5505722045209102e-09,-1.3641201054978531e-09,1.451446844483351e-08,8.380267881580027e-09,1.4567155497731037e-09,3.137157770312122e-08,4.414890014317299e-09,1.531080369394757e-08,-5.759792393247372e-09,3.362830053689133e-10,-2.979436898151708e-09,5.273036825039336e-09,-1.0992271080649955e-08,-8.244899960435622e-09,2.3137730483344788e-08,1.9418571422686407e-08,1.948392983525598e-08,1.3007680257298122e-09,-1.9824775780686432e-09,-4.4589957264890255e-09,1.655450279435103e-08,-1.5823146376758653e-08,1.971671852063205e-08,1.4858140249685756e-08,1.5502470737061849e-09,-2.284579406540669e-09,4.7176187121700475e-09,-7.917582878160468e-10,-2.8229681316176112e-09,1.3440385740491841e-08,6.855013357029805e-09,7.523676311567626e-09,1.723215991902747e-08,-1.2802737773880737e-09,4.38531389484235e-09,1.6932096280752599e-09,1.0164621505784305e-09,8.73966369265784e-09,-7.163184459979487e-09,-1.7084814908690938e-08,-3.748269855131021e-09,-1.065108404069038e-08,-1.9184989047157765e-09,-3.3615582628323986e-09,1.8318707530142e-09
L12treat_p2,3.214839892906811e-10,2.2579823677573253e-09,-1.2835815628386852e-08,-1.700910844923117e-08,4.3410314891057164e-08,9.647687861285831e-09,7.802815450753641e-09,-7.628216392521938e-09,-6.608354229860861e-09,-1.4462938972404415e-09,-1.7026601973838732e-09,-9.665795569438192e-09,-2.2338260559579196e-08,3.0059816623267244e-08,5.70651239565174e-09,2.4550394212096234e-08,1.2616358318264496e-09,-3.3779396996774206e-09,-2.274615194652966e-09,1.2705461553252529e-09,-1.5319474897615437e-08,-2.2719962091493725e-08,3.669489554994916e-08,9.235827292563731e-09,2.4689932438617042e-08,-9.286507745378282e-09,-6.145721026587531e-09,-3.898809896719618e-09,-3.752271300260179e-09,-1.4215951170223826e-08,-3.4437302170292986e-08,3.773348689263943e-08,4.414890014317154e-09,2.146611491704003e-08,3.9121082049565674e-09,-4.487106310826285e-09,-5.469416391781506e-11,-8.498029655118016e-09,-8.961122773672918e-09,-2.0038938583513128e-08,2.542461820102468e-08,4.8999224660948686e-09,2.012354550825325e-08,-4.999413706709335e-09,-3.928756429158018e-10,-1.1357243133604964e-09,-4.867057669386551e-09,-3.300218653445264e-09,-1.0082609354407212e-08,1.5379357271652614e-08,4.753432362753393e-09,2.8706381155793646e-09,-1.3762223482608853e-08,-4.362422759828706e-09,-2.9629741752367406e-09,-1.9284174345022837e-10,-3.2076360726790903e-09,-1.0135939417733743e-09,5.1089487217129954e-09,3.894307201588184e-09,1.212365209498043e-08,-6.684604328133845e-09,-2.4366139897275425e-09,-1.0064366097623406e-09,1.6090484929040802e-09,-4.166535499423297e-09,3.1112771333603726e-08,-1.075922475140919e-08,-6.319823271656479e-09,-2.0009783682913245e-08,2.814003970356133e-09,2.6300992014231375e-10
L12treat_p3,-1.5732525958140323e-11,1.067876903416463e-09,8.887363362266145e-09,3.5966373156574397e-09,7.130346291295082e-09,4.0975757979937216e-10,2.9417428019280106e-09,1.307746385260288e-08,3.028084508403891e-10,1.8430075771752212e-09,-2.5632851945369587e-09,6.812675507537521e-09,-4.386080542201059e-09,8.04897147937286e-09,9.51801210728796e-09,8.84341000478845e-09,1.5962871941905035e-08,-3.0168323336315914e-09,5.753623710175294e-10,-1.026900755041074e-09,7.011433840315539e-09,-1.2937721397796303e-08,5.32701112107792e-09,1.1457794208658432e-08,4.5697564069221764e-09,1.474190126226202e-08,7.1205178584578124e-09,-1.2627009926019202e-10,-1.430564516802604e-09,8.68361938603346e-09,-8.886921834475338e-09,5.269607253493412e-09,1.5310803693947274e-08,3.912108204956593e-09,2.9364738589464857e-08,4.322757066702522e-09,1.4778455889291047e-09,-2.692093161210604e-09,8.379231272334082e-09,-9.570707630898673e-09,-5.025072910107252e-09,8.543513257700413e-09,8.159079277619772e-09,1.631784923682954e-08,4.061126643907568e-09,-1.7018186708654437e-10,-2.7871977904601597e-09,5.542435829331629e-09,-1.7209500749399886e-08,1.012928507129769e-08,9.672893878955692e-09,2.3687286918048656e-09,6.100281784836603e-09,2.597398682747904e-09,-1.7774301141107597e-09,9.549089260390185e-10,9.792883063782939e-09,7.190409886383749e-09,-5.9143195544089944e-09,6.143350506571566e-09,5.6713130626485516e-09,1.2731300898765517e-08,-1.468776150009309e-09,-5.938551985559953e-10,2.617572083534316e-09,-8.78960431284326e-09,6.0005565830061835e-09,3.6805807768754144e-09,-4.158505140212593e-09,-4.208173433849077e-09,-9.381678852825454e-09,-1.4410016649503568e-10
L12treat_p4,-9.257627028362716e-10,-8.407832425432722e-10,1.1866816596655996e-08,1.5055389829926052e-09,-3.653124229805013e-08,-6.194718355665593e-09,-2.9120313002619184e-09,-7.841101938313309e-10,1.1678853617530804e-08,-3.4298397762039156e-09,-2.5892776124701564e-09,6.9282217175930096e-09,1.4190128297847337e-09,-1.843919821219262e-08,8.932664420349977e-09,-1.5877139896937106e-09,1.841515888022007e-09,2.116300455925052e-08,-5.295110054666297e-09,-3.192125682497124e-09,4.371486749541609e-09,5.982792976350652e-10,-3.4345794365062296e-08,5.4520135832647846e-09,-8.702929229666155e-10,1.0466567042702463e-09,2.0263962663174655e-08,-5.801876751769184e-09,2.6098419021809875e-10,9.178091638936486e-09,1.6822831248220233e-08,-4.9599439677696176e-08,-5.759792393247413e-09,-4.487106310826319e-09,4.3227570667026695e-09,3.109804850274206e-08,-4.343564347056196e-09,1.212431202269434e-09,1.7662666879101864e-09,-3.319204546864922e-09,-4.015108231372906e-08,-8.011124926626767e-10,-1.1184113044059692e-08,3.758810844969703e-09,2.1713495384248264e-08,-1.725631822160974e-09,-1.3177609411500448e-09,-3.0015723631930456e-09,-9.779013360093831e-09,-1.5054492499620288e-08,1.1919242777808678e-09,-4.078568978382959e-09,1.0033965308214662e-08,4.0058035348820474e-09,-3.4964330604979942e-09,8.053684534329791e-10,2.8843137116781598e-09,2.221250560916715e-09,-9.498771527154941e-09,-6.096789090970896e-09,-8.72191092639817e-09,1.2912969120890052e-08,1.3640130178818572e-09,3.910270821188742e-09,-2.6859399526225483e-09,-7.969686943396594e-10,-1.3798847920470321e-08,1.8785906034940212e-08,-3.129822773499322e-09,5.243220421736294e-09,-4.081798225456091e-09,-1.2436628485821684e-08
L16treat_m4,1.999497907648896e-09,1.7115840289522839e-09,1.7533971252570012e-08,3.541388664508609e-08,-3.2791208876359464e-08,-1.1744950590925663e-08,6.447207767380785e-09,2.9732376830355464e-09,-4.223784434149522e-09,4.212368409204312e-09,-4.4588838401791114e-10,5.642787865859477e-09,3.654771748872197e-08,-2.1570554464016697e-08,-1.2415219734373892e-08,-6.395890723953787e-09,1.240947593474653e-09,-8.500816060398514e-09,6.834279926186166e-09,3.4819836574934692e-09,1.7272665387940717e-08,2.497513301124966e-08,-1.617330193913526e-08,-7.838269303975042e-10,-8.427980017897614e-09,6.023472412009493e-09,-6.776707956924477e-09,1.1113189979851633e-08,9.2126167354708e-09,4.740711480149377e-09,3.130533970887532e-08,-1.2367197909805746e-08,3.362830053689855e-10,-5.469416391777968e-11,1.4778455889290729e-09,-4.34356434705615e-09,8.89988548480471e-09,1.0325950471026977e-08,2.3188425139374443e-09,2.840606750349463e-08,-2.0779401591199e-08,9.701712432726442e-09,5.232592737799404e-09,2.0487327318818824e-09,-9.621411456931527e-09,4.558225268663267e-09,5.3298373842225264e-09,9.500441884460416e-09,8.460088048130928e-09,8.158706122272668e-09,-4.281371334590654e-09,-2.6974147111163338e-09,2.081787698782694e-09,-1.5149126745501036e-09,4.028561094033105e-09,1.1218168322233958e-09,4.714121826281535e-09,8.262168489598696e-09,-3.3765383276042974e-09,3.784473584818889e-10,-7.925032693637437e-10,-2.0297520164702787e-09,-4.940549873023557e-10,-4.405763131028355e-09,1.4968049424060346e-09,3.01134560035281e-09,-4.4093869374705656e-08,1.0129156056833955e-08,3.4609511138598815e-09,6.663598447696268e-09,2.8791432504666484e-09,9.950834604944233e-09
L16treat_m3,3.4168584459291614e-09,2.9961910057474102e-09,3.442032954233081e-08,6.389133850462676e-08,-8.202579667512384e-08,-2.0441608478023205e-08,4.534946717584118e-09,8.177577361584667e-09,-1.6070351989956495e-09,5.769641024635764e-09,5.211062621604252e-10,1.1101795669818127e-08,7.791400094591779e-08,-5.632941948986188e-08,-1.993588503411801e-08,-2.1220930274733283e-08,-5.948332333899731e-10,-8.277741998311921e-09,9.83216843093755e-09,5.699183051006018e-09,3.395178888617655e-08,5.79605800686121e-08,-5.4788776931104795e-08,2.2958748420664352e-10,-2.0280155383134588e-08,1.614542842973207e-08,-2.882003191557366e-09,1.5919558698920244e-08,1.7744385209908737e-08,1.8170958307202764e-08,7.664371322593955e-08,-4.8088677667423536e-08,-2.9794368981515603e-09,-8.498029655117556e-09,-2.692093161210566e-09,1.2124312022695312e-09,1.0325950471026922e-08,2.28343146322379e-08,8.819725941077729e-09,5.011990833640054e-08,-5.094801659074805e-08,1.8435023112037624e-08,1.6301079662256623e-09,6.566141118957108e-09,-1.166043909848063e-08,6.019287708546446e-09,1.054101996256623e-08,1.6984979346600872e-08,1.9306701534953114e-08,3.0111983537917963e-09,-9.770006490853253e-09,-5.349115085231027e-09,8.756304335589357e-09,5.368854427497493e-10,6.226826110230886e-09,1.2022523894503025e-09,5.838779321548159e-09,1.8994515993582207e-08,-9.992379208789988e-09,-1.081427375681872e-09,-7.751995528135821e-09,2.7186395514022352e-09,1.7348939069401235e-09,-3.4465865191468004e-09,-4.440808563942124e-11,6.593687837606531e-09,-9.335018421728951e-08,2.337248831711164e-08,6.507767409824267e-09,1.88686214957271e-08,3.6585532503564716e-09,1.1698949580418641e-08
L16treat_m2,1.3882291032736347e-09,5.693619983249228e-10,2.7059931824951612e-08,1.888742637618222e-08,-4.598533865037521e-08,-1.5376186315052463e-08,-3.199061333436967e-09,1.0657488076545746e-08,-1.946605181304544e-09,1.9603587160874007e-09,3.8881507400502695e-09,2.4373904208805043e-08,1.573069322084889e-08,-3.097705203280831e-08,-6.881382940094243e-09,-1.5833385185824997e-08,3.253805511897509e-09,-4.508580715315577e-09,4.278884740568482e-09,1.345073663780965e-09,3.0160928855270036e-08,3.6970289611292144e-09,-3.055269912576189e-08,-6.760778190687824e-09,-2.1392308238392952e-08,9.234754553905834e-09,1.8112713771059943e-09,5.728141241266232e-09,4.85206302948933e-09,3.120937425044489e-08,1.2072625523838763e-08,-2.2941292151898826e-08,5.273036825039497e-09,-8.961122773673387e-09,8.37923127233406e-09,1.7662666879101498e-09,2.318842513937521e-09,8.819725941077621e-09,2.801370356150607e-08,9.698448056528404e-09,-2.0876530762659646e-08,6.29727812846687e-11,-1.385250407916045e-08,6.732187316973352e-09,-8.120062621169232e-09,2.5628268461885053e-09,9.006457662942456e-09,1.651477602837564e-08,-2.5353322457062486e-09,4.05168762838386e-09,-1.1823298745593633e-09,3.6032740629201767e-09,1.0679950487593293e-08,3.993820740229847e-10,4.187844220106881e-09,1.5228463605408385e-09,1.3212470070954107e-08,-4.2135507541673733e-10,-8.142457270839446e-09,-6.577998933775719e-10,-3.959380272297706e-09,7.347709124166465e-09,-1.7413758118629214e-09,-3.4551214696302464e-11,6.734390543222607e-10,-5.984146973541517e-09,-2.6101598203838927e-08,1.0670234514611043e-08,3.0426346363213287e-09,1.1757873847585315e-08,-6.0367035564941565e-09,4.5524816980869625e-09
L16treat_m1,8.3582140348719e-09,9.59152437279006e-09,1.0927691211267e-07,2.2742077897452464e-07,-2.7382837454220256e-07,-6.760648631760978e-08,1.4601976092198755e-08,1.4912424151622518e-08,-2.1470761517453868e-08,1.4712625871914711e-08,7.3685787769006044e-09,3.9742384693959095e-08,2.6265347926028466e-07,-1.7130626227942953e-07,-7.9692425192122e-08,-6.495550770652171e-08,-1.9655620842145834e-08,-5.1688569340320996e-08,2.2609651337129598e-08,1.7034625530089153e-08,1.1493550768297704e-07,2.2913961052400331e-07,-1.8892585388808927e-07,-2.53027024169172e-08,-5.7943971991865946e-08,3.6485368142057573e-08,-2.801186555537986e-08,4.0978783651049024e-08,4.726021853360558e-08,3.830612856352793e-08,2.7975392346870647e-07,-1.8380855562313485e-07,-1.0992271080649897e-08,-2.003893858351262e-08,-9.5707076308983e-09,-3.3192045468647275e-09,2.8406067503494527e-08,5.011990833639899e-08,9.698448056526098e-09,2.2912667078164878e-07,-1.8040931089652227e-07,5.514925782213384e-08,2.4402471542678042e-08,1.645077804272861e-08,-4.741147630432376e-08,1.5387981662625106e-08,3.231738156810018e-08,5.535810155496299e-08,8.829825432695461e-08,-6.1246905263258006e-09,-1.6506967701673183e-08,-1.340848377719399e-08,1.6615151366611538e-08,-1.3157064866448936e-08,2.3009217495685544e-08,1.023809129931535e-08,3.0672854056196393e-08,5.646425182705101e-08,-1.8942765055341395e-08,1.3319256869273283e-08,-8.997208715477325e-09,-2.7851597986639482e-08,-2.6775094453420037e-09,-8.83879915872459e-09,9.833624325785635e-09,1.1184272272177401e-08,-3.307823564803551e-07,8.858615729936262e-08,2.6756034085379683e-08,5.381692938106622e-08,2.3266385599456855e-08,5.423630203222171e-08
L16treat_p0,-1.0382880709707172e-08,-5.859178425458463e-09,-1.3846174072435004e-07,-2.0301092238970863e-07,3.3197578953295187e-07,7.90775825738082e-08,-1.6963832953532952e-08,-1.5467458108155724e-08,-5.917880470997123e-09,-1.7527476901378206e-08,1.8746369651546465e-09,-6.089918779019648e-08,-2.7242974720173624e-07,2.1745830787189018e-07,6.22523850162282e-08,6.544122332626236e-08,1.1770950107211053e-08,6.015699889920233e-09,-2.0332281622673057e-08,-6.6614323725281e-09,-1.288901677390586e-07,-2.0997145344938115e-07,2.61413943302445e-07,-4.23805631953562e-10,6.321448150356627e-08,-5.094041210819667e-08,-1.0971796267617537e-08,-3.63498024295524e-08,-4.580730241769433e-08,-7.833211504978728e-08,-2.8590366133998386e-07,2.6949997850595745e-07,-8.244899960435452e-09,2.542461820102495e-08,-5.025072910106725e-09,-4.0151082313728443e-08,-2.0779401591198986e-08,-5.094801659074801e-08,-2.0876530762659507e-08,-1.8040931089651756e-07,2.663539388334301e-07,-7.087138901327536e-08,-1.825517066011549e-08,-3.931761184266199e-08,2.940028629941122e-09,-1.0030312920556689e-08,-2.1321666572128494e-08,-6.108893917165741e-08,-4.491397761700814e-08,2.422509010456058e-08,9.215781489039582e-09,2.063105530590811e-08,-2.6834753917071196e-08,-4.258901887112804e-09,-1.623579361348073e-08,-4.244759886627024e-09,-3.519506107167153e-08,-5.7059456011075784e-08,3.669205874098901e-08,-9.24989018840698e-09,2.9118716245501104e-08,-1.4625763557196243e-09,-4.026742460356146e-09,1.7774001459288939e-09,-1.3298822279276886e-08,-5.749303414532225e-09,3.474075910320121e-07,-1.1810085646585073e-07,-1.2967954084758341e-08,-6.238504036279693e-08,-1.59723023565289e-08,-3.023339357205274e-08
L16treat_p1,4.228758323997861e-09,5.784784134413494e-09,5.699629628738408e-08,8.342223870267043e-08,-9.915098520340394e-08,-7.834128382121024e-09,1.8499888282686074e-08,1.2570753335583664e-08,-4.528603167101456e-09,9.38570769211275e-09,-4.490658939488881e-09,1.642903105604977e-08,1.203914593946801e-07,-6.678412470169535e-08,-1.3109578667912588e-08,-1.8042609274501242e-08,4.1740148747477555e-09,-1.7686331779028834e-08,7.321320076230782e-09,3.7135664022534825e-09,4.188041840190187e-08,8.07588255791463e-08,-6.906768959932842e-08,3.695142398361829e-08,-1.0870202887738044e-08,3.673254883753325e-08,-3.525464282615238e-09,1.58407024471671e-08,2.0779990553257938e-08,2.2449425167782488e-08,1.1634049927085278e-07,-6.141420032358956e-08,2.3137730483344914e-08,4.899922466094628e-09,8.543513257700547e-09,-8.011124926625923e-10,9.70171243272626e-09,1.8435023112037243e-08,6.29727812843964e-11,5.514925782213372e-08,-7.08713890132753e-08,6.507664671606191e-08,3.415233785906998e-08,2.6378467435073364e-08,-9.308927251800972e-09,2.863792853790929e-09,4.619257859894335e-09,2.99768290298722e-08,1.247809279728628e-08,3.292296297794232e-08,5.5798970548333714e-09,-1.2058270423729758e-08,2.985481682561891e-09,3.1518150025822565e-09,3.83419992800678e-09,-2.1875940482391516e-09,1.2908793292585901e-08,3.6606721633958843e-08,8.543922371187574e-09,1.9434148689528628e-08,-6.393871528898692e-09,1.2196566153123546e-10,4.082966683007806e-09,-1.543901109756304e-09,1.022018679443194e-08,6.327873505160064e-10,-1.419097683747812e-07,2.054321486853193e-08,-9.181734902967318e-09,1.490226795530441e-08,5.7054093154019155e-09,1.503690075528265e-08
L16treat_p2,3.3762861013448386e-09,3.1494653568795036e-09,1.331687861326033e-08,3.315037922327231e-08,-7.208873865382896e-09,1.8910596700750425e-09,1.9594783711389258e-08,-2.7751041857019196e-10,-1.289597283691687e-08,4.6337106446745756e-09,-4.502637853286376e-09,-6.799599534512352e-09,6.957797955542749e-08,-2.6054911307343976e-09,-1.3732752737519915e-08,1.9037172194233683e-08,3.153696493077926e-11,-1.9878418069452948e-08,3.4119523073088842e-09,2.731844102968051e-09,8.839895347954416e-09,4.6365041543757315e-08,-9.580623404655016e-09,2.268000414666702e-08,2.299539444613445e-08,1.4669868093840283e-08,-1.1871330944538932e-08,5.656024907269763e-09,5.90825659833377e-09,-6.779995244854699e-09,4.971470381826084e-08,7.359984317857924e-09,1.9418571422686344e-08,2.012354550825322e-08,8.15907927761988e-09,-1.1184113044059233e-08,5.2325927377993784e-09,1.6301079662252764e-09,-1.3852504079160709e-08,2.440247154267972e-08,-1.8255170660115445e-08,3.415233785907039e-08,5.972760308341744e-08,1.6579442917819555e-08,-7.333809486601873e-09,4.799306915243343e-10,-4.036421433850779e-09,2.0580686061669666e-08,4.352280374169273e-09,2.3349125716884425e-08,1.5094367091977697e-08,1.3330619046447862e-09,-1.5444199897518268e-08,-4.4783716496231835e-09,1.6001057354537054e-09,-8.553700189829588e-10,9.683763247995722e-09,2.5818960811595757e-08,1.342505167918483e-08,2.2976765304270794e-08,1.3198009653475767e-08,-1.1165485582596398e-08,-8.379911223665892e-10,-1.8740173862669602e-09,9.151082653669947e-09,-6.5805193900127505e-09,-5.556662564716636e-08,7.368728431057965e-09,-5.462633669904502e-09,-1.4067579089450753e-08,1.0503117755750348e-08,1.366153342847724e-08
L16treat_p3,2.528314386998935e-09,3.043672152115177e-10,2.570128108242465e-08,3.5259099502185406e-08,-4.1723369515124607e-08,-3.913352381160573e-09,6.89035447864812e-09,1.380638561848924e-08,1.769427803930394e-09,6.4829134750817546e-09,-3.45467159934982e-09,9.544777061031477e-09,6.099430741407502e-08,-2.8444645702230422e-08,-4.450409383524446e-09,-9.936350476784033e-09,1.1488502299189426e-08,-3.985772869779265e-09,4.298682943982579e-09,-2.3272741453374344e-09,2.1421653535420415e-08,3.565716722272797e-08,-3.8673947798527935e-08,1.6932157256088483e-08,-7.370528276842141e-09,3.164847084291661e-08,9.206406751374294e-09,6.996136248878095e-09,5.180780658468868e-09,1.9446571116157798e-08,5.79871056095075e-08,-3.302765226392161e-08,1.9483929835255832e-08,-4.999413706709345e-09,1.6317849236829627e-08,3.758810844969498e-09,2.048732731881874e-09,6.5661411189569995e-09,6.732187316973342e-09,1.645077804272769e-08,-3.9317611842662264e-08,2.6378467435073447e-08,1.6579442917819452e-08,3.01616258443866e-08,3.796087072198027e-09,3.827764303219548e-10,8.969150065035473e-10,1.7128737480268296e-08,-9.377512174649124e-11,5.088343739765741e-09,9.832553591427935e-09,-1.932332601994082e-09,1.1532886228232506e-08,6.2472451993873975e-09,2.036521927312067e-09,-2.113286783209982e-09,8.162064922212431e-09,2.4193452294674522e-08,1.1818923728196463e-09,1.3480686658414697e-08,-4.1544469495510375e-09,9.830078857432594e-09,4.163166454418832e-09,1.047923046252999e-09,6.574263752146308e-09,-2.7165127214731114e-09,-6.10258909643328e-08,1.3307942469937422e-08,-5.797510430266641e-09,7.796306271461222e-09,-6.6040906341568855e-09,2.667898862197011e-09
L16treat_p4,-3.253537966211808e-09,-4.043976139905675e-09,-1.819430077960795e-08,-4.8933539294193245e-08,3.316324990603205e-08,1.2186842559091283e-08,-5.332494084305489e-09,-4.457947013844815e-09,1.6047575631793686e-08,-3.983550810203676e-09,-3.79523350718372e-09,-6.768124256012082e-09,-4.8694067200680135e-08,2.4436608197156083e-08,2.1167303126050507e-08,1.1008778734899802e-08,5.7042815782171165e-09,2.9110107487635602e-08,-8.395289178462374e-09,-7.243071522606804e-09,-2.4219236537567676e-08,-3.878361265492844e-08,9.788569799181666e-09,1.0131375964316941e-08,1.1495482708274033e-08,-3.2934209021505404e-09,2.360930468745816e-08,-1.2389123924141975e-08,-1.066081146261202e-08,-4.393064643920153e-09,-3.8600619084112374e-08,-3.722043095789449e-09,1.300768025729653e-09,-3.92875642915735e-10,4.061126643907749e-09,2.1713495384248158e-08,-9.621411456931454e-09,-1.1660439098480492e-08,-8.12006262116916e-09,-4.7411476304323684e-08,2.940028629940455e-09,-9.308927251801131e-09,-7.333809486602051e-09,3.7960870721982886e-09,3.2610574790204636e-08,-5.2090341962987024e-09,-9.888820529602993e-09,-1.4493309935415413e-08,-2.3100518116720056e-08,-1.6946036054886686e-08,6.403465243187169e-09,-2.4525668559412808e-09,2.760295253929795e-09,8.678909734212993e-09,-7.33321062375111e-09,-2.1295181929148007e-09,-7.31506972489571e-09,-1.006487738754742e-08,-1.4301277581368638e-09,-4.491784207393002e-09,-6.764037278136719e-09,1.3581286302840397e-08,4.197396890256609e-09,5.042379724563943e-09,-2.287476511973072e-09,-1.210442090432897e-09,5.608278894064862e-08,-2.6555225475901817e-09,-7.188406116695053e-09,-5.494959241218083e-09,-6.414497646511034e-09,-2.114140287601473e-08
F12treat_m4,8.894876438361739e-10,5.340828001769762e-10,8.307802521485393e-09,1.740087015259863e-08,-1.767950228640596e-08,-6.8319436911055864e-09,2.916473212143547e-09,9.509974540836616e-10,-3.3639507511204455e-09,1.8961009664575693e-09,1.701173335648983e-10,3.0230385524607894e-09,1.6708834699522207e-08,-1.1566806107490532e-08,-7.6819739205415e-09,-3.9230011232447655e-09,7.725746985943554e-10,-3.5942291408704188e-09,3.8523370066926855e-09,1.7330397727643802e-09,8.48253143795509e-09,1.1683471850326675e-08,-7.967241393599393e-09,-2.1900673728442938e-09,-4.892411630855076e-09,1.9759333636814656e-09,-3.7641183827850764e-09,5.7618212156354455e-09,4.301558134759522e-09,2.7797901078753695e-09,1.4312212087896684e-08,-5.516344599659818e-09,-1.9824775780686697e-09,-1.1357243133604726e-09,-1.7018186708660873e-10,-1.725631822160927e-09,4.558225268663235e-09,6.019287708546414e-09,2.562826846188498e-09,1.5387981662624838e-08,-1.003031292055691e-08,2.8637928537909487e-09,4.799306915243131e-10,3.827764303219406e-10,-5.209034196298741e-09,3.177403776074809e-09,3.708381401719579e-09,4.622313512014576e-09,5.089351423175829e-09,2.3961598218700053e-09,-3.1468560808981924e-09,-6.903343650430193e-10,2.1144025977200008e-09,-1.0417840043691714e-09,2.5539075368806785e-09,8.346763854153326e-10,1.7900548179195967e-09,2.878579061828852e-09,-2.3492600257153266e-09,-8.399698703472788e-10,-3.1011383232504896e-10,-4.534912737705812e-10,-4.54563388735242e-10,-2.3826647926848436e-09,1.5405188225155533e-10,2.1935243952566493e-09,-1.994632884385747e-08,5.299592540403179e-09,1.9142034602643834e-09,3.4054955406082837e-09,6.255410147780681e-10,4.721620455025981e-09
F12treat_m3,1.0260524052824285e-09,2.029994641574486e-09,2.030974544892033e-08,3.629234662116045e-08,-4.791894639956895e-08,-1.279256829936875e-08,-8.691555173222889e-10,4.020687411775165e-09,-4.88829810826555e-09,1.4231538147045306e-09,3.3260300336334623e-09,1.1238300819139577e-08,3.591837313253245e-08,-2.83193689627121e-08,-1.4247715747097144e-08,-1.5227390276348757e-08,-2.471554327847527e-09,-9.518891516379833e-09,4.028808012106038e-09,3.9332901244105914e-09,2.1977292872743454e-08,2.983973335574466e-08,-2.7542247855556536e-08,-7.574778228375075e-09,-1.5529190041917084e-08,5.750854905143461e-09,-3.6134367462450426e-09,8.23632719242152e-09,9.162770932509312e-09,1.182179527957524e-08,3.849915617481943e-08,-2.4139888301838004e-08,-4.458995726489156e-09,-4.867057669386529e-09,-2.7871977904602565e-09,-1.3177609411500652e-09,5.329837384222441e-09,1.0541019962565829e-08,9.00645766294251e-09,3.23173815681008e-08,-2.132166657212885e-08,4.619257859894479e-09,-4.036421433850714e-09,8.969150065034348e-10,-9.88882052960322e-09,3.7083814017195397e-09,1.039801027069646e-08,1.1757443563473494e-08,1.1980262799733601e-08,2.160720485365575e-09,-6.238129383457707e-09,-1.290715298836552e-09,5.428898768814693e-09,-2.5955947734142604e-09,5.0348634986935935e-09,2.295844614283166e-09,5.2166272808587205e-09,4.274600060462284e-09,-2.5634759594663896e-09,2.1676709347026108e-10,-2.793592380170956e-09,-3.604940283738134e-09,-6.682817202654926e-10,-2.041598062275444e-09,-4.668609255923472e-10,8.380178624571473e-10,-4.667015214626744e-08,1.2867378603210662e-08,6.305546439650552e-09,1.0991751015267941e-08,1.669886092592755e-09,8.936223362983383e-09
F12treat_m2,2.646953696433234e-09,2.463254227982805e-09,5.7621010334838556e-08,6.385919447769255e-08,-1.0173294426974166e-07,-2.2186501888752465e-08,9.122626333811975e-09,1.1719567053488964e-08,-8.185726933728659e-09,5.166101022120946e-09,5.620929737046962e-10,3.127483570020122e-08,9.057768800666654e-08,-6.34801918201558e-08,-2.3944379603382343e-08,-1.863178331130913e-08,-3.3990822532032136e-09,-1.8827793183888026e-08,7.244300166397947e-09,3.701173889521786e-09,5.275248718172362e-08,6.294920754164886e-08,-7.284002383915361e-08,1.1576312828221534e-08,-2.3831170281730955e-08,2.1997894313904883e-08,-6.466714884305836e-09,1.550712416591363e-08,1.6522349819547455e-08,3.164333652196343e-08,8.694847108557545e-08,-5.54918500812654e-08,1.6554502794351212e-08,-3.300218653445716e-09,5.542435829331802e-09,-3.0015723631930865e-09,9.50044188446049e-09,1.6984979346600753e-08,1.651477602837613e-08,5.535810155496419e-08,-6.108893917165605e-08,2.997682902987256e-08,2.058068606166954e-08,1.7128737480268488e-08,-1.4493309935415338e-08,4.622313512014647e-09,1.1757443563473694e-08,4.1230752730462275e-08,6.581675586520027e-09,1.9196417593298563e-08,4.477098499294178e-09,-2.7747364677190727e-09,1.9685129665819566e-09,-1.916836794884071e-09,8.518262003313335e-09,2.5236670356027896e-09,2.709349154132991e-08,1.3390921073652415e-08,2.531432379984681e-09,1.6653959412802074e-08,-5.857885046326353e-09,-5.373464095781064e-09,-6.243235572811348e-10,-2.5086547437551697e-09,7.279700933297191e-09,-7.964858246278937e-09,-1.0956507086864808e-07,2.844840068976064e-08,3.550491680795623e-09,1.7573583156663378e-08,6.2231445235131105e-09,1.7833347975525754e-08
F12treat_m1,5.100905782420482e-09,4.205703077308898e-09,1.6926859108410167e-08,9.003063090227321e-08,-7.887830361586502e-08,-1.8641384510779245e-08,8.416931466507229e-10,1.0534144676015652e-09,-9.41715269344801e-09,7.107395380481079e-09,7.052937697641615e-09,-3.940489654499712e-09,1.019492132130906e-07,-5.037061479801648e-08,-3.699639671370915e-08,-2.8305121729328107e-08,-1.3210681628720132e-08,-2.2245712676161028e-08,1.0051876890369186e-08,8.436485648511682e-09,2.7118085521296368e-08,9.879070962618155e-08,-5.43260100431927e-08,-2.9491601815219365e-08,-1.523595915053221e-08,9.470907281753477e-09,-1.4059637413993156e-08,1.3693506202409244e-08,1.5383083981290974e-08,3.335938305014703e-09,1.0681192761835984e-07,-5.406225999292361e-08,-1.5823146376759294e-08,-1.008260935440716e-08,-1.7209500749399386e-08,-9.779013360093013e-09,8.460088048130959e-09,1.9306701534951575e-08,-2.5353322457045235e-09,8.82982543269563e-08,-4.491397761701233e-08,1.2478092797285747e-08,4.352280374167129e-09,-9.377512174551228e-11,-2.3100518116719686e-08,5.089351423176006e-09,1.198026279973303e-08,6.5816755865219206e-09,6.2146370209706e-08,-1.4004412794889533e-08,-1.1871071032308553e-08,-2.393095215793348e-09,8.684598273176062e-09,-6.884654184898546e-09,8.824159088118194e-09,2.7544769588256888e-09,-5.820128451962759e-09,3.4035451574813136e-08,-4.613278669481738e-09,-2.762131180559962e-09,-1.4545531177431168e-09,-1.503878773544969e-08,6.225866874970974e-10,-2.1563381970734113e-09,1.4938009909008065e-09,1.4157657729330746e-08,-1.2002588777785723e-07,1.8481366779001123e-08,1.177921041893023e-08,1.726370178303862e-08,7.819272683283015e-09,2.083285542484361e-08
F12treat_p0,6.373470932874358e-10,4.240895047861783e-09,2.92989244857716e-08,2.1010333271836846e-08,4.728040345702493e-09,6.875352186553321e-09,1.8204759958466473e-08,6.4260899380859775e-09,-1.007014365652658e-08,5.496601602976492e-10,-3.423366143724119e-09,1.2270074380226374e-08,1.796510936847847e-08,1.3763422188969665e-08,3.537203215979277e-09,4.4063647351767004e-09,3.605283577989038e-09,-2.3663432361858967e-08,-1.0794080170419483e-09,3.777791743598677e-09,1.2050712333490446e-08,-1.0415884414995191e-08,2.988018964990891e-08,3.6422613990428446e-08,1.5768114366133003e-09,1.1333064943027191e-08,-1.7184288778793362e-08,6.012441601394146e-09,8.15349144114693e-09,3.536808750109393e-10,3.4024800611758723e-09,4.33887654546272e-08,1.9716718520631696e-08,1.537935727165234e-08,1.012928507129752e-08,-1.505449249962017e-08,8.158706122272536e-09,3.0111983537913492e-09,4.051687628383573e-09,-6.124690526324513e-09,2.4225090104560036e-08,3.2922962977941966e-08,2.334912571688385e-08,5.088343739765685e-09,-1.6946036054886984e-08,2.3961598218700243e-09,2.160720485365868e-09,1.919641759329778e-08,-1.4004412794889678e-08,7.227487509385534e-08,1.1775554885569943e-08,-3.711842286794929e-09,-4.6248627239843e-09,-5.5535054389584185e-09,-6.784993233941185e-10,-6.400370895373925e-10,2.0061252310419434e-08,7.024604536545886e-09,3.5282061071937404e-08,1.604838285768325e-08,4.203062574482316e-09,-2.5362045716623446e-09,-2.6698752832863538e-09,-5.060534007592185e-09,5.641905720204454e-09,-8.790383906482346e-09,-2.1164966485521218e-08,-2.1935421817262296e-08,-9.812800984403456e-09,-5.135529798089014e-09,2.2932469682282627e-09,1.1126354232394607e-08
F12treat_p1,-1.3238274980280417e-09,-1.6032970910811835e-09,-9.109948750793146e-10,-1.82568172538512e-08,2.3052795616032874e-08,9.063379653869787e-09,2.6616807563710845e-09,1.1877776184123144e-09,9.103982561436983e-11,-1.9200182663537346e-09,-9.59028307389547e-10,1.353790081011477e-09,-1.339233553156965e-08,1.996732168049424e-08,9.680329604968104e-09,1.0615160102972494e-08,3.5731840836249067e-09,-1.3705114378697461e-09,-6.122146499552369e-09,-2.9436667913603635e-09,-5.2167783999553514e-09,-1.4443500545820446e-08,1.1882654913098993e-08,1.6310189059765208e-08,9.303586133278128e-09,3.65520967954486e-09,6.384423677462793e-10,-7.1382973851638586e-09,-6.063951155843242e-09,-3.78396388247069e-09,-1.5675022338864937e-08,1.2256932015232149e-08,1.4858140249685644e-08,4.753432362753456e-09,9.672893878955666e-09,1.1919242777809135e-09,-4.281371334590731e-09,-9.77000649085346e-09,-1.182329874559269e-09,-1.6506967701673156e-08,9.21578148903982e-09,5.579897054833038e-09,1.5094367091977667e-08,9.832553591427786e-09,6.403465243187394e-09,-3.146856080898193e-09,-6.2381293834576914e-09,4.4770984992941834e-09,-1.1871071032307579e-08,1.1775554885570452e-08,2.1644289416613223e-08,2.720448141198462e-09,-2.983481814318365e-09,2.3907589613821684e-09,-2.4160653758526086e-09,4.0860051125871987e-10,1.3350213844706044e-08,-4.275895188111071e-09,1.4210039924954548e-08,1.3820352236577952e-08,3.6586882797770323e-09,1.2360384879499086e-09,3.713465129971918e-10,2.3254276765835814e-09,3.996282891917141e-09,-8.804931573625167e-09,1.9361810934780476e-08,-4.425592827602841e-09,-7.228418885890988e-09,-7.1146764618631164e-09,-1.1467258827517676e-09,-4.0452583897291395e-09
F12treat_p2,-2.505913304992697e-10,-1.2455608201325428e-09,-1.3692485505874649e-08,-1.680147235302363e-08,2.5540487492937963e-08,1.5698692434549742e-09,-2.3607368922025825e-09,-1.8325163891220324e-09,-4.18066241101299e-09,-1.548253132397385e-09,1.3875337399974692e-09,-4.801750327527847e-09,-2.275606938458167e-08,1.8087800372380693e-08,-1.252290963802432e-10,9.553615346602388e-09,-1.0277639213914744e-09,-2.0094406805105993e-09,-7.388048569275493e-10,-9.164688086590782e-10,-9.130340291506188e-09,-1.7317406444833976e-08,1.6995824649599836e-08,-8.505579854646548e-09,9.457700932541747e-09,-6.746886484486e-09,-1.5423250947005798e-09,-4.844223664876902e-09,-7.499347672450414e-09,-2.602943749764126e-09,-2.657445401044962e-08,2.2635175328061072e-08,1.5502470737062657e-09,2.870638115579315e-09,2.3687286918049913e-09,-4.0785689783826285e-09,-2.6974147111163578e-09,-5.3491150852314296e-09,3.6032740629202292e-09,-1.340848377719452e-08,2.0631055305907943e-08,-1.2058270423729391e-08,1.333061904644668e-09,-1.932332601993882e-09,-2.4525668559411385e-09,-6.903343650430368e-10,-1.2907152988365773e-09,-2.774736467718849e-09,-2.3930952157931858e-09,-3.7118422867946494e-09,2.720448141198628e-09,1.0487704391748898e-08,-1.2758700446438414e-09,-2.670136126426043e-09,-7.81597777829188e-10,4.4343610378004735e-10,-8.814315620059235e-10,-2.5954112157808556e-09,-1.9752713953103164e-09,3.9972396170211164e-11,9.263769832478405e-09,6.090197936036918e-12,-3.386137663381356e-09,1.0082269073267159e-09,-6.732119539487459e-10,-1.847117694699632e-09,3.168024152007353e-08,-8.782972867659675e-09,3.1577843763586616e-10,-1.0154385701633859e-08,-3.12464139706867e-09,-2.1928315274695118e-10
F12treat_p3,1.5400097089704899e-09,-2.2049620046445004e-10,1.5351791504967172e-08,3.2792633160177285e-08,-3.892561361791039e-08,-9.541421619987185e-09,-1.732576426308464e-09,8.979558427707243e-09,6.115033505737466e-09,3.116111881190888e-09,2.456293307174411e-11,7.3780770373172364e-09,2.984669865646169e-08,-2.236811977127942e-08,-3.811111653211232e-09,-1.9804985324232886e-08,6.3088103223444954e-09,2.788202284389262e-09,2.942367638459319e-09,-9.119483111424303e-10,1.4589040872450037e-08,1.873047425039434e-08,-2.6216136077353016e-08,-5.3676647663471506e-09,-1.6510031452475074e-08,1.5870805131913994e-08,1.1014533604763693e-08,4.98149491330369e-09,4.1509141526118825e-09,1.5009496733981576e-08,3.9206326717951954e-08,-3.159099918919976e-08,-2.2845794065407237e-09,-1.3762223482608774e-08,6.100281784836689e-09,1.0033965308214646e-08,2.081787698782685e-09,8.756304335589211e-09,1.0679950487592978e-08,1.66151513666109e-08,-2.6834753917071626e-08,2.9854816825619586e-09,-1.5444199897518354e-08,1.1532886228232624e-08,2.760295253929771e-09,2.114402597720031e-09,5.428898768814607e-09,1.9685129665814884e-09,8.684598273175466e-09,-4.6248627239842674e-09,-2.983481814318152e-09,-1.2758700446439709e-09,2.184671195442267e-08,3.377175716303389e-09,1.7196048285756495e-09,-3.7114199445652374e-10,6.602494598492003e-10,1.623119199456448e-08,-3.924252891343607e-09,-4.097669065890594e-09,-6.756534929605344e-09,1.2625903503984583e-08,1.7916431341681754e-09,8.264246949027447e-12,-7.382829609839911e-10,3.8875169948103546e-09,-3.955845657680093e-08,7.4293743527369364e-09,3.5701582078630415e-10,1.2838432523151748e-08,-9.824958527526642e-09,-1.5652598054143287e-09
F12treat_p4,-6.609479287847872e-10,-1.3580692120448852e-09,-2.3939655804459586e-09,-1.0320703634528122e-08,1.1252502779587238e-09,3.381754664382025e-09,-3.3479239874114044e-09,3.0609238928946677e-09,7.819296123504592e-09,1.3391914340810593e-09,-1.3423979328651575e-09,-1.2083986377155294e-09,-5.6615785696147e-09,-4.610983373590509e-09,8.721830020975648e-09,-2.3397321354257667e-09,6.0730682059504894e-09,1.0052552957202541e-08,6.714802682776542e-12,-2.287577137875225e-09,-3.0565237851063075e-09,-5.361292465384953e-09,-4.651160305573833e-09,8.645429739138006e-09,-3.6846111549473554e-09,7.092462874308623e-09,9.250075113102881e-09,1.2868087457668927e-10,-1.531350597100126e-10,3.529547699418226e-09,-3.603723672707058e-09,-9.124621773655839e-09,4.7176187121698986e-09,-4.36242275982869e-09,2.5973986827479594e-09,4.005803534882141e-09,-1.5149126745501257e-09,5.368854427497549e-10,3.9938207402287926e-10,-1.315706486644945e-08,-4.258901887113147e-09,3.1518150025820683e-09,-4.478371649623552e-09,6.247245199387441e-09,8.678909734213079e-09,-1.041784004369173e-09,-2.595594773414079e-09,-1.916836794884278e-09,-6.884654184899425e-09,-5.553505438958414e-09,2.390758961382031e-09,-2.6701361264262526e-09,3.377175716303308e-09,9.713904764936976e-09,-1.1243657195164872e-09,-9.106961836539944e-10,-1.818312570008678e-09,-2.5976902910255416e-09,-4.65481271518686e-09,-8.287062305097374e-10,-5.780633217359624e-09,8.08388484856986e-09,5.254563855949712e-09,1.0075178377236154e-09,-8.101359842289706e-10,1.4859249180693306e-09,6.280166175097227e-09,6.736102540822509e-10,-2.930887668992168e-09,4.380275298731438e-09,-3.661650803042685e-09,-7.595391320362153e-09
F8treat_m4,1.3255690067255108e-09,8.662022895071268e-10,1.2848369116896877e-08,2.2357917092471263e-08,-2.925766138597354e-08,-9.024125683236666e-09,1.3806021768819534e-09,1.9920443836486512e-09,-3.639035251985656e-09,2.3097990306243092e-09,1.5219748494467404e-09,6.789231243790985e-09,2.7384782087775808e-08,-2.032429152864228e-08,-1.133875546175957e-08,-8.255860304692812e-09,-1.7053227943536223e-09,-6.318206349608858e-09,4.087383994939798e-09,1.89315727569272e-09,1.464943003304449e-08,2.2185949704362104e-08,-1.907493486018857e-08,-5.114989503160289e-09,-9.637937460357617e-09,4.270421349231442e-09,-4.15394431190894e-09,6.6676578763430405e-09,5.3394521689958025e-09,6.576464816341431e-09,2.527071356855229e-08,-1.536483073395454e-08,-7.917582878160464e-10,-2.9629741752368063e-09,-1.7774301141108405e-09,-3.496433060497951e-09,4.028561094033099e-09,6.226826110230835e-09,4.1878442201069715e-09,2.3009217495686024e-08,-1.6235793613480818e-08,3.834199928006859e-09,1.6001057354535995e-09,2.036521927312054e-09,-7.333210623751175e-09,2.553907536880714e-09,5.034863498693687e-09,8.518262003313288e-09,8.824159088118584e-09,-6.784993233940465e-10,-2.416065375852583e-09,-7.815977778292724e-10,1.7196048285756452e-09,-1.1243657195164944e-09,4.333095713698647e-09,1.091357519542029e-09,4.214594179444335e-09,2.338852254980281e-09,-1.7067920618745887e-09,1.788635956253516e-09,-1.7169840670014386e-09,-4.0534772946634616e-09,1.1182790925968094e-10,-1.719561244229392e-09,1.3730913562832653e-09,7.39378978312202e-10,-3.2476557177570625e-08,9.173458308469515e-09,3.58677675928644e-09,6.556074329186345e-09,1.965016734097727e-09,6.4963950954111065e-09
F8treat_m3,-6.555985322918797e-10,8.138846439668044e-10,3.2121744258466486e-09,6.949339518858755e-09,-9.977920806849776e-09,-3.500917153900798e-09,-2.047257884157258e-09,4.693149440457196e-10,-1.7964185663920056e-09,-1.0937337120307833e-09,2.1317595851365206e-09,2.686325799772877e-09,-6.63816144290557e-11,-3.773321996900876e-09,-2.1200363668479917e-09,-6.820271549514671e-10,-1.5398534479893155e-09,-2.6679121504698973e-09,-4.721610055804455e-10,1.7565975197925272e-09,4.2629968709700365e-09,5.935236628421365e-09,-4.3391743246989614e-09,-3.395330588438418e-09,-1.9379744060745293e-09,-2.321451824639295e-09,-1.7523866741405827e-09,1.0458369972075212e-10,1.8811621989862492e-09,-1.4090041593655957e-10,3.4236821216541266e-09,-7.819348064825622e-09,-2.82296813161783e-09,-1.928417434502553e-10,9.549089260389118e-10,8.053684534330216e-10,1.1218168322233683e-09,1.202252389449612e-09,1.5228463605412912e-09,1.0238091299316057e-08,-4.24475988662642e-09,-2.187594048239347e-09,-8.553700189830838e-10,-2.1132867832100927e-09,-2.1295181929148314e-09,8.346763854153392e-10,2.295844614283095e-09,2.523667035602744e-09,2.7544769588258563e-09,-6.400370895368475e-10,4.086005112585487e-10,4.434361037799528e-10,-3.7114199445643503e-10,-9.106961836539308e-10,1.091357519541934e-09,2.7131974313831908e-09,4.455204894028268e-09,-3.6720567773543765e-09,-1.7630784732025388e-09,-5.854520072406462e-10,1.1252802810601253e-09,-2.2324935513536256e-09,-9.618649836912357e-10,-5.588223134795495e-10,-1.1533228482217614e-09,-1.2404536767474241e-09,-5.212698600286102e-09,5.5060352905172034e-09,3.7169554400494967e-09,2.3431578767088416e-09,1.5797085955130767e-09,2.608445241407091e-09
F8treat_m2,-8.270519743434907e-10,3.3005293969328784e-11,4.2936506804439363e-08,2.5898040981086053e-08,-6.246602175664153e-08,-1.5978580060614275e-08,4.014952079884799e-09,9.730652339213898e-09,-2.7512237527142392e-09,-9.918322683423218e-10,9.689925655553764e-10,2.9326810133685004e-08,3.1761356632063645e-08,-3.196588813329642e-08,-8.275418011396247e-09,-7.89293923920386e-09,-3.5690651090020425e-09,-1.1302227918081588e-08,-7.847872019788837e-10,1.6692533596670903e-09,3.615113637054093e-08,2.0813579583614484e-08,-4.191574896188706e-08,1.2889121349680318e-08,-1.7842970480581315e-08,7.942076509250025e-09,-6.0840713512091326e-09,4.692405910466982e-09,8.031040787755446e-09,1.770830656023995e-08,3.2836722900118225e-08,-3.4632342969342717e-08,1.3440385740492035e-08,-3.207636072679317e-09,9.792883063782783e-09,2.8843137116776287e-09,4.714121826281556e-09,5.838779321547678e-09,1.32124700709549e-08,3.067285405620045e-08,-3.5195061071671416e-08,1.2908793292586131e-08,9.68376324799562e-09,8.162064922212223e-09,-7.315069724896066e-09,1.79005481791968e-09,5.2166272808586584e-09,2.709349154133027e-08,-5.820128451962824e-09,2.0061252310419795e-08,1.3350213844706001e-08,-8.814315620059156e-10,6.602494598492304e-10,-1.8183125700088258e-09,4.2145941794442025e-09,4.45520489402812e-09,3.452249022377426e-08,-8.61429495073203e-09,6.783076806590051e-09,1.307650097263932e-08,-5.536630395714491e-09,-1.3348986053245885e-09,-2.829614946720679e-09,-9.928096871658682e-10,4.933870043510354e-09,-1.1441303279485925e-08,-5.094076734693431e-08,2.028986461379715e-08,3.5969319600645295e-09,1.3476714620844044e-08,5.34972279136038e-09,9.930935688175113e-09
F8treat_m1,7.932747257396757e-09,5.502669010244518e-09,2.5650640636835792e-08,9.956223477011721e-08,-6.17336799402346e-08,-8.935784282588509e-09,1.526579988647987e-08,7.299610975530792e-09,-4.387011184768841e-09,1.2112170684561514e-08,-4.9300318202723244e-09,-7.604997737361957e-09,1.284853275894209e-07,-4.2789610196889245e-08,-1.6833622434282427e-08,-1.4060638201540152e-08,6.667921779742766e-09,-1.5838753836641373e-08,1.1302069544843474e-08,2.856117340608938e-09,2.4957423965934998e-08,9.013738530804534e-08,-4.9678276653281564e-08,3.4472907886584818e-09,2.4947452581018305e-09,3.562572247307278e-08,5.59253696580546e-09,1.4968416315962797e-08,1.4196164238087564e-08,1.4056112049474691e-08,1.2987462173210296e-07,-4.468569637266292e-08,6.855013357030967e-09,-1.0135939417715016e-09,7.190409886384197e-09,2.2212505609172064e-09,8.262168489598613e-09,1.8994515993581515e-08,-4.213550754153245e-10,5.646425182705538e-08,-5.7059456011075473e-08,3.6606721633960306e-08,2.5818960811595817e-08,2.4193452294675475e-08,-1.0064877387547033e-08,2.878579061829189e-09,4.274600060462492e-09,1.3390921073654485e-08,3.4035451574814096e-08,7.0246045365483555e-09,-4.275895188110241e-09,-2.595411215779018e-09,1.6231191994564874e-08,-2.5976902910247223e-09,2.3388522549800644e-09,-3.6720567773533814e-09,-8.614294950731844e-09,7.572905883136374e-08,-2.844859628816936e-09,6.562569752481565e-09,5.542986342158692e-09,3.2567506748566647e-09,1.0780118127963679e-09,-1.5743703335121611e-09,4.93592643003818e-09,8.556533270924062e-09,-1.3258688682634915e-07,1.0555732810396459e-08,-6.275605149034719e-09,2.5645544196451913e-09,-4.747368284891793e-09,1.2228036689514305e-08
F8treat_p0,-1.4682282301888943e-09,-2.4453922807395875e-10,-1.179290380661634e-09,-1.2789744202801638e-08,3.585581294120263e-08,1.7641372943468285e-08,7.932920656196649e-09,-5.632985871486868e-09,-5.145251699753526e-09,-3.073820320205391e-09,-9.538184869613738e-12,-7.28346391461006e-10,-9.192123964052615e-09,3.3608349326443276e-08,4.200382707277267e-09,-3.1266619635234913e-10,-5.756021686188729e-09,-1.0912305208763099e-08,-8.22055354838563e-09,-1.806200887413134e-09,-1.296839044566599e-08,-1.3279447524041816e-08,3.7311798202828166e-08,1.5870218481269317e-08,6.198975323259471e-09,-4.202814377968107e-12,-8.17800086510154e-09,-5.892817889547982e-09,-4.380200554764623e-09,-1.2475227077586415e-08,-1.0247250400194516e-08,3.854103044207117e-08,7.523676311567497e-09,5.108948721712994e-09,-5.914319554408841e-09,-9.498771527154589e-09,-3.376538327604258e-09,-9.992379208789899e-09,-8.14245727083839e-09,-1.894276505534561e-08,3.6692058740987626e-08,8.543922371187091e-09,1.342505167918455e-08,1.1818923728196361e-09,-1.4301277581368175e-09,-2.3492600257151798e-09,-2.5634759594655583e-09,2.531432379984853e-09,-4.613278669486999e-09,3.528206107193692e-08,1.4210039924954155e-08,-1.9752713953102594e-09,-3.924252891343505e-09,-4.654812715186663e-09,-1.7067920618745231e-09,-1.7630784732024091e-09,6.783076806590331e-09,-2.8448596288258476e-09,4.472310332493182e-08,1.4184325085543005e-08,2.0166737592614766e-09,-1.0021202666144609e-08,-4.22394804160125e-11,4.585521082620387e-10,3.715420385342989e-09,-6.139569423909477e-09,2.0418068190679937e-08,-2.6078562821683522e-08,-8.31113425589743e-09,-7.628000233389252e-09,2.0615780749723147e-09,-7.300417836575543e-10
F8treat_p1,3.4809878166106853e-10,6.041324588035416e-10,1.7418033260804917e-08,1.3733378088436076e-08,-1.4124664495745495e-08,3.3657503299143987e-09,6.898784750086446e-09,4.736705465575918e-09,-5.002804724035723e-09,1.209573865375153e-09,-1.5961437009657122e-09,7.342727065011045e-09,3.5242186226989284e-08,-6.91100253372095e-09,-4.164461388347415e-09,-3.112589891538901e-10,8.860550526296795e-10,-1.349426668330665e-08,-1.1091236412752663e-09,-2.6337368701974646e-10,1.2711276298543235e-08,2.069633578721619e-08,-1.5022742735226983e-08,1.7947214256611755e-08,-1.9242290881672124e-10,1.4145193151027985e-08,-3.7271084880138914e-09,1.9789355090917473e-09,2.148890537341721e-09,3.85635914243349e-09,3.138297629431752e-08,-2.2518578915207215e-09,1.7232159919027445e-08,3.894307201588207e-09,6.143350506571801e-09,-6.096789090970852e-09,3.784473584818089e-10,-1.0814273756821682e-09,-6.577998933778182e-10,1.3319256869273125e-08,-9.2498901884071e-09,1.9434148689528496e-08,2.2976765304270738e-08,1.3480686658414743e-08,-4.491784207392816e-09,-8.39969870347276e-10,2.1676709347024353e-10,1.6653959412801853e-08,-2.7621311805591254e-09,1.604838285768357e-08,1.3820352236578068e-08,3.9972396170082175e-11,-4.097669065890579e-09,-8.28706230509564e-10,1.7886359562535172e-09,-5.854520072403661e-10,1.3076500972639028e-08,6.562569752479801e-09,1.418432508554342e-08,2.1631529912754376e-08,2.1479244602901867e-09,-5.652910845014317e-09,6.256464302655576e-10,5.630598740161576e-10,6.24346109926179e-09,-7.480913230786059e-09,-3.313675499682681e-08,3.884369797514453e-09,-5.014782423545184e-09,-1.3296306282170463e-09,2.5681905735761163e-09,5.240807898351663e-09
F8treat_p2,-9.935940912603682e-11,1.804770318812765e-09,-2.3847005279600934e-08,-6.650867709578805e-09,4.8900196817976856e-08,8.994988016132821e-09,1.90775595099176e-09,-6.2219380838313805e-09,-1.029124740009662e-08,-1.3110997363289543e-09,1.591681178717865e-09,-1.502462686701133e-08,-2.2700452819921395e-08,3.2191702733315603e-08,5.985204974610153e-09,1.8268610033390645e-08,2.3575804068344236e-09,-1.043307580216979e-08,-1.2333516965197896e-09,1.7489706156111917e-09,-1.796940528607789e-08,-1.3241618453992685e-08,4.0718026145483146e-08,-5.441998678397657e-09,2.238844155626643e-08,-7.895291968317146e-09,-6.174874803432018e-09,-5.36959756068313e-09,-5.927127531132024e-09,-1.5325492964386266e-08,-2.472183037045446e-08,3.625631777350635e-08,-1.2802737773881206e-09,1.2123652094980537e-08,5.671313062648694e-09,-8.72191092639796e-09,-7.92503269363719e-10,-7.751995528136253e-09,-3.959380272297661e-09,-8.997208715476437e-09,2.9118716245501028e-08,-6.3938715288983815e-09,1.3198009653475888e-08,-4.154446949550852e-09,-6.764037278136677e-09,-3.1011383232502616e-10,-2.793592380170927e-09,-5.85788504632616e-09,-1.4545531177415814e-09,4.20306257448289e-09,3.6586882797770828e-09,9.263769832478547e-09,-6.756534929605273e-09,-5.780633217359452e-09,-1.7169840670012971e-09,1.1252802810601683e-09,-5.5366303957143515e-09,5.542986342158244e-09,2.0166737592615503e-09,2.1479244602901863e-09,2.2184958496485433e-08,-7.017606820597401e-09,-5.263816496651829e-09,-9.87607662054859e-10,-1.5897434150851249e-09,-2.739001499402796e-09,3.621115825475537e-08,-1.139553755934147e-08,2.1123411344863815e-10,-1.825674486364789e-08,-8.782940054506212e-11,3.3364809499340286e-09
F8treat_p3,-4.354583195186573e-10,-2.485476310370384e-09,-1.249983772239349e-09,-1.5871792015811916e-08,6.99197387398673e-09,1.8187224104707182e-09,-1.6768729348839484e-09,1.0138495416854632e-08,1.0748086288974823e-08,2.758800943376123e-10,-4.2469511760038925e-09,-4.6186917449826835e-10,-1.6768850686395397e-08,2.9943292144683506e-09,1.292571564439641e-08,7.955086495066107e-10,1.3257309039343327e-08,1.612867348506768e-08,-7.479409022071729e-12,-3.634240647052935e-09,-4.3694002528030325e-09,-2.5278991691721206e-08,5.928747441687126e-10,1.132320444613459e-08,-9.050511998641325e-10,9.709787595018473e-09,1.4388512020171695e-08,-2.1891475738746196e-09,-2.6952599910942903e-09,8.793605002520104e-09,-1.773290859059077e-08,2.2050642358348992e-09,4.385313894842297e-09,-6.6846043281338225e-09,1.273130089876528e-08,1.2912969120890003e-08,-2.029752016470199e-09,2.718639551402118e-09,7.3477091241664015e-09,-2.7851597986640108e-08,-1.462576355720243e-09,1.2196566153128272e-10,-1.1165485582596486e-08,9.830078857432332e-09,1.3581286302840316e-08,-4.53491273770487e-10,-3.604940283738099e-09,-5.373464095781352e-09,-1.5038787735450314e-08,-2.536204571662437e-09,1.2360384879501425e-09,6.090197935782811e-12,1.2625903503984305e-08,8.083884848569868e-09,-4.053477294663368e-09,-2.2324935513536247e-09,-1.3348986053245301e-09,3.2567506748561055e-09,-1.0021202666144809e-08,-5.652910845014338e-09,-7.017606820597625e-09,2.506535794765866e-08,2.1211457084469506e-09,1.7367255997774792e-09,-2.2956518218257326e-09,1.1276433008654177e-09,2.068501981092698e-08,-2.6908755339616937e-09,-5.738927016387292e-09,2.2438061987710796e-09,-1.1558536084857111e-08,-1.180546047679368e-08
F8treat_p4,3.084031604914328e-10,-1.1061165183813558e-10,3.9726630426338873e-10,-1.7715705763289522e-09,-1.5883902519087964e-09,3.5644366587080743e-09,-4.22832597638155e-10,1.7008496624882241e-09,5.893267058672365e-09,1.6358809068068951e-09,-9.130047164935559e-10,-1.1836720578392334e-09,7.889426181939701e-09,-4.817862627010052e-09,1.6955534489523398e-09,-4.3034668410461955e-09,2.9755294080351557e-09,4.643876753938224e-09,4.2799499336037004e-10,-5.367762463529787e-10,2.538575721918508e-10,4.255887781117594e-09,-5.341668102460315e-09,6.0598633624677654e-09,-3.725726098422766e-09,6.888377417315795e-09,5.44142588367272e-09,1.9815473332444947e-09,1.719526224477577e-09,1.4029117887236942e-09,7.032236829541563e-09,-6.646449679648143e-09,1.6932096280752177e-09,-2.436613989727383e-09,-1.4687761500093006e-09,1.3640130178819459e-09,-4.940549873023917e-10,1.7348939069399936e-09,-1.741375811862815e-09,-2.677509445342255e-09,-4.026742460356365e-09,4.08296668300774e-09,-8.379911223667456e-10,4.1631664544187996e-09,4.197396890256687e-09,-4.545633887352761e-10,-6.682817202654037e-10,-6.243235572811838e-10,6.225866874963499e-10,-2.6698752832860974e-09,3.713465129971639e-10,-3.386137663381466e-09,1.7916431341679879e-09,5.2545638559496675e-09,1.1182790925966888e-10,-9.618649836913085e-10,-2.8296149467203063e-09,1.0780118127956017e-09,-4.223948041607072e-11,6.25646430265497e-10,-5.263816496651816e-09,2.121145708446862e-09,7.13263867827102e-09,4.819472782330651e-10,3.9303250264740505e-10,1.8479814908254054e-09,-6.3973768898811446e-09,2.663830375366041e-09,-1.8387228055528536e-09,3.5961174166118e-09,-1.0455176754356822e-09,-4.1412331115198345e-09
window_m4,-7.664466382397066e-10,-6.860644734063663e-10,-3.834923424547664e-09,-1.1383714901744577e-08,3.9776618180651356e-09,4.071535748814926e-09,-3.0679486565217065e-09,1.8204277503184396e-11,2.5476024698716445e-09,-1.7543458823493192e-09,3.1391047570483817e-10,-6.080367026750105e-10,-8.625652288713985e-09,2.895793311199684e-09,4.586995532061032e-09,8.079039772974965e-10,-1.1494255534070007e-09,4.125745673047259e-09,-3.093505453847308e-09,-1.608637623796307e-09,-4.21907677567123e-09,-4.810130803349205e-09,-2.3990790442306415e-09,1.3037530996085363e-09,2.3855640869725893e-09,-5.442257424274801e-10,4.407140765878274e-09,-5.035954190395072e-09,-3.2616514719759764e-09,1.0531551801693974e-09,-4.9633282059775495e-09,-3.863566596622963e-09,1.0164621505784022e-09,-1.0064366097623312e-09,-5.938551985559548e-10,3.9102708211887445e-09,-4.405763131028343e-09,-3.4465865191467855e-09,-3.455121469637019e-11,-8.838799158724739e-09,1.7774001459288963e-09,-1.5439011097563794e-09,-1.8740173862669185e-09,1.0479230462530283e-09,5.042379724564007e-09,-2.382664792684869e-09,-2.0415980622754793e-09,-2.508654743755124e-09,-2.1563381970736325e-09,-5.0605340075922766e-09,2.3254276765835364e-09,1.0082269073267386e-09,8.264246949049366e-12,1.007517837723635e-09,-1.7195612442293843e-09,-5.588223134795738e-10,-9.928096871658971e-10,-1.5743703335123127e-09,4.585521082620902e-10,5.630598740160941e-10,-9.87607662054815e-10,1.7367255997775607e-09,4.819472782330745e-10,2.8536945356479127e-09,-1.3702462373288414e-10,-1.1147551182677677e-09,9.641206647844034e-09,-1.4000946792009185e-09,-1.5717554232619733e-09,-9.406274121743552e-10,-1.1432706395406607e-09,-4.172628461887332e-09
window_m3,1.3045859977026418e-09,-3.574719887390966e-10,1.2507066239914612e-08,9.88269484238885e-09,-1.5516448443586753e-08,-3.402507151347437e-09,6.013895374852941e-09,1.6620564179920525e-09,-2.1409242124897272e-09,2.660931848813107e-09,-1.6371284570480311e-09,6.5960277756651965e-09,2.2097156629154738e-08,-9.935979919386366e-09,-7.123883546303637e-09,-1.721762249379418e-09,-2.95292083282775e-10,-4.1864133751685075e-09,1.8918810737145462e-09,-1.1177675330845397e-09,1.0334032483774909e-08,1.1127679988706691e-08,-1.388999649712011e-08,3.858079611580267e-09,-2.7106826087754354e-09,5.637795440714139e-09,-3.136600859332873e-09,3.2284114859954675e-09,7.198080634392035e-10,6.174203234682894e-09,1.564413727061772e-08,-7.2844206845725854e-09,8.73966369265809e-09,1.6090484929039996e-09,2.61757208353461e-09,-2.685939952622558e-09,1.4968049424060764e-09,-4.4408085638872337e-11,6.734390543220613e-10,9.833624325784889e-09,-1.329882227927651e-08,1.022018679443217e-08,9.151082653669933e-09,6.574263752146628e-09,-2.2874765119729862e-09,1.5405188225153672e-10,-4.668609255922984e-10,7.2797009332973005e-09,1.4938009908999868e-09,5.641905720204492e-09,3.996282891917284e-09,-6.732119539487497e-10,-7.382829609838242e-10,-8.101359842289428e-10,1.3730913562833273e-09,-1.1533228482218098e-09,4.933870043510189e-09,4.935926430038729e-09,3.715420385343485e-09,6.243461099262005e-09,-1.589743415085164e-09,-2.2956518218254986e-09,3.9303250264743064e-10,-1.370246237329013e-10,5.454939345220956e-09,-1.648200775143082e-09,-2.432771323657805e-08,3.2441730908731473e-09,-3.3277115201887784e-09,6.257748618413773e-10,7.576787893220297e-10,4.124419071208616e-09
window_m2,9.643020749955048e-10,-1.879218432923912e-10,-6.054637324955766e-09,1.4318667654618531e-08,-7.73757407233049e-09,-1.4126973063744563e-09,7.705260145840862e-10,-2.527801138271192e-09,1.4644710447367655e-09,2.8075179940846305e-09,-7.954524301183009e-10,-1.0036896451013311e-08,1.3353678634832007e-08,-9.4100821566594e-09,-4.250486915983348e-09,-5.316718232320712e-09,-5.327602907604748e-10,4.3269756259958714e-09,4.571537254863646e-09,5.437072988920181e-10,-5.386124352373858e-09,1.415581463269191e-08,-3.8161710905665486e-09,-4.875108270297737e-09,-1.0922418830809488e-09,3.8720992529024814e-10,-2.3199826827855975e-12,4.5738635199279246e-09,2.584743163756905e-09,-6.040155821130234e-09,1.6345657080845198e-08,-7.145270760393969e-09,-7.163184459979462e-09,-4.166535499422993e-09,-8.789604312843025e-09,-7.9696869433952e-10,3.0113456003528564e-09,6.593687837607039e-09,-5.9841469735421985e-09,1.1184272272175444e-08,-5.749303414532987e-09,6.327873505161504e-10,-6.58051939001288e-09,-2.716512721472708e-09,-1.2104420904329633e-09,2.1935243952567254e-09,8.380178624573262e-10,-7.964858246279013e-09,1.4157657729332142e-08,-8.790383906483598e-09,-8.804931573624917e-09,-1.847117694699502e-09,3.887516994810316e-09,1.4859249180691394e-09,7.393789783124167e-10,-1.240453676746922e-09,-1.1441303279485666e-08,8.556533270925619e-09,-6.1395694239093015e-09,-7.480913230786018e-09,-2.7390014994027547e-09,1.1276433008655625e-09,1.8479814908254074e-09,-1.1147551182678962e-09,-1.648200775143462e-09,1.3008059618356374e-08,-1.554990495268279e-08,-9.693360074002763e-10,1.009735611650614e-09,3.937015664456955e-09,-2.0429691569370527e-10,6.595011061040944e-10
window_m1,-2.0345160522802545e-08,-1.7324195075378752e-08,-2.24022375683098e-07,-3.89864739267482e-07,5.059905765232883e-07,1.0970052458169258e-07,-3.726120800729117e-08,-3.464172439443851e-08,1.4169846034581734e-08,-3.276596034216336e-08,1.1200793887085297e-10,-8.006422552924492e-08,-5.080847678104232e-07,3.2628807171173276e-07,1.2062068522718358e-07,1.1724795270761081e-07,2.288647409106415e-08,6.655722450712159e-08,-3.9243229925591825e-08,-2.1480949132570168e-08,-2.0986235108217644e-07,-3.893566738920603e-07,3.6913640338409674e-07,-7.739103488083948e-09,1.0148525845379146e-07,-1.012389760537178e-07,1.6436991023216932e-08,-7.383825838142346e-08,-8.627915009829157e-08,-1.0458217155179378e-07,-5.188011137364213e-07,3.449349597140484e-07,-1.7084814908691136e-08,3.1112771333603495e-08,6.000556583006569e-09,-1.3798847920470572e-08,-4.409386937470537e-08,-9.33501842172878e-08,-2.6101598203838246e-08,-3.3078235648035643e-07,3.474075910320166e-07,-1.4190976837478205e-07,-5.556662564716476e-08,-6.102589096433301e-08,5.608278894064917e-08,-1.9946328843857514e-08,-4.6670152146266955e-08,-1.0956507086864905e-07,-1.2002588777785612e-07,-2.1164966485519504e-08,1.93618109347804e-08,3.16802415200731e-08,-3.9558456576800786e-08,6.280166175096884e-09,-3.247655717757008e-08,-5.21269860028609e-09,-5.094076734693242e-08,-1.325868868263457e-07,2.041806819067554e-08,-3.31367549968271e-08,3.6211158254756544e-08,2.068501981092717e-08,-6.3973768898813315e-09,9.641206647843708e-09,-2.4327713236578376e-08,-1.554990495268272e-08,6.209162900261605e-07,-1.4201440743247785e-07,-1.854907898148715e-08,-9.334715767566306e-08,-2.824627357129198e-08,-7.424723774405669e-08
window_p0,3.4759947383153273e-09,3.534398365069884e-09,5.895988329753932e-08,8.554568108227969e-08,-1.4630057162125244e-07,-3.8851808320674095e-08,2.617013881959607e-09,8.803244461563448e-09,1.7855957101777585e-09,4.924170773402508e-09,2.14234879807369e-09,2.852352656692564e-08,1.1044751990313649e-07,-9.500481699536102e-08,-3.030329580158197e-08,-2.5750299352558358e-08,-4.295430765388282e-09,-5.032311966163994e-09,8.196686354945996e-09,6.3648992402190884e-09,6.123659449906186e-08,9.225545800944068e-08,-1.1481500590706567e-07,-6.005627617151222e-09,-2.9851145815669524e-08,1.705070551521338e-08,2.879731000392761e-09,1.6243624993844098e-08,2.2892909783948682e-08,3.155758213257342e-08,1.1554524874268682e-07,-1.2056307232746134e-07,-3.7482698551307274e-09,-1.0759224751409691e-08,3.6805807768750914e-09,1.878590603494031e-08,1.0129156056834127e-08,2.337248831711215e-08,1.0670234514612408e-08,8.858615729936053e-08,-1.1810085646585196e-07,2.0543214868532602e-08,7.368728431057485e-09,1.3307942469937132e-08,-2.655522547589928e-09,5.2995925404031575e-09,1.2867378603210533e-08,2.844840068976271e-08,1.8481366779000657e-08,-2.1935421817262852e-08,-4.4255928276024755e-09,-8.782972867660267e-09,7.429374352736724e-09,6.73610254082428e-10,9.173458308469743e-09,5.506035290517802e-09,2.0289864613798688e-08,1.0555732810398997e-08,-2.6078562821684948e-08,3.884369797514606e-09,-1.139553755934204e-08,-2.6908755339620205e-09,2.663830375366403e-09,-1.4000946792010794e-09,3.244173090873275e-09,-9.693360074024832e-10,-1.4201440743247648e-07,6.973173318157274e-08,1.5291940415061764e-08,3.065539409778243e-08,1.2028155595942008e-08,1.589337464915465e-08
window_p1,-3.6182104170613206e-10,1.255285418183772e-09,4.006478736900881e-09,1.981433766374166e-08,-2.6727756470425517e-08,-1.1926587394366586e-08,-6.5968383465290294e-09,2.1071110113472013e-09,-1.0901114473146718e-09,-8.847572963775375e-10,5.108232101884901e-09,3.475549056728289e-09,1.2108516638098926e-08,-1.4477173427464307e-08,-1.0755305412805346e-08,-9.038683188176759e-09,-6.1693184282789744e-09,-7.320799431239646e-09,2.173450132155302e-09,4.816505077696601e-09,1.1570890626538415e-08,2.2280382327748948e-08,-1.6101486964803782e-08,-1.7001427151158825e-08,-1.098539122232799e-08,-3.554586693623175e-09,-5.03987322802397e-09,3.3136716591466194e-09,6.2685920488636106e-09,1.6848145596725826e-09,1.694513882697659e-08,-1.982963074150228e-08,-1.065108404069045e-08,-6.3198232716565145e-09,-4.158505140212844e-09,-3.1298227734993892e-09,3.4609511138599307e-09,6.507767409824453e-09,3.0426346363213982e-09,2.6756034085379544e-08,-1.2967954084758467e-08,-9.18173490296712e-09,-5.462633669904463e-09,-5.7975104302667275e-09,-7.188406116695312e-09,1.9142034602643462e-09,6.3055464396504945e-09,3.550491680795722e-09,1.1779210418929128e-08,-9.812800984403904e-09,-7.228418885891166e-09,3.157784376360958e-10,3.570158207862805e-10,-2.930887668992308e-09,3.5867767592864318e-09,3.7169554400493077e-09,3.596931960064615e-09,-6.27560514903382e-09,-8.311134255897867e-09,-5.014782423545324e-09,2.1123411344867392e-10,-5.738927016387304e-09,-1.8387228055529088e-09,-1.5717554232619921e-09,-3.327711520188609e-09,1.009735611650717e-09,-1.8549078981487087e-08,1.5291940415062105e-08,1.5750596871396795e-08,1.1485577765215597e-08,7.018454971110963e-09,9.270003497766671e-09
window_p2,6.66921332514376e-10,1.0518473525503982e-09,4.234737836352548e-08,5.568367295545295e-08,-1.010985328251623e-07,-2.133413516453281e-08,-4.097881892832416e-09,1.218043365162791e-08,6.146174515600908e-09,3.824508470576428e-09,3.259490540336851e-09,2.379037341179705e-08,6.540956599585007e-08,-6.651309314206156e-08,-1.5161748890669034e-08,-3.605403921604374e-08,-3.789912374467642e-09,-3.8560493233814296e-09,5.460660432143643e-09,3.457822410539832e-09,4.114462206775519e-08,5.6925805737169045e-08,-7.251191294767651e-08,-2.3149295201162105e-09,-3.786419847382907e-08,1.7059467414583255e-08,1.9430495526217234e-09,1.2528789755100466e-08,1.686053023210545e-08,2.5371120585877156e-08,7.792868921551245e-08,-7.682824211958084e-08,-1.918498904715445e-09,-2.0009783682913407e-08,-4.2081734338490366e-09,5.2432204217360385e-09,6.663598447696292e-09,1.886862149572759e-08,1.1757873847585153e-08,5.3816929381066126e-08,-6.238504036279702e-08,1.4902267955304546e-08,-1.4067579089450928e-08,7.796306271461272e-09,-5.494959241218375e-09,3.4054955406082973e-09,1.0991751015267977e-08,1.7573583156663067e-08,1.72637017830377e-08,-5.135529798089375e-09,-7.114676461862887e-09,-1.015438570163407e-08,1.283843252315187e-08,4.380275298731225e-09,6.556074329186275e-09,2.3431578767088465e-09,1.347671462084395e-08,2.564554419646379e-09,-7.628000233389229e-09,-1.329630628216807e-09,-1.8256744863647942e-08,2.2438061987711065e-09,3.5961174166117465e-09,-9.406274121743581e-10,6.257748618413154e-10,3.937015664457043e-09,-9.334715767566267e-08,3.0655394097781846e-08,1.1485577765215355e-08,3.444666327186195e-08,5.075390444153424e-09,9.801651406782635e-09
window_p3,2.058504664430242e-10,1.446184269768016e-09,8.825751769259983e-09,1.4831736326615271e-08,-2.3971628210848555e-08,-6.102751728581345e-09,2.149353907721041e-09,-4.433580001812437e-09,-3.123988242587983e-09,-5.149190557640052e-10,1.713753882691408e-09,2.2755729147185577e-09,2.2482989171847292e-08,-1.4591991320991086e-08,-9.494719240976162e-09,-1.7969302853913386e-09,-9.94607633465875e-09,-7.579416065959812e-09,3.8799338209953374e-10,3.796522065746177e-09,8.978129416888106e-09,2.4340950061750194e-08,-1.632852568650754e-08,-7.023310359066961e-10,-2.0492181062522615e-09,-5.833777106653213e-09,-1.016326159491212e-08,2.5061549953839273e-09,6.516199992098514e-09,-3.2478847399558035e-09,2.107837721901526e-08,-1.5926947573190465e-08,-3.3615582628320578e-09,2.814003970356134e-09,-9.381678852825654e-09,-4.081798225456053e-09,2.8791432504666203e-09,3.6585532503565303e-09,-6.0367035564943575e-09,2.3266385599457527e-08,-1.597230235652861e-08,5.7054093154021595e-09,1.0503117755750497e-08,-6.604090634156981e-09,-6.414497646510989e-09,6.255410147780027e-10,1.669886092592629e-09,6.223144523513118e-09,7.819272683283364e-09,2.2932469682282867e-09,-1.1467258827517208e-09,-3.124641397068475e-09,-9.824958527526708e-09,-3.661650803042717e-09,1.9650167340976414e-09,1.579708595512971e-09,5.349722791360074e-09,-4.747368284891373e-09,2.0615780749724806e-09,2.568190573576441e-09,-8.782940054490621e-11,-1.1558536084857409e-08,-1.0455176754357474e-09,-1.1432706395406127e-09,7.576787893223072e-10,-2.0429691569326575e-10,-2.824627357129172e-08,1.2028155595941655e-08,7.018454971110677e-09,5.075390444153427e-09,1.3093331761914275e-08,8.93004750796223e-09
window_p4,2.6738707582402626e-09,3.3192181280318534e-09,2.7186455503697935e-08,5.7243947450552514e-08,-5.618104734338866e-08,-1.7349932911955602e-08,6.5749367918520285e-09,4.559520272110026e-09,-1.2443592451190929e-08,4.54551067788167e-09,2.9050128219963307e-09,1.0774716570499275e-08,6.24330365510114e-08,-3.3069410018243404e-08,-2.451993290828807e-08,-1.1535236831608186e-08,-6.008419390249606e-09,-2.3693073985313464e-08,7.818840652436209e-09,6.24444106331854e-09,2.9837716986738586e-08,5.154785243679961e-08,-3.1964417001207874e-08,-8.74375776420735e-09,-1.1487767134979619e-08,6.6068137868462254e-09,-1.7055210846730213e-08,1.214715799713611e-08,1.1921805288240723e-08,9.168943087839632e-09,5.627970234074888e-08,-2.3273005820332637e-08,1.8318707530141453e-09,2.630099201422609e-10,-1.4410016649519581e-10,-1.243662848582185e-08,9.950834604944232e-09,1.1698949580418785e-08,4.5524816980870345e-09,5.4236302032221676e-08,-3.023339357205276e-08,1.5036900755282724e-08,1.3661533428477501e-08,2.6678988621968488e-09,-2.1141402876015016e-08,4.7216204550259765e-09,8.936223362983351e-09,1.783334797552603e-08,2.0832855424843674e-08,1.112635423239394e-08,-4.045258389729192e-09,-2.192831527467577e-10,-1.5652598054142896e-09,-7.595391320362214e-09,6.496395095411108e-09,2.608445241407257e-09,9.930935688174933e-09,1.2228036689514307e-08,-7.300417836578429e-10,5.2408078983516544e-09,3.3364809499340426e-09,-1.1805460476793769e-08,-4.141233111519941e-09,-4.172628461887312e-09,4.124419071208584e-09,6.595011061039051e-10,-7.424723774405622e-08,1.5893374649155406e-08,9.270003497766726e-09,9.80165140678245e-09,8.930047507962321e-09,2.217305023856976e-08
