,treat_m4,treat_m3,treat_m2,treat_m1,treat_p0,treat_p1,treat_p2,treat_p3,treat_p4,L4treat_m4,L4treat_m3,L4treat_m2,L4treat_m1,L4treat_p0,L4treat_p1,L4treat_p2,L4treat_p3,L4treat_p4,L8treat_m4,L8treat_m3,L8treat_m2,L8treat_m1,L8treat_p0,L8treat_p1,L8treat_p2,L8treat_p3,L8treat_p4,L12treat_m4,L12treat_m3,L12treat_m2,L12treat_m1,L12treat_p0,L12treat_p1,L12treat_p2,L12treat_p3,L12treat_p4,L16treat_m4,L16treat_m3,L16treat_m2,L16treat_m1,L16treat_p0,L16treat_p1,L16treat_p2,L16treat_p3,L16treat_p4,F12treat_m4,F12treat_m3,F12treat_m2,F12treat_m1,F12treat_p0,F12treat_p1,F12treat_p2,F12treat_p3,F12treat_p4,F8treat_m4,F8treat_m3,F8treat_m2,F8treat_m1,F8treat_p0,F8treat_p1,F8treat_p2,F8treat_p3,F8treat_p4,window_m4,window_m3,window_m2,window_m1,window_p0,window_p1,window_p2,window_p3,window_p4
treat_m4,2.8648776249614954e-09,1.8477453949824954e-10,-2.425405526783391e-10,2.2010754129625366e-09,7.930212279226807e-10,7.289150159955818e-10,4.726142023128647e-10,-5.169452130049778e-10,-5.470823062891118e-10,2.854979029033647e-09,-1.3809712196685633e-09,-1.8167010838807908e-09,2.1836299590475897e-09,-3.307552762897537e-10,2.2579290021208497e-09,-1.8999266933111742e-09,1.5677211938468133e-09,-7.389141998308374e-10,2.876327018374241e-09,-8.012777951359825e-10,-9.326176969586682e-10,-1.2005451589449805e-09,3.4139479846432265e-09,1.2144394565298138e-09,-2.5070939145785648e-09,3.668207942532659e-09,-2.2890490759506182e-10,1.9713787740259864e-09,-4.03257513136134e-11,5.548540033817075e-10,-4.4563824066407315e-10,2.559686763710958e-09,2.4373132107484295e-09,2.823231306359195e-11,9.562464110317904e-10,-1.0991767045475804e-09,7.873649483959701e-10,3.568505130082794e-10,5.336413363460078e-10,-1.8922714608350624e-09,9.928113275487486e-10,1.825804043377374e-09,-1.2956967950904227e-09,3.059037527548957e-09,-1.8592100244076637e-09,1.4903786522043534e-09,-2.7040551545607366e-10,-1.0514445948286776e-09,1.6931328289239819e-09,1.5017137531880483e-09,8.790668126083563e-10,1.0108654866354755e-09,3.8710234107864025e-09,-1.082881486360818e-09,1.060294509428389e-09,-1.2266985818286165e-09,-1.0249134131824922e-09,2.2954403613400016e-09,3.602748436945798e-10,4.568494084690246e-10,-1.0860005170165108e-10,1.5259594872731193e-09,-4.050288173592017e-10,-1.1390633207908088e-09,-1.3652697243247637e-10,-1.5858550814275678e-10,6.559376047739726e-11,-2.248999212111773e-09,-3.0328979009355267e-09,5.585136022967984e-10,-8.912819498184092e-10,5.709312178883896e-10
treat_m3,1.8477453949824846e-10,1.3011783057191627e-09,1.2890763563886158e-10,7.750002641097524e-10,6.388288104784276e-10,-1.6761247512702724e-09,-2.0662050347979123e-09,-8.970737889225766e-10,-8.918180234002554e-10,2.1552161696072936e-10,1.4036096768189761e-09,-3.088537817005133e-10,1.1410845397279845e-09,-1.223827881434019e-10,-1.6257346238229945e-09,-2.2917285973922265e-09,-7.118753563055641e-10,-4.884249942320158e-10,-9.337890133755955e-11,1.4333068265499575e-09,1.8001406928134757e-10,-2.626518783949672e-10,3.985425476773205e-09,-1.5007885096834633e-09,-3.7752219132610654e-09,-1.0546806931146722e-10,7.35347748144871e-10,3.728311043251077e-10,1.3630683761255217e-09,2.0967297434165104e-10,6.066930487850305e-11,8.3427538946105e-10,-4.548073049765604e-10,-2.2872158393393064e-09,1.2088104945122996e-09,2.0030172053429344e-10,4.78644393716452e-10,1.0720789901641763e-09,6.216267809249659e-10,-1.7794371636017162e-09,2.406426271199993e-09,-7.455426355958882e-10,-2.944372656664927e-09,2.101350216805561e-10,-3.9880597098062787e-10,-3.909990501250002e-10,7.730617419744099e-10,2.295944843356326e-10,-1.908770955587152e-10,1.5497756313168492e-09,-2.0438047760866496e-09,-7.871286260133291e-10,-7.087317700402417e-10,-2.643838742081935e-10,2.4671074677733597e-10,7.268155617384571e-10,-2.2936229984601847e-10,1.2707216078435284e-09,2.1117998100999746e-09,-1.6681326801779804e-09,-1.111076466004115e-09,-4.5627325796142787e-10,1.3499839163400714e-10,-2.2057045665653797e-11,-9.122124222418291e-10,-6.736767920250409e-10,2.001790738589386e-09,-7.884479706455616e-10,1.51568729827391e-09,1.4602341970221135e-09,-5.171191745061375e-10,-3.726089975506637e-10
treat_m2,-2.425405526783413e-10,1.2890763563885507e-10,1.074384734575177e-08,5.200603713796897e-09,-1.1895362221696062e-08,-3.1948818052076344e-09,3.64047007348354e-09,3.4726457761264085e-09,1.198715922097243e-09,-8.056529351862489e-10,-7.654872433097175e-10,1.0581862457526387e-08,-6.842390206651783e-09,-5.4132651638771165e-09,-3.2137415811139727e-10,3.4975059369520135e-09,1.060083381160111e-09,-1.8967001537784704e-09,1.9962051856042596e-10,3.964957906611074e-10,1.1712423193670811e-08,-5.491098682811134e-09,-2.9874362905158493e-09,1.6953915720039762e-10,7.479900660742755e-10,1.7591892981554974e-09,2.071046901590946e-10,-6.790845988334696e-10,4.066372573273323e-10,9.661307130726762e-09,-3.856192889876851e-09,-6.7161903722786745e-09,3.0160598457477515e-09,1.9417655973724044e-09,6.406373941306866e-09,3.3688174476411112e-09,4.5084890650627725e-11,8.013667903919238e-10,8.190817519165768e-09,1.8104413018821397e-09,-7.24679004099669e-09,3.971414263837514e-09,-8.567111758222893e-10,-2.204671700678738e-09,2.815580112287869e-09,-4.3270021939528996e-11,2.8245759620800395e-09,3.6946388425714222e-09,-1.1754435339430256e-08,4.276833465731985e-09,-2.541320003112173e-09,9.030091973716467e-10,4.812084747564166e-09,-1.622814934668467e-09,-9.920340934189744e-10,1.8512311620470198e-09,4.172271816239253e-09,-5.921414150144638e-09,-1.31976420037528e-09,-1.3783971929695461e-09,-8.377455706394766e-10,4.0084681188924815e-09,-3.395448425225493e-09,-3.503386415552694e-10,-1.0339680407895628e-09,-4.917015180944248e-09,4.216674510015907e-09,-2.010079794826758e-09,-4.462325330664715e-10,-2.54058215669714e-09,-3.5128916457366015e-09,1.1805106261749731e-09
treat_m1,2.2010754129625143e-09,7.750002641097425e-10,5.2006037137968895e-09,7.824480842480628e-08,-5.916670058862669e-08,-1.7576438445306643e-08,-2.1100926118966812e-09,9.785941088572227e-09,-2.98479129811992e-09,4.042852366077482e-09,4.129910708993329e-09,5.186770755202358e-09,8.278253468460853e-08,-6.951021294753798e-08,-3.900322660554348e-08,-1.1348265091929967e-08,1.0987617273747101e-08,-6.509599581211983e-09,4.442359769867068e-09,1.7424091945584686e-09,1.8506504719205136e-08,6.959188050513951e-08,-5.0141004764241274e-08,-4.40487583141278e-08,-9.758385829092175e-09,2.4710674830947193e-08,1.3931355138618044e-09,3.738408630590402e-09,1.5650088546278923e-08,2.4696778236588155e-08,7.007591448642334e-08,-8.351419624957124e-08,-4.092459953102068e-09,2.2558220537275943e-08,5.843888123647774e-09,-7.4061723312977456e-09,-1.1126738730992515e-09,1.473215828762449e-08,1.309947276996586e-08,3.491496320146296e-08,-2.523048608024057e-08,-1.1461110802339307e-09,2.4049087917634742e-08,-5.070816271594752e-09,-1.6121257833636077e-08,2.5233497367741748e-09,1.0654590531380442e-08,4.774561051745013e-09,1.9299959241609674e-08,-4.751332749887772e-08,-6.111590003497887e-09,1.013377578142843e-08,2.0733763693794092e-08,-1.1900084090212866e-09,2.225208237875273e-09,1.287206953645181e-09,-1.792724828653652e-08,4.8725351624412384e-08,-2.8360001818343833e-08,3.0644996850880654e-10,2.0361268598213484e-08,3.610394648107257e-09,1.5469995256585718e-09,-3.725839569714932e-09,-8.178153741642844e-09,-3.020612379910154e-09,-7.423586968755594e-08,4.1399135780172506e-08,9.687998161748267e-09,2.6501509517438124e-09,-7.486129046086487e-09,9.7478182374256e-09
treat_p0,7.930212279226804e-10,6.388288104784315e-10,-1.1895362221696012e-08,-5.916670058862681e-08,7.849129998302141e-08,1.5696551251962124e-08,-1.6290653722864106e-09,-9.788641953626987e-09,-4.372069909461585e-09,2.2076296446978904e-10,-1.392759867493466e-09,-1.6421289932714365e-08,-5.5620296522712085e-08,6.876028154303366e-08,3.6989640175511295e-08,3.4287673471232142e-09,-2.8864814059542315e-09,4.4767350202884624e-09,-1.8408201752577957e-09,-7.206530293523415e-10,-2.7180363598522678e-08,-4.651862767631816e-08,6.318052578878121e-08,3.725365578637342e-08,8.957520371477874e-09,-1.2582783072363128e-08,-2.9443149724319277e-10,7.415544989639341e-10,-1.2001890071759942e-08,-3.0401712209952214e-08,-4.935089036927797e-08,8.040504220970554e-08,-5.104148946771634e-10,-2.4767461217466214e-08,-3.0621527681849804e-09,3.5150385616757688e-09,3.844368251574039e-09,-1.2754199267482313e-08,-1.944043298800097e-08,-3.25504787430607e-08,3.633244292341753e-08,-5.165078960409004e-09,-2.485294261452932e-08,8.697434007320303e-09,8.584570902525643e-09,8.871780644232915e-10,-1.2274378179199985e-08,-9.647247021657401e-09,-4.277005248478379e-09,4.265841453635567e-08,3.982485534038645e-09,-7.395657056170508e-09,-1.7209420562907286e-08,-6.438543940436006e-10,1.8093650842904944e-09,-4.705978344015082e-09,1.0141772702024273e-08,-3.2064427163973464e-08,2.49090190582096e-08,-2.3019367070780453e-09,-1.0673769237493918e-08,-6.0053496645241604e-09,2.9027457547130535e-09,-2.0563777943132477e-10,7.858469367066766e-09,5.3491031043451775e-09,5.687238175509563e-08,-3.460788543065115e-08,-5.945973189415933e-09,-1.1842389513479724e-09,4.613879421066846e-09,-8.501752827090912e-09
treat_p1,7.289150159955862e-10,-1.6761247512702695e-09,-3.1948818052076224e-09,-1.7576438445306636e-08,1.5696551251962064e-08,2.348089194549706e-08,6.631022988691142e-09,-1.749278001707266e-09,7.788775266265817e-10,3.562633159721183e-09,-3.5153869905539073e-09,-6.1787825727577334e-09,-1.6198425516074702e-08,1.6086110564137953e-08,2.7060378137153564e-08,3.12322549504093e-09,2.310564587322312e-09,2.1267739402395998e-09,1.6431644778964558e-09,-4.0620781145211775e-09,-1.27514277027925e-08,-9.612843204645595e-09,4.384584375872216e-09,2.823249562249305e-08,7.993127930644466e-09,1.7513686115239954e-09,2.587530709684238e-09,1.5239626858418346e-09,-5.754758773650963e-09,-9.323870542124584e-09,-1.016393815859091e-08,1.7828787749527635e-08,1.621756800335948e-08,-4.33957838828347e-09,-1.2018498049491638e-09,-3.242006576427774e-11,9.88810290230706e-10,-7.075372192843465e-09,-8.183283134340298e-09,-1.0413132146846146e-08,1.2451706286508265e-09,5.8744890067422075e-09,-3.1301733139529313e-09,7.96036961112821e-09,5.478692499839868e-09,5.840804206549959e-10,-5.098702593683895e-09,-3.6224195233285383e-09,1.5309340281259313e-09,8.421218270106387e-09,1.4706168580877174e-08,-2.4020438906663877e-09,-4.2991928973003295e-10,2.6615101988268043e-09,6.173530113701692e-10,-3.066234087511115e-09,1.6377053528984465e-09,-6.7031862866734226e-09,6.628943724842905e-09,1.0015165957446879e-08,-2.4541188500613994e-09,3.795313745794434e-09,2.0023891451566634e-09,-1.3536204388384945e-09,3.2265336135817017e-09,3.3629058923205175e-09,1.1790078751431409e-08,-1.043578935912797e-08,-1.743726919838547e-08,-2.307138266328666e-09,2.2759271059359555e-09,-1.6437525271886819e-09
treat_p2,4.726142023128673e-10,-2.066205034797908e-09,3.640470073483542e-09,-2.1100926118966903e-09,-1.6290653722863908e-09,6.631022988691119e-09,1.7554632648208234e-08,-2.4006280983185644e-09,1.8205869865123642e-09,2.5221799555116734e-10,-4.52092913323902e-09,2.192227918213237e-09,-1.4942965333259613e-08,8.814125863960577e-09,6.263604080519425e-09,2.0285317216607164e-08,-1.8519830288301045e-09,-4.721623178945953e-09,6.680492656185144e-10,-4.205532711246276e-09,1.5049322430932822e-09,-1.146575723798752e-08,-3.9500413115584467e-10,7.87253470413495e-09,2.1573315492235213e-08,-2.4518220796379944e-09,-1.5856435788342547e-09,-8.703246341467158e-10,-4.828489724730472e-09,2.737694287627267e-09,-1.7097199079370208e-08,1.1522697225003707e-08,1.0513650331529604e-10,9.04772844164418e-09,-4.029838271032054e-09,-9.349953489205847e-10,-1.2897806206417217e-09,-5.895988900125133e-09,2.3590163844704434e-09,-2.2995433787547187e-09,-1.2927202510045494e-08,4.754279148785565e-09,1.216374063883297e-08,-6.048434024715528e-09,7.395726018154848e-09,1.5363982924569552e-09,-1.1150437675981092e-09,8.17684231888176e-10,-1.7027251765430625e-08,1.188529290520591e-08,4.5373492385906135e-09,4.325935582229963e-09,3.104167130842721e-10,-4.793953635245903e-09,-1.9039003897439396e-10,-1.9644204402199147e-09,2.822746375809379e-09,-7.1052742215389985e-09,-5.4759420814482855e-09,3.2308491736681003e-09,5.608393772122939e-09,-3.276491066140601e-09,-4.348993331119564e-09,-9.501763662857945e-10,1.7585488219481599e-09,-3.0546476097546838e-09,8.687311944219048e-09,-1.8221913870281583e-09,-6.149134210183332e-09,-1.0004854548218498e-08,3.972768860161081e-09,4.727346919245238e-09
treat_p3,-5.169452130049777e-10,-8.970737889225761e-10,3.4726457761264056e-09,9.785941088572217e-09,-9.788641953626984e-09,-1.7492780017072809e-09,-2.400628098318567e-09,1.523288406718027e-08,1.2451813742144566e-09,3.158075594317938e-10,3.68511719141346e-10,5.734412742064361e-09,1.332622117535328e-08,-1.5653861284890298e-08,-2.077479060992321e-09,-5.195690381843067e-09,6.956579430808116e-09,1.9296824490306124e-09,1.0520283487710154e-09,6.383498863737895e-10,4.9736075083039654e-09,1.15041328040568e-08,-1.828717710339405e-08,-3.857784714611633e-09,-5.508865301333936e-09,9.723125506246791e-09,3.2247048548636107e-10,3.06031058113551e-11,2.117498349456551e-09,4.115175346580237e-09,1.2728915391826033e-08,-2.3189189942258556e-08,7.606475645319697e-09,4.90674732172346e-09,8.323205624276858e-09,1.2377782700143867e-09,-7.373579940422916e-10,4.122275001889723e-09,-4.400550879860581e-10,6.315083566872628e-09,5.365796658103964e-10,3.6757822880845772e-09,2.18504710078513e-09,8.423814681303287e-09,-1.2928638540615186e-09,-5.531530422505946e-10,2.756498519680032e-09,2.1720956148262184e-09,8.384337998593033e-09,-1.811672089835543e-08,-1.9214768995435143e-09,5.463741649249248e-10,9.601769667677674e-09,4.717094548203555e-09,-4.359768492475089e-10,6.687139552740394e-10,-3.0613383928589035e-09,2.0454984215780894e-09,-5.217666149989038e-09,3.623446793283515e-09,1.696844845468163e-09,8.700736522498022e-09,3.290459243604906e-09,1.5763195852992701e-09,-4.985683027021213e-10,1.5689988299528875e-09,-1.2592297501562021e-08,7.324828737257711e-09,-2.006042367703641e-09,-6.296068881010931e-10,-8.582940017154623e-09,-3.2769204644101547e-09
treat_p4,-5.47082306289108e-10,-8.918180234002449e-10,1.1987159220972314e-09,-2.984791298119902e-09,-4.372069909461574e-09,7.788775266265736e-10,1.8205869865123522e-09,1.2451813742144589e-09,6.757114760747565e-09,-3.767370371788225e-10,-1.2687028448057506e-09,3.3234021794982274e-09,-5.4529147379567385e-09,7.67387341338191e-11,1.5448252884959824e-09,4.7515308744284305e-09,-1.536130980122376e-09,2.6155960083324942e-09,2.639902710101547e-10,-1.0447487163514073e-09,2.6959999457305327e-09,-3.51337306807993e-09,-6.726473203294473e-09,3.826451528668508e-09,3.709326441471036e-09,-1.3523820492923758e-09,2.1386746479446256e-09,-6.40739697294165e-10,-1.44665422669775e-09,1.1718717381833074e-09,-3.852167468851125e-09,1.572818818878072e-10,5.580978474337201e-09,4.3107319460778754e-09,-3.488266251945053e-10,1.3044901358053565e-09,-9.119783319732629e-10,-7.918894541649011e-10,-4.50758751001359e-11,1.5539916676268671e-09,-3.003388985607148e-09,4.313561803072932e-09,3.785158067045805e-09,-9.217187484828293e-11,4.126156460408434e-09,-7.342706262507761e-10,-7.187171708583365e-11,1.7795896493915375e-09,-2.0979046345653154e-09,7.927042711113205e-10,1.9937995116496913e-09,2.704745556886966e-09,1.4331323164783584e-09,1.3337611790435886e-09,-8.31080622306931e-10,5.563303305900363e-10,1.5944395278284045e-09,-4.0393907894798635e-09,1.6278516337650494e-09,2.955953882985892e-09,1.751028851788096e-10,2.0880117579326292e-09,1.1323678933611274e-09,5.347952482854054e-10,7.29593285963492e-10,2.6791975626733157e-10,1.5064306136011283e-09,-4.629570019476214e-09,-2.8139068748451167e-09,-2.8335700677730444e-09,-9.405254450690248e-10,-1.8866830858491165e-09
L4treat_m4,2.8549790290336583e-09,2.1552161696072605e-10,-8.056529351862438e-10,4.042852366077485e-09,2.2076296446978343e-10,3.5626331597211844e-09,2.522179955511689e-10,3.1580755943178767e-10,-3.7673703717882843e-10,4.405680479100513e-09,-9.905470413089655e-10,-2.8175984858898036e-09,6.3748777337735916e-09,-4.091475700281298e-09,5.849356383045952e-09,-3.823090138763013e-09,3.244968723573495e-09,2.722786687635606e-10,3.858947429776116e-09,-7.982392372872021e-10,-2.7593096401665777e-09,3.1327662016446036e-09,-8.291637542589748e-10,5.117346002941843e-09,-3.988793522006262e-09,7.090131474571227e-09,1.2790063548035216e-09,2.9685335787883182e-09,6.575256822340154e-10,-3.502837681183574e-10,4.303837772965004e-09,-1.995962573834272e-09,7.4264677492183755e-09,-7.734262715235468e-10,1.8357159535848797e-09,-1.724097792632019e-09,1.1070945846733408e-09,6.968532583982642e-10,-1.3899987782897864e-09,-1.7491341744265393e-09,-2.861533067603884e-12,2.6480117170422603e-09,-1.5179539124307064e-09,5.038723123614833e-09,-1.8548595868546325e-09,1.7869193302075228e-09,-1.5494995194571223e-10,-1.427815866585621e-09,5.523105587529049e-09,-2.5114794483725465e-09,2.8383770223167995e-09,9.59888116572911e-10,5.4473044448618685e-09,1.3944015057635066e-10,1.362475986370939e-09,-1.7046301412698988e-09,-2.8954855595016117e-09,5.4027365562382505e-09,-1.6274401353580364e-10,2.6959971652809737e-09,8.087912752424377e-10,3.115365545935772e-09,1.2138803408874101e-09,-1.675530144893652e-09,-2.846710050978776e-10,1.0352225632452116e-09,-3.890292800264517e-09,-8.494995742187259e-10,-5.5610618700610224e-09,8.601407353031848e-10,-1.503674334199109e-09,7.21198468350052e-11
L4treat_m3,-1.3809712196685633e-09,1.4036096768189739e-09,-7.654872433097246e-10,4.129910708993337e-09,-1.3927598674934906e-09,-3.515386990553912e-09,-4.520929133239029e-09,3.6851171914133716e-10,-1.2687028448057519e-09,-9.905470413089617e-10,3.695004217222438e-09,-5.753585325643914e-10,8.48631960970698e-09,-5.792834885586026e-09,-5.01715975087816e-09,-5.196288601583486e-09,-3.840702507520583e-10,8.901432023080722e-10,-1.3941291490616612e-09,2.8514016475485138e-09,-2.422006288412775e-10,7.416184746137288e-09,-2.764028300202278e-09,-5.731843015863201e-09,-5.297854828429205e-09,-5.487671379904171e-10,7.709258271939457e-10,-1.7792871216971663e-10,3.1056835909927615e-09,-6.03062002586569e-10,7.262682652769819e-09,-8.239995666487112e-09,-2.5916660676747176e-09,-2.577719564697974e-09,7.64213745060894e-10,-3.736575374495987e-10,2.3961037328436747e-10,2.781191793424267e-09,-8.248177430800005e-10,1.061332436815864e-09,2.026202947752098e-09,-4.3531095581641845e-09,-2.6186575187964115e-09,-1.2279241429167475e-09,-1.6430565056416092e-09,-1.0016930340466252e-09,1.262989804574563e-09,4.757721250873124e-10,4.853603170390848e-09,-6.913993014233819e-09,-3.47466452428794e-09,-1.627012974041074e-09,-2.503039783696717e-09,1.7927140311348886e-09,2.76041040956498e-10,1.3049469879240889e-09,-1.4981321958875218e-09,3.6311211551832818e-09,-7.95949825523449e-10,-2.001036880936951e-09,1.086400100460264e-10,-1.4468799840571705e-09,1.7500729276194749e-09,3.4207227989265766e-10,-1.2464711794215046e-09,1.138548179491817e-09,-5.0249264466747844e-09,5.588711045651373e-09,5.2538763468694305e-09,2.5589009119303116e-09,-1.7793485809870038e-10,-1.164741992466755e-09
L4treat_m2,-1.8167010838807946e-09,-3.0885378170052794e-10,1.0581862457526366e-08,5.18677075520233e-09,-1.642128993271439e-08,-6.178782572757743e-09,2.1922279182132368e-09,5.734412742064367e-09,3.323402179498244e-09,-2.8175984858898086e-09,-5.753585325643966e-10,1.7363550143483664e-08,-9.033923475771568e-09,-8.11873221192955e-09,-1.7939901337689927e-09,2.950025573078251e-09,4.841142322141692e-10,-2.8008339856638078e-11,-7.268731846280096e-10,3.058509744626956e-10,1.6426461334088405e-08,-5.174118542608572e-09,-1.0425763971278158e-08,-3.939509334945453e-09,8.092328719578279e-10,7.520264587713304e-10,1.2538202367631388e-09,-1.9287089868842583e-09,5.302173804067551e-10,1.1903137292037807e-08,-4.578543266977534e-09,-1.4875959271186516e-08,2.8138780476394346e-09,5.199196928603436e-09,6.3317017836513246e-09,6.381582649059993e-09,-9.622817080099144e-10,1.2713948637481458e-09,9.319073484275408e-09,4.211006717863566e-09,-1.033007196025418e-08,4.327477690862748e-09,2.506345896368905e-09,-5.150428633555165e-09,5.100109483916793e-09,-6.377205686218413e-10,4.204653003179495e-09,5.972056073188301e-09,-1.4740215768278907e-08,1.1528224654456806e-09,-2.231182907024589e-09,1.0514309441766592e-10,5.2430050599610555e-09,-2.7151581044101114e-10,-1.983748577746815e-09,3.3979820224269258e-09,4.697926212488438e-09,-8.798795670491762e-09,-2.032698560386446e-09,-7.527789892617253e-10,-2.9730314992248105e-10,4.9118383161495345e-09,-2.521413202654032e-09,2.8054539424685607e-10,-1.0183311156084245e-09,-5.636625890737295e-09,5.577129812707824e-09,-8.471202953319e-10,1.9590229094632363e-10,-2.659593507292343e-09,-5.40258280007256e-09,-1.4691480421605766e-10
L4treat_m1,2.183629959047575e-09,1.141084539727973e-09,-6.842390206651769e-09,8.278253468460865e-08,-5.5620296522712045e-08,-1.6198425516074715e-08,-1.4942965333259593e-08,1.3326221175353326e-08,-5.452914737956764e-09,6.374877733773609e-09,8.486319609706963e-09,-9.033923475771544e-09,1.23635150480208e-07,-8.525230100840038e-08,-4.689141280092373e-08,-3.0608938245883275e-08,1.581573060654838e-08,-1.9443788716769623e-09,5.370473702273265e-09,3.758129782811049e-09,3.6419207070857974e-09,1.027432572541946e-07,-6.777568111660399e-08,-5.324981819725896e-08,-2.7867378326292165e-08,3.2969465382641365e-08,3.1480119171225555e-09,6.1803311794260464e-09,1.9237198594718233e-08,1.353684850199785e-08,1.0973916855662214e-07,-1.0720928148822342e-07,-3.915713169359929e-09,2.0292109807719987e-08,4.728540154821466e-09,-1.514411975387349e-08,-1.3717224734977296e-09,1.8892705179763332e-08,-1.012973019513746e-10,4.3988709104839625e-08,-1.4840632971868965e-08,-1.1230726468827103e-08,2.233624478880903e-08,8.437762400196136e-09,-2.7541878489677208e-08,7.163999616472233e-10,8.290419769484414e-09,1.3832847233790628e-10,5.761298847111796e-08,-8.050321726217166e-08,-2.537645392313874e-09,7.520427509526025e-09,1.8630109699087625e-08,7.690721132340627e-09,3.916674716677407e-09,-8.740344211688042e-10,-2.6974031805146133e-08,7.114519920712235e-08,-2.9531835456725277e-08,6.272700706781231e-09,1.930041146766502e-08,2.9969467978849516e-09,1.0841086226318601e-08,-1.9984434502261167e-09,-7.894074088679117e-09,6.293297935269858e-09,-1.0751055928549918e-07,5.747648580196241e-08,1.4368198150636019e-08,1.263661946330296e-08,-6.3477728169269215e-09,5.713182147846276e-09
L4treat_p0,-3.3075527628975717e-10,-1.2238278814339205e-10,-5.41326516387705e-09,-6.951021294753807e-08,6.876028154303351e-08,1.6086110564138016e-08,8.81412586396058e-09,-1.5653861284890328e-08,7.673873413384181e-11,-4.0914757002813004e-09,-5.792834885585996e-09,-8.118732211929543e-09,-8.525230100840039e-08,9.12105771505566e-08,3.190809598622509e-08,2.358359536784259e-08,-8.532117061814513e-09,-2.8294392044268517e-09,-4.924894618771726e-09,-3.5093210219608015e-09,-1.7332523241736477e-08,-7.275576249304532e-08,7.60763791628129e-08,3.9785391261160094e-08,2.69612649610267e-08,-2.4045549410898542e-08,-2.490331867658427e-09,-3.2890306946218135e-09,-1.7202195576149647e-08,-2.3221805153644062e-08,-7.786252297804007e-08,1.07886589804878e-07,-3.6812350360865968e-09,-1.631821536528303e-08,-4.980044933098144e-09,5.887147784822146e-09,1.993259935805261e-09,-1.858316774510338e-08,-8.57958395507187e-09,-3.785742889904602e-08,3.081772920315055e-08,3.242783249924023e-09,-1.62461564034022e-08,9.536393791995909e-11,1.832417939523884e-08,-1.576030683374531e-09,-1.210297977070864e-08,-7.300462119464125e-09,-3.2925935453662425e-08,6.91856215833351e-08,7.863491727690128e-09,-4.69935160196605e-09,-1.921212047610016e-08,-7.658425244518112e-09,-1.5026507014460718e-09,-2.467985745479734e-09,1.9692604132307555e-08,-4.6472676136672754e-08,2.966356894373973e-08,-5.075769786913509e-10,-1.4448974957654458e-08,-7.115313955635512e-09,-5.886847627313199e-09,1.4928799142579121e-09,7.977054675599494e-09,-1.6507007017949961e-09,7.951600878911279e-08,-4.915135938738026e-08,-9.062481049563984e-09,-9.633350845735021e-09,8.927783323046466e-09,-3.1064475411791803e-09
L4treat_p1,2.257929002120849e-09,-1.625734623822995e-09,-3.21374158111401e-10,-3.9003226605543445e-08,3.698964017551124e-08,2.7060378137153613e-08,6.2636040805194485e-09,-2.077479060992302e-09,1.5448252884959743e-09,5.849356383045944e-09,-5.017159750878155e-09,-1.7939901337690047e-09,-4.6891412800923675e-08,3.190809598622504e-08,5.4875708332865374e-08,-9.507049597723853e-11,3.064415757659845e-09,8.528048477697542e-09,4.375472364299476e-09,-4.277823911405358e-09,-1.4422857399443587e-08,-3.694463664184442e-08,2.0545388518220515e-08,5.033153733729992e-08,5.066938161805491e-09,1.8713019033673647e-09,3.868939267302683e-09,3.0936291675953306e-09,-9.822755718285657e-09,-1.5348854271893232e-08,-3.543049549345764e-08,3.740341448420782e-08,2.6252423221531225e-08,-1.6248332752950458e-08,2.7739147419613375e-09,7.3406387386298044e-09,3.55515434152143e-09,-1.0094917387030186e-08,-1.1689996646057782e-08,-2.6155604250165955e-08,6.945094901116534e-09,6.1882840657508755e-09,-1.8744908021601925e-08,9.758747977175844e-09,1.1967018499848718e-08,3.187843354318431e-09,-7.110405405024004e-09,-4.8724989293963834e-09,-6.942347263718163e-09,2.3884261336146644e-08,1.4844936606858776e-08,-5.872587641814416e-09,5.162151046076465e-10,4.166218957653201e-09,1.1741085079928497e-09,-4.180694250937047e-09,7.443429184084499e-09,-2.736749206071895e-08,1.3758588447805164e-08,8.554542764846506e-09,-8.584392242967707e-09,9.50166717230861e-09,2.815985937781407e-09,-3.4486801837985864e-09,5.937389044914623e-09,4.883070853374345e-09,4.123219834020594e-08,-2.6538103655685335e-08,-2.4188635208295416e-08,-2.2714566726199757e-09,-1.0005134736226198e-09,-8.04237573676198e-09
L4treat_p2,-1.899926693311171e-09,-2.291728597392223e-09,3.4975059369519986e-09,-1.1348265091929953e-08,3.4287673471232366e-09,3.1232254950409166e-09,2.0285317216607154e-08,-5.195690381843082e-09,4.751530874428448e-09,-3.823090138763015e-09,-5.19628860158348e-09,2.9500255730782396e-09,-3.060893824588325e-08,2.3583595367842584e-08,-9.507049597725157e-11,3.693239314101958e-08,-7.257892773227948e-09,-7.000604508735175e-09,-3.6126552762046574e-09,-4.510370046213898e-09,4.138477315498841e-09,-2.3744647425106727e-08,1.0016203265403595e-08,8.941038324212014e-09,3.399088572490253e-08,-1.2186469522242074e-08,-1.4899297952719024e-09,-4.117419098965456e-09,-7.090340123780773e-09,3.2449676587997234e-09,-3.494698706707068e-08,3.3538601574507556e-08,-5.850848266584224e-09,1.1656287252157155e-08,-7.650728239248004e-09,1.1069420699632728e-09,-3.170547872534796e-09,-8.902856515080577e-09,4.823400312972687e-09,-5.688356645023061e-09,-1.0010932636827038e-08,6.8473538851326125e-09,1.7597239961166242e-08,-1.140573012978043e-08,1.350779392887707e-08,-2.6263661603438967e-10,-2.0628595949955216e-09,2.2441339094602498e-09,-3.1255172069885326e-08,2.6172139661472618e-08,1.2653305228361923e-09,7.0873221747678614e-09,-6.584122533259989e-09,-7.501769824935324e-09,-2.008242776230547e-09,-9.534653561515873e-10,6.766996055701124e-09,-1.576137107801311e-08,-3.341627977055233e-09,4.849163938718451e-10,6.048383605408245e-09,-7.480510501386483e-09,-5.893255265678265e-09,1.4085433792884395e-09,2.287182710451353e-09,-5.3675815513600846e-09,2.2418417247239236e-08,-6.553649997623935e-09,-3.184155520965336e-09,-1.5707684528776083e-08,6.2139402891235116e-09,4.575086801144473e-09
L4treat_p3,1.5677211938468115e-09,-7.118753563055614e-10,1.060083381160114e-09,1.098761727374711e-08,-2.8864814059542476e-09,2.3105645873223124e-09,-1.8519830288300962e-09,6.9565794308080935e-09,-1.5361309801223853e-09,3.244968723573495e-09,-3.840702507520523e-10,4.841142322141698e-10,1.5815730606548317e-08,-8.532117061814526e-09,3.064415757659832e-09,-7.2578927732279315e-09,1.1404567843830861e-08,-8.696264264422096e-10,3.136204789668425e-09,-8.573095939456564e-10,8.381221683454592e-10,1.2947932037963836e-08,-6.301638821108867e-09,9.206591631266985e-10,-4.004953463932578e-09,1.4214241451549381e-08,4.752445415926809e-10,2.3579844878334846e-09,1.708236922318877e-09,2.3295670523599096e-09,1.5327379534868574e-08,-1.2582470613873247e-08,7.71501142752146e-09,9.788708549759354e-10,6.821888490150973e-09,-1.4116564190171308e-09,6.756309827025332e-10,1.838527252154289e-09,5.986716759724592e-11,2.7878741597854344e-09,9.334276252986978e-10,1.864249094968468e-09,-4.0232217898984513e-10,8.430229417134926e-09,-3.096130288170963e-09,1.3648853447211496e-09,1.2709565880625503e-09,-9.590464609224578e-10,9.479570747206418e-09,-1.0668834046594466e-08,5.562043422697892e-09,8.465983204298689e-10,1.015170100734887e-08,8.628060867127975e-10,8.726509793033112e-10,-1.0790048489292798e-09,-2.8912335475773957e-09,7.464484147719913e-09,-3.0394298069894376e-09,5.72351642518166e-09,2.401914716759705e-09,7.448809620153884e-09,1.6788530884965312e-09,-1.221755787693317e-09,-5.058976864943685e-10,4.85724330630946e-10,-1.2994031767379443e-08,3.8858102421186404e-09,-4.855069878522155e-09,6.093954684849561e-10,-4.9212622014877645e-09,4.5256667198389863e-10
L4treat_p4,-7.389141998308376e-10,-4.884249942320147e-10,-1.896700153778479e-09,-6.509599581211981e-09,4.4767350202884715e-09,2.1267739402396064e-09,-4.721623178945947e-09,1.9296824490306207e-09,2.6155960083324983e-09,2.7227866876356313e-10,8.901432023080709e-10,-2.8008339856640087e-11,-1.9443788716769424e-09,-2.829439204426873e-09,8.528048477697565e-09,-7.000604508735169e-09,-8.696264264422004e-10,9.217160046049931e-09,4.225569228206335e-10,3.503905906505856e-10,-3.3833340453862514e-09,1.324045005649394e-09,-6.3476625941885284e-09,6.640241522508035e-09,-5.824714689715938e-09,-7.66528105936986e-10,2.677774257205041e-09,4.530923634590308e-10,-3.637018314560552e-10,-5.025424834261394e-09,3.617579578301206e-09,-5.8992483727436835e-09,5.15279162636522e-09,-3.041452146888126e-09,4.150408800628345e-11,3.0116439239708473e-09,5.518178114707021e-10,8.300690259018694e-10,-5.226220399006969e-09,1.3299567848229489e-09,3.6830588773394243e-09,-1.3570752205968636e-09,-5.5034069257902825e-09,2.944686072682801e-09,3.3299787969959944e-10,-1.119219251798564e-11,-1.3209589283037658e-09,-1.4545300730071888e-10,9.063563837221039e-09,-7.534209255037882e-09,4.523061500420196e-10,-2.023246436812146e-09,-6.090315871933962e-10,4.862972375961114e-09,3.146100330693208e-10,-2.6826788677537696e-10,7.814588207561302e-11,-4.263767176769653e-09,2.0771761599261108e-09,1.2727928519624537e-09,-2.805343904730921e-09,2.43879795848214e-09,4.360326161861058e-09,-4.7452665946295844e-11,1.5595128770431566e-09,4.389319452695824e-09,-1.4243208144094327e-09,-5.514112420487838e-10,-7.239600219791116e-10,2.972455100138378e-09,-1.021201608822674e-09,-5.890758285412256e-09
L8treat_m4,2.8763270183742585e-09,-9.337890133755677e-11,1.996205185604343e-10,4.442359769867076e-09,-1.8408201752578046e-09,1.6431644778964458e-09,6.680492656185149e-10,1.0520283487710245e-09,2.639902710101589e-10,3.858947429776118e-09,-1.3941291490616616e-09,-7.268731846279987e-10,5.37047370227325e-09,-4.9248946187717404e-09,4.375472364299468e-09,-3.6126552762046644e-09,3.1362047896684346e-09,4.2255692282064093e-10,4.25728172057243e-09,-9.155992855966508e-10,-5.675715289142422e-10,2.1114231377468957e-09,-2.5058364494236133e-09,2.4365571874683503e-09,-3.627524447261128e-09,6.34524792175711e-09,2.905324151329068e-10,2.8050142513939277e-09,4.3001893775446987e-10,1.0489059285163557e-09,3.967431745291716e-09,-4.272470104604322e-09,5.606797948121294e-09,7.580691420813874e-10,1.9240868076152013e-09,-1.8107969723385872e-09,1.0981548458025248e-09,9.752390874577476e-10,-3.462885035664599e-10,3.9227417257184033e-10,-1.1606451902756943e-09,2.7493621848830576e-09,-5.469586184996637e-10,3.4407308749062555e-09,-2.4557791510843007e-09,2.0305418447066513e-09,2.1738723585680466e-10,-1.2353959127550603e-09,4.785947267793879e-09,-3.2457413686301224e-09,2.103943854372877e-09,1.3503441186092233e-09,6.006490377649166e-09,-2.803374732946749e-10,1.2558259649976476e-09,-1.363648827522747e-09,-2.351357406207463e-09,4.251078383761706e-09,-1.3407432489297216e-09,2.18526225939952e-09,1.3018897205158742e-09,2.9362971851077577e-09,4.258197549472836e-10,-1.6921191415757297e-09,-2.5601171917011e-10,6.284330069387288e-10,-4.403411125147187e-09,-7.20102057621168e-10,-4.4887795642234705e-09,4.455382011697177e-10,-1.8954892874909883e-09,4.950484027191899e-10
L8treat_m3,-8.012777951359845e-10,1.4333068265499515e-09,3.9649579066110956e-10,1.742409194558485e-09,-7.206530293523707e-10,-4.06207811452119e-09,-4.2055327112462795e-09,6.383498863737833e-10,-1.044748716351421e-09,-7.982392372871963e-10,2.8514016475485125e-09,3.0585097446270807e-10,3.7581297828110666e-09,-3.5093210219608366e-09,-4.277823911405368e-09,-4.510370046213903e-09,-8.573095939456636e-10,3.5039059065058775e-10,-9.155992855966515e-10,3.0504774277165186e-09,1.0275121590418897e-09,1.9571999984937118e-09,1.0450552334646803e-09,-4.852408556983422e-09,-6.208193204925364e-09,-1.7967132014890704e-09,5.953231778216786e-11,-1.409006696357824e-10,2.6630320184599737e-09,1.944992944472267e-10,2.6333366660767917e-09,-4.1744267360147766e-09,-1.969109112841205e-09,-3.349273112504301e-09,1.397212502106762e-09,2.522969612460892e-10,6.677357556487437e-10,2.6507418065592606e-09,3.570860141392079e-10,-4.4646877456758604e-10,2.9955597337230975e-09,-2.7385299221835088e-09,-3.842835484623713e-09,-9.695550546149908e-10,-1.3285947385408903e-09,-7.539118032815232e-10,1.422991666212263e-09,6.306622862441054e-10,2.2409112306617616e-09,-3.3323871647042234e-09,-4.426492053614515e-09,-1.1967143949424794e-09,-1.9278900329464686e-09,1.1431582773251004e-09,1.1330710650557592e-10,1.4900469694597683e-09,-5.150097845846369e-10,1.467843168270504e-09,4.24883799020193e-10,-2.8674219476140734e-09,-7.981959462408946e-10,-5.556517317309877e-10,3.3898782042165924e-10,2.9304445581745586e-10,-1.404259731909611e-09,1.2125030019078509e-10,-7.645081260410231e-10,2.3716477235915983e-09,4.467384940866806e-09,2.1815700426914337e-09,-9.839949525735576e-10,-1.2803264114432815e-09
L8treat_m2,-9.326176969586746e-10,1.8001406928134496e-10,1.1712423193670808e-08,1.8506504719205133e-08,-2.7180363598522685e-08,-1.2751427702792516e-08,1.504932243093255e-09,4.973607508303942e-09,2.6959999457305335e-09,-2.759309640166583e-09,-2.422006288412691e-10,1.642646133408842e-08,3.6419207070857565e-09,-1.7332523241736474e-08,-1.4422857399443587e-08,4.138477315498827e-09,8.381221683454528e-10,-3.3833340453862667e-09,-5.675715289142509e-10,1.0275121590418926e-09,2.2455896724988727e-08,2.928870497753704e-09,-1.1960300508370102e-08,-1.4699562388470077e-08,-8.575014275819376e-10,2.107605659401391e-09,-8.822555207161158e-10,-1.8141726482150873e-09,3.7132376868985063e-09,1.9287335759689315e-08,2.7000997815637598e-09,-2.1005894538817122e-08,-1.574495263640922e-09,8.333426516023302e-09,5.7880641292076896e-09,3.708022397106481e-09,-1.388095500922071e-09,4.428336054842111e-09,1.5982317536830542e-08,8.78770568937974e-09,-1.25593235940645e-08,4.4651820088072764e-09,6.084331215513151e-09,-7.923640919230573e-09,2.9918902040814204e-10,-4.819250061575087e-10,6.60376033013504e-09,7.738523859980194e-09,-1.4808691637393192e-08,-7.639536510875574e-11,-6.1177525677919844e-09,3.818154029205355e-09,7.221944552819424e-09,-3.1726976793786004e-09,-1.6653021638343278e-09,4.244065017956267e-09,2.729166251686933e-09,4.981392356523054e-10,-5.5273033475455735e-09,-4.096501643303342e-09,2.973550691608585e-09,3.8364062552370335e-09,-4.386303559963456e-09,1.0368129248099434e-10,-3.38731631973432e-09,-8.800513242641851e-09,-4.052197201173723e-09,3.930950920108197e-09,4.949893135695735e-09,-2.4914182754357008e-09,-5.3513710813225515e-09,3.37302126191271e-09
L8treat_m1,-1.2005451589450011e-09,-2.6265187839497676e-10,-5.491098682811117e-09,6.959188050513963e-08,-4.651862767631807e-08,-9.612843204645593e-09,-1.14657572379875e-08,1.1504132804056835e-08,-3.5133730680799356e-09,3.1327662016446073e-09,7.416184746137278e-09,-5.174118542608528e-09,1.0274325725419451e-07,-7.275576249304541e-08,-3.694463664184442e-08,-2.3744647425106727e-08,1.2947932037963852e-08,1.3240450056493963e-09,2.1114231377468937e-09,1.9571999984937047e-09,2.928870497753748e-09,9.629061825533873e-08,-6.722273351805087e-08,-4.2798591895174975e-08,-1.6791122934869427e-08,2.6799675452765396e-08,5.729805993651055e-09,3.975316574822736e-09,1.434382455854273e-08,9.894103492407912e-09,1.0099801826128751e-07,-1.0007062673902111e-07,-4.231235037163639e-09,1.8017797775201007e-08,3.0999436803602556e-09,-1.1368710171776564e-08,-1.845655301742565e-09,1.3441306275801047e-08,-1.8200887383640934e-09,4.486966487342906e-08,-1.837569255919442e-08,-1.2285204783268055e-08,2.136299741582367e-08,3.2044690995244658e-09,-2.1202989050411974e-08,-2.2015863520754267e-11,5.2428475885806554e-09,2.6428312556657085e-10,5.039757190710331e-08,-7.229596863167385e-08,1.4534046508818182e-09,5.728009176174273e-09,1.2855120745363358e-08,7.850924994850527e-09,2.6771864184264114e-09,-8.362604010441904e-10,-2.1836170511680268e-08,5.9398361172397026e-08,-2.685266246548779e-08,8.129549671213533e-09,1.8558118008941036e-08,1.3184910723189685e-09,1.056845662535204e-08,-2.007639230976122e-09,-4.8007860707229984e-09,5.455270939429479e-09,-9.679351087713244e-08,5.184144528930785e-08,1.374706050442303e-08,9.62051327834905e-09,-3.1916547622091065e-09,5.402665108765423e-09
L8treat_p0,3.413947984643238e-09,3.985425476773206e-09,-2.9874362905158087e-09,-5.0141004764241234e-08,6.318052578878131e-08,4.3845843758722755e-09,-3.9500413115580037e-10,-1.8287177103394023e-08,-6.726473203294479e-09,-8.291637542589733e-10,-2.764028300202263e-09,-1.0425763971278126e-08,-6.777568111660394e-08,7.607637916281308e-08,2.0545388518220515e-08,1.0016203265403605e-08,-6.301638821108827e-09,-6.34766259418852e-09,-2.505836449423593e-09,1.0450552334647096e-09,-1.1960300508370061e-08,-6.722273351805081e-08,9.707311234737206e-08,2.7362537120063373e-08,7.639674644045761e-09,-1.9041063047676935e-08,-3.4323097042085734e-09,-2.086197827945915e-10,-8.458409516026297e-09,-1.4209048808075972e-08,-6.909434323531046e-08,1.0558528937827442e-07,-8.141162790706572e-09,-2.3926975180632855e-08,-7.259541258458333e-10,6.49510870395798e-09,4.971726927655331e-09,-1.089819977318696e-08,6.155833962127594e-11,-3.871099121951986e-08,3.942755279776839e-08,5.380751660347919e-09,-2.6014981628988633e-08,2.1671630857399807e-09,9.719600821276722e-09,3.756334169761135e-10,-6.3817125037889015e-09,-5.508595979588858e-09,-3.301325518520614e-08,7.420834451432039e-08,-1.9328079797914928e-09,-4.5960661868441215e-09,-1.4385951700437362e-08,-1.278039848458836e-08,3.4511149932685647e-10,-2.2208653348828318e-10,1.5870848675204877e-08,-3.3924106599870004e-08,3.3695755144920525e-08,-1.2224540381384588e-08,-1.52026539502631e-08,-6.393818300975227e-09,-8.935315145665592e-09,-5.812311415637232e-10,1.9311047415126794e-09,-7.82725196169335e-09,7.508682455212033e-08,-4.871184387534031e-08,-4.573041648715761e-09,-1.9065294289281185e-09,4.03767805451956e-09,-2.0626499387359707e-09
L8treat_p1,1.2144394565298198e-09,-1.5007885096834669e-09,1.6953915720040166e-10,-4.404875831412773e-08,3.725365578637337e-08,2.823249562249301e-08,7.872534704134981e-09,-3.857784714611622e-09,3.826451528668524e-09,5.117346002941837e-09,-5.7318430158632e-09,-3.939509334945459e-09,-5.324981819725891e-08,3.9785391261160015e-08,5.033153733729984e-08,8.941038324212033e-09,9.206591631267041e-10,6.640241522508044e-09,2.436557187468358e-09,-4.852408556983416e-09,-1.4699562388470085e-08,-4.279859189517492e-08,2.7362537120063356e-08,5.779669530371049e-08,1.0961486504097094e-08,-4.2304607888250165e-10,4.996574861430526e-09,1.7447341216176156e-09,-1.0625501808119898e-08,-1.4451021703919425e-08,-4.419083611587404e-08,5.383868750071339e-08,3.062109804790613e-08,-1.4725272792856689e-08,2.503677167701511e-09,6.399890496887638e-09,2.120510100697604e-09,-1.1295441942518645e-08,-1.0149784672078891e-08,-2.9094697699789057e-08,1.0719980955431371e-08,1.3678353382865576e-08,-1.551437691439381e-08,1.3027981543769488e-08,1.537928314765724e-08,1.199107735905853e-09,-7.262999589372769e-09,-3.0329498032726932e-09,-1.257339937761284e-08,3.346311775305055e-08,1.5479996237620154e-08,-4.601514615370887e-09,-1.2213910115060604e-09,2.67868703199567e-09,-1.6394177687586631e-10,-3.5937266263468894e-09,9.170780903968941e-09,-2.996174359057467e-08,1.896097747267396e-08,9.052577632480604e-09,-1.0707747188968072e-08,8.898786090226805e-09,2.1909383480226803e-09,-1.22431995043363e-09,5.476502444289915e-09,3.031501825883842e-09,4.726613012577784e-08,-3.2562614348693694e-08,-2.659379109883822e-08,-5.203793777368571e-09,2.591349601010232e-10,-7.697825037073703e-09
L8treat_p2,-2.5070939145785606e-09,-3.775221913261061e-09,7.479900660742705e-10,-9.758385829092201e-09,8.95752037147788e-09,7.993127930644468e-09,2.1573315492235206e-08,-5.508865301333919e-09,3.7093264414710505e-09,-3.988793522006267e-09,-5.297854828429199e-09,8.092328719578238e-10,-2.7867378326292178e-08,2.696126496102666e-08,5.066938161805475e-09,3.399088572490256e-08,-4.004953463932575e-09,-5.8247146897159464e-09,-3.627524447261134e-09,-6.2081932049253605e-09,-8.575014275818976e-10,-1.6791122934869447e-08,7.63967464404571e-09,1.0961486504097084e-08,4.42484380368049e-08,-1.1786227094201742e-08,-2.2891726587674642e-09,-3.514896218909474e-09,-9.023961755065746e-09,-1.4367715059684155e-09,-3.0758495034326525e-08,3.15090153232408e-08,-6.3694388557366265e-09,1.3448615511106091e-08,-8.910581682021552e-09,-9.648529734458868e-10,-2.4676927566677146e-09,-1.0675943493488212e-08,6.196027895719929e-10,-2.450464829002903e-09,-9.855759197634674e-09,5.645555169026951e-09,2.1418620235698663e-08,-1.456644754948529e-08,1.303599942965519e-08,6.843164751758198e-10,-5.012546581126761e-09,-4.850408430069448e-10,-2.5768986063353392e-08,2.1740502552974573e-08,7.572278534690245e-09,6.25936271841781e-09,-6.628134446725305e-09,-6.3193165399183154e-09,-1.3629295918117778e-09,-2.3643078592707473e-09,6.616403312583684e-09,-1.716195559623415e-08,-7.800371157755335e-09,4.511798079677342e-09,8.752979402819166e-09,-7.445152620065715e-09,-5.11188682399166e-09,-2.970779446326304e-10,4.141089580927485e-09,-1.792037608242792e-09,1.546952250200115e-08,-4.273181301788977e-09,-5.1287147923900625e-09,-1.6890670435340186e-08,8.391457634609368e-09,6.100496305432958e-09
L8treat_p3,3.66820794253265e-09,-1.0546806931146634e-10,1.7591892981555227e-09,2.4710674830947207e-08,-1.2582783072363138e-08,1.7513686115240043e-09,-2.451822079637996e-09,9.723125506246751e-09,-1.3523820492923762e-09,7.090131474571214e-09,-5.48767137990415e-10,7.520264587713446e-10,3.2969465382641325e-08,-2.404554941089855e-08,1.8713019033673544e-09,-1.2186469522242063e-08,1.4214241451549356e-08,-7.665281059369989e-10,6.345247921757094e-09,-1.7967132014890708e-09,2.1076056594014137e-09,2.6799675452765392e-08,-1.9041063047676925e-08,-4.2304607888249943e-10,-1.178622709420175e-08,2.85319918806967e-08,3.859345420318688e-09,4.8871433986514545e-09,4.423146692956857e-09,5.607694172343587e-09,3.1978775618469037e-08,-3.165806645771497e-08,1.5049562207607324e-08,4.6709370436799645e-09,1.1674181258859577e-08,-2.716274705162195e-09,1.933236338573864e-10,4.4202406685873686e-09,-6.060231997132827e-10,7.194803788272321e-09,-3.963189836079862e-09,3.456024656988576e-09,1.7004451800283453e-09,1.570702223651361e-08,-6.7105491219359835e-09,2.2840489783923983e-09,2.890713612987033e-09,-7.112474276017316e-10,1.700269757539836e-08,-1.8942532748789152e-08,5.226779376164486e-09,2.64404169488164e-09,1.8528810517389008e-08,1.7413030541272825e-09,1.8496863049278281e-09,-2.3191008367310203e-09,-7.633024835746131e-09,1.8845212411511548e-08,-3.880422123554692e-09,7.2791206404957045e-09,4.943378344476229e-09,1.0718347328728964e-08,4.5694100250502345e-09,-2.1751567004020217e-09,-1.5001442360309242e-09,6.129859855453364e-10,-2.678401667371184e-08,7.941930055328857e-09,-6.68844633875982e-09,3.1434194576110862e-09,-8.729024982218816e-09,1.1918735922821684e-09
L8treat_p4,-2.289049075950572e-10,7.353477481448779e-10,2.0710469015908973e-10,1.3931355138618135e-09,-2.9443149724318827e-10,2.587530709684239e-09,-1.5856435788342483e-09,3.224704854863651e-10,2.1386746479446574e-09,1.279006354803527e-09,7.709258271939484e-10,1.2538202367631339e-09,3.148011917122572e-09,-2.4903318676584464e-09,3.868939267302698e-09,-1.4899297952718956e-09,4.752445415926937e-10,2.677774257205061e-09,2.9053241513290175e-10,5.95323177821754e-11,-8.822555207160957e-10,5.72980599365107e-09,-3.4323097042085945e-09,4.99657486143052e-09,-2.2891726587674642e-09,3.859345420318711e-09,6.862869499042366e-09,1.0925212864454017e-09,2.0313827301053186e-10,-1.317884362110503e-09,6.862259892306611e-09,-4.4260389662761155e-09,6.995394954080666e-09,-8.291408336750883e-10,3.190646600344063e-09,2.7643377155403196e-09,1.4085098899239085e-10,-6.765268610734426e-10,-2.0126612486029945e-09,5.701010651705829e-10,-3.410518136531074e-10,2.1793217451900638e-10,-1.3642296567899828e-09,3.378491516344767e-09,3.801181445142686e-09,-6.939300121992188e-10,-1.6815948368556513e-10,5.54147781313837e-10,2.1850466788706744e-09,-2.0013085745705104e-09,2.4588696361058908e-09,-3.3066298251832657e-10,1.2002962546292664e-09,2.036350691744371e-09,1.0253538461827156e-10,-1.2013607716748506e-10,-5.789471005496309e-10,2.447435306768764e-09,3.2768621751907744e-09,3.3681329090558635e-09,-1.2864866896956225e-09,2.7671417745649214e-09,3.6166628670869085e-09,-5.385495420650831e-10,3.753804221629525e-10,2.648223651545594e-10,-1.6198916674985674e-09,-1.075007081010902e-09,-3.0392832724335047e-09,6.715773589425643e-10,-2.0809971502442115e-09,-3.047052231172962e-09
L12treat_m4,1.9713787740260026e-09,3.728311043251113e-10,-6.790845988334634e-10,3.7384086305904175e-09,7.415544989639303e-10,1.5239626858418236e-09,-8.703246341467215e-10,3.060310581134489e-11,-6.407396972941736e-10,2.9685335787883224e-09,-1.779287121697125e-10,-1.928708986884258e-09,6.180331179426046e-09,-3.289030694621817e-09,3.0936291675953227e-09,-4.117419098965471e-09,2.357984487833482e-09,4.5309236345902737e-10,2.805014251393928e-09,-1.4090066963577988e-10,-1.8141726482150869e-09,3.975316574822755e-09,-2.0861978279460582e-10,1.7447341216176054e-09,-3.5148962189094662e-09,4.887143398651457e-09,1.092521286445395e-09,2.5327999504825885e-09,9.848737960961468e-10,-2.7988774103098294e-10,5.0035734055879435e-09,-2.7828845042354166e-09,3.6568532114520203e-09,-1.1205307269647774e-09,1.571258764882847e-09,-1.89134462147399e-09,1.1653629240101137e-09,8.93902451047827e-10,-1.1678036416061973e-09,-2.610792149206459e-10,9.481541584157913e-10,7.420046007882906e-10,-1.739179324408205e-09,2.3946760692631727e-09,-2.551395148616618e-09,1.3823308063370147e-09,-9.010260550510829e-11,-1.5945876210334533e-09,5.101875294391669e-09,-2.527088365810319e-09,1.143388282934642e-09,4.4455545858732265e-10,3.189065763709965e-09,-1.5951451866300742e-10,1.2000227529042878e-09,-1.0958722641034538e-09,-2.2163292772300116e-09,4.661158608113673e-09,-3.4112745727952973e-10,1.1821285984271559e-09,7.544849747442341e-10,1.6902807390124653e-09,1.2095690339202494e-09,-1.524673681707939e-09,-4.284100330343818e-10,7.979352345750701e-10,-4.16176562026814e-09,2.0400601124501313e-10,-2.5578978485016204e-09,1.178813423262758e-09,-1.083019212948887e-09,3.0947757236872695e-10
L12treat_m3,-4.032575131361321e-11,1.3630683761255199e-09,4.066372573273384e-10,1.5650088546278933e-08,-1.2001890071759945e-08,-5.754758773650961e-09,-4.828489724730465e-09,2.1174983494565445e-09,-1.4466542266977523e-09,6.575256822340225e-10,3.1056835909927607e-09,5.302173804067705e-10,1.923719859471824e-08,-1.720219557614965e-08,-9.822755718285654e-09,-7.090340123780765e-09,1.7082369223188683e-09,-3.637018314560541e-10,4.300189377544711e-10,2.6630320184599733e-09,3.713237686898503e-09,1.4343824558542725e-08,-8.458409516026312e-09,-1.062550180811989e-08,-9.023961755065746e-09,4.423146692956861e-09,2.031382730105313e-10,9.848737960961466e-10,6.117081134344942e-09,5.240919160750309e-09,1.4441012031647843e-08,-1.8314116328793638e-08,-9.462179386060766e-10,5.777149923972738e-10,1.5424755654019124e-09,-1.89065702021873e-09,2.453963744944625e-10,5.667992470292043e-09,2.5473497510386967e-09,4.445256262480809e-09,-1.4935558146294616e-09,-1.0865127099058462e-09,5.119072307362051e-10,-4.673885649406204e-10,-5.297696387369314e-09,3.561365254939063e-11,3.761849693113058e-09,1.2913240730023283e-09,5.9151264210563334e-09,-1.1223512838470113e-08,-4.6508627360982255e-09,2.892892770856696e-10,2.7171630064914945e-09,5.744506540715197e-10,5.645359621999379e-10,1.476165808540339e-09,-4.596500732673913e-09,1.0808097915541681e-08,-3.8703007187841864e-09,-2.895309341398749e-09,2.682257251854402e-09,5.022035560552729e-10,1.324979142800158e-09,-3.53171237445572e-10,-3.329479446852768e-09,-2.897878582993069e-10,-1.4008287476507504e-08,9.619838667941505e-09,4.106865641120717e-09,3.2900926286447813e-09,-2.4123292320572778e-09,7.182256331226061e-10
L12treat_m2,5.548540033817041e-10,2.0967297434164623e-10,9.661307130726747e-09,2.4696778236588102e-08,-3.040171220995234e-08,-9.323870542124571e-09,2.737694287627264e-09,4.1151753465802364e-09,1.1718717381833276e-09,-3.502837681183608e-10,-6.030620025865771e-10,1.1903137292037806e-08,1.353684850199779e-08,-2.3221805153644066e-08,-1.5348854271893202e-08,3.244967658799725e-09,2.3295670523599113e-09,-5.025424834261385e-09,1.0489059285163528e-09,1.944992944472238e-10,1.9287335759689292e-08,9.894103492407821e-09,-1.4209048808076043e-08,-1.4451021703919369e-08,-1.4367715059684273e-09,5.607694172343583e-09,-1.3178843621104932e-09,-2.7988774103098764e-10,5.240919160750304e-09,2.0470997308404432e-08,7.996914755087045e-09,-2.3198324851363206e-08,4.3782912778898477e-10,9.551209381527513e-09,4.002950573365677e-09,-1.1547978567519536e-10,-1.445191127876865e-09,5.330255904565436e-09,1.572355433109349e-08,9.085893758385536e-09,-1.3880326918843992e-08,7.143385645869704e-09,9.029955270670886e-09,-5.414160696491103e-09,-2.998433436286029e-09,3.3914490976068624e-10,6.8079522391651195e-09,7.253628273940951e-09,-1.0208604391403129e-08,-3.642113734231666e-09,-3.6465356695055156e-09,4.348678571430303e-09,9.014382233235899e-09,-3.9925236920366985e-09,-7.432800221569918e-10,3.1684639228619263e-09,-6.599855239973073e-10,8.229895382497803e-09,-7.340579521769193e-09,-2.985750627110215e-09,5.088503894865708e-09,3.1295320216491524e-09,-3.895193946955458e-09,-3.996148353189032e-10,-4.5154349994436325e-09,-8.922269843769058e-09,-1.1350034968956926e-08,7.793379362902646e-09,1.5857930325083526e-09,-1.8616366744652567e-09,-4.111426435035456e-09,5.560994461750808e-09
L12treat_m1,-4.4563824066409414e-10,6.066930487848497e-11,-3.856192889876867e-09,7.007591448642325e-08,-4.9350890369277885e-08,-1.0163938158590904e-08,-1.7097199079370185e-08,1.2728915391826066e-08,-3.852167468851126e-09,4.303837772965005e-09,7.262682652769803e-09,-4.578543266977513e-09,1.0973916855662188e-07,-7.786252297804005e-08,-3.543049549345768e-08,-3.4946987067070684e-08,1.5327379534868593e-08,3.6175795783012105e-09,3.9674317452917115e-09,2.6333366660767727e-09,2.7000997815637676e-09,1.0099801826128733e-07,-6.909434323531057e-08,-4.419083611587406e-08,-3.0758495034326466e-08,3.1978775618469076e-08,6.862259892306626e-09,5.0035734055879295e-09,1.4441012031647827e-08,7.996914755087079e-09,1.1927508026619092e-07,-1.1163289731544837e-07,-1.9328896802144815e-09,1.5607714949402892e-08,8.597441883231133e-09,-9.110827311599778e-09,-2.0382184048331525e-10,1.4032235322144755e-08,-3.742752348257476e-09,5.1901270370285855e-08,-1.561157283969642e-08,-1.514813265352467e-08,1.453484714181431e-08,1.0232873097215916e-08,-2.502462779073487e-08,-1.1352613339349663e-10,4.888456965526518e-09,-1.9744525401901213e-09,6.102204105180061e-08,-7.879184085509383e-08,2.966313390944778e-09,5.251666894321329e-09,1.6243196646114686e-08,1.0183863958182228e-08,2.6944742811906365e-09,-7.17032814299926e-10,-2.161932698344492e-08,6.46940931989478e-08,-2.2314497284499246e-08,9.974080682862546e-09,1.5028643139238823e-08,5.495716053970562e-09,1.0075537291582906e-08,-2.655809551660845e-09,-4.426157430100846e-09,6.590615770974479e-09,-1.0653803600934477e-07,4.8982442833262015e-08,1.456520568196464e-08,1.5211744850572865e-08,-6.095458538273313e-09,3.1336266232708714e-09
L12treat_p0,2.5596867637109518e-09,8.342753894610506e-10,-6.716190372278671e-09,-8.351419624957126e-08,8.040504220970552e-08,1.782878774952762e-08,1.1522697225003719e-08,-2.3189189942258503e-08,1.5728188188781636e-10,-1.9959625738342773e-09,-8.239995666487083e-09,-1.4875959271186542e-08,-1.0720928148822326e-07,1.0788658980487806e-07,3.740341448420772e-08,3.3538601574507596e-08,-1.2582470613873203e-08,-5.8992483727436785e-09,-4.2724701046043225e-09,-4.174426736014747e-09,-2.100589453881716e-08,-1.0007062673902095e-07,1.0558528937827417e-07,5.383868750071336e-08,3.1509015323240865e-08,-3.165806645771494e-08,-4.426038966276115e-09,-2.782884504235422e-09,-1.831411632879362e-08,-2.3198324851363222e-08,-1.1163289731544832e-07,1.520850902966577e-07,-1.554014205522129e-09,-2.397912537268131e-08,-9.723655545941693e-09,5.394695372963179e-09,2.4952331835505714e-09,-2.0492607443447186e-08,-5.037899283653161e-09,-5.540742119698606e-08,3.9852415201162816e-08,1.1994834296855479e-08,-2.1025860038753045e-08,1.137932875879507e-09,2.2469032191597917e-08,-6.31794507080006e-10,-1.2109228262659705e-08,-6.565035084564554e-09,-4.796274253185409e-08,9.498500640938286e-08,5.610672971826645e-09,-3.9700631539228855e-09,-2.2835744952357995e-08,-1.3540736269732248e-08,-1.2744121594411442e-09,-2.836202164904068e-09,2.2347522105077113e-08,-5.652807384273802e-08,3.782240278979276e-08,-6.322448579114343e-09,-1.8989011575298533e-08,-8.600692396286457e-09,-9.292535635596168e-09,2.360444097325405e-09,6.747929968028184e-09,-4.872113941348777e-09,1.0727971758761019e-07,-6.332864379535625e-08,-1.627061809336296e-08,-1.233024548338256e-08,1.1077110496577212e-08,-3.823001387834007e-09
L12treat_p1,2.4373132107484274e-09,-4.548073049765594e-10,3.016059845747756e-09,-4.0924599531019585e-09,-5.10414894677182e-10,1.621756800335945e-08,1.0513650331531651e-10,7.606475645319715e-09,5.580978474337199e-09,7.426467749218365e-09,-2.591666067674727e-09,2.813878047639445e-09,-3.915713169359842e-09,-3.681235036086638e-09,2.6252423221531182e-08,-5.850848266584222e-09,7.715011427521462e-09,5.152791626365194e-09,5.606797948121302e-09,-1.969109112841201e-09,-1.5744952636408885e-09,-4.231235037163562e-09,-8.14116279070659e-09,3.0621098047906104e-08,-6.369438855736633e-09,1.5049562207607324e-08,6.9953949540806475e-09,3.6568532114520278e-09,-9.462179386060822e-10,4.378291277889715e-10,-1.9328896802144116e-09,-1.5540142055221142e-09,3.682648954199063e-08,-1.9708987218212933e-09,1.0737089138504674e-08,3.7104286524773166e-09,1.051632522543708e-09,-2.2532937209752794e-10,-3.1968900902544386e-09,-9.835139397184472e-09,1.1984786316960553e-09,1.6472684487563834e-08,-4.207096963346146e-09,1.785555228592138e-08,6.091251488928351e-09,4.929311896087434e-10,-2.109085170265112e-10,2.471258116201618e-09,5.8471905675548196e-09,-1.2982954095778376e-09,1.2560341730023727e-08,3.3149457467177026e-10,1.3573767670553704e-08,6.9466404512000625e-09,3.1210501968116563e-10,-1.0546706884640385e-09,-7.239888196104161e-10,-2.3893423228756727e-09,7.645649665611725e-09,1.2165757449923985e-08,-3.3842568027130857e-09,1.617851795462279e-08,5.413819433964062e-09,-1.3759344633238696e-09,3.7910749946856476e-10,1.3972781544703942e-09,5.938207885180705e-09,-1.2374202617339387e-08,-2.2713865231385536e-08,-8.325383916347964e-10,-8.791186459492164e-09,-6.357958249013484e-09
L12treat_p2,2.823231306359799e-11,-2.2872158393392998e-09,1.94176559737243e-09,2.2558220537275943e-08,-2.476746121746614e-08,-4.339578388283477e-09,9.047728441644197e-09,4.906747321723459e-09,4.310731946077868e-09,-7.734262715235473e-10,-2.577719564697972e-09,5.199196928603462e-09,2.029210980771995e-08,-1.631821536528301e-08,-1.6248332752950438e-08,1.1656287252157165e-08,9.788708549759352e-10,-3.041452146888138e-09,7.580691420813906e-10,-3.3492731125043046e-09,8.333426516023357e-09,1.8017797775200945e-08,-2.3926975180632845e-08,-1.47252727928567e-08,1.344861551110609e-08,4.670937043679966e-09,-8.291408336751001e-10,-1.1205307269647703e-09,5.777149923972743e-10,9.551209381527531e-09,1.5607714949402872e-08,-2.3979125372681294e-08,-1.9708987218212924e-09,2.3462182648419435e-08,-1.3813493365223577e-09,-1.9282043402534278e-09,-3.0424857658955636e-09,1.0965493881438961e-09,4.199214293547507e-09,1.6603022766086194e-08,-1.3656816050896184e-08,6.41431386843589e-09,2.4614709919468964e-08,-2.745203671284264e-09,-1.7007441393349555e-10,1.7921421879411997e-10,1.4449359328366362e-09,2.8027167406779378e-09,-1.2220924961360338e-09,-1.3420084719128433e-08,2.8635754271604815e-09,8.186163072050848e-09,8.160235313552425e-09,-4.735931778090923e-10,-7.377794328062413e-10,-3.944751276530117e-10,-3.1001029593486255e-09,9.450701985799485e-09,-1.257398077646478e-08,5.21472654779217e-09,1.0343702524862724e-08,-4.242456583982913e-10,-1.1999192343861207e-09,1.8717746725473648e-10,-4.6494521679459576e-10,-1.0654023920276829e-09,-2.5430279796422483e-08,1.242026786101927e-08,4.9797498833202696e-11,-6.36852501425864e-09,-5.778187388381872e-10,4.392770035085479e-09
L12treat_p3,9.562464110317916e-10,1.2088104945123004e-09,6.406373941306861e-09,5.843888123647791e-09,-3.0621527681849816e-09,-1.2018498049491648e-09,-4.029838271032041e-09,8.323205624276832e-09,-3.4882662519450907e-10,1.83571595358489e-09,7.64213745060898e-10,6.3317017836513204e-09,4.728540154821457e-09,-4.9800449330981185e-09,2.7739147419613226e-09,-7.650728239248002e-09,6.821888490150977e-09,4.15040880062799e-11,1.9240868076151963e-09,1.3972125021067647e-09,5.7880641292077086e-09,3.099943680360272e-09,-7.259541258458277e-10,2.5036771677015006e-09,-8.910581682021559e-09,1.1674181258859599e-08,3.1906466003440555e-09,1.5712587648828574e-09,1.5424755654019167e-09,4.00295057336567e-09,8.597441883231126e-09,-9.723655545941718e-09,1.073708913850467e-08,-1.381349336522355e-09,1.4029031236280189e-08,3.800631574998481e-09,1.1704433176150564e-09,2.2763014381965327e-09,2.1909143672357734e-09,1.002495633971942e-09,5.090370057962039e-09,3.760511440907669e-09,-6.0786227624992e-09,1.0302326882537228e-08,2.0760858646685685e-10,-3.9476696990704244e-10,1.7616431087414785e-09,1.4425473963383567e-09,3.5269670301811216e-09,-3.7265651255666576e-09,-1.8818943195867443e-10,2.871755090232845e-10,9.277941191071042e-09,1.9529192414556694e-09,1.79981034480519e-10,9.980200346205668e-10,1.1783513163978518e-09,1.2687497469383505e-10,3.445104652552606e-09,2.7498027936799723e-09,-2.207735840273785e-09,9.328558198105394e-09,9.230504948575453e-10,-2.5164603430558495e-10,-6.630478897218118e-10,-1.8454357060445202e-09,-1.4663598390972085e-09,-3.469485077955248e-09,-3.0682728707498905e-09,1.2038809814438657e-09,-8.931870158326103e-09,-2.9183829168897932e-09
L12treat_p4,-1.0991767045475732e-09,2.003017205342941e-10,3.368817447641089e-09,-7.40617233129773e-09,3.5150385616758006e-09,-3.242006576427944e-11,-9.349953489205896e-10,1.2377782700143828e-09,1.304490135805358e-09,-1.72409779263201e-09,-3.736575374495988e-10,6.38158264905997e-09,-1.514411975387344e-08,5.887147784822144e-09,7.340638738629813e-09,1.106942069963254e-09,-1.411656419017132e-09,3.0116439239708402e-09,-1.8107969723385948e-09,2.5229696124609367e-10,3.7080223971065033e-09,-1.1368710171776536e-08,6.4951087039579975e-09,6.399890496887626e-09,-9.648529734458829e-10,-2.7162747051621906e-09,2.764337715540295e-09,-1.8913446214739867e-09,-1.8906570202187278e-09,-1.1547978567521586e-10,-9.11082731159977e-09,5.3946953729631874e-09,3.710428652477324e-09,-1.9282043402534257e-09,3.800631574998482e-09,1.0016557692132752e-08,1.2345172695128143e-10,-1.6470347681926079e-09,1.6930985088198207e-09,-3.494172695963898e-09,1.8188403456813304e-09,6.683242522833393e-10,-4.936956310700379e-09,1.7705678846738208e-09,7.4301627656666634e-09,-6.613360496061548e-10,-1.2233853527760233e-10,2.4751287371047852e-09,-8.904673317561663e-09,7.0479793338891295e-09,2.371999296551185e-10,-8.510134559134934e-10,2.6897787208311423e-10,2.1530207116826782e-09,-1.0700044580403916e-09,1.308502066077569e-09,4.946014733399897e-09,-1.1546089989803103e-08,5.184913570732038e-09,-1.5595427211108986e-10,-3.898549454079079e-09,3.855473272693227e-09,-6.612294369798315e-10,3.433621743729967e-10,1.3418304764902331e-09,-1.276401884828399e-09,1.3623800931098675e-08,-6.886021989707129e-09,-2.4002406525349225e-09,-5.597627842644251e-10,-3.549584973951435e-09,-5.554065801091816e-09
L16treat_m4,7.873649483959865e-10,4.786443937164525e-10,4.5084890650628623e-11,-1.1126738730992447e-09,3.844368251574041e-09,9.88810290230706e-10,-1.2897806206417246e-09,-7.373579940422914e-10,-9.119783319732641e-10,1.1070945846733404e-09,2.396103732843704e-10,-9.62281708009918e-10,-1.3717224734977274e-09,1.9932599358052637e-09,3.5551543415214267e-09,-3.1705478725347914e-09,6.756309827025366e-10,5.518178114707053e-10,1.0981548458025184e-09,6.677357556487461e-10,-1.3880955009220686e-09,-1.845655301742556e-09,4.971726927655316e-09,2.120510100697604e-09,-2.4676927566677104e-09,1.9332363385739143e-10,1.4085098899239038e-10,1.1653629240101133e-09,2.453963744944639e-10,-1.4451911278768645e-09,-2.0382184048330644e-10,2.4952331835505847e-09,1.0516325225437172e-09,-3.0424857658955636e-09,1.1704433176150553e-09,1.2345172695127973e-10,1.4663622892991391e-09,1.21090592299956e-10,-8.131153903562269e-10,-1.5418704367105005e-09,2.704750755287651e-09,-4.983098678069916e-10,-3.744295781800927e-09,2.1904360141673215e-10,-8.732898585684026e-10,7.637469566479114e-10,-3.976979226022244e-10,-1.507490952621851e-09,1.422762761510181e-09,1.6494981572746903e-09,-4.5623795735801485e-11,-3.4370207784747796e-10,2.7486605424874827e-10,-4.056400744471204e-11,6.129046576296359e-10,-1.9540784859629067e-10,5.2551555183218355e-11,-2.5861926513759753e-10,1.3678286036570304e-09,-4.385399242725127e-10,-5.393120871439565e-10,9.48156212889179e-10,-3.174250773221714e-10,-1.1324204975601496e-09,-1.388010405957204e-10,5.375081745969678e-10,1.5882983939457804e-09,-2.3530750117987086e-09,-8.557673331692672e-10,9.424349723143836e-10,-5.898705370372897e-10,-4.921528182949103e-10
L16treat_m3,3.568505130082773e-10,1.0720789901641787e-09,8.01366790391908e-10,1.4732158287624491e-08,-1.2754199267482313e-08,-7.075372192843468e-09,-5.895988900125124e-09,4.122275001889727e-09,-7.918894541648987e-10,6.9685325839827e-10,2.7811917934242733e-09,1.2713948637481547e-09,1.8892705179763332e-08,-1.8583167745103387e-08,-1.0094917387030179e-08,-8.902856515080574e-09,1.8385272521542875e-09,8.300690259018768e-10,9.75239087457745e-10,2.6507418065592648e-09,4.428336054842101e-09,1.344130627580105e-08,-1.0898199773186975e-08,-1.1295441942518637e-08,-1.0675943493488212e-08,4.420240668587378e-09,-6.765268610734405e-10,8.939024510478246e-10,5.66799247029205e-09,5.330255904565425e-09,1.4032235322144773e-08,-2.0492607443447203e-08,-2.2532937209752784e-10,1.0965493881439013e-09,2.27630143819654e-09,-1.6470347681926023e-09,1.210905922999542e-10,6.5137865715047176e-09,2.6128426030223817e-09,5.349941074146695e-09,-6.521477304025991e-10,-5.243863650337168e-10,-3.2970293642101446e-10,8.555376168588152e-10,-6.026887643463437e-09,6.262330629828656e-11,3.6217809515496594e-09,1.7039194478559905e-09,8.100665393749718e-09,-1.3878730594680325e-08,-5.448601812391838e-09,6.149978822454785e-11,4.171017173398411e-09,1.7645889910052406e-09,5.266181262707923e-10,1.4839326289779844e-09,-4.378336241152656e-09,9.085784960168577e-09,-4.51508070834238e-09,-2.8209342632836432e-09,1.6933398776256158e-09,1.7236655213813592e-09,1.5292110180100687e-09,7.546420834663856e-11,-2.892754813712387e-09,5.659878702959603e-10,-1.4410199039717522e-08,9.28986805757233e-09,4.3776352946353565e-09,3.6384681820384658e-09,-3.307163550380994e-09,-1.8716895299161667e-10
L16treat_m2,5.336413363460047e-10,6.2162678092496e-10,8.190817519165732e-09,1.3099472769965838e-08,-1.9440432988001044e-08,-8.183283134340306e-09,2.359016384470441e-09,-4.4005508798603966e-10,-4.5075875100118437e-11,-1.3899987782897893e-09,-8.248177430799967e-10,9.319073484275385e-09,-1.0129730195138687e-10,-8.579583955071931e-09,-1.1689996646057788e-08,4.823400312972692e-09,5.986716759725354e-11,-5.226220399006963e-09,-3.4628850356646333e-10,3.570860141392011e-10,1.5982317536830535e-08,-1.8200887383641108e-09,6.155833962115738e-11,-1.0149784672078905e-08,6.19602789571994e-10,-6.060231997132858e-10,-2.0126612486029978e-09,-1.1678036416061986e-09,2.5473497510387025e-09,1.5723554331093472e-08,-3.742752348257462e-09,-5.037899283653178e-09,-3.1968900902544564e-09,4.199214293547494e-09,2.190914367235776e-09,1.693098508819832e-09,-8.13115390356223e-10,2.612842603022385e-09,1.5654864262272784e-08,2.7960425550308424e-09,-8.924343871027468e-09,3.898319547543115e-09,3.4148954674511692e-09,-6.849602380214781e-09,-2.902100882407134e-10,-1.321222987739151e-10,4.865661227326431e-09,5.843487861328924e-09,-1.466448815185466e-08,7.1696652302040044e-09,-3.229233590384746e-09,2.590784764363838e-09,4.228178495108118e-09,-5.169371883611329e-09,-9.028772335088972e-10,3.1037140674707625e-09,2.9971154153414424e-09,1.146912739327163e-09,-2.706306133515549e-09,-4.215055082978858e-09,9.687325156696482e-10,1.664599516028325e-09,-5.851843356975266e-09,-1.5968938122641406e-10,-3.173053510258774e-09,-8.953474956754938e-09,2.093518715339223e-09,7.884008980603016e-10,2.4606987728172912e-09,-1.8753924835053126e-09,-1.317391149752244e-09,4.59341851915462e-09
L16treat_m1,-1.8922714608350823e-09,-1.7794371636017216e-09,1.8104413018821209e-09,3.4914963201462965e-08,-3.255047874306059e-08,-1.041313214684615e-08,-2.2995433787547117e-09,6.3150835668726514e-09,1.5539916676268593e-09,-1.7491341744265372e-09,1.0613324368158627e-09,4.21100671786357e-09,4.398870910483953e-08,-3.785742889904596e-08,-2.6155604250165962e-08,-5.688356645023069e-09,2.7878741597854617e-09,1.3299567848229539e-09,3.9227417257184566e-10,-4.4646877456759204e-10,8.787705689379727e-09,4.4869664873428985e-08,-3.871099121951991e-08,-2.9094697699789067e-08,-2.4504648290028764e-09,7.194803788272306e-09,5.70101065170583e-10,-2.610792149206576e-10,4.445256262480809e-09,9.085893758385571e-09,5.190127037028596e-08,-5.540742119698608e-08,-9.835139397184528e-09,1.6603022766086188e-08,1.002495633971938e-09,-3.4941726959639238e-09,-1.5418704367105025e-09,5.349941074146688e-09,2.7960425550308275e-09,3.648409421252706e-08,-1.4811592823006439e-08,-3.796570387235175e-09,1.7375813986389497e-08,-4.175432816235881e-09,-1.0220398015959488e-08,-3.7482437105211526e-11,2.4576541797558842e-09,1.523795424098917e-09,2.0082439390440117e-08,-3.5874919705531063e-08,-1.0898544311451356e-09,6.279775207667151e-09,6.378769592735093e-09,1.7242267559377967e-09,-1.3004141712466732e-10,7.34259908889456e-10,-7.72344722538023e-09,2.5058971388077456e-08,-1.621893560440255e-08,2.8653835559661826e-09,1.1211701378643155e-08,-1.383762476221561e-09,6.368295833333836e-10,-3.138500755729979e-10,-1.1497277663206143e-09,5.003201455744072e-10,-5.306559106380793e-08,2.4482794797831413e-08,1.1253557959936813e-08,2.138095119638991e-09,-1.359871105658692e-09,4.24278390024672e-09
L16treat_p0,9.928113275487565e-10,2.4064262711999893e-09,-7.246790040996664e-09,-2.523048608024055e-08,3.633244292341746e-08,1.245170628650815e-09,-1.2927202510045459e-08,5.365796658103967e-10,-3.003388985607162e-09,-2.861533067593365e-12,2.0262029477521102e-09,-1.033007196025413e-08,-1.4840632971868928e-08,3.081772920315062e-08,6.945094901116496e-09,-1.0010932636827037e-08,9.334276252987175e-10,3.6830588773394243e-09,-1.1606451902756856e-09,2.99555973372311e-09,-1.2559323594064508e-08,-1.837569255919434e-08,3.942755279776825e-08,1.0719980955431336e-08,-9.855759197634684e-09,-3.963189836079883e-09,-3.4105181365310697e-10,9.48154158415804e-10,-1.4935558146294657e-09,-1.3880326918843989e-08,-1.5611572839696408e-08,3.9852415201162796e-08,1.1984786316960587e-09,-1.3656816050896185e-08,5.090370057962041e-09,1.8188403456813045e-09,2.7047507552876553e-09,-6.521477304026025e-10,-8.924343871027423e-09,-1.4811592823006432e-08,3.6742832061531835e-08,1.6435775494641988e-09,-1.817981760253922e-08,1.3868031735226452e-08,-1.250215033675756e-09,-1.7325250037932727e-09,-4.080552683369321e-09,-4.245395325878286e-09,8.15307401751299e-09,1.576164990693078e-08,-2.721064540246348e-09,-4.292088930766394e-09,-5.098956104104055e-09,1.1347073074346057e-09,8.328918864343135e-10,-1.811631050351266e-10,3.4626496490541017e-09,-1.1318674414146588e-08,1.884107970637985e-08,-2.8026931410849953e-09,-1.0155569254185134e-08,1.212828584244999e-09,3.398222590363699e-09,2.0318655245268487e-09,1.3036096445085581e-09,3.3673785240176415e-09,2.2068207767103837e-08,-1.9025240325418935e-08,-2.3145069909583423e-10,4.614815662057014e-09,-3.1801099867228256e-09,-7.866770053393674e-09
L16treat_p1,1.8258040433773793e-09,-7.455426355958871e-10,3.971414263837521e-09,-1.1461110802338896e-09,-5.165078960409059e-09,5.8744890067421884e-09,4.754279148785579e-09,3.675782288084577e-09,4.31356180307294e-09,2.648011717042254e-09,-4.35310955816419e-09,4.3274776908627484e-09,-1.1230726468827088e-08,3.2427832499239685e-09,6.188284065750829e-09,6.8473538851326076e-09,1.864249094968474e-09,-1.3570752205968783e-09,2.7493621848830667e-09,-2.738529922183505e-09,4.4651820088073e-09,-1.2285204783268068e-08,5.380751660347832e-09,1.3678353382865568e-08,5.64555516902694e-09,3.4560246569885583e-09,2.1793217451900253e-10,7.42004600788298e-10,-1.0865127099058525e-09,7.143385645869692e-09,-1.5148132653524657e-08,1.1994834296855459e-08,1.6472684487563837e-08,6.4143138684358875e-09,3.7605114409076674e-09,6.683242522833336e-10,-4.983098678069975e-10,-5.243863650337158e-10,3.898319547543122e-09,-3.796570387235175e-09,1.6435775494641684e-09,2.1561805206438564e-08,6.319500186034603e-09,6.946972970872294e-09,3.4571630442265215e-09,4.657377595426983e-10,1.2355180179037992e-09,3.584251249654064e-09,-9.772383724653099e-09,1.1930134880766573e-08,5.142874155523326e-09,2.9345748708859986e-09,8.95006258471795e-09,-2.383897575443407e-09,-1.0275751675949127e-09,5.016207990980272e-10,8.217245126962063e-10,-5.510937726693801e-09,4.918824197226527e-09,3.309182085486726e-09,-1.950766784117941e-10,6.050121134100007e-09,-1.5005613921649234e-09,3.483244187770304e-10,-1.2920880695126294e-09,-4.3406060119153125e-09,9.365511887848031e-09,-1.2485380199052851e-08,-1.4270740317007211e-08,-4.6025309178232475e-09,-4.690388924995969e-09,9.593159131421228e-10
L16treat_p2,-1.2956967950904202e-09,-2.9443726566649195e-09,-8.567111758222772e-10,2.404908791763473e-08,-2.4852942614529314e-08,-3.1301733139529537e-09,1.2163740638832979e-08,2.185047100785137e-09,3.7851580670458155e-09,-1.5179539124307066e-09,-2.61865751879641e-09,2.5063458963689146e-09,2.233624478880902e-08,-1.624615640340221e-08,-1.8744908021601958e-08,1.7597239961166235e-08,-4.023221789898383e-10,-5.503406925790284e-09,-5.46958618499667e-10,-3.842835484623713e-09,6.084331215513201e-09,2.1362997415823647e-08,-2.6014981628988696e-08,-1.5514376914393825e-08,2.1418620235698617e-08,1.7004451800283592e-09,-1.3642296567899923e-09,-1.7391793244081994e-09,5.11907230736204e-10,9.029955270670896e-09,1.4534847141814326e-08,-2.1025860038753055e-08,-4.207096963346161e-09,2.4614709919468954e-08,-6.078622762499205e-09,-4.936956310700378e-09,-3.744295781800936e-09,-3.297029364210133e-10,3.414895467451173e-09,1.737581398638951e-08,-1.8179817602539226e-08,6.319500186034596e-09,3.3049625764751304e-08,-7.769198616227517e-09,6.432886901568767e-10,5.738339438067152e-11,8.010790207968653e-10,2.843758688034752e-09,-2.71663061280639e-09,-1.3151552488057964e-08,4.493843869841576e-09,9.46863868632997e-09,4.136284471229282e-09,-1.2944247350123856e-09,-1.0892874109036896e-09,-8.26240669097524e-10,-4.84420026715655e-09,1.3578652153565492e-08,-1.6472125919020243e-08,5.272798244465385e-09,1.4757416872710572e-08,-3.5828252907429575e-09,-1.666950496966283e-09,3.107323561392933e-10,-8.329033236217118e-10,-1.7041563747770706e-09,-2.8087472579719143e-08,1.6664428823359637e-08,-8.145679332061056e-11,-8.764399412375595e-09,2.5205008843983877e-09,6.8520736105648825e-09
L16treat_p3,3.059037527548955e-09,2.101350216805615e-10,-2.2046717006787316e-09,-5.0708162715947515e-09,8.697434007320313e-09,7.960369611128221e-09,-6.048434024715522e-09,8.4238146813033e-09,-9.217187484828446e-11,5.038723123614855e-09,-1.2279241429167398e-09,-5.150428633555157e-09,8.437762400196103e-09,9.536393791998649e-11,9.758747977175844e-09,-1.1405730129780413e-08,8.430229417134979e-09,2.9446860726828037e-09,3.44073087490626e-09,-9.695550546149833e-10,-7.92364091923056e-09,3.2044690995244587e-09,2.1671630857399802e-09,1.3027981543769501e-08,-1.4566447549485298e-08,1.5707022236513668e-08,3.3784915163447573e-09,2.3946760692631917e-09,-4.67388564940617e-10,-5.414160696491109e-09,1.0232873097215894e-08,1.1379328758794862e-09,1.785555228592139e-08,-2.74520367128427e-09,1.0302326882537278e-08,1.7705678846738417e-09,2.190436014167283e-10,8.555376168588119e-10,-6.849602380214791e-09,-4.17543281623588e-09,1.3868031735226463e-08,6.9469729708723085e-09,-7.769198616227525e-09,2.59265496396277e-08,-1.4821123635120274e-09,-5.216554886636142e-10,-1.5109118807853257e-09,-9.169552785735313e-10,1.7249478236652576e-08,-7.039620733157282e-09,6.636730590939916e-09,-1.2154869013830004e-09,1.0269521259852663e-08,5.444318161994667e-09,8.346492847404651e-10,-2.0659463900712105e-09,-1.659770254570815e-09,2.8070785779199237e-09,9.924334661548105e-09,7.4130287632944675e-09,-5.786578350974402e-09,1.000800235083939e-08,4.726505174964536e-09,1.459339220594554e-09,1.195788652988291e-09,2.737396243477161e-09,-2.829902647694382e-09,-7.012385205008583e-09,-1.0717062070515292e-08,4.468735816658693e-09,-7.6644691363786e-09,-6.612347574252167e-09
L16treat_p4,-1.8592100244076645e-09,-3.9880597098062244e-10,2.815580112287853e-09,-1.6121257833636094e-08,8.584570902525683e-09,5.478692499839868e-09,7.395726018154854e-09,-1.2928638540615158e-09,4.126156460408456e-09,-1.8548595868546304e-09,-1.6430565056416016e-09,5.10010948391678e-09,-2.7541878489677195e-08,1.832417939523886e-08,1.1967018499848723e-08,1.3507793928877078e-08,-3.096130288170951e-09,3.3299787969960776e-10,-2.455779151084314e-09,-1.328594738540875e-09,2.9918902040815796e-10,-2.1202989050411968e-08,9.719600821276735e-09,1.5379283147657234e-08,1.303599942965519e-08,-6.710549121935968e-09,3.80118144514267e-09,-2.5513951486166072e-09,-5.297696387369308e-09,-2.998433436286045e-09,-2.5024627790734903e-08,2.246903219159796e-08,6.09125148892837e-09,-1.7007441393349146e-10,2.0760858646686055e-10,7.430162765666675e-09,-8.732898585684029e-10,-6.026887643463434e-09,-2.9021008824071946e-10,-1.0220398015959493e-08,-1.2502150336757123e-09,3.457163044226521e-09,6.432886901568746e-10,-1.4821123635120357e-09,1.510740768985003e-08,-1.4467305578318277e-09,-1.3321711860469296e-09,2.4961938446636335e-09,-1.8147305432213273e-08,1.6393692212606238e-08,3.9853100632118505e-09,-2.207441147251716e-10,-2.977826761443109e-09,1.834870648014356e-10,-1.6760526091860357e-09,4.49459398376009e-10,6.4738911863180685e-09,-1.7362436255731757e-08,5.6337259575847306e-09,3.5935584734666674e-09,-3.1696105532765504e-09,1.4314957859282917e-09,-8.922145507724315e-10,1.0223810539229165e-09,2.5829279397158364e-09,-1.2934546014469537e-09,2.4745647309287866e-08,-1.1524435915498621e-08,-6.661534168843157e-09,-6.8659568509207095e-09,1.6395525714961608e-10,-3.974387926529608e-09
F12treat_m4,1.4903786522043594e-09,-3.909990501249996e-10,-4.327002193952292e-11,2.5233497367741764e-09,8.871780644232893e-10,5.840804206549981e-10,1.5363982924569496e-09,-5.531530422505969e-10,-7.342706262507809e-10,1.7869193302075173e-09,-1.001693034046622e-09,-6.377205686218383e-10,7.163999616472106e-10,-1.5760306833745242e-09,3.1878433543184323e-09,-2.62636616034393e-10,1.364885344721151e-09,-1.11921925179859e-11,2.030541844706638e-09,-7.539118032815208e-10,-4.819250061574999e-10,-2.201586352076144e-11,3.756334169761086e-10,1.1991077359058537e-09,6.843164751758237e-10,2.2840489783924036e-09,-6.939300121992228e-10,1.3823308063370083e-09,3.5613652549390856e-11,3.3914490976069213e-10,-1.1352613339350271e-10,-6.317945070799948e-10,4.929311896087494e-10,1.7921421879411685e-10,-3.9476696990704586e-10,-6.613360496061589e-10,7.63746956647906e-10,6.26233062982867e-11,-1.3212229877391372e-10,-3.748243710521444e-11,-1.73252500379328e-09,4.657377595427023e-10,5.738339438067267e-11,-5.216554886636239e-10,-1.44673055783183e-09,2.011459710266491e-09,-2.1838381143279698e-10,-1.2412694854510182e-09,5.006688118814444e-10,-3.7179493173901856e-10,4.191687914059296e-10,1.0601397568479468e-09,2.254466276876587e-09,-1.1174008040921925e-09,8.844149644227039e-10,-1.1474041390489564e-09,-1.0939231205567076e-09,7.848830620103154e-10,-2.531745490239564e-09,-1.9807925516856027e-10,2.121592037878424e-09,1.4136334349655876e-10,-6.44962998718216e-10,-1.5319747302577278e-09,7.323173531747509e-11,3.2136902464544345e-10,-1.412678958923882e-09,7.160733009693072e-10,-1.6287792321183931e-09,-4.5730441759971765e-10,-1.0497000467922833e-10,9.94194267952386e-10
F12treat_m3,-2.7040551545607433e-10,7.730617419744098e-10,2.8245759620800424e-09,1.0654590531380453e-08,-1.2274378179200005e-08,-5.098702593683903e-09,-1.1150437675981059e-09,2.7564985196800376e-09,-7.187171708584342e-11,-1.549499519457059e-10,1.2629898045745645e-09,4.204653003179507e-09,8.29041976948442e-09,-1.2102979770708662e-08,-7.110405405024007e-09,-2.0628595949955216e-09,1.2709565880625497e-09,-1.3209589283037675e-09,2.1738723585680593e-10,1.4229916662122675e-09,6.603760330135034e-09,5.242847588580655e-09,-6.3817125037889346e-09,-7.262999589372773e-09,-5.012546581126765e-09,2.89071361298704e-09,-1.6815948368557043e-10,-9.010260550510867e-11,3.761849693113064e-09,6.807952239165122e-09,4.8884569655265264e-09,-1.210922826265973e-08,-2.1090851702651754e-10,1.4449359328366377e-09,1.761643108741485e-09,-1.2233853527760549e-10,-3.9769792260222374e-10,3.621780951549659e-09,4.865661227326436e-09,2.4576541797558974e-09,-4.080552683369331e-09,1.2355180179037907e-09,8.010790207968624e-10,-1.5109118807853205e-09,-1.332171186046938e-09,-2.1838381143279683e-10,4.42164488720774e-09,2.7826230887872394e-09,-2.219781345825523e-09,-4.498158537390542e-09,-3.963430926563858e-09,1.2271039620324433e-10,3.268778229949687e-09,-1.2402274136602209e-09,-2.64258816365109e-10,1.9296957039283857e-09,-2.1393915853360913e-09,4.641624274840413e-09,-2.4479411262352545e-09,-2.3019805540599204e-09,1.1370567986948869e-09,1.3558987995926022e-09,-4.341643257705828e-10,3.215314338503456e-10,-2.6103431864257818e-09,-2.4327004807457692e-09,-4.846884132918707e-09,4.8247365448989084e-09,1.990822652961758e-09,7.403729746358781e-10,-2.7715257280303995e-09,9.897066672318032e-10
F12treat_m2,-1.0514445948286795e-09,2.2959448433562893e-10,3.6946388425714148e-09,4.774561051744996e-09,-9.647247021657431e-09,-3.6224195233285404e-09,8.176842318881713e-10,2.1720956148261994e-09,1.7795896493915286e-09,-1.4278158665856225e-09,4.757721250873176e-10,5.972056073188304e-09,1.3832847233787244e-10,-7.300462119464136e-09,-4.8724989293963685e-09,2.244133909460257e-09,-9.59046460922478e-10,-1.4545300730072483e-10,-1.2353959127550639e-09,6.306622862441037e-10,7.738523859980173e-09,2.642831255665316e-10,-5.508595979588888e-09,-3.032949803272689e-09,-4.850408430069505e-10,-7.112474276017646e-10,5.541477813138283e-10,-1.5945876210334577e-09,1.2913240730023306e-09,7.253628273940958e-09,-1.9744525401901276e-09,-6.565035084564535e-09,2.4712581162016006e-09,2.8027167406778997e-09,1.4425473963383398e-09,2.475128737104789e-09,-1.507490952621847e-09,1.7039194478559986e-09,5.8434878613289314e-09,1.523795424098922e-09,-4.245395325878299e-09,3.5842512496540585e-09,2.8437586880347374e-09,-9.169552785735505e-10,2.4961938446636335e-09,-1.2412694854510211e-09,2.7826230887872353e-09,6.333280198160216e-09,-5.565045508458709e-09,-5.265617302796717e-10,-1.6096963026445518e-09,4.756482547408493e-10,1.3237216490296023e-09,-1.5148571333701238e-11,-7.764665442909464e-10,2.1585152706228247e-09,1.3502699605479742e-09,-8.675918009443002e-10,-3.0207568547595126e-10,-1.0778914523885898e-09,3.908088971929253e-10,7.842924353146865e-10,-3.8353718281123773e-10,1.2055727290321877e-09,-1.1340611557722707e-09,-4.351870112129695e-09,1.5401206509014696e-09,1.1585877875074497e-09,6.46164591368309e-10,-9.846814556092596e-10,-1.8863637873762565e-09,-5.191570238903674e-10
F12treat_m1,1.6931328289239763e-09,-1.9087709555872566e-10,-1.1754435339430256e-08,1.9299959241609687e-08,-4.277005248478219e-09,1.530934028125927e-09,-1.7027251765430645e-08,8.384337998593068e-09,-2.0979046345653083e-09,5.5231055875290626e-09,4.85360317039085e-09,-1.4740215768278882e-08,5.761298847111792e-08,-3.2925935453662465e-08,-6.942347263718214e-09,-3.125517206988537e-08,9.479570747206442e-09,9.063563837221065e-09,4.785947267793894e-09,2.240911230661753e-09,-1.480869163739319e-08,5.039757190710334e-08,-3.3013255185206246e-08,-1.2573399377612864e-08,-2.5768986063353366e-08,1.7002697575398407e-08,2.185046678870714e-09,5.101875294391664e-09,5.915126421056327e-09,-1.0208604391403058e-08,6.102204105180082e-08,-4.7962742531854126e-08,5.8471905675547724e-09,-1.222092496136059e-09,3.5269670301811224e-09,-8.904673317561664e-09,1.4227627615101825e-09,8.100665393749714e-09,-1.4664488151854662e-08,2.008243939044013e-08,8.153074017512984e-09,-9.772383724653114e-09,-2.7166306128063827e-09,1.724947823665261e-08,-1.814730543221326e-08,5.006688118814573e-10,-2.219781345825539e-09,-5.565045508458693e-09,5.626003111695288e-08,-5.167047128611377e-08,4.310864655317263e-09,-2.544128521996305e-10,6.1275754536303764e-09,1.139322032516703e-08,3.5538049389842747e-09,-3.0915478667682293e-09,-1.3600433413008345e-08,3.2008990012994533e-08,-7.130263707875131e-09,8.541697303068472e-09,3.646640804748502e-09,3.921013720439223e-09,1.0590426093648468e-08,-6.420817938729561e-10,1.595572089375642e-10,1.2023708925503947e-08,-5.413573095540969e-08,2.2299871165604616e-08,4.25788302636948e-09,1.2529498202734379e-08,-2.3845654095739976e-09,-4.347185240896027e-09
F12treat_p0,1.501713753188039e-09,1.5497756313168454e-09,4.2768334657320015e-09,-4.7513327498877754e-08,4.2658414536355473e-08,8.421218270106377e-09,1.1885292905205918e-08,-1.811672089835542e-08,7.927042711113432e-10,-2.511479448372557e-09,-6.9139930142338065e-09,1.1528224654457158e-09,-8.050321726217168e-08,6.918562158333499e-08,2.388426133614659e-08,2.617213966147261e-08,-1.0668834046594465e-08,-7.53420925503788e-09,-3.245741368630134e-09,-3.3323871647042035e-09,-7.639536510877458e-11,-7.229596863167386e-08,7.420834451432014e-08,3.346311775305052e-08,2.1740502552974563e-08,-1.894253274878916e-08,-2.0013085745705017e-09,-2.5270883658103234e-09,-1.1223512838470108e-08,-3.6421137342316486e-09,-7.879184085509387e-08,9.49850064093827e-08,-1.2982954095778562e-09,-1.3420084719128457e-08,-3.726565125566674e-09,7.047979333889114e-09,1.649498157274681e-09,-1.3878730594680327e-08,7.169665230204071e-09,-3.5874919705531196e-08,1.576164990693065e-08,1.1930134880766568e-08,-1.3151552488057979e-08,-7.039620733157295e-09,1.6393692212606235e-08,-3.7179493173902523e-10,-4.4981585373905275e-09,-5.265617302796525e-10,-5.167047128611379e-08,8.222847004953852e-08,5.999808721113634e-10,-1.96183705638202e-09,-1.173715232832457e-08,-1.3821280041796328e-08,-2.0029248184429184e-09,7.970414329656881e-10,1.8512100902971426e-08,-3.937524815388115e-08,2.959743332152178e-08,-1.0116630842832885e-08,-1.2003311983698156e-08,-4.70068072831959e-09,-1.0337917930083212e-08,-3.716154139735213e-10,2.3740655467374562e-09,-1.1738598783458364e-08,7.925204571618399e-08,-5.052881349923292e-08,-9.641477882525385e-09,-8.447251338297111e-09,5.1117946402396026e-09,2.4291300707465143e-09
F12treat_p1,8.790668126083572e-10,-2.0438047760866483e-09,-2.5413200031121745e-09,-6.1115900034979e-09,3.982485534038619e-09,1.4706168580877161e-08,4.5373492385906085e-09,-1.9214768995435135e-09,1.9937995116497066e-09,2.838377022316795e-09,-3.4746645242879438e-09,-2.2311829070245896e-09,-2.537645392313861e-09,7.863491727690088e-09,1.4844936606858738e-08,1.2653305228361735e-09,5.562043422697889e-09,4.5230615004201124e-10,2.1039438543728804e-09,-4.426492053614509e-09,-6.1177525677919795e-09,1.4534046508818093e-09,-1.932807979791535e-09,1.5479996237620154e-08,7.572278534690212e-09,5.226779376164488e-09,2.458869636105894e-09,1.1433882829346483e-09,-4.650862736098233e-09,-3.646535669505548e-09,2.9663133909447663e-09,5.610672971826655e-09,1.2560341730023737e-08,2.86357542716045e-09,-1.88189431958669e-10,2.3719992965512376e-10,-4.5623795735802817e-11,-5.448601812391847e-09,-3.229233590384747e-09,-1.089854431145148e-09,-2.7210645402463713e-09,5.1428741555233055e-09,4.493843869841554e-09,6.636730590939906e-09,3.98531006321186e-09,4.191687914059256e-10,-3.963430926563857e-09,-1.6096963026445607e-09,4.310864655317225e-09,5.999808721113563e-10,1.8215005156814488e-08,8.408138045399084e-10,3.6296326461989025e-09,2.122949910564056e-09,3.437779741646463e-11,-2.2499354518340335e-09,1.8448817321048864e-09,4.961031876388373e-10,3.031768522289008e-09,1.2411109037291364e-08,2.086909137889228e-12,4.4097541244787075e-09,4.601645797874056e-10,-1.4001660827629657e-09,2.492963573434692e-09,6.523381844728319e-10,-1.585212742736255e-09,-5.750295286697509e-09,-1.3543756724218016e-08,-1.9645492559237518e-09,2.2518281951213916e-09,2.6326089000541727e-10
F12treat_p2,1.010865486635478e-09,-7.871286260133268e-10,9.03009197371647e-10,1.013377578142844e-08,-7.39565705617052e-09,-2.402043890666408e-09,4.325935582229951e-09,5.463741649249228e-10,2.704745556886971e-09,9.59888116572908e-10,-1.627012974041074e-09,1.0514309441766633e-10,7.520427509526028e-09,-4.699351601966088e-09,-5.8725876418144506e-09,7.087322174767849e-09,8.465983204298669e-10,-2.023246436812143e-09,1.3503441186092237e-09,-1.19671439494249e-09,3.818154029205381e-09,5.728009176174287e-09,-4.596066186844143e-09,-4.601514615370926e-09,6.259362718417783e-09,2.6440416948816463e-09,-3.306629825183231e-10,4.4455545858732513e-10,2.8928927708566237e-10,4.3486785714303065e-09,5.251666894321346e-09,-3.970063153922944e-09,3.3149457467175304e-10,8.186163072050833e-09,2.87175509023284e-10,-8.510134559134865e-10,-3.437020778474831e-10,6.149978822454468e-11,2.590784764363839e-09,6.27977520766716e-09,-4.29208893076641e-09,2.9345748708859937e-09,9.468638686329966e-09,-1.2154869013830002e-09,-2.2074411472516816e-10,1.06013975684795e-09,1.2271039620324014e-10,4.756482547408605e-10,-2.544128521996213e-10,-1.961837056382041e-09,8.408138045399162e-10,7.547120827833681e-09,4.003470647553411e-09,-1.9258283052279043e-09,3.470439185266387e-10,-7.509594498844877e-10,-1.209792014465074e-09,5.67997678605124e-09,-4.465456009265026e-09,1.9194217686719373e-09,6.608013442237522e-09,1.7992670274317072e-10,-1.666068610230262e-09,-9.490276122147954e-10,-2.919707404739723e-10,-1.5464951941010118e-09,-9.872913281201603e-09,2.41645375177086e-09,-6.866911393487846e-11,-4.163199530991957e-09,-5.573872477655632e-10,2.1146799130783235e-09
F12treat_p3,3.871023410786409e-09,-7.08731770040243e-10,4.81208474756414e-09,2.0733763693794155e-08,-1.7209420562907303e-08,-4.299192897300339e-10,3.104167130842759e-10,9.601769667677668e-09,1.4331323164783627e-09,5.447304444861884e-09,-2.503039783696717e-09,5.243005059961061e-09,1.863010969908763e-08,-1.9212120476100106e-08,5.162151046076301e-10,-6.584122533259983e-09,1.0151701007348874e-08,-6.090315871934013e-10,6.00649037764917e-09,-1.9278900329464715e-09,7.2219445528194375e-09,1.2855120745363396e-08,-1.4385951700437357e-08,-1.2213910115060891e-09,-6.628134446725319e-09,1.852881051738901e-08,1.200296254629257e-09,3.189065763709975e-09,2.7171630064914945e-09,9.014382233235892e-09,1.6243196646114732e-08,-2.2835744952358008e-08,1.3573767670553707e-08,8.160235313552427e-09,9.27794119107105e-09,2.6897787208311035e-10,2.748660542487541e-10,4.171017173398408e-09,4.22817849510811e-09,6.378769592735164e-09,-5.098956104104033e-09,8.950062584717942e-09,4.136284471229272e-09,1.0269521259852625e-08,-2.9778267614431137e-09,2.254466276876598e-09,3.26877822994968e-09,1.3237216490296183e-09,6.127575453630432e-09,-1.1737152328324568e-08,3.629632646198888e-09,4.003470647553403e-09,1.8844765391514175e-08,7.010705274050237e-10,7.010208256913773e-10,-9.759232007784717e-10,-4.384470742918592e-09,9.383230841920175e-09,-4.718670432586294e-09,5.8548175250043835e-09,3.5991647318920933e-09,1.1376476746703893e-08,6.501279794763767e-10,-1.740332081999396e-09,-1.4654805442822891e-09,-6.998756182105172e-10,-1.707019124456173e-08,2.305973698111233e-09,-8.096535858047206e-09,-3.1398063420346924e-10,-8.600791485270977e-09,7.843402147989566e-10
F12treat_p4,-1.0828814863608174e-09,-2.6438387420818996e-10,-1.622814934668465e-09,-1.1900084090212955e-09,-6.438543940435886e-10,2.6615101988268026e-09,-4.793953635245886e-09,4.717094548203555e-09,1.333761179043616e-09,1.3944015057635195e-10,1.7927140311348896e-09,-2.715158104410221e-10,7.690721132340637e-09,-7.658425244518127e-09,4.166218957653213e-09,-7.501769824935318e-09,8.62806086712801e-10,4.862972375961123e-09,-2.8033747329468327e-10,1.1431582773251035e-09,-3.1726976793785785e-09,7.850924994850529e-09,-1.2780398484588382e-08,2.678687031995665e-09,-6.319316539918296e-09,1.7413030541272926e-09,2.0363506917443687e-09,-1.5951451866300642e-10,5.744506540715173e-10,-3.992523692036707e-09,1.0183863958182222e-08,-1.3540736269732243e-08,6.94664045120008e-09,-4.735931778090755e-10,1.952919241455673e-09,2.1530207116827035e-09,-4.056400744471735e-11,1.7645889910052356e-09,-5.169371883611335e-09,1.724226755937797e-09,1.1347073074345834e-09,-2.3838975754434007e-09,-1.294424735012376e-09,5.444318161994665e-09,1.834870648014447e-10,-1.1174008040921927e-09,-1.240227413660216e-09,-1.5148571333691234e-11,1.139322032516699e-08,-1.3821280041796343e-08,2.1229499105640555e-09,-1.925828305227901e-09,7.01070527405025e-10,8.510703667820494e-09,-9.710788551589842e-11,9.987736954779833e-11,-1.1483965931716328e-09,4.695354169278895e-10,-7.341717454289439e-10,3.4003756800755737e-09,-1.37693393815504e-09,4.2654496824614565e-09,4.1982894075709064e-09,6.339014242376589e-10,9.039906895001959e-10,5.181004960310401e-09,-7.619700767863415e-09,4.247273760605938e-09,-1.6455969053377519e-09,2.862942856600559e-09,-2.473750012276017e-09,-5.5382390562880324e-09
F8treat_m4,1.0602945094284036e-09,2.4671074677733484e-10,-9.920340934189732e-10,2.225208237875276e-09,1.8093650842904956e-09,6.17353011370163e-10,-1.9039003897439765e-10,-4.35976849247513e-10,-8.310806223069348e-10,1.3624759863709425e-09,2.7604104095650016e-10,-1.983748577746814e-09,3.916674716677393e-09,-1.5026507014460705e-09,1.1741085079928446e-09,-2.0082427762305488e-09,8.726509793033123e-10,3.146100330693238e-10,1.2558259649976482e-09,1.1330710650557637e-10,-1.665302163834328e-09,2.6771864184264073e-09,3.451114993268461e-10,-1.6394177687587464e-10,-1.3629295918117741e-09,1.8496863049278314e-09,1.0253538461827044e-10,1.20002275290429e-09,5.645359621999368e-10,-7.432800221569888e-10,2.6944742811906385e-09,-1.274412159441138e-09,3.1210501968116604e-10,-7.377794328062446e-10,1.799810344805158e-10,-1.0700044580403945e-09,6.129046576296361e-10,5.266181262707914e-10,-9.028772335088975e-10,-1.3004141712467556e-10,8.328918864343083e-10,-1.0275751675949152e-09,-1.089287410903688e-09,8.346492847404621e-10,-1.6760526091860374e-09,8.84414964422711e-10,-2.6425881636511066e-10,-7.764665442909482e-10,3.5538049389842482e-09,-2.002924818442903e-09,3.437779741646105e-11,3.4704391852664136e-10,7.010208256913719e-10,-9.710788551589572e-11,1.03547265155095e-09,-6.817185013891677e-10,-1.2226477776604858e-09,2.485678812815514e-09,-8.217161098229214e-10,-2.6406014044619014e-12,1.1498114605372014e-09,-3.902435711014807e-10,5.878810208662417e-10,-8.826048923580314e-10,-3.658752595316776e-11,6.095090167135448e-10,-2.4267528592142674e-09,1.3473173733832656e-09,-2.458676181279784e-10,6.355838426970347e-10,-4.3319237432178435e-11,4.871866145570192e-11
F8treat_m3,-1.2266985818286203e-09,7.268155617384593e-10,1.8512311620470222e-09,1.287206953645197e-09,-4.705978344015096e-09,-3.0662340875111247e-09,-1.964420440219912e-09,6.687139552740407e-10,5.563303305900358e-10,-1.7046301412698924e-09,1.3049469879240961e-09,3.3979820224269353e-09,-8.740344211687874e-10,-2.467985745479756e-09,-4.180694250937053e-09,-9.534653561515813e-10,-1.0790048489292844e-09,-2.6826788677537075e-10,-1.3636488275227476e-09,1.4900469694597768e-09,4.244065017956263e-09,-8.36260401044181e-10,-2.220865334882969e-10,-3.593726626346894e-09,-2.3643078592707506e-09,-2.3191008367310124e-09,-1.2013607716748375e-10,-1.0958722641034557e-09,1.4761658085403488e-09,3.168463922861937e-09,-7.170328142999129e-10,-2.836202164904075e-09,-1.0546706884640422e-09,-3.9447512765301086e-10,9.980200346205703e-10,1.3085020660775754e-09,-1.9540784859629165e-10,1.4839326289779917e-09,3.103714067470773e-09,7.342599088894574e-10,-1.8116310503512276e-10,5.016207990980259e-10,-8.262406690975203e-10,-2.065946390071215e-09,4.494593983760065e-10,-1.1474041390489578e-09,1.9296957039283915e-09,2.158515270622824e-09,-3.0915478667682156e-09,7.970414329656803e-10,-2.2499354518340372e-09,-7.509594498844837e-10,-9.759232007784678e-10,9.987736954779799e-11,-6.817185013891644e-10,2.182910175442714e-09,1.0501289975684284e-09,-1.033832033084747e-09,1.3314145173238312e-09,-2.0406323373949195e-09,-9.859778058879205e-10,2.637893378259775e-10,-8.417877148884908e-10,7.333514042755672e-10,-1.2745727461367114e-09,-1.869241806026067e-09,1.8811115188471572e-09,-2.6012882089661465e-10,2.21910109464567e-09,7.595818274505612e-10,-1.124226695110996e-09,-3.662840267560826e-10
F8treat_m2,-1.0249134131824962e-09,-2.293622998460269e-10,4.172271816239258e-09,-1.792724828653655e-08,1.0141772702024213e-08,1.6377053528984362e-09,2.8227463758093434e-09,-3.061338392858893e-09,1.5944395278284095e-09,-2.8954855595016154e-09,-1.4981321958875117e-09,4.697926212488437e-09,-2.6974031805146153e-08,1.9692604132307525e-08,7.443429184084503e-09,6.766996055701097e-09,-2.891233547577389e-09,7.81458820756167e-11,-2.3513574062074694e-09,-5.150097845846346e-10,2.729166251686919e-09,-2.1836170511680284e-08,1.587084867520482e-08,9.170780903968938e-09,6.616403312583654e-09,-7.633024835746153e-09,-5.789471005496402e-10,-2.2163292772300158e-09,-4.596500732673909e-09,-6.599855239972798e-10,-2.1619326983444898e-08,2.2347522105077093e-08,-7.23988819610432e-10,-3.1001029593486817e-09,1.1783513163978475e-09,4.946014733399898e-09,5.255155518321757e-11,-4.378336241152639e-09,2.9971154153414635e-09,-7.723447225380245e-09,3.462649649054038e-09,8.217245126961936e-10,-4.844200267156582e-09,-1.6597702545708241e-09,6.473891186318063e-09,-1.0939231205567132e-09,-2.139391585336092e-09,1.3502699605479643e-09,-1.3600433413008353e-08,1.8512100902971393e-08,1.8448817321048781e-09,-1.2097920144651018e-09,-4.384470742918599e-09,-1.1483965931716307e-09,-1.2226477776604894e-09,1.05012899756843e-09,9.94656561471687e-09,-1.76645324581295e-08,7.848389447562707e-09,-9.6789905111895e-10,-5.578923502004786e-09,2.1310649959702247e-10,-3.849955850565674e-09,6.06838128166891e-10,1.89366766204841e-09,-3.359517005272024e-09,2.2830440969380472e-08,-1.3260462104188637e-08,-1.0167405712936937e-09,-2.570237583908152e-09,1.6351815314895903e-09,-1.580088328159101e-09
F8treat_m1,2.295440361339985e-09,1.2707216078435212e-09,-5.921414150144625e-09,4.872535162441235e-08,-3.2064427163973345e-08,-6.703186286673426e-09,-7.105274221539012e-09,2.045498421578144e-09,-4.0393907894798776e-09,5.402736556238251e-09,3.6311211551832776e-09,-8.798795670491737e-09,7.114519920712217e-08,-4.647267613667277e-08,-2.7367492060718982e-08,-1.5761371078013118e-08,7.464484147719956e-09,-4.2637671767696545e-09,4.251078383761715e-09,1.4678431682704975e-09,4.981392356523267e-10,5.9398361172396926e-08,-3.3924106599870004e-08,-2.99617435905747e-08,-1.7161955596234142e-08,1.8845212411511574e-08,2.4474353067687653e-09,4.661158608113669e-09,1.080809791554167e-08,8.229895382497855e-09,6.469409319894785e-08,-5.652807384273803e-08,-2.3893423228757417e-09,9.45070198579946e-09,1.2687497469384922e-10,-1.1546089989803131e-08,-2.5861926513760466e-10,9.085784960168567e-09,1.1469127393271642e-09,2.5058971388077426e-08,-1.13186744141466e-08,-5.5109377266938195e-09,1.3578652153565487e-08,2.807078577919959e-09,-1.7362436255731767e-08,7.848830620103225e-10,4.641624274840406e-09,-8.675918009442864e-10,3.200899001299446e-08,-3.93752481538811e-08,4.961031876388501e-10,5.679976786051222e-09,9.383230841920148e-09,4.695354169278779e-10,2.4856788128155217e-09,-1.0338320330847568e-09,-1.7664532458129472e-08,4.999182466501032e-08,-1.434996469294951e-08,3.800824420441566e-09,1.2483286200581134e-08,-7.554276142737298e-10,4.574891226722403e-09,-2.103862065053376e-09,-5.4324238214363e-09,4.95646271856289e-10,-6.14003309872567e-08,2.936792508807194e-08,7.007912716134338e-09,7.657303986572297e-09,-1.073289191330474e-09,7.315061309561441e-09
F8treat_p0,3.6027484369457464e-10,2.1117998100999845e-09,-1.3197642003751912e-09,-2.836000181834379e-08,2.490901905820937e-08,6.6289437248428795e-09,-5.4759420814482516e-09,-5.217666149989045e-09,1.627851633765038e-09,-1.6274401353580982e-10,-7.959498255234304e-10,-2.0326985603863728e-09,-2.953183545672522e-08,2.966356894373963e-08,1.3758588447805112e-08,-3.3416279770552394e-09,-3.0394298069894235e-09,2.0771761599260897e-09,-1.3407432489297305e-09,4.2488379902022587e-10,-5.527303347545528e-09,-2.6852662465487648e-08,3.369575514492031e-08,1.8960977472673908e-08,-7.80037115775532e-09,-3.8804221235547144e-09,3.2768621751907607e-09,-3.411274572795314e-10,-3.870300718784167e-09,-7.340579521769097e-09,-2.2314497284499173e-08,3.782240278979261e-08,7.645649665611748e-09,-1.2573980776464737e-08,3.4451046525525965e-09,5.184913570731999e-09,1.3678286036570168e-09,-4.515080708342373e-09,-2.7063061335154496e-09,-1.6218935604402487e-08,1.8841079706379786e-08,4.918824197226578e-09,-1.6472125919020207e-08,9.924334661548077e-09,5.6337259575846785e-09,-2.531745490239572e-09,-2.447941126235247e-09,-3.0207568547589346e-10,-7.1302637078750635e-09,2.9597433321521808e-08,3.0317685222890137e-09,-4.465456009264983e-09,-4.718670432586293e-09,-7.341717454289587e-10,-8.217161098229257e-10,1.3314145173238374e-09,7.848389447562771e-09,-1.4349964692949433e-08,2.5467919280001015e-08,-1.3432174449931215e-09,-1.248494252814197e-08,2.0409879269448106e-09,2.391023323102853e-11,1.3917534165802046e-09,1.188584213650436e-09,-3.0156637963436254e-09,3.263372520692006e-08,-2.8232418855976558e-08,-5.566104427831411e-09,3.713063053783506e-09,-9.77431884872758e-10,-5.04366356628566e-09
F8treat_p1,4.568494084690306e-10,-1.6681326801779787e-09,-1.378397192969536e-09,3.0644996850880706e-10,-2.301936707078091e-09,1.0015165957446845e-08,3.2308491736681197e-09,3.6234467932835264e-09,2.955953882985904e-09,2.695997165280971e-09,-2.001036880936947e-09,-7.527789892617267e-10,6.2727007067812174e-09,-5.075769786913916e-10,8.554542764846486e-09,4.84916393871853e-10,5.723516425181676e-09,1.2727928519624444e-09,2.1852622593995274e-09,-2.867421947614061e-09,-4.096501643303338e-09,8.12954967121349e-09,-1.2224540381384612e-08,9.052577632480628e-09,4.511798079677342e-09,7.2791206404957094e-09,3.368132909055859e-09,1.1821285984271648e-09,-2.895309341398752e-09,-2.9857506271102293e-09,9.974080682862555e-09,-6.3224485791143465e-09,1.2165757449924006e-08,5.214726547792181e-09,2.7498027936799764e-09,-1.5595427211109038e-10,-4.385399242725116e-10,-2.8209342632836424e-09,-4.215055082978867e-09,2.8653835559661607e-09,-2.802693141084999e-09,3.3091820854867123e-09,5.272798244465385e-09,7.413028763294459e-09,3.593558473466659e-09,-1.9807925516856208e-10,-2.3019805540599167e-09,-1.0778914523885905e-09,8.541697303068437e-09,-1.011663084283288e-08,1.2411109037291368e-08,1.9194217686719605e-09,5.8548175250044075e-09,3.400375680075569e-09,-2.6406014044559108e-12,-2.040632337394911e-09,-9.67899051118942e-10,3.8008244204415676e-09,-1.3432174449931263e-09,1.2803388756124756e-08,1.0956751005725554e-09,5.685324180729195e-09,2.4959536076718216e-09,-3.6157119270677143e-10,2.145587500195905e-09,2.819451915513883e-09,-9.292068561851355e-09,4.5956358965430605e-10,-9.514251529479752e-09,-2.6649347120143646e-09,-4.867676511859679e-10,-1.1330942688006047e-09
F8treat_p2,-1.0860005170164581e-10,-1.111076466004115e-09,-8.377455706394808e-10,2.036126859821349e-08,-1.0673769237493911e-08,-2.454118850061418e-09,5.608393772122942e-09,1.696844845468155e-09,1.7510288517884064e-10,8.08791275242441e-10,1.0864001004602963e-10,-2.973031499224856e-10,1.9300411467665025e-08,-1.4448974957654462e-08,-8.584392242967732e-09,6.048383605408228e-09,2.4019147167596945e-09,-2.8053439047309046e-09,1.3018897205158757e-09,-7.981959462409034e-10,2.9735506916086106e-09,1.8558118008941046e-08,-1.5202653950263155e-08,-1.0707747188968098e-08,8.752979402819128e-09,4.94337834447623e-09,-1.2864866896956039e-09,7.544849747442403e-10,2.682257251854397e-09,5.08850389486571e-09,1.5028643139238817e-08,-1.898901157529862e-08,-3.3842568027131043e-09,1.0343702524862729e-08,-2.2077358402737887e-09,-3.898549454079054e-09,-5.393120871439536e-10,1.6933398776256109e-09,9.687325156696405e-10,1.1211701378643162e-08,-1.0155569254185146e-08,-1.950766784117929e-10,1.475741687271061e-08,-5.786578350974406e-09,-3.169610553276537e-09,2.1215920378784293e-09,1.137056798694883e-09,3.908088971929344e-10,3.6466408047484923e-09,-1.2003311983698146e-08,2.0869091379059057e-12,6.6080134422375325e-09,3.5991647318920925e-09,-1.3769339381550267e-09,1.1498114605372049e-09,-9.859778058879256e-10,-5.578923502004768e-09,1.2483286200581141e-08,-1.2484942528142003e-08,1.0956751005725467e-09,1.3455307646031649e-08,-3.005089439614814e-09,-2.429375968985882e-10,-1.9364622423030265e-09,-1.055723322865115e-09,-3.370230828048466e-10,-2.153398157534761e-08,1.3360535912107562e-08,2.3519828982918717e-09,-4.353777292219944e-09,7.03099036047243e-11,4.478670911407462e-09
F8treat_p3,1.5259594872731172e-09,-4.5627325796142777e-10,4.008468118892478e-09,3.6103946481072468e-09,-6.005349664524177e-09,3.795313745794438e-09,-3.2764910661406e-09,8.700736522498019e-09,2.0880117579326268e-09,3.1153655459357783e-09,-1.4468799840571689e-09,4.911838316149544e-09,2.9969467978849164e-09,-7.1153139556355024e-09,9.501667172308605e-09,-7.480510501386474e-09,7.448809620153907e-09,2.4387979584821334e-09,2.936297185107751e-09,-5.556517317309857e-10,3.836406255237039e-09,1.3184910723189379e-09,-6.393818300975235e-09,8.898786090226804e-09,-7.445152620065724e-09,1.0718347328729007e-08,2.7671417745649044e-09,1.6902807390124715e-09,5.022035560552791e-10,3.129532021649158e-09,5.4957160539705345e-09,-8.600692396286472e-09,1.6178517954622785e-08,-4.242456583982937e-10,9.32855819810541e-09,3.855473272693224e-09,9.481562128891757e-10,1.723665521381354e-09,1.6645995160283175e-09,-1.3837624762215854e-09,1.2128285842450139e-09,6.050121134100007e-09,-3.582825290742958e-09,1.0008002350839373e-08,1.4314957859282853e-09,1.4136334349655855e-10,1.3558987995925967e-09,7.842924353146977e-10,3.921013720439198e-09,-4.700680728319614e-09,4.4097541244787075e-09,1.7992670274317123e-10,1.1376476746703906e-08,4.265449682461453e-09,-3.902435711014808e-10,2.6378933782597603e-10,2.1310649959701508e-10,-7.554276142737727e-10,2.0409879269448085e-09,5.685324180729189e-09,-3.0050894396148114e-09,1.3807507351113146e-08,1.64041417973206e-09,-5.375597250325144e-10,-3.402913035340549e-10,6.744285416942739e-10,-1.8094744927581052e-09,-4.7244337888058e-09,-9.618723493965879e-09,7.278195861299573e-10,-8.082466013882065e-09,-4.167271457019248e-09
F8treat_p4,-4.0502881735919727e-10,1.3499839163400776e-10,-3.3954484252255083e-09,1.5469995256585545e-09,2.9027457547130886e-09,2.002389145156666e-09,-4.348993331119555e-09,3.2904592436049e-09,1.1323678933611357e-09,1.2138803408874172e-09,1.7500729276194668e-09,-2.5214132026540467e-09,1.084108622631859e-08,-5.886847627313205e-09,2.8159859377814247e-09,-5.89325526567825e-09,1.678853088496524e-09,4.360326161861052e-09,4.25819754947281e-10,3.389878204216558e-10,-4.386303559963451e-09,1.0568456625352023e-08,-8.935315145665568e-09,2.1909383480226866e-09,-5.1118868239916516e-09,4.569410025050235e-09,3.6166628670868808e-09,1.209569033920259e-09,1.3249791428001536e-09,-3.8951939469554824e-09,1.00755372915829e-08,-9.292535635596141e-09,5.413819433964083e-09,-1.1999192343861008e-09,9.230504948575346e-10,-6.612294369798328e-10,-3.1742507732217437e-10,1.52921101801006e-09,-5.851843356975275e-09,6.368295833333713e-10,3.3982225903637142e-09,-1.500561392164913e-09,-1.6669504969662732e-09,4.726505174964517e-09,-8.922145507724566e-10,-6.449629987182124e-10,-4.341643257705836e-10,-3.835371828112406e-10,1.059042609364843e-08,-1.0337917930083212e-08,4.601645797874035e-10,-1.6660686102302567e-09,6.501279794763585e-10,4.1982894075708824e-09,5.878810208662417e-10,-8.417877148884999e-10,-3.849955850565683e-09,4.574891226722392e-09,2.391023323106287e-11,2.4959536076718253e-09,-2.429375968986032e-10,1.6404141797320511e-09,7.202961719332319e-09,3.825548772710605e-10,5.517977982079863e-10,4.1262620816090925e-09,-7.47699811475545e-09,4.167677867555288e-09,-1.283469111511963e-09,1.9665071268973765e-09,-2.255197026917594e-09,-3.6949934929894997e-09
window_m4,-1.139063320790822e-09,-2.205704566564989e-11,-3.5033864155527005e-10,-3.725839569714937e-09,-2.0563777943131688e-10,-1.3536204388384869e-09,-9.501763662857896e-10,1.5763195852992633e-09,5.347952482854073e-10,-1.6755301448936525e-09,3.420722798926594e-10,2.8054539424686026e-10,-1.9984434502261035e-09,1.4928799142579148e-09,-3.4486801837985797e-09,1.4085433792884412e-09,-1.2217557876933266e-09,-4.745266594629827e-11,-1.692119141575722e-09,2.9304445581745876e-10,1.0368129248099347e-10,-2.0076392309761174e-09,-5.812311415637063e-10,-1.2243199504336217e-09,-2.9707794463263655e-10,-2.1751567004020316e-09,-5.385495420650817e-10,-1.5246736817079343e-09,-3.531712374455676e-10,-3.9961483531890476e-10,-2.6558095516608426e-09,2.3604440973254048e-09,-1.375934463323863e-09,1.871774672547373e-10,-2.516460343055886e-10,3.4336217437299706e-10,-1.1324204975601469e-09,7.546420834664241e-11,-1.5968938122641147e-10,-3.13850075572995e-10,2.0318655245268624e-09,3.483244187770322e-10,3.1073235613929087e-10,1.4593392205945577e-09,1.022381053922913e-09,-1.531974730257732e-09,3.2153143385035027e-10,1.2055727290321893e-09,-6.420817938729406e-10,-3.716154139735258e-10,-1.4001660827629638e-09,-9.490276122147977e-10,-1.7403320819993982e-09,6.339014242376565e-10,-8.826048923580266e-10,7.333514042755738e-10,6.068381281668887e-10,-2.103862065053375e-09,1.3917534165802044e-09,-3.6157119270676637e-10,-1.9364622423030245e-09,-5.375597250325224e-10,3.825548772710614e-10,2.0774533499341758e-09,1.3722553666019056e-10,-2.432133063229599e-11,2.5210969997024584e-09,-6.641502088764846e-11,1.468781864985281e-09,-3.41604468088564e-11,-4.904328578412038e-11,-1.0424684733050192e-09
window_m3,-1.3652697243247603e-10,-9.122124222418331e-10,-1.0339680407895636e-09,-8.17815374164286e-09,7.858469367066766e-09,3.2265336135817088e-09,1.7585488219481634e-09,-4.985683027021222e-10,7.295932859634989e-10,-2.846710050978846e-10,-1.2464711794215113e-09,-1.0183311156084365e-09,-7.894074088679127e-09,7.97705467559951e-09,5.937389044914627e-09,2.2871827104513588e-09,-5.058976864943666e-10,1.5595128770431618e-09,-2.5601171917011093e-10,-1.4042597319096177e-09,-3.387316319734317e-09,-4.800786070723003e-09,1.9311047415126947e-09,5.47650244428992e-09,4.141089580927484e-09,-1.5001442360309304e-09,3.7538042216295877e-10,-4.2841003303438185e-10,-3.329479446852773e-09,-4.515434999443637e-09,-4.426157430100869e-09,6.747929968028183e-09,3.791074994685684e-10,-4.6494521679459483e-10,-6.630478897218129e-10,1.341830476490238e-09,-1.3880104059572098e-10,-2.8927548137123887e-09,-3.17305351025878e-09,-1.149727766320628e-09,1.3036096445085594e-09,-1.2920880695126245e-09,-8.329033236217088e-10,1.1957886529882922e-09,2.582927939715846e-09,7.323173531747395e-11,-2.610343186425785e-09,-1.1340611557722703e-09,1.5955720893754763e-10,2.374065546737456e-09,2.4929635734347004e-09,-2.9197074047397083e-10,-1.465480544282294e-09,9.039906895002008e-10,-3.658752595317043e-11,-1.2745727461367085e-09,1.893667662048407e-09,-5.432423821436311e-09,1.188584213650449e-09,2.145587500195915e-09,-1.0557233228651163e-09,-3.4029130353405697e-10,5.517977982079867e-10,1.3722553666019622e-10,2.460708592094888e-09,1.7340648738607138e-09,4.6579090047086654e-09,-3.2875986865637886e-09,-1.4170051521560024e-09,-1.2912185746781858e-09,1.12542720293546e-09,-1.4121861442788056e-09
window_m2,-1.5858550814275766e-10,-6.736767920250334e-10,-4.9170151809442255e-09,-3.0206123799101295e-09,5.349103104345234e-09,3.362905892320515e-09,-3.0546476097546767e-09,1.5689988299528817e-09,2.679197562673175e-10,1.0352225632452096e-09,1.1385481794918163e-09,-5.6366258907373235e-09,6.293297935269911e-09,-1.6507007017950085e-09,4.883070853374331e-09,-5.367581551360082e-09,4.8572433063094e-10,4.389319452695819e-09,6.284330069387298e-10,1.2125030019078775e-10,-8.800513242641836e-09,5.45527093942952e-09,-7.827251961693316e-09,3.0315018258838238e-09,-1.7920376082427915e-09,6.129859855453341e-10,2.6482236515455535e-10,7.979352345750698e-10,-2.897878582993079e-10,-8.922269843769045e-09,6.590615770974497e-09,-4.87211394134881e-09,1.3972781544704025e-09,-1.0654023920276564e-09,-1.8454357060445231e-09,-1.2764018848284161e-09,5.375081745969627e-10,5.659878702959524e-10,-8.953474956754938e-09,5.003201455743986e-10,3.367378524017648e-09,-4.3406060119153075e-09,-1.7041563747770524e-09,2.7373962434771574e-09,-1.2934546014469731e-09,3.213690246454437e-10,-2.432700480745767e-09,-4.351870112129678e-09,1.2023708925503969e-08,-1.1738598783458358e-08,6.523381844728284e-10,-1.5464951941010002e-09,-6.998756182105113e-10,5.181004960310404e-09,6.095090167135428e-10,-1.869241806026063e-09,-3.359517005272019e-09,4.95646271856305e-10,-3.015663796343596e-09,2.8194519155138758e-09,-3.370230828048401e-10,6.744285416942738e-10,4.126262081609079e-09,-2.4321330632292468e-11,1.7340648738607088e-09,8.84333876909574e-09,-8.035018325143567e-09,4.616352535383331e-09,-3.214029418052457e-10,1.7011573843993554e-09,4.965483866593933e-10,-3.3610745538905944e-09
window_m1,6.559376047741953e-11,2.0017907385893998e-09,4.216674510015886e-09,-7.423586968755601e-08,5.687238175509551e-08,1.179007875143142e-08,8.687311944219036e-09,-1.2592297501562051e-08,1.5064306136011502e-09,-3.890292800264519e-09,-5.024926446674765e-09,5.577129812707794e-09,-1.0751055928549906e-07,7.951600878911269e-08,4.1232198340206e-08,2.241841724723925e-08,-1.2994031767379457e-08,-1.424320814409423e-09,-4.403411125147187e-09,-7.645081260410035e-10,-4.0521972011737565e-09,-9.679351087713242e-08,7.508682455212028e-08,4.726613012577787e-08,1.5469522502001136e-08,-2.6784016673711833e-08,-1.619891667498565e-09,-4.161765620268129e-09,-1.4008287476507498e-08,-1.1350034968957014e-08,-1.0653803600934494e-07,1.0727971758761026e-07,5.938207885180792e-09,-2.5430279796422487e-08,-1.4663598390971752e-09,1.3623800931098702e-08,1.5882983939457854e-09,-1.4410199039717503e-08,2.0935187153392034e-09,-5.306559106380807e-08,2.2068207767103814e-08,9.365511887848023e-09,-2.808747257971914e-08,-2.829902647694376e-09,2.474564730928787e-08,-1.4126789589238894e-09,-4.8468841329187e-09,1.5401206509014445e-09,-5.4135730955409684e-08,7.92520457161839e-08,-1.5852127427362785e-09,-9.87291328120158e-09,-1.7070191244561667e-08,-7.619700767863408e-09,-2.4267528592142715e-09,1.8811115188471713e-09,2.2830440969380432e-08,-6.140033098725683e-08,3.263372520692014e-08,-9.29206856185137e-09,-2.153398157534758e-08,-1.8094744927581034e-09,-7.476998114755465e-09,2.5210969997024617e-09,4.657909004708653e-09,-8.035018325143528e-09,1.0977372344402055e-07,-5.429507383202715e-08,-1.3878460876379823e-08,-8.234051987956119e-09,2.559391980785446e-09,-7.290274619685605e-09
window_p0,-2.2489992121117693e-09,-7.884479706455697e-10,-2.010079794826759e-09,4.139913578017237e-08,-3.460788543065105e-08,-1.0435789359127944e-08,-1.8221913870281672e-09,7.324828737257709e-09,-4.629570019476229e-09,-8.49499574218722e-10,5.588711045651363e-09,-8.471202953318904e-10,5.747648580196227e-08,-4.9151359387380155e-08,-2.6538103655685245e-08,-6.553649997623954e-09,3.885810242118621e-09,-5.514112420487932e-10,-7.201020576211719e-10,2.3716477235915805e-09,3.930950920108228e-09,5.184144528930766e-08,-4.8711843875340086e-08,-3.2562614348693654e-08,-4.273181301789011e-09,7.941930055328869e-09,-1.0750070810109125e-09,2.0400601124501395e-10,9.61983866794149e-09,7.793379362902666e-09,4.898244283326193e-08,-6.332864379535615e-08,-1.2374202617339339e-08,1.2420267861019268e-08,-3.4694850779552436e-09,-6.886021989707119e-09,-2.3530750117987045e-09,9.289868057572313e-09,7.884008980602583e-10,2.448279479783131e-08,-1.902524032541886e-08,-1.248538019905285e-08,1.6664428823359637e-08,-7.012385205008587e-09,-1.1524435915498593e-08,7.160733009693124e-10,4.824736544898905e-09,1.1585877875074425e-09,2.2299871165604503e-08,-5.052881349923294e-08,-5.750295286697491e-09,2.416453751770822e-09,2.3059736981112137e-09,4.247273760605923e-09,1.3473173733832729e-09,-2.601288208966229e-10,-1.3260462104188655e-08,2.9367925088071886e-08,-2.8232418855976565e-08,4.5956358965433304e-10,1.3360535912107538e-08,-4.7244337888058044e-09,4.1676778675553075e-09,-6.641502088764413e-11,-3.2875986865637783e-09,4.6163525353833104e-09,-5.4295073832026995e-08,4.513573966400017e-08,1.2985760066865482e-08,2.7141160678040053e-09,1.1063656266376555e-09,3.9003914770775126e-09
window_p1,-3.032897900935538e-09,1.5156872982739064e-09,-4.462325330664725e-10,9.687998161748247e-09,-5.945973189415923e-09,-1.7437269198385455e-08,-6.149134210183344e-09,-2.006042367703656e-09,-2.8139068748451374e-09,-5.561061870061019e-09,5.253876346869431e-09,1.959022909463273e-10,1.4368198150635984e-08,-9.062481049563946e-09,-2.4188635208295383e-08,-3.1841555209653353e-09,-4.8550698785221655e-09,-7.239600219791168e-10,-4.4887795642234845e-09,4.467384940866794e-09,4.949893135695732e-09,1.3747060504423029e-08,-4.573041648715735e-09,-2.6593791098838232e-08,-5.128714792390056e-09,-6.688446338759818e-09,-3.0392832724335113e-09,-2.557897848501628e-09,4.106865641120719e-09,1.5857930325083779e-09,1.4565205681964618e-08,-1.6270618093362997e-08,-2.2713865231385543e-08,4.9797498833229405e-11,-3.0682728707499037e-09,-2.400240652534933e-09,-8.557673331692749e-10,4.377635294635363e-09,2.4606987728172904e-09,1.1253557959936806e-08,-2.3145069909584403e-10,-1.4270740317007185e-08,-8.14567933206027e-11,-1.0717062070515285e-08,-6.661534168843173e-09,-1.6287792321183968e-09,1.9908226529617532e-09,6.461645913683165e-10,4.257883026369489e-09,-9.641477882525403e-09,-1.3543756724218014e-08,-6.866911393488853e-11,-8.096535858047221e-09,-1.645596905337755e-09,-2.458676181279906e-10,2.2191010946456655e-09,-1.0167405712936962e-09,7.00791271613434e-09,-5.566104427831434e-09,-9.514251529479758e-09,2.35198289829187e-09,-9.61872349396589e-09,-1.283469111511966e-09,1.4687818649852928e-09,-1.4170051521560007e-09,-3.2140294180525155e-10,-1.387846087637983e-08,1.298576006686552e-08,2.2754052714580288e-08,3.989419396533014e-09,3.909613828448201e-09,2.7450583972834792e-09
window_p2,5.585136022967976e-10,1.4602341970221127e-09,-2.5405821566971344e-09,2.650150951743859e-09,-1.184238951348005e-09,-2.307138266328663e-09,-1.0004854548218501e-08,-6.296068881010936e-10,-2.833570067773065e-09,8.601407353031893e-10,2.5589009119303124e-09,-2.6595935072923397e-09,1.2636619463303026e-08,-9.633350845735041e-09,-2.2714566726199637e-09,-1.5707684528776093e-08,6.093954684849521e-10,2.9724551001383736e-09,4.4553820116972256e-10,2.1815700426914403e-09,-2.491418275435721e-09,9.620513278349091e-09,-1.906529428928109e-09,-5.203793777368575e-09,-1.6890670435340183e-08,3.1434194576110825e-09,6.715773589425577e-10,1.1788134232627533e-09,3.290092628644788e-09,-1.8616366744652569e-09,1.521174485057294e-08,-1.233024548338256e-08,-8.325383916348012e-10,-6.3685250142586315e-09,1.2038809814438665e-09,-5.597627842644386e-10,9.424349723143867e-10,3.638468182038479e-09,-1.875392483505309e-09,2.1380951196390284e-09,4.6148156620570105e-09,-4.602530917823264e-09,-8.764399412375608e-09,4.468735816658688e-09,-6.865956850920715e-09,-4.573044175997194e-10,7.403729746358818e-10,-9.846814556092596e-10,1.2529498202734402e-08,-8.447251338297139e-09,-1.964549255923781e-09,-4.163199530991969e-09,-3.139806342034783e-10,2.86294285660056e-09,6.355838426970363e-10,7.595818274505639e-10,-2.5702375839081744e-09,7.657303986572324e-09,3.713063053783496e-09,-2.6649347120143646e-09,-4.353777292219947e-09,7.278195861299563e-10,1.966507126897378e-09,-3.416044680885742e-11,-1.2912185746781872e-09,1.7011573843993587e-09,-8.23405198795616e-09,2.714116067804008e-09,3.989419396533029e-09,9.279093459452751e-09,-7.642462816993554e-10,-1.6070827814704423e-09
window_p3,-8.912819498184084e-10,-5.171191745061363e-10,-3.5128916457366073e-09,-7.486129046086475e-09,4.613879421066851e-09,2.2759271059359543e-09,3.972768860161083e-09,-8.582940017154605e-09,-9.405254450690244e-10,-1.5036743341991084e-09,-1.779348580987034e-10,-5.4025828000725676e-09,-6.347772816926868e-09,8.927783323046449e-09,-1.000513473622602e-09,6.2139402891235025e-09,-4.921262201487774e-09,-1.0212016088226634e-09,-1.8954892874909775e-09,-9.839949525735563e-10,-5.351371081322568e-09,-3.1916547622090805e-09,4.037678054519564e-09,2.591349601010375e-10,8.391457634609373e-09,-8.729024982218833e-09,-2.080997150244192e-09,-1.083019212948894e-09,-2.4123292320572794e-09,-4.111426435035455e-09,-6.095458538273285e-09,1.1077110496577225e-08,-8.791186459492152e-09,-5.778187388381865e-10,-8.931870158326123e-09,-3.549584973951431e-09,-5.898705370372883e-10,-3.307163550380986e-09,-1.317391149752245e-09,-1.3598711056586802e-09,-3.1801099867228364e-09,-4.690388924995963e-09,2.520500884398396e-09,-7.664469136378569e-09,1.6395525714963006e-10,-1.0497000467922781e-10,-2.771525728030392e-09,-1.8863637873762756e-09,-2.384565409573968e-09,5.111794640239584e-09,2.2518281951213995e-09,-5.573872477655599e-10,-8.600791485270982e-09,-2.47375001227601e-09,-4.3319237432179443e-11,-1.124226695110995e-09,1.6351815314895715e-09,-1.0732891913304295e-09,-9.774318848727726e-10,-4.867676511859509e-10,7.030990360472386e-11,-8.082466013882063e-09,-2.2551970269175938e-09,-4.904328578412735e-11,1.125427202935456e-09,4.965483866593944e-10,2.5593919807854344e-09,1.1063656266376483e-09,3.909613828448189e-09,-7.642462816993518e-10,9.622111894760776e-09,3.8309138074483705e-09
window_p4,5.709312178883926e-10,-3.7260899755066466e-10,1.1805106261749917e-09,9.747818237425605e-09,-8.501752827090936e-09,-1.6437525271886783e-09,4.727346919245239e-09,-3.2769204644101447e-09,-1.886683085849149e-09,7.211984683500621e-11,-1.1647419924667546e-09,-1.4691480421604132e-10,5.713182147846249e-09,-3.1064475411791674e-09,-8.042375736761987e-09,4.575086801144483e-09,4.5256667198390287e-10,-5.8907582854122715e-09,4.950484027192002e-10,-1.2803264114432838e-09,3.3730212619126966e-09,5.402665108765415e-09,-2.0626499387359798e-09,-7.697825037073688e-09,6.100496305432955e-09,1.1918735922821692e-09,-3.0470522311729565e-09,3.0947757236872674e-10,7.182256331226078e-10,5.560994461750826e-09,3.133626623270869e-09,-3.823001387834019e-09,-6.357958249013495e-09,4.392770035085468e-09,-2.918382916889797e-09,-5.554065801091851e-09,-4.921528182949035e-10,-1.8716895299161063e-10,4.593418519154633e-09,4.242783900246709e-09,-7.866770053393678e-09,9.593159131421166e-10,6.852073610564891e-09,-6.612347574252147e-09,-3.974387926529612e-09,9.941942679523887e-10,9.897066672318013e-10,-5.191570238903677e-10,-4.347185240896006e-09,2.4291300707465156e-09,2.6326089000542466e-10,2.1146799130783355e-09,7.843402147989598e-10,-5.53823905628803e-09,4.871866145570878e-11,-3.662840267560765e-10,-1.580088328159097e-09,7.315061309561437e-09,-5.043663566285691e-09,-1.1330942688005998e-09,4.478670911407497e-09,-4.167271457019251e-09,-3.694993492989532e-09,-1.0424684733050246e-09,-1.4121861442788023e-09,-3.3610745538906073e-09,-7.290274619685599e-09,3.900391477077521e-09,2.7450583972834664e-09,-1.607082781470459e-09,3.8309138074483755e-09,8.274404146196687e-09
