This is pdfTeX, Version 3.14159265-2.6-1.40.16 (TeX Live 2015) (preloaded format=pdflatex 2016.12.23)  21 APR 2017 11:54
entering extended mode
 restricted \write18 enabled.
 file:line:error style messages enabled.
 %&-line parsing enabled.
**indices_ppp_spillover_table_markup.tex
(./indices_ppp_spillover_table_markup.tex
LaTeX2e <2016/03/31>
Babel <3.9q> and hyphenation patterns for 81 language(s) loaded.

./indices_ppp_spillover_table_markup.tex:3: LaTeX Error: Missing \begin{document}.

See the LaTeX manual or LaTeX Companion for explanation.
Type  H <return>  for immediate help.
 ...                                              
                                                  
l.3 \begin{tabular}
                   {l*{10}{SSSSS}}
You're in trouble here.  Try typing  <return>  to proceed.
If that doesn't work, type  X <return>  to quit.

LaTeX Font Info:    External font `cmex10' loaded for size
(Font)              <7> on input line 3.
LaTeX Font Info:    External font `cmex10' loaded for size
(Font)              <5> on input line 3.

./indices_ppp_spillover_table_markup.tex:3: LaTeX Error: Illegal character in array arg.

See the LaTeX manual or LaTeX Companion for explanation.
Type  H <return>  for immediate help.
 ...                                              
                                                  
l.3 \begin{tabular}{l*{10}{SSSSS}}
                                  
You're in trouble here.  Try typing  <return>  to proceed.
If that doesn't work, type  X <return>  to quit.


./indices_ppp_spillover_table_markup.tex:3: LaTeX Error: Illegal character in array arg.

See the LaTeX manual or LaTeX Companion for explanation.
Type  H <return>  for immediate help.
 ...                                              
                                                  
l.3 \begin{tabular}{l*{10}{SSSSS}}
                                  
You're in trouble here.  Try typing  <return>  to proceed.
If that doesn't work, type  X <return>  to quit.


./indices_ppp_spillover_table_markup.tex:3: LaTeX Error: Illegal character in array arg.

See the LaTeX manual or LaTeX Companion for explanation.
Type  H <return>  for immediate help.
 ...                                              
                                                  
l.3 \begin{tabular}{l*{10}{SSSSS}}
                                  
You're in trouble here.  Try typing  <return>  to proceed.
If that doesn't work, type  X <return>  to quit.


./indices_ppp_spillover_table_markup.tex:3: LaTeX Error: Illegal character in array arg.

See the LaTeX manual or LaTeX Companion for explanation.
Type  H <return>  for immediate help.
 ...                                              
                                                  
l.3 \begin{tabular}{l*{10}{SSSSS}}
                                  
You're in trouble here.  Try typing  <return>  to proceed.
If that doesn't work, type  X <return>  to quit.


./indices_ppp_spillover_table_markup.tex:3: LaTeX Error: Illegal character in array arg.

See the LaTeX manual or LaTeX Companion for explanation.
Type  H <return>  for immediate help.
 ...                                              
                                                  
l.3 \begin{tabular}{l*{10}{SSSSS}}
                                  
You're in trouble here.  Try typing  <return>  to proceed.
If that doesn't work, type  X <return>  to quit.


./indices_ppp_spillover_table_markup.tex:3: LaTeX Error: Illegal character in array arg.

See the LaTeX manual or LaTeX Companion for explanation.
Type  H <return>  for immediate help.
 ...                                              
                                                  
l.3 \begin{tabular}{l*{10}{SSSSS}}
                                  
You're in trouble here.  Try typing  <return>  to proceed.
If that doesn't work, type  X <return>  to quit.


./indices_ppp_spillover_table_markup.tex:3: LaTeX Error: Illegal character in array arg.

See the LaTeX manual or LaTeX Companion for explanation.
Type  H <return>  for immediate help.
 ...                                              
                                                  
l.3 \begin{tabular}{l*{10}{SSSSS}}
                                  
You're in trouble here.  Try typing  <return>  to proceed.
If that doesn't work, type  X <return>  to quit.


./indices_ppp_spillover_table_markup.tex:3: LaTeX Error: Illegal character in array arg.

See the LaTeX manual or LaTeX Companion for explanation.
Type  H <return>  for immediate help.
 ...                                              
                                                  
l.3 \begin{tabular}{l*{10}{SSSSS}}
                                  
You're in trouble here.  Try typing  <return>  to proceed.
If that doesn't work, type  X <return>  to quit.


./indices_ppp_spillover_table_markup.tex:3: LaTeX Error: Illegal character in array arg.

See the LaTeX manual or LaTeX Companion for explanation.
Type  H <return>  for immediate help.
 ...                                              
                                                  
l.3 \begin{tabular}{l*{10}{SSSSS}}
                                  
You're in trouble here.  Try typing  <return>  to proceed.
If that doesn't work, type  X <return>  to quit.


./indices_ppp_spillover_table_markup.tex:3: LaTeX Error: Illegal character in array arg.

See the LaTeX manual or LaTeX Companion for explanation.
Type  H <return>  for immediate help.
 ...                                              
                                                  
l.3 \begin{tabular}{l*{10}{SSSSS}}
                                  
You're in trouble here.  Try typing  <return>  to proceed.
If that doesn't work, type  X <return>  to quit.


./indices_ppp_spillover_table_markup.tex:3: LaTeX Error: Illegal character in array arg.

See the LaTeX manual or LaTeX Companion for explanation.
Type  H <return>  for immediate help.
 ...                                              
                                                  
l.3 \begin{tabular}{l*{10}{SSSSS}}
                                  
You're in trouble here.  Try typing  <return>  to proceed.
If that doesn't work, type  X <return>  to quit.


./indices_ppp_spillover_table_markup.tex:3: LaTeX Error: Illegal character in array arg.

See the LaTeX manual or LaTeX Companion for explanation.
Type  H <return>  for immediate help.
 ...                                              
                                                  
l.3 \begin{tabular}{l*{10}{SSSSS}}
                                  
You're in trouble here.  Try typing  <return>  to proceed.
If that doesn't work, type  X <return>  to quit.


./indices_ppp_spillover_table_markup.tex:3: LaTeX Error: Illegal character in array arg.

See the LaTeX manual or LaTeX Companion for explanation.
Type  H <return>  for immediate help.
 ...                                              
                                                  
l.3 \begin{tabular}{l*{10}{SSSSS}}
                                  
You're in trouble here.  Try typing  <return>  to proceed.
If that doesn't work, type  X <return>  to quit.


./indices_ppp_spillover_table_markup.tex:3: LaTeX Error: Illegal character in array arg.

See the LaTeX manual or LaTeX Companion for explanation.
Type  H <return>  for immediate help.
 ...                                              
                                                  
l.3 \begin{tabular}{l*{10}{SSSSS}}
                                  
You're in trouble here.  Try typing  <return>  to proceed.
If that doesn't work, type  X <return>  to quit.


./indices_ppp_spillover_table_markup.tex:3: LaTeX Error: Illegal character in array arg.

See the LaTeX manual or LaTeX Companion for explanation.
Type  H <return>  for immediate help.
 ...                                              
                                                  
l.3 \begin{tabular}{l*{10}{SSSSS}}
                                  
You're in trouble here.  Try typing  <return>  to proceed.
If that doesn't work, type  X <return>  to quit.


./indices_ppp_spillover_table_markup.tex:3: LaTeX Error: Illegal character in array arg.

See the LaTeX manual or LaTeX Companion for explanation.
Type  H <return>  for immediate help.
 ...                                              
                                                  
l.3 \begin{tabular}{l*{10}{SSSSS}}
                                  
You're in trouble here.  Try typing  <return>  to proceed.
If that doesn't work, type  X <return>  to quit.


./indices_ppp_spillover_table_markup.tex:3: LaTeX Error: Illegal character in array arg.

See the LaTeX manual or LaTeX Companion for explanation.
Type  H <return>  for immediate help.
 ...                                              
                                                  
l.3 \begin{tabular}{l*{10}{SSSSS}}
                                  
You're in trouble here.  Try typing  <return>  to proceed.
If that doesn't work, type  X <return>  to quit.


./indices_ppp_spillover_table_markup.tex:3: LaTeX Error: Illegal character in array arg.

See the LaTeX manual or LaTeX Companion for explanation.
Type  H <return>  for immediate help.
 ...                                              
                                                  
l.3 \begin{tabular}{l*{10}{SSSSS}}
                                  
You're in trouble here.  Try typing  <return>  to proceed.
If that doesn't work, type  X <return>  to quit.


./indices_ppp_spillover_table_markup.tex:3: LaTeX Error: Illegal character in array arg.

See the LaTeX manual or LaTeX Companion for explanation.
Type  H <return>  for immediate help.
 ...                                              
                                                  
l.3 \begin{tabular}{l*{10}{SSSSS}}
                                  
You're in trouble here.  Try typing  <return>  to proceed.
If that doesn't work, type  X <return>  to quit.


./indices_ppp_spillover_table_markup.tex:3: LaTeX Error: Illegal character in array arg.

See the LaTeX manual or LaTeX Companion for explanation.
Type  H <return>  for immediate help.
 ...                                              
                                                  
l.3 \begin{tabular}{l*{10}{SSSSS}}
                                  
You're in trouble here.  Try typing  <return>  to proceed.
If that doesn't work, type  X <return>  to quit.


./indices_ppp_spillover_table_markup.tex:3: LaTeX Error: Illegal character in array arg.

See the LaTeX manual or LaTeX Companion for explanation.
Type  H <return>  for immediate help.
 ...                                              
                                                  
l.3 \begin{tabular}{l*{10}{SSSSS}}
                                  
You're in trouble here.  Try typing  <return>  to proceed.
If that doesn't work, type  X <return>  to quit.


./indices_ppp_spillover_table_markup.tex:3: LaTeX Error: Illegal character in array arg.

See the LaTeX manual or LaTeX Companion for explanation.
Type  H <return>  for immediate help.
 ...                                              
                                                  
l.3 \begin{tabular}{l*{10}{SSSSS}}
                                  
You're in trouble here.  Try typing  <return>  to proceed.
If that doesn't work, type  X <return>  to quit.


./indices_ppp_spillover_table_markup.tex:3: LaTeX Error: Illegal character in array arg.

See the LaTeX manual or LaTeX Companion for explanation.
Type  H <return>  for immediate help.
 ...                                              
                                                  
l.3 \begin{tabular}{l*{10}{SSSSS}}
                                  
You're in trouble here.  Try typing  <return>  to proceed.
If that doesn't work, type  X <return>  to quit.


./indices_ppp_spillover_table_markup.tex:3: LaTeX Error: Illegal character in array arg.

See the LaTeX manual or LaTeX Companion for explanation.
Type  H <return>  for immediate help.
 ...                                              
                                                  
l.3 \begin{tabular}{l*{10}{SSSSS}}
                                  
You're in trouble here.  Try typing  <return>  to proceed.
If that doesn't work, type  X <return>  to quit.


./indices_ppp_spillover_table_markup.tex:3: LaTeX Error: Illegal character in array arg.

See the LaTeX manual or LaTeX Companion for explanation.
Type  H <return>  for immediate help.
 ...                                              
                                                  
l.3 \begin{tabular}{l*{10}{SSSSS}}
                                  
You're in trouble here.  Try typing  <return>  to proceed.
If that doesn't work, type  X <return>  to quit.


./indices_ppp_spillover_table_markup.tex:3: LaTeX Error: Illegal character in array arg.

See the LaTeX manual or LaTeX Companion for explanation.
Type  H <return>  for immediate help.
 ...                                              
                                                  
l.3 \begin{tabular}{l*{10}{SSSSS}}
                                  
You're in trouble here.  Try typing  <return>  to proceed.
If that doesn't work, type  X <return>  to quit.


./indices_ppp_spillover_table_markup.tex:3: LaTeX Error: Illegal character in array arg.

See the LaTeX manual or LaTeX Companion for explanation.
Type  H <return>  for immediate help.
 ...                                              
                                                  
l.3 \begin{tabular}{l*{10}{SSSSS}}
                                  
You're in trouble here.  Try typing  <return>  to proceed.
If that doesn't work, type  X <return>  to quit.


./indices_ppp_spillover_table_markup.tex:3: LaTeX Error: Illegal character in array arg.

See the LaTeX manual or LaTeX Companion for explanation.
Type  H <return>  for immediate help.
 ...                                              
                                                  
l.3 \begin{tabular}{l*{10}{SSSSS}}
                                  
You're in trouble here.  Try typing  <return>  to proceed.
If that doesn't work, type  X <return>  to quit.


./indices_ppp_spillover_table_markup.tex:3: LaTeX Error: Illegal character in array arg.

See the LaTeX manual or LaTeX Companion for explanation.
Type  H <return>  for immediate help.
 ...                                              
                                                  
l.3 \begin{tabular}{l*{10}{SSSSS}}
                                  
You're in trouble here.  Try typing  <return>  to proceed.
If that doesn't work, type  X <return>  to quit.


./indices_ppp_spillover_table_markup.tex:3: LaTeX Error: Illegal character in array arg.

See the LaTeX manual or LaTeX Companion for explanation.
Type  H <return>  for immediate help.
 ...                                              
                                                  
l.3 \begin{tabular}{l*{10}{SSSSS}}
                                  
You're in trouble here.  Try typing  <return>  to proceed.
If that doesn't work, type  X <return>  to quit.


./indices_ppp_spillover_table_markup.tex:3: LaTeX Error: Illegal character in array arg.

See the LaTeX manual or LaTeX Companion for explanation.
Type  H <return>  for immediate help.
 ...                                              
                                                  
l.3 \begin{tabular}{l*{10}{SSSSS}}
                                  
You're in trouble here.  Try typing  <return>  to proceed.
If that doesn't work, type  X <return>  to quit.


./indices_ppp_spillover_table_markup.tex:3: LaTeX Error: Illegal character in array arg.

See the LaTeX manual or LaTeX Companion for explanation.
Type  H <return>  for immediate help.
 ...                                              
                                                  
l.3 \begin{tabular}{l*{10}{SSSSS}}
                                  
You're in trouble here.  Try typing  <return>  to proceed.
If that doesn't work, type  X <return>  to quit.


./indices_ppp_spillover_table_markup.tex:3: LaTeX Error: Illegal character in array arg.

See the LaTeX manual or LaTeX Companion for explanation.
Type  H <return>  for immediate help.
 ...                                              
                                                  
l.3 \begin{tabular}{l*{10}{SSSSS}}
                                  
You're in trouble here.  Try typing  <return>  to proceed.
If that doesn't work, type  X <return>  to quit.


./indices_ppp_spillover_table_markup.tex:3: LaTeX Error: Illegal character in array arg.

See the LaTeX manual or LaTeX Companion for explanation.
Type  H <return>  for immediate help.
 ...                                              
                                                  
l.3 \begin{tabular}{l*{10}{SSSSS}}
                                  
You're in trouble here.  Try typing  <return>  to proceed.
If that doesn't work, type  X <return>  to quit.


./indices_ppp_spillover_table_markup.tex:3: LaTeX Error: Illegal character in array arg.

See the LaTeX manual or LaTeX Companion for explanation.
Type  H <return>  for immediate help.
 ...                                              
                                                  
l.3 \begin{tabular}{l*{10}{SSSSS}}
                                  
You're in trouble here.  Try typing  <return>  to proceed.
If that doesn't work, type  X <return>  to quit.


./indices_ppp_spillover_table_markup.tex:3: LaTeX Error: Illegal character in array arg.

See the LaTeX manual or LaTeX Companion for explanation.
Type  H <return>  for immediate help.
 ...                                              
                                                  
l.3 \begin{tabular}{l*{10}{SSSSS}}
                                  
You're in trouble here.  Try typing  <return>  to proceed.
If that doesn't work, type  X <return>  to quit.


./indices_ppp_spillover_table_markup.tex:3: LaTeX Error: Illegal character in array arg.

See the LaTeX manual or LaTeX Companion for explanation.
Type  H <return>  for immediate help.
 ...                                              
                                                  
l.3 \begin{tabular}{l*{10}{SSSSS}}
                                  
You're in trouble here.  Try typing  <return>  to proceed.
If that doesn't work, type  X <return>  to quit.


./indices_ppp_spillover_table_markup.tex:3: LaTeX Error: Illegal character in array arg.

See the LaTeX manual or LaTeX Companion for explanation.
Type  H <return>  for immediate help.
 ...                                              
                                                  
l.3 \begin{tabular}{l*{10}{SSSSS}}
                                  
You're in trouble here.  Try typing  <return>  to proceed.
If that doesn't work, type  X <return>  to quit.


./indices_ppp_spillover_table_markup.tex:3: LaTeX Error: Illegal character in array arg.

See the LaTeX manual or LaTeX Companion for explanation.
Type  H <return>  for immediate help.
 ...                                              
                                                  
l.3 \begin{tabular}{l*{10}{SSSSS}}
                                  
You're in trouble here.  Try typing  <return>  to proceed.
If that doesn't work, type  X <return>  to quit.


./indices_ppp_spillover_table_markup.tex:3: LaTeX Error: Illegal character in array arg.

See the LaTeX manual or LaTeX Companion for explanation.
Type  H <return>  for immediate help.
 ...                                              
                                                  
l.3 \begin{tabular}{l*{10}{SSSSS}}
                                  
You're in trouble here.  Try typing  <return>  to proceed.
If that doesn't work, type  X <return>  to quit.


./indices_ppp_spillover_table_markup.tex:3: LaTeX Error: Illegal character in array arg.

See the LaTeX manual or LaTeX Companion for explanation.
Type  H <return>  for immediate help.
 ...                                              
                                                  
l.3 \begin{tabular}{l*{10}{SSSSS}}
                                  
You're in trouble here.  Try typing  <return>  to proceed.
If that doesn't work, type  X <return>  to quit.


./indices_ppp_spillover_table_markup.tex:3: LaTeX Error: Illegal character in array arg.

See the LaTeX manual or LaTeX Companion for explanation.
Type  H <return>  for immediate help.
 ...                                              
                                                  
l.3 \begin{tabular}{l*{10}{SSSSS}}
                                  
You're in trouble here.  Try typing  <return>  to proceed.
If that doesn't work, type  X <return>  to quit.


./indices_ppp_spillover_table_markup.tex:3: LaTeX Error: Illegal character in array arg.

See the LaTeX manual or LaTeX Companion for explanation.
Type  H <return>  for immediate help.
 ...                                              
                                                  
l.3 \begin{tabular}{l*{10}{SSSSS}}
                                  
You're in trouble here.  Try typing  <return>  to proceed.
If that doesn't work, type  X <return>  to quit.


./indices_ppp_spillover_table_markup.tex:3: LaTeX Error: Illegal character in array arg.

See the LaTeX manual or LaTeX Companion for explanation.
Type  H <return>  for immediate help.
 ...                                              
                                                  
l.3 \begin{tabular}{l*{10}{SSSSS}}
                                  
You're in trouble here.  Try typing  <return>  to proceed.
If that doesn't work, type  X <return>  to quit.


./indices_ppp_spillover_table_markup.tex:3: LaTeX Error: Illegal character in array arg.

See the LaTeX manual or LaTeX Companion for explanation.
Type  H <return>  for immediate help.
 ...                                              
                                                  
l.3 \begin{tabular}{l*{10}{SSSSS}}
                                  
You're in trouble here.  Try typing  <return>  to proceed.
If that doesn't work, type  X <return>  to quit.


./indices_ppp_spillover_table_markup.tex:3: LaTeX Error: Illegal character in array arg.

See the LaTeX manual or LaTeX Companion for explanation.
Type  H <return>  for immediate help.
 ...                                              
                                                  
l.3 \begin{tabular}{l*{10}{SSSSS}}
                                  
You're in trouble here.  Try typing  <return>  to proceed.
If that doesn't work, type  X <return>  to quit.


./indices_ppp_spillover_table_markup.tex:3: LaTeX Error: Illegal character in array arg.

See the LaTeX manual or LaTeX Companion for explanation.
Type  H <return>  for immediate help.
 ...                                              
                                                  
l.3 \begin{tabular}{l*{10}{SSSSS}}
                                  
You're in trouble here.  Try typing  <return>  to proceed.
If that doesn't work, type  X <return>  to quit.


./indices_ppp_spillover_table_markup.tex:3: LaTeX Error: Illegal character in array arg.

See the LaTeX manual or LaTeX Companion for explanation.
Type  H <return>  for immediate help.
 ...                                              
                                                  
l.3 \begin{tabular}{l*{10}{SSSSS}}
                                  
You're in trouble here.  Try typing  <return>  to proceed.
If that doesn't work, type  X <return>  to quit.


./indices_ppp_spillover_table_markup.tex:3: LaTeX Error: Illegal character in array arg.

See the LaTeX manual or LaTeX Companion for explanation.
Type  H <return>  for immediate help.
 ...                                              
                                                  
l.3 \begin{tabular}{l*{10}{SSSSS}}
                                  
You're in trouble here.  Try typing  <return>  to proceed.
If that doesn't work, type  X <return>  to quit.


./indices_ppp_spillover_table_markup.tex:3: LaTeX Error: Illegal character in array arg.

See the LaTeX manual or LaTeX Companion for explanation.
Type  H <return>  for immediate help.
 ...                                              
                                                  
l.3 \begin{tabular}{l*{10}{SSSSS}}
                                  
You're in trouble here.  Try typing  <return>  to proceed.
If that doesn't work, type  X <return>  to quit.

./indices_ppp_spillover_table_markup.tex:4: Undefined control sequence.
l.4 \toprule
            
The control sequence at the end of the top line
of your error message was never \def'ed. If you have
misspelled it (e.g., `\hobx'), type `I' and the correct
spelling (e.g., `I\hbox'). Otherwise just continue,
and I'll forget about whatever was undefined.

Missing character: There is no S in font nullfont!
Missing character: There is no p in font nullfont!
Missing character: There is no i in font nullfont!
Missing character: There is no l in font nullfont!
Missing character: There is no l in font nullfont!
Missing character: There is no o in font nullfont!
Missing character: There is no v in font nullfont!
Missing character: There is no e in font nullfont!
Missing character: There is no r in font nullfont!
Missing character: There is no E in font nullfont!
Missing character: There is no f in font nullfont!
Missing character: There is no f in font nullfont!
Missing character: There is no e in font nullfont!
Missing character: There is no c in font nullfont!
Missing character: There is no t in font nullfont!
Missing character: There is no s in font nullfont!
Missing character: There is no L in font nullfont!
Missing character: There is no e in font nullfont!
Missing character: There is no e in font nullfont!
Missing character: There is no B in font nullfont!
Missing character: There is no o in font nullfont!
Missing character: There is no u in font nullfont!
Missing character: There is no n in font nullfont!
Missing character: There is no d in font nullfont!
Missing character: There is no s in font nullfont!
Missing character: There is no H in font nullfont!
Missing character: There is no o in font nullfont!
Missing character: There is no r in font nullfont!
Missing character: There is no o in font nullfont!
Missing character: There is no w in font nullfont!
Missing character: There is no i in font nullfont!
Missing character: There is no t in font nullfont!
Missing character: There is no z in font nullfont!
Missing character: There is no - in font nullfont!
Missing character: There is no M in font nullfont!
Missing character: There is no a in font nullfont!
Missing character: There is no n in font nullfont!
Missing character: There is no s in font nullfont!
Missing character: There is no k in font nullfont!
Missing character: There is no i in font nullfont!
Missing character: There is no B in font nullfont!
Missing character: There is no o in font nullfont!
Missing character: There is no u in font nullfont!
Missing character: There is no n in font nullfont!
Missing character: There is no d in font nullfont!
Missing character: There is no s in font nullfont!
./indices_ppp_spillover_table_markup.tex:5: Undefined control sequence.
<recently read> \cmidrule 
                          
l.5 ...mn{2}{c}{Horowitz-Manski Bounds}\\\cmidrule
                                                  (lr){2-7}\cmidrule(lr){8-9...
The control sequence at the end of the top line
of your error message was never \def'ed. If you have
misspelled it (e.g., `\hobx'), type `I' and the correct
spelling (e.g., `I\hbox'). Otherwise just continue,
and I'll forget about whatever was undefined.

Missing character: There is no ( in font nullfont!
Missing character: There is no l in font nullfont!
Missing character: There is no r in font nullfont!
Missing character: There is no ) in font nullfont!
Missing character: There is no 2 in font nullfont!
Missing character: There is no - in font nullfont!
Missing character: There is no 7 in font nullfont!
./indices_ppp_spillover_table_markup.tex:5: Undefined control sequence.
l.5 ...Manski Bounds}\\\cmidrule(lr){2-7}\cmidrule
                                                  (lr){8-9}\cmidrule(lr){10-11}
The control sequence at the end of the top line
of your error message was never \def'ed. If you have
misspelled it (e.g., `\hobx'), type `I' and the correct
spelling (e.g., `I\hbox'). Otherwise just continue,
and I'll forget about whatever was undefined.

Missing character: There is no ( in font nullfont!
Missing character: There is no l in font nullfont!
Missing character: There is no r in font nullfont!
Missing character: There is no ) in font nullfont!
Missing character: There is no 8 in font nullfont!
Missing character: There is no - in font nullfont!
Missing character: There is no 9 in font nullfont!
./indices_ppp_spillover_table_markup.tex:5: Undefined control sequence.
l.5 ...midrule(lr){2-7}\cmidrule(lr){8-9}\cmidrule
                                                  (lr){10-11}
The control sequence at the end of the top line
of your error message was never \def'ed. If you have
misspelled it (e.g., `\hobx'), type `I' and the correct
spelling (e.g., `I\hbox'). Otherwise just continue,
and I'll forget about whatever was undefined.

Missing character: There is no ( in font nullfont!
Missing character: There is no l in font nullfont!
Missing character: There is no r in font nullfont!
Missing character: There is no ) in font nullfont!
Missing character: There is no 1 in font nullfont!
Missing character: There is no 0 in font nullfont!
Missing character: There is no - in font nullfont!
Missing character: There is no 1 in font nullfont!
Missing character: There is no 1 in font nullfont!
Missing character: There is no ( in font nullfont!
Missing character: There is no 1 in font nullfont!
Missing character: There is no ) in font nullfont!
Missing character: There is no ( in font nullfont!
Missing character: There is no 2 in font nullfont!
Missing character: There is no ) in font nullfont!
Missing character: There is no ( in font nullfont!
Missing character: There is no 3 in font nullfont!
Missing character: There is no ) in font nullfont!
Missing character: There is no ( in font nullfont!
Missing character: There is no 4 in font nullfont!
Missing character: There is no ) in font nullfont!
Missing character: There is no ( in font nullfont!
Missing character: There is no 5 in font nullfont!
Missing character: There is no ) in font nullfont!
Missing character: There is no ( in font nullfont!
Missing character: There is no 6 in font nullfont!
Missing character: There is no ) in font nullfont!
Missing character: There is no ( in font nullfont!
Missing character: There is no 7 in font nullfont!
Missing character: There is no ) in font nullfont!
Missing character: There is no ( in font nullfont!
Missing character: There is no 8 in font nullfont!
Missing character: There is no ) in font nullfont!
Missing character: There is no ( in font nullfont!
Missing character: There is no 9 in font nullfont!
Missing character: There is no ) in font nullfont!
Missing character: There is no ( in font nullfont!
Missing character: There is no 1 in font nullfont!
Missing character: There is no 0 in font nullfont!
Missing character: There is no ) in font nullfont!
./indices_ppp_spillover_table_markup.tex:7: Undefined control sequence.
\@sharp ->\specialcell 
                       {All HH\\Estimate}
l.7 ...olumn{1}{c}{\specialcell{All HH\\Estimate}}
                                                  &\multicolumn{1}{c}{\speci...
The control sequence at the end of the top line
of your error message was never \def'ed. If you have
misspelled it (e.g., `\hobx'), type `I' and the correct
spelling (e.g., `I\hbox'). Otherwise just continue,
and I'll forget about whatever was undefined.

Missing character: There is no A in font nullfont!
Missing character: There is no l in font nullfont!
Missing character: There is no l in font nullfont!
Missing character: There is no H in font nullfont!
Missing character: There is no H in font nullfont!
./indices_ppp_spillover_table_markup.tex:7: Missing } inserted.
<inserted text> 
                }
l.7 ...olumn{1}{c}{\specialcell{All HH\\Estimate}}
                                                  &\multicolumn{1}{c}{\speci...
I've put in what seems to be necessary to fix
the current column of the current alignment.
Try to go on, since this might almost work.

./indices_ppp_spillover_table_markup.tex:7: Missing } inserted.
<inserted text> 
                }
l.7 ...olumn{1}{c}{\specialcell{All HH\\Estimate}}
                                                  &\multicolumn{1}{c}{\speci...
I've put in what seems to be necessary to fix
the current column of the current alignment.
Try to go on, since this might almost work.

./indices_ppp_spillover_table_markup.tex:7: Missing \endgroup inserted.
<inserted text> 
                \endgroup 
l.7 ...olumn{1}{c}{\specialcell{All HH\\Estimate}}
                                                  &\multicolumn{1}{c}{\speci...
I've inserted something that you may have forgotten.
(See the <inserted text> above.)
With luck, this will get me unwedged. But if you
really didn't forget anything, try typing `2' now; then
my insertion and my current dilemma will both disappear.

Missing character: There is no E in font nullfont!
Missing character: There is no s in font nullfont!
Missing character: There is no t in font nullfont!
Missing character: There is no i in font nullfont!
Missing character: There is no m in font nullfont!
Missing character: There is no a in font nullfont!
Missing character: There is no t in font nullfont!
Missing character: There is no e in font nullfont!
./indices_ppp_spillover_table_markup.tex:7: Missing \cr inserted.
<inserted text> 
                \cr 
l.7 ...olumn{1}{c}{\specialcell{All HH\\Estimate}}
                                                  &\multicolumn{1}{c}{\speci...
I'm guessing that you meant to end an alignment here.

./indices_ppp_spillover_table_markup.tex:7: Missing { inserted.
<inserted text> 
                {
l.7 ...olumn{1}{c}{\specialcell{All HH\\Estimate}}
                                                  &\multicolumn{1}{c}{\speci...
I've put in what seems to be necessary to fix
the current column of the current alignment.
Try to go on, since this might almost work.


./indices_ppp_spillover_table_markup.tex:7: LaTeX Error: Missing \begin{document}.

See the LaTeX manual or LaTeX Companion for explanation.
Type  H <return>  for immediate help.
 ...                                              
                                                  
l.7 ...olumn{1}{c}{\specialcell{All HH\\Estimate}}
                                                  &\multicolumn{1}{c}{\speci...
You're in trouble here.  Try typing  <return>  to proceed.
If that doesn't work, type  X <return>  to quit.

./indices_ppp_spillover_table_markup.tex:7: Missing } inserted.
<inserted text> 
                }
l.7 ...olumn{1}{c}{\specialcell{All HH\\Estimate}}
                                                  &\multicolumn{1}{c}{\speci...
I've inserted something that you may have forgotten.
(See the <inserted text> above.)
With luck, this will get me unwedged. But if you
really didn't forget anything, try typing `2' now; then
my insertion and my current dilemma will both disappear.


Overfull \hbox (20.0pt too wide) in paragraph at lines 7--7
[]
 []

./indices_ppp_spillover_table_markup.tex:7: Missing $ inserted.
<inserted text> 
                $
l.7 ...olumn{1}{c}{\specialcell{All HH\\Estimate}}
                                                  &\multicolumn{1}{c}{\speci...
I've inserted something that you may have forgotten.
(See the <inserted text> above.)
With luck, this will get me unwedged. But if you
really didn't forget anything, try typing `2' now; then
my insertion and my current dilemma will both disappear.

./indices_ppp_spillover_table_markup.tex:7: Missing } inserted.
<inserted text> 
                }
l.7 ...olumn{1}{c}{\specialcell{All HH\\Estimate}}
                                                  &\multicolumn{1}{c}{\speci...
I've inserted something that you may have forgotten.
(See the <inserted text> above.)
With luck, this will get me unwedged. But if you
really didn't forget anything, try typing `2' now; then
my insertion and my current dilemma will both disappear.

./indices_ppp_spillover_table_markup.tex:7: Misplaced alignment tab character &.
l.7 ...lumn{1}{c}{\specialcell{All HH\\Estimate}}&
                                                  \multicolumn{1}{c}{\specia...
I can't figure out why you would want to use a tab mark
here. If you just want an ampersand, the remedy is
simple: Just type `I\&' now. But if some right brace
up above has ended a previous alignment prematurely,
you're probably due for more error messages, and you
might try typing `S' now just to see what is salvageable.

./indices_ppp_spillover_table_markup.tex:7: Misplaced \omit.
\multispan ->\omit 
                   \@multispan 
l.7 ...olumn{1}{c}{\specialcell{All HH\\estimate}}
                                                  &\multicolumn{1}{c}{\speci...
I expect to see \omit only after tab marks or the \cr of
an alignment. Proceed, and I'll ignore this case.

./indices_ppp_spillover_table_markup.tex:7: Undefined control sequence.
<argument> ...nextchar \ifcase \@chclass \@classz 
                                                  \or \@classi \or \@classii...
l.7 ...olumn{1}{c}{\specialcell{All HH\\estimate}}
                                                  &\multicolumn{1}{c}{\speci...
The control sequence at the end of the top line
of your error message was never \def'ed. If you have
misspelled it (e.g., `\hobx'), type `I' and the correct
spelling (e.g., `I\hbox'). Otherwise just continue,
and I'll forget about whatever was undefined.

./indices_ppp_spillover_table_markup.tex:7: Undefined control sequence.
\@mkpream ...hclass }\ifcase \@lastchclass \@acol 
                                                  \or \or \@preamerr \@ne \o...
l.7 ...olumn{1}{c}{\specialcell{All HH\\estimate}}
                                                  &\multicolumn{1}{c}{\speci...
The control sequence at the end of the top line
of your error message was never \def'ed. If you have
misspelled it (e.g., `\hobx'), type `I' and the correct
spelling (e.g., `I\hbox'). Otherwise just continue,
and I'll forget about whatever was undefined.

./indices_ppp_spillover_table_markup.tex:7: Misplaced alignment tab character &.
l.7 ...lumn{1}{c}{\specialcell{All HH\\estimate}}&
                                                  \multicolumn{1}{c}{\specia...
I can't figure out why you would want to use a tab mark
here. If you just want an ampersand, the remedy is
simple: Just type `I\&' now. But if some right brace
up above has ended a previous alignment prematurely,
you're probably due for more error messages, and you
might try typing `S' now just to see what is salvageable.

./indices_ppp_spillover_table_markup.tex:7: Misplaced \omit.
\multispan ->\omit 
                   \@multispan 
l.7 ...umn{1}{c}{\specialcell{Thatched\\estimate}}
                                                  &\multicolumn{1}{c}{\speci...
I expect to see \omit only after tab marks or the \cr of
an alignment. Proceed, and I'll ignore this case.

./indices_ppp_spillover_table_markup.tex:7: Undefined control sequence.
<argument> ...nextchar \ifcase \@chclass \@classz 
                                                  \or \@classi \or \@classii...
l.7 ...umn{1}{c}{\specialcell{Thatched\\estimate}}
                                                  &\multicolumn{1}{c}{\speci...
The control sequence at the end of the top line
of your error message was never \def'ed. If you have
misspelled it (e.g., `\hobx'), type `I' and the correct
spelling (e.g., `I\hbox'). Otherwise just continue,
and I'll forget about whatever was undefined.

./indices_ppp_spillover_table_markup.tex:7: Undefined control sequence.
\@mkpream ...hclass }\ifcase \@lastchclass \@acol 
                                                  \or \or \@preamerr \@ne \o...
l.7 ...umn{1}{c}{\specialcell{Thatched\\estimate}}
                                                  &\multicolumn{1}{c}{\speci...
The control sequence at the end of the top line
of your error message was never \def'ed. If you have
misspelled it (e.g., `\hobx'), type `I' and the correct
spelling (e.g., `I\hbox'). Otherwise just continue,
and I'll forget about whatever was undefined.

./indices_ppp_spillover_table_markup.tex:7: Misplaced alignment tab character &.
l.7 ...mn{1}{c}{\specialcell{Thatched\\estimate}}&
                                                  \multicolumn{1}{c}{\specia...
I can't figure out why you would want to use a tab mark
here. If you just want an ampersand, the remedy is
simple: Just type `I\&' now. But if some right brace
up above has ended a previous alignment prematurely,
you're probably due for more error messages, and you
might try typing `S' now just to see what is salvageable.

./indices_ppp_spillover_table_markup.tex:7: Misplaced \omit.
\multispan ->\omit 
                   \@multispan 
l.7 ...umn{1}{c}{\specialcell{Thatched\\estimate}}
                                                  &\multicolumn{1}{c}{\speci...
I expect to see \omit only after tab marks or the \cr of
an alignment. Proceed, and I'll ignore this case.

./indices_ppp_spillover_table_markup.tex:7: Undefined control sequence.
<argument> ...nextchar \ifcase \@chclass \@classz 
                                                  \or \@classi \or \@classii...
l.7 ...umn{1}{c}{\specialcell{Thatched\\estimate}}
                                                  &\multicolumn{1}{c}{\speci...
The control sequence at the end of the top line
of your error message was never \def'ed. If you have
misspelled it (e.g., `\hobx'), type `I' and the correct
spelling (e.g., `I\hbox'). Otherwise just continue,
and I'll forget about whatever was undefined.

./indices_ppp_spillover_table_markup.tex:7: Undefined control sequence.
\@mkpream ...hclass }\ifcase \@lastchclass \@acol 
                                                  \or \or \@preamerr \@ne \o...
l.7 ...umn{1}{c}{\specialcell{Thatched\\estimate}}
                                                  &\multicolumn{1}{c}{\speci...
The control sequence at the end of the top line
of your error message was never \def'ed. If you have
misspelled it (e.g., `\hobx'), type `I' and the correct
spelling (e.g., `I\hbox'). Otherwise just continue,
and I'll forget about whatever was undefined.

./indices_ppp_spillover_table_markup.tex:7: Misplaced alignment tab character &.
l.7 ...mn{1}{c}{\specialcell{Thatched\\estimate}}&
                                                  \multicolumn{1}{c}{\specia...
I can't figure out why you would want to use a tab mark
here. If you just want an ampersand, the remedy is
simple: Just type `I\&' now. But if some right brace
up above has ended a previous alignment prematurely,
you're probably due for more error messages, and you
might try typing `S' now just to see what is salvageable.

./indices_ppp_spillover_table_markup.tex:7: Misplaced \omit.
\multispan ->\omit 
                   \@multispan 
l.7 ...\specialcell{Test (1)=(3)\\\emph{p}-value}}
                                                  &\multicolumn{1}{c}{\speci...
I expect to see \omit only after tab marks or the \cr of
an alignment. Proceed, and I'll ignore this case.

./indices_ppp_spillover_table_markup.tex:7: Undefined control sequence.
<argument> ...nextchar \ifcase \@chclass \@classz 
                                                  \or \@classi \or \@classii...
l.7 ...\specialcell{Test (1)=(3)\\\emph{p}-value}}
                                                  &\multicolumn{1}{c}{\speci...
The control sequence at the end of the top line
of your error message was never \def'ed. If you have
misspelled it (e.g., `\hobx'), type `I' and the correct
spelling (e.g., `I\hbox'). Otherwise just continue,
and I'll forget about whatever was undefined.

./indices_ppp_spillover_table_markup.tex:7: Undefined control sequence.
\@mkpream ...hclass }\ifcase \@lastchclass \@acol 
                                                  \or \or \@preamerr \@ne \o...
l.7 ...\specialcell{Test (1)=(3)\\\emph{p}-value}}
                                                  &\multicolumn{1}{c}{\speci...
The control sequence at the end of the top line
of your error message was never \def'ed. If you have
misspelled it (e.g., `\hobx'), type `I' and the correct
spelling (e.g., `I\hbox'). Otherwise just continue,
and I'll forget about whatever was undefined.

./indices_ppp_spillover_table_markup.tex:7: Misplaced alignment tab character &.
l.7 ...specialcell{Test (1)=(3)\\\emph{p}-value}}&
                                                  \multicolumn{1}{c}{\specia...
I can't figure out why you would want to use a tab mark
here. If you just want an ampersand, the remedy is
simple: Just type `I\&' now. But if some right brace
up above has ended a previous alignment prematurely,
you're probably due for more error messages, and you
might try typing `S' now just to see what is salvageable.

./indices_ppp_spillover_table_markup.tex:7: Misplaced \omit.
\multispan ->\omit 
                   \@multispan 
l.7 ...\specialcell{Test (2)=(4)\\\emph{p}-value}}
                                                  &\multicolumn{1}{c}{\speci...
I expect to see \omit only after tab marks or the \cr of
an alignment. Proceed, and I'll ignore this case.

./indices_ppp_spillover_table_markup.tex:7: Undefined control sequence.
<argument> ...nextchar \ifcase \@chclass \@classz 
                                                  \or \@classi \or \@classii...
l.7 ...\specialcell{Test (2)=(4)\\\emph{p}-value}}
                                                  &\multicolumn{1}{c}{\speci...
The control sequence at the end of the top line
of your error message was never \def'ed. If you have
misspelled it (e.g., `\hobx'), type `I' and the correct
spelling (e.g., `I\hbox'). Otherwise just continue,
and I'll forget about whatever was undefined.

./indices_ppp_spillover_table_markup.tex:7: Undefined control sequence.
\@mkpream ...hclass }\ifcase \@lastchclass \@acol 
                                                  \or \or \@preamerr \@ne \o...
l.7 ...\specialcell{Test (2)=(4)\\\emph{p}-value}}
                                                  &\multicolumn{1}{c}{\speci...
The control sequence at the end of the top line
of your error message was never \def'ed. If you have
misspelled it (e.g., `\hobx'), type `I' and the correct
spelling (e.g., `I\hbox'). Otherwise just continue,
and I'll forget about whatever was undefined.

./indices_ppp_spillover_table_markup.tex:7: Misplaced alignment tab character &.
l.7 ...specialcell{Test (2)=(4)\\\emph{p}-value}}&
                                                  \multicolumn{1}{c}{\specia...
I can't figure out why you would want to use a tab mark
here. If you just want an ampersand, the remedy is
simple: Just type `I\&' now. But if some right brace
up above has ended a previous alignment prematurely,
you're probably due for more error messages, and you
might try typing `S' now just to see what is salvageable.

./indices_ppp_spillover_table_markup.tex:7: Misplaced \omit.
\multispan ->\omit 
                   \@multispan 
l.7 ...e}}&\multicolumn{1}{c}{\specialcell{Lower}}
                                                  &\multicolumn{1}{c}{\speci...
I expect to see \omit only after tab marks or the \cr of
an alignment. Proceed, and I'll ignore this case.

./indices_ppp_spillover_table_markup.tex:7: Undefined control sequence.
<argument> ...nextchar \ifcase \@chclass \@classz 
                                                  \or \@classi \or \@classii...
l.7 ...e}}&\multicolumn{1}{c}{\specialcell{Lower}}
                                                  &\multicolumn{1}{c}{\speci...
The control sequence at the end of the top line
of your error message was never \def'ed. If you have
misspelled it (e.g., `\hobx'), type `I' and the correct
spelling (e.g., `I\hbox'). Otherwise just continue,
and I'll forget about whatever was undefined.

./indices_ppp_spillover_table_markup.tex:7: Undefined control sequence.
\@mkpream ...hclass }\ifcase \@lastchclass \@acol 
                                                  \or \or \@preamerr \@ne \o...
l.7 ...e}}&\multicolumn{1}{c}{\specialcell{Lower}}
                                                  &\multicolumn{1}{c}{\speci...
The control sequence at the end of the top line
of your error message was never \def'ed. If you have
misspelled it (e.g., `\hobx'), type `I' and the correct
spelling (e.g., `I\hbox'). Otherwise just continue,
and I'll forget about whatever was undefined.

./indices_ppp_spillover_table_markup.tex:7: Misplaced alignment tab character &.
l.7 ...}}&\multicolumn{1}{c}{\specialcell{Lower}}&
                                                  \multicolumn{1}{c}{\specia...
I can't figure out why you would want to use a tab mark
here. If you just want an ampersand, the remedy is
simple: Just type `I\&' now. But if some right brace
up above has ended a previous alignment prematurely,
you're probably due for more error messages, and you
might try typing `S' now just to see what is salvageable.

./indices_ppp_spillover_table_markup.tex:7: Misplaced \omit.
\multispan ->\omit 
                   \@multispan 
l.7 ...r}}&\multicolumn{1}{c}{\specialcell{Upper}}
                                                  &\multicolumn{1}{c}{\speci...
I expect to see \omit only after tab marks or the \cr of
an alignment. Proceed, and I'll ignore this case.

./indices_ppp_spillover_table_markup.tex:7: Undefined control sequence.
<argument> ...nextchar \ifcase \@chclass \@classz 
                                                  \or \@classi \or \@classii...
l.7 ...r}}&\multicolumn{1}{c}{\specialcell{Upper}}
                                                  &\multicolumn{1}{c}{\speci...
The control sequence at the end of the top line
of your error message was never \def'ed. If you have
misspelled it (e.g., `\hobx'), type `I' and the correct
spelling (e.g., `I\hbox'). Otherwise just continue,
and I'll forget about whatever was undefined.

./indices_ppp_spillover_table_markup.tex:7: Undefined control sequence.
\@mkpream ...hclass }\ifcase \@lastchclass \@acol 
                                                  \or \or \@preamerr \@ne \o...
l.7 ...r}}&\multicolumn{1}{c}{\specialcell{Upper}}
                                                  &\multicolumn{1}{c}{\speci...
The control sequence at the end of the top line
of your error message was never \def'ed. If you have
misspelled it (e.g., `\hobx'), type `I' and the correct
spelling (e.g., `I\hbox'). Otherwise just continue,
and I'll forget about whatever was undefined.

./indices_ppp_spillover_table_markup.tex:7: Misplaced alignment tab character &.
l.7 ...}}&\multicolumn{1}{c}{\specialcell{Upper}}&
                                                  \multicolumn{1}{c}{\specia...
I can't figure out why you would want to use a tab mark
here. If you just want an ampersand, the remedy is
simple: Just type `I\&' now. But if some right brace
up above has ended a previous alignment prematurely,
you're probably due for more error messages, and you
might try typing `S' now just to see what is salvageable.

./indices_ppp_spillover_table_markup.tex:7: Misplaced \omit.
\multispan ->\omit 
                   \@multispan 
l.7 ...r}}&\multicolumn{1}{c}{\specialcell{Lower}}
                                                  &\multicolumn{1}{c}{\speci...
I expect to see \omit only after tab marks or the \cr of
an alignment. Proceed, and I'll ignore this case.

./indices_ppp_spillover_table_markup.tex:7: Undefined control sequence.
<argument> ...nextchar \ifcase \@chclass \@classz 
                                                  \or \@classi \or \@classii...
l.7 ...r}}&\multicolumn{1}{c}{\specialcell{Lower}}
                                                  &\multicolumn{1}{c}{\speci...
The control sequence at the end of the top line
of your error message was never \def'ed. If you have
misspelled it (e.g., `\hobx'), type `I' and the correct
spelling (e.g., `I\hbox'). Otherwise just continue,
and I'll forget about whatever was undefined.

./indices_ppp_spillover_table_markup.tex:7: Undefined control sequence.
\@mkpream ...hclass }\ifcase \@lastchclass \@acol 
                                                  \or \or \@preamerr \@ne \o...
l.7 ...r}}&\multicolumn{1}{c}{\specialcell{Lower}}
                                                  &\multicolumn{1}{c}{\speci...
The control sequence at the end of the top line
of your error message was never \def'ed. If you have
misspelled it (e.g., `\hobx'), type `I' and the correct
spelling (e.g., `I\hbox'). Otherwise just continue,
and I'll forget about whatever was undefined.

./indices_ppp_spillover_table_markup.tex:7: Misplaced alignment tab character &.
l.7 ...}}&\multicolumn{1}{c}{\specialcell{Lower}}&
                                                  \multicolumn{1}{c}{\specia...
I can't figure out why you would want to use a tab mark
here. If you just want an ampersand, the remedy is
simple: Just type `I\&' now. But if some right brace
up above has ended a previous alignment prematurely,
you're probably due for more error messages, and you
might try typing `S' now just to see what is salvageable.

./indices_ppp_spillover_table_markup.tex:7: Misplaced \omit.
\multispan ->\omit 
                   \@multispan 
l.7 ...r}}&\multicolumn{1}{c}{\specialcell{Upper}}
                                                  \\
I expect to see \omit only after tab marks or the \cr of
an alignment. Proceed, and I'll ignore this case.

./indices_ppp_spillover_table_markup.tex:7: Undefined control sequence.
<argument> ...nextchar \ifcase \@chclass \@classz 
                                                  \or \@classi \or \@classii...
l.7 ...r}}&\multicolumn{1}{c}{\specialcell{Upper}}
                                                  \\
The control sequence at the end of the top line
of your error message was never \def'ed. If you have
misspelled it (e.g., `\hobx'), type `I' and the correct
spelling (e.g., `I\hbox'). Otherwise just continue,
and I'll forget about whatever was undefined.

./indices_ppp_spillover_table_markup.tex:7: Undefined control sequence.
\@mkpream ...hclass }\ifcase \@lastchclass \@acol 
                                                  \or \or \@preamerr \@ne \o...
l.7 ...r}}&\multicolumn{1}{c}{\specialcell{Upper}}
                                                  \\
The control sequence at the end of the top line
of your error message was never \def'ed. If you have
misspelled it (e.g., `\hobx'), type `I' and the correct
spelling (e.g., `I\hbox'). Otherwise just continue,
and I'll forget about whatever was undefined.

./indices_ppp_spillover_table_markup.tex:8: Undefined control sequence.
<recently read> \midrule 
                         
l.8 \midrule
            
The control sequence at the end of the top line
of your error message was never \def'ed. If you have
misspelled it (e.g., `\hobx'), type `I' and the correct
spelling (e.g., `I\hbox'). Otherwise just continue,
and I'll forget about whatever was undefined.

Missing character: There is no I in font nullfont!
Missing character: There is no n in font nullfont!
Missing character: There is no c in font nullfont!
Missing character: There is no l in font nullfont!
Missing character: There is no u in font nullfont!
Missing character: There is no d in font nullfont!
Missing character: There is no e in font nullfont!
Missing character: There is no s in font nullfont!
Missing character: There is no c in font nullfont!
Missing character: There is no o in font nullfont!
Missing character: There is no n in font nullfont!
Missing character: There is no t in font nullfont!
Missing character: There is no r in font nullfont!
Missing character: There is no o in font nullfont!
Missing character: There is no l in font nullfont!
Missing character: There is no s in font nullfont!
./indices_ppp_spillover_table_markup.tex:9: Misplaced alignment tab character &.
l.9 Includes controls&
                           {No}&    {Yes}&     {No}&    {Yes}&     {No}&    ...
I can't figure out why you would want to use a tab mark
here. If you just want an ampersand, the remedy is
simple: Just type `I\&' now. But if some right brace
up above has ended a previous alignment prematurely,
you're probably due for more error messages, and you
might try typing `S' now just to see what is salvageable.

Missing character: There is no N in font nullfont!
Missing character: There is no o in font nullfont!
./indices_ppp_spillover_table_markup.tex:9: Misplaced alignment tab character &.
l.9 Includes controls&     {No}&
                                    {Yes}&     {No}&    {Yes}&     {No}&    ...
I can't figure out why you would want to use a tab mark
here. If you just want an ampersand, the remedy is
simple: Just type `I\&' now. But if some right brace
up above has ended a previous alignment prematurely,
you're probably due for more error messages, and you
might try typing `S' now just to see what is salvageable.

Missing character: There is no Y in font nullfont!
Missing character: There is no e in font nullfont!
Missing character: There is no s in font nullfont!
./indices_ppp_spillover_table_markup.tex:9: Misplaced alignment tab character &.
l.9 Includes controls&     {No}&    {Yes}&
                                               {No}&    {Yes}&     {No}&    ...
I can't figure out why you would want to use a tab mark
here. If you just want an ampersand, the remedy is
simple: Just type `I\&' now. But if some right brace
up above has ended a previous alignment prematurely,
you're probably due for more error messages, and you
might try typing `S' now just to see what is salvageable.

Missing character: There is no N in font nullfont!
Missing character: There is no o in font nullfont!
./indices_ppp_spillover_table_markup.tex:9: Misplaced alignment tab character &.
l.9 ...des controls&     {No}&    {Yes}&     {No}&
                                                      {Yes}&     {No}&    {Y...
I can't figure out why you would want to use a tab mark
here. If you just want an ampersand, the remedy is
simple: Just type `I\&' now. But if some right brace
up above has ended a previous alignment prematurely,
you're probably due for more error messages, and you
might try typing `S' now just to see what is salvageable.

Missing character: There is no Y in font nullfont!
Missing character: There is no e in font nullfont!
Missing character: There is no s in font nullfont!
./indices_ppp_spillover_table_markup.tex:9: Misplaced alignment tab character &.
l.9 ...ls&     {No}&    {Yes}&     {No}&    {Yes}&
                                                       {No}&    {Yes}&     {...
I can't figure out why you would want to use a tab mark
here. If you just want an ampersand, the remedy is
simple: Just type `I\&' now. But if some right brace
up above has ended a previous alignment prematurely,
you're probably due for more error messages, and you
might try typing `S' now just to see what is salvageable.

Missing character: There is no N in font nullfont!
Missing character: There is no o in font nullfont!
./indices_ppp_spillover_table_markup.tex:9: Misplaced alignment tab character &.
l.9 ...o}&    {Yes}&     {No}&    {Yes}&     {No}&
                                                      {Yes}&     {No}&     {...
I can't figure out why you would want to use a tab mark
here. If you just want an ampersand, the remedy is
simple: Just type `I\&' now. But if some right brace
up above has ended a previous alignment prematurely,
you're probably due for more error messages, and you
might try typing `S' now just to see what is salvageable.

Missing character: There is no Y in font nullfont!
Missing character: There is no e in font nullfont!
Missing character: There is no s in font nullfont!
./indices_ppp_spillover_table_markup.tex:9: Misplaced alignment tab character &.
l.9 ...s}&     {No}&    {Yes}&     {No}&    {Yes}&
                                                       {No}&     {No}&     {...
I can't figure out why you would want to use a tab mark
here. If you just want an ampersand, the remedy is
simple: Just type `I\&' now. But if some right brace
up above has ended a previous alignment prematurely,
you're probably due for more error messages, and you
might try typing `S' now just to see what is salvageable.

Missing character: There is no N in font nullfont!
Missing character: There is no o in font nullfont!
./indices_ppp_spillover_table_markup.tex:9: Misplaced alignment tab character &.
l.9 ...o}&    {Yes}&     {No}&    {Yes}&     {No}&
                                                       {No}&     {No}&     {...
I can't figure out why you would want to use a tab mark
here. If you just want an ampersand, the remedy is
simple: Just type `I\&' now. But if some right brace
up above has ended a previous alignment prematurely,
you're probably due for more error messages, and you
might try typing `S' now just to see what is salvageable.

Missing character: There is no N in font nullfont!
Missing character: There is no o in font nullfont!
./indices_ppp_spillover_table_markup.tex:9: Misplaced alignment tab character &.
l.9 ...s}&     {No}&    {Yes}&     {No}&     {No}&
                                                       {No}&     {No}\\
I can't figure out why you would want to use a tab mark
here. If you just want an ampersand, the remedy is
simple: Just type `I\&' now. But if some right brace
up above has ended a previous alignment prematurely,
you're probably due for more error messages, and you
might try typing `S' now just to see what is salvageable.

Missing character: There is no N in font nullfont!
Missing character: There is no o in font nullfont!
./indices_ppp_spillover_table_markup.tex:9: Misplaced alignment tab character &.
l.9 ...o}&    {Yes}&     {No}&     {No}&     {No}&
                                                       {No}\\
I can't figure out why you would want to use a tab mark
here. If you just want an ampersand, the remedy is
simple: Just type `I\&' now. But if some right brace
up above has ended a previous alignment prematurely,
you're probably due for more error messages, and you
might try typing `S' now just to see what is salvageable.

Missing character: There is no N in font nullfont!
Missing character: There is no o in font nullfont!
./indices_ppp_spillover_table_markup.tex:10: Undefined control sequence.
<recently read> \midrule 
                         
l.10 \midrule
              Value of non-land assets (USD)&     1.00&   -11.99&   -18.73& ...
The control sequence at the end of the top line
of your error message was never \def'ed. If you have
misspelled it (e.g., `\hobx'), type `I' and the correct
spelling (e.g., `I\hbox'). Otherwise just continue,
and I'll forget about whatever was undefined.

Missing character: There is no V in font nullfont!
Missing character: There is no a in font nullfont!
Missing character: There is no l in font nullfont!
Missing character: There is no u in font nullfont!
Missing character: There is no e in font nullfont!
Missing character: There is no o in font nullfont!
Missing character: There is no f in font nullfont!
Missing character: There is no n in font nullfont!
Missing character: There is no o in font nullfont!
Missing character: There is no n in font nullfont!
Missing character: There is no - in font nullfont!
Missing character: There is no l in font nullfont!
Missing character: There is no a in font nullfont!
Missing character: There is no n in font nullfont!
Missing character: There is no d in font nullfont!
Missing character: There is no a in font nullfont!
Missing character: There is no s in font nullfont!
Missing character: There is no s in font nullfont!
Missing character: There is no e in font nullfont!
Missing character: There is no t in font nullfont!
Missing character: There is no s in font nullfont!
Missing character: There is no ( in font nullfont!
Missing character: There is no U in font nullfont!
Missing character: There is no S in font nullfont!
Missing character: There is no D in font nullfont!
Missing character: There is no ) in font nullfont!
./indices_ppp_spillover_table_markup.tex:10: Misplaced alignment tab character &.
l.10 \midrule Value of non-land assets (USD)&
                                                  1.00&   -11.99&   -18.73& ...
I can't figure out why you would want to use a tab mark
here. If you just want an ampersand, the remedy is
simple: Just type `I\&' now. But if some right brace
up above has ended a previous alignment prematurely,
you're probably due for more error messages, and you
might try typing `S' now just to see what is salvageable.

Missing character: There is no 1 in font nullfont!
Missing character: There is no . in font nullfont!
Missing character: There is no 0 in font nullfont!
Missing character: There is no 0 in font nullfont!
./indices_ppp_spillover_table_markup.tex:10: Misplaced alignment tab character &.
l.10 ... Value of non-land assets (USD)&     1.00&
                                                     -11.99&   -18.73&   -32...
I can't figure out why you would want to use a tab mark
here. If you just want an ampersand, the remedy is
simple: Just type `I\&' now. But if some right brace
up above has ended a previous alignment prematurely,
you're probably due for more error messages, and you
might try typing `S' now just to see what is salvageable.

Missing character: There is no - in font nullfont!
Missing character: There is no 1 in font nullfont!
Missing character: There is no 1 in font nullfont!
Missing character: There is no . in font nullfont!
Missing character: There is no 9 in font nullfont!
Missing character: There is no 9 in font nullfont!
./indices_ppp_spillover_table_markup.tex:10: Misplaced alignment tab character &.
l.10 ...non-land assets (USD)&     1.00&   -11.99&
                                                     -18.73&   -32.61&0.01$^...
I can't figure out why you would want to use a tab mark
here. If you just want an ampersand, the remedy is
simple: Just type `I\&' now. But if some right brace
up above has ended a previous alignment prematurely,
you're probably due for more error messages, and you
might try typing `S' now just to see what is salvageable.

Missing character: There is no - in font nullfont!
Missing character: There is no 1 in font nullfont!
Missing character: There is no 8 in font nullfont!
Missing character: There is no . in font nullfont!
Missing character: There is no 7 in font nullfont!
Missing character: There is no 3 in font nullfont!
./indices_ppp_spillover_table_markup.tex:10: Misplaced alignment tab character &.
l.10 ...ssets (USD)&     1.00&   -11.99&   -18.73&
                                                     -32.61&0.01$^{***}$&0.0...
I can't figure out why you would want to use a tab mark
here. If you just want an ampersand, the remedy is
simple: Just type `I\&' now. But if some right brace
up above has ended a previous alignment prematurely,
you're probably due for more error messages, and you
might try typing `S' now just to see what is salvageable.

Missing character: There is no - in font nullfont!
Missing character: There is no 3 in font nullfont!
Missing character: There is no 2 in font nullfont!
Missing character: There is no . in font nullfont!
Missing character: There is no 6 in font nullfont!
Missing character: There is no 1 in font nullfont!
./indices_ppp_spillover_table_markup.tex:10: Misplaced alignment tab character &.
l.10 ...)&     1.00&   -11.99&   -18.73&   -32.61&
                                                  0.01$^{***}$&0.00$^{***}$&...
I can't figure out why you would want to use a tab mark
here. If you just want an ampersand, the remedy is
simple: Just type `I\&' now. But if some right brace
up above has ended a previous alignment prematurely,
you're probably due for more error messages, and you
might try typing `S' now just to see what is salvageable.

Missing character: There is no 0 in font nullfont!
Missing character: There is no . in font nullfont!
Missing character: There is no 0 in font nullfont!
Missing character: There is no 1 in font nullfont!
./indices_ppp_spillover_table_markup.tex:10: Misplaced alignment tab character &.
l.10 ...  -11.99&   -18.73&   -32.61&0.01$^{***}$&
                                                  0.00$^{***}$&    -3.38&   ...
I can't figure out why you would want to use a tab mark
here. If you just want an ampersand, the remedy is
simple: Just type `I\&' now. But if some right brace
up above has ended a previous alignment prematurely,
you're probably due for more error messages, and you
might try typing `S' now just to see what is salvageable.

Missing character: There is no 0 in font nullfont!
Missing character: There is no . in font nullfont!
Missing character: There is no 0 in font nullfont!
Missing character: There is no 0 in font nullfont!
./indices_ppp_spillover_table_markup.tex:10: Misplaced alignment tab character &.
l.10 ...18.73&   -32.61&0.01$^{***}$&0.00$^{***}$&
                                                      -3.38&    12.84&    -2...
I can't figure out why you would want to use a tab mark
here. If you just want an ampersand, the remedy is
simple: Just type `I\&' now. But if some right brace
up above has ended a previous alignment prematurely,
you're probably due for more error messages, and you
might try typing `S' now just to see what is salvageable.

Missing character: There is no - in font nullfont!
Missing character: There is no 3 in font nullfont!
Missing character: There is no . in font nullfont!
Missing character: There is no 3 in font nullfont!
Missing character: There is no 8 in font nullfont!
./indices_ppp_spillover_table_markup.tex:10: Misplaced alignment tab character &.
l.10 ...32.61&0.01$^{***}$&0.00$^{***}$&    -3.38&
                                                      12.84&    -2.38&     7...
I can't figure out why you would want to use a tab mark
here. If you just want an ampersand, the remedy is
simple: Just type `I\&' now. But if some right brace
up above has ended a previous alignment prematurely,
you're probably due for more error messages, and you
might try typing `S' now just to see what is salvageable.

Missing character: There is no 1 in font nullfont!
Missing character: There is no 2 in font nullfont!
Missing character: There is no . in font nullfont!
Missing character: There is no 8 in font nullfont!
Missing character: There is no 4 in font nullfont!
./indices_ppp_spillover_table_markup.tex:10: Misplaced alignment tab character &.
l.10 ...$^{***}$&0.00$^{***}$&    -3.38&    12.84&
                                                      -2.38&     7.39\\
I can't figure out why you would want to use a tab mark
here. If you just want an ampersand, the remedy is
simple: Just type `I\&' now. But if some right brace
up above has ended a previous alignment prematurely,
you're probably due for more error messages, and you
might try typing `S' now just to see what is salvageable.

Missing character: There is no - in font nullfont!
Missing character: There is no 2 in font nullfont!
Missing character: There is no . in font nullfont!
Missing character: There is no 3 in font nullfont!
Missing character: There is no 8 in font nullfont!
./indices_ppp_spillover_table_markup.tex:10: Misplaced alignment tab character &.
l.10 ....00$^{***}$&    -3.38&    12.84&    -2.38&
                                                       7.39\\
I can't figure out why you would want to use a tab mark
here. If you just want an ampersand, the remedy is
simple: Just type `I\&' now. But if some right brace
up above has ended a previous alignment prematurely,
you're probably due for more error messages, and you
might try typing `S' now just to see what is salvageable.

Missing character: There is no 7 in font nullfont!
Missing character: There is no . in font nullfont!
Missing character: There is no 3 in font nullfont!
Missing character: There is no 9 in font nullfont!
./indices_ppp_spillover_table_markup.tex:11: Misplaced alignment tab character &.
<recently read> &
                 
l.11           &
                  (21.44)&  (19.98)&  (21.14)&  (19.76)&         &         &...
I can't figure out why you would want to use a tab mark
here. If you just want an ampersand, the remedy is
simple: Just type `I\&' now. But if some right brace
up above has ended a previous alignment prematurely,
you're probably due for more error messages, and you
might try typing `S' now just to see what is salvageable.

Missing character: There is no ( in font nullfont!
Missing character: There is no 2 in font nullfont!
Missing character: There is no 1 in font nullfont!
Missing character: There is no . in font nullfont!
Missing character: There is no 4 in font nullfont!
Missing character: There is no 4 in font nullfont!
Missing character: There is no ) in font nullfont!
./indices_ppp_spillover_table_markup.tex:11: Misplaced alignment tab character &.
l.11           &  (21.44)&
                            (19.98)&  (21.14)&  (19.76)&         &         &...
I can't figure out why you would want to use a tab mark
here. If you just want an ampersand, the remedy is
simple: Just type `I\&' now. But if some right brace
up above has ended a previous alignment prematurely,
you're probably due for more error messages, and you
might try typing `S' now just to see what is salvageable.

Missing character: There is no ( in font nullfont!
Missing character: There is no 1 in font nullfont!
Missing character: There is no 9 in font nullfont!
Missing character: There is no . in font nullfont!
Missing character: There is no 9 in font nullfont!
Missing character: There is no 8 in font nullfont!
Missing character: There is no ) in font nullfont!
./indices_ppp_spillover_table_markup.tex:11: Misplaced alignment tab character &.
l.11           &  (21.44)&  (19.98)&
                                      (21.14)&  (19.76)&         &         &...
I can't figure out why you would want to use a tab mark
here. If you just want an ampersand, the remedy is
simple: Just type `I\&' now. But if some right brace
up above has ended a previous alignment prematurely,
you're probably due for more error messages, and you
might try typing `S' now just to see what is salvageable.

Missing character: There is no ( in font nullfont!
Missing character: There is no 2 in font nullfont!
Missing character: There is no 1 in font nullfont!
Missing character: There is no . in font nullfont!
Missing character: There is no 1 in font nullfont!
Missing character: There is no 4 in font nullfont!
Missing character: There is no ) in font nullfont!
./indices_ppp_spillover_table_markup.tex:11: Misplaced alignment tab character &.
l.11           &  (21.44)&  (19.98)&  (21.14)&
                                                (19.76)&         &         &...
I can't figure out why you would want to use a tab mark
here. If you just want an ampersand, the remedy is
simple: Just type `I\&' now. But if some right brace
up above has ended a previous alignment prematurely,
you're probably due for more error messages, and you
might try typing `S' now just to see what is salvageable.

Missing character: There is no ( in font nullfont!
Missing character: There is no 1 in font nullfont!
Missing character: There is no 9 in font nullfont!
Missing character: There is no . in font nullfont!
Missing character: There is no 7 in font nullfont!
Missing character: There is no 6 in font nullfont!
Missing character: There is no ) in font nullfont!
./indices_ppp_spillover_table_markup.tex:11: Misplaced alignment tab character &.
l.11 ... &  (21.44)&  (19.98)&  (21.14)&  (19.76)&
                                                           &         &  \tex...
I can't figure out why you would want to use a tab mark
here. If you just want an ampersand, the remedy is
simple: Just type `I\&' now. But if some right brace
up above has ended a previous alignment prematurely,
you're probably due for more error messages, and you
might try typing `S' now just to see what is salvageable.

./indices_ppp_spillover_table_markup.tex:11: Misplaced alignment tab character &.
l.11 ...)&  (19.98)&  (21.14)&  (19.76)&         &
                                                           &  \textcolor{blu...
I can't figure out why you would want to use a tab mark
here. If you just want an ampersand, the remedy is
simple: Just type `I\&' now. But if some right brace
up above has ended a previous alignment prematurely,
you're probably due for more error messages, and you
might try typing `S' now just to see what is salvageable.

./indices_ppp_spillover_table_markup.tex:11: Misplaced alignment tab character &.
l.11 ...)&  (21.14)&  (19.76)&         &         &
                                                    \textcolor{blue}{(20.07)...
I can't figure out why you would want to use a tab mark
here. If you just want an ampersand, the remedy is
simple: Just type `I\&' now. But if some right brace
up above has ended a previous alignment prematurely,
you're probably due for more error messages, and you
might try typing `S' now just to see what is salvageable.

./indices_ppp_spillover_table_markup.tex:11: Undefined control sequence.
l.11 ...  (19.76)&         &         &  \textcolor
                                                  {blue}{(20.07)}&  \textcol...
The control sequence at the end of the top line
of your error message was never \def'ed. If you have
misspelled it (e.g., `\hobx'), type `I' and the correct
spelling (e.g., `I\hbox'). Otherwise just continue,
and I'll forget about whatever was undefined.

Missing character: There is no b in font nullfont!
Missing character: There is no l in font nullfont!
Missing character: There is no u in font nullfont!
Missing character: There is no e in font nullfont!
Missing character: There is no ( in font nullfont!
Missing character: There is no 2 in font nullfont!
Missing character: There is no 0 in font nullfont!
Missing character: There is no . in font nullfont!
Missing character: There is no 0 in font nullfont!
Missing character: There is no 7 in font nullfont!
Missing character: There is no ) in font nullfont!
./indices_ppp_spillover_table_markup.tex:11: Misplaced alignment tab character &.
l.11 ...   &         &  \textcolor{blue}{(20.07)}&
                                                    \textcolor{blue}{(20.94)...
I can't figure out why you would want to use a tab mark
here. If you just want an ampersand, the remedy is
simple: Just type `I\&' now. But if some right brace
up above has ended a previous alignment prematurely,
you're probably due for more error messages, and you
might try typing `S' now just to see what is salvageable.

./indices_ppp_spillover_table_markup.tex:11: Undefined control sequence.
l.11 ... &  \textcolor{blue}{(20.07)}&  \textcolor
                                                  {blue}{(20.94)}&  (19.92)&...
The control sequence at the end of the top line
of your error message was never \def'ed. If you have
misspelled it (e.g., `\hobx'), type `I' and the correct
spelling (e.g., `I\hbox'). Otherwise just continue,
and I'll forget about whatever was undefined.

Missing character: There is no b in font nullfont!
Missing character: There is no l in font nullfont!
Missing character: There is no u in font nullfont!
Missing character: There is no e in font nullfont!
Missing character: There is no ( in font nullfont!
Missing character: There is no 2 in font nullfont!
Missing character: There is no 0 in font nullfont!
Missing character: There is no . in font nullfont!
Missing character: There is no 9 in font nullfont!
Missing character: There is no 4 in font nullfont!
Missing character: There is no ) in font nullfont!
./indices_ppp_spillover_table_markup.tex:11: Misplaced alignment tab character &.
l.11 ...lue}{(20.07)}&  \textcolor{blue}{(20.94)}&
                                                    (19.92)&  (20.06)\\
I can't figure out why you would want to use a tab mark
here. If you just want an ampersand, the remedy is
simple: Just type `I\&' now. But if some right brace
up above has ended a previous alignment prematurely,
you're probably due for more error messages, and you
might try typing `S' now just to see what is salvageable.

Missing character: There is no ( in font nullfont!
Missing character: There is no 1 in font nullfont!
Missing character: There is no 9 in font nullfont!
Missing character: There is no . in font nullfont!
Missing character: There is no 9 in font nullfont!
Missing character: There is no 2 in font nullfont!
Missing character: There is no ) in font nullfont!
./indices_ppp_spillover_table_markup.tex:11: Misplaced alignment tab character &.
l.11 ...7)}&  \textcolor{blue}{(20.94)}&  (19.92)&
                                                    (20.06)\\
I can't figure out why you would want to use a tab mark
here. If you just want an ampersand, the remedy is
simple: Just type `I\&' now. But if some right brace
up above has ended a previous alignment prematurely,
you're probably due for more error messages, and you
might try typing `S' now just to see what is salvageable.

Missing character: There is no ( in font nullfont!
Missing character: There is no 2 in font nullfont!
Missing character: There is no 0 in font nullfont!
Missing character: There is no . in font nullfont!
Missing character: There is no 0 in font nullfont!
Missing character: There is no 6 in font nullfont!
Missing character: There is no ) in font nullfont!
Missing character: There is no N in font nullfont!
Missing character: There is no o in font nullfont!
Missing character: There is no n in font nullfont!
Missing character: There is no - in font nullfont!
Missing character: There is no d in font nullfont!
Missing character: There is no u in font nullfont!
Missing character: There is no r in font nullfont!
Missing character: There is no a in font nullfont!
Missing character: There is no b in font nullfont!
Missing character: There is no l in font nullfont!
Missing character: There is no e in font nullfont!
Missing character: There is no e in font nullfont!
Missing character: There is no x in font nullfont!
Missing character: There is no p in font nullfont!
Missing character: There is no e in font nullfont!
Missing character: There is no n in font nullfont!
Missing character: There is no d in font nullfont!
Missing character: There is no i in font nullfont!
Missing character: There is no t in font nullfont!
Missing character: There is no u in font nullfont!
Missing character: There is no r in font nullfont!
Missing character: There is no e in font nullfont!
Missing character: There is no ( in font nullfont!
Missing character: There is no U in font nullfont!
Missing character: There is no S in font nullfont!
Missing character: There is no D in font nullfont!
Missing character: There is no ) in font nullfont!
./indices_ppp_spillover_table_markup.tex:12: Misplaced alignment tab character &.
l.12 Non-durable expenditure (USD)&
                                       -7.77&-11.89$^{*}$&    -7.31&-12.21$^...
I can't figure out why you would want to use a tab mark
here. If you just want an ampersand, the remedy is
simple: Just type `I\&' now. But if some right brace
up above has ended a previous alignment prematurely,
you're probably due for more error messages, and you
might try typing `S' now just to see what is salvageable.

Missing character: There is no - in font nullfont!
Missing character: There is no 7 in font nullfont!
Missing character: There is no . in font nullfont!
Missing character: There is no 7 in font nullfont!
Missing character: There is no 7 in font nullfont!
./indices_ppp_spillover_table_markup.tex:12: Misplaced alignment tab character &.
l.12 Non-durable expenditure (USD)&    -7.77&
                                             -11.89$^{*}$&    -7.31&-12.21$^...
I can't figure out why you would want to use a tab mark
here. If you just want an ampersand, the remedy is
simple: Just type `I\&' now. But if some right brace
up above has ended a previous alignment prematurely,
you're probably due for more error messages, and you
might try typing `S' now just to see what is salvageable.

Missing character: There is no - in font nullfont!
Missing character: There is no 1 in font nullfont!
Missing character: There is no 1 in font nullfont!
Missing character: There is no . in font nullfont!
Missing character: There is no 8 in font nullfont!
Missing character: There is no 9 in font nullfont!
./indices_ppp_spillover_table_markup.tex:12: Misplaced alignment tab character &.
l.12 ... expenditure (USD)&    -7.77&-11.89$^{*}$&
                                                      -7.31&-12.21$^{*}$&   ...
I can't figure out why you would want to use a tab mark
here. If you just want an ampersand, the remedy is
simple: Just type `I\&' now. But if some right brace
up above has ended a previous alignment prematurely,
you're probably due for more error messages, and you
might try typing `S' now just to see what is salvageable.

Missing character: There is no - in font nullfont!
Missing character: There is no 7 in font nullfont!
Missing character: There is no . in font nullfont!
Missing character: There is no 3 in font nullfont!
Missing character: There is no 1 in font nullfont!
./indices_ppp_spillover_table_markup.tex:12: Misplaced alignment tab character &.
l.12 ...re (USD)&    -7.77&-11.89$^{*}$&    -7.31&
                                                  -12.21$^{*}$&     0.82&   ...
I can't figure out why you would want to use a tab mark
here. If you just want an ampersand, the remedy is
simple: Just type `I\&' now. But if some right brace
up above has ended a previous alignment prematurely,
you're probably due for more error messages, and you
might try typing `S' now just to see what is salvageable.

Missing character: There is no - in font nullfont!
Missing character: There is no 1 in font nullfont!
Missing character: There is no 2 in font nullfont!
Missing character: There is no . in font nullfont!
Missing character: There is no 2 in font nullfont!
Missing character: There is no 1 in font nullfont!
./indices_ppp_spillover_table_markup.tex:12: Misplaced alignment tab character &.
l.12 ...-7.77&-11.89$^{*}$&    -7.31&-12.21$^{*}$&
                                                       0.82&     0.88&    -9...
I can't figure out why you would want to use a tab mark
here. If you just want an ampersand, the remedy is
simple: Just type `I\&' now. But if some right brace
up above has ended a previous alignment prematurely,
you're probably due for more error messages, and you
might try typing `S' now just to see what is salvageable.

Missing character: There is no 0 in font nullfont!
Missing character: There is no . in font nullfont!
Missing character: There is no 8 in font nullfont!
Missing character: There is no 2 in font nullfont!
./indices_ppp_spillover_table_markup.tex:12: Misplaced alignment tab character &.
l.12 ...89$^{*}$&    -7.31&-12.21$^{*}$&     0.82&
                                                       0.88&    -9.47&    -4...
I can't figure out why you would want to use a tab mark
here. If you just want an ampersand, the remedy is
simple: Just type `I\&' now. But if some right brace
up above has ended a previous alignment prematurely,
you're probably due for more error messages, and you
might try typing `S' now just to see what is salvageable.

Missing character: There is no 0 in font nullfont!
Missing character: There is no . in font nullfont!
Missing character: There is no 8 in font nullfont!
Missing character: There is no 8 in font nullfont!
./indices_ppp_spillover_table_markup.tex:12: Misplaced alignment tab character &.
l.12 ...   -7.31&-12.21$^{*}$&     0.82&     0.88&
                                                      -9.47&    -4.08&    -8...
I can't figure out why you would want to use a tab mark
here. If you just want an ampersand, the remedy is
simple: Just type `I\&' now. But if some right brace
up above has ended a previous alignment prematurely,
you're probably due for more error messages, and you
might try typing `S' now just to see what is salvageable.

Missing character: There is no - in font nullfont!
Missing character: There is no 9 in font nullfont!
Missing character: There is no . in font nullfont!
Missing character: There is no 4 in font nullfont!
Missing character: There is no 7 in font nullfont!
./indices_ppp_spillover_table_markup.tex:12: Misplaced alignment tab character &.
l.12 ...12.21$^{*}$&     0.82&     0.88&    -9.47&
                                                      -4.08&    -8.93&    -5...
I can't figure out why you would want to use a tab mark
here. If you just want an ampersand, the remedy is
simple: Just type `I\&' now. But if some right brace
up above has ended a previous alignment prematurely,
you're probably due for more error messages, and you
might try typing `S' now just to see what is salvageable.

Missing character: There is no - in font nullfont!
Missing character: There is no 4 in font nullfont!
Missing character: There is no . in font nullfont!
Missing character: There is no 0 in font nullfont!
Missing character: There is no 8 in font nullfont!
./indices_ppp_spillover_table_markup.tex:12: Misplaced alignment tab character &.
l.12 ...$&     0.82&     0.88&    -9.47&    -4.08&
                                                      -8.93&    -5.86\\
I can't figure out why you would want to use a tab mark
here. If you just want an ampersand, the remedy is
simple: Just type `I\&' now. But if some right brace
up above has ended a previous alignment prematurely,
you're probably due for more error messages, and you
might try typing `S' now just to see what is salvageable.

Missing character: There is no - in font nullfont!
Missing character: There is no 8 in font nullfont!
Missing character: There is no . in font nullfont!
Missing character: There is no 9 in font nullfont!
Missing character: There is no 3 in font nullfont!
./indices_ppp_spillover_table_markup.tex:12: Misplaced alignment tab character &.
l.12 ...2&     0.88&    -9.47&    -4.08&    -8.93&
                                                      -5.86\\
I can't figure out why you would want to use a tab mark
here. If you just want an ampersand, the remedy is
simple: Just type `I\&' now. But if some right brace
up above has ended a previous alignment prematurely,
you're probably due for more error messages, and you
might try typing `S' now just to see what is salvageable.

Missing character: There is no - in font nullfont!
Missing character: There is no 5 in font nullfont!
Missing character: There is no . in font nullfont!
Missing character: There is no 8 in font nullfont!
Missing character: There is no 6 in font nullfont!
./indices_ppp_spillover_table_markup.tex:13: Misplaced alignment tab character &.
<recently read> &
                 
l.13           &
                   (7.20)&   (6.50)&   (7.27)&   (6.67)&         &         &...
I can't figure out why you would want to use a tab mark
here. If you just want an ampersand, the remedy is
simple: Just type `I\&' now. But if some right brace
up above has ended a previous alignment prematurely,
you're probably due for more error messages, and you
might try typing `S' now just to see what is salvageable.

Missing character: There is no ( in font nullfont!
Missing character: There is no 7 in font nullfont!
Missing character: There is no . in font nullfont!
Missing character: There is no 2 in font nullfont!
Missing character: There is no 0 in font nullfont!
Missing character: There is no ) in font nullfont!
./indices_ppp_spillover_table_markup.tex:13: Misplaced alignment tab character &.
l.13           &   (7.20)&
                             (6.50)&   (7.27)&   (6.67)&         &         &...
I can't figure out why you would want to use a tab mark
here. If you just want an ampersand, the remedy is
simple: Just type `I\&' now. But if some right brace
up above has ended a previous alignment prematurely,
you're probably due for more error messages, and you
might try typing `S' now just to see what is salvageable.

Missing character: There is no ( in font nullfont!
Missing character: There is no 6 in font nullfont!
Missing character: There is no . in font nullfont!
Missing character: There is no 5 in font nullfont!
Missing character: There is no 0 in font nullfont!
Missing character: There is no ) in font nullfont!
./indices_ppp_spillover_table_markup.tex:13: Misplaced alignment tab character &.
l.13           &   (7.20)&   (6.50)&
                                       (7.27)&   (6.67)&         &         &...
I can't figure out why you would want to use a tab mark
here. If you just want an ampersand, the remedy is
simple: Just type `I\&' now. But if some right brace
up above has ended a previous alignment prematurely,
you're probably due for more error messages, and you
might try typing `S' now just to see what is salvageable.

Missing character: There is no ( in font nullfont!
Missing character: There is no 7 in font nullfont!
Missing character: There is no . in font nullfont!
Missing character: There is no 2 in font nullfont!
Missing character: There is no 7 in font nullfont!
Missing character: There is no ) in font nullfont!
./indices_ppp_spillover_table_markup.tex:13: Misplaced alignment tab character &.
l.13           &   (7.20)&   (6.50)&   (7.27)&
                                                 (6.67)&         &         &...
I can't figure out why you would want to use a tab mark
here. If you just want an ampersand, the remedy is
simple: Just type `I\&' now. But if some right brace
up above has ended a previous alignment prematurely,
you're probably due for more error messages, and you
might try typing `S' now just to see what is salvageable.

Missing character: There is no ( in font nullfont!
Missing character: There is no 6 in font nullfont!
Missing character: There is no . in font nullfont!
Missing character: There is no 6 in font nullfont!
Missing character: There is no 7 in font nullfont!
Missing character: There is no ) in font nullfont!
./indices_ppp_spillover_table_markup.tex:13: Misplaced alignment tab character &.
l.13 ... &   (7.20)&   (6.50)&   (7.27)&   (6.67)&
                                                           &         &   \te...
I can't figure out why you would want to use a tab mark
here. If you just want an ampersand, the remedy is
simple: Just type `I\&' now. But if some right brace
up above has ended a previous alignment prematurely,
you're probably due for more error messages, and you
might try typing `S' now just to see what is salvageable.

./indices_ppp_spillover_table_markup.tex:13: Misplaced alignment tab character &.
l.13 ...)&   (6.50)&   (7.27)&   (6.67)&         &
                                                           &   \textcolor{bl...
I can't figure out why you would want to use a tab mark
here. If you just want an ampersand, the remedy is
simple: Just type `I\&' now. But if some right brace
up above has ended a previous alignment prematurely,
you're probably due for more error messages, and you
might try typing `S' now just to see what is salvageable.

./indices_ppp_spillover_table_markup.tex:13: Misplaced alignment tab character &.
l.13 ...)&   (7.27)&   (6.67)&         &         &
                                                     \textcolor{blue}{(6.08)...
I can't figure out why you would want to use a tab mark
here. If you just want an ampersand, the remedy is
simple: Just type `I\&' now. But if some right brace
up above has ended a previous alignment prematurely,
you're probably due for more error messages, and you
might try typing `S' now just to see what is salvageable.

./indices_ppp_spillover_table_markup.tex:13: Undefined control sequence.
l.13 ...  (6.67)&         &         &   \textcolor
                                                  {blue}{(6.08)}&   \textcol...
The control sequence at the end of the top line
of your error message was never \def'ed. If you have
misspelled it (e.g., `\hobx'), type `I' and the correct
spelling (e.g., `I\hbox'). Otherwise just continue,
and I'll forget about whatever was undefined.

Missing character: There is no b in font nullfont!
Missing character: There is no l in font nullfont!
Missing character: There is no u in font nullfont!
Missing character: There is no e in font nullfont!
Missing character: There is no ( in font nullfont!
Missing character: There is no 6 in font nullfont!
Missing character: There is no . in font nullfont!
Missing character: There is no 0 in font nullfont!
Missing character: There is no 8 in font nullfont!
Missing character: There is no ) in font nullfont!
./indices_ppp_spillover_table_markup.tex:13: Misplaced alignment tab character &.
l.13 ...   &         &   \textcolor{blue}{(6.08)}&
                                                     \textcolor{blue}{(6.32)...
I can't figure out why you would want to use a tab mark
here. If you just want an ampersand, the remedy is
simple: Just type `I\&' now. But if some right brace
up above has ended a previous alignment prematurely,
you're probably due for more error messages, and you
might try typing `S' now just to see what is salvageable.

./indices_ppp_spillover_table_markup.tex:13: Undefined control sequence.
l.13 ...&   \textcolor{blue}{(6.08)}&   \textcolor
                                                  {blue}{(6.32)}&   (5.79)& ...
The control sequence at the end of the top line
of your error message was never \def'ed. If you have
misspelled it (e.g., `\hobx'), type `I' and the correct
spelling (e.g., `I\hbox'). Otherwise just continue,
and I'll forget about whatever was undefined.

Missing character: There is no b in font nullfont!
Missing character: There is no l in font nullfont!
Missing character: There is no u in font nullfont!
Missing character: There is no e in font nullfont!
Missing character: There is no ( in font nullfont!
Missing character: There is no 6 in font nullfont!
Missing character: There is no . in font nullfont!
Missing character: There is no 3 in font nullfont!
Missing character: There is no 2 in font nullfont!
Missing character: There is no ) in font nullfont!
./indices_ppp_spillover_table_markup.tex:13: Misplaced alignment tab character &.
l.13 ...blue}{(6.08)}&   \textcolor{blue}{(6.32)}&
                                                     (5.79)&   (5.83)\\
I can't figure out why you would want to use a tab mark
here. If you just want an ampersand, the remedy is
simple: Just type `I\&' now. But if some right brace
up above has ended a previous alignment prematurely,
you're probably due for more error messages, and you
might try typing `S' now just to see what is salvageable.

Missing character: There is no ( in font nullfont!
Missing character: There is no 5 in font nullfont!
Missing character: There is no . in font nullfont!
Missing character: There is no 7 in font nullfont!
Missing character: There is no 9 in font nullfont!
Missing character: There is no ) in font nullfont!
./indices_ppp_spillover_table_markup.tex:13: Misplaced alignment tab character &.
l.13 ...8)}&   \textcolor{blue}{(6.32)}&   (5.79)&
                                                     (5.83)\\
I can't figure out why you would want to use a tab mark
here. If you just want an ampersand, the remedy is
simple: Just type `I\&' now. But if some right brace
up above has ended a previous alignment prematurely,
you're probably due for more error messages, and you
might try typing `S' now just to see what is salvageable.

Missing character: There is no ( in font nullfont!
Missing character: There is no 5 in font nullfont!
Missing character: There is no . in font nullfont!
Missing character: There is no 8 in font nullfont!
Missing character: There is no 3 in font nullfont!
Missing character: There is no ) in font nullfont!
Missing character: There is no T in font nullfont!
Missing character: There is no o in font nullfont!
Missing character: There is no t in font nullfont!
Missing character: There is no a in font nullfont!
Missing character: There is no l in font nullfont!
Missing character: There is no r in font nullfont!
Missing character: There is no e in font nullfont!
Missing character: There is no v in font nullfont!
Missing character: There is no e in font nullfont!
Missing character: There is no n in font nullfont!
Missing character: There is no u in font nullfont!
Missing character: There is no e in font nullfont!
Missing character: There is no , in font nullfont!
Missing character: There is no m in font nullfont!
Missing character: There is no o in font nullfont!
Missing character: There is no n in font nullfont!
Missing character: There is no t in font nullfont!
Missing character: There is no h in font nullfont!
Missing character: There is no l in font nullfont!
Missing character: There is no y in font nullfont!
Missing character: There is no ( in font nullfont!
Missing character: There is no U in font nullfont!
Missing character: There is no S in font nullfont!
Missing character: There is no D in font nullfont!
Missing character: There is no ) in font nullfont!
./indices_ppp_spillover_table_markup.tex:14: Misplaced alignment tab character &.
l.14 Total revenue, monthly (USD)&
                                      -3.68&    -3.64&    -5.23&    -5.78&  ...
I can't figure out why you would want to use a tab mark
here. If you just want an ampersand, the remedy is
simple: Just type `I\&' now. But if some right brace
up above has ended a previous alignment prematurely,
you're probably due for more error messages, and you
might try typing `S' now just to see what is salvageable.

Missing character: There is no - in font nullfont!
Missing character: There is no 3 in font nullfont!
Missing character: There is no . in font nullfont!
Missing character: There is no 6 in font nullfont!
Missing character: There is no 8 in font nullfont!
./indices_ppp_spillover_table_markup.tex:14: Misplaced alignment tab character &.
l.14 Total revenue, monthly (USD)&    -3.68&
                                                -3.64&    -5.23&    -5.78&  ...
I can't figure out why you would want to use a tab mark
here. If you just want an ampersand, the remedy is
simple: Just type `I\&' now. But if some right brace
up above has ended a previous alignment prematurely,
you're probably due for more error messages, and you
might try typing `S' now just to see what is salvageable.

Missing character: There is no - in font nullfont!
Missing character: There is no 3 in font nullfont!
Missing character: There is no . in font nullfont!
Missing character: There is no 6 in font nullfont!
Missing character: There is no 4 in font nullfont!
./indices_ppp_spillover_table_markup.tex:14: Misplaced alignment tab character &.
l.14 ...evenue, monthly (USD)&    -3.68&    -3.64&
                                                      -5.23&    -5.78&     0...
I can't figure out why you would want to use a tab mark
here. If you just want an ampersand, the remedy is
simple: Just type `I\&' now. But if some right brace
up above has ended a previous alignment prematurely,
you're probably due for more error messages, and you
might try typing `S' now just to see what is salvageable.

Missing character: There is no - in font nullfont!
Missing character: There is no 5 in font nullfont!
Missing character: There is no . in font nullfont!
Missing character: There is no 2 in font nullfont!
Missing character: There is no 3 in font nullfont!
./indices_ppp_spillover_table_markup.tex:14: Misplaced alignment tab character &.
l.14 ...nthly (USD)&    -3.68&    -3.64&    -5.23&
                                                      -5.78&     0.56&     0...
I can't figure out why you would want to use a tab mark
here. If you just want an ampersand, the remedy is
simple: Just type `I\&' now. But if some right brace
up above has ended a previous alignment prematurely,
you're probably due for more error messages, and you
might try typing `S' now just to see what is salvageable.

Missing character: There is no - in font nullfont!
Missing character: There is no 5 in font nullfont!
Missing character: There is no . in font nullfont!
Missing character: There is no 7 in font nullfont!
Missing character: There is no 8 in font nullfont!
./indices_ppp_spillover_table_markup.tex:14: Misplaced alignment tab character &.
l.14 ...)&    -3.68&    -3.64&    -5.23&    -5.78&
                                                       0.56&     0.45&    -4...
I can't figure out why you would want to use a tab mark
here. If you just want an ampersand, the remedy is
simple: Just type `I\&' now. But if some right brace
up above has ended a previous alignment prematurely,
you're probably due for more error messages, and you
might try typing `S' now just to see what is salvageable.

Missing character: There is no 0 in font nullfont!
Missing character: There is no . in font nullfont!
Missing character: There is no 5 in font nullfont!
Missing character: There is no 6 in font nullfont!
./indices_ppp_spillover_table_markup.tex:14: Misplaced alignment tab character &.
l.14 ...8&    -3.64&    -5.23&    -5.78&     0.56&
                                                       0.45&    -4.29&     2...
(That makes 100 errors; please try again.) 
Here is how much of TeX's memory you used:
 12 strings out of 493027
 299 string characters out of 6134068
 54546 words of memory out of 5000000
 3654 multiletter control sequences out of 15000+600000
 3640 words of font info for 14 fonts, out of 8000000 for 9000
 1141 hyphenation exceptions out of 8191
 19i,7n,16p,547b,125s stack positions out of 5000i,500n,10000p,200000b,80000s

./indices_ppp_spillover_table_markup.tex:14:  ==> Fatal error occurred, no output PDF file produced!
