
  ___  ____  ____  ____  ____ ®
 /__    /   ____/   /   ____/      18.0
___/   /   /___/   /   /___/       MP—Parallel Edition

 Statistics and Data Science       Copyright 1985-2023 StataCorp LLC
                                   StataCorp
                                   4905 Lakeway Drive
                                   College Station, Texas 77845 USA
                                   800-STATA-PC        https://www.stata.com
                                   979-696-4600        stata@stata.com

Stata license: Single-user 2-core  perpetual
Serial number: 501806366048
  Licensed to: Bryce Wang
               None

Notes:
      1. Stata is running in batch mode.
      2. Unicode is supported; see help unicode_advice.
      3. More than 2 billion observations are allowed; see help obs_advice.
      4. Maximum number of variables is set to 5,000 but can be increased;
          see help set_maxvar.

. do Program/run_original.do 

. *****************************************************************************
> **
. * run_original.do — wrapper for He, Wang & Zhang (2020, QJE) replication pack
> age
. *   Harvard Dataverse doi:10.7910/DVN/LVS8VX
. *
. * Usage (from the project root):
. *   /Applications/Stata/StataMP.app/Contents/MacOS/stata-mp -b do Program/run
> _original.do
. *
. * The author's do-files expect three globals: $data, $result, $figure.
. * Each exhibit ships its own data folder, so $data is re-pointed before each 
> step.
. * Author do-files call `clear all`, which drops programs, timers and file han
> dles,
. * so this wrapper only uses globals (which survive `clear all`) for bookkeepi
> ng.
. *****************************************************************************
> **
. clear all

. set more off

. version 18

. 
. * ---- project root: current working directory ------------------------------
> -
. global root "`c(pwd)'"

. cap confirm file "$root/Program/run_original.do"

. if _rc {
.     di as error "Run this wrapper from the project root (folder containing Pr
> ogram/ and Data/)."
.     exit 601
. }

. 
. global pkg    "$root/Data/Replication Materials"

. global result "$root/Results/Tables"

. global figure "$root/Results/Figures"

. cap mkdir "$root/Results"

. cap mkdir "$result"

. cap mkdir "$figure"

. 
. * ---- user-written packages ------------------------------------------------
> ---
. * rdrobust/rdplot (SSC, tested with v10.0.0), outreg2, winsor2 (SSC),
. * blindschemes (SSC; plotplainblind scheme). mdrd (Ribas) is no longer online
> ;
. * an archived copy (Wayback Machine, 2020 capture) lives in Program/ado.
. adopath ++ "$root/Program/ado"
  [1]              "/Users/brycewang/Documents/GitHub/top5-Econ-Paper-Replicati
> ons/QJE2020-Watering-Down-Environmental-Regulation/Program/ado"
  [2]  (BASE)      "/Applications/Stata/ado/base/"
  [3]  (SITE)      "/Applications/Stata/ado/site/"
  [4]              "."
  [5]  (PERSONAL)  "/Users/brycewang/Documents/Stata/ado/personal/"
  [6]  (PLUS)      "/Users/brycewang/Library/Application Support/Stata/ado/plus
> /"
  [7]  (OLDPLACE)  "~/ado/"

. foreach p in rdrobust outreg2 winsor2 {
  2.     cap which `p'
  3.     if _rc ssc install `p', replace
  4. }

. cap findfile scheme-plotplainblind.scheme

. if _rc ssc install blindschemes, replace

. 
. * ---- step log -------------------------------------------------------------
> ---
. global steplog "$root/Results/run_original_steps.csv"

. cap erase "$steplog"

. file open _sl using "$steplog", write text replace
(file
    /Users/brycewang/Documents/GitHub/top5-Econ-Paper-Replications/QJE2020-Wa
    > tering-Down-Environmental-Regulation/Results/run_original_steps.csv not
    found)

. file write _sl "step,dofile,rc,seconds" _n

. file close _sl

. 
. global t_all = clock("`c(current_date)' `c(current_time)'", "DMYhms")

. 
. *============================================================================
> ==
. * Each block: point $data to the exhibit folder, run the author's do-file,
. * record rc and wall-clock seconds.
. *============================================================================
> ==
. 
. * ---- Table I: baseline RD -------------------------------------------------
> -----
. global step "T1_Baseline"

. global dof  "T1_Baseline/1_Baseline_replication.do"

. global data "$pkg/$step"

. global t0 = clock("`c(current_date)' `c(current_time)'", "DMYhms")

. cap noi do "$root/Program/$dof"

. 
. * set directories 
. clear all

. set maxvar  30000


. set matsize 11000 
set matsize ignored.
    Matrix sizes are no longer limited by c(matsize) in modern Statas.
    Matrix sizes are now limited by edition of Stata.  See limits for more
    details.

. set more off

. cap log close

. 
. 
. ***** Tabble 1. Baseline Results *****
. 
. use "$data/tfp_small_QJE_final.dta",clear

. 
. * Authomatic bandwidth models: 
. local kernelfn "tri epa uni"   

. 
. 
. cap erase $result/T2_localRD.txt 

. cap erase $result/T2_localRD.xml 

. 
. 
. foreach y of var tfpop_s resid1_tfpop_s resid2_tfpop_s{ 
  2.         foreach kvar of local kernelfn { 
  3.                 
.                 rdrobust `y' distance_new if neg_ind0==1,masspoints(off) kern
> el(`kvar') all vce(cluster site_id)        
  4.                 outreg2 using $result/T2_localRD, excel addtext(Kernel Typ
> e, `e(kernel)') addstat(bandwidth, e(h_l)) ctitle(`y'_p) dec(2) append 
  5.         }
  6. }

Sharp RD estimates using local polynomial regression.

      Cutoff c = 0 | Left of c  Right of c            Number of obs =       622
> 4
-------------------+----------------------            BW type       =      mser
> d
     Number of obs |      3583        2641            Kernel        = Triangula
> r
Eff. Number of obs |       763         379            VCE method    =    Cluste
> r
    Order est. (p) |         1           1
    Order bias (q) |         2           2
       BW est. (h) |     4.203       4.203
       BW bias (b) |     6.294       6.294
         rho (h/b) |     0.668       0.668
Number of clusters |        88          62

Outcome: tfpop_s. Running variable: distance_new.
-------------------------------------------------------------------------------
> -
            Method |   Coef.    Std. Err.    z     P>|z|    [95% Conf. Interval
> ]
-------------------+-----------------------------------------------------------
> -
      Conventional |  .34286     .57408   0.5972   0.550    -.78231      1.4680
> 3
    Bias-corrected |  .47404     .57408   0.8257   0.409    -.65113      1.5992
> 1
            Robust |  .47404     .70245   0.6748   0.500   -.902741      1.8508
> 2
-------------------------------------------------------------------------------
> -
Std. Err. adjusted for clusters in site_id
/Users/brycewang/Documents/GitHub/top5-Econ-Paper-Replications/QJE2020-Watering
> -Down-Environmental-Regulation/Results/Tables/T2_localRD.xml
dir : seeout

Sharp RD estimates using local polynomial regression.

      Cutoff c = 0 | Left of c  Right of c            Number of obs =       622
> 4
-------------------+----------------------            BW type       =      mser
> d
     Number of obs |      3583        2641            Kernel        = Epanechni
> kov
Eff. Number of obs |       738         364            VCE method    =    Cluste
> r
    Order est. (p) |         1           1
    Order bias (q) |         2           2
       BW est. (h) |     3.889       3.889
       BW bias (b) |     6.309       6.309
         rho (h/b) |     0.616       0.616
Number of clusters |        88          62

Outcome: tfpop_s. Running variable: distance_new.
-------------------------------------------------------------------------------
> -
            Method |   Coef.    Std. Err.    z     P>|z|    [95% Conf. Interval
> ]
-------------------+-----------------------------------------------------------
> -
      Conventional |  .36819     .59355   0.6203   0.535   -.795141      1.5315
> 3
    Bias-corrected |  .54332     .59355   0.9154   0.360   -.620017      1.7066
> 5
            Robust |  .54332     .73441   0.7398   0.459   -.896097      1.9827
> 3
-------------------------------------------------------------------------------
> -
Std. Err. adjusted for clusters in site_id
/Users/brycewang/Documents/GitHub/top5-Econ-Paper-Replications/QJE2020-Watering
> -Down-Environmental-Regulation/Results/Tables/T2_localRD.xml
dir : seeout

Sharp RD estimates using local polynomial regression.

      Cutoff c = 0 | Left of c  Right of c            Number of obs =       622
> 4
-------------------+----------------------            BW type       =      mser
> d
     Number of obs |      3583        2641            Kernel        =    Unifor
> m
Eff. Number of obs |       647         339            VCE method    =    Cluste
> r
    Order est. (p) |         1           1
    Order bias (q) |         2           2
       BW est. (h) |     3.622       3.622
       BW bias (b) |     6.684       6.684
         rho (h/b) |     0.542       0.542
Number of clusters |        90          67

Outcome: tfpop_s. Running variable: distance_new.
-------------------------------------------------------------------------------
> -
            Method |   Coef.    Std. Err.    z     P>|z|    [95% Conf. Interval
> ]
-------------------+-----------------------------------------------------------
> -
      Conventional |  .32197     .56097   0.5740   0.566   -.777504      1.4214
> 4
    Bias-corrected |  .43644     .56097   0.7780   0.437    -.66303      1.5359
> 1
            Robust |  .43644     .63665   0.6855   0.493   -.811378      1.6842
> 6
-------------------------------------------------------------------------------
> -
Std. Err. adjusted for clusters in site_id
/Users/brycewang/Documents/GitHub/top5-Econ-Paper-Replications/QJE2020-Watering
> -Down-Environmental-Regulation/Results/Tables/T2_localRD.xml
dir : seeout

Sharp RD estimates using local polynomial regression.

      Cutoff c = 0 | Left of c  Right of c            Number of obs =       589
> 0
-------------------+----------------------            BW type       =      mser
> d
     Number of obs |      3396        2494            Kernel        = Triangula
> r
Eff. Number of obs |      1035         615            VCE method    =    Cluste
> r
    Order est. (p) |         1           1
    Order bias (q) |         2           2
       BW est. (h) |     5.723       5.723
       BW bias (b) |     8.006       8.006
         rho (h/b) |     0.715       0.715
Number of clusters |       102          83

Outcome: resid1_tfpop_s. Running variable: distance_new.
-------------------------------------------------------------------------------
> -
            Method |   Coef.    Std. Err.    z     P>|z|    [95% Conf. Interval
> ]
-------------------+-----------------------------------------------------------
> -
      Conventional |  .36451     .16697   2.1831   0.029    .037262      .69176
> 6
    Bias-corrected |  .36083     .16697   2.1611   0.031    .033583      .68808
> 7
            Robust |  .36083     .19845   1.8183   0.069   -.028118      .74978
> 7
-------------------------------------------------------------------------------
> -
Std. Err. adjusted for clusters in site_id
/Users/brycewang/Documents/GitHub/top5-Econ-Paper-Replications/QJE2020-Watering
> -Down-Environmental-Regulation/Results/Tables/T2_localRD.xml
dir : seeout

Sharp RD estimates using local polynomial regression.

      Cutoff c = 0 | Left of c  Right of c            Number of obs =       589
> 0
-------------------+----------------------            BW type       =      mser
> d
     Number of obs |      3396        2494            Kernel        = Epanechni
> kov
Eff. Number of obs |       998         492            VCE method    =    Cluste
> r
    Order est. (p) |         1           1
    Order bias (q) |         2           2
       BW est. (h) |     5.523       5.523
       BW bias (b) |     7.940       7.940
         rho (h/b) |     0.696       0.696
Number of clusters |       101          82

Outcome: resid1_tfpop_s. Running variable: distance_new.
-------------------------------------------------------------------------------
> -
            Method |   Coef.    Std. Err.    z     P>|z|    [95% Conf. Interval
> ]
-------------------+-----------------------------------------------------------
> -
      Conventional |    .385     .16649   2.3125   0.021    .058687      .71131
> 1
    Bias-corrected |  .38989     .16649   2.3419   0.019     .06358      .71620
> 4
            Robust |  .38989     .20011   1.9484   0.051    -.00231      .78209
> 4
-------------------------------------------------------------------------------
> -
Std. Err. adjusted for clusters in site_id
/Users/brycewang/Documents/GitHub/top5-Econ-Paper-Replications/QJE2020-Watering
> -Down-Environmental-Regulation/Results/Tables/T2_localRD.xml
dir : seeout

Sharp RD estimates using local polynomial regression.

      Cutoff c = 0 | Left of c  Right of c            Number of obs =       589
> 0
-------------------+----------------------            BW type       =      mser
> d
     Number of obs |      3396        2494            Kernel        =    Unifor
> m
Eff. Number of obs |       922         464            VCE method    =    Cluste
> r
    Order est. (p) |         1           1
    Order bias (q) |         2           2
       BW est. (h) |     5.144       5.144
       BW bias (b) |     7.677       7.677
         rho (h/b) |     0.670       0.670
Number of clusters |       101          79

Outcome: resid1_tfpop_s. Running variable: distance_new.
-------------------------------------------------------------------------------
> -
            Method |   Coef.    Std. Err.    z     P>|z|    [95% Conf. Interval
> ]
-------------------+-----------------------------------------------------------
> -
      Conventional |  .33724     .15461   2.1813   0.029    .034216       .6402
> 6
    Bias-corrected |   .3366     .15461   2.1771   0.029    .033575      .63961
> 9
            Robust |   .3366     .19101   1.7622   0.078   -.037769      .71096
> 4
-------------------------------------------------------------------------------
> -
Std. Err. adjusted for clusters in site_id
/Users/brycewang/Documents/GitHub/top5-Econ-Paper-Replications/QJE2020-Watering
> -Down-Environmental-Regulation/Results/Tables/T2_localRD.xml
dir : seeout

Sharp RD estimates using local polynomial regression.

      Cutoff c = 0 | Left of c  Right of c            Number of obs =       583
> 6
-------------------+----------------------            BW type       =      mser
> d
     Number of obs |      3353        2483            Kernel        = Triangula
> r
Eff. Number of obs |       763         352            VCE method    =    Cluste
> r
    Order est. (p) |         1           1
    Order bias (q) |         2           2
       BW est. (h) |     4.496       4.496
       BW bias (b) |     6.300       6.300
         rho (h/b) |     0.714       0.714
Number of clusters |        76          58

Outcome: resid2_tfpop_s. Running variable: distance_new.
-------------------------------------------------------------------------------
> -
            Method |   Coef.    Std. Err.    z     P>|z|    [95% Conf. Interval
> ]
-------------------+-----------------------------------------------------------
> -
      Conventional |   .2746     .14761   1.8603   0.063   -.014714      .56391
> 9
    Bias-corrected |  .24724     .14761   1.6749   0.094   -.042078      .53655
> 6
            Robust |  .24724     .17483   1.4141   0.157   -.095427      .58990
> 5
-------------------------------------------------------------------------------
> -
Std. Err. adjusted for clusters in site_id
/Users/brycewang/Documents/GitHub/top5-Econ-Paper-Replications/QJE2020-Watering
> -Down-Environmental-Regulation/Results/Tables/T2_localRD.xml
dir : seeout

Sharp RD estimates using local polynomial regression.

      Cutoff c = 0 | Left of c  Right of c            Number of obs =       583
> 6
-------------------+----------------------            BW type       =      mser
> d
     Number of obs |      3353        2483            Kernel        = Epanechni
> kov
Eff. Number of obs |       728         351            VCE method    =    Cluste
> r
    Order est. (p) |         1           1
    Order bias (q) |         2           2
       BW est. (h) |     4.333       4.333
       BW bias (b) |     6.285       6.285
         rho (h/b) |     0.689       0.689
Number of clusters |        76          58

Outcome: resid2_tfpop_s. Running variable: distance_new.
-------------------------------------------------------------------------------
> -
            Method |   Coef.    Std. Err.    z     P>|z|    [95% Conf. Interval
> ]
-------------------+-----------------------------------------------------------
> -
      Conventional |  .29432     .14546   2.0234   0.043    .009224      .57942
> 3
    Bias-corrected |  .27316     .14546   1.8779   0.060   -.011935      .55826
> 4
            Robust |  .27316      .1772   1.5416   0.123    -.07414       .6204
> 7
-------------------------------------------------------------------------------
> -
Std. Err. adjusted for clusters in site_id
/Users/brycewang/Documents/GitHub/top5-Econ-Paper-Replications/QJE2020-Watering
> -Down-Environmental-Regulation/Results/Tables/T2_localRD.xml
dir : seeout

Sharp RD estimates using local polynomial regression.

      Cutoff c = 0 | Left of c  Right of c            Number of obs =       583
> 6
-------------------+----------------------            BW type       =      mser
> d
     Number of obs |      3353        2483            Kernel        =    Unifor
> m
Eff. Number of obs |       818         354            VCE method    =    Cluste
> r
    Order est. (p) |         1           1
    Order bias (q) |         2           2
       BW est. (h) |     4.689       4.689
       BW bias (b) |     7.070       7.070
         rho (h/b) |     0.663       0.663
Number of clusters |        82          67

Outcome: resid2_tfpop_s. Running variable: distance_new.
-------------------------------------------------------------------------------
> -
            Method |   Coef.    Std. Err.    z     P>|z|    [95% Conf. Interval
> ]
-------------------+-----------------------------------------------------------
> -
      Conventional |  .28996     .13669   2.1212   0.034    .022046      .55787
> 8
    Bias-corrected |  .29144     .13669   2.1320   0.033    .023521      .55935
> 3
            Robust |  .29144     .16431   1.7737   0.076   -.030608      .61348
> 1
-------------------------------------------------------------------------------
> -
Std. Err. adjusted for clusters in site_id
/Users/brycewang/Documents/GitHub/top5-Econ-Paper-Replications/QJE2020-Watering
> -Down-Environmental-Regulation/Results/Tables/T2_localRD.xml
dir : seeout

. 
. 
. 
. local kernelfn "tri epa uni" 

. foreach y of var tfpop_s resid1_tfpop_s resid2_tfpop_s {
  2.         
.         foreach kvar of local kernelfn { 
  3.                 
.                 rdrobust `y' distance_new if neg_ind0==0,masspoints(off) kern
> el(`kvar') all vce(cluster site_id)        
  4.                 outreg2 using $result/T2_localRD, excel addtext(Kernel Typ
> e, `e(kernel)') addstat(bandwidth, e(h_l)) ctitle(`y'_np) dec(2) append 
  5.         }
  6. }

Sharp RD estimates using local polynomial regression.

      Cutoff c = 0 | Left of c  Right of c            Number of obs =      1150
> 2
-------------------+----------------------            BW type       =      mser
> d
     Number of obs |      6346        5156            Kernel        = Triangula
> r
Eff. Number of obs |      2347        1613            VCE method    =    Cluste
> r
    Order est. (p) |         1           1
    Order bias (q) |         2           2
       BW est. (h) |     5.887       5.887
       BW bias (b) |     8.936       8.936
         rho (h/b) |     0.659       0.659
Number of clusters |       121          95

Outcome: tfpop_s. Running variable: distance_new.
-------------------------------------------------------------------------------
> -
            Method |   Coef.    Std. Err.    z     P>|z|    [95% Conf. Interval
> ]
-------------------+-----------------------------------------------------------
> -
      Conventional | -.02831     .15374   -0.1841  0.854   -.329627      .27301
> 5
    Bias-corrected |  .00196     .15374   0.0127   0.990   -.299364      .30327
> 8
            Robust |  .00196     .18279   0.0107   0.991   -.356314      .36022
> 7
-------------------------------------------------------------------------------
> -
Std. Err. adjusted for clusters in site_id
/Users/brycewang/Documents/GitHub/top5-Econ-Paper-Replications/QJE2020-Watering
> -Down-Environmental-Regulation/Results/Tables/T2_localRD.xml
dir : seeout

Sharp RD estimates using local polynomial regression.

      Cutoff c = 0 | Left of c  Right of c            Number of obs =      1150
> 2
-------------------+----------------------            BW type       =      mser
> d
     Number of obs |      6346        5156            Kernel        = Epanechni
> kov
Eff. Number of obs |      2020        1135            VCE method    =    Cluste
> r
    Order est. (p) |         1           1
    Order bias (q) |         2           2
       BW est. (h) |     5.168       5.168
       BW bias (b) |     8.408       8.408
         rho (h/b) |     0.615       0.615
Number of clusters |       117          89

Outcome: tfpop_s. Running variable: distance_new.
-------------------------------------------------------------------------------
> -
            Method |   Coef.    Std. Err.    z     P>|z|    [95% Conf. Interval
> ]
-------------------+-----------------------------------------------------------
> -
      Conventional |  .03747     .17674   0.2120   0.832   -.308922      .38386
> 9
    Bias-corrected |  .07913     .17674   0.4477   0.654   -.267266      .42552
> 5
            Robust |  .07913     .19661   0.4025   0.687   -.306214      .46447
> 4
-------------------------------------------------------------------------------
> -
Std. Err. adjusted for clusters in site_id
/Users/brycewang/Documents/GitHub/top5-Econ-Paper-Replications/QJE2020-Watering
> -Down-Environmental-Regulation/Results/Tables/T2_localRD.xml
dir : seeout

Sharp RD estimates using local polynomial regression.

      Cutoff c = 0 | Left of c  Right of c            Number of obs =      1150
> 2
-------------------+----------------------            BW type       =      mser
> d
     Number of obs |      6346        5156            Kernel        =    Unifor
> m
Eff. Number of obs |      1734         957            VCE method    =    Cluste
> r
    Order est. (p) |         1           1
    Order bias (q) |         2           2
       BW est. (h) |     4.522       4.522
       BW bias (b) |     8.069       8.069
         rho (h/b) |     0.560       0.560
Number of clusters |       110          88

Outcome: tfpop_s. Running variable: distance_new.
-------------------------------------------------------------------------------
> -
            Method |   Coef.    Std. Err.    z     P>|z|    [95% Conf. Interval
> ]
-------------------+-----------------------------------------------------------
> -
      Conventional |  .00929     .18194   0.0511   0.959   -.347309      .36589
> 9
    Bias-corrected | -.00045     .18194   -0.0025  0.998   -.357054      .35615
> 5
            Robust | -.00045      .1858   -0.0024  0.998   -.364603      .36370
> 4
-------------------------------------------------------------------------------
> -
Std. Err. adjusted for clusters in site_id
/Users/brycewang/Documents/GitHub/top5-Econ-Paper-Replications/QJE2020-Watering
> -Down-Environmental-Regulation/Results/Tables/T2_localRD.xml
dir : seeout

Sharp RD estimates using local polynomial regression.

      Cutoff c = 0 | Left of c  Right of c            Number of obs =      1153
> 6
-------------------+----------------------            BW type       =      mser
> d
     Number of obs |      6369        5167            Kernel        = Triangula
> r
Eff. Number of obs |      2358        1619            VCE method    =    Cluste
> r
    Order est. (p) |         1           1
    Order bias (q) |         2           2
       BW est. (h) |     5.890       5.890
       BW bias (b) |     9.134       9.134
         rho (h/b) |     0.645       0.645
Number of clusters |       122          97

Outcome: resid1_tfpop_s. Running variable: distance_new.
-------------------------------------------------------------------------------
> -
            Method |   Coef.    Std. Err.    z     P>|z|    [95% Conf. Interval
> ]
-------------------+-----------------------------------------------------------
> -
      Conventional |  .03351     .08709   0.3848   0.700   -.137189      .20421
> 6
    Bias-corrected |  .02406     .08709   0.2763   0.782   -.146642      .19476
> 3
            Robust |  .02406     .10944   0.2199   0.826   -.190431      .23855
> 1
-------------------------------------------------------------------------------
> -
Std. Err. adjusted for clusters in site_id
/Users/brycewang/Documents/GitHub/top5-Econ-Paper-Replications/QJE2020-Watering
> -Down-Environmental-Regulation/Results/Tables/T2_localRD.xml
dir : seeout

Sharp RD estimates using local polynomial regression.

      Cutoff c = 0 | Left of c  Right of c            Number of obs =      1153
> 6
-------------------+----------------------            BW type       =      mser
> d
     Number of obs |      6369        5167            Kernel        = Epanechni
> kov
Eff. Number of obs |      2250        1263            VCE method    =    Cluste
> r
    Order est. (p) |         1           1
    Order bias (q) |         2           2
       BW est. (h) |     5.479       5.479
       BW bias (b) |     9.205       9.205
         rho (h/b) |     0.595       0.595
Number of clusters |       122          98

Outcome: resid1_tfpop_s. Running variable: distance_new.
-------------------------------------------------------------------------------
> -
            Method |   Coef.    Std. Err.    z     P>|z|    [95% Conf. Interval
> ]
-------------------+-----------------------------------------------------------
> -
      Conventional |  .03656     .09281   0.3940   0.694   -.145344      .21847
> 1
    Bias-corrected |  .01825     .09281   0.1966   0.844   -.163659      .20015
> 7
            Robust |  .01825     .11344   0.1609   0.872   -.204096      .24059
> 4
-------------------------------------------------------------------------------
> -
Std. Err. adjusted for clusters in site_id
/Users/brycewang/Documents/GitHub/top5-Econ-Paper-Replications/QJE2020-Watering
> -Down-Environmental-Regulation/Results/Tables/T2_localRD.xml
dir : seeout

Sharp RD estimates using local polynomial regression.

      Cutoff c = 0 | Left of c  Right of c            Number of obs =      1153
> 6
-------------------+----------------------            BW type       =      mser
> d
     Number of obs |      6369        5167            Kernel        =    Unifor
> m
Eff. Number of obs |      2678        1681            VCE method    =    Cluste
> r
    Order est. (p) |         1           1
    Order bias (q) |         2           2
       BW est. (h) |     6.091       6.091
       BW bias (b) |     9.922       9.922
         rho (h/b) |     0.614       0.614
Number of clusters |       125         100

Outcome: resid1_tfpop_s. Running variable: distance_new.
-------------------------------------------------------------------------------
> -
            Method |   Coef.    Std. Err.    z     P>|z|    [95% Conf. Interval
> ]
-------------------+-----------------------------------------------------------
> -
      Conventional | -.02441     .08955   -0.2725  0.785    -.19993      .15111
> 8
    Bias-corrected | -.04653     .08955   -0.5196  0.603   -.222056      .12899
> 3
            Robust | -.04653     .11529   -0.4036  0.687   -.272494      .17943
> 1
-------------------------------------------------------------------------------
> -
Std. Err. adjusted for clusters in site_id
/Users/brycewang/Documents/GitHub/top5-Econ-Paper-Replications/QJE2020-Watering
> -Down-Environmental-Regulation/Results/Tables/T2_localRD.xml
dir : seeout

Sharp RD estimates using local polynomial regression.

      Cutoff c = 0 | Left of c  Right of c            Number of obs =      1100
> 2
-------------------+----------------------            BW type       =      mser
> d
     Number of obs |      6044        4958            Kernel        = Triangula
> r
Eff. Number of obs |      2243        1228            VCE method    =    Cluste
> r
    Order est. (p) |         1           1
    Order bias (q) |         2           2
       BW est. (h) |     5.692       5.692
       BW bias (b) |     8.916       8.916
         rho (h/b) |     0.638       0.638
Number of clusters |       114          89

Outcome: resid2_tfpop_s. Running variable: distance_new.
-------------------------------------------------------------------------------
> -
            Method |   Coef.    Std. Err.    z     P>|z|    [95% Conf. Interval
> ]
-------------------+-----------------------------------------------------------
> -
      Conventional |  .02185     .06145   0.3556   0.722   -.098593      .14229
> 2
    Bias-corrected |  .01235     .06145   0.2010   0.841   -.108091      .13279
> 4
            Robust |  .01235     .07579   0.1630   0.871   -.136192      .16089
> 5
-------------------------------------------------------------------------------
> -
Std. Err. adjusted for clusters in site_id
/Users/brycewang/Documents/GitHub/top5-Econ-Paper-Replications/QJE2020-Watering
> -Down-Environmental-Regulation/Results/Tables/T2_localRD.xml
dir : seeout

Sharp RD estimates using local polynomial regression.

      Cutoff c = 0 | Left of c  Right of c            Number of obs =      1100
> 2
-------------------+----------------------            BW type       =      mser
> d
     Number of obs |      6044        4958            Kernel        = Epanechni
> kov
Eff. Number of obs |      2048        1091            VCE method    =    Cluste
> r
    Order est. (p) |         1           1
    Order bias (q) |         2           2
       BW est. (h) |     5.204       5.204
       BW bias (b) |     8.850       8.850
         rho (h/b) |     0.588       0.588
Number of clusters |       112          88

Outcome: resid2_tfpop_s. Running variable: distance_new.
-------------------------------------------------------------------------------
> -
            Method |   Coef.    Std. Err.    z     P>|z|    [95% Conf. Interval
> ]
-------------------+-----------------------------------------------------------
> -
      Conventional |  .03882     .06498   0.5974   0.550   -.088534      .16617
> 4
    Bias-corrected |  .02335     .06498   0.3593   0.719   -.104008      .15069
> 9
            Robust |  .02335     .07764   0.3007   0.764   -.128823      .17551
> 5
-------------------------------------------------------------------------------
> -
Std. Err. adjusted for clusters in site_id
/Users/brycewang/Documents/GitHub/top5-Econ-Paper-Replications/QJE2020-Watering
> -Down-Environmental-Regulation/Results/Tables/T2_localRD.xml
dir : seeout

Sharp RD estimates using local polynomial regression.

      Cutoff c = 0 | Left of c  Right of c            Number of obs =      1100
> 2
-------------------+----------------------            BW type       =      mser
> d
     Number of obs |      6044        4958            Kernel        =    Unifor
> m
Eff. Number of obs |      1653         912            VCE method    =    Cluste
> r
    Order est. (p) |         1           1
    Order bias (q) |         2           2
       BW est. (h) |     4.430       4.430
       BW bias (b) |     8.217       8.217
         rho (h/b) |     0.539       0.539
Number of clusters |       105          82

Outcome: resid2_tfpop_s. Running variable: distance_new.
-------------------------------------------------------------------------------
> -
            Method |   Coef.    Std. Err.    z     P>|z|    [95% Conf. Interval
> ]
-------------------+-----------------------------------------------------------
> -
      Conventional |  .03494     .06935   0.5039   0.614   -.100981      .17086
> 9
    Bias-corrected |  .00493     .06935   0.0710   0.943      -.131       .1408
> 5
            Robust |  .00493     .08026   0.0614   0.951   -.152385      .16223
> 5
-------------------------------------------------------------------------------
> -
Std. Err. adjusted for clusters in site_id
/Users/brycewang/Documents/GitHub/top5-Econ-Paper-Replications/QJE2020-Watering
> -Down-Environmental-Regulation/Results/Tables/T2_localRD.xml
dir : seeout

. 
. 
. ****** Insert Table *****
. 
. xmluse $result/T2_localRD.xml, doctype(excel) sheet(Sheet1) cells(A2:FZ100) a
> llstring missing nocompress clear 
(more variables in requested cell range than in data)
(more observations in requested cell range than in data)

. export excel using $result/Tables_TFP.xlsx, sheet("T2_localRD", replace) 
file /Users/brycewang/Documents/GitHub/top5-Econ-Paper-Replications/QJE2020-Wat
> ering-Down-Environmental-Regulation/Results/Tables/Tables_TFP.xlsx saved

. 
end of do-file

. global rc = _rc

. global sec = (clock("`c(current_date)' `c(current_time)'", "DMYhms") - $t0)/1
> 000

. file open _sl using "$steplog", write text append

. file write _sl "$step,$dof,$rc,$sec" _n

. file close _sl

. 
. * ---- Figure IV: RD plots --------------------------------------------------
> -----
. global step "F4_RD"

. global dof  "F4_RD/F4_RD.do"

. global data "$pkg/$step"

. global t0 = clock("`c(current_date)' `c(current_time)'", "DMYhms")

. cap noi do "$root/Program/$dof"

. 
. * set directories 
. clear all

. set maxvar  30000


. set matsize 11000 
set matsize ignored.
    Matrix sizes are no longer limited by c(matsize) in modern Statas.
    Matrix sizes are now limited by edition of Stata.  See limits for more
    details.

. set more off

. cap log close

. 
. 
. 
. 
. ************************** Figure 4 RD on TFP *****************************
. use "$data/tfp_small_QJE_final.dta",clear

. 
. winsor2 resid1_tfpop_s , replace cuts(0.5 99.5) trim
Warning: cuts(1   99) means trim at   1th percentile and 99th percentile,
         cuts(0.1 90) means trim at 0.1th percentile and 90th percentile,
         make sure cuts(.5 99.5) you specified is what you want. 

. 
. 
. set scheme plotplainblind

. 
. 
. preserve

. rdplot resid1_tfpop_s distance_new if neg_ind0==1 & abs(distance_new)<10, p(3
> ) kernel(uni) nbins(7 7) ci(90) ///
>        graph_options(subtitle("Panel A. TFP in Polluting Industries")  legend
> (off) ytitle(Residualized TFP (log)) xtitle(Distance from Monitoring Station)
>  scheme(plotplainblind))
Mass points detected in the running variable.

RD Plot with RD plot with manually set number of bins.

         Cutoff c = 0 | Left of c  Right of c        Number of obs  =       393
> 4
----------------------+----------------------        Kernel         =    Unifor
> m
        Number of obs |      2137        1797
   Eff. Number of obs |      2137        1797
  Order poly. fit (p) |         3           3
     BW poly. fit (h) |     9.999       9.872
 Number of bins scale |     1.000       1.000

Outcome: resid1_tfpop_s. Running variable: distance_new.
---------------------------------------------
                      | Left of c  Right of c
----------------------+----------------------
        Bins selected |         7           7
   Average bin length |     1.428       1.410
    Median bin length |     1.428       1.410
----------------------+----------------------
    IMSE-optimal bins |         6           5
  Mimicking Var. bins |        58          57
----------------------+----------------------
Rel. to IMSE-optimal: | 
        Implied scale |     1.167       1.400
    WIMSE var. weight |     0.386       0.267
    WIMSE bias weight |     0.614       0.733
---------------------------------------------


. restore 

. graph save $figure/F3_Polluting_resid1_tfpop_s, replace
file /Users/brycewang/Documents/GitHub/top5-Econ-Paper-Replications/QJE2020-Wat
> ering-Down-Environmental-Regulation/Results/Figures/F3_Polluting_resid1_tfpop
> _s.gph saved

. graph export $figure/F3_Polluting_resid1_tfpop_s.png, replace
file /Users/brycewang/Documents/GitHub/top5-Econ-Paper-Replications/QJE2020-Wat
> ering-Down-Environmental-Regulation/Results/Figures/F3_Polluting_resid1_tfpop
> _s.png written in PNG format

. 
. 
. preserve

. rdplot resid1_tfpop_s distance_new if neg_ind0==0& abs(distance_new)<10, p(3)
>  kernel(uni) nbins(7 7) ci(90) ///
>        graph_options(subtitle("Panel B. TFP in Non-Polluting Industries") leg
> end(off) ytitle(Residualized TFP (log)) xtitle(Distance from Monitoring Stati
> on) scheme(plotplainblind))
Mass points detected in the running variable.

RD Plot with RD plot with manually set number of bins.

         Cutoff c = 0 | Left of c  Right of c        Number of obs  =       814
> 9
----------------------+----------------------        Kernel         =    Unifor
> m
        Number of obs |      4433        3716
   Eff. Number of obs |      4433        3716
  Order poly. fit (p) |         3           3
     BW poly. fit (h) |     9.999       9.872
 Number of bins scale |     1.000       1.000

Outcome: resid1_tfpop_s. Running variable: distance_new.
---------------------------------------------
                      | Left of c  Right of c
----------------------+----------------------
        Bins selected |         7           7
   Average bin length |     1.428       1.410
    Median bin length |     1.428       1.410
----------------------+----------------------
    IMSE-optimal bins |         6           3
  Mimicking Var. bins |       102          97
----------------------+----------------------
Rel. to IMSE-optimal: | 
        Implied scale |     1.167       2.333
    WIMSE var. weight |     0.386       0.073
    WIMSE bias weight |     0.614       0.927
---------------------------------------------


. restore            

. graph save $figure/F3_Non_Polluting_resid1_tfpop_s, replace
file /Users/brycewang/Documents/GitHub/top5-Econ-Paper-Replications/QJE2020-Wat
> ering-Down-Environmental-Regulation/Results/Figures/F3_Non_Polluting_resid1_t
> fpop_s.gph saved

. graph export $figure/F3_Non_Polluting_resid1_tfpop_s.png, replace
file /Users/brycewang/Documents/GitHub/top5-Econ-Paper-Replications/QJE2020-Wat
> ering-Down-Environmental-Regulation/Results/Figures/F3_Non_Polluting_resid1_t
> fpop_s.png written in PNG format

. 
. 
. graph combine $figure/F3_Polluting_resid1_tfpop_s.gph  $figure/F3_Non_Polluti
> ng_resid1_tfpop_s.gph, xsize(6) ysize(8) ycommon xcommon col(1) scheme(plotpl
> ainblind)

. 
. graph save $figure/F3_TFP, replace
file /Users/brycewang/Documents/GitHub/top5-Econ-Paper-Replications/QJE2020-Wat
> ering-Down-Environmental-Regulation/Results/Figures/F3_TFP.gph saved

. graph export $figure/F3_TFP.png, replace
file /Users/brycewang/Documents/GitHub/top5-Econ-Paper-Replications/QJE2020-Wat
> ering-Down-Environmental-Regulation/Results/Figures/F3_TFP.png written in PNG
>  format

. 
end of do-file

. global rc = _rc

. global sec = (clock("`c(current_date)' `c(current_time)'", "DMYhms") - $t0)/1
> 000

. file open _sl using "$steplog", write text append

. file write _sl "$step,$dof,$rc,$sec" _n

. file close _sl

. 
. * ---- Figure V: RD estimates by year ---------------------------------------
> -----
. global step "F5_Trend"

. global dof  "F5_Trend/F5_Trend.do"

. global data "$pkg/$step"

. global t0 = clock("`c(current_date)' `c(current_time)'", "DMYhms")

. cap noi do "$root/Program/$dof"

. 
. * set directories 
. clear all

. set maxvar  30000


. set matsize 11000 
set matsize ignored.
    Matrix sizes are no longer limited by c(matsize) in modern Statas.
    Matrix sizes are now limited by edition of Stata.  See limits for more
    details.

. set more off

. cap log close

. 
. 
. 
. 
. ***** Figure 5 .Estimates by Year *****
. use "$data/graph_by_year",clear

. 
. replace b_lower = b-1.83*std_err
(16 real changes made)

. replace b_upper = b+1.83*std_err
(16 real changes made)

. keep if group ==1
(8 observations deleted)

. 
. twoway (rspike b_upper b_lower year, lp(dash) lc(red)) ///
>            (scatter b year, sort mc(red)) ///   
>            (line zero year , sort)  , ylabel(-0.8(.4)1.2, labsize(*1)) xlabel
> (2000(1)2007) ///
>            xline(2002.5, lp(dash_dot)) xline(2005.5, lp(dash)) ///
>            text(1.15 2001 "Scientific Outlook of Development", place(se) box 
> just(left) margin(l+2 t+1 b+1) width(53) bcolor(bluishgray)) ///      
>            text(-0.45 2004.5 "11th 5-Year Plan", place(se) box just(left) mar
> gin(l+2 t+1 b+1) width(28) bcolor(bluishgray)) /// 
>            ytitle("Estimated TFP Effect" " ") title("") yline(0) xtitle("Year
> ") ///
>            legend(order(2 "Estimated Coefficient" 1 "90% CI") pos(6) size(sma
> ll) symx(medium)) scheme(plotplainblind)

.         
.         
. graph save $figure/F5_by_year, replace
file /Users/brycewang/Documents/GitHub/top5-Econ-Paper-Replications/QJE2020-Wat
> ering-Down-Environmental-Regulation/Results/Figures/F5_by_year.gph saved

. graph export $figure/F5_by_year.png, replace
file /Users/brycewang/Documents/GitHub/top5-Econ-Paper-Replications/QJE2020-Wat
> ering-Down-Environmental-Regulation/Results/Figures/F5_by_year.png written in
>  PNG format

. 
. 
end of do-file

. global rc = _rc

. global sec = (clock("`c(current_date)' `c(current_time)'", "DMYhms") - $t0)/1
> 000

. file open _sl using "$steplog", write text append

. file write _sl "$step,$dof,$rc,$sec" _n

. file close _sl

. 
. * ---- Table III: inputs and outputs ----------------------------------------
> -----
. global step "T3_Channels"

. global dof  "T3_Channels/3_Channels_replication.do"

. global data "$pkg/$step"

. global t0 = clock("`c(current_date)' `c(current_time)'", "DMYhms")

. cap noi do "$root/Program/$dof"

. * set directories 
. clear all

. set maxvar  30000


. set matsize 11000 
set matsize ignored.
    Matrix sizes are no longer limited by c(matsize) in modern Statas.
    Matrix sizes are now limited by edition of Stata.  See limits for more
    details.

. set more off

. cap log close

. 
. *********** Post-2003 Results ***********
. 
. use "$data/channels_QJE_final.dta", clear

. 
. *** Create Table *** 
. cap erase $result/TS_Channel.txt 

. cap erase $result/TS_Channel.xml        

. 
. foreach y of var resid1_lrze resid1_lnv resid1_lnl  resid1_lnk resid1_lnm res
> id1_lnv_l resid1_lnv_k{
  2.         rdrobust  `y' distance_new if neg_ind0==1, masspoints(off) kernel(
> tri) all vce(cluster site_id)                         
  3.         outreg2 using $result/TS_Channel, excel addtext(Kernel Type, `e(ke
> rnel)') ctitle( `y') dec(2) append 
  4. 
.         rdrobust  `y' distance_new if neg_ind0==1,masspoints(off) kernel(epa)
>  all vce(cluster site_id)                  
  5.         outreg2 using $result/TS_Channel, excel addtext(Kernel Type, `e(ke
> rnel)') ctitle( `y') dec(2) append 
  6. 
.         rdrobust  `y' distance_new if neg_ind0==1,masspoints(off) kernel(uni)
>  all vce(cluster site_id)                  
  7.         outreg2 using $result/TS_Channel, excel addtext(Kernel Type, `e(ke
> rnel)') ctitle( `y') dec(2) append 
  8. 
. }

Sharp RD estimates using local polynomial regression.

      Cutoff c = 0 | Left of c  Right of c            Number of obs =       552
> 0
-------------------+----------------------            BW type       =      mser
> d
     Number of obs |      3146        2374            Kernel        = Triangula
> r
Eff. Number of obs |       958         715            VCE method    =    Cluste
> r
    Order est. (p) |         1           1
    Order bias (q) |         2           2
       BW est. (h) |     5.820       5.820
       BW bias (b) |     9.231       9.231
         rho (h/b) |     0.630       0.630
Number of clusters |       114          90

Outcome: resid1_lrze. Running variable: distance_new.
-------------------------------------------------------------------------------
> -
            Method |   Coef.    Std. Err.    z     P>|z|    [95% Conf. Interval
> ]
-------------------+-----------------------------------------------------------
> -
      Conventional |  478.59     470.49   1.0172   0.309    -443.56      1400.7
> 5
    Bias-corrected |  378.19     470.49   0.8038   0.422   -543.962      1300.3
> 4
            Robust |  378.19     551.76   0.6854   0.493   -703.231      1459.6
> 1
-------------------------------------------------------------------------------
> -
Std. Err. adjusted for clusters in site_id
/Users/brycewang/Documents/GitHub/top5-Econ-Paper-Replications/QJE2020-Watering
> -Down-Environmental-Regulation/Results/Tables/TS_Channel.xml
dir : seeout

Sharp RD estimates using local polynomial regression.

      Cutoff c = 0 | Left of c  Right of c            Number of obs =       552
> 0
-------------------+----------------------            BW type       =      mser
> d
     Number of obs |      3146        2374            Kernel        = Epanechni
> kov
Eff. Number of obs |       879         412            VCE method    =    Cluste
> r
    Order est. (p) |         1           1
    Order bias (q) |         2           2
       BW est. (h) |     5.257       5.257
       BW bias (b) |     8.734       8.734
         rho (h/b) |     0.602       0.602
Number of clusters |       111          83

Outcome: resid1_lrze. Running variable: distance_new.
-------------------------------------------------------------------------------
> -
            Method |   Coef.    Std. Err.    z     P>|z|    [95% Conf. Interval
> ]
-------------------+-----------------------------------------------------------
> -
      Conventional |  441.18     524.34   0.8414   0.400   -586.517      1468.8
> 8
    Bias-corrected |  343.93     524.34   0.6559   0.512   -683.767      1371.6
> 3
            Robust |  343.93     607.71   0.5659   0.571   -847.153      1535.0
> 1
-------------------------------------------------------------------------------
> -
Std. Err. adjusted for clusters in site_id
/Users/brycewang/Documents/GitHub/top5-Econ-Paper-Replications/QJE2020-Watering
> -Down-Environmental-Regulation/Results/Tables/TS_Channel.xml
dir : seeout

Sharp RD estimates using local polynomial regression.

      Cutoff c = 0 | Left of c  Right of c            Number of obs =       552
> 0
-------------------+----------------------            BW type       =      mser
> d
     Number of obs |      3146        2374            Kernel        =    Unifor
> m
Eff. Number of obs |       552         257            VCE method    =    Cluste
> r
    Order est. (p) |         1           1
    Order bias (q) |         2           2
       BW est. (h) |     3.451       3.451
       BW bias (b) |     6.795       6.795
         rho (h/b) |     0.508       0.508
Number of clusters |        88          66

Outcome: resid1_lrze. Running variable: distance_new.
-------------------------------------------------------------------------------
> -
            Method |   Coef.    Std. Err.    z     P>|z|    [95% Conf. Interval
> ]
-------------------+-----------------------------------------------------------
> -
      Conventional |  693.76     595.49   1.1650   0.244   -473.383      1860.9
> 1
    Bias-corrected |  511.31     595.49   0.8586   0.391   -655.835      1678.4
> 6
            Robust |  511.31     597.07   0.8564   0.392   -658.914      1681.5
> 4
-------------------------------------------------------------------------------
> -
Std. Err. adjusted for clusters in site_id
/Users/brycewang/Documents/GitHub/top5-Econ-Paper-Replications/QJE2020-Watering
> -Down-Environmental-Regulation/Results/Tables/TS_Channel.xml
dir : seeout

Sharp RD estimates using local polynomial regression.

      Cutoff c = 0 | Left of c  Right of c            Number of obs =       552
> 0
-------------------+----------------------            BW type       =      mser
> d
     Number of obs |      3145        2375            Kernel        = Triangula
> r
Eff. Number of obs |      1395        1158            VCE method    =    Cluste
> r
    Order est. (p) |         1           1
    Order bias (q) |         2           2
       BW est. (h) |     7.427       7.427
       BW bias (b) |    10.389      10.389
         rho (h/b) |     0.715       0.715
Number of clusters |       120          98

Outcome: resid1_lnv. Running variable: distance_new.
-------------------------------------------------------------------------------
> -
            Method |   Coef.    Std. Err.    z     P>|z|    [95% Conf. Interval
> ]
-------------------+-----------------------------------------------------------
> -
      Conventional |  .04522     .18679   0.2421   0.809   -.320876      .41131
> 7
    Bias-corrected | -.00713     .18679   -0.0382  0.970   -.373227      .35896
> 6
            Robust | -.00713     .22691   -0.0314  0.975   -.451859      .43759
> 8
-------------------------------------------------------------------------------
> -
Std. Err. adjusted for clusters in site_id
/Users/brycewang/Documents/GitHub/top5-Econ-Paper-Replications/QJE2020-Watering
> -Down-Environmental-Regulation/Results/Tables/TS_Channel.xml
dir : seeout

Sharp RD estimates using local polynomial regression.

      Cutoff c = 0 | Left of c  Right of c            Number of obs =       552
> 0
-------------------+----------------------            BW type       =      mser
> d
     Number of obs |      3145        2375            Kernel        = Epanechni
> kov
Eff. Number of obs |      1342        1107            VCE method    =    Cluste
> r
    Order est. (p) |         1           1
    Order bias (q) |         2           2
       BW est. (h) |     7.176       7.176
       BW bias (b) |    10.138      10.138
         rho (h/b) |     0.708       0.708
Number of clusters |       118          96

Outcome: resid1_lnv. Running variable: distance_new.
-------------------------------------------------------------------------------
> -
            Method |   Coef.    Std. Err.    z     P>|z|    [95% Conf. Interval
> ]
-------------------+-----------------------------------------------------------
> -
      Conventional |  .07248     .18647   0.3887   0.698   -.292999      .43795
> 8
    Bias-corrected |  .03295     .18647   0.1767   0.860   -.332526      .39843
> 1
            Robust |  .03295     .22891   0.1440   0.886   -.415707      .48161
> 1
-------------------------------------------------------------------------------
> -
Std. Err. adjusted for clusters in site_id
/Users/brycewang/Documents/GitHub/top5-Econ-Paper-Replications/QJE2020-Watering
> -Down-Environmental-Regulation/Results/Tables/TS_Channel.xml
dir : seeout

Sharp RD estimates using local polynomial regression.

      Cutoff c = 0 | Left of c  Right of c            Number of obs =       552
> 0
-------------------+----------------------            BW type       =      mser
> d
     Number of obs |      3145        2375            Kernel        =    Unifor
> m
Eff. Number of obs |      1106         988            VCE method    =    Cluste
> r
    Order est. (p) |         1           1
    Order bias (q) |         2           2
       BW est. (h) |     6.617       6.617
       BW bias (b) |    10.177      10.177
         rho (h/b) |     0.650       0.650
Number of clusters |       118          96

Outcome: resid1_lnv. Running variable: distance_new.
-------------------------------------------------------------------------------
> -
            Method |   Coef.    Std. Err.    z     P>|z|    [95% Conf. Interval
> ]
-------------------+-----------------------------------------------------------
> -
      Conventional |  .11227     .18365   0.6113   0.541   -.247682      .47221
> 8
    Bias-corrected |  .06973     .18365   0.3797   0.704   -.290221      .42967
> 8
            Robust |  .06973     .22638   0.3080   0.758   -.373968      .51342
> 5
-------------------------------------------------------------------------------
> -
Std. Err. adjusted for clusters in site_id
/Users/brycewang/Documents/GitHub/top5-Econ-Paper-Replications/QJE2020-Watering
> -Down-Environmental-Regulation/Results/Tables/TS_Channel.xml
dir : seeout

Sharp RD estimates using local polynomial regression.

      Cutoff c = 0 | Left of c  Right of c            Number of obs =       547
> 3
-------------------+----------------------            BW type       =      mser
> d
     Number of obs |      3108        2365            Kernel        = Triangula
> r
Eff. Number of obs |      1050         824            VCE method    =    Cluste
> r
    Order est. (p) |         1           1
    Order bias (q) |         2           2
       BW est. (h) |     6.500       6.500
       BW bias (b) |     9.834       9.834
         rho (h/b) |     0.661       0.661
Number of clusters |       118          94

Outcome: resid1_lnl. Running variable: distance_new.
-------------------------------------------------------------------------------
> -
            Method |   Coef.    Std. Err.    z     P>|z|    [95% Conf. Interval
> ]
-------------------+-----------------------------------------------------------
> -
      Conventional | -.22246     .16365   -1.3594  0.174   -.543208       .0982
> 8
    Bias-corrected | -.27207     .16365   -1.6625  0.096   -.592811      .04867
> 7
            Robust | -.27207     .20669   -1.3163  0.188    -.67718      .13304
> 6
-------------------------------------------------------------------------------
> -
Std. Err. adjusted for clusters in site_id
/Users/brycewang/Documents/GitHub/top5-Econ-Paper-Replications/QJE2020-Watering
> -Down-Environmental-Regulation/Results/Tables/TS_Channel.xml
dir : seeout

Sharp RD estimates using local polynomial regression.

      Cutoff c = 0 | Left of c  Right of c            Number of obs =       547
> 3
-------------------+----------------------            BW type       =      mser
> d
     Number of obs |      3108        2365            Kernel        = Epanechni
> kov
Eff. Number of obs |      1050         820            VCE method    =    Cluste
> r
    Order est. (p) |         1           1
    Order bias (q) |         2           2
       BW est. (h) |     6.473       6.473
       BW bias (b) |     9.773       9.773
         rho (h/b) |     0.662       0.662
Number of clusters |       118          94

Outcome: resid1_lnl. Running variable: distance_new.
-------------------------------------------------------------------------------
> -
            Method |   Coef.    Std. Err.    z     P>|z|    [95% Conf. Interval
> ]
-------------------+-----------------------------------------------------------
> -
      Conventional | -.18962     .15792   -1.2007  0.230   -.499143      .11989
> 7
    Bias-corrected | -.22795     .15792   -1.4434  0.149   -.537469       .0815
> 7
            Robust | -.22795      .2006   -1.1363  0.256   -.621127      .16522
> 8
-------------------------------------------------------------------------------
> -
Std. Err. adjusted for clusters in site_id
/Users/brycewang/Documents/GitHub/top5-Econ-Paper-Replications/QJE2020-Watering
> -Down-Environmental-Regulation/Results/Tables/TS_Channel.xml
dir : seeout

Sharp RD estimates using local polynomial regression.

      Cutoff c = 0 | Left of c  Right of c            Number of obs =       547
> 3
-------------------+----------------------            BW type       =      mser
> d
     Number of obs |      3108        2365            Kernel        =    Unifor
> m
Eff. Number of obs |       943         714            VCE method    =    Cluste
> r
    Order est. (p) |         1           1
    Order bias (q) |         2           2
       BW est. (h) |     5.810       5.810
       BW bias (b) |     9.197       9.197
         rho (h/b) |     0.632       0.632
Number of clusters |       113          89

Outcome: resid1_lnl. Running variable: distance_new.
-------------------------------------------------------------------------------
> -
            Method |   Coef.    Std. Err.    z     P>|z|    [95% Conf. Interval
> ]
-------------------+-----------------------------------------------------------
> -
      Conventional | -.09097     .15526   -0.5859  0.558   -.395268      .21332
> 5
    Bias-corrected | -.08296     .15526   -0.5343  0.593   -.387252      .22134
> 2
            Robust | -.08296     .20104   -0.4126  0.680    -.47698       .3110
> 7
-------------------------------------------------------------------------------
> -
Std. Err. adjusted for clusters in site_id
/Users/brycewang/Documents/GitHub/top5-Econ-Paper-Replications/QJE2020-Watering
> -Down-Environmental-Regulation/Results/Tables/TS_Channel.xml
dir : seeout

Sharp RD estimates using local polynomial regression.

      Cutoff c = 0 | Left of c  Right of c            Number of obs =       538
> 0
-------------------+----------------------            BW type       =      mser
> d
     Number of obs |      3057        2323            Kernel        = Triangula
> r
Eff. Number of obs |      1088         986            VCE method    =    Cluste
> r
    Order est. (p) |         1           1
    Order bias (q) |         2           2
       BW est. (h) |     6.929       6.929
       BW bias (b) |     9.912       9.912
         rho (h/b) |     0.699       0.699
Number of clusters |       118          94

Outcome: resid1_lnk. Running variable: distance_new.
-------------------------------------------------------------------------------
> -
            Method |   Coef.    Std. Err.    z     P>|z|    [95% Conf. Interval
> ]
-------------------+-----------------------------------------------------------
> -
      Conventional | -.39928     .22116   -1.8054  0.071   -.832755      .03419
> 4
    Bias-corrected | -.47875     .22116   -2.1647  0.030    -.91222     -.04527
> 1
            Robust | -.47875     .28307   -1.6913  0.091   -1.03355       .0760
> 6
-------------------------------------------------------------------------------
> -
Std. Err. adjusted for clusters in site_id
/Users/brycewang/Documents/GitHub/top5-Econ-Paper-Replications/QJE2020-Watering
> -Down-Environmental-Regulation/Results/Tables/TS_Channel.xml
dir : seeout

Sharp RD estimates using local polynomial regression.

      Cutoff c = 0 | Left of c  Right of c            Number of obs =       538
> 0
-------------------+----------------------            BW type       =      mser
> d
     Number of obs |      3057        2323            Kernel        = Epanechni
> kov
Eff. Number of obs |       873         422            VCE method    =    Cluste
> r
    Order est. (p) |         1           1
    Order bias (q) |         2           2
       BW est. (h) |     5.597       5.597
       BW bias (b) |     8.571       8.571
         rho (h/b) |     0.653       0.653
Number of clusters |       109          83

Outcome: resid1_lnk. Running variable: distance_new.
-------------------------------------------------------------------------------
> -
            Method |   Coef.    Std. Err.    z     P>|z|    [95% Conf. Interval
> ]
-------------------+-----------------------------------------------------------
> -
      Conventional | -.44528     .26783   -1.6625  0.096    -.97023      .07966
> 1
    Bias-corrected | -.50434     .26783   -1.8830  0.060   -1.02928       .0206
> 1
            Robust | -.50434      .3327   -1.5159  0.130   -1.15641      .14773
> 6
-------------------------------------------------------------------------------
> -
Std. Err. adjusted for clusters in site_id
/Users/brycewang/Documents/GitHub/top5-Econ-Paper-Replications/QJE2020-Watering
> -Down-Environmental-Regulation/Results/Tables/TS_Channel.xml
dir : seeout

Sharp RD estimates using local polynomial regression.

      Cutoff c = 0 | Left of c  Right of c            Number of obs =       538
> 0
-------------------+----------------------            BW type       =      mser
> d
     Number of obs |      3057        2323            Kernel        =    Unifor
> m
Eff. Number of obs |       633         305            VCE method    =    Cluste
> r
    Order est. (p) |         1           1
    Order bias (q) |         2           2
       BW est. (h) |     4.003       4.003
       BW bias (b) |     7.092       7.092
         rho (h/b) |     0.564       0.564
Number of clusters |        90          71

Outcome: resid1_lnk. Running variable: distance_new.
-------------------------------------------------------------------------------
> -
            Method |   Coef.    Std. Err.    z     P>|z|    [95% Conf. Interval
> ]
-------------------+-----------------------------------------------------------
> -
      Conventional | -.60905     .28897   -2.1076  0.035   -1.17542     -.04266
> 9
    Bias-corrected | -.69775     .28897   -2.4146  0.016   -1.26413     -.13137
> 5
            Robust | -.69775      .3604   -1.9361  0.053   -1.40412      .00861
> 5
-------------------------------------------------------------------------------
> -
Std. Err. adjusted for clusters in site_id
/Users/brycewang/Documents/GitHub/top5-Econ-Paper-Replications/QJE2020-Watering
> -Down-Environmental-Regulation/Results/Tables/TS_Channel.xml
dir : seeout

Sharp RD estimates using local polynomial regression.

      Cutoff c = 0 | Left of c  Right of c            Number of obs =       554
> 0
-------------------+----------------------            BW type       =      mser
> d
     Number of obs |      3158        2382            Kernel        = Triangula
> r
Eff. Number of obs |       914         435            VCE method    =    Cluste
> r
    Order est. (p) |         1           1
    Order bias (q) |         2           2
       BW est. (h) |     5.480       5.480
       BW bias (b) |     7.936       7.936
         rho (h/b) |     0.691       0.691
Number of clusters |       100          80

Outcome: resid1_lnm. Running variable: distance_new.
-------------------------------------------------------------------------------
> -
            Method |   Coef.    Std. Err.    z     P>|z|    [95% Conf. Interval
> ]
-------------------+-----------------------------------------------------------
> -
      Conventional |  -.0472     .23692   -0.1992  0.842   -.511552       .4171
> 6
    Bias-corrected | -.06802     .23692   -0.2871  0.774   -.532378      .39633
> 3
            Robust | -.06802     .28834   -0.2359  0.813   -.633152      .49710
> 7
-------------------------------------------------------------------------------
> -
Std. Err. adjusted for clusters in site_id
/Users/brycewang/Documents/GitHub/top5-Econ-Paper-Replications/QJE2020-Watering
> -Down-Environmental-Regulation/Results/Tables/TS_Channel.xml
dir : seeout

Sharp RD estimates using local polynomial regression.

      Cutoff c = 0 | Left of c  Right of c            Number of obs =       554
> 0
-------------------+----------------------            BW type       =      mser
> d
     Number of obs |      3158        2382            Kernel        = Epanechni
> kov
Eff. Number of obs |       830         413            VCE method    =    Cluste
> r
    Order est. (p) |         1           1
    Order bias (q) |         2           2
       BW est. (h) |     5.137       5.137
       BW bias (b) |     7.649       7.649
         rho (h/b) |     0.672       0.672
Number of clusters |       100          77

Outcome: resid1_lnm. Running variable: distance_new.
-------------------------------------------------------------------------------
> -
            Method |   Coef.    Std. Err.    z     P>|z|    [95% Conf. Interval
> ]
-------------------+-----------------------------------------------------------
> -
      Conventional | -.04494     .23802   -0.1888  0.850   -.511452      .42157
> 1
    Bias-corrected | -.06206     .23802   -0.2607  0.794   -.528573      .40445
> 1
            Robust | -.06206     .28867   -0.2150  0.830   -.627853      .50373
> 1
-------------------------------------------------------------------------------
> -
Std. Err. adjusted for clusters in site_id
/Users/brycewang/Documents/GitHub/top5-Econ-Paper-Replications/QJE2020-Watering
> -Down-Environmental-Regulation/Results/Tables/TS_Channel.xml
dir : seeout

Sharp RD estimates using local polynomial regression.

      Cutoff c = 0 | Left of c  Right of c            Number of obs =       554
> 0
-------------------+----------------------            BW type       =      mser
> d
     Number of obs |      3158        2382            Kernel        =    Unifor
> m
Eff. Number of obs |      1056         776            VCE method    =    Cluste
> r
    Order est. (p) |         1           1
    Order bias (q) |         2           2
       BW est. (h) |     6.219       6.219
       BW bias (b) |     8.869       8.869
         rho (h/b) |     0.701       0.701
Number of clusters |       111          85

Outcome: resid1_lnm. Running variable: distance_new.
-------------------------------------------------------------------------------
> -
            Method |   Coef.    Std. Err.    z     P>|z|    [95% Conf. Interval
> ]
-------------------+-----------------------------------------------------------
> -
      Conventional | -.04587     .17846   -0.2570  0.797    -.39565      .30391
> 9
    Bias-corrected | -.02336     .17846   -0.1309  0.896   -.373145      .32642
> 3
            Robust | -.02336       .218   -0.1072  0.915   -.450637      .40391
> 5
-------------------------------------------------------------------------------
> -
Std. Err. adjusted for clusters in site_id
/Users/brycewang/Documents/GitHub/top5-Econ-Paper-Replications/QJE2020-Watering
> -Down-Environmental-Regulation/Results/Tables/TS_Channel.xml
dir : seeout

Sharp RD estimates using local polynomial regression.

      Cutoff c = 0 | Left of c  Right of c            Number of obs =       554
> 0
-------------------+----------------------            BW type       =      mser
> d
     Number of obs |      3158        2382            Kernel        = Triangula
> r
Eff. Number of obs |      1447        1181            VCE method    =    Cluste
> r
    Order est. (p) |         1           1
    Order bias (q) |         2           2
       BW est. (h) |     7.791       7.791
       BW bias (b) |    10.406      10.406
         rho (h/b) |     0.749       0.749
Number of clusters |       120          99

Outcome: resid1_lnv_l. Running variable: distance_new.
-------------------------------------------------------------------------------
> -
            Method |   Coef.    Std. Err.    z     P>|z|    [95% Conf. Interval
> ]
-------------------+-----------------------------------------------------------
> -
      Conventional |  .07995     .07622   1.0490   0.294   -.069434      .22933
> 6
    Bias-corrected |  .08026     .07622   1.0530   0.292   -.069126      .22964
> 4
            Robust |  .08026     .09643   0.8323   0.405    -.10874      .26925
> 8
-------------------------------------------------------------------------------
> -
Std. Err. adjusted for clusters in site_id
/Users/brycewang/Documents/GitHub/top5-Econ-Paper-Replications/QJE2020-Watering
> -Down-Environmental-Regulation/Results/Tables/TS_Channel.xml
dir : seeout

Sharp RD estimates using local polynomial regression.

      Cutoff c = 0 | Left of c  Right of c            Number of obs =       554
> 0
-------------------+----------------------            BW type       =      mser
> d
     Number of obs |      3158        2382            Kernel        = Epanechni
> kov
Eff. Number of obs |      1359        1158            VCE method    =    Cluste
> r
    Order est. (p) |         1           1
    Order bias (q) |         2           2
       BW est. (h) |     7.339       7.339
       BW bias (b) |    10.157      10.157
         rho (h/b) |     0.723       0.723
Number of clusters |       118          96

Outcome: resid1_lnv_l. Running variable: distance_new.
-------------------------------------------------------------------------------
> -
            Method |   Coef.    Std. Err.    z     P>|z|    [95% Conf. Interval
> ]
-------------------+-----------------------------------------------------------
> -
      Conventional |  .08131     .07711   1.0545   0.292   -.069816      .23243
> 5
    Bias-corrected |  .08259     .07711   1.0711   0.284   -.068536      .23371
> 5
            Robust |  .08259     .09929   0.8318   0.406   -.112012      .27719
> 1
-------------------------------------------------------------------------------
> -
Std. Err. adjusted for clusters in site_id
/Users/brycewang/Documents/GitHub/top5-Econ-Paper-Replications/QJE2020-Watering
> -Down-Environmental-Regulation/Results/Tables/TS_Channel.xml
dir : seeout

Sharp RD estimates using local polynomial regression.

      Cutoff c = 0 | Left of c  Right of c            Number of obs =       554
> 0
-------------------+----------------------            BW type       =      mser
> d
     Number of obs |      3158        2382            Kernel        =    Unifor
> m
Eff. Number of obs |      1024         731            VCE method    =    Cluste
> r
    Order est. (p) |         1           1
    Order bias (q) |         2           2
       BW est. (h) |     6.009       6.009
       BW bias (b) |     9.327       9.327
         rho (h/b) |     0.644       0.644
Number of clusters |       115          91

Outcome: resid1_lnv_l. Running variable: distance_new.
-------------------------------------------------------------------------------
> -
            Method |   Coef.    Std. Err.    z     P>|z|    [95% Conf. Interval
> ]
-------------------+-----------------------------------------------------------
> -
      Conventional |   .0547     .07744   0.7064   0.480   -.097069      .20647
> 7
    Bias-corrected |  .02874     .07744   0.3711   0.711   -.123036      .18050
> 9
            Robust |  .02874     .09796   0.2933   0.769   -.163268      .22074
> 1
-------------------------------------------------------------------------------
> -
Std. Err. adjusted for clusters in site_id
/Users/brycewang/Documents/GitHub/top5-Econ-Paper-Replications/QJE2020-Watering
> -Down-Environmental-Regulation/Results/Tables/TS_Channel.xml
dir : seeout

Sharp RD estimates using local polynomial regression.

      Cutoff c = 0 | Left of c  Right of c            Number of obs =       553
> 2
-------------------+----------------------            BW type       =      mser
> d
     Number of obs |      3154        2378            Kernel        = Triangula
> r
Eff. Number of obs |       790         393            VCE method    =    Cluste
> r
    Order est. (p) |         1           1
    Order bias (q) |         2           2
       BW est. (h) |     4.925       4.925
       BW bias (b) |     7.280       7.280
         rho (h/b) |     0.676       0.676
Number of clusters |        91          72

Outcome: resid1_lnv_k. Running variable: distance_new.
-------------------------------------------------------------------------------
> -
            Method |   Coef.    Std. Err.    z     P>|z|    [95% Conf. Interval
> ]
-------------------+-----------------------------------------------------------
> -
      Conventional |  .24969     .10209   2.4457   0.014    .049594      .44978
> 6
    Bias-corrected |  .23941     .10209   2.3450   0.019    .039313      .43950
> 4
            Robust |  .23941     .12157   1.9693   0.049    .001131      .47768
> 6
-------------------------------------------------------------------------------
> -
Std. Err. adjusted for clusters in site_id
/Users/brycewang/Documents/GitHub/top5-Econ-Paper-Replications/QJE2020-Watering
> -Down-Environmental-Regulation/Results/Tables/TS_Channel.xml
dir : seeout

Sharp RD estimates using local polynomial regression.

      Cutoff c = 0 | Left of c  Right of c            Number of obs =       553
> 2
-------------------+----------------------            BW type       =      mser
> d
     Number of obs |      3154        2378            Kernel        = Epanechni
> kov
Eff. Number of obs |       847         413            VCE method    =    Cluste
> r
    Order est. (p) |         1           1
    Order bias (q) |         2           2
       BW est. (h) |     5.193       5.193
       BW bias (b) |     7.944       7.944
         rho (h/b) |     0.654       0.654
Number of clusters |       100          80

Outcome: resid1_lnv_k. Running variable: distance_new.
-------------------------------------------------------------------------------
> -
            Method |   Coef.    Std. Err.    z     P>|z|    [95% Conf. Interval
> ]
-------------------+-----------------------------------------------------------
> -
      Conventional |  .26575     .09645   2.7553   0.006    .076708      .45479
> 7
    Bias-corrected |  .27102     .09645   2.8099   0.005     .08198      .46006
> 9
            Robust |  .27102     .12255   2.2116   0.027    .030839       .5112
> 1
-------------------------------------------------------------------------------
> -
Std. Err. adjusted for clusters in site_id
/Users/brycewang/Documents/GitHub/top5-Econ-Paper-Replications/QJE2020-Watering
> -Down-Environmental-Regulation/Results/Tables/TS_Channel.xml
dir : seeout

Sharp RD estimates using local polynomial regression.

      Cutoff c = 0 | Left of c  Right of c            Number of obs =       553
> 2
-------------------+----------------------            BW type       =      mser
> d
     Number of obs |      3154        2378            Kernel        =    Unifor
> m
Eff. Number of obs |       667         325            VCE method    =    Cluste
> r
    Order est. (p) |         1           1
    Order bias (q) |         2           2
       BW est. (h) |     4.216       4.216
       BW bias (b) |     6.792       6.792
         rho (h/b) |     0.621       0.621
Number of clusters |        88          66

Outcome: resid1_lnv_k. Running variable: distance_new.
-------------------------------------------------------------------------------
> -
            Method |   Coef.    Std. Err.    z     P>|z|    [95% Conf. Interval
> ]
-------------------+-----------------------------------------------------------
> -
      Conventional |  .28368     .10382   2.7324   0.006    .080196      .48715
> 4
    Bias-corrected |  .28471     .10382   2.7424   0.006    .081229      .48818
> 7
            Robust |  .28471     .12313   2.3122   0.021     .04337      .52604
> 5
-------------------------------------------------------------------------------
> -
Std. Err. adjusted for clusters in site_id
/Users/brycewang/Documents/GitHub/top5-Econ-Paper-Replications/QJE2020-Watering
> -Down-Environmental-Regulation/Results/Tables/TS_Channel.xml
dir : seeout

. 
. 
. 
. xmluse $result/TS_Channel.xml, doctype(excel) sheet(Sheet1) cells(A2:FZ100) a
> llstring missing nocompress clear 
(more variables in requested cell range than in data)
(more observations in requested cell range than in data)

. export excel using $result/Tables_TFP.xlsx, sheet("TS_Channel", replace) 
file /Users/brycewang/Documents/GitHub/top5-Econ-Paper-Replications/QJE2020-Wat
> ering-Down-Environmental-Regulation/Results/Tables/Tables_TFP.xlsx saved

. 
. 
. 
. *********** Pre-2003 Results ***********
. 
. 
. use "$data/channels_Pre_QJE_final.dta",clear

. 
. cap erase $result/TS_Channel_Pre.txt 

. cap erase $result/TS_Channel_Pre.xml    

. 
. foreach y of var resid1_lrze resid1_lnv resid1_lnl  resid1_lnk resid1_lnm res
> id1_lnv_l resid1_lnv_k {
  2.         rdrobust  `y' distance_new if neg_ind0==1,masspoints(off) kernel(t
> ri) all vce(cluster site_id)                  
  3.         outreg2 using $result/TS_Channel_Pre, excel addtext(Kernel Type, `
> e(kernel)') ctitle( `y') dec(2) append 
  4. 
.         rdrobust  `y' distance_new if neg_ind0==1,masspoints(off) kernel(epa)
>  all vce(cluster site_id)                  
  5.         outreg2 using $result/TS_Channel_Pre, excel addtext(Kernel Type, `
> e(kernel)') ctitle( `y') dec(2) append 
  6. 
.         rdrobust  `y' distance_new if neg_ind0==1,masspoints(off) kernel(uni)
>  all vce(cluster site_id)                  
  7.         outreg2 using $result/TS_Channel_Pre, excel addtext(Kernel Type, `
> e(kernel)') ctitle( `y') dec(2) append 
  8. 
. }

Sharp RD estimates using local polynomial regression.

      Cutoff c = 0 | Left of c  Right of c            Number of obs =       228
> 2
-------------------+----------------------            BW type       =      mser
> d
     Number of obs |      1362         920            Kernel        = Triangula
> r
Eff. Number of obs |       623         451            VCE method    =    Cluste
> r
    Order est. (p) |         1           1
    Order bias (q) |         2           2
       BW est. (h) |     7.403       7.403
       BW bias (b) |    11.298      11.298
         rho (h/b) |     0.655       0.655
Number of clusters |       109          85

Outcome: resid1_lrze. Running variable: distance_new.
-------------------------------------------------------------------------------
> -
            Method |   Coef.    Std. Err.    z     P>|z|    [95% Conf. Interval
> ]
-------------------+-----------------------------------------------------------
> -
      Conventional | -99.535     386.84   -0.2573  0.797   -857.727      658.65
> 8
    Bias-corrected | -207.19     386.84   -0.5356  0.592   -965.384      551.00
> 2
            Robust | -207.19     481.48   -0.4303  0.667   -1150.88      736.49
> 9
-------------------------------------------------------------------------------
> -
Std. Err. adjusted for clusters in site_id
/Users/brycewang/Documents/GitHub/top5-Econ-Paper-Replications/QJE2020-Watering
> -Down-Environmental-Regulation/Results/Tables/TS_Channel_Pre.xml
dir : seeout

Sharp RD estimates using local polynomial regression.

      Cutoff c = 0 | Left of c  Right of c            Number of obs =       228
> 2
-------------------+----------------------            BW type       =      mser
> d
     Number of obs |      1362         920            Kernel        = Epanechni
> kov
Eff. Number of obs |       525         368            VCE method    =    Cluste
> r
    Order est. (p) |         1           1
    Order bias (q) |         2           2
       BW est. (h) |     6.564       6.564
       BW bias (b) |    10.559      10.559
         rho (h/b) |     0.622       0.622
Number of clusters |       103          82

Outcome: resid1_lrze. Running variable: distance_new.
-------------------------------------------------------------------------------
> -
            Method |   Coef.    Std. Err.    z     P>|z|    [95% Conf. Interval
> ]
-------------------+-----------------------------------------------------------
> -
      Conventional | -131.59     410.51   -0.3206  0.749   -936.185      673.00
> 3
    Bias-corrected |  -233.6     410.51   -0.5690  0.569   -1038.19      570.99
> 5
            Robust |  -233.6     510.85   -0.4573  0.647   -1234.86      767.65
> 7
-------------------------------------------------------------------------------
> -
Std. Err. adjusted for clusters in site_id
/Users/brycewang/Documents/GitHub/top5-Econ-Paper-Replications/QJE2020-Watering
> -Down-Environmental-Regulation/Results/Tables/TS_Channel_Pre.xml
dir : seeout

Sharp RD estimates using local polynomial regression.

      Cutoff c = 0 | Left of c  Right of c            Number of obs =       228
> 2
-------------------+----------------------            BW type       =      mser
> d
     Number of obs |      1362         920            Kernel        =    Unifor
> m
Eff. Number of obs |       331         166            VCE method    =    Cluste
> r
    Order est. (p) |         1           1
    Order bias (q) |         2           2
       BW est. (h) |     4.641       4.641
       BW bias (b) |     7.977       7.977
         rho (h/b) |     0.582       0.582
Number of clusters |        82          66

Outcome: resid1_lrze. Running variable: distance_new.
-------------------------------------------------------------------------------
> -
            Method |   Coef.    Std. Err.    z     P>|z|    [95% Conf. Interval
> ]
-------------------+-----------------------------------------------------------
> -
      Conventional |  293.73     494.19   0.5944   0.552   -674.866      1262.3
> 4
    Bias-corrected |  250.92     494.19   0.5077   0.612   -717.681      1219.5
> 2
            Robust |  250.92     576.98   0.4349   0.664    -879.93      1381.7
> 7
-------------------------------------------------------------------------------
> -
Std. Err. adjusted for clusters in site_id
/Users/brycewang/Documents/GitHub/top5-Econ-Paper-Replications/QJE2020-Watering
> -Down-Environmental-Regulation/Results/Tables/TS_Channel_Pre.xml
dir : seeout

Sharp RD estimates using local polynomial regression.

      Cutoff c = 0 | Left of c  Right of c            Number of obs =       227
> 2
-------------------+----------------------            BW type       =      mser
> d
     Number of obs |      1355         917            Kernel        = Triangula
> r
Eff. Number of obs |       350         197            VCE method    =    Cluste
> r
    Order est. (p) |         1           1
    Order bias (q) |         2           2
       BW est. (h) |     4.990       4.990
       BW bias (b) |     8.650       8.650
         rho (h/b) |     0.577       0.577
Number of clusters |        87          69

Outcome: resid1_lnv. Running variable: distance_new.
-------------------------------------------------------------------------------
> -
            Method |   Coef.    Std. Err.    z     P>|z|    [95% Conf. Interval
> ]
-------------------+-----------------------------------------------------------
> -
      Conventional | -.08911     .12968   -0.6872  0.492   -.343272      .16505
> 4
    Bias-corrected | -.11044     .12968   -0.8517  0.394   -.364607      .14371
> 9
            Robust | -.11044     .15199   -0.7266  0.467   -.408343      .18745
> 5
-------------------------------------------------------------------------------
> -
Std. Err. adjusted for clusters in site_id
/Users/brycewang/Documents/GitHub/top5-Econ-Paper-Replications/QJE2020-Watering
> -Down-Environmental-Regulation/Results/Tables/TS_Channel_Pre.xml
dir : seeout

Sharp RD estimates using local polynomial regression.

      Cutoff c = 0 | Left of c  Right of c            Number of obs =       227
> 2
-------------------+----------------------            BW type       =      mser
> d
     Number of obs |      1355         917            Kernel        = Epanechni
> kov
Eff. Number of obs |       324         165            VCE method    =    Cluste
> r
    Order est. (p) |         1           1
    Order bias (q) |         2           2
       BW est. (h) |     4.699       4.699
       BW bias (b) |     8.441       8.441
         rho (h/b) |     0.557       0.557
Number of clusters |        86          68

Outcome: resid1_lnv. Running variable: distance_new.
-------------------------------------------------------------------------------
> -
            Method |   Coef.    Std. Err.    z     P>|z|    [95% Conf. Interval
> ]
-------------------+-----------------------------------------------------------
> -
      Conventional | -.07297      .1385   -0.5268  0.598   -.344421       .1984
> 9
    Bias-corrected | -.08951      .1385   -0.6463  0.518   -.360962      .18194
> 9
            Robust | -.08951     .16021   -0.5587  0.576   -.403516      .22450
> 3
-------------------------------------------------------------------------------
> -
Std. Err. adjusted for clusters in site_id
/Users/brycewang/Documents/GitHub/top5-Econ-Paper-Replications/QJE2020-Watering
> -Down-Environmental-Regulation/Results/Tables/TS_Channel_Pre.xml
dir : seeout

Sharp RD estimates using local polynomial regression.

      Cutoff c = 0 | Left of c  Right of c            Number of obs =       227
> 2
-------------------+----------------------            BW type       =      mser
> d
     Number of obs |      1355         917            Kernel        =    Unifor
> m
Eff. Number of obs |       330         169            VCE method    =    Cluste
> r
    Order est. (p) |         1           1
    Order bias (q) |         2           2
       BW est. (h) |     4.829       4.829
       BW bias (b) |     9.028       9.028
         rho (h/b) |     0.535       0.535
Number of clusters |        92          71

Outcome: resid1_lnv. Running variable: distance_new.
-------------------------------------------------------------------------------
> -
            Method |   Coef.    Std. Err.    z     P>|z|    [95% Conf. Interval
> ]
-------------------+-----------------------------------------------------------
> -
      Conventional |  .02223     .15505   0.1434   0.886   -.281668      .32612
> 1
    Bias-corrected |  .03389     .15505   0.2185   0.827   -.270009      .33777
> 9
            Robust |  .03389     .17848   0.1898   0.849   -.315939      .38370
> 9
-------------------------------------------------------------------------------
> -
Std. Err. adjusted for clusters in site_id
/Users/brycewang/Documents/GitHub/top5-Econ-Paper-Replications/QJE2020-Watering
> -Down-Environmental-Regulation/Results/Tables/TS_Channel_Pre.xml
dir : seeout

Sharp RD estimates using local polynomial regression.

      Cutoff c = 0 | Left of c  Right of c            Number of obs =       225
> 9
-------------------+----------------------            BW type       =      mser
> d
     Number of obs |      1344         915            Kernel        = Triangula
> r
Eff. Number of obs |       646         461            VCE method    =    Cluste
> r
    Order est. (p) |         1           1
    Order bias (q) |         2           2
       BW est. (h) |     7.797       7.797
       BW bias (b) |    10.784      10.784
         rho (h/b) |     0.723       0.723
Number of clusters |       106          83

Outcome: resid1_lnl. Running variable: distance_new.
-------------------------------------------------------------------------------
> -
            Method |   Coef.    Std. Err.    z     P>|z|    [95% Conf. Interval
> ]
-------------------+-----------------------------------------------------------
> -
      Conventional | -.00722     .19388   -0.0372  0.970   -.387223      .37278
> 2
    Bias-corrected | -.07371     .19388   -0.3802  0.704   -.453713      .30629
> 2
            Robust | -.07371     .24523   -0.3006  0.764   -.554345      .40692
> 4
-------------------------------------------------------------------------------
> -
Std. Err. adjusted for clusters in site_id
/Users/brycewang/Documents/GitHub/top5-Econ-Paper-Replications/QJE2020-Watering
> -Down-Environmental-Regulation/Results/Tables/TS_Channel_Pre.xml
dir : seeout

Sharp RD estimates using local polynomial regression.

      Cutoff c = 0 | Left of c  Right of c            Number of obs =       225
> 9
-------------------+----------------------            BW type       =      mser
> d
     Number of obs |      1344         915            Kernel        = Epanechni
> kov
Eff. Number of obs |       644         456            VCE method    =    Cluste
> r
    Order est. (p) |         1           1
    Order bias (q) |         2           2
       BW est. (h) |     7.756       7.756
       BW bias (b) |    10.982      10.982
         rho (h/b) |     0.706       0.706
Number of clusters |       107          83

Outcome: resid1_lnl. Running variable: distance_new.
-------------------------------------------------------------------------------
> -
            Method |   Coef.    Std. Err.    z     P>|z|    [95% Conf. Interval
> ]
-------------------+-----------------------------------------------------------
> -
      Conventional |  .03988     .19253   0.2071   0.836   -.337467       .4172
> 2
    Bias-corrected |  .01214     .19253   0.0631   0.950     -.3652      .38948
> 7
            Robust |  .01214     .24265   0.0500   0.960   -.463444      .48773
> 1
-------------------------------------------------------------------------------
> -
Std. Err. adjusted for clusters in site_id
/Users/brycewang/Documents/GitHub/top5-Econ-Paper-Replications/QJE2020-Watering
> -Down-Environmental-Regulation/Results/Tables/TS_Channel_Pre.xml
dir : seeout

Sharp RD estimates using local polynomial regression.

      Cutoff c = 0 | Left of c  Right of c            Number of obs =       225
> 9
-------------------+----------------------            BW type       =      mser
> d
     Number of obs |      1344         915            Kernel        =    Unifor
> m
Eff. Number of obs |       482         327            VCE method    =    Cluste
> r
    Order est. (p) |         1           1
    Order bias (q) |         2           2
       BW est. (h) |     6.319       6.319
       BW bias (b) |     9.886       9.886
         rho (h/b) |     0.639       0.639
Number of clusters |        98          77

Outcome: resid1_lnl. Running variable: distance_new.
-------------------------------------------------------------------------------
> -
            Method |   Coef.    Std. Err.    z     P>|z|    [95% Conf. Interval
> ]
-------------------+-----------------------------------------------------------
> -
      Conventional |  .08527     .20191   0.4223   0.673   -.310464      .48099
> 7
    Bias-corrected |  .05314     .20191   0.2632   0.792   -.342592      .44886
> 9
            Robust |  .05314     .24738   0.2148   0.830   -.431716      .53799
> 3
-------------------------------------------------------------------------------
> -
Std. Err. adjusted for clusters in site_id
/Users/brycewang/Documents/GitHub/top5-Econ-Paper-Replications/QJE2020-Watering
> -Down-Environmental-Regulation/Results/Tables/TS_Channel_Pre.xml
dir : seeout

Sharp RD estimates using local polynomial regression.

      Cutoff c = 0 | Left of c  Right of c            Number of obs =       227
> 1
-------------------+----------------------            BW type       =      mser
> d
     Number of obs |      1355         916            Kernel        = Triangula
> r
Eff. Number of obs |       649         459            VCE method    =    Cluste
> r
    Order est. (p) |         1           1
    Order bias (q) |         2           2
       BW est. (h) |     7.690       7.690
       BW bias (b) |    11.014      11.014
         rho (h/b) |     0.698       0.698
Number of clusters |       107          85

Outcome: resid1_lnk. Running variable: distance_new.
-------------------------------------------------------------------------------
> -
            Method |   Coef.    Std. Err.    z     P>|z|    [95% Conf. Interval
> ]
-------------------+-----------------------------------------------------------
> -
      Conventional | -.09767     .21234   -0.4600  0.646   -.513843      .31850
> 7
    Bias-corrected | -.05965     .21234   -0.2809  0.779    -.47583       .3565
> 2
            Robust | -.05965     .26449   -0.2255  0.822   -.578041      .45873
> 1
-------------------------------------------------------------------------------
> -
Std. Err. adjusted for clusters in site_id
/Users/brycewang/Documents/GitHub/top5-Econ-Paper-Replications/QJE2020-Watering
> -Down-Environmental-Regulation/Results/Tables/TS_Channel_Pre.xml
dir : seeout

Sharp RD estimates using local polynomial regression.

      Cutoff c = 0 | Left of c  Right of c            Number of obs =       227
> 1
-------------------+----------------------            BW type       =      mser
> d
     Number of obs |      1355         916            Kernel        = Epanechni
> kov
Eff. Number of obs |       492         346            VCE method    =    Cluste
> r
    Order est. (p) |         1           1
    Order bias (q) |         2           2
       BW est. (h) |     6.386       6.386
       BW bias (b) |     9.699       9.699
         rho (h/b) |     0.658       0.658
Number of clusters |        98          78

Outcome: resid1_lnk. Running variable: distance_new.
-------------------------------------------------------------------------------
> -
            Method |   Coef.    Std. Err.    z     P>|z|    [95% Conf. Interval
> ]
-------------------+-----------------------------------------------------------
> -
      Conventional |   -.078     .22344   -0.3491  0.727   -.515932      .35992
> 9
    Bias-corrected |  -.0406     .22344   -0.1817  0.856   -.478534      .39732
> 7
            Robust |  -.0406     .27612   -0.1471  0.883   -.581789      .50058
> 1
-------------------------------------------------------------------------------
> -
Std. Err. adjusted for clusters in site_id
/Users/brycewang/Documents/GitHub/top5-Econ-Paper-Replications/QJE2020-Watering
> -Down-Environmental-Regulation/Results/Tables/TS_Channel_Pre.xml
dir : seeout

Sharp RD estimates using local polynomial regression.

      Cutoff c = 0 | Left of c  Right of c            Number of obs =       227
> 1
-------------------+----------------------            BW type       =      mser
> d
     Number of obs |      1355         916            Kernel        =    Unifor
> m
Eff. Number of obs |       330         171            VCE method    =    Cluste
> r
    Order est. (p) |         1           1
    Order bias (q) |         2           2
       BW est. (h) |     4.782       4.782
       BW bias (b) |     8.454       8.454
         rho (h/b) |     0.566       0.566
Number of clusters |        87          68

Outcome: resid1_lnk. Running variable: distance_new.
-------------------------------------------------------------------------------
> -
            Method |   Coef.    Std. Err.    z     P>|z|    [95% Conf. Interval
> ]
-------------------+-----------------------------------------------------------
> -
      Conventional | -.10298     .25857   -0.3983  0.690   -.609773      .40381
> 2
    Bias-corrected | -.04207     .25857   -0.1627  0.871   -.548862      .46472
> 3
            Robust | -.04207      .2892   -0.1455  0.884   -.608899       .5247
> 6
-------------------------------------------------------------------------------
> -
Std. Err. adjusted for clusters in site_id
/Users/brycewang/Documents/GitHub/top5-Econ-Paper-Replications/QJE2020-Watering
> -Down-Environmental-Regulation/Results/Tables/TS_Channel_Pre.xml
dir : seeout

Sharp RD estimates using local polynomial regression.

      Cutoff c = 0 | Left of c  Right of c            Number of obs =       227
> 4
-------------------+----------------------            BW type       =      mser
> d
     Number of obs |      1359         915            Kernel        = Triangula
> r
Eff. Number of obs |       604         444            VCE method    =    Cluste
> r
    Order est. (p) |         1           1
    Order bias (q) |         2           2
       BW est. (h) |     7.276       7.276
       BW bias (b) |    10.590      10.590
         rho (h/b) |     0.687       0.687
Number of clusters |       103          82

Outcome: resid1_lnm. Running variable: distance_new.
-------------------------------------------------------------------------------
> -
            Method |   Coef.    Std. Err.    z     P>|z|    [95% Conf. Interval
> ]
-------------------+-----------------------------------------------------------
> -
      Conventional |  .01522     .16266   0.0936   0.925   -.303584       .3340
> 3
    Bias-corrected | -.02707     .16266   -0.1665  0.868   -.345882      .29173
> 2
            Robust | -.02707     .19363   -0.1398  0.889   -.406588      .35243
> 8
-------------------------------------------------------------------------------
> -
Std. Err. adjusted for clusters in site_id
/Users/brycewang/Documents/GitHub/top5-Econ-Paper-Replications/QJE2020-Watering
> -Down-Environmental-Regulation/Results/Tables/TS_Channel_Pre.xml
dir : seeout

Sharp RD estimates using local polynomial regression.

      Cutoff c = 0 | Left of c  Right of c            Number of obs =       227
> 4
-------------------+----------------------            BW type       =      mser
> d
     Number of obs |      1359         915            Kernel        = Epanechni
> kov
Eff. Number of obs |       546         380            VCE method    =    Cluste
> r
    Order est. (p) |         1           1
    Order bias (q) |         2           2
       BW est. (h) |     6.877       6.877
       BW bias (b) |    10.764      10.764
         rho (h/b) |     0.639       0.639
Number of clusters |       105          84

Outcome: resid1_lnm. Running variable: distance_new.
-------------------------------------------------------------------------------
> -
            Method |   Coef.    Std. Err.    z     P>|z|    [95% Conf. Interval
> ]
-------------------+-----------------------------------------------------------
> -
      Conventional |  .02393     .16201   0.1477   0.883   -.293602       .3414
> 7
    Bias-corrected |  -.0133     .16201   -0.0821  0.935   -.330833      .30423
> 9
            Robust |  -.0133     .19296   -0.0689  0.945   -.391483      .36488
> 9
-------------------------------------------------------------------------------
> -
Std. Err. adjusted for clusters in site_id
/Users/brycewang/Documents/GitHub/top5-Econ-Paper-Replications/QJE2020-Watering
> -Down-Environmental-Regulation/Results/Tables/TS_Channel_Pre.xml
dir : seeout

Sharp RD estimates using local polynomial regression.

      Cutoff c = 0 | Left of c  Right of c            Number of obs =       227
> 4
-------------------+----------------------            BW type       =      mser
> d
     Number of obs |      1359         915            Kernel        =    Unifor
> m
Eff. Number of obs |       327         166            VCE method    =    Cluste
> r
    Order est. (p) |         1           1
    Order bias (q) |         2           2
       BW est. (h) |     4.743       4.743
       BW bias (b) |     8.393       8.393
         rho (h/b) |     0.565       0.565
Number of clusters |        84          68

Outcome: resid1_lnm. Running variable: distance_new.
-------------------------------------------------------------------------------
> -
            Method |   Coef.    Std. Err.    z     P>|z|    [95% Conf. Interval
> ]
-------------------+-----------------------------------------------------------
> -
      Conventional | -.00081     .20085   -0.0040  0.997   -.394474      .39285
> 8
    Bias-corrected |  .04544     .20085   0.2262   0.821   -.348227      .43910
> 5
            Robust |  .04544     .22851   0.1988   0.842   -.402431      .49330
> 8
-------------------------------------------------------------------------------
> -
Std. Err. adjusted for clusters in site_id
/Users/brycewang/Documents/GitHub/top5-Econ-Paper-Replications/QJE2020-Watering
> -Down-Environmental-Regulation/Results/Tables/TS_Channel_Pre.xml
dir : seeout

Sharp RD estimates using local polynomial regression.

      Cutoff c = 0 | Left of c  Right of c            Number of obs =       227
> 6
-------------------+----------------------            BW type       =      mser
> d
     Number of obs |      1361         915            Kernel        = Triangula
> r
Eff. Number of obs |       469         299            VCE method    =    Cluste
> r
    Order est. (p) |         1           1
    Order bias (q) |         2           2
       BW est. (h) |     6.027       6.027
       BW bias (b) |     8.125       8.125
         rho (h/b) |     0.742       0.742
Number of clusters |        82          67

Outcome: resid1_lnv_l. Running variable: distance_new.
-------------------------------------------------------------------------------
> -
            Method |   Coef.    Std. Err.    z     P>|z|    [95% Conf. Interval
> ]
-------------------+-----------------------------------------------------------
> -
      Conventional |  .00355     .05566   0.0638   0.949   -.105534      .11263
> 1
    Bias-corrected |  .00203     .05566   0.0364   0.971   -.107054      .11111
> 1
            Robust |  .00203      .0719   0.0282   0.977   -.138898      .14295
> 5
-------------------------------------------------------------------------------
> -
Std. Err. adjusted for clusters in site_id
/Users/brycewang/Documents/GitHub/top5-Econ-Paper-Replications/QJE2020-Watering
> -Down-Environmental-Regulation/Results/Tables/TS_Channel_Pre.xml
dir : seeout

Sharp RD estimates using local polynomial regression.

      Cutoff c = 0 | Left of c  Right of c            Number of obs =       227
> 6
-------------------+----------------------            BW type       =      mser
> d
     Number of obs |      1361         915            Kernel        = Epanechni
> kov
Eff. Number of obs |       379         207            VCE method    =    Cluste
> r
    Order est. (p) |         1           1
    Order bias (q) |         2           2
       BW est. (h) |     5.162       5.162
       BW bias (b) |     7.609       7.609
         rho (h/b) |     0.678       0.678
Number of clusters |        81          62

Outcome: resid1_lnv_l. Running variable: distance_new.
-------------------------------------------------------------------------------
> -
            Method |   Coef.    Std. Err.    z     P>|z|    [95% Conf. Interval
> ]
-------------------+-----------------------------------------------------------
> -
      Conventional |  .01712     .06252   0.2737   0.784    -.10543      .13966
> 1
    Bias-corrected |  .01878     .06252   0.3003   0.764   -.103768      .14132
> 3
            Robust |  .01878     .07596   0.2472   0.805   -.130105       .1676
> 6
-------------------------------------------------------------------------------
> -
Std. Err. adjusted for clusters in site_id
/Users/brycewang/Documents/GitHub/top5-Econ-Paper-Replications/QJE2020-Watering
> -Down-Environmental-Regulation/Results/Tables/TS_Channel_Pre.xml
dir : seeout

Sharp RD estimates using local polynomial regression.

      Cutoff c = 0 | Left of c  Right of c            Number of obs =       227
> 6
-------------------+----------------------            BW type       =      mser
> d
     Number of obs |      1361         915            Kernel        =    Unifor
> m
Eff. Number of obs |       442         255            VCE method    =    Cluste
> r
    Order est. (p) |         1           1
    Order bias (q) |         2           2
       BW est. (h) |     5.760       5.760
       BW bias (b) |     9.105       9.105
         rho (h/b) |     0.633       0.633
Number of clusters |        93          72

Outcome: resid1_lnv_l. Running variable: distance_new.
-------------------------------------------------------------------------------
> -
            Method |   Coef.    Std. Err.    z     P>|z|    [95% Conf. Interval
> ]
-------------------+-----------------------------------------------------------
> -
      Conventional |  .00604     .04613   0.1310   0.896   -.084366      .09645
> 1
    Bias-corrected |  .00991     .04613   0.2149   0.830   -.080495      .10032
> 1
            Robust |  .00991     .05963   0.1662   0.868   -.106959      .12678
> 5
-------------------------------------------------------------------------------
> -
Std. Err. adjusted for clusters in site_id
/Users/brycewang/Documents/GitHub/top5-Econ-Paper-Replications/QJE2020-Watering
> -Down-Environmental-Regulation/Results/Tables/TS_Channel_Pre.xml
dir : seeout

Sharp RD estimates using local polynomial regression.

      Cutoff c = 0 | Left of c  Right of c            Number of obs =       227
> 4
-------------------+----------------------            BW type       =      mser
> d
     Number of obs |      1364         910            Kernel        = Triangula
> r
Eff. Number of obs |       538         374            VCE method    =    Cluste
> r
    Order est. (p) |         1           1
    Order bias (q) |         2           2
       BW est. (h) |     6.710       6.710
       BW bias (b) |    10.603      10.603
         rho (h/b) |     0.633       0.633
Number of clusters |       103          81

Outcome: resid1_lnv_k. Running variable: distance_new.
-------------------------------------------------------------------------------
> -
            Method |   Coef.    Std. Err.    z     P>|z|    [95% Conf. Interval
> ]
-------------------+-----------------------------------------------------------
> -
      Conventional |  .07273     .08076   0.9005   0.368   -.085567      .23102
> 1
    Bias-corrected |  .04322     .08076   0.5352   0.593    -.11507      .20151
> 9
            Robust |  .04322      .0975   0.4433   0.658   -.147867      .23431
> 6
-------------------------------------------------------------------------------
> -
Std. Err. adjusted for clusters in site_id
/Users/brycewang/Documents/GitHub/top5-Econ-Paper-Replications/QJE2020-Watering
> -Down-Environmental-Regulation/Results/Tables/TS_Channel_Pre.xml
dir : seeout

Sharp RD estimates using local polynomial regression.

      Cutoff c = 0 | Left of c  Right of c            Number of obs =       227
> 4
-------------------+----------------------            BW type       =      mser
> d
     Number of obs |      1364         910            Kernel        = Epanechni
> kov
Eff. Number of obs |       444         295            VCE method    =    Cluste
> r
    Order est. (p) |         1           1
    Order bias (q) |         2           2
       BW est. (h) |     5.893       5.893
       BW bias (b) |     9.905       9.905
         rho (h/b) |     0.595       0.595
Number of clusters |        97          77

Outcome: resid1_lnv_k. Running variable: distance_new.
-------------------------------------------------------------------------------
> -
            Method |   Coef.    Std. Err.    z     P>|z|    [95% Conf. Interval
> ]
-------------------+-----------------------------------------------------------
> -
      Conventional |  .06653     .08705   0.7643   0.445   -.104086      .23714
> 2
    Bias-corrected |  .04227     .08705   0.4856   0.627   -.128346      .21288
> 3
            Robust |  .04227     .10472   0.4036   0.686    -.16297      .24750
> 7
-------------------------------------------------------------------------------
> -
Std. Err. adjusted for clusters in site_id
/Users/brycewang/Documents/GitHub/top5-Econ-Paper-Replications/QJE2020-Watering
> -Down-Environmental-Regulation/Results/Tables/TS_Channel_Pre.xml
dir : seeout

Sharp RD estimates using local polynomial regression.

      Cutoff c = 0 | Left of c  Right of c            Number of obs =       227
> 4
-------------------+----------------------            BW type       =      mser
> d
     Number of obs |      1364         910            Kernel        =    Unifor
> m
Eff. Number of obs |       338         170            VCE method    =    Cluste
> r
    Order est. (p) |         1           1
    Order bias (q) |         2           2
       BW est. (h) |     4.804       4.804
       BW bias (b) |     9.005       9.005
         rho (h/b) |     0.534       0.534
Number of clusters |        91          71

Outcome: resid1_lnv_k. Running variable: distance_new.
-------------------------------------------------------------------------------
> -
            Method |   Coef.    Std. Err.    z     P>|z|    [95% Conf. Interval
> ]
-------------------+-----------------------------------------------------------
> -
      Conventional |  .00839     .09591   0.0875   0.930   -.179584      .19636
> 5
    Bias-corrected | -.00467     .09591   -0.0487  0.961   -.192641      .18330
> 8
            Robust | -.00467     .11295   -0.0413  0.967   -.226041      .21670
> 9
-------------------------------------------------------------------------------
> -
Std. Err. adjusted for clusters in site_id
/Users/brycewang/Documents/GitHub/top5-Econ-Paper-Replications/QJE2020-Watering
> -Down-Environmental-Regulation/Results/Tables/TS_Channel_Pre.xml
dir : seeout

. 
. xmluse $result/TS_Channel_Pre.xml, doctype(excel) sheet(Sheet1) cells(A2:FZ10
> 0) allstring missing nocompress clear 
(more variables in requested cell range than in data)
(more observations in requested cell range than in data)

. export excel using $result/Tables_TFP.xlsx, sheet("TS_Channel_Pre", replace) 
file /Users/brycewang/Documents/GitHub/top5-Econ-Paper-Replications/QJE2020-Wat
> ering-Down-Environmental-Regulation/Results/Tables/Tables_TFP.xlsx saved

. 
. 
. 
. 
. 
end of do-file

. global rc = _rc

. global sec = (clock("`c(current_date)' `c(current_time)'", "DMYhms") - $t0)/1
> 000

. file open _sl using "$steplog", write text append

. file write _sl "$step,$dof,$rc,$sec" _n

. file close _sl

. 
. * ---- Table IV: abatement --------------------------------------------------
> -----
. global step "T4_Abatement"

. global dof  "T4_Abatement/4_Abatement_replication.do"

. global data "$pkg/$step"

. global t0 = clock("`c(current_date)' `c(current_time)'", "DMYhms")

. cap noi do "$root/Program/$dof"

. * set directories 
. clear all

. set maxvar  30000


. set matsize 11000 
set matsize ignored.
    Matrix sizes are no longer limited by c(matsize) in modern Statas.
    Matrix sizes are now limited by edition of Stata.  See limits for more
    details.

. set more off

. cap log close

. 
. 
. use "$data/abatement_QJE_final.dta",clear

. cap erase $result/T_abatement.txt 

. cap erase $result/T_abatement.xml       

. 
. 
. ********Abatement in production process********
. ** reduced production hours 
. rdrobust resid1_hours distance_new,masspoints(off) kernel(tri) all vce(cluste
> r site_id)

Sharp RD estimates using local polynomial regression.

      Cutoff c = 0 | Left of c  Right of c            Number of obs =       730
> 2
-------------------+----------------------            BW type       =      mser
> d
     Number of obs |      4357        2945            Kernel        = Triangula
> r
Eff. Number of obs |      1223         965            VCE method    =    Cluste
> r
    Order est. (p) |         1           1
    Order bias (q) |         2           2
       BW est. (h) |     5.222       5.222
       BW bias (b) |     8.999       8.999
         rho (h/b) |     0.580       0.580
Number of clusters |       141         113

Outcome: resid1_hours. Running variable: distance_new.
-------------------------------------------------------------------------------
> -
            Method |   Coef.    Std. Err.    z     P>|z|    [95% Conf. Interval
> ]
-------------------+-----------------------------------------------------------
> -
      Conventional |   288.3     101.38   2.8436   0.004    89.5892      487.00
> 3
    Bias-corrected |  331.83     101.38   3.2730   0.001    133.123      530.53
> 7
            Robust |  331.83     115.03   2.8848   0.004    106.383      557.27
> 7
-------------------------------------------------------------------------------
> -
Std. Err. adjusted for clusters in site_id

. outreg2 using $result/T_abatement, excel addtext(Kernel Type, `e(kernel)') ct
> itle(resid prod hours) dec(0) replace
/Users/brycewang/Documents/GitHub/top5-Econ-Paper-Replications/QJE2020-Watering
> -Down-Environmental-Regulation/Results/Tables/T_abatement.xml
dir : seeout

. rdrobust resid1_hours distance_new,masspoints(off) kernel(epa) all vce(cluste
> r site_id)

Sharp RD estimates using local polynomial regression.

      Cutoff c = 0 | Left of c  Right of c            Number of obs =       730
> 2
-------------------+----------------------            BW type       =      mser
> d
     Number of obs |      4357        2945            Kernel        = Epanechni
> kov
Eff. Number of obs |      1350        1093            VCE method    =    Cluste
> r
    Order est. (p) |         1           1
    Order bias (q) |         2           2
       BW est. (h) |     5.636       5.636
       BW bias (b) |     9.275       9.275
         rho (h/b) |     0.608       0.608
Number of clusters |       144         115

Outcome: resid1_hours. Running variable: distance_new.
-------------------------------------------------------------------------------
> -
            Method |   Coef.    Std. Err.    z     P>|z|    [95% Conf. Interval
> ]
-------------------+-----------------------------------------------------------
> -
      Conventional |  255.93     104.91   2.4394   0.015    50.2961      461.55
> 5
    Bias-corrected |  306.28     104.91   2.9193   0.004    100.652      511.91
> 1
            Robust |  306.28     120.53   2.5412   0.011    70.0514      542.51
> 1
-------------------------------------------------------------------------------
> -
Std. Err. adjusted for clusters in site_id

. outreg2 using $result/T_abatement, excel addtext(Kernel Type, `e(kernel)') ct
> itle(resid prod hours) dec(0) append
/Users/brycewang/Documents/GitHub/top5-Econ-Paper-Replications/QJE2020-Watering
> -Down-Environmental-Regulation/Results/Tables/T_abatement.xml
dir : seeout

. rdrobust resid1_hours distance_new,masspoints(off) kernel(uni) all vce(cluste
> r site_id)

Sharp RD estimates using local polynomial regression.

      Cutoff c = 0 | Left of c  Right of c            Number of obs =       730
> 2
-------------------+----------------------            BW type       =      mser
> d
     Number of obs |      4357        2945            Kernel        =    Unifor
> m
Eff. Number of obs |      1763        1475            VCE method    =    Cluste
> r
    Order est. (p) |         1           1
    Order bias (q) |         2           2
       BW est. (h) |     7.037       7.037
       BW bias (b) |    10.983      10.983
         rho (h/b) |     0.641       0.641
Number of clusters |       168         129

Outcome: resid1_hours. Running variable: distance_new.
-------------------------------------------------------------------------------
> -
            Method |   Coef.    Std. Err.    z     P>|z|    [95% Conf. Interval
> ]
-------------------+-----------------------------------------------------------
> -
      Conventional |  171.45     91.545   1.8729   0.061   -7.97389      350.87
> 6
    Bias-corrected |  208.58     91.545   2.2784   0.023    29.1535      388.00
> 4
            Robust |  208.58     117.87   1.7695   0.077   -22.4444      439.60
> 2
-------------------------------------------------------------------------------
> -
Std. Err. adjusted for clusters in site_id

. outreg2 using $result/T_abatement, excel addtext(Kernel Type, `e(kernel)') ct
> itle(resid prod hours) dec(0) append
/Users/brycewang/Documents/GitHub/top5-Econ-Paper-Replications/QJE2020-Watering
> -Down-Environmental-Regulation/Results/Tables/T_abatement.xml
dir : seeout

. 
. 
. 
. ** reduced water usage (changing towards less water-intensive technologies)
. rdrobust resid1_log_water distance_new,masspoints(off) kernel(tri) all vce(cl
> uster site_id)

Sharp RD estimates using local polynomial regression.

      Cutoff c = 0 | Left of c  Right of c            Number of obs =       660
> 6
-------------------+----------------------            BW type       =      mser
> d
     Number of obs |      3934        2672            Kernel        = Triangula
> r
Eff. Number of obs |       636         346            VCE method    =    Cluste
> r
    Order est. (p) |         1           1
    Order bias (q) |         2           2
       BW est. (h) |     3.164       3.164
       BW bias (b) |     6.189       6.189
         rho (h/b) |     0.511       0.511
Number of clusters |       100          83

Outcome: resid1_log_water. Running variable: distance_new.
-------------------------------------------------------------------------------
> -
            Method |   Coef.    Std. Err.    z     P>|z|    [95% Conf. Interval
> ]
-------------------+-----------------------------------------------------------
> -
      Conventional |  .62497     .22757   2.7463   0.006    .178937        1.07
> 1
    Bias-corrected |  .69506     .22757   3.0542   0.002    .249023      1.1410
> 9
            Robust |  .69506     .26252   2.6476   0.008    .180517      1.2095
> 9
-------------------------------------------------------------------------------
> -
Std. Err. adjusted for clusters in site_id

. outreg2 using $result/T_abatement, excel addtext(Kernel Type, `e(kernel)') ct
> itle(resid log water input) dec(2) append
/Users/brycewang/Documents/GitHub/top5-Econ-Paper-Replications/QJE2020-Watering
> -Down-Environmental-Regulation/Results/Tables/T_abatement.xml
dir : seeout

. rdrobust resid1_log_water distance_new,masspoints(off) kernel(epa) all vce(cl
> uster site_id)

Sharp RD estimates using local polynomial regression.

      Cutoff c = 0 | Left of c  Right of c            Number of obs =       660
> 6
-------------------+----------------------            BW type       =      mser
> d
     Number of obs |      3934        2672            Kernel        = Epanechni
> kov
Eff. Number of obs |       636         364            VCE method    =    Cluste
> r
    Order est. (p) |         1           1
    Order bias (q) |         2           2
       BW est. (h) |     3.265       3.265
       BW bias (b) |     7.143       7.143
         rho (h/b) |     0.457       0.457
Number of clusters |       114          97

Outcome: resid1_log_water. Running variable: distance_new.
-------------------------------------------------------------------------------
> -
            Method |   Coef.    Std. Err.    z     P>|z|    [95% Conf. Interval
> ]
-------------------+-----------------------------------------------------------
> -
      Conventional |  .60474     .25093   2.4100   0.016    .112924      1.0965
> 5
    Bias-corrected |  .71104     .25093   2.8336   0.005    .219228      1.2028
> 5
            Robust |  .71104      .2866   2.4810   0.013    .149316      1.2727
> 6
-------------------------------------------------------------------------------
> -
Std. Err. adjusted for clusters in site_id

. outreg2 using $result/T_abatement, excel addtext(Kernel Type, `e(kernel)') ct
> itle(resid log water input) dec(2) append
/Users/brycewang/Documents/GitHub/top5-Econ-Paper-Replications/QJE2020-Watering
> -Down-Environmental-Regulation/Results/Tables/T_abatement.xml
dir : seeout

. rdrobust resid1_log_water distance_new,masspoints(off) kernel(uni) all vce(cl
> uster site_id)

Sharp RD estimates using local polynomial regression.

      Cutoff c = 0 | Left of c  Right of c            Number of obs =       660
> 6
-------------------+----------------------            BW type       =      mser
> d
     Number of obs |      3934        2672            Kernel        =    Unifor
> m
Eff. Number of obs |       580         219            VCE method    =    Cluste
> r
    Order est. (p) |         1           1
    Order bias (q) |         2           2
       BW est. (h) |     2.497       2.497
       BW bias (b) |     5.757       5.757
         rho (h/b) |     0.434       0.434
Number of clusters |        91          77

Outcome: resid1_log_water. Running variable: distance_new.
-------------------------------------------------------------------------------
> -
            Method |   Coef.    Std. Err.    z     P>|z|    [95% Conf. Interval
> ]
-------------------+-----------------------------------------------------------
> -
      Conventional |  .40058     .27864   1.4376   0.151   -.145546      .94670
> 6
    Bias-corrected |  .51865     .27864   1.8614   0.063   -.027473      1.0647
> 8
            Robust |  .51865     .35685   1.4534   0.146   -.180759      1.2180
> 7
-------------------------------------------------------------------------------
> -
Std. Err. adjusted for clusters in site_id

. outreg2 using $result/T_abatement, excel addtext(Kernel Type, `e(kernel)') ct
> itle(resid log water input) dec(2) append
/Users/brycewang/Documents/GitHub/top5-Econ-Paper-Replications/QJE2020-Watering
> -Down-Environmental-Regulation/Results/Tables/T_abatement.xml
dir : seeout

. 
.  
.  ********End-of-the-Pipe Technology********
.  **upstream firms own more abatement machines
. rdrobust resid1_machine distance_new ,masspoints(off) kernel(tri) all vce(clu
> ster site_id)

Sharp RD estimates using local polynomial regression.

      Cutoff c = 0 | Left of c  Right of c            Number of obs =       726
> 5
-------------------+----------------------            BW type       =      mser
> d
     Number of obs |      4325        2940            Kernel        = Triangula
> r
Eff. Number of obs |      1002         690            VCE method    =    Cluste
> r
    Order est. (p) |         1           1
    Order bias (q) |         2           2
       BW est. (h) |     4.384       4.384
       BW bias (b) |     7.378       7.378
         rho (h/b) |     0.594       0.594
Number of clusters |       118         102

Outcome: resid1_machine. Running variable: distance_new.
-------------------------------------------------------------------------------
> -
            Method |   Coef.    Std. Err.    z     P>|z|    [95% Conf. Interval
> ]
-------------------+-----------------------------------------------------------
> -
      Conventional | -1.1454     .62446   -1.8342  0.067   -2.36933       .0785
> 1
    Bias-corrected | -1.3871     .62446   -2.2213  0.026   -2.61105     -.16321
> 5
            Robust | -1.3871     .73761   -1.8806  0.060   -2.83283       .0585
> 6
-------------------------------------------------------------------------------
> -
Std. Err. adjusted for clusters in site_id

. outreg2 using $result/T_abatement, excel addtext(Kernel Type, `e(kernel)') ct
> itle(resid abate machine) dec(2) append
/Users/brycewang/Documents/GitHub/top5-Econ-Paper-Replications/QJE2020-Watering
> -Down-Environmental-Regulation/Results/Tables/T_abatement.xml
dir : seeout

. rdrobust resid1_machine distance_new ,masspoints(off) kernel(epa) all vce(clu
> ster site_id)

Sharp RD estimates using local polynomial regression.

      Cutoff c = 0 | Left of c  Right of c            Number of obs =       726
> 5
-------------------+----------------------            BW type       =      mser
> d
     Number of obs |      4325        2940            Kernel        = Epanechni
> kov
Eff. Number of obs |      1031         773            VCE method    =    Cluste
> r
    Order est. (p) |         1           1
    Order bias (q) |         2           2
       BW est. (h) |     4.549       4.549
       BW bias (b) |     7.706       7.706
         rho (h/b) |     0.590       0.590
Number of clusters |       119         103

Outcome: resid1_machine. Running variable: distance_new.
-------------------------------------------------------------------------------
> -
            Method |   Coef.    Std. Err.    z     P>|z|    [95% Conf. Interval
> ]
-------------------+-----------------------------------------------------------
> -
      Conventional | -1.0663      .6161   -1.7307  0.084    -2.2738      .14125
> 8
    Bias-corrected | -1.3369      .6161   -2.1700  0.030   -2.54445      -.1293
> 9
            Robust | -1.3369     .73982   -1.8071  0.071   -2.78694      .11310
> 1
-------------------------------------------------------------------------------
> -
Std. Err. adjusted for clusters in site_id

. outreg2 using $result/T_abatement, excel addtext(Kernel Type, `e(kernel)') ct
> itle(resid abate machine) dec(2) append
/Users/brycewang/Documents/GitHub/top5-Econ-Paper-Replications/QJE2020-Watering
> -Down-Environmental-Regulation/Results/Tables/T_abatement.xml
dir : seeout

. rdrobust resid1_machine distance_new ,masspoints(off) kernel(uni) all vce(clu
> ster site_id)

Sharp RD estimates using local polynomial regression.

      Cutoff c = 0 | Left of c  Right of c            Number of obs =       726
> 5
-------------------+----------------------            BW type       =      mser
> d
     Number of obs |      4325        2940            Kernel        =    Unifor
> m
Eff. Number of obs |       776         441            VCE method    =    Cluste
> r
    Order est. (p) |         1           1
    Order bias (q) |         2           2
       BW est. (h) |     3.416       3.416
       BW bias (b) |     6.805       6.805
         rho (h/b) |     0.502       0.502
Number of clusters |       108          92

Outcome: resid1_machine. Running variable: distance_new.
-------------------------------------------------------------------------------
> -
            Method |   Coef.    Std. Err.    z     P>|z|    [95% Conf. Interval
> ]
-------------------+-----------------------------------------------------------
> -
      Conventional | -1.2896     .69091   -1.8665  0.062   -2.64375      .06455
> 5
    Bias-corrected | -1.6293     .69091   -2.3582  0.018   -2.98343     -.27512
> 3
            Robust | -1.6293     .79108   -2.0596  0.039   -3.17976     -.07879
> 1
-------------------------------------------------------------------------------
> -
Std. Err. adjusted for clusters in site_id

. outreg2 using $result/T_abatement, excel addtext(Kernel Type, `e(kernel)') ct
> itle(resid abate machine) dec(2) append
/Users/brycewang/Documents/GitHub/top5-Econ-Paper-Replications/QJE2020-Watering
> -Down-Environmental-Regulation/Results/Tables/T_abatement.xml
dir : seeout

. 
.  
.  **upstream firms have higher abatement capacity
. rdrobust resid1_total_capacity distance_new ,masspoints(off) kernel(tri) all 
> vce(cluster site_id)

Sharp RD estimates using local polynomial regression.

      Cutoff c = 0 | Left of c  Right of c            Number of obs =       462
> 4
-------------------+----------------------            BW type       =      mser
> d
     Number of obs |      2738        1886            Kernel        = Triangula
> r
Eff. Number of obs |       603         406            VCE method    =    Cluste
> r
    Order est. (p) |         1           1
    Order bias (q) |         2           2
       BW est. (h) |     4.151       4.151
       BW bias (b) |     6.407       6.407
         rho (h/b) |     0.648       0.648
Number of clusters |        83          75

Outcome: resid1_total_capacity. Running variable: distance_new.
-------------------------------------------------------------------------------
> -
            Method |   Coef.    Std. Err.    z     P>|z|    [95% Conf. Interval
> ]
-------------------+-----------------------------------------------------------
> -
      Conventional | -7381.1     3733.3   -1.9771  0.048   -14698.1      -63.99
> 4
    Bias-corrected | -7145.3     3733.3   -1.9139  0.056   -14462.4      171.78
> 9
            Robust | -7145.3     4474.4   -1.5969  0.110   -15914.9      1624.3
> 6
-------------------------------------------------------------------------------
> -
Std. Err. adjusted for clusters in site_id

. outreg2 using $result/T_abatement, excel addtext(Kernel Type, `e(kernel)') ct
> itle(resid abate capacity) dec(0) append
/Users/brycewang/Documents/GitHub/top5-Econ-Paper-Replications/QJE2020-Watering
> -Down-Environmental-Regulation/Results/Tables/T_abatement.xml
dir : seeout

. rdrobust resid1_total_capacity distance_new ,masspoints(off) kernel(epa) all 
> vce(cluster site_id)

Sharp RD estimates using local polynomial regression.

      Cutoff c = 0 | Left of c  Right of c            Number of obs =       462
> 4
-------------------+----------------------            BW type       =      mser
> d
     Number of obs |      2738        1886            Kernel        = Epanechni
> kov
Eff. Number of obs |       608         407            VCE method    =    Cluste
> r
    Order est. (p) |         1           1
    Order bias (q) |         2           2
       BW est. (h) |     4.181       4.181
       BW bias (b) |     6.800       6.800
         rho (h/b) |     0.615       0.615
Number of clusters |        88          81

Outcome: resid1_total_capacity. Running variable: distance_new.
-------------------------------------------------------------------------------
> -
            Method |   Coef.    Std. Err.    z     P>|z|    [95% Conf. Interval
> ]
-------------------+-----------------------------------------------------------
> -
      Conventional | -8593.9     3854.7   -2.2295  0.026     -16149     -1038.8
> 7
    Bias-corrected | -9016.4     3854.7   -2.3391  0.019   -16571.4      -1461.
> 3
            Robust | -9016.4     4687.6   -1.9235  0.054   -18203.9      171.14
> 3
-------------------------------------------------------------------------------
> -
Std. Err. adjusted for clusters in site_id

. outreg2 using $result/T_abatement, excel addtext(Kernel Type, `e(kernel)') ct
> itle(resid abate capacity) dec(0) append
/Users/brycewang/Documents/GitHub/top5-Econ-Paper-Replications/QJE2020-Watering
> -Down-Environmental-Regulation/Results/Tables/T_abatement.xml
dir : seeout

. rdrobust resid1_total_capacity distance_new ,masspoints(off) kernel(uni) all 
> vce(cluster site_id)

Sharp RD estimates using local polynomial regression.

      Cutoff c = 0 | Left of c  Right of c            Number of obs =       462
> 4
-------------------+----------------------            BW type       =      mser
> d
     Number of obs |      2738        1886            Kernel        =    Unifor
> m
Eff. Number of obs |       651         450            VCE method    =    Cluste
> r
    Order est. (p) |         1           1
    Order bias (q) |         2           2
       BW est. (h) |     4.332       4.332
       BW bias (b) |     8.082       8.082
         rho (h/b) |     0.536       0.536
Number of clusters |       106          92

Outcome: resid1_total_capacity. Running variable: distance_new.
-------------------------------------------------------------------------------
> -
            Method |   Coef.    Std. Err.    z     P>|z|    [95% Conf. Interval
> ]
-------------------+-----------------------------------------------------------
> -
      Conventional | -7849.4     3714.3   -2.1133  0.035   -15129.3     -569.45
> 8
    Bias-corrected | -9204.6     3714.3   -2.4781  0.013   -16484.5     -1924.6
> 1
            Robust | -9204.6       4329   -2.1263  0.033   -17689.2     -719.92
> 3
-------------------------------------------------------------------------------
> -
Std. Err. adjusted for clusters in site_id

. outreg2 using $result/T_abatement, excel addtext(Kernel Type, `e(kernel)') ct
> itle(resid abate capacity) dec(0) append
/Users/brycewang/Documents/GitHub/top5-Econ-Paper-Replications/QJE2020-Watering
> -Down-Environmental-Regulation/Results/Tables/T_abatement.xml
dir : seeout

. 
. 
. ****** Insert Table *****
. xmluse $result/T_abatement.xml, doctype(excel) sheet(Sheet1) cells(A2:FZ100) 
> allstring missing nocompress clear 
(more variables in requested cell range than in data)
(more observations in requested cell range than in data)

. export excel using $result/Tables_TFP.xlsx, sheet("T_abatement", replace) 
file /Users/brycewang/Documents/GitHub/top5-Econ-Paper-Replications/QJE2020-Wat
> ering-Down-Environmental-Regulation/Results/Tables/Tables_TFP.xlsx saved

. 
. 
. 
end of do-file

. global rc = _rc

. global sec = (clock("`c(current_date)' `c(current_time)'", "DMYhms") - $t0)/1
> 000

. file open _sl using "$steplog", write text append

. file write _sl "$step,$dof,$rc,$sec" _n

. file close _sl

. 
. * ---- Table V: emissions ---------------------------------------------------
> -----
. global step "T5_Emissions"

. global dof  "T5_Emissions/5_Emissions_Replication.do"

. global data "$pkg/$step"

. global t0 = clock("`c(current_date)' `c(current_time)'", "DMYhms")

. cap noi do "$root/Program/$dof"

. * set directories 
. clear all

. set maxvar  30000


. set matsize 11000 
set matsize ignored.
    Matrix sizes are no longer limited by c(matsize) in modern Statas.
    Matrix sizes are now limited by edition of Stata.  See limits for more
    details.

. set more off

. cap log close

. 
. use "$data/water_emission_QJE_final.dta", clear

. ** Local Linear RD Results for Emission **
. 
. cap erase  $result/T_localRD_emission.xml

. cap erase  $result/T_localRD_emission.txt

. 
. foreach y of var resid_log_cod resid_log_cod_intensity resid_log_nh resid_log
> _nh_intensity resid_log_waste_water resid_log_waste_water_intensity {
  2. 
. 
. rdrobust `y' distance_new ,masspoints(off) kernel(tri) all vce(cluster site_i
> d)                         
  3. outreg2 using $result/T_localRD_emission, excel addtext(Kernel Type, `e(ke
> rnel)') ctitle(`y') dec(2) append 
  4. 
. rdrobust `y' distance_new ,masspoints(off) kernel(epa) all vce(cluster site_i
> d)                         
  5. outreg2 using $result/T_localRD_emission, excel addtext(Kernel Type, `e(ke
> rnel)') ctitle(`y') dec(2) append 
  6. 
. rdrobust `y' distance_new ,masspoints(off) kernel(uni) all vce(cluster site_i
> d)                         
  7. outreg2 using $result/T_localRD_emission, excel addtext(Kernel Type, `e(ke
> rnel)') ctitle(`y') dec(2) append 
  8. 
. }

Sharp RD estimates using local polynomial regression.

      Cutoff c = 0 | Left of c  Right of c            Number of obs =       979
> 7
-------------------+----------------------            BW type       =      mser
> d
     Number of obs |      5881        3916            Kernel        = Triangula
> r
Eff. Number of obs |       994         562            VCE method    =    Cluste
> r
    Order est. (p) |         1           1
    Order bias (q) |         2           2
       BW est. (h) |     3.329       3.329
       BW bias (b) |     6.525       6.525
         rho (h/b) |     0.510       0.510
Number of clusters |       112          89

Outcome: resid_log_cod. Running variable: distance_new.
-------------------------------------------------------------------------------
> -
            Method |   Coef.    Std. Err.    z     P>|z|    [95% Conf. Interval
> ]
-------------------+-----------------------------------------------------------
> -
      Conventional |  .83713     .42573   1.9663   0.049    .002718      1.6715
> 4
    Bias-corrected |  1.0016     .42573   2.3527   0.019    .167188      1.8360
> 1
            Robust |  1.0016      .4731   2.1171   0.034     .07434      1.9288
> 6
-------------------------------------------------------------------------------
> -
Std. Err. adjusted for clusters in site_id
/Users/brycewang/Documents/GitHub/top5-Econ-Paper-Replications/QJE2020-Watering
> -Down-Environmental-Regulation/Results/Tables/T_localRD_emission.xml
dir : seeout

Sharp RD estimates using local polynomial regression.

      Cutoff c = 0 | Left of c  Right of c            Number of obs =       979
> 7
-------------------+----------------------            BW type       =      mser
> d
     Number of obs |      5881        3916            Kernel        = Epanechni
> kov
Eff. Number of obs |      1003         584            VCE method    =    Cluste
> r
    Order est. (p) |         1           1
    Order bias (q) |         2           2
       BW est. (h) |     3.418       3.418
       BW bias (b) |     6.935       6.935
         rho (h/b) |     0.493       0.493
Number of clusters |       117          96

Outcome: resid_log_cod. Running variable: distance_new.
-------------------------------------------------------------------------------
> -
            Method |   Coef.    Std. Err.    z     P>|z|    [95% Conf. Interval
> ]
-------------------+-----------------------------------------------------------
> -
      Conventional |  .75044     .39215   1.9136   0.056   -.018167      1.5190
> 4
    Bias-corrected |  .92345     .39215   2.3548   0.019    .154846      1.6920
> 5
            Robust |  .92345     .43959   2.1007   0.036    .061868      1.7850
> 3
-------------------------------------------------------------------------------
> -
Std. Err. adjusted for clusters in site_id
/Users/brycewang/Documents/GitHub/top5-Econ-Paper-Replications/QJE2020-Watering
> -Down-Environmental-Regulation/Results/Tables/T_localRD_emission.xml
dir : seeout

Sharp RD estimates using local polynomial regression.

      Cutoff c = 0 | Left of c  Right of c            Number of obs =       979
> 7
-------------------+----------------------            BW type       =      mser
> d
     Number of obs |      5881        3916            Kernel        =    Unifor
> m
Eff. Number of obs |      1491        1173            VCE method    =    Cluste
> r
    Order est. (p) |         1           1
    Order bias (q) |         2           2
       BW est. (h) |     5.029       5.029
       BW bias (b) |     8.326       8.326
         rho (h/b) |     0.604       0.604
Number of clusters |       140         110

Outcome: resid_log_cod. Running variable: distance_new.
-------------------------------------------------------------------------------
> -
            Method |   Coef.    Std. Err.    z     P>|z|    [95% Conf. Interval
> ]
-------------------+-----------------------------------------------------------
> -
      Conventional |  .23658     .32021   0.7388   0.460   -.391015       .8641
> 8
    Bias-corrected |  .31444     .32021   0.9820   0.326   -.313163      .94203
> 3
            Robust |  .31444     .34652   0.9074   0.364   -.364727      .99359
> 7
-------------------------------------------------------------------------------
> -
Std. Err. adjusted for clusters in site_id
/Users/brycewang/Documents/GitHub/top5-Econ-Paper-Replications/QJE2020-Watering
> -Down-Environmental-Regulation/Results/Tables/T_localRD_emission.xml
dir : seeout

Sharp RD estimates using local polynomial regression.

      Cutoff c = 0 | Left of c  Right of c            Number of obs =       979
> 7
-------------------+----------------------            BW type       =      mser
> d
     Number of obs |      5880        3917            Kernel        = Triangula
> r
Eff. Number of obs |      1476        1131            VCE method    =    Cluste
> r
    Order est. (p) |         1           1
    Order bias (q) |         2           2
       BW est. (h) |     4.959       4.959
       BW bias (b) |     8.371       8.371
         rho (h/b) |     0.592       0.592
Number of clusters |       140         110

Outcome: resid_log_cod_intensity. Running variable: distance_new.
-------------------------------------------------------------------------------
> -
            Method |   Coef.    Std. Err.    z     P>|z|    [95% Conf. Interval
> ]
-------------------+-----------------------------------------------------------
> -
      Conventional |  .76928     .28535   2.6959   0.007    .210007      1.3285
> 5
    Bias-corrected |  .89624     .28535   3.1409   0.002    .336968      1.4555
> 1
            Robust |  .89624     .34571   2.5924   0.010    .218654      1.5738
> 2
-------------------------------------------------------------------------------
> -
Std. Err. adjusted for clusters in site_id
/Users/brycewang/Documents/GitHub/top5-Econ-Paper-Replications/QJE2020-Watering
> -Down-Environmental-Regulation/Results/Tables/T_localRD_emission.xml
dir : seeout

Sharp RD estimates using local polynomial regression.

      Cutoff c = 0 | Left of c  Right of c            Number of obs =       979
> 7
-------------------+----------------------            BW type       =      mser
> d
     Number of obs |      5880        3917            Kernel        = Epanechni
> kov
Eff. Number of obs |      1476        1131            VCE method    =    Cluste
> r
    Order est. (p) |         1           1
    Order bias (q) |         2           2
       BW est. (h) |     4.959       4.959
       BW bias (b) |     8.344       8.344
         rho (h/b) |     0.594       0.594
Number of clusters |       140         110

Outcome: resid_log_cod_intensity. Running variable: distance_new.
-------------------------------------------------------------------------------
> -
            Method |   Coef.    Std. Err.    z     P>|z|    [95% Conf. Interval
> ]
-------------------+-----------------------------------------------------------
> -
      Conventional |  .70481     .26688   2.6410   0.008    .181741      1.2278
> 7
    Bias-corrected |  .81887     .26688   3.0684   0.002    .295801      1.3419
> 3
            Robust |  .81887     .32955   2.4848   0.013    .172964      1.4647
> 7
-------------------------------------------------------------------------------
> -
Std. Err. adjusted for clusters in site_id
/Users/brycewang/Documents/GitHub/top5-Econ-Paper-Replications/QJE2020-Watering
> -Down-Environmental-Regulation/Results/Tables/T_localRD_emission.xml
dir : seeout

Sharp RD estimates using local polynomial regression.

      Cutoff c = 0 | Left of c  Right of c            Number of obs =       979
> 7
-------------------+----------------------            BW type       =      mser
> d
     Number of obs |      5880        3917            Kernel        =    Unifor
> m
Eff. Number of obs |      1291         907            VCE method    =    Cluste
> r
    Order est. (p) |         1           1
    Order bias (q) |         2           2
       BW est. (h) |     4.394       4.394
       BW bias (b) |     7.336       7.336
         rho (h/b) |     0.599       0.599
Number of clusters |       127         102

Outcome: resid_log_cod_intensity. Running variable: distance_new.
-------------------------------------------------------------------------------
> -
            Method |   Coef.    Std. Err.    z     P>|z|    [95% Conf. Interval
> ]
-------------------+-----------------------------------------------------------
> -
      Conventional |  .72916     .25765   2.8300   0.005    .224178      1.2341
> 5
    Bias-corrected |   .7742     .25765   3.0048   0.003    .269215      1.2791
> 9
            Robust |   .7742     .34078   2.2719   0.023    .106291      1.4421
> 1
-------------------------------------------------------------------------------
> -
Std. Err. adjusted for clusters in site_id
/Users/brycewang/Documents/GitHub/top5-Econ-Paper-Replications/QJE2020-Watering
> -Down-Environmental-Regulation/Results/Tables/T_localRD_emission.xml
dir : seeout

Sharp RD estimates using local polynomial regression.

      Cutoff c = 0 | Left of c  Right of c            Number of obs =       477
> 2
-------------------+----------------------            BW type       =      mser
> d
     Number of obs |      2755        2017            Kernel        = Triangula
> r
Eff. Number of obs |       781         519            VCE method    =    Cluste
> r
    Order est. (p) |         1           1
    Order bias (q) |         2           2
       BW est. (h) |     4.575       4.575
       BW bias (b) |     6.866       6.866
         rho (h/b) |     0.666       0.666
Number of clusters |        90          84

Outcome: resid_log_nh. Running variable: distance_new.
-------------------------------------------------------------------------------
> -
            Method |   Coef.    Std. Err.    z     P>|z|    [95% Conf. Interval
> ]
-------------------+-----------------------------------------------------------
> -
      Conventional |  .87493     .90249   0.9695   0.332   -.893909      2.6437
> 8
    Bias-corrected |  1.0197     .90249   1.1299   0.259   -.749134      2.7885
> 5
            Robust |  1.0197     1.1905   0.8565   0.392   -1.31372      3.3531
> 4
-------------------------------------------------------------------------------
> -
Std. Err. adjusted for clusters in site_id
/Users/brycewang/Documents/GitHub/top5-Econ-Paper-Replications/QJE2020-Watering
> -Down-Environmental-Regulation/Results/Tables/T_localRD_emission.xml
dir : seeout

Sharp RD estimates using local polynomial regression.

      Cutoff c = 0 | Left of c  Right of c            Number of obs =       477
> 2
-------------------+----------------------            BW type       =      mser
> d
     Number of obs |      2755        2017            Kernel        = Epanechni
> kov
Eff. Number of obs |       823         565            VCE method    =    Cluste
> r
    Order est. (p) |         1           1
    Order bias (q) |         2           2
       BW est. (h) |     4.879       4.879
       BW bias (b) |     7.298       7.298
         rho (h/b) |     0.669       0.669
Number of clusters |        98          89

Outcome: resid_log_nh. Running variable: distance_new.
-------------------------------------------------------------------------------
> -
            Method |   Coef.    Std. Err.    z     P>|z|    [95% Conf. Interval
> ]
-------------------+-----------------------------------------------------------
> -
      Conventional |  .75981     .76471   0.9936   0.320   -.738999      2.2586
> 2
    Bias-corrected |  .95593     .76471   1.2500   0.211   -.542882      2.4547
> 4
            Robust |  .95593     1.0541   0.9069   0.364   -1.10998      3.0218
> 4
-------------------------------------------------------------------------------
> -
Std. Err. adjusted for clusters in site_id
/Users/brycewang/Documents/GitHub/top5-Econ-Paper-Replications/QJE2020-Watering
> -Down-Environmental-Regulation/Results/Tables/T_localRD_emission.xml
dir : seeout

Sharp RD estimates using local polynomial regression.

      Cutoff c = 0 | Left of c  Right of c            Number of obs =       477
> 2
-------------------+----------------------            BW type       =      mser
> d
     Number of obs |      2755        2017            Kernel        =    Unifor
> m
Eff. Number of obs |       765         513            VCE method    =    Cluste
> r
    Order est. (p) |         1           1
    Order bias (q) |         2           2
       BW est. (h) |     4.477       4.477
       BW bias (b) |     6.964       6.964
         rho (h/b) |     0.643       0.643
Number of clusters |        92          87

Outcome: resid_log_nh. Running variable: distance_new.
-------------------------------------------------------------------------------
> -
            Method |   Coef.    Std. Err.    z     P>|z|    [95% Conf. Interval
> ]
-------------------+-----------------------------------------------------------
> -
      Conventional |  .62641     .68856   0.9097   0.363   -.723143      1.9759
> 7
    Bias-corrected |  .88873     .68856   1.2907   0.197   -.460821      2.2382
> 9
            Robust |  .88873     .94947   0.9360   0.349    -.97219      2.7496
> 6
-------------------------------------------------------------------------------
> -
Std. Err. adjusted for clusters in site_id
/Users/brycewang/Documents/GitHub/top5-Econ-Paper-Replications/QJE2020-Watering
> -Down-Environmental-Regulation/Results/Tables/T_localRD_emission.xml
dir : seeout

Sharp RD estimates using local polynomial regression.

      Cutoff c = 0 | Left of c  Right of c            Number of obs =       475
> 2
-------------------+----------------------            BW type       =      mser
> d
     Number of obs |      2740        2012            Kernel        = Triangula
> r
Eff. Number of obs |       529         225            VCE method    =    Cluste
> r
    Order est. (p) |         1           1
    Order bias (q) |         2           2
       BW est. (h) |     3.201       3.201
       BW bias (b) |     5.748       5.748
         rho (h/b) |     0.557       0.557
Number of clusters |        75          66

Outcome: resid_log_nh_intensity. Running variable: distance_new.
-------------------------------------------------------------------------------
> -
            Method |   Coef.    Std. Err.    z     P>|z|    [95% Conf. Interval
> ]
-------------------+-----------------------------------------------------------
> -
      Conventional |  1.2303     .44794   2.7466   0.006    .352357      2.1082
> 6
    Bias-corrected |  1.3531     .44794   3.0206   0.003    .475117      2.2310
> 2
            Robust |  1.3531     .54945   2.4626   0.014    .276163      2.4299
> 8
-------------------------------------------------------------------------------
> -
Std. Err. adjusted for clusters in site_id
/Users/brycewang/Documents/GitHub/top5-Econ-Paper-Replications/QJE2020-Watering
> -Down-Environmental-Regulation/Results/Tables/T_localRD_emission.xml
dir : seeout

Sharp RD estimates using local polynomial regression.

      Cutoff c = 0 | Left of c  Right of c            Number of obs =       475
> 2
-------------------+----------------------            BW type       =      mser
> d
     Number of obs |      2740        2012            Kernel        = Epanechni
> kov
Eff. Number of obs |       588         268            VCE method    =    Cluste
> r
    Order est. (p) |         1           1
    Order bias (q) |         2           2
       BW est. (h) |     3.500       3.500
       BW bias (b) |     6.141       6.141
         rho (h/b) |     0.570       0.570
Number of clusters |        80          72

Outcome: resid_log_nh_intensity. Running variable: distance_new.
-------------------------------------------------------------------------------
> -
            Method |   Coef.    Std. Err.    z     P>|z|    [95% Conf. Interval
> ]
-------------------+-----------------------------------------------------------
> -
      Conventional |   1.006     .43729   2.3005   0.021    .148907      1.8630
> 4
    Bias-corrected |  1.1352     .43729   2.5959   0.009    .278102      1.9922
> 4
            Robust |  1.1352     .53647   2.1160   0.034    .083708      2.1866
> 3
-------------------------------------------------------------------------------
> -
Std. Err. adjusted for clusters in site_id
/Users/brycewang/Documents/GitHub/top5-Econ-Paper-Replications/QJE2020-Watering
> -Down-Environmental-Regulation/Results/Tables/T_localRD_emission.xml
dir : seeout

Sharp RD estimates using local polynomial regression.

      Cutoff c = 0 | Left of c  Right of c            Number of obs =       475
> 2
-------------------+----------------------            BW type       =      mser
> d
     Number of obs |      2740        2012            Kernel        =    Unifor
> m
Eff. Number of obs |       522         215            VCE method    =    Cluste
> r
    Order est. (p) |         1           1
    Order bias (q) |         2           2
       BW est. (h) |     2.998       2.998
       BW bias (b) |     5.706       5.706
         rho (h/b) |     0.525       0.525
Number of clusters |        75          65

Outcome: resid_log_nh_intensity. Running variable: distance_new.
-------------------------------------------------------------------------------
> -
            Method |   Coef.    Std. Err.    z     P>|z|    [95% Conf. Interval
> ]
-------------------+-----------------------------------------------------------
> -
      Conventional |  .84915     .43005   1.9745   0.048    .006256      1.6920
> 4
    Bias-corrected |  .96197     .43005   2.2369   0.025    .119076      1.8048
> 6
            Robust |  .96197     .57581   1.6706   0.095   -.166596      2.0905
> 3
-------------------------------------------------------------------------------
> -
Std. Err. adjusted for clusters in site_id
/Users/brycewang/Documents/GitHub/top5-Econ-Paper-Replications/QJE2020-Watering
> -Down-Environmental-Regulation/Results/Tables/T_localRD_emission.xml
dir : seeout

Sharp RD estimates using local polynomial regression.

      Cutoff c = 0 | Left of c  Right of c            Number of obs =       979
> 7
-------------------+----------------------            BW type       =      mser
> d
     Number of obs |      5873        3924            Kernel        = Triangula
> r
Eff. Number of obs |      1087         677            VCE method    =    Cluste
> r
    Order est. (p) |         1           1
    Order bias (q) |         2           2
       BW est. (h) |     3.627       3.627
       BW bias (b) |     6.606       6.606
         rho (h/b) |     0.549       0.549
Number of clusters |       112          89

Outcome: resid_log_waste_water. Running variable: distance_new.
-------------------------------------------------------------------------------
> -
            Method |   Coef.    Std. Err.    z     P>|z|    [95% Conf. Interval
> ]
-------------------+-----------------------------------------------------------
> -
      Conventional |   .3416     .31058   1.0999   0.271   -.267126      .95032
> 5
    Bias-corrected |  .44344     .31058   1.4278   0.153   -.165282      1.0521
> 7
            Robust |  .44344     .36743   1.2069   0.227   -.276716       1.163
> 6
-------------------------------------------------------------------------------
> -
Std. Err. adjusted for clusters in site_id
/Users/brycewang/Documents/GitHub/top5-Econ-Paper-Replications/QJE2020-Watering
> -Down-Environmental-Regulation/Results/Tables/T_localRD_emission.xml
dir : seeout

Sharp RD estimates using local polynomial regression.

      Cutoff c = 0 | Left of c  Right of c            Number of obs =       979
> 7
-------------------+----------------------            BW type       =      mser
> d
     Number of obs |      5873        3924            Kernel        = Epanechni
> kov
Eff. Number of obs |      1087         677            VCE method    =    Cluste
> r
    Order est. (p) |         1           1
    Order bias (q) |         2           2
       BW est. (h) |     3.599       3.599
       BW bias (b) |     6.936       6.936
         rho (h/b) |     0.519       0.519
Number of clusters |       117          96

Outcome: resid_log_waste_water. Running variable: distance_new.
-------------------------------------------------------------------------------
> -
            Method |   Coef.    Std. Err.    z     P>|z|    [95% Conf. Interval
> ]
-------------------+-----------------------------------------------------------
> -
      Conventional |  .33042     .32943   1.0030   0.316    -.31526      .97609
> 3
    Bias-corrected |   .4519     .32943   1.3717   0.170   -.193781      1.0975
> 7
            Robust |   .4519     .38674   1.1685   0.243   -.306109       1.209
> 9
-------------------------------------------------------------------------------
> -
Std. Err. adjusted for clusters in site_id
/Users/brycewang/Documents/GitHub/top5-Econ-Paper-Replications/QJE2020-Watering
> -Down-Environmental-Regulation/Results/Tables/T_localRD_emission.xml
dir : seeout

Sharp RD estimates using local polynomial regression.

      Cutoff c = 0 | Left of c  Right of c            Number of obs =       979
> 7
-------------------+----------------------            BW type       =      mser
> d
     Number of obs |      5873        3924            Kernel        =    Unifor
> m
Eff. Number of obs |      1618        1306            VCE method    =    Cluste
> r
    Order est. (p) |         1           1
    Order bias (q) |         2           2
       BW est. (h) |     5.286       5.286
       BW bias (b) |     8.555       8.555
         rho (h/b) |     0.618       0.618
Number of clusters |       145         112

Outcome: resid_log_waste_water. Running variable: distance_new.
-------------------------------------------------------------------------------
> -
            Method |   Coef.    Std. Err.    z     P>|z|    [95% Conf. Interval
> ]
-------------------+-----------------------------------------------------------
> -
      Conventional |  .05708     .28126   0.2029   0.839   -.494184      .60834
> 1
    Bias-corrected |  .03934     .28126   0.1399   0.889   -.511927      .59059
> 8
            Robust |  .03934     .30331   0.1297   0.897   -.555149      .63381
> 9
-------------------------------------------------------------------------------
> -
Std. Err. adjusted for clusters in site_id
/Users/brycewang/Documents/GitHub/top5-Econ-Paper-Replications/QJE2020-Watering
> -Down-Environmental-Regulation/Results/Tables/T_localRD_emission.xml
dir : seeout

Sharp RD estimates using local polynomial regression.

      Cutoff c = 0 | Left of c  Right of c            Number of obs =       979
> 7
-------------------+----------------------            BW type       =      mser
> d
     Number of obs |      5876        3921            Kernel        = Triangula
> r
Eff. Number of obs |      1334        1007            VCE method    =    Cluste
> r
    Order est. (p) |         1           1
    Order bias (q) |         2           2
       BW est. (h) |     4.538       4.538
       BW bias (b) |     7.790       7.790
         rho (h/b) |     0.583       0.583
Number of clusters |       129         105

Outcome: resid_log_waste_water_intensity. Running variable: distance_new.
-------------------------------------------------------------------------------
> -
            Method |   Coef.    Std. Err.    z     P>|z|    [95% Conf. Interval
> ]
-------------------+-----------------------------------------------------------
> -
      Conventional |   .4429     .21445   2.0653   0.039     .02258      .86321
> 2
    Bias-corrected |  .52051     .21445   2.4272   0.015    .100191      .94082
> 3
            Robust |  .52051       .254   2.0492   0.040    .022672      1.0183
> 4
-------------------------------------------------------------------------------
> -
Std. Err. adjusted for clusters in site_id
/Users/brycewang/Documents/GitHub/top5-Econ-Paper-Replications/QJE2020-Watering
> -Down-Environmental-Regulation/Results/Tables/T_localRD_emission.xml
dir : seeout

Sharp RD estimates using local polynomial regression.

      Cutoff c = 0 | Left of c  Right of c            Number of obs =       979
> 7
-------------------+----------------------            BW type       =      mser
> d
     Number of obs |      5876        3921            Kernel        = Epanechni
> kov
Eff. Number of obs |      1373        1095            VCE method    =    Cluste
> r
    Order est. (p) |         1           1
    Order bias (q) |         2           2
       BW est. (h) |     4.825       4.825
       BW bias (b) |     8.173       8.173
         rho (h/b) |     0.590       0.590
Number of clusters |       138         107

Outcome: resid_log_waste_water_intensity. Running variable: distance_new.
-------------------------------------------------------------------------------
> -
            Method |   Coef.    Std. Err.    z     P>|z|    [95% Conf. Interval
> ]
-------------------+-----------------------------------------------------------
> -
      Conventional |   .4022     .20174   1.9937   0.046    .006802      .79760
> 6
    Bias-corrected |  .46739     .20174   2.3168   0.021     .07199      .86279
> 3
            Robust |  .46739     .24539   1.9047   0.057   -.013572      .94835
> 6
-------------------------------------------------------------------------------
> -
Std. Err. adjusted for clusters in site_id
/Users/brycewang/Documents/GitHub/top5-Econ-Paper-Replications/QJE2020-Watering
> -Down-Environmental-Regulation/Results/Tables/T_localRD_emission.xml
dir : seeout

Sharp RD estimates using local polynomial regression.

      Cutoff c = 0 | Left of c  Right of c            Number of obs =       979
> 7
-------------------+----------------------            BW type       =      mser
> d
     Number of obs |      5876        3921            Kernel        =    Unifor
> m
Eff. Number of obs |      1486        1139            VCE method    =    Cluste
> r
    Order est. (p) |         1           1
    Order bias (q) |         2           2
       BW est. (h) |     4.996       4.996
       BW bias (b) |     8.756       8.756
         rho (h/b) |     0.571       0.571
Number of clusters |       145         113

Outcome: resid_log_waste_water_intensity. Running variable: distance_new.
-------------------------------------------------------------------------------
> -
            Method |   Coef.    Std. Err.    z     P>|z|    [95% Conf. Interval
> ]
-------------------+-----------------------------------------------------------
> -
      Conventional |  .24169     .18589   1.3002   0.194   -.122637      .60602
> 2
    Bias-corrected |  .29267     .18589   1.5744   0.115   -.071664      .65699
> 5
            Robust |  .29267     .22135   1.3222   0.186   -.141181      .72651
> 2
-------------------------------------------------------------------------------
> -
Std. Err. adjusted for clusters in site_id
/Users/brycewang/Documents/GitHub/top5-Econ-Paper-Replications/QJE2020-Watering
> -Down-Environmental-Regulation/Results/Tables/T_localRD_emission.xml
dir : seeout

. 
. ***** Placebo Pollutants ***** 
. use "$data/air_emission_QJE_final.dta", clear

. 
. 
. foreach y of var resid_log_so2 resid_log_nox {
  2. 
. rdrobust `y' distance_new ,masspoints(off) kernel(tri) all vce(cluster site_i
> d)                         
  3. outreg2 using $result/T_localRD_emission, excel addtext(Kernel Type, `e(ke
> rnel)') ctitle(`y') dec(2) append 
  4. 
. rdrobust `y' distance_new ,masspoints(off) kernel(epa) all vce(cluster site_i
> d)                         
  5. outreg2 using $result/T_localRD_emission, excel addtext(Kernel Type, `e(ke
> rnel)') ctitle(`y') dec(2) append 
  6. 
. rdrobust `y' distance_new ,masspoints(off) kernel(uni) all vce(cluster site_i
> d)                         
  7. outreg2 using $result/T_localRD_emission, excel addtext(Kernel Type, `e(ke
> rnel)') ctitle(`y') dec(2) append 
  8. 
. }

Sharp RD estimates using local polynomial regression.

      Cutoff c = 0 | Left of c  Right of c            Number of obs =       474
> 0
-------------------+----------------------            BW type       =      mser
> d
     Number of obs |      2874        1866            Kernel        = Triangula
> r
Eff. Number of obs |       619         419            VCE method    =    Cluste
> r
    Order est. (p) |         1           1
    Order bias (q) |         2           2
       BW est. (h) |     4.420       4.420
       BW bias (b) |     7.221       7.221
         rho (h/b) |     0.612       0.612
Number of clusters |       110          90

Outcome: resid_log_so2. Running variable: distance_new.
-------------------------------------------------------------------------------
> -
            Method |   Coef.    Std. Err.    z     P>|z|    [95% Conf. Interval
> ]
-------------------+-----------------------------------------------------------
> -
      Conventional |  .03144     .28913   0.1087   0.913   -.535242      .59812
> 3
    Bias-corrected |  .10471     .28913   0.3621   0.717   -.461977      .67138
> 8
            Robust |  .10471     .33805   0.3097   0.757   -.557855      .76726
> 5
-------------------------------------------------------------------------------
> -
Std. Err. adjusted for clusters in site_id
/Users/brycewang/Documents/GitHub/top5-Econ-Paper-Replications/QJE2020-Watering
> -Down-Environmental-Regulation/Results/Tables/T_localRD_emission.xml
dir : seeout

Sharp RD estimates using local polynomial regression.

      Cutoff c = 0 | Left of c  Right of c            Number of obs =       474
> 0
-------------------+----------------------            BW type       =      mser
> d
     Number of obs |      2874        1866            Kernel        = Epanechni
> kov
Eff. Number of obs |       583         373            VCE method    =    Cluste
> r
    Order est. (p) |         1           1
    Order bias (q) |         2           2
       BW est. (h) |     4.208       4.208
       BW bias (b) |     7.161       7.161
         rho (h/b) |     0.588       0.588
Number of clusters |       105          90

Outcome: resid_log_so2. Running variable: distance_new.
-------------------------------------------------------------------------------
> -
            Method |   Coef.    Std. Err.    z     P>|z|    [95% Conf. Interval
> ]
-------------------+-----------------------------------------------------------
> -
      Conventional |  .05544      .2961   0.1872   0.851   -.524911      .63578
> 4
    Bias-corrected |  .13586      .2961   0.4588   0.646   -.444486       .7162
> 1
            Robust |  .13586     .34275   0.3964   0.692   -.535911      .80763
> 6
-------------------------------------------------------------------------------
> -
Std. Err. adjusted for clusters in site_id
/Users/brycewang/Documents/GitHub/top5-Econ-Paper-Replications/QJE2020-Watering
> -Down-Environmental-Regulation/Results/Tables/T_localRD_emission.xml
dir : seeout

Sharp RD estimates using local polynomial regression.

      Cutoff c = 0 | Left of c  Right of c            Number of obs =       474
> 0
-------------------+----------------------            BW type       =      mser
> d
     Number of obs |      2874        1866            Kernel        =    Unifor
> m
Eff. Number of obs |       941         770            VCE method    =    Cluste
> r
    Order est. (p) |         1           1
    Order bias (q) |         2           2
       BW est. (h) |     6.250       6.250
       BW bias (b) |    10.182      10.182
         rho (h/b) |     0.614       0.614
Number of clusters |       147         121

Outcome: resid_log_so2. Running variable: distance_new.
-------------------------------------------------------------------------------
> -
            Method |   Coef.    Std. Err.    z     P>|z|    [95% Conf. Interval
> ]
-------------------+-----------------------------------------------------------
> -
      Conventional | -.16445     .24646   -0.6673  0.505   -.647498      .31859
> 6
    Bias-corrected | -.16239     .24646   -0.6589  0.510   -.645433      .32066
> 1
            Robust | -.16239      .3011   -0.5393  0.590   -.752522       .4277
> 5
-------------------------------------------------------------------------------
> -
Std. Err. adjusted for clusters in site_id
/Users/brycewang/Documents/GitHub/top5-Econ-Paper-Replications/QJE2020-Watering
> -Down-Environmental-Regulation/Results/Tables/T_localRD_emission.xml
dir : seeout

Sharp RD estimates using local polynomial regression.

      Cutoff c = 0 | Left of c  Right of c            Number of obs =       474
> 0
-------------------+----------------------            BW type       =      mser
> d
     Number of obs |      2874        1866            Kernel        = Triangula
> r
Eff. Number of obs |       531         312            VCE method    =    Cluste
> r
    Order est. (p) |         1           1
    Order bias (q) |         2           2
       BW est. (h) |     3.661       3.661
       BW bias (b) |     5.933       5.933
         rho (h/b) |     0.617       0.617
Number of clusters |        92          75

Outcome: resid_log_nox. Running variable: distance_new.
-------------------------------------------------------------------------------
> -
            Method |   Coef.    Std. Err.    z     P>|z|    [95% Conf. Interval
> ]
-------------------+-----------------------------------------------------------
> -
      Conventional |  .08979     .28405   0.3161   0.752   -.466933      .64650
> 7
    Bias-corrected |  .13261     .28405   0.4669   0.641   -.424112      .68932
> 9
            Robust |  .13261     .34392   0.3856   0.700   -.541463      .80667
> 9
-------------------------------------------------------------------------------
> -
Std. Err. adjusted for clusters in site_id
/Users/brycewang/Documents/GitHub/top5-Econ-Paper-Replications/QJE2020-Watering
> -Down-Environmental-Regulation/Results/Tables/T_localRD_emission.xml
dir : seeout

Sharp RD estimates using local polynomial regression.

      Cutoff c = 0 | Left of c  Right of c            Number of obs =       474
> 0
-------------------+----------------------            BW type       =      mser
> d
     Number of obs |      2874        1866            Kernel        = Epanechni
> kov
Eff. Number of obs |       478         268            VCE method    =    Cluste
> r
    Order est. (p) |         1           1
    Order bias (q) |         2           2
       BW est. (h) |     3.375       3.375
       BW bias (b) |     5.714       5.714
         rho (h/b) |     0.591       0.591
Number of clusters |        89          73

Outcome: resid_log_nox. Running variable: distance_new.
-------------------------------------------------------------------------------
> -
            Method |   Coef.    Std. Err.    z     P>|z|    [95% Conf. Interval
> ]
-------------------+-----------------------------------------------------------
> -
      Conventional |  .14046     .29333   0.4789   0.632   -.434453      .71538
> 1
    Bias-corrected |  .17871     .29333   0.6092   0.542   -.396209      .75362
> 4
            Robust |  .17871     .36074   0.4954   0.620   -.528324      .88573
> 9
-------------------------------------------------------------------------------
> -
Std. Err. adjusted for clusters in site_id
/Users/brycewang/Documents/GitHub/top5-Econ-Paper-Replications/QJE2020-Watering
> -Down-Environmental-Regulation/Results/Tables/T_localRD_emission.xml
dir : seeout

Sharp RD estimates using local polynomial regression.

      Cutoff c = 0 | Left of c  Right of c            Number of obs =       474
> 0
-------------------+----------------------            BW type       =      mser
> d
     Number of obs |      2874        1866            Kernel        =    Unifor
> m
Eff. Number of obs |       910         741            VCE method    =    Cluste
> r
    Order est. (p) |         1           1
    Order bias (q) |         2           2
       BW est. (h) |     6.095       6.095
       BW bias (b) |     9.833       9.833
         rho (h/b) |     0.620       0.620
Number of clusters |       144         118

Outcome: resid_log_nox. Running variable: distance_new.
-------------------------------------------------------------------------------
> -
            Method |   Coef.    Std. Err.    z     P>|z|    [95% Conf. Interval
> ]
-------------------+-----------------------------------------------------------
> -
      Conventional | -.04928     .19922   -0.2474  0.805   -.439757      .34118
> 7
    Bias-corrected | -.05108     .19922   -0.2564  0.798    -.44155      .33939
> 5
            Robust | -.05108     .24025   -0.2126  0.832   -.521956      .41980
> 1
-------------------------------------------------------------------------------
> -
Std. Err. adjusted for clusters in site_id
/Users/brycewang/Documents/GitHub/top5-Econ-Paper-Replications/QJE2020-Watering
> -Down-Environmental-Regulation/Results/Tables/T_localRD_emission.xml
dir : seeout

. 
. 
. ****** Insert Table *****
. *** Insert all the Tables ***
. 
. xmluse $result/T_localRD_emission.xml, doctype(excel) sheet(Sheet1) cells(A2:
> FZ100) allstring missing nocompress clear 
(more variables in requested cell range than in data)
(more observations in requested cell range than in data)

. export excel using $result/Tables_TFP.xlsx, sheet("T_localRD_emission", repla
> ce) 
file /Users/brycewang/Documents/GitHub/top5-Econ-Paper-Replications/QJE2020-Wat
> ering-Down-Environmental-Regulation/Results/Tables/Tables_TFP.xlsx saved

. 
. 
. 
. 
. 
. 
. 
. 
end of do-file

. global rc = _rc

. global sec = (clock("`c(current_date)' `c(current_time)'", "DMYhms") - $t0)/1
> 000

. file open _sl using "$steplog", write text append

. file write _sl "$step,$dof,$rc,$sec" _n

. file close _sl

. 
. * ---- Table VI: political economy ------------------------------------------
> -----
. global step "T6_PE"

. global dof  "T6_PE/6_PE_replication.do"

. global data "$pkg/$step"

. global t0 = clock("`c(current_date)' `c(current_time)'", "DMYhms")

. cap noi do "$root/Program/$dof"

. 
. use "$data/pwf_QJE_final.dta",clear

. 
. 
. ***************************** Emission Fee *****************************
. cap erase $result/TS_Fee.txt 

. cap erase $result/TS_Fee.xml    

. 
. 
. * Authomatic bandwidth models: 
. 
. foreach y of var resid1_l_pwf {
  2.         rdrobust  `y' distance_new ,masspoints(off) bwselect(certwo) kerne
> l(tri) all vce(cluster site_id)                       
  3.         outreg2 using $result/TS_Fee, excel addtext(Kernel Type, `e(kernel
> )') ctitle( `y') dec(2) append 
  4. 
.         rdrobust  `y' distance_new ,masspoints(off) bwselect(certwo) kernel(e
> pa) all vce(cluster site_id)                       
  5.         outreg2 using $result/TS_Fee, excel addtext(Kernel Type, `e(kernel
> )') ctitle( `y') dec(2) append 
  6. 
.         rdrobust  `y' distance_new,masspoints(off) bwselect(certwo) kernel(un
> i) all vce(cluster site_id)                        
  7.         outreg2 using $result/TS_Fee, excel addtext(Kernel Type, `e(kernel
> )') ctitle( `y') dec(2) append 
  8. 
. }

Sharp RD estimates using local polynomial regression.

      Cutoff c = 0 | Left of c  Right of c            Number of obs =       305
> 0
-------------------+----------------------            BW type       =     certw
> o
     Number of obs |      1843        1207            Kernel        = Triangula
> r
Eff. Number of obs |       304         161            VCE method    =    Cluste
> r
    Order est. (p) |         1           1
    Order bias (q) |         2           2
       BW est. (h) |     3.400       3.798
       BW bias (b) |     7.793       7.302
         rho (h/b) |     0.436       0.520
Number of clusters |        81          56

Outcome: resid1_l_pwf. Running variable: distance_new.
-------------------------------------------------------------------------------
> -
            Method |   Coef.    Std. Err.    z     P>|z|    [95% Conf. Interval
> ]
-------------------+-----------------------------------------------------------
> -
      Conventional | -1.1391     .44191   -2.5776  0.010   -2.00518     -.27292
> 6
    Bias-corrected | -1.2398     .44191   -2.8055  0.005    -2.1059     -.37364
> 1
            Robust | -1.2398     .50811   -2.4400  0.015   -2.23564     -.24389
> 3
-------------------------------------------------------------------------------
> -
Std. Err. adjusted for clusters in site_id
/Users/brycewang/Documents/GitHub/top5-Econ-Paper-Replications/QJE2020-Watering
> -Down-Environmental-Regulation/Results/Tables/TS_Fee.xml
dir : seeout

Sharp RD estimates using local polynomial regression.

      Cutoff c = 0 | Left of c  Right of c            Number of obs =       305
> 0
-------------------+----------------------            BW type       =     certw
> o
     Number of obs |      1843        1207            Kernel        = Epanechni
> kov
Eff. Number of obs |       286         117            VCE method    =    Cluste
> r
    Order est. (p) |         1           1
    Order bias (q) |         2           2
       BW est. (h) |     2.931       3.232
       BW bias (b) |     7.223       6.741
         rho (h/b) |     0.406       0.479
Number of clusters |        74          50

Outcome: resid1_l_pwf. Running variable: distance_new.
-------------------------------------------------------------------------------
> -
            Method |   Coef.    Std. Err.    z     P>|z|    [95% Conf. Interval
> ]
-------------------+-----------------------------------------------------------
> -
      Conventional | -1.3172     .45016   -2.9262  0.003   -2.19953     -.43494
> 5
    Bias-corrected | -1.4156     .45016   -3.1447  0.002    -2.2979     -.53330
> 6
            Robust | -1.4156      .5421   -2.6113  0.009    -2.4781     -.35310
> 3
-------------------------------------------------------------------------------
> -
Std. Err. adjusted for clusters in site_id
/Users/brycewang/Documents/GitHub/top5-Econ-Paper-Replications/QJE2020-Watering
> -Down-Environmental-Regulation/Results/Tables/TS_Fee.xml
dir : seeout

Sharp RD estimates using local polynomial regression.

      Cutoff c = 0 | Left of c  Right of c            Number of obs =       305
> 0
-------------------+----------------------            BW type       =     certw
> o
     Number of obs |      1843        1207            Kernel        =    Unifor
> m
Eff. Number of obs |       282         144            VCE method    =    Cluste
> r
    Order est. (p) |         1           1
    Order bias (q) |         2           2
       BW est. (h) |     2.610       3.484
       BW bias (b) |     6.588       7.217
         rho (h/b) |     0.396       0.483
Number of clusters |        70          56

Outcome: resid1_l_pwf. Running variable: distance_new.
-------------------------------------------------------------------------------
> -
            Method |   Coef.    Std. Err.    z     P>|z|    [95% Conf. Interval
> ]
-------------------+-----------------------------------------------------------
> -
      Conventional | -.90963     .47657   -1.9087  0.056   -1.84369      .02443
> 4
    Bias-corrected | -.96322     .47657   -2.0211  0.043   -1.89728     -.02915
> 3
            Robust | -.96322     .55826   -1.7254  0.084   -2.05738      .13094
> 6
-------------------------------------------------------------------------------
> -
Std. Err. adjusted for clusters in site_id
/Users/brycewang/Documents/GitHub/top5-Econ-Paper-Replications/QJE2020-Watering
> -Down-Environmental-Regulation/Results/Tables/TS_Fee.xml
dir : seeout

. 
. 
. xmluse $result/TS_Fee.xml, doctype(excel) sheet(Sheet1) cells(A2:FZ100) allst
> ring missing nocompress clear 
(more variables in requested cell range than in data)
(more observations in requested cell range than in data)

. export excel using $result/Tables_TFP.xlsx, sheet("TS_Fee", replace) 
file /Users/brycewang/Documents/GitHub/top5-Econ-Paper-Replications/QJE2020-Wat
> ering-Down-Environmental-Regulation/Results/Tables/Tables_TFP.xlsx saved

. 
. 
. 
. 
. ***************************** Table Political Incentive *********************
> **
. use "$data/PE_QJE_final.dta",clear

. 
. cap erase $result/T_political.txt 

. cap erase $result/T_political.xml       

. 
. * in years when the prefecture party secretary has strong promotion incentive
> s, effect size is larger
. 
. 
. local kernelfn "tri epa uni"   

. * Authomatic bandwidth models: 
. 
. foreach y of var resid1_tfpop_s {       
  2.         foreach kvar of local kernelfn { 
  3.                 
.                 rdrobust `y' distance_new if neg_ind0==1 & party_inc ==1,mass
> points(off) kernel(`kvar') all vce(cluster site_id)        
  4.                 outreg2 using $result/T_political, excel addtext(Kernel Ty
> pe,masspoints(off) `e(kernel)') addstat(bandwidth, e(h_l)) ctitle(`y'_high) d
> ec(2) append 
  5. 
.                 }
  6. }

Sharp RD estimates using local polynomial regression.

      Cutoff c = 0 | Left of c  Right of c            Number of obs =       530
> 5
-------------------+----------------------            BW type       =      mser
> d
     Number of obs |      3022        2283            Kernel        = Triangula
> r
Eff. Number of obs |       752         335            VCE method    =    Cluste
> r
    Order est. (p) |         1           1
    Order bias (q) |         2           2
       BW est. (h) |     4.772       4.772
       BW bias (b) |     7.754       7.754
         rho (h/b) |     0.615       0.615
Number of clusters |        99          76

Outcome: resid1_tfpop_s. Running variable: distance_new.
-------------------------------------------------------------------------------
> -
            Method |   Coef.    Std. Err.    z     P>|z|    [95% Conf. Interval
> ]
-------------------+-----------------------------------------------------------
> -
      Conventional |  .56034     .20406   2.7460   0.006    .160394      .96027
> 8
    Bias-corrected |  .57617     .20406   2.8236   0.005    .176231      .97611
> 4
            Robust |  .57617     .24375   2.3638   0.018    .098438      1.0539
> 1
-------------------------------------------------------------------------------
> -
Std. Err. adjusted for clusters in site_id
/Users/brycewang/Documents/GitHub/top5-Econ-Paper-Replications/QJE2020-Watering
> -Down-Environmental-Regulation/Results/Tables/T_political.xml
dir : seeout

Sharp RD estimates using local polynomial regression.

      Cutoff c = 0 | Left of c  Right of c            Number of obs =       530
> 5
-------------------+----------------------            BW type       =      mser
> d
     Number of obs |      3022        2283            Kernel        = Epanechni
> kov
Eff. Number of obs |       775         399            VCE method    =    Cluste
> r
    Order est. (p) |         1           1
    Order bias (q) |         2           2
       BW est. (h) |     4.923       4.923
       BW bias (b) |     8.256       8.256
         rho (h/b) |     0.596       0.596
Number of clusters |       104          81

Outcome: resid1_tfpop_s. Running variable: distance_new.
-------------------------------------------------------------------------------
> -
            Method |   Coef.    Std. Err.    z     P>|z|    [95% Conf. Interval
> ]
-------------------+-----------------------------------------------------------
> -
      Conventional |  .58097     .19886   2.9216   0.003    .191221       .9707
> 2
    Bias-corrected |  .59382     .19886   2.9862   0.003    .204072       .9835
> 7
            Robust |  .59382     .23999   2.4743   0.013    .123446       1.064
> 2
-------------------------------------------------------------------------------
> -
Std. Err. adjusted for clusters in site_id
/Users/brycewang/Documents/GitHub/top5-Econ-Paper-Replications/QJE2020-Watering
> -Down-Environmental-Regulation/Results/Tables/T_political.xml
dir : seeout

Sharp RD estimates using local polynomial regression.

      Cutoff c = 0 | Left of c  Right of c            Number of obs =       530
> 5
-------------------+----------------------            BW type       =      mser
> d
     Number of obs |      3022        2283            Kernel        =    Unifor
> m
Eff. Number of obs |       654         328            VCE method    =    Cluste
> r
    Order est. (p) |         1           1
    Order bias (q) |         2           2
       BW est. (h) |     4.322       4.322
       BW bias (b) |     7.931       7.931
         rho (h/b) |     0.545       0.545
Number of clusters |        99          79

Outcome: resid1_tfpop_s. Running variable: distance_new.
-------------------------------------------------------------------------------
> -
            Method |   Coef.    Std. Err.    z     P>|z|    [95% Conf. Interval
> ]
-------------------+-----------------------------------------------------------
> -
      Conventional |  .59116     .19826   2.9817   0.003    .202572      .97974
> 8
    Bias-corrected |  .58233     .19826   2.9372   0.003    .193744       .9709
> 2
            Robust |  .58233     .24251   2.4013   0.016    .107021      1.0576
> 4
-------------------------------------------------------------------------------
> -
Std. Err. adjusted for clusters in site_id
/Users/brycewang/Documents/GitHub/top5-Econ-Paper-Replications/QJE2020-Watering
> -Down-Environmental-Regulation/Results/Tables/T_political.xml
dir : seeout

. 
. 
. foreach y of var resid1_tfpop_s {       
  2.         foreach kvar of local kernelfn { 
  3.                 rdrobust `y' distance_new if neg_ind0==1 & party_inc ==0,m
> asspoints(off) kernel(`kvar') all vce(cluster site_id)        
  4.                 outreg2 using $result/T_political, excel addtext(Kernel Ty
> pe, `e(kernel)') addstat(bandwidth, e(h_l)) ctitle(`y'_low) dec(2) append 
  5. 
.                 }
  6. }

Sharp RD estimates using local polynomial regression.

      Cutoff c = 0 | Left of c  Right of c            Number of obs =       245
> 0
-------------------+----------------------            BW type       =      mser
> d
     Number of obs |      1505         945            Kernel        = Triangula
> r
Eff. Number of obs |       395         275            VCE method    =    Cluste
> r
    Order est. (p) |         1           1
    Order bias (q) |         2           2
       BW est. (h) |     5.898       5.898
       BW bias (b) |     7.438       7.438
         rho (h/b) |     0.793       0.793
Number of clusters |        47          40

Outcome: resid1_tfpop_s. Running variable: distance_new.
-------------------------------------------------------------------------------
> -
            Method |   Coef.    Std. Err.    z     P>|z|    [95% Conf. Interval
> ]
-------------------+-----------------------------------------------------------
> -
      Conventional |  .12902     .18599   0.6937   0.488   -.235505      .49354
> 3
    Bias-corrected |  .13371     .18599   0.7189   0.472   -.230815      .49823
> 3
            Robust |  .13371     .24608   0.5434   0.587   -.348602       .6160
> 2
-------------------------------------------------------------------------------
> -
Std. Err. adjusted for clusters in site_id
/Users/brycewang/Documents/GitHub/top5-Econ-Paper-Replications/QJE2020-Watering
> -Down-Environmental-Regulation/Results/Tables/T_political.xml
dir : seeout

Sharp RD estimates using local polynomial regression.

      Cutoff c = 0 | Left of c  Right of c            Number of obs =       245
> 0
-------------------+----------------------            BW type       =      mser
> d
     Number of obs |      1505         945            Kernel        = Epanechni
> kov
Eff. Number of obs |       301         118            VCE method    =    Cluste
> r
    Order est. (p) |         1           1
    Order bias (q) |         2           2
       BW est. (h) |     4.627       4.627
       BW bias (b) |     6.479       6.479
         rho (h/b) |     0.714       0.714
Number of clusters |        41          32

Outcome: resid1_tfpop_s. Running variable: distance_new.
-------------------------------------------------------------------------------
> -
            Method |   Coef.    Std. Err.    z     P>|z|    [95% Conf. Interval
> ]
-------------------+-----------------------------------------------------------
> -
      Conventional |  .18743     .25455   0.7363   0.462    -.31149      .68634
> 6
    Bias-corrected |  .20165     .25455   0.7922   0.428   -.297267      .70056
> 9
            Robust |  .20165     .30636   0.6582   0.510   -.398799      .80210
> 1
-------------------------------------------------------------------------------
> -
Std. Err. adjusted for clusters in site_id
/Users/brycewang/Documents/GitHub/top5-Econ-Paper-Replications/QJE2020-Watering
> -Down-Environmental-Regulation/Results/Tables/T_political.xml
dir : seeout

Sharp RD estimates using local polynomial regression.

      Cutoff c = 0 | Left of c  Right of c            Number of obs =       245
> 0
-------------------+----------------------            BW type       =      mser
> d
     Number of obs |      1505         945            Kernel        =    Unifor
> m
Eff. Number of obs |       271         118            VCE method    =    Cluste
> r
    Order est. (p) |         1           1
    Order bias (q) |         2           2
       BW est. (h) |     3.713       3.713
       BW bias (b) |     6.058       6.058
         rho (h/b) |     0.613       0.613
Number of clusters |        40          29

Outcome: resid1_tfpop_s. Running variable: distance_new.
-------------------------------------------------------------------------------
> -
            Method |   Coef.    Std. Err.    z     P>|z|    [95% Conf. Interval
> ]
-------------------+-----------------------------------------------------------
> -
      Conventional |  .18459     .26519   0.6961   0.486   -.335175      .70435
> 8
    Bias-corrected |  .22507     .26519   0.8487   0.396   -.294697      .74483
> 6
            Robust |  .22507     .32743   0.6874   0.492   -.416684      .86682
> 4
-------------------------------------------------------------------------------
> -
Std. Err. adjusted for clusters in site_id
/Users/brycewang/Documents/GitHub/top5-Econ-Paper-Replications/QJE2020-Watering
> -Down-Environmental-Regulation/Results/Tables/T_political.xml
dir : seeout

. 
. foreach y of var resid1_tfpop_s {       
  2.         foreach kvar of local kernelfn { 
  3.                 
.                 rdrobust `y' distance_new if neg_ind0==0 & party_inc ==1,mass
> points(off) kernel(`kvar') all vce(cluster site_id)        
  4.                 outreg2 using $result/T_political, excel addtext(Kernel Ty
> pe, `e(kernel)') addstat(bandwidth, e(h_l)) ctitle(`y'_high) dec(2) append 
  5. 
.                 }
  6. }

Sharp RD estimates using local polynomial regression.

      Cutoff c = 0 | Left of c  Right of c            Number of obs =       938
> 2
-------------------+----------------------            BW type       =      mser
> d
     Number of obs |      4984        4398            Kernel        = Triangula
> r
Eff. Number of obs |      1518         820            VCE method    =    Cluste
> r
    Order est. (p) |         1           1
    Order bias (q) |         2           2
       BW est. (h) |     4.878       4.878
       BW bias (b) |     8.773       8.773
         rho (h/b) |     0.556       0.556
Number of clusters |       112          89

Outcome: resid1_tfpop_s. Running variable: distance_new.
-------------------------------------------------------------------------------
> -
            Method |   Coef.    Std. Err.    z     P>|z|    [95% Conf. Interval
> ]
-------------------+-----------------------------------------------------------
> -
      Conventional |  .11924     .13308   0.8960   0.370   -.141589      .38006
> 4
    Bias-corrected |  .12129     .13308   0.9114   0.362   -.139534      .38211
> 9
            Robust |  .12129     .15758   0.7697   0.441   -.187565      .43015
> 1
-------------------------------------------------------------------------------
> -
Std. Err. adjusted for clusters in site_id
/Users/brycewang/Documents/GitHub/top5-Econ-Paper-Replications/QJE2020-Watering
> -Down-Environmental-Regulation/Results/Tables/T_political.xml
dir : seeout

Sharp RD estimates using local polynomial regression.

      Cutoff c = 0 | Left of c  Right of c            Number of obs =       938
> 2
-------------------+----------------------            BW type       =      mser
> d
     Number of obs |      4984        4398            Kernel        = Epanechni
> kov
Eff. Number of obs |      1819        1083            VCE method    =    Cluste
> r
    Order est. (p) |         1           1
    Order bias (q) |         2           2
       BW est. (h) |     5.605       5.605
       BW bias (b) |     9.604       9.604
         rho (h/b) |     0.584       0.584
Number of clusters |       118          96

Outcome: resid1_tfpop_s. Running variable: distance_new.
-------------------------------------------------------------------------------
> -
            Method |   Coef.    Std. Err.    z     P>|z|    [95% Conf. Interval
> ]
-------------------+-----------------------------------------------------------
> -
      Conventional |   .0879     .13633   0.6448   0.519   -.179291        .355
> 1
    Bias-corrected |   .0867     .13633   0.6359   0.525     -.1805      .35389
> 2
            Robust |   .0867     .16832   0.5151   0.607   -.243206      .41659
> 7
-------------------------------------------------------------------------------
> -
Std. Err. adjusted for clusters in site_id
/Users/brycewang/Documents/GitHub/top5-Econ-Paper-Replications/QJE2020-Watering
> -Down-Environmental-Regulation/Results/Tables/T_political.xml
dir : seeout

Sharp RD estimates using local polynomial regression.

      Cutoff c = 0 | Left of c  Right of c            Number of obs =       938
> 2
-------------------+----------------------            BW type       =      mser
> d
     Number of obs |      4984        4398            Kernel        =    Unifor
> m
Eff. Number of obs |      2181        1894            VCE method    =    Cluste
> r
    Order est. (p) |         1           1
    Order bias (q) |         2           2
       BW est. (h) |     6.890       6.890
       BW bias (b) |    10.189      10.189
         rho (h/b) |     0.676       0.676
Number of clusters |       120          99

Outcome: resid1_tfpop_s. Running variable: distance_new.
-------------------------------------------------------------------------------
> -
            Method |   Coef.    Std. Err.    z     P>|z|    [95% Conf. Interval
> ]
-------------------+-----------------------------------------------------------
> -
      Conventional |  .07223      .1044   0.6919   0.489   -.132391      .27685
> 4
    Bias-corrected |  .07573      .1044   0.7254   0.468   -.128893      .28035
> 3
            Robust |  .07573     .12657   0.5983   0.550   -.172336      .32379
> 6
-------------------------------------------------------------------------------
> -
Std. Err. adjusted for clusters in site_id
/Users/brycewang/Documents/GitHub/top5-Econ-Paper-Replications/QJE2020-Watering
> -Down-Environmental-Regulation/Results/Tables/T_political.xml
dir : seeout

. 
. 
. foreach y of var resid1_tfpop_s {       
  2.         foreach kvar of local kernelfn { 
  3.                 rdrobust `y' distance_new if neg_ind0==0 & party_inc ==0,m
> asspoints(off) kernel(`kvar') all vce(cluster site_id)        
  4.                 outreg2 using $result/T_political, excel addtext(Kernel Ty
> pe, `e(kernel)') addstat(bandwidth, e(h_l)) ctitle(`y'_low) dec(2) append 
  5. 
.                 }
  6. }

Sharp RD estimates using local polynomial regression.

      Cutoff c = 0 | Left of c  Right of c            Number of obs =       473
> 9
-------------------+----------------------            BW type       =      mser
> d
     Number of obs |      2768        1971            Kernel        = Triangula
> r
Eff. Number of obs |       881         355            VCE method    =    Cluste
> r
    Order est. (p) |         1           1
    Order bias (q) |         2           2
       BW est. (h) |     3.792       3.792
       BW bias (b) |     6.824       6.824
         rho (h/b) |     0.556       0.556
Number of clusters |        49          36

Outcome: resid1_tfpop_s. Running variable: distance_new.
-------------------------------------------------------------------------------
> -
            Method |   Coef.    Std. Err.    z     P>|z|    [95% Conf. Interval
> ]
-------------------+-----------------------------------------------------------
> -
      Conventional |  .03689     .18621   0.1981   0.843   -.328079      .40185
> 9
    Bias-corrected |  .04064     .18621   0.2182   0.827   -.324331      .40560
> 7
            Robust |  .04064     .24599   0.1652   0.869   -.441499      .52277
> 5
-------------------------------------------------------------------------------
> -
Std. Err. adjusted for clusters in site_id
/Users/brycewang/Documents/GitHub/top5-Econ-Paper-Replications/QJE2020-Watering
> -Down-Environmental-Regulation/Results/Tables/T_political.xml
dir : seeout

Sharp RD estimates using local polynomial regression.

      Cutoff c = 0 | Left of c  Right of c            Number of obs =       473
> 9
-------------------+----------------------            BW type       =      mser
> d
     Number of obs |      2768        1971            Kernel        = Epanechni
> kov
Eff. Number of obs |       881         355            VCE method    =    Cluste
> r
    Order est. (p) |         1           1
    Order bias (q) |         2           2
       BW est. (h) |     3.853       3.853
       BW bias (b) |     7.306       7.306
         rho (h/b) |     0.527       0.527
Number of clusters |        52          42

Outcome: resid1_tfpop_s. Running variable: distance_new.
-------------------------------------------------------------------------------
> -
            Method |   Coef.    Std. Err.    z     P>|z|    [95% Conf. Interval
> ]
-------------------+-----------------------------------------------------------
> -
      Conventional |  .01162      .1932   0.0601   0.952   -.367039      .39027
> 4
    Bias-corrected | -.01122      .1932   -0.0581  0.954   -.389875      .36743
> 8
            Robust | -.01122     .25513   -0.0440  0.965   -.511263      .48882
> 5
-------------------------------------------------------------------------------
> -
Std. Err. adjusted for clusters in site_id
/Users/brycewang/Documents/GitHub/top5-Econ-Paper-Replications/QJE2020-Watering
> -Down-Environmental-Regulation/Results/Tables/T_political.xml
dir : seeout

Sharp RD estimates using local polynomial regression.

      Cutoff c = 0 | Left of c  Right of c            Number of obs =       473
> 9
-------------------+----------------------            BW type       =      mser
> d
     Number of obs |      2768        1971            Kernel        =    Unifor
> m
Eff. Number of obs |       736         252            VCE method    =    Cluste
> r
    Order est. (p) |         1           1
    Order bias (q) |         2           2
       BW est. (h) |     2.608       2.608
       BW bias (b) |     5.394       5.394
         rho (h/b) |     0.484       0.484
Number of clusters |        38          28

Outcome: resid1_tfpop_s. Running variable: distance_new.
-------------------------------------------------------------------------------
> -
            Method |   Coef.    Std. Err.    z     P>|z|    [95% Conf. Interval
> ]
-------------------+-----------------------------------------------------------
> -
      Conventional |  .26051     .22038   1.1821   0.237   -.171432      .69245
> 7
    Bias-corrected |  .28974     .22038   1.3147   0.189   -.142207      .72168
> 2
            Robust |  .28974      .3273   0.8852   0.376   -.351766      .93124
> 1
-------------------------------------------------------------------------------
> -
Std. Err. adjusted for clusters in site_id
/Users/brycewang/Documents/GitHub/top5-Econ-Paper-Replications/QJE2020-Watering
> -Down-Environmental-Regulation/Results/Tables/T_political.xml
dir : seeout

. 
. 
. xmluse $result/T_political, doctype(excel) sheet(Sheet1) cells(A2:FZ100) alls
> tring missing nocompress clear 
(more variables in requested cell range than in data)
(more observations in requested cell range than in data)

. export excel using $result/Tables_TFP.xlsx, sheet("T_political", replace) 
file /Users/brycewang/Documents/GitHub/top5-Econ-Paper-Replications/QJE2020-Wat
> ering-Down-Environmental-Regulation/Results/Tables/Tables_TFP.xlsx saved

. 
. 
. 
. ***************************** Table Political Incentive *********************
> ********
. ***** Auto vs. Manual Stations *****
. use "$data/auto_QJE_final.dta",clear

. cap erase $result/T_auto.txt 

. cap erase $result/T_auto.xml    

. 
. * Authomatic bandwidth models: 
. 
. foreach y of var resid1_tfpop_s {       
  2.                 
.                 rdrobust `y' distance_new if neg_ind0==1 & automatic==1,massp
> oints(off) kernel(tri) all vce(cluster site_id)    
  3.                 outreg2 using $result/T_auto, excel addtext(Kernel Type, `
> e(kernel)') addstat(bandwidth, e(h_l)) ctitle(`y'_p) dec(2) append 
  4.                 
.                 rdrobust `y' distance_new if neg_ind0==1 & automatic==1,massp
> oints(off) kernel(epa) all vce(cluster site_id)    
  5.                 outreg2 using $result/T_auto, excel addtext(Kernel Type, `
> e(kernel)') addstat(bandwidth, e(h_l)) ctitle(`y'_p) dec(2) append 
  6.                 
.                 rdrobust `y' distance_new if neg_ind0==1 & automatic==1,massp
> oints(off) kernel(uni) all vce(cluster site_id)    
  7.                 outreg2 using $result/T_auto, excel addtext(Kernel Type, `
> e(kernel)') addstat(bandwidth, e(h_l)) ctitle(`y'_p) dec(2) append 
  8. 
. }

Sharp RD estimates using local polynomial regression.

      Cutoff c = 0 | Left of c  Right of c            Number of obs =        93
> 2
-------------------+----------------------            BW type       =      mser
> d
     Number of obs |       554         378            Kernel        = Triangula
> r
Eff. Number of obs |        79          41            VCE method    =    Cluste
> r
    Order est. (p) |         1           1
    Order bias (q) |         2           2
       BW est. (h) |     4.504       4.504
       BW bias (b) |     8.863       8.863
         rho (h/b) |     0.508       0.508
Number of clusters |        19          19

Outcome: resid1_tfpop_s. Running variable: distance_new.
-------------------------------------------------------------------------------
> -
            Method |   Coef.    Std. Err.    z     P>|z|    [95% Conf. Interval
> ]
-------------------+-----------------------------------------------------------
> -
      Conventional |  1.1814     .54869   2.1532   0.031    .106032      2.2568
> 4
    Bias-corrected |  1.2965     .54869   2.3630   0.018    .221123      2.3719
> 3
            Robust |  1.2965     .67096   1.9323   0.053   -.018538       2.611
> 6
-------------------------------------------------------------------------------
> -
Std. Err. adjusted for clusters in site_id
/Users/brycewang/Documents/GitHub/top5-Econ-Paper-Replications/QJE2020-Watering
> -Down-Environmental-Regulation/Results/Tables/T_auto.xml
dir : seeout

Sharp RD estimates using local polynomial regression.

      Cutoff c = 0 | Left of c  Right of c            Number of obs =        93
> 2
-------------------+----------------------            BW type       =      mser
> d
     Number of obs |       554         378            Kernel        = Epanechni
> kov
Eff. Number of obs |        79          41            VCE method    =    Cluste
> r
    Order est. (p) |         1           1
    Order bias (q) |         2           2
       BW est. (h) |     4.499       4.499
       BW bias (b) |     9.012       9.012
         rho (h/b) |     0.499       0.499
Number of clusters |        19          19

Outcome: resid1_tfpop_s. Running variable: distance_new.
-------------------------------------------------------------------------------
> -
            Method |   Coef.    Std. Err.    z     P>|z|    [95% Conf. Interval
> ]
-------------------+-----------------------------------------------------------
> -
      Conventional |  1.2187     .54899   2.2199   0.026     .14272      2.2947
> 1
    Bias-corrected |  1.3481     .54899   2.4556   0.014    .272084      2.4240
> 8
            Robust |  1.3481     .66236   2.0353   0.042    .049876      2.6462
> 8
-------------------------------------------------------------------------------
> -
Std. Err. adjusted for clusters in site_id
/Users/brycewang/Documents/GitHub/top5-Econ-Paper-Replications/QJE2020-Watering
> -Down-Environmental-Regulation/Results/Tables/T_auto.xml
dir : seeout

Sharp RD estimates using local polynomial regression.

      Cutoff c = 0 | Left of c  Right of c            Number of obs =        93
> 2
-------------------+----------------------            BW type       =      mser
> d
     Number of obs |       554         378            Kernel        =    Unifor
> m
Eff. Number of obs |       119          41            VCE method    =    Cluste
> r
    Order est. (p) |         1           1
    Order bias (q) |         2           2
       BW est. (h) |     4.647       4.647
       BW bias (b) |     9.496       9.496
         rho (h/b) |     0.489       0.489
Number of clusters |        19          20

Outcome: resid1_tfpop_s. Running variable: distance_new.
-------------------------------------------------------------------------------
> -
            Method |   Coef.    Std. Err.    z     P>|z|    [95% Conf. Interval
> ]
-------------------+-----------------------------------------------------------
> -
      Conventional |  1.2071     .47133   2.5611   0.010    .283323      2.1308
> 9
    Bias-corrected |  1.3955     .47133   2.9608   0.003    .471724      2.3192
> 9
            Robust |  1.3955     .59061   2.3628   0.018    .237938      2.5530
> 8
-------------------------------------------------------------------------------
> -
Std. Err. adjusted for clusters in site_id
/Users/brycewang/Documents/GitHub/top5-Econ-Paper-Replications/QJE2020-Watering
> -Down-Environmental-Regulation/Results/Tables/T_auto.xml
dir : seeout

. 
. foreach y of var resid1_tfpop_s {       
  2. 
.                 rdrobust `y' distance_new if neg_ind0==1 & automatic==0,massp
> oints(off) kernel(tri) all vce(cluster site_id)    
  3.                 outreg2 using $result/T_auto, excel addtext(Kernel Type, `
> e(kernel)') addstat(bandwidth, e(h_l)) ctitle(`y'_p) dec(2) append 
  4.                 
.                 rdrobust `y' distance_new if neg_ind0==1 & automatic==0,massp
> oints(off) kernel(epa) all vce(cluster site_id)    
  5.                 outreg2 using $result/T_auto, excel addtext(Kernel Type, `
> e(kernel)') addstat(bandwidth, e(h_l)) ctitle(`y'_p) dec(2) append 
  6.                 
.                 rdrobust `y' distance_new if neg_ind0==1 & automatic==0,massp
> oints(off) kernel(uni) all vce(cluster site_id)    
  7.                 outreg2 using $result/T_auto, excel addtext(Kernel Type, `
> e(kernel)') addstat(bandwidth, e(h_l)) ctitle(`y'_p) dec(2) append 
  8. 
. }

Sharp RD estimates using local polynomial regression.

      Cutoff c = 0 | Left of c  Right of c            Number of obs =       495
> 3
-------------------+----------------------            BW type       =      mser
> d
     Number of obs |      2834        2119            Kernel        = Triangula
> r
Eff. Number of obs |       955         737            VCE method    =    Cluste
> r
    Order est. (p) |         1           1
    Order bias (q) |         2           2
       BW est. (h) |     6.146       6.146
       BW bias (b) |     9.025       9.025
         rho (h/b) |     0.681       0.681
Number of clusters |        97          71

Outcome: resid1_tfpop_s. Running variable: distance_new.
-------------------------------------------------------------------------------
> -
            Method |   Coef.    Std. Err.    z     P>|z|    [95% Conf. Interval
> ]
-------------------+-----------------------------------------------------------
> -
      Conventional |  .30252     .15366   1.9687   0.049    .001345      .60369
> 4
    Bias-corrected |  .28155     .15366   1.8323   0.067   -.019623      .58272
> 6
            Robust |  .28155     .19077   1.4759   0.140   -.092348      .65545
> 2
-------------------------------------------------------------------------------
> -
Std. Err. adjusted for clusters in site_id
/Users/brycewang/Documents/GitHub/top5-Econ-Paper-Replications/QJE2020-Watering
> -Down-Environmental-Regulation/Results/Tables/T_auto.xml
dir : seeout

Sharp RD estimates using local polynomial regression.

      Cutoff c = 0 | Left of c  Right of c            Number of obs =       495
> 3
-------------------+----------------------            BW type       =      mser
> d
     Number of obs |      2834        2119            Kernel        = Epanechni
> kov
Eff. Number of obs |       855         546            VCE method    =    Cluste
> r
    Order est. (p) |         1           1
    Order bias (q) |         2           2
       BW est. (h) |     5.734       5.734
       BW bias (b) |     8.682       8.682
         rho (h/b) |     0.660       0.660
Number of clusters |        93          68

Outcome: resid1_tfpop_s. Running variable: distance_new.
-------------------------------------------------------------------------------
> -
            Method |   Coef.    Std. Err.    z     P>|z|    [95% Conf. Interval
> ]
-------------------+-----------------------------------------------------------
> -
      Conventional |  .35009     .17128   2.0440   0.041     .01439      .68578
> 7
    Bias-corrected |  .33911     .17128   1.9799   0.048    .003409      .67480
> 6
            Robust |  .33911     .20231   1.6762   0.094   -.057408      .73562
> 3
-------------------------------------------------------------------------------
> -
Std. Err. adjusted for clusters in site_id
/Users/brycewang/Documents/GitHub/top5-Econ-Paper-Replications/QJE2020-Watering
> -Down-Environmental-Regulation/Results/Tables/T_auto.xml
dir : seeout

Sharp RD estimates using local polynomial regression.

      Cutoff c = 0 | Left of c  Right of c            Number of obs =       495
> 3
-------------------+----------------------            BW type       =      mser
> d
     Number of obs |      2834        2119            Kernel        =    Unifor
> m
Eff. Number of obs |       675         321            VCE method    =    Cluste
> r
    Order est. (p) |         1           1
    Order bias (q) |         2           2
       BW est. (h) |     4.302       4.302
       BW bias (b) |     6.698       6.698
         rho (h/b) |     0.642       0.642
Number of clusters |        70          54

Outcome: resid1_tfpop_s. Running variable: distance_new.
-------------------------------------------------------------------------------
> -
            Method |   Coef.    Std. Err.    z     P>|z|    [95% Conf. Interval
> ]
-------------------+-----------------------------------------------------------
> -
      Conventional |  .40701     .19977   2.0374   0.042    .015471      .79855
> 3
    Bias-corrected |  .42902     .19977   2.1476   0.032    .037477      .82055
> 9
            Robust |  .42902     .23836   1.7999   0.072   -.038151      .89618
> 7
-------------------------------------------------------------------------------
> -
Std. Err. adjusted for clusters in site_id
/Users/brycewang/Documents/GitHub/top5-Econ-Paper-Replications/QJE2020-Watering
> -Down-Environmental-Regulation/Results/Tables/T_auto.xml
dir : seeout

. 
. foreach y of var resid1_tfpop_s {       
  2. 
.                 rdrobust `y' distance_new if neg_ind0==0 & automatic==1,massp
> oints(off) kernel(tri) all vce(cluster site_id)    
  3.                 outreg2 using $result/T_auto, excel addtext(Kernel Type, `
> e(kernel)') addstat(bandwidth, e(h_l)) ctitle(`y'_p) dec(2) append 
  4.                 
.                 rdrobust `y' distance_new if neg_ind0==0 & automatic==1,massp
> oints(off) kernel(epa) all vce(cluster site_id)    
  5.                 outreg2 using $result/T_auto, excel addtext(Kernel Type, `
> e(kernel)') addstat(bandwidth, e(h_l)) ctitle(`y'_p) dec(2) append 
  6.                 
.                 rdrobust `y' distance_new if neg_ind0==0 & automatic==1,bwsel
> ect(msecomb1) kernel(uni) all vce(cluster site_id) 
  7.                 outreg2 using $result/T_auto, excel addtext(Kernel Type, `
> e(kernel)') addstat(bandwidth, e(h_l)) ctitle(`y'_p) dec(2) append 
  8. 
. }

Sharp RD estimates using local polynomial regression.

      Cutoff c = 0 | Left of c  Right of c            Number of obs =       181
> 5
-------------------+----------------------            BW type       =      mser
> d
     Number of obs |       978         837            Kernel        = Triangula
> r
Eff. Number of obs |        49          83            VCE method    =    Cluste
> r
    Order est. (p) |         1           1
    Order bias (q) |         2           2
       BW est. (h) |     2.919       2.919
       BW bias (b) |     8.482       8.482
         rho (h/b) |     0.344       0.344
Number of clusters |        19          18

Outcome: resid1_tfpop_s. Running variable: distance_new.
-------------------------------------------------------------------------------
> -
            Method |   Coef.    Std. Err.    z     P>|z|    [95% Conf. Interval
> ]
-------------------+-----------------------------------------------------------
> -
      Conventional | -1.0728     1.4372   -0.7464  0.455   -3.88973      1.7441
> 2
    Bias-corrected | -1.1868     1.4372   -0.8257  0.409   -4.00371      1.6301
> 5
            Robust | -1.1868     1.4424   -0.8228  0.411   -4.01374      1.6401
> 8
-------------------------------------------------------------------------------
> -
Std. Err. adjusted for clusters in site_id
/Users/brycewang/Documents/GitHub/top5-Econ-Paper-Replications/QJE2020-Watering
> -Down-Environmental-Regulation/Results/Tables/T_auto.xml
dir : seeout

Sharp RD estimates using local polynomial regression.

      Cutoff c = 0 | Left of c  Right of c            Number of obs =       181
> 5
-------------------+----------------------            BW type       =      mser
> d
     Number of obs |       978         837            Kernel        = Epanechni
> kov
Eff. Number of obs |        52          87            VCE method    =    Cluste
> r
    Order est. (p) |         1           1
    Order bias (q) |         2           2
       BW est. (h) |     3.296       3.296
       BW bias (b) |    10.392      10.392
         rho (h/b) |     0.317       0.317
Number of clusters |        23          22

Outcome: resid1_tfpop_s. Running variable: distance_new.
-------------------------------------------------------------------------------
> -
            Method |   Coef.    Std. Err.    z     P>|z|    [95% Conf. Interval
> ]
-------------------+-----------------------------------------------------------
> -
      Conventional | -.48295     .70617   -0.6839  0.494   -1.86702      .90112
> 9
    Bias-corrected | -.60881     .70617   -0.8621  0.389   -1.99288      .77526
> 6
            Robust | -.60881     .84065   -0.7242  0.469   -2.25645      1.0388
> 3
-------------------------------------------------------------------------------
> -
Std. Err. adjusted for clusters in site_id
/Users/brycewang/Documents/GitHub/top5-Econ-Paper-Replications/QJE2020-Watering
> -Down-Environmental-Regulation/Results/Tables/T_auto.xml
dir : seeout
Mass points detected in the running variable.

Sharp RD estimates using local polynomial regression.

      Cutoff c = 0 | Left of c  Right of c            Number of obs =       181
> 5
-------------------+----------------------            BW type       =   msecomb
> 1
     Number of obs |       978         837            Kernel        =    Unifor
> m
Eff. Number of obs |        49          83            VCE method    =    Cluste
> r
    Order est. (p) |         1           1
    Order bias (q) |         2           2
       BW est. (h) |     3.118       3.118
       BW bias (b) |     6.282       6.282
         rho (h/b) |     0.496       0.496
        Unique obs |        78          62
Number of clusters |        18          13

Outcome: resid1_tfpop_s. Running variable: distance_new.
-------------------------------------------------------------------------------
> -
            Method |   Coef.    Std. Err.    z     P>|z|    [95% Conf. Interval
> ]
-------------------+-----------------------------------------------------------
> -
      Conventional | -.54055     1.6116   -0.3354  0.737   -3.69921      2.6181
> 2
    Bias-corrected | -.74207     1.6116   -0.4605  0.645   -3.90073       2.416
> 6
            Robust | -.74207     1.8087   -0.4103  0.682    -4.2871      2.8029
> 6
-------------------------------------------------------------------------------
> -
Std. Err. adjusted for clusters in site_id
Estimates adjusted for mass points in the running variable.
/Users/brycewang/Documents/GitHub/top5-Econ-Paper-Replications/QJE2020-Watering
> -Down-Environmental-Regulation/Results/Tables/T_auto.xml
dir : seeout

. 
. foreach y of var resid1_tfpop_s {       
  2. 
.                 rdrobust `y' distance_new if neg_ind0==0 & automatic==0,massp
> oints(off) kernel(tri) all vce(cluster site_id)    
  3.                 outreg2 using $result/T_auto, excel addtext(Kernel Type, `
> e(kernel)') addstat(bandwidth, e(h_l)) ctitle(`y'_p) dec(2) append 
  4.                 
.                 rdrobust `y' distance_new if neg_ind0==0 & automatic==0,massp
> oints(off) kernel(epa) all vce(cluster site_id)    
  5.                 outreg2 using $result/T_auto, excel addtext(Kernel Type, `
> e(kernel)') addstat(bandwidth, e(h_l)) ctitle(`y'_p) dec(2) append 
  6.                 
.                 rdrobust `y' distance_new if neg_ind0==0 & automatic==0,massp
> oints(off) kernel(uni) all vce(cluster site_id)    
  7.                 outreg2 using $result/T_auto, excel addtext(Kernel Type, `
> e(kernel)') addstat(bandwidth, e(h_l)) ctitle(`y'_p) dec(2) append 
  8. 
. }

Sharp RD estimates using local polynomial regression.

      Cutoff c = 0 | Left of c  Right of c            Number of obs =       952
> 3
-------------------+----------------------            BW type       =      mser
> d
     Number of obs |      5270        4253            Kernel        = Triangula
> r
Eff. Number of obs |      1494         861            VCE method    =    Cluste
> r
    Order est. (p) |         1           1
    Order bias (q) |         2           2
       BW est. (h) |     4.632       4.632
       BW bias (b) |     7.369       7.369
         rho (h/b) |     0.629       0.629
Number of clusters |        87          68

Outcome: resid1_tfpop_s. Running variable: distance_new.
-------------------------------------------------------------------------------
> -
            Method |   Coef.    Std. Err.    z     P>|z|    [95% Conf. Interval
> ]
-------------------+-----------------------------------------------------------
> -
      Conventional |  .09941     .07994   1.2435   0.214   -.057279      .25609
> 2
    Bias-corrected |  .11159     .07994   1.3959   0.163   -.045091      .26828
> 1
            Robust |  .11159     .09664   1.1547   0.248   -.077823      .30101
> 3
-------------------------------------------------------------------------------
> -
Std. Err. adjusted for clusters in site_id
/Users/brycewang/Documents/GitHub/top5-Econ-Paper-Replications/QJE2020-Watering
> -Down-Environmental-Regulation/Results/Tables/T_auto.xml
dir : seeout

Sharp RD estimates using local polynomial regression.

      Cutoff c = 0 | Left of c  Right of c            Number of obs =       952
> 3
-------------------+----------------------            BW type       =      mser
> d
     Number of obs |      5270        4253            Kernel        = Epanechni
> kov
Eff. Number of obs |      1506         864            VCE method    =    Cluste
> r
    Order est. (p) |         1           1
    Order bias (q) |         2           2
       BW est. (h) |     4.740       4.740
       BW bias (b) |     8.030       8.030
         rho (h/b) |     0.590       0.590
Number of clusters |        91          71

Outcome: resid1_tfpop_s. Running variable: distance_new.
-------------------------------------------------------------------------------
> -
            Method |   Coef.    Std. Err.    z     P>|z|    [95% Conf. Interval
> ]
-------------------+-----------------------------------------------------------
> -
      Conventional |  .10861      .0793   1.3696   0.171   -.046821      .26403
> 8
    Bias-corrected |  .11375      .0793   1.4344   0.151   -.041679       .2691
> 8
            Robust |  .11375     .09402   1.2098   0.226   -.070534      .29803
> 4
-------------------------------------------------------------------------------
> -
Std. Err. adjusted for clusters in site_id
/Users/brycewang/Documents/GitHub/top5-Econ-Paper-Replications/QJE2020-Watering
> -Down-Environmental-Regulation/Results/Tables/T_auto.xml
dir : seeout

Sharp RD estimates using local polynomial regression.

      Cutoff c = 0 | Left of c  Right of c            Number of obs =       952
> 3
-------------------+----------------------            BW type       =      mser
> d
     Number of obs |      5270        4253            Kernel        =    Unifor
> m
Eff. Number of obs |      1449         838            VCE method    =    Cluste
> r
    Order est. (p) |         1           1
    Order bias (q) |         2           2
       BW est. (h) |     4.291       4.291
       BW bias (b) |     8.467       8.467
         rho (h/b) |     0.507       0.507
Number of clusters |        99          72

Outcome: resid1_tfpop_s. Running variable: distance_new.
-------------------------------------------------------------------------------
> -
            Method |   Coef.    Std. Err.    z     P>|z|    [95% Conf. Interval
> ]
-------------------+-----------------------------------------------------------
> -
      Conventional |   .0976     .08116   1.2026   0.229   -.061471       .2566
> 8
    Bias-corrected |  .07729     .08116   0.9523   0.341   -.081782      .23636
> 9
            Robust |  .07729     .09253   0.8353   0.404    -.10406      .25864
> 7
-------------------------------------------------------------------------------
> -
Std. Err. adjusted for clusters in site_id
/Users/brycewang/Documents/GitHub/top5-Econ-Paper-Replications/QJE2020-Watering
> -Down-Environmental-Regulation/Results/Tables/T_auto.xml
dir : seeout

. 
. 
. xmluse $result/T_auto.xml, doctype(excel) sheet(Sheet1) cells(A2:FZ100) allst
> ring missing nocompress clear 
(more variables in requested cell range than in data)
(more observations in requested cell range than in data)

. export excel using $result/Tables_TFP.xlsx, sheet("T_auto", replace) 
file /Users/brycewang/Documents/GitHub/top5-Econ-Paper-Replications/QJE2020-Wat
> ering-Down-Environmental-Regulation/Results/Tables/Tables_TFP.xlsx saved

. 
. 
end of do-file

. global rc = _rc

. global sec = (clock("`c(current_date)' `c(current_time)'", "DMYhms") - $t0)/1
> 000

. file open _sl using "$steplog", write text append

. file write _sl "$step,$dof,$rc,$sec" _n

. file close _sl

. 
. * ---- Table VII: heterogeneity ---------------------------------------------
> -----
. global step "T7_Burden"

. global dof  "T7_Burden/7_Burden_replication.do"

. global data "$pkg/$step"

. global t0 = clock("`c(current_date)' `c(current_time)'", "DMYhms")

. cap noi do "$root/Program/$dof"

. * set directories 
. clear all

. set maxvar  30000


. set matsize 11000 
set matsize ignored.
    Matrix sizes are no longer limited by c(matsize) in modern Statas.
    Matrix sizes are now limited by edition of Stata.  See limits for more
    details.

. set more off

. cap log close

. 
. ********** SOE vs. Private Firms **********
. use "$data/soe_vs_private_QJE_final", clear

. 
. cap erase $result/T_soe_vs_private.txt 

. cap erase $result/T_soe_vs_private.xml 

. 
. 
. 
. rdrobust resid1_tfpop_s distance_new if neg_ind0==1 & soe == 0,masspoints(off
> ) kernel(tri) all vce(cluster site_id)                                     

Sharp RD estimates using local polynomial regression.

      Cutoff c = 0 | Left of c  Right of c            Number of obs =       614
> 9
-------------------+----------------------            BW type       =      mser
> d
     Number of obs |      3590        2559            Kernel        = Triangula
> r
Eff. Number of obs |       854         376            VCE method    =    Cluste
> r
    Order est. (p) |         1           1
    Order bias (q) |         2           2
       BW est. (h) |     4.651       4.651
       BW bias (b) |     6.731       6.731
         rho (h/b) |     0.691       0.691
Number of clusters |        87          67

Outcome: resid1_tfpop_s. Running variable: distance_new.
-------------------------------------------------------------------------------
> -
            Method |   Coef.    Std. Err.    z     P>|z|    [95% Conf. Interval
> ]
-------------------+-----------------------------------------------------------
> -
      Conventional |  .44649     .17904   2.4938   0.013    .095584      .79739
> 3
    Bias-corrected |  .45747     .17904   2.5552   0.011     .10657      .80837
> 9
            Robust |  .45747     .20629   2.2176   0.027    .053156      .86179
> 3
-------------------------------------------------------------------------------
> -
Std. Err. adjusted for clusters in site_id

. outreg2 using $result/T_soe_vs_private, excel addtext(Kernel Type, `e(kernel)
> ') addstat(bandwidth, e(h_l)) ctitle(pe_tfpop_p) dec(2) append 
/Users/brycewang/Documents/GitHub/top5-Econ-Paper-Replications/QJE2020-Watering
> -Down-Environmental-Regulation/Results/Tables/T_soe_vs_private.xml
dir : seeout

. 
. rdrobust resid1_tfpop_s distance_new if neg_ind0==1 & soe == 0,masspoints(off
> ) kernel(epa) all vce(cluster site_id)                                     

Sharp RD estimates using local polynomial regression.

      Cutoff c = 0 | Left of c  Right of c            Number of obs =       614
> 9
-------------------+----------------------            BW type       =      mser
> d
     Number of obs |      3590        2559            Kernel        = Epanechni
> kov
Eff. Number of obs |       786         374            VCE method    =    Cluste
> r
    Order est. (p) |         1           1
    Order bias (q) |         2           2
       BW est. (h) |     4.419       4.419
       BW bias (b) |     6.730       6.730
         rho (h/b) |     0.657       0.657
Number of clusters |        87          67

Outcome: resid1_tfpop_s. Running variable: distance_new.
-------------------------------------------------------------------------------
> -
            Method |   Coef.    Std. Err.    z     P>|z|    [95% Conf. Interval
> ]
-------------------+-----------------------------------------------------------
> -
      Conventional |  .47873      .1807   2.6493   0.008     .12456      .83289
> 7
    Bias-corrected |  .50129      .1807   2.7741   0.006    .147124       .8554
> 6
            Robust |  .50129      .2102   2.3849   0.017    .089314      .91326
> 9
-------------------------------------------------------------------------------
> -
Std. Err. adjusted for clusters in site_id

. outreg2 using $result/T_soe_vs_private, excel addtext(Kernel Type, `e(kernel)
> ') addstat(bandwidth, e(h_l)) ctitle(pe_tfpop_p) dec(2) append 
/Users/brycewang/Documents/GitHub/top5-Econ-Paper-Replications/QJE2020-Watering
> -Down-Environmental-Regulation/Results/Tables/T_soe_vs_private.xml
dir : seeout

. 
. rdrobust resid1_tfpop_s distance_new if neg_ind0==1 & soe == 0,masspoints(off
> ) kernel(uniform) all vce(cluster site_id)                                   
>       

Sharp RD estimates using local polynomial regression.

      Cutoff c = 0 | Left of c  Right of c            Number of obs =       614
> 9
-------------------+----------------------            BW type       =      mser
> d
     Number of obs |      3590        2559            Kernel        =    Unifor
> m
Eff. Number of obs |       892         394            VCE method    =    Cluste
> r
    Order est. (p) |         1           1
    Order bias (q) |         2           2
       BW est. (h) |     4.860       4.860
       BW bias (b) |     7.766       7.766
         rho (h/b) |     0.626       0.626
Number of clusters |       101          79

Outcome: resid1_tfpop_s. Running variable: distance_new.
-------------------------------------------------------------------------------
> -
            Method |   Coef.    Std. Err.    z     P>|z|    [95% Conf. Interval
> ]
-------------------+-----------------------------------------------------------
> -
      Conventional |  .43304     .16735   2.5876   0.010    .105037      .76103
> 8
    Bias-corrected |  .42476     .16735   2.5381   0.011    .096758      .75275
> 8
            Robust |  .42476     .18821   2.2568   0.024    .055875      .79364
> 1
-------------------------------------------------------------------------------
> -
Std. Err. adjusted for clusters in site_id

. outreg2 using $result/T_soe_vs_private, excel addtext(Kernel Type, `e(kernel)
> ') addstat(bandwidth, e(h_l)) ctitle(pe_tfpop_p) dec(2) append 
/Users/brycewang/Documents/GitHub/top5-Econ-Paper-Replications/QJE2020-Watering
> -Down-Environmental-Regulation/Results/Tables/T_soe_vs_private.xml
dir : seeout

. 
. 
. rdrobust resid1_tfpop_s distance_new if neg_ind0==0 & soe == 0,masspoints(off
> ) kernel(tri) all vce(cluster site_id)                                     

Sharp RD estimates using local polynomial regression.

      Cutoff c = 0 | Left of c  Right of c            Number of obs =      1151
> 0
-------------------+----------------------            BW type       =      mser
> d
     Number of obs |      6302        5208            Kernel        = Triangula
> r
Eff. Number of obs |      1992        1025            VCE method    =    Cluste
> r
    Order est. (p) |         1           1
    Order bias (q) |         2           2
       BW est. (h) |     5.104       5.104
       BW bias (b) |     7.611       7.611
         rho (h/b) |     0.671       0.671
Number of clusters |       108          86

Outcome: resid1_tfpop_s. Running variable: distance_new.
-------------------------------------------------------------------------------
> -
            Method |   Coef.    Std. Err.    z     P>|z|    [95% Conf. Interval
> ]
-------------------+-----------------------------------------------------------
> -
      Conventional |  .04683     .08882   0.5272   0.598   -.127266      .22091
> 7
    Bias-corrected |  .03568     .08882   0.4016   0.688   -.138416      .20976
> 7
            Robust |  .03568     .10476   0.3405   0.733   -.169651      .24100
> 2
-------------------------------------------------------------------------------
> -
Std. Err. adjusted for clusters in site_id

. outreg2 using $result/T_soe_vs_private, excel addtext(Kernel Type, `e(kernel)
> ') addstat(bandwidth, e(h_l)) ctitle(pe_tfpop_np) dec(2) append 
/Users/brycewang/Documents/GitHub/top5-Econ-Paper-Replications/QJE2020-Watering
> -Down-Environmental-Regulation/Results/Tables/T_soe_vs_private.xml
dir : seeout

. 
. rdrobust resid1_tfpop_s distance_new if neg_ind0==0 & soe == 0,masspoints(off
> ) kernel(epa) all vce(cluster site_id)                                     

Sharp RD estimates using local polynomial regression.

      Cutoff c = 0 | Left of c  Right of c            Number of obs =      1151
> 0
-------------------+----------------------            BW type       =      mser
> d
     Number of obs |      6302        5208            Kernel        = Epanechni
> kov
Eff. Number of obs |      1924         966            VCE method    =    Cluste
> r
    Order est. (p) |         1           1
    Order bias (q) |         2           2
       BW est. (h) |     4.862       4.862
       BW bias (b) |     7.713       7.713
         rho (h/b) |     0.630       0.630
Number of clusters |       108          87

Outcome: resid1_tfpop_s. Running variable: distance_new.
-------------------------------------------------------------------------------
> -
            Method |   Coef.    Std. Err.    z     P>|z|    [95% Conf. Interval
> ]
-------------------+-----------------------------------------------------------
> -
      Conventional |  .04785     .09194   0.5204   0.603   -.132346      .22803
> 8
    Bias-corrected |  .03564     .09194   0.3877   0.698   -.144549      .21583
> 6
            Robust |  .03564     .10594   0.3364   0.737   -.172001      .24328
> 8
-------------------------------------------------------------------------------
> -
Std. Err. adjusted for clusters in site_id

. outreg2 using $result/T_soe_vs_private, excel addtext(Kernel Type, `e(kernel)
> ') addstat(bandwidth, e(h_l)) ctitle(pe_tfpop_np) dec(2) append 
/Users/brycewang/Documents/GitHub/top5-Econ-Paper-Replications/QJE2020-Watering
> -Down-Environmental-Regulation/Results/Tables/T_soe_vs_private.xml
dir : seeout

. 
. rdrobust resid1_tfpop_s distance_new if neg_ind0==0 & soe == 0,masspoints(off
> ) kernel(uniform) all vce(cluster site_id)                                   
>       

Sharp RD estimates using local polynomial regression.

      Cutoff c = 0 | Left of c  Right of c            Number of obs =      1151
> 0
-------------------+----------------------            BW type       =      mser
> d
     Number of obs |      6302        5208            Kernel        =    Unifor
> m
Eff. Number of obs |      1760         938            VCE method    =    Cluste
> r
    Order est. (p) |         1           1
    Order bias (q) |         2           2
       BW est. (h) |     4.517       4.517
       BW bias (b) |     7.709       7.709
         rho (h/b) |     0.586       0.586
Number of clusters |       108          87

Outcome: resid1_tfpop_s. Running variable: distance_new.
-------------------------------------------------------------------------------
> -
            Method |   Coef.    Std. Err.    z     P>|z|    [95% Conf. Interval
> ]
-------------------+-----------------------------------------------------------
> -
      Conventional |   .0722     .10191   0.7085   0.479   -.127545      .27195
> 4
    Bias-corrected |  .03966     .10191   0.3891   0.697   -.160092      .23940
> 7
            Robust |  .03966      .1119   0.3544   0.723   -.179668      .25898
> 3
-------------------------------------------------------------------------------
> -
Std. Err. adjusted for clusters in site_id

. outreg2 using $result/T_soe_vs_private, excel addtext(Kernel Type, `e(kernel)
> ') addstat(bandwidth, e(h_l)) ctitle(pe_tfpop_np) dec(2) append 
/Users/brycewang/Documents/GitHub/top5-Econ-Paper-Replications/QJE2020-Watering
> -Down-Environmental-Regulation/Results/Tables/T_soe_vs_private.xml
dir : seeout

. 
. 
. rdrobust resid1_tfpop_s distance_new if neg_ind0==1 & soe == 1,masspoints(off
> ) kernel(tri) all vce(cluster site_id)                                     

Sharp RD estimates using local polynomial regression.

      Cutoff c = 0 | Left of c  Right of c            Number of obs =        51
> 3
-------------------+----------------------            BW type       =      mser
> d
     Number of obs |       301         212            Kernel        = Triangula
> r
Eff. Number of obs |        49          29            VCE method    =    Cluste
> r
    Order est. (p) |         1           1
    Order bias (q) |         2           2
       BW est. (h) |     3.301       3.301
       BW bias (b) |     5.897       5.897
         rho (h/b) |     0.560       0.560
Number of clusters |        37          25

Outcome: resid1_tfpop_s. Running variable: distance_new.
-------------------------------------------------------------------------------
> -
            Method |   Coef.    Std. Err.    z     P>|z|    [95% Conf. Interval
> ]
-------------------+-----------------------------------------------------------
> -
      Conventional | -.13032     .41665   -0.3128  0.754   -.946936      .68630
> 1
    Bias-corrected | -.29092     .41665   -0.6982  0.485   -1.10754      .52569
> 8
            Robust | -.29092     .45303   -0.6422  0.521   -1.17884      .59699
> 5
-------------------------------------------------------------------------------
> -
Std. Err. adjusted for clusters in site_id

. outreg2 using $result/T_soe_vs_private, excel addtext(Kernel Type, `e(kernel)
> ') addstat(bandwidth, e(h_l)) ctitle(pe_tfpop_p) dec(2) append 
/Users/brycewang/Documents/GitHub/top5-Econ-Paper-Replications/QJE2020-Watering
> -Down-Environmental-Regulation/Results/Tables/T_soe_vs_private.xml
dir : seeout

. 
. rdrobust resid1_tfpop_s distance_new if neg_ind0==1 & soe == 1,masspoints(off
> ) kernel(epa) all vce(cluster site_id)                                     

Sharp RD estimates using local polynomial regression.

      Cutoff c = 0 | Left of c  Right of c            Number of obs =        51
> 3
-------------------+----------------------            BW type       =      mser
> d
     Number of obs |       301         212            Kernel        = Epanechni
> kov
Eff. Number of obs |        50          34            VCE method    =    Cluste
> r
    Order est. (p) |         1           1
    Order bias (q) |         2           2
       BW est. (h) |     3.469       3.469
       BW bias (b) |     6.236       6.236
         rho (h/b) |     0.556       0.556
Number of clusters |        38          27

Outcome: resid1_tfpop_s. Running variable: distance_new.
-------------------------------------------------------------------------------
> -
            Method |   Coef.    Std. Err.    z     P>|z|    [95% Conf. Interval
> ]
-------------------+-----------------------------------------------------------
> -
      Conventional |  .00212     .49511   0.0043   0.997   -.968271      .97250
> 9
    Bias-corrected | -.10361     .49511   -0.2093  0.834     -1.074      .86678
> 3
            Robust | -.10361     .57326   -0.1807  0.857   -1.22718      1.0199
> 6
-------------------------------------------------------------------------------
> -
Std. Err. adjusted for clusters in site_id

. outreg2 using $result/T_soe_vs_private, excel addtext(Kernel Type, `e(kernel)
> ') addstat(bandwidth, e(h_l)) ctitle(pe_tfpop_p) dec(2) append 
/Users/brycewang/Documents/GitHub/top5-Econ-Paper-Replications/QJE2020-Watering
> -Down-Environmental-Regulation/Results/Tables/T_soe_vs_private.xml
dir : seeout

. 
. rdrobust resid1_tfpop_s distance_new if neg_ind0==1 & soe == 1,masspoints(off
> ) kernel(uniform) all vce(cluster site_id)                                   
>       

Sharp RD estimates using local polynomial regression.

      Cutoff c = 0 | Left of c  Right of c            Number of obs =        51
> 3
-------------------+----------------------            BW type       =      mser
> d
     Number of obs |       301         212            Kernel        =    Unifor
> m
Eff. Number of obs |        69          53            VCE method    =    Cluste
> r
    Order est. (p) |         1           1
    Order bias (q) |         2           2
       BW est. (h) |     4.947       4.947
       BW bias (b) |     9.395       9.395
         rho (h/b) |     0.527       0.527
Number of clusters |        55          45

Outcome: resid1_tfpop_s. Running variable: distance_new.
-------------------------------------------------------------------------------
> -
            Method |   Coef.    Std. Err.    z     P>|z|    [95% Conf. Interval
> ]
-------------------+-----------------------------------------------------------
> -
      Conventional |  .62334     .40874   1.5250   0.127   -.177777      1.4244
> 6
    Bias-corrected |  .81503     .40874   1.9940   0.046    .013907      1.6161
> 4
            Robust |  .81503     .49058   1.6613   0.097   -.146502      1.7765
> 5
-------------------------------------------------------------------------------
> -
Std. Err. adjusted for clusters in site_id

. outreg2 using $result/T_soe_vs_private, excel addtext(Kernel Type, `e(kernel)
> ') addstat(bandwidth, e(h_l)) ctitle(pe_tfpop_p) dec(2) append 
/Users/brycewang/Documents/GitHub/top5-Econ-Paper-Replications/QJE2020-Watering
> -Down-Environmental-Regulation/Results/Tables/T_soe_vs_private.xml
dir : seeout

. 
. rdrobust resid1_tfpop_s distance_new if neg_ind0==0 & soe == 1,masspoints(off
> ) kernel(tri) all vce(cluster site_id)                                     

Sharp RD estimates using local polynomial regression.

      Cutoff c = 0 | Left of c  Right of c            Number of obs =       116
> 9
-------------------+----------------------            BW type       =      mser
> d
     Number of obs |       728         441            Kernel        = Triangula
> r
Eff. Number of obs |       256         186            VCE method    =    Cluste
> r
    Order est. (p) |         1           1
    Order bias (q) |         2           2
       BW est. (h) |     6.070       6.070
       BW bias (b) |     8.465       8.465
         rho (h/b) |     0.717       0.717
Number of clusters |        56          40

Outcome: resid1_tfpop_s. Running variable: distance_new.
-------------------------------------------------------------------------------
> -
            Method |   Coef.    Std. Err.    z     P>|z|    [95% Conf. Interval
> ]
-------------------+-----------------------------------------------------------
> -
      Conventional |   .1122     .34546   0.3248   0.745   -.564903      .78929
> 4
    Bias-corrected |  .12762     .34546   0.3694   0.712   -.549475      .80472
> 2
            Robust |  .12762     .43672   0.2922   0.770   -.728329      .98357
> 6
-------------------------------------------------------------------------------
> -
Std. Err. adjusted for clusters in site_id

. outreg2 using $result/T_soe_vs_private, excel addtext(Kernel Type, `e(kernel)
> ') addstat(bandwidth, e(h_l)) ctitle(pe_tfpop_np) dec(2) append 
/Users/brycewang/Documents/GitHub/top5-Econ-Paper-Replications/QJE2020-Watering
> -Down-Environmental-Regulation/Results/Tables/T_soe_vs_private.xml
dir : seeout

. 
. rdrobust resid1_tfpop_s distance_new if neg_ind0==0 & soe == 1,masspoints(off
> ) kernel(epa) all vce(cluster site_id)                                     

Sharp RD estimates using local polynomial regression.

      Cutoff c = 0 | Left of c  Right of c            Number of obs =       116
> 9
-------------------+----------------------            BW type       =      mser
> d
     Number of obs |       728         441            Kernel        = Epanechni
> kov
Eff. Number of obs |       256         186            VCE method    =    Cluste
> r
    Order est. (p) |         1           1
    Order bias (q) |         2           2
       BW est. (h) |     6.064       6.064
       BW bias (b) |     8.761       8.761
         rho (h/b) |     0.692       0.692
Number of clusters |        59          41

Outcome: resid1_tfpop_s. Running variable: distance_new.
-------------------------------------------------------------------------------
> -
            Method |   Coef.    Std. Err.    z     P>|z|    [95% Conf. Interval
> ]
-------------------+-----------------------------------------------------------
> -
      Conventional |  .08593     .33302   0.2580   0.796   -.566771      .73862
> 8
    Bias-corrected |  .07739     .33302   0.2324   0.816   -.575306      .73009
> 3
            Robust |  .07739      .4258   0.1818   0.856   -.757162      .91194
> 9
-------------------------------------------------------------------------------
> -
Std. Err. adjusted for clusters in site_id

. outreg2 using $result/T_soe_vs_private, excel addtext(Kernel Type, `e(kernel)
> ') addstat(bandwidth, e(h_l)) ctitle(pe_tfpop_np) dec(2) append 
/Users/brycewang/Documents/GitHub/top5-Econ-Paper-Replications/QJE2020-Watering
> -Down-Environmental-Regulation/Results/Tables/T_soe_vs_private.xml
dir : seeout

. 
. rdrobust resid1_tfpop_s distance_new if neg_ind0==0 & soe == 1,masspoints(off
> ) kernel(uniform) all vce(cluster site_id)                                   
>       

Sharp RD estimates using local polynomial regression.

      Cutoff c = 0 | Left of c  Right of c            Number of obs =       116
> 9
-------------------+----------------------            BW type       =      mser
> d
     Number of obs |       728         441            Kernel        =    Unifor
> m
Eff. Number of obs |       134         109            VCE method    =    Cluste
> r
    Order est. (p) |         1           1
    Order bias (q) |         2           2
       BW est. (h) |     4.550       4.550
       BW bias (b) |     7.284       7.284
         rho (h/b) |     0.625       0.625
Number of clusters |        48          38

Outcome: resid1_tfpop_s. Running variable: distance_new.
-------------------------------------------------------------------------------
> -
            Method |   Coef.    Std. Err.    z     P>|z|    [95% Conf. Interval
> ]
-------------------+-----------------------------------------------------------
> -
      Conventional |  .06035     .41305   0.1461   0.884   -.749215      .86991
> 6
    Bias-corrected | -.02606     .41305   -0.0631  0.950   -.835622      .78350
> 9
            Robust | -.02606     .51569   -0.0505  0.960   -1.03679      .98467
> 5
-------------------------------------------------------------------------------
> -
Std. Err. adjusted for clusters in site_id

. outreg2 using $result/T_soe_vs_private, excel addtext(Kernel Type, `e(kernel)
> ') addstat(bandwidth, e(h_l)) ctitle(pe_tfpop_np) dec(2) append 
/Users/brycewang/Documents/GitHub/top5-Econ-Paper-Replications/QJE2020-Watering
> -Down-Environmental-Regulation/Results/Tables/T_soe_vs_private.xml
dir : seeout

. 
. 
. *** Insert all the Tables ***
. 
. xmluse $result/T_soe_vs_private.xml, doctype(excel) sheet(Sheet1) cells(A2:FZ
> 100)  allstring missing nocompress clear 
(more variables in requested cell range than in data)
(more observations in requested cell range than in data)

. export excel using $result/Tables_TFP.xlsx, sheet("T_soe_vs_private", replace
> ) 
file /Users/brycewang/Documents/GitHub/top5-Econ-Paper-Replications/QJE2020-Wat
> ering-Down-Environmental-Regulation/Results/Tables/Tables_TFP.xlsx saved

. 
. 
. 
. ********** Big vs. Small Firms **********
. 
. use "$data/big_vs_small_QJE_final", clear

. 
. cap erase $result/T_big_vs_small.txt 

. cap erase $result/T_big_vs_small.xml 

. 
. rdrobust resid1_tfpop_s distance_new if neg_ind0==1 & firm_big == 0,masspoint
> s(off) kernel(tri) all vce(cluster site_id)                                  
>       

Sharp RD estimates using local polynomial regression.

      Cutoff c = 0 | Left of c  Right of c            Number of obs =       182
> 9
-------------------+----------------------            BW type       =      mser
> d
     Number of obs |       997         832            Kernel        = Triangula
> r
Eff. Number of obs |       226         106            VCE method    =    Cluste
> r
    Order est. (p) |         1           1
    Order bias (q) |         2           2
       BW est. (h) |     4.589       4.589
       BW bias (b) |     6.247       6.247
         rho (h/b) |     0.735       0.735
Number of clusters |        59          39

Outcome: resid1_tfpop_s. Running variable: distance_new.
-------------------------------------------------------------------------------
> -
            Method |   Coef.    Std. Err.    z     P>|z|    [95% Conf. Interval
> ]
-------------------+-----------------------------------------------------------
> -
      Conventional |  .05729     .40655   0.1409   0.888   -.739539      .85411
> 7
    Bias-corrected | -.04469     .40655   -0.1099  0.912   -.841514      .75214
> 3
            Robust | -.04469     .45514   -0.0982  0.922   -.936753      .84738
> 1
-------------------------------------------------------------------------------
> -
Std. Err. adjusted for clusters in site_id

. outreg2 using $result/T_big_vs_small, excel addtext(Kernel Type, `e(kernel)')
>  addstat(bandwidth, e(h_l)) ctitle(pe_tfpop_p) dec(2) append 
/Users/brycewang/Documents/GitHub/top5-Econ-Paper-Replications/QJE2020-Watering
> -Down-Environmental-Regulation/Results/Tables/T_big_vs_small.xml
dir : seeout

. 
. rdrobust resid1_tfpop_s distance_new if neg_ind0==1 & firm_big == 0,masspoint
> s(off) kernel(epa) all vce(cluster site_id)                                  
>       

Sharp RD estimates using local polynomial regression.

      Cutoff c = 0 | Left of c  Right of c            Number of obs =       182
> 9
-------------------+----------------------            BW type       =      mser
> d
     Number of obs |       997         832            Kernel        = Epanechni
> kov
Eff. Number of obs |       260         142            VCE method    =    Cluste
> r
    Order est. (p) |         1           1
    Order bias (q) |         2           2
       BW est. (h) |     5.116       5.116
       BW bias (b) |     6.749       6.749
         rho (h/b) |     0.758       0.758
Number of clusters |        63          47

Outcome: resid1_tfpop_s. Running variable: distance_new.
-------------------------------------------------------------------------------
> -
            Method |   Coef.    Std. Err.    z     P>|z|    [95% Conf. Interval
> ]
-------------------+-----------------------------------------------------------
> -
      Conventional |  .13464     .35939   0.3746   0.708   -.569761      .83903
> 1
    Bias-corrected |   .0261     .35939   0.0726   0.942   -.678297      .73049
> 5
            Robust |   .0261     .44506   0.0586   0.953   -.846204      .89840
> 3
-------------------------------------------------------------------------------
> -
Std. Err. adjusted for clusters in site_id

. outreg2 using $result/T_big_vs_small, excel addtext(Kernel Type, `e(kernel)')
>  addstat(bandwidth, e(h_l)) ctitle(pe_tfpop_p) dec(2) append 
/Users/brycewang/Documents/GitHub/top5-Econ-Paper-Replications/QJE2020-Watering
> -Down-Environmental-Regulation/Results/Tables/T_big_vs_small.xml
dir : seeout

. 
. rdrobust resid1_tfpop_s distance_new if neg_ind0==1 & firm_big == 0,masspoint
> s(off) kernel(uniform) all vce(cluster site_id)                              
>       

Sharp RD estimates using local polynomial regression.

      Cutoff c = 0 | Left of c  Right of c            Number of obs =       182
> 9
-------------------+----------------------            BW type       =      mser
> d
     Number of obs |       997         832            Kernel        =    Unifor
> m
Eff. Number of obs |       188          96            VCE method    =    Cluste
> r
    Order est. (p) |         1           1
    Order bias (q) |         2           2
       BW est. (h) |     3.757       3.757
       BW bias (b) |     5.739       5.739
         rho (h/b) |     0.655       0.655
Number of clusters |        56          32

Outcome: resid1_tfpop_s. Running variable: distance_new.
-------------------------------------------------------------------------------
> -
            Method |   Coef.    Std. Err.    z     P>|z|    [95% Conf. Interval
> ]
-------------------+-----------------------------------------------------------
> -
      Conventional |  .16909     .39244   0.4309   0.667   -.600066      .93825
> 5
    Bias-corrected |   .0749     .39244   0.1909   0.849   -.694262      .84405
> 9
            Robust |   .0749     .46019   0.1628   0.871   -.827061      .97685
> 8
-------------------------------------------------------------------------------
> -
Std. Err. adjusted for clusters in site_id

. outreg2 using $result/T_big_vs_small, excel addtext(Kernel Type, `e(kernel)')
>  addstat(bandwidth, e(h_l)) ctitle(pe_tfpop_p) dec(2) append 
/Users/brycewang/Documents/GitHub/top5-Econ-Paper-Replications/QJE2020-Watering
> -Down-Environmental-Regulation/Results/Tables/T_big_vs_small.xml
dir : seeout

. 
. 
. rdrobust resid1_tfpop_s distance_new if neg_ind0==0 & firm_big == 0,masspoint
> s(off) kernel(tri) all vce(cluster site_id)                                  
>       

Sharp RD estimates using local polynomial regression.

      Cutoff c = 0 | Left of c  Right of c            Number of obs =       398
> 1
-------------------+----------------------            BW type       =      mser
> d
     Number of obs |      2138        1843            Kernel        = Triangula
> r
Eff. Number of obs |       599         292            VCE method    =    Cluste
> r
    Order est. (p) |         1           1
    Order bias (q) |         2           2
       BW est. (h) |     4.199       4.199
       BW bias (b) |     8.429       8.429
         rho (h/b) |     0.498       0.498
Number of clusters |        95          67

Outcome: resid1_tfpop_s. Running variable: distance_new.
-------------------------------------------------------------------------------
> -
            Method |   Coef.    Std. Err.    z     P>|z|    [95% Conf. Interval
> ]
-------------------+-----------------------------------------------------------
> -
      Conventional | -.01486     .15507   -0.0958  0.924   -.318803       .2890
> 8
    Bias-corrected | -.06081     .15507   -0.3922  0.695   -.364756      .24312
> 7
            Robust | -.06081     .18905   -0.3217  0.748   -.431349       .3097
> 2
-------------------------------------------------------------------------------
> -
Std. Err. adjusted for clusters in site_id

. outreg2 using $result/T_big_vs_small, excel addtext(Kernel Type, `e(kernel)')
>  addstat(bandwidth, e(h_l)) ctitle(pe_tfpop_np) dec(2) append 
/Users/brycewang/Documents/GitHub/top5-Econ-Paper-Replications/QJE2020-Watering
> -Down-Environmental-Regulation/Results/Tables/T_big_vs_small.xml
dir : seeout

. 
. rdrobust resid1_tfpop_s distance_new if neg_ind0==0 & firm_big == 0,masspoint
> s(off) kernel(epa) all vce(cluster site_id)                                  
>       

Sharp RD estimates using local polynomial regression.

      Cutoff c = 0 | Left of c  Right of c            Number of obs =       398
> 1
-------------------+----------------------            BW type       =      mser
> d
     Number of obs |      2138        1843            Kernel        = Epanechni
> kov
Eff. Number of obs |       558         257            VCE method    =    Cluste
> r
    Order est. (p) |         1           1
    Order bias (q) |         2           2
       BW est. (h) |     3.798       3.798
       BW bias (b) |     7.686       7.686
         rho (h/b) |     0.494       0.494
Number of clusters |        86          66

Outcome: resid1_tfpop_s. Running variable: distance_new.
-------------------------------------------------------------------------------
> -
            Method |   Coef.    Std. Err.    z     P>|z|    [95% Conf. Interval
> ]
-------------------+-----------------------------------------------------------
> -
      Conventional | -.04476     .16282   -0.2749  0.783   -.363879      .27435
> 3
    Bias-corrected | -.06456     .16282   -0.3965  0.692    -.38368      .25455
> 2
            Robust | -.06456     .21266   -0.3036  0.761   -.481371      .35224
> 2
-------------------------------------------------------------------------------
> -
Std. Err. adjusted for clusters in site_id

. outreg2 using $result/T_big_vs_small, excel addtext(Kernel Type, `e(kernel)')
>  addstat(bandwidth, e(h_l)) ctitle(pe_tfpop_np) dec(2) append 
/Users/brycewang/Documents/GitHub/top5-Econ-Paper-Replications/QJE2020-Watering
> -Down-Environmental-Regulation/Results/Tables/T_big_vs_small.xml
dir : seeout

. 
. rdrobust resid1_tfpop_s distance_new if neg_ind0==0 & firm_big == 0,masspoint
> s(off) kernel(uniform) all vce(cluster site_id)                              
>       

Sharp RD estimates using local polynomial regression.

      Cutoff c = 0 | Left of c  Right of c            Number of obs =       398
> 1
-------------------+----------------------            BW type       =      mser
> d
     Number of obs |      2138        1843            Kernel        =    Unifor
> m
Eff. Number of obs |       592         284            VCE method    =    Cluste
> r
    Order est. (p) |         1           1
    Order bias (q) |         2           2
       BW est. (h) |     4.021       4.021
       BW bias (b) |     9.417       9.417
         rho (h/b) |     0.427       0.427
Number of clusters |       101          76

Outcome: resid1_tfpop_s. Running variable: distance_new.
-------------------------------------------------------------------------------
> -
            Method |   Coef.    Std. Err.    z     P>|z|    [95% Conf. Interval
> ]
-------------------+-----------------------------------------------------------
> -
      Conventional |  .04242     .17573   0.2414   0.809   -.302005       .3868
> 4
    Bias-corrected | -.00503     .17573   -0.0286  0.977    -.34945      .33939
> 4
            Robust | -.00503     .18275   -0.0275  0.978   -.363212      .35315
> 6
-------------------------------------------------------------------------------
> -
Std. Err. adjusted for clusters in site_id

. outreg2 using $result/T_big_vs_small, excel addtext(Kernel Type, `e(kernel)')
>  addstat(bandwidth, e(h_l)) ctitle(pe_tfpop_np) dec(2) append 
/Users/brycewang/Documents/GitHub/top5-Econ-Paper-Replications/QJE2020-Watering
> -Down-Environmental-Regulation/Results/Tables/T_big_vs_small.xml
dir : seeout

. 
. 
. rdrobust resid1_tfpop_s distance_new if neg_ind0==1 & firm_big == 1,masspoint
> s(off) kernel(tri) all vce(cluster site_id)                                  
>       

Sharp RD estimates using local polynomial regression.

      Cutoff c = 0 | Left of c  Right of c            Number of obs =       481
> 8
-------------------+----------------------            BW type       =      mser
> d
     Number of obs |      2820        1998            Kernel        = Triangula
> r
Eff. Number of obs |       766         378            VCE method    =    Cluste
> r
    Order est. (p) |         1           1
    Order bias (q) |         2           2
       BW est. (h) |     5.147       5.147
       BW bias (b) |     7.867       7.867
         rho (h/b) |     0.654       0.654
Number of clusters |        94          77

Outcome: resid1_tfpop_s. Running variable: distance_new.
-------------------------------------------------------------------------------
> -
            Method |   Coef.    Std. Err.    z     P>|z|    [95% Conf. Interval
> ]
-------------------+-----------------------------------------------------------
> -
      Conventional |  .48548     .16243   2.9888   0.003    .167123      .80384
> 3
    Bias-corrected |  .51705     .16243   3.1832   0.001    .198691      .83541
> 1
            Robust |  .51705     .18891   2.7371   0.006    .146798      .88730
> 4
-------------------------------------------------------------------------------
> -
Std. Err. adjusted for clusters in site_id

. outreg2 using $result/T_big_vs_small, excel addtext(Kernel Type, `e(kernel)')
>  addstat(bandwidth, e(h_l)) ctitle(pe_tfpop_p) dec(2) append 
/Users/brycewang/Documents/GitHub/top5-Econ-Paper-Replications/QJE2020-Watering
> -Down-Environmental-Regulation/Results/Tables/T_big_vs_small.xml
dir : seeout

. 
. rdrobust resid1_tfpop_s distance_new if neg_ind0==1 & firm_big == 1,masspoint
> s(off) kernel(epa) all vce(cluster site_id)                                  
>       

Sharp RD estimates using local polynomial regression.

      Cutoff c = 0 | Left of c  Right of c            Number of obs =       481
> 8
-------------------+----------------------            BW type       =      mser
> d
     Number of obs |      2820        1998            Kernel        = Epanechni
> kov
Eff. Number of obs |       709         310            VCE method    =    Cluste
> r
    Order est. (p) |         1           1
    Order bias (q) |         2           2
       BW est. (h) |     4.846       4.846
       BW bias (b) |     7.745       7.745
         rho (h/b) |     0.626       0.626
Number of clusters |        94          75

Outcome: resid1_tfpop_s. Running variable: distance_new.
-------------------------------------------------------------------------------
> -
            Method |   Coef.    Std. Err.    z     P>|z|    [95% Conf. Interval
> ]
-------------------+-----------------------------------------------------------
> -
      Conventional |   .5185     .17335   2.9910   0.003    .178739      .85826
> 9
    Bias-corrected |  .55057     .17335   3.1760   0.001    .210806      .89033
> 5
            Robust |  .55057     .19883   2.7690   0.006     .16087      .94027
> 1
-------------------------------------------------------------------------------
> -
Std. Err. adjusted for clusters in site_id

. outreg2 using $result/T_big_vs_small, excel addtext(Kernel Type, `e(kernel)')
>  addstat(bandwidth, e(h_l)) ctitle(pe_tfpop_p) dec(2) append 
/Users/brycewang/Documents/GitHub/top5-Econ-Paper-Replications/QJE2020-Watering
> -Down-Environmental-Regulation/Results/Tables/T_big_vs_small.xml
dir : seeout

. 
. rdrobust resid1_tfpop_s distance_new if neg_ind0==1 & firm_big == 1,masspoint
> s(off) kernel(uniform) all vce(cluster site_id)                              
>       

Sharp RD estimates using local polynomial regression.

      Cutoff c = 0 | Left of c  Right of c            Number of obs =       481
> 8
-------------------+----------------------            BW type       =      mser
> d
     Number of obs |      2820        1998            Kernel        =    Unifor
> m
Eff. Number of obs |       692         304            VCE method    =    Cluste
> r
    Order est. (p) |         1           1
    Order bias (q) |         2           2
       BW est. (h) |     4.756       4.756
       BW bias (b) |     8.688       8.688
         rho (h/b) |     0.547       0.547
Number of clusters |       104          81

Outcome: resid1_tfpop_s. Running variable: distance_new.
-------------------------------------------------------------------------------
> -
            Method |   Coef.    Std. Err.    z     P>|z|    [95% Conf. Interval
> ]
-------------------+-----------------------------------------------------------
> -
      Conventional |  .51719      .1746   2.9621   0.003    .174973      .85940
> 4
    Bias-corrected |  .53794      .1746   3.0809   0.002    .195723      .88015
> 4
            Robust |  .53794     .19339   2.7816   0.005    .158903      .91697
> 4
-------------------------------------------------------------------------------
> -
Std. Err. adjusted for clusters in site_id

. outreg2 using $result/T_big_vs_small, excel addtext(Kernel Type, `e(kernel)')
>  addstat(bandwidth, e(h_l)) ctitle(pe_tfpop_p) dec(2) append 
/Users/brycewang/Documents/GitHub/top5-Econ-Paper-Replications/QJE2020-Watering
> -Down-Environmental-Regulation/Results/Tables/T_big_vs_small.xml
dir : seeout

. 
. 
. rdrobust resid1_tfpop_s distance_new if neg_ind0==0 & firm_big == 1,masspoint
> s(off) kernel(tri) all vce(cluster site_id)                                  
>       

Sharp RD estimates using local polynomial regression.

      Cutoff c = 0 | Left of c  Right of c            Number of obs =       876
> 5
-------------------+----------------------            BW type       =      mser
> d
     Number of obs |      4909        3856            Kernel        = Triangula
> r
Eff. Number of obs |      1536         808            VCE method    =    Cluste
> r
    Order est. (p) |         1           1
    Order bias (q) |         2           2
       BW est. (h) |     5.079       5.079
       BW bias (b) |     8.080       8.080
         rho (h/b) |     0.629       0.629
Number of clusters |       105          83

Outcome: resid1_tfpop_s. Running variable: distance_new.
-------------------------------------------------------------------------------
> -
            Method |   Coef.    Std. Err.    z     P>|z|    [95% Conf. Interval
> ]
-------------------+-----------------------------------------------------------
> -
      Conventional |  .02402     .11115   0.2161   0.829   -.193828      .24186
> 7
    Bias-corrected |  .02696     .11115   0.2425   0.808   -.190889      .24480
> 6
            Robust |  .02696     .13079   0.2061   0.837   -.229384      .28330
> 1
-------------------------------------------------------------------------------
> -
Std. Err. adjusted for clusters in site_id

. outreg2 using $result/T_big_vs_small, excel addtext(Kernel Type, `e(kernel)')
>  addstat(bandwidth, e(h_l)) ctitle(pe_tfpop_np) dec(2) append 
/Users/brycewang/Documents/GitHub/top5-Econ-Paper-Replications/QJE2020-Watering
> -Down-Environmental-Regulation/Results/Tables/T_big_vs_small.xml
dir : seeout

. 
. rdrobust resid1_tfpop_s distance_new if neg_ind0==0 & firm_big == 1,masspoint
> s(off) kernel(epa) all vce(cluster site_id)                                  
>       

Sharp RD estimates using local polynomial regression.

      Cutoff c = 0 | Left of c  Right of c            Number of obs =       876
> 5
-------------------+----------------------            BW type       =      mser
> d
     Number of obs |      4909        3856            Kernel        = Epanechni
> kov
Eff. Number of obs |      1644         859            VCE method    =    Cluste
> r
    Order est. (p) |         1           1
    Order bias (q) |         2           2
       BW est. (h) |     5.242       5.242
       BW bias (b) |     8.719       8.719
         rho (h/b) |     0.601       0.601
Number of clusters |       115          86

Outcome: resid1_tfpop_s. Running variable: distance_new.
-------------------------------------------------------------------------------
> -
            Method |   Coef.    Std. Err.    z     P>|z|    [95% Conf. Interval
> ]
-------------------+-----------------------------------------------------------
> -
      Conventional |  .03156     .11192   0.2820   0.778   -.187793      .25090
> 8
    Bias-corrected |  .03389     .11192   0.3028   0.762   -.185459      .25324
> 2
            Robust |  .03389     .13162   0.2575   0.797   -.224088      .29187
> 1
-------------------------------------------------------------------------------
> -
Std. Err. adjusted for clusters in site_id

. outreg2 using $result/T_big_vs_small, excel addtext(Kernel Type, `e(kernel)')
>  addstat(bandwidth, e(h_l)) ctitle(pe_tfpop_np) dec(2) append 
/Users/brycewang/Documents/GitHub/top5-Econ-Paper-Replications/QJE2020-Watering
> -Down-Environmental-Regulation/Results/Tables/T_big_vs_small.xml
dir : seeout

. 
. rdrobust resid1_tfpop_s distance_new if neg_ind0==0 & firm_big == 1,masspoint
> s(off) kernel(uniform) all vce(cluster site_id)                              
>       

Sharp RD estimates using local polynomial regression.

      Cutoff c = 0 | Left of c  Right of c            Number of obs =       876
> 5
-------------------+----------------------            BW type       =      mser
> d
     Number of obs |      4909        3856            Kernel        =    Unifor
> m
Eff. Number of obs |      1823        1036            VCE method    =    Cluste
> r
    Order est. (p) |         1           1
    Order bias (q) |         2           2
       BW est. (h) |     5.755       5.755
       BW bias (b) |     9.390       9.390
         rho (h/b) |     0.613       0.613
Number of clusters |       119          94

Outcome: resid1_tfpop_s. Running variable: distance_new.
-------------------------------------------------------------------------------
> -
            Method |   Coef.    Std. Err.    z     P>|z|    [95% Conf. Interval
> ]
-------------------+-----------------------------------------------------------
> -
      Conventional |  .01986     .09772   0.2033   0.839   -.171658      .21138
> 4
    Bias-corrected | -.00704     .09772   -0.0721  0.943   -.198563      .18447
> 9
            Robust | -.00704     .11708   -0.0602  0.952   -.236507      .22242
> 3
-------------------------------------------------------------------------------
> -
Std. Err. adjusted for clusters in site_id

. outreg2 using $result/T_big_vs_small, excel addtext(Kernel Type, `e(kernel)')
>  addstat(bandwidth, e(h_l)) ctitle(pe_tfpop_np) dec(2) append 
/Users/brycewang/Documents/GitHub/top5-Econ-Paper-Replications/QJE2020-Watering
> -Down-Environmental-Regulation/Results/Tables/T_big_vs_small.xml
dir : seeout

. 
. 
. xmluse $result/T_big_vs_small.xml, doctype(excel) sheet(Sheet1) cells(A2:FZ10
> 0)  allstring missing nocompress clear 
(more variables in requested cell range than in data)
(more observations in requested cell range than in data)

. export excel using $result/Tables_TFP.xlsx, sheet("T_big_vs_small", replace) 
file /Users/brycewang/Documents/GitHub/top5-Econ-Paper-Replications/QJE2020-Wat
> ering-Down-Environmental-Regulation/Results/Tables/Tables_TFP.xlsx saved

. 
. 
. 
. ********** River Basin: South-North Water Diversion Project **********
. use "$data/NSBD_QJE_final", clear

. 
. cap erase $result/T_localRD_basin.txt 

. cap erase $result/T_localRD_basin.xml 

. 
. * Authomatic bandwidth models: 
. local kernelfn "epa tri uni"   

. 
.         foreach y of var resid1_tfpop_s{        
  2.                 foreach kvar of local kernelfn { 
  3.                 
.                         rdrobust `y' distance_new if neg_ind0==1 & nsbd==0,ma
> sspoints(off) kernel(`kvar') vce(cluster site_id)  
  4.                         outreg2 using $result/T_localRD_basin, excel addte
> xt(Kernel Type, `e(kernel)') addstat(bandwidth, e(h_l)) ctitle(`y'_p) dec(2) 
> append 
  5.                 }
  6.         }

Sharp RD estimates using local polynomial regression.

      Cutoff c = 0 | Left of c  Right of c            Number of obs =       499
> 8
-------------------+----------------------            BW type       =      mser
> d
     Number of obs |      3099        1899            Kernel        = Epanechni
> kov
Eff. Number of obs |       711         349            VCE method    =    Cluste
> r
    Order est. (p) |         1           1
    Order bias (q) |         2           2
       BW est. (h) |     4.522       4.522
       BW bias (b) |     7.244       7.244
         rho (h/b) |     0.624       0.624
Number of clusters |        81          63

Outcome: resid1_tfpop_s. Running variable: distance_new.
-------------------------------------------------------------------------------
> -
                   | Point         | Robust Inference
                   | Estimate      | z-stat        P>|z|    [95% Conf. Interval
> ]
-------------------+-----------------------------------------------------------
> -
         RD Effect |  .38197       | 1.7340        0.083    -.052702     .86160
> 4
-------------------------------------------------------------------------------
> -
Std. Err. adjusted for clusters in site_id
/Users/brycewang/Documents/GitHub/top5-Econ-Paper-Replications/QJE2020-Watering
> -Down-Environmental-Regulation/Results/Tables/T_localRD_basin.xml
dir : seeout

Sharp RD estimates using local polynomial regression.

      Cutoff c = 0 | Left of c  Right of c            Number of obs =       499
> 8
-------------------+----------------------            BW type       =      mser
> d
     Number of obs |      3099        1899            Kernel        = Triangula
> r
Eff. Number of obs |       809         431            VCE method    =    Cluste
> r
    Order est. (p) |         1           1
    Order bias (q) |         2           2
       BW est. (h) |     5.103       5.103
       BW bias (b) |     7.930       7.930
         rho (h/b) |     0.644       0.644
Number of clusters |        90          71

Outcome: resid1_tfpop_s. Running variable: distance_new.
-------------------------------------------------------------------------------
> -
                   | Point         | Robust Inference
                   | Estimate      | z-stat        P>|z|    [95% Conf. Interval
> ]
-------------------+-----------------------------------------------------------
> -
         RD Effect |   .3463       | 1.6951        0.090     -.05726     .79009
> 4
-------------------------------------------------------------------------------
> -
Std. Err. adjusted for clusters in site_id
/Users/brycewang/Documents/GitHub/top5-Econ-Paper-Replications/QJE2020-Watering
> -Down-Environmental-Regulation/Results/Tables/T_localRD_basin.xml
dir : seeout

Sharp RD estimates using local polynomial regression.

      Cutoff c = 0 | Left of c  Right of c            Number of obs =       499
> 8
-------------------+----------------------            BW type       =      mser
> d
     Number of obs |      3099        1899            Kernel        =    Unifor
> m
Eff. Number of obs |       638         329            VCE method    =    Cluste
> r
    Order est. (p) |         1           1
    Order bias (q) |         2           2
       BW est. (h) |     3.877       3.877
       BW bias (b) |     6.670       6.670
         rho (h/b) |     0.581       0.581
Number of clusters |        77          57

Outcome: resid1_tfpop_s. Running variable: distance_new.
-------------------------------------------------------------------------------
> -
                   | Point         | Robust Inference
                   | Estimate      | z-stat        P>|z|    [95% Conf. Interval
> ]
-------------------+-----------------------------------------------------------
> -
         RD Effect |  .35904       | 1.5580        0.119    -.093829     .82127
> 7
-------------------------------------------------------------------------------
> -
Std. Err. adjusted for clusters in site_id
/Users/brycewang/Documents/GitHub/top5-Econ-Paper-Replications/QJE2020-Watering
> -Down-Environmental-Regulation/Results/Tables/T_localRD_basin.xml
dir : seeout

. 
. 
.         foreach y of var resid1_tfpop_s{        
  2.                 foreach kvar of local kernelfn { 
  3.                 
.                         rdrobust `y' distance_new if neg_ind0==0 & nsbd==0,ma
> sspoints(off) kernel(`kvar') vce(cluster site_id)  
  4.                         outreg2 using $result/T_localRD_basin, excel addte
> xt(Kernel Type, `e(kernel)') addstat(bandwidth, e(h_l)) ctitle(`y'_p) dec(2) 
> append 
  5.                 }
  6.         }

Sharp RD estimates using local polynomial regression.

      Cutoff c = 0 | Left of c  Right of c            Number of obs =       973
> 9
-------------------+----------------------            BW type       =      mser
> d
     Number of obs |      5752        3987            Kernel        = Epanechni
> kov
Eff. Number of obs |      1789         997            VCE method    =    Cluste
> r
    Order est. (p) |         1           1
    Order bias (q) |         2           2
       BW est. (h) |     4.972       4.972
       BW bias (b) |     8.813       8.813
         rho (h/b) |     0.564       0.564
Number of clusters |       106          80

Outcome: resid1_tfpop_s. Running variable: distance_new.
-------------------------------------------------------------------------------
> -
                   | Point         | Robust Inference
                   | Estimate      | z-stat        P>|z|    [95% Conf. Interval
> ]
-------------------+-----------------------------------------------------------
> -
         RD Effect |  .13174       | 1.0076        0.314    -.128683     .40096
> 6
-------------------------------------------------------------------------------
> -
Std. Err. adjusted for clusters in site_id
/Users/brycewang/Documents/GitHub/top5-Econ-Paper-Replications/QJE2020-Watering
> -Down-Environmental-Regulation/Results/Tables/T_localRD_basin.xml
dir : seeout

Sharp RD estimates using local polynomial regression.

      Cutoff c = 0 | Left of c  Right of c            Number of obs =       973
> 9
-------------------+----------------------            BW type       =      mser
> d
     Number of obs |      5752        3987            Kernel        = Triangula
> r
Eff. Number of obs |      2076        1209            VCE method    =    Cluste
> r
    Order est. (p) |         1           1
    Order bias (q) |         2           2
       BW est. (h) |     5.718       5.718
       BW bias (b) |     9.459       9.459
         rho (h/b) |     0.604       0.604
Number of clusters |       111          84

Outcome: resid1_tfpop_s. Running variable: distance_new.
-------------------------------------------------------------------------------
> -
                   | Point         | Robust Inference
                   | Estimate      | z-stat        P>|z|    [95% Conf. Interval
> ]
-------------------+-----------------------------------------------------------
> -
         RD Effect |  .10689       | 0.8622        0.389    -.139628     .35895
> 5
-------------------------------------------------------------------------------
> -
Std. Err. adjusted for clusters in site_id
/Users/brycewang/Documents/GitHub/top5-Econ-Paper-Replications/QJE2020-Watering
> -Down-Environmental-Regulation/Results/Tables/T_localRD_basin.xml
dir : seeout

Sharp RD estimates using local polynomial regression.

      Cutoff c = 0 | Left of c  Right of c            Number of obs =       973
> 9
-------------------+----------------------            BW type       =      mser
> d
     Number of obs |      5752        3987            Kernel        =    Unifor
> m
Eff. Number of obs |      1629         905            VCE method    =    Cluste
> r
    Order est. (p) |         1           1
    Order bias (q) |         2           2
       BW est. (h) |     4.498       4.498
       BW bias (b) |     8.385       8.385
         rho (h/b) |     0.536       0.536
Number of clusters |       103          77

Outcome: resid1_tfpop_s. Running variable: distance_new.
-------------------------------------------------------------------------------
> -
                   | Point         | Robust Inference
                   | Estimate      | z-stat        P>|z|    [95% Conf. Interval
> ]
-------------------+-----------------------------------------------------------
> -
         RD Effect |  .10836       | 0.5973        0.550    -.180509     .33876
> 1
-------------------------------------------------------------------------------
> -
Std. Err. adjusted for clusters in site_id
/Users/brycewang/Documents/GitHub/top5-Econ-Paper-Replications/QJE2020-Watering
> -Down-Environmental-Regulation/Results/Tables/T_localRD_basin.xml
dir : seeout

.         
.         
.         foreach y of var resid1_tfpop_s{        
  2.                 foreach kvar of local kernelfn { 
  3.                 
.                         rdrobust `y' distance_new if neg_ind0==1 & nsbd==1,ma
> sspoints(off) kernel(`kvar') vce(cluster site_id)  
  4.                         outreg2 using $result/T_localRD_basin, excel addte
> xt(Kernel Type, `e(kernel)') addstat(bandwidth, e(h_l)) ctitle(`y'_p) dec(2) 
> append 
  5.                 }
  6.         }

Sharp RD estimates using local polynomial regression.

      Cutoff c = 0 | Left of c  Right of c            Number of obs =        93
> 3
-------------------+----------------------            BW type       =      mser
> d
     Number of obs |       292         641            Kernel        = Epanechni
> kov
Eff. Number of obs |       122         133            VCE method    =    Cluste
> r
    Order est. (p) |         1           1
    Order bias (q) |         2           2
       BW est. (h) |     5.711       5.711
       BW bias (b) |    10.713      10.713
         rho (h/b) |     0.533       0.533
Number of clusters |        13          15

Outcome: resid1_tfpop_s. Running variable: distance_new.
-------------------------------------------------------------------------------
> -
                   | Point         | Robust Inference
                   | Estimate      | z-stat        P>|z|    [95% Conf. Interval
> ]
-------------------+-----------------------------------------------------------
> -
         RD Effect |  .89076       | 3.8689        0.000     .482036     1.4718
> 5
-------------------------------------------------------------------------------
> -
Std. Err. adjusted for clusters in site_id
/Users/brycewang/Documents/GitHub/top5-Econ-Paper-Replications/QJE2020-Watering
> -Down-Environmental-Regulation/Results/Tables/T_localRD_basin.xml
dir : seeout

Sharp RD estimates using local polynomial regression.

      Cutoff c = 0 | Left of c  Right of c            Number of obs =        93
> 3
-------------------+----------------------            BW type       =      mser
> d
     Number of obs |       292         641            Kernel        = Triangula
> r
Eff. Number of obs |       122         292            VCE method    =    Cluste
> r
    Order est. (p) |         1           1
    Order bias (q) |         2           2
       BW est. (h) |     6.689       6.689
       BW bias (b) |    12.316      12.316
         rho (h/b) |     0.543       0.543
Number of clusters |        13          16

Outcome: resid1_tfpop_s. Running variable: distance_new.
-------------------------------------------------------------------------------
> -
                   | Point         | Robust Inference
                   | Estimate      | z-stat        P>|z|    [95% Conf. Interval
> ]
-------------------+-----------------------------------------------------------
> -
         RD Effect |  .68902       | 3.0425        0.002     .292567     1.3519
> 4
-------------------------------------------------------------------------------
> -
Std. Err. adjusted for clusters in site_id
/Users/brycewang/Documents/GitHub/top5-Econ-Paper-Replications/QJE2020-Watering
> -Down-Environmental-Regulation/Results/Tables/T_localRD_basin.xml
dir : seeout

Sharp RD estimates using local polynomial regression.

      Cutoff c = 0 | Left of c  Right of c            Number of obs =        93
> 3
-------------------+----------------------            BW type       =      mser
> d
     Number of obs |       292         641            Kernel        =    Unifor
> m
Eff. Number of obs |        69          11            VCE method    =    Cluste
> r
    Order est. (p) |         1           1
    Order bias (q) |         2           2
       BW est. (h) |     4.969       4.969
       BW bias (b) |    11.376      11.376
         rho (h/b) |     0.437       0.437
Number of clusters |        13          16

Outcome: resid1_tfpop_s. Running variable: distance_new.
-------------------------------------------------------------------------------
> -
                   | Point         | Robust Inference
                   | Estimate      | z-stat        P>|z|    [95% Conf. Interval
> ]
-------------------+-----------------------------------------------------------
> -
         RD Effect |  .93532       | 3.2719        0.001      .40571     1.6179
> 3
-------------------------------------------------------------------------------
> -
Std. Err. adjusted for clusters in site_id
/Users/brycewang/Documents/GitHub/top5-Econ-Paper-Replications/QJE2020-Watering
> -Down-Environmental-Regulation/Results/Tables/T_localRD_basin.xml
dir : seeout

. 
. 
.         foreach y of var resid1_tfpop_s{        
  2.                 foreach kvar of local kernelfn { 
  3.                 
.                         rdrobust `y' distance_new if neg_ind0==0 & nsbd==1,ma
> sspoints(off) kernel(`kvar') vce(cluster site_id)  
  4.                         outreg2 using $result/T_localRD_basin, excel addte
> xt(Kernel Type, `e(kernel)') addstat(bandwidth, e(h_l)) ctitle(`y'_p) dec(2) 
> append 
  5.                 }
  6.         }

Sharp RD estimates using local polynomial regression.

      Cutoff c = 0 | Left of c  Right of c            Number of obs =       142
> 9
-------------------+----------------------            BW type       =      mser
> d
     Number of obs |       395        1034            Kernel        = Epanechni
> kov
Eff. Number of obs |       101          10            VCE method    =    Cluste
> r
    Order est. (p) |         1           1
    Order bias (q) |         2           2
       BW est. (h) |     5.016       5.016
       BW bias (b) |     9.695       9.695
         rho (h/b) |     0.517       0.517
Number of clusters |        14          15

Outcome: resid1_tfpop_s. Running variable: distance_new.
-------------------------------------------------------------------------------
> -
                   | Point         | Robust Inference
                   | Estimate      | z-stat        P>|z|    [95% Conf. Interval
> ]
-------------------+-----------------------------------------------------------
> -
         RD Effect |  .16509       | 0.4599        0.646    -.447865     .72248
> 1
-------------------------------------------------------------------------------
> -
Std. Err. adjusted for clusters in site_id
/Users/brycewang/Documents/GitHub/top5-Econ-Paper-Replications/QJE2020-Watering
> -Down-Environmental-Regulation/Results/Tables/T_localRD_basin.xml
dir : seeout

Sharp RD estimates using local polynomial regression.

      Cutoff c = 0 | Left of c  Right of c            Number of obs =       142
> 9
-------------------+----------------------            BW type       =      mser
> d
     Number of obs |       395        1034            Kernel        = Triangula
> r
Eff. Number of obs |       195         111            VCE method    =    Cluste
> r
    Order est. (p) |         1           1
    Order bias (q) |         2           2
       BW est. (h) |     5.715       5.715
       BW bias (b) |    12.175      12.175
         rho (h/b) |     0.469       0.469
Number of clusters |        15          16

Outcome: resid1_tfpop_s. Running variable: distance_new.
-------------------------------------------------------------------------------
> -
                   | Point         | Robust Inference
                   | Estimate      | z-stat        P>|z|    [95% Conf. Interval
> ]
-------------------+-----------------------------------------------------------
> -
         RD Effect |  .10006       | 0.0728        0.942    -.631597      .6803
> 6
-------------------------------------------------------------------------------
> -
Std. Err. adjusted for clusters in site_id
/Users/brycewang/Documents/GitHub/top5-Econ-Paper-Replications/QJE2020-Watering
> -Down-Environmental-Regulation/Results/Tables/T_localRD_basin.xml
dir : seeout
Not enough variability to compute the preliminary bandwidth. Try checking for m
> ass points with option masspoints(check).
Not enough variability to compute the bias bandwidth (b). Try checking for mass
>  points with option masspoints(check). 

Sharp RD estimates using local polynomial regression.

      Cutoff c = 0 | Left of c  Right of c            Number of obs =       142
> 9
-------------------+----------------------            BW type       =      mser
> d
     Number of obs |       395        1034            Kernel        =    Unifor
> m
Eff. Number of obs |       212         573            VCE method    =    Cluste
> r
    Order est. (p) |         1           1
    Order bias (q) |         2           2
       BW est. (h) |     8.375       8.375
       BW bias (b) |    16.528      16.528
         rho (h/b) |     0.507       0.507
Number of clusters |        18          18

Outcome: resid1_tfpop_s. Running variable: distance_new.
-------------------------------------------------------------------------------
> -
                   | Point         | Robust Inference
                   | Estimate      | z-stat        P>|z|    [95% Conf. Interval
> ]
-------------------+-----------------------------------------------------------
> -
         RD Effect |   .0506       | 0.2546        0.799    -.540644     .70209
> 9
-------------------------------------------------------------------------------
> -
Std. Err. adjusted for clusters in site_id
/Users/brycewang/Documents/GitHub/top5-Econ-Paper-Replications/QJE2020-Watering
> -Down-Environmental-Regulation/Results/Tables/T_localRD_basin.xml
dir : seeout

.         
. 
. xmluse $result/T_localRD_basin.xml, doctype(excel) sheet(Sheet1) cells(A2:FZ1
> 00) allstring missing nocompress clear 
(more variables in requested cell range than in data)
(more observations in requested cell range than in data)

. export excel using $result/Tables_TFP.xlsx, sheet("T_localRD_basin", replace)
>  
file /Users/brycewang/Documents/GitHub/top5-Econ-Paper-Replications/QJE2020-Wat
> ering-Down-Environmental-Regulation/Results/Tables/Tables_TFP.xlsx saved

. 
.         
. 
. 
. 
. 
end of do-file

. global rc = _rc

. global sec = (clock("`c(current_date)' `c(current_time)'", "DMYhms") - $t0)/1
> 000

. file open _sl using "$steplog", write text append

. file write _sl "$step,$dof,$rc,$sec" _n

. file close _sl

. 
. * ---- Table II: difference-in-discontinuities (mdrd; slowest, ~3 min per spe
> c) ---
. global step "T2_MDRD"

. global dof  "T2_MDRD/2_Within_Firm_RD_replication.do"

. global data "$pkg/$step"

. global t0 = clock("`c(current_date)' `c(current_time)'", "DMYhms")

. cap noi do "$root/Program/$dof"

. * set directories 
. clear all

. set maxvar  30000


. set matsize 11000 
set matsize ignored.
    Matrix sizes are no longer limited by c(matsize) in modern Statas.
    Matrix sizes are now limited by edition of Stata.  See limits for more
    details.

. set more off

. cap log close

. 
. 
. 
. 
. use "$data/T2_MDRD.dta", clear

. 
. ****Table 2. Within Firm RD ****
. 
. *****Install MDRD package
. * [path fix] mdrd site offline; archived copy loaded from Program/ado by run_
> original.do
. * net describe mdrd, from(https://sites.google.com/site/r4ribas/codes/package
> s)
. * net install mdrd, force from(https://sites.google.com/site/r4ribas/codes/pa
> ckages)
. 
. ****Polluting industries
. cap erase $result/DID_tfp_p.xml

. cap erase $result/DID_tfp_p.txt

. mdrd resid2_tfpop_s distance_new if neg_ind0==1, time(post03) all kernel(tri)
Preparing data.
Computing bandwidth selectors.
Calculating predicted outcome per sample.
Estimation completed.

Estimates using local polynomial regression.

         Cutoff c = 0 |  Left of c  Right of c              Number of obs =    
>   11250
----------------------+-----------------------              NN matches    =    
>       6
 Number of obs, t = 0 |       1057         691              BW type       =    
>     CCT
 Number of obs, t = 1 |       2984        2347              Kernel type   = Tri
> angular
 Order loc. poly. (p) |          1           1
       Order bias (q) |          2           2
    BW loc. poly. (h) |    6.38834     6.38834
          BW bias (b) |    10.5188     10.5188
            rho (h/b) |      0.607       0.607

Outcome: resid2_tfpop_s. Running Variable: distance_new.
-------------------------------------------------------------------------------
> -------
               Method |      Coef.   Std. Err.      z    P>|z|    [95% Conf. In
> terval]
----------------------+--------------------------------------------------------
> -------
         Conventional |   .1595185    .070297     2.27   0.023     .021739     
> .297298
       Bias-corrected |   .2043106    .070297     2.91   0.004    .0665311    .
> 3420901
               Robust |   .2043106    .085073     2.40   0.016    .0375705    .
> 3710506
-------------------------------------------------------------------------------
> -------

. outreg2 using $result/DID_tfp_p, excel addtext(Kernel Type, `e(kernel)') ctit
> le(p_tfp) dec(2) append 
/Users/brycewang/Documents/GitHub/top5-Econ-Paper-Replications/QJE2020-Watering
> -Down-Environmental-Regulation/Results/Tables/DID_tfp_p.xml
dir : seeout

. mdrd resid2_tfpop_s distance_new if neg_ind0==1, time(post03) all kernel(epa)
Preparing data.
Computing bandwidth selectors.
Calculating predicted outcome per sample.
Estimation completed.

Estimates using local polynomial regression.

         Cutoff c = 0 |  Left of c  Right of c              Number of obs =    
>   11250
----------------------+-----------------------              NN matches    =    
>       6
 Number of obs, t = 0 |        918         467              BW type       =    
>     CCT
 Number of obs, t = 1 |       2682        1201              Kernel type   = Epa
> nechnikov
 Order loc. poly. (p) |          1           1
       Order bias (q) |          2           2
    BW loc. poly. (h) |    5.68724     5.68724
          BW bias (b) |    10.1484     10.1484
            rho (h/b) |      0.560       0.560

Outcome: resid2_tfpop_s. Running Variable: distance_new.
-------------------------------------------------------------------------------
> -------
               Method |      Coef.   Std. Err.      z    P>|z|    [95% Conf. In
> terval]
----------------------+--------------------------------------------------------
> -------
         Conventional |   .1673037   .0764884     2.19   0.029    .0173892    .
> 3172183
       Bias-corrected |   .2107481   .0764884     2.76   0.006    .0608336    .
> 3606627
               Robust |   .2107481   .0886319     2.38   0.017    .0370328    .
> 3844634
-------------------------------------------------------------------------------
> -------

. outreg2 using $result/DID_tfp_p, excel addtext(Kernel Type, `e(kernel)') ctit
> le(p_tfp) dec(2) append 
/Users/brycewang/Documents/GitHub/top5-Econ-Paper-Replications/QJE2020-Watering
> -Down-Environmental-Regulation/Results/Tables/DID_tfp_p.xml
dir : seeout

. mdrd resid2_tfpop_s distance_new if neg_ind0==1, time(post03) all kernel(uni)
Preparing data.
Computing bandwidth selectors.
Calculating predicted outcome per sample.
Estimation completed.

Estimates using local polynomial regression.

         Cutoff c = 0 |  Left of c  Right of c              Number of obs =    
>   11250
----------------------+-----------------------              NN matches    =    
>       6
 Number of obs, t = 0 |        845         434              BW type       =    
>     CCT
 Number of obs, t = 1 |       2541        1148              Kernel type   =    
> Uniform
 Order loc. poly. (p) |          1           1
       Order bias (q) |          2           2
    BW loc. poly. (h) |    5.34551     5.34551
          BW bias (b) |     9.8908      9.8908
            rho (h/b) |      0.540       0.540

Outcome: resid2_tfpop_s. Running Variable: distance_new.
-------------------------------------------------------------------------------
> -------
               Method |      Coef.   Std. Err.      z    P>|z|    [95% Conf. In
> terval]
----------------------+--------------------------------------------------------
> -------
         Conventional |   .1533796   .0749709     2.05   0.041    .0064394    .
> 3003199
       Bias-corrected |   .1979233   .0749709     2.64   0.008    .0509831    .
> 3448635
               Robust |   .1979233   .0867345     2.28   0.022    .0279268    .
> 3679198
-------------------------------------------------------------------------------
> -------

. outreg2 using $result/DID_tfp_p, excel addtext(Kernel Type, `e(kernel)') ctit
> le(p_tfp) dec(2) append 
/Users/brycewang/Documents/GitHub/top5-Econ-Paper-Replications/QJE2020-Watering
> -Down-Environmental-Regulation/Results/Tables/DID_tfp_p.xml
dir : seeout

. 
. 
. ****Non-Polluting industries
. cap erase $result/DID_tfp_np.xml

. cap erase $result/DID_tfp_np.txt

. mdrd resid2_tfpop_s distance_new if neg_ind0==0, time(post03) all kernel(tri)
Preparing data.
Computing bandwidth selectors.
Calculating predicted outcome per sample.
Estimation completed.

Estimates using local polynomial regression.

         Cutoff c = 0 |  Left of c  Right of c              Number of obs =    
>   18427
----------------------+-----------------------              NN matches    =    
>       6
 Number of obs, t = 0 |       2036        1251              BW type       =    
>     CCT
 Number of obs, t = 1 |       6672        4071              Kernel type   = Tri
> angular
 Order loc. poly. (p) |          1           1
       Order bias (q) |          2           2
    BW loc. poly. (h) |    6.33496     6.33496
          BW bias (b) |    8.97906     8.97906
            rho (h/b) |      0.706       0.706

Outcome: resid2_tfpop_s. Running Variable: distance_new.
-------------------------------------------------------------------------------
> -------
               Method |      Coef.   Std. Err.      z    P>|z|    [95% Conf. In
> terval]
----------------------+--------------------------------------------------------
> -------
         Conventional |  -.0068069   .0663354    -0.10   0.918    -.136822    .
> 1232081
       Bias-corrected |   .0278256   .0663354     0.42   0.675   -.1021894    .
> 1578406
               Robust |   .0278256   .0870475     0.32   0.749   -.1427843    .
> 1984355
-------------------------------------------------------------------------------
> -------

. outreg2 using $result/DID_tfp_np, excel addtext(Kernel Type, `e(kernel)') cti
> tle(np_tfp) dec(2) append 
/Users/brycewang/Documents/GitHub/top5-Econ-Paper-Replications/QJE2020-Watering
> -Down-Environmental-Regulation/Results/Tables/DID_tfp_np.xml
dir : seeout

. mdrd resid2_tfpop_s distance_new if neg_ind0==0, time(post03) all kernel(epa)
Preparing data.
Computing bandwidth selectors.
Calculating predicted outcome per sample.
Estimation completed.

Estimates using local polynomial regression.

         Cutoff c = 0 |  Left of c  Right of c              Number of obs =    
>   18427
----------------------+-----------------------              NN matches    =    
>       6
 Number of obs, t = 0 |       2078        1303              BW type       =    
>     CCT
 Number of obs, t = 1 |       6735        4207              Kernel type   = Epa
> nechnikov
 Order loc. poly. (p) |          1           1
       Order bias (q) |          2           2
    BW loc. poly. (h) |    6.43692     6.43692
          BW bias (b) |    8.96327     8.96327
            rho (h/b) |      0.718       0.718

Outcome: resid2_tfpop_s. Running Variable: distance_new.
-------------------------------------------------------------------------------
> -------
               Method |      Coef.   Std. Err.      z    P>|z|    [95% Conf. In
> terval]
----------------------+--------------------------------------------------------
> -------
         Conventional |   -.025525   .0629136    -0.41   0.685   -.1488334    .
> 0977833
       Bias-corrected |   .0023772   .0629136     0.04   0.970   -.1209311    .
> 1256856
               Robust |   .0023772   .0840082     0.03   0.977   -.1622758    .
> 1670303
-------------------------------------------------------------------------------
> -------

. outreg2 using $result/DID_tfp_np, excel addtext(Kernel Type, `e(kernel)') cti
> tle(np_tfp) dec(2) append 
/Users/brycewang/Documents/GitHub/top5-Econ-Paper-Replications/QJE2020-Watering
> -Down-Environmental-Regulation/Results/Tables/DID_tfp_np.xml
dir : seeout

. mdrd resid2_tfpop_s distance_new if neg_ind0==0, time(post03) all kernel(uni)
Preparing data.
Computing bandwidth selectors.
Calculating predicted outcome per sample.
Estimation completed.

Estimates using local polynomial regression.

         Cutoff c = 0 |  Left of c  Right of c              Number of obs =    
>   18427
----------------------+-----------------------              NN matches    =    
>       6
 Number of obs, t = 0 |       2054        1294              BW type       =    
>     CCT
 Number of obs, t = 1 |       6694        4166              Kernel type   =    
> Uniform
 Order loc. poly. (p) |          1           1
       Order bias (q) |          2           2
    BW loc. poly. (h) |    6.42039     6.42039
          BW bias (b) |    9.33231     9.33231
            rho (h/b) |      0.688       0.688

Outcome: resid2_tfpop_s. Running Variable: distance_new.
-------------------------------------------------------------------------------
> -------
               Method |      Coef.   Std. Err.      z    P>|z|    [95% Conf. In
> terval]
----------------------+--------------------------------------------------------
> -------
         Conventional |  -.0825437   .0566093    -1.46   0.145   -.1934958    .
> 0284085
       Bias-corrected |  -.0685672   .0566093    -1.21   0.226   -.1795194    .
> 0423849
               Robust |  -.0685672   .0770175    -0.89   0.373   -.2195188    .
> 0823843
-------------------------------------------------------------------------------
> -------

. outreg2 using $result/DID_tfp_np, excel addtext(Kernel Type, `e(kernel)') cti
> tle(np_tfp) dec(2) append 
/Users/brycewang/Documents/GitHub/top5-Econ-Paper-Replications/QJE2020-Watering
> -Down-Environmental-Regulation/Results/Tables/DID_tfp_np.xml
dir : seeout

. 
. 
. 
. 
end of do-file

. global rc = _rc

. global sec = (clock("`c(current_date)' `c(current_time)'", "DMYhms") - $t0)/1
> 000

. file open _sl using "$steplog", write text append

. file write _sl "$step,$dof,$rc,$sec" _n

. file close _sl

. 
. * ---- Table VIII: Excel only (Program/T8_Cost_Estimates/8_Cost_Estimates.xls
> x) ---
. 
. global sec = (clock("`c(current_date)' `c(current_time)'", "DMYhms") - $t_all
> )/1000

. file open _sl using "$steplog", write text append

. file write _sl "TOTAL,,,$sec" _n

. file close _sl

. di as result "run_original.do finished in $sec seconds"
run_original.do finished in 2219 seconds

. 
end of do-file
